========================================
Job: cv_bdosc_k3_s0
Method: BDOSC  k: 3  sigma: 0.0  tune_pool_groups: 20
========================================
host=gl3142.arc-ts.umich.edu  python=/home/lpullela/miniconda3/envs/ssc_559/bin/python  start=Sun Sep  6 18:11:32 EDT 2026
Loading P1E_S1_C1
  Y: (576, 1236)  people=25  frames/person=[60, 61, 50, 48, 51, 35, 41, 56, 55, 49, 65, 50, 63, 38, 61, 48, 50, 49, 50, 30, 42, 60, 32, 39, 53]  min=30
Loading P1E_S1_C2
  Y: (576, 1031)  people=25  frames/person=[42, 48, 31, 35, 50, 45, 30, 32, 38, 40, 61, 41, 47, 33, 46, 36, 41, 45, 42, 36, 33, 50, 53, 33, 43]  min=30
Loading P1E_S1_C3
  Y: (576, 453)  people=25  frames/person=[15, 22, 16, 16, 17, 13, 14, 19, 14, 25, 26, 12, 21, 18, 22, 19, 13, 19, 16, 15, 8, 15, 30, 20, 28]  min=8
  warning: 24 people have fewer than 30 available frames (kept all)
Loading P1E_S2_C1
  Y: (576, 1256)  people=25  frames/person=[65, 50, 50, 51, 53, 48, 49, 60, 33, 48, 61, 58, 52, 32, 55, 35, 45, 53, 40, 53, 51, 65, 64, 42, 43]  min=32
Loading P1E_S2_C2
  Y: (576, 1042)  people=25  frames/person=[33, 48, 38, 41, 53, 36, 39, 47, 51, 36, 55, 44, 43, 25, 42, 41, 37, 45, 41, 38, 40, 54, 49, 33, 33]  min=25
  warning: 1 people have fewer than 30 available frames (kept all)
Loading P1E_S2_C3
  Y: (576, 816)  people=25  frames/person=[36, 33, 28, 32, 42, 37, 31, 36, 31, 23, 42, 36, 35, 20, 33, 33, 32, 32, 32, 29, 32, 42, 38, 27, 24]  min=20
  warning: 6 people have fewer than 30 available frames (kept all)
Loading P1E_S3_C1
  Y: (576, 1255)  people=25  frames/person=[43, 39, 47, 52, 58, 96, 42, 31, 79, 33, 67, 55, 44, 34, 40, 48, 54, 77, 45, 41, 46, 53, 56, 38, 37]  min=31
Loading P1E_S3_C2
  Y: (576, 1126)  people=25  frames/person=[57, 56, 35, 40, 49, 75, 34, 40, 70, 26, 65, 54, 43, 28, 32, 43, 48, 31, 36, 33, 42, 71, 57, 30, 31]  min=26
  warning: 2 people have fewer than 30 available frames (kept all)
Loading P1E_S3_C3
  Y: (576, 866)  people=25  frames/person=[43, 36, 24, 33, 37, 47, 29, 37, 55, 18, 40, 40, 31, 22, 30, 39, 35, 45, 30, 28, 30, 50, 42, 20, 25]  min=18
  warning: 7 people have fewer than 30 available frames (kept all)
Loading P1E_S4_C1
  Y: (576, 1247)  people=25  frames/person=[58, 54, 34, 56, 50, 59, 50, 56, 74, 38, 75, 35, 46, 31, 53, 40, 57, 32, 56, 33, 48, 67, 59, 48, 38]  min=31
Loading P1E_S4_C2
  Y: (576, 1051)  people=25  frames/person=[37, 37, 41, 46, 41, 49, 38, 45, 65, 30, 39, 48, 50, 34, 43, 36, 47, 52, 45, 37, 38, 50, 30, 37, 36]  min=30
Loading P1E_S4_C3
  Y: (576, 719)  people=25  frames/person=[28, 29, 22, 29, 24, 36, 31, 29, 33, 25, 37, 19, 28, 21, 25, 27, 25, 41, 27, 29, 26, 31, 45, 29, 23]  min=19
  warning: 18 people have fewer than 30 available frames (kept all)
Loading P1L_S1_C1
  Y: (576, 1391)  people=25  frames/person=[65, 68, 43, 64, 47, 40, 58, 33, 75, 41, 58, 72, 58, 49, 66, 67, 65, 43, 59, 57, 58, 51, 67, 32, 55]  min=32
Loading P1L_S1_C2
  Y: (576, 1309)  people=25  frames/person=[30, 65, 37, 63, 66, 54, 52, 52, 43, 49, 71, 49, 58, 48, 54, 66, 56, 36, 48, 49, 55, 66, 52, 39, 51]  min=30
Loading P1L_S1_C3
  Y: (576, 565)  people=25  frames/person=[27, 29, 20, 26, 19, 25, 22, 12, 28, 25, 20, 25, 23, 18, 21, 23, 25, 26, 23, 21, 18, 18, 30, 18, 23]  min=12
  warning: 24 people have fewer than 30 available frames (kept all)
Loading P1L_S2_C1
  Y: (576, 1470)  people=25  frames/person=[73, 68, 53, 64, 65, 41, 73, 55, 37, 31, 82, 75, 63, 45, 34, 48, 74, 84, 71, 64, 62, 65, 48, 33, 62]  min=31
Loading P1L_S2_C2
  Y: (576, 1393)  people=25  frames/person=[64, 65, 49, 62, 69, 69, 63, 61, 80, 34, 89, 57, 53, 52, 55, 38, 30, 30, 66, 36, 57, 51, 73, 41, 49]  min=30
Loading P1L_S2_C3
  Y: (576, 897)  people=25  frames/person=[40, 36, 29, 28, 35, 37, 36, 36, 50, 28, 55, 46, 34, 31, 35, 32, 30, 48, 37, 29, 36, 39, 45, 19, 26]  min=19
  warning: 6 people have fewer than 30 available frames (kept all)
Loading P1L_S3_C1
  Y: (576, 1329)  people=25  frames/person=[31, 33, 30, 51, 74, 75, 59, 65, 66, 43, 47, 39, 65, 50, 58, 71, 67, 36, 57, 35, 62, 31, 74, 59, 51]  min=30
Loading P1L_S3_C2
  Y: (576, 1472)  people=25  frames/person=[78, 38, 48, 51, 54, 71, 61, 71, 32, 50, 75, 38, 72, 63, 48, 67, 49, 87, 52, 56, 58, 85, 73, 56, 39]  min=32
Loading P1L_S3_C3
  Y: (576, 1105)  people=25  frames/person=[48, 44, 38, 38, 39, 45, 35, 55, 52, 26, 81, 39, 36, 36, 44, 54, 42, 61, 38, 31, 34, 53, 51, 44, 41]  min=26
  warning: 1 people have fewer than 30 available frames (kept all)
Loading P1L_S4_C1
  Y: (576, 1443)  people=25  frames/person=[50, 69, 44, 41, 78, 43, 32, 71, 45, 65, 59, 39, 56, 57, 68, 69, 70, 73, 51, 63, 47, 70, 57, 52, 74]  min=32
Loading P1L_S4_C2
  Y: (576, 1327)  people=25  frames/person=[71, 34, 39, 54, 63, 67, 52, 39, 52, 56, 59, 50, 51, 53, 63, 50, 71, 63, 48, 35, 31, 71, 43, 52, 60]  min=31
Loading P1L_S4_C3
  Y: (576, 880)  people=25  frames/person=[37, 41, 23, 26, 32, 34, 22, 32, 50, 29, 38, 44, 31, 34, 37, 39, 39, 39, 38, 26, 25, 50, 41, 33, 40]  min=22
  warning: 6 people have fewer than 30 available frames (kept all)
sequences=24  people=25  k=3
frames/person ~ Unif[30, 100]
down_hw=24  sigmas=(0.0,)  n_trials=20  known_k=True  csv=split_k3_clean_min30_trials20_knownk_scaled_cv_bdosc_k3_sigma0.csv
SSC-Block-TV block_size searched in [2, 12]
CV mode: 8 folds of size 3, each rotated as test
  1 people unused (remainder dropped)
  group 0: ['0006', '0013', '0022']
  group 1: ['0004', '0014', '0027']
  group 2: ['0009', '0019', '0026']
  group 3: ['0005', '0024', '0025']
  group 4: ['0001', '0011', '0023']
  group 5: ['0015', '0016', '0021']
  group 6: ['0007', '0010', '0020']
  group 7: ['0003', '0012', '0017']
methods=['BDOSC']  append=False  hetero_noise=False  no_tune=False
  tune_pool_groups=20: sampling from 22 held-in people (overlap allowed) instead of the 7 fixed partition group(s)

============================================================
σ=0.0 fold=0  test=['0006', '0013', '0022']  train mats=168  test mats=24  tune mats=480
  BDOSC: skip tuning, fixed lambda_1=0.2, lambda_2=1, gamma_1=0.01, p=1.1, max_iter=50
  wrote /nfs/turbo/umms-minjilab/lpullela/icassp_ssc_tv2/block_ssc_benchmark/cv/params/surveillance/split_k3_clean_min30_trials20_knownk_scaled_params_cv_bdosc_k3_sigma0_sigma0_fold0.json

=== P1E_S1_C1 train[0] k=3  dim=576  frames=153  σ=0.0  fold=0 ===
  BDOSC: k_hat=3  ACC=0.9216  NMI=0.7943  ARI=0.7911  6.4s

=== P1E_S1_C1 train[1] k=3  dim=576  frames=130  σ=0.0  fold=0 ===
  BDOSC: k_hat=3  ACC=0.9385  NMI=0.8158  ARI=0.8190  1.1s

=== P1E_S1_C1 train[2] k=3  dim=576  frames=140  σ=0.0  fold=0 ===
  BDOSC: k_hat=3  ACC=0.8286  NMI=0.6663  ARI=0.5478  1.4s

=== P1E_S1_C1 train[3] k=3  dim=576  frames=157  σ=0.0  fold=0 ===
  BDOSC: k_hat=3  ACC=0.8471  NMI=0.7327  ARI=0.6164  2.5s

=== P1E_S1_C1 train[4] k=3  dim=576  frames=151  σ=0.0  fold=0 ===
  BDOSC: k_hat=3  ACC=0.6026  NMI=0.6374  ARI=0.4646  1.4s

=== P1E_S1_C1 train[5] k=3  dim=576  frames=140  σ=0.0  fold=0 ===
  BDOSC: k_hat=3  ACC=0.8786  NMI=0.7219  ARI=0.6635  1.2s

=== P1E_S1_C1 train[6] k=3  dim=576  frames=171  σ=0.0  fold=0 ===
  BDOSC: k_hat=3  ACC=0.9708  NMI=0.8960  ARI=0.9182  1.8s

=== P1E_S1_C2 train[0] k=3  dim=576  frames=115  σ=0.0  fold=0 ===
  BDOSC: k_hat=3  ACC=0.8783  NMI=0.7000  ARI=0.6792  0.8s

=== P1E_S1_C2 train[1] k=3  dim=576  frames=104  σ=0.0  fold=0 ===
  BDOSC: k_hat=3  ACC=0.9038  NMI=0.7552  ARI=0.7267  0.7s

=== P1E_S1_C2 train[2] k=3  dim=576  frames=138  σ=0.0  fold=0 ===
  BDOSC: k_hat=3  ACC=0.9420  NMI=0.8271  ARI=0.8204  1.1s

=== P1E_S1_C2 train[3] k=3  dim=576  frames=113  σ=0.0  fold=0 ===
  BDOSC: k_hat=3  ACC=0.9292  NMI=0.8307  ARI=0.7951  0.8s

=== P1E_S1_C2 train[4] k=3  dim=576  frames=122  σ=0.0  fold=0 ===
  BDOSC: k_hat=3  ACC=0.5492  NMI=0.6292  ARI=0.4500  0.9s

=== P1E_S1_C2 train[5] k=3  dim=576  frames=122  σ=0.0  fold=0 ===
  BDOSC: k_hat=3  ACC=0.9344  NMI=0.8457  ARI=0.8316  0.9s

=== P1E_S1_C2 train[6] k=3  dim=576  frames=134  σ=0.0  fold=0 ===
  BDOSC: k_hat=3  ACC=1.0000  NMI=1.0000  ARI=1.0000  1.1s

=== P1E_S1_C3 train[0] k=3  dim=576  frames=56  σ=0.0  fold=0 ===
  BDOSC: k_hat=3  ACC=0.9643  NMI=0.8700  ARI=0.9057  0.2s

=== P1E_S1_C3 train[1] k=3  dim=576  frames=47  σ=0.0  fold=0 ===
  BDOSC: k_hat=3  ACC=0.9362  NMI=0.8516  ARI=0.8505  0.2s

=== P1E_S1_C3 train[2] k=3  dim=576  frames=61  σ=0.0  fold=0 ===
  BDOSC: k_hat=3  ACC=0.8852  NMI=0.7346  ARI=0.7554  0.3s

=== P1E_S1_C3 train[3] k=3  dim=576  frames=37  σ=0.0  fold=0 ===
  BDOSC: k_hat=3  ACC=1.0000  NMI=1.0000  ARI=1.0000  0.2s

=== P1E_S1_C3 train[4] k=3  dim=576  frames=55  σ=0.0  fold=0 ===
  BDOSC: k_hat=3  ACC=0.9273  NMI=0.7991  ARI=0.8034  0.2s

=== P1E_S1_C3 train[5] k=3  dim=576  frames=51  σ=0.0  fold=0 ===
  BDOSC: k_hat=3  ACC=0.9020  NMI=0.7422  ARI=0.7266  0.2s

=== P1E_S1_C3 train[6] k=3  dim=576  frames=69  σ=0.0  fold=0 ===
  BDOSC: k_hat=3  ACC=0.9565  NMI=0.8541  ARI=0.8698  0.3s

=== P1E_S2_C1 train[0] k=3  dim=576  frames=151  σ=0.0  fold=0 ===
  BDOSC: k_hat=3  ACC=0.9669  NMI=0.8846  ARI=0.9022  1.4s

=== P1E_S2_C1 train[1] k=3  dim=576  frames=136  σ=0.0  fold=0 ===
  BDOSC: k_hat=3  ACC=0.8456  NMI=0.7540  ARI=0.6723  1.1s

=== P1E_S2_C1 train[2] k=3  dim=576  frames=180  σ=0.0  fold=0 ===
  BDOSC: k_hat=3  ACC=0.9889  NMI=0.9557  ARI=0.9681  1.9s

=== P1E_S2_C1 train[3] k=3  dim=576  frames=149  σ=0.0  fold=0 ===
  BDOSC: k_hat=3  ACC=1.0000  NMI=1.0000  ARI=1.0000  1.3s

=== P1E_S2_C1 train[4] k=3  dim=576  frames=124  σ=0.0  fold=0 ===
  BDOSC: k_hat=3  ACC=0.5968  NMI=0.5939  ARI=0.4449  0.9s

=== P1E_S2_C1 train[5] k=3  dim=576  frames=161  σ=0.0  fold=0 ===
  BDOSC: k_hat=3  ACC=0.6770  NMI=0.5211  ARI=0.3772  1.5s

=== P1E_S2_C1 train[6] k=3  dim=576  frames=153  σ=0.0  fold=0 ===
  BDOSC: k_hat=3  ACC=0.9216  NMI=0.8270  ARI=0.8015  1.4s

=== P1E_S2_C2 train[0] k=3  dim=576  frames=115  σ=0.0  fold=0 ===
  BDOSC: k_hat=3  ACC=0.9217  NMI=0.7839  ARI=0.7732  0.8s

=== P1E_S2_C2 train[1] k=3  dim=576  frames=109  σ=0.0  fold=0 ===
  BDOSC: k_hat=3  ACC=0.9725  NMI=0.9131  ARI=0.9228  0.7s

=== P1E_S2_C2 train[2] k=3  dim=576  frames=144  σ=0.0  fold=0 ===
  BDOSC: k_hat=3  ACC=0.9583  NMI=0.8796  ARI=0.8733  1.2s

=== P1E_S2_C2 train[3] k=3  dim=576  frames=124  σ=0.0  fold=0 ===
  BDOSC: k_hat=3  ACC=0.9435  NMI=0.8498  ARI=0.8299  0.9s

=== P1E_S2_C2 train[4] k=3  dim=576  frames=109  σ=0.0  fold=0 ===
  BDOSC: k_hat=3  ACC=0.9266  NMI=0.8366  ARI=0.8239  0.7s

=== P1E_S2_C2 train[5] k=3  dim=576  frames=128  σ=0.0  fold=0 ===
  BDOSC: k_hat=3  ACC=0.7422  NMI=0.5527  ARI=0.4306  1.1s

=== P1E_S2_C2 train[6] k=3  dim=576  frames=126  σ=0.0  fold=0 ===
  BDOSC: k_hat=3  ACC=0.5476  NMI=0.5716  ARI=0.4215  0.9s

=== P1E_S2_C3 train[0] k=3  dim=576  frames=88  σ=0.0  fold=0 ===
  BDOSC: k_hat=3  ACC=0.9545  NMI=0.8421  ARI=0.8584  0.5s

=== P1E_S2_C3 train[1] k=3  dim=576  frames=90  σ=0.0  fold=0 ===
  BDOSC: k_hat=3  ACC=0.9444  NMI=0.8320  ARI=0.8392  0.5s

=== P1E_S2_C3 train[2] k=3  dim=576  frames=112  σ=0.0  fold=0 ===
  BDOSC: k_hat=3  ACC=0.8571  NMI=0.7287  ARI=0.6591  0.7s

=== P1E_S2_C3 train[3] k=3  dim=576  frames=99  σ=0.0  fold=0 ===
  BDOSC: k_hat=3  ACC=0.9697  NMI=0.9056  ARI=0.9106  0.6s

=== P1E_S2_C3 train[4] k=3  dim=576  frames=87  σ=0.0  fold=0 ===
  BDOSC: k_hat=3  ACC=0.8966  NMI=0.7369  ARI=0.7243  0.5s

=== P1E_S2_C3 train[5] k=3  dim=576  frames=105  σ=0.0  fold=0 ===
  BDOSC: k_hat=3  ACC=0.9905  NMI=0.9607  ARI=0.9722  0.7s

=== P1E_S2_C3 train[6] k=3  dim=576  frames=89  σ=0.0  fold=0 ===
  BDOSC: k_hat=3  ACC=0.9775  NMI=0.9248  ARI=0.9383  0.5s

=== P1E_S3_C1 train[0] k=3  dim=576  frames=139  σ=0.0  fold=0 ===
  BDOSC: k_hat=3  ACC=0.7266  NMI=0.6687  ARI=0.5342  1.2s

=== P1E_S3_C1 train[1] k=3  dim=576  frames=134  σ=0.0  fold=0 ===
  BDOSC: k_hat=3  ACC=0.8134  NMI=0.7133  ARI=0.5653  1.1s

=== P1E_S3_C1 train[2] k=3  dim=576  frames=161  σ=0.0  fold=0 ===
  BDOSC: k_hat=3  ACC=0.6149  NMI=0.3772  ARI=0.1803  1.5s

=== P1E_S3_C1 train[3] k=3  dim=576  frames=168  σ=0.0  fold=0 ===
  BDOSC: k_hat=3  ACC=0.8750  NMI=0.7257  ARI=0.6598  1.7s

=== P1E_S3_C1 train[4] k=3  dim=576  frames=123  σ=0.0  fold=0 ===
  BDOSC: k_hat=3  ACC=0.9106  NMI=0.7905  ARI=0.7756  1.0s

=== P1E_S3_C1 train[5] k=3  dim=576  frames=204  σ=0.0  fold=0 ===
  BDOSC: k_hat=3  ACC=0.5392  NMI=0.3668  ARI=0.1362  2.6s

=== P1E_S3_C1 train[6] k=3  dim=576  frames=112  σ=0.0  fold=0 ===
  BDOSC: k_hat=3  ACC=1.0000  NMI=1.0000  ARI=1.0000  0.8s

=== P1E_S3_C2 train[0] k=3  dim=576  frames=120  σ=0.0  fold=0 ===
  BDOSC: k_hat=3  ACC=0.8417  NMI=0.6499  ARI=0.5746  0.9s

=== P1E_S3_C2 train[1] k=3  dim=576  frames=112  σ=0.0  fold=0 ===
  BDOSC: k_hat=3  ACC=0.9196  NMI=0.7893  ARI=0.7621  0.8s

=== P1E_S3_C2 train[2] k=3  dim=576  frames=168  σ=0.0  fold=0 ===
  BDOSC: k_hat=3  ACC=0.9226  NMI=0.7804  ARI=0.7810  1.7s

=== P1E_S3_C2 train[3] k=3  dim=576  frames=169  σ=0.0  fold=0 ===
  BDOSC: k_hat=3  ACC=0.7692  NMI=0.6751  ARI=0.4891  1.7s

=== P1E_S3_C2 train[4] k=3  dim=576  frames=107  σ=0.0  fold=0 ===
  BDOSC: k_hat=3  ACC=0.5888  NMI=0.6662  ARI=0.4710  0.7s

=== P1E_S3_C2 train[5] k=3  dim=576  frames=146  σ=0.0  fold=0 ===
  BDOSC: k_hat=3  ACC=0.9726  NMI=0.9028  ARI=0.9116  1.3s

=== P1E_S3_C2 train[6] k=3  dim=576  frames=114  σ=0.0  fold=0 ===
  BDOSC: k_hat=3  ACC=0.9298  NMI=0.8460  ARI=0.8665  0.8s

=== P1E_S3_C3 train[0] k=3  dim=576  frames=89  σ=0.0  fold=0 ===
  BDOSC: k_hat=3  ACC=0.9888  NMI=0.9533  ARI=0.9646  0.5s

=== P1E_S3_C3 train[1] k=3  dim=576  frames=84  σ=0.0  fold=0 ===
  BDOSC: k_hat=3  ACC=0.9762  NMI=0.9165  ARI=0.9208  0.5s

=== P1E_S3_C3 train[2] k=3  dim=576  frames=125  σ=0.0  fold=0 ===
  BDOSC: k_hat=3  ACC=0.8800  NMI=0.7376  ARI=0.6737  0.9s

=== P1E_S3_C3 train[3] k=3  dim=576  frames=128  σ=0.0  fold=0 ===
  BDOSC: k_hat=3  ACC=0.7344  NMI=0.6459  ARI=0.5126  1.1s

=== P1E_S3_C3 train[4] k=3  dim=576  frames=83  σ=0.0  fold=0 ===
  BDOSC: k_hat=3  ACC=0.9639  NMI=0.8955  ARI=0.9023  0.5s

=== P1E_S3_C3 train[5] k=3  dim=576  frames=129  σ=0.0  fold=0 ===
  BDOSC: k_hat=3  ACC=0.9845  NMI=0.9427  ARI=0.9553  1.0s

=== P1E_S3_C3 train[6] k=3  dim=576  frames=84  σ=0.0  fold=0 ===
  BDOSC: k_hat=3  ACC=0.9762  NMI=0.9062  ARI=0.9376  0.5s

=== P1E_S4_C1 train[0] k=3  dim=576  frames=107  σ=0.0  fold=0 ===
  BDOSC: k_hat=3  ACC=0.8505  NMI=0.6682  ARI=0.6239  0.7s

=== P1E_S4_C1 train[1] k=3  dim=576  frames=155  σ=0.0  fold=0 ===
  BDOSC: k_hat=3  ACC=0.7355  NMI=0.5860  ARI=0.4658  1.4s

=== P1E_S4_C1 train[2] k=3  dim=576  frames=182  σ=0.0  fold=0 ===
  BDOSC: k_hat=3  ACC=0.7692  NMI=0.5910  ARI=0.4870  1.9s

=== P1E_S4_C1 train[3] k=3  dim=576  frames=180  σ=0.0  fold=0 ===
  BDOSC: k_hat=3  ACC=0.8833  NMI=0.7790  ARI=0.7054  1.9s

=== P1E_S4_C1 train[4] k=3  dim=576  frames=133  σ=0.0  fold=0 ===
  BDOSC: k_hat=3  ACC=0.7970  NMI=0.6172  ARI=0.5119  1.0s

=== P1E_S4_C1 train[5] k=3  dim=576  frames=147  σ=0.0  fold=0 ===
  BDOSC: k_hat=3  ACC=0.7279  NMI=0.5877  ARI=0.4879  1.3s

=== P1E_S4_C1 train[6] k=3  dim=576  frames=145  σ=0.0  fold=0 ===
  BDOSC: k_hat=3  ACC=0.9931  NMI=0.9695  ARI=0.9805  1.2s

=== P1E_S4_C2 train[0] k=3  dim=576  frames=125  σ=0.0  fold=0 ===
  BDOSC: k_hat=3  ACC=0.9040  NMI=0.7595  ARI=0.7293  0.9s

=== P1E_S4_C2 train[1] k=3  dim=576  frames=122  σ=0.0  fold=0 ===
  BDOSC: k_hat=3  ACC=0.9426  NMI=0.8538  ARI=0.8350  0.9s

=== P1E_S4_C2 train[2] k=3  dim=576  frames=126  σ=0.0  fold=0 ===
  BDOSC: k_hat=3  ACC=0.9841  NMI=0.9299  ARI=0.9511  0.9s

=== P1E_S4_C2 train[3] k=3  dim=576  frames=140  σ=0.0  fold=0 ===
  BDOSC: k_hat=3  ACC=0.9857  NMI=0.9434  ARI=0.9545  1.2s

=== P1E_S4_C2 train[4] k=3  dim=576  frames=129  σ=0.0  fold=0 ===
  BDOSC: k_hat=3  ACC=0.5659  NMI=0.6611  ARI=0.4614  1.0s

=== P1E_S4_C2 train[5] k=3  dim=576  frames=146  σ=0.0  fold=0 ===
  BDOSC: k_hat=3  ACC=0.9110  NMI=0.7538  ARI=0.7446  1.3s

=== P1E_S4_C2 train[6] k=3  dim=576  frames=110  σ=0.0  fold=0 ===
  BDOSC: k_hat=3  ACC=0.9727  NMI=0.8980  ARI=0.9254  0.7s

=== P1E_S4_C3 train[0] k=3  dim=576  frames=64  σ=0.0  fold=0 ===
  BDOSC: k_hat=3  ACC=0.8438  NMI=0.6740  ARI=0.6011  0.3s

=== P1E_S4_C3 train[1] k=3  dim=576  frames=85  σ=0.0  fold=0 ===
  BDOSC: k_hat=3  ACC=0.9529  NMI=0.8505  ARI=0.8670  0.5s

=== P1E_S4_C3 train[2] k=3  dim=576  frames=105  σ=0.0  fold=0 ===
  BDOSC: k_hat=3  ACC=0.5238  NMI=0.5754  ARI=0.4130  0.7s

=== P1E_S4_C3 train[3] k=3  dim=576  frames=87  σ=0.0  fold=0 ===
  BDOSC: k_hat=3  ACC=0.9425  NMI=0.8287  ARI=0.8325  0.5s

=== P1E_S4_C3 train[4] k=3  dim=576  frames=76  σ=0.0  fold=0 ===
  BDOSC: k_hat=3  ACC=0.8947  NMI=0.7972  ARI=0.7470  0.4s

=== P1E_S4_C3 train[5] k=3  dim=576  frames=106  σ=0.0  fold=0 ===
  BDOSC: k_hat=3  ACC=0.9057  NMI=0.7581  ARI=0.7542  0.7s

=== P1E_S4_C3 train[6] k=3  dim=576  frames=79  σ=0.0  fold=0 ===
  BDOSC: k_hat=3  ACC=0.9873  NMI=0.9504  ARI=0.9609  0.4s

=== P1L_S1_C1 train[0] k=3  dim=576  frames=170  σ=0.0  fold=0 ===
  BDOSC: k_hat=3  ACC=0.8294  NMI=0.6934  ARI=0.5658  1.7s

=== P1L_S1_C1 train[1] k=3  dim=576  frames=155  σ=0.0  fold=0 ===
  BDOSC: k_hat=3  ACC=0.6710  NMI=0.5078  ARI=0.3505  1.4s

=== P1L_S1_C1 train[2] k=3  dim=576  frames=182  σ=0.0  fold=0 ===
  BDOSC: k_hat=3  ACC=0.7967  NMI=0.5874  ARI=0.4809  1.9s

=== P1L_S1_C1 train[3] k=3  dim=576  frames=198  σ=0.0  fold=0 ===
  BDOSC: k_hat=3  ACC=0.8182  NMI=0.6194  ARI=0.5546  2.3s

=== P1L_S1_C1 train[4] k=3  dim=576  frames=166  σ=0.0  fold=0 ===
  BDOSC: k_hat=3  ACC=0.6024  NMI=0.6091  ARI=0.4521  1.7s

=== P1L_S1_C1 train[5] k=3  dim=576  frames=116  σ=0.0  fold=0 ===
  BDOSC: k_hat=3  ACC=0.9310  NMI=0.8178  ARI=0.8208  0.8s

=== P1L_S1_C1 train[6] k=3  dim=576  frames=175  σ=0.0  fold=0 ===
  BDOSC: k_hat=3  ACC=0.5429  NMI=0.3496  ARI=0.1689  1.8s

=== P1L_S1_C2 train[0] k=3  dim=576  frames=137  σ=0.0  fold=0 ===
  BDOSC: k_hat=3  ACC=0.9927  NMI=0.9671  ARI=0.9761  1.1s

=== P1L_S1_C2 train[1] k=3  dim=576  frames=147  σ=0.0  fold=0 ===
  BDOSC: k_hat=3  ACC=0.8367  NMI=0.7209  ARI=0.6406  1.3s

=== P1L_S1_C2 train[2] k=3  dim=576  frames=181  σ=0.0  fold=0 ===
  BDOSC: k_hat=3  ACC=0.9945  NMI=0.9739  ARI=0.9823  1.9s

=== P1L_S1_C2 train[3] k=3  dim=576  frames=128  σ=0.0  fold=0 ===
  BDOSC: k_hat=3  ACC=0.9531  NMI=0.8778  ARI=0.8905  1.1s

=== P1L_S1_C2 train[4] k=3  dim=576  frames=154  σ=0.0  fold=0 ===
  BDOSC: k_hat=3  ACC=0.8182  NMI=0.7244  ARI=0.5951  1.4s

=== P1L_S1_C2 train[5] k=3  dim=576  frames=142  σ=0.0  fold=0 ===
  BDOSC: k_hat=3  ACC=0.8873  NMI=0.7696  ARI=0.6838  1.2s

=== P1L_S1_C2 train[6] k=3  dim=576  frames=168  σ=0.0  fold=0 ===
  BDOSC: k_hat=3  ACC=0.6190  NMI=0.5576  ARI=0.4286  1.6s

=== P1L_S1_C3 train[0] k=3  dim=576  frames=68  σ=0.0  fold=0 ===
  BDOSC: k_hat=3  ACC=1.0000  NMI=1.0000  ARI=1.0000  0.3s

=== P1L_S1_C3 train[1] k=3  dim=576  frames=65  σ=0.0  fold=0 ===
  BDOSC: k_hat=3  ACC=0.9077  NMI=0.8065  ARI=0.7650  0.3s

=== P1L_S1_C3 train[2] k=3  dim=576  frames=74  σ=0.0  fold=0 ===
  BDOSC: k_hat=3  ACC=0.8514  NMI=0.6640  ARI=0.6046  0.3s

=== P1L_S1_C3 train[3] k=3  dim=576  frames=73  σ=0.0  fold=0 ===
  BDOSC: k_hat=3  ACC=0.8493  NMI=0.6574  ARI=0.5984  0.3s

=== P1L_S1_C3 train[4] k=3  dim=576  frames=64  σ=0.0  fold=0 ===
  BDOSC: k_hat=3  ACC=0.8281  NMI=0.6977  ARI=0.6235  0.3s

=== P1L_S1_C3 train[5] k=3  dim=576  frames=63  σ=0.0  fold=0 ===
  BDOSC: k_hat=3  ACC=0.6984  NMI=0.6872  ARI=0.5377  0.3s

=== P1L_S1_C3 train[6] k=3  dim=576  frames=75  σ=0.0  fold=0 ===
  BDOSC: k_hat=3  ACC=1.0000  NMI=1.0000  ARI=1.0000  0.3s

=== P1L_S2_C1 train[0] k=3  dim=576  frames=190  σ=0.0  fold=0 ===
  BDOSC: k_hat=3  ACC=0.6579  NMI=0.4910  ARI=0.3488  2.1s

=== P1L_S2_C1 train[1] k=3  dim=576  frames=180  σ=0.0  fold=0 ===
  BDOSC: k_hat=3  ACC=0.9167  NMI=0.7729  ARI=0.7854  1.9s

=== P1L_S2_C1 train[2] k=3  dim=576  frames=177  σ=0.0  fold=0 ===
  BDOSC: k_hat=3  ACC=0.8079  NMI=0.6702  ARI=0.5508  1.8s

=== P1L_S2_C1 train[3] k=3  dim=576  frames=172  σ=0.0  fold=0 ===
  BDOSC: k_hat=3  ACC=0.9477  NMI=0.8648  ARI=0.8631  1.7s

=== P1L_S2_C1 train[4] k=3  dim=576  frames=179  σ=0.0  fold=0 ===
  BDOSC: k_hat=3  ACC=0.9777  NMI=0.9244  ARI=0.9377  1.8s

=== P1L_S2_C1 train[5] k=3  dim=576  frames=180  σ=0.0  fold=0 ===
  BDOSC: k_hat=3  ACC=0.7167  NMI=0.5321  ARI=0.4633  1.9s

=== P1L_S2_C1 train[6] k=3  dim=576  frames=133  σ=0.0  fold=0 ===
  BDOSC: k_hat=3  ACC=0.9774  NMI=0.9260  ARI=0.9549  1.1s

=== P1L_S2_C2 train[0] k=3  dim=576  frames=155  σ=0.0  fold=0 ===
  BDOSC: k_hat=3  ACC=0.8258  NMI=0.6543  ARI=0.5677  1.4s

=== P1L_S2_C2 train[1] k=3  dim=576  frames=134  σ=0.0  fold=0 ===
  BDOSC: k_hat=3  ACC=0.9776  NMI=0.9103  ARI=0.9389  1.1s

=== P1L_S2_C2 train[2] k=3  dim=576  frames=186  σ=0.0  fold=0 ===
  BDOSC: k_hat=3  ACC=0.9731  NMI=0.9132  ARI=0.9230  2.1s

=== P1L_S2_C2 train[3] k=3  dim=576  frames=201  σ=0.0  fold=0 ===
  BDOSC: k_hat=3  ACC=0.7960  NMI=0.6508  ARI=0.5443  2.4s

=== P1L_S2_C2 train[4] k=3  dim=576  frames=171  σ=0.0  fold=0 ===
  BDOSC: k_hat=3  ACC=0.9474  NMI=0.8495  ARI=0.8635  1.8s

=== P1L_S2_C2 train[5] k=3  dim=576  frames=160  σ=0.0  fold=0 ===
  BDOSC: k_hat=3  ACC=0.9062  NMI=0.7778  ARI=0.7080  1.6s

=== P1L_S2_C2 train[6] k=3  dim=576  frames=154  σ=0.0  fold=0 ===
  BDOSC: k_hat=3  ACC=0.5974  NMI=0.5835  ARI=0.4611  1.4s

=== P1L_S2_C3 train[0] k=3  dim=576  frames=101  σ=0.0  fold=0 ===
  BDOSC: k_hat=3  ACC=0.9802  NMI=0.9146  ARI=0.9368  0.6s

=== P1L_S2_C3 train[1] k=3  dim=576  frames=85  σ=0.0  fold=0 ===
  BDOSC: k_hat=3  ACC=0.9529  NMI=0.8764  ARI=0.8899  0.5s

=== P1L_S2_C3 train[2] k=3  dim=576  frames=112  σ=0.0  fold=0 ===
  BDOSC: k_hat=3  ACC=0.9911  NMI=0.9629  ARI=0.9763  0.8s

=== P1L_S2_C3 train[3] k=3  dim=576  frames=126  σ=0.0  fold=0 ===
  BDOSC: k_hat=3  ACC=0.8413  NMI=0.7417  ARI=0.6278  0.9s

=== P1L_S2_C3 train[4] k=3  dim=576  frames=102  σ=0.0  fold=0 ===
  BDOSC: k_hat=3  ACC=0.9902  NMI=0.9599  ARI=0.9718  0.7s

=== P1L_S2_C3 train[5] k=3  dim=576  frames=121  σ=0.0  fold=0 ===
  BDOSC: k_hat=3  ACC=0.9917  NMI=0.9651  ARI=0.9777  0.9s

=== P1L_S2_C3 train[6] k=3  dim=576  frames=99  σ=0.0  fold=0 ===
  BDOSC: k_hat=3  ACC=0.9899  NMI=0.9589  ARI=0.9711  0.6s

=== P1L_S3_C1 train[0] k=3  dim=576  frames=120  σ=0.0  fold=0 ===
  BDOSC: k_hat=3  ACC=0.8083  NMI=0.6046  ARI=0.4835  0.9s

=== P1L_S3_C1 train[1] k=3  dim=576  frames=185  σ=0.0  fold=0 ===
  BDOSC: k_hat=3  ACC=0.9784  NMI=0.9150  ARI=0.9348  2.0s

=== P1L_S3_C1 train[2] k=3  dim=576  frames=156  σ=0.0  fold=0 ===
  BDOSC: k_hat=3  ACC=0.7308  NMI=0.5146  ARI=0.3704  1.5s

=== P1L_S3_C1 train[3] k=3  dim=576  frames=159  σ=0.0  fold=0 ===
  BDOSC: k_hat=3  ACC=0.7925  NMI=0.5858  ARI=0.4515  1.5s

=== P1L_S3_C1 train[4] k=3  dim=576  frames=172  σ=0.0  fold=0 ===
  BDOSC: k_hat=3  ACC=0.6163  NMI=0.3783  ARI=0.1567  1.8s

=== P1L_S3_C1 train[5] k=3  dim=576  frames=176  σ=0.0  fold=0 ===
  BDOSC: k_hat=3  ACC=0.5739  NMI=0.4348  ARI=0.2552  1.8s

=== P1L_S3_C1 train[6] k=3  dim=576  frames=134  σ=0.0  fold=0 ===
  BDOSC: k_hat=3  ACC=0.8881  NMI=0.7174  ARI=0.7009  1.1s

=== P1L_S3_C2 train[0] k=3  dim=576  frames=125  σ=0.0  fold=0 ===
  BDOSC: k_hat=3  ACC=0.6400  NMI=0.3999  ARI=0.1857  1.0s

=== P1L_S3_C2 train[1] k=3  dim=576  frames=166  σ=0.0  fold=0 ===
  BDOSC: k_hat=3  ACC=0.8855  NMI=0.7624  ARI=0.7212  1.7s

=== P1L_S3_C2 train[2] k=3  dim=576  frames=209  σ=0.0  fold=0 ===
  BDOSC: k_hat=3  ACC=0.5550  NMI=0.5268  ARI=0.3774  2.6s

=== P1L_S3_C2 train[3] k=3  dim=576  frames=168  σ=0.0  fold=0 ===
  BDOSC: k_hat=3  ACC=0.8214  NMI=0.7601  ARI=0.7253  1.6s

=== P1L_S3_C2 train[4] k=3  dim=576  frames=187  σ=0.0  fold=0 ===
  BDOSC: k_hat=3  ACC=0.5508  NMI=0.5027  ARI=0.3515  2.1s

=== P1L_S3_C2 train[5] k=3  dim=576  frames=229  σ=0.0  fold=0 ===
  BDOSC: k_hat=3  ACC=0.5022  NMI=0.5233  ARI=0.3438  3.2s

=== P1L_S3_C2 train[6] k=3  dim=576  frames=136  σ=0.0  fold=0 ===
  BDOSC: k_hat=3  ACC=0.7279  NMI=0.4698  ARI=0.3100  1.1s

=== P1L_S3_C3 train[0] k=3  dim=576  frames=118  σ=0.0  fold=0 ===
  BDOSC: k_hat=3  ACC=0.8644  NMI=0.7607  ARI=0.6741  0.8s

=== P1L_S3_C3 train[1] k=3  dim=576  frames=121  σ=0.0  fold=0 ===
  BDOSC: k_hat=3  ACC=0.8926  NMI=0.7397  ARI=0.6943  0.9s

=== P1L_S3_C3 train[2] k=3  dim=576  frames=142  σ=0.0  fold=0 ===
  BDOSC: k_hat=3  ACC=0.9789  NMI=0.9140  ARI=0.9345  1.2s

=== P1L_S3_C3 train[3] k=3  dim=576  frames=134  σ=0.0  fold=0 ===
  BDOSC: k_hat=3  ACC=0.9478  NMI=0.8644  ARI=0.8633  1.1s

=== P1L_S3_C3 train[4] k=3  dim=576  frames=110  σ=0.0  fold=0 ===
  BDOSC: k_hat=3  ACC=0.9636  NMI=0.8932  ARI=0.8941  0.8s

=== P1L_S3_C3 train[5] k=3  dim=576  frames=161  σ=0.0  fold=0 ===
  BDOSC: k_hat=3  ACC=0.7888  NMI=0.6753  ARI=0.5967  1.5s

=== P1L_S3_C3 train[6] k=3  dim=576  frames=114  σ=0.0  fold=0 ===
  BDOSC: k_hat=3  ACC=0.6754  NMI=0.5200  ARI=0.3724  0.8s

=== P1L_S4_C1 train[0] k=3  dim=576  frames=157  σ=0.0  fold=0 ===
  BDOSC: k_hat=3  ACC=0.7325  NMI=0.6731  ARI=0.4782  1.5s

=== P1L_S4_C1 train[1] k=3  dim=576  frames=154  σ=0.0  fold=0 ===
  BDOSC: k_hat=3  ACC=0.7922  NMI=0.5979  ARI=0.4749  1.4s

=== P1L_S4_C1 train[2] k=3  dim=576  frames=168  σ=0.0  fold=0 ===
  BDOSC: k_hat=3  ACC=0.8095  NMI=0.6082  ARI=0.5160  1.7s

=== P1L_S4_C1 train[3] k=3  dim=576  frames=142  σ=0.0  fold=0 ===
  BDOSC: k_hat=3  ACC=0.7817  NMI=0.5648  ARI=0.4434  1.2s

=== P1L_S4_C1 train[4] k=3  dim=576  frames=164  σ=0.0  fold=0 ===
  BDOSC: k_hat=3  ACC=0.8598  NMI=0.7355  ARI=0.6694  1.6s

=== P1L_S4_C1 train[5] k=3  dim=576  frames=187  σ=0.0  fold=0 ===
  BDOSC: k_hat=3  ACC=0.8556  NMI=0.6983  ARI=0.6103  2.1s

=== P1L_S4_C1 train[6] k=3  dim=576  frames=202  σ=0.0  fold=0 ===
  BDOSC: k_hat=3  ACC=0.8911  NMI=0.7232  ARI=0.6948  2.5s

=== P1L_S4_C2 train[0] k=3  dim=576  frames=149  σ=0.0  fold=0 ===
  BDOSC: k_hat=3  ACC=0.9396  NMI=0.8216  ARI=0.8386  1.4s

=== P1L_S4_C2 train[1] k=3  dim=576  frames=175  σ=0.0  fold=0 ===
  BDOSC: k_hat=3  ACC=1.0000  NMI=1.0000  ARI=1.0000  1.8s

=== P1L_S4_C2 train[2] k=3  dim=576  frames=168  σ=0.0  fold=0 ===
  BDOSC: k_hat=3  ACC=0.9226  NMI=0.8224  ARI=0.7978  1.6s

=== P1L_S4_C2 train[3] k=3  dim=576  frames=154  σ=0.0  fold=0 ===
  BDOSC: k_hat=3  ACC=0.8377  NMI=0.6997  ARI=0.5739  1.4s

=== P1L_S4_C2 train[4] k=3  dim=576  frames=152  σ=0.0  fold=0 ===
  BDOSC: k_hat=3  ACC=0.8224  NMI=0.6469  ARI=0.5752  1.5s

=== P1L_S4_C2 train[5] k=3  dim=576  frames=169  σ=0.0  fold=0 ===
  BDOSC: k_hat=3  ACC=0.7870  NMI=0.7250  ARI=0.6129  1.8s

=== P1L_S4_C2 train[6] k=3  dim=576  frames=153  σ=0.0  fold=0 ===
  BDOSC: k_hat=3  ACC=0.6536  NMI=0.5149  ARI=0.3620  1.4s

=== P1L_S4_C3 train[0] k=3  dim=576  frames=107  σ=0.0  fold=0 ===
  BDOSC: k_hat=3  ACC=0.8318  NMI=0.7021  ARI=0.5594  0.7s

=== P1L_S4_C3 train[1] k=3  dim=576  frames=94  σ=0.0  fold=0 ===
  BDOSC: k_hat=3  ACC=0.8085  NMI=0.7291  ARI=0.6083  0.6s

=== P1L_S4_C3 train[2] k=3  dim=576  frames=117  σ=0.0  fold=0 ===
  BDOSC: k_hat=3  ACC=0.9060  NMI=0.7862  ARI=0.7153  0.8s

=== P1L_S4_C3 train[3] k=3  dim=576  frames=112  σ=0.0  fold=0 ===
  BDOSC: k_hat=3  ACC=0.8036  NMI=0.6883  ARI=0.5741  0.8s

=== P1L_S4_C3 train[4] k=3  dim=576  frames=103  σ=0.0  fold=0 ===
  BDOSC: k_hat=3  ACC=0.9223  NMI=0.8288  ARI=0.8059  0.7s

=== P1L_S4_C3 train[5] k=3  dim=576  frames=105  σ=0.0  fold=0 ===
  BDOSC: k_hat=3  ACC=0.5143  NMI=0.5244  ARI=0.3419  0.7s

=== P1L_S4_C3 train[6] k=3  dim=576  frames=107  σ=0.0  fold=0 ===
  BDOSC: k_hat=3  ACC=0.9813  NMI=0.9224  ARI=0.9474  0.7s

=== P1E_S1_C1 test[0] k=3  dim=576  frames=146  σ=0.0  fold=0 ===
  BDOSC: k_hat=3  ACC=0.8425  NMI=0.7495  ARI=0.6541  1.3s

=== P1E_S1_C2 test[0] k=3  dim=576  frames=147  σ=0.0  fold=0 ===
  BDOSC: k_hat=3  ACC=0.7007  NMI=0.4523  ARI=0.2980  1.3s

=== P1E_S1_C3 test[0] k=3  dim=576  frames=58  σ=0.0  fold=0 ===
  BDOSC: k_hat=3  ACC=0.9483  NMI=0.8578  ARI=0.8376  0.2s

=== P1E_S2_C1 test[0] k=3  dim=576  frames=167  σ=0.0  fold=0 ===
  BDOSC: k_hat=3  ACC=0.8743  NMI=0.7173  ARI=0.6656  1.7s

=== P1E_S2_C2 test[0] k=3  dim=576  frames=146  σ=0.0  fold=0 ===
  BDOSC: k_hat=3  ACC=0.9384  NMI=0.8230  ARI=0.8136  1.3s

=== P1E_S2_C3 test[0] k=3  dim=576  frames=113  σ=0.0  fold=0 ===
  BDOSC: k_hat=3  ACC=0.9912  NMI=0.9628  ARI=0.9753  0.8s

=== P1E_S3_C1 test[0] k=3  dim=576  frames=166  σ=0.0  fold=0 ===
  BDOSC: k_hat=3  ACC=0.8554  NMI=0.7353  ARI=0.6139  1.7s

=== P1E_S3_C2 test[0] k=3  dim=576  frames=147  σ=0.0  fold=0 ===
  BDOSC: k_hat=3  ACC=0.9864  NMI=0.9445  ARI=0.9542  1.3s

=== P1E_S3_C3 test[0] k=3  dim=576  frames=105  σ=0.0  fold=0 ===
  BDOSC: k_hat=3  ACC=0.9905  NMI=0.9593  ARI=0.9687  0.7s

=== P1E_S4_C1 test[0] k=3  dim=576  frames=158  σ=0.0  fold=0 ===
  BDOSC: k_hat=3  ACC=0.7658  NMI=0.5463  ARI=0.4168  1.5s

=== P1E_S4_C2 test[0] k=3  dim=576  frames=117  σ=0.0  fold=0 ===
  BDOSC: k_hat=3  ACC=0.9487  NMI=0.8643  ARI=0.8524  0.8s

=== P1E_S4_C3 test[0] k=3  dim=576  frames=90  σ=0.0  fold=0 ===
  BDOSC: k_hat=3  ACC=0.9667  NMI=0.8988  ARI=0.9022  0.5s

=== P1L_S1_C1 test[0] k=3  dim=576  frames=162  σ=0.0  fold=0 ===
  BDOSC: k_hat=3  ACC=0.9321  NMI=0.8404  ARI=0.8237  1.6s

=== P1L_S1_C2 test[0] k=3  dim=576  frames=186  σ=0.0  fold=0 ===
  BDOSC: k_hat=3  ACC=0.7312  NMI=0.4980  ARI=0.3447  2.1s

=== P1L_S1_C3 test[0] k=3  dim=576  frames=60  σ=0.0  fold=0 ===
  BDOSC: k_hat=3  ACC=0.5500  NMI=0.5529  ARI=0.3893  0.2s

=== P1L_S2_C1 test[0] k=3  dim=576  frames=211  σ=0.0  fold=0 ===
  BDOSC: k_hat=3  ACC=0.8720  NMI=0.6990  ARI=0.6593  2.7s

=== P1L_S2_C2 test[0] k=3  dim=576  frames=194  σ=0.0  fold=0 ===
  BDOSC: k_hat=3  ACC=0.8711  NMI=0.7077  ARI=0.6266  2.1s

=== P1L_S2_C3 test[0] k=3  dim=576  frames=119  σ=0.0  fold=0 ===
  BDOSC: k_hat=3  ACC=0.9916  NMI=0.9629  ARI=0.9741  0.8s

=== P1L_S3_C1 test[0] k=3  dim=576  frames=156  σ=0.0  fold=0 ===
  BDOSC: k_hat=3  ACC=0.5641  NMI=0.4907  ARI=0.3298  1.5s

=== P1L_S3_C2 test[0] k=3  dim=576  frames=185  σ=0.0  fold=0 ===
  BDOSC: k_hat=3  ACC=0.9081  NMI=0.7660  ARI=0.7424  2.0s

=== P1L_S3_C3 test[0] k=3  dim=576  frames=151  σ=0.0  fold=0 ===
  BDOSC: k_hat=3  ACC=0.8013  NMI=0.6762  ARI=0.4928  1.3s

=== P1L_S4_C1 test[0] k=3  dim=576  frames=200  σ=0.0  fold=0 ===
  BDOSC: k_hat=3  ACC=0.9000  NMI=0.7943  ARI=0.7435  2.4s

=== P1L_S4_C2 test[0] k=3  dim=576  frames=157  σ=0.0  fold=0 ===
  BDOSC: k_hat=3  ACC=0.8599  NMI=0.7321  ARI=0.6124  1.5s

=== P1L_S4_C3 test[0] k=3  dim=576  frames=96  σ=0.0  fold=0 ===
  BDOSC: k_hat=3  ACC=0.9896  NMI=0.9573  ARI=0.9690  0.6s
  tune_pool_groups=20: sampling from 22 held-in people (overlap allowed) instead of the 7 fixed partition group(s)

============================================================
σ=0.0 fold=1  test=['0004', '0014', '0027']  train mats=168  test mats=24  tune mats=480
  BDOSC: skip tuning, fixed lambda_1=0.2, lambda_2=1, gamma_1=0.01, p=1.1, max_iter=50
  wrote /nfs/turbo/umms-minjilab/lpullela/icassp_ssc_tv2/block_ssc_benchmark/cv/params/surveillance/split_k3_clean_min30_trials20_knownk_scaled_params_cv_bdosc_k3_sigma0_sigma0_fold1.json

=== P1E_S1_C1 train[0] k=3  dim=576  frames=146  σ=0.0  fold=1 ===
  BDOSC: k_hat=3  ACC=0.8425  NMI=0.7495  ARI=0.6541  1.3s

=== P1E_S1_C1 train[1] k=3  dim=576  frames=130  σ=0.0  fold=1 ===
  BDOSC: k_hat=3  ACC=0.9385  NMI=0.8158  ARI=0.8190  1.0s

=== P1E_S1_C1 train[2] k=3  dim=576  frames=140  σ=0.0  fold=1 ===
  BDOSC: k_hat=3  ACC=0.8286  NMI=0.6663  ARI=0.5478  1.1s

=== P1E_S1_C1 train[3] k=3  dim=576  frames=157  σ=0.0  fold=1 ===
  BDOSC: k_hat=3  ACC=0.8471  NMI=0.7327  ARI=0.6164  1.5s

=== P1E_S1_C1 train[4] k=3  dim=576  frames=151  σ=0.0  fold=1 ===
  BDOSC: k_hat=3  ACC=0.6026  NMI=0.6374  ARI=0.4646  1.3s

=== P1E_S1_C1 train[5] k=3  dim=576  frames=140  σ=0.0  fold=1 ===
  BDOSC: k_hat=3  ACC=0.8786  NMI=0.7219  ARI=0.6635  1.2s

=== P1E_S1_C1 train[6] k=3  dim=576  frames=171  σ=0.0  fold=1 ===
  BDOSC: k_hat=3  ACC=0.9708  NMI=0.8960  ARI=0.9182  5.7s

=== P1E_S1_C2 train[0] k=3  dim=576  frames=147  σ=0.0  fold=1 ===
  BDOSC: k_hat=3  ACC=0.7007  NMI=0.4523  ARI=0.2980  3.3s

=== P1E_S1_C2 train[1] k=3  dim=576  frames=104  σ=0.0  fold=1 ===
  BDOSC: k_hat=3  ACC=0.9038  NMI=0.7552  ARI=0.7267  1.5s

=== P1E_S1_C2 train[2] k=3  dim=576  frames=138  σ=0.0  fold=1 ===
  BDOSC: k_hat=3  ACC=0.9420  NMI=0.8271  ARI=0.8204  2.8s

=== P1E_S1_C2 train[3] k=3  dim=576  frames=113  σ=0.0  fold=1 ===
  BDOSC: k_hat=3  ACC=0.9292  NMI=0.8307  ARI=0.7951  1.9s

=== P1E_S1_C2 train[4] k=3  dim=576  frames=122  σ=0.0  fold=1 ===
  BDOSC: k_hat=3  ACC=0.5492  NMI=0.6292  ARI=0.4500  0.9s

=== P1E_S1_C2 train[5] k=3  dim=576  frames=122  σ=0.0  fold=1 ===
  BDOSC: k_hat=3  ACC=0.9344  NMI=0.8457  ARI=0.8316  2.1s

=== P1E_S1_C2 train[6] k=3  dim=576  frames=134  σ=0.0  fold=1 ===
  BDOSC: k_hat=3  ACC=1.0000  NMI=1.0000  ARI=1.0000  2.7s

=== P1E_S1_C3 train[0] k=3  dim=576  frames=58  σ=0.0  fold=1 ===
  BDOSC: k_hat=3  ACC=0.9483  NMI=0.8578  ARI=0.8376  0.6s

=== P1E_S1_C3 train[1] k=3  dim=576  frames=47  σ=0.0  fold=1 ===
  BDOSC: k_hat=3  ACC=0.9362  NMI=0.8516  ARI=0.8505  0.4s

=== P1E_S1_C3 train[2] k=3  dim=576  frames=61  σ=0.0  fold=1 ===
  BDOSC: k_hat=3  ACC=0.8852  NMI=0.7346  ARI=0.7554  0.6s

=== P1E_S1_C3 train[3] k=3  dim=576  frames=37  σ=0.0  fold=1 ===
  BDOSC: k_hat=3  ACC=1.0000  NMI=1.0000  ARI=1.0000  0.3s

=== P1E_S1_C3 train[4] k=3  dim=576  frames=55  σ=0.0  fold=1 ===
  BDOSC: k_hat=3  ACC=0.9273  NMI=0.7991  ARI=0.8034  0.3s

=== P1E_S1_C3 train[5] k=3  dim=576  frames=51  σ=0.0  fold=1 ===
  BDOSC: k_hat=3  ACC=0.9020  NMI=0.7422  ARI=0.7266  0.3s

=== P1E_S1_C3 train[6] k=3  dim=576  frames=69  σ=0.0  fold=1 ===
  BDOSC: k_hat=3  ACC=0.9565  NMI=0.8541  ARI=0.8698  0.4s

=== P1E_S2_C1 train[0] k=3  dim=576  frames=167  σ=0.0  fold=1 ===
  BDOSC: k_hat=3  ACC=0.8743  NMI=0.7173  ARI=0.6656  2.8s

=== P1E_S2_C1 train[1] k=3  dim=576  frames=136  σ=0.0  fold=1 ===
  BDOSC: k_hat=3  ACC=0.8456  NMI=0.7540  ARI=0.6723  1.1s

=== P1E_S2_C1 train[2] k=3  dim=576  frames=180  σ=0.0  fold=1 ===
  BDOSC: k_hat=3  ACC=0.9889  NMI=0.9557  ARI=0.9681  1.9s

=== P1E_S2_C1 train[3] k=3  dim=576  frames=149  σ=0.0  fold=1 ===
  BDOSC: k_hat=3  ACC=1.0000  NMI=1.0000  ARI=1.0000  1.3s

=== P1E_S2_C1 train[4] k=3  dim=576  frames=124  σ=0.0  fold=1 ===
  BDOSC: k_hat=3  ACC=0.5968  NMI=0.5939  ARI=0.4449  0.9s

=== P1E_S2_C1 train[5] k=3  dim=576  frames=161  σ=0.0  fold=1 ===
  BDOSC: k_hat=3  ACC=0.6770  NMI=0.5211  ARI=0.3772  1.5s

=== P1E_S2_C1 train[6] k=3  dim=576  frames=153  σ=0.0  fold=1 ===
  BDOSC: k_hat=3  ACC=0.9216  NMI=0.8270  ARI=0.8015  1.4s

=== P1E_S2_C2 train[0] k=3  dim=576  frames=146  σ=0.0  fold=1 ===
  BDOSC: k_hat=3  ACC=0.9384  NMI=0.8230  ARI=0.8136  1.3s

=== P1E_S2_C2 train[1] k=3  dim=576  frames=109  σ=0.0  fold=1 ===
  BDOSC: k_hat=3  ACC=0.9725  NMI=0.9131  ARI=0.9228  0.7s

=== P1E_S2_C2 train[2] k=3  dim=576  frames=144  σ=0.0  fold=1 ===
  BDOSC: k_hat=3  ACC=0.9583  NMI=0.8796  ARI=0.8733  1.2s

=== P1E_S2_C2 train[3] k=3  dim=576  frames=124  σ=0.0  fold=1 ===
  BDOSC: k_hat=3  ACC=0.9435  NMI=0.8498  ARI=0.8299  0.9s

=== P1E_S2_C2 train[4] k=3  dim=576  frames=109  σ=0.0  fold=1 ===
  BDOSC: k_hat=3  ACC=0.9266  NMI=0.8366  ARI=0.8239  0.7s

=== P1E_S2_C2 train[5] k=3  dim=576  frames=128  σ=0.0  fold=1 ===
  BDOSC: k_hat=3  ACC=0.7422  NMI=0.5527  ARI=0.4306  1.1s

=== P1E_S2_C2 train[6] k=3  dim=576  frames=126  σ=0.0  fold=1 ===
  BDOSC: k_hat=3  ACC=0.5476  NMI=0.5716  ARI=0.4215  0.9s

=== P1E_S2_C3 train[0] k=3  dim=576  frames=113  σ=0.0  fold=1 ===
  BDOSC: k_hat=3  ACC=0.9912  NMI=0.9628  ARI=0.9753  0.8s

=== P1E_S2_C3 train[1] k=3  dim=576  frames=90  σ=0.0  fold=1 ===
  BDOSC: k_hat=3  ACC=0.9444  NMI=0.8320  ARI=0.8392  0.5s

=== P1E_S2_C3 train[2] k=3  dim=576  frames=112  σ=0.0  fold=1 ===
  BDOSC: k_hat=3  ACC=0.8571  NMI=0.7287  ARI=0.6591  0.8s

=== P1E_S2_C3 train[3] k=3  dim=576  frames=99  σ=0.0  fold=1 ===
  BDOSC: k_hat=3  ACC=0.9697  NMI=0.9056  ARI=0.9106  0.6s

=== P1E_S2_C3 train[4] k=3  dim=576  frames=87  σ=0.0  fold=1 ===
  BDOSC: k_hat=3  ACC=0.8966  NMI=0.7369  ARI=0.7243  0.5s

=== P1E_S2_C3 train[5] k=3  dim=576  frames=105  σ=0.0  fold=1 ===
  BDOSC: k_hat=3  ACC=0.9905  NMI=0.9607  ARI=0.9722  0.7s

=== P1E_S2_C3 train[6] k=3  dim=576  frames=89  σ=0.0  fold=1 ===
  BDOSC: k_hat=3  ACC=0.9775  NMI=0.9248  ARI=0.9383  0.5s

=== P1E_S3_C1 train[0] k=3  dim=576  frames=166  σ=0.0  fold=1 ===
  BDOSC: k_hat=3  ACC=0.8554  NMI=0.7353  ARI=0.6139  1.7s

=== P1E_S3_C1 train[1] k=3  dim=576  frames=134  σ=0.0  fold=1 ===
  BDOSC: k_hat=3  ACC=0.8134  NMI=0.7133  ARI=0.5653  1.1s

=== P1E_S3_C1 train[2] k=3  dim=576  frames=161  σ=0.0  fold=1 ===
  BDOSC: k_hat=3  ACC=0.6149  NMI=0.3772  ARI=0.1803  1.5s

=== P1E_S3_C1 train[3] k=3  dim=576  frames=168  σ=0.0  fold=1 ===
  BDOSC: k_hat=3  ACC=0.8750  NMI=0.7257  ARI=0.6598  1.6s

=== P1E_S3_C1 train[4] k=3  dim=576  frames=123  σ=0.0  fold=1 ===
  BDOSC: k_hat=3  ACC=0.9106  NMI=0.7905  ARI=0.7756  0.9s

=== P1E_S3_C1 train[5] k=3  dim=576  frames=204  σ=0.0  fold=1 ===
  BDOSC: k_hat=3  ACC=0.5392  NMI=0.3668  ARI=0.1362  2.6s

=== P1E_S3_C1 train[6] k=3  dim=576  frames=112  σ=0.0  fold=1 ===
  BDOSC: k_hat=3  ACC=1.0000  NMI=1.0000  ARI=1.0000  0.8s

=== P1E_S3_C2 train[0] k=3  dim=576  frames=147  σ=0.0  fold=1 ===
  BDOSC: k_hat=3  ACC=0.9864  NMI=0.9445  ARI=0.9542  1.3s

=== P1E_S3_C2 train[1] k=3  dim=576  frames=112  σ=0.0  fold=1 ===
  BDOSC: k_hat=3  ACC=0.9196  NMI=0.7893  ARI=0.7621  0.8s

=== P1E_S3_C2 train[2] k=3  dim=576  frames=168  σ=0.0  fold=1 ===
  BDOSC: k_hat=3  ACC=0.9226  NMI=0.7804  ARI=0.7810  1.6s

=== P1E_S3_C2 train[3] k=3  dim=576  frames=169  σ=0.0  fold=1 ===
  BDOSC: k_hat=3  ACC=0.7692  NMI=0.6751  ARI=0.4891  1.7s

=== P1E_S3_C2 train[4] k=3  dim=576  frames=107  σ=0.0  fold=1 ===
  BDOSC: k_hat=3  ACC=0.5888  NMI=0.6662  ARI=0.4710  0.7s

=== P1E_S3_C2 train[5] k=3  dim=576  frames=146  σ=0.0  fold=1 ===
  BDOSC: k_hat=3  ACC=0.9726  NMI=0.9028  ARI=0.9116  1.3s

=== P1E_S3_C2 train[6] k=3  dim=576  frames=114  σ=0.0  fold=1 ===
  BDOSC: k_hat=3  ACC=0.9298  NMI=0.8460  ARI=0.8665  0.8s

=== P1E_S3_C3 train[0] k=3  dim=576  frames=105  σ=0.0  fold=1 ===
  BDOSC: k_hat=3  ACC=0.9905  NMI=0.9593  ARI=0.9687  0.7s

=== P1E_S3_C3 train[1] k=3  dim=576  frames=84  σ=0.0  fold=1 ===
  BDOSC: k_hat=3  ACC=0.9762  NMI=0.9165  ARI=0.9208  0.5s

=== P1E_S3_C3 train[2] k=3  dim=576  frames=125  σ=0.0  fold=1 ===
  BDOSC: k_hat=3  ACC=0.8800  NMI=0.7376  ARI=0.6737  0.9s

=== P1E_S3_C3 train[3] k=3  dim=576  frames=128  σ=0.0  fold=1 ===
  BDOSC: k_hat=3  ACC=0.7344  NMI=0.6459  ARI=0.5126  1.1s

=== P1E_S3_C3 train[4] k=3  dim=576  frames=83  σ=0.0  fold=1 ===
  BDOSC: k_hat=3  ACC=0.9639  NMI=0.8955  ARI=0.9023  0.5s

=== P1E_S3_C3 train[5] k=3  dim=576  frames=129  σ=0.0  fold=1 ===
  BDOSC: k_hat=3  ACC=0.9845  NMI=0.9427  ARI=0.9553  1.0s

=== P1E_S3_C3 train[6] k=3  dim=576  frames=84  σ=0.0  fold=1 ===
  BDOSC: k_hat=3  ACC=0.9762  NMI=0.9062  ARI=0.9376  0.5s

=== P1E_S4_C1 train[0] k=3  dim=576  frames=158  σ=0.0  fold=1 ===
  BDOSC: k_hat=3  ACC=0.7658  NMI=0.5463  ARI=0.4168  1.5s

=== P1E_S4_C1 train[1] k=3  dim=576  frames=155  σ=0.0  fold=1 ===
  BDOSC: k_hat=3  ACC=0.7355  NMI=0.5860  ARI=0.4658  1.4s

=== P1E_S4_C1 train[2] k=3  dim=576  frames=182  σ=0.0  fold=1 ===
  BDOSC: k_hat=3  ACC=0.7692  NMI=0.5910  ARI=0.4870  1.9s

=== P1E_S4_C1 train[3] k=3  dim=576  frames=180  σ=0.0  fold=1 ===
  BDOSC: k_hat=3  ACC=0.8833  NMI=0.7790  ARI=0.7054  1.9s

=== P1E_S4_C1 train[4] k=3  dim=576  frames=133  σ=0.0  fold=1 ===
  BDOSC: k_hat=3  ACC=0.7970  NMI=0.6172  ARI=0.5119  1.0s

=== P1E_S4_C1 train[5] k=3  dim=576  frames=147  σ=0.0  fold=1 ===
  BDOSC: k_hat=3  ACC=0.7279  NMI=0.5877  ARI=0.4879  1.3s

=== P1E_S4_C1 train[6] k=3  dim=576  frames=145  σ=0.0  fold=1 ===
  BDOSC: k_hat=3  ACC=0.9931  NMI=0.9695  ARI=0.9805  1.2s

=== P1E_S4_C2 train[0] k=3  dim=576  frames=117  σ=0.0  fold=1 ===
  BDOSC: k_hat=3  ACC=0.9487  NMI=0.8643  ARI=0.8524  0.8s

=== P1E_S4_C2 train[1] k=3  dim=576  frames=122  σ=0.0  fold=1 ===
  BDOSC: k_hat=3  ACC=0.9426  NMI=0.8538  ARI=0.8350  0.9s

=== P1E_S4_C2 train[2] k=3  dim=576  frames=126  σ=0.0  fold=1 ===
  BDOSC: k_hat=3  ACC=0.9841  NMI=0.9299  ARI=0.9511  0.9s

=== P1E_S4_C2 train[3] k=3  dim=576  frames=140  σ=0.0  fold=1 ===
  BDOSC: k_hat=3  ACC=0.9857  NMI=0.9434  ARI=0.9545  1.2s

=== P1E_S4_C2 train[4] k=3  dim=576  frames=129  σ=0.0  fold=1 ===
  BDOSC: k_hat=3  ACC=0.5659  NMI=0.6611  ARI=0.4614  1.0s

=== P1E_S4_C2 train[5] k=3  dim=576  frames=146  σ=0.0  fold=1 ===
  BDOSC: k_hat=3  ACC=0.9110  NMI=0.7538  ARI=0.7446  1.3s

=== P1E_S4_C2 train[6] k=3  dim=576  frames=110  σ=0.0  fold=1 ===
  BDOSC: k_hat=3  ACC=0.9727  NMI=0.8980  ARI=0.9254  0.7s

=== P1E_S4_C3 train[0] k=3  dim=576  frames=90  σ=0.0  fold=1 ===
  BDOSC: k_hat=3  ACC=0.9667  NMI=0.8988  ARI=0.9022  0.5s

=== P1E_S4_C3 train[1] k=3  dim=576  frames=85  σ=0.0  fold=1 ===
  BDOSC: k_hat=3  ACC=0.9529  NMI=0.8505  ARI=0.8670  0.5s

=== P1E_S4_C3 train[2] k=3  dim=576  frames=105  σ=0.0  fold=1 ===
  BDOSC: k_hat=3  ACC=0.5238  NMI=0.5754  ARI=0.4130  0.7s

=== P1E_S4_C3 train[3] k=3  dim=576  frames=87  σ=0.0  fold=1 ===
  BDOSC: k_hat=3  ACC=0.9425  NMI=0.8287  ARI=0.8325  0.5s

=== P1E_S4_C3 train[4] k=3  dim=576  frames=76  σ=0.0  fold=1 ===
  BDOSC: k_hat=3  ACC=0.8947  NMI=0.7972  ARI=0.7470  0.4s

=== P1E_S4_C3 train[5] k=3  dim=576  frames=106  σ=0.0  fold=1 ===
  BDOSC: k_hat=3  ACC=0.9057  NMI=0.7581  ARI=0.7542  0.7s

=== P1E_S4_C3 train[6] k=3  dim=576  frames=79  σ=0.0  fold=1 ===
  BDOSC: k_hat=3  ACC=0.9873  NMI=0.9504  ARI=0.9609  0.4s

=== P1L_S1_C1 train[0] k=3  dim=576  frames=162  σ=0.0  fold=1 ===
  BDOSC: k_hat=3  ACC=0.9321  NMI=0.8404  ARI=0.8237  1.6s

=== P1L_S1_C1 train[1] k=3  dim=576  frames=155  σ=0.0  fold=1 ===
  BDOSC: k_hat=3  ACC=0.6710  NMI=0.5078  ARI=0.3505  1.4s

=== P1L_S1_C1 train[2] k=3  dim=576  frames=182  σ=0.0  fold=1 ===
  BDOSC: k_hat=3  ACC=0.7967  NMI=0.5874  ARI=0.4809  1.9s

=== P1L_S1_C1 train[3] k=3  dim=576  frames=198  σ=0.0  fold=1 ===
  BDOSC: k_hat=3  ACC=0.8182  NMI=0.6194  ARI=0.5546  2.3s

=== P1L_S1_C1 train[4] k=3  dim=576  frames=166  σ=0.0  fold=1 ===
  BDOSC: k_hat=3  ACC=0.6024  NMI=0.6091  ARI=0.4521  1.7s

=== P1L_S1_C1 train[5] k=3  dim=576  frames=116  σ=0.0  fold=1 ===
  BDOSC: k_hat=3  ACC=0.9310  NMI=0.8178  ARI=0.8208  0.8s

=== P1L_S1_C1 train[6] k=3  dim=576  frames=175  σ=0.0  fold=1 ===
  BDOSC: k_hat=3  ACC=0.5429  NMI=0.3496  ARI=0.1689  1.8s

=== P1L_S1_C2 train[0] k=3  dim=576  frames=186  σ=0.0  fold=1 ===
  BDOSC: k_hat=3  ACC=0.7312  NMI=0.4980  ARI=0.3447  2.1s

=== P1L_S1_C2 train[1] k=3  dim=576  frames=147  σ=0.0  fold=1 ===
  BDOSC: k_hat=3  ACC=0.8367  NMI=0.7209  ARI=0.6406  1.3s

=== P1L_S1_C2 train[2] k=3  dim=576  frames=181  σ=0.0  fold=1 ===
  BDOSC: k_hat=3  ACC=0.9945  NMI=0.9739  ARI=0.9823  1.9s

=== P1L_S1_C2 train[3] k=3  dim=576  frames=128  σ=0.0  fold=1 ===
  BDOSC: k_hat=3  ACC=0.9531  NMI=0.8778  ARI=0.8905  1.1s

=== P1L_S1_C2 train[4] k=3  dim=576  frames=154  σ=0.0  fold=1 ===
  BDOSC: k_hat=3  ACC=0.8182  NMI=0.7244  ARI=0.5951  1.4s

=== P1L_S1_C2 train[5] k=3  dim=576  frames=142  σ=0.0  fold=1 ===
  BDOSC: k_hat=3  ACC=0.8873  NMI=0.7696  ARI=0.6838  1.2s

=== P1L_S1_C2 train[6] k=3  dim=576  frames=168  σ=0.0  fold=1 ===
  BDOSC: k_hat=3  ACC=0.6190  NMI=0.5576  ARI=0.4286  1.6s

=== P1L_S1_C3 train[0] k=3  dim=576  frames=60  σ=0.0  fold=1 ===
  BDOSC: k_hat=3  ACC=0.5500  NMI=0.5529  ARI=0.3893  0.3s

=== P1L_S1_C3 train[1] k=3  dim=576  frames=65  σ=0.0  fold=1 ===
  BDOSC: k_hat=3  ACC=0.9077  NMI=0.8065  ARI=0.7650  0.3s

=== P1L_S1_C3 train[2] k=3  dim=576  frames=74  σ=0.0  fold=1 ===
  BDOSC: k_hat=3  ACC=0.8514  NMI=0.6640  ARI=0.6046  0.4s

=== P1L_S1_C3 train[3] k=3  dim=576  frames=73  σ=0.0  fold=1 ===
  BDOSC: k_hat=3  ACC=0.8493  NMI=0.6574  ARI=0.5984  0.4s

=== P1L_S1_C3 train[4] k=3  dim=576  frames=64  σ=0.0  fold=1 ===
  BDOSC: k_hat=3  ACC=0.8281  NMI=0.6977  ARI=0.6235  0.3s

=== P1L_S1_C3 train[5] k=3  dim=576  frames=63  σ=0.0  fold=1 ===
  BDOSC: k_hat=3  ACC=0.6984  NMI=0.6872  ARI=0.5377  0.3s

=== P1L_S1_C3 train[6] k=3  dim=576  frames=75  σ=0.0  fold=1 ===
  BDOSC: k_hat=3  ACC=1.0000  NMI=1.0000  ARI=1.0000  0.4s

=== P1L_S2_C1 train[0] k=3  dim=576  frames=211  σ=0.0  fold=1 ===
  BDOSC: k_hat=3  ACC=0.8720  NMI=0.6990  ARI=0.6593  2.7s

=== P1L_S2_C1 train[1] k=3  dim=576  frames=180  σ=0.0  fold=1 ===
  BDOSC: k_hat=3  ACC=0.9167  NMI=0.7729  ARI=0.7854  1.9s

=== P1L_S2_C1 train[2] k=3  dim=576  frames=177  σ=0.0  fold=1 ===
  BDOSC: k_hat=3  ACC=0.8079  NMI=0.6702  ARI=0.5508  1.9s

=== P1L_S2_C1 train[3] k=3  dim=576  frames=172  σ=0.0  fold=1 ===
  BDOSC: k_hat=3  ACC=0.9477  NMI=0.8648  ARI=0.8631  1.8s

=== P1L_S2_C1 train[4] k=3  dim=576  frames=179  σ=0.0  fold=1 ===
  BDOSC: k_hat=3  ACC=0.9777  NMI=0.9244  ARI=0.9377  1.9s

=== P1L_S2_C1 train[5] k=3  dim=576  frames=180  σ=0.0  fold=1 ===
  BDOSC: k_hat=3  ACC=0.7167  NMI=0.5321  ARI=0.4633  2.0s

=== P1L_S2_C1 train[6] k=3  dim=576  frames=133  σ=0.0  fold=1 ===
  BDOSC: k_hat=3  ACC=0.9774  NMI=0.9260  ARI=0.9549  1.1s

=== P1L_S2_C2 train[0] k=3  dim=576  frames=194  σ=0.0  fold=1 ===
  BDOSC: k_hat=3  ACC=0.8711  NMI=0.7077  ARI=0.6266  2.2s

=== P1L_S2_C2 train[1] k=3  dim=576  frames=134  σ=0.0  fold=1 ===
  BDOSC: k_hat=3  ACC=0.9776  NMI=0.9103  ARI=0.9389  1.1s

=== P1L_S2_C2 train[2] k=3  dim=576  frames=186  σ=0.0  fold=1 ===
  BDOSC: k_hat=3  ACC=0.9731  NMI=0.9132  ARI=0.9230  2.1s

=== P1L_S2_C2 train[3] k=3  dim=576  frames=201  σ=0.0  fold=1 ===
  BDOSC: k_hat=3  ACC=0.7960  NMI=0.6508  ARI=0.5443  2.4s

=== P1L_S2_C2 train[4] k=3  dim=576  frames=171  σ=0.0  fold=1 ===
  BDOSC: k_hat=3  ACC=0.9474  NMI=0.8495  ARI=0.8635  1.8s

=== P1L_S2_C2 train[5] k=3  dim=576  frames=160  σ=0.0  fold=1 ===
  BDOSC: k_hat=3  ACC=0.9062  NMI=0.7778  ARI=0.7080  1.5s

=== P1L_S2_C2 train[6] k=3  dim=576  frames=154  σ=0.0  fold=1 ===
  BDOSC: k_hat=3  ACC=0.5974  NMI=0.5835  ARI=0.4611  1.4s

=== P1L_S2_C3 train[0] k=3  dim=576  frames=119  σ=0.0  fold=1 ===
  BDOSC: k_hat=3  ACC=0.9916  NMI=0.9629  ARI=0.9741  0.8s

=== P1L_S2_C3 train[1] k=3  dim=576  frames=85  σ=0.0  fold=1 ===
  BDOSC: k_hat=3  ACC=0.9529  NMI=0.8764  ARI=0.8899  0.5s

=== P1L_S2_C3 train[2] k=3  dim=576  frames=112  σ=0.0  fold=1 ===
  BDOSC: k_hat=3  ACC=0.9911  NMI=0.9629  ARI=0.9763  0.7s

=== P1L_S2_C3 train[3] k=3  dim=576  frames=126  σ=0.0  fold=1 ===
  BDOSC: k_hat=3  ACC=0.8413  NMI=0.7417  ARI=0.6278  0.9s

=== P1L_S2_C3 train[4] k=3  dim=576  frames=102  σ=0.0  fold=1 ===
  BDOSC: k_hat=3  ACC=0.9902  NMI=0.9599  ARI=0.9718  0.7s

=== P1L_S2_C3 train[5] k=3  dim=576  frames=121  σ=0.0  fold=1 ===
  BDOSC: k_hat=3  ACC=0.9917  NMI=0.9651  ARI=0.9777  0.9s

=== P1L_S2_C3 train[6] k=3  dim=576  frames=99  σ=0.0  fold=1 ===
  BDOSC: k_hat=3  ACC=0.9899  NMI=0.9589  ARI=0.9711  0.6s

=== P1L_S3_C1 train[0] k=3  dim=576  frames=156  σ=0.0  fold=1 ===
  BDOSC: k_hat=3  ACC=0.5641  NMI=0.4907  ARI=0.3298  1.5s

=== P1L_S3_C1 train[1] k=3  dim=576  frames=185  σ=0.0  fold=1 ===
  BDOSC: k_hat=3  ACC=0.9784  NMI=0.9150  ARI=0.9348  2.0s

=== P1L_S3_C1 train[2] k=3  dim=576  frames=156  σ=0.0  fold=1 ===
  BDOSC: k_hat=3  ACC=0.7308  NMI=0.5146  ARI=0.3704  1.5s

=== P1L_S3_C1 train[3] k=3  dim=576  frames=159  σ=0.0  fold=1 ===
  BDOSC: k_hat=3  ACC=0.7925  NMI=0.5858  ARI=0.4515  1.5s

=== P1L_S3_C1 train[4] k=3  dim=576  frames=172  σ=0.0  fold=1 ===
  BDOSC: k_hat=3  ACC=0.6163  NMI=0.3783  ARI=0.1567  1.8s

=== P1L_S3_C1 train[5] k=3  dim=576  frames=176  σ=0.0  fold=1 ===
  BDOSC: k_hat=3  ACC=0.5739  NMI=0.4348  ARI=0.2552  1.8s

=== P1L_S3_C1 train[6] k=3  dim=576  frames=134  σ=0.0  fold=1 ===
  BDOSC: k_hat=3  ACC=0.8881  NMI=0.7174  ARI=0.7009  1.1s

=== P1L_S3_C2 train[0] k=3  dim=576  frames=185  σ=0.0  fold=1 ===
  BDOSC: k_hat=3  ACC=0.9081  NMI=0.7660  ARI=0.7424  2.0s

=== P1L_S3_C2 train[1] k=3  dim=576  frames=166  σ=0.0  fold=1 ===
  BDOSC: k_hat=3  ACC=0.8855  NMI=0.7624  ARI=0.7212  1.7s

=== P1L_S3_C2 train[2] k=3  dim=576  frames=209  σ=0.0  fold=1 ===
  BDOSC: k_hat=3  ACC=0.5550  NMI=0.5268  ARI=0.3774  2.6s

=== P1L_S3_C2 train[3] k=3  dim=576  frames=168  σ=0.0  fold=1 ===
  BDOSC: k_hat=3  ACC=0.8214  NMI=0.7601  ARI=0.7253  1.6s

=== P1L_S3_C2 train[4] k=3  dim=576  frames=187  σ=0.0  fold=1 ===
  BDOSC: k_hat=3  ACC=0.5508  NMI=0.5027  ARI=0.3515  2.1s

=== P1L_S3_C2 train[5] k=3  dim=576  frames=229  σ=0.0  fold=1 ===
  BDOSC: k_hat=3  ACC=0.5022  NMI=0.5233  ARI=0.3438  3.2s

=== P1L_S3_C2 train[6] k=3  dim=576  frames=136  σ=0.0  fold=1 ===
  BDOSC: k_hat=3  ACC=0.7279  NMI=0.4698  ARI=0.3100  1.1s

=== P1L_S3_C3 train[0] k=3  dim=576  frames=151  σ=0.0  fold=1 ===
  BDOSC: k_hat=3  ACC=0.8013  NMI=0.6762  ARI=0.4928  1.4s

=== P1L_S3_C3 train[1] k=3  dim=576  frames=121  σ=0.0  fold=1 ===
  BDOSC: k_hat=3  ACC=0.8926  NMI=0.7397  ARI=0.6943  0.9s

=== P1L_S3_C3 train[2] k=3  dim=576  frames=142  σ=0.0  fold=1 ===
  BDOSC: k_hat=3  ACC=0.9789  NMI=0.9140  ARI=0.9345  1.2s

=== P1L_S3_C3 train[3] k=3  dim=576  frames=134  σ=0.0  fold=1 ===
  BDOSC: k_hat=3  ACC=0.9478  NMI=0.8644  ARI=0.8633  1.1s

=== P1L_S3_C3 train[4] k=3  dim=576  frames=110  σ=0.0  fold=1 ===
  BDOSC: k_hat=3  ACC=0.9636  NMI=0.8932  ARI=0.8941  0.8s

=== P1L_S3_C3 train[5] k=3  dim=576  frames=161  σ=0.0  fold=1 ===
  BDOSC: k_hat=3  ACC=0.7888  NMI=0.6753  ARI=0.5967  1.5s

=== P1L_S3_C3 train[6] k=3  dim=576  frames=114  σ=0.0  fold=1 ===
  BDOSC: k_hat=3  ACC=0.6754  NMI=0.5200  ARI=0.3724  0.8s

=== P1L_S4_C1 train[0] k=3  dim=576  frames=200  σ=0.0  fold=1 ===
  BDOSC: k_hat=3  ACC=0.9000  NMI=0.7943  ARI=0.7435  2.4s

=== P1L_S4_C1 train[1] k=3  dim=576  frames=154  σ=0.0  fold=1 ===
  BDOSC: k_hat=3  ACC=0.7922  NMI=0.5979  ARI=0.4749  1.4s

=== P1L_S4_C1 train[2] k=3  dim=576  frames=168  σ=0.0  fold=1 ===
  BDOSC: k_hat=3  ACC=0.8095  NMI=0.6082  ARI=0.5160  1.6s

=== P1L_S4_C1 train[3] k=3  dim=576  frames=142  σ=0.0  fold=1 ===
  BDOSC: k_hat=3  ACC=0.7817  NMI=0.5648  ARI=0.4434  1.2s

=== P1L_S4_C1 train[4] k=3  dim=576  frames=164  σ=0.0  fold=1 ===
  BDOSC: k_hat=3  ACC=0.8598  NMI=0.7355  ARI=0.6694  1.6s

=== P1L_S4_C1 train[5] k=3  dim=576  frames=187  σ=0.0  fold=1 ===
  BDOSC: k_hat=3  ACC=0.8556  NMI=0.6983  ARI=0.6103  2.0s

=== P1L_S4_C1 train[6] k=3  dim=576  frames=202  σ=0.0  fold=1 ===
  BDOSC: k_hat=3  ACC=0.8911  NMI=0.7232  ARI=0.6948  2.4s

=== P1L_S4_C2 train[0] k=3  dim=576  frames=157  σ=0.0  fold=1 ===
  BDOSC: k_hat=3  ACC=0.8599  NMI=0.7321  ARI=0.6124  1.5s

=== P1L_S4_C2 train[1] k=3  dim=576  frames=175  σ=0.0  fold=1 ===
  BDOSC: k_hat=3  ACC=1.0000  NMI=1.0000  ARI=1.0000  1.8s

=== P1L_S4_C2 train[2] k=3  dim=576  frames=168  σ=0.0  fold=1 ===
  BDOSC: k_hat=3  ACC=0.9226  NMI=0.8224  ARI=0.7978  1.6s

=== P1L_S4_C2 train[3] k=3  dim=576  frames=154  σ=0.0  fold=1 ===
  BDOSC: k_hat=3  ACC=0.8377  NMI=0.6997  ARI=0.5739  1.4s

=== P1L_S4_C2 train[4] k=3  dim=576  frames=152  σ=0.0  fold=1 ===
  BDOSC: k_hat=3  ACC=0.8224  NMI=0.6469  ARI=0.5752  1.4s

=== P1L_S4_C2 train[5] k=3  dim=576  frames=169  σ=0.0  fold=1 ===
  BDOSC: k_hat=3  ACC=0.7870  NMI=0.7250  ARI=0.6129  1.7s

=== P1L_S4_C2 train[6] k=3  dim=576  frames=153  σ=0.0  fold=1 ===
  BDOSC: k_hat=3  ACC=0.6536  NMI=0.5149  ARI=0.3620  1.4s

=== P1L_S4_C3 train[0] k=3  dim=576  frames=96  σ=0.0  fold=1 ===
  BDOSC: k_hat=3  ACC=0.9896  NMI=0.9573  ARI=0.9690  0.6s

=== P1L_S4_C3 train[1] k=3  dim=576  frames=94  σ=0.0  fold=1 ===
  BDOSC: k_hat=3  ACC=0.8085  NMI=0.7291  ARI=0.6083  0.6s

=== P1L_S4_C3 train[2] k=3  dim=576  frames=117  σ=0.0  fold=1 ===
  BDOSC: k_hat=3  ACC=0.9060  NMI=0.7862  ARI=0.7153  0.8s

=== P1L_S4_C3 train[3] k=3  dim=576  frames=112  σ=0.0  fold=1 ===
  BDOSC: k_hat=3  ACC=0.8036  NMI=0.6883  ARI=0.5741  0.7s

=== P1L_S4_C3 train[4] k=3  dim=576  frames=103  σ=0.0  fold=1 ===
  BDOSC: k_hat=3  ACC=0.9223  NMI=0.8288  ARI=0.8059  0.7s

=== P1L_S4_C3 train[5] k=3  dim=576  frames=105  σ=0.0  fold=1 ===
  BDOSC: k_hat=3  ACC=0.5143  NMI=0.5244  ARI=0.3419  0.7s

=== P1L_S4_C3 train[6] k=3  dim=576  frames=107  σ=0.0  fold=1 ===
  BDOSC: k_hat=3  ACC=0.9813  NMI=0.9224  ARI=0.9474  0.8s

=== P1E_S1_C1 test[0] k=3  dim=576  frames=153  σ=0.0  fold=1 ===
  BDOSC: k_hat=3  ACC=0.9216  NMI=0.7943  ARI=0.7911  1.5s

=== P1E_S1_C2 test[0] k=3  dim=576  frames=115  σ=0.0  fold=1 ===
  BDOSC: k_hat=3  ACC=0.8783  NMI=0.7000  ARI=0.6792  0.8s

=== P1E_S1_C3 test[0] k=3  dim=576  frames=56  σ=0.0  fold=1 ===
  BDOSC: k_hat=3  ACC=0.9643  NMI=0.8700  ARI=0.9057  0.2s

=== P1E_S2_C1 test[0] k=3  dim=576  frames=151  σ=0.0  fold=1 ===
  BDOSC: k_hat=3  ACC=0.9669  NMI=0.8846  ARI=0.9022  1.4s

=== P1E_S2_C2 test[0] k=3  dim=576  frames=115  σ=0.0  fold=1 ===
  BDOSC: k_hat=3  ACC=0.9217  NMI=0.7839  ARI=0.7732  0.8s

=== P1E_S2_C3 test[0] k=3  dim=576  frames=88  σ=0.0  fold=1 ===
  BDOSC: k_hat=3  ACC=0.9545  NMI=0.8421  ARI=0.8584  0.5s

=== P1E_S3_C1 test[0] k=3  dim=576  frames=139  σ=0.0  fold=1 ===
  BDOSC: k_hat=3  ACC=0.7266  NMI=0.6687  ARI=0.5342  1.2s

=== P1E_S3_C2 test[0] k=3  dim=576  frames=120  σ=0.0  fold=1 ===
  BDOSC: k_hat=3  ACC=0.8417  NMI=0.6499  ARI=0.5746  0.9s

=== P1E_S3_C3 test[0] k=3  dim=576  frames=89  σ=0.0  fold=1 ===
  BDOSC: k_hat=3  ACC=0.9888  NMI=0.9533  ARI=0.9646  0.5s

=== P1E_S4_C1 test[0] k=3  dim=576  frames=107  σ=0.0  fold=1 ===
  BDOSC: k_hat=3  ACC=0.8505  NMI=0.6682  ARI=0.6239  0.7s

=== P1E_S4_C2 test[0] k=3  dim=576  frames=125  σ=0.0  fold=1 ===
  BDOSC: k_hat=3  ACC=0.9040  NMI=0.7595  ARI=0.7293  0.9s

=== P1E_S4_C3 test[0] k=3  dim=576  frames=64  σ=0.0  fold=1 ===
  BDOSC: k_hat=3  ACC=0.8438  NMI=0.6740  ARI=0.6011  0.3s

=== P1L_S1_C1 test[0] k=3  dim=576  frames=170  σ=0.0  fold=1 ===
  BDOSC: k_hat=3  ACC=0.8294  NMI=0.6934  ARI=0.5658  1.8s

=== P1L_S1_C2 test[0] k=3  dim=576  frames=137  σ=0.0  fold=1 ===
  BDOSC: k_hat=3  ACC=0.9927  NMI=0.9671  ARI=0.9761  1.1s

=== P1L_S1_C3 test[0] k=3  dim=576  frames=68  σ=0.0  fold=1 ===
  BDOSC: k_hat=3  ACC=1.0000  NMI=1.0000  ARI=1.0000  0.3s

=== P1L_S2_C1 test[0] k=3  dim=576  frames=190  σ=0.0  fold=1 ===
  BDOSC: k_hat=3  ACC=0.6579  NMI=0.4910  ARI=0.3488  2.1s

=== P1L_S2_C2 test[0] k=3  dim=576  frames=155  σ=0.0  fold=1 ===
  BDOSC: k_hat=3  ACC=0.8258  NMI=0.6543  ARI=0.5677  1.5s

=== P1L_S2_C3 test[0] k=3  dim=576  frames=101  σ=0.0  fold=1 ===
  BDOSC: k_hat=3  ACC=0.9802  NMI=0.9146  ARI=0.9368  0.7s

=== P1L_S3_C1 test[0] k=3  dim=576  frames=120  σ=0.0  fold=1 ===
  BDOSC: k_hat=3  ACC=0.8083  NMI=0.6046  ARI=0.4835  0.9s

=== P1L_S3_C2 test[0] k=3  dim=576  frames=125  σ=0.0  fold=1 ===
  BDOSC: k_hat=3  ACC=0.6400  NMI=0.3999  ARI=0.1857  1.0s

=== P1L_S3_C3 test[0] k=3  dim=576  frames=118  σ=0.0  fold=1 ===
  BDOSC: k_hat=3  ACC=0.8644  NMI=0.7607  ARI=0.6741  0.8s

=== P1L_S4_C1 test[0] k=3  dim=576  frames=157  σ=0.0  fold=1 ===
  BDOSC: k_hat=3  ACC=0.7325  NMI=0.6731  ARI=0.4782  1.5s

=== P1L_S4_C2 test[0] k=3  dim=576  frames=149  σ=0.0  fold=1 ===
  BDOSC: k_hat=3  ACC=0.9396  NMI=0.8216  ARI=0.8386  1.4s

=== P1L_S4_C3 test[0] k=3  dim=576  frames=107  σ=0.0  fold=1 ===
  BDOSC: k_hat=3  ACC=0.8318  NMI=0.7021  ARI=0.5594  0.7s
  tune_pool_groups=20: sampling from 22 held-in people (overlap allowed) instead of the 7 fixed partition group(s)

============================================================
σ=0.0 fold=2  test=['0009', '0019', '0026']  train mats=168  test mats=24  tune mats=480
  BDOSC: skip tuning, fixed lambda_1=0.2, lambda_2=1, gamma_1=0.01, p=1.1, max_iter=50
  wrote /nfs/turbo/umms-minjilab/lpullela/icassp_ssc_tv2/block_ssc_benchmark/cv/params/surveillance/split_k3_clean_min30_trials20_knownk_scaled_params_cv_bdosc_k3_sigma0_sigma0_fold2.json

=== P1E_S1_C1 train[0] k=3  dim=576  frames=146  σ=0.0  fold=2 ===
  BDOSC: k_hat=3  ACC=0.8425  NMI=0.7495  ARI=0.6541  1.3s

=== P1E_S1_C1 train[1] k=3  dim=576  frames=153  σ=0.0  fold=2 ===
  BDOSC: k_hat=3  ACC=0.9216  NMI=0.7943  ARI=0.7911  1.4s

=== P1E_S1_C1 train[2] k=3  dim=576  frames=140  σ=0.0  fold=2 ===
  BDOSC: k_hat=3  ACC=0.8286  NMI=0.6663  ARI=0.5478  1.9s

=== P1E_S1_C1 train[3] k=3  dim=576  frames=157  σ=0.0  fold=2 ===
  BDOSC: k_hat=3  ACC=0.8471  NMI=0.7327  ARI=0.6164  2.7s

=== P1E_S1_C1 train[4] k=3  dim=576  frames=151  σ=0.0  fold=2 ===
  BDOSC: k_hat=3  ACC=0.6026  NMI=0.6374  ARI=0.4646  1.9s

=== P1E_S1_C1 train[5] k=3  dim=576  frames=140  σ=0.0  fold=2 ===
  BDOSC: k_hat=3  ACC=0.8786  NMI=0.7219  ARI=0.6635  1.2s

=== P1E_S1_C1 train[6] k=3  dim=576  frames=171  σ=0.0  fold=2 ===
  BDOSC: k_hat=3  ACC=0.9708  NMI=0.8960  ARI=0.9182  1.8s

=== P1E_S1_C2 train[0] k=3  dim=576  frames=147  σ=0.0  fold=2 ===
  BDOSC: k_hat=3  ACC=0.7007  NMI=0.4523  ARI=0.2980  1.3s

=== P1E_S1_C2 train[1] k=3  dim=576  frames=115  σ=0.0  fold=2 ===
  BDOSC: k_hat=3  ACC=0.8783  NMI=0.7000  ARI=0.6792  0.8s

=== P1E_S1_C2 train[2] k=3  dim=576  frames=138  σ=0.0  fold=2 ===
  BDOSC: k_hat=3  ACC=0.9420  NMI=0.8271  ARI=0.8204  1.1s

=== P1E_S1_C2 train[3] k=3  dim=576  frames=113  σ=0.0  fold=2 ===
  BDOSC: k_hat=3  ACC=0.9292  NMI=0.8307  ARI=0.7951  0.8s

=== P1E_S1_C2 train[4] k=3  dim=576  frames=122  σ=0.0  fold=2 ===
  BDOSC: k_hat=3  ACC=0.5492  NMI=0.6292  ARI=0.4500  0.9s

=== P1E_S1_C2 train[5] k=3  dim=576  frames=122  σ=0.0  fold=2 ===
  BDOSC: k_hat=3  ACC=0.9344  NMI=0.8457  ARI=0.8316  0.9s

=== P1E_S1_C2 train[6] k=3  dim=576  frames=134  σ=0.0  fold=2 ===
  BDOSC: k_hat=3  ACC=1.0000  NMI=1.0000  ARI=1.0000  1.1s

=== P1E_S1_C3 train[0] k=3  dim=576  frames=58  σ=0.0  fold=2 ===
  BDOSC: k_hat=3  ACC=0.9483  NMI=0.8578  ARI=0.8376  0.2s

=== P1E_S1_C3 train[1] k=3  dim=576  frames=56  σ=0.0  fold=2 ===
  BDOSC: k_hat=3  ACC=0.9643  NMI=0.8700  ARI=0.9057  0.2s

=== P1E_S1_C3 train[2] k=3  dim=576  frames=61  σ=0.0  fold=2 ===
  BDOSC: k_hat=3  ACC=0.8852  NMI=0.7346  ARI=0.7554  0.3s

=== P1E_S1_C3 train[3] k=3  dim=576  frames=37  σ=0.0  fold=2 ===
  BDOSC: k_hat=3  ACC=1.0000  NMI=1.0000  ARI=1.0000  0.1s

=== P1E_S1_C3 train[4] k=3  dim=576  frames=55  σ=0.0  fold=2 ===
  BDOSC: k_hat=3  ACC=0.9273  NMI=0.7991  ARI=0.8034  0.2s

=== P1E_S1_C3 train[5] k=3  dim=576  frames=51  σ=0.0  fold=2 ===
  BDOSC: k_hat=3  ACC=0.9020  NMI=0.7422  ARI=0.7266  0.2s

=== P1E_S1_C3 train[6] k=3  dim=576  frames=69  σ=0.0  fold=2 ===
  BDOSC: k_hat=3  ACC=0.9565  NMI=0.8541  ARI=0.8698  0.3s

=== P1E_S2_C1 train[0] k=3  dim=576  frames=167  σ=0.0  fold=2 ===
  BDOSC: k_hat=3  ACC=0.8743  NMI=0.7173  ARI=0.6656  1.6s

=== P1E_S2_C1 train[1] k=3  dim=576  frames=151  σ=0.0  fold=2 ===
  BDOSC: k_hat=3  ACC=0.9669  NMI=0.8846  ARI=0.9022  1.4s

=== P1E_S2_C1 train[2] k=3  dim=576  frames=180  σ=0.0  fold=2 ===
  BDOSC: k_hat=3  ACC=0.9889  NMI=0.9557  ARI=0.9681  1.9s

=== P1E_S2_C1 train[3] k=3  dim=576  frames=149  σ=0.0  fold=2 ===
  BDOSC: k_hat=3  ACC=1.0000  NMI=1.0000  ARI=1.0000  1.3s

=== P1E_S2_C1 train[4] k=3  dim=576  frames=124  σ=0.0  fold=2 ===
  BDOSC: k_hat=3  ACC=0.5968  NMI=0.5939  ARI=0.4449  0.9s

=== P1E_S2_C1 train[5] k=3  dim=576  frames=161  σ=0.0  fold=2 ===
  BDOSC: k_hat=3  ACC=0.6770  NMI=0.5211  ARI=0.3772  1.5s

=== P1E_S2_C1 train[6] k=3  dim=576  frames=153  σ=0.0  fold=2 ===
  BDOSC: k_hat=3  ACC=0.9216  NMI=0.8270  ARI=0.8015  1.4s

=== P1E_S2_C2 train[0] k=3  dim=576  frames=146  σ=0.0  fold=2 ===
  BDOSC: k_hat=3  ACC=0.9384  NMI=0.8230  ARI=0.8136  1.3s

=== P1E_S2_C2 train[1] k=3  dim=576  frames=115  σ=0.0  fold=2 ===
  BDOSC: k_hat=3  ACC=0.9217  NMI=0.7839  ARI=0.7732  0.8s

=== P1E_S2_C2 train[2] k=3  dim=576  frames=144  σ=0.0  fold=2 ===
  BDOSC: k_hat=3  ACC=0.9583  NMI=0.8796  ARI=0.8733  1.2s

=== P1E_S2_C2 train[3] k=3  dim=576  frames=124  σ=0.0  fold=2 ===
  BDOSC: k_hat=3  ACC=0.9435  NMI=0.8498  ARI=0.8299  0.9s

=== P1E_S2_C2 train[4] k=3  dim=576  frames=109  σ=0.0  fold=2 ===
  BDOSC: k_hat=3  ACC=0.9266  NMI=0.8366  ARI=0.8239  0.7s

=== P1E_S2_C2 train[5] k=3  dim=576  frames=128  σ=0.0  fold=2 ===
  BDOSC: k_hat=3  ACC=0.7422  NMI=0.5527  ARI=0.4306  1.1s

=== P1E_S2_C2 train[6] k=3  dim=576  frames=126  σ=0.0  fold=2 ===
  BDOSC: k_hat=3  ACC=0.5476  NMI=0.5716  ARI=0.4215  0.9s

=== P1E_S2_C3 train[0] k=3  dim=576  frames=113  σ=0.0  fold=2 ===
  BDOSC: k_hat=3  ACC=0.9912  NMI=0.9628  ARI=0.9753  0.8s

=== P1E_S2_C3 train[1] k=3  dim=576  frames=88  σ=0.0  fold=2 ===
  BDOSC: k_hat=3  ACC=0.9545  NMI=0.8421  ARI=0.8584  0.5s

=== P1E_S2_C3 train[2] k=3  dim=576  frames=112  σ=0.0  fold=2 ===
  BDOSC: k_hat=3  ACC=0.8571  NMI=0.7287  ARI=0.6591  0.8s

=== P1E_S2_C3 train[3] k=3  dim=576  frames=99  σ=0.0  fold=2 ===
  BDOSC: k_hat=3  ACC=0.9697  NMI=0.9056  ARI=0.9106  0.6s

=== P1E_S2_C3 train[4] k=3  dim=576  frames=87  σ=0.0  fold=2 ===
  BDOSC: k_hat=3  ACC=0.8966  NMI=0.7369  ARI=0.7243  0.5s

=== P1E_S2_C3 train[5] k=3  dim=576  frames=105  σ=0.0  fold=2 ===
  BDOSC: k_hat=3  ACC=0.9905  NMI=0.9607  ARI=0.9722  0.7s

=== P1E_S2_C3 train[6] k=3  dim=576  frames=89  σ=0.0  fold=2 ===
  BDOSC: k_hat=3  ACC=0.9775  NMI=0.9248  ARI=0.9383  0.5s

=== P1E_S3_C1 train[0] k=3  dim=576  frames=166  σ=0.0  fold=2 ===
  BDOSC: k_hat=3  ACC=0.8554  NMI=0.7353  ARI=0.6139  1.7s

=== P1E_S3_C1 train[1] k=3  dim=576  frames=139  σ=0.0  fold=2 ===
  BDOSC: k_hat=3  ACC=0.7266  NMI=0.6687  ARI=0.5342  1.2s

=== P1E_S3_C1 train[2] k=3  dim=576  frames=161  σ=0.0  fold=2 ===
  BDOSC: k_hat=3  ACC=0.6149  NMI=0.3772  ARI=0.1803  1.5s

=== P1E_S3_C1 train[3] k=3  dim=576  frames=168  σ=0.0  fold=2 ===
  BDOSC: k_hat=3  ACC=0.8750  NMI=0.7257  ARI=0.6598  1.6s

=== P1E_S3_C1 train[4] k=3  dim=576  frames=123  σ=0.0  fold=2 ===
  BDOSC: k_hat=3  ACC=0.9106  NMI=0.7905  ARI=0.7756  0.9s

=== P1E_S3_C1 train[5] k=3  dim=576  frames=204  σ=0.0  fold=2 ===
  BDOSC: k_hat=3  ACC=0.5392  NMI=0.3668  ARI=0.1362  2.6s

=== P1E_S3_C1 train[6] k=3  dim=576  frames=112  σ=0.0  fold=2 ===
  BDOSC: k_hat=3  ACC=1.0000  NMI=1.0000  ARI=1.0000  0.8s

=== P1E_S3_C2 train[0] k=3  dim=576  frames=147  σ=0.0  fold=2 ===
  BDOSC: k_hat=3  ACC=0.9864  NMI=0.9445  ARI=0.9542  1.3s

=== P1E_S3_C2 train[1] k=3  dim=576  frames=120  σ=0.0  fold=2 ===
  BDOSC: k_hat=3  ACC=0.8417  NMI=0.6499  ARI=0.5746  0.9s

=== P1E_S3_C2 train[2] k=3  dim=576  frames=168  σ=0.0  fold=2 ===
  BDOSC: k_hat=3  ACC=0.9226  NMI=0.7804  ARI=0.7810  1.6s

=== P1E_S3_C2 train[3] k=3  dim=576  frames=169  σ=0.0  fold=2 ===
  BDOSC: k_hat=3  ACC=0.7692  NMI=0.6751  ARI=0.4891  1.7s

=== P1E_S3_C2 train[4] k=3  dim=576  frames=107  σ=0.0  fold=2 ===
  BDOSC: k_hat=3  ACC=0.5888  NMI=0.6662  ARI=0.4710  0.7s

=== P1E_S3_C2 train[5] k=3  dim=576  frames=146  σ=0.0  fold=2 ===
  BDOSC: k_hat=3  ACC=0.9726  NMI=0.9028  ARI=0.9116  1.3s

=== P1E_S3_C2 train[6] k=3  dim=576  frames=114  σ=0.0  fold=2 ===
  BDOSC: k_hat=3  ACC=0.9298  NMI=0.8460  ARI=0.8665  0.8s

=== P1E_S3_C3 train[0] k=3  dim=576  frames=105  σ=0.0  fold=2 ===
  BDOSC: k_hat=3  ACC=0.9905  NMI=0.9593  ARI=0.9687  0.7s

=== P1E_S3_C3 train[1] k=3  dim=576  frames=89  σ=0.0  fold=2 ===
  BDOSC: k_hat=3  ACC=0.9888  NMI=0.9533  ARI=0.9646  0.5s

=== P1E_S3_C3 train[2] k=3  dim=576  frames=125  σ=0.0  fold=2 ===
  BDOSC: k_hat=3  ACC=0.8800  NMI=0.7376  ARI=0.6737  0.9s

=== P1E_S3_C3 train[3] k=3  dim=576  frames=128  σ=0.0  fold=2 ===
  BDOSC: k_hat=3  ACC=0.7344  NMI=0.6459  ARI=0.5126  1.1s

=== P1E_S3_C3 train[4] k=3  dim=576  frames=83  σ=0.0  fold=2 ===
  BDOSC: k_hat=3  ACC=0.9639  NMI=0.8955  ARI=0.9023  0.5s

=== P1E_S3_C3 train[5] k=3  dim=576  frames=129  σ=0.0  fold=2 ===
  BDOSC: k_hat=3  ACC=0.9845  NMI=0.9427  ARI=0.9553  1.0s

=== P1E_S3_C3 train[6] k=3  dim=576  frames=84  σ=0.0  fold=2 ===
  BDOSC: k_hat=3  ACC=0.9762  NMI=0.9062  ARI=0.9376  0.5s

=== P1E_S4_C1 train[0] k=3  dim=576  frames=158  σ=0.0  fold=2 ===
  BDOSC: k_hat=3  ACC=0.7658  NMI=0.5463  ARI=0.4168  1.5s

=== P1E_S4_C1 train[1] k=3  dim=576  frames=107  σ=0.0  fold=2 ===
  BDOSC: k_hat=3  ACC=0.8505  NMI=0.6682  ARI=0.6239  0.7s

=== P1E_S4_C1 train[2] k=3  dim=576  frames=182  σ=0.0  fold=2 ===
  BDOSC: k_hat=3  ACC=0.7692  NMI=0.5910  ARI=0.4870  2.0s

=== P1E_S4_C1 train[3] k=3  dim=576  frames=180  σ=0.0  fold=2 ===
  BDOSC: k_hat=3  ACC=0.8833  NMI=0.7790  ARI=0.7054  1.9s

=== P1E_S4_C1 train[4] k=3  dim=576  frames=133  σ=0.0  fold=2 ===
  BDOSC: k_hat=3  ACC=0.7970  NMI=0.6172  ARI=0.5119  1.0s

=== P1E_S4_C1 train[5] k=3  dim=576  frames=147  σ=0.0  fold=2 ===
  BDOSC: k_hat=3  ACC=0.7279  NMI=0.5877  ARI=0.4879  1.3s

=== P1E_S4_C1 train[6] k=3  dim=576  frames=145  σ=0.0  fold=2 ===
  BDOSC: k_hat=3  ACC=0.9931  NMI=0.9695  ARI=0.9805  1.2s

=== P1E_S4_C2 train[0] k=3  dim=576  frames=117  σ=0.0  fold=2 ===
  BDOSC: k_hat=3  ACC=0.9487  NMI=0.8643  ARI=0.8524  0.8s

=== P1E_S4_C2 train[1] k=3  dim=576  frames=125  σ=0.0  fold=2 ===
  BDOSC: k_hat=3  ACC=0.9040  NMI=0.7595  ARI=0.7293  0.9s

=== P1E_S4_C2 train[2] k=3  dim=576  frames=126  σ=0.0  fold=2 ===
  BDOSC: k_hat=3  ACC=0.9841  NMI=0.9299  ARI=0.9511  0.9s

=== P1E_S4_C2 train[3] k=3  dim=576  frames=140  σ=0.0  fold=2 ===
  BDOSC: k_hat=3  ACC=0.9857  NMI=0.9434  ARI=0.9545  1.2s

=== P1E_S4_C2 train[4] k=3  dim=576  frames=129  σ=0.0  fold=2 ===
  BDOSC: k_hat=3  ACC=0.5659  NMI=0.6611  ARI=0.4614  1.0s

=== P1E_S4_C2 train[5] k=3  dim=576  frames=146  σ=0.0  fold=2 ===
  BDOSC: k_hat=3  ACC=0.9110  NMI=0.7538  ARI=0.7446  1.3s

=== P1E_S4_C2 train[6] k=3  dim=576  frames=110  σ=0.0  fold=2 ===
  BDOSC: k_hat=3  ACC=0.9727  NMI=0.8980  ARI=0.9254  0.7s

=== P1E_S4_C3 train[0] k=3  dim=576  frames=90  σ=0.0  fold=2 ===
  BDOSC: k_hat=3  ACC=0.9667  NMI=0.8988  ARI=0.9022  0.5s

=== P1E_S4_C3 train[1] k=3  dim=576  frames=64  σ=0.0  fold=2 ===
  BDOSC: k_hat=3  ACC=0.8438  NMI=0.6740  ARI=0.6011  0.3s

=== P1E_S4_C3 train[2] k=3  dim=576  frames=105  σ=0.0  fold=2 ===
  BDOSC: k_hat=3  ACC=0.5238  NMI=0.5754  ARI=0.4130  0.7s

=== P1E_S4_C3 train[3] k=3  dim=576  frames=87  σ=0.0  fold=2 ===
  BDOSC: k_hat=3  ACC=0.9425  NMI=0.8287  ARI=0.8325  0.5s

=== P1E_S4_C3 train[4] k=3  dim=576  frames=76  σ=0.0  fold=2 ===
  BDOSC: k_hat=3  ACC=0.8947  NMI=0.7972  ARI=0.7470  0.4s

=== P1E_S4_C3 train[5] k=3  dim=576  frames=106  σ=0.0  fold=2 ===
  BDOSC: k_hat=3  ACC=0.9057  NMI=0.7581  ARI=0.7542  0.7s

=== P1E_S4_C3 train[6] k=3  dim=576  frames=79  σ=0.0  fold=2 ===
  BDOSC: k_hat=3  ACC=0.9873  NMI=0.9504  ARI=0.9609  0.4s

=== P1L_S1_C1 train[0] k=3  dim=576  frames=162  σ=0.0  fold=2 ===
  BDOSC: k_hat=3  ACC=0.9321  NMI=0.8404  ARI=0.8237  1.6s

=== P1L_S1_C1 train[1] k=3  dim=576  frames=170  σ=0.0  fold=2 ===
  BDOSC: k_hat=3  ACC=0.8294  NMI=0.6934  ARI=0.5658  1.8s

=== P1L_S1_C1 train[2] k=3  dim=576  frames=182  σ=0.0  fold=2 ===
  BDOSC: k_hat=3  ACC=0.7967  NMI=0.5874  ARI=0.4809  1.9s

=== P1L_S1_C1 train[3] k=3  dim=576  frames=198  σ=0.0  fold=2 ===
  BDOSC: k_hat=3  ACC=0.8182  NMI=0.6194  ARI=0.5546  2.3s

=== P1L_S1_C1 train[4] k=3  dim=576  frames=166  σ=0.0  fold=2 ===
  BDOSC: k_hat=3  ACC=0.6024  NMI=0.6091  ARI=0.4521  1.7s

=== P1L_S1_C1 train[5] k=3  dim=576  frames=116  σ=0.0  fold=2 ===
  BDOSC: k_hat=3  ACC=0.9310  NMI=0.8178  ARI=0.8208  0.8s

=== P1L_S1_C1 train[6] k=3  dim=576  frames=175  σ=0.0  fold=2 ===
  BDOSC: k_hat=3  ACC=0.5429  NMI=0.3496  ARI=0.1689  1.8s

=== P1L_S1_C2 train[0] k=3  dim=576  frames=186  σ=0.0  fold=2 ===
  BDOSC: k_hat=3  ACC=0.7312  NMI=0.4980  ARI=0.3447  2.1s

=== P1L_S1_C2 train[1] k=3  dim=576  frames=137  σ=0.0  fold=2 ===
  BDOSC: k_hat=3  ACC=0.9927  NMI=0.9671  ARI=0.9761  1.1s

=== P1L_S1_C2 train[2] k=3  dim=576  frames=181  σ=0.0  fold=2 ===
  BDOSC: k_hat=3  ACC=0.9945  NMI=0.9739  ARI=0.9823  2.0s

=== P1L_S1_C2 train[3] k=3  dim=576  frames=128  σ=0.0  fold=2 ===
  BDOSC: k_hat=3  ACC=0.9531  NMI=0.8778  ARI=0.8905  1.1s

=== P1L_S1_C2 train[4] k=3  dim=576  frames=154  σ=0.0  fold=2 ===
  BDOSC: k_hat=3  ACC=0.8182  NMI=0.7244  ARI=0.5951  1.4s

=== P1L_S1_C2 train[5] k=3  dim=576  frames=142  σ=0.0  fold=2 ===
  BDOSC: k_hat=3  ACC=0.8873  NMI=0.7696  ARI=0.6838  1.2s

=== P1L_S1_C2 train[6] k=3  dim=576  frames=168  σ=0.0  fold=2 ===
  BDOSC: k_hat=3  ACC=0.6190  NMI=0.5576  ARI=0.4286  1.6s

=== P1L_S1_C3 train[0] k=3  dim=576  frames=60  σ=0.0  fold=2 ===
  BDOSC: k_hat=3  ACC=0.5500  NMI=0.5529  ARI=0.3893  0.3s

=== P1L_S1_C3 train[1] k=3  dim=576  frames=68  σ=0.0  fold=2 ===
  BDOSC: k_hat=3  ACC=1.0000  NMI=1.0000  ARI=1.0000  0.3s

=== P1L_S1_C3 train[2] k=3  dim=576  frames=74  σ=0.0  fold=2 ===
  BDOSC: k_hat=3  ACC=0.8514  NMI=0.6640  ARI=0.6046  0.3s

=== P1L_S1_C3 train[3] k=3  dim=576  frames=73  σ=0.0  fold=2 ===
  BDOSC: k_hat=3  ACC=0.8493  NMI=0.6574  ARI=0.5984  0.4s

=== P1L_S1_C3 train[4] k=3  dim=576  frames=64  σ=0.0  fold=2 ===
  BDOSC: k_hat=3  ACC=0.8281  NMI=0.6977  ARI=0.6235  0.3s

=== P1L_S1_C3 train[5] k=3  dim=576  frames=63  σ=0.0  fold=2 ===
  BDOSC: k_hat=3  ACC=0.6984  NMI=0.6872  ARI=0.5377  0.3s

=== P1L_S1_C3 train[6] k=3  dim=576  frames=75  σ=0.0  fold=2 ===
  BDOSC: k_hat=3  ACC=1.0000  NMI=1.0000  ARI=1.0000  0.4s

=== P1L_S2_C1 train[0] k=3  dim=576  frames=211  σ=0.0  fold=2 ===
  BDOSC: k_hat=3  ACC=0.8720  NMI=0.6990  ARI=0.6593  2.7s

=== P1L_S2_C1 train[1] k=3  dim=576  frames=190  σ=0.0  fold=2 ===
  BDOSC: k_hat=3  ACC=0.6579  NMI=0.4910  ARI=0.3488  2.1s

=== P1L_S2_C1 train[2] k=3  dim=576  frames=177  σ=0.0  fold=2 ===
  BDOSC: k_hat=3  ACC=0.8079  NMI=0.6702  ARI=0.5508  1.8s

=== P1L_S2_C1 train[3] k=3  dim=576  frames=172  σ=0.0  fold=2 ===
  BDOSC: k_hat=3  ACC=0.9477  NMI=0.8648  ARI=0.8631  1.7s

=== P1L_S2_C1 train[4] k=3  dim=576  frames=179  σ=0.0  fold=2 ===
  BDOSC: k_hat=3  ACC=0.9777  NMI=0.9244  ARI=0.9377  1.9s

=== P1L_S2_C1 train[5] k=3  dim=576  frames=180  σ=0.0  fold=2 ===
  BDOSC: k_hat=3  ACC=0.7167  NMI=0.5321  ARI=0.4633  2.0s

=== P1L_S2_C1 train[6] k=3  dim=576  frames=133  σ=0.0  fold=2 ===
  BDOSC: k_hat=3  ACC=0.9774  NMI=0.9260  ARI=0.9549  1.1s

=== P1L_S2_C2 train[0] k=3  dim=576  frames=194  σ=0.0  fold=2 ===
  BDOSC: k_hat=3  ACC=0.8711  NMI=0.7077  ARI=0.6266  2.2s

=== P1L_S2_C2 train[1] k=3  dim=576  frames=155  σ=0.0  fold=2 ===
  BDOSC: k_hat=3  ACC=0.8258  NMI=0.6543  ARI=0.5677  1.5s

=== P1L_S2_C2 train[2] k=3  dim=576  frames=186  σ=0.0  fold=2 ===
  BDOSC: k_hat=3  ACC=0.9731  NMI=0.9132  ARI=0.9230  2.1s

=== P1L_S2_C2 train[3] k=3  dim=576  frames=201  σ=0.0  fold=2 ===
  BDOSC: k_hat=3  ACC=0.7960  NMI=0.6508  ARI=0.5443  2.4s

=== P1L_S2_C2 train[4] k=3  dim=576  frames=171  σ=0.0  fold=2 ===
  BDOSC: k_hat=3  ACC=0.9474  NMI=0.8495  ARI=0.8635  1.8s

=== P1L_S2_C2 train[5] k=3  dim=576  frames=160  σ=0.0  fold=2 ===
  BDOSC: k_hat=3  ACC=0.9062  NMI=0.7778  ARI=0.7080  1.5s

=== P1L_S2_C2 train[6] k=3  dim=576  frames=154  σ=0.0  fold=2 ===
  BDOSC: k_hat=3  ACC=0.5974  NMI=0.5835  ARI=0.4611  1.4s

=== P1L_S2_C3 train[0] k=3  dim=576  frames=119  σ=0.0  fold=2 ===
  BDOSC: k_hat=3  ACC=0.9916  NMI=0.9629  ARI=0.9741  0.8s

=== P1L_S2_C3 train[1] k=3  dim=576  frames=101  σ=0.0  fold=2 ===
  BDOSC: k_hat=3  ACC=0.9802  NMI=0.9146  ARI=0.9368  0.7s

=== P1L_S2_C3 train[2] k=3  dim=576  frames=112  σ=0.0  fold=2 ===
  BDOSC: k_hat=3  ACC=0.9911  NMI=0.9629  ARI=0.9763  0.8s

=== P1L_S2_C3 train[3] k=3  dim=576  frames=126  σ=0.0  fold=2 ===
  BDOSC: k_hat=3  ACC=0.8413  NMI=0.7417  ARI=0.6278  0.9s

=== P1L_S2_C3 train[4] k=3  dim=576  frames=102  σ=0.0  fold=2 ===
  BDOSC: k_hat=3  ACC=0.9902  NMI=0.9599  ARI=0.9718  0.7s

=== P1L_S2_C3 train[5] k=3  dim=576  frames=121  σ=0.0  fold=2 ===
  BDOSC: k_hat=3  ACC=0.9917  NMI=0.9651  ARI=0.9777  0.9s

=== P1L_S2_C3 train[6] k=3  dim=576  frames=99  σ=0.0  fold=2 ===
  BDOSC: k_hat=3  ACC=0.9899  NMI=0.9589  ARI=0.9711  0.6s

=== P1L_S3_C1 train[0] k=3  dim=576  frames=156  σ=0.0  fold=2 ===
  BDOSC: k_hat=3  ACC=0.5641  NMI=0.4907  ARI=0.3298  1.5s

=== P1L_S3_C1 train[1] k=3  dim=576  frames=120  σ=0.0  fold=2 ===
  BDOSC: k_hat=3  ACC=0.8083  NMI=0.6046  ARI=0.4835  0.9s

=== P1L_S3_C1 train[2] k=3  dim=576  frames=156  σ=0.0  fold=2 ===
  BDOSC: k_hat=3  ACC=0.7308  NMI=0.5146  ARI=0.3704  1.5s

=== P1L_S3_C1 train[3] k=3  dim=576  frames=159  σ=0.0  fold=2 ===
  BDOSC: k_hat=3  ACC=0.7925  NMI=0.5858  ARI=0.4515  1.5s

=== P1L_S3_C1 train[4] k=3  dim=576  frames=172  σ=0.0  fold=2 ===
  BDOSC: k_hat=3  ACC=0.6163  NMI=0.3783  ARI=0.1567  1.8s

=== P1L_S3_C1 train[5] k=3  dim=576  frames=176  σ=0.0  fold=2 ===
  BDOSC: k_hat=3  ACC=0.5739  NMI=0.4348  ARI=0.2552  1.8s

=== P1L_S3_C1 train[6] k=3  dim=576  frames=134  σ=0.0  fold=2 ===
  BDOSC: k_hat=3  ACC=0.8881  NMI=0.7174  ARI=0.7009  1.1s

=== P1L_S3_C2 train[0] k=3  dim=576  frames=185  σ=0.0  fold=2 ===
  BDOSC: k_hat=3  ACC=0.9081  NMI=0.7660  ARI=0.7424  2.0s

=== P1L_S3_C2 train[1] k=3  dim=576  frames=125  σ=0.0  fold=2 ===
  BDOSC: k_hat=3  ACC=0.6400  NMI=0.3999  ARI=0.1857  1.0s

=== P1L_S3_C2 train[2] k=3  dim=576  frames=209  σ=0.0  fold=2 ===
  BDOSC: k_hat=3  ACC=0.5550  NMI=0.5268  ARI=0.3774  2.7s

=== P1L_S3_C2 train[3] k=3  dim=576  frames=168  σ=0.0  fold=2 ===
  BDOSC: k_hat=3  ACC=0.8214  NMI=0.7601  ARI=0.7253  1.6s

=== P1L_S3_C2 train[4] k=3  dim=576  frames=187  σ=0.0  fold=2 ===
  BDOSC: k_hat=3  ACC=0.5508  NMI=0.5027  ARI=0.3515  2.1s

=== P1L_S3_C2 train[5] k=3  dim=576  frames=229  σ=0.0  fold=2 ===
  BDOSC: k_hat=3  ACC=0.5022  NMI=0.5233  ARI=0.3438  3.1s

=== P1L_S3_C2 train[6] k=3  dim=576  frames=136  σ=0.0  fold=2 ===
  BDOSC: k_hat=3  ACC=0.7279  NMI=0.4698  ARI=0.3100  1.1s

=== P1L_S3_C3 train[0] k=3  dim=576  frames=151  σ=0.0  fold=2 ===
  BDOSC: k_hat=3  ACC=0.8013  NMI=0.6762  ARI=0.4928  1.3s

=== P1L_S3_C3 train[1] k=3  dim=576  frames=118  σ=0.0  fold=2 ===
  BDOSC: k_hat=3  ACC=0.8644  NMI=0.7607  ARI=0.6741  0.8s

=== P1L_S3_C3 train[2] k=3  dim=576  frames=142  σ=0.0  fold=2 ===
  BDOSC: k_hat=3  ACC=0.9789  NMI=0.9140  ARI=0.9345  1.2s

=== P1L_S3_C3 train[3] k=3  dim=576  frames=134  σ=0.0  fold=2 ===
  BDOSC: k_hat=3  ACC=0.9478  NMI=0.8644  ARI=0.8633  1.1s

=== P1L_S3_C3 train[4] k=3  dim=576  frames=110  σ=0.0  fold=2 ===
  BDOSC: k_hat=3  ACC=0.9636  NMI=0.8932  ARI=0.8941  0.7s

=== P1L_S3_C3 train[5] k=3  dim=576  frames=161  σ=0.0  fold=2 ===
  BDOSC: k_hat=3  ACC=0.7888  NMI=0.6753  ARI=0.5967  1.5s

=== P1L_S3_C3 train[6] k=3  dim=576  frames=114  σ=0.0  fold=2 ===
  BDOSC: k_hat=3  ACC=0.6754  NMI=0.5200  ARI=0.3724  0.8s

=== P1L_S4_C1 train[0] k=3  dim=576  frames=200  σ=0.0  fold=2 ===
  BDOSC: k_hat=3  ACC=0.9000  NMI=0.7943  ARI=0.7435  2.4s

=== P1L_S4_C1 train[1] k=3  dim=576  frames=157  σ=0.0  fold=2 ===
  BDOSC: k_hat=3  ACC=0.7325  NMI=0.6731  ARI=0.4782  1.5s

=== P1L_S4_C1 train[2] k=3  dim=576  frames=168  σ=0.0  fold=2 ===
  BDOSC: k_hat=3  ACC=0.8095  NMI=0.6082  ARI=0.5160  1.6s

=== P1L_S4_C1 train[3] k=3  dim=576  frames=142  σ=0.0  fold=2 ===
  BDOSC: k_hat=3  ACC=0.7817  NMI=0.5648  ARI=0.4434  1.2s

=== P1L_S4_C1 train[4] k=3  dim=576  frames=164  σ=0.0  fold=2 ===
  BDOSC: k_hat=3  ACC=0.8598  NMI=0.7355  ARI=0.6694  1.6s

=== P1L_S4_C1 train[5] k=3  dim=576  frames=187  σ=0.0  fold=2 ===
  BDOSC: k_hat=3  ACC=0.8556  NMI=0.6983  ARI=0.6103  2.0s

=== P1L_S4_C1 train[6] k=3  dim=576  frames=202  σ=0.0  fold=2 ===
  BDOSC: k_hat=3  ACC=0.8911  NMI=0.7232  ARI=0.6948  2.4s

=== P1L_S4_C2 train[0] k=3  dim=576  frames=157  σ=0.0  fold=2 ===
  BDOSC: k_hat=3  ACC=0.8599  NMI=0.7321  ARI=0.6124  1.5s

=== P1L_S4_C2 train[1] k=3  dim=576  frames=149  σ=0.0  fold=2 ===
  BDOSC: k_hat=3  ACC=0.9396  NMI=0.8216  ARI=0.8386  1.3s

=== P1L_S4_C2 train[2] k=3  dim=576  frames=168  σ=0.0  fold=2 ===
  BDOSC: k_hat=3  ACC=0.9226  NMI=0.8224  ARI=0.7978  1.6s

=== P1L_S4_C2 train[3] k=3  dim=576  frames=154  σ=0.0  fold=2 ===
  BDOSC: k_hat=3  ACC=0.8377  NMI=0.6997  ARI=0.5739  1.4s

=== P1L_S4_C2 train[4] k=3  dim=576  frames=152  σ=0.0  fold=2 ===
  BDOSC: k_hat=3  ACC=0.8224  NMI=0.6469  ARI=0.5752  1.4s

=== P1L_S4_C2 train[5] k=3  dim=576  frames=169  σ=0.0  fold=2 ===
  BDOSC: k_hat=3  ACC=0.7870  NMI=0.7250  ARI=0.6129  1.7s

=== P1L_S4_C2 train[6] k=3  dim=576  frames=153  σ=0.0  fold=2 ===
  BDOSC: k_hat=3  ACC=0.6536  NMI=0.5149  ARI=0.3620  1.4s

=== P1L_S4_C3 train[0] k=3  dim=576  frames=96  σ=0.0  fold=2 ===
  BDOSC: k_hat=3  ACC=0.9896  NMI=0.9573  ARI=0.9690  0.6s

=== P1L_S4_C3 train[1] k=3  dim=576  frames=107  σ=0.0  fold=2 ===
  BDOSC: k_hat=3  ACC=0.8318  NMI=0.7021  ARI=0.5594  0.7s

=== P1L_S4_C3 train[2] k=3  dim=576  frames=117  σ=0.0  fold=2 ===
  BDOSC: k_hat=3  ACC=0.9060  NMI=0.7862  ARI=0.7153  0.8s

=== P1L_S4_C3 train[3] k=3  dim=576  frames=112  σ=0.0  fold=2 ===
  BDOSC: k_hat=3  ACC=0.8036  NMI=0.6883  ARI=0.5741  0.8s

=== P1L_S4_C3 train[4] k=3  dim=576  frames=103  σ=0.0  fold=2 ===
  BDOSC: k_hat=3  ACC=0.9223  NMI=0.8288  ARI=0.8059  0.7s

=== P1L_S4_C3 train[5] k=3  dim=576  frames=105  σ=0.0  fold=2 ===
  BDOSC: k_hat=3  ACC=0.5143  NMI=0.5244  ARI=0.3419  0.7s

=== P1L_S4_C3 train[6] k=3  dim=576  frames=107  σ=0.0  fold=2 ===
  BDOSC: k_hat=3  ACC=0.9813  NMI=0.9224  ARI=0.9474  0.7s

=== P1E_S1_C1 test[0] k=3  dim=576  frames=130  σ=0.0  fold=2 ===
  BDOSC: k_hat=3  ACC=0.9385  NMI=0.8158  ARI=0.8190  1.0s

=== P1E_S1_C2 test[0] k=3  dim=576  frames=104  σ=0.0  fold=2 ===
  BDOSC: k_hat=3  ACC=0.9038  NMI=0.7552  ARI=0.7267  0.7s

=== P1E_S1_C3 test[0] k=3  dim=576  frames=47  σ=0.0  fold=2 ===
  BDOSC: k_hat=3  ACC=0.9362  NMI=0.8516  ARI=0.8505  0.2s

=== P1E_S2_C1 test[0] k=3  dim=576  frames=136  σ=0.0  fold=2 ===
  BDOSC: k_hat=3  ACC=0.8456  NMI=0.7540  ARI=0.6723  1.1s

=== P1E_S2_C2 test[0] k=3  dim=576  frames=109  σ=0.0  fold=2 ===
  BDOSC: k_hat=3  ACC=0.9725  NMI=0.9131  ARI=0.9228  0.7s

=== P1E_S2_C3 test[0] k=3  dim=576  frames=90  σ=0.0  fold=2 ===
  BDOSC: k_hat=3  ACC=0.9444  NMI=0.8320  ARI=0.8392  0.5s

=== P1E_S3_C1 test[0] k=3  dim=576  frames=134  σ=0.0  fold=2 ===
  BDOSC: k_hat=3  ACC=0.8134  NMI=0.7133  ARI=0.5653  1.1s

=== P1E_S3_C2 test[0] k=3  dim=576  frames=112  σ=0.0  fold=2 ===
  BDOSC: k_hat=3  ACC=0.9196  NMI=0.7893  ARI=0.7621  0.8s

=== P1E_S3_C3 test[0] k=3  dim=576  frames=84  σ=0.0  fold=2 ===
  BDOSC: k_hat=3  ACC=0.9762  NMI=0.9165  ARI=0.9208  0.5s

=== P1E_S4_C1 test[0] k=3  dim=576  frames=155  σ=0.0  fold=2 ===
  BDOSC: k_hat=3  ACC=0.7355  NMI=0.5860  ARI=0.4658  1.4s

=== P1E_S4_C2 test[0] k=3  dim=576  frames=122  σ=0.0  fold=2 ===
  BDOSC: k_hat=3  ACC=0.9426  NMI=0.8538  ARI=0.8350  0.9s

=== P1E_S4_C3 test[0] k=3  dim=576  frames=85  σ=0.0  fold=2 ===
  BDOSC: k_hat=3  ACC=0.9529  NMI=0.8505  ARI=0.8670  0.5s

=== P1L_S1_C1 test[0] k=3  dim=576  frames=155  σ=0.0  fold=2 ===
  BDOSC: k_hat=3  ACC=0.6710  NMI=0.5078  ARI=0.3505  1.4s

=== P1L_S1_C2 test[0] k=3  dim=576  frames=147  σ=0.0  fold=2 ===
  BDOSC: k_hat=3  ACC=0.8367  NMI=0.7209  ARI=0.6406  1.3s

=== P1L_S1_C3 test[0] k=3  dim=576  frames=65  σ=0.0  fold=2 ===
  BDOSC: k_hat=3  ACC=0.9077  NMI=0.8065  ARI=0.7650  0.3s

=== P1L_S2_C1 test[0] k=3  dim=576  frames=180  σ=0.0  fold=2 ===
  BDOSC: k_hat=3  ACC=0.9167  NMI=0.7729  ARI=0.7854  1.9s

=== P1L_S2_C2 test[0] k=3  dim=576  frames=134  σ=0.0  fold=2 ===
  BDOSC: k_hat=3  ACC=0.9776  NMI=0.9103  ARI=0.9389  1.1s

=== P1L_S2_C3 test[0] k=3  dim=576  frames=85  σ=0.0  fold=2 ===
  BDOSC: k_hat=3  ACC=0.9529  NMI=0.8764  ARI=0.8899  0.5s

=== P1L_S3_C1 test[0] k=3  dim=576  frames=185  σ=0.0  fold=2 ===
  BDOSC: k_hat=3  ACC=0.9784  NMI=0.9150  ARI=0.9348  2.0s

=== P1L_S3_C2 test[0] k=3  dim=576  frames=166  σ=0.0  fold=2 ===
  BDOSC: k_hat=3  ACC=0.8855  NMI=0.7624  ARI=0.7212  1.7s

=== P1L_S3_C3 test[0] k=3  dim=576  frames=121  σ=0.0  fold=2 ===
  BDOSC: k_hat=3  ACC=0.8926  NMI=0.7397  ARI=0.6943  0.9s

=== P1L_S4_C1 test[0] k=3  dim=576  frames=154  σ=0.0  fold=2 ===
  BDOSC: k_hat=3  ACC=0.7922  NMI=0.5979  ARI=0.4749  1.4s

=== P1L_S4_C2 test[0] k=3  dim=576  frames=175  σ=0.0  fold=2 ===
  BDOSC: k_hat=3  ACC=1.0000  NMI=1.0000  ARI=1.0000  1.8s

=== P1L_S4_C3 test[0] k=3  dim=576  frames=94  σ=0.0  fold=2 ===
  BDOSC: k_hat=3  ACC=0.8085  NMI=0.7291  ARI=0.6083  0.6s
  tune_pool_groups=20: sampling from 22 held-in people (overlap allowed) instead of the 7 fixed partition group(s)

============================================================
σ=0.0 fold=3  test=['0005', '0024', '0025']  train mats=168  test mats=24  tune mats=480
  BDOSC: skip tuning, fixed lambda_1=0.2, lambda_2=1, gamma_1=0.01, p=1.1, max_iter=50
  wrote /nfs/turbo/umms-minjilab/lpullela/icassp_ssc_tv2/block_ssc_benchmark/cv/params/surveillance/split_k3_clean_min30_trials20_knownk_scaled_params_cv_bdosc_k3_sigma0_sigma0_fold3.json

=== P1E_S1_C1 train[0] k=3  dim=576  frames=146  σ=0.0  fold=3 ===
  BDOSC: k_hat=3  ACC=0.8425  NMI=0.7495  ARI=0.6541  1.3s

=== P1E_S1_C1 train[1] k=3  dim=576  frames=153  σ=0.0  fold=3 ===
  BDOSC: k_hat=3  ACC=0.9216  NMI=0.7943  ARI=0.7911  1.4s

=== P1E_S1_C1 train[2] k=3  dim=576  frames=130  σ=0.0  fold=3 ===
  BDOSC: k_hat=3  ACC=0.9385  NMI=0.8158  ARI=0.8190  1.0s

=== P1E_S1_C1 train[3] k=3  dim=576  frames=157  σ=0.0  fold=3 ===
  BDOSC: k_hat=3  ACC=0.8471  NMI=0.7327  ARI=0.6164  1.5s

=== P1E_S1_C1 train[4] k=3  dim=576  frames=151  σ=0.0  fold=3 ===
  BDOSC: k_hat=3  ACC=0.6026  NMI=0.6374  ARI=0.4646  1.4s

=== P1E_S1_C1 train[5] k=3  dim=576  frames=140  σ=0.0  fold=3 ===
  BDOSC: k_hat=3  ACC=0.8786  NMI=0.7219  ARI=0.6635  1.2s

=== P1E_S1_C1 train[6] k=3  dim=576  frames=171  σ=0.0  fold=3 ===
  BDOSC: k_hat=3  ACC=0.9708  NMI=0.8960  ARI=0.9182  1.8s

=== P1E_S1_C2 train[0] k=3  dim=576  frames=147  σ=0.0  fold=3 ===
  BDOSC: k_hat=3  ACC=0.7007  NMI=0.4523  ARI=0.2980  1.3s

=== P1E_S1_C2 train[1] k=3  dim=576  frames=115  σ=0.0  fold=3 ===
  BDOSC: k_hat=3  ACC=0.8783  NMI=0.7000  ARI=0.6792  0.8s

=== P1E_S1_C2 train[2] k=3  dim=576  frames=104  σ=0.0  fold=3 ===
  BDOSC: k_hat=3  ACC=0.9038  NMI=0.7552  ARI=0.7267  0.7s

=== P1E_S1_C2 train[3] k=3  dim=576  frames=113  σ=0.0  fold=3 ===
  BDOSC: k_hat=3  ACC=0.9292  NMI=0.8307  ARI=0.7951  0.8s

=== P1E_S1_C2 train[4] k=3  dim=576  frames=122  σ=0.0  fold=3 ===
  BDOSC: k_hat=3  ACC=0.5492  NMI=0.6292  ARI=0.4500  0.9s

=== P1E_S1_C2 train[5] k=3  dim=576  frames=122  σ=0.0  fold=3 ===
  BDOSC: k_hat=3  ACC=0.9344  NMI=0.8457  ARI=0.8316  0.9s

=== P1E_S1_C2 train[6] k=3  dim=576  frames=134  σ=0.0  fold=3 ===
  BDOSC: k_hat=3  ACC=1.0000  NMI=1.0000  ARI=1.0000  1.1s

=== P1E_S1_C3 train[0] k=3  dim=576  frames=58  σ=0.0  fold=3 ===
  BDOSC: k_hat=3  ACC=0.9483  NMI=0.8578  ARI=0.8376  0.2s

=== P1E_S1_C3 train[1] k=3  dim=576  frames=56  σ=0.0  fold=3 ===
  BDOSC: k_hat=3  ACC=0.9643  NMI=0.8700  ARI=0.9057  0.2s

=== P1E_S1_C3 train[2] k=3  dim=576  frames=47  σ=0.0  fold=3 ===
  BDOSC: k_hat=3  ACC=0.9362  NMI=0.8516  ARI=0.8505  0.2s

=== P1E_S1_C3 train[3] k=3  dim=576  frames=37  σ=0.0  fold=3 ===
  BDOSC: k_hat=3  ACC=1.0000  NMI=1.0000  ARI=1.0000  0.1s

=== P1E_S1_C3 train[4] k=3  dim=576  frames=55  σ=0.0  fold=3 ===
  BDOSC: k_hat=3  ACC=0.9273  NMI=0.7991  ARI=0.8034  0.2s

=== P1E_S1_C3 train[5] k=3  dim=576  frames=51  σ=0.0  fold=3 ===
  BDOSC: k_hat=3  ACC=0.9020  NMI=0.7422  ARI=0.7266  0.2s

=== P1E_S1_C3 train[6] k=3  dim=576  frames=69  σ=0.0  fold=3 ===
  BDOSC: k_hat=3  ACC=0.9565  NMI=0.8541  ARI=0.8698  0.3s

=== P1E_S2_C1 train[0] k=3  dim=576  frames=167  σ=0.0  fold=3 ===
  BDOSC: k_hat=3  ACC=0.8743  NMI=0.7173  ARI=0.6656  1.6s

=== P1E_S2_C1 train[1] k=3  dim=576  frames=151  σ=0.0  fold=3 ===
  BDOSC: k_hat=3  ACC=0.9669  NMI=0.8846  ARI=0.9022  1.4s

=== P1E_S2_C1 train[2] k=3  dim=576  frames=136  σ=0.0  fold=3 ===
  BDOSC: k_hat=3  ACC=0.8456  NMI=0.7540  ARI=0.6723  1.1s

=== P1E_S2_C1 train[3] k=3  dim=576  frames=149  σ=0.0  fold=3 ===
  BDOSC: k_hat=3  ACC=1.0000  NMI=1.0000  ARI=1.0000  1.3s

=== P1E_S2_C1 train[4] k=3  dim=576  frames=124  σ=0.0  fold=3 ===
  BDOSC: k_hat=3  ACC=0.5968  NMI=0.5939  ARI=0.4449  0.9s

=== P1E_S2_C1 train[5] k=3  dim=576  frames=161  σ=0.0  fold=3 ===
  BDOSC: k_hat=3  ACC=0.6770  NMI=0.5211  ARI=0.3772  1.5s

=== P1E_S2_C1 train[6] k=3  dim=576  frames=153  σ=0.0  fold=3 ===
  BDOSC: k_hat=3  ACC=0.9216  NMI=0.8270  ARI=0.8015  1.4s

=== P1E_S2_C2 train[0] k=3  dim=576  frames=146  σ=0.0  fold=3 ===
  BDOSC: k_hat=3  ACC=0.9384  NMI=0.8230  ARI=0.8136  1.3s

=== P1E_S2_C2 train[1] k=3  dim=576  frames=115  σ=0.0  fold=3 ===
  BDOSC: k_hat=3  ACC=0.9217  NMI=0.7839  ARI=0.7732  0.8s

=== P1E_S2_C2 train[2] k=3  dim=576  frames=109  σ=0.0  fold=3 ===
  BDOSC: k_hat=3  ACC=0.9725  NMI=0.9131  ARI=0.9228  0.7s

=== P1E_S2_C2 train[3] k=3  dim=576  frames=124  σ=0.0  fold=3 ===
  BDOSC: k_hat=3  ACC=0.9435  NMI=0.8498  ARI=0.8299  0.9s

=== P1E_S2_C2 train[4] k=3  dim=576  frames=109  σ=0.0  fold=3 ===
  BDOSC: k_hat=3  ACC=0.9266  NMI=0.8366  ARI=0.8239  0.7s

=== P1E_S2_C2 train[5] k=3  dim=576  frames=128  σ=0.0  fold=3 ===
  BDOSC: k_hat=3  ACC=0.7422  NMI=0.5527  ARI=0.4306  1.1s

=== P1E_S2_C2 train[6] k=3  dim=576  frames=126  σ=0.0  fold=3 ===
  BDOSC: k_hat=3  ACC=0.5476  NMI=0.5716  ARI=0.4215  0.9s

=== P1E_S2_C3 train[0] k=3  dim=576  frames=113  σ=0.0  fold=3 ===
  BDOSC: k_hat=3  ACC=0.9912  NMI=0.9628  ARI=0.9753  0.8s

=== P1E_S2_C3 train[1] k=3  dim=576  frames=88  σ=0.0  fold=3 ===
  BDOSC: k_hat=3  ACC=0.9545  NMI=0.8421  ARI=0.8584  0.5s

=== P1E_S2_C3 train[2] k=3  dim=576  frames=90  σ=0.0  fold=3 ===
  BDOSC: k_hat=3  ACC=0.9444  NMI=0.8320  ARI=0.8392  0.5s

=== P1E_S2_C3 train[3] k=3  dim=576  frames=99  σ=0.0  fold=3 ===
  BDOSC: k_hat=3  ACC=0.9697  NMI=0.9056  ARI=0.9106  0.6s

=== P1E_S2_C3 train[4] k=3  dim=576  frames=87  σ=0.0  fold=3 ===
  BDOSC: k_hat=3  ACC=0.8966  NMI=0.7369  ARI=0.7243  0.5s

=== P1E_S2_C3 train[5] k=3  dim=576  frames=105  σ=0.0  fold=3 ===
  BDOSC: k_hat=3  ACC=0.9905  NMI=0.9607  ARI=0.9722  0.7s

=== P1E_S2_C3 train[6] k=3  dim=576  frames=89  σ=0.0  fold=3 ===
  BDOSC: k_hat=3  ACC=0.9775  NMI=0.9248  ARI=0.9383  0.5s

=== P1E_S3_C1 train[0] k=3  dim=576  frames=166  σ=0.0  fold=3 ===
  BDOSC: k_hat=3  ACC=0.8554  NMI=0.7353  ARI=0.6139  1.7s

=== P1E_S3_C1 train[1] k=3  dim=576  frames=139  σ=0.0  fold=3 ===
  BDOSC: k_hat=3  ACC=0.7266  NMI=0.6687  ARI=0.5342  1.2s

=== P1E_S3_C1 train[2] k=3  dim=576  frames=134  σ=0.0  fold=3 ===
  BDOSC: k_hat=3  ACC=0.8134  NMI=0.7133  ARI=0.5653  1.1s

=== P1E_S3_C1 train[3] k=3  dim=576  frames=168  σ=0.0  fold=3 ===
  BDOSC: k_hat=3  ACC=0.8750  NMI=0.7257  ARI=0.6598  1.7s

=== P1E_S3_C1 train[4] k=3  dim=576  frames=123  σ=0.0  fold=3 ===
  BDOSC: k_hat=3  ACC=0.9106  NMI=0.7905  ARI=0.7756  1.0s

=== P1E_S3_C1 train[5] k=3  dim=576  frames=204  σ=0.0  fold=3 ===
  BDOSC: k_hat=3  ACC=0.5392  NMI=0.3668  ARI=0.1362  2.6s

=== P1E_S3_C1 train[6] k=3  dim=576  frames=112  σ=0.0  fold=3 ===
  BDOSC: k_hat=3  ACC=1.0000  NMI=1.0000  ARI=1.0000  0.8s

=== P1E_S3_C2 train[0] k=3  dim=576  frames=147  σ=0.0  fold=3 ===
  BDOSC: k_hat=3  ACC=0.9864  NMI=0.9445  ARI=0.9542  1.3s

=== P1E_S3_C2 train[1] k=3  dim=576  frames=120  σ=0.0  fold=3 ===
  BDOSC: k_hat=3  ACC=0.8417  NMI=0.6499  ARI=0.5746  0.9s

=== P1E_S3_C2 train[2] k=3  dim=576  frames=112  σ=0.0  fold=3 ===
  BDOSC: k_hat=3  ACC=0.9196  NMI=0.7893  ARI=0.7621  0.8s

=== P1E_S3_C2 train[3] k=3  dim=576  frames=169  σ=0.0  fold=3 ===
  BDOSC: k_hat=3  ACC=0.7692  NMI=0.6751  ARI=0.4891  1.7s

=== P1E_S3_C2 train[4] k=3  dim=576  frames=107  σ=0.0  fold=3 ===
  BDOSC: k_hat=3  ACC=0.5888  NMI=0.6662  ARI=0.4710  0.7s

=== P1E_S3_C2 train[5] k=3  dim=576  frames=146  σ=0.0  fold=3 ===
  BDOSC: k_hat=3  ACC=0.9726  NMI=0.9028  ARI=0.9116  1.3s

=== P1E_S3_C2 train[6] k=3  dim=576  frames=114  σ=0.0  fold=3 ===
  BDOSC: k_hat=3  ACC=0.9298  NMI=0.8460  ARI=0.8665  0.8s

=== P1E_S3_C3 train[0] k=3  dim=576  frames=105  σ=0.0  fold=3 ===
  BDOSC: k_hat=3  ACC=0.9905  NMI=0.9593  ARI=0.9687  0.7s

=== P1E_S3_C3 train[1] k=3  dim=576  frames=89  σ=0.0  fold=3 ===
  BDOSC: k_hat=3  ACC=0.9888  NMI=0.9533  ARI=0.9646  0.5s

=== P1E_S3_C3 train[2] k=3  dim=576  frames=84  σ=0.0  fold=3 ===
  BDOSC: k_hat=3  ACC=0.9762  NMI=0.9165  ARI=0.9208  0.5s

=== P1E_S3_C3 train[3] k=3  dim=576  frames=128  σ=0.0  fold=3 ===
  BDOSC: k_hat=3  ACC=0.7344  NMI=0.6459  ARI=0.5126  1.1s

=== P1E_S3_C3 train[4] k=3  dim=576  frames=83  σ=0.0  fold=3 ===
  BDOSC: k_hat=3  ACC=0.9639  NMI=0.8955  ARI=0.9023  0.5s

=== P1E_S3_C3 train[5] k=3  dim=576  frames=129  σ=0.0  fold=3 ===
  BDOSC: k_hat=3  ACC=0.9845  NMI=0.9427  ARI=0.9553  1.0s

=== P1E_S3_C3 train[6] k=3  dim=576  frames=84  σ=0.0  fold=3 ===
  BDOSC: k_hat=3  ACC=0.9762  NMI=0.9062  ARI=0.9376  0.5s

=== P1E_S4_C1 train[0] k=3  dim=576  frames=158  σ=0.0  fold=3 ===
  BDOSC: k_hat=3  ACC=0.7658  NMI=0.5463  ARI=0.4168  1.5s

=== P1E_S4_C1 train[1] k=3  dim=576  frames=107  σ=0.0  fold=3 ===
  BDOSC: k_hat=3  ACC=0.8505  NMI=0.6682  ARI=0.6239  0.7s

=== P1E_S4_C1 train[2] k=3  dim=576  frames=155  σ=0.0  fold=3 ===
  BDOSC: k_hat=3  ACC=0.7355  NMI=0.5860  ARI=0.4658  1.4s

=== P1E_S4_C1 train[3] k=3  dim=576  frames=180  σ=0.0  fold=3 ===
  BDOSC: k_hat=3  ACC=0.8833  NMI=0.7790  ARI=0.7054  1.9s

=== P1E_S4_C1 train[4] k=3  dim=576  frames=133  σ=0.0  fold=3 ===
  BDOSC: k_hat=3  ACC=0.7970  NMI=0.6172  ARI=0.5119  1.0s

=== P1E_S4_C1 train[5] k=3  dim=576  frames=147  σ=0.0  fold=3 ===
  BDOSC: k_hat=3  ACC=0.7279  NMI=0.5877  ARI=0.4879  1.3s

=== P1E_S4_C1 train[6] k=3  dim=576  frames=145  σ=0.0  fold=3 ===
  BDOSC: k_hat=3  ACC=0.9931  NMI=0.9695  ARI=0.9805  1.2s

=== P1E_S4_C2 train[0] k=3  dim=576  frames=117  σ=0.0  fold=3 ===
  BDOSC: k_hat=3  ACC=0.9487  NMI=0.8643  ARI=0.8524  0.8s

=== P1E_S4_C2 train[1] k=3  dim=576  frames=125  σ=0.0  fold=3 ===
  BDOSC: k_hat=3  ACC=0.9040  NMI=0.7595  ARI=0.7293  0.9s

=== P1E_S4_C2 train[2] k=3  dim=576  frames=122  σ=0.0  fold=3 ===
  BDOSC: k_hat=3  ACC=0.9426  NMI=0.8538  ARI=0.8350  0.9s

=== P1E_S4_C2 train[3] k=3  dim=576  frames=140  σ=0.0  fold=3 ===
  BDOSC: k_hat=3  ACC=0.9857  NMI=0.9434  ARI=0.9545  1.2s

=== P1E_S4_C2 train[4] k=3  dim=576  frames=129  σ=0.0  fold=3 ===
  BDOSC: k_hat=3  ACC=0.5659  NMI=0.6611  ARI=0.4614  1.0s

=== P1E_S4_C2 train[5] k=3  dim=576  frames=146  σ=0.0  fold=3 ===
  BDOSC: k_hat=3  ACC=0.9110  NMI=0.7538  ARI=0.7446  1.3s

=== P1E_S4_C2 train[6] k=3  dim=576  frames=110  σ=0.0  fold=3 ===
  BDOSC: k_hat=3  ACC=0.9727  NMI=0.8980  ARI=0.9254  0.7s

=== P1E_S4_C3 train[0] k=3  dim=576  frames=90  σ=0.0  fold=3 ===
  BDOSC: k_hat=3  ACC=0.9667  NMI=0.8988  ARI=0.9022  0.5s

=== P1E_S4_C3 train[1] k=3  dim=576  frames=64  σ=0.0  fold=3 ===
  BDOSC: k_hat=3  ACC=0.8438  NMI=0.6740  ARI=0.6011  0.3s

=== P1E_S4_C3 train[2] k=3  dim=576  frames=85  σ=0.0  fold=3 ===
  BDOSC: k_hat=3  ACC=0.9529  NMI=0.8505  ARI=0.8670  0.5s

=== P1E_S4_C3 train[3] k=3  dim=576  frames=87  σ=0.0  fold=3 ===
  BDOSC: k_hat=3  ACC=0.9425  NMI=0.8287  ARI=0.8325  0.5s

=== P1E_S4_C3 train[4] k=3  dim=576  frames=76  σ=0.0  fold=3 ===
  BDOSC: k_hat=3  ACC=0.8947  NMI=0.7972  ARI=0.7470  0.4s

=== P1E_S4_C3 train[5] k=3  dim=576  frames=106  σ=0.0  fold=3 ===
  BDOSC: k_hat=3  ACC=0.9057  NMI=0.7581  ARI=0.7542  0.7s

=== P1E_S4_C3 train[6] k=3  dim=576  frames=79  σ=0.0  fold=3 ===
  BDOSC: k_hat=3  ACC=0.9873  NMI=0.9504  ARI=0.9609  0.5s

=== P1L_S1_C1 train[0] k=3  dim=576  frames=162  σ=0.0  fold=3 ===
  BDOSC: k_hat=3  ACC=0.9321  NMI=0.8404  ARI=0.8237  1.6s

=== P1L_S1_C1 train[1] k=3  dim=576  frames=170  σ=0.0  fold=3 ===
  BDOSC: k_hat=3  ACC=0.8294  NMI=0.6934  ARI=0.5658  1.8s

=== P1L_S1_C1 train[2] k=3  dim=576  frames=155  σ=0.0  fold=3 ===
  BDOSC: k_hat=3  ACC=0.6710  NMI=0.5078  ARI=0.3505  1.5s

=== P1L_S1_C1 train[3] k=3  dim=576  frames=198  σ=0.0  fold=3 ===
  BDOSC: k_hat=3  ACC=0.8182  NMI=0.6194  ARI=0.5546  2.4s

=== P1L_S1_C1 train[4] k=3  dim=576  frames=166  σ=0.0  fold=3 ===
  BDOSC: k_hat=3  ACC=0.6024  NMI=0.6091  ARI=0.4521  1.7s

=== P1L_S1_C1 train[5] k=3  dim=576  frames=116  σ=0.0  fold=3 ===
  BDOSC: k_hat=3  ACC=0.9310  NMI=0.8178  ARI=0.8208  0.8s

=== P1L_S1_C1 train[6] k=3  dim=576  frames=175  σ=0.0  fold=3 ===
  BDOSC: k_hat=3  ACC=0.5429  NMI=0.3496  ARI=0.1689  1.8s

=== P1L_S1_C2 train[0] k=3  dim=576  frames=186  σ=0.0  fold=3 ===
  BDOSC: k_hat=3  ACC=0.7312  NMI=0.4980  ARI=0.3447  2.1s

=== P1L_S1_C2 train[1] k=3  dim=576  frames=137  σ=0.0  fold=3 ===
  BDOSC: k_hat=3  ACC=0.9927  NMI=0.9671  ARI=0.9761  1.1s

=== P1L_S1_C2 train[2] k=3  dim=576  frames=147  σ=0.0  fold=3 ===
  BDOSC: k_hat=3  ACC=0.8367  NMI=0.7209  ARI=0.6406  1.3s

=== P1L_S1_C2 train[3] k=3  dim=576  frames=128  σ=0.0  fold=3 ===
  BDOSC: k_hat=3  ACC=0.9531  NMI=0.8778  ARI=0.8905  1.1s

=== P1L_S1_C2 train[4] k=3  dim=576  frames=154  σ=0.0  fold=3 ===
  BDOSC: k_hat=3  ACC=0.8182  NMI=0.7244  ARI=0.5951  1.5s

=== P1L_S1_C2 train[5] k=3  dim=576  frames=142  σ=0.0  fold=3 ===
  BDOSC: k_hat=3  ACC=0.8873  NMI=0.7696  ARI=0.6838  1.2s

=== P1L_S1_C2 train[6] k=3  dim=576  frames=168  σ=0.0  fold=3 ===
  BDOSC: k_hat=3  ACC=0.6190  NMI=0.5576  ARI=0.4286  1.6s

=== P1L_S1_C3 train[0] k=3  dim=576  frames=60  σ=0.0  fold=3 ===
  BDOSC: k_hat=3  ACC=0.5500  NMI=0.5529  ARI=0.3893  0.3s

=== P1L_S1_C3 train[1] k=3  dim=576  frames=68  σ=0.0  fold=3 ===
  BDOSC: k_hat=3  ACC=1.0000  NMI=1.0000  ARI=1.0000  0.3s

=== P1L_S1_C3 train[2] k=3  dim=576  frames=65  σ=0.0  fold=3 ===
  BDOSC: k_hat=3  ACC=0.9077  NMI=0.8065  ARI=0.7650  0.3s

=== P1L_S1_C3 train[3] k=3  dim=576  frames=73  σ=0.0  fold=3 ===
  BDOSC: k_hat=3  ACC=0.8493  NMI=0.6574  ARI=0.5984  0.4s

=== P1L_S1_C3 train[4] k=3  dim=576  frames=64  σ=0.0  fold=3 ===
  BDOSC: k_hat=3  ACC=0.8281  NMI=0.6977  ARI=0.6235  0.3s

=== P1L_S1_C3 train[5] k=3  dim=576  frames=63  σ=0.0  fold=3 ===
  BDOSC: k_hat=3  ACC=0.6984  NMI=0.6872  ARI=0.5377  0.3s

=== P1L_S1_C3 train[6] k=3  dim=576  frames=75  σ=0.0  fold=3 ===
  BDOSC: k_hat=3  ACC=1.0000  NMI=1.0000  ARI=1.0000  0.3s

=== P1L_S2_C1 train[0] k=3  dim=576  frames=211  σ=0.0  fold=3 ===
  BDOSC: k_hat=3  ACC=0.8720  NMI=0.6990  ARI=0.6593  2.7s

=== P1L_S2_C1 train[1] k=3  dim=576  frames=190  σ=0.0  fold=3 ===
  BDOSC: k_hat=3  ACC=0.6579  NMI=0.4910  ARI=0.3488  2.1s

=== P1L_S2_C1 train[2] k=3  dim=576  frames=180  σ=0.0  fold=3 ===
  BDOSC: k_hat=3  ACC=0.9167  NMI=0.7729  ARI=0.7854  1.9s

=== P1L_S2_C1 train[3] k=3  dim=576  frames=172  σ=0.0  fold=3 ===
  BDOSC: k_hat=3  ACC=0.9477  NMI=0.8648  ARI=0.8631  1.7s

=== P1L_S2_C1 train[4] k=3  dim=576  frames=179  σ=0.0  fold=3 ===
  BDOSC: k_hat=3  ACC=0.9777  NMI=0.9244  ARI=0.9377  1.9s

=== P1L_S2_C1 train[5] k=3  dim=576  frames=180  σ=0.0  fold=3 ===
  BDOSC: k_hat=3  ACC=0.7167  NMI=0.5321  ARI=0.4633  2.1s

=== P1L_S2_C1 train[6] k=3  dim=576  frames=133  σ=0.0  fold=3 ===
  BDOSC: k_hat=3  ACC=0.9774  NMI=0.9260  ARI=0.9549  1.1s

=== P1L_S2_C2 train[0] k=3  dim=576  frames=194  σ=0.0  fold=3 ===
  BDOSC: k_hat=3  ACC=0.8711  NMI=0.7077  ARI=0.6266  2.2s

=== P1L_S2_C2 train[1] k=3  dim=576  frames=155  σ=0.0  fold=3 ===
  BDOSC: k_hat=3  ACC=0.8258  NMI=0.6543  ARI=0.5677  1.5s

=== P1L_S2_C2 train[2] k=3  dim=576  frames=134  σ=0.0  fold=3 ===
  BDOSC: k_hat=3  ACC=0.9776  NMI=0.9103  ARI=0.9389  1.1s

=== P1L_S2_C2 train[3] k=3  dim=576  frames=201  σ=0.0  fold=3 ===
  BDOSC: k_hat=3  ACC=0.7960  NMI=0.6508  ARI=0.5443  2.4s

=== P1L_S2_C2 train[4] k=3  dim=576  frames=171  σ=0.0  fold=3 ===
  BDOSC: k_hat=3  ACC=0.9474  NMI=0.8495  ARI=0.8635  1.8s

=== P1L_S2_C2 train[5] k=3  dim=576  frames=160  σ=0.0  fold=3 ===
  BDOSC: k_hat=3  ACC=0.9062  NMI=0.7778  ARI=0.7080  1.6s

=== P1L_S2_C2 train[6] k=3  dim=576  frames=154  σ=0.0  fold=3 ===
  BDOSC: k_hat=3  ACC=0.5974  NMI=0.5835  ARI=0.4611  1.4s

=== P1L_S2_C3 train[0] k=3  dim=576  frames=119  σ=0.0  fold=3 ===
  BDOSC: k_hat=3  ACC=0.9916  NMI=0.9629  ARI=0.9741  0.9s

=== P1L_S2_C3 train[1] k=3  dim=576  frames=101  σ=0.0  fold=3 ===
  BDOSC: k_hat=3  ACC=0.9802  NMI=0.9146  ARI=0.9368  0.7s

=== P1L_S2_C3 train[2] k=3  dim=576  frames=85  σ=0.0  fold=3 ===
  BDOSC: k_hat=3  ACC=0.9529  NMI=0.8764  ARI=0.8899  0.5s

=== P1L_S2_C3 train[3] k=3  dim=576  frames=126  σ=0.0  fold=3 ===
  BDOSC: k_hat=3  ACC=0.8413  NMI=0.7417  ARI=0.6278  0.9s

=== P1L_S2_C3 train[4] k=3  dim=576  frames=102  σ=0.0  fold=3 ===
  BDOSC: k_hat=3  ACC=0.9902  NMI=0.9599  ARI=0.9718  0.7s

=== P1L_S2_C3 train[5] k=3  dim=576  frames=121  σ=0.0  fold=3 ===
  BDOSC: k_hat=3  ACC=0.9917  NMI=0.9651  ARI=0.9777  0.9s

=== P1L_S2_C3 train[6] k=3  dim=576  frames=99  σ=0.0  fold=3 ===
  BDOSC: k_hat=3  ACC=0.9899  NMI=0.9589  ARI=0.9711  0.6s

=== P1L_S3_C1 train[0] k=3  dim=576  frames=156  σ=0.0  fold=3 ===
  BDOSC: k_hat=3  ACC=0.5641  NMI=0.4907  ARI=0.3298  1.5s

=== P1L_S3_C1 train[1] k=3  dim=576  frames=120  σ=0.0  fold=3 ===
  BDOSC: k_hat=3  ACC=0.8083  NMI=0.6046  ARI=0.4835  0.9s

=== P1L_S3_C1 train[2] k=3  dim=576  frames=185  σ=0.0  fold=3 ===
  BDOSC: k_hat=3  ACC=0.9784  NMI=0.9150  ARI=0.9348  2.0s

=== P1L_S3_C1 train[3] k=3  dim=576  frames=159  σ=0.0  fold=3 ===
  BDOSC: k_hat=3  ACC=0.7925  NMI=0.5858  ARI=0.4515  1.5s

=== P1L_S3_C1 train[4] k=3  dim=576  frames=172  σ=0.0  fold=3 ===
  BDOSC: k_hat=3  ACC=0.6163  NMI=0.3783  ARI=0.1567  1.8s

=== P1L_S3_C1 train[5] k=3  dim=576  frames=176  σ=0.0  fold=3 ===
  BDOSC: k_hat=3  ACC=0.5739  NMI=0.4348  ARI=0.2552  1.8s

=== P1L_S3_C1 train[6] k=3  dim=576  frames=134  σ=0.0  fold=3 ===
  BDOSC: k_hat=3  ACC=0.8881  NMI=0.7174  ARI=0.7009  1.1s

=== P1L_S3_C2 train[0] k=3  dim=576  frames=185  σ=0.0  fold=3 ===
  BDOSC: k_hat=3  ACC=0.9081  NMI=0.7660  ARI=0.7424  2.0s

=== P1L_S3_C2 train[1] k=3  dim=576  frames=125  σ=0.0  fold=3 ===
  BDOSC: k_hat=3  ACC=0.6400  NMI=0.3999  ARI=0.1857  1.0s

=== P1L_S3_C2 train[2] k=3  dim=576  frames=166  σ=0.0  fold=3 ===
  BDOSC: k_hat=3  ACC=0.8855  NMI=0.7624  ARI=0.7212  1.7s

=== P1L_S3_C2 train[3] k=3  dim=576  frames=168  σ=0.0  fold=3 ===
  BDOSC: k_hat=3  ACC=0.8214  NMI=0.7601  ARI=0.7253  1.6s

=== P1L_S3_C2 train[4] k=3  dim=576  frames=187  σ=0.0  fold=3 ===
  BDOSC: k_hat=3  ACC=0.5508  NMI=0.5027  ARI=0.3515  2.1s

=== P1L_S3_C2 train[5] k=3  dim=576  frames=229  σ=0.0  fold=3 ===
  BDOSC: k_hat=3  ACC=0.5022  NMI=0.5233  ARI=0.3438  3.1s

=== P1L_S3_C2 train[6] k=3  dim=576  frames=136  σ=0.0  fold=3 ===
  BDOSC: k_hat=3  ACC=0.7279  NMI=0.4698  ARI=0.3100  1.1s

=== P1L_S3_C3 train[0] k=3  dim=576  frames=151  σ=0.0  fold=3 ===
  BDOSC: k_hat=3  ACC=0.8013  NMI=0.6762  ARI=0.4928  1.3s

=== P1L_S3_C3 train[1] k=3  dim=576  frames=118  σ=0.0  fold=3 ===
  BDOSC: k_hat=3  ACC=0.8644  NMI=0.7607  ARI=0.6741  0.8s

=== P1L_S3_C3 train[2] k=3  dim=576  frames=121  σ=0.0  fold=3 ===
  BDOSC: k_hat=3  ACC=0.8926  NMI=0.7397  ARI=0.6943  0.9s

=== P1L_S3_C3 train[3] k=3  dim=576  frames=134  σ=0.0  fold=3 ===
  BDOSC: k_hat=3  ACC=0.9478  NMI=0.8644  ARI=0.8633  1.1s

=== P1L_S3_C3 train[4] k=3  dim=576  frames=110  σ=0.0  fold=3 ===
  BDOSC: k_hat=3  ACC=0.9636  NMI=0.8932  ARI=0.8941  0.8s

=== P1L_S3_C3 train[5] k=3  dim=576  frames=161  σ=0.0  fold=3 ===
  BDOSC: k_hat=3  ACC=0.7888  NMI=0.6753  ARI=0.5967  1.5s

=== P1L_S3_C3 train[6] k=3  dim=576  frames=114  σ=0.0  fold=3 ===
  BDOSC: k_hat=3  ACC=0.6754  NMI=0.5200  ARI=0.3724  0.8s

=== P1L_S4_C1 train[0] k=3  dim=576  frames=200  σ=0.0  fold=3 ===
  BDOSC: k_hat=3  ACC=0.9000  NMI=0.7943  ARI=0.7435  2.4s

=== P1L_S4_C1 train[1] k=3  dim=576  frames=157  σ=0.0  fold=3 ===
  BDOSC: k_hat=3  ACC=0.7325  NMI=0.6731  ARI=0.4782  1.5s

=== P1L_S4_C1 train[2] k=3  dim=576  frames=154  σ=0.0  fold=3 ===
  BDOSC: k_hat=3  ACC=0.7922  NMI=0.5979  ARI=0.4749  1.4s

=== P1L_S4_C1 train[3] k=3  dim=576  frames=142  σ=0.0  fold=3 ===
  BDOSC: k_hat=3  ACC=0.7817  NMI=0.5648  ARI=0.4434  1.2s

=== P1L_S4_C1 train[4] k=3  dim=576  frames=164  σ=0.0  fold=3 ===
  BDOSC: k_hat=3  ACC=0.8598  NMI=0.7355  ARI=0.6694  1.6s

=== P1L_S4_C1 train[5] k=3  dim=576  frames=187  σ=0.0  fold=3 ===
  BDOSC: k_hat=3  ACC=0.8556  NMI=0.6983  ARI=0.6103  2.0s

=== P1L_S4_C1 train[6] k=3  dim=576  frames=202  σ=0.0  fold=3 ===
  BDOSC: k_hat=3  ACC=0.8911  NMI=0.7232  ARI=0.6948  2.4s

=== P1L_S4_C2 train[0] k=3  dim=576  frames=157  σ=0.0  fold=3 ===
  BDOSC: k_hat=3  ACC=0.8599  NMI=0.7321  ARI=0.6124  1.5s

=== P1L_S4_C2 train[1] k=3  dim=576  frames=149  σ=0.0  fold=3 ===
  BDOSC: k_hat=3  ACC=0.9396  NMI=0.8216  ARI=0.8386  1.4s

=== P1L_S4_C2 train[2] k=3  dim=576  frames=175  σ=0.0  fold=3 ===
  BDOSC: k_hat=3  ACC=1.0000  NMI=1.0000  ARI=1.0000  1.8s

=== P1L_S4_C2 train[3] k=3  dim=576  frames=154  σ=0.0  fold=3 ===
  BDOSC: k_hat=3  ACC=0.8377  NMI=0.6997  ARI=0.5739  1.4s

=== P1L_S4_C2 train[4] k=3  dim=576  frames=152  σ=0.0  fold=3 ===
  BDOSC: k_hat=3  ACC=0.8224  NMI=0.6469  ARI=0.5752  1.4s

=== P1L_S4_C2 train[5] k=3  dim=576  frames=169  σ=0.0  fold=3 ===
  BDOSC: k_hat=3  ACC=0.7870  NMI=0.7250  ARI=0.6129  1.7s

=== P1L_S4_C2 train[6] k=3  dim=576  frames=153  σ=0.0  fold=3 ===
  BDOSC: k_hat=3  ACC=0.6536  NMI=0.5149  ARI=0.3620  1.4s

=== P1L_S4_C3 train[0] k=3  dim=576  frames=96  σ=0.0  fold=3 ===
  BDOSC: k_hat=3  ACC=0.9896  NMI=0.9573  ARI=0.9690  0.6s

=== P1L_S4_C3 train[1] k=3  dim=576  frames=107  σ=0.0  fold=3 ===
  BDOSC: k_hat=3  ACC=0.8318  NMI=0.7021  ARI=0.5594  0.7s

=== P1L_S4_C3 train[2] k=3  dim=576  frames=94  σ=0.0  fold=3 ===
  BDOSC: k_hat=3  ACC=0.8085  NMI=0.7291  ARI=0.6083  0.6s

=== P1L_S4_C3 train[3] k=3  dim=576  frames=112  σ=0.0  fold=3 ===
  BDOSC: k_hat=3  ACC=0.8036  NMI=0.6883  ARI=0.5741  0.8s

=== P1L_S4_C3 train[4] k=3  dim=576  frames=103  σ=0.0  fold=3 ===
  BDOSC: k_hat=3  ACC=0.9223  NMI=0.8288  ARI=0.8059  0.7s

=== P1L_S4_C3 train[5] k=3  dim=576  frames=105  σ=0.0  fold=3 ===
  BDOSC: k_hat=3  ACC=0.5143  NMI=0.5244  ARI=0.3419  0.7s

=== P1L_S4_C3 train[6] k=3  dim=576  frames=107  σ=0.0  fold=3 ===
  BDOSC: k_hat=3  ACC=0.9813  NMI=0.9224  ARI=0.9474  0.7s

=== P1E_S1_C1 test[0] k=3  dim=576  frames=140  σ=0.0  fold=3 ===
  BDOSC: k_hat=3  ACC=0.8286  NMI=0.6663  ARI=0.5478  1.1s

=== P1E_S1_C2 test[0] k=3  dim=576  frames=138  σ=0.0  fold=3 ===
  BDOSC: k_hat=3  ACC=0.9420  NMI=0.8271  ARI=0.8204  1.1s

=== P1E_S1_C3 test[0] k=3  dim=576  frames=61  σ=0.0  fold=3 ===
  BDOSC: k_hat=3  ACC=0.8852  NMI=0.7346  ARI=0.7554  0.3s

=== P1E_S2_C1 test[0] k=3  dim=576  frames=180  σ=0.0  fold=3 ===
  BDOSC: k_hat=3  ACC=0.9889  NMI=0.9557  ARI=0.9681  1.9s

=== P1E_S2_C2 test[0] k=3  dim=576  frames=144  σ=0.0  fold=3 ===
  BDOSC: k_hat=3  ACC=0.9583  NMI=0.8796  ARI=0.8733  1.2s

=== P1E_S2_C3 test[0] k=3  dim=576  frames=112  σ=0.0  fold=3 ===
  BDOSC: k_hat=3  ACC=0.8571  NMI=0.7287  ARI=0.6591  0.8s

=== P1E_S3_C1 test[0] k=3  dim=576  frames=161  σ=0.0  fold=3 ===
  BDOSC: k_hat=3  ACC=0.6149  NMI=0.3772  ARI=0.1803  1.5s

=== P1E_S3_C2 test[0] k=3  dim=576  frames=168  σ=0.0  fold=3 ===
  BDOSC: k_hat=3  ACC=0.9226  NMI=0.7804  ARI=0.7810  1.6s

=== P1E_S3_C3 test[0] k=3  dim=576  frames=125  σ=0.0  fold=3 ===
  BDOSC: k_hat=3  ACC=0.8800  NMI=0.7376  ARI=0.6737  0.9s

=== P1E_S4_C1 test[0] k=3  dim=576  frames=182  σ=0.0  fold=3 ===
  BDOSC: k_hat=3  ACC=0.7692  NMI=0.5910  ARI=0.4870  1.9s

=== P1E_S4_C2 test[0] k=3  dim=576  frames=126  σ=0.0  fold=3 ===
  BDOSC: k_hat=3  ACC=0.9841  NMI=0.9299  ARI=0.9511  0.9s

=== P1E_S4_C3 test[0] k=3  dim=576  frames=105  σ=0.0  fold=3 ===
  BDOSC: k_hat=3  ACC=0.5238  NMI=0.5754  ARI=0.4130  0.7s

=== P1L_S1_C1 test[0] k=3  dim=576  frames=182  σ=0.0  fold=3 ===
  BDOSC: k_hat=3  ACC=0.7967  NMI=0.5874  ARI=0.4809  2.0s

=== P1L_S1_C2 test[0] k=3  dim=576  frames=181  σ=0.0  fold=3 ===
  BDOSC: k_hat=3  ACC=0.9945  NMI=0.9739  ARI=0.9823  1.9s

=== P1L_S1_C3 test[0] k=3  dim=576  frames=74  σ=0.0  fold=3 ===
  BDOSC: k_hat=3  ACC=0.8514  NMI=0.6640  ARI=0.6046  0.3s

=== P1L_S2_C1 test[0] k=3  dim=576  frames=177  σ=0.0  fold=3 ===
  BDOSC: k_hat=3  ACC=0.8079  NMI=0.6702  ARI=0.5508  1.8s

=== P1L_S2_C2 test[0] k=3  dim=576  frames=186  σ=0.0  fold=3 ===
  BDOSC: k_hat=3  ACC=0.9731  NMI=0.9132  ARI=0.9230  2.1s

=== P1L_S2_C3 test[0] k=3  dim=576  frames=112  σ=0.0  fold=3 ===
  BDOSC: k_hat=3  ACC=0.9911  NMI=0.9629  ARI=0.9763  0.8s

=== P1L_S3_C1 test[0] k=3  dim=576  frames=156  σ=0.0  fold=3 ===
  BDOSC: k_hat=3  ACC=0.7308  NMI=0.5146  ARI=0.3704  1.5s

=== P1L_S3_C2 test[0] k=3  dim=576  frames=209  σ=0.0  fold=3 ===
  BDOSC: k_hat=3  ACC=0.5550  NMI=0.5268  ARI=0.3774  2.7s

=== P1L_S3_C3 test[0] k=3  dim=576  frames=142  σ=0.0  fold=3 ===
  BDOSC: k_hat=3  ACC=0.9789  NMI=0.9140  ARI=0.9345  1.2s

=== P1L_S4_C1 test[0] k=3  dim=576  frames=168  σ=0.0  fold=3 ===
  BDOSC: k_hat=3  ACC=0.8095  NMI=0.6082  ARI=0.5160  1.7s

=== P1L_S4_C2 test[0] k=3  dim=576  frames=168  σ=0.0  fold=3 ===
  BDOSC: k_hat=3  ACC=0.9226  NMI=0.8224  ARI=0.7978  1.6s

=== P1L_S4_C3 test[0] k=3  dim=576  frames=117  σ=0.0  fold=3 ===
  BDOSC: k_hat=3  ACC=0.9060  NMI=0.7862  ARI=0.7153  0.8s
  tune_pool_groups=20: sampling from 22 held-in people (overlap allowed) instead of the 7 fixed partition group(s)

============================================================
σ=0.0 fold=4  test=['0001', '0011', '0023']  train mats=168  test mats=24  tune mats=480
  BDOSC: skip tuning, fixed lambda_1=0.2, lambda_2=1, gamma_1=0.01, p=1.1, max_iter=50
  wrote /nfs/turbo/umms-minjilab/lpullela/icassp_ssc_tv2/block_ssc_benchmark/cv/params/surveillance/split_k3_clean_min30_trials20_knownk_scaled_params_cv_bdosc_k3_sigma0_sigma0_fold4.json

=== P1E_S1_C1 train[0] k=3  dim=576  frames=146  σ=0.0  fold=4 ===
  BDOSC: k_hat=3  ACC=0.8425  NMI=0.7495  ARI=0.6541  1.3s

=== P1E_S1_C1 train[1] k=3  dim=576  frames=153  σ=0.0  fold=4 ===
  BDOSC: k_hat=3  ACC=0.9216  NMI=0.7943  ARI=0.7911  1.4s

=== P1E_S1_C1 train[2] k=3  dim=576  frames=130  σ=0.0  fold=4 ===
  BDOSC: k_hat=3  ACC=0.9385  NMI=0.8158  ARI=0.8190  1.0s

=== P1E_S1_C1 train[3] k=3  dim=576  frames=140  σ=0.0  fold=4 ===
  BDOSC: k_hat=3  ACC=0.8286  NMI=0.6663  ARI=0.5478  1.2s

=== P1E_S1_C1 train[4] k=3  dim=576  frames=151  σ=0.0  fold=4 ===
  BDOSC: k_hat=3  ACC=0.6026  NMI=0.6374  ARI=0.4646  1.4s

=== P1E_S1_C1 train[5] k=3  dim=576  frames=140  σ=0.0  fold=4 ===
  BDOSC: k_hat=3  ACC=0.8786  NMI=0.7219  ARI=0.6635  1.2s

=== P1E_S1_C1 train[6] k=3  dim=576  frames=171  σ=0.0  fold=4 ===
  BDOSC: k_hat=3  ACC=0.9708  NMI=0.8960  ARI=0.9182  1.8s

=== P1E_S1_C2 train[0] k=3  dim=576  frames=147  σ=0.0  fold=4 ===
  BDOSC: k_hat=3  ACC=0.7007  NMI=0.4523  ARI=0.2980  1.3s

=== P1E_S1_C2 train[1] k=3  dim=576  frames=115  σ=0.0  fold=4 ===
  BDOSC: k_hat=3  ACC=0.8783  NMI=0.7000  ARI=0.6792  0.8s

=== P1E_S1_C2 train[2] k=3  dim=576  frames=104  σ=0.0  fold=4 ===
  BDOSC: k_hat=3  ACC=0.9038  NMI=0.7552  ARI=0.7267  0.7s

=== P1E_S1_C2 train[3] k=3  dim=576  frames=138  σ=0.0  fold=4 ===
  BDOSC: k_hat=3  ACC=0.9420  NMI=0.8271  ARI=0.8204  1.1s

=== P1E_S1_C2 train[4] k=3  dim=576  frames=122  σ=0.0  fold=4 ===
  BDOSC: k_hat=3  ACC=0.5492  NMI=0.6292  ARI=0.4500  0.9s

=== P1E_S1_C2 train[5] k=3  dim=576  frames=122  σ=0.0  fold=4 ===
  BDOSC: k_hat=3  ACC=0.9344  NMI=0.8457  ARI=0.8316  0.9s

=== P1E_S1_C2 train[6] k=3  dim=576  frames=134  σ=0.0  fold=4 ===
  BDOSC: k_hat=3  ACC=1.0000  NMI=1.0000  ARI=1.0000  1.1s

=== P1E_S1_C3 train[0] k=3  dim=576  frames=58  σ=0.0  fold=4 ===
  BDOSC: k_hat=3  ACC=0.9483  NMI=0.8578  ARI=0.8376  0.2s

=== P1E_S1_C3 train[1] k=3  dim=576  frames=56  σ=0.0  fold=4 ===
  BDOSC: k_hat=3  ACC=0.9643  NMI=0.8700  ARI=0.9057  0.2s

=== P1E_S1_C3 train[2] k=3  dim=576  frames=47  σ=0.0  fold=4 ===
  BDOSC: k_hat=3  ACC=0.9362  NMI=0.8516  ARI=0.8505  0.2s

=== P1E_S1_C3 train[3] k=3  dim=576  frames=61  σ=0.0  fold=4 ===
  BDOSC: k_hat=3  ACC=0.8852  NMI=0.7346  ARI=0.7554  0.3s

=== P1E_S1_C3 train[4] k=3  dim=576  frames=55  σ=0.0  fold=4 ===
  BDOSC: k_hat=3  ACC=0.9273  NMI=0.7991  ARI=0.8034  0.2s

=== P1E_S1_C3 train[5] k=3  dim=576  frames=51  σ=0.0  fold=4 ===
  BDOSC: k_hat=3  ACC=0.9020  NMI=0.7422  ARI=0.7266  0.2s

=== P1E_S1_C3 train[6] k=3  dim=576  frames=69  σ=0.0  fold=4 ===
  BDOSC: k_hat=3  ACC=0.9565  NMI=0.8541  ARI=0.8698  0.3s

=== P1E_S2_C1 train[0] k=3  dim=576  frames=167  σ=0.0  fold=4 ===
  BDOSC: k_hat=3  ACC=0.8743  NMI=0.7173  ARI=0.6656  1.7s

=== P1E_S2_C1 train[1] k=3  dim=576  frames=151  σ=0.0  fold=4 ===
  BDOSC: k_hat=3  ACC=0.9669  NMI=0.8846  ARI=0.9022  1.4s

=== P1E_S2_C1 train[2] k=3  dim=576  frames=136  σ=0.0  fold=4 ===
  BDOSC: k_hat=3  ACC=0.8456  NMI=0.7540  ARI=0.6723  1.1s

=== P1E_S2_C1 train[3] k=3  dim=576  frames=180  σ=0.0  fold=4 ===
  BDOSC: k_hat=3  ACC=0.9889  NMI=0.9557  ARI=0.9681  1.9s

=== P1E_S2_C1 train[4] k=3  dim=576  frames=124  σ=0.0  fold=4 ===
  BDOSC: k_hat=3  ACC=0.5968  NMI=0.5939  ARI=0.4449  0.9s

=== P1E_S2_C1 train[5] k=3  dim=576  frames=161  σ=0.0  fold=4 ===
  BDOSC: k_hat=3  ACC=0.6770  NMI=0.5211  ARI=0.3772  1.5s

=== P1E_S2_C1 train[6] k=3  dim=576  frames=153  σ=0.0  fold=4 ===
  BDOSC: k_hat=3  ACC=0.9216  NMI=0.8270  ARI=0.8015  1.4s

=== P1E_S2_C2 train[0] k=3  dim=576  frames=146  σ=0.0  fold=4 ===
  BDOSC: k_hat=3  ACC=0.9384  NMI=0.8230  ARI=0.8136  1.3s

=== P1E_S2_C2 train[1] k=3  dim=576  frames=115  σ=0.0  fold=4 ===
  BDOSC: k_hat=3  ACC=0.9217  NMI=0.7839  ARI=0.7732  0.8s

=== P1E_S2_C2 train[2] k=3  dim=576  frames=109  σ=0.0  fold=4 ===
  BDOSC: k_hat=3  ACC=0.9725  NMI=0.9131  ARI=0.9228  0.7s

=== P1E_S2_C2 train[3] k=3  dim=576  frames=144  σ=0.0  fold=4 ===
  BDOSC: k_hat=3  ACC=0.9583  NMI=0.8796  ARI=0.8733  1.2s

=== P1E_S2_C2 train[4] k=3  dim=576  frames=109  σ=0.0  fold=4 ===
  BDOSC: k_hat=3  ACC=0.9266  NMI=0.8366  ARI=0.8239  0.7s

=== P1E_S2_C2 train[5] k=3  dim=576  frames=128  σ=0.0  fold=4 ===
  BDOSC: k_hat=3  ACC=0.7422  NMI=0.5527  ARI=0.4306  1.1s

=== P1E_S2_C2 train[6] k=3  dim=576  frames=126  σ=0.0  fold=4 ===
  BDOSC: k_hat=3  ACC=0.5476  NMI=0.5716  ARI=0.4215  0.9s

=== P1E_S2_C3 train[0] k=3  dim=576  frames=113  σ=0.0  fold=4 ===
  BDOSC: k_hat=3  ACC=0.9912  NMI=0.9628  ARI=0.9753  0.8s

=== P1E_S2_C3 train[1] k=3  dim=576  frames=88  σ=0.0  fold=4 ===
  BDOSC: k_hat=3  ACC=0.9545  NMI=0.8421  ARI=0.8584  0.5s

=== P1E_S2_C3 train[2] k=3  dim=576  frames=90  σ=0.0  fold=4 ===
  BDOSC: k_hat=3  ACC=0.9444  NMI=0.8320  ARI=0.8392  0.5s

=== P1E_S2_C3 train[3] k=3  dim=576  frames=112  σ=0.0  fold=4 ===
  BDOSC: k_hat=3  ACC=0.8571  NMI=0.7287  ARI=0.6591  0.8s

=== P1E_S2_C3 train[4] k=3  dim=576  frames=87  σ=0.0  fold=4 ===
  BDOSC: k_hat=3  ACC=0.8966  NMI=0.7369  ARI=0.7243  0.5s

=== P1E_S2_C3 train[5] k=3  dim=576  frames=105  σ=0.0  fold=4 ===
  BDOSC: k_hat=3  ACC=0.9905  NMI=0.9607  ARI=0.9722  0.7s

=== P1E_S2_C3 train[6] k=3  dim=576  frames=89  σ=0.0  fold=4 ===
  BDOSC: k_hat=3  ACC=0.9775  NMI=0.9248  ARI=0.9383  0.5s

=== P1E_S3_C1 train[0] k=3  dim=576  frames=166  σ=0.0  fold=4 ===
  BDOSC: k_hat=3  ACC=0.8554  NMI=0.7353  ARI=0.6139  2.2s

=== P1E_S3_C1 train[1] k=3  dim=576  frames=139  σ=0.0  fold=4 ===
  BDOSC: k_hat=3  ACC=0.7266  NMI=0.6687  ARI=0.5342  1.2s

=== P1E_S3_C1 train[2] k=3  dim=576  frames=134  σ=0.0  fold=4 ===
  BDOSC: k_hat=3  ACC=0.8134  NMI=0.7133  ARI=0.5653  1.1s

=== P1E_S3_C1 train[3] k=3  dim=576  frames=161  σ=0.0  fold=4 ===
  BDOSC: k_hat=3  ACC=0.6149  NMI=0.3772  ARI=0.1803  1.5s

=== P1E_S3_C1 train[4] k=3  dim=576  frames=123  σ=0.0  fold=4 ===
  BDOSC: k_hat=3  ACC=0.9106  NMI=0.7905  ARI=0.7756  0.9s

=== P1E_S3_C1 train[5] k=3  dim=576  frames=204  σ=0.0  fold=4 ===
  BDOSC: k_hat=3  ACC=0.5392  NMI=0.3668  ARI=0.1362  2.5s

=== P1E_S3_C1 train[6] k=3  dim=576  frames=112  σ=0.0  fold=4 ===
  BDOSC: k_hat=3  ACC=1.0000  NMI=1.0000  ARI=1.0000  0.8s

=== P1E_S3_C2 train[0] k=3  dim=576  frames=147  σ=0.0  fold=4 ===
  BDOSC: k_hat=3  ACC=0.9864  NMI=0.9445  ARI=0.9542  1.3s

=== P1E_S3_C2 train[1] k=3  dim=576  frames=120  σ=0.0  fold=4 ===
  BDOSC: k_hat=3  ACC=0.8417  NMI=0.6499  ARI=0.5746  0.9s

=== P1E_S3_C2 train[2] k=3  dim=576  frames=112  σ=0.0  fold=4 ===
  BDOSC: k_hat=3  ACC=0.9196  NMI=0.7893  ARI=0.7621  0.8s

=== P1E_S3_C2 train[3] k=3  dim=576  frames=168  σ=0.0  fold=4 ===
  BDOSC: k_hat=3  ACC=0.9226  NMI=0.7804  ARI=0.7810  1.6s

=== P1E_S3_C2 train[4] k=3  dim=576  frames=107  σ=0.0  fold=4 ===
  BDOSC: k_hat=3  ACC=0.5888  NMI=0.6662  ARI=0.4710  0.7s

=== P1E_S3_C2 train[5] k=3  dim=576  frames=146  σ=0.0  fold=4 ===
  BDOSC: k_hat=3  ACC=0.9726  NMI=0.9028  ARI=0.9116  1.3s

=== P1E_S3_C2 train[6] k=3  dim=576  frames=114  σ=0.0  fold=4 ===
  BDOSC: k_hat=3  ACC=0.9298  NMI=0.8460  ARI=0.8665  0.8s

=== P1E_S3_C3 train[0] k=3  dim=576  frames=105  σ=0.0  fold=4 ===
  BDOSC: k_hat=3  ACC=0.9905  NMI=0.9593  ARI=0.9687  0.7s

=== P1E_S3_C3 train[1] k=3  dim=576  frames=89  σ=0.0  fold=4 ===
  BDOSC: k_hat=3  ACC=0.9888  NMI=0.9533  ARI=0.9646  0.5s

=== P1E_S3_C3 train[2] k=3  dim=576  frames=84  σ=0.0  fold=4 ===
  BDOSC: k_hat=3  ACC=0.9762  NMI=0.9165  ARI=0.9208  0.5s

=== P1E_S3_C3 train[3] k=3  dim=576  frames=125  σ=0.0  fold=4 ===
  BDOSC: k_hat=3  ACC=0.8800  NMI=0.7376  ARI=0.6737  0.9s

=== P1E_S3_C3 train[4] k=3  dim=576  frames=83  σ=0.0  fold=4 ===
  BDOSC: k_hat=3  ACC=0.9639  NMI=0.8955  ARI=0.9023  0.5s

=== P1E_S3_C3 train[5] k=3  dim=576  frames=129  σ=0.0  fold=4 ===
  BDOSC: k_hat=3  ACC=0.9845  NMI=0.9427  ARI=0.9553  1.0s

=== P1E_S3_C3 train[6] k=3  dim=576  frames=84  σ=0.0  fold=4 ===
  BDOSC: k_hat=3  ACC=0.9762  NMI=0.9062  ARI=0.9376  0.5s

=== P1E_S4_C1 train[0] k=3  dim=576  frames=158  σ=0.0  fold=4 ===
  BDOSC: k_hat=3  ACC=0.7658  NMI=0.5463  ARI=0.4168  1.5s

=== P1E_S4_C1 train[1] k=3  dim=576  frames=107  σ=0.0  fold=4 ===
  BDOSC: k_hat=3  ACC=0.8505  NMI=0.6682  ARI=0.6239  0.7s

=== P1E_S4_C1 train[2] k=3  dim=576  frames=155  σ=0.0  fold=4 ===
  BDOSC: k_hat=3  ACC=0.7355  NMI=0.5860  ARI=0.4658  1.4s

=== P1E_S4_C1 train[3] k=3  dim=576  frames=182  σ=0.0  fold=4 ===
  BDOSC: k_hat=3  ACC=0.7692  NMI=0.5910  ARI=0.4870  1.9s

=== P1E_S4_C1 train[4] k=3  dim=576  frames=133  σ=0.0  fold=4 ===
  BDOSC: k_hat=3  ACC=0.7970  NMI=0.6172  ARI=0.5119  1.0s

=== P1E_S4_C1 train[5] k=3  dim=576  frames=147  σ=0.0  fold=4 ===
  BDOSC: k_hat=3  ACC=0.7279  NMI=0.5877  ARI=0.4879  1.3s

=== P1E_S4_C1 train[6] k=3  dim=576  frames=145  σ=0.0  fold=4 ===
  BDOSC: k_hat=3  ACC=0.9931  NMI=0.9695  ARI=0.9805  1.2s

=== P1E_S4_C2 train[0] k=3  dim=576  frames=117  σ=0.0  fold=4 ===
  BDOSC: k_hat=3  ACC=0.9487  NMI=0.8643  ARI=0.8524  0.8s

=== P1E_S4_C2 train[1] k=3  dim=576  frames=125  σ=0.0  fold=4 ===
  BDOSC: k_hat=3  ACC=0.9040  NMI=0.7595  ARI=0.7293  0.9s

=== P1E_S4_C2 train[2] k=3  dim=576  frames=122  σ=0.0  fold=4 ===
  BDOSC: k_hat=3  ACC=0.9426  NMI=0.8538  ARI=0.8350  0.9s

=== P1E_S4_C2 train[3] k=3  dim=576  frames=126  σ=0.0  fold=4 ===
  BDOSC: k_hat=3  ACC=0.9841  NMI=0.9299  ARI=0.9511  0.9s

=== P1E_S4_C2 train[4] k=3  dim=576  frames=129  σ=0.0  fold=4 ===
  BDOSC: k_hat=3  ACC=0.5659  NMI=0.6611  ARI=0.4614  1.0s

=== P1E_S4_C2 train[5] k=3  dim=576  frames=146  σ=0.0  fold=4 ===
  BDOSC: k_hat=3  ACC=0.9110  NMI=0.7538  ARI=0.7446  1.3s

=== P1E_S4_C2 train[6] k=3  dim=576  frames=110  σ=0.0  fold=4 ===
  BDOSC: k_hat=3  ACC=0.9727  NMI=0.8980  ARI=0.9254  0.7s

=== P1E_S4_C3 train[0] k=3  dim=576  frames=90  σ=0.0  fold=4 ===
  BDOSC: k_hat=3  ACC=0.9667  NMI=0.8988  ARI=0.9022  0.5s

=== P1E_S4_C3 train[1] k=3  dim=576  frames=64  σ=0.0  fold=4 ===
  BDOSC: k_hat=3  ACC=0.8438  NMI=0.6740  ARI=0.6011  0.3s

=== P1E_S4_C3 train[2] k=3  dim=576  frames=85  σ=0.0  fold=4 ===
  BDOSC: k_hat=3  ACC=0.9529  NMI=0.8505  ARI=0.8670  0.5s

=== P1E_S4_C3 train[3] k=3  dim=576  frames=105  σ=0.0  fold=4 ===
  BDOSC: k_hat=3  ACC=0.5238  NMI=0.5754  ARI=0.4130  0.7s

=== P1E_S4_C3 train[4] k=3  dim=576  frames=76  σ=0.0  fold=4 ===
  BDOSC: k_hat=3  ACC=0.8947  NMI=0.7972  ARI=0.7470  0.4s

=== P1E_S4_C3 train[5] k=3  dim=576  frames=106  σ=0.0  fold=4 ===
  BDOSC: k_hat=3  ACC=0.9057  NMI=0.7581  ARI=0.7542  0.7s

=== P1E_S4_C3 train[6] k=3  dim=576  frames=79  σ=0.0  fold=4 ===
  BDOSC: k_hat=3  ACC=0.9873  NMI=0.9504  ARI=0.9609  0.4s

=== P1L_S1_C1 train[0] k=3  dim=576  frames=162  σ=0.0  fold=4 ===
  BDOSC: k_hat=3  ACC=0.9321  NMI=0.8404  ARI=0.8237  1.6s

=== P1L_S1_C1 train[1] k=3  dim=576  frames=170  σ=0.0  fold=4 ===
  BDOSC: k_hat=3  ACC=0.8294  NMI=0.6934  ARI=0.5658  1.7s

=== P1L_S1_C1 train[2] k=3  dim=576  frames=155  σ=0.0  fold=4 ===
  BDOSC: k_hat=3  ACC=0.6710  NMI=0.5078  ARI=0.3505  1.4s

=== P1L_S1_C1 train[3] k=3  dim=576  frames=182  σ=0.0  fold=4 ===
  BDOSC: k_hat=3  ACC=0.7967  NMI=0.5874  ARI=0.4809  1.9s

=== P1L_S1_C1 train[4] k=3  dim=576  frames=166  σ=0.0  fold=4 ===
  BDOSC: k_hat=3  ACC=0.6024  NMI=0.6091  ARI=0.4521  1.7s

=== P1L_S1_C1 train[5] k=3  dim=576  frames=116  σ=0.0  fold=4 ===
  BDOSC: k_hat=3  ACC=0.9310  NMI=0.8178  ARI=0.8208  0.8s

=== P1L_S1_C1 train[6] k=3  dim=576  frames=175  σ=0.0  fold=4 ===
  BDOSC: k_hat=3  ACC=0.5429  NMI=0.3496  ARI=0.1689  1.8s

=== P1L_S1_C2 train[0] k=3  dim=576  frames=186  σ=0.0  fold=4 ===
  BDOSC: k_hat=3  ACC=0.7312  NMI=0.4980  ARI=0.3447  2.1s

=== P1L_S1_C2 train[1] k=3  dim=576  frames=137  σ=0.0  fold=4 ===
  BDOSC: k_hat=3  ACC=0.9927  NMI=0.9671  ARI=0.9761  1.1s

=== P1L_S1_C2 train[2] k=3  dim=576  frames=147  σ=0.0  fold=4 ===
  BDOSC: k_hat=3  ACC=0.8367  NMI=0.7209  ARI=0.6406  1.3s

=== P1L_S1_C2 train[3] k=3  dim=576  frames=181  σ=0.0  fold=4 ===
  BDOSC: k_hat=3  ACC=0.9945  NMI=0.9739  ARI=0.9823  1.9s

=== P1L_S1_C2 train[4] k=3  dim=576  frames=154  σ=0.0  fold=4 ===
  BDOSC: k_hat=3  ACC=0.8182  NMI=0.7244  ARI=0.5951  1.4s

=== P1L_S1_C2 train[5] k=3  dim=576  frames=142  σ=0.0  fold=4 ===
  BDOSC: k_hat=3  ACC=0.8873  NMI=0.7696  ARI=0.6838  1.2s

=== P1L_S1_C2 train[6] k=3  dim=576  frames=168  σ=0.0  fold=4 ===
  BDOSC: k_hat=3  ACC=0.6190  NMI=0.5576  ARI=0.4286  1.6s

=== P1L_S1_C3 train[0] k=3  dim=576  frames=60  σ=0.0  fold=4 ===
  BDOSC: k_hat=3  ACC=0.5500  NMI=0.5529  ARI=0.3893  0.3s

=== P1L_S1_C3 train[1] k=3  dim=576  frames=68  σ=0.0  fold=4 ===
  BDOSC: k_hat=3  ACC=1.0000  NMI=1.0000  ARI=1.0000  0.3s

=== P1L_S1_C3 train[2] k=3  dim=576  frames=65  σ=0.0  fold=4 ===
  BDOSC: k_hat=3  ACC=0.9077  NMI=0.8065  ARI=0.7650  0.3s

=== P1L_S1_C3 train[3] k=3  dim=576  frames=74  σ=0.0  fold=4 ===
  BDOSC: k_hat=3  ACC=0.8514  NMI=0.6640  ARI=0.6046  0.3s

=== P1L_S1_C3 train[4] k=3  dim=576  frames=64  σ=0.0  fold=4 ===
  BDOSC: k_hat=3  ACC=0.8281  NMI=0.6977  ARI=0.6235  0.3s

=== P1L_S1_C3 train[5] k=3  dim=576  frames=63  σ=0.0  fold=4 ===
  BDOSC: k_hat=3  ACC=0.6984  NMI=0.6872  ARI=0.5377  0.3s

=== P1L_S1_C3 train[6] k=3  dim=576  frames=75  σ=0.0  fold=4 ===
  BDOSC: k_hat=3  ACC=1.0000  NMI=1.0000  ARI=1.0000  0.4s

=== P1L_S2_C1 train[0] k=3  dim=576  frames=211  σ=0.0  fold=4 ===
  BDOSC: k_hat=3  ACC=0.8720  NMI=0.6990  ARI=0.6593  2.7s

=== P1L_S2_C1 train[1] k=3  dim=576  frames=190  σ=0.0  fold=4 ===
  BDOSC: k_hat=3  ACC=0.6579  NMI=0.4910  ARI=0.3488  2.1s

=== P1L_S2_C1 train[2] k=3  dim=576  frames=180  σ=0.0  fold=4 ===
  BDOSC: k_hat=3  ACC=0.9167  NMI=0.7729  ARI=0.7854  1.9s

=== P1L_S2_C1 train[3] k=3  dim=576  frames=177  σ=0.0  fold=4 ===
  BDOSC: k_hat=3  ACC=0.8079  NMI=0.6702  ARI=0.5508  1.8s

=== P1L_S2_C1 train[4] k=3  dim=576  frames=179  σ=0.0  fold=4 ===
  BDOSC: k_hat=3  ACC=0.9777  NMI=0.9244  ARI=0.9377  1.9s

=== P1L_S2_C1 train[5] k=3  dim=576  frames=180  σ=0.0  fold=4 ===
  BDOSC: k_hat=3  ACC=0.7167  NMI=0.5321  ARI=0.4633  1.9s

=== P1L_S2_C1 train[6] k=3  dim=576  frames=133  σ=0.0  fold=4 ===
  BDOSC: k_hat=3  ACC=0.9774  NMI=0.9260  ARI=0.9549  1.1s

=== P1L_S2_C2 train[0] k=3  dim=576  frames=194  σ=0.0  fold=4 ===
  BDOSC: k_hat=3  ACC=0.8711  NMI=0.7077  ARI=0.6266  2.2s

=== P1L_S2_C2 train[1] k=3  dim=576  frames=155  σ=0.0  fold=4 ===
  BDOSC: k_hat=3  ACC=0.8258  NMI=0.6543  ARI=0.5677  1.5s

=== P1L_S2_C2 train[2] k=3  dim=576  frames=134  σ=0.0  fold=4 ===
  BDOSC: k_hat=3  ACC=0.9776  NMI=0.9103  ARI=0.9389  1.1s

=== P1L_S2_C2 train[3] k=3  dim=576  frames=186  σ=0.0  fold=4 ===
  BDOSC: k_hat=3  ACC=0.9731  NMI=0.9132  ARI=0.9230  2.0s

=== P1L_S2_C2 train[4] k=3  dim=576  frames=171  σ=0.0  fold=4 ===
  BDOSC: k_hat=3  ACC=0.9474  NMI=0.8495  ARI=0.8635  1.8s

=== P1L_S2_C2 train[5] k=3  dim=576  frames=160  σ=0.0  fold=4 ===
  BDOSC: k_hat=3  ACC=0.9062  NMI=0.7778  ARI=0.7080  1.5s

=== P1L_S2_C2 train[6] k=3  dim=576  frames=154  σ=0.0  fold=4 ===
  BDOSC: k_hat=3  ACC=0.5974  NMI=0.5835  ARI=0.4611  1.4s

=== P1L_S2_C3 train[0] k=3  dim=576  frames=119  σ=0.0  fold=4 ===
  BDOSC: k_hat=3  ACC=0.9916  NMI=0.9629  ARI=0.9741  0.8s

=== P1L_S2_C3 train[1] k=3  dim=576  frames=101  σ=0.0  fold=4 ===
  BDOSC: k_hat=3  ACC=0.9802  NMI=0.9146  ARI=0.9368  0.6s

=== P1L_S2_C3 train[2] k=3  dim=576  frames=85  σ=0.0  fold=4 ===
  BDOSC: k_hat=3  ACC=0.9529  NMI=0.8764  ARI=0.8899  0.5s

=== P1L_S2_C3 train[3] k=3  dim=576  frames=112  σ=0.0  fold=4 ===
  BDOSC: k_hat=3  ACC=0.9911  NMI=0.9629  ARI=0.9763  0.8s

=== P1L_S2_C3 train[4] k=3  dim=576  frames=102  σ=0.0  fold=4 ===
  BDOSC: k_hat=3  ACC=0.9902  NMI=0.9599  ARI=0.9718  0.7s

=== P1L_S2_C3 train[5] k=3  dim=576  frames=121  σ=0.0  fold=4 ===
  BDOSC: k_hat=3  ACC=0.9917  NMI=0.9651  ARI=0.9777  0.9s

=== P1L_S2_C3 train[6] k=3  dim=576  frames=99  σ=0.0  fold=4 ===
  BDOSC: k_hat=3  ACC=0.9899  NMI=0.9589  ARI=0.9711  0.6s

=== P1L_S3_C1 train[0] k=3  dim=576  frames=156  σ=0.0  fold=4 ===
  BDOSC: k_hat=3  ACC=0.5641  NMI=0.4907  ARI=0.3298  1.5s

=== P1L_S3_C1 train[1] k=3  dim=576  frames=120  σ=0.0  fold=4 ===
  BDOSC: k_hat=3  ACC=0.8083  NMI=0.6046  ARI=0.4835  0.9s

=== P1L_S3_C1 train[2] k=3  dim=576  frames=185  σ=0.0  fold=4 ===
  BDOSC: k_hat=3  ACC=0.9784  NMI=0.9150  ARI=0.9348  2.0s

=== P1L_S3_C1 train[3] k=3  dim=576  frames=156  σ=0.0  fold=4 ===
  BDOSC: k_hat=3  ACC=0.7308  NMI=0.5146  ARI=0.3704  1.5s

=== P1L_S3_C1 train[4] k=3  dim=576  frames=172  σ=0.0  fold=4 ===
  BDOSC: k_hat=3  ACC=0.6163  NMI=0.3783  ARI=0.1567  1.8s

=== P1L_S3_C1 train[5] k=3  dim=576  frames=176  σ=0.0  fold=4 ===
  BDOSC: k_hat=3  ACC=0.5739  NMI=0.4348  ARI=0.2552  1.8s

=== P1L_S3_C1 train[6] k=3  dim=576  frames=134  σ=0.0  fold=4 ===
  BDOSC: k_hat=3  ACC=0.8881  NMI=0.7174  ARI=0.7009  1.1s

=== P1L_S3_C2 train[0] k=3  dim=576  frames=185  σ=0.0  fold=4 ===
  BDOSC: k_hat=3  ACC=0.9081  NMI=0.7660  ARI=0.7424  2.0s

=== P1L_S3_C2 train[1] k=3  dim=576  frames=125  σ=0.0  fold=4 ===
  BDOSC: k_hat=3  ACC=0.6400  NMI=0.3999  ARI=0.1857  1.0s

=== P1L_S3_C2 train[2] k=3  dim=576  frames=166  σ=0.0  fold=4 ===
  BDOSC: k_hat=3  ACC=0.8855  NMI=0.7624  ARI=0.7212  1.7s

=== P1L_S3_C2 train[3] k=3  dim=576  frames=209  σ=0.0  fold=4 ===
  BDOSC: k_hat=3  ACC=0.5550  NMI=0.5268  ARI=0.3774  2.6s

=== P1L_S3_C2 train[4] k=3  dim=576  frames=187  σ=0.0  fold=4 ===
  BDOSC: k_hat=3  ACC=0.5508  NMI=0.5027  ARI=0.3515  2.1s

=== P1L_S3_C2 train[5] k=3  dim=576  frames=229  σ=0.0  fold=4 ===
  BDOSC: k_hat=3  ACC=0.5022  NMI=0.5233  ARI=0.3438  3.2s

=== P1L_S3_C2 train[6] k=3  dim=576  frames=136  σ=0.0  fold=4 ===
  BDOSC: k_hat=3  ACC=0.7279  NMI=0.4698  ARI=0.3100  1.1s

=== P1L_S3_C3 train[0] k=3  dim=576  frames=151  σ=0.0  fold=4 ===
  BDOSC: k_hat=3  ACC=0.8013  NMI=0.6762  ARI=0.4928  1.4s

=== P1L_S3_C3 train[1] k=3  dim=576  frames=118  σ=0.0  fold=4 ===
  BDOSC: k_hat=3  ACC=0.8644  NMI=0.7607  ARI=0.6741  0.9s

=== P1L_S3_C3 train[2] k=3  dim=576  frames=121  σ=0.0  fold=4 ===
  BDOSC: k_hat=3  ACC=0.8926  NMI=0.7397  ARI=0.6943  0.9s

=== P1L_S3_C3 train[3] k=3  dim=576  frames=142  σ=0.0  fold=4 ===
  BDOSC: k_hat=3  ACC=0.9789  NMI=0.9140  ARI=0.9345  1.2s

=== P1L_S3_C3 train[4] k=3  dim=576  frames=110  σ=0.0  fold=4 ===
  BDOSC: k_hat=3  ACC=0.9636  NMI=0.8932  ARI=0.8941  0.8s

=== P1L_S3_C3 train[5] k=3  dim=576  frames=161  σ=0.0  fold=4 ===
  BDOSC: k_hat=3  ACC=0.7888  NMI=0.6753  ARI=0.5967  1.5s

=== P1L_S3_C3 train[6] k=3  dim=576  frames=114  σ=0.0  fold=4 ===
  BDOSC: k_hat=3  ACC=0.6754  NMI=0.5200  ARI=0.3724  0.8s

=== P1L_S4_C1 train[0] k=3  dim=576  frames=200  σ=0.0  fold=4 ===
  BDOSC: k_hat=3  ACC=0.9000  NMI=0.7943  ARI=0.7435  2.5s

=== P1L_S4_C1 train[1] k=3  dim=576  frames=157  σ=0.0  fold=4 ===
  BDOSC: k_hat=3  ACC=0.7325  NMI=0.6731  ARI=0.4782  1.5s

=== P1L_S4_C1 train[2] k=3  dim=576  frames=154  σ=0.0  fold=4 ===
  BDOSC: k_hat=3  ACC=0.7922  NMI=0.5979  ARI=0.4749  1.4s

=== P1L_S4_C1 train[3] k=3  dim=576  frames=168  σ=0.0  fold=4 ===
  BDOSC: k_hat=3  ACC=0.8095  NMI=0.6082  ARI=0.5160  1.7s

=== P1L_S4_C1 train[4] k=3  dim=576  frames=164  σ=0.0  fold=4 ===
  BDOSC: k_hat=3  ACC=0.8598  NMI=0.7355  ARI=0.6694  1.7s

=== P1L_S4_C1 train[5] k=3  dim=576  frames=187  σ=0.0  fold=4 ===
  BDOSC: k_hat=3  ACC=0.8556  NMI=0.6983  ARI=0.6103  2.1s

=== P1L_S4_C1 train[6] k=3  dim=576  frames=202  σ=0.0  fold=4 ===
  BDOSC: k_hat=3  ACC=0.8911  NMI=0.7232  ARI=0.6948  2.5s

=== P1L_S4_C2 train[0] k=3  dim=576  frames=157  σ=0.0  fold=4 ===
  BDOSC: k_hat=3  ACC=0.8599  NMI=0.7321  ARI=0.6124  1.5s

=== P1L_S4_C2 train[1] k=3  dim=576  frames=149  σ=0.0  fold=4 ===
  BDOSC: k_hat=3  ACC=0.9396  NMI=0.8216  ARI=0.8386  1.4s

=== P1L_S4_C2 train[2] k=3  dim=576  frames=175  σ=0.0  fold=4 ===
  BDOSC: k_hat=3  ACC=1.0000  NMI=1.0000  ARI=1.0000  1.8s

=== P1L_S4_C2 train[3] k=3  dim=576  frames=168  σ=0.0  fold=4 ===
  BDOSC: k_hat=3  ACC=0.9226  NMI=0.8224  ARI=0.7978  1.6s

=== P1L_S4_C2 train[4] k=3  dim=576  frames=152  σ=0.0  fold=4 ===
  BDOSC: k_hat=3  ACC=0.8224  NMI=0.6469  ARI=0.5752  1.4s

=== P1L_S4_C2 train[5] k=3  dim=576  frames=169  σ=0.0  fold=4 ===
  BDOSC: k_hat=3  ACC=0.7870  NMI=0.7250  ARI=0.6129  1.7s

=== P1L_S4_C2 train[6] k=3  dim=576  frames=153  σ=0.0  fold=4 ===
  BDOSC: k_hat=3  ACC=0.6536  NMI=0.5149  ARI=0.3620  1.4s

=== P1L_S4_C3 train[0] k=3  dim=576  frames=96  σ=0.0  fold=4 ===
  BDOSC: k_hat=3  ACC=0.9896  NMI=0.9573  ARI=0.9690  0.6s

=== P1L_S4_C3 train[1] k=3  dim=576  frames=107  σ=0.0  fold=4 ===
  BDOSC: k_hat=3  ACC=0.8318  NMI=0.7021  ARI=0.5594  0.7s

=== P1L_S4_C3 train[2] k=3  dim=576  frames=94  σ=0.0  fold=4 ===
  BDOSC: k_hat=3  ACC=0.8085  NMI=0.7291  ARI=0.6083  0.6s

=== P1L_S4_C3 train[3] k=3  dim=576  frames=117  σ=0.0  fold=4 ===
  BDOSC: k_hat=3  ACC=0.9060  NMI=0.7862  ARI=0.7153  0.8s

=== P1L_S4_C3 train[4] k=3  dim=576  frames=103  σ=0.0  fold=4 ===
  BDOSC: k_hat=3  ACC=0.9223  NMI=0.8288  ARI=0.8059  0.7s

=== P1L_S4_C3 train[5] k=3  dim=576  frames=105  σ=0.0  fold=4 ===
  BDOSC: k_hat=3  ACC=0.5143  NMI=0.5244  ARI=0.3419  0.7s

=== P1L_S4_C3 train[6] k=3  dim=576  frames=107  σ=0.0  fold=4 ===
  BDOSC: k_hat=3  ACC=0.9813  NMI=0.9224  ARI=0.9474  0.7s

=== P1E_S1_C1 test[0] k=3  dim=576  frames=157  σ=0.0  fold=4 ===
  BDOSC: k_hat=3  ACC=0.8471  NMI=0.7327  ARI=0.6164  1.4s

=== P1E_S1_C2 test[0] k=3  dim=576  frames=113  σ=0.0  fold=4 ===
  BDOSC: k_hat=3  ACC=0.9292  NMI=0.8307  ARI=0.7951  0.8s

=== P1E_S1_C3 test[0] k=3  dim=576  frames=37  σ=0.0  fold=4 ===
  BDOSC: k_hat=3  ACC=1.0000  NMI=1.0000  ARI=1.0000  0.1s

=== P1E_S2_C1 test[0] k=3  dim=576  frames=149  σ=0.0  fold=4 ===
  BDOSC: k_hat=3  ACC=1.0000  NMI=1.0000  ARI=1.0000  1.3s

=== P1E_S2_C2 test[0] k=3  dim=576  frames=124  σ=0.0  fold=4 ===
  BDOSC: k_hat=3  ACC=0.9435  NMI=0.8498  ARI=0.8299  0.9s

=== P1E_S2_C3 test[0] k=3  dim=576  frames=99  σ=0.0  fold=4 ===
  BDOSC: k_hat=3  ACC=0.9697  NMI=0.9056  ARI=0.9106  0.6s

=== P1E_S3_C1 test[0] k=3  dim=576  frames=168  σ=0.0  fold=4 ===
  BDOSC: k_hat=3  ACC=0.8750  NMI=0.7257  ARI=0.6598  1.6s

=== P1E_S3_C2 test[0] k=3  dim=576  frames=169  σ=0.0  fold=4 ===
  BDOSC: k_hat=3  ACC=0.7692  NMI=0.6751  ARI=0.4891  1.7s

=== P1E_S3_C3 test[0] k=3  dim=576  frames=128  σ=0.0  fold=4 ===
  BDOSC: k_hat=3  ACC=0.7344  NMI=0.6459  ARI=0.5126  1.1s

=== P1E_S4_C1 test[0] k=3  dim=576  frames=180  σ=0.0  fold=4 ===
  BDOSC: k_hat=3  ACC=0.8833  NMI=0.7790  ARI=0.7054  1.9s

=== P1E_S4_C2 test[0] k=3  dim=576  frames=140  σ=0.0  fold=4 ===
  BDOSC: k_hat=3  ACC=0.9857  NMI=0.9434  ARI=0.9545  1.2s

=== P1E_S4_C3 test[0] k=3  dim=576  frames=87  σ=0.0  fold=4 ===
  BDOSC: k_hat=3  ACC=0.9425  NMI=0.8287  ARI=0.8325  0.5s

=== P1L_S1_C1 test[0] k=3  dim=576  frames=198  σ=0.0  fold=4 ===
  BDOSC: k_hat=3  ACC=0.8182  NMI=0.6194  ARI=0.5546  2.3s

=== P1L_S1_C2 test[0] k=3  dim=576  frames=128  σ=0.0  fold=4 ===
  BDOSC: k_hat=3  ACC=0.9531  NMI=0.8778  ARI=0.8905  1.1s

=== P1L_S1_C3 test[0] k=3  dim=576  frames=73  σ=0.0  fold=4 ===
  BDOSC: k_hat=3  ACC=0.8493  NMI=0.6574  ARI=0.5984  0.3s

=== P1L_S2_C1 test[0] k=3  dim=576  frames=172  σ=0.0  fold=4 ===
  BDOSC: k_hat=3  ACC=0.9477  NMI=0.8648  ARI=0.8631  1.8s

=== P1L_S2_C2 test[0] k=3  dim=576  frames=201  σ=0.0  fold=4 ===
  BDOSC: k_hat=3  ACC=0.7960  NMI=0.6508  ARI=0.5443  2.4s

=== P1L_S2_C3 test[0] k=3  dim=576  frames=126  σ=0.0  fold=4 ===
  BDOSC: k_hat=3  ACC=0.8413  NMI=0.7417  ARI=0.6278  0.9s

=== P1L_S3_C1 test[0] k=3  dim=576  frames=159  σ=0.0  fold=4 ===
  BDOSC: k_hat=3  ACC=0.7925  NMI=0.5858  ARI=0.4515  1.5s

=== P1L_S3_C2 test[0] k=3  dim=576  frames=168  σ=0.0  fold=4 ===
  BDOSC: k_hat=3  ACC=0.8214  NMI=0.7601  ARI=0.7253  1.7s

=== P1L_S3_C3 test[0] k=3  dim=576  frames=134  σ=0.0  fold=4 ===
  BDOSC: k_hat=3  ACC=0.9478  NMI=0.8644  ARI=0.8633  1.1s

=== P1L_S4_C1 test[0] k=3  dim=576  frames=142  σ=0.0  fold=4 ===
  BDOSC: k_hat=3  ACC=0.7817  NMI=0.5648  ARI=0.4434  1.2s

=== P1L_S4_C2 test[0] k=3  dim=576  frames=154  σ=0.0  fold=4 ===
  BDOSC: k_hat=3  ACC=0.8377  NMI=0.6997  ARI=0.5739  1.4s

=== P1L_S4_C3 test[0] k=3  dim=576  frames=112  σ=0.0  fold=4 ===
  BDOSC: k_hat=3  ACC=0.8036  NMI=0.6883  ARI=0.5741  0.8s
  tune_pool_groups=20: sampling from 22 held-in people (overlap allowed) instead of the 7 fixed partition group(s)

============================================================
σ=0.0 fold=5  test=['0015', '0016', '0021']  train mats=168  test mats=24  tune mats=480
  BDOSC: skip tuning, fixed lambda_1=0.2, lambda_2=1, gamma_1=0.01, p=1.1, max_iter=50
  wrote /nfs/turbo/umms-minjilab/lpullela/icassp_ssc_tv2/block_ssc_benchmark/cv/params/surveillance/split_k3_clean_min30_trials20_knownk_scaled_params_cv_bdosc_k3_sigma0_sigma0_fold5.json

=== P1E_S1_C1 train[0] k=3  dim=576  frames=146  σ=0.0  fold=5 ===
  BDOSC: k_hat=3  ACC=0.8425  NMI=0.7495  ARI=0.6541  1.3s

=== P1E_S1_C1 train[1] k=3  dim=576  frames=153  σ=0.0  fold=5 ===
  BDOSC: k_hat=3  ACC=0.9216  NMI=0.7943  ARI=0.7911  1.4s

=== P1E_S1_C1 train[2] k=3  dim=576  frames=130  σ=0.0  fold=5 ===
  BDOSC: k_hat=3  ACC=0.9385  NMI=0.8158  ARI=0.8190  1.0s

=== P1E_S1_C1 train[3] k=3  dim=576  frames=140  σ=0.0  fold=5 ===
  BDOSC: k_hat=3  ACC=0.8286  NMI=0.6663  ARI=0.5478  1.1s

=== P1E_S1_C1 train[4] k=3  dim=576  frames=157  σ=0.0  fold=5 ===
  BDOSC: k_hat=3  ACC=0.8471  NMI=0.7327  ARI=0.6164  1.4s

=== P1E_S1_C1 train[5] k=3  dim=576  frames=140  σ=0.0  fold=5 ===
  BDOSC: k_hat=3  ACC=0.8786  NMI=0.7219  ARI=0.6635  1.2s

=== P1E_S1_C1 train[6] k=3  dim=576  frames=171  σ=0.0  fold=5 ===
  BDOSC: k_hat=3  ACC=0.9708  NMI=0.8960  ARI=0.9182  1.8s

=== P1E_S1_C2 train[0] k=3  dim=576  frames=147  σ=0.0  fold=5 ===
  BDOSC: k_hat=3  ACC=0.7007  NMI=0.4523  ARI=0.2980  1.3s

=== P1E_S1_C2 train[1] k=3  dim=576  frames=115  σ=0.0  fold=5 ===
  BDOSC: k_hat=3  ACC=0.8783  NMI=0.7000  ARI=0.6792  0.8s

=== P1E_S1_C2 train[2] k=3  dim=576  frames=104  σ=0.0  fold=5 ===
  BDOSC: k_hat=3  ACC=0.9038  NMI=0.7552  ARI=0.7267  0.7s

=== P1E_S1_C2 train[3] k=3  dim=576  frames=138  σ=0.0  fold=5 ===
  BDOSC: k_hat=3  ACC=0.9420  NMI=0.8271  ARI=0.8204  1.1s

=== P1E_S1_C2 train[4] k=3  dim=576  frames=113  σ=0.0  fold=5 ===
  BDOSC: k_hat=3  ACC=0.9292  NMI=0.8307  ARI=0.7951  0.8s

=== P1E_S1_C2 train[5] k=3  dim=576  frames=122  σ=0.0  fold=5 ===
  BDOSC: k_hat=3  ACC=0.9344  NMI=0.8457  ARI=0.8316  0.9s

=== P1E_S1_C2 train[6] k=3  dim=576  frames=134  σ=0.0  fold=5 ===
  BDOSC: k_hat=3  ACC=1.0000  NMI=1.0000  ARI=1.0000  1.1s

=== P1E_S1_C3 train[0] k=3  dim=576  frames=58  σ=0.0  fold=5 ===
  BDOSC: k_hat=3  ACC=0.9483  NMI=0.8578  ARI=0.8376  0.2s

=== P1E_S1_C3 train[1] k=3  dim=576  frames=56  σ=0.0  fold=5 ===
  BDOSC: k_hat=3  ACC=0.9643  NMI=0.8700  ARI=0.9057  0.2s

=== P1E_S1_C3 train[2] k=3  dim=576  frames=47  σ=0.0  fold=5 ===
  BDOSC: k_hat=3  ACC=0.9362  NMI=0.8516  ARI=0.8505  0.2s

=== P1E_S1_C3 train[3] k=3  dim=576  frames=61  σ=0.0  fold=5 ===
  BDOSC: k_hat=3  ACC=0.8852  NMI=0.7346  ARI=0.7554  0.3s

=== P1E_S1_C3 train[4] k=3  dim=576  frames=37  σ=0.0  fold=5 ===
  BDOSC: k_hat=3  ACC=1.0000  NMI=1.0000  ARI=1.0000  0.1s

=== P1E_S1_C3 train[5] k=3  dim=576  frames=51  σ=0.0  fold=5 ===
  BDOSC: k_hat=3  ACC=0.9020  NMI=0.7422  ARI=0.7266  0.2s

=== P1E_S1_C3 train[6] k=3  dim=576  frames=69  σ=0.0  fold=5 ===
  BDOSC: k_hat=3  ACC=0.9565  NMI=0.8541  ARI=0.8698  0.3s

=== P1E_S2_C1 train[0] k=3  dim=576  frames=167  σ=0.0  fold=5 ===
  BDOSC: k_hat=3  ACC=0.8743  NMI=0.7173  ARI=0.6656  1.6s

=== P1E_S2_C1 train[1] k=3  dim=576  frames=151  σ=0.0  fold=5 ===
  BDOSC: k_hat=3  ACC=0.9669  NMI=0.8846  ARI=0.9022  1.4s

=== P1E_S2_C1 train[2] k=3  dim=576  frames=136  σ=0.0  fold=5 ===
  BDOSC: k_hat=3  ACC=0.8456  NMI=0.7540  ARI=0.6723  1.1s

=== P1E_S2_C1 train[3] k=3  dim=576  frames=180  σ=0.0  fold=5 ===
  BDOSC: k_hat=3  ACC=0.9889  NMI=0.9557  ARI=0.9681  1.9s

=== P1E_S2_C1 train[4] k=3  dim=576  frames=149  σ=0.0  fold=5 ===
  BDOSC: k_hat=3  ACC=1.0000  NMI=1.0000  ARI=1.0000  1.3s

=== P1E_S2_C1 train[5] k=3  dim=576  frames=161  σ=0.0  fold=5 ===
  BDOSC: k_hat=3  ACC=0.6770  NMI=0.5211  ARI=0.3772  1.5s

=== P1E_S2_C1 train[6] k=3  dim=576  frames=153  σ=0.0  fold=5 ===
  BDOSC: k_hat=3  ACC=0.9216  NMI=0.8270  ARI=0.8015  1.4s

=== P1E_S2_C2 train[0] k=3  dim=576  frames=146  σ=0.0  fold=5 ===
  BDOSC: k_hat=3  ACC=0.9384  NMI=0.8230  ARI=0.8136  1.3s

=== P1E_S2_C2 train[1] k=3  dim=576  frames=115  σ=0.0  fold=5 ===
  BDOSC: k_hat=3  ACC=0.9217  NMI=0.7839  ARI=0.7732  0.8s

=== P1E_S2_C2 train[2] k=3  dim=576  frames=109  σ=0.0  fold=5 ===
  BDOSC: k_hat=3  ACC=0.9725  NMI=0.9131  ARI=0.9228  0.7s

=== P1E_S2_C2 train[3] k=3  dim=576  frames=144  σ=0.0  fold=5 ===
  BDOSC: k_hat=3  ACC=0.9583  NMI=0.8796  ARI=0.8733  1.2s

=== P1E_S2_C2 train[4] k=3  dim=576  frames=124  σ=0.0  fold=5 ===
  BDOSC: k_hat=3  ACC=0.9435  NMI=0.8498  ARI=0.8299  0.9s

=== P1E_S2_C2 train[5] k=3  dim=576  frames=128  σ=0.0  fold=5 ===
  BDOSC: k_hat=3  ACC=0.7422  NMI=0.5527  ARI=0.4306  1.1s

=== P1E_S2_C2 train[6] k=3  dim=576  frames=126  σ=0.0  fold=5 ===
  BDOSC: k_hat=3  ACC=0.5476  NMI=0.5716  ARI=0.4215  0.9s

=== P1E_S2_C3 train[0] k=3  dim=576  frames=113  σ=0.0  fold=5 ===
  BDOSC: k_hat=3  ACC=0.9912  NMI=0.9628  ARI=0.9753  0.8s

=== P1E_S2_C3 train[1] k=3  dim=576  frames=88  σ=0.0  fold=5 ===
  BDOSC: k_hat=3  ACC=0.9545  NMI=0.8421  ARI=0.8584  0.5s

=== P1E_S2_C3 train[2] k=3  dim=576  frames=90  σ=0.0  fold=5 ===
  BDOSC: k_hat=3  ACC=0.9444  NMI=0.8320  ARI=0.8392  0.5s

=== P1E_S2_C3 train[3] k=3  dim=576  frames=112  σ=0.0  fold=5 ===
  BDOSC: k_hat=3  ACC=0.8571  NMI=0.7287  ARI=0.6591  0.8s

=== P1E_S2_C3 train[4] k=3  dim=576  frames=99  σ=0.0  fold=5 ===
  BDOSC: k_hat=3  ACC=0.9697  NMI=0.9056  ARI=0.9106  0.6s

=== P1E_S2_C3 train[5] k=3  dim=576  frames=105  σ=0.0  fold=5 ===
  BDOSC: k_hat=3  ACC=0.9905  NMI=0.9607  ARI=0.9722  0.7s

=== P1E_S2_C3 train[6] k=3  dim=576  frames=89  σ=0.0  fold=5 ===
  BDOSC: k_hat=3  ACC=0.9775  NMI=0.9248  ARI=0.9383  0.5s

=== P1E_S3_C1 train[0] k=3  dim=576  frames=166  σ=0.0  fold=5 ===
  BDOSC: k_hat=3  ACC=0.8554  NMI=0.7353  ARI=0.6139  1.7s

=== P1E_S3_C1 train[1] k=3  dim=576  frames=139  σ=0.0  fold=5 ===
  BDOSC: k_hat=3  ACC=0.7266  NMI=0.6687  ARI=0.5342  1.2s

=== P1E_S3_C1 train[2] k=3  dim=576  frames=134  σ=0.0  fold=5 ===
  BDOSC: k_hat=3  ACC=0.8134  NMI=0.7133  ARI=0.5653  1.1s

=== P1E_S3_C1 train[3] k=3  dim=576  frames=161  σ=0.0  fold=5 ===
  BDOSC: k_hat=3  ACC=0.6149  NMI=0.3772  ARI=0.1803  1.5s

=== P1E_S3_C1 train[4] k=3  dim=576  frames=168  σ=0.0  fold=5 ===
  BDOSC: k_hat=3  ACC=0.8750  NMI=0.7257  ARI=0.6598  1.6s

=== P1E_S3_C1 train[5] k=3  dim=576  frames=204  σ=0.0  fold=5 ===
  BDOSC: k_hat=3  ACC=0.5392  NMI=0.3668  ARI=0.1362  2.5s

=== P1E_S3_C1 train[6] k=3  dim=576  frames=112  σ=0.0  fold=5 ===
  BDOSC: k_hat=3  ACC=1.0000  NMI=1.0000  ARI=1.0000  0.8s

=== P1E_S3_C2 train[0] k=3  dim=576  frames=147  σ=0.0  fold=5 ===
  BDOSC: k_hat=3  ACC=0.9864  NMI=0.9445  ARI=0.9542  1.3s

=== P1E_S3_C2 train[1] k=3  dim=576  frames=120  σ=0.0  fold=5 ===
  BDOSC: k_hat=3  ACC=0.8417  NMI=0.6499  ARI=0.5746  0.9s

=== P1E_S3_C2 train[2] k=3  dim=576  frames=112  σ=0.0  fold=5 ===
  BDOSC: k_hat=3  ACC=0.9196  NMI=0.7893  ARI=0.7621  0.8s

=== P1E_S3_C2 train[3] k=3  dim=576  frames=168  σ=0.0  fold=5 ===
  BDOSC: k_hat=3  ACC=0.9226  NMI=0.7804  ARI=0.7810  1.6s

=== P1E_S3_C2 train[4] k=3  dim=576  frames=169  σ=0.0  fold=5 ===
  BDOSC: k_hat=3  ACC=0.7692  NMI=0.6751  ARI=0.4891  1.7s

=== P1E_S3_C2 train[5] k=3  dim=576  frames=146  σ=0.0  fold=5 ===
  BDOSC: k_hat=3  ACC=0.9726  NMI=0.9028  ARI=0.9116  1.3s

=== P1E_S3_C2 train[6] k=3  dim=576  frames=114  σ=0.0  fold=5 ===
  BDOSC: k_hat=3  ACC=0.9298  NMI=0.8460  ARI=0.8665  0.8s

=== P1E_S3_C3 train[0] k=3  dim=576  frames=105  σ=0.0  fold=5 ===
  BDOSC: k_hat=3  ACC=0.9905  NMI=0.9593  ARI=0.9687  0.7s

=== P1E_S3_C3 train[1] k=3  dim=576  frames=89  σ=0.0  fold=5 ===
  BDOSC: k_hat=3  ACC=0.9888  NMI=0.9533  ARI=0.9646  0.5s

=== P1E_S3_C3 train[2] k=3  dim=576  frames=84  σ=0.0  fold=5 ===
  BDOSC: k_hat=3  ACC=0.9762  NMI=0.9165  ARI=0.9208  0.5s

=== P1E_S3_C3 train[3] k=3  dim=576  frames=125  σ=0.0  fold=5 ===
  BDOSC: k_hat=3  ACC=0.8800  NMI=0.7376  ARI=0.6737  0.9s

=== P1E_S3_C3 train[4] k=3  dim=576  frames=128  σ=0.0  fold=5 ===
  BDOSC: k_hat=3  ACC=0.7344  NMI=0.6459  ARI=0.5126  1.1s

=== P1E_S3_C3 train[5] k=3  dim=576  frames=129  σ=0.0  fold=5 ===
  BDOSC: k_hat=3  ACC=0.9845  NMI=0.9427  ARI=0.9553  1.0s

=== P1E_S3_C3 train[6] k=3  dim=576  frames=84  σ=0.0  fold=5 ===
  BDOSC: k_hat=3  ACC=0.9762  NMI=0.9062  ARI=0.9376  0.5s

=== P1E_S4_C1 train[0] k=3  dim=576  frames=158  σ=0.0  fold=5 ===
  BDOSC: k_hat=3  ACC=0.7658  NMI=0.5463  ARI=0.4168  1.5s

=== P1E_S4_C1 train[1] k=3  dim=576  frames=107  σ=0.0  fold=5 ===
  BDOSC: k_hat=3  ACC=0.8505  NMI=0.6682  ARI=0.6239  0.7s

=== P1E_S4_C1 train[2] k=3  dim=576  frames=155  σ=0.0  fold=5 ===
  BDOSC: k_hat=3  ACC=0.7355  NMI=0.5860  ARI=0.4658  1.4s

=== P1E_S4_C1 train[3] k=3  dim=576  frames=182  σ=0.0  fold=5 ===
  BDOSC: k_hat=3  ACC=0.7692  NMI=0.5910  ARI=0.4870  1.9s

=== P1E_S4_C1 train[4] k=3  dim=576  frames=180  σ=0.0  fold=5 ===
  BDOSC: k_hat=3  ACC=0.8833  NMI=0.7790  ARI=0.7054  1.9s

=== P1E_S4_C1 train[5] k=3  dim=576  frames=147  σ=0.0  fold=5 ===
  BDOSC: k_hat=3  ACC=0.7279  NMI=0.5877  ARI=0.4879  1.3s

=== P1E_S4_C1 train[6] k=3  dim=576  frames=145  σ=0.0  fold=5 ===
  BDOSC: k_hat=3  ACC=0.9931  NMI=0.9695  ARI=0.9805  1.2s

=== P1E_S4_C2 train[0] k=3  dim=576  frames=117  σ=0.0  fold=5 ===
  BDOSC: k_hat=3  ACC=0.9487  NMI=0.8643  ARI=0.8524  0.8s

=== P1E_S4_C2 train[1] k=3  dim=576  frames=125  σ=0.0  fold=5 ===
  BDOSC: k_hat=3  ACC=0.9040  NMI=0.7595  ARI=0.7293  0.9s

=== P1E_S4_C2 train[2] k=3  dim=576  frames=122  σ=0.0  fold=5 ===
  BDOSC: k_hat=3  ACC=0.9426  NMI=0.8538  ARI=0.8350  0.9s

=== P1E_S4_C2 train[3] k=3  dim=576  frames=126  σ=0.0  fold=5 ===
  BDOSC: k_hat=3  ACC=0.9841  NMI=0.9299  ARI=0.9511  0.9s

=== P1E_S4_C2 train[4] k=3  dim=576  frames=140  σ=0.0  fold=5 ===
  BDOSC: k_hat=3  ACC=0.9857  NMI=0.9434  ARI=0.9545  1.2s

=== P1E_S4_C2 train[5] k=3  dim=576  frames=146  σ=0.0  fold=5 ===
  BDOSC: k_hat=3  ACC=0.9110  NMI=0.7538  ARI=0.7446  1.3s

=== P1E_S4_C2 train[6] k=3  dim=576  frames=110  σ=0.0  fold=5 ===
  BDOSC: k_hat=3  ACC=0.9727  NMI=0.8980  ARI=0.9254  0.7s

=== P1E_S4_C3 train[0] k=3  dim=576  frames=90  σ=0.0  fold=5 ===
  BDOSC: k_hat=3  ACC=0.9667  NMI=0.8988  ARI=0.9022  0.5s

=== P1E_S4_C3 train[1] k=3  dim=576  frames=64  σ=0.0  fold=5 ===
  BDOSC: k_hat=3  ACC=0.8438  NMI=0.6740  ARI=0.6011  0.3s

=== P1E_S4_C3 train[2] k=3  dim=576  frames=85  σ=0.0  fold=5 ===
  BDOSC: k_hat=3  ACC=0.9529  NMI=0.8505  ARI=0.8670  0.5s

=== P1E_S4_C3 train[3] k=3  dim=576  frames=105  σ=0.0  fold=5 ===
  BDOSC: k_hat=3  ACC=0.5238  NMI=0.5754  ARI=0.4130  0.7s

=== P1E_S4_C3 train[4] k=3  dim=576  frames=87  σ=0.0  fold=5 ===
  BDOSC: k_hat=3  ACC=0.9425  NMI=0.8287  ARI=0.8325  0.5s

=== P1E_S4_C3 train[5] k=3  dim=576  frames=106  σ=0.0  fold=5 ===
  BDOSC: k_hat=3  ACC=0.9057  NMI=0.7581  ARI=0.7542  0.7s

=== P1E_S4_C3 train[6] k=3  dim=576  frames=79  σ=0.0  fold=5 ===
  BDOSC: k_hat=3  ACC=0.9873  NMI=0.9504  ARI=0.9609  0.5s

=== P1L_S1_C1 train[0] k=3  dim=576  frames=162  σ=0.0  fold=5 ===
  BDOSC: k_hat=3  ACC=0.9321  NMI=0.8404  ARI=0.8237  1.6s

=== P1L_S1_C1 train[1] k=3  dim=576  frames=170  σ=0.0  fold=5 ===
  BDOSC: k_hat=3  ACC=0.8294  NMI=0.6934  ARI=0.5658  1.8s

=== P1L_S1_C1 train[2] k=3  dim=576  frames=155  σ=0.0  fold=5 ===
  BDOSC: k_hat=3  ACC=0.6710  NMI=0.5078  ARI=0.3505  1.4s

=== P1L_S1_C1 train[3] k=3  dim=576  frames=182  σ=0.0  fold=5 ===
  BDOSC: k_hat=3  ACC=0.7967  NMI=0.5874  ARI=0.4809  2.0s

=== P1L_S1_C1 train[4] k=3  dim=576  frames=198  σ=0.0  fold=5 ===
  BDOSC: k_hat=3  ACC=0.8182  NMI=0.6194  ARI=0.5546  2.4s

=== P1L_S1_C1 train[5] k=3  dim=576  frames=116  σ=0.0  fold=5 ===
  BDOSC: k_hat=3  ACC=0.9310  NMI=0.8178  ARI=0.8208  0.8s

=== P1L_S1_C1 train[6] k=3  dim=576  frames=175  σ=0.0  fold=5 ===
  BDOSC: k_hat=3  ACC=0.5429  NMI=0.3496  ARI=0.1689  1.8s

=== P1L_S1_C2 train[0] k=3  dim=576  frames=186  σ=0.0  fold=5 ===
  BDOSC: k_hat=3  ACC=0.7312  NMI=0.4980  ARI=0.3447  2.1s

=== P1L_S1_C2 train[1] k=3  dim=576  frames=137  σ=0.0  fold=5 ===
  BDOSC: k_hat=3  ACC=0.9927  NMI=0.9671  ARI=0.9761  1.1s

=== P1L_S1_C2 train[2] k=3  dim=576  frames=147  σ=0.0  fold=5 ===
  BDOSC: k_hat=3  ACC=0.8367  NMI=0.7209  ARI=0.6406  1.3s

=== P1L_S1_C2 train[3] k=3  dim=576  frames=181  σ=0.0  fold=5 ===
  BDOSC: k_hat=3  ACC=0.9945  NMI=0.9739  ARI=0.9823  2.0s

=== P1L_S1_C2 train[4] k=3  dim=576  frames=128  σ=0.0  fold=5 ===
  BDOSC: k_hat=3  ACC=0.9531  NMI=0.8778  ARI=0.8905  1.1s

=== P1L_S1_C2 train[5] k=3  dim=576  frames=142  σ=0.0  fold=5 ===
  BDOSC: k_hat=3  ACC=0.8873  NMI=0.7696  ARI=0.6838  1.2s

=== P1L_S1_C2 train[6] k=3  dim=576  frames=168  σ=0.0  fold=5 ===
  BDOSC: k_hat=3  ACC=0.6190  NMI=0.5576  ARI=0.4286  1.6s

=== P1L_S1_C3 train[0] k=3  dim=576  frames=60  σ=0.0  fold=5 ===
  BDOSC: k_hat=3  ACC=0.5500  NMI=0.5529  ARI=0.3893  0.3s

=== P1L_S1_C3 train[1] k=3  dim=576  frames=68  σ=0.0  fold=5 ===
  BDOSC: k_hat=3  ACC=1.0000  NMI=1.0000  ARI=1.0000  0.3s

=== P1L_S1_C3 train[2] k=3  dim=576  frames=65  σ=0.0  fold=5 ===
  BDOSC: k_hat=3  ACC=0.9077  NMI=0.8065  ARI=0.7650  0.3s

=== P1L_S1_C3 train[3] k=3  dim=576  frames=74  σ=0.0  fold=5 ===
  BDOSC: k_hat=3  ACC=0.8514  NMI=0.6640  ARI=0.6046  0.3s

=== P1L_S1_C3 train[4] k=3  dim=576  frames=73  σ=0.0  fold=5 ===
  BDOSC: k_hat=3  ACC=0.8493  NMI=0.6574  ARI=0.5984  0.4s

=== P1L_S1_C3 train[5] k=3  dim=576  frames=63  σ=0.0  fold=5 ===
  BDOSC: k_hat=3  ACC=0.6984  NMI=0.6872  ARI=0.5377  0.3s

=== P1L_S1_C3 train[6] k=3  dim=576  frames=75  σ=0.0  fold=5 ===
  BDOSC: k_hat=3  ACC=1.0000  NMI=1.0000  ARI=1.0000  0.4s

=== P1L_S2_C1 train[0] k=3  dim=576  frames=211  σ=0.0  fold=5 ===
  BDOSC: k_hat=3  ACC=0.8720  NMI=0.6990  ARI=0.6593  2.7s

=== P1L_S2_C1 train[1] k=3  dim=576  frames=190  σ=0.0  fold=5 ===
  BDOSC: k_hat=3  ACC=0.6579  NMI=0.4910  ARI=0.3488  2.1s

=== P1L_S2_C1 train[2] k=3  dim=576  frames=180  σ=0.0  fold=5 ===
  BDOSC: k_hat=3  ACC=0.9167  NMI=0.7729  ARI=0.7854  1.9s

=== P1L_S2_C1 train[3] k=3  dim=576  frames=177  σ=0.0  fold=5 ===
  BDOSC: k_hat=3  ACC=0.8079  NMI=0.6702  ARI=0.5508  1.9s

=== P1L_S2_C1 train[4] k=3  dim=576  frames=172  σ=0.0  fold=5 ===
  BDOSC: k_hat=3  ACC=0.9477  NMI=0.8648  ARI=0.8631  1.8s

=== P1L_S2_C1 train[5] k=3  dim=576  frames=180  σ=0.0  fold=5 ===
  BDOSC: k_hat=3  ACC=0.7167  NMI=0.5321  ARI=0.4633  1.9s

=== P1L_S2_C1 train[6] k=3  dim=576  frames=133  σ=0.0  fold=5 ===
  BDOSC: k_hat=3  ACC=0.9774  NMI=0.9260  ARI=0.9549  1.1s

=== P1L_S2_C2 train[0] k=3  dim=576  frames=194  σ=0.0  fold=5 ===
  BDOSC: k_hat=3  ACC=0.8711  NMI=0.7077  ARI=0.6266  2.2s

=== P1L_S2_C2 train[1] k=3  dim=576  frames=155  σ=0.0  fold=5 ===
  BDOSC: k_hat=3  ACC=0.8258  NMI=0.6543  ARI=0.5677  1.5s

=== P1L_S2_C2 train[2] k=3  dim=576  frames=134  σ=0.0  fold=5 ===
  BDOSC: k_hat=3  ACC=0.9776  NMI=0.9103  ARI=0.9389  1.1s

=== P1L_S2_C2 train[3] k=3  dim=576  frames=186  σ=0.0  fold=5 ===
  BDOSC: k_hat=3  ACC=0.9731  NMI=0.9132  ARI=0.9230  2.0s

=== P1L_S2_C2 train[4] k=3  dim=576  frames=201  σ=0.0  fold=5 ===
  BDOSC: k_hat=3  ACC=0.7960  NMI=0.6508  ARI=0.5443  2.4s

=== P1L_S2_C2 train[5] k=3  dim=576  frames=160  σ=0.0  fold=5 ===
  BDOSC: k_hat=3  ACC=0.9062  NMI=0.7778  ARI=0.7080  1.6s

=== P1L_S2_C2 train[6] k=3  dim=576  frames=154  σ=0.0  fold=5 ===
  BDOSC: k_hat=3  ACC=0.5974  NMI=0.5835  ARI=0.4611  1.4s

=== P1L_S2_C3 train[0] k=3  dim=576  frames=119  σ=0.0  fold=5 ===
  BDOSC: k_hat=3  ACC=0.9916  NMI=0.9629  ARI=0.9741  0.9s

=== P1L_S2_C3 train[1] k=3  dim=576  frames=101  σ=0.0  fold=5 ===
  BDOSC: k_hat=3  ACC=0.9802  NMI=0.9146  ARI=0.9368  0.7s

=== P1L_S2_C3 train[2] k=3  dim=576  frames=85  σ=0.0  fold=5 ===
  BDOSC: k_hat=3  ACC=0.9529  NMI=0.8764  ARI=0.8899  0.5s

=== P1L_S2_C3 train[3] k=3  dim=576  frames=112  σ=0.0  fold=5 ===
  BDOSC: k_hat=3  ACC=0.9911  NMI=0.9629  ARI=0.9763  0.8s

=== P1L_S2_C3 train[4] k=3  dim=576  frames=126  σ=0.0  fold=5 ===
  BDOSC: k_hat=3  ACC=0.8413  NMI=0.7417  ARI=0.6278  0.9s

=== P1L_S2_C3 train[5] k=3  dim=576  frames=121  σ=0.0  fold=5 ===
  BDOSC: k_hat=3  ACC=0.9917  NMI=0.9651  ARI=0.9777  0.9s

=== P1L_S2_C3 train[6] k=3  dim=576  frames=99  σ=0.0  fold=5 ===
  BDOSC: k_hat=3  ACC=0.9899  NMI=0.9589  ARI=0.9711  0.6s

=== P1L_S3_C1 train[0] k=3  dim=576  frames=156  σ=0.0  fold=5 ===
  BDOSC: k_hat=3  ACC=0.5641  NMI=0.4907  ARI=0.3298  1.5s

=== P1L_S3_C1 train[1] k=3  dim=576  frames=120  σ=0.0  fold=5 ===
  BDOSC: k_hat=3  ACC=0.8083  NMI=0.6046  ARI=0.4835  0.9s

=== P1L_S3_C1 train[2] k=3  dim=576  frames=185  σ=0.0  fold=5 ===
  BDOSC: k_hat=3  ACC=0.9784  NMI=0.9150  ARI=0.9348  2.1s

=== P1L_S3_C1 train[3] k=3  dim=576  frames=156  σ=0.0  fold=5 ===
  BDOSC: k_hat=3  ACC=0.7308  NMI=0.5146  ARI=0.3704  1.5s

=== P1L_S3_C1 train[4] k=3  dim=576  frames=159  σ=0.0  fold=5 ===
  BDOSC: k_hat=3  ACC=0.7925  NMI=0.5858  ARI=0.4515  1.5s

=== P1L_S3_C1 train[5] k=3  dim=576  frames=176  σ=0.0  fold=5 ===
  BDOSC: k_hat=3  ACC=0.5739  NMI=0.4348  ARI=0.2552  1.8s

=== P1L_S3_C1 train[6] k=3  dim=576  frames=134  σ=0.0  fold=5 ===
  BDOSC: k_hat=3  ACC=0.8881  NMI=0.7174  ARI=0.7009  1.1s

=== P1L_S3_C2 train[0] k=3  dim=576  frames=185  σ=0.0  fold=5 ===
  BDOSC: k_hat=3  ACC=0.9081  NMI=0.7660  ARI=0.7424  2.0s

=== P1L_S3_C2 train[1] k=3  dim=576  frames=125  σ=0.0  fold=5 ===
  BDOSC: k_hat=3  ACC=0.6400  NMI=0.3999  ARI=0.1857  1.0s

=== P1L_S3_C2 train[2] k=3  dim=576  frames=166  σ=0.0  fold=5 ===
  BDOSC: k_hat=3  ACC=0.8855  NMI=0.7624  ARI=0.7212  1.7s

=== P1L_S3_C2 train[3] k=3  dim=576  frames=209  σ=0.0  fold=5 ===
  BDOSC: k_hat=3  ACC=0.5550  NMI=0.5268  ARI=0.3774  2.6s

=== P1L_S3_C2 train[4] k=3  dim=576  frames=168  σ=0.0  fold=5 ===
  BDOSC: k_hat=3  ACC=0.8214  NMI=0.7601  ARI=0.7253  1.6s

=== P1L_S3_C2 train[5] k=3  dim=576  frames=229  σ=0.0  fold=5 ===
  BDOSC: k_hat=3  ACC=0.5022  NMI=0.5233  ARI=0.3438  3.1s

=== P1L_S3_C2 train[6] k=3  dim=576  frames=136  σ=0.0  fold=5 ===
  BDOSC: k_hat=3  ACC=0.7279  NMI=0.4698  ARI=0.3100  1.1s

=== P1L_S3_C3 train[0] k=3  dim=576  frames=151  σ=0.0  fold=5 ===
  BDOSC: k_hat=3  ACC=0.8013  NMI=0.6762  ARI=0.4928  1.3s

=== P1L_S3_C3 train[1] k=3  dim=576  frames=118  σ=0.0  fold=5 ===
  BDOSC: k_hat=3  ACC=0.8644  NMI=0.7607  ARI=0.6741  0.8s

=== P1L_S3_C3 train[2] k=3  dim=576  frames=121  σ=0.0  fold=5 ===
  BDOSC: k_hat=3  ACC=0.8926  NMI=0.7397  ARI=0.6943  0.9s

=== P1L_S3_C3 train[3] k=3  dim=576  frames=142  σ=0.0  fold=5 ===
  BDOSC: k_hat=3  ACC=0.9789  NMI=0.9140  ARI=0.9345  1.2s

=== P1L_S3_C3 train[4] k=3  dim=576  frames=134  σ=0.0  fold=5 ===
  BDOSC: k_hat=3  ACC=0.9478  NMI=0.8644  ARI=0.8633  1.1s

=== P1L_S3_C3 train[5] k=3  dim=576  frames=161  σ=0.0  fold=5 ===
  BDOSC: k_hat=3  ACC=0.7888  NMI=0.6753  ARI=0.5967  1.5s

=== P1L_S3_C3 train[6] k=3  dim=576  frames=114  σ=0.0  fold=5 ===
  BDOSC: k_hat=3  ACC=0.6754  NMI=0.5200  ARI=0.3724  0.8s

=== P1L_S4_C1 train[0] k=3  dim=576  frames=200  σ=0.0  fold=5 ===
  BDOSC: k_hat=3  ACC=0.9000  NMI=0.7943  ARI=0.7435  2.4s

=== P1L_S4_C1 train[1] k=3  dim=576  frames=157  σ=0.0  fold=5 ===
  BDOSC: k_hat=3  ACC=0.7325  NMI=0.6731  ARI=0.4782  1.5s

=== P1L_S4_C1 train[2] k=3  dim=576  frames=154  σ=0.0  fold=5 ===
  BDOSC: k_hat=3  ACC=0.7922  NMI=0.5979  ARI=0.4749  1.4s

=== P1L_S4_C1 train[3] k=3  dim=576  frames=168  σ=0.0  fold=5 ===
  BDOSC: k_hat=3  ACC=0.8095  NMI=0.6082  ARI=0.5160  1.6s

=== P1L_S4_C1 train[4] k=3  dim=576  frames=142  σ=0.0  fold=5 ===
  BDOSC: k_hat=3  ACC=0.7817  NMI=0.5648  ARI=0.4434  1.2s

=== P1L_S4_C1 train[5] k=3  dim=576  frames=187  σ=0.0  fold=5 ===
  BDOSC: k_hat=3  ACC=0.8556  NMI=0.6983  ARI=0.6103  2.0s

=== P1L_S4_C1 train[6] k=3  dim=576  frames=202  σ=0.0  fold=5 ===
  BDOSC: k_hat=3  ACC=0.8911  NMI=0.7232  ARI=0.6948  2.4s

=== P1L_S4_C2 train[0] k=3  dim=576  frames=157  σ=0.0  fold=5 ===
  BDOSC: k_hat=3  ACC=0.8599  NMI=0.7321  ARI=0.6124  1.5s

=== P1L_S4_C2 train[1] k=3  dim=576  frames=149  σ=0.0  fold=5 ===
  BDOSC: k_hat=3  ACC=0.9396  NMI=0.8216  ARI=0.8386  1.3s

=== P1L_S4_C2 train[2] k=3  dim=576  frames=175  σ=0.0  fold=5 ===
  BDOSC: k_hat=3  ACC=1.0000  NMI=1.0000  ARI=1.0000  1.8s

=== P1L_S4_C2 train[3] k=3  dim=576  frames=168  σ=0.0  fold=5 ===
  BDOSC: k_hat=3  ACC=0.9226  NMI=0.8224  ARI=0.7978  1.6s

=== P1L_S4_C2 train[4] k=3  dim=576  frames=154  σ=0.0  fold=5 ===
  BDOSC: k_hat=3  ACC=0.8377  NMI=0.6997  ARI=0.5739  1.4s

=== P1L_S4_C2 train[5] k=3  dim=576  frames=169  σ=0.0  fold=5 ===
  BDOSC: k_hat=3  ACC=0.7870  NMI=0.7250  ARI=0.6129  1.7s

=== P1L_S4_C2 train[6] k=3  dim=576  frames=153  σ=0.0  fold=5 ===
  BDOSC: k_hat=3  ACC=0.6536  NMI=0.5149  ARI=0.3620  1.4s

=== P1L_S4_C3 train[0] k=3  dim=576  frames=96  σ=0.0  fold=5 ===
  BDOSC: k_hat=3  ACC=0.9896  NMI=0.9573  ARI=0.9690  0.6s

=== P1L_S4_C3 train[1] k=3  dim=576  frames=107  σ=0.0  fold=5 ===
  BDOSC: k_hat=3  ACC=0.8318  NMI=0.7021  ARI=0.5594  0.7s

=== P1L_S4_C3 train[2] k=3  dim=576  frames=94  σ=0.0  fold=5 ===
  BDOSC: k_hat=3  ACC=0.8085  NMI=0.7291  ARI=0.6083  0.6s

=== P1L_S4_C3 train[3] k=3  dim=576  frames=117  σ=0.0  fold=5 ===
  BDOSC: k_hat=3  ACC=0.9060  NMI=0.7862  ARI=0.7153  0.8s

=== P1L_S4_C3 train[4] k=3  dim=576  frames=112  σ=0.0  fold=5 ===
  BDOSC: k_hat=3  ACC=0.8036  NMI=0.6883  ARI=0.5741  0.8s

=== P1L_S4_C3 train[5] k=3  dim=576  frames=105  σ=0.0  fold=5 ===
  BDOSC: k_hat=3  ACC=0.5143  NMI=0.5244  ARI=0.3419  0.7s

=== P1L_S4_C3 train[6] k=3  dim=576  frames=107  σ=0.0  fold=5 ===
  BDOSC: k_hat=3  ACC=0.9813  NMI=0.9224  ARI=0.9474  0.7s

=== P1E_S1_C1 test[0] k=3  dim=576  frames=151  σ=0.0  fold=5 ===
  BDOSC: k_hat=3  ACC=0.6026  NMI=0.6374  ARI=0.4646  1.3s

=== P1E_S1_C2 test[0] k=3  dim=576  frames=122  σ=0.0  fold=5 ===
  BDOSC: k_hat=3  ACC=0.5492  NMI=0.6292  ARI=0.4500  0.9s

=== P1E_S1_C3 test[0] k=3  dim=576  frames=55  σ=0.0  fold=5 ===
  BDOSC: k_hat=3  ACC=0.9273  NMI=0.7991  ARI=0.8034  0.2s

=== P1E_S2_C1 test[0] k=3  dim=576  frames=124  σ=0.0  fold=5 ===
  BDOSC: k_hat=3  ACC=0.5968  NMI=0.5939  ARI=0.4449  0.9s

=== P1E_S2_C2 test[0] k=3  dim=576  frames=109  σ=0.0  fold=5 ===
  BDOSC: k_hat=3  ACC=0.9266  NMI=0.8366  ARI=0.8239  0.7s

=== P1E_S2_C3 test[0] k=3  dim=576  frames=87  σ=0.0  fold=5 ===
  BDOSC: k_hat=3  ACC=0.8966  NMI=0.7369  ARI=0.7243  0.5s

=== P1E_S3_C1 test[0] k=3  dim=576  frames=123  σ=0.0  fold=5 ===
  BDOSC: k_hat=3  ACC=0.9106  NMI=0.7905  ARI=0.7756  0.9s

=== P1E_S3_C2 test[0] k=3  dim=576  frames=107  σ=0.0  fold=5 ===
  BDOSC: k_hat=3  ACC=0.5888  NMI=0.6662  ARI=0.4710  0.7s

=== P1E_S3_C3 test[0] k=3  dim=576  frames=83  σ=0.0  fold=5 ===
  BDOSC: k_hat=3  ACC=0.9639  NMI=0.8955  ARI=0.9023  0.5s

=== P1E_S4_C1 test[0] k=3  dim=576  frames=133  σ=0.0  fold=5 ===
  BDOSC: k_hat=3  ACC=0.7970  NMI=0.6172  ARI=0.5119  1.0s

=== P1E_S4_C2 test[0] k=3  dim=576  frames=129  σ=0.0  fold=5 ===
  BDOSC: k_hat=3  ACC=0.5659  NMI=0.6611  ARI=0.4614  1.0s

=== P1E_S4_C3 test[0] k=3  dim=576  frames=76  σ=0.0  fold=5 ===
  BDOSC: k_hat=3  ACC=0.8947  NMI=0.7972  ARI=0.7470  0.4s

=== P1L_S1_C1 test[0] k=3  dim=576  frames=166  σ=0.0  fold=5 ===
  BDOSC: k_hat=3  ACC=0.6024  NMI=0.6091  ARI=0.4521  1.7s

=== P1L_S1_C2 test[0] k=3  dim=576  frames=154  σ=0.0  fold=5 ===
  BDOSC: k_hat=3  ACC=0.8182  NMI=0.7244  ARI=0.5951  1.4s

=== P1L_S1_C3 test[0] k=3  dim=576  frames=64  σ=0.0  fold=5 ===
  BDOSC: k_hat=3  ACC=0.8281  NMI=0.6977  ARI=0.6235  0.3s

=== P1L_S2_C1 test[0] k=3  dim=576  frames=179  σ=0.0  fold=5 ===
  BDOSC: k_hat=3  ACC=0.9777  NMI=0.9244  ARI=0.9377  1.8s

=== P1L_S2_C2 test[0] k=3  dim=576  frames=171  σ=0.0  fold=5 ===
  BDOSC: k_hat=3  ACC=0.9474  NMI=0.8495  ARI=0.8635  1.8s

=== P1L_S2_C3 test[0] k=3  dim=576  frames=102  σ=0.0  fold=5 ===
  BDOSC: k_hat=3  ACC=0.9902  NMI=0.9599  ARI=0.9718  0.7s

=== P1L_S3_C1 test[0] k=3  dim=576  frames=172  σ=0.0  fold=5 ===
  BDOSC: k_hat=3  ACC=0.6163  NMI=0.3783  ARI=0.1567  1.8s

=== P1L_S3_C2 test[0] k=3  dim=576  frames=187  σ=0.0  fold=5 ===
  BDOSC: k_hat=3  ACC=0.5508  NMI=0.5027  ARI=0.3515  2.1s

=== P1L_S3_C3 test[0] k=3  dim=576  frames=110  σ=0.0  fold=5 ===
  BDOSC: k_hat=3  ACC=0.9636  NMI=0.8932  ARI=0.8941  0.7s

=== P1L_S4_C1 test[0] k=3  dim=576  frames=164  σ=0.0  fold=5 ===
  BDOSC: k_hat=3  ACC=0.8598  NMI=0.7355  ARI=0.6694  1.6s

=== P1L_S4_C2 test[0] k=3  dim=576  frames=152  σ=0.0  fold=5 ===
  BDOSC: k_hat=3  ACC=0.8224  NMI=0.6469  ARI=0.5752  1.4s

=== P1L_S4_C3 test[0] k=3  dim=576  frames=103  σ=0.0  fold=5 ===
  BDOSC: k_hat=3  ACC=0.9223  NMI=0.8288  ARI=0.8059  0.7s
  tune_pool_groups=20: sampling from 22 held-in people (overlap allowed) instead of the 7 fixed partition group(s)

============================================================
σ=0.0 fold=6  test=['0007', '0010', '0020']  train mats=168  test mats=24  tune mats=480
  BDOSC: skip tuning, fixed lambda_1=0.2, lambda_2=1, gamma_1=0.01, p=1.1, max_iter=50
  wrote /nfs/turbo/umms-minjilab/lpullela/icassp_ssc_tv2/block_ssc_benchmark/cv/params/surveillance/split_k3_clean_min30_trials20_knownk_scaled_params_cv_bdosc_k3_sigma0_sigma0_fold6.json

=== P1E_S1_C1 train[0] k=3  dim=576  frames=146  σ=0.0  fold=6 ===
  BDOSC: k_hat=3  ACC=0.8425  NMI=0.7495  ARI=0.6541  1.3s

=== P1E_S1_C1 train[1] k=3  dim=576  frames=153  σ=0.0  fold=6 ===
  BDOSC: k_hat=3  ACC=0.9216  NMI=0.7943  ARI=0.7911  1.4s

=== P1E_S1_C1 train[2] k=3  dim=576  frames=130  σ=0.0  fold=6 ===
  BDOSC: k_hat=3  ACC=0.9385  NMI=0.8158  ARI=0.8190  1.0s

=== P1E_S1_C1 train[3] k=3  dim=576  frames=140  σ=0.0  fold=6 ===
  BDOSC: k_hat=3  ACC=0.8286  NMI=0.6663  ARI=0.5478  1.1s

=== P1E_S1_C1 train[4] k=3  dim=576  frames=157  σ=0.0  fold=6 ===
  BDOSC: k_hat=3  ACC=0.8471  NMI=0.7327  ARI=0.6164  1.4s

=== P1E_S1_C1 train[5] k=3  dim=576  frames=151  σ=0.0  fold=6 ===
  BDOSC: k_hat=3  ACC=0.6026  NMI=0.6374  ARI=0.4646  1.3s

=== P1E_S1_C1 train[6] k=3  dim=576  frames=171  σ=0.0  fold=6 ===
  BDOSC: k_hat=3  ACC=0.9708  NMI=0.8960  ARI=0.9182  1.8s

=== P1E_S1_C2 train[0] k=3  dim=576  frames=147  σ=0.0  fold=6 ===
  BDOSC: k_hat=3  ACC=0.7007  NMI=0.4523  ARI=0.2980  1.3s

=== P1E_S1_C2 train[1] k=3  dim=576  frames=115  σ=0.0  fold=6 ===
  BDOSC: k_hat=3  ACC=0.8783  NMI=0.7000  ARI=0.6792  0.8s

=== P1E_S1_C2 train[2] k=3  dim=576  frames=104  σ=0.0  fold=6 ===
  BDOSC: k_hat=3  ACC=0.9038  NMI=0.7552  ARI=0.7267  0.7s

=== P1E_S1_C2 train[3] k=3  dim=576  frames=138  σ=0.0  fold=6 ===
  BDOSC: k_hat=3  ACC=0.9420  NMI=0.8271  ARI=0.8204  1.1s

=== P1E_S1_C2 train[4] k=3  dim=576  frames=113  σ=0.0  fold=6 ===
  BDOSC: k_hat=3  ACC=0.9292  NMI=0.8307  ARI=0.7951  0.8s

=== P1E_S1_C2 train[5] k=3  dim=576  frames=122  σ=0.0  fold=6 ===
  BDOSC: k_hat=3  ACC=0.5492  NMI=0.6292  ARI=0.4500  0.9s

=== P1E_S1_C2 train[6] k=3  dim=576  frames=134  σ=0.0  fold=6 ===
  BDOSC: k_hat=3  ACC=1.0000  NMI=1.0000  ARI=1.0000  1.1s

=== P1E_S1_C3 train[0] k=3  dim=576  frames=58  σ=0.0  fold=6 ===
  BDOSC: k_hat=3  ACC=0.9483  NMI=0.8578  ARI=0.8376  0.2s

=== P1E_S1_C3 train[1] k=3  dim=576  frames=56  σ=0.0  fold=6 ===
  BDOSC: k_hat=3  ACC=0.9643  NMI=0.8700  ARI=0.9057  0.2s

=== P1E_S1_C3 train[2] k=3  dim=576  frames=47  σ=0.0  fold=6 ===
  BDOSC: k_hat=3  ACC=0.9362  NMI=0.8516  ARI=0.8505  0.2s

=== P1E_S1_C3 train[3] k=3  dim=576  frames=61  σ=0.0  fold=6 ===
  BDOSC: k_hat=3  ACC=0.8852  NMI=0.7346  ARI=0.7554  0.3s

=== P1E_S1_C3 train[4] k=3  dim=576  frames=37  σ=0.0  fold=6 ===
  BDOSC: k_hat=3  ACC=1.0000  NMI=1.0000  ARI=1.0000  0.1s

=== P1E_S1_C3 train[5] k=3  dim=576  frames=55  σ=0.0  fold=6 ===
  BDOSC: k_hat=3  ACC=0.9273  NMI=0.7991  ARI=0.8034  0.2s

=== P1E_S1_C3 train[6] k=3  dim=576  frames=69  σ=0.0  fold=6 ===
  BDOSC: k_hat=3  ACC=0.9565  NMI=0.8541  ARI=0.8698  0.3s

=== P1E_S2_C1 train[0] k=3  dim=576  frames=167  σ=0.0  fold=6 ===
  BDOSC: k_hat=3  ACC=0.8743  NMI=0.7173  ARI=0.6656  1.7s

=== P1E_S2_C1 train[1] k=3  dim=576  frames=151  σ=0.0  fold=6 ===
  BDOSC: k_hat=3  ACC=0.9669  NMI=0.8846  ARI=0.9022  1.4s

=== P1E_S2_C1 train[2] k=3  dim=576  frames=136  σ=0.0  fold=6 ===
  BDOSC: k_hat=3  ACC=0.8456  NMI=0.7540  ARI=0.6723  1.1s

=== P1E_S2_C1 train[3] k=3  dim=576  frames=180  σ=0.0  fold=6 ===
  BDOSC: k_hat=3  ACC=0.9889  NMI=0.9557  ARI=0.9681  1.9s

=== P1E_S2_C1 train[4] k=3  dim=576  frames=149  σ=0.0  fold=6 ===
  BDOSC: k_hat=3  ACC=1.0000  NMI=1.0000  ARI=1.0000  1.3s

=== P1E_S2_C1 train[5] k=3  dim=576  frames=124  σ=0.0  fold=6 ===
  BDOSC: k_hat=3  ACC=0.5968  NMI=0.5939  ARI=0.4449  0.9s

=== P1E_S2_C1 train[6] k=3  dim=576  frames=153  σ=0.0  fold=6 ===
  BDOSC: k_hat=3  ACC=0.9216  NMI=0.8270  ARI=0.8015  1.4s

=== P1E_S2_C2 train[0] k=3  dim=576  frames=146  σ=0.0  fold=6 ===
  BDOSC: k_hat=3  ACC=0.9384  NMI=0.8230  ARI=0.8136  1.3s

=== P1E_S2_C2 train[1] k=3  dim=576  frames=115  σ=0.0  fold=6 ===
  BDOSC: k_hat=3  ACC=0.9217  NMI=0.7839  ARI=0.7732  0.8s

=== P1E_S2_C2 train[2] k=3  dim=576  frames=109  σ=0.0  fold=6 ===
  BDOSC: k_hat=3  ACC=0.9725  NMI=0.9131  ARI=0.9228  0.7s

=== P1E_S2_C2 train[3] k=3  dim=576  frames=144  σ=0.0  fold=6 ===
  BDOSC: k_hat=3  ACC=0.9583  NMI=0.8796  ARI=0.8733  1.3s

=== P1E_S2_C2 train[4] k=3  dim=576  frames=124  σ=0.0  fold=6 ===
  BDOSC: k_hat=3  ACC=0.9435  NMI=0.8498  ARI=0.8299  0.9s

=== P1E_S2_C2 train[5] k=3  dim=576  frames=109  σ=0.0  fold=6 ===
  BDOSC: k_hat=3  ACC=0.9266  NMI=0.8366  ARI=0.8239  0.7s

=== P1E_S2_C2 train[6] k=3  dim=576  frames=126  σ=0.0  fold=6 ===
  BDOSC: k_hat=3  ACC=0.5476  NMI=0.5716  ARI=0.4215  0.9s

=== P1E_S2_C3 train[0] k=3  dim=576  frames=113  σ=0.0  fold=6 ===
  BDOSC: k_hat=3  ACC=0.9912  NMI=0.9628  ARI=0.9753  0.8s

=== P1E_S2_C3 train[1] k=3  dim=576  frames=88  σ=0.0  fold=6 ===
  BDOSC: k_hat=3  ACC=0.9545  NMI=0.8421  ARI=0.8584  0.5s

=== P1E_S2_C3 train[2] k=3  dim=576  frames=90  σ=0.0  fold=6 ===
  BDOSC: k_hat=3  ACC=0.9444  NMI=0.8320  ARI=0.8392  0.5s

=== P1E_S2_C3 train[3] k=3  dim=576  frames=112  σ=0.0  fold=6 ===
  BDOSC: k_hat=3  ACC=0.8571  NMI=0.7287  ARI=0.6591  0.8s

=== P1E_S2_C3 train[4] k=3  dim=576  frames=99  σ=0.0  fold=6 ===
  BDOSC: k_hat=3  ACC=0.9697  NMI=0.9056  ARI=0.9106  0.6s

=== P1E_S2_C3 train[5] k=3  dim=576  frames=87  σ=0.0  fold=6 ===
  BDOSC: k_hat=3  ACC=0.8966  NMI=0.7369  ARI=0.7243  0.5s

=== P1E_S2_C3 train[6] k=3  dim=576  frames=89  σ=0.0  fold=6 ===
  BDOSC: k_hat=3  ACC=0.9775  NMI=0.9248  ARI=0.9383  0.5s

=== P1E_S3_C1 train[0] k=3  dim=576  frames=166  σ=0.0  fold=6 ===
  BDOSC: k_hat=3  ACC=0.8554  NMI=0.7353  ARI=0.6139  1.7s

=== P1E_S3_C1 train[1] k=3  dim=576  frames=139  σ=0.0  fold=6 ===
  BDOSC: k_hat=3  ACC=0.7266  NMI=0.6687  ARI=0.5342  1.2s

=== P1E_S3_C1 train[2] k=3  dim=576  frames=134  σ=0.0  fold=6 ===
  BDOSC: k_hat=3  ACC=0.8134  NMI=0.7133  ARI=0.5653  1.1s

=== P1E_S3_C1 train[3] k=3  dim=576  frames=161  σ=0.0  fold=6 ===
  BDOSC: k_hat=3  ACC=0.6149  NMI=0.3772  ARI=0.1803  1.5s

=== P1E_S3_C1 train[4] k=3  dim=576  frames=168  σ=0.0  fold=6 ===
  BDOSC: k_hat=3  ACC=0.8750  NMI=0.7257  ARI=0.6598  1.6s

=== P1E_S3_C1 train[5] k=3  dim=576  frames=123  σ=0.0  fold=6 ===
  BDOSC: k_hat=3  ACC=0.9106  NMI=0.7905  ARI=0.7756  0.9s

=== P1E_S3_C1 train[6] k=3  dim=576  frames=112  σ=0.0  fold=6 ===
  BDOSC: k_hat=3  ACC=1.0000  NMI=1.0000  ARI=1.0000  0.8s

=== P1E_S3_C2 train[0] k=3  dim=576  frames=147  σ=0.0  fold=6 ===
  BDOSC: k_hat=3  ACC=0.9864  NMI=0.9445  ARI=0.9542  1.3s

=== P1E_S3_C2 train[1] k=3  dim=576  frames=120  σ=0.0  fold=6 ===
  BDOSC: k_hat=3  ACC=0.8417  NMI=0.6499  ARI=0.5746  0.9s

=== P1E_S3_C2 train[2] k=3  dim=576  frames=112  σ=0.0  fold=6 ===
  BDOSC: k_hat=3  ACC=0.9196  NMI=0.7893  ARI=0.7621  0.8s

=== P1E_S3_C2 train[3] k=3  dim=576  frames=168  σ=0.0  fold=6 ===
  BDOSC: k_hat=3  ACC=0.9226  NMI=0.7804  ARI=0.7810  1.7s

=== P1E_S3_C2 train[4] k=3  dim=576  frames=169  σ=0.0  fold=6 ===
  BDOSC: k_hat=3  ACC=0.7692  NMI=0.6751  ARI=0.4891  1.7s

=== P1E_S3_C2 train[5] k=3  dim=576  frames=107  σ=0.0  fold=6 ===
  BDOSC: k_hat=3  ACC=0.5888  NMI=0.6662  ARI=0.4710  0.7s

=== P1E_S3_C2 train[6] k=3  dim=576  frames=114  σ=0.0  fold=6 ===
  BDOSC: k_hat=3  ACC=0.9298  NMI=0.8460  ARI=0.8665  0.8s

=== P1E_S3_C3 train[0] k=3  dim=576  frames=105  σ=0.0  fold=6 ===
  BDOSC: k_hat=3  ACC=0.9905  NMI=0.9593  ARI=0.9687  0.7s

=== P1E_S3_C3 train[1] k=3  dim=576  frames=89  σ=0.0  fold=6 ===
  BDOSC: k_hat=3  ACC=0.9888  NMI=0.9533  ARI=0.9646  0.5s

=== P1E_S3_C3 train[2] k=3  dim=576  frames=84  σ=0.0  fold=6 ===
  BDOSC: k_hat=3  ACC=0.9762  NMI=0.9165  ARI=0.9208  0.5s

=== P1E_S3_C3 train[3] k=3  dim=576  frames=125  σ=0.0  fold=6 ===
  BDOSC: k_hat=3  ACC=0.8800  NMI=0.7376  ARI=0.6737  0.9s

=== P1E_S3_C3 train[4] k=3  dim=576  frames=128  σ=0.0  fold=6 ===
  BDOSC: k_hat=3  ACC=0.7344  NMI=0.6459  ARI=0.5126  1.1s

=== P1E_S3_C3 train[5] k=3  dim=576  frames=83  σ=0.0  fold=6 ===
  BDOSC: k_hat=3  ACC=0.9639  NMI=0.8955  ARI=0.9023  0.5s

=== P1E_S3_C3 train[6] k=3  dim=576  frames=84  σ=0.0  fold=6 ===
  BDOSC: k_hat=3  ACC=0.9762  NMI=0.9062  ARI=0.9376  0.5s

=== P1E_S4_C1 train[0] k=3  dim=576  frames=158  σ=0.0  fold=6 ===
  BDOSC: k_hat=3  ACC=0.7658  NMI=0.5463  ARI=0.4168  1.5s

=== P1E_S4_C1 train[1] k=3  dim=576  frames=107  σ=0.0  fold=6 ===
  BDOSC: k_hat=3  ACC=0.8505  NMI=0.6682  ARI=0.6239  0.7s

=== P1E_S4_C1 train[2] k=3  dim=576  frames=155  σ=0.0  fold=6 ===
  BDOSC: k_hat=3  ACC=0.7355  NMI=0.5860  ARI=0.4658  1.4s

=== P1E_S4_C1 train[3] k=3  dim=576  frames=182  σ=0.0  fold=6 ===
  BDOSC: k_hat=3  ACC=0.7692  NMI=0.5910  ARI=0.4870  1.9s

=== P1E_S4_C1 train[4] k=3  dim=576  frames=180  σ=0.0  fold=6 ===
  BDOSC: k_hat=3  ACC=0.8833  NMI=0.7790  ARI=0.7054  1.9s

=== P1E_S4_C1 train[5] k=3  dim=576  frames=133  σ=0.0  fold=6 ===
  BDOSC: k_hat=3  ACC=0.7970  NMI=0.6172  ARI=0.5119  1.0s

=== P1E_S4_C1 train[6] k=3  dim=576  frames=145  σ=0.0  fold=6 ===
  BDOSC: k_hat=3  ACC=0.9931  NMI=0.9695  ARI=0.9805  1.2s

=== P1E_S4_C2 train[0] k=3  dim=576  frames=117  σ=0.0  fold=6 ===
  BDOSC: k_hat=3  ACC=0.9487  NMI=0.8643  ARI=0.8524  0.8s

=== P1E_S4_C2 train[1] k=3  dim=576  frames=125  σ=0.0  fold=6 ===
  BDOSC: k_hat=3  ACC=0.9040  NMI=0.7595  ARI=0.7293  0.9s

=== P1E_S4_C2 train[2] k=3  dim=576  frames=122  σ=0.0  fold=6 ===
  BDOSC: k_hat=3  ACC=0.9426  NMI=0.8538  ARI=0.8350  0.9s

=== P1E_S4_C2 train[3] k=3  dim=576  frames=126  σ=0.0  fold=6 ===
  BDOSC: k_hat=3  ACC=0.9841  NMI=0.9299  ARI=0.9511  0.9s

=== P1E_S4_C2 train[4] k=3  dim=576  frames=140  σ=0.0  fold=6 ===
  BDOSC: k_hat=3  ACC=0.9857  NMI=0.9434  ARI=0.9545  1.2s

=== P1E_S4_C2 train[5] k=3  dim=576  frames=129  σ=0.0  fold=6 ===
  BDOSC: k_hat=3  ACC=0.5659  NMI=0.6611  ARI=0.4614  1.0s

=== P1E_S4_C2 train[6] k=3  dim=576  frames=110  σ=0.0  fold=6 ===
  BDOSC: k_hat=3  ACC=0.9727  NMI=0.8980  ARI=0.9254  0.7s

=== P1E_S4_C3 train[0] k=3  dim=576  frames=90  σ=0.0  fold=6 ===
  BDOSC: k_hat=3  ACC=0.9667  NMI=0.8988  ARI=0.9022  0.5s

=== P1E_S4_C3 train[1] k=3  dim=576  frames=64  σ=0.0  fold=6 ===
  BDOSC: k_hat=3  ACC=0.8438  NMI=0.6740  ARI=0.6011  0.3s

=== P1E_S4_C3 train[2] k=3  dim=576  frames=85  σ=0.0  fold=6 ===
  BDOSC: k_hat=3  ACC=0.9529  NMI=0.8505  ARI=0.8670  0.5s

=== P1E_S4_C3 train[3] k=3  dim=576  frames=105  σ=0.0  fold=6 ===
  BDOSC: k_hat=3  ACC=0.5238  NMI=0.5754  ARI=0.4130  0.7s

=== P1E_S4_C3 train[4] k=3  dim=576  frames=87  σ=0.0  fold=6 ===
  BDOSC: k_hat=3  ACC=0.9425  NMI=0.8287  ARI=0.8325  0.5s

=== P1E_S4_C3 train[5] k=3  dim=576  frames=76  σ=0.0  fold=6 ===
  BDOSC: k_hat=3  ACC=0.8947  NMI=0.7972  ARI=0.7470  0.4s

=== P1E_S4_C3 train[6] k=3  dim=576  frames=79  σ=0.0  fold=6 ===
  BDOSC: k_hat=3  ACC=0.9873  NMI=0.9504  ARI=0.9609  0.5s

=== P1L_S1_C1 train[0] k=3  dim=576  frames=162  σ=0.0  fold=6 ===
  BDOSC: k_hat=3  ACC=0.9321  NMI=0.8404  ARI=0.8237  1.6s

=== P1L_S1_C1 train[1] k=3  dim=576  frames=170  σ=0.0  fold=6 ===
  BDOSC: k_hat=3  ACC=0.8294  NMI=0.6934  ARI=0.5658  1.8s

=== P1L_S1_C1 train[2] k=3  dim=576  frames=155  σ=0.0  fold=6 ===
  BDOSC: k_hat=3  ACC=0.6710  NMI=0.5078  ARI=0.3505  1.5s

=== P1L_S1_C1 train[3] k=3  dim=576  frames=182  σ=0.0  fold=6 ===
  BDOSC: k_hat=3  ACC=0.7967  NMI=0.5874  ARI=0.4809  2.0s

=== P1L_S1_C1 train[4] k=3  dim=576  frames=198  σ=0.0  fold=6 ===
  BDOSC: k_hat=3  ACC=0.8182  NMI=0.6194  ARI=0.5546  2.4s

=== P1L_S1_C1 train[5] k=3  dim=576  frames=166  σ=0.0  fold=6 ===
  BDOSC: k_hat=3  ACC=0.6024  NMI=0.6091  ARI=0.4521  1.7s

=== P1L_S1_C1 train[6] k=3  dim=576  frames=175  σ=0.0  fold=6 ===
  BDOSC: k_hat=3  ACC=0.5429  NMI=0.3496  ARI=0.1689  1.8s

=== P1L_S1_C2 train[0] k=3  dim=576  frames=186  σ=0.0  fold=6 ===
  BDOSC: k_hat=3  ACC=0.7312  NMI=0.4980  ARI=0.3447  2.1s

=== P1L_S1_C2 train[1] k=3  dim=576  frames=137  σ=0.0  fold=6 ===
  BDOSC: k_hat=3  ACC=0.9927  NMI=0.9671  ARI=0.9761  1.1s

=== P1L_S1_C2 train[2] k=3  dim=576  frames=147  σ=0.0  fold=6 ===
  BDOSC: k_hat=3  ACC=0.8367  NMI=0.7209  ARI=0.6406  1.3s

=== P1L_S1_C2 train[3] k=3  dim=576  frames=181  σ=0.0  fold=6 ===
  BDOSC: k_hat=3  ACC=0.9945  NMI=0.9739  ARI=0.9823  1.9s

=== P1L_S1_C2 train[4] k=3  dim=576  frames=128  σ=0.0  fold=6 ===
  BDOSC: k_hat=3  ACC=0.9531  NMI=0.8778  ARI=0.8905  1.1s

=== P1L_S1_C2 train[5] k=3  dim=576  frames=154  σ=0.0  fold=6 ===
  BDOSC: k_hat=3  ACC=0.8182  NMI=0.7244  ARI=0.5951  1.4s

=== P1L_S1_C2 train[6] k=3  dim=576  frames=168  σ=0.0  fold=6 ===
  BDOSC: k_hat=3  ACC=0.6190  NMI=0.5576  ARI=0.4286  1.6s

=== P1L_S1_C3 train[0] k=3  dim=576  frames=60  σ=0.0  fold=6 ===
  BDOSC: k_hat=3  ACC=0.5500  NMI=0.5529  ARI=0.3893  0.3s

=== P1L_S1_C3 train[1] k=3  dim=576  frames=68  σ=0.0  fold=6 ===
  BDOSC: k_hat=3  ACC=1.0000  NMI=1.0000  ARI=1.0000  0.3s

=== P1L_S1_C3 train[2] k=3  dim=576  frames=65  σ=0.0  fold=6 ===
  BDOSC: k_hat=3  ACC=0.9077  NMI=0.8065  ARI=0.7650  0.3s

=== P1L_S1_C3 train[3] k=3  dim=576  frames=74  σ=0.0  fold=6 ===
  BDOSC: k_hat=3  ACC=0.8514  NMI=0.6640  ARI=0.6046  0.3s

=== P1L_S1_C3 train[4] k=3  dim=576  frames=73  σ=0.0  fold=6 ===
  BDOSC: k_hat=3  ACC=0.8493  NMI=0.6574  ARI=0.5984  0.3s

=== P1L_S1_C3 train[5] k=3  dim=576  frames=64  σ=0.0  fold=6 ===
  BDOSC: k_hat=3  ACC=0.8281  NMI=0.6977  ARI=0.6235  0.3s

=== P1L_S1_C3 train[6] k=3  dim=576  frames=75  σ=0.0  fold=6 ===
  BDOSC: k_hat=3  ACC=1.0000  NMI=1.0000  ARI=1.0000  0.3s

=== P1L_S2_C1 train[0] k=3  dim=576  frames=211  σ=0.0  fold=6 ===
  BDOSC: k_hat=3  ACC=0.8720  NMI=0.6990  ARI=0.6593  2.7s

=== P1L_S2_C1 train[1] k=3  dim=576  frames=190  σ=0.0  fold=6 ===
  BDOSC: k_hat=3  ACC=0.6579  NMI=0.4910  ARI=0.3488  2.1s

=== P1L_S2_C1 train[2] k=3  dim=576  frames=180  σ=0.0  fold=6 ===
  BDOSC: k_hat=3  ACC=0.9167  NMI=0.7729  ARI=0.7854  1.9s

=== P1L_S2_C1 train[3] k=3  dim=576  frames=177  σ=0.0  fold=6 ===
  BDOSC: k_hat=3  ACC=0.8079  NMI=0.6702  ARI=0.5508  1.8s

=== P1L_S2_C1 train[4] k=3  dim=576  frames=172  σ=0.0  fold=6 ===
  BDOSC: k_hat=3  ACC=0.9477  NMI=0.8648  ARI=0.8631  1.7s

=== P1L_S2_C1 train[5] k=3  dim=576  frames=179  σ=0.0  fold=6 ===
  BDOSC: k_hat=3  ACC=0.9777  NMI=0.9244  ARI=0.9377  1.8s

=== P1L_S2_C1 train[6] k=3  dim=576  frames=133  σ=0.0  fold=6 ===
  BDOSC: k_hat=3  ACC=0.9774  NMI=0.9260  ARI=0.9549  1.1s

=== P1L_S2_C2 train[0] k=3  dim=576  frames=194  σ=0.0  fold=6 ===
  BDOSC: k_hat=3  ACC=0.8711  NMI=0.7077  ARI=0.6266  2.2s

=== P1L_S2_C2 train[1] k=3  dim=576  frames=155  σ=0.0  fold=6 ===
  BDOSC: k_hat=3  ACC=0.8258  NMI=0.6543  ARI=0.5677  1.5s

=== P1L_S2_C2 train[2] k=3  dim=576  frames=134  σ=0.0  fold=6 ===
  BDOSC: k_hat=3  ACC=0.9776  NMI=0.9103  ARI=0.9389  1.1s

=== P1L_S2_C2 train[3] k=3  dim=576  frames=186  σ=0.0  fold=6 ===
  BDOSC: k_hat=3  ACC=0.9731  NMI=0.9132  ARI=0.9230  2.1s

=== P1L_S2_C2 train[4] k=3  dim=576  frames=201  σ=0.0  fold=6 ===
  BDOSC: k_hat=3  ACC=0.7960  NMI=0.6508  ARI=0.5443  2.4s

=== P1L_S2_C2 train[5] k=3  dim=576  frames=171  σ=0.0  fold=6 ===
  BDOSC: k_hat=3  ACC=0.9474  NMI=0.8495  ARI=0.8635  1.8s

=== P1L_S2_C2 train[6] k=3  dim=576  frames=154  σ=0.0  fold=6 ===
  BDOSC: k_hat=3  ACC=0.5974  NMI=0.5835  ARI=0.4611  1.4s

=== P1L_S2_C3 train[0] k=3  dim=576  frames=119  σ=0.0  fold=6 ===
  BDOSC: k_hat=3  ACC=0.9916  NMI=0.9629  ARI=0.9741  0.8s

=== P1L_S2_C3 train[1] k=3  dim=576  frames=101  σ=0.0  fold=6 ===
  BDOSC: k_hat=3  ACC=0.9802  NMI=0.9146  ARI=0.9368  0.6s

=== P1L_S2_C3 train[2] k=3  dim=576  frames=85  σ=0.0  fold=6 ===
  BDOSC: k_hat=3  ACC=0.9529  NMI=0.8764  ARI=0.8899  0.5s

=== P1L_S2_C3 train[3] k=3  dim=576  frames=112  σ=0.0  fold=6 ===
  BDOSC: k_hat=3  ACC=0.9911  NMI=0.9629  ARI=0.9763  0.8s

=== P1L_S2_C3 train[4] k=3  dim=576  frames=126  σ=0.0  fold=6 ===
  BDOSC: k_hat=3  ACC=0.8413  NMI=0.7417  ARI=0.6278  0.9s

=== P1L_S2_C3 train[5] k=3  dim=576  frames=102  σ=0.0  fold=6 ===
  BDOSC: k_hat=3  ACC=0.9902  NMI=0.9599  ARI=0.9718  0.7s

=== P1L_S2_C3 train[6] k=3  dim=576  frames=99  σ=0.0  fold=6 ===
  BDOSC: k_hat=3  ACC=0.9899  NMI=0.9589  ARI=0.9711  0.6s

=== P1L_S3_C1 train[0] k=3  dim=576  frames=156  σ=0.0  fold=6 ===
  BDOSC: k_hat=3  ACC=0.5641  NMI=0.4907  ARI=0.3298  1.5s

=== P1L_S3_C1 train[1] k=3  dim=576  frames=120  σ=0.0  fold=6 ===
  BDOSC: k_hat=3  ACC=0.8083  NMI=0.6046  ARI=0.4835  0.9s

=== P1L_S3_C1 train[2] k=3  dim=576  frames=185  σ=0.0  fold=6 ===
  BDOSC: k_hat=3  ACC=0.9784  NMI=0.9150  ARI=0.9348  2.0s

=== P1L_S3_C1 train[3] k=3  dim=576  frames=156  σ=0.0  fold=6 ===
  BDOSC: k_hat=3  ACC=0.7308  NMI=0.5146  ARI=0.3704  1.5s

=== P1L_S3_C1 train[4] k=3  dim=576  frames=159  σ=0.0  fold=6 ===
  BDOSC: k_hat=3  ACC=0.7925  NMI=0.5858  ARI=0.4515  1.5s

=== P1L_S3_C1 train[5] k=3  dim=576  frames=172  σ=0.0  fold=6 ===
  BDOSC: k_hat=3  ACC=0.6163  NMI=0.3783  ARI=0.1567  1.8s

=== P1L_S3_C1 train[6] k=3  dim=576  frames=134  σ=0.0  fold=6 ===
  BDOSC: k_hat=3  ACC=0.8881  NMI=0.7174  ARI=0.7009  1.1s

=== P1L_S3_C2 train[0] k=3  dim=576  frames=185  σ=0.0  fold=6 ===
  BDOSC: k_hat=3  ACC=0.9081  NMI=0.7660  ARI=0.7424  2.0s

=== P1L_S3_C2 train[1] k=3  dim=576  frames=125  σ=0.0  fold=6 ===
  BDOSC: k_hat=3  ACC=0.6400  NMI=0.3999  ARI=0.1857  1.0s

=== P1L_S3_C2 train[2] k=3  dim=576  frames=166  σ=0.0  fold=6 ===
  BDOSC: k_hat=3  ACC=0.8855  NMI=0.7624  ARI=0.7212  1.7s

=== P1L_S3_C2 train[3] k=3  dim=576  frames=209  σ=0.0  fold=6 ===
  BDOSC: k_hat=3  ACC=0.5550  NMI=0.5268  ARI=0.3774  2.6s

=== P1L_S3_C2 train[4] k=3  dim=576  frames=168  σ=0.0  fold=6 ===
  BDOSC: k_hat=3  ACC=0.8214  NMI=0.7601  ARI=0.7253  1.6s

=== P1L_S3_C2 train[5] k=3  dim=576  frames=187  σ=0.0  fold=6 ===
  BDOSC: k_hat=3  ACC=0.5508  NMI=0.5027  ARI=0.3515  2.1s

=== P1L_S3_C2 train[6] k=3  dim=576  frames=136  σ=0.0  fold=6 ===
  BDOSC: k_hat=3  ACC=0.7279  NMI=0.4698  ARI=0.3100  1.1s

=== P1L_S3_C3 train[0] k=3  dim=576  frames=151  σ=0.0  fold=6 ===
  BDOSC: k_hat=3  ACC=0.8013  NMI=0.6762  ARI=0.4928  1.3s

=== P1L_S3_C3 train[1] k=3  dim=576  frames=118  σ=0.0  fold=6 ===
  BDOSC: k_hat=3  ACC=0.8644  NMI=0.7607  ARI=0.6741  0.8s

=== P1L_S3_C3 train[2] k=3  dim=576  frames=121  σ=0.0  fold=6 ===
  BDOSC: k_hat=3  ACC=0.8926  NMI=0.7397  ARI=0.6943  0.9s

=== P1L_S3_C3 train[3] k=3  dim=576  frames=142  σ=0.0  fold=6 ===
  BDOSC: k_hat=3  ACC=0.9789  NMI=0.9140  ARI=0.9345  1.2s

=== P1L_S3_C3 train[4] k=3  dim=576  frames=134  σ=0.0  fold=6 ===
  BDOSC: k_hat=3  ACC=0.9478  NMI=0.8644  ARI=0.8633  1.1s

=== P1L_S3_C3 train[5] k=3  dim=576  frames=110  σ=0.0  fold=6 ===
  BDOSC: k_hat=3  ACC=0.9636  NMI=0.8932  ARI=0.8941  0.7s

=== P1L_S3_C3 train[6] k=3  dim=576  frames=114  σ=0.0  fold=6 ===
  BDOSC: k_hat=3  ACC=0.6754  NMI=0.5200  ARI=0.3724  0.8s

=== P1L_S4_C1 train[0] k=3  dim=576  frames=200  σ=0.0  fold=6 ===
  BDOSC: k_hat=3  ACC=0.9000  NMI=0.7943  ARI=0.7435  2.4s

=== P1L_S4_C1 train[1] k=3  dim=576  frames=157  σ=0.0  fold=6 ===
  BDOSC: k_hat=3  ACC=0.7325  NMI=0.6731  ARI=0.4782  1.5s

=== P1L_S4_C1 train[2] k=3  dim=576  frames=154  σ=0.0  fold=6 ===
  BDOSC: k_hat=3  ACC=0.7922  NMI=0.5979  ARI=0.4749  1.4s

=== P1L_S4_C1 train[3] k=3  dim=576  frames=168  σ=0.0  fold=6 ===
  BDOSC: k_hat=3  ACC=0.8095  NMI=0.6082  ARI=0.5160  1.7s

=== P1L_S4_C1 train[4] k=3  dim=576  frames=142  σ=0.0  fold=6 ===
  BDOSC: k_hat=3  ACC=0.7817  NMI=0.5648  ARI=0.4434  1.2s

=== P1L_S4_C1 train[5] k=3  dim=576  frames=164  σ=0.0  fold=6 ===
  BDOSC: k_hat=3  ACC=0.8598  NMI=0.7355  ARI=0.6694  1.6s

=== P1L_S4_C1 train[6] k=3  dim=576  frames=202  σ=0.0  fold=6 ===
  BDOSC: k_hat=3  ACC=0.8911  NMI=0.7232  ARI=0.6948  2.4s

=== P1L_S4_C2 train[0] k=3  dim=576  frames=157  σ=0.0  fold=6 ===
  BDOSC: k_hat=3  ACC=0.8599  NMI=0.7321  ARI=0.6124  1.5s

=== P1L_S4_C2 train[1] k=3  dim=576  frames=149  σ=0.0  fold=6 ===
  BDOSC: k_hat=3  ACC=0.9396  NMI=0.8216  ARI=0.8386  1.3s

=== P1L_S4_C2 train[2] k=3  dim=576  frames=175  σ=0.0  fold=6 ===
  BDOSC: k_hat=3  ACC=1.0000  NMI=1.0000  ARI=1.0000  1.8s

=== P1L_S4_C2 train[3] k=3  dim=576  frames=168  σ=0.0  fold=6 ===
  BDOSC: k_hat=3  ACC=0.9226  NMI=0.8224  ARI=0.7978  1.6s

=== P1L_S4_C2 train[4] k=3  dim=576  frames=154  σ=0.0  fold=6 ===
  BDOSC: k_hat=3  ACC=0.8377  NMI=0.6997  ARI=0.5739  1.4s

=== P1L_S4_C2 train[5] k=3  dim=576  frames=152  σ=0.0  fold=6 ===
  BDOSC: k_hat=3  ACC=0.8224  NMI=0.6469  ARI=0.5752  1.4s

=== P1L_S4_C2 train[6] k=3  dim=576  frames=153  σ=0.0  fold=6 ===
  BDOSC: k_hat=3  ACC=0.6536  NMI=0.5149  ARI=0.3620  1.4s

=== P1L_S4_C3 train[0] k=3  dim=576  frames=96  σ=0.0  fold=6 ===
  BDOSC: k_hat=3  ACC=0.9896  NMI=0.9573  ARI=0.9690  0.6s

=== P1L_S4_C3 train[1] k=3  dim=576  frames=107  σ=0.0  fold=6 ===
  BDOSC: k_hat=3  ACC=0.8318  NMI=0.7021  ARI=0.5594  0.7s

=== P1L_S4_C3 train[2] k=3  dim=576  frames=94  σ=0.0  fold=6 ===
  BDOSC: k_hat=3  ACC=0.8085  NMI=0.7291  ARI=0.6083  0.6s

=== P1L_S4_C3 train[3] k=3  dim=576  frames=117  σ=0.0  fold=6 ===
  BDOSC: k_hat=3  ACC=0.9060  NMI=0.7862  ARI=0.7153  0.8s

=== P1L_S4_C3 train[4] k=3  dim=576  frames=112  σ=0.0  fold=6 ===
  BDOSC: k_hat=3  ACC=0.8036  NMI=0.6883  ARI=0.5741  0.8s

=== P1L_S4_C3 train[5] k=3  dim=576  frames=103  σ=0.0  fold=6 ===
  BDOSC: k_hat=3  ACC=0.9223  NMI=0.8288  ARI=0.8059  0.7s

=== P1L_S4_C3 train[6] k=3  dim=576  frames=107  σ=0.0  fold=6 ===
  BDOSC: k_hat=3  ACC=0.9813  NMI=0.9224  ARI=0.9474  0.7s

=== P1E_S1_C1 test[0] k=3  dim=576  frames=140  σ=0.0  fold=6 ===
  BDOSC: k_hat=3  ACC=0.8786  NMI=0.7219  ARI=0.6635  1.2s

=== P1E_S1_C2 test[0] k=3  dim=576  frames=122  σ=0.0  fold=6 ===
  BDOSC: k_hat=3  ACC=0.9344  NMI=0.8457  ARI=0.8316  0.9s

=== P1E_S1_C3 test[0] k=3  dim=576  frames=51  σ=0.0  fold=6 ===
  BDOSC: k_hat=3  ACC=0.9020  NMI=0.7422  ARI=0.7266  0.2s

=== P1E_S2_C1 test[0] k=3  dim=576  frames=161  σ=0.0  fold=6 ===
  BDOSC: k_hat=3  ACC=0.6770  NMI=0.5211  ARI=0.3772  1.5s

=== P1E_S2_C2 test[0] k=3  dim=576  frames=128  σ=0.0  fold=6 ===
  BDOSC: k_hat=3  ACC=0.7422  NMI=0.5527  ARI=0.4306  1.1s

=== P1E_S2_C3 test[0] k=3  dim=576  frames=105  σ=0.0  fold=6 ===
  BDOSC: k_hat=3  ACC=0.9905  NMI=0.9607  ARI=0.9722  0.7s

=== P1E_S3_C1 test[0] k=3  dim=576  frames=204  σ=0.0  fold=6 ===
  BDOSC: k_hat=3  ACC=0.5392  NMI=0.3668  ARI=0.1362  2.6s

=== P1E_S3_C2 test[0] k=3  dim=576  frames=146  σ=0.0  fold=6 ===
  BDOSC: k_hat=3  ACC=0.9726  NMI=0.9028  ARI=0.9116  1.3s

=== P1E_S3_C3 test[0] k=3  dim=576  frames=129  σ=0.0  fold=6 ===
  BDOSC: k_hat=3  ACC=0.9845  NMI=0.9427  ARI=0.9553  1.0s

=== P1E_S4_C1 test[0] k=3  dim=576  frames=147  σ=0.0  fold=6 ===
  BDOSC: k_hat=3  ACC=0.7279  NMI=0.5877  ARI=0.4879  1.3s

=== P1E_S4_C2 test[0] k=3  dim=576  frames=146  σ=0.0  fold=6 ===
  BDOSC: k_hat=3  ACC=0.9110  NMI=0.7538  ARI=0.7446  1.3s

=== P1E_S4_C3 test[0] k=3  dim=576  frames=106  σ=0.0  fold=6 ===
  BDOSC: k_hat=3  ACC=0.9057  NMI=0.7581  ARI=0.7542  0.7s

=== P1L_S1_C1 test[0] k=3  dim=576  frames=116  σ=0.0  fold=6 ===
  BDOSC: k_hat=3  ACC=0.9310  NMI=0.8178  ARI=0.8208  0.8s

=== P1L_S1_C2 test[0] k=3  dim=576  frames=142  σ=0.0  fold=6 ===
  BDOSC: k_hat=3  ACC=0.8873  NMI=0.7696  ARI=0.6838  1.2s

=== P1L_S1_C3 test[0] k=3  dim=576  frames=63  σ=0.0  fold=6 ===
  BDOSC: k_hat=3  ACC=0.6984  NMI=0.6872  ARI=0.5377  0.3s

=== P1L_S2_C1 test[0] k=3  dim=576  frames=180  σ=0.0  fold=6 ===
  BDOSC: k_hat=3  ACC=0.7167  NMI=0.5321  ARI=0.4633  1.9s

=== P1L_S2_C2 test[0] k=3  dim=576  frames=160  σ=0.0  fold=6 ===
  BDOSC: k_hat=3  ACC=0.9062  NMI=0.7778  ARI=0.7080  1.6s

=== P1L_S2_C3 test[0] k=3  dim=576  frames=121  σ=0.0  fold=6 ===
  BDOSC: k_hat=3  ACC=0.9917  NMI=0.9651  ARI=0.9777  0.9s

=== P1L_S3_C1 test[0] k=3  dim=576  frames=176  σ=0.0  fold=6 ===
  BDOSC: k_hat=3  ACC=0.5739  NMI=0.4348  ARI=0.2552  1.8s

=== P1L_S3_C2 test[0] k=3  dim=576  frames=229  σ=0.0  fold=6 ===
  BDOSC: k_hat=3  ACC=0.5022  NMI=0.5233  ARI=0.3438  3.2s

=== P1L_S3_C3 test[0] k=3  dim=576  frames=161  σ=0.0  fold=6 ===
  BDOSC: k_hat=3  ACC=0.7888  NMI=0.6753  ARI=0.5967  1.5s

=== P1L_S4_C1 test[0] k=3  dim=576  frames=187  σ=0.0  fold=6 ===
  BDOSC: k_hat=3  ACC=0.8556  NMI=0.6983  ARI=0.6103  2.0s

=== P1L_S4_C2 test[0] k=3  dim=576  frames=169  σ=0.0  fold=6 ===
  BDOSC: k_hat=3  ACC=0.7870  NMI=0.7250  ARI=0.6129  1.7s

=== P1L_S4_C3 test[0] k=3  dim=576  frames=105  σ=0.0  fold=6 ===
  BDOSC: k_hat=3  ACC=0.5143  NMI=0.5244  ARI=0.3419  0.7s
  tune_pool_groups=20: sampling from 22 held-in people (overlap allowed) instead of the 7 fixed partition group(s)

============================================================
σ=0.0 fold=7  test=['0003', '0012', '0017']  train mats=168  test mats=24  tune mats=480
  BDOSC: skip tuning, fixed lambda_1=0.2, lambda_2=1, gamma_1=0.01, p=1.1, max_iter=50
  wrote /nfs/turbo/umms-minjilab/lpullela/icassp_ssc_tv2/block_ssc_benchmark/cv/params/surveillance/split_k3_clean_min30_trials20_knownk_scaled_params_cv_bdosc_k3_sigma0_sigma0_fold7.json

=== P1E_S1_C1 train[0] k=3  dim=576  frames=146  σ=0.0  fold=7 ===
  BDOSC: k_hat=3  ACC=0.8425  NMI=0.7495  ARI=0.6541  1.3s

=== P1E_S1_C1 train[1] k=3  dim=576  frames=153  σ=0.0  fold=7 ===
  BDOSC: k_hat=3  ACC=0.9216  NMI=0.7943  ARI=0.7911  1.4s

=== P1E_S1_C1 train[2] k=3  dim=576  frames=130  σ=0.0  fold=7 ===
  BDOSC: k_hat=3  ACC=0.9385  NMI=0.8158  ARI=0.8190  1.0s

=== P1E_S1_C1 train[3] k=3  dim=576  frames=140  σ=0.0  fold=7 ===
  BDOSC: k_hat=3  ACC=0.8286  NMI=0.6663  ARI=0.5478  1.2s

=== P1E_S1_C1 train[4] k=3  dim=576  frames=157  σ=0.0  fold=7 ===
  BDOSC: k_hat=3  ACC=0.8471  NMI=0.7327  ARI=0.6164  1.5s

=== P1E_S1_C1 train[5] k=3  dim=576  frames=151  σ=0.0  fold=7 ===
  BDOSC: k_hat=3  ACC=0.6026  NMI=0.6374  ARI=0.4646  1.3s

=== P1E_S1_C1 train[6] k=3  dim=576  frames=140  σ=0.0  fold=7 ===
  BDOSC: k_hat=3  ACC=0.8786  NMI=0.7219  ARI=0.6635  1.2s

=== P1E_S1_C2 train[0] k=3  dim=576  frames=147  σ=0.0  fold=7 ===
  BDOSC: k_hat=3  ACC=0.7007  NMI=0.4523  ARI=0.2980  1.3s

=== P1E_S1_C2 train[1] k=3  dim=576  frames=115  σ=0.0  fold=7 ===
  BDOSC: k_hat=3  ACC=0.8783  NMI=0.7000  ARI=0.6792  0.8s

=== P1E_S1_C2 train[2] k=3  dim=576  frames=104  σ=0.0  fold=7 ===
  BDOSC: k_hat=3  ACC=0.9038  NMI=0.7552  ARI=0.7267  0.7s

=== P1E_S1_C2 train[3] k=3  dim=576  frames=138  σ=0.0  fold=7 ===
  BDOSC: k_hat=3  ACC=0.9420  NMI=0.8271  ARI=0.8204  1.1s

=== P1E_S1_C2 train[4] k=3  dim=576  frames=113  σ=0.0  fold=7 ===
  BDOSC: k_hat=3  ACC=0.9292  NMI=0.8307  ARI=0.7951  0.8s

=== P1E_S1_C2 train[5] k=3  dim=576  frames=122  σ=0.0  fold=7 ===
  BDOSC: k_hat=3  ACC=0.5492  NMI=0.6292  ARI=0.4500  0.9s

=== P1E_S1_C2 train[6] k=3  dim=576  frames=122  σ=0.0  fold=7 ===
  BDOSC: k_hat=3  ACC=0.9344  NMI=0.8457  ARI=0.8316  0.9s

=== P1E_S1_C3 train[0] k=3  dim=576  frames=58  σ=0.0  fold=7 ===
  BDOSC: k_hat=3  ACC=0.9483  NMI=0.8578  ARI=0.8376  0.2s

=== P1E_S1_C3 train[1] k=3  dim=576  frames=56  σ=0.0  fold=7 ===
  BDOSC: k_hat=3  ACC=0.9643  NMI=0.8700  ARI=0.9057  0.2s

=== P1E_S1_C3 train[2] k=3  dim=576  frames=47  σ=0.0  fold=7 ===
  BDOSC: k_hat=3  ACC=0.9362  NMI=0.8516  ARI=0.8505  0.2s

=== P1E_S1_C3 train[3] k=3  dim=576  frames=61  σ=0.0  fold=7 ===
  BDOSC: k_hat=3  ACC=0.8852  NMI=0.7346  ARI=0.7554  0.3s

=== P1E_S1_C3 train[4] k=3  dim=576  frames=37  σ=0.0  fold=7 ===
  BDOSC: k_hat=3  ACC=1.0000  NMI=1.0000  ARI=1.0000  0.1s

=== P1E_S1_C3 train[5] k=3  dim=576  frames=55  σ=0.0  fold=7 ===
  BDOSC: k_hat=3  ACC=0.9273  NMI=0.7991  ARI=0.8034  0.2s

=== P1E_S1_C3 train[6] k=3  dim=576  frames=51  σ=0.0  fold=7 ===
  BDOSC: k_hat=3  ACC=0.9020  NMI=0.7422  ARI=0.7266  0.2s

=== P1E_S2_C1 train[0] k=3  dim=576  frames=167  σ=0.0  fold=7 ===
  BDOSC: k_hat=3  ACC=0.8743  NMI=0.7173  ARI=0.6656  1.6s

=== P1E_S2_C1 train[1] k=3  dim=576  frames=151  σ=0.0  fold=7 ===
  BDOSC: k_hat=3  ACC=0.9669  NMI=0.8846  ARI=0.9022  1.4s

=== P1E_S2_C1 train[2] k=3  dim=576  frames=136  σ=0.0  fold=7 ===
  BDOSC: k_hat=3  ACC=0.8456  NMI=0.7540  ARI=0.6723  1.1s

=== P1E_S2_C1 train[3] k=3  dim=576  frames=180  σ=0.0  fold=7 ===
  BDOSC: k_hat=3  ACC=0.9889  NMI=0.9557  ARI=0.9681  1.9s

=== P1E_S2_C1 train[4] k=3  dim=576  frames=149  σ=0.0  fold=7 ===
  BDOSC: k_hat=3  ACC=1.0000  NMI=1.0000  ARI=1.0000  1.3s

=== P1E_S2_C1 train[5] k=3  dim=576  frames=124  σ=0.0  fold=7 ===
  BDOSC: k_hat=3  ACC=0.5968  NMI=0.5939  ARI=0.4449  0.9s

=== P1E_S2_C1 train[6] k=3  dim=576  frames=161  σ=0.0  fold=7 ===
  BDOSC: k_hat=3  ACC=0.6770  NMI=0.5211  ARI=0.3772  1.5s

=== P1E_S2_C2 train[0] k=3  dim=576  frames=146  σ=0.0  fold=7 ===
  BDOSC: k_hat=3  ACC=0.9384  NMI=0.8230  ARI=0.8136  1.3s

=== P1E_S2_C2 train[1] k=3  dim=576  frames=115  σ=0.0  fold=7 ===
  BDOSC: k_hat=3  ACC=0.9217  NMI=0.7839  ARI=0.7732  0.8s

=== P1E_S2_C2 train[2] k=3  dim=576  frames=109  σ=0.0  fold=7 ===
  BDOSC: k_hat=3  ACC=0.9725  NMI=0.9131  ARI=0.9228  0.7s

=== P1E_S2_C2 train[3] k=3  dim=576  frames=144  σ=0.0  fold=7 ===
  BDOSC: k_hat=3  ACC=0.9583  NMI=0.8796  ARI=0.8733  1.3s

=== P1E_S2_C2 train[4] k=3  dim=576  frames=124  σ=0.0  fold=7 ===
  BDOSC: k_hat=3  ACC=0.9435  NMI=0.8498  ARI=0.8299  0.9s

=== P1E_S2_C2 train[5] k=3  dim=576  frames=109  σ=0.0  fold=7 ===
  BDOSC: k_hat=3  ACC=0.9266  NMI=0.8366  ARI=0.8239  0.7s

=== P1E_S2_C2 train[6] k=3  dim=576  frames=128  σ=0.0  fold=7 ===
  BDOSC: k_hat=3  ACC=0.7422  NMI=0.5527  ARI=0.4306  1.1s

=== P1E_S2_C3 train[0] k=3  dim=576  frames=113  σ=0.0  fold=7 ===
  BDOSC: k_hat=3  ACC=0.9912  NMI=0.9628  ARI=0.9753  0.8s

=== P1E_S2_C3 train[1] k=3  dim=576  frames=88  σ=0.0  fold=7 ===
  BDOSC: k_hat=3  ACC=0.9545  NMI=0.8421  ARI=0.8584  0.5s

=== P1E_S2_C3 train[2] k=3  dim=576  frames=90  σ=0.0  fold=7 ===
  BDOSC: k_hat=3  ACC=0.9444  NMI=0.8320  ARI=0.8392  0.5s

=== P1E_S2_C3 train[3] k=3  dim=576  frames=112  σ=0.0  fold=7 ===
  BDOSC: k_hat=3  ACC=0.8571  NMI=0.7287  ARI=0.6591  0.8s

=== P1E_S2_C3 train[4] k=3  dim=576  frames=99  σ=0.0  fold=7 ===
  BDOSC: k_hat=3  ACC=0.9697  NMI=0.9056  ARI=0.9106  0.6s

=== P1E_S2_C3 train[5] k=3  dim=576  frames=87  σ=0.0  fold=7 ===
  BDOSC: k_hat=3  ACC=0.8966  NMI=0.7369  ARI=0.7243  0.5s

=== P1E_S2_C3 train[6] k=3  dim=576  frames=105  σ=0.0  fold=7 ===
  BDOSC: k_hat=3  ACC=0.9905  NMI=0.9607  ARI=0.9722  0.7s

=== P1E_S3_C1 train[0] k=3  dim=576  frames=166  σ=0.0  fold=7 ===
  BDOSC: k_hat=3  ACC=0.8554  NMI=0.7353  ARI=0.6139  1.7s

=== P1E_S3_C1 train[1] k=3  dim=576  frames=139  σ=0.0  fold=7 ===
  BDOSC: k_hat=3  ACC=0.7266  NMI=0.6687  ARI=0.5342  1.2s

=== P1E_S3_C1 train[2] k=3  dim=576  frames=134  σ=0.0  fold=7 ===
  BDOSC: k_hat=3  ACC=0.8134  NMI=0.7133  ARI=0.5653  1.1s

=== P1E_S3_C1 train[3] k=3  dim=576  frames=161  σ=0.0  fold=7 ===
  BDOSC: k_hat=3  ACC=0.6149  NMI=0.3772  ARI=0.1803  1.5s

=== P1E_S3_C1 train[4] k=3  dim=576  frames=168  σ=0.0  fold=7 ===
  BDOSC: k_hat=3  ACC=0.8750  NMI=0.7257  ARI=0.6598  1.6s

=== P1E_S3_C1 train[5] k=3  dim=576  frames=123  σ=0.0  fold=7 ===
  BDOSC: k_hat=3  ACC=0.9106  NMI=0.7905  ARI=0.7756  0.9s

=== P1E_S3_C1 train[6] k=3  dim=576  frames=204  σ=0.0  fold=7 ===
  BDOSC: k_hat=3  ACC=0.5392  NMI=0.3668  ARI=0.1362  2.6s

=== P1E_S3_C2 train[0] k=3  dim=576  frames=147  σ=0.0  fold=7 ===
  BDOSC: k_hat=3  ACC=0.9864  NMI=0.9445  ARI=0.9542  1.3s

=== P1E_S3_C2 train[1] k=3  dim=576  frames=120  σ=0.0  fold=7 ===
  BDOSC: k_hat=3  ACC=0.8417  NMI=0.6499  ARI=0.5746  0.9s

=== P1E_S3_C2 train[2] k=3  dim=576  frames=112  σ=0.0  fold=7 ===
  BDOSC: k_hat=3  ACC=0.9196  NMI=0.7893  ARI=0.7621  0.8s

=== P1E_S3_C2 train[3] k=3  dim=576  frames=168  σ=0.0  fold=7 ===
  BDOSC: k_hat=3  ACC=0.9226  NMI=0.7804  ARI=0.7810  1.6s

=== P1E_S3_C2 train[4] k=3  dim=576  frames=169  σ=0.0  fold=7 ===
  BDOSC: k_hat=3  ACC=0.7692  NMI=0.6751  ARI=0.4891  1.7s

=== P1E_S3_C2 train[5] k=3  dim=576  frames=107  σ=0.0  fold=7 ===
  BDOSC: k_hat=3  ACC=0.5888  NMI=0.6662  ARI=0.4710  0.7s

=== P1E_S3_C2 train[6] k=3  dim=576  frames=146  σ=0.0  fold=7 ===
  BDOSC: k_hat=3  ACC=0.9726  NMI=0.9028  ARI=0.9116  1.3s

=== P1E_S3_C3 train[0] k=3  dim=576  frames=105  σ=0.0  fold=7 ===
  BDOSC: k_hat=3  ACC=0.9905  NMI=0.9593  ARI=0.9687  0.7s

=== P1E_S3_C3 train[1] k=3  dim=576  frames=89  σ=0.0  fold=7 ===
  BDOSC: k_hat=3  ACC=0.9888  NMI=0.9533  ARI=0.9646  0.5s

=== P1E_S3_C3 train[2] k=3  dim=576  frames=84  σ=0.0  fold=7 ===
  BDOSC: k_hat=3  ACC=0.9762  NMI=0.9165  ARI=0.9208  0.5s

=== P1E_S3_C3 train[3] k=3  dim=576  frames=125  σ=0.0  fold=7 ===
  BDOSC: k_hat=3  ACC=0.8800  NMI=0.7376  ARI=0.6737  0.9s

=== P1E_S3_C3 train[4] k=3  dim=576  frames=128  σ=0.0  fold=7 ===
  BDOSC: k_hat=3  ACC=0.7344  NMI=0.6459  ARI=0.5126  1.1s

=== P1E_S3_C3 train[5] k=3  dim=576  frames=83  σ=0.0  fold=7 ===
  BDOSC: k_hat=3  ACC=0.9639  NMI=0.8955  ARI=0.9023  0.5s

=== P1E_S3_C3 train[6] k=3  dim=576  frames=129  σ=0.0  fold=7 ===
  BDOSC: k_hat=3  ACC=0.9845  NMI=0.9427  ARI=0.9553  1.0s

=== P1E_S4_C1 train[0] k=3  dim=576  frames=158  σ=0.0  fold=7 ===
  BDOSC: k_hat=3  ACC=0.7658  NMI=0.5463  ARI=0.4168  1.5s

=== P1E_S4_C1 train[1] k=3  dim=576  frames=107  σ=0.0  fold=7 ===
  BDOSC: k_hat=3  ACC=0.8505  NMI=0.6682  ARI=0.6239  0.7s

=== P1E_S4_C1 train[2] k=3  dim=576  frames=155  σ=0.0  fold=7 ===
  BDOSC: k_hat=3  ACC=0.7355  NMI=0.5860  ARI=0.4658  1.4s

=== P1E_S4_C1 train[3] k=3  dim=576  frames=182  σ=0.0  fold=7 ===
  BDOSC: k_hat=3  ACC=0.7692  NMI=0.5910  ARI=0.4870  1.9s

=== P1E_S4_C1 train[4] k=3  dim=576  frames=180  σ=0.0  fold=7 ===
  BDOSC: k_hat=3  ACC=0.8833  NMI=0.7790  ARI=0.7054  1.9s

=== P1E_S4_C1 train[5] k=3  dim=576  frames=133  σ=0.0  fold=7 ===
  BDOSC: k_hat=3  ACC=0.7970  NMI=0.6172  ARI=0.5119  1.0s

=== P1E_S4_C1 train[6] k=3  dim=576  frames=147  σ=0.0  fold=7 ===
  BDOSC: k_hat=3  ACC=0.7279  NMI=0.5877  ARI=0.4879  1.3s

=== P1E_S4_C2 train[0] k=3  dim=576  frames=117  σ=0.0  fold=7 ===
  BDOSC: k_hat=3  ACC=0.9487  NMI=0.8643  ARI=0.8524  0.8s

=== P1E_S4_C2 train[1] k=3  dim=576  frames=125  σ=0.0  fold=7 ===
  BDOSC: k_hat=3  ACC=0.9040  NMI=0.7595  ARI=0.7293  0.9s

=== P1E_S4_C2 train[2] k=3  dim=576  frames=122  σ=0.0  fold=7 ===
  BDOSC: k_hat=3  ACC=0.9426  NMI=0.8538  ARI=0.8350  0.9s

=== P1E_S4_C2 train[3] k=3  dim=576  frames=126  σ=0.0  fold=7 ===
  BDOSC: k_hat=3  ACC=0.9841  NMI=0.9299  ARI=0.9511  0.9s

=== P1E_S4_C2 train[4] k=3  dim=576  frames=140  σ=0.0  fold=7 ===
  BDOSC: k_hat=3  ACC=0.9857  NMI=0.9434  ARI=0.9545  1.2s

=== P1E_S4_C2 train[5] k=3  dim=576  frames=129  σ=0.0  fold=7 ===
  BDOSC: k_hat=3  ACC=0.5659  NMI=0.6611  ARI=0.4614  1.0s

=== P1E_S4_C2 train[6] k=3  dim=576  frames=146  σ=0.0  fold=7 ===
  BDOSC: k_hat=3  ACC=0.9110  NMI=0.7538  ARI=0.7446  1.3s

=== P1E_S4_C3 train[0] k=3  dim=576  frames=90  σ=0.0  fold=7 ===
  BDOSC: k_hat=3  ACC=0.9667  NMI=0.8988  ARI=0.9022  0.5s

=== P1E_S4_C3 train[1] k=3  dim=576  frames=64  σ=0.0  fold=7 ===
  BDOSC: k_hat=3  ACC=0.8438  NMI=0.6740  ARI=0.6011  0.3s

=== P1E_S4_C3 train[2] k=3  dim=576  frames=85  σ=0.0  fold=7 ===
  BDOSC: k_hat=3  ACC=0.9529  NMI=0.8505  ARI=0.8670  0.5s

=== P1E_S4_C3 train[3] k=3  dim=576  frames=105  σ=0.0  fold=7 ===
  BDOSC: k_hat=3  ACC=0.5238  NMI=0.5754  ARI=0.4130  0.7s

=== P1E_S4_C3 train[4] k=3  dim=576  frames=87  σ=0.0  fold=7 ===
  BDOSC: k_hat=3  ACC=0.9425  NMI=0.8287  ARI=0.8325  0.5s

=== P1E_S4_C3 train[5] k=3  dim=576  frames=76  σ=0.0  fold=7 ===
  BDOSC: k_hat=3  ACC=0.8947  NMI=0.7972  ARI=0.7470  0.4s

=== P1E_S4_C3 train[6] k=3  dim=576  frames=106  σ=0.0  fold=7 ===
  BDOSC: k_hat=3  ACC=0.9057  NMI=0.7581  ARI=0.7542  0.7s

=== P1L_S1_C1 train[0] k=3  dim=576  frames=162  σ=0.0  fold=7 ===
  BDOSC: k_hat=3  ACC=0.9321  NMI=0.8404  ARI=0.8237  1.6s

=== P1L_S1_C1 train[1] k=3  dim=576  frames=170  σ=0.0  fold=7 ===
  BDOSC: k_hat=3  ACC=0.8294  NMI=0.6934  ARI=0.5658  1.8s

=== P1L_S1_C1 train[2] k=3  dim=576  frames=155  σ=0.0  fold=7 ===
  BDOSC: k_hat=3  ACC=0.6710  NMI=0.5078  ARI=0.3505  1.4s

=== P1L_S1_C1 train[3] k=3  dim=576  frames=182  σ=0.0  fold=7 ===
  BDOSC: k_hat=3  ACC=0.7967  NMI=0.5874  ARI=0.4809  1.9s

=== P1L_S1_C1 train[4] k=3  dim=576  frames=198  σ=0.0  fold=7 ===
  BDOSC: k_hat=3  ACC=0.8182  NMI=0.6194  ARI=0.5546  2.3s

=== P1L_S1_C1 train[5] k=3  dim=576  frames=166  σ=0.0  fold=7 ===
  BDOSC: k_hat=3  ACC=0.6024  NMI=0.6091  ARI=0.4521  1.7s

=== P1L_S1_C1 train[6] k=3  dim=576  frames=116  σ=0.0  fold=7 ===
  BDOSC: k_hat=3  ACC=0.9310  NMI=0.8178  ARI=0.8208  0.8s

=== P1L_S1_C2 train[0] k=3  dim=576  frames=186  σ=0.0  fold=7 ===
  BDOSC: k_hat=3  ACC=0.7312  NMI=0.4980  ARI=0.3447  2.1s

=== P1L_S1_C2 train[1] k=3  dim=576  frames=137  σ=0.0  fold=7 ===
  BDOSC: k_hat=3  ACC=0.9927  NMI=0.9671  ARI=0.9761  1.1s

=== P1L_S1_C2 train[2] k=3  dim=576  frames=147  σ=0.0  fold=7 ===
  BDOSC: k_hat=3  ACC=0.8367  NMI=0.7209  ARI=0.6406  1.3s

=== P1L_S1_C2 train[3] k=3  dim=576  frames=181  σ=0.0  fold=7 ===
  BDOSC: k_hat=3  ACC=0.9945  NMI=0.9739  ARI=0.9823  1.9s

=== P1L_S1_C2 train[4] k=3  dim=576  frames=128  σ=0.0  fold=7 ===
  BDOSC: k_hat=3  ACC=0.9531  NMI=0.8778  ARI=0.8905  1.1s

=== P1L_S1_C2 train[5] k=3  dim=576  frames=154  σ=0.0  fold=7 ===
  BDOSC: k_hat=3  ACC=0.8182  NMI=0.7244  ARI=0.5951  1.4s

=== P1L_S1_C2 train[6] k=3  dim=576  frames=142  σ=0.0  fold=7 ===
  BDOSC: k_hat=3  ACC=0.8873  NMI=0.7696  ARI=0.6838  1.2s

=== P1L_S1_C3 train[0] k=3  dim=576  frames=60  σ=0.0  fold=7 ===
  BDOSC: k_hat=3  ACC=0.5500  NMI=0.5529  ARI=0.3893  0.2s

=== P1L_S1_C3 train[1] k=3  dim=576  frames=68  σ=0.0  fold=7 ===
  BDOSC: k_hat=3  ACC=1.0000  NMI=1.0000  ARI=1.0000  0.3s

=== P1L_S1_C3 train[2] k=3  dim=576  frames=65  σ=0.0  fold=7 ===
  BDOSC: k_hat=3  ACC=0.9077  NMI=0.8065  ARI=0.7650  0.3s

=== P1L_S1_C3 train[3] k=3  dim=576  frames=74  σ=0.0  fold=7 ===
  BDOSC: k_hat=3  ACC=0.8514  NMI=0.6640  ARI=0.6046  0.4s

=== P1L_S1_C3 train[4] k=3  dim=576  frames=73  σ=0.0  fold=7 ===
  BDOSC: k_hat=3  ACC=0.8493  NMI=0.6574  ARI=0.5984  0.4s

=== P1L_S1_C3 train[5] k=3  dim=576  frames=64  σ=0.0  fold=7 ===
  BDOSC: k_hat=3  ACC=0.8281  NMI=0.6977  ARI=0.6235  0.3s

=== P1L_S1_C3 train[6] k=3  dim=576  frames=63  σ=0.0  fold=7 ===
  BDOSC: k_hat=3  ACC=0.6984  NMI=0.6872  ARI=0.5377  0.3s

=== P1L_S2_C1 train[0] k=3  dim=576  frames=211  σ=0.0  fold=7 ===
  BDOSC: k_hat=3  ACC=0.8720  NMI=0.6990  ARI=0.6593  2.7s

=== P1L_S2_C1 train[1] k=3  dim=576  frames=190  σ=0.0  fold=7 ===
  BDOSC: k_hat=3  ACC=0.6579  NMI=0.4910  ARI=0.3488  2.1s

=== P1L_S2_C1 train[2] k=3  dim=576  frames=180  σ=0.0  fold=7 ===
  BDOSC: k_hat=3  ACC=0.9167  NMI=0.7729  ARI=0.7854  1.9s

=== P1L_S2_C1 train[3] k=3  dim=576  frames=177  σ=0.0  fold=7 ===
  BDOSC: k_hat=3  ACC=0.8079  NMI=0.6702  ARI=0.5508  1.8s

=== P1L_S2_C1 train[4] k=3  dim=576  frames=172  σ=0.0  fold=7 ===
  BDOSC: k_hat=3  ACC=0.9477  NMI=0.8648  ARI=0.8631  1.8s

=== P1L_S2_C1 train[5] k=3  dim=576  frames=179  σ=0.0  fold=7 ===
  BDOSC: k_hat=3  ACC=0.9777  NMI=0.9244  ARI=0.9377  1.9s

=== P1L_S2_C1 train[6] k=3  dim=576  frames=180  σ=0.0  fold=7 ===
  BDOSC: k_hat=3  ACC=0.7167  NMI=0.5321  ARI=0.4633  1.9s

=== P1L_S2_C2 train[0] k=3  dim=576  frames=194  σ=0.0  fold=7 ===
  BDOSC: k_hat=3  ACC=0.8711  NMI=0.7077  ARI=0.6266  2.2s

=== P1L_S2_C2 train[1] k=3  dim=576  frames=155  σ=0.0  fold=7 ===
  BDOSC: k_hat=3  ACC=0.8258  NMI=0.6543  ARI=0.5677  1.5s

=== P1L_S2_C2 train[2] k=3  dim=576  frames=134  σ=0.0  fold=7 ===
  BDOSC: k_hat=3  ACC=0.9776  NMI=0.9103  ARI=0.9389  1.1s

=== P1L_S2_C2 train[3] k=3  dim=576  frames=186  σ=0.0  fold=7 ===
  BDOSC: k_hat=3  ACC=0.9731  NMI=0.9132  ARI=0.9230  2.0s

=== P1L_S2_C2 train[4] k=3  dim=576  frames=201  σ=0.0  fold=7 ===
  BDOSC: k_hat=3  ACC=0.7960  NMI=0.6508  ARI=0.5443  2.4s

=== P1L_S2_C2 train[5] k=3  dim=576  frames=171  σ=0.0  fold=7 ===
  BDOSC: k_hat=3  ACC=0.9474  NMI=0.8495  ARI=0.8635  1.8s

=== P1L_S2_C2 train[6] k=3  dim=576  frames=160  σ=0.0  fold=7 ===
  BDOSC: k_hat=3  ACC=0.9062  NMI=0.7778  ARI=0.7080  1.5s

=== P1L_S2_C3 train[0] k=3  dim=576  frames=119  σ=0.0  fold=7 ===
  BDOSC: k_hat=3  ACC=0.9916  NMI=0.9629  ARI=0.9741  0.8s

=== P1L_S2_C3 train[1] k=3  dim=576  frames=101  σ=0.0  fold=7 ===
  BDOSC: k_hat=3  ACC=0.9802  NMI=0.9146  ARI=0.9368  0.6s

=== P1L_S2_C3 train[2] k=3  dim=576  frames=85  σ=0.0  fold=7 ===
  BDOSC: k_hat=3  ACC=0.9529  NMI=0.8764  ARI=0.8899  0.5s

=== P1L_S2_C3 train[3] k=3  dim=576  frames=112  σ=0.0  fold=7 ===
  BDOSC: k_hat=3  ACC=0.9911  NMI=0.9629  ARI=0.9763  0.8s

=== P1L_S2_C3 train[4] k=3  dim=576  frames=126  σ=0.0  fold=7 ===
  BDOSC: k_hat=3  ACC=0.8413  NMI=0.7417  ARI=0.6278  0.9s

=== P1L_S2_C3 train[5] k=3  dim=576  frames=102  σ=0.0  fold=7 ===
  BDOSC: k_hat=3  ACC=0.9902  NMI=0.9599  ARI=0.9718  0.7s

=== P1L_S2_C3 train[6] k=3  dim=576  frames=121  σ=0.0  fold=7 ===
  BDOSC: k_hat=3  ACC=0.9917  NMI=0.9651  ARI=0.9777  0.9s

=== P1L_S3_C1 train[0] k=3  dim=576  frames=156  σ=0.0  fold=7 ===
  BDOSC: k_hat=3  ACC=0.5641  NMI=0.4907  ARI=0.3298  1.5s

=== P1L_S3_C1 train[1] k=3  dim=576  frames=120  σ=0.0  fold=7 ===
  BDOSC: k_hat=3  ACC=0.8083  NMI=0.6046  ARI=0.4835  0.9s

=== P1L_S3_C1 train[2] k=3  dim=576  frames=185  σ=0.0  fold=7 ===
  BDOSC: k_hat=3  ACC=0.9784  NMI=0.9150  ARI=0.9348  2.0s

=== P1L_S3_C1 train[3] k=3  dim=576  frames=156  σ=0.0  fold=7 ===
  BDOSC: k_hat=3  ACC=0.7308  NMI=0.5146  ARI=0.3704  1.5s

=== P1L_S3_C1 train[4] k=3  dim=576  frames=159  σ=0.0  fold=7 ===
  BDOSC: k_hat=3  ACC=0.7925  NMI=0.5858  ARI=0.4515  1.5s

=== P1L_S3_C1 train[5] k=3  dim=576  frames=172  σ=0.0  fold=7 ===
  BDOSC: k_hat=3  ACC=0.6163  NMI=0.3783  ARI=0.1567  1.8s

=== P1L_S3_C1 train[6] k=3  dim=576  frames=176  σ=0.0  fold=7 ===
  BDOSC: k_hat=3  ACC=0.5739  NMI=0.4348  ARI=0.2552  1.8s

=== P1L_S3_C2 train[0] k=3  dim=576  frames=185  σ=0.0  fold=7 ===
  BDOSC: k_hat=3  ACC=0.9081  NMI=0.7660  ARI=0.7424  2.0s

=== P1L_S3_C2 train[1] k=3  dim=576  frames=125  σ=0.0  fold=7 ===
  BDOSC: k_hat=3  ACC=0.6400  NMI=0.3999  ARI=0.1857  1.0s

=== P1L_S3_C2 train[2] k=3  dim=576  frames=166  σ=0.0  fold=7 ===
  BDOSC: k_hat=3  ACC=0.8855  NMI=0.7624  ARI=0.7212  1.7s

=== P1L_S3_C2 train[3] k=3  dim=576  frames=209  σ=0.0  fold=7 ===
  BDOSC: k_hat=3  ACC=0.5550  NMI=0.5268  ARI=0.3774  2.7s

=== P1L_S3_C2 train[4] k=3  dim=576  frames=168  σ=0.0  fold=7 ===
  BDOSC: k_hat=3  ACC=0.8214  NMI=0.7601  ARI=0.7253  1.7s

=== P1L_S3_C2 train[5] k=3  dim=576  frames=187  σ=0.0  fold=7 ===
  BDOSC: k_hat=3  ACC=0.5508  NMI=0.5027  ARI=0.3515  2.1s

=== P1L_S3_C2 train[6] k=3  dim=576  frames=229  σ=0.0  fold=7 ===
  BDOSC: k_hat=3  ACC=0.5022  NMI=0.5233  ARI=0.3438  3.2s

=== P1L_S3_C3 train[0] k=3  dim=576  frames=151  σ=0.0  fold=7 ===
  BDOSC: k_hat=3  ACC=0.8013  NMI=0.6762  ARI=0.4928  1.4s

=== P1L_S3_C3 train[1] k=3  dim=576  frames=118  σ=0.0  fold=7 ===
  BDOSC: k_hat=3  ACC=0.8644  NMI=0.7607  ARI=0.6741  0.8s

=== P1L_S3_C3 train[2] k=3  dim=576  frames=121  σ=0.0  fold=7 ===
  BDOSC: k_hat=3  ACC=0.8926  NMI=0.7397  ARI=0.6943  0.9s

=== P1L_S3_C3 train[3] k=3  dim=576  frames=142  σ=0.0  fold=7 ===
  BDOSC: k_hat=3  ACC=0.9789  NMI=0.9140  ARI=0.9345  1.2s

=== P1L_S3_C3 train[4] k=3  dim=576  frames=134  σ=0.0  fold=7 ===
  BDOSC: k_hat=3  ACC=0.9478  NMI=0.8644  ARI=0.8633  1.1s

=== P1L_S3_C3 train[5] k=3  dim=576  frames=110  σ=0.0  fold=7 ===
  BDOSC: k_hat=3  ACC=0.9636  NMI=0.8932  ARI=0.8941  0.8s

=== P1L_S3_C3 train[6] k=3  dim=576  frames=161  σ=0.0  fold=7 ===
  BDOSC: k_hat=3  ACC=0.7888  NMI=0.6753  ARI=0.5967  1.5s

=== P1L_S4_C1 train[0] k=3  dim=576  frames=200  σ=0.0  fold=7 ===
  BDOSC: k_hat=3  ACC=0.9000  NMI=0.7943  ARI=0.7435  2.4s

=== P1L_S4_C1 train[1] k=3  dim=576  frames=157  σ=0.0  fold=7 ===
  BDOSC: k_hat=3  ACC=0.7325  NMI=0.6731  ARI=0.4782  1.5s

=== P1L_S4_C1 train[2] k=3  dim=576  frames=154  σ=0.0  fold=7 ===
  BDOSC: k_hat=3  ACC=0.7922  NMI=0.5979  ARI=0.4749  1.4s

=== P1L_S4_C1 train[3] k=3  dim=576  frames=168  σ=0.0  fold=7 ===
  BDOSC: k_hat=3  ACC=0.8095  NMI=0.6082  ARI=0.5160  1.6s

=== P1L_S4_C1 train[4] k=3  dim=576  frames=142  σ=0.0  fold=7 ===
  BDOSC: k_hat=3  ACC=0.7817  NMI=0.5648  ARI=0.4434  1.2s

=== P1L_S4_C1 train[5] k=3  dim=576  frames=164  σ=0.0  fold=7 ===
  BDOSC: k_hat=3  ACC=0.8598  NMI=0.7355  ARI=0.6694  1.6s

=== P1L_S4_C1 train[6] k=3  dim=576  frames=187  σ=0.0  fold=7 ===
  BDOSC: k_hat=3  ACC=0.8556  NMI=0.6983  ARI=0.6103  2.0s

=== P1L_S4_C2 train[0] k=3  dim=576  frames=157  σ=0.0  fold=7 ===
  BDOSC: k_hat=3  ACC=0.8599  NMI=0.7321  ARI=0.6124  1.5s

=== P1L_S4_C2 train[1] k=3  dim=576  frames=149  σ=0.0  fold=7 ===
  BDOSC: k_hat=3  ACC=0.9396  NMI=0.8216  ARI=0.8386  1.3s

=== P1L_S4_C2 train[2] k=3  dim=576  frames=175  σ=0.0  fold=7 ===
  BDOSC: k_hat=3  ACC=1.0000  NMI=1.0000  ARI=1.0000  1.8s

=== P1L_S4_C2 train[3] k=3  dim=576  frames=168  σ=0.0  fold=7 ===
  BDOSC: k_hat=3  ACC=0.9226  NMI=0.8224  ARI=0.7978  1.6s

=== P1L_S4_C2 train[4] k=3  dim=576  frames=154  σ=0.0  fold=7 ===
  BDOSC: k_hat=3  ACC=0.8377  NMI=0.6997  ARI=0.5739  1.4s

=== P1L_S4_C2 train[5] k=3  dim=576  frames=152  σ=0.0  fold=7 ===
  BDOSC: k_hat=3  ACC=0.8224  NMI=0.6469  ARI=0.5752  1.4s

=== P1L_S4_C2 train[6] k=3  dim=576  frames=169  σ=0.0  fold=7 ===
  BDOSC: k_hat=3  ACC=0.7870  NMI=0.7250  ARI=0.6129  1.7s

=== P1L_S4_C3 train[0] k=3  dim=576  frames=96  σ=0.0  fold=7 ===
  BDOSC: k_hat=3  ACC=0.9896  NMI=0.9573  ARI=0.9690  0.6s

=== P1L_S4_C3 train[1] k=3  dim=576  frames=107  σ=0.0  fold=7 ===
  BDOSC: k_hat=3  ACC=0.8318  NMI=0.7021  ARI=0.5594  0.7s

=== P1L_S4_C3 train[2] k=3  dim=576  frames=94  σ=0.0  fold=7 ===
  BDOSC: k_hat=3  ACC=0.8085  NMI=0.7291  ARI=0.6083  0.6s

=== P1L_S4_C3 train[3] k=3  dim=576  frames=117  σ=0.0  fold=7 ===
  BDOSC: k_hat=3  ACC=0.9060  NMI=0.7862  ARI=0.7153  0.8s

=== P1L_S4_C3 train[4] k=3  dim=576  frames=112  σ=0.0  fold=7 ===
  BDOSC: k_hat=3  ACC=0.8036  NMI=0.6883  ARI=0.5741  0.8s

=== P1L_S4_C3 train[5] k=3  dim=576  frames=103  σ=0.0  fold=7 ===
  BDOSC: k_hat=3  ACC=0.9223  NMI=0.8288  ARI=0.8059  0.7s

=== P1L_S4_C3 train[6] k=3  dim=576  frames=105  σ=0.0  fold=7 ===
  BDOSC: k_hat=3  ACC=0.5143  NMI=0.5244  ARI=0.3419  0.7s

=== P1E_S1_C1 test[0] k=3  dim=576  frames=171  σ=0.0  fold=7 ===
  BDOSC: k_hat=3  ACC=0.9708  NMI=0.8960  ARI=0.9182  1.8s

=== P1E_S1_C2 test[0] k=3  dim=576  frames=134  σ=0.0  fold=7 ===
  BDOSC: k_hat=3  ACC=1.0000  NMI=1.0000  ARI=1.0000  1.1s

=== P1E_S1_C3 test[0] k=3  dim=576  frames=69  σ=0.0  fold=7 ===
  BDOSC: k_hat=3  ACC=0.9565  NMI=0.8541  ARI=0.8698  0.3s

=== P1E_S2_C1 test[0] k=3  dim=576  frames=153  σ=0.0  fold=7 ===
  BDOSC: k_hat=3  ACC=0.9216  NMI=0.8270  ARI=0.8015  1.4s

=== P1E_S2_C2 test[0] k=3  dim=576  frames=126  σ=0.0  fold=7 ===
  BDOSC: k_hat=3  ACC=0.5476  NMI=0.5716  ARI=0.4215  0.9s

=== P1E_S2_C3 test[0] k=3  dim=576  frames=89  σ=0.0  fold=7 ===
  BDOSC: k_hat=3  ACC=0.9775  NMI=0.9248  ARI=0.9383  0.5s

=== P1E_S3_C1 test[0] k=3  dim=576  frames=112  σ=0.0  fold=7 ===
  BDOSC: k_hat=3  ACC=1.0000  NMI=1.0000  ARI=1.0000  0.8s

=== P1E_S3_C2 test[0] k=3  dim=576  frames=114  σ=0.0  fold=7 ===
  BDOSC: k_hat=3  ACC=0.9298  NMI=0.8460  ARI=0.8665  0.8s

=== P1E_S3_C3 test[0] k=3  dim=576  frames=84  σ=0.0  fold=7 ===
  BDOSC: k_hat=3  ACC=0.9762  NMI=0.9062  ARI=0.9376  0.5s

=== P1E_S4_C1 test[0] k=3  dim=576  frames=145  σ=0.0  fold=7 ===
  BDOSC: k_hat=3  ACC=0.9931  NMI=0.9695  ARI=0.9805  1.2s

=== P1E_S4_C2 test[0] k=3  dim=576  frames=110  σ=0.0  fold=7 ===
  BDOSC: k_hat=3  ACC=0.9727  NMI=0.8980  ARI=0.9254  0.7s

=== P1E_S4_C3 test[0] k=3  dim=576  frames=79  σ=0.0  fold=7 ===
  BDOSC: k_hat=3  ACC=0.9873  NMI=0.9504  ARI=0.9609  0.4s

=== P1L_S1_C1 test[0] k=3  dim=576  frames=175  σ=0.0  fold=7 ===
  BDOSC: k_hat=3  ACC=0.5429  NMI=0.3496  ARI=0.1689  1.8s

=== P1L_S1_C2 test[0] k=3  dim=576  frames=168  σ=0.0  fold=7 ===
  BDOSC: k_hat=3  ACC=0.6190  NMI=0.5576  ARI=0.4286  1.6s

=== P1L_S1_C3 test[0] k=3  dim=576  frames=75  σ=0.0  fold=7 ===
  BDOSC: k_hat=3  ACC=1.0000  NMI=1.0000  ARI=1.0000  0.4s

=== P1L_S2_C1 test[0] k=3  dim=576  frames=133  σ=0.0  fold=7 ===
  BDOSC: k_hat=3  ACC=0.9774  NMI=0.9260  ARI=0.9549  1.1s

=== P1L_S2_C2 test[0] k=3  dim=576  frames=154  σ=0.0  fold=7 ===
  BDOSC: k_hat=3  ACC=0.5974  NMI=0.5835  ARI=0.4611  1.4s

=== P1L_S2_C3 test[0] k=3  dim=576  frames=99  σ=0.0  fold=7 ===
  BDOSC: k_hat=3  ACC=0.9899  NMI=0.9589  ARI=0.9711  0.6s

=== P1L_S3_C1 test[0] k=3  dim=576  frames=134  σ=0.0  fold=7 ===
  BDOSC: k_hat=3  ACC=0.8881  NMI=0.7174  ARI=0.7009  1.1s

=== P1L_S3_C2 test[0] k=3  dim=576  frames=136  σ=0.0  fold=7 ===
  BDOSC: k_hat=3  ACC=0.7279  NMI=0.4698  ARI=0.3100  1.1s

=== P1L_S3_C3 test[0] k=3  dim=576  frames=114  σ=0.0  fold=7 ===
  BDOSC: k_hat=3  ACC=0.6754  NMI=0.5200  ARI=0.3724  0.8s

=== P1L_S4_C1 test[0] k=3  dim=576  frames=202  σ=0.0  fold=7 ===
  BDOSC: k_hat=3  ACC=0.8911  NMI=0.7232  ARI=0.6948  2.4s

=== P1L_S4_C2 test[0] k=3  dim=576  frames=153  σ=0.0  fold=7 ===
  BDOSC: k_hat=3  ACC=0.6536  NMI=0.5149  ARI=0.3620  1.4s

=== P1L_S4_C3 test[0] k=3  dim=576  frames=107  σ=0.0  fold=7 ===
  BDOSC: k_hat=3  ACC=0.9813  NMI=0.9224  ARI=0.9474  0.7s

=== inference time per method ===
  BDOSC: mean=1.1759s  std=0.6180s  total=1806.1s  n=1536
wrote /nfs/turbo/umms-minjilab/lpullela/icassp_ssc_tv2/block_ssc_benchmark/cv/results/surveillance/split_k3_clean_min30_trials20_knownk_scaled_cv_bdosc_k3_sigma0_timing.json

=== mean over matrices ===
  BDOSC train σ=0.0: ACC=0.8537  NMI=0.7521  ARI=0.6929  n=1344
  BDOSC test σ=0.0: ACC=0.8537  NMI=0.7521  ARI=0.6929  n=192

wrote /nfs/turbo/umms-minjilab/lpullela/icassp_ssc_tv2/block_ssc_benchmark/cv/results/surveillance/split_k3_clean_min30_trials20_knownk_scaled_cv_bdosc_k3_sigma0.csv
end=Sun Sep  6 18:42:35 EDT 2026
Experiment completed!
