========================================
Job: cv_bdosc_k3_s0p25
Method: BDOSC  k: 3  sigma: 0.25  tune_pool_groups: 20
========================================
host=gl3142.arc-ts.umich.edu  python=/home/lpullela/miniconda3/envs/ssc_559/bin/python  start=Sun Sep  6 18:11:32 EDT 2026
Loading P1E_S1_C1
  Y: (576, 1236)  people=25  frames/person=[60, 61, 50, 48, 51, 35, 41, 56, 55, 49, 65, 50, 63, 38, 61, 48, 50, 49, 50, 30, 42, 60, 32, 39, 53]  min=30
Loading P1E_S1_C2
  Y: (576, 1031)  people=25  frames/person=[42, 48, 31, 35, 50, 45, 30, 32, 38, 40, 61, 41, 47, 33, 46, 36, 41, 45, 42, 36, 33, 50, 53, 33, 43]  min=30
Loading P1E_S1_C3
  Y: (576, 453)  people=25  frames/person=[15, 22, 16, 16, 17, 13, 14, 19, 14, 25, 26, 12, 21, 18, 22, 19, 13, 19, 16, 15, 8, 15, 30, 20, 28]  min=8
  warning: 24 people have fewer than 30 available frames (kept all)
Loading P1E_S2_C1
  Y: (576, 1256)  people=25  frames/person=[65, 50, 50, 51, 53, 48, 49, 60, 33, 48, 61, 58, 52, 32, 55, 35, 45, 53, 40, 53, 51, 65, 64, 42, 43]  min=32
Loading P1E_S2_C2
  Y: (576, 1042)  people=25  frames/person=[33, 48, 38, 41, 53, 36, 39, 47, 51, 36, 55, 44, 43, 25, 42, 41, 37, 45, 41, 38, 40, 54, 49, 33, 33]  min=25
  warning: 1 people have fewer than 30 available frames (kept all)
Loading P1E_S2_C3
  Y: (576, 816)  people=25  frames/person=[36, 33, 28, 32, 42, 37, 31, 36, 31, 23, 42, 36, 35, 20, 33, 33, 32, 32, 32, 29, 32, 42, 38, 27, 24]  min=20
  warning: 6 people have fewer than 30 available frames (kept all)
Loading P1E_S3_C1
  Y: (576, 1255)  people=25  frames/person=[43, 39, 47, 52, 58, 96, 42, 31, 79, 33, 67, 55, 44, 34, 40, 48, 54, 77, 45, 41, 46, 53, 56, 38, 37]  min=31
Loading P1E_S3_C2
  Y: (576, 1126)  people=25  frames/person=[57, 56, 35, 40, 49, 75, 34, 40, 70, 26, 65, 54, 43, 28, 32, 43, 48, 31, 36, 33, 42, 71, 57, 30, 31]  min=26
  warning: 2 people have fewer than 30 available frames (kept all)
Loading P1E_S3_C3
  Y: (576, 866)  people=25  frames/person=[43, 36, 24, 33, 37, 47, 29, 37, 55, 18, 40, 40, 31, 22, 30, 39, 35, 45, 30, 28, 30, 50, 42, 20, 25]  min=18
  warning: 7 people have fewer than 30 available frames (kept all)
Loading P1E_S4_C1
  Y: (576, 1247)  people=25  frames/person=[58, 54, 34, 56, 50, 59, 50, 56, 74, 38, 75, 35, 46, 31, 53, 40, 57, 32, 56, 33, 48, 67, 59, 48, 38]  min=31
Loading P1E_S4_C2
  Y: (576, 1051)  people=25  frames/person=[37, 37, 41, 46, 41, 49, 38, 45, 65, 30, 39, 48, 50, 34, 43, 36, 47, 52, 45, 37, 38, 50, 30, 37, 36]  min=30
Loading P1E_S4_C3
  Y: (576, 719)  people=25  frames/person=[28, 29, 22, 29, 24, 36, 31, 29, 33, 25, 37, 19, 28, 21, 25, 27, 25, 41, 27, 29, 26, 31, 45, 29, 23]  min=19
  warning: 18 people have fewer than 30 available frames (kept all)
Loading P1L_S1_C1
  Y: (576, 1391)  people=25  frames/person=[65, 68, 43, 64, 47, 40, 58, 33, 75, 41, 58, 72, 58, 49, 66, 67, 65, 43, 59, 57, 58, 51, 67, 32, 55]  min=32
Loading P1L_S1_C2
  Y: (576, 1309)  people=25  frames/person=[30, 65, 37, 63, 66, 54, 52, 52, 43, 49, 71, 49, 58, 48, 54, 66, 56, 36, 48, 49, 55, 66, 52, 39, 51]  min=30
Loading P1L_S1_C3
  Y: (576, 565)  people=25  frames/person=[27, 29, 20, 26, 19, 25, 22, 12, 28, 25, 20, 25, 23, 18, 21, 23, 25, 26, 23, 21, 18, 18, 30, 18, 23]  min=12
  warning: 24 people have fewer than 30 available frames (kept all)
Loading P1L_S2_C1
  Y: (576, 1470)  people=25  frames/person=[73, 68, 53, 64, 65, 41, 73, 55, 37, 31, 82, 75, 63, 45, 34, 48, 74, 84, 71, 64, 62, 65, 48, 33, 62]  min=31
Loading P1L_S2_C2
  Y: (576, 1393)  people=25  frames/person=[64, 65, 49, 62, 69, 69, 63, 61, 80, 34, 89, 57, 53, 52, 55, 38, 30, 30, 66, 36, 57, 51, 73, 41, 49]  min=30
Loading P1L_S2_C3
  Y: (576, 897)  people=25  frames/person=[40, 36, 29, 28, 35, 37, 36, 36, 50, 28, 55, 46, 34, 31, 35, 32, 30, 48, 37, 29, 36, 39, 45, 19, 26]  min=19
  warning: 6 people have fewer than 30 available frames (kept all)
Loading P1L_S3_C1
  Y: (576, 1329)  people=25  frames/person=[31, 33, 30, 51, 74, 75, 59, 65, 66, 43, 47, 39, 65, 50, 58, 71, 67, 36, 57, 35, 62, 31, 74, 59, 51]  min=30
Loading P1L_S3_C2
  Y: (576, 1472)  people=25  frames/person=[78, 38, 48, 51, 54, 71, 61, 71, 32, 50, 75, 38, 72, 63, 48, 67, 49, 87, 52, 56, 58, 85, 73, 56, 39]  min=32
Loading P1L_S3_C3
  Y: (576, 1105)  people=25  frames/person=[48, 44, 38, 38, 39, 45, 35, 55, 52, 26, 81, 39, 36, 36, 44, 54, 42, 61, 38, 31, 34, 53, 51, 44, 41]  min=26
  warning: 1 people have fewer than 30 available frames (kept all)
Loading P1L_S4_C1
  Y: (576, 1443)  people=25  frames/person=[50, 69, 44, 41, 78, 43, 32, 71, 45, 65, 59, 39, 56, 57, 68, 69, 70, 73, 51, 63, 47, 70, 57, 52, 74]  min=32
Loading P1L_S4_C2
  Y: (576, 1327)  people=25  frames/person=[71, 34, 39, 54, 63, 67, 52, 39, 52, 56, 59, 50, 51, 53, 63, 50, 71, 63, 48, 35, 31, 71, 43, 52, 60]  min=31
Loading P1L_S4_C3
  Y: (576, 880)  people=25  frames/person=[37, 41, 23, 26, 32, 34, 22, 32, 50, 29, 38, 44, 31, 34, 37, 39, 39, 39, 38, 26, 25, 50, 41, 33, 40]  min=22
  warning: 6 people have fewer than 30 available frames (kept all)
sequences=24  people=25  k=3
frames/person ~ Unif[30, 100]
down_hw=24  sigmas=(0.25,)  n_trials=20  known_k=True  csv=split_k3_sigmas_min30_trials20_knownk_cv_bdosc_k3_sigma0p25.csv
SSC-Block-TV block_size searched in [2, 12]
CV mode: 8 folds of size 3, each rotated as test
  1 people unused (remainder dropped)
  group 0: ['0006', '0013', '0022']
  group 1: ['0004', '0014', '0027']
  group 2: ['0009', '0019', '0026']
  group 3: ['0005', '0024', '0025']
  group 4: ['0001', '0011', '0023']
  group 5: ['0015', '0016', '0021']
  group 6: ['0007', '0010', '0020']
  group 7: ['0003', '0012', '0017']
methods=['BDOSC']  append=False  hetero_noise=False  no_tune=False
  tune_pool_groups=20: sampling from 22 held-in people (overlap allowed) instead of the 7 fixed partition group(s)

============================================================
σ=0.25 fold=0  test=['0006', '0013', '0022']  train mats=168  test mats=24  tune mats=480
  BDOSC: skip tuning, fixed lambda_1=0.2, lambda_2=1, gamma_1=0.01, p=1.1, max_iter=50
  wrote /nfs/turbo/umms-minjilab/lpullela/icassp_ssc_tv2/block_ssc_benchmark/cv/params/surveillance/split_k3_sigmas_min30_trials20_params_knownk_cv_bdosc_k3_sigma0p25_sigma0.25_fold0.json

=== P1E_S1_C1 train[0] k=3  dim=576  frames=153  σ=0.25  fold=0 ===
  BDOSC: k_hat=3  ACC=0.7582  NMI=0.5848  ARI=0.4899  4.0s

=== P1E_S1_C1 train[1] k=3  dim=576  frames=130  σ=0.25  fold=0 ===
  BDOSC: k_hat=3  ACC=0.9308  NMI=0.8347  ARI=0.8096  1.1s

=== P1E_S1_C1 train[2] k=3  dim=576  frames=140  σ=0.25  fold=0 ===
  BDOSC: k_hat=3  ACC=0.7643  NMI=0.6062  ARI=0.4510  1.3s

=== P1E_S1_C1 train[3] k=3  dim=576  frames=157  σ=0.25  fold=0 ===
  BDOSC: k_hat=3  ACC=0.8408  NMI=0.6517  ARI=0.5995  1.7s

=== P1E_S1_C1 train[4] k=3  dim=576  frames=151  σ=0.25  fold=0 ===
  BDOSC: k_hat=3  ACC=0.8146  NMI=0.6450  ARI=0.5839  1.5s

=== P1E_S1_C1 train[5] k=3  dim=576  frames=140  σ=0.25  fold=0 ===
  BDOSC: k_hat=3  ACC=0.7429  NMI=0.5443  ARI=0.4169  1.3s

=== P1E_S1_C1 train[6] k=3  dim=576  frames=171  σ=0.25  fold=0 ===
  BDOSC: k_hat=3  ACC=0.8012  NMI=0.6664  ARI=0.5913  2.0s

=== P1E_S1_C2 train[0] k=3  dim=576  frames=115  σ=0.25  fold=0 ===
  BDOSC: k_hat=3  ACC=0.7739  NMI=0.5856  ARI=0.4739  0.9s

=== P1E_S1_C2 train[1] k=3  dim=576  frames=104  σ=0.25  fold=0 ===
  BDOSC: k_hat=3  ACC=0.7308  NMI=0.5624  ARI=0.4284  0.8s

=== P1E_S1_C2 train[2] k=3  dim=576  frames=138  σ=0.25  fold=0 ===
  BDOSC: k_hat=3  ACC=0.8333  NMI=0.6560  ARI=0.5510  1.3s

=== P1E_S1_C2 train[3] k=3  dim=576  frames=113  σ=0.25  fold=0 ===
  BDOSC: k_hat=3  ACC=0.6549  NMI=0.5505  ARI=0.4150  0.9s

=== P1E_S1_C2 train[4] k=3  dim=576  frames=122  σ=0.25  fold=0 ===
  BDOSC: k_hat=3  ACC=0.9426  NMI=0.8377  ARI=0.8517  1.0s

=== P1E_S1_C2 train[5] k=3  dim=576  frames=122  σ=0.25  fold=0 ===
  BDOSC: k_hat=3  ACC=0.9508  NMI=0.8421  ARI=0.8626  1.0s

=== P1E_S1_C2 train[6] k=3  dim=576  frames=134  σ=0.25  fold=0 ===
  BDOSC: k_hat=3  ACC=0.7761  NMI=0.6060  ARI=0.5325  1.2s

=== P1E_S1_C3 train[0] k=3  dim=576  frames=56  σ=0.25  fold=0 ===
  BDOSC: k_hat=3  ACC=0.8929  NMI=0.7305  ARI=0.7463  0.3s

=== P1E_S1_C3 train[1] k=3  dim=576  frames=47  σ=0.25  fold=0 ===
  BDOSC: k_hat=3  ACC=0.7660  NMI=0.6380  ARI=0.4948  0.2s

=== P1E_S1_C3 train[2] k=3  dim=576  frames=61  σ=0.25  fold=0 ===
  BDOSC: k_hat=3  ACC=0.5902  NMI=0.5897  ARI=0.4424  0.3s

=== P1E_S1_C3 train[3] k=3  dim=576  frames=37  σ=0.25  fold=0 ===
  BDOSC: k_hat=3  ACC=0.9459  NMI=0.8233  ARI=0.8375  0.2s

=== P1E_S1_C3 train[4] k=3  dim=576  frames=55  σ=0.25  fold=0 ===
  BDOSC: k_hat=3  ACC=0.8727  NMI=0.7204  ARI=0.6568  0.3s

=== P1E_S1_C3 train[5] k=3  dim=576  frames=51  σ=0.25  fold=0 ===
  BDOSC: k_hat=3  ACC=0.9216  NMI=0.7675  ARI=0.7620  0.2s

=== P1E_S1_C3 train[6] k=3  dim=576  frames=69  σ=0.25  fold=0 ===
  BDOSC: k_hat=3  ACC=0.8696  NMI=0.7051  ARI=0.6603  0.4s

=== P1E_S2_C1 train[0] k=3  dim=576  frames=151  σ=0.25  fold=0 ===
  BDOSC: k_hat=3  ACC=0.5166  NMI=0.5534  ARI=0.3914  1.6s

=== P1E_S2_C1 train[1] k=3  dim=576  frames=136  σ=0.25  fold=0 ===
  BDOSC: k_hat=3  ACC=0.6250  NMI=0.3679  ARI=0.1583  1.2s

=== P1E_S2_C1 train[2] k=3  dim=576  frames=180  σ=0.25  fold=0 ===
  BDOSC: k_hat=3  ACC=0.9500  NMI=0.8532  ARI=0.8623  2.2s

=== P1E_S2_C1 train[3] k=3  dim=576  frames=149  σ=0.25  fold=0 ===
  BDOSC: k_hat=3  ACC=0.5906  NMI=0.5802  ARI=0.4546  1.5s

=== P1E_S2_C1 train[4] k=3  dim=576  frames=124  σ=0.25  fold=0 ===
  BDOSC: k_hat=3  ACC=0.5565  NMI=0.5884  ARI=0.4353  1.0s

=== P1E_S2_C1 train[5] k=3  dim=576  frames=161  σ=0.25  fold=0 ===
  BDOSC: k_hat=3  ACC=0.7329  NMI=0.5485  ARI=0.4253  1.7s

=== P1E_S2_C1 train[6] k=3  dim=576  frames=153  σ=0.25  fold=0 ===
  BDOSC: k_hat=3  ACC=0.7712  NMI=0.6029  ARI=0.4956  1.6s

=== P1E_S2_C2 train[0] k=3  dim=576  frames=115  σ=0.25  fold=0 ===
  BDOSC: k_hat=3  ACC=0.8783  NMI=0.6990  ARI=0.6691  0.9s

=== P1E_S2_C2 train[1] k=3  dim=576  frames=109  σ=0.25  fold=0 ===
  BDOSC: k_hat=3  ACC=0.8073  NMI=0.6157  ARI=0.5523  0.8s

=== P1E_S2_C2 train[2] k=3  dim=576  frames=144  σ=0.25  fold=0 ===
  BDOSC: k_hat=3  ACC=0.5833  NMI=0.5043  ARI=0.3552  1.4s

=== P1E_S2_C2 train[3] k=3  dim=576  frames=124  σ=0.25  fold=0 ===
  BDOSC: k_hat=3  ACC=0.7016  NMI=0.5256  ARI=0.3764  1.0s

=== P1E_S2_C2 train[4] k=3  dim=576  frames=109  σ=0.25  fold=0 ===
  BDOSC: k_hat=3  ACC=0.7615  NMI=0.5966  ARI=0.4808  0.8s

=== P1E_S2_C2 train[5] k=3  dim=576  frames=128  σ=0.25  fold=0 ===
  BDOSC: k_hat=3  ACC=0.7969  NMI=0.6189  ARI=0.5319  1.2s

=== P1E_S2_C2 train[6] k=3  dim=576  frames=126  σ=0.25  fold=0 ===
  BDOSC: k_hat=3  ACC=0.6825  NMI=0.4608  ARI=0.2672  1.1s

=== P1E_S2_C3 train[0] k=3  dim=576  frames=88  σ=0.25  fold=0 ===
  BDOSC: k_hat=3  ACC=0.6023  NMI=0.4887  ARI=0.3165  0.6s

=== P1E_S2_C3 train[1] k=3  dim=576  frames=90  σ=0.25  fold=0 ===
  BDOSC: k_hat=3  ACC=0.8889  NMI=0.7265  ARI=0.7075  0.6s

=== P1E_S2_C3 train[2] k=3  dim=576  frames=112  σ=0.25  fold=0 ===
  BDOSC: k_hat=3  ACC=0.5268  NMI=0.5454  ARI=0.3878  0.8s

=== P1E_S2_C3 train[3] k=3  dim=576  frames=99  σ=0.25  fold=0 ===
  BDOSC: k_hat=3  ACC=0.9596  NMI=0.8661  ARI=0.8865  0.7s

=== P1E_S2_C3 train[4] k=3  dim=576  frames=87  σ=0.25  fold=0 ===
  BDOSC: k_hat=3  ACC=0.6322  NMI=0.4167  ARI=0.1899  0.6s

=== P1E_S2_C3 train[5] k=3  dim=576  frames=105  σ=0.25  fold=0 ===
  BDOSC: k_hat=3  ACC=0.7238  NMI=0.5440  ARI=0.4346  0.8s

=== P1E_S2_C3 train[6] k=3  dim=576  frames=89  σ=0.25  fold=0 ===
  BDOSC: k_hat=3  ACC=0.5618  NMI=0.6067  ARI=0.4254  0.6s

=== P1E_S3_C1 train[0] k=3  dim=576  frames=139  σ=0.25  fold=0 ===
  BDOSC: k_hat=3  ACC=0.5899  NMI=0.5095  ARI=0.3490  1.3s

=== P1E_S3_C1 train[1] k=3  dim=576  frames=134  σ=0.25  fold=0 ===
  BDOSC: k_hat=3  ACC=0.7612  NMI=0.5877  ARI=0.4618  1.2s

=== P1E_S3_C1 train[2] k=3  dim=576  frames=161  σ=0.25  fold=0 ===
  BDOSC: k_hat=3  ACC=0.8571  NMI=0.6876  ARI=0.6553  1.7s

=== P1E_S3_C1 train[3] k=3  dim=576  frames=168  σ=0.25  fold=0 ===
  BDOSC: k_hat=3  ACC=0.5952  NMI=0.4723  ARI=0.2961  1.8s

=== P1E_S3_C1 train[4] k=3  dim=576  frames=123  σ=0.25  fold=0 ===
  BDOSC: k_hat=3  ACC=0.6911  NMI=0.4632  ARI=0.2708  1.0s

=== P1E_S3_C1 train[5] k=3  dim=576  frames=204  σ=0.25  fold=0 ===
  BDOSC: k_hat=3  ACC=0.9510  NMI=0.8397  ARI=0.8865  2.9s

=== P1E_S3_C1 train[6] k=3  dim=576  frames=112  σ=0.25  fold=0 ===
  BDOSC: k_hat=3  ACC=0.7411  NMI=0.5240  ARI=0.3714  0.9s

=== P1E_S3_C2 train[0] k=3  dim=576  frames=120  σ=0.25  fold=0 ===
  BDOSC: k_hat=3  ACC=0.7000  NMI=0.5244  ARI=0.3635  1.0s

=== P1E_S3_C2 train[1] k=3  dim=576  frames=112  σ=0.25  fold=0 ===
  BDOSC: k_hat=3  ACC=0.8571  NMI=0.6637  ARI=0.6114  0.9s

=== P1E_S3_C2 train[2] k=3  dim=576  frames=168  σ=0.25  fold=0 ===
  BDOSC: k_hat=3  ACC=0.9524  NMI=0.8367  ARI=0.8577  1.8s

=== P1E_S3_C2 train[3] k=3  dim=576  frames=169  σ=0.25  fold=0 ===
  BDOSC: k_hat=3  ACC=0.7751  NMI=0.5632  ARI=0.4684  1.9s

=== P1E_S3_C2 train[4] k=3  dim=576  frames=107  σ=0.25  fold=0 ===
  BDOSC: k_hat=3  ACC=0.9159  NMI=0.8240  ARI=0.8049  0.8s

=== P1E_S3_C2 train[5] k=3  dim=576  frames=146  σ=0.25  fold=0 ===
  BDOSC: k_hat=3  ACC=0.5685  NMI=0.5812  ARI=0.4353  1.5s

=== P1E_S3_C2 train[6] k=3  dim=576  frames=114  σ=0.25  fold=0 ===
  BDOSC: k_hat=3  ACC=0.6053  NMI=0.6421  ARI=0.4818  0.9s

=== P1E_S3_C3 train[0] k=3  dim=576  frames=89  σ=0.25  fold=0 ===
  BDOSC: k_hat=3  ACC=0.7528  NMI=0.6187  ARI=0.4620  0.6s

=== P1E_S3_C3 train[1] k=3  dim=576  frames=84  σ=0.25  fold=0 ===
  BDOSC: k_hat=3  ACC=0.9286  NMI=0.7840  ARI=0.7900  0.5s

=== P1E_S3_C3 train[2] k=3  dim=576  frames=125  σ=0.25  fold=0 ===
  BDOSC: k_hat=3  ACC=0.8640  NMI=0.6945  ARI=0.6353  1.0s

=== P1E_S3_C3 train[3] k=3  dim=576  frames=128  σ=0.25  fold=0 ===
  BDOSC: k_hat=3  ACC=0.6328  NMI=0.4741  ARI=0.3000  1.2s

=== P1E_S3_C3 train[4] k=3  dim=576  frames=83  σ=0.25  fold=0 ===
  BDOSC: k_hat=3  ACC=0.9277  NMI=0.7923  ARI=0.8098  0.5s

=== P1E_S3_C3 train[5] k=3  dim=576  frames=129  σ=0.25  fold=0 ===
  BDOSC: k_hat=3  ACC=0.5891  NMI=0.3512  ARI=0.1221  1.1s

=== P1E_S3_C3 train[6] k=3  dim=576  frames=84  σ=0.25  fold=0 ===
  BDOSC: k_hat=3  ACC=0.6071  NMI=0.5688  ARI=0.4593  0.5s

=== P1E_S4_C1 train[0] k=3  dim=576  frames=107  σ=0.25  fold=0 ===
  BDOSC: k_hat=3  ACC=0.7009  NMI=0.4532  ARI=0.2676  0.8s

=== P1E_S4_C1 train[1] k=3  dim=576  frames=155  σ=0.25  fold=0 ===
  BDOSC: k_hat=3  ACC=0.8258  NMI=0.7069  ARI=0.6177  1.6s

=== P1E_S4_C1 train[2] k=3  dim=576  frames=182  σ=0.25  fold=0 ===
  BDOSC: k_hat=3  ACC=0.9451  NMI=0.8330  ARI=0.8404  2.2s

=== P1E_S4_C1 train[3] k=3  dim=576  frames=180  σ=0.25  fold=0 ===
  BDOSC: k_hat=3  ACC=0.8833  NMI=0.7321  ARI=0.7043  2.1s

=== P1E_S4_C1 train[4] k=3  dim=576  frames=133  σ=0.25  fold=0 ===
  BDOSC: k_hat=3  ACC=0.8797  NMI=0.7421  ARI=0.7088  1.2s

=== P1E_S4_C1 train[5] k=3  dim=576  frames=147  σ=0.25  fold=0 ===
  BDOSC: k_hat=3  ACC=0.8707  NMI=0.6782  ARI=0.6644  1.5s

=== P1E_S4_C1 train[6] k=3  dim=576  frames=145  σ=0.25  fold=0 ===
  BDOSC: k_hat=3  ACC=0.5931  NMI=0.3658  ARI=0.1322  1.4s

=== P1E_S4_C2 train[0] k=3  dim=576  frames=125  σ=0.25  fold=0 ===
  BDOSC: k_hat=3  ACC=0.9040  NMI=0.7756  ARI=0.7500  1.0s

=== P1E_S4_C2 train[1] k=3  dim=576  frames=122  σ=0.25  fold=0 ===
  BDOSC: k_hat=3  ACC=0.9426  NMI=0.8530  ARI=0.8373  1.0s

=== P1E_S4_C2 train[2] k=3  dim=576  frames=126  σ=0.25  fold=0 ===
  BDOSC: k_hat=3  ACC=0.8968  NMI=0.7359  ARI=0.6924  1.0s

=== P1E_S4_C2 train[3] k=3  dim=576  frames=140  σ=0.25  fold=0 ===
  BDOSC: k_hat=3  ACC=0.7214  NMI=0.5604  ARI=0.4019  1.3s

=== P1E_S4_C2 train[4] k=3  dim=576  frames=129  σ=0.25  fold=0 ===
  BDOSC: k_hat=3  ACC=0.8915  NMI=0.7467  ARI=0.7406  1.1s

=== P1E_S4_C2 train[5] k=3  dim=576  frames=146  σ=0.25  fold=0 ===
  BDOSC: k_hat=3  ACC=0.8219  NMI=0.6605  ARI=0.6030  1.5s

=== P1E_S4_C2 train[6] k=3  dim=576  frames=110  σ=0.25  fold=0 ===
  BDOSC: k_hat=3  ACC=0.7455  NMI=0.6303  ARI=0.5216  0.8s

=== P1E_S4_C3 train[0] k=3  dim=576  frames=64  σ=0.25  fold=0 ===
  BDOSC: k_hat=3  ACC=0.8281  NMI=0.6574  ARI=0.5948  0.3s

=== P1E_S4_C3 train[1] k=3  dim=576  frames=85  σ=0.25  fold=0 ===
  BDOSC: k_hat=3  ACC=0.8118  NMI=0.7286  ARI=0.6071  0.6s

=== P1E_S4_C3 train[2] k=3  dim=576  frames=105  σ=0.25  fold=0 ===
  BDOSC: k_hat=3  ACC=0.7714  NMI=0.5997  ARI=0.4856  0.8s

=== P1E_S4_C3 train[3] k=3  dim=576  frames=87  σ=0.25  fold=0 ===
  BDOSC: k_hat=3  ACC=0.8161  NMI=0.5866  ARI=0.4881  0.6s

=== P1E_S4_C3 train[4] k=3  dim=576  frames=76  σ=0.25  fold=0 ===
  BDOSC: k_hat=3  ACC=0.8816  NMI=0.7306  ARI=0.7094  0.5s

=== P1E_S4_C3 train[5] k=3  dim=576  frames=106  σ=0.25  fold=0 ===
  BDOSC: k_hat=3  ACC=0.6792  NMI=0.4553  ARI=0.2547  0.8s

=== P1E_S4_C3 train[6] k=3  dim=576  frames=79  σ=0.25  fold=0 ===
  BDOSC: k_hat=3  ACC=0.9494  NMI=0.8427  ARI=0.8594  0.5s

=== P1L_S1_C1 train[0] k=3  dim=576  frames=170  σ=0.25  fold=0 ===
  BDOSC: k_hat=3  ACC=0.7529  NMI=0.5448  ARI=0.4301  1.9s

=== P1L_S1_C1 train[1] k=3  dim=576  frames=155  σ=0.25  fold=0 ===
  BDOSC: k_hat=3  ACC=0.6194  NMI=0.5885  ARI=0.4428  1.6s

=== P1L_S1_C1 train[2] k=3  dim=576  frames=182  σ=0.25  fold=0 ===
  BDOSC: k_hat=3  ACC=0.5989  NMI=0.5897  ARI=0.4243  2.1s

=== P1L_S1_C1 train[3] k=3  dim=576  frames=198  σ=0.25  fold=0 ===
  BDOSC: k_hat=3  ACC=0.6818  NMI=0.4392  ARI=0.2751  2.6s

=== P1L_S1_C1 train[4] k=3  dim=576  frames=166  σ=0.25  fold=0 ===
  BDOSC: k_hat=3  ACC=0.9036  NMI=0.7725  ARI=0.7572  1.9s

=== P1L_S1_C1 train[5] k=3  dim=576  frames=116  σ=0.25  fold=0 ===
  BDOSC: k_hat=3  ACC=0.7759  NMI=0.6079  ARI=0.5402  0.9s

=== P1L_S1_C1 train[6] k=3  dim=576  frames=175  σ=0.25  fold=0 ===
  BDOSC: k_hat=3  ACC=0.6229  NMI=0.5583  ARI=0.4631  2.1s

=== P1L_S1_C2 train[0] k=3  dim=576  frames=137  σ=0.25  fold=0 ===
  BDOSC: k_hat=3  ACC=0.7883  NMI=0.6509  ARI=0.5260  1.3s

=== P1L_S1_C2 train[1] k=3  dim=576  frames=147  σ=0.25  fold=0 ===
  BDOSC: k_hat=3  ACC=0.7891  NMI=0.6197  ARI=0.5066  1.5s

=== P1L_S1_C2 train[2] k=3  dim=576  frames=181  σ=0.25  fold=0 ===
  BDOSC: k_hat=3  ACC=0.8287  NMI=0.7001  ARI=0.5889  2.1s

=== P1L_S1_C2 train[3] k=3  dim=576  frames=128  σ=0.25  fold=0 ===
  BDOSC: k_hat=3  ACC=0.5625  NMI=0.6362  ARI=0.4585  1.2s

=== P1L_S1_C2 train[4] k=3  dim=576  frames=154  σ=0.25  fold=0 ===
  BDOSC: k_hat=3  ACC=0.6039  NMI=0.5268  ARI=0.4018  1.6s

=== P1L_S1_C2 train[5] k=3  dim=576  frames=142  σ=0.25  fold=0 ===
  BDOSC: k_hat=3  ACC=0.5563  NMI=0.4810  ARI=0.3175  1.3s

=== P1L_S1_C2 train[6] k=3  dim=576  frames=168  σ=0.25  fold=0 ===
  BDOSC: k_hat=3  ACC=0.6012  NMI=0.5251  ARI=0.3937  1.8s

=== P1L_S1_C3 train[0] k=3  dim=576  frames=68  σ=0.25  fold=0 ===
  BDOSC: k_hat=3  ACC=0.9559  NMI=0.8517  ARI=0.8663  0.3s

=== P1L_S1_C3 train[1] k=3  dim=576  frames=65  σ=0.25  fold=0 ===
  BDOSC: k_hat=3  ACC=0.8923  NMI=0.7222  ARI=0.6933  0.3s

=== P1L_S1_C3 train[2] k=3  dim=576  frames=74  σ=0.25  fold=0 ===
  BDOSC: k_hat=3  ACC=0.7973  NMI=0.5899  ARI=0.4784  0.4s

=== P1L_S1_C3 train[3] k=3  dim=576  frames=73  σ=0.25  fold=0 ===
  BDOSC: k_hat=3  ACC=0.9863  NMI=0.9480  ARI=0.9615  0.4s

=== P1L_S1_C3 train[4] k=3  dim=576  frames=64  σ=0.25  fold=0 ===
  BDOSC: k_hat=3  ACC=0.9844  NMI=0.9426  ARI=0.9548  0.3s

=== P1L_S1_C3 train[5] k=3  dim=576  frames=63  σ=0.25  fold=0 ===
  BDOSC: k_hat=3  ACC=0.7778  NMI=0.5924  ARI=0.4878  0.3s

=== P1L_S1_C3 train[6] k=3  dim=576  frames=75  σ=0.25  fold=0 ===
  BDOSC: k_hat=3  ACC=0.9733  NMI=0.8971  ARI=0.9210  0.4s

=== P1L_S2_C1 train[0] k=3  dim=576  frames=190  σ=0.25  fold=0 ===
  BDOSC: k_hat=3  ACC=0.6158  NMI=0.4987  ARI=0.3460  2.3s

=== P1L_S2_C1 train[1] k=3  dim=576  frames=180  σ=0.25  fold=0 ===
  BDOSC: k_hat=3  ACC=0.6944  NMI=0.4652  ARI=0.2913  2.1s

=== P1L_S2_C1 train[2] k=3  dim=576  frames=177  σ=0.25  fold=0 ===
  BDOSC: k_hat=3  ACC=0.7910  NMI=0.6087  ARI=0.5210  2.0s

=== P1L_S2_C1 train[3] k=3  dim=576  frames=172  σ=0.25  fold=0 ===
  BDOSC: k_hat=3  ACC=0.5872  NMI=0.4044  ARI=0.1901  2.0s

=== P1L_S2_C1 train[4] k=3  dim=576  frames=179  σ=0.25  fold=0 ===
  BDOSC: k_hat=3  ACC=0.6369  NMI=0.6350  ARI=0.4913  2.1s

=== P1L_S2_C1 train[5] k=3  dim=576  frames=180  σ=0.25  fold=0 ===
  BDOSC: k_hat=3  ACC=0.7000  NMI=0.5656  ARI=0.4662  2.2s

=== P1L_S2_C1 train[6] k=3  dim=576  frames=133  σ=0.25  fold=0 ===
  BDOSC: k_hat=3  ACC=0.6090  NMI=0.5494  ARI=0.4278  1.2s

=== P1L_S2_C2 train[0] k=3  dim=576  frames=155  σ=0.25  fold=0 ===
  BDOSC: k_hat=3  ACC=0.6645  NMI=0.3974  ARI=0.2135  1.6s

=== P1L_S2_C2 train[1] k=3  dim=576  frames=134  σ=0.25  fold=0 ===
  BDOSC: k_hat=3  ACC=0.7388  NMI=0.6857  ARI=0.5080  1.2s

=== P1L_S2_C2 train[2] k=3  dim=576  frames=186  σ=0.25  fold=0 ===
  BDOSC: k_hat=3  ACC=0.8065  NMI=0.6894  ARI=0.6331  2.3s

=== P1L_S2_C2 train[3] k=3  dim=576  frames=201  σ=0.25  fold=0 ===
  BDOSC: k_hat=3  ACC=0.7363  NMI=0.4708  ARI=0.3279  2.6s

=== P1L_S2_C2 train[4] k=3  dim=576  frames=171  σ=0.25  fold=0 ===
  BDOSC: k_hat=3  ACC=0.5439  NMI=0.6207  ARI=0.4452  2.0s

=== P1L_S2_C2 train[5] k=3  dim=576  frames=160  σ=0.25  fold=0 ===
  BDOSC: k_hat=3  ACC=0.9062  NMI=0.7778  ARI=0.7080  1.8s

=== P1L_S2_C2 train[6] k=3  dim=576  frames=154  σ=0.25  fold=0 ===
  BDOSC: k_hat=3  ACC=0.5584  NMI=0.3501  ARI=0.1109  1.6s

=== P1L_S2_C3 train[0] k=3  dim=576  frames=101  σ=0.25  fold=0 ===
  BDOSC: k_hat=3  ACC=0.9208  NMI=0.8105  ARI=0.7726  0.7s

=== P1L_S2_C3 train[1] k=3  dim=576  frames=85  σ=0.25  fold=0 ===
  BDOSC: k_hat=3  ACC=0.8235  NMI=0.6473  ARI=0.5959  0.6s

=== P1L_S2_C3 train[2] k=3  dim=576  frames=112  σ=0.25  fold=0 ===
  BDOSC: k_hat=3  ACC=0.9286  NMI=0.7874  ARI=0.7982  0.9s

=== P1L_S2_C3 train[3] k=3  dim=576  frames=126  σ=0.25  fold=0 ===
  BDOSC: k_hat=3  ACC=0.8413  NMI=0.7338  ARI=0.6082  1.0s

=== P1L_S2_C3 train[4] k=3  dim=576  frames=102  σ=0.25  fold=0 ===
  BDOSC: k_hat=3  ACC=0.5686  NMI=0.6595  ARI=0.4594  0.7s

=== P1L_S2_C3 train[5] k=3  dim=576  frames=121  σ=0.25  fold=0 ===
  BDOSC: k_hat=3  ACC=0.6694  NMI=0.4453  ARI=0.2441  1.0s

=== P1L_S2_C3 train[6] k=3  dim=576  frames=99  σ=0.25  fold=0 ===
  BDOSC: k_hat=3  ACC=0.8182  NMI=0.6087  ARI=0.5136  0.7s

=== P1L_S3_C1 train[0] k=3  dim=576  frames=120  σ=0.25  fold=0 ===
  BDOSC: k_hat=3  ACC=0.7500  NMI=0.5551  ARI=0.4897  1.0s

=== P1L_S3_C1 train[1] k=3  dim=576  frames=185  σ=0.25  fold=0 ===
  BDOSC: k_hat=3  ACC=0.7297  NMI=0.5439  ARI=0.4305  2.3s

=== P1L_S3_C1 train[2] k=3  dim=576  frames=156  σ=0.25  fold=0 ===
  BDOSC: k_hat=3  ACC=0.5897  NMI=0.6323  ARI=0.4742  1.6s

=== P1L_S3_C1 train[3] k=3  dim=576  frames=159  σ=0.25  fold=0 ===
  BDOSC: k_hat=3  ACC=0.6792  NMI=0.4390  ARI=0.2691  1.7s

=== P1L_S3_C1 train[4] k=3  dim=576  frames=172  σ=0.25  fold=0 ===
  BDOSC: k_hat=3  ACC=0.5814  NMI=0.3429  ARI=0.1167  2.0s

=== P1L_S3_C1 train[5] k=3  dim=576  frames=176  σ=0.25  fold=0 ===
  BDOSC: k_hat=3  ACC=0.9375  NMI=0.8057  ARI=0.8357  2.0s

=== P1L_S3_C1 train[6] k=3  dim=576  frames=134  σ=0.25  fold=0 ===
  BDOSC: k_hat=3  ACC=0.8433  NMI=0.6532  ARI=0.6119  1.2s

=== P1L_S3_C2 train[0] k=3  dim=576  frames=125  σ=0.25  fold=0 ===
  BDOSC: k_hat=3  ACC=0.7520  NMI=0.5278  ARI=0.3732  1.1s

=== P1L_S3_C2 train[1] k=3  dim=576  frames=166  σ=0.25  fold=0 ===
  BDOSC: k_hat=3  ACC=0.7590  NMI=0.5929  ARI=0.5102  1.9s

=== P1L_S3_C2 train[2] k=3  dim=576  frames=209  σ=0.25  fold=0 ===
  BDOSC: k_hat=3  ACC=0.9474  NMI=0.8284  ARI=0.8491  2.8s

=== P1L_S3_C2 train[3] k=3  dim=576  frames=168  σ=0.25  fold=0 ===
  BDOSC: k_hat=3  ACC=0.7917  NMI=0.7503  ARI=0.7085  1.8s

=== P1L_S3_C2 train[4] k=3  dim=576  frames=187  σ=0.25  fold=0 ===
  BDOSC: k_hat=3  ACC=0.7540  NMI=0.5883  ARI=0.4919  2.3s

=== P1L_S3_C2 train[5] k=3  dim=576  frames=229  σ=0.25  fold=0 ===
  BDOSC: k_hat=3  ACC=0.8646  NMI=0.7223  ARI=0.6687  3.5s

=== P1L_S3_C2 train[6] k=3  dim=576  frames=136  σ=0.25  fold=0 ===
  BDOSC: k_hat=3  ACC=0.7794  NMI=0.5404  ARI=0.4218  1.2s

=== P1L_S3_C3 train[0] k=3  dim=576  frames=118  σ=0.25  fold=0 ===
  BDOSC: k_hat=3  ACC=0.8559  NMI=0.7312  ARI=0.6670  0.9s

=== P1L_S3_C3 train[1] k=3  dim=576  frames=121  σ=0.25  fold=0 ===
  BDOSC: k_hat=3  ACC=0.9835  NMI=0.9402  ARI=0.9534  1.0s

=== P1L_S3_C3 train[2] k=3  dim=576  frames=142  σ=0.25  fold=0 ===
  BDOSC: k_hat=3  ACC=0.6620  NMI=0.3856  ARI=0.2030  1.3s

=== P1L_S3_C3 train[3] k=3  dim=576  frames=134  σ=0.25  fold=0 ===
  BDOSC: k_hat=3  ACC=0.7910  NMI=0.6006  ARI=0.4731  1.2s

=== P1L_S3_C3 train[4] k=3  dim=576  frames=110  σ=0.25  fold=0 ===
  BDOSC: k_hat=3  ACC=0.8545  NMI=0.6894  ARI=0.6443  0.8s

=== P1L_S3_C3 train[5] k=3  dim=576  frames=161  σ=0.25  fold=0 ===
  BDOSC: k_hat=3  ACC=0.6149  NMI=0.5088  ARI=0.3551  1.7s

=== P1L_S3_C3 train[6] k=3  dim=576  frames=114  σ=0.25  fold=0 ===
  BDOSC: k_hat=3  ACC=0.6316  NMI=0.5604  ARI=0.4750  0.9s

=== P1L_S4_C1 train[0] k=3  dim=576  frames=157  σ=0.25  fold=0 ===
  BDOSC: k_hat=3  ACC=0.7962  NMI=0.6173  ARI=0.6097  1.7s

=== P1L_S4_C1 train[1] k=3  dim=576  frames=154  σ=0.25  fold=0 ===
  BDOSC: k_hat=3  ACC=0.8052  NMI=0.5968  ARI=0.4945  1.6s

=== P1L_S4_C1 train[2] k=3  dim=576  frames=168  σ=0.25  fold=0 ===
  BDOSC: k_hat=3  ACC=0.6488  NMI=0.4767  ARI=0.3231  1.9s

=== P1L_S4_C1 train[3] k=3  dim=576  frames=142  σ=0.25  fold=0 ===
  BDOSC: k_hat=3  ACC=0.7042  NMI=0.4848  ARI=0.3140  1.4s

=== P1L_S4_C1 train[4] k=3  dim=576  frames=164  σ=0.25  fold=0 ===
  BDOSC: k_hat=3  ACC=1.0000  NMI=1.0000  ARI=1.0000  1.8s

=== P1L_S4_C1 train[5] k=3  dim=576  frames=187  σ=0.25  fold=0 ===
  BDOSC: k_hat=3  ACC=0.9305  NMI=0.7956  ARI=0.8157  2.3s

=== P1L_S4_C1 train[6] k=3  dim=576  frames=202  σ=0.25  fold=0 ===
  BDOSC: k_hat=3  ACC=0.7277  NMI=0.5800  ARI=0.4750  2.7s

=== P1L_S4_C2 train[0] k=3  dim=576  frames=149  σ=0.25  fold=0 ===
  BDOSC: k_hat=3  ACC=0.6040  NMI=0.6694  ARI=0.4822  1.5s

=== P1L_S4_C2 train[1] k=3  dim=576  frames=175  σ=0.25  fold=0 ===
  BDOSC: k_hat=3  ACC=0.7086  NMI=0.5163  ARI=0.3936  2.0s

=== P1L_S4_C2 train[2] k=3  dim=576  frames=168  σ=0.25  fold=0 ===
  BDOSC: k_hat=3  ACC=0.6726  NMI=0.3827  ARI=0.2337  1.9s

=== P1L_S4_C2 train[3] k=3  dim=576  frames=154  σ=0.25  fold=0 ===
  BDOSC: k_hat=3  ACC=0.8312  NMI=0.6454  ARI=0.6102  1.6s

=== P1L_S4_C2 train[4] k=3  dim=576  frames=152  σ=0.25  fold=0 ===
  BDOSC: k_hat=3  ACC=0.7763  NMI=0.5845  ARI=0.4947  1.6s

=== P1L_S4_C2 train[5] k=3  dim=576  frames=169  σ=0.25  fold=0 ===
  BDOSC: k_hat=3  ACC=0.5917  NMI=0.3821  ARI=0.1513  2.0s

=== P1L_S4_C2 train[6] k=3  dim=576  frames=153  σ=0.25  fold=0 ===
  BDOSC: k_hat=3  ACC=0.6013  NMI=0.4731  ARI=0.3077  1.6s

=== P1L_S4_C3 train[0] k=3  dim=576  frames=107  σ=0.25  fold=0 ===
  BDOSC: k_hat=3  ACC=0.8505  NMI=0.7204  ARI=0.5871  0.8s

=== P1L_S4_C3 train[1] k=3  dim=576  frames=94  σ=0.25  fold=0 ===
  BDOSC: k_hat=3  ACC=0.8723  NMI=0.7486  ARI=0.6387  0.6s

=== P1L_S4_C3 train[2] k=3  dim=576  frames=117  σ=0.25  fold=0 ===
  BDOSC: k_hat=3  ACC=0.8547  NMI=0.6999  ARI=0.5966  0.9s

=== P1L_S4_C3 train[3] k=3  dim=576  frames=112  σ=0.25  fold=0 ===
  BDOSC: k_hat=3  ACC=1.0000  NMI=1.0000  ARI=1.0000  0.8s

=== P1L_S4_C3 train[4] k=3  dim=576  frames=103  σ=0.25  fold=0 ===
  BDOSC: k_hat=3  ACC=0.8252  NMI=0.7260  ARI=0.5960  0.7s

=== P1L_S4_C3 train[5] k=3  dim=576  frames=105  σ=0.25  fold=0 ===
  BDOSC: k_hat=3  ACC=0.7810  NMI=0.6221  ARI=0.4968  0.8s

=== P1L_S4_C3 train[6] k=3  dim=576  frames=107  σ=0.25  fold=0 ===
  BDOSC: k_hat=3  ACC=0.7944  NMI=0.5951  ARI=0.4918  0.8s

=== P1E_S1_C1 test[0] k=3  dim=576  frames=146  σ=0.25  fold=0 ===
  BDOSC: k_hat=3  ACC=0.6233  NMI=0.4855  ARI=0.3168  1.5s

=== P1E_S1_C2 test[0] k=3  dim=576  frames=147  σ=0.25  fold=0 ===
  BDOSC: k_hat=3  ACC=0.8095  NMI=0.6730  ARI=0.5302  1.4s

=== P1E_S1_C3 test[0] k=3  dim=576  frames=58  σ=0.25  fold=0 ===
  BDOSC: k_hat=3  ACC=0.9483  NMI=0.8283  ARI=0.8385  0.3s

=== P1E_S2_C1 test[0] k=3  dim=576  frames=167  σ=0.25  fold=0 ===
  BDOSC: k_hat=3  ACC=0.5210  NMI=0.5656  ARI=0.3862  1.8s

=== P1E_S2_C2 test[0] k=3  dim=576  frames=146  σ=0.25  fold=0 ===
  BDOSC: k_hat=3  ACC=0.8562  NMI=0.6645  ARI=0.6324  1.5s

=== P1E_S2_C3 test[0] k=3  dim=576  frames=113  σ=0.25  fold=0 ===
  BDOSC: k_hat=3  ACC=0.7788  NMI=0.5838  ARI=0.4452  0.9s

=== P1E_S3_C1 test[0] k=3  dim=576  frames=166  σ=0.25  fold=0 ===
  BDOSC: k_hat=3  ACC=0.7771  NMI=0.6018  ARI=0.4766  1.9s

=== P1E_S3_C2 test[0] k=3  dim=576  frames=147  σ=0.25  fold=0 ===
  BDOSC: k_hat=3  ACC=0.7075  NMI=0.5396  ARI=0.3761  1.5s

=== P1E_S3_C3 test[0] k=3  dim=576  frames=105  σ=0.25  fold=0 ===
  BDOSC: k_hat=3  ACC=0.7905  NMI=0.5955  ARI=0.4936  0.8s

=== P1E_S4_C1 test[0] k=3  dim=576  frames=158  σ=0.25  fold=0 ===
  BDOSC: k_hat=3  ACC=0.8481  NMI=0.7223  ARI=0.6349  1.7s

=== P1E_S4_C2 test[0] k=3  dim=576  frames=117  σ=0.25  fold=0 ===
  BDOSC: k_hat=3  ACC=0.7778  NMI=0.5916  ARI=0.5126  1.0s

=== P1E_S4_C3 test[0] k=3  dim=576  frames=90  σ=0.25  fold=0 ===
  BDOSC: k_hat=3  ACC=0.9556  NMI=0.8514  ARI=0.8619  0.6s

=== P1L_S1_C1 test[0] k=3  dim=576  frames=162  σ=0.25  fold=0 ===
  BDOSC: k_hat=3  ACC=0.6790  NMI=0.5330  ARI=0.4006  1.7s

=== P1L_S1_C2 test[0] k=3  dim=576  frames=186  σ=0.25  fold=0 ===
  BDOSC: k_hat=3  ACC=0.5753  NMI=0.6274  ARI=0.4463  2.3s

=== P1L_S1_C3 test[0] k=3  dim=576  frames=60  σ=0.25  fold=0 ===
  BDOSC: k_hat=3  ACC=0.8667  NMI=0.6768  ARI=0.6166  0.3s

=== P1L_S2_C1 test[0] k=3  dim=576  frames=211  σ=0.25  fold=0 ===
  BDOSC: k_hat=3  ACC=0.6588  NMI=0.5422  ARI=0.3975  3.0s

=== P1L_S2_C2 test[0] k=3  dim=576  frames=194  σ=0.25  fold=0 ===
  BDOSC: k_hat=3  ACC=0.8763  NMI=0.7006  ARI=0.6351  2.4s

=== P1L_S2_C3 test[0] k=3  dim=576  frames=119  σ=0.25  fold=0 ===
  BDOSC: k_hat=3  ACC=0.7899  NMI=0.6364  ARI=0.4865  0.9s

=== P1L_S3_C1 test[0] k=3  dim=576  frames=156  σ=0.25  fold=0 ===
  BDOSC: k_hat=3  ACC=0.7628  NMI=0.6611  ARI=0.4535  1.6s

=== P1L_S3_C2 test[0] k=3  dim=576  frames=185  σ=0.25  fold=0 ===
  BDOSC: k_hat=3  ACC=0.8000  NMI=0.6179  ARI=0.5246  2.3s

=== P1L_S3_C3 test[0] k=3  dim=576  frames=151  σ=0.25  fold=0 ===
  BDOSC: k_hat=3  ACC=0.9470  NMI=0.8155  ARI=0.8381  1.5s

=== P1L_S4_C1 test[0] k=3  dim=576  frames=200  σ=0.25  fold=0 ===
  BDOSC: k_hat=3  ACC=0.6650  NMI=0.4512  ARI=0.2580  2.6s

=== P1L_S4_C2 test[0] k=3  dim=576  frames=157  σ=0.25  fold=0 ===
  BDOSC: k_hat=3  ACC=0.8280  NMI=0.7023  ARI=0.5585  1.7s

=== P1L_S4_C3 test[0] k=3  dim=576  frames=96  σ=0.25  fold=0 ===
  BDOSC: k_hat=3  ACC=1.0000  NMI=1.0000  ARI=1.0000  0.6s
  tune_pool_groups=20: sampling from 22 held-in people (overlap allowed) instead of the 7 fixed partition group(s)

============================================================
σ=0.25 fold=1  test=['0004', '0014', '0027']  train mats=168  test mats=24  tune mats=480
  BDOSC: skip tuning, fixed lambda_1=0.2, lambda_2=1, gamma_1=0.01, p=1.1, max_iter=50
  wrote /nfs/turbo/umms-minjilab/lpullela/icassp_ssc_tv2/block_ssc_benchmark/cv/params/surveillance/split_k3_sigmas_min30_trials20_params_knownk_cv_bdosc_k3_sigma0p25_sigma0.25_fold1.json

=== P1E_S1_C1 train[0] k=3  dim=576  frames=146  σ=0.25  fold=1 ===
  BDOSC: k_hat=3  ACC=0.6233  NMI=0.4855  ARI=0.3168  1.5s

=== P1E_S1_C1 train[1] k=3  dim=576  frames=130  σ=0.25  fold=1 ===
  BDOSC: k_hat=3  ACC=0.9308  NMI=0.8347  ARI=0.8096  1.1s

=== P1E_S1_C1 train[2] k=3  dim=576  frames=140  σ=0.25  fold=1 ===
  BDOSC: k_hat=3  ACC=0.7643  NMI=0.6062  ARI=0.4510  1.3s

=== P1E_S1_C1 train[3] k=3  dim=576  frames=157  σ=0.25  fold=1 ===
  BDOSC: k_hat=3  ACC=0.8408  NMI=0.6517  ARI=0.5995  1.6s

=== P1E_S1_C1 train[4] k=3  dim=576  frames=151  σ=0.25  fold=1 ===
  BDOSC: k_hat=3  ACC=0.8146  NMI=0.6450  ARI=0.5839  1.5s

=== P1E_S1_C1 train[5] k=3  dim=576  frames=140  σ=0.25  fold=1 ===
  BDOSC: k_hat=3  ACC=0.7429  NMI=0.5443  ARI=0.4169  1.3s

=== P1E_S1_C1 train[6] k=3  dim=576  frames=171  σ=0.25  fold=1 ===
  BDOSC: k_hat=3  ACC=0.8012  NMI=0.6664  ARI=0.5913  2.0s

=== P1E_S1_C2 train[0] k=3  dim=576  frames=147  σ=0.25  fold=1 ===
  BDOSC: k_hat=3  ACC=0.8095  NMI=0.6730  ARI=0.5302  1.4s

=== P1E_S1_C2 train[1] k=3  dim=576  frames=104  σ=0.25  fold=1 ===
  BDOSC: k_hat=3  ACC=0.7308  NMI=0.5624  ARI=0.4284  0.8s

=== P1E_S1_C2 train[2] k=3  dim=576  frames=138  σ=0.25  fold=1 ===
  BDOSC: k_hat=3  ACC=0.8333  NMI=0.6560  ARI=0.5510  1.3s

=== P1E_S1_C2 train[3] k=3  dim=576  frames=113  σ=0.25  fold=1 ===
  BDOSC: k_hat=3  ACC=0.6549  NMI=0.5505  ARI=0.4150  0.9s

=== P1E_S1_C2 train[4] k=3  dim=576  frames=122  σ=0.25  fold=1 ===
  BDOSC: k_hat=3  ACC=0.9426  NMI=0.8377  ARI=0.8517  1.0s

=== P1E_S1_C2 train[5] k=3  dim=576  frames=122  σ=0.25  fold=1 ===
  BDOSC: k_hat=3  ACC=0.9508  NMI=0.8421  ARI=0.8626  1.0s

=== P1E_S1_C2 train[6] k=3  dim=576  frames=134  σ=0.25  fold=1 ===
  BDOSC: k_hat=3  ACC=0.7761  NMI=0.6060  ARI=0.5325  1.2s

=== P1E_S1_C3 train[0] k=3  dim=576  frames=58  σ=0.25  fold=1 ===
  BDOSC: k_hat=3  ACC=0.9483  NMI=0.8283  ARI=0.8385  0.3s

=== P1E_S1_C3 train[1] k=3  dim=576  frames=47  σ=0.25  fold=1 ===
  BDOSC: k_hat=3  ACC=0.7660  NMI=0.6380  ARI=0.4948  0.2s

=== P1E_S1_C3 train[2] k=3  dim=576  frames=61  σ=0.25  fold=1 ===
  BDOSC: k_hat=3  ACC=0.5902  NMI=0.5897  ARI=0.4424  0.3s

=== P1E_S1_C3 train[3] k=3  dim=576  frames=37  σ=0.25  fold=1 ===
  BDOSC: k_hat=3  ACC=0.9459  NMI=0.8233  ARI=0.8375  0.2s

=== P1E_S1_C3 train[4] k=3  dim=576  frames=55  σ=0.25  fold=1 ===
  BDOSC: k_hat=3  ACC=0.8727  NMI=0.7204  ARI=0.6568  0.3s

=== P1E_S1_C3 train[5] k=3  dim=576  frames=51  σ=0.25  fold=1 ===
  BDOSC: k_hat=3  ACC=0.9216  NMI=0.7675  ARI=0.7620  0.2s

=== P1E_S1_C3 train[6] k=3  dim=576  frames=69  σ=0.25  fold=1 ===
  BDOSC: k_hat=3  ACC=0.8696  NMI=0.7051  ARI=0.6603  0.4s

=== P1E_S2_C1 train[0] k=3  dim=576  frames=167  σ=0.25  fold=1 ===
  BDOSC: k_hat=3  ACC=0.5210  NMI=0.5656  ARI=0.3862  1.8s

=== P1E_S2_C1 train[1] k=3  dim=576  frames=136  σ=0.25  fold=1 ===
  BDOSC: k_hat=3  ACC=0.6250  NMI=0.3679  ARI=0.1583  1.2s

=== P1E_S2_C1 train[2] k=3  dim=576  frames=180  σ=0.25  fold=1 ===
  BDOSC: k_hat=3  ACC=0.9500  NMI=0.8532  ARI=0.8623  2.1s

=== P1E_S2_C1 train[3] k=3  dim=576  frames=149  σ=0.25  fold=1 ===
  BDOSC: k_hat=3  ACC=0.5906  NMI=0.5802  ARI=0.4546  1.5s

=== P1E_S2_C1 train[4] k=3  dim=576  frames=124  σ=0.25  fold=1 ===
  BDOSC: k_hat=3  ACC=0.5565  NMI=0.5884  ARI=0.4353  1.0s

=== P1E_S2_C1 train[5] k=3  dim=576  frames=161  σ=0.25  fold=1 ===
  BDOSC: k_hat=3  ACC=0.7329  NMI=0.5485  ARI=0.4253  1.7s

=== P1E_S2_C1 train[6] k=3  dim=576  frames=153  σ=0.25  fold=1 ===
  BDOSC: k_hat=3  ACC=0.7712  NMI=0.6029  ARI=0.4956  1.6s

=== P1E_S2_C2 train[0] k=3  dim=576  frames=146  σ=0.25  fold=1 ===
  BDOSC: k_hat=3  ACC=0.8562  NMI=0.6645  ARI=0.6324  1.5s

=== P1E_S2_C2 train[1] k=3  dim=576  frames=109  σ=0.25  fold=1 ===
  BDOSC: k_hat=3  ACC=0.8073  NMI=0.6157  ARI=0.5523  0.8s

=== P1E_S2_C2 train[2] k=3  dim=576  frames=144  σ=0.25  fold=1 ===
  BDOSC: k_hat=3  ACC=0.5833  NMI=0.5043  ARI=0.3552  1.4s

=== P1E_S2_C2 train[3] k=3  dim=576  frames=124  σ=0.25  fold=1 ===
  BDOSC: k_hat=3  ACC=0.7016  NMI=0.5256  ARI=0.3764  1.0s

=== P1E_S2_C2 train[4] k=3  dim=576  frames=109  σ=0.25  fold=1 ===
  BDOSC: k_hat=3  ACC=0.7615  NMI=0.5966  ARI=0.4808  0.8s

=== P1E_S2_C2 train[5] k=3  dim=576  frames=128  σ=0.25  fold=1 ===
  BDOSC: k_hat=3  ACC=0.7969  NMI=0.6189  ARI=0.5319  1.2s

=== P1E_S2_C2 train[6] k=3  dim=576  frames=126  σ=0.25  fold=1 ===
  BDOSC: k_hat=3  ACC=0.6825  NMI=0.4608  ARI=0.2672  1.1s

=== P1E_S2_C3 train[0] k=3  dim=576  frames=113  σ=0.25  fold=1 ===
  BDOSC: k_hat=3  ACC=0.7788  NMI=0.5838  ARI=0.4452  0.9s

=== P1E_S2_C3 train[1] k=3  dim=576  frames=90  σ=0.25  fold=1 ===
  BDOSC: k_hat=3  ACC=0.8889  NMI=0.7265  ARI=0.7075  0.6s

=== P1E_S2_C3 train[2] k=3  dim=576  frames=112  σ=0.25  fold=1 ===
  BDOSC: k_hat=3  ACC=0.5268  NMI=0.5454  ARI=0.3878  0.8s

=== P1E_S2_C3 train[3] k=3  dim=576  frames=99  σ=0.25  fold=1 ===
  BDOSC: k_hat=3  ACC=0.9596  NMI=0.8661  ARI=0.8865  0.7s

=== P1E_S2_C3 train[4] k=3  dim=576  frames=87  σ=0.25  fold=1 ===
  BDOSC: k_hat=3  ACC=0.6322  NMI=0.4167  ARI=0.1899  0.6s

=== P1E_S2_C3 train[5] k=3  dim=576  frames=105  σ=0.25  fold=1 ===
  BDOSC: k_hat=3  ACC=0.7238  NMI=0.5440  ARI=0.4346  0.8s

=== P1E_S2_C3 train[6] k=3  dim=576  frames=89  σ=0.25  fold=1 ===
  BDOSC: k_hat=3  ACC=0.5618  NMI=0.6067  ARI=0.4254  0.6s

=== P1E_S3_C1 train[0] k=3  dim=576  frames=166  σ=0.25  fold=1 ===
  BDOSC: k_hat=3  ACC=0.7771  NMI=0.6018  ARI=0.4766  1.9s

=== P1E_S3_C1 train[1] k=3  dim=576  frames=134  σ=0.25  fold=1 ===
  BDOSC: k_hat=3  ACC=0.7612  NMI=0.5877  ARI=0.4618  1.2s

=== P1E_S3_C1 train[2] k=3  dim=576  frames=161  σ=0.25  fold=1 ===
  BDOSC: k_hat=3  ACC=0.8571  NMI=0.6876  ARI=0.6553  1.7s

=== P1E_S3_C1 train[3] k=3  dim=576  frames=168  σ=0.25  fold=1 ===
  BDOSC: k_hat=3  ACC=0.5952  NMI=0.4723  ARI=0.2961  1.8s

=== P1E_S3_C1 train[4] k=3  dim=576  frames=123  σ=0.25  fold=1 ===
  BDOSC: k_hat=3  ACC=0.6911  NMI=0.4632  ARI=0.2708  1.0s

=== P1E_S3_C1 train[5] k=3  dim=576  frames=204  σ=0.25  fold=1 ===
  BDOSC: k_hat=3  ACC=0.9510  NMI=0.8397  ARI=0.8865  2.9s

=== P1E_S3_C1 train[6] k=3  dim=576  frames=112  σ=0.25  fold=1 ===
  BDOSC: k_hat=3  ACC=0.7411  NMI=0.5240  ARI=0.3714  0.8s

=== P1E_S3_C2 train[0] k=3  dim=576  frames=147  σ=0.25  fold=1 ===
  BDOSC: k_hat=3  ACC=0.7075  NMI=0.5396  ARI=0.3761  1.4s

=== P1E_S3_C2 train[1] k=3  dim=576  frames=112  σ=0.25  fold=1 ===
  BDOSC: k_hat=3  ACC=0.8571  NMI=0.6637  ARI=0.6114  0.9s

=== P1E_S3_C2 train[2] k=3  dim=576  frames=168  σ=0.25  fold=1 ===
  BDOSC: k_hat=3  ACC=0.9524  NMI=0.8367  ARI=0.8577  1.8s

=== P1E_S3_C2 train[3] k=3  dim=576  frames=169  σ=0.25  fold=1 ===
  BDOSC: k_hat=3  ACC=0.7751  NMI=0.5632  ARI=0.4684  1.9s

=== P1E_S3_C2 train[4] k=3  dim=576  frames=107  σ=0.25  fold=1 ===
  BDOSC: k_hat=3  ACC=0.9159  NMI=0.8240  ARI=0.8049  0.8s

=== P1E_S3_C2 train[5] k=3  dim=576  frames=146  σ=0.25  fold=1 ===
  BDOSC: k_hat=3  ACC=0.5685  NMI=0.5812  ARI=0.4353  1.5s

=== P1E_S3_C2 train[6] k=3  dim=576  frames=114  σ=0.25  fold=1 ===
  BDOSC: k_hat=3  ACC=0.6053  NMI=0.6421  ARI=0.4818  0.9s

=== P1E_S3_C3 train[0] k=3  dim=576  frames=105  σ=0.25  fold=1 ===
  BDOSC: k_hat=3  ACC=0.7905  NMI=0.5955  ARI=0.4936  0.8s

=== P1E_S3_C3 train[1] k=3  dim=576  frames=84  σ=0.25  fold=1 ===
  BDOSC: k_hat=3  ACC=0.9286  NMI=0.7840  ARI=0.7900  0.5s

=== P1E_S3_C3 train[2] k=3  dim=576  frames=125  σ=0.25  fold=1 ===
  BDOSC: k_hat=3  ACC=0.8640  NMI=0.6945  ARI=0.6353  1.0s

=== P1E_S3_C3 train[3] k=3  dim=576  frames=128  σ=0.25  fold=1 ===
  BDOSC: k_hat=3  ACC=0.6328  NMI=0.4741  ARI=0.3000  1.2s

=== P1E_S3_C3 train[4] k=3  dim=576  frames=83  σ=0.25  fold=1 ===
  BDOSC: k_hat=3  ACC=0.9277  NMI=0.7923  ARI=0.8098  0.5s

=== P1E_S3_C3 train[5] k=3  dim=576  frames=129  σ=0.25  fold=1 ===
  BDOSC: k_hat=3  ACC=0.5891  NMI=0.3512  ARI=0.1221  1.1s

=== P1E_S3_C3 train[6] k=3  dim=576  frames=84  σ=0.25  fold=1 ===
  BDOSC: k_hat=3  ACC=0.6071  NMI=0.5688  ARI=0.4593  0.5s

=== P1E_S4_C1 train[0] k=3  dim=576  frames=158  σ=0.25  fold=1 ===
  BDOSC: k_hat=3  ACC=0.8481  NMI=0.7223  ARI=0.6349  1.7s

=== P1E_S4_C1 train[1] k=3  dim=576  frames=155  σ=0.25  fold=1 ===
  BDOSC: k_hat=3  ACC=0.8258  NMI=0.7069  ARI=0.6177  1.6s

=== P1E_S4_C1 train[2] k=3  dim=576  frames=182  σ=0.25  fold=1 ===
  BDOSC: k_hat=3  ACC=0.9451  NMI=0.8330  ARI=0.8404  2.2s

=== P1E_S4_C1 train[3] k=3  dim=576  frames=180  σ=0.25  fold=1 ===
  BDOSC: k_hat=3  ACC=0.8833  NMI=0.7321  ARI=0.7043  2.1s

=== P1E_S4_C1 train[4] k=3  dim=576  frames=133  σ=0.25  fold=1 ===
  BDOSC: k_hat=3  ACC=0.8797  NMI=0.7421  ARI=0.7088  1.2s

=== P1E_S4_C1 train[5] k=3  dim=576  frames=147  σ=0.25  fold=1 ===
  BDOSC: k_hat=3  ACC=0.8707  NMI=0.6782  ARI=0.6644  1.4s

=== P1E_S4_C1 train[6] k=3  dim=576  frames=145  σ=0.25  fold=1 ===
  BDOSC: k_hat=3  ACC=0.5931  NMI=0.3658  ARI=0.1322  1.4s

=== P1E_S4_C2 train[0] k=3  dim=576  frames=117  σ=0.25  fold=1 ===
  BDOSC: k_hat=3  ACC=0.7778  NMI=0.5916  ARI=0.5126  0.9s

=== P1E_S4_C2 train[1] k=3  dim=576  frames=122  σ=0.25  fold=1 ===
  BDOSC: k_hat=3  ACC=0.9426  NMI=0.8530  ARI=0.8373  1.0s

=== P1E_S4_C2 train[2] k=3  dim=576  frames=126  σ=0.25  fold=1 ===
  BDOSC: k_hat=3  ACC=0.8968  NMI=0.7359  ARI=0.6924  1.1s

=== P1E_S4_C2 train[3] k=3  dim=576  frames=140  σ=0.25  fold=1 ===
  BDOSC: k_hat=3  ACC=0.7214  NMI=0.5604  ARI=0.4019  1.3s

=== P1E_S4_C2 train[4] k=3  dim=576  frames=129  σ=0.25  fold=1 ===
  BDOSC: k_hat=3  ACC=0.8915  NMI=0.7467  ARI=0.7406  1.1s

=== P1E_S4_C2 train[5] k=3  dim=576  frames=146  σ=0.25  fold=1 ===
  BDOSC: k_hat=3  ACC=0.8219  NMI=0.6605  ARI=0.6030  1.5s

=== P1E_S4_C2 train[6] k=3  dim=576  frames=110  σ=0.25  fold=1 ===
  BDOSC: k_hat=3  ACC=0.7455  NMI=0.6303  ARI=0.5216  0.8s

=== P1E_S4_C3 train[0] k=3  dim=576  frames=90  σ=0.25  fold=1 ===
  BDOSC: k_hat=3  ACC=0.9556  NMI=0.8514  ARI=0.8619  0.6s

=== P1E_S4_C3 train[1] k=3  dim=576  frames=85  σ=0.25  fold=1 ===
  BDOSC: k_hat=3  ACC=0.8118  NMI=0.7286  ARI=0.6071  0.6s

=== P1E_S4_C3 train[2] k=3  dim=576  frames=105  σ=0.25  fold=1 ===
  BDOSC: k_hat=3  ACC=0.7714  NMI=0.5997  ARI=0.4856  0.8s

=== P1E_S4_C3 train[3] k=3  dim=576  frames=87  σ=0.25  fold=1 ===
  BDOSC: k_hat=3  ACC=0.8161  NMI=0.5866  ARI=0.4881  0.6s

=== P1E_S4_C3 train[4] k=3  dim=576  frames=76  σ=0.25  fold=1 ===
  BDOSC: k_hat=3  ACC=0.8816  NMI=0.7306  ARI=0.7094  0.5s

=== P1E_S4_C3 train[5] k=3  dim=576  frames=106  σ=0.25  fold=1 ===
  BDOSC: k_hat=3  ACC=0.6792  NMI=0.4553  ARI=0.2547  0.8s

=== P1E_S4_C3 train[6] k=3  dim=576  frames=79  σ=0.25  fold=1 ===
  BDOSC: k_hat=3  ACC=0.9494  NMI=0.8427  ARI=0.8594  0.5s

=== P1L_S1_C1 train[0] k=3  dim=576  frames=162  σ=0.25  fold=1 ===
  BDOSC: k_hat=3  ACC=0.6790  NMI=0.5330  ARI=0.4006  1.7s

=== P1L_S1_C1 train[1] k=3  dim=576  frames=155  σ=0.25  fold=1 ===
  BDOSC: k_hat=3  ACC=0.6194  NMI=0.5885  ARI=0.4428  1.6s

=== P1L_S1_C1 train[2] k=3  dim=576  frames=182  σ=0.25  fold=1 ===
  BDOSC: k_hat=3  ACC=0.5989  NMI=0.5897  ARI=0.4243  2.2s

=== P1L_S1_C1 train[3] k=3  dim=576  frames=198  σ=0.25  fold=1 ===
  BDOSC: k_hat=3  ACC=0.6818  NMI=0.4392  ARI=0.2751  2.6s

=== P1L_S1_C1 train[4] k=3  dim=576  frames=166  σ=0.25  fold=1 ===
  BDOSC: k_hat=3  ACC=0.9036  NMI=0.7725  ARI=0.7572  1.9s

=== P1L_S1_C1 train[5] k=3  dim=576  frames=116  σ=0.25  fold=1 ===
  BDOSC: k_hat=3  ACC=0.7759  NMI=0.6079  ARI=0.5402  0.9s

=== P1L_S1_C1 train[6] k=3  dim=576  frames=175  σ=0.25  fold=1 ===
  BDOSC: k_hat=3  ACC=0.6229  NMI=0.5583  ARI=0.4631  2.1s

=== P1L_S1_C2 train[0] k=3  dim=576  frames=186  σ=0.25  fold=1 ===
  BDOSC: k_hat=3  ACC=0.5753  NMI=0.6274  ARI=0.4463  2.3s

=== P1L_S1_C2 train[1] k=3  dim=576  frames=147  σ=0.25  fold=1 ===
  BDOSC: k_hat=3  ACC=0.7891  NMI=0.6197  ARI=0.5066  1.5s

=== P1L_S1_C2 train[2] k=3  dim=576  frames=181  σ=0.25  fold=1 ===
  BDOSC: k_hat=3  ACC=0.8287  NMI=0.7001  ARI=0.5889  2.2s

=== P1L_S1_C2 train[3] k=3  dim=576  frames=128  σ=0.25  fold=1 ===
  BDOSC: k_hat=3  ACC=0.5625  NMI=0.6362  ARI=0.4585  1.2s

=== P1L_S1_C2 train[4] k=3  dim=576  frames=154  σ=0.25  fold=1 ===
  BDOSC: k_hat=3  ACC=0.6039  NMI=0.5268  ARI=0.4018  1.6s

=== P1L_S1_C2 train[5] k=3  dim=576  frames=142  σ=0.25  fold=1 ===
  BDOSC: k_hat=3  ACC=0.5563  NMI=0.4810  ARI=0.3175  1.4s

=== P1L_S1_C2 train[6] k=3  dim=576  frames=168  σ=0.25  fold=1 ===
  BDOSC: k_hat=3  ACC=0.6012  NMI=0.5251  ARI=0.3937  1.9s

=== P1L_S1_C3 train[0] k=3  dim=576  frames=60  σ=0.25  fold=1 ===
  BDOSC: k_hat=3  ACC=0.8667  NMI=0.6768  ARI=0.6166  0.3s

=== P1L_S1_C3 train[1] k=3  dim=576  frames=65  σ=0.25  fold=1 ===
  BDOSC: k_hat=3  ACC=0.8923  NMI=0.7222  ARI=0.6933  0.3s

=== P1L_S1_C3 train[2] k=3  dim=576  frames=74  σ=0.25  fold=1 ===
  BDOSC: k_hat=3  ACC=0.7973  NMI=0.5899  ARI=0.4784  0.4s

=== P1L_S1_C3 train[3] k=3  dim=576  frames=73  σ=0.25  fold=1 ===
  BDOSC: k_hat=3  ACC=0.9863  NMI=0.9480  ARI=0.9615  0.4s

=== P1L_S1_C3 train[4] k=3  dim=576  frames=64  σ=0.25  fold=1 ===
  BDOSC: k_hat=3  ACC=0.9844  NMI=0.9426  ARI=0.9548  0.3s

=== P1L_S1_C3 train[5] k=3  dim=576  frames=63  σ=0.25  fold=1 ===
  BDOSC: k_hat=3  ACC=0.7778  NMI=0.5924  ARI=0.4878  0.3s

=== P1L_S1_C3 train[6] k=3  dim=576  frames=75  σ=0.25  fold=1 ===
  BDOSC: k_hat=3  ACC=0.9733  NMI=0.8971  ARI=0.9210  0.4s

=== P1L_S2_C1 train[0] k=3  dim=576  frames=211  σ=0.25  fold=1 ===
  BDOSC: k_hat=3  ACC=0.6588  NMI=0.5422  ARI=0.3975  3.0s

=== P1L_S2_C1 train[1] k=3  dim=576  frames=180  σ=0.25  fold=1 ===
  BDOSC: k_hat=3  ACC=0.6944  NMI=0.4652  ARI=0.2913  2.1s

=== P1L_S2_C1 train[2] k=3  dim=576  frames=177  σ=0.25  fold=1 ===
  BDOSC: k_hat=3  ACC=0.7910  NMI=0.6087  ARI=0.5210  2.0s

=== P1L_S2_C1 train[3] k=3  dim=576  frames=172  σ=0.25  fold=1 ===
  BDOSC: k_hat=3  ACC=0.5872  NMI=0.4044  ARI=0.1901  2.0s

=== P1L_S2_C1 train[4] k=3  dim=576  frames=179  σ=0.25  fold=1 ===
  BDOSC: k_hat=3  ACC=0.6369  NMI=0.6350  ARI=0.4913  2.0s

=== P1L_S2_C1 train[5] k=3  dim=576  frames=180  σ=0.25  fold=1 ===
  BDOSC: k_hat=3  ACC=0.7000  NMI=0.5656  ARI=0.4662  2.1s

=== P1L_S2_C1 train[6] k=3  dim=576  frames=133  σ=0.25  fold=1 ===
  BDOSC: k_hat=3  ACC=0.6090  NMI=0.5494  ARI=0.4278  1.2s

=== P1L_S2_C2 train[0] k=3  dim=576  frames=194  σ=0.25  fold=1 ===
  BDOSC: k_hat=3  ACC=0.8763  NMI=0.7006  ARI=0.6351  2.4s

=== P1L_S2_C2 train[1] k=3  dim=576  frames=134  σ=0.25  fold=1 ===
  BDOSC: k_hat=3  ACC=0.7388  NMI=0.6857  ARI=0.5080  1.2s

=== P1L_S2_C2 train[2] k=3  dim=576  frames=186  σ=0.25  fold=1 ===
  BDOSC: k_hat=3  ACC=0.8065  NMI=0.6894  ARI=0.6331  2.3s

=== P1L_S2_C2 train[3] k=3  dim=576  frames=201  σ=0.25  fold=1 ===
  BDOSC: k_hat=3  ACC=0.7363  NMI=0.4708  ARI=0.3279  2.7s

=== P1L_S2_C2 train[4] k=3  dim=576  frames=171  σ=0.25  fold=1 ===
  BDOSC: k_hat=3  ACC=0.5439  NMI=0.6207  ARI=0.4452  2.0s

=== P1L_S2_C2 train[5] k=3  dim=576  frames=160  σ=0.25  fold=1 ===
  BDOSC: k_hat=3  ACC=0.9062  NMI=0.7778  ARI=0.7080  1.7s

=== P1L_S2_C2 train[6] k=3  dim=576  frames=154  σ=0.25  fold=1 ===
  BDOSC: k_hat=3  ACC=0.5584  NMI=0.3501  ARI=0.1109  1.6s

=== P1L_S2_C3 train[0] k=3  dim=576  frames=119  σ=0.25  fold=1 ===
  BDOSC: k_hat=3  ACC=0.7899  NMI=0.6364  ARI=0.4865  0.9s

=== P1L_S2_C3 train[1] k=3  dim=576  frames=85  σ=0.25  fold=1 ===
  BDOSC: k_hat=3  ACC=0.8235  NMI=0.6473  ARI=0.5959  0.6s

=== P1L_S2_C3 train[2] k=3  dim=576  frames=112  σ=0.25  fold=1 ===
  BDOSC: k_hat=3  ACC=0.9286  NMI=0.7874  ARI=0.7982  0.9s

=== P1L_S2_C3 train[3] k=3  dim=576  frames=126  σ=0.25  fold=1 ===
  BDOSC: k_hat=3  ACC=0.8413  NMI=0.7338  ARI=0.6082  1.0s

=== P1L_S2_C3 train[4] k=3  dim=576  frames=102  σ=0.25  fold=1 ===
  BDOSC: k_hat=3  ACC=0.5686  NMI=0.6595  ARI=0.4594  0.7s

=== P1L_S2_C3 train[5] k=3  dim=576  frames=121  σ=0.25  fold=1 ===
  BDOSC: k_hat=3  ACC=0.6694  NMI=0.4453  ARI=0.2441  1.0s

=== P1L_S2_C3 train[6] k=3  dim=576  frames=99  σ=0.25  fold=1 ===
  BDOSC: k_hat=3  ACC=0.8182  NMI=0.6087  ARI=0.5136  0.7s

=== P1L_S3_C1 train[0] k=3  dim=576  frames=156  σ=0.25  fold=1 ===
  BDOSC: k_hat=3  ACC=0.7628  NMI=0.6611  ARI=0.4535  1.7s

=== P1L_S3_C1 train[1] k=3  dim=576  frames=185  σ=0.25  fold=1 ===
  BDOSC: k_hat=3  ACC=0.7297  NMI=0.5439  ARI=0.4305  2.3s

=== P1L_S3_C1 train[2] k=3  dim=576  frames=156  σ=0.25  fold=1 ===
  BDOSC: k_hat=3  ACC=0.5897  NMI=0.6323  ARI=0.4742  1.6s

=== P1L_S3_C1 train[3] k=3  dim=576  frames=159  σ=0.25  fold=1 ===
  BDOSC: k_hat=3  ACC=0.6792  NMI=0.4390  ARI=0.2691  1.7s

=== P1L_S3_C1 train[4] k=3  dim=576  frames=172  σ=0.25  fold=1 ===
  BDOSC: k_hat=3  ACC=0.5814  NMI=0.3429  ARI=0.1167  1.9s

=== P1L_S3_C1 train[5] k=3  dim=576  frames=176  σ=0.25  fold=1 ===
  BDOSC: k_hat=3  ACC=0.9375  NMI=0.8057  ARI=0.8357  2.0s

=== P1L_S3_C1 train[6] k=3  dim=576  frames=134  σ=0.25  fold=1 ===
  BDOSC: k_hat=3  ACC=0.8433  NMI=0.6532  ARI=0.6119  1.2s

=== P1L_S3_C2 train[0] k=3  dim=576  frames=185  σ=0.25  fold=1 ===
  BDOSC: k_hat=3  ACC=0.8000  NMI=0.6179  ARI=0.5246  2.2s

=== P1L_S3_C2 train[1] k=3  dim=576  frames=166  σ=0.25  fold=1 ===
  BDOSC: k_hat=3  ACC=0.7590  NMI=0.5929  ARI=0.5102  1.8s

=== P1L_S3_C2 train[2] k=3  dim=576  frames=209  σ=0.25  fold=1 ===
  BDOSC: k_hat=3  ACC=0.9474  NMI=0.8284  ARI=0.8491  2.8s

=== P1L_S3_C2 train[3] k=3  dim=576  frames=168  σ=0.25  fold=1 ===
  BDOSC: k_hat=3  ACC=0.7917  NMI=0.7503  ARI=0.7085  1.9s

=== P1L_S3_C2 train[4] k=3  dim=576  frames=187  σ=0.25  fold=1 ===
  BDOSC: k_hat=3  ACC=0.7540  NMI=0.5883  ARI=0.4919  2.3s

=== P1L_S3_C2 train[5] k=3  dim=576  frames=229  σ=0.25  fold=1 ===
  BDOSC: k_hat=3  ACC=0.8646  NMI=0.7223  ARI=0.6687  3.5s

=== P1L_S3_C2 train[6] k=3  dim=576  frames=136  σ=0.25  fold=1 ===
  BDOSC: k_hat=3  ACC=0.7794  NMI=0.5404  ARI=0.4218  1.2s

=== P1L_S3_C3 train[0] k=3  dim=576  frames=151  σ=0.25  fold=1 ===
  BDOSC: k_hat=3  ACC=0.9470  NMI=0.8155  ARI=0.8381  1.5s

=== P1L_S3_C3 train[1] k=3  dim=576  frames=121  σ=0.25  fold=1 ===
  BDOSC: k_hat=3  ACC=0.9835  NMI=0.9402  ARI=0.9534  1.0s

=== P1L_S3_C3 train[2] k=3  dim=576  frames=142  σ=0.25  fold=1 ===
  BDOSC: k_hat=3  ACC=0.6620  NMI=0.3856  ARI=0.2030  1.3s

=== P1L_S3_C3 train[3] k=3  dim=576  frames=134  σ=0.25  fold=1 ===
  BDOSC: k_hat=3  ACC=0.7910  NMI=0.6006  ARI=0.4731  1.2s

=== P1L_S3_C3 train[4] k=3  dim=576  frames=110  σ=0.25  fold=1 ===
  BDOSC: k_hat=3  ACC=0.8545  NMI=0.6894  ARI=0.6443  0.8s

=== P1L_S3_C3 train[5] k=3  dim=576  frames=161  σ=0.25  fold=1 ===
  BDOSC: k_hat=3  ACC=0.6149  NMI=0.5088  ARI=0.3551  1.7s

=== P1L_S3_C3 train[6] k=3  dim=576  frames=114  σ=0.25  fold=1 ===
  BDOSC: k_hat=3  ACC=0.6316  NMI=0.5604  ARI=0.4750  0.9s

=== P1L_S4_C1 train[0] k=3  dim=576  frames=200  σ=0.25  fold=1 ===
  BDOSC: k_hat=3  ACC=0.6650  NMI=0.4512  ARI=0.2580  2.6s

=== P1L_S4_C1 train[1] k=3  dim=576  frames=154  σ=0.25  fold=1 ===
  BDOSC: k_hat=3  ACC=0.8052  NMI=0.5968  ARI=0.4945  1.6s

=== P1L_S4_C1 train[2] k=3  dim=576  frames=168  σ=0.25  fold=1 ===
  BDOSC: k_hat=3  ACC=0.6488  NMI=0.4767  ARI=0.3231  1.8s

=== P1L_S4_C1 train[3] k=3  dim=576  frames=142  σ=0.25  fold=1 ===
  BDOSC: k_hat=3  ACC=0.7042  NMI=0.4848  ARI=0.3140  1.4s

=== P1L_S4_C1 train[4] k=3  dim=576  frames=164  σ=0.25  fold=1 ===
  BDOSC: k_hat=3  ACC=1.0000  NMI=1.0000  ARI=1.0000  1.8s

=== P1L_S4_C1 train[5] k=3  dim=576  frames=187  σ=0.25  fold=1 ===
  BDOSC: k_hat=3  ACC=0.9305  NMI=0.7956  ARI=0.8157  2.3s

=== P1L_S4_C1 train[6] k=3  dim=576  frames=202  σ=0.25  fold=1 ===
  BDOSC: k_hat=3  ACC=0.7277  NMI=0.5800  ARI=0.4750  2.7s

=== P1L_S4_C2 train[0] k=3  dim=576  frames=157  σ=0.25  fold=1 ===
  BDOSC: k_hat=3  ACC=0.8280  NMI=0.7023  ARI=0.5585  1.7s

=== P1L_S4_C2 train[1] k=3  dim=576  frames=175  σ=0.25  fold=1 ===
  BDOSC: k_hat=3  ACC=0.7086  NMI=0.5163  ARI=0.3936  2.0s

=== P1L_S4_C2 train[2] k=3  dim=576  frames=168  σ=0.25  fold=1 ===
  BDOSC: k_hat=3  ACC=0.6726  NMI=0.3827  ARI=0.2337  1.9s

=== P1L_S4_C2 train[3] k=3  dim=576  frames=154  σ=0.25  fold=1 ===
  BDOSC: k_hat=3  ACC=0.8312  NMI=0.6454  ARI=0.6102  1.6s

=== P1L_S4_C2 train[4] k=3  dim=576  frames=152  σ=0.25  fold=1 ===
  BDOSC: k_hat=3  ACC=0.7763  NMI=0.5845  ARI=0.4947  1.6s

=== P1L_S4_C2 train[5] k=3  dim=576  frames=169  σ=0.25  fold=1 ===
  BDOSC: k_hat=3  ACC=0.5917  NMI=0.3821  ARI=0.1513  1.9s

=== P1L_S4_C2 train[6] k=3  dim=576  frames=153  σ=0.25  fold=1 ===
  BDOSC: k_hat=3  ACC=0.6013  NMI=0.4731  ARI=0.3077  1.6s

=== P1L_S4_C3 train[0] k=3  dim=576  frames=96  σ=0.25  fold=1 ===
  BDOSC: k_hat=3  ACC=1.0000  NMI=1.0000  ARI=1.0000  0.7s

=== P1L_S4_C3 train[1] k=3  dim=576  frames=94  σ=0.25  fold=1 ===
  BDOSC: k_hat=3  ACC=0.8723  NMI=0.7486  ARI=0.6387  0.6s

=== P1L_S4_C3 train[2] k=3  dim=576  frames=117  σ=0.25  fold=1 ===
  BDOSC: k_hat=3  ACC=0.8547  NMI=0.6999  ARI=0.5966  0.9s

=== P1L_S4_C3 train[3] k=3  dim=576  frames=112  σ=0.25  fold=1 ===
  BDOSC: k_hat=3  ACC=1.0000  NMI=1.0000  ARI=1.0000  0.8s

=== P1L_S4_C3 train[4] k=3  dim=576  frames=103  σ=0.25  fold=1 ===
  BDOSC: k_hat=3  ACC=0.8252  NMI=0.7260  ARI=0.5960  0.8s

=== P1L_S4_C3 train[5] k=3  dim=576  frames=105  σ=0.25  fold=1 ===
  BDOSC: k_hat=3  ACC=0.7810  NMI=0.6221  ARI=0.4968  0.8s

=== P1L_S4_C3 train[6] k=3  dim=576  frames=107  σ=0.25  fold=1 ===
  BDOSC: k_hat=3  ACC=0.7944  NMI=0.5951  ARI=0.4918  0.8s

=== P1E_S1_C1 test[0] k=3  dim=576  frames=153  σ=0.25  fold=1 ===
  BDOSC: k_hat=3  ACC=0.7582  NMI=0.5848  ARI=0.4899  1.6s

=== P1E_S1_C2 test[0] k=3  dim=576  frames=115  σ=0.25  fold=1 ===
  BDOSC: k_hat=3  ACC=0.7739  NMI=0.5856  ARI=0.4739  0.9s

=== P1E_S1_C3 test[0] k=3  dim=576  frames=56  σ=0.25  fold=1 ===
  BDOSC: k_hat=3  ACC=0.8929  NMI=0.7305  ARI=0.7463  0.3s

=== P1E_S2_C1 test[0] k=3  dim=576  frames=151  σ=0.25  fold=1 ===
  BDOSC: k_hat=3  ACC=0.5166  NMI=0.5534  ARI=0.3914  1.5s

=== P1E_S2_C2 test[0] k=3  dim=576  frames=115  σ=0.25  fold=1 ===
  BDOSC: k_hat=3  ACC=0.8783  NMI=0.6990  ARI=0.6691  0.9s

=== P1E_S2_C3 test[0] k=3  dim=576  frames=88  σ=0.25  fold=1 ===
  BDOSC: k_hat=3  ACC=0.6023  NMI=0.4887  ARI=0.3165  0.6s

=== P1E_S3_C1 test[0] k=3  dim=576  frames=139  σ=0.25  fold=1 ===
  BDOSC: k_hat=3  ACC=0.5899  NMI=0.5095  ARI=0.3490  1.3s

=== P1E_S3_C2 test[0] k=3  dim=576  frames=120  σ=0.25  fold=1 ===
  BDOSC: k_hat=3  ACC=0.7000  NMI=0.5244  ARI=0.3635  1.0s

=== P1E_S3_C3 test[0] k=3  dim=576  frames=89  σ=0.25  fold=1 ===
  BDOSC: k_hat=3  ACC=0.7528  NMI=0.6187  ARI=0.4620  0.6s

=== P1E_S4_C1 test[0] k=3  dim=576  frames=107  σ=0.25  fold=1 ===
  BDOSC: k_hat=3  ACC=0.7009  NMI=0.4532  ARI=0.2676  0.8s

=== P1E_S4_C2 test[0] k=3  dim=576  frames=125  σ=0.25  fold=1 ===
  BDOSC: k_hat=3  ACC=0.9040  NMI=0.7756  ARI=0.7500  1.0s

=== P1E_S4_C3 test[0] k=3  dim=576  frames=64  σ=0.25  fold=1 ===
  BDOSC: k_hat=3  ACC=0.8281  NMI=0.6574  ARI=0.5948  0.3s

=== P1L_S1_C1 test[0] k=3  dim=576  frames=170  σ=0.25  fold=1 ===
  BDOSC: k_hat=3  ACC=0.7529  NMI=0.5448  ARI=0.4301  1.9s

=== P1L_S1_C2 test[0] k=3  dim=576  frames=137  σ=0.25  fold=1 ===
  BDOSC: k_hat=3  ACC=0.7883  NMI=0.6509  ARI=0.5260  1.3s

=== P1L_S1_C3 test[0] k=3  dim=576  frames=68  σ=0.25  fold=1 ===
  BDOSC: k_hat=3  ACC=0.9559  NMI=0.8517  ARI=0.8663  0.3s

=== P1L_S2_C1 test[0] k=3  dim=576  frames=190  σ=0.25  fold=1 ===
  BDOSC: k_hat=3  ACC=0.6158  NMI=0.4987  ARI=0.3460  2.3s

=== P1L_S2_C2 test[0] k=3  dim=576  frames=155  σ=0.25  fold=1 ===
  BDOSC: k_hat=3  ACC=0.6645  NMI=0.3974  ARI=0.2135  1.6s

=== P1L_S2_C3 test[0] k=3  dim=576  frames=101  σ=0.25  fold=1 ===
  BDOSC: k_hat=3  ACC=0.9208  NMI=0.8105  ARI=0.7726  0.7s

=== P1L_S3_C1 test[0] k=3  dim=576  frames=120  σ=0.25  fold=1 ===
  BDOSC: k_hat=3  ACC=0.7500  NMI=0.5551  ARI=0.4897  1.0s

=== P1L_S3_C2 test[0] k=3  dim=576  frames=125  σ=0.25  fold=1 ===
  BDOSC: k_hat=3  ACC=0.7520  NMI=0.5278  ARI=0.3732  1.0s

=== P1L_S3_C3 test[0] k=3  dim=576  frames=118  σ=0.25  fold=1 ===
  BDOSC: k_hat=3  ACC=0.8559  NMI=0.7312  ARI=0.6670  0.9s

=== P1L_S4_C1 test[0] k=3  dim=576  frames=157  σ=0.25  fold=1 ===
  BDOSC: k_hat=3  ACC=0.7962  NMI=0.6173  ARI=0.6097  1.7s

=== P1L_S4_C2 test[0] k=3  dim=576  frames=149  σ=0.25  fold=1 ===
  BDOSC: k_hat=3  ACC=0.6040  NMI=0.6694  ARI=0.4822  1.5s

=== P1L_S4_C3 test[0] k=3  dim=576  frames=107  σ=0.25  fold=1 ===
  BDOSC: k_hat=3  ACC=0.8505  NMI=0.7204  ARI=0.5871  0.8s
  tune_pool_groups=20: sampling from 22 held-in people (overlap allowed) instead of the 7 fixed partition group(s)

============================================================
σ=0.25 fold=2  test=['0009', '0019', '0026']  train mats=168  test mats=24  tune mats=480
  BDOSC: skip tuning, fixed lambda_1=0.2, lambda_2=1, gamma_1=0.01, p=1.1, max_iter=50
  wrote /nfs/turbo/umms-minjilab/lpullela/icassp_ssc_tv2/block_ssc_benchmark/cv/params/surveillance/split_k3_sigmas_min30_trials20_params_knownk_cv_bdosc_k3_sigma0p25_sigma0.25_fold2.json

=== P1E_S1_C1 train[0] k=3  dim=576  frames=146  σ=0.25  fold=2 ===
  BDOSC: k_hat=3  ACC=0.6233  NMI=0.4855  ARI=0.3168  1.5s

=== P1E_S1_C1 train[1] k=3  dim=576  frames=153  σ=0.25  fold=2 ===
  BDOSC: k_hat=3  ACC=0.7582  NMI=0.5848  ARI=0.4899  1.6s

=== P1E_S1_C1 train[2] k=3  dim=576  frames=140  σ=0.25  fold=2 ===
  BDOSC: k_hat=3  ACC=0.7643  NMI=0.6062  ARI=0.4510  1.3s

=== P1E_S1_C1 train[3] k=3  dim=576  frames=157  σ=0.25  fold=2 ===
  BDOSC: k_hat=3  ACC=0.8408  NMI=0.6517  ARI=0.5995  1.6s

=== P1E_S1_C1 train[4] k=3  dim=576  frames=151  σ=0.25  fold=2 ===
  BDOSC: k_hat=3  ACC=0.8146  NMI=0.6450  ARI=0.5839  1.5s

=== P1E_S1_C1 train[5] k=3  dim=576  frames=140  σ=0.25  fold=2 ===
  BDOSC: k_hat=3  ACC=0.7429  NMI=0.5443  ARI=0.4169  1.3s

=== P1E_S1_C1 train[6] k=3  dim=576  frames=171  σ=0.25  fold=2 ===
  BDOSC: k_hat=3  ACC=0.8012  NMI=0.6664  ARI=0.5913  2.0s

=== P1E_S1_C2 train[0] k=3  dim=576  frames=147  σ=0.25  fold=2 ===
  BDOSC: k_hat=3  ACC=0.8095  NMI=0.6730  ARI=0.5302  1.4s

=== P1E_S1_C2 train[1] k=3  dim=576  frames=115  σ=0.25  fold=2 ===
  BDOSC: k_hat=3  ACC=0.7739  NMI=0.5856  ARI=0.4739  0.9s

=== P1E_S1_C2 train[2] k=3  dim=576  frames=138  σ=0.25  fold=2 ===
  BDOSC: k_hat=3  ACC=0.8333  NMI=0.6560  ARI=0.5510  1.2s

=== P1E_S1_C2 train[3] k=3  dim=576  frames=113  σ=0.25  fold=2 ===
  BDOSC: k_hat=3  ACC=0.6549  NMI=0.5505  ARI=0.4150  0.9s

=== P1E_S1_C2 train[4] k=3  dim=576  frames=122  σ=0.25  fold=2 ===
  BDOSC: k_hat=3  ACC=0.9426  NMI=0.8377  ARI=0.8517  1.0s

=== P1E_S1_C2 train[5] k=3  dim=576  frames=122  σ=0.25  fold=2 ===
  BDOSC: k_hat=3  ACC=0.9508  NMI=0.8421  ARI=0.8626  1.0s

=== P1E_S1_C2 train[6] k=3  dim=576  frames=134  σ=0.25  fold=2 ===
  BDOSC: k_hat=3  ACC=0.7761  NMI=0.6060  ARI=0.5325  1.2s

=== P1E_S1_C3 train[0] k=3  dim=576  frames=58  σ=0.25  fold=2 ===
  BDOSC: k_hat=3  ACC=0.9483  NMI=0.8283  ARI=0.8385  0.3s

=== P1E_S1_C3 train[1] k=3  dim=576  frames=56  σ=0.25  fold=2 ===
  BDOSC: k_hat=3  ACC=0.8929  NMI=0.7305  ARI=0.7463  0.3s

=== P1E_S1_C3 train[2] k=3  dim=576  frames=61  σ=0.25  fold=2 ===
  BDOSC: k_hat=3  ACC=0.5902  NMI=0.5897  ARI=0.4424  0.3s

=== P1E_S1_C3 train[3] k=3  dim=576  frames=37  σ=0.25  fold=2 ===
  BDOSC: k_hat=3  ACC=0.9459  NMI=0.8233  ARI=0.8375  0.2s

=== P1E_S1_C3 train[4] k=3  dim=576  frames=55  σ=0.25  fold=2 ===
  BDOSC: k_hat=3  ACC=0.8727  NMI=0.7204  ARI=0.6568  0.3s

=== P1E_S1_C3 train[5] k=3  dim=576  frames=51  σ=0.25  fold=2 ===
  BDOSC: k_hat=3  ACC=0.9216  NMI=0.7675  ARI=0.7620  0.2s

=== P1E_S1_C3 train[6] k=3  dim=576  frames=69  σ=0.25  fold=2 ===
  BDOSC: k_hat=3  ACC=0.8696  NMI=0.7051  ARI=0.6603  0.4s

=== P1E_S2_C1 train[0] k=3  dim=576  frames=167  σ=0.25  fold=2 ===
  BDOSC: k_hat=3  ACC=0.5210  NMI=0.5656  ARI=0.3862  1.9s

=== P1E_S2_C1 train[1] k=3  dim=576  frames=151  σ=0.25  fold=2 ===
  BDOSC: k_hat=3  ACC=0.5166  NMI=0.5534  ARI=0.3914  1.5s

=== P1E_S2_C1 train[2] k=3  dim=576  frames=180  σ=0.25  fold=2 ===
  BDOSC: k_hat=3  ACC=0.9500  NMI=0.8532  ARI=0.8623  2.1s

=== P1E_S2_C1 train[3] k=3  dim=576  frames=149  σ=0.25  fold=2 ===
  BDOSC: k_hat=3  ACC=0.5906  NMI=0.5802  ARI=0.4546  1.5s

=== P1E_S2_C1 train[4] k=3  dim=576  frames=124  σ=0.25  fold=2 ===
  BDOSC: k_hat=3  ACC=0.5565  NMI=0.5884  ARI=0.4353  1.0s

=== P1E_S2_C1 train[5] k=3  dim=576  frames=161  σ=0.25  fold=2 ===
  BDOSC: k_hat=3  ACC=0.7329  NMI=0.5485  ARI=0.4253  1.7s

=== P1E_S2_C1 train[6] k=3  dim=576  frames=153  σ=0.25  fold=2 ===
  BDOSC: k_hat=3  ACC=0.7712  NMI=0.6029  ARI=0.4956  1.6s

=== P1E_S2_C2 train[0] k=3  dim=576  frames=146  σ=0.25  fold=2 ===
  BDOSC: k_hat=3  ACC=0.8562  NMI=0.6645  ARI=0.6324  1.5s

=== P1E_S2_C2 train[1] k=3  dim=576  frames=115  σ=0.25  fold=2 ===
  BDOSC: k_hat=3  ACC=0.8783  NMI=0.6990  ARI=0.6691  0.9s

=== P1E_S2_C2 train[2] k=3  dim=576  frames=144  σ=0.25  fold=2 ===
  BDOSC: k_hat=3  ACC=0.5833  NMI=0.5043  ARI=0.3552  1.4s

=== P1E_S2_C2 train[3] k=3  dim=576  frames=124  σ=0.25  fold=2 ===
  BDOSC: k_hat=3  ACC=0.7016  NMI=0.5256  ARI=0.3764  1.0s

=== P1E_S2_C2 train[4] k=3  dim=576  frames=109  σ=0.25  fold=2 ===
  BDOSC: k_hat=3  ACC=0.7615  NMI=0.5966  ARI=0.4808  0.8s

=== P1E_S2_C2 train[5] k=3  dim=576  frames=128  σ=0.25  fold=2 ===
  BDOSC: k_hat=3  ACC=0.7969  NMI=0.6189  ARI=0.5319  1.2s

=== P1E_S2_C2 train[6] k=3  dim=576  frames=126  σ=0.25  fold=2 ===
  BDOSC: k_hat=3  ACC=0.6825  NMI=0.4608  ARI=0.2672  1.1s

=== P1E_S2_C3 train[0] k=3  dim=576  frames=113  σ=0.25  fold=2 ===
  BDOSC: k_hat=3  ACC=0.7788  NMI=0.5838  ARI=0.4452  0.9s

=== P1E_S2_C3 train[1] k=3  dim=576  frames=88  σ=0.25  fold=2 ===
  BDOSC: k_hat=3  ACC=0.6023  NMI=0.4887  ARI=0.3165  0.6s

=== P1E_S2_C3 train[2] k=3  dim=576  frames=112  σ=0.25  fold=2 ===
  BDOSC: k_hat=3  ACC=0.5268  NMI=0.5454  ARI=0.3878  0.8s

=== P1E_S2_C3 train[3] k=3  dim=576  frames=99  σ=0.25  fold=2 ===
  BDOSC: k_hat=3  ACC=0.9596  NMI=0.8661  ARI=0.8865  0.7s

=== P1E_S2_C3 train[4] k=3  dim=576  frames=87  σ=0.25  fold=2 ===
  BDOSC: k_hat=3  ACC=0.6322  NMI=0.4167  ARI=0.1899  0.6s

=== P1E_S2_C3 train[5] k=3  dim=576  frames=105  σ=0.25  fold=2 ===
  BDOSC: k_hat=3  ACC=0.7238  NMI=0.5440  ARI=0.4346  0.8s

=== P1E_S2_C3 train[6] k=3  dim=576  frames=89  σ=0.25  fold=2 ===
  BDOSC: k_hat=3  ACC=0.5618  NMI=0.6067  ARI=0.4254  0.6s

=== P1E_S3_C1 train[0] k=3  dim=576  frames=166  σ=0.25  fold=2 ===
  BDOSC: k_hat=3  ACC=0.7771  NMI=0.6018  ARI=0.4766  1.9s

=== P1E_S3_C1 train[1] k=3  dim=576  frames=139  σ=0.25  fold=2 ===
  BDOSC: k_hat=3  ACC=0.5899  NMI=0.5095  ARI=0.3490  1.3s

=== P1E_S3_C1 train[2] k=3  dim=576  frames=161  σ=0.25  fold=2 ===
  BDOSC: k_hat=3  ACC=0.8571  NMI=0.6876  ARI=0.6553  1.7s

=== P1E_S3_C1 train[3] k=3  dim=576  frames=168  σ=0.25  fold=2 ===
  BDOSC: k_hat=3  ACC=0.5952  NMI=0.4723  ARI=0.2961  1.8s

=== P1E_S3_C1 train[4] k=3  dim=576  frames=123  σ=0.25  fold=2 ===
  BDOSC: k_hat=3  ACC=0.6911  NMI=0.4632  ARI=0.2708  1.0s

=== P1E_S3_C1 train[5] k=3  dim=576  frames=204  σ=0.25  fold=2 ===
  BDOSC: k_hat=3  ACC=0.9510  NMI=0.8397  ARI=0.8865  2.9s

=== P1E_S3_C1 train[6] k=3  dim=576  frames=112  σ=0.25  fold=2 ===
  BDOSC: k_hat=3  ACC=0.7411  NMI=0.5240  ARI=0.3714  0.8s

=== P1E_S3_C2 train[0] k=3  dim=576  frames=147  σ=0.25  fold=2 ===
  BDOSC: k_hat=3  ACC=0.7075  NMI=0.5396  ARI=0.3761  1.4s

=== P1E_S3_C2 train[1] k=3  dim=576  frames=120  σ=0.25  fold=2 ===
  BDOSC: k_hat=3  ACC=0.7000  NMI=0.5244  ARI=0.3635  1.0s

=== P1E_S3_C2 train[2] k=3  dim=576  frames=168  σ=0.25  fold=2 ===
  BDOSC: k_hat=3  ACC=0.9524  NMI=0.8367  ARI=0.8577  1.8s

=== P1E_S3_C2 train[3] k=3  dim=576  frames=169  σ=0.25  fold=2 ===
  BDOSC: k_hat=3  ACC=0.7751  NMI=0.5632  ARI=0.4684  1.9s

=== P1E_S3_C2 train[4] k=3  dim=576  frames=107  σ=0.25  fold=2 ===
  BDOSC: k_hat=3  ACC=0.9159  NMI=0.8240  ARI=0.8049  0.8s

=== P1E_S3_C2 train[5] k=3  dim=576  frames=146  σ=0.25  fold=2 ===
  BDOSC: k_hat=3  ACC=0.5685  NMI=0.5812  ARI=0.4353  1.5s

=== P1E_S3_C2 train[6] k=3  dim=576  frames=114  σ=0.25  fold=2 ===
  BDOSC: k_hat=3  ACC=0.6053  NMI=0.6421  ARI=0.4818  0.9s

=== P1E_S3_C3 train[0] k=3  dim=576  frames=105  σ=0.25  fold=2 ===
  BDOSC: k_hat=3  ACC=0.7905  NMI=0.5955  ARI=0.4936  0.8s

=== P1E_S3_C3 train[1] k=3  dim=576  frames=89  σ=0.25  fold=2 ===
  BDOSC: k_hat=3  ACC=0.7528  NMI=0.6187  ARI=0.4620  0.6s

=== P1E_S3_C3 train[2] k=3  dim=576  frames=125  σ=0.25  fold=2 ===
  BDOSC: k_hat=3  ACC=0.8640  NMI=0.6945  ARI=0.6353  1.0s

=== P1E_S3_C3 train[3] k=3  dim=576  frames=128  σ=0.25  fold=2 ===
  BDOSC: k_hat=3  ACC=0.6328  NMI=0.4741  ARI=0.3000  1.2s

=== P1E_S3_C3 train[4] k=3  dim=576  frames=83  σ=0.25  fold=2 ===
  BDOSC: k_hat=3  ACC=0.9277  NMI=0.7923  ARI=0.8098  0.5s

=== P1E_S3_C3 train[5] k=3  dim=576  frames=129  σ=0.25  fold=2 ===
  BDOSC: k_hat=3  ACC=0.5891  NMI=0.3512  ARI=0.1221  1.1s

=== P1E_S3_C3 train[6] k=3  dim=576  frames=84  σ=0.25  fold=2 ===
  BDOSC: k_hat=3  ACC=0.6071  NMI=0.5688  ARI=0.4593  0.5s

=== P1E_S4_C1 train[0] k=3  dim=576  frames=158  σ=0.25  fold=2 ===
  BDOSC: k_hat=3  ACC=0.8481  NMI=0.7223  ARI=0.6349  1.7s

=== P1E_S4_C1 train[1] k=3  dim=576  frames=107  σ=0.25  fold=2 ===
  BDOSC: k_hat=3  ACC=0.7009  NMI=0.4532  ARI=0.2676  0.8s

=== P1E_S4_C1 train[2] k=3  dim=576  frames=182  σ=0.25  fold=2 ===
  BDOSC: k_hat=3  ACC=0.9451  NMI=0.8330  ARI=0.8404  2.2s

=== P1E_S4_C1 train[3] k=3  dim=576  frames=180  σ=0.25  fold=2 ===
  BDOSC: k_hat=3  ACC=0.8833  NMI=0.7321  ARI=0.7043  2.1s

=== P1E_S4_C1 train[4] k=3  dim=576  frames=133  σ=0.25  fold=2 ===
  BDOSC: k_hat=3  ACC=0.8797  NMI=0.7421  ARI=0.7088  1.2s

=== P1E_S4_C1 train[5] k=3  dim=576  frames=147  σ=0.25  fold=2 ===
  BDOSC: k_hat=3  ACC=0.8707  NMI=0.6782  ARI=0.6644  1.4s

=== P1E_S4_C1 train[6] k=3  dim=576  frames=145  σ=0.25  fold=2 ===
  BDOSC: k_hat=3  ACC=0.5931  NMI=0.3658  ARI=0.1322  1.4s

=== P1E_S4_C2 train[0] k=3  dim=576  frames=117  σ=0.25  fold=2 ===
  BDOSC: k_hat=3  ACC=0.7778  NMI=0.5916  ARI=0.5126  0.9s

=== P1E_S4_C2 train[1] k=3  dim=576  frames=125  σ=0.25  fold=2 ===
  BDOSC: k_hat=3  ACC=0.9040  NMI=0.7756  ARI=0.7500  1.0s

=== P1E_S4_C2 train[2] k=3  dim=576  frames=126  σ=0.25  fold=2 ===
  BDOSC: k_hat=3  ACC=0.8968  NMI=0.7359  ARI=0.6924  1.0s

=== P1E_S4_C2 train[3] k=3  dim=576  frames=140  σ=0.25  fold=2 ===
  BDOSC: k_hat=3  ACC=0.7214  NMI=0.5604  ARI=0.4019  1.3s

=== P1E_S4_C2 train[4] k=3  dim=576  frames=129  σ=0.25  fold=2 ===
  BDOSC: k_hat=3  ACC=0.8915  NMI=0.7467  ARI=0.7406  1.1s

=== P1E_S4_C2 train[5] k=3  dim=576  frames=146  σ=0.25  fold=2 ===
  BDOSC: k_hat=3  ACC=0.8219  NMI=0.6605  ARI=0.6030  1.5s

=== P1E_S4_C2 train[6] k=3  dim=576  frames=110  σ=0.25  fold=2 ===
  BDOSC: k_hat=3  ACC=0.7455  NMI=0.6303  ARI=0.5216  0.8s

=== P1E_S4_C3 train[0] k=3  dim=576  frames=90  σ=0.25  fold=2 ===
  BDOSC: k_hat=3  ACC=0.9556  NMI=0.8514  ARI=0.8619  0.6s

=== P1E_S4_C3 train[1] k=3  dim=576  frames=64  σ=0.25  fold=2 ===
  BDOSC: k_hat=3  ACC=0.8281  NMI=0.6574  ARI=0.5948  0.3s

=== P1E_S4_C3 train[2] k=3  dim=576  frames=105  σ=0.25  fold=2 ===
  BDOSC: k_hat=3  ACC=0.7714  NMI=0.5997  ARI=0.4856  0.8s

=== P1E_S4_C3 train[3] k=3  dim=576  frames=87  σ=0.25  fold=2 ===
  BDOSC: k_hat=3  ACC=0.8161  NMI=0.5866  ARI=0.4881  0.6s

=== P1E_S4_C3 train[4] k=3  dim=576  frames=76  σ=0.25  fold=2 ===
  BDOSC: k_hat=3  ACC=0.8816  NMI=0.7306  ARI=0.7094  0.5s

=== P1E_S4_C3 train[5] k=3  dim=576  frames=106  σ=0.25  fold=2 ===
  BDOSC: k_hat=3  ACC=0.6792  NMI=0.4553  ARI=0.2547  0.8s

=== P1E_S4_C3 train[6] k=3  dim=576  frames=79  σ=0.25  fold=2 ===
  BDOSC: k_hat=3  ACC=0.9494  NMI=0.8427  ARI=0.8594  0.5s

=== P1L_S1_C1 train[0] k=3  dim=576  frames=162  σ=0.25  fold=2 ===
  BDOSC: k_hat=3  ACC=0.6790  NMI=0.5330  ARI=0.4006  1.8s

=== P1L_S1_C1 train[1] k=3  dim=576  frames=170  σ=0.25  fold=2 ===
  BDOSC: k_hat=3  ACC=0.7529  NMI=0.5448  ARI=0.4301  1.9s

=== P1L_S1_C1 train[2] k=3  dim=576  frames=182  σ=0.25  fold=2 ===
  BDOSC: k_hat=3  ACC=0.5989  NMI=0.5897  ARI=0.4243  2.2s

=== P1L_S1_C1 train[3] k=3  dim=576  frames=198  σ=0.25  fold=2 ===
  BDOSC: k_hat=3  ACC=0.6818  NMI=0.4392  ARI=0.2751  2.6s

=== P1L_S1_C1 train[4] k=3  dim=576  frames=166  σ=0.25  fold=2 ===
  BDOSC: k_hat=3  ACC=0.9036  NMI=0.7725  ARI=0.7572  1.9s

=== P1L_S1_C1 train[5] k=3  dim=576  frames=116  σ=0.25  fold=2 ===
  BDOSC: k_hat=3  ACC=0.7759  NMI=0.6079  ARI=0.5402  0.9s

=== P1L_S1_C1 train[6] k=3  dim=576  frames=175  σ=0.25  fold=2 ===
  BDOSC: k_hat=3  ACC=0.6229  NMI=0.5583  ARI=0.4631  2.0s

=== P1L_S1_C2 train[0] k=3  dim=576  frames=186  σ=0.25  fold=2 ===
  BDOSC: k_hat=3  ACC=0.5753  NMI=0.6274  ARI=0.4463  2.3s

=== P1L_S1_C2 train[1] k=3  dim=576  frames=137  σ=0.25  fold=2 ===
  BDOSC: k_hat=3  ACC=0.7883  NMI=0.6509  ARI=0.5260  1.3s

=== P1L_S1_C2 train[2] k=3  dim=576  frames=181  σ=0.25  fold=2 ===
  BDOSC: k_hat=3  ACC=0.8287  NMI=0.7001  ARI=0.5889  2.2s

=== P1L_S1_C2 train[3] k=3  dim=576  frames=128  σ=0.25  fold=2 ===
  BDOSC: k_hat=3  ACC=0.5625  NMI=0.6362  ARI=0.4585  1.2s

=== P1L_S1_C2 train[4] k=3  dim=576  frames=154  σ=0.25  fold=2 ===
  BDOSC: k_hat=3  ACC=0.6039  NMI=0.5268  ARI=0.4018  1.6s

=== P1L_S1_C2 train[5] k=3  dim=576  frames=142  σ=0.25  fold=2 ===
  BDOSC: k_hat=3  ACC=0.5563  NMI=0.4810  ARI=0.3175  1.3s

=== P1L_S1_C2 train[6] k=3  dim=576  frames=168  σ=0.25  fold=2 ===
  BDOSC: k_hat=3  ACC=0.6012  NMI=0.5251  ARI=0.3937  1.8s

=== P1L_S1_C3 train[0] k=3  dim=576  frames=60  σ=0.25  fold=2 ===
  BDOSC: k_hat=3  ACC=0.8667  NMI=0.6768  ARI=0.6166  0.3s

=== P1L_S1_C3 train[1] k=3  dim=576  frames=68  σ=0.25  fold=2 ===
  BDOSC: k_hat=3  ACC=0.9559  NMI=0.8517  ARI=0.8663  0.3s

=== P1L_S1_C3 train[2] k=3  dim=576  frames=74  σ=0.25  fold=2 ===
  BDOSC: k_hat=3  ACC=0.7973  NMI=0.5899  ARI=0.4784  0.4s

=== P1L_S1_C3 train[3] k=3  dim=576  frames=73  σ=0.25  fold=2 ===
  BDOSC: k_hat=3  ACC=0.9863  NMI=0.9480  ARI=0.9615  0.4s

=== P1L_S1_C3 train[4] k=3  dim=576  frames=64  σ=0.25  fold=2 ===
  BDOSC: k_hat=3  ACC=0.9844  NMI=0.9426  ARI=0.9548  0.3s

=== P1L_S1_C3 train[5] k=3  dim=576  frames=63  σ=0.25  fold=2 ===
  BDOSC: k_hat=3  ACC=0.7778  NMI=0.5924  ARI=0.4878  0.3s

=== P1L_S1_C3 train[6] k=3  dim=576  frames=75  σ=0.25  fold=2 ===
  BDOSC: k_hat=3  ACC=0.9733  NMI=0.8971  ARI=0.9210  0.4s

=== P1L_S2_C1 train[0] k=3  dim=576  frames=211  σ=0.25  fold=2 ===
  BDOSC: k_hat=3  ACC=0.6588  NMI=0.5422  ARI=0.3975  3.0s

=== P1L_S2_C1 train[1] k=3  dim=576  frames=190  σ=0.25  fold=2 ===
  BDOSC: k_hat=3  ACC=0.6158  NMI=0.4987  ARI=0.3460  2.4s

=== P1L_S2_C1 train[2] k=3  dim=576  frames=177  σ=0.25  fold=2 ===
  BDOSC: k_hat=3  ACC=0.7910  NMI=0.6087  ARI=0.5210  2.0s

=== P1L_S2_C1 train[3] k=3  dim=576  frames=172  σ=0.25  fold=2 ===
  BDOSC: k_hat=3  ACC=0.5872  NMI=0.4044  ARI=0.1901  2.0s

=== P1L_S2_C1 train[4] k=3  dim=576  frames=179  σ=0.25  fold=2 ===
  BDOSC: k_hat=3  ACC=0.6369  NMI=0.6350  ARI=0.4913  2.0s

=== P1L_S2_C1 train[5] k=3  dim=576  frames=180  σ=0.25  fold=2 ===
  BDOSC: k_hat=3  ACC=0.7000  NMI=0.5656  ARI=0.4662  2.1s

=== P1L_S2_C1 train[6] k=3  dim=576  frames=133  σ=0.25  fold=2 ===
  BDOSC: k_hat=3  ACC=0.6090  NMI=0.5494  ARI=0.4278  1.2s

=== P1L_S2_C2 train[0] k=3  dim=576  frames=194  σ=0.25  fold=2 ===
  BDOSC: k_hat=3  ACC=0.8763  NMI=0.7006  ARI=0.6351  2.4s

=== P1L_S2_C2 train[1] k=3  dim=576  frames=155  σ=0.25  fold=2 ===
  BDOSC: k_hat=3  ACC=0.6645  NMI=0.3974  ARI=0.2135  1.6s

=== P1L_S2_C2 train[2] k=3  dim=576  frames=186  σ=0.25  fold=2 ===
  BDOSC: k_hat=3  ACC=0.8065  NMI=0.6894  ARI=0.6331  2.3s

=== P1L_S2_C2 train[3] k=3  dim=576  frames=201  σ=0.25  fold=2 ===
  BDOSC: k_hat=3  ACC=0.7363  NMI=0.4708  ARI=0.3279  2.6s

=== P1L_S2_C2 train[4] k=3  dim=576  frames=171  σ=0.25  fold=2 ===
  BDOSC: k_hat=3  ACC=0.5439  NMI=0.6207  ARI=0.4452  2.0s

=== P1L_S2_C2 train[5] k=3  dim=576  frames=160  σ=0.25  fold=2 ===
  BDOSC: k_hat=3  ACC=0.9062  NMI=0.7778  ARI=0.7080  1.8s

=== P1L_S2_C2 train[6] k=3  dim=576  frames=154  σ=0.25  fold=2 ===
  BDOSC: k_hat=3  ACC=0.5584  NMI=0.3501  ARI=0.1109  1.6s

=== P1L_S2_C3 train[0] k=3  dim=576  frames=119  σ=0.25  fold=2 ===
  BDOSC: k_hat=3  ACC=0.7899  NMI=0.6364  ARI=0.4865  0.9s

=== P1L_S2_C3 train[1] k=3  dim=576  frames=101  σ=0.25  fold=2 ===
  BDOSC: k_hat=3  ACC=0.9208  NMI=0.8105  ARI=0.7726  0.7s

=== P1L_S2_C3 train[2] k=3  dim=576  frames=112  σ=0.25  fold=2 ===
  BDOSC: k_hat=3  ACC=0.9286  NMI=0.7874  ARI=0.7982  0.9s

=== P1L_S2_C3 train[3] k=3  dim=576  frames=126  σ=0.25  fold=2 ===
  BDOSC: k_hat=3  ACC=0.8413  NMI=0.7338  ARI=0.6082  1.0s

=== P1L_S2_C3 train[4] k=3  dim=576  frames=102  σ=0.25  fold=2 ===
  BDOSC: k_hat=3  ACC=0.5686  NMI=0.6595  ARI=0.4594  0.7s

=== P1L_S2_C3 train[5] k=3  dim=576  frames=121  σ=0.25  fold=2 ===
  BDOSC: k_hat=3  ACC=0.6694  NMI=0.4453  ARI=0.2441  1.0s

=== P1L_S2_C3 train[6] k=3  dim=576  frames=99  σ=0.25  fold=2 ===
  BDOSC: k_hat=3  ACC=0.8182  NMI=0.6087  ARI=0.5136  0.7s

=== P1L_S3_C1 train[0] k=3  dim=576  frames=156  σ=0.25  fold=2 ===
  BDOSC: k_hat=3  ACC=0.7628  NMI=0.6611  ARI=0.4535  1.7s

=== P1L_S3_C1 train[1] k=3  dim=576  frames=120  σ=0.25  fold=2 ===
  BDOSC: k_hat=3  ACC=0.7500  NMI=0.5551  ARI=0.4897  1.0s

=== P1L_S3_C1 train[2] k=3  dim=576  frames=156  σ=0.25  fold=2 ===
  BDOSC: k_hat=3  ACC=0.5897  NMI=0.6323  ARI=0.4742  1.6s

=== P1L_S3_C1 train[3] k=3  dim=576  frames=159  σ=0.25  fold=2 ===
  BDOSC: k_hat=3  ACC=0.6792  NMI=0.4390  ARI=0.2691  1.7s

=== P1L_S3_C1 train[4] k=3  dim=576  frames=172  σ=0.25  fold=2 ===
  BDOSC: k_hat=3  ACC=0.5814  NMI=0.3429  ARI=0.1167  2.0s

=== P1L_S3_C1 train[5] k=3  dim=576  frames=176  σ=0.25  fold=2 ===
  BDOSC: k_hat=3  ACC=0.9375  NMI=0.8057  ARI=0.8357  2.0s

=== P1L_S3_C1 train[6] k=3  dim=576  frames=134  σ=0.25  fold=2 ===
  BDOSC: k_hat=3  ACC=0.8433  NMI=0.6532  ARI=0.6119  1.2s

=== P1L_S3_C2 train[0] k=3  dim=576  frames=185  σ=0.25  fold=2 ===
  BDOSC: k_hat=3  ACC=0.8000  NMI=0.6179  ARI=0.5246  2.2s

=== P1L_S3_C2 train[1] k=3  dim=576  frames=125  σ=0.25  fold=2 ===
  BDOSC: k_hat=3  ACC=0.7520  NMI=0.5278  ARI=0.3732  1.1s

=== P1L_S3_C2 train[2] k=3  dim=576  frames=209  σ=0.25  fold=2 ===
  BDOSC: k_hat=3  ACC=0.9474  NMI=0.8284  ARI=0.8491  2.8s

=== P1L_S3_C2 train[3] k=3  dim=576  frames=168  σ=0.25  fold=2 ===
  BDOSC: k_hat=3  ACC=0.7917  NMI=0.7503  ARI=0.7085  1.8s

=== P1L_S3_C2 train[4] k=3  dim=576  frames=187  σ=0.25  fold=2 ===
  BDOSC: k_hat=3  ACC=0.7540  NMI=0.5883  ARI=0.4919  2.3s

=== P1L_S3_C2 train[5] k=3  dim=576  frames=229  σ=0.25  fold=2 ===
  BDOSC: k_hat=3  ACC=0.8646  NMI=0.7223  ARI=0.6687  3.5s

=== P1L_S3_C2 train[6] k=3  dim=576  frames=136  σ=0.25  fold=2 ===
  BDOSC: k_hat=3  ACC=0.7794  NMI=0.5404  ARI=0.4218  1.2s

=== P1L_S3_C3 train[0] k=3  dim=576  frames=151  σ=0.25  fold=2 ===
  BDOSC: k_hat=3  ACC=0.9470  NMI=0.8155  ARI=0.8381  1.5s

=== P1L_S3_C3 train[1] k=3  dim=576  frames=118  σ=0.25  fold=2 ===
  BDOSC: k_hat=3  ACC=0.8559  NMI=0.7312  ARI=0.6670  0.9s

=== P1L_S3_C3 train[2] k=3  dim=576  frames=142  σ=0.25  fold=2 ===
  BDOSC: k_hat=3  ACC=0.6620  NMI=0.3856  ARI=0.2030  1.3s

=== P1L_S3_C3 train[3] k=3  dim=576  frames=134  σ=0.25  fold=2 ===
  BDOSC: k_hat=3  ACC=0.7910  NMI=0.6006  ARI=0.4731  1.2s

=== P1L_S3_C3 train[4] k=3  dim=576  frames=110  σ=0.25  fold=2 ===
  BDOSC: k_hat=3  ACC=0.8545  NMI=0.6894  ARI=0.6443  0.8s

=== P1L_S3_C3 train[5] k=3  dim=576  frames=161  σ=0.25  fold=2 ===
  BDOSC: k_hat=3  ACC=0.6149  NMI=0.5088  ARI=0.3551  1.7s

=== P1L_S3_C3 train[6] k=3  dim=576  frames=114  σ=0.25  fold=2 ===
  BDOSC: k_hat=3  ACC=0.6316  NMI=0.5604  ARI=0.4750  0.9s

=== P1L_S4_C1 train[0] k=3  dim=576  frames=200  σ=0.25  fold=2 ===
  BDOSC: k_hat=3  ACC=0.6650  NMI=0.4512  ARI=0.2580  2.6s

=== P1L_S4_C1 train[1] k=3  dim=576  frames=157  σ=0.25  fold=2 ===
  BDOSC: k_hat=3  ACC=0.7962  NMI=0.6173  ARI=0.6097  1.7s

=== P1L_S4_C1 train[2] k=3  dim=576  frames=168  σ=0.25  fold=2 ===
  BDOSC: k_hat=3  ACC=0.6488  NMI=0.4767  ARI=0.3231  1.8s

=== P1L_S4_C1 train[3] k=3  dim=576  frames=142  σ=0.25  fold=2 ===
  BDOSC: k_hat=3  ACC=0.7042  NMI=0.4848  ARI=0.3140  1.4s

=== P1L_S4_C1 train[4] k=3  dim=576  frames=164  σ=0.25  fold=2 ===
  BDOSC: k_hat=3  ACC=1.0000  NMI=1.0000  ARI=1.0000  1.8s

=== P1L_S4_C1 train[5] k=3  dim=576  frames=187  σ=0.25  fold=2 ===
  BDOSC: k_hat=3  ACC=0.9305  NMI=0.7956  ARI=0.8157  2.3s

=== P1L_S4_C1 train[6] k=3  dim=576  frames=202  σ=0.25  fold=2 ===
  BDOSC: k_hat=3  ACC=0.7277  NMI=0.5800  ARI=0.4750  2.7s

=== P1L_S4_C2 train[0] k=3  dim=576  frames=157  σ=0.25  fold=2 ===
  BDOSC: k_hat=3  ACC=0.8280  NMI=0.7023  ARI=0.5585  1.7s

=== P1L_S4_C2 train[1] k=3  dim=576  frames=149  σ=0.25  fold=2 ===
  BDOSC: k_hat=3  ACC=0.6040  NMI=0.6694  ARI=0.4822  1.5s

=== P1L_S4_C2 train[2] k=3  dim=576  frames=168  σ=0.25  fold=2 ===
  BDOSC: k_hat=3  ACC=0.6726  NMI=0.3827  ARI=0.2337  1.8s

=== P1L_S4_C2 train[3] k=3  dim=576  frames=154  σ=0.25  fold=2 ===
  BDOSC: k_hat=3  ACC=0.8312  NMI=0.6454  ARI=0.6102  1.6s

=== P1L_S4_C2 train[4] k=3  dim=576  frames=152  σ=0.25  fold=2 ===
  BDOSC: k_hat=3  ACC=0.7763  NMI=0.5845  ARI=0.4947  1.6s

=== P1L_S4_C2 train[5] k=3  dim=576  frames=169  σ=0.25  fold=2 ===
  BDOSC: k_hat=3  ACC=0.5917  NMI=0.3821  ARI=0.1513  1.9s

=== P1L_S4_C2 train[6] k=3  dim=576  frames=153  σ=0.25  fold=2 ===
  BDOSC: k_hat=3  ACC=0.6013  NMI=0.4731  ARI=0.3077  1.6s

=== P1L_S4_C3 train[0] k=3  dim=576  frames=96  σ=0.25  fold=2 ===
  BDOSC: k_hat=3  ACC=1.0000  NMI=1.0000  ARI=1.0000  0.7s

=== P1L_S4_C3 train[1] k=3  dim=576  frames=107  σ=0.25  fold=2 ===
  BDOSC: k_hat=3  ACC=0.8505  NMI=0.7204  ARI=0.5871  0.8s

=== P1L_S4_C3 train[2] k=3  dim=576  frames=117  σ=0.25  fold=2 ===
  BDOSC: k_hat=3  ACC=0.8547  NMI=0.6999  ARI=0.5966  0.9s

=== P1L_S4_C3 train[3] k=3  dim=576  frames=112  σ=0.25  fold=2 ===
  BDOSC: k_hat=3  ACC=1.0000  NMI=1.0000  ARI=1.0000  0.8s

=== P1L_S4_C3 train[4] k=3  dim=576  frames=103  σ=0.25  fold=2 ===
  BDOSC: k_hat=3  ACC=0.8252  NMI=0.7260  ARI=0.5960  0.7s

=== P1L_S4_C3 train[5] k=3  dim=576  frames=105  σ=0.25  fold=2 ===
  BDOSC: k_hat=3  ACC=0.7810  NMI=0.6221  ARI=0.4968  0.8s

=== P1L_S4_C3 train[6] k=3  dim=576  frames=107  σ=0.25  fold=2 ===
  BDOSC: k_hat=3  ACC=0.7944  NMI=0.5951  ARI=0.4918  0.8s

=== P1E_S1_C1 test[0] k=3  dim=576  frames=130  σ=0.25  fold=2 ===
  BDOSC: k_hat=3  ACC=0.9308  NMI=0.8347  ARI=0.8096  1.1s

=== P1E_S1_C2 test[0] k=3  dim=576  frames=104  σ=0.25  fold=2 ===
  BDOSC: k_hat=3  ACC=0.7308  NMI=0.5624  ARI=0.4284  0.8s

=== P1E_S1_C3 test[0] k=3  dim=576  frames=47  σ=0.25  fold=2 ===
  BDOSC: k_hat=3  ACC=0.7660  NMI=0.6380  ARI=0.4948  0.2s

=== P1E_S2_C1 test[0] k=3  dim=576  frames=136  σ=0.25  fold=2 ===
  BDOSC: k_hat=3  ACC=0.6250  NMI=0.3679  ARI=0.1583  1.2s

=== P1E_S2_C2 test[0] k=3  dim=576  frames=109  σ=0.25  fold=2 ===
  BDOSC: k_hat=3  ACC=0.8073  NMI=0.6157  ARI=0.5523  0.8s

=== P1E_S2_C3 test[0] k=3  dim=576  frames=90  σ=0.25  fold=2 ===
  BDOSC: k_hat=3  ACC=0.8889  NMI=0.7265  ARI=0.7075  0.6s

=== P1E_S3_C1 test[0] k=3  dim=576  frames=134  σ=0.25  fold=2 ===
  BDOSC: k_hat=3  ACC=0.7612  NMI=0.5877  ARI=0.4618  1.2s

=== P1E_S3_C2 test[0] k=3  dim=576  frames=112  σ=0.25  fold=2 ===
  BDOSC: k_hat=3  ACC=0.8571  NMI=0.6637  ARI=0.6114  0.9s

=== P1E_S3_C3 test[0] k=3  dim=576  frames=84  σ=0.25  fold=2 ===
  BDOSC: k_hat=3  ACC=0.9286  NMI=0.7840  ARI=0.7900  0.5s

=== P1E_S4_C1 test[0] k=3  dim=576  frames=155  σ=0.25  fold=2 ===
  BDOSC: k_hat=3  ACC=0.8258  NMI=0.7069  ARI=0.6177  1.6s

=== P1E_S4_C2 test[0] k=3  dim=576  frames=122  σ=0.25  fold=2 ===
  BDOSC: k_hat=3  ACC=0.9426  NMI=0.8530  ARI=0.8373  1.0s

=== P1E_S4_C3 test[0] k=3  dim=576  frames=85  σ=0.25  fold=2 ===
  BDOSC: k_hat=3  ACC=0.8118  NMI=0.7286  ARI=0.6071  0.6s

=== P1L_S1_C1 test[0] k=3  dim=576  frames=155  σ=0.25  fold=2 ===
  BDOSC: k_hat=3  ACC=0.6194  NMI=0.5885  ARI=0.4428  1.6s

=== P1L_S1_C2 test[0] k=3  dim=576  frames=147  σ=0.25  fold=2 ===
  BDOSC: k_hat=3  ACC=0.7891  NMI=0.6197  ARI=0.5066  1.5s

=== P1L_S1_C3 test[0] k=3  dim=576  frames=65  σ=0.25  fold=2 ===
  BDOSC: k_hat=3  ACC=0.8923  NMI=0.7222  ARI=0.6933  0.3s

=== P1L_S2_C1 test[0] k=3  dim=576  frames=180  σ=0.25  fold=2 ===
  BDOSC: k_hat=3  ACC=0.6944  NMI=0.4652  ARI=0.2913  2.2s

=== P1L_S2_C2 test[0] k=3  dim=576  frames=134  σ=0.25  fold=2 ===
  BDOSC: k_hat=3  ACC=0.7388  NMI=0.6857  ARI=0.5080  1.2s

=== P1L_S2_C3 test[0] k=3  dim=576  frames=85  σ=0.25  fold=2 ===
  BDOSC: k_hat=3  ACC=0.8235  NMI=0.6473  ARI=0.5959  0.6s

=== P1L_S3_C1 test[0] k=3  dim=576  frames=185  σ=0.25  fold=2 ===
  BDOSC: k_hat=3  ACC=0.7297  NMI=0.5439  ARI=0.4305  2.3s

=== P1L_S3_C2 test[0] k=3  dim=576  frames=166  σ=0.25  fold=2 ===
  BDOSC: k_hat=3  ACC=0.7590  NMI=0.5929  ARI=0.5102  1.9s

=== P1L_S3_C3 test[0] k=3  dim=576  frames=121  σ=0.25  fold=2 ===
  BDOSC: k_hat=3  ACC=0.9835  NMI=0.9402  ARI=0.9534  1.0s

=== P1L_S4_C1 test[0] k=3  dim=576  frames=154  σ=0.25  fold=2 ===
  BDOSC: k_hat=3  ACC=0.8052  NMI=0.5968  ARI=0.4945  1.6s

=== P1L_S4_C2 test[0] k=3  dim=576  frames=175  σ=0.25  fold=2 ===
  BDOSC: k_hat=3  ACC=0.7086  NMI=0.5163  ARI=0.3936  2.0s

=== P1L_S4_C3 test[0] k=3  dim=576  frames=94  σ=0.25  fold=2 ===
  BDOSC: k_hat=3  ACC=0.8723  NMI=0.7486  ARI=0.6387  0.6s
  tune_pool_groups=20: sampling from 22 held-in people (overlap allowed) instead of the 7 fixed partition group(s)

============================================================
σ=0.25 fold=3  test=['0005', '0024', '0025']  train mats=168  test mats=24  tune mats=480
  BDOSC: skip tuning, fixed lambda_1=0.2, lambda_2=1, gamma_1=0.01, p=1.1, max_iter=50
  wrote /nfs/turbo/umms-minjilab/lpullela/icassp_ssc_tv2/block_ssc_benchmark/cv/params/surveillance/split_k3_sigmas_min30_trials20_params_knownk_cv_bdosc_k3_sigma0p25_sigma0.25_fold3.json

=== P1E_S1_C1 train[0] k=3  dim=576  frames=146  σ=0.25  fold=3 ===
  BDOSC: k_hat=3  ACC=0.6233  NMI=0.4855  ARI=0.3168  1.5s

=== P1E_S1_C1 train[1] k=3  dim=576  frames=153  σ=0.25  fold=3 ===
  BDOSC: k_hat=3  ACC=0.7582  NMI=0.5848  ARI=0.4899  1.6s

=== P1E_S1_C1 train[2] k=3  dim=576  frames=130  σ=0.25  fold=3 ===
  BDOSC: k_hat=3  ACC=0.9308  NMI=0.8347  ARI=0.8096  1.1s

=== P1E_S1_C1 train[3] k=3  dim=576  frames=157  σ=0.25  fold=3 ===
  BDOSC: k_hat=3  ACC=0.8408  NMI=0.6517  ARI=0.5995  1.6s

=== P1E_S1_C1 train[4] k=3  dim=576  frames=151  σ=0.25  fold=3 ===
  BDOSC: k_hat=3  ACC=0.8146  NMI=0.6450  ARI=0.5839  1.5s

=== P1E_S1_C1 train[5] k=3  dim=576  frames=140  σ=0.25  fold=3 ===
  BDOSC: k_hat=3  ACC=0.7429  NMI=0.5443  ARI=0.4169  1.3s

=== P1E_S1_C1 train[6] k=3  dim=576  frames=171  σ=0.25  fold=3 ===
  BDOSC: k_hat=3  ACC=0.8012  NMI=0.6664  ARI=0.5913  2.0s

=== P1E_S1_C2 train[0] k=3  dim=576  frames=147  σ=0.25  fold=3 ===
  BDOSC: k_hat=3  ACC=0.8095  NMI=0.6730  ARI=0.5302  1.4s

=== P1E_S1_C2 train[1] k=3  dim=576  frames=115  σ=0.25  fold=3 ===
  BDOSC: k_hat=3  ACC=0.7739  NMI=0.5856  ARI=0.4739  0.9s

=== P1E_S1_C2 train[2] k=3  dim=576  frames=104  σ=0.25  fold=3 ===
  BDOSC: k_hat=3  ACC=0.7308  NMI=0.5624  ARI=0.4284  0.8s

=== P1E_S1_C2 train[3] k=3  dim=576  frames=113  σ=0.25  fold=3 ===
  BDOSC: k_hat=3  ACC=0.6549  NMI=0.5505  ARI=0.4150  0.9s

=== P1E_S1_C2 train[4] k=3  dim=576  frames=122  σ=0.25  fold=3 ===
  BDOSC: k_hat=3  ACC=0.9426  NMI=0.8377  ARI=0.8517  1.0s

=== P1E_S1_C2 train[5] k=3  dim=576  frames=122  σ=0.25  fold=3 ===
  BDOSC: k_hat=3  ACC=0.9508  NMI=0.8421  ARI=0.8626  1.0s

=== P1E_S1_C2 train[6] k=3  dim=576  frames=134  σ=0.25  fold=3 ===
  BDOSC: k_hat=3  ACC=0.7761  NMI=0.6060  ARI=0.5325  1.2s

=== P1E_S1_C3 train[0] k=3  dim=576  frames=58  σ=0.25  fold=3 ===
  BDOSC: k_hat=3  ACC=0.9483  NMI=0.8283  ARI=0.8385  0.3s

=== P1E_S1_C3 train[1] k=3  dim=576  frames=56  σ=0.25  fold=3 ===
  BDOSC: k_hat=3  ACC=0.8929  NMI=0.7305  ARI=0.7463  0.3s

=== P1E_S1_C3 train[2] k=3  dim=576  frames=47  σ=0.25  fold=3 ===
  BDOSC: k_hat=3  ACC=0.7660  NMI=0.6380  ARI=0.4948  0.2s

=== P1E_S1_C3 train[3] k=3  dim=576  frames=37  σ=0.25  fold=3 ===
  BDOSC: k_hat=3  ACC=0.9459  NMI=0.8233  ARI=0.8375  0.2s

=== P1E_S1_C3 train[4] k=3  dim=576  frames=55  σ=0.25  fold=3 ===
  BDOSC: k_hat=3  ACC=0.8727  NMI=0.7204  ARI=0.6568  0.3s

=== P1E_S1_C3 train[5] k=3  dim=576  frames=51  σ=0.25  fold=3 ===
  BDOSC: k_hat=3  ACC=0.9216  NMI=0.7675  ARI=0.7620  0.2s

=== P1E_S1_C3 train[6] k=3  dim=576  frames=69  σ=0.25  fold=3 ===
  BDOSC: k_hat=3  ACC=0.8696  NMI=0.7051  ARI=0.6603  0.4s

=== P1E_S2_C1 train[0] k=3  dim=576  frames=167  σ=0.25  fold=3 ===
  BDOSC: k_hat=3  ACC=0.5210  NMI=0.5656  ARI=0.3862  1.9s

=== P1E_S2_C1 train[1] k=3  dim=576  frames=151  σ=0.25  fold=3 ===
  BDOSC: k_hat=3  ACC=0.5166  NMI=0.5534  ARI=0.3914  1.6s

=== P1E_S2_C1 train[2] k=3  dim=576  frames=136  σ=0.25  fold=3 ===
  BDOSC: k_hat=3  ACC=0.6250  NMI=0.3679  ARI=0.1583  1.2s

=== P1E_S2_C1 train[3] k=3  dim=576  frames=149  σ=0.25  fold=3 ===
  BDOSC: k_hat=3  ACC=0.5906  NMI=0.5802  ARI=0.4546  1.5s

=== P1E_S2_C1 train[4] k=3  dim=576  frames=124  σ=0.25  fold=3 ===
  BDOSC: k_hat=3  ACC=0.5565  NMI=0.5884  ARI=0.4353  1.0s

=== P1E_S2_C1 train[5] k=3  dim=576  frames=161  σ=0.25  fold=3 ===
  BDOSC: k_hat=3  ACC=0.7329  NMI=0.5485  ARI=0.4253  1.7s

=== P1E_S2_C1 train[6] k=3  dim=576  frames=153  σ=0.25  fold=3 ===
  BDOSC: k_hat=3  ACC=0.7712  NMI=0.6029  ARI=0.4956  1.6s

=== P1E_S2_C2 train[0] k=3  dim=576  frames=146  σ=0.25  fold=3 ===
  BDOSC: k_hat=3  ACC=0.8562  NMI=0.6645  ARI=0.6324  1.5s

=== P1E_S2_C2 train[1] k=3  dim=576  frames=115  σ=0.25  fold=3 ===
  BDOSC: k_hat=3  ACC=0.8783  NMI=0.6990  ARI=0.6691  0.9s

=== P1E_S2_C2 train[2] k=3  dim=576  frames=109  σ=0.25  fold=3 ===
  BDOSC: k_hat=3  ACC=0.8073  NMI=0.6157  ARI=0.5523  0.8s

=== P1E_S2_C2 train[3] k=3  dim=576  frames=124  σ=0.25  fold=3 ===
  BDOSC: k_hat=3  ACC=0.7016  NMI=0.5256  ARI=0.3764  1.0s

=== P1E_S2_C2 train[4] k=3  dim=576  frames=109  σ=0.25  fold=3 ===
  BDOSC: k_hat=3  ACC=0.7615  NMI=0.5966  ARI=0.4808  0.8s

=== P1E_S2_C2 train[5] k=3  dim=576  frames=128  σ=0.25  fold=3 ===
  BDOSC: k_hat=3  ACC=0.7969  NMI=0.6189  ARI=0.5319  1.2s

=== P1E_S2_C2 train[6] k=3  dim=576  frames=126  σ=0.25  fold=3 ===
  BDOSC: k_hat=3  ACC=0.6825  NMI=0.4608  ARI=0.2672  1.1s

=== P1E_S2_C3 train[0] k=3  dim=576  frames=113  σ=0.25  fold=3 ===
  BDOSC: k_hat=3  ACC=0.7788  NMI=0.5838  ARI=0.4452  0.9s

=== P1E_S2_C3 train[1] k=3  dim=576  frames=88  σ=0.25  fold=3 ===
  BDOSC: k_hat=3  ACC=0.6023  NMI=0.4887  ARI=0.3165  0.6s

=== P1E_S2_C3 train[2] k=3  dim=576  frames=90  σ=0.25  fold=3 ===
  BDOSC: k_hat=3  ACC=0.8889  NMI=0.7265  ARI=0.7075  0.6s

=== P1E_S2_C3 train[3] k=3  dim=576  frames=99  σ=0.25  fold=3 ===
  BDOSC: k_hat=3  ACC=0.9596  NMI=0.8661  ARI=0.8865  0.7s

=== P1E_S2_C3 train[4] k=3  dim=576  frames=87  σ=0.25  fold=3 ===
  BDOSC: k_hat=3  ACC=0.6322  NMI=0.4167  ARI=0.1899  0.6s

=== P1E_S2_C3 train[5] k=3  dim=576  frames=105  σ=0.25  fold=3 ===
  BDOSC: k_hat=3  ACC=0.7238  NMI=0.5440  ARI=0.4346  0.8s

=== P1E_S2_C3 train[6] k=3  dim=576  frames=89  σ=0.25  fold=3 ===
  BDOSC: k_hat=3  ACC=0.5618  NMI=0.6067  ARI=0.4254  0.6s

=== P1E_S3_C1 train[0] k=3  dim=576  frames=166  σ=0.25  fold=3 ===
  BDOSC: k_hat=3  ACC=0.7771  NMI=0.6018  ARI=0.4766  1.9s

=== P1E_S3_C1 train[1] k=3  dim=576  frames=139  σ=0.25  fold=3 ===
  BDOSC: k_hat=3  ACC=0.5899  NMI=0.5095  ARI=0.3490  1.3s

=== P1E_S3_C1 train[2] k=3  dim=576  frames=134  σ=0.25  fold=3 ===
  BDOSC: k_hat=3  ACC=0.7612  NMI=0.5877  ARI=0.4618  1.2s

=== P1E_S3_C1 train[3] k=3  dim=576  frames=168  σ=0.25  fold=3 ===
  BDOSC: k_hat=3  ACC=0.5952  NMI=0.4723  ARI=0.2961  1.8s

=== P1E_S3_C1 train[4] k=3  dim=576  frames=123  σ=0.25  fold=3 ===
  BDOSC: k_hat=3  ACC=0.6911  NMI=0.4632  ARI=0.2708  1.0s

=== P1E_S3_C1 train[5] k=3  dim=576  frames=204  σ=0.25  fold=3 ===
  BDOSC: k_hat=3  ACC=0.9510  NMI=0.8397  ARI=0.8865  2.9s

=== P1E_S3_C1 train[6] k=3  dim=576  frames=112  σ=0.25  fold=3 ===
  BDOSC: k_hat=3  ACC=0.7411  NMI=0.5240  ARI=0.3714  0.8s

=== P1E_S3_C2 train[0] k=3  dim=576  frames=147  σ=0.25  fold=3 ===
  BDOSC: k_hat=3  ACC=0.7075  NMI=0.5396  ARI=0.3761  1.5s

=== P1E_S3_C2 train[1] k=3  dim=576  frames=120  σ=0.25  fold=3 ===
  BDOSC: k_hat=3  ACC=0.7000  NMI=0.5244  ARI=0.3635  1.0s

=== P1E_S3_C2 train[2] k=3  dim=576  frames=112  σ=0.25  fold=3 ===
  BDOSC: k_hat=3  ACC=0.8571  NMI=0.6637  ARI=0.6114  0.9s

=== P1E_S3_C2 train[3] k=3  dim=576  frames=169  σ=0.25  fold=3 ===
  BDOSC: k_hat=3  ACC=0.7751  NMI=0.5632  ARI=0.4684  1.9s

=== P1E_S3_C2 train[4] k=3  dim=576  frames=107  σ=0.25  fold=3 ===
  BDOSC: k_hat=3  ACC=0.9159  NMI=0.8240  ARI=0.8049  0.8s

=== P1E_S3_C2 train[5] k=3  dim=576  frames=146  σ=0.25  fold=3 ===
  BDOSC: k_hat=3  ACC=0.5685  NMI=0.5812  ARI=0.4353  1.5s

=== P1E_S3_C2 train[6] k=3  dim=576  frames=114  σ=0.25  fold=3 ===
  BDOSC: k_hat=3  ACC=0.6053  NMI=0.6421  ARI=0.4818  0.9s

=== P1E_S3_C3 train[0] k=3  dim=576  frames=105  σ=0.25  fold=3 ===
  BDOSC: k_hat=3  ACC=0.7905  NMI=0.5955  ARI=0.4936  0.8s

=== P1E_S3_C3 train[1] k=3  dim=576  frames=89  σ=0.25  fold=3 ===
  BDOSC: k_hat=3  ACC=0.7528  NMI=0.6187  ARI=0.4620  0.6s

=== P1E_S3_C3 train[2] k=3  dim=576  frames=84  σ=0.25  fold=3 ===
  BDOSC: k_hat=3  ACC=0.9286  NMI=0.7840  ARI=0.7900  0.5s

=== P1E_S3_C3 train[3] k=3  dim=576  frames=128  σ=0.25  fold=3 ===
  BDOSC: k_hat=3  ACC=0.6328  NMI=0.4741  ARI=0.3000  1.2s

=== P1E_S3_C3 train[4] k=3  dim=576  frames=83  σ=0.25  fold=3 ===
  BDOSC: k_hat=3  ACC=0.9277  NMI=0.7923  ARI=0.8098  0.5s

=== P1E_S3_C3 train[5] k=3  dim=576  frames=129  σ=0.25  fold=3 ===
  BDOSC: k_hat=3  ACC=0.5891  NMI=0.3512  ARI=0.1221  1.1s

=== P1E_S3_C3 train[6] k=3  dim=576  frames=84  σ=0.25  fold=3 ===
  BDOSC: k_hat=3  ACC=0.6071  NMI=0.5688  ARI=0.4593  0.5s

=== P1E_S4_C1 train[0] k=3  dim=576  frames=158  σ=0.25  fold=3 ===
  BDOSC: k_hat=3  ACC=0.8481  NMI=0.7223  ARI=0.6349  1.7s

=== P1E_S4_C1 train[1] k=3  dim=576  frames=107  σ=0.25  fold=3 ===
  BDOSC: k_hat=3  ACC=0.7009  NMI=0.4532  ARI=0.2676  0.8s

=== P1E_S4_C1 train[2] k=3  dim=576  frames=155  σ=0.25  fold=3 ===
  BDOSC: k_hat=3  ACC=0.8258  NMI=0.7069  ARI=0.6177  1.6s

=== P1E_S4_C1 train[3] k=3  dim=576  frames=180  σ=0.25  fold=3 ===
  BDOSC: k_hat=3  ACC=0.8833  NMI=0.7321  ARI=0.7043  2.1s

=== P1E_S4_C1 train[4] k=3  dim=576  frames=133  σ=0.25  fold=3 ===
  BDOSC: k_hat=3  ACC=0.8797  NMI=0.7421  ARI=0.7088  1.2s

=== P1E_S4_C1 train[5] k=3  dim=576  frames=147  σ=0.25  fold=3 ===
  BDOSC: k_hat=3  ACC=0.8707  NMI=0.6782  ARI=0.6644  1.5s

=== P1E_S4_C1 train[6] k=3  dim=576  frames=145  σ=0.25  fold=3 ===
  BDOSC: k_hat=3  ACC=0.5931  NMI=0.3658  ARI=0.1322  1.4s

=== P1E_S4_C2 train[0] k=3  dim=576  frames=117  σ=0.25  fold=3 ===
  BDOSC: k_hat=3  ACC=0.7778  NMI=0.5916  ARI=0.5126  0.9s

=== P1E_S4_C2 train[1] k=3  dim=576  frames=125  σ=0.25  fold=3 ===
  BDOSC: k_hat=3  ACC=0.9040  NMI=0.7756  ARI=0.7500  1.0s

=== P1E_S4_C2 train[2] k=3  dim=576  frames=122  σ=0.25  fold=3 ===
  BDOSC: k_hat=3  ACC=0.9426  NMI=0.8530  ARI=0.8373  1.0s

=== P1E_S4_C2 train[3] k=3  dim=576  frames=140  σ=0.25  fold=3 ===
  BDOSC: k_hat=3  ACC=0.7214  NMI=0.5604  ARI=0.4019  1.3s

=== P1E_S4_C2 train[4] k=3  dim=576  frames=129  σ=0.25  fold=3 ===
  BDOSC: k_hat=3  ACC=0.8915  NMI=0.7467  ARI=0.7406  1.1s

=== P1E_S4_C2 train[5] k=3  dim=576  frames=146  σ=0.25  fold=3 ===
  BDOSC: k_hat=3  ACC=0.8219  NMI=0.6605  ARI=0.6030  1.5s

=== P1E_S4_C2 train[6] k=3  dim=576  frames=110  σ=0.25  fold=3 ===
  BDOSC: k_hat=3  ACC=0.7455  NMI=0.6303  ARI=0.5216  0.8s

=== P1E_S4_C3 train[0] k=3  dim=576  frames=90  σ=0.25  fold=3 ===
  BDOSC: k_hat=3  ACC=0.9556  NMI=0.8514  ARI=0.8619  0.6s

=== P1E_S4_C3 train[1] k=3  dim=576  frames=64  σ=0.25  fold=3 ===
  BDOSC: k_hat=3  ACC=0.8281  NMI=0.6574  ARI=0.5948  0.3s

=== P1E_S4_C3 train[2] k=3  dim=576  frames=85  σ=0.25  fold=3 ===
  BDOSC: k_hat=3  ACC=0.8118  NMI=0.7286  ARI=0.6071  0.6s

=== P1E_S4_C3 train[3] k=3  dim=576  frames=87  σ=0.25  fold=3 ===
  BDOSC: k_hat=3  ACC=0.8161  NMI=0.5866  ARI=0.4881  0.6s

=== P1E_S4_C3 train[4] k=3  dim=576  frames=76  σ=0.25  fold=3 ===
  BDOSC: k_hat=3  ACC=0.8816  NMI=0.7306  ARI=0.7094  0.5s

=== P1E_S4_C3 train[5] k=3  dim=576  frames=106  σ=0.25  fold=3 ===
  BDOSC: k_hat=3  ACC=0.6792  NMI=0.4553  ARI=0.2547  0.8s

=== P1E_S4_C3 train[6] k=3  dim=576  frames=79  σ=0.25  fold=3 ===
  BDOSC: k_hat=3  ACC=0.9494  NMI=0.8427  ARI=0.8594  0.5s

=== P1L_S1_C1 train[0] k=3  dim=576  frames=162  σ=0.25  fold=3 ===
  BDOSC: k_hat=3  ACC=0.6790  NMI=0.5330  ARI=0.4006  1.7s

=== P1L_S1_C1 train[1] k=3  dim=576  frames=170  σ=0.25  fold=3 ===
  BDOSC: k_hat=3  ACC=0.7529  NMI=0.5448  ARI=0.4301  1.9s

=== P1L_S1_C1 train[2] k=3  dim=576  frames=155  σ=0.25  fold=3 ===
  BDOSC: k_hat=3  ACC=0.6194  NMI=0.5885  ARI=0.4428  1.6s

=== P1L_S1_C1 train[3] k=3  dim=576  frames=198  σ=0.25  fold=3 ===
  BDOSC: k_hat=3  ACC=0.6818  NMI=0.4392  ARI=0.2751  2.5s

=== P1L_S1_C1 train[4] k=3  dim=576  frames=166  σ=0.25  fold=3 ===
  BDOSC: k_hat=3  ACC=0.9036  NMI=0.7725  ARI=0.7572  1.9s

=== P1L_S1_C1 train[5] k=3  dim=576  frames=116  σ=0.25  fold=3 ===
  BDOSC: k_hat=3  ACC=0.7759  NMI=0.6079  ARI=0.5402  0.9s

=== P1L_S1_C1 train[6] k=3  dim=576  frames=175  σ=0.25  fold=3 ===
  BDOSC: k_hat=3  ACC=0.6229  NMI=0.5583  ARI=0.4631  2.1s

=== P1L_S1_C2 train[0] k=3  dim=576  frames=186  σ=0.25  fold=3 ===
  BDOSC: k_hat=3  ACC=0.5753  NMI=0.6274  ARI=0.4463  2.3s

=== P1L_S1_C2 train[1] k=3  dim=576  frames=137  σ=0.25  fold=3 ===
  BDOSC: k_hat=3  ACC=0.7883  NMI=0.6509  ARI=0.5260  1.3s

=== P1L_S1_C2 train[2] k=3  dim=576  frames=147  σ=0.25  fold=3 ===
  BDOSC: k_hat=3  ACC=0.7891  NMI=0.6197  ARI=0.5066  1.5s

=== P1L_S1_C2 train[3] k=3  dim=576  frames=128  σ=0.25  fold=3 ===
  BDOSC: k_hat=3  ACC=0.5625  NMI=0.6362  ARI=0.4585  1.2s

=== P1L_S1_C2 train[4] k=3  dim=576  frames=154  σ=0.25  fold=3 ===
  BDOSC: k_hat=3  ACC=0.6039  NMI=0.5268  ARI=0.4018  1.6s

=== P1L_S1_C2 train[5] k=3  dim=576  frames=142  σ=0.25  fold=3 ===
  BDOSC: k_hat=3  ACC=0.5563  NMI=0.4810  ARI=0.3175  1.3s

=== P1L_S1_C2 train[6] k=3  dim=576  frames=168  σ=0.25  fold=3 ===
  BDOSC: k_hat=3  ACC=0.6012  NMI=0.5251  ARI=0.3937  1.8s

=== P1L_S1_C3 train[0] k=3  dim=576  frames=60  σ=0.25  fold=3 ===
  BDOSC: k_hat=3  ACC=0.8667  NMI=0.6768  ARI=0.6166  0.3s

=== P1L_S1_C3 train[1] k=3  dim=576  frames=68  σ=0.25  fold=3 ===
  BDOSC: k_hat=3  ACC=0.9559  NMI=0.8517  ARI=0.8663  0.3s

=== P1L_S1_C3 train[2] k=3  dim=576  frames=65  σ=0.25  fold=3 ===
  BDOSC: k_hat=3  ACC=0.8923  NMI=0.7222  ARI=0.6933  0.3s

=== P1L_S1_C3 train[3] k=3  dim=576  frames=73  σ=0.25  fold=3 ===
  BDOSC: k_hat=3  ACC=0.9863  NMI=0.9480  ARI=0.9615  0.4s

=== P1L_S1_C3 train[4] k=3  dim=576  frames=64  σ=0.25  fold=3 ===
  BDOSC: k_hat=3  ACC=0.9844  NMI=0.9426  ARI=0.9548  0.3s

=== P1L_S1_C3 train[5] k=3  dim=576  frames=63  σ=0.25  fold=3 ===
  BDOSC: k_hat=3  ACC=0.7778  NMI=0.5924  ARI=0.4878  0.3s

=== P1L_S1_C3 train[6] k=3  dim=576  frames=75  σ=0.25  fold=3 ===
  BDOSC: k_hat=3  ACC=0.9733  NMI=0.8971  ARI=0.9210  0.4s

=== P1L_S2_C1 train[0] k=3  dim=576  frames=211  σ=0.25  fold=3 ===
  BDOSC: k_hat=3  ACC=0.6588  NMI=0.5422  ARI=0.3975  3.0s

=== P1L_S2_C1 train[1] k=3  dim=576  frames=190  σ=0.25  fold=3 ===
  BDOSC: k_hat=3  ACC=0.6158  NMI=0.4987  ARI=0.3460  2.3s

=== P1L_S2_C1 train[2] k=3  dim=576  frames=180  σ=0.25  fold=3 ===
  BDOSC: k_hat=3  ACC=0.6944  NMI=0.4652  ARI=0.2913  2.1s

=== P1L_S2_C1 train[3] k=3  dim=576  frames=172  σ=0.25  fold=3 ===
  BDOSC: k_hat=3  ACC=0.5872  NMI=0.4044  ARI=0.1901  2.0s

=== P1L_S2_C1 train[4] k=3  dim=576  frames=179  σ=0.25  fold=3 ===
  BDOSC: k_hat=3  ACC=0.6369  NMI=0.6350  ARI=0.4913  2.1s

=== P1L_S2_C1 train[5] k=3  dim=576  frames=180  σ=0.25  fold=3 ===
  BDOSC: k_hat=3  ACC=0.7000  NMI=0.5656  ARI=0.4662  2.1s

=== P1L_S2_C1 train[6] k=3  dim=576  frames=133  σ=0.25  fold=3 ===
  BDOSC: k_hat=3  ACC=0.6090  NMI=0.5494  ARI=0.4278  1.2s

=== P1L_S2_C2 train[0] k=3  dim=576  frames=194  σ=0.25  fold=3 ===
  BDOSC: k_hat=3  ACC=0.8763  NMI=0.7006  ARI=0.6351  2.4s

=== P1L_S2_C2 train[1] k=3  dim=576  frames=155  σ=0.25  fold=3 ===
  BDOSC: k_hat=3  ACC=0.6645  NMI=0.3974  ARI=0.2135  1.6s

=== P1L_S2_C2 train[2] k=3  dim=576  frames=134  σ=0.25  fold=3 ===
  BDOSC: k_hat=3  ACC=0.7388  NMI=0.6857  ARI=0.5080  1.2s

=== P1L_S2_C2 train[3] k=3  dim=576  frames=201  σ=0.25  fold=3 ===
  BDOSC: k_hat=3  ACC=0.7363  NMI=0.4708  ARI=0.3279  2.6s

=== P1L_S2_C2 train[4] k=3  dim=576  frames=171  σ=0.25  fold=3 ===
  BDOSC: k_hat=3  ACC=0.5439  NMI=0.6207  ARI=0.4452  2.0s

=== P1L_S2_C2 train[5] k=3  dim=576  frames=160  σ=0.25  fold=3 ===
  BDOSC: k_hat=3  ACC=0.9062  NMI=0.7778  ARI=0.7080  1.7s

=== P1L_S2_C2 train[6] k=3  dim=576  frames=154  σ=0.25  fold=3 ===
  BDOSC: k_hat=3  ACC=0.5584  NMI=0.3501  ARI=0.1109  1.6s

=== P1L_S2_C3 train[0] k=3  dim=576  frames=119  σ=0.25  fold=3 ===
  BDOSC: k_hat=3  ACC=0.7899  NMI=0.6364  ARI=0.4865  0.9s

=== P1L_S2_C3 train[1] k=3  dim=576  frames=101  σ=0.25  fold=3 ===
  BDOSC: k_hat=3  ACC=0.9208  NMI=0.8105  ARI=0.7726  0.7s

=== P1L_S2_C3 train[2] k=3  dim=576  frames=85  σ=0.25  fold=3 ===
  BDOSC: k_hat=3  ACC=0.8235  NMI=0.6473  ARI=0.5959  0.6s

=== P1L_S2_C3 train[3] k=3  dim=576  frames=126  σ=0.25  fold=3 ===
  BDOSC: k_hat=3  ACC=0.8413  NMI=0.7338  ARI=0.6082  1.0s

=== P1L_S2_C3 train[4] k=3  dim=576  frames=102  σ=0.25  fold=3 ===
  BDOSC: k_hat=3  ACC=0.5686  NMI=0.6595  ARI=0.4594  0.7s

=== P1L_S2_C3 train[5] k=3  dim=576  frames=121  σ=0.25  fold=3 ===
  BDOSC: k_hat=3  ACC=0.6694  NMI=0.4453  ARI=0.2441  1.0s

=== P1L_S2_C3 train[6] k=3  dim=576  frames=99  σ=0.25  fold=3 ===
  BDOSC: k_hat=3  ACC=0.8182  NMI=0.6087  ARI=0.5136  0.7s

=== P1L_S3_C1 train[0] k=3  dim=576  frames=156  σ=0.25  fold=3 ===
  BDOSC: k_hat=3  ACC=0.7628  NMI=0.6611  ARI=0.4535  1.7s

=== P1L_S3_C1 train[1] k=3  dim=576  frames=120  σ=0.25  fold=3 ===
  BDOSC: k_hat=3  ACC=0.7500  NMI=0.5551  ARI=0.4897  1.0s

=== P1L_S3_C1 train[2] k=3  dim=576  frames=185  σ=0.25  fold=3 ===
  BDOSC: k_hat=3  ACC=0.7297  NMI=0.5439  ARI=0.4305  2.3s

=== P1L_S3_C1 train[3] k=3  dim=576  frames=159  σ=0.25  fold=3 ===
  BDOSC: k_hat=3  ACC=0.6792  NMI=0.4390  ARI=0.2691  1.7s

=== P1L_S3_C1 train[4] k=3  dim=576  frames=172  σ=0.25  fold=3 ===
  BDOSC: k_hat=3  ACC=0.5814  NMI=0.3429  ARI=0.1167  2.0s

=== P1L_S3_C1 train[5] k=3  dim=576  frames=176  σ=0.25  fold=3 ===
  BDOSC: k_hat=3  ACC=0.9375  NMI=0.8057  ARI=0.8357  2.0s

=== P1L_S3_C1 train[6] k=3  dim=576  frames=134  σ=0.25  fold=3 ===
  BDOSC: k_hat=3  ACC=0.8433  NMI=0.6532  ARI=0.6119  1.3s

=== P1L_S3_C2 train[0] k=3  dim=576  frames=185  σ=0.25  fold=3 ===
  BDOSC: k_hat=3  ACC=0.8000  NMI=0.6179  ARI=0.5246  2.3s

=== P1L_S3_C2 train[1] k=3  dim=576  frames=125  σ=0.25  fold=3 ===
  BDOSC: k_hat=3  ACC=0.7520  NMI=0.5278  ARI=0.3732  1.1s

=== P1L_S3_C2 train[2] k=3  dim=576  frames=166  σ=0.25  fold=3 ===
  BDOSC: k_hat=3  ACC=0.7590  NMI=0.5929  ARI=0.5102  1.9s

=== P1L_S3_C2 train[3] k=3  dim=576  frames=168  σ=0.25  fold=3 ===
  BDOSC: k_hat=3  ACC=0.7917  NMI=0.7503  ARI=0.7085  1.9s

=== P1L_S3_C2 train[4] k=3  dim=576  frames=187  σ=0.25  fold=3 ===
  BDOSC: k_hat=3  ACC=0.7540  NMI=0.5883  ARI=0.4919  2.3s

=== P1L_S3_C2 train[5] k=3  dim=576  frames=229  σ=0.25  fold=3 ===
  BDOSC: k_hat=3  ACC=0.8646  NMI=0.7223  ARI=0.6687  3.5s

=== P1L_S3_C2 train[6] k=3  dim=576  frames=136  σ=0.25  fold=3 ===
  BDOSC: k_hat=3  ACC=0.7794  NMI=0.5404  ARI=0.4218  1.2s

=== P1L_S3_C3 train[0] k=3  dim=576  frames=151  σ=0.25  fold=3 ===
  BDOSC: k_hat=3  ACC=0.9470  NMI=0.8155  ARI=0.8381  1.5s

=== P1L_S3_C3 train[1] k=3  dim=576  frames=118  σ=0.25  fold=3 ===
  BDOSC: k_hat=3  ACC=0.8559  NMI=0.7312  ARI=0.6670  0.9s

=== P1L_S3_C3 train[2] k=3  dim=576  frames=121  σ=0.25  fold=3 ===
  BDOSC: k_hat=3  ACC=0.9835  NMI=0.9402  ARI=0.9534  1.0s

=== P1L_S3_C3 train[3] k=3  dim=576  frames=134  σ=0.25  fold=3 ===
  BDOSC: k_hat=3  ACC=0.7910  NMI=0.6006  ARI=0.4731  1.2s

=== P1L_S3_C3 train[4] k=3  dim=576  frames=110  σ=0.25  fold=3 ===
  BDOSC: k_hat=3  ACC=0.8545  NMI=0.6894  ARI=0.6443  0.8s

=== P1L_S3_C3 train[5] k=3  dim=576  frames=161  σ=0.25  fold=3 ===
  BDOSC: k_hat=3  ACC=0.6149  NMI=0.5088  ARI=0.3551  1.7s

=== P1L_S3_C3 train[6] k=3  dim=576  frames=114  σ=0.25  fold=3 ===
  BDOSC: k_hat=3  ACC=0.6316  NMI=0.5604  ARI=0.4750  0.9s

=== P1L_S4_C1 train[0] k=3  dim=576  frames=200  σ=0.25  fold=3 ===
  BDOSC: k_hat=3  ACC=0.6650  NMI=0.4512  ARI=0.2580  2.6s

=== P1L_S4_C1 train[1] k=3  dim=576  frames=157  σ=0.25  fold=3 ===
  BDOSC: k_hat=3  ACC=0.7962  NMI=0.6173  ARI=0.6097  1.7s

=== P1L_S4_C1 train[2] k=3  dim=576  frames=154  σ=0.25  fold=3 ===
  BDOSC: k_hat=3  ACC=0.8052  NMI=0.5968  ARI=0.4945  1.6s

=== P1L_S4_C1 train[3] k=3  dim=576  frames=142  σ=0.25  fold=3 ===
  BDOSC: k_hat=3  ACC=0.7042  NMI=0.4848  ARI=0.3140  1.4s

=== P1L_S4_C1 train[4] k=3  dim=576  frames=164  σ=0.25  fold=3 ===
  BDOSC: k_hat=3  ACC=1.0000  NMI=1.0000  ARI=1.0000  1.8s

=== P1L_S4_C1 train[5] k=3  dim=576  frames=187  σ=0.25  fold=3 ===
  BDOSC: k_hat=3  ACC=0.9305  NMI=0.7956  ARI=0.8157  2.3s

=== P1L_S4_C1 train[6] k=3  dim=576  frames=202  σ=0.25  fold=3 ===
  BDOSC: k_hat=3  ACC=0.7277  NMI=0.5800  ARI=0.4750  2.7s

=== P1L_S4_C2 train[0] k=3  dim=576  frames=157  σ=0.25  fold=3 ===
  BDOSC: k_hat=3  ACC=0.8280  NMI=0.7023  ARI=0.5585  1.7s

=== P1L_S4_C2 train[1] k=3  dim=576  frames=149  σ=0.25  fold=3 ===
  BDOSC: k_hat=3  ACC=0.6040  NMI=0.6694  ARI=0.4822  1.5s

=== P1L_S4_C2 train[2] k=3  dim=576  frames=175  σ=0.25  fold=3 ===
  BDOSC: k_hat=3  ACC=0.7086  NMI=0.5163  ARI=0.3936  2.0s

=== P1L_S4_C2 train[3] k=3  dim=576  frames=154  σ=0.25  fold=3 ===
  BDOSC: k_hat=3  ACC=0.8312  NMI=0.6454  ARI=0.6102  1.6s

=== P1L_S4_C2 train[4] k=3  dim=576  frames=152  σ=0.25  fold=3 ===
  BDOSC: k_hat=3  ACC=0.7763  NMI=0.5845  ARI=0.4947  1.6s

=== P1L_S4_C2 train[5] k=3  dim=576  frames=169  σ=0.25  fold=3 ===
  BDOSC: k_hat=3  ACC=0.5917  NMI=0.3821  ARI=0.1513  1.9s

=== P1L_S4_C2 train[6] k=3  dim=576  frames=153  σ=0.25  fold=3 ===
  BDOSC: k_hat=3  ACC=0.6013  NMI=0.4731  ARI=0.3077  1.6s

=== P1L_S4_C3 train[0] k=3  dim=576  frames=96  σ=0.25  fold=3 ===
  BDOSC: k_hat=3  ACC=1.0000  NMI=1.0000  ARI=1.0000  0.6s

=== P1L_S4_C3 train[1] k=3  dim=576  frames=107  σ=0.25  fold=3 ===
  BDOSC: k_hat=3  ACC=0.8505  NMI=0.7204  ARI=0.5871  0.8s

=== P1L_S4_C3 train[2] k=3  dim=576  frames=94  σ=0.25  fold=3 ===
  BDOSC: k_hat=3  ACC=0.8723  NMI=0.7486  ARI=0.6387  0.6s

=== P1L_S4_C3 train[3] k=3  dim=576  frames=112  σ=0.25  fold=3 ===
  BDOSC: k_hat=3  ACC=1.0000  NMI=1.0000  ARI=1.0000  0.8s

=== P1L_S4_C3 train[4] k=3  dim=576  frames=103  σ=0.25  fold=3 ===
  BDOSC: k_hat=3  ACC=0.8252  NMI=0.7260  ARI=0.5960  0.7s

=== P1L_S4_C3 train[5] k=3  dim=576  frames=105  σ=0.25  fold=3 ===
  BDOSC: k_hat=3  ACC=0.7810  NMI=0.6221  ARI=0.4968  0.8s

=== P1L_S4_C3 train[6] k=3  dim=576  frames=107  σ=0.25  fold=3 ===
  BDOSC: k_hat=3  ACC=0.7944  NMI=0.5951  ARI=0.4918  0.8s

=== P1E_S1_C1 test[0] k=3  dim=576  frames=140  σ=0.25  fold=3 ===
  BDOSC: k_hat=3  ACC=0.7643  NMI=0.6062  ARI=0.4510  1.3s

=== P1E_S1_C2 test[0] k=3  dim=576  frames=138  σ=0.25  fold=3 ===
  BDOSC: k_hat=3  ACC=0.8333  NMI=0.6560  ARI=0.5510  1.3s

=== P1E_S1_C3 test[0] k=3  dim=576  frames=61  σ=0.25  fold=3 ===
  BDOSC: k_hat=3  ACC=0.5902  NMI=0.5897  ARI=0.4424  0.3s

=== P1E_S2_C1 test[0] k=3  dim=576  frames=180  σ=0.25  fold=3 ===
  BDOSC: k_hat=3  ACC=0.9500  NMI=0.8532  ARI=0.8623  2.1s

=== P1E_S2_C2 test[0] k=3  dim=576  frames=144  σ=0.25  fold=3 ===
  BDOSC: k_hat=3  ACC=0.5833  NMI=0.5043  ARI=0.3552  1.4s

=== P1E_S2_C3 test[0] k=3  dim=576  frames=112  σ=0.25  fold=3 ===
  BDOSC: k_hat=3  ACC=0.5268  NMI=0.5454  ARI=0.3878  0.8s

=== P1E_S3_C1 test[0] k=3  dim=576  frames=161  σ=0.25  fold=3 ===
  BDOSC: k_hat=3  ACC=0.8571  NMI=0.6876  ARI=0.6553  1.7s

=== P1E_S3_C2 test[0] k=3  dim=576  frames=168  σ=0.25  fold=3 ===
  BDOSC: k_hat=3  ACC=0.9524  NMI=0.8367  ARI=0.8577  1.8s

=== P1E_S3_C3 test[0] k=3  dim=576  frames=125  σ=0.25  fold=3 ===
  BDOSC: k_hat=3  ACC=0.8640  NMI=0.6945  ARI=0.6353  1.0s

=== P1E_S4_C1 test[0] k=3  dim=576  frames=182  σ=0.25  fold=3 ===
  BDOSC: k_hat=3  ACC=0.9451  NMI=0.8330  ARI=0.8404  2.2s

=== P1E_S4_C2 test[0] k=3  dim=576  frames=126  σ=0.25  fold=3 ===
  BDOSC: k_hat=3  ACC=0.8968  NMI=0.7359  ARI=0.6924  1.1s

=== P1E_S4_C3 test[0] k=3  dim=576  frames=105  σ=0.25  fold=3 ===
  BDOSC: k_hat=3  ACC=0.7714  NMI=0.5997  ARI=0.4856  0.8s

=== P1L_S1_C1 test[0] k=3  dim=576  frames=182  σ=0.25  fold=3 ===
  BDOSC: k_hat=3  ACC=0.5989  NMI=0.5897  ARI=0.4243  2.2s

=== P1L_S1_C2 test[0] k=3  dim=576  frames=181  σ=0.25  fold=3 ===
  BDOSC: k_hat=3  ACC=0.8287  NMI=0.7001  ARI=0.5889  2.2s

=== P1L_S1_C3 test[0] k=3  dim=576  frames=74  σ=0.25  fold=3 ===
  BDOSC: k_hat=3  ACC=0.7973  NMI=0.5899  ARI=0.4784  0.4s

=== P1L_S2_C1 test[0] k=3  dim=576  frames=177  σ=0.25  fold=3 ===
  BDOSC: k_hat=3  ACC=0.7910  NMI=0.6087  ARI=0.5210  2.0s

=== P1L_S2_C2 test[0] k=3  dim=576  frames=186  σ=0.25  fold=3 ===
  BDOSC: k_hat=3  ACC=0.8065  NMI=0.6894  ARI=0.6331  2.3s

=== P1L_S2_C3 test[0] k=3  dim=576  frames=112  σ=0.25  fold=3 ===
  BDOSC: k_hat=3  ACC=0.9286  NMI=0.7874  ARI=0.7982  0.9s

=== P1L_S3_C1 test[0] k=3  dim=576  frames=156  σ=0.25  fold=3 ===
  BDOSC: k_hat=3  ACC=0.5897  NMI=0.6323  ARI=0.4742  1.6s

=== P1L_S3_C2 test[0] k=3  dim=576  frames=209  σ=0.25  fold=3 ===
  BDOSC: k_hat=3  ACC=0.9474  NMI=0.8284  ARI=0.8491  2.8s

=== P1L_S3_C3 test[0] k=3  dim=576  frames=142  σ=0.25  fold=3 ===
  BDOSC: k_hat=3  ACC=0.6620  NMI=0.3856  ARI=0.2030  1.3s

=== P1L_S4_C1 test[0] k=3  dim=576  frames=168  σ=0.25  fold=3 ===
  BDOSC: k_hat=3  ACC=0.6488  NMI=0.4767  ARI=0.3231  1.8s

=== P1L_S4_C2 test[0] k=3  dim=576  frames=168  σ=0.25  fold=3 ===
  BDOSC: k_hat=3  ACC=0.6726  NMI=0.3827  ARI=0.2337  1.8s

=== P1L_S4_C3 test[0] k=3  dim=576  frames=117  σ=0.25  fold=3 ===
  BDOSC: k_hat=3  ACC=0.8547  NMI=0.6999  ARI=0.5966  0.9s
  tune_pool_groups=20: sampling from 22 held-in people (overlap allowed) instead of the 7 fixed partition group(s)

============================================================
σ=0.25 fold=4  test=['0001', '0011', '0023']  train mats=168  test mats=24  tune mats=480
  BDOSC: skip tuning, fixed lambda_1=0.2, lambda_2=1, gamma_1=0.01, p=1.1, max_iter=50
  wrote /nfs/turbo/umms-minjilab/lpullela/icassp_ssc_tv2/block_ssc_benchmark/cv/params/surveillance/split_k3_sigmas_min30_trials20_params_knownk_cv_bdosc_k3_sigma0p25_sigma0.25_fold4.json

=== P1E_S1_C1 train[0] k=3  dim=576  frames=146  σ=0.25  fold=4 ===
  BDOSC: k_hat=3  ACC=0.6233  NMI=0.4855  ARI=0.3168  1.5s

=== P1E_S1_C1 train[1] k=3  dim=576  frames=153  σ=0.25  fold=4 ===
  BDOSC: k_hat=3  ACC=0.7582  NMI=0.5848  ARI=0.4899  1.6s

=== P1E_S1_C1 train[2] k=3  dim=576  frames=130  σ=0.25  fold=4 ===
  BDOSC: k_hat=3  ACC=0.9308  NMI=0.8347  ARI=0.8096  1.1s

=== P1E_S1_C1 train[3] k=3  dim=576  frames=140  σ=0.25  fold=4 ===
  BDOSC: k_hat=3  ACC=0.7643  NMI=0.6062  ARI=0.4510  1.3s

=== P1E_S1_C1 train[4] k=3  dim=576  frames=151  σ=0.25  fold=4 ===
  BDOSC: k_hat=3  ACC=0.8146  NMI=0.6450  ARI=0.5839  1.5s

=== P1E_S1_C1 train[5] k=3  dim=576  frames=140  σ=0.25  fold=4 ===
  BDOSC: k_hat=3  ACC=0.7429  NMI=0.5443  ARI=0.4169  1.3s

=== P1E_S1_C1 train[6] k=3  dim=576  frames=171  σ=0.25  fold=4 ===
  BDOSC: k_hat=3  ACC=0.8012  NMI=0.6664  ARI=0.5913  2.0s

=== P1E_S1_C2 train[0] k=3  dim=576  frames=147  σ=0.25  fold=4 ===
  BDOSC: k_hat=3  ACC=0.8095  NMI=0.6730  ARI=0.5302  1.4s

=== P1E_S1_C2 train[1] k=3  dim=576  frames=115  σ=0.25  fold=4 ===
  BDOSC: k_hat=3  ACC=0.7739  NMI=0.5856  ARI=0.4739  0.9s

=== P1E_S1_C2 train[2] k=3  dim=576  frames=104  σ=0.25  fold=4 ===
  BDOSC: k_hat=3  ACC=0.7308  NMI=0.5624  ARI=0.4284  0.8s

=== P1E_S1_C2 train[3] k=3  dim=576  frames=138  σ=0.25  fold=4 ===
  BDOSC: k_hat=3  ACC=0.8333  NMI=0.6560  ARI=0.5510  1.3s

=== P1E_S1_C2 train[4] k=3  dim=576  frames=122  σ=0.25  fold=4 ===
  BDOSC: k_hat=3  ACC=0.9426  NMI=0.8377  ARI=0.8517  1.0s

=== P1E_S1_C2 train[5] k=3  dim=576  frames=122  σ=0.25  fold=4 ===
  BDOSC: k_hat=3  ACC=0.9508  NMI=0.8421  ARI=0.8626  1.0s

=== P1E_S1_C2 train[6] k=3  dim=576  frames=134  σ=0.25  fold=4 ===
  BDOSC: k_hat=3  ACC=0.7761  NMI=0.6060  ARI=0.5325  1.2s

=== P1E_S1_C3 train[0] k=3  dim=576  frames=58  σ=0.25  fold=4 ===
  BDOSC: k_hat=3  ACC=0.9483  NMI=0.8283  ARI=0.8385  0.3s

=== P1E_S1_C3 train[1] k=3  dim=576  frames=56  σ=0.25  fold=4 ===
  BDOSC: k_hat=3  ACC=0.8929  NMI=0.7305  ARI=0.7463  0.3s

=== P1E_S1_C3 train[2] k=3  dim=576  frames=47  σ=0.25  fold=4 ===
  BDOSC: k_hat=3  ACC=0.7660  NMI=0.6380  ARI=0.4948  0.2s

=== P1E_S1_C3 train[3] k=3  dim=576  frames=61  σ=0.25  fold=4 ===
  BDOSC: k_hat=3  ACC=0.5902  NMI=0.5897  ARI=0.4424  0.3s

=== P1E_S1_C3 train[4] k=3  dim=576  frames=55  σ=0.25  fold=4 ===
  BDOSC: k_hat=3  ACC=0.8727  NMI=0.7204  ARI=0.6568  0.3s

=== P1E_S1_C3 train[5] k=3  dim=576  frames=51  σ=0.25  fold=4 ===
  BDOSC: k_hat=3  ACC=0.9216  NMI=0.7675  ARI=0.7620  0.2s

=== P1E_S1_C3 train[6] k=3  dim=576  frames=69  σ=0.25  fold=4 ===
  BDOSC: k_hat=3  ACC=0.8696  NMI=0.7051  ARI=0.6603  0.4s

=== P1E_S2_C1 train[0] k=3  dim=576  frames=167  σ=0.25  fold=4 ===
  BDOSC: k_hat=3  ACC=0.5210  NMI=0.5656  ARI=0.3862  1.9s

=== P1E_S2_C1 train[1] k=3  dim=576  frames=151  σ=0.25  fold=4 ===
  BDOSC: k_hat=3  ACC=0.5166  NMI=0.5534  ARI=0.3914  1.5s

=== P1E_S2_C1 train[2] k=3  dim=576  frames=136  σ=0.25  fold=4 ===
  BDOSC: k_hat=3  ACC=0.6250  NMI=0.3679  ARI=0.1583  1.2s

=== P1E_S2_C1 train[3] k=3  dim=576  frames=180  σ=0.25  fold=4 ===
  BDOSC: k_hat=3  ACC=0.9500  NMI=0.8532  ARI=0.8623  2.1s

=== P1E_S2_C1 train[4] k=3  dim=576  frames=124  σ=0.25  fold=4 ===
  BDOSC: k_hat=3  ACC=0.5565  NMI=0.5884  ARI=0.4353  1.0s

=== P1E_S2_C1 train[5] k=3  dim=576  frames=161  σ=0.25  fold=4 ===
  BDOSC: k_hat=3  ACC=0.7329  NMI=0.5485  ARI=0.4253  1.7s

=== P1E_S2_C1 train[6] k=3  dim=576  frames=153  σ=0.25  fold=4 ===
  BDOSC: k_hat=3  ACC=0.7712  NMI=0.6029  ARI=0.4956  1.6s

=== P1E_S2_C2 train[0] k=3  dim=576  frames=146  σ=0.25  fold=4 ===
  BDOSC: k_hat=3  ACC=0.8562  NMI=0.6645  ARI=0.6324  1.5s

=== P1E_S2_C2 train[1] k=3  dim=576  frames=115  σ=0.25  fold=4 ===
  BDOSC: k_hat=3  ACC=0.8783  NMI=0.6990  ARI=0.6691  0.9s

=== P1E_S2_C2 train[2] k=3  dim=576  frames=109  σ=0.25  fold=4 ===
  BDOSC: k_hat=3  ACC=0.8073  NMI=0.6157  ARI=0.5523  0.8s

=== P1E_S2_C2 train[3] k=3  dim=576  frames=144  σ=0.25  fold=4 ===
  BDOSC: k_hat=3  ACC=0.5833  NMI=0.5043  ARI=0.3552  1.4s

=== P1E_S2_C2 train[4] k=3  dim=576  frames=109  σ=0.25  fold=4 ===
  BDOSC: k_hat=3  ACC=0.7615  NMI=0.5966  ARI=0.4808  0.8s

=== P1E_S2_C2 train[5] k=3  dim=576  frames=128  σ=0.25  fold=4 ===
  BDOSC: k_hat=3  ACC=0.7969  NMI=0.6189  ARI=0.5319  1.2s

=== P1E_S2_C2 train[6] k=3  dim=576  frames=126  σ=0.25  fold=4 ===
  BDOSC: k_hat=3  ACC=0.6825  NMI=0.4608  ARI=0.2672  1.1s

=== P1E_S2_C3 train[0] k=3  dim=576  frames=113  σ=0.25  fold=4 ===
  BDOSC: k_hat=3  ACC=0.7788  NMI=0.5838  ARI=0.4452  0.9s

=== P1E_S2_C3 train[1] k=3  dim=576  frames=88  σ=0.25  fold=4 ===
  BDOSC: k_hat=3  ACC=0.6023  NMI=0.4887  ARI=0.3165  0.6s

=== P1E_S2_C3 train[2] k=3  dim=576  frames=90  σ=0.25  fold=4 ===
  BDOSC: k_hat=3  ACC=0.8889  NMI=0.7265  ARI=0.7075  0.6s

=== P1E_S2_C3 train[3] k=3  dim=576  frames=112  σ=0.25  fold=4 ===
  BDOSC: k_hat=3  ACC=0.5268  NMI=0.5454  ARI=0.3878  0.8s

=== P1E_S2_C3 train[4] k=3  dim=576  frames=87  σ=0.25  fold=4 ===
  BDOSC: k_hat=3  ACC=0.6322  NMI=0.4167  ARI=0.1899  0.6s

=== P1E_S2_C3 train[5] k=3  dim=576  frames=105  σ=0.25  fold=4 ===
  BDOSC: k_hat=3  ACC=0.7238  NMI=0.5440  ARI=0.4346  0.8s

=== P1E_S2_C3 train[6] k=3  dim=576  frames=89  σ=0.25  fold=4 ===
  BDOSC: k_hat=3  ACC=0.5618  NMI=0.6067  ARI=0.4254  0.6s

=== P1E_S3_C1 train[0] k=3  dim=576  frames=166  σ=0.25  fold=4 ===
  BDOSC: k_hat=3  ACC=0.7771  NMI=0.6018  ARI=0.4766  1.9s

=== P1E_S3_C1 train[1] k=3  dim=576  frames=139  σ=0.25  fold=4 ===
  BDOSC: k_hat=3  ACC=0.5899  NMI=0.5095  ARI=0.3490  1.3s

=== P1E_S3_C1 train[2] k=3  dim=576  frames=134  σ=0.25  fold=4 ===
  BDOSC: k_hat=3  ACC=0.7612  NMI=0.5877  ARI=0.4618  1.2s

=== P1E_S3_C1 train[3] k=3  dim=576  frames=161  σ=0.25  fold=4 ===
  BDOSC: k_hat=3  ACC=0.8571  NMI=0.6876  ARI=0.6553  1.7s

=== P1E_S3_C1 train[4] k=3  dim=576  frames=123  σ=0.25  fold=4 ===
  BDOSC: k_hat=3  ACC=0.6911  NMI=0.4632  ARI=0.2708  1.0s

=== P1E_S3_C1 train[5] k=3  dim=576  frames=204  σ=0.25  fold=4 ===
  BDOSC: k_hat=3  ACC=0.9510  NMI=0.8397  ARI=0.8865  2.9s

=== P1E_S3_C1 train[6] k=3  dim=576  frames=112  σ=0.25  fold=4 ===
  BDOSC: k_hat=3  ACC=0.7411  NMI=0.5240  ARI=0.3714  0.8s

=== P1E_S3_C2 train[0] k=3  dim=576  frames=147  σ=0.25  fold=4 ===
  BDOSC: k_hat=3  ACC=0.7075  NMI=0.5396  ARI=0.3761  1.4s

=== P1E_S3_C2 train[1] k=3  dim=576  frames=120  σ=0.25  fold=4 ===
  BDOSC: k_hat=3  ACC=0.7000  NMI=0.5244  ARI=0.3635  1.0s

=== P1E_S3_C2 train[2] k=3  dim=576  frames=112  σ=0.25  fold=4 ===
  BDOSC: k_hat=3  ACC=0.8571  NMI=0.6637  ARI=0.6114  0.9s

=== P1E_S3_C2 train[3] k=3  dim=576  frames=168  σ=0.25  fold=4 ===
  BDOSC: k_hat=3  ACC=0.9524  NMI=0.8367  ARI=0.8577  1.8s

=== P1E_S3_C2 train[4] k=3  dim=576  frames=107  σ=0.25  fold=4 ===
  BDOSC: k_hat=3  ACC=0.9159  NMI=0.8240  ARI=0.8049  0.8s

=== P1E_S3_C2 train[5] k=3  dim=576  frames=146  σ=0.25  fold=4 ===
  BDOSC: k_hat=3  ACC=0.5685  NMI=0.5812  ARI=0.4353  1.5s

=== P1E_S3_C2 train[6] k=3  dim=576  frames=114  σ=0.25  fold=4 ===
  BDOSC: k_hat=3  ACC=0.6053  NMI=0.6421  ARI=0.4818  0.9s

=== P1E_S3_C3 train[0] k=3  dim=576  frames=105  σ=0.25  fold=4 ===
  BDOSC: k_hat=3  ACC=0.7905  NMI=0.5955  ARI=0.4936  0.8s

=== P1E_S3_C3 train[1] k=3  dim=576  frames=89  σ=0.25  fold=4 ===
  BDOSC: k_hat=3  ACC=0.7528  NMI=0.6187  ARI=0.4620  0.6s

=== P1E_S3_C3 train[2] k=3  dim=576  frames=84  σ=0.25  fold=4 ===
  BDOSC: k_hat=3  ACC=0.9286  NMI=0.7840  ARI=0.7900  0.5s

=== P1E_S3_C3 train[3] k=3  dim=576  frames=125  σ=0.25  fold=4 ===
  BDOSC: k_hat=3  ACC=0.8640  NMI=0.6945  ARI=0.6353  1.0s

=== P1E_S3_C3 train[4] k=3  dim=576  frames=83  σ=0.25  fold=4 ===
  BDOSC: k_hat=3  ACC=0.9277  NMI=0.7923  ARI=0.8098  0.5s

=== P1E_S3_C3 train[5] k=3  dim=576  frames=129  σ=0.25  fold=4 ===
  BDOSC: k_hat=3  ACC=0.5891  NMI=0.3512  ARI=0.1221  1.1s

=== P1E_S3_C3 train[6] k=3  dim=576  frames=84  σ=0.25  fold=4 ===
  BDOSC: k_hat=3  ACC=0.6071  NMI=0.5688  ARI=0.4593  0.5s

=== P1E_S4_C1 train[0] k=3  dim=576  frames=158  σ=0.25  fold=4 ===
  BDOSC: k_hat=3  ACC=0.8481  NMI=0.7223  ARI=0.6349  1.7s

=== P1E_S4_C1 train[1] k=3  dim=576  frames=107  σ=0.25  fold=4 ===
  BDOSC: k_hat=3  ACC=0.7009  NMI=0.4532  ARI=0.2676  0.8s

=== P1E_S4_C1 train[2] k=3  dim=576  frames=155  σ=0.25  fold=4 ===
  BDOSC: k_hat=3  ACC=0.8258  NMI=0.7069  ARI=0.6177  1.6s

=== P1E_S4_C1 train[3] k=3  dim=576  frames=182  σ=0.25  fold=4 ===
  BDOSC: k_hat=3  ACC=0.9451  NMI=0.8330  ARI=0.8404  2.2s

=== P1E_S4_C1 train[4] k=3  dim=576  frames=133  σ=0.25  fold=4 ===
  BDOSC: k_hat=3  ACC=0.8797  NMI=0.7421  ARI=0.7088  1.2s

=== P1E_S4_C1 train[5] k=3  dim=576  frames=147  σ=0.25  fold=4 ===
  BDOSC: k_hat=3  ACC=0.8707  NMI=0.6782  ARI=0.6644  1.5s

=== P1E_S4_C1 train[6] k=3  dim=576  frames=145  σ=0.25  fold=4 ===
  BDOSC: k_hat=3  ACC=0.5931  NMI=0.3658  ARI=0.1322  1.4s

=== P1E_S4_C2 train[0] k=3  dim=576  frames=117  σ=0.25  fold=4 ===
  BDOSC: k_hat=3  ACC=0.7778  NMI=0.5916  ARI=0.5126  1.0s

=== P1E_S4_C2 train[1] k=3  dim=576  frames=125  σ=0.25  fold=4 ===
  BDOSC: k_hat=3  ACC=0.9040  NMI=0.7756  ARI=0.7500  1.1s

=== P1E_S4_C2 train[2] k=3  dim=576  frames=122  σ=0.25  fold=4 ===
  BDOSC: k_hat=3  ACC=0.9426  NMI=0.8530  ARI=0.8373  1.0s

=== P1E_S4_C2 train[3] k=3  dim=576  frames=126  σ=0.25  fold=4 ===
  BDOSC: k_hat=3  ACC=0.8968  NMI=0.7359  ARI=0.6924  1.1s

=== P1E_S4_C2 train[4] k=3  dim=576  frames=129  σ=0.25  fold=4 ===
  BDOSC: k_hat=3  ACC=0.8915  NMI=0.7467  ARI=0.7406  1.1s

=== P1E_S4_C2 train[5] k=3  dim=576  frames=146  σ=0.25  fold=4 ===
  BDOSC: k_hat=3  ACC=0.8219  NMI=0.6605  ARI=0.6030  1.5s

=== P1E_S4_C2 train[6] k=3  dim=576  frames=110  σ=0.25  fold=4 ===
  BDOSC: k_hat=3  ACC=0.7455  NMI=0.6303  ARI=0.5216  0.9s

=== P1E_S4_C3 train[0] k=3  dim=576  frames=90  σ=0.25  fold=4 ===
  BDOSC: k_hat=3  ACC=0.9556  NMI=0.8514  ARI=0.8619  0.6s

=== P1E_S4_C3 train[1] k=3  dim=576  frames=64  σ=0.25  fold=4 ===
  BDOSC: k_hat=3  ACC=0.8281  NMI=0.6574  ARI=0.5948  0.3s

=== P1E_S4_C3 train[2] k=3  dim=576  frames=85  σ=0.25  fold=4 ===
  BDOSC: k_hat=3  ACC=0.8118  NMI=0.7286  ARI=0.6071  0.6s

=== P1E_S4_C3 train[3] k=3  dim=576  frames=105  σ=0.25  fold=4 ===
  BDOSC: k_hat=3  ACC=0.7714  NMI=0.5997  ARI=0.4856  0.8s

=== P1E_S4_C3 train[4] k=3  dim=576  frames=76  σ=0.25  fold=4 ===
  BDOSC: k_hat=3  ACC=0.8816  NMI=0.7306  ARI=0.7094  0.5s

=== P1E_S4_C3 train[5] k=3  dim=576  frames=106  σ=0.25  fold=4 ===
  BDOSC: k_hat=3  ACC=0.6792  NMI=0.4553  ARI=0.2547  0.8s

=== P1E_S4_C3 train[6] k=3  dim=576  frames=79  σ=0.25  fold=4 ===
  BDOSC: k_hat=3  ACC=0.9494  NMI=0.8427  ARI=0.8594  0.5s

=== P1L_S1_C1 train[0] k=3  dim=576  frames=162  σ=0.25  fold=4 ===
  BDOSC: k_hat=3  ACC=0.6790  NMI=0.5330  ARI=0.4006  1.8s

=== P1L_S1_C1 train[1] k=3  dim=576  frames=170  σ=0.25  fold=4 ===
  BDOSC: k_hat=3  ACC=0.7529  NMI=0.5448  ARI=0.4301  2.0s

=== P1L_S1_C1 train[2] k=3  dim=576  frames=155  σ=0.25  fold=4 ===
  BDOSC: k_hat=3  ACC=0.6194  NMI=0.5885  ARI=0.4428  1.7s

=== P1L_S1_C1 train[3] k=3  dim=576  frames=182  σ=0.25  fold=4 ===
  BDOSC: k_hat=3  ACC=0.5989  NMI=0.5897  ARI=0.4243  2.2s

=== P1L_S1_C1 train[4] k=3  dim=576  frames=166  σ=0.25  fold=4 ===
  BDOSC: k_hat=3  ACC=0.9036  NMI=0.7725  ARI=0.7572  1.9s

=== P1L_S1_C1 train[5] k=3  dim=576  frames=116  σ=0.25  fold=4 ===
  BDOSC: k_hat=3  ACC=0.7759  NMI=0.6079  ARI=0.5402  0.9s

=== P1L_S1_C1 train[6] k=3  dim=576  frames=175  σ=0.25  fold=4 ===
  BDOSC: k_hat=3  ACC=0.6229  NMI=0.5583  ARI=0.4631  2.1s

=== P1L_S1_C2 train[0] k=3  dim=576  frames=186  σ=0.25  fold=4 ===
  BDOSC: k_hat=3  ACC=0.5753  NMI=0.6274  ARI=0.4463  2.3s

=== P1L_S1_C2 train[1] k=3  dim=576  frames=137  σ=0.25  fold=4 ===
  BDOSC: k_hat=3  ACC=0.7883  NMI=0.6509  ARI=0.5260  1.3s

=== P1L_S1_C2 train[2] k=3  dim=576  frames=147  σ=0.25  fold=4 ===
  BDOSC: k_hat=3  ACC=0.7891  NMI=0.6197  ARI=0.5066  1.5s

=== P1L_S1_C2 train[3] k=3  dim=576  frames=181  σ=0.25  fold=4 ===
  BDOSC: k_hat=3  ACC=0.8287  NMI=0.7001  ARI=0.5889  2.2s

=== P1L_S1_C2 train[4] k=3  dim=576  frames=154  σ=0.25  fold=4 ===
  BDOSC: k_hat=3  ACC=0.6039  NMI=0.5268  ARI=0.4018  1.6s

=== P1L_S1_C2 train[5] k=3  dim=576  frames=142  σ=0.25  fold=4 ===
  BDOSC: k_hat=3  ACC=0.5563  NMI=0.4810  ARI=0.3175  1.3s

=== P1L_S1_C2 train[6] k=3  dim=576  frames=168  σ=0.25  fold=4 ===
  BDOSC: k_hat=3  ACC=0.6012  NMI=0.5251  ARI=0.3937  1.8s

=== P1L_S1_C3 train[0] k=3  dim=576  frames=60  σ=0.25  fold=4 ===
  BDOSC: k_hat=3  ACC=0.8667  NMI=0.6768  ARI=0.6166  0.3s

=== P1L_S1_C3 train[1] k=3  dim=576  frames=68  σ=0.25  fold=4 ===
  BDOSC: k_hat=3  ACC=0.9559  NMI=0.8517  ARI=0.8663  0.3s

=== P1L_S1_C3 train[2] k=3  dim=576  frames=65  σ=0.25  fold=4 ===
  BDOSC: k_hat=3  ACC=0.8923  NMI=0.7222  ARI=0.6933  0.3s

=== P1L_S1_C3 train[3] k=3  dim=576  frames=74  σ=0.25  fold=4 ===
  BDOSC: k_hat=3  ACC=0.7973  NMI=0.5899  ARI=0.4784  0.4s

=== P1L_S1_C3 train[4] k=3  dim=576  frames=64  σ=0.25  fold=4 ===
  BDOSC: k_hat=3  ACC=0.9844  NMI=0.9426  ARI=0.9548  0.3s

=== P1L_S1_C3 train[5] k=3  dim=576  frames=63  σ=0.25  fold=4 ===
  BDOSC: k_hat=3  ACC=0.7778  NMI=0.5924  ARI=0.4878  0.3s

=== P1L_S1_C3 train[6] k=3  dim=576  frames=75  σ=0.25  fold=4 ===
  BDOSC: k_hat=3  ACC=0.9733  NMI=0.8971  ARI=0.9210  0.4s

=== P1L_S2_C1 train[0] k=3  dim=576  frames=211  σ=0.25  fold=4 ===
  BDOSC: k_hat=3  ACC=0.6588  NMI=0.5422  ARI=0.3975  3.0s

=== P1L_S2_C1 train[1] k=3  dim=576  frames=190  σ=0.25  fold=4 ===
  BDOSC: k_hat=3  ACC=0.6158  NMI=0.4987  ARI=0.3460  2.3s

=== P1L_S2_C1 train[2] k=3  dim=576  frames=180  σ=0.25  fold=4 ===
  BDOSC: k_hat=3  ACC=0.6944  NMI=0.4652  ARI=0.2913  2.1s

=== P1L_S2_C1 train[3] k=3  dim=576  frames=177  σ=0.25  fold=4 ===
  BDOSC: k_hat=3  ACC=0.7910  NMI=0.6087  ARI=0.5210  2.0s

=== P1L_S2_C1 train[4] k=3  dim=576  frames=179  σ=0.25  fold=4 ===
  BDOSC: k_hat=3  ACC=0.6369  NMI=0.6350  ARI=0.4913  2.0s

=== P1L_S2_C1 train[5] k=3  dim=576  frames=180  σ=0.25  fold=4 ===
  BDOSC: k_hat=3  ACC=0.7000  NMI=0.5656  ARI=0.4662  2.1s

=== P1L_S2_C1 train[6] k=3  dim=576  frames=133  σ=0.25  fold=4 ===
  BDOSC: k_hat=3  ACC=0.6090  NMI=0.5494  ARI=0.4278  1.2s

=== P1L_S2_C2 train[0] k=3  dim=576  frames=194  σ=0.25  fold=4 ===
  BDOSC: k_hat=3  ACC=0.8763  NMI=0.7006  ARI=0.6351  2.5s

=== P1L_S2_C2 train[1] k=3  dim=576  frames=155  σ=0.25  fold=4 ===
  BDOSC: k_hat=3  ACC=0.6645  NMI=0.3974  ARI=0.2135  1.6s

=== P1L_S2_C2 train[2] k=3  dim=576  frames=134  σ=0.25  fold=4 ===
  BDOSC: k_hat=3  ACC=0.7388  NMI=0.6857  ARI=0.5080  1.2s

=== P1L_S2_C2 train[3] k=3  dim=576  frames=186  σ=0.25  fold=4 ===
  BDOSC: k_hat=3  ACC=0.8065  NMI=0.6894  ARI=0.6331  2.3s

=== P1L_S2_C2 train[4] k=3  dim=576  frames=171  σ=0.25  fold=4 ===
  BDOSC: k_hat=3  ACC=0.5439  NMI=0.6207  ARI=0.4452  2.0s

=== P1L_S2_C2 train[5] k=3  dim=576  frames=160  σ=0.25  fold=4 ===
  BDOSC: k_hat=3  ACC=0.9062  NMI=0.7778  ARI=0.7080  1.7s

=== P1L_S2_C2 train[6] k=3  dim=576  frames=154  σ=0.25  fold=4 ===
  BDOSC: k_hat=3  ACC=0.5584  NMI=0.3501  ARI=0.1109  1.6s

=== P1L_S2_C3 train[0] k=3  dim=576  frames=119  σ=0.25  fold=4 ===
  BDOSC: k_hat=3  ACC=0.7899  NMI=0.6364  ARI=0.4865  0.9s

=== P1L_S2_C3 train[1] k=3  dim=576  frames=101  σ=0.25  fold=4 ===
  BDOSC: k_hat=3  ACC=0.9208  NMI=0.8105  ARI=0.7726  0.7s

=== P1L_S2_C3 train[2] k=3  dim=576  frames=85  σ=0.25  fold=4 ===
  BDOSC: k_hat=3  ACC=0.8235  NMI=0.6473  ARI=0.5959  0.6s

=== P1L_S2_C3 train[3] k=3  dim=576  frames=112  σ=0.25  fold=4 ===
  BDOSC: k_hat=3  ACC=0.9286  NMI=0.7874  ARI=0.7982  0.9s

=== P1L_S2_C3 train[4] k=3  dim=576  frames=102  σ=0.25  fold=4 ===
  BDOSC: k_hat=3  ACC=0.5686  NMI=0.6595  ARI=0.4594  0.7s

=== P1L_S2_C3 train[5] k=3  dim=576  frames=121  σ=0.25  fold=4 ===
  BDOSC: k_hat=3  ACC=0.6694  NMI=0.4453  ARI=0.2441  1.0s

=== P1L_S2_C3 train[6] k=3  dim=576  frames=99  σ=0.25  fold=4 ===
  BDOSC: k_hat=3  ACC=0.8182  NMI=0.6087  ARI=0.5136  0.7s

=== P1L_S3_C1 train[0] k=3  dim=576  frames=156  σ=0.25  fold=4 ===
  BDOSC: k_hat=3  ACC=0.7628  NMI=0.6611  ARI=0.4535  1.6s

=== P1L_S3_C1 train[1] k=3  dim=576  frames=120  σ=0.25  fold=4 ===
  BDOSC: k_hat=3  ACC=0.7500  NMI=0.5551  ARI=0.4897  1.0s

=== P1L_S3_C1 train[2] k=3  dim=576  frames=185  σ=0.25  fold=4 ===
  BDOSC: k_hat=3  ACC=0.7297  NMI=0.5439  ARI=0.4305  2.3s

=== P1L_S3_C1 train[3] k=3  dim=576  frames=156  σ=0.25  fold=4 ===
  BDOSC: k_hat=3  ACC=0.5897  NMI=0.6323  ARI=0.4742  1.6s

=== P1L_S3_C1 train[4] k=3  dim=576  frames=172  σ=0.25  fold=4 ===
  BDOSC: k_hat=3  ACC=0.5814  NMI=0.3429  ARI=0.1167  1.9s

=== P1L_S3_C1 train[5] k=3  dim=576  frames=176  σ=0.25  fold=4 ===
  BDOSC: k_hat=3  ACC=0.9375  NMI=0.8057  ARI=0.8357  2.0s

=== P1L_S3_C1 train[6] k=3  dim=576  frames=134  σ=0.25  fold=4 ===
  BDOSC: k_hat=3  ACC=0.8433  NMI=0.6532  ARI=0.6119  1.2s

=== P1L_S3_C2 train[0] k=3  dim=576  frames=185  σ=0.25  fold=4 ===
  BDOSC: k_hat=3  ACC=0.8000  NMI=0.6179  ARI=0.5246  2.2s

=== P1L_S3_C2 train[1] k=3  dim=576  frames=125  σ=0.25  fold=4 ===
  BDOSC: k_hat=3  ACC=0.7520  NMI=0.5278  ARI=0.3732  1.1s

=== P1L_S3_C2 train[2] k=3  dim=576  frames=166  σ=0.25  fold=4 ===
  BDOSC: k_hat=3  ACC=0.7590  NMI=0.5929  ARI=0.5102  1.9s

=== P1L_S3_C2 train[3] k=3  dim=576  frames=209  σ=0.25  fold=4 ===
  BDOSC: k_hat=3  ACC=0.9474  NMI=0.8284  ARI=0.8491  2.8s

=== P1L_S3_C2 train[4] k=3  dim=576  frames=187  σ=0.25  fold=4 ===
  BDOSC: k_hat=3  ACC=0.7540  NMI=0.5883  ARI=0.4919  2.3s

=== P1L_S3_C2 train[5] k=3  dim=576  frames=229  σ=0.25  fold=4 ===
  BDOSC: k_hat=3  ACC=0.8646  NMI=0.7223  ARI=0.6687  3.5s

=== P1L_S3_C2 train[6] k=3  dim=576  frames=136  σ=0.25  fold=4 ===
  BDOSC: k_hat=3  ACC=0.7794  NMI=0.5404  ARI=0.4218  1.2s

=== P1L_S3_C3 train[0] k=3  dim=576  frames=151  σ=0.25  fold=4 ===
  BDOSC: k_hat=3  ACC=0.9470  NMI=0.8155  ARI=0.8381  1.5s

=== P1L_S3_C3 train[1] k=3  dim=576  frames=118  σ=0.25  fold=4 ===
  BDOSC: k_hat=3  ACC=0.8559  NMI=0.7312  ARI=0.6670  0.9s

=== P1L_S3_C3 train[2] k=3  dim=576  frames=121  σ=0.25  fold=4 ===
  BDOSC: k_hat=3  ACC=0.9835  NMI=0.9402  ARI=0.9534  1.0s

=== P1L_S3_C3 train[3] k=3  dim=576  frames=142  σ=0.25  fold=4 ===
  BDOSC: k_hat=3  ACC=0.6620  NMI=0.3856  ARI=0.2030  1.3s

=== P1L_S3_C3 train[4] k=3  dim=576  frames=110  σ=0.25  fold=4 ===
  BDOSC: k_hat=3  ACC=0.8545  NMI=0.6894  ARI=0.6443  0.8s

=== P1L_S3_C3 train[5] k=3  dim=576  frames=161  σ=0.25  fold=4 ===
  BDOSC: k_hat=3  ACC=0.6149  NMI=0.5088  ARI=0.3551  1.7s

=== P1L_S3_C3 train[6] k=3  dim=576  frames=114  σ=0.25  fold=4 ===
  BDOSC: k_hat=3  ACC=0.6316  NMI=0.5604  ARI=0.4750  0.9s

=== P1L_S4_C1 train[0] k=3  dim=576  frames=200  σ=0.25  fold=4 ===
  BDOSC: k_hat=3  ACC=0.6650  NMI=0.4512  ARI=0.2580  2.6s

=== P1L_S4_C1 train[1] k=3  dim=576  frames=157  σ=0.25  fold=4 ===
  BDOSC: k_hat=3  ACC=0.7962  NMI=0.6173  ARI=0.6097  1.7s

=== P1L_S4_C1 train[2] k=3  dim=576  frames=154  σ=0.25  fold=4 ===
  BDOSC: k_hat=3  ACC=0.8052  NMI=0.5968  ARI=0.4945  1.6s

=== P1L_S4_C1 train[3] k=3  dim=576  frames=168  σ=0.25  fold=4 ===
  BDOSC: k_hat=3  ACC=0.6488  NMI=0.4767  ARI=0.3231  1.8s

=== P1L_S4_C1 train[4] k=3  dim=576  frames=164  σ=0.25  fold=4 ===
  BDOSC: k_hat=3  ACC=1.0000  NMI=1.0000  ARI=1.0000  1.8s

=== P1L_S4_C1 train[5] k=3  dim=576  frames=187  σ=0.25  fold=4 ===
  BDOSC: k_hat=3  ACC=0.9305  NMI=0.7956  ARI=0.8157  2.3s

=== P1L_S4_C1 train[6] k=3  dim=576  frames=202  σ=0.25  fold=4 ===
  BDOSC: k_hat=3  ACC=0.7277  NMI=0.5800  ARI=0.4750  2.7s

=== P1L_S4_C2 train[0] k=3  dim=576  frames=157  σ=0.25  fold=4 ===
  BDOSC: k_hat=3  ACC=0.8280  NMI=0.7023  ARI=0.5585  1.7s

=== P1L_S4_C2 train[1] k=3  dim=576  frames=149  σ=0.25  fold=4 ===
  BDOSC: k_hat=3  ACC=0.6040  NMI=0.6694  ARI=0.4822  1.5s

=== P1L_S4_C2 train[2] k=3  dim=576  frames=175  σ=0.25  fold=4 ===
  BDOSC: k_hat=3  ACC=0.7086  NMI=0.5163  ARI=0.3936  2.0s

=== P1L_S4_C2 train[3] k=3  dim=576  frames=168  σ=0.25  fold=4 ===
  BDOSC: k_hat=3  ACC=0.6726  NMI=0.3827  ARI=0.2337  1.9s

=== P1L_S4_C2 train[4] k=3  dim=576  frames=152  σ=0.25  fold=4 ===
  BDOSC: k_hat=3  ACC=0.7763  NMI=0.5845  ARI=0.4947  1.6s

=== P1L_S4_C2 train[5] k=3  dim=576  frames=169  σ=0.25  fold=4 ===
  BDOSC: k_hat=3  ACC=0.5917  NMI=0.3821  ARI=0.1513  1.9s

=== P1L_S4_C2 train[6] k=3  dim=576  frames=153  σ=0.25  fold=4 ===
  BDOSC: k_hat=3  ACC=0.6013  NMI=0.4731  ARI=0.3077  1.6s

=== P1L_S4_C3 train[0] k=3  dim=576  frames=96  σ=0.25  fold=4 ===
  BDOSC: k_hat=3  ACC=1.0000  NMI=1.0000  ARI=1.0000  0.6s

=== P1L_S4_C3 train[1] k=3  dim=576  frames=107  σ=0.25  fold=4 ===
  BDOSC: k_hat=3  ACC=0.8505  NMI=0.7204  ARI=0.5871  0.8s

=== P1L_S4_C3 train[2] k=3  dim=576  frames=94  σ=0.25  fold=4 ===
  BDOSC: k_hat=3  ACC=0.8723  NMI=0.7486  ARI=0.6387  0.6s

=== P1L_S4_C3 train[3] k=3  dim=576  frames=117  σ=0.25  fold=4 ===
  BDOSC: k_hat=3  ACC=0.8547  NMI=0.6999  ARI=0.5966  0.9s

=== P1L_S4_C3 train[4] k=3  dim=576  frames=103  σ=0.25  fold=4 ===
  BDOSC: k_hat=3  ACC=0.8252  NMI=0.7260  ARI=0.5960  0.7s

=== P1L_S4_C3 train[5] k=3  dim=576  frames=105  σ=0.25  fold=4 ===
  BDOSC: k_hat=3  ACC=0.7810  NMI=0.6221  ARI=0.4968  0.8s

=== P1L_S4_C3 train[6] k=3  dim=576  frames=107  σ=0.25  fold=4 ===
  BDOSC: k_hat=3  ACC=0.7944  NMI=0.5951  ARI=0.4918  0.8s

=== P1E_S1_C1 test[0] k=3  dim=576  frames=157  σ=0.25  fold=4 ===
  BDOSC: k_hat=3  ACC=0.8408  NMI=0.6517  ARI=0.5995  1.6s

=== P1E_S1_C2 test[0] k=3  dim=576  frames=113  σ=0.25  fold=4 ===
  BDOSC: k_hat=3  ACC=0.6549  NMI=0.5505  ARI=0.4150  0.9s

=== P1E_S1_C3 test[0] k=3  dim=576  frames=37  σ=0.25  fold=4 ===
  BDOSC: k_hat=3  ACC=0.9459  NMI=0.8233  ARI=0.8375  0.2s

=== P1E_S2_C1 test[0] k=3  dim=576  frames=149  σ=0.25  fold=4 ===
  BDOSC: k_hat=3  ACC=0.5906  NMI=0.5802  ARI=0.4546  1.5s

=== P1E_S2_C2 test[0] k=3  dim=576  frames=124  σ=0.25  fold=4 ===
  BDOSC: k_hat=3  ACC=0.7016  NMI=0.5256  ARI=0.3764  1.0s

=== P1E_S2_C3 test[0] k=3  dim=576  frames=99  σ=0.25  fold=4 ===
  BDOSC: k_hat=3  ACC=0.9596  NMI=0.8661  ARI=0.8865  0.7s

=== P1E_S3_C1 test[0] k=3  dim=576  frames=168  σ=0.25  fold=4 ===
  BDOSC: k_hat=3  ACC=0.5952  NMI=0.4723  ARI=0.2961  1.8s

=== P1E_S3_C2 test[0] k=3  dim=576  frames=169  σ=0.25  fold=4 ===
  BDOSC: k_hat=3  ACC=0.7751  NMI=0.5632  ARI=0.4684  1.9s

=== P1E_S3_C3 test[0] k=3  dim=576  frames=128  σ=0.25  fold=4 ===
  BDOSC: k_hat=3  ACC=0.6328  NMI=0.4741  ARI=0.3000  1.2s

=== P1E_S4_C1 test[0] k=3  dim=576  frames=180  σ=0.25  fold=4 ===
  BDOSC: k_hat=3  ACC=0.8833  NMI=0.7321  ARI=0.7043  2.1s

=== P1E_S4_C2 test[0] k=3  dim=576  frames=140  σ=0.25  fold=4 ===
  BDOSC: k_hat=3  ACC=0.7214  NMI=0.5604  ARI=0.4019  1.3s

=== P1E_S4_C3 test[0] k=3  dim=576  frames=87  σ=0.25  fold=4 ===
  BDOSC: k_hat=3  ACC=0.8161  NMI=0.5866  ARI=0.4881  0.6s

=== P1L_S1_C1 test[0] k=3  dim=576  frames=198  σ=0.25  fold=4 ===
  BDOSC: k_hat=3  ACC=0.6818  NMI=0.4392  ARI=0.2751  2.6s

=== P1L_S1_C2 test[0] k=3  dim=576  frames=128  σ=0.25  fold=4 ===
  BDOSC: k_hat=3  ACC=0.5625  NMI=0.6362  ARI=0.4585  1.2s

=== P1L_S1_C3 test[0] k=3  dim=576  frames=73  σ=0.25  fold=4 ===
  BDOSC: k_hat=3  ACC=0.9863  NMI=0.9480  ARI=0.9615  0.4s

=== P1L_S2_C1 test[0] k=3  dim=576  frames=172  σ=0.25  fold=4 ===
  BDOSC: k_hat=3  ACC=0.5872  NMI=0.4044  ARI=0.1901  2.0s

=== P1L_S2_C2 test[0] k=3  dim=576  frames=201  σ=0.25  fold=4 ===
  BDOSC: k_hat=3  ACC=0.7363  NMI=0.4708  ARI=0.3279  2.7s

=== P1L_S2_C3 test[0] k=3  dim=576  frames=126  σ=0.25  fold=4 ===
  BDOSC: k_hat=3  ACC=0.8413  NMI=0.7338  ARI=0.6082  1.0s

=== P1L_S3_C1 test[0] k=3  dim=576  frames=159  σ=0.25  fold=4 ===
  BDOSC: k_hat=3  ACC=0.6792  NMI=0.4390  ARI=0.2691  1.7s

=== P1L_S3_C2 test[0] k=3  dim=576  frames=168  σ=0.25  fold=4 ===
  BDOSC: k_hat=3  ACC=0.7917  NMI=0.7503  ARI=0.7085  1.9s

=== P1L_S3_C3 test[0] k=3  dim=576  frames=134  σ=0.25  fold=4 ===
  BDOSC: k_hat=3  ACC=0.7910  NMI=0.6006  ARI=0.4731  1.2s

=== P1L_S4_C1 test[0] k=3  dim=576  frames=142  σ=0.25  fold=4 ===
  BDOSC: k_hat=3  ACC=0.7042  NMI=0.4848  ARI=0.3140  1.4s

=== P1L_S4_C2 test[0] k=3  dim=576  frames=154  σ=0.25  fold=4 ===
  BDOSC: k_hat=3  ACC=0.8312  NMI=0.6454  ARI=0.6102  1.6s

=== P1L_S4_C3 test[0] k=3  dim=576  frames=112  σ=0.25  fold=4 ===
  BDOSC: k_hat=3  ACC=1.0000  NMI=1.0000  ARI=1.0000  0.8s
  tune_pool_groups=20: sampling from 22 held-in people (overlap allowed) instead of the 7 fixed partition group(s)

============================================================
σ=0.25 fold=5  test=['0015', '0016', '0021']  train mats=168  test mats=24  tune mats=480
  BDOSC: skip tuning, fixed lambda_1=0.2, lambda_2=1, gamma_1=0.01, p=1.1, max_iter=50
  wrote /nfs/turbo/umms-minjilab/lpullela/icassp_ssc_tv2/block_ssc_benchmark/cv/params/surveillance/split_k3_sigmas_min30_trials20_params_knownk_cv_bdosc_k3_sigma0p25_sigma0.25_fold5.json

=== P1E_S1_C1 train[0] k=3  dim=576  frames=146  σ=0.25  fold=5 ===
  BDOSC: k_hat=3  ACC=0.6233  NMI=0.4855  ARI=0.3168  1.5s

=== P1E_S1_C1 train[1] k=3  dim=576  frames=153  σ=0.25  fold=5 ===
  BDOSC: k_hat=3  ACC=0.7582  NMI=0.5848  ARI=0.4899  1.6s

=== P1E_S1_C1 train[2] k=3  dim=576  frames=130  σ=0.25  fold=5 ===
  BDOSC: k_hat=3  ACC=0.9308  NMI=0.8347  ARI=0.8096  1.1s

=== P1E_S1_C1 train[3] k=3  dim=576  frames=140  σ=0.25  fold=5 ===
  BDOSC: k_hat=3  ACC=0.7643  NMI=0.6062  ARI=0.4510  1.3s

=== P1E_S1_C1 train[4] k=3  dim=576  frames=157  σ=0.25  fold=5 ===
  BDOSC: k_hat=3  ACC=0.8408  NMI=0.6517  ARI=0.5995  1.7s

=== P1E_S1_C1 train[5] k=3  dim=576  frames=140  σ=0.25  fold=5 ===
  BDOSC: k_hat=3  ACC=0.7429  NMI=0.5443  ARI=0.4169  1.3s

=== P1E_S1_C1 train[6] k=3  dim=576  frames=171  σ=0.25  fold=5 ===
  BDOSC: k_hat=3  ACC=0.8012  NMI=0.6664  ARI=0.5913  2.0s

=== P1E_S1_C2 train[0] k=3  dim=576  frames=147  σ=0.25  fold=5 ===
  BDOSC: k_hat=3  ACC=0.8095  NMI=0.6730  ARI=0.5302  1.4s

=== P1E_S1_C2 train[1] k=3  dim=576  frames=115  σ=0.25  fold=5 ===
  BDOSC: k_hat=3  ACC=0.7739  NMI=0.5856  ARI=0.4739  0.9s

=== P1E_S1_C2 train[2] k=3  dim=576  frames=104  σ=0.25  fold=5 ===
  BDOSC: k_hat=3  ACC=0.7308  NMI=0.5624  ARI=0.4284  0.8s

=== P1E_S1_C2 train[3] k=3  dim=576  frames=138  σ=0.25  fold=5 ===
  BDOSC: k_hat=3  ACC=0.8333  NMI=0.6560  ARI=0.5510  1.3s

=== P1E_S1_C2 train[4] k=3  dim=576  frames=113  σ=0.25  fold=5 ===
  BDOSC: k_hat=3  ACC=0.6549  NMI=0.5505  ARI=0.4150  0.9s

=== P1E_S1_C2 train[5] k=3  dim=576  frames=122  σ=0.25  fold=5 ===
  BDOSC: k_hat=3  ACC=0.9508  NMI=0.8421  ARI=0.8626  1.0s

=== P1E_S1_C2 train[6] k=3  dim=576  frames=134  σ=0.25  fold=5 ===
  BDOSC: k_hat=3  ACC=0.7761  NMI=0.6060  ARI=0.5325  1.2s

=== P1E_S1_C3 train[0] k=3  dim=576  frames=58  σ=0.25  fold=5 ===
  BDOSC: k_hat=3  ACC=0.9483  NMI=0.8283  ARI=0.8385  0.3s

=== P1E_S1_C3 train[1] k=3  dim=576  frames=56  σ=0.25  fold=5 ===
  BDOSC: k_hat=3  ACC=0.8929  NMI=0.7305  ARI=0.7463  0.3s

=== P1E_S1_C3 train[2] k=3  dim=576  frames=47  σ=0.25  fold=5 ===
  BDOSC: k_hat=3  ACC=0.7660  NMI=0.6380  ARI=0.4948  0.2s

=== P1E_S1_C3 train[3] k=3  dim=576  frames=61  σ=0.25  fold=5 ===
  BDOSC: k_hat=3  ACC=0.5902  NMI=0.5897  ARI=0.4424  0.3s

=== P1E_S1_C3 train[4] k=3  dim=576  frames=37  σ=0.25  fold=5 ===
  BDOSC: k_hat=3  ACC=0.9459  NMI=0.8233  ARI=0.8375  0.2s

=== P1E_S1_C3 train[5] k=3  dim=576  frames=51  σ=0.25  fold=5 ===
  BDOSC: k_hat=3  ACC=0.9216  NMI=0.7675  ARI=0.7620  0.2s

=== P1E_S1_C3 train[6] k=3  dim=576  frames=69  σ=0.25  fold=5 ===
  BDOSC: k_hat=3  ACC=0.8696  NMI=0.7051  ARI=0.6603  0.4s

=== P1E_S2_C1 train[0] k=3  dim=576  frames=167  σ=0.25  fold=5 ===
  BDOSC: k_hat=3  ACC=0.5210  NMI=0.5656  ARI=0.3862  1.8s

=== P1E_S2_C1 train[1] k=3  dim=576  frames=151  σ=0.25  fold=5 ===
  BDOSC: k_hat=3  ACC=0.5166  NMI=0.5534  ARI=0.3914  1.5s

=== P1E_S2_C1 train[2] k=3  dim=576  frames=136  σ=0.25  fold=5 ===
  BDOSC: k_hat=3  ACC=0.6250  NMI=0.3679  ARI=0.1583  1.2s

=== P1E_S2_C1 train[3] k=3  dim=576  frames=180  σ=0.25  fold=5 ===
  BDOSC: k_hat=3  ACC=0.9500  NMI=0.8532  ARI=0.8623  2.2s

=== P1E_S2_C1 train[4] k=3  dim=576  frames=149  σ=0.25  fold=5 ===
  BDOSC: k_hat=3  ACC=0.5906  NMI=0.5802  ARI=0.4546  1.5s

=== P1E_S2_C1 train[5] k=3  dim=576  frames=161  σ=0.25  fold=5 ===
  BDOSC: k_hat=3  ACC=0.7329  NMI=0.5485  ARI=0.4253  1.7s

=== P1E_S2_C1 train[6] k=3  dim=576  frames=153  σ=0.25  fold=5 ===
  BDOSC: k_hat=3  ACC=0.7712  NMI=0.6029  ARI=0.4956  1.6s

=== P1E_S2_C2 train[0] k=3  dim=576  frames=146  σ=0.25  fold=5 ===
  BDOSC: k_hat=3  ACC=0.8562  NMI=0.6645  ARI=0.6324  1.5s

=== P1E_S2_C2 train[1] k=3  dim=576  frames=115  σ=0.25  fold=5 ===
  BDOSC: k_hat=3  ACC=0.8783  NMI=0.6990  ARI=0.6691  0.9s

=== P1E_S2_C2 train[2] k=3  dim=576  frames=109  σ=0.25  fold=5 ===
  BDOSC: k_hat=3  ACC=0.8073  NMI=0.6157  ARI=0.5523  0.8s

=== P1E_S2_C2 train[3] k=3  dim=576  frames=144  σ=0.25  fold=5 ===
  BDOSC: k_hat=3  ACC=0.5833  NMI=0.5043  ARI=0.3552  1.4s

=== P1E_S2_C2 train[4] k=3  dim=576  frames=124  σ=0.25  fold=5 ===
  BDOSC: k_hat=3  ACC=0.7016  NMI=0.5256  ARI=0.3764  1.0s

=== P1E_S2_C2 train[5] k=3  dim=576  frames=128  σ=0.25  fold=5 ===
  BDOSC: k_hat=3  ACC=0.7969  NMI=0.6189  ARI=0.5319  1.2s

=== P1E_S2_C2 train[6] k=3  dim=576  frames=126  σ=0.25  fold=5 ===
  BDOSC: k_hat=3  ACC=0.6825  NMI=0.4608  ARI=0.2672  1.1s

=== P1E_S2_C3 train[0] k=3  dim=576  frames=113  σ=0.25  fold=5 ===
  BDOSC: k_hat=3  ACC=0.7788  NMI=0.5838  ARI=0.4452  0.9s

=== P1E_S2_C3 train[1] k=3  dim=576  frames=88  σ=0.25  fold=5 ===
  BDOSC: k_hat=3  ACC=0.6023  NMI=0.4887  ARI=0.3165  0.6s

=== P1E_S2_C3 train[2] k=3  dim=576  frames=90  σ=0.25  fold=5 ===
  BDOSC: k_hat=3  ACC=0.8889  NMI=0.7265  ARI=0.7075  0.6s

=== P1E_S2_C3 train[3] k=3  dim=576  frames=112  σ=0.25  fold=5 ===
  BDOSC: k_hat=3  ACC=0.5268  NMI=0.5454  ARI=0.3878  0.8s

=== P1E_S2_C3 train[4] k=3  dim=576  frames=99  σ=0.25  fold=5 ===
  BDOSC: k_hat=3  ACC=0.9596  NMI=0.8661  ARI=0.8865  0.7s

=== P1E_S2_C3 train[5] k=3  dim=576  frames=105  σ=0.25  fold=5 ===
  BDOSC: k_hat=3  ACC=0.7238  NMI=0.5440  ARI=0.4346  0.8s

=== P1E_S2_C3 train[6] k=3  dim=576  frames=89  σ=0.25  fold=5 ===
  BDOSC: k_hat=3  ACC=0.5618  NMI=0.6067  ARI=0.4254  0.6s

=== P1E_S3_C1 train[0] k=3  dim=576  frames=166  σ=0.25  fold=5 ===
  BDOSC: k_hat=3  ACC=0.7771  NMI=0.6018  ARI=0.4766  1.9s

=== P1E_S3_C1 train[1] k=3  dim=576  frames=139  σ=0.25  fold=5 ===
  BDOSC: k_hat=3  ACC=0.5899  NMI=0.5095  ARI=0.3490  1.3s

=== P1E_S3_C1 train[2] k=3  dim=576  frames=134  σ=0.25  fold=5 ===
  BDOSC: k_hat=3  ACC=0.7612  NMI=0.5877  ARI=0.4618  1.2s

=== P1E_S3_C1 train[3] k=3  dim=576  frames=161  σ=0.25  fold=5 ===
  BDOSC: k_hat=3  ACC=0.8571  NMI=0.6876  ARI=0.6553  1.7s

=== P1E_S3_C1 train[4] k=3  dim=576  frames=168  σ=0.25  fold=5 ===
  BDOSC: k_hat=3  ACC=0.5952  NMI=0.4723  ARI=0.2961  1.8s

=== P1E_S3_C1 train[5] k=3  dim=576  frames=204  σ=0.25  fold=5 ===
  BDOSC: k_hat=3  ACC=0.9510  NMI=0.8397  ARI=0.8865  2.9s

=== P1E_S3_C1 train[6] k=3  dim=576  frames=112  σ=0.25  fold=5 ===
  BDOSC: k_hat=3  ACC=0.7411  NMI=0.5240  ARI=0.3714  0.8s

=== P1E_S3_C2 train[0] k=3  dim=576  frames=147  σ=0.25  fold=5 ===
  BDOSC: k_hat=3  ACC=0.7075  NMI=0.5396  ARI=0.3761  1.4s

=== P1E_S3_C2 train[1] k=3  dim=576  frames=120  σ=0.25  fold=5 ===
  BDOSC: k_hat=3  ACC=0.7000  NMI=0.5244  ARI=0.3635  1.0s

=== P1E_S3_C2 train[2] k=3  dim=576  frames=112  σ=0.25  fold=5 ===
  BDOSC: k_hat=3  ACC=0.8571  NMI=0.6637  ARI=0.6114  0.9s

=== P1E_S3_C2 train[3] k=3  dim=576  frames=168  σ=0.25  fold=5 ===
  BDOSC: k_hat=3  ACC=0.9524  NMI=0.8367  ARI=0.8577  1.8s

=== P1E_S3_C2 train[4] k=3  dim=576  frames=169  σ=0.25  fold=5 ===
  BDOSC: k_hat=3  ACC=0.7751  NMI=0.5632  ARI=0.4684  1.9s

=== P1E_S3_C2 train[5] k=3  dim=576  frames=146  σ=0.25  fold=5 ===
  BDOSC: k_hat=3  ACC=0.5685  NMI=0.5812  ARI=0.4353  1.5s

=== P1E_S3_C2 train[6] k=3  dim=576  frames=114  σ=0.25  fold=5 ===
  BDOSC: k_hat=3  ACC=0.6053  NMI=0.6421  ARI=0.4818  0.9s

=== P1E_S3_C3 train[0] k=3  dim=576  frames=105  σ=0.25  fold=5 ===
  BDOSC: k_hat=3  ACC=0.7905  NMI=0.5955  ARI=0.4936  0.8s

=== P1E_S3_C3 train[1] k=3  dim=576  frames=89  σ=0.25  fold=5 ===
  BDOSC: k_hat=3  ACC=0.7528  NMI=0.6187  ARI=0.4620  0.6s

=== P1E_S3_C3 train[2] k=3  dim=576  frames=84  σ=0.25  fold=5 ===
  BDOSC: k_hat=3  ACC=0.9286  NMI=0.7840  ARI=0.7900  0.5s

=== P1E_S3_C3 train[3] k=3  dim=576  frames=125  σ=0.25  fold=5 ===
  BDOSC: k_hat=3  ACC=0.8640  NMI=0.6945  ARI=0.6353  1.0s

=== P1E_S3_C3 train[4] k=3  dim=576  frames=128  σ=0.25  fold=5 ===
  BDOSC: k_hat=3  ACC=0.6328  NMI=0.4741  ARI=0.3000  1.2s

=== P1E_S3_C3 train[5] k=3  dim=576  frames=129  σ=0.25  fold=5 ===
  BDOSC: k_hat=3  ACC=0.5891  NMI=0.3512  ARI=0.1221  1.1s

=== P1E_S3_C3 train[6] k=3  dim=576  frames=84  σ=0.25  fold=5 ===
  BDOSC: k_hat=3  ACC=0.6071  NMI=0.5688  ARI=0.4593  0.5s

=== P1E_S4_C1 train[0] k=3  dim=576  frames=158  σ=0.25  fold=5 ===
  BDOSC: k_hat=3  ACC=0.8481  NMI=0.7223  ARI=0.6349  1.7s

=== P1E_S4_C1 train[1] k=3  dim=576  frames=107  σ=0.25  fold=5 ===
  BDOSC: k_hat=3  ACC=0.7009  NMI=0.4532  ARI=0.2676  0.8s

=== P1E_S4_C1 train[2] k=3  dim=576  frames=155  σ=0.25  fold=5 ===
  BDOSC: k_hat=3  ACC=0.8258  NMI=0.7069  ARI=0.6177  1.6s

=== P1E_S4_C1 train[3] k=3  dim=576  frames=182  σ=0.25  fold=5 ===
  BDOSC: k_hat=3  ACC=0.9451  NMI=0.8330  ARI=0.8404  2.2s

=== P1E_S4_C1 train[4] k=3  dim=576  frames=180  σ=0.25  fold=5 ===
  BDOSC: k_hat=3  ACC=0.8833  NMI=0.7321  ARI=0.7043  2.1s

=== P1E_S4_C1 train[5] k=3  dim=576  frames=147  σ=0.25  fold=5 ===
  BDOSC: k_hat=3  ACC=0.8707  NMI=0.6782  ARI=0.6644  1.4s

=== P1E_S4_C1 train[6] k=3  dim=576  frames=145  σ=0.25  fold=5 ===
  BDOSC: k_hat=3  ACC=0.5931  NMI=0.3658  ARI=0.1322  1.4s

=== P1E_S4_C2 train[0] k=3  dim=576  frames=117  σ=0.25  fold=5 ===
  BDOSC: k_hat=3  ACC=0.7778  NMI=0.5916  ARI=0.5126  0.9s

=== P1E_S4_C2 train[1] k=3  dim=576  frames=125  σ=0.25  fold=5 ===
  BDOSC: k_hat=3  ACC=0.9040  NMI=0.7756  ARI=0.7500  1.0s

=== P1E_S4_C2 train[2] k=3  dim=576  frames=122  σ=0.25  fold=5 ===
  BDOSC: k_hat=3  ACC=0.9426  NMI=0.8530  ARI=0.8373  1.0s

=== P1E_S4_C2 train[3] k=3  dim=576  frames=126  σ=0.25  fold=5 ===
  BDOSC: k_hat=3  ACC=0.8968  NMI=0.7359  ARI=0.6924  1.0s

=== P1E_S4_C2 train[4] k=3  dim=576  frames=140  σ=0.25  fold=5 ===
  BDOSC: k_hat=3  ACC=0.7214  NMI=0.5604  ARI=0.4019  1.3s

=== P1E_S4_C2 train[5] k=3  dim=576  frames=146  σ=0.25  fold=5 ===
  BDOSC: k_hat=3  ACC=0.8219  NMI=0.6605  ARI=0.6030  1.5s

=== P1E_S4_C2 train[6] k=3  dim=576  frames=110  σ=0.25  fold=5 ===
  BDOSC: k_hat=3  ACC=0.7455  NMI=0.6303  ARI=0.5216  0.8s

=== P1E_S4_C3 train[0] k=3  dim=576  frames=90  σ=0.25  fold=5 ===
  BDOSC: k_hat=3  ACC=0.9556  NMI=0.8514  ARI=0.8619  0.6s

=== P1E_S4_C3 train[1] k=3  dim=576  frames=64  σ=0.25  fold=5 ===
  BDOSC: k_hat=3  ACC=0.8281  NMI=0.6574  ARI=0.5948  0.3s

=== P1E_S4_C3 train[2] k=3  dim=576  frames=85  σ=0.25  fold=5 ===
  BDOSC: k_hat=3  ACC=0.8118  NMI=0.7286  ARI=0.6071  0.6s

=== P1E_S4_C3 train[3] k=3  dim=576  frames=105  σ=0.25  fold=5 ===
  BDOSC: k_hat=3  ACC=0.7714  NMI=0.5997  ARI=0.4856  0.8s

=== P1E_S4_C3 train[4] k=3  dim=576  frames=87  σ=0.25  fold=5 ===
  BDOSC: k_hat=3  ACC=0.8161  NMI=0.5866  ARI=0.4881  0.6s

=== P1E_S4_C3 train[5] k=3  dim=576  frames=106  σ=0.25  fold=5 ===
  BDOSC: k_hat=3  ACC=0.6792  NMI=0.4553  ARI=0.2547  0.8s

=== P1E_S4_C3 train[6] k=3  dim=576  frames=79  σ=0.25  fold=5 ===
  BDOSC: k_hat=3  ACC=0.9494  NMI=0.8427  ARI=0.8594  0.5s

=== P1L_S1_C1 train[0] k=3  dim=576  frames=162  σ=0.25  fold=5 ===
  BDOSC: k_hat=3  ACC=0.6790  NMI=0.5330  ARI=0.4006  1.7s

=== P1L_S1_C1 train[1] k=3  dim=576  frames=170  σ=0.25  fold=5 ===
  BDOSC: k_hat=3  ACC=0.7529  NMI=0.5448  ARI=0.4301  1.9s

=== P1L_S1_C1 train[2] k=3  dim=576  frames=155  σ=0.25  fold=5 ===
  BDOSC: k_hat=3  ACC=0.6194  NMI=0.5885  ARI=0.4428  1.6s

=== P1L_S1_C1 train[3] k=3  dim=576  frames=182  σ=0.25  fold=5 ===
  BDOSC: k_hat=3  ACC=0.5989  NMI=0.5897  ARI=0.4243  2.1s

=== P1L_S1_C1 train[4] k=3  dim=576  frames=198  σ=0.25  fold=5 ===
  BDOSC: k_hat=3  ACC=0.6818  NMI=0.4392  ARI=0.2751  2.5s

=== P1L_S1_C1 train[5] k=3  dim=576  frames=116  σ=0.25  fold=5 ===
  BDOSC: k_hat=3  ACC=0.7759  NMI=0.6079  ARI=0.5402  0.9s

=== P1L_S1_C1 train[6] k=3  dim=576  frames=175  σ=0.25  fold=5 ===
  BDOSC: k_hat=3  ACC=0.6229  NMI=0.5583  ARI=0.4631  2.0s

=== P1L_S1_C2 train[0] k=3  dim=576  frames=186  σ=0.25  fold=5 ===
  BDOSC: k_hat=3  ACC=0.5753  NMI=0.6274  ARI=0.4463  2.3s

=== P1L_S1_C2 train[1] k=3  dim=576  frames=137  σ=0.25  fold=5 ===
  BDOSC: k_hat=3  ACC=0.7883  NMI=0.6509  ARI=0.5260  1.3s

=== P1L_S1_C2 train[2] k=3  dim=576  frames=147  σ=0.25  fold=5 ===
  BDOSC: k_hat=3  ACC=0.7891  NMI=0.6197  ARI=0.5066  1.4s

=== P1L_S1_C2 train[3] k=3  dim=576  frames=181  σ=0.25  fold=5 ===
  BDOSC: k_hat=3  ACC=0.8287  NMI=0.7001  ARI=0.5889  2.2s

=== P1L_S1_C2 train[4] k=3  dim=576  frames=128  σ=0.25  fold=5 ===
  BDOSC: k_hat=3  ACC=0.5625  NMI=0.6362  ARI=0.4585  1.2s

=== P1L_S1_C2 train[5] k=3  dim=576  frames=142  σ=0.25  fold=5 ===
  BDOSC: k_hat=3  ACC=0.5563  NMI=0.4810  ARI=0.3175  1.3s

=== P1L_S1_C2 train[6] k=3  dim=576  frames=168  σ=0.25  fold=5 ===
  BDOSC: k_hat=3  ACC=0.6012  NMI=0.5251  ARI=0.3937  1.8s

=== P1L_S1_C3 train[0] k=3  dim=576  frames=60  σ=0.25  fold=5 ===
  BDOSC: k_hat=3  ACC=0.8667  NMI=0.6768  ARI=0.6166  0.3s

=== P1L_S1_C3 train[1] k=3  dim=576  frames=68  σ=0.25  fold=5 ===
  BDOSC: k_hat=3  ACC=0.9559  NMI=0.8517  ARI=0.8663  0.3s

=== P1L_S1_C3 train[2] k=3  dim=576  frames=65  σ=0.25  fold=5 ===
  BDOSC: k_hat=3  ACC=0.8923  NMI=0.7222  ARI=0.6933  0.3s

=== P1L_S1_C3 train[3] k=3  dim=576  frames=74  σ=0.25  fold=5 ===
  BDOSC: k_hat=3  ACC=0.7973  NMI=0.5899  ARI=0.4784  0.4s

=== P1L_S1_C3 train[4] k=3  dim=576  frames=73  σ=0.25  fold=5 ===
  BDOSC: k_hat=3  ACC=0.9863  NMI=0.9480  ARI=0.9615  0.4s

=== P1L_S1_C3 train[5] k=3  dim=576  frames=63  σ=0.25  fold=5 ===
  BDOSC: k_hat=3  ACC=0.7778  NMI=0.5924  ARI=0.4878  0.3s

=== P1L_S1_C3 train[6] k=3  dim=576  frames=75  σ=0.25  fold=5 ===
  BDOSC: k_hat=3  ACC=0.9733  NMI=0.8971  ARI=0.9210  0.4s

=== P1L_S2_C1 train[0] k=3  dim=576  frames=211  σ=0.25  fold=5 ===
  BDOSC: k_hat=3  ACC=0.6588  NMI=0.5422  ARI=0.3975  3.0s

=== P1L_S2_C1 train[1] k=3  dim=576  frames=190  σ=0.25  fold=5 ===
  BDOSC: k_hat=3  ACC=0.6158  NMI=0.4987  ARI=0.3460  2.3s

=== P1L_S2_C1 train[2] k=3  dim=576  frames=180  σ=0.25  fold=5 ===
  BDOSC: k_hat=3  ACC=0.6944  NMI=0.4652  ARI=0.2913  2.1s

=== P1L_S2_C1 train[3] k=3  dim=576  frames=177  σ=0.25  fold=5 ===
  BDOSC: k_hat=3  ACC=0.7910  NMI=0.6087  ARI=0.5210  2.0s

=== P1L_S2_C1 train[4] k=3  dim=576  frames=172  σ=0.25  fold=5 ===
  BDOSC: k_hat=3  ACC=0.5872  NMI=0.4044  ARI=0.1901  2.0s

=== P1L_S2_C1 train[5] k=3  dim=576  frames=180  σ=0.25  fold=5 ===
  BDOSC: k_hat=3  ACC=0.7000  NMI=0.5656  ARI=0.4662  2.1s

=== P1L_S2_C1 train[6] k=3  dim=576  frames=133  σ=0.25  fold=5 ===
  BDOSC: k_hat=3  ACC=0.6090  NMI=0.5494  ARI=0.4278  1.2s

=== P1L_S2_C2 train[0] k=3  dim=576  frames=194  σ=0.25  fold=5 ===
  BDOSC: k_hat=3  ACC=0.8763  NMI=0.7006  ARI=0.6351  2.4s

=== P1L_S2_C2 train[1] k=3  dim=576  frames=155  σ=0.25  fold=5 ===
  BDOSC: k_hat=3  ACC=0.6645  NMI=0.3974  ARI=0.2135  1.6s

=== P1L_S2_C2 train[2] k=3  dim=576  frames=134  σ=0.25  fold=5 ===
  BDOSC: k_hat=3  ACC=0.7388  NMI=0.6857  ARI=0.5080  1.2s

=== P1L_S2_C2 train[3] k=3  dim=576  frames=186  σ=0.25  fold=5 ===
  BDOSC: k_hat=3  ACC=0.8065  NMI=0.6894  ARI=0.6331  2.3s

=== P1L_S2_C2 train[4] k=3  dim=576  frames=201  σ=0.25  fold=5 ===
  BDOSC: k_hat=3  ACC=0.7363  NMI=0.4708  ARI=0.3279  2.7s

=== P1L_S2_C2 train[5] k=3  dim=576  frames=160  σ=0.25  fold=5 ===
  BDOSC: k_hat=3  ACC=0.9062  NMI=0.7778  ARI=0.7080  1.8s

=== P1L_S2_C2 train[6] k=3  dim=576  frames=154  σ=0.25  fold=5 ===
  BDOSC: k_hat=3  ACC=0.5584  NMI=0.3501  ARI=0.1109  1.6s

=== P1L_S2_C3 train[0] k=3  dim=576  frames=119  σ=0.25  fold=5 ===
  BDOSC: k_hat=3  ACC=0.7899  NMI=0.6364  ARI=0.4865  1.0s

=== P1L_S2_C3 train[1] k=3  dim=576  frames=101  σ=0.25  fold=5 ===
  BDOSC: k_hat=3  ACC=0.9208  NMI=0.8105  ARI=0.7726  0.7s

=== P1L_S2_C3 train[2] k=3  dim=576  frames=85  σ=0.25  fold=5 ===
  BDOSC: k_hat=3  ACC=0.8235  NMI=0.6473  ARI=0.5959  0.6s

=== P1L_S2_C3 train[3] k=3  dim=576  frames=112  σ=0.25  fold=5 ===
  BDOSC: k_hat=3  ACC=0.9286  NMI=0.7874  ARI=0.7982  0.9s

=== P1L_S2_C3 train[4] k=3  dim=576  frames=126  σ=0.25  fold=5 ===
  BDOSC: k_hat=3  ACC=0.8413  NMI=0.7338  ARI=0.6082  1.0s

=== P1L_S2_C3 train[5] k=3  dim=576  frames=121  σ=0.25  fold=5 ===
  BDOSC: k_hat=3  ACC=0.6694  NMI=0.4453  ARI=0.2441  1.0s

=== P1L_S2_C3 train[6] k=3  dim=576  frames=99  σ=0.25  fold=5 ===
  BDOSC: k_hat=3  ACC=0.8182  NMI=0.6087  ARI=0.5136  0.7s

=== P1L_S3_C1 train[0] k=3  dim=576  frames=156  σ=0.25  fold=5 ===
  BDOSC: k_hat=3  ACC=0.7628  NMI=0.6611  ARI=0.4535  1.7s

=== P1L_S3_C1 train[1] k=3  dim=576  frames=120  σ=0.25  fold=5 ===
  BDOSC: k_hat=3  ACC=0.7500  NMI=0.5551  ARI=0.4897  1.0s

=== P1L_S3_C1 train[2] k=3  dim=576  frames=185  σ=0.25  fold=5 ===
  BDOSC: k_hat=3  ACC=0.7297  NMI=0.5439  ARI=0.4305  2.3s

=== P1L_S3_C1 train[3] k=3  dim=576  frames=156  σ=0.25  fold=5 ===
  BDOSC: k_hat=3  ACC=0.5897  NMI=0.6323  ARI=0.4742  1.6s

=== P1L_S3_C1 train[4] k=3  dim=576  frames=159  σ=0.25  fold=5 ===
  BDOSC: k_hat=3  ACC=0.6792  NMI=0.4390  ARI=0.2691  1.7s

=== P1L_S3_C1 train[5] k=3  dim=576  frames=176  σ=0.25  fold=5 ===
  BDOSC: k_hat=3  ACC=0.9375  NMI=0.8057  ARI=0.8357  2.0s

=== P1L_S3_C1 train[6] k=3  dim=576  frames=134  σ=0.25  fold=5 ===
  BDOSC: k_hat=3  ACC=0.8433  NMI=0.6532  ARI=0.6119  1.3s

=== P1L_S3_C2 train[0] k=3  dim=576  frames=185  σ=0.25  fold=5 ===
  BDOSC: k_hat=3  ACC=0.8000  NMI=0.6179  ARI=0.5246  2.2s

=== P1L_S3_C2 train[1] k=3  dim=576  frames=125  σ=0.25  fold=5 ===
  BDOSC: k_hat=3  ACC=0.7520  NMI=0.5278  ARI=0.3732  1.0s

=== P1L_S3_C2 train[2] k=3  dim=576  frames=166  σ=0.25  fold=5 ===
  BDOSC: k_hat=3  ACC=0.7590  NMI=0.5929  ARI=0.5102  1.9s

=== P1L_S3_C2 train[3] k=3  dim=576  frames=209  σ=0.25  fold=5 ===
  BDOSC: k_hat=3  ACC=0.9474  NMI=0.8284  ARI=0.8491  2.8s

=== P1L_S3_C2 train[4] k=3  dim=576  frames=168  σ=0.25  fold=5 ===
  BDOSC: k_hat=3  ACC=0.7917  NMI=0.7503  ARI=0.7085  1.8s

=== P1L_S3_C2 train[5] k=3  dim=576  frames=229  σ=0.25  fold=5 ===
  BDOSC: k_hat=3  ACC=0.8646  NMI=0.7223  ARI=0.6687  3.5s

=== P1L_S3_C2 train[6] k=3  dim=576  frames=136  σ=0.25  fold=5 ===
  BDOSC: k_hat=3  ACC=0.7794  NMI=0.5404  ARI=0.4218  1.2s

=== P1L_S3_C3 train[0] k=3  dim=576  frames=151  σ=0.25  fold=5 ===
  BDOSC: k_hat=3  ACC=0.9470  NMI=0.8155  ARI=0.8381  1.5s

=== P1L_S3_C3 train[1] k=3  dim=576  frames=118  σ=0.25  fold=5 ===
  BDOSC: k_hat=3  ACC=0.8559  NMI=0.7312  ARI=0.6670  0.9s

=== P1L_S3_C3 train[2] k=3  dim=576  frames=121  σ=0.25  fold=5 ===
  BDOSC: k_hat=3  ACC=0.9835  NMI=0.9402  ARI=0.9534  1.0s

=== P1L_S3_C3 train[3] k=3  dim=576  frames=142  σ=0.25  fold=5 ===
  BDOSC: k_hat=3  ACC=0.6620  NMI=0.3856  ARI=0.2030  1.3s

=== P1L_S3_C3 train[4] k=3  dim=576  frames=134  σ=0.25  fold=5 ===
  BDOSC: k_hat=3  ACC=0.7910  NMI=0.6006  ARI=0.4731  1.2s

=== P1L_S3_C3 train[5] k=3  dim=576  frames=161  σ=0.25  fold=5 ===
  BDOSC: k_hat=3  ACC=0.6149  NMI=0.5088  ARI=0.3551  1.7s

=== P1L_S3_C3 train[6] k=3  dim=576  frames=114  σ=0.25  fold=5 ===
  BDOSC: k_hat=3  ACC=0.6316  NMI=0.5604  ARI=0.4750  0.9s

=== P1L_S4_C1 train[0] k=3  dim=576  frames=200  σ=0.25  fold=5 ===
  BDOSC: k_hat=3  ACC=0.6650  NMI=0.4512  ARI=0.2580  2.7s

=== P1L_S4_C1 train[1] k=3  dim=576  frames=157  σ=0.25  fold=5 ===
  BDOSC: k_hat=3  ACC=0.7962  NMI=0.6173  ARI=0.6097  1.7s

=== P1L_S4_C1 train[2] k=3  dim=576  frames=154  σ=0.25  fold=5 ===
  BDOSC: k_hat=3  ACC=0.8052  NMI=0.5968  ARI=0.4945  1.6s

=== P1L_S4_C1 train[3] k=3  dim=576  frames=168  σ=0.25  fold=5 ===
  BDOSC: k_hat=3  ACC=0.6488  NMI=0.4767  ARI=0.3231  1.9s

=== P1L_S4_C1 train[4] k=3  dim=576  frames=142  σ=0.25  fold=5 ===
  BDOSC: k_hat=3  ACC=0.7042  NMI=0.4848  ARI=0.3140  1.4s

=== P1L_S4_C1 train[5] k=3  dim=576  frames=187  σ=0.25  fold=5 ===
  BDOSC: k_hat=3  ACC=0.9305  NMI=0.7956  ARI=0.8157  2.3s

=== P1L_S4_C1 train[6] k=3  dim=576  frames=202  σ=0.25  fold=5 ===
  BDOSC: k_hat=3  ACC=0.7277  NMI=0.5800  ARI=0.4750  2.7s

=== P1L_S4_C2 train[0] k=3  dim=576  frames=157  σ=0.25  fold=5 ===
  BDOSC: k_hat=3  ACC=0.8280  NMI=0.7023  ARI=0.5585  1.7s

=== P1L_S4_C2 train[1] k=3  dim=576  frames=149  σ=0.25  fold=5 ===
  BDOSC: k_hat=3  ACC=0.6040  NMI=0.6694  ARI=0.4822  1.5s

=== P1L_S4_C2 train[2] k=3  dim=576  frames=175  σ=0.25  fold=5 ===
  BDOSC: k_hat=3  ACC=0.7086  NMI=0.5163  ARI=0.3936  2.0s

=== P1L_S4_C2 train[3] k=3  dim=576  frames=168  σ=0.25  fold=5 ===
  BDOSC: k_hat=3  ACC=0.6726  NMI=0.3827  ARI=0.2337  1.8s

=== P1L_S4_C2 train[4] k=3  dim=576  frames=154  σ=0.25  fold=5 ===
  BDOSC: k_hat=3  ACC=0.8312  NMI=0.6454  ARI=0.6102  1.6s

=== P1L_S4_C2 train[5] k=3  dim=576  frames=169  σ=0.25  fold=5 ===
  BDOSC: k_hat=3  ACC=0.5917  NMI=0.3821  ARI=0.1513  1.9s

=== P1L_S4_C2 train[6] k=3  dim=576  frames=153  σ=0.25  fold=5 ===
  BDOSC: k_hat=3  ACC=0.6013  NMI=0.4731  ARI=0.3077  1.6s

=== P1L_S4_C3 train[0] k=3  dim=576  frames=96  σ=0.25  fold=5 ===
  BDOSC: k_hat=3  ACC=1.0000  NMI=1.0000  ARI=1.0000  0.6s

=== P1L_S4_C3 train[1] k=3  dim=576  frames=107  σ=0.25  fold=5 ===
  BDOSC: k_hat=3  ACC=0.8505  NMI=0.7204  ARI=0.5871  0.8s

=== P1L_S4_C3 train[2] k=3  dim=576  frames=94  σ=0.25  fold=5 ===
  BDOSC: k_hat=3  ACC=0.8723  NMI=0.7486  ARI=0.6387  0.6s

=== P1L_S4_C3 train[3] k=3  dim=576  frames=117  σ=0.25  fold=5 ===
  BDOSC: k_hat=3  ACC=0.8547  NMI=0.6999  ARI=0.5966  0.9s

=== P1L_S4_C3 train[4] k=3  dim=576  frames=112  σ=0.25  fold=5 ===
  BDOSC: k_hat=3  ACC=1.0000  NMI=1.0000  ARI=1.0000  0.8s

=== P1L_S4_C3 train[5] k=3  dim=576  frames=105  σ=0.25  fold=5 ===
  BDOSC: k_hat=3  ACC=0.7810  NMI=0.6221  ARI=0.4968  0.8s

=== P1L_S4_C3 train[6] k=3  dim=576  frames=107  σ=0.25  fold=5 ===
  BDOSC: k_hat=3  ACC=0.7944  NMI=0.5951  ARI=0.4918  0.8s

=== P1E_S1_C1 test[0] k=3  dim=576  frames=151  σ=0.25  fold=5 ===
  BDOSC: k_hat=3  ACC=0.8146  NMI=0.6450  ARI=0.5839  1.5s

=== P1E_S1_C2 test[0] k=3  dim=576  frames=122  σ=0.25  fold=5 ===
  BDOSC: k_hat=3  ACC=0.9426  NMI=0.8377  ARI=0.8517  1.0s

=== P1E_S1_C3 test[0] k=3  dim=576  frames=55  σ=0.25  fold=5 ===
  BDOSC: k_hat=3  ACC=0.8727  NMI=0.7204  ARI=0.6568  0.3s

=== P1E_S2_C1 test[0] k=3  dim=576  frames=124  σ=0.25  fold=5 ===
  BDOSC: k_hat=3  ACC=0.5565  NMI=0.5884  ARI=0.4353  1.0s

=== P1E_S2_C2 test[0] k=3  dim=576  frames=109  σ=0.25  fold=5 ===
  BDOSC: k_hat=3  ACC=0.7615  NMI=0.5966  ARI=0.4808  0.8s

=== P1E_S2_C3 test[0] k=3  dim=576  frames=87  σ=0.25  fold=5 ===
  BDOSC: k_hat=3  ACC=0.6322  NMI=0.4167  ARI=0.1899  0.6s

=== P1E_S3_C1 test[0] k=3  dim=576  frames=123  σ=0.25  fold=5 ===
  BDOSC: k_hat=3  ACC=0.6911  NMI=0.4632  ARI=0.2708  1.0s

=== P1E_S3_C2 test[0] k=3  dim=576  frames=107  σ=0.25  fold=5 ===
  BDOSC: k_hat=3  ACC=0.9159  NMI=0.8240  ARI=0.8049  0.8s

=== P1E_S3_C3 test[0] k=3  dim=576  frames=83  σ=0.25  fold=5 ===
  BDOSC: k_hat=3  ACC=0.9277  NMI=0.7923  ARI=0.8098  0.5s

=== P1E_S4_C1 test[0] k=3  dim=576  frames=133  σ=0.25  fold=5 ===
  BDOSC: k_hat=3  ACC=0.8797  NMI=0.7421  ARI=0.7088  1.2s

=== P1E_S4_C2 test[0] k=3  dim=576  frames=129  σ=0.25  fold=5 ===
  BDOSC: k_hat=3  ACC=0.8915  NMI=0.7467  ARI=0.7406  1.1s

=== P1E_S4_C3 test[0] k=3  dim=576  frames=76  σ=0.25  fold=5 ===
  BDOSC: k_hat=3  ACC=0.8816  NMI=0.7306  ARI=0.7094  0.5s

=== P1L_S1_C1 test[0] k=3  dim=576  frames=166  σ=0.25  fold=5 ===
  BDOSC: k_hat=3  ACC=0.9036  NMI=0.7725  ARI=0.7572  1.9s

=== P1L_S1_C2 test[0] k=3  dim=576  frames=154  σ=0.25  fold=5 ===
  BDOSC: k_hat=3  ACC=0.6039  NMI=0.5268  ARI=0.4018  1.6s

=== P1L_S1_C3 test[0] k=3  dim=576  frames=64  σ=0.25  fold=5 ===
  BDOSC: k_hat=3  ACC=0.9844  NMI=0.9426  ARI=0.9548  0.3s

=== P1L_S2_C1 test[0] k=3  dim=576  frames=179  σ=0.25  fold=5 ===
  BDOSC: k_hat=3  ACC=0.6369  NMI=0.6350  ARI=0.4913  2.1s

=== P1L_S2_C2 test[0] k=3  dim=576  frames=171  σ=0.25  fold=5 ===
  BDOSC: k_hat=3  ACC=0.5439  NMI=0.6207  ARI=0.4452  2.0s

=== P1L_S2_C3 test[0] k=3  dim=576  frames=102  σ=0.25  fold=5 ===
  BDOSC: k_hat=3  ACC=0.5686  NMI=0.6595  ARI=0.4594  0.7s

=== P1L_S3_C1 test[0] k=3  dim=576  frames=172  σ=0.25  fold=5 ===
  BDOSC: k_hat=3  ACC=0.5814  NMI=0.3429  ARI=0.1167  1.9s

=== P1L_S3_C2 test[0] k=3  dim=576  frames=187  σ=0.25  fold=5 ===
  BDOSC: k_hat=3  ACC=0.7540  NMI=0.5883  ARI=0.4919  2.3s

=== P1L_S3_C3 test[0] k=3  dim=576  frames=110  σ=0.25  fold=5 ===
  BDOSC: k_hat=3  ACC=0.8545  NMI=0.6894  ARI=0.6443  0.8s

=== P1L_S4_C1 test[0] k=3  dim=576  frames=164  σ=0.25  fold=5 ===
  BDOSC: k_hat=3  ACC=1.0000  NMI=1.0000  ARI=1.0000  1.8s

=== P1L_S4_C2 test[0] k=3  dim=576  frames=152  σ=0.25  fold=5 ===
  BDOSC: k_hat=3  ACC=0.7763  NMI=0.5845  ARI=0.4947  1.6s

=== P1L_S4_C3 test[0] k=3  dim=576  frames=103  σ=0.25  fold=5 ===
  BDOSC: k_hat=3  ACC=0.8252  NMI=0.7260  ARI=0.5960  0.7s
  tune_pool_groups=20: sampling from 22 held-in people (overlap allowed) instead of the 7 fixed partition group(s)

============================================================
σ=0.25 fold=6  test=['0007', '0010', '0020']  train mats=168  test mats=24  tune mats=480
  BDOSC: skip tuning, fixed lambda_1=0.2, lambda_2=1, gamma_1=0.01, p=1.1, max_iter=50
  wrote /nfs/turbo/umms-minjilab/lpullela/icassp_ssc_tv2/block_ssc_benchmark/cv/params/surveillance/split_k3_sigmas_min30_trials20_params_knownk_cv_bdosc_k3_sigma0p25_sigma0.25_fold6.json

=== P1E_S1_C1 train[0] k=3  dim=576  frames=146  σ=0.25  fold=6 ===
  BDOSC: k_hat=3  ACC=0.6233  NMI=0.4855  ARI=0.3168  1.5s

=== P1E_S1_C1 train[1] k=3  dim=576  frames=153  σ=0.25  fold=6 ===
  BDOSC: k_hat=3  ACC=0.7582  NMI=0.5848  ARI=0.4899  1.6s

=== P1E_S1_C1 train[2] k=3  dim=576  frames=130  σ=0.25  fold=6 ===
  BDOSC: k_hat=3  ACC=0.9308  NMI=0.8347  ARI=0.8096  1.1s

=== P1E_S1_C1 train[3] k=3  dim=576  frames=140  σ=0.25  fold=6 ===
  BDOSC: k_hat=3  ACC=0.7643  NMI=0.6062  ARI=0.4510  1.3s

=== P1E_S1_C1 train[4] k=3  dim=576  frames=157  σ=0.25  fold=6 ===
  BDOSC: k_hat=3  ACC=0.8408  NMI=0.6517  ARI=0.5995  1.6s

=== P1E_S1_C1 train[5] k=3  dim=576  frames=151  σ=0.25  fold=6 ===
  BDOSC: k_hat=3  ACC=0.8146  NMI=0.6450  ARI=0.5839  1.5s

=== P1E_S1_C1 train[6] k=3  dim=576  frames=171  σ=0.25  fold=6 ===
  BDOSC: k_hat=3  ACC=0.8012  NMI=0.6664  ARI=0.5913  2.0s

=== P1E_S1_C2 train[0] k=3  dim=576  frames=147  σ=0.25  fold=6 ===
  BDOSC: k_hat=3  ACC=0.8095  NMI=0.6730  ARI=0.5302  1.4s

=== P1E_S1_C2 train[1] k=3  dim=576  frames=115  σ=0.25  fold=6 ===
  BDOSC: k_hat=3  ACC=0.7739  NMI=0.5856  ARI=0.4739  0.9s

=== P1E_S1_C2 train[2] k=3  dim=576  frames=104  σ=0.25  fold=6 ===
  BDOSC: k_hat=3  ACC=0.7308  NMI=0.5624  ARI=0.4284  0.8s

=== P1E_S1_C2 train[3] k=3  dim=576  frames=138  σ=0.25  fold=6 ===
  BDOSC: k_hat=3  ACC=0.8333  NMI=0.6560  ARI=0.5510  1.3s

=== P1E_S1_C2 train[4] k=3  dim=576  frames=113  σ=0.25  fold=6 ===
  BDOSC: k_hat=3  ACC=0.6549  NMI=0.5505  ARI=0.4150  0.9s

=== P1E_S1_C2 train[5] k=3  dim=576  frames=122  σ=0.25  fold=6 ===
  BDOSC: k_hat=3  ACC=0.9426  NMI=0.8377  ARI=0.8517  1.0s

=== P1E_S1_C2 train[6] k=3  dim=576  frames=134  σ=0.25  fold=6 ===
  BDOSC: k_hat=3  ACC=0.7761  NMI=0.6060  ARI=0.5325  1.2s

=== P1E_S1_C3 train[0] k=3  dim=576  frames=58  σ=0.25  fold=6 ===
  BDOSC: k_hat=3  ACC=0.9483  NMI=0.8283  ARI=0.8385  0.3s

=== P1E_S1_C3 train[1] k=3  dim=576  frames=56  σ=0.25  fold=6 ===
  BDOSC: k_hat=3  ACC=0.8929  NMI=0.7305  ARI=0.7463  0.3s

=== P1E_S1_C3 train[2] k=3  dim=576  frames=47  σ=0.25  fold=6 ===
  BDOSC: k_hat=3  ACC=0.7660  NMI=0.6380  ARI=0.4948  0.2s

=== P1E_S1_C3 train[3] k=3  dim=576  frames=61  σ=0.25  fold=6 ===
  BDOSC: k_hat=3  ACC=0.5902  NMI=0.5897  ARI=0.4424  0.3s

=== P1E_S1_C3 train[4] k=3  dim=576  frames=37  σ=0.25  fold=6 ===
  BDOSC: k_hat=3  ACC=0.9459  NMI=0.8233  ARI=0.8375  0.2s

=== P1E_S1_C3 train[5] k=3  dim=576  frames=55  σ=0.25  fold=6 ===
  BDOSC: k_hat=3  ACC=0.8727  NMI=0.7204  ARI=0.6568  0.3s

=== P1E_S1_C3 train[6] k=3  dim=576  frames=69  σ=0.25  fold=6 ===
  BDOSC: k_hat=3  ACC=0.8696  NMI=0.7051  ARI=0.6603  0.4s

=== P1E_S2_C1 train[0] k=3  dim=576  frames=167  σ=0.25  fold=6 ===
  BDOSC: k_hat=3  ACC=0.5210  NMI=0.5656  ARI=0.3862  1.8s

=== P1E_S2_C1 train[1] k=3  dim=576  frames=151  σ=0.25  fold=6 ===
  BDOSC: k_hat=3  ACC=0.5166  NMI=0.5534  ARI=0.3914  1.5s

=== P1E_S2_C1 train[2] k=3  dim=576  frames=136  σ=0.25  fold=6 ===
  BDOSC: k_hat=3  ACC=0.6250  NMI=0.3679  ARI=0.1583  1.2s

=== P1E_S2_C1 train[3] k=3  dim=576  frames=180  σ=0.25  fold=6 ===
  BDOSC: k_hat=3  ACC=0.9500  NMI=0.8532  ARI=0.8623  2.1s

=== P1E_S2_C1 train[4] k=3  dim=576  frames=149  σ=0.25  fold=6 ===
  BDOSC: k_hat=3  ACC=0.5906  NMI=0.5802  ARI=0.4546  1.4s

=== P1E_S2_C1 train[5] k=3  dim=576  frames=124  σ=0.25  fold=6 ===
  BDOSC: k_hat=3  ACC=0.5565  NMI=0.5884  ARI=0.4353  1.0s

=== P1E_S2_C1 train[6] k=3  dim=576  frames=153  σ=0.25  fold=6 ===
  BDOSC: k_hat=3  ACC=0.7712  NMI=0.6029  ARI=0.4956  1.6s

=== P1E_S2_C2 train[0] k=3  dim=576  frames=146  σ=0.25  fold=6 ===
  BDOSC: k_hat=3  ACC=0.8562  NMI=0.6645  ARI=0.6324  1.5s

=== P1E_S2_C2 train[1] k=3  dim=576  frames=115  σ=0.25  fold=6 ===
  BDOSC: k_hat=3  ACC=0.8783  NMI=0.6990  ARI=0.6691  0.9s

=== P1E_S2_C2 train[2] k=3  dim=576  frames=109  σ=0.25  fold=6 ===
  BDOSC: k_hat=3  ACC=0.8073  NMI=0.6157  ARI=0.5523  0.8s

=== P1E_S2_C2 train[3] k=3  dim=576  frames=144  σ=0.25  fold=6 ===
  BDOSC: k_hat=3  ACC=0.5833  NMI=0.5043  ARI=0.3552  1.4s

=== P1E_S2_C2 train[4] k=3  dim=576  frames=124  σ=0.25  fold=6 ===
  BDOSC: k_hat=3  ACC=0.7016  NMI=0.5256  ARI=0.3764  1.0s

=== P1E_S2_C2 train[5] k=3  dim=576  frames=109  σ=0.25  fold=6 ===
  BDOSC: k_hat=3  ACC=0.7615  NMI=0.5966  ARI=0.4808  0.8s

=== P1E_S2_C2 train[6] k=3  dim=576  frames=126  σ=0.25  fold=6 ===
  BDOSC: k_hat=3  ACC=0.6825  NMI=0.4608  ARI=0.2672  1.1s

=== P1E_S2_C3 train[0] k=3  dim=576  frames=113  σ=0.25  fold=6 ===
  BDOSC: k_hat=3  ACC=0.7788  NMI=0.5838  ARI=0.4452  0.9s

=== P1E_S2_C3 train[1] k=3  dim=576  frames=88  σ=0.25  fold=6 ===
  BDOSC: k_hat=3  ACC=0.6023  NMI=0.4887  ARI=0.3165  0.6s

=== P1E_S2_C3 train[2] k=3  dim=576  frames=90  σ=0.25  fold=6 ===
  BDOSC: k_hat=3  ACC=0.8889  NMI=0.7265  ARI=0.7075  0.6s

=== P1E_S2_C3 train[3] k=3  dim=576  frames=112  σ=0.25  fold=6 ===
  BDOSC: k_hat=3  ACC=0.5268  NMI=0.5454  ARI=0.3878  0.9s

=== P1E_S2_C3 train[4] k=3  dim=576  frames=99  σ=0.25  fold=6 ===
  BDOSC: k_hat=3  ACC=0.9596  NMI=0.8661  ARI=0.8865  0.7s

=== P1E_S2_C3 train[5] k=3  dim=576  frames=87  σ=0.25  fold=6 ===
  BDOSC: k_hat=3  ACC=0.6322  NMI=0.4167  ARI=0.1899  0.6s

=== P1E_S2_C3 train[6] k=3  dim=576  frames=89  σ=0.25  fold=6 ===
  BDOSC: k_hat=3  ACC=0.5618  NMI=0.6067  ARI=0.4254  0.6s

=== P1E_S3_C1 train[0] k=3  dim=576  frames=166  σ=0.25  fold=6 ===
  BDOSC: k_hat=3  ACC=0.7771  NMI=0.6018  ARI=0.4766  1.9s

=== P1E_S3_C1 train[1] k=3  dim=576  frames=139  σ=0.25  fold=6 ===
  BDOSC: k_hat=3  ACC=0.5899  NMI=0.5095  ARI=0.3490  1.3s

=== P1E_S3_C1 train[2] k=3  dim=576  frames=134  σ=0.25  fold=6 ===
  BDOSC: k_hat=3  ACC=0.7612  NMI=0.5877  ARI=0.4618  1.2s

=== P1E_S3_C1 train[3] k=3  dim=576  frames=161  σ=0.25  fold=6 ===
  BDOSC: k_hat=3  ACC=0.8571  NMI=0.6876  ARI=0.6553  1.7s

=== P1E_S3_C1 train[4] k=3  dim=576  frames=168  σ=0.25  fold=6 ===
  BDOSC: k_hat=3  ACC=0.5952  NMI=0.4723  ARI=0.2961  1.8s

=== P1E_S3_C1 train[5] k=3  dim=576  frames=123  σ=0.25  fold=6 ===
  BDOSC: k_hat=3  ACC=0.6911  NMI=0.4632  ARI=0.2708  1.0s

=== P1E_S3_C1 train[6] k=3  dim=576  frames=112  σ=0.25  fold=6 ===
  BDOSC: k_hat=3  ACC=0.7411  NMI=0.5240  ARI=0.3714  0.9s

=== P1E_S3_C2 train[0] k=3  dim=576  frames=147  σ=0.25  fold=6 ===
  BDOSC: k_hat=3  ACC=0.7075  NMI=0.5396  ARI=0.3761  1.4s

=== P1E_S3_C2 train[1] k=3  dim=576  frames=120  σ=0.25  fold=6 ===
  BDOSC: k_hat=3  ACC=0.7000  NMI=0.5244  ARI=0.3635  1.0s

=== P1E_S3_C2 train[2] k=3  dim=576  frames=112  σ=0.25  fold=6 ===
  BDOSC: k_hat=3  ACC=0.8571  NMI=0.6637  ARI=0.6114  0.9s

=== P1E_S3_C2 train[3] k=3  dim=576  frames=168  σ=0.25  fold=6 ===
  BDOSC: k_hat=3  ACC=0.9524  NMI=0.8367  ARI=0.8577  1.8s

=== P1E_S3_C2 train[4] k=3  dim=576  frames=169  σ=0.25  fold=6 ===
  BDOSC: k_hat=3  ACC=0.7751  NMI=0.5632  ARI=0.4684  1.9s

=== P1E_S3_C2 train[5] k=3  dim=576  frames=107  σ=0.25  fold=6 ===
  BDOSC: k_hat=3  ACC=0.9159  NMI=0.8240  ARI=0.8049  0.8s

=== P1E_S3_C2 train[6] k=3  dim=576  frames=114  σ=0.25  fold=6 ===
  BDOSC: k_hat=3  ACC=0.6053  NMI=0.6421  ARI=0.4818  0.9s

=== P1E_S3_C3 train[0] k=3  dim=576  frames=105  σ=0.25  fold=6 ===
  BDOSC: k_hat=3  ACC=0.7905  NMI=0.5955  ARI=0.4936  0.8s

=== P1E_S3_C3 train[1] k=3  dim=576  frames=89  σ=0.25  fold=6 ===
  BDOSC: k_hat=3  ACC=0.7528  NMI=0.6187  ARI=0.4620  0.6s

=== P1E_S3_C3 train[2] k=3  dim=576  frames=84  σ=0.25  fold=6 ===
  BDOSC: k_hat=3  ACC=0.9286  NMI=0.7840  ARI=0.7900  0.5s

=== P1E_S3_C3 train[3] k=3  dim=576  frames=125  σ=0.25  fold=6 ===
  BDOSC: k_hat=3  ACC=0.8640  NMI=0.6945  ARI=0.6353  1.0s

=== P1E_S3_C3 train[4] k=3  dim=576  frames=128  σ=0.25  fold=6 ===
  BDOSC: k_hat=3  ACC=0.6328  NMI=0.4741  ARI=0.3000  1.2s

=== P1E_S3_C3 train[5] k=3  dim=576  frames=83  σ=0.25  fold=6 ===
  BDOSC: k_hat=3  ACC=0.9277  NMI=0.7923  ARI=0.8098  0.5s

=== P1E_S3_C3 train[6] k=3  dim=576  frames=84  σ=0.25  fold=6 ===
  BDOSC: k_hat=3  ACC=0.6071  NMI=0.5688  ARI=0.4593  0.5s

=== P1E_S4_C1 train[0] k=3  dim=576  frames=158  σ=0.25  fold=6 ===
  BDOSC: k_hat=3  ACC=0.8481  NMI=0.7223  ARI=0.6349  1.7s

=== P1E_S4_C1 train[1] k=3  dim=576  frames=107  σ=0.25  fold=6 ===
  BDOSC: k_hat=3  ACC=0.7009  NMI=0.4532  ARI=0.2676  0.8s

=== P1E_S4_C1 train[2] k=3  dim=576  frames=155  σ=0.25  fold=6 ===
  BDOSC: k_hat=3  ACC=0.8258  NMI=0.7069  ARI=0.6177  1.6s

=== P1E_S4_C1 train[3] k=3  dim=576  frames=182  σ=0.25  fold=6 ===
  BDOSC: k_hat=3  ACC=0.9451  NMI=0.8330  ARI=0.8404  2.2s

=== P1E_S4_C1 train[4] k=3  dim=576  frames=180  σ=0.25  fold=6 ===
  BDOSC: k_hat=3  ACC=0.8833  NMI=0.7321  ARI=0.7043  2.1s

=== P1E_S4_C1 train[5] k=3  dim=576  frames=133  σ=0.25  fold=6 ===
  BDOSC: k_hat=3  ACC=0.8797  NMI=0.7421  ARI=0.7088  1.2s

=== P1E_S4_C1 train[6] k=3  dim=576  frames=145  σ=0.25  fold=6 ===
  BDOSC: k_hat=3  ACC=0.5931  NMI=0.3658  ARI=0.1322  1.4s

=== P1E_S4_C2 train[0] k=3  dim=576  frames=117  σ=0.25  fold=6 ===
  BDOSC: k_hat=3  ACC=0.7778  NMI=0.5916  ARI=0.5126  0.9s

=== P1E_S4_C2 train[1] k=3  dim=576  frames=125  σ=0.25  fold=6 ===
  BDOSC: k_hat=3  ACC=0.9040  NMI=0.7756  ARI=0.7500  1.0s

=== P1E_S4_C2 train[2] k=3  dim=576  frames=122  σ=0.25  fold=6 ===
  BDOSC: k_hat=3  ACC=0.9426  NMI=0.8530  ARI=0.8373  1.0s

=== P1E_S4_C2 train[3] k=3  dim=576  frames=126  σ=0.25  fold=6 ===
  BDOSC: k_hat=3  ACC=0.8968  NMI=0.7359  ARI=0.6924  1.1s

=== P1E_S4_C2 train[4] k=3  dim=576  frames=140  σ=0.25  fold=6 ===
  BDOSC: k_hat=3  ACC=0.7214  NMI=0.5604  ARI=0.4019  1.3s

=== P1E_S4_C2 train[5] k=3  dim=576  frames=129  σ=0.25  fold=6 ===
  BDOSC: k_hat=3  ACC=0.8915  NMI=0.7467  ARI=0.7406  1.1s

=== P1E_S4_C2 train[6] k=3  dim=576  frames=110  σ=0.25  fold=6 ===
  BDOSC: k_hat=3  ACC=0.7455  NMI=0.6303  ARI=0.5216  0.8s

=== P1E_S4_C3 train[0] k=3  dim=576  frames=90  σ=0.25  fold=6 ===
  BDOSC: k_hat=3  ACC=0.9556  NMI=0.8514  ARI=0.8619  0.6s

=== P1E_S4_C3 train[1] k=3  dim=576  frames=64  σ=0.25  fold=6 ===
  BDOSC: k_hat=3  ACC=0.8281  NMI=0.6574  ARI=0.5948  0.3s

=== P1E_S4_C3 train[2] k=3  dim=576  frames=85  σ=0.25  fold=6 ===
  BDOSC: k_hat=3  ACC=0.8118  NMI=0.7286  ARI=0.6071  0.6s

=== P1E_S4_C3 train[3] k=3  dim=576  frames=105  σ=0.25  fold=6 ===
  BDOSC: k_hat=3  ACC=0.7714  NMI=0.5997  ARI=0.4856  0.8s

=== P1E_S4_C3 train[4] k=3  dim=576  frames=87  σ=0.25  fold=6 ===
  BDOSC: k_hat=3  ACC=0.8161  NMI=0.5866  ARI=0.4881  0.6s

=== P1E_S4_C3 train[5] k=3  dim=576  frames=76  σ=0.25  fold=6 ===
  BDOSC: k_hat=3  ACC=0.8816  NMI=0.7306  ARI=0.7094  0.5s

=== P1E_S4_C3 train[6] k=3  dim=576  frames=79  σ=0.25  fold=6 ===
  BDOSC: k_hat=3  ACC=0.9494  NMI=0.8427  ARI=0.8594  0.5s

=== P1L_S1_C1 train[0] k=3  dim=576  frames=162  σ=0.25  fold=6 ===
  BDOSC: k_hat=3  ACC=0.6790  NMI=0.5330  ARI=0.4006  1.8s

=== P1L_S1_C1 train[1] k=3  dim=576  frames=170  σ=0.25  fold=6 ===
  BDOSC: k_hat=3  ACC=0.7529  NMI=0.5448  ARI=0.4301  2.0s

=== P1L_S1_C1 train[2] k=3  dim=576  frames=155  σ=0.25  fold=6 ===
  BDOSC: k_hat=3  ACC=0.6194  NMI=0.5885  ARI=0.4428  1.6s

=== P1L_S1_C1 train[3] k=3  dim=576  frames=182  σ=0.25  fold=6 ===
  BDOSC: k_hat=3  ACC=0.5989  NMI=0.5897  ARI=0.4243  2.2s

=== P1L_S1_C1 train[4] k=3  dim=576  frames=198  σ=0.25  fold=6 ===
  BDOSC: k_hat=3  ACC=0.6818  NMI=0.4392  ARI=0.2751  2.5s

=== P1L_S1_C1 train[5] k=3  dim=576  frames=166  σ=0.25  fold=6 ===
  BDOSC: k_hat=3  ACC=0.9036  NMI=0.7725  ARI=0.7572  1.9s

=== P1L_S1_C1 train[6] k=3  dim=576  frames=175  σ=0.25  fold=6 ===
  BDOSC: k_hat=3  ACC=0.6229  NMI=0.5583  ARI=0.4631  2.0s

=== P1L_S1_C2 train[0] k=3  dim=576  frames=186  σ=0.25  fold=6 ===
  BDOSC: k_hat=3  ACC=0.5753  NMI=0.6274  ARI=0.4463  2.3s

=== P1L_S1_C2 train[1] k=3  dim=576  frames=137  σ=0.25  fold=6 ===
  BDOSC: k_hat=3  ACC=0.7883  NMI=0.6509  ARI=0.5260  1.3s

=== P1L_S1_C2 train[2] k=3  dim=576  frames=147  σ=0.25  fold=6 ===
  BDOSC: k_hat=3  ACC=0.7891  NMI=0.6197  ARI=0.5066  1.5s

=== P1L_S1_C2 train[3] k=3  dim=576  frames=181  σ=0.25  fold=6 ===
  BDOSC: k_hat=3  ACC=0.8287  NMI=0.7001  ARI=0.5889  2.2s

=== P1L_S1_C2 train[4] k=3  dim=576  frames=128  σ=0.25  fold=6 ===
  BDOSC: k_hat=3  ACC=0.5625  NMI=0.6362  ARI=0.4585  1.2s

=== P1L_S1_C2 train[5] k=3  dim=576  frames=154  σ=0.25  fold=6 ===
  BDOSC: k_hat=3  ACC=0.6039  NMI=0.5268  ARI=0.4018  1.6s

=== P1L_S1_C2 train[6] k=3  dim=576  frames=168  σ=0.25  fold=6 ===
  BDOSC: k_hat=3  ACC=0.6012  NMI=0.5251  ARI=0.3937  1.9s

=== P1L_S1_C3 train[0] k=3  dim=576  frames=60  σ=0.25  fold=6 ===
  BDOSC: k_hat=3  ACC=0.8667  NMI=0.6768  ARI=0.6166  0.3s

=== P1L_S1_C3 train[1] k=3  dim=576  frames=68  σ=0.25  fold=6 ===
  BDOSC: k_hat=3  ACC=0.9559  NMI=0.8517  ARI=0.8663  0.3s

=== P1L_S1_C3 train[2] k=3  dim=576  frames=65  σ=0.25  fold=6 ===
  BDOSC: k_hat=3  ACC=0.8923  NMI=0.7222  ARI=0.6933  0.3s

=== P1L_S1_C3 train[3] k=3  dim=576  frames=74  σ=0.25  fold=6 ===
  BDOSC: k_hat=3  ACC=0.7973  NMI=0.5899  ARI=0.4784  0.4s

=== P1L_S1_C3 train[4] k=3  dim=576  frames=73  σ=0.25  fold=6 ===
  BDOSC: k_hat=3  ACC=0.9863  NMI=0.9480  ARI=0.9615  0.4s

=== P1L_S1_C3 train[5] k=3  dim=576  frames=64  σ=0.25  fold=6 ===
  BDOSC: k_hat=3  ACC=0.9844  NMI=0.9426  ARI=0.9548  0.3s

=== P1L_S1_C3 train[6] k=3  dim=576  frames=75  σ=0.25  fold=6 ===
  BDOSC: k_hat=3  ACC=0.9733  NMI=0.8971  ARI=0.9210  0.4s

=== P1L_S2_C1 train[0] k=3  dim=576  frames=211  σ=0.25  fold=6 ===
  BDOSC: k_hat=3  ACC=0.6588  NMI=0.5422  ARI=0.3975  3.0s

=== P1L_S2_C1 train[1] k=3  dim=576  frames=190  σ=0.25  fold=6 ===
  BDOSC: k_hat=3  ACC=0.6158  NMI=0.4987  ARI=0.3460  2.4s

=== P1L_S2_C1 train[2] k=3  dim=576  frames=180  σ=0.25  fold=6 ===
  BDOSC: k_hat=3  ACC=0.6944  NMI=0.4652  ARI=0.2913  2.1s

=== P1L_S2_C1 train[3] k=3  dim=576  frames=177  σ=0.25  fold=6 ===
  BDOSC: k_hat=3  ACC=0.7910  NMI=0.6087  ARI=0.5210  2.0s

=== P1L_S2_C1 train[4] k=3  dim=576  frames=172  σ=0.25  fold=6 ===
  BDOSC: k_hat=3  ACC=0.5872  NMI=0.4044  ARI=0.1901  2.0s

=== P1L_S2_C1 train[5] k=3  dim=576  frames=179  σ=0.25  fold=6 ===
  BDOSC: k_hat=3  ACC=0.6369  NMI=0.6350  ARI=0.4913  2.0s

=== P1L_S2_C1 train[6] k=3  dim=576  frames=133  σ=0.25  fold=6 ===
  BDOSC: k_hat=3  ACC=0.6090  NMI=0.5494  ARI=0.4278  1.2s

=== P1L_S2_C2 train[0] k=3  dim=576  frames=194  σ=0.25  fold=6 ===
  BDOSC: k_hat=3  ACC=0.8763  NMI=0.7006  ARI=0.6351  2.4s

=== P1L_S2_C2 train[1] k=3  dim=576  frames=155  σ=0.25  fold=6 ===
  BDOSC: k_hat=3  ACC=0.6645  NMI=0.3974  ARI=0.2135  1.6s

=== P1L_S2_C2 train[2] k=3  dim=576  frames=134  σ=0.25  fold=6 ===
  BDOSC: k_hat=3  ACC=0.7388  NMI=0.6857  ARI=0.5080  1.2s

=== P1L_S2_C2 train[3] k=3  dim=576  frames=186  σ=0.25  fold=6 ===
  BDOSC: k_hat=3  ACC=0.8065  NMI=0.6894  ARI=0.6331  2.3s

=== P1L_S2_C2 train[4] k=3  dim=576  frames=201  σ=0.25  fold=6 ===
  BDOSC: k_hat=3  ACC=0.7363  NMI=0.4708  ARI=0.3279  2.6s

=== P1L_S2_C2 train[5] k=3  dim=576  frames=171  σ=0.25  fold=6 ===
  BDOSC: k_hat=3  ACC=0.5439  NMI=0.6207  ARI=0.4452  2.0s

=== P1L_S2_C2 train[6] k=3  dim=576  frames=154  σ=0.25  fold=6 ===
  BDOSC: k_hat=3  ACC=0.5584  NMI=0.3501  ARI=0.1109  1.6s

=== P1L_S2_C3 train[0] k=3  dim=576  frames=119  σ=0.25  fold=6 ===
  BDOSC: k_hat=3  ACC=0.7899  NMI=0.6364  ARI=0.4865  0.9s

=== P1L_S2_C3 train[1] k=3  dim=576  frames=101  σ=0.25  fold=6 ===
  BDOSC: k_hat=3  ACC=0.9208  NMI=0.8105  ARI=0.7726  0.7s

=== P1L_S2_C3 train[2] k=3  dim=576  frames=85  σ=0.25  fold=6 ===
  BDOSC: k_hat=3  ACC=0.8235  NMI=0.6473  ARI=0.5959  0.6s

=== P1L_S2_C3 train[3] k=3  dim=576  frames=112  σ=0.25  fold=6 ===
  BDOSC: k_hat=3  ACC=0.9286  NMI=0.7874  ARI=0.7982  0.9s

=== P1L_S2_C3 train[4] k=3  dim=576  frames=126  σ=0.25  fold=6 ===
  BDOSC: k_hat=3  ACC=0.8413  NMI=0.7338  ARI=0.6082  1.0s

=== P1L_S2_C3 train[5] k=3  dim=576  frames=102  σ=0.25  fold=6 ===
  BDOSC: k_hat=3  ACC=0.5686  NMI=0.6595  ARI=0.4594  0.7s

=== P1L_S2_C3 train[6] k=3  dim=576  frames=99  σ=0.25  fold=6 ===
  BDOSC: k_hat=3  ACC=0.8182  NMI=0.6087  ARI=0.5136  0.7s

=== P1L_S3_C1 train[0] k=3  dim=576  frames=156  σ=0.25  fold=6 ===
  BDOSC: k_hat=3  ACC=0.7628  NMI=0.6611  ARI=0.4535  1.6s

=== P1L_S3_C1 train[1] k=3  dim=576  frames=120  σ=0.25  fold=6 ===
  BDOSC: k_hat=3  ACC=0.7500  NMI=0.5551  ARI=0.4897  1.0s

=== P1L_S3_C1 train[2] k=3  dim=576  frames=185  σ=0.25  fold=6 ===
  BDOSC: k_hat=3  ACC=0.7297  NMI=0.5439  ARI=0.4305  2.3s

=== P1L_S3_C1 train[3] k=3  dim=576  frames=156  σ=0.25  fold=6 ===
  BDOSC: k_hat=3  ACC=0.5897  NMI=0.6323  ARI=0.4742  1.6s

=== P1L_S3_C1 train[4] k=3  dim=576  frames=159  σ=0.25  fold=6 ===
  BDOSC: k_hat=3  ACC=0.6792  NMI=0.4390  ARI=0.2691  1.7s

=== P1L_S3_C1 train[5] k=3  dim=576  frames=172  σ=0.25  fold=6 ===
  BDOSC: k_hat=3  ACC=0.5814  NMI=0.3429  ARI=0.1167  1.9s

=== P1L_S3_C1 train[6] k=3  dim=576  frames=134  σ=0.25  fold=6 ===
  BDOSC: k_hat=3  ACC=0.8433  NMI=0.6532  ARI=0.6119  1.3s

=== P1L_S3_C2 train[0] k=3  dim=576  frames=185  σ=0.25  fold=6 ===
  BDOSC: k_hat=3  ACC=0.8000  NMI=0.6179  ARI=0.5246  2.3s

=== P1L_S3_C2 train[1] k=3  dim=576  frames=125  σ=0.25  fold=6 ===
  BDOSC: k_hat=3  ACC=0.7520  NMI=0.5278  ARI=0.3732  1.1s

=== P1L_S3_C2 train[2] k=3  dim=576  frames=166  σ=0.25  fold=6 ===
  BDOSC: k_hat=3  ACC=0.7590  NMI=0.5929  ARI=0.5102  1.9s

=== P1L_S3_C2 train[3] k=3  dim=576  frames=209  σ=0.25  fold=6 ===
  BDOSC: k_hat=3  ACC=0.9474  NMI=0.8284  ARI=0.8491  2.8s

=== P1L_S3_C2 train[4] k=3  dim=576  frames=168  σ=0.25  fold=6 ===
  BDOSC: k_hat=3  ACC=0.7917  NMI=0.7503  ARI=0.7085  1.8s

=== P1L_S3_C2 train[5] k=3  dim=576  frames=187  σ=0.25  fold=6 ===
  BDOSC: k_hat=3  ACC=0.7540  NMI=0.5883  ARI=0.4919  2.3s

=== P1L_S3_C2 train[6] k=3  dim=576  frames=136  σ=0.25  fold=6 ===
  BDOSC: k_hat=3  ACC=0.7794  NMI=0.5404  ARI=0.4218  1.2s

=== P1L_S3_C3 train[0] k=3  dim=576  frames=151  σ=0.25  fold=6 ===
  BDOSC: k_hat=3  ACC=0.9470  NMI=0.8155  ARI=0.8381  1.5s

=== P1L_S3_C3 train[1] k=3  dim=576  frames=118  σ=0.25  fold=6 ===
  BDOSC: k_hat=3  ACC=0.8559  NMI=0.7312  ARI=0.6670  0.9s

=== P1L_S3_C3 train[2] k=3  dim=576  frames=121  σ=0.25  fold=6 ===
  BDOSC: k_hat=3  ACC=0.9835  NMI=0.9402  ARI=0.9534  1.0s

=== P1L_S3_C3 train[3] k=3  dim=576  frames=142  σ=0.25  fold=6 ===
  BDOSC: k_hat=3  ACC=0.6620  NMI=0.3856  ARI=0.2030  1.3s

=== P1L_S3_C3 train[4] k=3  dim=576  frames=134  σ=0.25  fold=6 ===
  BDOSC: k_hat=3  ACC=0.7910  NMI=0.6006  ARI=0.4731  1.2s

=== P1L_S3_C3 train[5] k=3  dim=576  frames=110  σ=0.25  fold=6 ===
  BDOSC: k_hat=3  ACC=0.8545  NMI=0.6894  ARI=0.6443  0.8s

=== P1L_S3_C3 train[6] k=3  dim=576  frames=114  σ=0.25  fold=6 ===
  BDOSC: k_hat=3  ACC=0.6316  NMI=0.5604  ARI=0.4750  0.9s

=== P1L_S4_C1 train[0] k=3  dim=576  frames=200  σ=0.25  fold=6 ===
  BDOSC: k_hat=3  ACC=0.6650  NMI=0.4512  ARI=0.2580  2.6s

=== P1L_S4_C1 train[1] k=3  dim=576  frames=157  σ=0.25  fold=6 ===
  BDOSC: k_hat=3  ACC=0.7962  NMI=0.6173  ARI=0.6097  1.7s

=== P1L_S4_C1 train[2] k=3  dim=576  frames=154  σ=0.25  fold=6 ===
  BDOSC: k_hat=3  ACC=0.8052  NMI=0.5968  ARI=0.4945  1.6s

=== P1L_S4_C1 train[3] k=3  dim=576  frames=168  σ=0.25  fold=6 ===
  BDOSC: k_hat=3  ACC=0.6488  NMI=0.4767  ARI=0.3231  1.8s

=== P1L_S4_C1 train[4] k=3  dim=576  frames=142  σ=0.25  fold=6 ===
  BDOSC: k_hat=3  ACC=0.7042  NMI=0.4848  ARI=0.3140  1.4s

=== P1L_S4_C1 train[5] k=3  dim=576  frames=164  σ=0.25  fold=6 ===
  BDOSC: k_hat=3  ACC=1.0000  NMI=1.0000  ARI=1.0000  1.8s

=== P1L_S4_C1 train[6] k=3  dim=576  frames=202  σ=0.25  fold=6 ===
  BDOSC: k_hat=3  ACC=0.7277  NMI=0.5800  ARI=0.4750  2.7s

=== P1L_S4_C2 train[0] k=3  dim=576  frames=157  σ=0.25  fold=6 ===
  BDOSC: k_hat=3  ACC=0.8280  NMI=0.7023  ARI=0.5585  1.7s

=== P1L_S4_C2 train[1] k=3  dim=576  frames=149  σ=0.25  fold=6 ===
  BDOSC: k_hat=3  ACC=0.6040  NMI=0.6694  ARI=0.4822  1.5s

=== P1L_S4_C2 train[2] k=3  dim=576  frames=175  σ=0.25  fold=6 ===
  BDOSC: k_hat=3  ACC=0.7086  NMI=0.5163  ARI=0.3936  2.0s

=== P1L_S4_C2 train[3] k=3  dim=576  frames=168  σ=0.25  fold=6 ===
  BDOSC: k_hat=3  ACC=0.6726  NMI=0.3827  ARI=0.2337  1.9s

=== P1L_S4_C2 train[4] k=3  dim=576  frames=154  σ=0.25  fold=6 ===
  BDOSC: k_hat=3  ACC=0.8312  NMI=0.6454  ARI=0.6102  1.6s

=== P1L_S4_C2 train[5] k=3  dim=576  frames=152  σ=0.25  fold=6 ===
  BDOSC: k_hat=3  ACC=0.7763  NMI=0.5845  ARI=0.4947  1.6s

=== P1L_S4_C2 train[6] k=3  dim=576  frames=153  σ=0.25  fold=6 ===
  BDOSC: k_hat=3  ACC=0.6013  NMI=0.4731  ARI=0.3077  1.6s

=== P1L_S4_C3 train[0] k=3  dim=576  frames=96  σ=0.25  fold=6 ===
  BDOSC: k_hat=3  ACC=1.0000  NMI=1.0000  ARI=1.0000  0.7s

=== P1L_S4_C3 train[1] k=3  dim=576  frames=107  σ=0.25  fold=6 ===
  BDOSC: k_hat=3  ACC=0.8505  NMI=0.7204  ARI=0.5871  0.8s

=== P1L_S4_C3 train[2] k=3  dim=576  frames=94  σ=0.25  fold=6 ===
  BDOSC: k_hat=3  ACC=0.8723  NMI=0.7486  ARI=0.6387  0.6s

=== P1L_S4_C3 train[3] k=3  dim=576  frames=117  σ=0.25  fold=6 ===
  BDOSC: k_hat=3  ACC=0.8547  NMI=0.6999  ARI=0.5966  0.9s

=== P1L_S4_C3 train[4] k=3  dim=576  frames=112  σ=0.25  fold=6 ===
  BDOSC: k_hat=3  ACC=1.0000  NMI=1.0000  ARI=1.0000  0.8s

=== P1L_S4_C3 train[5] k=3  dim=576  frames=103  σ=0.25  fold=6 ===
  BDOSC: k_hat=3  ACC=0.8252  NMI=0.7260  ARI=0.5960  0.7s

=== P1L_S4_C3 train[6] k=3  dim=576  frames=107  σ=0.25  fold=6 ===
  BDOSC: k_hat=3  ACC=0.7944  NMI=0.5951  ARI=0.4918  0.8s

=== P1E_S1_C1 test[0] k=3  dim=576  frames=140  σ=0.25  fold=6 ===
  BDOSC: k_hat=3  ACC=0.7429  NMI=0.5443  ARI=0.4169  1.3s

=== P1E_S1_C2 test[0] k=3  dim=576  frames=122  σ=0.25  fold=6 ===
  BDOSC: k_hat=3  ACC=0.9508  NMI=0.8421  ARI=0.8626  1.0s

=== P1E_S1_C3 test[0] k=3  dim=576  frames=51  σ=0.25  fold=6 ===
  BDOSC: k_hat=3  ACC=0.9216  NMI=0.7675  ARI=0.7620  0.2s

=== P1E_S2_C1 test[0] k=3  dim=576  frames=161  σ=0.25  fold=6 ===
  BDOSC: k_hat=3  ACC=0.7329  NMI=0.5485  ARI=0.4253  1.7s

=== P1E_S2_C2 test[0] k=3  dim=576  frames=128  σ=0.25  fold=6 ===
  BDOSC: k_hat=3  ACC=0.7969  NMI=0.6189  ARI=0.5319  1.2s

=== P1E_S2_C3 test[0] k=3  dim=576  frames=105  σ=0.25  fold=6 ===
  BDOSC: k_hat=3  ACC=0.7238  NMI=0.5440  ARI=0.4346  0.8s

=== P1E_S3_C1 test[0] k=3  dim=576  frames=204  σ=0.25  fold=6 ===
  BDOSC: k_hat=3  ACC=0.9510  NMI=0.8397  ARI=0.8865  2.9s

=== P1E_S3_C2 test[0] k=3  dim=576  frames=146  σ=0.25  fold=6 ===
  BDOSC: k_hat=3  ACC=0.5685  NMI=0.5812  ARI=0.4353  1.5s

=== P1E_S3_C3 test[0] k=3  dim=576  frames=129  σ=0.25  fold=6 ===
  BDOSC: k_hat=3  ACC=0.5891  NMI=0.3512  ARI=0.1221  1.1s

=== P1E_S4_C1 test[0] k=3  dim=576  frames=147  σ=0.25  fold=6 ===
  BDOSC: k_hat=3  ACC=0.8707  NMI=0.6782  ARI=0.6644  1.4s

=== P1E_S4_C2 test[0] k=3  dim=576  frames=146  σ=0.25  fold=6 ===
  BDOSC: k_hat=3  ACC=0.8219  NMI=0.6605  ARI=0.6030  1.5s

=== P1E_S4_C3 test[0] k=3  dim=576  frames=106  σ=0.25  fold=6 ===
  BDOSC: k_hat=3  ACC=0.6792  NMI=0.4553  ARI=0.2547  0.8s

=== P1L_S1_C1 test[0] k=3  dim=576  frames=116  σ=0.25  fold=6 ===
  BDOSC: k_hat=3  ACC=0.7759  NMI=0.6079  ARI=0.5402  0.9s

=== P1L_S1_C2 test[0] k=3  dim=576  frames=142  σ=0.25  fold=6 ===
  BDOSC: k_hat=3  ACC=0.5563  NMI=0.4810  ARI=0.3175  1.3s

=== P1L_S1_C3 test[0] k=3  dim=576  frames=63  σ=0.25  fold=6 ===
  BDOSC: k_hat=3  ACC=0.7778  NMI=0.5924  ARI=0.4878  0.3s

=== P1L_S2_C1 test[0] k=3  dim=576  frames=180  σ=0.25  fold=6 ===
  BDOSC: k_hat=3  ACC=0.7000  NMI=0.5656  ARI=0.4662  2.2s

=== P1L_S2_C2 test[0] k=3  dim=576  frames=160  σ=0.25  fold=6 ===
  BDOSC: k_hat=3  ACC=0.9062  NMI=0.7778  ARI=0.7080  1.8s

=== P1L_S2_C3 test[0] k=3  dim=576  frames=121  σ=0.25  fold=6 ===
  BDOSC: k_hat=3  ACC=0.6694  NMI=0.4453  ARI=0.2441  1.0s

=== P1L_S3_C1 test[0] k=3  dim=576  frames=176  σ=0.25  fold=6 ===
  BDOSC: k_hat=3  ACC=0.9375  NMI=0.8057  ARI=0.8357  2.0s

=== P1L_S3_C2 test[0] k=3  dim=576  frames=229  σ=0.25  fold=6 ===
  BDOSC: k_hat=3  ACC=0.8646  NMI=0.7223  ARI=0.6687  3.5s

=== P1L_S3_C3 test[0] k=3  dim=576  frames=161  σ=0.25  fold=6 ===
  BDOSC: k_hat=3  ACC=0.6149  NMI=0.5088  ARI=0.3551  1.7s

=== P1L_S4_C1 test[0] k=3  dim=576  frames=187  σ=0.25  fold=6 ===
  BDOSC: k_hat=3  ACC=0.9305  NMI=0.7956  ARI=0.8157  2.3s

=== P1L_S4_C2 test[0] k=3  dim=576  frames=169  σ=0.25  fold=6 ===
  BDOSC: k_hat=3  ACC=0.5917  NMI=0.3821  ARI=0.1513  1.9s

=== P1L_S4_C3 test[0] k=3  dim=576  frames=105  σ=0.25  fold=6 ===
  BDOSC: k_hat=3  ACC=0.7810  NMI=0.6221  ARI=0.4968  0.8s
  tune_pool_groups=20: sampling from 22 held-in people (overlap allowed) instead of the 7 fixed partition group(s)

============================================================
σ=0.25 fold=7  test=['0003', '0012', '0017']  train mats=168  test mats=24  tune mats=480
  BDOSC: skip tuning, fixed lambda_1=0.2, lambda_2=1, gamma_1=0.01, p=1.1, max_iter=50
  wrote /nfs/turbo/umms-minjilab/lpullela/icassp_ssc_tv2/block_ssc_benchmark/cv/params/surveillance/split_k3_sigmas_min30_trials20_params_knownk_cv_bdosc_k3_sigma0p25_sigma0.25_fold7.json

=== P1E_S1_C1 train[0] k=3  dim=576  frames=146  σ=0.25  fold=7 ===
  BDOSC: k_hat=3  ACC=0.6233  NMI=0.4855  ARI=0.3168  1.5s

=== P1E_S1_C1 train[1] k=3  dim=576  frames=153  σ=0.25  fold=7 ===
  BDOSC: k_hat=3  ACC=0.7582  NMI=0.5848  ARI=0.4899  1.6s

=== P1E_S1_C1 train[2] k=3  dim=576  frames=130  σ=0.25  fold=7 ===
  BDOSC: k_hat=3  ACC=0.9308  NMI=0.8347  ARI=0.8096  1.1s

=== P1E_S1_C1 train[3] k=3  dim=576  frames=140  σ=0.25  fold=7 ===
  BDOSC: k_hat=3  ACC=0.7643  NMI=0.6062  ARI=0.4510  1.3s

=== P1E_S1_C1 train[4] k=3  dim=576  frames=157  σ=0.25  fold=7 ===
  BDOSC: k_hat=3  ACC=0.8408  NMI=0.6517  ARI=0.5995  1.6s

=== P1E_S1_C1 train[5] k=3  dim=576  frames=151  σ=0.25  fold=7 ===
  BDOSC: k_hat=3  ACC=0.8146  NMI=0.6450  ARI=0.5839  1.5s

=== P1E_S1_C1 train[6] k=3  dim=576  frames=140  σ=0.25  fold=7 ===
  BDOSC: k_hat=3  ACC=0.7429  NMI=0.5443  ARI=0.4169  1.3s

=== P1E_S1_C2 train[0] k=3  dim=576  frames=147  σ=0.25  fold=7 ===
  BDOSC: k_hat=3  ACC=0.8095  NMI=0.6730  ARI=0.5302  1.4s

=== P1E_S1_C2 train[1] k=3  dim=576  frames=115  σ=0.25  fold=7 ===
  BDOSC: k_hat=3  ACC=0.7739  NMI=0.5856  ARI=0.4739  0.9s

=== P1E_S1_C2 train[2] k=3  dim=576  frames=104  σ=0.25  fold=7 ===
  BDOSC: k_hat=3  ACC=0.7308  NMI=0.5624  ARI=0.4284  0.8s

=== P1E_S1_C2 train[3] k=3  dim=576  frames=138  σ=0.25  fold=7 ===
  BDOSC: k_hat=3  ACC=0.8333  NMI=0.6560  ARI=0.5510  1.3s

=== P1E_S1_C2 train[4] k=3  dim=576  frames=113  σ=0.25  fold=7 ===
  BDOSC: k_hat=3  ACC=0.6549  NMI=0.5505  ARI=0.4150  0.9s

=== P1E_S1_C2 train[5] k=3  dim=576  frames=122  σ=0.25  fold=7 ===
  BDOSC: k_hat=3  ACC=0.9426  NMI=0.8377  ARI=0.8517  1.0s

=== P1E_S1_C2 train[6] k=3  dim=576  frames=122  σ=0.25  fold=7 ===
  BDOSC: k_hat=3  ACC=0.9508  NMI=0.8421  ARI=0.8626  1.0s

=== P1E_S1_C3 train[0] k=3  dim=576  frames=58  σ=0.25  fold=7 ===
  BDOSC: k_hat=3  ACC=0.9483  NMI=0.8283  ARI=0.8385  0.3s

=== P1E_S1_C3 train[1] k=3  dim=576  frames=56  σ=0.25  fold=7 ===
  BDOSC: k_hat=3  ACC=0.8929  NMI=0.7305  ARI=0.7463  0.3s

=== P1E_S1_C3 train[2] k=3  dim=576  frames=47  σ=0.25  fold=7 ===
  BDOSC: k_hat=3  ACC=0.7660  NMI=0.6380  ARI=0.4948  0.2s

=== P1E_S1_C3 train[3] k=3  dim=576  frames=61  σ=0.25  fold=7 ===
  BDOSC: k_hat=3  ACC=0.5902  NMI=0.5897  ARI=0.4424  0.3s

=== P1E_S1_C3 train[4] k=3  dim=576  frames=37  σ=0.25  fold=7 ===
  BDOSC: k_hat=3  ACC=0.9459  NMI=0.8233  ARI=0.8375  0.2s

=== P1E_S1_C3 train[5] k=3  dim=576  frames=55  σ=0.25  fold=7 ===
  BDOSC: k_hat=3  ACC=0.8727  NMI=0.7204  ARI=0.6568  0.3s

=== P1E_S1_C3 train[6] k=3  dim=576  frames=51  σ=0.25  fold=7 ===
  BDOSC: k_hat=3  ACC=0.9216  NMI=0.7675  ARI=0.7620  0.2s

=== P1E_S2_C1 train[0] k=3  dim=576  frames=167  σ=0.25  fold=7 ===
  BDOSC: k_hat=3  ACC=0.5210  NMI=0.5656  ARI=0.3862  2.2s

=== P1E_S2_C1 train[1] k=3  dim=576  frames=151  σ=0.25  fold=7 ===
  BDOSC: k_hat=3  ACC=0.5166  NMI=0.5534  ARI=0.3914  1.5s

=== P1E_S2_C1 train[2] k=3  dim=576  frames=136  σ=0.25  fold=7 ===
  BDOSC: k_hat=3  ACC=0.6250  NMI=0.3679  ARI=0.1583  1.2s

=== P1E_S2_C1 train[3] k=3  dim=576  frames=180  σ=0.25  fold=7 ===
  BDOSC: k_hat=3  ACC=0.9500  NMI=0.8532  ARI=0.8623  2.1s

=== P1E_S2_C1 train[4] k=3  dim=576  frames=149  σ=0.25  fold=7 ===
  BDOSC: k_hat=3  ACC=0.5906  NMI=0.5802  ARI=0.4546  1.5s

=== P1E_S2_C1 train[5] k=3  dim=576  frames=124  σ=0.25  fold=7 ===
  BDOSC: k_hat=3  ACC=0.5565  NMI=0.5884  ARI=0.4353  1.0s

=== P1E_S2_C1 train[6] k=3  dim=576  frames=161  σ=0.25  fold=7 ===
  BDOSC: k_hat=3  ACC=0.7329  NMI=0.5485  ARI=0.4253  1.7s

=== P1E_S2_C2 train[0] k=3  dim=576  frames=146  σ=0.25  fold=7 ===
  BDOSC: k_hat=3  ACC=0.8562  NMI=0.6645  ARI=0.6324  1.5s

=== P1E_S2_C2 train[1] k=3  dim=576  frames=115  σ=0.25  fold=7 ===
  BDOSC: k_hat=3  ACC=0.8783  NMI=0.6990  ARI=0.6691  0.9s

=== P1E_S2_C2 train[2] k=3  dim=576  frames=109  σ=0.25  fold=7 ===
  BDOSC: k_hat=3  ACC=0.8073  NMI=0.6157  ARI=0.5523  0.8s

=== P1E_S2_C2 train[3] k=3  dim=576  frames=144  σ=0.25  fold=7 ===
  BDOSC: k_hat=3  ACC=0.5833  NMI=0.5043  ARI=0.3552  1.4s

=== P1E_S2_C2 train[4] k=3  dim=576  frames=124  σ=0.25  fold=7 ===
  BDOSC: k_hat=3  ACC=0.7016  NMI=0.5256  ARI=0.3764  1.0s

=== P1E_S2_C2 train[5] k=3  dim=576  frames=109  σ=0.25  fold=7 ===
  BDOSC: k_hat=3  ACC=0.7615  NMI=0.5966  ARI=0.4808  0.8s

=== P1E_S2_C2 train[6] k=3  dim=576  frames=128  σ=0.25  fold=7 ===
  BDOSC: k_hat=3  ACC=0.7969  NMI=0.6189  ARI=0.5319  1.2s

=== P1E_S2_C3 train[0] k=3  dim=576  frames=113  σ=0.25  fold=7 ===
  BDOSC: k_hat=3  ACC=0.7788  NMI=0.5838  ARI=0.4452  0.9s

=== P1E_S2_C3 train[1] k=3  dim=576  frames=88  σ=0.25  fold=7 ===
  BDOSC: k_hat=3  ACC=0.6023  NMI=0.4887  ARI=0.3165  0.6s

=== P1E_S2_C3 train[2] k=3  dim=576  frames=90  σ=0.25  fold=7 ===
  BDOSC: k_hat=3  ACC=0.8889  NMI=0.7265  ARI=0.7075  0.6s

=== P1E_S2_C3 train[3] k=3  dim=576  frames=112  σ=0.25  fold=7 ===
  BDOSC: k_hat=3  ACC=0.5268  NMI=0.5454  ARI=0.3878  0.8s

=== P1E_S2_C3 train[4] k=3  dim=576  frames=99  σ=0.25  fold=7 ===
  BDOSC: k_hat=3  ACC=0.9596  NMI=0.8661  ARI=0.8865  0.7s

=== P1E_S2_C3 train[5] k=3  dim=576  frames=87  σ=0.25  fold=7 ===
  BDOSC: k_hat=3  ACC=0.6322  NMI=0.4167  ARI=0.1899  0.6s

=== P1E_S2_C3 train[6] k=3  dim=576  frames=105  σ=0.25  fold=7 ===
  BDOSC: k_hat=3  ACC=0.7238  NMI=0.5440  ARI=0.4346  0.8s

=== P1E_S3_C1 train[0] k=3  dim=576  frames=166  σ=0.25  fold=7 ===
  BDOSC: k_hat=3  ACC=0.7771  NMI=0.6018  ARI=0.4766  1.9s

=== P1E_S3_C1 train[1] k=3  dim=576  frames=139  σ=0.25  fold=7 ===
  BDOSC: k_hat=3  ACC=0.5899  NMI=0.5095  ARI=0.3490  1.3s

=== P1E_S3_C1 train[2] k=3  dim=576  frames=134  σ=0.25  fold=7 ===
  BDOSC: k_hat=3  ACC=0.7612  NMI=0.5877  ARI=0.4618  1.2s

=== P1E_S3_C1 train[3] k=3  dim=576  frames=161  σ=0.25  fold=7 ===
  BDOSC: k_hat=3  ACC=0.8571  NMI=0.6876  ARI=0.6553  1.7s

=== P1E_S3_C1 train[4] k=3  dim=576  frames=168  σ=0.25  fold=7 ===
  BDOSC: k_hat=3  ACC=0.5952  NMI=0.4723  ARI=0.2961  1.8s

=== P1E_S3_C1 train[5] k=3  dim=576  frames=123  σ=0.25  fold=7 ===
  BDOSC: k_hat=3  ACC=0.6911  NMI=0.4632  ARI=0.2708  1.0s

=== P1E_S3_C1 train[6] k=3  dim=576  frames=204  σ=0.25  fold=7 ===
  BDOSC: k_hat=3  ACC=0.9510  NMI=0.8397  ARI=0.8865  2.9s

=== P1E_S3_C2 train[0] k=3  dim=576  frames=147  σ=0.25  fold=7 ===
  BDOSC: k_hat=3  ACC=0.7075  NMI=0.5396  ARI=0.3761  1.5s

=== P1E_S3_C2 train[1] k=3  dim=576  frames=120  σ=0.25  fold=7 ===
  BDOSC: k_hat=3  ACC=0.7000  NMI=0.5244  ARI=0.3635  1.0s

=== P1E_S3_C2 train[2] k=3  dim=576  frames=112  σ=0.25  fold=7 ===
  BDOSC: k_hat=3  ACC=0.8571  NMI=0.6637  ARI=0.6114  0.9s

=== P1E_S3_C2 train[3] k=3  dim=576  frames=168  σ=0.25  fold=7 ===
  BDOSC: k_hat=3  ACC=0.9524  NMI=0.8367  ARI=0.8577  1.8s

=== P1E_S3_C2 train[4] k=3  dim=576  frames=169  σ=0.25  fold=7 ===
  BDOSC: k_hat=3  ACC=0.7751  NMI=0.5632  ARI=0.4684  1.9s

=== P1E_S3_C2 train[5] k=3  dim=576  frames=107  σ=0.25  fold=7 ===
  BDOSC: k_hat=3  ACC=0.9159  NMI=0.8240  ARI=0.8049  0.8s

=== P1E_S3_C2 train[6] k=3  dim=576  frames=146  σ=0.25  fold=7 ===
  BDOSC: k_hat=3  ACC=0.5685  NMI=0.5812  ARI=0.4353  1.5s

=== P1E_S3_C3 train[0] k=3  dim=576  frames=105  σ=0.25  fold=7 ===
  BDOSC: k_hat=3  ACC=0.7905  NMI=0.5955  ARI=0.4936  0.8s

=== P1E_S3_C3 train[1] k=3  dim=576  frames=89  σ=0.25  fold=7 ===
  BDOSC: k_hat=3  ACC=0.7528  NMI=0.6187  ARI=0.4620  0.6s

=== P1E_S3_C3 train[2] k=3  dim=576  frames=84  σ=0.25  fold=7 ===
  BDOSC: k_hat=3  ACC=0.9286  NMI=0.7840  ARI=0.7900  0.5s

=== P1E_S3_C3 train[3] k=3  dim=576  frames=125  σ=0.25  fold=7 ===
  BDOSC: k_hat=3  ACC=0.8640  NMI=0.6945  ARI=0.6353  1.0s

=== P1E_S3_C3 train[4] k=3  dim=576  frames=128  σ=0.25  fold=7 ===
  BDOSC: k_hat=3  ACC=0.6328  NMI=0.4741  ARI=0.3000  1.2s

=== P1E_S3_C3 train[5] k=3  dim=576  frames=83  σ=0.25  fold=7 ===
  BDOSC: k_hat=3  ACC=0.9277  NMI=0.7923  ARI=0.8098  0.5s

=== P1E_S3_C3 train[6] k=3  dim=576  frames=129  σ=0.25  fold=7 ===
  BDOSC: k_hat=3  ACC=0.5891  NMI=0.3512  ARI=0.1221  1.1s

=== P1E_S4_C1 train[0] k=3  dim=576  frames=158  σ=0.25  fold=7 ===
  BDOSC: k_hat=3  ACC=0.8481  NMI=0.7223  ARI=0.6349  1.7s

=== P1E_S4_C1 train[1] k=3  dim=576  frames=107  σ=0.25  fold=7 ===
  BDOSC: k_hat=3  ACC=0.7009  NMI=0.4532  ARI=0.2676  0.8s

=== P1E_S4_C1 train[2] k=3  dim=576  frames=155  σ=0.25  fold=7 ===
  BDOSC: k_hat=3  ACC=0.8258  NMI=0.7069  ARI=0.6177  1.6s

=== P1E_S4_C1 train[3] k=3  dim=576  frames=182  σ=0.25  fold=7 ===
  BDOSC: k_hat=3  ACC=0.9451  NMI=0.8330  ARI=0.8404  2.2s

=== P1E_S4_C1 train[4] k=3  dim=576  frames=180  σ=0.25  fold=7 ===
  BDOSC: k_hat=3  ACC=0.8833  NMI=0.7321  ARI=0.7043  2.1s

=== P1E_S4_C1 train[5] k=3  dim=576  frames=133  σ=0.25  fold=7 ===
  BDOSC: k_hat=3  ACC=0.8797  NMI=0.7421  ARI=0.7088  1.2s

=== P1E_S4_C1 train[6] k=3  dim=576  frames=147  σ=0.25  fold=7 ===
  BDOSC: k_hat=3  ACC=0.8707  NMI=0.6782  ARI=0.6644  1.4s

=== P1E_S4_C2 train[0] k=3  dim=576  frames=117  σ=0.25  fold=7 ===
  BDOSC: k_hat=3  ACC=0.7778  NMI=0.5916  ARI=0.5126  0.9s

=== P1E_S4_C2 train[1] k=3  dim=576  frames=125  σ=0.25  fold=7 ===
  BDOSC: k_hat=3  ACC=0.9040  NMI=0.7756  ARI=0.7500  1.0s

=== P1E_S4_C2 train[2] k=3  dim=576  frames=122  σ=0.25  fold=7 ===
  BDOSC: k_hat=3  ACC=0.9426  NMI=0.8530  ARI=0.8373  1.0s

=== P1E_S4_C2 train[3] k=3  dim=576  frames=126  σ=0.25  fold=7 ===
  BDOSC: k_hat=3  ACC=0.8968  NMI=0.7359  ARI=0.6924  1.0s

=== P1E_S4_C2 train[4] k=3  dim=576  frames=140  σ=0.25  fold=7 ===
  BDOSC: k_hat=3  ACC=0.7214  NMI=0.5604  ARI=0.4019  1.3s

=== P1E_S4_C2 train[5] k=3  dim=576  frames=129  σ=0.25  fold=7 ===
  BDOSC: k_hat=3  ACC=0.8915  NMI=0.7467  ARI=0.7406  1.1s

=== P1E_S4_C2 train[6] k=3  dim=576  frames=146  σ=0.25  fold=7 ===
  BDOSC: k_hat=3  ACC=0.8219  NMI=0.6605  ARI=0.6030  1.5s

=== P1E_S4_C3 train[0] k=3  dim=576  frames=90  σ=0.25  fold=7 ===
  BDOSC: k_hat=3  ACC=0.9556  NMI=0.8514  ARI=0.8619  0.6s

=== P1E_S4_C3 train[1] k=3  dim=576  frames=64  σ=0.25  fold=7 ===
  BDOSC: k_hat=3  ACC=0.8281  NMI=0.6574  ARI=0.5948  0.3s

=== P1E_S4_C3 train[2] k=3  dim=576  frames=85  σ=0.25  fold=7 ===
  BDOSC: k_hat=3  ACC=0.8118  NMI=0.7286  ARI=0.6071  0.6s

=== P1E_S4_C3 train[3] k=3  dim=576  frames=105  σ=0.25  fold=7 ===
  BDOSC: k_hat=3  ACC=0.7714  NMI=0.5997  ARI=0.4856  0.8s

=== P1E_S4_C3 train[4] k=3  dim=576  frames=87  σ=0.25  fold=7 ===
  BDOSC: k_hat=3  ACC=0.8161  NMI=0.5866  ARI=0.4881  0.6s

=== P1E_S4_C3 train[5] k=3  dim=576  frames=76  σ=0.25  fold=7 ===
  BDOSC: k_hat=3  ACC=0.8816  NMI=0.7306  ARI=0.7094  0.5s

=== P1E_S4_C3 train[6] k=3  dim=576  frames=106  σ=0.25  fold=7 ===
  BDOSC: k_hat=3  ACC=0.6792  NMI=0.4553  ARI=0.2547  0.8s

=== P1L_S1_C1 train[0] k=3  dim=576  frames=162  σ=0.25  fold=7 ===
  BDOSC: k_hat=3  ACC=0.6790  NMI=0.5330  ARI=0.4006  1.7s

=== P1L_S1_C1 train[1] k=3  dim=576  frames=170  σ=0.25  fold=7 ===
  BDOSC: k_hat=3  ACC=0.7529  NMI=0.5448  ARI=0.4301  1.9s

=== P1L_S1_C1 train[2] k=3  dim=576  frames=155  σ=0.25  fold=7 ===
  BDOSC: k_hat=3  ACC=0.6194  NMI=0.5885  ARI=0.4428  1.6s

=== P1L_S1_C1 train[3] k=3  dim=576  frames=182  σ=0.25  fold=7 ===
  BDOSC: k_hat=3  ACC=0.5989  NMI=0.5897  ARI=0.4243  2.1s

=== P1L_S1_C1 train[4] k=3  dim=576  frames=198  σ=0.25  fold=7 ===
  BDOSC: k_hat=3  ACC=0.6818  NMI=0.4392  ARI=0.2751  2.5s

=== P1L_S1_C1 train[5] k=3  dim=576  frames=166  σ=0.25  fold=7 ===
  BDOSC: k_hat=3  ACC=0.9036  NMI=0.7725  ARI=0.7572  1.9s

=== P1L_S1_C1 train[6] k=3  dim=576  frames=116  σ=0.25  fold=7 ===
  BDOSC: k_hat=3  ACC=0.7759  NMI=0.6079  ARI=0.5402  0.9s

=== P1L_S1_C2 train[0] k=3  dim=576  frames=186  σ=0.25  fold=7 ===
  BDOSC: k_hat=3  ACC=0.5753  NMI=0.6274  ARI=0.4463  2.3s

=== P1L_S1_C2 train[1] k=3  dim=576  frames=137  σ=0.25  fold=7 ===
  BDOSC: k_hat=3  ACC=0.7883  NMI=0.6509  ARI=0.5260  1.3s

=== P1L_S1_C2 train[2] k=3  dim=576  frames=147  σ=0.25  fold=7 ===
  BDOSC: k_hat=3  ACC=0.7891  NMI=0.6197  ARI=0.5066  1.5s

=== P1L_S1_C2 train[3] k=3  dim=576  frames=181  σ=0.25  fold=7 ===
  BDOSC: k_hat=3  ACC=0.8287  NMI=0.7001  ARI=0.5889  2.2s

=== P1L_S1_C2 train[4] k=3  dim=576  frames=128  σ=0.25  fold=7 ===
  BDOSC: k_hat=3  ACC=0.5625  NMI=0.6362  ARI=0.4585  1.2s

=== P1L_S1_C2 train[5] k=3  dim=576  frames=154  σ=0.25  fold=7 ===
  BDOSC: k_hat=3  ACC=0.6039  NMI=0.5268  ARI=0.4018  1.6s

=== P1L_S1_C2 train[6] k=3  dim=576  frames=142  σ=0.25  fold=7 ===
  BDOSC: k_hat=3  ACC=0.5563  NMI=0.4810  ARI=0.3175  1.4s

=== P1L_S1_C3 train[0] k=3  dim=576  frames=60  σ=0.25  fold=7 ===
  BDOSC: k_hat=3  ACC=0.8667  NMI=0.6768  ARI=0.6166  0.3s

=== P1L_S1_C3 train[1] k=3  dim=576  frames=68  σ=0.25  fold=7 ===
  BDOSC: k_hat=3  ACC=0.9559  NMI=0.8517  ARI=0.8663  0.3s

=== P1L_S1_C3 train[2] k=3  dim=576  frames=65  σ=0.25  fold=7 ===
  BDOSC: k_hat=3  ACC=0.8923  NMI=0.7222  ARI=0.6933  0.3s

=== P1L_S1_C3 train[3] k=3  dim=576  frames=74  σ=0.25  fold=7 ===
  BDOSC: k_hat=3  ACC=0.7973  NMI=0.5899  ARI=0.4784  0.4s

=== P1L_S1_C3 train[4] k=3  dim=576  frames=73  σ=0.25  fold=7 ===
  BDOSC: k_hat=3  ACC=0.9863  NMI=0.9480  ARI=0.9615  0.4s

=== P1L_S1_C3 train[5] k=3  dim=576  frames=64  σ=0.25  fold=7 ===
  BDOSC: k_hat=3  ACC=0.9844  NMI=0.9426  ARI=0.9548  0.3s

=== P1L_S1_C3 train[6] k=3  dim=576  frames=63  σ=0.25  fold=7 ===
  BDOSC: k_hat=3  ACC=0.7778  NMI=0.5924  ARI=0.4878  0.3s

=== P1L_S2_C1 train[0] k=3  dim=576  frames=211  σ=0.25  fold=7 ===
  BDOSC: k_hat=3  ACC=0.6588  NMI=0.5422  ARI=0.3975  3.0s

=== P1L_S2_C1 train[1] k=3  dim=576  frames=190  σ=0.25  fold=7 ===
  BDOSC: k_hat=3  ACC=0.6158  NMI=0.4987  ARI=0.3460  2.4s

=== P1L_S2_C1 train[2] k=3  dim=576  frames=180  σ=0.25  fold=7 ===
  BDOSC: k_hat=3  ACC=0.6944  NMI=0.4652  ARI=0.2913  2.1s

=== P1L_S2_C1 train[3] k=3  dim=576  frames=177  σ=0.25  fold=7 ===
  BDOSC: k_hat=3  ACC=0.7910  NMI=0.6087  ARI=0.5210  2.0s

=== P1L_S2_C1 train[4] k=3  dim=576  frames=172  σ=0.25  fold=7 ===
  BDOSC: k_hat=3  ACC=0.5872  NMI=0.4044  ARI=0.1901  2.0s

=== P1L_S2_C1 train[5] k=3  dim=576  frames=179  σ=0.25  fold=7 ===
  BDOSC: k_hat=3  ACC=0.6369  NMI=0.6350  ARI=0.4913  2.0s

=== P1L_S2_C1 train[6] k=3  dim=576  frames=180  σ=0.25  fold=7 ===
  BDOSC: k_hat=3  ACC=0.7000  NMI=0.5656  ARI=0.4662  2.1s

=== P1L_S2_C2 train[0] k=3  dim=576  frames=194  σ=0.25  fold=7 ===
  BDOSC: k_hat=3  ACC=0.8763  NMI=0.7006  ARI=0.6351  2.4s

=== P1L_S2_C2 train[1] k=3  dim=576  frames=155  σ=0.25  fold=7 ===
  BDOSC: k_hat=3  ACC=0.6645  NMI=0.3974  ARI=0.2135  1.6s

=== P1L_S2_C2 train[2] k=3  dim=576  frames=134  σ=0.25  fold=7 ===
  BDOSC: k_hat=3  ACC=0.7388  NMI=0.6857  ARI=0.5080  1.2s

=== P1L_S2_C2 train[3] k=3  dim=576  frames=186  σ=0.25  fold=7 ===
  BDOSC: k_hat=3  ACC=0.8065  NMI=0.6894  ARI=0.6331  2.3s

=== P1L_S2_C2 train[4] k=3  dim=576  frames=201  σ=0.25  fold=7 ===
  BDOSC: k_hat=3  ACC=0.7363  NMI=0.4708  ARI=0.3279  2.7s

=== P1L_S2_C2 train[5] k=3  dim=576  frames=171  σ=0.25  fold=7 ===
  BDOSC: k_hat=3  ACC=0.5439  NMI=0.6207  ARI=0.4452  2.0s

=== P1L_S2_C2 train[6] k=3  dim=576  frames=160  σ=0.25  fold=7 ===
  BDOSC: k_hat=3  ACC=0.9062  NMI=0.7778  ARI=0.7080  1.8s

=== P1L_S2_C3 train[0] k=3  dim=576  frames=119  σ=0.25  fold=7 ===
  BDOSC: k_hat=3  ACC=0.7899  NMI=0.6364  ARI=0.4865  0.9s

=== P1L_S2_C3 train[1] k=3  dim=576  frames=101  σ=0.25  fold=7 ===
  BDOSC: k_hat=3  ACC=0.9208  NMI=0.8105  ARI=0.7726  0.7s

=== P1L_S2_C3 train[2] k=3  dim=576  frames=85  σ=0.25  fold=7 ===
  BDOSC: k_hat=3  ACC=0.8235  NMI=0.6473  ARI=0.5959  0.6s

=== P1L_S2_C3 train[3] k=3  dim=576  frames=112  σ=0.25  fold=7 ===
  BDOSC: k_hat=3  ACC=0.9286  NMI=0.7874  ARI=0.7982  0.9s

=== P1L_S2_C3 train[4] k=3  dim=576  frames=126  σ=0.25  fold=7 ===
  BDOSC: k_hat=3  ACC=0.8413  NMI=0.7338  ARI=0.6082  1.0s

=== P1L_S2_C3 train[5] k=3  dim=576  frames=102  σ=0.25  fold=7 ===
  BDOSC: k_hat=3  ACC=0.5686  NMI=0.6595  ARI=0.4594  0.7s

=== P1L_S2_C3 train[6] k=3  dim=576  frames=121  σ=0.25  fold=7 ===
  BDOSC: k_hat=3  ACC=0.6694  NMI=0.4453  ARI=0.2441  1.0s

=== P1L_S3_C1 train[0] k=3  dim=576  frames=156  σ=0.25  fold=7 ===
  BDOSC: k_hat=3  ACC=0.7628  NMI=0.6611  ARI=0.4535  1.6s

=== P1L_S3_C1 train[1] k=3  dim=576  frames=120  σ=0.25  fold=7 ===
  BDOSC: k_hat=3  ACC=0.7500  NMI=0.5551  ARI=0.4897  1.0s

=== P1L_S3_C1 train[2] k=3  dim=576  frames=185  σ=0.25  fold=7 ===
  BDOSC: k_hat=3  ACC=0.7297  NMI=0.5439  ARI=0.4305  2.3s

=== P1L_S3_C1 train[3] k=3  dim=576  frames=156  σ=0.25  fold=7 ===
  BDOSC: k_hat=3  ACC=0.5897  NMI=0.6323  ARI=0.4742  1.6s

=== P1L_S3_C1 train[4] k=3  dim=576  frames=159  σ=0.25  fold=7 ===
  BDOSC: k_hat=3  ACC=0.6792  NMI=0.4390  ARI=0.2691  1.7s

=== P1L_S3_C1 train[5] k=3  dim=576  frames=172  σ=0.25  fold=7 ===
  BDOSC: k_hat=3  ACC=0.5814  NMI=0.3429  ARI=0.1167  2.0s

=== P1L_S3_C1 train[6] k=3  dim=576  frames=176  σ=0.25  fold=7 ===
  BDOSC: k_hat=3  ACC=0.9375  NMI=0.8057  ARI=0.8357  2.0s

=== P1L_S3_C2 train[0] k=3  dim=576  frames=185  σ=0.25  fold=7 ===
  BDOSC: k_hat=3  ACC=0.8000  NMI=0.6179  ARI=0.5246  2.2s

=== P1L_S3_C2 train[1] k=3  dim=576  frames=125  σ=0.25  fold=7 ===
  BDOSC: k_hat=3  ACC=0.7520  NMI=0.5278  ARI=0.3732  1.1s

=== P1L_S3_C2 train[2] k=3  dim=576  frames=166  σ=0.25  fold=7 ===
  BDOSC: k_hat=3  ACC=0.7590  NMI=0.5929  ARI=0.5102  1.9s

=== P1L_S3_C2 train[3] k=3  dim=576  frames=209  σ=0.25  fold=7 ===
  BDOSC: k_hat=3  ACC=0.9474  NMI=0.8284  ARI=0.8491  2.8s

=== P1L_S3_C2 train[4] k=3  dim=576  frames=168  σ=0.25  fold=7 ===
  BDOSC: k_hat=3  ACC=0.7917  NMI=0.7503  ARI=0.7085  1.8s

=== P1L_S3_C2 train[5] k=3  dim=576  frames=187  σ=0.25  fold=7 ===
  BDOSC: k_hat=3  ACC=0.7540  NMI=0.5883  ARI=0.4919  2.3s

=== P1L_S3_C2 train[6] k=3  dim=576  frames=229  σ=0.25  fold=7 ===
  BDOSC: k_hat=3  ACC=0.8646  NMI=0.7223  ARI=0.6687  3.5s

=== P1L_S3_C3 train[0] k=3  dim=576  frames=151  σ=0.25  fold=7 ===
  BDOSC: k_hat=3  ACC=0.9470  NMI=0.8155  ARI=0.8381  1.5s

=== P1L_S3_C3 train[1] k=3  dim=576  frames=118  σ=0.25  fold=7 ===
  BDOSC: k_hat=3  ACC=0.8559  NMI=0.7312  ARI=0.6670  0.9s

=== P1L_S3_C3 train[2] k=3  dim=576  frames=121  σ=0.25  fold=7 ===
  BDOSC: k_hat=3  ACC=0.9835  NMI=0.9402  ARI=0.9534  1.0s

=== P1L_S3_C3 train[3] k=3  dim=576  frames=142  σ=0.25  fold=7 ===
  BDOSC: k_hat=3  ACC=0.6620  NMI=0.3856  ARI=0.2030  1.3s

=== P1L_S3_C3 train[4] k=3  dim=576  frames=134  σ=0.25  fold=7 ===
  BDOSC: k_hat=3  ACC=0.7910  NMI=0.6006  ARI=0.4731  1.2s

=== P1L_S3_C3 train[5] k=3  dim=576  frames=110  σ=0.25  fold=7 ===
  BDOSC: k_hat=3  ACC=0.8545  NMI=0.6894  ARI=0.6443  0.8s

=== P1L_S3_C3 train[6] k=3  dim=576  frames=161  σ=0.25  fold=7 ===
  BDOSC: k_hat=3  ACC=0.6149  NMI=0.5088  ARI=0.3551  1.7s

=== P1L_S4_C1 train[0] k=3  dim=576  frames=200  σ=0.25  fold=7 ===
  BDOSC: k_hat=3  ACC=0.6650  NMI=0.4512  ARI=0.2580  2.6s

=== P1L_S4_C1 train[1] k=3  dim=576  frames=157  σ=0.25  fold=7 ===
  BDOSC: k_hat=3  ACC=0.7962  NMI=0.6173  ARI=0.6097  1.7s

=== P1L_S4_C1 train[2] k=3  dim=576  frames=154  σ=0.25  fold=7 ===
  BDOSC: k_hat=3  ACC=0.8052  NMI=0.5968  ARI=0.4945  1.6s

=== P1L_S4_C1 train[3] k=3  dim=576  frames=168  σ=0.25  fold=7 ===
  BDOSC: k_hat=3  ACC=0.6488  NMI=0.4767  ARI=0.3231  1.9s

=== P1L_S4_C1 train[4] k=3  dim=576  frames=142  σ=0.25  fold=7 ===
  BDOSC: k_hat=3  ACC=0.7042  NMI=0.4848  ARI=0.3140  1.4s

=== P1L_S4_C1 train[5] k=3  dim=576  frames=164  σ=0.25  fold=7 ===
  BDOSC: k_hat=3  ACC=1.0000  NMI=1.0000  ARI=1.0000  1.8s

=== P1L_S4_C1 train[6] k=3  dim=576  frames=187  σ=0.25  fold=7 ===
  BDOSC: k_hat=3  ACC=0.9305  NMI=0.7956  ARI=0.8157  2.3s

=== P1L_S4_C2 train[0] k=3  dim=576  frames=157  σ=0.25  fold=7 ===
  BDOSC: k_hat=3  ACC=0.8280  NMI=0.7023  ARI=0.5585  1.7s

=== P1L_S4_C2 train[1] k=3  dim=576  frames=149  σ=0.25  fold=7 ===
  BDOSC: k_hat=3  ACC=0.6040  NMI=0.6694  ARI=0.4822  1.5s

=== P1L_S4_C2 train[2] k=3  dim=576  frames=175  σ=0.25  fold=7 ===
  BDOSC: k_hat=3  ACC=0.7086  NMI=0.5163  ARI=0.3936  2.0s

=== P1L_S4_C2 train[3] k=3  dim=576  frames=168  σ=0.25  fold=7 ===
  BDOSC: k_hat=3  ACC=0.6726  NMI=0.3827  ARI=0.2337  1.9s

=== P1L_S4_C2 train[4] k=3  dim=576  frames=154  σ=0.25  fold=7 ===
  BDOSC: k_hat=3  ACC=0.8312  NMI=0.6454  ARI=0.6102  1.6s

=== P1L_S4_C2 train[5] k=3  dim=576  frames=152  σ=0.25  fold=7 ===
  BDOSC: k_hat=3  ACC=0.7763  NMI=0.5845  ARI=0.4947  1.6s

=== P1L_S4_C2 train[6] k=3  dim=576  frames=169  σ=0.25  fold=7 ===
  BDOSC: k_hat=3  ACC=0.5917  NMI=0.3821  ARI=0.1513  1.9s

=== P1L_S4_C3 train[0] k=3  dim=576  frames=96  σ=0.25  fold=7 ===
  BDOSC: k_hat=3  ACC=1.0000  NMI=1.0000  ARI=1.0000  0.7s

=== P1L_S4_C3 train[1] k=3  dim=576  frames=107  σ=0.25  fold=7 ===
  BDOSC: k_hat=3  ACC=0.8505  NMI=0.7204  ARI=0.5871  0.8s

=== P1L_S4_C3 train[2] k=3  dim=576  frames=94  σ=0.25  fold=7 ===
  BDOSC: k_hat=3  ACC=0.8723  NMI=0.7486  ARI=0.6387  0.6s

=== P1L_S4_C3 train[3] k=3  dim=576  frames=117  σ=0.25  fold=7 ===
  BDOSC: k_hat=3  ACC=0.8547  NMI=0.6999  ARI=0.5966  0.9s

=== P1L_S4_C3 train[4] k=3  dim=576  frames=112  σ=0.25  fold=7 ===
  BDOSC: k_hat=3  ACC=1.0000  NMI=1.0000  ARI=1.0000  0.8s

=== P1L_S4_C3 train[5] k=3  dim=576  frames=103  σ=0.25  fold=7 ===
  BDOSC: k_hat=3  ACC=0.8252  NMI=0.7260  ARI=0.5960  0.7s

=== P1L_S4_C3 train[6] k=3  dim=576  frames=105  σ=0.25  fold=7 ===
  BDOSC: k_hat=3  ACC=0.7810  NMI=0.6221  ARI=0.4968  0.8s

=== P1E_S1_C1 test[0] k=3  dim=576  frames=171  σ=0.25  fold=7 ===
  BDOSC: k_hat=3  ACC=0.8012  NMI=0.6664  ARI=0.5913  2.0s

=== P1E_S1_C2 test[0] k=3  dim=576  frames=134  σ=0.25  fold=7 ===
  BDOSC: k_hat=3  ACC=0.7761  NMI=0.6060  ARI=0.5325  1.2s

=== P1E_S1_C3 test[0] k=3  dim=576  frames=69  σ=0.25  fold=7 ===
  BDOSC: k_hat=3  ACC=0.8696  NMI=0.7051  ARI=0.6603  0.4s

=== P1E_S2_C1 test[0] k=3  dim=576  frames=153  σ=0.25  fold=7 ===
  BDOSC: k_hat=3  ACC=0.7712  NMI=0.6029  ARI=0.4956  1.5s

=== P1E_S2_C2 test[0] k=3  dim=576  frames=126  σ=0.25  fold=7 ===
  BDOSC: k_hat=3  ACC=0.6825  NMI=0.4608  ARI=0.2672  1.0s

=== P1E_S2_C3 test[0] k=3  dim=576  frames=89  σ=0.25  fold=7 ===
  BDOSC: k_hat=3  ACC=0.5618  NMI=0.6067  ARI=0.4254  0.6s

=== P1E_S3_C1 test[0] k=3  dim=576  frames=112  σ=0.25  fold=7 ===
  BDOSC: k_hat=3  ACC=0.7411  NMI=0.5240  ARI=0.3714  0.9s

=== P1E_S3_C2 test[0] k=3  dim=576  frames=114  σ=0.25  fold=7 ===
  BDOSC: k_hat=3  ACC=0.6053  NMI=0.6421  ARI=0.4818  0.9s

=== P1E_S3_C3 test[0] k=3  dim=576  frames=84  σ=0.25  fold=7 ===
  BDOSC: k_hat=3  ACC=0.6071  NMI=0.5688  ARI=0.4593  0.5s

=== P1E_S4_C1 test[0] k=3  dim=576  frames=145  σ=0.25  fold=7 ===
  BDOSC: k_hat=3  ACC=0.5931  NMI=0.3658  ARI=0.1322  1.4s

=== P1E_S4_C2 test[0] k=3  dim=576  frames=110  σ=0.25  fold=7 ===
  BDOSC: k_hat=3  ACC=0.7455  NMI=0.6303  ARI=0.5216  0.8s

=== P1E_S4_C3 test[0] k=3  dim=576  frames=79  σ=0.25  fold=7 ===
  BDOSC: k_hat=3  ACC=0.9494  NMI=0.8427  ARI=0.8594  0.5s

=== P1L_S1_C1 test[0] k=3  dim=576  frames=175  σ=0.25  fold=7 ===
  BDOSC: k_hat=3  ACC=0.6229  NMI=0.5583  ARI=0.4631  2.1s

=== P1L_S1_C2 test[0] k=3  dim=576  frames=168  σ=0.25  fold=7 ===
  BDOSC: k_hat=3  ACC=0.6012  NMI=0.5251  ARI=0.3937  1.9s

=== P1L_S1_C3 test[0] k=3  dim=576  frames=75  σ=0.25  fold=7 ===
  BDOSC: k_hat=3  ACC=0.9733  NMI=0.8971  ARI=0.9210  0.4s

=== P1L_S2_C1 test[0] k=3  dim=576  frames=133  σ=0.25  fold=7 ===
  BDOSC: k_hat=3  ACC=0.6090  NMI=0.5494  ARI=0.4278  1.2s

=== P1L_S2_C2 test[0] k=3  dim=576  frames=154  σ=0.25  fold=7 ===
  BDOSC: k_hat=3  ACC=0.5584  NMI=0.3501  ARI=0.1109  1.6s

=== P1L_S2_C3 test[0] k=3  dim=576  frames=99  σ=0.25  fold=7 ===
  BDOSC: k_hat=3  ACC=0.8182  NMI=0.6087  ARI=0.5136  0.7s

=== P1L_S3_C1 test[0] k=3  dim=576  frames=134  σ=0.25  fold=7 ===
  BDOSC: k_hat=3  ACC=0.8433  NMI=0.6532  ARI=0.6119  1.3s

=== P1L_S3_C2 test[0] k=3  dim=576  frames=136  σ=0.25  fold=7 ===
  BDOSC: k_hat=3  ACC=0.7794  NMI=0.5404  ARI=0.4218  1.2s

=== P1L_S3_C3 test[0] k=3  dim=576  frames=114  σ=0.25  fold=7 ===
  BDOSC: k_hat=3  ACC=0.6316  NMI=0.5604  ARI=0.4750  0.9s

=== P1L_S4_C1 test[0] k=3  dim=576  frames=202  σ=0.25  fold=7 ===
  BDOSC: k_hat=3  ACC=0.7277  NMI=0.5800  ARI=0.4750  2.7s

=== P1L_S4_C2 test[0] k=3  dim=576  frames=153  σ=0.25  fold=7 ===
  BDOSC: k_hat=3  ACC=0.6013  NMI=0.4731  ARI=0.3077  1.6s

=== P1L_S4_C3 test[0] k=3  dim=576  frames=107  σ=0.25  fold=7 ===
  BDOSC: k_hat=3  ACC=0.7944  NMI=0.5951  ARI=0.4918  0.8s

=== inference time per method ===
  BDOSC: mean=1.2975s  std=0.6511s  total=1993.0s  n=1536
wrote /nfs/turbo/umms-minjilab/lpullela/icassp_ssc_tv2/block_ssc_benchmark/cv/results/surveillance/split_k3_sigmas_min30_trials20_knownk_cv_bdosc_k3_sigma0p25_timing.json

=== mean over matrices ===
  BDOSC train σ=0.25: ACC=0.7699  NMI=0.6336  ARI=0.5346  n=1344
  BDOSC test σ=0.25: ACC=0.7699  NMI=0.6336  ARI=0.5346  n=192

wrote /nfs/turbo/umms-minjilab/lpullela/icassp_ssc_tv2/block_ssc_benchmark/cv/results/surveillance/split_k3_sigmas_min30_trials20_knownk_cv_bdosc_k3_sigma0p25.csv
end=Sun Sep  6 18:45:41 EDT 2026
Experiment completed!
