========================================
Job: cv_bdosc_k3_s0p5
Method: BDOSC  k: 3  sigma: 0.5  tune_pool_groups: 20
========================================
host=gl3142.arc-ts.umich.edu  python=/home/lpullela/miniconda3/envs/ssc_559/bin/python  start=Sun Sep  6 18:11:32 EDT 2026
Loading P1E_S1_C1
  Y: (576, 1236)  people=25  frames/person=[60, 61, 50, 48, 51, 35, 41, 56, 55, 49, 65, 50, 63, 38, 61, 48, 50, 49, 50, 30, 42, 60, 32, 39, 53]  min=30
Loading P1E_S1_C2
  Y: (576, 1031)  people=25  frames/person=[42, 48, 31, 35, 50, 45, 30, 32, 38, 40, 61, 41, 47, 33, 46, 36, 41, 45, 42, 36, 33, 50, 53, 33, 43]  min=30
Loading P1E_S1_C3
  Y: (576, 453)  people=25  frames/person=[15, 22, 16, 16, 17, 13, 14, 19, 14, 25, 26, 12, 21, 18, 22, 19, 13, 19, 16, 15, 8, 15, 30, 20, 28]  min=8
  warning: 24 people have fewer than 30 available frames (kept all)
Loading P1E_S2_C1
  Y: (576, 1256)  people=25  frames/person=[65, 50, 50, 51, 53, 48, 49, 60, 33, 48, 61, 58, 52, 32, 55, 35, 45, 53, 40, 53, 51, 65, 64, 42, 43]  min=32
Loading P1E_S2_C2
  Y: (576, 1042)  people=25  frames/person=[33, 48, 38, 41, 53, 36, 39, 47, 51, 36, 55, 44, 43, 25, 42, 41, 37, 45, 41, 38, 40, 54, 49, 33, 33]  min=25
  warning: 1 people have fewer than 30 available frames (kept all)
Loading P1E_S2_C3
  Y: (576, 816)  people=25  frames/person=[36, 33, 28, 32, 42, 37, 31, 36, 31, 23, 42, 36, 35, 20, 33, 33, 32, 32, 32, 29, 32, 42, 38, 27, 24]  min=20
  warning: 6 people have fewer than 30 available frames (kept all)
Loading P1E_S3_C1
  Y: (576, 1255)  people=25  frames/person=[43, 39, 47, 52, 58, 96, 42, 31, 79, 33, 67, 55, 44, 34, 40, 48, 54, 77, 45, 41, 46, 53, 56, 38, 37]  min=31
Loading P1E_S3_C2
  Y: (576, 1126)  people=25  frames/person=[57, 56, 35, 40, 49, 75, 34, 40, 70, 26, 65, 54, 43, 28, 32, 43, 48, 31, 36, 33, 42, 71, 57, 30, 31]  min=26
  warning: 2 people have fewer than 30 available frames (kept all)
Loading P1E_S3_C3
  Y: (576, 866)  people=25  frames/person=[43, 36, 24, 33, 37, 47, 29, 37, 55, 18, 40, 40, 31, 22, 30, 39, 35, 45, 30, 28, 30, 50, 42, 20, 25]  min=18
  warning: 7 people have fewer than 30 available frames (kept all)
Loading P1E_S4_C1
  Y: (576, 1247)  people=25  frames/person=[58, 54, 34, 56, 50, 59, 50, 56, 74, 38, 75, 35, 46, 31, 53, 40, 57, 32, 56, 33, 48, 67, 59, 48, 38]  min=31
Loading P1E_S4_C2
  Y: (576, 1051)  people=25  frames/person=[37, 37, 41, 46, 41, 49, 38, 45, 65, 30, 39, 48, 50, 34, 43, 36, 47, 52, 45, 37, 38, 50, 30, 37, 36]  min=30
Loading P1E_S4_C3
  Y: (576, 719)  people=25  frames/person=[28, 29, 22, 29, 24, 36, 31, 29, 33, 25, 37, 19, 28, 21, 25, 27, 25, 41, 27, 29, 26, 31, 45, 29, 23]  min=19
  warning: 18 people have fewer than 30 available frames (kept all)
Loading P1L_S1_C1
  Y: (576, 1391)  people=25  frames/person=[65, 68, 43, 64, 47, 40, 58, 33, 75, 41, 58, 72, 58, 49, 66, 67, 65, 43, 59, 57, 58, 51, 67, 32, 55]  min=32
Loading P1L_S1_C2
  Y: (576, 1309)  people=25  frames/person=[30, 65, 37, 63, 66, 54, 52, 52, 43, 49, 71, 49, 58, 48, 54, 66, 56, 36, 48, 49, 55, 66, 52, 39, 51]  min=30
Loading P1L_S1_C3
  Y: (576, 565)  people=25  frames/person=[27, 29, 20, 26, 19, 25, 22, 12, 28, 25, 20, 25, 23, 18, 21, 23, 25, 26, 23, 21, 18, 18, 30, 18, 23]  min=12
  warning: 24 people have fewer than 30 available frames (kept all)
Loading P1L_S2_C1
  Y: (576, 1470)  people=25  frames/person=[73, 68, 53, 64, 65, 41, 73, 55, 37, 31, 82, 75, 63, 45, 34, 48, 74, 84, 71, 64, 62, 65, 48, 33, 62]  min=31
Loading P1L_S2_C2
  Y: (576, 1393)  people=25  frames/person=[64, 65, 49, 62, 69, 69, 63, 61, 80, 34, 89, 57, 53, 52, 55, 38, 30, 30, 66, 36, 57, 51, 73, 41, 49]  min=30
Loading P1L_S2_C3
  Y: (576, 897)  people=25  frames/person=[40, 36, 29, 28, 35, 37, 36, 36, 50, 28, 55, 46, 34, 31, 35, 32, 30, 48, 37, 29, 36, 39, 45, 19, 26]  min=19
  warning: 6 people have fewer than 30 available frames (kept all)
Loading P1L_S3_C1
  Y: (576, 1329)  people=25  frames/person=[31, 33, 30, 51, 74, 75, 59, 65, 66, 43, 47, 39, 65, 50, 58, 71, 67, 36, 57, 35, 62, 31, 74, 59, 51]  min=30
Loading P1L_S3_C2
  Y: (576, 1472)  people=25  frames/person=[78, 38, 48, 51, 54, 71, 61, 71, 32, 50, 75, 38, 72, 63, 48, 67, 49, 87, 52, 56, 58, 85, 73, 56, 39]  min=32
Loading P1L_S3_C3
  Y: (576, 1105)  people=25  frames/person=[48, 44, 38, 38, 39, 45, 35, 55, 52, 26, 81, 39, 36, 36, 44, 54, 42, 61, 38, 31, 34, 53, 51, 44, 41]  min=26
  warning: 1 people have fewer than 30 available frames (kept all)
Loading P1L_S4_C1
  Y: (576, 1443)  people=25  frames/person=[50, 69, 44, 41, 78, 43, 32, 71, 45, 65, 59, 39, 56, 57, 68, 69, 70, 73, 51, 63, 47, 70, 57, 52, 74]  min=32
Loading P1L_S4_C2
  Y: (576, 1327)  people=25  frames/person=[71, 34, 39, 54, 63, 67, 52, 39, 52, 56, 59, 50, 51, 53, 63, 50, 71, 63, 48, 35, 31, 71, 43, 52, 60]  min=31
Loading P1L_S4_C3
  Y: (576, 880)  people=25  frames/person=[37, 41, 23, 26, 32, 34, 22, 32, 50, 29, 38, 44, 31, 34, 37, 39, 39, 39, 38, 26, 25, 50, 41, 33, 40]  min=22
  warning: 6 people have fewer than 30 available frames (kept all)
sequences=24  people=25  k=3
frames/person ~ Unif[30, 100]
down_hw=24  sigmas=(0.5,)  n_trials=20  known_k=True  csv=split_k3_sigmas_min30_trials20_knownk_cv_bdosc_k3_sigma0p5.csv
SSC-Block-TV block_size searched in [2, 12]
CV mode: 8 folds of size 3, each rotated as test
  1 people unused (remainder dropped)
  group 0: ['0006', '0013', '0022']
  group 1: ['0004', '0014', '0027']
  group 2: ['0009', '0019', '0026']
  group 3: ['0005', '0024', '0025']
  group 4: ['0001', '0011', '0023']
  group 5: ['0015', '0016', '0021']
  group 6: ['0007', '0010', '0020']
  group 7: ['0003', '0012', '0017']
methods=['BDOSC']  append=False  hetero_noise=False  no_tune=False
  tune_pool_groups=20: sampling from 22 held-in people (overlap allowed) instead of the 7 fixed partition group(s)

============================================================
σ=0.5 fold=0  test=['0006', '0013', '0022']  train mats=168  test mats=24  tune mats=480
  BDOSC: skip tuning, fixed lambda_1=0.2, lambda_2=1, gamma_1=0.01, p=1.1, max_iter=50
  wrote /nfs/turbo/umms-minjilab/lpullela/icassp_ssc_tv2/block_ssc_benchmark/cv/params/surveillance/split_k3_sigmas_min30_trials20_params_knownk_cv_bdosc_k3_sigma0p5_sigma0.5_fold0.json

=== P1E_S1_C1 train[0] k=3  dim=576  frames=153  σ=0.5  fold=0 ===
  BDOSC: k_hat=3  ACC=0.5425  NMI=0.5387  ARI=0.3956  4.0s

=== P1E_S1_C1 train[1] k=3  dim=576  frames=130  σ=0.5  fold=0 ===
  BDOSC: k_hat=3  ACC=0.5846  NMI=0.6483  ARI=0.4486  1.2s

=== P1E_S1_C1 train[2] k=3  dim=576  frames=140  σ=0.5  fold=0 ===
  BDOSC: k_hat=3  ACC=0.9357  NMI=0.8207  ARI=0.8287  1.4s

=== P1E_S1_C1 train[3] k=3  dim=576  frames=157  σ=0.5  fold=0 ===
  BDOSC: k_hat=3  ACC=0.6178  NMI=0.3752  ARI=0.1813  1.7s

=== P1E_S1_C1 train[4] k=3  dim=576  frames=151  σ=0.5  fold=0 ===
  BDOSC: k_hat=3  ACC=0.7815  NMI=0.5692  ARI=0.4603  1.6s

=== P1E_S1_C1 train[5] k=3  dim=576  frames=140  σ=0.5  fold=0 ===
  BDOSC: k_hat=3  ACC=0.6714  NMI=0.4994  ARI=0.3542  1.4s

=== P1E_S1_C1 train[6] k=3  dim=576  frames=171  σ=0.5  fold=0 ===
  BDOSC: k_hat=3  ACC=0.5906  NMI=0.3706  ARI=0.1612  2.1s

=== P1E_S1_C2 train[0] k=3  dim=576  frames=115  σ=0.5  fold=0 ===
  BDOSC: k_hat=3  ACC=0.7913  NMI=0.6767  ARI=0.5918  0.9s

=== P1E_S1_C2 train[1] k=3  dim=576  frames=104  σ=0.5  fold=0 ===
  BDOSC: k_hat=3  ACC=0.5385  NMI=0.5986  ARI=0.4155  0.8s

=== P1E_S1_C2 train[2] k=3  dim=576  frames=138  σ=0.5  fold=0 ===
  BDOSC: k_hat=3  ACC=0.5435  NMI=0.4535  ARI=0.2732  1.3s

=== P1E_S1_C2 train[3] k=3  dim=576  frames=113  σ=0.5  fold=0 ===
  BDOSC: k_hat=3  ACC=0.7699  NMI=0.5370  ARI=0.3961  0.9s

=== P1E_S1_C2 train[4] k=3  dim=576  frames=122  σ=0.5  fold=0 ===
  BDOSC: k_hat=3  ACC=0.5738  NMI=0.5567  ARI=0.4242  1.0s

=== P1E_S1_C2 train[5] k=3  dim=576  frames=122  σ=0.5  fold=0 ===
  BDOSC: k_hat=3  ACC=0.4426  NMI=0.2117  ARI=0.0414  1.1s

=== P1E_S1_C2 train[6] k=3  dim=576  frames=134  σ=0.5  fold=0 ===
  BDOSC: k_hat=3  ACC=0.4776  NMI=0.2315  ARI=0.0315  1.3s

=== P1E_S1_C3 train[0] k=3  dim=576  frames=56  σ=0.5  fold=0 ===
  BDOSC: k_hat=3  ACC=0.6429  NMI=0.5382  ARI=0.3398  0.3s

=== P1E_S1_C3 train[1] k=3  dim=576  frames=47  σ=0.5  fold=0 ===
  BDOSC: k_hat=3  ACC=0.7660  NMI=0.6380  ARI=0.4948  0.2s

=== P1E_S1_C3 train[2] k=3  dim=576  frames=61  σ=0.5  fold=0 ===
  BDOSC: k_hat=3  ACC=0.6557  NMI=0.5727  ARI=0.3997  0.3s

=== P1E_S1_C3 train[3] k=3  dim=576  frames=37  σ=0.5  fold=0 ===
  BDOSC: k_hat=3  ACC=0.9189  NMI=0.7651  ARI=0.7553  0.2s

=== P1E_S1_C3 train[4] k=3  dim=576  frames=55  σ=0.5  fold=0 ===
  BDOSC: k_hat=3  ACC=0.7636  NMI=0.5285  ARI=0.3826  0.3s

=== P1E_S1_C3 train[5] k=3  dim=576  frames=51  σ=0.5  fold=0 ===
  BDOSC: k_hat=3  ACC=0.8235  NMI=0.6227  ARI=0.5538  0.3s

=== P1E_S1_C3 train[6] k=3  dim=576  frames=69  σ=0.5  fold=0 ===
  BDOSC: k_hat=3  ACC=0.8261  NMI=0.6319  ARI=0.5685  0.4s

=== P1E_S2_C1 train[0] k=3  dim=576  frames=151  σ=0.5  fold=0 ===
  BDOSC: k_hat=3  ACC=0.6556  NMI=0.5560  ARI=0.4096  1.6s

=== P1E_S2_C1 train[1] k=3  dim=576  frames=136  σ=0.5  fold=0 ===
  BDOSC: k_hat=3  ACC=0.5882  NMI=0.3268  ARI=0.1153  1.3s

=== P1E_S2_C1 train[2] k=3  dim=576  frames=180  σ=0.5  fold=0 ===
  BDOSC: k_hat=3  ACC=0.5778  NMI=0.3000  ARI=0.1075  2.2s

=== P1E_S2_C1 train[3] k=3  dim=576  frames=149  σ=0.5  fold=0 ===
  BDOSC: k_hat=3  ACC=0.5302  NMI=0.3239  ARI=0.0850  1.5s

=== P1E_S2_C1 train[4] k=3  dim=576  frames=124  σ=0.5  fold=0 ===
  BDOSC: k_hat=3  ACC=0.5968  NMI=0.3936  ARI=0.1722  1.1s

=== P1E_S2_C1 train[5] k=3  dim=576  frames=161  σ=0.5  fold=0 ===
  BDOSC: k_hat=3  ACC=0.8323  NMI=0.7145  ARI=0.6203  1.7s

=== P1E_S2_C1 train[6] k=3  dim=576  frames=153  σ=0.5  fold=0 ===
  BDOSC: k_hat=3  ACC=0.6863  NMI=0.5281  ARI=0.3772  1.6s

=== P1E_S2_C2 train[0] k=3  dim=576  frames=115  σ=0.5  fold=0 ===
  BDOSC: k_hat=3  ACC=0.6348  NMI=0.4963  ARI=0.3471  0.9s

=== P1E_S2_C2 train[1] k=3  dim=576  frames=109  σ=0.5  fold=0 ===
  BDOSC: k_hat=3  ACC=0.8257  NMI=0.6659  ARI=0.5858  0.9s

=== P1E_S2_C2 train[2] k=3  dim=576  frames=144  σ=0.5  fold=0 ===
  BDOSC: k_hat=3  ACC=0.5625  NMI=0.5664  ARI=0.3931  1.5s

=== P1E_S2_C2 train[3] k=3  dim=576  frames=124  σ=0.5  fold=0 ===
  BDOSC: k_hat=3  ACC=0.5887  NMI=0.5081  ARI=0.3502  1.1s

=== P1E_S2_C2 train[4] k=3  dim=576  frames=109  σ=0.5  fold=0 ===
  BDOSC: k_hat=3  ACC=0.7431  NMI=0.6223  ARI=0.5606  0.9s

=== P1E_S2_C2 train[5] k=3  dim=576  frames=128  σ=0.5  fold=0 ===
  BDOSC: k_hat=3  ACC=0.4844  NMI=0.2596  ARI=0.0863  1.3s

=== P1E_S2_C2 train[6] k=3  dim=576  frames=126  σ=0.5  fold=0 ===
  BDOSC: k_hat=3  ACC=0.6508  NMI=0.5327  ARI=0.4355  1.1s

=== P1E_S2_C3 train[0] k=3  dim=576  frames=88  σ=0.5  fold=0 ===
  BDOSC: k_hat=3  ACC=0.7500  NMI=0.5118  ARI=0.3748  0.6s

=== P1E_S2_C3 train[1] k=3  dim=576  frames=90  σ=0.5  fold=0 ===
  BDOSC: k_hat=3  ACC=0.5222  NMI=0.5888  ARI=0.4176  0.6s

=== P1E_S2_C3 train[2] k=3  dim=576  frames=112  σ=0.5  fold=0 ===
  BDOSC: k_hat=3  ACC=0.8125  NMI=0.6242  ARI=0.5402  0.9s

=== P1E_S2_C3 train[3] k=3  dim=576  frames=99  σ=0.5  fold=0 ===
  BDOSC: k_hat=3  ACC=0.8990  NMI=0.7512  ARI=0.7288  0.7s

=== P1E_S2_C3 train[4] k=3  dim=576  frames=87  σ=0.5  fold=0 ===
  BDOSC: k_hat=3  ACC=0.5862  NMI=0.3716  ARI=0.1283  0.6s

=== P1E_S2_C3 train[5] k=3  dim=576  frames=105  σ=0.5  fold=0 ===
  BDOSC: k_hat=3  ACC=0.5619  NMI=0.5358  ARI=0.3855  0.8s

=== P1E_S2_C3 train[6] k=3  dim=576  frames=89  σ=0.5  fold=0 ===
  BDOSC: k_hat=3  ACC=0.6180  NMI=0.3919  ARI=0.1595  0.7s

=== P1E_S3_C1 train[0] k=3  dim=576  frames=139  σ=0.5  fold=0 ===
  BDOSC: k_hat=3  ACC=0.8201  NMI=0.6238  ARI=0.5551  1.4s

=== P1E_S3_C1 train[1] k=3  dim=576  frames=134  σ=0.5  fold=0 ===
  BDOSC: k_hat=3  ACC=0.8358  NMI=0.6940  ARI=0.6029  1.3s

=== P1E_S3_C1 train[2] k=3  dim=576  frames=161  σ=0.5  fold=0 ===
  BDOSC: k_hat=3  ACC=0.9379  NMI=0.8294  ARI=0.8262  1.8s

=== P1E_S3_C1 train[3] k=3  dim=576  frames=168  σ=0.5  fold=0 ===
  BDOSC: k_hat=3  ACC=0.7143  NMI=0.5252  ARI=0.3718  1.9s

=== P1E_S3_C1 train[4] k=3  dim=576  frames=123  σ=0.5  fold=0 ===
  BDOSC: k_hat=3  ACC=0.7236  NMI=0.5785  ARI=0.4474  1.1s

=== P1E_S3_C1 train[5] k=3  dim=576  frames=204  σ=0.5  fold=0 ===
  BDOSC: k_hat=3  ACC=0.6324  NMI=0.6520  ARI=0.5216  2.9s

=== P1E_S3_C1 train[6] k=3  dim=576  frames=112  σ=0.5  fold=0 ===
  BDOSC: k_hat=3  ACC=0.5625  NMI=0.3218  ARI=0.0951  0.9s

=== P1E_S3_C2 train[0] k=3  dim=576  frames=120  σ=0.5  fold=0 ===
  BDOSC: k_hat=3  ACC=0.7333  NMI=0.5179  ARI=0.4053  1.0s

=== P1E_S3_C2 train[1] k=3  dim=576  frames=112  σ=0.5  fold=0 ===
  BDOSC: k_hat=3  ACC=0.6875  NMI=0.5716  ARI=0.4061  0.9s

=== P1E_S3_C2 train[2] k=3  dim=576  frames=168  σ=0.5  fold=0 ===
  BDOSC: k_hat=3  ACC=0.5833  NMI=0.4433  ARI=0.2898  1.8s

=== P1E_S3_C2 train[3] k=3  dim=576  frames=169  σ=0.5  fold=0 ===
  BDOSC: k_hat=3  ACC=0.6036  NMI=0.4889  ARI=0.3322  1.9s

=== P1E_S3_C2 train[4] k=3  dim=576  frames=107  σ=0.5  fold=0 ===
  BDOSC: k_hat=3  ACC=0.6729  NMI=0.4439  ARI=0.2410  0.8s

=== P1E_S3_C2 train[5] k=3  dim=576  frames=146  σ=0.5  fold=0 ===
  BDOSC: k_hat=3  ACC=0.7671  NMI=0.5699  ARI=0.5156  1.5s

=== P1E_S3_C2 train[6] k=3  dim=576  frames=114  σ=0.5  fold=0 ===
  BDOSC: k_hat=3  ACC=0.6316  NMI=0.4219  ARI=0.2990  0.9s

=== P1E_S3_C3 train[0] k=3  dim=576  frames=89  σ=0.5  fold=0 ===
  BDOSC: k_hat=3  ACC=0.7528  NMI=0.4758  ARI=0.3552  0.6s

=== P1E_S3_C3 train[1] k=3  dim=576  frames=84  σ=0.5  fold=0 ===
  BDOSC: k_hat=3  ACC=0.7381  NMI=0.4753  ARI=0.3280  0.6s

=== P1E_S3_C3 train[2] k=3  dim=576  frames=125  σ=0.5  fold=0 ===
  BDOSC: k_hat=3  ACC=0.7520  NMI=0.5102  ARI=0.3707  1.1s

=== P1E_S3_C3 train[3] k=3  dim=576  frames=128  σ=0.5  fold=0 ===
  BDOSC: k_hat=3  ACC=0.5312  NMI=0.4749  ARI=0.3038  1.2s

=== P1E_S3_C3 train[4] k=3  dim=576  frames=83  σ=0.5  fold=0 ===
  BDOSC: k_hat=3  ACC=0.7831  NMI=0.7208  ARI=0.5973  0.6s

=== P1E_S3_C3 train[5] k=3  dim=576  frames=129  σ=0.5  fold=0 ===
  BDOSC: k_hat=3  ACC=0.6822  NMI=0.5971  ARI=0.4835  1.2s

=== P1E_S3_C3 train[6] k=3  dim=576  frames=84  σ=0.5  fold=0 ===
  BDOSC: k_hat=3  ACC=0.6310  NMI=0.5953  ARI=0.4730  0.6s

=== P1E_S4_C1 train[0] k=3  dim=576  frames=107  σ=0.5  fold=0 ===
  BDOSC: k_hat=3  ACC=0.6729  NMI=0.5295  ARI=0.4083  0.9s

=== P1E_S4_C1 train[1] k=3  dim=576  frames=155  σ=0.5  fold=0 ===
  BDOSC: k_hat=3  ACC=0.6710  NMI=0.5084  ARI=0.3884  1.7s

=== P1E_S4_C1 train[2] k=3  dim=576  frames=182  σ=0.5  fold=0 ===
  BDOSC: k_hat=3  ACC=0.5549  NMI=0.2699  ARI=0.0893  2.2s

=== P1E_S4_C1 train[3] k=3  dim=576  frames=180  σ=0.5  fold=0 ===
  BDOSC: k_hat=3  ACC=0.8889  NMI=0.7426  ARI=0.7049  2.2s

=== P1E_S4_C1 train[4] k=3  dim=576  frames=133  σ=0.5  fold=0 ===
  BDOSC: k_hat=3  ACC=0.6541  NMI=0.6396  ARI=0.4916  1.2s

=== P1E_S4_C1 train[5] k=3  dim=576  frames=147  σ=0.5  fold=0 ===
  BDOSC: k_hat=3  ACC=0.7075  NMI=0.5262  ARI=0.3827  1.5s

=== P1E_S4_C1 train[6] k=3  dim=576  frames=145  σ=0.5  fold=0 ===
  BDOSC: k_hat=3  ACC=0.5103  NMI=0.2877  ARI=0.0555  1.4s

=== P1E_S4_C2 train[0] k=3  dim=576  frames=125  σ=0.5  fold=0 ===
  BDOSC: k_hat=3  ACC=0.6400  NMI=0.4917  ARI=0.3461  1.1s

=== P1E_S4_C2 train[1] k=3  dim=576  frames=122  σ=0.5  fold=0 ===
  BDOSC: k_hat=3  ACC=0.5246  NMI=0.4714  ARI=0.3031  1.0s

=== P1E_S4_C2 train[2] k=3  dim=576  frames=126  σ=0.5  fold=0 ===
  BDOSC: k_hat=3  ACC=0.6270  NMI=0.6359  ARI=0.4763  1.1s

=== P1E_S4_C2 train[3] k=3  dim=576  frames=140  σ=0.5  fold=0 ===
  BDOSC: k_hat=3  ACC=0.7357  NMI=0.5588  ARI=0.4090  1.4s

=== P1E_S4_C2 train[4] k=3  dim=576  frames=129  σ=0.5  fold=0 ===
  BDOSC: k_hat=3  ACC=0.6202  NMI=0.4779  ARI=0.3301  1.2s

=== P1E_S4_C2 train[5] k=3  dim=576  frames=146  σ=0.5  fold=0 ===
  BDOSC: k_hat=3  ACC=0.4452  NMI=0.2933  ARI=0.1067  1.5s

=== P1E_S4_C2 train[6] k=3  dim=576  frames=110  σ=0.5  fold=0 ===
  BDOSC: k_hat=3  ACC=0.6000  NMI=0.3890  ARI=0.1713  0.9s

=== P1E_S4_C3 train[0] k=3  dim=576  frames=64  σ=0.5  fold=0 ===
  BDOSC: k_hat=3  ACC=0.6719  NMI=0.4355  ARI=0.2244  0.4s

=== P1E_S4_C3 train[1] k=3  dim=576  frames=85  σ=0.5  fold=0 ===
  BDOSC: k_hat=3  ACC=0.6941  NMI=0.5493  ARI=0.4530  0.6s

=== P1E_S4_C3 train[2] k=3  dim=576  frames=105  σ=0.5  fold=0 ===
  BDOSC: k_hat=3  ACC=0.7143  NMI=0.6326  ARI=0.4606  0.8s

=== P1E_S4_C3 train[3] k=3  dim=576  frames=87  σ=0.5  fold=0 ===
  BDOSC: k_hat=3  ACC=0.7471  NMI=0.6085  ARI=0.4756  0.6s

=== P1E_S4_C3 train[4] k=3  dim=576  frames=76  σ=0.5  fold=0 ===
  BDOSC: k_hat=3  ACC=0.6711  NMI=0.5442  ARI=0.4362  0.5s

=== P1E_S4_C3 train[5] k=3  dim=576  frames=106  σ=0.5  fold=0 ===
  BDOSC: k_hat=3  ACC=0.7925  NMI=0.6314  ARI=0.5720  0.8s

=== P1E_S4_C3 train[6] k=3  dim=576  frames=79  σ=0.5  fold=0 ===
  BDOSC: k_hat=3  ACC=0.5316  NMI=0.4751  ARI=0.3015  0.5s

=== P1L_S1_C1 train[0] k=3  dim=576  frames=170  σ=0.5  fold=0 ===
  BDOSC: k_hat=3  ACC=0.6706  NMI=0.5620  ARI=0.4176  2.0s

=== P1L_S1_C1 train[1] k=3  dim=576  frames=155  σ=0.5  fold=0 ===
  BDOSC: k_hat=3  ACC=0.7677  NMI=0.6360  ARI=0.5419  1.6s

=== P1L_S1_C1 train[2] k=3  dim=576  frames=182  σ=0.5  fold=0 ===
  BDOSC: k_hat=3  ACC=0.9066  NMI=0.7570  ARI=0.7591  2.2s

=== P1L_S1_C1 train[3] k=3  dim=576  frames=198  σ=0.5  fold=0 ===
  BDOSC: k_hat=3  ACC=0.6212  NMI=0.3383  ARI=0.1527  2.6s

=== P1L_S1_C1 train[4] k=3  dim=576  frames=166  σ=0.5  fold=0 ===
  BDOSC: k_hat=3  ACC=0.7831  NMI=0.6044  ARI=0.5340  1.9s

=== P1L_S1_C1 train[5] k=3  dim=576  frames=116  σ=0.5  fold=0 ===
  BDOSC: k_hat=3  ACC=0.5690  NMI=0.3470  ARI=0.1278  1.0s

=== P1L_S1_C1 train[6] k=3  dim=576  frames=175  σ=0.5  fold=0 ===
  BDOSC: k_hat=3  ACC=0.5314  NMI=0.3123  ARI=0.1244  2.1s

=== P1L_S1_C2 train[0] k=3  dim=576  frames=137  σ=0.5  fold=0 ===
  BDOSC: k_hat=3  ACC=0.5766  NMI=0.4801  ARI=0.3271  1.3s

=== P1L_S1_C2 train[1] k=3  dim=576  frames=147  σ=0.5  fold=0 ===
  BDOSC: k_hat=3  ACC=0.7279  NMI=0.6589  ARI=0.5423  1.5s

=== P1L_S1_C2 train[2] k=3  dim=576  frames=181  σ=0.5  fold=0 ===
  BDOSC: k_hat=3  ACC=0.8619  NMI=0.6762  ARI=0.6407  2.2s

=== P1L_S1_C2 train[3] k=3  dim=576  frames=128  σ=0.5  fold=0 ===
  BDOSC: k_hat=3  ACC=0.7344  NMI=0.5924  ARI=0.4070  1.3s

=== P1L_S1_C2 train[4] k=3  dim=576  frames=154  σ=0.5  fold=0 ===
  BDOSC: k_hat=3  ACC=0.5714  NMI=0.3286  ARI=0.1136  1.6s

=== P1L_S1_C2 train[5] k=3  dim=576  frames=142  σ=0.5  fold=0 ===
  BDOSC: k_hat=3  ACC=0.6479  NMI=0.4106  ARI=0.2258  1.4s

=== P1L_S1_C2 train[6] k=3  dim=576  frames=168  σ=0.5  fold=0 ===
  BDOSC: k_hat=3  ACC=0.5179  NMI=0.2795  ARI=0.0612  1.9s

=== P1L_S1_C3 train[0] k=3  dim=576  frames=68  σ=0.5  fold=0 ===
  BDOSC: k_hat=3  ACC=0.8529  NMI=0.7451  ARI=0.6308  0.4s

=== P1L_S1_C3 train[1] k=3  dim=576  frames=65  σ=0.5  fold=0 ===
  BDOSC: k_hat=3  ACC=0.8154  NMI=0.6135  ARI=0.5398  0.3s

=== P1L_S1_C3 train[2] k=3  dim=576  frames=74  σ=0.5  fold=0 ===
  BDOSC: k_hat=3  ACC=0.8514  NMI=0.6947  ARI=0.6491  0.4s

=== P1L_S1_C3 train[3] k=3  dim=576  frames=73  σ=0.5  fold=0 ===
  BDOSC: k_hat=3  ACC=0.8356  NMI=0.7170  ARI=0.5782  0.4s

=== P1L_S1_C3 train[4] k=3  dim=576  frames=64  σ=0.5  fold=0 ===
  BDOSC: k_hat=3  ACC=0.9531  NMI=0.8744  ARI=0.8727  0.3s

=== P1L_S1_C3 train[5] k=3  dim=576  frames=63  σ=0.5  fold=0 ===
  BDOSC: k_hat=3  ACC=0.5714  NMI=0.3734  ARI=0.1228  0.3s

=== P1L_S1_C3 train[6] k=3  dim=576  frames=75  σ=0.5  fold=0 ===
  BDOSC: k_hat=3  ACC=0.7067  NMI=0.4546  ARI=0.2702  0.4s

=== P1L_S2_C1 train[0] k=3  dim=576  frames=190  σ=0.5  fold=0 ===
  BDOSC: k_hat=3  ACC=0.6526  NMI=0.3761  ARI=0.2035  2.4s

=== P1L_S2_C1 train[1] k=3  dim=576  frames=180  σ=0.5  fold=0 ===
  BDOSC: k_hat=3  ACC=0.5333  NMI=0.2978  ARI=0.1151  2.2s

=== P1L_S2_C1 train[2] k=3  dim=576  frames=177  σ=0.5  fold=0 ===
  BDOSC: k_hat=3  ACC=0.8362  NMI=0.6964  ARI=0.6485  2.1s

=== P1L_S2_C1 train[3] k=3  dim=576  frames=172  σ=0.5  fold=0 ===
  BDOSC: k_hat=3  ACC=0.6221  NMI=0.4179  ARI=0.1992  2.0s

=== P1L_S2_C1 train[4] k=3  dim=576  frames=179  σ=0.5  fold=0 ===
  BDOSC: k_hat=3  ACC=0.5475  NMI=0.3796  ARI=0.2092  2.1s

=== P1L_S2_C1 train[5] k=3  dim=576  frames=180  σ=0.5  fold=0 ===
  BDOSC: k_hat=3  ACC=0.3722  NMI=0.1254  ARI=-0.0407  2.2s

=== P1L_S2_C1 train[6] k=3  dim=576  frames=133  σ=0.5  fold=0 ===
  BDOSC: k_hat=3  ACC=0.4812  NMI=0.2878  ARI=0.0571  1.3s

=== P1L_S2_C2 train[0] k=3  dim=576  frames=155  σ=0.5  fold=0 ===
  BDOSC: k_hat=3  ACC=0.5935  NMI=0.5355  ARI=0.3861  1.7s

=== P1L_S2_C2 train[1] k=3  dim=576  frames=134  σ=0.5  fold=0 ===
  BDOSC: k_hat=3  ACC=0.8507  NMI=0.6903  ARI=0.6927  1.3s

=== P1L_S2_C2 train[2] k=3  dim=576  frames=186  σ=0.5  fold=0 ===
  BDOSC: k_hat=3  ACC=0.5591  NMI=0.3516  ARI=0.1379  2.4s

=== P1L_S2_C2 train[3] k=3  dim=576  frames=201  σ=0.5  fold=0 ===
  BDOSC: k_hat=3  ACC=0.7960  NMI=0.5937  ARI=0.5096  2.7s

=== P1L_S2_C2 train[4] k=3  dim=576  frames=171  σ=0.5  fold=0 ===
  BDOSC: k_hat=3  ACC=0.7602  NMI=0.5840  ARI=0.4906  2.1s

=== P1L_S2_C2 train[5] k=3  dim=576  frames=160  σ=0.5  fold=0 ===
  BDOSC: k_hat=3  ACC=0.8125  NMI=0.5977  ARI=0.5471  1.8s

=== P1L_S2_C2 train[6] k=3  dim=576  frames=154  σ=0.5  fold=0 ===
  BDOSC: k_hat=3  ACC=0.4805  NMI=0.1699  ARI=0.0354  1.6s

=== P1L_S2_C3 train[0] k=3  dim=576  frames=101  σ=0.5  fold=0 ===
  BDOSC: k_hat=3  ACC=0.7129  NMI=0.5270  ARI=0.3714  0.8s

=== P1L_S2_C3 train[1] k=3  dim=576  frames=85  σ=0.5  fold=0 ===
  BDOSC: k_hat=3  ACC=0.6235  NMI=0.3803  ARI=0.1762  0.6s

=== P1L_S2_C3 train[2] k=3  dim=576  frames=112  σ=0.5  fold=0 ===
  BDOSC: k_hat=3  ACC=0.7054  NMI=0.4692  ARI=0.2866  0.9s

=== P1L_S2_C3 train[3] k=3  dim=576  frames=126  σ=0.5  fold=0 ===
  BDOSC: k_hat=3  ACC=0.7381  NMI=0.4755  ARI=0.3286  1.1s

=== P1L_S2_C3 train[4] k=3  dim=576  frames=102  σ=0.5  fold=0 ===
  BDOSC: k_hat=3  ACC=0.6176  NMI=0.5327  ARI=0.3949  0.8s

=== P1L_S2_C3 train[5] k=3  dim=576  frames=121  σ=0.5  fold=0 ===
  BDOSC: k_hat=3  ACC=0.9835  NMI=0.9387  ARI=0.9494  1.1s

=== P1L_S2_C3 train[6] k=3  dim=576  frames=99  σ=0.5  fold=0 ===
  BDOSC: k_hat=3  ACC=0.6061  NMI=0.3698  ARI=0.1389  0.8s

=== P1L_S3_C1 train[0] k=3  dim=576  frames=120  σ=0.5  fold=0 ===
  BDOSC: k_hat=3  ACC=0.8250  NMI=0.6812  ARI=0.5762  1.0s

=== P1L_S3_C1 train[1] k=3  dim=576  frames=185  σ=0.5  fold=0 ===
  BDOSC: k_hat=3  ACC=0.7081  NMI=0.6203  ARI=0.4932  2.3s

=== P1L_S3_C1 train[2] k=3  dim=576  frames=156  σ=0.5  fold=0 ===
  BDOSC: k_hat=3  ACC=0.6410  NMI=0.5949  ARI=0.4809  1.6s

=== P1L_S3_C1 train[3] k=3  dim=576  frames=159  σ=0.5  fold=0 ===
  BDOSC: k_hat=3  ACC=0.6226  NMI=0.4978  ARI=0.3543  1.7s

=== P1L_S3_C1 train[4] k=3  dim=576  frames=172  σ=0.5  fold=0 ===
  BDOSC: k_hat=3  ACC=0.5872  NMI=0.5451  ARI=0.4189  2.0s

=== P1L_S3_C1 train[5] k=3  dim=576  frames=176  σ=0.5  fold=0 ===
  BDOSC: k_hat=3  ACC=0.7784  NMI=0.5957  ARI=0.5159  2.0s

=== P1L_S3_C1 train[6] k=3  dim=576  frames=134  σ=0.5  fold=0 ===
  BDOSC: k_hat=3  ACC=0.7388  NMI=0.5727  ARI=0.4678  1.3s

=== P1L_S3_C2 train[0] k=3  dim=576  frames=125  σ=0.5  fold=0 ===
  BDOSC: k_hat=3  ACC=0.6640  NMI=0.4940  ARI=0.3217  1.1s

=== P1L_S3_C2 train[1] k=3  dim=576  frames=166  σ=0.5  fold=0 ===
  BDOSC: k_hat=3  ACC=0.5422  NMI=0.5460  ARI=0.3706  1.9s

=== P1L_S3_C2 train[2] k=3  dim=576  frames=209  σ=0.5  fold=0 ===
  BDOSC: k_hat=3  ACC=0.6077  NMI=0.4645  ARI=0.3251  2.9s

=== P1L_S3_C2 train[3] k=3  dim=576  frames=168  σ=0.5  fold=0 ===
  BDOSC: k_hat=3  ACC=0.9048  NMI=0.7576  ARI=0.7736  1.9s

=== P1L_S3_C2 train[4] k=3  dim=576  frames=187  σ=0.5  fold=0 ===
  BDOSC: k_hat=3  ACC=0.6898  NMI=0.5268  ARI=0.4467  2.4s

=== P1L_S3_C2 train[5] k=3  dim=576  frames=229  σ=0.5  fold=0 ===
  BDOSC: k_hat=3  ACC=0.3581  NMI=0.1318  ARI=-0.0002  3.6s

=== P1L_S3_C2 train[6] k=3  dim=576  frames=136  σ=0.5  fold=0 ===
  BDOSC: k_hat=3  ACC=0.5221  NMI=0.5844  ARI=0.4071  1.3s

=== P1L_S3_C3 train[0] k=3  dim=576  frames=118  σ=0.5  fold=0 ===
  BDOSC: k_hat=3  ACC=0.8051  NMI=0.6959  ARI=0.6054  1.0s

=== P1L_S3_C3 train[1] k=3  dim=576  frames=121  σ=0.5  fold=0 ===
  BDOSC: k_hat=3  ACC=0.8264  NMI=0.6660  ARI=0.5969  1.0s

=== P1L_S3_C3 train[2] k=3  dim=576  frames=142  σ=0.5  fold=0 ===
  BDOSC: k_hat=3  ACC=0.7254  NMI=0.5492  ARI=0.4249  1.4s

=== P1L_S3_C3 train[3] k=3  dim=576  frames=134  σ=0.5  fold=0 ===
  BDOSC: k_hat=3  ACC=0.7761  NMI=0.6466  ARI=0.4964  1.3s

=== P1L_S3_C3 train[4] k=3  dim=576  frames=110  σ=0.5  fold=0 ===
  BDOSC: k_hat=3  ACC=0.5364  NMI=0.5668  ARI=0.4070  0.9s

=== P1L_S3_C3 train[5] k=3  dim=576  frames=161  σ=0.5  fold=0 ===
  BDOSC: k_hat=3  ACC=0.7826  NMI=0.6242  ARI=0.5087  1.8s

=== P1L_S3_C3 train[6] k=3  dim=576  frames=114  σ=0.5  fold=0 ===
  BDOSC: k_hat=3  ACC=0.5351  NMI=0.3295  ARI=0.0856  0.9s

=== P1L_S4_C1 train[0] k=3  dim=576  frames=157  σ=0.5  fold=0 ===
  BDOSC: k_hat=3  ACC=0.8217  NMI=0.6448  ARI=0.6091  1.7s

=== P1L_S4_C1 train[1] k=3  dim=576  frames=154  σ=0.5  fold=0 ===
  BDOSC: k_hat=3  ACC=0.7532  NMI=0.5379  ARI=0.4158  1.6s

=== P1L_S4_C1 train[2] k=3  dim=576  frames=168  σ=0.5  fold=0 ===
  BDOSC: k_hat=3  ACC=0.6667  NMI=0.6701  ARI=0.5023  1.9s

=== P1L_S4_C1 train[3] k=3  dim=576  frames=142  σ=0.5  fold=0 ===
  BDOSC: k_hat=3  ACC=0.7113  NMI=0.5717  ARI=0.4601  1.4s

=== P1L_S4_C1 train[4] k=3  dim=576  frames=164  σ=0.5  fold=0 ===
  BDOSC: k_hat=3  ACC=0.6585  NMI=0.5240  ARI=0.3837  1.8s

=== P1L_S4_C1 train[5] k=3  dim=576  frames=187  σ=0.5  fold=0 ===
  BDOSC: k_hat=3  ACC=0.6043  NMI=0.5610  ARI=0.4355  2.3s

=== P1L_S4_C1 train[6] k=3  dim=576  frames=202  σ=0.5  fold=0 ===
  BDOSC: k_hat=3  ACC=0.4802  NMI=0.4189  ARI=0.2414  2.8s

=== P1L_S4_C2 train[0] k=3  dim=576  frames=149  σ=0.5  fold=0 ===
  BDOSC: k_hat=3  ACC=0.5973  NMI=0.6403  ARI=0.4712  1.6s

=== P1L_S4_C2 train[1] k=3  dim=576  frames=175  σ=0.5  fold=0 ===
  BDOSC: k_hat=3  ACC=0.6514  NMI=0.5727  ARI=0.4259  2.1s

=== P1L_S4_C2 train[2] k=3  dim=576  frames=168  σ=0.5  fold=0 ===
  BDOSC: k_hat=3  ACC=0.7560  NMI=0.6324  ARI=0.5032  1.9s

=== P1L_S4_C2 train[3] k=3  dim=576  frames=154  σ=0.5  fold=0 ===
  BDOSC: k_hat=3  ACC=0.5909  NMI=0.6028  ARI=0.4557  1.6s

=== P1L_S4_C2 train[4] k=3  dim=576  frames=152  σ=0.5  fold=0 ===
  BDOSC: k_hat=3  ACC=0.4342  NMI=0.2587  ARI=0.0889  1.7s

=== P1L_S4_C2 train[5] k=3  dim=576  frames=169  σ=0.5  fold=0 ===
  BDOSC: k_hat=3  ACC=0.5858  NMI=0.4103  ARI=0.2217  2.0s

=== P1L_S4_C2 train[6] k=3  dim=576  frames=153  σ=0.5  fold=0 ===
  BDOSC: k_hat=3  ACC=0.5033  NMI=0.2009  ARI=0.0375  1.6s

=== P1L_S4_C3 train[0] k=3  dim=576  frames=107  σ=0.5  fold=0 ===
  BDOSC: k_hat=3  ACC=0.7009  NMI=0.5176  ARI=0.3661  0.9s

=== P1L_S4_C3 train[1] k=3  dim=576  frames=94  σ=0.5  fold=0 ===
  BDOSC: k_hat=3  ACC=0.6809  NMI=0.4906  ARI=0.3516  0.7s

=== P1L_S4_C3 train[2] k=3  dim=576  frames=117  σ=0.5  fold=0 ===
  BDOSC: k_hat=3  ACC=0.5128  NMI=0.4805  ARI=0.3122  1.0s

=== P1L_S4_C3 train[3] k=3  dim=576  frames=112  σ=0.5  fold=0 ===
  BDOSC: k_hat=3  ACC=0.7589  NMI=0.6465  ARI=0.5162  0.9s

=== P1L_S4_C3 train[4] k=3  dim=576  frames=103  σ=0.5  fold=0 ===
  BDOSC: k_hat=3  ACC=0.8932  NMI=0.7850  ARI=0.7176  0.8s

=== P1L_S4_C3 train[5] k=3  dim=576  frames=105  σ=0.5  fold=0 ===
  BDOSC: k_hat=3  ACC=0.8476  NMI=0.6727  ARI=0.6309  0.8s

=== P1L_S4_C3 train[6] k=3  dim=576  frames=107  σ=0.5  fold=0 ===
  BDOSC: k_hat=3  ACC=0.6729  NMI=0.5490  ARI=0.4481  0.9s

=== P1E_S1_C1 test[0] k=3  dim=576  frames=146  σ=0.5  fold=0 ===
  BDOSC: k_hat=3  ACC=0.6301  NMI=0.4643  ARI=0.3046  1.5s

=== P1E_S1_C2 test[0] k=3  dim=576  frames=147  σ=0.5  fold=0 ===
  BDOSC: k_hat=3  ACC=0.9184  NMI=0.7868  ARI=0.7584  1.5s

=== P1E_S1_C3 test[0] k=3  dim=576  frames=58  σ=0.5  fold=0 ===
  BDOSC: k_hat=3  ACC=0.8103  NMI=0.5574  ARI=0.4650  0.3s

=== P1E_S2_C1 test[0] k=3  dim=576  frames=167  σ=0.5  fold=0 ===
  BDOSC: k_hat=3  ACC=0.7006  NMI=0.5258  ARI=0.3973  1.9s

=== P1E_S2_C2 test[0] k=3  dim=576  frames=146  σ=0.5  fold=0 ===
  BDOSC: k_hat=3  ACC=0.5411  NMI=0.5688  ARI=0.4121  1.5s

=== P1E_S2_C3 test[0] k=3  dim=576  frames=113  σ=0.5  fold=0 ===
  BDOSC: k_hat=3  ACC=0.5752  NMI=0.5925  ARI=0.4362  0.9s

=== P1E_S3_C1 test[0] k=3  dim=576  frames=166  σ=0.5  fold=0 ===
  BDOSC: k_hat=3  ACC=0.7410  NMI=0.4721  ARI=0.3304  1.9s

=== P1E_S3_C2 test[0] k=3  dim=576  frames=147  σ=0.5  fold=0 ===
  BDOSC: k_hat=3  ACC=0.6122  NMI=0.4859  ARI=0.3188  1.5s

=== P1E_S3_C3 test[0] k=3  dim=576  frames=105  σ=0.5  fold=0 ===
  BDOSC: k_hat=3  ACC=0.6476  NMI=0.4954  ARI=0.3334  0.8s

=== P1E_S4_C1 test[0] k=3  dim=576  frames=158  σ=0.5  fold=0 ===
  BDOSC: k_hat=3  ACC=0.7025  NMI=0.6265  ARI=0.3919  1.7s

=== P1E_S4_C2 test[0] k=3  dim=576  frames=117  σ=0.5  fold=0 ===
  BDOSC: k_hat=3  ACC=0.6410  NMI=0.5703  ARI=0.4366  1.0s

=== P1E_S4_C3 test[0] k=3  dim=576  frames=90  σ=0.5  fold=0 ===
  BDOSC: k_hat=3  ACC=0.7000  NMI=0.4202  ARI=0.2585  0.6s

=== P1L_S1_C1 test[0] k=3  dim=576  frames=162  σ=0.5  fold=0 ===
  BDOSC: k_hat=3  ACC=0.6420  NMI=0.5022  ARI=0.3529  1.8s

=== P1L_S1_C2 test[0] k=3  dim=576  frames=186  σ=0.5  fold=0 ===
  BDOSC: k_hat=3  ACC=0.6667  NMI=0.4174  ARI=0.2437  2.4s

=== P1L_S1_C3 test[0] k=3  dim=576  frames=60  σ=0.5  fold=0 ===
  BDOSC: k_hat=3  ACC=0.8833  NMI=0.7419  ARI=0.7034  0.3s

=== P1L_S2_C1 test[0] k=3  dim=576  frames=211  σ=0.5  fold=0 ===
  BDOSC: k_hat=3  ACC=0.6825  NMI=0.5053  ARI=0.3736  3.0s

=== P1L_S2_C2 test[0] k=3  dim=576  frames=194  σ=0.5  fold=0 ===
  BDOSC: k_hat=3  ACC=0.6031  NMI=0.4352  ARI=0.2848  2.5s

=== P1L_S2_C3 test[0] k=3  dim=576  frames=119  σ=0.5  fold=0 ===
  BDOSC: k_hat=3  ACC=0.5882  NMI=0.4640  ARI=0.2829  1.0s

=== P1L_S3_C1 test[0] k=3  dim=576  frames=156  σ=0.5  fold=0 ===
  BDOSC: k_hat=3  ACC=0.6410  NMI=0.5462  ARI=0.3667  1.6s

=== P1L_S3_C2 test[0] k=3  dim=576  frames=185  σ=0.5  fold=0 ===
  BDOSC: k_hat=3  ACC=0.5676  NMI=0.4613  ARI=0.3114  2.3s

=== P1L_S3_C3 test[0] k=3  dim=576  frames=151  σ=0.5  fold=0 ===
  BDOSC: k_hat=3  ACC=0.6755  NMI=0.4983  ARI=0.3177  1.6s

=== P1L_S4_C1 test[0] k=3  dim=576  frames=200  σ=0.5  fold=0 ===
  BDOSC: k_hat=3  ACC=0.6150  NMI=0.4286  ARI=0.2413  2.7s

=== P1L_S4_C2 test[0] k=3  dim=576  frames=157  σ=0.5  fold=0 ===
  BDOSC: k_hat=3  ACC=0.5669  NMI=0.2685  ARI=0.0841  1.7s

=== P1L_S4_C3 test[0] k=3  dim=576  frames=96  σ=0.5  fold=0 ===
  BDOSC: k_hat=3  ACC=0.5833  NMI=0.4731  ARI=0.3043  0.7s
  tune_pool_groups=20: sampling from 22 held-in people (overlap allowed) instead of the 7 fixed partition group(s)

============================================================
σ=0.5 fold=1  test=['0004', '0014', '0027']  train mats=168  test mats=24  tune mats=480
  BDOSC: skip tuning, fixed lambda_1=0.2, lambda_2=1, gamma_1=0.01, p=1.1, max_iter=50
  wrote /nfs/turbo/umms-minjilab/lpullela/icassp_ssc_tv2/block_ssc_benchmark/cv/params/surveillance/split_k3_sigmas_min30_trials20_params_knownk_cv_bdosc_k3_sigma0p5_sigma0.5_fold1.json

=== P1E_S1_C1 train[0] k=3  dim=576  frames=146  σ=0.5  fold=1 ===
  BDOSC: k_hat=3  ACC=0.6301  NMI=0.4643  ARI=0.3046  1.5s

=== P1E_S1_C1 train[1] k=3  dim=576  frames=130  σ=0.5  fold=1 ===
  BDOSC: k_hat=3  ACC=0.5846  NMI=0.6483  ARI=0.4486  1.2s

=== P1E_S1_C1 train[2] k=3  dim=576  frames=140  σ=0.5  fold=1 ===
  BDOSC: k_hat=3  ACC=0.9357  NMI=0.8207  ARI=0.8287  1.4s

=== P1E_S1_C1 train[3] k=3  dim=576  frames=157  σ=0.5  fold=1 ===
  BDOSC: k_hat=3  ACC=0.6178  NMI=0.3752  ARI=0.1813  1.7s

=== P1E_S1_C1 train[4] k=3  dim=576  frames=151  σ=0.5  fold=1 ===
  BDOSC: k_hat=3  ACC=0.7815  NMI=0.5692  ARI=0.4603  1.6s

=== P1E_S1_C1 train[5] k=3  dim=576  frames=140  σ=0.5  fold=1 ===
  BDOSC: k_hat=3  ACC=0.6714  NMI=0.4994  ARI=0.3542  1.3s

=== P1E_S1_C1 train[6] k=3  dim=576  frames=171  σ=0.5  fold=1 ===
  BDOSC: k_hat=3  ACC=0.5906  NMI=0.3706  ARI=0.1612  2.0s

=== P1E_S1_C2 train[0] k=3  dim=576  frames=147  σ=0.5  fold=1 ===
  BDOSC: k_hat=3  ACC=0.9184  NMI=0.7868  ARI=0.7584  1.5s

=== P1E_S1_C2 train[1] k=3  dim=576  frames=104  σ=0.5  fold=1 ===
  BDOSC: k_hat=3  ACC=0.5385  NMI=0.5986  ARI=0.4155  0.8s

=== P1E_S1_C2 train[2] k=3  dim=576  frames=138  σ=0.5  fold=1 ===
  BDOSC: k_hat=3  ACC=0.5435  NMI=0.4535  ARI=0.2732  1.3s

=== P1E_S1_C2 train[3] k=3  dim=576  frames=113  σ=0.5  fold=1 ===
  BDOSC: k_hat=3  ACC=0.7699  NMI=0.5370  ARI=0.3961  0.9s

=== P1E_S1_C2 train[4] k=3  dim=576  frames=122  σ=0.5  fold=1 ===
  BDOSC: k_hat=3  ACC=0.5738  NMI=0.5567  ARI=0.4242  1.0s

=== P1E_S1_C2 train[5] k=3  dim=576  frames=122  σ=0.5  fold=1 ===
  BDOSC: k_hat=3  ACC=0.4426  NMI=0.2117  ARI=0.0414  1.0s

=== P1E_S1_C2 train[6] k=3  dim=576  frames=134  σ=0.5  fold=1 ===
  BDOSC: k_hat=3  ACC=0.4776  NMI=0.2315  ARI=0.0315  1.3s

=== P1E_S1_C3 train[0] k=3  dim=576  frames=58  σ=0.5  fold=1 ===
  BDOSC: k_hat=3  ACC=0.8103  NMI=0.5574  ARI=0.4650  0.3s

=== P1E_S1_C3 train[1] k=3  dim=576  frames=47  σ=0.5  fold=1 ===
  BDOSC: k_hat=3  ACC=0.7660  NMI=0.6380  ARI=0.4948  0.2s

=== P1E_S1_C3 train[2] k=3  dim=576  frames=61  σ=0.5  fold=1 ===
  BDOSC: k_hat=3  ACC=0.6557  NMI=0.5727  ARI=0.3997  0.3s

=== P1E_S1_C3 train[3] k=3  dim=576  frames=37  σ=0.5  fold=1 ===
  BDOSC: k_hat=3  ACC=0.9189  NMI=0.7651  ARI=0.7553  0.2s

=== P1E_S1_C3 train[4] k=3  dim=576  frames=55  σ=0.5  fold=1 ===
  BDOSC: k_hat=3  ACC=0.7636  NMI=0.5285  ARI=0.3826  0.3s

=== P1E_S1_C3 train[5] k=3  dim=576  frames=51  σ=0.5  fold=1 ===
  BDOSC: k_hat=3  ACC=0.8235  NMI=0.6227  ARI=0.5538  0.3s

=== P1E_S1_C3 train[6] k=3  dim=576  frames=69  σ=0.5  fold=1 ===
  BDOSC: k_hat=3  ACC=0.8261  NMI=0.6319  ARI=0.5685  0.4s

=== P1E_S2_C1 train[0] k=3  dim=576  frames=167  σ=0.5  fold=1 ===
  BDOSC: k_hat=3  ACC=0.7006  NMI=0.5258  ARI=0.3973  1.9s

=== P1E_S2_C1 train[1] k=3  dim=576  frames=136  σ=0.5  fold=1 ===
  BDOSC: k_hat=3  ACC=0.5882  NMI=0.3268  ARI=0.1153  1.3s

=== P1E_S2_C1 train[2] k=3  dim=576  frames=180  σ=0.5  fold=1 ===
  BDOSC: k_hat=3  ACC=0.5778  NMI=0.3000  ARI=0.1075  2.2s

=== P1E_S2_C1 train[3] k=3  dim=576  frames=149  σ=0.5  fold=1 ===
  BDOSC: k_hat=3  ACC=0.5302  NMI=0.3239  ARI=0.0850  1.5s

=== P1E_S2_C1 train[4] k=3  dim=576  frames=124  σ=0.5  fold=1 ===
  BDOSC: k_hat=3  ACC=0.5968  NMI=0.3936  ARI=0.1722  1.1s

=== P1E_S2_C1 train[5] k=3  dim=576  frames=161  σ=0.5  fold=1 ===
  BDOSC: k_hat=3  ACC=0.8323  NMI=0.7145  ARI=0.6203  1.7s

=== P1E_S2_C1 train[6] k=3  dim=576  frames=153  σ=0.5  fold=1 ===
  BDOSC: k_hat=3  ACC=0.6863  NMI=0.5281  ARI=0.3772  1.6s

=== P1E_S2_C2 train[0] k=3  dim=576  frames=146  σ=0.5  fold=1 ===
  BDOSC: k_hat=3  ACC=0.5411  NMI=0.5688  ARI=0.4121  1.5s

=== P1E_S2_C2 train[1] k=3  dim=576  frames=109  σ=0.5  fold=1 ===
  BDOSC: k_hat=3  ACC=0.8257  NMI=0.6659  ARI=0.5858  0.9s

=== P1E_S2_C2 train[2] k=3  dim=576  frames=144  σ=0.5  fold=1 ===
  BDOSC: k_hat=3  ACC=0.5625  NMI=0.5664  ARI=0.3931  1.5s

=== P1E_S2_C2 train[3] k=3  dim=576  frames=124  σ=0.5  fold=1 ===
  BDOSC: k_hat=3  ACC=0.5887  NMI=0.5081  ARI=0.3502  1.1s

=== P1E_S2_C2 train[4] k=3  dim=576  frames=109  σ=0.5  fold=1 ===
  BDOSC: k_hat=3  ACC=0.7431  NMI=0.6223  ARI=0.5606  0.9s

=== P1E_S2_C2 train[5] k=3  dim=576  frames=128  σ=0.5  fold=1 ===
  BDOSC: k_hat=3  ACC=0.4844  NMI=0.2596  ARI=0.0863  1.3s

=== P1E_S2_C2 train[6] k=3  dim=576  frames=126  σ=0.5  fold=1 ===
  BDOSC: k_hat=3  ACC=0.6508  NMI=0.5327  ARI=0.4355  1.1s

=== P1E_S2_C3 train[0] k=3  dim=576  frames=113  σ=0.5  fold=1 ===
  BDOSC: k_hat=3  ACC=0.5752  NMI=0.5925  ARI=0.4362  0.9s

=== P1E_S2_C3 train[1] k=3  dim=576  frames=90  σ=0.5  fold=1 ===
  BDOSC: k_hat=3  ACC=0.5222  NMI=0.5888  ARI=0.4176  0.6s

=== P1E_S2_C3 train[2] k=3  dim=576  frames=112  σ=0.5  fold=1 ===
  BDOSC: k_hat=3  ACC=0.8125  NMI=0.6242  ARI=0.5402  0.9s

=== P1E_S2_C3 train[3] k=3  dim=576  frames=99  σ=0.5  fold=1 ===
  BDOSC: k_hat=3  ACC=0.8990  NMI=0.7512  ARI=0.7288  0.7s

=== P1E_S2_C3 train[4] k=3  dim=576  frames=87  σ=0.5  fold=1 ===
  BDOSC: k_hat=3  ACC=0.5862  NMI=0.3716  ARI=0.1283  0.6s

=== P1E_S2_C3 train[5] k=3  dim=576  frames=105  σ=0.5  fold=1 ===
  BDOSC: k_hat=3  ACC=0.5619  NMI=0.5358  ARI=0.3855  0.8s

=== P1E_S2_C3 train[6] k=3  dim=576  frames=89  σ=0.5  fold=1 ===
  BDOSC: k_hat=3  ACC=0.6180  NMI=0.3919  ARI=0.1595  0.6s

=== P1E_S3_C1 train[0] k=3  dim=576  frames=166  σ=0.5  fold=1 ===
  BDOSC: k_hat=3  ACC=0.7410  NMI=0.4721  ARI=0.3304  1.9s

=== P1E_S3_C1 train[1] k=3  dim=576  frames=134  σ=0.5  fold=1 ===
  BDOSC: k_hat=3  ACC=0.8358  NMI=0.6940  ARI=0.6029  1.3s

=== P1E_S3_C1 train[2] k=3  dim=576  frames=161  σ=0.5  fold=1 ===
  BDOSC: k_hat=3  ACC=0.9379  NMI=0.8294  ARI=0.8262  1.7s

=== P1E_S3_C1 train[3] k=3  dim=576  frames=168  σ=0.5  fold=1 ===
  BDOSC: k_hat=3  ACC=0.7143  NMI=0.5252  ARI=0.3718  1.9s

=== P1E_S3_C1 train[4] k=3  dim=576  frames=123  σ=0.5  fold=1 ===
  BDOSC: k_hat=3  ACC=0.7236  NMI=0.5785  ARI=0.4474  1.1s

=== P1E_S3_C1 train[5] k=3  dim=576  frames=204  σ=0.5  fold=1 ===
  BDOSC: k_hat=3  ACC=0.6324  NMI=0.6520  ARI=0.5216  2.9s

=== P1E_S3_C1 train[6] k=3  dim=576  frames=112  σ=0.5  fold=1 ===
  BDOSC: k_hat=3  ACC=0.5625  NMI=0.3218  ARI=0.0951  0.9s

=== P1E_S3_C2 train[0] k=3  dim=576  frames=147  σ=0.5  fold=1 ===
  BDOSC: k_hat=3  ACC=0.6122  NMI=0.4859  ARI=0.3188  1.5s

=== P1E_S3_C2 train[1] k=3  dim=576  frames=112  σ=0.5  fold=1 ===
  BDOSC: k_hat=3  ACC=0.6875  NMI=0.5716  ARI=0.4061  0.9s

=== P1E_S3_C2 train[2] k=3  dim=576  frames=168  σ=0.5  fold=1 ===
  BDOSC: k_hat=3  ACC=0.5833  NMI=0.4433  ARI=0.2898  1.8s

=== P1E_S3_C2 train[3] k=3  dim=576  frames=169  σ=0.5  fold=1 ===
  BDOSC: k_hat=3  ACC=0.6036  NMI=0.4889  ARI=0.3322  2.0s

=== P1E_S3_C2 train[4] k=3  dim=576  frames=107  σ=0.5  fold=1 ===
  BDOSC: k_hat=3  ACC=0.6729  NMI=0.4439  ARI=0.2410  0.8s

=== P1E_S3_C2 train[5] k=3  dim=576  frames=146  σ=0.5  fold=1 ===
  BDOSC: k_hat=3  ACC=0.7671  NMI=0.5699  ARI=0.5156  1.5s

=== P1E_S3_C2 train[6] k=3  dim=576  frames=114  σ=0.5  fold=1 ===
  BDOSC: k_hat=3  ACC=0.6316  NMI=0.4219  ARI=0.2990  0.9s

=== P1E_S3_C3 train[0] k=3  dim=576  frames=105  σ=0.5  fold=1 ===
  BDOSC: k_hat=3  ACC=0.6476  NMI=0.4954  ARI=0.3334  0.8s

=== P1E_S3_C3 train[1] k=3  dim=576  frames=84  σ=0.5  fold=1 ===
  BDOSC: k_hat=3  ACC=0.7381  NMI=0.4753  ARI=0.3280  0.6s

=== P1E_S3_C3 train[2] k=3  dim=576  frames=125  σ=0.5  fold=1 ===
  BDOSC: k_hat=3  ACC=0.7520  NMI=0.5102  ARI=0.3707  1.1s

=== P1E_S3_C3 train[3] k=3  dim=576  frames=128  σ=0.5  fold=1 ===
  BDOSC: k_hat=3  ACC=0.5312  NMI=0.4749  ARI=0.3038  1.3s

=== P1E_S3_C3 train[4] k=3  dim=576  frames=83  σ=0.5  fold=1 ===
  BDOSC: k_hat=3  ACC=0.7831  NMI=0.7208  ARI=0.5973  0.6s

=== P1E_S3_C3 train[5] k=3  dim=576  frames=129  σ=0.5  fold=1 ===
  BDOSC: k_hat=3  ACC=0.6822  NMI=0.5971  ARI=0.4835  1.2s

=== P1E_S3_C3 train[6] k=3  dim=576  frames=84  σ=0.5  fold=1 ===
  BDOSC: k_hat=3  ACC=0.6310  NMI=0.5953  ARI=0.4730  0.6s

=== P1E_S4_C1 train[0] k=3  dim=576  frames=158  σ=0.5  fold=1 ===
  BDOSC: k_hat=3  ACC=0.7025  NMI=0.6265  ARI=0.3919  1.7s

=== P1E_S4_C1 train[1] k=3  dim=576  frames=155  σ=0.5  fold=1 ===
  BDOSC: k_hat=3  ACC=0.6710  NMI=0.5084  ARI=0.3884  1.7s

=== P1E_S4_C1 train[2] k=3  dim=576  frames=182  σ=0.5  fold=1 ===
  BDOSC: k_hat=3  ACC=0.5549  NMI=0.2699  ARI=0.0893  2.2s

=== P1E_S4_C1 train[3] k=3  dim=576  frames=180  σ=0.5  fold=1 ===
  BDOSC: k_hat=3  ACC=0.8889  NMI=0.7426  ARI=0.7049  2.2s

=== P1E_S4_C1 train[4] k=3  dim=576  frames=133  σ=0.5  fold=1 ===
  BDOSC: k_hat=3  ACC=0.6541  NMI=0.6396  ARI=0.4916  1.2s

=== P1E_S4_C1 train[5] k=3  dim=576  frames=147  σ=0.5  fold=1 ===
  BDOSC: k_hat=3  ACC=0.7075  NMI=0.5262  ARI=0.3827  1.5s

=== P1E_S4_C1 train[6] k=3  dim=576  frames=145  σ=0.5  fold=1 ===
  BDOSC: k_hat=3  ACC=0.5103  NMI=0.2877  ARI=0.0555  1.4s

=== P1E_S4_C2 train[0] k=3  dim=576  frames=117  σ=0.5  fold=1 ===
  BDOSC: k_hat=3  ACC=0.6410  NMI=0.5703  ARI=0.4366  1.0s

=== P1E_S4_C2 train[1] k=3  dim=576  frames=122  σ=0.5  fold=1 ===
  BDOSC: k_hat=3  ACC=0.5246  NMI=0.4714  ARI=0.3031  1.0s

=== P1E_S4_C2 train[2] k=3  dim=576  frames=126  σ=0.5  fold=1 ===
  BDOSC: k_hat=3  ACC=0.6270  NMI=0.6359  ARI=0.4763  1.1s

=== P1E_S4_C2 train[3] k=3  dim=576  frames=140  σ=0.5  fold=1 ===
  BDOSC: k_hat=3  ACC=0.7357  NMI=0.5588  ARI=0.4090  1.4s

=== P1E_S4_C2 train[4] k=3  dim=576  frames=129  σ=0.5  fold=1 ===
  BDOSC: k_hat=3  ACC=0.6202  NMI=0.4779  ARI=0.3301  1.2s

=== P1E_S4_C2 train[5] k=3  dim=576  frames=146  σ=0.5  fold=1 ===
  BDOSC: k_hat=3  ACC=0.4452  NMI=0.2933  ARI=0.1067  1.6s

=== P1E_S4_C2 train[6] k=3  dim=576  frames=110  σ=0.5  fold=1 ===
  BDOSC: k_hat=3  ACC=0.6000  NMI=0.3890  ARI=0.1713  0.9s

=== P1E_S4_C3 train[0] k=3  dim=576  frames=90  σ=0.5  fold=1 ===
  BDOSC: k_hat=3  ACC=0.7000  NMI=0.4202  ARI=0.2585  0.6s

=== P1E_S4_C3 train[1] k=3  dim=576  frames=85  σ=0.5  fold=1 ===
  BDOSC: k_hat=3  ACC=0.6941  NMI=0.5493  ARI=0.4530  0.6s

=== P1E_S4_C3 train[2] k=3  dim=576  frames=105  σ=0.5  fold=1 ===
  BDOSC: k_hat=3  ACC=0.7143  NMI=0.6326  ARI=0.4606  0.8s

=== P1E_S4_C3 train[3] k=3  dim=576  frames=87  σ=0.5  fold=1 ===
  BDOSC: k_hat=3  ACC=0.7471  NMI=0.6085  ARI=0.4756  0.6s

=== P1E_S4_C3 train[4] k=3  dim=576  frames=76  σ=0.5  fold=1 ===
  BDOSC: k_hat=3  ACC=0.6711  NMI=0.5442  ARI=0.4362  0.5s

=== P1E_S4_C3 train[5] k=3  dim=576  frames=106  σ=0.5  fold=1 ===
  BDOSC: k_hat=3  ACC=0.7925  NMI=0.6314  ARI=0.5720  0.8s

=== P1E_S4_C3 train[6] k=3  dim=576  frames=79  σ=0.5  fold=1 ===
  BDOSC: k_hat=3  ACC=0.5316  NMI=0.4751  ARI=0.3015  0.6s

=== P1L_S1_C1 train[0] k=3  dim=576  frames=162  σ=0.5  fold=1 ===
  BDOSC: k_hat=3  ACC=0.6420  NMI=0.5022  ARI=0.3529  1.8s

=== P1L_S1_C1 train[1] k=3  dim=576  frames=155  σ=0.5  fold=1 ===
  BDOSC: k_hat=3  ACC=0.7677  NMI=0.6360  ARI=0.5419  1.7s

=== P1L_S1_C1 train[2] k=3  dim=576  frames=182  σ=0.5  fold=1 ===
  BDOSC: k_hat=3  ACC=0.9066  NMI=0.7570  ARI=0.7591  2.2s

=== P1L_S1_C1 train[3] k=3  dim=576  frames=198  σ=0.5  fold=1 ===
  BDOSC: k_hat=3  ACC=0.6212  NMI=0.3383  ARI=0.1527  2.6s

=== P1L_S1_C1 train[4] k=3  dim=576  frames=166  σ=0.5  fold=1 ===
  BDOSC: k_hat=3  ACC=0.7831  NMI=0.6044  ARI=0.5340  2.0s

=== P1L_S1_C1 train[5] k=3  dim=576  frames=116  σ=0.5  fold=1 ===
  BDOSC: k_hat=3  ACC=0.5690  NMI=0.3470  ARI=0.1278  1.0s

=== P1L_S1_C1 train[6] k=3  dim=576  frames=175  σ=0.5  fold=1 ===
  BDOSC: k_hat=3  ACC=0.5314  NMI=0.3123  ARI=0.1244  2.1s

=== P1L_S1_C2 train[0] k=3  dim=576  frames=186  σ=0.5  fold=1 ===
  BDOSC: k_hat=3  ACC=0.6667  NMI=0.4174  ARI=0.2437  2.4s

=== P1L_S1_C2 train[1] k=3  dim=576  frames=147  σ=0.5  fold=1 ===
  BDOSC: k_hat=3  ACC=0.7279  NMI=0.6589  ARI=0.5423  1.5s

=== P1L_S1_C2 train[2] k=3  dim=576  frames=181  σ=0.5  fold=1 ===
  BDOSC: k_hat=3  ACC=0.8619  NMI=0.6762  ARI=0.6407  2.2s

=== P1L_S1_C2 train[3] k=3  dim=576  frames=128  σ=0.5  fold=1 ===
  BDOSC: k_hat=3  ACC=0.7344  NMI=0.5924  ARI=0.4070  1.3s

=== P1L_S1_C2 train[4] k=3  dim=576  frames=154  σ=0.5  fold=1 ===
  BDOSC: k_hat=3  ACC=0.5714  NMI=0.3286  ARI=0.1136  1.6s

=== P1L_S1_C2 train[5] k=3  dim=576  frames=142  σ=0.5  fold=1 ===
  BDOSC: k_hat=3  ACC=0.6479  NMI=0.4106  ARI=0.2258  1.4s

=== P1L_S1_C2 train[6] k=3  dim=576  frames=168  σ=0.5  fold=1 ===
  BDOSC: k_hat=3  ACC=0.5179  NMI=0.2795  ARI=0.0612  1.9s

=== P1L_S1_C3 train[0] k=3  dim=576  frames=60  σ=0.5  fold=1 ===
  BDOSC: k_hat=3  ACC=0.8833  NMI=0.7419  ARI=0.7034  0.3s

=== P1L_S1_C3 train[1] k=3  dim=576  frames=65  σ=0.5  fold=1 ===
  BDOSC: k_hat=3  ACC=0.8154  NMI=0.6135  ARI=0.5398  0.3s

=== P1L_S1_C3 train[2] k=3  dim=576  frames=74  σ=0.5  fold=1 ===
  BDOSC: k_hat=3  ACC=0.8514  NMI=0.6947  ARI=0.6491  0.4s

=== P1L_S1_C3 train[3] k=3  dim=576  frames=73  σ=0.5  fold=1 ===
  BDOSC: k_hat=3  ACC=0.8356  NMI=0.7170  ARI=0.5782  0.4s

=== P1L_S1_C3 train[4] k=3  dim=576  frames=64  σ=0.5  fold=1 ===
  BDOSC: k_hat=3  ACC=0.9531  NMI=0.8744  ARI=0.8727  0.3s

=== P1L_S1_C3 train[5] k=3  dim=576  frames=63  σ=0.5  fold=1 ===
  BDOSC: k_hat=3  ACC=0.5714  NMI=0.3734  ARI=0.1228  0.3s

=== P1L_S1_C3 train[6] k=3  dim=576  frames=75  σ=0.5  fold=1 ===
  BDOSC: k_hat=3  ACC=0.7067  NMI=0.4546  ARI=0.2702  0.4s

=== P1L_S2_C1 train[0] k=3  dim=576  frames=211  σ=0.5  fold=1 ===
  BDOSC: k_hat=3  ACC=0.6825  NMI=0.5053  ARI=0.3736  3.0s

=== P1L_S2_C1 train[1] k=3  dim=576  frames=180  σ=0.5  fold=1 ===
  BDOSC: k_hat=3  ACC=0.5333  NMI=0.2978  ARI=0.1151  2.2s

=== P1L_S2_C1 train[2] k=3  dim=576  frames=177  σ=0.5  fold=1 ===
  BDOSC: k_hat=3  ACC=0.8362  NMI=0.6964  ARI=0.6485  2.1s

=== P1L_S2_C1 train[3] k=3  dim=576  frames=172  σ=0.5  fold=1 ===
  BDOSC: k_hat=3  ACC=0.6221  NMI=0.4179  ARI=0.1992  2.0s

=== P1L_S2_C1 train[4] k=3  dim=576  frames=179  σ=0.5  fold=1 ===
  BDOSC: k_hat=3  ACC=0.5475  NMI=0.3796  ARI=0.2092  2.1s

=== P1L_S2_C1 train[5] k=3  dim=576  frames=180  σ=0.5  fold=1 ===
  BDOSC: k_hat=3  ACC=0.3722  NMI=0.1254  ARI=-0.0407  2.2s

=== P1L_S2_C1 train[6] k=3  dim=576  frames=133  σ=0.5  fold=1 ===
  BDOSC: k_hat=3  ACC=0.4812  NMI=0.2878  ARI=0.0571  1.3s

=== P1L_S2_C2 train[0] k=3  dim=576  frames=194  σ=0.5  fold=1 ===
  BDOSC: k_hat=3  ACC=0.6031  NMI=0.4352  ARI=0.2848  2.5s

=== P1L_S2_C2 train[1] k=3  dim=576  frames=134  σ=0.5  fold=1 ===
  BDOSC: k_hat=3  ACC=0.8507  NMI=0.6903  ARI=0.6927  1.3s

=== P1L_S2_C2 train[2] k=3  dim=576  frames=186  σ=0.5  fold=1 ===
  BDOSC: k_hat=3  ACC=0.5591  NMI=0.3516  ARI=0.1379  2.4s

=== P1L_S2_C2 train[3] k=3  dim=576  frames=201  σ=0.5  fold=1 ===
  BDOSC: k_hat=3  ACC=0.7960  NMI=0.5937  ARI=0.5096  2.7s

=== P1L_S2_C2 train[4] k=3  dim=576  frames=171  σ=0.5  fold=1 ===
  BDOSC: k_hat=3  ACC=0.7602  NMI=0.5840  ARI=0.4906  2.1s

=== P1L_S2_C2 train[5] k=3  dim=576  frames=160  σ=0.5  fold=1 ===
  BDOSC: k_hat=3  ACC=0.8125  NMI=0.5977  ARI=0.5471  1.8s

=== P1L_S2_C2 train[6] k=3  dim=576  frames=154  σ=0.5  fold=1 ===
  BDOSC: k_hat=3  ACC=0.4805  NMI=0.1699  ARI=0.0354  1.6s

=== P1L_S2_C3 train[0] k=3  dim=576  frames=119  σ=0.5  fold=1 ===
  BDOSC: k_hat=3  ACC=0.5882  NMI=0.4640  ARI=0.2829  1.0s

=== P1L_S2_C3 train[1] k=3  dim=576  frames=85  σ=0.5  fold=1 ===
  BDOSC: k_hat=3  ACC=0.6235  NMI=0.3803  ARI=0.1762  0.6s

=== P1L_S2_C3 train[2] k=3  dim=576  frames=112  σ=0.5  fold=1 ===
  BDOSC: k_hat=3  ACC=0.7054  NMI=0.4692  ARI=0.2866  0.9s

=== P1L_S2_C3 train[3] k=3  dim=576  frames=126  σ=0.5  fold=1 ===
  BDOSC: k_hat=3  ACC=0.7381  NMI=0.4755  ARI=0.3286  1.1s

=== P1L_S2_C3 train[4] k=3  dim=576  frames=102  σ=0.5  fold=1 ===
  BDOSC: k_hat=3  ACC=0.6176  NMI=0.5327  ARI=0.3949  0.8s

=== P1L_S2_C3 train[5] k=3  dim=576  frames=121  σ=0.5  fold=1 ===
  BDOSC: k_hat=3  ACC=0.9835  NMI=0.9387  ARI=0.9494  1.1s

=== P1L_S2_C3 train[6] k=3  dim=576  frames=99  σ=0.5  fold=1 ===
  BDOSC: k_hat=3  ACC=0.6061  NMI=0.3698  ARI=0.1389  0.8s

=== P1L_S3_C1 train[0] k=3  dim=576  frames=156  σ=0.5  fold=1 ===
  BDOSC: k_hat=3  ACC=0.6410  NMI=0.5462  ARI=0.3667  1.7s

=== P1L_S3_C1 train[1] k=3  dim=576  frames=185  σ=0.5  fold=1 ===
  BDOSC: k_hat=3  ACC=0.7081  NMI=0.6203  ARI=0.4932  2.4s

=== P1L_S3_C1 train[2] k=3  dim=576  frames=156  σ=0.5  fold=1 ===
  BDOSC: k_hat=3  ACC=0.6410  NMI=0.5949  ARI=0.4809  1.7s

=== P1L_S3_C1 train[3] k=3  dim=576  frames=159  σ=0.5  fold=1 ===
  BDOSC: k_hat=3  ACC=0.6226  NMI=0.4978  ARI=0.3543  1.7s

=== P1L_S3_C1 train[4] k=3  dim=576  frames=172  σ=0.5  fold=1 ===
  BDOSC: k_hat=3  ACC=0.5872  NMI=0.5451  ARI=0.4189  2.0s

=== P1L_S3_C1 train[5] k=3  dim=576  frames=176  σ=0.5  fold=1 ===
  BDOSC: k_hat=3  ACC=0.7784  NMI=0.5957  ARI=0.5159  2.0s

=== P1L_S3_C1 train[6] k=3  dim=576  frames=134  σ=0.5  fold=1 ===
  BDOSC: k_hat=3  ACC=0.7388  NMI=0.5727  ARI=0.4678  1.3s

=== P1L_S3_C2 train[0] k=3  dim=576  frames=185  σ=0.5  fold=1 ===
  BDOSC: k_hat=3  ACC=0.5676  NMI=0.4613  ARI=0.3114  2.4s

=== P1L_S3_C2 train[1] k=3  dim=576  frames=166  σ=0.5  fold=1 ===
  BDOSC: k_hat=3  ACC=0.5422  NMI=0.5460  ARI=0.3706  1.9s

=== P1L_S3_C2 train[2] k=3  dim=576  frames=209  σ=0.5  fold=1 ===
  BDOSC: k_hat=3  ACC=0.6077  NMI=0.4645  ARI=0.3251  2.9s

=== P1L_S3_C2 train[3] k=3  dim=576  frames=168  σ=0.5  fold=1 ===
  BDOSC: k_hat=3  ACC=0.9048  NMI=0.7576  ARI=0.7736  1.9s

=== P1L_S3_C2 train[4] k=3  dim=576  frames=187  σ=0.5  fold=1 ===
  BDOSC: k_hat=3  ACC=0.6898  NMI=0.5268  ARI=0.4467  2.3s

=== P1L_S3_C2 train[5] k=3  dim=576  frames=229  σ=0.5  fold=1 ===
  BDOSC: k_hat=3  ACC=0.3581  NMI=0.1318  ARI=-0.0002  3.5s

=== P1L_S3_C2 train[6] k=3  dim=576  frames=136  σ=0.5  fold=1 ===
  BDOSC: k_hat=3  ACC=0.5221  NMI=0.5844  ARI=0.4071  1.3s

=== P1L_S3_C3 train[0] k=3  dim=576  frames=151  σ=0.5  fold=1 ===
  BDOSC: k_hat=3  ACC=0.6755  NMI=0.4983  ARI=0.3177  1.6s

=== P1L_S3_C3 train[1] k=3  dim=576  frames=121  σ=0.5  fold=1 ===
  BDOSC: k_hat=3  ACC=0.8264  NMI=0.6660  ARI=0.5969  1.0s

=== P1L_S3_C3 train[2] k=3  dim=576  frames=142  σ=0.5  fold=1 ===
  BDOSC: k_hat=3  ACC=0.7254  NMI=0.5492  ARI=0.4249  1.4s

=== P1L_S3_C3 train[3] k=3  dim=576  frames=134  σ=0.5  fold=1 ===
  BDOSC: k_hat=3  ACC=0.7761  NMI=0.6466  ARI=0.4964  1.3s

=== P1L_S3_C3 train[4] k=3  dim=576  frames=110  σ=0.5  fold=1 ===
  BDOSC: k_hat=3  ACC=0.5364  NMI=0.5668  ARI=0.4070  0.9s

=== P1L_S3_C3 train[5] k=3  dim=576  frames=161  σ=0.5  fold=1 ===
  BDOSC: k_hat=3  ACC=0.7826  NMI=0.6242  ARI=0.5087  1.8s

=== P1L_S3_C3 train[6] k=3  dim=576  frames=114  σ=0.5  fold=1 ===
  BDOSC: k_hat=3  ACC=0.5351  NMI=0.3295  ARI=0.0856  0.9s

=== P1L_S4_C1 train[0] k=3  dim=576  frames=200  σ=0.5  fold=1 ===
  BDOSC: k_hat=3  ACC=0.6150  NMI=0.4286  ARI=0.2413  2.6s

=== P1L_S4_C1 train[1] k=3  dim=576  frames=154  σ=0.5  fold=1 ===
  BDOSC: k_hat=3  ACC=0.7532  NMI=0.5379  ARI=0.4158  1.6s

=== P1L_S4_C1 train[2] k=3  dim=576  frames=168  σ=0.5  fold=1 ===
  BDOSC: k_hat=3  ACC=0.6667  NMI=0.6701  ARI=0.5023  1.9s

=== P1L_S4_C1 train[3] k=3  dim=576  frames=142  σ=0.5  fold=1 ===
  BDOSC: k_hat=3  ACC=0.7113  NMI=0.5717  ARI=0.4601  1.4s

=== P1L_S4_C1 train[4] k=3  dim=576  frames=164  σ=0.5  fold=1 ===
  BDOSC: k_hat=3  ACC=0.6585  NMI=0.5240  ARI=0.3837  1.8s

=== P1L_S4_C1 train[5] k=3  dim=576  frames=187  σ=0.5  fold=1 ===
  BDOSC: k_hat=3  ACC=0.6043  NMI=0.5610  ARI=0.4355  2.3s

=== P1L_S4_C1 train[6] k=3  dim=576  frames=202  σ=0.5  fold=1 ===
  BDOSC: k_hat=3  ACC=0.4802  NMI=0.4189  ARI=0.2414  2.8s

=== P1L_S4_C2 train[0] k=3  dim=576  frames=157  σ=0.5  fold=1 ===
  BDOSC: k_hat=3  ACC=0.5669  NMI=0.2685  ARI=0.0841  1.7s

=== P1L_S4_C2 train[1] k=3  dim=576  frames=175  σ=0.5  fold=1 ===
  BDOSC: k_hat=3  ACC=0.6514  NMI=0.5727  ARI=0.4259  2.1s

=== P1L_S4_C2 train[2] k=3  dim=576  frames=168  σ=0.5  fold=1 ===
  BDOSC: k_hat=3  ACC=0.7560  NMI=0.6324  ARI=0.5032  1.9s

=== P1L_S4_C2 train[3] k=3  dim=576  frames=154  σ=0.5  fold=1 ===
  BDOSC: k_hat=3  ACC=0.5909  NMI=0.6028  ARI=0.4557  1.6s

=== P1L_S4_C2 train[4] k=3  dim=576  frames=152  σ=0.5  fold=1 ===
  BDOSC: k_hat=3  ACC=0.4342  NMI=0.2587  ARI=0.0889  1.7s

=== P1L_S4_C2 train[5] k=3  dim=576  frames=169  σ=0.5  fold=1 ===
  BDOSC: k_hat=3  ACC=0.5858  NMI=0.4103  ARI=0.2217  2.0s

=== P1L_S4_C2 train[6] k=3  dim=576  frames=153  σ=0.5  fold=1 ===
  BDOSC: k_hat=3  ACC=0.5033  NMI=0.2009  ARI=0.0375  1.6s

=== P1L_S4_C3 train[0] k=3  dim=576  frames=96  σ=0.5  fold=1 ===
  BDOSC: k_hat=3  ACC=0.5833  NMI=0.4731  ARI=0.3043  0.7s

=== P1L_S4_C3 train[1] k=3  dim=576  frames=94  σ=0.5  fold=1 ===
  BDOSC: k_hat=3  ACC=0.6809  NMI=0.4906  ARI=0.3516  0.7s

=== P1L_S4_C3 train[2] k=3  dim=576  frames=117  σ=0.5  fold=1 ===
  BDOSC: k_hat=3  ACC=0.5128  NMI=0.4805  ARI=0.3122  1.0s

=== P1L_S4_C3 train[3] k=3  dim=576  frames=112  σ=0.5  fold=1 ===
  BDOSC: k_hat=3  ACC=0.7589  NMI=0.6465  ARI=0.5162  0.9s

=== P1L_S4_C3 train[4] k=3  dim=576  frames=103  σ=0.5  fold=1 ===
  BDOSC: k_hat=3  ACC=0.8932  NMI=0.7850  ARI=0.7176  0.8s

=== P1L_S4_C3 train[5] k=3  dim=576  frames=105  σ=0.5  fold=1 ===
  BDOSC: k_hat=3  ACC=0.8476  NMI=0.6727  ARI=0.6309  0.8s

=== P1L_S4_C3 train[6] k=3  dim=576  frames=107  σ=0.5  fold=1 ===
  BDOSC: k_hat=3  ACC=0.6729  NMI=0.5490  ARI=0.4481  0.9s

=== P1E_S1_C1 test[0] k=3  dim=576  frames=153  σ=0.5  fold=1 ===
  BDOSC: k_hat=3  ACC=0.5425  NMI=0.5387  ARI=0.3956  1.6s

=== P1E_S1_C2 test[0] k=3  dim=576  frames=115  σ=0.5  fold=1 ===
  BDOSC: k_hat=3  ACC=0.7913  NMI=0.6767  ARI=0.5918  0.9s

=== P1E_S1_C3 test[0] k=3  dim=576  frames=56  σ=0.5  fold=1 ===
  BDOSC: k_hat=3  ACC=0.6429  NMI=0.5382  ARI=0.3398  0.3s

=== P1E_S2_C1 test[0] k=3  dim=576  frames=151  σ=0.5  fold=1 ===
  BDOSC: k_hat=3  ACC=0.6556  NMI=0.5560  ARI=0.4096  1.6s

=== P1E_S2_C2 test[0] k=3  dim=576  frames=115  σ=0.5  fold=1 ===
  BDOSC: k_hat=3  ACC=0.6348  NMI=0.4963  ARI=0.3471  0.9s

=== P1E_S2_C3 test[0] k=3  dim=576  frames=88  σ=0.5  fold=1 ===
  BDOSC: k_hat=3  ACC=0.7500  NMI=0.5118  ARI=0.3748  0.6s

=== P1E_S3_C1 test[0] k=3  dim=576  frames=139  σ=0.5  fold=1 ===
  BDOSC: k_hat=3  ACC=0.8201  NMI=0.6238  ARI=0.5551  1.4s

=== P1E_S3_C2 test[0] k=3  dim=576  frames=120  σ=0.5  fold=1 ===
  BDOSC: k_hat=3  ACC=0.7333  NMI=0.5179  ARI=0.4053  1.0s

=== P1E_S3_C3 test[0] k=3  dim=576  frames=89  σ=0.5  fold=1 ===
  BDOSC: k_hat=3  ACC=0.7528  NMI=0.4758  ARI=0.3552  0.6s

=== P1E_S4_C1 test[0] k=3  dim=576  frames=107  σ=0.5  fold=1 ===
  BDOSC: k_hat=3  ACC=0.6729  NMI=0.5295  ARI=0.4083  0.9s

=== P1E_S4_C2 test[0] k=3  dim=576  frames=125  σ=0.5  fold=1 ===
  BDOSC: k_hat=3  ACC=0.6400  NMI=0.4917  ARI=0.3461  1.1s

=== P1E_S4_C3 test[0] k=3  dim=576  frames=64  σ=0.5  fold=1 ===
  BDOSC: k_hat=3  ACC=0.6719  NMI=0.4355  ARI=0.2244  0.4s

=== P1L_S1_C1 test[0] k=3  dim=576  frames=170  σ=0.5  fold=1 ===
  BDOSC: k_hat=3  ACC=0.6706  NMI=0.5620  ARI=0.4176  2.0s

=== P1L_S1_C2 test[0] k=3  dim=576  frames=137  σ=0.5  fold=1 ===
  BDOSC: k_hat=3  ACC=0.5766  NMI=0.4801  ARI=0.3271  1.3s

=== P1L_S1_C3 test[0] k=3  dim=576  frames=68  σ=0.5  fold=1 ===
  BDOSC: k_hat=3  ACC=0.8529  NMI=0.7451  ARI=0.6308  0.4s

=== P1L_S2_C1 test[0] k=3  dim=576  frames=190  σ=0.5  fold=1 ===
  BDOSC: k_hat=3  ACC=0.6526  NMI=0.3761  ARI=0.2035  2.4s

=== P1L_S2_C2 test[0] k=3  dim=576  frames=155  σ=0.5  fold=1 ===
  BDOSC: k_hat=3  ACC=0.5935  NMI=0.5355  ARI=0.3861  1.7s

=== P1L_S2_C3 test[0] k=3  dim=576  frames=101  σ=0.5  fold=1 ===
  BDOSC: k_hat=3  ACC=0.7129  NMI=0.5270  ARI=0.3714  0.8s

=== P1L_S3_C1 test[0] k=3  dim=576  frames=120  σ=0.5  fold=1 ===
  BDOSC: k_hat=3  ACC=0.8250  NMI=0.6812  ARI=0.5762  1.0s

=== P1L_S3_C2 test[0] k=3  dim=576  frames=125  σ=0.5  fold=1 ===
  BDOSC: k_hat=3  ACC=0.6640  NMI=0.4940  ARI=0.3217  1.1s

=== P1L_S3_C3 test[0] k=3  dim=576  frames=118  σ=0.5  fold=1 ===
  BDOSC: k_hat=3  ACC=0.8051  NMI=0.6959  ARI=0.6054  1.0s

=== P1L_S4_C1 test[0] k=3  dim=576  frames=157  σ=0.5  fold=1 ===
  BDOSC: k_hat=3  ACC=0.8217  NMI=0.6448  ARI=0.6091  1.7s

=== P1L_S4_C2 test[0] k=3  dim=576  frames=149  σ=0.5  fold=1 ===
  BDOSC: k_hat=3  ACC=0.5973  NMI=0.6403  ARI=0.4712  1.6s

=== P1L_S4_C3 test[0] k=3  dim=576  frames=107  σ=0.5  fold=1 ===
  BDOSC: k_hat=3  ACC=0.7009  NMI=0.5176  ARI=0.3661  0.9s
  tune_pool_groups=20: sampling from 22 held-in people (overlap allowed) instead of the 7 fixed partition group(s)

============================================================
σ=0.5 fold=2  test=['0009', '0019', '0026']  train mats=168  test mats=24  tune mats=480
  BDOSC: skip tuning, fixed lambda_1=0.2, lambda_2=1, gamma_1=0.01, p=1.1, max_iter=50
  wrote /nfs/turbo/umms-minjilab/lpullela/icassp_ssc_tv2/block_ssc_benchmark/cv/params/surveillance/split_k3_sigmas_min30_trials20_params_knownk_cv_bdosc_k3_sigma0p5_sigma0.5_fold2.json

=== P1E_S1_C1 train[0] k=3  dim=576  frames=146  σ=0.5  fold=2 ===
  BDOSC: k_hat=3  ACC=0.6301  NMI=0.4643  ARI=0.3046  1.5s

=== P1E_S1_C1 train[1] k=3  dim=576  frames=153  σ=0.5  fold=2 ===
  BDOSC: k_hat=3  ACC=0.5425  NMI=0.5387  ARI=0.3956  1.6s

=== P1E_S1_C1 train[2] k=3  dim=576  frames=140  σ=0.5  fold=2 ===
  BDOSC: k_hat=3  ACC=0.9357  NMI=0.8207  ARI=0.8287  1.4s

=== P1E_S1_C1 train[3] k=3  dim=576  frames=157  σ=0.5  fold=2 ===
  BDOSC: k_hat=3  ACC=0.6178  NMI=0.3752  ARI=0.1813  1.7s

=== P1E_S1_C1 train[4] k=3  dim=576  frames=151  σ=0.5  fold=2 ===
  BDOSC: k_hat=3  ACC=0.7815  NMI=0.5692  ARI=0.4603  1.6s

=== P1E_S1_C1 train[5] k=3  dim=576  frames=140  σ=0.5  fold=2 ===
  BDOSC: k_hat=3  ACC=0.6714  NMI=0.4994  ARI=0.3542  1.3s

=== P1E_S1_C1 train[6] k=3  dim=576  frames=171  σ=0.5  fold=2 ===
  BDOSC: k_hat=3  ACC=0.5906  NMI=0.3706  ARI=0.1612  2.0s

=== P1E_S1_C2 train[0] k=3  dim=576  frames=147  σ=0.5  fold=2 ===
  BDOSC: k_hat=3  ACC=0.9184  NMI=0.7868  ARI=0.7584  1.5s

=== P1E_S1_C2 train[1] k=3  dim=576  frames=115  σ=0.5  fold=2 ===
  BDOSC: k_hat=3  ACC=0.7913  NMI=0.6767  ARI=0.5918  1.0s

=== P1E_S1_C2 train[2] k=3  dim=576  frames=138  σ=0.5  fold=2 ===
  BDOSC: k_hat=3  ACC=0.5435  NMI=0.4535  ARI=0.2732  1.3s

=== P1E_S1_C2 train[3] k=3  dim=576  frames=113  σ=0.5  fold=2 ===
  BDOSC: k_hat=3  ACC=0.7699  NMI=0.5370  ARI=0.3961  0.9s

=== P1E_S1_C2 train[4] k=3  dim=576  frames=122  σ=0.5  fold=2 ===
  BDOSC: k_hat=3  ACC=0.5738  NMI=0.5567  ARI=0.4242  1.0s

=== P1E_S1_C2 train[5] k=3  dim=576  frames=122  σ=0.5  fold=2 ===
  BDOSC: k_hat=3  ACC=0.4426  NMI=0.2117  ARI=0.0414  1.0s

=== P1E_S1_C2 train[6] k=3  dim=576  frames=134  σ=0.5  fold=2 ===
  BDOSC: k_hat=3  ACC=0.4776  NMI=0.2315  ARI=0.0315  1.3s

=== P1E_S1_C3 train[0] k=3  dim=576  frames=58  σ=0.5  fold=2 ===
  BDOSC: k_hat=3  ACC=0.8103  NMI=0.5574  ARI=0.4650  0.3s

=== P1E_S1_C3 train[1] k=3  dim=576  frames=56  σ=0.5  fold=2 ===
  BDOSC: k_hat=3  ACC=0.6429  NMI=0.5382  ARI=0.3398  0.3s

=== P1E_S1_C3 train[2] k=3  dim=576  frames=61  σ=0.5  fold=2 ===
  BDOSC: k_hat=3  ACC=0.6557  NMI=0.5727  ARI=0.3997  0.3s

=== P1E_S1_C3 train[3] k=3  dim=576  frames=37  σ=0.5  fold=2 ===
  BDOSC: k_hat=3  ACC=0.9189  NMI=0.7651  ARI=0.7553  0.2s

=== P1E_S1_C3 train[4] k=3  dim=576  frames=55  σ=0.5  fold=2 ===
  BDOSC: k_hat=3  ACC=0.7636  NMI=0.5285  ARI=0.3826  0.3s

=== P1E_S1_C3 train[5] k=3  dim=576  frames=51  σ=0.5  fold=2 ===
  BDOSC: k_hat=3  ACC=0.8235  NMI=0.6227  ARI=0.5538  0.3s

=== P1E_S1_C3 train[6] k=3  dim=576  frames=69  σ=0.5  fold=2 ===
  BDOSC: k_hat=3  ACC=0.8261  NMI=0.6319  ARI=0.5685  0.4s

=== P1E_S2_C1 train[0] k=3  dim=576  frames=167  σ=0.5  fold=2 ===
  BDOSC: k_hat=3  ACC=0.7006  NMI=0.5258  ARI=0.3973  1.9s

=== P1E_S2_C1 train[1] k=3  dim=576  frames=151  σ=0.5  fold=2 ===
  BDOSC: k_hat=3  ACC=0.6556  NMI=0.5560  ARI=0.4096  1.6s

=== P1E_S2_C1 train[2] k=3  dim=576  frames=180  σ=0.5  fold=2 ===
  BDOSC: k_hat=3  ACC=0.5778  NMI=0.3000  ARI=0.1075  2.2s

=== P1E_S2_C1 train[3] k=3  dim=576  frames=149  σ=0.5  fold=2 ===
  BDOSC: k_hat=3  ACC=0.5302  NMI=0.3239  ARI=0.0850  1.5s

=== P1E_S2_C1 train[4] k=3  dim=576  frames=124  σ=0.5  fold=2 ===
  BDOSC: k_hat=3  ACC=0.5968  NMI=0.3936  ARI=0.1722  1.1s

=== P1E_S2_C1 train[5] k=3  dim=576  frames=161  σ=0.5  fold=2 ===
  BDOSC: k_hat=3  ACC=0.8323  NMI=0.7145  ARI=0.6203  1.7s

=== P1E_S2_C1 train[6] k=3  dim=576  frames=153  σ=0.5  fold=2 ===
  BDOSC: k_hat=3  ACC=0.6863  NMI=0.5281  ARI=0.3772  1.6s

=== P1E_S2_C2 train[0] k=3  dim=576  frames=146  σ=0.5  fold=2 ===
  BDOSC: k_hat=3  ACC=0.5411  NMI=0.5688  ARI=0.4121  1.5s

=== P1E_S2_C2 train[1] k=3  dim=576  frames=115  σ=0.5  fold=2 ===
  BDOSC: k_hat=3  ACC=0.6348  NMI=0.4963  ARI=0.3471  0.9s

=== P1E_S2_C2 train[2] k=3  dim=576  frames=144  σ=0.5  fold=2 ===
  BDOSC: k_hat=3  ACC=0.5625  NMI=0.5664  ARI=0.3931  1.5s

=== P1E_S2_C2 train[3] k=3  dim=576  frames=124  σ=0.5  fold=2 ===
  BDOSC: k_hat=3  ACC=0.5887  NMI=0.5081  ARI=0.3502  1.1s

=== P1E_S2_C2 train[4] k=3  dim=576  frames=109  σ=0.5  fold=2 ===
  BDOSC: k_hat=3  ACC=0.7431  NMI=0.6223  ARI=0.5606  0.9s

=== P1E_S2_C2 train[5] k=3  dim=576  frames=128  σ=0.5  fold=2 ===
  BDOSC: k_hat=3  ACC=0.4844  NMI=0.2596  ARI=0.0863  1.3s

=== P1E_S2_C2 train[6] k=3  dim=576  frames=126  σ=0.5  fold=2 ===
  BDOSC: k_hat=3  ACC=0.6508  NMI=0.5327  ARI=0.4355  1.1s

=== P1E_S2_C3 train[0] k=3  dim=576  frames=113  σ=0.5  fold=2 ===
  BDOSC: k_hat=3  ACC=0.5752  NMI=0.5925  ARI=0.4362  0.9s

=== P1E_S2_C3 train[1] k=3  dim=576  frames=88  σ=0.5  fold=2 ===
  BDOSC: k_hat=3  ACC=0.7500  NMI=0.5118  ARI=0.3748  0.6s

=== P1E_S2_C3 train[2] k=3  dim=576  frames=112  σ=0.5  fold=2 ===
  BDOSC: k_hat=3  ACC=0.8125  NMI=0.6242  ARI=0.5402  0.9s

=== P1E_S2_C3 train[3] k=3  dim=576  frames=99  σ=0.5  fold=2 ===
  BDOSC: k_hat=3  ACC=0.8990  NMI=0.7512  ARI=0.7288  0.7s

=== P1E_S2_C3 train[4] k=3  dim=576  frames=87  σ=0.5  fold=2 ===
  BDOSC: k_hat=3  ACC=0.5862  NMI=0.3716  ARI=0.1283  0.6s

=== P1E_S2_C3 train[5] k=3  dim=576  frames=105  σ=0.5  fold=2 ===
  BDOSC: k_hat=3  ACC=0.5619  NMI=0.5358  ARI=0.3855  0.8s

=== P1E_S2_C3 train[6] k=3  dim=576  frames=89  σ=0.5  fold=2 ===
  BDOSC: k_hat=3  ACC=0.6180  NMI=0.3919  ARI=0.1595  0.6s

=== P1E_S3_C1 train[0] k=3  dim=576  frames=166  σ=0.5  fold=2 ===
  BDOSC: k_hat=3  ACC=0.7410  NMI=0.4721  ARI=0.3304  1.9s

=== P1E_S3_C1 train[1] k=3  dim=576  frames=139  σ=0.5  fold=2 ===
  BDOSC: k_hat=3  ACC=0.8201  NMI=0.6238  ARI=0.5551  1.4s

=== P1E_S3_C1 train[2] k=3  dim=576  frames=161  σ=0.5  fold=2 ===
  BDOSC: k_hat=3  ACC=0.9379  NMI=0.8294  ARI=0.8262  1.7s

=== P1E_S3_C1 train[3] k=3  dim=576  frames=168  σ=0.5  fold=2 ===
  BDOSC: k_hat=3  ACC=0.7143  NMI=0.5252  ARI=0.3718  1.9s

=== P1E_S3_C1 train[4] k=3  dim=576  frames=123  σ=0.5  fold=2 ===
  BDOSC: k_hat=3  ACC=0.7236  NMI=0.5785  ARI=0.4474  1.1s

=== P1E_S3_C1 train[5] k=3  dim=576  frames=204  σ=0.5  fold=2 ===
  BDOSC: k_hat=3  ACC=0.6324  NMI=0.6520  ARI=0.5216  2.9s

=== P1E_S3_C1 train[6] k=3  dim=576  frames=112  σ=0.5  fold=2 ===
  BDOSC: k_hat=3  ACC=0.5625  NMI=0.3218  ARI=0.0951  0.9s

=== P1E_S3_C2 train[0] k=3  dim=576  frames=147  σ=0.5  fold=2 ===
  BDOSC: k_hat=3  ACC=0.6122  NMI=0.4859  ARI=0.3188  1.5s

=== P1E_S3_C2 train[1] k=3  dim=576  frames=120  σ=0.5  fold=2 ===
  BDOSC: k_hat=3  ACC=0.7333  NMI=0.5179  ARI=0.4053  1.0s

=== P1E_S3_C2 train[2] k=3  dim=576  frames=168  σ=0.5  fold=2 ===
  BDOSC: k_hat=3  ACC=0.5833  NMI=0.4433  ARI=0.2898  1.8s

=== P1E_S3_C2 train[3] k=3  dim=576  frames=169  σ=0.5  fold=2 ===
  BDOSC: k_hat=3  ACC=0.6036  NMI=0.4889  ARI=0.3322  1.9s

=== P1E_S3_C2 train[4] k=3  dim=576  frames=107  σ=0.5  fold=2 ===
  BDOSC: k_hat=3  ACC=0.6729  NMI=0.4439  ARI=0.2410  0.8s

=== P1E_S3_C2 train[5] k=3  dim=576  frames=146  σ=0.5  fold=2 ===
  BDOSC: k_hat=3  ACC=0.7671  NMI=0.5699  ARI=0.5156  1.6s

=== P1E_S3_C2 train[6] k=3  dim=576  frames=114  σ=0.5  fold=2 ===
  BDOSC: k_hat=3  ACC=0.6316  NMI=0.4219  ARI=0.2990  1.0s

=== P1E_S3_C3 train[0] k=3  dim=576  frames=105  σ=0.5  fold=2 ===
  BDOSC: k_hat=3  ACC=0.6476  NMI=0.4954  ARI=0.3334  0.8s

=== P1E_S3_C3 train[1] k=3  dim=576  frames=89  σ=0.5  fold=2 ===
  BDOSC: k_hat=3  ACC=0.7528  NMI=0.4758  ARI=0.3552  0.6s

=== P1E_S3_C3 train[2] k=3  dim=576  frames=125  σ=0.5  fold=2 ===
  BDOSC: k_hat=3  ACC=0.7520  NMI=0.5102  ARI=0.3707  1.1s

=== P1E_S3_C3 train[3] k=3  dim=576  frames=128  σ=0.5  fold=2 ===
  BDOSC: k_hat=3  ACC=0.5312  NMI=0.4749  ARI=0.3038  1.3s

=== P1E_S3_C3 train[4] k=3  dim=576  frames=83  σ=0.5  fold=2 ===
  BDOSC: k_hat=3  ACC=0.7831  NMI=0.7208  ARI=0.5973  0.6s

=== P1E_S3_C3 train[5] k=3  dim=576  frames=129  σ=0.5  fold=2 ===
  BDOSC: k_hat=3  ACC=0.6822  NMI=0.5971  ARI=0.4835  1.2s

=== P1E_S3_C3 train[6] k=3  dim=576  frames=84  σ=0.5  fold=2 ===
  BDOSC: k_hat=3  ACC=0.6310  NMI=0.5953  ARI=0.4730  0.6s

=== P1E_S4_C1 train[0] k=3  dim=576  frames=158  σ=0.5  fold=2 ===
  BDOSC: k_hat=3  ACC=0.7025  NMI=0.6265  ARI=0.3919  1.7s

=== P1E_S4_C1 train[1] k=3  dim=576  frames=107  σ=0.5  fold=2 ===
  BDOSC: k_hat=3  ACC=0.6729  NMI=0.5295  ARI=0.4083  0.9s

=== P1E_S4_C1 train[2] k=3  dim=576  frames=182  σ=0.5  fold=2 ===
  BDOSC: k_hat=3  ACC=0.5549  NMI=0.2699  ARI=0.0893  2.2s

=== P1E_S4_C1 train[3] k=3  dim=576  frames=180  σ=0.5  fold=2 ===
  BDOSC: k_hat=3  ACC=0.8889  NMI=0.7426  ARI=0.7049  2.2s

=== P1E_S4_C1 train[4] k=3  dim=576  frames=133  σ=0.5  fold=2 ===
  BDOSC: k_hat=3  ACC=0.6541  NMI=0.6396  ARI=0.4916  1.3s

=== P1E_S4_C1 train[5] k=3  dim=576  frames=147  σ=0.5  fold=2 ===
  BDOSC: k_hat=3  ACC=0.7075  NMI=0.5262  ARI=0.3827  1.5s

=== P1E_S4_C1 train[6] k=3  dim=576  frames=145  σ=0.5  fold=2 ===
  BDOSC: k_hat=3  ACC=0.5103  NMI=0.2877  ARI=0.0555  1.5s

=== P1E_S4_C2 train[0] k=3  dim=576  frames=117  σ=0.5  fold=2 ===
  BDOSC: k_hat=3  ACC=0.6410  NMI=0.5703  ARI=0.4366  1.0s

=== P1E_S4_C2 train[1] k=3  dim=576  frames=125  σ=0.5  fold=2 ===
  BDOSC: k_hat=3  ACC=0.6400  NMI=0.4917  ARI=0.3461  1.1s

=== P1E_S4_C2 train[2] k=3  dim=576  frames=126  σ=0.5  fold=2 ===
  BDOSC: k_hat=3  ACC=0.6270  NMI=0.6359  ARI=0.4763  1.1s

=== P1E_S4_C2 train[3] k=3  dim=576  frames=140  σ=0.5  fold=2 ===
  BDOSC: k_hat=3  ACC=0.7357  NMI=0.5588  ARI=0.4090  1.4s

=== P1E_S4_C2 train[4] k=3  dim=576  frames=129  σ=0.5  fold=2 ===
  BDOSC: k_hat=3  ACC=0.6202  NMI=0.4779  ARI=0.3301  1.2s

=== P1E_S4_C2 train[5] k=3  dim=576  frames=146  σ=0.5  fold=2 ===
  BDOSC: k_hat=3  ACC=0.4452  NMI=0.2933  ARI=0.1067  1.5s

=== P1E_S4_C2 train[6] k=3  dim=576  frames=110  σ=0.5  fold=2 ===
  BDOSC: k_hat=3  ACC=0.6000  NMI=0.3890  ARI=0.1713  0.9s

=== P1E_S4_C3 train[0] k=3  dim=576  frames=90  σ=0.5  fold=2 ===
  BDOSC: k_hat=3  ACC=0.7000  NMI=0.4202  ARI=0.2585  0.6s

=== P1E_S4_C3 train[1] k=3  dim=576  frames=64  σ=0.5  fold=2 ===
  BDOSC: k_hat=3  ACC=0.6719  NMI=0.4355  ARI=0.2244  0.4s

=== P1E_S4_C3 train[2] k=3  dim=576  frames=105  σ=0.5  fold=2 ===
  BDOSC: k_hat=3  ACC=0.7143  NMI=0.6326  ARI=0.4606  0.8s

=== P1E_S4_C3 train[3] k=3  dim=576  frames=87  σ=0.5  fold=2 ===
  BDOSC: k_hat=3  ACC=0.7471  NMI=0.6085  ARI=0.4756  0.6s

=== P1E_S4_C3 train[4] k=3  dim=576  frames=76  σ=0.5  fold=2 ===
  BDOSC: k_hat=3  ACC=0.6711  NMI=0.5442  ARI=0.4362  0.5s

=== P1E_S4_C3 train[5] k=3  dim=576  frames=106  σ=0.5  fold=2 ===
  BDOSC: k_hat=3  ACC=0.7925  NMI=0.6314  ARI=0.5720  0.8s

=== P1E_S4_C3 train[6] k=3  dim=576  frames=79  σ=0.5  fold=2 ===
  BDOSC: k_hat=3  ACC=0.5316  NMI=0.4751  ARI=0.3015  0.5s

=== P1L_S1_C1 train[0] k=3  dim=576  frames=162  σ=0.5  fold=2 ===
  BDOSC: k_hat=3  ACC=0.6420  NMI=0.5022  ARI=0.3529  1.8s

=== P1L_S1_C1 train[1] k=3  dim=576  frames=170  σ=0.5  fold=2 ===
  BDOSC: k_hat=3  ACC=0.6706  NMI=0.5620  ARI=0.4176  2.0s

=== P1L_S1_C1 train[2] k=3  dim=576  frames=182  σ=0.5  fold=2 ===
  BDOSC: k_hat=3  ACC=0.9066  NMI=0.7570  ARI=0.7591  2.2s

=== P1L_S1_C1 train[3] k=3  dim=576  frames=198  σ=0.5  fold=2 ===
  BDOSC: k_hat=3  ACC=0.6212  NMI=0.3383  ARI=0.1527  2.6s

=== P1L_S1_C1 train[4] k=3  dim=576  frames=166  σ=0.5  fold=2 ===
  BDOSC: k_hat=3  ACC=0.7831  NMI=0.6044  ARI=0.5340  1.9s

=== P1L_S1_C1 train[5] k=3  dim=576  frames=116  σ=0.5  fold=2 ===
  BDOSC: k_hat=3  ACC=0.5690  NMI=0.3470  ARI=0.1278  1.0s

=== P1L_S1_C1 train[6] k=3  dim=576  frames=175  σ=0.5  fold=2 ===
  BDOSC: k_hat=3  ACC=0.5314  NMI=0.3123  ARI=0.1244  2.1s

=== P1L_S1_C2 train[0] k=3  dim=576  frames=186  σ=0.5  fold=2 ===
  BDOSC: k_hat=3  ACC=0.6667  NMI=0.4174  ARI=0.2437  2.4s

=== P1L_S1_C2 train[1] k=3  dim=576  frames=137  σ=0.5  fold=2 ===
  BDOSC: k_hat=3  ACC=0.5766  NMI=0.4801  ARI=0.3271  1.3s

=== P1L_S1_C2 train[2] k=3  dim=576  frames=181  σ=0.5  fold=2 ===
  BDOSC: k_hat=3  ACC=0.8619  NMI=0.6762  ARI=0.6407  2.2s

=== P1L_S1_C2 train[3] k=3  dim=576  frames=128  σ=0.5  fold=2 ===
  BDOSC: k_hat=3  ACC=0.7344  NMI=0.5924  ARI=0.4070  1.3s

=== P1L_S1_C2 train[4] k=3  dim=576  frames=154  σ=0.5  fold=2 ===
  BDOSC: k_hat=3  ACC=0.5714  NMI=0.3286  ARI=0.1136  1.6s

=== P1L_S1_C2 train[5] k=3  dim=576  frames=142  σ=0.5  fold=2 ===
  BDOSC: k_hat=3  ACC=0.6479  NMI=0.4106  ARI=0.2258  1.4s

=== P1L_S1_C2 train[6] k=3  dim=576  frames=168  σ=0.5  fold=2 ===
  BDOSC: k_hat=3  ACC=0.5179  NMI=0.2795  ARI=0.0612  1.9s

=== P1L_S1_C3 train[0] k=3  dim=576  frames=60  σ=0.5  fold=2 ===
  BDOSC: k_hat=3  ACC=0.8833  NMI=0.7419  ARI=0.7034  0.3s

=== P1L_S1_C3 train[1] k=3  dim=576  frames=68  σ=0.5  fold=2 ===
  BDOSC: k_hat=3  ACC=0.8529  NMI=0.7451  ARI=0.6308  0.4s

=== P1L_S1_C3 train[2] k=3  dim=576  frames=74  σ=0.5  fold=2 ===
  BDOSC: k_hat=3  ACC=0.8514  NMI=0.6947  ARI=0.6491  0.4s

=== P1L_S1_C3 train[3] k=3  dim=576  frames=73  σ=0.5  fold=2 ===
  BDOSC: k_hat=3  ACC=0.8356  NMI=0.7170  ARI=0.5782  0.4s

=== P1L_S1_C3 train[4] k=3  dim=576  frames=64  σ=0.5  fold=2 ===
  BDOSC: k_hat=3  ACC=0.9531  NMI=0.8744  ARI=0.8727  0.3s

=== P1L_S1_C3 train[5] k=3  dim=576  frames=63  σ=0.5  fold=2 ===
  BDOSC: k_hat=3  ACC=0.5714  NMI=0.3734  ARI=0.1228  0.3s

=== P1L_S1_C3 train[6] k=3  dim=576  frames=75  σ=0.5  fold=2 ===
  BDOSC: k_hat=3  ACC=0.7067  NMI=0.4546  ARI=0.2702  0.4s

=== P1L_S2_C1 train[0] k=3  dim=576  frames=211  σ=0.5  fold=2 ===
  BDOSC: k_hat=3  ACC=0.6825  NMI=0.5053  ARI=0.3736  3.0s

=== P1L_S2_C1 train[1] k=3  dim=576  frames=190  σ=0.5  fold=2 ===
  BDOSC: k_hat=3  ACC=0.6526  NMI=0.3761  ARI=0.2035  2.4s

=== P1L_S2_C1 train[2] k=3  dim=576  frames=177  σ=0.5  fold=2 ===
  BDOSC: k_hat=3  ACC=0.8362  NMI=0.6964  ARI=0.6485  2.0s

=== P1L_S2_C1 train[3] k=3  dim=576  frames=172  σ=0.5  fold=2 ===
  BDOSC: k_hat=3  ACC=0.6221  NMI=0.4179  ARI=0.1992  2.0s

=== P1L_S2_C1 train[4] k=3  dim=576  frames=179  σ=0.5  fold=2 ===
  BDOSC: k_hat=3  ACC=0.5475  NMI=0.3796  ARI=0.2092  2.1s

=== P1L_S2_C1 train[5] k=3  dim=576  frames=180  σ=0.5  fold=2 ===
  BDOSC: k_hat=3  ACC=0.3722  NMI=0.1254  ARI=-0.0407  2.2s

=== P1L_S2_C1 train[6] k=3  dim=576  frames=133  σ=0.5  fold=2 ===
  BDOSC: k_hat=3  ACC=0.4812  NMI=0.2878  ARI=0.0571  1.3s

=== P1L_S2_C2 train[0] k=3  dim=576  frames=194  σ=0.5  fold=2 ===
  BDOSC: k_hat=3  ACC=0.6031  NMI=0.4352  ARI=0.2848  2.5s

=== P1L_S2_C2 train[1] k=3  dim=576  frames=155  σ=0.5  fold=2 ===
  BDOSC: k_hat=3  ACC=0.5935  NMI=0.5355  ARI=0.3861  1.7s

=== P1L_S2_C2 train[2] k=3  dim=576  frames=186  σ=0.5  fold=2 ===
  BDOSC: k_hat=3  ACC=0.5591  NMI=0.3516  ARI=0.1379  2.4s

=== P1L_S2_C2 train[3] k=3  dim=576  frames=201  σ=0.5  fold=2 ===
  BDOSC: k_hat=3  ACC=0.7960  NMI=0.5937  ARI=0.5096  2.7s

=== P1L_S2_C2 train[4] k=3  dim=576  frames=171  σ=0.5  fold=2 ===
  BDOSC: k_hat=3  ACC=0.7602  NMI=0.5840  ARI=0.4906  2.1s

=== P1L_S2_C2 train[5] k=3  dim=576  frames=160  σ=0.5  fold=2 ===
  BDOSC: k_hat=3  ACC=0.8125  NMI=0.5977  ARI=0.5471  1.8s

=== P1L_S2_C2 train[6] k=3  dim=576  frames=154  σ=0.5  fold=2 ===
  BDOSC: k_hat=3  ACC=0.4805  NMI=0.1699  ARI=0.0354  1.6s

=== P1L_S2_C3 train[0] k=3  dim=576  frames=119  σ=0.5  fold=2 ===
  BDOSC: k_hat=3  ACC=0.5882  NMI=0.4640  ARI=0.2829  1.0s

=== P1L_S2_C3 train[1] k=3  dim=576  frames=101  σ=0.5  fold=2 ===
  BDOSC: k_hat=3  ACC=0.7129  NMI=0.5270  ARI=0.3714  0.8s

=== P1L_S2_C3 train[2] k=3  dim=576  frames=112  σ=0.5  fold=2 ===
  BDOSC: k_hat=3  ACC=0.7054  NMI=0.4692  ARI=0.2866  0.9s

=== P1L_S2_C3 train[3] k=3  dim=576  frames=126  σ=0.5  fold=2 ===
  BDOSC: k_hat=3  ACC=0.7381  NMI=0.4755  ARI=0.3286  1.1s

=== P1L_S2_C3 train[4] k=3  dim=576  frames=102  σ=0.5  fold=2 ===
  BDOSC: k_hat=3  ACC=0.6176  NMI=0.5327  ARI=0.3949  0.8s

=== P1L_S2_C3 train[5] k=3  dim=576  frames=121  σ=0.5  fold=2 ===
  BDOSC: k_hat=3  ACC=0.9835  NMI=0.9387  ARI=0.9494  1.1s

=== P1L_S2_C3 train[6] k=3  dim=576  frames=99  σ=0.5  fold=2 ===
  BDOSC: k_hat=3  ACC=0.6061  NMI=0.3698  ARI=0.1389  0.8s

=== P1L_S3_C1 train[0] k=3  dim=576  frames=156  σ=0.5  fold=2 ===
  BDOSC: k_hat=3  ACC=0.6410  NMI=0.5462  ARI=0.3667  1.7s

=== P1L_S3_C1 train[1] k=3  dim=576  frames=120  σ=0.5  fold=2 ===
  BDOSC: k_hat=3  ACC=0.8250  NMI=0.6812  ARI=0.5762  1.0s

=== P1L_S3_C1 train[2] k=3  dim=576  frames=156  σ=0.5  fold=2 ===
  BDOSC: k_hat=3  ACC=0.6410  NMI=0.5949  ARI=0.4809  1.7s

=== P1L_S3_C1 train[3] k=3  dim=576  frames=159  σ=0.5  fold=2 ===
  BDOSC: k_hat=3  ACC=0.6226  NMI=0.4978  ARI=0.3543  1.7s

=== P1L_S3_C1 train[4] k=3  dim=576  frames=172  σ=0.5  fold=2 ===
  BDOSC: k_hat=3  ACC=0.5872  NMI=0.5451  ARI=0.4189  2.0s

=== P1L_S3_C1 train[5] k=3  dim=576  frames=176  σ=0.5  fold=2 ===
  BDOSC: k_hat=3  ACC=0.7784  NMI=0.5957  ARI=0.5159  2.1s

=== P1L_S3_C1 train[6] k=3  dim=576  frames=134  σ=0.5  fold=2 ===
  BDOSC: k_hat=3  ACC=0.7388  NMI=0.5727  ARI=0.4678  1.3s

=== P1L_S3_C2 train[0] k=3  dim=576  frames=185  σ=0.5  fold=2 ===
  BDOSC: k_hat=3  ACC=0.5676  NMI=0.4613  ARI=0.3114  2.3s

=== P1L_S3_C2 train[1] k=3  dim=576  frames=125  σ=0.5  fold=2 ===
  BDOSC: k_hat=3  ACC=0.6640  NMI=0.4940  ARI=0.3217  1.1s

=== P1L_S3_C2 train[2] k=3  dim=576  frames=209  σ=0.5  fold=2 ===
  BDOSC: k_hat=3  ACC=0.6077  NMI=0.4645  ARI=0.3251  2.9s

=== P1L_S3_C2 train[3] k=3  dim=576  frames=168  σ=0.5  fold=2 ===
  BDOSC: k_hat=3  ACC=0.9048  NMI=0.7576  ARI=0.7736  1.9s

=== P1L_S3_C2 train[4] k=3  dim=576  frames=187  σ=0.5  fold=2 ===
  BDOSC: k_hat=3  ACC=0.6898  NMI=0.5268  ARI=0.4467  2.3s

=== P1L_S3_C2 train[5] k=3  dim=576  frames=229  σ=0.5  fold=2 ===
  BDOSC: k_hat=3  ACC=0.3581  NMI=0.1318  ARI=-0.0002  3.5s

=== P1L_S3_C2 train[6] k=3  dim=576  frames=136  σ=0.5  fold=2 ===
  BDOSC: k_hat=3  ACC=0.5221  NMI=0.5844  ARI=0.4071  1.3s

=== P1L_S3_C3 train[0] k=3  dim=576  frames=151  σ=0.5  fold=2 ===
  BDOSC: k_hat=3  ACC=0.6755  NMI=0.4983  ARI=0.3177  1.6s

=== P1L_S3_C3 train[1] k=3  dim=576  frames=118  σ=0.5  fold=2 ===
  BDOSC: k_hat=3  ACC=0.8051  NMI=0.6959  ARI=0.6054  1.0s

=== P1L_S3_C3 train[2] k=3  dim=576  frames=142  σ=0.5  fold=2 ===
  BDOSC: k_hat=3  ACC=0.7254  NMI=0.5492  ARI=0.4249  1.4s

=== P1L_S3_C3 train[3] k=3  dim=576  frames=134  σ=0.5  fold=2 ===
  BDOSC: k_hat=3  ACC=0.7761  NMI=0.6466  ARI=0.4964  1.3s

=== P1L_S3_C3 train[4] k=3  dim=576  frames=110  σ=0.5  fold=2 ===
  BDOSC: k_hat=3  ACC=0.5364  NMI=0.5668  ARI=0.4070  0.9s

=== P1L_S3_C3 train[5] k=3  dim=576  frames=161  σ=0.5  fold=2 ===
  BDOSC: k_hat=3  ACC=0.7826  NMI=0.6242  ARI=0.5087  1.8s

=== P1L_S3_C3 train[6] k=3  dim=576  frames=114  σ=0.5  fold=2 ===
  BDOSC: k_hat=3  ACC=0.5351  NMI=0.3295  ARI=0.0856  0.9s

=== P1L_S4_C1 train[0] k=3  dim=576  frames=200  σ=0.5  fold=2 ===
  BDOSC: k_hat=3  ACC=0.6150  NMI=0.4286  ARI=0.2413  2.7s

=== P1L_S4_C1 train[1] k=3  dim=576  frames=157  σ=0.5  fold=2 ===
  BDOSC: k_hat=3  ACC=0.8217  NMI=0.6448  ARI=0.6091  1.7s

=== P1L_S4_C1 train[2] k=3  dim=576  frames=168  σ=0.5  fold=2 ===
  BDOSC: k_hat=3  ACC=0.6667  NMI=0.6701  ARI=0.5023  1.9s

=== P1L_S4_C1 train[3] k=3  dim=576  frames=142  σ=0.5  fold=2 ===
  BDOSC: k_hat=3  ACC=0.7113  NMI=0.5717  ARI=0.4601  1.4s

=== P1L_S4_C1 train[4] k=3  dim=576  frames=164  σ=0.5  fold=2 ===
  BDOSC: k_hat=3  ACC=0.6585  NMI=0.5240  ARI=0.3837  1.8s

=== P1L_S4_C1 train[5] k=3  dim=576  frames=187  σ=0.5  fold=2 ===
  BDOSC: k_hat=3  ACC=0.6043  NMI=0.5610  ARI=0.4355  2.3s

=== P1L_S4_C1 train[6] k=3  dim=576  frames=202  σ=0.5  fold=2 ===
  BDOSC: k_hat=3  ACC=0.4802  NMI=0.4189  ARI=0.2414  2.8s

=== P1L_S4_C2 train[0] k=3  dim=576  frames=157  σ=0.5  fold=2 ===
  BDOSC: k_hat=3  ACC=0.5669  NMI=0.2685  ARI=0.0841  1.7s

=== P1L_S4_C2 train[1] k=3  dim=576  frames=149  σ=0.5  fold=2 ===
  BDOSC: k_hat=3  ACC=0.5973  NMI=0.6403  ARI=0.4712  1.6s

=== P1L_S4_C2 train[2] k=3  dim=576  frames=168  σ=0.5  fold=2 ===
  BDOSC: k_hat=3  ACC=0.7560  NMI=0.6324  ARI=0.5032  1.9s

=== P1L_S4_C2 train[3] k=3  dim=576  frames=154  σ=0.5  fold=2 ===
  BDOSC: k_hat=3  ACC=0.5909  NMI=0.6028  ARI=0.4557  1.7s

=== P1L_S4_C2 train[4] k=3  dim=576  frames=152  σ=0.5  fold=2 ===
  BDOSC: k_hat=3  ACC=0.4342  NMI=0.2587  ARI=0.0889  1.7s

=== P1L_S4_C2 train[5] k=3  dim=576  frames=169  σ=0.5  fold=2 ===
  BDOSC: k_hat=3  ACC=0.5858  NMI=0.4103  ARI=0.2217  2.0s

=== P1L_S4_C2 train[6] k=3  dim=576  frames=153  σ=0.5  fold=2 ===
  BDOSC: k_hat=3  ACC=0.5033  NMI=0.2009  ARI=0.0375  1.6s

=== P1L_S4_C3 train[0] k=3  dim=576  frames=96  σ=0.5  fold=2 ===
  BDOSC: k_hat=3  ACC=0.5833  NMI=0.4731  ARI=0.3043  0.7s

=== P1L_S4_C3 train[1] k=3  dim=576  frames=107  σ=0.5  fold=2 ===
  BDOSC: k_hat=3  ACC=0.7009  NMI=0.5176  ARI=0.3661  0.9s

=== P1L_S4_C3 train[2] k=3  dim=576  frames=117  σ=0.5  fold=2 ===
  BDOSC: k_hat=3  ACC=0.5128  NMI=0.4805  ARI=0.3122  1.0s

=== P1L_S4_C3 train[3] k=3  dim=576  frames=112  σ=0.5  fold=2 ===
  BDOSC: k_hat=3  ACC=0.7589  NMI=0.6465  ARI=0.5162  0.9s

=== P1L_S4_C3 train[4] k=3  dim=576  frames=103  σ=0.5  fold=2 ===
  BDOSC: k_hat=3  ACC=0.8932  NMI=0.7850  ARI=0.7176  0.8s

=== P1L_S4_C3 train[5] k=3  dim=576  frames=105  σ=0.5  fold=2 ===
  BDOSC: k_hat=3  ACC=0.8476  NMI=0.6727  ARI=0.6309  0.8s

=== P1L_S4_C3 train[6] k=3  dim=576  frames=107  σ=0.5  fold=2 ===
  BDOSC: k_hat=3  ACC=0.6729  NMI=0.5490  ARI=0.4481  0.8s

=== P1E_S1_C1 test[0] k=3  dim=576  frames=130  σ=0.5  fold=2 ===
  BDOSC: k_hat=3  ACC=0.5846  NMI=0.6483  ARI=0.4486  1.2s

=== P1E_S1_C2 test[0] k=3  dim=576  frames=104  σ=0.5  fold=2 ===
  BDOSC: k_hat=3  ACC=0.5385  NMI=0.5986  ARI=0.4155  0.8s

=== P1E_S1_C3 test[0] k=3  dim=576  frames=47  σ=0.5  fold=2 ===
  BDOSC: k_hat=3  ACC=0.7660  NMI=0.6380  ARI=0.4948  0.2s

=== P1E_S2_C1 test[0] k=3  dim=576  frames=136  σ=0.5  fold=2 ===
  BDOSC: k_hat=3  ACC=0.5882  NMI=0.3268  ARI=0.1153  1.3s

=== P1E_S2_C2 test[0] k=3  dim=576  frames=109  σ=0.5  fold=2 ===
  BDOSC: k_hat=3  ACC=0.8257  NMI=0.6659  ARI=0.5858  0.9s

=== P1E_S2_C3 test[0] k=3  dim=576  frames=90  σ=0.5  fold=2 ===
  BDOSC: k_hat=3  ACC=0.5222  NMI=0.5888  ARI=0.4176  0.6s

=== P1E_S3_C1 test[0] k=3  dim=576  frames=134  σ=0.5  fold=2 ===
  BDOSC: k_hat=3  ACC=0.8358  NMI=0.6940  ARI=0.6029  1.3s

=== P1E_S3_C2 test[0] k=3  dim=576  frames=112  σ=0.5  fold=2 ===
  BDOSC: k_hat=3  ACC=0.6875  NMI=0.5716  ARI=0.4061  0.9s

=== P1E_S3_C3 test[0] k=3  dim=576  frames=84  σ=0.5  fold=2 ===
  BDOSC: k_hat=3  ACC=0.7381  NMI=0.4753  ARI=0.3280  0.6s

=== P1E_S4_C1 test[0] k=3  dim=576  frames=155  σ=0.5  fold=2 ===
  BDOSC: k_hat=3  ACC=0.6710  NMI=0.5084  ARI=0.3884  1.7s

=== P1E_S4_C2 test[0] k=3  dim=576  frames=122  σ=0.5  fold=2 ===
  BDOSC: k_hat=3  ACC=0.5246  NMI=0.4714  ARI=0.3031  1.0s

=== P1E_S4_C3 test[0] k=3  dim=576  frames=85  σ=0.5  fold=2 ===
  BDOSC: k_hat=3  ACC=0.6941  NMI=0.5493  ARI=0.4530  0.6s

=== P1L_S1_C1 test[0] k=3  dim=576  frames=155  σ=0.5  fold=2 ===
  BDOSC: k_hat=3  ACC=0.7677  NMI=0.6360  ARI=0.5419  1.6s

=== P1L_S1_C2 test[0] k=3  dim=576  frames=147  σ=0.5  fold=2 ===
  BDOSC: k_hat=3  ACC=0.7279  NMI=0.6589  ARI=0.5423  1.5s

=== P1L_S1_C3 test[0] k=3  dim=576  frames=65  σ=0.5  fold=2 ===
  BDOSC: k_hat=3  ACC=0.8154  NMI=0.6135  ARI=0.5398  0.3s

=== P1L_S2_C1 test[0] k=3  dim=576  frames=180  σ=0.5  fold=2 ===
  BDOSC: k_hat=3  ACC=0.5333  NMI=0.2978  ARI=0.1151  2.2s

=== P1L_S2_C2 test[0] k=3  dim=576  frames=134  σ=0.5  fold=2 ===
  BDOSC: k_hat=3  ACC=0.8507  NMI=0.6903  ARI=0.6927  1.2s

=== P1L_S2_C3 test[0] k=3  dim=576  frames=85  σ=0.5  fold=2 ===
  BDOSC: k_hat=3  ACC=0.6235  NMI=0.3803  ARI=0.1762  0.6s

=== P1L_S3_C1 test[0] k=3  dim=576  frames=185  σ=0.5  fold=2 ===
  BDOSC: k_hat=3  ACC=0.7081  NMI=0.6203  ARI=0.4932  2.3s

=== P1L_S3_C2 test[0] k=3  dim=576  frames=166  σ=0.5  fold=2 ===
  BDOSC: k_hat=3  ACC=0.5422  NMI=0.5460  ARI=0.3706  2.0s

=== P1L_S3_C3 test[0] k=3  dim=576  frames=121  σ=0.5  fold=2 ===
  BDOSC: k_hat=3  ACC=0.8264  NMI=0.6660  ARI=0.5969  1.0s

=== P1L_S4_C1 test[0] k=3  dim=576  frames=154  σ=0.5  fold=2 ===
  BDOSC: k_hat=3  ACC=0.7532  NMI=0.5379  ARI=0.4158  1.6s

=== P1L_S4_C2 test[0] k=3  dim=576  frames=175  σ=0.5  fold=2 ===
  BDOSC: k_hat=3  ACC=0.6514  NMI=0.5727  ARI=0.4259  2.1s

=== P1L_S4_C3 test[0] k=3  dim=576  frames=94  σ=0.5  fold=2 ===
  BDOSC: k_hat=3  ACC=0.6809  NMI=0.4906  ARI=0.3516  0.7s
  tune_pool_groups=20: sampling from 22 held-in people (overlap allowed) instead of the 7 fixed partition group(s)

============================================================
σ=0.5 fold=3  test=['0005', '0024', '0025']  train mats=168  test mats=24  tune mats=480
  BDOSC: skip tuning, fixed lambda_1=0.2, lambda_2=1, gamma_1=0.01, p=1.1, max_iter=50
  wrote /nfs/turbo/umms-minjilab/lpullela/icassp_ssc_tv2/block_ssc_benchmark/cv/params/surveillance/split_k3_sigmas_min30_trials20_params_knownk_cv_bdosc_k3_sigma0p5_sigma0.5_fold3.json

=== P1E_S1_C1 train[0] k=3  dim=576  frames=146  σ=0.5  fold=3 ===
  BDOSC: k_hat=3  ACC=0.6301  NMI=0.4643  ARI=0.3046  1.5s

=== P1E_S1_C1 train[1] k=3  dim=576  frames=153  σ=0.5  fold=3 ===
  BDOSC: k_hat=3  ACC=0.5425  NMI=0.5387  ARI=0.3956  1.6s

=== P1E_S1_C1 train[2] k=3  dim=576  frames=130  σ=0.5  fold=3 ===
  BDOSC: k_hat=3  ACC=0.5846  NMI=0.6483  ARI=0.4486  1.2s

=== P1E_S1_C1 train[3] k=3  dim=576  frames=157  σ=0.5  fold=3 ===
  BDOSC: k_hat=3  ACC=0.6178  NMI=0.3752  ARI=0.1813  1.7s

=== P1E_S1_C1 train[4] k=3  dim=576  frames=151  σ=0.5  fold=3 ===
  BDOSC: k_hat=3  ACC=0.7815  NMI=0.5692  ARI=0.4603  1.6s

=== P1E_S1_C1 train[5] k=3  dim=576  frames=140  σ=0.5  fold=3 ===
  BDOSC: k_hat=3  ACC=0.6714  NMI=0.4994  ARI=0.3542  1.3s

=== P1E_S1_C1 train[6] k=3  dim=576  frames=171  σ=0.5  fold=3 ===
  BDOSC: k_hat=3  ACC=0.5906  NMI=0.3706  ARI=0.1612  2.0s

=== P1E_S1_C2 train[0] k=3  dim=576  frames=147  σ=0.5  fold=3 ===
  BDOSC: k_hat=3  ACC=0.9184  NMI=0.7868  ARI=0.7584  1.5s

=== P1E_S1_C2 train[1] k=3  dim=576  frames=115  σ=0.5  fold=3 ===
  BDOSC: k_hat=3  ACC=0.7913  NMI=0.6767  ARI=0.5918  0.9s

=== P1E_S1_C2 train[2] k=3  dim=576  frames=104  σ=0.5  fold=3 ===
  BDOSC: k_hat=3  ACC=0.5385  NMI=0.5986  ARI=0.4155  0.8s

=== P1E_S1_C2 train[3] k=3  dim=576  frames=113  σ=0.5  fold=3 ===
  BDOSC: k_hat=3  ACC=0.7699  NMI=0.5370  ARI=0.3961  0.9s

=== P1E_S1_C2 train[4] k=3  dim=576  frames=122  σ=0.5  fold=3 ===
  BDOSC: k_hat=3  ACC=0.5738  NMI=0.5567  ARI=0.4242  1.0s

=== P1E_S1_C2 train[5] k=3  dim=576  frames=122  σ=0.5  fold=3 ===
  BDOSC: k_hat=3  ACC=0.4426  NMI=0.2117  ARI=0.0414  1.0s

=== P1E_S1_C2 train[6] k=3  dim=576  frames=134  σ=0.5  fold=3 ===
  BDOSC: k_hat=3  ACC=0.4776  NMI=0.2315  ARI=0.0315  1.3s

=== P1E_S1_C3 train[0] k=3  dim=576  frames=58  σ=0.5  fold=3 ===
  BDOSC: k_hat=3  ACC=0.8103  NMI=0.5574  ARI=0.4650  0.3s

=== P1E_S1_C3 train[1] k=3  dim=576  frames=56  σ=0.5  fold=3 ===
  BDOSC: k_hat=3  ACC=0.6429  NMI=0.5382  ARI=0.3398  0.3s

=== P1E_S1_C3 train[2] k=3  dim=576  frames=47  σ=0.5  fold=3 ===
  BDOSC: k_hat=3  ACC=0.7660  NMI=0.6380  ARI=0.4948  0.2s

=== P1E_S1_C3 train[3] k=3  dim=576  frames=37  σ=0.5  fold=3 ===
  BDOSC: k_hat=3  ACC=0.9189  NMI=0.7651  ARI=0.7553  0.2s

=== P1E_S1_C3 train[4] k=3  dim=576  frames=55  σ=0.5  fold=3 ===
  BDOSC: k_hat=3  ACC=0.7636  NMI=0.5285  ARI=0.3826  0.3s

=== P1E_S1_C3 train[5] k=3  dim=576  frames=51  σ=0.5  fold=3 ===
  BDOSC: k_hat=3  ACC=0.8235  NMI=0.6227  ARI=0.5538  0.3s

=== P1E_S1_C3 train[6] k=3  dim=576  frames=69  σ=0.5  fold=3 ===
  BDOSC: k_hat=3  ACC=0.8261  NMI=0.6319  ARI=0.5685  0.4s

=== P1E_S2_C1 train[0] k=3  dim=576  frames=167  σ=0.5  fold=3 ===
  BDOSC: k_hat=3  ACC=0.7006  NMI=0.5258  ARI=0.3973  1.9s

=== P1E_S2_C1 train[1] k=3  dim=576  frames=151  σ=0.5  fold=3 ===
  BDOSC: k_hat=3  ACC=0.6556  NMI=0.5560  ARI=0.4096  1.6s

=== P1E_S2_C1 train[2] k=3  dim=576  frames=136  σ=0.5  fold=3 ===
  BDOSC: k_hat=3  ACC=0.5882  NMI=0.3268  ARI=0.1153  1.3s

=== P1E_S2_C1 train[3] k=3  dim=576  frames=149  σ=0.5  fold=3 ===
  BDOSC: k_hat=3  ACC=0.5302  NMI=0.3239  ARI=0.0850  1.5s

=== P1E_S2_C1 train[4] k=3  dim=576  frames=124  σ=0.5  fold=3 ===
  BDOSC: k_hat=3  ACC=0.5968  NMI=0.3936  ARI=0.1722  1.0s

=== P1E_S2_C1 train[5] k=3  dim=576  frames=161  σ=0.5  fold=3 ===
  BDOSC: k_hat=3  ACC=0.8323  NMI=0.7145  ARI=0.6203  1.7s

=== P1E_S2_C1 train[6] k=3  dim=576  frames=153  σ=0.5  fold=3 ===
  BDOSC: k_hat=3  ACC=0.6863  NMI=0.5281  ARI=0.3772  1.6s

=== P1E_S2_C2 train[0] k=3  dim=576  frames=146  σ=0.5  fold=3 ===
  BDOSC: k_hat=3  ACC=0.5411  NMI=0.5688  ARI=0.4121  1.5s

=== P1E_S2_C2 train[1] k=3  dim=576  frames=115  σ=0.5  fold=3 ===
  BDOSC: k_hat=3  ACC=0.6348  NMI=0.4963  ARI=0.3471  0.9s

=== P1E_S2_C2 train[2] k=3  dim=576  frames=109  σ=0.5  fold=3 ===
  BDOSC: k_hat=3  ACC=0.8257  NMI=0.6659  ARI=0.5858  0.9s

=== P1E_S2_C2 train[3] k=3  dim=576  frames=124  σ=0.5  fold=3 ===
  BDOSC: k_hat=3  ACC=0.5887  NMI=0.5081  ARI=0.3502  1.1s

=== P1E_S2_C2 train[4] k=3  dim=576  frames=109  σ=0.5  fold=3 ===
  BDOSC: k_hat=3  ACC=0.7431  NMI=0.6223  ARI=0.5606  0.9s

=== P1E_S2_C2 train[5] k=3  dim=576  frames=128  σ=0.5  fold=3 ===
  BDOSC: k_hat=3  ACC=0.4844  NMI=0.2596  ARI=0.0863  1.3s

=== P1E_S2_C2 train[6] k=3  dim=576  frames=126  σ=0.5  fold=3 ===
  BDOSC: k_hat=3  ACC=0.6508  NMI=0.5327  ARI=0.4355  1.1s

=== P1E_S2_C3 train[0] k=3  dim=576  frames=113  σ=0.5  fold=3 ===
  BDOSC: k_hat=3  ACC=0.5752  NMI=0.5925  ARI=0.4362  0.9s

=== P1E_S2_C3 train[1] k=3  dim=576  frames=88  σ=0.5  fold=3 ===
  BDOSC: k_hat=3  ACC=0.7500  NMI=0.5118  ARI=0.3748  0.6s

=== P1E_S2_C3 train[2] k=3  dim=576  frames=90  σ=0.5  fold=3 ===
  BDOSC: k_hat=3  ACC=0.5222  NMI=0.5888  ARI=0.4176  0.6s

=== P1E_S2_C3 train[3] k=3  dim=576  frames=99  σ=0.5  fold=3 ===
  BDOSC: k_hat=3  ACC=0.8990  NMI=0.7512  ARI=0.7288  0.7s

=== P1E_S2_C3 train[4] k=3  dim=576  frames=87  σ=0.5  fold=3 ===
  BDOSC: k_hat=3  ACC=0.5862  NMI=0.3716  ARI=0.1283  0.6s

=== P1E_S2_C3 train[5] k=3  dim=576  frames=105  σ=0.5  fold=3 ===
  BDOSC: k_hat=3  ACC=0.5619  NMI=0.5358  ARI=0.3855  0.8s

=== P1E_S2_C3 train[6] k=3  dim=576  frames=89  σ=0.5  fold=3 ===
  BDOSC: k_hat=3  ACC=0.6180  NMI=0.3919  ARI=0.1595  0.6s

=== P1E_S3_C1 train[0] k=3  dim=576  frames=166  σ=0.5  fold=3 ===
  BDOSC: k_hat=3  ACC=0.7410  NMI=0.4721  ARI=0.3304  1.9s

=== P1E_S3_C1 train[1] k=3  dim=576  frames=139  σ=0.5  fold=3 ===
  BDOSC: k_hat=3  ACC=0.8201  NMI=0.6238  ARI=0.5551  1.4s

=== P1E_S3_C1 train[2] k=3  dim=576  frames=134  σ=0.5  fold=3 ===
  BDOSC: k_hat=3  ACC=0.8358  NMI=0.6940  ARI=0.6029  1.3s

=== P1E_S3_C1 train[3] k=3  dim=576  frames=168  σ=0.5  fold=3 ===
  BDOSC: k_hat=3  ACC=0.7143  NMI=0.5252  ARI=0.3718  1.9s

=== P1E_S3_C1 train[4] k=3  dim=576  frames=123  σ=0.5  fold=3 ===
  BDOSC: k_hat=3  ACC=0.7236  NMI=0.5785  ARI=0.4474  1.1s

=== P1E_S3_C1 train[5] k=3  dim=576  frames=204  σ=0.5  fold=3 ===
  BDOSC: k_hat=3  ACC=0.6324  NMI=0.6520  ARI=0.5216  2.9s

=== P1E_S3_C1 train[6] k=3  dim=576  frames=112  σ=0.5  fold=3 ===
  BDOSC: k_hat=3  ACC=0.5625  NMI=0.3218  ARI=0.0951  0.9s

=== P1E_S3_C2 train[0] k=3  dim=576  frames=147  σ=0.5  fold=3 ===
  BDOSC: k_hat=3  ACC=0.6122  NMI=0.4859  ARI=0.3188  1.5s

=== P1E_S3_C2 train[1] k=3  dim=576  frames=120  σ=0.5  fold=3 ===
  BDOSC: k_hat=3  ACC=0.7333  NMI=0.5179  ARI=0.4053  1.0s

=== P1E_S3_C2 train[2] k=3  dim=576  frames=112  σ=0.5  fold=3 ===
  BDOSC: k_hat=3  ACC=0.6875  NMI=0.5716  ARI=0.4061  0.9s

=== P1E_S3_C2 train[3] k=3  dim=576  frames=169  σ=0.5  fold=3 ===
  BDOSC: k_hat=3  ACC=0.6036  NMI=0.4889  ARI=0.3322  1.9s

=== P1E_S3_C2 train[4] k=3  dim=576  frames=107  σ=0.5  fold=3 ===
  BDOSC: k_hat=3  ACC=0.6729  NMI=0.4439  ARI=0.2410  0.8s

=== P1E_S3_C2 train[5] k=3  dim=576  frames=146  σ=0.5  fold=3 ===
  BDOSC: k_hat=3  ACC=0.7671  NMI=0.5699  ARI=0.5156  1.5s

=== P1E_S3_C2 train[6] k=3  dim=576  frames=114  σ=0.5  fold=3 ===
  BDOSC: k_hat=3  ACC=0.6316  NMI=0.4219  ARI=0.2990  0.9s

=== P1E_S3_C3 train[0] k=3  dim=576  frames=105  σ=0.5  fold=3 ===
  BDOSC: k_hat=3  ACC=0.6476  NMI=0.4954  ARI=0.3334  0.8s

=== P1E_S3_C3 train[1] k=3  dim=576  frames=89  σ=0.5  fold=3 ===
  BDOSC: k_hat=3  ACC=0.7528  NMI=0.4758  ARI=0.3552  0.6s

=== P1E_S3_C3 train[2] k=3  dim=576  frames=84  σ=0.5  fold=3 ===
  BDOSC: k_hat=3  ACC=0.7381  NMI=0.4753  ARI=0.3280  0.6s

=== P1E_S3_C3 train[3] k=3  dim=576  frames=128  σ=0.5  fold=3 ===
  BDOSC: k_hat=3  ACC=0.5312  NMI=0.4749  ARI=0.3038  1.2s

=== P1E_S3_C3 train[4] k=3  dim=576  frames=83  σ=0.5  fold=3 ===
  BDOSC: k_hat=3  ACC=0.7831  NMI=0.7208  ARI=0.5973  0.6s

=== P1E_S3_C3 train[5] k=3  dim=576  frames=129  σ=0.5  fold=3 ===
  BDOSC: k_hat=3  ACC=0.6822  NMI=0.5971  ARI=0.4835  1.2s

=== P1E_S3_C3 train[6] k=3  dim=576  frames=84  σ=0.5  fold=3 ===
  BDOSC: k_hat=3  ACC=0.6310  NMI=0.5953  ARI=0.4730  0.6s

=== P1E_S4_C1 train[0] k=3  dim=576  frames=158  σ=0.5  fold=3 ===
  BDOSC: k_hat=3  ACC=0.7025  NMI=0.6265  ARI=0.3919  1.7s

=== P1E_S4_C1 train[1] k=3  dim=576  frames=107  σ=0.5  fold=3 ===
  BDOSC: k_hat=3  ACC=0.6729  NMI=0.5295  ARI=0.4083  0.9s

=== P1E_S4_C1 train[2] k=3  dim=576  frames=155  σ=0.5  fold=3 ===
  BDOSC: k_hat=3  ACC=0.6710  NMI=0.5084  ARI=0.3884  1.7s

=== P1E_S4_C1 train[3] k=3  dim=576  frames=180  σ=0.5  fold=3 ===
  BDOSC: k_hat=3  ACC=0.8889  NMI=0.7426  ARI=0.7049  2.2s

=== P1E_S4_C1 train[4] k=3  dim=576  frames=133  σ=0.5  fold=3 ===
  BDOSC: k_hat=3  ACC=0.6541  NMI=0.6396  ARI=0.4916  1.2s

=== P1E_S4_C1 train[5] k=3  dim=576  frames=147  σ=0.5  fold=3 ===
  BDOSC: k_hat=3  ACC=0.7075  NMI=0.5262  ARI=0.3827  1.5s

=== P1E_S4_C1 train[6] k=3  dim=576  frames=145  σ=0.5  fold=3 ===
  BDOSC: k_hat=3  ACC=0.5103  NMI=0.2877  ARI=0.0555  1.4s

=== P1E_S4_C2 train[0] k=3  dim=576  frames=117  σ=0.5  fold=3 ===
  BDOSC: k_hat=3  ACC=0.6410  NMI=0.5703  ARI=0.4366  1.0s

=== P1E_S4_C2 train[1] k=3  dim=576  frames=125  σ=0.5  fold=3 ===
  BDOSC: k_hat=3  ACC=0.6400  NMI=0.4917  ARI=0.3461  1.1s

=== P1E_S4_C2 train[2] k=3  dim=576  frames=122  σ=0.5  fold=3 ===
  BDOSC: k_hat=3  ACC=0.5246  NMI=0.4714  ARI=0.3031  1.0s

=== P1E_S4_C2 train[3] k=3  dim=576  frames=140  σ=0.5  fold=3 ===
  BDOSC: k_hat=3  ACC=0.7357  NMI=0.5588  ARI=0.4090  1.4s

=== P1E_S4_C2 train[4] k=3  dim=576  frames=129  σ=0.5  fold=3 ===
  BDOSC: k_hat=3  ACC=0.6202  NMI=0.4779  ARI=0.3301  1.2s

=== P1E_S4_C2 train[5] k=3  dim=576  frames=146  σ=0.5  fold=3 ===
  BDOSC: k_hat=3  ACC=0.4452  NMI=0.2933  ARI=0.1067  1.5s

=== P1E_S4_C2 train[6] k=3  dim=576  frames=110  σ=0.5  fold=3 ===
  BDOSC: k_hat=3  ACC=0.6000  NMI=0.3890  ARI=0.1713  0.9s

=== P1E_S4_C3 train[0] k=3  dim=576  frames=90  σ=0.5  fold=3 ===
  BDOSC: k_hat=3  ACC=0.7000  NMI=0.4202  ARI=0.2585  0.6s

=== P1E_S4_C3 train[1] k=3  dim=576  frames=64  σ=0.5  fold=3 ===
  BDOSC: k_hat=3  ACC=0.6719  NMI=0.4355  ARI=0.2244  0.4s

=== P1E_S4_C3 train[2] k=3  dim=576  frames=85  σ=0.5  fold=3 ===
  BDOSC: k_hat=3  ACC=0.6941  NMI=0.5493  ARI=0.4530  0.6s

=== P1E_S4_C3 train[3] k=3  dim=576  frames=87  σ=0.5  fold=3 ===
  BDOSC: k_hat=3  ACC=0.7471  NMI=0.6085  ARI=0.4756  0.6s

=== P1E_S4_C3 train[4] k=3  dim=576  frames=76  σ=0.5  fold=3 ===
  BDOSC: k_hat=3  ACC=0.6711  NMI=0.5442  ARI=0.4362  0.5s

=== P1E_S4_C3 train[5] k=3  dim=576  frames=106  σ=0.5  fold=3 ===
  BDOSC: k_hat=3  ACC=0.7925  NMI=0.6314  ARI=0.5720  0.8s

=== P1E_S4_C3 train[6] k=3  dim=576  frames=79  σ=0.5  fold=3 ===
  BDOSC: k_hat=3  ACC=0.5316  NMI=0.4751  ARI=0.3015  0.5s

=== P1L_S1_C1 train[0] k=3  dim=576  frames=162  σ=0.5  fold=3 ===
  BDOSC: k_hat=3  ACC=0.6420  NMI=0.5022  ARI=0.3529  1.8s

=== P1L_S1_C1 train[1] k=3  dim=576  frames=170  σ=0.5  fold=3 ===
  BDOSC: k_hat=3  ACC=0.6706  NMI=0.5620  ARI=0.4176  2.0s

=== P1L_S1_C1 train[2] k=3  dim=576  frames=155  σ=0.5  fold=3 ===
  BDOSC: k_hat=3  ACC=0.7677  NMI=0.6360  ARI=0.5419  1.6s

=== P1L_S1_C1 train[3] k=3  dim=576  frames=198  σ=0.5  fold=3 ===
  BDOSC: k_hat=3  ACC=0.6212  NMI=0.3383  ARI=0.1527  2.6s

=== P1L_S1_C1 train[4] k=3  dim=576  frames=166  σ=0.5  fold=3 ===
  BDOSC: k_hat=3  ACC=0.7831  NMI=0.6044  ARI=0.5340  1.9s

=== P1L_S1_C1 train[5] k=3  dim=576  frames=116  σ=0.5  fold=3 ===
  BDOSC: k_hat=3  ACC=0.5690  NMI=0.3470  ARI=0.1278  1.0s

=== P1L_S1_C1 train[6] k=3  dim=576  frames=175  σ=0.5  fold=3 ===
  BDOSC: k_hat=3  ACC=0.5314  NMI=0.3123  ARI=0.1244  2.1s

=== P1L_S1_C2 train[0] k=3  dim=576  frames=186  σ=0.5  fold=3 ===
  BDOSC: k_hat=3  ACC=0.6667  NMI=0.4174  ARI=0.2437  2.3s

=== P1L_S1_C2 train[1] k=3  dim=576  frames=137  σ=0.5  fold=3 ===
  BDOSC: k_hat=3  ACC=0.5766  NMI=0.4801  ARI=0.3271  1.3s

=== P1L_S1_C2 train[2] k=3  dim=576  frames=147  σ=0.5  fold=3 ===
  BDOSC: k_hat=3  ACC=0.7279  NMI=0.6589  ARI=0.5423  1.5s

=== P1L_S1_C2 train[3] k=3  dim=576  frames=128  σ=0.5  fold=3 ===
  BDOSC: k_hat=3  ACC=0.7344  NMI=0.5924  ARI=0.4070  1.3s

=== P1L_S1_C2 train[4] k=3  dim=576  frames=154  σ=0.5  fold=3 ===
  BDOSC: k_hat=3  ACC=0.5714  NMI=0.3286  ARI=0.1136  1.6s

=== P1L_S1_C2 train[5] k=3  dim=576  frames=142  σ=0.5  fold=3 ===
  BDOSC: k_hat=3  ACC=0.6479  NMI=0.4106  ARI=0.2258  1.4s

=== P1L_S1_C2 train[6] k=3  dim=576  frames=168  σ=0.5  fold=3 ===
  BDOSC: k_hat=3  ACC=0.5179  NMI=0.2795  ARI=0.0612  1.9s

=== P1L_S1_C3 train[0] k=3  dim=576  frames=60  σ=0.5  fold=3 ===
  BDOSC: k_hat=3  ACC=0.8833  NMI=0.7419  ARI=0.7034  0.3s

=== P1L_S1_C3 train[1] k=3  dim=576  frames=68  σ=0.5  fold=3 ===
  BDOSC: k_hat=3  ACC=0.8529  NMI=0.7451  ARI=0.6308  0.4s

=== P1L_S1_C3 train[2] k=3  dim=576  frames=65  σ=0.5  fold=3 ===
  BDOSC: k_hat=3  ACC=0.8154  NMI=0.6135  ARI=0.5398  0.3s

=== P1L_S1_C3 train[3] k=3  dim=576  frames=73  σ=0.5  fold=3 ===
  BDOSC: k_hat=3  ACC=0.8356  NMI=0.7170  ARI=0.5782  0.4s

=== P1L_S1_C3 train[4] k=3  dim=576  frames=64  σ=0.5  fold=3 ===
  BDOSC: k_hat=3  ACC=0.9531  NMI=0.8744  ARI=0.8727  0.3s

=== P1L_S1_C3 train[5] k=3  dim=576  frames=63  σ=0.5  fold=3 ===
  BDOSC: k_hat=3  ACC=0.5714  NMI=0.3734  ARI=0.1228  0.3s

=== P1L_S1_C3 train[6] k=3  dim=576  frames=75  σ=0.5  fold=3 ===
  BDOSC: k_hat=3  ACC=0.7067  NMI=0.4546  ARI=0.2702  0.4s

=== P1L_S2_C1 train[0] k=3  dim=576  frames=211  σ=0.5  fold=3 ===
  BDOSC: k_hat=3  ACC=0.6825  NMI=0.5053  ARI=0.3736  3.0s

=== P1L_S2_C1 train[1] k=3  dim=576  frames=190  σ=0.5  fold=3 ===
  BDOSC: k_hat=3  ACC=0.6526  NMI=0.3761  ARI=0.2035  2.4s

=== P1L_S2_C1 train[2] k=3  dim=576  frames=180  σ=0.5  fold=3 ===
  BDOSC: k_hat=3  ACC=0.5333  NMI=0.2978  ARI=0.1151  2.2s

=== P1L_S2_C1 train[3] k=3  dim=576  frames=172  σ=0.5  fold=3 ===
  BDOSC: k_hat=3  ACC=0.6221  NMI=0.4179  ARI=0.1992  2.0s

=== P1L_S2_C1 train[4] k=3  dim=576  frames=179  σ=0.5  fold=3 ===
  BDOSC: k_hat=3  ACC=0.5475  NMI=0.3796  ARI=0.2092  2.1s

=== P1L_S2_C1 train[5] k=3  dim=576  frames=180  σ=0.5  fold=3 ===
  BDOSC: k_hat=3  ACC=0.3722  NMI=0.1254  ARI=-0.0407  2.2s

=== P1L_S2_C1 train[6] k=3  dim=576  frames=133  σ=0.5  fold=3 ===
  BDOSC: k_hat=3  ACC=0.4812  NMI=0.2878  ARI=0.0571  1.3s

=== P1L_S2_C2 train[0] k=3  dim=576  frames=194  σ=0.5  fold=3 ===
  BDOSC: k_hat=3  ACC=0.6031  NMI=0.4352  ARI=0.2848  2.5s

=== P1L_S2_C2 train[1] k=3  dim=576  frames=155  σ=0.5  fold=3 ===
  BDOSC: k_hat=3  ACC=0.5935  NMI=0.5355  ARI=0.3861  1.7s

=== P1L_S2_C2 train[2] k=3  dim=576  frames=134  σ=0.5  fold=3 ===
  BDOSC: k_hat=3  ACC=0.8507  NMI=0.6903  ARI=0.6927  1.3s

=== P1L_S2_C2 train[3] k=3  dim=576  frames=201  σ=0.5  fold=3 ===
  BDOSC: k_hat=3  ACC=0.7960  NMI=0.5937  ARI=0.5096  2.7s

=== P1L_S2_C2 train[4] k=3  dim=576  frames=171  σ=0.5  fold=3 ===
  BDOSC: k_hat=3  ACC=0.7602  NMI=0.5840  ARI=0.4906  2.1s

=== P1L_S2_C2 train[5] k=3  dim=576  frames=160  σ=0.5  fold=3 ===
  BDOSC: k_hat=3  ACC=0.8125  NMI=0.5977  ARI=0.5471  1.8s

=== P1L_S2_C2 train[6] k=3  dim=576  frames=154  σ=0.5  fold=3 ===
  BDOSC: k_hat=3  ACC=0.4805  NMI=0.1699  ARI=0.0354  1.6s

=== P1L_S2_C3 train[0] k=3  dim=576  frames=119  σ=0.5  fold=3 ===
  BDOSC: k_hat=3  ACC=0.5882  NMI=0.4640  ARI=0.2829  1.0s

=== P1L_S2_C3 train[1] k=3  dim=576  frames=101  σ=0.5  fold=3 ===
  BDOSC: k_hat=3  ACC=0.7129  NMI=0.5270  ARI=0.3714  0.8s

=== P1L_S2_C3 train[2] k=3  dim=576  frames=85  σ=0.5  fold=3 ===
  BDOSC: k_hat=3  ACC=0.6235  NMI=0.3803  ARI=0.1762  0.6s

=== P1L_S2_C3 train[3] k=3  dim=576  frames=126  σ=0.5  fold=3 ===
  BDOSC: k_hat=3  ACC=0.7381  NMI=0.4755  ARI=0.3286  1.1s

=== P1L_S2_C3 train[4] k=3  dim=576  frames=102  σ=0.5  fold=3 ===
  BDOSC: k_hat=3  ACC=0.6176  NMI=0.5327  ARI=0.3949  0.8s

=== P1L_S2_C3 train[5] k=3  dim=576  frames=121  σ=0.5  fold=3 ===
  BDOSC: k_hat=3  ACC=0.9835  NMI=0.9387  ARI=0.9494  1.1s

=== P1L_S2_C3 train[6] k=3  dim=576  frames=99  σ=0.5  fold=3 ===
  BDOSC: k_hat=3  ACC=0.6061  NMI=0.3698  ARI=0.1389  0.8s

=== P1L_S3_C1 train[0] k=3  dim=576  frames=156  σ=0.5  fold=3 ===
  BDOSC: k_hat=3  ACC=0.6410  NMI=0.5462  ARI=0.3667  1.7s

=== P1L_S3_C1 train[1] k=3  dim=576  frames=120  σ=0.5  fold=3 ===
  BDOSC: k_hat=3  ACC=0.8250  NMI=0.6812  ARI=0.5762  1.0s

=== P1L_S3_C1 train[2] k=3  dim=576  frames=185  σ=0.5  fold=3 ===
  BDOSC: k_hat=3  ACC=0.7081  NMI=0.6203  ARI=0.4932  2.3s

=== P1L_S3_C1 train[3] k=3  dim=576  frames=159  σ=0.5  fold=3 ===
  BDOSC: k_hat=3  ACC=0.6226  NMI=0.4978  ARI=0.3543  1.7s

=== P1L_S3_C1 train[4] k=3  dim=576  frames=172  σ=0.5  fold=3 ===
  BDOSC: k_hat=3  ACC=0.5872  NMI=0.5451  ARI=0.4189  2.0s

=== P1L_S3_C1 train[5] k=3  dim=576  frames=176  σ=0.5  fold=3 ===
  BDOSC: k_hat=3  ACC=0.7784  NMI=0.5957  ARI=0.5159  2.1s

=== P1L_S3_C1 train[6] k=3  dim=576  frames=134  σ=0.5  fold=3 ===
  BDOSC: k_hat=3  ACC=0.7388  NMI=0.5727  ARI=0.4678  1.3s

=== P1L_S3_C2 train[0] k=3  dim=576  frames=185  σ=0.5  fold=3 ===
  BDOSC: k_hat=3  ACC=0.5676  NMI=0.4613  ARI=0.3114  2.3s

=== P1L_S3_C2 train[1] k=3  dim=576  frames=125  σ=0.5  fold=3 ===
  BDOSC: k_hat=3  ACC=0.6640  NMI=0.4940  ARI=0.3217  1.1s

=== P1L_S3_C2 train[2] k=3  dim=576  frames=166  σ=0.5  fold=3 ===
  BDOSC: k_hat=3  ACC=0.5422  NMI=0.5460  ARI=0.3706  1.9s

=== P1L_S3_C2 train[3] k=3  dim=576  frames=168  σ=0.5  fold=3 ===
  BDOSC: k_hat=3  ACC=0.9048  NMI=0.7576  ARI=0.7736  1.9s

=== P1L_S3_C2 train[4] k=3  dim=576  frames=187  σ=0.5  fold=3 ===
  BDOSC: k_hat=3  ACC=0.6898  NMI=0.5268  ARI=0.4467  2.3s

=== P1L_S3_C2 train[5] k=3  dim=576  frames=229  σ=0.5  fold=3 ===
  BDOSC: k_hat=3  ACC=0.3581  NMI=0.1318  ARI=-0.0002  3.5s

=== P1L_S3_C2 train[6] k=3  dim=576  frames=136  σ=0.5  fold=3 ===
  BDOSC: k_hat=3  ACC=0.5221  NMI=0.5844  ARI=0.4071  1.3s

=== P1L_S3_C3 train[0] k=3  dim=576  frames=151  σ=0.5  fold=3 ===
  BDOSC: k_hat=3  ACC=0.6755  NMI=0.4983  ARI=0.3177  1.6s

=== P1L_S3_C3 train[1] k=3  dim=576  frames=118  σ=0.5  fold=3 ===
  BDOSC: k_hat=3  ACC=0.8051  NMI=0.6959  ARI=0.6054  1.0s

=== P1L_S3_C3 train[2] k=3  dim=576  frames=121  σ=0.5  fold=3 ===
  BDOSC: k_hat=3  ACC=0.8264  NMI=0.6660  ARI=0.5969  1.0s

=== P1L_S3_C3 train[3] k=3  dim=576  frames=134  σ=0.5  fold=3 ===
  BDOSC: k_hat=3  ACC=0.7761  NMI=0.6466  ARI=0.4964  1.2s

=== P1L_S3_C3 train[4] k=3  dim=576  frames=110  σ=0.5  fold=3 ===
  BDOSC: k_hat=3  ACC=0.5364  NMI=0.5668  ARI=0.4070  0.9s

=== P1L_S3_C3 train[5] k=3  dim=576  frames=161  σ=0.5  fold=3 ===
  BDOSC: k_hat=3  ACC=0.7826  NMI=0.6242  ARI=0.5087  1.8s

=== P1L_S3_C3 train[6] k=3  dim=576  frames=114  σ=0.5  fold=3 ===
  BDOSC: k_hat=3  ACC=0.5351  NMI=0.3295  ARI=0.0856  0.9s

=== P1L_S4_C1 train[0] k=3  dim=576  frames=200  σ=0.5  fold=3 ===
  BDOSC: k_hat=3  ACC=0.6150  NMI=0.4286  ARI=0.2413  2.6s

=== P1L_S4_C1 train[1] k=3  dim=576  frames=157  σ=0.5  fold=3 ===
  BDOSC: k_hat=3  ACC=0.8217  NMI=0.6448  ARI=0.6091  1.7s

=== P1L_S4_C1 train[2] k=3  dim=576  frames=154  σ=0.5  fold=3 ===
  BDOSC: k_hat=3  ACC=0.7532  NMI=0.5379  ARI=0.4158  1.6s

=== P1L_S4_C1 train[3] k=3  dim=576  frames=142  σ=0.5  fold=3 ===
  BDOSC: k_hat=3  ACC=0.7113  NMI=0.5717  ARI=0.4601  1.4s

=== P1L_S4_C1 train[4] k=3  dim=576  frames=164  σ=0.5  fold=3 ===
  BDOSC: k_hat=3  ACC=0.6585  NMI=0.5240  ARI=0.3837  1.8s

=== P1L_S4_C1 train[5] k=3  dim=576  frames=187  σ=0.5  fold=3 ===
  BDOSC: k_hat=3  ACC=0.6043  NMI=0.5610  ARI=0.4355  2.4s

=== P1L_S4_C1 train[6] k=3  dim=576  frames=202  σ=0.5  fold=3 ===
  BDOSC: k_hat=3  ACC=0.4802  NMI=0.4189  ARI=0.2414  2.8s

=== P1L_S4_C2 train[0] k=3  dim=576  frames=157  σ=0.5  fold=3 ===
  BDOSC: k_hat=3  ACC=0.5669  NMI=0.2685  ARI=0.0841  1.7s

=== P1L_S4_C2 train[1] k=3  dim=576  frames=149  σ=0.5  fold=3 ===
  BDOSC: k_hat=3  ACC=0.5973  NMI=0.6403  ARI=0.4712  1.6s

=== P1L_S4_C2 train[2] k=3  dim=576  frames=175  σ=0.5  fold=3 ===
  BDOSC: k_hat=3  ACC=0.6514  NMI=0.5727  ARI=0.4259  2.1s

=== P1L_S4_C2 train[3] k=3  dim=576  frames=154  σ=0.5  fold=3 ===
  BDOSC: k_hat=3  ACC=0.5909  NMI=0.6028  ARI=0.4557  1.6s

=== P1L_S4_C2 train[4] k=3  dim=576  frames=152  σ=0.5  fold=3 ===
  BDOSC: k_hat=3  ACC=0.4342  NMI=0.2587  ARI=0.0889  1.7s

=== P1L_S4_C2 train[5] k=3  dim=576  frames=169  σ=0.5  fold=3 ===
  BDOSC: k_hat=3  ACC=0.5858  NMI=0.4103  ARI=0.2217  2.0s

=== P1L_S4_C2 train[6] k=3  dim=576  frames=153  σ=0.5  fold=3 ===
  BDOSC: k_hat=3  ACC=0.5033  NMI=0.2009  ARI=0.0375  1.6s

=== P1L_S4_C3 train[0] k=3  dim=576  frames=96  σ=0.5  fold=3 ===
  BDOSC: k_hat=3  ACC=0.5833  NMI=0.4731  ARI=0.3043  0.7s

=== P1L_S4_C3 train[1] k=3  dim=576  frames=107  σ=0.5  fold=3 ===
  BDOSC: k_hat=3  ACC=0.7009  NMI=0.5176  ARI=0.3661  0.9s

=== P1L_S4_C3 train[2] k=3  dim=576  frames=94  σ=0.5  fold=3 ===
  BDOSC: k_hat=3  ACC=0.6809  NMI=0.4906  ARI=0.3516  0.7s

=== P1L_S4_C3 train[3] k=3  dim=576  frames=112  σ=0.5  fold=3 ===
  BDOSC: k_hat=3  ACC=0.7589  NMI=0.6465  ARI=0.5162  0.9s

=== P1L_S4_C3 train[4] k=3  dim=576  frames=103  σ=0.5  fold=3 ===
  BDOSC: k_hat=3  ACC=0.8932  NMI=0.7850  ARI=0.7176  0.8s

=== P1L_S4_C3 train[5] k=3  dim=576  frames=105  σ=0.5  fold=3 ===
  BDOSC: k_hat=3  ACC=0.8476  NMI=0.6727  ARI=0.6309  0.8s

=== P1L_S4_C3 train[6] k=3  dim=576  frames=107  σ=0.5  fold=3 ===
  BDOSC: k_hat=3  ACC=0.6729  NMI=0.5490  ARI=0.4481  0.9s

=== P1E_S1_C1 test[0] k=3  dim=576  frames=140  σ=0.5  fold=3 ===
  BDOSC: k_hat=3  ACC=0.9357  NMI=0.8207  ARI=0.8287  1.4s

=== P1E_S1_C2 test[0] k=3  dim=576  frames=138  σ=0.5  fold=3 ===
  BDOSC: k_hat=3  ACC=0.5435  NMI=0.4535  ARI=0.2732  1.3s

=== P1E_S1_C3 test[0] k=3  dim=576  frames=61  σ=0.5  fold=3 ===
  BDOSC: k_hat=3  ACC=0.6557  NMI=0.5727  ARI=0.3997  0.3s

=== P1E_S2_C1 test[0] k=3  dim=576  frames=180  σ=0.5  fold=3 ===
  BDOSC: k_hat=3  ACC=0.5778  NMI=0.3000  ARI=0.1075  2.2s

=== P1E_S2_C2 test[0] k=3  dim=576  frames=144  σ=0.5  fold=3 ===
  BDOSC: k_hat=3  ACC=0.5625  NMI=0.5664  ARI=0.3931  1.4s

=== P1E_S2_C3 test[0] k=3  dim=576  frames=112  σ=0.5  fold=3 ===
  BDOSC: k_hat=3  ACC=0.8125  NMI=0.6242  ARI=0.5402  0.9s

=== P1E_S3_C1 test[0] k=3  dim=576  frames=161  σ=0.5  fold=3 ===
  BDOSC: k_hat=3  ACC=0.9379  NMI=0.8294  ARI=0.8262  1.7s

=== P1E_S3_C2 test[0] k=3  dim=576  frames=168  σ=0.5  fold=3 ===
  BDOSC: k_hat=3  ACC=0.5833  NMI=0.4433  ARI=0.2898  1.8s

=== P1E_S3_C3 test[0] k=3  dim=576  frames=125  σ=0.5  fold=3 ===
  BDOSC: k_hat=3  ACC=0.7520  NMI=0.5102  ARI=0.3707  1.1s

=== P1E_S4_C1 test[0] k=3  dim=576  frames=182  σ=0.5  fold=3 ===
  BDOSC: k_hat=3  ACC=0.5549  NMI=0.2699  ARI=0.0893  2.2s

=== P1E_S4_C2 test[0] k=3  dim=576  frames=126  σ=0.5  fold=3 ===
  BDOSC: k_hat=3  ACC=0.6270  NMI=0.6359  ARI=0.4763  1.1s

=== P1E_S4_C3 test[0] k=3  dim=576  frames=105  σ=0.5  fold=3 ===
  BDOSC: k_hat=3  ACC=0.7143  NMI=0.6326  ARI=0.4606  0.8s

=== P1L_S1_C1 test[0] k=3  dim=576  frames=182  σ=0.5  fold=3 ===
  BDOSC: k_hat=3  ACC=0.9066  NMI=0.7570  ARI=0.7591  2.2s

=== P1L_S1_C2 test[0] k=3  dim=576  frames=181  σ=0.5  fold=3 ===
  BDOSC: k_hat=3  ACC=0.8619  NMI=0.6762  ARI=0.6407  2.2s

=== P1L_S1_C3 test[0] k=3  dim=576  frames=74  σ=0.5  fold=3 ===
  BDOSC: k_hat=3  ACC=0.8514  NMI=0.6947  ARI=0.6491  0.4s

=== P1L_S2_C1 test[0] k=3  dim=576  frames=177  σ=0.5  fold=3 ===
  BDOSC: k_hat=3  ACC=0.8362  NMI=0.6964  ARI=0.6485  2.1s

=== P1L_S2_C2 test[0] k=3  dim=576  frames=186  σ=0.5  fold=3 ===
  BDOSC: k_hat=3  ACC=0.5591  NMI=0.3516  ARI=0.1379  2.4s

=== P1L_S2_C3 test[0] k=3  dim=576  frames=112  σ=0.5  fold=3 ===
  BDOSC: k_hat=3  ACC=0.7054  NMI=0.4692  ARI=0.2866  0.9s

=== P1L_S3_C1 test[0] k=3  dim=576  frames=156  σ=0.5  fold=3 ===
  BDOSC: k_hat=3  ACC=0.6410  NMI=0.5949  ARI=0.4809  1.7s

=== P1L_S3_C2 test[0] k=3  dim=576  frames=209  σ=0.5  fold=3 ===
  BDOSC: k_hat=3  ACC=0.6077  NMI=0.4645  ARI=0.3251  2.9s

=== P1L_S3_C3 test[0] k=3  dim=576  frames=142  σ=0.5  fold=3 ===
  BDOSC: k_hat=3  ACC=0.7254  NMI=0.5492  ARI=0.4249  1.4s

=== P1L_S4_C1 test[0] k=3  dim=576  frames=168  σ=0.5  fold=3 ===
  BDOSC: k_hat=3  ACC=0.6667  NMI=0.6701  ARI=0.5023  1.9s

=== P1L_S4_C2 test[0] k=3  dim=576  frames=168  σ=0.5  fold=3 ===
  BDOSC: k_hat=3  ACC=0.7560  NMI=0.6324  ARI=0.5032  1.9s

=== P1L_S4_C3 test[0] k=3  dim=576  frames=117  σ=0.5  fold=3 ===
  BDOSC: k_hat=3  ACC=0.5128  NMI=0.4805  ARI=0.3122  1.0s
  tune_pool_groups=20: sampling from 22 held-in people (overlap allowed) instead of the 7 fixed partition group(s)

============================================================
σ=0.5 fold=4  test=['0001', '0011', '0023']  train mats=168  test mats=24  tune mats=480
  BDOSC: skip tuning, fixed lambda_1=0.2, lambda_2=1, gamma_1=0.01, p=1.1, max_iter=50
  wrote /nfs/turbo/umms-minjilab/lpullela/icassp_ssc_tv2/block_ssc_benchmark/cv/params/surveillance/split_k3_sigmas_min30_trials20_params_knownk_cv_bdosc_k3_sigma0p5_sigma0.5_fold4.json

=== P1E_S1_C1 train[0] k=3  dim=576  frames=146  σ=0.5  fold=4 ===
  BDOSC: k_hat=3  ACC=0.6301  NMI=0.4643  ARI=0.3046  1.5s

=== P1E_S1_C1 train[1] k=3  dim=576  frames=153  σ=0.5  fold=4 ===
  BDOSC: k_hat=3  ACC=0.5425  NMI=0.5387  ARI=0.3956  1.6s

=== P1E_S1_C1 train[2] k=3  dim=576  frames=130  σ=0.5  fold=4 ===
  BDOSC: k_hat=3  ACC=0.5846  NMI=0.6483  ARI=0.4486  1.2s

=== P1E_S1_C1 train[3] k=3  dim=576  frames=140  σ=0.5  fold=4 ===
  BDOSC: k_hat=3  ACC=0.9357  NMI=0.8207  ARI=0.8287  1.4s

=== P1E_S1_C1 train[4] k=3  dim=576  frames=151  σ=0.5  fold=4 ===
  BDOSC: k_hat=3  ACC=0.7815  NMI=0.5692  ARI=0.4603  1.6s

=== P1E_S1_C1 train[5] k=3  dim=576  frames=140  σ=0.5  fold=4 ===
  BDOSC: k_hat=3  ACC=0.6714  NMI=0.4994  ARI=0.3542  1.3s

=== P1E_S1_C1 train[6] k=3  dim=576  frames=171  σ=0.5  fold=4 ===
  BDOSC: k_hat=3  ACC=0.5906  NMI=0.3706  ARI=0.1612  2.0s

=== P1E_S1_C2 train[0] k=3  dim=576  frames=147  σ=0.5  fold=4 ===
  BDOSC: k_hat=3  ACC=0.9184  NMI=0.7868  ARI=0.7584  1.5s

=== P1E_S1_C2 train[1] k=3  dim=576  frames=115  σ=0.5  fold=4 ===
  BDOSC: k_hat=3  ACC=0.7913  NMI=0.6767  ARI=0.5918  0.9s

=== P1E_S1_C2 train[2] k=3  dim=576  frames=104  σ=0.5  fold=4 ===
  BDOSC: k_hat=3  ACC=0.5385  NMI=0.5986  ARI=0.4155  0.8s

=== P1E_S1_C2 train[3] k=3  dim=576  frames=138  σ=0.5  fold=4 ===
  BDOSC: k_hat=3  ACC=0.5435  NMI=0.4535  ARI=0.2732  1.3s

=== P1E_S1_C2 train[4] k=3  dim=576  frames=122  σ=0.5  fold=4 ===
  BDOSC: k_hat=3  ACC=0.5738  NMI=0.5567  ARI=0.4242  1.0s

=== P1E_S1_C2 train[5] k=3  dim=576  frames=122  σ=0.5  fold=4 ===
  BDOSC: k_hat=3  ACC=0.4426  NMI=0.2117  ARI=0.0414  1.0s

=== P1E_S1_C2 train[6] k=3  dim=576  frames=134  σ=0.5  fold=4 ===
  BDOSC: k_hat=3  ACC=0.4776  NMI=0.2315  ARI=0.0315  1.3s

=== P1E_S1_C3 train[0] k=3  dim=576  frames=58  σ=0.5  fold=4 ===
  BDOSC: k_hat=3  ACC=0.8103  NMI=0.5574  ARI=0.4650  0.3s

=== P1E_S1_C3 train[1] k=3  dim=576  frames=56  σ=0.5  fold=4 ===
  BDOSC: k_hat=3  ACC=0.6429  NMI=0.5382  ARI=0.3398  0.3s

=== P1E_S1_C3 train[2] k=3  dim=576  frames=47  σ=0.5  fold=4 ===
  BDOSC: k_hat=3  ACC=0.7660  NMI=0.6380  ARI=0.4948  0.2s

=== P1E_S1_C3 train[3] k=3  dim=576  frames=61  σ=0.5  fold=4 ===
  BDOSC: k_hat=3  ACC=0.6557  NMI=0.5727  ARI=0.3997  0.3s

=== P1E_S1_C3 train[4] k=3  dim=576  frames=55  σ=0.5  fold=4 ===
  BDOSC: k_hat=3  ACC=0.7636  NMI=0.5285  ARI=0.3826  0.3s

=== P1E_S1_C3 train[5] k=3  dim=576  frames=51  σ=0.5  fold=4 ===
  BDOSC: k_hat=3  ACC=0.8235  NMI=0.6227  ARI=0.5538  0.3s

=== P1E_S1_C3 train[6] k=3  dim=576  frames=69  σ=0.5  fold=4 ===
  BDOSC: k_hat=3  ACC=0.8261  NMI=0.6319  ARI=0.5685  0.4s

=== P1E_S2_C1 train[0] k=3  dim=576  frames=167  σ=0.5  fold=4 ===
  BDOSC: k_hat=3  ACC=0.7006  NMI=0.5258  ARI=0.3973  1.9s

=== P1E_S2_C1 train[1] k=3  dim=576  frames=151  σ=0.5  fold=4 ===
  BDOSC: k_hat=3  ACC=0.6556  NMI=0.5560  ARI=0.4096  1.6s

=== P1E_S2_C1 train[2] k=3  dim=576  frames=136  σ=0.5  fold=4 ===
  BDOSC: k_hat=3  ACC=0.5882  NMI=0.3268  ARI=0.1153  1.3s

=== P1E_S2_C1 train[3] k=3  dim=576  frames=180  σ=0.5  fold=4 ===
  BDOSC: k_hat=3  ACC=0.5778  NMI=0.3000  ARI=0.1075  2.2s

=== P1E_S2_C1 train[4] k=3  dim=576  frames=124  σ=0.5  fold=4 ===
  BDOSC: k_hat=3  ACC=0.5968  NMI=0.3936  ARI=0.1722  1.0s

=== P1E_S2_C1 train[5] k=3  dim=576  frames=161  σ=0.5  fold=4 ===
  BDOSC: k_hat=3  ACC=0.8323  NMI=0.7145  ARI=0.6203  1.7s

=== P1E_S2_C1 train[6] k=3  dim=576  frames=153  σ=0.5  fold=4 ===
  BDOSC: k_hat=3  ACC=0.6863  NMI=0.5281  ARI=0.3772  1.6s

=== P1E_S2_C2 train[0] k=3  dim=576  frames=146  σ=0.5  fold=4 ===
  BDOSC: k_hat=3  ACC=0.5411  NMI=0.5688  ARI=0.4121  1.5s

=== P1E_S2_C2 train[1] k=3  dim=576  frames=115  σ=0.5  fold=4 ===
  BDOSC: k_hat=3  ACC=0.6348  NMI=0.4963  ARI=0.3471  1.0s

=== P1E_S2_C2 train[2] k=3  dim=576  frames=109  σ=0.5  fold=4 ===
  BDOSC: k_hat=3  ACC=0.8257  NMI=0.6659  ARI=0.5858  0.9s

=== P1E_S2_C2 train[3] k=3  dim=576  frames=144  σ=0.5  fold=4 ===
  BDOSC: k_hat=3  ACC=0.5625  NMI=0.5664  ARI=0.3931  1.5s

=== P1E_S2_C2 train[4] k=3  dim=576  frames=109  σ=0.5  fold=4 ===
  BDOSC: k_hat=3  ACC=0.7431  NMI=0.6223  ARI=0.5606  0.9s

=== P1E_S2_C2 train[5] k=3  dim=576  frames=128  σ=0.5  fold=4 ===
  BDOSC: k_hat=3  ACC=0.4844  NMI=0.2596  ARI=0.0863  1.3s

=== P1E_S2_C2 train[6] k=3  dim=576  frames=126  σ=0.5  fold=4 ===
  BDOSC: k_hat=3  ACC=0.6508  NMI=0.5327  ARI=0.4355  1.1s

=== P1E_S2_C3 train[0] k=3  dim=576  frames=113  σ=0.5  fold=4 ===
  BDOSC: k_hat=3  ACC=0.5752  NMI=0.5925  ARI=0.4362  1.0s

=== P1E_S2_C3 train[1] k=3  dim=576  frames=88  σ=0.5  fold=4 ===
  BDOSC: k_hat=3  ACC=0.7500  NMI=0.5118  ARI=0.3748  0.6s

=== P1E_S2_C3 train[2] k=3  dim=576  frames=90  σ=0.5  fold=4 ===
  BDOSC: k_hat=3  ACC=0.5222  NMI=0.5888  ARI=0.4176  0.6s

=== P1E_S2_C3 train[3] k=3  dim=576  frames=112  σ=0.5  fold=4 ===
  BDOSC: k_hat=3  ACC=0.8125  NMI=0.6242  ARI=0.5402  0.9s

=== P1E_S2_C3 train[4] k=3  dim=576  frames=87  σ=0.5  fold=4 ===
  BDOSC: k_hat=3  ACC=0.5862  NMI=0.3716  ARI=0.1283  0.6s

=== P1E_S2_C3 train[5] k=3  dim=576  frames=105  σ=0.5  fold=4 ===
  BDOSC: k_hat=3  ACC=0.5619  NMI=0.5358  ARI=0.3855  0.8s

=== P1E_S2_C3 train[6] k=3  dim=576  frames=89  σ=0.5  fold=4 ===
  BDOSC: k_hat=3  ACC=0.6180  NMI=0.3919  ARI=0.1595  0.7s

=== P1E_S3_C1 train[0] k=3  dim=576  frames=166  σ=0.5  fold=4 ===
  BDOSC: k_hat=3  ACC=0.7410  NMI=0.4721  ARI=0.3304  2.0s

=== P1E_S3_C1 train[1] k=3  dim=576  frames=139  σ=0.5  fold=4 ===
  BDOSC: k_hat=3  ACC=0.8201  NMI=0.6238  ARI=0.5551  1.4s

=== P1E_S3_C1 train[2] k=3  dim=576  frames=134  σ=0.5  fold=4 ===
  BDOSC: k_hat=3  ACC=0.8358  NMI=0.6940  ARI=0.6029  1.3s

=== P1E_S3_C1 train[3] k=3  dim=576  frames=161  σ=0.5  fold=4 ===
  BDOSC: k_hat=3  ACC=0.9379  NMI=0.8294  ARI=0.8262  1.8s

=== P1E_S3_C1 train[4] k=3  dim=576  frames=123  σ=0.5  fold=4 ===
  BDOSC: k_hat=3  ACC=0.7236  NMI=0.5785  ARI=0.4474  1.1s

=== P1E_S3_C1 train[5] k=3  dim=576  frames=204  σ=0.5  fold=4 ===
  BDOSC: k_hat=3  ACC=0.6324  NMI=0.6520  ARI=0.5216  3.0s

=== P1E_S3_C1 train[6] k=3  dim=576  frames=112  σ=0.5  fold=4 ===
  BDOSC: k_hat=3  ACC=0.5625  NMI=0.3218  ARI=0.0951  0.9s

=== P1E_S3_C2 train[0] k=3  dim=576  frames=147  σ=0.5  fold=4 ===
  BDOSC: k_hat=3  ACC=0.6122  NMI=0.4859  ARI=0.3188  1.6s

=== P1E_S3_C2 train[1] k=3  dim=576  frames=120  σ=0.5  fold=4 ===
  BDOSC: k_hat=3  ACC=0.7333  NMI=0.5179  ARI=0.4053  1.0s

=== P1E_S3_C2 train[2] k=3  dim=576  frames=112  σ=0.5  fold=4 ===
  BDOSC: k_hat=3  ACC=0.6875  NMI=0.5716  ARI=0.4061  0.9s

=== P1E_S3_C2 train[3] k=3  dim=576  frames=168  σ=0.5  fold=4 ===
  BDOSC: k_hat=3  ACC=0.5833  NMI=0.4433  ARI=0.2898  1.9s

=== P1E_S3_C2 train[4] k=3  dim=576  frames=107  σ=0.5  fold=4 ===
  BDOSC: k_hat=3  ACC=0.6729  NMI=0.4439  ARI=0.2410  0.8s

=== P1E_S3_C2 train[5] k=3  dim=576  frames=146  σ=0.5  fold=4 ===
  BDOSC: k_hat=3  ACC=0.7671  NMI=0.5699  ARI=0.5156  1.5s

=== P1E_S3_C2 train[6] k=3  dim=576  frames=114  σ=0.5  fold=4 ===
  BDOSC: k_hat=3  ACC=0.6316  NMI=0.4219  ARI=0.2990  0.9s

=== P1E_S3_C3 train[0] k=3  dim=576  frames=105  σ=0.5  fold=4 ===
  BDOSC: k_hat=3  ACC=0.6476  NMI=0.4954  ARI=0.3334  0.8s

=== P1E_S3_C3 train[1] k=3  dim=576  frames=89  σ=0.5  fold=4 ===
  BDOSC: k_hat=3  ACC=0.7528  NMI=0.4758  ARI=0.3552  0.6s

=== P1E_S3_C3 train[2] k=3  dim=576  frames=84  σ=0.5  fold=4 ===
  BDOSC: k_hat=3  ACC=0.7381  NMI=0.4753  ARI=0.3280  0.6s

=== P1E_S3_C3 train[3] k=3  dim=576  frames=125  σ=0.5  fold=4 ===
  BDOSC: k_hat=3  ACC=0.7520  NMI=0.5102  ARI=0.3707  1.1s

=== P1E_S3_C3 train[4] k=3  dim=576  frames=83  σ=0.5  fold=4 ===
  BDOSC: k_hat=3  ACC=0.7831  NMI=0.7208  ARI=0.5973  0.6s

=== P1E_S3_C3 train[5] k=3  dim=576  frames=129  σ=0.5  fold=4 ===
  BDOSC: k_hat=3  ACC=0.6822  NMI=0.5971  ARI=0.4835  1.2s

=== P1E_S3_C3 train[6] k=3  dim=576  frames=84  σ=0.5  fold=4 ===
  BDOSC: k_hat=3  ACC=0.6310  NMI=0.5953  ARI=0.4730  0.6s

=== P1E_S4_C1 train[0] k=3  dim=576  frames=158  σ=0.5  fold=4 ===
  BDOSC: k_hat=3  ACC=0.7025  NMI=0.6265  ARI=0.3919  1.7s

=== P1E_S4_C1 train[1] k=3  dim=576  frames=107  σ=0.5  fold=4 ===
  BDOSC: k_hat=3  ACC=0.6729  NMI=0.5295  ARI=0.4083  0.9s

=== P1E_S4_C1 train[2] k=3  dim=576  frames=155  σ=0.5  fold=4 ===
  BDOSC: k_hat=3  ACC=0.6710  NMI=0.5084  ARI=0.3884  1.6s

=== P1E_S4_C1 train[3] k=3  dim=576  frames=182  σ=0.5  fold=4 ===
  BDOSC: k_hat=3  ACC=0.5549  NMI=0.2699  ARI=0.0893  2.2s

=== P1E_S4_C1 train[4] k=3  dim=576  frames=133  σ=0.5  fold=4 ===
  BDOSC: k_hat=3  ACC=0.6541  NMI=0.6396  ARI=0.4916  1.2s

=== P1E_S4_C1 train[5] k=3  dim=576  frames=147  σ=0.5  fold=4 ===
  BDOSC: k_hat=3  ACC=0.7075  NMI=0.5262  ARI=0.3827  1.5s

=== P1E_S4_C1 train[6] k=3  dim=576  frames=145  σ=0.5  fold=4 ===
  BDOSC: k_hat=3  ACC=0.5103  NMI=0.2877  ARI=0.0555  1.4s

=== P1E_S4_C2 train[0] k=3  dim=576  frames=117  σ=0.5  fold=4 ===
  BDOSC: k_hat=3  ACC=0.6410  NMI=0.5703  ARI=0.4366  1.0s

=== P1E_S4_C2 train[1] k=3  dim=576  frames=125  σ=0.5  fold=4 ===
  BDOSC: k_hat=3  ACC=0.6400  NMI=0.4917  ARI=0.3461  1.1s

=== P1E_S4_C2 train[2] k=3  dim=576  frames=122  σ=0.5  fold=4 ===
  BDOSC: k_hat=3  ACC=0.5246  NMI=0.4714  ARI=0.3031  1.0s

=== P1E_S4_C2 train[3] k=3  dim=576  frames=126  σ=0.5  fold=4 ===
  BDOSC: k_hat=3  ACC=0.6270  NMI=0.6359  ARI=0.4763  1.1s

=== P1E_S4_C2 train[4] k=3  dim=576  frames=129  σ=0.5  fold=4 ===
  BDOSC: k_hat=3  ACC=0.6202  NMI=0.4779  ARI=0.3301  1.2s

=== P1E_S4_C2 train[5] k=3  dim=576  frames=146  σ=0.5  fold=4 ===
  BDOSC: k_hat=3  ACC=0.4452  NMI=0.2933  ARI=0.1067  1.5s

=== P1E_S4_C2 train[6] k=3  dim=576  frames=110  σ=0.5  fold=4 ===
  BDOSC: k_hat=3  ACC=0.6000  NMI=0.3890  ARI=0.1713  0.9s

=== P1E_S4_C3 train[0] k=3  dim=576  frames=90  σ=0.5  fold=4 ===
  BDOSC: k_hat=3  ACC=0.7000  NMI=0.4202  ARI=0.2585  0.6s

=== P1E_S4_C3 train[1] k=3  dim=576  frames=64  σ=0.5  fold=4 ===
  BDOSC: k_hat=3  ACC=0.6719  NMI=0.4355  ARI=0.2244  0.4s

=== P1E_S4_C3 train[2] k=3  dim=576  frames=85  σ=0.5  fold=4 ===
  BDOSC: k_hat=3  ACC=0.6941  NMI=0.5493  ARI=0.4530  0.6s

=== P1E_S4_C3 train[3] k=3  dim=576  frames=105  σ=0.5  fold=4 ===
  BDOSC: k_hat=3  ACC=0.7143  NMI=0.6326  ARI=0.4606  0.8s

=== P1E_S4_C3 train[4] k=3  dim=576  frames=76  σ=0.5  fold=4 ===
  BDOSC: k_hat=3  ACC=0.6711  NMI=0.5442  ARI=0.4362  0.5s

=== P1E_S4_C3 train[5] k=3  dim=576  frames=106  σ=0.5  fold=4 ===
  BDOSC: k_hat=3  ACC=0.7925  NMI=0.6314  ARI=0.5720  0.8s

=== P1E_S4_C3 train[6] k=3  dim=576  frames=79  σ=0.5  fold=4 ===
  BDOSC: k_hat=3  ACC=0.5316  NMI=0.4751  ARI=0.3015  0.6s

=== P1L_S1_C1 train[0] k=3  dim=576  frames=162  σ=0.5  fold=4 ===
  BDOSC: k_hat=3  ACC=0.6420  NMI=0.5022  ARI=0.3529  1.8s

=== P1L_S1_C1 train[1] k=3  dim=576  frames=170  σ=0.5  fold=4 ===
  BDOSC: k_hat=3  ACC=0.6706  NMI=0.5620  ARI=0.4176  2.0s

=== P1L_S1_C1 train[2] k=3  dim=576  frames=155  σ=0.5  fold=4 ===
  BDOSC: k_hat=3  ACC=0.7677  NMI=0.6360  ARI=0.5419  1.6s

=== P1L_S1_C1 train[3] k=3  dim=576  frames=182  σ=0.5  fold=4 ===
  BDOSC: k_hat=3  ACC=0.9066  NMI=0.7570  ARI=0.7591  2.2s

=== P1L_S1_C1 train[4] k=3  dim=576  frames=166  σ=0.5  fold=4 ===
  BDOSC: k_hat=3  ACC=0.7831  NMI=0.6044  ARI=0.5340  1.9s

=== P1L_S1_C1 train[5] k=3  dim=576  frames=116  σ=0.5  fold=4 ===
  BDOSC: k_hat=3  ACC=0.5690  NMI=0.3470  ARI=0.1278  1.0s

=== P1L_S1_C1 train[6] k=3  dim=576  frames=175  σ=0.5  fold=4 ===
  BDOSC: k_hat=3  ACC=0.5314  NMI=0.3123  ARI=0.1244  2.1s

=== P1L_S1_C2 train[0] k=3  dim=576  frames=186  σ=0.5  fold=4 ===
  BDOSC: k_hat=3  ACC=0.6667  NMI=0.4174  ARI=0.2437  2.3s

=== P1L_S1_C2 train[1] k=3  dim=576  frames=137  σ=0.5  fold=4 ===
  BDOSC: k_hat=3  ACC=0.5766  NMI=0.4801  ARI=0.3271  1.3s

=== P1L_S1_C2 train[2] k=3  dim=576  frames=147  σ=0.5  fold=4 ===
  BDOSC: k_hat=3  ACC=0.7279  NMI=0.6589  ARI=0.5423  1.5s

=== P1L_S1_C2 train[3] k=3  dim=576  frames=181  σ=0.5  fold=4 ===
  BDOSC: k_hat=3  ACC=0.8619  NMI=0.6762  ARI=0.6407  2.2s

=== P1L_S1_C2 train[4] k=3  dim=576  frames=154  σ=0.5  fold=4 ===
  BDOSC: k_hat=3  ACC=0.5714  NMI=0.3286  ARI=0.1136  1.6s

=== P1L_S1_C2 train[5] k=3  dim=576  frames=142  σ=0.5  fold=4 ===
  BDOSC: k_hat=3  ACC=0.6479  NMI=0.4106  ARI=0.2258  1.4s

=== P1L_S1_C2 train[6] k=3  dim=576  frames=168  σ=0.5  fold=4 ===
  BDOSC: k_hat=3  ACC=0.5179  NMI=0.2795  ARI=0.0612  1.9s

=== P1L_S1_C3 train[0] k=3  dim=576  frames=60  σ=0.5  fold=4 ===
  BDOSC: k_hat=3  ACC=0.8833  NMI=0.7419  ARI=0.7034  0.3s

=== P1L_S1_C3 train[1] k=3  dim=576  frames=68  σ=0.5  fold=4 ===
  BDOSC: k_hat=3  ACC=0.8529  NMI=0.7451  ARI=0.6308  0.4s

=== P1L_S1_C3 train[2] k=3  dim=576  frames=65  σ=0.5  fold=4 ===
  BDOSC: k_hat=3  ACC=0.8154  NMI=0.6135  ARI=0.5398  0.3s

=== P1L_S1_C3 train[3] k=3  dim=576  frames=74  σ=0.5  fold=4 ===
  BDOSC: k_hat=3  ACC=0.8514  NMI=0.6947  ARI=0.6491  0.4s

=== P1L_S1_C3 train[4] k=3  dim=576  frames=64  σ=0.5  fold=4 ===
  BDOSC: k_hat=3  ACC=0.9531  NMI=0.8744  ARI=0.8727  0.3s

=== P1L_S1_C3 train[5] k=3  dim=576  frames=63  σ=0.5  fold=4 ===
  BDOSC: k_hat=3  ACC=0.5714  NMI=0.3734  ARI=0.1228  0.3s

=== P1L_S1_C3 train[6] k=3  dim=576  frames=75  σ=0.5  fold=4 ===
  BDOSC: k_hat=3  ACC=0.7067  NMI=0.4546  ARI=0.2702  0.4s

=== P1L_S2_C1 train[0] k=3  dim=576  frames=211  σ=0.5  fold=4 ===
  BDOSC: k_hat=3  ACC=0.6825  NMI=0.5053  ARI=0.3736  3.0s

=== P1L_S2_C1 train[1] k=3  dim=576  frames=190  σ=0.5  fold=4 ===
  BDOSC: k_hat=3  ACC=0.6526  NMI=0.3761  ARI=0.2035  2.4s

=== P1L_S2_C1 train[2] k=3  dim=576  frames=180  σ=0.5  fold=4 ===
  BDOSC: k_hat=3  ACC=0.5333  NMI=0.2978  ARI=0.1151  2.2s

=== P1L_S2_C1 train[3] k=3  dim=576  frames=177  σ=0.5  fold=4 ===
  BDOSC: k_hat=3  ACC=0.8362  NMI=0.6964  ARI=0.6485  2.0s

=== P1L_S2_C1 train[4] k=3  dim=576  frames=179  σ=0.5  fold=4 ===
  BDOSC: k_hat=3  ACC=0.5475  NMI=0.3796  ARI=0.2092  2.1s

=== P1L_S2_C1 train[5] k=3  dim=576  frames=180  σ=0.5  fold=4 ===
  BDOSC: k_hat=3  ACC=0.3722  NMI=0.1254  ARI=-0.0407  2.2s

=== P1L_S2_C1 train[6] k=3  dim=576  frames=133  σ=0.5  fold=4 ===
  BDOSC: k_hat=3  ACC=0.4812  NMI=0.2878  ARI=0.0571  1.3s

=== P1L_S2_C2 train[0] k=3  dim=576  frames=194  σ=0.5  fold=4 ===
  BDOSC: k_hat=3  ACC=0.6031  NMI=0.4352  ARI=0.2848  2.5s

=== P1L_S2_C2 train[1] k=3  dim=576  frames=155  σ=0.5  fold=4 ===
  BDOSC: k_hat=3  ACC=0.5935  NMI=0.5355  ARI=0.3861  1.7s

=== P1L_S2_C2 train[2] k=3  dim=576  frames=134  σ=0.5  fold=4 ===
  BDOSC: k_hat=3  ACC=0.8507  NMI=0.6903  ARI=0.6927  1.2s

=== P1L_S2_C2 train[3] k=3  dim=576  frames=186  σ=0.5  fold=4 ===
  BDOSC: k_hat=3  ACC=0.5591  NMI=0.3516  ARI=0.1379  2.4s

=== P1L_S2_C2 train[4] k=3  dim=576  frames=171  σ=0.5  fold=4 ===
  BDOSC: k_hat=3  ACC=0.7602  NMI=0.5840  ARI=0.4906  2.1s

=== P1L_S2_C2 train[5] k=3  dim=576  frames=160  σ=0.5  fold=4 ===
  BDOSC: k_hat=3  ACC=0.8125  NMI=0.5977  ARI=0.5471  1.8s

=== P1L_S2_C2 train[6] k=3  dim=576  frames=154  σ=0.5  fold=4 ===
  BDOSC: k_hat=3  ACC=0.4805  NMI=0.1699  ARI=0.0354  1.6s

=== P1L_S2_C3 train[0] k=3  dim=576  frames=119  σ=0.5  fold=4 ===
  BDOSC: k_hat=3  ACC=0.5882  NMI=0.4640  ARI=0.2829  1.0s

=== P1L_S2_C3 train[1] k=3  dim=576  frames=101  σ=0.5  fold=4 ===
  BDOSC: k_hat=3  ACC=0.7129  NMI=0.5270  ARI=0.3714  0.8s

=== P1L_S2_C3 train[2] k=3  dim=576  frames=85  σ=0.5  fold=4 ===
  BDOSC: k_hat=3  ACC=0.6235  NMI=0.3803  ARI=0.1762  0.6s

=== P1L_S2_C3 train[3] k=3  dim=576  frames=112  σ=0.5  fold=4 ===
  BDOSC: k_hat=3  ACC=0.7054  NMI=0.4692  ARI=0.2866  0.9s

=== P1L_S2_C3 train[4] k=3  dim=576  frames=102  σ=0.5  fold=4 ===
  BDOSC: k_hat=3  ACC=0.6176  NMI=0.5327  ARI=0.3949  0.8s

=== P1L_S2_C3 train[5] k=3  dim=576  frames=121  σ=0.5  fold=4 ===
  BDOSC: k_hat=3  ACC=0.9835  NMI=0.9387  ARI=0.9494  1.1s

=== P1L_S2_C3 train[6] k=3  dim=576  frames=99  σ=0.5  fold=4 ===
  BDOSC: k_hat=3  ACC=0.6061  NMI=0.3698  ARI=0.1389  0.7s

=== P1L_S3_C1 train[0] k=3  dim=576  frames=156  σ=0.5  fold=4 ===
  BDOSC: k_hat=3  ACC=0.6410  NMI=0.5462  ARI=0.3667  1.7s

=== P1L_S3_C1 train[1] k=3  dim=576  frames=120  σ=0.5  fold=4 ===
  BDOSC: k_hat=3  ACC=0.8250  NMI=0.6812  ARI=0.5762  1.0s

=== P1L_S3_C1 train[2] k=3  dim=576  frames=185  σ=0.5  fold=4 ===
  BDOSC: k_hat=3  ACC=0.7081  NMI=0.6203  ARI=0.4932  2.3s

=== P1L_S3_C1 train[3] k=3  dim=576  frames=156  σ=0.5  fold=4 ===
  BDOSC: k_hat=3  ACC=0.6410  NMI=0.5949  ARI=0.4809  1.7s

=== P1L_S3_C1 train[4] k=3  dim=576  frames=172  σ=0.5  fold=4 ===
  BDOSC: k_hat=3  ACC=0.5872  NMI=0.5451  ARI=0.4189  2.0s

=== P1L_S3_C1 train[5] k=3  dim=576  frames=176  σ=0.5  fold=4 ===
  BDOSC: k_hat=3  ACC=0.7784  NMI=0.5957  ARI=0.5159  2.0s

=== P1L_S3_C1 train[6] k=3  dim=576  frames=134  σ=0.5  fold=4 ===
  BDOSC: k_hat=3  ACC=0.7388  NMI=0.5727  ARI=0.4678  1.3s

=== P1L_S3_C2 train[0] k=3  dim=576  frames=185  σ=0.5  fold=4 ===
  BDOSC: k_hat=3  ACC=0.5676  NMI=0.4613  ARI=0.3114  2.3s

=== P1L_S3_C2 train[1] k=3  dim=576  frames=125  σ=0.5  fold=4 ===
  BDOSC: k_hat=3  ACC=0.6640  NMI=0.4940  ARI=0.3217  1.1s

=== P1L_S3_C2 train[2] k=3  dim=576  frames=166  σ=0.5  fold=4 ===
  BDOSC: k_hat=3  ACC=0.5422  NMI=0.5460  ARI=0.3706  1.9s

=== P1L_S3_C2 train[3] k=3  dim=576  frames=209  σ=0.5  fold=4 ===
  BDOSC: k_hat=3  ACC=0.6077  NMI=0.4645  ARI=0.3251  2.9s

=== P1L_S3_C2 train[4] k=3  dim=576  frames=187  σ=0.5  fold=4 ===
  BDOSC: k_hat=3  ACC=0.6898  NMI=0.5268  ARI=0.4467  2.3s

=== P1L_S3_C2 train[5] k=3  dim=576  frames=229  σ=0.5  fold=4 ===
  BDOSC: k_hat=3  ACC=0.3581  NMI=0.1318  ARI=-0.0002  3.5s

=== P1L_S3_C2 train[6] k=3  dim=576  frames=136  σ=0.5  fold=4 ===
  BDOSC: k_hat=3  ACC=0.5221  NMI=0.5844  ARI=0.4071  1.3s

=== P1L_S3_C3 train[0] k=3  dim=576  frames=151  σ=0.5  fold=4 ===
  BDOSC: k_hat=3  ACC=0.6755  NMI=0.4983  ARI=0.3177  1.6s

=== P1L_S3_C3 train[1] k=3  dim=576  frames=118  σ=0.5  fold=4 ===
  BDOSC: k_hat=3  ACC=0.8051  NMI=0.6959  ARI=0.6054  1.0s

=== P1L_S3_C3 train[2] k=3  dim=576  frames=121  σ=0.5  fold=4 ===
  BDOSC: k_hat=3  ACC=0.8264  NMI=0.6660  ARI=0.5969  1.0s

=== P1L_S3_C3 train[3] k=3  dim=576  frames=142  σ=0.5  fold=4 ===
  BDOSC: k_hat=3  ACC=0.7254  NMI=0.5492  ARI=0.4249  1.4s

=== P1L_S3_C3 train[4] k=3  dim=576  frames=110  σ=0.5  fold=4 ===
  BDOSC: k_hat=3  ACC=0.5364  NMI=0.5668  ARI=0.4070  0.9s

=== P1L_S3_C3 train[5] k=3  dim=576  frames=161  σ=0.5  fold=4 ===
  BDOSC: k_hat=3  ACC=0.7826  NMI=0.6242  ARI=0.5087  1.8s

=== P1L_S3_C3 train[6] k=3  dim=576  frames=114  σ=0.5  fold=4 ===
  BDOSC: k_hat=3  ACC=0.5351  NMI=0.3295  ARI=0.0856  0.9s

=== P1L_S4_C1 train[0] k=3  dim=576  frames=200  σ=0.5  fold=4 ===
  BDOSC: k_hat=3  ACC=0.6150  NMI=0.4286  ARI=0.2413  2.7s

=== P1L_S4_C1 train[1] k=3  dim=576  frames=157  σ=0.5  fold=4 ===
  BDOSC: k_hat=3  ACC=0.8217  NMI=0.6448  ARI=0.6091  1.7s

=== P1L_S4_C1 train[2] k=3  dim=576  frames=154  σ=0.5  fold=4 ===
  BDOSC: k_hat=3  ACC=0.7532  NMI=0.5379  ARI=0.4158  1.6s

=== P1L_S4_C1 train[3] k=3  dim=576  frames=168  σ=0.5  fold=4 ===
  BDOSC: k_hat=3  ACC=0.6667  NMI=0.6701  ARI=0.5023  1.9s

=== P1L_S4_C1 train[4] k=3  dim=576  frames=164  σ=0.5  fold=4 ===
  BDOSC: k_hat=3  ACC=0.6585  NMI=0.5240  ARI=0.3837  1.8s

=== P1L_S4_C1 train[5] k=3  dim=576  frames=187  σ=0.5  fold=4 ===
  BDOSC: k_hat=3  ACC=0.6043  NMI=0.5610  ARI=0.4355  2.4s

=== P1L_S4_C1 train[6] k=3  dim=576  frames=202  σ=0.5  fold=4 ===
  BDOSC: k_hat=3  ACC=0.4802  NMI=0.4189  ARI=0.2414  2.8s

=== P1L_S4_C2 train[0] k=3  dim=576  frames=157  σ=0.5  fold=4 ===
  BDOSC: k_hat=3  ACC=0.5669  NMI=0.2685  ARI=0.0841  1.7s

=== P1L_S4_C2 train[1] k=3  dim=576  frames=149  σ=0.5  fold=4 ===
  BDOSC: k_hat=3  ACC=0.5973  NMI=0.6403  ARI=0.4712  1.6s

=== P1L_S4_C2 train[2] k=3  dim=576  frames=175  σ=0.5  fold=4 ===
  BDOSC: k_hat=3  ACC=0.6514  NMI=0.5727  ARI=0.4259  2.1s

=== P1L_S4_C2 train[3] k=3  dim=576  frames=168  σ=0.5  fold=4 ===
  BDOSC: k_hat=3  ACC=0.7560  NMI=0.6324  ARI=0.5032  1.9s

=== P1L_S4_C2 train[4] k=3  dim=576  frames=152  σ=0.5  fold=4 ===
  BDOSC: k_hat=3  ACC=0.4342  NMI=0.2587  ARI=0.0889  1.7s

=== P1L_S4_C2 train[5] k=3  dim=576  frames=169  σ=0.5  fold=4 ===
  BDOSC: k_hat=3  ACC=0.5858  NMI=0.4103  ARI=0.2217  2.0s

=== P1L_S4_C2 train[6] k=3  dim=576  frames=153  σ=0.5  fold=4 ===
  BDOSC: k_hat=3  ACC=0.5033  NMI=0.2009  ARI=0.0375  1.9s

=== P1L_S4_C3 train[0] k=3  dim=576  frames=96  σ=0.5  fold=4 ===
  BDOSC: k_hat=3  ACC=0.5833  NMI=0.4731  ARI=0.3043  0.7s

=== P1L_S4_C3 train[1] k=3  dim=576  frames=107  σ=0.5  fold=4 ===
  BDOSC: k_hat=3  ACC=0.7009  NMI=0.5176  ARI=0.3661  0.9s

=== P1L_S4_C3 train[2] k=3  dim=576  frames=94  σ=0.5  fold=4 ===
  BDOSC: k_hat=3  ACC=0.6809  NMI=0.4906  ARI=0.3516  0.7s

=== P1L_S4_C3 train[3] k=3  dim=576  frames=117  σ=0.5  fold=4 ===
  BDOSC: k_hat=3  ACC=0.5128  NMI=0.4805  ARI=0.3122  1.0s

=== P1L_S4_C3 train[4] k=3  dim=576  frames=103  σ=0.5  fold=4 ===
  BDOSC: k_hat=3  ACC=0.8932  NMI=0.7850  ARI=0.7176  0.8s

=== P1L_S4_C3 train[5] k=3  dim=576  frames=105  σ=0.5  fold=4 ===
  BDOSC: k_hat=3  ACC=0.8476  NMI=0.6727  ARI=0.6309  0.8s

=== P1L_S4_C3 train[6] k=3  dim=576  frames=107  σ=0.5  fold=4 ===
  BDOSC: k_hat=3  ACC=0.6729  NMI=0.5490  ARI=0.4481  0.9s

=== P1E_S1_C1 test[0] k=3  dim=576  frames=157  σ=0.5  fold=4 ===
  BDOSC: k_hat=3  ACC=0.6178  NMI=0.3752  ARI=0.1813  1.7s

=== P1E_S1_C2 test[0] k=3  dim=576  frames=113  σ=0.5  fold=4 ===
  BDOSC: k_hat=3  ACC=0.7699  NMI=0.5370  ARI=0.3961  0.9s

=== P1E_S1_C3 test[0] k=3  dim=576  frames=37  σ=0.5  fold=4 ===
  BDOSC: k_hat=3  ACC=0.9189  NMI=0.7651  ARI=0.7553  0.2s

=== P1E_S2_C1 test[0] k=3  dim=576  frames=149  σ=0.5  fold=4 ===
  BDOSC: k_hat=3  ACC=0.5302  NMI=0.3239  ARI=0.0850  1.5s

=== P1E_S2_C2 test[0] k=3  dim=576  frames=124  σ=0.5  fold=4 ===
  BDOSC: k_hat=3  ACC=0.5887  NMI=0.5081  ARI=0.3502  1.1s

=== P1E_S2_C3 test[0] k=3  dim=576  frames=99  σ=0.5  fold=4 ===
  BDOSC: k_hat=3  ACC=0.8990  NMI=0.7512  ARI=0.7288  0.7s

=== P1E_S3_C1 test[0] k=3  dim=576  frames=168  σ=0.5  fold=4 ===
  BDOSC: k_hat=3  ACC=0.7143  NMI=0.5252  ARI=0.3718  1.9s

=== P1E_S3_C2 test[0] k=3  dim=576  frames=169  σ=0.5  fold=4 ===
  BDOSC: k_hat=3  ACC=0.6036  NMI=0.4889  ARI=0.3322  2.0s

=== P1E_S3_C3 test[0] k=3  dim=576  frames=128  σ=0.5  fold=4 ===
  BDOSC: k_hat=3  ACC=0.5312  NMI=0.4749  ARI=0.3038  1.3s

=== P1E_S4_C1 test[0] k=3  dim=576  frames=180  σ=0.5  fold=4 ===
  BDOSC: k_hat=3  ACC=0.8889  NMI=0.7426  ARI=0.7049  2.2s

=== P1E_S4_C2 test[0] k=3  dim=576  frames=140  σ=0.5  fold=4 ===
  BDOSC: k_hat=3  ACC=0.7357  NMI=0.5588  ARI=0.4090  1.4s

=== P1E_S4_C3 test[0] k=3  dim=576  frames=87  σ=0.5  fold=4 ===
  BDOSC: k_hat=3  ACC=0.7471  NMI=0.6085  ARI=0.4756  0.6s

=== P1L_S1_C1 test[0] k=3  dim=576  frames=198  σ=0.5  fold=4 ===
  BDOSC: k_hat=3  ACC=0.6212  NMI=0.3383  ARI=0.1527  2.6s

=== P1L_S1_C2 test[0] k=3  dim=576  frames=128  σ=0.5  fold=4 ===
  BDOSC: k_hat=3  ACC=0.7344  NMI=0.5924  ARI=0.4070  1.3s

=== P1L_S1_C3 test[0] k=3  dim=576  frames=73  σ=0.5  fold=4 ===
  BDOSC: k_hat=3  ACC=0.8356  NMI=0.7170  ARI=0.5782  0.4s

=== P1L_S2_C1 test[0] k=3  dim=576  frames=172  σ=0.5  fold=4 ===
  BDOSC: k_hat=3  ACC=0.6221  NMI=0.4179  ARI=0.1992  2.0s

=== P1L_S2_C2 test[0] k=3  dim=576  frames=201  σ=0.5  fold=4 ===
  BDOSC: k_hat=3  ACC=0.7960  NMI=0.5937  ARI=0.5096  2.7s

=== P1L_S2_C3 test[0] k=3  dim=576  frames=126  σ=0.5  fold=4 ===
  BDOSC: k_hat=3  ACC=0.7381  NMI=0.4755  ARI=0.3286  1.1s

=== P1L_S3_C1 test[0] k=3  dim=576  frames=159  σ=0.5  fold=4 ===
  BDOSC: k_hat=3  ACC=0.6226  NMI=0.4978  ARI=0.3543  1.7s

=== P1L_S3_C2 test[0] k=3  dim=576  frames=168  σ=0.5  fold=4 ===
  BDOSC: k_hat=3  ACC=0.9048  NMI=0.7576  ARI=0.7736  1.9s

=== P1L_S3_C3 test[0] k=3  dim=576  frames=134  σ=0.5  fold=4 ===
  BDOSC: k_hat=3  ACC=0.7761  NMI=0.6466  ARI=0.4964  1.2s

=== P1L_S4_C1 test[0] k=3  dim=576  frames=142  σ=0.5  fold=4 ===
  BDOSC: k_hat=3  ACC=0.7113  NMI=0.5717  ARI=0.4601  1.4s

=== P1L_S4_C2 test[0] k=3  dim=576  frames=154  σ=0.5  fold=4 ===
  BDOSC: k_hat=3  ACC=0.5909  NMI=0.6028  ARI=0.4557  1.6s

=== P1L_S4_C3 test[0] k=3  dim=576  frames=112  σ=0.5  fold=4 ===
  BDOSC: k_hat=3  ACC=0.7589  NMI=0.6465  ARI=0.5162  0.9s
  tune_pool_groups=20: sampling from 22 held-in people (overlap allowed) instead of the 7 fixed partition group(s)

============================================================
σ=0.5 fold=5  test=['0015', '0016', '0021']  train mats=168  test mats=24  tune mats=480
  BDOSC: skip tuning, fixed lambda_1=0.2, lambda_2=1, gamma_1=0.01, p=1.1, max_iter=50
  wrote /nfs/turbo/umms-minjilab/lpullela/icassp_ssc_tv2/block_ssc_benchmark/cv/params/surveillance/split_k3_sigmas_min30_trials20_params_knownk_cv_bdosc_k3_sigma0p5_sigma0.5_fold5.json

=== P1E_S1_C1 train[0] k=3  dim=576  frames=146  σ=0.5  fold=5 ===
  BDOSC: k_hat=3  ACC=0.6301  NMI=0.4643  ARI=0.3046  1.5s

=== P1E_S1_C1 train[1] k=3  dim=576  frames=153  σ=0.5  fold=5 ===
  BDOSC: k_hat=3  ACC=0.5425  NMI=0.5387  ARI=0.3956  1.6s

=== P1E_S1_C1 train[2] k=3  dim=576  frames=130  σ=0.5  fold=5 ===
  BDOSC: k_hat=3  ACC=0.5846  NMI=0.6483  ARI=0.4486  1.2s

=== P1E_S1_C1 train[3] k=3  dim=576  frames=140  σ=0.5  fold=5 ===
  BDOSC: k_hat=3  ACC=0.9357  NMI=0.8207  ARI=0.8287  1.4s

=== P1E_S1_C1 train[4] k=3  dim=576  frames=157  σ=0.5  fold=5 ===
  BDOSC: k_hat=3  ACC=0.6178  NMI=0.3752  ARI=0.1813  1.7s

=== P1E_S1_C1 train[5] k=3  dim=576  frames=140  σ=0.5  fold=5 ===
  BDOSC: k_hat=3  ACC=0.6714  NMI=0.4994  ARI=0.3542  1.3s

=== P1E_S1_C1 train[6] k=3  dim=576  frames=171  σ=0.5  fold=5 ===
  BDOSC: k_hat=3  ACC=0.5906  NMI=0.3706  ARI=0.1612  2.0s

=== P1E_S1_C2 train[0] k=3  dim=576  frames=147  σ=0.5  fold=5 ===
  BDOSC: k_hat=3  ACC=0.9184  NMI=0.7868  ARI=0.7584  1.5s

=== P1E_S1_C2 train[1] k=3  dim=576  frames=115  σ=0.5  fold=5 ===
  BDOSC: k_hat=3  ACC=0.7913  NMI=0.6767  ARI=0.5918  0.9s

=== P1E_S1_C2 train[2] k=3  dim=576  frames=104  σ=0.5  fold=5 ===
  BDOSC: k_hat=3  ACC=0.5385  NMI=0.5986  ARI=0.4155  0.8s

=== P1E_S1_C2 train[3] k=3  dim=576  frames=138  σ=0.5  fold=5 ===
  BDOSC: k_hat=3  ACC=0.5435  NMI=0.4535  ARI=0.2732  1.3s

=== P1E_S1_C2 train[4] k=3  dim=576  frames=113  σ=0.5  fold=5 ===
  BDOSC: k_hat=3  ACC=0.7699  NMI=0.5370  ARI=0.3961  0.9s

=== P1E_S1_C2 train[5] k=3  dim=576  frames=122  σ=0.5  fold=5 ===
  BDOSC: k_hat=3  ACC=0.4426  NMI=0.2117  ARI=0.0414  1.0s

=== P1E_S1_C2 train[6] k=3  dim=576  frames=134  σ=0.5  fold=5 ===
  BDOSC: k_hat=3  ACC=0.4776  NMI=0.2315  ARI=0.0315  1.3s

=== P1E_S1_C3 train[0] k=3  dim=576  frames=58  σ=0.5  fold=5 ===
  BDOSC: k_hat=3  ACC=0.8103  NMI=0.5574  ARI=0.4650  0.3s

=== P1E_S1_C3 train[1] k=3  dim=576  frames=56  σ=0.5  fold=5 ===
  BDOSC: k_hat=3  ACC=0.6429  NMI=0.5382  ARI=0.3398  0.3s

=== P1E_S1_C3 train[2] k=3  dim=576  frames=47  σ=0.5  fold=5 ===
  BDOSC: k_hat=3  ACC=0.7660  NMI=0.6380  ARI=0.4948  0.2s

=== P1E_S1_C3 train[3] k=3  dim=576  frames=61  σ=0.5  fold=5 ===
  BDOSC: k_hat=3  ACC=0.6557  NMI=0.5727  ARI=0.3997  0.3s

=== P1E_S1_C3 train[4] k=3  dim=576  frames=37  σ=0.5  fold=5 ===
  BDOSC: k_hat=3  ACC=0.9189  NMI=0.7651  ARI=0.7553  0.2s

=== P1E_S1_C3 train[5] k=3  dim=576  frames=51  σ=0.5  fold=5 ===
  BDOSC: k_hat=3  ACC=0.8235  NMI=0.6227  ARI=0.5538  0.3s

=== P1E_S1_C3 train[6] k=3  dim=576  frames=69  σ=0.5  fold=5 ===
  BDOSC: k_hat=3  ACC=0.8261  NMI=0.6319  ARI=0.5685  0.4s

=== P1E_S2_C1 train[0] k=3  dim=576  frames=167  σ=0.5  fold=5 ===
  BDOSC: k_hat=3  ACC=0.7006  NMI=0.5258  ARI=0.3973  1.9s

=== P1E_S2_C1 train[1] k=3  dim=576  frames=151  σ=0.5  fold=5 ===
  BDOSC: k_hat=3  ACC=0.6556  NMI=0.5560  ARI=0.4096  1.6s

=== P1E_S2_C1 train[2] k=3  dim=576  frames=136  σ=0.5  fold=5 ===
  BDOSC: k_hat=3  ACC=0.5882  NMI=0.3268  ARI=0.1153  1.3s

=== P1E_S2_C1 train[3] k=3  dim=576  frames=180  σ=0.5  fold=5 ===
  BDOSC: k_hat=3  ACC=0.5778  NMI=0.3000  ARI=0.1075  2.2s

=== P1E_S2_C1 train[4] k=3  dim=576  frames=149  σ=0.5  fold=5 ===
  BDOSC: k_hat=3  ACC=0.5302  NMI=0.3239  ARI=0.0850  1.5s

=== P1E_S2_C1 train[5] k=3  dim=576  frames=161  σ=0.5  fold=5 ===
  BDOSC: k_hat=3  ACC=0.8323  NMI=0.7145  ARI=0.6203  1.7s

=== P1E_S2_C1 train[6] k=3  dim=576  frames=153  σ=0.5  fold=5 ===
  BDOSC: k_hat=3  ACC=0.6863  NMI=0.5281  ARI=0.3772  1.6s

=== P1E_S2_C2 train[0] k=3  dim=576  frames=146  σ=0.5  fold=5 ===
  BDOSC: k_hat=3  ACC=0.5411  NMI=0.5688  ARI=0.4121  1.5s

=== P1E_S2_C2 train[1] k=3  dim=576  frames=115  σ=0.5  fold=5 ===
  BDOSC: k_hat=3  ACC=0.6348  NMI=0.4963  ARI=0.3471  0.9s

=== P1E_S2_C2 train[2] k=3  dim=576  frames=109  σ=0.5  fold=5 ===
  BDOSC: k_hat=3  ACC=0.8257  NMI=0.6659  ARI=0.5858  0.9s

=== P1E_S2_C2 train[3] k=3  dim=576  frames=144  σ=0.5  fold=5 ===
  BDOSC: k_hat=3  ACC=0.5625  NMI=0.5664  ARI=0.3931  1.4s

=== P1E_S2_C2 train[4] k=3  dim=576  frames=124  σ=0.5  fold=5 ===
  BDOSC: k_hat=3  ACC=0.5887  NMI=0.5081  ARI=0.3502  1.1s

=== P1E_S2_C2 train[5] k=3  dim=576  frames=128  σ=0.5  fold=5 ===
  BDOSC: k_hat=3  ACC=0.4844  NMI=0.2596  ARI=0.0863  1.3s

=== P1E_S2_C2 train[6] k=3  dim=576  frames=126  σ=0.5  fold=5 ===
  BDOSC: k_hat=3  ACC=0.6508  NMI=0.5327  ARI=0.4355  1.1s

=== P1E_S2_C3 train[0] k=3  dim=576  frames=113  σ=0.5  fold=5 ===
  BDOSC: k_hat=3  ACC=0.5752  NMI=0.5925  ARI=0.4362  0.9s

=== P1E_S2_C3 train[1] k=3  dim=576  frames=88  σ=0.5  fold=5 ===
  BDOSC: k_hat=3  ACC=0.7500  NMI=0.5118  ARI=0.3748  0.6s

=== P1E_S2_C3 train[2] k=3  dim=576  frames=90  σ=0.5  fold=5 ===
  BDOSC: k_hat=3  ACC=0.5222  NMI=0.5888  ARI=0.4176  0.6s

=== P1E_S2_C3 train[3] k=3  dim=576  frames=112  σ=0.5  fold=5 ===
  BDOSC: k_hat=3  ACC=0.8125  NMI=0.6242  ARI=0.5402  0.9s

=== P1E_S2_C3 train[4] k=3  dim=576  frames=99  σ=0.5  fold=5 ===
  BDOSC: k_hat=3  ACC=0.8990  NMI=0.7512  ARI=0.7288  0.7s

=== P1E_S2_C3 train[5] k=3  dim=576  frames=105  σ=0.5  fold=5 ===
  BDOSC: k_hat=3  ACC=0.5619  NMI=0.5358  ARI=0.3855  0.8s

=== P1E_S2_C3 train[6] k=3  dim=576  frames=89  σ=0.5  fold=5 ===
  BDOSC: k_hat=3  ACC=0.6180  NMI=0.3919  ARI=0.1595  0.6s

=== P1E_S3_C1 train[0] k=3  dim=576  frames=166  σ=0.5  fold=5 ===
  BDOSC: k_hat=3  ACC=0.7410  NMI=0.4721  ARI=0.3304  1.9s

=== P1E_S3_C1 train[1] k=3  dim=576  frames=139  σ=0.5  fold=5 ===
  BDOSC: k_hat=3  ACC=0.8201  NMI=0.6238  ARI=0.5551  1.4s

=== P1E_S3_C1 train[2] k=3  dim=576  frames=134  σ=0.5  fold=5 ===
  BDOSC: k_hat=3  ACC=0.8358  NMI=0.6940  ARI=0.6029  1.3s

=== P1E_S3_C1 train[3] k=3  dim=576  frames=161  σ=0.5  fold=5 ===
  BDOSC: k_hat=3  ACC=0.9379  NMI=0.8294  ARI=0.8262  1.7s

=== P1E_S3_C1 train[4] k=3  dim=576  frames=168  σ=0.5  fold=5 ===
  BDOSC: k_hat=3  ACC=0.7143  NMI=0.5252  ARI=0.3718  1.9s

=== P1E_S3_C1 train[5] k=3  dim=576  frames=204  σ=0.5  fold=5 ===
  BDOSC: k_hat=3  ACC=0.6324  NMI=0.6520  ARI=0.5216  2.9s

=== P1E_S3_C1 train[6] k=3  dim=576  frames=112  σ=0.5  fold=5 ===
  BDOSC: k_hat=3  ACC=0.5625  NMI=0.3218  ARI=0.0951  0.9s

=== P1E_S3_C2 train[0] k=3  dim=576  frames=147  σ=0.5  fold=5 ===
  BDOSC: k_hat=3  ACC=0.6122  NMI=0.4859  ARI=0.3188  1.5s

=== P1E_S3_C2 train[1] k=3  dim=576  frames=120  σ=0.5  fold=5 ===
  BDOSC: k_hat=3  ACC=0.7333  NMI=0.5179  ARI=0.4053  1.0s

=== P1E_S3_C2 train[2] k=3  dim=576  frames=112  σ=0.5  fold=5 ===
  BDOSC: k_hat=3  ACC=0.6875  NMI=0.5716  ARI=0.4061  0.9s

=== P1E_S3_C2 train[3] k=3  dim=576  frames=168  σ=0.5  fold=5 ===
  BDOSC: k_hat=3  ACC=0.5833  NMI=0.4433  ARI=0.2898  1.8s

=== P1E_S3_C2 train[4] k=3  dim=576  frames=169  σ=0.5  fold=5 ===
  BDOSC: k_hat=3  ACC=0.6036  NMI=0.4889  ARI=0.3322  2.0s

=== P1E_S3_C2 train[5] k=3  dim=576  frames=146  σ=0.5  fold=5 ===
  BDOSC: k_hat=3  ACC=0.7671  NMI=0.5699  ARI=0.5156  1.5s

=== P1E_S3_C2 train[6] k=3  dim=576  frames=114  σ=0.5  fold=5 ===
  BDOSC: k_hat=3  ACC=0.6316  NMI=0.4219  ARI=0.2990  0.9s

=== P1E_S3_C3 train[0] k=3  dim=576  frames=105  σ=0.5  fold=5 ===
  BDOSC: k_hat=3  ACC=0.6476  NMI=0.4954  ARI=0.3334  0.8s

=== P1E_S3_C3 train[1] k=3  dim=576  frames=89  σ=0.5  fold=5 ===
  BDOSC: k_hat=3  ACC=0.7528  NMI=0.4758  ARI=0.3552  0.6s

=== P1E_S3_C3 train[2] k=3  dim=576  frames=84  σ=0.5  fold=5 ===
  BDOSC: k_hat=3  ACC=0.7381  NMI=0.4753  ARI=0.3280  0.6s

=== P1E_S3_C3 train[3] k=3  dim=576  frames=125  σ=0.5  fold=5 ===
  BDOSC: k_hat=3  ACC=0.7520  NMI=0.5102  ARI=0.3707  1.1s

=== P1E_S3_C3 train[4] k=3  dim=576  frames=128  σ=0.5  fold=5 ===
  BDOSC: k_hat=3  ACC=0.5312  NMI=0.4749  ARI=0.3038  1.2s

=== P1E_S3_C3 train[5] k=3  dim=576  frames=129  σ=0.5  fold=5 ===
  BDOSC: k_hat=3  ACC=0.6822  NMI=0.5971  ARI=0.4835  1.2s

=== P1E_S3_C3 train[6] k=3  dim=576  frames=84  σ=0.5  fold=5 ===
  BDOSC: k_hat=3  ACC=0.6310  NMI=0.5953  ARI=0.4730  0.6s

=== P1E_S4_C1 train[0] k=3  dim=576  frames=158  σ=0.5  fold=5 ===
  BDOSC: k_hat=3  ACC=0.7025  NMI=0.6265  ARI=0.3919  1.7s

=== P1E_S4_C1 train[1] k=3  dim=576  frames=107  σ=0.5  fold=5 ===
  BDOSC: k_hat=3  ACC=0.6729  NMI=0.5295  ARI=0.4083  0.9s

=== P1E_S4_C1 train[2] k=3  dim=576  frames=155  σ=0.5  fold=5 ===
  BDOSC: k_hat=3  ACC=0.6710  NMI=0.5084  ARI=0.3884  1.6s

=== P1E_S4_C1 train[3] k=3  dim=576  frames=182  σ=0.5  fold=5 ===
  BDOSC: k_hat=3  ACC=0.5549  NMI=0.2699  ARI=0.0893  2.2s

=== P1E_S4_C1 train[4] k=3  dim=576  frames=180  σ=0.5  fold=5 ===
  BDOSC: k_hat=3  ACC=0.8889  NMI=0.7426  ARI=0.7049  2.2s

=== P1E_S4_C1 train[5] k=3  dim=576  frames=147  σ=0.5  fold=5 ===
  BDOSC: k_hat=3  ACC=0.7075  NMI=0.5262  ARI=0.3827  1.5s

=== P1E_S4_C1 train[6] k=3  dim=576  frames=145  σ=0.5  fold=5 ===
  BDOSC: k_hat=3  ACC=0.5103  NMI=0.2877  ARI=0.0555  1.4s

=== P1E_S4_C2 train[0] k=3  dim=576  frames=117  σ=0.5  fold=5 ===
  BDOSC: k_hat=3  ACC=0.6410  NMI=0.5703  ARI=0.4366  1.0s

=== P1E_S4_C2 train[1] k=3  dim=576  frames=125  σ=0.5  fold=5 ===
  BDOSC: k_hat=3  ACC=0.6400  NMI=0.4917  ARI=0.3461  1.1s

=== P1E_S4_C2 train[2] k=3  dim=576  frames=122  σ=0.5  fold=5 ===
  BDOSC: k_hat=3  ACC=0.5246  NMI=0.4714  ARI=0.3031  1.0s

=== P1E_S4_C2 train[3] k=3  dim=576  frames=126  σ=0.5  fold=5 ===
  BDOSC: k_hat=3  ACC=0.6270  NMI=0.6359  ARI=0.4763  1.1s

=== P1E_S4_C2 train[4] k=3  dim=576  frames=140  σ=0.5  fold=5 ===
  BDOSC: k_hat=3  ACC=0.7357  NMI=0.5588  ARI=0.4090  1.4s

=== P1E_S4_C2 train[5] k=3  dim=576  frames=146  σ=0.5  fold=5 ===
  BDOSC: k_hat=3  ACC=0.4452  NMI=0.2933  ARI=0.1067  1.5s

=== P1E_S4_C2 train[6] k=3  dim=576  frames=110  σ=0.5  fold=5 ===
  BDOSC: k_hat=3  ACC=0.6000  NMI=0.3890  ARI=0.1713  0.9s

=== P1E_S4_C3 train[0] k=3  dim=576  frames=90  σ=0.5  fold=5 ===
  BDOSC: k_hat=3  ACC=0.7000  NMI=0.4202  ARI=0.2585  0.6s

=== P1E_S4_C3 train[1] k=3  dim=576  frames=64  σ=0.5  fold=5 ===
  BDOSC: k_hat=3  ACC=0.6719  NMI=0.4355  ARI=0.2244  0.4s

=== P1E_S4_C3 train[2] k=3  dim=576  frames=85  σ=0.5  fold=5 ===
  BDOSC: k_hat=3  ACC=0.6941  NMI=0.5493  ARI=0.4530  0.6s

=== P1E_S4_C3 train[3] k=3  dim=576  frames=105  σ=0.5  fold=5 ===
  BDOSC: k_hat=3  ACC=0.7143  NMI=0.6326  ARI=0.4606  0.8s

=== P1E_S4_C3 train[4] k=3  dim=576  frames=87  σ=0.5  fold=5 ===
  BDOSC: k_hat=3  ACC=0.7471  NMI=0.6085  ARI=0.4756  0.6s

=== P1E_S4_C3 train[5] k=3  dim=576  frames=106  σ=0.5  fold=5 ===
  BDOSC: k_hat=3  ACC=0.7925  NMI=0.6314  ARI=0.5720  0.8s

=== P1E_S4_C3 train[6] k=3  dim=576  frames=79  σ=0.5  fold=5 ===
  BDOSC: k_hat=3  ACC=0.5316  NMI=0.4751  ARI=0.3015  0.6s

=== P1L_S1_C1 train[0] k=3  dim=576  frames=162  σ=0.5  fold=5 ===
  BDOSC: k_hat=3  ACC=0.6420  NMI=0.5022  ARI=0.3529  1.8s

=== P1L_S1_C1 train[1] k=3  dim=576  frames=170  σ=0.5  fold=5 ===
  BDOSC: k_hat=3  ACC=0.6706  NMI=0.5620  ARI=0.4176  2.0s

=== P1L_S1_C1 train[2] k=3  dim=576  frames=155  σ=0.5  fold=5 ===
  BDOSC: k_hat=3  ACC=0.7677  NMI=0.6360  ARI=0.5419  1.6s

=== P1L_S1_C1 train[3] k=3  dim=576  frames=182  σ=0.5  fold=5 ===
  BDOSC: k_hat=3  ACC=0.9066  NMI=0.7570  ARI=0.7591  2.2s

=== P1L_S1_C1 train[4] k=3  dim=576  frames=198  σ=0.5  fold=5 ===
  BDOSC: k_hat=3  ACC=0.6212  NMI=0.3383  ARI=0.1527  2.6s

=== P1L_S1_C1 train[5] k=3  dim=576  frames=116  σ=0.5  fold=5 ===
  BDOSC: k_hat=3  ACC=0.5690  NMI=0.3470  ARI=0.1278  1.0s

=== P1L_S1_C1 train[6] k=3  dim=576  frames=175  σ=0.5  fold=5 ===
  BDOSC: k_hat=3  ACC=0.5314  NMI=0.3123  ARI=0.1244  2.1s

=== P1L_S1_C2 train[0] k=3  dim=576  frames=186  σ=0.5  fold=5 ===
  BDOSC: k_hat=3  ACC=0.6667  NMI=0.4174  ARI=0.2437  2.4s

=== P1L_S1_C2 train[1] k=3  dim=576  frames=137  σ=0.5  fold=5 ===
  BDOSC: k_hat=3  ACC=0.5766  NMI=0.4801  ARI=0.3271  1.3s

=== P1L_S1_C2 train[2] k=3  dim=576  frames=147  σ=0.5  fold=5 ===
  BDOSC: k_hat=3  ACC=0.7279  NMI=0.6589  ARI=0.5423  1.5s

=== P1L_S1_C2 train[3] k=3  dim=576  frames=181  σ=0.5  fold=5 ===
  BDOSC: k_hat=3  ACC=0.8619  NMI=0.6762  ARI=0.6407  2.2s

=== P1L_S1_C2 train[4] k=3  dim=576  frames=128  σ=0.5  fold=5 ===
  BDOSC: k_hat=3  ACC=0.7344  NMI=0.5924  ARI=0.4070  1.3s

=== P1L_S1_C2 train[5] k=3  dim=576  frames=142  σ=0.5  fold=5 ===
  BDOSC: k_hat=3  ACC=0.6479  NMI=0.4106  ARI=0.2258  1.4s

=== P1L_S1_C2 train[6] k=3  dim=576  frames=168  σ=0.5  fold=5 ===
  BDOSC: k_hat=3  ACC=0.5179  NMI=0.2795  ARI=0.0612  1.9s

=== P1L_S1_C3 train[0] k=3  dim=576  frames=60  σ=0.5  fold=5 ===
  BDOSC: k_hat=3  ACC=0.8833  NMI=0.7419  ARI=0.7034  0.3s

=== P1L_S1_C3 train[1] k=3  dim=576  frames=68  σ=0.5  fold=5 ===
  BDOSC: k_hat=3  ACC=0.8529  NMI=0.7451  ARI=0.6308  0.4s

=== P1L_S1_C3 train[2] k=3  dim=576  frames=65  σ=0.5  fold=5 ===
  BDOSC: k_hat=3  ACC=0.8154  NMI=0.6135  ARI=0.5398  0.3s

=== P1L_S1_C3 train[3] k=3  dim=576  frames=74  σ=0.5  fold=5 ===
  BDOSC: k_hat=3  ACC=0.8514  NMI=0.6947  ARI=0.6491  0.4s

=== P1L_S1_C3 train[4] k=3  dim=576  frames=73  σ=0.5  fold=5 ===
  BDOSC: k_hat=3  ACC=0.8356  NMI=0.7170  ARI=0.5782  0.4s

=== P1L_S1_C3 train[5] k=3  dim=576  frames=63  σ=0.5  fold=5 ===
  BDOSC: k_hat=3  ACC=0.5714  NMI=0.3734  ARI=0.1228  0.3s

=== P1L_S1_C3 train[6] k=3  dim=576  frames=75  σ=0.5  fold=5 ===
  BDOSC: k_hat=3  ACC=0.7067  NMI=0.4546  ARI=0.2702  0.4s

=== P1L_S2_C1 train[0] k=3  dim=576  frames=211  σ=0.5  fold=5 ===
  BDOSC: k_hat=3  ACC=0.6825  NMI=0.5053  ARI=0.3736  3.0s

=== P1L_S2_C1 train[1] k=3  dim=576  frames=190  σ=0.5  fold=5 ===
  BDOSC: k_hat=3  ACC=0.6526  NMI=0.3761  ARI=0.2035  2.4s

=== P1L_S2_C1 train[2] k=3  dim=576  frames=180  σ=0.5  fold=5 ===
  BDOSC: k_hat=3  ACC=0.5333  NMI=0.2978  ARI=0.1151  2.2s

=== P1L_S2_C1 train[3] k=3  dim=576  frames=177  σ=0.5  fold=5 ===
  BDOSC: k_hat=3  ACC=0.8362  NMI=0.6964  ARI=0.6485  2.1s

=== P1L_S2_C1 train[4] k=3  dim=576  frames=172  σ=0.5  fold=5 ===
  BDOSC: k_hat=3  ACC=0.6221  NMI=0.4179  ARI=0.1992  2.0s

=== P1L_S2_C1 train[5] k=3  dim=576  frames=180  σ=0.5  fold=5 ===
  BDOSC: k_hat=3  ACC=0.3722  NMI=0.1254  ARI=-0.0407  2.2s

=== P1L_S2_C1 train[6] k=3  dim=576  frames=133  σ=0.5  fold=5 ===
  BDOSC: k_hat=3  ACC=0.4812  NMI=0.2878  ARI=0.0571  1.3s

=== P1L_S2_C2 train[0] k=3  dim=576  frames=194  σ=0.5  fold=5 ===
  BDOSC: k_hat=3  ACC=0.6031  NMI=0.4352  ARI=0.2848  2.5s

=== P1L_S2_C2 train[1] k=3  dim=576  frames=155  σ=0.5  fold=5 ===
  BDOSC: k_hat=3  ACC=0.5935  NMI=0.5355  ARI=0.3861  1.7s

=== P1L_S2_C2 train[2] k=3  dim=576  frames=134  σ=0.5  fold=5 ===
  BDOSC: k_hat=3  ACC=0.8507  NMI=0.6903  ARI=0.6927  1.3s

=== P1L_S2_C2 train[3] k=3  dim=576  frames=186  σ=0.5  fold=5 ===
  BDOSC: k_hat=3  ACC=0.5591  NMI=0.3516  ARI=0.1379  2.4s

=== P1L_S2_C2 train[4] k=3  dim=576  frames=201  σ=0.5  fold=5 ===
  BDOSC: k_hat=3  ACC=0.7960  NMI=0.5937  ARI=0.5096  2.7s

=== P1L_S2_C2 train[5] k=3  dim=576  frames=160  σ=0.5  fold=5 ===
  BDOSC: k_hat=3  ACC=0.8125  NMI=0.5977  ARI=0.5471  1.9s

=== P1L_S2_C2 train[6] k=3  dim=576  frames=154  σ=0.5  fold=5 ===
  BDOSC: k_hat=3  ACC=0.4805  NMI=0.1699  ARI=0.0354  1.6s

=== P1L_S2_C3 train[0] k=3  dim=576  frames=119  σ=0.5  fold=5 ===
  BDOSC: k_hat=3  ACC=0.5882  NMI=0.4640  ARI=0.2829  1.0s

=== P1L_S2_C3 train[1] k=3  dim=576  frames=101  σ=0.5  fold=5 ===
  BDOSC: k_hat=3  ACC=0.7129  NMI=0.5270  ARI=0.3714  0.8s

=== P1L_S2_C3 train[2] k=3  dim=576  frames=85  σ=0.5  fold=5 ===
  BDOSC: k_hat=3  ACC=0.6235  NMI=0.3803  ARI=0.1762  0.6s

=== P1L_S2_C3 train[3] k=3  dim=576  frames=112  σ=0.5  fold=5 ===
  BDOSC: k_hat=3  ACC=0.7054  NMI=0.4692  ARI=0.2866  0.9s

=== P1L_S2_C3 train[4] k=3  dim=576  frames=126  σ=0.5  fold=5 ===
  BDOSC: k_hat=3  ACC=0.7381  NMI=0.4755  ARI=0.3286  1.1s

=== P1L_S2_C3 train[5] k=3  dim=576  frames=121  σ=0.5  fold=5 ===
  BDOSC: k_hat=3  ACC=0.9835  NMI=0.9387  ARI=0.9494  1.1s

=== P1L_S2_C3 train[6] k=3  dim=576  frames=99  σ=0.5  fold=5 ===
  BDOSC: k_hat=3  ACC=0.6061  NMI=0.3698  ARI=0.1389  0.7s

=== P1L_S3_C1 train[0] k=3  dim=576  frames=156  σ=0.5  fold=5 ===
  BDOSC: k_hat=3  ACC=0.6410  NMI=0.5462  ARI=0.3667  1.6s

=== P1L_S3_C1 train[1] k=3  dim=576  frames=120  σ=0.5  fold=5 ===
  BDOSC: k_hat=3  ACC=0.8250  NMI=0.6812  ARI=0.5762  1.0s

=== P1L_S3_C1 train[2] k=3  dim=576  frames=185  σ=0.5  fold=5 ===
  BDOSC: k_hat=3  ACC=0.7081  NMI=0.6203  ARI=0.4932  2.3s

=== P1L_S3_C1 train[3] k=3  dim=576  frames=156  σ=0.5  fold=5 ===
  BDOSC: k_hat=3  ACC=0.6410  NMI=0.5949  ARI=0.4809  1.6s

=== P1L_S3_C1 train[4] k=3  dim=576  frames=159  σ=0.5  fold=5 ===
  BDOSC: k_hat=3  ACC=0.6226  NMI=0.4978  ARI=0.3543  1.7s

=== P1L_S3_C1 train[5] k=3  dim=576  frames=176  σ=0.5  fold=5 ===
  BDOSC: k_hat=3  ACC=0.7784  NMI=0.5957  ARI=0.5159  2.0s

=== P1L_S3_C1 train[6] k=3  dim=576  frames=134  σ=0.5  fold=5 ===
  BDOSC: k_hat=3  ACC=0.7388  NMI=0.5727  ARI=0.4678  1.3s

=== P1L_S3_C2 train[0] k=3  dim=576  frames=185  σ=0.5  fold=5 ===
  BDOSC: k_hat=3  ACC=0.5676  NMI=0.4613  ARI=0.3114  2.3s

=== P1L_S3_C2 train[1] k=3  dim=576  frames=125  σ=0.5  fold=5 ===
  BDOSC: k_hat=3  ACC=0.6640  NMI=0.4940  ARI=0.3217  1.1s

=== P1L_S3_C2 train[2] k=3  dim=576  frames=166  σ=0.5  fold=5 ===
  BDOSC: k_hat=3  ACC=0.5422  NMI=0.5460  ARI=0.3706  1.9s

=== P1L_S3_C2 train[3] k=3  dim=576  frames=209  σ=0.5  fold=5 ===
  BDOSC: k_hat=3  ACC=0.6077  NMI=0.4645  ARI=0.3251  2.9s

=== P1L_S3_C2 train[4] k=3  dim=576  frames=168  σ=0.5  fold=5 ===
  BDOSC: k_hat=3  ACC=0.9048  NMI=0.7576  ARI=0.7736  1.9s

=== P1L_S3_C2 train[5] k=3  dim=576  frames=229  σ=0.5  fold=5 ===
  BDOSC: k_hat=3  ACC=0.3581  NMI=0.1318  ARI=-0.0002  3.5s

=== P1L_S3_C2 train[6] k=3  dim=576  frames=136  σ=0.5  fold=5 ===
  BDOSC: k_hat=3  ACC=0.5221  NMI=0.5844  ARI=0.4071  1.3s

=== P1L_S3_C3 train[0] k=3  dim=576  frames=151  σ=0.5  fold=5 ===
  BDOSC: k_hat=3  ACC=0.6755  NMI=0.4983  ARI=0.3177  1.6s

=== P1L_S3_C3 train[1] k=3  dim=576  frames=118  σ=0.5  fold=5 ===
  BDOSC: k_hat=3  ACC=0.8051  NMI=0.6959  ARI=0.6054  1.0s

=== P1L_S3_C3 train[2] k=3  dim=576  frames=121  σ=0.5  fold=5 ===
  BDOSC: k_hat=3  ACC=0.8264  NMI=0.6660  ARI=0.5969  1.0s

=== P1L_S3_C3 train[3] k=3  dim=576  frames=142  σ=0.5  fold=5 ===
  BDOSC: k_hat=3  ACC=0.7254  NMI=0.5492  ARI=0.4249  1.4s

=== P1L_S3_C3 train[4] k=3  dim=576  frames=134  σ=0.5  fold=5 ===
  BDOSC: k_hat=3  ACC=0.7761  NMI=0.6466  ARI=0.4964  1.3s

=== P1L_S3_C3 train[5] k=3  dim=576  frames=161  σ=0.5  fold=5 ===
  BDOSC: k_hat=3  ACC=0.7826  NMI=0.6242  ARI=0.5087  1.8s

=== P1L_S3_C3 train[6] k=3  dim=576  frames=114  σ=0.5  fold=5 ===
  BDOSC: k_hat=3  ACC=0.5351  NMI=0.3295  ARI=0.0856  0.9s

=== P1L_S4_C1 train[0] k=3  dim=576  frames=200  σ=0.5  fold=5 ===
  BDOSC: k_hat=3  ACC=0.6150  NMI=0.4286  ARI=0.2413  2.6s

=== P1L_S4_C1 train[1] k=3  dim=576  frames=157  σ=0.5  fold=5 ===
  BDOSC: k_hat=3  ACC=0.8217  NMI=0.6448  ARI=0.6091  1.7s

=== P1L_S4_C1 train[2] k=3  dim=576  frames=154  σ=0.5  fold=5 ===
  BDOSC: k_hat=3  ACC=0.7532  NMI=0.5379  ARI=0.4158  1.6s

=== P1L_S4_C1 train[3] k=3  dim=576  frames=168  σ=0.5  fold=5 ===
  BDOSC: k_hat=3  ACC=0.6667  NMI=0.6701  ARI=0.5023  1.9s

=== P1L_S4_C1 train[4] k=3  dim=576  frames=142  σ=0.5  fold=5 ===
  BDOSC: k_hat=3  ACC=0.7113  NMI=0.5717  ARI=0.4601  1.4s

=== P1L_S4_C1 train[5] k=3  dim=576  frames=187  σ=0.5  fold=5 ===
  BDOSC: k_hat=3  ACC=0.6043  NMI=0.5610  ARI=0.4355  2.3s

=== P1L_S4_C1 train[6] k=3  dim=576  frames=202  σ=0.5  fold=5 ===
  BDOSC: k_hat=3  ACC=0.4802  NMI=0.4189  ARI=0.2414  2.8s

=== P1L_S4_C2 train[0] k=3  dim=576  frames=157  σ=0.5  fold=5 ===
  BDOSC: k_hat=3  ACC=0.5669  NMI=0.2685  ARI=0.0841  1.7s

=== P1L_S4_C2 train[1] k=3  dim=576  frames=149  σ=0.5  fold=5 ===
  BDOSC: k_hat=3  ACC=0.5973  NMI=0.6403  ARI=0.4712  1.6s

=== P1L_S4_C2 train[2] k=3  dim=576  frames=175  σ=0.5  fold=5 ===
  BDOSC: k_hat=3  ACC=0.6514  NMI=0.5727  ARI=0.4259  2.1s

=== P1L_S4_C2 train[3] k=3  dim=576  frames=168  σ=0.5  fold=5 ===
  BDOSC: k_hat=3  ACC=0.7560  NMI=0.6324  ARI=0.5032  1.9s

=== P1L_S4_C2 train[4] k=3  dim=576  frames=154  σ=0.5  fold=5 ===
  BDOSC: k_hat=3  ACC=0.5909  NMI=0.6028  ARI=0.4557  1.6s

=== P1L_S4_C2 train[5] k=3  dim=576  frames=169  σ=0.5  fold=5 ===
  BDOSC: k_hat=3  ACC=0.5858  NMI=0.4103  ARI=0.2217  2.0s

=== P1L_S4_C2 train[6] k=3  dim=576  frames=153  σ=0.5  fold=5 ===
  BDOSC: k_hat=3  ACC=0.5033  NMI=0.2009  ARI=0.0375  1.6s

=== P1L_S4_C3 train[0] k=3  dim=576  frames=96  σ=0.5  fold=5 ===
  BDOSC: k_hat=3  ACC=0.5833  NMI=0.4731  ARI=0.3043  0.7s

=== P1L_S4_C3 train[1] k=3  dim=576  frames=107  σ=0.5  fold=5 ===
  BDOSC: k_hat=3  ACC=0.7009  NMI=0.5176  ARI=0.3661  0.9s

=== P1L_S4_C3 train[2] k=3  dim=576  frames=94  σ=0.5  fold=5 ===
  BDOSC: k_hat=3  ACC=0.6809  NMI=0.4906  ARI=0.3516  0.7s

=== P1L_S4_C3 train[3] k=3  dim=576  frames=117  σ=0.5  fold=5 ===
  BDOSC: k_hat=3  ACC=0.5128  NMI=0.4805  ARI=0.3122  1.0s

=== P1L_S4_C3 train[4] k=3  dim=576  frames=112  σ=0.5  fold=5 ===
  BDOSC: k_hat=3  ACC=0.7589  NMI=0.6465  ARI=0.5162  0.9s

=== P1L_S4_C3 train[5] k=3  dim=576  frames=105  σ=0.5  fold=5 ===
  BDOSC: k_hat=3  ACC=0.8476  NMI=0.6727  ARI=0.6309  0.8s

=== P1L_S4_C3 train[6] k=3  dim=576  frames=107  σ=0.5  fold=5 ===
  BDOSC: k_hat=3  ACC=0.6729  NMI=0.5490  ARI=0.4481  0.8s

=== P1E_S1_C1 test[0] k=3  dim=576  frames=151  σ=0.5  fold=5 ===
  BDOSC: k_hat=3  ACC=0.7815  NMI=0.5692  ARI=0.4603  1.6s

=== P1E_S1_C2 test[0] k=3  dim=576  frames=122  σ=0.5  fold=5 ===
  BDOSC: k_hat=3  ACC=0.5738  NMI=0.5567  ARI=0.4242  1.0s

=== P1E_S1_C3 test[0] k=3  dim=576  frames=55  σ=0.5  fold=5 ===
  BDOSC: k_hat=3  ACC=0.7636  NMI=0.5285  ARI=0.3826  0.3s

=== P1E_S2_C1 test[0] k=3  dim=576  frames=124  σ=0.5  fold=5 ===
  BDOSC: k_hat=3  ACC=0.5968  NMI=0.3936  ARI=0.1722  1.0s

=== P1E_S2_C2 test[0] k=3  dim=576  frames=109  σ=0.5  fold=5 ===
  BDOSC: k_hat=3  ACC=0.7431  NMI=0.6223  ARI=0.5606  0.9s

=== P1E_S2_C3 test[0] k=3  dim=576  frames=87  σ=0.5  fold=5 ===
  BDOSC: k_hat=3  ACC=0.5862  NMI=0.3716  ARI=0.1283  0.6s

=== P1E_S3_C1 test[0] k=3  dim=576  frames=123  σ=0.5  fold=5 ===
  BDOSC: k_hat=3  ACC=0.7236  NMI=0.5785  ARI=0.4474  1.1s

=== P1E_S3_C2 test[0] k=3  dim=576  frames=107  σ=0.5  fold=5 ===
  BDOSC: k_hat=3  ACC=0.6729  NMI=0.4439  ARI=0.2410  0.8s

=== P1E_S3_C3 test[0] k=3  dim=576  frames=83  σ=0.5  fold=5 ===
  BDOSC: k_hat=3  ACC=0.7831  NMI=0.7208  ARI=0.5973  0.6s

=== P1E_S4_C1 test[0] k=3  dim=576  frames=133  σ=0.5  fold=5 ===
  BDOSC: k_hat=3  ACC=0.6541  NMI=0.6396  ARI=0.4916  1.3s

=== P1E_S4_C2 test[0] k=3  dim=576  frames=129  σ=0.5  fold=5 ===
  BDOSC: k_hat=3  ACC=0.6202  NMI=0.4779  ARI=0.3301  1.2s

=== P1E_S4_C3 test[0] k=3  dim=576  frames=76  σ=0.5  fold=5 ===
  BDOSC: k_hat=3  ACC=0.6711  NMI=0.5442  ARI=0.4362  0.5s

=== P1L_S1_C1 test[0] k=3  dim=576  frames=166  σ=0.5  fold=5 ===
  BDOSC: k_hat=3  ACC=0.7831  NMI=0.6044  ARI=0.5340  1.9s

=== P1L_S1_C2 test[0] k=3  dim=576  frames=154  σ=0.5  fold=5 ===
  BDOSC: k_hat=3  ACC=0.5714  NMI=0.3286  ARI=0.1136  1.6s

=== P1L_S1_C3 test[0] k=3  dim=576  frames=64  σ=0.5  fold=5 ===
  BDOSC: k_hat=3  ACC=0.9531  NMI=0.8744  ARI=0.8727  0.3s

=== P1L_S2_C1 test[0] k=3  dim=576  frames=179  σ=0.5  fold=5 ===
  BDOSC: k_hat=3  ACC=0.5475  NMI=0.3796  ARI=0.2092  2.1s

=== P1L_S2_C2 test[0] k=3  dim=576  frames=171  σ=0.5  fold=5 ===
  BDOSC: k_hat=3  ACC=0.7602  NMI=0.5840  ARI=0.4906  2.1s

=== P1L_S2_C3 test[0] k=3  dim=576  frames=102  σ=0.5  fold=5 ===
  BDOSC: k_hat=3  ACC=0.6176  NMI=0.5327  ARI=0.3949  0.8s

=== P1L_S3_C1 test[0] k=3  dim=576  frames=172  σ=0.5  fold=5 ===
  BDOSC: k_hat=3  ACC=0.5872  NMI=0.5451  ARI=0.4189  2.0s

=== P1L_S3_C2 test[0] k=3  dim=576  frames=187  σ=0.5  fold=5 ===
  BDOSC: k_hat=3  ACC=0.6898  NMI=0.5268  ARI=0.4467  2.3s

=== P1L_S3_C3 test[0] k=3  dim=576  frames=110  σ=0.5  fold=5 ===
  BDOSC: k_hat=3  ACC=0.5364  NMI=0.5668  ARI=0.4070  0.9s

=== P1L_S4_C1 test[0] k=3  dim=576  frames=164  σ=0.5  fold=5 ===
  BDOSC: k_hat=3  ACC=0.6585  NMI=0.5240  ARI=0.3837  1.8s

=== P1L_S4_C2 test[0] k=3  dim=576  frames=152  σ=0.5  fold=5 ===
  BDOSC: k_hat=3  ACC=0.4342  NMI=0.2587  ARI=0.0889  1.7s

=== P1L_S4_C3 test[0] k=3  dim=576  frames=103  σ=0.5  fold=5 ===
  BDOSC: k_hat=3  ACC=0.8932  NMI=0.7850  ARI=0.7176  0.8s
  tune_pool_groups=20: sampling from 22 held-in people (overlap allowed) instead of the 7 fixed partition group(s)

============================================================
σ=0.5 fold=6  test=['0007', '0010', '0020']  train mats=168  test mats=24  tune mats=480
  BDOSC: skip tuning, fixed lambda_1=0.2, lambda_2=1, gamma_1=0.01, p=1.1, max_iter=50
  wrote /nfs/turbo/umms-minjilab/lpullela/icassp_ssc_tv2/block_ssc_benchmark/cv/params/surveillance/split_k3_sigmas_min30_trials20_params_knownk_cv_bdosc_k3_sigma0p5_sigma0.5_fold6.json

=== P1E_S1_C1 train[0] k=3  dim=576  frames=146  σ=0.5  fold=6 ===
  BDOSC: k_hat=3  ACC=0.6301  NMI=0.4643  ARI=0.3046  1.5s

=== P1E_S1_C1 train[1] k=3  dim=576  frames=153  σ=0.5  fold=6 ===
  BDOSC: k_hat=3  ACC=0.5425  NMI=0.5387  ARI=0.3956  1.6s

=== P1E_S1_C1 train[2] k=3  dim=576  frames=130  σ=0.5  fold=6 ===
  BDOSC: k_hat=3  ACC=0.5846  NMI=0.6483  ARI=0.4486  1.2s

=== P1E_S1_C1 train[3] k=3  dim=576  frames=140  σ=0.5  fold=6 ===
  BDOSC: k_hat=3  ACC=0.9357  NMI=0.8207  ARI=0.8287  1.4s

=== P1E_S1_C1 train[4] k=3  dim=576  frames=157  σ=0.5  fold=6 ===
  BDOSC: k_hat=3  ACC=0.6178  NMI=0.3752  ARI=0.1813  1.7s

=== P1E_S1_C1 train[5] k=3  dim=576  frames=151  σ=0.5  fold=6 ===
  BDOSC: k_hat=3  ACC=0.7815  NMI=0.5692  ARI=0.4603  1.6s

=== P1E_S1_C1 train[6] k=3  dim=576  frames=171  σ=0.5  fold=6 ===
  BDOSC: k_hat=3  ACC=0.5906  NMI=0.3706  ARI=0.1612  2.0s

=== P1E_S1_C2 train[0] k=3  dim=576  frames=147  σ=0.5  fold=6 ===
  BDOSC: k_hat=3  ACC=0.9184  NMI=0.7868  ARI=0.7584  1.5s

=== P1E_S1_C2 train[1] k=3  dim=576  frames=115  σ=0.5  fold=6 ===
  BDOSC: k_hat=3  ACC=0.7913  NMI=0.6767  ARI=0.5918  0.9s

=== P1E_S1_C2 train[2] k=3  dim=576  frames=104  σ=0.5  fold=6 ===
  BDOSC: k_hat=3  ACC=0.5385  NMI=0.5986  ARI=0.4155  0.8s

=== P1E_S1_C2 train[3] k=3  dim=576  frames=138  σ=0.5  fold=6 ===
  BDOSC: k_hat=3  ACC=0.5435  NMI=0.4535  ARI=0.2732  1.3s

=== P1E_S1_C2 train[4] k=3  dim=576  frames=113  σ=0.5  fold=6 ===
  BDOSC: k_hat=3  ACC=0.7699  NMI=0.5370  ARI=0.3961  0.9s

=== P1E_S1_C2 train[5] k=3  dim=576  frames=122  σ=0.5  fold=6 ===
  BDOSC: k_hat=3  ACC=0.5738  NMI=0.5567  ARI=0.4242  1.0s

=== P1E_S1_C2 train[6] k=3  dim=576  frames=134  σ=0.5  fold=6 ===
  BDOSC: k_hat=3  ACC=0.4776  NMI=0.2315  ARI=0.0315  1.3s

=== P1E_S1_C3 train[0] k=3  dim=576  frames=58  σ=0.5  fold=6 ===
  BDOSC: k_hat=3  ACC=0.8103  NMI=0.5574  ARI=0.4650  0.3s

=== P1E_S1_C3 train[1] k=3  dim=576  frames=56  σ=0.5  fold=6 ===
  BDOSC: k_hat=3  ACC=0.6429  NMI=0.5382  ARI=0.3398  0.3s

=== P1E_S1_C3 train[2] k=3  dim=576  frames=47  σ=0.5  fold=6 ===
  BDOSC: k_hat=3  ACC=0.7660  NMI=0.6380  ARI=0.4948  0.2s

=== P1E_S1_C3 train[3] k=3  dim=576  frames=61  σ=0.5  fold=6 ===
  BDOSC: k_hat=3  ACC=0.6557  NMI=0.5727  ARI=0.3997  0.3s

=== P1E_S1_C3 train[4] k=3  dim=576  frames=37  σ=0.5  fold=6 ===
  BDOSC: k_hat=3  ACC=0.9189  NMI=0.7651  ARI=0.7553  0.2s

=== P1E_S1_C3 train[5] k=3  dim=576  frames=55  σ=0.5  fold=6 ===
  BDOSC: k_hat=3  ACC=0.7636  NMI=0.5285  ARI=0.3826  0.3s

=== P1E_S1_C3 train[6] k=3  dim=576  frames=69  σ=0.5  fold=6 ===
  BDOSC: k_hat=3  ACC=0.8261  NMI=0.6319  ARI=0.5685  0.4s

=== P1E_S2_C1 train[0] k=3  dim=576  frames=167  σ=0.5  fold=6 ===
  BDOSC: k_hat=3  ACC=0.7006  NMI=0.5258  ARI=0.3973  1.9s

=== P1E_S2_C1 train[1] k=3  dim=576  frames=151  σ=0.5  fold=6 ===
  BDOSC: k_hat=3  ACC=0.6556  NMI=0.5560  ARI=0.4096  1.6s

=== P1E_S2_C1 train[2] k=3  dim=576  frames=136  σ=0.5  fold=6 ===
  BDOSC: k_hat=3  ACC=0.5882  NMI=0.3268  ARI=0.1153  1.3s

=== P1E_S2_C1 train[3] k=3  dim=576  frames=180  σ=0.5  fold=6 ===
  BDOSC: k_hat=3  ACC=0.5778  NMI=0.3000  ARI=0.1075  2.2s

=== P1E_S2_C1 train[4] k=3  dim=576  frames=149  σ=0.5  fold=6 ===
  BDOSC: k_hat=3  ACC=0.5302  NMI=0.3239  ARI=0.0850  1.5s

=== P1E_S2_C1 train[5] k=3  dim=576  frames=124  σ=0.5  fold=6 ===
  BDOSC: k_hat=3  ACC=0.5968  NMI=0.3936  ARI=0.1722  1.1s

=== P1E_S2_C1 train[6] k=3  dim=576  frames=153  σ=0.5  fold=6 ===
  BDOSC: k_hat=3  ACC=0.6863  NMI=0.5281  ARI=0.3772  1.6s

=== P1E_S2_C2 train[0] k=3  dim=576  frames=146  σ=0.5  fold=6 ===
  BDOSC: k_hat=3  ACC=0.5411  NMI=0.5688  ARI=0.4121  1.5s

=== P1E_S2_C2 train[1] k=3  dim=576  frames=115  σ=0.5  fold=6 ===
  BDOSC: k_hat=3  ACC=0.6348  NMI=0.4963  ARI=0.3471  0.9s

=== P1E_S2_C2 train[2] k=3  dim=576  frames=109  σ=0.5  fold=6 ===
  BDOSC: k_hat=3  ACC=0.8257  NMI=0.6659  ARI=0.5858  0.9s

=== P1E_S2_C2 train[3] k=3  dim=576  frames=144  σ=0.5  fold=6 ===
  BDOSC: k_hat=3  ACC=0.5625  NMI=0.5664  ARI=0.3931  1.5s

=== P1E_S2_C2 train[4] k=3  dim=576  frames=124  σ=0.5  fold=6 ===
  BDOSC: k_hat=3  ACC=0.5887  NMI=0.5081  ARI=0.3502  1.1s

=== P1E_S2_C2 train[5] k=3  dim=576  frames=109  σ=0.5  fold=6 ===
  BDOSC: k_hat=3  ACC=0.7431  NMI=0.6223  ARI=0.5606  0.9s

=== P1E_S2_C2 train[6] k=3  dim=576  frames=126  σ=0.5  fold=6 ===
  BDOSC: k_hat=3  ACC=0.6508  NMI=0.5327  ARI=0.4355  1.1s

=== P1E_S2_C3 train[0] k=3  dim=576  frames=113  σ=0.5  fold=6 ===
  BDOSC: k_hat=3  ACC=0.5752  NMI=0.5925  ARI=0.4362  0.9s

=== P1E_S2_C3 train[1] k=3  dim=576  frames=88  σ=0.5  fold=6 ===
  BDOSC: k_hat=3  ACC=0.7500  NMI=0.5118  ARI=0.3748  0.6s

=== P1E_S2_C3 train[2] k=3  dim=576  frames=90  σ=0.5  fold=6 ===
  BDOSC: k_hat=3  ACC=0.5222  NMI=0.5888  ARI=0.4176  0.6s

=== P1E_S2_C3 train[3] k=3  dim=576  frames=112  σ=0.5  fold=6 ===
  BDOSC: k_hat=3  ACC=0.8125  NMI=0.6242  ARI=0.5402  0.9s

=== P1E_S2_C3 train[4] k=3  dim=576  frames=99  σ=0.5  fold=6 ===
  BDOSC: k_hat=3  ACC=0.8990  NMI=0.7512  ARI=0.7288  0.7s

=== P1E_S2_C3 train[5] k=3  dim=576  frames=87  σ=0.5  fold=6 ===
  BDOSC: k_hat=3  ACC=0.5862  NMI=0.3716  ARI=0.1283  0.6s

=== P1E_S2_C3 train[6] k=3  dim=576  frames=89  σ=0.5  fold=6 ===
  BDOSC: k_hat=3  ACC=0.6180  NMI=0.3919  ARI=0.1595  0.6s

=== P1E_S3_C1 train[0] k=3  dim=576  frames=166  σ=0.5  fold=6 ===
  BDOSC: k_hat=3  ACC=0.7410  NMI=0.4721  ARI=0.3304  1.9s

=== P1E_S3_C1 train[1] k=3  dim=576  frames=139  σ=0.5  fold=6 ===
  BDOSC: k_hat=3  ACC=0.8201  NMI=0.6238  ARI=0.5551  1.4s

=== P1E_S3_C1 train[2] k=3  dim=576  frames=134  σ=0.5  fold=6 ===
  BDOSC: k_hat=3  ACC=0.8358  NMI=0.6940  ARI=0.6029  1.3s

=== P1E_S3_C1 train[3] k=3  dim=576  frames=161  σ=0.5  fold=6 ===
  BDOSC: k_hat=3  ACC=0.9379  NMI=0.8294  ARI=0.8262  1.8s

=== P1E_S3_C1 train[4] k=3  dim=576  frames=168  σ=0.5  fold=6 ===
  BDOSC: k_hat=3  ACC=0.7143  NMI=0.5252  ARI=0.3718  1.9s

=== P1E_S3_C1 train[5] k=3  dim=576  frames=123  σ=0.5  fold=6 ===
  BDOSC: k_hat=3  ACC=0.7236  NMI=0.5785  ARI=0.4474  1.1s

=== P1E_S3_C1 train[6] k=3  dim=576  frames=112  σ=0.5  fold=6 ===
  BDOSC: k_hat=3  ACC=0.5625  NMI=0.3218  ARI=0.0951  0.9s

=== P1E_S3_C2 train[0] k=3  dim=576  frames=147  σ=0.5  fold=6 ===
  BDOSC: k_hat=3  ACC=0.6122  NMI=0.4859  ARI=0.3188  1.5s

=== P1E_S3_C2 train[1] k=3  dim=576  frames=120  σ=0.5  fold=6 ===
  BDOSC: k_hat=3  ACC=0.7333  NMI=0.5179  ARI=0.4053  1.0s

=== P1E_S3_C2 train[2] k=3  dim=576  frames=112  σ=0.5  fold=6 ===
  BDOSC: k_hat=3  ACC=0.6875  NMI=0.5716  ARI=0.4061  0.9s

=== P1E_S3_C2 train[3] k=3  dim=576  frames=168  σ=0.5  fold=6 ===
  BDOSC: k_hat=3  ACC=0.5833  NMI=0.4433  ARI=0.2898  1.9s

=== P1E_S3_C2 train[4] k=3  dim=576  frames=169  σ=0.5  fold=6 ===
  BDOSC: k_hat=3  ACC=0.6036  NMI=0.4889  ARI=0.3322  2.0s

=== P1E_S3_C2 train[5] k=3  dim=576  frames=107  σ=0.5  fold=6 ===
  BDOSC: k_hat=3  ACC=0.6729  NMI=0.4439  ARI=0.2410  0.8s

=== P1E_S3_C2 train[6] k=3  dim=576  frames=114  σ=0.5  fold=6 ===
  BDOSC: k_hat=3  ACC=0.6316  NMI=0.4219  ARI=0.2990  0.9s

=== P1E_S3_C3 train[0] k=3  dim=576  frames=105  σ=0.5  fold=6 ===
  BDOSC: k_hat=3  ACC=0.6476  NMI=0.4954  ARI=0.3334  0.8s

=== P1E_S3_C3 train[1] k=3  dim=576  frames=89  σ=0.5  fold=6 ===
  BDOSC: k_hat=3  ACC=0.7528  NMI=0.4758  ARI=0.3552  0.6s

=== P1E_S3_C3 train[2] k=3  dim=576  frames=84  σ=0.5  fold=6 ===
  BDOSC: k_hat=3  ACC=0.7381  NMI=0.4753  ARI=0.3280  0.6s

=== P1E_S3_C3 train[3] k=3  dim=576  frames=125  σ=0.5  fold=6 ===
  BDOSC: k_hat=3  ACC=0.7520  NMI=0.5102  ARI=0.3707  1.1s

=== P1E_S3_C3 train[4] k=3  dim=576  frames=128  σ=0.5  fold=6 ===
  BDOSC: k_hat=3  ACC=0.5312  NMI=0.4749  ARI=0.3038  1.3s

=== P1E_S3_C3 train[5] k=3  dim=576  frames=83  σ=0.5  fold=6 ===
  BDOSC: k_hat=3  ACC=0.7831  NMI=0.7208  ARI=0.5973  0.6s

=== P1E_S3_C3 train[6] k=3  dim=576  frames=84  σ=0.5  fold=6 ===
  BDOSC: k_hat=3  ACC=0.6310  NMI=0.5953  ARI=0.4730  0.6s

=== P1E_S4_C1 train[0] k=3  dim=576  frames=158  σ=0.5  fold=6 ===
  BDOSC: k_hat=3  ACC=0.7025  NMI=0.6265  ARI=0.3919  1.7s

=== P1E_S4_C1 train[1] k=3  dim=576  frames=107  σ=0.5  fold=6 ===
  BDOSC: k_hat=3  ACC=0.6729  NMI=0.5295  ARI=0.4083  0.9s

=== P1E_S4_C1 train[2] k=3  dim=576  frames=155  σ=0.5  fold=6 ===
  BDOSC: k_hat=3  ACC=0.6710  NMI=0.5084  ARI=0.3884  1.7s

=== P1E_S4_C1 train[3] k=3  dim=576  frames=182  σ=0.5  fold=6 ===
  BDOSC: k_hat=3  ACC=0.5549  NMI=0.2699  ARI=0.0893  2.2s

=== P1E_S4_C1 train[4] k=3  dim=576  frames=180  σ=0.5  fold=6 ===
  BDOSC: k_hat=3  ACC=0.8889  NMI=0.7426  ARI=0.7049  2.2s

=== P1E_S4_C1 train[5] k=3  dim=576  frames=133  σ=0.5  fold=6 ===
  BDOSC: k_hat=3  ACC=0.6541  NMI=0.6396  ARI=0.4916  1.2s

=== P1E_S4_C1 train[6] k=3  dim=576  frames=145  σ=0.5  fold=6 ===
  BDOSC: k_hat=3  ACC=0.5103  NMI=0.2877  ARI=0.0555  1.4s

=== P1E_S4_C2 train[0] k=3  dim=576  frames=117  σ=0.5  fold=6 ===
  BDOSC: k_hat=3  ACC=0.6410  NMI=0.5703  ARI=0.4366  1.0s

=== P1E_S4_C2 train[1] k=3  dim=576  frames=125  σ=0.5  fold=6 ===
  BDOSC: k_hat=3  ACC=0.6400  NMI=0.4917  ARI=0.3461  1.1s

=== P1E_S4_C2 train[2] k=3  dim=576  frames=122  σ=0.5  fold=6 ===
  BDOSC: k_hat=3  ACC=0.5246  NMI=0.4714  ARI=0.3031  1.0s

=== P1E_S4_C2 train[3] k=3  dim=576  frames=126  σ=0.5  fold=6 ===
  BDOSC: k_hat=3  ACC=0.6270  NMI=0.6359  ARI=0.4763  1.1s

=== P1E_S4_C2 train[4] k=3  dim=576  frames=140  σ=0.5  fold=6 ===
  BDOSC: k_hat=3  ACC=0.7357  NMI=0.5588  ARI=0.4090  1.4s

=== P1E_S4_C2 train[5] k=3  dim=576  frames=129  σ=0.5  fold=6 ===
  BDOSC: k_hat=3  ACC=0.6202  NMI=0.4779  ARI=0.3301  1.2s

=== P1E_S4_C2 train[6] k=3  dim=576  frames=110  σ=0.5  fold=6 ===
  BDOSC: k_hat=3  ACC=0.6000  NMI=0.3890  ARI=0.1713  0.9s

=== P1E_S4_C3 train[0] k=3  dim=576  frames=90  σ=0.5  fold=6 ===
  BDOSC: k_hat=3  ACC=0.7000  NMI=0.4202  ARI=0.2585  0.6s

=== P1E_S4_C3 train[1] k=3  dim=576  frames=64  σ=0.5  fold=6 ===
  BDOSC: k_hat=3  ACC=0.6719  NMI=0.4355  ARI=0.2244  0.4s

=== P1E_S4_C3 train[2] k=3  dim=576  frames=85  σ=0.5  fold=6 ===
  BDOSC: k_hat=3  ACC=0.6941  NMI=0.5493  ARI=0.4530  0.6s

=== P1E_S4_C3 train[3] k=3  dim=576  frames=105  σ=0.5  fold=6 ===
  BDOSC: k_hat=3  ACC=0.7143  NMI=0.6326  ARI=0.4606  0.8s

=== P1E_S4_C3 train[4] k=3  dim=576  frames=87  σ=0.5  fold=6 ===
  BDOSC: k_hat=3  ACC=0.7471  NMI=0.6085  ARI=0.4756  0.6s

=== P1E_S4_C3 train[5] k=3  dim=576  frames=76  σ=0.5  fold=6 ===
  BDOSC: k_hat=3  ACC=0.6711  NMI=0.5442  ARI=0.4362  0.5s

=== P1E_S4_C3 train[6] k=3  dim=576  frames=79  σ=0.5  fold=6 ===
  BDOSC: k_hat=3  ACC=0.5316  NMI=0.4751  ARI=0.3015  0.5s

=== P1L_S1_C1 train[0] k=3  dim=576  frames=162  σ=0.5  fold=6 ===
  BDOSC: k_hat=3  ACC=0.6420  NMI=0.5022  ARI=0.3529  1.8s

=== P1L_S1_C1 train[1] k=3  dim=576  frames=170  σ=0.5  fold=6 ===
  BDOSC: k_hat=3  ACC=0.6706  NMI=0.5620  ARI=0.4176  2.0s

=== P1L_S1_C1 train[2] k=3  dim=576  frames=155  σ=0.5  fold=6 ===
  BDOSC: k_hat=3  ACC=0.7677  NMI=0.6360  ARI=0.5419  1.6s

=== P1L_S1_C1 train[3] k=3  dim=576  frames=182  σ=0.5  fold=6 ===
  BDOSC: k_hat=3  ACC=0.9066  NMI=0.7570  ARI=0.7591  2.2s

=== P1L_S1_C1 train[4] k=3  dim=576  frames=198  σ=0.5  fold=6 ===
  BDOSC: k_hat=3  ACC=0.6212  NMI=0.3383  ARI=0.1527  2.6s

=== P1L_S1_C1 train[5] k=3  dim=576  frames=166  σ=0.5  fold=6 ===
  BDOSC: k_hat=3  ACC=0.7831  NMI=0.6044  ARI=0.5340  1.9s

=== P1L_S1_C1 train[6] k=3  dim=576  frames=175  σ=0.5  fold=6 ===
  BDOSC: k_hat=3  ACC=0.5314  NMI=0.3123  ARI=0.1244  2.1s

=== P1L_S1_C2 train[0] k=3  dim=576  frames=186  σ=0.5  fold=6 ===
  BDOSC: k_hat=3  ACC=0.6667  NMI=0.4174  ARI=0.2437  2.4s

=== P1L_S1_C2 train[1] k=3  dim=576  frames=137  σ=0.5  fold=6 ===
  BDOSC: k_hat=3  ACC=0.5766  NMI=0.4801  ARI=0.3271  1.3s

=== P1L_S1_C2 train[2] k=3  dim=576  frames=147  σ=0.5  fold=6 ===
  BDOSC: k_hat=3  ACC=0.7279  NMI=0.6589  ARI=0.5423  1.5s

=== P1L_S1_C2 train[3] k=3  dim=576  frames=181  σ=0.5  fold=6 ===
  BDOSC: k_hat=3  ACC=0.8619  NMI=0.6762  ARI=0.6407  2.2s

=== P1L_S1_C2 train[4] k=3  dim=576  frames=128  σ=0.5  fold=6 ===
  BDOSC: k_hat=3  ACC=0.7344  NMI=0.5924  ARI=0.4070  1.3s

=== P1L_S1_C2 train[5] k=3  dim=576  frames=154  σ=0.5  fold=6 ===
  BDOSC: k_hat=3  ACC=0.5714  NMI=0.3286  ARI=0.1136  1.6s

=== P1L_S1_C2 train[6] k=3  dim=576  frames=168  σ=0.5  fold=6 ===
  BDOSC: k_hat=3  ACC=0.5179  NMI=0.2795  ARI=0.0612  1.9s

=== P1L_S1_C3 train[0] k=3  dim=576  frames=60  σ=0.5  fold=6 ===
  BDOSC: k_hat=3  ACC=0.8833  NMI=0.7419  ARI=0.7034  0.3s

=== P1L_S1_C3 train[1] k=3  dim=576  frames=68  σ=0.5  fold=6 ===
  BDOSC: k_hat=3  ACC=0.8529  NMI=0.7451  ARI=0.6308  0.4s

=== P1L_S1_C3 train[2] k=3  dim=576  frames=65  σ=0.5  fold=6 ===
  BDOSC: k_hat=3  ACC=0.8154  NMI=0.6135  ARI=0.5398  0.3s

=== P1L_S1_C3 train[3] k=3  dim=576  frames=74  σ=0.5  fold=6 ===
  BDOSC: k_hat=3  ACC=0.8514  NMI=0.6947  ARI=0.6491  0.4s

=== P1L_S1_C3 train[4] k=3  dim=576  frames=73  σ=0.5  fold=6 ===
  BDOSC: k_hat=3  ACC=0.8356  NMI=0.7170  ARI=0.5782  0.4s

=== P1L_S1_C3 train[5] k=3  dim=576  frames=64  σ=0.5  fold=6 ===
  BDOSC: k_hat=3  ACC=0.9531  NMI=0.8744  ARI=0.8727  0.3s

=== P1L_S1_C3 train[6] k=3  dim=576  frames=75  σ=0.5  fold=6 ===
  BDOSC: k_hat=3  ACC=0.7067  NMI=0.4546  ARI=0.2702  0.4s

=== P1L_S2_C1 train[0] k=3  dim=576  frames=211  σ=0.5  fold=6 ===
  BDOSC: k_hat=3  ACC=0.6825  NMI=0.5053  ARI=0.3736  3.0s

=== P1L_S2_C1 train[1] k=3  dim=576  frames=190  σ=0.5  fold=6 ===
  BDOSC: k_hat=3  ACC=0.6526  NMI=0.3761  ARI=0.2035  2.4s

=== P1L_S2_C1 train[2] k=3  dim=576  frames=180  σ=0.5  fold=6 ===
  BDOSC: k_hat=3  ACC=0.5333  NMI=0.2978  ARI=0.1151  2.2s

=== P1L_S2_C1 train[3] k=3  dim=576  frames=177  σ=0.5  fold=6 ===
  BDOSC: k_hat=3  ACC=0.8362  NMI=0.6964  ARI=0.6485  2.0s

=== P1L_S2_C1 train[4] k=3  dim=576  frames=172  σ=0.5  fold=6 ===
  BDOSC: k_hat=3  ACC=0.6221  NMI=0.4179  ARI=0.1992  2.0s

=== P1L_S2_C1 train[5] k=3  dim=576  frames=179  σ=0.5  fold=6 ===
  BDOSC: k_hat=3  ACC=0.5475  NMI=0.3796  ARI=0.2092  2.1s

=== P1L_S2_C1 train[6] k=3  dim=576  frames=133  σ=0.5  fold=6 ===
  BDOSC: k_hat=3  ACC=0.4812  NMI=0.2878  ARI=0.0571  1.3s

=== P1L_S2_C2 train[0] k=3  dim=576  frames=194  σ=0.5  fold=6 ===
  BDOSC: k_hat=3  ACC=0.6031  NMI=0.4352  ARI=0.2848  2.5s

=== P1L_S2_C2 train[1] k=3  dim=576  frames=155  σ=0.5  fold=6 ===
  BDOSC: k_hat=3  ACC=0.5935  NMI=0.5355  ARI=0.3861  1.7s

=== P1L_S2_C2 train[2] k=3  dim=576  frames=134  σ=0.5  fold=6 ===
  BDOSC: k_hat=3  ACC=0.8507  NMI=0.6903  ARI=0.6927  1.3s

=== P1L_S2_C2 train[3] k=3  dim=576  frames=186  σ=0.5  fold=6 ===
  BDOSC: k_hat=3  ACC=0.5591  NMI=0.3516  ARI=0.1379  2.4s

=== P1L_S2_C2 train[4] k=3  dim=576  frames=201  σ=0.5  fold=6 ===
  BDOSC: k_hat=3  ACC=0.7960  NMI=0.5937  ARI=0.5096  2.7s

=== P1L_S2_C2 train[5] k=3  dim=576  frames=171  σ=0.5  fold=6 ===
  BDOSC: k_hat=3  ACC=0.7602  NMI=0.5840  ARI=0.4906  2.1s

=== P1L_S2_C2 train[6] k=3  dim=576  frames=154  σ=0.5  fold=6 ===
  BDOSC: k_hat=3  ACC=0.4805  NMI=0.1699  ARI=0.0354  1.6s

=== P1L_S2_C3 train[0] k=3  dim=576  frames=119  σ=0.5  fold=6 ===
  BDOSC: k_hat=3  ACC=0.5882  NMI=0.4640  ARI=0.2829  1.0s

=== P1L_S2_C3 train[1] k=3  dim=576  frames=101  σ=0.5  fold=6 ===
  BDOSC: k_hat=3  ACC=0.7129  NMI=0.5270  ARI=0.3714  0.8s

=== P1L_S2_C3 train[2] k=3  dim=576  frames=85  σ=0.5  fold=6 ===
  BDOSC: k_hat=3  ACC=0.6235  NMI=0.3803  ARI=0.1762  0.6s

=== P1L_S2_C3 train[3] k=3  dim=576  frames=112  σ=0.5  fold=6 ===
  BDOSC: k_hat=3  ACC=0.7054  NMI=0.4692  ARI=0.2866  0.9s

=== P1L_S2_C3 train[4] k=3  dim=576  frames=126  σ=0.5  fold=6 ===
  BDOSC: k_hat=3  ACC=0.7381  NMI=0.4755  ARI=0.3286  1.1s

=== P1L_S2_C3 train[5] k=3  dim=576  frames=102  σ=0.5  fold=6 ===
  BDOSC: k_hat=3  ACC=0.6176  NMI=0.5327  ARI=0.3949  0.8s

=== P1L_S2_C3 train[6] k=3  dim=576  frames=99  σ=0.5  fold=6 ===
  BDOSC: k_hat=3  ACC=0.6061  NMI=0.3698  ARI=0.1389  0.8s

=== P1L_S3_C1 train[0] k=3  dim=576  frames=156  σ=0.5  fold=6 ===
  BDOSC: k_hat=3  ACC=0.6410  NMI=0.5462  ARI=0.3667  1.7s

=== P1L_S3_C1 train[1] k=3  dim=576  frames=120  σ=0.5  fold=6 ===
  BDOSC: k_hat=3  ACC=0.8250  NMI=0.6812  ARI=0.5762  1.0s

=== P1L_S3_C1 train[2] k=3  dim=576  frames=185  σ=0.5  fold=6 ===
  BDOSC: k_hat=3  ACC=0.7081  NMI=0.6203  ARI=0.4932  2.3s

=== P1L_S3_C1 train[3] k=3  dim=576  frames=156  σ=0.5  fold=6 ===
  BDOSC: k_hat=3  ACC=0.6410  NMI=0.5949  ARI=0.4809  1.7s

=== P1L_S3_C1 train[4] k=3  dim=576  frames=159  σ=0.5  fold=6 ===
  BDOSC: k_hat=3  ACC=0.6226  NMI=0.4978  ARI=0.3543  1.7s

=== P1L_S3_C1 train[5] k=3  dim=576  frames=172  σ=0.5  fold=6 ===
  BDOSC: k_hat=3  ACC=0.5872  NMI=0.5451  ARI=0.4189  2.0s

=== P1L_S3_C1 train[6] k=3  dim=576  frames=134  σ=0.5  fold=6 ===
  BDOSC: k_hat=3  ACC=0.7388  NMI=0.5727  ARI=0.4678  1.3s

=== P1L_S3_C2 train[0] k=3  dim=576  frames=185  σ=0.5  fold=6 ===
  BDOSC: k_hat=3  ACC=0.5676  NMI=0.4613  ARI=0.3114  2.3s

=== P1L_S3_C2 train[1] k=3  dim=576  frames=125  σ=0.5  fold=6 ===
  BDOSC: k_hat=3  ACC=0.6640  NMI=0.4940  ARI=0.3217  1.1s

=== P1L_S3_C2 train[2] k=3  dim=576  frames=166  σ=0.5  fold=6 ===
  BDOSC: k_hat=3  ACC=0.5422  NMI=0.5460  ARI=0.3706  1.9s

=== P1L_S3_C2 train[3] k=3  dim=576  frames=209  σ=0.5  fold=6 ===
  BDOSC: k_hat=3  ACC=0.6077  NMI=0.4645  ARI=0.3251  2.9s

=== P1L_S3_C2 train[4] k=3  dim=576  frames=168  σ=0.5  fold=6 ===
  BDOSC: k_hat=3  ACC=0.9048  NMI=0.7576  ARI=0.7736  1.9s

=== P1L_S3_C2 train[5] k=3  dim=576  frames=187  σ=0.5  fold=6 ===
  BDOSC: k_hat=3  ACC=0.6898  NMI=0.5268  ARI=0.4467  2.4s

=== P1L_S3_C2 train[6] k=3  dim=576  frames=136  σ=0.5  fold=6 ===
  BDOSC: k_hat=3  ACC=0.5221  NMI=0.5844  ARI=0.4071  1.3s

=== P1L_S3_C3 train[0] k=3  dim=576  frames=151  σ=0.5  fold=6 ===
  BDOSC: k_hat=3  ACC=0.6755  NMI=0.4983  ARI=0.3177  1.6s

=== P1L_S3_C3 train[1] k=3  dim=576  frames=118  σ=0.5  fold=6 ===
  BDOSC: k_hat=3  ACC=0.8051  NMI=0.6959  ARI=0.6054  1.0s

=== P1L_S3_C3 train[2] k=3  dim=576  frames=121  σ=0.5  fold=6 ===
  BDOSC: k_hat=3  ACC=0.8264  NMI=0.6660  ARI=0.5969  1.0s

=== P1L_S3_C3 train[3] k=3  dim=576  frames=142  σ=0.5  fold=6 ===
  BDOSC: k_hat=3  ACC=0.7254  NMI=0.5492  ARI=0.4249  1.4s

=== P1L_S3_C3 train[4] k=3  dim=576  frames=134  σ=0.5  fold=6 ===
  BDOSC: k_hat=3  ACC=0.7761  NMI=0.6466  ARI=0.4964  1.3s

=== P1L_S3_C3 train[5] k=3  dim=576  frames=110  σ=0.5  fold=6 ===
  BDOSC: k_hat=3  ACC=0.5364  NMI=0.5668  ARI=0.4070  0.9s

=== P1L_S3_C3 train[6] k=3  dim=576  frames=114  σ=0.5  fold=6 ===
  BDOSC: k_hat=3  ACC=0.5351  NMI=0.3295  ARI=0.0856  0.9s

=== P1L_S4_C1 train[0] k=3  dim=576  frames=200  σ=0.5  fold=6 ===
  BDOSC: k_hat=3  ACC=0.6150  NMI=0.4286  ARI=0.2413  2.7s

=== P1L_S4_C1 train[1] k=3  dim=576  frames=157  σ=0.5  fold=6 ===
  BDOSC: k_hat=3  ACC=0.8217  NMI=0.6448  ARI=0.6091  1.7s

=== P1L_S4_C1 train[2] k=3  dim=576  frames=154  σ=0.5  fold=6 ===
  BDOSC: k_hat=3  ACC=0.7532  NMI=0.5379  ARI=0.4158  1.6s

=== P1L_S4_C1 train[3] k=3  dim=576  frames=168  σ=0.5  fold=6 ===
  BDOSC: k_hat=3  ACC=0.6667  NMI=0.6701  ARI=0.5023  1.9s

=== P1L_S4_C1 train[4] k=3  dim=576  frames=142  σ=0.5  fold=6 ===
  BDOSC: k_hat=3  ACC=0.7113  NMI=0.5717  ARI=0.4601  1.4s

=== P1L_S4_C1 train[5] k=3  dim=576  frames=164  σ=0.5  fold=6 ===
  BDOSC: k_hat=3  ACC=0.6585  NMI=0.5240  ARI=0.3837  1.8s

=== P1L_S4_C1 train[6] k=3  dim=576  frames=202  σ=0.5  fold=6 ===
  BDOSC: k_hat=3  ACC=0.4802  NMI=0.4189  ARI=0.2414  2.8s

=== P1L_S4_C2 train[0] k=3  dim=576  frames=157  σ=0.5  fold=6 ===
  BDOSC: k_hat=3  ACC=0.5669  NMI=0.2685  ARI=0.0841  1.7s

=== P1L_S4_C2 train[1] k=3  dim=576  frames=149  σ=0.5  fold=6 ===
  BDOSC: k_hat=3  ACC=0.5973  NMI=0.6403  ARI=0.4712  1.6s

=== P1L_S4_C2 train[2] k=3  dim=576  frames=175  σ=0.5  fold=6 ===
  BDOSC: k_hat=3  ACC=0.6514  NMI=0.5727  ARI=0.4259  2.1s

=== P1L_S4_C2 train[3] k=3  dim=576  frames=168  σ=0.5  fold=6 ===
  BDOSC: k_hat=3  ACC=0.7560  NMI=0.6324  ARI=0.5032  1.9s

=== P1L_S4_C2 train[4] k=3  dim=576  frames=154  σ=0.5  fold=6 ===
  BDOSC: k_hat=3  ACC=0.5909  NMI=0.6028  ARI=0.4557  1.6s

=== P1L_S4_C2 train[5] k=3  dim=576  frames=152  σ=0.5  fold=6 ===
  BDOSC: k_hat=3  ACC=0.4342  NMI=0.2587  ARI=0.0889  1.7s

=== P1L_S4_C2 train[6] k=3  dim=576  frames=153  σ=0.5  fold=6 ===
  BDOSC: k_hat=3  ACC=0.5033  NMI=0.2009  ARI=0.0375  1.6s

=== P1L_S4_C3 train[0] k=3  dim=576  frames=96  σ=0.5  fold=6 ===
  BDOSC: k_hat=3  ACC=0.5833  NMI=0.4731  ARI=0.3043  0.7s

=== P1L_S4_C3 train[1] k=3  dim=576  frames=107  σ=0.5  fold=6 ===
  BDOSC: k_hat=3  ACC=0.7009  NMI=0.5176  ARI=0.3661  0.9s

=== P1L_S4_C3 train[2] k=3  dim=576  frames=94  σ=0.5  fold=6 ===
  BDOSC: k_hat=3  ACC=0.6809  NMI=0.4906  ARI=0.3516  0.7s

=== P1L_S4_C3 train[3] k=3  dim=576  frames=117  σ=0.5  fold=6 ===
  BDOSC: k_hat=3  ACC=0.5128  NMI=0.4805  ARI=0.3122  1.0s

=== P1L_S4_C3 train[4] k=3  dim=576  frames=112  σ=0.5  fold=6 ===
  BDOSC: k_hat=3  ACC=0.7589  NMI=0.6465  ARI=0.5162  0.9s

=== P1L_S4_C3 train[5] k=3  dim=576  frames=103  σ=0.5  fold=6 ===
  BDOSC: k_hat=3  ACC=0.8932  NMI=0.7850  ARI=0.7176  0.8s

=== P1L_S4_C3 train[6] k=3  dim=576  frames=107  σ=0.5  fold=6 ===
  BDOSC: k_hat=3  ACC=0.6729  NMI=0.5490  ARI=0.4481  0.8s

=== P1E_S1_C1 test[0] k=3  dim=576  frames=140  σ=0.5  fold=6 ===
  BDOSC: k_hat=3  ACC=0.6714  NMI=0.4994  ARI=0.3542  1.3s

=== P1E_S1_C2 test[0] k=3  dim=576  frames=122  σ=0.5  fold=6 ===
  BDOSC: k_hat=3  ACC=0.4426  NMI=0.2117  ARI=0.0414  1.0s

=== P1E_S1_C3 test[0] k=3  dim=576  frames=51  σ=0.5  fold=6 ===
  BDOSC: k_hat=3  ACC=0.8235  NMI=0.6227  ARI=0.5538  0.3s

=== P1E_S2_C1 test[0] k=3  dim=576  frames=161  σ=0.5  fold=6 ===
  BDOSC: k_hat=3  ACC=0.8323  NMI=0.7145  ARI=0.6203  1.7s

=== P1E_S2_C2 test[0] k=3  dim=576  frames=128  σ=0.5  fold=6 ===
  BDOSC: k_hat=3  ACC=0.4844  NMI=0.2596  ARI=0.0863  1.3s

=== P1E_S2_C3 test[0] k=3  dim=576  frames=105  σ=0.5  fold=6 ===
  BDOSC: k_hat=3  ACC=0.5619  NMI=0.5358  ARI=0.3855  0.8s

=== P1E_S3_C1 test[0] k=3  dim=576  frames=204  σ=0.5  fold=6 ===
  BDOSC: k_hat=3  ACC=0.6324  NMI=0.6520  ARI=0.5216  2.9s

=== P1E_S3_C2 test[0] k=3  dim=576  frames=146  σ=0.5  fold=6 ===
  BDOSC: k_hat=3  ACC=0.7671  NMI=0.5699  ARI=0.5156  1.5s

=== P1E_S3_C3 test[0] k=3  dim=576  frames=129  σ=0.5  fold=6 ===
  BDOSC: k_hat=3  ACC=0.6822  NMI=0.5971  ARI=0.4835  1.2s

=== P1E_S4_C1 test[0] k=3  dim=576  frames=147  σ=0.5  fold=6 ===
  BDOSC: k_hat=3  ACC=0.7075  NMI=0.5262  ARI=0.3827  1.5s

=== P1E_S4_C2 test[0] k=3  dim=576  frames=146  σ=0.5  fold=6 ===
  BDOSC: k_hat=3  ACC=0.4452  NMI=0.2933  ARI=0.1067  1.5s

=== P1E_S4_C3 test[0] k=3  dim=576  frames=106  σ=0.5  fold=6 ===
  BDOSC: k_hat=3  ACC=0.7925  NMI=0.6314  ARI=0.5720  0.8s

=== P1L_S1_C1 test[0] k=3  dim=576  frames=116  σ=0.5  fold=6 ===
  BDOSC: k_hat=3  ACC=0.5690  NMI=0.3470  ARI=0.1278  1.0s

=== P1L_S1_C2 test[0] k=3  dim=576  frames=142  σ=0.5  fold=6 ===
  BDOSC: k_hat=3  ACC=0.6479  NMI=0.4106  ARI=0.2258  1.4s

=== P1L_S1_C3 test[0] k=3  dim=576  frames=63  σ=0.5  fold=6 ===
  BDOSC: k_hat=3  ACC=0.5714  NMI=0.3734  ARI=0.1228  0.3s

=== P1L_S2_C1 test[0] k=3  dim=576  frames=180  σ=0.5  fold=6 ===
  BDOSC: k_hat=3  ACC=0.3722  NMI=0.1254  ARI=-0.0407  2.2s

=== P1L_S2_C2 test[0] k=3  dim=576  frames=160  σ=0.5  fold=6 ===
  BDOSC: k_hat=3  ACC=0.8125  NMI=0.5977  ARI=0.5471  1.8s

=== P1L_S2_C3 test[0] k=3  dim=576  frames=121  σ=0.5  fold=6 ===
  BDOSC: k_hat=3  ACC=0.9835  NMI=0.9387  ARI=0.9494  1.1s

=== P1L_S3_C1 test[0] k=3  dim=576  frames=176  σ=0.5  fold=6 ===
  BDOSC: k_hat=3  ACC=0.7784  NMI=0.5957  ARI=0.5159  2.0s

=== P1L_S3_C2 test[0] k=3  dim=576  frames=229  σ=0.5  fold=6 ===
  BDOSC: k_hat=3  ACC=0.3581  NMI=0.1318  ARI=-0.0002  3.5s

=== P1L_S3_C3 test[0] k=3  dim=576  frames=161  σ=0.5  fold=6 ===
  BDOSC: k_hat=3  ACC=0.7826  NMI=0.6242  ARI=0.5087  1.8s

=== P1L_S4_C1 test[0] k=3  dim=576  frames=187  σ=0.5  fold=6 ===
  BDOSC: k_hat=3  ACC=0.6043  NMI=0.5610  ARI=0.4355  2.3s

=== P1L_S4_C2 test[0] k=3  dim=576  frames=169  σ=0.5  fold=6 ===
  BDOSC: k_hat=3  ACC=0.5858  NMI=0.4103  ARI=0.2217  2.0s

=== P1L_S4_C3 test[0] k=3  dim=576  frames=105  σ=0.5  fold=6 ===
  BDOSC: k_hat=3  ACC=0.8476  NMI=0.6727  ARI=0.6309  0.8s
  tune_pool_groups=20: sampling from 22 held-in people (overlap allowed) instead of the 7 fixed partition group(s)

============================================================
σ=0.5 fold=7  test=['0003', '0012', '0017']  train mats=168  test mats=24  tune mats=480
  BDOSC: skip tuning, fixed lambda_1=0.2, lambda_2=1, gamma_1=0.01, p=1.1, max_iter=50
  wrote /nfs/turbo/umms-minjilab/lpullela/icassp_ssc_tv2/block_ssc_benchmark/cv/params/surveillance/split_k3_sigmas_min30_trials20_params_knownk_cv_bdosc_k3_sigma0p5_sigma0.5_fold7.json

=== P1E_S1_C1 train[0] k=3  dim=576  frames=146  σ=0.5  fold=7 ===
  BDOSC: k_hat=3  ACC=0.6301  NMI=0.4643  ARI=0.3046  1.5s

=== P1E_S1_C1 train[1] k=3  dim=576  frames=153  σ=0.5  fold=7 ===
  BDOSC: k_hat=3  ACC=0.5425  NMI=0.5387  ARI=0.3956  1.6s

=== P1E_S1_C1 train[2] k=3  dim=576  frames=130  σ=0.5  fold=7 ===
  BDOSC: k_hat=3  ACC=0.5846  NMI=0.6483  ARI=0.4486  1.2s

=== P1E_S1_C1 train[3] k=3  dim=576  frames=140  σ=0.5  fold=7 ===
  BDOSC: k_hat=3  ACC=0.9357  NMI=0.8207  ARI=0.8287  1.4s

=== P1E_S1_C1 train[4] k=3  dim=576  frames=157  σ=0.5  fold=7 ===
  BDOSC: k_hat=3  ACC=0.6178  NMI=0.3752  ARI=0.1813  1.7s

=== P1E_S1_C1 train[5] k=3  dim=576  frames=151  σ=0.5  fold=7 ===
  BDOSC: k_hat=3  ACC=0.7815  NMI=0.5692  ARI=0.4603  1.6s

=== P1E_S1_C1 train[6] k=3  dim=576  frames=140  σ=0.5  fold=7 ===
  BDOSC: k_hat=3  ACC=0.6714  NMI=0.4994  ARI=0.3542  1.3s

=== P1E_S1_C2 train[0] k=3  dim=576  frames=147  σ=0.5  fold=7 ===
  BDOSC: k_hat=3  ACC=0.9184  NMI=0.7868  ARI=0.7584  1.5s

=== P1E_S1_C2 train[1] k=3  dim=576  frames=115  σ=0.5  fold=7 ===
  BDOSC: k_hat=3  ACC=0.7913  NMI=0.6767  ARI=0.5918  0.9s

=== P1E_S1_C2 train[2] k=3  dim=576  frames=104  σ=0.5  fold=7 ===
  BDOSC: k_hat=3  ACC=0.5385  NMI=0.5986  ARI=0.4155  0.8s

=== P1E_S1_C2 train[3] k=3  dim=576  frames=138  σ=0.5  fold=7 ===
  BDOSC: k_hat=3  ACC=0.5435  NMI=0.4535  ARI=0.2732  1.3s

=== P1E_S1_C2 train[4] k=3  dim=576  frames=113  σ=0.5  fold=7 ===
  BDOSC: k_hat=3  ACC=0.7699  NMI=0.5370  ARI=0.3961  0.9s

=== P1E_S1_C2 train[5] k=3  dim=576  frames=122  σ=0.5  fold=7 ===
  BDOSC: k_hat=3  ACC=0.5738  NMI=0.5567  ARI=0.4242  1.0s

=== P1E_S1_C2 train[6] k=3  dim=576  frames=122  σ=0.5  fold=7 ===
  BDOSC: k_hat=3  ACC=0.4426  NMI=0.2117  ARI=0.0414  1.0s

=== P1E_S1_C3 train[0] k=3  dim=576  frames=58  σ=0.5  fold=7 ===
  BDOSC: k_hat=3  ACC=0.8103  NMI=0.5574  ARI=0.4650  0.3s

=== P1E_S1_C3 train[1] k=3  dim=576  frames=56  σ=0.5  fold=7 ===
  BDOSC: k_hat=3  ACC=0.6429  NMI=0.5382  ARI=0.3398  0.3s

=== P1E_S1_C3 train[2] k=3  dim=576  frames=47  σ=0.5  fold=7 ===
  BDOSC: k_hat=3  ACC=0.7660  NMI=0.6380  ARI=0.4948  0.2s

=== P1E_S1_C3 train[3] k=3  dim=576  frames=61  σ=0.5  fold=7 ===
  BDOSC: k_hat=3  ACC=0.6557  NMI=0.5727  ARI=0.3997  0.3s

=== P1E_S1_C3 train[4] k=3  dim=576  frames=37  σ=0.5  fold=7 ===
  BDOSC: k_hat=3  ACC=0.9189  NMI=0.7651  ARI=0.7553  0.2s

=== P1E_S1_C3 train[5] k=3  dim=576  frames=55  σ=0.5  fold=7 ===
  BDOSC: k_hat=3  ACC=0.7636  NMI=0.5285  ARI=0.3826  0.3s

=== P1E_S1_C3 train[6] k=3  dim=576  frames=51  σ=0.5  fold=7 ===
  BDOSC: k_hat=3  ACC=0.8235  NMI=0.6227  ARI=0.5538  0.3s

=== P1E_S2_C1 train[0] k=3  dim=576  frames=167  σ=0.5  fold=7 ===
  BDOSC: k_hat=3  ACC=0.7006  NMI=0.5258  ARI=0.3973  1.9s

=== P1E_S2_C1 train[1] k=3  dim=576  frames=151  σ=0.5  fold=7 ===
  BDOSC: k_hat=3  ACC=0.6556  NMI=0.5560  ARI=0.4096  1.6s

=== P1E_S2_C1 train[2] k=3  dim=576  frames=136  σ=0.5  fold=7 ===
  BDOSC: k_hat=3  ACC=0.5882  NMI=0.3268  ARI=0.1153  1.3s

=== P1E_S2_C1 train[3] k=3  dim=576  frames=180  σ=0.5  fold=7 ===
  BDOSC: k_hat=3  ACC=0.5778  NMI=0.3000  ARI=0.1075  2.2s

=== P1E_S2_C1 train[4] k=3  dim=576  frames=149  σ=0.5  fold=7 ===
  BDOSC: k_hat=3  ACC=0.5302  NMI=0.3239  ARI=0.0850  1.5s

=== P1E_S2_C1 train[5] k=3  dim=576  frames=124  σ=0.5  fold=7 ===
  BDOSC: k_hat=3  ACC=0.5968  NMI=0.3936  ARI=0.1722  1.1s

=== P1E_S2_C1 train[6] k=3  dim=576  frames=161  σ=0.5  fold=7 ===
  BDOSC: k_hat=3  ACC=0.8323  NMI=0.7145  ARI=0.6203  1.7s

=== P1E_S2_C2 train[0] k=3  dim=576  frames=146  σ=0.5  fold=7 ===
  BDOSC: k_hat=3  ACC=0.5411  NMI=0.5688  ARI=0.4121  1.5s

=== P1E_S2_C2 train[1] k=3  dim=576  frames=115  σ=0.5  fold=7 ===
  BDOSC: k_hat=3  ACC=0.6348  NMI=0.4963  ARI=0.3471  0.9s

=== P1E_S2_C2 train[2] k=3  dim=576  frames=109  σ=0.5  fold=7 ===
  BDOSC: k_hat=3  ACC=0.8257  NMI=0.6659  ARI=0.5858  0.9s

=== P1E_S2_C2 train[3] k=3  dim=576  frames=144  σ=0.5  fold=7 ===
  BDOSC: k_hat=3  ACC=0.5625  NMI=0.5664  ARI=0.3931  1.5s

=== P1E_S2_C2 train[4] k=3  dim=576  frames=124  σ=0.5  fold=7 ===
  BDOSC: k_hat=3  ACC=0.5887  NMI=0.5081  ARI=0.3502  1.1s

=== P1E_S2_C2 train[5] k=3  dim=576  frames=109  σ=0.5  fold=7 ===
  BDOSC: k_hat=3  ACC=0.7431  NMI=0.6223  ARI=0.5606  0.9s

=== P1E_S2_C2 train[6] k=3  dim=576  frames=128  σ=0.5  fold=7 ===
  BDOSC: k_hat=3  ACC=0.4844  NMI=0.2596  ARI=0.0863  1.3s

=== P1E_S2_C3 train[0] k=3  dim=576  frames=113  σ=0.5  fold=7 ===
  BDOSC: k_hat=3  ACC=0.5752  NMI=0.5925  ARI=0.4362  0.9s

=== P1E_S2_C3 train[1] k=3  dim=576  frames=88  σ=0.5  fold=7 ===
  BDOSC: k_hat=3  ACC=0.7500  NMI=0.5118  ARI=0.3748  0.6s

=== P1E_S2_C3 train[2] k=3  dim=576  frames=90  σ=0.5  fold=7 ===
  BDOSC: k_hat=3  ACC=0.5222  NMI=0.5888  ARI=0.4176  0.6s

=== P1E_S2_C3 train[3] k=3  dim=576  frames=112  σ=0.5  fold=7 ===
  BDOSC: k_hat=3  ACC=0.8125  NMI=0.6242  ARI=0.5402  0.9s

=== P1E_S2_C3 train[4] k=3  dim=576  frames=99  σ=0.5  fold=7 ===
  BDOSC: k_hat=3  ACC=0.8990  NMI=0.7512  ARI=0.7288  0.7s

=== P1E_S2_C3 train[5] k=3  dim=576  frames=87  σ=0.5  fold=7 ===
  BDOSC: k_hat=3  ACC=0.5862  NMI=0.3716  ARI=0.1283  0.6s

=== P1E_S2_C3 train[6] k=3  dim=576  frames=105  σ=0.5  fold=7 ===
  BDOSC: k_hat=3  ACC=0.5619  NMI=0.5358  ARI=0.3855  0.8s

=== P1E_S3_C1 train[0] k=3  dim=576  frames=166  σ=0.5  fold=7 ===
  BDOSC: k_hat=3  ACC=0.7410  NMI=0.4721  ARI=0.3304  1.9s

=== P1E_S3_C1 train[1] k=3  dim=576  frames=139  σ=0.5  fold=7 ===
  BDOSC: k_hat=3  ACC=0.8201  NMI=0.6238  ARI=0.5551  1.4s

=== P1E_S3_C1 train[2] k=3  dim=576  frames=134  σ=0.5  fold=7 ===
  BDOSC: k_hat=3  ACC=0.8358  NMI=0.6940  ARI=0.6029  1.3s

=== P1E_S3_C1 train[3] k=3  dim=576  frames=161  σ=0.5  fold=7 ===
  BDOSC: k_hat=3  ACC=0.9379  NMI=0.8294  ARI=0.8262  1.7s

=== P1E_S3_C1 train[4] k=3  dim=576  frames=168  σ=0.5  fold=7 ===
  BDOSC: k_hat=3  ACC=0.7143  NMI=0.5252  ARI=0.3718  1.9s

=== P1E_S3_C1 train[5] k=3  dim=576  frames=123  σ=0.5  fold=7 ===
  BDOSC: k_hat=3  ACC=0.7236  NMI=0.5785  ARI=0.4474  1.1s

=== P1E_S3_C1 train[6] k=3  dim=576  frames=204  σ=0.5  fold=7 ===
  BDOSC: k_hat=3  ACC=0.6324  NMI=0.6520  ARI=0.5216  2.9s

=== P1E_S3_C2 train[0] k=3  dim=576  frames=147  σ=0.5  fold=7 ===
  BDOSC: k_hat=3  ACC=0.6122  NMI=0.4859  ARI=0.3188  1.5s

=== P1E_S3_C2 train[1] k=3  dim=576  frames=120  σ=0.5  fold=7 ===
  BDOSC: k_hat=3  ACC=0.7333  NMI=0.5179  ARI=0.4053  1.0s

=== P1E_S3_C2 train[2] k=3  dim=576  frames=112  σ=0.5  fold=7 ===
  BDOSC: k_hat=3  ACC=0.6875  NMI=0.5716  ARI=0.4061  0.9s

=== P1E_S3_C2 train[3] k=3  dim=576  frames=168  σ=0.5  fold=7 ===
  BDOSC: k_hat=3  ACC=0.5833  NMI=0.4433  ARI=0.2898  1.9s

=== P1E_S3_C2 train[4] k=3  dim=576  frames=169  σ=0.5  fold=7 ===
  BDOSC: k_hat=3  ACC=0.6036  NMI=0.4889  ARI=0.3322  2.0s

=== P1E_S3_C2 train[5] k=3  dim=576  frames=107  σ=0.5  fold=7 ===
  BDOSC: k_hat=3  ACC=0.6729  NMI=0.4439  ARI=0.2410  0.8s

=== P1E_S3_C2 train[6] k=3  dim=576  frames=146  σ=0.5  fold=7 ===
  BDOSC: k_hat=3  ACC=0.7671  NMI=0.5699  ARI=0.5156  1.5s

=== P1E_S3_C3 train[0] k=3  dim=576  frames=105  σ=0.5  fold=7 ===
  BDOSC: k_hat=3  ACC=0.6476  NMI=0.4954  ARI=0.3334  0.8s

=== P1E_S3_C3 train[1] k=3  dim=576  frames=89  σ=0.5  fold=7 ===
  BDOSC: k_hat=3  ACC=0.7528  NMI=0.4758  ARI=0.3552  0.6s

=== P1E_S3_C3 train[2] k=3  dim=576  frames=84  σ=0.5  fold=7 ===
  BDOSC: k_hat=3  ACC=0.7381  NMI=0.4753  ARI=0.3280  0.6s

=== P1E_S3_C3 train[3] k=3  dim=576  frames=125  σ=0.5  fold=7 ===
  BDOSC: k_hat=3  ACC=0.7520  NMI=0.5102  ARI=0.3707  1.1s

=== P1E_S3_C3 train[4] k=3  dim=576  frames=128  σ=0.5  fold=7 ===
  BDOSC: k_hat=3  ACC=0.5312  NMI=0.4749  ARI=0.3038  1.3s

=== P1E_S3_C3 train[5] k=3  dim=576  frames=83  σ=0.5  fold=7 ===
  BDOSC: k_hat=3  ACC=0.7831  NMI=0.7208  ARI=0.5973  0.6s

=== P1E_S3_C3 train[6] k=3  dim=576  frames=129  σ=0.5  fold=7 ===
  BDOSC: k_hat=3  ACC=0.6822  NMI=0.5971  ARI=0.4835  1.2s

=== P1E_S4_C1 train[0] k=3  dim=576  frames=158  σ=0.5  fold=7 ===
  BDOSC: k_hat=3  ACC=0.7025  NMI=0.6265  ARI=0.3919  1.7s

=== P1E_S4_C1 train[1] k=3  dim=576  frames=107  σ=0.5  fold=7 ===
  BDOSC: k_hat=3  ACC=0.6729  NMI=0.5295  ARI=0.4083  0.9s

=== P1E_S4_C1 train[2] k=3  dim=576  frames=155  σ=0.5  fold=7 ===
  BDOSC: k_hat=3  ACC=0.6710  NMI=0.5084  ARI=0.3884  1.7s

=== P1E_S4_C1 train[3] k=3  dim=576  frames=182  σ=0.5  fold=7 ===
  BDOSC: k_hat=3  ACC=0.5549  NMI=0.2699  ARI=0.0893  2.2s

=== P1E_S4_C1 train[4] k=3  dim=576  frames=180  σ=0.5  fold=7 ===
  BDOSC: k_hat=3  ACC=0.8889  NMI=0.7426  ARI=0.7049  2.2s

=== P1E_S4_C1 train[5] k=3  dim=576  frames=133  σ=0.5  fold=7 ===
  BDOSC: k_hat=3  ACC=0.6541  NMI=0.6396  ARI=0.4916  1.2s

=== P1E_S4_C1 train[6] k=3  dim=576  frames=147  σ=0.5  fold=7 ===
  BDOSC: k_hat=3  ACC=0.7075  NMI=0.5262  ARI=0.3827  1.5s

=== P1E_S4_C2 train[0] k=3  dim=576  frames=117  σ=0.5  fold=7 ===
  BDOSC: k_hat=3  ACC=0.6410  NMI=0.5703  ARI=0.4366  1.0s

=== P1E_S4_C2 train[1] k=3  dim=576  frames=125  σ=0.5  fold=7 ===
  BDOSC: k_hat=3  ACC=0.6400  NMI=0.4917  ARI=0.3461  1.1s

=== P1E_S4_C2 train[2] k=3  dim=576  frames=122  σ=0.5  fold=7 ===
  BDOSC: k_hat=3  ACC=0.5246  NMI=0.4714  ARI=0.3031  1.0s

=== P1E_S4_C2 train[3] k=3  dim=576  frames=126  σ=0.5  fold=7 ===
  BDOSC: k_hat=3  ACC=0.6270  NMI=0.6359  ARI=0.4763  1.1s

=== P1E_S4_C2 train[4] k=3  dim=576  frames=140  σ=0.5  fold=7 ===
  BDOSC: k_hat=3  ACC=0.7357  NMI=0.5588  ARI=0.4090  1.4s

=== P1E_S4_C2 train[5] k=3  dim=576  frames=129  σ=0.5  fold=7 ===
  BDOSC: k_hat=3  ACC=0.6202  NMI=0.4779  ARI=0.3301  1.2s

=== P1E_S4_C2 train[6] k=3  dim=576  frames=146  σ=0.5  fold=7 ===
  BDOSC: k_hat=3  ACC=0.4452  NMI=0.2933  ARI=0.1067  1.6s

=== P1E_S4_C3 train[0] k=3  dim=576  frames=90  σ=0.5  fold=7 ===
  BDOSC: k_hat=3  ACC=0.7000  NMI=0.4202  ARI=0.2585  0.6s

=== P1E_S4_C3 train[1] k=3  dim=576  frames=64  σ=0.5  fold=7 ===
  BDOSC: k_hat=3  ACC=0.6719  NMI=0.4355  ARI=0.2244  0.4s

=== P1E_S4_C3 train[2] k=3  dim=576  frames=85  σ=0.5  fold=7 ===
  BDOSC: k_hat=3  ACC=0.6941  NMI=0.5493  ARI=0.4530  0.6s

=== P1E_S4_C3 train[3] k=3  dim=576  frames=105  σ=0.5  fold=7 ===
  BDOSC: k_hat=3  ACC=0.7143  NMI=0.6326  ARI=0.4606  0.8s

=== P1E_S4_C3 train[4] k=3  dim=576  frames=87  σ=0.5  fold=7 ===
  BDOSC: k_hat=3  ACC=0.7471  NMI=0.6085  ARI=0.4756  0.6s

=== P1E_S4_C3 train[5] k=3  dim=576  frames=76  σ=0.5  fold=7 ===
  BDOSC: k_hat=3  ACC=0.6711  NMI=0.5442  ARI=0.4362  0.5s

=== P1E_S4_C3 train[6] k=3  dim=576  frames=106  σ=0.5  fold=7 ===
  BDOSC: k_hat=3  ACC=0.7925  NMI=0.6314  ARI=0.5720  0.8s

=== P1L_S1_C1 train[0] k=3  dim=576  frames=162  σ=0.5  fold=7 ===
  BDOSC: k_hat=3  ACC=0.6420  NMI=0.5022  ARI=0.3529  1.8s

=== P1L_S1_C1 train[1] k=3  dim=576  frames=170  σ=0.5  fold=7 ===
  BDOSC: k_hat=3  ACC=0.6706  NMI=0.5620  ARI=0.4176  2.0s

=== P1L_S1_C1 train[2] k=3  dim=576  frames=155  σ=0.5  fold=7 ===
  BDOSC: k_hat=3  ACC=0.7677  NMI=0.6360  ARI=0.5419  1.6s

=== P1L_S1_C1 train[3] k=3  dim=576  frames=182  σ=0.5  fold=7 ===
  BDOSC: k_hat=3  ACC=0.9066  NMI=0.7570  ARI=0.7591  2.2s

=== P1L_S1_C1 train[4] k=3  dim=576  frames=198  σ=0.5  fold=7 ===
  BDOSC: k_hat=3  ACC=0.6212  NMI=0.3383  ARI=0.1527  2.6s

=== P1L_S1_C1 train[5] k=3  dim=576  frames=166  σ=0.5  fold=7 ===
  BDOSC: k_hat=3  ACC=0.7831  NMI=0.6044  ARI=0.5340  1.9s

=== P1L_S1_C1 train[6] k=3  dim=576  frames=116  σ=0.5  fold=7 ===
  BDOSC: k_hat=3  ACC=0.5690  NMI=0.3470  ARI=0.1278  1.0s

=== P1L_S1_C2 train[0] k=3  dim=576  frames=186  σ=0.5  fold=7 ===
  BDOSC: k_hat=3  ACC=0.6667  NMI=0.4174  ARI=0.2437  2.4s

=== P1L_S1_C2 train[1] k=3  dim=576  frames=137  σ=0.5  fold=7 ===
  BDOSC: k_hat=3  ACC=0.5766  NMI=0.4801  ARI=0.3271  1.3s

=== P1L_S1_C2 train[2] k=3  dim=576  frames=147  σ=0.5  fold=7 ===
  BDOSC: k_hat=3  ACC=0.7279  NMI=0.6589  ARI=0.5423  1.5s

=== P1L_S1_C2 train[3] k=3  dim=576  frames=181  σ=0.5  fold=7 ===
  BDOSC: k_hat=3  ACC=0.8619  NMI=0.6762  ARI=0.6407  2.2s

=== P1L_S1_C2 train[4] k=3  dim=576  frames=128  σ=0.5  fold=7 ===
  BDOSC: k_hat=3  ACC=0.7344  NMI=0.5924  ARI=0.4070  1.3s

=== P1L_S1_C2 train[5] k=3  dim=576  frames=154  σ=0.5  fold=7 ===
  BDOSC: k_hat=3  ACC=0.5714  NMI=0.3286  ARI=0.1136  1.6s

=== P1L_S1_C2 train[6] k=3  dim=576  frames=142  σ=0.5  fold=7 ===
  BDOSC: k_hat=3  ACC=0.6479  NMI=0.4106  ARI=0.2258  1.4s

=== P1L_S1_C3 train[0] k=3  dim=576  frames=60  σ=0.5  fold=7 ===
  BDOSC: k_hat=3  ACC=0.8833  NMI=0.7419  ARI=0.7034  0.3s

=== P1L_S1_C3 train[1] k=3  dim=576  frames=68  σ=0.5  fold=7 ===
  BDOSC: k_hat=3  ACC=0.8529  NMI=0.7451  ARI=0.6308  0.4s

=== P1L_S1_C3 train[2] k=3  dim=576  frames=65  σ=0.5  fold=7 ===
  BDOSC: k_hat=3  ACC=0.8154  NMI=0.6135  ARI=0.5398  0.3s

=== P1L_S1_C3 train[3] k=3  dim=576  frames=74  σ=0.5  fold=7 ===
  BDOSC: k_hat=3  ACC=0.8514  NMI=0.6947  ARI=0.6491  0.4s

=== P1L_S1_C3 train[4] k=3  dim=576  frames=73  σ=0.5  fold=7 ===
  BDOSC: k_hat=3  ACC=0.8356  NMI=0.7170  ARI=0.5782  0.4s

=== P1L_S1_C3 train[5] k=3  dim=576  frames=64  σ=0.5  fold=7 ===
  BDOSC: k_hat=3  ACC=0.9531  NMI=0.8744  ARI=0.8727  0.3s

=== P1L_S1_C3 train[6] k=3  dim=576  frames=63  σ=0.5  fold=7 ===
  BDOSC: k_hat=3  ACC=0.5714  NMI=0.3734  ARI=0.1228  0.3s

=== P1L_S2_C1 train[0] k=3  dim=576  frames=211  σ=0.5  fold=7 ===
  BDOSC: k_hat=3  ACC=0.6825  NMI=0.5053  ARI=0.3736  3.0s

=== P1L_S2_C1 train[1] k=3  dim=576  frames=190  σ=0.5  fold=7 ===
  BDOSC: k_hat=3  ACC=0.6526  NMI=0.3761  ARI=0.2035  2.4s

=== P1L_S2_C1 train[2] k=3  dim=576  frames=180  σ=0.5  fold=7 ===
  BDOSC: k_hat=3  ACC=0.5333  NMI=0.2978  ARI=0.1151  2.2s

=== P1L_S2_C1 train[3] k=3  dim=576  frames=177  σ=0.5  fold=7 ===
  BDOSC: k_hat=3  ACC=0.8362  NMI=0.6964  ARI=0.6485  2.1s

=== P1L_S2_C1 train[4] k=3  dim=576  frames=172  σ=0.5  fold=7 ===
  BDOSC: k_hat=3  ACC=0.6221  NMI=0.4179  ARI=0.1992  2.0s

=== P1L_S2_C1 train[5] k=3  dim=576  frames=179  σ=0.5  fold=7 ===
  BDOSC: k_hat=3  ACC=0.5475  NMI=0.3796  ARI=0.2092  2.1s

=== P1L_S2_C1 train[6] k=3  dim=576  frames=180  σ=0.5  fold=7 ===
  BDOSC: k_hat=3  ACC=0.3722  NMI=0.1254  ARI=-0.0407  2.2s

=== P1L_S2_C2 train[0] k=3  dim=576  frames=194  σ=0.5  fold=7 ===
  BDOSC: k_hat=3  ACC=0.6031  NMI=0.4352  ARI=0.2848  2.5s

=== P1L_S2_C2 train[1] k=3  dim=576  frames=155  σ=0.5  fold=7 ===
  BDOSC: k_hat=3  ACC=0.5935  NMI=0.5355  ARI=0.3861  1.7s

=== P1L_S2_C2 train[2] k=3  dim=576  frames=134  σ=0.5  fold=7 ===
  BDOSC: k_hat=3  ACC=0.8507  NMI=0.6903  ARI=0.6927  1.3s

=== P1L_S2_C2 train[3] k=3  dim=576  frames=186  σ=0.5  fold=7 ===
  BDOSC: k_hat=3  ACC=0.5591  NMI=0.3516  ARI=0.1379  2.4s

=== P1L_S2_C2 train[4] k=3  dim=576  frames=201  σ=0.5  fold=7 ===
  BDOSC: k_hat=3  ACC=0.7960  NMI=0.5937  ARI=0.5096  2.7s

=== P1L_S2_C2 train[5] k=3  dim=576  frames=171  σ=0.5  fold=7 ===
  BDOSC: k_hat=3  ACC=0.7602  NMI=0.5840  ARI=0.4906  2.1s

=== P1L_S2_C2 train[6] k=3  dim=576  frames=160  σ=0.5  fold=7 ===
  BDOSC: k_hat=3  ACC=0.8125  NMI=0.5977  ARI=0.5471  1.8s

=== P1L_S2_C3 train[0] k=3  dim=576  frames=119  σ=0.5  fold=7 ===
  BDOSC: k_hat=3  ACC=0.5882  NMI=0.4640  ARI=0.2829  1.0s

=== P1L_S2_C3 train[1] k=3  dim=576  frames=101  σ=0.5  fold=7 ===
  BDOSC: k_hat=3  ACC=0.7129  NMI=0.5270  ARI=0.3714  0.8s

=== P1L_S2_C3 train[2] k=3  dim=576  frames=85  σ=0.5  fold=7 ===
  BDOSC: k_hat=3  ACC=0.6235  NMI=0.3803  ARI=0.1762  0.6s

=== P1L_S2_C3 train[3] k=3  dim=576  frames=112  σ=0.5  fold=7 ===
  BDOSC: k_hat=3  ACC=0.7054  NMI=0.4692  ARI=0.2866  0.9s

=== P1L_S2_C3 train[4] k=3  dim=576  frames=126  σ=0.5  fold=7 ===
  BDOSC: k_hat=3  ACC=0.7381  NMI=0.4755  ARI=0.3286  1.1s

=== P1L_S2_C3 train[5] k=3  dim=576  frames=102  σ=0.5  fold=7 ===
  BDOSC: k_hat=3  ACC=0.6176  NMI=0.5327  ARI=0.3949  0.8s

=== P1L_S2_C3 train[6] k=3  dim=576  frames=121  σ=0.5  fold=7 ===
  BDOSC: k_hat=3  ACC=0.9835  NMI=0.9387  ARI=0.9494  1.1s

=== P1L_S3_C1 train[0] k=3  dim=576  frames=156  σ=0.5  fold=7 ===
  BDOSC: k_hat=3  ACC=0.6410  NMI=0.5462  ARI=0.3667  1.7s

=== P1L_S3_C1 train[1] k=3  dim=576  frames=120  σ=0.5  fold=7 ===
  BDOSC: k_hat=3  ACC=0.8250  NMI=0.6812  ARI=0.5762  1.0s

=== P1L_S3_C1 train[2] k=3  dim=576  frames=185  σ=0.5  fold=7 ===
  BDOSC: k_hat=3  ACC=0.7081  NMI=0.6203  ARI=0.4932  2.3s

=== P1L_S3_C1 train[3] k=3  dim=576  frames=156  σ=0.5  fold=7 ===
  BDOSC: k_hat=3  ACC=0.6410  NMI=0.5949  ARI=0.4809  1.7s

=== P1L_S3_C1 train[4] k=3  dim=576  frames=159  σ=0.5  fold=7 ===
  BDOSC: k_hat=3  ACC=0.6226  NMI=0.4978  ARI=0.3543  1.7s

=== P1L_S3_C1 train[5] k=3  dim=576  frames=172  σ=0.5  fold=7 ===
  BDOSC: k_hat=3  ACC=0.5872  NMI=0.5451  ARI=0.4189  2.0s

=== P1L_S3_C1 train[6] k=3  dim=576  frames=176  σ=0.5  fold=7 ===
  BDOSC: k_hat=3  ACC=0.7784  NMI=0.5957  ARI=0.5159  2.1s

=== P1L_S3_C2 train[0] k=3  dim=576  frames=185  σ=0.5  fold=7 ===
  BDOSC: k_hat=3  ACC=0.5676  NMI=0.4613  ARI=0.3114  2.3s

=== P1L_S3_C2 train[1] k=3  dim=576  frames=125  σ=0.5  fold=7 ===
  BDOSC: k_hat=3  ACC=0.6640  NMI=0.4940  ARI=0.3217  1.1s

=== P1L_S3_C2 train[2] k=3  dim=576  frames=166  σ=0.5  fold=7 ===
  BDOSC: k_hat=3  ACC=0.5422  NMI=0.5460  ARI=0.3706  1.9s

=== P1L_S3_C2 train[3] k=3  dim=576  frames=209  σ=0.5  fold=7 ===
  BDOSC: k_hat=3  ACC=0.6077  NMI=0.4645  ARI=0.3251  2.9s

=== P1L_S3_C2 train[4] k=3  dim=576  frames=168  σ=0.5  fold=7 ===
  BDOSC: k_hat=3  ACC=0.9048  NMI=0.7576  ARI=0.7736  1.9s

=== P1L_S3_C2 train[5] k=3  dim=576  frames=187  σ=0.5  fold=7 ===
  BDOSC: k_hat=3  ACC=0.6898  NMI=0.5268  ARI=0.4467  2.3s

=== P1L_S3_C2 train[6] k=3  dim=576  frames=229  σ=0.5  fold=7 ===
  BDOSC: k_hat=3  ACC=0.3581  NMI=0.1318  ARI=-0.0002  3.5s

=== P1L_S3_C3 train[0] k=3  dim=576  frames=151  σ=0.5  fold=7 ===
  BDOSC: k_hat=3  ACC=0.6755  NMI=0.4983  ARI=0.3177  1.6s

=== P1L_S3_C3 train[1] k=3  dim=576  frames=118  σ=0.5  fold=7 ===
  BDOSC: k_hat=3  ACC=0.8051  NMI=0.6959  ARI=0.6054  1.0s

=== P1L_S3_C3 train[2] k=3  dim=576  frames=121  σ=0.5  fold=7 ===
  BDOSC: k_hat=3  ACC=0.8264  NMI=0.6660  ARI=0.5969  1.0s

=== P1L_S3_C3 train[3] k=3  dim=576  frames=142  σ=0.5  fold=7 ===
  BDOSC: k_hat=3  ACC=0.7254  NMI=0.5492  ARI=0.4249  1.4s

=== P1L_S3_C3 train[4] k=3  dim=576  frames=134  σ=0.5  fold=7 ===
  BDOSC: k_hat=3  ACC=0.7761  NMI=0.6466  ARI=0.4964  1.2s

=== P1L_S3_C3 train[5] k=3  dim=576  frames=110  σ=0.5  fold=7 ===
  BDOSC: k_hat=3  ACC=0.5364  NMI=0.5668  ARI=0.4070  0.9s

=== P1L_S3_C3 train[6] k=3  dim=576  frames=161  σ=0.5  fold=7 ===
  BDOSC: k_hat=3  ACC=0.7826  NMI=0.6242  ARI=0.5087  1.8s

=== P1L_S4_C1 train[0] k=3  dim=576  frames=200  σ=0.5  fold=7 ===
  BDOSC: k_hat=3  ACC=0.6150  NMI=0.4286  ARI=0.2413  2.6s

=== P1L_S4_C1 train[1] k=3  dim=576  frames=157  σ=0.5  fold=7 ===
  BDOSC: k_hat=3  ACC=0.8217  NMI=0.6448  ARI=0.6091  1.7s

=== P1L_S4_C1 train[2] k=3  dim=576  frames=154  σ=0.5  fold=7 ===
  BDOSC: k_hat=3  ACC=0.7532  NMI=0.5379  ARI=0.4158  1.6s

=== P1L_S4_C1 train[3] k=3  dim=576  frames=168  σ=0.5  fold=7 ===
  BDOSC: k_hat=3  ACC=0.6667  NMI=0.6701  ARI=0.5023  1.9s

=== P1L_S4_C1 train[4] k=3  dim=576  frames=142  σ=0.5  fold=7 ===
  BDOSC: k_hat=3  ACC=0.7113  NMI=0.5717  ARI=0.4601  1.4s

=== P1L_S4_C1 train[5] k=3  dim=576  frames=164  σ=0.5  fold=7 ===
  BDOSC: k_hat=3  ACC=0.6585  NMI=0.5240  ARI=0.3837  1.8s

=== P1L_S4_C1 train[6] k=3  dim=576  frames=187  σ=0.5  fold=7 ===
  BDOSC: k_hat=3  ACC=0.6043  NMI=0.5610  ARI=0.4355  2.3s

=== P1L_S4_C2 train[0] k=3  dim=576  frames=157  σ=0.5  fold=7 ===
  BDOSC: k_hat=3  ACC=0.5669  NMI=0.2685  ARI=0.0841  1.7s

=== P1L_S4_C2 train[1] k=3  dim=576  frames=149  σ=0.5  fold=7 ===
  BDOSC: k_hat=3  ACC=0.5973  NMI=0.6403  ARI=0.4712  1.6s

=== P1L_S4_C2 train[2] k=3  dim=576  frames=175  σ=0.5  fold=7 ===
  BDOSC: k_hat=3  ACC=0.6514  NMI=0.5727  ARI=0.4259  2.1s

=== P1L_S4_C2 train[3] k=3  dim=576  frames=168  σ=0.5  fold=7 ===
  BDOSC: k_hat=3  ACC=0.7560  NMI=0.6324  ARI=0.5032  1.9s

=== P1L_S4_C2 train[4] k=3  dim=576  frames=154  σ=0.5  fold=7 ===
  BDOSC: k_hat=3  ACC=0.5909  NMI=0.6028  ARI=0.4557  1.6s

=== P1L_S4_C2 train[5] k=3  dim=576  frames=152  σ=0.5  fold=7 ===
  BDOSC: k_hat=3  ACC=0.4342  NMI=0.2587  ARI=0.0889  1.7s

=== P1L_S4_C2 train[6] k=3  dim=576  frames=169  σ=0.5  fold=7 ===
  BDOSC: k_hat=3  ACC=0.5858  NMI=0.4103  ARI=0.2217  2.0s

=== P1L_S4_C3 train[0] k=3  dim=576  frames=96  σ=0.5  fold=7 ===
  BDOSC: k_hat=3  ACC=0.5833  NMI=0.4731  ARI=0.3043  0.7s

=== P1L_S4_C3 train[1] k=3  dim=576  frames=107  σ=0.5  fold=7 ===
  BDOSC: k_hat=3  ACC=0.7009  NMI=0.5176  ARI=0.3661  0.9s

=== P1L_S4_C3 train[2] k=3  dim=576  frames=94  σ=0.5  fold=7 ===
  BDOSC: k_hat=3  ACC=0.6809  NMI=0.4906  ARI=0.3516  0.7s

=== P1L_S4_C3 train[3] k=3  dim=576  frames=117  σ=0.5  fold=7 ===
  BDOSC: k_hat=3  ACC=0.5128  NMI=0.4805  ARI=0.3122  1.0s

=== P1L_S4_C3 train[4] k=3  dim=576  frames=112  σ=0.5  fold=7 ===
  BDOSC: k_hat=3  ACC=0.7589  NMI=0.6465  ARI=0.5162  0.9s

=== P1L_S4_C3 train[5] k=3  dim=576  frames=103  σ=0.5  fold=7 ===
  BDOSC: k_hat=3  ACC=0.8932  NMI=0.7850  ARI=0.7176  0.8s

=== P1L_S4_C3 train[6] k=3  dim=576  frames=105  σ=0.5  fold=7 ===
  BDOSC: k_hat=3  ACC=0.8476  NMI=0.6727  ARI=0.6309  0.8s

=== P1E_S1_C1 test[0] k=3  dim=576  frames=171  σ=0.5  fold=7 ===
  BDOSC: k_hat=3  ACC=0.5906  NMI=0.3706  ARI=0.1612  2.0s

=== P1E_S1_C2 test[0] k=3  dim=576  frames=134  σ=0.5  fold=7 ===
  BDOSC: k_hat=3  ACC=0.4776  NMI=0.2315  ARI=0.0315  1.3s

=== P1E_S1_C3 test[0] k=3  dim=576  frames=69  σ=0.5  fold=7 ===
  BDOSC: k_hat=3  ACC=0.8261  NMI=0.6319  ARI=0.5685  0.4s

=== P1E_S2_C1 test[0] k=3  dim=576  frames=153  σ=0.5  fold=7 ===
  BDOSC: k_hat=3  ACC=0.6863  NMI=0.5281  ARI=0.3772  1.6s

=== P1E_S2_C2 test[0] k=3  dim=576  frames=126  σ=0.5  fold=7 ===
  BDOSC: k_hat=3  ACC=0.6508  NMI=0.5327  ARI=0.4355  1.1s

=== P1E_S2_C3 test[0] k=3  dim=576  frames=89  σ=0.5  fold=7 ===
  BDOSC: k_hat=3  ACC=0.6180  NMI=0.3919  ARI=0.1595  0.6s

=== P1E_S3_C1 test[0] k=3  dim=576  frames=112  σ=0.5  fold=7 ===
  BDOSC: k_hat=3  ACC=0.5625  NMI=0.3218  ARI=0.0951  0.9s

=== P1E_S3_C2 test[0] k=3  dim=576  frames=114  σ=0.5  fold=7 ===
  BDOSC: k_hat=3  ACC=0.6316  NMI=0.4219  ARI=0.2990  0.9s

=== P1E_S3_C3 test[0] k=3  dim=576  frames=84  σ=0.5  fold=7 ===
  BDOSC: k_hat=3  ACC=0.6310  NMI=0.5953  ARI=0.4730  0.6s

=== P1E_S4_C1 test[0] k=3  dim=576  frames=145  σ=0.5  fold=7 ===
  BDOSC: k_hat=3  ACC=0.5103  NMI=0.2877  ARI=0.0555  1.4s

=== P1E_S4_C2 test[0] k=3  dim=576  frames=110  σ=0.5  fold=7 ===
  BDOSC: k_hat=3  ACC=0.6000  NMI=0.3890  ARI=0.1713  0.9s

=== P1E_S4_C3 test[0] k=3  dim=576  frames=79  σ=0.5  fold=7 ===
  BDOSC: k_hat=3  ACC=0.5316  NMI=0.4751  ARI=0.3015  0.5s

=== P1L_S1_C1 test[0] k=3  dim=576  frames=175  σ=0.5  fold=7 ===
  BDOSC: k_hat=3  ACC=0.5314  NMI=0.3123  ARI=0.1244  2.1s

=== P1L_S1_C2 test[0] k=3  dim=576  frames=168  σ=0.5  fold=7 ===
  BDOSC: k_hat=3  ACC=0.5179  NMI=0.2795  ARI=0.0612  1.9s

=== P1L_S1_C3 test[0] k=3  dim=576  frames=75  σ=0.5  fold=7 ===
  BDOSC: k_hat=3  ACC=0.7067  NMI=0.4546  ARI=0.2702  0.4s

=== P1L_S2_C1 test[0] k=3  dim=576  frames=133  σ=0.5  fold=7 ===
  BDOSC: k_hat=3  ACC=0.4812  NMI=0.2878  ARI=0.0571  1.2s

=== P1L_S2_C2 test[0] k=3  dim=576  frames=154  σ=0.5  fold=7 ===
  BDOSC: k_hat=3  ACC=0.4805  NMI=0.1699  ARI=0.0354  1.6s

=== P1L_S2_C3 test[0] k=3  dim=576  frames=99  σ=0.5  fold=7 ===
  BDOSC: k_hat=3  ACC=0.6061  NMI=0.3698  ARI=0.1389  0.7s

=== P1L_S3_C1 test[0] k=3  dim=576  frames=134  σ=0.5  fold=7 ===
  BDOSC: k_hat=3  ACC=0.7388  NMI=0.5727  ARI=0.4678  1.3s

=== P1L_S3_C2 test[0] k=3  dim=576  frames=136  σ=0.5  fold=7 ===
  BDOSC: k_hat=3  ACC=0.5221  NMI=0.5844  ARI=0.4071  1.3s

=== P1L_S3_C3 test[0] k=3  dim=576  frames=114  σ=0.5  fold=7 ===
  BDOSC: k_hat=3  ACC=0.5351  NMI=0.3295  ARI=0.0856  0.9s

=== P1L_S4_C1 test[0] k=3  dim=576  frames=202  σ=0.5  fold=7 ===
  BDOSC: k_hat=3  ACC=0.4802  NMI=0.4189  ARI=0.2414  2.8s

=== P1L_S4_C2 test[0] k=3  dim=576  frames=153  σ=0.5  fold=7 ===
  BDOSC: k_hat=3  ACC=0.5033  NMI=0.2009  ARI=0.0375  1.6s

=== P1L_S4_C3 test[0] k=3  dim=576  frames=107  σ=0.5  fold=7 ===
  BDOSC: k_hat=3  ACC=0.6729  NMI=0.5490  ARI=0.4481  0.8s

=== inference time per method ===
  BDOSC: mean=1.3485s  std=0.6528s  total=2071.3s  n=1536
wrote /nfs/turbo/umms-minjilab/lpullela/icassp_ssc_tv2/block_ssc_benchmark/cv/results/surveillance/split_k3_sigmas_min30_trials20_knownk_cv_bdosc_k3_sigma0p5_timing.json

=== mean over matrices ===
  BDOSC train σ=0.5: ACC=0.6738  NMI=0.5251  ARI=0.3862  n=1344
  BDOSC test σ=0.5: ACC=0.6738  NMI=0.5251  ARI=0.3862  n=192

wrote /nfs/turbo/umms-minjilab/lpullela/icassp_ssc_tv2/block_ssc_benchmark/cv/results/surveillance/split_k3_sigmas_min30_trials20_knownk_cv_bdosc_k3_sigma0p5.csv
end=Sun Sep  6 18:47:00 EDT 2026
Experiment completed!
