========================================
Job: cv_gram_ncut_k3_s0p5
Method: Gram-NCut  k: 3  sigma: 0.5  tune_pool_groups: 20
========================================
host=gl3116.arc-ts.umich.edu  python=/home/lpullela/miniconda3/envs/ssc_559/bin/python  start=Sun Sep  6 18:11:32 EDT 2026
Loading P1E_S1_C1
  Y: (576, 1236)  people=25  frames/person=[60, 61, 50, 48, 51, 35, 41, 56, 55, 49, 65, 50, 63, 38, 61, 48, 50, 49, 50, 30, 42, 60, 32, 39, 53]  min=30
Loading P1E_S1_C2
  Y: (576, 1031)  people=25  frames/person=[42, 48, 31, 35, 50, 45, 30, 32, 38, 40, 61, 41, 47, 33, 46, 36, 41, 45, 42, 36, 33, 50, 53, 33, 43]  min=30
Loading P1E_S1_C3
  Y: (576, 453)  people=25  frames/person=[15, 22, 16, 16, 17, 13, 14, 19, 14, 25, 26, 12, 21, 18, 22, 19, 13, 19, 16, 15, 8, 15, 30, 20, 28]  min=8
  warning: 24 people have fewer than 30 available frames (kept all)
Loading P1E_S2_C1
  Y: (576, 1256)  people=25  frames/person=[65, 50, 50, 51, 53, 48, 49, 60, 33, 48, 61, 58, 52, 32, 55, 35, 45, 53, 40, 53, 51, 65, 64, 42, 43]  min=32
Loading P1E_S2_C2
  Y: (576, 1042)  people=25  frames/person=[33, 48, 38, 41, 53, 36, 39, 47, 51, 36, 55, 44, 43, 25, 42, 41, 37, 45, 41, 38, 40, 54, 49, 33, 33]  min=25
  warning: 1 people have fewer than 30 available frames (kept all)
Loading P1E_S2_C3
  Y: (576, 816)  people=25  frames/person=[36, 33, 28, 32, 42, 37, 31, 36, 31, 23, 42, 36, 35, 20, 33, 33, 32, 32, 32, 29, 32, 42, 38, 27, 24]  min=20
  warning: 6 people have fewer than 30 available frames (kept all)
Loading P1E_S3_C1
  Y: (576, 1255)  people=25  frames/person=[43, 39, 47, 52, 58, 96, 42, 31, 79, 33, 67, 55, 44, 34, 40, 48, 54, 77, 45, 41, 46, 53, 56, 38, 37]  min=31
Loading P1E_S3_C2
  Y: (576, 1126)  people=25  frames/person=[57, 56, 35, 40, 49, 75, 34, 40, 70, 26, 65, 54, 43, 28, 32, 43, 48, 31, 36, 33, 42, 71, 57, 30, 31]  min=26
  warning: 2 people have fewer than 30 available frames (kept all)
Loading P1E_S3_C3
  Y: (576, 866)  people=25  frames/person=[43, 36, 24, 33, 37, 47, 29, 37, 55, 18, 40, 40, 31, 22, 30, 39, 35, 45, 30, 28, 30, 50, 42, 20, 25]  min=18
  warning: 7 people have fewer than 30 available frames (kept all)
Loading P1E_S4_C1
  Y: (576, 1247)  people=25  frames/person=[58, 54, 34, 56, 50, 59, 50, 56, 74, 38, 75, 35, 46, 31, 53, 40, 57, 32, 56, 33, 48, 67, 59, 48, 38]  min=31
Loading P1E_S4_C2
  Y: (576, 1051)  people=25  frames/person=[37, 37, 41, 46, 41, 49, 38, 45, 65, 30, 39, 48, 50, 34, 43, 36, 47, 52, 45, 37, 38, 50, 30, 37, 36]  min=30
Loading P1E_S4_C3
  Y: (576, 719)  people=25  frames/person=[28, 29, 22, 29, 24, 36, 31, 29, 33, 25, 37, 19, 28, 21, 25, 27, 25, 41, 27, 29, 26, 31, 45, 29, 23]  min=19
  warning: 18 people have fewer than 30 available frames (kept all)
Loading P1L_S1_C1
  Y: (576, 1391)  people=25  frames/person=[65, 68, 43, 64, 47, 40, 58, 33, 75, 41, 58, 72, 58, 49, 66, 67, 65, 43, 59, 57, 58, 51, 67, 32, 55]  min=32
Loading P1L_S1_C2
  Y: (576, 1309)  people=25  frames/person=[30, 65, 37, 63, 66, 54, 52, 52, 43, 49, 71, 49, 58, 48, 54, 66, 56, 36, 48, 49, 55, 66, 52, 39, 51]  min=30
Loading P1L_S1_C3
  Y: (576, 565)  people=25  frames/person=[27, 29, 20, 26, 19, 25, 22, 12, 28, 25, 20, 25, 23, 18, 21, 23, 25, 26, 23, 21, 18, 18, 30, 18, 23]  min=12
  warning: 24 people have fewer than 30 available frames (kept all)
Loading P1L_S2_C1
  Y: (576, 1470)  people=25  frames/person=[73, 68, 53, 64, 65, 41, 73, 55, 37, 31, 82, 75, 63, 45, 34, 48, 74, 84, 71, 64, 62, 65, 48, 33, 62]  min=31
Loading P1L_S2_C2
  Y: (576, 1393)  people=25  frames/person=[64, 65, 49, 62, 69, 69, 63, 61, 80, 34, 89, 57, 53, 52, 55, 38, 30, 30, 66, 36, 57, 51, 73, 41, 49]  min=30
Loading P1L_S2_C3
  Y: (576, 897)  people=25  frames/person=[40, 36, 29, 28, 35, 37, 36, 36, 50, 28, 55, 46, 34, 31, 35, 32, 30, 48, 37, 29, 36, 39, 45, 19, 26]  min=19
  warning: 6 people have fewer than 30 available frames (kept all)
Loading P1L_S3_C1
  Y: (576, 1329)  people=25  frames/person=[31, 33, 30, 51, 74, 75, 59, 65, 66, 43, 47, 39, 65, 50, 58, 71, 67, 36, 57, 35, 62, 31, 74, 59, 51]  min=30
Loading P1L_S3_C2
  Y: (576, 1472)  people=25  frames/person=[78, 38, 48, 51, 54, 71, 61, 71, 32, 50, 75, 38, 72, 63, 48, 67, 49, 87, 52, 56, 58, 85, 73, 56, 39]  min=32
Loading P1L_S3_C3
  Y: (576, 1105)  people=25  frames/person=[48, 44, 38, 38, 39, 45, 35, 55, 52, 26, 81, 39, 36, 36, 44, 54, 42, 61, 38, 31, 34, 53, 51, 44, 41]  min=26
  warning: 1 people have fewer than 30 available frames (kept all)
Loading P1L_S4_C1
  Y: (576, 1443)  people=25  frames/person=[50, 69, 44, 41, 78, 43, 32, 71, 45, 65, 59, 39, 56, 57, 68, 69, 70, 73, 51, 63, 47, 70, 57, 52, 74]  min=32
Loading P1L_S4_C2
  Y: (576, 1327)  people=25  frames/person=[71, 34, 39, 54, 63, 67, 52, 39, 52, 56, 59, 50, 51, 53, 63, 50, 71, 63, 48, 35, 31, 71, 43, 52, 60]  min=31
Loading P1L_S4_C3
  Y: (576, 880)  people=25  frames/person=[37, 41, 23, 26, 32, 34, 22, 32, 50, 29, 38, 44, 31, 34, 37, 39, 39, 39, 38, 26, 25, 50, 41, 33, 40]  min=22
  warning: 6 people have fewer than 30 available frames (kept all)
sequences=24  people=25  k=3
frames/person ~ Unif[30, 100]
down_hw=24  sigmas=(0.5,)  n_trials=20  known_k=True  csv=split_k3_sigmas_min30_trials20_knownk_cv_gram_ncut_k3_sigma0p5.csv
SSC-Block-TV block_size searched in [2, 12]
CV mode: 8 folds of size 3, each rotated as test
  1 people unused (remainder dropped)
  group 0: ['0006', '0013', '0022']
  group 1: ['0004', '0014', '0027']
  group 2: ['0009', '0019', '0026']
  group 3: ['0005', '0024', '0025']
  group 4: ['0001', '0011', '0023']
  group 5: ['0015', '0016', '0021']
  group 6: ['0007', '0010', '0020']
  group 7: ['0003', '0012', '0017']
methods=['Gram-NCut']  append=False  hetero_noise=False  no_tune=False
  tune_pool_groups=20: sampling from 22 held-in people (overlap allowed) instead of the 7 fixed partition group(s)

============================================================
σ=0.5 fold=0  test=['0006', '0013', '0022']  train mats=168  test mats=24  tune mats=480
  Gram-NCut: skip tuning, fixed 
  wrote /nfs/turbo/umms-minjilab/lpullela/icassp_ssc_tv2/block_ssc_benchmark/cv/params/surveillance/split_k3_sigmas_min30_trials20_params_knownk_cv_gram_ncut_k3_sigma0p5_sigma0.5_fold0.json

=== P1E_S1_C1 train[0] k=3  dim=576  frames=153  σ=0.5  fold=0 ===
  Gram-NCut: k_hat=3  ACC=0.9739  NMI=0.9153  ARI=0.9230  0.1s

=== P1E_S1_C1 train[1] k=3  dim=576  frames=130  σ=0.5  fold=0 ===
  Gram-NCut: k_hat=3  ACC=1.0000  NMI=1.0000  ARI=1.0000  0.0s

=== P1E_S1_C1 train[2] k=3  dim=576  frames=140  σ=0.5  fold=0 ===
  Gram-NCut: k_hat=3  ACC=0.9000  NMI=0.7798  ARI=0.7028  0.0s

=== P1E_S1_C1 train[3] k=3  dim=576  frames=157  σ=0.5  fold=0 ===
  Gram-NCut: k_hat=3  ACC=0.5860  NMI=0.6302  ARI=0.4504  0.0s

=== P1E_S1_C1 train[4] k=3  dim=576  frames=151  σ=0.5  fold=0 ===
  Gram-NCut: k_hat=3  ACC=0.5960  NMI=0.6690  ARI=0.4788  0.0s

=== P1E_S1_C1 train[5] k=3  dim=576  frames=140  σ=0.5  fold=0 ===
  Gram-NCut: k_hat=3  ACC=0.8571  NMI=0.6815  ARI=0.6337  0.0s

=== P1E_S1_C1 train[6] k=3  dim=576  frames=171  σ=0.5  fold=0 ===
  Gram-NCut: k_hat=3  ACC=0.9942  NMI=0.9732  ARI=0.9831  0.0s

=== P1E_S1_C2 train[0] k=3  dim=576  frames=115  σ=0.5  fold=0 ===
  Gram-NCut: k_hat=3  ACC=0.9652  NMI=0.8758  ARI=0.8915  0.0s

=== P1E_S1_C2 train[1] k=3  dim=576  frames=104  σ=0.5  fold=0 ===
  Gram-NCut: k_hat=3  ACC=1.0000  NMI=1.0000  ARI=1.0000  0.0s

=== P1E_S1_C2 train[2] k=3  dim=576  frames=138  σ=0.5  fold=0 ===
  Gram-NCut: k_hat=3  ACC=0.9203  NMI=0.7770  ARI=0.7814  0.0s

=== P1E_S1_C2 train[3] k=3  dim=576  frames=113  σ=0.5  fold=0 ===
  Gram-NCut: k_hat=3  ACC=0.4690  NMI=0.3839  ARI=0.1885  0.0s

=== P1E_S1_C2 train[4] k=3  dim=576  frames=122  σ=0.5  fold=0 ===
  Gram-NCut: k_hat=3  ACC=0.5574  NMI=0.6295  ARI=0.4511  0.0s

=== P1E_S1_C2 train[5] k=3  dim=576  frames=122  σ=0.5  fold=0 ===
  Gram-NCut: k_hat=3  ACC=0.9590  NMI=0.8854  ARI=0.8916  0.0s

=== P1E_S1_C2 train[6] k=3  dim=576  frames=134  σ=0.5  fold=0 ===
  Gram-NCut: k_hat=3  ACC=0.9851  NMI=0.9443  ARI=0.9564  0.0s

=== P1E_S1_C3 train[0] k=3  dim=576  frames=56  σ=0.5  fold=0 ===
  Gram-NCut: k_hat=3  ACC=0.9821  NMI=0.9373  ARI=0.9623  0.0s

=== P1E_S1_C3 train[1] k=3  dim=576  frames=47  σ=0.5  fold=0 ===
  Gram-NCut: k_hat=3  ACC=0.9787  NMI=0.9290  ARI=0.9459  0.0s

=== P1E_S1_C3 train[2] k=3  dim=576  frames=61  σ=0.5  fold=0 ===
  Gram-NCut: k_hat=3  ACC=0.8689  NMI=0.7042  ARI=0.7077  0.0s

=== P1E_S1_C3 train[3] k=3  dim=576  frames=37  σ=0.5  fold=0 ===
  Gram-NCut: k_hat=3  ACC=0.6216  NMI=0.5185  ARI=0.3879  0.0s

=== P1E_S1_C3 train[4] k=3  dim=576  frames=55  σ=0.5  fold=0 ===
  Gram-NCut: k_hat=3  ACC=0.9273  NMI=0.8278  ARI=0.7857  0.0s

=== P1E_S1_C3 train[5] k=3  dim=576  frames=51  σ=0.5  fold=0 ===
  Gram-NCut: k_hat=3  ACC=0.5686  NMI=0.5428  ARI=0.3754  0.0s

=== P1E_S1_C3 train[6] k=3  dim=576  frames=69  σ=0.5  fold=0 ===
  Gram-NCut: k_hat=3  ACC=0.5507  NMI=0.4634  ARI=0.2941  0.0s

=== P1E_S2_C1 train[0] k=3  dim=576  frames=151  σ=0.5  fold=0 ===
  Gram-NCut: k_hat=3  ACC=0.7351  NMI=0.5982  ARI=0.4947  0.0s

=== P1E_S2_C1 train[1] k=3  dim=576  frames=136  σ=0.5  fold=0 ===
  Gram-NCut: k_hat=3  ACC=0.9559  NMI=0.8767  ARI=0.8705  0.0s

=== P1E_S2_C1 train[2] k=3  dim=576  frames=180  σ=0.5  fold=0 ===
  Gram-NCut: k_hat=3  ACC=0.7111  NMI=0.6328  ARI=0.4904  0.0s

=== P1E_S2_C1 train[3] k=3  dim=576  frames=149  σ=0.5  fold=0 ===
  Gram-NCut: k_hat=3  ACC=0.6040  NMI=0.6711  ARI=0.4842  0.0s

=== P1E_S2_C1 train[4] k=3  dim=576  frames=124  σ=0.5  fold=0 ===
  Gram-NCut: k_hat=3  ACC=0.5403  NMI=0.6637  ARI=0.4600  0.0s

=== P1E_S2_C1 train[5] k=3  dim=576  frames=161  σ=0.5  fold=0 ===
  Gram-NCut: k_hat=3  ACC=0.7764  NMI=0.6353  ARI=0.5285  0.0s

=== P1E_S2_C1 train[6] k=3  dim=576  frames=153  σ=0.5  fold=0 ===
  Gram-NCut: k_hat=3  ACC=0.9477  NMI=0.8339  ARI=0.8549  0.0s

=== P1E_S2_C2 train[0] k=3  dim=576  frames=115  σ=0.5  fold=0 ===
  Gram-NCut: k_hat=3  ACC=0.9826  NMI=0.9253  ARI=0.9458  0.0s

=== P1E_S2_C2 train[1] k=3  dim=576  frames=109  σ=0.5  fold=0 ===
  Gram-NCut: k_hat=3  ACC=1.0000  NMI=1.0000  ARI=1.0000  0.0s

=== P1E_S2_C2 train[2] k=3  dim=576  frames=144  σ=0.5  fold=0 ===
  Gram-NCut: k_hat=3  ACC=0.9236  NMI=0.8071  ARI=0.7936  0.0s

=== P1E_S2_C2 train[3] k=3  dim=576  frames=124  σ=0.5  fold=0 ===
  Gram-NCut: k_hat=3  ACC=0.9919  NMI=0.9642  ARI=0.9736  0.0s

=== P1E_S2_C2 train[4] k=3  dim=576  frames=109  σ=0.5  fold=0 ===
  Gram-NCut: k_hat=3  ACC=0.7156  NMI=0.7051  ARI=0.5710  0.0s

=== P1E_S2_C2 train[5] k=3  dim=576  frames=128  σ=0.5  fold=0 ===
  Gram-NCut: k_hat=3  ACC=0.6406  NMI=0.6072  ARI=0.4585  0.0s

=== P1E_S2_C2 train[6] k=3  dim=576  frames=126  σ=0.5  fold=0 ===
  Gram-NCut: k_hat=3  ACC=0.9762  NMI=0.9207  ARI=0.9308  0.0s

=== P1E_S2_C3 train[0] k=3  dim=576  frames=88  σ=0.5  fold=0 ===
  Gram-NCut: k_hat=3  ACC=1.0000  NMI=1.0000  ARI=1.0000  0.0s

=== P1E_S2_C3 train[1] k=3  dim=576  frames=90  σ=0.5  fold=0 ===
  Gram-NCut: k_hat=3  ACC=0.9667  NMI=0.8979  ARI=0.8982  0.0s

=== P1E_S2_C3 train[2] k=3  dim=576  frames=112  σ=0.5  fold=0 ===
  Gram-NCut: k_hat=3  ACC=0.7054  NMI=0.5806  ARI=0.4578  0.0s

=== P1E_S2_C3 train[3] k=3  dim=576  frames=99  σ=0.5  fold=0 ===
  Gram-NCut: k_hat=3  ACC=0.9394  NMI=0.8491  ARI=0.8306  0.0s

=== P1E_S2_C3 train[4] k=3  dim=576  frames=87  σ=0.5  fold=0 ===
  Gram-NCut: k_hat=3  ACC=0.5977  NMI=0.6670  ARI=0.4754  0.0s

=== P1E_S2_C3 train[5] k=3  dim=576  frames=105  σ=0.5  fold=0 ===
  Gram-NCut: k_hat=3  ACC=0.8571  NMI=0.7129  ARI=0.6594  0.0s

=== P1E_S2_C3 train[6] k=3  dim=576  frames=89  σ=0.5  fold=0 ===
  Gram-NCut: k_hat=3  ACC=0.9775  NMI=0.9248  ARI=0.9383  0.0s

=== P1E_S3_C1 train[0] k=3  dim=576  frames=139  σ=0.5  fold=0 ===
  Gram-NCut: k_hat=3  ACC=0.7410  NMI=0.6999  ARI=0.5517  0.0s

=== P1E_S3_C1 train[1] k=3  dim=576  frames=134  σ=0.5  fold=0 ===
  Gram-NCut: k_hat=3  ACC=0.8060  NMI=0.6505  ARI=0.5388  0.0s

=== P1E_S3_C1 train[2] k=3  dim=576  frames=161  σ=0.5  fold=0 ===
  Gram-NCut: k_hat=3  ACC=0.7888  NMI=0.7131  ARI=0.5833  0.0s

=== P1E_S3_C1 train[3] k=3  dim=576  frames=168  σ=0.5  fold=0 ===
  Gram-NCut: k_hat=3  ACC=0.8571  NMI=0.7396  ARI=0.6204  0.0s

=== P1E_S3_C1 train[4] k=3  dim=576  frames=123  σ=0.5  fold=0 ===
  Gram-NCut: k_hat=3  ACC=0.5122  NMI=0.4251  ARI=0.2437  0.0s

=== P1E_S3_C1 train[5] k=3  dim=576  frames=204  σ=0.5  fold=0 ===
  Gram-NCut: k_hat=3  ACC=0.5735  NMI=0.3635  ARI=0.1686  0.0s

=== P1E_S3_C1 train[6] k=3  dim=576  frames=112  σ=0.5  fold=0 ===
  Gram-NCut: k_hat=3  ACC=0.5625  NMI=0.6127  ARI=0.4282  0.0s

=== P1E_S3_C2 train[0] k=3  dim=576  frames=120  σ=0.5  fold=0 ===
  Gram-NCut: k_hat=3  ACC=0.6917  NMI=0.6689  ARI=0.4777  0.0s

=== P1E_S3_C2 train[1] k=3  dim=576  frames=112  σ=0.5  fold=0 ===
  Gram-NCut: k_hat=3  ACC=0.9375  NMI=0.8076  ARI=0.8112  0.0s

=== P1E_S3_C2 train[2] k=3  dim=576  frames=168  σ=0.5  fold=0 ===
  Gram-NCut: k_hat=3  ACC=0.6905  NMI=0.6422  ARI=0.4322  0.0s

=== P1E_S3_C2 train[3] k=3  dim=576  frames=169  σ=0.5  fold=0 ===
  Gram-NCut: k_hat=3  ACC=0.6213  NMI=0.6032  ARI=0.4433  0.0s

=== P1E_S3_C2 train[4] k=3  dim=576  frames=107  σ=0.5  fold=0 ===
  Gram-NCut: k_hat=3  ACC=0.5981  NMI=0.6680  ARI=0.4761  0.0s

=== P1E_S3_C2 train[5] k=3  dim=576  frames=146  σ=0.5  fold=0 ===
  Gram-NCut: k_hat=3  ACC=0.7740  NMI=0.6618  ARI=0.4556  0.0s

=== P1E_S3_C2 train[6] k=3  dim=576  frames=114  σ=0.5  fold=0 ===
  Gram-NCut: k_hat=3  ACC=0.9825  NMI=0.9333  ARI=0.9468  0.0s

=== P1E_S3_C3 train[0] k=3  dim=576  frames=89  σ=0.5  fold=0 ===
  Gram-NCut: k_hat=3  ACC=1.0000  NMI=1.0000  ARI=1.0000  0.0s

=== P1E_S3_C3 train[1] k=3  dim=576  frames=84  σ=0.5  fold=0 ===
  Gram-NCut: k_hat=3  ACC=0.9881  NMI=0.9525  ARI=0.9657  0.0s

=== P1E_S3_C3 train[2] k=3  dim=576  frames=125  σ=0.5  fold=0 ===
  Gram-NCut: k_hat=3  ACC=0.7040  NMI=0.6605  ARI=0.4664  0.0s

=== P1E_S3_C3 train[3] k=3  dim=576  frames=128  σ=0.5  fold=0 ===
  Gram-NCut: k_hat=3  ACC=0.7031  NMI=0.6354  ARI=0.5070  0.0s

=== P1E_S3_C3 train[4] k=3  dim=576  frames=83  σ=0.5  fold=0 ===
  Gram-NCut: k_hat=3  ACC=0.9880  NMI=0.9530  ARI=0.9662  0.0s

=== P1E_S3_C3 train[5] k=3  dim=576  frames=129  σ=0.5  fold=0 ===
  Gram-NCut: k_hat=3  ACC=0.5504  NMI=0.6559  ARI=0.4522  0.0s

=== P1E_S3_C3 train[6] k=3  dim=576  frames=84  σ=0.5  fold=0 ===
  Gram-NCut: k_hat=3  ACC=0.9881  NMI=0.9523  ARI=0.9667  0.0s

=== P1E_S4_C1 train[0] k=3  dim=576  frames=107  σ=0.5  fold=0 ===
  Gram-NCut: k_hat=3  ACC=1.0000  NMI=1.0000  ARI=1.0000  0.0s

=== P1E_S4_C1 train[1] k=3  dim=576  frames=155  σ=0.5  fold=0 ===
  Gram-NCut: k_hat=3  ACC=0.9806  NMI=0.9205  ARI=0.9410  0.0s

=== P1E_S4_C1 train[2] k=3  dim=576  frames=182  σ=0.5  fold=0 ===
  Gram-NCut: k_hat=3  ACC=0.8626  NMI=0.7396  ARI=0.6658  0.0s

=== P1E_S4_C1 train[3] k=3  dim=576  frames=180  σ=0.5  fold=0 ===
  Gram-NCut: k_hat=3  ACC=0.6778  NMI=0.6859  ARI=0.5257  0.0s

=== P1E_S4_C1 train[4] k=3  dim=576  frames=133  σ=0.5  fold=0 ===
  Gram-NCut: k_hat=3  ACC=0.6466  NMI=0.6651  ARI=0.4918  0.0s

=== P1E_S4_C1 train[5] k=3  dim=576  frames=147  σ=0.5  fold=0 ===
  Gram-NCut: k_hat=3  ACC=0.5782  NMI=0.5303  ARI=0.3675  0.0s

=== P1E_S4_C1 train[6] k=3  dim=576  frames=145  σ=0.5  fold=0 ===
  Gram-NCut: k_hat=3  ACC=0.5586  NMI=0.4559  ARI=0.2836  0.0s

=== P1E_S4_C2 train[0] k=3  dim=576  frames=125  σ=0.5  fold=0 ===
  Gram-NCut: k_hat=3  ACC=0.9840  NMI=0.9301  ARI=0.9501  0.0s

=== P1E_S4_C2 train[1] k=3  dim=576  frames=122  σ=0.5  fold=0 ===
  Gram-NCut: k_hat=3  ACC=1.0000  NMI=1.0000  ARI=1.0000  0.0s

=== P1E_S4_C2 train[2] k=3  dim=576  frames=126  σ=0.5  fold=0 ===
  Gram-NCut: k_hat=3  ACC=0.5794  NMI=0.6257  ARI=0.4169  0.0s

=== P1E_S4_C2 train[3] k=3  dim=576  frames=140  σ=0.5  fold=0 ===
  Gram-NCut: k_hat=3  ACC=0.9786  NMI=0.9234  ARI=0.9323  0.0s

=== P1E_S4_C2 train[4] k=3  dim=576  frames=129  σ=0.5  fold=0 ===
  Gram-NCut: k_hat=3  ACC=0.5814  NMI=0.6628  ARI=0.4661  0.0s

=== P1E_S4_C2 train[5] k=3  dim=576  frames=146  σ=0.5  fold=0 ===
  Gram-NCut: k_hat=3  ACC=0.6644  NMI=0.5853  ARI=0.4605  0.0s

=== P1E_S4_C2 train[6] k=3  dim=576  frames=110  σ=0.5  fold=0 ===
  Gram-NCut: k_hat=3  ACC=0.9909  NMI=0.9623  ARI=0.9753  0.0s

=== P1E_S4_C3 train[0] k=3  dim=576  frames=64  σ=0.5  fold=0 ===
  Gram-NCut: k_hat=3  ACC=0.9062  NMI=0.7546  ARI=0.7559  0.0s

=== P1E_S4_C3 train[1] k=3  dim=576  frames=85  σ=0.5  fold=0 ===
  Gram-NCut: k_hat=3  ACC=0.9412  NMI=0.8539  ARI=0.8378  0.0s

=== P1E_S4_C3 train[2] k=3  dim=576  frames=105  σ=0.5  fold=0 ===
  Gram-NCut: k_hat=3  ACC=0.6667  NMI=0.6363  ARI=0.5331  0.0s

=== P1E_S4_C3 train[3] k=3  dim=576  frames=87  σ=0.5  fold=0 ===
  Gram-NCut: k_hat=3  ACC=0.6437  NMI=0.5431  ARI=0.4460  0.0s

=== P1E_S4_C3 train[4] k=3  dim=576  frames=76  σ=0.5  fold=0 ===
  Gram-NCut: k_hat=3  ACC=0.9605  NMI=0.8885  ARI=0.8936  0.0s

=== P1E_S4_C3 train[5] k=3  dim=576  frames=106  σ=0.5  fold=0 ===
  Gram-NCut: k_hat=3  ACC=0.6887  NMI=0.7100  ARI=0.5700  0.0s

=== P1E_S4_C3 train[6] k=3  dim=576  frames=79  σ=0.5  fold=0 ===
  Gram-NCut: k_hat=3  ACC=0.6203  NMI=0.5684  ARI=0.4158  0.0s

=== P1L_S1_C1 train[0] k=3  dim=576  frames=170  σ=0.5  fold=0 ===
  Gram-NCut: k_hat=3  ACC=0.7882  NMI=0.6873  ARI=0.5109  0.0s

=== P1L_S1_C1 train[1] k=3  dim=576  frames=155  σ=0.5  fold=0 ===
  Gram-NCut: k_hat=3  ACC=1.0000  NMI=1.0000  ARI=1.0000  0.0s

=== P1L_S1_C1 train[2] k=3  dim=576  frames=182  σ=0.5  fold=0 ===
  Gram-NCut: k_hat=3  ACC=0.9780  NMI=0.9147  ARI=0.9368  0.0s

=== P1L_S1_C1 train[3] k=3  dim=576  frames=198  σ=0.5  fold=0 ===
  Gram-NCut: k_hat=3  ACC=0.7273  NMI=0.6733  ARI=0.5345  0.0s

=== P1L_S1_C1 train[4] k=3  dim=576  frames=166  σ=0.5  fold=0 ===
  Gram-NCut: k_hat=3  ACC=1.0000  NMI=1.0000  ARI=1.0000  0.0s

=== P1L_S1_C1 train[5] k=3  dim=576  frames=116  σ=0.5  fold=0 ===
  Gram-NCut: k_hat=3  ACC=0.5345  NMI=0.3125  ARI=0.0961  0.0s

=== P1L_S1_C1 train[6] k=3  dim=576  frames=175  σ=0.5  fold=0 ===
  Gram-NCut: k_hat=3  ACC=0.9943  NMI=0.9736  ARI=0.9843  0.0s

=== P1L_S1_C2 train[0] k=3  dim=576  frames=137  σ=0.5  fold=0 ===
  Gram-NCut: k_hat=3  ACC=0.8029  NMI=0.7019  ARI=0.5528  0.0s

=== P1L_S1_C2 train[1] k=3  dim=576  frames=147  σ=0.5  fold=0 ===
  Gram-NCut: k_hat=3  ACC=0.9932  NMI=0.9697  ARI=0.9804  0.0s

=== P1L_S1_C2 train[2] k=3  dim=576  frames=181  σ=0.5  fold=0 ===
  Gram-NCut: k_hat=3  ACC=0.5359  NMI=0.6356  ARI=0.4280  0.0s

=== P1L_S1_C2 train[3] k=3  dim=576  frames=128  σ=0.5  fold=0 ===
  Gram-NCut: k_hat=3  ACC=0.5625  NMI=0.6666  ARI=0.4689  0.0s

=== P1L_S1_C2 train[4] k=3  dim=576  frames=154  σ=0.5  fold=0 ===
  Gram-NCut: k_hat=3  ACC=0.5065  NMI=0.6566  ARI=0.4500  0.0s

=== P1L_S1_C2 train[5] k=3  dim=576  frames=142  σ=0.5  fold=0 ===
  Gram-NCut: k_hat=3  ACC=0.7887  NMI=0.6116  ARI=0.5099  0.0s

=== P1L_S1_C2 train[6] k=3  dim=576  frames=168  σ=0.5  fold=0 ===
  Gram-NCut: k_hat=3  ACC=0.9881  NMI=0.9537  ARI=0.9677  0.0s

=== P1L_S1_C3 train[0] k=3  dim=576  frames=68  σ=0.5  fold=0 ===
  Gram-NCut: k_hat=3  ACC=1.0000  NMI=1.0000  ARI=1.0000  0.0s

=== P1L_S1_C3 train[1] k=3  dim=576  frames=65  σ=0.5  fold=0 ===
  Gram-NCut: k_hat=3  ACC=0.8615  NMI=0.7478  ARI=0.6419  0.0s

=== P1L_S1_C3 train[2] k=3  dim=576  frames=74  σ=0.5  fold=0 ===
  Gram-NCut: k_hat=3  ACC=0.5811  NMI=0.6230  ARI=0.4548  0.0s

=== P1L_S1_C3 train[3] k=3  dim=576  frames=73  σ=0.5  fold=0 ===
  Gram-NCut: k_hat=3  ACC=0.6575  NMI=0.6754  ARI=0.5014  0.0s

=== P1L_S1_C3 train[4] k=3  dim=576  frames=64  σ=0.5  fold=0 ===
  Gram-NCut: k_hat=3  ACC=0.6250  NMI=0.5313  ARI=0.4237  0.0s

=== P1L_S1_C3 train[5] k=3  dim=576  frames=63  σ=0.5  fold=0 ===
  Gram-NCut: k_hat=3  ACC=0.6984  NMI=0.6872  ARI=0.5377  0.0s

=== P1L_S1_C3 train[6] k=3  dim=576  frames=75  σ=0.5  fold=0 ===
  Gram-NCut: k_hat=3  ACC=0.9867  NMI=0.9474  ARI=0.9569  0.0s

=== P1L_S2_C1 train[0] k=3  dim=576  frames=190  σ=0.5  fold=0 ===
  Gram-NCut: k_hat=3  ACC=0.7211  NMI=0.6714  ARI=0.4890  0.0s

=== P1L_S2_C1 train[1] k=3  dim=576  frames=180  σ=0.5  fold=0 ===
  Gram-NCut: k_hat=3  ACC=1.0000  NMI=1.0000  ARI=1.0000  0.0s

=== P1L_S2_C1 train[2] k=3  dim=576  frames=177  σ=0.5  fold=0 ===
  Gram-NCut: k_hat=3  ACC=0.8136  NMI=0.6377  ARI=0.5512  0.0s

=== P1L_S2_C1 train[3] k=3  dim=576  frames=172  σ=0.5  fold=0 ===
  Gram-NCut: k_hat=3  ACC=0.9535  NMI=0.8772  ARI=0.8928  0.0s

=== P1L_S2_C1 train[4] k=3  dim=576  frames=179  σ=0.5  fold=0 ===
  Gram-NCut: k_hat=3  ACC=1.0000  NMI=1.0000  ARI=1.0000  0.0s

=== P1L_S2_C1 train[5] k=3  dim=576  frames=180  σ=0.5  fold=0 ===
  Gram-NCut: k_hat=3  ACC=0.4944  NMI=0.2521  ARI=0.0513  0.0s

=== P1L_S2_C1 train[6] k=3  dim=576  frames=133  σ=0.5  fold=0 ===
  Gram-NCut: k_hat=3  ACC=1.0000  NMI=1.0000  ARI=1.0000  0.0s

=== P1L_S2_C2 train[0] k=3  dim=576  frames=155  σ=0.5  fold=0 ===
  Gram-NCut: k_hat=3  ACC=0.9806  NMI=0.9316  ARI=0.9416  0.0s

=== P1L_S2_C2 train[1] k=3  dim=576  frames=134  σ=0.5  fold=0 ===
  Gram-NCut: k_hat=3  ACC=1.0000  NMI=1.0000  ARI=1.0000  0.0s

=== P1L_S2_C2 train[2] k=3  dim=576  frames=186  σ=0.5  fold=0 ===
  Gram-NCut: k_hat=3  ACC=0.9570  NMI=0.8560  ARI=0.8853  0.0s

=== P1L_S2_C2 train[3] k=3  dim=576  frames=201  σ=0.5  fold=0 ===
  Gram-NCut: k_hat=3  ACC=0.8856  NMI=0.7479  ARI=0.7108  0.0s

=== P1L_S2_C2 train[4] k=3  dim=576  frames=171  σ=0.5  fold=0 ===
  Gram-NCut: k_hat=3  ACC=0.8363  NMI=0.7362  ARI=0.6178  0.0s

=== P1L_S2_C2 train[5] k=3  dim=576  frames=160  σ=0.5  fold=0 ===
  Gram-NCut: k_hat=3  ACC=0.6125  NMI=0.6196  ARI=0.4654  0.0s

=== P1L_S2_C2 train[6] k=3  dim=576  frames=154  σ=0.5  fold=0 ===
  Gram-NCut: k_hat=3  ACC=0.9935  NMI=0.9704  ARI=0.9818  0.0s

=== P1L_S2_C3 train[0] k=3  dim=576  frames=101  σ=0.5  fold=0 ===
  Gram-NCut: k_hat=3  ACC=0.8119  NMI=0.7135  ARI=0.5605  0.0s

=== P1L_S2_C3 train[1] k=3  dim=576  frames=85  σ=0.5  fold=0 ===
  Gram-NCut: k_hat=3  ACC=1.0000  NMI=1.0000  ARI=1.0000  0.0s

=== P1L_S2_C3 train[2] k=3  dim=576  frames=112  σ=0.5  fold=0 ===
  Gram-NCut: k_hat=3  ACC=0.5893  NMI=0.6656  ARI=0.4708  0.0s

=== P1L_S2_C3 train[3] k=3  dim=576  frames=126  σ=0.5  fold=0 ===
  Gram-NCut: k_hat=3  ACC=0.8651  NMI=0.7610  ARI=0.6671  0.0s

=== P1L_S2_C3 train[4] k=3  dim=576  frames=102  σ=0.5  fold=0 ===
  Gram-NCut: k_hat=3  ACC=0.5392  NMI=0.6485  ARI=0.4410  0.0s

=== P1L_S2_C3 train[5] k=3  dim=576  frames=121  σ=0.5  fold=0 ===
  Gram-NCut: k_hat=3  ACC=0.9091  NMI=0.7880  ARI=0.7781  0.0s

=== P1L_S2_C3 train[6] k=3  dim=576  frames=99  σ=0.5  fold=0 ===
  Gram-NCut: k_hat=3  ACC=0.9697  NMI=0.9066  ARI=0.9152  0.0s

=== P1L_S3_C1 train[0] k=3  dim=576  frames=120  σ=0.5  fold=0 ===
  Gram-NCut: k_hat=3  ACC=1.0000  NMI=1.0000  ARI=1.0000  0.0s

=== P1L_S3_C1 train[1] k=3  dim=576  frames=185  σ=0.5  fold=0 ===
  Gram-NCut: k_hat=3  ACC=0.9838  NMI=0.9402  ARI=0.9511  0.0s

=== P1L_S3_C1 train[2] k=3  dim=576  frames=156  σ=0.5  fold=0 ===
  Gram-NCut: k_hat=3  ACC=0.6474  NMI=0.6812  ARI=0.5139  0.0s

=== P1L_S3_C1 train[3] k=3  dim=576  frames=159  σ=0.5  fold=0 ===
  Gram-NCut: k_hat=3  ACC=0.9245  NMI=0.7727  ARI=0.7932  0.0s

=== P1L_S3_C1 train[4] k=3  dim=576  frames=172  σ=0.5  fold=0 ===
  Gram-NCut: k_hat=3  ACC=0.5465  NMI=0.5683  ARI=0.3918  0.0s

=== P1L_S3_C1 train[5] k=3  dim=576  frames=176  σ=0.5  fold=0 ===
  Gram-NCut: k_hat=3  ACC=0.7045  NMI=0.6249  ARI=0.4050  0.0s

=== P1L_S3_C1 train[6] k=3  dim=576  frames=134  σ=0.5  fold=0 ===
  Gram-NCut: k_hat=3  ACC=0.9701  NMI=0.9016  ARI=0.9044  0.0s

=== P1L_S3_C2 train[0] k=3  dim=576  frames=125  σ=0.5  fold=0 ===
  Gram-NCut: k_hat=3  ACC=0.7520  NMI=0.6568  ARI=0.5655  0.0s

=== P1L_S3_C2 train[1] k=3  dim=576  frames=166  σ=0.5  fold=0 ===
  Gram-NCut: k_hat=3  ACC=1.0000  NMI=1.0000  ARI=1.0000  0.0s

=== P1L_S3_C2 train[2] k=3  dim=576  frames=209  σ=0.5  fold=0 ===
  Gram-NCut: k_hat=3  ACC=0.7321  NMI=0.5271  ARI=0.4184  0.0s

=== P1L_S3_C2 train[3] k=3  dim=576  frames=168  σ=0.5  fold=0 ===
  Gram-NCut: k_hat=3  ACC=0.6488  NMI=0.6705  ARI=0.5211  0.0s

=== P1L_S3_C2 train[4] k=3  dim=576  frames=187  σ=0.5  fold=0 ===
  Gram-NCut: k_hat=3  ACC=0.5722  NMI=0.6619  ARI=0.4650  0.0s

=== P1L_S3_C2 train[5] k=3  dim=576  frames=229  σ=0.5  fold=0 ===
  Gram-NCut: k_hat=3  ACC=0.4978  NMI=0.5341  ARI=0.3541  0.1s

=== P1L_S3_C2 train[6] k=3  dim=576  frames=136  σ=0.5  fold=0 ===
  Gram-NCut: k_hat=3  ACC=0.9559  NMI=0.8746  ARI=0.8649  0.0s

=== P1L_S3_C3 train[0] k=3  dim=576  frames=118  σ=0.5  fold=0 ===
  Gram-NCut: k_hat=3  ACC=0.8983  NMI=0.7946  ARI=0.7354  0.0s

=== P1L_S3_C3 train[1] k=3  dim=576  frames=121  σ=0.5  fold=0 ===
  Gram-NCut: k_hat=3  ACC=1.0000  NMI=1.0000  ARI=1.0000  0.0s

=== P1L_S3_C3 train[2] k=3  dim=576  frames=142  σ=0.5  fold=0 ===
  Gram-NCut: k_hat=3  ACC=0.7958  NMI=0.6968  ARI=0.5429  0.0s

=== P1L_S3_C3 train[3] k=3  dim=576  frames=134  σ=0.5  fold=0 ===
  Gram-NCut: k_hat=3  ACC=0.8433  NMI=0.7262  ARI=0.5959  0.0s

=== P1L_S3_C3 train[4] k=3  dim=576  frames=110  σ=0.5  fold=0 ===
  Gram-NCut: k_hat=3  ACC=0.8545  NMI=0.7538  ARI=0.6585  0.0s

=== P1L_S3_C3 train[5] k=3  dim=576  frames=161  σ=0.5  fold=0 ===
  Gram-NCut: k_hat=3  ACC=0.8323  NMI=0.7023  ARI=0.6433  0.0s

=== P1L_S3_C3 train[6] k=3  dim=576  frames=114  σ=0.5  fold=0 ===
  Gram-NCut: k_hat=3  ACC=0.9825  NMI=0.9372  ARI=0.9534  0.0s

=== P1L_S4_C1 train[0] k=3  dim=576  frames=157  σ=0.5  fold=0 ===
  Gram-NCut: k_hat=3  ACC=0.9873  NMI=0.9482  ARI=0.9607  0.0s

=== P1L_S4_C1 train[1] k=3  dim=576  frames=154  σ=0.5  fold=0 ===
  Gram-NCut: k_hat=3  ACC=1.0000  NMI=1.0000  ARI=1.0000  0.0s

=== P1L_S4_C1 train[2] k=3  dim=576  frames=168  σ=0.5  fold=0 ===
  Gram-NCut: k_hat=3  ACC=0.7917  NMI=0.5827  ARI=0.4880  0.0s

=== P1L_S4_C1 train[3] k=3  dim=576  frames=142  σ=0.5  fold=0 ===
  Gram-NCut: k_hat=3  ACC=1.0000  NMI=1.0000  ARI=1.0000  0.0s

=== P1L_S4_C1 train[4] k=3  dim=576  frames=164  σ=0.5  fold=0 ===
  Gram-NCut: k_hat=3  ACC=0.9573  NMI=0.8816  ARI=0.8804  0.0s

=== P1L_S4_C1 train[5] k=3  dim=576  frames=187  σ=0.5  fold=0 ===
  Gram-NCut: k_hat=3  ACC=0.7540  NMI=0.5479  ARI=0.4682  0.0s

=== P1L_S4_C1 train[6] k=3  dim=576  frames=202  σ=0.5  fold=0 ===
  Gram-NCut: k_hat=3  ACC=1.0000  NMI=1.0000  ARI=1.0000  0.0s

=== P1L_S4_C2 train[0] k=3  dim=576  frames=149  σ=0.5  fold=0 ===
  Gram-NCut: k_hat=3  ACC=0.9329  NMI=0.8326  ARI=0.7976  0.0s

=== P1L_S4_C2 train[1] k=3  dim=576  frames=175  σ=0.5  fold=0 ===
  Gram-NCut: k_hat=3  ACC=1.0000  NMI=1.0000  ARI=1.0000  0.0s

=== P1L_S4_C2 train[2] k=3  dim=576  frames=168  σ=0.5  fold=0 ===
  Gram-NCut: k_hat=3  ACC=0.8571  NMI=0.7125  ARI=0.6257  0.0s

=== P1L_S4_C2 train[3] k=3  dim=576  frames=154  σ=0.5  fold=0 ===
  Gram-NCut: k_hat=3  ACC=0.8312  NMI=0.6938  ARI=0.5628  0.0s

=== P1L_S4_C2 train[4] k=3  dim=576  frames=152  σ=0.5  fold=0 ===
  Gram-NCut: k_hat=3  ACC=0.5329  NMI=0.6488  ARI=0.4425  0.0s

=== P1L_S4_C2 train[5] k=3  dim=576  frames=169  σ=0.5  fold=0 ===
  Gram-NCut: k_hat=3  ACC=0.5917  NMI=0.6658  ARI=0.4783  0.0s

=== P1L_S4_C2 train[6] k=3  dim=576  frames=153  σ=0.5  fold=0 ===
  Gram-NCut: k_hat=3  ACC=0.9869  NMI=0.9501  ARI=0.9666  0.0s

=== P1L_S4_C3 train[0] k=3  dim=576  frames=107  σ=0.5  fold=0 ===
  Gram-NCut: k_hat=3  ACC=1.0000  NMI=1.0000  ARI=1.0000  0.0s

=== P1L_S4_C3 train[1] k=3  dim=576  frames=94  σ=0.5  fold=0 ===
  Gram-NCut: k_hat=3  ACC=1.0000  NMI=1.0000  ARI=1.0000  0.0s

=== P1L_S4_C3 train[2] k=3  dim=576  frames=117  σ=0.5  fold=0 ===
  Gram-NCut: k_hat=3  ACC=0.6410  NMI=0.6653  ARI=0.4934  0.0s

=== P1L_S4_C3 train[3] k=3  dim=576  frames=112  σ=0.5  fold=0 ===
  Gram-NCut: k_hat=3  ACC=0.7411  NMI=0.6498  ARI=0.4345  0.0s

=== P1L_S4_C3 train[4] k=3  dim=576  frames=103  σ=0.5  fold=0 ===
  Gram-NCut: k_hat=3  ACC=0.5922  NMI=0.6512  ARI=0.4530  0.0s

=== P1L_S4_C3 train[5] k=3  dim=576  frames=105  σ=0.5  fold=0 ===
  Gram-NCut: k_hat=3  ACC=0.5333  NMI=0.6115  ARI=0.4223  0.0s

=== P1L_S4_C3 train[6] k=3  dim=576  frames=107  σ=0.5  fold=0 ===
  Gram-NCut: k_hat=3  ACC=0.9720  NMI=0.9111  ARI=0.9208  0.0s

=== P1E_S1_C1 test[0] k=3  dim=576  frames=146  σ=0.5  fold=0 ===
  Gram-NCut: k_hat=3  ACC=0.9863  NMI=0.9433  ARI=0.9531  0.0s

=== P1E_S1_C2 test[0] k=3  dim=576  frames=147  σ=0.5  fold=0 ===
  Gram-NCut: k_hat=3  ACC=0.9456  NMI=0.8210  ARI=0.8387  0.0s

=== P1E_S1_C3 test[0] k=3  dim=576  frames=58  σ=0.5  fold=0 ===
  Gram-NCut: k_hat=3  ACC=0.6897  NMI=0.5509  ARI=0.3975  0.0s

=== P1E_S2_C1 test[0] k=3  dim=576  frames=167  σ=0.5  fold=0 ===
  Gram-NCut: k_hat=3  ACC=0.9760  NMI=0.9201  ARI=0.9285  0.0s

=== P1E_S2_C2 test[0] k=3  dim=576  frames=146  σ=0.5  fold=0 ===
  Gram-NCut: k_hat=3  ACC=0.9384  NMI=0.8294  ARI=0.8374  0.0s

=== P1E_S2_C3 test[0] k=3  dim=576  frames=113  σ=0.5  fold=0 ===
  Gram-NCut: k_hat=3  ACC=0.9735  NMI=0.9152  ARI=0.9282  0.0s

=== P1E_S3_C1 test[0] k=3  dim=576  frames=166  σ=0.5  fold=0 ===
  Gram-NCut: k_hat=3  ACC=0.7349  NMI=0.6597  ARI=0.4641  0.0s

=== P1E_S3_C2 test[0] k=3  dim=576  frames=147  σ=0.5  fold=0 ===
  Gram-NCut: k_hat=3  ACC=0.8912  NMI=0.7677  ARI=0.6800  0.0s

=== P1E_S3_C3 test[0] k=3  dim=576  frames=105  σ=0.5  fold=0 ===
  Gram-NCut: k_hat=3  ACC=1.0000  NMI=1.0000  ARI=1.0000  0.0s

=== P1E_S4_C1 test[0] k=3  dim=576  frames=158  σ=0.5  fold=0 ===
  Gram-NCut: k_hat=3  ACC=0.8481  NMI=0.7167  ARI=0.5780  0.0s

=== P1E_S4_C2 test[0] k=3  dim=576  frames=117  σ=0.5  fold=0 ===
  Gram-NCut: k_hat=3  ACC=0.9744  NMI=0.9022  ARI=0.9249  0.0s

=== P1E_S4_C3 test[0] k=3  dim=576  frames=90  σ=0.5  fold=0 ===
  Gram-NCut: k_hat=3  ACC=0.7778  NMI=0.5888  ARI=0.4859  0.0s

=== P1L_S1_C1 test[0] k=3  dim=576  frames=162  σ=0.5  fold=0 ===
  Gram-NCut: k_hat=3  ACC=0.9815  NMI=0.9346  ARI=0.9472  0.0s

=== P1L_S1_C2 test[0] k=3  dim=576  frames=186  σ=0.5  fold=0 ===
  Gram-NCut: k_hat=3  ACC=0.7688  NMI=0.6813  ARI=0.5085  0.0s

=== P1L_S1_C3 test[0] k=3  dim=576  frames=60  σ=0.5  fold=0 ===
  Gram-NCut: k_hat=3  ACC=0.5167  NMI=0.5800  ARI=0.3887  0.0s

=== P1L_S2_C1 test[0] k=3  dim=576  frames=211  σ=0.5  fold=0 ===
  Gram-NCut: k_hat=3  ACC=0.8199  NMI=0.7231  ARI=0.6077  0.0s

=== P1L_S2_C2 test[0] k=3  dim=576  frames=194  σ=0.5  fold=0 ===
  Gram-NCut: k_hat=3  ACC=0.7990  NMI=0.6607  ARI=0.5018  0.0s

=== P1L_S2_C3 test[0] k=3  dim=576  frames=119  σ=0.5  fold=0 ===
  Gram-NCut: k_hat=3  ACC=1.0000  NMI=1.0000  ARI=1.0000  0.0s

=== P1L_S3_C1 test[0] k=3  dim=576  frames=156  σ=0.5  fold=0 ===
  Gram-NCut: k_hat=3  ACC=0.4295  NMI=0.2486  ARI=0.0025  0.0s

=== P1L_S3_C2 test[0] k=3  dim=576  frames=185  σ=0.5  fold=0 ===
  Gram-NCut: k_hat=3  ACC=0.9297  NMI=0.8147  ARI=0.7964  0.0s

=== P1L_S3_C3 test[0] k=3  dim=576  frames=151  σ=0.5  fold=0 ===
  Gram-NCut: k_hat=3  ACC=1.0000  NMI=1.0000  ARI=1.0000  0.0s

=== P1L_S4_C1 test[0] k=3  dim=576  frames=200  σ=0.5  fold=0 ===
  Gram-NCut: k_hat=3  ACC=0.7350  NMI=0.6902  ARI=0.5295  0.0s

=== P1L_S4_C2 test[0] k=3  dim=576  frames=157  σ=0.5  fold=0 ===
  Gram-NCut: k_hat=3  ACC=0.7771  NMI=0.6675  ARI=0.4827  0.0s

=== P1L_S4_C3 test[0] k=3  dim=576  frames=96  σ=0.5  fold=0 ===
  Gram-NCut: k_hat=3  ACC=0.5417  NMI=0.6288  ARI=0.4177  0.0s
  tune_pool_groups=20: sampling from 22 held-in people (overlap allowed) instead of the 7 fixed partition group(s)

============================================================
σ=0.5 fold=1  test=['0004', '0014', '0027']  train mats=168  test mats=24  tune mats=480
  Gram-NCut: skip tuning, fixed 
  wrote /nfs/turbo/umms-minjilab/lpullela/icassp_ssc_tv2/block_ssc_benchmark/cv/params/surveillance/split_k3_sigmas_min30_trials20_params_knownk_cv_gram_ncut_k3_sigma0p5_sigma0.5_fold1.json

=== P1E_S1_C1 train[0] k=3  dim=576  frames=146  σ=0.5  fold=1 ===
  Gram-NCut: k_hat=3  ACC=0.9863  NMI=0.9433  ARI=0.9531  0.0s

=== P1E_S1_C1 train[1] k=3  dim=576  frames=130  σ=0.5  fold=1 ===
  Gram-NCut: k_hat=3  ACC=1.0000  NMI=1.0000  ARI=1.0000  0.0s

=== P1E_S1_C1 train[2] k=3  dim=576  frames=140  σ=0.5  fold=1 ===
  Gram-NCut: k_hat=3  ACC=0.9000  NMI=0.7798  ARI=0.7028  0.0s

=== P1E_S1_C1 train[3] k=3  dim=576  frames=157  σ=0.5  fold=1 ===
  Gram-NCut: k_hat=3  ACC=0.5860  NMI=0.6302  ARI=0.4504  0.0s

=== P1E_S1_C1 train[4] k=3  dim=576  frames=151  σ=0.5  fold=1 ===
  Gram-NCut: k_hat=3  ACC=0.5960  NMI=0.6690  ARI=0.4788  0.0s

=== P1E_S1_C1 train[5] k=3  dim=576  frames=140  σ=0.5  fold=1 ===
  Gram-NCut: k_hat=3  ACC=0.8571  NMI=0.6815  ARI=0.6337  0.0s

=== P1E_S1_C1 train[6] k=3  dim=576  frames=171  σ=0.5  fold=1 ===
  Gram-NCut: k_hat=3  ACC=0.9942  NMI=0.9732  ARI=0.9831  0.0s

=== P1E_S1_C2 train[0] k=3  dim=576  frames=147  σ=0.5  fold=1 ===
  Gram-NCut: k_hat=3  ACC=0.9456  NMI=0.8210  ARI=0.8387  0.0s

=== P1E_S1_C2 train[1] k=3  dim=576  frames=104  σ=0.5  fold=1 ===
  Gram-NCut: k_hat=3  ACC=1.0000  NMI=1.0000  ARI=1.0000  0.0s

=== P1E_S1_C2 train[2] k=3  dim=576  frames=138  σ=0.5  fold=1 ===
  Gram-NCut: k_hat=3  ACC=0.9203  NMI=0.7770  ARI=0.7814  0.0s

=== P1E_S1_C2 train[3] k=3  dim=576  frames=113  σ=0.5  fold=1 ===
  Gram-NCut: k_hat=3  ACC=0.4690  NMI=0.3839  ARI=0.1885  0.0s

=== P1E_S1_C2 train[4] k=3  dim=576  frames=122  σ=0.5  fold=1 ===
  Gram-NCut: k_hat=3  ACC=0.5574  NMI=0.6295  ARI=0.4511  0.0s

=== P1E_S1_C2 train[5] k=3  dim=576  frames=122  σ=0.5  fold=1 ===
  Gram-NCut: k_hat=3  ACC=0.9590  NMI=0.8854  ARI=0.8916  0.0s

=== P1E_S1_C2 train[6] k=3  dim=576  frames=134  σ=0.5  fold=1 ===
  Gram-NCut: k_hat=3  ACC=0.9851  NMI=0.9443  ARI=0.9564  0.0s

=== P1E_S1_C3 train[0] k=3  dim=576  frames=58  σ=0.5  fold=1 ===
  Gram-NCut: k_hat=3  ACC=0.6897  NMI=0.5509  ARI=0.3975  0.0s

=== P1E_S1_C3 train[1] k=3  dim=576  frames=47  σ=0.5  fold=1 ===
  Gram-NCut: k_hat=3  ACC=0.9787  NMI=0.9290  ARI=0.9459  0.0s

=== P1E_S1_C3 train[2] k=3  dim=576  frames=61  σ=0.5  fold=1 ===
  Gram-NCut: k_hat=3  ACC=0.8689  NMI=0.7042  ARI=0.7077  0.0s

=== P1E_S1_C3 train[3] k=3  dim=576  frames=37  σ=0.5  fold=1 ===
  Gram-NCut: k_hat=3  ACC=0.6216  NMI=0.5185  ARI=0.3879  0.0s

=== P1E_S1_C3 train[4] k=3  dim=576  frames=55  σ=0.5  fold=1 ===
  Gram-NCut: k_hat=3  ACC=0.9273  NMI=0.8278  ARI=0.7857  0.0s

=== P1E_S1_C3 train[5] k=3  dim=576  frames=51  σ=0.5  fold=1 ===
  Gram-NCut: k_hat=3  ACC=0.5686  NMI=0.5428  ARI=0.3754  0.0s

=== P1E_S1_C3 train[6] k=3  dim=576  frames=69  σ=0.5  fold=1 ===
  Gram-NCut: k_hat=3  ACC=0.5507  NMI=0.4634  ARI=0.2941  0.0s

=== P1E_S2_C1 train[0] k=3  dim=576  frames=167  σ=0.5  fold=1 ===
  Gram-NCut: k_hat=3  ACC=0.9760  NMI=0.9201  ARI=0.9285  0.0s

=== P1E_S2_C1 train[1] k=3  dim=576  frames=136  σ=0.5  fold=1 ===
  Gram-NCut: k_hat=3  ACC=0.9559  NMI=0.8767  ARI=0.8705  0.0s

=== P1E_S2_C1 train[2] k=3  dim=576  frames=180  σ=0.5  fold=1 ===
  Gram-NCut: k_hat=3  ACC=0.7111  NMI=0.6328  ARI=0.4904  0.0s

=== P1E_S2_C1 train[3] k=3  dim=576  frames=149  σ=0.5  fold=1 ===
  Gram-NCut: k_hat=3  ACC=0.6040  NMI=0.6711  ARI=0.4842  0.0s

=== P1E_S2_C1 train[4] k=3  dim=576  frames=124  σ=0.5  fold=1 ===
  Gram-NCut: k_hat=3  ACC=0.5403  NMI=0.6637  ARI=0.4600  0.0s

=== P1E_S2_C1 train[5] k=3  dim=576  frames=161  σ=0.5  fold=1 ===
  Gram-NCut: k_hat=3  ACC=0.7764  NMI=0.6353  ARI=0.5285  0.0s

=== P1E_S2_C1 train[6] k=3  dim=576  frames=153  σ=0.5  fold=1 ===
  Gram-NCut: k_hat=3  ACC=0.9477  NMI=0.8339  ARI=0.8549  0.0s

=== P1E_S2_C2 train[0] k=3  dim=576  frames=146  σ=0.5  fold=1 ===
  Gram-NCut: k_hat=3  ACC=0.9384  NMI=0.8294  ARI=0.8374  0.0s

=== P1E_S2_C2 train[1] k=3  dim=576  frames=109  σ=0.5  fold=1 ===
  Gram-NCut: k_hat=3  ACC=1.0000  NMI=1.0000  ARI=1.0000  0.0s

=== P1E_S2_C2 train[2] k=3  dim=576  frames=144  σ=0.5  fold=1 ===
  Gram-NCut: k_hat=3  ACC=0.9236  NMI=0.8071  ARI=0.7936  0.0s

=== P1E_S2_C2 train[3] k=3  dim=576  frames=124  σ=0.5  fold=1 ===
  Gram-NCut: k_hat=3  ACC=0.9919  NMI=0.9642  ARI=0.9736  0.0s

=== P1E_S2_C2 train[4] k=3  dim=576  frames=109  σ=0.5  fold=1 ===
  Gram-NCut: k_hat=3  ACC=0.7156  NMI=0.7051  ARI=0.5710  0.0s

=== P1E_S2_C2 train[5] k=3  dim=576  frames=128  σ=0.5  fold=1 ===
  Gram-NCut: k_hat=3  ACC=0.6406  NMI=0.6072  ARI=0.4585  0.0s

=== P1E_S2_C2 train[6] k=3  dim=576  frames=126  σ=0.5  fold=1 ===
  Gram-NCut: k_hat=3  ACC=0.9762  NMI=0.9207  ARI=0.9308  0.0s

=== P1E_S2_C3 train[0] k=3  dim=576  frames=113  σ=0.5  fold=1 ===
  Gram-NCut: k_hat=3  ACC=0.9735  NMI=0.9152  ARI=0.9282  0.0s

=== P1E_S2_C3 train[1] k=3  dim=576  frames=90  σ=0.5  fold=1 ===
  Gram-NCut: k_hat=3  ACC=0.9667  NMI=0.8979  ARI=0.8982  0.0s

=== P1E_S2_C3 train[2] k=3  dim=576  frames=112  σ=0.5  fold=1 ===
  Gram-NCut: k_hat=3  ACC=0.7054  NMI=0.5806  ARI=0.4578  0.0s

=== P1E_S2_C3 train[3] k=3  dim=576  frames=99  σ=0.5  fold=1 ===
  Gram-NCut: k_hat=3  ACC=0.9394  NMI=0.8491  ARI=0.8306  0.0s

=== P1E_S2_C3 train[4] k=3  dim=576  frames=87  σ=0.5  fold=1 ===
  Gram-NCut: k_hat=3  ACC=0.5977  NMI=0.6670  ARI=0.4754  0.0s

=== P1E_S2_C3 train[5] k=3  dim=576  frames=105  σ=0.5  fold=1 ===
  Gram-NCut: k_hat=3  ACC=0.8571  NMI=0.7129  ARI=0.6594  0.0s

=== P1E_S2_C3 train[6] k=3  dim=576  frames=89  σ=0.5  fold=1 ===
  Gram-NCut: k_hat=3  ACC=0.9775  NMI=0.9248  ARI=0.9383  0.0s

=== P1E_S3_C1 train[0] k=3  dim=576  frames=166  σ=0.5  fold=1 ===
  Gram-NCut: k_hat=3  ACC=0.7349  NMI=0.6597  ARI=0.4641  0.0s

=== P1E_S3_C1 train[1] k=3  dim=576  frames=134  σ=0.5  fold=1 ===
  Gram-NCut: k_hat=3  ACC=0.8060  NMI=0.6505  ARI=0.5388  0.0s

=== P1E_S3_C1 train[2] k=3  dim=576  frames=161  σ=0.5  fold=1 ===
  Gram-NCut: k_hat=3  ACC=0.7888  NMI=0.7131  ARI=0.5833  0.0s

=== P1E_S3_C1 train[3] k=3  dim=576  frames=168  σ=0.5  fold=1 ===
  Gram-NCut: k_hat=3  ACC=0.8571  NMI=0.7396  ARI=0.6204  0.0s

=== P1E_S3_C1 train[4] k=3  dim=576  frames=123  σ=0.5  fold=1 ===
  Gram-NCut: k_hat=3  ACC=0.5122  NMI=0.4251  ARI=0.2437  0.0s

=== P1E_S3_C1 train[5] k=3  dim=576  frames=204  σ=0.5  fold=1 ===
  Gram-NCut: k_hat=3  ACC=0.5735  NMI=0.3635  ARI=0.1686  0.0s

=== P1E_S3_C1 train[6] k=3  dim=576  frames=112  σ=0.5  fold=1 ===
  Gram-NCut: k_hat=3  ACC=0.5625  NMI=0.6127  ARI=0.4282  0.0s

=== P1E_S3_C2 train[0] k=3  dim=576  frames=147  σ=0.5  fold=1 ===
  Gram-NCut: k_hat=3  ACC=0.8912  NMI=0.7677  ARI=0.6800  0.0s

=== P1E_S3_C2 train[1] k=3  dim=576  frames=112  σ=0.5  fold=1 ===
  Gram-NCut: k_hat=3  ACC=0.9375  NMI=0.8076  ARI=0.8112  0.0s

=== P1E_S3_C2 train[2] k=3  dim=576  frames=168  σ=0.5  fold=1 ===
  Gram-NCut: k_hat=3  ACC=0.6905  NMI=0.6422  ARI=0.4322  0.0s

=== P1E_S3_C2 train[3] k=3  dim=576  frames=169  σ=0.5  fold=1 ===
  Gram-NCut: k_hat=3  ACC=0.6213  NMI=0.6032  ARI=0.4433  0.0s

=== P1E_S3_C2 train[4] k=3  dim=576  frames=107  σ=0.5  fold=1 ===
  Gram-NCut: k_hat=3  ACC=0.5981  NMI=0.6680  ARI=0.4761  0.0s

=== P1E_S3_C2 train[5] k=3  dim=576  frames=146  σ=0.5  fold=1 ===
  Gram-NCut: k_hat=3  ACC=0.7740  NMI=0.6618  ARI=0.4556  0.0s

=== P1E_S3_C2 train[6] k=3  dim=576  frames=114  σ=0.5  fold=1 ===
  Gram-NCut: k_hat=3  ACC=0.9825  NMI=0.9333  ARI=0.9468  0.0s

=== P1E_S3_C3 train[0] k=3  dim=576  frames=105  σ=0.5  fold=1 ===
  Gram-NCut: k_hat=3  ACC=1.0000  NMI=1.0000  ARI=1.0000  0.0s

=== P1E_S3_C3 train[1] k=3  dim=576  frames=84  σ=0.5  fold=1 ===
  Gram-NCut: k_hat=3  ACC=0.9881  NMI=0.9525  ARI=0.9657  0.0s

=== P1E_S3_C3 train[2] k=3  dim=576  frames=125  σ=0.5  fold=1 ===
  Gram-NCut: k_hat=3  ACC=0.7040  NMI=0.6605  ARI=0.4664  0.0s

=== P1E_S3_C3 train[3] k=3  dim=576  frames=128  σ=0.5  fold=1 ===
  Gram-NCut: k_hat=3  ACC=0.7031  NMI=0.6354  ARI=0.5070  0.0s

=== P1E_S3_C3 train[4] k=3  dim=576  frames=83  σ=0.5  fold=1 ===
  Gram-NCut: k_hat=3  ACC=0.9880  NMI=0.9530  ARI=0.9662  0.0s

=== P1E_S3_C3 train[5] k=3  dim=576  frames=129  σ=0.5  fold=1 ===
  Gram-NCut: k_hat=3  ACC=0.5504  NMI=0.6559  ARI=0.4522  0.0s

=== P1E_S3_C3 train[6] k=3  dim=576  frames=84  σ=0.5  fold=1 ===
  Gram-NCut: k_hat=3  ACC=0.9881  NMI=0.9523  ARI=0.9667  0.0s

=== P1E_S4_C1 train[0] k=3  dim=576  frames=158  σ=0.5  fold=1 ===
  Gram-NCut: k_hat=3  ACC=0.8481  NMI=0.7167  ARI=0.5780  0.0s

=== P1E_S4_C1 train[1] k=3  dim=576  frames=155  σ=0.5  fold=1 ===
  Gram-NCut: k_hat=3  ACC=0.9806  NMI=0.9205  ARI=0.9410  0.0s

=== P1E_S4_C1 train[2] k=3  dim=576  frames=182  σ=0.5  fold=1 ===
  Gram-NCut: k_hat=3  ACC=0.8626  NMI=0.7396  ARI=0.6658  0.0s

=== P1E_S4_C1 train[3] k=3  dim=576  frames=180  σ=0.5  fold=1 ===
  Gram-NCut: k_hat=3  ACC=0.6778  NMI=0.6859  ARI=0.5257  0.0s

=== P1E_S4_C1 train[4] k=3  dim=576  frames=133  σ=0.5  fold=1 ===
  Gram-NCut: k_hat=3  ACC=0.6466  NMI=0.6651  ARI=0.4918  0.0s

=== P1E_S4_C1 train[5] k=3  dim=576  frames=147  σ=0.5  fold=1 ===
  Gram-NCut: k_hat=3  ACC=0.5782  NMI=0.5303  ARI=0.3675  0.0s

=== P1E_S4_C1 train[6] k=3  dim=576  frames=145  σ=0.5  fold=1 ===
  Gram-NCut: k_hat=3  ACC=0.5586  NMI=0.4559  ARI=0.2836  0.0s

=== P1E_S4_C2 train[0] k=3  dim=576  frames=117  σ=0.5  fold=1 ===
  Gram-NCut: k_hat=3  ACC=0.9744  NMI=0.9022  ARI=0.9249  0.0s

=== P1E_S4_C2 train[1] k=3  dim=576  frames=122  σ=0.5  fold=1 ===
  Gram-NCut: k_hat=3  ACC=1.0000  NMI=1.0000  ARI=1.0000  0.0s

=== P1E_S4_C2 train[2] k=3  dim=576  frames=126  σ=0.5  fold=1 ===
  Gram-NCut: k_hat=3  ACC=0.5794  NMI=0.6257  ARI=0.4169  0.0s

=== P1E_S4_C2 train[3] k=3  dim=576  frames=140  σ=0.5  fold=1 ===
  Gram-NCut: k_hat=3  ACC=0.9786  NMI=0.9234  ARI=0.9323  0.0s

=== P1E_S4_C2 train[4] k=3  dim=576  frames=129  σ=0.5  fold=1 ===
  Gram-NCut: k_hat=3  ACC=0.5814  NMI=0.6628  ARI=0.4661  0.0s

=== P1E_S4_C2 train[5] k=3  dim=576  frames=146  σ=0.5  fold=1 ===
  Gram-NCut: k_hat=3  ACC=0.6644  NMI=0.5853  ARI=0.4605  0.0s

=== P1E_S4_C2 train[6] k=3  dim=576  frames=110  σ=0.5  fold=1 ===
  Gram-NCut: k_hat=3  ACC=0.9909  NMI=0.9623  ARI=0.9753  0.0s

=== P1E_S4_C3 train[0] k=3  dim=576  frames=90  σ=0.5  fold=1 ===
  Gram-NCut: k_hat=3  ACC=0.7778  NMI=0.5888  ARI=0.4859  0.0s

=== P1E_S4_C3 train[1] k=3  dim=576  frames=85  σ=0.5  fold=1 ===
  Gram-NCut: k_hat=3  ACC=0.9412  NMI=0.8539  ARI=0.8378  0.0s

=== P1E_S4_C3 train[2] k=3  dim=576  frames=105  σ=0.5  fold=1 ===
  Gram-NCut: k_hat=3  ACC=0.6667  NMI=0.6363  ARI=0.5331  0.0s

=== P1E_S4_C3 train[3] k=3  dim=576  frames=87  σ=0.5  fold=1 ===
  Gram-NCut: k_hat=3  ACC=0.6437  NMI=0.5431  ARI=0.4460  0.0s

=== P1E_S4_C3 train[4] k=3  dim=576  frames=76  σ=0.5  fold=1 ===
  Gram-NCut: k_hat=3  ACC=0.9605  NMI=0.8885  ARI=0.8936  0.0s

=== P1E_S4_C3 train[5] k=3  dim=576  frames=106  σ=0.5  fold=1 ===
  Gram-NCut: k_hat=3  ACC=0.6887  NMI=0.7100  ARI=0.5700  0.0s

=== P1E_S4_C3 train[6] k=3  dim=576  frames=79  σ=0.5  fold=1 ===
  Gram-NCut: k_hat=3  ACC=0.6203  NMI=0.5684  ARI=0.4158  0.0s

=== P1L_S1_C1 train[0] k=3  dim=576  frames=162  σ=0.5  fold=1 ===
  Gram-NCut: k_hat=3  ACC=0.9815  NMI=0.9346  ARI=0.9472  0.0s

=== P1L_S1_C1 train[1] k=3  dim=576  frames=155  σ=0.5  fold=1 ===
  Gram-NCut: k_hat=3  ACC=1.0000  NMI=1.0000  ARI=1.0000  0.0s

=== P1L_S1_C1 train[2] k=3  dim=576  frames=182  σ=0.5  fold=1 ===
  Gram-NCut: k_hat=3  ACC=0.9780  NMI=0.9147  ARI=0.9368  0.0s

=== P1L_S1_C1 train[3] k=3  dim=576  frames=198  σ=0.5  fold=1 ===
  Gram-NCut: k_hat=3  ACC=0.7273  NMI=0.6733  ARI=0.5345  0.0s

=== P1L_S1_C1 train[4] k=3  dim=576  frames=166  σ=0.5  fold=1 ===
  Gram-NCut: k_hat=3  ACC=1.0000  NMI=1.0000  ARI=1.0000  0.0s

=== P1L_S1_C1 train[5] k=3  dim=576  frames=116  σ=0.5  fold=1 ===
  Gram-NCut: k_hat=3  ACC=0.5345  NMI=0.3125  ARI=0.0961  0.0s

=== P1L_S1_C1 train[6] k=3  dim=576  frames=175  σ=0.5  fold=1 ===
  Gram-NCut: k_hat=3  ACC=0.9943  NMI=0.9736  ARI=0.9843  0.0s

=== P1L_S1_C2 train[0] k=3  dim=576  frames=186  σ=0.5  fold=1 ===
  Gram-NCut: k_hat=3  ACC=0.7688  NMI=0.6813  ARI=0.5085  0.0s

=== P1L_S1_C2 train[1] k=3  dim=576  frames=147  σ=0.5  fold=1 ===
  Gram-NCut: k_hat=3  ACC=0.9932  NMI=0.9697  ARI=0.9804  0.0s

=== P1L_S1_C2 train[2] k=3  dim=576  frames=181  σ=0.5  fold=1 ===
  Gram-NCut: k_hat=3  ACC=0.5359  NMI=0.6356  ARI=0.4280  0.0s

=== P1L_S1_C2 train[3] k=3  dim=576  frames=128  σ=0.5  fold=1 ===
  Gram-NCut: k_hat=3  ACC=0.5625  NMI=0.6666  ARI=0.4689  0.0s

=== P1L_S1_C2 train[4] k=3  dim=576  frames=154  σ=0.5  fold=1 ===
  Gram-NCut: k_hat=3  ACC=0.5065  NMI=0.6566  ARI=0.4500  0.0s

=== P1L_S1_C2 train[5] k=3  dim=576  frames=142  σ=0.5  fold=1 ===
  Gram-NCut: k_hat=3  ACC=0.7887  NMI=0.6116  ARI=0.5099  0.0s

=== P1L_S1_C2 train[6] k=3  dim=576  frames=168  σ=0.5  fold=1 ===
  Gram-NCut: k_hat=3  ACC=0.9881  NMI=0.9537  ARI=0.9677  0.0s

=== P1L_S1_C3 train[0] k=3  dim=576  frames=60  σ=0.5  fold=1 ===
  Gram-NCut: k_hat=3  ACC=0.5167  NMI=0.5800  ARI=0.3887  0.0s

=== P1L_S1_C3 train[1] k=3  dim=576  frames=65  σ=0.5  fold=1 ===
  Gram-NCut: k_hat=3  ACC=0.8615  NMI=0.7478  ARI=0.6419  0.0s

=== P1L_S1_C3 train[2] k=3  dim=576  frames=74  σ=0.5  fold=1 ===
  Gram-NCut: k_hat=3  ACC=0.5811  NMI=0.6230  ARI=0.4548  0.0s

=== P1L_S1_C3 train[3] k=3  dim=576  frames=73  σ=0.5  fold=1 ===
  Gram-NCut: k_hat=3  ACC=0.6575  NMI=0.6754  ARI=0.5014  0.0s

=== P1L_S1_C3 train[4] k=3  dim=576  frames=64  σ=0.5  fold=1 ===
  Gram-NCut: k_hat=3  ACC=0.6250  NMI=0.5313  ARI=0.4237  0.0s

=== P1L_S1_C3 train[5] k=3  dim=576  frames=63  σ=0.5  fold=1 ===
  Gram-NCut: k_hat=3  ACC=0.6984  NMI=0.6872  ARI=0.5377  0.0s

=== P1L_S1_C3 train[6] k=3  dim=576  frames=75  σ=0.5  fold=1 ===
  Gram-NCut: k_hat=3  ACC=0.9867  NMI=0.9474  ARI=0.9569  0.0s

=== P1L_S2_C1 train[0] k=3  dim=576  frames=211  σ=0.5  fold=1 ===
  Gram-NCut: k_hat=3  ACC=0.8199  NMI=0.7231  ARI=0.6077  0.0s

=== P1L_S2_C1 train[1] k=3  dim=576  frames=180  σ=0.5  fold=1 ===
  Gram-NCut: k_hat=3  ACC=1.0000  NMI=1.0000  ARI=1.0000  0.0s

=== P1L_S2_C1 train[2] k=3  dim=576  frames=177  σ=0.5  fold=1 ===
  Gram-NCut: k_hat=3  ACC=0.8136  NMI=0.6377  ARI=0.5512  0.0s

=== P1L_S2_C1 train[3] k=3  dim=576  frames=172  σ=0.5  fold=1 ===
  Gram-NCut: k_hat=3  ACC=0.9535  NMI=0.8772  ARI=0.8928  0.0s

=== P1L_S2_C1 train[4] k=3  dim=576  frames=179  σ=0.5  fold=1 ===
  Gram-NCut: k_hat=3  ACC=1.0000  NMI=1.0000  ARI=1.0000  0.0s

=== P1L_S2_C1 train[5] k=3  dim=576  frames=180  σ=0.5  fold=1 ===
  Gram-NCut: k_hat=3  ACC=0.4944  NMI=0.2521  ARI=0.0513  0.0s

=== P1L_S2_C1 train[6] k=3  dim=576  frames=133  σ=0.5  fold=1 ===
  Gram-NCut: k_hat=3  ACC=1.0000  NMI=1.0000  ARI=1.0000  0.0s

=== P1L_S2_C2 train[0] k=3  dim=576  frames=194  σ=0.5  fold=1 ===
  Gram-NCut: k_hat=3  ACC=0.7990  NMI=0.6607  ARI=0.5018  0.0s

=== P1L_S2_C2 train[1] k=3  dim=576  frames=134  σ=0.5  fold=1 ===
  Gram-NCut: k_hat=3  ACC=1.0000  NMI=1.0000  ARI=1.0000  0.0s

=== P1L_S2_C2 train[2] k=3  dim=576  frames=186  σ=0.5  fold=1 ===
  Gram-NCut: k_hat=3  ACC=0.9570  NMI=0.8560  ARI=0.8853  0.0s

=== P1L_S2_C2 train[3] k=3  dim=576  frames=201  σ=0.5  fold=1 ===
  Gram-NCut: k_hat=3  ACC=0.8856  NMI=0.7479  ARI=0.7108  0.0s

=== P1L_S2_C2 train[4] k=3  dim=576  frames=171  σ=0.5  fold=1 ===
  Gram-NCut: k_hat=3  ACC=0.8363  NMI=0.7362  ARI=0.6178  0.0s

=== P1L_S2_C2 train[5] k=3  dim=576  frames=160  σ=0.5  fold=1 ===
  Gram-NCut: k_hat=3  ACC=0.6125  NMI=0.6196  ARI=0.4654  0.0s

=== P1L_S2_C2 train[6] k=3  dim=576  frames=154  σ=0.5  fold=1 ===
  Gram-NCut: k_hat=3  ACC=0.9935  NMI=0.9704  ARI=0.9818  0.0s

=== P1L_S2_C3 train[0] k=3  dim=576  frames=119  σ=0.5  fold=1 ===
  Gram-NCut: k_hat=3  ACC=1.0000  NMI=1.0000  ARI=1.0000  0.0s

=== P1L_S2_C3 train[1] k=3  dim=576  frames=85  σ=0.5  fold=1 ===
  Gram-NCut: k_hat=3  ACC=1.0000  NMI=1.0000  ARI=1.0000  0.0s

=== P1L_S2_C3 train[2] k=3  dim=576  frames=112  σ=0.5  fold=1 ===
  Gram-NCut: k_hat=3  ACC=0.5893  NMI=0.6656  ARI=0.4708  0.0s

=== P1L_S2_C3 train[3] k=3  dim=576  frames=126  σ=0.5  fold=1 ===
  Gram-NCut: k_hat=3  ACC=0.8651  NMI=0.7610  ARI=0.6671  0.0s

=== P1L_S2_C3 train[4] k=3  dim=576  frames=102  σ=0.5  fold=1 ===
  Gram-NCut: k_hat=3  ACC=0.5392  NMI=0.6485  ARI=0.4410  0.0s

=== P1L_S2_C3 train[5] k=3  dim=576  frames=121  σ=0.5  fold=1 ===
  Gram-NCut: k_hat=3  ACC=0.9091  NMI=0.7880  ARI=0.7781  0.0s

=== P1L_S2_C3 train[6] k=3  dim=576  frames=99  σ=0.5  fold=1 ===
  Gram-NCut: k_hat=3  ACC=0.9697  NMI=0.9066  ARI=0.9152  0.0s

=== P1L_S3_C1 train[0] k=3  dim=576  frames=156  σ=0.5  fold=1 ===
  Gram-NCut: k_hat=3  ACC=0.4295  NMI=0.2486  ARI=0.0025  0.0s

=== P1L_S3_C1 train[1] k=3  dim=576  frames=185  σ=0.5  fold=1 ===
  Gram-NCut: k_hat=3  ACC=0.9838  NMI=0.9402  ARI=0.9511  0.0s

=== P1L_S3_C1 train[2] k=3  dim=576  frames=156  σ=0.5  fold=1 ===
  Gram-NCut: k_hat=3  ACC=0.6474  NMI=0.6812  ARI=0.5139  0.0s

=== P1L_S3_C1 train[3] k=3  dim=576  frames=159  σ=0.5  fold=1 ===
  Gram-NCut: k_hat=3  ACC=0.9245  NMI=0.7727  ARI=0.7932  0.0s

=== P1L_S3_C1 train[4] k=3  dim=576  frames=172  σ=0.5  fold=1 ===
  Gram-NCut: k_hat=3  ACC=0.5465  NMI=0.5683  ARI=0.3918  0.0s

=== P1L_S3_C1 train[5] k=3  dim=576  frames=176  σ=0.5  fold=1 ===
  Gram-NCut: k_hat=3  ACC=0.7045  NMI=0.6249  ARI=0.4050  0.0s

=== P1L_S3_C1 train[6] k=3  dim=576  frames=134  σ=0.5  fold=1 ===
  Gram-NCut: k_hat=3  ACC=0.9701  NMI=0.9016  ARI=0.9044  0.0s

=== P1L_S3_C2 train[0] k=3  dim=576  frames=185  σ=0.5  fold=1 ===
  Gram-NCut: k_hat=3  ACC=0.9297  NMI=0.8147  ARI=0.7964  0.0s

=== P1L_S3_C2 train[1] k=3  dim=576  frames=166  σ=0.5  fold=1 ===
  Gram-NCut: k_hat=3  ACC=1.0000  NMI=1.0000  ARI=1.0000  0.0s

=== P1L_S3_C2 train[2] k=3  dim=576  frames=209  σ=0.5  fold=1 ===
  Gram-NCut: k_hat=3  ACC=0.7321  NMI=0.5271  ARI=0.4184  0.0s

=== P1L_S3_C2 train[3] k=3  dim=576  frames=168  σ=0.5  fold=1 ===
  Gram-NCut: k_hat=3  ACC=0.6488  NMI=0.6705  ARI=0.5211  0.0s

=== P1L_S3_C2 train[4] k=3  dim=576  frames=187  σ=0.5  fold=1 ===
  Gram-NCut: k_hat=3  ACC=0.5722  NMI=0.6619  ARI=0.4650  0.0s

=== P1L_S3_C2 train[5] k=3  dim=576  frames=229  σ=0.5  fold=1 ===
  Gram-NCut: k_hat=3  ACC=0.4978  NMI=0.5341  ARI=0.3541  0.1s

=== P1L_S3_C2 train[6] k=3  dim=576  frames=136  σ=0.5  fold=1 ===
  Gram-NCut: k_hat=3  ACC=0.9559  NMI=0.8746  ARI=0.8649  0.0s

=== P1L_S3_C3 train[0] k=3  dim=576  frames=151  σ=0.5  fold=1 ===
  Gram-NCut: k_hat=3  ACC=1.0000  NMI=1.0000  ARI=1.0000  0.0s

=== P1L_S3_C3 train[1] k=3  dim=576  frames=121  σ=0.5  fold=1 ===
  Gram-NCut: k_hat=3  ACC=1.0000  NMI=1.0000  ARI=1.0000  0.0s

=== P1L_S3_C3 train[2] k=3  dim=576  frames=142  σ=0.5  fold=1 ===
  Gram-NCut: k_hat=3  ACC=0.7958  NMI=0.6968  ARI=0.5429  0.0s

=== P1L_S3_C3 train[3] k=3  dim=576  frames=134  σ=0.5  fold=1 ===
  Gram-NCut: k_hat=3  ACC=0.8433  NMI=0.7262  ARI=0.5959  0.0s

=== P1L_S3_C3 train[4] k=3  dim=576  frames=110  σ=0.5  fold=1 ===
  Gram-NCut: k_hat=3  ACC=0.8545  NMI=0.7538  ARI=0.6585  0.0s

=== P1L_S3_C3 train[5] k=3  dim=576  frames=161  σ=0.5  fold=1 ===
  Gram-NCut: k_hat=3  ACC=0.8323  NMI=0.7023  ARI=0.6433  0.0s

=== P1L_S3_C3 train[6] k=3  dim=576  frames=114  σ=0.5  fold=1 ===
  Gram-NCut: k_hat=3  ACC=0.9825  NMI=0.9372  ARI=0.9534  0.0s

=== P1L_S4_C1 train[0] k=3  dim=576  frames=200  σ=0.5  fold=1 ===
  Gram-NCut: k_hat=3  ACC=0.7350  NMI=0.6902  ARI=0.5295  0.0s

=== P1L_S4_C1 train[1] k=3  dim=576  frames=154  σ=0.5  fold=1 ===
  Gram-NCut: k_hat=3  ACC=1.0000  NMI=1.0000  ARI=1.0000  0.0s

=== P1L_S4_C1 train[2] k=3  dim=576  frames=168  σ=0.5  fold=1 ===
  Gram-NCut: k_hat=3  ACC=0.7917  NMI=0.5827  ARI=0.4880  0.0s

=== P1L_S4_C1 train[3] k=3  dim=576  frames=142  σ=0.5  fold=1 ===
  Gram-NCut: k_hat=3  ACC=1.0000  NMI=1.0000  ARI=1.0000  0.0s

=== P1L_S4_C1 train[4] k=3  dim=576  frames=164  σ=0.5  fold=1 ===
  Gram-NCut: k_hat=3  ACC=0.9573  NMI=0.8816  ARI=0.8804  0.0s

=== P1L_S4_C1 train[5] k=3  dim=576  frames=187  σ=0.5  fold=1 ===
  Gram-NCut: k_hat=3  ACC=0.7540  NMI=0.5479  ARI=0.4682  0.0s

=== P1L_S4_C1 train[6] k=3  dim=576  frames=202  σ=0.5  fold=1 ===
  Gram-NCut: k_hat=3  ACC=1.0000  NMI=1.0000  ARI=1.0000  0.0s

=== P1L_S4_C2 train[0] k=3  dim=576  frames=157  σ=0.5  fold=1 ===
  Gram-NCut: k_hat=3  ACC=0.7771  NMI=0.6675  ARI=0.4827  0.0s

=== P1L_S4_C2 train[1] k=3  dim=576  frames=175  σ=0.5  fold=1 ===
  Gram-NCut: k_hat=3  ACC=1.0000  NMI=1.0000  ARI=1.0000  0.0s

=== P1L_S4_C2 train[2] k=3  dim=576  frames=168  σ=0.5  fold=1 ===
  Gram-NCut: k_hat=3  ACC=0.8571  NMI=0.7125  ARI=0.6257  0.0s

=== P1L_S4_C2 train[3] k=3  dim=576  frames=154  σ=0.5  fold=1 ===
  Gram-NCut: k_hat=3  ACC=0.8312  NMI=0.6938  ARI=0.5628  0.0s

=== P1L_S4_C2 train[4] k=3  dim=576  frames=152  σ=0.5  fold=1 ===
  Gram-NCut: k_hat=3  ACC=0.5329  NMI=0.6488  ARI=0.4425  0.0s

=== P1L_S4_C2 train[5] k=3  dim=576  frames=169  σ=0.5  fold=1 ===
  Gram-NCut: k_hat=3  ACC=0.5917  NMI=0.6658  ARI=0.4783  0.0s

=== P1L_S4_C2 train[6] k=3  dim=576  frames=153  σ=0.5  fold=1 ===
  Gram-NCut: k_hat=3  ACC=0.9869  NMI=0.9501  ARI=0.9666  0.0s

=== P1L_S4_C3 train[0] k=3  dim=576  frames=96  σ=0.5  fold=1 ===
  Gram-NCut: k_hat=3  ACC=0.5417  NMI=0.6288  ARI=0.4177  0.0s

=== P1L_S4_C3 train[1] k=3  dim=576  frames=94  σ=0.5  fold=1 ===
  Gram-NCut: k_hat=3  ACC=1.0000  NMI=1.0000  ARI=1.0000  0.0s

=== P1L_S4_C3 train[2] k=3  dim=576  frames=117  σ=0.5  fold=1 ===
  Gram-NCut: k_hat=3  ACC=0.6410  NMI=0.6653  ARI=0.4934  0.0s

=== P1L_S4_C3 train[3] k=3  dim=576  frames=112  σ=0.5  fold=1 ===
  Gram-NCut: k_hat=3  ACC=0.7411  NMI=0.6498  ARI=0.4345  0.0s

=== P1L_S4_C3 train[4] k=3  dim=576  frames=103  σ=0.5  fold=1 ===
  Gram-NCut: k_hat=3  ACC=0.5922  NMI=0.6512  ARI=0.4530  0.0s

=== P1L_S4_C3 train[5] k=3  dim=576  frames=105  σ=0.5  fold=1 ===
  Gram-NCut: k_hat=3  ACC=0.5333  NMI=0.6115  ARI=0.4223  0.0s

=== P1L_S4_C3 train[6] k=3  dim=576  frames=107  σ=0.5  fold=1 ===
  Gram-NCut: k_hat=3  ACC=0.9720  NMI=0.9111  ARI=0.9208  0.0s

=== P1E_S1_C1 test[0] k=3  dim=576  frames=153  σ=0.5  fold=1 ===
  Gram-NCut: k_hat=3  ACC=0.9739  NMI=0.9153  ARI=0.9230  0.0s

=== P1E_S1_C2 test[0] k=3  dim=576  frames=115  σ=0.5  fold=1 ===
  Gram-NCut: k_hat=3  ACC=0.9652  NMI=0.8758  ARI=0.8915  0.0s

=== P1E_S1_C3 test[0] k=3  dim=576  frames=56  σ=0.5  fold=1 ===
  Gram-NCut: k_hat=3  ACC=0.9821  NMI=0.9373  ARI=0.9623  0.0s

=== P1E_S2_C1 test[0] k=3  dim=576  frames=151  σ=0.5  fold=1 ===
  Gram-NCut: k_hat=3  ACC=0.7351  NMI=0.5982  ARI=0.4947  0.0s

=== P1E_S2_C2 test[0] k=3  dim=576  frames=115  σ=0.5  fold=1 ===
  Gram-NCut: k_hat=3  ACC=0.9826  NMI=0.9253  ARI=0.9458  0.0s

=== P1E_S2_C3 test[0] k=3  dim=576  frames=88  σ=0.5  fold=1 ===
  Gram-NCut: k_hat=3  ACC=1.0000  NMI=1.0000  ARI=1.0000  0.0s

=== P1E_S3_C1 test[0] k=3  dim=576  frames=139  σ=0.5  fold=1 ===
  Gram-NCut: k_hat=3  ACC=0.7410  NMI=0.6999  ARI=0.5517  0.0s

=== P1E_S3_C2 test[0] k=3  dim=576  frames=120  σ=0.5  fold=1 ===
  Gram-NCut: k_hat=3  ACC=0.6917  NMI=0.6689  ARI=0.4777  0.0s

=== P1E_S3_C3 test[0] k=3  dim=576  frames=89  σ=0.5  fold=1 ===
  Gram-NCut: k_hat=3  ACC=1.0000  NMI=1.0000  ARI=1.0000  0.0s

=== P1E_S4_C1 test[0] k=3  dim=576  frames=107  σ=0.5  fold=1 ===
  Gram-NCut: k_hat=3  ACC=1.0000  NMI=1.0000  ARI=1.0000  0.0s

=== P1E_S4_C2 test[0] k=3  dim=576  frames=125  σ=0.5  fold=1 ===
  Gram-NCut: k_hat=3  ACC=0.9840  NMI=0.9301  ARI=0.9501  0.0s

=== P1E_S4_C3 test[0] k=3  dim=576  frames=64  σ=0.5  fold=1 ===
  Gram-NCut: k_hat=3  ACC=0.9062  NMI=0.7546  ARI=0.7559  0.0s

=== P1L_S1_C1 test[0] k=3  dim=576  frames=170  σ=0.5  fold=1 ===
  Gram-NCut: k_hat=3  ACC=0.7882  NMI=0.6873  ARI=0.5109  0.0s

=== P1L_S1_C2 test[0] k=3  dim=576  frames=137  σ=0.5  fold=1 ===
  Gram-NCut: k_hat=3  ACC=0.8029  NMI=0.7019  ARI=0.5528  0.0s

=== P1L_S1_C3 test[0] k=3  dim=576  frames=68  σ=0.5  fold=1 ===
  Gram-NCut: k_hat=3  ACC=1.0000  NMI=1.0000  ARI=1.0000  0.0s

=== P1L_S2_C1 test[0] k=3  dim=576  frames=190  σ=0.5  fold=1 ===
  Gram-NCut: k_hat=3  ACC=0.7211  NMI=0.6714  ARI=0.4890  0.0s

=== P1L_S2_C2 test[0] k=3  dim=576  frames=155  σ=0.5  fold=1 ===
  Gram-NCut: k_hat=3  ACC=0.9806  NMI=0.9316  ARI=0.9416  0.0s

=== P1L_S2_C3 test[0] k=3  dim=576  frames=101  σ=0.5  fold=1 ===
  Gram-NCut: k_hat=3  ACC=0.8119  NMI=0.7135  ARI=0.5605  0.0s

=== P1L_S3_C1 test[0] k=3  dim=576  frames=120  σ=0.5  fold=1 ===
  Gram-NCut: k_hat=3  ACC=1.0000  NMI=1.0000  ARI=1.0000  0.0s

=== P1L_S3_C2 test[0] k=3  dim=576  frames=125  σ=0.5  fold=1 ===
  Gram-NCut: k_hat=3  ACC=0.7520  NMI=0.6568  ARI=0.5655  0.0s

=== P1L_S3_C3 test[0] k=3  dim=576  frames=118  σ=0.5  fold=1 ===
  Gram-NCut: k_hat=3  ACC=0.8983  NMI=0.7946  ARI=0.7354  0.0s

=== P1L_S4_C1 test[0] k=3  dim=576  frames=157  σ=0.5  fold=1 ===
  Gram-NCut: k_hat=3  ACC=0.9873  NMI=0.9482  ARI=0.9607  0.0s

=== P1L_S4_C2 test[0] k=3  dim=576  frames=149  σ=0.5  fold=1 ===
  Gram-NCut: k_hat=3  ACC=0.9329  NMI=0.8326  ARI=0.7976  0.0s

=== P1L_S4_C3 test[0] k=3  dim=576  frames=107  σ=0.5  fold=1 ===
  Gram-NCut: k_hat=3  ACC=1.0000  NMI=1.0000  ARI=1.0000  0.0s
  tune_pool_groups=20: sampling from 22 held-in people (overlap allowed) instead of the 7 fixed partition group(s)

============================================================
σ=0.5 fold=2  test=['0009', '0019', '0026']  train mats=168  test mats=24  tune mats=480
  Gram-NCut: skip tuning, fixed 
  wrote /nfs/turbo/umms-minjilab/lpullela/icassp_ssc_tv2/block_ssc_benchmark/cv/params/surveillance/split_k3_sigmas_min30_trials20_params_knownk_cv_gram_ncut_k3_sigma0p5_sigma0.5_fold2.json

=== P1E_S1_C1 train[0] k=3  dim=576  frames=146  σ=0.5  fold=2 ===
  Gram-NCut: k_hat=3  ACC=0.9863  NMI=0.9433  ARI=0.9531  0.0s

=== P1E_S1_C1 train[1] k=3  dim=576  frames=153  σ=0.5  fold=2 ===
  Gram-NCut: k_hat=3  ACC=0.9739  NMI=0.9153  ARI=0.9230  0.0s

=== P1E_S1_C1 train[2] k=3  dim=576  frames=140  σ=0.5  fold=2 ===
  Gram-NCut: k_hat=3  ACC=0.9000  NMI=0.7798  ARI=0.7028  0.0s

=== P1E_S1_C1 train[3] k=3  dim=576  frames=157  σ=0.5  fold=2 ===
  Gram-NCut: k_hat=3  ACC=0.5860  NMI=0.6302  ARI=0.4504  0.0s

=== P1E_S1_C1 train[4] k=3  dim=576  frames=151  σ=0.5  fold=2 ===
  Gram-NCut: k_hat=3  ACC=0.5960  NMI=0.6690  ARI=0.4788  0.0s

=== P1E_S1_C1 train[5] k=3  dim=576  frames=140  σ=0.5  fold=2 ===
  Gram-NCut: k_hat=3  ACC=0.8571  NMI=0.6815  ARI=0.6337  0.0s

=== P1E_S1_C1 train[6] k=3  dim=576  frames=171  σ=0.5  fold=2 ===
  Gram-NCut: k_hat=3  ACC=0.9942  NMI=0.9732  ARI=0.9831  0.0s

=== P1E_S1_C2 train[0] k=3  dim=576  frames=147  σ=0.5  fold=2 ===
  Gram-NCut: k_hat=3  ACC=0.9456  NMI=0.8210  ARI=0.8387  0.0s

=== P1E_S1_C2 train[1] k=3  dim=576  frames=115  σ=0.5  fold=2 ===
  Gram-NCut: k_hat=3  ACC=0.9652  NMI=0.8758  ARI=0.8915  0.0s

=== P1E_S1_C2 train[2] k=3  dim=576  frames=138  σ=0.5  fold=2 ===
  Gram-NCut: k_hat=3  ACC=0.9203  NMI=0.7770  ARI=0.7814  0.0s

=== P1E_S1_C2 train[3] k=3  dim=576  frames=113  σ=0.5  fold=2 ===
  Gram-NCut: k_hat=3  ACC=0.4690  NMI=0.3839  ARI=0.1885  0.0s

=== P1E_S1_C2 train[4] k=3  dim=576  frames=122  σ=0.5  fold=2 ===
  Gram-NCut: k_hat=3  ACC=0.5574  NMI=0.6295  ARI=0.4511  0.0s

=== P1E_S1_C2 train[5] k=3  dim=576  frames=122  σ=0.5  fold=2 ===
  Gram-NCut: k_hat=3  ACC=0.9590  NMI=0.8854  ARI=0.8916  0.0s

=== P1E_S1_C2 train[6] k=3  dim=576  frames=134  σ=0.5  fold=2 ===
  Gram-NCut: k_hat=3  ACC=0.9851  NMI=0.9443  ARI=0.9564  0.0s

=== P1E_S1_C3 train[0] k=3  dim=576  frames=58  σ=0.5  fold=2 ===
  Gram-NCut: k_hat=3  ACC=0.6897  NMI=0.5509  ARI=0.3975  0.0s

=== P1E_S1_C3 train[1] k=3  dim=576  frames=56  σ=0.5  fold=2 ===
  Gram-NCut: k_hat=3  ACC=0.9821  NMI=0.9373  ARI=0.9623  0.0s

=== P1E_S1_C3 train[2] k=3  dim=576  frames=61  σ=0.5  fold=2 ===
  Gram-NCut: k_hat=3  ACC=0.8689  NMI=0.7042  ARI=0.7077  0.0s

=== P1E_S1_C3 train[3] k=3  dim=576  frames=37  σ=0.5  fold=2 ===
  Gram-NCut: k_hat=3  ACC=0.6216  NMI=0.5185  ARI=0.3879  0.0s

=== P1E_S1_C3 train[4] k=3  dim=576  frames=55  σ=0.5  fold=2 ===
  Gram-NCut: k_hat=3  ACC=0.9273  NMI=0.8278  ARI=0.7857  0.0s

=== P1E_S1_C3 train[5] k=3  dim=576  frames=51  σ=0.5  fold=2 ===
  Gram-NCut: k_hat=3  ACC=0.5686  NMI=0.5428  ARI=0.3754  0.0s

=== P1E_S1_C3 train[6] k=3  dim=576  frames=69  σ=0.5  fold=2 ===
  Gram-NCut: k_hat=3  ACC=0.5507  NMI=0.4634  ARI=0.2941  0.0s

=== P1E_S2_C1 train[0] k=3  dim=576  frames=167  σ=0.5  fold=2 ===
  Gram-NCut: k_hat=3  ACC=0.9760  NMI=0.9201  ARI=0.9285  0.0s

=== P1E_S2_C1 train[1] k=3  dim=576  frames=151  σ=0.5  fold=2 ===
  Gram-NCut: k_hat=3  ACC=0.7351  NMI=0.5982  ARI=0.4947  0.0s

=== P1E_S2_C1 train[2] k=3  dim=576  frames=180  σ=0.5  fold=2 ===
  Gram-NCut: k_hat=3  ACC=0.7111  NMI=0.6328  ARI=0.4904  0.0s

=== P1E_S2_C1 train[3] k=3  dim=576  frames=149  σ=0.5  fold=2 ===
  Gram-NCut: k_hat=3  ACC=0.6040  NMI=0.6711  ARI=0.4842  0.0s

=== P1E_S2_C1 train[4] k=3  dim=576  frames=124  σ=0.5  fold=2 ===
  Gram-NCut: k_hat=3  ACC=0.5403  NMI=0.6637  ARI=0.4600  0.0s

=== P1E_S2_C1 train[5] k=3  dim=576  frames=161  σ=0.5  fold=2 ===
  Gram-NCut: k_hat=3  ACC=0.7764  NMI=0.6353  ARI=0.5285  0.0s

=== P1E_S2_C1 train[6] k=3  dim=576  frames=153  σ=0.5  fold=2 ===
  Gram-NCut: k_hat=3  ACC=0.9477  NMI=0.8339  ARI=0.8549  0.0s

=== P1E_S2_C2 train[0] k=3  dim=576  frames=146  σ=0.5  fold=2 ===
  Gram-NCut: k_hat=3  ACC=0.9384  NMI=0.8294  ARI=0.8374  0.0s

=== P1E_S2_C2 train[1] k=3  dim=576  frames=115  σ=0.5  fold=2 ===
  Gram-NCut: k_hat=3  ACC=0.9826  NMI=0.9253  ARI=0.9458  0.0s

=== P1E_S2_C2 train[2] k=3  dim=576  frames=144  σ=0.5  fold=2 ===
  Gram-NCut: k_hat=3  ACC=0.9236  NMI=0.8071  ARI=0.7936  0.0s

=== P1E_S2_C2 train[3] k=3  dim=576  frames=124  σ=0.5  fold=2 ===
  Gram-NCut: k_hat=3  ACC=0.9919  NMI=0.9642  ARI=0.9736  0.0s

=== P1E_S2_C2 train[4] k=3  dim=576  frames=109  σ=0.5  fold=2 ===
  Gram-NCut: k_hat=3  ACC=0.7156  NMI=0.7051  ARI=0.5710  0.0s

=== P1E_S2_C2 train[5] k=3  dim=576  frames=128  σ=0.5  fold=2 ===
  Gram-NCut: k_hat=3  ACC=0.6406  NMI=0.6072  ARI=0.4585  0.0s

=== P1E_S2_C2 train[6] k=3  dim=576  frames=126  σ=0.5  fold=2 ===
  Gram-NCut: k_hat=3  ACC=0.9762  NMI=0.9207  ARI=0.9308  0.0s

=== P1E_S2_C3 train[0] k=3  dim=576  frames=113  σ=0.5  fold=2 ===
  Gram-NCut: k_hat=3  ACC=0.9735  NMI=0.9152  ARI=0.9282  0.0s

=== P1E_S2_C3 train[1] k=3  dim=576  frames=88  σ=0.5  fold=2 ===
  Gram-NCut: k_hat=3  ACC=1.0000  NMI=1.0000  ARI=1.0000  0.0s

=== P1E_S2_C3 train[2] k=3  dim=576  frames=112  σ=0.5  fold=2 ===
  Gram-NCut: k_hat=3  ACC=0.7054  NMI=0.5806  ARI=0.4578  0.0s

=== P1E_S2_C3 train[3] k=3  dim=576  frames=99  σ=0.5  fold=2 ===
  Gram-NCut: k_hat=3  ACC=0.9394  NMI=0.8491  ARI=0.8306  0.0s

=== P1E_S2_C3 train[4] k=3  dim=576  frames=87  σ=0.5  fold=2 ===
  Gram-NCut: k_hat=3  ACC=0.5977  NMI=0.6670  ARI=0.4754  0.0s

=== P1E_S2_C3 train[5] k=3  dim=576  frames=105  σ=0.5  fold=2 ===
  Gram-NCut: k_hat=3  ACC=0.8571  NMI=0.7129  ARI=0.6594  0.0s

=== P1E_S2_C3 train[6] k=3  dim=576  frames=89  σ=0.5  fold=2 ===
  Gram-NCut: k_hat=3  ACC=0.9775  NMI=0.9248  ARI=0.9383  0.0s

=== P1E_S3_C1 train[0] k=3  dim=576  frames=166  σ=0.5  fold=2 ===
  Gram-NCut: k_hat=3  ACC=0.7349  NMI=0.6597  ARI=0.4641  0.0s

=== P1E_S3_C1 train[1] k=3  dim=576  frames=139  σ=0.5  fold=2 ===
  Gram-NCut: k_hat=3  ACC=0.7410  NMI=0.6999  ARI=0.5517  0.0s

=== P1E_S3_C1 train[2] k=3  dim=576  frames=161  σ=0.5  fold=2 ===
  Gram-NCut: k_hat=3  ACC=0.7888  NMI=0.7131  ARI=0.5833  0.0s

=== P1E_S3_C1 train[3] k=3  dim=576  frames=168  σ=0.5  fold=2 ===
  Gram-NCut: k_hat=3  ACC=0.8571  NMI=0.7396  ARI=0.6204  0.0s

=== P1E_S3_C1 train[4] k=3  dim=576  frames=123  σ=0.5  fold=2 ===
  Gram-NCut: k_hat=3  ACC=0.5122  NMI=0.4251  ARI=0.2437  0.0s

=== P1E_S3_C1 train[5] k=3  dim=576  frames=204  σ=0.5  fold=2 ===
  Gram-NCut: k_hat=3  ACC=0.5735  NMI=0.3635  ARI=0.1686  0.0s

=== P1E_S3_C1 train[6] k=3  dim=576  frames=112  σ=0.5  fold=2 ===
  Gram-NCut: k_hat=3  ACC=0.5625  NMI=0.6127  ARI=0.4282  0.0s

=== P1E_S3_C2 train[0] k=3  dim=576  frames=147  σ=0.5  fold=2 ===
  Gram-NCut: k_hat=3  ACC=0.8912  NMI=0.7677  ARI=0.6800  0.0s

=== P1E_S3_C2 train[1] k=3  dim=576  frames=120  σ=0.5  fold=2 ===
  Gram-NCut: k_hat=3  ACC=0.6917  NMI=0.6689  ARI=0.4777  0.0s

=== P1E_S3_C2 train[2] k=3  dim=576  frames=168  σ=0.5  fold=2 ===
  Gram-NCut: k_hat=3  ACC=0.6905  NMI=0.6422  ARI=0.4322  0.0s

=== P1E_S3_C2 train[3] k=3  dim=576  frames=169  σ=0.5  fold=2 ===
  Gram-NCut: k_hat=3  ACC=0.6213  NMI=0.6032  ARI=0.4433  0.0s

=== P1E_S3_C2 train[4] k=3  dim=576  frames=107  σ=0.5  fold=2 ===
  Gram-NCut: k_hat=3  ACC=0.5981  NMI=0.6680  ARI=0.4761  0.0s

=== P1E_S3_C2 train[5] k=3  dim=576  frames=146  σ=0.5  fold=2 ===
  Gram-NCut: k_hat=3  ACC=0.7740  NMI=0.6618  ARI=0.4556  0.0s

=== P1E_S3_C2 train[6] k=3  dim=576  frames=114  σ=0.5  fold=2 ===
  Gram-NCut: k_hat=3  ACC=0.9825  NMI=0.9333  ARI=0.9468  0.0s

=== P1E_S3_C3 train[0] k=3  dim=576  frames=105  σ=0.5  fold=2 ===
  Gram-NCut: k_hat=3  ACC=1.0000  NMI=1.0000  ARI=1.0000  0.0s

=== P1E_S3_C3 train[1] k=3  dim=576  frames=89  σ=0.5  fold=2 ===
  Gram-NCut: k_hat=3  ACC=1.0000  NMI=1.0000  ARI=1.0000  0.0s

=== P1E_S3_C3 train[2] k=3  dim=576  frames=125  σ=0.5  fold=2 ===
  Gram-NCut: k_hat=3  ACC=0.7040  NMI=0.6605  ARI=0.4664  0.0s

=== P1E_S3_C3 train[3] k=3  dim=576  frames=128  σ=0.5  fold=2 ===
  Gram-NCut: k_hat=3  ACC=0.7031  NMI=0.6354  ARI=0.5070  0.0s

=== P1E_S3_C3 train[4] k=3  dim=576  frames=83  σ=0.5  fold=2 ===
  Gram-NCut: k_hat=3  ACC=0.9880  NMI=0.9530  ARI=0.9662  0.0s

=== P1E_S3_C3 train[5] k=3  dim=576  frames=129  σ=0.5  fold=2 ===
  Gram-NCut: k_hat=3  ACC=0.5504  NMI=0.6559  ARI=0.4522  0.0s

=== P1E_S3_C3 train[6] k=3  dim=576  frames=84  σ=0.5  fold=2 ===
  Gram-NCut: k_hat=3  ACC=0.9881  NMI=0.9523  ARI=0.9667  0.0s

=== P1E_S4_C1 train[0] k=3  dim=576  frames=158  σ=0.5  fold=2 ===
  Gram-NCut: k_hat=3  ACC=0.8481  NMI=0.7167  ARI=0.5780  0.0s

=== P1E_S4_C1 train[1] k=3  dim=576  frames=107  σ=0.5  fold=2 ===
  Gram-NCut: k_hat=3  ACC=1.0000  NMI=1.0000  ARI=1.0000  0.0s

=== P1E_S4_C1 train[2] k=3  dim=576  frames=182  σ=0.5  fold=2 ===
  Gram-NCut: k_hat=3  ACC=0.8626  NMI=0.7396  ARI=0.6658  0.0s

=== P1E_S4_C1 train[3] k=3  dim=576  frames=180  σ=0.5  fold=2 ===
  Gram-NCut: k_hat=3  ACC=0.6778  NMI=0.6859  ARI=0.5257  0.0s

=== P1E_S4_C1 train[4] k=3  dim=576  frames=133  σ=0.5  fold=2 ===
  Gram-NCut: k_hat=3  ACC=0.6466  NMI=0.6651  ARI=0.4918  0.0s

=== P1E_S4_C1 train[5] k=3  dim=576  frames=147  σ=0.5  fold=2 ===
  Gram-NCut: k_hat=3  ACC=0.5782  NMI=0.5303  ARI=0.3675  0.0s

=== P1E_S4_C1 train[6] k=3  dim=576  frames=145  σ=0.5  fold=2 ===
  Gram-NCut: k_hat=3  ACC=0.5586  NMI=0.4559  ARI=0.2836  0.0s

=== P1E_S4_C2 train[0] k=3  dim=576  frames=117  σ=0.5  fold=2 ===
  Gram-NCut: k_hat=3  ACC=0.9744  NMI=0.9022  ARI=0.9249  0.0s

=== P1E_S4_C2 train[1] k=3  dim=576  frames=125  σ=0.5  fold=2 ===
  Gram-NCut: k_hat=3  ACC=0.9840  NMI=0.9301  ARI=0.9501  0.0s

=== P1E_S4_C2 train[2] k=3  dim=576  frames=126  σ=0.5  fold=2 ===
  Gram-NCut: k_hat=3  ACC=0.5794  NMI=0.6257  ARI=0.4169  0.0s

=== P1E_S4_C2 train[3] k=3  dim=576  frames=140  σ=0.5  fold=2 ===
  Gram-NCut: k_hat=3  ACC=0.9786  NMI=0.9234  ARI=0.9323  0.0s

=== P1E_S4_C2 train[4] k=3  dim=576  frames=129  σ=0.5  fold=2 ===
  Gram-NCut: k_hat=3  ACC=0.5814  NMI=0.6628  ARI=0.4661  0.0s

=== P1E_S4_C2 train[5] k=3  dim=576  frames=146  σ=0.5  fold=2 ===
  Gram-NCut: k_hat=3  ACC=0.6644  NMI=0.5853  ARI=0.4605  0.0s

=== P1E_S4_C2 train[6] k=3  dim=576  frames=110  σ=0.5  fold=2 ===
  Gram-NCut: k_hat=3  ACC=0.9909  NMI=0.9623  ARI=0.9753  0.0s

=== P1E_S4_C3 train[0] k=3  dim=576  frames=90  σ=0.5  fold=2 ===
  Gram-NCut: k_hat=3  ACC=0.7778  NMI=0.5888  ARI=0.4859  0.0s

=== P1E_S4_C3 train[1] k=3  dim=576  frames=64  σ=0.5  fold=2 ===
  Gram-NCut: k_hat=3  ACC=0.9062  NMI=0.7546  ARI=0.7559  0.0s

=== P1E_S4_C3 train[2] k=3  dim=576  frames=105  σ=0.5  fold=2 ===
  Gram-NCut: k_hat=3  ACC=0.6667  NMI=0.6363  ARI=0.5331  0.0s

=== P1E_S4_C3 train[3] k=3  dim=576  frames=87  σ=0.5  fold=2 ===
  Gram-NCut: k_hat=3  ACC=0.6437  NMI=0.5431  ARI=0.4460  0.0s

=== P1E_S4_C3 train[4] k=3  dim=576  frames=76  σ=0.5  fold=2 ===
  Gram-NCut: k_hat=3  ACC=0.9605  NMI=0.8885  ARI=0.8936  0.0s

=== P1E_S4_C3 train[5] k=3  dim=576  frames=106  σ=0.5  fold=2 ===
  Gram-NCut: k_hat=3  ACC=0.6887  NMI=0.7100  ARI=0.5700  0.0s

=== P1E_S4_C3 train[6] k=3  dim=576  frames=79  σ=0.5  fold=2 ===
  Gram-NCut: k_hat=3  ACC=0.6203  NMI=0.5684  ARI=0.4158  0.0s

=== P1L_S1_C1 train[0] k=3  dim=576  frames=162  σ=0.5  fold=2 ===
  Gram-NCut: k_hat=3  ACC=0.9815  NMI=0.9346  ARI=0.9472  0.0s

=== P1L_S1_C1 train[1] k=3  dim=576  frames=170  σ=0.5  fold=2 ===
  Gram-NCut: k_hat=3  ACC=0.7882  NMI=0.6873  ARI=0.5109  0.0s

=== P1L_S1_C1 train[2] k=3  dim=576  frames=182  σ=0.5  fold=2 ===
  Gram-NCut: k_hat=3  ACC=0.9780  NMI=0.9147  ARI=0.9368  0.0s

=== P1L_S1_C1 train[3] k=3  dim=576  frames=198  σ=0.5  fold=2 ===
  Gram-NCut: k_hat=3  ACC=0.7273  NMI=0.6733  ARI=0.5345  0.0s

=== P1L_S1_C1 train[4] k=3  dim=576  frames=166  σ=0.5  fold=2 ===
  Gram-NCut: k_hat=3  ACC=1.0000  NMI=1.0000  ARI=1.0000  0.0s

=== P1L_S1_C1 train[5] k=3  dim=576  frames=116  σ=0.5  fold=2 ===
  Gram-NCut: k_hat=3  ACC=0.5345  NMI=0.3125  ARI=0.0961  0.0s

=== P1L_S1_C1 train[6] k=3  dim=576  frames=175  σ=0.5  fold=2 ===
  Gram-NCut: k_hat=3  ACC=0.9943  NMI=0.9736  ARI=0.9843  0.0s

=== P1L_S1_C2 train[0] k=3  dim=576  frames=186  σ=0.5  fold=2 ===
  Gram-NCut: k_hat=3  ACC=0.7688  NMI=0.6813  ARI=0.5085  0.0s

=== P1L_S1_C2 train[1] k=3  dim=576  frames=137  σ=0.5  fold=2 ===
  Gram-NCut: k_hat=3  ACC=0.8029  NMI=0.7019  ARI=0.5528  0.0s

=== P1L_S1_C2 train[2] k=3  dim=576  frames=181  σ=0.5  fold=2 ===
  Gram-NCut: k_hat=3  ACC=0.5359  NMI=0.6356  ARI=0.4280  0.0s

=== P1L_S1_C2 train[3] k=3  dim=576  frames=128  σ=0.5  fold=2 ===
  Gram-NCut: k_hat=3  ACC=0.5625  NMI=0.6666  ARI=0.4689  0.0s

=== P1L_S1_C2 train[4] k=3  dim=576  frames=154  σ=0.5  fold=2 ===
  Gram-NCut: k_hat=3  ACC=0.5065  NMI=0.6566  ARI=0.4500  0.0s

=== P1L_S1_C2 train[5] k=3  dim=576  frames=142  σ=0.5  fold=2 ===
  Gram-NCut: k_hat=3  ACC=0.7887  NMI=0.6116  ARI=0.5099  0.0s

=== P1L_S1_C2 train[6] k=3  dim=576  frames=168  σ=0.5  fold=2 ===
  Gram-NCut: k_hat=3  ACC=0.9881  NMI=0.9537  ARI=0.9677  0.0s

=== P1L_S1_C3 train[0] k=3  dim=576  frames=60  σ=0.5  fold=2 ===
  Gram-NCut: k_hat=3  ACC=0.5167  NMI=0.5800  ARI=0.3887  0.0s

=== P1L_S1_C3 train[1] k=3  dim=576  frames=68  σ=0.5  fold=2 ===
  Gram-NCut: k_hat=3  ACC=1.0000  NMI=1.0000  ARI=1.0000  0.0s

=== P1L_S1_C3 train[2] k=3  dim=576  frames=74  σ=0.5  fold=2 ===
  Gram-NCut: k_hat=3  ACC=0.5811  NMI=0.6230  ARI=0.4548  0.0s

=== P1L_S1_C3 train[3] k=3  dim=576  frames=73  σ=0.5  fold=2 ===
  Gram-NCut: k_hat=3  ACC=0.6575  NMI=0.6754  ARI=0.5014  0.0s

=== P1L_S1_C3 train[4] k=3  dim=576  frames=64  σ=0.5  fold=2 ===
  Gram-NCut: k_hat=3  ACC=0.6250  NMI=0.5313  ARI=0.4237  0.0s

=== P1L_S1_C3 train[5] k=3  dim=576  frames=63  σ=0.5  fold=2 ===
  Gram-NCut: k_hat=3  ACC=0.6984  NMI=0.6872  ARI=0.5377  0.0s

=== P1L_S1_C3 train[6] k=3  dim=576  frames=75  σ=0.5  fold=2 ===
  Gram-NCut: k_hat=3  ACC=0.9867  NMI=0.9474  ARI=0.9569  0.0s

=== P1L_S2_C1 train[0] k=3  dim=576  frames=211  σ=0.5  fold=2 ===
  Gram-NCut: k_hat=3  ACC=0.8199  NMI=0.7231  ARI=0.6077  0.0s

=== P1L_S2_C1 train[1] k=3  dim=576  frames=190  σ=0.5  fold=2 ===
  Gram-NCut: k_hat=3  ACC=0.7211  NMI=0.6714  ARI=0.4890  0.0s

=== P1L_S2_C1 train[2] k=3  dim=576  frames=177  σ=0.5  fold=2 ===
  Gram-NCut: k_hat=3  ACC=0.8136  NMI=0.6377  ARI=0.5512  0.0s

=== P1L_S2_C1 train[3] k=3  dim=576  frames=172  σ=0.5  fold=2 ===
  Gram-NCut: k_hat=3  ACC=0.9535  NMI=0.8772  ARI=0.8928  0.0s

=== P1L_S2_C1 train[4] k=3  dim=576  frames=179  σ=0.5  fold=2 ===
  Gram-NCut: k_hat=3  ACC=1.0000  NMI=1.0000  ARI=1.0000  0.0s

=== P1L_S2_C1 train[5] k=3  dim=576  frames=180  σ=0.5  fold=2 ===
  Gram-NCut: k_hat=3  ACC=0.4944  NMI=0.2521  ARI=0.0513  0.0s

=== P1L_S2_C1 train[6] k=3  dim=576  frames=133  σ=0.5  fold=2 ===
  Gram-NCut: k_hat=3  ACC=1.0000  NMI=1.0000  ARI=1.0000  0.0s

=== P1L_S2_C2 train[0] k=3  dim=576  frames=194  σ=0.5  fold=2 ===
  Gram-NCut: k_hat=3  ACC=0.7990  NMI=0.6607  ARI=0.5018  0.0s

=== P1L_S2_C2 train[1] k=3  dim=576  frames=155  σ=0.5  fold=2 ===
  Gram-NCut: k_hat=3  ACC=0.9806  NMI=0.9316  ARI=0.9416  0.0s

=== P1L_S2_C2 train[2] k=3  dim=576  frames=186  σ=0.5  fold=2 ===
  Gram-NCut: k_hat=3  ACC=0.9570  NMI=0.8560  ARI=0.8853  0.0s

=== P1L_S2_C2 train[3] k=3  dim=576  frames=201  σ=0.5  fold=2 ===
  Gram-NCut: k_hat=3  ACC=0.8856  NMI=0.7479  ARI=0.7108  0.0s

=== P1L_S2_C2 train[4] k=3  dim=576  frames=171  σ=0.5  fold=2 ===
  Gram-NCut: k_hat=3  ACC=0.8363  NMI=0.7362  ARI=0.6178  0.0s

=== P1L_S2_C2 train[5] k=3  dim=576  frames=160  σ=0.5  fold=2 ===
  Gram-NCut: k_hat=3  ACC=0.6125  NMI=0.6196  ARI=0.4654  0.0s

=== P1L_S2_C2 train[6] k=3  dim=576  frames=154  σ=0.5  fold=2 ===
  Gram-NCut: k_hat=3  ACC=0.9935  NMI=0.9704  ARI=0.9818  0.0s

=== P1L_S2_C3 train[0] k=3  dim=576  frames=119  σ=0.5  fold=2 ===
  Gram-NCut: k_hat=3  ACC=1.0000  NMI=1.0000  ARI=1.0000  0.0s

=== P1L_S2_C3 train[1] k=3  dim=576  frames=101  σ=0.5  fold=2 ===
  Gram-NCut: k_hat=3  ACC=0.8119  NMI=0.7135  ARI=0.5605  0.0s

=== P1L_S2_C3 train[2] k=3  dim=576  frames=112  σ=0.5  fold=2 ===
  Gram-NCut: k_hat=3  ACC=0.5893  NMI=0.6656  ARI=0.4708  0.0s

=== P1L_S2_C3 train[3] k=3  dim=576  frames=126  σ=0.5  fold=2 ===
  Gram-NCut: k_hat=3  ACC=0.8651  NMI=0.7610  ARI=0.6671  0.0s

=== P1L_S2_C3 train[4] k=3  dim=576  frames=102  σ=0.5  fold=2 ===
  Gram-NCut: k_hat=3  ACC=0.5392  NMI=0.6485  ARI=0.4410  0.0s

=== P1L_S2_C3 train[5] k=3  dim=576  frames=121  σ=0.5  fold=2 ===
  Gram-NCut: k_hat=3  ACC=0.9091  NMI=0.7880  ARI=0.7781  0.0s

=== P1L_S2_C3 train[6] k=3  dim=576  frames=99  σ=0.5  fold=2 ===
  Gram-NCut: k_hat=3  ACC=0.9697  NMI=0.9066  ARI=0.9152  0.0s

=== P1L_S3_C1 train[0] k=3  dim=576  frames=156  σ=0.5  fold=2 ===
  Gram-NCut: k_hat=3  ACC=0.4295  NMI=0.2486  ARI=0.0025  0.0s

=== P1L_S3_C1 train[1] k=3  dim=576  frames=120  σ=0.5  fold=2 ===
  Gram-NCut: k_hat=3  ACC=1.0000  NMI=1.0000  ARI=1.0000  0.0s

=== P1L_S3_C1 train[2] k=3  dim=576  frames=156  σ=0.5  fold=2 ===
  Gram-NCut: k_hat=3  ACC=0.6474  NMI=0.6812  ARI=0.5139  0.0s

=== P1L_S3_C1 train[3] k=3  dim=576  frames=159  σ=0.5  fold=2 ===
  Gram-NCut: k_hat=3  ACC=0.9245  NMI=0.7727  ARI=0.7932  0.0s

=== P1L_S3_C1 train[4] k=3  dim=576  frames=172  σ=0.5  fold=2 ===
  Gram-NCut: k_hat=3  ACC=0.5465  NMI=0.5683  ARI=0.3918  0.0s

=== P1L_S3_C1 train[5] k=3  dim=576  frames=176  σ=0.5  fold=2 ===
  Gram-NCut: k_hat=3  ACC=0.7045  NMI=0.6249  ARI=0.4050  0.0s

=== P1L_S3_C1 train[6] k=3  dim=576  frames=134  σ=0.5  fold=2 ===
  Gram-NCut: k_hat=3  ACC=0.9701  NMI=0.9016  ARI=0.9044  0.0s

=== P1L_S3_C2 train[0] k=3  dim=576  frames=185  σ=0.5  fold=2 ===
  Gram-NCut: k_hat=3  ACC=0.9297  NMI=0.8147  ARI=0.7964  0.0s

=== P1L_S3_C2 train[1] k=3  dim=576  frames=125  σ=0.5  fold=2 ===
  Gram-NCut: k_hat=3  ACC=0.7520  NMI=0.6568  ARI=0.5655  0.0s

=== P1L_S3_C2 train[2] k=3  dim=576  frames=209  σ=0.5  fold=2 ===
  Gram-NCut: k_hat=3  ACC=0.7321  NMI=0.5271  ARI=0.4184  0.0s

=== P1L_S3_C2 train[3] k=3  dim=576  frames=168  σ=0.5  fold=2 ===
  Gram-NCut: k_hat=3  ACC=0.6488  NMI=0.6705  ARI=0.5211  0.0s

=== P1L_S3_C2 train[4] k=3  dim=576  frames=187  σ=0.5  fold=2 ===
  Gram-NCut: k_hat=3  ACC=0.5722  NMI=0.6619  ARI=0.4650  0.0s

=== P1L_S3_C2 train[5] k=3  dim=576  frames=229  σ=0.5  fold=2 ===
  Gram-NCut: k_hat=3  ACC=0.4978  NMI=0.5341  ARI=0.3541  0.1s

=== P1L_S3_C2 train[6] k=3  dim=576  frames=136  σ=0.5  fold=2 ===
  Gram-NCut: k_hat=3  ACC=0.9559  NMI=0.8746  ARI=0.8649  0.0s

=== P1L_S3_C3 train[0] k=3  dim=576  frames=151  σ=0.5  fold=2 ===
  Gram-NCut: k_hat=3  ACC=1.0000  NMI=1.0000  ARI=1.0000  0.0s

=== P1L_S3_C3 train[1] k=3  dim=576  frames=118  σ=0.5  fold=2 ===
  Gram-NCut: k_hat=3  ACC=0.8983  NMI=0.7946  ARI=0.7354  0.0s

=== P1L_S3_C3 train[2] k=3  dim=576  frames=142  σ=0.5  fold=2 ===
  Gram-NCut: k_hat=3  ACC=0.7958  NMI=0.6968  ARI=0.5429  0.0s

=== P1L_S3_C3 train[3] k=3  dim=576  frames=134  σ=0.5  fold=2 ===
  Gram-NCut: k_hat=3  ACC=0.8433  NMI=0.7262  ARI=0.5959  0.0s

=== P1L_S3_C3 train[4] k=3  dim=576  frames=110  σ=0.5  fold=2 ===
  Gram-NCut: k_hat=3  ACC=0.8545  NMI=0.7538  ARI=0.6585  0.0s

=== P1L_S3_C3 train[5] k=3  dim=576  frames=161  σ=0.5  fold=2 ===
  Gram-NCut: k_hat=3  ACC=0.8323  NMI=0.7023  ARI=0.6433  0.0s

=== P1L_S3_C3 train[6] k=3  dim=576  frames=114  σ=0.5  fold=2 ===
  Gram-NCut: k_hat=3  ACC=0.9825  NMI=0.9372  ARI=0.9534  0.0s

=== P1L_S4_C1 train[0] k=3  dim=576  frames=200  σ=0.5  fold=2 ===
  Gram-NCut: k_hat=3  ACC=0.7350  NMI=0.6902  ARI=0.5295  0.0s

=== P1L_S4_C1 train[1] k=3  dim=576  frames=157  σ=0.5  fold=2 ===
  Gram-NCut: k_hat=3  ACC=0.9873  NMI=0.9482  ARI=0.9607  0.0s

=== P1L_S4_C1 train[2] k=3  dim=576  frames=168  σ=0.5  fold=2 ===
  Gram-NCut: k_hat=3  ACC=0.7917  NMI=0.5827  ARI=0.4880  0.0s

=== P1L_S4_C1 train[3] k=3  dim=576  frames=142  σ=0.5  fold=2 ===
  Gram-NCut: k_hat=3  ACC=1.0000  NMI=1.0000  ARI=1.0000  0.0s

=== P1L_S4_C1 train[4] k=3  dim=576  frames=164  σ=0.5  fold=2 ===
  Gram-NCut: k_hat=3  ACC=0.9573  NMI=0.8816  ARI=0.8804  0.0s

=== P1L_S4_C1 train[5] k=3  dim=576  frames=187  σ=0.5  fold=2 ===
  Gram-NCut: k_hat=3  ACC=0.7540  NMI=0.5479  ARI=0.4682  0.0s

=== P1L_S4_C1 train[6] k=3  dim=576  frames=202  σ=0.5  fold=2 ===
  Gram-NCut: k_hat=3  ACC=1.0000  NMI=1.0000  ARI=1.0000  0.0s

=== P1L_S4_C2 train[0] k=3  dim=576  frames=157  σ=0.5  fold=2 ===
  Gram-NCut: k_hat=3  ACC=0.7771  NMI=0.6675  ARI=0.4827  0.0s

=== P1L_S4_C2 train[1] k=3  dim=576  frames=149  σ=0.5  fold=2 ===
  Gram-NCut: k_hat=3  ACC=0.9329  NMI=0.8326  ARI=0.7976  0.0s

=== P1L_S4_C2 train[2] k=3  dim=576  frames=168  σ=0.5  fold=2 ===
  Gram-NCut: k_hat=3  ACC=0.8571  NMI=0.7125  ARI=0.6257  0.0s

=== P1L_S4_C2 train[3] k=3  dim=576  frames=154  σ=0.5  fold=2 ===
  Gram-NCut: k_hat=3  ACC=0.8312  NMI=0.6938  ARI=0.5628  0.0s

=== P1L_S4_C2 train[4] k=3  dim=576  frames=152  σ=0.5  fold=2 ===
  Gram-NCut: k_hat=3  ACC=0.5329  NMI=0.6488  ARI=0.4425  0.0s

=== P1L_S4_C2 train[5] k=3  dim=576  frames=169  σ=0.5  fold=2 ===
  Gram-NCut: k_hat=3  ACC=0.5917  NMI=0.6658  ARI=0.4783  0.0s

=== P1L_S4_C2 train[6] k=3  dim=576  frames=153  σ=0.5  fold=2 ===
  Gram-NCut: k_hat=3  ACC=0.9869  NMI=0.9501  ARI=0.9666  0.0s

=== P1L_S4_C3 train[0] k=3  dim=576  frames=96  σ=0.5  fold=2 ===
  Gram-NCut: k_hat=3  ACC=0.5417  NMI=0.6288  ARI=0.4177  0.0s

=== P1L_S4_C3 train[1] k=3  dim=576  frames=107  σ=0.5  fold=2 ===
  Gram-NCut: k_hat=3  ACC=1.0000  NMI=1.0000  ARI=1.0000  0.0s

=== P1L_S4_C3 train[2] k=3  dim=576  frames=117  σ=0.5  fold=2 ===
  Gram-NCut: k_hat=3  ACC=0.6410  NMI=0.6653  ARI=0.4934  0.0s

=== P1L_S4_C3 train[3] k=3  dim=576  frames=112  σ=0.5  fold=2 ===
  Gram-NCut: k_hat=3  ACC=0.7411  NMI=0.6498  ARI=0.4345  0.0s

=== P1L_S4_C3 train[4] k=3  dim=576  frames=103  σ=0.5  fold=2 ===
  Gram-NCut: k_hat=3  ACC=0.5922  NMI=0.6512  ARI=0.4530  0.0s

=== P1L_S4_C3 train[5] k=3  dim=576  frames=105  σ=0.5  fold=2 ===
  Gram-NCut: k_hat=3  ACC=0.5333  NMI=0.6115  ARI=0.4223  0.0s

=== P1L_S4_C3 train[6] k=3  dim=576  frames=107  σ=0.5  fold=2 ===
  Gram-NCut: k_hat=3  ACC=0.9720  NMI=0.9111  ARI=0.9208  0.0s

=== P1E_S1_C1 test[0] k=3  dim=576  frames=130  σ=0.5  fold=2 ===
  Gram-NCut: k_hat=3  ACC=1.0000  NMI=1.0000  ARI=1.0000  0.0s

=== P1E_S1_C2 test[0] k=3  dim=576  frames=104  σ=0.5  fold=2 ===
  Gram-NCut: k_hat=3  ACC=1.0000  NMI=1.0000  ARI=1.0000  0.0s

=== P1E_S1_C3 test[0] k=3  dim=576  frames=47  σ=0.5  fold=2 ===
  Gram-NCut: k_hat=3  ACC=0.9787  NMI=0.9290  ARI=0.9459  0.0s

=== P1E_S2_C1 test[0] k=3  dim=576  frames=136  σ=0.5  fold=2 ===
  Gram-NCut: k_hat=3  ACC=0.9559  NMI=0.8767  ARI=0.8705  0.0s

=== P1E_S2_C2 test[0] k=3  dim=576  frames=109  σ=0.5  fold=2 ===
  Gram-NCut: k_hat=3  ACC=1.0000  NMI=1.0000  ARI=1.0000  0.0s

=== P1E_S2_C3 test[0] k=3  dim=576  frames=90  σ=0.5  fold=2 ===
  Gram-NCut: k_hat=3  ACC=0.9667  NMI=0.8979  ARI=0.8982  0.0s

=== P1E_S3_C1 test[0] k=3  dim=576  frames=134  σ=0.5  fold=2 ===
  Gram-NCut: k_hat=3  ACC=0.8060  NMI=0.6505  ARI=0.5388  0.0s

=== P1E_S3_C2 test[0] k=3  dim=576  frames=112  σ=0.5  fold=2 ===
  Gram-NCut: k_hat=3  ACC=0.9375  NMI=0.8076  ARI=0.8112  0.0s

=== P1E_S3_C3 test[0] k=3  dim=576  frames=84  σ=0.5  fold=2 ===
  Gram-NCut: k_hat=3  ACC=0.9881  NMI=0.9525  ARI=0.9657  0.0s

=== P1E_S4_C1 test[0] k=3  dim=576  frames=155  σ=0.5  fold=2 ===
  Gram-NCut: k_hat=3  ACC=0.9806  NMI=0.9205  ARI=0.9410  0.0s

=== P1E_S4_C2 test[0] k=3  dim=576  frames=122  σ=0.5  fold=2 ===
  Gram-NCut: k_hat=3  ACC=1.0000  NMI=1.0000  ARI=1.0000  0.0s

=== P1E_S4_C3 test[0] k=3  dim=576  frames=85  σ=0.5  fold=2 ===
  Gram-NCut: k_hat=3  ACC=0.9412  NMI=0.8539  ARI=0.8378  0.0s

=== P1L_S1_C1 test[0] k=3  dim=576  frames=155  σ=0.5  fold=2 ===
  Gram-NCut: k_hat=3  ACC=1.0000  NMI=1.0000  ARI=1.0000  0.0s

=== P1L_S1_C2 test[0] k=3  dim=576  frames=147  σ=0.5  fold=2 ===
  Gram-NCut: k_hat=3  ACC=0.9932  NMI=0.9697  ARI=0.9804  0.0s

=== P1L_S1_C3 test[0] k=3  dim=576  frames=65  σ=0.5  fold=2 ===
  Gram-NCut: k_hat=3  ACC=0.8615  NMI=0.7478  ARI=0.6419  0.0s

=== P1L_S2_C1 test[0] k=3  dim=576  frames=180  σ=0.5  fold=2 ===
  Gram-NCut: k_hat=3  ACC=1.0000  NMI=1.0000  ARI=1.0000  0.0s

=== P1L_S2_C2 test[0] k=3  dim=576  frames=134  σ=0.5  fold=2 ===
  Gram-NCut: k_hat=3  ACC=1.0000  NMI=1.0000  ARI=1.0000  0.0s

=== P1L_S2_C3 test[0] k=3  dim=576  frames=85  σ=0.5  fold=2 ===
  Gram-NCut: k_hat=3  ACC=1.0000  NMI=1.0000  ARI=1.0000  0.0s

=== P1L_S3_C1 test[0] k=3  dim=576  frames=185  σ=0.5  fold=2 ===
  Gram-NCut: k_hat=3  ACC=0.9838  NMI=0.9402  ARI=0.9511  0.0s

=== P1L_S3_C2 test[0] k=3  dim=576  frames=166  σ=0.5  fold=2 ===
  Gram-NCut: k_hat=3  ACC=1.0000  NMI=1.0000  ARI=1.0000  0.0s

=== P1L_S3_C3 test[0] k=3  dim=576  frames=121  σ=0.5  fold=2 ===
  Gram-NCut: k_hat=3  ACC=1.0000  NMI=1.0000  ARI=1.0000  0.0s

=== P1L_S4_C1 test[0] k=3  dim=576  frames=154  σ=0.5  fold=2 ===
  Gram-NCut: k_hat=3  ACC=1.0000  NMI=1.0000  ARI=1.0000  0.0s

=== P1L_S4_C2 test[0] k=3  dim=576  frames=175  σ=0.5  fold=2 ===
  Gram-NCut: k_hat=3  ACC=1.0000  NMI=1.0000  ARI=1.0000  0.0s

=== P1L_S4_C3 test[0] k=3  dim=576  frames=94  σ=0.5  fold=2 ===
  Gram-NCut: k_hat=3  ACC=1.0000  NMI=1.0000  ARI=1.0000  0.0s
  tune_pool_groups=20: sampling from 22 held-in people (overlap allowed) instead of the 7 fixed partition group(s)

============================================================
σ=0.5 fold=3  test=['0005', '0024', '0025']  train mats=168  test mats=24  tune mats=480
  Gram-NCut: skip tuning, fixed 
  wrote /nfs/turbo/umms-minjilab/lpullela/icassp_ssc_tv2/block_ssc_benchmark/cv/params/surveillance/split_k3_sigmas_min30_trials20_params_knownk_cv_gram_ncut_k3_sigma0p5_sigma0.5_fold3.json

=== P1E_S1_C1 train[0] k=3  dim=576  frames=146  σ=0.5  fold=3 ===
  Gram-NCut: k_hat=3  ACC=0.9863  NMI=0.9433  ARI=0.9531  0.0s

=== P1E_S1_C1 train[1] k=3  dim=576  frames=153  σ=0.5  fold=3 ===
  Gram-NCut: k_hat=3  ACC=0.9739  NMI=0.9153  ARI=0.9230  0.0s

=== P1E_S1_C1 train[2] k=3  dim=576  frames=130  σ=0.5  fold=3 ===
  Gram-NCut: k_hat=3  ACC=1.0000  NMI=1.0000  ARI=1.0000  0.0s

=== P1E_S1_C1 train[3] k=3  dim=576  frames=157  σ=0.5  fold=3 ===
  Gram-NCut: k_hat=3  ACC=0.5860  NMI=0.6302  ARI=0.4504  0.0s

=== P1E_S1_C1 train[4] k=3  dim=576  frames=151  σ=0.5  fold=3 ===
  Gram-NCut: k_hat=3  ACC=0.5960  NMI=0.6690  ARI=0.4788  0.0s

=== P1E_S1_C1 train[5] k=3  dim=576  frames=140  σ=0.5  fold=3 ===
  Gram-NCut: k_hat=3  ACC=0.8571  NMI=0.6815  ARI=0.6337  0.0s

=== P1E_S1_C1 train[6] k=3  dim=576  frames=171  σ=0.5  fold=3 ===
  Gram-NCut: k_hat=3  ACC=0.9942  NMI=0.9732  ARI=0.9831  0.0s

=== P1E_S1_C2 train[0] k=3  dim=576  frames=147  σ=0.5  fold=3 ===
  Gram-NCut: k_hat=3  ACC=0.9456  NMI=0.8210  ARI=0.8387  0.0s

=== P1E_S1_C2 train[1] k=3  dim=576  frames=115  σ=0.5  fold=3 ===
  Gram-NCut: k_hat=3  ACC=0.9652  NMI=0.8758  ARI=0.8915  0.0s

=== P1E_S1_C2 train[2] k=3  dim=576  frames=104  σ=0.5  fold=3 ===
  Gram-NCut: k_hat=3  ACC=1.0000  NMI=1.0000  ARI=1.0000  0.0s

=== P1E_S1_C2 train[3] k=3  dim=576  frames=113  σ=0.5  fold=3 ===
  Gram-NCut: k_hat=3  ACC=0.4690  NMI=0.3839  ARI=0.1885  0.0s

=== P1E_S1_C2 train[4] k=3  dim=576  frames=122  σ=0.5  fold=3 ===
  Gram-NCut: k_hat=3  ACC=0.5574  NMI=0.6295  ARI=0.4511  0.0s

=== P1E_S1_C2 train[5] k=3  dim=576  frames=122  σ=0.5  fold=3 ===
  Gram-NCut: k_hat=3  ACC=0.9590  NMI=0.8854  ARI=0.8916  0.0s

=== P1E_S1_C2 train[6] k=3  dim=576  frames=134  σ=0.5  fold=3 ===
  Gram-NCut: k_hat=3  ACC=0.9851  NMI=0.9443  ARI=0.9564  0.0s

=== P1E_S1_C3 train[0] k=3  dim=576  frames=58  σ=0.5  fold=3 ===
  Gram-NCut: k_hat=3  ACC=0.6897  NMI=0.5509  ARI=0.3975  0.0s

=== P1E_S1_C3 train[1] k=3  dim=576  frames=56  σ=0.5  fold=3 ===
  Gram-NCut: k_hat=3  ACC=0.9821  NMI=0.9373  ARI=0.9623  0.0s

=== P1E_S1_C3 train[2] k=3  dim=576  frames=47  σ=0.5  fold=3 ===
  Gram-NCut: k_hat=3  ACC=0.9787  NMI=0.9290  ARI=0.9459  0.0s

=== P1E_S1_C3 train[3] k=3  dim=576  frames=37  σ=0.5  fold=3 ===
  Gram-NCut: k_hat=3  ACC=0.6216  NMI=0.5185  ARI=0.3879  0.0s

=== P1E_S1_C3 train[4] k=3  dim=576  frames=55  σ=0.5  fold=3 ===
  Gram-NCut: k_hat=3  ACC=0.9273  NMI=0.8278  ARI=0.7857  0.0s

=== P1E_S1_C3 train[5] k=3  dim=576  frames=51  σ=0.5  fold=3 ===
  Gram-NCut: k_hat=3  ACC=0.5686  NMI=0.5428  ARI=0.3754  0.0s

=== P1E_S1_C3 train[6] k=3  dim=576  frames=69  σ=0.5  fold=3 ===
  Gram-NCut: k_hat=3  ACC=0.5507  NMI=0.4634  ARI=0.2941  0.0s

=== P1E_S2_C1 train[0] k=3  dim=576  frames=167  σ=0.5  fold=3 ===
  Gram-NCut: k_hat=3  ACC=0.9760  NMI=0.9201  ARI=0.9285  0.0s

=== P1E_S2_C1 train[1] k=3  dim=576  frames=151  σ=0.5  fold=3 ===
  Gram-NCut: k_hat=3  ACC=0.7351  NMI=0.5982  ARI=0.4947  0.0s

=== P1E_S2_C1 train[2] k=3  dim=576  frames=136  σ=0.5  fold=3 ===
  Gram-NCut: k_hat=3  ACC=0.9559  NMI=0.8767  ARI=0.8705  0.0s

=== P1E_S2_C1 train[3] k=3  dim=576  frames=149  σ=0.5  fold=3 ===
  Gram-NCut: k_hat=3  ACC=0.6040  NMI=0.6711  ARI=0.4842  0.0s

=== P1E_S2_C1 train[4] k=3  dim=576  frames=124  σ=0.5  fold=3 ===
  Gram-NCut: k_hat=3  ACC=0.5403  NMI=0.6637  ARI=0.4600  0.0s

=== P1E_S2_C1 train[5] k=3  dim=576  frames=161  σ=0.5  fold=3 ===
  Gram-NCut: k_hat=3  ACC=0.7764  NMI=0.6353  ARI=0.5285  0.0s

=== P1E_S2_C1 train[6] k=3  dim=576  frames=153  σ=0.5  fold=3 ===
  Gram-NCut: k_hat=3  ACC=0.9477  NMI=0.8339  ARI=0.8549  0.0s

=== P1E_S2_C2 train[0] k=3  dim=576  frames=146  σ=0.5  fold=3 ===
  Gram-NCut: k_hat=3  ACC=0.9384  NMI=0.8294  ARI=0.8374  0.0s

=== P1E_S2_C2 train[1] k=3  dim=576  frames=115  σ=0.5  fold=3 ===
  Gram-NCut: k_hat=3  ACC=0.9826  NMI=0.9253  ARI=0.9458  0.0s

=== P1E_S2_C2 train[2] k=3  dim=576  frames=109  σ=0.5  fold=3 ===
  Gram-NCut: k_hat=3  ACC=1.0000  NMI=1.0000  ARI=1.0000  0.0s

=== P1E_S2_C2 train[3] k=3  dim=576  frames=124  σ=0.5  fold=3 ===
  Gram-NCut: k_hat=3  ACC=0.9919  NMI=0.9642  ARI=0.9736  0.0s

=== P1E_S2_C2 train[4] k=3  dim=576  frames=109  σ=0.5  fold=3 ===
  Gram-NCut: k_hat=3  ACC=0.7156  NMI=0.7051  ARI=0.5710  0.0s

=== P1E_S2_C2 train[5] k=3  dim=576  frames=128  σ=0.5  fold=3 ===
  Gram-NCut: k_hat=3  ACC=0.6406  NMI=0.6072  ARI=0.4585  0.0s

=== P1E_S2_C2 train[6] k=3  dim=576  frames=126  σ=0.5  fold=3 ===
  Gram-NCut: k_hat=3  ACC=0.9762  NMI=0.9207  ARI=0.9308  0.0s

=== P1E_S2_C3 train[0] k=3  dim=576  frames=113  σ=0.5  fold=3 ===
  Gram-NCut: k_hat=3  ACC=0.9735  NMI=0.9152  ARI=0.9282  0.0s

=== P1E_S2_C3 train[1] k=3  dim=576  frames=88  σ=0.5  fold=3 ===
  Gram-NCut: k_hat=3  ACC=1.0000  NMI=1.0000  ARI=1.0000  0.0s

=== P1E_S2_C3 train[2] k=3  dim=576  frames=90  σ=0.5  fold=3 ===
  Gram-NCut: k_hat=3  ACC=0.9667  NMI=0.8979  ARI=0.8982  0.0s

=== P1E_S2_C3 train[3] k=3  dim=576  frames=99  σ=0.5  fold=3 ===
  Gram-NCut: k_hat=3  ACC=0.9394  NMI=0.8491  ARI=0.8306  0.0s

=== P1E_S2_C3 train[4] k=3  dim=576  frames=87  σ=0.5  fold=3 ===
  Gram-NCut: k_hat=3  ACC=0.5977  NMI=0.6670  ARI=0.4754  0.0s

=== P1E_S2_C3 train[5] k=3  dim=576  frames=105  σ=0.5  fold=3 ===
  Gram-NCut: k_hat=3  ACC=0.8571  NMI=0.7129  ARI=0.6594  0.0s

=== P1E_S2_C3 train[6] k=3  dim=576  frames=89  σ=0.5  fold=3 ===
  Gram-NCut: k_hat=3  ACC=0.9775  NMI=0.9248  ARI=0.9383  0.0s

=== P1E_S3_C1 train[0] k=3  dim=576  frames=166  σ=0.5  fold=3 ===
  Gram-NCut: k_hat=3  ACC=0.7349  NMI=0.6597  ARI=0.4641  0.0s

=== P1E_S3_C1 train[1] k=3  dim=576  frames=139  σ=0.5  fold=3 ===
  Gram-NCut: k_hat=3  ACC=0.7410  NMI=0.6999  ARI=0.5517  0.0s

=== P1E_S3_C1 train[2] k=3  dim=576  frames=134  σ=0.5  fold=3 ===
  Gram-NCut: k_hat=3  ACC=0.8060  NMI=0.6505  ARI=0.5388  0.0s

=== P1E_S3_C1 train[3] k=3  dim=576  frames=168  σ=0.5  fold=3 ===
  Gram-NCut: k_hat=3  ACC=0.8571  NMI=0.7396  ARI=0.6204  0.0s

=== P1E_S3_C1 train[4] k=3  dim=576  frames=123  σ=0.5  fold=3 ===
  Gram-NCut: k_hat=3  ACC=0.5122  NMI=0.4251  ARI=0.2437  0.0s

=== P1E_S3_C1 train[5] k=3  dim=576  frames=204  σ=0.5  fold=3 ===
  Gram-NCut: k_hat=3  ACC=0.5735  NMI=0.3635  ARI=0.1686  0.0s

=== P1E_S3_C1 train[6] k=3  dim=576  frames=112  σ=0.5  fold=3 ===
  Gram-NCut: k_hat=3  ACC=0.5625  NMI=0.6127  ARI=0.4282  0.0s

=== P1E_S3_C2 train[0] k=3  dim=576  frames=147  σ=0.5  fold=3 ===
  Gram-NCut: k_hat=3  ACC=0.8912  NMI=0.7677  ARI=0.6800  0.0s

=== P1E_S3_C2 train[1] k=3  dim=576  frames=120  σ=0.5  fold=3 ===
  Gram-NCut: k_hat=3  ACC=0.6917  NMI=0.6689  ARI=0.4777  0.0s

=== P1E_S3_C2 train[2] k=3  dim=576  frames=112  σ=0.5  fold=3 ===
  Gram-NCut: k_hat=3  ACC=0.9375  NMI=0.8076  ARI=0.8112  0.0s

=== P1E_S3_C2 train[3] k=3  dim=576  frames=169  σ=0.5  fold=3 ===
  Gram-NCut: k_hat=3  ACC=0.6213  NMI=0.6032  ARI=0.4433  0.0s

=== P1E_S3_C2 train[4] k=3  dim=576  frames=107  σ=0.5  fold=3 ===
  Gram-NCut: k_hat=3  ACC=0.5981  NMI=0.6680  ARI=0.4761  0.0s

=== P1E_S3_C2 train[5] k=3  dim=576  frames=146  σ=0.5  fold=3 ===
  Gram-NCut: k_hat=3  ACC=0.7740  NMI=0.6618  ARI=0.4556  0.0s

=== P1E_S3_C2 train[6] k=3  dim=576  frames=114  σ=0.5  fold=3 ===
  Gram-NCut: k_hat=3  ACC=0.9825  NMI=0.9333  ARI=0.9468  0.0s

=== P1E_S3_C3 train[0] k=3  dim=576  frames=105  σ=0.5  fold=3 ===
  Gram-NCut: k_hat=3  ACC=1.0000  NMI=1.0000  ARI=1.0000  0.0s

=== P1E_S3_C3 train[1] k=3  dim=576  frames=89  σ=0.5  fold=3 ===
  Gram-NCut: k_hat=3  ACC=1.0000  NMI=1.0000  ARI=1.0000  0.0s

=== P1E_S3_C3 train[2] k=3  dim=576  frames=84  σ=0.5  fold=3 ===
  Gram-NCut: k_hat=3  ACC=0.9881  NMI=0.9525  ARI=0.9657  0.0s

=== P1E_S3_C3 train[3] k=3  dim=576  frames=128  σ=0.5  fold=3 ===
  Gram-NCut: k_hat=3  ACC=0.7031  NMI=0.6354  ARI=0.5070  0.0s

=== P1E_S3_C3 train[4] k=3  dim=576  frames=83  σ=0.5  fold=3 ===
  Gram-NCut: k_hat=3  ACC=0.9880  NMI=0.9530  ARI=0.9662  0.0s

=== P1E_S3_C3 train[5] k=3  dim=576  frames=129  σ=0.5  fold=3 ===
  Gram-NCut: k_hat=3  ACC=0.5504  NMI=0.6559  ARI=0.4522  0.0s

=== P1E_S3_C3 train[6] k=3  dim=576  frames=84  σ=0.5  fold=3 ===
  Gram-NCut: k_hat=3  ACC=0.9881  NMI=0.9523  ARI=0.9667  0.0s

=== P1E_S4_C1 train[0] k=3  dim=576  frames=158  σ=0.5  fold=3 ===
  Gram-NCut: k_hat=3  ACC=0.8481  NMI=0.7167  ARI=0.5780  0.0s

=== P1E_S4_C1 train[1] k=3  dim=576  frames=107  σ=0.5  fold=3 ===
  Gram-NCut: k_hat=3  ACC=1.0000  NMI=1.0000  ARI=1.0000  0.0s

=== P1E_S4_C1 train[2] k=3  dim=576  frames=155  σ=0.5  fold=3 ===
  Gram-NCut: k_hat=3  ACC=0.9806  NMI=0.9205  ARI=0.9410  0.0s

=== P1E_S4_C1 train[3] k=3  dim=576  frames=180  σ=0.5  fold=3 ===
  Gram-NCut: k_hat=3  ACC=0.6778  NMI=0.6859  ARI=0.5257  0.0s

=== P1E_S4_C1 train[4] k=3  dim=576  frames=133  σ=0.5  fold=3 ===
  Gram-NCut: k_hat=3  ACC=0.6466  NMI=0.6651  ARI=0.4918  0.0s

=== P1E_S4_C1 train[5] k=3  dim=576  frames=147  σ=0.5  fold=3 ===
  Gram-NCut: k_hat=3  ACC=0.5782  NMI=0.5303  ARI=0.3675  0.0s

=== P1E_S4_C1 train[6] k=3  dim=576  frames=145  σ=0.5  fold=3 ===
  Gram-NCut: k_hat=3  ACC=0.5586  NMI=0.4559  ARI=0.2836  0.0s

=== P1E_S4_C2 train[0] k=3  dim=576  frames=117  σ=0.5  fold=3 ===
  Gram-NCut: k_hat=3  ACC=0.9744  NMI=0.9022  ARI=0.9249  0.0s

=== P1E_S4_C2 train[1] k=3  dim=576  frames=125  σ=0.5  fold=3 ===
  Gram-NCut: k_hat=3  ACC=0.9840  NMI=0.9301  ARI=0.9501  0.0s

=== P1E_S4_C2 train[2] k=3  dim=576  frames=122  σ=0.5  fold=3 ===
  Gram-NCut: k_hat=3  ACC=1.0000  NMI=1.0000  ARI=1.0000  0.0s

=== P1E_S4_C2 train[3] k=3  dim=576  frames=140  σ=0.5  fold=3 ===
  Gram-NCut: k_hat=3  ACC=0.9786  NMI=0.9234  ARI=0.9323  0.0s

=== P1E_S4_C2 train[4] k=3  dim=576  frames=129  σ=0.5  fold=3 ===
  Gram-NCut: k_hat=3  ACC=0.5814  NMI=0.6628  ARI=0.4661  0.0s

=== P1E_S4_C2 train[5] k=3  dim=576  frames=146  σ=0.5  fold=3 ===
  Gram-NCut: k_hat=3  ACC=0.6644  NMI=0.5853  ARI=0.4605  0.0s

=== P1E_S4_C2 train[6] k=3  dim=576  frames=110  σ=0.5  fold=3 ===
  Gram-NCut: k_hat=3  ACC=0.9909  NMI=0.9623  ARI=0.9753  0.0s

=== P1E_S4_C3 train[0] k=3  dim=576  frames=90  σ=0.5  fold=3 ===
  Gram-NCut: k_hat=3  ACC=0.7778  NMI=0.5888  ARI=0.4859  0.0s

=== P1E_S4_C3 train[1] k=3  dim=576  frames=64  σ=0.5  fold=3 ===
  Gram-NCut: k_hat=3  ACC=0.9062  NMI=0.7546  ARI=0.7559  0.0s

=== P1E_S4_C3 train[2] k=3  dim=576  frames=85  σ=0.5  fold=3 ===
  Gram-NCut: k_hat=3  ACC=0.9412  NMI=0.8539  ARI=0.8378  0.0s

=== P1E_S4_C3 train[3] k=3  dim=576  frames=87  σ=0.5  fold=3 ===
  Gram-NCut: k_hat=3  ACC=0.6437  NMI=0.5431  ARI=0.4460  0.0s

=== P1E_S4_C3 train[4] k=3  dim=576  frames=76  σ=0.5  fold=3 ===
  Gram-NCut: k_hat=3  ACC=0.9605  NMI=0.8885  ARI=0.8936  0.0s

=== P1E_S4_C3 train[5] k=3  dim=576  frames=106  σ=0.5  fold=3 ===
  Gram-NCut: k_hat=3  ACC=0.6887  NMI=0.7100  ARI=0.5700  0.0s

=== P1E_S4_C3 train[6] k=3  dim=576  frames=79  σ=0.5  fold=3 ===
  Gram-NCut: k_hat=3  ACC=0.6203  NMI=0.5684  ARI=0.4158  0.0s

=== P1L_S1_C1 train[0] k=3  dim=576  frames=162  σ=0.5  fold=3 ===
  Gram-NCut: k_hat=3  ACC=0.9815  NMI=0.9346  ARI=0.9472  0.0s

=== P1L_S1_C1 train[1] k=3  dim=576  frames=170  σ=0.5  fold=3 ===
  Gram-NCut: k_hat=3  ACC=0.7882  NMI=0.6873  ARI=0.5109  0.0s

=== P1L_S1_C1 train[2] k=3  dim=576  frames=155  σ=0.5  fold=3 ===
  Gram-NCut: k_hat=3  ACC=1.0000  NMI=1.0000  ARI=1.0000  0.0s

=== P1L_S1_C1 train[3] k=3  dim=576  frames=198  σ=0.5  fold=3 ===
  Gram-NCut: k_hat=3  ACC=0.7273  NMI=0.6733  ARI=0.5345  0.0s

=== P1L_S1_C1 train[4] k=3  dim=576  frames=166  σ=0.5  fold=3 ===
  Gram-NCut: k_hat=3  ACC=1.0000  NMI=1.0000  ARI=1.0000  0.0s

=== P1L_S1_C1 train[5] k=3  dim=576  frames=116  σ=0.5  fold=3 ===
  Gram-NCut: k_hat=3  ACC=0.5345  NMI=0.3125  ARI=0.0961  0.0s

=== P1L_S1_C1 train[6] k=3  dim=576  frames=175  σ=0.5  fold=3 ===
  Gram-NCut: k_hat=3  ACC=0.9943  NMI=0.9736  ARI=0.9843  0.0s

=== P1L_S1_C2 train[0] k=3  dim=576  frames=186  σ=0.5  fold=3 ===
  Gram-NCut: k_hat=3  ACC=0.7688  NMI=0.6813  ARI=0.5085  0.0s

=== P1L_S1_C2 train[1] k=3  dim=576  frames=137  σ=0.5  fold=3 ===
  Gram-NCut: k_hat=3  ACC=0.8029  NMI=0.7019  ARI=0.5528  0.0s

=== P1L_S1_C2 train[2] k=3  dim=576  frames=147  σ=0.5  fold=3 ===
  Gram-NCut: k_hat=3  ACC=0.9932  NMI=0.9697  ARI=0.9804  0.0s

=== P1L_S1_C2 train[3] k=3  dim=576  frames=128  σ=0.5  fold=3 ===
  Gram-NCut: k_hat=3  ACC=0.5625  NMI=0.6666  ARI=0.4689  0.0s

=== P1L_S1_C2 train[4] k=3  dim=576  frames=154  σ=0.5  fold=3 ===
  Gram-NCut: k_hat=3  ACC=0.5065  NMI=0.6566  ARI=0.4500  0.0s

=== P1L_S1_C2 train[5] k=3  dim=576  frames=142  σ=0.5  fold=3 ===
  Gram-NCut: k_hat=3  ACC=0.7887  NMI=0.6116  ARI=0.5099  0.0s

=== P1L_S1_C2 train[6] k=3  dim=576  frames=168  σ=0.5  fold=3 ===
  Gram-NCut: k_hat=3  ACC=0.9881  NMI=0.9537  ARI=0.9677  0.0s

=== P1L_S1_C3 train[0] k=3  dim=576  frames=60  σ=0.5  fold=3 ===
  Gram-NCut: k_hat=3  ACC=0.5167  NMI=0.5800  ARI=0.3887  0.0s

=== P1L_S1_C3 train[1] k=3  dim=576  frames=68  σ=0.5  fold=3 ===
  Gram-NCut: k_hat=3  ACC=1.0000  NMI=1.0000  ARI=1.0000  0.0s

=== P1L_S1_C3 train[2] k=3  dim=576  frames=65  σ=0.5  fold=3 ===
  Gram-NCut: k_hat=3  ACC=0.8615  NMI=0.7478  ARI=0.6419  0.0s

=== P1L_S1_C3 train[3] k=3  dim=576  frames=73  σ=0.5  fold=3 ===
  Gram-NCut: k_hat=3  ACC=0.6575  NMI=0.6754  ARI=0.5014  0.0s

=== P1L_S1_C3 train[4] k=3  dim=576  frames=64  σ=0.5  fold=3 ===
  Gram-NCut: k_hat=3  ACC=0.6250  NMI=0.5313  ARI=0.4237  0.0s

=== P1L_S1_C3 train[5] k=3  dim=576  frames=63  σ=0.5  fold=3 ===
  Gram-NCut: k_hat=3  ACC=0.6984  NMI=0.6872  ARI=0.5377  0.0s

=== P1L_S1_C3 train[6] k=3  dim=576  frames=75  σ=0.5  fold=3 ===
  Gram-NCut: k_hat=3  ACC=0.9867  NMI=0.9474  ARI=0.9569  0.0s

=== P1L_S2_C1 train[0] k=3  dim=576  frames=211  σ=0.5  fold=3 ===
  Gram-NCut: k_hat=3  ACC=0.8199  NMI=0.7231  ARI=0.6077  0.0s

=== P1L_S2_C1 train[1] k=3  dim=576  frames=190  σ=0.5  fold=3 ===
  Gram-NCut: k_hat=3  ACC=0.7211  NMI=0.6714  ARI=0.4890  0.0s

=== P1L_S2_C1 train[2] k=3  dim=576  frames=180  σ=0.5  fold=3 ===
  Gram-NCut: k_hat=3  ACC=1.0000  NMI=1.0000  ARI=1.0000  0.0s

=== P1L_S2_C1 train[3] k=3  dim=576  frames=172  σ=0.5  fold=3 ===
  Gram-NCut: k_hat=3  ACC=0.9535  NMI=0.8772  ARI=0.8928  0.0s

=== P1L_S2_C1 train[4] k=3  dim=576  frames=179  σ=0.5  fold=3 ===
  Gram-NCut: k_hat=3  ACC=1.0000  NMI=1.0000  ARI=1.0000  0.0s

=== P1L_S2_C1 train[5] k=3  dim=576  frames=180  σ=0.5  fold=3 ===
  Gram-NCut: k_hat=3  ACC=0.4944  NMI=0.2521  ARI=0.0513  0.0s

=== P1L_S2_C1 train[6] k=3  dim=576  frames=133  σ=0.5  fold=3 ===
  Gram-NCut: k_hat=3  ACC=1.0000  NMI=1.0000  ARI=1.0000  0.0s

=== P1L_S2_C2 train[0] k=3  dim=576  frames=194  σ=0.5  fold=3 ===
  Gram-NCut: k_hat=3  ACC=0.7990  NMI=0.6607  ARI=0.5018  0.0s

=== P1L_S2_C2 train[1] k=3  dim=576  frames=155  σ=0.5  fold=3 ===
  Gram-NCut: k_hat=3  ACC=0.9806  NMI=0.9316  ARI=0.9416  0.0s

=== P1L_S2_C2 train[2] k=3  dim=576  frames=134  σ=0.5  fold=3 ===
  Gram-NCut: k_hat=3  ACC=1.0000  NMI=1.0000  ARI=1.0000  0.0s

=== P1L_S2_C2 train[3] k=3  dim=576  frames=201  σ=0.5  fold=3 ===
  Gram-NCut: k_hat=3  ACC=0.8856  NMI=0.7479  ARI=0.7108  0.0s

=== P1L_S2_C2 train[4] k=3  dim=576  frames=171  σ=0.5  fold=3 ===
  Gram-NCut: k_hat=3  ACC=0.8363  NMI=0.7362  ARI=0.6178  0.0s

=== P1L_S2_C2 train[5] k=3  dim=576  frames=160  σ=0.5  fold=3 ===
  Gram-NCut: k_hat=3  ACC=0.6125  NMI=0.6196  ARI=0.4654  0.0s

=== P1L_S2_C2 train[6] k=3  dim=576  frames=154  σ=0.5  fold=3 ===
  Gram-NCut: k_hat=3  ACC=0.9935  NMI=0.9704  ARI=0.9818  0.0s

=== P1L_S2_C3 train[0] k=3  dim=576  frames=119  σ=0.5  fold=3 ===
  Gram-NCut: k_hat=3  ACC=1.0000  NMI=1.0000  ARI=1.0000  0.0s

=== P1L_S2_C3 train[1] k=3  dim=576  frames=101  σ=0.5  fold=3 ===
  Gram-NCut: k_hat=3  ACC=0.8119  NMI=0.7135  ARI=0.5605  0.0s

=== P1L_S2_C3 train[2] k=3  dim=576  frames=85  σ=0.5  fold=3 ===
  Gram-NCut: k_hat=3  ACC=1.0000  NMI=1.0000  ARI=1.0000  0.0s

=== P1L_S2_C3 train[3] k=3  dim=576  frames=126  σ=0.5  fold=3 ===
  Gram-NCut: k_hat=3  ACC=0.8651  NMI=0.7610  ARI=0.6671  0.0s

=== P1L_S2_C3 train[4] k=3  dim=576  frames=102  σ=0.5  fold=3 ===
  Gram-NCut: k_hat=3  ACC=0.5392  NMI=0.6485  ARI=0.4410  0.0s

=== P1L_S2_C3 train[5] k=3  dim=576  frames=121  σ=0.5  fold=3 ===
  Gram-NCut: k_hat=3  ACC=0.9091  NMI=0.7880  ARI=0.7781  0.0s

=== P1L_S2_C3 train[6] k=3  dim=576  frames=99  σ=0.5  fold=3 ===
  Gram-NCut: k_hat=3  ACC=0.9697  NMI=0.9066  ARI=0.9152  0.0s

=== P1L_S3_C1 train[0] k=3  dim=576  frames=156  σ=0.5  fold=3 ===
  Gram-NCut: k_hat=3  ACC=0.4295  NMI=0.2486  ARI=0.0025  0.0s

=== P1L_S3_C1 train[1] k=3  dim=576  frames=120  σ=0.5  fold=3 ===
  Gram-NCut: k_hat=3  ACC=1.0000  NMI=1.0000  ARI=1.0000  0.0s

=== P1L_S3_C1 train[2] k=3  dim=576  frames=185  σ=0.5  fold=3 ===
  Gram-NCut: k_hat=3  ACC=0.9838  NMI=0.9402  ARI=0.9511  0.0s

=== P1L_S3_C1 train[3] k=3  dim=576  frames=159  σ=0.5  fold=3 ===
  Gram-NCut: k_hat=3  ACC=0.9245  NMI=0.7727  ARI=0.7932  0.0s

=== P1L_S3_C1 train[4] k=3  dim=576  frames=172  σ=0.5  fold=3 ===
  Gram-NCut: k_hat=3  ACC=0.5465  NMI=0.5683  ARI=0.3918  0.0s

=== P1L_S3_C1 train[5] k=3  dim=576  frames=176  σ=0.5  fold=3 ===
  Gram-NCut: k_hat=3  ACC=0.7045  NMI=0.6249  ARI=0.4050  0.0s

=== P1L_S3_C1 train[6] k=3  dim=576  frames=134  σ=0.5  fold=3 ===
  Gram-NCut: k_hat=3  ACC=0.9701  NMI=0.9016  ARI=0.9044  0.0s

=== P1L_S3_C2 train[0] k=3  dim=576  frames=185  σ=0.5  fold=3 ===
  Gram-NCut: k_hat=3  ACC=0.9297  NMI=0.8147  ARI=0.7964  0.0s

=== P1L_S3_C2 train[1] k=3  dim=576  frames=125  σ=0.5  fold=3 ===
  Gram-NCut: k_hat=3  ACC=0.7520  NMI=0.6568  ARI=0.5655  0.0s

=== P1L_S3_C2 train[2] k=3  dim=576  frames=166  σ=0.5  fold=3 ===
  Gram-NCut: k_hat=3  ACC=1.0000  NMI=1.0000  ARI=1.0000  0.0s

=== P1L_S3_C2 train[3] k=3  dim=576  frames=168  σ=0.5  fold=3 ===
  Gram-NCut: k_hat=3  ACC=0.6488  NMI=0.6705  ARI=0.5211  0.0s

=== P1L_S3_C2 train[4] k=3  dim=576  frames=187  σ=0.5  fold=3 ===
  Gram-NCut: k_hat=3  ACC=0.5722  NMI=0.6619  ARI=0.4650  0.0s

=== P1L_S3_C2 train[5] k=3  dim=576  frames=229  σ=0.5  fold=3 ===
  Gram-NCut: k_hat=3  ACC=0.4978  NMI=0.5341  ARI=0.3541  0.1s

=== P1L_S3_C2 train[6] k=3  dim=576  frames=136  σ=0.5  fold=3 ===
  Gram-NCut: k_hat=3  ACC=0.9559  NMI=0.8746  ARI=0.8649  0.0s

=== P1L_S3_C3 train[0] k=3  dim=576  frames=151  σ=0.5  fold=3 ===
  Gram-NCut: k_hat=3  ACC=1.0000  NMI=1.0000  ARI=1.0000  0.0s

=== P1L_S3_C3 train[1] k=3  dim=576  frames=118  σ=0.5  fold=3 ===
  Gram-NCut: k_hat=3  ACC=0.8983  NMI=0.7946  ARI=0.7354  0.0s

=== P1L_S3_C3 train[2] k=3  dim=576  frames=121  σ=0.5  fold=3 ===
  Gram-NCut: k_hat=3  ACC=1.0000  NMI=1.0000  ARI=1.0000  0.0s

=== P1L_S3_C3 train[3] k=3  dim=576  frames=134  σ=0.5  fold=3 ===
  Gram-NCut: k_hat=3  ACC=0.8433  NMI=0.7262  ARI=0.5959  0.0s

=== P1L_S3_C3 train[4] k=3  dim=576  frames=110  σ=0.5  fold=3 ===
  Gram-NCut: k_hat=3  ACC=0.8545  NMI=0.7538  ARI=0.6585  0.0s

=== P1L_S3_C3 train[5] k=3  dim=576  frames=161  σ=0.5  fold=3 ===
  Gram-NCut: k_hat=3  ACC=0.8323  NMI=0.7023  ARI=0.6433  0.0s

=== P1L_S3_C3 train[6] k=3  dim=576  frames=114  σ=0.5  fold=3 ===
  Gram-NCut: k_hat=3  ACC=0.9825  NMI=0.9372  ARI=0.9534  0.0s

=== P1L_S4_C1 train[0] k=3  dim=576  frames=200  σ=0.5  fold=3 ===
  Gram-NCut: k_hat=3  ACC=0.7350  NMI=0.6902  ARI=0.5295  0.0s

=== P1L_S4_C1 train[1] k=3  dim=576  frames=157  σ=0.5  fold=3 ===
  Gram-NCut: k_hat=3  ACC=0.9873  NMI=0.9482  ARI=0.9607  0.0s

=== P1L_S4_C1 train[2] k=3  dim=576  frames=154  σ=0.5  fold=3 ===
  Gram-NCut: k_hat=3  ACC=1.0000  NMI=1.0000  ARI=1.0000  0.0s

=== P1L_S4_C1 train[3] k=3  dim=576  frames=142  σ=0.5  fold=3 ===
  Gram-NCut: k_hat=3  ACC=1.0000  NMI=1.0000  ARI=1.0000  0.0s

=== P1L_S4_C1 train[4] k=3  dim=576  frames=164  σ=0.5  fold=3 ===
  Gram-NCut: k_hat=3  ACC=0.9573  NMI=0.8816  ARI=0.8804  0.0s

=== P1L_S4_C1 train[5] k=3  dim=576  frames=187  σ=0.5  fold=3 ===
  Gram-NCut: k_hat=3  ACC=0.7540  NMI=0.5479  ARI=0.4682  0.0s

=== P1L_S4_C1 train[6] k=3  dim=576  frames=202  σ=0.5  fold=3 ===
  Gram-NCut: k_hat=3  ACC=1.0000  NMI=1.0000  ARI=1.0000  0.0s

=== P1L_S4_C2 train[0] k=3  dim=576  frames=157  σ=0.5  fold=3 ===
  Gram-NCut: k_hat=3  ACC=0.7771  NMI=0.6675  ARI=0.4827  0.0s

=== P1L_S4_C2 train[1] k=3  dim=576  frames=149  σ=0.5  fold=3 ===
  Gram-NCut: k_hat=3  ACC=0.9329  NMI=0.8326  ARI=0.7976  0.0s

=== P1L_S4_C2 train[2] k=3  dim=576  frames=175  σ=0.5  fold=3 ===
  Gram-NCut: k_hat=3  ACC=1.0000  NMI=1.0000  ARI=1.0000  0.0s

=== P1L_S4_C2 train[3] k=3  dim=576  frames=154  σ=0.5  fold=3 ===
  Gram-NCut: k_hat=3  ACC=0.8312  NMI=0.6938  ARI=0.5628  0.0s

=== P1L_S4_C2 train[4] k=3  dim=576  frames=152  σ=0.5  fold=3 ===
  Gram-NCut: k_hat=3  ACC=0.5329  NMI=0.6488  ARI=0.4425  0.0s

=== P1L_S4_C2 train[5] k=3  dim=576  frames=169  σ=0.5  fold=3 ===
  Gram-NCut: k_hat=3  ACC=0.5917  NMI=0.6658  ARI=0.4783  0.0s

=== P1L_S4_C2 train[6] k=3  dim=576  frames=153  σ=0.5  fold=3 ===
  Gram-NCut: k_hat=3  ACC=0.9869  NMI=0.9501  ARI=0.9666  0.0s

=== P1L_S4_C3 train[0] k=3  dim=576  frames=96  σ=0.5  fold=3 ===
  Gram-NCut: k_hat=3  ACC=0.5417  NMI=0.6288  ARI=0.4177  0.0s

=== P1L_S4_C3 train[1] k=3  dim=576  frames=107  σ=0.5  fold=3 ===
  Gram-NCut: k_hat=3  ACC=1.0000  NMI=1.0000  ARI=1.0000  0.0s

=== P1L_S4_C3 train[2] k=3  dim=576  frames=94  σ=0.5  fold=3 ===
  Gram-NCut: k_hat=3  ACC=1.0000  NMI=1.0000  ARI=1.0000  0.0s

=== P1L_S4_C3 train[3] k=3  dim=576  frames=112  σ=0.5  fold=3 ===
  Gram-NCut: k_hat=3  ACC=0.7411  NMI=0.6498  ARI=0.4345  0.0s

=== P1L_S4_C3 train[4] k=3  dim=576  frames=103  σ=0.5  fold=3 ===
  Gram-NCut: k_hat=3  ACC=0.5922  NMI=0.6512  ARI=0.4530  0.0s

=== P1L_S4_C3 train[5] k=3  dim=576  frames=105  σ=0.5  fold=3 ===
  Gram-NCut: k_hat=3  ACC=0.5333  NMI=0.6115  ARI=0.4223  0.0s

=== P1L_S4_C3 train[6] k=3  dim=576  frames=107  σ=0.5  fold=3 ===
  Gram-NCut: k_hat=3  ACC=0.9720  NMI=0.9111  ARI=0.9208  0.0s

=== P1E_S1_C1 test[0] k=3  dim=576  frames=140  σ=0.5  fold=3 ===
  Gram-NCut: k_hat=3  ACC=0.9000  NMI=0.7798  ARI=0.7028  0.0s

=== P1E_S1_C2 test[0] k=3  dim=576  frames=138  σ=0.5  fold=3 ===
  Gram-NCut: k_hat=3  ACC=0.9203  NMI=0.7770  ARI=0.7814  0.0s

=== P1E_S1_C3 test[0] k=3  dim=576  frames=61  σ=0.5  fold=3 ===
  Gram-NCut: k_hat=3  ACC=0.8689  NMI=0.7042  ARI=0.7077  0.0s

=== P1E_S2_C1 test[0] k=3  dim=576  frames=180  σ=0.5  fold=3 ===
  Gram-NCut: k_hat=3  ACC=0.7111  NMI=0.6328  ARI=0.4904  0.0s

=== P1E_S2_C2 test[0] k=3  dim=576  frames=144  σ=0.5  fold=3 ===
  Gram-NCut: k_hat=3  ACC=0.9236  NMI=0.8071  ARI=0.7936  0.0s

=== P1E_S2_C3 test[0] k=3  dim=576  frames=112  σ=0.5  fold=3 ===
  Gram-NCut: k_hat=3  ACC=0.7054  NMI=0.5806  ARI=0.4578  0.0s

=== P1E_S3_C1 test[0] k=3  dim=576  frames=161  σ=0.5  fold=3 ===
  Gram-NCut: k_hat=3  ACC=0.7888  NMI=0.7131  ARI=0.5833  0.0s

=== P1E_S3_C2 test[0] k=3  dim=576  frames=168  σ=0.5  fold=3 ===
  Gram-NCut: k_hat=3  ACC=0.6905  NMI=0.6422  ARI=0.4322  0.0s

=== P1E_S3_C3 test[0] k=3  dim=576  frames=125  σ=0.5  fold=3 ===
  Gram-NCut: k_hat=3  ACC=0.7040  NMI=0.6605  ARI=0.4664  0.0s

=== P1E_S4_C1 test[0] k=3  dim=576  frames=182  σ=0.5  fold=3 ===
  Gram-NCut: k_hat=3  ACC=0.8626  NMI=0.7396  ARI=0.6658  0.0s

=== P1E_S4_C2 test[0] k=3  dim=576  frames=126  σ=0.5  fold=3 ===
  Gram-NCut: k_hat=3  ACC=0.5794  NMI=0.6257  ARI=0.4169  0.0s

=== P1E_S4_C3 test[0] k=3  dim=576  frames=105  σ=0.5  fold=3 ===
  Gram-NCut: k_hat=3  ACC=0.6667  NMI=0.6363  ARI=0.5331  0.0s

=== P1L_S1_C1 test[0] k=3  dim=576  frames=182  σ=0.5  fold=3 ===
  Gram-NCut: k_hat=3  ACC=0.9780  NMI=0.9147  ARI=0.9368  0.0s

=== P1L_S1_C2 test[0] k=3  dim=576  frames=181  σ=0.5  fold=3 ===
  Gram-NCut: k_hat=3  ACC=0.5359  NMI=0.6356  ARI=0.4280  0.0s

=== P1L_S1_C3 test[0] k=3  dim=576  frames=74  σ=0.5  fold=3 ===
  Gram-NCut: k_hat=3  ACC=0.5811  NMI=0.6230  ARI=0.4548  0.0s

=== P1L_S2_C1 test[0] k=3  dim=576  frames=177  σ=0.5  fold=3 ===
  Gram-NCut: k_hat=3  ACC=0.8136  NMI=0.6377  ARI=0.5512  0.0s

=== P1L_S2_C2 test[0] k=3  dim=576  frames=186  σ=0.5  fold=3 ===
  Gram-NCut: k_hat=3  ACC=0.9570  NMI=0.8560  ARI=0.8853  0.0s

=== P1L_S2_C3 test[0] k=3  dim=576  frames=112  σ=0.5  fold=3 ===
  Gram-NCut: k_hat=3  ACC=0.5893  NMI=0.6656  ARI=0.4708  0.0s

=== P1L_S3_C1 test[0] k=3  dim=576  frames=156  σ=0.5  fold=3 ===
  Gram-NCut: k_hat=3  ACC=0.6474  NMI=0.6812  ARI=0.5139  0.0s

=== P1L_S3_C2 test[0] k=3  dim=576  frames=209  σ=0.5  fold=3 ===
  Gram-NCut: k_hat=3  ACC=0.7321  NMI=0.5271  ARI=0.4184  0.0s

=== P1L_S3_C3 test[0] k=3  dim=576  frames=142  σ=0.5  fold=3 ===
  Gram-NCut: k_hat=3  ACC=0.7958  NMI=0.6968  ARI=0.5429  0.0s

=== P1L_S4_C1 test[0] k=3  dim=576  frames=168  σ=0.5  fold=3 ===
  Gram-NCut: k_hat=3  ACC=0.7917  NMI=0.5827  ARI=0.4880  0.0s

=== P1L_S4_C2 test[0] k=3  dim=576  frames=168  σ=0.5  fold=3 ===
  Gram-NCut: k_hat=3  ACC=0.8571  NMI=0.7125  ARI=0.6257  0.0s

=== P1L_S4_C3 test[0] k=3  dim=576  frames=117  σ=0.5  fold=3 ===
  Gram-NCut: k_hat=3  ACC=0.6410  NMI=0.6653  ARI=0.4934  0.0s
  tune_pool_groups=20: sampling from 22 held-in people (overlap allowed) instead of the 7 fixed partition group(s)

============================================================
σ=0.5 fold=4  test=['0001', '0011', '0023']  train mats=168  test mats=24  tune mats=480
  Gram-NCut: skip tuning, fixed 
  wrote /nfs/turbo/umms-minjilab/lpullela/icassp_ssc_tv2/block_ssc_benchmark/cv/params/surveillance/split_k3_sigmas_min30_trials20_params_knownk_cv_gram_ncut_k3_sigma0p5_sigma0.5_fold4.json

=== P1E_S1_C1 train[0] k=3  dim=576  frames=146  σ=0.5  fold=4 ===
  Gram-NCut: k_hat=3  ACC=0.9863  NMI=0.9433  ARI=0.9531  0.0s

=== P1E_S1_C1 train[1] k=3  dim=576  frames=153  σ=0.5  fold=4 ===
  Gram-NCut: k_hat=3  ACC=0.9739  NMI=0.9153  ARI=0.9230  0.0s

=== P1E_S1_C1 train[2] k=3  dim=576  frames=130  σ=0.5  fold=4 ===
  Gram-NCut: k_hat=3  ACC=1.0000  NMI=1.0000  ARI=1.0000  0.0s

=== P1E_S1_C1 train[3] k=3  dim=576  frames=140  σ=0.5  fold=4 ===
  Gram-NCut: k_hat=3  ACC=0.9000  NMI=0.7798  ARI=0.7028  0.0s

=== P1E_S1_C1 train[4] k=3  dim=576  frames=151  σ=0.5  fold=4 ===
  Gram-NCut: k_hat=3  ACC=0.5960  NMI=0.6690  ARI=0.4788  0.0s

=== P1E_S1_C1 train[5] k=3  dim=576  frames=140  σ=0.5  fold=4 ===
  Gram-NCut: k_hat=3  ACC=0.8571  NMI=0.6815  ARI=0.6337  0.0s

=== P1E_S1_C1 train[6] k=3  dim=576  frames=171  σ=0.5  fold=4 ===
  Gram-NCut: k_hat=3  ACC=0.9942  NMI=0.9732  ARI=0.9831  0.0s

=== P1E_S1_C2 train[0] k=3  dim=576  frames=147  σ=0.5  fold=4 ===
  Gram-NCut: k_hat=3  ACC=0.9456  NMI=0.8210  ARI=0.8387  0.0s

=== P1E_S1_C2 train[1] k=3  dim=576  frames=115  σ=0.5  fold=4 ===
  Gram-NCut: k_hat=3  ACC=0.9652  NMI=0.8758  ARI=0.8915  0.0s

=== P1E_S1_C2 train[2] k=3  dim=576  frames=104  σ=0.5  fold=4 ===
  Gram-NCut: k_hat=3  ACC=1.0000  NMI=1.0000  ARI=1.0000  0.0s

=== P1E_S1_C2 train[3] k=3  dim=576  frames=138  σ=0.5  fold=4 ===
  Gram-NCut: k_hat=3  ACC=0.9203  NMI=0.7770  ARI=0.7814  0.0s

=== P1E_S1_C2 train[4] k=3  dim=576  frames=122  σ=0.5  fold=4 ===
  Gram-NCut: k_hat=3  ACC=0.5574  NMI=0.6295  ARI=0.4511  0.0s

=== P1E_S1_C2 train[5] k=3  dim=576  frames=122  σ=0.5  fold=4 ===
  Gram-NCut: k_hat=3  ACC=0.9590  NMI=0.8854  ARI=0.8916  0.0s

=== P1E_S1_C2 train[6] k=3  dim=576  frames=134  σ=0.5  fold=4 ===
  Gram-NCut: k_hat=3  ACC=0.9851  NMI=0.9443  ARI=0.9564  0.0s

=== P1E_S1_C3 train[0] k=3  dim=576  frames=58  σ=0.5  fold=4 ===
  Gram-NCut: k_hat=3  ACC=0.6897  NMI=0.5509  ARI=0.3975  0.0s

=== P1E_S1_C3 train[1] k=3  dim=576  frames=56  σ=0.5  fold=4 ===
  Gram-NCut: k_hat=3  ACC=0.9821  NMI=0.9373  ARI=0.9623  0.0s

=== P1E_S1_C3 train[2] k=3  dim=576  frames=47  σ=0.5  fold=4 ===
  Gram-NCut: k_hat=3  ACC=0.9787  NMI=0.9290  ARI=0.9459  0.0s

=== P1E_S1_C3 train[3] k=3  dim=576  frames=61  σ=0.5  fold=4 ===
  Gram-NCut: k_hat=3  ACC=0.8689  NMI=0.7042  ARI=0.7077  0.0s

=== P1E_S1_C3 train[4] k=3  dim=576  frames=55  σ=0.5  fold=4 ===
  Gram-NCut: k_hat=3  ACC=0.9273  NMI=0.8278  ARI=0.7857  0.0s

=== P1E_S1_C3 train[5] k=3  dim=576  frames=51  σ=0.5  fold=4 ===
  Gram-NCut: k_hat=3  ACC=0.5686  NMI=0.5428  ARI=0.3754  0.0s

=== P1E_S1_C3 train[6] k=3  dim=576  frames=69  σ=0.5  fold=4 ===
  Gram-NCut: k_hat=3  ACC=0.5507  NMI=0.4634  ARI=0.2941  0.0s

=== P1E_S2_C1 train[0] k=3  dim=576  frames=167  σ=0.5  fold=4 ===
  Gram-NCut: k_hat=3  ACC=0.9760  NMI=0.9201  ARI=0.9285  0.0s

=== P1E_S2_C1 train[1] k=3  dim=576  frames=151  σ=0.5  fold=4 ===
  Gram-NCut: k_hat=3  ACC=0.7351  NMI=0.5982  ARI=0.4947  0.0s

=== P1E_S2_C1 train[2] k=3  dim=576  frames=136  σ=0.5  fold=4 ===
  Gram-NCut: k_hat=3  ACC=0.9559  NMI=0.8767  ARI=0.8705  0.0s

=== P1E_S2_C1 train[3] k=3  dim=576  frames=180  σ=0.5  fold=4 ===
  Gram-NCut: k_hat=3  ACC=0.7111  NMI=0.6328  ARI=0.4904  0.0s

=== P1E_S2_C1 train[4] k=3  dim=576  frames=124  σ=0.5  fold=4 ===
  Gram-NCut: k_hat=3  ACC=0.5403  NMI=0.6637  ARI=0.4600  0.0s

=== P1E_S2_C1 train[5] k=3  dim=576  frames=161  σ=0.5  fold=4 ===
  Gram-NCut: k_hat=3  ACC=0.7764  NMI=0.6353  ARI=0.5285  0.0s

=== P1E_S2_C1 train[6] k=3  dim=576  frames=153  σ=0.5  fold=4 ===
  Gram-NCut: k_hat=3  ACC=0.9477  NMI=0.8339  ARI=0.8549  0.0s

=== P1E_S2_C2 train[0] k=3  dim=576  frames=146  σ=0.5  fold=4 ===
  Gram-NCut: k_hat=3  ACC=0.9384  NMI=0.8294  ARI=0.8374  0.0s

=== P1E_S2_C2 train[1] k=3  dim=576  frames=115  σ=0.5  fold=4 ===
  Gram-NCut: k_hat=3  ACC=0.9826  NMI=0.9253  ARI=0.9458  0.0s

=== P1E_S2_C2 train[2] k=3  dim=576  frames=109  σ=0.5  fold=4 ===
  Gram-NCut: k_hat=3  ACC=1.0000  NMI=1.0000  ARI=1.0000  0.0s

=== P1E_S2_C2 train[3] k=3  dim=576  frames=144  σ=0.5  fold=4 ===
  Gram-NCut: k_hat=3  ACC=0.9236  NMI=0.8071  ARI=0.7936  0.0s

=== P1E_S2_C2 train[4] k=3  dim=576  frames=109  σ=0.5  fold=4 ===
  Gram-NCut: k_hat=3  ACC=0.7156  NMI=0.7051  ARI=0.5710  0.0s

=== P1E_S2_C2 train[5] k=3  dim=576  frames=128  σ=0.5  fold=4 ===
  Gram-NCut: k_hat=3  ACC=0.6406  NMI=0.6072  ARI=0.4585  0.0s

=== P1E_S2_C2 train[6] k=3  dim=576  frames=126  σ=0.5  fold=4 ===
  Gram-NCut: k_hat=3  ACC=0.9762  NMI=0.9207  ARI=0.9308  0.0s

=== P1E_S2_C3 train[0] k=3  dim=576  frames=113  σ=0.5  fold=4 ===
  Gram-NCut: k_hat=3  ACC=0.9735  NMI=0.9152  ARI=0.9282  0.0s

=== P1E_S2_C3 train[1] k=3  dim=576  frames=88  σ=0.5  fold=4 ===
  Gram-NCut: k_hat=3  ACC=1.0000  NMI=1.0000  ARI=1.0000  0.0s

=== P1E_S2_C3 train[2] k=3  dim=576  frames=90  σ=0.5  fold=4 ===
  Gram-NCut: k_hat=3  ACC=0.9667  NMI=0.8979  ARI=0.8982  0.0s

=== P1E_S2_C3 train[3] k=3  dim=576  frames=112  σ=0.5  fold=4 ===
  Gram-NCut: k_hat=3  ACC=0.7054  NMI=0.5806  ARI=0.4578  0.0s

=== P1E_S2_C3 train[4] k=3  dim=576  frames=87  σ=0.5  fold=4 ===
  Gram-NCut: k_hat=3  ACC=0.5977  NMI=0.6670  ARI=0.4754  0.0s

=== P1E_S2_C3 train[5] k=3  dim=576  frames=105  σ=0.5  fold=4 ===
  Gram-NCut: k_hat=3  ACC=0.8571  NMI=0.7129  ARI=0.6594  0.0s

=== P1E_S2_C3 train[6] k=3  dim=576  frames=89  σ=0.5  fold=4 ===
  Gram-NCut: k_hat=3  ACC=0.9775  NMI=0.9248  ARI=0.9383  0.0s

=== P1E_S3_C1 train[0] k=3  dim=576  frames=166  σ=0.5  fold=4 ===
  Gram-NCut: k_hat=3  ACC=0.7349  NMI=0.6597  ARI=0.4641  0.0s

=== P1E_S3_C1 train[1] k=3  dim=576  frames=139  σ=0.5  fold=4 ===
  Gram-NCut: k_hat=3  ACC=0.7410  NMI=0.6999  ARI=0.5517  0.0s

=== P1E_S3_C1 train[2] k=3  dim=576  frames=134  σ=0.5  fold=4 ===
  Gram-NCut: k_hat=3  ACC=0.8060  NMI=0.6505  ARI=0.5388  0.0s

=== P1E_S3_C1 train[3] k=3  dim=576  frames=161  σ=0.5  fold=4 ===
  Gram-NCut: k_hat=3  ACC=0.7888  NMI=0.7131  ARI=0.5833  0.0s

=== P1E_S3_C1 train[4] k=3  dim=576  frames=123  σ=0.5  fold=4 ===
  Gram-NCut: k_hat=3  ACC=0.5122  NMI=0.4251  ARI=0.2437  0.0s

=== P1E_S3_C1 train[5] k=3  dim=576  frames=204  σ=0.5  fold=4 ===
  Gram-NCut: k_hat=3  ACC=0.5735  NMI=0.3635  ARI=0.1686  0.0s

=== P1E_S3_C1 train[6] k=3  dim=576  frames=112  σ=0.5  fold=4 ===
  Gram-NCut: k_hat=3  ACC=0.5625  NMI=0.6127  ARI=0.4282  0.0s

=== P1E_S3_C2 train[0] k=3  dim=576  frames=147  σ=0.5  fold=4 ===
  Gram-NCut: k_hat=3  ACC=0.8912  NMI=0.7677  ARI=0.6800  0.0s

=== P1E_S3_C2 train[1] k=3  dim=576  frames=120  σ=0.5  fold=4 ===
  Gram-NCut: k_hat=3  ACC=0.6917  NMI=0.6689  ARI=0.4777  0.0s

=== P1E_S3_C2 train[2] k=3  dim=576  frames=112  σ=0.5  fold=4 ===
  Gram-NCut: k_hat=3  ACC=0.9375  NMI=0.8076  ARI=0.8112  0.0s

=== P1E_S3_C2 train[3] k=3  dim=576  frames=168  σ=0.5  fold=4 ===
  Gram-NCut: k_hat=3  ACC=0.6905  NMI=0.6422  ARI=0.4322  0.0s

=== P1E_S3_C2 train[4] k=3  dim=576  frames=107  σ=0.5  fold=4 ===
  Gram-NCut: k_hat=3  ACC=0.5981  NMI=0.6680  ARI=0.4761  0.0s

=== P1E_S3_C2 train[5] k=3  dim=576  frames=146  σ=0.5  fold=4 ===
  Gram-NCut: k_hat=3  ACC=0.7740  NMI=0.6618  ARI=0.4556  0.0s

=== P1E_S3_C2 train[6] k=3  dim=576  frames=114  σ=0.5  fold=4 ===
  Gram-NCut: k_hat=3  ACC=0.9825  NMI=0.9333  ARI=0.9468  0.0s

=== P1E_S3_C3 train[0] k=3  dim=576  frames=105  σ=0.5  fold=4 ===
  Gram-NCut: k_hat=3  ACC=1.0000  NMI=1.0000  ARI=1.0000  0.0s

=== P1E_S3_C3 train[1] k=3  dim=576  frames=89  σ=0.5  fold=4 ===
  Gram-NCut: k_hat=3  ACC=1.0000  NMI=1.0000  ARI=1.0000  0.0s

=== P1E_S3_C3 train[2] k=3  dim=576  frames=84  σ=0.5  fold=4 ===
  Gram-NCut: k_hat=3  ACC=0.9881  NMI=0.9525  ARI=0.9657  0.0s

=== P1E_S3_C3 train[3] k=3  dim=576  frames=125  σ=0.5  fold=4 ===
  Gram-NCut: k_hat=3  ACC=0.7040  NMI=0.6605  ARI=0.4664  0.0s

=== P1E_S3_C3 train[4] k=3  dim=576  frames=83  σ=0.5  fold=4 ===
  Gram-NCut: k_hat=3  ACC=0.9880  NMI=0.9530  ARI=0.9662  0.0s

=== P1E_S3_C3 train[5] k=3  dim=576  frames=129  σ=0.5  fold=4 ===
  Gram-NCut: k_hat=3  ACC=0.5504  NMI=0.6559  ARI=0.4522  0.0s

=== P1E_S3_C3 train[6] k=3  dim=576  frames=84  σ=0.5  fold=4 ===
  Gram-NCut: k_hat=3  ACC=0.9881  NMI=0.9523  ARI=0.9667  0.0s

=== P1E_S4_C1 train[0] k=3  dim=576  frames=158  σ=0.5  fold=4 ===
  Gram-NCut: k_hat=3  ACC=0.8481  NMI=0.7167  ARI=0.5780  0.0s

=== P1E_S4_C1 train[1] k=3  dim=576  frames=107  σ=0.5  fold=4 ===
  Gram-NCut: k_hat=3  ACC=1.0000  NMI=1.0000  ARI=1.0000  0.0s

=== P1E_S4_C1 train[2] k=3  dim=576  frames=155  σ=0.5  fold=4 ===
  Gram-NCut: k_hat=3  ACC=0.9806  NMI=0.9205  ARI=0.9410  0.0s

=== P1E_S4_C1 train[3] k=3  dim=576  frames=182  σ=0.5  fold=4 ===
  Gram-NCut: k_hat=3  ACC=0.8626  NMI=0.7396  ARI=0.6658  0.0s

=== P1E_S4_C1 train[4] k=3  dim=576  frames=133  σ=0.5  fold=4 ===
  Gram-NCut: k_hat=3  ACC=0.6466  NMI=0.6651  ARI=0.4918  0.0s

=== P1E_S4_C1 train[5] k=3  dim=576  frames=147  σ=0.5  fold=4 ===
  Gram-NCut: k_hat=3  ACC=0.5782  NMI=0.5303  ARI=0.3675  0.0s

=== P1E_S4_C1 train[6] k=3  dim=576  frames=145  σ=0.5  fold=4 ===
  Gram-NCut: k_hat=3  ACC=0.5586  NMI=0.4559  ARI=0.2836  0.0s

=== P1E_S4_C2 train[0] k=3  dim=576  frames=117  σ=0.5  fold=4 ===
  Gram-NCut: k_hat=3  ACC=0.9744  NMI=0.9022  ARI=0.9249  0.0s

=== P1E_S4_C2 train[1] k=3  dim=576  frames=125  σ=0.5  fold=4 ===
  Gram-NCut: k_hat=3  ACC=0.9840  NMI=0.9301  ARI=0.9501  0.0s

=== P1E_S4_C2 train[2] k=3  dim=576  frames=122  σ=0.5  fold=4 ===
  Gram-NCut: k_hat=3  ACC=1.0000  NMI=1.0000  ARI=1.0000  0.0s

=== P1E_S4_C2 train[3] k=3  dim=576  frames=126  σ=0.5  fold=4 ===
  Gram-NCut: k_hat=3  ACC=0.5794  NMI=0.6257  ARI=0.4169  0.0s

=== P1E_S4_C2 train[4] k=3  dim=576  frames=129  σ=0.5  fold=4 ===
  Gram-NCut: k_hat=3  ACC=0.5814  NMI=0.6628  ARI=0.4661  0.0s

=== P1E_S4_C2 train[5] k=3  dim=576  frames=146  σ=0.5  fold=4 ===
  Gram-NCut: k_hat=3  ACC=0.6644  NMI=0.5853  ARI=0.4605  0.0s

=== P1E_S4_C2 train[6] k=3  dim=576  frames=110  σ=0.5  fold=4 ===
  Gram-NCut: k_hat=3  ACC=0.9909  NMI=0.9623  ARI=0.9753  0.0s

=== P1E_S4_C3 train[0] k=3  dim=576  frames=90  σ=0.5  fold=4 ===
  Gram-NCut: k_hat=3  ACC=0.7778  NMI=0.5888  ARI=0.4859  0.0s

=== P1E_S4_C3 train[1] k=3  dim=576  frames=64  σ=0.5  fold=4 ===
  Gram-NCut: k_hat=3  ACC=0.9062  NMI=0.7546  ARI=0.7559  0.0s

=== P1E_S4_C3 train[2] k=3  dim=576  frames=85  σ=0.5  fold=4 ===
  Gram-NCut: k_hat=3  ACC=0.9412  NMI=0.8539  ARI=0.8378  0.0s

=== P1E_S4_C3 train[3] k=3  dim=576  frames=105  σ=0.5  fold=4 ===
  Gram-NCut: k_hat=3  ACC=0.6667  NMI=0.6363  ARI=0.5331  0.0s

=== P1E_S4_C3 train[4] k=3  dim=576  frames=76  σ=0.5  fold=4 ===
  Gram-NCut: k_hat=3  ACC=0.9605  NMI=0.8885  ARI=0.8936  0.0s

=== P1E_S4_C3 train[5] k=3  dim=576  frames=106  σ=0.5  fold=4 ===
  Gram-NCut: k_hat=3  ACC=0.6887  NMI=0.7100  ARI=0.5700  0.0s

=== P1E_S4_C3 train[6] k=3  dim=576  frames=79  σ=0.5  fold=4 ===
  Gram-NCut: k_hat=3  ACC=0.6203  NMI=0.5684  ARI=0.4158  0.0s

=== P1L_S1_C1 train[0] k=3  dim=576  frames=162  σ=0.5  fold=4 ===
  Gram-NCut: k_hat=3  ACC=0.9815  NMI=0.9346  ARI=0.9472  0.0s

=== P1L_S1_C1 train[1] k=3  dim=576  frames=170  σ=0.5  fold=4 ===
  Gram-NCut: k_hat=3  ACC=0.7882  NMI=0.6873  ARI=0.5109  0.0s

=== P1L_S1_C1 train[2] k=3  dim=576  frames=155  σ=0.5  fold=4 ===
  Gram-NCut: k_hat=3  ACC=1.0000  NMI=1.0000  ARI=1.0000  0.0s

=== P1L_S1_C1 train[3] k=3  dim=576  frames=182  σ=0.5  fold=4 ===
  Gram-NCut: k_hat=3  ACC=0.9780  NMI=0.9147  ARI=0.9368  0.0s

=== P1L_S1_C1 train[4] k=3  dim=576  frames=166  σ=0.5  fold=4 ===
  Gram-NCut: k_hat=3  ACC=1.0000  NMI=1.0000  ARI=1.0000  0.0s

=== P1L_S1_C1 train[5] k=3  dim=576  frames=116  σ=0.5  fold=4 ===
  Gram-NCut: k_hat=3  ACC=0.5345  NMI=0.3125  ARI=0.0961  0.0s

=== P1L_S1_C1 train[6] k=3  dim=576  frames=175  σ=0.5  fold=4 ===
  Gram-NCut: k_hat=3  ACC=0.9943  NMI=0.9736  ARI=0.9843  0.0s

=== P1L_S1_C2 train[0] k=3  dim=576  frames=186  σ=0.5  fold=4 ===
  Gram-NCut: k_hat=3  ACC=0.7688  NMI=0.6813  ARI=0.5085  0.0s

=== P1L_S1_C2 train[1] k=3  dim=576  frames=137  σ=0.5  fold=4 ===
  Gram-NCut: k_hat=3  ACC=0.8029  NMI=0.7019  ARI=0.5528  0.0s

=== P1L_S1_C2 train[2] k=3  dim=576  frames=147  σ=0.5  fold=4 ===
  Gram-NCut: k_hat=3  ACC=0.9932  NMI=0.9697  ARI=0.9804  0.0s

=== P1L_S1_C2 train[3] k=3  dim=576  frames=181  σ=0.5  fold=4 ===
  Gram-NCut: k_hat=3  ACC=0.5359  NMI=0.6356  ARI=0.4280  0.0s

=== P1L_S1_C2 train[4] k=3  dim=576  frames=154  σ=0.5  fold=4 ===
  Gram-NCut: k_hat=3  ACC=0.5065  NMI=0.6566  ARI=0.4500  0.0s

=== P1L_S1_C2 train[5] k=3  dim=576  frames=142  σ=0.5  fold=4 ===
  Gram-NCut: k_hat=3  ACC=0.7887  NMI=0.6116  ARI=0.5099  0.0s

=== P1L_S1_C2 train[6] k=3  dim=576  frames=168  σ=0.5  fold=4 ===
  Gram-NCut: k_hat=3  ACC=0.9881  NMI=0.9537  ARI=0.9677  0.0s

=== P1L_S1_C3 train[0] k=3  dim=576  frames=60  σ=0.5  fold=4 ===
  Gram-NCut: k_hat=3  ACC=0.5167  NMI=0.5800  ARI=0.3887  0.0s

=== P1L_S1_C3 train[1] k=3  dim=576  frames=68  σ=0.5  fold=4 ===
  Gram-NCut: k_hat=3  ACC=1.0000  NMI=1.0000  ARI=1.0000  0.0s

=== P1L_S1_C3 train[2] k=3  dim=576  frames=65  σ=0.5  fold=4 ===
  Gram-NCut: k_hat=3  ACC=0.8615  NMI=0.7478  ARI=0.6419  0.0s

=== P1L_S1_C3 train[3] k=3  dim=576  frames=74  σ=0.5  fold=4 ===
  Gram-NCut: k_hat=3  ACC=0.5811  NMI=0.6230  ARI=0.4548  0.0s

=== P1L_S1_C3 train[4] k=3  dim=576  frames=64  σ=0.5  fold=4 ===
  Gram-NCut: k_hat=3  ACC=0.6250  NMI=0.5313  ARI=0.4237  0.0s

=== P1L_S1_C3 train[5] k=3  dim=576  frames=63  σ=0.5  fold=4 ===
  Gram-NCut: k_hat=3  ACC=0.6984  NMI=0.6872  ARI=0.5377  0.0s

=== P1L_S1_C3 train[6] k=3  dim=576  frames=75  σ=0.5  fold=4 ===
  Gram-NCut: k_hat=3  ACC=0.9867  NMI=0.9474  ARI=0.9569  0.0s

=== P1L_S2_C1 train[0] k=3  dim=576  frames=211  σ=0.5  fold=4 ===
  Gram-NCut: k_hat=3  ACC=0.8199  NMI=0.7231  ARI=0.6077  0.0s

=== P1L_S2_C1 train[1] k=3  dim=576  frames=190  σ=0.5  fold=4 ===
  Gram-NCut: k_hat=3  ACC=0.7211  NMI=0.6714  ARI=0.4890  0.0s

=== P1L_S2_C1 train[2] k=3  dim=576  frames=180  σ=0.5  fold=4 ===
  Gram-NCut: k_hat=3  ACC=1.0000  NMI=1.0000  ARI=1.0000  0.0s

=== P1L_S2_C1 train[3] k=3  dim=576  frames=177  σ=0.5  fold=4 ===
  Gram-NCut: k_hat=3  ACC=0.8136  NMI=0.6377  ARI=0.5512  0.0s

=== P1L_S2_C1 train[4] k=3  dim=576  frames=179  σ=0.5  fold=4 ===
  Gram-NCut: k_hat=3  ACC=1.0000  NMI=1.0000  ARI=1.0000  0.0s

=== P1L_S2_C1 train[5] k=3  dim=576  frames=180  σ=0.5  fold=4 ===
  Gram-NCut: k_hat=3  ACC=0.4944  NMI=0.2521  ARI=0.0513  0.0s

=== P1L_S2_C1 train[6] k=3  dim=576  frames=133  σ=0.5  fold=4 ===
  Gram-NCut: k_hat=3  ACC=1.0000  NMI=1.0000  ARI=1.0000  0.0s

=== P1L_S2_C2 train[0] k=3  dim=576  frames=194  σ=0.5  fold=4 ===
  Gram-NCut: k_hat=3  ACC=0.7990  NMI=0.6607  ARI=0.5018  0.0s

=== P1L_S2_C2 train[1] k=3  dim=576  frames=155  σ=0.5  fold=4 ===
  Gram-NCut: k_hat=3  ACC=0.9806  NMI=0.9316  ARI=0.9416  0.0s

=== P1L_S2_C2 train[2] k=3  dim=576  frames=134  σ=0.5  fold=4 ===
  Gram-NCut: k_hat=3  ACC=1.0000  NMI=1.0000  ARI=1.0000  0.0s

=== P1L_S2_C2 train[3] k=3  dim=576  frames=186  σ=0.5  fold=4 ===
  Gram-NCut: k_hat=3  ACC=0.9570  NMI=0.8560  ARI=0.8853  0.0s

=== P1L_S2_C2 train[4] k=3  dim=576  frames=171  σ=0.5  fold=4 ===
  Gram-NCut: k_hat=3  ACC=0.8363  NMI=0.7362  ARI=0.6178  0.0s

=== P1L_S2_C2 train[5] k=3  dim=576  frames=160  σ=0.5  fold=4 ===
  Gram-NCut: k_hat=3  ACC=0.6125  NMI=0.6196  ARI=0.4654  0.0s

=== P1L_S2_C2 train[6] k=3  dim=576  frames=154  σ=0.5  fold=4 ===
  Gram-NCut: k_hat=3  ACC=0.9935  NMI=0.9704  ARI=0.9818  0.0s

=== P1L_S2_C3 train[0] k=3  dim=576  frames=119  σ=0.5  fold=4 ===
  Gram-NCut: k_hat=3  ACC=1.0000  NMI=1.0000  ARI=1.0000  0.0s

=== P1L_S2_C3 train[1] k=3  dim=576  frames=101  σ=0.5  fold=4 ===
  Gram-NCut: k_hat=3  ACC=0.8119  NMI=0.7135  ARI=0.5605  0.0s

=== P1L_S2_C3 train[2] k=3  dim=576  frames=85  σ=0.5  fold=4 ===
  Gram-NCut: k_hat=3  ACC=1.0000  NMI=1.0000  ARI=1.0000  0.0s

=== P1L_S2_C3 train[3] k=3  dim=576  frames=112  σ=0.5  fold=4 ===
  Gram-NCut: k_hat=3  ACC=0.5893  NMI=0.6656  ARI=0.4708  0.0s

=== P1L_S2_C3 train[4] k=3  dim=576  frames=102  σ=0.5  fold=4 ===
  Gram-NCut: k_hat=3  ACC=0.5392  NMI=0.6485  ARI=0.4410  0.0s

=== P1L_S2_C3 train[5] k=3  dim=576  frames=121  σ=0.5  fold=4 ===
  Gram-NCut: k_hat=3  ACC=0.9091  NMI=0.7880  ARI=0.7781  0.0s

=== P1L_S2_C3 train[6] k=3  dim=576  frames=99  σ=0.5  fold=4 ===
  Gram-NCut: k_hat=3  ACC=0.9697  NMI=0.9066  ARI=0.9152  0.0s

=== P1L_S3_C1 train[0] k=3  dim=576  frames=156  σ=0.5  fold=4 ===
  Gram-NCut: k_hat=3  ACC=0.4295  NMI=0.2486  ARI=0.0025  0.0s

=== P1L_S3_C1 train[1] k=3  dim=576  frames=120  σ=0.5  fold=4 ===
  Gram-NCut: k_hat=3  ACC=1.0000  NMI=1.0000  ARI=1.0000  0.0s

=== P1L_S3_C1 train[2] k=3  dim=576  frames=185  σ=0.5  fold=4 ===
  Gram-NCut: k_hat=3  ACC=0.9838  NMI=0.9402  ARI=0.9511  0.0s

=== P1L_S3_C1 train[3] k=3  dim=576  frames=156  σ=0.5  fold=4 ===
  Gram-NCut: k_hat=3  ACC=0.6474  NMI=0.6812  ARI=0.5139  0.0s

=== P1L_S3_C1 train[4] k=3  dim=576  frames=172  σ=0.5  fold=4 ===
  Gram-NCut: k_hat=3  ACC=0.5465  NMI=0.5683  ARI=0.3918  0.0s

=== P1L_S3_C1 train[5] k=3  dim=576  frames=176  σ=0.5  fold=4 ===
  Gram-NCut: k_hat=3  ACC=0.7045  NMI=0.6249  ARI=0.4050  0.0s

=== P1L_S3_C1 train[6] k=3  dim=576  frames=134  σ=0.5  fold=4 ===
  Gram-NCut: k_hat=3  ACC=0.9701  NMI=0.9016  ARI=0.9044  0.0s

=== P1L_S3_C2 train[0] k=3  dim=576  frames=185  σ=0.5  fold=4 ===
  Gram-NCut: k_hat=3  ACC=0.9297  NMI=0.8147  ARI=0.7964  0.0s

=== P1L_S3_C2 train[1] k=3  dim=576  frames=125  σ=0.5  fold=4 ===
  Gram-NCut: k_hat=3  ACC=0.7520  NMI=0.6568  ARI=0.5655  0.0s

=== P1L_S3_C2 train[2] k=3  dim=576  frames=166  σ=0.5  fold=4 ===
  Gram-NCut: k_hat=3  ACC=1.0000  NMI=1.0000  ARI=1.0000  0.0s

=== P1L_S3_C2 train[3] k=3  dim=576  frames=209  σ=0.5  fold=4 ===
  Gram-NCut: k_hat=3  ACC=0.7321  NMI=0.5271  ARI=0.4184  0.0s

=== P1L_S3_C2 train[4] k=3  dim=576  frames=187  σ=0.5  fold=4 ===
  Gram-NCut: k_hat=3  ACC=0.5722  NMI=0.6619  ARI=0.4650  0.0s

=== P1L_S3_C2 train[5] k=3  dim=576  frames=229  σ=0.5  fold=4 ===
  Gram-NCut: k_hat=3  ACC=0.4978  NMI=0.5341  ARI=0.3541  0.1s

=== P1L_S3_C2 train[6] k=3  dim=576  frames=136  σ=0.5  fold=4 ===
  Gram-NCut: k_hat=3  ACC=0.9559  NMI=0.8746  ARI=0.8649  0.0s

=== P1L_S3_C3 train[0] k=3  dim=576  frames=151  σ=0.5  fold=4 ===
  Gram-NCut: k_hat=3  ACC=1.0000  NMI=1.0000  ARI=1.0000  0.0s

=== P1L_S3_C3 train[1] k=3  dim=576  frames=118  σ=0.5  fold=4 ===
  Gram-NCut: k_hat=3  ACC=0.8983  NMI=0.7946  ARI=0.7354  0.0s

=== P1L_S3_C3 train[2] k=3  dim=576  frames=121  σ=0.5  fold=4 ===
  Gram-NCut: k_hat=3  ACC=1.0000  NMI=1.0000  ARI=1.0000  0.0s

=== P1L_S3_C3 train[3] k=3  dim=576  frames=142  σ=0.5  fold=4 ===
  Gram-NCut: k_hat=3  ACC=0.7958  NMI=0.6968  ARI=0.5429  0.0s

=== P1L_S3_C3 train[4] k=3  dim=576  frames=110  σ=0.5  fold=4 ===
  Gram-NCut: k_hat=3  ACC=0.8545  NMI=0.7538  ARI=0.6585  0.0s

=== P1L_S3_C3 train[5] k=3  dim=576  frames=161  σ=0.5  fold=4 ===
  Gram-NCut: k_hat=3  ACC=0.8323  NMI=0.7023  ARI=0.6433  0.0s

=== P1L_S3_C3 train[6] k=3  dim=576  frames=114  σ=0.5  fold=4 ===
  Gram-NCut: k_hat=3  ACC=0.9825  NMI=0.9372  ARI=0.9534  0.0s

=== P1L_S4_C1 train[0] k=3  dim=576  frames=200  σ=0.5  fold=4 ===
  Gram-NCut: k_hat=3  ACC=0.7350  NMI=0.6902  ARI=0.5295  0.0s

=== P1L_S4_C1 train[1] k=3  dim=576  frames=157  σ=0.5  fold=4 ===
  Gram-NCut: k_hat=3  ACC=0.9873  NMI=0.9482  ARI=0.9607  0.0s

=== P1L_S4_C1 train[2] k=3  dim=576  frames=154  σ=0.5  fold=4 ===
  Gram-NCut: k_hat=3  ACC=1.0000  NMI=1.0000  ARI=1.0000  0.0s

=== P1L_S4_C1 train[3] k=3  dim=576  frames=168  σ=0.5  fold=4 ===
  Gram-NCut: k_hat=3  ACC=0.7917  NMI=0.5827  ARI=0.4880  0.0s

=== P1L_S4_C1 train[4] k=3  dim=576  frames=164  σ=0.5  fold=4 ===
  Gram-NCut: k_hat=3  ACC=0.9573  NMI=0.8816  ARI=0.8804  0.0s

=== P1L_S4_C1 train[5] k=3  dim=576  frames=187  σ=0.5  fold=4 ===
  Gram-NCut: k_hat=3  ACC=0.7540  NMI=0.5479  ARI=0.4682  0.0s

=== P1L_S4_C1 train[6] k=3  dim=576  frames=202  σ=0.5  fold=4 ===
  Gram-NCut: k_hat=3  ACC=1.0000  NMI=1.0000  ARI=1.0000  0.0s

=== P1L_S4_C2 train[0] k=3  dim=576  frames=157  σ=0.5  fold=4 ===
  Gram-NCut: k_hat=3  ACC=0.7771  NMI=0.6675  ARI=0.4827  0.0s

=== P1L_S4_C2 train[1] k=3  dim=576  frames=149  σ=0.5  fold=4 ===
  Gram-NCut: k_hat=3  ACC=0.9329  NMI=0.8326  ARI=0.7976  0.0s

=== P1L_S4_C2 train[2] k=3  dim=576  frames=175  σ=0.5  fold=4 ===
  Gram-NCut: k_hat=3  ACC=1.0000  NMI=1.0000  ARI=1.0000  0.0s

=== P1L_S4_C2 train[3] k=3  dim=576  frames=168  σ=0.5  fold=4 ===
  Gram-NCut: k_hat=3  ACC=0.8571  NMI=0.7125  ARI=0.6257  0.0s

=== P1L_S4_C2 train[4] k=3  dim=576  frames=152  σ=0.5  fold=4 ===
  Gram-NCut: k_hat=3  ACC=0.5329  NMI=0.6488  ARI=0.4425  0.0s

=== P1L_S4_C2 train[5] k=3  dim=576  frames=169  σ=0.5  fold=4 ===
  Gram-NCut: k_hat=3  ACC=0.5917  NMI=0.6658  ARI=0.4783  0.0s

=== P1L_S4_C2 train[6] k=3  dim=576  frames=153  σ=0.5  fold=4 ===
  Gram-NCut: k_hat=3  ACC=0.9869  NMI=0.9501  ARI=0.9666  0.0s

=== P1L_S4_C3 train[0] k=3  dim=576  frames=96  σ=0.5  fold=4 ===
  Gram-NCut: k_hat=3  ACC=0.5417  NMI=0.6288  ARI=0.4177  0.0s

=== P1L_S4_C3 train[1] k=3  dim=576  frames=107  σ=0.5  fold=4 ===
  Gram-NCut: k_hat=3  ACC=1.0000  NMI=1.0000  ARI=1.0000  0.0s

=== P1L_S4_C3 train[2] k=3  dim=576  frames=94  σ=0.5  fold=4 ===
  Gram-NCut: k_hat=3  ACC=1.0000  NMI=1.0000  ARI=1.0000  0.0s

=== P1L_S4_C3 train[3] k=3  dim=576  frames=117  σ=0.5  fold=4 ===
  Gram-NCut: k_hat=3  ACC=0.6410  NMI=0.6653  ARI=0.4934  0.0s

=== P1L_S4_C3 train[4] k=3  dim=576  frames=103  σ=0.5  fold=4 ===
  Gram-NCut: k_hat=3  ACC=0.5922  NMI=0.6512  ARI=0.4530  0.0s

=== P1L_S4_C3 train[5] k=3  dim=576  frames=105  σ=0.5  fold=4 ===
  Gram-NCut: k_hat=3  ACC=0.5333  NMI=0.6115  ARI=0.4223  0.0s

=== P1L_S4_C3 train[6] k=3  dim=576  frames=107  σ=0.5  fold=4 ===
  Gram-NCut: k_hat=3  ACC=0.9720  NMI=0.9111  ARI=0.9208  0.0s

=== P1E_S1_C1 test[0] k=3  dim=576  frames=157  σ=0.5  fold=4 ===
  Gram-NCut: k_hat=3  ACC=0.5860  NMI=0.6302  ARI=0.4504  0.0s

=== P1E_S1_C2 test[0] k=3  dim=576  frames=113  σ=0.5  fold=4 ===
  Gram-NCut: k_hat=3  ACC=0.4690  NMI=0.3839  ARI=0.1885  0.0s

=== P1E_S1_C3 test[0] k=3  dim=576  frames=37  σ=0.5  fold=4 ===
  Gram-NCut: k_hat=3  ACC=0.6216  NMI=0.5185  ARI=0.3879  0.0s

=== P1E_S2_C1 test[0] k=3  dim=576  frames=149  σ=0.5  fold=4 ===
  Gram-NCut: k_hat=3  ACC=0.6040  NMI=0.6711  ARI=0.4842  0.0s

=== P1E_S2_C2 test[0] k=3  dim=576  frames=124  σ=0.5  fold=4 ===
  Gram-NCut: k_hat=3  ACC=0.9919  NMI=0.9642  ARI=0.9736  0.0s

=== P1E_S2_C3 test[0] k=3  dim=576  frames=99  σ=0.5  fold=4 ===
  Gram-NCut: k_hat=3  ACC=0.9394  NMI=0.8491  ARI=0.8306  0.0s

=== P1E_S3_C1 test[0] k=3  dim=576  frames=168  σ=0.5  fold=4 ===
  Gram-NCut: k_hat=3  ACC=0.8571  NMI=0.7396  ARI=0.6204  0.0s

=== P1E_S3_C2 test[0] k=3  dim=576  frames=169  σ=0.5  fold=4 ===
  Gram-NCut: k_hat=3  ACC=0.6213  NMI=0.6032  ARI=0.4433  0.0s

=== P1E_S3_C3 test[0] k=3  dim=576  frames=128  σ=0.5  fold=4 ===
  Gram-NCut: k_hat=3  ACC=0.7031  NMI=0.6354  ARI=0.5070  0.0s

=== P1E_S4_C1 test[0] k=3  dim=576  frames=180  σ=0.5  fold=4 ===
  Gram-NCut: k_hat=3  ACC=0.6778  NMI=0.6859  ARI=0.5257  0.0s

=== P1E_S4_C2 test[0] k=3  dim=576  frames=140  σ=0.5  fold=4 ===
  Gram-NCut: k_hat=3  ACC=0.9786  NMI=0.9234  ARI=0.9323  0.0s

=== P1E_S4_C3 test[0] k=3  dim=576  frames=87  σ=0.5  fold=4 ===
  Gram-NCut: k_hat=3  ACC=0.6437  NMI=0.5431  ARI=0.4460  0.0s

=== P1L_S1_C1 test[0] k=3  dim=576  frames=198  σ=0.5  fold=4 ===
  Gram-NCut: k_hat=3  ACC=0.7273  NMI=0.6733  ARI=0.5345  0.0s

=== P1L_S1_C2 test[0] k=3  dim=576  frames=128  σ=0.5  fold=4 ===
  Gram-NCut: k_hat=3  ACC=0.5625  NMI=0.6666  ARI=0.4689  0.0s

=== P1L_S1_C3 test[0] k=3  dim=576  frames=73  σ=0.5  fold=4 ===
  Gram-NCut: k_hat=3  ACC=0.6575  NMI=0.6754  ARI=0.5014  0.0s

=== P1L_S2_C1 test[0] k=3  dim=576  frames=172  σ=0.5  fold=4 ===
  Gram-NCut: k_hat=3  ACC=0.9535  NMI=0.8772  ARI=0.8928  0.0s

=== P1L_S2_C2 test[0] k=3  dim=576  frames=201  σ=0.5  fold=4 ===
  Gram-NCut: k_hat=3  ACC=0.8856  NMI=0.7479  ARI=0.7108  0.0s

=== P1L_S2_C3 test[0] k=3  dim=576  frames=126  σ=0.5  fold=4 ===
  Gram-NCut: k_hat=3  ACC=0.8651  NMI=0.7610  ARI=0.6671  0.0s

=== P1L_S3_C1 test[0] k=3  dim=576  frames=159  σ=0.5  fold=4 ===
  Gram-NCut: k_hat=3  ACC=0.9245  NMI=0.7727  ARI=0.7932  0.0s

=== P1L_S3_C2 test[0] k=3  dim=576  frames=168  σ=0.5  fold=4 ===
  Gram-NCut: k_hat=3  ACC=0.6488  NMI=0.6705  ARI=0.5211  0.0s

=== P1L_S3_C3 test[0] k=3  dim=576  frames=134  σ=0.5  fold=4 ===
  Gram-NCut: k_hat=3  ACC=0.8433  NMI=0.7262  ARI=0.5959  0.0s

=== P1L_S4_C1 test[0] k=3  dim=576  frames=142  σ=0.5  fold=4 ===
  Gram-NCut: k_hat=3  ACC=1.0000  NMI=1.0000  ARI=1.0000  0.0s

=== P1L_S4_C2 test[0] k=3  dim=576  frames=154  σ=0.5  fold=4 ===
  Gram-NCut: k_hat=3  ACC=0.8312  NMI=0.6938  ARI=0.5628  0.0s

=== P1L_S4_C3 test[0] k=3  dim=576  frames=112  σ=0.5  fold=4 ===
  Gram-NCut: k_hat=3  ACC=0.7411  NMI=0.6498  ARI=0.4345  0.0s
  tune_pool_groups=20: sampling from 22 held-in people (overlap allowed) instead of the 7 fixed partition group(s)

============================================================
σ=0.5 fold=5  test=['0015', '0016', '0021']  train mats=168  test mats=24  tune mats=480
  Gram-NCut: skip tuning, fixed 
  wrote /nfs/turbo/umms-minjilab/lpullela/icassp_ssc_tv2/block_ssc_benchmark/cv/params/surveillance/split_k3_sigmas_min30_trials20_params_knownk_cv_gram_ncut_k3_sigma0p5_sigma0.5_fold5.json

=== P1E_S1_C1 train[0] k=3  dim=576  frames=146  σ=0.5  fold=5 ===
  Gram-NCut: k_hat=3  ACC=0.9863  NMI=0.9433  ARI=0.9531  0.0s

=== P1E_S1_C1 train[1] k=3  dim=576  frames=153  σ=0.5  fold=5 ===
  Gram-NCut: k_hat=3  ACC=0.9739  NMI=0.9153  ARI=0.9230  0.0s

=== P1E_S1_C1 train[2] k=3  dim=576  frames=130  σ=0.5  fold=5 ===
  Gram-NCut: k_hat=3  ACC=1.0000  NMI=1.0000  ARI=1.0000  0.0s

=== P1E_S1_C1 train[3] k=3  dim=576  frames=140  σ=0.5  fold=5 ===
  Gram-NCut: k_hat=3  ACC=0.9000  NMI=0.7798  ARI=0.7028  0.0s

=== P1E_S1_C1 train[4] k=3  dim=576  frames=157  σ=0.5  fold=5 ===
  Gram-NCut: k_hat=3  ACC=0.5860  NMI=0.6302  ARI=0.4504  0.0s

=== P1E_S1_C1 train[5] k=3  dim=576  frames=140  σ=0.5  fold=5 ===
  Gram-NCut: k_hat=3  ACC=0.8571  NMI=0.6815  ARI=0.6337  0.0s

=== P1E_S1_C1 train[6] k=3  dim=576  frames=171  σ=0.5  fold=5 ===
  Gram-NCut: k_hat=3  ACC=0.9942  NMI=0.9732  ARI=0.9831  0.0s

=== P1E_S1_C2 train[0] k=3  dim=576  frames=147  σ=0.5  fold=5 ===
  Gram-NCut: k_hat=3  ACC=0.9456  NMI=0.8210  ARI=0.8387  0.0s

=== P1E_S1_C2 train[1] k=3  dim=576  frames=115  σ=0.5  fold=5 ===
  Gram-NCut: k_hat=3  ACC=0.9652  NMI=0.8758  ARI=0.8915  0.0s

=== P1E_S1_C2 train[2] k=3  dim=576  frames=104  σ=0.5  fold=5 ===
  Gram-NCut: k_hat=3  ACC=1.0000  NMI=1.0000  ARI=1.0000  0.0s

=== P1E_S1_C2 train[3] k=3  dim=576  frames=138  σ=0.5  fold=5 ===
  Gram-NCut: k_hat=3  ACC=0.9203  NMI=0.7770  ARI=0.7814  0.0s

=== P1E_S1_C2 train[4] k=3  dim=576  frames=113  σ=0.5  fold=5 ===
  Gram-NCut: k_hat=3  ACC=0.4690  NMI=0.3839  ARI=0.1885  0.0s

=== P1E_S1_C2 train[5] k=3  dim=576  frames=122  σ=0.5  fold=5 ===
  Gram-NCut: k_hat=3  ACC=0.9590  NMI=0.8854  ARI=0.8916  0.0s

=== P1E_S1_C2 train[6] k=3  dim=576  frames=134  σ=0.5  fold=5 ===
  Gram-NCut: k_hat=3  ACC=0.9851  NMI=0.9443  ARI=0.9564  0.0s

=== P1E_S1_C3 train[0] k=3  dim=576  frames=58  σ=0.5  fold=5 ===
  Gram-NCut: k_hat=3  ACC=0.6897  NMI=0.5509  ARI=0.3975  0.0s

=== P1E_S1_C3 train[1] k=3  dim=576  frames=56  σ=0.5  fold=5 ===
  Gram-NCut: k_hat=3  ACC=0.9821  NMI=0.9373  ARI=0.9623  0.0s

=== P1E_S1_C3 train[2] k=3  dim=576  frames=47  σ=0.5  fold=5 ===
  Gram-NCut: k_hat=3  ACC=0.9787  NMI=0.9290  ARI=0.9459  0.0s

=== P1E_S1_C3 train[3] k=3  dim=576  frames=61  σ=0.5  fold=5 ===
  Gram-NCut: k_hat=3  ACC=0.8689  NMI=0.7042  ARI=0.7077  0.0s

=== P1E_S1_C3 train[4] k=3  dim=576  frames=37  σ=0.5  fold=5 ===
  Gram-NCut: k_hat=3  ACC=0.6216  NMI=0.5185  ARI=0.3879  0.0s

=== P1E_S1_C3 train[5] k=3  dim=576  frames=51  σ=0.5  fold=5 ===
  Gram-NCut: k_hat=3  ACC=0.5686  NMI=0.5428  ARI=0.3754  0.0s

=== P1E_S1_C3 train[6] k=3  dim=576  frames=69  σ=0.5  fold=5 ===
  Gram-NCut: k_hat=3  ACC=0.5507  NMI=0.4634  ARI=0.2941  0.0s

=== P1E_S2_C1 train[0] k=3  dim=576  frames=167  σ=0.5  fold=5 ===
  Gram-NCut: k_hat=3  ACC=0.9760  NMI=0.9201  ARI=0.9285  0.0s

=== P1E_S2_C1 train[1] k=3  dim=576  frames=151  σ=0.5  fold=5 ===
  Gram-NCut: k_hat=3  ACC=0.7351  NMI=0.5982  ARI=0.4947  0.0s

=== P1E_S2_C1 train[2] k=3  dim=576  frames=136  σ=0.5  fold=5 ===
  Gram-NCut: k_hat=3  ACC=0.9559  NMI=0.8767  ARI=0.8705  0.0s

=== P1E_S2_C1 train[3] k=3  dim=576  frames=180  σ=0.5  fold=5 ===
  Gram-NCut: k_hat=3  ACC=0.7111  NMI=0.6328  ARI=0.4904  0.0s

=== P1E_S2_C1 train[4] k=3  dim=576  frames=149  σ=0.5  fold=5 ===
  Gram-NCut: k_hat=3  ACC=0.6040  NMI=0.6711  ARI=0.4842  0.0s

=== P1E_S2_C1 train[5] k=3  dim=576  frames=161  σ=0.5  fold=5 ===
  Gram-NCut: k_hat=3  ACC=0.7764  NMI=0.6353  ARI=0.5285  0.0s

=== P1E_S2_C1 train[6] k=3  dim=576  frames=153  σ=0.5  fold=5 ===
  Gram-NCut: k_hat=3  ACC=0.9477  NMI=0.8339  ARI=0.8549  0.0s

=== P1E_S2_C2 train[0] k=3  dim=576  frames=146  σ=0.5  fold=5 ===
  Gram-NCut: k_hat=3  ACC=0.9384  NMI=0.8294  ARI=0.8374  0.0s

=== P1E_S2_C2 train[1] k=3  dim=576  frames=115  σ=0.5  fold=5 ===
  Gram-NCut: k_hat=3  ACC=0.9826  NMI=0.9253  ARI=0.9458  0.0s

=== P1E_S2_C2 train[2] k=3  dim=576  frames=109  σ=0.5  fold=5 ===
  Gram-NCut: k_hat=3  ACC=1.0000  NMI=1.0000  ARI=1.0000  0.0s

=== P1E_S2_C2 train[3] k=3  dim=576  frames=144  σ=0.5  fold=5 ===
  Gram-NCut: k_hat=3  ACC=0.9236  NMI=0.8071  ARI=0.7936  0.0s

=== P1E_S2_C2 train[4] k=3  dim=576  frames=124  σ=0.5  fold=5 ===
  Gram-NCut: k_hat=3  ACC=0.9919  NMI=0.9642  ARI=0.9736  0.0s

=== P1E_S2_C2 train[5] k=3  dim=576  frames=128  σ=0.5  fold=5 ===
  Gram-NCut: k_hat=3  ACC=0.6406  NMI=0.6072  ARI=0.4585  0.0s

=== P1E_S2_C2 train[6] k=3  dim=576  frames=126  σ=0.5  fold=5 ===
  Gram-NCut: k_hat=3  ACC=0.9762  NMI=0.9207  ARI=0.9308  0.0s

=== P1E_S2_C3 train[0] k=3  dim=576  frames=113  σ=0.5  fold=5 ===
  Gram-NCut: k_hat=3  ACC=0.9735  NMI=0.9152  ARI=0.9282  0.0s

=== P1E_S2_C3 train[1] k=3  dim=576  frames=88  σ=0.5  fold=5 ===
  Gram-NCut: k_hat=3  ACC=1.0000  NMI=1.0000  ARI=1.0000  0.0s

=== P1E_S2_C3 train[2] k=3  dim=576  frames=90  σ=0.5  fold=5 ===
  Gram-NCut: k_hat=3  ACC=0.9667  NMI=0.8979  ARI=0.8982  0.0s

=== P1E_S2_C3 train[3] k=3  dim=576  frames=112  σ=0.5  fold=5 ===
  Gram-NCut: k_hat=3  ACC=0.7054  NMI=0.5806  ARI=0.4578  0.0s

=== P1E_S2_C3 train[4] k=3  dim=576  frames=99  σ=0.5  fold=5 ===
  Gram-NCut: k_hat=3  ACC=0.9394  NMI=0.8491  ARI=0.8306  0.0s

=== P1E_S2_C3 train[5] k=3  dim=576  frames=105  σ=0.5  fold=5 ===
  Gram-NCut: k_hat=3  ACC=0.8571  NMI=0.7129  ARI=0.6594  0.0s

=== P1E_S2_C3 train[6] k=3  dim=576  frames=89  σ=0.5  fold=5 ===
  Gram-NCut: k_hat=3  ACC=0.9775  NMI=0.9248  ARI=0.9383  0.0s

=== P1E_S3_C1 train[0] k=3  dim=576  frames=166  σ=0.5  fold=5 ===
  Gram-NCut: k_hat=3  ACC=0.7349  NMI=0.6597  ARI=0.4641  0.0s

=== P1E_S3_C1 train[1] k=3  dim=576  frames=139  σ=0.5  fold=5 ===
  Gram-NCut: k_hat=3  ACC=0.7410  NMI=0.6999  ARI=0.5517  0.0s

=== P1E_S3_C1 train[2] k=3  dim=576  frames=134  σ=0.5  fold=5 ===
  Gram-NCut: k_hat=3  ACC=0.8060  NMI=0.6505  ARI=0.5388  0.0s

=== P1E_S3_C1 train[3] k=3  dim=576  frames=161  σ=0.5  fold=5 ===
  Gram-NCut: k_hat=3  ACC=0.7888  NMI=0.7131  ARI=0.5833  0.0s

=== P1E_S3_C1 train[4] k=3  dim=576  frames=168  σ=0.5  fold=5 ===
  Gram-NCut: k_hat=3  ACC=0.8571  NMI=0.7396  ARI=0.6204  0.0s

=== P1E_S3_C1 train[5] k=3  dim=576  frames=204  σ=0.5  fold=5 ===
  Gram-NCut: k_hat=3  ACC=0.5735  NMI=0.3635  ARI=0.1686  0.0s

=== P1E_S3_C1 train[6] k=3  dim=576  frames=112  σ=0.5  fold=5 ===
  Gram-NCut: k_hat=3  ACC=0.5625  NMI=0.6127  ARI=0.4282  0.0s

=== P1E_S3_C2 train[0] k=3  dim=576  frames=147  σ=0.5  fold=5 ===
  Gram-NCut: k_hat=3  ACC=0.8912  NMI=0.7677  ARI=0.6800  0.0s

=== P1E_S3_C2 train[1] k=3  dim=576  frames=120  σ=0.5  fold=5 ===
  Gram-NCut: k_hat=3  ACC=0.6917  NMI=0.6689  ARI=0.4777  0.0s

=== P1E_S3_C2 train[2] k=3  dim=576  frames=112  σ=0.5  fold=5 ===
  Gram-NCut: k_hat=3  ACC=0.9375  NMI=0.8076  ARI=0.8112  0.0s

=== P1E_S3_C2 train[3] k=3  dim=576  frames=168  σ=0.5  fold=5 ===
  Gram-NCut: k_hat=3  ACC=0.6905  NMI=0.6422  ARI=0.4322  0.0s

=== P1E_S3_C2 train[4] k=3  dim=576  frames=169  σ=0.5  fold=5 ===
  Gram-NCut: k_hat=3  ACC=0.6213  NMI=0.6032  ARI=0.4433  0.0s

=== P1E_S3_C2 train[5] k=3  dim=576  frames=146  σ=0.5  fold=5 ===
  Gram-NCut: k_hat=3  ACC=0.7740  NMI=0.6618  ARI=0.4556  0.0s

=== P1E_S3_C2 train[6] k=3  dim=576  frames=114  σ=0.5  fold=5 ===
  Gram-NCut: k_hat=3  ACC=0.9825  NMI=0.9333  ARI=0.9468  0.0s

=== P1E_S3_C3 train[0] k=3  dim=576  frames=105  σ=0.5  fold=5 ===
  Gram-NCut: k_hat=3  ACC=1.0000  NMI=1.0000  ARI=1.0000  0.0s

=== P1E_S3_C3 train[1] k=3  dim=576  frames=89  σ=0.5  fold=5 ===
  Gram-NCut: k_hat=3  ACC=1.0000  NMI=1.0000  ARI=1.0000  0.0s

=== P1E_S3_C3 train[2] k=3  dim=576  frames=84  σ=0.5  fold=5 ===
  Gram-NCut: k_hat=3  ACC=0.9881  NMI=0.9525  ARI=0.9657  0.0s

=== P1E_S3_C3 train[3] k=3  dim=576  frames=125  σ=0.5  fold=5 ===
  Gram-NCut: k_hat=3  ACC=0.7040  NMI=0.6605  ARI=0.4664  0.0s

=== P1E_S3_C3 train[4] k=3  dim=576  frames=128  σ=0.5  fold=5 ===
  Gram-NCut: k_hat=3  ACC=0.7031  NMI=0.6354  ARI=0.5070  0.0s

=== P1E_S3_C3 train[5] k=3  dim=576  frames=129  σ=0.5  fold=5 ===
  Gram-NCut: k_hat=3  ACC=0.5504  NMI=0.6559  ARI=0.4522  0.0s

=== P1E_S3_C3 train[6] k=3  dim=576  frames=84  σ=0.5  fold=5 ===
  Gram-NCut: k_hat=3  ACC=0.9881  NMI=0.9523  ARI=0.9667  0.0s

=== P1E_S4_C1 train[0] k=3  dim=576  frames=158  σ=0.5  fold=5 ===
  Gram-NCut: k_hat=3  ACC=0.8481  NMI=0.7167  ARI=0.5780  0.0s

=== P1E_S4_C1 train[1] k=3  dim=576  frames=107  σ=0.5  fold=5 ===
  Gram-NCut: k_hat=3  ACC=1.0000  NMI=1.0000  ARI=1.0000  0.0s

=== P1E_S4_C1 train[2] k=3  dim=576  frames=155  σ=0.5  fold=5 ===
  Gram-NCut: k_hat=3  ACC=0.9806  NMI=0.9205  ARI=0.9410  0.0s

=== P1E_S4_C1 train[3] k=3  dim=576  frames=182  σ=0.5  fold=5 ===
  Gram-NCut: k_hat=3  ACC=0.8626  NMI=0.7396  ARI=0.6658  0.0s

=== P1E_S4_C1 train[4] k=3  dim=576  frames=180  σ=0.5  fold=5 ===
  Gram-NCut: k_hat=3  ACC=0.6778  NMI=0.6859  ARI=0.5257  0.0s

=== P1E_S4_C1 train[5] k=3  dim=576  frames=147  σ=0.5  fold=5 ===
  Gram-NCut: k_hat=3  ACC=0.5782  NMI=0.5303  ARI=0.3675  0.0s

=== P1E_S4_C1 train[6] k=3  dim=576  frames=145  σ=0.5  fold=5 ===
  Gram-NCut: k_hat=3  ACC=0.5586  NMI=0.4559  ARI=0.2836  0.0s

=== P1E_S4_C2 train[0] k=3  dim=576  frames=117  σ=0.5  fold=5 ===
  Gram-NCut: k_hat=3  ACC=0.9744  NMI=0.9022  ARI=0.9249  0.0s

=== P1E_S4_C2 train[1] k=3  dim=576  frames=125  σ=0.5  fold=5 ===
  Gram-NCut: k_hat=3  ACC=0.9840  NMI=0.9301  ARI=0.9501  0.0s

=== P1E_S4_C2 train[2] k=3  dim=576  frames=122  σ=0.5  fold=5 ===
  Gram-NCut: k_hat=3  ACC=1.0000  NMI=1.0000  ARI=1.0000  0.0s

=== P1E_S4_C2 train[3] k=3  dim=576  frames=126  σ=0.5  fold=5 ===
  Gram-NCut: k_hat=3  ACC=0.5794  NMI=0.6257  ARI=0.4169  0.0s

=== P1E_S4_C2 train[4] k=3  dim=576  frames=140  σ=0.5  fold=5 ===
  Gram-NCut: k_hat=3  ACC=0.9786  NMI=0.9234  ARI=0.9323  0.0s

=== P1E_S4_C2 train[5] k=3  dim=576  frames=146  σ=0.5  fold=5 ===
  Gram-NCut: k_hat=3  ACC=0.6644  NMI=0.5853  ARI=0.4605  0.0s

=== P1E_S4_C2 train[6] k=3  dim=576  frames=110  σ=0.5  fold=5 ===
  Gram-NCut: k_hat=3  ACC=0.9909  NMI=0.9623  ARI=0.9753  0.0s

=== P1E_S4_C3 train[0] k=3  dim=576  frames=90  σ=0.5  fold=5 ===
  Gram-NCut: k_hat=3  ACC=0.7778  NMI=0.5888  ARI=0.4859  0.0s

=== P1E_S4_C3 train[1] k=3  dim=576  frames=64  σ=0.5  fold=5 ===
  Gram-NCut: k_hat=3  ACC=0.9062  NMI=0.7546  ARI=0.7559  0.0s

=== P1E_S4_C3 train[2] k=3  dim=576  frames=85  σ=0.5  fold=5 ===
  Gram-NCut: k_hat=3  ACC=0.9412  NMI=0.8539  ARI=0.8378  0.0s

=== P1E_S4_C3 train[3] k=3  dim=576  frames=105  σ=0.5  fold=5 ===
  Gram-NCut: k_hat=3  ACC=0.6667  NMI=0.6363  ARI=0.5331  0.0s

=== P1E_S4_C3 train[4] k=3  dim=576  frames=87  σ=0.5  fold=5 ===
  Gram-NCut: k_hat=3  ACC=0.6437  NMI=0.5431  ARI=0.4460  0.0s

=== P1E_S4_C3 train[5] k=3  dim=576  frames=106  σ=0.5  fold=5 ===
  Gram-NCut: k_hat=3  ACC=0.6887  NMI=0.7100  ARI=0.5700  0.0s

=== P1E_S4_C3 train[6] k=3  dim=576  frames=79  σ=0.5  fold=5 ===
  Gram-NCut: k_hat=3  ACC=0.6203  NMI=0.5684  ARI=0.4158  0.0s

=== P1L_S1_C1 train[0] k=3  dim=576  frames=162  σ=0.5  fold=5 ===
  Gram-NCut: k_hat=3  ACC=0.9815  NMI=0.9346  ARI=0.9472  0.0s

=== P1L_S1_C1 train[1] k=3  dim=576  frames=170  σ=0.5  fold=5 ===
  Gram-NCut: k_hat=3  ACC=0.7882  NMI=0.6873  ARI=0.5109  0.0s

=== P1L_S1_C1 train[2] k=3  dim=576  frames=155  σ=0.5  fold=5 ===
  Gram-NCut: k_hat=3  ACC=1.0000  NMI=1.0000  ARI=1.0000  0.0s

=== P1L_S1_C1 train[3] k=3  dim=576  frames=182  σ=0.5  fold=5 ===
  Gram-NCut: k_hat=3  ACC=0.9780  NMI=0.9147  ARI=0.9368  0.0s

=== P1L_S1_C1 train[4] k=3  dim=576  frames=198  σ=0.5  fold=5 ===
  Gram-NCut: k_hat=3  ACC=0.7273  NMI=0.6733  ARI=0.5345  0.0s

=== P1L_S1_C1 train[5] k=3  dim=576  frames=116  σ=0.5  fold=5 ===
  Gram-NCut: k_hat=3  ACC=0.5345  NMI=0.3125  ARI=0.0961  0.0s

=== P1L_S1_C1 train[6] k=3  dim=576  frames=175  σ=0.5  fold=5 ===
  Gram-NCut: k_hat=3  ACC=0.9943  NMI=0.9736  ARI=0.9843  0.0s

=== P1L_S1_C2 train[0] k=3  dim=576  frames=186  σ=0.5  fold=5 ===
  Gram-NCut: k_hat=3  ACC=0.7688  NMI=0.6813  ARI=0.5085  0.0s

=== P1L_S1_C2 train[1] k=3  dim=576  frames=137  σ=0.5  fold=5 ===
  Gram-NCut: k_hat=3  ACC=0.8029  NMI=0.7019  ARI=0.5528  0.0s

=== P1L_S1_C2 train[2] k=3  dim=576  frames=147  σ=0.5  fold=5 ===
  Gram-NCut: k_hat=3  ACC=0.9932  NMI=0.9697  ARI=0.9804  0.0s

=== P1L_S1_C2 train[3] k=3  dim=576  frames=181  σ=0.5  fold=5 ===
  Gram-NCut: k_hat=3  ACC=0.5359  NMI=0.6356  ARI=0.4280  0.0s

=== P1L_S1_C2 train[4] k=3  dim=576  frames=128  σ=0.5  fold=5 ===
  Gram-NCut: k_hat=3  ACC=0.5625  NMI=0.6666  ARI=0.4689  0.0s

=== P1L_S1_C2 train[5] k=3  dim=576  frames=142  σ=0.5  fold=5 ===
  Gram-NCut: k_hat=3  ACC=0.7887  NMI=0.6116  ARI=0.5099  0.0s

=== P1L_S1_C2 train[6] k=3  dim=576  frames=168  σ=0.5  fold=5 ===
  Gram-NCut: k_hat=3  ACC=0.9881  NMI=0.9537  ARI=0.9677  0.0s

=== P1L_S1_C3 train[0] k=3  dim=576  frames=60  σ=0.5  fold=5 ===
  Gram-NCut: k_hat=3  ACC=0.5167  NMI=0.5800  ARI=0.3887  0.0s

=== P1L_S1_C3 train[1] k=3  dim=576  frames=68  σ=0.5  fold=5 ===
  Gram-NCut: k_hat=3  ACC=1.0000  NMI=1.0000  ARI=1.0000  0.0s

=== P1L_S1_C3 train[2] k=3  dim=576  frames=65  σ=0.5  fold=5 ===
  Gram-NCut: k_hat=3  ACC=0.8615  NMI=0.7478  ARI=0.6419  0.0s

=== P1L_S1_C3 train[3] k=3  dim=576  frames=74  σ=0.5  fold=5 ===
  Gram-NCut: k_hat=3  ACC=0.5811  NMI=0.6230  ARI=0.4548  0.0s

=== P1L_S1_C3 train[4] k=3  dim=576  frames=73  σ=0.5  fold=5 ===
  Gram-NCut: k_hat=3  ACC=0.6575  NMI=0.6754  ARI=0.5014  0.0s

=== P1L_S1_C3 train[5] k=3  dim=576  frames=63  σ=0.5  fold=5 ===
  Gram-NCut: k_hat=3  ACC=0.6984  NMI=0.6872  ARI=0.5377  0.0s

=== P1L_S1_C3 train[6] k=3  dim=576  frames=75  σ=0.5  fold=5 ===
  Gram-NCut: k_hat=3  ACC=0.9867  NMI=0.9474  ARI=0.9569  0.0s

=== P1L_S2_C1 train[0] k=3  dim=576  frames=211  σ=0.5  fold=5 ===
  Gram-NCut: k_hat=3  ACC=0.8199  NMI=0.7231  ARI=0.6077  0.0s

=== P1L_S2_C1 train[1] k=3  dim=576  frames=190  σ=0.5  fold=5 ===
  Gram-NCut: k_hat=3  ACC=0.7211  NMI=0.6714  ARI=0.4890  0.0s

=== P1L_S2_C1 train[2] k=3  dim=576  frames=180  σ=0.5  fold=5 ===
  Gram-NCut: k_hat=3  ACC=1.0000  NMI=1.0000  ARI=1.0000  0.0s

=== P1L_S2_C1 train[3] k=3  dim=576  frames=177  σ=0.5  fold=5 ===
  Gram-NCut: k_hat=3  ACC=0.8136  NMI=0.6377  ARI=0.5512  0.0s

=== P1L_S2_C1 train[4] k=3  dim=576  frames=172  σ=0.5  fold=5 ===
  Gram-NCut: k_hat=3  ACC=0.9535  NMI=0.8772  ARI=0.8928  0.0s

=== P1L_S2_C1 train[5] k=3  dim=576  frames=180  σ=0.5  fold=5 ===
  Gram-NCut: k_hat=3  ACC=0.4944  NMI=0.2521  ARI=0.0513  0.0s

=== P1L_S2_C1 train[6] k=3  dim=576  frames=133  σ=0.5  fold=5 ===
  Gram-NCut: k_hat=3  ACC=1.0000  NMI=1.0000  ARI=1.0000  0.0s

=== P1L_S2_C2 train[0] k=3  dim=576  frames=194  σ=0.5  fold=5 ===
  Gram-NCut: k_hat=3  ACC=0.7990  NMI=0.6607  ARI=0.5018  0.0s

=== P1L_S2_C2 train[1] k=3  dim=576  frames=155  σ=0.5  fold=5 ===
  Gram-NCut: k_hat=3  ACC=0.9806  NMI=0.9316  ARI=0.9416  0.0s

=== P1L_S2_C2 train[2] k=3  dim=576  frames=134  σ=0.5  fold=5 ===
  Gram-NCut: k_hat=3  ACC=1.0000  NMI=1.0000  ARI=1.0000  0.0s

=== P1L_S2_C2 train[3] k=3  dim=576  frames=186  σ=0.5  fold=5 ===
  Gram-NCut: k_hat=3  ACC=0.9570  NMI=0.8560  ARI=0.8853  0.0s

=== P1L_S2_C2 train[4] k=3  dim=576  frames=201  σ=0.5  fold=5 ===
  Gram-NCut: k_hat=3  ACC=0.8856  NMI=0.7479  ARI=0.7108  0.0s

=== P1L_S2_C2 train[5] k=3  dim=576  frames=160  σ=0.5  fold=5 ===
  Gram-NCut: k_hat=3  ACC=0.6125  NMI=0.6196  ARI=0.4654  0.0s

=== P1L_S2_C2 train[6] k=3  dim=576  frames=154  σ=0.5  fold=5 ===
  Gram-NCut: k_hat=3  ACC=0.9935  NMI=0.9704  ARI=0.9818  0.0s

=== P1L_S2_C3 train[0] k=3  dim=576  frames=119  σ=0.5  fold=5 ===
  Gram-NCut: k_hat=3  ACC=1.0000  NMI=1.0000  ARI=1.0000  0.0s

=== P1L_S2_C3 train[1] k=3  dim=576  frames=101  σ=0.5  fold=5 ===
  Gram-NCut: k_hat=3  ACC=0.8119  NMI=0.7135  ARI=0.5605  0.0s

=== P1L_S2_C3 train[2] k=3  dim=576  frames=85  σ=0.5  fold=5 ===
  Gram-NCut: k_hat=3  ACC=1.0000  NMI=1.0000  ARI=1.0000  0.0s

=== P1L_S2_C3 train[3] k=3  dim=576  frames=112  σ=0.5  fold=5 ===
  Gram-NCut: k_hat=3  ACC=0.5893  NMI=0.6656  ARI=0.4708  0.0s

=== P1L_S2_C3 train[4] k=3  dim=576  frames=126  σ=0.5  fold=5 ===
  Gram-NCut: k_hat=3  ACC=0.8651  NMI=0.7610  ARI=0.6671  0.0s

=== P1L_S2_C3 train[5] k=3  dim=576  frames=121  σ=0.5  fold=5 ===
  Gram-NCut: k_hat=3  ACC=0.9091  NMI=0.7880  ARI=0.7781  0.0s

=== P1L_S2_C3 train[6] k=3  dim=576  frames=99  σ=0.5  fold=5 ===
  Gram-NCut: k_hat=3  ACC=0.9697  NMI=0.9066  ARI=0.9152  0.0s

=== P1L_S3_C1 train[0] k=3  dim=576  frames=156  σ=0.5  fold=5 ===
  Gram-NCut: k_hat=3  ACC=0.4295  NMI=0.2486  ARI=0.0025  0.0s

=== P1L_S3_C1 train[1] k=3  dim=576  frames=120  σ=0.5  fold=5 ===
  Gram-NCut: k_hat=3  ACC=1.0000  NMI=1.0000  ARI=1.0000  0.0s

=== P1L_S3_C1 train[2] k=3  dim=576  frames=185  σ=0.5  fold=5 ===
  Gram-NCut: k_hat=3  ACC=0.9838  NMI=0.9402  ARI=0.9511  0.0s

=== P1L_S3_C1 train[3] k=3  dim=576  frames=156  σ=0.5  fold=5 ===
  Gram-NCut: k_hat=3  ACC=0.6474  NMI=0.6812  ARI=0.5139  0.0s

=== P1L_S3_C1 train[4] k=3  dim=576  frames=159  σ=0.5  fold=5 ===
  Gram-NCut: k_hat=3  ACC=0.9245  NMI=0.7727  ARI=0.7932  0.0s

=== P1L_S3_C1 train[5] k=3  dim=576  frames=176  σ=0.5  fold=5 ===
  Gram-NCut: k_hat=3  ACC=0.7045  NMI=0.6249  ARI=0.4050  0.0s

=== P1L_S3_C1 train[6] k=3  dim=576  frames=134  σ=0.5  fold=5 ===
  Gram-NCut: k_hat=3  ACC=0.9701  NMI=0.9016  ARI=0.9044  0.0s

=== P1L_S3_C2 train[0] k=3  dim=576  frames=185  σ=0.5  fold=5 ===
  Gram-NCut: k_hat=3  ACC=0.9297  NMI=0.8147  ARI=0.7964  0.0s

=== P1L_S3_C2 train[1] k=3  dim=576  frames=125  σ=0.5  fold=5 ===
  Gram-NCut: k_hat=3  ACC=0.7520  NMI=0.6568  ARI=0.5655  0.0s

=== P1L_S3_C2 train[2] k=3  dim=576  frames=166  σ=0.5  fold=5 ===
  Gram-NCut: k_hat=3  ACC=1.0000  NMI=1.0000  ARI=1.0000  0.0s

=== P1L_S3_C2 train[3] k=3  dim=576  frames=209  σ=0.5  fold=5 ===
  Gram-NCut: k_hat=3  ACC=0.7321  NMI=0.5271  ARI=0.4184  0.0s

=== P1L_S3_C2 train[4] k=3  dim=576  frames=168  σ=0.5  fold=5 ===
  Gram-NCut: k_hat=3  ACC=0.6488  NMI=0.6705  ARI=0.5211  0.0s

=== P1L_S3_C2 train[5] k=3  dim=576  frames=229  σ=0.5  fold=5 ===
  Gram-NCut: k_hat=3  ACC=0.4978  NMI=0.5341  ARI=0.3541  0.1s

=== P1L_S3_C2 train[6] k=3  dim=576  frames=136  σ=0.5  fold=5 ===
  Gram-NCut: k_hat=3  ACC=0.9559  NMI=0.8746  ARI=0.8649  0.0s

=== P1L_S3_C3 train[0] k=3  dim=576  frames=151  σ=0.5  fold=5 ===
  Gram-NCut: k_hat=3  ACC=1.0000  NMI=1.0000  ARI=1.0000  0.0s

=== P1L_S3_C3 train[1] k=3  dim=576  frames=118  σ=0.5  fold=5 ===
  Gram-NCut: k_hat=3  ACC=0.8983  NMI=0.7946  ARI=0.7354  0.0s

=== P1L_S3_C3 train[2] k=3  dim=576  frames=121  σ=0.5  fold=5 ===
  Gram-NCut: k_hat=3  ACC=1.0000  NMI=1.0000  ARI=1.0000  0.0s

=== P1L_S3_C3 train[3] k=3  dim=576  frames=142  σ=0.5  fold=5 ===
  Gram-NCut: k_hat=3  ACC=0.7958  NMI=0.6968  ARI=0.5429  0.0s

=== P1L_S3_C3 train[4] k=3  dim=576  frames=134  σ=0.5  fold=5 ===
  Gram-NCut: k_hat=3  ACC=0.8433  NMI=0.7262  ARI=0.5959  0.0s

=== P1L_S3_C3 train[5] k=3  dim=576  frames=161  σ=0.5  fold=5 ===
  Gram-NCut: k_hat=3  ACC=0.8323  NMI=0.7023  ARI=0.6433  0.0s

=== P1L_S3_C3 train[6] k=3  dim=576  frames=114  σ=0.5  fold=5 ===
  Gram-NCut: k_hat=3  ACC=0.9825  NMI=0.9372  ARI=0.9534  0.0s

=== P1L_S4_C1 train[0] k=3  dim=576  frames=200  σ=0.5  fold=5 ===
  Gram-NCut: k_hat=3  ACC=0.7350  NMI=0.6902  ARI=0.5295  0.0s

=== P1L_S4_C1 train[1] k=3  dim=576  frames=157  σ=0.5  fold=5 ===
  Gram-NCut: k_hat=3  ACC=0.9873  NMI=0.9482  ARI=0.9607  0.0s

=== P1L_S4_C1 train[2] k=3  dim=576  frames=154  σ=0.5  fold=5 ===
  Gram-NCut: k_hat=3  ACC=1.0000  NMI=1.0000  ARI=1.0000  0.0s

=== P1L_S4_C1 train[3] k=3  dim=576  frames=168  σ=0.5  fold=5 ===
  Gram-NCut: k_hat=3  ACC=0.7917  NMI=0.5827  ARI=0.4880  0.0s

=== P1L_S4_C1 train[4] k=3  dim=576  frames=142  σ=0.5  fold=5 ===
  Gram-NCut: k_hat=3  ACC=1.0000  NMI=1.0000  ARI=1.0000  0.0s

=== P1L_S4_C1 train[5] k=3  dim=576  frames=187  σ=0.5  fold=5 ===
  Gram-NCut: k_hat=3  ACC=0.7540  NMI=0.5479  ARI=0.4682  0.0s

=== P1L_S4_C1 train[6] k=3  dim=576  frames=202  σ=0.5  fold=5 ===
  Gram-NCut: k_hat=3  ACC=1.0000  NMI=1.0000  ARI=1.0000  0.0s

=== P1L_S4_C2 train[0] k=3  dim=576  frames=157  σ=0.5  fold=5 ===
  Gram-NCut: k_hat=3  ACC=0.7771  NMI=0.6675  ARI=0.4827  0.0s

=== P1L_S4_C2 train[1] k=3  dim=576  frames=149  σ=0.5  fold=5 ===
  Gram-NCut: k_hat=3  ACC=0.9329  NMI=0.8326  ARI=0.7976  0.0s

=== P1L_S4_C2 train[2] k=3  dim=576  frames=175  σ=0.5  fold=5 ===
  Gram-NCut: k_hat=3  ACC=1.0000  NMI=1.0000  ARI=1.0000  0.0s

=== P1L_S4_C2 train[3] k=3  dim=576  frames=168  σ=0.5  fold=5 ===
  Gram-NCut: k_hat=3  ACC=0.8571  NMI=0.7125  ARI=0.6257  0.0s

=== P1L_S4_C2 train[4] k=3  dim=576  frames=154  σ=0.5  fold=5 ===
  Gram-NCut: k_hat=3  ACC=0.8312  NMI=0.6938  ARI=0.5628  0.0s

=== P1L_S4_C2 train[5] k=3  dim=576  frames=169  σ=0.5  fold=5 ===
  Gram-NCut: k_hat=3  ACC=0.5917  NMI=0.6658  ARI=0.4783  0.0s

=== P1L_S4_C2 train[6] k=3  dim=576  frames=153  σ=0.5  fold=5 ===
  Gram-NCut: k_hat=3  ACC=0.9869  NMI=0.9501  ARI=0.9666  0.0s

=== P1L_S4_C3 train[0] k=3  dim=576  frames=96  σ=0.5  fold=5 ===
  Gram-NCut: k_hat=3  ACC=0.5417  NMI=0.6288  ARI=0.4177  0.0s

=== P1L_S4_C3 train[1] k=3  dim=576  frames=107  σ=0.5  fold=5 ===
  Gram-NCut: k_hat=3  ACC=1.0000  NMI=1.0000  ARI=1.0000  0.0s

=== P1L_S4_C3 train[2] k=3  dim=576  frames=94  σ=0.5  fold=5 ===
  Gram-NCut: k_hat=3  ACC=1.0000  NMI=1.0000  ARI=1.0000  0.0s

=== P1L_S4_C3 train[3] k=3  dim=576  frames=117  σ=0.5  fold=5 ===
  Gram-NCut: k_hat=3  ACC=0.6410  NMI=0.6653  ARI=0.4934  0.0s

=== P1L_S4_C3 train[4] k=3  dim=576  frames=112  σ=0.5  fold=5 ===
  Gram-NCut: k_hat=3  ACC=0.7411  NMI=0.6498  ARI=0.4345  0.0s

=== P1L_S4_C3 train[5] k=3  dim=576  frames=105  σ=0.5  fold=5 ===
  Gram-NCut: k_hat=3  ACC=0.5333  NMI=0.6115  ARI=0.4223  0.0s

=== P1L_S4_C3 train[6] k=3  dim=576  frames=107  σ=0.5  fold=5 ===
  Gram-NCut: k_hat=3  ACC=0.9720  NMI=0.9111  ARI=0.9208  0.0s

=== P1E_S1_C1 test[0] k=3  dim=576  frames=151  σ=0.5  fold=5 ===
  Gram-NCut: k_hat=3  ACC=0.5960  NMI=0.6690  ARI=0.4788  0.0s

=== P1E_S1_C2 test[0] k=3  dim=576  frames=122  σ=0.5  fold=5 ===
  Gram-NCut: k_hat=3  ACC=0.5574  NMI=0.6295  ARI=0.4511  0.0s

=== P1E_S1_C3 test[0] k=3  dim=576  frames=55  σ=0.5  fold=5 ===
  Gram-NCut: k_hat=3  ACC=0.9273  NMI=0.8278  ARI=0.7857  0.0s

=== P1E_S2_C1 test[0] k=3  dim=576  frames=124  σ=0.5  fold=5 ===
  Gram-NCut: k_hat=3  ACC=0.5403  NMI=0.6637  ARI=0.4600  0.0s

=== P1E_S2_C2 test[0] k=3  dim=576  frames=109  σ=0.5  fold=5 ===
  Gram-NCut: k_hat=3  ACC=0.7156  NMI=0.7051  ARI=0.5710  0.0s

=== P1E_S2_C3 test[0] k=3  dim=576  frames=87  σ=0.5  fold=5 ===
  Gram-NCut: k_hat=3  ACC=0.5977  NMI=0.6670  ARI=0.4754  0.0s

=== P1E_S3_C1 test[0] k=3  dim=576  frames=123  σ=0.5  fold=5 ===
  Gram-NCut: k_hat=3  ACC=0.5122  NMI=0.4251  ARI=0.2437  0.0s

=== P1E_S3_C2 test[0] k=3  dim=576  frames=107  σ=0.5  fold=5 ===
  Gram-NCut: k_hat=3  ACC=0.5981  NMI=0.6680  ARI=0.4761  0.0s

=== P1E_S3_C3 test[0] k=3  dim=576  frames=83  σ=0.5  fold=5 ===
  Gram-NCut: k_hat=3  ACC=0.9880  NMI=0.9530  ARI=0.9662  0.0s

=== P1E_S4_C1 test[0] k=3  dim=576  frames=133  σ=0.5  fold=5 ===
  Gram-NCut: k_hat=3  ACC=0.6466  NMI=0.6651  ARI=0.4918  0.0s

=== P1E_S4_C2 test[0] k=3  dim=576  frames=129  σ=0.5  fold=5 ===
  Gram-NCut: k_hat=3  ACC=0.5814  NMI=0.6628  ARI=0.4661  0.0s

=== P1E_S4_C3 test[0] k=3  dim=576  frames=76  σ=0.5  fold=5 ===
  Gram-NCut: k_hat=3  ACC=0.9605  NMI=0.8885  ARI=0.8936  0.0s

=== P1L_S1_C1 test[0] k=3  dim=576  frames=166  σ=0.5  fold=5 ===
  Gram-NCut: k_hat=3  ACC=1.0000  NMI=1.0000  ARI=1.0000  0.0s

=== P1L_S1_C2 test[0] k=3  dim=576  frames=154  σ=0.5  fold=5 ===
  Gram-NCut: k_hat=3  ACC=0.5065  NMI=0.6566  ARI=0.4500  0.0s

=== P1L_S1_C3 test[0] k=3  dim=576  frames=64  σ=0.5  fold=5 ===
  Gram-NCut: k_hat=3  ACC=0.6250  NMI=0.5313  ARI=0.4237  0.0s

=== P1L_S2_C1 test[0] k=3  dim=576  frames=179  σ=0.5  fold=5 ===
  Gram-NCut: k_hat=3  ACC=1.0000  NMI=1.0000  ARI=1.0000  0.0s

=== P1L_S2_C2 test[0] k=3  dim=576  frames=171  σ=0.5  fold=5 ===
  Gram-NCut: k_hat=3  ACC=0.8363  NMI=0.7362  ARI=0.6178  0.0s

=== P1L_S2_C3 test[0] k=3  dim=576  frames=102  σ=0.5  fold=5 ===
  Gram-NCut: k_hat=3  ACC=0.5392  NMI=0.6485  ARI=0.4410  0.0s

=== P1L_S3_C1 test[0] k=3  dim=576  frames=172  σ=0.5  fold=5 ===
  Gram-NCut: k_hat=3  ACC=0.5465  NMI=0.5683  ARI=0.3918  0.0s

=== P1L_S3_C2 test[0] k=3  dim=576  frames=187  σ=0.5  fold=5 ===
  Gram-NCut: k_hat=3  ACC=0.5722  NMI=0.6619  ARI=0.4650  0.0s

=== P1L_S3_C3 test[0] k=3  dim=576  frames=110  σ=0.5  fold=5 ===
  Gram-NCut: k_hat=3  ACC=0.8545  NMI=0.7538  ARI=0.6585  0.0s

=== P1L_S4_C1 test[0] k=3  dim=576  frames=164  σ=0.5  fold=5 ===
  Gram-NCut: k_hat=3  ACC=0.9573  NMI=0.8816  ARI=0.8804  0.0s

=== P1L_S4_C2 test[0] k=3  dim=576  frames=152  σ=0.5  fold=5 ===
  Gram-NCut: k_hat=3  ACC=0.5329  NMI=0.6488  ARI=0.4425  0.0s

=== P1L_S4_C3 test[0] k=3  dim=576  frames=103  σ=0.5  fold=5 ===
  Gram-NCut: k_hat=3  ACC=0.5922  NMI=0.6512  ARI=0.4530  0.0s
  tune_pool_groups=20: sampling from 22 held-in people (overlap allowed) instead of the 7 fixed partition group(s)

============================================================
σ=0.5 fold=6  test=['0007', '0010', '0020']  train mats=168  test mats=24  tune mats=480
  Gram-NCut: skip tuning, fixed 
  wrote /nfs/turbo/umms-minjilab/lpullela/icassp_ssc_tv2/block_ssc_benchmark/cv/params/surveillance/split_k3_sigmas_min30_trials20_params_knownk_cv_gram_ncut_k3_sigma0p5_sigma0.5_fold6.json

=== P1E_S1_C1 train[0] k=3  dim=576  frames=146  σ=0.5  fold=6 ===
  Gram-NCut: k_hat=3  ACC=0.9863  NMI=0.9433  ARI=0.9531  0.0s

=== P1E_S1_C1 train[1] k=3  dim=576  frames=153  σ=0.5  fold=6 ===
  Gram-NCut: k_hat=3  ACC=0.9739  NMI=0.9153  ARI=0.9230  0.0s

=== P1E_S1_C1 train[2] k=3  dim=576  frames=130  σ=0.5  fold=6 ===
  Gram-NCut: k_hat=3  ACC=1.0000  NMI=1.0000  ARI=1.0000  0.0s

=== P1E_S1_C1 train[3] k=3  dim=576  frames=140  σ=0.5  fold=6 ===
  Gram-NCut: k_hat=3  ACC=0.9000  NMI=0.7798  ARI=0.7028  0.0s

=== P1E_S1_C1 train[4] k=3  dim=576  frames=157  σ=0.5  fold=6 ===
  Gram-NCut: k_hat=3  ACC=0.5860  NMI=0.6302  ARI=0.4504  0.0s

=== P1E_S1_C1 train[5] k=3  dim=576  frames=151  σ=0.5  fold=6 ===
  Gram-NCut: k_hat=3  ACC=0.5960  NMI=0.6690  ARI=0.4788  0.0s

=== P1E_S1_C1 train[6] k=3  dim=576  frames=171  σ=0.5  fold=6 ===
  Gram-NCut: k_hat=3  ACC=0.9942  NMI=0.9732  ARI=0.9831  0.0s

=== P1E_S1_C2 train[0] k=3  dim=576  frames=147  σ=0.5  fold=6 ===
  Gram-NCut: k_hat=3  ACC=0.9456  NMI=0.8210  ARI=0.8387  0.0s

=== P1E_S1_C2 train[1] k=3  dim=576  frames=115  σ=0.5  fold=6 ===
  Gram-NCut: k_hat=3  ACC=0.9652  NMI=0.8758  ARI=0.8915  0.0s

=== P1E_S1_C2 train[2] k=3  dim=576  frames=104  σ=0.5  fold=6 ===
  Gram-NCut: k_hat=3  ACC=1.0000  NMI=1.0000  ARI=1.0000  0.0s

=== P1E_S1_C2 train[3] k=3  dim=576  frames=138  σ=0.5  fold=6 ===
  Gram-NCut: k_hat=3  ACC=0.9203  NMI=0.7770  ARI=0.7814  0.0s

=== P1E_S1_C2 train[4] k=3  dim=576  frames=113  σ=0.5  fold=6 ===
  Gram-NCut: k_hat=3  ACC=0.4690  NMI=0.3839  ARI=0.1885  0.0s

=== P1E_S1_C2 train[5] k=3  dim=576  frames=122  σ=0.5  fold=6 ===
  Gram-NCut: k_hat=3  ACC=0.5574  NMI=0.6295  ARI=0.4511  0.0s

=== P1E_S1_C2 train[6] k=3  dim=576  frames=134  σ=0.5  fold=6 ===
  Gram-NCut: k_hat=3  ACC=0.9851  NMI=0.9443  ARI=0.9564  0.0s

=== P1E_S1_C3 train[0] k=3  dim=576  frames=58  σ=0.5  fold=6 ===
  Gram-NCut: k_hat=3  ACC=0.6897  NMI=0.5509  ARI=0.3975  0.0s

=== P1E_S1_C3 train[1] k=3  dim=576  frames=56  σ=0.5  fold=6 ===
  Gram-NCut: k_hat=3  ACC=0.9821  NMI=0.9373  ARI=0.9623  0.0s

=== P1E_S1_C3 train[2] k=3  dim=576  frames=47  σ=0.5  fold=6 ===
  Gram-NCut: k_hat=3  ACC=0.9787  NMI=0.9290  ARI=0.9459  0.0s

=== P1E_S1_C3 train[3] k=3  dim=576  frames=61  σ=0.5  fold=6 ===
  Gram-NCut: k_hat=3  ACC=0.8689  NMI=0.7042  ARI=0.7077  0.0s

=== P1E_S1_C3 train[4] k=3  dim=576  frames=37  σ=0.5  fold=6 ===
  Gram-NCut: k_hat=3  ACC=0.6216  NMI=0.5185  ARI=0.3879  0.0s

=== P1E_S1_C3 train[5] k=3  dim=576  frames=55  σ=0.5  fold=6 ===
  Gram-NCut: k_hat=3  ACC=0.9273  NMI=0.8278  ARI=0.7857  0.0s

=== P1E_S1_C3 train[6] k=3  dim=576  frames=69  σ=0.5  fold=6 ===
  Gram-NCut: k_hat=3  ACC=0.5507  NMI=0.4634  ARI=0.2941  0.0s

=== P1E_S2_C1 train[0] k=3  dim=576  frames=167  σ=0.5  fold=6 ===
  Gram-NCut: k_hat=3  ACC=0.9760  NMI=0.9201  ARI=0.9285  0.0s

=== P1E_S2_C1 train[1] k=3  dim=576  frames=151  σ=0.5  fold=6 ===
  Gram-NCut: k_hat=3  ACC=0.7351  NMI=0.5982  ARI=0.4947  0.0s

=== P1E_S2_C1 train[2] k=3  dim=576  frames=136  σ=0.5  fold=6 ===
  Gram-NCut: k_hat=3  ACC=0.9559  NMI=0.8767  ARI=0.8705  0.0s

=== P1E_S2_C1 train[3] k=3  dim=576  frames=180  σ=0.5  fold=6 ===
  Gram-NCut: k_hat=3  ACC=0.7111  NMI=0.6328  ARI=0.4904  0.0s

=== P1E_S2_C1 train[4] k=3  dim=576  frames=149  σ=0.5  fold=6 ===
  Gram-NCut: k_hat=3  ACC=0.6040  NMI=0.6711  ARI=0.4842  0.0s

=== P1E_S2_C1 train[5] k=3  dim=576  frames=124  σ=0.5  fold=6 ===
  Gram-NCut: k_hat=3  ACC=0.5403  NMI=0.6637  ARI=0.4600  0.0s

=== P1E_S2_C1 train[6] k=3  dim=576  frames=153  σ=0.5  fold=6 ===
  Gram-NCut: k_hat=3  ACC=0.9477  NMI=0.8339  ARI=0.8549  0.0s

=== P1E_S2_C2 train[0] k=3  dim=576  frames=146  σ=0.5  fold=6 ===
  Gram-NCut: k_hat=3  ACC=0.9384  NMI=0.8294  ARI=0.8374  0.0s

=== P1E_S2_C2 train[1] k=3  dim=576  frames=115  σ=0.5  fold=6 ===
  Gram-NCut: k_hat=3  ACC=0.9826  NMI=0.9253  ARI=0.9458  0.0s

=== P1E_S2_C2 train[2] k=3  dim=576  frames=109  σ=0.5  fold=6 ===
  Gram-NCut: k_hat=3  ACC=1.0000  NMI=1.0000  ARI=1.0000  0.0s

=== P1E_S2_C2 train[3] k=3  dim=576  frames=144  σ=0.5  fold=6 ===
  Gram-NCut: k_hat=3  ACC=0.9236  NMI=0.8071  ARI=0.7936  0.0s

=== P1E_S2_C2 train[4] k=3  dim=576  frames=124  σ=0.5  fold=6 ===
  Gram-NCut: k_hat=3  ACC=0.9919  NMI=0.9642  ARI=0.9736  0.0s

=== P1E_S2_C2 train[5] k=3  dim=576  frames=109  σ=0.5  fold=6 ===
  Gram-NCut: k_hat=3  ACC=0.7156  NMI=0.7051  ARI=0.5710  0.0s

=== P1E_S2_C2 train[6] k=3  dim=576  frames=126  σ=0.5  fold=6 ===
  Gram-NCut: k_hat=3  ACC=0.9762  NMI=0.9207  ARI=0.9308  0.0s

=== P1E_S2_C3 train[0] k=3  dim=576  frames=113  σ=0.5  fold=6 ===
  Gram-NCut: k_hat=3  ACC=0.9735  NMI=0.9152  ARI=0.9282  0.0s

=== P1E_S2_C3 train[1] k=3  dim=576  frames=88  σ=0.5  fold=6 ===
  Gram-NCut: k_hat=3  ACC=1.0000  NMI=1.0000  ARI=1.0000  0.0s

=== P1E_S2_C3 train[2] k=3  dim=576  frames=90  σ=0.5  fold=6 ===
  Gram-NCut: k_hat=3  ACC=0.9667  NMI=0.8979  ARI=0.8982  0.0s

=== P1E_S2_C3 train[3] k=3  dim=576  frames=112  σ=0.5  fold=6 ===
  Gram-NCut: k_hat=3  ACC=0.7054  NMI=0.5806  ARI=0.4578  0.0s

=== P1E_S2_C3 train[4] k=3  dim=576  frames=99  σ=0.5  fold=6 ===
  Gram-NCut: k_hat=3  ACC=0.9394  NMI=0.8491  ARI=0.8306  0.0s

=== P1E_S2_C3 train[5] k=3  dim=576  frames=87  σ=0.5  fold=6 ===
  Gram-NCut: k_hat=3  ACC=0.5977  NMI=0.6670  ARI=0.4754  0.0s

=== P1E_S2_C3 train[6] k=3  dim=576  frames=89  σ=0.5  fold=6 ===
  Gram-NCut: k_hat=3  ACC=0.9775  NMI=0.9248  ARI=0.9383  0.0s

=== P1E_S3_C1 train[0] k=3  dim=576  frames=166  σ=0.5  fold=6 ===
  Gram-NCut: k_hat=3  ACC=0.7349  NMI=0.6597  ARI=0.4641  0.0s

=== P1E_S3_C1 train[1] k=3  dim=576  frames=139  σ=0.5  fold=6 ===
  Gram-NCut: k_hat=3  ACC=0.7410  NMI=0.6999  ARI=0.5517  0.0s

=== P1E_S3_C1 train[2] k=3  dim=576  frames=134  σ=0.5  fold=6 ===
  Gram-NCut: k_hat=3  ACC=0.8060  NMI=0.6505  ARI=0.5388  0.0s

=== P1E_S3_C1 train[3] k=3  dim=576  frames=161  σ=0.5  fold=6 ===
  Gram-NCut: k_hat=3  ACC=0.7888  NMI=0.7131  ARI=0.5833  0.0s

=== P1E_S3_C1 train[4] k=3  dim=576  frames=168  σ=0.5  fold=6 ===
  Gram-NCut: k_hat=3  ACC=0.8571  NMI=0.7396  ARI=0.6204  0.0s

=== P1E_S3_C1 train[5] k=3  dim=576  frames=123  σ=0.5  fold=6 ===
  Gram-NCut: k_hat=3  ACC=0.5122  NMI=0.4251  ARI=0.2437  0.0s

=== P1E_S3_C1 train[6] k=3  dim=576  frames=112  σ=0.5  fold=6 ===
  Gram-NCut: k_hat=3  ACC=0.5625  NMI=0.6127  ARI=0.4282  0.0s

=== P1E_S3_C2 train[0] k=3  dim=576  frames=147  σ=0.5  fold=6 ===
  Gram-NCut: k_hat=3  ACC=0.8912  NMI=0.7677  ARI=0.6800  0.0s

=== P1E_S3_C2 train[1] k=3  dim=576  frames=120  σ=0.5  fold=6 ===
  Gram-NCut: k_hat=3  ACC=0.6917  NMI=0.6689  ARI=0.4777  0.0s

=== P1E_S3_C2 train[2] k=3  dim=576  frames=112  σ=0.5  fold=6 ===
  Gram-NCut: k_hat=3  ACC=0.9375  NMI=0.8076  ARI=0.8112  0.0s

=== P1E_S3_C2 train[3] k=3  dim=576  frames=168  σ=0.5  fold=6 ===
  Gram-NCut: k_hat=3  ACC=0.6905  NMI=0.6422  ARI=0.4322  0.0s

=== P1E_S3_C2 train[4] k=3  dim=576  frames=169  σ=0.5  fold=6 ===
  Gram-NCut: k_hat=3  ACC=0.6213  NMI=0.6032  ARI=0.4433  0.0s

=== P1E_S3_C2 train[5] k=3  dim=576  frames=107  σ=0.5  fold=6 ===
  Gram-NCut: k_hat=3  ACC=0.5981  NMI=0.6680  ARI=0.4761  0.0s

=== P1E_S3_C2 train[6] k=3  dim=576  frames=114  σ=0.5  fold=6 ===
  Gram-NCut: k_hat=3  ACC=0.9825  NMI=0.9333  ARI=0.9468  0.0s

=== P1E_S3_C3 train[0] k=3  dim=576  frames=105  σ=0.5  fold=6 ===
  Gram-NCut: k_hat=3  ACC=1.0000  NMI=1.0000  ARI=1.0000  0.0s

=== P1E_S3_C3 train[1] k=3  dim=576  frames=89  σ=0.5  fold=6 ===
  Gram-NCut: k_hat=3  ACC=1.0000  NMI=1.0000  ARI=1.0000  0.0s

=== P1E_S3_C3 train[2] k=3  dim=576  frames=84  σ=0.5  fold=6 ===
  Gram-NCut: k_hat=3  ACC=0.9881  NMI=0.9525  ARI=0.9657  0.0s

=== P1E_S3_C3 train[3] k=3  dim=576  frames=125  σ=0.5  fold=6 ===
  Gram-NCut: k_hat=3  ACC=0.7040  NMI=0.6605  ARI=0.4664  0.0s

=== P1E_S3_C3 train[4] k=3  dim=576  frames=128  σ=0.5  fold=6 ===
  Gram-NCut: k_hat=3  ACC=0.7031  NMI=0.6354  ARI=0.5070  0.0s

=== P1E_S3_C3 train[5] k=3  dim=576  frames=83  σ=0.5  fold=6 ===
  Gram-NCut: k_hat=3  ACC=0.9880  NMI=0.9530  ARI=0.9662  0.0s

=== P1E_S3_C3 train[6] k=3  dim=576  frames=84  σ=0.5  fold=6 ===
  Gram-NCut: k_hat=3  ACC=0.9881  NMI=0.9523  ARI=0.9667  0.0s

=== P1E_S4_C1 train[0] k=3  dim=576  frames=158  σ=0.5  fold=6 ===
  Gram-NCut: k_hat=3  ACC=0.8481  NMI=0.7167  ARI=0.5780  0.0s

=== P1E_S4_C1 train[1] k=3  dim=576  frames=107  σ=0.5  fold=6 ===
  Gram-NCut: k_hat=3  ACC=1.0000  NMI=1.0000  ARI=1.0000  0.0s

=== P1E_S4_C1 train[2] k=3  dim=576  frames=155  σ=0.5  fold=6 ===
  Gram-NCut: k_hat=3  ACC=0.9806  NMI=0.9205  ARI=0.9410  0.0s

=== P1E_S4_C1 train[3] k=3  dim=576  frames=182  σ=0.5  fold=6 ===
  Gram-NCut: k_hat=3  ACC=0.8626  NMI=0.7396  ARI=0.6658  0.0s

=== P1E_S4_C1 train[4] k=3  dim=576  frames=180  σ=0.5  fold=6 ===
  Gram-NCut: k_hat=3  ACC=0.6778  NMI=0.6859  ARI=0.5257  0.0s

=== P1E_S4_C1 train[5] k=3  dim=576  frames=133  σ=0.5  fold=6 ===
  Gram-NCut: k_hat=3  ACC=0.6466  NMI=0.6651  ARI=0.4918  0.0s

=== P1E_S4_C1 train[6] k=3  dim=576  frames=145  σ=0.5  fold=6 ===
  Gram-NCut: k_hat=3  ACC=0.5586  NMI=0.4559  ARI=0.2836  0.0s

=== P1E_S4_C2 train[0] k=3  dim=576  frames=117  σ=0.5  fold=6 ===
  Gram-NCut: k_hat=3  ACC=0.9744  NMI=0.9022  ARI=0.9249  0.0s

=== P1E_S4_C2 train[1] k=3  dim=576  frames=125  σ=0.5  fold=6 ===
  Gram-NCut: k_hat=3  ACC=0.9840  NMI=0.9301  ARI=0.9501  0.0s

=== P1E_S4_C2 train[2] k=3  dim=576  frames=122  σ=0.5  fold=6 ===
  Gram-NCut: k_hat=3  ACC=1.0000  NMI=1.0000  ARI=1.0000  0.0s

=== P1E_S4_C2 train[3] k=3  dim=576  frames=126  σ=0.5  fold=6 ===
  Gram-NCut: k_hat=3  ACC=0.5794  NMI=0.6257  ARI=0.4169  0.0s

=== P1E_S4_C2 train[4] k=3  dim=576  frames=140  σ=0.5  fold=6 ===
  Gram-NCut: k_hat=3  ACC=0.9786  NMI=0.9234  ARI=0.9323  0.0s

=== P1E_S4_C2 train[5] k=3  dim=576  frames=129  σ=0.5  fold=6 ===
  Gram-NCut: k_hat=3  ACC=0.5814  NMI=0.6628  ARI=0.4661  0.0s

=== P1E_S4_C2 train[6] k=3  dim=576  frames=110  σ=0.5  fold=6 ===
  Gram-NCut: k_hat=3  ACC=0.9909  NMI=0.9623  ARI=0.9753  0.0s

=== P1E_S4_C3 train[0] k=3  dim=576  frames=90  σ=0.5  fold=6 ===
  Gram-NCut: k_hat=3  ACC=0.7778  NMI=0.5888  ARI=0.4859  0.0s

=== P1E_S4_C3 train[1] k=3  dim=576  frames=64  σ=0.5  fold=6 ===
  Gram-NCut: k_hat=3  ACC=0.9062  NMI=0.7546  ARI=0.7559  0.0s

=== P1E_S4_C3 train[2] k=3  dim=576  frames=85  σ=0.5  fold=6 ===
  Gram-NCut: k_hat=3  ACC=0.9412  NMI=0.8539  ARI=0.8378  0.0s

=== P1E_S4_C3 train[3] k=3  dim=576  frames=105  σ=0.5  fold=6 ===
  Gram-NCut: k_hat=3  ACC=0.6667  NMI=0.6363  ARI=0.5331  0.0s

=== P1E_S4_C3 train[4] k=3  dim=576  frames=87  σ=0.5  fold=6 ===
  Gram-NCut: k_hat=3  ACC=0.6437  NMI=0.5431  ARI=0.4460  0.0s

=== P1E_S4_C3 train[5] k=3  dim=576  frames=76  σ=0.5  fold=6 ===
  Gram-NCut: k_hat=3  ACC=0.9605  NMI=0.8885  ARI=0.8936  0.0s

=== P1E_S4_C3 train[6] k=3  dim=576  frames=79  σ=0.5  fold=6 ===
  Gram-NCut: k_hat=3  ACC=0.6203  NMI=0.5684  ARI=0.4158  0.0s

=== P1L_S1_C1 train[0] k=3  dim=576  frames=162  σ=0.5  fold=6 ===
  Gram-NCut: k_hat=3  ACC=0.9815  NMI=0.9346  ARI=0.9472  0.0s

=== P1L_S1_C1 train[1] k=3  dim=576  frames=170  σ=0.5  fold=6 ===
  Gram-NCut: k_hat=3  ACC=0.7882  NMI=0.6873  ARI=0.5109  0.0s

=== P1L_S1_C1 train[2] k=3  dim=576  frames=155  σ=0.5  fold=6 ===
  Gram-NCut: k_hat=3  ACC=1.0000  NMI=1.0000  ARI=1.0000  0.0s

=== P1L_S1_C1 train[3] k=3  dim=576  frames=182  σ=0.5  fold=6 ===
  Gram-NCut: k_hat=3  ACC=0.9780  NMI=0.9147  ARI=0.9368  0.0s

=== P1L_S1_C1 train[4] k=3  dim=576  frames=198  σ=0.5  fold=6 ===
  Gram-NCut: k_hat=3  ACC=0.7273  NMI=0.6733  ARI=0.5345  0.0s

=== P1L_S1_C1 train[5] k=3  dim=576  frames=166  σ=0.5  fold=6 ===
  Gram-NCut: k_hat=3  ACC=1.0000  NMI=1.0000  ARI=1.0000  0.0s

=== P1L_S1_C1 train[6] k=3  dim=576  frames=175  σ=0.5  fold=6 ===
  Gram-NCut: k_hat=3  ACC=0.9943  NMI=0.9736  ARI=0.9843  0.0s

=== P1L_S1_C2 train[0] k=3  dim=576  frames=186  σ=0.5  fold=6 ===
  Gram-NCut: k_hat=3  ACC=0.7688  NMI=0.6813  ARI=0.5085  0.0s

=== P1L_S1_C2 train[1] k=3  dim=576  frames=137  σ=0.5  fold=6 ===
  Gram-NCut: k_hat=3  ACC=0.8029  NMI=0.7019  ARI=0.5528  0.0s

=== P1L_S1_C2 train[2] k=3  dim=576  frames=147  σ=0.5  fold=6 ===
  Gram-NCut: k_hat=3  ACC=0.9932  NMI=0.9697  ARI=0.9804  0.0s

=== P1L_S1_C2 train[3] k=3  dim=576  frames=181  σ=0.5  fold=6 ===
  Gram-NCut: k_hat=3  ACC=0.5359  NMI=0.6356  ARI=0.4280  0.0s

=== P1L_S1_C2 train[4] k=3  dim=576  frames=128  σ=0.5  fold=6 ===
  Gram-NCut: k_hat=3  ACC=0.5625  NMI=0.6666  ARI=0.4689  0.0s

=== P1L_S1_C2 train[5] k=3  dim=576  frames=154  σ=0.5  fold=6 ===
  Gram-NCut: k_hat=3  ACC=0.5065  NMI=0.6566  ARI=0.4500  0.0s

=== P1L_S1_C2 train[6] k=3  dim=576  frames=168  σ=0.5  fold=6 ===
  Gram-NCut: k_hat=3  ACC=0.9881  NMI=0.9537  ARI=0.9677  0.0s

=== P1L_S1_C3 train[0] k=3  dim=576  frames=60  σ=0.5  fold=6 ===
  Gram-NCut: k_hat=3  ACC=0.5167  NMI=0.5800  ARI=0.3887  0.0s

=== P1L_S1_C3 train[1] k=3  dim=576  frames=68  σ=0.5  fold=6 ===
  Gram-NCut: k_hat=3  ACC=1.0000  NMI=1.0000  ARI=1.0000  0.0s

=== P1L_S1_C3 train[2] k=3  dim=576  frames=65  σ=0.5  fold=6 ===
  Gram-NCut: k_hat=3  ACC=0.8615  NMI=0.7478  ARI=0.6419  0.0s

=== P1L_S1_C3 train[3] k=3  dim=576  frames=74  σ=0.5  fold=6 ===
  Gram-NCut: k_hat=3  ACC=0.5811  NMI=0.6230  ARI=0.4548  0.0s

=== P1L_S1_C3 train[4] k=3  dim=576  frames=73  σ=0.5  fold=6 ===
  Gram-NCut: k_hat=3  ACC=0.6575  NMI=0.6754  ARI=0.5014  0.0s

=== P1L_S1_C3 train[5] k=3  dim=576  frames=64  σ=0.5  fold=6 ===
  Gram-NCut: k_hat=3  ACC=0.6250  NMI=0.5313  ARI=0.4237  0.0s

=== P1L_S1_C3 train[6] k=3  dim=576  frames=75  σ=0.5  fold=6 ===
  Gram-NCut: k_hat=3  ACC=0.9867  NMI=0.9474  ARI=0.9569  0.0s

=== P1L_S2_C1 train[0] k=3  dim=576  frames=211  σ=0.5  fold=6 ===
  Gram-NCut: k_hat=3  ACC=0.8199  NMI=0.7231  ARI=0.6077  0.0s

=== P1L_S2_C1 train[1] k=3  dim=576  frames=190  σ=0.5  fold=6 ===
  Gram-NCut: k_hat=3  ACC=0.7211  NMI=0.6714  ARI=0.4890  0.0s

=== P1L_S2_C1 train[2] k=3  dim=576  frames=180  σ=0.5  fold=6 ===
  Gram-NCut: k_hat=3  ACC=1.0000  NMI=1.0000  ARI=1.0000  0.0s

=== P1L_S2_C1 train[3] k=3  dim=576  frames=177  σ=0.5  fold=6 ===
  Gram-NCut: k_hat=3  ACC=0.8136  NMI=0.6377  ARI=0.5512  0.0s

=== P1L_S2_C1 train[4] k=3  dim=576  frames=172  σ=0.5  fold=6 ===
  Gram-NCut: k_hat=3  ACC=0.9535  NMI=0.8772  ARI=0.8928  0.0s

=== P1L_S2_C1 train[5] k=3  dim=576  frames=179  σ=0.5  fold=6 ===
  Gram-NCut: k_hat=3  ACC=1.0000  NMI=1.0000  ARI=1.0000  0.0s

=== P1L_S2_C1 train[6] k=3  dim=576  frames=133  σ=0.5  fold=6 ===
  Gram-NCut: k_hat=3  ACC=1.0000  NMI=1.0000  ARI=1.0000  0.0s

=== P1L_S2_C2 train[0] k=3  dim=576  frames=194  σ=0.5  fold=6 ===
  Gram-NCut: k_hat=3  ACC=0.7990  NMI=0.6607  ARI=0.5018  0.0s

=== P1L_S2_C2 train[1] k=3  dim=576  frames=155  σ=0.5  fold=6 ===
  Gram-NCut: k_hat=3  ACC=0.9806  NMI=0.9316  ARI=0.9416  0.0s

=== P1L_S2_C2 train[2] k=3  dim=576  frames=134  σ=0.5  fold=6 ===
  Gram-NCut: k_hat=3  ACC=1.0000  NMI=1.0000  ARI=1.0000  0.0s

=== P1L_S2_C2 train[3] k=3  dim=576  frames=186  σ=0.5  fold=6 ===
  Gram-NCut: k_hat=3  ACC=0.9570  NMI=0.8560  ARI=0.8853  0.0s

=== P1L_S2_C2 train[4] k=3  dim=576  frames=201  σ=0.5  fold=6 ===
  Gram-NCut: k_hat=3  ACC=0.8856  NMI=0.7479  ARI=0.7108  0.0s

=== P1L_S2_C2 train[5] k=3  dim=576  frames=171  σ=0.5  fold=6 ===
  Gram-NCut: k_hat=3  ACC=0.8363  NMI=0.7362  ARI=0.6178  0.0s

=== P1L_S2_C2 train[6] k=3  dim=576  frames=154  σ=0.5  fold=6 ===
  Gram-NCut: k_hat=3  ACC=0.9935  NMI=0.9704  ARI=0.9818  0.0s

=== P1L_S2_C3 train[0] k=3  dim=576  frames=119  σ=0.5  fold=6 ===
  Gram-NCut: k_hat=3  ACC=1.0000  NMI=1.0000  ARI=1.0000  0.0s

=== P1L_S2_C3 train[1] k=3  dim=576  frames=101  σ=0.5  fold=6 ===
  Gram-NCut: k_hat=3  ACC=0.8119  NMI=0.7135  ARI=0.5605  0.0s

=== P1L_S2_C3 train[2] k=3  dim=576  frames=85  σ=0.5  fold=6 ===
  Gram-NCut: k_hat=3  ACC=1.0000  NMI=1.0000  ARI=1.0000  0.0s

=== P1L_S2_C3 train[3] k=3  dim=576  frames=112  σ=0.5  fold=6 ===
  Gram-NCut: k_hat=3  ACC=0.5893  NMI=0.6656  ARI=0.4708  0.0s

=== P1L_S2_C3 train[4] k=3  dim=576  frames=126  σ=0.5  fold=6 ===
  Gram-NCut: k_hat=3  ACC=0.8651  NMI=0.7610  ARI=0.6671  0.0s

=== P1L_S2_C3 train[5] k=3  dim=576  frames=102  σ=0.5  fold=6 ===
  Gram-NCut: k_hat=3  ACC=0.5392  NMI=0.6485  ARI=0.4410  0.0s

=== P1L_S2_C3 train[6] k=3  dim=576  frames=99  σ=0.5  fold=6 ===
  Gram-NCut: k_hat=3  ACC=0.9697  NMI=0.9066  ARI=0.9152  0.0s

=== P1L_S3_C1 train[0] k=3  dim=576  frames=156  σ=0.5  fold=6 ===
  Gram-NCut: k_hat=3  ACC=0.4295  NMI=0.2486  ARI=0.0025  0.0s

=== P1L_S3_C1 train[1] k=3  dim=576  frames=120  σ=0.5  fold=6 ===
  Gram-NCut: k_hat=3  ACC=1.0000  NMI=1.0000  ARI=1.0000  0.0s

=== P1L_S3_C1 train[2] k=3  dim=576  frames=185  σ=0.5  fold=6 ===
  Gram-NCut: k_hat=3  ACC=0.9838  NMI=0.9402  ARI=0.9511  0.0s

=== P1L_S3_C1 train[3] k=3  dim=576  frames=156  σ=0.5  fold=6 ===
  Gram-NCut: k_hat=3  ACC=0.6474  NMI=0.6812  ARI=0.5139  0.0s

=== P1L_S3_C1 train[4] k=3  dim=576  frames=159  σ=0.5  fold=6 ===
  Gram-NCut: k_hat=3  ACC=0.9245  NMI=0.7727  ARI=0.7932  0.0s

=== P1L_S3_C1 train[5] k=3  dim=576  frames=172  σ=0.5  fold=6 ===
  Gram-NCut: k_hat=3  ACC=0.5465  NMI=0.5683  ARI=0.3918  0.0s

=== P1L_S3_C1 train[6] k=3  dim=576  frames=134  σ=0.5  fold=6 ===
  Gram-NCut: k_hat=3  ACC=0.9701  NMI=0.9016  ARI=0.9044  0.0s

=== P1L_S3_C2 train[0] k=3  dim=576  frames=185  σ=0.5  fold=6 ===
  Gram-NCut: k_hat=3  ACC=0.9297  NMI=0.8147  ARI=0.7964  0.0s

=== P1L_S3_C2 train[1] k=3  dim=576  frames=125  σ=0.5  fold=6 ===
  Gram-NCut: k_hat=3  ACC=0.7520  NMI=0.6568  ARI=0.5655  0.0s

=== P1L_S3_C2 train[2] k=3  dim=576  frames=166  σ=0.5  fold=6 ===
  Gram-NCut: k_hat=3  ACC=1.0000  NMI=1.0000  ARI=1.0000  0.0s

=== P1L_S3_C2 train[3] k=3  dim=576  frames=209  σ=0.5  fold=6 ===
  Gram-NCut: k_hat=3  ACC=0.7321  NMI=0.5271  ARI=0.4184  0.0s

=== P1L_S3_C2 train[4] k=3  dim=576  frames=168  σ=0.5  fold=6 ===
  Gram-NCut: k_hat=3  ACC=0.6488  NMI=0.6705  ARI=0.5211  0.0s

=== P1L_S3_C2 train[5] k=3  dim=576  frames=187  σ=0.5  fold=6 ===
  Gram-NCut: k_hat=3  ACC=0.5722  NMI=0.6619  ARI=0.4650  0.0s

=== P1L_S3_C2 train[6] k=3  dim=576  frames=136  σ=0.5  fold=6 ===
  Gram-NCut: k_hat=3  ACC=0.9559  NMI=0.8746  ARI=0.8649  0.0s

=== P1L_S3_C3 train[0] k=3  dim=576  frames=151  σ=0.5  fold=6 ===
  Gram-NCut: k_hat=3  ACC=1.0000  NMI=1.0000  ARI=1.0000  0.0s

=== P1L_S3_C3 train[1] k=3  dim=576  frames=118  σ=0.5  fold=6 ===
  Gram-NCut: k_hat=3  ACC=0.8983  NMI=0.7946  ARI=0.7354  0.0s

=== P1L_S3_C3 train[2] k=3  dim=576  frames=121  σ=0.5  fold=6 ===
  Gram-NCut: k_hat=3  ACC=1.0000  NMI=1.0000  ARI=1.0000  0.0s

=== P1L_S3_C3 train[3] k=3  dim=576  frames=142  σ=0.5  fold=6 ===
  Gram-NCut: k_hat=3  ACC=0.7958  NMI=0.6968  ARI=0.5429  0.0s

=== P1L_S3_C3 train[4] k=3  dim=576  frames=134  σ=0.5  fold=6 ===
  Gram-NCut: k_hat=3  ACC=0.8433  NMI=0.7262  ARI=0.5959  0.0s

=== P1L_S3_C3 train[5] k=3  dim=576  frames=110  σ=0.5  fold=6 ===
  Gram-NCut: k_hat=3  ACC=0.8545  NMI=0.7538  ARI=0.6585  0.0s

=== P1L_S3_C3 train[6] k=3  dim=576  frames=114  σ=0.5  fold=6 ===
  Gram-NCut: k_hat=3  ACC=0.9825  NMI=0.9372  ARI=0.9534  0.0s

=== P1L_S4_C1 train[0] k=3  dim=576  frames=200  σ=0.5  fold=6 ===
  Gram-NCut: k_hat=3  ACC=0.7350  NMI=0.6902  ARI=0.5295  0.0s

=== P1L_S4_C1 train[1] k=3  dim=576  frames=157  σ=0.5  fold=6 ===
  Gram-NCut: k_hat=3  ACC=0.9873  NMI=0.9482  ARI=0.9607  0.0s

=== P1L_S4_C1 train[2] k=3  dim=576  frames=154  σ=0.5  fold=6 ===
  Gram-NCut: k_hat=3  ACC=1.0000  NMI=1.0000  ARI=1.0000  0.0s

=== P1L_S4_C1 train[3] k=3  dim=576  frames=168  σ=0.5  fold=6 ===
  Gram-NCut: k_hat=3  ACC=0.7917  NMI=0.5827  ARI=0.4880  0.0s

=== P1L_S4_C1 train[4] k=3  dim=576  frames=142  σ=0.5  fold=6 ===
  Gram-NCut: k_hat=3  ACC=1.0000  NMI=1.0000  ARI=1.0000  0.0s

=== P1L_S4_C1 train[5] k=3  dim=576  frames=164  σ=0.5  fold=6 ===
  Gram-NCut: k_hat=3  ACC=0.9573  NMI=0.8816  ARI=0.8804  0.0s

=== P1L_S4_C1 train[6] k=3  dim=576  frames=202  σ=0.5  fold=6 ===
  Gram-NCut: k_hat=3  ACC=1.0000  NMI=1.0000  ARI=1.0000  0.0s

=== P1L_S4_C2 train[0] k=3  dim=576  frames=157  σ=0.5  fold=6 ===
  Gram-NCut: k_hat=3  ACC=0.7771  NMI=0.6675  ARI=0.4827  0.0s

=== P1L_S4_C2 train[1] k=3  dim=576  frames=149  σ=0.5  fold=6 ===
  Gram-NCut: k_hat=3  ACC=0.9329  NMI=0.8326  ARI=0.7976  0.0s

=== P1L_S4_C2 train[2] k=3  dim=576  frames=175  σ=0.5  fold=6 ===
  Gram-NCut: k_hat=3  ACC=1.0000  NMI=1.0000  ARI=1.0000  0.0s

=== P1L_S4_C2 train[3] k=3  dim=576  frames=168  σ=0.5  fold=6 ===
  Gram-NCut: k_hat=3  ACC=0.8571  NMI=0.7125  ARI=0.6257  0.0s

=== P1L_S4_C2 train[4] k=3  dim=576  frames=154  σ=0.5  fold=6 ===
  Gram-NCut: k_hat=3  ACC=0.8312  NMI=0.6938  ARI=0.5628  0.0s

=== P1L_S4_C2 train[5] k=3  dim=576  frames=152  σ=0.5  fold=6 ===
  Gram-NCut: k_hat=3  ACC=0.5329  NMI=0.6488  ARI=0.4425  0.0s

=== P1L_S4_C2 train[6] k=3  dim=576  frames=153  σ=0.5  fold=6 ===
  Gram-NCut: k_hat=3  ACC=0.9869  NMI=0.9501  ARI=0.9666  0.0s

=== P1L_S4_C3 train[0] k=3  dim=576  frames=96  σ=0.5  fold=6 ===
  Gram-NCut: k_hat=3  ACC=0.5417  NMI=0.6288  ARI=0.4177  0.0s

=== P1L_S4_C3 train[1] k=3  dim=576  frames=107  σ=0.5  fold=6 ===
  Gram-NCut: k_hat=3  ACC=1.0000  NMI=1.0000  ARI=1.0000  0.0s

=== P1L_S4_C3 train[2] k=3  dim=576  frames=94  σ=0.5  fold=6 ===
  Gram-NCut: k_hat=3  ACC=1.0000  NMI=1.0000  ARI=1.0000  0.0s

=== P1L_S4_C3 train[3] k=3  dim=576  frames=117  σ=0.5  fold=6 ===
  Gram-NCut: k_hat=3  ACC=0.6410  NMI=0.6653  ARI=0.4934  0.0s

=== P1L_S4_C3 train[4] k=3  dim=576  frames=112  σ=0.5  fold=6 ===
  Gram-NCut: k_hat=3  ACC=0.7411  NMI=0.6498  ARI=0.4345  0.0s

=== P1L_S4_C3 train[5] k=3  dim=576  frames=103  σ=0.5  fold=6 ===
  Gram-NCut: k_hat=3  ACC=0.5922  NMI=0.6512  ARI=0.4530  0.0s

=== P1L_S4_C3 train[6] k=3  dim=576  frames=107  σ=0.5  fold=6 ===
  Gram-NCut: k_hat=3  ACC=0.9720  NMI=0.9111  ARI=0.9208  0.0s

=== P1E_S1_C1 test[0] k=3  dim=576  frames=140  σ=0.5  fold=6 ===
  Gram-NCut: k_hat=3  ACC=0.8571  NMI=0.6815  ARI=0.6337  0.0s

=== P1E_S1_C2 test[0] k=3  dim=576  frames=122  σ=0.5  fold=6 ===
  Gram-NCut: k_hat=3  ACC=0.9590  NMI=0.8854  ARI=0.8916  0.0s

=== P1E_S1_C3 test[0] k=3  dim=576  frames=51  σ=0.5  fold=6 ===
  Gram-NCut: k_hat=3  ACC=0.5686  NMI=0.5428  ARI=0.3754  0.0s

=== P1E_S2_C1 test[0] k=3  dim=576  frames=161  σ=0.5  fold=6 ===
  Gram-NCut: k_hat=3  ACC=0.7764  NMI=0.6353  ARI=0.5285  0.0s

=== P1E_S2_C2 test[0] k=3  dim=576  frames=128  σ=0.5  fold=6 ===
  Gram-NCut: k_hat=3  ACC=0.6406  NMI=0.6072  ARI=0.4585  0.0s

=== P1E_S2_C3 test[0] k=3  dim=576  frames=105  σ=0.5  fold=6 ===
  Gram-NCut: k_hat=3  ACC=0.8571  NMI=0.7129  ARI=0.6594  0.0s

=== P1E_S3_C1 test[0] k=3  dim=576  frames=204  σ=0.5  fold=6 ===
  Gram-NCut: k_hat=3  ACC=0.5735  NMI=0.3635  ARI=0.1686  0.0s

=== P1E_S3_C2 test[0] k=3  dim=576  frames=146  σ=0.5  fold=6 ===
  Gram-NCut: k_hat=3  ACC=0.7740  NMI=0.6618  ARI=0.4556  0.0s

=== P1E_S3_C3 test[0] k=3  dim=576  frames=129  σ=0.5  fold=6 ===
  Gram-NCut: k_hat=3  ACC=0.5504  NMI=0.6559  ARI=0.4522  0.0s

=== P1E_S4_C1 test[0] k=3  dim=576  frames=147  σ=0.5  fold=6 ===
  Gram-NCut: k_hat=3  ACC=0.5782  NMI=0.5303  ARI=0.3675  0.0s

=== P1E_S4_C2 test[0] k=3  dim=576  frames=146  σ=0.5  fold=6 ===
  Gram-NCut: k_hat=3  ACC=0.6644  NMI=0.5853  ARI=0.4605  0.0s

=== P1E_S4_C3 test[0] k=3  dim=576  frames=106  σ=0.5  fold=6 ===
  Gram-NCut: k_hat=3  ACC=0.6887  NMI=0.7100  ARI=0.5700  0.0s

=== P1L_S1_C1 test[0] k=3  dim=576  frames=116  σ=0.5  fold=6 ===
  Gram-NCut: k_hat=3  ACC=0.5345  NMI=0.3125  ARI=0.0961  0.0s

=== P1L_S1_C2 test[0] k=3  dim=576  frames=142  σ=0.5  fold=6 ===
  Gram-NCut: k_hat=3  ACC=0.7887  NMI=0.6116  ARI=0.5099  0.0s

=== P1L_S1_C3 test[0] k=3  dim=576  frames=63  σ=0.5  fold=6 ===
  Gram-NCut: k_hat=3  ACC=0.6984  NMI=0.6872  ARI=0.5377  0.0s

=== P1L_S2_C1 test[0] k=3  dim=576  frames=180  σ=0.5  fold=6 ===
  Gram-NCut: k_hat=3  ACC=0.4944  NMI=0.2521  ARI=0.0513  0.0s

=== P1L_S2_C2 test[0] k=3  dim=576  frames=160  σ=0.5  fold=6 ===
  Gram-NCut: k_hat=3  ACC=0.6125  NMI=0.6196  ARI=0.4654  0.0s

=== P1L_S2_C3 test[0] k=3  dim=576  frames=121  σ=0.5  fold=6 ===
  Gram-NCut: k_hat=3  ACC=0.9091  NMI=0.7880  ARI=0.7781  0.0s

=== P1L_S3_C1 test[0] k=3  dim=576  frames=176  σ=0.5  fold=6 ===
  Gram-NCut: k_hat=3  ACC=0.7045  NMI=0.6249  ARI=0.4050  0.0s

=== P1L_S3_C2 test[0] k=3  dim=576  frames=229  σ=0.5  fold=6 ===
  Gram-NCut: k_hat=3  ACC=0.4978  NMI=0.5341  ARI=0.3541  0.1s

=== P1L_S3_C3 test[0] k=3  dim=576  frames=161  σ=0.5  fold=6 ===
  Gram-NCut: k_hat=3  ACC=0.8323  NMI=0.7023  ARI=0.6433  0.0s

=== P1L_S4_C1 test[0] k=3  dim=576  frames=187  σ=0.5  fold=6 ===
  Gram-NCut: k_hat=3  ACC=0.7540  NMI=0.5479  ARI=0.4682  0.0s

=== P1L_S4_C2 test[0] k=3  dim=576  frames=169  σ=0.5  fold=6 ===
  Gram-NCut: k_hat=3  ACC=0.5917  NMI=0.6658  ARI=0.4783  0.0s

=== P1L_S4_C3 test[0] k=3  dim=576  frames=105  σ=0.5  fold=6 ===
  Gram-NCut: k_hat=3  ACC=0.5333  NMI=0.6115  ARI=0.4223  0.0s
  tune_pool_groups=20: sampling from 22 held-in people (overlap allowed) instead of the 7 fixed partition group(s)

============================================================
σ=0.5 fold=7  test=['0003', '0012', '0017']  train mats=168  test mats=24  tune mats=480
  Gram-NCut: skip tuning, fixed 
  wrote /nfs/turbo/umms-minjilab/lpullela/icassp_ssc_tv2/block_ssc_benchmark/cv/params/surveillance/split_k3_sigmas_min30_trials20_params_knownk_cv_gram_ncut_k3_sigma0p5_sigma0.5_fold7.json

=== P1E_S1_C1 train[0] k=3  dim=576  frames=146  σ=0.5  fold=7 ===
  Gram-NCut: k_hat=3  ACC=0.9863  NMI=0.9433  ARI=0.9531  0.0s

=== P1E_S1_C1 train[1] k=3  dim=576  frames=153  σ=0.5  fold=7 ===
  Gram-NCut: k_hat=3  ACC=0.9739  NMI=0.9153  ARI=0.9230  0.0s

=== P1E_S1_C1 train[2] k=3  dim=576  frames=130  σ=0.5  fold=7 ===
  Gram-NCut: k_hat=3  ACC=1.0000  NMI=1.0000  ARI=1.0000  0.0s

=== P1E_S1_C1 train[3] k=3  dim=576  frames=140  σ=0.5  fold=7 ===
  Gram-NCut: k_hat=3  ACC=0.9000  NMI=0.7798  ARI=0.7028  0.0s

=== P1E_S1_C1 train[4] k=3  dim=576  frames=157  σ=0.5  fold=7 ===
  Gram-NCut: k_hat=3  ACC=0.5860  NMI=0.6302  ARI=0.4504  0.0s

=== P1E_S1_C1 train[5] k=3  dim=576  frames=151  σ=0.5  fold=7 ===
  Gram-NCut: k_hat=3  ACC=0.5960  NMI=0.6690  ARI=0.4788  0.0s

=== P1E_S1_C1 train[6] k=3  dim=576  frames=140  σ=0.5  fold=7 ===
  Gram-NCut: k_hat=3  ACC=0.8571  NMI=0.6815  ARI=0.6337  0.0s

=== P1E_S1_C2 train[0] k=3  dim=576  frames=147  σ=0.5  fold=7 ===
  Gram-NCut: k_hat=3  ACC=0.9456  NMI=0.8210  ARI=0.8387  0.0s

=== P1E_S1_C2 train[1] k=3  dim=576  frames=115  σ=0.5  fold=7 ===
  Gram-NCut: k_hat=3  ACC=0.9652  NMI=0.8758  ARI=0.8915  0.0s

=== P1E_S1_C2 train[2] k=3  dim=576  frames=104  σ=0.5  fold=7 ===
  Gram-NCut: k_hat=3  ACC=1.0000  NMI=1.0000  ARI=1.0000  0.0s

=== P1E_S1_C2 train[3] k=3  dim=576  frames=138  σ=0.5  fold=7 ===
  Gram-NCut: k_hat=3  ACC=0.9203  NMI=0.7770  ARI=0.7814  0.0s

=== P1E_S1_C2 train[4] k=3  dim=576  frames=113  σ=0.5  fold=7 ===
  Gram-NCut: k_hat=3  ACC=0.4690  NMI=0.3839  ARI=0.1885  0.0s

=== P1E_S1_C2 train[5] k=3  dim=576  frames=122  σ=0.5  fold=7 ===
  Gram-NCut: k_hat=3  ACC=0.5574  NMI=0.6295  ARI=0.4511  0.0s

=== P1E_S1_C2 train[6] k=3  dim=576  frames=122  σ=0.5  fold=7 ===
  Gram-NCut: k_hat=3  ACC=0.9590  NMI=0.8854  ARI=0.8916  0.0s

=== P1E_S1_C3 train[0] k=3  dim=576  frames=58  σ=0.5  fold=7 ===
  Gram-NCut: k_hat=3  ACC=0.6897  NMI=0.5509  ARI=0.3975  0.0s

=== P1E_S1_C3 train[1] k=3  dim=576  frames=56  σ=0.5  fold=7 ===
  Gram-NCut: k_hat=3  ACC=0.9821  NMI=0.9373  ARI=0.9623  0.0s

=== P1E_S1_C3 train[2] k=3  dim=576  frames=47  σ=0.5  fold=7 ===
  Gram-NCut: k_hat=3  ACC=0.9787  NMI=0.9290  ARI=0.9459  0.0s

=== P1E_S1_C3 train[3] k=3  dim=576  frames=61  σ=0.5  fold=7 ===
  Gram-NCut: k_hat=3  ACC=0.8689  NMI=0.7042  ARI=0.7077  0.0s

=== P1E_S1_C3 train[4] k=3  dim=576  frames=37  σ=0.5  fold=7 ===
  Gram-NCut: k_hat=3  ACC=0.6216  NMI=0.5185  ARI=0.3879  0.0s

=== P1E_S1_C3 train[5] k=3  dim=576  frames=55  σ=0.5  fold=7 ===
  Gram-NCut: k_hat=3  ACC=0.9273  NMI=0.8278  ARI=0.7857  0.0s

=== P1E_S1_C3 train[6] k=3  dim=576  frames=51  σ=0.5  fold=7 ===
  Gram-NCut: k_hat=3  ACC=0.5686  NMI=0.5428  ARI=0.3754  0.0s

=== P1E_S2_C1 train[0] k=3  dim=576  frames=167  σ=0.5  fold=7 ===
  Gram-NCut: k_hat=3  ACC=0.9760  NMI=0.9201  ARI=0.9285  0.0s

=== P1E_S2_C1 train[1] k=3  dim=576  frames=151  σ=0.5  fold=7 ===
  Gram-NCut: k_hat=3  ACC=0.7351  NMI=0.5982  ARI=0.4947  0.0s

=== P1E_S2_C1 train[2] k=3  dim=576  frames=136  σ=0.5  fold=7 ===
  Gram-NCut: k_hat=3  ACC=0.9559  NMI=0.8767  ARI=0.8705  0.0s

=== P1E_S2_C1 train[3] k=3  dim=576  frames=180  σ=0.5  fold=7 ===
  Gram-NCut: k_hat=3  ACC=0.7111  NMI=0.6328  ARI=0.4904  0.0s

=== P1E_S2_C1 train[4] k=3  dim=576  frames=149  σ=0.5  fold=7 ===
  Gram-NCut: k_hat=3  ACC=0.6040  NMI=0.6711  ARI=0.4842  0.0s

=== P1E_S2_C1 train[5] k=3  dim=576  frames=124  σ=0.5  fold=7 ===
  Gram-NCut: k_hat=3  ACC=0.5403  NMI=0.6637  ARI=0.4600  0.0s

=== P1E_S2_C1 train[6] k=3  dim=576  frames=161  σ=0.5  fold=7 ===
  Gram-NCut: k_hat=3  ACC=0.7764  NMI=0.6353  ARI=0.5285  0.0s

=== P1E_S2_C2 train[0] k=3  dim=576  frames=146  σ=0.5  fold=7 ===
  Gram-NCut: k_hat=3  ACC=0.9384  NMI=0.8294  ARI=0.8374  0.0s

=== P1E_S2_C2 train[1] k=3  dim=576  frames=115  σ=0.5  fold=7 ===
  Gram-NCut: k_hat=3  ACC=0.9826  NMI=0.9253  ARI=0.9458  0.0s

=== P1E_S2_C2 train[2] k=3  dim=576  frames=109  σ=0.5  fold=7 ===
  Gram-NCut: k_hat=3  ACC=1.0000  NMI=1.0000  ARI=1.0000  0.0s

=== P1E_S2_C2 train[3] k=3  dim=576  frames=144  σ=0.5  fold=7 ===
  Gram-NCut: k_hat=3  ACC=0.9236  NMI=0.8071  ARI=0.7936  0.0s

=== P1E_S2_C2 train[4] k=3  dim=576  frames=124  σ=0.5  fold=7 ===
  Gram-NCut: k_hat=3  ACC=0.9919  NMI=0.9642  ARI=0.9736  0.0s

=== P1E_S2_C2 train[5] k=3  dim=576  frames=109  σ=0.5  fold=7 ===
  Gram-NCut: k_hat=3  ACC=0.7156  NMI=0.7051  ARI=0.5710  0.0s

=== P1E_S2_C2 train[6] k=3  dim=576  frames=128  σ=0.5  fold=7 ===
  Gram-NCut: k_hat=3  ACC=0.6406  NMI=0.6072  ARI=0.4585  0.0s

=== P1E_S2_C3 train[0] k=3  dim=576  frames=113  σ=0.5  fold=7 ===
  Gram-NCut: k_hat=3  ACC=0.9735  NMI=0.9152  ARI=0.9282  0.0s

=== P1E_S2_C3 train[1] k=3  dim=576  frames=88  σ=0.5  fold=7 ===
  Gram-NCut: k_hat=3  ACC=1.0000  NMI=1.0000  ARI=1.0000  0.0s

=== P1E_S2_C3 train[2] k=3  dim=576  frames=90  σ=0.5  fold=7 ===
  Gram-NCut: k_hat=3  ACC=0.9667  NMI=0.8979  ARI=0.8982  0.0s

=== P1E_S2_C3 train[3] k=3  dim=576  frames=112  σ=0.5  fold=7 ===
  Gram-NCut: k_hat=3  ACC=0.7054  NMI=0.5806  ARI=0.4578  0.0s

=== P1E_S2_C3 train[4] k=3  dim=576  frames=99  σ=0.5  fold=7 ===
  Gram-NCut: k_hat=3  ACC=0.9394  NMI=0.8491  ARI=0.8306  0.0s

=== P1E_S2_C3 train[5] k=3  dim=576  frames=87  σ=0.5  fold=7 ===
  Gram-NCut: k_hat=3  ACC=0.5977  NMI=0.6670  ARI=0.4754  0.0s

=== P1E_S2_C3 train[6] k=3  dim=576  frames=105  σ=0.5  fold=7 ===
  Gram-NCut: k_hat=3  ACC=0.8571  NMI=0.7129  ARI=0.6594  0.0s

=== P1E_S3_C1 train[0] k=3  dim=576  frames=166  σ=0.5  fold=7 ===
  Gram-NCut: k_hat=3  ACC=0.7349  NMI=0.6597  ARI=0.4641  0.0s

=== P1E_S3_C1 train[1] k=3  dim=576  frames=139  σ=0.5  fold=7 ===
  Gram-NCut: k_hat=3  ACC=0.7410  NMI=0.6999  ARI=0.5517  0.0s

=== P1E_S3_C1 train[2] k=3  dim=576  frames=134  σ=0.5  fold=7 ===
  Gram-NCut: k_hat=3  ACC=0.8060  NMI=0.6505  ARI=0.5388  0.0s

=== P1E_S3_C1 train[3] k=3  dim=576  frames=161  σ=0.5  fold=7 ===
  Gram-NCut: k_hat=3  ACC=0.7888  NMI=0.7131  ARI=0.5833  0.0s

=== P1E_S3_C1 train[4] k=3  dim=576  frames=168  σ=0.5  fold=7 ===
  Gram-NCut: k_hat=3  ACC=0.8571  NMI=0.7396  ARI=0.6204  0.0s

=== P1E_S3_C1 train[5] k=3  dim=576  frames=123  σ=0.5  fold=7 ===
  Gram-NCut: k_hat=3  ACC=0.5122  NMI=0.4251  ARI=0.2437  0.0s

=== P1E_S3_C1 train[6] k=3  dim=576  frames=204  σ=0.5  fold=7 ===
  Gram-NCut: k_hat=3  ACC=0.5735  NMI=0.3635  ARI=0.1686  0.0s

=== P1E_S3_C2 train[0] k=3  dim=576  frames=147  σ=0.5  fold=7 ===
  Gram-NCut: k_hat=3  ACC=0.8912  NMI=0.7677  ARI=0.6800  0.0s

=== P1E_S3_C2 train[1] k=3  dim=576  frames=120  σ=0.5  fold=7 ===
  Gram-NCut: k_hat=3  ACC=0.6917  NMI=0.6689  ARI=0.4777  0.0s

=== P1E_S3_C2 train[2] k=3  dim=576  frames=112  σ=0.5  fold=7 ===
  Gram-NCut: k_hat=3  ACC=0.9375  NMI=0.8076  ARI=0.8112  0.0s

=== P1E_S3_C2 train[3] k=3  dim=576  frames=168  σ=0.5  fold=7 ===
  Gram-NCut: k_hat=3  ACC=0.6905  NMI=0.6422  ARI=0.4322  0.0s

=== P1E_S3_C2 train[4] k=3  dim=576  frames=169  σ=0.5  fold=7 ===
  Gram-NCut: k_hat=3  ACC=0.6213  NMI=0.6032  ARI=0.4433  0.0s

=== P1E_S3_C2 train[5] k=3  dim=576  frames=107  σ=0.5  fold=7 ===
  Gram-NCut: k_hat=3  ACC=0.5981  NMI=0.6680  ARI=0.4761  0.0s

=== P1E_S3_C2 train[6] k=3  dim=576  frames=146  σ=0.5  fold=7 ===
  Gram-NCut: k_hat=3  ACC=0.7740  NMI=0.6618  ARI=0.4556  0.0s

=== P1E_S3_C3 train[0] k=3  dim=576  frames=105  σ=0.5  fold=7 ===
  Gram-NCut: k_hat=3  ACC=1.0000  NMI=1.0000  ARI=1.0000  0.0s

=== P1E_S3_C3 train[1] k=3  dim=576  frames=89  σ=0.5  fold=7 ===
  Gram-NCut: k_hat=3  ACC=1.0000  NMI=1.0000  ARI=1.0000  0.0s

=== P1E_S3_C3 train[2] k=3  dim=576  frames=84  σ=0.5  fold=7 ===
  Gram-NCut: k_hat=3  ACC=0.9881  NMI=0.9525  ARI=0.9657  0.0s

=== P1E_S3_C3 train[3] k=3  dim=576  frames=125  σ=0.5  fold=7 ===
  Gram-NCut: k_hat=3  ACC=0.7040  NMI=0.6605  ARI=0.4664  0.0s

=== P1E_S3_C3 train[4] k=3  dim=576  frames=128  σ=0.5  fold=7 ===
  Gram-NCut: k_hat=3  ACC=0.7031  NMI=0.6354  ARI=0.5070  0.0s

=== P1E_S3_C3 train[5] k=3  dim=576  frames=83  σ=0.5  fold=7 ===
  Gram-NCut: k_hat=3  ACC=0.9880  NMI=0.9530  ARI=0.9662  0.0s

=== P1E_S3_C3 train[6] k=3  dim=576  frames=129  σ=0.5  fold=7 ===
  Gram-NCut: k_hat=3  ACC=0.5504  NMI=0.6559  ARI=0.4522  0.0s

=== P1E_S4_C1 train[0] k=3  dim=576  frames=158  σ=0.5  fold=7 ===
  Gram-NCut: k_hat=3  ACC=0.8481  NMI=0.7167  ARI=0.5780  0.0s

=== P1E_S4_C1 train[1] k=3  dim=576  frames=107  σ=0.5  fold=7 ===
  Gram-NCut: k_hat=3  ACC=1.0000  NMI=1.0000  ARI=1.0000  0.0s

=== P1E_S4_C1 train[2] k=3  dim=576  frames=155  σ=0.5  fold=7 ===
  Gram-NCut: k_hat=3  ACC=0.9806  NMI=0.9205  ARI=0.9410  0.0s

=== P1E_S4_C1 train[3] k=3  dim=576  frames=182  σ=0.5  fold=7 ===
  Gram-NCut: k_hat=3  ACC=0.8626  NMI=0.7396  ARI=0.6658  0.0s

=== P1E_S4_C1 train[4] k=3  dim=576  frames=180  σ=0.5  fold=7 ===
  Gram-NCut: k_hat=3  ACC=0.6778  NMI=0.6859  ARI=0.5257  0.0s

=== P1E_S4_C1 train[5] k=3  dim=576  frames=133  σ=0.5  fold=7 ===
  Gram-NCut: k_hat=3  ACC=0.6466  NMI=0.6651  ARI=0.4918  0.0s

=== P1E_S4_C1 train[6] k=3  dim=576  frames=147  σ=0.5  fold=7 ===
  Gram-NCut: k_hat=3  ACC=0.5782  NMI=0.5303  ARI=0.3675  0.0s

=== P1E_S4_C2 train[0] k=3  dim=576  frames=117  σ=0.5  fold=7 ===
  Gram-NCut: k_hat=3  ACC=0.9744  NMI=0.9022  ARI=0.9249  0.0s

=== P1E_S4_C2 train[1] k=3  dim=576  frames=125  σ=0.5  fold=7 ===
  Gram-NCut: k_hat=3  ACC=0.9840  NMI=0.9301  ARI=0.9501  0.0s

=== P1E_S4_C2 train[2] k=3  dim=576  frames=122  σ=0.5  fold=7 ===
  Gram-NCut: k_hat=3  ACC=1.0000  NMI=1.0000  ARI=1.0000  0.0s

=== P1E_S4_C2 train[3] k=3  dim=576  frames=126  σ=0.5  fold=7 ===
  Gram-NCut: k_hat=3  ACC=0.5794  NMI=0.6257  ARI=0.4169  0.0s

=== P1E_S4_C2 train[4] k=3  dim=576  frames=140  σ=0.5  fold=7 ===
  Gram-NCut: k_hat=3  ACC=0.9786  NMI=0.9234  ARI=0.9323  0.0s

=== P1E_S4_C2 train[5] k=3  dim=576  frames=129  σ=0.5  fold=7 ===
  Gram-NCut: k_hat=3  ACC=0.5814  NMI=0.6628  ARI=0.4661  0.0s

=== P1E_S4_C2 train[6] k=3  dim=576  frames=146  σ=0.5  fold=7 ===
  Gram-NCut: k_hat=3  ACC=0.6644  NMI=0.5853  ARI=0.4605  0.0s

=== P1E_S4_C3 train[0] k=3  dim=576  frames=90  σ=0.5  fold=7 ===
  Gram-NCut: k_hat=3  ACC=0.7778  NMI=0.5888  ARI=0.4859  0.0s

=== P1E_S4_C3 train[1] k=3  dim=576  frames=64  σ=0.5  fold=7 ===
  Gram-NCut: k_hat=3  ACC=0.9062  NMI=0.7546  ARI=0.7559  0.0s

=== P1E_S4_C3 train[2] k=3  dim=576  frames=85  σ=0.5  fold=7 ===
  Gram-NCut: k_hat=3  ACC=0.9412  NMI=0.8539  ARI=0.8378  0.0s

=== P1E_S4_C3 train[3] k=3  dim=576  frames=105  σ=0.5  fold=7 ===
  Gram-NCut: k_hat=3  ACC=0.6667  NMI=0.6363  ARI=0.5331  0.0s

=== P1E_S4_C3 train[4] k=3  dim=576  frames=87  σ=0.5  fold=7 ===
  Gram-NCut: k_hat=3  ACC=0.6437  NMI=0.5431  ARI=0.4460  0.0s

=== P1E_S4_C3 train[5] k=3  dim=576  frames=76  σ=0.5  fold=7 ===
  Gram-NCut: k_hat=3  ACC=0.9605  NMI=0.8885  ARI=0.8936  0.0s

=== P1E_S4_C3 train[6] k=3  dim=576  frames=106  σ=0.5  fold=7 ===
  Gram-NCut: k_hat=3  ACC=0.6887  NMI=0.7100  ARI=0.5700  0.0s

=== P1L_S1_C1 train[0] k=3  dim=576  frames=162  σ=0.5  fold=7 ===
  Gram-NCut: k_hat=3  ACC=0.9815  NMI=0.9346  ARI=0.9472  0.0s

=== P1L_S1_C1 train[1] k=3  dim=576  frames=170  σ=0.5  fold=7 ===
  Gram-NCut: k_hat=3  ACC=0.7882  NMI=0.6873  ARI=0.5109  0.0s

=== P1L_S1_C1 train[2] k=3  dim=576  frames=155  σ=0.5  fold=7 ===
  Gram-NCut: k_hat=3  ACC=1.0000  NMI=1.0000  ARI=1.0000  0.0s

=== P1L_S1_C1 train[3] k=3  dim=576  frames=182  σ=0.5  fold=7 ===
  Gram-NCut: k_hat=3  ACC=0.9780  NMI=0.9147  ARI=0.9368  0.0s

=== P1L_S1_C1 train[4] k=3  dim=576  frames=198  σ=0.5  fold=7 ===
  Gram-NCut: k_hat=3  ACC=0.7273  NMI=0.6733  ARI=0.5345  0.0s

=== P1L_S1_C1 train[5] k=3  dim=576  frames=166  σ=0.5  fold=7 ===
  Gram-NCut: k_hat=3  ACC=1.0000  NMI=1.0000  ARI=1.0000  0.0s

=== P1L_S1_C1 train[6] k=3  dim=576  frames=116  σ=0.5  fold=7 ===
  Gram-NCut: k_hat=3  ACC=0.5345  NMI=0.3125  ARI=0.0961  0.0s

=== P1L_S1_C2 train[0] k=3  dim=576  frames=186  σ=0.5  fold=7 ===
  Gram-NCut: k_hat=3  ACC=0.7688  NMI=0.6813  ARI=0.5085  0.0s

=== P1L_S1_C2 train[1] k=3  dim=576  frames=137  σ=0.5  fold=7 ===
  Gram-NCut: k_hat=3  ACC=0.8029  NMI=0.7019  ARI=0.5528  0.0s

=== P1L_S1_C2 train[2] k=3  dim=576  frames=147  σ=0.5  fold=7 ===
  Gram-NCut: k_hat=3  ACC=0.9932  NMI=0.9697  ARI=0.9804  0.0s

=== P1L_S1_C2 train[3] k=3  dim=576  frames=181  σ=0.5  fold=7 ===
  Gram-NCut: k_hat=3  ACC=0.5359  NMI=0.6356  ARI=0.4280  0.0s

=== P1L_S1_C2 train[4] k=3  dim=576  frames=128  σ=0.5  fold=7 ===
  Gram-NCut: k_hat=3  ACC=0.5625  NMI=0.6666  ARI=0.4689  0.0s

=== P1L_S1_C2 train[5] k=3  dim=576  frames=154  σ=0.5  fold=7 ===
  Gram-NCut: k_hat=3  ACC=0.5065  NMI=0.6566  ARI=0.4500  0.0s

=== P1L_S1_C2 train[6] k=3  dim=576  frames=142  σ=0.5  fold=7 ===
  Gram-NCut: k_hat=3  ACC=0.7887  NMI=0.6116  ARI=0.5099  0.0s

=== P1L_S1_C3 train[0] k=3  dim=576  frames=60  σ=0.5  fold=7 ===
  Gram-NCut: k_hat=3  ACC=0.5167  NMI=0.5800  ARI=0.3887  0.0s

=== P1L_S1_C3 train[1] k=3  dim=576  frames=68  σ=0.5  fold=7 ===
  Gram-NCut: k_hat=3  ACC=1.0000  NMI=1.0000  ARI=1.0000  0.0s

=== P1L_S1_C3 train[2] k=3  dim=576  frames=65  σ=0.5  fold=7 ===
  Gram-NCut: k_hat=3  ACC=0.8615  NMI=0.7478  ARI=0.6419  0.0s

=== P1L_S1_C3 train[3] k=3  dim=576  frames=74  σ=0.5  fold=7 ===
  Gram-NCut: k_hat=3  ACC=0.5811  NMI=0.6230  ARI=0.4548  0.0s

=== P1L_S1_C3 train[4] k=3  dim=576  frames=73  σ=0.5  fold=7 ===
  Gram-NCut: k_hat=3  ACC=0.6575  NMI=0.6754  ARI=0.5014  0.0s

=== P1L_S1_C3 train[5] k=3  dim=576  frames=64  σ=0.5  fold=7 ===
  Gram-NCut: k_hat=3  ACC=0.6250  NMI=0.5313  ARI=0.4237  0.0s

=== P1L_S1_C3 train[6] k=3  dim=576  frames=63  σ=0.5  fold=7 ===
  Gram-NCut: k_hat=3  ACC=0.6984  NMI=0.6872  ARI=0.5377  0.0s

=== P1L_S2_C1 train[0] k=3  dim=576  frames=211  σ=0.5  fold=7 ===
  Gram-NCut: k_hat=3  ACC=0.8199  NMI=0.7231  ARI=0.6077  0.0s

=== P1L_S2_C1 train[1] k=3  dim=576  frames=190  σ=0.5  fold=7 ===
  Gram-NCut: k_hat=3  ACC=0.7211  NMI=0.6714  ARI=0.4890  0.0s

=== P1L_S2_C1 train[2] k=3  dim=576  frames=180  σ=0.5  fold=7 ===
  Gram-NCut: k_hat=3  ACC=1.0000  NMI=1.0000  ARI=1.0000  0.0s

=== P1L_S2_C1 train[3] k=3  dim=576  frames=177  σ=0.5  fold=7 ===
  Gram-NCut: k_hat=3  ACC=0.8136  NMI=0.6377  ARI=0.5512  0.0s

=== P1L_S2_C1 train[4] k=3  dim=576  frames=172  σ=0.5  fold=7 ===
  Gram-NCut: k_hat=3  ACC=0.9535  NMI=0.8772  ARI=0.8928  0.0s

=== P1L_S2_C1 train[5] k=3  dim=576  frames=179  σ=0.5  fold=7 ===
  Gram-NCut: k_hat=3  ACC=1.0000  NMI=1.0000  ARI=1.0000  0.0s

=== P1L_S2_C1 train[6] k=3  dim=576  frames=180  σ=0.5  fold=7 ===
  Gram-NCut: k_hat=3  ACC=0.4944  NMI=0.2521  ARI=0.0513  0.0s

=== P1L_S2_C2 train[0] k=3  dim=576  frames=194  σ=0.5  fold=7 ===
  Gram-NCut: k_hat=3  ACC=0.7990  NMI=0.6607  ARI=0.5018  0.0s

=== P1L_S2_C2 train[1] k=3  dim=576  frames=155  σ=0.5  fold=7 ===
  Gram-NCut: k_hat=3  ACC=0.9806  NMI=0.9316  ARI=0.9416  0.0s

=== P1L_S2_C2 train[2] k=3  dim=576  frames=134  σ=0.5  fold=7 ===
  Gram-NCut: k_hat=3  ACC=1.0000  NMI=1.0000  ARI=1.0000  0.0s

=== P1L_S2_C2 train[3] k=3  dim=576  frames=186  σ=0.5  fold=7 ===
  Gram-NCut: k_hat=3  ACC=0.9570  NMI=0.8560  ARI=0.8853  0.0s

=== P1L_S2_C2 train[4] k=3  dim=576  frames=201  σ=0.5  fold=7 ===
  Gram-NCut: k_hat=3  ACC=0.8856  NMI=0.7479  ARI=0.7108  0.0s

=== P1L_S2_C2 train[5] k=3  dim=576  frames=171  σ=0.5  fold=7 ===
  Gram-NCut: k_hat=3  ACC=0.8363  NMI=0.7362  ARI=0.6178  0.0s

=== P1L_S2_C2 train[6] k=3  dim=576  frames=160  σ=0.5  fold=7 ===
  Gram-NCut: k_hat=3  ACC=0.6125  NMI=0.6196  ARI=0.4654  0.0s

=== P1L_S2_C3 train[0] k=3  dim=576  frames=119  σ=0.5  fold=7 ===
  Gram-NCut: k_hat=3  ACC=1.0000  NMI=1.0000  ARI=1.0000  0.0s

=== P1L_S2_C3 train[1] k=3  dim=576  frames=101  σ=0.5  fold=7 ===
  Gram-NCut: k_hat=3  ACC=0.8119  NMI=0.7135  ARI=0.5605  0.0s

=== P1L_S2_C3 train[2] k=3  dim=576  frames=85  σ=0.5  fold=7 ===
  Gram-NCut: k_hat=3  ACC=1.0000  NMI=1.0000  ARI=1.0000  0.0s

=== P1L_S2_C3 train[3] k=3  dim=576  frames=112  σ=0.5  fold=7 ===
  Gram-NCut: k_hat=3  ACC=0.5893  NMI=0.6656  ARI=0.4708  0.0s

=== P1L_S2_C3 train[4] k=3  dim=576  frames=126  σ=0.5  fold=7 ===
  Gram-NCut: k_hat=3  ACC=0.8651  NMI=0.7610  ARI=0.6671  0.0s

=== P1L_S2_C3 train[5] k=3  dim=576  frames=102  σ=0.5  fold=7 ===
  Gram-NCut: k_hat=3  ACC=0.5392  NMI=0.6485  ARI=0.4410  0.0s

=== P1L_S2_C3 train[6] k=3  dim=576  frames=121  σ=0.5  fold=7 ===
  Gram-NCut: k_hat=3  ACC=0.9091  NMI=0.7880  ARI=0.7781  0.0s

=== P1L_S3_C1 train[0] k=3  dim=576  frames=156  σ=0.5  fold=7 ===
  Gram-NCut: k_hat=3  ACC=0.4295  NMI=0.2486  ARI=0.0025  0.0s

=== P1L_S3_C1 train[1] k=3  dim=576  frames=120  σ=0.5  fold=7 ===
  Gram-NCut: k_hat=3  ACC=1.0000  NMI=1.0000  ARI=1.0000  0.0s

=== P1L_S3_C1 train[2] k=3  dim=576  frames=185  σ=0.5  fold=7 ===
  Gram-NCut: k_hat=3  ACC=0.9838  NMI=0.9402  ARI=0.9511  0.0s

=== P1L_S3_C1 train[3] k=3  dim=576  frames=156  σ=0.5  fold=7 ===
  Gram-NCut: k_hat=3  ACC=0.6474  NMI=0.6812  ARI=0.5139  0.0s

=== P1L_S3_C1 train[4] k=3  dim=576  frames=159  σ=0.5  fold=7 ===
  Gram-NCut: k_hat=3  ACC=0.9245  NMI=0.7727  ARI=0.7932  0.0s

=== P1L_S3_C1 train[5] k=3  dim=576  frames=172  σ=0.5  fold=7 ===
  Gram-NCut: k_hat=3  ACC=0.5465  NMI=0.5683  ARI=0.3918  0.0s

=== P1L_S3_C1 train[6] k=3  dim=576  frames=176  σ=0.5  fold=7 ===
  Gram-NCut: k_hat=3  ACC=0.7045  NMI=0.6249  ARI=0.4050  0.0s

=== P1L_S3_C2 train[0] k=3  dim=576  frames=185  σ=0.5  fold=7 ===
  Gram-NCut: k_hat=3  ACC=0.9297  NMI=0.8147  ARI=0.7964  0.0s

=== P1L_S3_C2 train[1] k=3  dim=576  frames=125  σ=0.5  fold=7 ===
  Gram-NCut: k_hat=3  ACC=0.7520  NMI=0.6568  ARI=0.5655  0.0s

=== P1L_S3_C2 train[2] k=3  dim=576  frames=166  σ=0.5  fold=7 ===
  Gram-NCut: k_hat=3  ACC=1.0000  NMI=1.0000  ARI=1.0000  0.0s

=== P1L_S3_C2 train[3] k=3  dim=576  frames=209  σ=0.5  fold=7 ===
  Gram-NCut: k_hat=3  ACC=0.7321  NMI=0.5271  ARI=0.4184  0.0s

=== P1L_S3_C2 train[4] k=3  dim=576  frames=168  σ=0.5  fold=7 ===
  Gram-NCut: k_hat=3  ACC=0.6488  NMI=0.6705  ARI=0.5211  0.0s

=== P1L_S3_C2 train[5] k=3  dim=576  frames=187  σ=0.5  fold=7 ===
  Gram-NCut: k_hat=3  ACC=0.5722  NMI=0.6619  ARI=0.4650  0.0s

=== P1L_S3_C2 train[6] k=3  dim=576  frames=229  σ=0.5  fold=7 ===
  Gram-NCut: k_hat=3  ACC=0.4978  NMI=0.5341  ARI=0.3541  0.1s

=== P1L_S3_C3 train[0] k=3  dim=576  frames=151  σ=0.5  fold=7 ===
  Gram-NCut: k_hat=3  ACC=1.0000  NMI=1.0000  ARI=1.0000  0.0s

=== P1L_S3_C3 train[1] k=3  dim=576  frames=118  σ=0.5  fold=7 ===
  Gram-NCut: k_hat=3  ACC=0.8983  NMI=0.7946  ARI=0.7354  0.0s

=== P1L_S3_C3 train[2] k=3  dim=576  frames=121  σ=0.5  fold=7 ===
  Gram-NCut: k_hat=3  ACC=1.0000  NMI=1.0000  ARI=1.0000  0.0s

=== P1L_S3_C3 train[3] k=3  dim=576  frames=142  σ=0.5  fold=7 ===
  Gram-NCut: k_hat=3  ACC=0.7958  NMI=0.6968  ARI=0.5429  0.0s

=== P1L_S3_C3 train[4] k=3  dim=576  frames=134  σ=0.5  fold=7 ===
  Gram-NCut: k_hat=3  ACC=0.8433  NMI=0.7262  ARI=0.5959  0.0s

=== P1L_S3_C3 train[5] k=3  dim=576  frames=110  σ=0.5  fold=7 ===
  Gram-NCut: k_hat=3  ACC=0.8545  NMI=0.7538  ARI=0.6585  0.0s

=== P1L_S3_C3 train[6] k=3  dim=576  frames=161  σ=0.5  fold=7 ===
  Gram-NCut: k_hat=3  ACC=0.8323  NMI=0.7023  ARI=0.6433  0.0s

=== P1L_S4_C1 train[0] k=3  dim=576  frames=200  σ=0.5  fold=7 ===
  Gram-NCut: k_hat=3  ACC=0.7350  NMI=0.6902  ARI=0.5295  0.0s

=== P1L_S4_C1 train[1] k=3  dim=576  frames=157  σ=0.5  fold=7 ===
  Gram-NCut: k_hat=3  ACC=0.9873  NMI=0.9482  ARI=0.9607  0.0s

=== P1L_S4_C1 train[2] k=3  dim=576  frames=154  σ=0.5  fold=7 ===
  Gram-NCut: k_hat=3  ACC=1.0000  NMI=1.0000  ARI=1.0000  0.0s

=== P1L_S4_C1 train[3] k=3  dim=576  frames=168  σ=0.5  fold=7 ===
  Gram-NCut: k_hat=3  ACC=0.7917  NMI=0.5827  ARI=0.4880  0.0s

=== P1L_S4_C1 train[4] k=3  dim=576  frames=142  σ=0.5  fold=7 ===
  Gram-NCut: k_hat=3  ACC=1.0000  NMI=1.0000  ARI=1.0000  0.0s

=== P1L_S4_C1 train[5] k=3  dim=576  frames=164  σ=0.5  fold=7 ===
  Gram-NCut: k_hat=3  ACC=0.9573  NMI=0.8816  ARI=0.8804  0.0s

=== P1L_S4_C1 train[6] k=3  dim=576  frames=187  σ=0.5  fold=7 ===
  Gram-NCut: k_hat=3  ACC=0.7540  NMI=0.5479  ARI=0.4682  0.0s

=== P1L_S4_C2 train[0] k=3  dim=576  frames=157  σ=0.5  fold=7 ===
  Gram-NCut: k_hat=3  ACC=0.7771  NMI=0.6675  ARI=0.4827  0.0s

=== P1L_S4_C2 train[1] k=3  dim=576  frames=149  σ=0.5  fold=7 ===
  Gram-NCut: k_hat=3  ACC=0.9329  NMI=0.8326  ARI=0.7976  0.0s

=== P1L_S4_C2 train[2] k=3  dim=576  frames=175  σ=0.5  fold=7 ===
  Gram-NCut: k_hat=3  ACC=1.0000  NMI=1.0000  ARI=1.0000  0.0s

=== P1L_S4_C2 train[3] k=3  dim=576  frames=168  σ=0.5  fold=7 ===
  Gram-NCut: k_hat=3  ACC=0.8571  NMI=0.7125  ARI=0.6257  0.0s

=== P1L_S4_C2 train[4] k=3  dim=576  frames=154  σ=0.5  fold=7 ===
  Gram-NCut: k_hat=3  ACC=0.8312  NMI=0.6938  ARI=0.5628  0.0s

=== P1L_S4_C2 train[5] k=3  dim=576  frames=152  σ=0.5  fold=7 ===
  Gram-NCut: k_hat=3  ACC=0.5329  NMI=0.6488  ARI=0.4425  0.0s

=== P1L_S4_C2 train[6] k=3  dim=576  frames=169  σ=0.5  fold=7 ===
  Gram-NCut: k_hat=3  ACC=0.5917  NMI=0.6658  ARI=0.4783  0.0s

=== P1L_S4_C3 train[0] k=3  dim=576  frames=96  σ=0.5  fold=7 ===
  Gram-NCut: k_hat=3  ACC=0.5417  NMI=0.6288  ARI=0.4177  0.0s

=== P1L_S4_C3 train[1] k=3  dim=576  frames=107  σ=0.5  fold=7 ===
  Gram-NCut: k_hat=3  ACC=1.0000  NMI=1.0000  ARI=1.0000  0.0s

=== P1L_S4_C3 train[2] k=3  dim=576  frames=94  σ=0.5  fold=7 ===
  Gram-NCut: k_hat=3  ACC=1.0000  NMI=1.0000  ARI=1.0000  0.0s

=== P1L_S4_C3 train[3] k=3  dim=576  frames=117  σ=0.5  fold=7 ===
  Gram-NCut: k_hat=3  ACC=0.6410  NMI=0.6653  ARI=0.4934  0.0s

=== P1L_S4_C3 train[4] k=3  dim=576  frames=112  σ=0.5  fold=7 ===
  Gram-NCut: k_hat=3  ACC=0.7411  NMI=0.6498  ARI=0.4345  0.0s

=== P1L_S4_C3 train[5] k=3  dim=576  frames=103  σ=0.5  fold=7 ===
  Gram-NCut: k_hat=3  ACC=0.5922  NMI=0.6512  ARI=0.4530  0.0s

=== P1L_S4_C3 train[6] k=3  dim=576  frames=105  σ=0.5  fold=7 ===
  Gram-NCut: k_hat=3  ACC=0.5333  NMI=0.6115  ARI=0.4223  0.0s

=== P1E_S1_C1 test[0] k=3  dim=576  frames=171  σ=0.5  fold=7 ===
  Gram-NCut: k_hat=3  ACC=0.9942  NMI=0.9732  ARI=0.9831  0.0s

=== P1E_S1_C2 test[0] k=3  dim=576  frames=134  σ=0.5  fold=7 ===
  Gram-NCut: k_hat=3  ACC=0.9851  NMI=0.9443  ARI=0.9564  0.0s

=== P1E_S1_C3 test[0] k=3  dim=576  frames=69  σ=0.5  fold=7 ===
  Gram-NCut: k_hat=3  ACC=0.5507  NMI=0.4634  ARI=0.2941  0.0s

=== P1E_S2_C1 test[0] k=3  dim=576  frames=153  σ=0.5  fold=7 ===
  Gram-NCut: k_hat=3  ACC=0.9477  NMI=0.8339  ARI=0.8549  0.0s

=== P1E_S2_C2 test[0] k=3  dim=576  frames=126  σ=0.5  fold=7 ===
  Gram-NCut: k_hat=3  ACC=0.9762  NMI=0.9207  ARI=0.9308  0.0s

=== P1E_S2_C3 test[0] k=3  dim=576  frames=89  σ=0.5  fold=7 ===
  Gram-NCut: k_hat=3  ACC=0.9775  NMI=0.9248  ARI=0.9383  0.0s

=== P1E_S3_C1 test[0] k=3  dim=576  frames=112  σ=0.5  fold=7 ===
  Gram-NCut: k_hat=3  ACC=0.5625  NMI=0.6127  ARI=0.4282  0.0s

=== P1E_S3_C2 test[0] k=3  dim=576  frames=114  σ=0.5  fold=7 ===
  Gram-NCut: k_hat=3  ACC=0.9825  NMI=0.9333  ARI=0.9468  0.0s

=== P1E_S3_C3 test[0] k=3  dim=576  frames=84  σ=0.5  fold=7 ===
  Gram-NCut: k_hat=3  ACC=0.9881  NMI=0.9523  ARI=0.9667  0.0s

=== P1E_S4_C1 test[0] k=3  dim=576  frames=145  σ=0.5  fold=7 ===
  Gram-NCut: k_hat=3  ACC=0.5586  NMI=0.4559  ARI=0.2836  0.0s

=== P1E_S4_C2 test[0] k=3  dim=576  frames=110  σ=0.5  fold=7 ===
  Gram-NCut: k_hat=3  ACC=0.9909  NMI=0.9623  ARI=0.9753  0.0s

=== P1E_S4_C3 test[0] k=3  dim=576  frames=79  σ=0.5  fold=7 ===
  Gram-NCut: k_hat=3  ACC=0.6203  NMI=0.5684  ARI=0.4158  0.0s

=== P1L_S1_C1 test[0] k=3  dim=576  frames=175  σ=0.5  fold=7 ===
  Gram-NCut: k_hat=3  ACC=0.9943  NMI=0.9736  ARI=0.9843  0.0s

=== P1L_S1_C2 test[0] k=3  dim=576  frames=168  σ=0.5  fold=7 ===
  Gram-NCut: k_hat=3  ACC=0.9881  NMI=0.9537  ARI=0.9677  0.0s

=== P1L_S1_C3 test[0] k=3  dim=576  frames=75  σ=0.5  fold=7 ===
  Gram-NCut: k_hat=3  ACC=0.9867  NMI=0.9474  ARI=0.9569  0.0s

=== P1L_S2_C1 test[0] k=3  dim=576  frames=133  σ=0.5  fold=7 ===
  Gram-NCut: k_hat=3  ACC=1.0000  NMI=1.0000  ARI=1.0000  0.0s

=== P1L_S2_C2 test[0] k=3  dim=576  frames=154  σ=0.5  fold=7 ===
  Gram-NCut: k_hat=3  ACC=0.9935  NMI=0.9704  ARI=0.9818  0.0s

=== P1L_S2_C3 test[0] k=3  dim=576  frames=99  σ=0.5  fold=7 ===
  Gram-NCut: k_hat=3  ACC=0.9697  NMI=0.9066  ARI=0.9152  0.0s

=== P1L_S3_C1 test[0] k=3  dim=576  frames=134  σ=0.5  fold=7 ===
  Gram-NCut: k_hat=3  ACC=0.9701  NMI=0.9016  ARI=0.9044  0.0s

=== P1L_S3_C2 test[0] k=3  dim=576  frames=136  σ=0.5  fold=7 ===
  Gram-NCut: k_hat=3  ACC=0.9559  NMI=0.8746  ARI=0.8649  0.0s

=== P1L_S3_C3 test[0] k=3  dim=576  frames=114  σ=0.5  fold=7 ===
  Gram-NCut: k_hat=3  ACC=0.9825  NMI=0.9372  ARI=0.9534  0.0s

=== P1L_S4_C1 test[0] k=3  dim=576  frames=202  σ=0.5  fold=7 ===
  Gram-NCut: k_hat=3  ACC=1.0000  NMI=1.0000  ARI=1.0000  0.0s

=== P1L_S4_C2 test[0] k=3  dim=576  frames=153  σ=0.5  fold=7 ===
  Gram-NCut: k_hat=3  ACC=0.9869  NMI=0.9501  ARI=0.9666  0.0s

=== P1L_S4_C3 test[0] k=3  dim=576  frames=107  σ=0.5  fold=7 ===
  Gram-NCut: k_hat=3  ACC=0.9720  NMI=0.9111  ARI=0.9208  0.0s

=== inference time per method ===
  Gram-NCut: mean=0.0197s  std=0.0102s  total=30.3s  n=1536
wrote /nfs/turbo/umms-minjilab/lpullela/icassp_ssc_tv2/block_ssc_benchmark/cv/results/surveillance/split_k3_sigmas_min30_trials20_knownk_cv_gram_ncut_k3_sigma0p5_timing.json

=== mean over matrices ===
  Gram-NCut train σ=0.5: ACC=0.8167  NMI=0.7664  ARI=0.6852  n=1344
  Gram-NCut test σ=0.5: ACC=0.8167  NMI=0.7664  ARI=0.6852  n=192

wrote /nfs/turbo/umms-minjilab/lpullela/icassp_ssc_tv2/block_ssc_benchmark/cv/results/surveillance/split_k3_sigmas_min30_trials20_knownk_cv_gram_ncut_k3_sigma0p5.csv
end=Sun Sep  6 18:13:18 EDT 2026
Experiment completed!
