========================================
Job: cv_osc_k3_s0
Method: OSC  k: 3  sigma: 0.0  tune_pool_groups: 20
========================================
host=gl3207.arc-ts.umich.edu  python=/home/lpullela/miniconda3/envs/ssc_559/bin/python  start=Sun Sep  6 18:11:32 EDT 2026
Loading P1E_S1_C1
  Y: (576, 1236)  people=25  frames/person=[60, 61, 50, 48, 51, 35, 41, 56, 55, 49, 65, 50, 63, 38, 61, 48, 50, 49, 50, 30, 42, 60, 32, 39, 53]  min=30
Loading P1E_S1_C2
  Y: (576, 1031)  people=25  frames/person=[42, 48, 31, 35, 50, 45, 30, 32, 38, 40, 61, 41, 47, 33, 46, 36, 41, 45, 42, 36, 33, 50, 53, 33, 43]  min=30
Loading P1E_S1_C3
  Y: (576, 453)  people=25  frames/person=[15, 22, 16, 16, 17, 13, 14, 19, 14, 25, 26, 12, 21, 18, 22, 19, 13, 19, 16, 15, 8, 15, 30, 20, 28]  min=8
  warning: 24 people have fewer than 30 available frames (kept all)
Loading P1E_S2_C1
  Y: (576, 1256)  people=25  frames/person=[65, 50, 50, 51, 53, 48, 49, 60, 33, 48, 61, 58, 52, 32, 55, 35, 45, 53, 40, 53, 51, 65, 64, 42, 43]  min=32
Loading P1E_S2_C2
  Y: (576, 1042)  people=25  frames/person=[33, 48, 38, 41, 53, 36, 39, 47, 51, 36, 55, 44, 43, 25, 42, 41, 37, 45, 41, 38, 40, 54, 49, 33, 33]  min=25
  warning: 1 people have fewer than 30 available frames (kept all)
Loading P1E_S2_C3
  Y: (576, 816)  people=25  frames/person=[36, 33, 28, 32, 42, 37, 31, 36, 31, 23, 42, 36, 35, 20, 33, 33, 32, 32, 32, 29, 32, 42, 38, 27, 24]  min=20
  warning: 6 people have fewer than 30 available frames (kept all)
Loading P1E_S3_C1
  Y: (576, 1255)  people=25  frames/person=[43, 39, 47, 52, 58, 96, 42, 31, 79, 33, 67, 55, 44, 34, 40, 48, 54, 77, 45, 41, 46, 53, 56, 38, 37]  min=31
Loading P1E_S3_C2
  Y: (576, 1126)  people=25  frames/person=[57, 56, 35, 40, 49, 75, 34, 40, 70, 26, 65, 54, 43, 28, 32, 43, 48, 31, 36, 33, 42, 71, 57, 30, 31]  min=26
  warning: 2 people have fewer than 30 available frames (kept all)
Loading P1E_S3_C3
  Y: (576, 866)  people=25  frames/person=[43, 36, 24, 33, 37, 47, 29, 37, 55, 18, 40, 40, 31, 22, 30, 39, 35, 45, 30, 28, 30, 50, 42, 20, 25]  min=18
  warning: 7 people have fewer than 30 available frames (kept all)
Loading P1E_S4_C1
  Y: (576, 1247)  people=25  frames/person=[58, 54, 34, 56, 50, 59, 50, 56, 74, 38, 75, 35, 46, 31, 53, 40, 57, 32, 56, 33, 48, 67, 59, 48, 38]  min=31
Loading P1E_S4_C2
  Y: (576, 1051)  people=25  frames/person=[37, 37, 41, 46, 41, 49, 38, 45, 65, 30, 39, 48, 50, 34, 43, 36, 47, 52, 45, 37, 38, 50, 30, 37, 36]  min=30
Loading P1E_S4_C3
  Y: (576, 719)  people=25  frames/person=[28, 29, 22, 29, 24, 36, 31, 29, 33, 25, 37, 19, 28, 21, 25, 27, 25, 41, 27, 29, 26, 31, 45, 29, 23]  min=19
  warning: 18 people have fewer than 30 available frames (kept all)
Loading P1L_S1_C1
  Y: (576, 1391)  people=25  frames/person=[65, 68, 43, 64, 47, 40, 58, 33, 75, 41, 58, 72, 58, 49, 66, 67, 65, 43, 59, 57, 58, 51, 67, 32, 55]  min=32
Loading P1L_S1_C2
  Y: (576, 1309)  people=25  frames/person=[30, 65, 37, 63, 66, 54, 52, 52, 43, 49, 71, 49, 58, 48, 54, 66, 56, 36, 48, 49, 55, 66, 52, 39, 51]  min=30
Loading P1L_S1_C3
  Y: (576, 565)  people=25  frames/person=[27, 29, 20, 26, 19, 25, 22, 12, 28, 25, 20, 25, 23, 18, 21, 23, 25, 26, 23, 21, 18, 18, 30, 18, 23]  min=12
  warning: 24 people have fewer than 30 available frames (kept all)
Loading P1L_S2_C1
  Y: (576, 1470)  people=25  frames/person=[73, 68, 53, 64, 65, 41, 73, 55, 37, 31, 82, 75, 63, 45, 34, 48, 74, 84, 71, 64, 62, 65, 48, 33, 62]  min=31
Loading P1L_S2_C2
  Y: (576, 1393)  people=25  frames/person=[64, 65, 49, 62, 69, 69, 63, 61, 80, 34, 89, 57, 53, 52, 55, 38, 30, 30, 66, 36, 57, 51, 73, 41, 49]  min=30
Loading P1L_S2_C3
  Y: (576, 897)  people=25  frames/person=[40, 36, 29, 28, 35, 37, 36, 36, 50, 28, 55, 46, 34, 31, 35, 32, 30, 48, 37, 29, 36, 39, 45, 19, 26]  min=19
  warning: 6 people have fewer than 30 available frames (kept all)
Loading P1L_S3_C1
  Y: (576, 1329)  people=25  frames/person=[31, 33, 30, 51, 74, 75, 59, 65, 66, 43, 47, 39, 65, 50, 58, 71, 67, 36, 57, 35, 62, 31, 74, 59, 51]  min=30
Loading P1L_S3_C2
  Y: (576, 1472)  people=25  frames/person=[78, 38, 48, 51, 54, 71, 61, 71, 32, 50, 75, 38, 72, 63, 48, 67, 49, 87, 52, 56, 58, 85, 73, 56, 39]  min=32
Loading P1L_S3_C3
  Y: (576, 1105)  people=25  frames/person=[48, 44, 38, 38, 39, 45, 35, 55, 52, 26, 81, 39, 36, 36, 44, 54, 42, 61, 38, 31, 34, 53, 51, 44, 41]  min=26
  warning: 1 people have fewer than 30 available frames (kept all)
Loading P1L_S4_C1
  Y: (576, 1443)  people=25  frames/person=[50, 69, 44, 41, 78, 43, 32, 71, 45, 65, 59, 39, 56, 57, 68, 69, 70, 73, 51, 63, 47, 70, 57, 52, 74]  min=32
Loading P1L_S4_C2
  Y: (576, 1327)  people=25  frames/person=[71, 34, 39, 54, 63, 67, 52, 39, 52, 56, 59, 50, 51, 53, 63, 50, 71, 63, 48, 35, 31, 71, 43, 52, 60]  min=31
Loading P1L_S4_C3
  Y: (576, 880)  people=25  frames/person=[37, 41, 23, 26, 32, 34, 22, 32, 50, 29, 38, 44, 31, 34, 37, 39, 39, 39, 38, 26, 25, 50, 41, 33, 40]  min=22
  warning: 6 people have fewer than 30 available frames (kept all)
sequences=24  people=25  k=3
frames/person ~ Unif[30, 100]
down_hw=24  sigmas=(0.0,)  n_trials=20  known_k=True  csv=split_k3_clean_min30_trials20_knownk_scaled_cv_osc_k3_sigma0.csv
SSC-Block-TV block_size searched in [2, 12]
CV mode: 8 folds of size 3, each rotated as test
  1 people unused (remainder dropped)
  group 0: ['0006', '0013', '0022']
  group 1: ['0004', '0014', '0027']
  group 2: ['0009', '0019', '0026']
  group 3: ['0005', '0024', '0025']
  group 4: ['0001', '0011', '0023']
  group 5: ['0015', '0016', '0021']
  group 6: ['0007', '0010', '0020']
  group 7: ['0003', '0012', '0017']
methods=['OSC']  append=False  hetero_noise=False  no_tune=False
  tune_pool_groups=20: sampling from 22 held-in people (overlap allowed) instead of the 7 fixed partition group(s)

============================================================
σ=0.0 fold=0  test=['0006', '0013', '0022']  train mats=168  test mats=24  tune mats=480
  --- tune OSC over 480 train mats  n_trials=20 (2 params) ---
  OSC trial 0: mean ARI=0.7546  n=480  152.1s  lambda_1=0.1, lambda_2=0.1
  OSC trial 1: mean ARI=0.7518  n=480  150.0s  lambda_1=0.1568, lambda_2=0.7257
  OSC trial 2: mean ARI=0.7450  n=480  149.8s  lambda_1=0.2577, lambda_2=0.1512
  OSC trial 3: mean ARI=0.7575  n=480  149.7s  lambda_1=0.0495, lambda_2=0.3833
  OSC trial 4: mean ARI=0.7561  n=480  147.7s  lambda_1=0.05628, lambda_2=3.691
  OSC trial 5: mean ARI=0.0018  n=480  145.8s  lambda_1=7.156, lambda_2=0.03418
  OSC trial 6: mean ARI=0.0018  n=480  145.9s  lambda_1=1.469, lambda_2=0.1305
  OSC trial 7: mean ARI=0.7467  n=480  149.6s  lambda_1=0.1871, lambda_2=5.039
  OSC trial 8: mean ARI=0.7627  n=480  156.8s  lambda_1=0.001924, lambda_2=0.002231
  OSC trial 9: mean ARI=0.7605  n=480  150.4s  lambda_1=0.001205, lambda_2=2.14
  OSC trial 10: mean ARI=0.7628  n=480  156.1s  lambda_1=0.001206, lambda_2=0.001369
  OSC trial 11: mean ARI=0.7628  n=480  156.3s  lambda_1=0.001211, lambda_2=0.001203
  OSC trial 12: mean ARI=0.7613  n=480  155.8s  lambda_1=0.007272, lambda_2=0.001044
  OSC trial 13: mean ARI=0.7612  n=480  155.6s  lambda_1=0.006333, lambda_2=0.005996
  OSC trial 14: mean ARI=0.7613  n=480  155.7s  lambda_1=0.008941, lambda_2=0.0121
  OSC trial 15: mean ARI=0.7627  n=480  156.1s  lambda_1=0.001025, lambda_2=0.003846
  OSC trial 16: mean ARI=0.7617  n=480  157.3s  lambda_1=0.003519, lambda_2=0.001207
  OSC trial 17: mean ARI=0.7606  n=480  155.6s  lambda_1=0.01886, lambda_2=0.01694
  OSC trial 18: mean ARI=0.7617  n=480  156.4s  lambda_1=0.003076, lambda_2=0.004771
  OSC trial 19: mean ARI=0.7603  n=480  156.4s  lambda_1=0.02289, lambda_2=0.002019
    best mean ARI=0.7628  tune 3059.3s  lambda_1=0.001206, lambda_2=0.001369
  wrote /nfs/turbo/umms-minjilab/lpullela/icassp_ssc_tv2/block_ssc_benchmark/cv/params/surveillance/split_k3_clean_min30_trials20_knownk_scaled_params_cv_osc_k3_sigma0_sigma0_fold0.json

=== P1E_S1_C1 train[0] k=3  dim=576  frames=153  σ=0.0  fold=0 ===
  OSC: k_hat=3  ACC=0.9673  NMI=0.9007  ARI=0.9048  0.4s

=== P1E_S1_C1 train[1] k=3  dim=576  frames=130  σ=0.0  fold=0 ===
  OSC: k_hat=3  ACC=1.0000  NMI=1.0000  ARI=1.0000  0.3s

=== P1E_S1_C1 train[2] k=3  dim=576  frames=140  σ=0.0  fold=0 ===
  OSC: k_hat=3  ACC=0.9357  NMI=0.8323  ARI=0.7981  0.3s

=== P1E_S1_C1 train[3] k=3  dim=576  frames=157  σ=0.0  fold=0 ===
  OSC: k_hat=3  ACC=0.5860  NMI=0.6627  ARI=0.4681  0.4s

=== P1E_S1_C1 train[4] k=3  dim=576  frames=151  σ=0.0  fold=0 ===
  OSC: k_hat=3  ACC=0.6026  NMI=0.6703  ARI=0.4826  0.4s

=== P1E_S1_C1 train[5] k=3  dim=576  frames=140  σ=0.0  fold=0 ===
  OSC: k_hat=3  ACC=0.8786  NMI=0.7789  ARI=0.7106  0.3s

=== P1E_S1_C1 train[6] k=3  dim=576  frames=171  σ=0.0  fold=0 ===
  OSC: k_hat=3  ACC=0.9357  NMI=0.8467  ARI=0.8312  0.5s

=== P1E_S1_C2 train[0] k=3  dim=576  frames=115  σ=0.0  fold=0 ===
  OSC: k_hat=3  ACC=0.9913  NMI=0.9622  ARI=0.9715  0.3s

=== P1E_S1_C2 train[1] k=3  dim=576  frames=104  σ=0.0  fold=0 ===
  OSC: k_hat=3  ACC=1.0000  NMI=1.0000  ARI=1.0000  0.2s

=== P1E_S1_C2 train[2] k=3  dim=576  frames=138  σ=0.0  fold=0 ===
  OSC: k_hat=3  ACC=0.6377  NMI=0.6117  ARI=0.4601  0.3s

=== P1E_S1_C2 train[3] k=3  dim=576  frames=113  σ=0.0  fold=0 ===
  OSC: k_hat=3  ACC=0.7168  NMI=0.6181  ARI=0.5172  0.2s

=== P1E_S1_C2 train[4] k=3  dim=576  frames=122  σ=0.0  fold=0 ===
  OSC: k_hat=3  ACC=0.5410  NMI=0.6594  ARI=0.4560  0.3s

=== P1E_S1_C2 train[5] k=3  dim=576  frames=122  σ=0.0  fold=0 ===
  OSC: k_hat=3  ACC=0.9426  NMI=0.8571  ARI=0.8532  0.3s

=== P1E_S1_C2 train[6] k=3  dim=576  frames=134  σ=0.0  fold=0 ===
  OSC: k_hat=3  ACC=0.9851  NMI=0.9443  ARI=0.9564  0.3s

=== P1E_S1_C3 train[0] k=3  dim=576  frames=56  σ=0.0  fold=0 ===
  OSC: k_hat=3  ACC=0.9821  NMI=0.9328  ARI=0.9451  0.1s

=== P1E_S1_C3 train[1] k=3  dim=576  frames=47  σ=0.0  fold=0 ===
  OSC: k_hat=3  ACC=1.0000  NMI=1.0000  ARI=1.0000  0.1s

=== P1E_S1_C3 train[2] k=3  dim=576  frames=61  σ=0.0  fold=0 ===
  OSC: k_hat=3  ACC=0.5902  NMI=0.5667  ARI=0.4032  0.1s

=== P1E_S1_C3 train[3] k=3  dim=576  frames=37  σ=0.0  fold=0 ===
  OSC: k_hat=3  ACC=1.0000  NMI=1.0000  ARI=1.0000  0.1s

=== P1E_S1_C3 train[4] k=3  dim=576  frames=55  σ=0.0  fold=0 ===
  OSC: k_hat=3  ACC=1.0000  NMI=1.0000  ARI=1.0000  0.1s

=== P1E_S1_C3 train[5] k=3  dim=576  frames=51  σ=0.0  fold=0 ===
  OSC: k_hat=3  ACC=0.9412  NMI=0.8560  ARI=0.8447  0.1s

=== P1E_S1_C3 train[6] k=3  dim=576  frames=69  σ=0.0  fold=0 ===
  OSC: k_hat=3  ACC=0.9565  NMI=0.8541  ARI=0.8698  0.1s

=== P1E_S2_C1 train[0] k=3  dim=576  frames=151  σ=0.0  fold=0 ===
  OSC: k_hat=3  ACC=0.8278  NMI=0.6837  ARI=0.5812  0.4s

=== P1E_S2_C1 train[1] k=3  dim=576  frames=136  σ=0.0  fold=0 ===
  OSC: k_hat=3  ACC=0.8971  NMI=0.7907  ARI=0.7297  0.3s

=== P1E_S2_C1 train[2] k=3  dim=576  frames=180  σ=0.0  fold=0 ===
  OSC: k_hat=3  ACC=0.7278  NMI=0.6529  ARI=0.5009  0.5s

=== P1E_S2_C1 train[3] k=3  dim=576  frames=149  σ=0.0  fold=0 ===
  OSC: k_hat=3  ACC=0.6040  NMI=0.6711  ARI=0.4842  0.4s

=== P1E_S2_C1 train[4] k=3  dim=576  frames=124  σ=0.0  fold=0 ===
  OSC: k_hat=3  ACC=0.5806  NMI=0.6673  ARI=0.4713  0.3s

=== P1E_S2_C1 train[5] k=3  dim=576  frames=161  σ=0.0  fold=0 ===
  OSC: k_hat=3  ACC=0.8012  NMI=0.6951  ARI=0.5830  0.4s

=== P1E_S2_C1 train[6] k=3  dim=576  frames=153  σ=0.0  fold=0 ===
  OSC: k_hat=3  ACC=0.5621  NMI=0.5800  ARI=0.4103  0.4s

=== P1E_S2_C2 train[0] k=3  dim=576  frames=115  σ=0.0  fold=0 ===
  OSC: k_hat=3  ACC=1.0000  NMI=1.0000  ARI=1.0000  0.3s

=== P1E_S2_C2 train[1] k=3  dim=576  frames=109  σ=0.0  fold=0 ===
  OSC: k_hat=3  ACC=0.9908  NMI=0.9619  ARI=0.9735  0.3s

=== P1E_S2_C2 train[2] k=3  dim=576  frames=144  σ=0.0  fold=0 ===
  OSC: k_hat=3  ACC=0.9375  NMI=0.8481  ARI=0.8303  0.4s

=== P1E_S2_C2 train[3] k=3  dim=576  frames=124  σ=0.0  fold=0 ===
  OSC: k_hat=3  ACC=1.0000  NMI=1.0000  ARI=1.0000  0.3s

=== P1E_S2_C2 train[4] k=3  dim=576  frames=109  σ=0.0  fold=0 ===
  OSC: k_hat=3  ACC=0.6972  NMI=0.6941  ARI=0.5482  0.2s

=== P1E_S2_C2 train[5] k=3  dim=576  frames=128  σ=0.0  fold=0 ===
  OSC: k_hat=3  ACC=0.5938  NMI=0.6585  ARI=0.4635  0.3s

=== P1E_S2_C2 train[6] k=3  dim=576  frames=126  σ=0.0  fold=0 ===
  OSC: k_hat=3  ACC=0.9841  NMI=0.9413  ARI=0.9532  0.3s

=== P1E_S2_C3 train[0] k=3  dim=576  frames=88  σ=0.0  fold=0 ===
  OSC: k_hat=3  ACC=0.9773  NMI=0.9225  ARI=0.9324  0.2s

=== P1E_S2_C3 train[1] k=3  dim=576  frames=90  σ=0.0  fold=0 ===
  OSC: k_hat=3  ACC=1.0000  NMI=1.0000  ARI=1.0000  0.2s

=== P1E_S2_C3 train[2] k=3  dim=576  frames=112  σ=0.0  fold=0 ===
  OSC: k_hat=3  ACC=0.5357  NMI=0.5953  ARI=0.4243  0.2s

=== P1E_S2_C3 train[3] k=3  dim=576  frames=99  σ=0.0  fold=0 ===
  OSC: k_hat=3  ACC=0.9899  NMI=0.9585  ARI=0.9691  0.2s

=== P1E_S2_C3 train[4] k=3  dim=576  frames=87  σ=0.0  fold=0 ===
  OSC: k_hat=3  ACC=0.6092  NMI=0.6683  ARI=0.4793  0.2s

=== P1E_S2_C3 train[5] k=3  dim=576  frames=105  σ=0.0  fold=0 ===
  OSC: k_hat=3  ACC=0.9714  NMI=0.8926  ARI=0.9125  0.2s

=== P1E_S2_C3 train[6] k=3  dim=576  frames=89  σ=0.0  fold=0 ===
  OSC: k_hat=3  ACC=0.9775  NMI=0.9248  ARI=0.9383  0.2s

=== P1E_S3_C1 train[0] k=3  dim=576  frames=139  σ=0.0  fold=0 ===
  OSC: k_hat=3  ACC=0.7338  NMI=0.6984  ARI=0.5493  0.3s

=== P1E_S3_C1 train[1] k=3  dim=576  frames=134  σ=0.0  fold=0 ===
  OSC: k_hat=3  ACC=0.7985  NMI=0.6452  ARI=0.5289  0.3s

=== P1E_S3_C1 train[2] k=3  dim=576  frames=161  σ=0.0  fold=0 ===
  OSC: k_hat=3  ACC=0.8012  NMI=0.7186  ARI=0.5943  0.4s

=== P1E_S3_C1 train[3] k=3  dim=576  frames=168  σ=0.0  fold=0 ===
  OSC: k_hat=3  ACC=0.8393  NMI=0.7241  ARI=0.5866  0.4s

=== P1E_S3_C1 train[4] k=3  dim=576  frames=123  σ=0.0  fold=0 ===
  OSC: k_hat=3  ACC=0.5203  NMI=0.4254  ARI=0.2446  0.3s

=== P1E_S3_C1 train[5] k=3  dim=576  frames=204  σ=0.0  fold=0 ===
  OSC: k_hat=3  ACC=0.7206  NMI=0.7092  ARI=0.5882  0.5s

=== P1E_S3_C1 train[6] k=3  dim=576  frames=112  σ=0.0  fold=0 ===
  OSC: k_hat=3  ACC=0.5804  NMI=0.6590  ARI=0.4608  0.2s

=== P1E_S3_C2 train[0] k=3  dim=576  frames=120  σ=0.0  fold=0 ===
  OSC: k_hat=3  ACC=0.6750  NMI=0.6671  ARI=0.4773  0.2s

=== P1E_S3_C2 train[1] k=3  dim=576  frames=112  σ=0.0  fold=0 ===
  OSC: k_hat=3  ACC=0.9554  NMI=0.8723  ARI=0.8616  0.2s

=== P1E_S3_C2 train[2] k=3  dim=576  frames=168  σ=0.0  fold=0 ===
  OSC: k_hat=3  ACC=0.6905  NMI=0.6422  ARI=0.4322  0.4s

=== P1E_S3_C2 train[3] k=3  dim=576  frames=169  σ=0.0  fold=0 ===
  OSC: k_hat=3  ACC=0.8166  NMI=0.7302  ARI=0.6094  0.4s

=== P1E_S3_C2 train[4] k=3  dim=576  frames=107  σ=0.0  fold=0 ===
  OSC: k_hat=3  ACC=0.5888  NMI=0.6662  ARI=0.4710  0.2s

=== P1E_S3_C2 train[5] k=3  dim=576  frames=146  σ=0.0  fold=0 ===
  OSC: k_hat=3  ACC=0.6507  NMI=0.6149  ARI=0.3702  0.3s

=== P1E_S3_C2 train[6] k=3  dim=576  frames=114  σ=0.0  fold=0 ===
  OSC: k_hat=3  ACC=0.9912  NMI=0.9609  ARI=0.9730  0.2s

=== P1E_S3_C3 train[0] k=3  dim=576  frames=89  σ=0.0  fold=0 ===
  OSC: k_hat=3  ACC=1.0000  NMI=1.0000  ARI=1.0000  0.1s

=== P1E_S3_C3 train[1] k=3  dim=576  frames=84  σ=0.0  fold=0 ===
  OSC: k_hat=3  ACC=1.0000  NMI=1.0000  ARI=1.0000  0.1s

=== P1E_S3_C3 train[2] k=3  dim=576  frames=125  σ=0.0  fold=0 ===
  OSC: k_hat=3  ACC=0.7440  NMI=0.6711  ARI=0.4831  0.2s

=== P1E_S3_C3 train[3] k=3  dim=576  frames=128  σ=0.0  fold=0 ===
  OSC: k_hat=3  ACC=0.7500  NMI=0.7005  ARI=0.5481  0.2s

=== P1E_S3_C3 train[4] k=3  dim=576  frames=83  σ=0.0  fold=0 ===
  OSC: k_hat=3  ACC=1.0000  NMI=1.0000  ARI=1.0000  0.1s

=== P1E_S3_C3 train[5] k=3  dim=576  frames=129  σ=0.0  fold=0 ===
  OSC: k_hat=3  ACC=0.9845  NMI=0.9427  ARI=0.9553  0.3s

=== P1E_S3_C3 train[6] k=3  dim=576  frames=84  σ=0.0  fold=0 ===
  OSC: k_hat=3  ACC=0.9881  NMI=0.9523  ARI=0.9667  0.1s

=== P1E_S4_C1 train[0] k=3  dim=576  frames=107  σ=0.0  fold=0 ===
  OSC: k_hat=3  ACC=1.0000  NMI=1.0000  ARI=1.0000  0.2s

=== P1E_S4_C1 train[1] k=3  dim=576  frames=155  σ=0.0  fold=0 ===
  OSC: k_hat=3  ACC=0.9613  NMI=0.8874  ARI=0.8853  0.4s

=== P1E_S4_C1 train[2] k=3  dim=576  frames=182  σ=0.0  fold=0 ===
  OSC: k_hat=3  ACC=0.8681  NMI=0.7446  ARI=0.6754  0.5s

=== P1E_S4_C1 train[3] k=3  dim=576  frames=180  σ=0.0  fold=0 ===
  OSC: k_hat=3  ACC=1.0000  NMI=1.0000  ARI=1.0000  0.5s

=== P1E_S4_C1 train[4] k=3  dim=576  frames=133  σ=0.0  fold=0 ===
  OSC: k_hat=3  ACC=0.6466  NMI=0.6651  ARI=0.4918  0.3s

=== P1E_S4_C1 train[5] k=3  dim=576  frames=147  σ=0.0  fold=0 ===
  OSC: k_hat=3  ACC=0.5306  NMI=0.4811  ARI=0.3275  0.3s

=== P1E_S4_C1 train[6] k=3  dim=576  frames=145  σ=0.0  fold=0 ===
  OSC: k_hat=3  ACC=0.9931  NMI=0.9694  ARI=0.9805  0.3s

=== P1E_S4_C2 train[0] k=3  dim=576  frames=125  σ=0.0  fold=0 ===
  OSC: k_hat=3  ACC=0.9920  NMI=0.9653  ARI=0.9759  0.3s

=== P1E_S4_C2 train[1] k=3  dim=576  frames=122  σ=0.0  fold=0 ===
  OSC: k_hat=3  ACC=1.0000  NMI=1.0000  ARI=1.0000  0.3s

=== P1E_S4_C2 train[2] k=3  dim=576  frames=126  σ=0.0  fold=0 ===
  OSC: k_hat=3  ACC=1.0000  NMI=1.0000  ARI=1.0000  0.3s

=== P1E_S4_C2 train[3] k=3  dim=576  frames=140  σ=0.0  fold=0 ===
  OSC: k_hat=3  ACC=1.0000  NMI=1.0000  ARI=1.0000  0.3s

=== P1E_S4_C2 train[4] k=3  dim=576  frames=129  σ=0.0  fold=0 ===
  OSC: k_hat=3  ACC=0.5426  NMI=0.6602  ARI=0.4588  0.3s

=== P1E_S4_C2 train[5] k=3  dim=576  frames=146  σ=0.0  fold=0 ===
  OSC: k_hat=3  ACC=0.9589  NMI=0.8852  ARI=0.8877  0.3s

=== P1E_S4_C2 train[6] k=3  dim=576  frames=110  σ=0.0  fold=0 ===
  OSC: k_hat=3  ACC=0.9818  NMI=0.9362  ARI=0.9514  0.2s

=== P1E_S4_C3 train[0] k=3  dim=576  frames=64  σ=0.0  fold=0 ===
  OSC: k_hat=3  ACC=0.9844  NMI=0.9424  ARI=0.9536  0.1s

=== P1E_S4_C3 train[1] k=3  dim=576  frames=85  σ=0.0  fold=0 ===
  OSC: k_hat=3  ACC=1.0000  NMI=1.0000  ARI=1.0000  0.2s

=== P1E_S4_C3 train[2] k=3  dim=576  frames=105  σ=0.0  fold=0 ===
  OSC: k_hat=3  ACC=0.5524  NMI=0.5912  ARI=0.4118  0.2s

=== P1E_S4_C3 train[3] k=3  dim=576  frames=87  σ=0.0  fold=0 ===
  OSC: k_hat=3  ACC=1.0000  NMI=1.0000  ARI=1.0000  0.2s

=== P1E_S4_C3 train[4] k=3  dim=576  frames=76  σ=0.0  fold=0 ===
  OSC: k_hat=3  ACC=1.0000  NMI=1.0000  ARI=1.0000  0.2s

=== P1E_S4_C3 train[5] k=3  dim=576  frames=106  σ=0.0  fold=0 ===
  OSC: k_hat=3  ACC=0.6792  NMI=0.7026  ARI=0.5568  0.2s

=== P1E_S4_C3 train[6] k=3  dim=576  frames=79  σ=0.0  fold=0 ===
  OSC: k_hat=3  ACC=0.9873  NMI=0.9504  ARI=0.9609  0.2s

=== P1L_S1_C1 train[0] k=3  dim=576  frames=170  σ=0.0  fold=0 ===
  OSC: k_hat=3  ACC=0.7647  NMI=0.6747  ARI=0.4861  0.5s

=== P1L_S1_C1 train[1] k=3  dim=576  frames=155  σ=0.0  fold=0 ===
  OSC: k_hat=3  ACC=1.0000  NMI=1.0000  ARI=1.0000  0.4s

=== P1L_S1_C1 train[2] k=3  dim=576  frames=182  σ=0.0  fold=0 ===
  OSC: k_hat=3  ACC=1.0000  NMI=1.0000  ARI=1.0000  0.5s

=== P1L_S1_C1 train[3] k=3  dim=576  frames=198  σ=0.0  fold=0 ===
  OSC: k_hat=3  ACC=0.7323  NMI=0.6955  ARI=0.5444  0.6s

=== P1L_S1_C1 train[4] k=3  dim=576  frames=166  σ=0.0  fold=0 ===
  OSC: k_hat=3  ACC=1.0000  NMI=1.0000  ARI=1.0000  0.5s

=== P1L_S1_C1 train[5] k=3  dim=576  frames=116  σ=0.0  fold=0 ===
  OSC: k_hat=3  ACC=0.5517  NMI=0.5057  ARI=0.3338  0.3s

=== P1L_S1_C1 train[6] k=3  dim=576  frames=175  σ=0.0  fold=0 ===
  OSC: k_hat=3  ACC=1.0000  NMI=1.0000  ARI=1.0000  0.5s

=== P1L_S1_C2 train[0] k=3  dim=576  frames=137  σ=0.0  fold=0 ===
  OSC: k_hat=3  ACC=1.0000  NMI=1.0000  ARI=1.0000  0.4s

=== P1L_S1_C2 train[1] k=3  dim=576  frames=147  σ=0.0  fold=0 ===
  OSC: k_hat=3  ACC=1.0000  NMI=1.0000  ARI=1.0000  0.4s

=== P1L_S1_C2 train[2] k=3  dim=576  frames=181  σ=0.0  fold=0 ===
  OSC: k_hat=3  ACC=0.8287  NMI=0.7245  ARI=0.5963  0.5s

=== P1L_S1_C2 train[3] k=3  dim=576  frames=128  σ=0.0  fold=0 ===
  OSC: k_hat=3  ACC=0.5625  NMI=0.6666  ARI=0.4689  0.3s

=== P1L_S1_C2 train[4] k=3  dim=576  frames=154  σ=0.0  fold=0 ===
  OSC: k_hat=3  ACC=0.5065  NMI=0.6566  ARI=0.4500  0.4s

=== P1L_S1_C2 train[5] k=3  dim=576  frames=142  σ=0.0  fold=0 ===
  OSC: k_hat=3  ACC=0.5352  NMI=0.6225  ARI=0.4110  0.4s

=== P1L_S1_C2 train[6] k=3  dim=576  frames=168  σ=0.0  fold=0 ===
  OSC: k_hat=3  ACC=1.0000  NMI=1.0000  ARI=1.0000  0.5s

=== P1L_S1_C3 train[0] k=3  dim=576  frames=68  σ=0.0  fold=0 ===
  OSC: k_hat=3  ACC=1.0000  NMI=1.0000  ARI=1.0000  0.1s

=== P1L_S1_C3 train[1] k=3  dim=576  frames=65  σ=0.0  fold=0 ===
  OSC: k_hat=3  ACC=1.0000  NMI=1.0000  ARI=1.0000  0.1s

=== P1L_S1_C3 train[2] k=3  dim=576  frames=74  σ=0.0  fold=0 ===
  OSC: k_hat=3  ACC=0.5811  NMI=0.6652  ARI=0.4654  0.2s

=== P1L_S1_C3 train[3] k=3  dim=576  frames=73  σ=0.0  fold=0 ===
  OSC: k_hat=3  ACC=0.6164  NMI=0.6644  ARI=0.4742  0.2s

=== P1L_S1_C3 train[4] k=3  dim=576  frames=64  σ=0.0  fold=0 ===
  OSC: k_hat=3  ACC=0.8438  NMI=0.7524  ARI=0.6573  0.1s

=== P1L_S1_C3 train[5] k=3  dim=576  frames=63  σ=0.0  fold=0 ===
  OSC: k_hat=3  ACC=0.6190  NMI=0.6736  ARI=0.5014  0.1s

=== P1L_S1_C3 train[6] k=3  dim=576  frames=75  σ=0.0  fold=0 ===
  OSC: k_hat=3  ACC=0.9867  NMI=0.9474  ARI=0.9569  0.2s

=== P1L_S2_C1 train[0] k=3  dim=576  frames=190  σ=0.0  fold=0 ===
  OSC: k_hat=3  ACC=0.7211  NMI=0.6714  ARI=0.4890  0.6s

=== P1L_S2_C1 train[1] k=3  dim=576  frames=180  σ=0.0  fold=0 ===
  OSC: k_hat=3  ACC=1.0000  NMI=1.0000  ARI=1.0000  0.5s

=== P1L_S2_C1 train[2] k=3  dim=576  frames=177  σ=0.0  fold=0 ===
  OSC: k_hat=3  ACC=0.8305  NMI=0.6528  ARI=0.5780  0.5s

=== P1L_S2_C1 train[3] k=3  dim=576  frames=172  σ=0.0  fold=0 ===
  OSC: k_hat=3  ACC=1.0000  NMI=1.0000  ARI=1.0000  0.5s

=== P1L_S2_C1 train[4] k=3  dim=576  frames=179  σ=0.0  fold=0 ===
  OSC: k_hat=3  ACC=1.0000  NMI=1.0000  ARI=1.0000  0.5s

=== P1L_S2_C1 train[5] k=3  dim=576  frames=180  σ=0.0  fold=0 ===
  OSC: k_hat=3  ACC=0.4944  NMI=0.2578  ARI=0.0592  0.5s

=== P1L_S2_C1 train[6] k=3  dim=576  frames=133  σ=0.0  fold=0 ===
  OSC: k_hat=3  ACC=1.0000  NMI=1.0000  ARI=1.0000  0.3s

=== P1L_S2_C2 train[0] k=3  dim=576  frames=155  σ=0.0  fold=0 ===
  OSC: k_hat=3  ACC=1.0000  NMI=1.0000  ARI=1.0000  0.4s

=== P1L_S2_C2 train[1] k=3  dim=576  frames=134  σ=0.0  fold=0 ===
  OSC: k_hat=3  ACC=1.0000  NMI=1.0000  ARI=1.0000  0.3s

=== P1L_S2_C2 train[2] k=3  dim=576  frames=186  σ=0.0  fold=0 ===
  OSC: k_hat=3  ACC=0.9839  NMI=0.9417  ARI=0.9571  0.6s

=== P1L_S2_C2 train[3] k=3  dim=576  frames=201  σ=0.0  fold=0 ===
  OSC: k_hat=3  ACC=0.9900  NMI=0.9582  ARI=0.9683  0.6s

=== P1L_S2_C2 train[4] k=3  dim=576  frames=171  σ=0.0  fold=0 ===
  OSC: k_hat=3  ACC=0.8363  NMI=0.7362  ARI=0.6178  0.5s

=== P1L_S2_C2 train[5] k=3  dim=576  frames=160  σ=0.0  fold=0 ===
  OSC: k_hat=3  ACC=0.8000  NMI=0.7446  ARI=0.6793  0.4s

=== P1L_S2_C2 train[6] k=3  dim=576  frames=154  σ=0.0  fold=0 ===
  OSC: k_hat=3  ACC=1.0000  NMI=1.0000  ARI=1.0000  0.4s

=== P1L_S2_C3 train[0] k=3  dim=576  frames=101  σ=0.0  fold=0 ===
  OSC: k_hat=3  ACC=1.0000  NMI=1.0000  ARI=1.0000  0.2s

=== P1L_S2_C3 train[1] k=3  dim=576  frames=85  σ=0.0  fold=0 ===
  OSC: k_hat=3  ACC=1.0000  NMI=1.0000  ARI=1.0000  0.2s

=== P1L_S2_C3 train[2] k=3  dim=576  frames=112  σ=0.0  fold=0 ===
  OSC: k_hat=3  ACC=0.5714  NMI=0.6638  ARI=0.4653  0.3s

=== P1L_S2_C3 train[3] k=3  dim=576  frames=126  σ=0.0  fold=0 ===
  OSC: k_hat=3  ACC=0.8333  NMI=0.7360  ARI=0.6161  0.3s

=== P1L_S2_C3 train[4] k=3  dim=576  frames=102  σ=0.0  fold=0 ===
  OSC: k_hat=3  ACC=0.5392  NMI=0.6485  ARI=0.4410  0.2s

=== P1L_S2_C3 train[5] k=3  dim=576  frames=121  σ=0.0  fold=0 ===
  OSC: k_hat=3  ACC=0.9174  NMI=0.8252  ARI=0.8067  0.3s

=== P1L_S2_C3 train[6] k=3  dim=576  frames=99  σ=0.0  fold=0 ===
  OSC: k_hat=3  ACC=0.9697  NMI=0.9066  ARI=0.9152  0.2s

=== P1L_S3_C1 train[0] k=3  dim=576  frames=120  σ=0.0  fold=0 ===
  OSC: k_hat=3  ACC=1.0000  NMI=1.0000  ARI=1.0000  0.3s

=== P1L_S3_C1 train[1] k=3  dim=576  frames=185  σ=0.0  fold=0 ===
  OSC: k_hat=3  ACC=0.9351  NMI=0.8421  ARI=0.8204  0.5s

=== P1L_S3_C1 train[2] k=3  dim=576  frames=156  σ=0.0  fold=0 ===
  OSC: k_hat=3  ACC=0.6346  NMI=0.6784  ARI=0.5044  0.4s

=== P1L_S3_C1 train[3] k=3  dim=576  frames=159  σ=0.0  fold=0 ===
  OSC: k_hat=3  ACC=0.9245  NMI=0.7727  ARI=0.7932  0.4s

=== P1L_S3_C1 train[4] k=3  dim=576  frames=172  σ=0.0  fold=0 ===
  OSC: k_hat=3  ACC=0.8779  NMI=0.7752  ARI=0.6999  0.5s

=== P1L_S3_C1 train[5] k=3  dim=576  frames=176  σ=0.0  fold=0 ===
  OSC: k_hat=3  ACC=0.6818  NMI=0.6189  ARI=0.3972  0.5s

=== P1L_S3_C1 train[6] k=3  dim=576  frames=134  σ=0.0  fold=0 ===
  OSC: k_hat=3  ACC=1.0000  NMI=1.0000  ARI=1.0000  0.3s

=== P1L_S3_C2 train[0] k=3  dim=576  frames=125  σ=0.0  fold=0 ===
  OSC: k_hat=3  ACC=0.8560  NMI=0.7657  ARI=0.7000  0.3s

=== P1L_S3_C2 train[1] k=3  dim=576  frames=166  σ=0.0  fold=0 ===
  OSC: k_hat=3  ACC=1.0000  NMI=1.0000  ARI=1.0000  0.5s

=== P1L_S3_C2 train[2] k=3  dim=576  frames=209  σ=0.0  fold=0 ===
  OSC: k_hat=3  ACC=0.7608  NMI=0.6689  ARI=0.4808  0.7s

=== P1L_S3_C2 train[3] k=3  dim=576  frames=168  σ=0.0  fold=0 ===
  OSC: k_hat=3  ACC=0.6488  NMI=0.6705  ARI=0.5211  0.5s

=== P1L_S3_C2 train[4] k=3  dim=576  frames=187  σ=0.0  fold=0 ===
  OSC: k_hat=3  ACC=0.5508  NMI=0.6596  ARI=0.4583  0.6s

=== P1L_S3_C2 train[5] k=3  dim=576  frames=229  σ=0.0  fold=0 ===
  OSC: k_hat=3  ACC=0.5109  NMI=0.6332  ARI=0.4399  0.8s

=== P1L_S3_C2 train[6] k=3  dim=576  frames=136  σ=0.0  fold=0 ===
  OSC: k_hat=3  ACC=1.0000  NMI=1.0000  ARI=1.0000  0.4s

=== P1L_S3_C3 train[0] k=3  dim=576  frames=118  σ=0.0  fold=0 ===
  OSC: k_hat=3  ACC=0.8983  NMI=0.7946  ARI=0.7354  0.3s

=== P1L_S3_C3 train[1] k=3  dim=576  frames=121  σ=0.0  fold=0 ===
  OSC: k_hat=3  ACC=1.0000  NMI=1.0000  ARI=1.0000  0.3s

=== P1L_S3_C3 train[2] k=3  dim=576  frames=142  σ=0.0  fold=0 ===
  OSC: k_hat=3  ACC=1.0000  NMI=1.0000  ARI=1.0000  0.4s

=== P1L_S3_C3 train[3] k=3  dim=576  frames=134  σ=0.0  fold=0 ===
  OSC: k_hat=3  ACC=0.8507  NMI=0.7327  ARI=0.6091  0.3s

=== P1L_S3_C3 train[4] k=3  dim=576  frames=110  σ=0.0  fold=0 ===
  OSC: k_hat=3  ACC=0.8636  NMI=0.7613  ARI=0.6732  0.3s

=== P1L_S3_C3 train[5] k=3  dim=576  frames=161  σ=0.0  fold=0 ===
  OSC: k_hat=3  ACC=0.8323  NMI=0.7023  ARI=0.6433  0.5s

=== P1L_S3_C3 train[6] k=3  dim=576  frames=114  σ=0.0  fold=0 ===
  OSC: k_hat=3  ACC=0.9912  NMI=0.9630  ARI=0.9763  0.3s

=== P1L_S4_C1 train[0] k=3  dim=576  frames=157  σ=0.0  fold=0 ===
  OSC: k_hat=3  ACC=1.0000  NMI=1.0000  ARI=1.0000  0.4s

=== P1L_S4_C1 train[1] k=3  dim=576  frames=154  σ=0.0  fold=0 ===
  OSC: k_hat=3  ACC=1.0000  NMI=1.0000  ARI=1.0000  0.4s

=== P1L_S4_C1 train[2] k=3  dim=576  frames=168  σ=0.0  fold=0 ===
  OSC: k_hat=3  ACC=0.7262  NMI=0.6963  ARI=0.5455  0.5s

=== P1L_S4_C1 train[3] k=3  dim=576  frames=142  σ=0.0  fold=0 ===
  OSC: k_hat=3  ACC=1.0000  NMI=1.0000  ARI=1.0000  0.4s

=== P1L_S4_C1 train[4] k=3  dim=576  frames=164  σ=0.0  fold=0 ===
  OSC: k_hat=3  ACC=0.9939  NMI=0.9723  ARI=0.9819  0.5s

=== P1L_S4_C1 train[5] k=3  dim=576  frames=187  σ=0.0  fold=0 ===
  OSC: k_hat=3  ACC=0.5989  NMI=0.4784  ARI=0.3177  0.5s

=== P1L_S4_C1 train[6] k=3  dim=576  frames=202  σ=0.0  fold=0 ===
  OSC: k_hat=3  ACC=1.0000  NMI=1.0000  ARI=1.0000  0.6s

=== P1L_S4_C2 train[0] k=3  dim=576  frames=149  σ=0.0  fold=0 ===
  OSC: k_hat=3  ACC=0.9195  NMI=0.8124  ARI=0.7623  0.4s

=== P1L_S4_C2 train[1] k=3  dim=576  frames=175  σ=0.0  fold=0 ===
  OSC: k_hat=3  ACC=1.0000  NMI=1.0000  ARI=1.0000  0.5s

=== P1L_S4_C2 train[2] k=3  dim=576  frames=168  σ=0.0  fold=0 ===
  OSC: k_hat=3  ACC=0.8571  NMI=0.7372  ARI=0.6347  0.4s

=== P1L_S4_C2 train[3] k=3  dim=576  frames=154  σ=0.0  fold=0 ===
  OSC: k_hat=3  ACC=1.0000  NMI=1.0000  ARI=1.0000  0.4s

=== P1L_S4_C2 train[4] k=3  dim=576  frames=152  σ=0.0  fold=0 ===
  OSC: k_hat=3  ACC=0.8618  NMI=0.7611  ARI=0.6804  0.4s

=== P1L_S4_C2 train[5] k=3  dim=576  frames=169  σ=0.0  fold=0 ===
  OSC: k_hat=3  ACC=0.5976  NMI=0.6663  ARI=0.4796  0.4s

=== P1L_S4_C2 train[6] k=3  dim=576  frames=153  σ=0.0  fold=0 ===
  OSC: k_hat=3  ACC=0.9869  NMI=0.9501  ARI=0.9666  0.4s

=== P1L_S4_C3 train[0] k=3  dim=576  frames=107  σ=0.0  fold=0 ===
  OSC: k_hat=3  ACC=1.0000  NMI=1.0000  ARI=1.0000  0.2s

=== P1L_S4_C3 train[1] k=3  dim=576  frames=94  σ=0.0  fold=0 ===
  OSC: k_hat=3  ACC=1.0000  NMI=1.0000  ARI=1.0000  0.2s

=== P1L_S4_C3 train[2] k=3  dim=576  frames=117  σ=0.0  fold=0 ===
  OSC: k_hat=3  ACC=0.7009  NMI=0.6970  ARI=0.5517  0.3s

=== P1L_S4_C3 train[3] k=3  dim=576  frames=112  σ=0.0  fold=0 ===
  OSC: k_hat=3  ACC=0.8036  NMI=0.7211  ARI=0.5862  0.2s

=== P1L_S4_C3 train[4] k=3  dim=576  frames=103  σ=0.0  fold=0 ===
  OSC: k_hat=3  ACC=0.5437  NMI=0.6400  ARI=0.4309  0.2s

=== P1L_S4_C3 train[5] k=3  dim=576  frames=105  σ=0.0  fold=0 ===
  OSC: k_hat=3  ACC=0.5429  NMI=0.6577  ARI=0.4521  0.2s

=== P1L_S4_C3 train[6] k=3  dim=576  frames=107  σ=0.0  fold=0 ===
  OSC: k_hat=3  ACC=0.9813  NMI=0.9338  ARI=0.9463  0.2s

=== P1E_S1_C1 test[0] k=3  dim=576  frames=146  σ=0.0  fold=0 ===
  OSC: k_hat=3  ACC=0.9178  NMI=0.7994  ARI=0.7432  0.4s

=== P1E_S1_C2 test[0] k=3  dim=576  frames=147  σ=0.0  fold=0 ===
  OSC: k_hat=3  ACC=0.9932  NMI=0.9693  ARI=0.9802  0.4s

=== P1E_S1_C3 test[0] k=3  dim=576  frames=58  σ=0.0  fold=0 ===
  OSC: k_hat=3  ACC=0.9483  NMI=0.8578  ARI=0.8376  0.1s

=== P1E_S2_C1 test[0] k=3  dim=576  frames=167  σ=0.0  fold=0 ===
  OSC: k_hat=3  ACC=0.8862  NMI=0.7810  ARI=0.7093  0.4s

=== P1E_S2_C2 test[0] k=3  dim=576  frames=146  σ=0.0  fold=0 ===
  OSC: k_hat=3  ACC=0.9384  NMI=0.8138  ARI=0.8157  0.4s

=== P1E_S2_C3 test[0] k=3  dim=576  frames=113  σ=0.0  fold=0 ===
  OSC: k_hat=3  ACC=1.0000  NMI=1.0000  ARI=1.0000  0.2s

=== P1E_S3_C1 test[0] k=3  dim=576  frames=166  σ=0.0  fold=0 ===
  OSC: k_hat=3  ACC=0.8313  NMI=0.6872  ARI=0.5715  0.4s

=== P1E_S3_C2 test[0] k=3  dim=576  frames=147  σ=0.0  fold=0 ===
  OSC: k_hat=3  ACC=0.8639  NMI=0.7374  ARI=0.6181  0.4s

=== P1E_S3_C3 test[0] k=3  dim=576  frames=105  σ=0.0  fold=0 ===
  OSC: k_hat=3  ACC=1.0000  NMI=1.0000  ARI=1.0000  0.2s

=== P1E_S4_C1 test[0] k=3  dim=576  frames=158  σ=0.0  fold=0 ===
  OSC: k_hat=3  ACC=0.8734  NMI=0.7427  ARI=0.6331  0.4s

=== P1E_S4_C2 test[0] k=3  dim=576  frames=117  σ=0.0  fold=0 ===
  OSC: k_hat=3  ACC=0.9573  NMI=0.8552  ARI=0.8756  0.3s

=== P1E_S4_C3 test[0] k=3  dim=576  frames=90  σ=0.0  fold=0 ===
  OSC: k_hat=3  ACC=0.9778  NMI=0.9242  ARI=0.9338  0.2s

=== P1L_S1_C1 test[0] k=3  dim=576  frames=162  σ=0.0  fold=0 ===
  OSC: k_hat=3  ACC=1.0000  NMI=1.0000  ARI=1.0000  0.5s

=== P1L_S1_C2 test[0] k=3  dim=576  frames=186  σ=0.0  fold=0 ===
  OSC: k_hat=3  ACC=0.8118  NMI=0.6805  ARI=0.5511  0.5s

=== P1L_S1_C3 test[0] k=3  dim=576  frames=60  σ=0.0  fold=0 ===
  OSC: k_hat=3  ACC=0.5167  NMI=0.6515  ARI=0.4364  0.1s

=== P1L_S2_C1 test[0] k=3  dim=576  frames=211  σ=0.0  fold=0 ===
  OSC: k_hat=3  ACC=0.8341  NMI=0.7323  ARI=0.6256  0.6s

=== P1L_S2_C2 test[0] k=3  dim=576  frames=194  σ=0.0  fold=0 ===
  OSC: k_hat=3  ACC=0.9948  NMI=0.9734  ARI=0.9820  0.5s

=== P1L_S2_C3 test[0] k=3  dim=576  frames=119  σ=0.0  fold=0 ===
  OSC: k_hat=3  ACC=1.0000  NMI=1.0000  ARI=1.0000  0.3s

=== P1L_S3_C1 test[0] k=3  dim=576  frames=156  σ=0.0  fold=0 ===
  OSC: k_hat=3  ACC=0.4872  NMI=0.3228  ARI=0.0821  0.4s

=== P1L_S3_C2 test[0] k=3  dim=576  frames=185  σ=0.0  fold=0 ===
  OSC: k_hat=3  ACC=0.9730  NMI=0.9116  ARI=0.9170  0.5s

=== P1L_S3_C3 test[0] k=3  dim=576  frames=151  σ=0.0  fold=0 ===
  OSC: k_hat=3  ACC=0.9934  NMI=0.9677  ARI=0.9795  0.4s

=== P1L_S4_C1 test[0] k=3  dim=576  frames=200  σ=0.0  fold=0 ===
  OSC: k_hat=3  ACC=0.9550  NMI=0.8749  ARI=0.8713  0.5s

=== P1L_S4_C2 test[0] k=3  dim=576  frames=157  σ=0.0  fold=0 ===
  OSC: k_hat=3  ACC=0.7771  NMI=0.6675  ARI=0.4827  0.4s

=== P1L_S4_C3 test[0] k=3  dim=576  frames=96  σ=0.0  fold=0 ===
  OSC: k_hat=3  ACC=1.0000  NMI=1.0000  ARI=1.0000  0.2s
  tune_pool_groups=20: sampling from 22 held-in people (overlap allowed) instead of the 7 fixed partition group(s)

============================================================
σ=0.0 fold=1  test=['0004', '0014', '0027']  train mats=168  test mats=24  tune mats=480
  --- tune OSC over 480 train mats  n_trials=20 (2 params) ---
  OSC trial 0: mean ARI=0.8083  n=480  155.3s  lambda_1=0.1, lambda_2=0.1
  OSC trial 1: mean ARI=0.8062  n=480  154.8s  lambda_1=0.1568, lambda_2=0.7257
  OSC trial 2: mean ARI=0.8025  n=480  155.0s  lambda_1=0.2577, lambda_2=0.1512
  OSC trial 3: mean ARI=0.8080  n=480  155.4s  lambda_1=0.0495, lambda_2=0.3833
  OSC trial 4: mean ARI=0.8067  n=480  156.2s  lambda_1=0.05628, lambda_2=3.691
  OSC trial 5: mean ARI=-0.0003  n=480  151.8s  lambda_1=7.156, lambda_2=0.03418
  OSC trial 6: mean ARI=-0.0003  n=480  151.8s  lambda_1=1.469, lambda_2=0.1305
  OSC trial 7: mean ARI=0.8040  n=480  154.6s  lambda_1=0.1871, lambda_2=5.039
  OSC trial 8: mean ARI=0.8137  n=480  162.2s  lambda_1=0.001924, lambda_2=0.002231
  OSC trial 9: mean ARI=0.8147  n=480  147.9s  lambda_1=0.001205, lambda_2=2.14
  OSC trial 10: mean ARI=0.8133  n=480  148.8s  lambda_1=0.001206, lambda_2=0.001659
  OSC trial 11: mean ARI=0.8133  n=480  148.2s  lambda_1=0.001211, lambda_2=0.001203
  OSC trial 12: mean ARI=0.8140  n=480  146.5s  lambda_1=0.007272, lambda_2=0.01293
  OSC trial 13: mean ARI=0.8140  n=480  147.6s  lambda_1=0.00633, lambda_2=0.01203
  OSC trial 14: mean ARI=0.8129  n=480  146.9s  lambda_1=0.009944, lambda_2=0.008844
  OSC trial 15: mean ARI=0.8126  n=480  152.7s  lambda_1=0.008297, lambda_2=1.121
  OSC trial 16: mean ARI=0.8145  n=480  155.0s  lambda_1=0.004329, lambda_2=8.19
  OSC trial 17: mean ARI=0.8147  n=480  152.7s  lambda_1=0.002827, lambda_2=9.574
  OSC trial 18: mean ARI=0.8097  n=480  154.6s  lambda_1=0.02259, lambda_2=1.959
  OSC trial 19: mean ARI=0.8146  n=480  154.7s  lambda_1=0.003569, lambda_2=2.52
    best mean ARI=0.8147  tune 3052.8s  lambda_1=0.001205, lambda_2=2.14
  wrote /nfs/turbo/umms-minjilab/lpullela/icassp_ssc_tv2/block_ssc_benchmark/cv/params/surveillance/split_k3_clean_min30_trials20_knownk_scaled_params_cv_osc_k3_sigma0_sigma0_fold1.json

=== P1E_S1_C1 train[0] k=3  dim=576  frames=146  σ=0.0  fold=1 ===
  OSC: k_hat=3  ACC=0.9178  NMI=0.7994  ARI=0.7432  0.3s

=== P1E_S1_C1 train[1] k=3  dim=576  frames=130  σ=0.0  fold=1 ===
  OSC: k_hat=3  ACC=1.0000  NMI=1.0000  ARI=1.0000  0.3s

=== P1E_S1_C1 train[2] k=3  dim=576  frames=140  σ=0.0  fold=1 ===
  OSC: k_hat=3  ACC=0.9357  NMI=0.8323  ARI=0.7981  0.3s

=== P1E_S1_C1 train[3] k=3  dim=576  frames=157  σ=0.0  fold=1 ===
  OSC: k_hat=3  ACC=0.5860  NMI=0.6627  ARI=0.4681  0.4s

=== P1E_S1_C1 train[4] k=3  dim=576  frames=151  σ=0.0  fold=1 ===
  OSC: k_hat=3  ACC=0.6026  NMI=0.6703  ARI=0.4826  0.4s

=== P1E_S1_C1 train[5] k=3  dim=576  frames=140  σ=0.0  fold=1 ===
  OSC: k_hat=3  ACC=0.8786  NMI=0.7789  ARI=0.7106  0.3s

=== P1E_S1_C1 train[6] k=3  dim=576  frames=171  σ=0.0  fold=1 ===
  OSC: k_hat=3  ACC=0.9357  NMI=0.8467  ARI=0.8312  0.5s

=== P1E_S1_C2 train[0] k=3  dim=576  frames=147  σ=0.0  fold=1 ===
  OSC: k_hat=3  ACC=0.9932  NMI=0.9693  ARI=0.9802  0.4s

=== P1E_S1_C2 train[1] k=3  dim=576  frames=104  σ=0.0  fold=1 ===
  OSC: k_hat=3  ACC=1.0000  NMI=1.0000  ARI=1.0000  0.2s

=== P1E_S1_C2 train[2] k=3  dim=576  frames=138  σ=0.0  fold=1 ===
  OSC: k_hat=3  ACC=0.6377  NMI=0.6117  ARI=0.4601  0.3s

=== P1E_S1_C2 train[3] k=3  dim=576  frames=113  σ=0.0  fold=1 ===
  OSC: k_hat=3  ACC=0.7168  NMI=0.6181  ARI=0.5172  0.2s

=== P1E_S1_C2 train[4] k=3  dim=576  frames=122  σ=0.0  fold=1 ===
  OSC: k_hat=3  ACC=0.5410  NMI=0.6594  ARI=0.4560  0.3s

=== P1E_S1_C2 train[5] k=3  dim=576  frames=122  σ=0.0  fold=1 ===
  OSC: k_hat=3  ACC=0.9426  NMI=0.8571  ARI=0.8532  0.3s

=== P1E_S1_C2 train[6] k=3  dim=576  frames=134  σ=0.0  fold=1 ===
  OSC: k_hat=3  ACC=0.9851  NMI=0.9443  ARI=0.9564  0.3s

=== P1E_S1_C3 train[0] k=3  dim=576  frames=58  σ=0.0  fold=1 ===
  OSC: k_hat=3  ACC=0.9483  NMI=0.8578  ARI=0.8376  0.1s

=== P1E_S1_C3 train[1] k=3  dim=576  frames=47  σ=0.0  fold=1 ===
  OSC: k_hat=3  ACC=1.0000  NMI=1.0000  ARI=1.0000  0.1s

=== P1E_S1_C3 train[2] k=3  dim=576  frames=61  σ=0.0  fold=1 ===
  OSC: k_hat=3  ACC=0.5902  NMI=0.5667  ARI=0.4032  0.1s

=== P1E_S1_C3 train[3] k=3  dim=576  frames=37  σ=0.0  fold=1 ===
  OSC: k_hat=3  ACC=0.8108  NMI=0.7607  ARI=0.6790  0.1s

=== P1E_S1_C3 train[4] k=3  dim=576  frames=55  σ=0.0  fold=1 ===
  OSC: k_hat=3  ACC=0.9818  NMI=0.9362  ARI=0.9493  0.1s

=== P1E_S1_C3 train[5] k=3  dim=576  frames=51  σ=0.0  fold=1 ===
  OSC: k_hat=3  ACC=0.9412  NMI=0.8560  ARI=0.8447  0.1s

=== P1E_S1_C3 train[6] k=3  dim=576  frames=69  σ=0.0  fold=1 ===
  OSC: k_hat=3  ACC=0.9565  NMI=0.8541  ARI=0.8698  0.1s

=== P1E_S2_C1 train[0] k=3  dim=576  frames=167  σ=0.0  fold=1 ===
  OSC: k_hat=3  ACC=0.8862  NMI=0.7810  ARI=0.7093  0.5s

=== P1E_S2_C1 train[1] k=3  dim=576  frames=136  σ=0.0  fold=1 ===
  OSC: k_hat=3  ACC=0.9118  NMI=0.8084  ARI=0.7613  0.3s

=== P1E_S2_C1 train[2] k=3  dim=576  frames=180  σ=0.0  fold=1 ===
  OSC: k_hat=3  ACC=0.7278  NMI=0.6529  ARI=0.5009  0.5s

=== P1E_S2_C1 train[3] k=3  dim=576  frames=149  σ=0.0  fold=1 ===
  OSC: k_hat=3  ACC=0.6040  NMI=0.6711  ARI=0.4842  0.4s

=== P1E_S2_C1 train[4] k=3  dim=576  frames=124  σ=0.0  fold=1 ===
  OSC: k_hat=3  ACC=0.5806  NMI=0.6673  ARI=0.4713  0.3s

=== P1E_S2_C1 train[5] k=3  dim=576  frames=161  σ=0.0  fold=1 ===
  OSC: k_hat=3  ACC=0.8075  NMI=0.6986  ARI=0.5897  0.4s

=== P1E_S2_C1 train[6] k=3  dim=576  frames=153  σ=0.0  fold=1 ===
  OSC: k_hat=3  ACC=0.5425  NMI=0.5761  ARI=0.3997  0.4s

=== P1E_S2_C2 train[0] k=3  dim=576  frames=146  σ=0.0  fold=1 ===
  OSC: k_hat=3  ACC=0.9384  NMI=0.8138  ARI=0.8157  0.4s

=== P1E_S2_C2 train[1] k=3  dim=576  frames=109  σ=0.0  fold=1 ===
  OSC: k_hat=3  ACC=0.9908  NMI=0.9619  ARI=0.9735  0.2s

=== P1E_S2_C2 train[2] k=3  dim=576  frames=144  σ=0.0  fold=1 ===
  OSC: k_hat=3  ACC=0.9375  NMI=0.8481  ARI=0.8303  0.4s

=== P1E_S2_C2 train[3] k=3  dim=576  frames=124  σ=0.0  fold=1 ===
  OSC: k_hat=3  ACC=1.0000  NMI=1.0000  ARI=1.0000  0.3s

=== P1E_S2_C2 train[4] k=3  dim=576  frames=109  σ=0.0  fold=1 ===
  OSC: k_hat=3  ACC=0.6972  NMI=0.6941  ARI=0.5482  0.2s

=== P1E_S2_C2 train[5] k=3  dim=576  frames=128  σ=0.0  fold=1 ===
  OSC: k_hat=3  ACC=0.8906  NMI=0.7908  ARI=0.7332  0.3s

=== P1E_S2_C2 train[6] k=3  dim=576  frames=126  σ=0.0  fold=1 ===
  OSC: k_hat=3  ACC=0.9841  NMI=0.9413  ARI=0.9532  0.3s

=== P1E_S2_C3 train[0] k=3  dim=576  frames=113  σ=0.0  fold=1 ===
  OSC: k_hat=3  ACC=1.0000  NMI=1.0000  ARI=1.0000  0.2s

=== P1E_S2_C3 train[1] k=3  dim=576  frames=90  σ=0.0  fold=1 ===
  OSC: k_hat=3  ACC=1.0000  NMI=1.0000  ARI=1.0000  0.2s

=== P1E_S2_C3 train[2] k=3  dim=576  frames=112  σ=0.0  fold=1 ===
  OSC: k_hat=3  ACC=0.5357  NMI=0.5953  ARI=0.4243  0.2s

=== P1E_S2_C3 train[3] k=3  dim=576  frames=99  σ=0.0  fold=1 ===
  OSC: k_hat=3  ACC=0.9899  NMI=0.9585  ARI=0.9691  0.2s

=== P1E_S2_C3 train[4] k=3  dim=576  frames=87  σ=0.0  fold=1 ===
  OSC: k_hat=3  ACC=0.6092  NMI=0.6683  ARI=0.4793  0.2s

=== P1E_S2_C3 train[5] k=3  dim=576  frames=105  σ=0.0  fold=1 ===
  OSC: k_hat=3  ACC=0.9714  NMI=0.8926  ARI=0.9125  0.2s

=== P1E_S2_C3 train[6] k=3  dim=576  frames=89  σ=0.0  fold=1 ===
  OSC: k_hat=3  ACC=0.9775  NMI=0.9248  ARI=0.9383  0.2s

=== P1E_S3_C1 train[0] k=3  dim=576  frames=166  σ=0.0  fold=1 ===
  OSC: k_hat=3  ACC=0.8373  NMI=0.7180  ARI=0.5911  0.5s

=== P1E_S3_C1 train[1] k=3  dim=576  frames=134  σ=0.0  fold=1 ===
  OSC: k_hat=3  ACC=0.8060  NMI=0.6505  ARI=0.5388  0.3s

=== P1E_S3_C1 train[2] k=3  dim=576  frames=161  σ=0.0  fold=1 ===
  OSC: k_hat=3  ACC=0.8012  NMI=0.7186  ARI=0.5943  0.4s

=== P1E_S3_C1 train[3] k=3  dim=576  frames=168  σ=0.0  fold=1 ===
  OSC: k_hat=3  ACC=0.8393  NMI=0.7241  ARI=0.5866  0.5s

=== P1E_S3_C1 train[4] k=3  dim=576  frames=123  σ=0.0  fold=1 ===
  OSC: k_hat=3  ACC=0.5203  NMI=0.4254  ARI=0.2446  0.3s

=== P1E_S3_C1 train[5] k=3  dim=576  frames=204  σ=0.0  fold=1 ===
  OSC: k_hat=3  ACC=0.7206  NMI=0.7092  ARI=0.5882  0.6s

=== P1E_S3_C1 train[6] k=3  dim=576  frames=112  σ=0.0  fold=1 ===
  OSC: k_hat=3  ACC=0.5625  NMI=0.6127  ARI=0.4282  0.2s

=== P1E_S3_C2 train[0] k=3  dim=576  frames=147  σ=0.0  fold=1 ===
  OSC: k_hat=3  ACC=0.8639  NMI=0.7374  ARI=0.6181  0.4s

=== P1E_S3_C2 train[1] k=3  dim=576  frames=112  σ=0.0  fold=1 ===
  OSC: k_hat=3  ACC=0.9643  NMI=0.8905  ARI=0.8879  0.2s

=== P1E_S3_C2 train[2] k=3  dim=576  frames=168  σ=0.0  fold=1 ===
  OSC: k_hat=3  ACC=0.6905  NMI=0.6422  ARI=0.4322  0.5s

=== P1E_S3_C2 train[3] k=3  dim=576  frames=169  σ=0.0  fold=1 ===
  OSC: k_hat=3  ACC=0.8166  NMI=0.7302  ARI=0.6094  0.5s

=== P1E_S3_C2 train[4] k=3  dim=576  frames=107  σ=0.0  fold=1 ===
  OSC: k_hat=3  ACC=0.5888  NMI=0.6662  ARI=0.4710  0.2s

=== P1E_S3_C2 train[5] k=3  dim=576  frames=146  σ=0.0  fold=1 ===
  OSC: k_hat=3  ACC=0.6507  NMI=0.6149  ARI=0.3702  0.4s

=== P1E_S3_C2 train[6] k=3  dim=576  frames=114  σ=0.0  fold=1 ===
  OSC: k_hat=3  ACC=0.9912  NMI=0.9609  ARI=0.9730  0.3s

=== P1E_S3_C3 train[0] k=3  dim=576  frames=105  σ=0.0  fold=1 ===
  OSC: k_hat=3  ACC=1.0000  NMI=1.0000  ARI=1.0000  0.2s

=== P1E_S3_C3 train[1] k=3  dim=576  frames=84  σ=0.0  fold=1 ===
  OSC: k_hat=3  ACC=0.9881  NMI=0.9525  ARI=0.9657  0.2s

=== P1E_S3_C3 train[2] k=3  dim=576  frames=125  σ=0.0  fold=1 ===
  OSC: k_hat=3  ACC=0.7440  NMI=0.6711  ARI=0.4831  0.3s

=== P1E_S3_C3 train[3] k=3  dim=576  frames=128  σ=0.0  fold=1 ===
  OSC: k_hat=3  ACC=0.7500  NMI=0.7005  ARI=0.5481  0.3s

=== P1E_S3_C3 train[4] k=3  dim=576  frames=83  σ=0.0  fold=1 ===
  OSC: k_hat=3  ACC=1.0000  NMI=1.0000  ARI=1.0000  0.2s

=== P1E_S3_C3 train[5] k=3  dim=576  frames=129  σ=0.0  fold=1 ===
  OSC: k_hat=3  ACC=0.9845  NMI=0.9427  ARI=0.9553  0.3s

=== P1E_S3_C3 train[6] k=3  dim=576  frames=84  σ=0.0  fold=1 ===
  OSC: k_hat=3  ACC=0.9881  NMI=0.9523  ARI=0.9667  0.2s

=== P1E_S4_C1 train[0] k=3  dim=576  frames=158  σ=0.0  fold=1 ===
  OSC: k_hat=3  ACC=0.8734  NMI=0.7427  ARI=0.6331  0.4s

=== P1E_S4_C1 train[1] k=3  dim=576  frames=155  σ=0.0  fold=1 ===
  OSC: k_hat=3  ACC=0.9613  NMI=0.8874  ARI=0.8853  0.4s

=== P1E_S4_C1 train[2] k=3  dim=576  frames=182  σ=0.0  fold=1 ===
  OSC: k_hat=3  ACC=0.8681  NMI=0.7446  ARI=0.6754  0.5s

=== P1E_S4_C1 train[3] k=3  dim=576  frames=180  σ=0.0  fold=1 ===
  OSC: k_hat=3  ACC=0.9778  NMI=0.9238  ARI=0.9351  0.5s

=== P1E_S4_C1 train[4] k=3  dim=576  frames=133  σ=0.0  fold=1 ===
  OSC: k_hat=3  ACC=0.6466  NMI=0.6651  ARI=0.4918  0.3s

=== P1E_S4_C1 train[5] k=3  dim=576  frames=147  σ=0.0  fold=1 ===
  OSC: k_hat=3  ACC=0.5306  NMI=0.4811  ARI=0.3275  0.3s

=== P1E_S4_C1 train[6] k=3  dim=576  frames=145  σ=0.0  fold=1 ===
  OSC: k_hat=3  ACC=0.9931  NMI=0.9694  ARI=0.9805  0.3s

=== P1E_S4_C2 train[0] k=3  dim=576  frames=117  σ=0.0  fold=1 ===
  OSC: k_hat=3  ACC=0.9573  NMI=0.8552  ARI=0.8756  0.2s

=== P1E_S4_C2 train[1] k=3  dim=576  frames=122  σ=0.0  fold=1 ===
  OSC: k_hat=3  ACC=1.0000  NMI=1.0000  ARI=1.0000  0.2s

=== P1E_S4_C2 train[2] k=3  dim=576  frames=126  σ=0.0  fold=1 ===
  OSC: k_hat=3  ACC=1.0000  NMI=1.0000  ARI=1.0000  0.2s

=== P1E_S4_C2 train[3] k=3  dim=576  frames=140  σ=0.0  fold=1 ===
  OSC: k_hat=3  ACC=0.9929  NMI=0.9670  ARI=0.9771  0.3s

=== P1E_S4_C2 train[4] k=3  dim=576  frames=129  σ=0.0  fold=1 ===
  OSC: k_hat=3  ACC=0.5426  NMI=0.6602  ARI=0.4588  0.2s

=== P1E_S4_C2 train[5] k=3  dim=576  frames=146  σ=0.0  fold=1 ===
  OSC: k_hat=3  ACC=0.9589  NMI=0.8852  ARI=0.8877  0.3s

=== P1E_S4_C2 train[6] k=3  dim=576  frames=110  σ=0.0  fold=1 ===
  OSC: k_hat=3  ACC=0.9818  NMI=0.9362  ARI=0.9514  0.2s

=== P1E_S4_C3 train[0] k=3  dim=576  frames=90  σ=0.0  fold=1 ===
  OSC: k_hat=3  ACC=0.9778  NMI=0.9242  ARI=0.9338  0.1s

=== P1E_S4_C3 train[1] k=3  dim=576  frames=85  σ=0.0  fold=1 ===
  OSC: k_hat=3  ACC=0.9412  NMI=0.8539  ARI=0.8378  0.1s

=== P1E_S4_C3 train[2] k=3  dim=576  frames=105  σ=0.0  fold=1 ===
  OSC: k_hat=3  ACC=0.5619  NMI=0.5928  ARI=0.4172  0.2s

=== P1E_S4_C3 train[3] k=3  dim=576  frames=87  σ=0.0  fold=1 ===
  OSC: k_hat=3  ACC=1.0000  NMI=1.0000  ARI=1.0000  0.1s

=== P1E_S4_C3 train[4] k=3  dim=576  frames=76  σ=0.0  fold=1 ===
  OSC: k_hat=3  ACC=0.9868  NMI=0.9495  ARI=0.9618  0.1s

=== P1E_S4_C3 train[5] k=3  dim=576  frames=106  σ=0.0  fold=1 ===
  OSC: k_hat=3  ACC=0.6792  NMI=0.7026  ARI=0.5568  0.2s

=== P1E_S4_C3 train[6] k=3  dim=576  frames=79  σ=0.0  fold=1 ===
  OSC: k_hat=3  ACC=0.9873  NMI=0.9504  ARI=0.9609  0.1s

=== P1L_S1_C1 train[0] k=3  dim=576  frames=162  σ=0.0  fold=1 ===
  OSC: k_hat=3  ACC=1.0000  NMI=1.0000  ARI=1.0000  0.3s

=== P1L_S1_C1 train[1] k=3  dim=576  frames=155  σ=0.0  fold=1 ===
  OSC: k_hat=3  ACC=1.0000  NMI=1.0000  ARI=1.0000  0.3s

=== P1L_S1_C1 train[2] k=3  dim=576  frames=182  σ=0.0  fold=1 ===
  OSC: k_hat=3  ACC=0.9945  NMI=0.9745  ARI=0.9840  0.4s

=== P1L_S1_C1 train[3] k=3  dim=576  frames=198  σ=0.0  fold=1 ===
  OSC: k_hat=3  ACC=0.7323  NMI=0.6955  ARI=0.5444  0.5s

=== P1L_S1_C1 train[4] k=3  dim=576  frames=166  σ=0.0  fold=1 ===
  OSC: k_hat=3  ACC=1.0000  NMI=1.0000  ARI=1.0000  0.4s

=== P1L_S1_C1 train[5] k=3  dim=576  frames=116  σ=0.0  fold=1 ===
  OSC: k_hat=3  ACC=0.5431  NMI=0.4843  ARI=0.3112  0.2s

=== P1L_S1_C1 train[6] k=3  dim=576  frames=175  σ=0.0  fold=1 ===
  OSC: k_hat=3  ACC=1.0000  NMI=1.0000  ARI=1.0000  0.4s

=== P1L_S1_C2 train[0] k=3  dim=576  frames=186  σ=0.0  fold=1 ===
  OSC: k_hat=3  ACC=0.8172  NMI=0.7086  ARI=0.5690  0.4s

=== P1L_S1_C2 train[1] k=3  dim=576  frames=147  σ=0.0  fold=1 ===
  OSC: k_hat=3  ACC=1.0000  NMI=1.0000  ARI=1.0000  0.3s

=== P1L_S1_C2 train[2] k=3  dim=576  frames=181  σ=0.0  fold=1 ===
  OSC: k_hat=3  ACC=0.8287  NMI=0.7245  ARI=0.5963  0.4s

=== P1L_S1_C2 train[3] k=3  dim=576  frames=128  σ=0.0  fold=1 ===
  OSC: k_hat=3  ACC=0.5625  NMI=0.6666  ARI=0.4689  0.2s

=== P1L_S1_C2 train[4] k=3  dim=576  frames=154  σ=0.0  fold=1 ===
  OSC: k_hat=3  ACC=0.5065  NMI=0.6566  ARI=0.4500  0.3s

=== P1L_S1_C2 train[5] k=3  dim=576  frames=142  σ=0.0  fold=1 ===
  OSC: k_hat=3  ACC=0.5352  NMI=0.6225  ARI=0.4110  0.3s

=== P1L_S1_C2 train[6] k=3  dim=576  frames=168  σ=0.0  fold=1 ===
  OSC: k_hat=3  ACC=1.0000  NMI=1.0000  ARI=1.0000  0.4s

=== P1L_S1_C3 train[0] k=3  dim=576  frames=60  σ=0.0  fold=1 ===
  OSC: k_hat=3  ACC=0.5167  NMI=0.6515  ARI=0.4364  0.1s

=== P1L_S1_C3 train[1] k=3  dim=576  frames=65  σ=0.0  fold=1 ===
  OSC: k_hat=3  ACC=1.0000  NMI=1.0000  ARI=1.0000  0.1s

=== P1L_S1_C3 train[2] k=3  dim=576  frames=74  σ=0.0  fold=1 ===
  OSC: k_hat=3  ACC=0.5811  NMI=0.6652  ARI=0.4654  0.1s

=== P1L_S1_C3 train[3] k=3  dim=576  frames=73  σ=0.0  fold=1 ===
  OSC: k_hat=3  ACC=0.6164  NMI=0.6644  ARI=0.4742  0.1s

=== P1L_S1_C3 train[4] k=3  dim=576  frames=64  σ=0.0  fold=1 ===
  OSC: k_hat=3  ACC=0.8438  NMI=0.7524  ARI=0.6573  0.1s

=== P1L_S1_C3 train[5] k=3  dim=576  frames=63  σ=0.0  fold=1 ===
  OSC: k_hat=3  ACC=0.6190  NMI=0.6736  ARI=0.5014  0.1s

=== P1L_S1_C3 train[6] k=3  dim=576  frames=75  σ=0.0  fold=1 ===
  OSC: k_hat=3  ACC=0.9867  NMI=0.9474  ARI=0.9569  0.1s

=== P1L_S2_C1 train[0] k=3  dim=576  frames=211  σ=0.0  fold=1 ===
  OSC: k_hat=3  ACC=0.8341  NMI=0.7323  ARI=0.6256  0.6s

=== P1L_S2_C1 train[1] k=3  dim=576  frames=180  σ=0.0  fold=1 ===
  OSC: k_hat=3  ACC=1.0000  NMI=1.0000  ARI=1.0000  0.5s

=== P1L_S2_C1 train[2] k=3  dim=576  frames=177  σ=0.0  fold=1 ===
  OSC: k_hat=3  ACC=0.8305  NMI=0.6528  ARI=0.5780  0.5s

=== P1L_S2_C1 train[3] k=3  dim=576  frames=172  σ=0.0  fold=1 ===
  OSC: k_hat=3  ACC=1.0000  NMI=1.0000  ARI=1.0000  0.4s

=== P1L_S2_C1 train[4] k=3  dim=576  frames=179  σ=0.0  fold=1 ===
  OSC: k_hat=3  ACC=1.0000  NMI=1.0000  ARI=1.0000  0.5s

=== P1L_S2_C1 train[5] k=3  dim=576  frames=180  σ=0.0  fold=1 ===
  OSC: k_hat=3  ACC=0.4944  NMI=0.2578  ARI=0.0592  0.5s

=== P1L_S2_C1 train[6] k=3  dim=576  frames=133  σ=0.0  fold=1 ===
  OSC: k_hat=3  ACC=1.0000  NMI=1.0000  ARI=1.0000  0.3s

=== P1L_S2_C2 train[0] k=3  dim=576  frames=194  σ=0.0  fold=1 ===
  OSC: k_hat=3  ACC=0.9948  NMI=0.9734  ARI=0.9820  0.5s

=== P1L_S2_C2 train[1] k=3  dim=576  frames=134  σ=0.0  fold=1 ===
  OSC: k_hat=3  ACC=1.0000  NMI=1.0000  ARI=1.0000  0.3s

=== P1L_S2_C2 train[2] k=3  dim=576  frames=186  σ=0.0  fold=1 ===
  OSC: k_hat=3  ACC=0.9785  NMI=0.9164  ARI=0.9416  0.5s

=== P1L_S2_C2 train[3] k=3  dim=576  frames=201  σ=0.0  fold=1 ===
  OSC: k_hat=3  ACC=0.9900  NMI=0.9582  ARI=0.9683  0.6s

=== P1L_S2_C2 train[4] k=3  dim=576  frames=171  σ=0.0  fold=1 ===
  OSC: k_hat=3  ACC=0.8363  NMI=0.7362  ARI=0.6178  0.5s

=== P1L_S2_C2 train[5] k=3  dim=576  frames=160  σ=0.0  fold=1 ===
  OSC: k_hat=3  ACC=0.8000  NMI=0.7446  ARI=0.6793  0.4s

=== P1L_S2_C2 train[6] k=3  dim=576  frames=154  σ=0.0  fold=1 ===
  OSC: k_hat=3  ACC=1.0000  NMI=1.0000  ARI=1.0000  0.4s

=== P1L_S2_C3 train[0] k=3  dim=576  frames=119  σ=0.0  fold=1 ===
  OSC: k_hat=3  ACC=1.0000  NMI=1.0000  ARI=1.0000  0.3s

=== P1L_S2_C3 train[1] k=3  dim=576  frames=85  σ=0.0  fold=1 ===
  OSC: k_hat=3  ACC=1.0000  NMI=1.0000  ARI=1.0000  0.2s

=== P1L_S2_C3 train[2] k=3  dim=576  frames=112  σ=0.0  fold=1 ===
  OSC: k_hat=3  ACC=0.5714  NMI=0.6638  ARI=0.4653  0.2s

=== P1L_S2_C3 train[3] k=3  dim=576  frames=126  σ=0.0  fold=1 ===
  OSC: k_hat=3  ACC=0.8333  NMI=0.7360  ARI=0.6161  0.3s

=== P1L_S2_C3 train[4] k=3  dim=576  frames=102  σ=0.0  fold=1 ===
  OSC: k_hat=3  ACC=0.5392  NMI=0.6485  ARI=0.4410  0.2s

=== P1L_S2_C3 train[5] k=3  dim=576  frames=121  σ=0.0  fold=1 ===
  OSC: k_hat=3  ACC=0.9174  NMI=0.8252  ARI=0.8067  0.3s

=== P1L_S2_C3 train[6] k=3  dim=576  frames=99  σ=0.0  fold=1 ===
  OSC: k_hat=3  ACC=0.9697  NMI=0.9066  ARI=0.9152  0.2s

=== P1L_S3_C1 train[0] k=3  dim=576  frames=156  σ=0.0  fold=1 ===
  OSC: k_hat=3  ACC=0.4872  NMI=0.3228  ARI=0.0821  0.4s

=== P1L_S3_C1 train[1] k=3  dim=576  frames=185  σ=0.0  fold=1 ===
  OSC: k_hat=3  ACC=0.9351  NMI=0.8421  ARI=0.8204  0.5s

=== P1L_S3_C1 train[2] k=3  dim=576  frames=156  σ=0.0  fold=1 ===
  OSC: k_hat=3  ACC=0.6346  NMI=0.6784  ARI=0.5044  0.4s

=== P1L_S3_C1 train[3] k=3  dim=576  frames=159  σ=0.0  fold=1 ===
  OSC: k_hat=3  ACC=0.9245  NMI=0.7727  ARI=0.7932  0.4s

=== P1L_S3_C1 train[4] k=3  dim=576  frames=172  σ=0.0  fold=1 ===
  OSC: k_hat=3  ACC=0.8779  NMI=0.7752  ARI=0.6999  0.5s

=== P1L_S3_C1 train[5] k=3  dim=576  frames=176  σ=0.0  fold=1 ===
  OSC: k_hat=3  ACC=0.6818  NMI=0.6189  ARI=0.3972  0.5s

=== P1L_S3_C1 train[6] k=3  dim=576  frames=134  σ=0.0  fold=1 ===
  OSC: k_hat=3  ACC=0.9925  NMI=0.9658  ARI=0.9752  0.3s

=== P1L_S3_C2 train[0] k=3  dim=576  frames=185  σ=0.0  fold=1 ===
  OSC: k_hat=3  ACC=0.9730  NMI=0.9116  ARI=0.9170  0.5s

=== P1L_S3_C2 train[1] k=3  dim=576  frames=166  σ=0.0  fold=1 ===
  OSC: k_hat=3  ACC=1.0000  NMI=1.0000  ARI=1.0000  0.5s

=== P1L_S3_C2 train[2] k=3  dim=576  frames=209  σ=0.0  fold=1 ===
  OSC: k_hat=3  ACC=0.7608  NMI=0.5521  ARI=0.4500  0.6s

=== P1L_S3_C2 train[3] k=3  dim=576  frames=168  σ=0.0  fold=1 ===
  OSC: k_hat=3  ACC=0.6488  NMI=0.6705  ARI=0.5211  0.5s

=== P1L_S3_C2 train[4] k=3  dim=576  frames=187  σ=0.0  fold=1 ===
  OSC: k_hat=3  ACC=0.5508  NMI=0.6596  ARI=0.4583  0.5s

=== P1L_S3_C2 train[5] k=3  dim=576  frames=229  σ=0.0  fold=1 ===
  OSC: k_hat=3  ACC=0.5109  NMI=0.6332  ARI=0.4399  0.7s

=== P1L_S3_C2 train[6] k=3  dim=576  frames=136  σ=0.0  fold=1 ===
  OSC: k_hat=3  ACC=1.0000  NMI=1.0000  ARI=1.0000  0.3s

=== P1L_S3_C3 train[0] k=3  dim=576  frames=151  σ=0.0  fold=1 ===
  OSC: k_hat=3  ACC=0.9934  NMI=0.9677  ARI=0.9795  0.4s

=== P1L_S3_C3 train[1] k=3  dim=576  frames=121  σ=0.0  fold=1 ===
  OSC: k_hat=3  ACC=1.0000  NMI=1.0000  ARI=1.0000  0.3s

=== P1L_S3_C3 train[2] k=3  dim=576  frames=142  σ=0.0  fold=1 ===
  OSC: k_hat=3  ACC=1.0000  NMI=1.0000  ARI=1.0000  0.3s

=== P1L_S3_C3 train[3] k=3  dim=576  frames=134  σ=0.0  fold=1 ===
  OSC: k_hat=3  ACC=0.8507  NMI=0.7327  ARI=0.6091  0.3s

=== P1L_S3_C3 train[4] k=3  dim=576  frames=110  σ=0.0  fold=1 ===
  OSC: k_hat=3  ACC=0.8636  NMI=0.7613  ARI=0.6732  0.2s

=== P1L_S3_C3 train[5] k=3  dim=576  frames=161  σ=0.0  fold=1 ===
  OSC: k_hat=3  ACC=0.8323  NMI=0.7023  ARI=0.6433  0.4s

=== P1L_S3_C3 train[6] k=3  dim=576  frames=114  σ=0.0  fold=1 ===
  OSC: k_hat=3  ACC=0.9912  NMI=0.9630  ARI=0.9763  0.2s

=== P1L_S4_C1 train[0] k=3  dim=576  frames=200  σ=0.0  fold=1 ===
  OSC: k_hat=3  ACC=0.9550  NMI=0.8749  ARI=0.8713  0.5s

=== P1L_S4_C1 train[1] k=3  dim=576  frames=154  σ=0.0  fold=1 ===
  OSC: k_hat=3  ACC=1.0000  NMI=1.0000  ARI=1.0000  0.4s

=== P1L_S4_C1 train[2] k=3  dim=576  frames=168  σ=0.0  fold=1 ===
  OSC: k_hat=3  ACC=0.8750  NMI=0.7542  ARI=0.6515  0.4s

=== P1L_S4_C1 train[3] k=3  dim=576  frames=142  σ=0.0  fold=1 ===
  OSC: k_hat=3  ACC=1.0000  NMI=1.0000  ARI=1.0000  0.3s

=== P1L_S4_C1 train[4] k=3  dim=576  frames=164  σ=0.0  fold=1 ===
  OSC: k_hat=3  ACC=0.9939  NMI=0.9723  ARI=0.9819  0.4s

=== P1L_S4_C1 train[5] k=3  dim=576  frames=187  σ=0.0  fold=1 ===
  OSC: k_hat=3  ACC=0.5989  NMI=0.4784  ARI=0.3177  0.5s

=== P1L_S4_C1 train[6] k=3  dim=576  frames=202  σ=0.0  fold=1 ===
  OSC: k_hat=3  ACC=1.0000  NMI=1.0000  ARI=1.0000  0.6s

=== P1L_S4_C2 train[0] k=3  dim=576  frames=157  σ=0.0  fold=1 ===
  OSC: k_hat=3  ACC=0.7771  NMI=0.6675  ARI=0.4827  0.4s

=== P1L_S4_C2 train[1] k=3  dim=576  frames=175  σ=0.0  fold=1 ===
  OSC: k_hat=3  ACC=1.0000  NMI=1.0000  ARI=1.0000  0.5s

=== P1L_S4_C2 train[2] k=3  dim=576  frames=168  σ=0.0  fold=1 ===
  OSC: k_hat=3  ACC=0.8571  NMI=0.7372  ARI=0.6347  0.4s

=== P1L_S4_C2 train[3] k=3  dim=576  frames=154  σ=0.0  fold=1 ===
  OSC: k_hat=3  ACC=1.0000  NMI=1.0000  ARI=1.0000  0.4s

=== P1L_S4_C2 train[4] k=3  dim=576  frames=152  σ=0.0  fold=1 ===
  OSC: k_hat=3  ACC=0.8618  NMI=0.7611  ARI=0.6804  0.4s

=== P1L_S4_C2 train[5] k=3  dim=576  frames=169  σ=0.0  fold=1 ===
  OSC: k_hat=3  ACC=0.5976  NMI=0.6663  ARI=0.4796  0.5s

=== P1L_S4_C2 train[6] k=3  dim=576  frames=153  σ=0.0  fold=1 ===
  OSC: k_hat=3  ACC=0.9869  NMI=0.9501  ARI=0.9666  0.4s

=== P1L_S4_C3 train[0] k=3  dim=576  frames=96  σ=0.0  fold=1 ===
  OSC: k_hat=3  ACC=1.0000  NMI=1.0000  ARI=1.0000  0.2s

=== P1L_S4_C3 train[1] k=3  dim=576  frames=94  σ=0.0  fold=1 ===
  OSC: k_hat=3  ACC=1.0000  NMI=1.0000  ARI=1.0000  0.2s

=== P1L_S4_C3 train[2] k=3  dim=576  frames=117  σ=0.0  fold=1 ===
  OSC: k_hat=3  ACC=0.7009  NMI=0.6970  ARI=0.5517  0.3s

=== P1L_S4_C3 train[3] k=3  dim=576  frames=112  σ=0.0  fold=1 ===
  OSC: k_hat=3  ACC=0.8036  NMI=0.7211  ARI=0.5862  0.2s

=== P1L_S4_C3 train[4] k=3  dim=576  frames=103  σ=0.0  fold=1 ===
  OSC: k_hat=3  ACC=0.7476  NMI=0.6891  ARI=0.5245  0.2s

=== P1L_S4_C3 train[5] k=3  dim=576  frames=105  σ=0.0  fold=1 ===
  OSC: k_hat=3  ACC=0.5429  NMI=0.6577  ARI=0.4521  0.2s

=== P1L_S4_C3 train[6] k=3  dim=576  frames=107  σ=0.0  fold=1 ===
  OSC: k_hat=3  ACC=0.9813  NMI=0.9338  ARI=0.9463  0.2s

=== P1E_S1_C1 test[0] k=3  dim=576  frames=153  σ=0.0  fold=1 ===
  OSC: k_hat=3  ACC=0.9673  NMI=0.9007  ARI=0.9048  0.4s

=== P1E_S1_C2 test[0] k=3  dim=576  frames=115  σ=0.0  fold=1 ===
  OSC: k_hat=3  ACC=0.9913  NMI=0.9622  ARI=0.9715  0.3s

=== P1E_S1_C3 test[0] k=3  dim=576  frames=56  σ=0.0  fold=1 ===
  OSC: k_hat=3  ACC=0.9821  NMI=0.9328  ARI=0.9451  0.1s

=== P1E_S2_C1 test[0] k=3  dim=576  frames=151  σ=0.0  fold=1 ===
  OSC: k_hat=3  ACC=0.8212  NMI=0.6786  ARI=0.5714  0.4s

=== P1E_S2_C2 test[0] k=3  dim=576  frames=115  σ=0.0  fold=1 ===
  OSC: k_hat=3  ACC=1.0000  NMI=1.0000  ARI=1.0000  0.3s

=== P1E_S2_C3 test[0] k=3  dim=576  frames=88  σ=0.0  fold=1 ===
  OSC: k_hat=3  ACC=0.9886  NMI=0.9540  ARI=0.9655  0.2s

=== P1E_S3_C1 test[0] k=3  dim=576  frames=139  σ=0.0  fold=1 ===
  OSC: k_hat=3  ACC=0.7338  NMI=0.6984  ARI=0.5493  0.3s

=== P1E_S3_C2 test[0] k=3  dim=576  frames=120  σ=0.0  fold=1 ===
  OSC: k_hat=3  ACC=0.6750  NMI=0.6671  ARI=0.4773  0.3s

=== P1E_S3_C3 test[0] k=3  dim=576  frames=89  σ=0.0  fold=1 ===
  OSC: k_hat=3  ACC=1.0000  NMI=1.0000  ARI=1.0000  0.2s

=== P1E_S4_C1 test[0] k=3  dim=576  frames=107  σ=0.0  fold=1 ===
  OSC: k_hat=3  ACC=1.0000  NMI=1.0000  ARI=1.0000  0.2s

=== P1E_S4_C2 test[0] k=3  dim=576  frames=125  σ=0.0  fold=1 ===
  OSC: k_hat=3  ACC=0.9920  NMI=0.9653  ARI=0.9759  0.3s

=== P1E_S4_C3 test[0] k=3  dim=576  frames=64  σ=0.0  fold=1 ===
  OSC: k_hat=3  ACC=0.9844  NMI=0.9424  ARI=0.9536  0.1s

=== P1L_S1_C1 test[0] k=3  dim=576  frames=170  σ=0.0  fold=1 ===
  OSC: k_hat=3  ACC=0.7647  NMI=0.6747  ARI=0.4861  0.5s

=== P1L_S1_C2 test[0] k=3  dim=576  frames=137  σ=0.0  fold=1 ===
  OSC: k_hat=3  ACC=1.0000  NMI=1.0000  ARI=1.0000  0.3s

=== P1L_S1_C3 test[0] k=3  dim=576  frames=68  σ=0.0  fold=1 ===
  OSC: k_hat=3  ACC=1.0000  NMI=1.0000  ARI=1.0000  0.1s

=== P1L_S2_C1 test[0] k=3  dim=576  frames=190  σ=0.0  fold=1 ===
  OSC: k_hat=3  ACC=0.7211  NMI=0.6714  ARI=0.4890  0.6s

=== P1L_S2_C2 test[0] k=3  dim=576  frames=155  σ=0.0  fold=1 ===
  OSC: k_hat=3  ACC=1.0000  NMI=1.0000  ARI=1.0000  0.4s

=== P1L_S2_C3 test[0] k=3  dim=576  frames=101  σ=0.0  fold=1 ===
  OSC: k_hat=3  ACC=1.0000  NMI=1.0000  ARI=1.0000  0.2s

=== P1L_S3_C1 test[0] k=3  dim=576  frames=120  σ=0.0  fold=1 ===
  OSC: k_hat=3  ACC=1.0000  NMI=1.0000  ARI=1.0000  0.3s

=== P1L_S3_C2 test[0] k=3  dim=576  frames=125  σ=0.0  fold=1 ===
  OSC: k_hat=3  ACC=0.8560  NMI=0.7657  ARI=0.7000  0.3s

=== P1L_S3_C3 test[0] k=3  dim=576  frames=118  σ=0.0  fold=1 ===
  OSC: k_hat=3  ACC=0.9068  NMI=0.8044  ARI=0.7533  0.3s

=== P1L_S4_C1 test[0] k=3  dim=576  frames=157  σ=0.0  fold=1 ===
  OSC: k_hat=3  ACC=1.0000  NMI=1.0000  ARI=1.0000  0.4s

=== P1L_S4_C2 test[0] k=3  dim=576  frames=149  σ=0.0  fold=1 ===
  OSC: k_hat=3  ACC=0.9195  NMI=0.8124  ARI=0.7623  0.4s

=== P1L_S4_C3 test[0] k=3  dim=576  frames=107  σ=0.0  fold=1 ===
  OSC: k_hat=3  ACC=0.9907  NMI=0.9584  ARI=0.9678  0.2s
  tune_pool_groups=20: sampling from 22 held-in people (overlap allowed) instead of the 7 fixed partition group(s)

============================================================
σ=0.0 fold=2  test=['0009', '0019', '0026']  train mats=168  test mats=24  tune mats=480
  --- tune OSC over 480 train mats  n_trials=20 (2 params) ---
  OSC trial 0: mean ARI=0.7194  n=480  158.1s  lambda_1=0.1, lambda_2=0.1
  OSC trial 1: mean ARI=0.7209  n=480  157.1s  lambda_1=0.1568, lambda_2=0.7257
  OSC trial 2: mean ARI=0.7150  n=480  157.6s  lambda_1=0.2577, lambda_2=0.1512
  OSC trial 3: mean ARI=0.7248  n=480  154.9s  lambda_1=0.0495, lambda_2=0.3833
  OSC trial 4: mean ARI=0.7248  n=480  143.7s  lambda_1=0.05628, lambda_2=3.691
  OSC trial 5: mean ARI=0.0017  n=480  137.3s  lambda_1=7.156, lambda_2=0.03418
  OSC trial 6: mean ARI=0.0017  n=480  125.1s  lambda_1=1.469, lambda_2=0.1305
  OSC trial 7: mean ARI=0.7200  n=480  124.4s  lambda_1=0.1871, lambda_2=5.039
  OSC trial 8: mean ARI=0.7262  n=480  132.3s  lambda_1=0.001924, lambda_2=0.002231
  OSC trial 9: mean ARI=0.7289  n=480  124.3s  lambda_1=0.001205, lambda_2=2.14
  OSC trial 10: mean ARI=0.7260  n=480  131.8s  lambda_1=0.001206, lambda_2=0.001659
  OSC trial 11: mean ARI=0.7260  n=480  122.2s  lambda_1=0.001211, lambda_2=0.001203
  OSC trial 12: mean ARI=0.7264  n=480  120.8s  lambda_1=0.007272, lambda_2=0.01293
  OSC trial 13: mean ARI=0.7263  n=480  152.7s  lambda_1=0.00633, lambda_2=0.01203
  OSC trial 14: mean ARI=0.7261  n=480  168.2s  lambda_1=0.009944, lambda_2=0.008844
  OSC trial 15: mean ARI=0.7286  n=480  161.1s  lambda_1=0.008297, lambda_2=1.121
  OSC trial 16: mean ARI=0.7256  n=480  161.1s  lambda_1=0.0217, lambda_2=1.891
  OSC trial 17: mean ARI=0.7278  n=480  161.2s  lambda_1=0.003648, lambda_2=9.574
  OSC trial 18: mean ARI=0.7250  n=480  160.1s  lambda_1=0.01752, lambda_2=0.8299
  OSC trial 19: mean ARI=0.7278  n=480  161.1s  lambda_1=0.003569, lambda_2=1.695
    best mean ARI=0.7289  tune 2915.3s  lambda_1=0.001205, lambda_2=2.14
  wrote /nfs/turbo/umms-minjilab/lpullela/icassp_ssc_tv2/block_ssc_benchmark/cv/params/surveillance/split_k3_clean_min30_trials20_knownk_scaled_params_cv_osc_k3_sigma0_sigma0_fold2.json

=== P1E_S1_C1 train[0] k=3  dim=576  frames=146  σ=0.0  fold=2 ===
  OSC: k_hat=3  ACC=0.9178  NMI=0.7994  ARI=0.7432  0.4s

=== P1E_S1_C1 train[1] k=3  dim=576  frames=153  σ=0.0  fold=2 ===
  OSC: k_hat=3  ACC=0.9673  NMI=0.9007  ARI=0.9048  0.4s

=== P1E_S1_C1 train[2] k=3  dim=576  frames=140  σ=0.0  fold=2 ===
  OSC: k_hat=3  ACC=0.9357  NMI=0.8323  ARI=0.7981  0.3s

=== P1E_S1_C1 train[3] k=3  dim=576  frames=157  σ=0.0  fold=2 ===
  OSC: k_hat=3  ACC=0.5860  NMI=0.6627  ARI=0.4681  0.4s

=== P1E_S1_C1 train[4] k=3  dim=576  frames=151  σ=0.0  fold=2 ===
  OSC: k_hat=3  ACC=0.6026  NMI=0.6703  ARI=0.4826  0.4s

=== P1E_S1_C1 train[5] k=3  dim=576  frames=140  σ=0.0  fold=2 ===
  OSC: k_hat=3  ACC=0.8786  NMI=0.7789  ARI=0.7106  0.4s

=== P1E_S1_C1 train[6] k=3  dim=576  frames=171  σ=0.0  fold=2 ===
  OSC: k_hat=3  ACC=0.9357  NMI=0.8467  ARI=0.8312  0.5s

=== P1E_S1_C2 train[0] k=3  dim=576  frames=147  σ=0.0  fold=2 ===
  OSC: k_hat=3  ACC=0.9932  NMI=0.9693  ARI=0.9802  0.4s

=== P1E_S1_C2 train[1] k=3  dim=576  frames=115  σ=0.0  fold=2 ===
  OSC: k_hat=3  ACC=0.9913  NMI=0.9622  ARI=0.9715  0.3s

=== P1E_S1_C2 train[2] k=3  dim=576  frames=138  σ=0.0  fold=2 ===
  OSC: k_hat=3  ACC=0.6377  NMI=0.6117  ARI=0.4601  0.4s

=== P1E_S1_C2 train[3] k=3  dim=576  frames=113  σ=0.0  fold=2 ===
  OSC: k_hat=3  ACC=0.7168  NMI=0.6181  ARI=0.5172  0.3s

=== P1E_S1_C2 train[4] k=3  dim=576  frames=122  σ=0.0  fold=2 ===
  OSC: k_hat=3  ACC=0.5410  NMI=0.6594  ARI=0.4560  0.3s

=== P1E_S1_C2 train[5] k=3  dim=576  frames=122  σ=0.0  fold=2 ===
  OSC: k_hat=3  ACC=0.9426  NMI=0.8571  ARI=0.8532  0.3s

=== P1E_S1_C2 train[6] k=3  dim=576  frames=134  σ=0.0  fold=2 ===
  OSC: k_hat=3  ACC=0.9851  NMI=0.9443  ARI=0.9564  0.3s

=== P1E_S1_C3 train[0] k=3  dim=576  frames=58  σ=0.0  fold=2 ===
  OSC: k_hat=3  ACC=0.9483  NMI=0.8578  ARI=0.8376  0.1s

=== P1E_S1_C3 train[1] k=3  dim=576  frames=56  σ=0.0  fold=2 ===
  OSC: k_hat=3  ACC=0.9821  NMI=0.9328  ARI=0.9451  0.1s

=== P1E_S1_C3 train[2] k=3  dim=576  frames=61  σ=0.0  fold=2 ===
  OSC: k_hat=3  ACC=0.5902  NMI=0.5667  ARI=0.4032  0.1s

=== P1E_S1_C3 train[3] k=3  dim=576  frames=37  σ=0.0  fold=2 ===
  OSC: k_hat=3  ACC=0.8108  NMI=0.7607  ARI=0.6790  0.1s

=== P1E_S1_C3 train[4] k=3  dim=576  frames=55  σ=0.0  fold=2 ===
  OSC: k_hat=3  ACC=0.9818  NMI=0.9362  ARI=0.9493  0.1s

=== P1E_S1_C3 train[5] k=3  dim=576  frames=51  σ=0.0  fold=2 ===
  OSC: k_hat=3  ACC=0.9412  NMI=0.8560  ARI=0.8447  0.1s

=== P1E_S1_C3 train[6] k=3  dim=576  frames=69  σ=0.0  fold=2 ===
  OSC: k_hat=3  ACC=0.9565  NMI=0.8541  ARI=0.8698  0.1s

=== P1E_S2_C1 train[0] k=3  dim=576  frames=167  σ=0.0  fold=2 ===
  OSC: k_hat=3  ACC=0.8862  NMI=0.7810  ARI=0.7093  0.5s

=== P1E_S2_C1 train[1] k=3  dim=576  frames=151  σ=0.0  fold=2 ===
  OSC: k_hat=3  ACC=0.8212  NMI=0.6786  ARI=0.5714  0.4s

=== P1E_S2_C1 train[2] k=3  dim=576  frames=180  σ=0.0  fold=2 ===
  OSC: k_hat=3  ACC=0.7278  NMI=0.6529  ARI=0.5009  0.5s

=== P1E_S2_C1 train[3] k=3  dim=576  frames=149  σ=0.0  fold=2 ===
  OSC: k_hat=3  ACC=0.6040  NMI=0.6711  ARI=0.4842  0.4s

=== P1E_S2_C1 train[4] k=3  dim=576  frames=124  σ=0.0  fold=2 ===
  OSC: k_hat=3  ACC=0.5806  NMI=0.6673  ARI=0.4713  0.3s

=== P1E_S2_C1 train[5] k=3  dim=576  frames=161  σ=0.0  fold=2 ===
  OSC: k_hat=3  ACC=0.8075  NMI=0.6986  ARI=0.5897  0.4s

=== P1E_S2_C1 train[6] k=3  dim=576  frames=153  σ=0.0  fold=2 ===
  OSC: k_hat=3  ACC=0.5425  NMI=0.5761  ARI=0.3997  0.4s

=== P1E_S2_C2 train[0] k=3  dim=576  frames=146  σ=0.0  fold=2 ===
  OSC: k_hat=3  ACC=0.9384  NMI=0.8138  ARI=0.8157  0.4s

=== P1E_S2_C2 train[1] k=3  dim=576  frames=115  σ=0.0  fold=2 ===
  OSC: k_hat=3  ACC=1.0000  NMI=1.0000  ARI=1.0000  0.2s

=== P1E_S2_C2 train[2] k=3  dim=576  frames=144  σ=0.0  fold=2 ===
  OSC: k_hat=3  ACC=0.9375  NMI=0.8481  ARI=0.8303  0.4s

=== P1E_S2_C2 train[3] k=3  dim=576  frames=124  σ=0.0  fold=2 ===
  OSC: k_hat=3  ACC=1.0000  NMI=1.0000  ARI=1.0000  0.3s

=== P1E_S2_C2 train[4] k=3  dim=576  frames=109  σ=0.0  fold=2 ===
  OSC: k_hat=3  ACC=0.6972  NMI=0.6941  ARI=0.5482  0.2s

=== P1E_S2_C2 train[5] k=3  dim=576  frames=128  σ=0.0  fold=2 ===
  OSC: k_hat=3  ACC=0.8906  NMI=0.7908  ARI=0.7332  0.3s

=== P1E_S2_C2 train[6] k=3  dim=576  frames=126  σ=0.0  fold=2 ===
  OSC: k_hat=3  ACC=0.9841  NMI=0.9413  ARI=0.9532  0.3s

=== P1E_S2_C3 train[0] k=3  dim=576  frames=113  σ=0.0  fold=2 ===
  OSC: k_hat=3  ACC=1.0000  NMI=1.0000  ARI=1.0000  0.2s

=== P1E_S2_C3 train[1] k=3  dim=576  frames=88  σ=0.0  fold=2 ===
  OSC: k_hat=3  ACC=0.9886  NMI=0.9540  ARI=0.9655  0.2s

=== P1E_S2_C3 train[2] k=3  dim=576  frames=112  σ=0.0  fold=2 ===
  OSC: k_hat=3  ACC=0.5357  NMI=0.5953  ARI=0.4243  0.2s

=== P1E_S2_C3 train[3] k=3  dim=576  frames=99  σ=0.0  fold=2 ===
  OSC: k_hat=3  ACC=0.9899  NMI=0.9585  ARI=0.9691  0.2s

=== P1E_S2_C3 train[4] k=3  dim=576  frames=87  σ=0.0  fold=2 ===
  OSC: k_hat=3  ACC=0.6092  NMI=0.6683  ARI=0.4793  0.2s

=== P1E_S2_C3 train[5] k=3  dim=576  frames=105  σ=0.0  fold=2 ===
  OSC: k_hat=3  ACC=0.9714  NMI=0.8926  ARI=0.9125  0.2s

=== P1E_S2_C3 train[6] k=3  dim=576  frames=89  σ=0.0  fold=2 ===
  OSC: k_hat=3  ACC=0.9775  NMI=0.9248  ARI=0.9383  0.2s

=== P1E_S3_C1 train[0] k=3  dim=576  frames=166  σ=0.0  fold=2 ===
  OSC: k_hat=3  ACC=0.8373  NMI=0.7180  ARI=0.5911  0.4s

=== P1E_S3_C1 train[1] k=3  dim=576  frames=139  σ=0.0  fold=2 ===
  OSC: k_hat=3  ACC=0.7338  NMI=0.6984  ARI=0.5493  0.3s

=== P1E_S3_C1 train[2] k=3  dim=576  frames=161  σ=0.0  fold=2 ===
  OSC: k_hat=3  ACC=0.8012  NMI=0.7186  ARI=0.5943  0.4s

=== P1E_S3_C1 train[3] k=3  dim=576  frames=168  σ=0.0  fold=2 ===
  OSC: k_hat=3  ACC=0.8393  NMI=0.7241  ARI=0.5866  0.5s

=== P1E_S3_C1 train[4] k=3  dim=576  frames=123  σ=0.0  fold=2 ===
  OSC: k_hat=3  ACC=0.5203  NMI=0.4254  ARI=0.2446  0.3s

=== P1E_S3_C1 train[5] k=3  dim=576  frames=204  σ=0.0  fold=2 ===
  OSC: k_hat=3  ACC=0.7206  NMI=0.7092  ARI=0.5882  0.6s

=== P1E_S3_C1 train[6] k=3  dim=576  frames=112  σ=0.0  fold=2 ===
  OSC: k_hat=3  ACC=0.5625  NMI=0.6127  ARI=0.4282  0.2s

=== P1E_S3_C2 train[0] k=3  dim=576  frames=147  σ=0.0  fold=2 ===
  OSC: k_hat=3  ACC=0.8639  NMI=0.7374  ARI=0.6181  0.3s

=== P1E_S3_C2 train[1] k=3  dim=576  frames=120  σ=0.0  fold=2 ===
  OSC: k_hat=3  ACC=0.6750  NMI=0.6671  ARI=0.4773  0.2s

=== P1E_S3_C2 train[2] k=3  dim=576  frames=168  σ=0.0  fold=2 ===
  OSC: k_hat=3  ACC=0.6905  NMI=0.6422  ARI=0.4322  0.4s

=== P1E_S3_C2 train[3] k=3  dim=576  frames=169  σ=0.0  fold=2 ===
  OSC: k_hat=3  ACC=0.8166  NMI=0.7302  ARI=0.6094  0.4s

=== P1E_S3_C2 train[4] k=3  dim=576  frames=107  σ=0.0  fold=2 ===
  OSC: k_hat=3  ACC=0.5888  NMI=0.6662  ARI=0.4710  0.2s

=== P1E_S3_C2 train[5] k=3  dim=576  frames=146  σ=0.0  fold=2 ===
  OSC: k_hat=3  ACC=0.6507  NMI=0.6149  ARI=0.3702  0.3s

=== P1E_S3_C2 train[6] k=3  dim=576  frames=114  σ=0.0  fold=2 ===
  OSC: k_hat=3  ACC=0.9912  NMI=0.9609  ARI=0.9730  0.2s

=== P1E_S3_C3 train[0] k=3  dim=576  frames=105  σ=0.0  fold=2 ===
  OSC: k_hat=3  ACC=1.0000  NMI=1.0000  ARI=1.0000  0.2s

=== P1E_S3_C3 train[1] k=3  dim=576  frames=89  σ=0.0  fold=2 ===
  OSC: k_hat=3  ACC=1.0000  NMI=1.0000  ARI=1.0000  0.2s

=== P1E_S3_C3 train[2] k=3  dim=576  frames=125  σ=0.0  fold=2 ===
  OSC: k_hat=3  ACC=0.7440  NMI=0.6711  ARI=0.4831  0.3s

=== P1E_S3_C3 train[3] k=3  dim=576  frames=128  σ=0.0  fold=2 ===
  OSC: k_hat=3  ACC=0.7500  NMI=0.7005  ARI=0.5481  0.3s

=== P1E_S3_C3 train[4] k=3  dim=576  frames=83  σ=0.0  fold=2 ===
  OSC: k_hat=3  ACC=1.0000  NMI=1.0000  ARI=1.0000  0.1s

=== P1E_S3_C3 train[5] k=3  dim=576  frames=129  σ=0.0  fold=2 ===
  OSC: k_hat=3  ACC=0.9845  NMI=0.9427  ARI=0.9553  0.3s

=== P1E_S3_C3 train[6] k=3  dim=576  frames=84  σ=0.0  fold=2 ===
  OSC: k_hat=3  ACC=0.9881  NMI=0.9523  ARI=0.9667  0.1s

=== P1E_S4_C1 train[0] k=3  dim=576  frames=158  σ=0.0  fold=2 ===
  OSC: k_hat=3  ACC=0.8734  NMI=0.7427  ARI=0.6331  0.4s

=== P1E_S4_C1 train[1] k=3  dim=576  frames=107  σ=0.0  fold=2 ===
  OSC: k_hat=3  ACC=1.0000  NMI=1.0000  ARI=1.0000  0.2s

=== P1E_S4_C1 train[2] k=3  dim=576  frames=182  σ=0.0  fold=2 ===
  OSC: k_hat=3  ACC=0.8681  NMI=0.7446  ARI=0.6754  0.4s

=== P1E_S4_C1 train[3] k=3  dim=576  frames=180  σ=0.0  fold=2 ===
  OSC: k_hat=3  ACC=0.9778  NMI=0.9238  ARI=0.9351  0.4s

=== P1E_S4_C1 train[4] k=3  dim=576  frames=133  σ=0.0  fold=2 ===
  OSC: k_hat=3  ACC=0.6466  NMI=0.6651  ARI=0.4918  0.3s

=== P1E_S4_C1 train[5] k=3  dim=576  frames=147  σ=0.0  fold=2 ===
  OSC: k_hat=3  ACC=0.5306  NMI=0.4811  ARI=0.3275  0.3s

=== P1E_S4_C1 train[6] k=3  dim=576  frames=145  σ=0.0  fold=2 ===
  OSC: k_hat=3  ACC=0.9931  NMI=0.9694  ARI=0.9805  0.3s

=== P1E_S4_C2 train[0] k=3  dim=576  frames=117  σ=0.0  fold=2 ===
  OSC: k_hat=3  ACC=0.9573  NMI=0.8552  ARI=0.8756  0.2s

=== P1E_S4_C2 train[1] k=3  dim=576  frames=125  σ=0.0  fold=2 ===
  OSC: k_hat=3  ACC=0.9920  NMI=0.9653  ARI=0.9759  0.3s

=== P1E_S4_C2 train[2] k=3  dim=576  frames=126  σ=0.0  fold=2 ===
  OSC: k_hat=3  ACC=1.0000  NMI=1.0000  ARI=1.0000  0.3s

=== P1E_S4_C2 train[3] k=3  dim=576  frames=140  σ=0.0  fold=2 ===
  OSC: k_hat=3  ACC=0.9929  NMI=0.9670  ARI=0.9771  0.3s

=== P1E_S4_C2 train[4] k=3  dim=576  frames=129  σ=0.0  fold=2 ===
  OSC: k_hat=3  ACC=0.5426  NMI=0.6602  ARI=0.4588  0.3s

=== P1E_S4_C2 train[5] k=3  dim=576  frames=146  σ=0.0  fold=2 ===
  OSC: k_hat=3  ACC=0.9589  NMI=0.8852  ARI=0.8877  0.3s

=== P1E_S4_C2 train[6] k=3  dim=576  frames=110  σ=0.0  fold=2 ===
  OSC: k_hat=3  ACC=0.9818  NMI=0.9362  ARI=0.9514  0.2s

=== P1E_S4_C3 train[0] k=3  dim=576  frames=90  σ=0.0  fold=2 ===
  OSC: k_hat=3  ACC=0.9778  NMI=0.9242  ARI=0.9338  0.2s

=== P1E_S4_C3 train[1] k=3  dim=576  frames=64  σ=0.0  fold=2 ===
  OSC: k_hat=3  ACC=0.9844  NMI=0.9424  ARI=0.9536  0.1s

=== P1E_S4_C3 train[2] k=3  dim=576  frames=105  σ=0.0  fold=2 ===
  OSC: k_hat=3  ACC=0.5619  NMI=0.5928  ARI=0.4172  0.2s

=== P1E_S4_C3 train[3] k=3  dim=576  frames=87  σ=0.0  fold=2 ===
  OSC: k_hat=3  ACC=1.0000  NMI=1.0000  ARI=1.0000  0.1s

=== P1E_S4_C3 train[4] k=3  dim=576  frames=76  σ=0.0  fold=2 ===
  OSC: k_hat=3  ACC=0.9868  NMI=0.9495  ARI=0.9618  0.1s

=== P1E_S4_C3 train[5] k=3  dim=576  frames=106  σ=0.0  fold=2 ===
  OSC: k_hat=3  ACC=0.6792  NMI=0.7026  ARI=0.5568  0.2s

=== P1E_S4_C3 train[6] k=3  dim=576  frames=79  σ=0.0  fold=2 ===
  OSC: k_hat=3  ACC=0.9873  NMI=0.9504  ARI=0.9609  0.1s

=== P1L_S1_C1 train[0] k=3  dim=576  frames=162  σ=0.0  fold=2 ===
  OSC: k_hat=3  ACC=1.0000  NMI=1.0000  ARI=1.0000  0.4s

=== P1L_S1_C1 train[1] k=3  dim=576  frames=170  σ=0.0  fold=2 ===
  OSC: k_hat=3  ACC=0.7647  NMI=0.6747  ARI=0.4861  0.4s

=== P1L_S1_C1 train[2] k=3  dim=576  frames=182  σ=0.0  fold=2 ===
  OSC: k_hat=3  ACC=0.9945  NMI=0.9745  ARI=0.9840  0.4s

=== P1L_S1_C1 train[3] k=3  dim=576  frames=198  σ=0.0  fold=2 ===
  OSC: k_hat=3  ACC=0.7323  NMI=0.6955  ARI=0.5444  0.5s

=== P1L_S1_C1 train[4] k=3  dim=576  frames=166  σ=0.0  fold=2 ===
  OSC: k_hat=3  ACC=1.0000  NMI=1.0000  ARI=1.0000  0.4s

=== P1L_S1_C1 train[5] k=3  dim=576  frames=116  σ=0.0  fold=2 ===
  OSC: k_hat=3  ACC=0.5431  NMI=0.4843  ARI=0.3112  0.2s

=== P1L_S1_C1 train[6] k=3  dim=576  frames=175  σ=0.0  fold=2 ===
  OSC: k_hat=3  ACC=1.0000  NMI=1.0000  ARI=1.0000  0.5s

=== P1L_S1_C2 train[0] k=3  dim=576  frames=186  σ=0.0  fold=2 ===
  OSC: k_hat=3  ACC=0.8172  NMI=0.7086  ARI=0.5690  0.5s

=== P1L_S1_C2 train[1] k=3  dim=576  frames=137  σ=0.0  fold=2 ===
  OSC: k_hat=3  ACC=1.0000  NMI=1.0000  ARI=1.0000  0.3s

=== P1L_S1_C2 train[2] k=3  dim=576  frames=181  σ=0.0  fold=2 ===
  OSC: k_hat=3  ACC=0.8287  NMI=0.7245  ARI=0.5963  0.5s

=== P1L_S1_C2 train[3] k=3  dim=576  frames=128  σ=0.0  fold=2 ===
  OSC: k_hat=3  ACC=0.5625  NMI=0.6666  ARI=0.4689  0.3s

=== P1L_S1_C2 train[4] k=3  dim=576  frames=154  σ=0.0  fold=2 ===
  OSC: k_hat=3  ACC=0.5065  NMI=0.6566  ARI=0.4500  0.4s

=== P1L_S1_C2 train[5] k=3  dim=576  frames=142  σ=0.0  fold=2 ===
  OSC: k_hat=3  ACC=0.5352  NMI=0.6225  ARI=0.4110  0.3s

=== P1L_S1_C2 train[6] k=3  dim=576  frames=168  σ=0.0  fold=2 ===
  OSC: k_hat=3  ACC=1.0000  NMI=1.0000  ARI=1.0000  0.4s

=== P1L_S1_C3 train[0] k=3  dim=576  frames=60  σ=0.0  fold=2 ===
  OSC: k_hat=3  ACC=0.5167  NMI=0.6515  ARI=0.4364  0.1s

=== P1L_S1_C3 train[1] k=3  dim=576  frames=68  σ=0.0  fold=2 ===
  OSC: k_hat=3  ACC=1.0000  NMI=1.0000  ARI=1.0000  0.1s

=== P1L_S1_C3 train[2] k=3  dim=576  frames=74  σ=0.0  fold=2 ===
  OSC: k_hat=3  ACC=0.5811  NMI=0.6652  ARI=0.4654  0.1s

=== P1L_S1_C3 train[3] k=3  dim=576  frames=73  σ=0.0  fold=2 ===
  OSC: k_hat=3  ACC=0.6164  NMI=0.6644  ARI=0.4742  0.1s

=== P1L_S1_C3 train[4] k=3  dim=576  frames=64  σ=0.0  fold=2 ===
  OSC: k_hat=3  ACC=0.8438  NMI=0.7524  ARI=0.6573  0.1s

=== P1L_S1_C3 train[5] k=3  dim=576  frames=63  σ=0.0  fold=2 ===
  OSC: k_hat=3  ACC=0.6190  NMI=0.6736  ARI=0.5014  0.1s

=== P1L_S1_C3 train[6] k=3  dim=576  frames=75  σ=0.0  fold=2 ===
  OSC: k_hat=3  ACC=0.9867  NMI=0.9474  ARI=0.9569  0.1s

=== P1L_S2_C1 train[0] k=3  dim=576  frames=211  σ=0.0  fold=2 ===
  OSC: k_hat=3  ACC=0.8341  NMI=0.7323  ARI=0.6256  0.6s

=== P1L_S2_C1 train[1] k=3  dim=576  frames=190  σ=0.0  fold=2 ===
  OSC: k_hat=3  ACC=0.7211  NMI=0.6714  ARI=0.4890  0.5s

=== P1L_S2_C1 train[2] k=3  dim=576  frames=177  σ=0.0  fold=2 ===
  OSC: k_hat=3  ACC=0.8305  NMI=0.6528  ARI=0.5780  0.4s

=== P1L_S2_C1 train[3] k=3  dim=576  frames=172  σ=0.0  fold=2 ===
  OSC: k_hat=3  ACC=1.0000  NMI=1.0000  ARI=1.0000  0.4s

=== P1L_S2_C1 train[4] k=3  dim=576  frames=179  σ=0.0  fold=2 ===
  OSC: k_hat=3  ACC=1.0000  NMI=1.0000  ARI=1.0000  0.5s

=== P1L_S2_C1 train[5] k=3  dim=576  frames=180  σ=0.0  fold=2 ===
  OSC: k_hat=3  ACC=0.4944  NMI=0.2578  ARI=0.0592  0.5s

=== P1L_S2_C1 train[6] k=3  dim=576  frames=133  σ=0.0  fold=2 ===
  OSC: k_hat=3  ACC=1.0000  NMI=1.0000  ARI=1.0000  0.3s

=== P1L_S2_C2 train[0] k=3  dim=576  frames=194  σ=0.0  fold=2 ===
  OSC: k_hat=3  ACC=0.9948  NMI=0.9734  ARI=0.9820  0.5s

=== P1L_S2_C2 train[1] k=3  dim=576  frames=155  σ=0.0  fold=2 ===
  OSC: k_hat=3  ACC=1.0000  NMI=1.0000  ARI=1.0000  0.4s

=== P1L_S2_C2 train[2] k=3  dim=576  frames=186  σ=0.0  fold=2 ===
  OSC: k_hat=3  ACC=0.9785  NMI=0.9164  ARI=0.9416  0.5s

=== P1L_S2_C2 train[3] k=3  dim=576  frames=201  σ=0.0  fold=2 ===
  OSC: k_hat=3  ACC=0.9900  NMI=0.9582  ARI=0.9683  0.6s

=== P1L_S2_C2 train[4] k=3  dim=576  frames=171  σ=0.0  fold=2 ===
  OSC: k_hat=3  ACC=0.8363  NMI=0.7362  ARI=0.6178  0.5s

=== P1L_S2_C2 train[5] k=3  dim=576  frames=160  σ=0.0  fold=2 ===
  OSC: k_hat=3  ACC=0.8000  NMI=0.7446  ARI=0.6793  0.4s

=== P1L_S2_C2 train[6] k=3  dim=576  frames=154  σ=0.0  fold=2 ===
  OSC: k_hat=3  ACC=1.0000  NMI=1.0000  ARI=1.0000  0.4s

=== P1L_S2_C3 train[0] k=3  dim=576  frames=119  σ=0.0  fold=2 ===
  OSC: k_hat=3  ACC=1.0000  NMI=1.0000  ARI=1.0000  0.3s

=== P1L_S2_C3 train[1] k=3  dim=576  frames=101  σ=0.0  fold=2 ===
  OSC: k_hat=3  ACC=1.0000  NMI=1.0000  ARI=1.0000  0.2s

=== P1L_S2_C3 train[2] k=3  dim=576  frames=112  σ=0.0  fold=2 ===
  OSC: k_hat=3  ACC=0.5714  NMI=0.6638  ARI=0.4653  0.2s

=== P1L_S2_C3 train[3] k=3  dim=576  frames=126  σ=0.0  fold=2 ===
  OSC: k_hat=3  ACC=0.8333  NMI=0.7360  ARI=0.6161  0.3s

=== P1L_S2_C3 train[4] k=3  dim=576  frames=102  σ=0.0  fold=2 ===
  OSC: k_hat=3  ACC=0.5392  NMI=0.6485  ARI=0.4410  0.2s

=== P1L_S2_C3 train[5] k=3  dim=576  frames=121  σ=0.0  fold=2 ===
  OSC: k_hat=3  ACC=0.9174  NMI=0.8252  ARI=0.8067  0.3s

=== P1L_S2_C3 train[6] k=3  dim=576  frames=99  σ=0.0  fold=2 ===
  OSC: k_hat=3  ACC=0.9697  NMI=0.9066  ARI=0.9152  0.2s

=== P1L_S3_C1 train[0] k=3  dim=576  frames=156  σ=0.0  fold=2 ===
  OSC: k_hat=3  ACC=0.4872  NMI=0.3228  ARI=0.0821  0.4s

=== P1L_S3_C1 train[1] k=3  dim=576  frames=120  σ=0.0  fold=2 ===
  OSC: k_hat=3  ACC=1.0000  NMI=1.0000  ARI=1.0000  0.3s

=== P1L_S3_C1 train[2] k=3  dim=576  frames=156  σ=0.0  fold=2 ===
  OSC: k_hat=3  ACC=0.6346  NMI=0.6784  ARI=0.5044  0.4s

=== P1L_S3_C1 train[3] k=3  dim=576  frames=159  σ=0.0  fold=2 ===
  OSC: k_hat=3  ACC=0.9245  NMI=0.7727  ARI=0.7932  0.4s

=== P1L_S3_C1 train[4] k=3  dim=576  frames=172  σ=0.0  fold=2 ===
  OSC: k_hat=3  ACC=0.8779  NMI=0.7752  ARI=0.6999  0.5s

=== P1L_S3_C1 train[5] k=3  dim=576  frames=176  σ=0.0  fold=2 ===
  OSC: k_hat=3  ACC=0.6818  NMI=0.6189  ARI=0.3972  0.5s

=== P1L_S3_C1 train[6] k=3  dim=576  frames=134  σ=0.0  fold=2 ===
  OSC: k_hat=3  ACC=0.9925  NMI=0.9658  ARI=0.9752  0.3s

=== P1L_S3_C2 train[0] k=3  dim=576  frames=185  σ=0.0  fold=2 ===
  OSC: k_hat=3  ACC=0.9730  NMI=0.9116  ARI=0.9170  0.5s

=== P1L_S3_C2 train[1] k=3  dim=576  frames=125  σ=0.0  fold=2 ===
  OSC: k_hat=3  ACC=0.8560  NMI=0.7657  ARI=0.7000  0.3s

=== P1L_S3_C2 train[2] k=3  dim=576  frames=209  σ=0.0  fold=2 ===
  OSC: k_hat=3  ACC=0.7608  NMI=0.5521  ARI=0.4500  0.6s

=== P1L_S3_C2 train[3] k=3  dim=576  frames=168  σ=0.0  fold=2 ===
  OSC: k_hat=3  ACC=0.6488  NMI=0.6705  ARI=0.5211  0.5s

=== P1L_S3_C2 train[4] k=3  dim=576  frames=187  σ=0.0  fold=2 ===
  OSC: k_hat=3  ACC=0.5508  NMI=0.6596  ARI=0.4583  0.6s

=== P1L_S3_C2 train[5] k=3  dim=576  frames=229  σ=0.0  fold=2 ===
  OSC: k_hat=3  ACC=0.5109  NMI=0.6332  ARI=0.4399  0.7s

=== P1L_S3_C2 train[6] k=3  dim=576  frames=136  σ=0.0  fold=2 ===
  OSC: k_hat=3  ACC=1.0000  NMI=1.0000  ARI=1.0000  0.3s

=== P1L_S3_C3 train[0] k=3  dim=576  frames=151  σ=0.0  fold=2 ===
  OSC: k_hat=3  ACC=0.9934  NMI=0.9677  ARI=0.9795  0.4s

=== P1L_S3_C3 train[1] k=3  dim=576  frames=118  σ=0.0  fold=2 ===
  OSC: k_hat=3  ACC=0.9068  NMI=0.8044  ARI=0.7533  0.3s

=== P1L_S3_C3 train[2] k=3  dim=576  frames=142  σ=0.0  fold=2 ===
  OSC: k_hat=3  ACC=1.0000  NMI=1.0000  ARI=1.0000  0.4s

=== P1L_S3_C3 train[3] k=3  dim=576  frames=134  σ=0.0  fold=2 ===
  OSC: k_hat=3  ACC=0.8507  NMI=0.7327  ARI=0.6091  0.3s

=== P1L_S3_C3 train[4] k=3  dim=576  frames=110  σ=0.0  fold=2 ===
  OSC: k_hat=3  ACC=0.8636  NMI=0.7613  ARI=0.6732  0.2s

=== P1L_S3_C3 train[5] k=3  dim=576  frames=161  σ=0.0  fold=2 ===
  OSC: k_hat=3  ACC=0.8323  NMI=0.7023  ARI=0.6433  0.4s

=== P1L_S3_C3 train[6] k=3  dim=576  frames=114  σ=0.0  fold=2 ===
  OSC: k_hat=3  ACC=0.9912  NMI=0.9630  ARI=0.9763  0.2s

=== P1L_S4_C1 train[0] k=3  dim=576  frames=200  σ=0.0  fold=2 ===
  OSC: k_hat=3  ACC=0.9550  NMI=0.8749  ARI=0.8713  0.6s

=== P1L_S4_C1 train[1] k=3  dim=576  frames=157  σ=0.0  fold=2 ===
  OSC: k_hat=3  ACC=1.0000  NMI=1.0000  ARI=1.0000  0.4s

=== P1L_S4_C1 train[2] k=3  dim=576  frames=168  σ=0.0  fold=2 ===
  OSC: k_hat=3  ACC=0.8750  NMI=0.7542  ARI=0.6515  0.5s

=== P1L_S4_C1 train[3] k=3  dim=576  frames=142  σ=0.0  fold=2 ===
  OSC: k_hat=3  ACC=1.0000  NMI=1.0000  ARI=1.0000  0.4s

=== P1L_S4_C1 train[4] k=3  dim=576  frames=164  σ=0.0  fold=2 ===
  OSC: k_hat=3  ACC=0.9939  NMI=0.9723  ARI=0.9819  0.4s

=== P1L_S4_C1 train[5] k=3  dim=576  frames=187  σ=0.0  fold=2 ===
  OSC: k_hat=3  ACC=0.5989  NMI=0.4784  ARI=0.3177  0.6s

=== P1L_S4_C1 train[6] k=3  dim=576  frames=202  σ=0.0  fold=2 ===
  OSC: k_hat=3  ACC=1.0000  NMI=1.0000  ARI=1.0000  0.6s

=== P1L_S4_C2 train[0] k=3  dim=576  frames=157  σ=0.0  fold=2 ===
  OSC: k_hat=3  ACC=0.7771  NMI=0.6675  ARI=0.4827  0.4s

=== P1L_S4_C2 train[1] k=3  dim=576  frames=149  σ=0.0  fold=2 ===
  OSC: k_hat=3  ACC=0.9195  NMI=0.8124  ARI=0.7623  0.4s

=== P1L_S4_C2 train[2] k=3  dim=576  frames=168  σ=0.0  fold=2 ===
  OSC: k_hat=3  ACC=0.8571  NMI=0.7372  ARI=0.6347  0.5s

=== P1L_S4_C2 train[3] k=3  dim=576  frames=154  σ=0.0  fold=2 ===
  OSC: k_hat=3  ACC=1.0000  NMI=1.0000  ARI=1.0000  0.4s

=== P1L_S4_C2 train[4] k=3  dim=576  frames=152  σ=0.0  fold=2 ===
  OSC: k_hat=3  ACC=0.8618  NMI=0.7611  ARI=0.6804  0.4s

=== P1L_S4_C2 train[5] k=3  dim=576  frames=169  σ=0.0  fold=2 ===
  OSC: k_hat=3  ACC=0.5976  NMI=0.6663  ARI=0.4796  0.5s

=== P1L_S4_C2 train[6] k=3  dim=576  frames=153  σ=0.0  fold=2 ===
  OSC: k_hat=3  ACC=0.9869  NMI=0.9501  ARI=0.9666  0.4s

=== P1L_S4_C3 train[0] k=3  dim=576  frames=96  σ=0.0  fold=2 ===
  OSC: k_hat=3  ACC=1.0000  NMI=1.0000  ARI=1.0000  0.2s

=== P1L_S4_C3 train[1] k=3  dim=576  frames=107  σ=0.0  fold=2 ===
  OSC: k_hat=3  ACC=0.9907  NMI=0.9584  ARI=0.9678  0.2s

=== P1L_S4_C3 train[2] k=3  dim=576  frames=117  σ=0.0  fold=2 ===
  OSC: k_hat=3  ACC=0.7009  NMI=0.6970  ARI=0.5517  0.3s

=== P1L_S4_C3 train[3] k=3  dim=576  frames=112  σ=0.0  fold=2 ===
  OSC: k_hat=3  ACC=0.8036  NMI=0.7211  ARI=0.5862  0.2s

=== P1L_S4_C3 train[4] k=3  dim=576  frames=103  σ=0.0  fold=2 ===
  OSC: k_hat=3  ACC=0.7476  NMI=0.6891  ARI=0.5245  0.2s

=== P1L_S4_C3 train[5] k=3  dim=576  frames=105  σ=0.0  fold=2 ===
  OSC: k_hat=3  ACC=0.5429  NMI=0.6577  ARI=0.4521  0.2s

=== P1L_S4_C3 train[6] k=3  dim=576  frames=107  σ=0.0  fold=2 ===
  OSC: k_hat=3  ACC=0.9813  NMI=0.9338  ARI=0.9463  0.2s

=== P1E_S1_C1 test[0] k=3  dim=576  frames=130  σ=0.0  fold=2 ===
  OSC: k_hat=3  ACC=1.0000  NMI=1.0000  ARI=1.0000  0.3s

=== P1E_S1_C2 test[0] k=3  dim=576  frames=104  σ=0.0  fold=2 ===
  OSC: k_hat=3  ACC=1.0000  NMI=1.0000  ARI=1.0000  0.2s

=== P1E_S1_C3 test[0] k=3  dim=576  frames=47  σ=0.0  fold=2 ===
  OSC: k_hat=3  ACC=1.0000  NMI=1.0000  ARI=1.0000  0.1s

=== P1E_S2_C1 test[0] k=3  dim=576  frames=136  σ=0.0  fold=2 ===
  OSC: k_hat=3  ACC=0.9118  NMI=0.8084  ARI=0.7613  0.3s

=== P1E_S2_C2 test[0] k=3  dim=576  frames=109  σ=0.0  fold=2 ===
  OSC: k_hat=3  ACC=0.9908  NMI=0.9619  ARI=0.9735  0.2s

=== P1E_S2_C3 test[0] k=3  dim=576  frames=90  σ=0.0  fold=2 ===
  OSC: k_hat=3  ACC=1.0000  NMI=1.0000  ARI=1.0000  0.2s

=== P1E_S3_C1 test[0] k=3  dim=576  frames=134  σ=0.0  fold=2 ===
  OSC: k_hat=3  ACC=0.8060  NMI=0.6505  ARI=0.5388  0.3s

=== P1E_S3_C2 test[0] k=3  dim=576  frames=112  σ=0.0  fold=2 ===
  OSC: k_hat=3  ACC=0.9643  NMI=0.8905  ARI=0.8879  0.2s

=== P1E_S3_C3 test[0] k=3  dim=576  frames=84  σ=0.0  fold=2 ===
  OSC: k_hat=3  ACC=0.9881  NMI=0.9525  ARI=0.9657  0.2s

=== P1E_S4_C1 test[0] k=3  dim=576  frames=155  σ=0.0  fold=2 ===
  OSC: k_hat=3  ACC=0.9613  NMI=0.8874  ARI=0.8853  0.4s

=== P1E_S4_C2 test[0] k=3  dim=576  frames=122  σ=0.0  fold=2 ===
  OSC: k_hat=3  ACC=1.0000  NMI=1.0000  ARI=1.0000  0.3s

=== P1E_S4_C3 test[0] k=3  dim=576  frames=85  σ=0.0  fold=2 ===
  OSC: k_hat=3  ACC=0.9412  NMI=0.8539  ARI=0.8378  0.2s

=== P1L_S1_C1 test[0] k=3  dim=576  frames=155  σ=0.0  fold=2 ===
  OSC: k_hat=3  ACC=1.0000  NMI=1.0000  ARI=1.0000  0.4s

=== P1L_S1_C2 test[0] k=3  dim=576  frames=147  σ=0.0  fold=2 ===
  OSC: k_hat=3  ACC=1.0000  NMI=1.0000  ARI=1.0000  0.4s

=== P1L_S1_C3 test[0] k=3  dim=576  frames=65  σ=0.0  fold=2 ===
  OSC: k_hat=3  ACC=1.0000  NMI=1.0000  ARI=1.0000  0.1s

=== P1L_S2_C1 test[0] k=3  dim=576  frames=180  σ=0.0  fold=2 ===
  OSC: k_hat=3  ACC=1.0000  NMI=1.0000  ARI=1.0000  0.5s

=== P1L_S2_C2 test[0] k=3  dim=576  frames=134  σ=0.0  fold=2 ===
  OSC: k_hat=3  ACC=1.0000  NMI=1.0000  ARI=1.0000  0.3s

=== P1L_S2_C3 test[0] k=3  dim=576  frames=85  σ=0.0  fold=2 ===
  OSC: k_hat=3  ACC=1.0000  NMI=1.0000  ARI=1.0000  0.2s

=== P1L_S3_C1 test[0] k=3  dim=576  frames=185  σ=0.0  fold=2 ===
  OSC: k_hat=3  ACC=0.9351  NMI=0.8421  ARI=0.8204  0.5s

=== P1L_S3_C2 test[0] k=3  dim=576  frames=166  σ=0.0  fold=2 ===
  OSC: k_hat=3  ACC=1.0000  NMI=1.0000  ARI=1.0000  0.4s

=== P1L_S3_C3 test[0] k=3  dim=576  frames=121  σ=0.0  fold=2 ===
  OSC: k_hat=3  ACC=1.0000  NMI=1.0000  ARI=1.0000  0.3s

=== P1L_S4_C1 test[0] k=3  dim=576  frames=154  σ=0.0  fold=2 ===
  OSC: k_hat=3  ACC=1.0000  NMI=1.0000  ARI=1.0000  0.4s

=== P1L_S4_C2 test[0] k=3  dim=576  frames=175  σ=0.0  fold=2 ===
  OSC: k_hat=3  ACC=1.0000  NMI=1.0000  ARI=1.0000  0.5s

=== P1L_S4_C3 test[0] k=3  dim=576  frames=94  σ=0.0  fold=2 ===
  OSC: k_hat=3  ACC=1.0000  NMI=1.0000  ARI=1.0000  0.2s
  tune_pool_groups=20: sampling from 22 held-in people (overlap allowed) instead of the 7 fixed partition group(s)

============================================================
σ=0.0 fold=3  test=['0005', '0024', '0025']  train mats=168  test mats=24  tune mats=480
  --- tune OSC over 480 train mats  n_trials=20 (2 params) ---
  OSC trial 0: mean ARI=0.7601  n=480  152.2s  lambda_1=0.1, lambda_2=0.1
  OSC trial 1: mean ARI=0.7628  n=480  151.9s  lambda_1=0.1568, lambda_2=0.7257
  OSC trial 2: mean ARI=0.7559  n=480  151.5s  lambda_1=0.2577, lambda_2=0.1512
  OSC trial 3: mean ARI=0.7656  n=480  152.8s  lambda_1=0.0495, lambda_2=0.3833
  OSC trial 4: mean ARI=0.7646  n=480  152.8s  lambda_1=0.05628, lambda_2=3.691
  OSC trial 5: mean ARI=0.0022  n=480  148.7s  lambda_1=7.156, lambda_2=0.03418
  OSC trial 6: mean ARI=0.0022  n=480  149.3s  lambda_1=1.469, lambda_2=0.1305
  OSC trial 7: mean ARI=0.7615  n=480  152.3s  lambda_1=0.1871, lambda_2=5.039
  OSC trial 8: mean ARI=0.7732  n=480  160.0s  lambda_1=0.001924, lambda_2=0.002231
  OSC trial 9: mean ARI=0.7692  n=480  151.6s  lambda_1=0.001205, lambda_2=2.14
  OSC trial 10: mean ARI=0.7724  n=480  160.4s  lambda_1=0.001206, lambda_2=0.001369
  OSC trial 11: mean ARI=0.7724  n=480  159.8s  lambda_1=0.001211, lambda_2=0.001203
  OSC trial 12: mean ARI=0.7721  n=480  159.2s  lambda_1=0.007272, lambda_2=0.001053
  OSC trial 13: mean ARI=0.7716  n=480  158.9s  lambda_1=0.00784, lambda_2=0.006337
  OSC trial 14: mean ARI=0.7719  n=480  160.0s  lambda_1=0.004685, lambda_2=0.005457
  OSC trial 15: mean ARI=0.7719  n=480  160.8s  lambda_1=0.003237, lambda_2=0.005769
  OSC trial 16: mean ARI=0.7700  n=480  158.5s  lambda_1=0.0217, lambda_2=0.01369
  OSC trial 17: mean ARI=0.7723  n=480  159.9s  lambda_1=0.001073, lambda_2=0.002365
  OSC trial 18: mean ARI=0.7686  n=480  158.5s  lambda_1=0.0125, lambda_2=0.02409
  OSC trial 19: mean ARI=0.7719  n=480  160.5s  lambda_1=0.002983, lambda_2=0.002733
    best mean ARI=0.7732  tune 3119.6s  lambda_1=0.001924, lambda_2=0.002231
  wrote /nfs/turbo/umms-minjilab/lpullela/icassp_ssc_tv2/block_ssc_benchmark/cv/params/surveillance/split_k3_clean_min30_trials20_knownk_scaled_params_cv_osc_k3_sigma0_sigma0_fold3.json

=== P1E_S1_C1 train[0] k=3  dim=576  frames=146  σ=0.0  fold=3 ===
  OSC: k_hat=3  ACC=0.9178  NMI=0.7994  ARI=0.7432  0.4s

=== P1E_S1_C1 train[1] k=3  dim=576  frames=153  σ=0.0  fold=3 ===
  OSC: k_hat=3  ACC=0.9673  NMI=0.9007  ARI=0.9048  0.4s

=== P1E_S1_C1 train[2] k=3  dim=576  frames=130  σ=0.0  fold=3 ===
  OSC: k_hat=3  ACC=1.0000  NMI=1.0000  ARI=1.0000  0.3s

=== P1E_S1_C1 train[3] k=3  dim=576  frames=157  σ=0.0  fold=3 ===
  OSC: k_hat=3  ACC=0.5860  NMI=0.6627  ARI=0.4681  0.5s

=== P1E_S1_C1 train[4] k=3  dim=576  frames=151  σ=0.0  fold=3 ===
  OSC: k_hat=3  ACC=0.6026  NMI=0.6703  ARI=0.4826  0.4s

=== P1E_S1_C1 train[5] k=3  dim=576  frames=140  σ=0.0  fold=3 ===
  OSC: k_hat=3  ACC=0.8786  NMI=0.7789  ARI=0.7106  0.4s

=== P1E_S1_C1 train[6] k=3  dim=576  frames=171  σ=0.0  fold=3 ===
  OSC: k_hat=3  ACC=0.9357  NMI=0.8467  ARI=0.8312  0.5s

=== P1E_S1_C2 train[0] k=3  dim=576  frames=147  σ=0.0  fold=3 ===
  OSC: k_hat=3  ACC=0.9932  NMI=0.9693  ARI=0.9802  0.4s

=== P1E_S1_C2 train[1] k=3  dim=576  frames=115  σ=0.0  fold=3 ===
  OSC: k_hat=3  ACC=0.9913  NMI=0.9622  ARI=0.9715  0.3s

=== P1E_S1_C2 train[2] k=3  dim=576  frames=104  σ=0.0  fold=3 ===
  OSC: k_hat=3  ACC=1.0000  NMI=1.0000  ARI=1.0000  0.2s

=== P1E_S1_C2 train[3] k=3  dim=576  frames=113  σ=0.0  fold=3 ===
  OSC: k_hat=3  ACC=0.7168  NMI=0.6181  ARI=0.5172  0.3s

=== P1E_S1_C2 train[4] k=3  dim=576  frames=122  σ=0.0  fold=3 ===
  OSC: k_hat=3  ACC=0.5410  NMI=0.6594  ARI=0.4560  0.3s

=== P1E_S1_C2 train[5] k=3  dim=576  frames=122  σ=0.0  fold=3 ===
  OSC: k_hat=3  ACC=0.9426  NMI=0.8571  ARI=0.8532  0.3s

=== P1E_S1_C2 train[6] k=3  dim=576  frames=134  σ=0.0  fold=3 ===
  OSC: k_hat=3  ACC=0.9851  NMI=0.9443  ARI=0.9564  0.3s

=== P1E_S1_C3 train[0] k=3  dim=576  frames=58  σ=0.0  fold=3 ===
  OSC: k_hat=3  ACC=0.9483  NMI=0.8578  ARI=0.8376  0.1s

=== P1E_S1_C3 train[1] k=3  dim=576  frames=56  σ=0.0  fold=3 ===
  OSC: k_hat=3  ACC=0.9821  NMI=0.9328  ARI=0.9451  0.1s

=== P1E_S1_C3 train[2] k=3  dim=576  frames=47  σ=0.0  fold=3 ===
  OSC: k_hat=3  ACC=1.0000  NMI=1.0000  ARI=1.0000  0.1s

=== P1E_S1_C3 train[3] k=3  dim=576  frames=37  σ=0.0  fold=3 ===
  OSC: k_hat=3  ACC=1.0000  NMI=1.0000  ARI=1.0000  0.1s

=== P1E_S1_C3 train[4] k=3  dim=576  frames=55  σ=0.0  fold=3 ===
  OSC: k_hat=3  ACC=1.0000  NMI=1.0000  ARI=1.0000  0.1s

=== P1E_S1_C3 train[5] k=3  dim=576  frames=51  σ=0.0  fold=3 ===
  OSC: k_hat=3  ACC=0.9412  NMI=0.8560  ARI=0.8447  0.1s

=== P1E_S1_C3 train[6] k=3  dim=576  frames=69  σ=0.0  fold=3 ===
  OSC: k_hat=3  ACC=0.9565  NMI=0.8541  ARI=0.8698  0.1s

=== P1E_S2_C1 train[0] k=3  dim=576  frames=167  σ=0.0  fold=3 ===
  OSC: k_hat=3  ACC=0.8862  NMI=0.7810  ARI=0.7093  0.5s

=== P1E_S2_C1 train[1] k=3  dim=576  frames=151  σ=0.0  fold=3 ===
  OSC: k_hat=3  ACC=0.8278  NMI=0.6837  ARI=0.5812  0.4s

=== P1E_S2_C1 train[2] k=3  dim=576  frames=136  σ=0.0  fold=3 ===
  OSC: k_hat=3  ACC=0.8971  NMI=0.7907  ARI=0.7297  0.3s

=== P1E_S2_C1 train[3] k=3  dim=576  frames=149  σ=0.0  fold=3 ===
  OSC: k_hat=3  ACC=0.6040  NMI=0.6711  ARI=0.4842  0.4s

=== P1E_S2_C1 train[4] k=3  dim=576  frames=124  σ=0.0  fold=3 ===
  OSC: k_hat=3  ACC=0.5806  NMI=0.6673  ARI=0.4713  0.3s

=== P1E_S2_C1 train[5] k=3  dim=576  frames=161  σ=0.0  fold=3 ===
  OSC: k_hat=3  ACC=0.8012  NMI=0.6951  ARI=0.5830  0.4s

=== P1E_S2_C1 train[6] k=3  dim=576  frames=153  σ=0.0  fold=3 ===
  OSC: k_hat=3  ACC=0.5621  NMI=0.5800  ARI=0.4103  0.4s

=== P1E_S2_C2 train[0] k=3  dim=576  frames=146  σ=0.0  fold=3 ===
  OSC: k_hat=3  ACC=0.9384  NMI=0.8138  ARI=0.8157  0.4s

=== P1E_S2_C2 train[1] k=3  dim=576  frames=115  σ=0.0  fold=3 ===
  OSC: k_hat=3  ACC=1.0000  NMI=1.0000  ARI=1.0000  0.3s

=== P1E_S2_C2 train[2] k=3  dim=576  frames=109  σ=0.0  fold=3 ===
  OSC: k_hat=3  ACC=0.9908  NMI=0.9619  ARI=0.9735  0.2s

=== P1E_S2_C2 train[3] k=3  dim=576  frames=124  σ=0.0  fold=3 ===
  OSC: k_hat=3  ACC=1.0000  NMI=1.0000  ARI=1.0000  0.3s

=== P1E_S2_C2 train[4] k=3  dim=576  frames=109  σ=0.0  fold=3 ===
  OSC: k_hat=3  ACC=0.6972  NMI=0.6941  ARI=0.5482  0.2s

=== P1E_S2_C2 train[5] k=3  dim=576  frames=128  σ=0.0  fold=3 ===
  OSC: k_hat=3  ACC=0.5938  NMI=0.6585  ARI=0.4635  0.3s

=== P1E_S2_C2 train[6] k=3  dim=576  frames=126  σ=0.0  fold=3 ===
  OSC: k_hat=3  ACC=0.9841  NMI=0.9413  ARI=0.9532  0.3s

=== P1E_S2_C3 train[0] k=3  dim=576  frames=113  σ=0.0  fold=3 ===
  OSC: k_hat=3  ACC=1.0000  NMI=1.0000  ARI=1.0000  0.3s

=== P1E_S2_C3 train[1] k=3  dim=576  frames=88  σ=0.0  fold=3 ===
  OSC: k_hat=3  ACC=0.9773  NMI=0.9225  ARI=0.9324  0.2s

=== P1E_S2_C3 train[2] k=3  dim=576  frames=90  σ=0.0  fold=3 ===
  OSC: k_hat=3  ACC=1.0000  NMI=1.0000  ARI=1.0000  0.2s

=== P1E_S2_C3 train[3] k=3  dim=576  frames=99  σ=0.0  fold=3 ===
  OSC: k_hat=3  ACC=0.9899  NMI=0.9585  ARI=0.9691  0.2s

=== P1E_S2_C3 train[4] k=3  dim=576  frames=87  σ=0.0  fold=3 ===
  OSC: k_hat=3  ACC=0.6092  NMI=0.6683  ARI=0.4793  0.2s

=== P1E_S2_C3 train[5] k=3  dim=576  frames=105  σ=0.0  fold=3 ===
  OSC: k_hat=3  ACC=0.9714  NMI=0.8926  ARI=0.9125  0.2s

=== P1E_S2_C3 train[6] k=3  dim=576  frames=89  σ=0.0  fold=3 ===
  OSC: k_hat=3  ACC=0.9775  NMI=0.9248  ARI=0.9383  0.2s

=== P1E_S3_C1 train[0] k=3  dim=576  frames=166  σ=0.0  fold=3 ===
  OSC: k_hat=3  ACC=0.8313  NMI=0.6872  ARI=0.5715  0.5s

=== P1E_S3_C1 train[1] k=3  dim=576  frames=139  σ=0.0  fold=3 ===
  OSC: k_hat=3  ACC=0.7338  NMI=0.6984  ARI=0.5493  0.4s

=== P1E_S3_C1 train[2] k=3  dim=576  frames=134  σ=0.0  fold=3 ===
  OSC: k_hat=3  ACC=0.7985  NMI=0.6452  ARI=0.5289  0.4s

=== P1E_S3_C1 train[3] k=3  dim=576  frames=168  σ=0.0  fold=3 ===
  OSC: k_hat=3  ACC=0.8393  NMI=0.7241  ARI=0.5866  0.5s

=== P1E_S3_C1 train[4] k=3  dim=576  frames=123  σ=0.0  fold=3 ===
  OSC: k_hat=3  ACC=0.5203  NMI=0.4254  ARI=0.2446  0.3s

=== P1E_S3_C1 train[5] k=3  dim=576  frames=204  σ=0.0  fold=3 ===
  OSC: k_hat=3  ACC=0.7206  NMI=0.7092  ARI=0.5882  0.7s

=== P1E_S3_C1 train[6] k=3  dim=576  frames=112  σ=0.0  fold=3 ===
  OSC: k_hat=3  ACC=0.5804  NMI=0.6590  ARI=0.4608  0.3s

=== P1E_S3_C2 train[0] k=3  dim=576  frames=147  σ=0.0  fold=3 ===
  OSC: k_hat=3  ACC=0.8639  NMI=0.7374  ARI=0.6181  0.4s

=== P1E_S3_C2 train[1] k=3  dim=576  frames=120  σ=0.0  fold=3 ===
  OSC: k_hat=3  ACC=0.6750  NMI=0.6671  ARI=0.4773  0.3s

=== P1E_S3_C2 train[2] k=3  dim=576  frames=112  σ=0.0  fold=3 ===
  OSC: k_hat=3  ACC=0.9554  NMI=0.8723  ARI=0.8616  0.3s

=== P1E_S3_C2 train[3] k=3  dim=576  frames=169  σ=0.0  fold=3 ===
  OSC: k_hat=3  ACC=0.8166  NMI=0.7302  ARI=0.6094  0.5s

=== P1E_S3_C2 train[4] k=3  dim=576  frames=107  σ=0.0  fold=3 ===
  OSC: k_hat=3  ACC=0.5888  NMI=0.6662  ARI=0.4710  0.3s

=== P1E_S3_C2 train[5] k=3  dim=576  frames=146  σ=0.0  fold=3 ===
  OSC: k_hat=3  ACC=0.6507  NMI=0.6149  ARI=0.3702  0.4s

=== P1E_S3_C2 train[6] k=3  dim=576  frames=114  σ=0.0  fold=3 ===
  OSC: k_hat=3  ACC=0.9912  NMI=0.9609  ARI=0.9730  0.3s

=== P1E_S3_C3 train[0] k=3  dim=576  frames=105  σ=0.0  fold=3 ===
  OSC: k_hat=3  ACC=1.0000  NMI=1.0000  ARI=1.0000  0.3s

=== P1E_S3_C3 train[1] k=3  dim=576  frames=89  σ=0.0  fold=3 ===
  OSC: k_hat=3  ACC=1.0000  NMI=1.0000  ARI=1.0000  0.2s

=== P1E_S3_C3 train[2] k=3  dim=576  frames=84  σ=0.0  fold=3 ===
  OSC: k_hat=3  ACC=1.0000  NMI=1.0000  ARI=1.0000  0.2s

=== P1E_S3_C3 train[3] k=3  dim=576  frames=128  σ=0.0  fold=3 ===
  OSC: k_hat=3  ACC=0.7500  NMI=0.7005  ARI=0.5481  0.3s

=== P1E_S3_C3 train[4] k=3  dim=576  frames=83  σ=0.0  fold=3 ===
  OSC: k_hat=3  ACC=1.0000  NMI=1.0000  ARI=1.0000  0.2s

=== P1E_S3_C3 train[5] k=3  dim=576  frames=129  σ=0.0  fold=3 ===
  OSC: k_hat=3  ACC=0.9845  NMI=0.9427  ARI=0.9553  0.3s

=== P1E_S3_C3 train[6] k=3  dim=576  frames=84  σ=0.0  fold=3 ===
  OSC: k_hat=3  ACC=0.9881  NMI=0.9523  ARI=0.9667  0.2s

=== P1E_S4_C1 train[0] k=3  dim=576  frames=158  σ=0.0  fold=3 ===
  OSC: k_hat=3  ACC=0.8734  NMI=0.7427  ARI=0.6331  0.5s

=== P1E_S4_C1 train[1] k=3  dim=576  frames=107  σ=0.0  fold=3 ===
  OSC: k_hat=3  ACC=1.0000  NMI=1.0000  ARI=1.0000  0.3s

=== P1E_S4_C1 train[2] k=3  dim=576  frames=155  σ=0.0  fold=3 ===
  OSC: k_hat=3  ACC=0.9613  NMI=0.8874  ARI=0.8853  0.4s

=== P1E_S4_C1 train[3] k=3  dim=576  frames=180  σ=0.0  fold=3 ===
  OSC: k_hat=3  ACC=1.0000  NMI=1.0000  ARI=1.0000  0.6s

=== P1E_S4_C1 train[4] k=3  dim=576  frames=133  σ=0.0  fold=3 ===
  OSC: k_hat=3  ACC=0.6466  NMI=0.6651  ARI=0.4918  0.4s

=== P1E_S4_C1 train[5] k=3  dim=576  frames=147  σ=0.0  fold=3 ===
  OSC: k_hat=3  ACC=0.5306  NMI=0.4811  ARI=0.3275  0.4s

=== P1E_S4_C1 train[6] k=3  dim=576  frames=145  σ=0.0  fold=3 ===
  OSC: k_hat=3  ACC=0.9931  NMI=0.9694  ARI=0.9805  0.4s

=== P1E_S4_C2 train[0] k=3  dim=576  frames=117  σ=0.0  fold=3 ===
  OSC: k_hat=3  ACC=0.9573  NMI=0.8552  ARI=0.8756  0.3s

=== P1E_S4_C2 train[1] k=3  dim=576  frames=125  σ=0.0  fold=3 ===
  OSC: k_hat=3  ACC=0.9920  NMI=0.9653  ARI=0.9759  0.3s

=== P1E_S4_C2 train[2] k=3  dim=576  frames=122  σ=0.0  fold=3 ===
  OSC: k_hat=3  ACC=1.0000  NMI=1.0000  ARI=1.0000  0.3s

=== P1E_S4_C2 train[3] k=3  dim=576  frames=140  σ=0.0  fold=3 ===
  OSC: k_hat=3  ACC=1.0000  NMI=1.0000  ARI=1.0000  0.4s

=== P1E_S4_C2 train[4] k=3  dim=576  frames=129  σ=0.0  fold=3 ===
  OSC: k_hat=3  ACC=0.5426  NMI=0.6602  ARI=0.4588  0.3s

=== P1E_S4_C2 train[5] k=3  dim=576  frames=146  σ=0.0  fold=3 ===
  OSC: k_hat=3  ACC=0.9589  NMI=0.8852  ARI=0.8877  0.4s

=== P1E_S4_C2 train[6] k=3  dim=576  frames=110  σ=0.0  fold=3 ===
  OSC: k_hat=3  ACC=0.9818  NMI=0.9362  ARI=0.9514  0.3s

=== P1E_S4_C3 train[0] k=3  dim=576  frames=90  σ=0.0  fold=3 ===
  OSC: k_hat=3  ACC=0.9778  NMI=0.9242  ARI=0.9338  0.2s

=== P1E_S4_C3 train[1] k=3  dim=576  frames=64  σ=0.0  fold=3 ===
  OSC: k_hat=3  ACC=0.9844  NMI=0.9424  ARI=0.9536  0.1s

=== P1E_S4_C3 train[2] k=3  dim=576  frames=85  σ=0.0  fold=3 ===
  OSC: k_hat=3  ACC=1.0000  NMI=1.0000  ARI=1.0000  0.2s

=== P1E_S4_C3 train[3] k=3  dim=576  frames=87  σ=0.0  fold=3 ===
  OSC: k_hat=3  ACC=1.0000  NMI=1.0000  ARI=1.0000  0.2s

=== P1E_S4_C3 train[4] k=3  dim=576  frames=76  σ=0.0  fold=3 ===
  OSC: k_hat=3  ACC=1.0000  NMI=1.0000  ARI=1.0000  0.2s

=== P1E_S4_C3 train[5] k=3  dim=576  frames=106  σ=0.0  fold=3 ===
  OSC: k_hat=3  ACC=0.6792  NMI=0.7026  ARI=0.5568  0.3s

=== P1E_S4_C3 train[6] k=3  dim=576  frames=79  σ=0.0  fold=3 ===
  OSC: k_hat=3  ACC=0.9873  NMI=0.9504  ARI=0.9609  0.2s

=== P1L_S1_C1 train[0] k=3  dim=576  frames=162  σ=0.0  fold=3 ===
  OSC: k_hat=3  ACC=1.0000  NMI=1.0000  ARI=1.0000  0.5s

=== P1L_S1_C1 train[1] k=3  dim=576  frames=170  σ=0.0  fold=3 ===
  OSC: k_hat=3  ACC=0.7647  NMI=0.6747  ARI=0.4861  0.5s

=== P1L_S1_C1 train[2] k=3  dim=576  frames=155  σ=0.0  fold=3 ===
  OSC: k_hat=3  ACC=1.0000  NMI=1.0000  ARI=1.0000  0.4s

=== P1L_S1_C1 train[3] k=3  dim=576  frames=198  σ=0.0  fold=3 ===
  OSC: k_hat=3  ACC=0.7323  NMI=0.6955  ARI=0.5444  0.6s

=== P1L_S1_C1 train[4] k=3  dim=576  frames=166  σ=0.0  fold=3 ===
  OSC: k_hat=3  ACC=1.0000  NMI=1.0000  ARI=1.0000  0.5s

=== P1L_S1_C1 train[5] k=3  dim=576  frames=116  σ=0.0  fold=3 ===
  OSC: k_hat=3  ACC=0.5517  NMI=0.5057  ARI=0.3338  0.3s

=== P1L_S1_C1 train[6] k=3  dim=576  frames=175  σ=0.0  fold=3 ===
  OSC: k_hat=3  ACC=1.0000  NMI=1.0000  ARI=1.0000  0.5s

=== P1L_S1_C2 train[0] k=3  dim=576  frames=186  σ=0.0  fold=3 ===
  OSC: k_hat=3  ACC=0.8118  NMI=0.6805  ARI=0.5511  0.6s

=== P1L_S1_C2 train[1] k=3  dim=576  frames=137  σ=0.0  fold=3 ===
  OSC: k_hat=3  ACC=1.0000  NMI=1.0000  ARI=1.0000  0.4s

=== P1L_S1_C2 train[2] k=3  dim=576  frames=147  σ=0.0  fold=3 ===
  OSC: k_hat=3  ACC=1.0000  NMI=1.0000  ARI=1.0000  0.4s

=== P1L_S1_C2 train[3] k=3  dim=576  frames=128  σ=0.0  fold=3 ===
  OSC: k_hat=3  ACC=0.5625  NMI=0.6666  ARI=0.4689  0.3s

=== P1L_S1_C2 train[4] k=3  dim=576  frames=154  σ=0.0  fold=3 ===
  OSC: k_hat=3  ACC=0.5065  NMI=0.6566  ARI=0.4500  0.4s

=== P1L_S1_C2 train[5] k=3  dim=576  frames=142  σ=0.0  fold=3 ===
  OSC: k_hat=3  ACC=0.5352  NMI=0.6225  ARI=0.4110  0.4s

=== P1L_S1_C2 train[6] k=3  dim=576  frames=168  σ=0.0  fold=3 ===
  OSC: k_hat=3  ACC=1.0000  NMI=1.0000  ARI=1.0000  0.5s

=== P1L_S1_C3 train[0] k=3  dim=576  frames=60  σ=0.0  fold=3 ===
  OSC: k_hat=3  ACC=0.5167  NMI=0.6515  ARI=0.4364  0.1s

=== P1L_S1_C3 train[1] k=3  dim=576  frames=68  σ=0.0  fold=3 ===
  OSC: k_hat=3  ACC=1.0000  NMI=1.0000  ARI=1.0000  0.1s

=== P1L_S1_C3 train[2] k=3  dim=576  frames=65  σ=0.0  fold=3 ===
  OSC: k_hat=3  ACC=1.0000  NMI=1.0000  ARI=1.0000  0.1s

=== P1L_S1_C3 train[3] k=3  dim=576  frames=73  σ=0.0  fold=3 ===
  OSC: k_hat=3  ACC=0.6164  NMI=0.6644  ARI=0.4742  0.1s

=== P1L_S1_C3 train[4] k=3  dim=576  frames=64  σ=0.0  fold=3 ===
  OSC: k_hat=3  ACC=0.8438  NMI=0.7524  ARI=0.6573  0.1s

=== P1L_S1_C3 train[5] k=3  dim=576  frames=63  σ=0.0  fold=3 ===
  OSC: k_hat=3  ACC=0.6190  NMI=0.6736  ARI=0.5014  0.1s

=== P1L_S1_C3 train[6] k=3  dim=576  frames=75  σ=0.0  fold=3 ===
  OSC: k_hat=3  ACC=0.9867  NMI=0.9474  ARI=0.9569  0.1s

=== P1L_S2_C1 train[0] k=3  dim=576  frames=211  σ=0.0  fold=3 ===
  OSC: k_hat=3  ACC=0.8341  NMI=0.7323  ARI=0.6256  0.6s

=== P1L_S2_C1 train[1] k=3  dim=576  frames=190  σ=0.0  fold=3 ===
  OSC: k_hat=3  ACC=0.7211  NMI=0.6714  ARI=0.4890  0.5s

=== P1L_S2_C1 train[2] k=3  dim=576  frames=180  σ=0.0  fold=3 ===
  OSC: k_hat=3  ACC=1.0000  NMI=1.0000  ARI=1.0000  0.5s

=== P1L_S2_C1 train[3] k=3  dim=576  frames=172  σ=0.0  fold=3 ===
  OSC: k_hat=3  ACC=1.0000  NMI=1.0000  ARI=1.0000  0.5s

=== P1L_S2_C1 train[4] k=3  dim=576  frames=179  σ=0.0  fold=3 ===
  OSC: k_hat=3  ACC=1.0000  NMI=1.0000  ARI=1.0000  0.5s

=== P1L_S2_C1 train[5] k=3  dim=576  frames=180  σ=0.0  fold=3 ===
  OSC: k_hat=3  ACC=0.4944  NMI=0.2578  ARI=0.0592  0.5s

=== P1L_S2_C1 train[6] k=3  dim=576  frames=133  σ=0.0  fold=3 ===
  OSC: k_hat=3  ACC=1.0000  NMI=1.0000  ARI=1.0000  0.3s

=== P1L_S2_C2 train[0] k=3  dim=576  frames=194  σ=0.0  fold=3 ===
  OSC: k_hat=3  ACC=0.7990  NMI=0.6607  ARI=0.5018  0.5s

=== P1L_S2_C2 train[1] k=3  dim=576  frames=155  σ=0.0  fold=3 ===
  OSC: k_hat=3  ACC=1.0000  NMI=1.0000  ARI=1.0000  0.4s

=== P1L_S2_C2 train[2] k=3  dim=576  frames=134  σ=0.0  fold=3 ===
  OSC: k_hat=3  ACC=1.0000  NMI=1.0000  ARI=1.0000  0.3s

=== P1L_S2_C2 train[3] k=3  dim=576  frames=201  σ=0.0  fold=3 ===
  OSC: k_hat=3  ACC=0.9900  NMI=0.9582  ARI=0.9683  0.6s

=== P1L_S2_C2 train[4] k=3  dim=576  frames=171  σ=0.0  fold=3 ===
  OSC: k_hat=3  ACC=0.8363  NMI=0.7362  ARI=0.6178  0.4s

=== P1L_S2_C2 train[5] k=3  dim=576  frames=160  σ=0.0  fold=3 ===
  OSC: k_hat=3  ACC=0.8000  NMI=0.7446  ARI=0.6793  0.4s

=== P1L_S2_C2 train[6] k=3  dim=576  frames=154  σ=0.0  fold=3 ===
  OSC: k_hat=3  ACC=1.0000  NMI=1.0000  ARI=1.0000  0.4s

=== P1L_S2_C3 train[0] k=3  dim=576  frames=119  σ=0.0  fold=3 ===
  OSC: k_hat=3  ACC=1.0000  NMI=1.0000  ARI=1.0000  0.2s

=== P1L_S2_C3 train[1] k=3  dim=576  frames=101  σ=0.0  fold=3 ===
  OSC: k_hat=3  ACC=1.0000  NMI=1.0000  ARI=1.0000  0.2s

=== P1L_S2_C3 train[2] k=3  dim=576  frames=85  σ=0.0  fold=3 ===
  OSC: k_hat=3  ACC=1.0000  NMI=1.0000  ARI=1.0000  0.1s

=== P1L_S2_C3 train[3] k=3  dim=576  frames=126  σ=0.0  fold=3 ===
  OSC: k_hat=3  ACC=0.8333  NMI=0.7360  ARI=0.6161  0.3s

=== P1L_S2_C3 train[4] k=3  dim=576  frames=102  σ=0.0  fold=3 ===
  OSC: k_hat=3  ACC=0.5392  NMI=0.6485  ARI=0.4410  0.2s

=== P1L_S2_C3 train[5] k=3  dim=576  frames=121  σ=0.0  fold=3 ===
  OSC: k_hat=3  ACC=0.9174  NMI=0.8252  ARI=0.8067  0.2s

=== P1L_S2_C3 train[6] k=3  dim=576  frames=99  σ=0.0  fold=3 ===
  OSC: k_hat=3  ACC=0.9697  NMI=0.9066  ARI=0.9152  0.2s

=== P1L_S3_C1 train[0] k=3  dim=576  frames=156  σ=0.0  fold=3 ===
  OSC: k_hat=3  ACC=0.4872  NMI=0.3228  ARI=0.0821  0.4s

=== P1L_S3_C1 train[1] k=3  dim=576  frames=120  σ=0.0  fold=3 ===
  OSC: k_hat=3  ACC=1.0000  NMI=1.0000  ARI=1.0000  0.2s

=== P1L_S3_C1 train[2] k=3  dim=576  frames=185  σ=0.0  fold=3 ===
  OSC: k_hat=3  ACC=0.9351  NMI=0.8421  ARI=0.8204  0.5s

=== P1L_S3_C1 train[3] k=3  dim=576  frames=159  σ=0.0  fold=3 ===
  OSC: k_hat=3  ACC=0.9245  NMI=0.7727  ARI=0.7932  0.4s

=== P1L_S3_C1 train[4] k=3  dim=576  frames=172  σ=0.0  fold=3 ===
  OSC: k_hat=3  ACC=0.8779  NMI=0.7752  ARI=0.6999  0.5s

=== P1L_S3_C1 train[5] k=3  dim=576  frames=176  σ=0.0  fold=3 ===
  OSC: k_hat=3  ACC=0.6818  NMI=0.6189  ARI=0.3972  0.5s

=== P1L_S3_C1 train[6] k=3  dim=576  frames=134  σ=0.0  fold=3 ===
  OSC: k_hat=3  ACC=1.0000  NMI=1.0000  ARI=1.0000  0.3s

=== P1L_S3_C2 train[0] k=3  dim=576  frames=185  σ=0.0  fold=3 ===
  OSC: k_hat=3  ACC=0.9730  NMI=0.9116  ARI=0.9170  0.5s

=== P1L_S3_C2 train[1] k=3  dim=576  frames=125  σ=0.0  fold=3 ===
  OSC: k_hat=3  ACC=0.8560  NMI=0.7657  ARI=0.7000  0.3s

=== P1L_S3_C2 train[2] k=3  dim=576  frames=166  σ=0.0  fold=3 ===
  OSC: k_hat=3  ACC=1.0000  NMI=1.0000  ARI=1.0000  0.5s

=== P1L_S3_C2 train[3] k=3  dim=576  frames=168  σ=0.0  fold=3 ===
  OSC: k_hat=3  ACC=0.6488  NMI=0.6705  ARI=0.5211  0.5s

=== P1L_S3_C2 train[4] k=3  dim=576  frames=187  σ=0.0  fold=3 ===
  OSC: k_hat=3  ACC=0.5508  NMI=0.6596  ARI=0.4583  0.5s

=== P1L_S3_C2 train[5] k=3  dim=576  frames=229  σ=0.0  fold=3 ===
  OSC: k_hat=3  ACC=0.5109  NMI=0.6332  ARI=0.4399  0.7s

=== P1L_S3_C2 train[6] k=3  dim=576  frames=136  σ=0.0  fold=3 ===
  OSC: k_hat=3  ACC=1.0000  NMI=1.0000  ARI=1.0000  0.3s

=== P1L_S3_C3 train[0] k=3  dim=576  frames=151  σ=0.0  fold=3 ===
  OSC: k_hat=3  ACC=0.9934  NMI=0.9677  ARI=0.9795  0.4s

=== P1L_S3_C3 train[1] k=3  dim=576  frames=118  σ=0.0  fold=3 ===
  OSC: k_hat=3  ACC=0.8983  NMI=0.7946  ARI=0.7354  0.3s

=== P1L_S3_C3 train[2] k=3  dim=576  frames=121  σ=0.0  fold=3 ===
  OSC: k_hat=3  ACC=1.0000  NMI=1.0000  ARI=1.0000  0.3s

=== P1L_S3_C3 train[3] k=3  dim=576  frames=134  σ=0.0  fold=3 ===
  OSC: k_hat=3  ACC=0.8507  NMI=0.7327  ARI=0.6091  0.3s

=== P1L_S3_C3 train[4] k=3  dim=576  frames=110  σ=0.0  fold=3 ===
  OSC: k_hat=3  ACC=0.8636  NMI=0.7613  ARI=0.6732  0.2s

=== P1L_S3_C3 train[5] k=3  dim=576  frames=161  σ=0.0  fold=3 ===
  OSC: k_hat=3  ACC=0.8323  NMI=0.7023  ARI=0.6433  0.4s

=== P1L_S3_C3 train[6] k=3  dim=576  frames=114  σ=0.0  fold=3 ===
  OSC: k_hat=3  ACC=0.9912  NMI=0.9630  ARI=0.9763  0.2s

=== P1L_S4_C1 train[0] k=3  dim=576  frames=200  σ=0.0  fold=3 ===
  OSC: k_hat=3  ACC=0.9550  NMI=0.8749  ARI=0.8713  0.6s

=== P1L_S4_C1 train[1] k=3  dim=576  frames=157  σ=0.0  fold=3 ===
  OSC: k_hat=3  ACC=1.0000  NMI=1.0000  ARI=1.0000  0.4s

=== P1L_S4_C1 train[2] k=3  dim=576  frames=154  σ=0.0  fold=3 ===
  OSC: k_hat=3  ACC=1.0000  NMI=1.0000  ARI=1.0000  0.4s

=== P1L_S4_C1 train[3] k=3  dim=576  frames=142  σ=0.0  fold=3 ===
  OSC: k_hat=3  ACC=1.0000  NMI=1.0000  ARI=1.0000  0.4s

=== P1L_S4_C1 train[4] k=3  dim=576  frames=164  σ=0.0  fold=3 ===
  OSC: k_hat=3  ACC=0.9939  NMI=0.9723  ARI=0.9819  0.5s

=== P1L_S4_C1 train[5] k=3  dim=576  frames=187  σ=0.0  fold=3 ===
  OSC: k_hat=3  ACC=0.5989  NMI=0.4784  ARI=0.3177  0.5s

=== P1L_S4_C1 train[6] k=3  dim=576  frames=202  σ=0.0  fold=3 ===
  OSC: k_hat=3  ACC=1.0000  NMI=1.0000  ARI=1.0000  0.6s

=== P1L_S4_C2 train[0] k=3  dim=576  frames=157  σ=0.0  fold=3 ===
  OSC: k_hat=3  ACC=0.7771  NMI=0.6675  ARI=0.4827  0.4s

=== P1L_S4_C2 train[1] k=3  dim=576  frames=149  σ=0.0  fold=3 ===
  OSC: k_hat=3  ACC=0.9195  NMI=0.8124  ARI=0.7623  0.4s

=== P1L_S4_C2 train[2] k=3  dim=576  frames=175  σ=0.0  fold=3 ===
  OSC: k_hat=3  ACC=1.0000  NMI=1.0000  ARI=1.0000  0.5s

=== P1L_S4_C2 train[3] k=3  dim=576  frames=154  σ=0.0  fold=3 ===
  OSC: k_hat=3  ACC=1.0000  NMI=1.0000  ARI=1.0000  0.4s

=== P1L_S4_C2 train[4] k=3  dim=576  frames=152  σ=0.0  fold=3 ===
  OSC: k_hat=3  ACC=0.8618  NMI=0.7611  ARI=0.6804  0.4s

=== P1L_S4_C2 train[5] k=3  dim=576  frames=169  σ=0.0  fold=3 ===
  OSC: k_hat=3  ACC=0.5976  NMI=0.6663  ARI=0.4796  0.5s

=== P1L_S4_C2 train[6] k=3  dim=576  frames=153  σ=0.0  fold=3 ===
  OSC: k_hat=3  ACC=0.9869  NMI=0.9501  ARI=0.9666  0.4s

=== P1L_S4_C3 train[0] k=3  dim=576  frames=96  σ=0.0  fold=3 ===
  OSC: k_hat=3  ACC=1.0000  NMI=1.0000  ARI=1.0000  0.2s

=== P1L_S4_C3 train[1] k=3  dim=576  frames=107  σ=0.0  fold=3 ===
  OSC: k_hat=3  ACC=1.0000  NMI=1.0000  ARI=1.0000  0.2s

=== P1L_S4_C3 train[2] k=3  dim=576  frames=94  σ=0.0  fold=3 ===
  OSC: k_hat=3  ACC=1.0000  NMI=1.0000  ARI=1.0000  0.2s

=== P1L_S4_C3 train[3] k=3  dim=576  frames=112  σ=0.0  fold=3 ===
  OSC: k_hat=3  ACC=0.8036  NMI=0.7211  ARI=0.5862  0.2s

=== P1L_S4_C3 train[4] k=3  dim=576  frames=103  σ=0.0  fold=3 ===
  OSC: k_hat=3  ACC=0.5437  NMI=0.6400  ARI=0.4309  0.2s

=== P1L_S4_C3 train[5] k=3  dim=576  frames=105  σ=0.0  fold=3 ===
  OSC: k_hat=3  ACC=0.5429  NMI=0.6577  ARI=0.4521  0.3s

=== P1L_S4_C3 train[6] k=3  dim=576  frames=107  σ=0.0  fold=3 ===
  OSC: k_hat=3  ACC=0.9813  NMI=0.9338  ARI=0.9463  0.3s

=== P1E_S1_C1 test[0] k=3  dim=576  frames=140  σ=0.0  fold=3 ===
  OSC: k_hat=3  ACC=0.9357  NMI=0.8323  ARI=0.7981  0.4s

=== P1E_S1_C2 test[0] k=3  dim=576  frames=138  σ=0.0  fold=3 ===
  OSC: k_hat=3  ACC=0.6377  NMI=0.6117  ARI=0.4601  0.4s

=== P1E_S1_C3 test[0] k=3  dim=576  frames=61  σ=0.0  fold=3 ===
  OSC: k_hat=3  ACC=0.5902  NMI=0.5667  ARI=0.4032  0.1s

=== P1E_S2_C1 test[0] k=3  dim=576  frames=180  σ=0.0  fold=3 ===
  OSC: k_hat=3  ACC=0.7278  NMI=0.6529  ARI=0.5009  0.5s

=== P1E_S2_C2 test[0] k=3  dim=576  frames=144  σ=0.0  fold=3 ===
  OSC: k_hat=3  ACC=0.9375  NMI=0.8481  ARI=0.8303  0.4s

=== P1E_S2_C3 test[0] k=3  dim=576  frames=112  σ=0.0  fold=3 ===
  OSC: k_hat=3  ACC=0.5357  NMI=0.5953  ARI=0.4243  0.3s

=== P1E_S3_C1 test[0] k=3  dim=576  frames=161  σ=0.0  fold=3 ===
  OSC: k_hat=3  ACC=0.8012  NMI=0.7186  ARI=0.5943  0.5s

=== P1E_S3_C2 test[0] k=3  dim=576  frames=168  σ=0.0  fold=3 ===
  OSC: k_hat=3  ACC=0.6905  NMI=0.6422  ARI=0.4322  0.5s

=== P1E_S3_C3 test[0] k=3  dim=576  frames=125  σ=0.0  fold=3 ===
  OSC: k_hat=3  ACC=0.7440  NMI=0.6711  ARI=0.4831  0.3s

=== P1E_S4_C1 test[0] k=3  dim=576  frames=182  σ=0.0  fold=3 ===
  OSC: k_hat=3  ACC=0.8681  NMI=0.7446  ARI=0.6754  0.6s

=== P1E_S4_C2 test[0] k=3  dim=576  frames=126  σ=0.0  fold=3 ===
  OSC: k_hat=3  ACC=1.0000  NMI=1.0000  ARI=1.0000  0.3s

=== P1E_S4_C3 test[0] k=3  dim=576  frames=105  σ=0.0  fold=3 ===
  OSC: k_hat=3  ACC=0.5524  NMI=0.5912  ARI=0.4118  0.3s

=== P1L_S1_C1 test[0] k=3  dim=576  frames=182  σ=0.0  fold=3 ===
  OSC: k_hat=3  ACC=1.0000  NMI=1.0000  ARI=1.0000  0.6s

=== P1L_S1_C2 test[0] k=3  dim=576  frames=181  σ=0.0  fold=3 ===
  OSC: k_hat=3  ACC=0.8287  NMI=0.7245  ARI=0.5963  0.6s

=== P1L_S1_C3 test[0] k=3  dim=576  frames=74  σ=0.0  fold=3 ===
  OSC: k_hat=3  ACC=0.5811  NMI=0.6652  ARI=0.4654  0.2s

=== P1L_S2_C1 test[0] k=3  dim=576  frames=177  σ=0.0  fold=3 ===
  OSC: k_hat=3  ACC=0.8305  NMI=0.6528  ARI=0.5780  0.5s

=== P1L_S2_C2 test[0] k=3  dim=576  frames=186  σ=0.0  fold=3 ===
  OSC: k_hat=3  ACC=0.9839  NMI=0.9417  ARI=0.9571  0.6s

=== P1L_S2_C3 test[0] k=3  dim=576  frames=112  σ=0.0  fold=3 ===
  OSC: k_hat=3  ACC=0.5714  NMI=0.6638  ARI=0.4653  0.3s

=== P1L_S3_C1 test[0] k=3  dim=576  frames=156  σ=0.0  fold=3 ===
  OSC: k_hat=3  ACC=0.6346  NMI=0.6784  ARI=0.5044  0.4s

=== P1L_S3_C2 test[0] k=3  dim=576  frames=209  σ=0.0  fold=3 ===
  OSC: k_hat=3  ACC=0.7608  NMI=0.5521  ARI=0.4500  0.7s

=== P1L_S3_C3 test[0] k=3  dim=576  frames=142  σ=0.0  fold=3 ===
  OSC: k_hat=3  ACC=1.0000  NMI=1.0000  ARI=1.0000  0.4s

=== P1L_S4_C1 test[0] k=3  dim=576  frames=168  σ=0.0  fold=3 ===
  OSC: k_hat=3  ACC=0.7262  NMI=0.6963  ARI=0.5455  0.5s

=== P1L_S4_C2 test[0] k=3  dim=576  frames=168  σ=0.0  fold=3 ===
  OSC: k_hat=3  ACC=0.8571  NMI=0.7372  ARI=0.6347  0.5s

=== P1L_S4_C3 test[0] k=3  dim=576  frames=117  σ=0.0  fold=3 ===
  OSC: k_hat=3  ACC=0.7009  NMI=0.6970  ARI=0.5517  0.3s
  tune_pool_groups=20: sampling from 22 held-in people (overlap allowed) instead of the 7 fixed partition group(s)

============================================================
σ=0.0 fold=4  test=['0001', '0011', '0023']  train mats=168  test mats=24  tune mats=480
  --- tune OSC over 480 train mats  n_trials=20 (2 params) ---
  OSC trial 0: mean ARI=0.7691  n=480  166.0s  lambda_1=0.1, lambda_2=0.1
  OSC trial 1: mean ARI=0.7656  n=480  165.5s  lambda_1=0.1568, lambda_2=0.7257
  OSC trial 2: mean ARI=0.7601  n=480  165.3s  lambda_1=0.2577, lambda_2=0.1512
  OSC trial 3: mean ARI=0.7746  n=480  165.7s  lambda_1=0.0495, lambda_2=0.3833
  OSC trial 4: mean ARI=0.7728  n=480  166.3s  lambda_1=0.05628, lambda_2=3.691
  OSC trial 5: mean ARI=0.0036  n=480  162.2s  lambda_1=7.156, lambda_2=0.03418
  OSC trial 6: mean ARI=0.0036  n=480  160.8s  lambda_1=1.469, lambda_2=0.1305
  OSC trial 7: mean ARI=0.7641  n=480  166.6s  lambda_1=0.1871, lambda_2=5.039
  OSC trial 8: mean ARI=0.7816  n=480  173.7s  lambda_1=0.001924, lambda_2=0.002231
  OSC trial 9: mean ARI=0.7812  n=480  163.9s  lambda_1=0.001205, lambda_2=2.14
  OSC trial 10: mean ARI=0.7828  n=480  173.2s  lambda_1=0.001206, lambda_2=0.001369
  OSC trial 11: mean ARI=0.7828  n=480  173.4s  lambda_1=0.001211, lambda_2=0.001203
  OSC trial 12: mean ARI=0.7777  n=480  172.6s  lambda_1=0.007272, lambda_2=0.001044
  OSC trial 13: mean ARI=0.7777  n=480  173.4s  lambda_1=0.006333, lambda_2=0.005996
  OSC trial 14: mean ARI=0.7785  n=480  172.7s  lambda_1=0.008941, lambda_2=0.0121
  OSC trial 15: mean ARI=0.7828  n=480  173.1s  lambda_1=0.001025, lambda_2=0.003846
  OSC trial 16: mean ARI=0.7802  n=480  172.1s  lambda_1=0.00365, lambda_2=0.006507
  OSC trial 17: mean ARI=0.7773  n=480  170.9s  lambda_1=0.01722, lambda_2=0.01989
  OSC trial 18: mean ARI=0.7803  n=480  172.2s  lambda_1=0.003076, lambda_2=0.003382
  OSC trial 19: mean ARI=0.7759  n=480  168.2s  lambda_1=0.02083, lambda_2=0.04907
    best mean ARI=0.7828  tune 3378.1s  lambda_1=0.001025, lambda_2=0.003846
  wrote /nfs/turbo/umms-minjilab/lpullela/icassp_ssc_tv2/block_ssc_benchmark/cv/params/surveillance/split_k3_clean_min30_trials20_knownk_scaled_params_cv_osc_k3_sigma0_sigma0_fold4.json

=== P1E_S1_C1 train[0] k=3  dim=576  frames=146  σ=0.0  fold=4 ===
  OSC: k_hat=3  ACC=0.9178  NMI=0.7994  ARI=0.7432  0.4s

=== P1E_S1_C1 train[1] k=3  dim=576  frames=153  σ=0.0  fold=4 ===
  OSC: k_hat=3  ACC=0.9673  NMI=0.9007  ARI=0.9048  0.4s

=== P1E_S1_C1 train[2] k=3  dim=576  frames=130  σ=0.0  fold=4 ===
  OSC: k_hat=3  ACC=1.0000  NMI=1.0000  ARI=1.0000  0.3s

=== P1E_S1_C1 train[3] k=3  dim=576  frames=140  σ=0.0  fold=4 ===
  OSC: k_hat=3  ACC=0.9357  NMI=0.8323  ARI=0.7981  0.4s

=== P1E_S1_C1 train[4] k=3  dim=576  frames=151  σ=0.0  fold=4 ===
  OSC: k_hat=3  ACC=0.6026  NMI=0.6703  ARI=0.4826  0.4s

=== P1E_S1_C1 train[5] k=3  dim=576  frames=140  σ=0.0  fold=4 ===
  OSC: k_hat=3  ACC=0.8786  NMI=0.7789  ARI=0.7106  0.4s

=== P1E_S1_C1 train[6] k=3  dim=576  frames=171  σ=0.0  fold=4 ===
  OSC: k_hat=3  ACC=0.9357  NMI=0.8467  ARI=0.8312  0.5s

=== P1E_S1_C2 train[0] k=3  dim=576  frames=147  σ=0.0  fold=4 ===
  OSC: k_hat=3  ACC=0.9932  NMI=0.9693  ARI=0.9802  0.4s

=== P1E_S1_C2 train[1] k=3  dim=576  frames=115  σ=0.0  fold=4 ===
  OSC: k_hat=3  ACC=0.9913  NMI=0.9622  ARI=0.9715  0.3s

=== P1E_S1_C2 train[2] k=3  dim=576  frames=104  σ=0.0  fold=4 ===
  OSC: k_hat=3  ACC=1.0000  NMI=1.0000  ARI=1.0000  0.2s

=== P1E_S1_C2 train[3] k=3  dim=576  frames=138  σ=0.0  fold=4 ===
  OSC: k_hat=3  ACC=0.6377  NMI=0.6117  ARI=0.4601  0.3s

=== P1E_S1_C2 train[4] k=3  dim=576  frames=122  σ=0.0  fold=4 ===
  OSC: k_hat=3  ACC=0.5410  NMI=0.6594  ARI=0.4560  0.3s

=== P1E_S1_C2 train[5] k=3  dim=576  frames=122  σ=0.0  fold=4 ===
  OSC: k_hat=3  ACC=0.9426  NMI=0.8571  ARI=0.8532  0.3s

=== P1E_S1_C2 train[6] k=3  dim=576  frames=134  σ=0.0  fold=4 ===
  OSC: k_hat=3  ACC=0.9851  NMI=0.9443  ARI=0.9564  0.4s

=== P1E_S1_C3 train[0] k=3  dim=576  frames=58  σ=0.0  fold=4 ===
  OSC: k_hat=3  ACC=0.9483  NMI=0.8578  ARI=0.8376  0.1s

=== P1E_S1_C3 train[1] k=3  dim=576  frames=56  σ=0.0  fold=4 ===
  OSC: k_hat=3  ACC=0.9821  NMI=0.9328  ARI=0.9451  0.1s

=== P1E_S1_C3 train[2] k=3  dim=576  frames=47  σ=0.0  fold=4 ===
  OSC: k_hat=3  ACC=1.0000  NMI=1.0000  ARI=1.0000  0.1s

=== P1E_S1_C3 train[3] k=3  dim=576  frames=61  σ=0.0  fold=4 ===
  OSC: k_hat=3  ACC=0.5902  NMI=0.5667  ARI=0.4032  0.1s

=== P1E_S1_C3 train[4] k=3  dim=576  frames=55  σ=0.0  fold=4 ===
  OSC: k_hat=3  ACC=1.0000  NMI=1.0000  ARI=1.0000  0.1s

=== P1E_S1_C3 train[5] k=3  dim=576  frames=51  σ=0.0  fold=4 ===
  OSC: k_hat=3  ACC=0.9412  NMI=0.8560  ARI=0.8447  0.1s

=== P1E_S1_C3 train[6] k=3  dim=576  frames=69  σ=0.0  fold=4 ===
  OSC: k_hat=3  ACC=0.9565  NMI=0.8541  ARI=0.8698  0.2s

=== P1E_S2_C1 train[0] k=3  dim=576  frames=167  σ=0.0  fold=4 ===
  OSC: k_hat=3  ACC=0.8862  NMI=0.7810  ARI=0.7093  0.5s

=== P1E_S2_C1 train[1] k=3  dim=576  frames=151  σ=0.0  fold=4 ===
  OSC: k_hat=3  ACC=0.8278  NMI=0.6837  ARI=0.5812  0.4s

=== P1E_S2_C1 train[2] k=3  dim=576  frames=136  σ=0.0  fold=4 ===
  OSC: k_hat=3  ACC=0.8971  NMI=0.7907  ARI=0.7297  0.4s

=== P1E_S2_C1 train[3] k=3  dim=576  frames=180  σ=0.0  fold=4 ===
  OSC: k_hat=3  ACC=0.7278  NMI=0.6529  ARI=0.5009  0.6s

=== P1E_S2_C1 train[4] k=3  dim=576  frames=124  σ=0.0  fold=4 ===
  OSC: k_hat=3  ACC=0.5806  NMI=0.6673  ARI=0.4713  0.3s

=== P1E_S2_C1 train[5] k=3  dim=576  frames=161  σ=0.0  fold=4 ===
  OSC: k_hat=3  ACC=0.8012  NMI=0.6951  ARI=0.5830  0.5s

=== P1E_S2_C1 train[6] k=3  dim=576  frames=153  σ=0.0  fold=4 ===
  OSC: k_hat=3  ACC=0.5621  NMI=0.5800  ARI=0.4103  0.4s

=== P1E_S2_C2 train[0] k=3  dim=576  frames=146  σ=0.0  fold=4 ===
  OSC: k_hat=3  ACC=0.9384  NMI=0.8138  ARI=0.8157  0.4s

=== P1E_S2_C2 train[1] k=3  dim=576  frames=115  σ=0.0  fold=4 ===
  OSC: k_hat=3  ACC=1.0000  NMI=1.0000  ARI=1.0000  0.3s

=== P1E_S2_C2 train[2] k=3  dim=576  frames=109  σ=0.0  fold=4 ===
  OSC: k_hat=3  ACC=0.9908  NMI=0.9619  ARI=0.9735  0.3s

=== P1E_S2_C2 train[3] k=3  dim=576  frames=144  σ=0.0  fold=4 ===
  OSC: k_hat=3  ACC=0.9375  NMI=0.8481  ARI=0.8303  0.4s

=== P1E_S2_C2 train[4] k=3  dim=576  frames=109  σ=0.0  fold=4 ===
  OSC: k_hat=3  ACC=0.6972  NMI=0.6941  ARI=0.5482  0.3s

=== P1E_S2_C2 train[5] k=3  dim=576  frames=128  σ=0.0  fold=4 ===
  OSC: k_hat=3  ACC=0.5938  NMI=0.6585  ARI=0.4635  0.3s

=== P1E_S2_C2 train[6] k=3  dim=576  frames=126  σ=0.0  fold=4 ===
  OSC: k_hat=3  ACC=0.9841  NMI=0.9413  ARI=0.9532  0.3s

=== P1E_S2_C3 train[0] k=3  dim=576  frames=113  σ=0.0  fold=4 ===
  OSC: k_hat=3  ACC=1.0000  NMI=1.0000  ARI=1.0000  0.3s

=== P1E_S2_C3 train[1] k=3  dim=576  frames=88  σ=0.0  fold=4 ===
  OSC: k_hat=3  ACC=0.9773  NMI=0.9225  ARI=0.9324  0.2s

=== P1E_S2_C3 train[2] k=3  dim=576  frames=90  σ=0.0  fold=4 ===
  OSC: k_hat=3  ACC=1.0000  NMI=1.0000  ARI=1.0000  0.2s

=== P1E_S2_C3 train[3] k=3  dim=576  frames=112  σ=0.0  fold=4 ===
  OSC: k_hat=3  ACC=0.5357  NMI=0.5953  ARI=0.4243  0.3s

=== P1E_S2_C3 train[4] k=3  dim=576  frames=87  σ=0.0  fold=4 ===
  OSC: k_hat=3  ACC=0.6092  NMI=0.6683  ARI=0.4793  0.2s

=== P1E_S2_C3 train[5] k=3  dim=576  frames=105  σ=0.0  fold=4 ===
  OSC: k_hat=3  ACC=0.9714  NMI=0.8926  ARI=0.9125  0.3s

=== P1E_S2_C3 train[6] k=3  dim=576  frames=89  σ=0.0  fold=4 ===
  OSC: k_hat=3  ACC=0.9775  NMI=0.9248  ARI=0.9383  0.2s

=== P1E_S3_C1 train[0] k=3  dim=576  frames=166  σ=0.0  fold=4 ===
  OSC: k_hat=3  ACC=0.8313  NMI=0.6872  ARI=0.5715  0.5s

=== P1E_S3_C1 train[1] k=3  dim=576  frames=139  σ=0.0  fold=4 ===
  OSC: k_hat=3  ACC=0.7338  NMI=0.6984  ARI=0.5493  0.4s

=== P1E_S3_C1 train[2] k=3  dim=576  frames=134  σ=0.0  fold=4 ===
  OSC: k_hat=3  ACC=0.7985  NMI=0.6452  ARI=0.5289  0.4s

=== P1E_S3_C1 train[3] k=3  dim=576  frames=161  σ=0.0  fold=4 ===
  OSC: k_hat=3  ACC=0.8012  NMI=0.7186  ARI=0.5943  0.5s

=== P1E_S3_C1 train[4] k=3  dim=576  frames=123  σ=0.0  fold=4 ===
  OSC: k_hat=3  ACC=0.5203  NMI=0.4254  ARI=0.2446  0.3s

=== P1E_S3_C1 train[5] k=3  dim=576  frames=204  σ=0.0  fold=4 ===
  OSC: k_hat=3  ACC=0.7206  NMI=0.7092  ARI=0.5882  0.7s

=== P1E_S3_C1 train[6] k=3  dim=576  frames=112  σ=0.0  fold=4 ===
  OSC: k_hat=3  ACC=0.5804  NMI=0.6590  ARI=0.4608  0.3s

=== P1E_S3_C2 train[0] k=3  dim=576  frames=147  σ=0.0  fold=4 ===
  OSC: k_hat=3  ACC=0.8639  NMI=0.7374  ARI=0.6181  0.4s

=== P1E_S3_C2 train[1] k=3  dim=576  frames=120  σ=0.0  fold=4 ===
  OSC: k_hat=3  ACC=0.6750  NMI=0.6671  ARI=0.4773  0.3s

=== P1E_S3_C2 train[2] k=3  dim=576  frames=112  σ=0.0  fold=4 ===
  OSC: k_hat=3  ACC=0.9554  NMI=0.8723  ARI=0.8616  0.3s

=== P1E_S3_C2 train[3] k=3  dim=576  frames=168  σ=0.0  fold=4 ===
  OSC: k_hat=3  ACC=0.6905  NMI=0.6422  ARI=0.4322  0.5s

=== P1E_S3_C2 train[4] k=3  dim=576  frames=107  σ=0.0  fold=4 ===
  OSC: k_hat=3  ACC=0.5888  NMI=0.6662  ARI=0.4710  0.2s

=== P1E_S3_C2 train[5] k=3  dim=576  frames=146  σ=0.0  fold=4 ===
  OSC: k_hat=3  ACC=0.6507  NMI=0.6149  ARI=0.3702  0.4s

=== P1E_S3_C2 train[6] k=3  dim=576  frames=114  σ=0.0  fold=4 ===
  OSC: k_hat=3  ACC=0.9912  NMI=0.9609  ARI=0.9730  0.3s

=== P1E_S3_C3 train[0] k=3  dim=576  frames=105  σ=0.0  fold=4 ===
  OSC: k_hat=3  ACC=1.0000  NMI=1.0000  ARI=1.0000  0.2s

=== P1E_S3_C3 train[1] k=3  dim=576  frames=89  σ=0.0  fold=4 ===
  OSC: k_hat=3  ACC=1.0000  NMI=1.0000  ARI=1.0000  0.2s

=== P1E_S3_C3 train[2] k=3  dim=576  frames=84  σ=0.0  fold=4 ===
  OSC: k_hat=3  ACC=1.0000  NMI=1.0000  ARI=1.0000  0.2s

=== P1E_S3_C3 train[3] k=3  dim=576  frames=125  σ=0.0  fold=4 ===
  OSC: k_hat=3  ACC=0.7440  NMI=0.6711  ARI=0.4831  0.3s

=== P1E_S3_C3 train[4] k=3  dim=576  frames=83  σ=0.0  fold=4 ===
  OSC: k_hat=3  ACC=1.0000  NMI=1.0000  ARI=1.0000  0.2s

=== P1E_S3_C3 train[5] k=3  dim=576  frames=129  σ=0.0  fold=4 ===
  OSC: k_hat=3  ACC=0.9845  NMI=0.9427  ARI=0.9553  0.3s

=== P1E_S3_C3 train[6] k=3  dim=576  frames=84  σ=0.0  fold=4 ===
  OSC: k_hat=3  ACC=0.9881  NMI=0.9523  ARI=0.9667  0.2s

=== P1E_S4_C1 train[0] k=3  dim=576  frames=158  σ=0.0  fold=4 ===
  OSC: k_hat=3  ACC=0.8734  NMI=0.7427  ARI=0.6331  0.4s

=== P1E_S4_C1 train[1] k=3  dim=576  frames=107  σ=0.0  fold=4 ===
  OSC: k_hat=3  ACC=1.0000  NMI=1.0000  ARI=1.0000  0.2s

=== P1E_S4_C1 train[2] k=3  dim=576  frames=155  σ=0.0  fold=4 ===
  OSC: k_hat=3  ACC=0.9613  NMI=0.8874  ARI=0.8853  0.4s

=== P1E_S4_C1 train[3] k=3  dim=576  frames=182  σ=0.0  fold=4 ===
  OSC: k_hat=3  ACC=0.8681  NMI=0.7446  ARI=0.6754  0.5s

=== P1E_S4_C1 train[4] k=3  dim=576  frames=133  σ=0.0  fold=4 ===
  OSC: k_hat=3  ACC=0.6466  NMI=0.6651  ARI=0.4918  0.3s

=== P1E_S4_C1 train[5] k=3  dim=576  frames=147  σ=0.0  fold=4 ===
  OSC: k_hat=3  ACC=0.5306  NMI=0.4811  ARI=0.3275  0.4s

=== P1E_S4_C1 train[6] k=3  dim=576  frames=145  σ=0.0  fold=4 ===
  OSC: k_hat=3  ACC=0.9931  NMI=0.9694  ARI=0.9805  0.4s

=== P1E_S4_C2 train[0] k=3  dim=576  frames=117  σ=0.0  fold=4 ===
  OSC: k_hat=3  ACC=0.9573  NMI=0.8552  ARI=0.8756  0.3s

=== P1E_S4_C2 train[1] k=3  dim=576  frames=125  σ=0.0  fold=4 ===
  OSC: k_hat=3  ACC=0.9920  NMI=0.9653  ARI=0.9759  0.3s

=== P1E_S4_C2 train[2] k=3  dim=576  frames=122  σ=0.0  fold=4 ===
  OSC: k_hat=3  ACC=1.0000  NMI=1.0000  ARI=1.0000  0.3s

=== P1E_S4_C2 train[3] k=3  dim=576  frames=126  σ=0.0  fold=4 ===
  OSC: k_hat=3  ACC=1.0000  NMI=1.0000  ARI=1.0000  0.3s

=== P1E_S4_C2 train[4] k=3  dim=576  frames=129  σ=0.0  fold=4 ===
  OSC: k_hat=3  ACC=0.5426  NMI=0.6602  ARI=0.4588  0.3s

=== P1E_S4_C2 train[5] k=3  dim=576  frames=146  σ=0.0  fold=4 ===
  OSC: k_hat=3  ACC=0.9589  NMI=0.8852  ARI=0.8877  0.4s

=== P1E_S4_C2 train[6] k=3  dim=576  frames=110  σ=0.0  fold=4 ===
  OSC: k_hat=3  ACC=0.9818  NMI=0.9362  ARI=0.9514  0.2s

=== P1E_S4_C3 train[0] k=3  dim=576  frames=90  σ=0.0  fold=4 ===
  OSC: k_hat=3  ACC=0.9778  NMI=0.9242  ARI=0.9338  0.2s

=== P1E_S4_C3 train[1] k=3  dim=576  frames=64  σ=0.0  fold=4 ===
  OSC: k_hat=3  ACC=0.9844  NMI=0.9424  ARI=0.9536  0.1s

=== P1E_S4_C3 train[2] k=3  dim=576  frames=85  σ=0.0  fold=4 ===
  OSC: k_hat=3  ACC=1.0000  NMI=1.0000  ARI=1.0000  0.2s

=== P1E_S4_C3 train[3] k=3  dim=576  frames=105  σ=0.0  fold=4 ===
  OSC: k_hat=3  ACC=0.5524  NMI=0.5912  ARI=0.4118  0.2s

=== P1E_S4_C3 train[4] k=3  dim=576  frames=76  σ=0.0  fold=4 ===
  OSC: k_hat=3  ACC=1.0000  NMI=1.0000  ARI=1.0000  0.2s

=== P1E_S4_C3 train[5] k=3  dim=576  frames=106  σ=0.0  fold=4 ===
  OSC: k_hat=3  ACC=0.6792  NMI=0.7026  ARI=0.5568  0.2s

=== P1E_S4_C3 train[6] k=3  dim=576  frames=79  σ=0.0  fold=4 ===
  OSC: k_hat=3  ACC=0.9873  NMI=0.9504  ARI=0.9609  0.2s

=== P1L_S1_C1 train[0] k=3  dim=576  frames=162  σ=0.0  fold=4 ===
  OSC: k_hat=3  ACC=1.0000  NMI=1.0000  ARI=1.0000  0.4s

=== P1L_S1_C1 train[1] k=3  dim=576  frames=170  σ=0.0  fold=4 ===
  OSC: k_hat=3  ACC=0.7647  NMI=0.6747  ARI=0.4861  0.4s

=== P1L_S1_C1 train[2] k=3  dim=576  frames=155  σ=0.0  fold=4 ===
  OSC: k_hat=3  ACC=1.0000  NMI=1.0000  ARI=1.0000  0.4s

=== P1L_S1_C1 train[3] k=3  dim=576  frames=182  σ=0.0  fold=4 ===
  OSC: k_hat=3  ACC=1.0000  NMI=1.0000  ARI=1.0000  0.5s

=== P1L_S1_C1 train[4] k=3  dim=576  frames=166  σ=0.0  fold=4 ===
  OSC: k_hat=3  ACC=1.0000  NMI=1.0000  ARI=1.0000  0.5s

=== P1L_S1_C1 train[5] k=3  dim=576  frames=116  σ=0.0  fold=4 ===
  OSC: k_hat=3  ACC=0.5517  NMI=0.5057  ARI=0.3338  0.3s

=== P1L_S1_C1 train[6] k=3  dim=576  frames=175  σ=0.0  fold=4 ===
  OSC: k_hat=3  ACC=1.0000  NMI=1.0000  ARI=1.0000  0.5s

=== P1L_S1_C2 train[0] k=3  dim=576  frames=186  σ=0.0  fold=4 ===
  OSC: k_hat=3  ACC=0.8118  NMI=0.6805  ARI=0.5511  0.5s

=== P1L_S1_C2 train[1] k=3  dim=576  frames=137  σ=0.0  fold=4 ===
  OSC: k_hat=3  ACC=1.0000  NMI=1.0000  ARI=1.0000  0.3s

=== P1L_S1_C2 train[2] k=3  dim=576  frames=147  σ=0.0  fold=4 ===
  OSC: k_hat=3  ACC=1.0000  NMI=1.0000  ARI=1.0000  0.4s

=== P1L_S1_C2 train[3] k=3  dim=576  frames=181  σ=0.0  fold=4 ===
  OSC: k_hat=3  ACC=0.8287  NMI=0.7245  ARI=0.5963  0.5s

=== P1L_S1_C2 train[4] k=3  dim=576  frames=154  σ=0.0  fold=4 ===
  OSC: k_hat=3  ACC=0.5065  NMI=0.6566  ARI=0.4500  0.4s

=== P1L_S1_C2 train[5] k=3  dim=576  frames=142  σ=0.0  fold=4 ===
  OSC: k_hat=3  ACC=0.5352  NMI=0.6225  ARI=0.4110  0.4s

=== P1L_S1_C2 train[6] k=3  dim=576  frames=168  σ=0.0  fold=4 ===
  OSC: k_hat=3  ACC=1.0000  NMI=1.0000  ARI=1.0000  0.5s

=== P1L_S1_C3 train[0] k=3  dim=576  frames=60  σ=0.0  fold=4 ===
  OSC: k_hat=3  ACC=0.5167  NMI=0.6515  ARI=0.4364  0.1s

=== P1L_S1_C3 train[1] k=3  dim=576  frames=68  σ=0.0  fold=4 ===
  OSC: k_hat=3  ACC=1.0000  NMI=1.0000  ARI=1.0000  0.1s

=== P1L_S1_C3 train[2] k=3  dim=576  frames=65  σ=0.0  fold=4 ===
  OSC: k_hat=3  ACC=1.0000  NMI=1.0000  ARI=1.0000  0.1s

=== P1L_S1_C3 train[3] k=3  dim=576  frames=74  σ=0.0  fold=4 ===
  OSC: k_hat=3  ACC=0.5811  NMI=0.6652  ARI=0.4654  0.2s

=== P1L_S1_C3 train[4] k=3  dim=576  frames=64  σ=0.0  fold=4 ===
  OSC: k_hat=3  ACC=0.8438  NMI=0.7524  ARI=0.6573  0.1s

=== P1L_S1_C3 train[5] k=3  dim=576  frames=63  σ=0.0  fold=4 ===
  OSC: k_hat=3  ACC=0.6190  NMI=0.6736  ARI=0.5014  0.1s

=== P1L_S1_C3 train[6] k=3  dim=576  frames=75  σ=0.0  fold=4 ===
  OSC: k_hat=3  ACC=0.9867  NMI=0.9474  ARI=0.9569  0.2s

=== P1L_S2_C1 train[0] k=3  dim=576  frames=211  σ=0.0  fold=4 ===
  OSC: k_hat=3  ACC=0.8341  NMI=0.7323  ARI=0.6256  0.6s

=== P1L_S2_C1 train[1] k=3  dim=576  frames=190  σ=0.0  fold=4 ===
  OSC: k_hat=3  ACC=0.7211  NMI=0.6714  ARI=0.4890  0.6s

=== P1L_S2_C1 train[2] k=3  dim=576  frames=180  σ=0.0  fold=4 ===
  OSC: k_hat=3  ACC=1.0000  NMI=1.0000  ARI=1.0000  0.5s

=== P1L_S2_C1 train[3] k=3  dim=576  frames=177  σ=0.0  fold=4 ===
  OSC: k_hat=3  ACC=0.8305  NMI=0.6528  ARI=0.5780  0.5s

=== P1L_S2_C1 train[4] k=3  dim=576  frames=179  σ=0.0  fold=4 ===
  OSC: k_hat=3  ACC=1.0000  NMI=1.0000  ARI=1.0000  0.5s

=== P1L_S2_C1 train[5] k=3  dim=576  frames=180  σ=0.0  fold=4 ===
  OSC: k_hat=3  ACC=0.4944  NMI=0.2578  ARI=0.0592  0.6s

=== P1L_S2_C1 train[6] k=3  dim=576  frames=133  σ=0.0  fold=4 ===
  OSC: k_hat=3  ACC=1.0000  NMI=1.0000  ARI=1.0000  0.3s

=== P1L_S2_C2 train[0] k=3  dim=576  frames=194  σ=0.0  fold=4 ===
  OSC: k_hat=3  ACC=0.9948  NMI=0.9734  ARI=0.9820  0.6s

=== P1L_S2_C2 train[1] k=3  dim=576  frames=155  σ=0.0  fold=4 ===
  OSC: k_hat=3  ACC=1.0000  NMI=1.0000  ARI=1.0000  0.4s

=== P1L_S2_C2 train[2] k=3  dim=576  frames=134  σ=0.0  fold=4 ===
  OSC: k_hat=3  ACC=1.0000  NMI=1.0000  ARI=1.0000  0.3s

=== P1L_S2_C2 train[3] k=3  dim=576  frames=186  σ=0.0  fold=4 ===
  OSC: k_hat=3  ACC=0.9839  NMI=0.9417  ARI=0.9571  0.5s

=== P1L_S2_C2 train[4] k=3  dim=576  frames=171  σ=0.0  fold=4 ===
  OSC: k_hat=3  ACC=0.8363  NMI=0.7362  ARI=0.6178  0.5s

=== P1L_S2_C2 train[5] k=3  dim=576  frames=160  σ=0.0  fold=4 ===
  OSC: k_hat=3  ACC=0.8000  NMI=0.7446  ARI=0.6793  0.4s

=== P1L_S2_C2 train[6] k=3  dim=576  frames=154  σ=0.0  fold=4 ===
  OSC: k_hat=3  ACC=1.0000  NMI=1.0000  ARI=1.0000  0.4s

=== P1L_S2_C3 train[0] k=3  dim=576  frames=119  σ=0.0  fold=4 ===
  OSC: k_hat=3  ACC=1.0000  NMI=1.0000  ARI=1.0000  0.3s

=== P1L_S2_C3 train[1] k=3  dim=576  frames=101  σ=0.0  fold=4 ===
  OSC: k_hat=3  ACC=1.0000  NMI=1.0000  ARI=1.0000  0.2s

=== P1L_S2_C3 train[2] k=3  dim=576  frames=85  σ=0.0  fold=4 ===
  OSC: k_hat=3  ACC=1.0000  NMI=1.0000  ARI=1.0000  0.2s

=== P1L_S2_C3 train[3] k=3  dim=576  frames=112  σ=0.0  fold=4 ===
  OSC: k_hat=3  ACC=0.5714  NMI=0.6638  ARI=0.4653  0.2s

=== P1L_S2_C3 train[4] k=3  dim=576  frames=102  σ=0.0  fold=4 ===
  OSC: k_hat=3  ACC=0.5392  NMI=0.6485  ARI=0.4410  0.2s

=== P1L_S2_C3 train[5] k=3  dim=576  frames=121  σ=0.0  fold=4 ===
  OSC: k_hat=3  ACC=0.9174  NMI=0.8252  ARI=0.8067  0.3s

=== P1L_S2_C3 train[6] k=3  dim=576  frames=99  σ=0.0  fold=4 ===
  OSC: k_hat=3  ACC=0.9697  NMI=0.9066  ARI=0.9152  0.2s

=== P1L_S3_C1 train[0] k=3  dim=576  frames=156  σ=0.0  fold=4 ===
  OSC: k_hat=3  ACC=0.4872  NMI=0.3228  ARI=0.0821  0.4s

=== P1L_S3_C1 train[1] k=3  dim=576  frames=120  σ=0.0  fold=4 ===
  OSC: k_hat=3  ACC=1.0000  NMI=1.0000  ARI=1.0000  0.3s

=== P1L_S3_C1 train[2] k=3  dim=576  frames=185  σ=0.0  fold=4 ===
  OSC: k_hat=3  ACC=0.9351  NMI=0.8421  ARI=0.8204  0.5s

=== P1L_S3_C1 train[3] k=3  dim=576  frames=156  σ=0.0  fold=4 ===
  OSC: k_hat=3  ACC=0.6346  NMI=0.6784  ARI=0.5044  0.4s

=== P1L_S3_C1 train[4] k=3  dim=576  frames=172  σ=0.0  fold=4 ===
  OSC: k_hat=3  ACC=0.8779  NMI=0.7752  ARI=0.6999  0.5s

=== P1L_S3_C1 train[5] k=3  dim=576  frames=176  σ=0.0  fold=4 ===
  OSC: k_hat=3  ACC=0.6818  NMI=0.6189  ARI=0.3972  0.5s

=== P1L_S3_C1 train[6] k=3  dim=576  frames=134  σ=0.0  fold=4 ===
  OSC: k_hat=3  ACC=1.0000  NMI=1.0000  ARI=1.0000  0.3s

=== P1L_S3_C2 train[0] k=3  dim=576  frames=185  σ=0.0  fold=4 ===
  OSC: k_hat=3  ACC=0.9730  NMI=0.9116  ARI=0.9170  0.5s

=== P1L_S3_C2 train[1] k=3  dim=576  frames=125  σ=0.0  fold=4 ===
  OSC: k_hat=3  ACC=0.8560  NMI=0.7657  ARI=0.7000  0.3s

=== P1L_S3_C2 train[2] k=3  dim=576  frames=166  σ=0.0  fold=4 ===
  OSC: k_hat=3  ACC=1.0000  NMI=1.0000  ARI=1.0000  0.5s

=== P1L_S3_C2 train[3] k=3  dim=576  frames=209  σ=0.0  fold=4 ===
  OSC: k_hat=3  ACC=0.7608  NMI=0.6689  ARI=0.4808  0.6s

=== P1L_S3_C2 train[4] k=3  dim=576  frames=187  σ=0.0  fold=4 ===
  OSC: k_hat=3  ACC=0.5508  NMI=0.6596  ARI=0.4583  0.5s

=== P1L_S3_C2 train[5] k=3  dim=576  frames=229  σ=0.0  fold=4 ===
  OSC: k_hat=3  ACC=0.5109  NMI=0.6332  ARI=0.4399  0.8s

=== P1L_S3_C2 train[6] k=3  dim=576  frames=136  σ=0.0  fold=4 ===
  OSC: k_hat=3  ACC=1.0000  NMI=1.0000  ARI=1.0000  0.4s

=== P1L_S3_C3 train[0] k=3  dim=576  frames=151  σ=0.0  fold=4 ===
  OSC: k_hat=3  ACC=0.9934  NMI=0.9677  ARI=0.9795  0.4s

=== P1L_S3_C3 train[1] k=3  dim=576  frames=118  σ=0.0  fold=4 ===
  OSC: k_hat=3  ACC=0.8983  NMI=0.7946  ARI=0.7354  0.3s

=== P1L_S3_C3 train[2] k=3  dim=576  frames=121  σ=0.0  fold=4 ===
  OSC: k_hat=3  ACC=1.0000  NMI=1.0000  ARI=1.0000  0.3s

=== P1L_S3_C3 train[3] k=3  dim=576  frames=142  σ=0.0  fold=4 ===
  OSC: k_hat=3  ACC=1.0000  NMI=1.0000  ARI=1.0000  0.4s

=== P1L_S3_C3 train[4] k=3  dim=576  frames=110  σ=0.0  fold=4 ===
  OSC: k_hat=3  ACC=0.8636  NMI=0.7613  ARI=0.6732  0.3s

=== P1L_S3_C3 train[5] k=3  dim=576  frames=161  σ=0.0  fold=4 ===
  OSC: k_hat=3  ACC=0.8323  NMI=0.7023  ARI=0.6433  0.5s

=== P1L_S3_C3 train[6] k=3  dim=576  frames=114  σ=0.0  fold=4 ===
  OSC: k_hat=3  ACC=0.9912  NMI=0.9630  ARI=0.9763  0.3s

=== P1L_S4_C1 train[0] k=3  dim=576  frames=200  σ=0.0  fold=4 ===
  OSC: k_hat=3  ACC=0.9550  NMI=0.8749  ARI=0.8713  0.6s

=== P1L_S4_C1 train[1] k=3  dim=576  frames=157  σ=0.0  fold=4 ===
  OSC: k_hat=3  ACC=1.0000  NMI=1.0000  ARI=1.0000  0.5s

=== P1L_S4_C1 train[2] k=3  dim=576  frames=154  σ=0.0  fold=4 ===
  OSC: k_hat=3  ACC=1.0000  NMI=1.0000  ARI=1.0000  0.4s

=== P1L_S4_C1 train[3] k=3  dim=576  frames=168  σ=0.0  fold=4 ===
  OSC: k_hat=3  ACC=0.7262  NMI=0.6963  ARI=0.5455  0.5s

=== P1L_S4_C1 train[4] k=3  dim=576  frames=164  σ=0.0  fold=4 ===
  OSC: k_hat=3  ACC=0.9939  NMI=0.9723  ARI=0.9819  0.5s

=== P1L_S4_C1 train[5] k=3  dim=576  frames=187  σ=0.0  fold=4 ===
  OSC: k_hat=3  ACC=0.5989  NMI=0.4784  ARI=0.3177  0.6s

=== P1L_S4_C1 train[6] k=3  dim=576  frames=202  σ=0.0  fold=4 ===
  OSC: k_hat=3  ACC=1.0000  NMI=1.0000  ARI=1.0000  0.6s

=== P1L_S4_C2 train[0] k=3  dim=576  frames=157  σ=0.0  fold=4 ===
  OSC: k_hat=3  ACC=0.7771  NMI=0.6675  ARI=0.4827  0.5s

=== P1L_S4_C2 train[1] k=3  dim=576  frames=149  σ=0.0  fold=4 ===
  OSC: k_hat=3  ACC=0.9195  NMI=0.8124  ARI=0.7623  0.4s

=== P1L_S4_C2 train[2] k=3  dim=576  frames=175  σ=0.0  fold=4 ===
  OSC: k_hat=3  ACC=1.0000  NMI=1.0000  ARI=1.0000  0.5s

=== P1L_S4_C2 train[3] k=3  dim=576  frames=168  σ=0.0  fold=4 ===
  OSC: k_hat=3  ACC=0.8571  NMI=0.7372  ARI=0.6347  0.5s

=== P1L_S4_C2 train[4] k=3  dim=576  frames=152  σ=0.0  fold=4 ===
  OSC: k_hat=3  ACC=0.8618  NMI=0.7611  ARI=0.6804  0.4s

=== P1L_S4_C2 train[5] k=3  dim=576  frames=169  σ=0.0  fold=4 ===
  OSC: k_hat=3  ACC=0.5976  NMI=0.6663  ARI=0.4796  0.5s

=== P1L_S4_C2 train[6] k=3  dim=576  frames=153  σ=0.0  fold=4 ===
  OSC: k_hat=3  ACC=0.9869  NMI=0.9501  ARI=0.9666  0.4s

=== P1L_S4_C3 train[0] k=3  dim=576  frames=96  σ=0.0  fold=4 ===
  OSC: k_hat=3  ACC=1.0000  NMI=1.0000  ARI=1.0000  0.2s

=== P1L_S4_C3 train[1] k=3  dim=576  frames=107  σ=0.0  fold=4 ===
  OSC: k_hat=3  ACC=1.0000  NMI=1.0000  ARI=1.0000  0.3s

=== P1L_S4_C3 train[2] k=3  dim=576  frames=94  σ=0.0  fold=4 ===
  OSC: k_hat=3  ACC=1.0000  NMI=1.0000  ARI=1.0000  0.2s

=== P1L_S4_C3 train[3] k=3  dim=576  frames=117  σ=0.0  fold=4 ===
  OSC: k_hat=3  ACC=0.7009  NMI=0.6970  ARI=0.5517  0.3s

=== P1L_S4_C3 train[4] k=3  dim=576  frames=103  σ=0.0  fold=4 ===
  OSC: k_hat=3  ACC=0.5437  NMI=0.6400  ARI=0.4309  0.2s

=== P1L_S4_C3 train[5] k=3  dim=576  frames=105  σ=0.0  fold=4 ===
  OSC: k_hat=3  ACC=0.5429  NMI=0.6577  ARI=0.4521  0.2s

=== P1L_S4_C3 train[6] k=3  dim=576  frames=107  σ=0.0  fold=4 ===
  OSC: k_hat=3  ACC=0.9813  NMI=0.9338  ARI=0.9463  0.2s

=== P1E_S1_C1 test[0] k=3  dim=576  frames=157  σ=0.0  fold=4 ===
  OSC: k_hat=3  ACC=0.5860  NMI=0.6627  ARI=0.4681  0.4s

=== P1E_S1_C2 test[0] k=3  dim=576  frames=113  σ=0.0  fold=4 ===
  OSC: k_hat=3  ACC=0.7168  NMI=0.6181  ARI=0.5172  0.3s

=== P1E_S1_C3 test[0] k=3  dim=576  frames=37  σ=0.0  fold=4 ===
  OSC: k_hat=3  ACC=1.0000  NMI=1.0000  ARI=1.0000  0.1s

=== P1E_S2_C1 test[0] k=3  dim=576  frames=149  σ=0.0  fold=4 ===
  OSC: k_hat=3  ACC=0.6040  NMI=0.6711  ARI=0.4842  0.4s

=== P1E_S2_C2 test[0] k=3  dim=576  frames=124  σ=0.0  fold=4 ===
  OSC: k_hat=3  ACC=1.0000  NMI=1.0000  ARI=1.0000  0.3s

=== P1E_S2_C3 test[0] k=3  dim=576  frames=99  σ=0.0  fold=4 ===
  OSC: k_hat=3  ACC=0.9899  NMI=0.9585  ARI=0.9691  0.2s

=== P1E_S3_C1 test[0] k=3  dim=576  frames=168  σ=0.0  fold=4 ===
  OSC: k_hat=3  ACC=0.8393  NMI=0.7241  ARI=0.5866  0.5s

=== P1E_S3_C2 test[0] k=3  dim=576  frames=169  σ=0.0  fold=4 ===
  OSC: k_hat=3  ACC=0.8166  NMI=0.7302  ARI=0.6094  0.5s

=== P1E_S3_C3 test[0] k=3  dim=576  frames=128  σ=0.0  fold=4 ===
  OSC: k_hat=3  ACC=0.7500  NMI=0.7005  ARI=0.5481  0.3s

=== P1E_S4_C1 test[0] k=3  dim=576  frames=180  σ=0.0  fold=4 ===
  OSC: k_hat=3  ACC=1.0000  NMI=1.0000  ARI=1.0000  0.5s

=== P1E_S4_C2 test[0] k=3  dim=576  frames=140  σ=0.0  fold=4 ===
  OSC: k_hat=3  ACC=1.0000  NMI=1.0000  ARI=1.0000  0.4s

=== P1E_S4_C3 test[0] k=3  dim=576  frames=87  σ=0.0  fold=4 ===
  OSC: k_hat=3  ACC=1.0000  NMI=1.0000  ARI=1.0000  0.2s

=== P1L_S1_C1 test[0] k=3  dim=576  frames=198  σ=0.0  fold=4 ===
  OSC: k_hat=3  ACC=0.7323  NMI=0.6955  ARI=0.5444  0.6s

=== P1L_S1_C2 test[0] k=3  dim=576  frames=128  σ=0.0  fold=4 ===
  OSC: k_hat=3  ACC=0.5625  NMI=0.6666  ARI=0.4689  0.3s

=== P1L_S1_C3 test[0] k=3  dim=576  frames=73  σ=0.0  fold=4 ===
  OSC: k_hat=3  ACC=0.6164  NMI=0.6644  ARI=0.4742  0.2s

=== P1L_S2_C1 test[0] k=3  dim=576  frames=172  σ=0.0  fold=4 ===
  OSC: k_hat=3  ACC=1.0000  NMI=1.0000  ARI=1.0000  0.5s

=== P1L_S2_C2 test[0] k=3  dim=576  frames=201  σ=0.0  fold=4 ===
  OSC: k_hat=3  ACC=0.9900  NMI=0.9582  ARI=0.9683  0.6s

=== P1L_S2_C3 test[0] k=3  dim=576  frames=126  σ=0.0  fold=4 ===
  OSC: k_hat=3  ACC=0.8333  NMI=0.7360  ARI=0.6161  0.3s

=== P1L_S3_C1 test[0] k=3  dim=576  frames=159  σ=0.0  fold=4 ===
  OSC: k_hat=3  ACC=0.9245  NMI=0.7727  ARI=0.7932  0.4s

=== P1L_S3_C2 test[0] k=3  dim=576  frames=168  σ=0.0  fold=4 ===
  OSC: k_hat=3  ACC=0.6488  NMI=0.6705  ARI=0.5211  0.4s

=== P1L_S3_C3 test[0] k=3  dim=576  frames=134  σ=0.0  fold=4 ===
  OSC: k_hat=3  ACC=0.8507  NMI=0.7327  ARI=0.6091  0.3s

=== P1L_S4_C1 test[0] k=3  dim=576  frames=142  σ=0.0  fold=4 ===
  OSC: k_hat=3  ACC=1.0000  NMI=1.0000  ARI=1.0000  0.3s

=== P1L_S4_C2 test[0] k=3  dim=576  frames=154  σ=0.0  fold=4 ===
  OSC: k_hat=3  ACC=1.0000  NMI=1.0000  ARI=1.0000  0.4s

=== P1L_S4_C3 test[0] k=3  dim=576  frames=112  σ=0.0  fold=4 ===
  OSC: k_hat=3  ACC=0.8036  NMI=0.7211  ARI=0.5862  0.2s
  tune_pool_groups=20: sampling from 22 held-in people (overlap allowed) instead of the 7 fixed partition group(s)

============================================================
σ=0.0 fold=5  test=['0015', '0016', '0021']  train mats=168  test mats=24  tune mats=480
  --- tune OSC over 480 train mats  n_trials=20 (2 params) ---
  OSC trial 0: mean ARI=0.7938  n=480  160.2s  lambda_1=0.1, lambda_2=0.1
  OSC trial 1: mean ARI=0.7905  n=480  158.9s  lambda_1=0.1568, lambda_2=0.7257
  OSC trial 2: mean ARI=0.7855  n=480  160.9s  lambda_1=0.2577, lambda_2=0.1512
  OSC trial 3: mean ARI=0.7947  n=480  160.9s  lambda_1=0.0495, lambda_2=0.3833
  OSC trial 4: mean ARI=0.7947  n=480  159.8s  lambda_1=0.05628, lambda_2=3.691
  OSC trial 5: mean ARI=0.0029  n=480  155.9s  lambda_1=7.156, lambda_2=0.03418
  OSC trial 6: mean ARI=0.0029  n=480  157.0s  lambda_1=1.469, lambda_2=0.1305
  OSC trial 7: mean ARI=0.7864  n=480  160.6s  lambda_1=0.1871, lambda_2=5.039
  OSC trial 8: mean ARI=0.8013  n=480  166.6s  lambda_1=0.001924, lambda_2=0.002231
  OSC trial 9: mean ARI=0.7989  n=480  159.6s  lambda_1=0.001205, lambda_2=2.14
  OSC trial 10: mean ARI=0.8017  n=480  168.4s  lambda_1=0.001206, lambda_2=0.001369
  OSC trial 11: mean ARI=0.8017  n=480  168.9s  lambda_1=0.001211, lambda_2=0.001203
  OSC trial 12: mean ARI=0.7998  n=480  166.9s  lambda_1=0.007272, lambda_2=0.001044
  OSC trial 13: mean ARI=0.8000  n=480  168.3s  lambda_1=0.006333, lambda_2=0.005996
  OSC trial 14: mean ARI=0.7987  n=480  166.9s  lambda_1=0.008941, lambda_2=0.0121
  OSC trial 15: mean ARI=0.8017  n=480  166.3s  lambda_1=0.001025, lambda_2=0.003846
  OSC trial 16: mean ARI=0.8012  n=480  167.9s  lambda_1=0.00365, lambda_2=0.006507
  OSC trial 17: mean ARI=0.7961  n=480  165.5s  lambda_1=0.01722, lambda_2=0.01989
  OSC trial 18: mean ARI=0.8013  n=480  166.3s  lambda_1=0.003076, lambda_2=0.003382
  OSC trial 19: mean ARI=0.7948  n=480  163.9s  lambda_1=0.02083, lambda_2=0.04907
    best mean ARI=0.8017  tune 3269.9s  lambda_1=0.001025, lambda_2=0.003846
  wrote /nfs/turbo/umms-minjilab/lpullela/icassp_ssc_tv2/block_ssc_benchmark/cv/params/surveillance/split_k3_clean_min30_trials20_knownk_scaled_params_cv_osc_k3_sigma0_sigma0_fold5.json

=== P1E_S1_C1 train[0] k=3  dim=576  frames=146  σ=0.0  fold=5 ===
  OSC: k_hat=3  ACC=0.9178  NMI=0.7994  ARI=0.7432  0.4s

=== P1E_S1_C1 train[1] k=3  dim=576  frames=153  σ=0.0  fold=5 ===
  OSC: k_hat=3  ACC=0.9673  NMI=0.9007  ARI=0.9048  0.4s

=== P1E_S1_C1 train[2] k=3  dim=576  frames=130  σ=0.0  fold=5 ===
  OSC: k_hat=3  ACC=1.0000  NMI=1.0000  ARI=1.0000  0.3s

=== P1E_S1_C1 train[3] k=3  dim=576  frames=140  σ=0.0  fold=5 ===
  OSC: k_hat=3  ACC=0.9357  NMI=0.8323  ARI=0.7981  0.4s

=== P1E_S1_C1 train[4] k=3  dim=576  frames=157  σ=0.0  fold=5 ===
  OSC: k_hat=3  ACC=0.5860  NMI=0.6627  ARI=0.4681  0.5s

=== P1E_S1_C1 train[5] k=3  dim=576  frames=140  σ=0.0  fold=5 ===
  OSC: k_hat=3  ACC=0.8786  NMI=0.7789  ARI=0.7106  0.4s

=== P1E_S1_C1 train[6] k=3  dim=576  frames=171  σ=0.0  fold=5 ===
  OSC: k_hat=3  ACC=0.9357  NMI=0.8467  ARI=0.8312  0.5s

=== P1E_S1_C2 train[0] k=3  dim=576  frames=147  σ=0.0  fold=5 ===
  OSC: k_hat=3  ACC=0.9932  NMI=0.9693  ARI=0.9802  0.4s

=== P1E_S1_C2 train[1] k=3  dim=576  frames=115  σ=0.0  fold=5 ===
  OSC: k_hat=3  ACC=0.9913  NMI=0.9622  ARI=0.9715  0.3s

=== P1E_S1_C2 train[2] k=3  dim=576  frames=104  σ=0.0  fold=5 ===
  OSC: k_hat=3  ACC=1.0000  NMI=1.0000  ARI=1.0000  0.2s

=== P1E_S1_C2 train[3] k=3  dim=576  frames=138  σ=0.0  fold=5 ===
  OSC: k_hat=3  ACC=0.6377  NMI=0.6117  ARI=0.4601  0.4s

=== P1E_S1_C2 train[4] k=3  dim=576  frames=113  σ=0.0  fold=5 ===
  OSC: k_hat=3  ACC=0.7168  NMI=0.6181  ARI=0.5172  0.3s

=== P1E_S1_C2 train[5] k=3  dim=576  frames=122  σ=0.0  fold=5 ===
  OSC: k_hat=3  ACC=0.9426  NMI=0.8571  ARI=0.8532  0.3s

=== P1E_S1_C2 train[6] k=3  dim=576  frames=134  σ=0.0  fold=5 ===
  OSC: k_hat=3  ACC=0.9851  NMI=0.9443  ARI=0.9564  0.4s

=== P1E_S1_C3 train[0] k=3  dim=576  frames=58  σ=0.0  fold=5 ===
  OSC: k_hat=3  ACC=0.9483  NMI=0.8578  ARI=0.8376  0.1s

=== P1E_S1_C3 train[1] k=3  dim=576  frames=56  σ=0.0  fold=5 ===
  OSC: k_hat=3  ACC=0.9821  NMI=0.9328  ARI=0.9451  0.1s

=== P1E_S1_C3 train[2] k=3  dim=576  frames=47  σ=0.0  fold=5 ===
  OSC: k_hat=3  ACC=1.0000  NMI=1.0000  ARI=1.0000  0.1s

=== P1E_S1_C3 train[3] k=3  dim=576  frames=61  σ=0.0  fold=5 ===
  OSC: k_hat=3  ACC=0.5902  NMI=0.5667  ARI=0.4032  0.1s

=== P1E_S1_C3 train[4] k=3  dim=576  frames=37  σ=0.0  fold=5 ===
  OSC: k_hat=3  ACC=1.0000  NMI=1.0000  ARI=1.0000  0.1s

=== P1E_S1_C3 train[5] k=3  dim=576  frames=51  σ=0.0  fold=5 ===
  OSC: k_hat=3  ACC=0.9412  NMI=0.8560  ARI=0.8447  0.1s

=== P1E_S1_C3 train[6] k=3  dim=576  frames=69  σ=0.0  fold=5 ===
  OSC: k_hat=3  ACC=0.9565  NMI=0.8541  ARI=0.8698  0.1s

=== P1E_S2_C1 train[0] k=3  dim=576  frames=167  σ=0.0  fold=5 ===
  OSC: k_hat=3  ACC=0.8862  NMI=0.7810  ARI=0.7093  0.5s

=== P1E_S2_C1 train[1] k=3  dim=576  frames=151  σ=0.0  fold=5 ===
  OSC: k_hat=3  ACC=0.8278  NMI=0.6837  ARI=0.5812  0.4s

=== P1E_S2_C1 train[2] k=3  dim=576  frames=136  σ=0.0  fold=5 ===
  OSC: k_hat=3  ACC=0.8971  NMI=0.7907  ARI=0.7297  0.4s

=== P1E_S2_C1 train[3] k=3  dim=576  frames=180  σ=0.0  fold=5 ===
  OSC: k_hat=3  ACC=0.7278  NMI=0.6529  ARI=0.5009  0.6s

=== P1E_S2_C1 train[4] k=3  dim=576  frames=149  σ=0.0  fold=5 ===
  OSC: k_hat=3  ACC=0.6040  NMI=0.6711  ARI=0.4842  0.4s

=== P1E_S2_C1 train[5] k=3  dim=576  frames=161  σ=0.0  fold=5 ===
  OSC: k_hat=3  ACC=0.8012  NMI=0.6951  ARI=0.5830  0.5s

=== P1E_S2_C1 train[6] k=3  dim=576  frames=153  σ=0.0  fold=5 ===
  OSC: k_hat=3  ACC=0.5621  NMI=0.5800  ARI=0.4103  0.4s

=== P1E_S2_C2 train[0] k=3  dim=576  frames=146  σ=0.0  fold=5 ===
  OSC: k_hat=3  ACC=0.9384  NMI=0.8138  ARI=0.8157  0.4s

=== P1E_S2_C2 train[1] k=3  dim=576  frames=115  σ=0.0  fold=5 ===
  OSC: k_hat=3  ACC=1.0000  NMI=1.0000  ARI=1.0000  0.3s

=== P1E_S2_C2 train[2] k=3  dim=576  frames=109  σ=0.0  fold=5 ===
  OSC: k_hat=3  ACC=0.9908  NMI=0.9619  ARI=0.9735  0.3s

=== P1E_S2_C2 train[3] k=3  dim=576  frames=144  σ=0.0  fold=5 ===
  OSC: k_hat=3  ACC=0.9375  NMI=0.8481  ARI=0.8303  0.4s

=== P1E_S2_C2 train[4] k=3  dim=576  frames=124  σ=0.0  fold=5 ===
  OSC: k_hat=3  ACC=1.0000  NMI=1.0000  ARI=1.0000  0.3s

=== P1E_S2_C2 train[5] k=3  dim=576  frames=128  σ=0.0  fold=5 ===
  OSC: k_hat=3  ACC=0.5938  NMI=0.6585  ARI=0.4635  0.3s

=== P1E_S2_C2 train[6] k=3  dim=576  frames=126  σ=0.0  fold=5 ===
  OSC: k_hat=3  ACC=0.9841  NMI=0.9413  ARI=0.9532  0.3s

=== P1E_S2_C3 train[0] k=3  dim=576  frames=113  σ=0.0  fold=5 ===
  OSC: k_hat=3  ACC=1.0000  NMI=1.0000  ARI=1.0000  0.3s

=== P1E_S2_C3 train[1] k=3  dim=576  frames=88  σ=0.0  fold=5 ===
  OSC: k_hat=3  ACC=0.9773  NMI=0.9225  ARI=0.9324  0.2s

=== P1E_S2_C3 train[2] k=3  dim=576  frames=90  σ=0.0  fold=5 ===
  OSC: k_hat=3  ACC=1.0000  NMI=1.0000  ARI=1.0000  0.2s

=== P1E_S2_C3 train[3] k=3  dim=576  frames=112  σ=0.0  fold=5 ===
  OSC: k_hat=3  ACC=0.5357  NMI=0.5953  ARI=0.4243  0.2s

=== P1E_S2_C3 train[4] k=3  dim=576  frames=99  σ=0.0  fold=5 ===
  OSC: k_hat=3  ACC=0.9899  NMI=0.9585  ARI=0.9691  0.2s

=== P1E_S2_C3 train[5] k=3  dim=576  frames=105  σ=0.0  fold=5 ===
  OSC: k_hat=3  ACC=0.9714  NMI=0.8926  ARI=0.9125  0.2s

=== P1E_S2_C3 train[6] k=3  dim=576  frames=89  σ=0.0  fold=5 ===
  OSC: k_hat=3  ACC=0.9775  NMI=0.9248  ARI=0.9383  0.2s

=== P1E_S3_C1 train[0] k=3  dim=576  frames=166  σ=0.0  fold=5 ===
  OSC: k_hat=3  ACC=0.8313  NMI=0.6872  ARI=0.5715  0.5s

=== P1E_S3_C1 train[1] k=3  dim=576  frames=139  σ=0.0  fold=5 ===
  OSC: k_hat=3  ACC=0.7338  NMI=0.6984  ARI=0.5493  0.4s

=== P1E_S3_C1 train[2] k=3  dim=576  frames=134  σ=0.0  fold=5 ===
  OSC: k_hat=3  ACC=0.7985  NMI=0.6452  ARI=0.5289  0.3s

=== P1E_S3_C1 train[3] k=3  dim=576  frames=161  σ=0.0  fold=5 ===
  OSC: k_hat=3  ACC=0.8012  NMI=0.7186  ARI=0.5943  0.4s

=== P1E_S3_C1 train[4] k=3  dim=576  frames=168  σ=0.0  fold=5 ===
  OSC: k_hat=3  ACC=0.8393  NMI=0.7241  ARI=0.5866  0.5s

=== P1E_S3_C1 train[5] k=3  dim=576  frames=204  σ=0.0  fold=5 ===
  OSC: k_hat=3  ACC=0.7206  NMI=0.7092  ARI=0.5882  0.6s

=== P1E_S3_C1 train[6] k=3  dim=576  frames=112  σ=0.0  fold=5 ===
  OSC: k_hat=3  ACC=0.5804  NMI=0.6590  ARI=0.4608  0.2s

=== P1E_S3_C2 train[0] k=3  dim=576  frames=147  σ=0.0  fold=5 ===
  OSC: k_hat=3  ACC=0.8639  NMI=0.7374  ARI=0.6181  0.4s

=== P1E_S3_C2 train[1] k=3  dim=576  frames=120  σ=0.0  fold=5 ===
  OSC: k_hat=3  ACC=0.6750  NMI=0.6671  ARI=0.4773  0.3s

=== P1E_S3_C2 train[2] k=3  dim=576  frames=112  σ=0.0  fold=5 ===
  OSC: k_hat=3  ACC=0.9554  NMI=0.8723  ARI=0.8616  0.2s

=== P1E_S3_C2 train[3] k=3  dim=576  frames=168  σ=0.0  fold=5 ===
  OSC: k_hat=3  ACC=0.6905  NMI=0.6422  ARI=0.4322  0.5s

=== P1E_S3_C2 train[4] k=3  dim=576  frames=169  σ=0.0  fold=5 ===
  OSC: k_hat=3  ACC=0.8166  NMI=0.7302  ARI=0.6094  0.5s

=== P1E_S3_C2 train[5] k=3  dim=576  frames=146  σ=0.0  fold=5 ===
  OSC: k_hat=3  ACC=0.6507  NMI=0.6149  ARI=0.3702  0.4s

=== P1E_S3_C2 train[6] k=3  dim=576  frames=114  σ=0.0  fold=5 ===
  OSC: k_hat=3  ACC=0.9912  NMI=0.9609  ARI=0.9730  0.3s

=== P1E_S3_C3 train[0] k=3  dim=576  frames=105  σ=0.0  fold=5 ===
  OSC: k_hat=3  ACC=1.0000  NMI=1.0000  ARI=1.0000  0.2s

=== P1E_S3_C3 train[1] k=3  dim=576  frames=89  σ=0.0  fold=5 ===
  OSC: k_hat=3  ACC=1.0000  NMI=1.0000  ARI=1.0000  0.2s

=== P1E_S3_C3 train[2] k=3  dim=576  frames=84  σ=0.0  fold=5 ===
  OSC: k_hat=3  ACC=1.0000  NMI=1.0000  ARI=1.0000  0.2s

=== P1E_S3_C3 train[3] k=3  dim=576  frames=125  σ=0.0  fold=5 ===
  OSC: k_hat=3  ACC=0.7440  NMI=0.6711  ARI=0.4831  0.3s

=== P1E_S3_C3 train[4] k=3  dim=576  frames=128  σ=0.0  fold=5 ===
  OSC: k_hat=3  ACC=0.7500  NMI=0.7005  ARI=0.5481  0.3s

=== P1E_S3_C3 train[5] k=3  dim=576  frames=129  σ=0.0  fold=5 ===
  OSC: k_hat=3  ACC=0.9845  NMI=0.9427  ARI=0.9553  0.3s

=== P1E_S3_C3 train[6] k=3  dim=576  frames=84  σ=0.0  fold=5 ===
  OSC: k_hat=3  ACC=0.9881  NMI=0.9523  ARI=0.9667  0.2s

=== P1E_S4_C1 train[0] k=3  dim=576  frames=158  σ=0.0  fold=5 ===
  OSC: k_hat=3  ACC=0.8734  NMI=0.7427  ARI=0.6331  0.4s

=== P1E_S4_C1 train[1] k=3  dim=576  frames=107  σ=0.0  fold=5 ===
  OSC: k_hat=3  ACC=1.0000  NMI=1.0000  ARI=1.0000  0.3s

=== P1E_S4_C1 train[2] k=3  dim=576  frames=155  σ=0.0  fold=5 ===
  OSC: k_hat=3  ACC=0.9613  NMI=0.8874  ARI=0.8853  0.4s

=== P1E_S4_C1 train[3] k=3  dim=576  frames=182  σ=0.0  fold=5 ===
  OSC: k_hat=3  ACC=0.8681  NMI=0.7446  ARI=0.6754  0.6s

=== P1E_S4_C1 train[4] k=3  dim=576  frames=180  σ=0.0  fold=5 ===
  OSC: k_hat=3  ACC=1.0000  NMI=1.0000  ARI=1.0000  0.6s

=== P1E_S4_C1 train[5] k=3  dim=576  frames=147  σ=0.0  fold=5 ===
  OSC: k_hat=3  ACC=0.5306  NMI=0.4811  ARI=0.3275  0.4s

=== P1E_S4_C1 train[6] k=3  dim=576  frames=145  σ=0.0  fold=5 ===
  OSC: k_hat=3  ACC=0.9931  NMI=0.9694  ARI=0.9805  0.4s

=== P1E_S4_C2 train[0] k=3  dim=576  frames=117  σ=0.0  fold=5 ===
  OSC: k_hat=3  ACC=0.9573  NMI=0.8552  ARI=0.8756  0.3s

=== P1E_S4_C2 train[1] k=3  dim=576  frames=125  σ=0.0  fold=5 ===
  OSC: k_hat=3  ACC=0.9920  NMI=0.9653  ARI=0.9759  0.3s

=== P1E_S4_C2 train[2] k=3  dim=576  frames=122  σ=0.0  fold=5 ===
  OSC: k_hat=3  ACC=1.0000  NMI=1.0000  ARI=1.0000  0.3s

=== P1E_S4_C2 train[3] k=3  dim=576  frames=126  σ=0.0  fold=5 ===
  OSC: k_hat=3  ACC=1.0000  NMI=1.0000  ARI=1.0000  0.3s

=== P1E_S4_C2 train[4] k=3  dim=576  frames=140  σ=0.0  fold=5 ===
  OSC: k_hat=3  ACC=1.0000  NMI=1.0000  ARI=1.0000  0.4s

=== P1E_S4_C2 train[5] k=3  dim=576  frames=146  σ=0.0  fold=5 ===
  OSC: k_hat=3  ACC=0.9589  NMI=0.8852  ARI=0.8877  0.4s

=== P1E_S4_C2 train[6] k=3  dim=576  frames=110  σ=0.0  fold=5 ===
  OSC: k_hat=3  ACC=0.9818  NMI=0.9362  ARI=0.9514  0.3s

=== P1E_S4_C3 train[0] k=3  dim=576  frames=90  σ=0.0  fold=5 ===
  OSC: k_hat=3  ACC=0.9778  NMI=0.9242  ARI=0.9338  0.2s

=== P1E_S4_C3 train[1] k=3  dim=576  frames=64  σ=0.0  fold=5 ===
  OSC: k_hat=3  ACC=0.9844  NMI=0.9424  ARI=0.9536  0.1s

=== P1E_S4_C3 train[2] k=3  dim=576  frames=85  σ=0.0  fold=5 ===
  OSC: k_hat=3  ACC=1.0000  NMI=1.0000  ARI=1.0000  0.2s

=== P1E_S4_C3 train[3] k=3  dim=576  frames=105  σ=0.0  fold=5 ===
  OSC: k_hat=3  ACC=0.5524  NMI=0.5912  ARI=0.4118  0.2s

=== P1E_S4_C3 train[4] k=3  dim=576  frames=87  σ=0.0  fold=5 ===
  OSC: k_hat=3  ACC=1.0000  NMI=1.0000  ARI=1.0000  0.2s

=== P1E_S4_C3 train[5] k=3  dim=576  frames=106  σ=0.0  fold=5 ===
  OSC: k_hat=3  ACC=0.6792  NMI=0.7026  ARI=0.5568  0.3s

=== P1E_S4_C3 train[6] k=3  dim=576  frames=79  σ=0.0  fold=5 ===
  OSC: k_hat=3  ACC=0.9873  NMI=0.9504  ARI=0.9609  0.2s

=== P1L_S1_C1 train[0] k=3  dim=576  frames=162  σ=0.0  fold=5 ===
  OSC: k_hat=3  ACC=1.0000  NMI=1.0000  ARI=1.0000  0.5s

=== P1L_S1_C1 train[1] k=3  dim=576  frames=170  σ=0.0  fold=5 ===
  OSC: k_hat=3  ACC=0.7647  NMI=0.6747  ARI=0.4861  0.5s

=== P1L_S1_C1 train[2] k=3  dim=576  frames=155  σ=0.0  fold=5 ===
  OSC: k_hat=3  ACC=1.0000  NMI=1.0000  ARI=1.0000  0.4s

=== P1L_S1_C1 train[3] k=3  dim=576  frames=182  σ=0.0  fold=5 ===
  OSC: k_hat=3  ACC=1.0000  NMI=1.0000  ARI=1.0000  0.5s

=== P1L_S1_C1 train[4] k=3  dim=576  frames=198  σ=0.0  fold=5 ===
  OSC: k_hat=3  ACC=0.7323  NMI=0.6955  ARI=0.5444  0.6s

=== P1L_S1_C1 train[5] k=3  dim=576  frames=116  σ=0.0  fold=5 ===
  OSC: k_hat=3  ACC=0.5517  NMI=0.5057  ARI=0.3338  0.3s

=== P1L_S1_C1 train[6] k=3  dim=576  frames=175  σ=0.0  fold=5 ===
  OSC: k_hat=3  ACC=1.0000  NMI=1.0000  ARI=1.0000  0.5s

=== P1L_S1_C2 train[0] k=3  dim=576  frames=186  σ=0.0  fold=5 ===
  OSC: k_hat=3  ACC=0.8118  NMI=0.6805  ARI=0.5511  0.5s

=== P1L_S1_C2 train[1] k=3  dim=576  frames=137  σ=0.0  fold=5 ===
  OSC: k_hat=3  ACC=1.0000  NMI=1.0000  ARI=1.0000  0.3s

=== P1L_S1_C2 train[2] k=3  dim=576  frames=147  σ=0.0  fold=5 ===
  OSC: k_hat=3  ACC=1.0000  NMI=1.0000  ARI=1.0000  0.4s

=== P1L_S1_C2 train[3] k=3  dim=576  frames=181  σ=0.0  fold=5 ===
  OSC: k_hat=3  ACC=0.8287  NMI=0.7245  ARI=0.5963  0.5s

=== P1L_S1_C2 train[4] k=3  dim=576  frames=128  σ=0.0  fold=5 ===
  OSC: k_hat=3  ACC=0.5625  NMI=0.6666  ARI=0.4689  0.3s

=== P1L_S1_C2 train[5] k=3  dim=576  frames=142  σ=0.0  fold=5 ===
  OSC: k_hat=3  ACC=0.5352  NMI=0.6225  ARI=0.4110  0.4s

=== P1L_S1_C2 train[6] k=3  dim=576  frames=168  σ=0.0  fold=5 ===
  OSC: k_hat=3  ACC=1.0000  NMI=1.0000  ARI=1.0000  0.5s

=== P1L_S1_C3 train[0] k=3  dim=576  frames=60  σ=0.0  fold=5 ===
  OSC: k_hat=3  ACC=0.5167  NMI=0.6515  ARI=0.4364  0.1s

=== P1L_S1_C3 train[1] k=3  dim=576  frames=68  σ=0.0  fold=5 ===
  OSC: k_hat=3  ACC=1.0000  NMI=1.0000  ARI=1.0000  0.1s

=== P1L_S1_C3 train[2] k=3  dim=576  frames=65  σ=0.0  fold=5 ===
  OSC: k_hat=3  ACC=1.0000  NMI=1.0000  ARI=1.0000  0.1s

=== P1L_S1_C3 train[3] k=3  dim=576  frames=74  σ=0.0  fold=5 ===
  OSC: k_hat=3  ACC=0.5811  NMI=0.6652  ARI=0.4654  0.1s

=== P1L_S1_C3 train[4] k=3  dim=576  frames=73  σ=0.0  fold=5 ===
  OSC: k_hat=3  ACC=0.6164  NMI=0.6644  ARI=0.4742  0.1s

=== P1L_S1_C3 train[5] k=3  dim=576  frames=63  σ=0.0  fold=5 ===
  OSC: k_hat=3  ACC=0.6190  NMI=0.6736  ARI=0.5014  0.1s

=== P1L_S1_C3 train[6] k=3  dim=576  frames=75  σ=0.0  fold=5 ===
  OSC: k_hat=3  ACC=0.9867  NMI=0.9474  ARI=0.9569  0.2s

=== P1L_S2_C1 train[0] k=3  dim=576  frames=211  σ=0.0  fold=5 ===
  OSC: k_hat=3  ACC=0.8341  NMI=0.7323  ARI=0.6256  0.7s

=== P1L_S2_C1 train[1] k=3  dim=576  frames=190  σ=0.0  fold=5 ===
  OSC: k_hat=3  ACC=0.7211  NMI=0.6714  ARI=0.4890  0.6s

=== P1L_S2_C1 train[2] k=3  dim=576  frames=180  σ=0.0  fold=5 ===
  OSC: k_hat=3  ACC=1.0000  NMI=1.0000  ARI=1.0000  0.5s

=== P1L_S2_C1 train[3] k=3  dim=576  frames=177  σ=0.0  fold=5 ===
  OSC: k_hat=3  ACC=0.8305  NMI=0.6528  ARI=0.5780  0.5s

=== P1L_S2_C1 train[4] k=3  dim=576  frames=172  σ=0.0  fold=5 ===
  OSC: k_hat=3  ACC=1.0000  NMI=1.0000  ARI=1.0000  0.5s

=== P1L_S2_C1 train[5] k=3  dim=576  frames=180  σ=0.0  fold=5 ===
  OSC: k_hat=3  ACC=0.4944  NMI=0.2578  ARI=0.0592  0.5s

=== P1L_S2_C1 train[6] k=3  dim=576  frames=133  σ=0.0  fold=5 ===
  OSC: k_hat=3  ACC=1.0000  NMI=1.0000  ARI=1.0000  0.3s

=== P1L_S2_C2 train[0] k=3  dim=576  frames=194  σ=0.0  fold=5 ===
  OSC: k_hat=3  ACC=0.9948  NMI=0.9734  ARI=0.9820  0.6s

=== P1L_S2_C2 train[1] k=3  dim=576  frames=155  σ=0.0  fold=5 ===
  OSC: k_hat=3  ACC=1.0000  NMI=1.0000  ARI=1.0000  0.4s

=== P1L_S2_C2 train[2] k=3  dim=576  frames=134  σ=0.0  fold=5 ===
  OSC: k_hat=3  ACC=1.0000  NMI=1.0000  ARI=1.0000  0.3s

=== P1L_S2_C2 train[3] k=3  dim=576  frames=186  σ=0.0  fold=5 ===
  OSC: k_hat=3  ACC=0.9839  NMI=0.9417  ARI=0.9571  0.5s

=== P1L_S2_C2 train[4] k=3  dim=576  frames=201  σ=0.0  fold=5 ===
  OSC: k_hat=3  ACC=0.9900  NMI=0.9582  ARI=0.9683  0.6s

=== P1L_S2_C2 train[5] k=3  dim=576  frames=160  σ=0.0  fold=5 ===
  OSC: k_hat=3  ACC=0.8000  NMI=0.7446  ARI=0.6793  0.4s

=== P1L_S2_C2 train[6] k=3  dim=576  frames=154  σ=0.0  fold=5 ===
  OSC: k_hat=3  ACC=1.0000  NMI=1.0000  ARI=1.0000  0.4s

=== P1L_S2_C3 train[0] k=3  dim=576  frames=119  σ=0.0  fold=5 ===
  OSC: k_hat=3  ACC=1.0000  NMI=1.0000  ARI=1.0000  0.2s

=== P1L_S2_C3 train[1] k=3  dim=576  frames=101  σ=0.0  fold=5 ===
  OSC: k_hat=3  ACC=1.0000  NMI=1.0000  ARI=1.0000  0.2s

=== P1L_S2_C3 train[2] k=3  dim=576  frames=85  σ=0.0  fold=5 ===
  OSC: k_hat=3  ACC=1.0000  NMI=1.0000  ARI=1.0000  0.1s

=== P1L_S2_C3 train[3] k=3  dim=576  frames=112  σ=0.0  fold=5 ===
  OSC: k_hat=3  ACC=0.5714  NMI=0.6638  ARI=0.4653  0.2s

=== P1L_S2_C3 train[4] k=3  dim=576  frames=126  σ=0.0  fold=5 ===
  OSC: k_hat=3  ACC=0.8333  NMI=0.7360  ARI=0.6161  0.3s

=== P1L_S2_C3 train[5] k=3  dim=576  frames=121  σ=0.0  fold=5 ===
  OSC: k_hat=3  ACC=0.9174  NMI=0.8252  ARI=0.8067  0.2s

=== P1L_S2_C3 train[6] k=3  dim=576  frames=99  σ=0.0  fold=5 ===
  OSC: k_hat=3  ACC=0.9697  NMI=0.9066  ARI=0.9152  0.2s

=== P1L_S3_C1 train[0] k=3  dim=576  frames=156  σ=0.0  fold=5 ===
  OSC: k_hat=3  ACC=0.4872  NMI=0.3228  ARI=0.0821  0.4s

=== P1L_S3_C1 train[1] k=3  dim=576  frames=120  σ=0.0  fold=5 ===
  OSC: k_hat=3  ACC=1.0000  NMI=1.0000  ARI=1.0000  0.2s

=== P1L_S3_C1 train[2] k=3  dim=576  frames=185  σ=0.0  fold=5 ===
  OSC: k_hat=3  ACC=0.9351  NMI=0.8421  ARI=0.8204  0.5s

=== P1L_S3_C1 train[3] k=3  dim=576  frames=156  σ=0.0  fold=5 ===
  OSC: k_hat=3  ACC=0.6346  NMI=0.6784  ARI=0.5044  0.4s

=== P1L_S3_C1 train[4] k=3  dim=576  frames=159  σ=0.0  fold=5 ===
  OSC: k_hat=3  ACC=0.9245  NMI=0.7727  ARI=0.7932  0.4s

=== P1L_S3_C1 train[5] k=3  dim=576  frames=176  σ=0.0  fold=5 ===
  OSC: k_hat=3  ACC=0.6818  NMI=0.6189  ARI=0.3972  0.4s

=== P1L_S3_C1 train[6] k=3  dim=576  frames=134  σ=0.0  fold=5 ===
  OSC: k_hat=3  ACC=1.0000  NMI=1.0000  ARI=1.0000  0.3s

=== P1L_S3_C2 train[0] k=3  dim=576  frames=185  σ=0.0  fold=5 ===
  OSC: k_hat=3  ACC=0.9730  NMI=0.9116  ARI=0.9170  0.5s

=== P1L_S3_C2 train[1] k=3  dim=576  frames=125  σ=0.0  fold=5 ===
  OSC: k_hat=3  ACC=0.8560  NMI=0.7657  ARI=0.7000  0.3s

=== P1L_S3_C2 train[2] k=3  dim=576  frames=166  σ=0.0  fold=5 ===
  OSC: k_hat=3  ACC=1.0000  NMI=1.0000  ARI=1.0000  0.4s

=== P1L_S3_C2 train[3] k=3  dim=576  frames=209  σ=0.0  fold=5 ===
  OSC: k_hat=3  ACC=0.7608  NMI=0.6689  ARI=0.4808  0.6s

=== P1L_S3_C2 train[4] k=3  dim=576  frames=168  σ=0.0  fold=5 ===
  OSC: k_hat=3  ACC=0.6488  NMI=0.6705  ARI=0.5211  0.4s

=== P1L_S3_C2 train[5] k=3  dim=576  frames=229  σ=0.0  fold=5 ===
  OSC: k_hat=3  ACC=0.5109  NMI=0.6332  ARI=0.4399  0.7s

=== P1L_S3_C2 train[6] k=3  dim=576  frames=136  σ=0.0  fold=5 ===
  OSC: k_hat=3  ACC=1.0000  NMI=1.0000  ARI=1.0000  0.3s

=== P1L_S3_C3 train[0] k=3  dim=576  frames=151  σ=0.0  fold=5 ===
  OSC: k_hat=3  ACC=0.9934  NMI=0.9677  ARI=0.9795  0.4s

=== P1L_S3_C3 train[1] k=3  dim=576  frames=118  σ=0.0  fold=5 ===
  OSC: k_hat=3  ACC=0.8983  NMI=0.7946  ARI=0.7354  0.3s

=== P1L_S3_C3 train[2] k=3  dim=576  frames=121  σ=0.0  fold=5 ===
  OSC: k_hat=3  ACC=1.0000  NMI=1.0000  ARI=1.0000  0.3s

=== P1L_S3_C3 train[3] k=3  dim=576  frames=142  σ=0.0  fold=5 ===
  OSC: k_hat=3  ACC=1.0000  NMI=1.0000  ARI=1.0000  0.4s

=== P1L_S3_C3 train[4] k=3  dim=576  frames=134  σ=0.0  fold=5 ===
  OSC: k_hat=3  ACC=0.8507  NMI=0.7327  ARI=0.6091  0.3s

=== P1L_S3_C3 train[5] k=3  dim=576  frames=161  σ=0.0  fold=5 ===
  OSC: k_hat=3  ACC=0.8323  NMI=0.7023  ARI=0.6433  0.4s

=== P1L_S3_C3 train[6] k=3  dim=576  frames=114  σ=0.0  fold=5 ===
  OSC: k_hat=3  ACC=0.9912  NMI=0.9630  ARI=0.9763  0.3s

=== P1L_S4_C1 train[0] k=3  dim=576  frames=200  σ=0.0  fold=5 ===
  OSC: k_hat=3  ACC=0.9550  NMI=0.8749  ARI=0.8713  0.7s

=== P1L_S4_C1 train[1] k=3  dim=576  frames=157  σ=0.0  fold=5 ===
  OSC: k_hat=3  ACC=1.0000  NMI=1.0000  ARI=1.0000  0.5s

=== P1L_S4_C1 train[2] k=3  dim=576  frames=154  σ=0.0  fold=5 ===
  OSC: k_hat=3  ACC=1.0000  NMI=1.0000  ARI=1.0000  0.4s

=== P1L_S4_C1 train[3] k=3  dim=576  frames=168  σ=0.0  fold=5 ===
  OSC: k_hat=3  ACC=0.7262  NMI=0.6963  ARI=0.5455  0.5s

=== P1L_S4_C1 train[4] k=3  dim=576  frames=142  σ=0.0  fold=5 ===
  OSC: k_hat=3  ACC=1.0000  NMI=1.0000  ARI=1.0000  0.4s

=== P1L_S4_C1 train[5] k=3  dim=576  frames=187  σ=0.0  fold=5 ===
  OSC: k_hat=3  ACC=0.5989  NMI=0.4784  ARI=0.3177  0.6s

=== P1L_S4_C1 train[6] k=3  dim=576  frames=202  σ=0.0  fold=5 ===
  OSC: k_hat=3  ACC=1.0000  NMI=1.0000  ARI=1.0000  0.7s

=== P1L_S4_C2 train[0] k=3  dim=576  frames=157  σ=0.0  fold=5 ===
  OSC: k_hat=3  ACC=0.7771  NMI=0.6675  ARI=0.4827  0.5s

=== P1L_S4_C2 train[1] k=3  dim=576  frames=149  σ=0.0  fold=5 ===
  OSC: k_hat=3  ACC=0.9195  NMI=0.8124  ARI=0.7623  0.4s

=== P1L_S4_C2 train[2] k=3  dim=576  frames=175  σ=0.0  fold=5 ===
  OSC: k_hat=3  ACC=1.0000  NMI=1.0000  ARI=1.0000  0.5s

=== P1L_S4_C2 train[3] k=3  dim=576  frames=168  σ=0.0  fold=5 ===
  OSC: k_hat=3  ACC=0.8571  NMI=0.7372  ARI=0.6347  0.5s

=== P1L_S4_C2 train[4] k=3  dim=576  frames=154  σ=0.0  fold=5 ===
  OSC: k_hat=3  ACC=1.0000  NMI=1.0000  ARI=1.0000  0.4s

=== P1L_S4_C2 train[5] k=3  dim=576  frames=169  σ=0.0  fold=5 ===
  OSC: k_hat=3  ACC=0.5976  NMI=0.6663  ARI=0.4796  0.5s

=== P1L_S4_C2 train[6] k=3  dim=576  frames=153  σ=0.0  fold=5 ===
  OSC: k_hat=3  ACC=0.9869  NMI=0.9501  ARI=0.9666  0.4s

=== P1L_S4_C3 train[0] k=3  dim=576  frames=96  σ=0.0  fold=5 ===
  OSC: k_hat=3  ACC=1.0000  NMI=1.0000  ARI=1.0000  0.2s

=== P1L_S4_C3 train[1] k=3  dim=576  frames=107  σ=0.0  fold=5 ===
  OSC: k_hat=3  ACC=1.0000  NMI=1.0000  ARI=1.0000  0.3s

=== P1L_S4_C3 train[2] k=3  dim=576  frames=94  σ=0.0  fold=5 ===
  OSC: k_hat=3  ACC=1.0000  NMI=1.0000  ARI=1.0000  0.2s

=== P1L_S4_C3 train[3] k=3  dim=576  frames=117  σ=0.0  fold=5 ===
  OSC: k_hat=3  ACC=0.7009  NMI=0.6970  ARI=0.5517  0.3s

=== P1L_S4_C3 train[4] k=3  dim=576  frames=112  σ=0.0  fold=5 ===
  OSC: k_hat=3  ACC=0.8036  NMI=0.7211  ARI=0.5862  0.3s

=== P1L_S4_C3 train[5] k=3  dim=576  frames=105  σ=0.0  fold=5 ===
  OSC: k_hat=3  ACC=0.5429  NMI=0.6577  ARI=0.4521  0.2s

=== P1L_S4_C3 train[6] k=3  dim=576  frames=107  σ=0.0  fold=5 ===
  OSC: k_hat=3  ACC=0.9813  NMI=0.9338  ARI=0.9463  0.3s

=== P1E_S1_C1 test[0] k=3  dim=576  frames=151  σ=0.0  fold=5 ===
  OSC: k_hat=3  ACC=0.6026  NMI=0.6703  ARI=0.4826  0.4s

=== P1E_S1_C2 test[0] k=3  dim=576  frames=122  σ=0.0  fold=5 ===
  OSC: k_hat=3  ACC=0.5410  NMI=0.6594  ARI=0.4560  0.3s

=== P1E_S1_C3 test[0] k=3  dim=576  frames=55  σ=0.0  fold=5 ===
  OSC: k_hat=3  ACC=1.0000  NMI=1.0000  ARI=1.0000  0.1s

=== P1E_S2_C1 test[0] k=3  dim=576  frames=124  σ=0.0  fold=5 ===
  OSC: k_hat=3  ACC=0.5806  NMI=0.6673  ARI=0.4713  0.3s

=== P1E_S2_C2 test[0] k=3  dim=576  frames=109  σ=0.0  fold=5 ===
  OSC: k_hat=3  ACC=0.6972  NMI=0.6941  ARI=0.5482  0.3s

=== P1E_S2_C3 test[0] k=3  dim=576  frames=87  σ=0.0  fold=5 ===
  OSC: k_hat=3  ACC=0.6092  NMI=0.6683  ARI=0.4793  0.2s

=== P1E_S3_C1 test[0] k=3  dim=576  frames=123  σ=0.0  fold=5 ===
  OSC: k_hat=3  ACC=0.5203  NMI=0.4254  ARI=0.2446  0.3s

=== P1E_S3_C2 test[0] k=3  dim=576  frames=107  σ=0.0  fold=5 ===
  OSC: k_hat=3  ACC=0.5888  NMI=0.6662  ARI=0.4710  0.3s

=== P1E_S3_C3 test[0] k=3  dim=576  frames=83  σ=0.0  fold=5 ===
  OSC: k_hat=3  ACC=1.0000  NMI=1.0000  ARI=1.0000  0.2s

=== P1E_S4_C1 test[0] k=3  dim=576  frames=133  σ=0.0  fold=5 ===
  OSC: k_hat=3  ACC=0.6466  NMI=0.6651  ARI=0.4918  0.4s

=== P1E_S4_C2 test[0] k=3  dim=576  frames=129  σ=0.0  fold=5 ===
  OSC: k_hat=3  ACC=0.5426  NMI=0.6602  ARI=0.4588  0.3s

=== P1E_S4_C3 test[0] k=3  dim=576  frames=76  σ=0.0  fold=5 ===
  OSC: k_hat=3  ACC=1.0000  NMI=1.0000  ARI=1.0000  0.2s

=== P1L_S1_C1 test[0] k=3  dim=576  frames=166  σ=0.0  fold=5 ===
  OSC: k_hat=3  ACC=1.0000  NMI=1.0000  ARI=1.0000  0.5s

=== P1L_S1_C2 test[0] k=3  dim=576  frames=154  σ=0.0  fold=5 ===
  OSC: k_hat=3  ACC=0.5065  NMI=0.6566  ARI=0.4500  0.4s

=== P1L_S1_C3 test[0] k=3  dim=576  frames=64  σ=0.0  fold=5 ===
  OSC: k_hat=3  ACC=0.8438  NMI=0.7524  ARI=0.6573  0.1s

=== P1L_S2_C1 test[0] k=3  dim=576  frames=179  σ=0.0  fold=5 ===
  OSC: k_hat=3  ACC=1.0000  NMI=1.0000  ARI=1.0000  0.6s

=== P1L_S2_C2 test[0] k=3  dim=576  frames=171  σ=0.0  fold=5 ===
  OSC: k_hat=3  ACC=0.8363  NMI=0.7362  ARI=0.6178  0.5s

=== P1L_S2_C3 test[0] k=3  dim=576  frames=102  σ=0.0  fold=5 ===
  OSC: k_hat=3  ACC=0.5392  NMI=0.6485  ARI=0.4410  0.2s

=== P1L_S3_C1 test[0] k=3  dim=576  frames=172  σ=0.0  fold=5 ===
  OSC: k_hat=3  ACC=0.8779  NMI=0.7752  ARI=0.6999  0.5s

=== P1L_S3_C2 test[0] k=3  dim=576  frames=187  σ=0.0  fold=5 ===
  OSC: k_hat=3  ACC=0.5508  NMI=0.6596  ARI=0.4583  0.6s

=== P1L_S3_C3 test[0] k=3  dim=576  frames=110  σ=0.0  fold=5 ===
  OSC: k_hat=3  ACC=0.8636  NMI=0.7613  ARI=0.6732  0.3s

=== P1L_S4_C1 test[0] k=3  dim=576  frames=164  σ=0.0  fold=5 ===
  OSC: k_hat=3  ACC=0.9939  NMI=0.9723  ARI=0.9819  0.5s

=== P1L_S4_C2 test[0] k=3  dim=576  frames=152  σ=0.0  fold=5 ===
  OSC: k_hat=3  ACC=0.8618  NMI=0.7611  ARI=0.6804  0.4s

=== P1L_S4_C3 test[0] k=3  dim=576  frames=103  σ=0.0  fold=5 ===
  OSC: k_hat=3  ACC=0.5437  NMI=0.6400  ARI=0.4309  0.2s
  tune_pool_groups=20: sampling from 22 held-in people (overlap allowed) instead of the 7 fixed partition group(s)

============================================================
σ=0.0 fold=6  test=['0007', '0010', '0020']  train mats=168  test mats=24  tune mats=480
  --- tune OSC over 480 train mats  n_trials=20 (2 params) ---
  OSC trial 0: mean ARI=0.7479  n=480  160.5s  lambda_1=0.1, lambda_2=0.1
  OSC trial 1: mean ARI=0.7447  n=480  159.7s  lambda_1=0.1568, lambda_2=0.7257
  OSC trial 2: mean ARI=0.7369  n=480  157.9s  lambda_1=0.2577, lambda_2=0.1512
  OSC trial 3: mean ARI=0.7496  n=480  158.8s  lambda_1=0.0495, lambda_2=0.3833
  OSC trial 4: mean ARI=0.7517  n=480  159.1s  lambda_1=0.05628, lambda_2=3.691
  OSC trial 5: mean ARI=0.0006  n=480  154.7s  lambda_1=7.156, lambda_2=0.03418
  OSC trial 6: mean ARI=0.0006  n=480  155.7s  lambda_1=1.469, lambda_2=0.1305
  OSC trial 7: mean ARI=0.7407  n=480  159.0s  lambda_1=0.1871, lambda_2=5.039
  OSC trial 8: mean ARI=0.7567  n=480  164.4s  lambda_1=0.001924, lambda_2=0.002231
  OSC trial 9: mean ARI=0.7539  n=480  158.7s  lambda_1=0.001205, lambda_2=2.14
  OSC trial 10: mean ARI=0.7568  n=480  166.6s  lambda_1=0.001206, lambda_2=0.001369
  OSC trial 11: mean ARI=0.7568  n=480  166.5s  lambda_1=0.001211, lambda_2=0.001203
  OSC trial 12: mean ARI=0.7570  n=480  164.3s  lambda_1=0.007272, lambda_2=0.001044
  OSC trial 13: mean ARI=0.7569  n=480  166.1s  lambda_1=0.006333, lambda_2=0.005656
  OSC trial 14: mean ARI=0.7594  n=480  164.9s  lambda_1=0.009138, lambda_2=0.01056
  OSC trial 15: mean ARI=0.7594  n=480  163.6s  lambda_1=0.01144, lambda_2=0.01091
  OSC trial 16: mean ARI=0.7583  n=480  151.7s  lambda_1=0.01551, lambda_2=0.01302
  OSC trial 17: mean ARI=0.7576  n=480  150.6s  lambda_1=0.01998, lambda_2=0.0186
  OSC trial 18: mean ARI=0.7575  n=480  151.5s  lambda_1=0.004241, lambda_2=0.005487
  OSC trial 19: mean ARI=0.7564  n=480  148.5s  lambda_1=0.023, lambda_2=0.04979
    best mean ARI=0.7594  tune 3183.0s  lambda_1=0.01144, lambda_2=0.01091
  wrote /nfs/turbo/umms-minjilab/lpullela/icassp_ssc_tv2/block_ssc_benchmark/cv/params/surveillance/split_k3_clean_min30_trials20_knownk_scaled_params_cv_osc_k3_sigma0_sigma0_fold6.json

=== P1E_S1_C1 train[0] k=3  dim=576  frames=146  σ=0.0  fold=6 ===
  OSC: k_hat=3  ACC=0.9178  NMI=0.7994  ARI=0.7432  0.4s

=== P1E_S1_C1 train[1] k=3  dim=576  frames=153  σ=0.0  fold=6 ===
  OSC: k_hat=3  ACC=0.9673  NMI=0.9007  ARI=0.9048  0.4s

=== P1E_S1_C1 train[2] k=3  dim=576  frames=130  σ=0.0  fold=6 ===
  OSC: k_hat=3  ACC=1.0000  NMI=1.0000  ARI=1.0000  0.3s

=== P1E_S1_C1 train[3] k=3  dim=576  frames=140  σ=0.0  fold=6 ===
  OSC: k_hat=3  ACC=0.9357  NMI=0.8323  ARI=0.7981  0.3s

=== P1E_S1_C1 train[4] k=3  dim=576  frames=157  σ=0.0  fold=6 ===
  OSC: k_hat=3  ACC=0.5860  NMI=0.6627  ARI=0.4681  0.4s

=== P1E_S1_C1 train[5] k=3  dim=576  frames=151  σ=0.0  fold=6 ===
  OSC: k_hat=3  ACC=0.6026  NMI=0.6703  ARI=0.4826  0.4s

=== P1E_S1_C1 train[6] k=3  dim=576  frames=171  σ=0.0  fold=6 ===
  OSC: k_hat=3  ACC=0.9357  NMI=0.8467  ARI=0.8312  0.5s

=== P1E_S1_C2 train[0] k=3  dim=576  frames=147  σ=0.0  fold=6 ===
  OSC: k_hat=3  ACC=0.9932  NMI=0.9693  ARI=0.9802  0.4s

=== P1E_S1_C2 train[1] k=3  dim=576  frames=115  σ=0.0  fold=6 ===
  OSC: k_hat=3  ACC=0.9913  NMI=0.9622  ARI=0.9715  0.3s

=== P1E_S1_C2 train[2] k=3  dim=576  frames=104  σ=0.0  fold=6 ===
  OSC: k_hat=3  ACC=1.0000  NMI=1.0000  ARI=1.0000  0.2s

=== P1E_S1_C2 train[3] k=3  dim=576  frames=138  σ=0.0  fold=6 ===
  OSC: k_hat=3  ACC=0.6377  NMI=0.6117  ARI=0.4601  0.3s

=== P1E_S1_C2 train[4] k=3  dim=576  frames=113  σ=0.0  fold=6 ===
  OSC: k_hat=3  ACC=0.7168  NMI=0.6181  ARI=0.5172  0.2s

=== P1E_S1_C2 train[5] k=3  dim=576  frames=122  σ=0.0  fold=6 ===
  OSC: k_hat=3  ACC=0.5410  NMI=0.6594  ARI=0.4560  0.3s

=== P1E_S1_C2 train[6] k=3  dim=576  frames=134  σ=0.0  fold=6 ===
  OSC: k_hat=3  ACC=0.9851  NMI=0.9443  ARI=0.9564  0.3s

=== P1E_S1_C3 train[0] k=3  dim=576  frames=58  σ=0.0  fold=6 ===
  OSC: k_hat=3  ACC=0.9483  NMI=0.8578  ARI=0.8376  0.1s

=== P1E_S1_C3 train[1] k=3  dim=576  frames=56  σ=0.0  fold=6 ===
  OSC: k_hat=3  ACC=0.9821  NMI=0.9328  ARI=0.9451  0.1s

=== P1E_S1_C3 train[2] k=3  dim=576  frames=47  σ=0.0  fold=6 ===
  OSC: k_hat=3  ACC=1.0000  NMI=1.0000  ARI=1.0000  0.1s

=== P1E_S1_C3 train[3] k=3  dim=576  frames=61  σ=0.0  fold=6 ===
  OSC: k_hat=3  ACC=0.5902  NMI=0.5667  ARI=0.4032  0.1s

=== P1E_S1_C3 train[4] k=3  dim=576  frames=37  σ=0.0  fold=6 ===
  OSC: k_hat=3  ACC=1.0000  NMI=1.0000  ARI=1.0000  0.1s

=== P1E_S1_C3 train[5] k=3  dim=576  frames=55  σ=0.0  fold=6 ===
  OSC: k_hat=3  ACC=1.0000  NMI=1.0000  ARI=1.0000  0.1s

=== P1E_S1_C3 train[6] k=3  dim=576  frames=69  σ=0.0  fold=6 ===
  OSC: k_hat=3  ACC=0.9565  NMI=0.8541  ARI=0.8698  0.1s

=== P1E_S2_C1 train[0] k=3  dim=576  frames=167  σ=0.0  fold=6 ===
  OSC: k_hat=3  ACC=0.8862  NMI=0.7810  ARI=0.7093  0.4s

=== P1E_S2_C1 train[1] k=3  dim=576  frames=151  σ=0.0  fold=6 ===
  OSC: k_hat=3  ACC=0.7483  NMI=0.6249  ARI=0.5166  0.4s

=== P1E_S2_C1 train[2] k=3  dim=576  frames=136  σ=0.0  fold=6 ===
  OSC: k_hat=3  ACC=0.9118  NMI=0.8084  ARI=0.7613  0.3s

=== P1E_S2_C1 train[3] k=3  dim=576  frames=180  σ=0.0  fold=6 ===
  OSC: k_hat=3  ACC=0.7278  NMI=0.6529  ARI=0.5009  0.5s

=== P1E_S2_C1 train[4] k=3  dim=576  frames=149  σ=0.0  fold=6 ===
  OSC: k_hat=3  ACC=0.6040  NMI=0.6711  ARI=0.4842  0.3s

=== P1E_S2_C1 train[5] k=3  dim=576  frames=124  σ=0.0  fold=6 ===
  OSC: k_hat=3  ACC=0.5806  NMI=0.6673  ARI=0.4713  0.3s

=== P1E_S2_C1 train[6] k=3  dim=576  frames=153  σ=0.0  fold=6 ===
  OSC: k_hat=3  ACC=0.5621  NMI=0.5800  ARI=0.4103  0.4s

=== P1E_S2_C2 train[0] k=3  dim=576  frames=146  σ=0.0  fold=6 ===
  OSC: k_hat=3  ACC=0.9384  NMI=0.8138  ARI=0.8157  0.3s

=== P1E_S2_C2 train[1] k=3  dim=576  frames=115  σ=0.0  fold=6 ===
  OSC: k_hat=3  ACC=1.0000  NMI=1.0000  ARI=1.0000  0.2s

=== P1E_S2_C2 train[2] k=3  dim=576  frames=109  σ=0.0  fold=6 ===
  OSC: k_hat=3  ACC=0.9908  NMI=0.9619  ARI=0.9735  0.2s

=== P1E_S2_C2 train[3] k=3  dim=576  frames=144  σ=0.0  fold=6 ===
  OSC: k_hat=3  ACC=0.9375  NMI=0.8481  ARI=0.8303  0.3s

=== P1E_S2_C2 train[4] k=3  dim=576  frames=124  σ=0.0  fold=6 ===
  OSC: k_hat=3  ACC=1.0000  NMI=1.0000  ARI=1.0000  0.3s

=== P1E_S2_C2 train[5] k=3  dim=576  frames=109  σ=0.0  fold=6 ===
  OSC: k_hat=3  ACC=0.6972  NMI=0.6941  ARI=0.5482  0.2s

=== P1E_S2_C2 train[6] k=3  dim=576  frames=126  σ=0.0  fold=6 ===
  OSC: k_hat=3  ACC=0.9841  NMI=0.9413  ARI=0.9532  0.2s

=== P1E_S2_C3 train[0] k=3  dim=576  frames=113  σ=0.0  fold=6 ===
  OSC: k_hat=3  ACC=1.0000  NMI=1.0000  ARI=1.0000  0.2s

=== P1E_S2_C3 train[1] k=3  dim=576  frames=88  σ=0.0  fold=6 ===
  OSC: k_hat=3  ACC=0.9773  NMI=0.9225  ARI=0.9324  0.2s

=== P1E_S2_C3 train[2] k=3  dim=576  frames=90  σ=0.0  fold=6 ===
  OSC: k_hat=3  ACC=1.0000  NMI=1.0000  ARI=1.0000  0.2s

=== P1E_S2_C3 train[3] k=3  dim=576  frames=112  σ=0.0  fold=6 ===
  OSC: k_hat=3  ACC=0.5357  NMI=0.5953  ARI=0.4243  0.2s

=== P1E_S2_C3 train[4] k=3  dim=576  frames=99  σ=0.0  fold=6 ===
  OSC: k_hat=3  ACC=0.9899  NMI=0.9585  ARI=0.9691  0.2s

=== P1E_S2_C3 train[5] k=3  dim=576  frames=87  σ=0.0  fold=6 ===
  OSC: k_hat=3  ACC=0.6092  NMI=0.6683  ARI=0.4793  0.2s

=== P1E_S2_C3 train[6] k=3  dim=576  frames=89  σ=0.0  fold=6 ===
  OSC: k_hat=3  ACC=0.9775  NMI=0.9248  ARI=0.9383  0.2s

=== P1E_S3_C1 train[0] k=3  dim=576  frames=166  σ=0.0  fold=6 ===
  OSC: k_hat=3  ACC=0.8313  NMI=0.6872  ARI=0.5715  0.4s

=== P1E_S3_C1 train[1] k=3  dim=576  frames=139  σ=0.0  fold=6 ===
  OSC: k_hat=3  ACC=0.7338  NMI=0.6984  ARI=0.5493  0.3s

=== P1E_S3_C1 train[2] k=3  dim=576  frames=134  σ=0.0  fold=6 ===
  OSC: k_hat=3  ACC=0.7985  NMI=0.6452  ARI=0.5289  0.3s

=== P1E_S3_C1 train[3] k=3  dim=576  frames=161  σ=0.0  fold=6 ===
  OSC: k_hat=3  ACC=0.8012  NMI=0.7186  ARI=0.5943  0.4s

=== P1E_S3_C1 train[4] k=3  dim=576  frames=168  σ=0.0  fold=6 ===
  OSC: k_hat=3  ACC=0.8393  NMI=0.7241  ARI=0.5866  0.4s

=== P1E_S3_C1 train[5] k=3  dim=576  frames=123  σ=0.0  fold=6 ===
  OSC: k_hat=3  ACC=0.5203  NMI=0.4254  ARI=0.2446  0.3s

=== P1E_S3_C1 train[6] k=3  dim=576  frames=112  σ=0.0  fold=6 ===
  OSC: k_hat=3  ACC=0.5625  NMI=0.6127  ARI=0.4282  0.2s

=== P1E_S3_C2 train[0] k=3  dim=576  frames=147  σ=0.0  fold=6 ===
  OSC: k_hat=3  ACC=0.8639  NMI=0.7374  ARI=0.6181  0.3s

=== P1E_S3_C2 train[1] k=3  dim=576  frames=120  σ=0.0  fold=6 ===
  OSC: k_hat=3  ACC=0.6750  NMI=0.6671  ARI=0.4773  0.2s

=== P1E_S3_C2 train[2] k=3  dim=576  frames=112  σ=0.0  fold=6 ===
  OSC: k_hat=3  ACC=0.9554  NMI=0.8723  ARI=0.8616  0.2s

=== P1E_S3_C2 train[3] k=3  dim=576  frames=168  σ=0.0  fold=6 ===
  OSC: k_hat=3  ACC=0.6905  NMI=0.6422  ARI=0.4322  0.4s

=== P1E_S3_C2 train[4] k=3  dim=576  frames=169  σ=0.0  fold=6 ===
  OSC: k_hat=3  ACC=0.8166  NMI=0.7302  ARI=0.6094  0.4s

=== P1E_S3_C2 train[5] k=3  dim=576  frames=107  σ=0.0  fold=6 ===
  OSC: k_hat=3  ACC=0.5888  NMI=0.6662  ARI=0.4710  0.2s

=== P1E_S3_C2 train[6] k=3  dim=576  frames=114  σ=0.0  fold=6 ===
  OSC: k_hat=3  ACC=0.9912  NMI=0.9609  ARI=0.9730  0.2s

=== P1E_S3_C3 train[0] k=3  dim=576  frames=105  σ=0.0  fold=6 ===
  OSC: k_hat=3  ACC=1.0000  NMI=1.0000  ARI=1.0000  0.2s

=== P1E_S3_C3 train[1] k=3  dim=576  frames=89  σ=0.0  fold=6 ===
  OSC: k_hat=3  ACC=1.0000  NMI=1.0000  ARI=1.0000  0.2s

=== P1E_S3_C3 train[2] k=3  dim=576  frames=84  σ=0.0  fold=6 ===
  OSC: k_hat=3  ACC=1.0000  NMI=1.0000  ARI=1.0000  0.2s

=== P1E_S3_C3 train[3] k=3  dim=576  frames=125  σ=0.0  fold=6 ===
  OSC: k_hat=3  ACC=0.7440  NMI=0.6711  ARI=0.4831  0.3s

=== P1E_S3_C3 train[4] k=3  dim=576  frames=128  σ=0.0  fold=6 ===
  OSC: k_hat=3  ACC=0.7500  NMI=0.7005  ARI=0.5481  0.3s

=== P1E_S3_C3 train[5] k=3  dim=576  frames=83  σ=0.0  fold=6 ===
  OSC: k_hat=3  ACC=1.0000  NMI=1.0000  ARI=1.0000  0.2s

=== P1E_S3_C3 train[6] k=3  dim=576  frames=84  σ=0.0  fold=6 ===
  OSC: k_hat=3  ACC=0.9881  NMI=0.9523  ARI=0.9667  0.2s

=== P1E_S4_C1 train[0] k=3  dim=576  frames=158  σ=0.0  fold=6 ===
  OSC: k_hat=3  ACC=0.8734  NMI=0.7427  ARI=0.6331  0.4s

=== P1E_S4_C1 train[1] k=3  dim=576  frames=107  σ=0.0  fold=6 ===
  OSC: k_hat=3  ACC=1.0000  NMI=1.0000  ARI=1.0000  0.2s

=== P1E_S4_C1 train[2] k=3  dim=576  frames=155  σ=0.0  fold=6 ===
  OSC: k_hat=3  ACC=0.9613  NMI=0.8874  ARI=0.8853  0.4s

=== P1E_S4_C1 train[3] k=3  dim=576  frames=182  σ=0.0  fold=6 ===
  OSC: k_hat=3  ACC=0.8681  NMI=0.7446  ARI=0.6754  0.5s

=== P1E_S4_C1 train[4] k=3  dim=576  frames=180  σ=0.0  fold=6 ===
  OSC: k_hat=3  ACC=1.0000  NMI=1.0000  ARI=1.0000  0.5s

=== P1E_S4_C1 train[5] k=3  dim=576  frames=133  σ=0.0  fold=6 ===
  OSC: k_hat=3  ACC=0.6466  NMI=0.6651  ARI=0.4918  0.3s

=== P1E_S4_C1 train[6] k=3  dim=576  frames=145  σ=0.0  fold=6 ===
  OSC: k_hat=3  ACC=0.9931  NMI=0.9694  ARI=0.9805  0.4s

=== P1E_S4_C2 train[0] k=3  dim=576  frames=117  σ=0.0  fold=6 ===
  OSC: k_hat=3  ACC=0.9573  NMI=0.8552  ARI=0.8756  0.3s

=== P1E_S4_C2 train[1] k=3  dim=576  frames=125  σ=0.0  fold=6 ===
  OSC: k_hat=3  ACC=0.9920  NMI=0.9653  ARI=0.9759  0.3s

=== P1E_S4_C2 train[2] k=3  dim=576  frames=122  σ=0.0  fold=6 ===
  OSC: k_hat=3  ACC=1.0000  NMI=1.0000  ARI=1.0000  0.3s

=== P1E_S4_C2 train[3] k=3  dim=576  frames=126  σ=0.0  fold=6 ===
  OSC: k_hat=3  ACC=1.0000  NMI=1.0000  ARI=1.0000  0.3s

=== P1E_S4_C2 train[4] k=3  dim=576  frames=140  σ=0.0  fold=6 ===
  OSC: k_hat=3  ACC=1.0000  NMI=1.0000  ARI=1.0000  0.3s

=== P1E_S4_C2 train[5] k=3  dim=576  frames=129  σ=0.0  fold=6 ===
  OSC: k_hat=3  ACC=0.5581  NMI=0.6606  ARI=0.4599  0.3s

=== P1E_S4_C2 train[6] k=3  dim=576  frames=110  σ=0.0  fold=6 ===
  OSC: k_hat=3  ACC=0.9818  NMI=0.9362  ARI=0.9514  0.2s

=== P1E_S4_C3 train[0] k=3  dim=576  frames=90  σ=0.0  fold=6 ===
  OSC: k_hat=3  ACC=0.9778  NMI=0.9242  ARI=0.9338  0.2s

=== P1E_S4_C3 train[1] k=3  dim=576  frames=64  σ=0.0  fold=6 ===
  OSC: k_hat=3  ACC=0.9844  NMI=0.9424  ARI=0.9536  0.1s

=== P1E_S4_C3 train[2] k=3  dim=576  frames=85  σ=0.0  fold=6 ===
  OSC: k_hat=3  ACC=1.0000  NMI=1.0000  ARI=1.0000  0.2s

=== P1E_S4_C3 train[3] k=3  dim=576  frames=105  σ=0.0  fold=6 ===
  OSC: k_hat=3  ACC=0.5524  NMI=0.5912  ARI=0.4118  0.2s

=== P1E_S4_C3 train[4] k=3  dim=576  frames=87  σ=0.0  fold=6 ===
  OSC: k_hat=3  ACC=1.0000  NMI=1.0000  ARI=1.0000  0.2s

=== P1E_S4_C3 train[5] k=3  dim=576  frames=76  σ=0.0  fold=6 ===
  OSC: k_hat=3  ACC=1.0000  NMI=1.0000  ARI=1.0000  0.1s

=== P1E_S4_C3 train[6] k=3  dim=576  frames=79  σ=0.0  fold=6 ===
  OSC: k_hat=3  ACC=0.9873  NMI=0.9504  ARI=0.9609  0.1s

=== P1L_S1_C1 train[0] k=3  dim=576  frames=162  σ=0.0  fold=6 ===
  OSC: k_hat=3  ACC=1.0000  NMI=1.0000  ARI=1.0000  0.4s

=== P1L_S1_C1 train[1] k=3  dim=576  frames=170  σ=0.0  fold=6 ===
  OSC: k_hat=3  ACC=0.7647  NMI=0.6747  ARI=0.4861  0.4s

=== P1L_S1_C1 train[2] k=3  dim=576  frames=155  σ=0.0  fold=6 ===
  OSC: k_hat=3  ACC=1.0000  NMI=1.0000  ARI=1.0000  0.4s

=== P1L_S1_C1 train[3] k=3  dim=576  frames=182  σ=0.0  fold=6 ===
  OSC: k_hat=3  ACC=1.0000  NMI=1.0000  ARI=1.0000  0.5s

=== P1L_S1_C1 train[4] k=3  dim=576  frames=198  σ=0.0  fold=6 ===
  OSC: k_hat=3  ACC=0.7323  NMI=0.6955  ARI=0.5444  0.5s

=== P1L_S1_C1 train[5] k=3  dim=576  frames=166  σ=0.0  fold=6 ===
  OSC: k_hat=3  ACC=1.0000  NMI=1.0000  ARI=1.0000  0.4s

=== P1L_S1_C1 train[6] k=3  dim=576  frames=175  σ=0.0  fold=6 ===
  OSC: k_hat=3  ACC=1.0000  NMI=1.0000  ARI=1.0000  0.4s

=== P1L_S1_C2 train[0] k=3  dim=576  frames=186  σ=0.0  fold=6 ===
  OSC: k_hat=3  ACC=0.7688  NMI=0.6813  ARI=0.5085  0.5s

=== P1L_S1_C2 train[1] k=3  dim=576  frames=137  σ=0.0  fold=6 ===
  OSC: k_hat=3  ACC=1.0000  NMI=1.0000  ARI=1.0000  0.3s

=== P1L_S1_C2 train[2] k=3  dim=576  frames=147  σ=0.0  fold=6 ===
  OSC: k_hat=3  ACC=1.0000  NMI=1.0000  ARI=1.0000  0.3s

=== P1L_S1_C2 train[3] k=3  dim=576  frames=181  σ=0.0  fold=6 ===
  OSC: k_hat=3  ACC=0.8287  NMI=0.7245  ARI=0.5963  0.5s

=== P1L_S1_C2 train[4] k=3  dim=576  frames=128  σ=0.0  fold=6 ===
  OSC: k_hat=3  ACC=0.5625  NMI=0.6666  ARI=0.4689  0.3s

=== P1L_S1_C2 train[5] k=3  dim=576  frames=154  σ=0.0  fold=6 ===
  OSC: k_hat=3  ACC=0.5065  NMI=0.6566  ARI=0.4500  0.4s

=== P1L_S1_C2 train[6] k=3  dim=576  frames=168  σ=0.0  fold=6 ===
  OSC: k_hat=3  ACC=1.0000  NMI=1.0000  ARI=1.0000  0.4s

=== P1L_S1_C3 train[0] k=3  dim=576  frames=60  σ=0.0  fold=6 ===
  OSC: k_hat=3  ACC=0.5167  NMI=0.6515  ARI=0.4364  0.1s

=== P1L_S1_C3 train[1] k=3  dim=576  frames=68  σ=0.0  fold=6 ===
  OSC: k_hat=3  ACC=1.0000  NMI=1.0000  ARI=1.0000  0.1s

=== P1L_S1_C3 train[2] k=3  dim=576  frames=65  σ=0.0  fold=6 ===
  OSC: k_hat=3  ACC=1.0000  NMI=1.0000  ARI=1.0000  0.1s

=== P1L_S1_C3 train[3] k=3  dim=576  frames=74  σ=0.0  fold=6 ===
  OSC: k_hat=3  ACC=0.5811  NMI=0.6652  ARI=0.4654  0.1s

=== P1L_S1_C3 train[4] k=3  dim=576  frames=73  σ=0.0  fold=6 ===
  OSC: k_hat=3  ACC=0.6164  NMI=0.6644  ARI=0.4742  0.1s

=== P1L_S1_C3 train[5] k=3  dim=576  frames=64  σ=0.0  fold=6 ===
  OSC: k_hat=3  ACC=0.8438  NMI=0.7524  ARI=0.6573  0.1s

=== P1L_S1_C3 train[6] k=3  dim=576  frames=75  σ=0.0  fold=6 ===
  OSC: k_hat=3  ACC=0.9867  NMI=0.9474  ARI=0.9569  0.1s

=== P1L_S2_C1 train[0] k=3  dim=576  frames=211  σ=0.0  fold=6 ===
  OSC: k_hat=3  ACC=0.8341  NMI=0.7323  ARI=0.6256  0.6s

=== P1L_S2_C1 train[1] k=3  dim=576  frames=190  σ=0.0  fold=6 ===
  OSC: k_hat=3  ACC=0.7211  NMI=0.6714  ARI=0.4890  0.5s

=== P1L_S2_C1 train[2] k=3  dim=576  frames=180  σ=0.0  fold=6 ===
  OSC: k_hat=3  ACC=1.0000  NMI=1.0000  ARI=1.0000  0.5s

=== P1L_S2_C1 train[3] k=3  dim=576  frames=177  σ=0.0  fold=6 ===
  OSC: k_hat=3  ACC=0.8305  NMI=0.6528  ARI=0.5780  0.5s

=== P1L_S2_C1 train[4] k=3  dim=576  frames=172  σ=0.0  fold=6 ===
  OSC: k_hat=3  ACC=1.0000  NMI=1.0000  ARI=1.0000  0.5s

=== P1L_S2_C1 train[5] k=3  dim=576  frames=179  σ=0.0  fold=6 ===
  OSC: k_hat=3  ACC=1.0000  NMI=1.0000  ARI=1.0000  0.5s

=== P1L_S2_C1 train[6] k=3  dim=576  frames=133  σ=0.0  fold=6 ===
  OSC: k_hat=3  ACC=1.0000  NMI=1.0000  ARI=1.0000  0.3s

=== P1L_S2_C2 train[0] k=3  dim=576  frames=194  σ=0.0  fold=6 ===
  OSC: k_hat=3  ACC=0.7990  NMI=0.6607  ARI=0.5018  0.5s

=== P1L_S2_C2 train[1] k=3  dim=576  frames=155  σ=0.0  fold=6 ===
  OSC: k_hat=3  ACC=1.0000  NMI=1.0000  ARI=1.0000  0.4s

=== P1L_S2_C2 train[2] k=3  dim=576  frames=134  σ=0.0  fold=6 ===
  OSC: k_hat=3  ACC=1.0000  NMI=1.0000  ARI=1.0000  0.3s

=== P1L_S2_C2 train[3] k=3  dim=576  frames=186  σ=0.0  fold=6 ===
  OSC: k_hat=3  ACC=0.9839  NMI=0.9417  ARI=0.9571  0.5s

=== P1L_S2_C2 train[4] k=3  dim=576  frames=201  σ=0.0  fold=6 ===
  OSC: k_hat=3  ACC=0.9900  NMI=0.9582  ARI=0.9683  0.6s

=== P1L_S2_C2 train[5] k=3  dim=576  frames=171  σ=0.0  fold=6 ===
  OSC: k_hat=3  ACC=0.8363  NMI=0.7362  ARI=0.6178  0.5s

=== P1L_S2_C2 train[6] k=3  dim=576  frames=154  σ=0.0  fold=6 ===
  OSC: k_hat=3  ACC=1.0000  NMI=1.0000  ARI=1.0000  0.4s

=== P1L_S2_C3 train[0] k=3  dim=576  frames=119  σ=0.0  fold=6 ===
  OSC: k_hat=3  ACC=1.0000  NMI=1.0000  ARI=1.0000  0.3s

=== P1L_S2_C3 train[1] k=3  dim=576  frames=101  σ=0.0  fold=6 ===
  OSC: k_hat=3  ACC=1.0000  NMI=1.0000  ARI=1.0000  0.2s

=== P1L_S2_C3 train[2] k=3  dim=576  frames=85  σ=0.0  fold=6 ===
  OSC: k_hat=3  ACC=1.0000  NMI=1.0000  ARI=1.0000  0.2s

=== P1L_S2_C3 train[3] k=3  dim=576  frames=112  σ=0.0  fold=6 ===
  OSC: k_hat=3  ACC=0.5714  NMI=0.6638  ARI=0.4653  0.2s

=== P1L_S2_C3 train[4] k=3  dim=576  frames=126  σ=0.0  fold=6 ===
  OSC: k_hat=3  ACC=0.8333  NMI=0.7360  ARI=0.6161  0.3s

=== P1L_S2_C3 train[5] k=3  dim=576  frames=102  σ=0.0  fold=6 ===
  OSC: k_hat=3  ACC=0.5392  NMI=0.6485  ARI=0.4410  0.2s

=== P1L_S2_C3 train[6] k=3  dim=576  frames=99  σ=0.0  fold=6 ===
  OSC: k_hat=3  ACC=0.9697  NMI=0.9066  ARI=0.9152  0.2s

=== P1L_S3_C1 train[0] k=3  dim=576  frames=156  σ=0.0  fold=6 ===
  OSC: k_hat=3  ACC=0.4872  NMI=0.3228  ARI=0.0821  0.4s

=== P1L_S3_C1 train[1] k=3  dim=576  frames=120  σ=0.0  fold=6 ===
  OSC: k_hat=3  ACC=1.0000  NMI=1.0000  ARI=1.0000  0.3s

=== P1L_S3_C1 train[2] k=3  dim=576  frames=185  σ=0.0  fold=6 ===
  OSC: k_hat=3  ACC=0.9351  NMI=0.8421  ARI=0.8204  0.5s

=== P1L_S3_C1 train[3] k=3  dim=576  frames=156  σ=0.0  fold=6 ===
  OSC: k_hat=3  ACC=0.6346  NMI=0.6784  ARI=0.5044  0.4s

=== P1L_S3_C1 train[4] k=3  dim=576  frames=159  σ=0.0  fold=6 ===
  OSC: k_hat=3  ACC=0.9245  NMI=0.7727  ARI=0.7932  0.4s

=== P1L_S3_C1 train[5] k=3  dim=576  frames=172  σ=0.0  fold=6 ===
  OSC: k_hat=3  ACC=0.8779  NMI=0.7752  ARI=0.6999  0.5s

=== P1L_S3_C1 train[6] k=3  dim=576  frames=134  σ=0.0  fold=6 ===
  OSC: k_hat=3  ACC=0.9552  NMI=0.8691  ARI=0.8600  0.3s

=== P1L_S3_C2 train[0] k=3  dim=576  frames=185  σ=0.0  fold=6 ===
  OSC: k_hat=3  ACC=0.9730  NMI=0.9116  ARI=0.9170  0.5s

=== P1L_S3_C2 train[1] k=3  dim=576  frames=125  σ=0.0  fold=6 ===
  OSC: k_hat=3  ACC=0.8320  NMI=0.7504  ARI=0.6713  0.3s

=== P1L_S3_C2 train[2] k=3  dim=576  frames=166  σ=0.0  fold=6 ===
  OSC: k_hat=3  ACC=1.0000  NMI=1.0000  ARI=1.0000  0.4s

=== P1L_S3_C2 train[3] k=3  dim=576  frames=209  σ=0.0  fold=6 ===
  OSC: k_hat=3  ACC=0.7608  NMI=0.5521  ARI=0.4500  0.6s

=== P1L_S3_C2 train[4] k=3  dim=576  frames=168  σ=0.0  fold=6 ===
  OSC: k_hat=3  ACC=0.6488  NMI=0.6705  ARI=0.5211  0.4s

=== P1L_S3_C2 train[5] k=3  dim=576  frames=187  σ=0.0  fold=6 ===
  OSC: k_hat=3  ACC=0.5508  NMI=0.6596  ARI=0.4583  0.5s

=== P1L_S3_C2 train[6] k=3  dim=576  frames=136  σ=0.0  fold=6 ===
  OSC: k_hat=3  ACC=1.0000  NMI=1.0000  ARI=1.0000  0.3s

=== P1L_S3_C3 train[0] k=3  dim=576  frames=151  σ=0.0  fold=6 ===
  OSC: k_hat=3  ACC=0.9934  NMI=0.9677  ARI=0.9795  0.4s

=== P1L_S3_C3 train[1] k=3  dim=576  frames=118  σ=0.0  fold=6 ===
  OSC: k_hat=3  ACC=0.8983  NMI=0.7946  ARI=0.7354  0.2s

=== P1L_S3_C3 train[2] k=3  dim=576  frames=121  σ=0.0  fold=6 ===
  OSC: k_hat=3  ACC=1.0000  NMI=1.0000  ARI=1.0000  0.3s

=== P1L_S3_C3 train[3] k=3  dim=576  frames=142  σ=0.0  fold=6 ===
  OSC: k_hat=3  ACC=1.0000  NMI=1.0000  ARI=1.0000  0.3s

=== P1L_S3_C3 train[4] k=3  dim=576  frames=134  σ=0.0  fold=6 ===
  OSC: k_hat=3  ACC=0.8507  NMI=0.7327  ARI=0.6091  0.3s

=== P1L_S3_C3 train[5] k=3  dim=576  frames=110  σ=0.0  fold=6 ===
  OSC: k_hat=3  ACC=0.8545  NMI=0.7538  ARI=0.6585  0.2s

=== P1L_S3_C3 train[6] k=3  dim=576  frames=114  σ=0.0  fold=6 ===
  OSC: k_hat=3  ACC=0.9912  NMI=0.9630  ARI=0.9763  0.2s

=== P1L_S4_C1 train[0] k=3  dim=576  frames=200  σ=0.0  fold=6 ===
  OSC: k_hat=3  ACC=0.9550  NMI=0.8749  ARI=0.8713  0.5s

=== P1L_S4_C1 train[1] k=3  dim=576  frames=157  σ=0.0  fold=6 ===
  OSC: k_hat=3  ACC=1.0000  NMI=1.0000  ARI=1.0000  0.4s

=== P1L_S4_C1 train[2] k=3  dim=576  frames=154  σ=0.0  fold=6 ===
  OSC: k_hat=3  ACC=1.0000  NMI=1.0000  ARI=1.0000  0.4s

=== P1L_S4_C1 train[3] k=3  dim=576  frames=168  σ=0.0  fold=6 ===
  OSC: k_hat=3  ACC=0.7262  NMI=0.6963  ARI=0.5455  0.4s

=== P1L_S4_C1 train[4] k=3  dim=576  frames=142  σ=0.0  fold=6 ===
  OSC: k_hat=3  ACC=1.0000  NMI=1.0000  ARI=1.0000  0.3s

=== P1L_S4_C1 train[5] k=3  dim=576  frames=164  σ=0.0  fold=6 ===
  OSC: k_hat=3  ACC=0.9939  NMI=0.9723  ARI=0.9819  0.4s

=== P1L_S4_C1 train[6] k=3  dim=576  frames=202  σ=0.0  fold=6 ===
  OSC: k_hat=3  ACC=1.0000  NMI=1.0000  ARI=1.0000  0.5s

=== P1L_S4_C2 train[0] k=3  dim=576  frames=157  σ=0.0  fold=6 ===
  OSC: k_hat=3  ACC=0.7771  NMI=0.6675  ARI=0.4827  0.4s

=== P1L_S4_C2 train[1] k=3  dim=576  frames=149  σ=0.0  fold=6 ===
  OSC: k_hat=3  ACC=0.9195  NMI=0.8124  ARI=0.7623  0.3s

=== P1L_S4_C2 train[2] k=3  dim=576  frames=175  σ=0.0  fold=6 ===
  OSC: k_hat=3  ACC=1.0000  NMI=1.0000  ARI=1.0000  0.4s

=== P1L_S4_C2 train[3] k=3  dim=576  frames=168  σ=0.0  fold=6 ===
  OSC: k_hat=3  ACC=0.8571  NMI=0.7372  ARI=0.6347  0.4s

=== P1L_S4_C2 train[4] k=3  dim=576  frames=154  σ=0.0  fold=6 ===
  OSC: k_hat=3  ACC=1.0000  NMI=1.0000  ARI=1.0000  0.4s

=== P1L_S4_C2 train[5] k=3  dim=576  frames=152  σ=0.0  fold=6 ===
  OSC: k_hat=3  ACC=0.8618  NMI=0.7611  ARI=0.6804  0.3s

=== P1L_S4_C2 train[6] k=3  dim=576  frames=153  σ=0.0  fold=6 ===
  OSC: k_hat=3  ACC=0.9869  NMI=0.9501  ARI=0.9666  0.4s

=== P1L_S4_C3 train[0] k=3  dim=576  frames=96  σ=0.0  fold=6 ===
  OSC: k_hat=3  ACC=1.0000  NMI=1.0000  ARI=1.0000  0.2s

=== P1L_S4_C3 train[1] k=3  dim=576  frames=107  σ=0.0  fold=6 ===
  OSC: k_hat=3  ACC=1.0000  NMI=1.0000  ARI=1.0000  0.2s

=== P1L_S4_C3 train[2] k=3  dim=576  frames=94  σ=0.0  fold=6 ===
  OSC: k_hat=3  ACC=1.0000  NMI=1.0000  ARI=1.0000  0.2s

=== P1L_S4_C3 train[3] k=3  dim=576  frames=117  σ=0.0  fold=6 ===
  OSC: k_hat=3  ACC=0.7009  NMI=0.6970  ARI=0.5517  0.3s

=== P1L_S4_C3 train[4] k=3  dim=576  frames=112  σ=0.0  fold=6 ===
  OSC: k_hat=3  ACC=0.8036  NMI=0.7211  ARI=0.5862  0.2s

=== P1L_S4_C3 train[5] k=3  dim=576  frames=103  σ=0.0  fold=6 ===
  OSC: k_hat=3  ACC=0.5437  NMI=0.6400  ARI=0.4309  0.2s

=== P1L_S4_C3 train[6] k=3  dim=576  frames=107  σ=0.0  fold=6 ===
  OSC: k_hat=3  ACC=0.9813  NMI=0.9338  ARI=0.9463  0.2s

=== P1E_S1_C1 test[0] k=3  dim=576  frames=140  σ=0.0  fold=6 ===
  OSC: k_hat=3  ACC=0.8786  NMI=0.7789  ARI=0.7106  0.3s

=== P1E_S1_C2 test[0] k=3  dim=576  frames=122  σ=0.0  fold=6 ===
  OSC: k_hat=3  ACC=0.9426  NMI=0.8571  ARI=0.8532  0.3s

=== P1E_S1_C3 test[0] k=3  dim=576  frames=51  σ=0.0  fold=6 ===
  OSC: k_hat=3  ACC=0.9412  NMI=0.8560  ARI=0.8447  0.1s

=== P1E_S2_C1 test[0] k=3  dim=576  frames=161  σ=0.0  fold=6 ===
  OSC: k_hat=3  ACC=0.8012  NMI=0.6951  ARI=0.5830  0.4s

=== P1E_S2_C2 test[0] k=3  dim=576  frames=128  σ=0.0  fold=6 ===
  OSC: k_hat=3  ACC=0.5938  NMI=0.6585  ARI=0.4635  0.3s

=== P1E_S2_C3 test[0] k=3  dim=576  frames=105  σ=0.0  fold=6 ===
  OSC: k_hat=3  ACC=0.9714  NMI=0.8926  ARI=0.9125  0.2s

=== P1E_S3_C1 test[0] k=3  dim=576  frames=204  σ=0.0  fold=6 ===
  OSC: k_hat=3  ACC=0.7206  NMI=0.7092  ARI=0.5882  0.6s

=== P1E_S3_C2 test[0] k=3  dim=576  frames=146  σ=0.0  fold=6 ===
  OSC: k_hat=3  ACC=0.6507  NMI=0.6149  ARI=0.3702  0.4s

=== P1E_S3_C3 test[0] k=3  dim=576  frames=129  σ=0.0  fold=6 ===
  OSC: k_hat=3  ACC=0.9845  NMI=0.9427  ARI=0.9553  0.3s

=== P1E_S4_C1 test[0] k=3  dim=576  frames=147  σ=0.0  fold=6 ===
  OSC: k_hat=3  ACC=0.5306  NMI=0.4811  ARI=0.3275  0.4s

=== P1E_S4_C2 test[0] k=3  dim=576  frames=146  σ=0.0  fold=6 ===
  OSC: k_hat=3  ACC=0.9589  NMI=0.8852  ARI=0.8877  0.4s

=== P1E_S4_C3 test[0] k=3  dim=576  frames=106  σ=0.0  fold=6 ===
  OSC: k_hat=3  ACC=0.6792  NMI=0.7026  ARI=0.5568  0.2s

=== P1L_S1_C1 test[0] k=3  dim=576  frames=116  σ=0.0  fold=6 ===
  OSC: k_hat=3  ACC=0.5517  NMI=0.5057  ARI=0.3338  0.3s

=== P1L_S1_C2 test[0] k=3  dim=576  frames=142  σ=0.0  fold=6 ===
  OSC: k_hat=3  ACC=0.8310  NMI=0.7156  ARI=0.5798  0.4s

=== P1L_S1_C3 test[0] k=3  dim=576  frames=63  σ=0.0  fold=6 ===
  OSC: k_hat=3  ACC=0.6190  NMI=0.6736  ARI=0.5014  0.1s

=== P1L_S2_C1 test[0] k=3  dim=576  frames=180  σ=0.0  fold=6 ===
  OSC: k_hat=3  ACC=0.4944  NMI=0.2578  ARI=0.0592  0.5s

=== P1L_S2_C2 test[0] k=3  dim=576  frames=160  σ=0.0  fold=6 ===
  OSC: k_hat=3  ACC=0.8000  NMI=0.7446  ARI=0.6793  0.4s

=== P1L_S2_C3 test[0] k=3  dim=576  frames=121  σ=0.0  fold=6 ===
  OSC: k_hat=3  ACC=0.9174  NMI=0.8252  ARI=0.8067  0.3s

=== P1L_S3_C1 test[0] k=3  dim=576  frames=176  σ=0.0  fold=6 ===
  OSC: k_hat=3  ACC=0.6818  NMI=0.6189  ARI=0.3972  0.5s

=== P1L_S3_C2 test[0] k=3  dim=576  frames=229  σ=0.0  fold=6 ===
  OSC: k_hat=3  ACC=0.5109  NMI=0.6332  ARI=0.4399  0.7s

=== P1L_S3_C3 test[0] k=3  dim=576  frames=161  σ=0.0  fold=6 ===
  OSC: k_hat=3  ACC=0.8323  NMI=0.7023  ARI=0.6433  0.4s

=== P1L_S4_C1 test[0] k=3  dim=576  frames=187  σ=0.0  fold=6 ===
  OSC: k_hat=3  ACC=0.5989  NMI=0.4784  ARI=0.3177  0.5s

=== P1L_S4_C2 test[0] k=3  dim=576  frames=169  σ=0.0  fold=6 ===
  OSC: k_hat=3  ACC=0.5976  NMI=0.6663  ARI=0.4796  0.5s

=== P1L_S4_C3 test[0] k=3  dim=576  frames=105  σ=0.0  fold=6 ===
  OSC: k_hat=3  ACC=0.5429  NMI=0.6577  ARI=0.4521  0.2s
  tune_pool_groups=20: sampling from 22 held-in people (overlap allowed) instead of the 7 fixed partition group(s)

============================================================
σ=0.0 fold=7  test=['0003', '0012', '0017']  train mats=168  test mats=24  tune mats=480
  --- tune OSC over 480 train mats  n_trials=20 (2 params) ---
  OSC trial 0: mean ARI=0.7569  n=480  148.1s  lambda_1=0.1, lambda_2=0.1
  OSC trial 1: mean ARI=0.7559  n=480  149.5s  lambda_1=0.1568, lambda_2=0.7257
  OSC trial 2: mean ARI=0.7492  n=480  148.5s  lambda_1=0.2577, lambda_2=0.1512
  OSC trial 3: mean ARI=0.7608  n=480  149.1s  lambda_1=0.0495, lambda_2=0.3833
  OSC trial 4: mean ARI=0.7608  n=480  148.9s  lambda_1=0.05628, lambda_2=3.691
  OSC trial 5: mean ARI=0.0016  n=480  143.3s  lambda_1=7.156, lambda_2=0.03418
  OSC trial 6: mean ARI=0.0016  n=480  146.0s  lambda_1=1.469, lambda_2=0.1305
  OSC trial 7: mean ARI=0.7550  n=480  147.4s  lambda_1=0.1871, lambda_2=5.039
  OSC trial 8: mean ARI=0.7640  n=480  156.6s  lambda_1=0.001924, lambda_2=0.002231
  OSC trial 9: mean ARI=0.7633  n=480  147.6s  lambda_1=0.001205, lambda_2=2.14
  OSC trial 10: mean ARI=0.7641  n=480  157.3s  lambda_1=0.001206, lambda_2=0.001369
  OSC trial 11: mean ARI=0.7641  n=480  154.4s  lambda_1=0.001211, lambda_2=0.001203
  OSC trial 12: mean ARI=0.7633  n=480  156.7s  lambda_1=0.007272, lambda_2=0.001044
  OSC trial 13: mean ARI=0.7632  n=480  154.1s  lambda_1=0.006333, lambda_2=0.005996
  OSC trial 14: mean ARI=0.7638  n=480  153.8s  lambda_1=0.008941, lambda_2=0.0121
  OSC trial 15: mean ARI=0.7641  n=480  158.6s  lambda_1=0.001025, lambda_2=0.003846
  OSC trial 16: mean ARI=0.7641  n=480  158.8s  lambda_1=0.003519, lambda_2=0.001207
  OSC trial 17: mean ARI=0.7625  n=480  149.6s  lambda_1=0.004329, lambda_2=0.01694
  OSC trial 18: mean ARI=0.7618  n=480  156.3s  lambda_1=0.02261, lambda_2=0.004778
  OSC trial 19: mean ARI=0.7641  n=480  154.6s  lambda_1=0.00357, lambda_2=0.00202
    best mean ARI=0.7641  tune 3039.2s  lambda_1=0.00357, lambda_2=0.00202
  wrote /nfs/turbo/umms-minjilab/lpullela/icassp_ssc_tv2/block_ssc_benchmark/cv/params/surveillance/split_k3_clean_min30_trials20_knownk_scaled_params_cv_osc_k3_sigma0_sigma0_fold7.json

=== P1E_S1_C1 train[0] k=3  dim=576  frames=146  σ=0.0  fold=7 ===
  OSC: k_hat=3  ACC=0.9178  NMI=0.7994  ARI=0.7432  0.4s

=== P1E_S1_C1 train[1] k=3  dim=576  frames=153  σ=0.0  fold=7 ===
  OSC: k_hat=3  ACC=0.9673  NMI=0.9007  ARI=0.9048  0.4s

=== P1E_S1_C1 train[2] k=3  dim=576  frames=130  σ=0.0  fold=7 ===
  OSC: k_hat=3  ACC=1.0000  NMI=1.0000  ARI=1.0000  0.3s

=== P1E_S1_C1 train[3] k=3  dim=576  frames=140  σ=0.0  fold=7 ===
  OSC: k_hat=3  ACC=0.9357  NMI=0.8323  ARI=0.7981  0.3s

=== P1E_S1_C1 train[4] k=3  dim=576  frames=157  σ=0.0  fold=7 ===
  OSC: k_hat=3  ACC=0.5860  NMI=0.6627  ARI=0.4681  0.4s

=== P1E_S1_C1 train[5] k=3  dim=576  frames=151  σ=0.0  fold=7 ===
  OSC: k_hat=3  ACC=0.6026  NMI=0.6703  ARI=0.4826  0.4s

=== P1E_S1_C1 train[6] k=3  dim=576  frames=140  σ=0.0  fold=7 ===
  OSC: k_hat=3  ACC=0.8786  NMI=0.7789  ARI=0.7106  0.3s

=== P1E_S1_C2 train[0] k=3  dim=576  frames=147  σ=0.0  fold=7 ===
  OSC: k_hat=3  ACC=0.9932  NMI=0.9693  ARI=0.9802  0.4s

=== P1E_S1_C2 train[1] k=3  dim=576  frames=115  σ=0.0  fold=7 ===
  OSC: k_hat=3  ACC=0.9913  NMI=0.9622  ARI=0.9715  0.3s

=== P1E_S1_C2 train[2] k=3  dim=576  frames=104  σ=0.0  fold=7 ===
  OSC: k_hat=3  ACC=1.0000  NMI=1.0000  ARI=1.0000  0.2s

=== P1E_S1_C2 train[3] k=3  dim=576  frames=138  σ=0.0  fold=7 ===
  OSC: k_hat=3  ACC=0.6377  NMI=0.6117  ARI=0.4601  0.3s

=== P1E_S1_C2 train[4] k=3  dim=576  frames=113  σ=0.0  fold=7 ===
  OSC: k_hat=3  ACC=0.7168  NMI=0.6181  ARI=0.5172  0.2s

=== P1E_S1_C2 train[5] k=3  dim=576  frames=122  σ=0.0  fold=7 ===
  OSC: k_hat=3  ACC=0.5410  NMI=0.6594  ARI=0.4560  0.3s

=== P1E_S1_C2 train[6] k=3  dim=576  frames=122  σ=0.0  fold=7 ===
  OSC: k_hat=3  ACC=0.9426  NMI=0.8571  ARI=0.8532  0.3s

=== P1E_S1_C3 train[0] k=3  dim=576  frames=58  σ=0.0  fold=7 ===
  OSC: k_hat=3  ACC=0.9483  NMI=0.8578  ARI=0.8376  0.1s

=== P1E_S1_C3 train[1] k=3  dim=576  frames=56  σ=0.0  fold=7 ===
  OSC: k_hat=3  ACC=0.9821  NMI=0.9328  ARI=0.9451  0.1s

=== P1E_S1_C3 train[2] k=3  dim=576  frames=47  σ=0.0  fold=7 ===
  OSC: k_hat=3  ACC=1.0000  NMI=1.0000  ARI=1.0000  0.1s

=== P1E_S1_C3 train[3] k=3  dim=576  frames=61  σ=0.0  fold=7 ===
  OSC: k_hat=3  ACC=0.5902  NMI=0.5667  ARI=0.4032  0.1s

=== P1E_S1_C3 train[4] k=3  dim=576  frames=37  σ=0.0  fold=7 ===
  OSC: k_hat=3  ACC=1.0000  NMI=1.0000  ARI=1.0000  0.1s

=== P1E_S1_C3 train[5] k=3  dim=576  frames=55  σ=0.0  fold=7 ===
  OSC: k_hat=3  ACC=1.0000  NMI=1.0000  ARI=1.0000  0.1s

=== P1E_S1_C3 train[6] k=3  dim=576  frames=51  σ=0.0  fold=7 ===
  OSC: k_hat=3  ACC=0.9412  NMI=0.8560  ARI=0.8447  0.1s

=== P1E_S2_C1 train[0] k=3  dim=576  frames=167  σ=0.0  fold=7 ===
  OSC: k_hat=3  ACC=0.8862  NMI=0.7810  ARI=0.7093  0.5s

=== P1E_S2_C1 train[1] k=3  dim=576  frames=151  σ=0.0  fold=7 ===
  OSC: k_hat=3  ACC=0.8278  NMI=0.6837  ARI=0.5812  0.4s

=== P1E_S2_C1 train[2] k=3  dim=576  frames=136  σ=0.0  fold=7 ===
  OSC: k_hat=3  ACC=0.8971  NMI=0.7907  ARI=0.7297  0.3s

=== P1E_S2_C1 train[3] k=3  dim=576  frames=180  σ=0.0  fold=7 ===
  OSC: k_hat=3  ACC=0.7278  NMI=0.6529  ARI=0.5009  0.5s

=== P1E_S2_C1 train[4] k=3  dim=576  frames=149  σ=0.0  fold=7 ===
  OSC: k_hat=3  ACC=0.6040  NMI=0.6711  ARI=0.4842  0.4s

=== P1E_S2_C1 train[5] k=3  dim=576  frames=124  σ=0.0  fold=7 ===
  OSC: k_hat=3  ACC=0.5806  NMI=0.6673  ARI=0.4713  0.3s

=== P1E_S2_C1 train[6] k=3  dim=576  frames=161  σ=0.0  fold=7 ===
  OSC: k_hat=3  ACC=0.8012  NMI=0.6951  ARI=0.5830  0.4s

=== P1E_S2_C2 train[0] k=3  dim=576  frames=146  σ=0.0  fold=7 ===
  OSC: k_hat=3  ACC=0.9384  NMI=0.8138  ARI=0.8157  0.4s

=== P1E_S2_C2 train[1] k=3  dim=576  frames=115  σ=0.0  fold=7 ===
  OSC: k_hat=3  ACC=1.0000  NMI=1.0000  ARI=1.0000  0.3s

=== P1E_S2_C2 train[2] k=3  dim=576  frames=109  σ=0.0  fold=7 ===
  OSC: k_hat=3  ACC=0.9908  NMI=0.9619  ARI=0.9735  0.2s

=== P1E_S2_C2 train[3] k=3  dim=576  frames=144  σ=0.0  fold=7 ===
  OSC: k_hat=3  ACC=0.9375  NMI=0.8481  ARI=0.8303  0.4s

=== P1E_S2_C2 train[4] k=3  dim=576  frames=124  σ=0.0  fold=7 ===
  OSC: k_hat=3  ACC=1.0000  NMI=1.0000  ARI=1.0000  0.3s

=== P1E_S2_C2 train[5] k=3  dim=576  frames=109  σ=0.0  fold=7 ===
  OSC: k_hat=3  ACC=0.6972  NMI=0.6941  ARI=0.5482  0.2s

=== P1E_S2_C2 train[6] k=3  dim=576  frames=128  σ=0.0  fold=7 ===
  OSC: k_hat=3  ACC=0.5938  NMI=0.6585  ARI=0.4635  0.3s

=== P1E_S2_C3 train[0] k=3  dim=576  frames=113  σ=0.0  fold=7 ===
  OSC: k_hat=3  ACC=1.0000  NMI=1.0000  ARI=1.0000  0.2s

=== P1E_S2_C3 train[1] k=3  dim=576  frames=88  σ=0.0  fold=7 ===
  OSC: k_hat=3  ACC=0.9773  NMI=0.9225  ARI=0.9324  0.2s

=== P1E_S2_C3 train[2] k=3  dim=576  frames=90  σ=0.0  fold=7 ===
  OSC: k_hat=3  ACC=1.0000  NMI=1.0000  ARI=1.0000  0.2s

=== P1E_S2_C3 train[3] k=3  dim=576  frames=112  σ=0.0  fold=7 ===
  OSC: k_hat=3  ACC=0.5357  NMI=0.5953  ARI=0.4243  0.2s

=== P1E_S2_C3 train[4] k=3  dim=576  frames=99  σ=0.0  fold=7 ===
  OSC: k_hat=3  ACC=0.9899  NMI=0.9585  ARI=0.9691  0.2s

=== P1E_S2_C3 train[5] k=3  dim=576  frames=87  σ=0.0  fold=7 ===
  OSC: k_hat=3  ACC=0.6092  NMI=0.6683  ARI=0.4793  0.2s

=== P1E_S2_C3 train[6] k=3  dim=576  frames=105  σ=0.0  fold=7 ===
  OSC: k_hat=3  ACC=0.9714  NMI=0.8926  ARI=0.9125  0.2s

=== P1E_S3_C1 train[0] k=3  dim=576  frames=166  σ=0.0  fold=7 ===
  OSC: k_hat=3  ACC=0.8313  NMI=0.6872  ARI=0.5715  0.4s

=== P1E_S3_C1 train[1] k=3  dim=576  frames=139  σ=0.0  fold=7 ===
  OSC: k_hat=3  ACC=0.7338  NMI=0.6984  ARI=0.5493  0.3s

=== P1E_S3_C1 train[2] k=3  dim=576  frames=134  σ=0.0  fold=7 ===
  OSC: k_hat=3  ACC=0.7985  NMI=0.6452  ARI=0.5289  0.3s

=== P1E_S3_C1 train[3] k=3  dim=576  frames=161  σ=0.0  fold=7 ===
  OSC: k_hat=3  ACC=0.8012  NMI=0.7186  ARI=0.5943  0.4s

=== P1E_S3_C1 train[4] k=3  dim=576  frames=168  σ=0.0  fold=7 ===
  OSC: k_hat=3  ACC=0.8393  NMI=0.7241  ARI=0.5866  0.5s

=== P1E_S3_C1 train[5] k=3  dim=576  frames=123  σ=0.0  fold=7 ===
  OSC: k_hat=3  ACC=0.5203  NMI=0.4254  ARI=0.2446  0.3s

=== P1E_S3_C1 train[6] k=3  dim=576  frames=204  σ=0.0  fold=7 ===
  OSC: k_hat=3  ACC=0.7206  NMI=0.7092  ARI=0.5882  0.6s

=== P1E_S3_C2 train[0] k=3  dim=576  frames=147  σ=0.0  fold=7 ===
  OSC: k_hat=3  ACC=0.8639  NMI=0.7374  ARI=0.6181  0.4s

=== P1E_S3_C2 train[1] k=3  dim=576  frames=120  σ=0.0  fold=7 ===
  OSC: k_hat=3  ACC=0.6750  NMI=0.6671  ARI=0.4773  0.3s

=== P1E_S3_C2 train[2] k=3  dim=576  frames=112  σ=0.0  fold=7 ===
  OSC: k_hat=3  ACC=0.9554  NMI=0.8723  ARI=0.8616  0.2s

=== P1E_S3_C2 train[3] k=3  dim=576  frames=168  σ=0.0  fold=7 ===
  OSC: k_hat=3  ACC=0.6905  NMI=0.6422  ARI=0.4322  0.5s

=== P1E_S3_C2 train[4] k=3  dim=576  frames=169  σ=0.0  fold=7 ===
  OSC: k_hat=3  ACC=0.8166  NMI=0.7302  ARI=0.6094  0.5s

=== P1E_S3_C2 train[5] k=3  dim=576  frames=107  σ=0.0  fold=7 ===
  OSC: k_hat=3  ACC=0.5888  NMI=0.6662  ARI=0.4710  0.2s

=== P1E_S3_C2 train[6] k=3  dim=576  frames=146  σ=0.0  fold=7 ===
  OSC: k_hat=3  ACC=0.6507  NMI=0.6149  ARI=0.3702  0.4s

=== P1E_S3_C3 train[0] k=3  dim=576  frames=105  σ=0.0  fold=7 ===
  OSC: k_hat=3  ACC=1.0000  NMI=1.0000  ARI=1.0000  0.2s

=== P1E_S3_C3 train[1] k=3  dim=576  frames=89  σ=0.0  fold=7 ===
  OSC: k_hat=3  ACC=1.0000  NMI=1.0000  ARI=1.0000  0.2s

=== P1E_S3_C3 train[2] k=3  dim=576  frames=84  σ=0.0  fold=7 ===
  OSC: k_hat=3  ACC=1.0000  NMI=1.0000  ARI=1.0000  0.2s

=== P1E_S3_C3 train[3] k=3  dim=576  frames=125  σ=0.0  fold=7 ===
  OSC: k_hat=3  ACC=0.7440  NMI=0.6711  ARI=0.4831  0.3s

=== P1E_S3_C3 train[4] k=3  dim=576  frames=128  σ=0.0  fold=7 ===
  OSC: k_hat=3  ACC=0.7500  NMI=0.7005  ARI=0.5481  0.3s

=== P1E_S3_C3 train[5] k=3  dim=576  frames=83  σ=0.0  fold=7 ===
  OSC: k_hat=3  ACC=1.0000  NMI=1.0000  ARI=1.0000  0.2s

=== P1E_S3_C3 train[6] k=3  dim=576  frames=129  σ=0.0  fold=7 ===
  OSC: k_hat=3  ACC=0.9845  NMI=0.9427  ARI=0.9553  0.3s

=== P1E_S4_C1 train[0] k=3  dim=576  frames=158  σ=0.0  fold=7 ===
  OSC: k_hat=3  ACC=0.8734  NMI=0.7427  ARI=0.6331  0.4s

=== P1E_S4_C1 train[1] k=3  dim=576  frames=107  σ=0.0  fold=7 ===
  OSC: k_hat=3  ACC=1.0000  NMI=1.0000  ARI=1.0000  0.2s

=== P1E_S4_C1 train[2] k=3  dim=576  frames=155  σ=0.0  fold=7 ===
  OSC: k_hat=3  ACC=0.9613  NMI=0.8874  ARI=0.8853  0.4s

=== P1E_S4_C1 train[3] k=3  dim=576  frames=182  σ=0.0  fold=7 ===
  OSC: k_hat=3  ACC=0.8681  NMI=0.7446  ARI=0.6754  0.5s

=== P1E_S4_C1 train[4] k=3  dim=576  frames=180  σ=0.0  fold=7 ===
  OSC: k_hat=3  ACC=1.0000  NMI=1.0000  ARI=1.0000  0.5s

=== P1E_S4_C1 train[5] k=3  dim=576  frames=133  σ=0.0  fold=7 ===
  OSC: k_hat=3  ACC=0.6466  NMI=0.6651  ARI=0.4918  0.3s

=== P1E_S4_C1 train[6] k=3  dim=576  frames=147  σ=0.0  fold=7 ===
  OSC: k_hat=3  ACC=0.5306  NMI=0.4811  ARI=0.3275  0.4s

=== P1E_S4_C2 train[0] k=3  dim=576  frames=117  σ=0.0  fold=7 ===
  OSC: k_hat=3  ACC=0.9573  NMI=0.8552  ARI=0.8756  0.3s

=== P1E_S4_C2 train[1] k=3  dim=576  frames=125  σ=0.0  fold=7 ===
  OSC: k_hat=3  ACC=0.9920  NMI=0.9653  ARI=0.9759  0.3s

=== P1E_S4_C2 train[2] k=3  dim=576  frames=122  σ=0.0  fold=7 ===
  OSC: k_hat=3  ACC=1.0000  NMI=1.0000  ARI=1.0000  0.3s

=== P1E_S4_C2 train[3] k=3  dim=576  frames=126  σ=0.0  fold=7 ===
  OSC: k_hat=3  ACC=1.0000  NMI=1.0000  ARI=1.0000  0.3s

=== P1E_S4_C2 train[4] k=3  dim=576  frames=140  σ=0.0  fold=7 ===
  OSC: k_hat=3  ACC=1.0000  NMI=1.0000  ARI=1.0000  0.4s

=== P1E_S4_C2 train[5] k=3  dim=576  frames=129  σ=0.0  fold=7 ===
  OSC: k_hat=3  ACC=0.5426  NMI=0.6602  ARI=0.4588  0.3s

=== P1E_S4_C2 train[6] k=3  dim=576  frames=146  σ=0.0  fold=7 ===
  OSC: k_hat=3  ACC=0.9589  NMI=0.8852  ARI=0.8877  0.4s

=== P1E_S4_C3 train[0] k=3  dim=576  frames=90  σ=0.0  fold=7 ===
  OSC: k_hat=3  ACC=0.9778  NMI=0.9242  ARI=0.9338  0.2s

=== P1E_S4_C3 train[1] k=3  dim=576  frames=64  σ=0.0  fold=7 ===
  OSC: k_hat=3  ACC=0.9844  NMI=0.9424  ARI=0.9536  0.1s

=== P1E_S4_C3 train[2] k=3  dim=576  frames=85  σ=0.0  fold=7 ===
  OSC: k_hat=3  ACC=1.0000  NMI=1.0000  ARI=1.0000  0.2s

=== P1E_S4_C3 train[3] k=3  dim=576  frames=105  σ=0.0  fold=7 ===
  OSC: k_hat=3  ACC=0.5524  NMI=0.5912  ARI=0.4118  0.2s

=== P1E_S4_C3 train[4] k=3  dim=576  frames=87  σ=0.0  fold=7 ===
  OSC: k_hat=3  ACC=1.0000  NMI=1.0000  ARI=1.0000  0.2s

=== P1E_S4_C3 train[5] k=3  dim=576  frames=76  σ=0.0  fold=7 ===
  OSC: k_hat=3  ACC=1.0000  NMI=1.0000  ARI=1.0000  0.2s

=== P1E_S4_C3 train[6] k=3  dim=576  frames=106  σ=0.0  fold=7 ===
  OSC: k_hat=3  ACC=0.6792  NMI=0.7026  ARI=0.5568  0.2s

=== P1L_S1_C1 train[0] k=3  dim=576  frames=162  σ=0.0  fold=7 ===
  OSC: k_hat=3  ACC=1.0000  NMI=1.0000  ARI=1.0000  0.4s

=== P1L_S1_C1 train[1] k=3  dim=576  frames=170  σ=0.0  fold=7 ===
  OSC: k_hat=3  ACC=0.7647  NMI=0.6747  ARI=0.4861  0.4s

=== P1L_S1_C1 train[2] k=3  dim=576  frames=155  σ=0.0  fold=7 ===
  OSC: k_hat=3  ACC=1.0000  NMI=1.0000  ARI=1.0000  0.4s

=== P1L_S1_C1 train[3] k=3  dim=576  frames=182  σ=0.0  fold=7 ===
  OSC: k_hat=3  ACC=1.0000  NMI=1.0000  ARI=1.0000  0.5s

=== P1L_S1_C1 train[4] k=3  dim=576  frames=198  σ=0.0  fold=7 ===
  OSC: k_hat=3  ACC=0.7323  NMI=0.6955  ARI=0.5444  0.5s

=== P1L_S1_C1 train[5] k=3  dim=576  frames=166  σ=0.0  fold=7 ===
  OSC: k_hat=3  ACC=1.0000  NMI=1.0000  ARI=1.0000  0.4s

=== P1L_S1_C1 train[6] k=3  dim=576  frames=116  σ=0.0  fold=7 ===
  OSC: k_hat=3  ACC=0.5517  NMI=0.5057  ARI=0.3338  0.2s

=== P1L_S1_C2 train[0] k=3  dim=576  frames=186  σ=0.0  fold=7 ===
  OSC: k_hat=3  ACC=0.8118  NMI=0.6805  ARI=0.5511  0.5s

=== P1L_S1_C2 train[1] k=3  dim=576  frames=137  σ=0.0  fold=7 ===
  OSC: k_hat=3  ACC=1.0000  NMI=1.0000  ARI=1.0000  0.3s

=== P1L_S1_C2 train[2] k=3  dim=576  frames=147  σ=0.0  fold=7 ===
  OSC: k_hat=3  ACC=1.0000  NMI=1.0000  ARI=1.0000  0.3s

=== P1L_S1_C2 train[3] k=3  dim=576  frames=181  σ=0.0  fold=7 ===
  OSC: k_hat=3  ACC=0.8287  NMI=0.7245  ARI=0.5963  0.5s

=== P1L_S1_C2 train[4] k=3  dim=576  frames=128  σ=0.0  fold=7 ===
  OSC: k_hat=3  ACC=0.5625  NMI=0.6666  ARI=0.4689  0.3s

=== P1L_S1_C2 train[5] k=3  dim=576  frames=154  σ=0.0  fold=7 ===
  OSC: k_hat=3  ACC=0.5065  NMI=0.6566  ARI=0.4500  0.4s

=== P1L_S1_C2 train[6] k=3  dim=576  frames=142  σ=0.0  fold=7 ===
  OSC: k_hat=3  ACC=0.5352  NMI=0.6225  ARI=0.4110  0.3s

=== P1L_S1_C3 train[0] k=3  dim=576  frames=60  σ=0.0  fold=7 ===
  OSC: k_hat=3  ACC=0.5167  NMI=0.6515  ARI=0.4364  0.1s

=== P1L_S1_C3 train[1] k=3  dim=576  frames=68  σ=0.0  fold=7 ===
  OSC: k_hat=3  ACC=1.0000  NMI=1.0000  ARI=1.0000  0.1s

=== P1L_S1_C3 train[2] k=3  dim=576  frames=65  σ=0.0  fold=7 ===
  OSC: k_hat=3  ACC=1.0000  NMI=1.0000  ARI=1.0000  0.1s

=== P1L_S1_C3 train[3] k=3  dim=576  frames=74  σ=0.0  fold=7 ===
  OSC: k_hat=3  ACC=0.5811  NMI=0.6652  ARI=0.4654  0.1s

=== P1L_S1_C3 train[4] k=3  dim=576  frames=73  σ=0.0  fold=7 ===
  OSC: k_hat=3  ACC=0.6164  NMI=0.6644  ARI=0.4742  0.1s

=== P1L_S1_C3 train[5] k=3  dim=576  frames=64  σ=0.0  fold=7 ===
  OSC: k_hat=3  ACC=0.8438  NMI=0.7524  ARI=0.6573  0.1s

=== P1L_S1_C3 train[6] k=3  dim=576  frames=63  σ=0.0  fold=7 ===
  OSC: k_hat=3  ACC=0.6190  NMI=0.6736  ARI=0.5014  0.1s

=== P1L_S2_C1 train[0] k=3  dim=576  frames=211  σ=0.0  fold=7 ===
  OSC: k_hat=3  ACC=0.8341  NMI=0.7323  ARI=0.6256  0.6s

=== P1L_S2_C1 train[1] k=3  dim=576  frames=190  σ=0.0  fold=7 ===
  OSC: k_hat=3  ACC=0.7211  NMI=0.6714  ARI=0.4890  0.5s

=== P1L_S2_C1 train[2] k=3  dim=576  frames=180  σ=0.0  fold=7 ===
  OSC: k_hat=3  ACC=1.0000  NMI=1.0000  ARI=1.0000  0.5s

=== P1L_S2_C1 train[3] k=3  dim=576  frames=177  σ=0.0  fold=7 ===
  OSC: k_hat=3  ACC=0.8305  NMI=0.6528  ARI=0.5780  0.5s

=== P1L_S2_C1 train[4] k=3  dim=576  frames=172  σ=0.0  fold=7 ===
  OSC: k_hat=3  ACC=1.0000  NMI=1.0000  ARI=1.0000  0.4s

=== P1L_S2_C1 train[5] k=3  dim=576  frames=179  σ=0.0  fold=7 ===
  OSC: k_hat=3  ACC=1.0000  NMI=1.0000  ARI=1.0000  0.4s

=== P1L_S2_C1 train[6] k=3  dim=576  frames=180  σ=0.0  fold=7 ===
  OSC: k_hat=3  ACC=0.4944  NMI=0.2578  ARI=0.0592  0.4s

=== P1L_S2_C2 train[0] k=3  dim=576  frames=194  σ=0.0  fold=7 ===
  OSC: k_hat=3  ACC=0.7990  NMI=0.6607  ARI=0.5018  0.4s

=== P1L_S2_C2 train[1] k=3  dim=576  frames=155  σ=0.0  fold=7 ===
  OSC: k_hat=3  ACC=1.0000  NMI=1.0000  ARI=1.0000  0.3s

=== P1L_S2_C2 train[2] k=3  dim=576  frames=134  σ=0.0  fold=7 ===
  OSC: k_hat=3  ACC=1.0000  NMI=1.0000  ARI=1.0000  0.3s

=== P1L_S2_C2 train[3] k=3  dim=576  frames=186  σ=0.0  fold=7 ===
  OSC: k_hat=3  ACC=0.9839  NMI=0.9417  ARI=0.9571  0.4s

=== P1L_S2_C2 train[4] k=3  dim=576  frames=201  σ=0.0  fold=7 ===
  OSC: k_hat=3  ACC=0.9900  NMI=0.9582  ARI=0.9683  0.5s

=== P1L_S2_C2 train[5] k=3  dim=576  frames=171  σ=0.0  fold=7 ===
  OSC: k_hat=3  ACC=0.8363  NMI=0.7362  ARI=0.6178  0.4s

=== P1L_S2_C2 train[6] k=3  dim=576  frames=160  σ=0.0  fold=7 ===
  OSC: k_hat=3  ACC=0.8000  NMI=0.7446  ARI=0.6793  0.3s

=== P1L_S2_C3 train[0] k=3  dim=576  frames=119  σ=0.0  fold=7 ===
  OSC: k_hat=3  ACC=1.0000  NMI=1.0000  ARI=1.0000  0.2s

=== P1L_S2_C3 train[1] k=3  dim=576  frames=101  σ=0.0  fold=7 ===
  OSC: k_hat=3  ACC=1.0000  NMI=1.0000  ARI=1.0000  0.2s

=== P1L_S2_C3 train[2] k=3  dim=576  frames=85  σ=0.0  fold=7 ===
  OSC: k_hat=3  ACC=1.0000  NMI=1.0000  ARI=1.0000  0.1s

=== P1L_S2_C3 train[3] k=3  dim=576  frames=112  σ=0.0  fold=7 ===
  OSC: k_hat=3  ACC=0.5714  NMI=0.6638  ARI=0.4653  0.2s

=== P1L_S2_C3 train[4] k=3  dim=576  frames=126  σ=0.0  fold=7 ===
  OSC: k_hat=3  ACC=0.8333  NMI=0.7360  ARI=0.6161  0.2s

=== P1L_S2_C3 train[5] k=3  dim=576  frames=102  σ=0.0  fold=7 ===
  OSC: k_hat=3  ACC=0.5392  NMI=0.6485  ARI=0.4410  0.2s

=== P1L_S2_C3 train[6] k=3  dim=576  frames=121  σ=0.0  fold=7 ===
  OSC: k_hat=3  ACC=0.9174  NMI=0.8252  ARI=0.8067  0.2s

=== P1L_S3_C1 train[0] k=3  dim=576  frames=156  σ=0.0  fold=7 ===
  OSC: k_hat=3  ACC=0.4872  NMI=0.3228  ARI=0.0821  0.3s

=== P1L_S3_C1 train[1] k=3  dim=576  frames=120  σ=0.0  fold=7 ===
  OSC: k_hat=3  ACC=1.0000  NMI=1.0000  ARI=1.0000  0.2s

=== P1L_S3_C1 train[2] k=3  dim=576  frames=185  σ=0.0  fold=7 ===
  OSC: k_hat=3  ACC=0.9351  NMI=0.8421  ARI=0.8204  0.4s

=== P1L_S3_C1 train[3] k=3  dim=576  frames=156  σ=0.0  fold=7 ===
  OSC: k_hat=3  ACC=0.6346  NMI=0.6784  ARI=0.5044  0.3s

=== P1L_S3_C1 train[4] k=3  dim=576  frames=159  σ=0.0  fold=7 ===
  OSC: k_hat=3  ACC=0.9245  NMI=0.7727  ARI=0.7932  0.3s

=== P1L_S3_C1 train[5] k=3  dim=576  frames=172  σ=0.0  fold=7 ===
  OSC: k_hat=3  ACC=0.8779  NMI=0.7752  ARI=0.6999  0.3s

=== P1L_S3_C1 train[6] k=3  dim=576  frames=176  σ=0.0  fold=7 ===
  OSC: k_hat=3  ACC=0.6818  NMI=0.6189  ARI=0.3972  0.3s

=== P1L_S3_C2 train[0] k=3  dim=576  frames=185  σ=0.0  fold=7 ===
  OSC: k_hat=3  ACC=0.9730  NMI=0.9116  ARI=0.9170  0.4s

=== P1L_S3_C2 train[1] k=3  dim=576  frames=125  σ=0.0  fold=7 ===
  OSC: k_hat=3  ACC=0.8400  NMI=0.7551  ARI=0.6802  0.2s

=== P1L_S3_C2 train[2] k=3  dim=576  frames=166  σ=0.0  fold=7 ===
  OSC: k_hat=3  ACC=1.0000  NMI=1.0000  ARI=1.0000  0.3s

=== P1L_S3_C2 train[3] k=3  dim=576  frames=209  σ=0.0  fold=7 ===
  OSC: k_hat=3  ACC=0.7608  NMI=0.5521  ARI=0.4500  0.4s

=== P1L_S3_C2 train[4] k=3  dim=576  frames=168  σ=0.0  fold=7 ===
  OSC: k_hat=3  ACC=0.6488  NMI=0.6705  ARI=0.5211  0.3s

=== P1L_S3_C2 train[5] k=3  dim=576  frames=187  σ=0.0  fold=7 ===
  OSC: k_hat=3  ACC=0.5508  NMI=0.6596  ARI=0.4583  0.4s

=== P1L_S3_C2 train[6] k=3  dim=576  frames=229  σ=0.0  fold=7 ===
  OSC: k_hat=3  ACC=0.5109  NMI=0.6332  ARI=0.4399  0.6s

=== P1L_S3_C3 train[0] k=3  dim=576  frames=151  σ=0.0  fold=7 ===
  OSC: k_hat=3  ACC=0.9934  NMI=0.9677  ARI=0.9795  0.3s

=== P1L_S3_C3 train[1] k=3  dim=576  frames=118  σ=0.0  fold=7 ===
  OSC: k_hat=3  ACC=0.8983  NMI=0.7946  ARI=0.7354  0.2s

=== P1L_S3_C3 train[2] k=3  dim=576  frames=121  σ=0.0  fold=7 ===
  OSC: k_hat=3  ACC=1.0000  NMI=1.0000  ARI=1.0000  0.2s

=== P1L_S3_C3 train[3] k=3  dim=576  frames=142  σ=0.0  fold=7 ===
  OSC: k_hat=3  ACC=1.0000  NMI=1.0000  ARI=1.0000  0.3s

=== P1L_S3_C3 train[4] k=3  dim=576  frames=134  σ=0.0  fold=7 ===
  OSC: k_hat=3  ACC=0.8507  NMI=0.7327  ARI=0.6091  0.3s

=== P1L_S3_C3 train[5] k=3  dim=576  frames=110  σ=0.0  fold=7 ===
  OSC: k_hat=3  ACC=0.8545  NMI=0.7538  ARI=0.6585  0.2s

=== P1L_S3_C3 train[6] k=3  dim=576  frames=161  σ=0.0  fold=7 ===
  OSC: k_hat=3  ACC=0.8323  NMI=0.7023  ARI=0.6433  0.3s

=== P1L_S4_C1 train[0] k=3  dim=576  frames=200  σ=0.0  fold=7 ===
  OSC: k_hat=3  ACC=0.9550  NMI=0.8749  ARI=0.8713  0.5s

=== P1L_S4_C1 train[1] k=3  dim=576  frames=157  σ=0.0  fold=7 ===
  OSC: k_hat=3  ACC=1.0000  NMI=1.0000  ARI=1.0000  0.3s

=== P1L_S4_C1 train[2] k=3  dim=576  frames=154  σ=0.0  fold=7 ===
  OSC: k_hat=3  ACC=1.0000  NMI=1.0000  ARI=1.0000  0.3s

=== P1L_S4_C1 train[3] k=3  dim=576  frames=168  σ=0.0  fold=7 ===
  OSC: k_hat=3  ACC=0.7262  NMI=0.6963  ARI=0.5455  0.4s

=== P1L_S4_C1 train[4] k=3  dim=576  frames=142  σ=0.0  fold=7 ===
  OSC: k_hat=3  ACC=1.0000  NMI=1.0000  ARI=1.0000  0.3s

=== P1L_S4_C1 train[5] k=3  dim=576  frames=164  σ=0.0  fold=7 ===
  OSC: k_hat=3  ACC=0.9939  NMI=0.9723  ARI=0.9819  0.4s

=== P1L_S4_C1 train[6] k=3  dim=576  frames=187  σ=0.0  fold=7 ===
  OSC: k_hat=3  ACC=0.5989  NMI=0.4784  ARI=0.3177  0.5s

=== P1L_S4_C2 train[0] k=3  dim=576  frames=157  σ=0.0  fold=7 ===
  OSC: k_hat=3  ACC=0.7771  NMI=0.6675  ARI=0.4827  0.3s

=== P1L_S4_C2 train[1] k=3  dim=576  frames=149  σ=0.0  fold=7 ===
  OSC: k_hat=3  ACC=0.9195  NMI=0.8124  ARI=0.7623  0.3s

=== P1L_S4_C2 train[2] k=3  dim=576  frames=175  σ=0.0  fold=7 ===
  OSC: k_hat=3  ACC=1.0000  NMI=1.0000  ARI=1.0000  0.4s

=== P1L_S4_C2 train[3] k=3  dim=576  frames=168  σ=0.0  fold=7 ===
  OSC: k_hat=3  ACC=0.8571  NMI=0.7372  ARI=0.6347  0.4s

=== P1L_S4_C2 train[4] k=3  dim=576  frames=154  σ=0.0  fold=7 ===
  OSC: k_hat=3  ACC=1.0000  NMI=1.0000  ARI=1.0000  0.3s

=== P1L_S4_C2 train[5] k=3  dim=576  frames=152  σ=0.0  fold=7 ===
  OSC: k_hat=3  ACC=0.8618  NMI=0.7611  ARI=0.6804  0.3s

=== P1L_S4_C2 train[6] k=3  dim=576  frames=169  σ=0.0  fold=7 ===
  OSC: k_hat=3  ACC=0.5976  NMI=0.6663  ARI=0.4796  0.4s

=== P1L_S4_C3 train[0] k=3  dim=576  frames=96  σ=0.0  fold=7 ===
  OSC: k_hat=3  ACC=1.0000  NMI=1.0000  ARI=1.0000  0.2s

=== P1L_S4_C3 train[1] k=3  dim=576  frames=107  σ=0.0  fold=7 ===
  OSC: k_hat=3  ACC=1.0000  NMI=1.0000  ARI=1.0000  0.2s

=== P1L_S4_C3 train[2] k=3  dim=576  frames=94  σ=0.0  fold=7 ===
  OSC: k_hat=3  ACC=1.0000  NMI=1.0000  ARI=1.0000  0.2s

=== P1L_S4_C3 train[3] k=3  dim=576  frames=117  σ=0.0  fold=7 ===
  OSC: k_hat=3  ACC=0.7009  NMI=0.6970  ARI=0.5517  0.2s

=== P1L_S4_C3 train[4] k=3  dim=576  frames=112  σ=0.0  fold=7 ===
  OSC: k_hat=3  ACC=0.8036  NMI=0.7211  ARI=0.5862  0.2s

=== P1L_S4_C3 train[5] k=3  dim=576  frames=103  σ=0.0  fold=7 ===
  OSC: k_hat=3  ACC=0.5437  NMI=0.6400  ARI=0.4309  0.2s

=== P1L_S4_C3 train[6] k=3  dim=576  frames=105  σ=0.0  fold=7 ===
  OSC: k_hat=3  ACC=0.5429  NMI=0.6577  ARI=0.4521  0.2s

=== P1E_S1_C1 test[0] k=3  dim=576  frames=171  σ=0.0  fold=7 ===
  OSC: k_hat=3  ACC=0.9357  NMI=0.8467  ARI=0.8312  0.4s

=== P1E_S1_C2 test[0] k=3  dim=576  frames=134  σ=0.0  fold=7 ===
  OSC: k_hat=3  ACC=0.9851  NMI=0.9443  ARI=0.9564  0.3s

=== P1E_S1_C3 test[0] k=3  dim=576  frames=69  σ=0.0  fold=7 ===
  OSC: k_hat=3  ACC=0.9565  NMI=0.8541  ARI=0.8698  0.1s

=== P1E_S2_C1 test[0] k=3  dim=576  frames=153  σ=0.0  fold=7 ===
  OSC: k_hat=3  ACC=0.5621  NMI=0.5800  ARI=0.4103  0.3s

=== P1E_S2_C2 test[0] k=3  dim=576  frames=126  σ=0.0  fold=7 ===
  OSC: k_hat=3  ACC=0.9841  NMI=0.9413  ARI=0.9532  0.3s

=== P1E_S2_C3 test[0] k=3  dim=576  frames=89  σ=0.0  fold=7 ===
  OSC: k_hat=3  ACC=0.9775  NMI=0.9248  ARI=0.9383  0.2s

=== P1E_S3_C1 test[0] k=3  dim=576  frames=112  σ=0.0  fold=7 ===
  OSC: k_hat=3  ACC=0.5804  NMI=0.6590  ARI=0.4608  0.2s

=== P1E_S3_C2 test[0] k=3  dim=576  frames=114  σ=0.0  fold=7 ===
  OSC: k_hat=3  ACC=0.9912  NMI=0.9609  ARI=0.9730  0.2s

=== P1E_S3_C3 test[0] k=3  dim=576  frames=84  σ=0.0  fold=7 ===
  OSC: k_hat=3  ACC=0.9881  NMI=0.9523  ARI=0.9667  0.1s

=== P1E_S4_C1 test[0] k=3  dim=576  frames=145  σ=0.0  fold=7 ===
  OSC: k_hat=3  ACC=0.9931  NMI=0.9694  ARI=0.9805  0.3s

=== P1E_S4_C2 test[0] k=3  dim=576  frames=110  σ=0.0  fold=7 ===
  OSC: k_hat=3  ACC=0.9818  NMI=0.9362  ARI=0.9514  0.2s

=== P1E_S4_C3 test[0] k=3  dim=576  frames=79  σ=0.0  fold=7 ===
  OSC: k_hat=3  ACC=0.9873  NMI=0.9504  ARI=0.9609  0.1s

=== P1L_S1_C1 test[0] k=3  dim=576  frames=175  σ=0.0  fold=7 ===
  OSC: k_hat=3  ACC=1.0000  NMI=1.0000  ARI=1.0000  0.4s

=== P1L_S1_C2 test[0] k=3  dim=576  frames=168  σ=0.0  fold=7 ===
  OSC: k_hat=3  ACC=1.0000  NMI=1.0000  ARI=1.0000  0.4s

=== P1L_S1_C3 test[0] k=3  dim=576  frames=75  σ=0.0  fold=7 ===
  OSC: k_hat=3  ACC=0.9867  NMI=0.9474  ARI=0.9569  0.1s

=== P1L_S2_C1 test[0] k=3  dim=576  frames=133  σ=0.0  fold=7 ===
  OSC: k_hat=3  ACC=1.0000  NMI=1.0000  ARI=1.0000  0.3s

=== P1L_S2_C2 test[0] k=3  dim=576  frames=154  σ=0.0  fold=7 ===
  OSC: k_hat=3  ACC=1.0000  NMI=1.0000  ARI=1.0000  0.3s

=== P1L_S2_C3 test[0] k=3  dim=576  frames=99  σ=0.0  fold=7 ===
  OSC: k_hat=3  ACC=0.9697  NMI=0.9066  ARI=0.9152  0.2s

=== P1L_S3_C1 test[0] k=3  dim=576  frames=134  σ=0.0  fold=7 ===
  OSC: k_hat=3  ACC=0.9552  NMI=0.8691  ARI=0.8600  0.3s

=== P1L_S3_C2 test[0] k=3  dim=576  frames=136  σ=0.0  fold=7 ===
  OSC: k_hat=3  ACC=1.0000  NMI=1.0000  ARI=1.0000  0.3s

=== P1L_S3_C3 test[0] k=3  dim=576  frames=114  σ=0.0  fold=7 ===
  OSC: k_hat=3  ACC=0.9912  NMI=0.9630  ARI=0.9763  0.2s

=== P1L_S4_C1 test[0] k=3  dim=576  frames=202  σ=0.0  fold=7 ===
  OSC: k_hat=3  ACC=1.0000  NMI=1.0000  ARI=1.0000  0.5s

=== P1L_S4_C2 test[0] k=3  dim=576  frames=153  σ=0.0  fold=7 ===
  OSC: k_hat=3  ACC=0.9869  NMI=0.9501  ARI=0.9666  0.3s

=== P1L_S4_C3 test[0] k=3  dim=576  frames=107  σ=0.0  fold=7 ===
  OSC: k_hat=3  ACC=0.9813  NMI=0.9338  ARI=0.9463  0.2s

=== inference time per method ===
  OSC: mean=0.3285s  std=0.1329s  total=504.5s  n=1536
wrote /nfs/turbo/umms-minjilab/lpullela/icassp_ssc_tv2/block_ssc_benchmark/cv/results/surveillance/split_k3_clean_min30_trials20_knownk_scaled_cv_osc_k3_sigma0_timing.json

=== mean over matrices ===
  OSC train σ=0.0: ACC=0.8543  NMI=0.8234  ARI=0.7549  n=1344
  OSC test σ=0.0: ACC=0.8555  NMI=0.8236  ARI=0.7559  n=192

wrote /nfs/turbo/umms-minjilab/lpullela/icassp_ssc_tv2/block_ssc_benchmark/cv/results/surveillance/split_k3_clean_min30_trials20_knownk_scaled_cv_osc_k3_sigma0.csv
end=Mon Sep  7 01:18:12 EDT 2026
Experiment completed!
