========================================
Job: cv_osc_k3_s0p5
Method: OSC  k: 3  sigma: 0.5  tune_pool_groups: 20
========================================
host=gl3058.arc-ts.umich.edu  python=/home/lpullela/miniconda3/envs/ssc_559/bin/python  start=Sun Sep  6 18:11:32 EDT 2026
Loading P1E_S1_C1
  Y: (576, 1236)  people=25  frames/person=[60, 61, 50, 48, 51, 35, 41, 56, 55, 49, 65, 50, 63, 38, 61, 48, 50, 49, 50, 30, 42, 60, 32, 39, 53]  min=30
Loading P1E_S1_C2
  Y: (576, 1031)  people=25  frames/person=[42, 48, 31, 35, 50, 45, 30, 32, 38, 40, 61, 41, 47, 33, 46, 36, 41, 45, 42, 36, 33, 50, 53, 33, 43]  min=30
Loading P1E_S1_C3
  Y: (576, 453)  people=25  frames/person=[15, 22, 16, 16, 17, 13, 14, 19, 14, 25, 26, 12, 21, 18, 22, 19, 13, 19, 16, 15, 8, 15, 30, 20, 28]  min=8
  warning: 24 people have fewer than 30 available frames (kept all)
Loading P1E_S2_C1
  Y: (576, 1256)  people=25  frames/person=[65, 50, 50, 51, 53, 48, 49, 60, 33, 48, 61, 58, 52, 32, 55, 35, 45, 53, 40, 53, 51, 65, 64, 42, 43]  min=32
Loading P1E_S2_C2
  Y: (576, 1042)  people=25  frames/person=[33, 48, 38, 41, 53, 36, 39, 47, 51, 36, 55, 44, 43, 25, 42, 41, 37, 45, 41, 38, 40, 54, 49, 33, 33]  min=25
  warning: 1 people have fewer than 30 available frames (kept all)
Loading P1E_S2_C3
  Y: (576, 816)  people=25  frames/person=[36, 33, 28, 32, 42, 37, 31, 36, 31, 23, 42, 36, 35, 20, 33, 33, 32, 32, 32, 29, 32, 42, 38, 27, 24]  min=20
  warning: 6 people have fewer than 30 available frames (kept all)
Loading P1E_S3_C1
  Y: (576, 1255)  people=25  frames/person=[43, 39, 47, 52, 58, 96, 42, 31, 79, 33, 67, 55, 44, 34, 40, 48, 54, 77, 45, 41, 46, 53, 56, 38, 37]  min=31
Loading P1E_S3_C2
  Y: (576, 1126)  people=25  frames/person=[57, 56, 35, 40, 49, 75, 34, 40, 70, 26, 65, 54, 43, 28, 32, 43, 48, 31, 36, 33, 42, 71, 57, 30, 31]  min=26
  warning: 2 people have fewer than 30 available frames (kept all)
Loading P1E_S3_C3
  Y: (576, 866)  people=25  frames/person=[43, 36, 24, 33, 37, 47, 29, 37, 55, 18, 40, 40, 31, 22, 30, 39, 35, 45, 30, 28, 30, 50, 42, 20, 25]  min=18
  warning: 7 people have fewer than 30 available frames (kept all)
Loading P1E_S4_C1
  Y: (576, 1247)  people=25  frames/person=[58, 54, 34, 56, 50, 59, 50, 56, 74, 38, 75, 35, 46, 31, 53, 40, 57, 32, 56, 33, 48, 67, 59, 48, 38]  min=31
Loading P1E_S4_C2
  Y: (576, 1051)  people=25  frames/person=[37, 37, 41, 46, 41, 49, 38, 45, 65, 30, 39, 48, 50, 34, 43, 36, 47, 52, 45, 37, 38, 50, 30, 37, 36]  min=30
Loading P1E_S4_C3
  Y: (576, 719)  people=25  frames/person=[28, 29, 22, 29, 24, 36, 31, 29, 33, 25, 37, 19, 28, 21, 25, 27, 25, 41, 27, 29, 26, 31, 45, 29, 23]  min=19
  warning: 18 people have fewer than 30 available frames (kept all)
Loading P1L_S1_C1
  Y: (576, 1391)  people=25  frames/person=[65, 68, 43, 64, 47, 40, 58, 33, 75, 41, 58, 72, 58, 49, 66, 67, 65, 43, 59, 57, 58, 51, 67, 32, 55]  min=32
Loading P1L_S1_C2
  Y: (576, 1309)  people=25  frames/person=[30, 65, 37, 63, 66, 54, 52, 52, 43, 49, 71, 49, 58, 48, 54, 66, 56, 36, 48, 49, 55, 66, 52, 39, 51]  min=30
Loading P1L_S1_C3
  Y: (576, 565)  people=25  frames/person=[27, 29, 20, 26, 19, 25, 22, 12, 28, 25, 20, 25, 23, 18, 21, 23, 25, 26, 23, 21, 18, 18, 30, 18, 23]  min=12
  warning: 24 people have fewer than 30 available frames (kept all)
Loading P1L_S2_C1
  Y: (576, 1470)  people=25  frames/person=[73, 68, 53, 64, 65, 41, 73, 55, 37, 31, 82, 75, 63, 45, 34, 48, 74, 84, 71, 64, 62, 65, 48, 33, 62]  min=31
Loading P1L_S2_C2
  Y: (576, 1393)  people=25  frames/person=[64, 65, 49, 62, 69, 69, 63, 61, 80, 34, 89, 57, 53, 52, 55, 38, 30, 30, 66, 36, 57, 51, 73, 41, 49]  min=30
Loading P1L_S2_C3
  Y: (576, 897)  people=25  frames/person=[40, 36, 29, 28, 35, 37, 36, 36, 50, 28, 55, 46, 34, 31, 35, 32, 30, 48, 37, 29, 36, 39, 45, 19, 26]  min=19
  warning: 6 people have fewer than 30 available frames (kept all)
Loading P1L_S3_C1
  Y: (576, 1329)  people=25  frames/person=[31, 33, 30, 51, 74, 75, 59, 65, 66, 43, 47, 39, 65, 50, 58, 71, 67, 36, 57, 35, 62, 31, 74, 59, 51]  min=30
Loading P1L_S3_C2
  Y: (576, 1472)  people=25  frames/person=[78, 38, 48, 51, 54, 71, 61, 71, 32, 50, 75, 38, 72, 63, 48, 67, 49, 87, 52, 56, 58, 85, 73, 56, 39]  min=32
Loading P1L_S3_C3
  Y: (576, 1105)  people=25  frames/person=[48, 44, 38, 38, 39, 45, 35, 55, 52, 26, 81, 39, 36, 36, 44, 54, 42, 61, 38, 31, 34, 53, 51, 44, 41]  min=26
  warning: 1 people have fewer than 30 available frames (kept all)
Loading P1L_S4_C1
  Y: (576, 1443)  people=25  frames/person=[50, 69, 44, 41, 78, 43, 32, 71, 45, 65, 59, 39, 56, 57, 68, 69, 70, 73, 51, 63, 47, 70, 57, 52, 74]  min=32
Loading P1L_S4_C2
  Y: (576, 1327)  people=25  frames/person=[71, 34, 39, 54, 63, 67, 52, 39, 52, 56, 59, 50, 51, 53, 63, 50, 71, 63, 48, 35, 31, 71, 43, 52, 60]  min=31
Loading P1L_S4_C3
  Y: (576, 880)  people=25  frames/person=[37, 41, 23, 26, 32, 34, 22, 32, 50, 29, 38, 44, 31, 34, 37, 39, 39, 39, 38, 26, 25, 50, 41, 33, 40]  min=22
  warning: 6 people have fewer than 30 available frames (kept all)
sequences=24  people=25  k=3
frames/person ~ Unif[30, 100]
down_hw=24  sigmas=(0.5,)  n_trials=20  known_k=True  csv=split_k3_sigmas_min30_trials20_knownk_cv_osc_k3_sigma0p5.csv
SSC-Block-TV block_size searched in [2, 12]
CV mode: 8 folds of size 3, each rotated as test
  1 people unused (remainder dropped)
  group 0: ['0006', '0013', '0022']
  group 1: ['0004', '0014', '0027']
  group 2: ['0009', '0019', '0026']
  group 3: ['0005', '0024', '0025']
  group 4: ['0001', '0011', '0023']
  group 5: ['0015', '0016', '0021']
  group 6: ['0007', '0010', '0020']
  group 7: ['0003', '0012', '0017']
methods=['OSC']  append=False  hetero_noise=False  no_tune=False
  tune_pool_groups=20: sampling from 22 held-in people (overlap allowed) instead of the 7 fixed partition group(s)

============================================================
σ=0.5 fold=0  test=['0006', '0013', '0022']  train mats=168  test mats=24  tune mats=480
  --- tune OSC over 480 train mats  n_trials=20 (2 params) ---
  OSC trial 0: mean ARI=0.6585  n=480  141.7s  lambda_1=0.1, lambda_2=0.1
  OSC trial 1: mean ARI=0.6348  n=480  137.5s  lambda_1=0.1568, lambda_2=0.7257
  OSC trial 2: mean ARI=0.5695  n=480  137.6s  lambda_1=0.2577, lambda_2=0.1512
  OSC trial 3: mean ARI=0.6788  n=480  137.3s  lambda_1=0.0495, lambda_2=0.3833
  OSC trial 4: mean ARI=0.6773  n=480  137.4s  lambda_1=0.05628, lambda_2=3.691
  OSC trial 5: mean ARI=0.0018  n=480  134.4s  lambda_1=7.156, lambda_2=0.03418
  OSC trial 6: mean ARI=0.0018  n=480  134.7s  lambda_1=1.469, lambda_2=0.1305
  OSC trial 7: mean ARI=0.6217  n=480  133.0s  lambda_1=0.1871, lambda_2=5.039
  OSC trial 8: mean ARI=0.5855  n=480  136.6s  lambda_1=0.001924, lambda_2=0.002231
  OSC trial 9: mean ARI=0.6753  n=480  128.0s  lambda_1=0.001205, lambda_2=2.14
  OSC trial 10: mean ARI=0.6176  n=480  136.7s  lambda_1=0.01165, lambda_2=0.001662
  OSC trial 11: mean ARI=0.6838  n=480  127.5s  lambda_1=0.01856, lambda_2=0.9349
  OSC trial 12: mean ARI=0.6874  n=480  128.2s  lambda_1=0.01288, lambda_2=0.5626
  OSC trial 13: mean ARI=0.6867  n=480  127.7s  lambda_1=0.007366, lambda_2=1.183
  OSC trial 14: mean ARI=0.6843  n=480  127.8s  lambda_1=0.005053, lambda_2=9.455
  OSC trial 15: mean ARI=0.6296  n=480  125.7s  lambda_1=0.005397, lambda_2=0.04354
  OSC trial 16: mean ARI=0.6527  n=480  126.8s  lambda_1=0.0217, lambda_2=0.01302
  OSC trial 17: mean ARI=0.6837  n=480  117.0s  lambda_1=0.004008, lambda_2=0.3698
  OSC trial 18: mean ARI=0.3074  n=480  110.2s  lambda_1=0.46, lambda_2=1.255
  OSC trial 19: mean ARI=0.6870  n=480  111.3s  lambda_1=0.01151, lambda_2=0.3768
    best mean ARI=0.6874  tune 2597.2s  lambda_1=0.01288, lambda_2=0.5626
  wrote /nfs/turbo/umms-minjilab/lpullela/icassp_ssc_tv2/block_ssc_benchmark/cv/params/surveillance/split_k3_sigmas_min30_trials20_params_knownk_cv_osc_k3_sigma0p5_sigma0.5_fold0.json

=== P1E_S1_C1 train[0] k=3  dim=576  frames=153  σ=0.5  fold=0 ===
  OSC: k_hat=3  ACC=0.9739  NMI=0.9153  ARI=0.9230  0.3s

=== P1E_S1_C1 train[1] k=3  dim=576  frames=130  σ=0.5  fold=0 ===
  OSC: k_hat=3  ACC=1.0000  NMI=1.0000  ARI=1.0000  0.2s

=== P1E_S1_C1 train[2] k=3  dim=576  frames=140  σ=0.5  fold=0 ===
  OSC: k_hat=3  ACC=0.9000  NMI=0.7798  ARI=0.7028  0.2s

=== P1E_S1_C1 train[3] k=3  dim=576  frames=157  σ=0.5  fold=0 ===
  OSC: k_hat=3  ACC=0.5860  NMI=0.6627  ARI=0.4681  0.3s

=== P1E_S1_C1 train[4] k=3  dim=576  frames=151  σ=0.5  fold=0 ===
  OSC: k_hat=3  ACC=0.5960  NMI=0.6690  ARI=0.4788  0.3s

=== P1E_S1_C1 train[5] k=3  dim=576  frames=140  σ=0.5  fold=0 ===
  OSC: k_hat=3  ACC=0.8571  NMI=0.7606  ARI=0.6745  0.2s

=== P1E_S1_C1 train[6] k=3  dim=576  frames=171  σ=0.5  fold=0 ===
  OSC: k_hat=3  ACC=0.9825  NMI=0.9271  ARI=0.9493  0.3s

=== P1E_S1_C2 train[0] k=3  dim=576  frames=115  σ=0.5  fold=0 ===
  OSC: k_hat=3  ACC=0.9652  NMI=0.8758  ARI=0.8915  0.2s

=== P1E_S1_C2 train[1] k=3  dim=576  frames=104  σ=0.5  fold=0 ===
  OSC: k_hat=3  ACC=1.0000  NMI=1.0000  ARI=1.0000  0.2s

=== P1E_S1_C2 train[2] k=3  dim=576  frames=138  σ=0.5  fold=0 ===
  OSC: k_hat=3  ACC=0.6087  NMI=0.5813  ARI=0.4203  0.2s

=== P1E_S1_C2 train[3] k=3  dim=576  frames=113  σ=0.5  fold=0 ===
  OSC: k_hat=3  ACC=0.4690  NMI=0.3839  ARI=0.1885  0.2s

=== P1E_S1_C2 train[4] k=3  dim=576  frames=122  σ=0.5  fold=0 ===
  OSC: k_hat=3  ACC=0.5574  NMI=0.6295  ARI=0.4511  0.2s

=== P1E_S1_C2 train[5] k=3  dim=576  frames=122  σ=0.5  fold=0 ===
  OSC: k_hat=3  ACC=0.9590  NMI=0.8854  ARI=0.8916  0.2s

=== P1E_S1_C2 train[6] k=3  dim=576  frames=134  σ=0.5  fold=0 ===
  OSC: k_hat=3  ACC=0.9851  NMI=0.9443  ARI=0.9564  0.2s

=== P1E_S1_C3 train[0] k=3  dim=576  frames=56  σ=0.5  fold=0 ===
  OSC: k_hat=3  ACC=1.0000  NMI=1.0000  ARI=1.0000  0.1s

=== P1E_S1_C3 train[1] k=3  dim=576  frames=47  σ=0.5  fold=0 ===
  OSC: k_hat=3  ACC=1.0000  NMI=1.0000  ARI=1.0000  0.1s

=== P1E_S1_C3 train[2] k=3  dim=576  frames=61  σ=0.5  fold=0 ===
  OSC: k_hat=3  ACC=0.7213  NMI=0.6858  ARI=0.6370  0.1s

=== P1E_S1_C3 train[3] k=3  dim=576  frames=37  σ=0.5  fold=0 ===
  OSC: k_hat=3  ACC=0.4054  NMI=0.0778  ARI=-0.0149  0.0s

=== P1E_S1_C3 train[4] k=3  dim=576  frames=55  σ=0.5  fold=0 ===
  OSC: k_hat=3  ACC=0.9091  NMI=0.7661  ARI=0.7406  0.1s

=== P1E_S1_C3 train[5] k=3  dim=576  frames=51  σ=0.5  fold=0 ===
  OSC: k_hat=3  ACC=0.6078  NMI=0.5486  ARI=0.4099  0.1s

=== P1E_S1_C3 train[6] k=3  dim=576  frames=69  σ=0.5  fold=0 ===
  OSC: k_hat=3  ACC=0.9130  NMI=0.7638  ARI=0.7540  0.1s

=== P1E_S2_C1 train[0] k=3  dim=576  frames=151  σ=0.5  fold=0 ===
  OSC: k_hat=3  ACC=0.7417  NMI=0.6109  ARI=0.5054  0.3s

=== P1E_S2_C1 train[1] k=3  dim=576  frames=136  σ=0.5  fold=0 ===
  OSC: k_hat=3  ACC=0.8897  NMI=0.7826  ARI=0.7148  0.2s

=== P1E_S2_C1 train[2] k=3  dim=576  frames=180  σ=0.5  fold=0 ===
  OSC: k_hat=3  ACC=0.5500  NMI=0.6138  ARI=0.4390  0.4s

=== P1E_S2_C1 train[3] k=3  dim=576  frames=149  σ=0.5  fold=0 ===
  OSC: k_hat=3  ACC=0.5839  NMI=0.6691  ARI=0.4776  0.3s

=== P1E_S2_C1 train[4] k=3  dim=576  frames=124  σ=0.5  fold=0 ===
  OSC: k_hat=3  ACC=0.5403  NMI=0.6637  ARI=0.4600  0.2s

=== P1E_S2_C1 train[5] k=3  dim=576  frames=161  σ=0.5  fold=0 ===
  OSC: k_hat=3  ACC=0.7950  NMI=0.6918  ARI=0.5769  0.3s

=== P1E_S2_C1 train[6] k=3  dim=576  frames=153  σ=0.5  fold=0 ===
  OSC: k_hat=3  ACC=0.9673  NMI=0.8871  ARI=0.9080  0.3s

=== P1E_S2_C2 train[0] k=3  dim=576  frames=115  σ=0.5  fold=0 ===
  OSC: k_hat=3  ACC=0.9826  NMI=0.9253  ARI=0.9458  0.2s

=== P1E_S2_C2 train[1] k=3  dim=576  frames=109  σ=0.5  fold=0 ===
  OSC: k_hat=3  ACC=1.0000  NMI=1.0000  ARI=1.0000  0.2s

=== P1E_S2_C2 train[2] k=3  dim=576  frames=144  σ=0.5  fold=0 ===
  OSC: k_hat=3  ACC=0.7847  NMI=0.5923  ARI=0.4948  0.3s

=== P1E_S2_C2 train[3] k=3  dim=576  frames=124  σ=0.5  fold=0 ===
  OSC: k_hat=3  ACC=0.9516  NMI=0.8652  ARI=0.8503  0.2s

=== P1E_S2_C2 train[4] k=3  dim=576  frames=109  σ=0.5  fold=0 ===
  OSC: k_hat=3  ACC=0.6881  NMI=0.6895  ARI=0.5379  0.2s

=== P1E_S2_C2 train[5] k=3  dim=576  frames=128  σ=0.5  fold=0 ===
  OSC: k_hat=3  ACC=0.8828  NMI=0.7831  ARI=0.7188  0.2s

=== P1E_S2_C2 train[6] k=3  dim=576  frames=126  σ=0.5  fold=0 ===
  OSC: k_hat=3  ACC=0.9603  NMI=0.8862  ARI=0.8879  0.2s

=== P1E_S2_C3 train[0] k=3  dim=576  frames=88  σ=0.5  fold=0 ===
  OSC: k_hat=3  ACC=1.0000  NMI=1.0000  ARI=1.0000  0.1s

=== P1E_S2_C3 train[1] k=3  dim=576  frames=90  σ=0.5  fold=0 ===
  OSC: k_hat=3  ACC=0.9667  NMI=0.8979  ARI=0.8982  0.1s

=== P1E_S2_C3 train[2] k=3  dim=576  frames=112  σ=0.5  fold=0 ===
  OSC: k_hat=3  ACC=0.8214  NMI=0.6894  ARI=0.5741  0.2s

=== P1E_S2_C3 train[3] k=3  dim=576  frames=99  σ=0.5  fold=0 ===
  OSC: k_hat=3  ACC=0.8788  NMI=0.7738  ARI=0.7012  0.1s

=== P1E_S2_C3 train[4] k=3  dim=576  frames=87  σ=0.5  fold=0 ===
  OSC: k_hat=3  ACC=0.6667  NMI=0.6823  ARI=0.5178  0.1s

=== P1E_S2_C3 train[5] k=3  dim=576  frames=105  σ=0.5  fold=0 ===
  OSC: k_hat=3  ACC=0.8571  NMI=0.7129  ARI=0.6594  0.2s

=== P1E_S2_C3 train[6] k=3  dim=576  frames=89  σ=0.5  fold=0 ===
  OSC: k_hat=3  ACC=0.9775  NMI=0.9248  ARI=0.9383  0.1s

=== P1E_S3_C1 train[0] k=3  dim=576  frames=139  σ=0.5  fold=0 ===
  OSC: k_hat=3  ACC=0.7266  NMI=0.6971  ARI=0.5474  0.2s

=== P1E_S3_C1 train[1] k=3  dim=576  frames=134  σ=0.5  fold=0 ===
  OSC: k_hat=3  ACC=0.7985  NMI=0.6452  ARI=0.5289  0.2s

=== P1E_S3_C1 train[2] k=3  dim=576  frames=161  σ=0.5  fold=0 ===
  OSC: k_hat=3  ACC=0.7888  NMI=0.7131  ARI=0.5833  0.3s

=== P1E_S3_C1 train[3] k=3  dim=576  frames=168  σ=0.5  fold=0 ===
  OSC: k_hat=3  ACC=0.8571  NMI=0.7396  ARI=0.6204  0.3s

=== P1E_S3_C1 train[4] k=3  dim=576  frames=123  σ=0.5  fold=0 ===
  OSC: k_hat=3  ACC=0.5122  NMI=0.4251  ARI=0.2437  0.2s

=== P1E_S3_C1 train[5] k=3  dim=576  frames=204  σ=0.5  fold=0 ===
  OSC: k_hat=3  ACC=0.8529  NMI=0.7624  ARI=0.6954  0.4s

=== P1E_S3_C1 train[6] k=3  dim=576  frames=112  σ=0.5  fold=0 ===
  OSC: k_hat=3  ACC=0.5625  NMI=0.6127  ARI=0.4282  0.2s

=== P1E_S3_C2 train[0] k=3  dim=576  frames=120  σ=0.5  fold=0 ===
  OSC: k_hat=3  ACC=0.7833  NMI=0.6229  ARI=0.4823  0.2s

=== P1E_S3_C2 train[1] k=3  dim=576  frames=112  σ=0.5  fold=0 ===
  OSC: k_hat=3  ACC=0.9375  NMI=0.8076  ARI=0.8112  0.2s

=== P1E_S3_C2 train[2] k=3  dim=576  frames=168  σ=0.5  fold=0 ===
  OSC: k_hat=3  ACC=0.8095  NMI=0.6440  ARI=0.5610  0.3s

=== P1E_S3_C2 train[3] k=3  dim=576  frames=169  σ=0.5  fold=0 ===
  OSC: k_hat=3  ACC=0.9704  NMI=0.8862  ARI=0.9095  0.3s

=== P1E_S3_C2 train[4] k=3  dim=576  frames=107  σ=0.5  fold=0 ===
  OSC: k_hat=3  ACC=0.5981  NMI=0.6680  ARI=0.4761  0.2s

=== P1E_S3_C2 train[5] k=3  dim=576  frames=146  σ=0.5  fold=0 ===
  OSC: k_hat=3  ACC=0.8288  NMI=0.7005  ARI=0.5433  0.3s

=== P1E_S3_C2 train[6] k=3  dim=576  frames=114  σ=0.5  fold=0 ===
  OSC: k_hat=3  ACC=0.9825  NMI=0.9333  ARI=0.9468  0.2s

=== P1E_S3_C3 train[0] k=3  dim=576  frames=89  σ=0.5  fold=0 ===
  OSC: k_hat=3  ACC=0.9775  NMI=0.9068  ARI=0.9289  0.1s

=== P1E_S3_C3 train[1] k=3  dim=576  frames=84  σ=0.5  fold=0 ===
  OSC: k_hat=3  ACC=0.9881  NMI=0.9525  ARI=0.9657  0.1s

=== P1E_S3_C3 train[2] k=3  dim=576  frames=125  σ=0.5  fold=0 ===
  OSC: k_hat=3  ACC=0.9760  NMI=0.9174  ARI=0.9232  0.2s

=== P1E_S3_C3 train[3] k=3  dim=576  frames=128  σ=0.5  fold=0 ===
  OSC: k_hat=3  ACC=0.7031  NMI=0.6354  ARI=0.5070  0.2s

=== P1E_S3_C3 train[4] k=3  dim=576  frames=83  σ=0.5  fold=0 ===
  OSC: k_hat=3  ACC=0.9880  NMI=0.9530  ARI=0.9662  0.1s

=== P1E_S3_C3 train[5] k=3  dim=576  frames=129  σ=0.5  fold=0 ===
  OSC: k_hat=3  ACC=0.5349  NMI=0.6553  ARI=0.4505  0.2s

=== P1E_S3_C3 train[6] k=3  dim=576  frames=84  σ=0.5  fold=0 ===
  OSC: k_hat=3  ACC=0.9881  NMI=0.9523  ARI=0.9667  0.1s

=== P1E_S4_C1 train[0] k=3  dim=576  frames=107  σ=0.5  fold=0 ===
  OSC: k_hat=3  ACC=0.9252  NMI=0.8316  ARI=0.8062  0.2s

=== P1E_S4_C1 train[1] k=3  dim=576  frames=155  σ=0.5  fold=0 ===
  OSC: k_hat=3  ACC=0.8774  NMI=0.7707  ARI=0.6882  0.3s

=== P1E_S4_C1 train[2] k=3  dim=576  frames=182  σ=0.5  fold=0 ===
  OSC: k_hat=3  ACC=0.8626  NMI=0.7396  ARI=0.6658  0.4s

=== P1E_S4_C1 train[3] k=3  dim=576  frames=180  σ=0.5  fold=0 ===
  OSC: k_hat=3  ACC=0.6778  NMI=0.6859  ARI=0.5257  0.4s

=== P1E_S4_C1 train[4] k=3  dim=576  frames=133  σ=0.5  fold=0 ===
  OSC: k_hat=3  ACC=0.6466  NMI=0.6651  ARI=0.4918  0.2s

=== P1E_S4_C1 train[5] k=3  dim=576  frames=147  σ=0.5  fold=0 ===
  OSC: k_hat=3  ACC=0.5034  NMI=0.4851  ARI=0.3226  0.3s

=== P1E_S4_C1 train[6] k=3  dim=576  frames=145  σ=0.5  fold=0 ===
  OSC: k_hat=3  ACC=0.9241  NMI=0.8002  ARI=0.8064  0.3s

=== P1E_S4_C2 train[0] k=3  dim=576  frames=125  σ=0.5  fold=0 ===
  OSC: k_hat=3  ACC=0.9920  NMI=0.9653  ARI=0.9759  0.2s

=== P1E_S4_C2 train[1] k=3  dim=576  frames=122  σ=0.5  fold=0 ===
  OSC: k_hat=3  ACC=0.9918  NMI=0.9645  ARI=0.9747  0.2s

=== P1E_S4_C2 train[2] k=3  dim=576  frames=126  σ=0.5  fold=0 ===
  OSC: k_hat=3  ACC=0.9762  NMI=0.9043  ARI=0.9252  0.2s

=== P1E_S4_C2 train[3] k=3  dim=576  frames=140  σ=0.5  fold=0 ===
  OSC: k_hat=3  ACC=0.9786  NMI=0.9234  ARI=0.9323  0.2s

=== P1E_S4_C2 train[4] k=3  dim=576  frames=129  σ=0.5  fold=0 ===
  OSC: k_hat=3  ACC=0.5504  NMI=0.6603  ARI=0.4591  0.2s

=== P1E_S4_C2 train[5] k=3  dim=576  frames=146  σ=0.5  fold=0 ===
  OSC: k_hat=3  ACC=0.6507  NMI=0.5935  ARI=0.4620  0.3s

=== P1E_S4_C2 train[6] k=3  dim=576  frames=110  σ=0.5  fold=0 ===
  OSC: k_hat=3  ACC=0.9909  NMI=0.9623  ARI=0.9753  0.2s

=== P1E_S4_C3 train[0] k=3  dim=576  frames=64  σ=0.5  fold=0 ===
  OSC: k_hat=3  ACC=0.9062  NMI=0.7546  ARI=0.7559  0.1s

=== P1E_S4_C3 train[1] k=3  dim=576  frames=85  σ=0.5  fold=0 ===
  OSC: k_hat=3  ACC=0.9765  NMI=0.9220  ARI=0.9313  0.1s

=== P1E_S4_C3 train[2] k=3  dim=576  frames=105  σ=0.5  fold=0 ===
  OSC: k_hat=3  ACC=0.8476  NMI=0.6659  ARI=0.6328  0.2s

=== P1E_S4_C3 train[3] k=3  dim=576  frames=87  σ=0.5  fold=0 ===
  OSC: k_hat=3  ACC=0.8621  NMI=0.7028  ARI=0.6543  0.1s

=== P1E_S4_C3 train[4] k=3  dim=576  frames=76  σ=0.5  fold=0 ===
  OSC: k_hat=3  ACC=0.9605  NMI=0.8885  ARI=0.8936  0.1s

=== P1E_S4_C3 train[5] k=3  dim=576  frames=106  σ=0.5  fold=0 ===
  OSC: k_hat=3  ACC=0.6887  NMI=0.7100  ARI=0.5700  0.2s

=== P1E_S4_C3 train[6] k=3  dim=576  frames=79  σ=0.5  fold=0 ===
  OSC: k_hat=3  ACC=0.9494  NMI=0.8344  ARI=0.8496  0.1s

=== P1L_S1_C1 train[0] k=3  dim=576  frames=170  σ=0.5  fold=0 ===
  OSC: k_hat=3  ACC=0.7118  NMI=0.6551  ARI=0.4519  0.3s

=== P1L_S1_C1 train[1] k=3  dim=576  frames=155  σ=0.5  fold=0 ===
  OSC: k_hat=3  ACC=1.0000  NMI=1.0000  ARI=1.0000  0.3s

=== P1L_S1_C1 train[2] k=3  dim=576  frames=182  σ=0.5  fold=0 ===
  OSC: k_hat=3  ACC=0.9341  NMI=0.8430  ARI=0.8290  0.4s

=== P1L_S1_C1 train[3] k=3  dim=576  frames=198  σ=0.5  fold=0 ===
  OSC: k_hat=3  ACC=0.7323  NMI=0.6955  ARI=0.5444  0.4s

=== P1L_S1_C1 train[4] k=3  dim=576  frames=166  σ=0.5  fold=0 ===
  OSC: k_hat=3  ACC=1.0000  NMI=1.0000  ARI=1.0000  0.3s

=== P1L_S1_C1 train[5] k=3  dim=576  frames=116  σ=0.5  fold=0 ===
  OSC: k_hat=3  ACC=0.6983  NMI=0.4769  ARI=0.2990  0.2s

=== P1L_S1_C1 train[6] k=3  dim=576  frames=175  σ=0.5  fold=0 ===
  OSC: k_hat=3  ACC=1.0000  NMI=1.0000  ARI=1.0000  0.4s

=== P1L_S1_C2 train[0] k=3  dim=576  frames=137  σ=0.5  fold=0 ===
  OSC: k_hat=3  ACC=0.8029  NMI=0.7019  ARI=0.5528  0.2s

=== P1L_S1_C2 train[1] k=3  dim=576  frames=147  σ=0.5  fold=0 ===
  OSC: k_hat=3  ACC=0.8231  NMI=0.6893  ARI=0.5681  0.3s

=== P1L_S1_C2 train[2] k=3  dim=576  frames=181  σ=0.5  fold=0 ===
  OSC: k_hat=3  ACC=0.8287  NMI=0.7033  ARI=0.5931  0.4s

=== P1L_S1_C2 train[3] k=3  dim=576  frames=128  σ=0.5  fold=0 ===
  OSC: k_hat=3  ACC=0.5625  NMI=0.6666  ARI=0.4689  0.2s

=== P1L_S1_C2 train[4] k=3  dim=576  frames=154  σ=0.5  fold=0 ===
  OSC: k_hat=3  ACC=0.5065  NMI=0.6566  ARI=0.4500  0.3s

=== P1L_S1_C2 train[5] k=3  dim=576  frames=142  σ=0.5  fold=0 ===
  OSC: k_hat=3  ACC=0.8239  NMI=0.7102  ARI=0.5692  0.3s

=== P1L_S1_C2 train[6] k=3  dim=576  frames=168  σ=0.5  fold=0 ===
  OSC: k_hat=3  ACC=0.8571  NMI=0.7422  ARI=0.6904  0.3s

=== P1L_S1_C3 train[0] k=3  dim=576  frames=68  σ=0.5  fold=0 ===
  OSC: k_hat=3  ACC=1.0000  NMI=1.0000  ARI=1.0000  0.1s

=== P1L_S1_C3 train[1] k=3  dim=576  frames=65  σ=0.5  fold=0 ===
  OSC: k_hat=3  ACC=0.9231  NMI=0.8192  ARI=0.7746  0.1s

=== P1L_S1_C3 train[2] k=3  dim=576  frames=74  σ=0.5  fold=0 ===
  OSC: k_hat=3  ACC=0.5811  NMI=0.6230  ARI=0.4548  0.1s

=== P1L_S1_C3 train[3] k=3  dim=576  frames=73  σ=0.5  fold=0 ===
  OSC: k_hat=3  ACC=0.6301  NMI=0.6672  ARI=0.4815  0.1s

=== P1L_S1_C3 train[4] k=3  dim=576  frames=64  σ=0.5  fold=0 ===
  OSC: k_hat=3  ACC=0.8438  NMI=0.6679  ARI=0.6290  0.1s

=== P1L_S1_C3 train[5] k=3  dim=576  frames=63  σ=0.5  fold=0 ===
  OSC: k_hat=3  ACC=0.6349  NMI=0.6083  ARI=0.5013  0.1s

=== P1L_S1_C3 train[6] k=3  dim=576  frames=75  σ=0.5  fold=0 ===
  OSC: k_hat=3  ACC=0.9867  NMI=0.9474  ARI=0.9569  0.1s

=== P1L_S2_C1 train[0] k=3  dim=576  frames=190  σ=0.5  fold=0 ===
  OSC: k_hat=3  ACC=0.7158  NMI=0.6703  ARI=0.4873  0.4s

=== P1L_S2_C1 train[1] k=3  dim=576  frames=180  σ=0.5  fold=0 ===
  OSC: k_hat=3  ACC=1.0000  NMI=1.0000  ARI=1.0000  0.4s

=== P1L_S2_C1 train[2] k=3  dim=576  frames=177  σ=0.5  fold=0 ===
  OSC: k_hat=3  ACC=0.7401  NMI=0.7099  ARI=0.5826  0.4s

=== P1L_S2_C1 train[3] k=3  dim=576  frames=172  σ=0.5  fold=0 ===
  OSC: k_hat=3  ACC=0.9767  NMI=0.9235  ARI=0.9437  0.3s

=== P1L_S2_C1 train[4] k=3  dim=576  frames=179  σ=0.5  fold=0 ===
  OSC: k_hat=3  ACC=0.9888  NMI=0.9558  ARI=0.9703  0.4s

=== P1L_S2_C1 train[5] k=3  dim=576  frames=180  σ=0.5  fold=0 ===
  OSC: k_hat=3  ACC=0.5056  NMI=0.2709  ARI=0.0681  0.4s

=== P1L_S2_C1 train[6] k=3  dim=576  frames=133  σ=0.5  fold=0 ===
  OSC: k_hat=3  ACC=1.0000  NMI=1.0000  ARI=1.0000  0.2s

=== P1L_S2_C2 train[0] k=3  dim=576  frames=155  σ=0.5  fold=0 ===
  OSC: k_hat=3  ACC=0.9806  NMI=0.9205  ARI=0.9412  0.3s

=== P1L_S2_C2 train[1] k=3  dim=576  frames=134  σ=0.5  fold=0 ===
  OSC: k_hat=3  ACC=1.0000  NMI=1.0000  ARI=1.0000  0.2s

=== P1L_S2_C2 train[2] k=3  dim=576  frames=186  σ=0.5  fold=0 ===
  OSC: k_hat=3  ACC=0.9570  NMI=0.8560  ARI=0.8853  0.4s

=== P1L_S2_C2 train[3] k=3  dim=576  frames=201  σ=0.5  fold=0 ===
  OSC: k_hat=3  ACC=0.9353  NMI=0.8177  ARI=0.8156  0.4s

=== P1L_S2_C2 train[4] k=3  dim=576  frames=171  σ=0.5  fold=0 ===
  OSC: k_hat=3  ACC=0.8421  NMI=0.7405  ARI=0.6266  0.3s

=== P1L_S2_C2 train[5] k=3  dim=576  frames=160  σ=0.5  fold=0 ===
  OSC: k_hat=3  ACC=0.6125  NMI=0.6196  ARI=0.4654  0.3s

=== P1L_S2_C2 train[6] k=3  dim=576  frames=154  σ=0.5  fold=0 ===
  OSC: k_hat=3  ACC=0.9870  NMI=0.9414  ARI=0.9655  0.3s

=== P1L_S2_C3 train[0] k=3  dim=576  frames=101  σ=0.5  fold=0 ===
  OSC: k_hat=3  ACC=0.8119  NMI=0.7135  ARI=0.5605  0.2s

=== P1L_S2_C3 train[1] k=3  dim=576  frames=85  σ=0.5  fold=0 ===
  OSC: k_hat=3  ACC=0.9882  NMI=0.9505  ARI=0.9597  0.1s

=== P1L_S2_C3 train[2] k=3  dim=576  frames=112  σ=0.5  fold=0 ===
  OSC: k_hat=3  ACC=0.5804  NMI=0.6222  ARI=0.4420  0.2s

=== P1L_S2_C3 train[3] k=3  dim=576  frames=126  σ=0.5  fold=0 ===
  OSC: k_hat=3  ACC=0.8651  NMI=0.7610  ARI=0.6671  0.2s

=== P1L_S2_C3 train[4] k=3  dim=576  frames=102  σ=0.5  fold=0 ===
  OSC: k_hat=3  ACC=0.5392  NMI=0.6136  ARI=0.4329  0.2s

=== P1L_S2_C3 train[5] k=3  dim=576  frames=121  σ=0.5  fold=0 ===
  OSC: k_hat=3  ACC=0.9091  NMI=0.7880  ARI=0.7781  0.2s

=== P1L_S2_C3 train[6] k=3  dim=576  frames=99  σ=0.5  fold=0 ===
  OSC: k_hat=3  ACC=0.9697  NMI=0.9066  ARI=0.9152  0.1s

=== P1L_S3_C1 train[0] k=3  dim=576  frames=120  σ=0.5  fold=0 ===
  OSC: k_hat=3  ACC=0.9583  NMI=0.8759  ARI=0.8691  0.2s

=== P1L_S3_C1 train[1] k=3  dim=576  frames=185  σ=0.5  fold=0 ===
  OSC: k_hat=3  ACC=0.9838  NMI=0.9402  ARI=0.9511  0.4s

=== P1L_S3_C1 train[2] k=3  dim=576  frames=156  σ=0.5  fold=0 ===
  OSC: k_hat=3  ACC=0.6474  NMI=0.6812  ARI=0.5139  0.3s

=== P1L_S3_C1 train[3] k=3  dim=576  frames=159  σ=0.5  fold=0 ===
  OSC: k_hat=3  ACC=0.7799  NMI=0.5944  ARI=0.4595  0.3s

=== P1L_S3_C1 train[4] k=3  dim=576  frames=172  σ=0.5  fold=0 ===
  OSC: k_hat=3  ACC=0.5349  NMI=0.5671  ARI=0.3882  0.3s

=== P1L_S3_C1 train[5] k=3  dim=576  frames=176  σ=0.5  fold=0 ===
  OSC: k_hat=3  ACC=0.6364  NMI=0.4186  ARI=0.2282  0.3s

=== P1L_S3_C1 train[6] k=3  dim=576  frames=134  σ=0.5  fold=0 ===
  OSC: k_hat=3  ACC=0.9104  NMI=0.7951  ARI=0.7416  0.2s

=== P1L_S3_C2 train[0] k=3  dim=576  frames=125  σ=0.5  fold=0 ===
  OSC: k_hat=3  ACC=0.8880  NMI=0.7922  ARI=0.7485  0.2s

=== P1L_S3_C2 train[1] k=3  dim=576  frames=166  σ=0.5  fold=0 ===
  OSC: k_hat=3  ACC=0.9940  NMI=0.9727  ARI=0.9829  0.3s

=== P1L_S3_C2 train[2] k=3  dim=576  frames=209  σ=0.5  fold=0 ===
  OSC: k_hat=3  ACC=0.7321  NMI=0.5271  ARI=0.4184  0.4s

=== P1L_S3_C2 train[3] k=3  dim=576  frames=168  σ=0.5  fold=0 ===
  OSC: k_hat=3  ACC=0.9940  NMI=0.9727  ARI=0.9864  0.3s

=== P1L_S3_C2 train[4] k=3  dim=576  frames=187  σ=0.5  fold=0 ===
  OSC: k_hat=3  ACC=0.5668  NMI=0.6330  ARI=0.4478  0.4s

=== P1L_S3_C2 train[5] k=3  dim=576  frames=229  σ=0.5  fold=0 ===
  OSC: k_hat=3  ACC=0.5197  NMI=0.5359  ARI=0.3597  0.5s

=== P1L_S3_C2 train[6] k=3  dim=576  frames=136  σ=0.5  fold=0 ===
  OSC: k_hat=3  ACC=0.9559  NMI=0.8746  ARI=0.8649  0.2s

=== P1L_S3_C3 train[0] k=3  dim=576  frames=118  σ=0.5  fold=0 ===
  OSC: k_hat=3  ACC=0.8983  NMI=0.7946  ARI=0.7354  0.2s

=== P1L_S3_C3 train[1] k=3  dim=576  frames=121  σ=0.5  fold=0 ===
  OSC: k_hat=3  ACC=1.0000  NMI=1.0000  ARI=1.0000  0.2s

=== P1L_S3_C3 train[2] k=3  dim=576  frames=142  σ=0.5  fold=0 ===
  OSC: k_hat=3  ACC=1.0000  NMI=1.0000  ARI=1.0000  0.3s

=== P1L_S3_C3 train[3] k=3  dim=576  frames=134  σ=0.5  fold=0 ===
  OSC: k_hat=3  ACC=0.8507  NMI=0.7327  ARI=0.6091  0.2s

=== P1L_S3_C3 train[4] k=3  dim=576  frames=110  σ=0.5  fold=0 ===
  OSC: k_hat=3  ACC=0.8545  NMI=0.7206  ARI=0.6421  0.2s

=== P1L_S3_C3 train[5] k=3  dim=576  frames=161  σ=0.5  fold=0 ===
  OSC: k_hat=3  ACC=0.8323  NMI=0.7023  ARI=0.6433  0.3s

=== P1L_S3_C3 train[6] k=3  dim=576  frames=114  σ=0.5  fold=0 ===
  OSC: k_hat=3  ACC=0.9912  NMI=0.9630  ARI=0.9763  0.2s

=== P1L_S4_C1 train[0] k=3  dim=576  frames=157  σ=0.5  fold=0 ===
  OSC: k_hat=3  ACC=0.9427  NMI=0.8473  ARI=0.8370  0.3s

=== P1L_S4_C1 train[1] k=3  dim=576  frames=154  σ=0.5  fold=0 ===
  OSC: k_hat=3  ACC=1.0000  NMI=1.0000  ARI=1.0000  0.3s

=== P1L_S4_C1 train[2] k=3  dim=576  frames=168  σ=0.5  fold=0 ===
  OSC: k_hat=3  ACC=0.8036  NMI=0.5966  ARI=0.5068  0.3s

=== P1L_S4_C1 train[3] k=3  dim=576  frames=142  σ=0.5  fold=0 ===
  OSC: k_hat=3  ACC=0.8239  NMI=0.7118  ARI=0.6336  0.3s

=== P1L_S4_C1 train[4] k=3  dim=576  frames=164  σ=0.5  fold=0 ===
  OSC: k_hat=3  ACC=0.9573  NMI=0.8816  ARI=0.8804  0.3s

=== P1L_S4_C1 train[5] k=3  dim=576  frames=187  σ=0.5  fold=0 ===
  OSC: k_hat=3  ACC=0.7273  NMI=0.6489  ARI=0.4550  0.4s

=== P1L_S4_C1 train[6] k=3  dim=576  frames=202  σ=0.5  fold=0 ===
  OSC: k_hat=3  ACC=0.9901  NMI=0.9593  ARI=0.9706  0.4s

=== P1L_S4_C2 train[0] k=3  dim=576  frames=149  σ=0.5  fold=0 ===
  OSC: k_hat=3  ACC=0.9329  NMI=0.8326  ARI=0.7976  0.3s

=== P1L_S4_C2 train[1] k=3  dim=576  frames=175  σ=0.5  fold=0 ===
  OSC: k_hat=3  ACC=1.0000  NMI=1.0000  ARI=1.0000  0.3s

=== P1L_S4_C2 train[2] k=3  dim=576  frames=168  σ=0.5  fold=0 ===
  OSC: k_hat=3  ACC=0.8571  NMI=0.7125  ARI=0.6257  0.3s

=== P1L_S4_C2 train[3] k=3  dim=576  frames=154  σ=0.5  fold=0 ===
  OSC: k_hat=3  ACC=0.8312  NMI=0.6938  ARI=0.5628  0.3s

=== P1L_S4_C2 train[4] k=3  dim=576  frames=152  σ=0.5  fold=0 ===
  OSC: k_hat=3  ACC=0.8487  NMI=0.7055  ARI=0.6348  0.3s

=== P1L_S4_C2 train[5] k=3  dim=576  frames=169  σ=0.5  fold=0 ===
  OSC: k_hat=3  ACC=0.9231  NMI=0.8310  ARI=0.8239  0.3s

=== P1L_S4_C2 train[6] k=3  dim=576  frames=153  σ=0.5  fold=0 ===
  OSC: k_hat=3  ACC=0.8562  NMI=0.7070  ARI=0.6032  0.3s

=== P1L_S4_C3 train[0] k=3  dim=576  frames=107  σ=0.5  fold=0 ===
  OSC: k_hat=3  ACC=1.0000  NMI=1.0000  ARI=1.0000  0.2s

=== P1L_S4_C3 train[1] k=3  dim=576  frames=94  σ=0.5  fold=0 ===
  OSC: k_hat=3  ACC=1.0000  NMI=1.0000  ARI=1.0000  0.1s

=== P1L_S4_C3 train[2] k=3  dim=576  frames=117  σ=0.5  fold=0 ===
  OSC: k_hat=3  ACC=0.6154  NMI=0.5622  ARI=0.4143  0.2s

=== P1L_S4_C3 train[3] k=3  dim=576  frames=112  σ=0.5  fold=0 ===
  OSC: k_hat=3  ACC=0.7857  NMI=0.7122  ARI=0.5675  0.2s

=== P1L_S4_C3 train[4] k=3  dim=576  frames=103  σ=0.5  fold=0 ===
  OSC: k_hat=3  ACC=0.5922  NMI=0.6512  ARI=0.4530  0.2s

=== P1L_S4_C3 train[5] k=3  dim=576  frames=105  σ=0.5  fold=0 ===
  OSC: k_hat=3  ACC=0.5333  NMI=0.6115  ARI=0.4223  0.2s

=== P1L_S4_C3 train[6] k=3  dim=576  frames=107  σ=0.5  fold=0 ===
  OSC: k_hat=3  ACC=0.9813  NMI=0.9338  ARI=0.9463  0.2s

=== P1E_S1_C1 test[0] k=3  dim=576  frames=146  σ=0.5  fold=0 ===
  OSC: k_hat=3  ACC=0.9110  NMI=0.7893  ARI=0.7246  0.3s

=== P1E_S1_C2 test[0] k=3  dim=576  frames=147  σ=0.5  fold=0 ===
  OSC: k_hat=3  ACC=0.9524  NMI=0.8375  ARI=0.8562  0.3s

=== P1E_S1_C3 test[0] k=3  dim=576  frames=58  σ=0.5  fold=0 ===
  OSC: k_hat=3  ACC=0.8793  NMI=0.7027  ARI=0.6493  0.1s

=== P1E_S2_C1 test[0] k=3  dim=576  frames=167  σ=0.5  fold=0 ===
  OSC: k_hat=3  ACC=0.8802  NMI=0.7540  ARI=0.6943  0.3s

=== P1E_S2_C2 test[0] k=3  dim=576  frames=146  σ=0.5  fold=0 ===
  OSC: k_hat=3  ACC=0.8973  NMI=0.7281  ARI=0.7220  0.3s

=== P1E_S2_C3 test[0] k=3  dim=576  frames=113  σ=0.5  fold=0 ===
  OSC: k_hat=3  ACC=0.9646  NMI=0.8905  ARI=0.8869  0.2s

=== P1E_S3_C1 test[0] k=3  dim=576  frames=166  σ=0.5  fold=0 ===
  OSC: k_hat=3  ACC=0.5542  NMI=0.5592  ARI=0.3778  0.3s

=== P1E_S3_C2 test[0] k=3  dim=576  frames=147  σ=0.5  fold=0 ===
  OSC: k_hat=3  ACC=0.8639  NMI=0.7374  ARI=0.6181  0.3s

=== P1E_S3_C3 test[0] k=3  dim=576  frames=105  σ=0.5  fold=0 ===
  OSC: k_hat=3  ACC=1.0000  NMI=1.0000  ARI=1.0000  0.2s

=== P1E_S4_C1 test[0] k=3  dim=576  frames=158  σ=0.5  fold=0 ===
  OSC: k_hat=3  ACC=0.8481  NMI=0.7167  ARI=0.5780  0.3s

=== P1E_S4_C2 test[0] k=3  dim=576  frames=117  σ=0.5  fold=0 ===
  OSC: k_hat=3  ACC=0.8803  NMI=0.7482  ARI=0.6947  0.2s

=== P1E_S4_C3 test[0] k=3  dim=576  frames=90  σ=0.5  fold=0 ===
  OSC: k_hat=3  ACC=0.9000  NMI=0.7358  ARI=0.7102  0.1s

=== P1L_S1_C1 test[0] k=3  dim=576  frames=162  σ=0.5  fold=0 ===
  OSC: k_hat=3  ACC=0.9815  NMI=0.9346  ARI=0.9472  0.3s

=== P1L_S1_C2 test[0] k=3  dim=576  frames=186  σ=0.5  fold=0 ===
  OSC: k_hat=3  ACC=0.7688  NMI=0.6813  ARI=0.5085  0.4s

=== P1L_S1_C3 test[0] k=3  dim=576  frames=60  σ=0.5  fold=0 ===
  OSC: k_hat=3  ACC=0.5333  NMI=0.6526  ARI=0.4391  0.1s

=== P1L_S2_C1 test[0] k=3  dim=576  frames=211  σ=0.5  fold=0 ===
  OSC: k_hat=3  ACC=0.8152  NMI=0.7204  ARI=0.6023  0.5s

=== P1L_S2_C2 test[0] k=3  dim=576  frames=194  σ=0.5  fold=0 ===
  OSC: k_hat=3  ACC=0.8041  NMI=0.6646  ARI=0.5092  0.4s

=== P1L_S2_C3 test[0] k=3  dim=576  frames=119  σ=0.5  fold=0 ===
  OSC: k_hat=3  ACC=0.9916  NMI=0.9622  ARI=0.9722  0.2s

=== P1L_S3_C1 test[0] k=3  dim=576  frames=156  σ=0.5  fold=0 ===
  OSC: k_hat=3  ACC=0.4295  NMI=0.2486  ARI=0.0025  0.3s

=== P1L_S3_C2 test[0] k=3  dim=576  frames=185  σ=0.5  fold=0 ===
  OSC: k_hat=3  ACC=0.8595  NMI=0.6704  ARI=0.6228  0.4s

=== P1L_S3_C3 test[0] k=3  dim=576  frames=151  σ=0.5  fold=0 ===
  OSC: k_hat=3  ACC=0.9934  NMI=0.9670  ARI=0.9779  0.3s

=== P1L_S4_C1 test[0] k=3  dim=576  frames=200  σ=0.5  fold=0 ===
  OSC: k_hat=3  ACC=0.7350  NMI=0.6902  ARI=0.5295  0.4s

=== P1L_S4_C2 test[0] k=3  dim=576  frames=157  σ=0.5  fold=0 ===
  OSC: k_hat=3  ACC=0.7771  NMI=0.6675  ARI=0.4827  0.3s

=== P1L_S4_C3 test[0] k=3  dim=576  frames=96  σ=0.5  fold=0 ===
  OSC: k_hat=3  ACC=0.7292  NMI=0.6696  ARI=0.4804  0.1s
  tune_pool_groups=20: sampling from 22 held-in people (overlap allowed) instead of the 7 fixed partition group(s)

============================================================
σ=0.5 fold=1  test=['0004', '0014', '0027']  train mats=168  test mats=24  tune mats=480
  --- tune OSC over 480 train mats  n_trials=20 (2 params) ---
  OSC trial 0: mean ARI=0.6910  n=480  119.0s  lambda_1=0.1, lambda_2=0.1
  OSC trial 1: mean ARI=0.6357  n=480  113.7s  lambda_1=0.1568, lambda_2=0.7257
  OSC trial 2: mean ARI=0.5392  n=480  113.8s  lambda_1=0.2577, lambda_2=0.1512
  OSC trial 3: mean ARI=0.7163  n=480  113.7s  lambda_1=0.0495, lambda_2=0.3833
  OSC trial 4: mean ARI=0.7163  n=480  113.7s  lambda_1=0.05628, lambda_2=3.691
  OSC trial 5: mean ARI=-0.0003  n=480  110.7s  lambda_1=7.156, lambda_2=0.03418
  OSC trial 6: mean ARI=-0.0003  n=480  123.4s  lambda_1=1.469, lambda_2=0.1305
  OSC trial 7: mean ARI=0.6113  n=480  133.7s  lambda_1=0.1871, lambda_2=5.039
  OSC trial 8: mean ARI=0.6164  n=480  142.9s  lambda_1=0.001924, lambda_2=0.002231
  OSC trial 9: mean ARI=0.7091  n=480  132.8s  lambda_1=0.001205, lambda_2=2.14
  OSC trial 10: mean ARI=0.6489  n=480  142.5s  lambda_1=0.01206, lambda_2=0.001654
  OSC trial 11: mean ARI=0.7206  n=480  133.9s  lambda_1=0.01856, lambda_2=0.9349
  OSC trial 12: mean ARI=0.7183  n=480  133.9s  lambda_1=0.01288, lambda_2=9.265
  OSC trial 13: mean ARI=0.7136  n=480  134.0s  lambda_1=0.007366, lambda_2=8.861
  OSC trial 14: mean ARI=0.7197  n=480  132.7s  lambda_1=0.01544, lambda_2=0.9382
  OSC trial 15: mean ARI=0.7143  n=480  133.6s  lambda_1=0.006704, lambda_2=1.086
  OSC trial 16: mean ARI=0.6941  n=480  141.8s  lambda_1=0.02491, lambda_2=0.02168
  OSC trial 17: mean ARI=0.7118  n=480  134.1s  lambda_1=0.004176, lambda_2=0.457
  OSC trial 18: mean ARI=-0.0003  n=480  130.8s  lambda_1=0.6233, lambda_2=1.572
  OSC trial 19: mean ARI=0.6970  n=480  141.4s  lambda_1=0.03067, lambda_2=0.007987
    best mean ARI=0.7206  tune 2576.3s  lambda_1=0.01856, lambda_2=0.9349
  wrote /nfs/turbo/umms-minjilab/lpullela/icassp_ssc_tv2/block_ssc_benchmark/cv/params/surveillance/split_k3_sigmas_min30_trials20_params_knownk_cv_osc_k3_sigma0p5_sigma0.5_fold1.json

=== P1E_S1_C1 train[0] k=3  dim=576  frames=146  σ=0.5  fold=1 ===
  OSC: k_hat=3  ACC=0.9110  NMI=0.7893  ARI=0.7246  0.3s

=== P1E_S1_C1 train[1] k=3  dim=576  frames=130  σ=0.5  fold=1 ===
  OSC: k_hat=3  ACC=1.0000  NMI=1.0000  ARI=1.0000  0.3s

=== P1E_S1_C1 train[2] k=3  dim=576  frames=140  σ=0.5  fold=1 ===
  OSC: k_hat=3  ACC=0.9000  NMI=0.7798  ARI=0.7028  0.3s

=== P1E_S1_C1 train[3] k=3  dim=576  frames=157  σ=0.5  fold=1 ===
  OSC: k_hat=3  ACC=0.5860  NMI=0.6627  ARI=0.4681  0.4s

=== P1E_S1_C1 train[4] k=3  dim=576  frames=151  σ=0.5  fold=1 ===
  OSC: k_hat=3  ACC=0.5960  NMI=0.6690  ARI=0.4788  0.3s

=== P1E_S1_C1 train[5] k=3  dim=576  frames=140  σ=0.5  fold=1 ===
  OSC: k_hat=3  ACC=0.8571  NMI=0.7606  ARI=0.6745  0.3s

=== P1E_S1_C1 train[6] k=3  dim=576  frames=171  σ=0.5  fold=1 ===
  OSC: k_hat=3  ACC=0.9825  NMI=0.9271  ARI=0.9493  0.4s

=== P1E_S1_C2 train[0] k=3  dim=576  frames=147  σ=0.5  fold=1 ===
  OSC: k_hat=3  ACC=0.9524  NMI=0.8375  ARI=0.8562  0.3s

=== P1E_S1_C2 train[1] k=3  dim=576  frames=104  σ=0.5  fold=1 ===
  OSC: k_hat=3  ACC=1.0000  NMI=1.0000  ARI=1.0000  0.2s

=== P1E_S1_C2 train[2] k=3  dim=576  frames=138  σ=0.5  fold=1 ===
  OSC: k_hat=3  ACC=0.6087  NMI=0.5813  ARI=0.4203  0.3s

=== P1E_S1_C2 train[3] k=3  dim=576  frames=113  σ=0.5  fold=1 ===
  OSC: k_hat=3  ACC=0.4690  NMI=0.3839  ARI=0.1885  0.2s

=== P1E_S1_C2 train[4] k=3  dim=576  frames=122  σ=0.5  fold=1 ===
  OSC: k_hat=3  ACC=0.5574  NMI=0.6295  ARI=0.4511  0.2s

=== P1E_S1_C2 train[5] k=3  dim=576  frames=122  σ=0.5  fold=1 ===
  OSC: k_hat=3  ACC=0.9590  NMI=0.8854  ARI=0.8916  0.2s

=== P1E_S1_C2 train[6] k=3  dim=576  frames=134  σ=0.5  fold=1 ===
  OSC: k_hat=3  ACC=0.9851  NMI=0.9443  ARI=0.9564  0.3s

=== P1E_S1_C3 train[0] k=3  dim=576  frames=58  σ=0.5  fold=1 ===
  OSC: k_hat=3  ACC=0.8793  NMI=0.7027  ARI=0.6493  0.1s

=== P1E_S1_C3 train[1] k=3  dim=576  frames=47  σ=0.5  fold=1 ===
  OSC: k_hat=3  ACC=1.0000  NMI=1.0000  ARI=1.0000  0.1s

=== P1E_S1_C3 train[2] k=3  dim=576  frames=61  σ=0.5  fold=1 ===
  OSC: k_hat=3  ACC=0.7213  NMI=0.6858  ARI=0.6370  0.1s

=== P1E_S1_C3 train[3] k=3  dim=576  frames=37  σ=0.5  fold=1 ===
  OSC: k_hat=3  ACC=0.4054  NMI=0.0778  ARI=-0.0149  0.1s

=== P1E_S1_C3 train[4] k=3  dim=576  frames=55  σ=0.5  fold=1 ===
  OSC: k_hat=3  ACC=0.9091  NMI=0.7661  ARI=0.7406  0.1s

=== P1E_S1_C3 train[5] k=3  dim=576  frames=51  σ=0.5  fold=1 ===
  OSC: k_hat=3  ACC=0.6078  NMI=0.5486  ARI=0.4099  0.1s

=== P1E_S1_C3 train[6] k=3  dim=576  frames=69  σ=0.5  fold=1 ===
  OSC: k_hat=3  ACC=0.9130  NMI=0.7638  ARI=0.7540  0.1s

=== P1E_S2_C1 train[0] k=3  dim=576  frames=167  σ=0.5  fold=1 ===
  OSC: k_hat=3  ACC=0.9760  NMI=0.9201  ARI=0.9285  0.4s

=== P1E_S2_C1 train[1] k=3  dim=576  frames=136  σ=0.5  fold=1 ===
  OSC: k_hat=3  ACC=0.8897  NMI=0.7826  ARI=0.7148  0.3s

=== P1E_S2_C1 train[2] k=3  dim=576  frames=180  σ=0.5  fold=1 ===
  OSC: k_hat=3  ACC=0.5500  NMI=0.6138  ARI=0.4390  0.4s

=== P1E_S2_C1 train[3] k=3  dim=576  frames=149  σ=0.5  fold=1 ===
  OSC: k_hat=3  ACC=0.5839  NMI=0.6691  ARI=0.4776  0.3s

=== P1E_S2_C1 train[4] k=3  dim=576  frames=124  σ=0.5  fold=1 ===
  OSC: k_hat=3  ACC=0.5403  NMI=0.6637  ARI=0.4600  0.2s

=== P1E_S2_C1 train[5] k=3  dim=576  frames=161  σ=0.5  fold=1 ===
  OSC: k_hat=3  ACC=0.7950  NMI=0.6918  ARI=0.5769  0.4s

=== P1E_S2_C1 train[6] k=3  dim=576  frames=153  σ=0.5  fold=1 ===
  OSC: k_hat=3  ACC=0.9673  NMI=0.8871  ARI=0.9080  0.4s

=== P1E_S2_C2 train[0] k=3  dim=576  frames=146  σ=0.5  fold=1 ===
  OSC: k_hat=3  ACC=0.8973  NMI=0.7281  ARI=0.7220  0.3s

=== P1E_S2_C2 train[1] k=3  dim=576  frames=109  σ=0.5  fold=1 ===
  OSC: k_hat=3  ACC=1.0000  NMI=1.0000  ARI=1.0000  0.2s

=== P1E_S2_C2 train[2] k=3  dim=576  frames=144  σ=0.5  fold=1 ===
  OSC: k_hat=3  ACC=0.7847  NMI=0.5923  ARI=0.4948  0.3s

=== P1E_S2_C2 train[3] k=3  dim=576  frames=124  σ=0.5  fold=1 ===
  OSC: k_hat=3  ACC=0.9516  NMI=0.8652  ARI=0.8503  0.2s

=== P1E_S2_C2 train[4] k=3  dim=576  frames=109  σ=0.5  fold=1 ===
  OSC: k_hat=3  ACC=0.6881  NMI=0.6895  ARI=0.5379  0.2s

=== P1E_S2_C2 train[5] k=3  dim=576  frames=128  σ=0.5  fold=1 ===
  OSC: k_hat=3  ACC=0.8828  NMI=0.7831  ARI=0.7188  0.3s

=== P1E_S2_C2 train[6] k=3  dim=576  frames=126  σ=0.5  fold=1 ===
  OSC: k_hat=3  ACC=0.9762  NMI=0.9207  ARI=0.9308  0.2s

=== P1E_S2_C3 train[0] k=3  dim=576  frames=113  σ=0.5  fold=1 ===
  OSC: k_hat=3  ACC=0.9646  NMI=0.8905  ARI=0.8869  0.2s

=== P1E_S2_C3 train[1] k=3  dim=576  frames=90  σ=0.5  fold=1 ===
  OSC: k_hat=3  ACC=0.9667  NMI=0.8979  ARI=0.8982  0.2s

=== P1E_S2_C3 train[2] k=3  dim=576  frames=112  σ=0.5  fold=1 ===
  OSC: k_hat=3  ACC=0.8214  NMI=0.6894  ARI=0.5741  0.2s

=== P1E_S2_C3 train[3] k=3  dim=576  frames=99  σ=0.5  fold=1 ===
  OSC: k_hat=3  ACC=0.8788  NMI=0.7738  ARI=0.7012  0.2s

=== P1E_S2_C3 train[4] k=3  dim=576  frames=87  σ=0.5  fold=1 ===
  OSC: k_hat=3  ACC=0.6092  NMI=0.6683  ARI=0.4793  0.1s

=== P1E_S2_C3 train[5] k=3  dim=576  frames=105  σ=0.5  fold=1 ===
  OSC: k_hat=3  ACC=0.8571  NMI=0.7129  ARI=0.6594  0.2s

=== P1E_S2_C3 train[6] k=3  dim=576  frames=89  σ=0.5  fold=1 ===
  OSC: k_hat=3  ACC=0.9775  NMI=0.9248  ARI=0.9383  0.2s

=== P1E_S3_C1 train[0] k=3  dim=576  frames=166  σ=0.5  fold=1 ===
  OSC: k_hat=3  ACC=0.5542  NMI=0.5592  ARI=0.3778  0.4s

=== P1E_S3_C1 train[1] k=3  dim=576  frames=134  σ=0.5  fold=1 ===
  OSC: k_hat=3  ACC=0.7985  NMI=0.6452  ARI=0.5289  0.3s

=== P1E_S3_C1 train[2] k=3  dim=576  frames=161  σ=0.5  fold=1 ===
  OSC: k_hat=3  ACC=0.7888  NMI=0.7131  ARI=0.5833  0.4s

=== P1E_S3_C1 train[3] k=3  dim=576  frames=168  σ=0.5  fold=1 ===
  OSC: k_hat=3  ACC=0.8571  NMI=0.7396  ARI=0.6204  0.4s

=== P1E_S3_C1 train[4] k=3  dim=576  frames=123  σ=0.5  fold=1 ===
  OSC: k_hat=3  ACC=0.5122  NMI=0.4251  ARI=0.2437  0.2s

=== P1E_S3_C1 train[5] k=3  dim=576  frames=204  σ=0.5  fold=1 ===
  OSC: k_hat=3  ACC=0.8529  NMI=0.7624  ARI=0.6954  0.5s

=== P1E_S3_C1 train[6] k=3  dim=576  frames=112  σ=0.5  fold=1 ===
  OSC: k_hat=3  ACC=0.5625  NMI=0.6127  ARI=0.4282  0.2s

=== P1E_S3_C2 train[0] k=3  dim=576  frames=147  σ=0.5  fold=1 ===
  OSC: k_hat=3  ACC=0.8639  NMI=0.7374  ARI=0.6181  0.3s

=== P1E_S3_C2 train[1] k=3  dim=576  frames=112  σ=0.5  fold=1 ===
  OSC: k_hat=3  ACC=0.9375  NMI=0.8076  ARI=0.8112  0.2s

=== P1E_S3_C2 train[2] k=3  dim=576  frames=168  σ=0.5  fold=1 ===
  OSC: k_hat=3  ACC=0.6845  NMI=0.6149  ARI=0.4244  0.4s

=== P1E_S3_C2 train[3] k=3  dim=576  frames=169  σ=0.5  fold=1 ===
  OSC: k_hat=3  ACC=0.9704  NMI=0.8862  ARI=0.9095  0.4s

=== P1E_S3_C2 train[4] k=3  dim=576  frames=107  σ=0.5  fold=1 ===
  OSC: k_hat=3  ACC=0.5981  NMI=0.6680  ARI=0.4761  0.2s

=== P1E_S3_C2 train[5] k=3  dim=576  frames=146  σ=0.5  fold=1 ===
  OSC: k_hat=3  ACC=0.8288  NMI=0.7005  ARI=0.5433  0.3s

=== P1E_S3_C2 train[6] k=3  dim=576  frames=114  σ=0.5  fold=1 ===
  OSC: k_hat=3  ACC=0.9825  NMI=0.9333  ARI=0.9468  0.2s

=== P1E_S3_C3 train[0] k=3  dim=576  frames=105  σ=0.5  fold=1 ===
  OSC: k_hat=3  ACC=1.0000  NMI=1.0000  ARI=1.0000  0.2s

=== P1E_S3_C3 train[1] k=3  dim=576  frames=84  σ=0.5  fold=1 ===
  OSC: k_hat=3  ACC=0.9881  NMI=0.9525  ARI=0.9657  0.1s

=== P1E_S3_C3 train[2] k=3  dim=576  frames=125  σ=0.5  fold=1 ===
  OSC: k_hat=3  ACC=0.9760  NMI=0.9174  ARI=0.9232  0.2s

=== P1E_S3_C3 train[3] k=3  dim=576  frames=128  σ=0.5  fold=1 ===
  OSC: k_hat=3  ACC=0.7031  NMI=0.6354  ARI=0.5070  0.3s

=== P1E_S3_C3 train[4] k=3  dim=576  frames=83  σ=0.5  fold=1 ===
  OSC: k_hat=3  ACC=0.9880  NMI=0.9530  ARI=0.9662  0.1s

=== P1E_S3_C3 train[5] k=3  dim=576  frames=129  σ=0.5  fold=1 ===
  OSC: k_hat=3  ACC=0.5349  NMI=0.6553  ARI=0.4505  0.3s

=== P1E_S3_C3 train[6] k=3  dim=576  frames=84  σ=0.5  fold=1 ===
  OSC: k_hat=3  ACC=0.9881  NMI=0.9523  ARI=0.9667  0.1s

=== P1E_S4_C1 train[0] k=3  dim=576  frames=158  σ=0.5  fold=1 ===
  OSC: k_hat=3  ACC=0.8481  NMI=0.7167  ARI=0.5780  0.4s

=== P1E_S4_C1 train[1] k=3  dim=576  frames=155  σ=0.5  fold=1 ===
  OSC: k_hat=3  ACC=0.9806  NMI=0.9205  ARI=0.9410  0.3s

=== P1E_S4_C1 train[2] k=3  dim=576  frames=182  σ=0.5  fold=1 ===
  OSC: k_hat=3  ACC=0.8626  NMI=0.7396  ARI=0.6658  0.4s

=== P1E_S4_C1 train[3] k=3  dim=576  frames=180  σ=0.5  fold=1 ===
  OSC: k_hat=3  ACC=0.6778  NMI=0.6859  ARI=0.5257  0.4s

=== P1E_S4_C1 train[4] k=3  dim=576  frames=133  σ=0.5  fold=1 ===
  OSC: k_hat=3  ACC=0.6466  NMI=0.6651  ARI=0.4918  0.3s

=== P1E_S4_C1 train[5] k=3  dim=576  frames=147  σ=0.5  fold=1 ===
  OSC: k_hat=3  ACC=0.5034  NMI=0.4851  ARI=0.3226  0.3s

=== P1E_S4_C1 train[6] k=3  dim=576  frames=145  σ=0.5  fold=1 ===
  OSC: k_hat=3  ACC=0.9241  NMI=0.8002  ARI=0.8064  0.3s

=== P1E_S4_C2 train[0] k=3  dim=576  frames=117  σ=0.5  fold=1 ===
  OSC: k_hat=3  ACC=0.8803  NMI=0.7482  ARI=0.6947  0.2s

=== P1E_S4_C2 train[1] k=3  dim=576  frames=122  σ=0.5  fold=1 ===
  OSC: k_hat=3  ACC=0.9918  NMI=0.9645  ARI=0.9747  0.2s

=== P1E_S4_C2 train[2] k=3  dim=576  frames=126  σ=0.5  fold=1 ===
  OSC: k_hat=3  ACC=0.9762  NMI=0.9043  ARI=0.9252  0.2s

=== P1E_S4_C2 train[3] k=3  dim=576  frames=140  σ=0.5  fold=1 ===
  OSC: k_hat=3  ACC=0.9786  NMI=0.9234  ARI=0.9323  0.3s

=== P1E_S4_C2 train[4] k=3  dim=576  frames=129  σ=0.5  fold=1 ===
  OSC: k_hat=3  ACC=0.5504  NMI=0.6603  ARI=0.4591  0.3s

=== P1E_S4_C2 train[5] k=3  dim=576  frames=146  σ=0.5  fold=1 ===
  OSC: k_hat=3  ACC=0.6507  NMI=0.5935  ARI=0.4620  0.3s

=== P1E_S4_C2 train[6] k=3  dim=576  frames=110  σ=0.5  fold=1 ===
  OSC: k_hat=3  ACC=0.9909  NMI=0.9623  ARI=0.9753  0.2s

=== P1E_S4_C3 train[0] k=3  dim=576  frames=90  σ=0.5  fold=1 ===
  OSC: k_hat=3  ACC=0.9000  NMI=0.7358  ARI=0.7102  0.2s

=== P1E_S4_C3 train[1] k=3  dim=576  frames=85  σ=0.5  fold=1 ===
  OSC: k_hat=3  ACC=0.9765  NMI=0.9220  ARI=0.9313  0.1s

=== P1E_S4_C3 train[2] k=3  dim=576  frames=105  σ=0.5  fold=1 ===
  OSC: k_hat=3  ACC=0.8476  NMI=0.6659  ARI=0.6328  0.2s

=== P1E_S4_C3 train[3] k=3  dim=576  frames=87  σ=0.5  fold=1 ===
  OSC: k_hat=3  ACC=0.8621  NMI=0.7028  ARI=0.6543  0.1s

=== P1E_S4_C3 train[4] k=3  dim=576  frames=76  σ=0.5  fold=1 ===
  OSC: k_hat=3  ACC=0.9605  NMI=0.8885  ARI=0.8936  0.1s

=== P1E_S4_C3 train[5] k=3  dim=576  frames=106  σ=0.5  fold=1 ===
  OSC: k_hat=3  ACC=0.6887  NMI=0.7100  ARI=0.5700  0.2s

=== P1E_S4_C3 train[6] k=3  dim=576  frames=79  σ=0.5  fold=1 ===
  OSC: k_hat=3  ACC=0.9494  NMI=0.8344  ARI=0.8496  0.1s

=== P1L_S1_C1 train[0] k=3  dim=576  frames=162  σ=0.5  fold=1 ===
  OSC: k_hat=3  ACC=0.9815  NMI=0.9346  ARI=0.9472  0.4s

=== P1L_S1_C1 train[1] k=3  dim=576  frames=155  σ=0.5  fold=1 ===
  OSC: k_hat=3  ACC=1.0000  NMI=1.0000  ARI=1.0000  0.3s

=== P1L_S1_C1 train[2] k=3  dim=576  frames=182  σ=0.5  fold=1 ===
  OSC: k_hat=3  ACC=0.9286  NMI=0.8181  ARI=0.8151  0.4s

=== P1L_S1_C1 train[3] k=3  dim=576  frames=198  σ=0.5  fold=1 ===
  OSC: k_hat=3  ACC=0.7273  NMI=0.6733  ARI=0.5345  0.5s

=== P1L_S1_C1 train[4] k=3  dim=576  frames=166  σ=0.5  fold=1 ===
  OSC: k_hat=3  ACC=1.0000  NMI=1.0000  ARI=1.0000  0.4s

=== P1L_S1_C1 train[5] k=3  dim=576  frames=116  σ=0.5  fold=1 ===
  OSC: k_hat=3  ACC=0.6983  NMI=0.4769  ARI=0.2990  0.2s

=== P1L_S1_C1 train[6] k=3  dim=576  frames=175  σ=0.5  fold=1 ===
  OSC: k_hat=3  ACC=1.0000  NMI=1.0000  ARI=1.0000  0.4s

=== P1L_S1_C2 train[0] k=3  dim=576  frames=186  σ=0.5  fold=1 ===
  OSC: k_hat=3  ACC=0.7688  NMI=0.6813  ARI=0.5085  0.5s

=== P1L_S1_C2 train[1] k=3  dim=576  frames=147  σ=0.5  fold=1 ===
  OSC: k_hat=3  ACC=0.8231  NMI=0.6893  ARI=0.5681  0.3s

=== P1L_S1_C2 train[2] k=3  dim=576  frames=181  σ=0.5  fold=1 ===
  OSC: k_hat=3  ACC=0.8343  NMI=0.7285  ARI=0.6043  0.4s

=== P1L_S1_C2 train[3] k=3  dim=576  frames=128  σ=0.5  fold=1 ===
  OSC: k_hat=3  ACC=0.5625  NMI=0.6666  ARI=0.4689  0.3s

=== P1L_S1_C2 train[4] k=3  dim=576  frames=154  σ=0.5  fold=1 ===
  OSC: k_hat=3  ACC=0.5065  NMI=0.6566  ARI=0.4500  0.3s

=== P1L_S1_C2 train[5] k=3  dim=576  frames=142  σ=0.5  fold=1 ===
  OSC: k_hat=3  ACC=0.8169  NMI=0.6797  ARI=0.5563  0.3s

=== P1L_S1_C2 train[6] k=3  dim=576  frames=168  σ=0.5  fold=1 ===
  OSC: k_hat=3  ACC=0.9821  NMI=0.9264  ARI=0.9498  0.4s

=== P1L_S1_C3 train[0] k=3  dim=576  frames=60  σ=0.5  fold=1 ===
  OSC: k_hat=3  ACC=0.5167  NMI=0.5800  ARI=0.3887  0.1s

=== P1L_S1_C3 train[1] k=3  dim=576  frames=65  σ=0.5  fold=1 ===
  OSC: k_hat=3  ACC=0.9231  NMI=0.8192  ARI=0.7746  0.1s

=== P1L_S1_C3 train[2] k=3  dim=576  frames=74  σ=0.5  fold=1 ===
  OSC: k_hat=3  ACC=0.5811  NMI=0.6230  ARI=0.4548  0.1s

=== P1L_S1_C3 train[3] k=3  dim=576  frames=73  σ=0.5  fold=1 ===
  OSC: k_hat=3  ACC=0.6301  NMI=0.6672  ARI=0.4815  0.1s

=== P1L_S1_C3 train[4] k=3  dim=576  frames=64  σ=0.5  fold=1 ===
  OSC: k_hat=3  ACC=0.8438  NMI=0.6679  ARI=0.6290  0.1s

=== P1L_S1_C3 train[5] k=3  dim=576  frames=63  σ=0.5  fold=1 ===
  OSC: k_hat=3  ACC=0.6349  NMI=0.6083  ARI=0.5013  0.1s

=== P1L_S1_C3 train[6] k=3  dim=576  frames=75  σ=0.5  fold=1 ===
  OSC: k_hat=3  ACC=0.9867  NMI=0.9474  ARI=0.9569  0.1s

=== P1L_S2_C1 train[0] k=3  dim=576  frames=211  σ=0.5  fold=1 ===
  OSC: k_hat=3  ACC=0.8057  NMI=0.7153  ARI=0.5921  0.5s

=== P1L_S2_C1 train[1] k=3  dim=576  frames=180  σ=0.5  fold=1 ===
  OSC: k_hat=3  ACC=1.0000  NMI=1.0000  ARI=1.0000  0.4s

=== P1L_S2_C1 train[2] k=3  dim=576  frames=177  σ=0.5  fold=1 ===
  OSC: k_hat=3  ACC=0.7458  NMI=0.7108  ARI=0.5842  0.4s

=== P1L_S2_C1 train[3] k=3  dim=576  frames=172  σ=0.5  fold=1 ===
  OSC: k_hat=3  ACC=0.9767  NMI=0.9235  ARI=0.9437  0.4s

=== P1L_S2_C1 train[4] k=3  dim=576  frames=179  σ=0.5  fold=1 ===
  OSC: k_hat=3  ACC=0.9888  NMI=0.9558  ARI=0.9703  0.4s

=== P1L_S2_C1 train[5] k=3  dim=576  frames=180  σ=0.5  fold=1 ===
  OSC: k_hat=3  ACC=0.5056  NMI=0.2709  ARI=0.0681  0.4s

=== P1L_S2_C1 train[6] k=3  dim=576  frames=133  σ=0.5  fold=1 ===
  OSC: k_hat=3  ACC=1.0000  NMI=1.0000  ARI=1.0000  0.3s

=== P1L_S2_C2 train[0] k=3  dim=576  frames=194  σ=0.5  fold=1 ===
  OSC: k_hat=3  ACC=0.8041  NMI=0.6646  ARI=0.5092  0.5s

=== P1L_S2_C2 train[1] k=3  dim=576  frames=134  σ=0.5  fold=1 ===
  OSC: k_hat=3  ACC=1.0000  NMI=1.0000  ARI=1.0000  0.3s

=== P1L_S2_C2 train[2] k=3  dim=576  frames=186  σ=0.5  fold=1 ===
  OSC: k_hat=3  ACC=0.9570  NMI=0.8560  ARI=0.8853  0.5s

=== P1L_S2_C2 train[3] k=3  dim=576  frames=201  σ=0.5  fold=1 ===
  OSC: k_hat=3  ACC=0.9353  NMI=0.8177  ARI=0.8156  0.5s

=== P1L_S2_C2 train[4] k=3  dim=576  frames=171  σ=0.5  fold=1 ===
  OSC: k_hat=3  ACC=0.8363  NMI=0.7362  ARI=0.6178  0.4s

=== P1L_S2_C2 train[5] k=3  dim=576  frames=160  σ=0.5  fold=1 ===
  OSC: k_hat=3  ACC=0.6125  NMI=0.6196  ARI=0.4654  0.4s

=== P1L_S2_C2 train[6] k=3  dim=576  frames=154  σ=0.5  fold=1 ===
  OSC: k_hat=3  ACC=0.9870  NMI=0.9414  ARI=0.9655  0.3s

=== P1L_S2_C3 train[0] k=3  dim=576  frames=119  σ=0.5  fold=1 ===
  OSC: k_hat=3  ACC=0.9916  NMI=0.9622  ARI=0.9722  0.2s

=== P1L_S2_C3 train[1] k=3  dim=576  frames=85  σ=0.5  fold=1 ===
  OSC: k_hat=3  ACC=0.9882  NMI=0.9505  ARI=0.9597  0.1s

=== P1L_S2_C3 train[2] k=3  dim=576  frames=112  σ=0.5  fold=1 ===
  OSC: k_hat=3  ACC=0.5804  NMI=0.6222  ARI=0.4420  0.2s

=== P1L_S2_C3 train[3] k=3  dim=576  frames=126  σ=0.5  fold=1 ===
  OSC: k_hat=3  ACC=0.8651  NMI=0.7610  ARI=0.6671  0.2s

=== P1L_S2_C3 train[4] k=3  dim=576  frames=102  σ=0.5  fold=1 ===
  OSC: k_hat=3  ACC=0.5392  NMI=0.6136  ARI=0.4329  0.2s

=== P1L_S2_C3 train[5] k=3  dim=576  frames=121  σ=0.5  fold=1 ===
  OSC: k_hat=3  ACC=0.9091  NMI=0.7880  ARI=0.7781  0.2s

=== P1L_S2_C3 train[6] k=3  dim=576  frames=99  σ=0.5  fold=1 ===
  OSC: k_hat=3  ACC=0.9697  NMI=0.9066  ARI=0.9152  0.2s

=== P1L_S3_C1 train[0] k=3  dim=576  frames=156  σ=0.5  fold=1 ===
  OSC: k_hat=3  ACC=0.4295  NMI=0.2486  ARI=0.0025  0.3s

=== P1L_S3_C1 train[1] k=3  dim=576  frames=185  σ=0.5  fold=1 ===
  OSC: k_hat=3  ACC=0.9838  NMI=0.9402  ARI=0.9511  0.4s

=== P1L_S3_C1 train[2] k=3  dim=576  frames=156  σ=0.5  fold=1 ===
  OSC: k_hat=3  ACC=0.6474  NMI=0.6812  ARI=0.5139  0.3s

=== P1L_S3_C1 train[3] k=3  dim=576  frames=159  σ=0.5  fold=1 ===
  OSC: k_hat=3  ACC=0.9245  NMI=0.7727  ARI=0.7932  0.4s

=== P1L_S3_C1 train[4] k=3  dim=576  frames=172  σ=0.5  fold=1 ===
  OSC: k_hat=3  ACC=0.5349  NMI=0.5671  ARI=0.3882  0.4s

=== P1L_S3_C1 train[5] k=3  dim=576  frames=176  σ=0.5  fold=1 ===
  OSC: k_hat=3  ACC=0.6364  NMI=0.4186  ARI=0.2282  0.4s

=== P1L_S3_C1 train[6] k=3  dim=576  frames=134  σ=0.5  fold=1 ===
  OSC: k_hat=3  ACC=0.9925  NMI=0.9658  ARI=0.9752  0.3s

=== P1L_S3_C2 train[0] k=3  dim=576  frames=185  σ=0.5  fold=1 ===
  OSC: k_hat=3  ACC=0.8595  NMI=0.6704  ARI=0.6228  0.4s

=== P1L_S3_C2 train[1] k=3  dim=576  frames=166  σ=0.5  fold=1 ===
  OSC: k_hat=3  ACC=0.9940  NMI=0.9727  ARI=0.9829  0.4s

=== P1L_S3_C2 train[2] k=3  dim=576  frames=209  σ=0.5  fold=1 ===
  OSC: k_hat=3  ACC=0.7321  NMI=0.5271  ARI=0.4184  0.5s

=== P1L_S3_C2 train[3] k=3  dim=576  frames=168  σ=0.5  fold=1 ===
  OSC: k_hat=3  ACC=0.9940  NMI=0.9727  ARI=0.9864  0.4s

=== P1L_S3_C2 train[4] k=3  dim=576  frames=187  σ=0.5  fold=1 ===
  OSC: k_hat=3  ACC=0.5668  NMI=0.6330  ARI=0.4478  0.4s

=== P1L_S3_C2 train[5] k=3  dim=576  frames=229  σ=0.5  fold=1 ===
  OSC: k_hat=3  ACC=0.5197  NMI=0.5359  ARI=0.3597  0.6s

=== P1L_S3_C2 train[6] k=3  dim=576  frames=136  σ=0.5  fold=1 ===
  OSC: k_hat=3  ACC=0.9559  NMI=0.8746  ARI=0.8649  0.3s

=== P1L_S3_C3 train[0] k=3  dim=576  frames=151  σ=0.5  fold=1 ===
  OSC: k_hat=3  ACC=0.9934  NMI=0.9670  ARI=0.9779  0.3s

=== P1L_S3_C3 train[1] k=3  dim=576  frames=121  σ=0.5  fold=1 ===
  OSC: k_hat=3  ACC=1.0000  NMI=1.0000  ARI=1.0000  0.2s

=== P1L_S3_C3 train[2] k=3  dim=576  frames=142  σ=0.5  fold=1 ===
  OSC: k_hat=3  ACC=0.7958  NMI=0.6968  ARI=0.5429  0.3s

=== P1L_S3_C3 train[3] k=3  dim=576  frames=134  σ=0.5  fold=1 ===
  OSC: k_hat=3  ACC=0.8507  NMI=0.7327  ARI=0.6091  0.3s

=== P1L_S3_C3 train[4] k=3  dim=576  frames=110  σ=0.5  fold=1 ===
  OSC: k_hat=3  ACC=0.8545  NMI=0.7206  ARI=0.6421  0.2s

=== P1L_S3_C3 train[5] k=3  dim=576  frames=161  σ=0.5  fold=1 ===
  OSC: k_hat=3  ACC=0.8323  NMI=0.7023  ARI=0.6433  0.3s

=== P1L_S3_C3 train[6] k=3  dim=576  frames=114  σ=0.5  fold=1 ===
  OSC: k_hat=3  ACC=0.9912  NMI=0.9630  ARI=0.9763  0.2s

=== P1L_S4_C1 train[0] k=3  dim=576  frames=200  σ=0.5  fold=1 ===
  OSC: k_hat=3  ACC=0.7350  NMI=0.6902  ARI=0.5295  0.5s

=== P1L_S4_C1 train[1] k=3  dim=576  frames=154  σ=0.5  fold=1 ===
  OSC: k_hat=3  ACC=1.0000  NMI=1.0000  ARI=1.0000  0.3s

=== P1L_S4_C1 train[2] k=3  dim=576  frames=168  σ=0.5  fold=1 ===
  OSC: k_hat=3  ACC=0.8036  NMI=0.5966  ARI=0.5068  0.4s

=== P1L_S4_C1 train[3] k=3  dim=576  frames=142  σ=0.5  fold=1 ===
  OSC: k_hat=3  ACC=0.8239  NMI=0.7118  ARI=0.6336  0.3s

=== P1L_S4_C1 train[4] k=3  dim=576  frames=164  σ=0.5  fold=1 ===
  OSC: k_hat=3  ACC=0.9573  NMI=0.8816  ARI=0.8804  0.3s

=== P1L_S4_C1 train[5] k=3  dim=576  frames=187  σ=0.5  fold=1 ===
  OSC: k_hat=3  ACC=0.7112  NMI=0.7014  ARI=0.5657  0.4s

=== P1L_S4_C1 train[6] k=3  dim=576  frames=202  σ=0.5  fold=1 ===
  OSC: k_hat=3  ACC=0.9901  NMI=0.9593  ARI=0.9706  0.4s

=== P1L_S4_C2 train[0] k=3  dim=576  frames=157  σ=0.5  fold=1 ===
  OSC: k_hat=3  ACC=0.7771  NMI=0.6675  ARI=0.4827  0.3s

=== P1L_S4_C2 train[1] k=3  dim=576  frames=175  σ=0.5  fold=1 ===
  OSC: k_hat=3  ACC=1.0000  NMI=1.0000  ARI=1.0000  0.4s

=== P1L_S4_C2 train[2] k=3  dim=576  frames=168  σ=0.5  fold=1 ===
  OSC: k_hat=3  ACC=0.8571  NMI=0.7125  ARI=0.6257  0.3s

=== P1L_S4_C2 train[3] k=3  dim=576  frames=154  σ=0.5  fold=1 ===
  OSC: k_hat=3  ACC=0.8312  NMI=0.6938  ARI=0.5628  0.3s

=== P1L_S4_C2 train[4] k=3  dim=576  frames=152  σ=0.5  fold=1 ===
  OSC: k_hat=3  ACC=0.8618  NMI=0.7611  ARI=0.6804  0.3s

=== P1L_S4_C2 train[5] k=3  dim=576  frames=169  σ=0.5  fold=1 ===
  OSC: k_hat=3  ACC=0.9231  NMI=0.8310  ARI=0.8239  0.4s

=== P1L_S4_C2 train[6] k=3  dim=576  frames=153  σ=0.5  fold=1 ===
  OSC: k_hat=3  ACC=0.9804  NMI=0.9192  ARI=0.9446  0.3s

=== P1L_S4_C3 train[0] k=3  dim=576  frames=96  σ=0.5  fold=1 ===
  OSC: k_hat=3  ACC=0.7292  NMI=0.6696  ARI=0.4804  0.2s

=== P1L_S4_C3 train[1] k=3  dim=576  frames=94  σ=0.5  fold=1 ===
  OSC: k_hat=3  ACC=1.0000  NMI=1.0000  ARI=1.0000  0.2s

=== P1L_S4_C3 train[2] k=3  dim=576  frames=117  σ=0.5  fold=1 ===
  OSC: k_hat=3  ACC=0.6154  NMI=0.5622  ARI=0.4143  0.2s

=== P1L_S4_C3 train[3] k=3  dim=576  frames=112  σ=0.5  fold=1 ===
  OSC: k_hat=3  ACC=0.7857  NMI=0.7122  ARI=0.5675  0.2s

=== P1L_S4_C3 train[4] k=3  dim=576  frames=103  σ=0.5  fold=1 ===
  OSC: k_hat=3  ACC=0.5922  NMI=0.6512  ARI=0.4530  0.2s

=== P1L_S4_C3 train[5] k=3  dim=576  frames=105  σ=0.5  fold=1 ===
  OSC: k_hat=3  ACC=0.5333  NMI=0.6115  ARI=0.4223  0.2s

=== P1L_S4_C3 train[6] k=3  dim=576  frames=107  σ=0.5  fold=1 ===
  OSC: k_hat=3  ACC=0.9813  NMI=0.9338  ARI=0.9463  0.2s

=== P1E_S1_C1 test[0] k=3  dim=576  frames=153  σ=0.5  fold=1 ===
  OSC: k_hat=3  ACC=0.9739  NMI=0.9153  ARI=0.9230  0.3s

=== P1E_S1_C2 test[0] k=3  dim=576  frames=115  σ=0.5  fold=1 ===
  OSC: k_hat=3  ACC=0.9652  NMI=0.8758  ARI=0.8915  0.2s

=== P1E_S1_C3 test[0] k=3  dim=576  frames=56  σ=0.5  fold=1 ===
  OSC: k_hat=3  ACC=1.0000  NMI=1.0000  ARI=1.0000  0.1s

=== P1E_S2_C1 test[0] k=3  dim=576  frames=151  σ=0.5  fold=1 ===
  OSC: k_hat=3  ACC=0.7417  NMI=0.6109  ARI=0.5054  0.3s

=== P1E_S2_C2 test[0] k=3  dim=576  frames=115  σ=0.5  fold=1 ===
  OSC: k_hat=3  ACC=0.9826  NMI=0.9253  ARI=0.9458  0.2s

=== P1E_S2_C3 test[0] k=3  dim=576  frames=88  σ=0.5  fold=1 ===
  OSC: k_hat=3  ACC=1.0000  NMI=1.0000  ARI=1.0000  0.1s

=== P1E_S3_C1 test[0] k=3  dim=576  frames=139  σ=0.5  fold=1 ===
  OSC: k_hat=3  ACC=0.7266  NMI=0.6971  ARI=0.5474  0.3s

=== P1E_S3_C2 test[0] k=3  dim=576  frames=120  σ=0.5  fold=1 ===
  OSC: k_hat=3  ACC=0.7833  NMI=0.6229  ARI=0.4823  0.2s

=== P1E_S3_C3 test[0] k=3  dim=576  frames=89  σ=0.5  fold=1 ===
  OSC: k_hat=3  ACC=0.9888  NMI=0.9531  ARI=0.9640  0.1s

=== P1E_S4_C1 test[0] k=3  dim=576  frames=107  σ=0.5  fold=1 ===
  OSC: k_hat=3  ACC=1.0000  NMI=1.0000  ARI=1.0000  0.2s

=== P1E_S4_C2 test[0] k=3  dim=576  frames=125  σ=0.5  fold=1 ===
  OSC: k_hat=3  ACC=0.9920  NMI=0.9653  ARI=0.9759  0.2s

=== P1E_S4_C3 test[0] k=3  dim=576  frames=64  σ=0.5  fold=1 ===
  OSC: k_hat=3  ACC=0.9062  NMI=0.7546  ARI=0.7559  0.1s

=== P1L_S1_C1 test[0] k=3  dim=576  frames=170  σ=0.5  fold=1 ===
  OSC: k_hat=3  ACC=0.7176  NMI=0.6567  ARI=0.4543  0.4s

=== P1L_S1_C2 test[0] k=3  dim=576  frames=137  σ=0.5  fold=1 ===
  OSC: k_hat=3  ACC=0.8029  NMI=0.7019  ARI=0.5528  0.3s

=== P1L_S1_C3 test[0] k=3  dim=576  frames=68  σ=0.5  fold=1 ===
  OSC: k_hat=3  ACC=1.0000  NMI=1.0000  ARI=1.0000  0.1s

=== P1L_S2_C1 test[0] k=3  dim=576  frames=190  σ=0.5  fold=1 ===
  OSC: k_hat=3  ACC=0.7211  NMI=0.6714  ARI=0.4890  0.4s

=== P1L_S2_C2 test[0] k=3  dim=576  frames=155  σ=0.5  fold=1 ===
  OSC: k_hat=3  ACC=0.9806  NMI=0.9205  ARI=0.9412  0.3s

=== P1L_S2_C3 test[0] k=3  dim=576  frames=101  σ=0.5  fold=1 ===
  OSC: k_hat=3  ACC=0.8119  NMI=0.7135  ARI=0.5605  0.2s

=== P1L_S3_C1 test[0] k=3  dim=576  frames=120  σ=0.5  fold=1 ===
  OSC: k_hat=3  ACC=0.9583  NMI=0.8759  ARI=0.8691  0.2s

=== P1L_S3_C2 test[0] k=3  dim=576  frames=125  σ=0.5  fold=1 ===
  OSC: k_hat=3  ACC=0.8160  NMI=0.6660  ARI=0.5950  0.2s

=== P1L_S3_C3 test[0] k=3  dim=576  frames=118  σ=0.5  fold=1 ===
  OSC: k_hat=3  ACC=0.8983  NMI=0.7946  ARI=0.7354  0.2s

=== P1L_S4_C1 test[0] k=3  dim=576  frames=157  σ=0.5  fold=1 ===
  OSC: k_hat=3  ACC=0.9427  NMI=0.8473  ARI=0.8370  0.3s

=== P1L_S4_C2 test[0] k=3  dim=576  frames=149  σ=0.5  fold=1 ===
  OSC: k_hat=3  ACC=0.9329  NMI=0.8326  ARI=0.7976  0.3s

=== P1L_S4_C3 test[0] k=3  dim=576  frames=107  σ=0.5  fold=1 ===
  OSC: k_hat=3  ACC=1.0000  NMI=1.0000  ARI=1.0000  0.2s
  tune_pool_groups=20: sampling from 22 held-in people (overlap allowed) instead of the 7 fixed partition group(s)

============================================================
σ=0.5 fold=2  test=['0009', '0019', '0026']  train mats=168  test mats=24  tune mats=480
  --- tune OSC over 480 train mats  n_trials=20 (2 params) ---
  OSC trial 0: mean ARI=0.6420  n=480  142.2s  lambda_1=0.1, lambda_2=0.1
  OSC trial 1: mean ARI=0.6056  n=480  137.7s  lambda_1=0.1568, lambda_2=0.7257
  OSC trial 2: mean ARI=0.5397  n=480  136.8s  lambda_1=0.2577, lambda_2=0.1512
  OSC trial 3: mean ARI=0.6654  n=480  137.0s  lambda_1=0.0495, lambda_2=0.3833
  OSC trial 4: mean ARI=0.6650  n=480  138.6s  lambda_1=0.05628, lambda_2=3.691
  OSC trial 5: mean ARI=0.0017  n=480  134.9s  lambda_1=7.156, lambda_2=0.03418
  OSC trial 6: mean ARI=0.0017  n=480  134.7s  lambda_1=1.469, lambda_2=0.1305
  OSC trial 7: mean ARI=0.5890  n=480  137.1s  lambda_1=0.1871, lambda_2=5.039
  OSC trial 8: mean ARI=0.5390  n=480  147.5s  lambda_1=0.001924, lambda_2=0.002231
  OSC trial 9: mean ARI=0.6491  n=480  137.1s  lambda_1=0.001205, lambda_2=2.14
  OSC trial 10: mean ARI=0.5702  n=480  146.1s  lambda_1=0.01165, lambda_2=0.001662
  OSC trial 11: mean ARI=0.6679  n=480  144.2s  lambda_1=0.01856, lambda_2=0.9349
  OSC trial 12: mean ARI=0.6622  n=480  148.2s  lambda_1=0.01288, lambda_2=0.5626
  OSC trial 13: mean ARI=0.6642  n=480  147.4s  lambda_1=0.01483, lambda_2=0.7505
  OSC trial 14: mean ARI=0.6312  n=480  155.1s  lambda_1=0.03324, lambda_2=0.02161
  OSC trial 15: mean ARI=0.0017  n=480  143.9s  lambda_1=0.7028, lambda_2=0.3417
  OSC trial 16: mean ARI=0.6541  n=480  148.4s  lambda_1=0.00365, lambda_2=1.736
  OSC trial 17: mean ARI=0.6550  n=480  147.7s  lambda_1=0.004777, lambda_2=8.931
  OSC trial 18: mean ARI=0.6324  n=480  156.1s  lambda_1=0.03375, lambda_2=0.02409
  OSC trial 19: mean ARI=0.0017  n=480  144.8s  lambda_1=1.125, lambda_2=0.005631
    best mean ARI=0.6679  tune 2865.7s  lambda_1=0.01856, lambda_2=0.9349
  wrote /nfs/turbo/umms-minjilab/lpullela/icassp_ssc_tv2/block_ssc_benchmark/cv/params/surveillance/split_k3_sigmas_min30_trials20_params_knownk_cv_osc_k3_sigma0p5_sigma0.5_fold2.json

=== P1E_S1_C1 train[0] k=3  dim=576  frames=146  σ=0.5  fold=2 ===
  OSC: k_hat=3  ACC=0.9110  NMI=0.7893  ARI=0.7246  0.3s

=== P1E_S1_C1 train[1] k=3  dim=576  frames=153  σ=0.5  fold=2 ===
  OSC: k_hat=3  ACC=0.9739  NMI=0.9153  ARI=0.9230  0.3s

=== P1E_S1_C1 train[2] k=3  dim=576  frames=140  σ=0.5  fold=2 ===
  OSC: k_hat=3  ACC=0.9000  NMI=0.7798  ARI=0.7028  0.3s

=== P1E_S1_C1 train[3] k=3  dim=576  frames=157  σ=0.5  fold=2 ===
  OSC: k_hat=3  ACC=0.5860  NMI=0.6627  ARI=0.4681  0.4s

=== P1E_S1_C1 train[4] k=3  dim=576  frames=151  σ=0.5  fold=2 ===
  OSC: k_hat=3  ACC=0.5960  NMI=0.6690  ARI=0.4788  0.3s

=== P1E_S1_C1 train[5] k=3  dim=576  frames=140  σ=0.5  fold=2 ===
  OSC: k_hat=3  ACC=0.8571  NMI=0.7606  ARI=0.6745  0.3s

=== P1E_S1_C1 train[6] k=3  dim=576  frames=171  σ=0.5  fold=2 ===
  OSC: k_hat=3  ACC=0.9825  NMI=0.9271  ARI=0.9493  0.4s

=== P1E_S1_C2 train[0] k=3  dim=576  frames=147  σ=0.5  fold=2 ===
  OSC: k_hat=3  ACC=0.9524  NMI=0.8375  ARI=0.8562  0.3s

=== P1E_S1_C2 train[1] k=3  dim=576  frames=115  σ=0.5  fold=2 ===
  OSC: k_hat=3  ACC=0.9652  NMI=0.8758  ARI=0.8915  0.2s

=== P1E_S1_C2 train[2] k=3  dim=576  frames=138  σ=0.5  fold=2 ===
  OSC: k_hat=3  ACC=0.6087  NMI=0.5813  ARI=0.4203  0.3s

=== P1E_S1_C2 train[3] k=3  dim=576  frames=113  σ=0.5  fold=2 ===
  OSC: k_hat=3  ACC=0.4690  NMI=0.3839  ARI=0.1885  0.2s

=== P1E_S1_C2 train[4] k=3  dim=576  frames=122  σ=0.5  fold=2 ===
  OSC: k_hat=3  ACC=0.5574  NMI=0.6295  ARI=0.4511  0.2s

=== P1E_S1_C2 train[5] k=3  dim=576  frames=122  σ=0.5  fold=2 ===
  OSC: k_hat=3  ACC=0.9590  NMI=0.8854  ARI=0.8916  0.2s

=== P1E_S1_C2 train[6] k=3  dim=576  frames=134  σ=0.5  fold=2 ===
  OSC: k_hat=3  ACC=0.9851  NMI=0.9443  ARI=0.9564  0.3s

=== P1E_S1_C3 train[0] k=3  dim=576  frames=58  σ=0.5  fold=2 ===
  OSC: k_hat=3  ACC=0.8793  NMI=0.7027  ARI=0.6493  0.1s

=== P1E_S1_C3 train[1] k=3  dim=576  frames=56  σ=0.5  fold=2 ===
  OSC: k_hat=3  ACC=1.0000  NMI=1.0000  ARI=1.0000  0.1s

=== P1E_S1_C3 train[2] k=3  dim=576  frames=61  σ=0.5  fold=2 ===
  OSC: k_hat=3  ACC=0.7213  NMI=0.6858  ARI=0.6370  0.1s

=== P1E_S1_C3 train[3] k=3  dim=576  frames=37  σ=0.5  fold=2 ===
  OSC: k_hat=3  ACC=0.4054  NMI=0.0778  ARI=-0.0149  0.1s

=== P1E_S1_C3 train[4] k=3  dim=576  frames=55  σ=0.5  fold=2 ===
  OSC: k_hat=3  ACC=0.9091  NMI=0.7661  ARI=0.7406  0.1s

=== P1E_S1_C3 train[5] k=3  dim=576  frames=51  σ=0.5  fold=2 ===
  OSC: k_hat=3  ACC=0.6078  NMI=0.5486  ARI=0.4099  0.1s

=== P1E_S1_C3 train[6] k=3  dim=576  frames=69  σ=0.5  fold=2 ===
  OSC: k_hat=3  ACC=0.9130  NMI=0.7638  ARI=0.7540  0.1s

=== P1E_S2_C1 train[0] k=3  dim=576  frames=167  σ=0.5  fold=2 ===
  OSC: k_hat=3  ACC=0.9760  NMI=0.9201  ARI=0.9285  0.4s

=== P1E_S2_C1 train[1] k=3  dim=576  frames=151  σ=0.5  fold=2 ===
  OSC: k_hat=3  ACC=0.7417  NMI=0.6109  ARI=0.5054  0.3s

=== P1E_S2_C1 train[2] k=3  dim=576  frames=180  σ=0.5  fold=2 ===
  OSC: k_hat=3  ACC=0.5500  NMI=0.6138  ARI=0.4390  0.4s

=== P1E_S2_C1 train[3] k=3  dim=576  frames=149  σ=0.5  fold=2 ===
  OSC: k_hat=3  ACC=0.5839  NMI=0.6691  ARI=0.4776  0.3s

=== P1E_S2_C1 train[4] k=3  dim=576  frames=124  σ=0.5  fold=2 ===
  OSC: k_hat=3  ACC=0.5403  NMI=0.6637  ARI=0.4600  0.2s

=== P1E_S2_C1 train[5] k=3  dim=576  frames=161  σ=0.5  fold=2 ===
  OSC: k_hat=3  ACC=0.7950  NMI=0.6918  ARI=0.5769  0.4s

=== P1E_S2_C1 train[6] k=3  dim=576  frames=153  σ=0.5  fold=2 ===
  OSC: k_hat=3  ACC=0.9673  NMI=0.8871  ARI=0.9080  0.3s

=== P1E_S2_C2 train[0] k=3  dim=576  frames=146  σ=0.5  fold=2 ===
  OSC: k_hat=3  ACC=0.8973  NMI=0.7281  ARI=0.7220  0.3s

=== P1E_S2_C2 train[1] k=3  dim=576  frames=115  σ=0.5  fold=2 ===
  OSC: k_hat=3  ACC=0.9826  NMI=0.9253  ARI=0.9458  0.2s

=== P1E_S2_C2 train[2] k=3  dim=576  frames=144  σ=0.5  fold=2 ===
  OSC: k_hat=3  ACC=0.7847  NMI=0.5923  ARI=0.4948  0.3s

=== P1E_S2_C2 train[3] k=3  dim=576  frames=124  σ=0.5  fold=2 ===
  OSC: k_hat=3  ACC=0.9516  NMI=0.8652  ARI=0.8503  0.2s

=== P1E_S2_C2 train[4] k=3  dim=576  frames=109  σ=0.5  fold=2 ===
  OSC: k_hat=3  ACC=0.6881  NMI=0.6895  ARI=0.5379  0.2s

=== P1E_S2_C2 train[5] k=3  dim=576  frames=128  σ=0.5  fold=2 ===
  OSC: k_hat=3  ACC=0.8828  NMI=0.7831  ARI=0.7188  0.2s

=== P1E_S2_C2 train[6] k=3  dim=576  frames=126  σ=0.5  fold=2 ===
  OSC: k_hat=3  ACC=0.9762  NMI=0.9207  ARI=0.9308  0.2s

=== P1E_S2_C3 train[0] k=3  dim=576  frames=113  σ=0.5  fold=2 ===
  OSC: k_hat=3  ACC=0.9646  NMI=0.8905  ARI=0.8869  0.2s

=== P1E_S2_C3 train[1] k=3  dim=576  frames=88  σ=0.5  fold=2 ===
  OSC: k_hat=3  ACC=1.0000  NMI=1.0000  ARI=1.0000  0.1s

=== P1E_S2_C3 train[2] k=3  dim=576  frames=112  σ=0.5  fold=2 ===
  OSC: k_hat=3  ACC=0.8214  NMI=0.6894  ARI=0.5741  0.2s

=== P1E_S2_C3 train[3] k=3  dim=576  frames=99  σ=0.5  fold=2 ===
  OSC: k_hat=3  ACC=0.8788  NMI=0.7738  ARI=0.7012  0.2s

=== P1E_S2_C3 train[4] k=3  dim=576  frames=87  σ=0.5  fold=2 ===
  OSC: k_hat=3  ACC=0.6092  NMI=0.6683  ARI=0.4793  0.1s

=== P1E_S2_C3 train[5] k=3  dim=576  frames=105  σ=0.5  fold=2 ===
  OSC: k_hat=3  ACC=0.8571  NMI=0.7129  ARI=0.6594  0.2s

=== P1E_S2_C3 train[6] k=3  dim=576  frames=89  σ=0.5  fold=2 ===
  OSC: k_hat=3  ACC=0.9775  NMI=0.9248  ARI=0.9383  0.2s

=== P1E_S3_C1 train[0] k=3  dim=576  frames=166  σ=0.5  fold=2 ===
  OSC: k_hat=3  ACC=0.5542  NMI=0.5592  ARI=0.3778  0.4s

=== P1E_S3_C1 train[1] k=3  dim=576  frames=139  σ=0.5  fold=2 ===
  OSC: k_hat=3  ACC=0.7266  NMI=0.6971  ARI=0.5474  0.3s

=== P1E_S3_C1 train[2] k=3  dim=576  frames=161  σ=0.5  fold=2 ===
  OSC: k_hat=3  ACC=0.7888  NMI=0.7131  ARI=0.5833  0.4s

=== P1E_S3_C1 train[3] k=3  dim=576  frames=168  σ=0.5  fold=2 ===
  OSC: k_hat=3  ACC=0.8571  NMI=0.7396  ARI=0.6204  0.4s

=== P1E_S3_C1 train[4] k=3  dim=576  frames=123  σ=0.5  fold=2 ===
  OSC: k_hat=3  ACC=0.5122  NMI=0.4251  ARI=0.2437  0.3s

=== P1E_S3_C1 train[5] k=3  dim=576  frames=204  σ=0.5  fold=2 ===
  OSC: k_hat=3  ACC=0.8529  NMI=0.7624  ARI=0.6954  0.6s

=== P1E_S3_C1 train[6] k=3  dim=576  frames=112  σ=0.5  fold=2 ===
  OSC: k_hat=3  ACC=0.5625  NMI=0.6127  ARI=0.4282  0.2s

=== P1E_S3_C2 train[0] k=3  dim=576  frames=147  σ=0.5  fold=2 ===
  OSC: k_hat=3  ACC=0.8639  NMI=0.7374  ARI=0.6181  0.3s

=== P1E_S3_C2 train[1] k=3  dim=576  frames=120  σ=0.5  fold=2 ===
  OSC: k_hat=3  ACC=0.7833  NMI=0.6229  ARI=0.4823  0.2s

=== P1E_S3_C2 train[2] k=3  dim=576  frames=168  σ=0.5  fold=2 ===
  OSC: k_hat=3  ACC=0.6845  NMI=0.6149  ARI=0.4244  0.4s

=== P1E_S3_C2 train[3] k=3  dim=576  frames=169  σ=0.5  fold=2 ===
  OSC: k_hat=3  ACC=0.9704  NMI=0.8862  ARI=0.9095  0.4s

=== P1E_S3_C2 train[4] k=3  dim=576  frames=107  σ=0.5  fold=2 ===
  OSC: k_hat=3  ACC=0.5981  NMI=0.6680  ARI=0.4761  0.2s

=== P1E_S3_C2 train[5] k=3  dim=576  frames=146  σ=0.5  fold=2 ===
  OSC: k_hat=3  ACC=0.8288  NMI=0.7005  ARI=0.5433  0.3s

=== P1E_S3_C2 train[6] k=3  dim=576  frames=114  σ=0.5  fold=2 ===
  OSC: k_hat=3  ACC=0.9825  NMI=0.9333  ARI=0.9468  0.2s

=== P1E_S3_C3 train[0] k=3  dim=576  frames=105  σ=0.5  fold=2 ===
  OSC: k_hat=3  ACC=1.0000  NMI=1.0000  ARI=1.0000  0.2s

=== P1E_S3_C3 train[1] k=3  dim=576  frames=89  σ=0.5  fold=2 ===
  OSC: k_hat=3  ACC=0.9888  NMI=0.9531  ARI=0.9640  0.2s

=== P1E_S3_C3 train[2] k=3  dim=576  frames=125  σ=0.5  fold=2 ===
  OSC: k_hat=3  ACC=0.9760  NMI=0.9174  ARI=0.9232  0.3s

=== P1E_S3_C3 train[3] k=3  dim=576  frames=128  σ=0.5  fold=2 ===
  OSC: k_hat=3  ACC=0.7031  NMI=0.6354  ARI=0.5070  0.3s

=== P1E_S3_C3 train[4] k=3  dim=576  frames=83  σ=0.5  fold=2 ===
  OSC: k_hat=3  ACC=0.9880  NMI=0.9530  ARI=0.9662  0.1s

=== P1E_S3_C3 train[5] k=3  dim=576  frames=129  σ=0.5  fold=2 ===
  OSC: k_hat=3  ACC=0.5349  NMI=0.6553  ARI=0.4505  0.3s

=== P1E_S3_C3 train[6] k=3  dim=576  frames=84  σ=0.5  fold=2 ===
  OSC: k_hat=3  ACC=0.9881  NMI=0.9523  ARI=0.9667  0.2s

=== P1E_S4_C1 train[0] k=3  dim=576  frames=158  σ=0.5  fold=2 ===
  OSC: k_hat=3  ACC=0.8481  NMI=0.7167  ARI=0.5780  0.4s

=== P1E_S4_C1 train[1] k=3  dim=576  frames=107  σ=0.5  fold=2 ===
  OSC: k_hat=3  ACC=1.0000  NMI=1.0000  ARI=1.0000  0.2s

=== P1E_S4_C1 train[2] k=3  dim=576  frames=182  σ=0.5  fold=2 ===
  OSC: k_hat=3  ACC=0.8626  NMI=0.7396  ARI=0.6658  0.5s

=== P1E_S4_C1 train[3] k=3  dim=576  frames=180  σ=0.5  fold=2 ===
  OSC: k_hat=3  ACC=0.6778  NMI=0.6859  ARI=0.5257  0.5s

=== P1E_S4_C1 train[4] k=3  dim=576  frames=133  σ=0.5  fold=2 ===
  OSC: k_hat=3  ACC=0.6466  NMI=0.6651  ARI=0.4918  0.3s

=== P1E_S4_C1 train[5] k=3  dim=576  frames=147  σ=0.5  fold=2 ===
  OSC: k_hat=3  ACC=0.5034  NMI=0.4851  ARI=0.3226  0.3s

=== P1E_S4_C1 train[6] k=3  dim=576  frames=145  σ=0.5  fold=2 ===
  OSC: k_hat=3  ACC=0.9241  NMI=0.8002  ARI=0.8064  0.3s

=== P1E_S4_C2 train[0] k=3  dim=576  frames=117  σ=0.5  fold=2 ===
  OSC: k_hat=3  ACC=0.8803  NMI=0.7482  ARI=0.6947  0.2s

=== P1E_S4_C2 train[1] k=3  dim=576  frames=125  σ=0.5  fold=2 ===
  OSC: k_hat=3  ACC=0.9920  NMI=0.9653  ARI=0.9759  0.2s

=== P1E_S4_C2 train[2] k=3  dim=576  frames=126  σ=0.5  fold=2 ===
  OSC: k_hat=3  ACC=0.9762  NMI=0.9043  ARI=0.9252  0.2s

=== P1E_S4_C2 train[3] k=3  dim=576  frames=140  σ=0.5  fold=2 ===
  OSC: k_hat=3  ACC=0.9786  NMI=0.9234  ARI=0.9323  0.3s

=== P1E_S4_C2 train[4] k=3  dim=576  frames=129  σ=0.5  fold=2 ===
  OSC: k_hat=3  ACC=0.5504  NMI=0.6603  ARI=0.4591  0.3s

=== P1E_S4_C2 train[5] k=3  dim=576  frames=146  σ=0.5  fold=2 ===
  OSC: k_hat=3  ACC=0.6507  NMI=0.5935  ARI=0.4620  0.3s

=== P1E_S4_C2 train[6] k=3  dim=576  frames=110  σ=0.5  fold=2 ===
  OSC: k_hat=3  ACC=0.9909  NMI=0.9623  ARI=0.9753  0.2s

=== P1E_S4_C3 train[0] k=3  dim=576  frames=90  σ=0.5  fold=2 ===
  OSC: k_hat=3  ACC=0.9000  NMI=0.7358  ARI=0.7102  0.2s

=== P1E_S4_C3 train[1] k=3  dim=576  frames=64  σ=0.5  fold=2 ===
  OSC: k_hat=3  ACC=0.9062  NMI=0.7546  ARI=0.7559  0.1s

=== P1E_S4_C3 train[2] k=3  dim=576  frames=105  σ=0.5  fold=2 ===
  OSC: k_hat=3  ACC=0.8476  NMI=0.6659  ARI=0.6328  0.2s

=== P1E_S4_C3 train[3] k=3  dim=576  frames=87  σ=0.5  fold=2 ===
  OSC: k_hat=3  ACC=0.8621  NMI=0.7028  ARI=0.6543  0.1s

=== P1E_S4_C3 train[4] k=3  dim=576  frames=76  σ=0.5  fold=2 ===
  OSC: k_hat=3  ACC=0.9605  NMI=0.8885  ARI=0.8936  0.1s

=== P1E_S4_C3 train[5] k=3  dim=576  frames=106  σ=0.5  fold=2 ===
  OSC: k_hat=3  ACC=0.6887  NMI=0.7100  ARI=0.5700  0.2s

=== P1E_S4_C3 train[6] k=3  dim=576  frames=79  σ=0.5  fold=2 ===
  OSC: k_hat=3  ACC=0.9494  NMI=0.8344  ARI=0.8496  0.1s

=== P1L_S1_C1 train[0] k=3  dim=576  frames=162  σ=0.5  fold=2 ===
  OSC: k_hat=3  ACC=0.9815  NMI=0.9346  ARI=0.9472  0.4s

=== P1L_S1_C1 train[1] k=3  dim=576  frames=170  σ=0.5  fold=2 ===
  OSC: k_hat=3  ACC=0.7176  NMI=0.6567  ARI=0.4543  0.4s

=== P1L_S1_C1 train[2] k=3  dim=576  frames=182  σ=0.5  fold=2 ===
  OSC: k_hat=3  ACC=0.9286  NMI=0.8181  ARI=0.8151  0.4s

=== P1L_S1_C1 train[3] k=3  dim=576  frames=198  σ=0.5  fold=2 ===
  OSC: k_hat=3  ACC=0.7273  NMI=0.6733  ARI=0.5345  0.5s

=== P1L_S1_C1 train[4] k=3  dim=576  frames=166  σ=0.5  fold=2 ===
  OSC: k_hat=3  ACC=1.0000  NMI=1.0000  ARI=1.0000  0.4s

=== P1L_S1_C1 train[5] k=3  dim=576  frames=116  σ=0.5  fold=2 ===
  OSC: k_hat=3  ACC=0.6983  NMI=0.4769  ARI=0.2990  0.2s

=== P1L_S1_C1 train[6] k=3  dim=576  frames=175  σ=0.5  fold=2 ===
  OSC: k_hat=3  ACC=1.0000  NMI=1.0000  ARI=1.0000  0.4s

=== P1L_S1_C2 train[0] k=3  dim=576  frames=186  σ=0.5  fold=2 ===
  OSC: k_hat=3  ACC=0.7688  NMI=0.6813  ARI=0.5085  0.5s

=== P1L_S1_C2 train[1] k=3  dim=576  frames=137  σ=0.5  fold=2 ===
  OSC: k_hat=3  ACC=0.8029  NMI=0.7019  ARI=0.5528  0.3s

=== P1L_S1_C2 train[2] k=3  dim=576  frames=181  σ=0.5  fold=2 ===
  OSC: k_hat=3  ACC=0.8343  NMI=0.7285  ARI=0.6043  0.4s

=== P1L_S1_C2 train[3] k=3  dim=576  frames=128  σ=0.5  fold=2 ===
  OSC: k_hat=3  ACC=0.5625  NMI=0.6666  ARI=0.4689  0.2s

=== P1L_S1_C2 train[4] k=3  dim=576  frames=154  σ=0.5  fold=2 ===
  OSC: k_hat=3  ACC=0.5065  NMI=0.6566  ARI=0.4500  0.3s

=== P1L_S1_C2 train[5] k=3  dim=576  frames=142  σ=0.5  fold=2 ===
  OSC: k_hat=3  ACC=0.8169  NMI=0.6797  ARI=0.5563  0.3s

=== P1L_S1_C2 train[6] k=3  dim=576  frames=168  σ=0.5  fold=2 ===
  OSC: k_hat=3  ACC=0.9821  NMI=0.9264  ARI=0.9498  0.4s

=== P1L_S1_C3 train[0] k=3  dim=576  frames=60  σ=0.5  fold=2 ===
  OSC: k_hat=3  ACC=0.5167  NMI=0.5800  ARI=0.3887  0.1s

=== P1L_S1_C3 train[1] k=3  dim=576  frames=68  σ=0.5  fold=2 ===
  OSC: k_hat=3  ACC=1.0000  NMI=1.0000  ARI=1.0000  0.1s

=== P1L_S1_C3 train[2] k=3  dim=576  frames=74  σ=0.5  fold=2 ===
  OSC: k_hat=3  ACC=0.5811  NMI=0.6230  ARI=0.4548  0.1s

=== P1L_S1_C3 train[3] k=3  dim=576  frames=73  σ=0.5  fold=2 ===
  OSC: k_hat=3  ACC=0.6301  NMI=0.6672  ARI=0.4815  0.1s

=== P1L_S1_C3 train[4] k=3  dim=576  frames=64  σ=0.5  fold=2 ===
  OSC: k_hat=3  ACC=0.8438  NMI=0.6679  ARI=0.6290  0.1s

=== P1L_S1_C3 train[5] k=3  dim=576  frames=63  σ=0.5  fold=2 ===
  OSC: k_hat=3  ACC=0.6349  NMI=0.6083  ARI=0.5013  0.1s

=== P1L_S1_C3 train[6] k=3  dim=576  frames=75  σ=0.5  fold=2 ===
  OSC: k_hat=3  ACC=0.9867  NMI=0.9474  ARI=0.9569  0.1s

=== P1L_S2_C1 train[0] k=3  dim=576  frames=211  σ=0.5  fold=2 ===
  OSC: k_hat=3  ACC=0.8057  NMI=0.7153  ARI=0.5921  0.6s

=== P1L_S2_C1 train[1] k=3  dim=576  frames=190  σ=0.5  fold=2 ===
  OSC: k_hat=3  ACC=0.7211  NMI=0.6714  ARI=0.4890  0.5s

=== P1L_S2_C1 train[2] k=3  dim=576  frames=177  σ=0.5  fold=2 ===
  OSC: k_hat=3  ACC=0.7458  NMI=0.7108  ARI=0.5842  0.4s

=== P1L_S2_C1 train[3] k=3  dim=576  frames=172  σ=0.5  fold=2 ===
  OSC: k_hat=3  ACC=0.9767  NMI=0.9235  ARI=0.9437  0.4s

=== P1L_S2_C1 train[4] k=3  dim=576  frames=179  σ=0.5  fold=2 ===
  OSC: k_hat=3  ACC=0.9888  NMI=0.9558  ARI=0.9703  0.5s

=== P1L_S2_C1 train[5] k=3  dim=576  frames=180  σ=0.5  fold=2 ===
  OSC: k_hat=3  ACC=0.5056  NMI=0.2709  ARI=0.0681  0.5s

=== P1L_S2_C1 train[6] k=3  dim=576  frames=133  σ=0.5  fold=2 ===
  OSC: k_hat=3  ACC=1.0000  NMI=1.0000  ARI=1.0000  0.3s

=== P1L_S2_C2 train[0] k=3  dim=576  frames=194  σ=0.5  fold=2 ===
  OSC: k_hat=3  ACC=0.8041  NMI=0.6646  ARI=0.5092  0.5s

=== P1L_S2_C2 train[1] k=3  dim=576  frames=155  σ=0.5  fold=2 ===
  OSC: k_hat=3  ACC=0.9806  NMI=0.9205  ARI=0.9412  0.4s

=== P1L_S2_C2 train[2] k=3  dim=576  frames=186  σ=0.5  fold=2 ===
  OSC: k_hat=3  ACC=0.9570  NMI=0.8560  ARI=0.8853  0.5s

=== P1L_S2_C2 train[3] k=3  dim=576  frames=201  σ=0.5  fold=2 ===
  OSC: k_hat=3  ACC=0.9353  NMI=0.8177  ARI=0.8156  0.6s

=== P1L_S2_C2 train[4] k=3  dim=576  frames=171  σ=0.5  fold=2 ===
  OSC: k_hat=3  ACC=0.8363  NMI=0.7362  ARI=0.6178  0.4s

=== P1L_S2_C2 train[5] k=3  dim=576  frames=160  σ=0.5  fold=2 ===
  OSC: k_hat=3  ACC=0.6125  NMI=0.6196  ARI=0.4654  0.4s

=== P1L_S2_C2 train[6] k=3  dim=576  frames=154  σ=0.5  fold=2 ===
  OSC: k_hat=3  ACC=0.9870  NMI=0.9414  ARI=0.9655  0.4s

=== P1L_S2_C3 train[0] k=3  dim=576  frames=119  σ=0.5  fold=2 ===
  OSC: k_hat=3  ACC=0.9916  NMI=0.9622  ARI=0.9722  0.2s

=== P1L_S2_C3 train[1] k=3  dim=576  frames=101  σ=0.5  fold=2 ===
  OSC: k_hat=3  ACC=0.8119  NMI=0.7135  ARI=0.5605  0.2s

=== P1L_S2_C3 train[2] k=3  dim=576  frames=112  σ=0.5  fold=2 ===
  OSC: k_hat=3  ACC=0.5804  NMI=0.6222  ARI=0.4420  0.2s

=== P1L_S2_C3 train[3] k=3  dim=576  frames=126  σ=0.5  fold=2 ===
  OSC: k_hat=3  ACC=0.8651  NMI=0.7610  ARI=0.6671  0.3s

=== P1L_S2_C3 train[4] k=3  dim=576  frames=102  σ=0.5  fold=2 ===
  OSC: k_hat=3  ACC=0.5392  NMI=0.6136  ARI=0.4329  0.2s

=== P1L_S2_C3 train[5] k=3  dim=576  frames=121  σ=0.5  fold=2 ===
  OSC: k_hat=3  ACC=0.9091  NMI=0.7880  ARI=0.7781  0.2s

=== P1L_S2_C3 train[6] k=3  dim=576  frames=99  σ=0.5  fold=2 ===
  OSC: k_hat=3  ACC=0.9697  NMI=0.9066  ARI=0.9152  0.2s

=== P1L_S3_C1 train[0] k=3  dim=576  frames=156  σ=0.5  fold=2 ===
  OSC: k_hat=3  ACC=0.4295  NMI=0.2486  ARI=0.0025  0.4s

=== P1L_S3_C1 train[1] k=3  dim=576  frames=120  σ=0.5  fold=2 ===
  OSC: k_hat=3  ACC=0.9583  NMI=0.8759  ARI=0.8691  0.2s

=== P1L_S3_C1 train[2] k=3  dim=576  frames=156  σ=0.5  fold=2 ===
  OSC: k_hat=3  ACC=0.6474  NMI=0.6812  ARI=0.5139  0.4s

=== P1L_S3_C1 train[3] k=3  dim=576  frames=159  σ=0.5  fold=2 ===
  OSC: k_hat=3  ACC=0.9245  NMI=0.7727  ARI=0.7932  0.4s

=== P1L_S3_C1 train[4] k=3  dim=576  frames=172  σ=0.5  fold=2 ===
  OSC: k_hat=3  ACC=0.5349  NMI=0.5671  ARI=0.3882  0.4s

=== P1L_S3_C1 train[5] k=3  dim=576  frames=176  σ=0.5  fold=2 ===
  OSC: k_hat=3  ACC=0.6364  NMI=0.4186  ARI=0.2282  0.5s

=== P1L_S3_C1 train[6] k=3  dim=576  frames=134  σ=0.5  fold=2 ===
  OSC: k_hat=3  ACC=0.9925  NMI=0.9658  ARI=0.9752  0.3s

=== P1L_S3_C2 train[0] k=3  dim=576  frames=185  σ=0.5  fold=2 ===
  OSC: k_hat=3  ACC=0.8595  NMI=0.6704  ARI=0.6228  0.5s

=== P1L_S3_C2 train[1] k=3  dim=576  frames=125  σ=0.5  fold=2 ===
  OSC: k_hat=3  ACC=0.8160  NMI=0.6660  ARI=0.5950  0.3s

=== P1L_S3_C2 train[2] k=3  dim=576  frames=209  σ=0.5  fold=2 ===
  OSC: k_hat=3  ACC=0.7321  NMI=0.5271  ARI=0.4184  0.6s

=== P1L_S3_C2 train[3] k=3  dim=576  frames=168  σ=0.5  fold=2 ===
  OSC: k_hat=3  ACC=0.9940  NMI=0.9727  ARI=0.9864  0.4s

=== P1L_S3_C2 train[4] k=3  dim=576  frames=187  σ=0.5  fold=2 ===
  OSC: k_hat=3  ACC=0.5668  NMI=0.6330  ARI=0.4478  0.5s

=== P1L_S3_C2 train[5] k=3  dim=576  frames=229  σ=0.5  fold=2 ===
  OSC: k_hat=3  ACC=0.5197  NMI=0.5359  ARI=0.3597  0.7s

=== P1L_S3_C2 train[6] k=3  dim=576  frames=136  σ=0.5  fold=2 ===
  OSC: k_hat=3  ACC=0.9559  NMI=0.8746  ARI=0.8649  0.3s

=== P1L_S3_C3 train[0] k=3  dim=576  frames=151  σ=0.5  fold=2 ===
  OSC: k_hat=3  ACC=0.9934  NMI=0.9670  ARI=0.9779  0.4s

=== P1L_S3_C3 train[1] k=3  dim=576  frames=118  σ=0.5  fold=2 ===
  OSC: k_hat=3  ACC=0.8983  NMI=0.7946  ARI=0.7354  0.2s

=== P1L_S3_C3 train[2] k=3  dim=576  frames=142  σ=0.5  fold=2 ===
  OSC: k_hat=3  ACC=0.7958  NMI=0.6968  ARI=0.5429  0.3s

=== P1L_S3_C3 train[3] k=3  dim=576  frames=134  σ=0.5  fold=2 ===
  OSC: k_hat=3  ACC=0.8507  NMI=0.7327  ARI=0.6091  0.3s

=== P1L_S3_C3 train[4] k=3  dim=576  frames=110  σ=0.5  fold=2 ===
  OSC: k_hat=3  ACC=0.8545  NMI=0.7206  ARI=0.6421  0.2s

=== P1L_S3_C3 train[5] k=3  dim=576  frames=161  σ=0.5  fold=2 ===
  OSC: k_hat=3  ACC=0.8323  NMI=0.7023  ARI=0.6433  0.4s

=== P1L_S3_C3 train[6] k=3  dim=576  frames=114  σ=0.5  fold=2 ===
  OSC: k_hat=3  ACC=0.9912  NMI=0.9630  ARI=0.9763  0.2s

=== P1L_S4_C1 train[0] k=3  dim=576  frames=200  σ=0.5  fold=2 ===
  OSC: k_hat=3  ACC=0.7350  NMI=0.6902  ARI=0.5295  0.6s

=== P1L_S4_C1 train[1] k=3  dim=576  frames=157  σ=0.5  fold=2 ===
  OSC: k_hat=3  ACC=0.9427  NMI=0.8473  ARI=0.8370  0.4s

=== P1L_S4_C1 train[2] k=3  dim=576  frames=168  σ=0.5  fold=2 ===
  OSC: k_hat=3  ACC=0.8036  NMI=0.5966  ARI=0.5068  0.4s

=== P1L_S4_C1 train[3] k=3  dim=576  frames=142  σ=0.5  fold=2 ===
  OSC: k_hat=3  ACC=0.8239  NMI=0.7118  ARI=0.6336  0.3s

=== P1L_S4_C1 train[4] k=3  dim=576  frames=164  σ=0.5  fold=2 ===
  OSC: k_hat=3  ACC=0.9573  NMI=0.8816  ARI=0.8804  0.4s

=== P1L_S4_C1 train[5] k=3  dim=576  frames=187  σ=0.5  fold=2 ===
  OSC: k_hat=3  ACC=0.7112  NMI=0.7014  ARI=0.5657  0.5s

=== P1L_S4_C1 train[6] k=3  dim=576  frames=202  σ=0.5  fold=2 ===
  OSC: k_hat=3  ACC=0.9901  NMI=0.9593  ARI=0.9706  0.6s

=== P1L_S4_C2 train[0] k=3  dim=576  frames=157  σ=0.5  fold=2 ===
  OSC: k_hat=3  ACC=0.7771  NMI=0.6675  ARI=0.4827  0.4s

=== P1L_S4_C2 train[1] k=3  dim=576  frames=149  σ=0.5  fold=2 ===
  OSC: k_hat=3  ACC=0.9329  NMI=0.8326  ARI=0.7976  0.3s

=== P1L_S4_C2 train[2] k=3  dim=576  frames=168  σ=0.5  fold=2 ===
  OSC: k_hat=3  ACC=0.8571  NMI=0.7125  ARI=0.6257  0.4s

=== P1L_S4_C2 train[3] k=3  dim=576  frames=154  σ=0.5  fold=2 ===
  OSC: k_hat=3  ACC=0.8312  NMI=0.6938  ARI=0.5628  0.4s

=== P1L_S4_C2 train[4] k=3  dim=576  frames=152  σ=0.5  fold=2 ===
  OSC: k_hat=3  ACC=0.8618  NMI=0.7611  ARI=0.6804  0.4s

=== P1L_S4_C2 train[5] k=3  dim=576  frames=169  σ=0.5  fold=2 ===
  OSC: k_hat=3  ACC=0.9231  NMI=0.8310  ARI=0.8239  0.4s

=== P1L_S4_C2 train[6] k=3  dim=576  frames=153  σ=0.5  fold=2 ===
  OSC: k_hat=3  ACC=0.9804  NMI=0.9192  ARI=0.9446  0.4s

=== P1L_S4_C3 train[0] k=3  dim=576  frames=96  σ=0.5  fold=2 ===
  OSC: k_hat=3  ACC=0.7292  NMI=0.6696  ARI=0.4804  0.2s

=== P1L_S4_C3 train[1] k=3  dim=576  frames=107  σ=0.5  fold=2 ===
  OSC: k_hat=3  ACC=1.0000  NMI=1.0000  ARI=1.0000  0.2s

=== P1L_S4_C3 train[2] k=3  dim=576  frames=117  σ=0.5  fold=2 ===
  OSC: k_hat=3  ACC=0.6154  NMI=0.5622  ARI=0.4143  0.2s

=== P1L_S4_C3 train[3] k=3  dim=576  frames=112  σ=0.5  fold=2 ===
  OSC: k_hat=3  ACC=0.7857  NMI=0.7122  ARI=0.5675  0.2s

=== P1L_S4_C3 train[4] k=3  dim=576  frames=103  σ=0.5  fold=2 ===
  OSC: k_hat=3  ACC=0.5922  NMI=0.6512  ARI=0.4530  0.2s

=== P1L_S4_C3 train[5] k=3  dim=576  frames=105  σ=0.5  fold=2 ===
  OSC: k_hat=3  ACC=0.5333  NMI=0.6115  ARI=0.4223  0.2s

=== P1L_S4_C3 train[6] k=3  dim=576  frames=107  σ=0.5  fold=2 ===
  OSC: k_hat=3  ACC=0.9813  NMI=0.9338  ARI=0.9463  0.2s

=== P1E_S1_C1 test[0] k=3  dim=576  frames=130  σ=0.5  fold=2 ===
  OSC: k_hat=3  ACC=1.0000  NMI=1.0000  ARI=1.0000  0.3s

=== P1E_S1_C2 test[0] k=3  dim=576  frames=104  σ=0.5  fold=2 ===
  OSC: k_hat=3  ACC=1.0000  NMI=1.0000  ARI=1.0000  0.2s

=== P1E_S1_C3 test[0] k=3  dim=576  frames=47  σ=0.5  fold=2 ===
  OSC: k_hat=3  ACC=1.0000  NMI=1.0000  ARI=1.0000  0.1s

=== P1E_S2_C1 test[0] k=3  dim=576  frames=136  σ=0.5  fold=2 ===
  OSC: k_hat=3  ACC=0.8897  NMI=0.7826  ARI=0.7148  0.3s

=== P1E_S2_C2 test[0] k=3  dim=576  frames=109  σ=0.5  fold=2 ===
  OSC: k_hat=3  ACC=1.0000  NMI=1.0000  ARI=1.0000  0.2s

=== P1E_S2_C3 test[0] k=3  dim=576  frames=90  σ=0.5  fold=2 ===
  OSC: k_hat=3  ACC=0.9667  NMI=0.8979  ARI=0.8982  0.2s

=== P1E_S3_C1 test[0] k=3  dim=576  frames=134  σ=0.5  fold=2 ===
  OSC: k_hat=3  ACC=0.7985  NMI=0.6452  ARI=0.5289  0.3s

=== P1E_S3_C2 test[0] k=3  dim=576  frames=112  σ=0.5  fold=2 ===
  OSC: k_hat=3  ACC=0.9375  NMI=0.8076  ARI=0.8112  0.2s

=== P1E_S3_C3 test[0] k=3  dim=576  frames=84  σ=0.5  fold=2 ===
  OSC: k_hat=3  ACC=0.9881  NMI=0.9525  ARI=0.9657  0.2s

=== P1E_S4_C1 test[0] k=3  dim=576  frames=155  σ=0.5  fold=2 ===
  OSC: k_hat=3  ACC=0.9806  NMI=0.9205  ARI=0.9410  0.4s

=== P1E_S4_C2 test[0] k=3  dim=576  frames=122  σ=0.5  fold=2 ===
  OSC: k_hat=3  ACC=0.9918  NMI=0.9645  ARI=0.9747  0.2s

=== P1E_S4_C3 test[0] k=3  dim=576  frames=85  σ=0.5  fold=2 ===
  OSC: k_hat=3  ACC=0.9765  NMI=0.9220  ARI=0.9313  0.2s

=== P1L_S1_C1 test[0] k=3  dim=576  frames=155  σ=0.5  fold=2 ===
  OSC: k_hat=3  ACC=1.0000  NMI=1.0000  ARI=1.0000  0.4s

=== P1L_S1_C2 test[0] k=3  dim=576  frames=147  σ=0.5  fold=2 ===
  OSC: k_hat=3  ACC=0.8231  NMI=0.6893  ARI=0.5681  0.3s

=== P1L_S1_C3 test[0] k=3  dim=576  frames=65  σ=0.5  fold=2 ===
  OSC: k_hat=3  ACC=0.9231  NMI=0.8192  ARI=0.7746  0.1s

=== P1L_S2_C1 test[0] k=3  dim=576  frames=180  σ=0.5  fold=2 ===
  OSC: k_hat=3  ACC=1.0000  NMI=1.0000  ARI=1.0000  0.5s

=== P1L_S2_C2 test[0] k=3  dim=576  frames=134  σ=0.5  fold=2 ===
  OSC: k_hat=3  ACC=1.0000  NMI=1.0000  ARI=1.0000  0.3s

=== P1L_S2_C3 test[0] k=3  dim=576  frames=85  σ=0.5  fold=2 ===
  OSC: k_hat=3  ACC=0.9882  NMI=0.9505  ARI=0.9597  0.2s

=== P1L_S3_C1 test[0] k=3  dim=576  frames=185  σ=0.5  fold=2 ===
  OSC: k_hat=3  ACC=0.9838  NMI=0.9402  ARI=0.9511  0.5s

=== P1L_S3_C2 test[0] k=3  dim=576  frames=166  σ=0.5  fold=2 ===
  OSC: k_hat=3  ACC=0.9940  NMI=0.9727  ARI=0.9829  0.4s

=== P1L_S3_C3 test[0] k=3  dim=576  frames=121  σ=0.5  fold=2 ===
  OSC: k_hat=3  ACC=1.0000  NMI=1.0000  ARI=1.0000  0.2s

=== P1L_S4_C1 test[0] k=3  dim=576  frames=154  σ=0.5  fold=2 ===
  OSC: k_hat=3  ACC=1.0000  NMI=1.0000  ARI=1.0000  0.4s

=== P1L_S4_C2 test[0] k=3  dim=576  frames=175  σ=0.5  fold=2 ===
  OSC: k_hat=3  ACC=1.0000  NMI=1.0000  ARI=1.0000  0.4s

=== P1L_S4_C3 test[0] k=3  dim=576  frames=94  σ=0.5  fold=2 ===
  OSC: k_hat=3  ACC=1.0000  NMI=1.0000  ARI=1.0000  0.2s
  tune_pool_groups=20: sampling from 22 held-in people (overlap allowed) instead of the 7 fixed partition group(s)

============================================================
σ=0.5 fold=3  test=['0005', '0024', '0025']  train mats=168  test mats=24  tune mats=480
  --- tune OSC over 480 train mats  n_trials=20 (2 params) ---
  OSC trial 0: mean ARI=0.6614  n=480  143.6s  lambda_1=0.1, lambda_2=0.1
  OSC trial 1: mean ARI=0.6308  n=480  139.4s  lambda_1=0.1568, lambda_2=0.7257
  OSC trial 2: mean ARI=0.5590  n=480  139.3s  lambda_1=0.2577, lambda_2=0.1512
  OSC trial 3: mean ARI=0.6940  n=480  139.3s  lambda_1=0.0495, lambda_2=0.3833
  OSC trial 4: mean ARI=0.6901  n=480  139.7s  lambda_1=0.05628, lambda_2=3.691
  OSC trial 5: mean ARI=0.0022  n=480  136.2s  lambda_1=7.156, lambda_2=0.03418
  OSC trial 6: mean ARI=0.0022  n=480  136.9s  lambda_1=1.469, lambda_2=0.1305
  OSC trial 7: mean ARI=0.6051  n=480  139.0s  lambda_1=0.1871, lambda_2=5.039
  OSC trial 8: mean ARI=0.5814  n=480  148.5s  lambda_1=0.001924, lambda_2=0.002231
  OSC trial 9: mean ARI=0.6829  n=480  139.1s  lambda_1=0.001205, lambda_2=2.14
  OSC trial 10: mean ARI=0.6176  n=480  148.2s  lambda_1=0.01165, lambda_2=0.001662
  OSC trial 11: mean ARI=0.7032  n=480  133.9s  lambda_1=0.01856, lambda_2=0.9349
  OSC trial 12: mean ARI=0.6973  n=480  129.3s  lambda_1=0.01288, lambda_2=0.5626
  OSC trial 13: mean ARI=0.6921  n=480  129.5s  lambda_1=0.007366, lambda_2=1.183
  OSC trial 14: mean ARI=0.6318  n=480  137.7s  lambda_1=0.01544, lambda_2=0.01419
  OSC trial 15: mean ARI=0.6918  n=480  129.6s  lambda_1=0.006295, lambda_2=8.24
  OSC trial 16: mean ARI=0.7041  n=480  129.1s  lambda_1=0.02491, lambda_2=0.4103
  OSC trial 17: mean ARI=0.6697  n=480  136.7s  lambda_1=0.03251, lambda_2=0.01989
  OSC trial 18: mean ARI=0.0022  n=480  126.8s  lambda_1=0.6233, lambda_2=0.2837
  OSC trial 19: mean ARI=0.6864  n=480  129.6s  lambda_1=0.003223, lambda_2=1.666
    best mean ARI=0.7041  tune 2731.4s  lambda_1=0.02491, lambda_2=0.4103
  wrote /nfs/turbo/umms-minjilab/lpullela/icassp_ssc_tv2/block_ssc_benchmark/cv/params/surveillance/split_k3_sigmas_min30_trials20_params_knownk_cv_osc_k3_sigma0p5_sigma0.5_fold3.json

=== P1E_S1_C1 train[0] k=3  dim=576  frames=146  σ=0.5  fold=3 ===
  OSC: k_hat=3  ACC=0.9110  NMI=0.7893  ARI=0.7246  0.3s

=== P1E_S1_C1 train[1] k=3  dim=576  frames=153  σ=0.5  fold=3 ===
  OSC: k_hat=3  ACC=0.9739  NMI=0.9153  ARI=0.9230  0.3s

=== P1E_S1_C1 train[2] k=3  dim=576  frames=130  σ=0.5  fold=3 ===
  OSC: k_hat=3  ACC=1.0000  NMI=1.0000  ARI=1.0000  0.3s

=== P1E_S1_C1 train[3] k=3  dim=576  frames=157  σ=0.5  fold=3 ===
  OSC: k_hat=3  ACC=0.5860  NMI=0.6627  ARI=0.4681  0.4s

=== P1E_S1_C1 train[4] k=3  dim=576  frames=151  σ=0.5  fold=3 ===
  OSC: k_hat=3  ACC=0.6026  NMI=0.6703  ARI=0.4826  0.3s

=== P1E_S1_C1 train[5] k=3  dim=576  frames=140  σ=0.5  fold=3 ===
  OSC: k_hat=3  ACC=0.8786  NMI=0.7789  ARI=0.7106  0.3s

=== P1E_S1_C1 train[6] k=3  dim=576  frames=171  σ=0.5  fold=3 ===
  OSC: k_hat=3  ACC=0.9825  NMI=0.9271  ARI=0.9493  0.4s

=== P1E_S1_C2 train[0] k=3  dim=576  frames=147  σ=0.5  fold=3 ===
  OSC: k_hat=3  ACC=0.9524  NMI=0.8375  ARI=0.8562  0.3s

=== P1E_S1_C2 train[1] k=3  dim=576  frames=115  σ=0.5  fold=3 ===
  OSC: k_hat=3  ACC=0.9652  NMI=0.8758  ARI=0.8915  0.2s

=== P1E_S1_C2 train[2] k=3  dim=576  frames=104  σ=0.5  fold=3 ===
  OSC: k_hat=3  ACC=1.0000  NMI=1.0000  ARI=1.0000  0.2s

=== P1E_S1_C2 train[3] k=3  dim=576  frames=113  σ=0.5  fold=3 ===
  OSC: k_hat=3  ACC=0.4690  NMI=0.3839  ARI=0.1885  0.2s

=== P1E_S1_C2 train[4] k=3  dim=576  frames=122  σ=0.5  fold=3 ===
  OSC: k_hat=3  ACC=0.5656  NMI=0.6299  ARI=0.4528  0.2s

=== P1E_S1_C2 train[5] k=3  dim=576  frames=122  σ=0.5  fold=3 ===
  OSC: k_hat=3  ACC=0.9590  NMI=0.8854  ARI=0.8916  0.2s

=== P1E_S1_C2 train[6] k=3  dim=576  frames=134  σ=0.5  fold=3 ===
  OSC: k_hat=3  ACC=0.9851  NMI=0.9443  ARI=0.9564  0.3s

=== P1E_S1_C3 train[0] k=3  dim=576  frames=58  σ=0.5  fold=3 ===
  OSC: k_hat=3  ACC=0.8793  NMI=0.7027  ARI=0.6493  0.1s

=== P1E_S1_C3 train[1] k=3  dim=576  frames=56  σ=0.5  fold=3 ===
  OSC: k_hat=3  ACC=1.0000  NMI=1.0000  ARI=1.0000  0.1s

=== P1E_S1_C3 train[2] k=3  dim=576  frames=47  σ=0.5  fold=3 ===
  OSC: k_hat=3  ACC=1.0000  NMI=1.0000  ARI=1.0000  0.1s

=== P1E_S1_C3 train[3] k=3  dim=576  frames=37  σ=0.5  fold=3 ===
  OSC: k_hat=3  ACC=0.4054  NMI=0.0778  ARI=-0.0149  0.1s

=== P1E_S1_C3 train[4] k=3  dim=576  frames=55  σ=0.5  fold=3 ===
  OSC: k_hat=3  ACC=0.9091  NMI=0.7661  ARI=0.7406  0.1s

=== P1E_S1_C3 train[5] k=3  dim=576  frames=51  σ=0.5  fold=3 ===
  OSC: k_hat=3  ACC=0.6078  NMI=0.5486  ARI=0.4099  0.1s

=== P1E_S1_C3 train[6] k=3  dim=576  frames=69  σ=0.5  fold=3 ===
  OSC: k_hat=3  ACC=0.9130  NMI=0.7638  ARI=0.7540  0.1s

=== P1E_S2_C1 train[0] k=3  dim=576  frames=167  σ=0.5  fold=3 ===
  OSC: k_hat=3  ACC=0.9760  NMI=0.9201  ARI=0.9285  0.4s

=== P1E_S2_C1 train[1] k=3  dim=576  frames=151  σ=0.5  fold=3 ===
  OSC: k_hat=3  ACC=0.7417  NMI=0.6109  ARI=0.5054  0.3s

=== P1E_S2_C1 train[2] k=3  dim=576  frames=136  σ=0.5  fold=3 ===
  OSC: k_hat=3  ACC=0.8897  NMI=0.7826  ARI=0.7148  0.3s

=== P1E_S2_C1 train[3] k=3  dim=576  frames=149  σ=0.5  fold=3 ===
  OSC: k_hat=3  ACC=0.5839  NMI=0.6691  ARI=0.4776  0.3s

=== P1E_S2_C1 train[4] k=3  dim=576  frames=124  σ=0.5  fold=3 ===
  OSC: k_hat=3  ACC=0.5403  NMI=0.6637  ARI=0.4600  0.2s

=== P1E_S2_C1 train[5] k=3  dim=576  frames=161  σ=0.5  fold=3 ===
  OSC: k_hat=3  ACC=0.7950  NMI=0.6918  ARI=0.5769  0.4s

=== P1E_S2_C1 train[6] k=3  dim=576  frames=153  σ=0.5  fold=3 ===
  OSC: k_hat=3  ACC=0.9673  NMI=0.8871  ARI=0.9080  0.3s

=== P1E_S2_C2 train[0] k=3  dim=576  frames=146  σ=0.5  fold=3 ===
  OSC: k_hat=3  ACC=0.8973  NMI=0.7281  ARI=0.7220  0.3s

=== P1E_S2_C2 train[1] k=3  dim=576  frames=115  σ=0.5  fold=3 ===
  OSC: k_hat=3  ACC=0.9826  NMI=0.9253  ARI=0.9458  0.2s

=== P1E_S2_C2 train[2] k=3  dim=576  frames=109  σ=0.5  fold=3 ===
  OSC: k_hat=3  ACC=1.0000  NMI=1.0000  ARI=1.0000  0.2s

=== P1E_S2_C2 train[3] k=3  dim=576  frames=124  σ=0.5  fold=3 ===
  OSC: k_hat=3  ACC=0.9516  NMI=0.8652  ARI=0.8503  0.2s

=== P1E_S2_C2 train[4] k=3  dim=576  frames=109  σ=0.5  fold=3 ===
  OSC: k_hat=3  ACC=0.6972  NMI=0.6941  ARI=0.5482  0.2s

=== P1E_S2_C2 train[5] k=3  dim=576  frames=128  σ=0.5  fold=3 ===
  OSC: k_hat=3  ACC=0.8828  NMI=0.7831  ARI=0.7188  0.3s

=== P1E_S2_C2 train[6] k=3  dim=576  frames=126  σ=0.5  fold=3 ===
  OSC: k_hat=3  ACC=0.9762  NMI=0.9207  ARI=0.9308  0.2s

=== P1E_S2_C3 train[0] k=3  dim=576  frames=113  σ=0.5  fold=3 ===
  OSC: k_hat=3  ACC=0.9646  NMI=0.8905  ARI=0.8869  0.2s

=== P1E_S2_C3 train[1] k=3  dim=576  frames=88  σ=0.5  fold=3 ===
  OSC: k_hat=3  ACC=1.0000  NMI=1.0000  ARI=1.0000  0.2s

=== P1E_S2_C3 train[2] k=3  dim=576  frames=90  σ=0.5  fold=3 ===
  OSC: k_hat=3  ACC=0.9667  NMI=0.8979  ARI=0.8982  0.2s

=== P1E_S2_C3 train[3] k=3  dim=576  frames=99  σ=0.5  fold=3 ===
  OSC: k_hat=3  ACC=0.9394  NMI=0.8491  ARI=0.8306  0.2s

=== P1E_S2_C3 train[4] k=3  dim=576  frames=87  σ=0.5  fold=3 ===
  OSC: k_hat=3  ACC=0.6092  NMI=0.6683  ARI=0.4793  0.2s

=== P1E_S2_C3 train[5] k=3  dim=576  frames=105  σ=0.5  fold=3 ===
  OSC: k_hat=3  ACC=0.8571  NMI=0.7129  ARI=0.6594  0.2s

=== P1E_S2_C3 train[6] k=3  dim=576  frames=89  σ=0.5  fold=3 ===
  OSC: k_hat=3  ACC=0.9775  NMI=0.9248  ARI=0.9383  0.2s

=== P1E_S3_C1 train[0] k=3  dim=576  frames=166  σ=0.5  fold=3 ===
  OSC: k_hat=3  ACC=0.5542  NMI=0.5592  ARI=0.3778  0.4s

=== P1E_S3_C1 train[1] k=3  dim=576  frames=139  σ=0.5  fold=3 ===
  OSC: k_hat=3  ACC=0.7266  NMI=0.6971  ARI=0.5474  0.3s

=== P1E_S3_C1 train[2] k=3  dim=576  frames=134  σ=0.5  fold=3 ===
  OSC: k_hat=3  ACC=0.7985  NMI=0.6452  ARI=0.5289  0.3s

=== P1E_S3_C1 train[3] k=3  dim=576  frames=168  σ=0.5  fold=3 ===
  OSC: k_hat=3  ACC=0.8571  NMI=0.7396  ARI=0.6204  0.4s

=== P1E_S3_C1 train[4] k=3  dim=576  frames=123  σ=0.5  fold=3 ===
  OSC: k_hat=3  ACC=0.5122  NMI=0.4251  ARI=0.2437  0.2s

=== P1E_S3_C1 train[5] k=3  dim=576  frames=204  σ=0.5  fold=3 ===
  OSC: k_hat=3  ACC=0.8529  NMI=0.7624  ARI=0.6954  0.5s

=== P1E_S3_C1 train[6] k=3  dim=576  frames=112  σ=0.5  fold=3 ===
  OSC: k_hat=3  ACC=0.5625  NMI=0.6127  ARI=0.4282  0.2s

=== P1E_S3_C2 train[0] k=3  dim=576  frames=147  σ=0.5  fold=3 ===
  OSC: k_hat=3  ACC=0.8639  NMI=0.7374  ARI=0.6181  0.3s

=== P1E_S3_C2 train[1] k=3  dim=576  frames=120  σ=0.5  fold=3 ===
  OSC: k_hat=3  ACC=0.7833  NMI=0.6229  ARI=0.4823  0.2s

=== P1E_S3_C2 train[2] k=3  dim=576  frames=112  σ=0.5  fold=3 ===
  OSC: k_hat=3  ACC=0.9375  NMI=0.8076  ARI=0.8112  0.2s

=== P1E_S3_C2 train[3] k=3  dim=576  frames=169  σ=0.5  fold=3 ===
  OSC: k_hat=3  ACC=0.9704  NMI=0.8862  ARI=0.9095  0.4s

=== P1E_S3_C2 train[4] k=3  dim=576  frames=107  σ=0.5  fold=3 ===
  OSC: k_hat=3  ACC=0.5981  NMI=0.6680  ARI=0.4761  0.2s

=== P1E_S3_C2 train[5] k=3  dim=576  frames=146  σ=0.5  fold=3 ===
  OSC: k_hat=3  ACC=0.8288  NMI=0.7005  ARI=0.5433  0.3s

=== P1E_S3_C2 train[6] k=3  dim=576  frames=114  σ=0.5  fold=3 ===
  OSC: k_hat=3  ACC=0.9825  NMI=0.9333  ARI=0.9468  0.2s

=== P1E_S3_C3 train[0] k=3  dim=576  frames=105  σ=0.5  fold=3 ===
  OSC: k_hat=3  ACC=1.0000  NMI=1.0000  ARI=1.0000  0.2s

=== P1E_S3_C3 train[1] k=3  dim=576  frames=89  σ=0.5  fold=3 ===
  OSC: k_hat=3  ACC=0.9888  NMI=0.9531  ARI=0.9640  0.2s

=== P1E_S3_C3 train[2] k=3  dim=576  frames=84  σ=0.5  fold=3 ===
  OSC: k_hat=3  ACC=0.9881  NMI=0.9525  ARI=0.9657  0.1s

=== P1E_S3_C3 train[3] k=3  dim=576  frames=128  σ=0.5  fold=3 ===
  OSC: k_hat=3  ACC=0.7031  NMI=0.6354  ARI=0.5070  0.3s

=== P1E_S3_C3 train[4] k=3  dim=576  frames=83  σ=0.5  fold=3 ===
  OSC: k_hat=3  ACC=0.9880  NMI=0.9530  ARI=0.9662  0.1s

=== P1E_S3_C3 train[5] k=3  dim=576  frames=129  σ=0.5  fold=3 ===
  OSC: k_hat=3  ACC=0.5349  NMI=0.6553  ARI=0.4505  0.3s

=== P1E_S3_C3 train[6] k=3  dim=576  frames=84  σ=0.5  fold=3 ===
  OSC: k_hat=3  ACC=0.9881  NMI=0.9523  ARI=0.9667  0.1s

=== P1E_S4_C1 train[0] k=3  dim=576  frames=158  σ=0.5  fold=3 ===
  OSC: k_hat=3  ACC=0.8481  NMI=0.7167  ARI=0.5780  0.4s

=== P1E_S4_C1 train[1] k=3  dim=576  frames=107  σ=0.5  fold=3 ===
  OSC: k_hat=3  ACC=1.0000  NMI=1.0000  ARI=1.0000  0.2s

=== P1E_S4_C1 train[2] k=3  dim=576  frames=155  σ=0.5  fold=3 ===
  OSC: k_hat=3  ACC=0.9806  NMI=0.9205  ARI=0.9410  0.3s

=== P1E_S4_C1 train[3] k=3  dim=576  frames=180  σ=0.5  fold=3 ===
  OSC: k_hat=3  ACC=0.6778  NMI=0.6859  ARI=0.5257  0.4s

=== P1E_S4_C1 train[4] k=3  dim=576  frames=133  σ=0.5  fold=3 ===
  OSC: k_hat=3  ACC=0.6466  NMI=0.6651  ARI=0.4918  0.3s

=== P1E_S4_C1 train[5] k=3  dim=576  frames=147  σ=0.5  fold=3 ===
  OSC: k_hat=3  ACC=0.5034  NMI=0.4851  ARI=0.3226  0.3s

=== P1E_S4_C1 train[6] k=3  dim=576  frames=145  σ=0.5  fold=3 ===
  OSC: k_hat=3  ACC=0.9241  NMI=0.8002  ARI=0.8064  0.3s

=== P1E_S4_C2 train[0] k=3  dim=576  frames=117  σ=0.5  fold=3 ===
  OSC: k_hat=3  ACC=0.8803  NMI=0.7482  ARI=0.6947  0.2s

=== P1E_S4_C2 train[1] k=3  dim=576  frames=125  σ=0.5  fold=3 ===
  OSC: k_hat=3  ACC=0.9920  NMI=0.9653  ARI=0.9759  0.2s

=== P1E_S4_C2 train[2] k=3  dim=576  frames=122  σ=0.5  fold=3 ===
  OSC: k_hat=3  ACC=0.9918  NMI=0.9645  ARI=0.9747  0.2s

=== P1E_S4_C2 train[3] k=3  dim=576  frames=140  σ=0.5  fold=3 ===
  OSC: k_hat=3  ACC=0.9786  NMI=0.9234  ARI=0.9323  0.3s

=== P1E_S4_C2 train[4] k=3  dim=576  frames=129  σ=0.5  fold=3 ===
  OSC: k_hat=3  ACC=0.5504  NMI=0.6603  ARI=0.4591  0.3s

=== P1E_S4_C2 train[5] k=3  dim=576  frames=146  σ=0.5  fold=3 ===
  OSC: k_hat=3  ACC=0.6507  NMI=0.5935  ARI=0.4620  0.3s

=== P1E_S4_C2 train[6] k=3  dim=576  frames=110  σ=0.5  fold=3 ===
  OSC: k_hat=3  ACC=0.9909  NMI=0.9623  ARI=0.9753  0.2s

=== P1E_S4_C3 train[0] k=3  dim=576  frames=90  σ=0.5  fold=3 ===
  OSC: k_hat=3  ACC=0.9000  NMI=0.7358  ARI=0.7102  0.1s

=== P1E_S4_C3 train[1] k=3  dim=576  frames=64  σ=0.5  fold=3 ===
  OSC: k_hat=3  ACC=0.9062  NMI=0.7546  ARI=0.7559  0.1s

=== P1E_S4_C3 train[2] k=3  dim=576  frames=85  σ=0.5  fold=3 ===
  OSC: k_hat=3  ACC=0.9765  NMI=0.9220  ARI=0.9313  0.1s

=== P1E_S4_C3 train[3] k=3  dim=576  frames=87  σ=0.5  fold=3 ===
  OSC: k_hat=3  ACC=0.8621  NMI=0.7028  ARI=0.6543  0.1s

=== P1E_S4_C3 train[4] k=3  dim=576  frames=76  σ=0.5  fold=3 ===
  OSC: k_hat=3  ACC=0.9605  NMI=0.8885  ARI=0.8936  0.1s

=== P1E_S4_C3 train[5] k=3  dim=576  frames=106  σ=0.5  fold=3 ===
  OSC: k_hat=3  ACC=0.6887  NMI=0.7100  ARI=0.5700  0.2s

=== P1E_S4_C3 train[6] k=3  dim=576  frames=79  σ=0.5  fold=3 ===
  OSC: k_hat=3  ACC=0.9494  NMI=0.8344  ARI=0.8496  0.1s

=== P1L_S1_C1 train[0] k=3  dim=576  frames=162  σ=0.5  fold=3 ===
  OSC: k_hat=3  ACC=0.9815  NMI=0.9346  ARI=0.9472  0.3s

=== P1L_S1_C1 train[1] k=3  dim=576  frames=170  σ=0.5  fold=3 ===
  OSC: k_hat=3  ACC=0.7176  NMI=0.6567  ARI=0.4543  0.4s

=== P1L_S1_C1 train[2] k=3  dim=576  frames=155  σ=0.5  fold=3 ===
  OSC: k_hat=3  ACC=1.0000  NMI=1.0000  ARI=1.0000  0.3s

=== P1L_S1_C1 train[3] k=3  dim=576  frames=198  σ=0.5  fold=3 ===
  OSC: k_hat=3  ACC=0.7273  NMI=0.6733  ARI=0.5345  0.5s

=== P1L_S1_C1 train[4] k=3  dim=576  frames=166  σ=0.5  fold=3 ===
  OSC: k_hat=3  ACC=1.0000  NMI=1.0000  ARI=1.0000  0.4s

=== P1L_S1_C1 train[5] k=3  dim=576  frames=116  σ=0.5  fold=3 ===
  OSC: k_hat=3  ACC=0.6983  NMI=0.4769  ARI=0.2990  0.2s

=== P1L_S1_C1 train[6] k=3  dim=576  frames=175  σ=0.5  fold=3 ===
  OSC: k_hat=3  ACC=1.0000  NMI=1.0000  ARI=1.0000  0.4s

=== P1L_S1_C2 train[0] k=3  dim=576  frames=186  σ=0.5  fold=3 ===
  OSC: k_hat=3  ACC=0.7688  NMI=0.6813  ARI=0.5085  0.4s

=== P1L_S1_C2 train[1] k=3  dim=576  frames=137  σ=0.5  fold=3 ===
  OSC: k_hat=3  ACC=0.8029  NMI=0.7019  ARI=0.5528  0.3s

=== P1L_S1_C2 train[2] k=3  dim=576  frames=147  σ=0.5  fold=3 ===
  OSC: k_hat=3  ACC=0.8231  NMI=0.6893  ARI=0.5681  0.3s

=== P1L_S1_C2 train[3] k=3  dim=576  frames=128  σ=0.5  fold=3 ===
  OSC: k_hat=3  ACC=0.5625  NMI=0.6666  ARI=0.4689  0.2s

=== P1L_S1_C2 train[4] k=3  dim=576  frames=154  σ=0.5  fold=3 ===
  OSC: k_hat=3  ACC=0.5065  NMI=0.6566  ARI=0.4500  0.3s

=== P1L_S1_C2 train[5] k=3  dim=576  frames=142  σ=0.5  fold=3 ===
  OSC: k_hat=3  ACC=0.8169  NMI=0.6797  ARI=0.5563  0.3s

=== P1L_S1_C2 train[6] k=3  dim=576  frames=168  σ=0.5  fold=3 ===
  OSC: k_hat=3  ACC=0.9821  NMI=0.9264  ARI=0.9498  0.4s

=== P1L_S1_C3 train[0] k=3  dim=576  frames=60  σ=0.5  fold=3 ===
  OSC: k_hat=3  ACC=0.5167  NMI=0.5800  ARI=0.3887  0.1s

=== P1L_S1_C3 train[1] k=3  dim=576  frames=68  σ=0.5  fold=3 ===
  OSC: k_hat=3  ACC=1.0000  NMI=1.0000  ARI=1.0000  0.1s

=== P1L_S1_C3 train[2] k=3  dim=576  frames=65  σ=0.5  fold=3 ===
  OSC: k_hat=3  ACC=0.9231  NMI=0.8192  ARI=0.7746  0.1s

=== P1L_S1_C3 train[3] k=3  dim=576  frames=73  σ=0.5  fold=3 ===
  OSC: k_hat=3  ACC=0.6301  NMI=0.6672  ARI=0.4815  0.1s

=== P1L_S1_C3 train[4] k=3  dim=576  frames=64  σ=0.5  fold=3 ===
  OSC: k_hat=3  ACC=0.8438  NMI=0.6679  ARI=0.6290  0.1s

=== P1L_S1_C3 train[5] k=3  dim=576  frames=63  σ=0.5  fold=3 ===
  OSC: k_hat=3  ACC=0.6349  NMI=0.6083  ARI=0.5013  0.1s

=== P1L_S1_C3 train[6] k=3  dim=576  frames=75  σ=0.5  fold=3 ===
  OSC: k_hat=3  ACC=0.9867  NMI=0.9474  ARI=0.9569  0.1s

=== P1L_S2_C1 train[0] k=3  dim=576  frames=211  σ=0.5  fold=3 ===
  OSC: k_hat=3  ACC=0.8057  NMI=0.7153  ARI=0.5921  0.5s

=== P1L_S2_C1 train[1] k=3  dim=576  frames=190  σ=0.5  fold=3 ===
  OSC: k_hat=3  ACC=0.7211  NMI=0.6714  ARI=0.4890  0.4s

=== P1L_S2_C1 train[2] k=3  dim=576  frames=180  σ=0.5  fold=3 ===
  OSC: k_hat=3  ACC=1.0000  NMI=1.0000  ARI=1.0000  0.4s

=== P1L_S2_C1 train[3] k=3  dim=576  frames=172  σ=0.5  fold=3 ===
  OSC: k_hat=3  ACC=0.9767  NMI=0.9235  ARI=0.9437  0.4s

=== P1L_S2_C1 train[4] k=3  dim=576  frames=179  σ=0.5  fold=3 ===
  OSC: k_hat=3  ACC=0.9888  NMI=0.9558  ARI=0.9703  0.4s

=== P1L_S2_C1 train[5] k=3  dim=576  frames=180  σ=0.5  fold=3 ===
  OSC: k_hat=3  ACC=0.5056  NMI=0.2709  ARI=0.0681  0.4s

=== P1L_S2_C1 train[6] k=3  dim=576  frames=133  σ=0.5  fold=3 ===
  OSC: k_hat=3  ACC=1.0000  NMI=1.0000  ARI=1.0000  0.3s

=== P1L_S2_C2 train[0] k=3  dim=576  frames=194  σ=0.5  fold=3 ===
  OSC: k_hat=3  ACC=0.8041  NMI=0.6646  ARI=0.5092  0.5s

=== P1L_S2_C2 train[1] k=3  dim=576  frames=155  σ=0.5  fold=3 ===
  OSC: k_hat=3  ACC=0.9806  NMI=0.9205  ARI=0.9412  0.3s

=== P1L_S2_C2 train[2] k=3  dim=576  frames=134  σ=0.5  fold=3 ===
  OSC: k_hat=3  ACC=1.0000  NMI=1.0000  ARI=1.0000  0.3s

=== P1L_S2_C2 train[3] k=3  dim=576  frames=201  σ=0.5  fold=3 ===
  OSC: k_hat=3  ACC=0.9353  NMI=0.8177  ARI=0.8156  0.5s

=== P1L_S2_C2 train[4] k=3  dim=576  frames=171  σ=0.5  fold=3 ===
  OSC: k_hat=3  ACC=0.8363  NMI=0.7362  ARI=0.6178  0.4s

=== P1L_S2_C2 train[5] k=3  dim=576  frames=160  σ=0.5  fold=3 ===
  OSC: k_hat=3  ACC=0.6125  NMI=0.6196  ARI=0.4654  0.4s

=== P1L_S2_C2 train[6] k=3  dim=576  frames=154  σ=0.5  fold=3 ===
  OSC: k_hat=3  ACC=0.9870  NMI=0.9414  ARI=0.9655  0.3s

=== P1L_S2_C3 train[0] k=3  dim=576  frames=119  σ=0.5  fold=3 ===
  OSC: k_hat=3  ACC=0.9916  NMI=0.9622  ARI=0.9722  0.2s

=== P1L_S2_C3 train[1] k=3  dim=576  frames=101  σ=0.5  fold=3 ===
  OSC: k_hat=3  ACC=0.8119  NMI=0.7135  ARI=0.5605  0.2s

=== P1L_S2_C3 train[2] k=3  dim=576  frames=85  σ=0.5  fold=3 ===
  OSC: k_hat=3  ACC=0.9882  NMI=0.9505  ARI=0.9597  0.1s

=== P1L_S2_C3 train[3] k=3  dim=576  frames=126  σ=0.5  fold=3 ===
  OSC: k_hat=3  ACC=0.8651  NMI=0.7610  ARI=0.6671  0.2s

=== P1L_S2_C3 train[4] k=3  dim=576  frames=102  σ=0.5  fold=3 ===
  OSC: k_hat=3  ACC=0.5392  NMI=0.6136  ARI=0.4329  0.2s

=== P1L_S2_C3 train[5] k=3  dim=576  frames=121  σ=0.5  fold=3 ===
  OSC: k_hat=3  ACC=0.9091  NMI=0.7880  ARI=0.7781  0.2s

=== P1L_S2_C3 train[6] k=3  dim=576  frames=99  σ=0.5  fold=3 ===
  OSC: k_hat=3  ACC=0.9697  NMI=0.9066  ARI=0.9152  0.2s

=== P1L_S3_C1 train[0] k=3  dim=576  frames=156  σ=0.5  fold=3 ===
  OSC: k_hat=3  ACC=0.4295  NMI=0.2486  ARI=0.0025  0.4s

=== P1L_S3_C1 train[1] k=3  dim=576  frames=120  σ=0.5  fold=3 ===
  OSC: k_hat=3  ACC=0.9583  NMI=0.8759  ARI=0.8691  0.2s

=== P1L_S3_C1 train[2] k=3  dim=576  frames=185  σ=0.5  fold=3 ===
  OSC: k_hat=3  ACC=0.9838  NMI=0.9402  ARI=0.9511  0.4s

=== P1L_S3_C1 train[3] k=3  dim=576  frames=159  σ=0.5  fold=3 ===
  OSC: k_hat=3  ACC=0.9245  NMI=0.7727  ARI=0.7932  0.3s

=== P1L_S3_C1 train[4] k=3  dim=576  frames=172  σ=0.5  fold=3 ===
  OSC: k_hat=3  ACC=0.5349  NMI=0.5671  ARI=0.3882  0.4s

=== P1L_S3_C1 train[5] k=3  dim=576  frames=176  σ=0.5  fold=3 ===
  OSC: k_hat=3  ACC=0.6420  NMI=0.4321  ARI=0.2420  0.4s

=== P1L_S3_C1 train[6] k=3  dim=576  frames=134  σ=0.5  fold=3 ===
  OSC: k_hat=3  ACC=0.9925  NMI=0.9658  ARI=0.9752  0.3s

=== P1L_S3_C2 train[0] k=3  dim=576  frames=185  σ=0.5  fold=3 ===
  OSC: k_hat=3  ACC=0.8595  NMI=0.6704  ARI=0.6228  0.4s

=== P1L_S3_C2 train[1] k=3  dim=576  frames=125  σ=0.5  fold=3 ===
  OSC: k_hat=3  ACC=0.8160  NMI=0.6660  ARI=0.5950  0.2s

=== P1L_S3_C2 train[2] k=3  dim=576  frames=166  σ=0.5  fold=3 ===
  OSC: k_hat=3  ACC=0.9940  NMI=0.9727  ARI=0.9829  0.4s

=== P1L_S3_C2 train[3] k=3  dim=576  frames=168  σ=0.5  fold=3 ===
  OSC: k_hat=3  ACC=0.9940  NMI=0.9727  ARI=0.9864  0.4s

=== P1L_S3_C2 train[4] k=3  dim=576  frames=187  σ=0.5  fold=3 ===
  OSC: k_hat=3  ACC=0.5668  NMI=0.6330  ARI=0.4478  0.4s

=== P1L_S3_C2 train[5] k=3  dim=576  frames=229  σ=0.5  fold=3 ===
  OSC: k_hat=3  ACC=0.5197  NMI=0.6157  ARI=0.4289  0.6s

=== P1L_S3_C2 train[6] k=3  dim=576  frames=136  σ=0.5  fold=3 ===
  OSC: k_hat=3  ACC=0.9559  NMI=0.8746  ARI=0.8649  0.3s

=== P1L_S3_C3 train[0] k=3  dim=576  frames=151  σ=0.5  fold=3 ===
  OSC: k_hat=3  ACC=0.9934  NMI=0.9670  ARI=0.9779  0.3s

=== P1L_S3_C3 train[1] k=3  dim=576  frames=118  σ=0.5  fold=3 ===
  OSC: k_hat=3  ACC=0.8983  NMI=0.7946  ARI=0.7354  0.2s

=== P1L_S3_C3 train[2] k=3  dim=576  frames=121  σ=0.5  fold=3 ===
  OSC: k_hat=3  ACC=1.0000  NMI=1.0000  ARI=1.0000  0.2s

=== P1L_S3_C3 train[3] k=3  dim=576  frames=134  σ=0.5  fold=3 ===
  OSC: k_hat=3  ACC=0.8507  NMI=0.7327  ARI=0.6091  0.3s

=== P1L_S3_C3 train[4] k=3  dim=576  frames=110  σ=0.5  fold=3 ===
  OSC: k_hat=3  ACC=0.8545  NMI=0.7206  ARI=0.6421  0.2s

=== P1L_S3_C3 train[5] k=3  dim=576  frames=161  σ=0.5  fold=3 ===
  OSC: k_hat=3  ACC=0.8323  NMI=0.7023  ARI=0.6433  0.3s

=== P1L_S3_C3 train[6] k=3  dim=576  frames=114  σ=0.5  fold=3 ===
  OSC: k_hat=3  ACC=0.9825  NMI=0.9372  ARI=0.9534  0.2s

=== P1L_S4_C1 train[0] k=3  dim=576  frames=200  σ=0.5  fold=3 ===
  OSC: k_hat=3  ACC=0.7300  NMI=0.6891  ARI=0.5277  0.5s

=== P1L_S4_C1 train[1] k=3  dim=576  frames=157  σ=0.5  fold=3 ===
  OSC: k_hat=3  ACC=0.9427  NMI=0.8473  ARI=0.8370  0.3s

=== P1L_S4_C1 train[2] k=3  dim=576  frames=154  σ=0.5  fold=3 ===
  OSC: k_hat=3  ACC=1.0000  NMI=1.0000  ARI=1.0000  0.3s

=== P1L_S4_C1 train[3] k=3  dim=576  frames=142  σ=0.5  fold=3 ===
  OSC: k_hat=3  ACC=0.8239  NMI=0.7118  ARI=0.6336  0.3s

=== P1L_S4_C1 train[4] k=3  dim=576  frames=164  σ=0.5  fold=3 ===
  OSC: k_hat=3  ACC=0.9573  NMI=0.8816  ARI=0.8804  0.4s

=== P1L_S4_C1 train[5] k=3  dim=576  frames=187  σ=0.5  fold=3 ===
  OSC: k_hat=3  ACC=0.7112  NMI=0.7014  ARI=0.5657  0.4s

=== P1L_S4_C1 train[6] k=3  dim=576  frames=202  σ=0.5  fold=3 ===
  OSC: k_hat=3  ACC=1.0000  NMI=1.0000  ARI=1.0000  0.5s

=== P1L_S4_C2 train[0] k=3  dim=576  frames=157  σ=0.5  fold=3 ===
  OSC: k_hat=3  ACC=0.7771  NMI=0.6675  ARI=0.4827  0.3s

=== P1L_S4_C2 train[1] k=3  dim=576  frames=149  σ=0.5  fold=3 ===
  OSC: k_hat=3  ACC=0.9329  NMI=0.8326  ARI=0.7976  0.3s

=== P1L_S4_C2 train[2] k=3  dim=576  frames=175  σ=0.5  fold=3 ===
  OSC: k_hat=3  ACC=1.0000  NMI=1.0000  ARI=1.0000  0.4s

=== P1L_S4_C2 train[3] k=3  dim=576  frames=154  σ=0.5  fold=3 ===
  OSC: k_hat=3  ACC=0.8312  NMI=0.6938  ARI=0.5628  0.3s

=== P1L_S4_C2 train[4] k=3  dim=576  frames=152  σ=0.5  fold=3 ===
  OSC: k_hat=3  ACC=0.8618  NMI=0.7611  ARI=0.6804  0.3s

=== P1L_S4_C2 train[5] k=3  dim=576  frames=169  σ=0.5  fold=3 ===
  OSC: k_hat=3  ACC=0.9231  NMI=0.8310  ARI=0.8239  0.4s

=== P1L_S4_C2 train[6] k=3  dim=576  frames=153  σ=0.5  fold=3 ===
  OSC: k_hat=3  ACC=0.9804  NMI=0.9192  ARI=0.9446  0.3s

=== P1L_S4_C3 train[0] k=3  dim=576  frames=96  σ=0.5  fold=3 ===
  OSC: k_hat=3  ACC=0.7292  NMI=0.6696  ARI=0.4804  0.2s

=== P1L_S4_C3 train[1] k=3  dim=576  frames=107  σ=0.5  fold=3 ===
  OSC: k_hat=3  ACC=1.0000  NMI=1.0000  ARI=1.0000  0.2s

=== P1L_S4_C3 train[2] k=3  dim=576  frames=94  σ=0.5  fold=3 ===
  OSC: k_hat=3  ACC=1.0000  NMI=1.0000  ARI=1.0000  0.2s

=== P1L_S4_C3 train[3] k=3  dim=576  frames=112  σ=0.5  fold=3 ===
  OSC: k_hat=3  ACC=0.7857  NMI=0.7122  ARI=0.5675  0.2s

=== P1L_S4_C3 train[4] k=3  dim=576  frames=103  σ=0.5  fold=3 ===
  OSC: k_hat=3  ACC=0.5922  NMI=0.6512  ARI=0.4530  0.2s

=== P1L_S4_C3 train[5] k=3  dim=576  frames=105  σ=0.5  fold=3 ===
  OSC: k_hat=3  ACC=0.5333  NMI=0.6115  ARI=0.4223  0.2s

=== P1L_S4_C3 train[6] k=3  dim=576  frames=107  σ=0.5  fold=3 ===
  OSC: k_hat=3  ACC=0.9813  NMI=0.9338  ARI=0.9463  0.2s

=== P1E_S1_C1 test[0] k=3  dim=576  frames=140  σ=0.5  fold=3 ===
  OSC: k_hat=3  ACC=0.9000  NMI=0.7798  ARI=0.7028  0.3s

=== P1E_S1_C2 test[0] k=3  dim=576  frames=138  σ=0.5  fold=3 ===
  OSC: k_hat=3  ACC=0.6087  NMI=0.5813  ARI=0.4203  0.3s

=== P1E_S1_C3 test[0] k=3  dim=576  frames=61  σ=0.5  fold=3 ===
  OSC: k_hat=3  ACC=0.7213  NMI=0.6858  ARI=0.6370  0.1s

=== P1E_S2_C1 test[0] k=3  dim=576  frames=180  σ=0.5  fold=3 ===
  OSC: k_hat=3  ACC=0.5500  NMI=0.6138  ARI=0.4390  0.4s

=== P1E_S2_C2 test[0] k=3  dim=576  frames=144  σ=0.5  fold=3 ===
  OSC: k_hat=3  ACC=0.7847  NMI=0.5923  ARI=0.4948  0.3s

=== P1E_S2_C3 test[0] k=3  dim=576  frames=112  σ=0.5  fold=3 ===
  OSC: k_hat=3  ACC=0.8214  NMI=0.6894  ARI=0.5741  0.2s

=== P1E_S3_C1 test[0] k=3  dim=576  frames=161  σ=0.5  fold=3 ===
  OSC: k_hat=3  ACC=0.7888  NMI=0.7131  ARI=0.5833  0.4s

=== P1E_S3_C2 test[0] k=3  dim=576  frames=168  σ=0.5  fold=3 ===
  OSC: k_hat=3  ACC=0.6845  NMI=0.6149  ARI=0.4244  0.4s

=== P1E_S3_C3 test[0] k=3  dim=576  frames=125  σ=0.5  fold=3 ===
  OSC: k_hat=3  ACC=0.9760  NMI=0.9174  ARI=0.9232  0.2s

=== P1E_S4_C1 test[0] k=3  dim=576  frames=182  σ=0.5  fold=3 ===
  OSC: k_hat=3  ACC=0.8626  NMI=0.7396  ARI=0.6658  0.4s

=== P1E_S4_C2 test[0] k=3  dim=576  frames=126  σ=0.5  fold=3 ===
  OSC: k_hat=3  ACC=0.9762  NMI=0.9043  ARI=0.9252  0.2s

=== P1E_S4_C3 test[0] k=3  dim=576  frames=105  σ=0.5  fold=3 ===
  OSC: k_hat=3  ACC=0.8476  NMI=0.6659  ARI=0.6328  0.2s

=== P1L_S1_C1 test[0] k=3  dim=576  frames=182  σ=0.5  fold=3 ===
  OSC: k_hat=3  ACC=0.9286  NMI=0.8181  ARI=0.8151  0.4s

=== P1L_S1_C2 test[0] k=3  dim=576  frames=181  σ=0.5  fold=3 ===
  OSC: k_hat=3  ACC=0.8343  NMI=0.7285  ARI=0.6043  0.4s

=== P1L_S1_C3 test[0] k=3  dim=576  frames=74  σ=0.5  fold=3 ===
  OSC: k_hat=3  ACC=0.5811  NMI=0.6230  ARI=0.4548  0.1s

=== P1L_S2_C1 test[0] k=3  dim=576  frames=177  σ=0.5  fold=3 ===
  OSC: k_hat=3  ACC=0.7458  NMI=0.7108  ARI=0.5842  0.4s

=== P1L_S2_C2 test[0] k=3  dim=576  frames=186  σ=0.5  fold=3 ===
  OSC: k_hat=3  ACC=0.9570  NMI=0.8560  ARI=0.8853  0.5s

=== P1L_S2_C3 test[0] k=3  dim=576  frames=112  σ=0.5  fold=3 ===
  OSC: k_hat=3  ACC=0.5804  NMI=0.6222  ARI=0.4420  0.2s

=== P1L_S3_C1 test[0] k=3  dim=576  frames=156  σ=0.5  fold=3 ===
  OSC: k_hat=3  ACC=0.6474  NMI=0.6812  ARI=0.5139  0.4s

=== P1L_S3_C2 test[0] k=3  dim=576  frames=209  σ=0.5  fold=3 ===
  OSC: k_hat=3  ACC=0.7321  NMI=0.5271  ARI=0.4184  0.5s

=== P1L_S3_C3 test[0] k=3  dim=576  frames=142  σ=0.5  fold=3 ===
  OSC: k_hat=3  ACC=0.7958  NMI=0.6968  ARI=0.5429  0.3s

=== P1L_S4_C1 test[0] k=3  dim=576  frames=168  σ=0.5  fold=3 ===
  OSC: k_hat=3  ACC=0.8036  NMI=0.5966  ARI=0.5068  0.4s

=== P1L_S4_C2 test[0] k=3  dim=576  frames=168  σ=0.5  fold=3 ===
  OSC: k_hat=3  ACC=0.8571  NMI=0.7125  ARI=0.6257  0.4s

=== P1L_S4_C3 test[0] k=3  dim=576  frames=117  σ=0.5  fold=3 ===
  OSC: k_hat=3  ACC=0.6154  NMI=0.5622  ARI=0.4143  0.2s
  tune_pool_groups=20: sampling from 22 held-in people (overlap allowed) instead of the 7 fixed partition group(s)

============================================================
σ=0.5 fold=4  test=['0001', '0011', '0023']  train mats=168  test mats=24  tune mats=480
  --- tune OSC over 480 train mats  n_trials=20 (2 params) ---
  OSC trial 0: mean ARI=0.6839  n=480  143.5s  lambda_1=0.1, lambda_2=0.1
  OSC trial 1: mean ARI=0.6503  n=480  136.4s  lambda_1=0.1568, lambda_2=0.7257
  OSC trial 2: mean ARI=0.5951  n=480  129.3s  lambda_1=0.2577, lambda_2=0.1512
  OSC trial 3: mean ARI=0.7022  n=480  131.2s  lambda_1=0.0495, lambda_2=0.3833
  OSC trial 4: mean ARI=0.7020  n=480  131.3s  lambda_1=0.05628, lambda_2=3.691
  OSC trial 5: mean ARI=0.0036  n=480  127.1s  lambda_1=7.156, lambda_2=0.03418
  OSC trial 6: mean ARI=0.0036  n=480  130.1s  lambda_1=1.469, lambda_2=0.1305
  OSC trial 7: mean ARI=0.6369  n=480  134.3s  lambda_1=0.1871, lambda_2=5.039
  OSC trial 8: mean ARI=0.5973  n=480  141.5s  lambda_1=0.001924, lambda_2=0.002231
  OSC trial 9: mean ARI=0.6920  n=480  133.1s  lambda_1=0.001205, lambda_2=2.14
  OSC trial 10: mean ARI=0.6318  n=480  143.0s  lambda_1=0.01165, lambda_2=0.001662
  OSC trial 11: mean ARI=0.7129  n=480  131.7s  lambda_1=0.01856, lambda_2=0.9349
  OSC trial 12: mean ARI=0.7114  n=480  133.9s  lambda_1=0.01288, lambda_2=0.5626
  OSC trial 13: mean ARI=0.7051  n=480  133.5s  lambda_1=0.007366, lambda_2=1.183
  OSC trial 14: mean ARI=0.6488  n=480  140.3s  lambda_1=0.01544, lambda_2=0.01419
  OSC trial 15: mean ARI=0.7053  n=480  133.7s  lambda_1=0.006295, lambda_2=8.24
  OSC trial 16: mean ARI=0.7105  n=480  132.4s  lambda_1=0.02491, lambda_2=0.4103
  OSC trial 17: mean ARI=0.6243  n=480  139.1s  lambda_1=0.003807, lambda_2=0.01989
  OSC trial 18: mean ARI=0.0048  n=480  128.6s  lambda_1=0.6233, lambda_2=1.572
  OSC trial 19: mean ARI=0.7087  n=480  130.4s  lambda_1=0.02674, lambda_2=0.2687
    best mean ARI=0.7129  tune 2684.5s  lambda_1=0.01856, lambda_2=0.9349
  wrote /nfs/turbo/umms-minjilab/lpullela/icassp_ssc_tv2/block_ssc_benchmark/cv/params/surveillance/split_k3_sigmas_min30_trials20_params_knownk_cv_osc_k3_sigma0p5_sigma0.5_fold4.json

=== P1E_S1_C1 train[0] k=3  dim=576  frames=146  σ=0.5  fold=4 ===
  OSC: k_hat=3  ACC=0.9110  NMI=0.7893  ARI=0.7246  0.3s

=== P1E_S1_C1 train[1] k=3  dim=576  frames=153  σ=0.5  fold=4 ===
  OSC: k_hat=3  ACC=0.9739  NMI=0.9153  ARI=0.9230  0.3s

=== P1E_S1_C1 train[2] k=3  dim=576  frames=130  σ=0.5  fold=4 ===
  OSC: k_hat=3  ACC=1.0000  NMI=1.0000  ARI=1.0000  0.3s

=== P1E_S1_C1 train[3] k=3  dim=576  frames=140  σ=0.5  fold=4 ===
  OSC: k_hat=3  ACC=0.9000  NMI=0.7798  ARI=0.7028  0.3s

=== P1E_S1_C1 train[4] k=3  dim=576  frames=151  σ=0.5  fold=4 ===
  OSC: k_hat=3  ACC=0.5960  NMI=0.6690  ARI=0.4788  0.3s

=== P1E_S1_C1 train[5] k=3  dim=576  frames=140  σ=0.5  fold=4 ===
  OSC: k_hat=3  ACC=0.8571  NMI=0.7606  ARI=0.6745  0.3s

=== P1E_S1_C1 train[6] k=3  dim=576  frames=171  σ=0.5  fold=4 ===
  OSC: k_hat=3  ACC=0.9825  NMI=0.9271  ARI=0.9493  0.4s

=== P1E_S1_C2 train[0] k=3  dim=576  frames=147  σ=0.5  fold=4 ===
  OSC: k_hat=3  ACC=0.9524  NMI=0.8375  ARI=0.8562  0.3s

=== P1E_S1_C2 train[1] k=3  dim=576  frames=115  σ=0.5  fold=4 ===
  OSC: k_hat=3  ACC=0.9652  NMI=0.8758  ARI=0.8915  0.2s

=== P1E_S1_C2 train[2] k=3  dim=576  frames=104  σ=0.5  fold=4 ===
  OSC: k_hat=3  ACC=1.0000  NMI=1.0000  ARI=1.0000  0.2s

=== P1E_S1_C2 train[3] k=3  dim=576  frames=138  σ=0.5  fold=4 ===
  OSC: k_hat=3  ACC=0.6087  NMI=0.5813  ARI=0.4203  0.3s

=== P1E_S1_C2 train[4] k=3  dim=576  frames=122  σ=0.5  fold=4 ===
  OSC: k_hat=3  ACC=0.5574  NMI=0.6295  ARI=0.4511  0.2s

=== P1E_S1_C2 train[5] k=3  dim=576  frames=122  σ=0.5  fold=4 ===
  OSC: k_hat=3  ACC=0.9590  NMI=0.8854  ARI=0.8916  0.2s

=== P1E_S1_C2 train[6] k=3  dim=576  frames=134  σ=0.5  fold=4 ===
  OSC: k_hat=3  ACC=0.9851  NMI=0.9443  ARI=0.9564  0.3s

=== P1E_S1_C3 train[0] k=3  dim=576  frames=58  σ=0.5  fold=4 ===
  OSC: k_hat=3  ACC=0.8793  NMI=0.7027  ARI=0.6493  0.1s

=== P1E_S1_C3 train[1] k=3  dim=576  frames=56  σ=0.5  fold=4 ===
  OSC: k_hat=3  ACC=1.0000  NMI=1.0000  ARI=1.0000  0.1s

=== P1E_S1_C3 train[2] k=3  dim=576  frames=47  σ=0.5  fold=4 ===
  OSC: k_hat=3  ACC=1.0000  NMI=1.0000  ARI=1.0000  0.1s

=== P1E_S1_C3 train[3] k=3  dim=576  frames=61  σ=0.5  fold=4 ===
  OSC: k_hat=3  ACC=0.7213  NMI=0.6858  ARI=0.6370  0.1s

=== P1E_S1_C3 train[4] k=3  dim=576  frames=55  σ=0.5  fold=4 ===
  OSC: k_hat=3  ACC=0.9091  NMI=0.7661  ARI=0.7406  0.1s

=== P1E_S1_C3 train[5] k=3  dim=576  frames=51  σ=0.5  fold=4 ===
  OSC: k_hat=3  ACC=0.6078  NMI=0.5486  ARI=0.4099  0.1s

=== P1E_S1_C3 train[6] k=3  dim=576  frames=69  σ=0.5  fold=4 ===
  OSC: k_hat=3  ACC=0.9130  NMI=0.7638  ARI=0.7540  0.1s

=== P1E_S2_C1 train[0] k=3  dim=576  frames=167  σ=0.5  fold=4 ===
  OSC: k_hat=3  ACC=0.9760  NMI=0.9201  ARI=0.9285  0.4s

=== P1E_S2_C1 train[1] k=3  dim=576  frames=151  σ=0.5  fold=4 ===
  OSC: k_hat=3  ACC=0.7417  NMI=0.6109  ARI=0.5054  0.3s

=== P1E_S2_C1 train[2] k=3  dim=576  frames=136  σ=0.5  fold=4 ===
  OSC: k_hat=3  ACC=0.8897  NMI=0.7826  ARI=0.7148  0.3s

=== P1E_S2_C1 train[3] k=3  dim=576  frames=180  σ=0.5  fold=4 ===
  OSC: k_hat=3  ACC=0.5500  NMI=0.6138  ARI=0.4390  0.4s

=== P1E_S2_C1 train[4] k=3  dim=576  frames=124  σ=0.5  fold=4 ===
  OSC: k_hat=3  ACC=0.5403  NMI=0.6637  ARI=0.4600  0.2s

=== P1E_S2_C1 train[5] k=3  dim=576  frames=161  σ=0.5  fold=4 ===
  OSC: k_hat=3  ACC=0.7950  NMI=0.6918  ARI=0.5769  0.4s

=== P1E_S2_C1 train[6] k=3  dim=576  frames=153  σ=0.5  fold=4 ===
  OSC: k_hat=3  ACC=0.9673  NMI=0.8871  ARI=0.9080  0.3s

=== P1E_S2_C2 train[0] k=3  dim=576  frames=146  σ=0.5  fold=4 ===
  OSC: k_hat=3  ACC=0.8973  NMI=0.7281  ARI=0.7220  0.3s

=== P1E_S2_C2 train[1] k=3  dim=576  frames=115  σ=0.5  fold=4 ===
  OSC: k_hat=3  ACC=0.9826  NMI=0.9253  ARI=0.9458  0.2s

=== P1E_S2_C2 train[2] k=3  dim=576  frames=109  σ=0.5  fold=4 ===
  OSC: k_hat=3  ACC=1.0000  NMI=1.0000  ARI=1.0000  0.2s

=== P1E_S2_C2 train[3] k=3  dim=576  frames=144  σ=0.5  fold=4 ===
  OSC: k_hat=3  ACC=0.7847  NMI=0.5923  ARI=0.4948  0.3s

=== P1E_S2_C2 train[4] k=3  dim=576  frames=109  σ=0.5  fold=4 ===
  OSC: k_hat=3  ACC=0.6881  NMI=0.6895  ARI=0.5379  0.2s

=== P1E_S2_C2 train[5] k=3  dim=576  frames=128  σ=0.5  fold=4 ===
  OSC: k_hat=3  ACC=0.8828  NMI=0.7831  ARI=0.7188  0.2s

=== P1E_S2_C2 train[6] k=3  dim=576  frames=126  σ=0.5  fold=4 ===
  OSC: k_hat=3  ACC=0.9762  NMI=0.9207  ARI=0.9308  0.2s

=== P1E_S2_C3 train[0] k=3  dim=576  frames=113  σ=0.5  fold=4 ===
  OSC: k_hat=3  ACC=0.9646  NMI=0.8905  ARI=0.8869  0.2s

=== P1E_S2_C3 train[1] k=3  dim=576  frames=88  σ=0.5  fold=4 ===
  OSC: k_hat=3  ACC=1.0000  NMI=1.0000  ARI=1.0000  0.1s

=== P1E_S2_C3 train[2] k=3  dim=576  frames=90  σ=0.5  fold=4 ===
  OSC: k_hat=3  ACC=0.9667  NMI=0.8979  ARI=0.8982  0.1s

=== P1E_S2_C3 train[3] k=3  dim=576  frames=112  σ=0.5  fold=4 ===
  OSC: k_hat=3  ACC=0.8214  NMI=0.6894  ARI=0.5741  0.2s

=== P1E_S2_C3 train[4] k=3  dim=576  frames=87  σ=0.5  fold=4 ===
  OSC: k_hat=3  ACC=0.6092  NMI=0.6683  ARI=0.4793  0.1s

=== P1E_S2_C3 train[5] k=3  dim=576  frames=105  σ=0.5  fold=4 ===
  OSC: k_hat=3  ACC=0.8571  NMI=0.7129  ARI=0.6594  0.2s

=== P1E_S2_C3 train[6] k=3  dim=576  frames=89  σ=0.5  fold=4 ===
  OSC: k_hat=3  ACC=0.9775  NMI=0.9248  ARI=0.9383  0.1s

=== P1E_S3_C1 train[0] k=3  dim=576  frames=166  σ=0.5  fold=4 ===
  OSC: k_hat=3  ACC=0.5542  NMI=0.5592  ARI=0.3778  0.4s

=== P1E_S3_C1 train[1] k=3  dim=576  frames=139  σ=0.5  fold=4 ===
  OSC: k_hat=3  ACC=0.7266  NMI=0.6971  ARI=0.5474  0.3s

=== P1E_S3_C1 train[2] k=3  dim=576  frames=134  σ=0.5  fold=4 ===
  OSC: k_hat=3  ACC=0.7985  NMI=0.6452  ARI=0.5289  0.3s

=== P1E_S3_C1 train[3] k=3  dim=576  frames=161  σ=0.5  fold=4 ===
  OSC: k_hat=3  ACC=0.7888  NMI=0.7131  ARI=0.5833  0.4s

=== P1E_S3_C1 train[4] k=3  dim=576  frames=123  σ=0.5  fold=4 ===
  OSC: k_hat=3  ACC=0.5122  NMI=0.4251  ARI=0.2437  0.2s

=== P1E_S3_C1 train[5] k=3  dim=576  frames=204  σ=0.5  fold=4 ===
  OSC: k_hat=3  ACC=0.8529  NMI=0.7624  ARI=0.6954  0.5s

=== P1E_S3_C1 train[6] k=3  dim=576  frames=112  σ=0.5  fold=4 ===
  OSC: k_hat=3  ACC=0.5625  NMI=0.6127  ARI=0.4282  0.2s

=== P1E_S3_C2 train[0] k=3  dim=576  frames=147  σ=0.5  fold=4 ===
  OSC: k_hat=3  ACC=0.8639  NMI=0.7374  ARI=0.6181  0.3s

=== P1E_S3_C2 train[1] k=3  dim=576  frames=120  σ=0.5  fold=4 ===
  OSC: k_hat=3  ACC=0.7833  NMI=0.6229  ARI=0.4823  0.2s

=== P1E_S3_C2 train[2] k=3  dim=576  frames=112  σ=0.5  fold=4 ===
  OSC: k_hat=3  ACC=0.9375  NMI=0.8076  ARI=0.8112  0.2s

=== P1E_S3_C2 train[3] k=3  dim=576  frames=168  σ=0.5  fold=4 ===
  OSC: k_hat=3  ACC=0.6845  NMI=0.6149  ARI=0.4244  0.4s

=== P1E_S3_C2 train[4] k=3  dim=576  frames=107  σ=0.5  fold=4 ===
  OSC: k_hat=3  ACC=0.5981  NMI=0.6680  ARI=0.4761  0.2s

=== P1E_S3_C2 train[5] k=3  dim=576  frames=146  σ=0.5  fold=4 ===
  OSC: k_hat=3  ACC=0.8288  NMI=0.7005  ARI=0.5433  0.3s

=== P1E_S3_C2 train[6] k=3  dim=576  frames=114  σ=0.5  fold=4 ===
  OSC: k_hat=3  ACC=0.9825  NMI=0.9333  ARI=0.9468  0.2s

=== P1E_S3_C3 train[0] k=3  dim=576  frames=105  σ=0.5  fold=4 ===
  OSC: k_hat=3  ACC=1.0000  NMI=1.0000  ARI=1.0000  0.2s

=== P1E_S3_C3 train[1] k=3  dim=576  frames=89  σ=0.5  fold=4 ===
  OSC: k_hat=3  ACC=0.9888  NMI=0.9531  ARI=0.9640  0.1s

=== P1E_S3_C3 train[2] k=3  dim=576  frames=84  σ=0.5  fold=4 ===
  OSC: k_hat=3  ACC=0.9881  NMI=0.9525  ARI=0.9657  0.1s

=== P1E_S3_C3 train[3] k=3  dim=576  frames=125  σ=0.5  fold=4 ===
  OSC: k_hat=3  ACC=0.9760  NMI=0.9174  ARI=0.9232  0.2s

=== P1E_S3_C3 train[4] k=3  dim=576  frames=83  σ=0.5  fold=4 ===
  OSC: k_hat=3  ACC=0.9880  NMI=0.9530  ARI=0.9662  0.1s

=== P1E_S3_C3 train[5] k=3  dim=576  frames=129  σ=0.5  fold=4 ===
  OSC: k_hat=3  ACC=0.5349  NMI=0.6553  ARI=0.4505  0.3s

=== P1E_S3_C3 train[6] k=3  dim=576  frames=84  σ=0.5  fold=4 ===
  OSC: k_hat=3  ACC=0.9881  NMI=0.9523  ARI=0.9667  0.1s

=== P1E_S4_C1 train[0] k=3  dim=576  frames=158  σ=0.5  fold=4 ===
  OSC: k_hat=3  ACC=0.8481  NMI=0.7167  ARI=0.5780  0.3s

=== P1E_S4_C1 train[1] k=3  dim=576  frames=107  σ=0.5  fold=4 ===
  OSC: k_hat=3  ACC=1.0000  NMI=1.0000  ARI=1.0000  0.2s

=== P1E_S4_C1 train[2] k=3  dim=576  frames=155  σ=0.5  fold=4 ===
  OSC: k_hat=3  ACC=0.9806  NMI=0.9205  ARI=0.9410  0.3s

=== P1E_S4_C1 train[3] k=3  dim=576  frames=182  σ=0.5  fold=4 ===
  OSC: k_hat=3  ACC=0.8626  NMI=0.7396  ARI=0.6658  0.4s

=== P1E_S4_C1 train[4] k=3  dim=576  frames=133  σ=0.5  fold=4 ===
  OSC: k_hat=3  ACC=0.6466  NMI=0.6651  ARI=0.4918  0.3s

=== P1E_S4_C1 train[5] k=3  dim=576  frames=147  σ=0.5  fold=4 ===
  OSC: k_hat=3  ACC=0.5034  NMI=0.4851  ARI=0.3226  0.3s

=== P1E_S4_C1 train[6] k=3  dim=576  frames=145  σ=0.5  fold=4 ===
  OSC: k_hat=3  ACC=0.9241  NMI=0.8002  ARI=0.8064  0.3s

=== P1E_S4_C2 train[0] k=3  dim=576  frames=117  σ=0.5  fold=4 ===
  OSC: k_hat=3  ACC=0.8803  NMI=0.7482  ARI=0.6947  0.2s

=== P1E_S4_C2 train[1] k=3  dim=576  frames=125  σ=0.5  fold=4 ===
  OSC: k_hat=3  ACC=0.9920  NMI=0.9653  ARI=0.9759  0.2s

=== P1E_S4_C2 train[2] k=3  dim=576  frames=122  σ=0.5  fold=4 ===
  OSC: k_hat=3  ACC=0.9918  NMI=0.9645  ARI=0.9747  0.2s

=== P1E_S4_C2 train[3] k=3  dim=576  frames=126  σ=0.5  fold=4 ===
  OSC: k_hat=3  ACC=0.9762  NMI=0.9043  ARI=0.9252  0.2s

=== P1E_S4_C2 train[4] k=3  dim=576  frames=129  σ=0.5  fold=4 ===
  OSC: k_hat=3  ACC=0.5504  NMI=0.6603  ARI=0.4591  0.3s

=== P1E_S4_C2 train[5] k=3  dim=576  frames=146  σ=0.5  fold=4 ===
  OSC: k_hat=3  ACC=0.6507  NMI=0.5935  ARI=0.4620  0.3s

=== P1E_S4_C2 train[6] k=3  dim=576  frames=110  σ=0.5  fold=4 ===
  OSC: k_hat=3  ACC=0.9909  NMI=0.9623  ARI=0.9753  0.2s

=== P1E_S4_C3 train[0] k=3  dim=576  frames=90  σ=0.5  fold=4 ===
  OSC: k_hat=3  ACC=0.9000  NMI=0.7358  ARI=0.7102  0.1s

=== P1E_S4_C3 train[1] k=3  dim=576  frames=64  σ=0.5  fold=4 ===
  OSC: k_hat=3  ACC=0.9062  NMI=0.7546  ARI=0.7559  0.1s

=== P1E_S4_C3 train[2] k=3  dim=576  frames=85  σ=0.5  fold=4 ===
  OSC: k_hat=3  ACC=0.9765  NMI=0.9220  ARI=0.9313  0.1s

=== P1E_S4_C3 train[3] k=3  dim=576  frames=105  σ=0.5  fold=4 ===
  OSC: k_hat=3  ACC=0.8476  NMI=0.6659  ARI=0.6328  0.2s

=== P1E_S4_C3 train[4] k=3  dim=576  frames=76  σ=0.5  fold=4 ===
  OSC: k_hat=3  ACC=0.9605  NMI=0.8885  ARI=0.8936  0.1s

=== P1E_S4_C3 train[5] k=3  dim=576  frames=106  σ=0.5  fold=4 ===
  OSC: k_hat=3  ACC=0.6887  NMI=0.7100  ARI=0.5700  0.2s

=== P1E_S4_C3 train[6] k=3  dim=576  frames=79  σ=0.5  fold=4 ===
  OSC: k_hat=3  ACC=0.9494  NMI=0.8344  ARI=0.8496  0.1s

=== P1L_S1_C1 train[0] k=3  dim=576  frames=162  σ=0.5  fold=4 ===
  OSC: k_hat=3  ACC=0.9815  NMI=0.9346  ARI=0.9472  0.4s

=== P1L_S1_C1 train[1] k=3  dim=576  frames=170  σ=0.5  fold=4 ===
  OSC: k_hat=3  ACC=0.7176  NMI=0.6567  ARI=0.4543  0.4s

=== P1L_S1_C1 train[2] k=3  dim=576  frames=155  σ=0.5  fold=4 ===
  OSC: k_hat=3  ACC=1.0000  NMI=1.0000  ARI=1.0000  0.3s

=== P1L_S1_C1 train[3] k=3  dim=576  frames=182  σ=0.5  fold=4 ===
  OSC: k_hat=3  ACC=0.9286  NMI=0.8181  ARI=0.8151  0.4s

=== P1L_S1_C1 train[4] k=3  dim=576  frames=166  σ=0.5  fold=4 ===
  OSC: k_hat=3  ACC=1.0000  NMI=1.0000  ARI=1.0000  0.4s

=== P1L_S1_C1 train[5] k=3  dim=576  frames=116  σ=0.5  fold=4 ===
  OSC: k_hat=3  ACC=0.6983  NMI=0.4769  ARI=0.2990  0.2s

=== P1L_S1_C1 train[6] k=3  dim=576  frames=175  σ=0.5  fold=4 ===
  OSC: k_hat=3  ACC=1.0000  NMI=1.0000  ARI=1.0000  0.4s

=== P1L_S1_C2 train[0] k=3  dim=576  frames=186  σ=0.5  fold=4 ===
  OSC: k_hat=3  ACC=0.7688  NMI=0.6813  ARI=0.5085  0.4s

=== P1L_S1_C2 train[1] k=3  dim=576  frames=137  σ=0.5  fold=4 ===
  OSC: k_hat=3  ACC=0.8029  NMI=0.7019  ARI=0.5528  0.3s

=== P1L_S1_C2 train[2] k=3  dim=576  frames=147  σ=0.5  fold=4 ===
  OSC: k_hat=3  ACC=0.8231  NMI=0.6893  ARI=0.5681  0.3s

=== P1L_S1_C2 train[3] k=3  dim=576  frames=181  σ=0.5  fold=4 ===
  OSC: k_hat=3  ACC=0.8343  NMI=0.7285  ARI=0.6043  0.4s

=== P1L_S1_C2 train[4] k=3  dim=576  frames=154  σ=0.5  fold=4 ===
  OSC: k_hat=3  ACC=0.5065  NMI=0.6566  ARI=0.4500  0.3s

=== P1L_S1_C2 train[5] k=3  dim=576  frames=142  σ=0.5  fold=4 ===
  OSC: k_hat=3  ACC=0.8169  NMI=0.6797  ARI=0.5563  0.3s

=== P1L_S1_C2 train[6] k=3  dim=576  frames=168  σ=0.5  fold=4 ===
  OSC: k_hat=3  ACC=0.9821  NMI=0.9264  ARI=0.9498  0.4s

=== P1L_S1_C3 train[0] k=3  dim=576  frames=60  σ=0.5  fold=4 ===
  OSC: k_hat=3  ACC=0.5167  NMI=0.5800  ARI=0.3887  0.1s

=== P1L_S1_C3 train[1] k=3  dim=576  frames=68  σ=0.5  fold=4 ===
  OSC: k_hat=3  ACC=1.0000  NMI=1.0000  ARI=1.0000  0.1s

=== P1L_S1_C3 train[2] k=3  dim=576  frames=65  σ=0.5  fold=4 ===
  OSC: k_hat=3  ACC=0.9231  NMI=0.8192  ARI=0.7746  0.1s

=== P1L_S1_C3 train[3] k=3  dim=576  frames=74  σ=0.5  fold=4 ===
  OSC: k_hat=3  ACC=0.5811  NMI=0.6230  ARI=0.4548  0.1s

=== P1L_S1_C3 train[4] k=3  dim=576  frames=64  σ=0.5  fold=4 ===
  OSC: k_hat=3  ACC=0.8438  NMI=0.6679  ARI=0.6290  0.1s

=== P1L_S1_C3 train[5] k=3  dim=576  frames=63  σ=0.5  fold=4 ===
  OSC: k_hat=3  ACC=0.6349  NMI=0.6083  ARI=0.5013  0.1s

=== P1L_S1_C3 train[6] k=3  dim=576  frames=75  σ=0.5  fold=4 ===
  OSC: k_hat=3  ACC=0.9867  NMI=0.9474  ARI=0.9569  0.1s

=== P1L_S2_C1 train[0] k=3  dim=576  frames=211  σ=0.5  fold=4 ===
  OSC: k_hat=3  ACC=0.8057  NMI=0.7153  ARI=0.5921  0.5s

=== P1L_S2_C1 train[1] k=3  dim=576  frames=190  σ=0.5  fold=4 ===
  OSC: k_hat=3  ACC=0.7211  NMI=0.6714  ARI=0.4890  0.4s

=== P1L_S2_C1 train[2] k=3  dim=576  frames=180  σ=0.5  fold=4 ===
  OSC: k_hat=3  ACC=1.0000  NMI=1.0000  ARI=1.0000  0.4s

=== P1L_S2_C1 train[3] k=3  dim=576  frames=177  σ=0.5  fold=4 ===
  OSC: k_hat=3  ACC=0.7458  NMI=0.7108  ARI=0.5842  0.4s

=== P1L_S2_C1 train[4] k=3  dim=576  frames=179  σ=0.5  fold=4 ===
  OSC: k_hat=3  ACC=0.9888  NMI=0.9558  ARI=0.9703  0.4s

=== P1L_S2_C1 train[5] k=3  dim=576  frames=180  σ=0.5  fold=4 ===
  OSC: k_hat=3  ACC=0.5056  NMI=0.2709  ARI=0.0681  0.4s

=== P1L_S2_C1 train[6] k=3  dim=576  frames=133  σ=0.5  fold=4 ===
  OSC: k_hat=3  ACC=1.0000  NMI=1.0000  ARI=1.0000  0.3s

=== P1L_S2_C2 train[0] k=3  dim=576  frames=194  σ=0.5  fold=4 ===
  OSC: k_hat=3  ACC=0.8041  NMI=0.6646  ARI=0.5092  0.5s

=== P1L_S2_C2 train[1] k=3  dim=576  frames=155  σ=0.5  fold=4 ===
  OSC: k_hat=3  ACC=0.9806  NMI=0.9205  ARI=0.9412  0.3s

=== P1L_S2_C2 train[2] k=3  dim=576  frames=134  σ=0.5  fold=4 ===
  OSC: k_hat=3  ACC=1.0000  NMI=1.0000  ARI=1.0000  0.3s

=== P1L_S2_C2 train[3] k=3  dim=576  frames=186  σ=0.5  fold=4 ===
  OSC: k_hat=3  ACC=0.9570  NMI=0.8560  ARI=0.8853  0.4s

=== P1L_S2_C2 train[4] k=3  dim=576  frames=171  σ=0.5  fold=4 ===
  OSC: k_hat=3  ACC=0.8363  NMI=0.7362  ARI=0.6178  0.4s

=== P1L_S2_C2 train[5] k=3  dim=576  frames=160  σ=0.5  fold=4 ===
  OSC: k_hat=3  ACC=0.6125  NMI=0.6196  ARI=0.4654  0.3s

=== P1L_S2_C2 train[6] k=3  dim=576  frames=154  σ=0.5  fold=4 ===
  OSC: k_hat=3  ACC=0.9870  NMI=0.9414  ARI=0.9655  0.3s

=== P1L_S2_C3 train[0] k=3  dim=576  frames=119  σ=0.5  fold=4 ===
  OSC: k_hat=3  ACC=0.9916  NMI=0.9622  ARI=0.9722  0.2s

=== P1L_S2_C3 train[1] k=3  dim=576  frames=101  σ=0.5  fold=4 ===
  OSC: k_hat=3  ACC=0.8119  NMI=0.7135  ARI=0.5605  0.2s

=== P1L_S2_C3 train[2] k=3  dim=576  frames=85  σ=0.5  fold=4 ===
  OSC: k_hat=3  ACC=0.9882  NMI=0.9505  ARI=0.9597  0.1s

=== P1L_S2_C3 train[3] k=3  dim=576  frames=112  σ=0.5  fold=4 ===
  OSC: k_hat=3  ACC=0.5804  NMI=0.6222  ARI=0.4420  0.2s

=== P1L_S2_C3 train[4] k=3  dim=576  frames=102  σ=0.5  fold=4 ===
  OSC: k_hat=3  ACC=0.5392  NMI=0.6136  ARI=0.4329  0.2s

=== P1L_S2_C3 train[5] k=3  dim=576  frames=121  σ=0.5  fold=4 ===
  OSC: k_hat=3  ACC=0.9091  NMI=0.7880  ARI=0.7781  0.2s

=== P1L_S2_C3 train[6] k=3  dim=576  frames=99  σ=0.5  fold=4 ===
  OSC: k_hat=3  ACC=0.9697  NMI=0.9066  ARI=0.9152  0.2s

=== P1L_S3_C1 train[0] k=3  dim=576  frames=156  σ=0.5  fold=4 ===
  OSC: k_hat=3  ACC=0.4295  NMI=0.2486  ARI=0.0025  0.3s

=== P1L_S3_C1 train[1] k=3  dim=576  frames=120  σ=0.5  fold=4 ===
  OSC: k_hat=3  ACC=0.9583  NMI=0.8759  ARI=0.8691  0.2s

=== P1L_S3_C1 train[2] k=3  dim=576  frames=185  σ=0.5  fold=4 ===
  OSC: k_hat=3  ACC=0.9838  NMI=0.9402  ARI=0.9511  0.4s

=== P1L_S3_C1 train[3] k=3  dim=576  frames=156  σ=0.5  fold=4 ===
  OSC: k_hat=3  ACC=0.6474  NMI=0.6812  ARI=0.5139  0.3s

=== P1L_S3_C1 train[4] k=3  dim=576  frames=172  σ=0.5  fold=4 ===
  OSC: k_hat=3  ACC=0.5349  NMI=0.5671  ARI=0.3882  0.4s

=== P1L_S3_C1 train[5] k=3  dim=576  frames=176  σ=0.5  fold=4 ===
  OSC: k_hat=3  ACC=0.6364  NMI=0.4186  ARI=0.2282  0.4s

=== P1L_S3_C1 train[6] k=3  dim=576  frames=134  σ=0.5  fold=4 ===
  OSC: k_hat=3  ACC=0.9925  NMI=0.9658  ARI=0.9752  0.3s

=== P1L_S3_C2 train[0] k=3  dim=576  frames=185  σ=0.5  fold=4 ===
  OSC: k_hat=3  ACC=0.8595  NMI=0.6704  ARI=0.6228  0.4s

=== P1L_S3_C2 train[1] k=3  dim=576  frames=125  σ=0.5  fold=4 ===
  OSC: k_hat=3  ACC=0.8160  NMI=0.6660  ARI=0.5950  0.2s

=== P1L_S3_C2 train[2] k=3  dim=576  frames=166  σ=0.5  fold=4 ===
  OSC: k_hat=3  ACC=0.9940  NMI=0.9727  ARI=0.9829  0.4s

=== P1L_S3_C2 train[3] k=3  dim=576  frames=209  σ=0.5  fold=4 ===
  OSC: k_hat=3  ACC=0.7321  NMI=0.5271  ARI=0.4184  0.5s

=== P1L_S3_C2 train[4] k=3  dim=576  frames=187  σ=0.5  fold=4 ===
  OSC: k_hat=3  ACC=0.5668  NMI=0.6330  ARI=0.4478  0.4s

=== P1L_S3_C2 train[5] k=3  dim=576  frames=229  σ=0.5  fold=4 ===
  OSC: k_hat=3  ACC=0.5197  NMI=0.5359  ARI=0.3597  0.6s

=== P1L_S3_C2 train[6] k=3  dim=576  frames=136  σ=0.5  fold=4 ===
  OSC: k_hat=3  ACC=0.9559  NMI=0.8746  ARI=0.8649  0.3s

=== P1L_S3_C3 train[0] k=3  dim=576  frames=151  σ=0.5  fold=4 ===
  OSC: k_hat=3  ACC=0.9934  NMI=0.9670  ARI=0.9779  0.3s

=== P1L_S3_C3 train[1] k=3  dim=576  frames=118  σ=0.5  fold=4 ===
  OSC: k_hat=3  ACC=0.8983  NMI=0.7946  ARI=0.7354  0.2s

=== P1L_S3_C3 train[2] k=3  dim=576  frames=121  σ=0.5  fold=4 ===
  OSC: k_hat=3  ACC=1.0000  NMI=1.0000  ARI=1.0000  0.2s

=== P1L_S3_C3 train[3] k=3  dim=576  frames=142  σ=0.5  fold=4 ===
  OSC: k_hat=3  ACC=0.7958  NMI=0.6968  ARI=0.5429  0.3s

=== P1L_S3_C3 train[4] k=3  dim=576  frames=110  σ=0.5  fold=4 ===
  OSC: k_hat=3  ACC=0.8545  NMI=0.7206  ARI=0.6421  0.2s

=== P1L_S3_C3 train[5] k=3  dim=576  frames=161  σ=0.5  fold=4 ===
  OSC: k_hat=3  ACC=0.8323  NMI=0.7023  ARI=0.6433  0.3s

=== P1L_S3_C3 train[6] k=3  dim=576  frames=114  σ=0.5  fold=4 ===
  OSC: k_hat=3  ACC=0.9912  NMI=0.9630  ARI=0.9763  0.2s

=== P1L_S4_C1 train[0] k=3  dim=576  frames=200  σ=0.5  fold=4 ===
  OSC: k_hat=3  ACC=0.7350  NMI=0.6902  ARI=0.5295  0.4s

=== P1L_S4_C1 train[1] k=3  dim=576  frames=157  σ=0.5  fold=4 ===
  OSC: k_hat=3  ACC=0.9427  NMI=0.8473  ARI=0.8370  0.3s

=== P1L_S4_C1 train[2] k=3  dim=576  frames=154  σ=0.5  fold=4 ===
  OSC: k_hat=3  ACC=1.0000  NMI=1.0000  ARI=1.0000  0.3s

=== P1L_S4_C1 train[3] k=3  dim=576  frames=168  σ=0.5  fold=4 ===
  OSC: k_hat=3  ACC=0.8036  NMI=0.5966  ARI=0.5068  0.3s

=== P1L_S4_C1 train[4] k=3  dim=576  frames=164  σ=0.5  fold=4 ===
  OSC: k_hat=3  ACC=0.9573  NMI=0.8816  ARI=0.8804  0.3s

=== P1L_S4_C1 train[5] k=3  dim=576  frames=187  σ=0.5  fold=4 ===
  OSC: k_hat=3  ACC=0.7112  NMI=0.7014  ARI=0.5657  0.4s

=== P1L_S4_C1 train[6] k=3  dim=576  frames=202  σ=0.5  fold=4 ===
  OSC: k_hat=3  ACC=0.9901  NMI=0.9593  ARI=0.9706  0.4s

=== P1L_S4_C2 train[0] k=3  dim=576  frames=157  σ=0.5  fold=4 ===
  OSC: k_hat=3  ACC=0.7771  NMI=0.6675  ARI=0.4827  0.3s

=== P1L_S4_C2 train[1] k=3  dim=576  frames=149  σ=0.5  fold=4 ===
  OSC: k_hat=3  ACC=0.9329  NMI=0.8326  ARI=0.7976  0.3s

=== P1L_S4_C2 train[2] k=3  dim=576  frames=175  σ=0.5  fold=4 ===
  OSC: k_hat=3  ACC=1.0000  NMI=1.0000  ARI=1.0000  0.4s

=== P1L_S4_C2 train[3] k=3  dim=576  frames=168  σ=0.5  fold=4 ===
  OSC: k_hat=3  ACC=0.8571  NMI=0.7125  ARI=0.6257  0.3s

=== P1L_S4_C2 train[4] k=3  dim=576  frames=152  σ=0.5  fold=4 ===
  OSC: k_hat=3  ACC=0.8618  NMI=0.7611  ARI=0.6804  0.3s

=== P1L_S4_C2 train[5] k=3  dim=576  frames=169  σ=0.5  fold=4 ===
  OSC: k_hat=3  ACC=0.9231  NMI=0.8310  ARI=0.8239  0.3s

=== P1L_S4_C2 train[6] k=3  dim=576  frames=153  σ=0.5  fold=4 ===
  OSC: k_hat=3  ACC=0.9804  NMI=0.9192  ARI=0.9446  0.3s

=== P1L_S4_C3 train[0] k=3  dim=576  frames=96  σ=0.5  fold=4 ===
  OSC: k_hat=3  ACC=0.7292  NMI=0.6696  ARI=0.4804  0.1s

=== P1L_S4_C3 train[1] k=3  dim=576  frames=107  σ=0.5  fold=4 ===
  OSC: k_hat=3  ACC=1.0000  NMI=1.0000  ARI=1.0000  0.2s

=== P1L_S4_C3 train[2] k=3  dim=576  frames=94  σ=0.5  fold=4 ===
  OSC: k_hat=3  ACC=1.0000  NMI=1.0000  ARI=1.0000  0.1s

=== P1L_S4_C3 train[3] k=3  dim=576  frames=117  σ=0.5  fold=4 ===
  OSC: k_hat=3  ACC=0.6154  NMI=0.5622  ARI=0.4143  0.2s

=== P1L_S4_C3 train[4] k=3  dim=576  frames=103  σ=0.5  fold=4 ===
  OSC: k_hat=3  ACC=0.5922  NMI=0.6512  ARI=0.4530  0.2s

=== P1L_S4_C3 train[5] k=3  dim=576  frames=105  σ=0.5  fold=4 ===
  OSC: k_hat=3  ACC=0.5333  NMI=0.6115  ARI=0.4223  0.2s

=== P1L_S4_C3 train[6] k=3  dim=576  frames=107  σ=0.5  fold=4 ===
  OSC: k_hat=3  ACC=0.9813  NMI=0.9338  ARI=0.9463  0.2s

=== P1E_S1_C1 test[0] k=3  dim=576  frames=157  σ=0.5  fold=4 ===
  OSC: k_hat=3  ACC=0.5860  NMI=0.6627  ARI=0.4681  0.3s

=== P1E_S1_C2 test[0] k=3  dim=576  frames=113  σ=0.5  fold=4 ===
  OSC: k_hat=3  ACC=0.4690  NMI=0.3839  ARI=0.1885  0.2s

=== P1E_S1_C3 test[0] k=3  dim=576  frames=37  σ=0.5  fold=4 ===
  OSC: k_hat=3  ACC=0.4054  NMI=0.0778  ARI=-0.0149  0.0s

=== P1E_S2_C1 test[0] k=3  dim=576  frames=149  σ=0.5  fold=4 ===
  OSC: k_hat=3  ACC=0.5839  NMI=0.6691  ARI=0.4776  0.3s

=== P1E_S2_C2 test[0] k=3  dim=576  frames=124  σ=0.5  fold=4 ===
  OSC: k_hat=3  ACC=0.9516  NMI=0.8652  ARI=0.8503  0.2s

=== P1E_S2_C3 test[0] k=3  dim=576  frames=99  σ=0.5  fold=4 ===
  OSC: k_hat=3  ACC=0.8788  NMI=0.7738  ARI=0.7012  0.1s

=== P1E_S3_C1 test[0] k=3  dim=576  frames=168  σ=0.5  fold=4 ===
  OSC: k_hat=3  ACC=0.8571  NMI=0.7396  ARI=0.6204  0.3s

=== P1E_S3_C2 test[0] k=3  dim=576  frames=169  σ=0.5  fold=4 ===
  OSC: k_hat=3  ACC=0.9704  NMI=0.8862  ARI=0.9095  0.3s

=== P1E_S3_C3 test[0] k=3  dim=576  frames=128  σ=0.5  fold=4 ===
  OSC: k_hat=3  ACC=0.7031  NMI=0.6354  ARI=0.5070  0.2s

=== P1E_S4_C1 test[0] k=3  dim=576  frames=180  σ=0.5  fold=4 ===
  OSC: k_hat=3  ACC=0.6778  NMI=0.6859  ARI=0.5257  0.3s

=== P1E_S4_C2 test[0] k=3  dim=576  frames=140  σ=0.5  fold=4 ===
  OSC: k_hat=3  ACC=0.9786  NMI=0.9234  ARI=0.9323  0.2s

=== P1E_S4_C3 test[0] k=3  dim=576  frames=87  σ=0.5  fold=4 ===
  OSC: k_hat=3  ACC=0.8621  NMI=0.7028  ARI=0.6543  0.1s

=== P1L_S1_C1 test[0] k=3  dim=576  frames=198  σ=0.5  fold=4 ===
  OSC: k_hat=3  ACC=0.7273  NMI=0.6733  ARI=0.5345  0.4s

=== P1L_S1_C2 test[0] k=3  dim=576  frames=128  σ=0.5  fold=4 ===
  OSC: k_hat=3  ACC=0.5625  NMI=0.6666  ARI=0.4689  0.2s

=== P1L_S1_C3 test[0] k=3  dim=576  frames=73  σ=0.5  fold=4 ===
  OSC: k_hat=3  ACC=0.6301  NMI=0.6672  ARI=0.4815  0.1s

=== P1L_S2_C1 test[0] k=3  dim=576  frames=172  σ=0.5  fold=4 ===
  OSC: k_hat=3  ACC=0.9767  NMI=0.9235  ARI=0.9437  0.4s

=== P1L_S2_C2 test[0] k=3  dim=576  frames=201  σ=0.5  fold=4 ===
  OSC: k_hat=3  ACC=0.9353  NMI=0.8177  ARI=0.8156  0.4s

=== P1L_S2_C3 test[0] k=3  dim=576  frames=126  σ=0.5  fold=4 ===
  OSC: k_hat=3  ACC=0.8651  NMI=0.7610  ARI=0.6671  0.2s

=== P1L_S3_C1 test[0] k=3  dim=576  frames=159  σ=0.5  fold=4 ===
  OSC: k_hat=3  ACC=0.9245  NMI=0.7727  ARI=0.7932  0.3s

=== P1L_S3_C2 test[0] k=3  dim=576  frames=168  σ=0.5  fold=4 ===
  OSC: k_hat=3  ACC=0.9940  NMI=0.9727  ARI=0.9864  0.3s

=== P1L_S3_C3 test[0] k=3  dim=576  frames=134  σ=0.5  fold=4 ===
  OSC: k_hat=3  ACC=0.8507  NMI=0.7327  ARI=0.6091  0.2s

=== P1L_S4_C1 test[0] k=3  dim=576  frames=142  σ=0.5  fold=4 ===
  OSC: k_hat=3  ACC=0.8239  NMI=0.7118  ARI=0.6336  0.3s

=== P1L_S4_C2 test[0] k=3  dim=576  frames=154  σ=0.5  fold=4 ===
  OSC: k_hat=3  ACC=0.8312  NMI=0.6938  ARI=0.5628  0.3s

=== P1L_S4_C3 test[0] k=3  dim=576  frames=112  σ=0.5  fold=4 ===
  OSC: k_hat=3  ACC=0.7857  NMI=0.7122  ARI=0.5675  0.2s
  tune_pool_groups=20: sampling from 22 held-in people (overlap allowed) instead of the 7 fixed partition group(s)

============================================================
σ=0.5 fold=5  test=['0015', '0016', '0021']  train mats=168  test mats=24  tune mats=480
  --- tune OSC over 480 train mats  n_trials=20 (2 params) ---
  OSC trial 0: mean ARI=0.7057  n=480  131.7s  lambda_1=0.1, lambda_2=0.1
  OSC trial 1: mean ARI=0.6682  n=480  126.9s  lambda_1=0.1568, lambda_2=0.7257
  OSC trial 2: mean ARI=0.5747  n=480  126.0s  lambda_1=0.2577, lambda_2=0.1512
  OSC trial 3: mean ARI=0.7318  n=480  126.1s  lambda_1=0.0495, lambda_2=0.3833
  OSC trial 4: mean ARI=0.7284  n=480  128.0s  lambda_1=0.05628, lambda_2=3.691
  OSC trial 5: mean ARI=0.0029  n=480  128.1s  lambda_1=7.156, lambda_2=0.03418
  OSC trial 6: mean ARI=0.0029  n=480  127.4s  lambda_1=1.469, lambda_2=0.1305
  OSC trial 7: mean ARI=0.6403  n=480  128.8s  lambda_1=0.1871, lambda_2=5.039
  OSC trial 8: mean ARI=0.6234  n=480  138.6s  lambda_1=0.001924, lambda_2=0.002231
  OSC trial 9: mean ARI=0.7267  n=480  129.8s  lambda_1=0.001205, lambda_2=2.14
  OSC trial 10: mean ARI=0.6527  n=480  136.7s  lambda_1=0.01165, lambda_2=0.001662
  OSC trial 11: mean ARI=0.7353  n=480  130.1s  lambda_1=0.01856, lambda_2=0.9349
  OSC trial 12: mean ARI=0.7372  n=480  129.7s  lambda_1=0.01288, lambda_2=0.5626
  OSC trial 13: mean ARI=0.7327  n=480  129.2s  lambda_1=0.007366, lambda_2=1.183
  OSC trial 14: mean ARI=0.6741  n=480  136.6s  lambda_1=0.01544, lambda_2=0.01419
  OSC trial 15: mean ARI=0.7336  n=480  129.2s  lambda_1=0.006295, lambda_2=8.24
  OSC trial 16: mean ARI=0.7363  n=480  129.9s  lambda_1=0.02491, lambda_2=0.4103
  OSC trial 17: mean ARI=0.7301  n=480  128.3s  lambda_1=0.004008, lambda_2=0.3126
  OSC trial 18: mean ARI=0.3231  n=480  126.0s  lambda_1=0.46, lambda_2=0.02409
  OSC trial 19: mean ARI=0.7027  n=480  138.4s  lambda_1=0.03691, lambda_2=0.007987
    best mean ARI=0.7372  tune 2605.5s  lambda_1=0.01288, lambda_2=0.5626
  wrote /nfs/turbo/umms-minjilab/lpullela/icassp_ssc_tv2/block_ssc_benchmark/cv/params/surveillance/split_k3_sigmas_min30_trials20_params_knownk_cv_osc_k3_sigma0p5_sigma0.5_fold5.json

=== P1E_S1_C1 train[0] k=3  dim=576  frames=146  σ=0.5  fold=5 ===
  OSC: k_hat=3  ACC=0.9110  NMI=0.7893  ARI=0.7246  0.3s

=== P1E_S1_C1 train[1] k=3  dim=576  frames=153  σ=0.5  fold=5 ===
  OSC: k_hat=3  ACC=0.9739  NMI=0.9153  ARI=0.9230  0.3s

=== P1E_S1_C1 train[2] k=3  dim=576  frames=130  σ=0.5  fold=5 ===
  OSC: k_hat=3  ACC=1.0000  NMI=1.0000  ARI=1.0000  0.3s

=== P1E_S1_C1 train[3] k=3  dim=576  frames=140  σ=0.5  fold=5 ===
  OSC: k_hat=3  ACC=0.9000  NMI=0.7798  ARI=0.7028  0.3s

=== P1E_S1_C1 train[4] k=3  dim=576  frames=157  σ=0.5  fold=5 ===
  OSC: k_hat=3  ACC=0.5860  NMI=0.6627  ARI=0.4681  0.3s

=== P1E_S1_C1 train[5] k=3  dim=576  frames=140  σ=0.5  fold=5 ===
  OSC: k_hat=3  ACC=0.8571  NMI=0.7606  ARI=0.6745  0.3s

=== P1E_S1_C1 train[6] k=3  dim=576  frames=171  σ=0.5  fold=5 ===
  OSC: k_hat=3  ACC=0.9825  NMI=0.9271  ARI=0.9493  0.4s

=== P1E_S1_C2 train[0] k=3  dim=576  frames=147  σ=0.5  fold=5 ===
  OSC: k_hat=3  ACC=0.9524  NMI=0.8375  ARI=0.8562  0.3s

=== P1E_S1_C2 train[1] k=3  dim=576  frames=115  σ=0.5  fold=5 ===
  OSC: k_hat=3  ACC=0.9652  NMI=0.8758  ARI=0.8915  0.2s

=== P1E_S1_C2 train[2] k=3  dim=576  frames=104  σ=0.5  fold=5 ===
  OSC: k_hat=3  ACC=1.0000  NMI=1.0000  ARI=1.0000  0.2s

=== P1E_S1_C2 train[3] k=3  dim=576  frames=138  σ=0.5  fold=5 ===
  OSC: k_hat=3  ACC=0.6087  NMI=0.5813  ARI=0.4203  0.3s

=== P1E_S1_C2 train[4] k=3  dim=576  frames=113  σ=0.5  fold=5 ===
  OSC: k_hat=3  ACC=0.4690  NMI=0.3839  ARI=0.1885  0.2s

=== P1E_S1_C2 train[5] k=3  dim=576  frames=122  σ=0.5  fold=5 ===
  OSC: k_hat=3  ACC=0.9590  NMI=0.8854  ARI=0.8916  0.2s

=== P1E_S1_C2 train[6] k=3  dim=576  frames=134  σ=0.5  fold=5 ===
  OSC: k_hat=3  ACC=0.9851  NMI=0.9443  ARI=0.9564  0.3s

=== P1E_S1_C3 train[0] k=3  dim=576  frames=58  σ=0.5  fold=5 ===
  OSC: k_hat=3  ACC=0.8793  NMI=0.7027  ARI=0.6493  0.1s

=== P1E_S1_C3 train[1] k=3  dim=576  frames=56  σ=0.5  fold=5 ===
  OSC: k_hat=3  ACC=1.0000  NMI=1.0000  ARI=1.0000  0.1s

=== P1E_S1_C3 train[2] k=3  dim=576  frames=47  σ=0.5  fold=5 ===
  OSC: k_hat=3  ACC=1.0000  NMI=1.0000  ARI=1.0000  0.1s

=== P1E_S1_C3 train[3] k=3  dim=576  frames=61  σ=0.5  fold=5 ===
  OSC: k_hat=3  ACC=0.7213  NMI=0.6858  ARI=0.6370  0.1s

=== P1E_S1_C3 train[4] k=3  dim=576  frames=37  σ=0.5  fold=5 ===
  OSC: k_hat=3  ACC=0.4054  NMI=0.0778  ARI=-0.0149  0.1s

=== P1E_S1_C3 train[5] k=3  dim=576  frames=51  σ=0.5  fold=5 ===
  OSC: k_hat=3  ACC=0.6078  NMI=0.5486  ARI=0.4099  0.1s

=== P1E_S1_C3 train[6] k=3  dim=576  frames=69  σ=0.5  fold=5 ===
  OSC: k_hat=3  ACC=0.9130  NMI=0.7638  ARI=0.7540  0.1s

=== P1E_S2_C1 train[0] k=3  dim=576  frames=167  σ=0.5  fold=5 ===
  OSC: k_hat=3  ACC=0.8802  NMI=0.7540  ARI=0.6943  0.4s

=== P1E_S2_C1 train[1] k=3  dim=576  frames=151  σ=0.5  fold=5 ===
  OSC: k_hat=3  ACC=0.7417  NMI=0.6109  ARI=0.5054  0.3s

=== P1E_S2_C1 train[2] k=3  dim=576  frames=136  σ=0.5  fold=5 ===
  OSC: k_hat=3  ACC=0.8897  NMI=0.7826  ARI=0.7148  0.3s

=== P1E_S2_C1 train[3] k=3  dim=576  frames=180  σ=0.5  fold=5 ===
  OSC: k_hat=3  ACC=0.5500  NMI=0.6138  ARI=0.4390  0.4s

=== P1E_S2_C1 train[4] k=3  dim=576  frames=149  σ=0.5  fold=5 ===
  OSC: k_hat=3  ACC=0.5839  NMI=0.6691  ARI=0.4776  0.3s

=== P1E_S2_C1 train[5] k=3  dim=576  frames=161  σ=0.5  fold=5 ===
  OSC: k_hat=3  ACC=0.7950  NMI=0.6918  ARI=0.5769  0.3s

=== P1E_S2_C1 train[6] k=3  dim=576  frames=153  σ=0.5  fold=5 ===
  OSC: k_hat=3  ACC=0.9673  NMI=0.8871  ARI=0.9080  0.3s

=== P1E_S2_C2 train[0] k=3  dim=576  frames=146  σ=0.5  fold=5 ===
  OSC: k_hat=3  ACC=0.8973  NMI=0.7281  ARI=0.7220  0.3s

=== P1E_S2_C2 train[1] k=3  dim=576  frames=115  σ=0.5  fold=5 ===
  OSC: k_hat=3  ACC=0.9826  NMI=0.9253  ARI=0.9458  0.2s

=== P1E_S2_C2 train[2] k=3  dim=576  frames=109  σ=0.5  fold=5 ===
  OSC: k_hat=3  ACC=1.0000  NMI=1.0000  ARI=1.0000  0.2s

=== P1E_S2_C2 train[3] k=3  dim=576  frames=144  σ=0.5  fold=5 ===
  OSC: k_hat=3  ACC=0.7847  NMI=0.5923  ARI=0.4948  0.3s

=== P1E_S2_C2 train[4] k=3  dim=576  frames=124  σ=0.5  fold=5 ===
  OSC: k_hat=3  ACC=0.9516  NMI=0.8652  ARI=0.8503  0.2s

=== P1E_S2_C2 train[5] k=3  dim=576  frames=128  σ=0.5  fold=5 ===
  OSC: k_hat=3  ACC=0.8828  NMI=0.7831  ARI=0.7188  0.2s

=== P1E_S2_C2 train[6] k=3  dim=576  frames=126  σ=0.5  fold=5 ===
  OSC: k_hat=3  ACC=0.9603  NMI=0.8862  ARI=0.8879  0.2s

=== P1E_S2_C3 train[0] k=3  dim=576  frames=113  σ=0.5  fold=5 ===
  OSC: k_hat=3  ACC=0.9646  NMI=0.8905  ARI=0.8869  0.2s

=== P1E_S2_C3 train[1] k=3  dim=576  frames=88  σ=0.5  fold=5 ===
  OSC: k_hat=3  ACC=1.0000  NMI=1.0000  ARI=1.0000  0.1s

=== P1E_S2_C3 train[2] k=3  dim=576  frames=90  σ=0.5  fold=5 ===
  OSC: k_hat=3  ACC=0.9667  NMI=0.8979  ARI=0.8982  0.2s

=== P1E_S2_C3 train[3] k=3  dim=576  frames=112  σ=0.5  fold=5 ===
  OSC: k_hat=3  ACC=0.8214  NMI=0.6894  ARI=0.5741  0.2s

=== P1E_S2_C3 train[4] k=3  dim=576  frames=99  σ=0.5  fold=5 ===
  OSC: k_hat=3  ACC=0.8788  NMI=0.7738  ARI=0.7012  0.2s

=== P1E_S2_C3 train[5] k=3  dim=576  frames=105  σ=0.5  fold=5 ===
  OSC: k_hat=3  ACC=0.8571  NMI=0.7129  ARI=0.6594  0.2s

=== P1E_S2_C3 train[6] k=3  dim=576  frames=89  σ=0.5  fold=5 ===
  OSC: k_hat=3  ACC=0.9775  NMI=0.9248  ARI=0.9383  0.1s

=== P1E_S3_C1 train[0] k=3  dim=576  frames=166  σ=0.5  fold=5 ===
  OSC: k_hat=3  ACC=0.5542  NMI=0.5592  ARI=0.3778  0.4s

=== P1E_S3_C1 train[1] k=3  dim=576  frames=139  σ=0.5  fold=5 ===
  OSC: k_hat=3  ACC=0.7266  NMI=0.6971  ARI=0.5474  0.3s

=== P1E_S3_C1 train[2] k=3  dim=576  frames=134  σ=0.5  fold=5 ===
  OSC: k_hat=3  ACC=0.7985  NMI=0.6452  ARI=0.5289  0.3s

=== P1E_S3_C1 train[3] k=3  dim=576  frames=161  σ=0.5  fold=5 ===
  OSC: k_hat=3  ACC=0.7888  NMI=0.7131  ARI=0.5833  0.3s

=== P1E_S3_C1 train[4] k=3  dim=576  frames=168  σ=0.5  fold=5 ===
  OSC: k_hat=3  ACC=0.8571  NMI=0.7396  ARI=0.6204  0.4s

=== P1E_S3_C1 train[5] k=3  dim=576  frames=204  σ=0.5  fold=5 ===
  OSC: k_hat=3  ACC=0.8529  NMI=0.7624  ARI=0.6954  0.5s

=== P1E_S3_C1 train[6] k=3  dim=576  frames=112  σ=0.5  fold=5 ===
  OSC: k_hat=3  ACC=0.5625  NMI=0.6127  ARI=0.4282  0.2s

=== P1E_S3_C2 train[0] k=3  dim=576  frames=147  σ=0.5  fold=5 ===
  OSC: k_hat=3  ACC=0.8639  NMI=0.7374  ARI=0.6181  0.3s

=== P1E_S3_C2 train[1] k=3  dim=576  frames=120  σ=0.5  fold=5 ===
  OSC: k_hat=3  ACC=0.7833  NMI=0.6229  ARI=0.4823  0.2s

=== P1E_S3_C2 train[2] k=3  dim=576  frames=112  σ=0.5  fold=5 ===
  OSC: k_hat=3  ACC=0.9375  NMI=0.8076  ARI=0.8112  0.2s

=== P1E_S3_C2 train[3] k=3  dim=576  frames=168  σ=0.5  fold=5 ===
  OSC: k_hat=3  ACC=0.8095  NMI=0.6440  ARI=0.5610  0.4s

=== P1E_S3_C2 train[4] k=3  dim=576  frames=169  σ=0.5  fold=5 ===
  OSC: k_hat=3  ACC=0.9704  NMI=0.8862  ARI=0.9095  0.4s

=== P1E_S3_C2 train[5] k=3  dim=576  frames=146  σ=0.5  fold=5 ===
  OSC: k_hat=3  ACC=0.8288  NMI=0.7005  ARI=0.5433  0.3s

=== P1E_S3_C2 train[6] k=3  dim=576  frames=114  σ=0.5  fold=5 ===
  OSC: k_hat=3  ACC=0.9825  NMI=0.9333  ARI=0.9468  0.2s

=== P1E_S3_C3 train[0] k=3  dim=576  frames=105  σ=0.5  fold=5 ===
  OSC: k_hat=3  ACC=1.0000  NMI=1.0000  ARI=1.0000  0.2s

=== P1E_S3_C3 train[1] k=3  dim=576  frames=89  σ=0.5  fold=5 ===
  OSC: k_hat=3  ACC=0.9775  NMI=0.9068  ARI=0.9289  0.2s

=== P1E_S3_C3 train[2] k=3  dim=576  frames=84  σ=0.5  fold=5 ===
  OSC: k_hat=3  ACC=0.9881  NMI=0.9525  ARI=0.9657  0.1s

=== P1E_S3_C3 train[3] k=3  dim=576  frames=125  σ=0.5  fold=5 ===
  OSC: k_hat=3  ACC=0.9760  NMI=0.9174  ARI=0.9232  0.2s

=== P1E_S3_C3 train[4] k=3  dim=576  frames=128  σ=0.5  fold=5 ===
  OSC: k_hat=3  ACC=0.7031  NMI=0.6354  ARI=0.5070  0.2s

=== P1E_S3_C3 train[5] k=3  dim=576  frames=129  σ=0.5  fold=5 ===
  OSC: k_hat=3  ACC=0.5349  NMI=0.6553  ARI=0.4505  0.3s

=== P1E_S3_C3 train[6] k=3  dim=576  frames=84  σ=0.5  fold=5 ===
  OSC: k_hat=3  ACC=0.9881  NMI=0.9523  ARI=0.9667  0.1s

=== P1E_S4_C1 train[0] k=3  dim=576  frames=158  σ=0.5  fold=5 ===
  OSC: k_hat=3  ACC=0.8481  NMI=0.7167  ARI=0.5780  0.3s

=== P1E_S4_C1 train[1] k=3  dim=576  frames=107  σ=0.5  fold=5 ===
  OSC: k_hat=3  ACC=0.9252  NMI=0.8316  ARI=0.8062  0.2s

=== P1E_S4_C1 train[2] k=3  dim=576  frames=155  σ=0.5  fold=5 ===
  OSC: k_hat=3  ACC=0.8774  NMI=0.7707  ARI=0.6882  0.3s

=== P1E_S4_C1 train[3] k=3  dim=576  frames=182  σ=0.5  fold=5 ===
  OSC: k_hat=3  ACC=0.8626  NMI=0.7396  ARI=0.6658  0.4s

=== P1E_S4_C1 train[4] k=3  dim=576  frames=180  σ=0.5  fold=5 ===
  OSC: k_hat=3  ACC=0.6778  NMI=0.6859  ARI=0.5257  0.4s

=== P1E_S4_C1 train[5] k=3  dim=576  frames=147  σ=0.5  fold=5 ===
  OSC: k_hat=3  ACC=0.5034  NMI=0.4851  ARI=0.3226  0.3s

=== P1E_S4_C1 train[6] k=3  dim=576  frames=145  σ=0.5  fold=5 ===
  OSC: k_hat=3  ACC=0.9241  NMI=0.8002  ARI=0.8064  0.3s

=== P1E_S4_C2 train[0] k=3  dim=576  frames=117  σ=0.5  fold=5 ===
  OSC: k_hat=3  ACC=0.8803  NMI=0.7482  ARI=0.6947  0.2s

=== P1E_S4_C2 train[1] k=3  dim=576  frames=125  σ=0.5  fold=5 ===
  OSC: k_hat=3  ACC=0.9920  NMI=0.9653  ARI=0.9759  0.2s

=== P1E_S4_C2 train[2] k=3  dim=576  frames=122  σ=0.5  fold=5 ===
  OSC: k_hat=3  ACC=0.9918  NMI=0.9645  ARI=0.9747  0.2s

=== P1E_S4_C2 train[3] k=3  dim=576  frames=126  σ=0.5  fold=5 ===
  OSC: k_hat=3  ACC=0.9762  NMI=0.9043  ARI=0.9252  0.2s

=== P1E_S4_C2 train[4] k=3  dim=576  frames=140  σ=0.5  fold=5 ===
  OSC: k_hat=3  ACC=0.9786  NMI=0.9234  ARI=0.9323  0.3s

=== P1E_S4_C2 train[5] k=3  dim=576  frames=146  σ=0.5  fold=5 ===
  OSC: k_hat=3  ACC=0.6507  NMI=0.5935  ARI=0.4620  0.3s

=== P1E_S4_C2 train[6] k=3  dim=576  frames=110  σ=0.5  fold=5 ===
  OSC: k_hat=3  ACC=0.9909  NMI=0.9623  ARI=0.9753  0.2s

=== P1E_S4_C3 train[0] k=3  dim=576  frames=90  σ=0.5  fold=5 ===
  OSC: k_hat=3  ACC=0.9000  NMI=0.7358  ARI=0.7102  0.2s

=== P1E_S4_C3 train[1] k=3  dim=576  frames=64  σ=0.5  fold=5 ===
  OSC: k_hat=3  ACC=0.9062  NMI=0.7546  ARI=0.7559  0.1s

=== P1E_S4_C3 train[2] k=3  dim=576  frames=85  σ=0.5  fold=5 ===
  OSC: k_hat=3  ACC=0.9765  NMI=0.9220  ARI=0.9313  0.1s

=== P1E_S4_C3 train[3] k=3  dim=576  frames=105  σ=0.5  fold=5 ===
  OSC: k_hat=3  ACC=0.8476  NMI=0.6659  ARI=0.6328  0.2s

=== P1E_S4_C3 train[4] k=3  dim=576  frames=87  σ=0.5  fold=5 ===
  OSC: k_hat=3  ACC=0.8621  NMI=0.7028  ARI=0.6543  0.1s

=== P1E_S4_C3 train[5] k=3  dim=576  frames=106  σ=0.5  fold=5 ===
  OSC: k_hat=3  ACC=0.6887  NMI=0.7100  ARI=0.5700  0.2s

=== P1E_S4_C3 train[6] k=3  dim=576  frames=79  σ=0.5  fold=5 ===
  OSC: k_hat=3  ACC=0.9494  NMI=0.8344  ARI=0.8496  0.1s

=== P1L_S1_C1 train[0] k=3  dim=576  frames=162  σ=0.5  fold=5 ===
  OSC: k_hat=3  ACC=0.9815  NMI=0.9346  ARI=0.9472  0.3s

=== P1L_S1_C1 train[1] k=3  dim=576  frames=170  σ=0.5  fold=5 ===
  OSC: k_hat=3  ACC=0.7118  NMI=0.6551  ARI=0.4519  0.4s

=== P1L_S1_C1 train[2] k=3  dim=576  frames=155  σ=0.5  fold=5 ===
  OSC: k_hat=3  ACC=1.0000  NMI=1.0000  ARI=1.0000  0.3s

=== P1L_S1_C1 train[3] k=3  dim=576  frames=182  σ=0.5  fold=5 ===
  OSC: k_hat=3  ACC=0.9341  NMI=0.8430  ARI=0.8290  0.4s

=== P1L_S1_C1 train[4] k=3  dim=576  frames=198  σ=0.5  fold=5 ===
  OSC: k_hat=3  ACC=0.7323  NMI=0.6955  ARI=0.5444  0.5s

=== P1L_S1_C1 train[5] k=3  dim=576  frames=116  σ=0.5  fold=5 ===
  OSC: k_hat=3  ACC=0.6983  NMI=0.4769  ARI=0.2990  0.2s

=== P1L_S1_C1 train[6] k=3  dim=576  frames=175  σ=0.5  fold=5 ===
  OSC: k_hat=3  ACC=1.0000  NMI=1.0000  ARI=1.0000  0.4s

=== P1L_S1_C2 train[0] k=3  dim=576  frames=186  σ=0.5  fold=5 ===
  OSC: k_hat=3  ACC=0.7688  NMI=0.6813  ARI=0.5085  0.4s

=== P1L_S1_C2 train[1] k=3  dim=576  frames=137  σ=0.5  fold=5 ===
  OSC: k_hat=3  ACC=0.8029  NMI=0.7019  ARI=0.5528  0.3s

=== P1L_S1_C2 train[2] k=3  dim=576  frames=147  σ=0.5  fold=5 ===
  OSC: k_hat=3  ACC=0.8231  NMI=0.6893  ARI=0.5681  0.3s

=== P1L_S1_C2 train[3] k=3  dim=576  frames=181  σ=0.5  fold=5 ===
  OSC: k_hat=3  ACC=0.8287  NMI=0.7033  ARI=0.5931  0.4s

=== P1L_S1_C2 train[4] k=3  dim=576  frames=128  σ=0.5  fold=5 ===
  OSC: k_hat=3  ACC=0.5625  NMI=0.6666  ARI=0.4689  0.2s

=== P1L_S1_C2 train[5] k=3  dim=576  frames=142  σ=0.5  fold=5 ===
  OSC: k_hat=3  ACC=0.8239  NMI=0.7102  ARI=0.5692  0.3s

=== P1L_S1_C2 train[6] k=3  dim=576  frames=168  σ=0.5  fold=5 ===
  OSC: k_hat=3  ACC=0.8571  NMI=0.7422  ARI=0.6904  0.4s

=== P1L_S1_C3 train[0] k=3  dim=576  frames=60  σ=0.5  fold=5 ===
  OSC: k_hat=3  ACC=0.5333  NMI=0.6526  ARI=0.4391  0.1s

=== P1L_S1_C3 train[1] k=3  dim=576  frames=68  σ=0.5  fold=5 ===
  OSC: k_hat=3  ACC=1.0000  NMI=1.0000  ARI=1.0000  0.1s

=== P1L_S1_C3 train[2] k=3  dim=576  frames=65  σ=0.5  fold=5 ===
  OSC: k_hat=3  ACC=0.9231  NMI=0.8192  ARI=0.7746  0.1s

=== P1L_S1_C3 train[3] k=3  dim=576  frames=74  σ=0.5  fold=5 ===
  OSC: k_hat=3  ACC=0.5811  NMI=0.6230  ARI=0.4548  0.1s

=== P1L_S1_C3 train[4] k=3  dim=576  frames=73  σ=0.5  fold=5 ===
  OSC: k_hat=3  ACC=0.6301  NMI=0.6672  ARI=0.4815  0.1s

=== P1L_S1_C3 train[5] k=3  dim=576  frames=63  σ=0.5  fold=5 ===
  OSC: k_hat=3  ACC=0.6349  NMI=0.6083  ARI=0.5013  0.1s

=== P1L_S1_C3 train[6] k=3  dim=576  frames=75  σ=0.5  fold=5 ===
  OSC: k_hat=3  ACC=0.9867  NMI=0.9474  ARI=0.9569  0.1s

=== P1L_S2_C1 train[0] k=3  dim=576  frames=211  σ=0.5  fold=5 ===
  OSC: k_hat=3  ACC=0.8152  NMI=0.7204  ARI=0.6023  0.5s

=== P1L_S2_C1 train[1] k=3  dim=576  frames=190  σ=0.5  fold=5 ===
  OSC: k_hat=3  ACC=0.7158  NMI=0.6703  ARI=0.4873  0.4s

=== P1L_S2_C1 train[2] k=3  dim=576  frames=180  σ=0.5  fold=5 ===
  OSC: k_hat=3  ACC=1.0000  NMI=1.0000  ARI=1.0000  0.4s

=== P1L_S2_C1 train[3] k=3  dim=576  frames=177  σ=0.5  fold=5 ===
  OSC: k_hat=3  ACC=0.7401  NMI=0.7099  ARI=0.5826  0.3s

=== P1L_S2_C1 train[4] k=3  dim=576  frames=172  σ=0.5  fold=5 ===
  OSC: k_hat=3  ACC=0.9767  NMI=0.9235  ARI=0.9437  0.3s

=== P1L_S2_C1 train[5] k=3  dim=576  frames=180  σ=0.5  fold=5 ===
  OSC: k_hat=3  ACC=0.5056  NMI=0.2709  ARI=0.0681  0.4s

=== P1L_S2_C1 train[6] k=3  dim=576  frames=133  σ=0.5  fold=5 ===
  OSC: k_hat=3  ACC=1.0000  NMI=1.0000  ARI=1.0000  0.2s

=== P1L_S2_C2 train[0] k=3  dim=576  frames=194  σ=0.5  fold=5 ===
  OSC: k_hat=3  ACC=0.8041  NMI=0.6646  ARI=0.5092  0.4s

=== P1L_S2_C2 train[1] k=3  dim=576  frames=155  σ=0.5  fold=5 ===
  OSC: k_hat=3  ACC=0.9806  NMI=0.9205  ARI=0.9412  0.3s

=== P1L_S2_C2 train[2] k=3  dim=576  frames=134  σ=0.5  fold=5 ===
  OSC: k_hat=3  ACC=1.0000  NMI=1.0000  ARI=1.0000  0.2s

=== P1L_S2_C2 train[3] k=3  dim=576  frames=186  σ=0.5  fold=5 ===
  OSC: k_hat=3  ACC=0.9570  NMI=0.8560  ARI=0.8853  0.4s

=== P1L_S2_C2 train[4] k=3  dim=576  frames=201  σ=0.5  fold=5 ===
  OSC: k_hat=3  ACC=0.9353  NMI=0.8177  ARI=0.8156  0.4s

=== P1L_S2_C2 train[5] k=3  dim=576  frames=160  σ=0.5  fold=5 ===
  OSC: k_hat=3  ACC=0.6125  NMI=0.6196  ARI=0.4654  0.3s

=== P1L_S2_C2 train[6] k=3  dim=576  frames=154  σ=0.5  fold=5 ===
  OSC: k_hat=3  ACC=0.9870  NMI=0.9414  ARI=0.9655  0.3s

=== P1L_S2_C3 train[0] k=3  dim=576  frames=119  σ=0.5  fold=5 ===
  OSC: k_hat=3  ACC=0.9916  NMI=0.9622  ARI=0.9722  0.2s

=== P1L_S2_C3 train[1] k=3  dim=576  frames=101  σ=0.5  fold=5 ===
  OSC: k_hat=3  ACC=0.8119  NMI=0.7135  ARI=0.5605  0.2s

=== P1L_S2_C3 train[2] k=3  dim=576  frames=85  σ=0.5  fold=5 ===
  OSC: k_hat=3  ACC=0.9882  NMI=0.9505  ARI=0.9597  0.1s

=== P1L_S2_C3 train[3] k=3  dim=576  frames=112  σ=0.5  fold=5 ===
  OSC: k_hat=3  ACC=0.5804  NMI=0.6222  ARI=0.4420  0.2s

=== P1L_S2_C3 train[4] k=3  dim=576  frames=126  σ=0.5  fold=5 ===
  OSC: k_hat=3  ACC=0.8651  NMI=0.7610  ARI=0.6671  0.2s

=== P1L_S2_C3 train[5] k=3  dim=576  frames=121  σ=0.5  fold=5 ===
  OSC: k_hat=3  ACC=0.9091  NMI=0.7880  ARI=0.7781  0.2s

=== P1L_S2_C3 train[6] k=3  dim=576  frames=99  σ=0.5  fold=5 ===
  OSC: k_hat=3  ACC=0.9697  NMI=0.9066  ARI=0.9152  0.2s

=== P1L_S3_C1 train[0] k=3  dim=576  frames=156  σ=0.5  fold=5 ===
  OSC: k_hat=3  ACC=0.4295  NMI=0.2486  ARI=0.0025  0.3s

=== P1L_S3_C1 train[1] k=3  dim=576  frames=120  σ=0.5  fold=5 ===
  OSC: k_hat=3  ACC=0.9583  NMI=0.8759  ARI=0.8691  0.2s

=== P1L_S3_C1 train[2] k=3  dim=576  frames=185  σ=0.5  fold=5 ===
  OSC: k_hat=3  ACC=0.9838  NMI=0.9402  ARI=0.9511  0.4s

=== P1L_S3_C1 train[3] k=3  dim=576  frames=156  σ=0.5  fold=5 ===
  OSC: k_hat=3  ACC=0.6474  NMI=0.6812  ARI=0.5139  0.3s

=== P1L_S3_C1 train[4] k=3  dim=576  frames=159  σ=0.5  fold=5 ===
  OSC: k_hat=3  ACC=0.7799  NMI=0.5944  ARI=0.4595  0.3s

=== P1L_S3_C1 train[5] k=3  dim=576  frames=176  σ=0.5  fold=5 ===
  OSC: k_hat=3  ACC=0.6364  NMI=0.4186  ARI=0.2282  0.4s

=== P1L_S3_C1 train[6] k=3  dim=576  frames=134  σ=0.5  fold=5 ===
  OSC: k_hat=3  ACC=0.9104  NMI=0.7951  ARI=0.7416  0.2s

=== P1L_S3_C2 train[0] k=3  dim=576  frames=185  σ=0.5  fold=5 ===
  OSC: k_hat=3  ACC=0.8595  NMI=0.6704  ARI=0.6228  0.4s

=== P1L_S3_C2 train[1] k=3  dim=576  frames=125  σ=0.5  fold=5 ===
  OSC: k_hat=3  ACC=0.8880  NMI=0.7922  ARI=0.7485  0.2s

=== P1L_S3_C2 train[2] k=3  dim=576  frames=166  σ=0.5  fold=5 ===
  OSC: k_hat=3  ACC=0.9940  NMI=0.9727  ARI=0.9829  0.3s

=== P1L_S3_C2 train[3] k=3  dim=576  frames=209  σ=0.5  fold=5 ===
  OSC: k_hat=3  ACC=0.7321  NMI=0.5271  ARI=0.4184  0.5s

=== P1L_S3_C2 train[4] k=3  dim=576  frames=168  σ=0.5  fold=5 ===
  OSC: k_hat=3  ACC=0.9940  NMI=0.9727  ARI=0.9864  0.4s

=== P1L_S3_C2 train[5] k=3  dim=576  frames=229  σ=0.5  fold=5 ===
  OSC: k_hat=3  ACC=0.5197  NMI=0.5359  ARI=0.3597  0.6s

=== P1L_S3_C2 train[6] k=3  dim=576  frames=136  σ=0.5  fold=5 ===
  OSC: k_hat=3  ACC=0.9559  NMI=0.8746  ARI=0.8649  0.3s

=== P1L_S3_C3 train[0] k=3  dim=576  frames=151  σ=0.5  fold=5 ===
  OSC: k_hat=3  ACC=0.9934  NMI=0.9670  ARI=0.9779  0.3s

=== P1L_S3_C3 train[1] k=3  dim=576  frames=118  σ=0.5  fold=5 ===
  OSC: k_hat=3  ACC=0.8983  NMI=0.7946  ARI=0.7354  0.2s

=== P1L_S3_C3 train[2] k=3  dim=576  frames=121  σ=0.5  fold=5 ===
  OSC: k_hat=3  ACC=1.0000  NMI=1.0000  ARI=1.0000  0.2s

=== P1L_S3_C3 train[3] k=3  dim=576  frames=142  σ=0.5  fold=5 ===
  OSC: k_hat=3  ACC=1.0000  NMI=1.0000  ARI=1.0000  0.3s

=== P1L_S3_C3 train[4] k=3  dim=576  frames=134  σ=0.5  fold=5 ===
  OSC: k_hat=3  ACC=0.8507  NMI=0.7327  ARI=0.6091  0.3s

=== P1L_S3_C3 train[5] k=3  dim=576  frames=161  σ=0.5  fold=5 ===
  OSC: k_hat=3  ACC=0.8323  NMI=0.7023  ARI=0.6433  0.3s

=== P1L_S3_C3 train[6] k=3  dim=576  frames=114  σ=0.5  fold=5 ===
  OSC: k_hat=3  ACC=0.9912  NMI=0.9630  ARI=0.9763  0.2s

=== P1L_S4_C1 train[0] k=3  dim=576  frames=200  σ=0.5  fold=5 ===
  OSC: k_hat=3  ACC=0.7350  NMI=0.6902  ARI=0.5295  0.5s

=== P1L_S4_C1 train[1] k=3  dim=576  frames=157  σ=0.5  fold=5 ===
  OSC: k_hat=3  ACC=0.9427  NMI=0.8473  ARI=0.8370  0.3s

=== P1L_S4_C1 train[2] k=3  dim=576  frames=154  σ=0.5  fold=5 ===
  OSC: k_hat=3  ACC=1.0000  NMI=1.0000  ARI=1.0000  0.3s

=== P1L_S4_C1 train[3] k=3  dim=576  frames=168  σ=0.5  fold=5 ===
  OSC: k_hat=3  ACC=0.8036  NMI=0.5966  ARI=0.5068  0.4s

=== P1L_S4_C1 train[4] k=3  dim=576  frames=142  σ=0.5  fold=5 ===
  OSC: k_hat=3  ACC=0.8239  NMI=0.7118  ARI=0.6336  0.3s

=== P1L_S4_C1 train[5] k=3  dim=576  frames=187  σ=0.5  fold=5 ===
  OSC: k_hat=3  ACC=0.7273  NMI=0.6489  ARI=0.4550  0.4s

=== P1L_S4_C1 train[6] k=3  dim=576  frames=202  σ=0.5  fold=5 ===
  OSC: k_hat=3  ACC=0.9901  NMI=0.9593  ARI=0.9706  0.5s

=== P1L_S4_C2 train[0] k=3  dim=576  frames=157  σ=0.5  fold=5 ===
  OSC: k_hat=3  ACC=0.7771  NMI=0.6675  ARI=0.4827  0.3s

=== P1L_S4_C2 train[1] k=3  dim=576  frames=149  σ=0.5  fold=5 ===
  OSC: k_hat=3  ACC=0.9329  NMI=0.8326  ARI=0.7976  0.3s

=== P1L_S4_C2 train[2] k=3  dim=576  frames=175  σ=0.5  fold=5 ===
  OSC: k_hat=3  ACC=1.0000  NMI=1.0000  ARI=1.0000  0.4s

=== P1L_S4_C2 train[3] k=3  dim=576  frames=168  σ=0.5  fold=5 ===
  OSC: k_hat=3  ACC=0.8571  NMI=0.7125  ARI=0.6257  0.4s

=== P1L_S4_C2 train[4] k=3  dim=576  frames=154  σ=0.5  fold=5 ===
  OSC: k_hat=3  ACC=0.8312  NMI=0.6938  ARI=0.5628  0.3s

=== P1L_S4_C2 train[5] k=3  dim=576  frames=169  σ=0.5  fold=5 ===
  OSC: k_hat=3  ACC=0.9231  NMI=0.8310  ARI=0.8239  0.4s

=== P1L_S4_C2 train[6] k=3  dim=576  frames=153  σ=0.5  fold=5 ===
  OSC: k_hat=3  ACC=0.8562  NMI=0.7070  ARI=0.6032  0.3s

=== P1L_S4_C3 train[0] k=3  dim=576  frames=96  σ=0.5  fold=5 ===
  OSC: k_hat=3  ACC=0.7292  NMI=0.6696  ARI=0.4804  0.2s

=== P1L_S4_C3 train[1] k=3  dim=576  frames=107  σ=0.5  fold=5 ===
  OSC: k_hat=3  ACC=1.0000  NMI=1.0000  ARI=1.0000  0.2s

=== P1L_S4_C3 train[2] k=3  dim=576  frames=94  σ=0.5  fold=5 ===
  OSC: k_hat=3  ACC=1.0000  NMI=1.0000  ARI=1.0000  0.2s

=== P1L_S4_C3 train[3] k=3  dim=576  frames=117  σ=0.5  fold=5 ===
  OSC: k_hat=3  ACC=0.6154  NMI=0.5622  ARI=0.4143  0.2s

=== P1L_S4_C3 train[4] k=3  dim=576  frames=112  σ=0.5  fold=5 ===
  OSC: k_hat=3  ACC=0.7857  NMI=0.7122  ARI=0.5675  0.2s

=== P1L_S4_C3 train[5] k=3  dim=576  frames=105  σ=0.5  fold=5 ===
  OSC: k_hat=3  ACC=0.5333  NMI=0.6115  ARI=0.4223  0.2s

=== P1L_S4_C3 train[6] k=3  dim=576  frames=107  σ=0.5  fold=5 ===
  OSC: k_hat=3  ACC=0.9813  NMI=0.9338  ARI=0.9463  0.2s

=== P1E_S1_C1 test[0] k=3  dim=576  frames=151  σ=0.5  fold=5 ===
  OSC: k_hat=3  ACC=0.5960  NMI=0.6690  ARI=0.4788  0.3s

=== P1E_S1_C2 test[0] k=3  dim=576  frames=122  σ=0.5  fold=5 ===
  OSC: k_hat=3  ACC=0.5574  NMI=0.6295  ARI=0.4511  0.2s

=== P1E_S1_C3 test[0] k=3  dim=576  frames=55  σ=0.5  fold=5 ===
  OSC: k_hat=3  ACC=0.9091  NMI=0.7661  ARI=0.7406  0.1s

=== P1E_S2_C1 test[0] k=3  dim=576  frames=124  σ=0.5  fold=5 ===
  OSC: k_hat=3  ACC=0.5403  NMI=0.6637  ARI=0.4600  0.2s

=== P1E_S2_C2 test[0] k=3  dim=576  frames=109  σ=0.5  fold=5 ===
  OSC: k_hat=3  ACC=0.6881  NMI=0.6895  ARI=0.5379  0.2s

=== P1E_S2_C3 test[0] k=3  dim=576  frames=87  σ=0.5  fold=5 ===
  OSC: k_hat=3  ACC=0.6667  NMI=0.6823  ARI=0.5178  0.1s

=== P1E_S3_C1 test[0] k=3  dim=576  frames=123  σ=0.5  fold=5 ===
  OSC: k_hat=3  ACC=0.5122  NMI=0.4251  ARI=0.2437  0.2s

=== P1E_S3_C2 test[0] k=3  dim=576  frames=107  σ=0.5  fold=5 ===
  OSC: k_hat=3  ACC=0.5981  NMI=0.6680  ARI=0.4761  0.2s

=== P1E_S3_C3 test[0] k=3  dim=576  frames=83  σ=0.5  fold=5 ===
  OSC: k_hat=3  ACC=0.9880  NMI=0.9530  ARI=0.9662  0.1s

=== P1E_S4_C1 test[0] k=3  dim=576  frames=133  σ=0.5  fold=5 ===
  OSC: k_hat=3  ACC=0.6466  NMI=0.6651  ARI=0.4918  0.3s

=== P1E_S4_C2 test[0] k=3  dim=576  frames=129  σ=0.5  fold=5 ===
  OSC: k_hat=3  ACC=0.5504  NMI=0.6603  ARI=0.4591  0.3s

=== P1E_S4_C3 test[0] k=3  dim=576  frames=76  σ=0.5  fold=5 ===
  OSC: k_hat=3  ACC=0.9605  NMI=0.8885  ARI=0.8936  0.1s

=== P1L_S1_C1 test[0] k=3  dim=576  frames=166  σ=0.5  fold=5 ===
  OSC: k_hat=3  ACC=1.0000  NMI=1.0000  ARI=1.0000  0.4s

=== P1L_S1_C2 test[0] k=3  dim=576  frames=154  σ=0.5  fold=5 ===
  OSC: k_hat=3  ACC=0.5065  NMI=0.6566  ARI=0.4500  0.3s

=== P1L_S1_C3 test[0] k=3  dim=576  frames=64  σ=0.5  fold=5 ===
  OSC: k_hat=3  ACC=0.8438  NMI=0.6679  ARI=0.6290  0.1s

=== P1L_S2_C1 test[0] k=3  dim=576  frames=179  σ=0.5  fold=5 ===
  OSC: k_hat=3  ACC=0.9888  NMI=0.9558  ARI=0.9703  0.4s

=== P1L_S2_C2 test[0] k=3  dim=576  frames=171  σ=0.5  fold=5 ===
  OSC: k_hat=3  ACC=0.8421  NMI=0.7405  ARI=0.6266  0.4s

=== P1L_S2_C3 test[0] k=3  dim=576  frames=102  σ=0.5  fold=5 ===
  OSC: k_hat=3  ACC=0.5392  NMI=0.6136  ARI=0.4329  0.2s

=== P1L_S3_C1 test[0] k=3  dim=576  frames=172  σ=0.5  fold=5 ===
  OSC: k_hat=3  ACC=0.5349  NMI=0.5671  ARI=0.3882  0.4s

=== P1L_S3_C2 test[0] k=3  dim=576  frames=187  σ=0.5  fold=5 ===
  OSC: k_hat=3  ACC=0.5668  NMI=0.6330  ARI=0.4478  0.4s

=== P1L_S3_C3 test[0] k=3  dim=576  frames=110  σ=0.5  fold=5 ===
  OSC: k_hat=3  ACC=0.8545  NMI=0.7206  ARI=0.6421  0.2s

=== P1L_S4_C1 test[0] k=3  dim=576  frames=164  σ=0.5  fold=5 ===
  OSC: k_hat=3  ACC=0.9573  NMI=0.8816  ARI=0.8804  0.4s

=== P1L_S4_C2 test[0] k=3  dim=576  frames=152  σ=0.5  fold=5 ===
  OSC: k_hat=3  ACC=0.8487  NMI=0.7055  ARI=0.6348  0.3s

=== P1L_S4_C3 test[0] k=3  dim=576  frames=103  σ=0.5  fold=5 ===
  OSC: k_hat=3  ACC=0.5922  NMI=0.6512  ARI=0.4530  0.2s
  tune_pool_groups=20: sampling from 22 held-in people (overlap allowed) instead of the 7 fixed partition group(s)

============================================================
σ=0.5 fold=6  test=['0007', '0010', '0020']  train mats=168  test mats=24  tune mats=480
  --- tune OSC over 480 train mats  n_trials=20 (2 params) ---
  OSC trial 0: mean ARI=0.6595  n=480  137.5s  lambda_1=0.1, lambda_2=0.1
  OSC trial 1: mean ARI=0.6529  n=480  131.8s  lambda_1=0.1568, lambda_2=0.7257
  OSC trial 2: mean ARI=0.5962  n=480  133.7s  lambda_1=0.2577, lambda_2=0.1512
  OSC trial 3: mean ARI=0.6761  n=480  132.4s  lambda_1=0.0495, lambda_2=0.3833
  OSC trial 4: mean ARI=0.6756  n=480  131.2s  lambda_1=0.05628, lambda_2=3.691
  OSC trial 5: mean ARI=0.0006  n=480  128.8s  lambda_1=7.156, lambda_2=0.03418
  OSC trial 6: mean ARI=0.0006  n=480  129.4s  lambda_1=1.469, lambda_2=0.1305
  OSC trial 7: mean ARI=0.6401  n=480  132.2s  lambda_1=0.1871, lambda_2=5.039
  OSC trial 8: mean ARI=0.5747  n=480  140.9s  lambda_1=0.001924, lambda_2=0.002231
  OSC trial 9: mean ARI=0.6669  n=480  132.0s  lambda_1=0.001205, lambda_2=2.14
  OSC trial 10: mean ARI=0.6017  n=480  140.0s  lambda_1=0.01165, lambda_2=0.001662
  OSC trial 11: mean ARI=0.6802  n=480  131.2s  lambda_1=0.01856, lambda_2=0.9349
  OSC trial 12: mean ARI=0.6785  n=480  131.7s  lambda_1=0.01288, lambda_2=0.5626
  OSC trial 13: mean ARI=0.6724  n=480  132.1s  lambda_1=0.007366, lambda_2=1.183
  OSC trial 14: mean ARI=0.6248  n=480  139.6s  lambda_1=0.01544, lambda_2=0.01419
  OSC trial 15: mean ARI=0.6706  n=480  131.5s  lambda_1=0.006295, lambda_2=8.24
  OSC trial 16: mean ARI=0.6831  n=480  132.0s  lambda_1=0.02491, lambda_2=0.4103
  OSC trial 17: mean ARI=0.6577  n=480  138.9s  lambda_1=0.03251, lambda_2=0.01989
  OSC trial 18: mean ARI=0.0006  n=480  129.0s  lambda_1=0.6233, lambda_2=0.2837
  OSC trial 19: mean ARI=0.6679  n=480  131.4s  lambda_1=0.003223, lambda_2=1.666
    best mean ARI=0.6831  tune 2667.3s  lambda_1=0.02491, lambda_2=0.4103
  wrote /nfs/turbo/umms-minjilab/lpullela/icassp_ssc_tv2/block_ssc_benchmark/cv/params/surveillance/split_k3_sigmas_min30_trials20_params_knownk_cv_osc_k3_sigma0p5_sigma0.5_fold6.json

=== P1E_S1_C1 train[0] k=3  dim=576  frames=146  σ=0.5  fold=6 ===
  OSC: k_hat=3  ACC=0.9110  NMI=0.7893  ARI=0.7246  0.3s

=== P1E_S1_C1 train[1] k=3  dim=576  frames=153  σ=0.5  fold=6 ===
  OSC: k_hat=3  ACC=0.9739  NMI=0.9153  ARI=0.9230  0.3s

=== P1E_S1_C1 train[2] k=3  dim=576  frames=130  σ=0.5  fold=6 ===
  OSC: k_hat=3  ACC=1.0000  NMI=1.0000  ARI=1.0000  0.2s

=== P1E_S1_C1 train[3] k=3  dim=576  frames=140  σ=0.5  fold=6 ===
  OSC: k_hat=3  ACC=0.9000  NMI=0.7798  ARI=0.7028  0.3s

=== P1E_S1_C1 train[4] k=3  dim=576  frames=157  σ=0.5  fold=6 ===
  OSC: k_hat=3  ACC=0.5860  NMI=0.6627  ARI=0.4681  0.3s

=== P1E_S1_C1 train[5] k=3  dim=576  frames=151  σ=0.5  fold=6 ===
  OSC: k_hat=3  ACC=0.6026  NMI=0.6703  ARI=0.4826  0.3s

=== P1E_S1_C1 train[6] k=3  dim=576  frames=171  σ=0.5  fold=6 ===
  OSC: k_hat=3  ACC=0.9825  NMI=0.9271  ARI=0.9493  0.4s

=== P1E_S1_C2 train[0] k=3  dim=576  frames=147  σ=0.5  fold=6 ===
  OSC: k_hat=3  ACC=0.9524  NMI=0.8375  ARI=0.8562  0.3s

=== P1E_S1_C2 train[1] k=3  dim=576  frames=115  σ=0.5  fold=6 ===
  OSC: k_hat=3  ACC=0.9652  NMI=0.8758  ARI=0.8915  0.2s

=== P1E_S1_C2 train[2] k=3  dim=576  frames=104  σ=0.5  fold=6 ===
  OSC: k_hat=3  ACC=1.0000  NMI=1.0000  ARI=1.0000  0.2s

=== P1E_S1_C2 train[3] k=3  dim=576  frames=138  σ=0.5  fold=6 ===
  OSC: k_hat=3  ACC=0.6087  NMI=0.5813  ARI=0.4203  0.3s

=== P1E_S1_C2 train[4] k=3  dim=576  frames=113  σ=0.5  fold=6 ===
  OSC: k_hat=3  ACC=0.4690  NMI=0.3839  ARI=0.1885  0.2s

=== P1E_S1_C2 train[5] k=3  dim=576  frames=122  σ=0.5  fold=6 ===
  OSC: k_hat=3  ACC=0.5656  NMI=0.6299  ARI=0.4528  0.2s

=== P1E_S1_C2 train[6] k=3  dim=576  frames=134  σ=0.5  fold=6 ===
  OSC: k_hat=3  ACC=0.9851  NMI=0.9443  ARI=0.9564  0.2s

=== P1E_S1_C3 train[0] k=3  dim=576  frames=58  σ=0.5  fold=6 ===
  OSC: k_hat=3  ACC=0.8793  NMI=0.7027  ARI=0.6493  0.1s

=== P1E_S1_C3 train[1] k=3  dim=576  frames=56  σ=0.5  fold=6 ===
  OSC: k_hat=3  ACC=1.0000  NMI=1.0000  ARI=1.0000  0.1s

=== P1E_S1_C3 train[2] k=3  dim=576  frames=47  σ=0.5  fold=6 ===
  OSC: k_hat=3  ACC=1.0000  NMI=1.0000  ARI=1.0000  0.1s

=== P1E_S1_C3 train[3] k=3  dim=576  frames=61  σ=0.5  fold=6 ===
  OSC: k_hat=3  ACC=0.7213  NMI=0.6858  ARI=0.6370  0.1s

=== P1E_S1_C3 train[4] k=3  dim=576  frames=37  σ=0.5  fold=6 ===
  OSC: k_hat=3  ACC=0.4054  NMI=0.0778  ARI=-0.0149  0.0s

=== P1E_S1_C3 train[5] k=3  dim=576  frames=55  σ=0.5  fold=6 ===
  OSC: k_hat=3  ACC=0.9091  NMI=0.7661  ARI=0.7406  0.1s

=== P1E_S1_C3 train[6] k=3  dim=576  frames=69  σ=0.5  fold=6 ===
  OSC: k_hat=3  ACC=0.9130  NMI=0.7638  ARI=0.7540  0.1s

=== P1E_S2_C1 train[0] k=3  dim=576  frames=167  σ=0.5  fold=6 ===
  OSC: k_hat=3  ACC=0.9760  NMI=0.9201  ARI=0.9285  0.4s

=== P1E_S2_C1 train[1] k=3  dim=576  frames=151  σ=0.5  fold=6 ===
  OSC: k_hat=3  ACC=0.7417  NMI=0.6109  ARI=0.5054  0.3s

=== P1E_S2_C1 train[2] k=3  dim=576  frames=136  σ=0.5  fold=6 ===
  OSC: k_hat=3  ACC=0.8897  NMI=0.7826  ARI=0.7148  0.3s

=== P1E_S2_C1 train[3] k=3  dim=576  frames=180  σ=0.5  fold=6 ===
  OSC: k_hat=3  ACC=0.5500  NMI=0.6138  ARI=0.4390  0.4s

=== P1E_S2_C1 train[4] k=3  dim=576  frames=149  σ=0.5  fold=6 ===
  OSC: k_hat=3  ACC=0.5839  NMI=0.6691  ARI=0.4776  0.3s

=== P1E_S2_C1 train[5] k=3  dim=576  frames=124  σ=0.5  fold=6 ===
  OSC: k_hat=3  ACC=0.5403  NMI=0.6637  ARI=0.4600  0.2s

=== P1E_S2_C1 train[6] k=3  dim=576  frames=153  σ=0.5  fold=6 ===
  OSC: k_hat=3  ACC=0.9673  NMI=0.8871  ARI=0.9080  0.3s

=== P1E_S2_C2 train[0] k=3  dim=576  frames=146  σ=0.5  fold=6 ===
  OSC: k_hat=3  ACC=0.8973  NMI=0.7281  ARI=0.7220  0.3s

=== P1E_S2_C2 train[1] k=3  dim=576  frames=115  σ=0.5  fold=6 ===
  OSC: k_hat=3  ACC=0.9826  NMI=0.9253  ARI=0.9458  0.2s

=== P1E_S2_C2 train[2] k=3  dim=576  frames=109  σ=0.5  fold=6 ===
  OSC: k_hat=3  ACC=1.0000  NMI=1.0000  ARI=1.0000  0.2s

=== P1E_S2_C2 train[3] k=3  dim=576  frames=144  σ=0.5  fold=6 ===
  OSC: k_hat=3  ACC=0.7847  NMI=0.5923  ARI=0.4948  0.3s

=== P1E_S2_C2 train[4] k=3  dim=576  frames=124  σ=0.5  fold=6 ===
  OSC: k_hat=3  ACC=0.9516  NMI=0.8652  ARI=0.8503  0.2s

=== P1E_S2_C2 train[5] k=3  dim=576  frames=109  σ=0.5  fold=6 ===
  OSC: k_hat=3  ACC=0.6972  NMI=0.6941  ARI=0.5482  0.2s

=== P1E_S2_C2 train[6] k=3  dim=576  frames=126  σ=0.5  fold=6 ===
  OSC: k_hat=3  ACC=0.9762  NMI=0.9207  ARI=0.9308  0.2s

=== P1E_S2_C3 train[0] k=3  dim=576  frames=113  σ=0.5  fold=6 ===
  OSC: k_hat=3  ACC=0.9646  NMI=0.8905  ARI=0.8869  0.2s

=== P1E_S2_C3 train[1] k=3  dim=576  frames=88  σ=0.5  fold=6 ===
  OSC: k_hat=3  ACC=1.0000  NMI=1.0000  ARI=1.0000  0.1s

=== P1E_S2_C3 train[2] k=3  dim=576  frames=90  σ=0.5  fold=6 ===
  OSC: k_hat=3  ACC=0.9667  NMI=0.8979  ARI=0.8982  0.2s

=== P1E_S2_C3 train[3] k=3  dim=576  frames=112  σ=0.5  fold=6 ===
  OSC: k_hat=3  ACC=0.8214  NMI=0.6894  ARI=0.5741  0.2s

=== P1E_S2_C3 train[4] k=3  dim=576  frames=99  σ=0.5  fold=6 ===
  OSC: k_hat=3  ACC=0.9394  NMI=0.8491  ARI=0.8306  0.2s

=== P1E_S2_C3 train[5] k=3  dim=576  frames=87  σ=0.5  fold=6 ===
  OSC: k_hat=3  ACC=0.6092  NMI=0.6683  ARI=0.4793  0.1s

=== P1E_S2_C3 train[6] k=3  dim=576  frames=89  σ=0.5  fold=6 ===
  OSC: k_hat=3  ACC=0.9775  NMI=0.9248  ARI=0.9383  0.1s

=== P1E_S3_C1 train[0] k=3  dim=576  frames=166  σ=0.5  fold=6 ===
  OSC: k_hat=3  ACC=0.5542  NMI=0.5592  ARI=0.3778  0.4s

=== P1E_S3_C1 train[1] k=3  dim=576  frames=139  σ=0.5  fold=6 ===
  OSC: k_hat=3  ACC=0.7266  NMI=0.6971  ARI=0.5474  0.3s

=== P1E_S3_C1 train[2] k=3  dim=576  frames=134  σ=0.5  fold=6 ===
  OSC: k_hat=3  ACC=0.7985  NMI=0.6452  ARI=0.5289  0.3s

=== P1E_S3_C1 train[3] k=3  dim=576  frames=161  σ=0.5  fold=6 ===
  OSC: k_hat=3  ACC=0.7888  NMI=0.7131  ARI=0.5833  0.4s

=== P1E_S3_C1 train[4] k=3  dim=576  frames=168  σ=0.5  fold=6 ===
  OSC: k_hat=3  ACC=0.8571  NMI=0.7396  ARI=0.6204  0.4s

=== P1E_S3_C1 train[5] k=3  dim=576  frames=123  σ=0.5  fold=6 ===
  OSC: k_hat=3  ACC=0.5122  NMI=0.4251  ARI=0.2437  0.2s

=== P1E_S3_C1 train[6] k=3  dim=576  frames=112  σ=0.5  fold=6 ===
  OSC: k_hat=3  ACC=0.5625  NMI=0.6127  ARI=0.4282  0.2s

=== P1E_S3_C2 train[0] k=3  dim=576  frames=147  σ=0.5  fold=6 ===
  OSC: k_hat=3  ACC=0.8639  NMI=0.7374  ARI=0.6181  0.3s

=== P1E_S3_C2 train[1] k=3  dim=576  frames=120  σ=0.5  fold=6 ===
  OSC: k_hat=3  ACC=0.7833  NMI=0.6229  ARI=0.4823  0.2s

=== P1E_S3_C2 train[2] k=3  dim=576  frames=112  σ=0.5  fold=6 ===
  OSC: k_hat=3  ACC=0.9375  NMI=0.8076  ARI=0.8112  0.2s

=== P1E_S3_C2 train[3] k=3  dim=576  frames=168  σ=0.5  fold=6 ===
  OSC: k_hat=3  ACC=0.6845  NMI=0.6149  ARI=0.4244  0.4s

=== P1E_S3_C2 train[4] k=3  dim=576  frames=169  σ=0.5  fold=6 ===
  OSC: k_hat=3  ACC=0.9704  NMI=0.8862  ARI=0.9095  0.4s

=== P1E_S3_C2 train[5] k=3  dim=576  frames=107  σ=0.5  fold=6 ===
  OSC: k_hat=3  ACC=0.5981  NMI=0.6680  ARI=0.4761  0.2s

=== P1E_S3_C2 train[6] k=3  dim=576  frames=114  σ=0.5  fold=6 ===
  OSC: k_hat=3  ACC=0.9825  NMI=0.9333  ARI=0.9468  0.2s

=== P1E_S3_C3 train[0] k=3  dim=576  frames=105  σ=0.5  fold=6 ===
  OSC: k_hat=3  ACC=1.0000  NMI=1.0000  ARI=1.0000  0.2s

=== P1E_S3_C3 train[1] k=3  dim=576  frames=89  σ=0.5  fold=6 ===
  OSC: k_hat=3  ACC=0.9888  NMI=0.9531  ARI=0.9640  0.1s

=== P1E_S3_C3 train[2] k=3  dim=576  frames=84  σ=0.5  fold=6 ===
  OSC: k_hat=3  ACC=0.9881  NMI=0.9525  ARI=0.9657  0.1s

=== P1E_S3_C3 train[3] k=3  dim=576  frames=125  σ=0.5  fold=6 ===
  OSC: k_hat=3  ACC=0.9760  NMI=0.9174  ARI=0.9232  0.2s

=== P1E_S3_C3 train[4] k=3  dim=576  frames=128  σ=0.5  fold=6 ===
  OSC: k_hat=3  ACC=0.7031  NMI=0.6354  ARI=0.5070  0.2s

=== P1E_S3_C3 train[5] k=3  dim=576  frames=83  σ=0.5  fold=6 ===
  OSC: k_hat=3  ACC=0.9880  NMI=0.9530  ARI=0.9662  0.1s

=== P1E_S3_C3 train[6] k=3  dim=576  frames=84  σ=0.5  fold=6 ===
  OSC: k_hat=3  ACC=0.9881  NMI=0.9523  ARI=0.9667  0.1s

=== P1E_S4_C1 train[0] k=3  dim=576  frames=158  σ=0.5  fold=6 ===
  OSC: k_hat=3  ACC=0.8481  NMI=0.7167  ARI=0.5780  0.4s

=== P1E_S4_C1 train[1] k=3  dim=576  frames=107  σ=0.5  fold=6 ===
  OSC: k_hat=3  ACC=1.0000  NMI=1.0000  ARI=1.0000  0.2s

=== P1E_S4_C1 train[2] k=3  dim=576  frames=155  σ=0.5  fold=6 ===
  OSC: k_hat=3  ACC=0.9806  NMI=0.9205  ARI=0.9410  0.3s

=== P1E_S4_C1 train[3] k=3  dim=576  frames=182  σ=0.5  fold=6 ===
  OSC: k_hat=3  ACC=0.8626  NMI=0.7396  ARI=0.6658  0.4s

=== P1E_S4_C1 train[4] k=3  dim=576  frames=180  σ=0.5  fold=6 ===
  OSC: k_hat=3  ACC=0.6778  NMI=0.6859  ARI=0.5257  0.4s

=== P1E_S4_C1 train[5] k=3  dim=576  frames=133  σ=0.5  fold=6 ===
  OSC: k_hat=3  ACC=0.6466  NMI=0.6651  ARI=0.4918  0.3s

=== P1E_S4_C1 train[6] k=3  dim=576  frames=145  σ=0.5  fold=6 ===
  OSC: k_hat=3  ACC=0.9241  NMI=0.8002  ARI=0.8064  0.3s

=== P1E_S4_C2 train[0] k=3  dim=576  frames=117  σ=0.5  fold=6 ===
  OSC: k_hat=3  ACC=0.8803  NMI=0.7482  ARI=0.6947  0.2s

=== P1E_S4_C2 train[1] k=3  dim=576  frames=125  σ=0.5  fold=6 ===
  OSC: k_hat=3  ACC=0.9920  NMI=0.9653  ARI=0.9759  0.2s

=== P1E_S4_C2 train[2] k=3  dim=576  frames=122  σ=0.5  fold=6 ===
  OSC: k_hat=3  ACC=0.9918  NMI=0.9645  ARI=0.9747  0.2s

=== P1E_S4_C2 train[3] k=3  dim=576  frames=126  σ=0.5  fold=6 ===
  OSC: k_hat=3  ACC=0.9762  NMI=0.9043  ARI=0.9252  0.2s

=== P1E_S4_C2 train[4] k=3  dim=576  frames=140  σ=0.5  fold=6 ===
  OSC: k_hat=3  ACC=0.9786  NMI=0.9234  ARI=0.9323  0.3s

=== P1E_S4_C2 train[5] k=3  dim=576  frames=129  σ=0.5  fold=6 ===
  OSC: k_hat=3  ACC=0.5504  NMI=0.6603  ARI=0.4591  0.2s

=== P1E_S4_C2 train[6] k=3  dim=576  frames=110  σ=0.5  fold=6 ===
  OSC: k_hat=3  ACC=0.9909  NMI=0.9623  ARI=0.9753  0.2s

=== P1E_S4_C3 train[0] k=3  dim=576  frames=90  σ=0.5  fold=6 ===
  OSC: k_hat=3  ACC=0.9000  NMI=0.7358  ARI=0.7102  0.1s

=== P1E_S4_C3 train[1] k=3  dim=576  frames=64  σ=0.5  fold=6 ===
  OSC: k_hat=3  ACC=0.9062  NMI=0.7546  ARI=0.7559  0.1s

=== P1E_S4_C3 train[2] k=3  dim=576  frames=85  σ=0.5  fold=6 ===
  OSC: k_hat=3  ACC=0.9765  NMI=0.9220  ARI=0.9313  0.1s

=== P1E_S4_C3 train[3] k=3  dim=576  frames=105  σ=0.5  fold=6 ===
  OSC: k_hat=3  ACC=0.8476  NMI=0.6659  ARI=0.6328  0.2s

=== P1E_S4_C3 train[4] k=3  dim=576  frames=87  σ=0.5  fold=6 ===
  OSC: k_hat=3  ACC=0.8621  NMI=0.7028  ARI=0.6543  0.1s

=== P1E_S4_C3 train[5] k=3  dim=576  frames=76  σ=0.5  fold=6 ===
  OSC: k_hat=3  ACC=0.9605  NMI=0.8885  ARI=0.8936  0.1s

=== P1E_S4_C3 train[6] k=3  dim=576  frames=79  σ=0.5  fold=6 ===
  OSC: k_hat=3  ACC=0.9494  NMI=0.8344  ARI=0.8496  0.1s

=== P1L_S1_C1 train[0] k=3  dim=576  frames=162  σ=0.5  fold=6 ===
  OSC: k_hat=3  ACC=0.9815  NMI=0.9346  ARI=0.9472  0.3s

=== P1L_S1_C1 train[1] k=3  dim=576  frames=170  σ=0.5  fold=6 ===
  OSC: k_hat=3  ACC=0.7176  NMI=0.6567  ARI=0.4543  0.4s

=== P1L_S1_C1 train[2] k=3  dim=576  frames=155  σ=0.5  fold=6 ===
  OSC: k_hat=3  ACC=1.0000  NMI=1.0000  ARI=1.0000  0.3s

=== P1L_S1_C1 train[3] k=3  dim=576  frames=182  σ=0.5  fold=6 ===
  OSC: k_hat=3  ACC=0.9286  NMI=0.8181  ARI=0.8151  0.4s

=== P1L_S1_C1 train[4] k=3  dim=576  frames=198  σ=0.5  fold=6 ===
  OSC: k_hat=3  ACC=0.7273  NMI=0.6733  ARI=0.5345  0.4s

=== P1L_S1_C1 train[5] k=3  dim=576  frames=166  σ=0.5  fold=6 ===
  OSC: k_hat=3  ACC=1.0000  NMI=1.0000  ARI=1.0000  0.3s

=== P1L_S1_C1 train[6] k=3  dim=576  frames=175  σ=0.5  fold=6 ===
  OSC: k_hat=3  ACC=1.0000  NMI=1.0000  ARI=1.0000  0.4s

=== P1L_S1_C2 train[0] k=3  dim=576  frames=186  σ=0.5  fold=6 ===
  OSC: k_hat=3  ACC=0.7688  NMI=0.6813  ARI=0.5085  0.4s

=== P1L_S1_C2 train[1] k=3  dim=576  frames=137  σ=0.5  fold=6 ===
  OSC: k_hat=3  ACC=0.8029  NMI=0.7019  ARI=0.5528  0.3s

=== P1L_S1_C2 train[2] k=3  dim=576  frames=147  σ=0.5  fold=6 ===
  OSC: k_hat=3  ACC=0.8231  NMI=0.6893  ARI=0.5681  0.3s

=== P1L_S1_C2 train[3] k=3  dim=576  frames=181  σ=0.5  fold=6 ===
  OSC: k_hat=3  ACC=0.8343  NMI=0.7285  ARI=0.6043  0.4s

=== P1L_S1_C2 train[4] k=3  dim=576  frames=128  σ=0.5  fold=6 ===
  OSC: k_hat=3  ACC=0.5625  NMI=0.6666  ARI=0.4689  0.2s

=== P1L_S1_C2 train[5] k=3  dim=576  frames=154  σ=0.5  fold=6 ===
  OSC: k_hat=3  ACC=0.5065  NMI=0.6566  ARI=0.4500  0.3s

=== P1L_S1_C2 train[6] k=3  dim=576  frames=168  σ=0.5  fold=6 ===
  OSC: k_hat=3  ACC=0.9821  NMI=0.9264  ARI=0.9498  0.4s

=== P1L_S1_C3 train[0] k=3  dim=576  frames=60  σ=0.5  fold=6 ===
  OSC: k_hat=3  ACC=0.5167  NMI=0.5800  ARI=0.3887  0.1s

=== P1L_S1_C3 train[1] k=3  dim=576  frames=68  σ=0.5  fold=6 ===
  OSC: k_hat=3  ACC=1.0000  NMI=1.0000  ARI=1.0000  0.1s

=== P1L_S1_C3 train[2] k=3  dim=576  frames=65  σ=0.5  fold=6 ===
  OSC: k_hat=3  ACC=0.9231  NMI=0.8192  ARI=0.7746  0.1s

=== P1L_S1_C3 train[3] k=3  dim=576  frames=74  σ=0.5  fold=6 ===
  OSC: k_hat=3  ACC=0.5811  NMI=0.6230  ARI=0.4548  0.1s

=== P1L_S1_C3 train[4] k=3  dim=576  frames=73  σ=0.5  fold=6 ===
  OSC: k_hat=3  ACC=0.6301  NMI=0.6672  ARI=0.4815  0.1s

=== P1L_S1_C3 train[5] k=3  dim=576  frames=64  σ=0.5  fold=6 ===
  OSC: k_hat=3  ACC=0.8438  NMI=0.6679  ARI=0.6290  0.1s

=== P1L_S1_C3 train[6] k=3  dim=576  frames=75  σ=0.5  fold=6 ===
  OSC: k_hat=3  ACC=0.9867  NMI=0.9474  ARI=0.9569  0.1s

=== P1L_S2_C1 train[0] k=3  dim=576  frames=211  σ=0.5  fold=6 ===
  OSC: k_hat=3  ACC=0.8057  NMI=0.7153  ARI=0.5921  0.5s

=== P1L_S2_C1 train[1] k=3  dim=576  frames=190  σ=0.5  fold=6 ===
  OSC: k_hat=3  ACC=0.7211  NMI=0.6714  ARI=0.4890  0.4s

=== P1L_S2_C1 train[2] k=3  dim=576  frames=180  σ=0.5  fold=6 ===
  OSC: k_hat=3  ACC=1.0000  NMI=1.0000  ARI=1.0000  0.4s

=== P1L_S2_C1 train[3] k=3  dim=576  frames=177  σ=0.5  fold=6 ===
  OSC: k_hat=3  ACC=0.7458  NMI=0.7108  ARI=0.5842  0.4s

=== P1L_S2_C1 train[4] k=3  dim=576  frames=172  σ=0.5  fold=6 ===
  OSC: k_hat=3  ACC=0.9767  NMI=0.9235  ARI=0.9437  0.4s

=== P1L_S2_C1 train[5] k=3  dim=576  frames=179  σ=0.5  fold=6 ===
  OSC: k_hat=3  ACC=0.9888  NMI=0.9558  ARI=0.9703  0.4s

=== P1L_S2_C1 train[6] k=3  dim=576  frames=133  σ=0.5  fold=6 ===
  OSC: k_hat=3  ACC=1.0000  NMI=1.0000  ARI=1.0000  0.3s

=== P1L_S2_C2 train[0] k=3  dim=576  frames=194  σ=0.5  fold=6 ===
  OSC: k_hat=3  ACC=0.8041  NMI=0.6646  ARI=0.5092  0.5s

=== P1L_S2_C2 train[1] k=3  dim=576  frames=155  σ=0.5  fold=6 ===
  OSC: k_hat=3  ACC=0.9806  NMI=0.9205  ARI=0.9412  0.3s

=== P1L_S2_C2 train[2] k=3  dim=576  frames=134  σ=0.5  fold=6 ===
  OSC: k_hat=3  ACC=1.0000  NMI=1.0000  ARI=1.0000  0.3s

=== P1L_S2_C2 train[3] k=3  dim=576  frames=186  σ=0.5  fold=6 ===
  OSC: k_hat=3  ACC=0.9570  NMI=0.8560  ARI=0.8853  0.5s

=== P1L_S2_C2 train[4] k=3  dim=576  frames=201  σ=0.5  fold=6 ===
  OSC: k_hat=3  ACC=0.9353  NMI=0.8177  ARI=0.8156  0.5s

=== P1L_S2_C2 train[5] k=3  dim=576  frames=171  σ=0.5  fold=6 ===
  OSC: k_hat=3  ACC=0.8363  NMI=0.7362  ARI=0.6178  0.4s

=== P1L_S2_C2 train[6] k=3  dim=576  frames=154  σ=0.5  fold=6 ===
  OSC: k_hat=3  ACC=0.9870  NMI=0.9414  ARI=0.9655  0.3s

=== P1L_S2_C3 train[0] k=3  dim=576  frames=119  σ=0.5  fold=6 ===
  OSC: k_hat=3  ACC=0.9916  NMI=0.9622  ARI=0.9722  0.2s

=== P1L_S2_C3 train[1] k=3  dim=576  frames=101  σ=0.5  fold=6 ===
  OSC: k_hat=3  ACC=0.8119  NMI=0.7135  ARI=0.5605  0.2s

=== P1L_S2_C3 train[2] k=3  dim=576  frames=85  σ=0.5  fold=6 ===
  OSC: k_hat=3  ACC=0.9882  NMI=0.9505  ARI=0.9597  0.1s

=== P1L_S2_C3 train[3] k=3  dim=576  frames=112  σ=0.5  fold=6 ===
  OSC: k_hat=3  ACC=0.5804  NMI=0.6222  ARI=0.4420  0.2s

=== P1L_S2_C3 train[4] k=3  dim=576  frames=126  σ=0.5  fold=6 ===
  OSC: k_hat=3  ACC=0.8651  NMI=0.7610  ARI=0.6671  0.2s

=== P1L_S2_C3 train[5] k=3  dim=576  frames=102  σ=0.5  fold=6 ===
  OSC: k_hat=3  ACC=0.5392  NMI=0.6136  ARI=0.4329  0.2s

=== P1L_S2_C3 train[6] k=3  dim=576  frames=99  σ=0.5  fold=6 ===
  OSC: k_hat=3  ACC=0.9697  NMI=0.9066  ARI=0.9152  0.2s

=== P1L_S3_C1 train[0] k=3  dim=576  frames=156  σ=0.5  fold=6 ===
  OSC: k_hat=3  ACC=0.4295  NMI=0.2486  ARI=0.0025  0.4s

=== P1L_S3_C1 train[1] k=3  dim=576  frames=120  σ=0.5  fold=6 ===
  OSC: k_hat=3  ACC=0.9583  NMI=0.8759  ARI=0.8691  0.2s

=== P1L_S3_C1 train[2] k=3  dim=576  frames=185  σ=0.5  fold=6 ===
  OSC: k_hat=3  ACC=0.9838  NMI=0.9402  ARI=0.9511  0.4s

=== P1L_S3_C1 train[3] k=3  dim=576  frames=156  σ=0.5  fold=6 ===
  OSC: k_hat=3  ACC=0.6474  NMI=0.6812  ARI=0.5139  0.3s

=== P1L_S3_C1 train[4] k=3  dim=576  frames=159  σ=0.5  fold=6 ===
  OSC: k_hat=3  ACC=0.9245  NMI=0.7727  ARI=0.7932  0.4s

=== P1L_S3_C1 train[5] k=3  dim=576  frames=172  σ=0.5  fold=6 ===
  OSC: k_hat=3  ACC=0.5349  NMI=0.5671  ARI=0.3882  0.4s

=== P1L_S3_C1 train[6] k=3  dim=576  frames=134  σ=0.5  fold=6 ===
  OSC: k_hat=3  ACC=0.9925  NMI=0.9658  ARI=0.9752  0.3s

=== P1L_S3_C2 train[0] k=3  dim=576  frames=185  σ=0.5  fold=6 ===
  OSC: k_hat=3  ACC=0.8595  NMI=0.6704  ARI=0.6228  0.4s

=== P1L_S3_C2 train[1] k=3  dim=576  frames=125  σ=0.5  fold=6 ===
  OSC: k_hat=3  ACC=0.8160  NMI=0.6660  ARI=0.5950  0.2s

=== P1L_S3_C2 train[2] k=3  dim=576  frames=166  σ=0.5  fold=6 ===
  OSC: k_hat=3  ACC=0.9940  NMI=0.9727  ARI=0.9829  0.4s

=== P1L_S3_C2 train[3] k=3  dim=576  frames=209  σ=0.5  fold=6 ===
  OSC: k_hat=3  ACC=0.7321  NMI=0.5271  ARI=0.4184  0.5s

=== P1L_S3_C2 train[4] k=3  dim=576  frames=168  σ=0.5  fold=6 ===
  OSC: k_hat=3  ACC=0.9940  NMI=0.9727  ARI=0.9864  0.4s

=== P1L_S3_C2 train[5] k=3  dim=576  frames=187  σ=0.5  fold=6 ===
  OSC: k_hat=3  ACC=0.5668  NMI=0.6330  ARI=0.4478  0.5s

=== P1L_S3_C2 train[6] k=3  dim=576  frames=136  σ=0.5  fold=6 ===
  OSC: k_hat=3  ACC=0.9559  NMI=0.8746  ARI=0.8649  0.3s

=== P1L_S3_C3 train[0] k=3  dim=576  frames=151  σ=0.5  fold=6 ===
  OSC: k_hat=3  ACC=0.9934  NMI=0.9670  ARI=0.9779  0.3s

=== P1L_S3_C3 train[1] k=3  dim=576  frames=118  σ=0.5  fold=6 ===
  OSC: k_hat=3  ACC=0.8983  NMI=0.7946  ARI=0.7354  0.2s

=== P1L_S3_C3 train[2] k=3  dim=576  frames=121  σ=0.5  fold=6 ===
  OSC: k_hat=3  ACC=1.0000  NMI=1.0000  ARI=1.0000  0.2s

=== P1L_S3_C3 train[3] k=3  dim=576  frames=142  σ=0.5  fold=6 ===
  OSC: k_hat=3  ACC=0.7958  NMI=0.6968  ARI=0.5429  0.3s

=== P1L_S3_C3 train[4] k=3  dim=576  frames=134  σ=0.5  fold=6 ===
  OSC: k_hat=3  ACC=0.8507  NMI=0.7327  ARI=0.6091  0.3s

=== P1L_S3_C3 train[5] k=3  dim=576  frames=110  σ=0.5  fold=6 ===
  OSC: k_hat=3  ACC=0.8545  NMI=0.7206  ARI=0.6421  0.2s

=== P1L_S3_C3 train[6] k=3  dim=576  frames=114  σ=0.5  fold=6 ===
  OSC: k_hat=3  ACC=0.9825  NMI=0.9372  ARI=0.9534  0.2s

=== P1L_S4_C1 train[0] k=3  dim=576  frames=200  σ=0.5  fold=6 ===
  OSC: k_hat=3  ACC=0.7300  NMI=0.6891  ARI=0.5277  0.5s

=== P1L_S4_C1 train[1] k=3  dim=576  frames=157  σ=0.5  fold=6 ===
  OSC: k_hat=3  ACC=0.9427  NMI=0.8473  ARI=0.8370  0.4s

=== P1L_S4_C1 train[2] k=3  dim=576  frames=154  σ=0.5  fold=6 ===
  OSC: k_hat=3  ACC=1.0000  NMI=1.0000  ARI=1.0000  0.3s

=== P1L_S4_C1 train[3] k=3  dim=576  frames=168  σ=0.5  fold=6 ===
  OSC: k_hat=3  ACC=0.8036  NMI=0.5966  ARI=0.5068  0.4s

=== P1L_S4_C1 train[4] k=3  dim=576  frames=142  σ=0.5  fold=6 ===
  OSC: k_hat=3  ACC=0.8239  NMI=0.7118  ARI=0.6336  0.3s

=== P1L_S4_C1 train[5] k=3  dim=576  frames=164  σ=0.5  fold=6 ===
  OSC: k_hat=3  ACC=0.9573  NMI=0.8816  ARI=0.8804  0.4s

=== P1L_S4_C1 train[6] k=3  dim=576  frames=202  σ=0.5  fold=6 ===
  OSC: k_hat=3  ACC=1.0000  NMI=1.0000  ARI=1.0000  0.5s

=== P1L_S4_C2 train[0] k=3  dim=576  frames=157  σ=0.5  fold=6 ===
  OSC: k_hat=3  ACC=0.7771  NMI=0.6675  ARI=0.4827  0.4s

=== P1L_S4_C2 train[1] k=3  dim=576  frames=149  σ=0.5  fold=6 ===
  OSC: k_hat=3  ACC=0.9329  NMI=0.8326  ARI=0.7976  0.3s

=== P1L_S4_C2 train[2] k=3  dim=576  frames=175  σ=0.5  fold=6 ===
  OSC: k_hat=3  ACC=1.0000  NMI=1.0000  ARI=1.0000  0.4s

=== P1L_S4_C2 train[3] k=3  dim=576  frames=168  σ=0.5  fold=6 ===
  OSC: k_hat=3  ACC=0.8571  NMI=0.7125  ARI=0.6257  0.4s

=== P1L_S4_C2 train[4] k=3  dim=576  frames=154  σ=0.5  fold=6 ===
  OSC: k_hat=3  ACC=0.8312  NMI=0.6938  ARI=0.5628  0.3s

=== P1L_S4_C2 train[5] k=3  dim=576  frames=152  σ=0.5  fold=6 ===
  OSC: k_hat=3  ACC=0.8618  NMI=0.7611  ARI=0.6804  0.3s

=== P1L_S4_C2 train[6] k=3  dim=576  frames=153  σ=0.5  fold=6 ===
  OSC: k_hat=3  ACC=0.9804  NMI=0.9192  ARI=0.9446  0.3s

=== P1L_S4_C3 train[0] k=3  dim=576  frames=96  σ=0.5  fold=6 ===
  OSC: k_hat=3  ACC=0.7292  NMI=0.6696  ARI=0.4804  0.2s

=== P1L_S4_C3 train[1] k=3  dim=576  frames=107  σ=0.5  fold=6 ===
  OSC: k_hat=3  ACC=1.0000  NMI=1.0000  ARI=1.0000  0.2s

=== P1L_S4_C3 train[2] k=3  dim=576  frames=94  σ=0.5  fold=6 ===
  OSC: k_hat=3  ACC=1.0000  NMI=1.0000  ARI=1.0000  0.2s

=== P1L_S4_C3 train[3] k=3  dim=576  frames=117  σ=0.5  fold=6 ===
  OSC: k_hat=3  ACC=0.6154  NMI=0.5622  ARI=0.4143  0.2s

=== P1L_S4_C3 train[4] k=3  dim=576  frames=112  σ=0.5  fold=6 ===
  OSC: k_hat=3  ACC=0.7857  NMI=0.7122  ARI=0.5675  0.2s

=== P1L_S4_C3 train[5] k=3  dim=576  frames=103  σ=0.5  fold=6 ===
  OSC: k_hat=3  ACC=0.5922  NMI=0.6512  ARI=0.4530  0.2s

=== P1L_S4_C3 train[6] k=3  dim=576  frames=107  σ=0.5  fold=6 ===
  OSC: k_hat=3  ACC=0.9813  NMI=0.9338  ARI=0.9463  0.2s

=== P1E_S1_C1 test[0] k=3  dim=576  frames=140  σ=0.5  fold=6 ===
  OSC: k_hat=3  ACC=0.8786  NMI=0.7789  ARI=0.7106  0.3s

=== P1E_S1_C2 test[0] k=3  dim=576  frames=122  σ=0.5  fold=6 ===
  OSC: k_hat=3  ACC=0.9590  NMI=0.8854  ARI=0.8916  0.2s

=== P1E_S1_C3 test[0] k=3  dim=576  frames=51  σ=0.5  fold=6 ===
  OSC: k_hat=3  ACC=0.6078  NMI=0.5486  ARI=0.4099  0.1s

=== P1E_S2_C1 test[0] k=3  dim=576  frames=161  σ=0.5  fold=6 ===
  OSC: k_hat=3  ACC=0.7950  NMI=0.6918  ARI=0.5769  0.4s

=== P1E_S2_C2 test[0] k=3  dim=576  frames=128  σ=0.5  fold=6 ===
  OSC: k_hat=3  ACC=0.8828  NMI=0.7831  ARI=0.7188  0.3s

=== P1E_S2_C3 test[0] k=3  dim=576  frames=105  σ=0.5  fold=6 ===
  OSC: k_hat=3  ACC=0.8571  NMI=0.7129  ARI=0.6594  0.2s

=== P1E_S3_C1 test[0] k=3  dim=576  frames=204  σ=0.5  fold=6 ===
  OSC: k_hat=3  ACC=0.8529  NMI=0.7624  ARI=0.6954  0.5s

=== P1E_S3_C2 test[0] k=3  dim=576  frames=146  σ=0.5  fold=6 ===
  OSC: k_hat=3  ACC=0.8288  NMI=0.7005  ARI=0.5433  0.3s

=== P1E_S3_C3 test[0] k=3  dim=576  frames=129  σ=0.5  fold=6 ===
  OSC: k_hat=3  ACC=0.5349  NMI=0.6553  ARI=0.4505  0.3s

=== P1E_S4_C1 test[0] k=3  dim=576  frames=147  σ=0.5  fold=6 ===
  OSC: k_hat=3  ACC=0.5034  NMI=0.4851  ARI=0.3226  0.3s

=== P1E_S4_C2 test[0] k=3  dim=576  frames=146  σ=0.5  fold=6 ===
  OSC: k_hat=3  ACC=0.6507  NMI=0.5935  ARI=0.4620  0.3s

=== P1E_S4_C3 test[0] k=3  dim=576  frames=106  σ=0.5  fold=6 ===
  OSC: k_hat=3  ACC=0.6887  NMI=0.7100  ARI=0.5700  0.2s

=== P1L_S1_C1 test[0] k=3  dim=576  frames=116  σ=0.5  fold=6 ===
  OSC: k_hat=3  ACC=0.6983  NMI=0.4769  ARI=0.2990  0.2s

=== P1L_S1_C2 test[0] k=3  dim=576  frames=142  σ=0.5  fold=6 ===
  OSC: k_hat=3  ACC=0.8169  NMI=0.6797  ARI=0.5563  0.3s

=== P1L_S1_C3 test[0] k=3  dim=576  frames=63  σ=0.5  fold=6 ===
  OSC: k_hat=3  ACC=0.6349  NMI=0.6083  ARI=0.5013  0.1s

=== P1L_S2_C1 test[0] k=3  dim=576  frames=180  σ=0.5  fold=6 ===
  OSC: k_hat=3  ACC=0.5056  NMI=0.2709  ARI=0.0681  0.4s

=== P1L_S2_C2 test[0] k=3  dim=576  frames=160  σ=0.5  fold=6 ===
  OSC: k_hat=3  ACC=0.6125  NMI=0.6196  ARI=0.4654  0.4s

=== P1L_S2_C3 test[0] k=3  dim=576  frames=121  σ=0.5  fold=6 ===
  OSC: k_hat=3  ACC=0.9091  NMI=0.7880  ARI=0.7781  0.2s

=== P1L_S3_C1 test[0] k=3  dim=576  frames=176  σ=0.5  fold=6 ===
  OSC: k_hat=3  ACC=0.6420  NMI=0.4321  ARI=0.2420  0.4s

=== P1L_S3_C2 test[0] k=3  dim=576  frames=229  σ=0.5  fold=6 ===
  OSC: k_hat=3  ACC=0.5197  NMI=0.6157  ARI=0.4289  0.6s

=== P1L_S3_C3 test[0] k=3  dim=576  frames=161  σ=0.5  fold=6 ===
  OSC: k_hat=3  ACC=0.8323  NMI=0.7023  ARI=0.6433  0.3s

=== P1L_S4_C1 test[0] k=3  dim=576  frames=187  σ=0.5  fold=6 ===
  OSC: k_hat=3  ACC=0.7112  NMI=0.7014  ARI=0.5657  0.4s

=== P1L_S4_C2 test[0] k=3  dim=576  frames=169  σ=0.5  fold=6 ===
  OSC: k_hat=3  ACC=0.9231  NMI=0.8310  ARI=0.8239  0.4s

=== P1L_S4_C3 test[0] k=3  dim=576  frames=105  σ=0.5  fold=6 ===
  OSC: k_hat=3  ACC=0.5333  NMI=0.6115  ARI=0.4223  0.2s
  tune_pool_groups=20: sampling from 22 held-in people (overlap allowed) instead of the 7 fixed partition group(s)

============================================================
σ=0.5 fold=7  test=['0003', '0012', '0017']  train mats=168  test mats=24  tune mats=480
  --- tune OSC over 480 train mats  n_trials=20 (2 params) ---
  OSC trial 0: mean ARI=0.6579  n=480  136.0s  lambda_1=0.1, lambda_2=0.1
  OSC trial 1: mean ARI=0.6236  n=480  131.5s  lambda_1=0.1568, lambda_2=0.7257
  OSC trial 2: mean ARI=0.5765  n=480  132.1s  lambda_1=0.2577, lambda_2=0.1512
  OSC trial 3: mean ARI=0.6756  n=480  131.4s  lambda_1=0.0495, lambda_2=0.3833
  OSC trial 4: mean ARI=0.6758  n=480  130.6s  lambda_1=0.05628, lambda_2=3.691
  OSC trial 5: mean ARI=0.0016  n=480  129.3s  lambda_1=7.156, lambda_2=0.03418
  OSC trial 6: mean ARI=0.0016  n=480  127.9s  lambda_1=1.469, lambda_2=0.1305
  OSC trial 7: mean ARI=0.6075  n=480  130.8s  lambda_1=0.1871, lambda_2=5.039
  OSC trial 8: mean ARI=0.6002  n=480  141.4s  lambda_1=0.001924, lambda_2=0.002231
  OSC trial 9: mean ARI=0.6730  n=480  131.6s  lambda_1=0.001205, lambda_2=2.14
  OSC trial 10: mean ARI=0.6256  n=480  140.8s  lambda_1=0.01206, lambda_2=0.001654
  OSC trial 11: mean ARI=0.6892  n=480  135.3s  lambda_1=0.01856, lambda_2=0.9349
  OSC trial 12: mean ARI=0.6878  n=480  133.8s  lambda_1=0.01288, lambda_2=9.265
  OSC trial 13: mean ARI=0.6854  n=480  135.1s  lambda_1=0.007366, lambda_2=8.861
  OSC trial 14: mean ARI=0.6870  n=480  134.3s  lambda_1=0.01544, lambda_2=0.9382
  OSC trial 15: mean ARI=0.6854  n=480  134.3s  lambda_1=0.006295, lambda_2=1.571
  OSC trial 16: mean ARI=0.6543  n=480  130.1s  lambda_1=0.02491, lambda_2=0.01302
  OSC trial 17: mean ARI=0.6821  n=480  119.8s  lambda_1=0.003807, lambda_2=9.358
  OSC trial 18: mean ARI=0.0028  n=480  117.4s  lambda_1=0.6233, lambda_2=0.3985
  OSC trial 19: mean ARI=0.6878  n=480  120.2s  lambda_1=0.02674, lambda_2=3.403
    best mean ARI=0.6892  tune 2623.9s  lambda_1=0.01856, lambda_2=0.9349
  wrote /nfs/turbo/umms-minjilab/lpullela/icassp_ssc_tv2/block_ssc_benchmark/cv/params/surveillance/split_k3_sigmas_min30_trials20_params_knownk_cv_osc_k3_sigma0p5_sigma0.5_fold7.json

=== P1E_S1_C1 train[0] k=3  dim=576  frames=146  σ=0.5  fold=7 ===
  OSC: k_hat=3  ACC=0.9110  NMI=0.7893  ARI=0.7246  0.2s

=== P1E_S1_C1 train[1] k=3  dim=576  frames=153  σ=0.5  fold=7 ===
  OSC: k_hat=3  ACC=0.9739  NMI=0.9153  ARI=0.9230  0.3s

=== P1E_S1_C1 train[2] k=3  dim=576  frames=130  σ=0.5  fold=7 ===
  OSC: k_hat=3  ACC=1.0000  NMI=1.0000  ARI=1.0000  0.2s

=== P1E_S1_C1 train[3] k=3  dim=576  frames=140  σ=0.5  fold=7 ===
  OSC: k_hat=3  ACC=0.9000  NMI=0.7798  ARI=0.7028  0.2s

=== P1E_S1_C1 train[4] k=3  dim=576  frames=157  σ=0.5  fold=7 ===
  OSC: k_hat=3  ACC=0.5860  NMI=0.6627  ARI=0.4681  0.3s

=== P1E_S1_C1 train[5] k=3  dim=576  frames=151  σ=0.5  fold=7 ===
  OSC: k_hat=3  ACC=0.5960  NMI=0.6690  ARI=0.4788  0.3s

=== P1E_S1_C1 train[6] k=3  dim=576  frames=140  σ=0.5  fold=7 ===
  OSC: k_hat=3  ACC=0.8571  NMI=0.7606  ARI=0.6745  0.2s

=== P1E_S1_C2 train[0] k=3  dim=576  frames=147  σ=0.5  fold=7 ===
  OSC: k_hat=3  ACC=0.9524  NMI=0.8375  ARI=0.8562  0.3s

=== P1E_S1_C2 train[1] k=3  dim=576  frames=115  σ=0.5  fold=7 ===
  OSC: k_hat=3  ACC=0.9652  NMI=0.8758  ARI=0.8915  0.2s

=== P1E_S1_C2 train[2] k=3  dim=576  frames=104  σ=0.5  fold=7 ===
  OSC: k_hat=3  ACC=1.0000  NMI=1.0000  ARI=1.0000  0.2s

=== P1E_S1_C2 train[3] k=3  dim=576  frames=138  σ=0.5  fold=7 ===
  OSC: k_hat=3  ACC=0.6087  NMI=0.5813  ARI=0.4203  0.2s

=== P1E_S1_C2 train[4] k=3  dim=576  frames=113  σ=0.5  fold=7 ===
  OSC: k_hat=3  ACC=0.4690  NMI=0.3839  ARI=0.1885  0.2s

=== P1E_S1_C2 train[5] k=3  dim=576  frames=122  σ=0.5  fold=7 ===
  OSC: k_hat=3  ACC=0.5574  NMI=0.6295  ARI=0.4511  0.2s

=== P1E_S1_C2 train[6] k=3  dim=576  frames=122  σ=0.5  fold=7 ===
  OSC: k_hat=3  ACC=0.9590  NMI=0.8854  ARI=0.8916  0.2s

=== P1E_S1_C3 train[0] k=3  dim=576  frames=58  σ=0.5  fold=7 ===
  OSC: k_hat=3  ACC=0.8793  NMI=0.7027  ARI=0.6493  0.1s

=== P1E_S1_C3 train[1] k=3  dim=576  frames=56  σ=0.5  fold=7 ===
  OSC: k_hat=3  ACC=1.0000  NMI=1.0000  ARI=1.0000  0.1s

=== P1E_S1_C3 train[2] k=3  dim=576  frames=47  σ=0.5  fold=7 ===
  OSC: k_hat=3  ACC=1.0000  NMI=1.0000  ARI=1.0000  0.1s

=== P1E_S1_C3 train[3] k=3  dim=576  frames=61  σ=0.5  fold=7 ===
  OSC: k_hat=3  ACC=0.7213  NMI=0.6858  ARI=0.6370  0.1s

=== P1E_S1_C3 train[4] k=3  dim=576  frames=37  σ=0.5  fold=7 ===
  OSC: k_hat=3  ACC=0.4054  NMI=0.0778  ARI=-0.0149  0.0s

=== P1E_S1_C3 train[5] k=3  dim=576  frames=55  σ=0.5  fold=7 ===
  OSC: k_hat=3  ACC=0.9091  NMI=0.7661  ARI=0.7406  0.1s

=== P1E_S1_C3 train[6] k=3  dim=576  frames=51  σ=0.5  fold=7 ===
  OSC: k_hat=3  ACC=0.6078  NMI=0.5486  ARI=0.4099  0.1s

=== P1E_S2_C1 train[0] k=3  dim=576  frames=167  σ=0.5  fold=7 ===
  OSC: k_hat=3  ACC=0.9760  NMI=0.9201  ARI=0.9285  0.3s

=== P1E_S2_C1 train[1] k=3  dim=576  frames=151  σ=0.5  fold=7 ===
  OSC: k_hat=3  ACC=0.7417  NMI=0.6109  ARI=0.5054  0.3s

=== P1E_S2_C1 train[2] k=3  dim=576  frames=136  σ=0.5  fold=7 ===
  OSC: k_hat=3  ACC=0.8897  NMI=0.7826  ARI=0.7148  0.2s

=== P1E_S2_C1 train[3] k=3  dim=576  frames=180  σ=0.5  fold=7 ===
  OSC: k_hat=3  ACC=0.5500  NMI=0.6138  ARI=0.4390  0.4s

=== P1E_S2_C1 train[4] k=3  dim=576  frames=149  σ=0.5  fold=7 ===
  OSC: k_hat=3  ACC=0.5839  NMI=0.6691  ARI=0.4776  0.3s

=== P1E_S2_C1 train[5] k=3  dim=576  frames=124  σ=0.5  fold=7 ===
  OSC: k_hat=3  ACC=0.5403  NMI=0.6637  ARI=0.4600  0.2s

=== P1E_S2_C1 train[6] k=3  dim=576  frames=161  σ=0.5  fold=7 ===
  OSC: k_hat=3  ACC=0.7950  NMI=0.6918  ARI=0.5769  0.3s

=== P1E_S2_C2 train[0] k=3  dim=576  frames=146  σ=0.5  fold=7 ===
  OSC: k_hat=3  ACC=0.8973  NMI=0.7281  ARI=0.7220  0.2s

=== P1E_S2_C2 train[1] k=3  dim=576  frames=115  σ=0.5  fold=7 ===
  OSC: k_hat=3  ACC=0.9826  NMI=0.9253  ARI=0.9458  0.2s

=== P1E_S2_C2 train[2] k=3  dim=576  frames=109  σ=0.5  fold=7 ===
  OSC: k_hat=3  ACC=1.0000  NMI=1.0000  ARI=1.0000  0.2s

=== P1E_S2_C2 train[3] k=3  dim=576  frames=144  σ=0.5  fold=7 ===
  OSC: k_hat=3  ACC=0.7847  NMI=0.5923  ARI=0.4948  0.2s

=== P1E_S2_C2 train[4] k=3  dim=576  frames=124  σ=0.5  fold=7 ===
  OSC: k_hat=3  ACC=0.9516  NMI=0.8652  ARI=0.8503  0.2s

=== P1E_S2_C2 train[5] k=3  dim=576  frames=109  σ=0.5  fold=7 ===
  OSC: k_hat=3  ACC=0.6881  NMI=0.6895  ARI=0.5379  0.2s

=== P1E_S2_C2 train[6] k=3  dim=576  frames=128  σ=0.5  fold=7 ===
  OSC: k_hat=3  ACC=0.8828  NMI=0.7831  ARI=0.7188  0.2s

=== P1E_S2_C3 train[0] k=3  dim=576  frames=113  σ=0.5  fold=7 ===
  OSC: k_hat=3  ACC=0.9646  NMI=0.8905  ARI=0.8869  0.2s

=== P1E_S2_C3 train[1] k=3  dim=576  frames=88  σ=0.5  fold=7 ===
  OSC: k_hat=3  ACC=1.0000  NMI=1.0000  ARI=1.0000  0.1s

=== P1E_S2_C3 train[2] k=3  dim=576  frames=90  σ=0.5  fold=7 ===
  OSC: k_hat=3  ACC=0.9667  NMI=0.8979  ARI=0.8982  0.1s

=== P1E_S2_C3 train[3] k=3  dim=576  frames=112  σ=0.5  fold=7 ===
  OSC: k_hat=3  ACC=0.8214  NMI=0.6894  ARI=0.5741  0.2s

=== P1E_S2_C3 train[4] k=3  dim=576  frames=99  σ=0.5  fold=7 ===
  OSC: k_hat=3  ACC=0.8788  NMI=0.7738  ARI=0.7012  0.1s

=== P1E_S2_C3 train[5] k=3  dim=576  frames=87  σ=0.5  fold=7 ===
  OSC: k_hat=3  ACC=0.6092  NMI=0.6683  ARI=0.4793  0.1s

=== P1E_S2_C3 train[6] k=3  dim=576  frames=105  σ=0.5  fold=7 ===
  OSC: k_hat=3  ACC=0.8571  NMI=0.7129  ARI=0.6594  0.2s

=== P1E_S3_C1 train[0] k=3  dim=576  frames=166  σ=0.5  fold=7 ===
  OSC: k_hat=3  ACC=0.5542  NMI=0.5592  ARI=0.3778  0.3s

=== P1E_S3_C1 train[1] k=3  dim=576  frames=139  σ=0.5  fold=7 ===
  OSC: k_hat=3  ACC=0.7266  NMI=0.6971  ARI=0.5474  0.3s

=== P1E_S3_C1 train[2] k=3  dim=576  frames=134  σ=0.5  fold=7 ===
  OSC: k_hat=3  ACC=0.7985  NMI=0.6452  ARI=0.5289  0.2s

=== P1E_S3_C1 train[3] k=3  dim=576  frames=161  σ=0.5  fold=7 ===
  OSC: k_hat=3  ACC=0.7888  NMI=0.7131  ARI=0.5833  0.3s

=== P1E_S3_C1 train[4] k=3  dim=576  frames=168  σ=0.5  fold=7 ===
  OSC: k_hat=3  ACC=0.8571  NMI=0.7396  ARI=0.6204  0.3s

=== P1E_S3_C1 train[5] k=3  dim=576  frames=123  σ=0.5  fold=7 ===
  OSC: k_hat=3  ACC=0.5122  NMI=0.4251  ARI=0.2437  0.2s

=== P1E_S3_C1 train[6] k=3  dim=576  frames=204  σ=0.5  fold=7 ===
  OSC: k_hat=3  ACC=0.8529  NMI=0.7624  ARI=0.6954  0.5s

=== P1E_S3_C2 train[0] k=3  dim=576  frames=147  σ=0.5  fold=7 ===
  OSC: k_hat=3  ACC=0.8639  NMI=0.7374  ARI=0.6181  0.3s

=== P1E_S3_C2 train[1] k=3  dim=576  frames=120  σ=0.5  fold=7 ===
  OSC: k_hat=3  ACC=0.7833  NMI=0.6229  ARI=0.4823  0.2s

=== P1E_S3_C2 train[2] k=3  dim=576  frames=112  σ=0.5  fold=7 ===
  OSC: k_hat=3  ACC=0.9375  NMI=0.8076  ARI=0.8112  0.2s

=== P1E_S3_C2 train[3] k=3  dim=576  frames=168  σ=0.5  fold=7 ===
  OSC: k_hat=3  ACC=0.6845  NMI=0.6149  ARI=0.4244  0.3s

=== P1E_S3_C2 train[4] k=3  dim=576  frames=169  σ=0.5  fold=7 ===
  OSC: k_hat=3  ACC=0.9704  NMI=0.8862  ARI=0.9095  0.3s

=== P1E_S3_C2 train[5] k=3  dim=576  frames=107  σ=0.5  fold=7 ===
  OSC: k_hat=3  ACC=0.5981  NMI=0.6680  ARI=0.4761  0.2s

=== P1E_S3_C2 train[6] k=3  dim=576  frames=146  σ=0.5  fold=7 ===
  OSC: k_hat=3  ACC=0.8288  NMI=0.7005  ARI=0.5433  0.3s

=== P1E_S3_C3 train[0] k=3  dim=576  frames=105  σ=0.5  fold=7 ===
  OSC: k_hat=3  ACC=1.0000  NMI=1.0000  ARI=1.0000  0.2s

=== P1E_S3_C3 train[1] k=3  dim=576  frames=89  σ=0.5  fold=7 ===
  OSC: k_hat=3  ACC=0.9888  NMI=0.9531  ARI=0.9640  0.1s

=== P1E_S3_C3 train[2] k=3  dim=576  frames=84  σ=0.5  fold=7 ===
  OSC: k_hat=3  ACC=0.9881  NMI=0.9525  ARI=0.9657  0.1s

=== P1E_S3_C3 train[3] k=3  dim=576  frames=125  σ=0.5  fold=7 ===
  OSC: k_hat=3  ACC=0.9760  NMI=0.9174  ARI=0.9232  0.2s

=== P1E_S3_C3 train[4] k=3  dim=576  frames=128  σ=0.5  fold=7 ===
  OSC: k_hat=3  ACC=0.7031  NMI=0.6354  ARI=0.5070  0.2s

=== P1E_S3_C3 train[5] k=3  dim=576  frames=83  σ=0.5  fold=7 ===
  OSC: k_hat=3  ACC=0.9880  NMI=0.9530  ARI=0.9662  0.1s

=== P1E_S3_C3 train[6] k=3  dim=576  frames=129  σ=0.5  fold=7 ===
  OSC: k_hat=3  ACC=0.5349  NMI=0.6553  ARI=0.4505  0.2s

=== P1E_S4_C1 train[0] k=3  dim=576  frames=158  σ=0.5  fold=7 ===
  OSC: k_hat=3  ACC=0.8481  NMI=0.7167  ARI=0.5780  0.3s

=== P1E_S4_C1 train[1] k=3  dim=576  frames=107  σ=0.5  fold=7 ===
  OSC: k_hat=3  ACC=1.0000  NMI=1.0000  ARI=1.0000  0.2s

=== P1E_S4_C1 train[2] k=3  dim=576  frames=155  σ=0.5  fold=7 ===
  OSC: k_hat=3  ACC=0.9806  NMI=0.9205  ARI=0.9410  0.3s

=== P1E_S4_C1 train[3] k=3  dim=576  frames=182  σ=0.5  fold=7 ===
  OSC: k_hat=3  ACC=0.8626  NMI=0.7396  ARI=0.6658  0.4s

=== P1E_S4_C1 train[4] k=3  dim=576  frames=180  σ=0.5  fold=7 ===
  OSC: k_hat=3  ACC=0.6778  NMI=0.6859  ARI=0.5257  0.4s

=== P1E_S4_C1 train[5] k=3  dim=576  frames=133  σ=0.5  fold=7 ===
  OSC: k_hat=3  ACC=0.6466  NMI=0.6651  ARI=0.4918  0.2s

=== P1E_S4_C1 train[6] k=3  dim=576  frames=147  σ=0.5  fold=7 ===
  OSC: k_hat=3  ACC=0.5034  NMI=0.4851  ARI=0.3226  0.3s

=== P1E_S4_C2 train[0] k=3  dim=576  frames=117  σ=0.5  fold=7 ===
  OSC: k_hat=3  ACC=0.8803  NMI=0.7482  ARI=0.6947  0.2s

=== P1E_S4_C2 train[1] k=3  dim=576  frames=125  σ=0.5  fold=7 ===
  OSC: k_hat=3  ACC=0.9920  NMI=0.9653  ARI=0.9759  0.2s

=== P1E_S4_C2 train[2] k=3  dim=576  frames=122  σ=0.5  fold=7 ===
  OSC: k_hat=3  ACC=0.9918  NMI=0.9645  ARI=0.9747  0.2s

=== P1E_S4_C2 train[3] k=3  dim=576  frames=126  σ=0.5  fold=7 ===
  OSC: k_hat=3  ACC=0.9762  NMI=0.9043  ARI=0.9252  0.2s

=== P1E_S4_C2 train[4] k=3  dim=576  frames=140  σ=0.5  fold=7 ===
  OSC: k_hat=3  ACC=0.9786  NMI=0.9234  ARI=0.9323  0.3s

=== P1E_S4_C2 train[5] k=3  dim=576  frames=129  σ=0.5  fold=7 ===
  OSC: k_hat=3  ACC=0.5504  NMI=0.6603  ARI=0.4591  0.2s

=== P1E_S4_C2 train[6] k=3  dim=576  frames=146  σ=0.5  fold=7 ===
  OSC: k_hat=3  ACC=0.6507  NMI=0.5935  ARI=0.4620  0.3s

=== P1E_S4_C3 train[0] k=3  dim=576  frames=90  σ=0.5  fold=7 ===
  OSC: k_hat=3  ACC=0.9000  NMI=0.7358  ARI=0.7102  0.1s

=== P1E_S4_C3 train[1] k=3  dim=576  frames=64  σ=0.5  fold=7 ===
  OSC: k_hat=3  ACC=0.9062  NMI=0.7546  ARI=0.7559  0.1s

=== P1E_S4_C3 train[2] k=3  dim=576  frames=85  σ=0.5  fold=7 ===
  OSC: k_hat=3  ACC=0.9765  NMI=0.9220  ARI=0.9313  0.1s

=== P1E_S4_C3 train[3] k=3  dim=576  frames=105  σ=0.5  fold=7 ===
  OSC: k_hat=3  ACC=0.8476  NMI=0.6659  ARI=0.6328  0.2s

=== P1E_S4_C3 train[4] k=3  dim=576  frames=87  σ=0.5  fold=7 ===
  OSC: k_hat=3  ACC=0.8621  NMI=0.7028  ARI=0.6543  0.1s

=== P1E_S4_C3 train[5] k=3  dim=576  frames=76  σ=0.5  fold=7 ===
  OSC: k_hat=3  ACC=0.9605  NMI=0.8885  ARI=0.8936  0.1s

=== P1E_S4_C3 train[6] k=3  dim=576  frames=106  σ=0.5  fold=7 ===
  OSC: k_hat=3  ACC=0.6887  NMI=0.7100  ARI=0.5700  0.2s

=== P1L_S1_C1 train[0] k=3  dim=576  frames=162  σ=0.5  fold=7 ===
  OSC: k_hat=3  ACC=0.9815  NMI=0.9346  ARI=0.9472  0.3s

=== P1L_S1_C1 train[1] k=3  dim=576  frames=170  σ=0.5  fold=7 ===
  OSC: k_hat=3  ACC=0.7176  NMI=0.6567  ARI=0.4543  0.3s

=== P1L_S1_C1 train[2] k=3  dim=576  frames=155  σ=0.5  fold=7 ===
  OSC: k_hat=3  ACC=1.0000  NMI=1.0000  ARI=1.0000  0.3s

=== P1L_S1_C1 train[3] k=3  dim=576  frames=182  σ=0.5  fold=7 ===
  OSC: k_hat=3  ACC=0.9286  NMI=0.8181  ARI=0.8151  0.4s

=== P1L_S1_C1 train[4] k=3  dim=576  frames=198  σ=0.5  fold=7 ===
  OSC: k_hat=3  ACC=0.7273  NMI=0.6733  ARI=0.5345  0.4s

=== P1L_S1_C1 train[5] k=3  dim=576  frames=166  σ=0.5  fold=7 ===
  OSC: k_hat=3  ACC=1.0000  NMI=1.0000  ARI=1.0000  0.3s

=== P1L_S1_C1 train[6] k=3  dim=576  frames=116  σ=0.5  fold=7 ===
  OSC: k_hat=3  ACC=0.6983  NMI=0.4769  ARI=0.2990  0.2s

=== P1L_S1_C2 train[0] k=3  dim=576  frames=186  σ=0.5  fold=7 ===
  OSC: k_hat=3  ACC=0.7688  NMI=0.6813  ARI=0.5085  0.4s

=== P1L_S1_C2 train[1] k=3  dim=576  frames=137  σ=0.5  fold=7 ===
  OSC: k_hat=3  ACC=0.8029  NMI=0.7019  ARI=0.5528  0.3s

=== P1L_S1_C2 train[2] k=3  dim=576  frames=147  σ=0.5  fold=7 ===
  OSC: k_hat=3  ACC=0.8231  NMI=0.6893  ARI=0.5681  0.3s

=== P1L_S1_C2 train[3] k=3  dim=576  frames=181  σ=0.5  fold=7 ===
  OSC: k_hat=3  ACC=0.8343  NMI=0.7285  ARI=0.6043  0.4s

=== P1L_S1_C2 train[4] k=3  dim=576  frames=128  σ=0.5  fold=7 ===
  OSC: k_hat=3  ACC=0.5625  NMI=0.6666  ARI=0.4689  0.2s

=== P1L_S1_C2 train[5] k=3  dim=576  frames=154  σ=0.5  fold=7 ===
  OSC: k_hat=3  ACC=0.5065  NMI=0.6566  ARI=0.4500  0.3s

=== P1L_S1_C2 train[6] k=3  dim=576  frames=142  σ=0.5  fold=7 ===
  OSC: k_hat=3  ACC=0.8169  NMI=0.6797  ARI=0.5563  0.3s

=== P1L_S1_C3 train[0] k=3  dim=576  frames=60  σ=0.5  fold=7 ===
  OSC: k_hat=3  ACC=0.5167  NMI=0.5800  ARI=0.3887  0.1s

=== P1L_S1_C3 train[1] k=3  dim=576  frames=68  σ=0.5  fold=7 ===
  OSC: k_hat=3  ACC=1.0000  NMI=1.0000  ARI=1.0000  0.1s

=== P1L_S1_C3 train[2] k=3  dim=576  frames=65  σ=0.5  fold=7 ===
  OSC: k_hat=3  ACC=0.9231  NMI=0.8192  ARI=0.7746  0.1s

=== P1L_S1_C3 train[3] k=3  dim=576  frames=74  σ=0.5  fold=7 ===
  OSC: k_hat=3  ACC=0.5811  NMI=0.6230  ARI=0.4548  0.1s

=== P1L_S1_C3 train[4] k=3  dim=576  frames=73  σ=0.5  fold=7 ===
  OSC: k_hat=3  ACC=0.6301  NMI=0.6672  ARI=0.4815  0.1s

=== P1L_S1_C3 train[5] k=3  dim=576  frames=64  σ=0.5  fold=7 ===
  OSC: k_hat=3  ACC=0.8438  NMI=0.6679  ARI=0.6290  0.1s

=== P1L_S1_C3 train[6] k=3  dim=576  frames=63  σ=0.5  fold=7 ===
  OSC: k_hat=3  ACC=0.6349  NMI=0.6083  ARI=0.5013  0.1s

=== P1L_S2_C1 train[0] k=3  dim=576  frames=211  σ=0.5  fold=7 ===
  OSC: k_hat=3  ACC=0.8057  NMI=0.7153  ARI=0.5921  0.5s

=== P1L_S2_C1 train[1] k=3  dim=576  frames=190  σ=0.5  fold=7 ===
  OSC: k_hat=3  ACC=0.7211  NMI=0.6714  ARI=0.4890  0.4s

=== P1L_S2_C1 train[2] k=3  dim=576  frames=180  σ=0.5  fold=7 ===
  OSC: k_hat=3  ACC=1.0000  NMI=1.0000  ARI=1.0000  0.4s

=== P1L_S2_C1 train[3] k=3  dim=576  frames=177  σ=0.5  fold=7 ===
  OSC: k_hat=3  ACC=0.7458  NMI=0.7108  ARI=0.5842  0.4s

=== P1L_S2_C1 train[4] k=3  dim=576  frames=172  σ=0.5  fold=7 ===
  OSC: k_hat=3  ACC=0.9767  NMI=0.9235  ARI=0.9437  0.4s

=== P1L_S2_C1 train[5] k=3  dim=576  frames=179  σ=0.5  fold=7 ===
  OSC: k_hat=3  ACC=0.9888  NMI=0.9558  ARI=0.9703  0.4s

=== P1L_S2_C1 train[6] k=3  dim=576  frames=180  σ=0.5  fold=7 ===
  OSC: k_hat=3  ACC=0.5056  NMI=0.2709  ARI=0.0681  0.4s

=== P1L_S2_C2 train[0] k=3  dim=576  frames=194  σ=0.5  fold=7 ===
  OSC: k_hat=3  ACC=0.8041  NMI=0.6646  ARI=0.5092  0.4s

=== P1L_S2_C2 train[1] k=3  dim=576  frames=155  σ=0.5  fold=7 ===
  OSC: k_hat=3  ACC=0.9806  NMI=0.9205  ARI=0.9412  0.3s

=== P1L_S2_C2 train[2] k=3  dim=576  frames=134  σ=0.5  fold=7 ===
  OSC: k_hat=3  ACC=1.0000  NMI=1.0000  ARI=1.0000  0.2s

=== P1L_S2_C2 train[3] k=3  dim=576  frames=186  σ=0.5  fold=7 ===
  OSC: k_hat=3  ACC=0.9570  NMI=0.8560  ARI=0.8853  0.4s

=== P1L_S2_C2 train[4] k=3  dim=576  frames=201  σ=0.5  fold=7 ===
  OSC: k_hat=3  ACC=0.9353  NMI=0.8177  ARI=0.8156  0.4s

=== P1L_S2_C2 train[5] k=3  dim=576  frames=171  σ=0.5  fold=7 ===
  OSC: k_hat=3  ACC=0.8363  NMI=0.7362  ARI=0.6178  0.4s

=== P1L_S2_C2 train[6] k=3  dim=576  frames=160  σ=0.5  fold=7 ===
  OSC: k_hat=3  ACC=0.6125  NMI=0.6196  ARI=0.4654  0.3s

=== P1L_S2_C3 train[0] k=3  dim=576  frames=119  σ=0.5  fold=7 ===
  OSC: k_hat=3  ACC=0.9916  NMI=0.9622  ARI=0.9722  0.2s

=== P1L_S2_C3 train[1] k=3  dim=576  frames=101  σ=0.5  fold=7 ===
  OSC: k_hat=3  ACC=0.8119  NMI=0.7135  ARI=0.5605  0.2s

=== P1L_S2_C3 train[2] k=3  dim=576  frames=85  σ=0.5  fold=7 ===
  OSC: k_hat=3  ACC=0.9882  NMI=0.9505  ARI=0.9597  0.1s

=== P1L_S2_C3 train[3] k=3  dim=576  frames=112  σ=0.5  fold=7 ===
  OSC: k_hat=3  ACC=0.5804  NMI=0.6222  ARI=0.4420  0.2s

=== P1L_S2_C3 train[4] k=3  dim=576  frames=126  σ=0.5  fold=7 ===
  OSC: k_hat=3  ACC=0.8651  NMI=0.7610  ARI=0.6671  0.2s

=== P1L_S2_C3 train[5] k=3  dim=576  frames=102  σ=0.5  fold=7 ===
  OSC: k_hat=3  ACC=0.5392  NMI=0.6136  ARI=0.4329  0.2s

=== P1L_S2_C3 train[6] k=3  dim=576  frames=121  σ=0.5  fold=7 ===
  OSC: k_hat=3  ACC=0.9091  NMI=0.7880  ARI=0.7781  0.2s

=== P1L_S3_C1 train[0] k=3  dim=576  frames=156  σ=0.5  fold=7 ===
  OSC: k_hat=3  ACC=0.4295  NMI=0.2486  ARI=0.0025  0.3s

=== P1L_S3_C1 train[1] k=3  dim=576  frames=120  σ=0.5  fold=7 ===
  OSC: k_hat=3  ACC=0.9583  NMI=0.8759  ARI=0.8691  0.2s

=== P1L_S3_C1 train[2] k=3  dim=576  frames=185  σ=0.5  fold=7 ===
  OSC: k_hat=3  ACC=0.9838  NMI=0.9402  ARI=0.9511  0.4s

=== P1L_S3_C1 train[3] k=3  dim=576  frames=156  σ=0.5  fold=7 ===
  OSC: k_hat=3  ACC=0.6474  NMI=0.6812  ARI=0.5139  0.3s

=== P1L_S3_C1 train[4] k=3  dim=576  frames=159  σ=0.5  fold=7 ===
  OSC: k_hat=3  ACC=0.9245  NMI=0.7727  ARI=0.7932  0.3s

=== P1L_S3_C1 train[5] k=3  dim=576  frames=172  σ=0.5  fold=7 ===
  OSC: k_hat=3  ACC=0.5349  NMI=0.5671  ARI=0.3882  0.4s

=== P1L_S3_C1 train[6] k=3  dim=576  frames=176  σ=0.5  fold=7 ===
  OSC: k_hat=3  ACC=0.6364  NMI=0.4186  ARI=0.2282  0.4s

=== P1L_S3_C2 train[0] k=3  dim=576  frames=185  σ=0.5  fold=7 ===
  OSC: k_hat=3  ACC=0.8595  NMI=0.6704  ARI=0.6228  0.4s

=== P1L_S3_C2 train[1] k=3  dim=576  frames=125  σ=0.5  fold=7 ===
  OSC: k_hat=3  ACC=0.8160  NMI=0.6660  ARI=0.5950  0.2s

=== P1L_S3_C2 train[2] k=3  dim=576  frames=166  σ=0.5  fold=7 ===
  OSC: k_hat=3  ACC=0.9940  NMI=0.9727  ARI=0.9829  0.3s

=== P1L_S3_C2 train[3] k=3  dim=576  frames=209  σ=0.5  fold=7 ===
  OSC: k_hat=3  ACC=0.7321  NMI=0.5271  ARI=0.4184  0.5s

=== P1L_S3_C2 train[4] k=3  dim=576  frames=168  σ=0.5  fold=7 ===
  OSC: k_hat=3  ACC=0.9940  NMI=0.9727  ARI=0.9864  0.3s

=== P1L_S3_C2 train[5] k=3  dim=576  frames=187  σ=0.5  fold=7 ===
  OSC: k_hat=3  ACC=0.5668  NMI=0.6330  ARI=0.4478  0.4s

=== P1L_S3_C2 train[6] k=3  dim=576  frames=229  σ=0.5  fold=7 ===
  OSC: k_hat=3  ACC=0.5197  NMI=0.5359  ARI=0.3597  0.6s

=== P1L_S3_C3 train[0] k=3  dim=576  frames=151  σ=0.5  fold=7 ===
  OSC: k_hat=3  ACC=0.9934  NMI=0.9670  ARI=0.9779  0.3s

=== P1L_S3_C3 train[1] k=3  dim=576  frames=118  σ=0.5  fold=7 ===
  OSC: k_hat=3  ACC=0.8983  NMI=0.7946  ARI=0.7354  0.2s

=== P1L_S3_C3 train[2] k=3  dim=576  frames=121  σ=0.5  fold=7 ===
  OSC: k_hat=3  ACC=1.0000  NMI=1.0000  ARI=1.0000  0.2s

=== P1L_S3_C3 train[3] k=3  dim=576  frames=142  σ=0.5  fold=7 ===
  OSC: k_hat=3  ACC=0.7958  NMI=0.6968  ARI=0.5429  0.3s

=== P1L_S3_C3 train[4] k=3  dim=576  frames=134  σ=0.5  fold=7 ===
  OSC: k_hat=3  ACC=0.8507  NMI=0.7327  ARI=0.6091  0.2s

=== P1L_S3_C3 train[5] k=3  dim=576  frames=110  σ=0.5  fold=7 ===
  OSC: k_hat=3  ACC=0.8545  NMI=0.7206  ARI=0.6421  0.2s

=== P1L_S3_C3 train[6] k=3  dim=576  frames=161  σ=0.5  fold=7 ===
  OSC: k_hat=3  ACC=0.8323  NMI=0.7023  ARI=0.6433  0.3s

=== P1L_S4_C1 train[0] k=3  dim=576  frames=200  σ=0.5  fold=7 ===
  OSC: k_hat=3  ACC=0.7350  NMI=0.6902  ARI=0.5295  0.4s

=== P1L_S4_C1 train[1] k=3  dim=576  frames=157  σ=0.5  fold=7 ===
  OSC: k_hat=3  ACC=0.9427  NMI=0.8473  ARI=0.8370  0.3s

=== P1L_S4_C1 train[2] k=3  dim=576  frames=154  σ=0.5  fold=7 ===
  OSC: k_hat=3  ACC=1.0000  NMI=1.0000  ARI=1.0000  0.3s

=== P1L_S4_C1 train[3] k=3  dim=576  frames=168  σ=0.5  fold=7 ===
  OSC: k_hat=3  ACC=0.8036  NMI=0.5966  ARI=0.5068  0.3s

=== P1L_S4_C1 train[4] k=3  dim=576  frames=142  σ=0.5  fold=7 ===
  OSC: k_hat=3  ACC=0.8239  NMI=0.7118  ARI=0.6336  0.3s

=== P1L_S4_C1 train[5] k=3  dim=576  frames=164  σ=0.5  fold=7 ===
  OSC: k_hat=3  ACC=0.9573  NMI=0.8816  ARI=0.8804  0.3s

=== P1L_S4_C1 train[6] k=3  dim=576  frames=187  σ=0.5  fold=7 ===
  OSC: k_hat=3  ACC=0.7112  NMI=0.7014  ARI=0.5657  0.4s

=== P1L_S4_C2 train[0] k=3  dim=576  frames=157  σ=0.5  fold=7 ===
  OSC: k_hat=3  ACC=0.7771  NMI=0.6675  ARI=0.4827  0.3s

=== P1L_S4_C2 train[1] k=3  dim=576  frames=149  σ=0.5  fold=7 ===
  OSC: k_hat=3  ACC=0.9329  NMI=0.8326  ARI=0.7976  0.3s

=== P1L_S4_C2 train[2] k=3  dim=576  frames=175  σ=0.5  fold=7 ===
  OSC: k_hat=3  ACC=1.0000  NMI=1.0000  ARI=1.0000  0.4s

=== P1L_S4_C2 train[3] k=3  dim=576  frames=168  σ=0.5  fold=7 ===
  OSC: k_hat=3  ACC=0.8571  NMI=0.7125  ARI=0.6257  0.3s

=== P1L_S4_C2 train[4] k=3  dim=576  frames=154  σ=0.5  fold=7 ===
  OSC: k_hat=3  ACC=0.8312  NMI=0.6938  ARI=0.5628  0.3s

=== P1L_S4_C2 train[5] k=3  dim=576  frames=152  σ=0.5  fold=7 ===
  OSC: k_hat=3  ACC=0.8618  NMI=0.7611  ARI=0.6804  0.3s

=== P1L_S4_C2 train[6] k=3  dim=576  frames=169  σ=0.5  fold=7 ===
  OSC: k_hat=3  ACC=0.9231  NMI=0.8310  ARI=0.8239  0.3s

=== P1L_S4_C3 train[0] k=3  dim=576  frames=96  σ=0.5  fold=7 ===
  OSC: k_hat=3  ACC=0.7292  NMI=0.6696  ARI=0.4804  0.1s

=== P1L_S4_C3 train[1] k=3  dim=576  frames=107  σ=0.5  fold=7 ===
  OSC: k_hat=3  ACC=1.0000  NMI=1.0000  ARI=1.0000  0.2s

=== P1L_S4_C3 train[2] k=3  dim=576  frames=94  σ=0.5  fold=7 ===
  OSC: k_hat=3  ACC=1.0000  NMI=1.0000  ARI=1.0000  0.1s

=== P1L_S4_C3 train[3] k=3  dim=576  frames=117  σ=0.5  fold=7 ===
  OSC: k_hat=3  ACC=0.6154  NMI=0.5622  ARI=0.4143  0.2s

=== P1L_S4_C3 train[4] k=3  dim=576  frames=112  σ=0.5  fold=7 ===
  OSC: k_hat=3  ACC=0.7857  NMI=0.7122  ARI=0.5675  0.2s

=== P1L_S4_C3 train[5] k=3  dim=576  frames=103  σ=0.5  fold=7 ===
  OSC: k_hat=3  ACC=0.5922  NMI=0.6512  ARI=0.4530  0.2s

=== P1L_S4_C3 train[6] k=3  dim=576  frames=105  σ=0.5  fold=7 ===
  OSC: k_hat=3  ACC=0.5333  NMI=0.6115  ARI=0.4223  0.2s

=== P1E_S1_C1 test[0] k=3  dim=576  frames=171  σ=0.5  fold=7 ===
  OSC: k_hat=3  ACC=0.9825  NMI=0.9271  ARI=0.9493  0.4s

=== P1E_S1_C2 test[0] k=3  dim=576  frames=134  σ=0.5  fold=7 ===
  OSC: k_hat=3  ACC=0.9851  NMI=0.9443  ARI=0.9564  0.2s

=== P1E_S1_C3 test[0] k=3  dim=576  frames=69  σ=0.5  fold=7 ===
  OSC: k_hat=3  ACC=0.9130  NMI=0.7638  ARI=0.7540  0.1s

=== P1E_S2_C1 test[0] k=3  dim=576  frames=153  σ=0.5  fold=7 ===
  OSC: k_hat=3  ACC=0.9673  NMI=0.8871  ARI=0.9080  0.3s

=== P1E_S2_C2 test[0] k=3  dim=576  frames=126  σ=0.5  fold=7 ===
  OSC: k_hat=3  ACC=0.9762  NMI=0.9207  ARI=0.9308  0.2s

=== P1E_S2_C3 test[0] k=3  dim=576  frames=89  σ=0.5  fold=7 ===
  OSC: k_hat=3  ACC=0.9775  NMI=0.9248  ARI=0.9383  0.1s

=== P1E_S3_C1 test[0] k=3  dim=576  frames=112  σ=0.5  fold=7 ===
  OSC: k_hat=3  ACC=0.5625  NMI=0.6127  ARI=0.4282  0.2s

=== P1E_S3_C2 test[0] k=3  dim=576  frames=114  σ=0.5  fold=7 ===
  OSC: k_hat=3  ACC=0.9825  NMI=0.9333  ARI=0.9468  0.2s

=== P1E_S3_C3 test[0] k=3  dim=576  frames=84  σ=0.5  fold=7 ===
  OSC: k_hat=3  ACC=0.9881  NMI=0.9523  ARI=0.9667  0.1s

=== P1E_S4_C1 test[0] k=3  dim=576  frames=145  σ=0.5  fold=7 ===
  OSC: k_hat=3  ACC=0.9241  NMI=0.8002  ARI=0.8064  0.3s

=== P1E_S4_C2 test[0] k=3  dim=576  frames=110  σ=0.5  fold=7 ===
  OSC: k_hat=3  ACC=0.9909  NMI=0.9623  ARI=0.9753  0.2s

=== P1E_S4_C3 test[0] k=3  dim=576  frames=79  σ=0.5  fold=7 ===
  OSC: k_hat=3  ACC=0.9494  NMI=0.8344  ARI=0.8496  0.1s

=== P1L_S1_C1 test[0] k=3  dim=576  frames=175  σ=0.5  fold=7 ===
  OSC: k_hat=3  ACC=1.0000  NMI=1.0000  ARI=1.0000  0.4s

=== P1L_S1_C2 test[0] k=3  dim=576  frames=168  σ=0.5  fold=7 ===
  OSC: k_hat=3  ACC=0.9821  NMI=0.9264  ARI=0.9498  0.3s

=== P1L_S1_C3 test[0] k=3  dim=576  frames=75  σ=0.5  fold=7 ===
  OSC: k_hat=3  ACC=0.9867  NMI=0.9474  ARI=0.9569  0.1s

=== P1L_S2_C1 test[0] k=3  dim=576  frames=133  σ=0.5  fold=7 ===
  OSC: k_hat=3  ACC=1.0000  NMI=1.0000  ARI=1.0000  0.2s

=== P1L_S2_C2 test[0] k=3  dim=576  frames=154  σ=0.5  fold=7 ===
  OSC: k_hat=3  ACC=0.9870  NMI=0.9414  ARI=0.9655  0.3s

=== P1L_S2_C3 test[0] k=3  dim=576  frames=99  σ=0.5  fold=7 ===
  OSC: k_hat=3  ACC=0.9697  NMI=0.9066  ARI=0.9152  0.2s

=== P1L_S3_C1 test[0] k=3  dim=576  frames=134  σ=0.5  fold=7 ===
  OSC: k_hat=3  ACC=0.9925  NMI=0.9658  ARI=0.9752  0.2s

=== P1L_S3_C2 test[0] k=3  dim=576  frames=136  σ=0.5  fold=7 ===
  OSC: k_hat=3  ACC=0.9559  NMI=0.8746  ARI=0.8649  0.2s

=== P1L_S3_C3 test[0] k=3  dim=576  frames=114  σ=0.5  fold=7 ===
  OSC: k_hat=3  ACC=0.9912  NMI=0.9630  ARI=0.9763  0.2s

=== P1L_S4_C1 test[0] k=3  dim=576  frames=202  σ=0.5  fold=7 ===
  OSC: k_hat=3  ACC=0.9901  NMI=0.9593  ARI=0.9706  0.4s

=== P1L_S4_C2 test[0] k=3  dim=576  frames=153  σ=0.5  fold=7 ===
  OSC: k_hat=3  ACC=0.9804  NMI=0.9192  ARI=0.9446  0.3s

=== P1L_S4_C3 test[0] k=3  dim=576  frames=107  σ=0.5  fold=7 ===
  OSC: k_hat=3  ACC=0.9813  NMI=0.9338  ARI=0.9463  0.2s

=== inference time per method ===
  OSC: mean=0.2680s  std=0.1092s  total=411.7s  n=1536
wrote /nfs/turbo/umms-minjilab/lpullela/icassp_ssc_tv2/block_ssc_benchmark/cv/results/surveillance/split_k3_sigmas_min30_trials20_knownk_cv_osc_k3_sigma0p5_timing.json

=== mean over matrices ===
  OSC train σ=0.5: ACC=0.8327  NMI=0.7718  ARI=0.6993  n=1344
  OSC test σ=0.5: ACC=0.8331  NMI=0.7726  ARI=0.7004  n=192

wrote /nfs/turbo/umms-minjilab/lpullela/icassp_ssc_tv2/block_ssc_benchmark/cv/results/surveillance/split_k3_sigmas_min30_trials20_knownk_cv_osc_k3_sigma0p5.csv
end=Mon Sep  7 00:15:27 EDT 2026
Experiment completed!
