========================================
Job: cv_osc_k3_s0p25
Method: OSC  k: 3  sigma: 0.25  tune_pool_groups: 20
========================================
host=gl3208.arc-ts.umich.edu  python=/home/lpullela/miniconda3/envs/ssc_559/bin/python  start=Sun Sep  6 18:11:32 EDT 2026
Loading P1E_S1_C1
  Y: (576, 1236)  people=25  frames/person=[60, 61, 50, 48, 51, 35, 41, 56, 55, 49, 65, 50, 63, 38, 61, 48, 50, 49, 50, 30, 42, 60, 32, 39, 53]  min=30
Loading P1E_S1_C2
  Y: (576, 1031)  people=25  frames/person=[42, 48, 31, 35, 50, 45, 30, 32, 38, 40, 61, 41, 47, 33, 46, 36, 41, 45, 42, 36, 33, 50, 53, 33, 43]  min=30
Loading P1E_S1_C3
  Y: (576, 453)  people=25  frames/person=[15, 22, 16, 16, 17, 13, 14, 19, 14, 25, 26, 12, 21, 18, 22, 19, 13, 19, 16, 15, 8, 15, 30, 20, 28]  min=8
  warning: 24 people have fewer than 30 available frames (kept all)
Loading P1E_S2_C1
  Y: (576, 1256)  people=25  frames/person=[65, 50, 50, 51, 53, 48, 49, 60, 33, 48, 61, 58, 52, 32, 55, 35, 45, 53, 40, 53, 51, 65, 64, 42, 43]  min=32
Loading P1E_S2_C2
  Y: (576, 1042)  people=25  frames/person=[33, 48, 38, 41, 53, 36, 39, 47, 51, 36, 55, 44, 43, 25, 42, 41, 37, 45, 41, 38, 40, 54, 49, 33, 33]  min=25
  warning: 1 people have fewer than 30 available frames (kept all)
Loading P1E_S2_C3
  Y: (576, 816)  people=25  frames/person=[36, 33, 28, 32, 42, 37, 31, 36, 31, 23, 42, 36, 35, 20, 33, 33, 32, 32, 32, 29, 32, 42, 38, 27, 24]  min=20
  warning: 6 people have fewer than 30 available frames (kept all)
Loading P1E_S3_C1
  Y: (576, 1255)  people=25  frames/person=[43, 39, 47, 52, 58, 96, 42, 31, 79, 33, 67, 55, 44, 34, 40, 48, 54, 77, 45, 41, 46, 53, 56, 38, 37]  min=31
Loading P1E_S3_C2
  Y: (576, 1126)  people=25  frames/person=[57, 56, 35, 40, 49, 75, 34, 40, 70, 26, 65, 54, 43, 28, 32, 43, 48, 31, 36, 33, 42, 71, 57, 30, 31]  min=26
  warning: 2 people have fewer than 30 available frames (kept all)
Loading P1E_S3_C3
  Y: (576, 866)  people=25  frames/person=[43, 36, 24, 33, 37, 47, 29, 37, 55, 18, 40, 40, 31, 22, 30, 39, 35, 45, 30, 28, 30, 50, 42, 20, 25]  min=18
  warning: 7 people have fewer than 30 available frames (kept all)
Loading P1E_S4_C1
  Y: (576, 1247)  people=25  frames/person=[58, 54, 34, 56, 50, 59, 50, 56, 74, 38, 75, 35, 46, 31, 53, 40, 57, 32, 56, 33, 48, 67, 59, 48, 38]  min=31
Loading P1E_S4_C2
  Y: (576, 1051)  people=25  frames/person=[37, 37, 41, 46, 41, 49, 38, 45, 65, 30, 39, 48, 50, 34, 43, 36, 47, 52, 45, 37, 38, 50, 30, 37, 36]  min=30
Loading P1E_S4_C3
  Y: (576, 719)  people=25  frames/person=[28, 29, 22, 29, 24, 36, 31, 29, 33, 25, 37, 19, 28, 21, 25, 27, 25, 41, 27, 29, 26, 31, 45, 29, 23]  min=19
  warning: 18 people have fewer than 30 available frames (kept all)
Loading P1L_S1_C1
  Y: (576, 1391)  people=25  frames/person=[65, 68, 43, 64, 47, 40, 58, 33, 75, 41, 58, 72, 58, 49, 66, 67, 65, 43, 59, 57, 58, 51, 67, 32, 55]  min=32
Loading P1L_S1_C2
  Y: (576, 1309)  people=25  frames/person=[30, 65, 37, 63, 66, 54, 52, 52, 43, 49, 71, 49, 58, 48, 54, 66, 56, 36, 48, 49, 55, 66, 52, 39, 51]  min=30
Loading P1L_S1_C3
  Y: (576, 565)  people=25  frames/person=[27, 29, 20, 26, 19, 25, 22, 12, 28, 25, 20, 25, 23, 18, 21, 23, 25, 26, 23, 21, 18, 18, 30, 18, 23]  min=12
  warning: 24 people have fewer than 30 available frames (kept all)
Loading P1L_S2_C1
  Y: (576, 1470)  people=25  frames/person=[73, 68, 53, 64, 65, 41, 73, 55, 37, 31, 82, 75, 63, 45, 34, 48, 74, 84, 71, 64, 62, 65, 48, 33, 62]  min=31
Loading P1L_S2_C2
  Y: (576, 1393)  people=25  frames/person=[64, 65, 49, 62, 69, 69, 63, 61, 80, 34, 89, 57, 53, 52, 55, 38, 30, 30, 66, 36, 57, 51, 73, 41, 49]  min=30
Loading P1L_S2_C3
  Y: (576, 897)  people=25  frames/person=[40, 36, 29, 28, 35, 37, 36, 36, 50, 28, 55, 46, 34, 31, 35, 32, 30, 48, 37, 29, 36, 39, 45, 19, 26]  min=19
  warning: 6 people have fewer than 30 available frames (kept all)
Loading P1L_S3_C1
  Y: (576, 1329)  people=25  frames/person=[31, 33, 30, 51, 74, 75, 59, 65, 66, 43, 47, 39, 65, 50, 58, 71, 67, 36, 57, 35, 62, 31, 74, 59, 51]  min=30
Loading P1L_S3_C2
  Y: (576, 1472)  people=25  frames/person=[78, 38, 48, 51, 54, 71, 61, 71, 32, 50, 75, 38, 72, 63, 48, 67, 49, 87, 52, 56, 58, 85, 73, 56, 39]  min=32
Loading P1L_S3_C3
  Y: (576, 1105)  people=25  frames/person=[48, 44, 38, 38, 39, 45, 35, 55, 52, 26, 81, 39, 36, 36, 44, 54, 42, 61, 38, 31, 34, 53, 51, 44, 41]  min=26
  warning: 1 people have fewer than 30 available frames (kept all)
Loading P1L_S4_C1
  Y: (576, 1443)  people=25  frames/person=[50, 69, 44, 41, 78, 43, 32, 71, 45, 65, 59, 39, 56, 57, 68, 69, 70, 73, 51, 63, 47, 70, 57, 52, 74]  min=32
Loading P1L_S4_C2
  Y: (576, 1327)  people=25  frames/person=[71, 34, 39, 54, 63, 67, 52, 39, 52, 56, 59, 50, 51, 53, 63, 50, 71, 63, 48, 35, 31, 71, 43, 52, 60]  min=31
Loading P1L_S4_C3
  Y: (576, 880)  people=25  frames/person=[37, 41, 23, 26, 32, 34, 22, 32, 50, 29, 38, 44, 31, 34, 37, 39, 39, 39, 38, 26, 25, 50, 41, 33, 40]  min=22
  warning: 6 people have fewer than 30 available frames (kept all)
sequences=24  people=25  k=3
frames/person ~ Unif[30, 100]
down_hw=24  sigmas=(0.25,)  n_trials=20  known_k=True  csv=split_k3_sigmas_min30_trials20_knownk_cv_osc_k3_sigma0p25.csv
SSC-Block-TV block_size searched in [2, 12]
CV mode: 8 folds of size 3, each rotated as test
  1 people unused (remainder dropped)
  group 0: ['0006', '0013', '0022']
  group 1: ['0004', '0014', '0027']
  group 2: ['0009', '0019', '0026']
  group 3: ['0005', '0024', '0025']
  group 4: ['0001', '0011', '0023']
  group 5: ['0015', '0016', '0021']
  group 6: ['0007', '0010', '0020']
  group 7: ['0003', '0012', '0017']
methods=['OSC']  append=False  hetero_noise=False  no_tune=False
  tune_pool_groups=20: sampling from 22 held-in people (overlap allowed) instead of the 7 fixed partition group(s)

============================================================
σ=0.25 fold=0  test=['0006', '0013', '0022']  train mats=168  test mats=24  tune mats=480
  --- tune OSC over 480 train mats  n_trials=20 (2 params) ---
  OSC trial 0: mean ARI=0.7367  n=480  402.6s  lambda_1=0.1, lambda_2=0.1
  OSC trial 1: mean ARI=0.7265  n=480  157.2s  lambda_1=0.1568, lambda_2=0.7257
  OSC trial 2: mean ARI=0.6953  n=480  154.5s  lambda_1=0.2577, lambda_2=0.1512
  OSC trial 3: mean ARI=0.7447  n=480  153.7s  lambda_1=0.0495, lambda_2=0.3833
  OSC trial 4: mean ARI=0.7444  n=480  153.7s  lambda_1=0.05628, lambda_2=3.691
  OSC trial 5: mean ARI=0.0018  n=480  152.3s  lambda_1=7.156, lambda_2=0.03418
  OSC trial 6: mean ARI=0.0018  n=480  152.9s  lambda_1=1.469, lambda_2=0.1305
  OSC trial 7: mean ARI=0.7192  n=480  154.7s  lambda_1=0.1871, lambda_2=5.039
  OSC trial 8: mean ARI=0.7334  n=480  162.9s  lambda_1=0.001924, lambda_2=0.002231
  OSC trial 9: mean ARI=0.7486  n=480  154.0s  lambda_1=0.001205, lambda_2=2.14
  OSC trial 10: mean ARI=0.7326  n=480  163.5s  lambda_1=0.001206, lambda_2=0.001659
  OSC trial 11: mean ARI=0.7511  n=480  155.1s  lambda_1=0.008553, lambda_2=0.9349
  OSC trial 12: mean ARI=0.7513  n=480  154.0s  lambda_1=0.007272, lambda_2=1.462
  OSC trial 13: mean ARI=0.7511  n=480  154.7s  lambda_1=0.008, lambda_2=0.9995
  OSC trial 14: mean ARI=0.7507  n=480  153.6s  lambda_1=0.01009, lambda_2=9.455
  OSC trial 15: mean ARI=0.7494  n=480  155.8s  lambda_1=0.009909, lambda_2=1.414
  OSC trial 16: mean ARI=0.7447  n=480  159.7s  lambda_1=0.004649, lambda_2=0.02168
  OSC trial 17: mean ARI=0.7471  n=480  153.5s  lambda_1=0.03251, lambda_2=0.4295
  OSC trial 18: mean ARI=0.7413  n=480  159.7s  lambda_1=0.02587, lambda_2=0.02409
  OSC trial 19: mean ARI=0.7501  n=480  154.1s  lambda_1=0.005404, lambda_2=0.3063
    best mean ARI=0.7513  tune 3362.2s  lambda_1=0.007272, lambda_2=1.462
  wrote /nfs/turbo/umms-minjilab/lpullela/icassp_ssc_tv2/block_ssc_benchmark/cv/params/surveillance/split_k3_sigmas_min30_trials20_params_knownk_cv_osc_k3_sigma0p25_sigma0.25_fold0.json

=== P1E_S1_C1 train[0] k=3  dim=576  frames=153  σ=0.25  fold=0 ===
  OSC: k_hat=3  ACC=0.9739  NMI=0.9153  ARI=0.9230  0.4s

=== P1E_S1_C1 train[1] k=3  dim=576  frames=130  σ=0.25  fold=0 ===
  OSC: k_hat=3  ACC=1.0000  NMI=1.0000  ARI=1.0000  0.3s

=== P1E_S1_C1 train[2] k=3  dim=576  frames=140  σ=0.25  fold=0 ===
  OSC: k_hat=3  ACC=0.9143  NMI=0.7991  ARI=0.7394  0.3s

=== P1E_S1_C1 train[3] k=3  dim=576  frames=157  σ=0.25  fold=0 ===
  OSC: k_hat=3  ACC=0.5924  NMI=0.6638  ARI=0.4711  0.4s

=== P1E_S1_C1 train[4] k=3  dim=576  frames=151  σ=0.25  fold=0 ===
  OSC: k_hat=3  ACC=0.6026  NMI=0.6703  ARI=0.4826  0.4s

=== P1E_S1_C1 train[5] k=3  dim=576  frames=140  σ=0.25  fold=0 ===
  OSC: k_hat=3  ACC=0.8786  NMI=0.7789  ARI=0.7106  0.3s

=== P1E_S1_C1 train[6] k=3  dim=576  frames=171  σ=0.25  fold=0 ===
  OSC: k_hat=3  ACC=0.9942  NMI=0.9732  ARI=0.9831  0.5s

=== P1E_S1_C2 train[0] k=3  dim=576  frames=115  σ=0.25  fold=0 ===
  OSC: k_hat=3  ACC=0.9913  NMI=0.9622  ARI=0.9715  0.3s

=== P1E_S1_C2 train[1] k=3  dim=576  frames=104  σ=0.25  fold=0 ===
  OSC: k_hat=3  ACC=1.0000  NMI=1.0000  ARI=1.0000  0.2s

=== P1E_S1_C2 train[2] k=3  dim=576  frames=138  σ=0.25  fold=0 ===
  OSC: k_hat=3  ACC=0.6304  NMI=0.5871  ARI=0.4363  0.3s

=== P1E_S1_C2 train[3] k=3  dim=576  frames=113  σ=0.25  fold=0 ===
  OSC: k_hat=3  ACC=0.7080  NMI=0.6183  ARI=0.5160  0.2s

=== P1E_S1_C2 train[4] k=3  dim=576  frames=122  σ=0.25  fold=0 ===
  OSC: k_hat=3  ACC=0.5574  NMI=0.6295  ARI=0.4511  0.3s

=== P1E_S1_C2 train[5] k=3  dim=576  frames=122  σ=0.25  fold=0 ===
  OSC: k_hat=3  ACC=0.9590  NMI=0.8854  ARI=0.8916  0.3s

=== P1E_S1_C2 train[6] k=3  dim=576  frames=134  σ=0.25  fold=0 ===
  OSC: k_hat=3  ACC=0.9776  NMI=0.9247  ARI=0.9355  0.3s

=== P1E_S1_C3 train[0] k=3  dim=576  frames=56  σ=0.25  fold=0 ===
  OSC: k_hat=3  ACC=0.9821  NMI=0.9328  ARI=0.9451  0.1s

=== P1E_S1_C3 train[1] k=3  dim=576  frames=47  σ=0.25  fold=0 ===
  OSC: k_hat=3  ACC=1.0000  NMI=1.0000  ARI=1.0000  0.1s

=== P1E_S1_C3 train[2] k=3  dim=576  frames=61  σ=0.25  fold=0 ===
  OSC: k_hat=3  ACC=0.5902  NMI=0.5667  ARI=0.4032  0.1s

=== P1E_S1_C3 train[3] k=3  dim=576  frames=37  σ=0.25  fold=0 ===
  OSC: k_hat=3  ACC=0.7297  NMI=0.5587  ARI=0.5003  0.1s

=== P1E_S1_C3 train[4] k=3  dim=576  frames=55  σ=0.25  fold=0 ===
  OSC: k_hat=3  ACC=0.9636  NMI=0.8708  ARI=0.8924  0.1s

=== P1E_S1_C3 train[5] k=3  dim=576  frames=51  σ=0.25  fold=0 ===
  OSC: k_hat=3  ACC=0.9412  NMI=0.8195  ARI=0.8304  0.1s

=== P1E_S1_C3 train[6] k=3  dim=576  frames=69  σ=0.25  fold=0 ===
  OSC: k_hat=3  ACC=0.9420  NMI=0.8181  ARI=0.8290  0.1s

=== P1E_S2_C1 train[0] k=3  dim=576  frames=151  σ=0.25  fold=0 ===
  OSC: k_hat=3  ACC=0.7417  NMI=0.6109  ARI=0.5054  0.4s

=== P1E_S2_C1 train[1] k=3  dim=576  frames=136  σ=0.25  fold=0 ===
  OSC: k_hat=3  ACC=0.8971  NMI=0.7907  ARI=0.7297  0.3s

=== P1E_S2_C1 train[2] k=3  dim=576  frames=180  σ=0.25  fold=0 ===
  OSC: k_hat=3  ACC=0.7278  NMI=0.6529  ARI=0.5009  0.5s

=== P1E_S2_C1 train[3] k=3  dim=576  frames=149  σ=0.25  fold=0 ===
  OSC: k_hat=3  ACC=0.6040  NMI=0.6711  ARI=0.4842  0.4s

=== P1E_S2_C1 train[4] k=3  dim=576  frames=124  σ=0.25  fold=0 ===
  OSC: k_hat=3  ACC=0.5645  NMI=0.6652  ARI=0.4649  0.3s

=== P1E_S2_C1 train[5] k=3  dim=576  frames=161  σ=0.25  fold=0 ===
  OSC: k_hat=3  ACC=0.8012  NMI=0.6951  ARI=0.5830  0.4s

=== P1E_S2_C1 train[6] k=3  dim=576  frames=153  σ=0.25  fold=0 ===
  OSC: k_hat=3  ACC=0.9935  NMI=0.9709  ARI=0.9811  0.4s

=== P1E_S2_C2 train[0] k=3  dim=576  frames=115  σ=0.25  fold=0 ===
  OSC: k_hat=3  ACC=0.9913  NMI=0.9630  ARI=0.9739  0.3s

=== P1E_S2_C2 train[1] k=3  dim=576  frames=109  σ=0.25  fold=0 ===
  OSC: k_hat=3  ACC=1.0000  NMI=1.0000  ARI=1.0000  0.2s

=== P1E_S2_C2 train[2] k=3  dim=576  frames=144  σ=0.25  fold=0 ===
  OSC: k_hat=3  ACC=0.9236  NMI=0.7952  ARI=0.7901  0.4s

=== P1E_S2_C2 train[3] k=3  dim=576  frames=124  σ=0.25  fold=0 ===
  OSC: k_hat=3  ACC=1.0000  NMI=1.0000  ARI=1.0000  0.3s

=== P1E_S2_C2 train[4] k=3  dim=576  frames=109  σ=0.25  fold=0 ===
  OSC: k_hat=3  ACC=0.6972  NMI=0.6941  ARI=0.5482  0.2s

=== P1E_S2_C2 train[5] k=3  dim=576  frames=128  σ=0.25  fold=0 ===
  OSC: k_hat=3  ACC=0.8828  NMI=0.7831  ARI=0.7188  0.3s

=== P1E_S2_C2 train[6] k=3  dim=576  frames=126  σ=0.25  fold=0 ===
  OSC: k_hat=3  ACC=0.9762  NMI=0.9207  ARI=0.9308  0.3s

=== P1E_S2_C3 train[0] k=3  dim=576  frames=88  σ=0.25  fold=0 ===
  OSC: k_hat=3  ACC=0.9886  NMI=0.9540  ARI=0.9655  0.2s

=== P1E_S2_C3 train[1] k=3  dim=576  frames=90  σ=0.25  fold=0 ===
  OSC: k_hat=3  ACC=1.0000  NMI=1.0000  ARI=1.0000  0.2s

=== P1E_S2_C3 train[2] k=3  dim=576  frames=112  σ=0.25  fold=0 ===
  OSC: k_hat=3  ACC=0.8571  NMI=0.7014  ARI=0.6446  0.2s

=== P1E_S2_C3 train[3] k=3  dim=576  frames=99  σ=0.25  fold=0 ===
  OSC: k_hat=3  ACC=0.9899  NMI=0.9585  ARI=0.9691  0.2s

=== P1E_S2_C3 train[4] k=3  dim=576  frames=87  σ=0.25  fold=0 ===
  OSC: k_hat=3  ACC=0.5977  NMI=0.6670  ARI=0.4754  0.2s

=== P1E_S2_C3 train[5] k=3  dim=576  frames=105  σ=0.25  fold=0 ===
  OSC: k_hat=3  ACC=0.9714  NMI=0.8926  ARI=0.9125  0.2s

=== P1E_S2_C3 train[6] k=3  dim=576  frames=89  σ=0.25  fold=0 ===
  OSC: k_hat=3  ACC=0.9775  NMI=0.9248  ARI=0.9383  0.2s

=== P1E_S3_C1 train[0] k=3  dim=576  frames=139  σ=0.25  fold=0 ===
  OSC: k_hat=3  ACC=0.7338  NMI=0.6984  ARI=0.5493  0.3s

=== P1E_S3_C1 train[1] k=3  dim=576  frames=134  σ=0.25  fold=0 ===
  OSC: k_hat=3  ACC=0.8060  NMI=0.6640  ARI=0.5439  0.3s

=== P1E_S3_C1 train[2] k=3  dim=576  frames=161  σ=0.25  fold=0 ===
  OSC: k_hat=3  ACC=0.7888  NMI=0.7131  ARI=0.5833  0.4s

=== P1E_S3_C1 train[3] k=3  dim=576  frames=168  σ=0.25  fold=0 ===
  OSC: k_hat=3  ACC=0.8571  NMI=0.7396  ARI=0.6204  0.4s

=== P1E_S3_C1 train[4] k=3  dim=576  frames=123  σ=0.25  fold=0 ===
  OSC: k_hat=3  ACC=0.5122  NMI=0.4251  ARI=0.2437  0.3s

=== P1E_S3_C1 train[5] k=3  dim=576  frames=204  σ=0.25  fold=0 ===
  OSC: k_hat=3  ACC=0.5686  NMI=0.3504  ARI=0.1516  0.6s

=== P1E_S3_C1 train[6] k=3  dim=576  frames=112  σ=0.25  fold=0 ===
  OSC: k_hat=3  ACC=0.5625  NMI=0.6127  ARI=0.4282  0.2s

=== P1E_S3_C2 train[0] k=3  dim=576  frames=120  σ=0.25  fold=0 ===
  OSC: k_hat=3  ACC=0.6833  NMI=0.6679  ARI=0.4772  0.3s

=== P1E_S3_C2 train[1] k=3  dim=576  frames=112  σ=0.25  fold=0 ===
  OSC: k_hat=3  ACC=0.9554  NMI=0.8723  ARI=0.8616  0.2s

=== P1E_S3_C2 train[2] k=3  dim=576  frames=168  σ=0.25  fold=0 ===
  OSC: k_hat=3  ACC=0.6905  NMI=0.6422  ARI=0.4322  0.4s

=== P1E_S3_C2 train[3] k=3  dim=576  frames=169  σ=0.25  fold=0 ===
  OSC: k_hat=3  ACC=0.8284  NMI=0.7374  ARI=0.6244  0.4s

=== P1E_S3_C2 train[4] k=3  dim=576  frames=107  σ=0.25  fold=0 ===
  OSC: k_hat=3  ACC=0.5888  NMI=0.6662  ARI=0.4710  0.2s

=== P1E_S3_C2 train[5] k=3  dim=576  frames=146  σ=0.25  fold=0 ===
  OSC: k_hat=3  ACC=0.6644  NMI=0.6176  ARI=0.3722  0.4s

=== P1E_S3_C2 train[6] k=3  dim=576  frames=114  σ=0.25  fold=0 ===
  OSC: k_hat=3  ACC=0.9825  NMI=0.9242  ARI=0.9544  0.2s

=== P1E_S3_C3 train[0] k=3  dim=576  frames=89  σ=0.25  fold=0 ===
  OSC: k_hat=3  ACC=1.0000  NMI=1.0000  ARI=1.0000  0.2s

=== P1E_S3_C3 train[1] k=3  dim=576  frames=84  σ=0.25  fold=0 ===
  OSC: k_hat=3  ACC=0.9881  NMI=0.9525  ARI=0.9657  0.2s

=== P1E_S3_C3 train[2] k=3  dim=576  frames=125  σ=0.25  fold=0 ===
  OSC: k_hat=3  ACC=0.9760  NMI=0.9174  ARI=0.9232  0.3s

=== P1E_S3_C3 train[3] k=3  dim=576  frames=128  σ=0.25  fold=0 ===
  OSC: k_hat=3  ACC=0.7500  NMI=0.7005  ARI=0.5481  0.3s

=== P1E_S3_C3 train[4] k=3  dim=576  frames=83  σ=0.25  fold=0 ===
  OSC: k_hat=3  ACC=1.0000  NMI=1.0000  ARI=1.0000  0.2s

=== P1E_S3_C3 train[5] k=3  dim=576  frames=129  σ=0.25  fold=0 ===
  OSC: k_hat=3  ACC=0.5349  NMI=0.6553  ARI=0.4505  0.3s

=== P1E_S3_C3 train[6] k=3  dim=576  frames=84  σ=0.25  fold=0 ===
  OSC: k_hat=3  ACC=0.9881  NMI=0.9523  ARI=0.9667  0.2s

=== P1E_S4_C1 train[0] k=3  dim=576  frames=107  σ=0.25  fold=0 ===
  OSC: k_hat=3  ACC=1.0000  NMI=1.0000  ARI=1.0000  0.2s

=== P1E_S4_C1 train[1] k=3  dim=576  frames=155  σ=0.25  fold=0 ===
  OSC: k_hat=3  ACC=0.9871  NMI=0.9496  ARI=0.9602  0.4s

=== P1E_S4_C1 train[2] k=3  dim=576  frames=182  σ=0.25  fold=0 ===
  OSC: k_hat=3  ACC=0.8626  NMI=0.7396  ARI=0.6658  0.5s

=== P1E_S4_C1 train[3] k=3  dim=576  frames=180  σ=0.25  fold=0 ===
  OSC: k_hat=3  ACC=0.6778  NMI=0.6859  ARI=0.5257  0.5s

=== P1E_S4_C1 train[4] k=3  dim=576  frames=133  σ=0.25  fold=0 ===
  OSC: k_hat=3  ACC=0.6466  NMI=0.6651  ARI=0.4918  0.3s

=== P1E_S4_C1 train[5] k=3  dim=576  frames=147  σ=0.25  fold=0 ===
  OSC: k_hat=3  ACC=0.5238  NMI=0.4818  ARI=0.3255  0.4s

=== P1E_S4_C1 train[6] k=3  dim=576  frames=145  σ=0.25  fold=0 ===
  OSC: k_hat=3  ACC=0.9862  NMI=0.9476  ARI=0.9615  0.4s

=== P1E_S4_C2 train[0] k=3  dim=576  frames=125  σ=0.25  fold=0 ===
  OSC: k_hat=3  ACC=0.9920  NMI=0.9653  ARI=0.9759  0.3s

=== P1E_S4_C2 train[1] k=3  dim=576  frames=122  σ=0.25  fold=0 ===
  OSC: k_hat=3  ACC=0.9918  NMI=0.9645  ARI=0.9747  0.3s

=== P1E_S4_C2 train[2] k=3  dim=576  frames=126  σ=0.25  fold=0 ===
  OSC: k_hat=3  ACC=1.0000  NMI=1.0000  ARI=1.0000  0.3s

=== P1E_S4_C2 train[3] k=3  dim=576  frames=140  σ=0.25  fold=0 ===
  OSC: k_hat=3  ACC=0.9929  NMI=0.9670  ARI=0.9771  0.3s

=== P1E_S4_C2 train[4] k=3  dim=576  frames=129  σ=0.25  fold=0 ===
  OSC: k_hat=3  ACC=0.5581  NMI=0.6606  ARI=0.4599  0.3s

=== P1E_S4_C2 train[5] k=3  dim=576  frames=146  σ=0.25  fold=0 ===
  OSC: k_hat=3  ACC=0.9589  NMI=0.8852  ARI=0.8877  0.4s

=== P1E_S4_C2 train[6] k=3  dim=576  frames=110  σ=0.25  fold=0 ===
  OSC: k_hat=3  ACC=0.9909  NMI=0.9623  ARI=0.9753  0.2s

=== P1E_S4_C3 train[0] k=3  dim=576  frames=64  σ=0.25  fold=0 ===
  OSC: k_hat=3  ACC=0.9844  NMI=0.9424  ARI=0.9536  0.1s

=== P1E_S4_C3 train[1] k=3  dim=576  frames=85  σ=0.25  fold=0 ===
  OSC: k_hat=3  ACC=0.9412  NMI=0.8539  ARI=0.8378  0.2s

=== P1E_S4_C3 train[2] k=3  dim=576  frames=105  σ=0.25  fold=0 ===
  OSC: k_hat=3  ACC=0.5524  NMI=0.5912  ARI=0.4118  0.2s

=== P1E_S4_C3 train[3] k=3  dim=576  frames=87  σ=0.25  fold=0 ===
  OSC: k_hat=3  ACC=0.9885  NMI=0.9539  ARI=0.9649  0.2s

=== P1E_S4_C3 train[4] k=3  dim=576  frames=76  σ=0.25  fold=0 ===
  OSC: k_hat=3  ACC=0.9605  NMI=0.8885  ARI=0.8936  0.1s

=== P1E_S4_C3 train[5] k=3  dim=576  frames=106  σ=0.25  fold=0 ===
  OSC: k_hat=3  ACC=0.6792  NMI=0.7026  ARI=0.5568  0.2s

=== P1E_S4_C3 train[6] k=3  dim=576  frames=79  σ=0.25  fold=0 ===
  OSC: k_hat=3  ACC=0.9873  NMI=0.9513  ARI=0.9638  0.1s

=== P1L_S1_C1 train[0] k=3  dim=576  frames=170  σ=0.25  fold=0 ===
  OSC: k_hat=3  ACC=0.7647  NMI=0.6747  ARI=0.4861  0.5s

=== P1L_S1_C1 train[1] k=3  dim=576  frames=155  σ=0.25  fold=0 ===
  OSC: k_hat=3  ACC=1.0000  NMI=1.0000  ARI=1.0000  0.4s

=== P1L_S1_C1 train[2] k=3  dim=576  frames=182  σ=0.25  fold=0 ===
  OSC: k_hat=3  ACC=0.9945  NMI=0.9745  ARI=0.9840  0.5s

=== P1L_S1_C1 train[3] k=3  dim=576  frames=198  σ=0.25  fold=0 ===
  OSC: k_hat=3  ACC=0.7323  NMI=0.6955  ARI=0.5444  0.6s

=== P1L_S1_C1 train[4] k=3  dim=576  frames=166  σ=0.25  fold=0 ===
  OSC: k_hat=3  ACC=1.0000  NMI=1.0000  ARI=1.0000  0.4s

=== P1L_S1_C1 train[5] k=3  dim=576  frames=116  σ=0.25  fold=0 ===
  OSC: k_hat=3  ACC=0.5517  NMI=0.5057  ARI=0.3338  0.3s

=== P1L_S1_C1 train[6] k=3  dim=576  frames=175  σ=0.25  fold=0 ===
  OSC: k_hat=3  ACC=1.0000  NMI=1.0000  ARI=1.0000  0.5s

=== P1L_S1_C2 train[0] k=3  dim=576  frames=137  σ=0.25  fold=0 ===
  OSC: k_hat=3  ACC=0.8029  NMI=0.7019  ARI=0.5528  0.3s

=== P1L_S1_C2 train[1] k=3  dim=576  frames=147  σ=0.25  fold=0 ===
  OSC: k_hat=3  ACC=1.0000  NMI=1.0000  ARI=1.0000  0.4s

=== P1L_S1_C2 train[2] k=3  dim=576  frames=181  σ=0.25  fold=0 ===
  OSC: k_hat=3  ACC=0.8343  NMI=0.7285  ARI=0.6043  0.5s

=== P1L_S1_C2 train[3] k=3  dim=576  frames=128  σ=0.25  fold=0 ===
  OSC: k_hat=3  ACC=0.5625  NMI=0.6666  ARI=0.4689  0.3s

=== P1L_S1_C2 train[4] k=3  dim=576  frames=154  σ=0.25  fold=0 ===
  OSC: k_hat=3  ACC=0.5065  NMI=0.6566  ARI=0.4500  0.4s

=== P1L_S1_C2 train[5] k=3  dim=576  frames=142  σ=0.25  fold=0 ===
  OSC: k_hat=3  ACC=0.8239  NMI=0.7102  ARI=0.5692  0.3s

=== P1L_S1_C2 train[6] k=3  dim=576  frames=168  σ=0.25  fold=0 ===
  OSC: k_hat=3  ACC=0.9940  NMI=0.9731  ARI=0.9837  0.4s

=== P1L_S1_C3 train[0] k=3  dim=576  frames=68  σ=0.25  fold=0 ===
  OSC: k_hat=3  ACC=1.0000  NMI=1.0000  ARI=1.0000  0.1s

=== P1L_S1_C3 train[1] k=3  dim=576  frames=65  σ=0.25  fold=0 ===
  OSC: k_hat=3  ACC=1.0000  NMI=1.0000  ARI=1.0000  0.1s

=== P1L_S1_C3 train[2] k=3  dim=576  frames=74  σ=0.25  fold=0 ===
  OSC: k_hat=3  ACC=0.5541  NMI=0.6640  ARI=0.4617  0.1s

=== P1L_S1_C3 train[3] k=3  dim=576  frames=73  σ=0.25  fold=0 ===
  OSC: k_hat=3  ACC=0.6301  NMI=0.6672  ARI=0.4815  0.1s

=== P1L_S1_C3 train[4] k=3  dim=576  frames=64  σ=0.25  fold=0 ===
  OSC: k_hat=3  ACC=0.8281  NMI=0.7423  ARI=0.6374  0.1s

=== P1L_S1_C3 train[5] k=3  dim=576  frames=63  σ=0.25  fold=0 ===
  OSC: k_hat=3  ACC=0.6190  NMI=0.6736  ARI=0.5014  0.1s

=== P1L_S1_C3 train[6] k=3  dim=576  frames=75  σ=0.25  fold=0 ===
  OSC: k_hat=3  ACC=0.9867  NMI=0.9474  ARI=0.9569  0.1s

=== P1L_S2_C1 train[0] k=3  dim=576  frames=190  σ=0.25  fold=0 ===
  OSC: k_hat=3  ACC=0.7211  NMI=0.6714  ARI=0.4890  0.5s

=== P1L_S2_C1 train[1] k=3  dim=576  frames=180  σ=0.25  fold=0 ===
  OSC: k_hat=3  ACC=1.0000  NMI=1.0000  ARI=1.0000  0.5s

=== P1L_S2_C1 train[2] k=3  dim=576  frames=177  σ=0.25  fold=0 ===
  OSC: k_hat=3  ACC=0.8305  NMI=0.6528  ARI=0.5780  0.5s

=== P1L_S2_C1 train[3] k=3  dim=576  frames=172  σ=0.25  fold=0 ===
  OSC: k_hat=3  ACC=0.9709  NMI=0.9104  ARI=0.9305  0.5s

=== P1L_S2_C1 train[4] k=3  dim=576  frames=179  σ=0.25  fold=0 ===
  OSC: k_hat=3  ACC=1.0000  NMI=1.0000  ARI=1.0000  0.5s

=== P1L_S2_C1 train[5] k=3  dim=576  frames=180  σ=0.25  fold=0 ===
  OSC: k_hat=3  ACC=0.4944  NMI=0.2521  ARI=0.0513  0.5s

=== P1L_S2_C1 train[6] k=3  dim=576  frames=133  σ=0.25  fold=0 ===
  OSC: k_hat=3  ACC=1.0000  NMI=1.0000  ARI=1.0000  0.3s

=== P1L_S2_C2 train[0] k=3  dim=576  frames=155  σ=0.25  fold=0 ===
  OSC: k_hat=3  ACC=1.0000  NMI=1.0000  ARI=1.0000  0.4s

=== P1L_S2_C2 train[1] k=3  dim=576  frames=134  σ=0.25  fold=0 ===
  OSC: k_hat=3  ACC=1.0000  NMI=1.0000  ARI=1.0000  0.3s

=== P1L_S2_C2 train[2] k=3  dim=576  frames=186  σ=0.25  fold=0 ===
  OSC: k_hat=3  ACC=0.9570  NMI=0.8560  ARI=0.8853  0.5s

=== P1L_S2_C2 train[3] k=3  dim=576  frames=201  σ=0.25  fold=0 ===
  OSC: k_hat=3  ACC=0.9900  NMI=0.9582  ARI=0.9683  0.6s

=== P1L_S2_C2 train[4] k=3  dim=576  frames=171  σ=0.25  fold=0 ===
  OSC: k_hat=3  ACC=0.8363  NMI=0.7362  ARI=0.6178  0.5s

=== P1L_S2_C2 train[5] k=3  dim=576  frames=160  σ=0.25  fold=0 ===
  OSC: k_hat=3  ACC=0.8000  NMI=0.7446  ARI=0.6793  0.4s

=== P1L_S2_C2 train[6] k=3  dim=576  frames=154  σ=0.25  fold=0 ===
  OSC: k_hat=3  ACC=1.0000  NMI=1.0000  ARI=1.0000  0.4s

=== P1L_S2_C3 train[0] k=3  dim=576  frames=101  σ=0.25  fold=0 ===
  OSC: k_hat=3  ACC=0.9901  NMI=0.9577  ARI=0.9692  0.2s

=== P1L_S2_C3 train[1] k=3  dim=576  frames=85  σ=0.25  fold=0 ===
  OSC: k_hat=3  ACC=1.0000  NMI=1.0000  ARI=1.0000  0.2s

=== P1L_S2_C3 train[2] k=3  dim=576  frames=112  σ=0.25  fold=0 ===
  OSC: k_hat=3  ACC=0.5893  NMI=0.6656  ARI=0.4708  0.2s

=== P1L_S2_C3 train[3] k=3  dim=576  frames=126  σ=0.25  fold=0 ===
  OSC: k_hat=3  ACC=0.8413  NMI=0.7417  ARI=0.6278  0.3s

=== P1L_S2_C3 train[4] k=3  dim=576  frames=102  σ=0.25  fold=0 ===
  OSC: k_hat=3  ACC=0.5392  NMI=0.6485  ARI=0.4410  0.2s

=== P1L_S2_C3 train[5] k=3  dim=576  frames=121  σ=0.25  fold=0 ===
  OSC: k_hat=3  ACC=0.9091  NMI=0.7880  ARI=0.7781  0.3s

=== P1L_S2_C3 train[6] k=3  dim=576  frames=99  σ=0.25  fold=0 ===
  OSC: k_hat=3  ACC=0.9697  NMI=0.9066  ARI=0.9152  0.2s

=== P1L_S3_C1 train[0] k=3  dim=576  frames=120  σ=0.25  fold=0 ===
  OSC: k_hat=3  ACC=1.0000  NMI=1.0000  ARI=1.0000  0.3s

=== P1L_S3_C1 train[1] k=3  dim=576  frames=185  σ=0.25  fold=0 ===
  OSC: k_hat=3  ACC=0.9730  NMI=0.9128  ARI=0.9200  0.5s

=== P1L_S3_C1 train[2] k=3  dim=576  frames=156  σ=0.25  fold=0 ===
  OSC: k_hat=3  ACC=0.6474  NMI=0.6812  ARI=0.5139  0.4s

=== P1L_S3_C1 train[3] k=3  dim=576  frames=159  σ=0.25  fold=0 ===
  OSC: k_hat=3  ACC=0.9245  NMI=0.7727  ARI=0.7932  0.4s

=== P1L_S3_C1 train[4] k=3  dim=576  frames=172  σ=0.25  fold=0 ===
  OSC: k_hat=3  ACC=0.8430  NMI=0.7461  ARI=0.6424  0.5s

=== P1L_S3_C1 train[5] k=3  dim=576  frames=176  σ=0.25  fold=0 ===
  OSC: k_hat=3  ACC=0.6989  NMI=0.6232  ARI=0.4026  0.5s

=== P1L_S3_C1 train[6] k=3  dim=576  frames=134  σ=0.25  fold=0 ===
  OSC: k_hat=3  ACC=0.9925  NMI=0.9658  ARI=0.9752  0.3s

=== P1L_S3_C2 train[0] k=3  dim=576  frames=125  σ=0.25  fold=0 ===
  OSC: k_hat=3  ACC=0.8240  NMI=0.6896  ARI=0.6227  0.3s

=== P1L_S3_C2 train[1] k=3  dim=576  frames=166  σ=0.25  fold=0 ===
  OSC: k_hat=3  ACC=1.0000  NMI=1.0000  ARI=1.0000  0.4s

=== P1L_S3_C2 train[2] k=3  dim=576  frames=209  σ=0.25  fold=0 ===
  OSC: k_hat=3  ACC=0.7512  NMI=0.5433  ARI=0.4390  0.6s

=== P1L_S3_C2 train[3] k=3  dim=576  frames=168  σ=0.25  fold=0 ===
  OSC: k_hat=3  ACC=0.6488  NMI=0.6705  ARI=0.5211  0.4s

=== P1L_S3_C2 train[4] k=3  dim=576  frames=187  σ=0.25  fold=0 ===
  OSC: k_hat=3  ACC=0.5508  NMI=0.6596  ARI=0.4583  0.5s

=== P1L_S3_C2 train[5] k=3  dim=576  frames=229  σ=0.25  fold=0 ===
  OSC: k_hat=3  ACC=0.4978  NMI=0.6147  ARI=0.4261  0.7s

=== P1L_S3_C2 train[6] k=3  dim=576  frames=136  σ=0.25  fold=0 ===
  OSC: k_hat=3  ACC=1.0000  NMI=1.0000  ARI=1.0000  0.3s

=== P1L_S3_C3 train[0] k=3  dim=576  frames=118  σ=0.25  fold=0 ===
  OSC: k_hat=3  ACC=0.8983  NMI=0.7946  ARI=0.7354  0.3s

=== P1L_S3_C3 train[1] k=3  dim=576  frames=121  σ=0.25  fold=0 ===
  OSC: k_hat=3  ACC=1.0000  NMI=1.0000  ARI=1.0000  0.3s

=== P1L_S3_C3 train[2] k=3  dim=576  frames=142  σ=0.25  fold=0 ===
  OSC: k_hat=3  ACC=1.0000  NMI=1.0000  ARI=1.0000  0.4s

=== P1L_S3_C3 train[3] k=3  dim=576  frames=134  σ=0.25  fold=0 ===
  OSC: k_hat=3  ACC=0.8507  NMI=0.7327  ARI=0.6091  0.3s

=== P1L_S3_C3 train[4] k=3  dim=576  frames=110  σ=0.25  fold=0 ===
  OSC: k_hat=3  ACC=0.8636  NMI=0.7613  ARI=0.6732  0.2s

=== P1L_S3_C3 train[5] k=3  dim=576  frames=161  σ=0.25  fold=0 ===
  OSC: k_hat=3  ACC=0.8323  NMI=0.7023  ARI=0.6433  0.4s

=== P1L_S3_C3 train[6] k=3  dim=576  frames=114  σ=0.25  fold=0 ===
  OSC: k_hat=3  ACC=0.9912  NMI=0.9630  ARI=0.9763  0.2s

=== P1L_S4_C1 train[0] k=3  dim=576  frames=157  σ=0.25  fold=0 ===
  OSC: k_hat=3  ACC=1.0000  NMI=1.0000  ARI=1.0000  0.4s

=== P1L_S4_C1 train[1] k=3  dim=576  frames=154  σ=0.25  fold=0 ===
  OSC: k_hat=3  ACC=1.0000  NMI=1.0000  ARI=1.0000  0.4s

=== P1L_S4_C1 train[2] k=3  dim=576  frames=168  σ=0.25  fold=0 ===
  OSC: k_hat=3  ACC=0.8810  NMI=0.7606  ARI=0.6645  0.4s

=== P1L_S4_C1 train[3] k=3  dim=576  frames=142  σ=0.25  fold=0 ===
  OSC: k_hat=3  ACC=1.0000  NMI=1.0000  ARI=1.0000  0.4s

=== P1L_S4_C1 train[4] k=3  dim=576  frames=164  σ=0.25  fold=0 ===
  OSC: k_hat=3  ACC=0.9573  NMI=0.8816  ARI=0.8804  0.4s

=== P1L_S4_C1 train[5] k=3  dim=576  frames=187  σ=0.25  fold=0 ===
  OSC: k_hat=3  ACC=0.7273  NMI=0.6489  ARI=0.4550  0.5s

=== P1L_S4_C1 train[6] k=3  dim=576  frames=202  σ=0.25  fold=0 ===
  OSC: k_hat=3  ACC=1.0000  NMI=1.0000  ARI=1.0000  0.6s

=== P1L_S4_C2 train[0] k=3  dim=576  frames=149  σ=0.25  fold=0 ===
  OSC: k_hat=3  ACC=0.9329  NMI=0.8326  ARI=0.7976  0.4s

=== P1L_S4_C2 train[1] k=3  dim=576  frames=175  σ=0.25  fold=0 ===
  OSC: k_hat=3  ACC=1.0000  NMI=1.0000  ARI=1.0000  0.5s

=== P1L_S4_C2 train[2] k=3  dim=576  frames=168  σ=0.25  fold=0 ===
  OSC: k_hat=3  ACC=0.8571  NMI=0.7125  ARI=0.6257  0.4s

=== P1L_S4_C2 train[3] k=3  dim=576  frames=154  σ=0.25  fold=0 ===
  OSC: k_hat=3  ACC=1.0000  NMI=1.0000  ARI=1.0000  0.4s

=== P1L_S4_C2 train[4] k=3  dim=576  frames=152  σ=0.25  fold=0 ===
  OSC: k_hat=3  ACC=0.8618  NMI=0.7611  ARI=0.6804  0.4s

=== P1L_S4_C2 train[5] k=3  dim=576  frames=169  σ=0.25  fold=0 ===
  OSC: k_hat=3  ACC=0.5976  NMI=0.6663  ARI=0.4796  0.4s

=== P1L_S4_C2 train[6] k=3  dim=576  frames=153  σ=0.25  fold=0 ===
  OSC: k_hat=3  ACC=0.9869  NMI=0.9501  ARI=0.9666  0.4s

=== P1L_S4_C3 train[0] k=3  dim=576  frames=107  σ=0.25  fold=0 ===
  OSC: k_hat=3  ACC=0.9907  NMI=0.9584  ARI=0.9678  0.2s

=== P1L_S4_C3 train[1] k=3  dim=576  frames=94  σ=0.25  fold=0 ===
  OSC: k_hat=3  ACC=1.0000  NMI=1.0000  ARI=1.0000  0.2s

=== P1L_S4_C3 train[2] k=3  dim=576  frames=117  σ=0.25  fold=0 ===
  OSC: k_hat=3  ACC=0.6496  NMI=0.6668  ARI=0.4969  0.3s

=== P1L_S4_C3 train[3] k=3  dim=576  frames=112  σ=0.25  fold=0 ===
  OSC: k_hat=3  ACC=0.7857  NMI=0.7122  ARI=0.5675  0.2s

=== P1L_S4_C3 train[4] k=3  dim=576  frames=103  σ=0.25  fold=0 ===
  OSC: k_hat=3  ACC=0.5631  NMI=0.6430  ARI=0.4371  0.2s

=== P1L_S4_C3 train[5] k=3  dim=576  frames=105  σ=0.25  fold=0 ===
  OSC: k_hat=3  ACC=0.5143  NMI=0.6557  ARI=0.4468  0.2s

=== P1L_S4_C3 train[6] k=3  dim=576  frames=107  σ=0.25  fold=0 ===
  OSC: k_hat=3  ACC=0.9813  NMI=0.9338  ARI=0.9463  0.2s

=== P1E_S1_C1 test[0] k=3  dim=576  frames=146  σ=0.25  fold=0 ===
  OSC: k_hat=3  ACC=0.9247  NMI=0.8099  ARI=0.7622  0.4s

=== P1E_S1_C2 test[0] k=3  dim=576  frames=147  σ=0.25  fold=0 ===
  OSC: k_hat=3  ACC=0.9660  NMI=0.8779  ARI=0.8925  0.4s

=== P1E_S1_C3 test[0] k=3  dim=576  frames=58  σ=0.25  fold=0 ===
  OSC: k_hat=3  ACC=0.9138  NMI=0.7553  ARI=0.7388  0.1s

=== P1E_S2_C1 test[0] k=3  dim=576  frames=167  σ=0.25  fold=0 ===
  OSC: k_hat=3  ACC=0.8862  NMI=0.7810  ARI=0.7093  0.4s

=== P1E_S2_C2 test[0] k=3  dim=576  frames=146  σ=0.25  fold=0 ===
  OSC: k_hat=3  ACC=0.9589  NMI=0.8560  ARI=0.8787  0.4s

=== P1E_S2_C3 test[0] k=3  dim=576  frames=113  σ=0.25  fold=0 ===
  OSC: k_hat=3  ACC=0.9912  NMI=0.9613  ARI=0.9706  0.2s

=== P1E_S3_C1 test[0] k=3  dim=576  frames=166  σ=0.25  fold=0 ===
  OSC: k_hat=3  ACC=0.8072  NMI=0.6684  ARI=0.5357  0.4s

=== P1E_S3_C2 test[0] k=3  dim=576  frames=147  σ=0.25  fold=0 ===
  OSC: k_hat=3  ACC=0.8639  NMI=0.7374  ARI=0.6181  0.4s

=== P1E_S3_C3 test[0] k=3  dim=576  frames=105  σ=0.25  fold=0 ===
  OSC: k_hat=3  ACC=1.0000  NMI=1.0000  ARI=1.0000  0.2s

=== P1E_S4_C1 test[0] k=3  dim=576  frames=158  σ=0.25  fold=0 ===
  OSC: k_hat=3  ACC=0.8481  NMI=0.7167  ARI=0.5780  0.4s

=== P1E_S4_C2 test[0] k=3  dim=576  frames=117  σ=0.25  fold=0 ===
  OSC: k_hat=3  ACC=0.9658  NMI=0.8767  ARI=0.8999  0.3s

=== P1E_S4_C3 test[0] k=3  dim=576  frames=90  σ=0.25  fold=0 ===
  OSC: k_hat=3  ACC=0.9667  NMI=0.8787  ARI=0.8983  0.2s

=== P1L_S1_C1 test[0] k=3  dim=576  frames=162  σ=0.25  fold=0 ===
  OSC: k_hat=3  ACC=1.0000  NMI=1.0000  ARI=1.0000  0.4s

=== P1L_S1_C2 test[0] k=3  dim=576  frames=186  σ=0.25  fold=0 ===
  OSC: k_hat=3  ACC=0.7688  NMI=0.6813  ARI=0.5085  0.5s

=== P1L_S1_C3 test[0] k=3  dim=576  frames=60  σ=0.25  fold=0 ===
  OSC: k_hat=3  ACC=0.5167  NMI=0.6515  ARI=0.4364  0.1s

=== P1L_S2_C1 test[0] k=3  dim=576  frames=211  σ=0.25  fold=0 ===
  OSC: k_hat=3  ACC=0.8199  NMI=0.7231  ARI=0.6077  0.6s

=== P1L_S2_C2 test[0] k=3  dim=576  frames=194  σ=0.25  fold=0 ===
  OSC: k_hat=3  ACC=0.9897  NMI=0.9537  ARI=0.9641  0.5s

=== P1L_S2_C3 test[0] k=3  dim=576  frames=119  σ=0.25  fold=0 ===
  OSC: k_hat=3  ACC=1.0000  NMI=1.0000  ARI=1.0000  0.3s

=== P1L_S3_C1 test[0] k=3  dim=576  frames=156  σ=0.25  fold=0 ===
  OSC: k_hat=3  ACC=0.4295  NMI=0.2486  ARI=0.0025  0.4s

=== P1L_S3_C2 test[0] k=3  dim=576  frames=185  σ=0.25  fold=0 ===
  OSC: k_hat=3  ACC=0.8595  NMI=0.6704  ARI=0.6228  0.5s

=== P1L_S3_C3 test[0] k=3  dim=576  frames=151  σ=0.25  fold=0 ===
  OSC: k_hat=3  ACC=0.9934  NMI=0.9670  ARI=0.9779  0.4s

=== P1L_S4_C1 test[0] k=3  dim=576  frames=200  σ=0.25  fold=0 ===
  OSC: k_hat=3  ACC=0.9500  NMI=0.8658  ARI=0.8583  0.6s

=== P1L_S4_C2 test[0] k=3  dim=576  frames=157  σ=0.25  fold=0 ===
  OSC: k_hat=3  ACC=0.7771  NMI=0.6675  ARI=0.4827  0.4s

=== P1L_S4_C3 test[0] k=3  dim=576  frames=96  σ=0.25  fold=0 ===
  OSC: k_hat=3  ACC=1.0000  NMI=1.0000  ARI=1.0000  0.2s
  tune_pool_groups=20: sampling from 22 held-in people (overlap allowed) instead of the 7 fixed partition group(s)

============================================================
σ=0.25 fold=1  test=['0004', '0014', '0027']  train mats=168  test mats=24  tune mats=480
  --- tune OSC over 480 train mats  n_trials=20 (2 params) ---
  OSC trial 0: mean ARI=0.7839  n=480  159.6s  lambda_1=0.1, lambda_2=0.1
  OSC trial 1: mean ARI=0.7701  n=480  157.9s  lambda_1=0.1568, lambda_2=0.7257
  OSC trial 2: mean ARI=0.7317  n=480  157.3s  lambda_1=0.2577, lambda_2=0.1512
  OSC trial 3: mean ARI=0.7928  n=480  155.4s  lambda_1=0.0495, lambda_2=0.3833
  OSC trial 4: mean ARI=0.7925  n=480  155.9s  lambda_1=0.05628, lambda_2=3.691
  OSC trial 5: mean ARI=-0.0003  n=480  153.1s  lambda_1=7.156, lambda_2=0.03418
  OSC trial 6: mean ARI=-0.0003  n=480  153.7s  lambda_1=1.469, lambda_2=0.1305
  OSC trial 7: mean ARI=0.7614  n=480  156.2s  lambda_1=0.1871, lambda_2=5.039
  OSC trial 8: mean ARI=0.7763  n=480  166.6s  lambda_1=0.001924, lambda_2=0.002231
  OSC trial 9: mean ARI=0.7973  n=480  158.9s  lambda_1=0.001205, lambda_2=2.14
  OSC trial 10: mean ARI=0.7772  n=480  163.8s  lambda_1=0.001206, lambda_2=0.001659
  OSC trial 11: mean ARI=0.7966  n=480  156.9s  lambda_1=0.008553, lambda_2=0.9349
  OSC trial 12: mean ARI=0.7960  n=480  158.3s  lambda_1=0.007272, lambda_2=1.462
  OSC trial 13: mean ARI=0.7986  n=480  158.3s  lambda_1=0.00633, lambda_2=7.286
  OSC trial 14: mean ARI=0.7958  n=480  166.6s  lambda_1=0.009944, lambda_2=9.455
  OSC trial 15: mean ARI=0.7980  n=480  174.2s  lambda_1=0.002841, lambda_2=2.395
  OSC trial 16: mean ARI=0.7974  n=480  166.9s  lambda_1=0.004082, lambda_2=8.19
  OSC trial 17: mean ARI=0.7886  n=480  199.0s  lambda_1=0.03163, lambda_2=0.01694
  OSC trial 18: mean ARI=0.7941  n=480  167.8s  lambda_1=0.0203, lambda_2=2.972
  OSC trial 19: mean ARI=0.7978  n=480  171.8s  lambda_1=0.004023, lambda_2=0.4303
    best mean ARI=0.7986  tune 3258.5s  lambda_1=0.00633, lambda_2=7.286
  wrote /nfs/turbo/umms-minjilab/lpullela/icassp_ssc_tv2/block_ssc_benchmark/cv/params/surveillance/split_k3_sigmas_min30_trials20_params_knownk_cv_osc_k3_sigma0p25_sigma0.25_fold1.json

=== P1E_S1_C1 train[0] k=3  dim=576  frames=146  σ=0.25  fold=1 ===
  OSC: k_hat=3  ACC=0.9247  NMI=0.8099  ARI=0.7622  0.4s

=== P1E_S1_C1 train[1] k=3  dim=576  frames=130  σ=0.25  fold=1 ===
  OSC: k_hat=3  ACC=1.0000  NMI=1.0000  ARI=1.0000  0.3s

=== P1E_S1_C1 train[2] k=3  dim=576  frames=140  σ=0.25  fold=1 ===
  OSC: k_hat=3  ACC=0.9000  NMI=0.7798  ARI=0.7028  0.4s

=== P1E_S1_C1 train[3] k=3  dim=576  frames=157  σ=0.25  fold=1 ===
  OSC: k_hat=3  ACC=0.5924  NMI=0.6638  ARI=0.4711  0.4s

=== P1E_S1_C1 train[4] k=3  dim=576  frames=151  σ=0.25  fold=1 ===
  OSC: k_hat=3  ACC=0.6026  NMI=0.6703  ARI=0.4826  0.4s

=== P1E_S1_C1 train[5] k=3  dim=576  frames=140  σ=0.25  fold=1 ===
  OSC: k_hat=3  ACC=0.8786  NMI=0.7789  ARI=0.7106  0.4s

=== P1E_S1_C1 train[6] k=3  dim=576  frames=171  σ=0.25  fold=1 ===
  OSC: k_hat=3  ACC=0.9942  NMI=0.9732  ARI=0.9831  0.5s

=== P1E_S1_C2 train[0] k=3  dim=576  frames=147  σ=0.25  fold=1 ===
  OSC: k_hat=3  ACC=0.9660  NMI=0.8779  ARI=0.8925  0.4s

=== P1E_S1_C2 train[1] k=3  dim=576  frames=104  σ=0.25  fold=1 ===
  OSC: k_hat=3  ACC=1.0000  NMI=1.0000  ARI=1.0000  0.2s

=== P1E_S1_C2 train[2] k=3  dim=576  frames=138  σ=0.25  fold=1 ===
  OSC: k_hat=3  ACC=0.6304  NMI=0.5871  ARI=0.4363  0.3s

=== P1E_S1_C2 train[3] k=3  dim=576  frames=113  σ=0.25  fold=1 ===
  OSC: k_hat=3  ACC=0.7080  NMI=0.6183  ARI=0.5160  0.3s

=== P1E_S1_C2 train[4] k=3  dim=576  frames=122  σ=0.25  fold=1 ===
  OSC: k_hat=3  ACC=0.5574  NMI=0.6295  ARI=0.4511  0.3s

=== P1E_S1_C2 train[5] k=3  dim=576  frames=122  σ=0.25  fold=1 ===
  OSC: k_hat=3  ACC=0.9590  NMI=0.8854  ARI=0.8916  0.3s

=== P1E_S1_C2 train[6] k=3  dim=576  frames=134  σ=0.25  fold=1 ===
  OSC: k_hat=3  ACC=0.9776  NMI=0.9247  ARI=0.9355  0.3s

=== P1E_S1_C3 train[0] k=3  dim=576  frames=58  σ=0.25  fold=1 ===
  OSC: k_hat=3  ACC=0.9138  NMI=0.7553  ARI=0.7388  0.1s

=== P1E_S1_C3 train[1] k=3  dim=576  frames=47  σ=0.25  fold=1 ===
  OSC: k_hat=3  ACC=1.0000  NMI=1.0000  ARI=1.0000  0.1s

=== P1E_S1_C3 train[2] k=3  dim=576  frames=61  σ=0.25  fold=1 ===
  OSC: k_hat=3  ACC=0.5902  NMI=0.5667  ARI=0.4032  0.1s

=== P1E_S1_C3 train[3] k=3  dim=576  frames=37  σ=0.25  fold=1 ===
  OSC: k_hat=3  ACC=0.7297  NMI=0.5587  ARI=0.5003  0.1s

=== P1E_S1_C3 train[4] k=3  dim=576  frames=55  σ=0.25  fold=1 ===
  OSC: k_hat=3  ACC=0.9636  NMI=0.8708  ARI=0.8924  0.1s

=== P1E_S1_C3 train[5] k=3  dim=576  frames=51  σ=0.25  fold=1 ===
  OSC: k_hat=3  ACC=0.9412  NMI=0.8195  ARI=0.8304  0.1s

=== P1E_S1_C3 train[6] k=3  dim=576  frames=69  σ=0.25  fold=1 ===
  OSC: k_hat=3  ACC=0.9420  NMI=0.8181  ARI=0.8290  0.1s

=== P1E_S2_C1 train[0] k=3  dim=576  frames=167  σ=0.25  fold=1 ===
  OSC: k_hat=3  ACC=0.8862  NMI=0.7810  ARI=0.7093  0.4s

=== P1E_S2_C1 train[1] k=3  dim=576  frames=136  σ=0.25  fold=1 ===
  OSC: k_hat=3  ACC=0.8971  NMI=0.7907  ARI=0.7297  0.3s

=== P1E_S2_C1 train[2] k=3  dim=576  frames=180  σ=0.25  fold=1 ===
  OSC: k_hat=3  ACC=0.7278  NMI=0.6529  ARI=0.5009  0.5s

=== P1E_S2_C1 train[3] k=3  dim=576  frames=149  σ=0.25  fold=1 ===
  OSC: k_hat=3  ACC=0.6040  NMI=0.6711  ARI=0.4842  0.4s

=== P1E_S2_C1 train[4] k=3  dim=576  frames=124  σ=0.25  fold=1 ===
  OSC: k_hat=3  ACC=0.5645  NMI=0.6652  ARI=0.4649  0.3s

=== P1E_S2_C1 train[5] k=3  dim=576  frames=161  σ=0.25  fold=1 ===
  OSC: k_hat=3  ACC=0.8012  NMI=0.6951  ARI=0.5830  0.4s

=== P1E_S2_C1 train[6] k=3  dim=576  frames=153  σ=0.25  fold=1 ===
  OSC: k_hat=3  ACC=0.9935  NMI=0.9709  ARI=0.9811  0.4s

=== P1E_S2_C2 train[0] k=3  dim=576  frames=146  σ=0.25  fold=1 ===
  OSC: k_hat=3  ACC=0.9589  NMI=0.8560  ARI=0.8787  0.4s

=== P1E_S2_C2 train[1] k=3  dim=576  frames=109  σ=0.25  fold=1 ===
  OSC: k_hat=3  ACC=1.0000  NMI=1.0000  ARI=1.0000  0.2s

=== P1E_S2_C2 train[2] k=3  dim=576  frames=144  σ=0.25  fold=1 ===
  OSC: k_hat=3  ACC=0.9236  NMI=0.7952  ARI=0.7901  0.4s

=== P1E_S2_C2 train[3] k=3  dim=576  frames=124  σ=0.25  fold=1 ===
  OSC: k_hat=3  ACC=1.0000  NMI=1.0000  ARI=1.0000  0.3s

=== P1E_S2_C2 train[4] k=3  dim=576  frames=109  σ=0.25  fold=1 ===
  OSC: k_hat=3  ACC=0.6972  NMI=0.6941  ARI=0.5482  0.2s

=== P1E_S2_C2 train[5] k=3  dim=576  frames=128  σ=0.25  fold=1 ===
  OSC: k_hat=3  ACC=0.8828  NMI=0.7831  ARI=0.7188  0.3s

=== P1E_S2_C2 train[6] k=3  dim=576  frames=126  σ=0.25  fold=1 ===
  OSC: k_hat=3  ACC=0.9762  NMI=0.9207  ARI=0.9308  0.3s

=== P1E_S2_C3 train[0] k=3  dim=576  frames=113  σ=0.25  fold=1 ===
  OSC: k_hat=3  ACC=0.9912  NMI=0.9613  ARI=0.9706  0.3s

=== P1E_S2_C3 train[1] k=3  dim=576  frames=90  σ=0.25  fold=1 ===
  OSC: k_hat=3  ACC=1.0000  NMI=1.0000  ARI=1.0000  0.2s

=== P1E_S2_C3 train[2] k=3  dim=576  frames=112  σ=0.25  fold=1 ===
  OSC: k_hat=3  ACC=0.8571  NMI=0.7014  ARI=0.6446  0.3s

=== P1E_S2_C3 train[3] k=3  dim=576  frames=99  σ=0.25  fold=1 ===
  OSC: k_hat=3  ACC=0.9899  NMI=0.9585  ARI=0.9691  0.2s

=== P1E_S2_C3 train[4] k=3  dim=576  frames=87  σ=0.25  fold=1 ===
  OSC: k_hat=3  ACC=0.6092  NMI=0.6683  ARI=0.4793  0.2s

=== P1E_S2_C3 train[5] k=3  dim=576  frames=105  σ=0.25  fold=1 ===
  OSC: k_hat=3  ACC=0.9714  NMI=0.8926  ARI=0.9125  0.2s

=== P1E_S2_C3 train[6] k=3  dim=576  frames=89  σ=0.25  fold=1 ===
  OSC: k_hat=3  ACC=0.9775  NMI=0.9248  ARI=0.9383  0.2s

=== P1E_S3_C1 train[0] k=3  dim=576  frames=166  σ=0.25  fold=1 ===
  OSC: k_hat=3  ACC=0.8072  NMI=0.6684  ARI=0.5357  0.4s

=== P1E_S3_C1 train[1] k=3  dim=576  frames=134  σ=0.25  fold=1 ===
  OSC: k_hat=3  ACC=0.8060  NMI=0.6640  ARI=0.5439  0.3s

=== P1E_S3_C1 train[2] k=3  dim=576  frames=161  σ=0.25  fold=1 ===
  OSC: k_hat=3  ACC=0.7888  NMI=0.7131  ARI=0.5833  0.4s

=== P1E_S3_C1 train[3] k=3  dim=576  frames=168  σ=0.25  fold=1 ===
  OSC: k_hat=3  ACC=0.8571  NMI=0.7396  ARI=0.6204  0.4s

=== P1E_S3_C1 train[4] k=3  dim=576  frames=123  σ=0.25  fold=1 ===
  OSC: k_hat=3  ACC=0.5122  NMI=0.4251  ARI=0.2437  0.3s

=== P1E_S3_C1 train[5] k=3  dim=576  frames=204  σ=0.25  fold=1 ===
  OSC: k_hat=3  ACC=0.5686  NMI=0.3504  ARI=0.1516  0.6s

=== P1E_S3_C1 train[6] k=3  dim=576  frames=112  σ=0.25  fold=1 ===
  OSC: k_hat=3  ACC=0.5625  NMI=0.6127  ARI=0.4282  0.3s

=== P1E_S3_C2 train[0] k=3  dim=576  frames=147  σ=0.25  fold=1 ===
  OSC: k_hat=3  ACC=0.8639  NMI=0.7374  ARI=0.6181  0.4s

=== P1E_S3_C2 train[1] k=3  dim=576  frames=112  σ=0.25  fold=1 ===
  OSC: k_hat=3  ACC=0.9554  NMI=0.8723  ARI=0.8616  0.3s

=== P1E_S3_C2 train[2] k=3  dim=576  frames=168  σ=0.25  fold=1 ===
  OSC: k_hat=3  ACC=0.6905  NMI=0.6422  ARI=0.4322  0.4s

=== P1E_S3_C2 train[3] k=3  dim=576  frames=169  σ=0.25  fold=1 ===
  OSC: k_hat=3  ACC=0.8284  NMI=0.7374  ARI=0.6244  0.4s

=== P1E_S3_C2 train[4] k=3  dim=576  frames=107  σ=0.25  fold=1 ===
  OSC: k_hat=3  ACC=0.5888  NMI=0.6662  ARI=0.4710  0.3s

=== P1E_S3_C2 train[5] k=3  dim=576  frames=146  σ=0.25  fold=1 ===
  OSC: k_hat=3  ACC=0.6644  NMI=0.6176  ARI=0.3722  0.4s

=== P1E_S3_C2 train[6] k=3  dim=576  frames=114  σ=0.25  fold=1 ===
  OSC: k_hat=3  ACC=0.9825  NMI=0.9242  ARI=0.9544  0.3s

=== P1E_S3_C3 train[0] k=3  dim=576  frames=105  σ=0.25  fold=1 ===
  OSC: k_hat=3  ACC=1.0000  NMI=1.0000  ARI=1.0000  0.2s

=== P1E_S3_C3 train[1] k=3  dim=576  frames=84  σ=0.25  fold=1 ===
  OSC: k_hat=3  ACC=0.9881  NMI=0.9525  ARI=0.9657  0.2s

=== P1E_S3_C3 train[2] k=3  dim=576  frames=125  σ=0.25  fold=1 ===
  OSC: k_hat=3  ACC=0.9760  NMI=0.9174  ARI=0.9232  0.3s

=== P1E_S3_C3 train[3] k=3  dim=576  frames=128  σ=0.25  fold=1 ===
  OSC: k_hat=3  ACC=0.7500  NMI=0.7005  ARI=0.5481  0.3s

=== P1E_S3_C3 train[4] k=3  dim=576  frames=83  σ=0.25  fold=1 ===
  OSC: k_hat=3  ACC=1.0000  NMI=1.0000  ARI=1.0000  0.2s

=== P1E_S3_C3 train[5] k=3  dim=576  frames=129  σ=0.25  fold=1 ===
  OSC: k_hat=3  ACC=0.5349  NMI=0.6553  ARI=0.4505  0.3s

=== P1E_S3_C3 train[6] k=3  dim=576  frames=84  σ=0.25  fold=1 ===
  OSC: k_hat=3  ACC=0.9881  NMI=0.9523  ARI=0.9667  0.2s

=== P1E_S4_C1 train[0] k=3  dim=576  frames=158  σ=0.25  fold=1 ===
  OSC: k_hat=3  ACC=0.8481  NMI=0.7167  ARI=0.5780  0.4s

=== P1E_S4_C1 train[1] k=3  dim=576  frames=155  σ=0.25  fold=1 ===
  OSC: k_hat=3  ACC=0.9871  NMI=0.9496  ARI=0.9602  0.4s

=== P1E_S4_C1 train[2] k=3  dim=576  frames=182  σ=0.25  fold=1 ===
  OSC: k_hat=3  ACC=0.8626  NMI=0.7396  ARI=0.6658  0.5s

=== P1E_S4_C1 train[3] k=3  dim=576  frames=180  σ=0.25  fold=1 ===
  OSC: k_hat=3  ACC=0.6778  NMI=0.6859  ARI=0.5257  0.5s

=== P1E_S4_C1 train[4] k=3  dim=576  frames=133  σ=0.25  fold=1 ===
  OSC: k_hat=3  ACC=0.6466  NMI=0.6651  ARI=0.4918  0.3s

=== P1E_S4_C1 train[5] k=3  dim=576  frames=147  σ=0.25  fold=1 ===
  OSC: k_hat=3  ACC=0.5238  NMI=0.4818  ARI=0.3255  0.4s

=== P1E_S4_C1 train[6] k=3  dim=576  frames=145  σ=0.25  fold=1 ===
  OSC: k_hat=3  ACC=0.9862  NMI=0.9476  ARI=0.9615  0.4s

=== P1E_S4_C2 train[0] k=3  dim=576  frames=117  σ=0.25  fold=1 ===
  OSC: k_hat=3  ACC=0.9658  NMI=0.8767  ARI=0.8999  0.3s

=== P1E_S4_C2 train[1] k=3  dim=576  frames=122  σ=0.25  fold=1 ===
  OSC: k_hat=3  ACC=0.9918  NMI=0.9645  ARI=0.9747  0.3s

=== P1E_S4_C2 train[2] k=3  dim=576  frames=126  σ=0.25  fold=1 ===
  OSC: k_hat=3  ACC=1.0000  NMI=1.0000  ARI=1.0000  0.3s

=== P1E_S4_C2 train[3] k=3  dim=576  frames=140  σ=0.25  fold=1 ===
  OSC: k_hat=3  ACC=0.9929  NMI=0.9670  ARI=0.9771  0.3s

=== P1E_S4_C2 train[4] k=3  dim=576  frames=129  σ=0.25  fold=1 ===
  OSC: k_hat=3  ACC=0.5581  NMI=0.6606  ARI=0.4599  0.3s

=== P1E_S4_C2 train[5] k=3  dim=576  frames=146  σ=0.25  fold=1 ===
  OSC: k_hat=3  ACC=0.9589  NMI=0.8852  ARI=0.8877  0.4s

=== P1E_S4_C2 train[6] k=3  dim=576  frames=110  σ=0.25  fold=1 ===
  OSC: k_hat=3  ACC=0.9909  NMI=0.9623  ARI=0.9753  0.2s

=== P1E_S4_C3 train[0] k=3  dim=576  frames=90  σ=0.25  fold=1 ===
  OSC: k_hat=3  ACC=0.9667  NMI=0.8787  ARI=0.8983  0.2s

=== P1E_S4_C3 train[1] k=3  dim=576  frames=85  σ=0.25  fold=1 ===
  OSC: k_hat=3  ACC=0.9412  NMI=0.8539  ARI=0.8378  0.2s

=== P1E_S4_C3 train[2] k=3  dim=576  frames=105  σ=0.25  fold=1 ===
  OSC: k_hat=3  ACC=0.5524  NMI=0.5912  ARI=0.4118  0.2s

=== P1E_S4_C3 train[3] k=3  dim=576  frames=87  σ=0.25  fold=1 ===
  OSC: k_hat=3  ACC=0.9885  NMI=0.9539  ARI=0.9649  0.2s

=== P1E_S4_C3 train[4] k=3  dim=576  frames=76  σ=0.25  fold=1 ===
  OSC: k_hat=3  ACC=0.9605  NMI=0.8885  ARI=0.8936  0.2s

=== P1E_S4_C3 train[5] k=3  dim=576  frames=106  σ=0.25  fold=1 ===
  OSC: k_hat=3  ACC=0.6792  NMI=0.7026  ARI=0.5568  0.2s

=== P1E_S4_C3 train[6] k=3  dim=576  frames=79  σ=0.25  fold=1 ===
  OSC: k_hat=3  ACC=0.9873  NMI=0.9513  ARI=0.9638  0.2s

=== P1L_S1_C1 train[0] k=3  dim=576  frames=162  σ=0.25  fold=1 ===
  OSC: k_hat=3  ACC=1.0000  NMI=1.0000  ARI=1.0000  0.5s

=== P1L_S1_C1 train[1] k=3  dim=576  frames=155  σ=0.25  fold=1 ===
  OSC: k_hat=3  ACC=1.0000  NMI=1.0000  ARI=1.0000  0.4s

=== P1L_S1_C1 train[2] k=3  dim=576  frames=182  σ=0.25  fold=1 ===
  OSC: k_hat=3  ACC=0.9945  NMI=0.9745  ARI=0.9840  0.5s

=== P1L_S1_C1 train[3] k=3  dim=576  frames=198  σ=0.25  fold=1 ===
  OSC: k_hat=3  ACC=0.7323  NMI=0.6955  ARI=0.5444  0.6s

=== P1L_S1_C1 train[4] k=3  dim=576  frames=166  σ=0.25  fold=1 ===
  OSC: k_hat=3  ACC=1.0000  NMI=1.0000  ARI=1.0000  0.4s

=== P1L_S1_C1 train[5] k=3  dim=576  frames=116  σ=0.25  fold=1 ===
  OSC: k_hat=3  ACC=0.5517  NMI=0.5057  ARI=0.3338  0.3s

=== P1L_S1_C1 train[6] k=3  dim=576  frames=175  σ=0.25  fold=1 ===
  OSC: k_hat=3  ACC=1.0000  NMI=1.0000  ARI=1.0000  0.5s

=== P1L_S1_C2 train[0] k=3  dim=576  frames=186  σ=0.25  fold=1 ===
  OSC: k_hat=3  ACC=0.7688  NMI=0.6813  ARI=0.5085  0.5s

=== P1L_S1_C2 train[1] k=3  dim=576  frames=147  σ=0.25  fold=1 ===
  OSC: k_hat=3  ACC=1.0000  NMI=1.0000  ARI=1.0000  0.4s

=== P1L_S1_C2 train[2] k=3  dim=576  frames=181  σ=0.25  fold=1 ===
  OSC: k_hat=3  ACC=0.8343  NMI=0.7285  ARI=0.6043  0.5s

=== P1L_S1_C2 train[3] k=3  dim=576  frames=128  σ=0.25  fold=1 ===
  OSC: k_hat=3  ACC=0.5625  NMI=0.6666  ARI=0.4689  0.3s

=== P1L_S1_C2 train[4] k=3  dim=576  frames=154  σ=0.25  fold=1 ===
  OSC: k_hat=3  ACC=0.5065  NMI=0.6566  ARI=0.4500  0.4s

=== P1L_S1_C2 train[5] k=3  dim=576  frames=142  σ=0.25  fold=1 ===
  OSC: k_hat=3  ACC=0.8239  NMI=0.7102  ARI=0.5692  0.4s

=== P1L_S1_C2 train[6] k=3  dim=576  frames=168  σ=0.25  fold=1 ===
  OSC: k_hat=3  ACC=0.9940  NMI=0.9731  ARI=0.9837  0.4s

=== P1L_S1_C3 train[0] k=3  dim=576  frames=60  σ=0.25  fold=1 ===
  OSC: k_hat=3  ACC=0.5167  NMI=0.6515  ARI=0.4364  0.1s

=== P1L_S1_C3 train[1] k=3  dim=576  frames=65  σ=0.25  fold=1 ===
  OSC: k_hat=3  ACC=1.0000  NMI=1.0000  ARI=1.0000  0.1s

=== P1L_S1_C3 train[2] k=3  dim=576  frames=74  σ=0.25  fold=1 ===
  OSC: k_hat=3  ACC=0.5541  NMI=0.6640  ARI=0.4617  0.2s

=== P1L_S1_C3 train[3] k=3  dim=576  frames=73  σ=0.25  fold=1 ===
  OSC: k_hat=3  ACC=0.6301  NMI=0.6672  ARI=0.4815  0.2s

=== P1L_S1_C3 train[4] k=3  dim=576  frames=64  σ=0.25  fold=1 ===
  OSC: k_hat=3  ACC=0.8281  NMI=0.7423  ARI=0.6374  0.1s

=== P1L_S1_C3 train[5] k=3  dim=576  frames=63  σ=0.25  fold=1 ===
  OSC: k_hat=3  ACC=0.6190  NMI=0.6736  ARI=0.5014  0.1s

=== P1L_S1_C3 train[6] k=3  dim=576  frames=75  σ=0.25  fold=1 ===
  OSC: k_hat=3  ACC=0.9867  NMI=0.9474  ARI=0.9569  0.2s

=== P1L_S2_C1 train[0] k=3  dim=576  frames=211  σ=0.25  fold=1 ===
  OSC: k_hat=3  ACC=0.8199  NMI=0.7231  ARI=0.6077  0.6s

=== P1L_S2_C1 train[1] k=3  dim=576  frames=180  σ=0.25  fold=1 ===
  OSC: k_hat=3  ACC=1.0000  NMI=1.0000  ARI=1.0000  0.5s

=== P1L_S2_C1 train[2] k=3  dim=576  frames=177  σ=0.25  fold=1 ===
  OSC: k_hat=3  ACC=0.8305  NMI=0.6528  ARI=0.5780  0.5s

=== P1L_S2_C1 train[3] k=3  dim=576  frames=172  σ=0.25  fold=1 ===
  OSC: k_hat=3  ACC=0.9709  NMI=0.9104  ARI=0.9305  0.5s

=== P1L_S2_C1 train[4] k=3  dim=576  frames=179  σ=0.25  fold=1 ===
  OSC: k_hat=3  ACC=1.0000  NMI=1.0000  ARI=1.0000  0.5s

=== P1L_S2_C1 train[5] k=3  dim=576  frames=180  σ=0.25  fold=1 ===
  OSC: k_hat=3  ACC=0.4944  NMI=0.2521  ARI=0.0513  0.5s

=== P1L_S2_C1 train[6] k=3  dim=576  frames=133  σ=0.25  fold=1 ===
  OSC: k_hat=3  ACC=1.0000  NMI=1.0000  ARI=1.0000  0.3s

=== P1L_S2_C2 train[0] k=3  dim=576  frames=194  σ=0.25  fold=1 ===
  OSC: k_hat=3  ACC=0.9897  NMI=0.9537  ARI=0.9641  0.5s

=== P1L_S2_C2 train[1] k=3  dim=576  frames=134  σ=0.25  fold=1 ===
  OSC: k_hat=3  ACC=1.0000  NMI=1.0000  ARI=1.0000  0.3s

=== P1L_S2_C2 train[2] k=3  dim=576  frames=186  σ=0.25  fold=1 ===
  OSC: k_hat=3  ACC=0.9570  NMI=0.8560  ARI=0.8853  0.5s

=== P1L_S2_C2 train[3] k=3  dim=576  frames=201  σ=0.25  fold=1 ===
  OSC: k_hat=3  ACC=0.9900  NMI=0.9582  ARI=0.9683  0.6s

=== P1L_S2_C2 train[4] k=3  dim=576  frames=171  σ=0.25  fold=1 ===
  OSC: k_hat=3  ACC=0.8363  NMI=0.7362  ARI=0.6178  0.5s

=== P1L_S2_C2 train[5] k=3  dim=576  frames=160  σ=0.25  fold=1 ===
  OSC: k_hat=3  ACC=0.8000  NMI=0.7446  ARI=0.6793  0.4s

=== P1L_S2_C2 train[6] k=3  dim=576  frames=154  σ=0.25  fold=1 ===
  OSC: k_hat=3  ACC=1.0000  NMI=1.0000  ARI=1.0000  0.4s

=== P1L_S2_C3 train[0] k=3  dim=576  frames=119  σ=0.25  fold=1 ===
  OSC: k_hat=3  ACC=1.0000  NMI=1.0000  ARI=1.0000  0.3s

=== P1L_S2_C3 train[1] k=3  dim=576  frames=85  σ=0.25  fold=1 ===
  OSC: k_hat=3  ACC=1.0000  NMI=1.0000  ARI=1.0000  0.2s

=== P1L_S2_C3 train[2] k=3  dim=576  frames=112  σ=0.25  fold=1 ===
  OSC: k_hat=3  ACC=0.5893  NMI=0.6656  ARI=0.4708  0.2s

=== P1L_S2_C3 train[3] k=3  dim=576  frames=126  σ=0.25  fold=1 ===
  OSC: k_hat=3  ACC=0.8413  NMI=0.7417  ARI=0.6278  0.3s

=== P1L_S2_C3 train[4] k=3  dim=576  frames=102  σ=0.25  fold=1 ===
  OSC: k_hat=3  ACC=0.5392  NMI=0.6485  ARI=0.4410  0.2s

=== P1L_S2_C3 train[5] k=3  dim=576  frames=121  σ=0.25  fold=1 ===
  OSC: k_hat=3  ACC=0.9091  NMI=0.7880  ARI=0.7781  0.3s

=== P1L_S2_C3 train[6] k=3  dim=576  frames=99  σ=0.25  fold=1 ===
  OSC: k_hat=3  ACC=0.9697  NMI=0.9066  ARI=0.9152  0.2s

=== P1L_S3_C1 train[0] k=3  dim=576  frames=156  σ=0.25  fold=1 ===
  OSC: k_hat=3  ACC=0.4295  NMI=0.2486  ARI=0.0025  0.4s

=== P1L_S3_C1 train[1] k=3  dim=576  frames=185  σ=0.25  fold=1 ===
  OSC: k_hat=3  ACC=0.9730  NMI=0.9128  ARI=0.9200  0.5s

=== P1L_S3_C1 train[2] k=3  dim=576  frames=156  σ=0.25  fold=1 ===
  OSC: k_hat=3  ACC=0.6474  NMI=0.6812  ARI=0.5139  0.4s

=== P1L_S3_C1 train[3] k=3  dim=576  frames=159  σ=0.25  fold=1 ===
  OSC: k_hat=3  ACC=0.9245  NMI=0.7727  ARI=0.7932  0.4s

=== P1L_S3_C1 train[4] k=3  dim=576  frames=172  σ=0.25  fold=1 ===
  OSC: k_hat=3  ACC=0.8430  NMI=0.7461  ARI=0.6424  0.5s

=== P1L_S3_C1 train[5] k=3  dim=576  frames=176  σ=0.25  fold=1 ===
  OSC: k_hat=3  ACC=0.6989  NMI=0.6232  ARI=0.4026  0.5s

=== P1L_S3_C1 train[6] k=3  dim=576  frames=134  σ=0.25  fold=1 ===
  OSC: k_hat=3  ACC=0.9925  NMI=0.9658  ARI=0.9752  0.3s

=== P1L_S3_C2 train[0] k=3  dim=576  frames=185  σ=0.25  fold=1 ===
  OSC: k_hat=3  ACC=0.8595  NMI=0.6704  ARI=0.6228  0.5s

=== P1L_S3_C2 train[1] k=3  dim=576  frames=166  σ=0.25  fold=1 ===
  OSC: k_hat=3  ACC=1.0000  NMI=1.0000  ARI=1.0000  0.4s

=== P1L_S3_C2 train[2] k=3  dim=576  frames=209  σ=0.25  fold=1 ===
  OSC: k_hat=3  ACC=0.7512  NMI=0.5433  ARI=0.4390  0.6s

=== P1L_S3_C2 train[3] k=3  dim=576  frames=168  σ=0.25  fold=1 ===
  OSC: k_hat=3  ACC=0.6488  NMI=0.6705  ARI=0.5211  0.4s

=== P1L_S3_C2 train[4] k=3  dim=576  frames=187  σ=0.25  fold=1 ===
  OSC: k_hat=3  ACC=0.5508  NMI=0.6596  ARI=0.4583  0.5s

=== P1L_S3_C2 train[5] k=3  dim=576  frames=229  σ=0.25  fold=1 ===
  OSC: k_hat=3  ACC=0.4978  NMI=0.6147  ARI=0.4261  0.7s

=== P1L_S3_C2 train[6] k=3  dim=576  frames=136  σ=0.25  fold=1 ===
  OSC: k_hat=3  ACC=1.0000  NMI=1.0000  ARI=1.0000  0.3s

=== P1L_S3_C3 train[0] k=3  dim=576  frames=151  σ=0.25  fold=1 ===
  OSC: k_hat=3  ACC=0.9934  NMI=0.9670  ARI=0.9779  0.4s

=== P1L_S3_C3 train[1] k=3  dim=576  frames=121  σ=0.25  fold=1 ===
  OSC: k_hat=3  ACC=1.0000  NMI=1.0000  ARI=1.0000  0.3s

=== P1L_S3_C3 train[2] k=3  dim=576  frames=142  σ=0.25  fold=1 ===
  OSC: k_hat=3  ACC=1.0000  NMI=1.0000  ARI=1.0000  0.4s

=== P1L_S3_C3 train[3] k=3  dim=576  frames=134  σ=0.25  fold=1 ===
  OSC: k_hat=3  ACC=0.8507  NMI=0.7327  ARI=0.6091  0.3s

=== P1L_S3_C3 train[4] k=3  dim=576  frames=110  σ=0.25  fold=1 ===
  OSC: k_hat=3  ACC=0.8636  NMI=0.7613  ARI=0.6732  0.2s

=== P1L_S3_C3 train[5] k=3  dim=576  frames=161  σ=0.25  fold=1 ===
  OSC: k_hat=3  ACC=0.8323  NMI=0.7023  ARI=0.6433  0.4s

=== P1L_S3_C3 train[6] k=3  dim=576  frames=114  σ=0.25  fold=1 ===
  OSC: k_hat=3  ACC=0.9912  NMI=0.9630  ARI=0.9763  0.3s

=== P1L_S4_C1 train[0] k=3  dim=576  frames=200  σ=0.25  fold=1 ===
  OSC: k_hat=3  ACC=0.9500  NMI=0.8658  ARI=0.8583  0.6s

=== P1L_S4_C1 train[1] k=3  dim=576  frames=154  σ=0.25  fold=1 ===
  OSC: k_hat=3  ACC=1.0000  NMI=1.0000  ARI=1.0000  0.4s

=== P1L_S4_C1 train[2] k=3  dim=576  frames=168  σ=0.25  fold=1 ===
  OSC: k_hat=3  ACC=0.8810  NMI=0.7606  ARI=0.6645  0.4s

=== P1L_S4_C1 train[3] k=3  dim=576  frames=142  σ=0.25  fold=1 ===
  OSC: k_hat=3  ACC=1.0000  NMI=1.0000  ARI=1.0000  0.4s

=== P1L_S4_C1 train[4] k=3  dim=576  frames=164  σ=0.25  fold=1 ===
  OSC: k_hat=3  ACC=0.9573  NMI=0.8816  ARI=0.8804  0.4s

=== P1L_S4_C1 train[5] k=3  dim=576  frames=187  σ=0.25  fold=1 ===
  OSC: k_hat=3  ACC=0.7273  NMI=0.6489  ARI=0.4550  0.5s

=== P1L_S4_C1 train[6] k=3  dim=576  frames=202  σ=0.25  fold=1 ===
  OSC: k_hat=3  ACC=1.0000  NMI=1.0000  ARI=1.0000  0.6s

=== P1L_S4_C2 train[0] k=3  dim=576  frames=157  σ=0.25  fold=1 ===
  OSC: k_hat=3  ACC=0.7771  NMI=0.6675  ARI=0.4827  0.4s

=== P1L_S4_C2 train[1] k=3  dim=576  frames=175  σ=0.25  fold=1 ===
  OSC: k_hat=3  ACC=1.0000  NMI=1.0000  ARI=1.0000  0.5s

=== P1L_S4_C2 train[2] k=3  dim=576  frames=168  σ=0.25  fold=1 ===
  OSC: k_hat=3  ACC=0.8571  NMI=0.7125  ARI=0.6257  0.4s

=== P1L_S4_C2 train[3] k=3  dim=576  frames=154  σ=0.25  fold=1 ===
  OSC: k_hat=3  ACC=1.0000  NMI=1.0000  ARI=1.0000  0.4s

=== P1L_S4_C2 train[4] k=3  dim=576  frames=152  σ=0.25  fold=1 ===
  OSC: k_hat=3  ACC=0.8618  NMI=0.7611  ARI=0.6804  0.4s

=== P1L_S4_C2 train[5] k=3  dim=576  frames=169  σ=0.25  fold=1 ===
  OSC: k_hat=3  ACC=0.5976  NMI=0.6663  ARI=0.4796  0.4s

=== P1L_S4_C2 train[6] k=3  dim=576  frames=153  σ=0.25  fold=1 ===
  OSC: k_hat=3  ACC=0.9869  NMI=0.9501  ARI=0.9666  0.4s

=== P1L_S4_C3 train[0] k=3  dim=576  frames=96  σ=0.25  fold=1 ===
  OSC: k_hat=3  ACC=1.0000  NMI=1.0000  ARI=1.0000  0.2s

=== P1L_S4_C3 train[1] k=3  dim=576  frames=94  σ=0.25  fold=1 ===
  OSC: k_hat=3  ACC=1.0000  NMI=1.0000  ARI=1.0000  0.2s

=== P1L_S4_C3 train[2] k=3  dim=576  frames=117  σ=0.25  fold=1 ===
  OSC: k_hat=3  ACC=0.6496  NMI=0.6668  ARI=0.4969  0.3s

=== P1L_S4_C3 train[3] k=3  dim=576  frames=112  σ=0.25  fold=1 ===
  OSC: k_hat=3  ACC=0.7857  NMI=0.7122  ARI=0.5675  0.3s

=== P1L_S4_C3 train[4] k=3  dim=576  frames=103  σ=0.25  fold=1 ===
  OSC: k_hat=3  ACC=0.5631  NMI=0.6430  ARI=0.4371  0.2s

=== P1L_S4_C3 train[5] k=3  dim=576  frames=105  σ=0.25  fold=1 ===
  OSC: k_hat=3  ACC=0.5143  NMI=0.6557  ARI=0.4468  0.2s

=== P1L_S4_C3 train[6] k=3  dim=576  frames=107  σ=0.25  fold=1 ===
  OSC: k_hat=3  ACC=0.9813  NMI=0.9338  ARI=0.9463  0.2s

=== P1E_S1_C1 test[0] k=3  dim=576  frames=153  σ=0.25  fold=1 ===
  OSC: k_hat=3  ACC=0.9739  NMI=0.9153  ARI=0.9230  0.4s

=== P1E_S1_C2 test[0] k=3  dim=576  frames=115  σ=0.25  fold=1 ===
  OSC: k_hat=3  ACC=0.9913  NMI=0.9622  ARI=0.9715  0.3s

=== P1E_S1_C3 test[0] k=3  dim=576  frames=56  σ=0.25  fold=1 ===
  OSC: k_hat=3  ACC=0.9821  NMI=0.9328  ARI=0.9451  0.1s

=== P1E_S2_C1 test[0] k=3  dim=576  frames=151  σ=0.25  fold=1 ===
  OSC: k_hat=3  ACC=0.7417  NMI=0.6109  ARI=0.5054  0.4s

=== P1E_S2_C2 test[0] k=3  dim=576  frames=115  σ=0.25  fold=1 ===
  OSC: k_hat=3  ACC=0.9913  NMI=0.9630  ARI=0.9739  0.3s

=== P1E_S2_C3 test[0] k=3  dim=576  frames=88  σ=0.25  fold=1 ===
  OSC: k_hat=3  ACC=0.9886  NMI=0.9540  ARI=0.9655  0.2s

=== P1E_S3_C1 test[0] k=3  dim=576  frames=139  σ=0.25  fold=1 ===
  OSC: k_hat=3  ACC=0.7338  NMI=0.6984  ARI=0.5493  0.3s

=== P1E_S3_C2 test[0] k=3  dim=576  frames=120  σ=0.25  fold=1 ===
  OSC: k_hat=3  ACC=0.6833  NMI=0.6679  ARI=0.4772  0.3s

=== P1E_S3_C3 test[0] k=3  dim=576  frames=89  σ=0.25  fold=1 ===
  OSC: k_hat=3  ACC=1.0000  NMI=1.0000  ARI=1.0000  0.2s

=== P1E_S4_C1 test[0] k=3  dim=576  frames=107  σ=0.25  fold=1 ===
  OSC: k_hat=3  ACC=1.0000  NMI=1.0000  ARI=1.0000  0.2s

=== P1E_S4_C2 test[0] k=3  dim=576  frames=125  σ=0.25  fold=1 ===
  OSC: k_hat=3  ACC=0.9920  NMI=0.9653  ARI=0.9759  0.3s

=== P1E_S4_C3 test[0] k=3  dim=576  frames=64  σ=0.25  fold=1 ===
  OSC: k_hat=3  ACC=0.9844  NMI=0.9424  ARI=0.9536  0.1s

=== P1L_S1_C1 test[0] k=3  dim=576  frames=170  σ=0.25  fold=1 ===
  OSC: k_hat=3  ACC=0.7647  NMI=0.6747  ARI=0.4861  0.4s

=== P1L_S1_C2 test[0] k=3  dim=576  frames=137  σ=0.25  fold=1 ===
  OSC: k_hat=3  ACC=0.8029  NMI=0.7019  ARI=0.5528  0.3s

=== P1L_S1_C3 test[0] k=3  dim=576  frames=68  σ=0.25  fold=1 ===
  OSC: k_hat=3  ACC=1.0000  NMI=1.0000  ARI=1.0000  0.1s

=== P1L_S2_C1 test[0] k=3  dim=576  frames=190  σ=0.25  fold=1 ===
  OSC: k_hat=3  ACC=0.7211  NMI=0.6714  ARI=0.4890  0.5s

=== P1L_S2_C2 test[0] k=3  dim=576  frames=155  σ=0.25  fold=1 ===
  OSC: k_hat=3  ACC=1.0000  NMI=1.0000  ARI=1.0000  0.4s

=== P1L_S2_C3 test[0] k=3  dim=576  frames=101  σ=0.25  fold=1 ===
  OSC: k_hat=3  ACC=0.9901  NMI=0.9577  ARI=0.9692  0.2s

=== P1L_S3_C1 test[0] k=3  dim=576  frames=120  σ=0.25  fold=1 ===
  OSC: k_hat=3  ACC=1.0000  NMI=1.0000  ARI=1.0000  0.3s

=== P1L_S3_C2 test[0] k=3  dim=576  frames=125  σ=0.25  fold=1 ===
  OSC: k_hat=3  ACC=0.8240  NMI=0.6896  ARI=0.6227  0.3s

=== P1L_S3_C3 test[0] k=3  dim=576  frames=118  σ=0.25  fold=1 ===
  OSC: k_hat=3  ACC=0.8983  NMI=0.7946  ARI=0.7354  0.3s

=== P1L_S4_C1 test[0] k=3  dim=576  frames=157  σ=0.25  fold=1 ===
  OSC: k_hat=3  ACC=1.0000  NMI=1.0000  ARI=1.0000  0.4s

=== P1L_S4_C2 test[0] k=3  dim=576  frames=149  σ=0.25  fold=1 ===
  OSC: k_hat=3  ACC=0.9329  NMI=0.8326  ARI=0.7976  0.4s

=== P1L_S4_C3 test[0] k=3  dim=576  frames=107  σ=0.25  fold=1 ===
  OSC: k_hat=3  ACC=0.9907  NMI=0.9584  ARI=0.9678  0.2s
  tune_pool_groups=20: sampling from 22 held-in people (overlap allowed) instead of the 7 fixed partition group(s)

============================================================
σ=0.25 fold=2  test=['0009', '0019', '0026']  train mats=168  test mats=24  tune mats=480
  --- tune OSC over 480 train mats  n_trials=20 (2 params) ---
  OSC trial 0: mean ARI=0.7020  n=480  195.1s  lambda_1=0.1, lambda_2=0.1
  OSC trial 1: mean ARI=0.6977  n=480  273.4s  lambda_1=0.1568, lambda_2=0.7257
  OSC trial 2: mean ARI=0.6754  n=480  292.4s  lambda_1=0.2577, lambda_2=0.1512
  OSC trial 3: mean ARI=0.7113  n=480  174.2s  lambda_1=0.0495, lambda_2=0.3833
  OSC trial 4: mean ARI=0.7102  n=480  182.8s  lambda_1=0.05628, lambda_2=3.691
  OSC trial 5: mean ARI=0.0017  n=480  160.8s  lambda_1=7.156, lambda_2=0.03418
  OSC trial 6: mean ARI=0.0017  n=480  173.1s  lambda_1=1.469, lambda_2=0.1305
  OSC trial 7: mean ARI=0.6932  n=480  163.6s  lambda_1=0.1871, lambda_2=5.039
  OSC trial 8: mean ARI=0.7104  n=480  170.9s  lambda_1=0.001924, lambda_2=0.002231
  OSC trial 9: mean ARI=0.7163  n=480  184.9s  lambda_1=0.001205, lambda_2=2.14
  OSC trial 10: mean ARI=0.7105  n=480  189.9s  lambda_1=0.001206, lambda_2=0.001659
  OSC trial 11: mean ARI=0.7159  n=480  171.1s  lambda_1=0.008553, lambda_2=0.9349
  OSC trial 12: mean ARI=0.7158  n=480  158.7s  lambda_1=0.007272, lambda_2=1.462
  OSC trial 13: mean ARI=0.7158  n=480  163.3s  lambda_1=0.00633, lambda_2=7.286
  OSC trial 14: mean ARI=0.7158  n=480  164.6s  lambda_1=0.009944, lambda_2=1.892
  OSC trial 15: mean ARI=0.7145  n=480  159.6s  lambda_1=0.01762, lambda_2=0.6673
  OSC trial 16: mean ARI=0.7125  n=480  169.6s  lambda_1=0.002878, lambda_2=0.01302
  OSC trial 17: mean ARI=0.7163  n=480  173.4s  lambda_1=0.001061, lambda_2=9.574
  OSC trial 18: mean ARI=0.7163  n=480  186.1s  lambda_1=0.001125, lambda_2=7.898
  OSC trial 19: mean ARI=0.7170  n=480  268.4s  lambda_1=0.003569, lambda_2=2.52
    best mean ARI=0.7170  tune 3776.1s  lambda_1=0.003569, lambda_2=2.52
  wrote /nfs/turbo/umms-minjilab/lpullela/icassp_ssc_tv2/block_ssc_benchmark/cv/params/surveillance/split_k3_sigmas_min30_trials20_params_knownk_cv_osc_k3_sigma0p25_sigma0.25_fold2.json

=== P1E_S1_C1 train[0] k=3  dim=576  frames=146  σ=0.25  fold=2 ===
  OSC: k_hat=3  ACC=0.9247  NMI=0.8099  ARI=0.7622  0.3s

=== P1E_S1_C1 train[1] k=3  dim=576  frames=153  σ=0.25  fold=2 ===
  OSC: k_hat=3  ACC=0.9608  NMI=0.8873  ARI=0.8871  0.4s

=== P1E_S1_C1 train[2] k=3  dim=576  frames=140  σ=0.25  fold=2 ===
  OSC: k_hat=3  ACC=0.9000  NMI=0.7798  ARI=0.7028  0.3s

=== P1E_S1_C1 train[3] k=3  dim=576  frames=157  σ=0.25  fold=2 ===
  OSC: k_hat=3  ACC=0.5924  NMI=0.6638  ARI=0.4711  0.4s

=== P1E_S1_C1 train[4] k=3  dim=576  frames=151  σ=0.25  fold=2 ===
  OSC: k_hat=3  ACC=0.6026  NMI=0.6703  ARI=0.4826  0.4s

=== P1E_S1_C1 train[5] k=3  dim=576  frames=140  σ=0.25  fold=2 ===
  OSC: k_hat=3  ACC=0.8786  NMI=0.7789  ARI=0.7106  0.3s

=== P1E_S1_C1 train[6] k=3  dim=576  frames=171  σ=0.25  fold=2 ===
  OSC: k_hat=3  ACC=0.9942  NMI=0.9732  ARI=0.9831  0.4s

=== P1E_S1_C2 train[0] k=3  dim=576  frames=147  σ=0.25  fold=2 ===
  OSC: k_hat=3  ACC=0.9660  NMI=0.8779  ARI=0.8925  0.3s

=== P1E_S1_C2 train[1] k=3  dim=576  frames=115  σ=0.25  fold=2 ===
  OSC: k_hat=3  ACC=0.9913  NMI=0.9622  ARI=0.9715  0.2s

=== P1E_S1_C2 train[2] k=3  dim=576  frames=138  σ=0.25  fold=2 ===
  OSC: k_hat=3  ACC=0.6304  NMI=0.5871  ARI=0.4363  0.3s

=== P1E_S1_C2 train[3] k=3  dim=576  frames=113  σ=0.25  fold=2 ===
  OSC: k_hat=3  ACC=0.7080  NMI=0.6183  ARI=0.5160  0.2s

=== P1E_S1_C2 train[4] k=3  dim=576  frames=122  σ=0.25  fold=2 ===
  OSC: k_hat=3  ACC=0.5574  NMI=0.6295  ARI=0.4511  0.3s

=== P1E_S1_C2 train[5] k=3  dim=576  frames=122  σ=0.25  fold=2 ===
  OSC: k_hat=3  ACC=0.9590  NMI=0.8854  ARI=0.8916  0.3s

=== P1E_S1_C2 train[6] k=3  dim=576  frames=134  σ=0.25  fold=2 ===
  OSC: k_hat=3  ACC=0.9776  NMI=0.9247  ARI=0.9355  0.3s

=== P1E_S1_C3 train[0] k=3  dim=576  frames=58  σ=0.25  fold=2 ===
  OSC: k_hat=3  ACC=0.9138  NMI=0.7553  ARI=0.7388  0.1s

=== P1E_S1_C3 train[1] k=3  dim=576  frames=56  σ=0.25  fold=2 ===
  OSC: k_hat=3  ACC=0.9821  NMI=0.9328  ARI=0.9451  0.1s

=== P1E_S1_C3 train[2] k=3  dim=576  frames=61  σ=0.25  fold=2 ===
  OSC: k_hat=3  ACC=0.5902  NMI=0.5667  ARI=0.4032  0.1s

=== P1E_S1_C3 train[3] k=3  dim=576  frames=37  σ=0.25  fold=2 ===
  OSC: k_hat=3  ACC=0.7297  NMI=0.5587  ARI=0.5003  0.1s

=== P1E_S1_C3 train[4] k=3  dim=576  frames=55  σ=0.25  fold=2 ===
  OSC: k_hat=3  ACC=0.9636  NMI=0.8708  ARI=0.8924  0.1s

=== P1E_S1_C3 train[5] k=3  dim=576  frames=51  σ=0.25  fold=2 ===
  OSC: k_hat=3  ACC=0.9412  NMI=0.8195  ARI=0.8304  0.1s

=== P1E_S1_C3 train[6] k=3  dim=576  frames=69  σ=0.25  fold=2 ===
  OSC: k_hat=3  ACC=0.9420  NMI=0.8181  ARI=0.8290  0.1s

=== P1E_S2_C1 train[0] k=3  dim=576  frames=167  σ=0.25  fold=2 ===
  OSC: k_hat=3  ACC=0.8802  NMI=0.7540  ARI=0.6943  0.4s

=== P1E_S2_C1 train[1] k=3  dim=576  frames=151  σ=0.25  fold=2 ===
  OSC: k_hat=3  ACC=0.7417  NMI=0.6109  ARI=0.5054  0.4s

=== P1E_S2_C1 train[2] k=3  dim=576  frames=180  σ=0.25  fold=2 ===
  OSC: k_hat=3  ACC=0.7278  NMI=0.6529  ARI=0.5009  0.5s

=== P1E_S2_C1 train[3] k=3  dim=576  frames=149  σ=0.25  fold=2 ===
  OSC: k_hat=3  ACC=0.6040  NMI=0.6711  ARI=0.4842  0.4s

=== P1E_S2_C1 train[4] k=3  dim=576  frames=124  σ=0.25  fold=2 ===
  OSC: k_hat=3  ACC=0.5645  NMI=0.6652  ARI=0.4649  0.3s

=== P1E_S2_C1 train[5] k=3  dim=576  frames=161  σ=0.25  fold=2 ===
  OSC: k_hat=3  ACC=0.8012  NMI=0.6951  ARI=0.5830  0.4s

=== P1E_S2_C1 train[6] k=3  dim=576  frames=153  σ=0.25  fold=2 ===
  OSC: k_hat=3  ACC=0.9935  NMI=0.9709  ARI=0.9811  0.4s

=== P1E_S2_C2 train[0] k=3  dim=576  frames=146  σ=0.25  fold=2 ===
  OSC: k_hat=3  ACC=0.9452  NMI=0.8353  ARI=0.8331  0.3s

=== P1E_S2_C2 train[1] k=3  dim=576  frames=115  σ=0.25  fold=2 ===
  OSC: k_hat=3  ACC=0.9913  NMI=0.9630  ARI=0.9739  0.2s

=== P1E_S2_C2 train[2] k=3  dim=576  frames=144  σ=0.25  fold=2 ===
  OSC: k_hat=3  ACC=0.9236  NMI=0.7952  ARI=0.7901  0.3s

=== P1E_S2_C2 train[3] k=3  dim=576  frames=124  σ=0.25  fold=2 ===
  OSC: k_hat=3  ACC=1.0000  NMI=1.0000  ARI=1.0000  0.3s

=== P1E_S2_C2 train[4] k=3  dim=576  frames=109  σ=0.25  fold=2 ===
  OSC: k_hat=3  ACC=0.6972  NMI=0.6941  ARI=0.5482  0.2s

=== P1E_S2_C2 train[5] k=3  dim=576  frames=128  σ=0.25  fold=2 ===
  OSC: k_hat=3  ACC=0.8828  NMI=0.7831  ARI=0.7188  0.3s

=== P1E_S2_C2 train[6] k=3  dim=576  frames=126  σ=0.25  fold=2 ===
  OSC: k_hat=3  ACC=0.9762  NMI=0.9207  ARI=0.9308  0.3s

=== P1E_S2_C3 train[0] k=3  dim=576  frames=113  σ=0.25  fold=2 ===
  OSC: k_hat=3  ACC=0.9912  NMI=0.9613  ARI=0.9706  0.2s

=== P1E_S2_C3 train[1] k=3  dim=576  frames=88  σ=0.25  fold=2 ===
  OSC: k_hat=3  ACC=0.9886  NMI=0.9540  ARI=0.9655  0.2s

=== P1E_S2_C3 train[2] k=3  dim=576  frames=112  σ=0.25  fold=2 ===
  OSC: k_hat=3  ACC=0.8571  NMI=0.7014  ARI=0.6446  0.2s

=== P1E_S2_C3 train[3] k=3  dim=576  frames=99  σ=0.25  fold=2 ===
  OSC: k_hat=3  ACC=0.9899  NMI=0.9585  ARI=0.9691  0.2s

=== P1E_S2_C3 train[4] k=3  dim=576  frames=87  σ=0.25  fold=2 ===
  OSC: k_hat=3  ACC=0.6092  NMI=0.6683  ARI=0.4793  0.2s

=== P1E_S2_C3 train[5] k=3  dim=576  frames=105  σ=0.25  fold=2 ===
  OSC: k_hat=3  ACC=0.9714  NMI=0.8926  ARI=0.9125  0.2s

=== P1E_S2_C3 train[6] k=3  dim=576  frames=89  σ=0.25  fold=2 ===
  OSC: k_hat=3  ACC=0.9775  NMI=0.9248  ARI=0.9383  0.2s

=== P1E_S3_C1 train[0] k=3  dim=576  frames=166  σ=0.25  fold=2 ===
  OSC: k_hat=3  ACC=0.8072  NMI=0.6684  ARI=0.5357  0.4s

=== P1E_S3_C1 train[1] k=3  dim=576  frames=139  σ=0.25  fold=2 ===
  OSC: k_hat=3  ACC=0.7338  NMI=0.6984  ARI=0.5493  0.3s

=== P1E_S3_C1 train[2] k=3  dim=576  frames=161  σ=0.25  fold=2 ===
  OSC: k_hat=3  ACC=0.7888  NMI=0.7131  ARI=0.5833  0.4s

=== P1E_S3_C1 train[3] k=3  dim=576  frames=168  σ=0.25  fold=2 ===
  OSC: k_hat=3  ACC=0.8571  NMI=0.7396  ARI=0.6204  0.4s

=== P1E_S3_C1 train[4] k=3  dim=576  frames=123  σ=0.25  fold=2 ===
  OSC: k_hat=3  ACC=0.5122  NMI=0.4251  ARI=0.2437  0.3s

=== P1E_S3_C1 train[5] k=3  dim=576  frames=204  σ=0.25  fold=2 ===
  OSC: k_hat=3  ACC=0.5686  NMI=0.3504  ARI=0.1516  0.6s

=== P1E_S3_C1 train[6] k=3  dim=576  frames=112  σ=0.25  fold=2 ===
  OSC: k_hat=3  ACC=0.5625  NMI=0.6127  ARI=0.4282  0.2s

=== P1E_S3_C2 train[0] k=3  dim=576  frames=147  σ=0.25  fold=2 ===
  OSC: k_hat=3  ACC=0.8639  NMI=0.7374  ARI=0.6181  0.4s

=== P1E_S3_C2 train[1] k=3  dim=576  frames=120  σ=0.25  fold=2 ===
  OSC: k_hat=3  ACC=0.6833  NMI=0.6679  ARI=0.4772  0.3s

=== P1E_S3_C2 train[2] k=3  dim=576  frames=168  σ=0.25  fold=2 ===
  OSC: k_hat=3  ACC=0.6905  NMI=0.6422  ARI=0.4322  0.4s

=== P1E_S3_C2 train[3] k=3  dim=576  frames=169  σ=0.25  fold=2 ===
  OSC: k_hat=3  ACC=0.8284  NMI=0.7374  ARI=0.6244  0.4s

=== P1E_S3_C2 train[4] k=3  dim=576  frames=107  σ=0.25  fold=2 ===
  OSC: k_hat=3  ACC=0.5888  NMI=0.6662  ARI=0.4710  0.2s

=== P1E_S3_C2 train[5] k=3  dim=576  frames=146  σ=0.25  fold=2 ===
  OSC: k_hat=3  ACC=0.6644  NMI=0.6176  ARI=0.3722  0.3s

=== P1E_S3_C2 train[6] k=3  dim=576  frames=114  σ=0.25  fold=2 ===
  OSC: k_hat=3  ACC=0.9825  NMI=0.9242  ARI=0.9544  0.2s

=== P1E_S3_C3 train[0] k=3  dim=576  frames=105  σ=0.25  fold=2 ===
  OSC: k_hat=3  ACC=1.0000  NMI=1.0000  ARI=1.0000  0.2s

=== P1E_S3_C3 train[1] k=3  dim=576  frames=89  σ=0.25  fold=2 ===
  OSC: k_hat=3  ACC=1.0000  NMI=1.0000  ARI=1.0000  0.2s

=== P1E_S3_C3 train[2] k=3  dim=576  frames=125  σ=0.25  fold=2 ===
  OSC: k_hat=3  ACC=0.9760  NMI=0.9174  ARI=0.9232  0.3s

=== P1E_S3_C3 train[3] k=3  dim=576  frames=128  σ=0.25  fold=2 ===
  OSC: k_hat=3  ACC=0.7500  NMI=0.7005  ARI=0.5481  0.3s

=== P1E_S3_C3 train[4] k=3  dim=576  frames=83  σ=0.25  fold=2 ===
  OSC: k_hat=3  ACC=1.0000  NMI=1.0000  ARI=1.0000  0.2s

=== P1E_S3_C3 train[5] k=3  dim=576  frames=129  σ=0.25  fold=2 ===
  OSC: k_hat=3  ACC=0.5349  NMI=0.6553  ARI=0.4505  0.3s

=== P1E_S3_C3 train[6] k=3  dim=576  frames=84  σ=0.25  fold=2 ===
  OSC: k_hat=3  ACC=0.9881  NMI=0.9523  ARI=0.9667  0.2s

=== P1E_S4_C1 train[0] k=3  dim=576  frames=158  σ=0.25  fold=2 ===
  OSC: k_hat=3  ACC=0.8481  NMI=0.7167  ARI=0.5780  0.4s

=== P1E_S4_C1 train[1] k=3  dim=576  frames=107  σ=0.25  fold=2 ===
  OSC: k_hat=3  ACC=1.0000  NMI=1.0000  ARI=1.0000  0.2s

=== P1E_S4_C1 train[2] k=3  dim=576  frames=182  σ=0.25  fold=2 ===
  OSC: k_hat=3  ACC=0.8626  NMI=0.7396  ARI=0.6658  0.5s

=== P1E_S4_C1 train[3] k=3  dim=576  frames=180  σ=0.25  fold=2 ===
  OSC: k_hat=3  ACC=0.8278  NMI=0.7334  ARI=0.6126  0.5s

=== P1E_S4_C1 train[4] k=3  dim=576  frames=133  σ=0.25  fold=2 ===
  OSC: k_hat=3  ACC=0.6466  NMI=0.6651  ARI=0.4918  0.3s

=== P1E_S4_C1 train[5] k=3  dim=576  frames=147  σ=0.25  fold=2 ===
  OSC: k_hat=3  ACC=0.5238  NMI=0.4818  ARI=0.3255  0.4s

=== P1E_S4_C1 train[6] k=3  dim=576  frames=145  σ=0.25  fold=2 ===
  OSC: k_hat=3  ACC=0.9862  NMI=0.9476  ARI=0.9615  0.3s

=== P1E_S4_C2 train[0] k=3  dim=576  frames=117  σ=0.25  fold=2 ===
  OSC: k_hat=3  ACC=0.9658  NMI=0.8767  ARI=0.8999  0.2s

=== P1E_S4_C2 train[1] k=3  dim=576  frames=125  σ=0.25  fold=2 ===
  OSC: k_hat=3  ACC=0.9920  NMI=0.9653  ARI=0.9759  0.3s

=== P1E_S4_C2 train[2] k=3  dim=576  frames=126  σ=0.25  fold=2 ===
  OSC: k_hat=3  ACC=1.0000  NMI=1.0000  ARI=1.0000  0.3s

=== P1E_S4_C2 train[3] k=3  dim=576  frames=140  σ=0.25  fold=2 ===
  OSC: k_hat=3  ACC=0.9929  NMI=0.9670  ARI=0.9771  0.3s

=== P1E_S4_C2 train[4] k=3  dim=576  frames=129  σ=0.25  fold=2 ===
  OSC: k_hat=3  ACC=0.5504  NMI=0.6603  ARI=0.4591  0.3s

=== P1E_S4_C2 train[5] k=3  dim=576  frames=146  σ=0.25  fold=2 ===
  OSC: k_hat=3  ACC=0.9521  NMI=0.8727  ARI=0.8706  0.3s

=== P1E_S4_C2 train[6] k=3  dim=576  frames=110  σ=0.25  fold=2 ===
  OSC: k_hat=3  ACC=0.9909  NMI=0.9623  ARI=0.9753  0.2s

=== P1E_S4_C3 train[0] k=3  dim=576  frames=90  σ=0.25  fold=2 ===
  OSC: k_hat=3  ACC=0.9667  NMI=0.8787  ARI=0.8983  0.2s

=== P1E_S4_C3 train[1] k=3  dim=576  frames=64  σ=0.25  fold=2 ===
  OSC: k_hat=3  ACC=0.9844  NMI=0.9424  ARI=0.9536  0.1s

=== P1E_S4_C3 train[2] k=3  dim=576  frames=105  σ=0.25  fold=2 ===
  OSC: k_hat=3  ACC=0.5524  NMI=0.5912  ARI=0.4118  0.2s

=== P1E_S4_C3 train[3] k=3  dim=576  frames=87  σ=0.25  fold=2 ===
  OSC: k_hat=3  ACC=0.9885  NMI=0.9539  ARI=0.9649  0.2s

=== P1E_S4_C3 train[4] k=3  dim=576  frames=76  σ=0.25  fold=2 ===
  OSC: k_hat=3  ACC=0.9605  NMI=0.8885  ARI=0.8936  0.1s

=== P1E_S4_C3 train[5] k=3  dim=576  frames=106  σ=0.25  fold=2 ===
  OSC: k_hat=3  ACC=0.6792  NMI=0.7026  ARI=0.5568  0.2s

=== P1E_S4_C3 train[6] k=3  dim=576  frames=79  σ=0.25  fold=2 ===
  OSC: k_hat=3  ACC=0.9873  NMI=0.9513  ARI=0.9638  0.1s

=== P1L_S1_C1 train[0] k=3  dim=576  frames=162  σ=0.25  fold=2 ===
  OSC: k_hat=3  ACC=1.0000  NMI=1.0000  ARI=1.0000  0.4s

=== P1L_S1_C1 train[1] k=3  dim=576  frames=170  σ=0.25  fold=2 ===
  OSC: k_hat=3  ACC=0.7647  NMI=0.6747  ARI=0.4861  0.4s

=== P1L_S1_C1 train[2] k=3  dim=576  frames=182  σ=0.25  fold=2 ===
  OSC: k_hat=3  ACC=0.9945  NMI=0.9745  ARI=0.9840  0.5s

=== P1L_S1_C1 train[3] k=3  dim=576  frames=198  σ=0.25  fold=2 ===
  OSC: k_hat=3  ACC=0.7323  NMI=0.6955  ARI=0.5444  0.6s

=== P1L_S1_C1 train[4] k=3  dim=576  frames=166  σ=0.25  fold=2 ===
  OSC: k_hat=3  ACC=1.0000  NMI=1.0000  ARI=1.0000  0.4s

=== P1L_S1_C1 train[5] k=3  dim=576  frames=116  σ=0.25  fold=2 ===
  OSC: k_hat=3  ACC=0.5517  NMI=0.5057  ARI=0.3338  0.2s

=== P1L_S1_C1 train[6] k=3  dim=576  frames=175  σ=0.25  fold=2 ===
  OSC: k_hat=3  ACC=1.0000  NMI=1.0000  ARI=1.0000  0.5s

=== P1L_S1_C2 train[0] k=3  dim=576  frames=186  σ=0.25  fold=2 ===
  OSC: k_hat=3  ACC=0.7688  NMI=0.6813  ARI=0.5085  0.5s

=== P1L_S1_C2 train[1] k=3  dim=576  frames=137  σ=0.25  fold=2 ===
  OSC: k_hat=3  ACC=0.8029  NMI=0.7019  ARI=0.5528  0.3s

=== P1L_S1_C2 train[2] k=3  dim=576  frames=181  σ=0.25  fold=2 ===
  OSC: k_hat=3  ACC=0.8343  NMI=0.7285  ARI=0.6043  0.5s

=== P1L_S1_C2 train[3] k=3  dim=576  frames=128  σ=0.25  fold=2 ===
  OSC: k_hat=3  ACC=0.5625  NMI=0.6666  ARI=0.4689  0.3s

=== P1L_S1_C2 train[4] k=3  dim=576  frames=154  σ=0.25  fold=2 ===
  OSC: k_hat=3  ACC=0.5065  NMI=0.6566  ARI=0.4500  0.4s

=== P1L_S1_C2 train[5] k=3  dim=576  frames=142  σ=0.25  fold=2 ===
  OSC: k_hat=3  ACC=0.8239  NMI=0.7102  ARI=0.5692  0.3s

=== P1L_S1_C2 train[6] k=3  dim=576  frames=168  σ=0.25  fold=2 ===
  OSC: k_hat=3  ACC=0.9940  NMI=0.9731  ARI=0.9837  0.4s

=== P1L_S1_C3 train[0] k=3  dim=576  frames=60  σ=0.25  fold=2 ===
  OSC: k_hat=3  ACC=0.5167  NMI=0.6515  ARI=0.4364  0.1s

=== P1L_S1_C3 train[1] k=3  dim=576  frames=68  σ=0.25  fold=2 ===
  OSC: k_hat=3  ACC=1.0000  NMI=1.0000  ARI=1.0000  0.1s

=== P1L_S1_C3 train[2] k=3  dim=576  frames=74  σ=0.25  fold=2 ===
  OSC: k_hat=3  ACC=0.5541  NMI=0.6640  ARI=0.4617  0.1s

=== P1L_S1_C3 train[3] k=3  dim=576  frames=73  σ=0.25  fold=2 ===
  OSC: k_hat=3  ACC=0.6301  NMI=0.6672  ARI=0.4815  0.1s

=== P1L_S1_C3 train[4] k=3  dim=576  frames=64  σ=0.25  fold=2 ===
  OSC: k_hat=3  ACC=0.8281  NMI=0.7423  ARI=0.6374  0.1s

=== P1L_S1_C3 train[5] k=3  dim=576  frames=63  σ=0.25  fold=2 ===
  OSC: k_hat=3  ACC=0.6190  NMI=0.6736  ARI=0.5014  0.1s

=== P1L_S1_C3 train[6] k=3  dim=576  frames=75  σ=0.25  fold=2 ===
  OSC: k_hat=3  ACC=0.9867  NMI=0.9474  ARI=0.9569  0.1s

=== P1L_S2_C1 train[0] k=3  dim=576  frames=211  σ=0.25  fold=2 ===
  OSC: k_hat=3  ACC=0.8199  NMI=0.7231  ARI=0.6077  0.6s

=== P1L_S2_C1 train[1] k=3  dim=576  frames=190  σ=0.25  fold=2 ===
  OSC: k_hat=3  ACC=0.7211  NMI=0.6714  ARI=0.4890  0.5s

=== P1L_S2_C1 train[2] k=3  dim=576  frames=177  σ=0.25  fold=2 ===
  OSC: k_hat=3  ACC=0.8418  NMI=0.6638  ARI=0.5976  0.5s

=== P1L_S2_C1 train[3] k=3  dim=576  frames=172  σ=0.25  fold=2 ===
  OSC: k_hat=3  ACC=0.9709  NMI=0.9104  ARI=0.9305  0.5s

=== P1L_S2_C1 train[4] k=3  dim=576  frames=179  σ=0.25  fold=2 ===
  OSC: k_hat=3  ACC=1.0000  NMI=1.0000  ARI=1.0000  0.5s

=== P1L_S2_C1 train[5] k=3  dim=576  frames=180  σ=0.25  fold=2 ===
  OSC: k_hat=3  ACC=0.4944  NMI=0.2521  ARI=0.0513  0.5s

=== P1L_S2_C1 train[6] k=3  dim=576  frames=133  σ=0.25  fold=2 ===
  OSC: k_hat=3  ACC=1.0000  NMI=1.0000  ARI=1.0000  0.3s

=== P1L_S2_C2 train[0] k=3  dim=576  frames=194  σ=0.25  fold=2 ===
  OSC: k_hat=3  ACC=0.9897  NMI=0.9537  ARI=0.9641  0.5s

=== P1L_S2_C2 train[1] k=3  dim=576  frames=155  σ=0.25  fold=2 ===
  OSC: k_hat=3  ACC=1.0000  NMI=1.0000  ARI=1.0000  0.4s

=== P1L_S2_C2 train[2] k=3  dim=576  frames=186  σ=0.25  fold=2 ===
  OSC: k_hat=3  ACC=0.9570  NMI=0.8560  ARI=0.8853  0.5s

=== P1L_S2_C2 train[3] k=3  dim=576  frames=201  σ=0.25  fold=2 ===
  OSC: k_hat=3  ACC=0.9900  NMI=0.9582  ARI=0.9683  0.6s

=== P1L_S2_C2 train[4] k=3  dim=576  frames=171  σ=0.25  fold=2 ===
  OSC: k_hat=3  ACC=0.8363  NMI=0.7362  ARI=0.6178  0.4s

=== P1L_S2_C2 train[5] k=3  dim=576  frames=160  σ=0.25  fold=2 ===
  OSC: k_hat=3  ACC=0.8000  NMI=0.7446  ARI=0.6793  0.4s

=== P1L_S2_C2 train[6] k=3  dim=576  frames=154  σ=0.25  fold=2 ===
  OSC: k_hat=3  ACC=1.0000  NMI=1.0000  ARI=1.0000  0.4s

=== P1L_S2_C3 train[0] k=3  dim=576  frames=119  σ=0.25  fold=2 ===
  OSC: k_hat=3  ACC=1.0000  NMI=1.0000  ARI=1.0000  0.3s

=== P1L_S2_C3 train[1] k=3  dim=576  frames=101  σ=0.25  fold=2 ===
  OSC: k_hat=3  ACC=0.9901  NMI=0.9577  ARI=0.9692  0.2s

=== P1L_S2_C3 train[2] k=3  dim=576  frames=112  σ=0.25  fold=2 ===
  OSC: k_hat=3  ACC=0.5893  NMI=0.6656  ARI=0.4708  0.2s

=== P1L_S2_C3 train[3] k=3  dim=576  frames=126  σ=0.25  fold=2 ===
  OSC: k_hat=3  ACC=0.8413  NMI=0.7417  ARI=0.6278  0.3s

=== P1L_S2_C3 train[4] k=3  dim=576  frames=102  σ=0.25  fold=2 ===
  OSC: k_hat=3  ACC=0.5392  NMI=0.6485  ARI=0.4410  0.2s

=== P1L_S2_C3 train[5] k=3  dim=576  frames=121  σ=0.25  fold=2 ===
  OSC: k_hat=3  ACC=0.9091  NMI=0.7880  ARI=0.7781  0.3s

=== P1L_S2_C3 train[6] k=3  dim=576  frames=99  σ=0.25  fold=2 ===
  OSC: k_hat=3  ACC=0.9697  NMI=0.9066  ARI=0.9152  0.2s

=== P1L_S3_C1 train[0] k=3  dim=576  frames=156  σ=0.25  fold=2 ===
  OSC: k_hat=3  ACC=0.4295  NMI=0.2486  ARI=0.0025  0.4s

=== P1L_S3_C1 train[1] k=3  dim=576  frames=120  σ=0.25  fold=2 ===
  OSC: k_hat=3  ACC=1.0000  NMI=1.0000  ARI=1.0000  0.2s

=== P1L_S3_C1 train[2] k=3  dim=576  frames=156  σ=0.25  fold=2 ===
  OSC: k_hat=3  ACC=0.6474  NMI=0.6812  ARI=0.5139  0.4s

=== P1L_S3_C1 train[3] k=3  dim=576  frames=159  σ=0.25  fold=2 ===
  OSC: k_hat=3  ACC=0.9245  NMI=0.7727  ARI=0.7932  0.4s

=== P1L_S3_C1 train[4] k=3  dim=576  frames=172  σ=0.25  fold=2 ===
  OSC: k_hat=3  ACC=0.8430  NMI=0.7461  ARI=0.6424  0.5s

=== P1L_S3_C1 train[5] k=3  dim=576  frames=176  σ=0.25  fold=2 ===
  OSC: k_hat=3  ACC=0.6989  NMI=0.6232  ARI=0.4026  0.5s

=== P1L_S3_C1 train[6] k=3  dim=576  frames=134  σ=0.25  fold=2 ===
  OSC: k_hat=3  ACC=0.9925  NMI=0.9658  ARI=0.9752  0.3s

=== P1L_S3_C2 train[0] k=3  dim=576  frames=185  σ=0.25  fold=2 ===
  OSC: k_hat=3  ACC=0.8595  NMI=0.6704  ARI=0.6228  0.5s

=== P1L_S3_C2 train[1] k=3  dim=576  frames=125  σ=0.25  fold=2 ===
  OSC: k_hat=3  ACC=0.8240  NMI=0.6896  ARI=0.6227  0.3s

=== P1L_S3_C2 train[2] k=3  dim=576  frames=209  σ=0.25  fold=2 ===
  OSC: k_hat=3  ACC=0.7512  NMI=0.5433  ARI=0.4390  0.6s

=== P1L_S3_C2 train[3] k=3  dim=576  frames=168  σ=0.25  fold=2 ===
  OSC: k_hat=3  ACC=0.6488  NMI=0.6705  ARI=0.5211  0.4s

=== P1L_S3_C2 train[4] k=3  dim=576  frames=187  σ=0.25  fold=2 ===
  OSC: k_hat=3  ACC=0.5508  NMI=0.6596  ARI=0.4583  0.5s

=== P1L_S3_C2 train[5] k=3  dim=576  frames=229  σ=0.25  fold=2 ===
  OSC: k_hat=3  ACC=0.4978  NMI=0.6147  ARI=0.4261  0.7s

=== P1L_S3_C2 train[6] k=3  dim=576  frames=136  σ=0.25  fold=2 ===
  OSC: k_hat=3  ACC=1.0000  NMI=1.0000  ARI=1.0000  0.3s

=== P1L_S3_C3 train[0] k=3  dim=576  frames=151  σ=0.25  fold=2 ===
  OSC: k_hat=3  ACC=0.9934  NMI=0.9670  ARI=0.9779  0.4s

=== P1L_S3_C3 train[1] k=3  dim=576  frames=118  σ=0.25  fold=2 ===
  OSC: k_hat=3  ACC=0.8983  NMI=0.7946  ARI=0.7354  0.3s

=== P1L_S3_C3 train[2] k=3  dim=576  frames=142  σ=0.25  fold=2 ===
  OSC: k_hat=3  ACC=1.0000  NMI=1.0000  ARI=1.0000  0.3s

=== P1L_S3_C3 train[3] k=3  dim=576  frames=134  σ=0.25  fold=2 ===
  OSC: k_hat=3  ACC=0.8507  NMI=0.7327  ARI=0.6091  0.3s

=== P1L_S3_C3 train[4] k=3  dim=576  frames=110  σ=0.25  fold=2 ===
  OSC: k_hat=3  ACC=0.8636  NMI=0.7613  ARI=0.6732  0.2s

=== P1L_S3_C3 train[5] k=3  dim=576  frames=161  σ=0.25  fold=2 ===
  OSC: k_hat=3  ACC=0.8323  NMI=0.7023  ARI=0.6433  0.4s

=== P1L_S3_C3 train[6] k=3  dim=576  frames=114  σ=0.25  fold=2 ===
  OSC: k_hat=3  ACC=0.9912  NMI=0.9630  ARI=0.9763  0.2s

=== P1L_S4_C1 train[0] k=3  dim=576  frames=200  σ=0.25  fold=2 ===
  OSC: k_hat=3  ACC=0.9500  NMI=0.8658  ARI=0.8583  0.6s

=== P1L_S4_C1 train[1] k=3  dim=576  frames=157  σ=0.25  fold=2 ===
  OSC: k_hat=3  ACC=1.0000  NMI=1.0000  ARI=1.0000  0.4s

=== P1L_S4_C1 train[2] k=3  dim=576  frames=168  σ=0.25  fold=2 ===
  OSC: k_hat=3  ACC=0.8810  NMI=0.7606  ARI=0.6645  0.4s

=== P1L_S4_C1 train[3] k=3  dim=576  frames=142  σ=0.25  fold=2 ===
  OSC: k_hat=3  ACC=1.0000  NMI=1.0000  ARI=1.0000  0.3s

=== P1L_S4_C1 train[4] k=3  dim=576  frames=164  σ=0.25  fold=2 ===
  OSC: k_hat=3  ACC=0.9573  NMI=0.8816  ARI=0.8804  0.4s

=== P1L_S4_C1 train[5] k=3  dim=576  frames=187  σ=0.25  fold=2 ===
  OSC: k_hat=3  ACC=0.7273  NMI=0.6489  ARI=0.4550  0.5s

=== P1L_S4_C1 train[6] k=3  dim=576  frames=202  σ=0.25  fold=2 ===
  OSC: k_hat=3  ACC=1.0000  NMI=1.0000  ARI=1.0000  0.6s

=== P1L_S4_C2 train[0] k=3  dim=576  frames=157  σ=0.25  fold=2 ===
  OSC: k_hat=3  ACC=0.7771  NMI=0.6675  ARI=0.4827  0.4s

=== P1L_S4_C2 train[1] k=3  dim=576  frames=149  σ=0.25  fold=2 ===
  OSC: k_hat=3  ACC=0.9329  NMI=0.8326  ARI=0.7976  0.4s

=== P1L_S4_C2 train[2] k=3  dim=576  frames=168  σ=0.25  fold=2 ===
  OSC: k_hat=3  ACC=0.8571  NMI=0.7125  ARI=0.6257  0.4s

=== P1L_S4_C2 train[3] k=3  dim=576  frames=154  σ=0.25  fold=2 ===
  OSC: k_hat=3  ACC=1.0000  NMI=1.0000  ARI=1.0000  0.4s

=== P1L_S4_C2 train[4] k=3  dim=576  frames=152  σ=0.25  fold=2 ===
  OSC: k_hat=3  ACC=0.8618  NMI=0.7611  ARI=0.6804  0.4s

=== P1L_S4_C2 train[5] k=3  dim=576  frames=169  σ=0.25  fold=2 ===
  OSC: k_hat=3  ACC=0.5976  NMI=0.6663  ARI=0.4796  0.4s

=== P1L_S4_C2 train[6] k=3  dim=576  frames=153  σ=0.25  fold=2 ===
  OSC: k_hat=3  ACC=0.9869  NMI=0.9501  ARI=0.9666  0.4s

=== P1L_S4_C3 train[0] k=3  dim=576  frames=96  σ=0.25  fold=2 ===
  OSC: k_hat=3  ACC=1.0000  NMI=1.0000  ARI=1.0000  0.2s

=== P1L_S4_C3 train[1] k=3  dim=576  frames=107  σ=0.25  fold=2 ===
  OSC: k_hat=3  ACC=0.9907  NMI=0.9584  ARI=0.9678  0.2s

=== P1L_S4_C3 train[2] k=3  dim=576  frames=117  σ=0.25  fold=2 ===
  OSC: k_hat=3  ACC=0.6496  NMI=0.6668  ARI=0.4969  0.3s

=== P1L_S4_C3 train[3] k=3  dim=576  frames=112  σ=0.25  fold=2 ===
  OSC: k_hat=3  ACC=0.7857  NMI=0.7122  ARI=0.5675  0.2s

=== P1L_S4_C3 train[4] k=3  dim=576  frames=103  σ=0.25  fold=2 ===
  OSC: k_hat=3  ACC=0.5631  NMI=0.6430  ARI=0.4371  0.2s

=== P1L_S4_C3 train[5] k=3  dim=576  frames=105  σ=0.25  fold=2 ===
  OSC: k_hat=3  ACC=0.5143  NMI=0.6557  ARI=0.4468  0.2s

=== P1L_S4_C3 train[6] k=3  dim=576  frames=107  σ=0.25  fold=2 ===
  OSC: k_hat=3  ACC=0.9813  NMI=0.9338  ARI=0.9463  0.2s

=== P1E_S1_C1 test[0] k=3  dim=576  frames=130  σ=0.25  fold=2 ===
  OSC: k_hat=3  ACC=1.0000  NMI=1.0000  ARI=1.0000  0.3s

=== P1E_S1_C2 test[0] k=3  dim=576  frames=104  σ=0.25  fold=2 ===
  OSC: k_hat=3  ACC=1.0000  NMI=1.0000  ARI=1.0000  0.2s

=== P1E_S1_C3 test[0] k=3  dim=576  frames=47  σ=0.25  fold=2 ===
  OSC: k_hat=3  ACC=1.0000  NMI=1.0000  ARI=1.0000  0.1s

=== P1E_S2_C1 test[0] k=3  dim=576  frames=136  σ=0.25  fold=2 ===
  OSC: k_hat=3  ACC=0.8971  NMI=0.7907  ARI=0.7297  0.3s

=== P1E_S2_C2 test[0] k=3  dim=576  frames=109  σ=0.25  fold=2 ===
  OSC: k_hat=3  ACC=1.0000  NMI=1.0000  ARI=1.0000  0.2s

=== P1E_S2_C3 test[0] k=3  dim=576  frames=90  σ=0.25  fold=2 ===
  OSC: k_hat=3  ACC=1.0000  NMI=1.0000  ARI=1.0000  0.2s

=== P1E_S3_C1 test[0] k=3  dim=576  frames=134  σ=0.25  fold=2 ===
  OSC: k_hat=3  ACC=0.8060  NMI=0.6640  ARI=0.5439  0.3s

=== P1E_S3_C2 test[0] k=3  dim=576  frames=112  σ=0.25  fold=2 ===
  OSC: k_hat=3  ACC=0.9554  NMI=0.8723  ARI=0.8616  0.2s

=== P1E_S3_C3 test[0] k=3  dim=576  frames=84  σ=0.25  fold=2 ===
  OSC: k_hat=3  ACC=0.9881  NMI=0.9525  ARI=0.9657  0.2s

=== P1E_S4_C1 test[0] k=3  dim=576  frames=155  σ=0.25  fold=2 ===
  OSC: k_hat=3  ACC=0.9871  NMI=0.9496  ARI=0.9602  0.4s

=== P1E_S4_C2 test[0] k=3  dim=576  frames=122  σ=0.25  fold=2 ===
  OSC: k_hat=3  ACC=0.9918  NMI=0.9645  ARI=0.9747  0.3s

=== P1E_S4_C3 test[0] k=3  dim=576  frames=85  σ=0.25  fold=2 ===
  OSC: k_hat=3  ACC=0.9412  NMI=0.8539  ARI=0.8378  0.2s

=== P1L_S1_C1 test[0] k=3  dim=576  frames=155  σ=0.25  fold=2 ===
  OSC: k_hat=3  ACC=1.0000  NMI=1.0000  ARI=1.0000  0.4s

=== P1L_S1_C2 test[0] k=3  dim=576  frames=147  σ=0.25  fold=2 ===
  OSC: k_hat=3  ACC=1.0000  NMI=1.0000  ARI=1.0000  0.4s

=== P1L_S1_C3 test[0] k=3  dim=576  frames=65  σ=0.25  fold=2 ===
  OSC: k_hat=3  ACC=1.0000  NMI=1.0000  ARI=1.0000  0.1s

=== P1L_S2_C1 test[0] k=3  dim=576  frames=180  σ=0.25  fold=2 ===
  OSC: k_hat=3  ACC=1.0000  NMI=1.0000  ARI=1.0000  0.5s

=== P1L_S2_C2 test[0] k=3  dim=576  frames=134  σ=0.25  fold=2 ===
  OSC: k_hat=3  ACC=1.0000  NMI=1.0000  ARI=1.0000  0.3s

=== P1L_S2_C3 test[0] k=3  dim=576  frames=85  σ=0.25  fold=2 ===
  OSC: k_hat=3  ACC=1.0000  NMI=1.0000  ARI=1.0000  0.2s

=== P1L_S3_C1 test[0] k=3  dim=576  frames=185  σ=0.25  fold=2 ===
  OSC: k_hat=3  ACC=0.9730  NMI=0.9128  ARI=0.9200  0.5s

=== P1L_S3_C2 test[0] k=3  dim=576  frames=166  σ=0.25  fold=2 ===
  OSC: k_hat=3  ACC=1.0000  NMI=1.0000  ARI=1.0000  0.4s

=== P1L_S3_C3 test[0] k=3  dim=576  frames=121  σ=0.25  fold=2 ===
  OSC: k_hat=3  ACC=1.0000  NMI=1.0000  ARI=1.0000  0.3s

=== P1L_S4_C1 test[0] k=3  dim=576  frames=154  σ=0.25  fold=2 ===
  OSC: k_hat=3  ACC=1.0000  NMI=1.0000  ARI=1.0000  0.4s

=== P1L_S4_C2 test[0] k=3  dim=576  frames=175  σ=0.25  fold=2 ===
  OSC: k_hat=3  ACC=1.0000  NMI=1.0000  ARI=1.0000  0.5s

=== P1L_S4_C3 test[0] k=3  dim=576  frames=94  σ=0.25  fold=2 ===
  OSC: k_hat=3  ACC=1.0000  NMI=1.0000  ARI=1.0000  0.2s
  tune_pool_groups=20: sampling from 22 held-in people (overlap allowed) instead of the 7 fixed partition group(s)

============================================================
σ=0.25 fold=3  test=['0005', '0024', '0025']  train mats=168  test mats=24  tune mats=480
  --- tune OSC over 480 train mats  n_trials=20 (2 params) ---
  OSC trial 0: mean ARI=0.7457  n=480  148.0s  lambda_1=0.1, lambda_2=0.1
  OSC trial 1: mean ARI=0.7235  n=480  248.0s  lambda_1=0.1568, lambda_2=0.7257
  OSC trial 2: mean ARI=0.6886  n=480  330.7s  lambda_1=0.2577, lambda_2=0.1512
  OSC trial 3: mean ARI=0.7554  n=480  167.3s  lambda_1=0.0495, lambda_2=0.3833
  OSC trial 4: mean ARI=0.7553  n=480  139.9s  lambda_1=0.05628, lambda_2=3.691
  OSC trial 5: mean ARI=0.0022  n=480  137.6s  lambda_1=7.156, lambda_2=0.03418
  OSC trial 6: mean ARI=0.0022  n=480  138.2s  lambda_1=1.469, lambda_2=0.1305
  OSC trial 7: mean ARI=0.7105  n=480  142.3s  lambda_1=0.1871, lambda_2=5.039
  OSC trial 8: mean ARI=0.7501  n=480  171.6s  lambda_1=0.001924, lambda_2=0.002231
  OSC trial 9: mean ARI=0.7666  n=480  218.4s  lambda_1=0.001205, lambda_2=2.14
  OSC trial 10: mean ARI=0.7483  n=480  209.5s  lambda_1=0.001206, lambda_2=0.001659
  OSC trial 11: mean ARI=0.7663  n=480  153.8s  lambda_1=0.008553, lambda_2=0.9349
  OSC trial 12: mean ARI=0.7688  n=480  181.1s  lambda_1=0.007272, lambda_2=1.462
  OSC trial 13: mean ARI=0.7684  n=480  211.3s  lambda_1=0.00633, lambda_2=7.751
  OSC trial 14: mean ARI=0.7665  n=480  304.4s  lambda_1=0.009138, lambda_2=9.455
  OSC trial 15: mean ARI=0.7665  n=480  349.5s  lambda_1=0.009116, lambda_2=1.943
  OSC trial 16: mean ARI=0.7607  n=480  214.9s  lambda_1=0.0217, lambda_2=0.01302
  OSC trial 17: mean ARI=0.7677  n=480  154.9s  lambda_1=0.004249, lambda_2=9.49
  OSC trial 18: mean ARI=0.7638  n=480  155.8s  lambda_1=0.02348, lambda_2=0.5225
  OSC trial 19: mean ARI=0.7678  n=480  156.9s  lambda_1=0.005404, lambda_2=1.695
    best mean ARI=0.7688  tune 3934.3s  lambda_1=0.007272, lambda_2=1.462
  wrote /nfs/turbo/umms-minjilab/lpullela/icassp_ssc_tv2/block_ssc_benchmark/cv/params/surveillance/split_k3_sigmas_min30_trials20_params_knownk_cv_osc_k3_sigma0p25_sigma0.25_fold3.json

=== P1E_S1_C1 train[0] k=3  dim=576  frames=146  σ=0.25  fold=3 ===
  OSC: k_hat=3  ACC=0.9247  NMI=0.8099  ARI=0.7622  0.4s

=== P1E_S1_C1 train[1] k=3  dim=576  frames=153  σ=0.25  fold=3 ===
  OSC: k_hat=3  ACC=0.9739  NMI=0.9153  ARI=0.9230  0.4s

=== P1E_S1_C1 train[2] k=3  dim=576  frames=130  σ=0.25  fold=3 ===
  OSC: k_hat=3  ACC=1.0000  NMI=1.0000  ARI=1.0000  0.3s

=== P1E_S1_C1 train[3] k=3  dim=576  frames=157  σ=0.25  fold=3 ===
  OSC: k_hat=3  ACC=0.5924  NMI=0.6638  ARI=0.4711  0.4s

=== P1E_S1_C1 train[4] k=3  dim=576  frames=151  σ=0.25  fold=3 ===
  OSC: k_hat=3  ACC=0.6026  NMI=0.6703  ARI=0.4826  0.4s

=== P1E_S1_C1 train[5] k=3  dim=576  frames=140  σ=0.25  fold=3 ===
  OSC: k_hat=3  ACC=0.8786  NMI=0.7789  ARI=0.7106  0.4s

=== P1E_S1_C1 train[6] k=3  dim=576  frames=171  σ=0.25  fold=3 ===
  OSC: k_hat=3  ACC=0.9942  NMI=0.9732  ARI=0.9831  0.5s

=== P1E_S1_C2 train[0] k=3  dim=576  frames=147  σ=0.25  fold=3 ===
  OSC: k_hat=3  ACC=0.9660  NMI=0.8779  ARI=0.8925  0.4s

=== P1E_S1_C2 train[1] k=3  dim=576  frames=115  σ=0.25  fold=3 ===
  OSC: k_hat=3  ACC=0.9913  NMI=0.9622  ARI=0.9715  0.3s

=== P1E_S1_C2 train[2] k=3  dim=576  frames=104  σ=0.25  fold=3 ===
  OSC: k_hat=3  ACC=1.0000  NMI=1.0000  ARI=1.0000  0.2s

=== P1E_S1_C2 train[3] k=3  dim=576  frames=113  σ=0.25  fold=3 ===
  OSC: k_hat=3  ACC=0.7080  NMI=0.6183  ARI=0.5160  0.3s

=== P1E_S1_C2 train[4] k=3  dim=576  frames=122  σ=0.25  fold=3 ===
  OSC: k_hat=3  ACC=0.5574  NMI=0.6295  ARI=0.4511  0.3s

=== P1E_S1_C2 train[5] k=3  dim=576  frames=122  σ=0.25  fold=3 ===
  OSC: k_hat=3  ACC=0.9590  NMI=0.8854  ARI=0.8916  0.3s

=== P1E_S1_C2 train[6] k=3  dim=576  frames=134  σ=0.25  fold=3 ===
  OSC: k_hat=3  ACC=0.9776  NMI=0.9247  ARI=0.9355  0.3s

=== P1E_S1_C3 train[0] k=3  dim=576  frames=58  σ=0.25  fold=3 ===
  OSC: k_hat=3  ACC=0.9138  NMI=0.7553  ARI=0.7388  0.1s

=== P1E_S1_C3 train[1] k=3  dim=576  frames=56  σ=0.25  fold=3 ===
  OSC: k_hat=3  ACC=0.9821  NMI=0.9328  ARI=0.9451  0.1s

=== P1E_S1_C3 train[2] k=3  dim=576  frames=47  σ=0.25  fold=3 ===
  OSC: k_hat=3  ACC=1.0000  NMI=1.0000  ARI=1.0000  0.1s

=== P1E_S1_C3 train[3] k=3  dim=576  frames=37  σ=0.25  fold=3 ===
  OSC: k_hat=3  ACC=0.7297  NMI=0.5587  ARI=0.5003  0.1s

=== P1E_S1_C3 train[4] k=3  dim=576  frames=55  σ=0.25  fold=3 ===
  OSC: k_hat=3  ACC=0.9636  NMI=0.8708  ARI=0.8924  0.1s

=== P1E_S1_C3 train[5] k=3  dim=576  frames=51  σ=0.25  fold=3 ===
  OSC: k_hat=3  ACC=0.9412  NMI=0.8195  ARI=0.8304  0.1s

=== P1E_S1_C3 train[6] k=3  dim=576  frames=69  σ=0.25  fold=3 ===
  OSC: k_hat=3  ACC=0.9420  NMI=0.8181  ARI=0.8290  0.1s

=== P1E_S2_C1 train[0] k=3  dim=576  frames=167  σ=0.25  fold=3 ===
  OSC: k_hat=3  ACC=0.8862  NMI=0.7810  ARI=0.7093  0.5s

=== P1E_S2_C1 train[1] k=3  dim=576  frames=151  σ=0.25  fold=3 ===
  OSC: k_hat=3  ACC=0.7417  NMI=0.6109  ARI=0.5054  0.4s

=== P1E_S2_C1 train[2] k=3  dim=576  frames=136  σ=0.25  fold=3 ===
  OSC: k_hat=3  ACC=0.8971  NMI=0.7907  ARI=0.7297  0.3s

=== P1E_S2_C1 train[3] k=3  dim=576  frames=149  σ=0.25  fold=3 ===
  OSC: k_hat=3  ACC=0.6040  NMI=0.6711  ARI=0.4842  0.4s

=== P1E_S2_C1 train[4] k=3  dim=576  frames=124  σ=0.25  fold=3 ===
  OSC: k_hat=3  ACC=0.5645  NMI=0.6652  ARI=0.4649  0.3s

=== P1E_S2_C1 train[5] k=3  dim=576  frames=161  σ=0.25  fold=3 ===
  OSC: k_hat=3  ACC=0.8012  NMI=0.6951  ARI=0.5830  0.4s

=== P1E_S2_C1 train[6] k=3  dim=576  frames=153  σ=0.25  fold=3 ===
  OSC: k_hat=3  ACC=0.9935  NMI=0.9709  ARI=0.9811  0.4s

=== P1E_S2_C2 train[0] k=3  dim=576  frames=146  σ=0.25  fold=3 ===
  OSC: k_hat=3  ACC=0.9589  NMI=0.8560  ARI=0.8787  0.4s

=== P1E_S2_C2 train[1] k=3  dim=576  frames=115  σ=0.25  fold=3 ===
  OSC: k_hat=3  ACC=0.9913  NMI=0.9630  ARI=0.9739  0.3s

=== P1E_S2_C2 train[2] k=3  dim=576  frames=109  σ=0.25  fold=3 ===
  OSC: k_hat=3  ACC=1.0000  NMI=1.0000  ARI=1.0000  0.2s

=== P1E_S2_C2 train[3] k=3  dim=576  frames=124  σ=0.25  fold=3 ===
  OSC: k_hat=3  ACC=1.0000  NMI=1.0000  ARI=1.0000  0.3s

=== P1E_S2_C2 train[4] k=3  dim=576  frames=109  σ=0.25  fold=3 ===
  OSC: k_hat=3  ACC=0.6972  NMI=0.6941  ARI=0.5482  0.2s

=== P1E_S2_C2 train[5] k=3  dim=576  frames=128  σ=0.25  fold=3 ===
  OSC: k_hat=3  ACC=0.8828  NMI=0.7831  ARI=0.7188  0.3s

=== P1E_S2_C2 train[6] k=3  dim=576  frames=126  σ=0.25  fold=3 ===
  OSC: k_hat=3  ACC=0.9762  NMI=0.9207  ARI=0.9308  0.3s

=== P1E_S2_C3 train[0] k=3  dim=576  frames=113  σ=0.25  fold=3 ===
  OSC: k_hat=3  ACC=0.9912  NMI=0.9613  ARI=0.9706  0.3s

=== P1E_S2_C3 train[1] k=3  dim=576  frames=88  σ=0.25  fold=3 ===
  OSC: k_hat=3  ACC=0.9886  NMI=0.9540  ARI=0.9655  0.2s

=== P1E_S2_C3 train[2] k=3  dim=576  frames=90  σ=0.25  fold=3 ===
  OSC: k_hat=3  ACC=1.0000  NMI=1.0000  ARI=1.0000  0.2s

=== P1E_S2_C3 train[3] k=3  dim=576  frames=99  σ=0.25  fold=3 ===
  OSC: k_hat=3  ACC=0.9899  NMI=0.9585  ARI=0.9691  0.2s

=== P1E_S2_C3 train[4] k=3  dim=576  frames=87  σ=0.25  fold=3 ===
  OSC: k_hat=3  ACC=0.5977  NMI=0.6670  ARI=0.4754  0.2s

=== P1E_S2_C3 train[5] k=3  dim=576  frames=105  σ=0.25  fold=3 ===
  OSC: k_hat=3  ACC=0.9714  NMI=0.8926  ARI=0.9125  0.2s

=== P1E_S2_C3 train[6] k=3  dim=576  frames=89  σ=0.25  fold=3 ===
  OSC: k_hat=3  ACC=0.9775  NMI=0.9248  ARI=0.9383  0.2s

=== P1E_S3_C1 train[0] k=3  dim=576  frames=166  σ=0.25  fold=3 ===
  OSC: k_hat=3  ACC=0.8072  NMI=0.6684  ARI=0.5357  0.5s

=== P1E_S3_C1 train[1] k=3  dim=576  frames=139  σ=0.25  fold=3 ===
  OSC: k_hat=3  ACC=0.7338  NMI=0.6984  ARI=0.5493  0.4s

=== P1E_S3_C1 train[2] k=3  dim=576  frames=134  σ=0.25  fold=3 ===
  OSC: k_hat=3  ACC=0.8060  NMI=0.6640  ARI=0.5439  0.3s

=== P1E_S3_C1 train[3] k=3  dim=576  frames=168  σ=0.25  fold=3 ===
  OSC: k_hat=3  ACC=0.8571  NMI=0.7396  ARI=0.6204  0.5s

=== P1E_S3_C1 train[4] k=3  dim=576  frames=123  σ=0.25  fold=3 ===
  OSC: k_hat=3  ACC=0.5122  NMI=0.4251  ARI=0.2437  0.3s

=== P1E_S3_C1 train[5] k=3  dim=576  frames=204  σ=0.25  fold=3 ===
  OSC: k_hat=3  ACC=0.5686  NMI=0.3504  ARI=0.1516  0.6s

=== P1E_S3_C1 train[6] k=3  dim=576  frames=112  σ=0.25  fold=3 ===
  OSC: k_hat=3  ACC=0.5625  NMI=0.6127  ARI=0.4282  0.2s

=== P1E_S3_C2 train[0] k=3  dim=576  frames=147  σ=0.25  fold=3 ===
  OSC: k_hat=3  ACC=0.8639  NMI=0.7374  ARI=0.6181  0.4s

=== P1E_S3_C2 train[1] k=3  dim=576  frames=120  σ=0.25  fold=3 ===
  OSC: k_hat=3  ACC=0.6833  NMI=0.6679  ARI=0.4772  0.3s

=== P1E_S3_C2 train[2] k=3  dim=576  frames=112  σ=0.25  fold=3 ===
  OSC: k_hat=3  ACC=0.9554  NMI=0.8723  ARI=0.8616  0.2s

=== P1E_S3_C2 train[3] k=3  dim=576  frames=169  σ=0.25  fold=3 ===
  OSC: k_hat=3  ACC=0.8284  NMI=0.7374  ARI=0.6244  0.4s

=== P1E_S3_C2 train[4] k=3  dim=576  frames=107  σ=0.25  fold=3 ===
  OSC: k_hat=3  ACC=0.5888  NMI=0.6662  ARI=0.4710  0.2s

=== P1E_S3_C2 train[5] k=3  dim=576  frames=146  σ=0.25  fold=3 ===
  OSC: k_hat=3  ACC=0.6644  NMI=0.6176  ARI=0.3722  0.4s

=== P1E_S3_C2 train[6] k=3  dim=576  frames=114  σ=0.25  fold=3 ===
  OSC: k_hat=3  ACC=0.9825  NMI=0.9242  ARI=0.9544  0.3s

=== P1E_S3_C3 train[0] k=3  dim=576  frames=105  σ=0.25  fold=3 ===
  OSC: k_hat=3  ACC=1.0000  NMI=1.0000  ARI=1.0000  0.2s

=== P1E_S3_C3 train[1] k=3  dim=576  frames=89  σ=0.25  fold=3 ===
  OSC: k_hat=3  ACC=1.0000  NMI=1.0000  ARI=1.0000  0.2s

=== P1E_S3_C3 train[2] k=3  dim=576  frames=84  σ=0.25  fold=3 ===
  OSC: k_hat=3  ACC=0.9881  NMI=0.9525  ARI=0.9657  0.2s

=== P1E_S3_C3 train[3] k=3  dim=576  frames=128  σ=0.25  fold=3 ===
  OSC: k_hat=3  ACC=0.7500  NMI=0.7005  ARI=0.5481  0.3s

=== P1E_S3_C3 train[4] k=3  dim=576  frames=83  σ=0.25  fold=3 ===
  OSC: k_hat=3  ACC=1.0000  NMI=1.0000  ARI=1.0000  0.2s

=== P1E_S3_C3 train[5] k=3  dim=576  frames=129  σ=0.25  fold=3 ===
  OSC: k_hat=3  ACC=0.5349  NMI=0.6553  ARI=0.4505  0.3s

=== P1E_S3_C3 train[6] k=3  dim=576  frames=84  σ=0.25  fold=3 ===
  OSC: k_hat=3  ACC=0.9881  NMI=0.9523  ARI=0.9667  0.2s

=== P1E_S4_C1 train[0] k=3  dim=576  frames=158  σ=0.25  fold=3 ===
  OSC: k_hat=3  ACC=0.8481  NMI=0.7167  ARI=0.5780  0.4s

=== P1E_S4_C1 train[1] k=3  dim=576  frames=107  σ=0.25  fold=3 ===
  OSC: k_hat=3  ACC=1.0000  NMI=1.0000  ARI=1.0000  0.2s

=== P1E_S4_C1 train[2] k=3  dim=576  frames=155  σ=0.25  fold=3 ===
  OSC: k_hat=3  ACC=0.9871  NMI=0.9496  ARI=0.9602  0.4s

=== P1E_S4_C1 train[3] k=3  dim=576  frames=180  σ=0.25  fold=3 ===
  OSC: k_hat=3  ACC=0.6778  NMI=0.6859  ARI=0.5257  0.5s

=== P1E_S4_C1 train[4] k=3  dim=576  frames=133  σ=0.25  fold=3 ===
  OSC: k_hat=3  ACC=0.6466  NMI=0.6651  ARI=0.4918  0.3s

=== P1E_S4_C1 train[5] k=3  dim=576  frames=147  σ=0.25  fold=3 ===
  OSC: k_hat=3  ACC=0.5238  NMI=0.4818  ARI=0.3255  0.4s

=== P1E_S4_C1 train[6] k=3  dim=576  frames=145  σ=0.25  fold=3 ===
  OSC: k_hat=3  ACC=0.9862  NMI=0.9476  ARI=0.9615  0.4s

=== P1E_S4_C2 train[0] k=3  dim=576  frames=117  σ=0.25  fold=3 ===
  OSC: k_hat=3  ACC=0.9658  NMI=0.8767  ARI=0.8999  0.3s

=== P1E_S4_C2 train[1] k=3  dim=576  frames=125  σ=0.25  fold=3 ===
  OSC: k_hat=3  ACC=0.9920  NMI=0.9653  ARI=0.9759  0.3s

=== P1E_S4_C2 train[2] k=3  dim=576  frames=122  σ=0.25  fold=3 ===
  OSC: k_hat=3  ACC=0.9918  NMI=0.9645  ARI=0.9747  0.3s

=== P1E_S4_C2 train[3] k=3  dim=576  frames=140  σ=0.25  fold=3 ===
  OSC: k_hat=3  ACC=0.9929  NMI=0.9670  ARI=0.9771  0.3s

=== P1E_S4_C2 train[4] k=3  dim=576  frames=129  σ=0.25  fold=3 ===
  OSC: k_hat=3  ACC=0.5581  NMI=0.6606  ARI=0.4599  0.3s

=== P1E_S4_C2 train[5] k=3  dim=576  frames=146  σ=0.25  fold=3 ===
  OSC: k_hat=3  ACC=0.9589  NMI=0.8852  ARI=0.8877  0.4s

=== P1E_S4_C2 train[6] k=3  dim=576  frames=110  σ=0.25  fold=3 ===
  OSC: k_hat=3  ACC=0.9909  NMI=0.9623  ARI=0.9753  0.2s

=== P1E_S4_C3 train[0] k=3  dim=576  frames=90  σ=0.25  fold=3 ===
  OSC: k_hat=3  ACC=0.9667  NMI=0.8787  ARI=0.8983  0.2s

=== P1E_S4_C3 train[1] k=3  dim=576  frames=64  σ=0.25  fold=3 ===
  OSC: k_hat=3  ACC=0.9844  NMI=0.9424  ARI=0.9536  0.1s

=== P1E_S4_C3 train[2] k=3  dim=576  frames=85  σ=0.25  fold=3 ===
  OSC: k_hat=3  ACC=0.9412  NMI=0.8539  ARI=0.8378  0.2s

=== P1E_S4_C3 train[3] k=3  dim=576  frames=87  σ=0.25  fold=3 ===
  OSC: k_hat=3  ACC=0.9885  NMI=0.9539  ARI=0.9649  0.2s

=== P1E_S4_C3 train[4] k=3  dim=576  frames=76  σ=0.25  fold=3 ===
  OSC: k_hat=3  ACC=0.9605  NMI=0.8885  ARI=0.8936  0.1s

=== P1E_S4_C3 train[5] k=3  dim=576  frames=106  σ=0.25  fold=3 ===
  OSC: k_hat=3  ACC=0.6792  NMI=0.7026  ARI=0.5568  0.2s

=== P1E_S4_C3 train[6] k=3  dim=576  frames=79  σ=0.25  fold=3 ===
  OSC: k_hat=3  ACC=0.9873  NMI=0.9513  ARI=0.9638  0.2s

=== P1L_S1_C1 train[0] k=3  dim=576  frames=162  σ=0.25  fold=3 ===
  OSC: k_hat=3  ACC=1.0000  NMI=1.0000  ARI=1.0000  0.4s

=== P1L_S1_C1 train[1] k=3  dim=576  frames=170  σ=0.25  fold=3 ===
  OSC: k_hat=3  ACC=0.7647  NMI=0.6747  ARI=0.4861  0.5s

=== P1L_S1_C1 train[2] k=3  dim=576  frames=155  σ=0.25  fold=3 ===
  OSC: k_hat=3  ACC=1.0000  NMI=1.0000  ARI=1.0000  0.4s

=== P1L_S1_C1 train[3] k=3  dim=576  frames=198  σ=0.25  fold=3 ===
  OSC: k_hat=3  ACC=0.7323  NMI=0.6955  ARI=0.5444  0.6s

=== P1L_S1_C1 train[4] k=3  dim=576  frames=166  σ=0.25  fold=3 ===
  OSC: k_hat=3  ACC=1.0000  NMI=1.0000  ARI=1.0000  0.4s

=== P1L_S1_C1 train[5] k=3  dim=576  frames=116  σ=0.25  fold=3 ===
  OSC: k_hat=3  ACC=0.5517  NMI=0.5057  ARI=0.3338  0.3s

=== P1L_S1_C1 train[6] k=3  dim=576  frames=175  σ=0.25  fold=3 ===
  OSC: k_hat=3  ACC=1.0000  NMI=1.0000  ARI=1.0000  0.5s

=== P1L_S1_C2 train[0] k=3  dim=576  frames=186  σ=0.25  fold=3 ===
  OSC: k_hat=3  ACC=0.7688  NMI=0.6813  ARI=0.5085  0.5s

=== P1L_S1_C2 train[1] k=3  dim=576  frames=137  σ=0.25  fold=3 ===
  OSC: k_hat=3  ACC=0.8029  NMI=0.7019  ARI=0.5528  0.3s

=== P1L_S1_C2 train[2] k=3  dim=576  frames=147  σ=0.25  fold=3 ===
  OSC: k_hat=3  ACC=1.0000  NMI=1.0000  ARI=1.0000  0.4s

=== P1L_S1_C2 train[3] k=3  dim=576  frames=128  σ=0.25  fold=3 ===
  OSC: k_hat=3  ACC=0.5625  NMI=0.6666  ARI=0.4689  0.3s

=== P1L_S1_C2 train[4] k=3  dim=576  frames=154  σ=0.25  fold=3 ===
  OSC: k_hat=3  ACC=0.5065  NMI=0.6566  ARI=0.4500  0.4s

=== P1L_S1_C2 train[5] k=3  dim=576  frames=142  σ=0.25  fold=3 ===
  OSC: k_hat=3  ACC=0.8239  NMI=0.7102  ARI=0.5692  0.4s

=== P1L_S1_C2 train[6] k=3  dim=576  frames=168  σ=0.25  fold=3 ===
  OSC: k_hat=3  ACC=0.9940  NMI=0.9731  ARI=0.9837  0.5s

=== P1L_S1_C3 train[0] k=3  dim=576  frames=60  σ=0.25  fold=3 ===
  OSC: k_hat=3  ACC=0.5167  NMI=0.6515  ARI=0.4364  0.1s

=== P1L_S1_C3 train[1] k=3  dim=576  frames=68  σ=0.25  fold=3 ===
  OSC: k_hat=3  ACC=1.0000  NMI=1.0000  ARI=1.0000  0.1s

=== P1L_S1_C3 train[2] k=3  dim=576  frames=65  σ=0.25  fold=3 ===
  OSC: k_hat=3  ACC=1.0000  NMI=1.0000  ARI=1.0000  0.1s

=== P1L_S1_C3 train[3] k=3  dim=576  frames=73  σ=0.25  fold=3 ===
  OSC: k_hat=3  ACC=0.6301  NMI=0.6672  ARI=0.4815  0.1s

=== P1L_S1_C3 train[4] k=3  dim=576  frames=64  σ=0.25  fold=3 ===
  OSC: k_hat=3  ACC=0.8281  NMI=0.7423  ARI=0.6374  0.1s

=== P1L_S1_C3 train[5] k=3  dim=576  frames=63  σ=0.25  fold=3 ===
  OSC: k_hat=3  ACC=0.6190  NMI=0.6736  ARI=0.5014  0.1s

=== P1L_S1_C3 train[6] k=3  dim=576  frames=75  σ=0.25  fold=3 ===
  OSC: k_hat=3  ACC=0.9867  NMI=0.9474  ARI=0.9569  0.2s

=== P1L_S2_C1 train[0] k=3  dim=576  frames=211  σ=0.25  fold=3 ===
  OSC: k_hat=3  ACC=0.8199  NMI=0.7231  ARI=0.6077  0.6s

=== P1L_S2_C1 train[1] k=3  dim=576  frames=190  σ=0.25  fold=3 ===
  OSC: k_hat=3  ACC=0.7211  NMI=0.6714  ARI=0.4890  0.5s

=== P1L_S2_C1 train[2] k=3  dim=576  frames=180  σ=0.25  fold=3 ===
  OSC: k_hat=3  ACC=1.0000  NMI=1.0000  ARI=1.0000  0.5s

=== P1L_S2_C1 train[3] k=3  dim=576  frames=172  σ=0.25  fold=3 ===
  OSC: k_hat=3  ACC=0.9709  NMI=0.9104  ARI=0.9305  0.5s

=== P1L_S2_C1 train[4] k=3  dim=576  frames=179  σ=0.25  fold=3 ===
  OSC: k_hat=3  ACC=1.0000  NMI=1.0000  ARI=1.0000  0.5s

=== P1L_S2_C1 train[5] k=3  dim=576  frames=180  σ=0.25  fold=3 ===
  OSC: k_hat=3  ACC=0.4944  NMI=0.2521  ARI=0.0513  0.5s

=== P1L_S2_C1 train[6] k=3  dim=576  frames=133  σ=0.25  fold=3 ===
  OSC: k_hat=3  ACC=1.0000  NMI=1.0000  ARI=1.0000  0.3s

=== P1L_S2_C2 train[0] k=3  dim=576  frames=194  σ=0.25  fold=3 ===
  OSC: k_hat=3  ACC=0.9897  NMI=0.9537  ARI=0.9641  0.6s

=== P1L_S2_C2 train[1] k=3  dim=576  frames=155  σ=0.25  fold=3 ===
  OSC: k_hat=3  ACC=1.0000  NMI=1.0000  ARI=1.0000  0.4s

=== P1L_S2_C2 train[2] k=3  dim=576  frames=134  σ=0.25  fold=3 ===
  OSC: k_hat=3  ACC=1.0000  NMI=1.0000  ARI=1.0000  0.3s

=== P1L_S2_C2 train[3] k=3  dim=576  frames=201  σ=0.25  fold=3 ===
  OSC: k_hat=3  ACC=0.9900  NMI=0.9582  ARI=0.9683  0.6s

=== P1L_S2_C2 train[4] k=3  dim=576  frames=171  σ=0.25  fold=3 ===
  OSC: k_hat=3  ACC=0.8363  NMI=0.7362  ARI=0.6178  0.5s

=== P1L_S2_C2 train[5] k=3  dim=576  frames=160  σ=0.25  fold=3 ===
  OSC: k_hat=3  ACC=0.8000  NMI=0.7446  ARI=0.6793  0.4s

=== P1L_S2_C2 train[6] k=3  dim=576  frames=154  σ=0.25  fold=3 ===
  OSC: k_hat=3  ACC=1.0000  NMI=1.0000  ARI=1.0000  0.4s

=== P1L_S2_C3 train[0] k=3  dim=576  frames=119  σ=0.25  fold=3 ===
  OSC: k_hat=3  ACC=1.0000  NMI=1.0000  ARI=1.0000  0.3s

=== P1L_S2_C3 train[1] k=3  dim=576  frames=101  σ=0.25  fold=3 ===
  OSC: k_hat=3  ACC=0.9901  NMI=0.9577  ARI=0.9692  0.2s

=== P1L_S2_C3 train[2] k=3  dim=576  frames=85  σ=0.25  fold=3 ===
  OSC: k_hat=3  ACC=1.0000  NMI=1.0000  ARI=1.0000  0.2s

=== P1L_S2_C3 train[3] k=3  dim=576  frames=126  σ=0.25  fold=3 ===
  OSC: k_hat=3  ACC=0.8413  NMI=0.7417  ARI=0.6278  0.3s

=== P1L_S2_C3 train[4] k=3  dim=576  frames=102  σ=0.25  fold=3 ===
  OSC: k_hat=3  ACC=0.5392  NMI=0.6485  ARI=0.4410  0.2s

=== P1L_S2_C3 train[5] k=3  dim=576  frames=121  σ=0.25  fold=3 ===
  OSC: k_hat=3  ACC=0.9091  NMI=0.7880  ARI=0.7781  0.3s

=== P1L_S2_C3 train[6] k=3  dim=576  frames=99  σ=0.25  fold=3 ===
  OSC: k_hat=3  ACC=0.9697  NMI=0.9066  ARI=0.9152  0.2s

=== P1L_S3_C1 train[0] k=3  dim=576  frames=156  σ=0.25  fold=3 ===
  OSC: k_hat=3  ACC=0.4295  NMI=0.2486  ARI=0.0025  0.4s

=== P1L_S3_C1 train[1] k=3  dim=576  frames=120  σ=0.25  fold=3 ===
  OSC: k_hat=3  ACC=1.0000  NMI=1.0000  ARI=1.0000  0.3s

=== P1L_S3_C1 train[2] k=3  dim=576  frames=185  σ=0.25  fold=3 ===
  OSC: k_hat=3  ACC=0.9730  NMI=0.9128  ARI=0.9200  0.5s

=== P1L_S3_C1 train[3] k=3  dim=576  frames=159  σ=0.25  fold=3 ===
  OSC: k_hat=3  ACC=0.9245  NMI=0.7727  ARI=0.7932  0.4s

=== P1L_S3_C1 train[4] k=3  dim=576  frames=172  σ=0.25  fold=3 ===
  OSC: k_hat=3  ACC=0.8430  NMI=0.7461  ARI=0.6424  0.5s

=== P1L_S3_C1 train[5] k=3  dim=576  frames=176  σ=0.25  fold=3 ===
  OSC: k_hat=3  ACC=0.6989  NMI=0.6232  ARI=0.4026  0.5s

=== P1L_S3_C1 train[6] k=3  dim=576  frames=134  σ=0.25  fold=3 ===
  OSC: k_hat=3  ACC=0.9925  NMI=0.9658  ARI=0.9752  0.3s

=== P1L_S3_C2 train[0] k=3  dim=576  frames=185  σ=0.25  fold=3 ===
  OSC: k_hat=3  ACC=0.8595  NMI=0.6704  ARI=0.6228  0.5s

=== P1L_S3_C2 train[1] k=3  dim=576  frames=125  σ=0.25  fold=3 ===
  OSC: k_hat=3  ACC=0.8240  NMI=0.6896  ARI=0.6227  0.3s

=== P1L_S3_C2 train[2] k=3  dim=576  frames=166  σ=0.25  fold=3 ===
  OSC: k_hat=3  ACC=1.0000  NMI=1.0000  ARI=1.0000  0.4s

=== P1L_S3_C2 train[3] k=3  dim=576  frames=168  σ=0.25  fold=3 ===
  OSC: k_hat=3  ACC=0.6488  NMI=0.6705  ARI=0.5211  0.5s

=== P1L_S3_C2 train[4] k=3  dim=576  frames=187  σ=0.25  fold=3 ===
  OSC: k_hat=3  ACC=0.5508  NMI=0.6596  ARI=0.4583  0.5s

=== P1L_S3_C2 train[5] k=3  dim=576  frames=229  σ=0.25  fold=3 ===
  OSC: k_hat=3  ACC=0.4978  NMI=0.6147  ARI=0.4261  0.7s

=== P1L_S3_C2 train[6] k=3  dim=576  frames=136  σ=0.25  fold=3 ===
  OSC: k_hat=3  ACC=1.0000  NMI=1.0000  ARI=1.0000  0.3s

=== P1L_S3_C3 train[0] k=3  dim=576  frames=151  σ=0.25  fold=3 ===
  OSC: k_hat=3  ACC=0.9934  NMI=0.9670  ARI=0.9779  0.4s

=== P1L_S3_C3 train[1] k=3  dim=576  frames=118  σ=0.25  fold=3 ===
  OSC: k_hat=3  ACC=0.8983  NMI=0.7946  ARI=0.7354  0.3s

=== P1L_S3_C3 train[2] k=3  dim=576  frames=121  σ=0.25  fold=3 ===
  OSC: k_hat=3  ACC=1.0000  NMI=1.0000  ARI=1.0000  0.3s

=== P1L_S3_C3 train[3] k=3  dim=576  frames=134  σ=0.25  fold=3 ===
  OSC: k_hat=3  ACC=0.8507  NMI=0.7327  ARI=0.6091  0.3s

=== P1L_S3_C3 train[4] k=3  dim=576  frames=110  σ=0.25  fold=3 ===
  OSC: k_hat=3  ACC=0.8636  NMI=0.7613  ARI=0.6732  0.2s

=== P1L_S3_C3 train[5] k=3  dim=576  frames=161  σ=0.25  fold=3 ===
  OSC: k_hat=3  ACC=0.8323  NMI=0.7023  ARI=0.6433  0.4s

=== P1L_S3_C3 train[6] k=3  dim=576  frames=114  σ=0.25  fold=3 ===
  OSC: k_hat=3  ACC=0.9912  NMI=0.9630  ARI=0.9763  0.3s

=== P1L_S4_C1 train[0] k=3  dim=576  frames=200  σ=0.25  fold=3 ===
  OSC: k_hat=3  ACC=0.9500  NMI=0.8658  ARI=0.8583  0.6s

=== P1L_S4_C1 train[1] k=3  dim=576  frames=157  σ=0.25  fold=3 ===
  OSC: k_hat=3  ACC=1.0000  NMI=1.0000  ARI=1.0000  0.4s

=== P1L_S4_C1 train[2] k=3  dim=576  frames=154  σ=0.25  fold=3 ===
  OSC: k_hat=3  ACC=1.0000  NMI=1.0000  ARI=1.0000  0.4s

=== P1L_S4_C1 train[3] k=3  dim=576  frames=142  σ=0.25  fold=3 ===
  OSC: k_hat=3  ACC=1.0000  NMI=1.0000  ARI=1.0000  0.4s

=== P1L_S4_C1 train[4] k=3  dim=576  frames=164  σ=0.25  fold=3 ===
  OSC: k_hat=3  ACC=0.9573  NMI=0.8816  ARI=0.8804  0.4s

=== P1L_S4_C1 train[5] k=3  dim=576  frames=187  σ=0.25  fold=3 ===
  OSC: k_hat=3  ACC=0.7273  NMI=0.6489  ARI=0.4550  0.5s

=== P1L_S4_C1 train[6] k=3  dim=576  frames=202  σ=0.25  fold=3 ===
  OSC: k_hat=3  ACC=1.0000  NMI=1.0000  ARI=1.0000  0.6s

=== P1L_S4_C2 train[0] k=3  dim=576  frames=157  σ=0.25  fold=3 ===
  OSC: k_hat=3  ACC=0.7771  NMI=0.6675  ARI=0.4827  0.4s

=== P1L_S4_C2 train[1] k=3  dim=576  frames=149  σ=0.25  fold=3 ===
  OSC: k_hat=3  ACC=0.9329  NMI=0.8326  ARI=0.7976  0.4s

=== P1L_S4_C2 train[2] k=3  dim=576  frames=175  σ=0.25  fold=3 ===
  OSC: k_hat=3  ACC=1.0000  NMI=1.0000  ARI=1.0000  0.5s

=== P1L_S4_C2 train[3] k=3  dim=576  frames=154  σ=0.25  fold=3 ===
  OSC: k_hat=3  ACC=1.0000  NMI=1.0000  ARI=1.0000  0.4s

=== P1L_S4_C2 train[4] k=3  dim=576  frames=152  σ=0.25  fold=3 ===
  OSC: k_hat=3  ACC=0.8618  NMI=0.7611  ARI=0.6804  0.4s

=== P1L_S4_C2 train[5] k=3  dim=576  frames=169  σ=0.25  fold=3 ===
  OSC: k_hat=3  ACC=0.5976  NMI=0.6663  ARI=0.4796  0.5s

=== P1L_S4_C2 train[6] k=3  dim=576  frames=153  σ=0.25  fold=3 ===
  OSC: k_hat=3  ACC=0.9869  NMI=0.9501  ARI=0.9666  0.4s

=== P1L_S4_C3 train[0] k=3  dim=576  frames=96  σ=0.25  fold=3 ===
  OSC: k_hat=3  ACC=1.0000  NMI=1.0000  ARI=1.0000  0.2s

=== P1L_S4_C3 train[1] k=3  dim=576  frames=107  σ=0.25  fold=3 ===
  OSC: k_hat=3  ACC=0.9907  NMI=0.9584  ARI=0.9678  0.2s

=== P1L_S4_C3 train[2] k=3  dim=576  frames=94  σ=0.25  fold=3 ===
  OSC: k_hat=3  ACC=1.0000  NMI=1.0000  ARI=1.0000  0.2s

=== P1L_S4_C3 train[3] k=3  dim=576  frames=112  σ=0.25  fold=3 ===
  OSC: k_hat=3  ACC=0.7857  NMI=0.7122  ARI=0.5675  0.3s

=== P1L_S4_C3 train[4] k=3  dim=576  frames=103  σ=0.25  fold=3 ===
  OSC: k_hat=3  ACC=0.5631  NMI=0.6430  ARI=0.4371  0.2s

=== P1L_S4_C3 train[5] k=3  dim=576  frames=105  σ=0.25  fold=3 ===
  OSC: k_hat=3  ACC=0.5143  NMI=0.6557  ARI=0.4468  0.2s

=== P1L_S4_C3 train[6] k=3  dim=576  frames=107  σ=0.25  fold=3 ===
  OSC: k_hat=3  ACC=0.9813  NMI=0.9338  ARI=0.9463  0.2s

=== P1E_S1_C1 test[0] k=3  dim=576  frames=140  σ=0.25  fold=3 ===
  OSC: k_hat=3  ACC=0.9143  NMI=0.7991  ARI=0.7394  0.4s

=== P1E_S1_C2 test[0] k=3  dim=576  frames=138  σ=0.25  fold=3 ===
  OSC: k_hat=3  ACC=0.6304  NMI=0.5871  ARI=0.4363  0.3s

=== P1E_S1_C3 test[0] k=3  dim=576  frames=61  σ=0.25  fold=3 ===
  OSC: k_hat=3  ACC=0.5902  NMI=0.5667  ARI=0.4032  0.1s

=== P1E_S2_C1 test[0] k=3  dim=576  frames=180  σ=0.25  fold=3 ===
  OSC: k_hat=3  ACC=0.7278  NMI=0.6529  ARI=0.5009  0.5s

=== P1E_S2_C2 test[0] k=3  dim=576  frames=144  σ=0.25  fold=3 ===
  OSC: k_hat=3  ACC=0.9236  NMI=0.7952  ARI=0.7901  0.4s

=== P1E_S2_C3 test[0] k=3  dim=576  frames=112  σ=0.25  fold=3 ===
  OSC: k_hat=3  ACC=0.8571  NMI=0.7014  ARI=0.6446  0.2s

=== P1E_S3_C1 test[0] k=3  dim=576  frames=161  σ=0.25  fold=3 ===
  OSC: k_hat=3  ACC=0.7888  NMI=0.7131  ARI=0.5833  0.4s

=== P1E_S3_C2 test[0] k=3  dim=576  frames=168  σ=0.25  fold=3 ===
  OSC: k_hat=3  ACC=0.6905  NMI=0.6422  ARI=0.4322  0.5s

=== P1E_S3_C3 test[0] k=3  dim=576  frames=125  σ=0.25  fold=3 ===
  OSC: k_hat=3  ACC=0.9760  NMI=0.9174  ARI=0.9232  0.3s

=== P1E_S4_C1 test[0] k=3  dim=576  frames=182  σ=0.25  fold=3 ===
  OSC: k_hat=3  ACC=0.8626  NMI=0.7396  ARI=0.6658  0.5s

=== P1E_S4_C2 test[0] k=3  dim=576  frames=126  σ=0.25  fold=3 ===
  OSC: k_hat=3  ACC=1.0000  NMI=1.0000  ARI=1.0000  0.3s

=== P1E_S4_C3 test[0] k=3  dim=576  frames=105  σ=0.25  fold=3 ===
  OSC: k_hat=3  ACC=0.5524  NMI=0.5912  ARI=0.4118  0.2s

=== P1L_S1_C1 test[0] k=3  dim=576  frames=182  σ=0.25  fold=3 ===
  OSC: k_hat=3  ACC=0.9945  NMI=0.9745  ARI=0.9840  0.5s

=== P1L_S1_C2 test[0] k=3  dim=576  frames=181  σ=0.25  fold=3 ===
  OSC: k_hat=3  ACC=0.8343  NMI=0.7285  ARI=0.6043  0.5s

=== P1L_S1_C3 test[0] k=3  dim=576  frames=74  σ=0.25  fold=3 ===
  OSC: k_hat=3  ACC=0.5541  NMI=0.6640  ARI=0.4617  0.1s

=== P1L_S2_C1 test[0] k=3  dim=576  frames=177  σ=0.25  fold=3 ===
  OSC: k_hat=3  ACC=0.8305  NMI=0.6528  ARI=0.5780  0.5s

=== P1L_S2_C2 test[0] k=3  dim=576  frames=186  σ=0.25  fold=3 ===
  OSC: k_hat=3  ACC=0.9570  NMI=0.8560  ARI=0.8853  0.5s

=== P1L_S2_C3 test[0] k=3  dim=576  frames=112  σ=0.25  fold=3 ===
  OSC: k_hat=3  ACC=0.5893  NMI=0.6656  ARI=0.4708  0.2s

=== P1L_S3_C1 test[0] k=3  dim=576  frames=156  σ=0.25  fold=3 ===
  OSC: k_hat=3  ACC=0.6474  NMI=0.6812  ARI=0.5139  0.4s

=== P1L_S3_C2 test[0] k=3  dim=576  frames=209  σ=0.25  fold=3 ===
  OSC: k_hat=3  ACC=0.7512  NMI=0.5433  ARI=0.4390  0.6s

=== P1L_S3_C3 test[0] k=3  dim=576  frames=142  σ=0.25  fold=3 ===
  OSC: k_hat=3  ACC=1.0000  NMI=1.0000  ARI=1.0000  0.4s

=== P1L_S4_C1 test[0] k=3  dim=576  frames=168  σ=0.25  fold=3 ===
  OSC: k_hat=3  ACC=0.8810  NMI=0.7606  ARI=0.6645  0.5s

=== P1L_S4_C2 test[0] k=3  dim=576  frames=168  σ=0.25  fold=3 ===
  OSC: k_hat=3  ACC=0.8571  NMI=0.7125  ARI=0.6257  0.5s

=== P1L_S4_C3 test[0] k=3  dim=576  frames=117  σ=0.25  fold=3 ===
  OSC: k_hat=3  ACC=0.6496  NMI=0.6668  ARI=0.4969  0.3s
  tune_pool_groups=20: sampling from 22 held-in people (overlap allowed) instead of the 7 fixed partition group(s)

============================================================
σ=0.25 fold=4  test=['0001', '0011', '0023']  train mats=168  test mats=24  tune mats=480
  --- tune OSC over 480 train mats  n_trials=20 (2 params) ---
  OSC trial 0: mean ARI=0.7459  n=480  171.6s  lambda_1=0.1, lambda_2=0.1
  OSC trial 1: mean ARI=0.7340  n=480  164.8s  lambda_1=0.1568, lambda_2=0.7257
  OSC trial 2: mean ARI=0.7115  n=480  235.9s  lambda_1=0.2577, lambda_2=0.1512
  OSC trial 3: mean ARI=0.7566  n=480  195.1s  lambda_1=0.0495, lambda_2=0.3833
  OSC trial 4: mean ARI=0.7549  n=480  287.7s  lambda_1=0.05628, lambda_2=3.691
  OSC trial 5: mean ARI=0.0036  n=480  202.1s  lambda_1=7.156, lambda_2=0.03418
  OSC trial 6: mean ARI=0.0036  n=480  163.0s  lambda_1=1.469, lambda_2=0.1305
  OSC trial 7: mean ARI=0.7249  n=480  166.2s  lambda_1=0.1871, lambda_2=5.039
  OSC trial 8: mean ARI=0.7446  n=480  173.7s  lambda_1=0.001924, lambda_2=0.002231
  OSC trial 9: mean ARI=0.7607  n=480  308.6s  lambda_1=0.001205, lambda_2=2.14
  OSC trial 10: mean ARI=0.7431  n=480  379.9s  lambda_1=0.001206, lambda_2=0.001659
  OSC trial 11: mean ARI=0.7637  n=480  370.0s  lambda_1=0.008553, lambda_2=0.9349
  OSC trial 12: mean ARI=0.7636  n=480  364.3s  lambda_1=0.007272, lambda_2=1.462
  OSC trial 13: mean ARI=0.7634  n=480  321.5s  lambda_1=0.008, lambda_2=0.9995
  OSC trial 14: mean ARI=0.7637  n=480  191.4s  lambda_1=0.01009, lambda_2=9.455
  OSC trial 15: mean ARI=0.7620  n=480  187.8s  lambda_1=0.0122, lambda_2=8.24
  OSC trial 16: mean ARI=0.7554  n=480  180.6s  lambda_1=0.0217, lambda_2=0.01302
  OSC trial 17: mean ARI=0.7619  n=480  166.9s  lambda_1=0.004, lambda_2=9.359
  OSC trial 18: mean ARI=0.7591  n=480  166.8s  lambda_1=0.02635, lambda_2=0.3957
  OSC trial 19: mean ARI=0.7607  n=480  166.4s  lambda_1=0.002578, lambda_2=3.403
    best mean ARI=0.7637  tune 4564.4s  lambda_1=0.01009, lambda_2=9.455
  wrote /nfs/turbo/umms-minjilab/lpullela/icassp_ssc_tv2/block_ssc_benchmark/cv/params/surveillance/split_k3_sigmas_min30_trials20_params_knownk_cv_osc_k3_sigma0p25_sigma0.25_fold4.json

=== P1E_S1_C1 train[0] k=3  dim=576  frames=146  σ=0.25  fold=4 ===
  OSC: k_hat=3  ACC=0.9247  NMI=0.8099  ARI=0.7622  0.4s

=== P1E_S1_C1 train[1] k=3  dim=576  frames=153  σ=0.25  fold=4 ===
  OSC: k_hat=3  ACC=0.9739  NMI=0.9153  ARI=0.9230  0.4s

=== P1E_S1_C1 train[2] k=3  dim=576  frames=130  σ=0.25  fold=4 ===
  OSC: k_hat=3  ACC=1.0000  NMI=1.0000  ARI=1.0000  0.3s

=== P1E_S1_C1 train[3] k=3  dim=576  frames=140  σ=0.25  fold=4 ===
  OSC: k_hat=3  ACC=0.9143  NMI=0.7991  ARI=0.7394  0.3s

=== P1E_S1_C1 train[4] k=3  dim=576  frames=151  σ=0.25  fold=4 ===
  OSC: k_hat=3  ACC=0.6026  NMI=0.6703  ARI=0.4826  0.4s

=== P1E_S1_C1 train[5] k=3  dim=576  frames=140  σ=0.25  fold=4 ===
  OSC: k_hat=3  ACC=0.8786  NMI=0.7789  ARI=0.7106  0.3s

=== P1E_S1_C1 train[6] k=3  dim=576  frames=171  σ=0.25  fold=4 ===
  OSC: k_hat=3  ACC=0.9942  NMI=0.9732  ARI=0.9831  0.5s

=== P1E_S1_C2 train[0] k=3  dim=576  frames=147  σ=0.25  fold=4 ===
  OSC: k_hat=3  ACC=0.9660  NMI=0.8779  ARI=0.8925  0.4s

=== P1E_S1_C2 train[1] k=3  dim=576  frames=115  σ=0.25  fold=4 ===
  OSC: k_hat=3  ACC=0.9913  NMI=0.9622  ARI=0.9715  0.3s

=== P1E_S1_C2 train[2] k=3  dim=576  frames=104  σ=0.25  fold=4 ===
  OSC: k_hat=3  ACC=1.0000  NMI=1.0000  ARI=1.0000  0.2s

=== P1E_S1_C2 train[3] k=3  dim=576  frames=138  σ=0.25  fold=4 ===
  OSC: k_hat=3  ACC=0.6304  NMI=0.5871  ARI=0.4363  0.4s

=== P1E_S1_C2 train[4] k=3  dim=576  frames=122  σ=0.25  fold=4 ===
  OSC: k_hat=3  ACC=0.5574  NMI=0.6295  ARI=0.4511  0.3s

=== P1E_S1_C2 train[5] k=3  dim=576  frames=122  σ=0.25  fold=4 ===
  OSC: k_hat=3  ACC=0.9590  NMI=0.8854  ARI=0.8916  0.3s

=== P1E_S1_C2 train[6] k=3  dim=576  frames=134  σ=0.25  fold=4 ===
  OSC: k_hat=3  ACC=0.9776  NMI=0.9247  ARI=0.9355  0.3s

=== P1E_S1_C3 train[0] k=3  dim=576  frames=58  σ=0.25  fold=4 ===
  OSC: k_hat=3  ACC=0.9138  NMI=0.7553  ARI=0.7388  0.1s

=== P1E_S1_C3 train[1] k=3  dim=576  frames=56  σ=0.25  fold=4 ===
  OSC: k_hat=3  ACC=0.9821  NMI=0.9328  ARI=0.9451  0.1s

=== P1E_S1_C3 train[2] k=3  dim=576  frames=47  σ=0.25  fold=4 ===
  OSC: k_hat=3  ACC=1.0000  NMI=1.0000  ARI=1.0000  0.1s

=== P1E_S1_C3 train[3] k=3  dim=576  frames=61  σ=0.25  fold=4 ===
  OSC: k_hat=3  ACC=0.5902  NMI=0.5667  ARI=0.4032  0.1s

=== P1E_S1_C3 train[4] k=3  dim=576  frames=55  σ=0.25  fold=4 ===
  OSC: k_hat=3  ACC=0.9636  NMI=0.8708  ARI=0.8924  0.1s

=== P1E_S1_C3 train[5] k=3  dim=576  frames=51  σ=0.25  fold=4 ===
  OSC: k_hat=3  ACC=0.9412  NMI=0.8195  ARI=0.8304  0.1s

=== P1E_S1_C3 train[6] k=3  dim=576  frames=69  σ=0.25  fold=4 ===
  OSC: k_hat=3  ACC=0.9420  NMI=0.8181  ARI=0.8290  0.1s

=== P1E_S2_C1 train[0] k=3  dim=576  frames=167  σ=0.25  fold=4 ===
  OSC: k_hat=3  ACC=0.8862  NMI=0.7810  ARI=0.7093  0.5s

=== P1E_S2_C1 train[1] k=3  dim=576  frames=151  σ=0.25  fold=4 ===
  OSC: k_hat=3  ACC=0.7417  NMI=0.6109  ARI=0.5054  0.4s

=== P1E_S2_C1 train[2] k=3  dim=576  frames=136  σ=0.25  fold=4 ===
  OSC: k_hat=3  ACC=0.8971  NMI=0.7907  ARI=0.7297  0.3s

=== P1E_S2_C1 train[3] k=3  dim=576  frames=180  σ=0.25  fold=4 ===
  OSC: k_hat=3  ACC=0.7278  NMI=0.6529  ARI=0.5009  0.5s

=== P1E_S2_C1 train[4] k=3  dim=576  frames=124  σ=0.25  fold=4 ===
  OSC: k_hat=3  ACC=0.5645  NMI=0.6652  ARI=0.4649  0.3s

=== P1E_S2_C1 train[5] k=3  dim=576  frames=161  σ=0.25  fold=4 ===
  OSC: k_hat=3  ACC=0.8012  NMI=0.6951  ARI=0.5830  0.4s

=== P1E_S2_C1 train[6] k=3  dim=576  frames=153  σ=0.25  fold=4 ===
  OSC: k_hat=3  ACC=0.9935  NMI=0.9709  ARI=0.9811  0.4s

=== P1E_S2_C2 train[0] k=3  dim=576  frames=146  σ=0.25  fold=4 ===
  OSC: k_hat=3  ACC=0.9589  NMI=0.8560  ARI=0.8787  0.4s

=== P1E_S2_C2 train[1] k=3  dim=576  frames=115  σ=0.25  fold=4 ===
  OSC: k_hat=3  ACC=0.9913  NMI=0.9630  ARI=0.9739  0.3s

=== P1E_S2_C2 train[2] k=3  dim=576  frames=109  σ=0.25  fold=4 ===
  OSC: k_hat=3  ACC=1.0000  NMI=1.0000  ARI=1.0000  0.3s

=== P1E_S2_C2 train[3] k=3  dim=576  frames=144  σ=0.25  fold=4 ===
  OSC: k_hat=3  ACC=0.9236  NMI=0.7952  ARI=0.7901  0.4s

=== P1E_S2_C2 train[4] k=3  dim=576  frames=109  σ=0.25  fold=4 ===
  OSC: k_hat=3  ACC=0.6972  NMI=0.6941  ARI=0.5482  0.3s

=== P1E_S2_C2 train[5] k=3  dim=576  frames=128  σ=0.25  fold=4 ===
  OSC: k_hat=3  ACC=0.8828  NMI=0.7831  ARI=0.7188  0.3s

=== P1E_S2_C2 train[6] k=3  dim=576  frames=126  σ=0.25  fold=4 ===
  OSC: k_hat=3  ACC=0.9762  NMI=0.9207  ARI=0.9308  0.3s

=== P1E_S2_C3 train[0] k=3  dim=576  frames=113  σ=0.25  fold=4 ===
  OSC: k_hat=3  ACC=0.9912  NMI=0.9613  ARI=0.9706  0.3s

=== P1E_S2_C3 train[1] k=3  dim=576  frames=88  σ=0.25  fold=4 ===
  OSC: k_hat=3  ACC=0.9886  NMI=0.9540  ARI=0.9655  0.2s

=== P1E_S2_C3 train[2] k=3  dim=576  frames=90  σ=0.25  fold=4 ===
  OSC: k_hat=3  ACC=1.0000  NMI=1.0000  ARI=1.0000  0.2s

=== P1E_S2_C3 train[3] k=3  dim=576  frames=112  σ=0.25  fold=4 ===
  OSC: k_hat=3  ACC=0.8571  NMI=0.7014  ARI=0.6446  0.3s

=== P1E_S2_C3 train[4] k=3  dim=576  frames=87  σ=0.25  fold=4 ===
  OSC: k_hat=3  ACC=0.5977  NMI=0.6670  ARI=0.4754  0.2s

=== P1E_S2_C3 train[5] k=3  dim=576  frames=105  σ=0.25  fold=4 ===
  OSC: k_hat=3  ACC=0.9714  NMI=0.8926  ARI=0.9125  0.2s

=== P1E_S2_C3 train[6] k=3  dim=576  frames=89  σ=0.25  fold=4 ===
  OSC: k_hat=3  ACC=0.9775  NMI=0.9248  ARI=0.9383  0.2s

=== P1E_S3_C1 train[0] k=3  dim=576  frames=166  σ=0.25  fold=4 ===
  OSC: k_hat=3  ACC=0.8072  NMI=0.6684  ARI=0.5357  0.4s

=== P1E_S3_C1 train[1] k=3  dim=576  frames=139  σ=0.25  fold=4 ===
  OSC: k_hat=3  ACC=0.7338  NMI=0.6984  ARI=0.5493  0.3s

=== P1E_S3_C1 train[2] k=3  dim=576  frames=134  σ=0.25  fold=4 ===
  OSC: k_hat=3  ACC=0.8060  NMI=0.6640  ARI=0.5439  0.3s

=== P1E_S3_C1 train[3] k=3  dim=576  frames=161  σ=0.25  fold=4 ===
  OSC: k_hat=3  ACC=0.7888  NMI=0.7131  ARI=0.5833  0.4s

=== P1E_S3_C1 train[4] k=3  dim=576  frames=123  σ=0.25  fold=4 ===
  OSC: k_hat=3  ACC=0.5122  NMI=0.4251  ARI=0.2437  0.3s

=== P1E_S3_C1 train[5] k=3  dim=576  frames=204  σ=0.25  fold=4 ===
  OSC: k_hat=3  ACC=0.5686  NMI=0.3504  ARI=0.1516  0.6s

=== P1E_S3_C1 train[6] k=3  dim=576  frames=112  σ=0.25  fold=4 ===
  OSC: k_hat=3  ACC=0.5625  NMI=0.6127  ARI=0.4282  0.3s

=== P1E_S3_C2 train[0] k=3  dim=576  frames=147  σ=0.25  fold=4 ===
  OSC: k_hat=3  ACC=0.8639  NMI=0.7374  ARI=0.6181  0.4s

=== P1E_S3_C2 train[1] k=3  dim=576  frames=120  σ=0.25  fold=4 ===
  OSC: k_hat=3  ACC=0.6833  NMI=0.6679  ARI=0.4772  0.3s

=== P1E_S3_C2 train[2] k=3  dim=576  frames=112  σ=0.25  fold=4 ===
  OSC: k_hat=3  ACC=0.9464  NMI=0.8343  ARI=0.8360  0.3s

=== P1E_S3_C2 train[3] k=3  dim=576  frames=168  σ=0.25  fold=4 ===
  OSC: k_hat=3  ACC=0.6905  NMI=0.6422  ARI=0.4322  0.5s

=== P1E_S3_C2 train[4] k=3  dim=576  frames=107  σ=0.25  fold=4 ===
  OSC: k_hat=3  ACC=0.5981  NMI=0.6680  ARI=0.4761  0.2s

=== P1E_S3_C2 train[5] k=3  dim=576  frames=146  σ=0.25  fold=4 ===
  OSC: k_hat=3  ACC=0.6644  NMI=0.6176  ARI=0.3722  0.4s

=== P1E_S3_C2 train[6] k=3  dim=576  frames=114  σ=0.25  fold=4 ===
  OSC: k_hat=3  ACC=0.9825  NMI=0.9242  ARI=0.9544  0.3s

=== P1E_S3_C3 train[0] k=3  dim=576  frames=105  σ=0.25  fold=4 ===
  OSC: k_hat=3  ACC=1.0000  NMI=1.0000  ARI=1.0000  0.2s

=== P1E_S3_C3 train[1] k=3  dim=576  frames=89  σ=0.25  fold=4 ===
  OSC: k_hat=3  ACC=1.0000  NMI=1.0000  ARI=1.0000  0.2s

=== P1E_S3_C3 train[2] k=3  dim=576  frames=84  σ=0.25  fold=4 ===
  OSC: k_hat=3  ACC=0.9881  NMI=0.9525  ARI=0.9657  0.2s

=== P1E_S3_C3 train[3] k=3  dim=576  frames=125  σ=0.25  fold=4 ===
  OSC: k_hat=3  ACC=0.9760  NMI=0.9174  ARI=0.9232  0.3s

=== P1E_S3_C3 train[4] k=3  dim=576  frames=83  σ=0.25  fold=4 ===
  OSC: k_hat=3  ACC=1.0000  NMI=1.0000  ARI=1.0000  0.2s

=== P1E_S3_C3 train[5] k=3  dim=576  frames=129  σ=0.25  fold=4 ===
  OSC: k_hat=3  ACC=0.5349  NMI=0.6553  ARI=0.4505  0.3s

=== P1E_S3_C3 train[6] k=3  dim=576  frames=84  σ=0.25  fold=4 ===
  OSC: k_hat=3  ACC=0.9881  NMI=0.9523  ARI=0.9667  0.2s

=== P1E_S4_C1 train[0] k=3  dim=576  frames=158  σ=0.25  fold=4 ===
  OSC: k_hat=3  ACC=0.8481  NMI=0.7167  ARI=0.5780  0.4s

=== P1E_S4_C1 train[1] k=3  dim=576  frames=107  σ=0.25  fold=4 ===
  OSC: k_hat=3  ACC=1.0000  NMI=1.0000  ARI=1.0000  0.2s

=== P1E_S4_C1 train[2] k=3  dim=576  frames=155  σ=0.25  fold=4 ===
  OSC: k_hat=3  ACC=0.9871  NMI=0.9496  ARI=0.9602  0.4s

=== P1E_S4_C1 train[3] k=3  dim=576  frames=182  σ=0.25  fold=4 ===
  OSC: k_hat=3  ACC=0.8626  NMI=0.7396  ARI=0.6658  0.5s

=== P1E_S4_C1 train[4] k=3  dim=576  frames=133  σ=0.25  fold=4 ===
  OSC: k_hat=3  ACC=0.6466  NMI=0.6651  ARI=0.4918  0.3s

=== P1E_S4_C1 train[5] k=3  dim=576  frames=147  σ=0.25  fold=4 ===
  OSC: k_hat=3  ACC=0.5238  NMI=0.4818  ARI=0.3255  0.4s

=== P1E_S4_C1 train[6] k=3  dim=576  frames=145  σ=0.25  fold=4 ===
  OSC: k_hat=3  ACC=0.9862  NMI=0.9476  ARI=0.9615  0.4s

=== P1E_S4_C2 train[0] k=3  dim=576  frames=117  σ=0.25  fold=4 ===
  OSC: k_hat=3  ACC=0.9658  NMI=0.8767  ARI=0.8999  0.3s

=== P1E_S4_C2 train[1] k=3  dim=576  frames=125  σ=0.25  fold=4 ===
  OSC: k_hat=3  ACC=0.9920  NMI=0.9653  ARI=0.9759  0.3s

=== P1E_S4_C2 train[2] k=3  dim=576  frames=122  σ=0.25  fold=4 ===
  OSC: k_hat=3  ACC=0.9918  NMI=0.9645  ARI=0.9747  0.3s

=== P1E_S4_C2 train[3] k=3  dim=576  frames=126  σ=0.25  fold=4 ===
  OSC: k_hat=3  ACC=1.0000  NMI=1.0000  ARI=1.0000  0.3s

=== P1E_S4_C2 train[4] k=3  dim=576  frames=129  σ=0.25  fold=4 ===
  OSC: k_hat=3  ACC=0.5581  NMI=0.6606  ARI=0.4599  0.3s

=== P1E_S4_C2 train[5] k=3  dim=576  frames=146  σ=0.25  fold=4 ===
  OSC: k_hat=3  ACC=0.9589  NMI=0.8852  ARI=0.8877  0.4s

=== P1E_S4_C2 train[6] k=3  dim=576  frames=110  σ=0.25  fold=4 ===
  OSC: k_hat=3  ACC=0.9909  NMI=0.9623  ARI=0.9753  0.3s

=== P1E_S4_C3 train[0] k=3  dim=576  frames=90  σ=0.25  fold=4 ===
  OSC: k_hat=3  ACC=0.9667  NMI=0.8787  ARI=0.8983  0.2s

=== P1E_S4_C3 train[1] k=3  dim=576  frames=64  σ=0.25  fold=4 ===
  OSC: k_hat=3  ACC=0.9844  NMI=0.9424  ARI=0.9536  0.1s

=== P1E_S4_C3 train[2] k=3  dim=576  frames=85  σ=0.25  fold=4 ===
  OSC: k_hat=3  ACC=0.9412  NMI=0.8539  ARI=0.8378  0.2s

=== P1E_S4_C3 train[3] k=3  dim=576  frames=105  σ=0.25  fold=4 ===
  OSC: k_hat=3  ACC=0.5524  NMI=0.5912  ARI=0.4118  0.2s

=== P1E_S4_C3 train[4] k=3  dim=576  frames=76  σ=0.25  fold=4 ===
  OSC: k_hat=3  ACC=0.9605  NMI=0.8885  ARI=0.8936  0.2s

=== P1E_S4_C3 train[5] k=3  dim=576  frames=106  σ=0.25  fold=4 ===
  OSC: k_hat=3  ACC=0.6792  NMI=0.7026  ARI=0.5568  0.2s

=== P1E_S4_C3 train[6] k=3  dim=576  frames=79  σ=0.25  fold=4 ===
  OSC: k_hat=3  ACC=0.9873  NMI=0.9513  ARI=0.9638  0.2s

=== P1L_S1_C1 train[0] k=3  dim=576  frames=162  σ=0.25  fold=4 ===
  OSC: k_hat=3  ACC=1.0000  NMI=1.0000  ARI=1.0000  0.4s

=== P1L_S1_C1 train[1] k=3  dim=576  frames=170  σ=0.25  fold=4 ===
  OSC: k_hat=3  ACC=0.7647  NMI=0.6747  ARI=0.4861  0.5s

=== P1L_S1_C1 train[2] k=3  dim=576  frames=155  σ=0.25  fold=4 ===
  OSC: k_hat=3  ACC=1.0000  NMI=1.0000  ARI=1.0000  0.4s

=== P1L_S1_C1 train[3] k=3  dim=576  frames=182  σ=0.25  fold=4 ===
  OSC: k_hat=3  ACC=0.9945  NMI=0.9745  ARI=0.9840  0.5s

=== P1L_S1_C1 train[4] k=3  dim=576  frames=166  σ=0.25  fold=4 ===
  OSC: k_hat=3  ACC=1.0000  NMI=1.0000  ARI=1.0000  0.5s

=== P1L_S1_C1 train[5] k=3  dim=576  frames=116  σ=0.25  fold=4 ===
  OSC: k_hat=3  ACC=0.5517  NMI=0.5057  ARI=0.3338  0.3s

=== P1L_S1_C1 train[6] k=3  dim=576  frames=175  σ=0.25  fold=4 ===
  OSC: k_hat=3  ACC=1.0000  NMI=1.0000  ARI=1.0000  0.5s

=== P1L_S1_C2 train[0] k=3  dim=576  frames=186  σ=0.25  fold=4 ===
  OSC: k_hat=3  ACC=0.7688  NMI=0.6813  ARI=0.5085  0.5s

=== P1L_S1_C2 train[1] k=3  dim=576  frames=137  σ=0.25  fold=4 ===
  OSC: k_hat=3  ACC=0.8029  NMI=0.7019  ARI=0.5528  0.4s

=== P1L_S1_C2 train[2] k=3  dim=576  frames=147  σ=0.25  fold=4 ===
  OSC: k_hat=3  ACC=1.0000  NMI=1.0000  ARI=1.0000  0.4s

=== P1L_S1_C2 train[3] k=3  dim=576  frames=181  σ=0.25  fold=4 ===
  OSC: k_hat=3  ACC=0.8343  NMI=0.7285  ARI=0.6043  0.5s

=== P1L_S1_C2 train[4] k=3  dim=576  frames=154  σ=0.25  fold=4 ===
  OSC: k_hat=3  ACC=0.5065  NMI=0.6566  ARI=0.4500  0.4s

=== P1L_S1_C2 train[5] k=3  dim=576  frames=142  σ=0.25  fold=4 ===
  OSC: k_hat=3  ACC=0.8239  NMI=0.7102  ARI=0.5692  0.4s

=== P1L_S1_C2 train[6] k=3  dim=576  frames=168  σ=0.25  fold=4 ===
  OSC: k_hat=3  ACC=0.9940  NMI=0.9731  ARI=0.9837  0.5s

=== P1L_S1_C3 train[0] k=3  dim=576  frames=60  σ=0.25  fold=4 ===
  OSC: k_hat=3  ACC=0.5167  NMI=0.6515  ARI=0.4364  0.1s

=== P1L_S1_C3 train[1] k=3  dim=576  frames=68  σ=0.25  fold=4 ===
  OSC: k_hat=3  ACC=1.0000  NMI=1.0000  ARI=1.0000  0.1s

=== P1L_S1_C3 train[2] k=3  dim=576  frames=65  σ=0.25  fold=4 ===
  OSC: k_hat=3  ACC=1.0000  NMI=1.0000  ARI=1.0000  0.1s

=== P1L_S1_C3 train[3] k=3  dim=576  frames=74  σ=0.25  fold=4 ===
  OSC: k_hat=3  ACC=0.5541  NMI=0.6640  ARI=0.4617  0.2s

=== P1L_S1_C3 train[4] k=3  dim=576  frames=64  σ=0.25  fold=4 ===
  OSC: k_hat=3  ACC=0.8281  NMI=0.7423  ARI=0.6374  0.1s

=== P1L_S1_C3 train[5] k=3  dim=576  frames=63  σ=0.25  fold=4 ===
  OSC: k_hat=3  ACC=0.6190  NMI=0.6736  ARI=0.5014  0.1s

=== P1L_S1_C3 train[6] k=3  dim=576  frames=75  σ=0.25  fold=4 ===
  OSC: k_hat=3  ACC=0.9867  NMI=0.9474  ARI=0.9569  0.2s

=== P1L_S2_C1 train[0] k=3  dim=576  frames=211  σ=0.25  fold=4 ===
  OSC: k_hat=3  ACC=0.8199  NMI=0.7231  ARI=0.6077  0.6s

=== P1L_S2_C1 train[1] k=3  dim=576  frames=190  σ=0.25  fold=4 ===
  OSC: k_hat=3  ACC=0.7211  NMI=0.6714  ARI=0.4890  0.5s

=== P1L_S2_C1 train[2] k=3  dim=576  frames=180  σ=0.25  fold=4 ===
  OSC: k_hat=3  ACC=1.0000  NMI=1.0000  ARI=1.0000  0.5s

=== P1L_S2_C1 train[3] k=3  dim=576  frames=177  σ=0.25  fold=4 ===
  OSC: k_hat=3  ACC=0.8305  NMI=0.6528  ARI=0.5780  0.5s

=== P1L_S2_C1 train[4] k=3  dim=576  frames=179  σ=0.25  fold=4 ===
  OSC: k_hat=3  ACC=1.0000  NMI=1.0000  ARI=1.0000  0.5s

=== P1L_S2_C1 train[5] k=3  dim=576  frames=180  σ=0.25  fold=4 ===
  OSC: k_hat=3  ACC=0.4944  NMI=0.2521  ARI=0.0513  0.5s

=== P1L_S2_C1 train[6] k=3  dim=576  frames=133  σ=0.25  fold=4 ===
  OSC: k_hat=3  ACC=1.0000  NMI=1.0000  ARI=1.0000  0.3s

=== P1L_S2_C2 train[0] k=3  dim=576  frames=194  σ=0.25  fold=4 ===
  OSC: k_hat=3  ACC=0.9897  NMI=0.9537  ARI=0.9641  0.6s

=== P1L_S2_C2 train[1] k=3  dim=576  frames=155  σ=0.25  fold=4 ===
  OSC: k_hat=3  ACC=1.0000  NMI=1.0000  ARI=1.0000  0.4s

=== P1L_S2_C2 train[2] k=3  dim=576  frames=134  σ=0.25  fold=4 ===
  OSC: k_hat=3  ACC=1.0000  NMI=1.0000  ARI=1.0000  0.3s

=== P1L_S2_C2 train[3] k=3  dim=576  frames=186  σ=0.25  fold=4 ===
  OSC: k_hat=3  ACC=0.9570  NMI=0.8560  ARI=0.8853  0.5s

=== P1L_S2_C2 train[4] k=3  dim=576  frames=171  σ=0.25  fold=4 ===
  OSC: k_hat=3  ACC=0.8363  NMI=0.7362  ARI=0.6178  0.5s

=== P1L_S2_C2 train[5] k=3  dim=576  frames=160  σ=0.25  fold=4 ===
  OSC: k_hat=3  ACC=0.8000  NMI=0.7446  ARI=0.6793  0.4s

=== P1L_S2_C2 train[6] k=3  dim=576  frames=154  σ=0.25  fold=4 ===
  OSC: k_hat=3  ACC=1.0000  NMI=1.0000  ARI=1.0000  0.4s

=== P1L_S2_C3 train[0] k=3  dim=576  frames=119  σ=0.25  fold=4 ===
  OSC: k_hat=3  ACC=1.0000  NMI=1.0000  ARI=1.0000  0.3s

=== P1L_S2_C3 train[1] k=3  dim=576  frames=101  σ=0.25  fold=4 ===
  OSC: k_hat=3  ACC=0.9901  NMI=0.9577  ARI=0.9692  0.2s

=== P1L_S2_C3 train[2] k=3  dim=576  frames=85  σ=0.25  fold=4 ===
  OSC: k_hat=3  ACC=1.0000  NMI=1.0000  ARI=1.0000  0.2s

=== P1L_S2_C3 train[3] k=3  dim=576  frames=112  σ=0.25  fold=4 ===
  OSC: k_hat=3  ACC=0.5893  NMI=0.6656  ARI=0.4708  0.3s

=== P1L_S2_C3 train[4] k=3  dim=576  frames=102  σ=0.25  fold=4 ===
  OSC: k_hat=3  ACC=0.5392  NMI=0.6485  ARI=0.4410  0.2s

=== P1L_S2_C3 train[5] k=3  dim=576  frames=121  σ=0.25  fold=4 ===
  OSC: k_hat=3  ACC=0.9091  NMI=0.7880  ARI=0.7781  0.3s

=== P1L_S2_C3 train[6] k=3  dim=576  frames=99  σ=0.25  fold=4 ===
  OSC: k_hat=3  ACC=0.9697  NMI=0.9066  ARI=0.9152  0.2s

=== P1L_S3_C1 train[0] k=3  dim=576  frames=156  σ=0.25  fold=4 ===
  OSC: k_hat=3  ACC=0.4295  NMI=0.2486  ARI=0.0025  0.4s

=== P1L_S3_C1 train[1] k=3  dim=576  frames=120  σ=0.25  fold=4 ===
  OSC: k_hat=3  ACC=1.0000  NMI=1.0000  ARI=1.0000  0.3s

=== P1L_S3_C1 train[2] k=3  dim=576  frames=185  σ=0.25  fold=4 ===
  OSC: k_hat=3  ACC=0.9730  NMI=0.9128  ARI=0.9200  0.5s

=== P1L_S3_C1 train[3] k=3  dim=576  frames=156  σ=0.25  fold=4 ===
  OSC: k_hat=3  ACC=0.6474  NMI=0.6812  ARI=0.5139  0.4s

=== P1L_S3_C1 train[4] k=3  dim=576  frames=172  σ=0.25  fold=4 ===
  OSC: k_hat=3  ACC=0.8430  NMI=0.7461  ARI=0.6424  0.5s

=== P1L_S3_C1 train[5] k=3  dim=576  frames=176  σ=0.25  fold=4 ===
  OSC: k_hat=3  ACC=0.6989  NMI=0.6232  ARI=0.4026  0.5s

=== P1L_S3_C1 train[6] k=3  dim=576  frames=134  σ=0.25  fold=4 ===
  OSC: k_hat=3  ACC=0.9925  NMI=0.9658  ARI=0.9752  0.3s

=== P1L_S3_C2 train[0] k=3  dim=576  frames=185  σ=0.25  fold=4 ===
  OSC: k_hat=3  ACC=0.8595  NMI=0.6704  ARI=0.6228  0.5s

=== P1L_S3_C2 train[1] k=3  dim=576  frames=125  σ=0.25  fold=4 ===
  OSC: k_hat=3  ACC=0.8400  NMI=0.7551  ARI=0.6802  0.3s

=== P1L_S3_C2 train[2] k=3  dim=576  frames=166  σ=0.25  fold=4 ===
  OSC: k_hat=3  ACC=1.0000  NMI=1.0000  ARI=1.0000  0.4s

=== P1L_S3_C2 train[3] k=3  dim=576  frames=209  σ=0.25  fold=4 ===
  OSC: k_hat=3  ACC=0.7512  NMI=0.5433  ARI=0.4390  0.6s

=== P1L_S3_C2 train[4] k=3  dim=576  frames=187  σ=0.25  fold=4 ===
  OSC: k_hat=3  ACC=0.5508  NMI=0.6596  ARI=0.4583  0.5s

=== P1L_S3_C2 train[5] k=3  dim=576  frames=229  σ=0.25  fold=4 ===
  OSC: k_hat=3  ACC=0.4978  NMI=0.6147  ARI=0.4261  0.7s

=== P1L_S3_C2 train[6] k=3  dim=576  frames=136  σ=0.25  fold=4 ===
  OSC: k_hat=3  ACC=1.0000  NMI=1.0000  ARI=1.0000  0.3s

=== P1L_S3_C3 train[0] k=3  dim=576  frames=151  σ=0.25  fold=4 ===
  OSC: k_hat=3  ACC=0.9934  NMI=0.9670  ARI=0.9779  0.4s

=== P1L_S3_C3 train[1] k=3  dim=576  frames=118  σ=0.25  fold=4 ===
  OSC: k_hat=3  ACC=0.8983  NMI=0.7946  ARI=0.7354  0.3s

=== P1L_S3_C3 train[2] k=3  dim=576  frames=121  σ=0.25  fold=4 ===
  OSC: k_hat=3  ACC=1.0000  NMI=1.0000  ARI=1.0000  0.3s

=== P1L_S3_C3 train[3] k=3  dim=576  frames=142  σ=0.25  fold=4 ===
  OSC: k_hat=3  ACC=1.0000  NMI=1.0000  ARI=1.0000  0.4s

=== P1L_S3_C3 train[4] k=3  dim=576  frames=110  σ=0.25  fold=4 ===
  OSC: k_hat=3  ACC=0.8636  NMI=0.7613  ARI=0.6732  0.2s

=== P1L_S3_C3 train[5] k=3  dim=576  frames=161  σ=0.25  fold=4 ===
  OSC: k_hat=3  ACC=0.8323  NMI=0.7023  ARI=0.6433  0.4s

=== P1L_S3_C3 train[6] k=3  dim=576  frames=114  σ=0.25  fold=4 ===
  OSC: k_hat=3  ACC=0.9912  NMI=0.9630  ARI=0.9763  0.3s

=== P1L_S4_C1 train[0] k=3  dim=576  frames=200  σ=0.25  fold=4 ===
  OSC: k_hat=3  ACC=0.9500  NMI=0.8658  ARI=0.8583  0.6s

=== P1L_S4_C1 train[1] k=3  dim=576  frames=157  σ=0.25  fold=4 ===
  OSC: k_hat=3  ACC=1.0000  NMI=1.0000  ARI=1.0000  0.4s

=== P1L_S4_C1 train[2] k=3  dim=576  frames=154  σ=0.25  fold=4 ===
  OSC: k_hat=3  ACC=1.0000  NMI=1.0000  ARI=1.0000  0.4s

=== P1L_S4_C1 train[3] k=3  dim=576  frames=168  σ=0.25  fold=4 ===
  OSC: k_hat=3  ACC=0.8810  NMI=0.7606  ARI=0.6645  0.4s

=== P1L_S4_C1 train[4] k=3  dim=576  frames=164  σ=0.25  fold=4 ===
  OSC: k_hat=3  ACC=0.9573  NMI=0.8816  ARI=0.8804  0.4s

=== P1L_S4_C1 train[5] k=3  dim=576  frames=187  σ=0.25  fold=4 ===
  OSC: k_hat=3  ACC=0.7273  NMI=0.6489  ARI=0.4550  0.5s

=== P1L_S4_C1 train[6] k=3  dim=576  frames=202  σ=0.25  fold=4 ===
  OSC: k_hat=3  ACC=1.0000  NMI=1.0000  ARI=1.0000  0.6s

=== P1L_S4_C2 train[0] k=3  dim=576  frames=157  σ=0.25  fold=4 ===
  OSC: k_hat=3  ACC=0.7771  NMI=0.6675  ARI=0.4827  0.4s

=== P1L_S4_C2 train[1] k=3  dim=576  frames=149  σ=0.25  fold=4 ===
  OSC: k_hat=3  ACC=0.9329  NMI=0.8326  ARI=0.7976  0.4s

=== P1L_S4_C2 train[2] k=3  dim=576  frames=175  σ=0.25  fold=4 ===
  OSC: k_hat=3  ACC=1.0000  NMI=1.0000  ARI=1.0000  0.5s

=== P1L_S4_C2 train[3] k=3  dim=576  frames=168  σ=0.25  fold=4 ===
  OSC: k_hat=3  ACC=0.8571  NMI=0.7125  ARI=0.6257  0.5s

=== P1L_S4_C2 train[4] k=3  dim=576  frames=152  σ=0.25  fold=4 ===
  OSC: k_hat=3  ACC=0.8618  NMI=0.7611  ARI=0.6804  0.4s

=== P1L_S4_C2 train[5] k=3  dim=576  frames=169  σ=0.25  fold=4 ===
  OSC: k_hat=3  ACC=0.5976  NMI=0.6663  ARI=0.4796  0.5s

=== P1L_S4_C2 train[6] k=3  dim=576  frames=153  σ=0.25  fold=4 ===
  OSC: k_hat=3  ACC=0.9869  NMI=0.9501  ARI=0.9666  0.4s

=== P1L_S4_C3 train[0] k=3  dim=576  frames=96  σ=0.25  fold=4 ===
  OSC: k_hat=3  ACC=1.0000  NMI=1.0000  ARI=1.0000  0.2s

=== P1L_S4_C3 train[1] k=3  dim=576  frames=107  σ=0.25  fold=4 ===
  OSC: k_hat=3  ACC=0.9907  NMI=0.9584  ARI=0.9678  0.2s

=== P1L_S4_C3 train[2] k=3  dim=576  frames=94  σ=0.25  fold=4 ===
  OSC: k_hat=3  ACC=1.0000  NMI=1.0000  ARI=1.0000  0.2s

=== P1L_S4_C3 train[3] k=3  dim=576  frames=117  σ=0.25  fold=4 ===
  OSC: k_hat=3  ACC=0.6496  NMI=0.6668  ARI=0.4969  0.3s

=== P1L_S4_C3 train[4] k=3  dim=576  frames=103  σ=0.25  fold=4 ===
  OSC: k_hat=3  ACC=0.5631  NMI=0.6430  ARI=0.4371  0.2s

=== P1L_S4_C3 train[5] k=3  dim=576  frames=105  σ=0.25  fold=4 ===
  OSC: k_hat=3  ACC=0.5143  NMI=0.6557  ARI=0.4468  0.2s

=== P1L_S4_C3 train[6] k=3  dim=576  frames=107  σ=0.25  fold=4 ===
  OSC: k_hat=3  ACC=0.9813  NMI=0.9338  ARI=0.9463  0.2s

=== P1E_S1_C1 test[0] k=3  dim=576  frames=157  σ=0.25  fold=4 ===
  OSC: k_hat=3  ACC=0.5924  NMI=0.6638  ARI=0.4711  0.4s

=== P1E_S1_C2 test[0] k=3  dim=576  frames=113  σ=0.25  fold=4 ===
  OSC: k_hat=3  ACC=0.7080  NMI=0.6183  ARI=0.5160  0.3s

=== P1E_S1_C3 test[0] k=3  dim=576  frames=37  σ=0.25  fold=4 ===
  OSC: k_hat=3  ACC=0.7297  NMI=0.5587  ARI=0.5003  0.1s

=== P1E_S2_C1 test[0] k=3  dim=576  frames=149  σ=0.25  fold=4 ===
  OSC: k_hat=3  ACC=0.6040  NMI=0.6711  ARI=0.4842  0.4s

=== P1E_S2_C2 test[0] k=3  dim=576  frames=124  σ=0.25  fold=4 ===
  OSC: k_hat=3  ACC=1.0000  NMI=1.0000  ARI=1.0000  0.3s

=== P1E_S2_C3 test[0] k=3  dim=576  frames=99  σ=0.25  fold=4 ===
  OSC: k_hat=3  ACC=0.9899  NMI=0.9585  ARI=0.9691  0.2s

=== P1E_S3_C1 test[0] k=3  dim=576  frames=168  σ=0.25  fold=4 ===
  OSC: k_hat=3  ACC=0.8512  NMI=0.7342  ARI=0.6087  0.5s

=== P1E_S3_C2 test[0] k=3  dim=576  frames=169  σ=0.25  fold=4 ===
  OSC: k_hat=3  ACC=0.8284  NMI=0.7374  ARI=0.6244  0.5s

=== P1E_S3_C3 test[0] k=3  dim=576  frames=128  σ=0.25  fold=4 ===
  OSC: k_hat=3  ACC=0.7500  NMI=0.7005  ARI=0.5481  0.3s

=== P1E_S4_C1 test[0] k=3  dim=576  frames=180  σ=0.25  fold=4 ===
  OSC: k_hat=3  ACC=0.6778  NMI=0.6859  ARI=0.5257  0.5s

=== P1E_S4_C2 test[0] k=3  dim=576  frames=140  σ=0.25  fold=4 ===
  OSC: k_hat=3  ACC=0.9929  NMI=0.9670  ARI=0.9771  0.4s

=== P1E_S4_C3 test[0] k=3  dim=576  frames=87  σ=0.25  fold=4 ===
  OSC: k_hat=3  ACC=0.9885  NMI=0.9539  ARI=0.9649  0.2s

=== P1L_S1_C1 test[0] k=3  dim=576  frames=198  σ=0.25  fold=4 ===
  OSC: k_hat=3  ACC=0.7323  NMI=0.6955  ARI=0.5444  0.6s

=== P1L_S1_C2 test[0] k=3  dim=576  frames=128  σ=0.25  fold=4 ===
  OSC: k_hat=3  ACC=0.5625  NMI=0.6666  ARI=0.4689  0.3s

=== P1L_S1_C3 test[0] k=3  dim=576  frames=73  σ=0.25  fold=4 ===
  OSC: k_hat=3  ACC=0.6301  NMI=0.6672  ARI=0.4815  0.2s

=== P1L_S2_C1 test[0] k=3  dim=576  frames=172  σ=0.25  fold=4 ===
  OSC: k_hat=3  ACC=0.9709  NMI=0.9104  ARI=0.9305  0.5s

=== P1L_S2_C2 test[0] k=3  dim=576  frames=201  σ=0.25  fold=4 ===
  OSC: k_hat=3  ACC=0.9900  NMI=0.9582  ARI=0.9683  0.6s

=== P1L_S2_C3 test[0] k=3  dim=576  frames=126  σ=0.25  fold=4 ===
  OSC: k_hat=3  ACC=0.8413  NMI=0.7417  ARI=0.6278  0.3s

=== P1L_S3_C1 test[0] k=3  dim=576  frames=159  σ=0.25  fold=4 ===
  OSC: k_hat=3  ACC=0.9245  NMI=0.7727  ARI=0.7932  0.4s

=== P1L_S3_C2 test[0] k=3  dim=576  frames=168  σ=0.25  fold=4 ===
  OSC: k_hat=3  ACC=0.6488  NMI=0.6705  ARI=0.5211  0.4s

=== P1L_S3_C3 test[0] k=3  dim=576  frames=134  σ=0.25  fold=4 ===
  OSC: k_hat=3  ACC=0.8507  NMI=0.7327  ARI=0.6091  0.3s

=== P1L_S4_C1 test[0] k=3  dim=576  frames=142  σ=0.25  fold=4 ===
  OSC: k_hat=3  ACC=1.0000  NMI=1.0000  ARI=1.0000  0.4s

=== P1L_S4_C2 test[0] k=3  dim=576  frames=154  σ=0.25  fold=4 ===
  OSC: k_hat=3  ACC=1.0000  NMI=1.0000  ARI=1.0000  0.4s

=== P1L_S4_C3 test[0] k=3  dim=576  frames=112  σ=0.25  fold=4 ===
  OSC: k_hat=3  ACC=0.7857  NMI=0.7122  ARI=0.5675  0.2s
  tune_pool_groups=20: sampling from 22 held-in people (overlap allowed) instead of the 7 fixed partition group(s)

============================================================
σ=0.25 fold=5  test=['0015', '0016', '0021']  train mats=168  test mats=24  tune mats=480
  --- tune OSC over 480 train mats  n_trials=20 (2 params) ---
  OSC trial 0: mean ARI=0.7721  n=480  165.9s  lambda_1=0.1, lambda_2=0.1
  OSC trial 1: mean ARI=0.7618  n=480  162.4s  lambda_1=0.1568, lambda_2=0.7257
  OSC trial 2: mean ARI=0.7350  n=480  162.3s  lambda_1=0.2577, lambda_2=0.1512
  OSC trial 3: mean ARI=0.7803  n=480  163.6s  lambda_1=0.0495, lambda_2=0.3833
  OSC trial 4: mean ARI=0.7788  n=480  187.8s  lambda_1=0.05628, lambda_2=3.691
  OSC trial 5: mean ARI=0.0029  n=480  191.0s  lambda_1=7.156, lambda_2=0.03418
  OSC trial 6: mean ARI=0.0029  n=480  190.5s  lambda_1=1.469, lambda_2=0.1305
  OSC trial 7: mean ARI=0.7555  n=480  196.2s  lambda_1=0.1871, lambda_2=5.039
  OSC trial 8: mean ARI=0.7767  n=480  203.3s  lambda_1=0.001924, lambda_2=0.002231
  OSC trial 9: mean ARI=0.7909  n=480  180.1s  lambda_1=0.001205, lambda_2=2.14
  OSC trial 10: mean ARI=0.7748  n=480  171.9s  lambda_1=0.001206, lambda_2=0.001659
  OSC trial 11: mean ARI=0.7871  n=480  170.5s  lambda_1=0.008553, lambda_2=0.9349
  OSC trial 12: mean ARI=0.7895  n=480  181.2s  lambda_1=0.007272, lambda_2=1.462
  OSC trial 13: mean ARI=0.7895  n=480  187.6s  lambda_1=0.00633, lambda_2=7.751
  OSC trial 14: mean ARI=0.7874  n=480  186.5s  lambda_1=0.009944, lambda_2=2.352
  OSC trial 15: mean ARI=0.7900  n=480  170.5s  lambda_1=0.002841, lambda_2=1.414
  OSC trial 16: mean ARI=0.7798  n=480  188.0s  lambda_1=0.002577, lambda_2=0.01302
  OSC trial 17: mean ARI=0.7909  n=480  163.2s  lambda_1=0.001061, lambda_2=0.4196
  OSC trial 18: mean ARI=0.7835  n=480  163.9s  lambda_1=0.02259, lambda_2=0.3396
  OSC trial 19: mean ARI=0.7844  n=480  168.9s  lambda_1=0.001408, lambda_2=0.03216
    best mean ARI=0.7909  tune 3555.4s  lambda_1=0.001205, lambda_2=2.14
  wrote /nfs/turbo/umms-minjilab/lpullela/icassp_ssc_tv2/block_ssc_benchmark/cv/params/surveillance/split_k3_sigmas_min30_trials20_params_knownk_cv_osc_k3_sigma0p25_sigma0.25_fold5.json

=== P1E_S1_C1 train[0] k=3  dim=576  frames=146  σ=0.25  fold=5 ===
  OSC: k_hat=3  ACC=0.9178  NMI=0.7994  ARI=0.7432  0.4s

=== P1E_S1_C1 train[1] k=3  dim=576  frames=153  σ=0.25  fold=5 ===
  OSC: k_hat=3  ACC=0.9608  NMI=0.8873  ARI=0.8871  0.4s

=== P1E_S1_C1 train[2] k=3  dim=576  frames=130  σ=0.25  fold=5 ===
  OSC: k_hat=3  ACC=1.0000  NMI=1.0000  ARI=1.0000  0.3s

=== P1E_S1_C1 train[3] k=3  dim=576  frames=140  σ=0.25  fold=5 ===
  OSC: k_hat=3  ACC=0.9000  NMI=0.7798  ARI=0.7028  0.4s

=== P1E_S1_C1 train[4] k=3  dim=576  frames=157  σ=0.25  fold=5 ===
  OSC: k_hat=3  ACC=0.5924  NMI=0.6638  ARI=0.4711  0.4s

=== P1E_S1_C1 train[5] k=3  dim=576  frames=140  σ=0.25  fold=5 ===
  OSC: k_hat=3  ACC=0.8786  NMI=0.7789  ARI=0.7106  0.4s

=== P1E_S1_C1 train[6] k=3  dim=576  frames=171  σ=0.25  fold=5 ===
  OSC: k_hat=3  ACC=0.9942  NMI=0.9732  ARI=0.9831  0.5s

=== P1E_S1_C2 train[0] k=3  dim=576  frames=147  σ=0.25  fold=5 ===
  OSC: k_hat=3  ACC=0.9660  NMI=0.8779  ARI=0.8925  0.4s

=== P1E_S1_C2 train[1] k=3  dim=576  frames=115  σ=0.25  fold=5 ===
  OSC: k_hat=3  ACC=0.9913  NMI=0.9622  ARI=0.9715  0.3s

=== P1E_S1_C2 train[2] k=3  dim=576  frames=104  σ=0.25  fold=5 ===
  OSC: k_hat=3  ACC=1.0000  NMI=1.0000  ARI=1.0000  0.2s

=== P1E_S1_C2 train[3] k=3  dim=576  frames=138  σ=0.25  fold=5 ===
  OSC: k_hat=3  ACC=0.6304  NMI=0.5871  ARI=0.4363  0.4s

=== P1E_S1_C2 train[4] k=3  dim=576  frames=113  σ=0.25  fold=5 ===
  OSC: k_hat=3  ACC=0.7080  NMI=0.6183  ARI=0.5160  0.3s

=== P1E_S1_C2 train[5] k=3  dim=576  frames=122  σ=0.25  fold=5 ===
  OSC: k_hat=3  ACC=0.9590  NMI=0.8854  ARI=0.8916  0.3s

=== P1E_S1_C2 train[6] k=3  dim=576  frames=134  σ=0.25  fold=5 ===
  OSC: k_hat=3  ACC=0.9776  NMI=0.9247  ARI=0.9355  0.3s

=== P1E_S1_C3 train[0] k=3  dim=576  frames=58  σ=0.25  fold=5 ===
  OSC: k_hat=3  ACC=0.9138  NMI=0.7553  ARI=0.7388  0.1s

=== P1E_S1_C3 train[1] k=3  dim=576  frames=56  σ=0.25  fold=5 ===
  OSC: k_hat=3  ACC=0.9821  NMI=0.9328  ARI=0.9451  0.1s

=== P1E_S1_C3 train[2] k=3  dim=576  frames=47  σ=0.25  fold=5 ===
  OSC: k_hat=3  ACC=1.0000  NMI=1.0000  ARI=1.0000  0.1s

=== P1E_S1_C3 train[3] k=3  dim=576  frames=61  σ=0.25  fold=5 ===
  OSC: k_hat=3  ACC=0.5902  NMI=0.5667  ARI=0.4032  0.1s

=== P1E_S1_C3 train[4] k=3  dim=576  frames=37  σ=0.25  fold=5 ===
  OSC: k_hat=3  ACC=0.7297  NMI=0.5587  ARI=0.5003  0.1s

=== P1E_S1_C3 train[5] k=3  dim=576  frames=51  σ=0.25  fold=5 ===
  OSC: k_hat=3  ACC=0.9412  NMI=0.8195  ARI=0.8304  0.1s

=== P1E_S1_C3 train[6] k=3  dim=576  frames=69  σ=0.25  fold=5 ===
  OSC: k_hat=3  ACC=0.9420  NMI=0.8181  ARI=0.8290  0.1s

=== P1E_S2_C1 train[0] k=3  dim=576  frames=167  σ=0.25  fold=5 ===
  OSC: k_hat=3  ACC=0.8802  NMI=0.7540  ARI=0.6943  0.5s

=== P1E_S2_C1 train[1] k=3  dim=576  frames=151  σ=0.25  fold=5 ===
  OSC: k_hat=3  ACC=0.7417  NMI=0.6109  ARI=0.5054  0.4s

=== P1E_S2_C1 train[2] k=3  dim=576  frames=136  σ=0.25  fold=5 ===
  OSC: k_hat=3  ACC=0.8897  NMI=0.7826  ARI=0.7148  0.3s

=== P1E_S2_C1 train[3] k=3  dim=576  frames=180  σ=0.25  fold=5 ===
  OSC: k_hat=3  ACC=0.7278  NMI=0.6529  ARI=0.5009  0.5s

=== P1E_S2_C1 train[4] k=3  dim=576  frames=149  σ=0.25  fold=5 ===
  OSC: k_hat=3  ACC=0.6040  NMI=0.6711  ARI=0.4842  0.4s

=== P1E_S2_C1 train[5] k=3  dim=576  frames=161  σ=0.25  fold=5 ===
  OSC: k_hat=3  ACC=0.8012  NMI=0.6951  ARI=0.5830  0.4s

=== P1E_S2_C1 train[6] k=3  dim=576  frames=153  σ=0.25  fold=5 ===
  OSC: k_hat=3  ACC=0.9935  NMI=0.9709  ARI=0.9811  0.4s

=== P1E_S2_C2 train[0] k=3  dim=576  frames=146  σ=0.25  fold=5 ===
  OSC: k_hat=3  ACC=0.9452  NMI=0.8353  ARI=0.8331  0.4s

=== P1E_S2_C2 train[1] k=3  dim=576  frames=115  σ=0.25  fold=5 ===
  OSC: k_hat=3  ACC=0.9913  NMI=0.9630  ARI=0.9739  0.3s

=== P1E_S2_C2 train[2] k=3  dim=576  frames=109  σ=0.25  fold=5 ===
  OSC: k_hat=3  ACC=1.0000  NMI=1.0000  ARI=1.0000  0.2s

=== P1E_S2_C2 train[3] k=3  dim=576  frames=144  σ=0.25  fold=5 ===
  OSC: k_hat=3  ACC=0.9236  NMI=0.7952  ARI=0.7901  0.4s

=== P1E_S2_C2 train[4] k=3  dim=576  frames=124  σ=0.25  fold=5 ===
  OSC: k_hat=3  ACC=1.0000  NMI=1.0000  ARI=1.0000  0.3s

=== P1E_S2_C2 train[5] k=3  dim=576  frames=128  σ=0.25  fold=5 ===
  OSC: k_hat=3  ACC=0.8828  NMI=0.7831  ARI=0.7188  0.3s

=== P1E_S2_C2 train[6] k=3  dim=576  frames=126  σ=0.25  fold=5 ===
  OSC: k_hat=3  ACC=0.9762  NMI=0.9207  ARI=0.9308  0.3s

=== P1E_S2_C3 train[0] k=3  dim=576  frames=113  σ=0.25  fold=5 ===
  OSC: k_hat=3  ACC=0.9912  NMI=0.9613  ARI=0.9706  0.2s

=== P1E_S2_C3 train[1] k=3  dim=576  frames=88  σ=0.25  fold=5 ===
  OSC: k_hat=3  ACC=0.9886  NMI=0.9540  ARI=0.9655  0.2s

=== P1E_S2_C3 train[2] k=3  dim=576  frames=90  σ=0.25  fold=5 ===
  OSC: k_hat=3  ACC=1.0000  NMI=1.0000  ARI=1.0000  0.2s

=== P1E_S2_C3 train[3] k=3  dim=576  frames=112  σ=0.25  fold=5 ===
  OSC: k_hat=3  ACC=0.8571  NMI=0.7014  ARI=0.6446  0.2s

=== P1E_S2_C3 train[4] k=3  dim=576  frames=99  σ=0.25  fold=5 ===
  OSC: k_hat=3  ACC=0.9899  NMI=0.9585  ARI=0.9691  0.2s

=== P1E_S2_C3 train[5] k=3  dim=576  frames=105  σ=0.25  fold=5 ===
  OSC: k_hat=3  ACC=0.9714  NMI=0.8926  ARI=0.9125  0.2s

=== P1E_S2_C3 train[6] k=3  dim=576  frames=89  σ=0.25  fold=5 ===
  OSC: k_hat=3  ACC=0.9775  NMI=0.9248  ARI=0.9383  0.2s

=== P1E_S3_C1 train[0] k=3  dim=576  frames=166  σ=0.25  fold=5 ===
  OSC: k_hat=3  ACC=0.8072  NMI=0.6684  ARI=0.5357  0.5s

=== P1E_S3_C1 train[1] k=3  dim=576  frames=139  σ=0.25  fold=5 ===
  OSC: k_hat=3  ACC=0.7338  NMI=0.6984  ARI=0.5493  0.4s

=== P1E_S3_C1 train[2] k=3  dim=576  frames=134  σ=0.25  fold=5 ===
  OSC: k_hat=3  ACC=0.8060  NMI=0.6640  ARI=0.5439  0.3s

=== P1E_S3_C1 train[3] k=3  dim=576  frames=161  σ=0.25  fold=5 ===
  OSC: k_hat=3  ACC=0.7888  NMI=0.7131  ARI=0.5833  0.4s

=== P1E_S3_C1 train[4] k=3  dim=576  frames=168  σ=0.25  fold=5 ===
  OSC: k_hat=3  ACC=0.8571  NMI=0.7396  ARI=0.6204  0.4s

=== P1E_S3_C1 train[5] k=3  dim=576  frames=204  σ=0.25  fold=5 ===
  OSC: k_hat=3  ACC=0.5686  NMI=0.3504  ARI=0.1516  0.6s

=== P1E_S3_C1 train[6] k=3  dim=576  frames=112  σ=0.25  fold=5 ===
  OSC: k_hat=3  ACC=0.5625  NMI=0.6127  ARI=0.4282  0.3s

=== P1E_S3_C2 train[0] k=3  dim=576  frames=147  σ=0.25  fold=5 ===
  OSC: k_hat=3  ACC=0.8571  NMI=0.7306  ARI=0.6039  0.4s

=== P1E_S3_C2 train[1] k=3  dim=576  frames=120  σ=0.25  fold=5 ===
  OSC: k_hat=3  ACC=0.6833  NMI=0.6679  ARI=0.4772  0.3s

=== P1E_S3_C2 train[2] k=3  dim=576  frames=112  σ=0.25  fold=5 ===
  OSC: k_hat=3  ACC=0.9554  NMI=0.8723  ARI=0.8616  0.3s

=== P1E_S3_C2 train[3] k=3  dim=576  frames=168  σ=0.25  fold=5 ===
  OSC: k_hat=3  ACC=0.6905  NMI=0.6422  ARI=0.4322  0.5s

=== P1E_S3_C2 train[4] k=3  dim=576  frames=169  σ=0.25  fold=5 ===
  OSC: k_hat=3  ACC=0.8284  NMI=0.7374  ARI=0.6244  0.5s

=== P1E_S3_C2 train[5] k=3  dim=576  frames=146  σ=0.25  fold=5 ===
  OSC: k_hat=3  ACC=0.6644  NMI=0.6176  ARI=0.3722  0.4s

=== P1E_S3_C2 train[6] k=3  dim=576  frames=114  σ=0.25  fold=5 ===
  OSC: k_hat=3  ACC=0.9912  NMI=0.9609  ARI=0.9730  0.3s

=== P1E_S3_C3 train[0] k=3  dim=576  frames=105  σ=0.25  fold=5 ===
  OSC: k_hat=3  ACC=1.0000  NMI=1.0000  ARI=1.0000  0.2s

=== P1E_S3_C3 train[1] k=3  dim=576  frames=89  σ=0.25  fold=5 ===
  OSC: k_hat=3  ACC=1.0000  NMI=1.0000  ARI=1.0000  0.2s

=== P1E_S3_C3 train[2] k=3  dim=576  frames=84  σ=0.25  fold=5 ===
  OSC: k_hat=3  ACC=0.9881  NMI=0.9525  ARI=0.9657  0.2s

=== P1E_S3_C3 train[3] k=3  dim=576  frames=125  σ=0.25  fold=5 ===
  OSC: k_hat=3  ACC=0.9760  NMI=0.9174  ARI=0.9232  0.3s

=== P1E_S3_C3 train[4] k=3  dim=576  frames=128  σ=0.25  fold=5 ===
  OSC: k_hat=3  ACC=0.7500  NMI=0.7005  ARI=0.5481  0.3s

=== P1E_S3_C3 train[5] k=3  dim=576  frames=129  σ=0.25  fold=5 ===
  OSC: k_hat=3  ACC=0.5349  NMI=0.6553  ARI=0.4505  0.3s

=== P1E_S3_C3 train[6] k=3  dim=576  frames=84  σ=0.25  fold=5 ===
  OSC: k_hat=3  ACC=0.9881  NMI=0.9523  ARI=0.9667  0.2s

=== P1E_S4_C1 train[0] k=3  dim=576  frames=158  σ=0.25  fold=5 ===
  OSC: k_hat=3  ACC=0.8481  NMI=0.7167  ARI=0.5780  0.4s

=== P1E_S4_C1 train[1] k=3  dim=576  frames=107  σ=0.25  fold=5 ===
  OSC: k_hat=3  ACC=0.9065  NMI=0.8083  ARI=0.7668  0.2s

=== P1E_S4_C1 train[2] k=3  dim=576  frames=155  σ=0.25  fold=5 ===
  OSC: k_hat=3  ACC=0.9871  NMI=0.9496  ARI=0.9602  0.4s

=== P1E_S4_C1 train[3] k=3  dim=576  frames=182  σ=0.25  fold=5 ===
  OSC: k_hat=3  ACC=0.8626  NMI=0.7396  ARI=0.6658  0.5s

=== P1E_S4_C1 train[4] k=3  dim=576  frames=180  σ=0.25  fold=5 ===
  OSC: k_hat=3  ACC=0.8278  NMI=0.7334  ARI=0.6126  0.5s

=== P1E_S4_C1 train[5] k=3  dim=576  frames=147  σ=0.25  fold=5 ===
  OSC: k_hat=3  ACC=0.5238  NMI=0.4818  ARI=0.3255  0.4s

=== P1E_S4_C1 train[6] k=3  dim=576  frames=145  σ=0.25  fold=5 ===
  OSC: k_hat=3  ACC=0.9862  NMI=0.9476  ARI=0.9615  0.4s

=== P1E_S4_C2 train[0] k=3  dim=576  frames=117  σ=0.25  fold=5 ===
  OSC: k_hat=3  ACC=0.9658  NMI=0.8767  ARI=0.8999  0.3s

=== P1E_S4_C2 train[1] k=3  dim=576  frames=125  σ=0.25  fold=5 ===
  OSC: k_hat=3  ACC=0.9920  NMI=0.9653  ARI=0.9759  0.3s

=== P1E_S4_C2 train[2] k=3  dim=576  frames=122  σ=0.25  fold=5 ===
  OSC: k_hat=3  ACC=0.9918  NMI=0.9645  ARI=0.9747  0.3s

=== P1E_S4_C2 train[3] k=3  dim=576  frames=126  σ=0.25  fold=5 ===
  OSC: k_hat=3  ACC=1.0000  NMI=1.0000  ARI=1.0000  0.3s

=== P1E_S4_C2 train[4] k=3  dim=576  frames=140  σ=0.25  fold=5 ===
  OSC: k_hat=3  ACC=0.9929  NMI=0.9670  ARI=0.9771  0.4s

=== P1E_S4_C2 train[5] k=3  dim=576  frames=146  σ=0.25  fold=5 ===
  OSC: k_hat=3  ACC=0.9521  NMI=0.8727  ARI=0.8706  0.4s

=== P1E_S4_C2 train[6] k=3  dim=576  frames=110  σ=0.25  fold=5 ===
  OSC: k_hat=3  ACC=0.9909  NMI=0.9623  ARI=0.9753  0.3s

=== P1E_S4_C3 train[0] k=3  dim=576  frames=90  σ=0.25  fold=5 ===
  OSC: k_hat=3  ACC=0.9667  NMI=0.8787  ARI=0.8983  0.2s

=== P1E_S4_C3 train[1] k=3  dim=576  frames=64  σ=0.25  fold=5 ===
  OSC: k_hat=3  ACC=0.9844  NMI=0.9424  ARI=0.9536  0.1s

=== P1E_S4_C3 train[2] k=3  dim=576  frames=85  σ=0.25  fold=5 ===
  OSC: k_hat=3  ACC=0.9412  NMI=0.8539  ARI=0.8378  0.2s

=== P1E_S4_C3 train[3] k=3  dim=576  frames=105  σ=0.25  fold=5 ===
  OSC: k_hat=3  ACC=0.5524  NMI=0.5912  ARI=0.4118  0.2s

=== P1E_S4_C3 train[4] k=3  dim=576  frames=87  σ=0.25  fold=5 ===
  OSC: k_hat=3  ACC=0.9885  NMI=0.9539  ARI=0.9649  0.2s

=== P1E_S4_C3 train[5] k=3  dim=576  frames=106  σ=0.25  fold=5 ===
  OSC: k_hat=3  ACC=0.6792  NMI=0.7026  ARI=0.5568  0.2s

=== P1E_S4_C3 train[6] k=3  dim=576  frames=79  σ=0.25  fold=5 ===
  OSC: k_hat=3  ACC=0.9873  NMI=0.9513  ARI=0.9638  0.2s

=== P1L_S1_C1 train[0] k=3  dim=576  frames=162  σ=0.25  fold=5 ===
  OSC: k_hat=3  ACC=1.0000  NMI=1.0000  ARI=1.0000  0.4s

=== P1L_S1_C1 train[1] k=3  dim=576  frames=170  σ=0.25  fold=5 ===
  OSC: k_hat=3  ACC=0.7647  NMI=0.6747  ARI=0.4861  0.5s

=== P1L_S1_C1 train[2] k=3  dim=576  frames=155  σ=0.25  fold=5 ===
  OSC: k_hat=3  ACC=1.0000  NMI=1.0000  ARI=1.0000  0.4s

=== P1L_S1_C1 train[3] k=3  dim=576  frames=182  σ=0.25  fold=5 ===
  OSC: k_hat=3  ACC=0.9945  NMI=0.9745  ARI=0.9840  0.5s

=== P1L_S1_C1 train[4] k=3  dim=576  frames=198  σ=0.25  fold=5 ===
  OSC: k_hat=3  ACC=0.7323  NMI=0.6955  ARI=0.5444  0.6s

=== P1L_S1_C1 train[5] k=3  dim=576  frames=116  σ=0.25  fold=5 ===
  OSC: k_hat=3  ACC=0.5517  NMI=0.5057  ARI=0.3338  0.3s

=== P1L_S1_C1 train[6] k=3  dim=576  frames=175  σ=0.25  fold=5 ===
  OSC: k_hat=3  ACC=1.0000  NMI=1.0000  ARI=1.0000  0.5s

=== P1L_S1_C2 train[0] k=3  dim=576  frames=186  σ=0.25  fold=5 ===
  OSC: k_hat=3  ACC=0.7688  NMI=0.6813  ARI=0.5085  0.5s

=== P1L_S1_C2 train[1] k=3  dim=576  frames=137  σ=0.25  fold=5 ===
  OSC: k_hat=3  ACC=0.8029  NMI=0.7019  ARI=0.5528  0.4s

=== P1L_S1_C2 train[2] k=3  dim=576  frames=147  σ=0.25  fold=5 ===
  OSC: k_hat=3  ACC=1.0000  NMI=1.0000  ARI=1.0000  0.4s

=== P1L_S1_C2 train[3] k=3  dim=576  frames=181  σ=0.25  fold=5 ===
  OSC: k_hat=3  ACC=0.8343  NMI=0.7285  ARI=0.6043  0.5s

=== P1L_S1_C2 train[4] k=3  dim=576  frames=128  σ=0.25  fold=5 ===
  OSC: k_hat=3  ACC=0.5625  NMI=0.6666  ARI=0.4689  0.3s

=== P1L_S1_C2 train[5] k=3  dim=576  frames=142  σ=0.25  fold=5 ===
  OSC: k_hat=3  ACC=0.8239  NMI=0.7102  ARI=0.5692  0.4s

=== P1L_S1_C2 train[6] k=3  dim=576  frames=168  σ=0.25  fold=5 ===
  OSC: k_hat=3  ACC=0.9940  NMI=0.9731  ARI=0.9837  0.5s

=== P1L_S1_C3 train[0] k=3  dim=576  frames=60  σ=0.25  fold=5 ===
  OSC: k_hat=3  ACC=0.5167  NMI=0.6515  ARI=0.4364  0.1s

=== P1L_S1_C3 train[1] k=3  dim=576  frames=68  σ=0.25  fold=5 ===
  OSC: k_hat=3  ACC=1.0000  NMI=1.0000  ARI=1.0000  0.1s

=== P1L_S1_C3 train[2] k=3  dim=576  frames=65  σ=0.25  fold=5 ===
  OSC: k_hat=3  ACC=1.0000  NMI=1.0000  ARI=1.0000  0.1s

=== P1L_S1_C3 train[3] k=3  dim=576  frames=74  σ=0.25  fold=5 ===
  OSC: k_hat=3  ACC=0.5541  NMI=0.6640  ARI=0.4617  0.2s

=== P1L_S1_C3 train[4] k=3  dim=576  frames=73  σ=0.25  fold=5 ===
  OSC: k_hat=3  ACC=0.6301  NMI=0.6672  ARI=0.4815  0.1s

=== P1L_S1_C3 train[5] k=3  dim=576  frames=63  σ=0.25  fold=5 ===
  OSC: k_hat=3  ACC=0.6190  NMI=0.6736  ARI=0.5014  0.1s

=== P1L_S1_C3 train[6] k=3  dim=576  frames=75  σ=0.25  fold=5 ===
  OSC: k_hat=3  ACC=0.9867  NMI=0.9474  ARI=0.9569  0.2s

=== P1L_S2_C1 train[0] k=3  dim=576  frames=211  σ=0.25  fold=5 ===
  OSC: k_hat=3  ACC=0.8199  NMI=0.7231  ARI=0.6077  0.6s

=== P1L_S2_C1 train[1] k=3  dim=576  frames=190  σ=0.25  fold=5 ===
  OSC: k_hat=3  ACC=0.7211  NMI=0.6714  ARI=0.4890  0.6s

=== P1L_S2_C1 train[2] k=3  dim=576  frames=180  σ=0.25  fold=5 ===
  OSC: k_hat=3  ACC=1.0000  NMI=1.0000  ARI=1.0000  0.5s

=== P1L_S2_C1 train[3] k=3  dim=576  frames=177  σ=0.25  fold=5 ===
  OSC: k_hat=3  ACC=0.8418  NMI=0.6638  ARI=0.5976  0.5s

=== P1L_S2_C1 train[4] k=3  dim=576  frames=172  σ=0.25  fold=5 ===
  OSC: k_hat=3  ACC=0.9709  NMI=0.9104  ARI=0.9305  0.5s

=== P1L_S2_C1 train[5] k=3  dim=576  frames=180  σ=0.25  fold=5 ===
  OSC: k_hat=3  ACC=0.4944  NMI=0.2521  ARI=0.0513  0.5s

=== P1L_S2_C1 train[6] k=3  dim=576  frames=133  σ=0.25  fold=5 ===
  OSC: k_hat=3  ACC=1.0000  NMI=1.0000  ARI=1.0000  0.3s

=== P1L_S2_C2 train[0] k=3  dim=576  frames=194  σ=0.25  fold=5 ===
  OSC: k_hat=3  ACC=0.9897  NMI=0.9537  ARI=0.9641  0.6s

=== P1L_S2_C2 train[1] k=3  dim=576  frames=155  σ=0.25  fold=5 ===
  OSC: k_hat=3  ACC=1.0000  NMI=1.0000  ARI=1.0000  0.4s

=== P1L_S2_C2 train[2] k=3  dim=576  frames=134  σ=0.25  fold=5 ===
  OSC: k_hat=3  ACC=1.0000  NMI=1.0000  ARI=1.0000  0.3s

=== P1L_S2_C2 train[3] k=3  dim=576  frames=186  σ=0.25  fold=5 ===
  OSC: k_hat=3  ACC=0.9570  NMI=0.8560  ARI=0.8853  0.5s

=== P1L_S2_C2 train[4] k=3  dim=576  frames=201  σ=0.25  fold=5 ===
  OSC: k_hat=3  ACC=0.9900  NMI=0.9582  ARI=0.9683  0.6s

=== P1L_S2_C2 train[5] k=3  dim=576  frames=160  σ=0.25  fold=5 ===
  OSC: k_hat=3  ACC=0.8000  NMI=0.7446  ARI=0.6793  0.4s

=== P1L_S2_C2 train[6] k=3  dim=576  frames=154  σ=0.25  fold=5 ===
  OSC: k_hat=3  ACC=1.0000  NMI=1.0000  ARI=1.0000  0.4s

=== P1L_S2_C3 train[0] k=3  dim=576  frames=119  σ=0.25  fold=5 ===
  OSC: k_hat=3  ACC=1.0000  NMI=1.0000  ARI=1.0000  0.3s

=== P1L_S2_C3 train[1] k=3  dim=576  frames=101  σ=0.25  fold=5 ===
  OSC: k_hat=3  ACC=0.8416  NMI=0.7346  ARI=0.6066  0.2s

=== P1L_S2_C3 train[2] k=3  dim=576  frames=85  σ=0.25  fold=5 ===
  OSC: k_hat=3  ACC=1.0000  NMI=1.0000  ARI=1.0000  0.2s

=== P1L_S2_C3 train[3] k=3  dim=576  frames=112  σ=0.25  fold=5 ===
  OSC: k_hat=3  ACC=0.5893  NMI=0.6656  ARI=0.4708  0.2s

=== P1L_S2_C3 train[4] k=3  dim=576  frames=126  σ=0.25  fold=5 ===
  OSC: k_hat=3  ACC=0.8413  NMI=0.7417  ARI=0.6278  0.3s

=== P1L_S2_C3 train[5] k=3  dim=576  frames=121  σ=0.25  fold=5 ===
  OSC: k_hat=3  ACC=0.9091  NMI=0.7880  ARI=0.7781  0.3s

=== P1L_S2_C3 train[6] k=3  dim=576  frames=99  σ=0.25  fold=5 ===
  OSC: k_hat=3  ACC=0.9798  NMI=0.9303  ARI=0.9424  0.2s

=== P1L_S3_C1 train[0] k=3  dim=576  frames=156  σ=0.25  fold=5 ===
  OSC: k_hat=3  ACC=0.4295  NMI=0.2486  ARI=0.0025  0.4s

=== P1L_S3_C1 train[1] k=3  dim=576  frames=120  σ=0.25  fold=5 ===
  OSC: k_hat=3  ACC=1.0000  NMI=1.0000  ARI=1.0000  0.3s

=== P1L_S3_C1 train[2] k=3  dim=576  frames=185  σ=0.25  fold=5 ===
  OSC: k_hat=3  ACC=0.9730  NMI=0.9128  ARI=0.9200  0.5s

=== P1L_S3_C1 train[3] k=3  dim=576  frames=156  σ=0.25  fold=5 ===
  OSC: k_hat=3  ACC=0.6474  NMI=0.6812  ARI=0.5139  0.4s

=== P1L_S3_C1 train[4] k=3  dim=576  frames=159  σ=0.25  fold=5 ===
  OSC: k_hat=3  ACC=0.9245  NMI=0.7727  ARI=0.7932  0.4s

=== P1L_S3_C1 train[5] k=3  dim=576  frames=176  σ=0.25  fold=5 ===
  OSC: k_hat=3  ACC=0.6989  NMI=0.6232  ARI=0.4026  0.5s

=== P1L_S3_C1 train[6] k=3  dim=576  frames=134  σ=0.25  fold=5 ===
  OSC: k_hat=3  ACC=0.9925  NMI=0.9658  ARI=0.9752  0.3s

=== P1L_S3_C2 train[0] k=3  dim=576  frames=185  σ=0.25  fold=5 ===
  OSC: k_hat=3  ACC=0.8595  NMI=0.6704  ARI=0.6228  0.5s

=== P1L_S3_C2 train[1] k=3  dim=576  frames=125  σ=0.25  fold=5 ===
  OSC: k_hat=3  ACC=0.8240  NMI=0.6896  ARI=0.6227  0.3s

=== P1L_S3_C2 train[2] k=3  dim=576  frames=166  σ=0.25  fold=5 ===
  OSC: k_hat=3  ACC=1.0000  NMI=1.0000  ARI=1.0000  0.5s

=== P1L_S3_C2 train[3] k=3  dim=576  frames=209  σ=0.25  fold=5 ===
  OSC: k_hat=3  ACC=0.7512  NMI=0.5433  ARI=0.4390  0.7s

=== P1L_S3_C2 train[4] k=3  dim=576  frames=168  σ=0.25  fold=5 ===
  OSC: k_hat=3  ACC=0.6488  NMI=0.6705  ARI=0.5211  0.5s

=== P1L_S3_C2 train[5] k=3  dim=576  frames=229  σ=0.25  fold=5 ===
  OSC: k_hat=3  ACC=0.4978  NMI=0.6147  ARI=0.4261  0.7s

=== P1L_S3_C2 train[6] k=3  dim=576  frames=136  σ=0.25  fold=5 ===
  OSC: k_hat=3  ACC=1.0000  NMI=1.0000  ARI=1.0000  0.3s

=== P1L_S3_C3 train[0] k=3  dim=576  frames=151  σ=0.25  fold=5 ===
  OSC: k_hat=3  ACC=0.9934  NMI=0.9670  ARI=0.9779  0.4s

=== P1L_S3_C3 train[1] k=3  dim=576  frames=118  σ=0.25  fold=5 ===
  OSC: k_hat=3  ACC=0.8983  NMI=0.7946  ARI=0.7354  0.3s

=== P1L_S3_C3 train[2] k=3  dim=576  frames=121  σ=0.25  fold=5 ===
  OSC: k_hat=3  ACC=1.0000  NMI=1.0000  ARI=1.0000  0.3s

=== P1L_S3_C3 train[3] k=3  dim=576  frames=142  σ=0.25  fold=5 ===
  OSC: k_hat=3  ACC=1.0000  NMI=1.0000  ARI=1.0000  0.4s

=== P1L_S3_C3 train[4] k=3  dim=576  frames=134  σ=0.25  fold=5 ===
  OSC: k_hat=3  ACC=0.8507  NMI=0.7327  ARI=0.6091  0.3s

=== P1L_S3_C3 train[5] k=3  dim=576  frames=161  σ=0.25  fold=5 ===
  OSC: k_hat=3  ACC=0.8323  NMI=0.7023  ARI=0.6433  0.4s

=== P1L_S3_C3 train[6] k=3  dim=576  frames=114  σ=0.25  fold=5 ===
  OSC: k_hat=3  ACC=0.9912  NMI=0.9630  ARI=0.9763  0.3s

=== P1L_S4_C1 train[0] k=3  dim=576  frames=200  σ=0.25  fold=5 ===
  OSC: k_hat=3  ACC=0.9500  NMI=0.8658  ARI=0.8583  0.6s

=== P1L_S4_C1 train[1] k=3  dim=576  frames=157  σ=0.25  fold=5 ===
  OSC: k_hat=3  ACC=1.0000  NMI=1.0000  ARI=1.0000  0.4s

=== P1L_S4_C1 train[2] k=3  dim=576  frames=154  σ=0.25  fold=5 ===
  OSC: k_hat=3  ACC=1.0000  NMI=1.0000  ARI=1.0000  0.4s

=== P1L_S4_C1 train[3] k=3  dim=576  frames=168  σ=0.25  fold=5 ===
  OSC: k_hat=3  ACC=0.8810  NMI=0.7606  ARI=0.6645  0.5s

=== P1L_S4_C1 train[4] k=3  dim=576  frames=142  σ=0.25  fold=5 ===
  OSC: k_hat=3  ACC=1.0000  NMI=1.0000  ARI=1.0000  0.4s

=== P1L_S4_C1 train[5] k=3  dim=576  frames=187  σ=0.25  fold=5 ===
  OSC: k_hat=3  ACC=0.7273  NMI=0.6489  ARI=0.4550  0.5s

=== P1L_S4_C1 train[6] k=3  dim=576  frames=202  σ=0.25  fold=5 ===
  OSC: k_hat=3  ACC=1.0000  NMI=1.0000  ARI=1.0000  0.6s

=== P1L_S4_C2 train[0] k=3  dim=576  frames=157  σ=0.25  fold=5 ===
  OSC: k_hat=3  ACC=0.7771  NMI=0.6675  ARI=0.4827  0.4s

=== P1L_S4_C2 train[1] k=3  dim=576  frames=149  σ=0.25  fold=5 ===
  OSC: k_hat=3  ACC=0.9329  NMI=0.8326  ARI=0.7976  0.4s

=== P1L_S4_C2 train[2] k=3  dim=576  frames=175  σ=0.25  fold=5 ===
  OSC: k_hat=3  ACC=1.0000  NMI=1.0000  ARI=1.0000  0.5s

=== P1L_S4_C2 train[3] k=3  dim=576  frames=168  σ=0.25  fold=5 ===
  OSC: k_hat=3  ACC=0.8571  NMI=0.7125  ARI=0.6257  0.5s

=== P1L_S4_C2 train[4] k=3  dim=576  frames=154  σ=0.25  fold=5 ===
  OSC: k_hat=3  ACC=1.0000  NMI=1.0000  ARI=1.0000  0.4s

=== P1L_S4_C2 train[5] k=3  dim=576  frames=169  σ=0.25  fold=5 ===
  OSC: k_hat=3  ACC=0.5976  NMI=0.6663  ARI=0.4796  0.5s

=== P1L_S4_C2 train[6] k=3  dim=576  frames=153  σ=0.25  fold=5 ===
  OSC: k_hat=3  ACC=0.9869  NMI=0.9501  ARI=0.9666  0.4s

=== P1L_S4_C3 train[0] k=3  dim=576  frames=96  σ=0.25  fold=5 ===
  OSC: k_hat=3  ACC=1.0000  NMI=1.0000  ARI=1.0000  0.2s

=== P1L_S4_C3 train[1] k=3  dim=576  frames=107  σ=0.25  fold=5 ===
  OSC: k_hat=3  ACC=0.9907  NMI=0.9584  ARI=0.9678  0.3s

=== P1L_S4_C3 train[2] k=3  dim=576  frames=94  σ=0.25  fold=5 ===
  OSC: k_hat=3  ACC=1.0000  NMI=1.0000  ARI=1.0000  0.2s

=== P1L_S4_C3 train[3] k=3  dim=576  frames=117  σ=0.25  fold=5 ===
  OSC: k_hat=3  ACC=0.6496  NMI=0.6668  ARI=0.4969  0.3s

=== P1L_S4_C3 train[4] k=3  dim=576  frames=112  σ=0.25  fold=5 ===
  OSC: k_hat=3  ACC=0.7857  NMI=0.7122  ARI=0.5675  0.3s

=== P1L_S4_C3 train[5] k=3  dim=576  frames=105  σ=0.25  fold=5 ===
  OSC: k_hat=3  ACC=0.5143  NMI=0.6557  ARI=0.4468  0.2s

=== P1L_S4_C3 train[6] k=3  dim=576  frames=107  σ=0.25  fold=5 ===
  OSC: k_hat=3  ACC=0.9813  NMI=0.9338  ARI=0.9463  0.3s

=== P1E_S1_C1 test[0] k=3  dim=576  frames=151  σ=0.25  fold=5 ===
  OSC: k_hat=3  ACC=0.6026  NMI=0.6703  ARI=0.4826  0.4s

=== P1E_S1_C2 test[0] k=3  dim=576  frames=122  σ=0.25  fold=5 ===
  OSC: k_hat=3  ACC=0.5574  NMI=0.6295  ARI=0.4511  0.3s

=== P1E_S1_C3 test[0] k=3  dim=576  frames=55  σ=0.25  fold=5 ===
  OSC: k_hat=3  ACC=0.9636  NMI=0.8708  ARI=0.8924  0.1s

=== P1E_S2_C1 test[0] k=3  dim=576  frames=124  σ=0.25  fold=5 ===
  OSC: k_hat=3  ACC=0.5645  NMI=0.6652  ARI=0.4649  0.3s

=== P1E_S2_C2 test[0] k=3  dim=576  frames=109  σ=0.25  fold=5 ===
  OSC: k_hat=3  ACC=0.6972  NMI=0.6941  ARI=0.5482  0.3s

=== P1E_S2_C3 test[0] k=3  dim=576  frames=87  σ=0.25  fold=5 ===
  OSC: k_hat=3  ACC=0.6092  NMI=0.6683  ARI=0.4793  0.2s

=== P1E_S3_C1 test[0] k=3  dim=576  frames=123  σ=0.25  fold=5 ===
  OSC: k_hat=3  ACC=0.5122  NMI=0.4251  ARI=0.2437  0.3s

=== P1E_S3_C2 test[0] k=3  dim=576  frames=107  σ=0.25  fold=5 ===
  OSC: k_hat=3  ACC=0.5888  NMI=0.6662  ARI=0.4710  0.3s

=== P1E_S3_C3 test[0] k=3  dim=576  frames=83  σ=0.25  fold=5 ===
  OSC: k_hat=3  ACC=1.0000  NMI=1.0000  ARI=1.0000  0.2s

=== P1E_S4_C1 test[0] k=3  dim=576  frames=133  σ=0.25  fold=5 ===
  OSC: k_hat=3  ACC=0.6466  NMI=0.6651  ARI=0.4918  0.3s

=== P1E_S4_C2 test[0] k=3  dim=576  frames=129  σ=0.25  fold=5 ===
  OSC: k_hat=3  ACC=0.5426  NMI=0.6602  ARI=0.4588  0.3s

=== P1E_S4_C3 test[0] k=3  dim=576  frames=76  σ=0.25  fold=5 ===
  OSC: k_hat=3  ACC=0.9605  NMI=0.8885  ARI=0.8936  0.2s

=== P1L_S1_C1 test[0] k=3  dim=576  frames=166  σ=0.25  fold=5 ===
  OSC: k_hat=3  ACC=1.0000  NMI=1.0000  ARI=1.0000  0.5s

=== P1L_S1_C2 test[0] k=3  dim=576  frames=154  σ=0.25  fold=5 ===
  OSC: k_hat=3  ACC=0.5065  NMI=0.6566  ARI=0.4500  0.4s

=== P1L_S1_C3 test[0] k=3  dim=576  frames=64  σ=0.25  fold=5 ===
  OSC: k_hat=3  ACC=0.8281  NMI=0.7423  ARI=0.6374  0.1s

=== P1L_S2_C1 test[0] k=3  dim=576  frames=179  σ=0.25  fold=5 ===
  OSC: k_hat=3  ACC=1.0000  NMI=1.0000  ARI=1.0000  0.5s

=== P1L_S2_C2 test[0] k=3  dim=576  frames=171  σ=0.25  fold=5 ===
  OSC: k_hat=3  ACC=0.8363  NMI=0.7362  ARI=0.6178  0.5s

=== P1L_S2_C3 test[0] k=3  dim=576  frames=102  σ=0.25  fold=5 ===
  OSC: k_hat=3  ACC=0.5392  NMI=0.6485  ARI=0.4410  0.2s

=== P1L_S3_C1 test[0] k=3  dim=576  frames=172  σ=0.25  fold=5 ===
  OSC: k_hat=3  ACC=0.8430  NMI=0.7461  ARI=0.6424  0.5s

=== P1L_S3_C2 test[0] k=3  dim=576  frames=187  σ=0.25  fold=5 ===
  OSC: k_hat=3  ACC=0.5508  NMI=0.6596  ARI=0.4583  0.6s

=== P1L_S3_C3 test[0] k=3  dim=576  frames=110  σ=0.25  fold=5 ===
  OSC: k_hat=3  ACC=0.8636  NMI=0.7613  ARI=0.6732  0.3s

=== P1L_S4_C1 test[0] k=3  dim=576  frames=164  σ=0.25  fold=5 ===
  OSC: k_hat=3  ACC=0.9573  NMI=0.8816  ARI=0.8804  0.5s

=== P1L_S4_C2 test[0] k=3  dim=576  frames=152  σ=0.25  fold=5 ===
  OSC: k_hat=3  ACC=0.8618  NMI=0.7611  ARI=0.6804  0.4s

=== P1L_S4_C3 test[0] k=3  dim=576  frames=103  σ=0.25  fold=5 ===
  OSC: k_hat=3  ACC=0.5631  NMI=0.6430  ARI=0.4371  0.2s
  tune_pool_groups=20: sampling from 22 held-in people (overlap allowed) instead of the 7 fixed partition group(s)

============================================================
σ=0.25 fold=6  test=['0007', '0010', '0020']  train mats=168  test mats=24  tune mats=480
  --- tune OSC over 480 train mats  n_trials=20 (2 params) ---
  OSC trial 0: mean ARI=0.7257  n=480  169.9s  lambda_1=0.1, lambda_2=0.1
  OSC trial 1: mean ARI=0.7155  n=480  164.6s  lambda_1=0.1568, lambda_2=0.7257
  OSC trial 2: mean ARI=0.7051  n=480  167.5s  lambda_1=0.2577, lambda_2=0.1512
  OSC trial 3: mean ARI=0.7382  n=480  166.1s  lambda_1=0.0495, lambda_2=0.3833
  OSC trial 4: mean ARI=0.7339  n=480  224.8s  lambda_1=0.05628, lambda_2=3.691
  OSC trial 5: mean ARI=0.0006  n=480  364.6s  lambda_1=7.156, lambda_2=0.03418
  OSC trial 6: mean ARI=0.0006  n=480  336.8s  lambda_1=1.469, lambda_2=0.1305
  OSC trial 7: mean ARI=0.7123  n=480  304.4s  lambda_1=0.1871, lambda_2=5.039
  OSC trial 8: mean ARI=0.7187  n=480  317.7s  lambda_1=0.001924, lambda_2=0.002231
  OSC trial 9: mean ARI=0.7361  n=480  305.4s  lambda_1=0.001205, lambda_2=2.14
  OSC trial 10: mean ARI=0.7271  n=480  245.3s  lambda_1=0.01165, lambda_2=0.001662
  OSC trial 11: mean ARI=0.7361  n=480  224.0s  lambda_1=0.001211, lambda_2=0.9349
  OSC trial 12: mean ARI=0.7407  n=480  172.7s  lambda_1=0.008196, lambda_2=0.959
  OSC trial 13: mean ARI=0.7434  n=480  166.0s  lambda_1=0.01265, lambda_2=0.4987
  OSC trial 14: mean ARI=0.7308  n=480  172.9s  lambda_1=0.008952, lambda_2=0.01285
  OSC trial 15: mean ARI=0.7407  n=480  166.8s  lambda_1=0.008433, lambda_2=8.24
  OSC trial 16: mean ARI=0.7423  n=480  165.3s  lambda_1=0.0217, lambda_2=1.216
  OSC trial 17: mean ARI=0.7406  n=480  162.3s  lambda_1=0.03238, lambda_2=0.2844
  OSC trial 18: mean ARI=0.6701  n=480  167.4s  lambda_1=0.4533, lambda_2=0.02409
  OSC trial 19: mean ARI=0.7389  n=480  165.8s  lambda_1=0.003634, lambda_2=2.048
    best mean ARI=0.7434  tune 4330.2s  lambda_1=0.01265, lambda_2=0.4987
  wrote /nfs/turbo/umms-minjilab/lpullela/icassp_ssc_tv2/block_ssc_benchmark/cv/params/surveillance/split_k3_sigmas_min30_trials20_params_knownk_cv_osc_k3_sigma0p25_sigma0.25_fold6.json

=== P1E_S1_C1 train[0] k=3  dim=576  frames=146  σ=0.25  fold=6 ===
  OSC: k_hat=3  ACC=0.9247  NMI=0.8099  ARI=0.7622  0.4s

=== P1E_S1_C1 train[1] k=3  dim=576  frames=153  σ=0.25  fold=6 ===
  OSC: k_hat=3  ACC=0.9739  NMI=0.9153  ARI=0.9230  0.4s

=== P1E_S1_C1 train[2] k=3  dim=576  frames=130  σ=0.25  fold=6 ===
  OSC: k_hat=3  ACC=1.0000  NMI=1.0000  ARI=1.0000  0.3s

=== P1E_S1_C1 train[3] k=3  dim=576  frames=140  σ=0.25  fold=6 ===
  OSC: k_hat=3  ACC=0.9143  NMI=0.7991  ARI=0.7394  0.4s

=== P1E_S1_C1 train[4] k=3  dim=576  frames=157  σ=0.25  fold=6 ===
  OSC: k_hat=3  ACC=0.5924  NMI=0.6638  ARI=0.4711  0.4s

=== P1E_S1_C1 train[5] k=3  dim=576  frames=151  σ=0.25  fold=6 ===
  OSC: k_hat=3  ACC=0.6026  NMI=0.6703  ARI=0.4826  0.4s

=== P1E_S1_C1 train[6] k=3  dim=576  frames=171  σ=0.25  fold=6 ===
  OSC: k_hat=3  ACC=0.9942  NMI=0.9732  ARI=0.9831  0.5s

=== P1E_S1_C2 train[0] k=3  dim=576  frames=147  σ=0.25  fold=6 ===
  OSC: k_hat=3  ACC=0.9660  NMI=0.8779  ARI=0.8925  0.4s

=== P1E_S1_C2 train[1] k=3  dim=576  frames=115  σ=0.25  fold=6 ===
  OSC: k_hat=3  ACC=0.9913  NMI=0.9622  ARI=0.9715  0.3s

=== P1E_S1_C2 train[2] k=3  dim=576  frames=104  σ=0.25  fold=6 ===
  OSC: k_hat=3  ACC=1.0000  NMI=1.0000  ARI=1.0000  0.2s

=== P1E_S1_C2 train[3] k=3  dim=576  frames=138  σ=0.25  fold=6 ===
  OSC: k_hat=3  ACC=0.6304  NMI=0.5871  ARI=0.4363  0.3s

=== P1E_S1_C2 train[4] k=3  dim=576  frames=113  σ=0.25  fold=6 ===
  OSC: k_hat=3  ACC=0.7080  NMI=0.6183  ARI=0.5160  0.2s

=== P1E_S1_C2 train[5] k=3  dim=576  frames=122  σ=0.25  fold=6 ===
  OSC: k_hat=3  ACC=0.5574  NMI=0.6295  ARI=0.4511  0.3s

=== P1E_S1_C2 train[6] k=3  dim=576  frames=134  σ=0.25  fold=6 ===
  OSC: k_hat=3  ACC=0.9776  NMI=0.9247  ARI=0.9355  0.3s

=== P1E_S1_C3 train[0] k=3  dim=576  frames=58  σ=0.25  fold=6 ===
  OSC: k_hat=3  ACC=0.9138  NMI=0.7553  ARI=0.7388  0.1s

=== P1E_S1_C3 train[1] k=3  dim=576  frames=56  σ=0.25  fold=6 ===
  OSC: k_hat=3  ACC=0.9821  NMI=0.9328  ARI=0.9451  0.1s

=== P1E_S1_C3 train[2] k=3  dim=576  frames=47  σ=0.25  fold=6 ===
  OSC: k_hat=3  ACC=1.0000  NMI=1.0000  ARI=1.0000  0.1s

=== P1E_S1_C3 train[3] k=3  dim=576  frames=61  σ=0.25  fold=6 ===
  OSC: k_hat=3  ACC=0.5902  NMI=0.5667  ARI=0.4032  0.1s

=== P1E_S1_C3 train[4] k=3  dim=576  frames=37  σ=0.25  fold=6 ===
  OSC: k_hat=3  ACC=0.7297  NMI=0.5587  ARI=0.5003  0.1s

=== P1E_S1_C3 train[5] k=3  dim=576  frames=55  σ=0.25  fold=6 ===
  OSC: k_hat=3  ACC=0.9636  NMI=0.8708  ARI=0.8924  0.1s

=== P1E_S1_C3 train[6] k=3  dim=576  frames=69  σ=0.25  fold=6 ===
  OSC: k_hat=3  ACC=0.9420  NMI=0.8181  ARI=0.8290  0.1s

=== P1E_S2_C1 train[0] k=3  dim=576  frames=167  σ=0.25  fold=6 ===
  OSC: k_hat=3  ACC=0.8862  NMI=0.7810  ARI=0.7093  0.4s

=== P1E_S2_C1 train[1] k=3  dim=576  frames=151  σ=0.25  fold=6 ===
  OSC: k_hat=3  ACC=0.7417  NMI=0.6109  ARI=0.5054  0.4s

=== P1E_S2_C1 train[2] k=3  dim=576  frames=136  σ=0.25  fold=6 ===
  OSC: k_hat=3  ACC=0.9118  NMI=0.8084  ARI=0.7613  0.3s

=== P1E_S2_C1 train[3] k=3  dim=576  frames=180  σ=0.25  fold=6 ===
  OSC: k_hat=3  ACC=0.7278  NMI=0.6529  ARI=0.5009  0.5s

=== P1E_S2_C1 train[4] k=3  dim=576  frames=149  σ=0.25  fold=6 ===
  OSC: k_hat=3  ACC=0.6040  NMI=0.6711  ARI=0.4842  0.4s

=== P1E_S2_C1 train[5] k=3  dim=576  frames=124  σ=0.25  fold=6 ===
  OSC: k_hat=3  ACC=0.5645  NMI=0.6652  ARI=0.4649  0.3s

=== P1E_S2_C1 train[6] k=3  dim=576  frames=153  σ=0.25  fold=6 ===
  OSC: k_hat=3  ACC=0.9935  NMI=0.9709  ARI=0.9811  0.4s

=== P1E_S2_C2 train[0] k=3  dim=576  frames=146  σ=0.25  fold=6 ===
  OSC: k_hat=3  ACC=0.9589  NMI=0.8560  ARI=0.8787  0.4s

=== P1E_S2_C2 train[1] k=3  dim=576  frames=115  σ=0.25  fold=6 ===
  OSC: k_hat=3  ACC=0.9913  NMI=0.9630  ARI=0.9739  0.3s

=== P1E_S2_C2 train[2] k=3  dim=576  frames=109  σ=0.25  fold=6 ===
  OSC: k_hat=3  ACC=1.0000  NMI=1.0000  ARI=1.0000  0.2s

=== P1E_S2_C2 train[3] k=3  dim=576  frames=144  σ=0.25  fold=6 ===
  OSC: k_hat=3  ACC=0.9236  NMI=0.7952  ARI=0.7901  0.4s

=== P1E_S2_C2 train[4] k=3  dim=576  frames=124  σ=0.25  fold=6 ===
  OSC: k_hat=3  ACC=1.0000  NMI=1.0000  ARI=1.0000  0.3s

=== P1E_S2_C2 train[5] k=3  dim=576  frames=109  σ=0.25  fold=6 ===
  OSC: k_hat=3  ACC=0.6972  NMI=0.6941  ARI=0.5482  0.2s

=== P1E_S2_C2 train[6] k=3  dim=576  frames=126  σ=0.25  fold=6 ===
  OSC: k_hat=3  ACC=0.9762  NMI=0.9207  ARI=0.9308  0.3s

=== P1E_S2_C3 train[0] k=3  dim=576  frames=113  σ=0.25  fold=6 ===
  OSC: k_hat=3  ACC=0.9912  NMI=0.9613  ARI=0.9706  0.2s

=== P1E_S2_C3 train[1] k=3  dim=576  frames=88  σ=0.25  fold=6 ===
  OSC: k_hat=3  ACC=0.9886  NMI=0.9540  ARI=0.9655  0.2s

=== P1E_S2_C3 train[2] k=3  dim=576  frames=90  σ=0.25  fold=6 ===
  OSC: k_hat=3  ACC=1.0000  NMI=1.0000  ARI=1.0000  0.2s

=== P1E_S2_C3 train[3] k=3  dim=576  frames=112  σ=0.25  fold=6 ===
  OSC: k_hat=3  ACC=0.8571  NMI=0.7014  ARI=0.6446  0.2s

=== P1E_S2_C3 train[4] k=3  dim=576  frames=99  σ=0.25  fold=6 ===
  OSC: k_hat=3  ACC=0.9899  NMI=0.9585  ARI=0.9691  0.2s

=== P1E_S2_C3 train[5] k=3  dim=576  frames=87  σ=0.25  fold=6 ===
  OSC: k_hat=3  ACC=0.5977  NMI=0.6670  ARI=0.4754  0.2s

=== P1E_S2_C3 train[6] k=3  dim=576  frames=89  σ=0.25  fold=6 ===
  OSC: k_hat=3  ACC=0.9775  NMI=0.9248  ARI=0.9383  0.2s

=== P1E_S3_C1 train[0] k=3  dim=576  frames=166  σ=0.25  fold=6 ===
  OSC: k_hat=3  ACC=0.8072  NMI=0.6684  ARI=0.5357  0.4s

=== P1E_S3_C1 train[1] k=3  dim=576  frames=139  σ=0.25  fold=6 ===
  OSC: k_hat=3  ACC=0.7338  NMI=0.6984  ARI=0.5493  0.3s

=== P1E_S3_C1 train[2] k=3  dim=576  frames=134  σ=0.25  fold=6 ===
  OSC: k_hat=3  ACC=0.8060  NMI=0.6640  ARI=0.5439  0.3s

=== P1E_S3_C1 train[3] k=3  dim=576  frames=161  σ=0.25  fold=6 ===
  OSC: k_hat=3  ACC=0.7888  NMI=0.7131  ARI=0.5833  0.4s

=== P1E_S3_C1 train[4] k=3  dim=576  frames=168  σ=0.25  fold=6 ===
  OSC: k_hat=3  ACC=0.8512  NMI=0.7342  ARI=0.6087  0.4s

=== P1E_S3_C1 train[5] k=3  dim=576  frames=123  σ=0.25  fold=6 ===
  OSC: k_hat=3  ACC=0.5122  NMI=0.4251  ARI=0.2437  0.3s

=== P1E_S3_C1 train[6] k=3  dim=576  frames=112  σ=0.25  fold=6 ===
  OSC: k_hat=3  ACC=0.5625  NMI=0.6127  ARI=0.4282  0.2s

=== P1E_S3_C2 train[0] k=3  dim=576  frames=147  σ=0.25  fold=6 ===
  OSC: k_hat=3  ACC=0.8639  NMI=0.7374  ARI=0.6181  0.4s

=== P1E_S3_C2 train[1] k=3  dim=576  frames=120  σ=0.25  fold=6 ===
  OSC: k_hat=3  ACC=0.6833  NMI=0.6679  ARI=0.4772  0.3s

=== P1E_S3_C2 train[2] k=3  dim=576  frames=112  σ=0.25  fold=6 ===
  OSC: k_hat=3  ACC=0.9464  NMI=0.8343  ARI=0.8360  0.2s

=== P1E_S3_C2 train[3] k=3  dim=576  frames=168  σ=0.25  fold=6 ===
  OSC: k_hat=3  ACC=0.6905  NMI=0.6422  ARI=0.4322  0.4s

=== P1E_S3_C2 train[4] k=3  dim=576  frames=169  σ=0.25  fold=6 ===
  OSC: k_hat=3  ACC=0.8284  NMI=0.7374  ARI=0.6244  0.4s

=== P1E_S3_C2 train[5] k=3  dim=576  frames=107  σ=0.25  fold=6 ===
  OSC: k_hat=3  ACC=0.5981  NMI=0.6680  ARI=0.4761  0.2s

=== P1E_S3_C2 train[6] k=3  dim=576  frames=114  σ=0.25  fold=6 ===
  OSC: k_hat=3  ACC=0.9825  NMI=0.9242  ARI=0.9544  0.2s

=== P1E_S3_C3 train[0] k=3  dim=576  frames=105  σ=0.25  fold=6 ===
  OSC: k_hat=3  ACC=1.0000  NMI=1.0000  ARI=1.0000  0.2s

=== P1E_S3_C3 train[1] k=3  dim=576  frames=89  σ=0.25  fold=6 ===
  OSC: k_hat=3  ACC=1.0000  NMI=1.0000  ARI=1.0000  0.2s

=== P1E_S3_C3 train[2] k=3  dim=576  frames=84  σ=0.25  fold=6 ===
  OSC: k_hat=3  ACC=0.9881  NMI=0.9525  ARI=0.9657  0.2s

=== P1E_S3_C3 train[3] k=3  dim=576  frames=125  σ=0.25  fold=6 ===
  OSC: k_hat=3  ACC=0.9760  NMI=0.9174  ARI=0.9232  0.3s

=== P1E_S3_C3 train[4] k=3  dim=576  frames=128  σ=0.25  fold=6 ===
  OSC: k_hat=3  ACC=0.7500  NMI=0.7005  ARI=0.5481  0.3s

=== P1E_S3_C3 train[5] k=3  dim=576  frames=83  σ=0.25  fold=6 ===
  OSC: k_hat=3  ACC=1.0000  NMI=1.0000  ARI=1.0000  0.2s

=== P1E_S3_C3 train[6] k=3  dim=576  frames=84  σ=0.25  fold=6 ===
  OSC: k_hat=3  ACC=0.9881  NMI=0.9523  ARI=0.9667  0.2s

=== P1E_S4_C1 train[0] k=3  dim=576  frames=158  σ=0.25  fold=6 ===
  OSC: k_hat=3  ACC=0.8481  NMI=0.7167  ARI=0.5780  0.4s

=== P1E_S4_C1 train[1] k=3  dim=576  frames=107  σ=0.25  fold=6 ===
  OSC: k_hat=3  ACC=1.0000  NMI=1.0000  ARI=1.0000  0.2s

=== P1E_S4_C1 train[2] k=3  dim=576  frames=155  σ=0.25  fold=6 ===
  OSC: k_hat=3  ACC=0.9871  NMI=0.9496  ARI=0.9602  0.4s

=== P1E_S4_C1 train[3] k=3  dim=576  frames=182  σ=0.25  fold=6 ===
  OSC: k_hat=3  ACC=0.8626  NMI=0.7396  ARI=0.6658  0.5s

=== P1E_S4_C1 train[4] k=3  dim=576  frames=180  σ=0.25  fold=6 ===
  OSC: k_hat=3  ACC=0.6778  NMI=0.6859  ARI=0.5257  0.5s

=== P1E_S4_C1 train[5] k=3  dim=576  frames=133  σ=0.25  fold=6 ===
  OSC: k_hat=3  ACC=0.6466  NMI=0.6651  ARI=0.4918  0.3s

=== P1E_S4_C1 train[6] k=3  dim=576  frames=145  σ=0.25  fold=6 ===
  OSC: k_hat=3  ACC=0.9862  NMI=0.9476  ARI=0.9615  0.4s

=== P1E_S4_C2 train[0] k=3  dim=576  frames=117  σ=0.25  fold=6 ===
  OSC: k_hat=3  ACC=0.9658  NMI=0.8767  ARI=0.8999  0.3s

=== P1E_S4_C2 train[1] k=3  dim=576  frames=125  σ=0.25  fold=6 ===
  OSC: k_hat=3  ACC=0.9920  NMI=0.9653  ARI=0.9759  0.3s

=== P1E_S4_C2 train[2] k=3  dim=576  frames=122  σ=0.25  fold=6 ===
  OSC: k_hat=3  ACC=0.9918  NMI=0.9645  ARI=0.9747  0.3s

=== P1E_S4_C2 train[3] k=3  dim=576  frames=126  σ=0.25  fold=6 ===
  OSC: k_hat=3  ACC=1.0000  NMI=1.0000  ARI=1.0000  0.3s

=== P1E_S4_C2 train[4] k=3  dim=576  frames=140  σ=0.25  fold=6 ===
  OSC: k_hat=3  ACC=0.9929  NMI=0.9670  ARI=0.9771  0.4s

=== P1E_S4_C2 train[5] k=3  dim=576  frames=129  σ=0.25  fold=6 ===
  OSC: k_hat=3  ACC=0.5581  NMI=0.6606  ARI=0.4599  0.3s

=== P1E_S4_C2 train[6] k=3  dim=576  frames=110  σ=0.25  fold=6 ===
  OSC: k_hat=3  ACC=0.9909  NMI=0.9623  ARI=0.9753  0.3s

=== P1E_S4_C3 train[0] k=3  dim=576  frames=90  σ=0.25  fold=6 ===
  OSC: k_hat=3  ACC=0.9667  NMI=0.8787  ARI=0.8983  0.2s

=== P1E_S4_C3 train[1] k=3  dim=576  frames=64  σ=0.25  fold=6 ===
  OSC: k_hat=3  ACC=0.9844  NMI=0.9424  ARI=0.9536  0.1s

=== P1E_S4_C3 train[2] k=3  dim=576  frames=85  σ=0.25  fold=6 ===
  OSC: k_hat=3  ACC=0.9412  NMI=0.8539  ARI=0.8378  0.2s

=== P1E_S4_C3 train[3] k=3  dim=576  frames=105  σ=0.25  fold=6 ===
  OSC: k_hat=3  ACC=0.5524  NMI=0.5912  ARI=0.4118  0.2s

=== P1E_S4_C3 train[4] k=3  dim=576  frames=87  σ=0.25  fold=6 ===
  OSC: k_hat=3  ACC=0.9885  NMI=0.9539  ARI=0.9649  0.2s

=== P1E_S4_C3 train[5] k=3  dim=576  frames=76  σ=0.25  fold=6 ===
  OSC: k_hat=3  ACC=0.9605  NMI=0.8885  ARI=0.8936  0.2s

=== P1E_S4_C3 train[6] k=3  dim=576  frames=79  σ=0.25  fold=6 ===
  OSC: k_hat=3  ACC=0.9873  NMI=0.9513  ARI=0.9638  0.2s

=== P1L_S1_C1 train[0] k=3  dim=576  frames=162  σ=0.25  fold=6 ===
  OSC: k_hat=3  ACC=1.0000  NMI=1.0000  ARI=1.0000  0.4s

=== P1L_S1_C1 train[1] k=3  dim=576  frames=170  σ=0.25  fold=6 ===
  OSC: k_hat=3  ACC=0.7765  NMI=0.6807  ARI=0.4977  0.5s

=== P1L_S1_C1 train[2] k=3  dim=576  frames=155  σ=0.25  fold=6 ===
  OSC: k_hat=3  ACC=1.0000  NMI=1.0000  ARI=1.0000  0.4s

=== P1L_S1_C1 train[3] k=3  dim=576  frames=182  σ=0.25  fold=6 ===
  OSC: k_hat=3  ACC=0.9945  NMI=0.9745  ARI=0.9840  0.5s

=== P1L_S1_C1 train[4] k=3  dim=576  frames=198  σ=0.25  fold=6 ===
  OSC: k_hat=3  ACC=0.7323  NMI=0.6955  ARI=0.5444  0.6s

=== P1L_S1_C1 train[5] k=3  dim=576  frames=166  σ=0.25  fold=6 ===
  OSC: k_hat=3  ACC=1.0000  NMI=1.0000  ARI=1.0000  0.5s

=== P1L_S1_C1 train[6] k=3  dim=576  frames=175  σ=0.25  fold=6 ===
  OSC: k_hat=3  ACC=1.0000  NMI=1.0000  ARI=1.0000  0.5s

=== P1L_S1_C2 train[0] k=3  dim=576  frames=186  σ=0.25  fold=6 ===
  OSC: k_hat=3  ACC=0.7688  NMI=0.6813  ARI=0.5085  0.5s

=== P1L_S1_C2 train[1] k=3  dim=576  frames=137  σ=0.25  fold=6 ===
  OSC: k_hat=3  ACC=0.8029  NMI=0.7019  ARI=0.5528  0.4s

=== P1L_S1_C2 train[2] k=3  dim=576  frames=147  σ=0.25  fold=6 ===
  OSC: k_hat=3  ACC=1.0000  NMI=1.0000  ARI=1.0000  0.4s

=== P1L_S1_C2 train[3] k=3  dim=576  frames=181  σ=0.25  fold=6 ===
  OSC: k_hat=3  ACC=0.8343  NMI=0.7285  ARI=0.6043  0.5s

=== P1L_S1_C2 train[4] k=3  dim=576  frames=128  σ=0.25  fold=6 ===
  OSC: k_hat=3  ACC=0.5625  NMI=0.6666  ARI=0.4689  0.3s

=== P1L_S1_C2 train[5] k=3  dim=576  frames=154  σ=0.25  fold=6 ===
  OSC: k_hat=3  ACC=0.5065  NMI=0.6566  ARI=0.4500  0.4s

=== P1L_S1_C2 train[6] k=3  dim=576  frames=168  σ=0.25  fold=6 ===
  OSC: k_hat=3  ACC=0.9940  NMI=0.9731  ARI=0.9837  0.5s

=== P1L_S1_C3 train[0] k=3  dim=576  frames=60  σ=0.25  fold=6 ===
  OSC: k_hat=3  ACC=0.5167  NMI=0.6515  ARI=0.4364  0.1s

=== P1L_S1_C3 train[1] k=3  dim=576  frames=68  σ=0.25  fold=6 ===
  OSC: k_hat=3  ACC=1.0000  NMI=1.0000  ARI=1.0000  0.1s

=== P1L_S1_C3 train[2] k=3  dim=576  frames=65  σ=0.25  fold=6 ===
  OSC: k_hat=3  ACC=1.0000  NMI=1.0000  ARI=1.0000  0.1s

=== P1L_S1_C3 train[3] k=3  dim=576  frames=74  σ=0.25  fold=6 ===
  OSC: k_hat=3  ACC=0.5541  NMI=0.6640  ARI=0.4617  0.2s

=== P1L_S1_C3 train[4] k=3  dim=576  frames=73  σ=0.25  fold=6 ===
  OSC: k_hat=3  ACC=0.6438  NMI=0.6709  ARI=0.4906  0.2s

=== P1L_S1_C3 train[5] k=3  dim=576  frames=64  σ=0.25  fold=6 ===
  OSC: k_hat=3  ACC=0.8281  NMI=0.7423  ARI=0.6374  0.1s

=== P1L_S1_C3 train[6] k=3  dim=576  frames=75  σ=0.25  fold=6 ===
  OSC: k_hat=3  ACC=0.9867  NMI=0.9474  ARI=0.9569  0.2s

=== P1L_S2_C1 train[0] k=3  dim=576  frames=211  σ=0.25  fold=6 ===
  OSC: k_hat=3  ACC=0.8199  NMI=0.7231  ARI=0.6077  0.6s

=== P1L_S2_C1 train[1] k=3  dim=576  frames=190  σ=0.25  fold=6 ===
  OSC: k_hat=3  ACC=0.7211  NMI=0.6714  ARI=0.4890  0.6s

=== P1L_S2_C1 train[2] k=3  dim=576  frames=180  σ=0.25  fold=6 ===
  OSC: k_hat=3  ACC=1.0000  NMI=1.0000  ARI=1.0000  0.5s

=== P1L_S2_C1 train[3] k=3  dim=576  frames=177  σ=0.25  fold=6 ===
  OSC: k_hat=3  ACC=0.8305  NMI=0.6528  ARI=0.5780  0.5s

=== P1L_S2_C1 train[4] k=3  dim=576  frames=172  σ=0.25  fold=6 ===
  OSC: k_hat=3  ACC=0.9709  NMI=0.9104  ARI=0.9305  0.5s

=== P1L_S2_C1 train[5] k=3  dim=576  frames=179  σ=0.25  fold=6 ===
  OSC: k_hat=3  ACC=1.0000  NMI=1.0000  ARI=1.0000  0.5s

=== P1L_S2_C1 train[6] k=3  dim=576  frames=133  σ=0.25  fold=6 ===
  OSC: k_hat=3  ACC=1.0000  NMI=1.0000  ARI=1.0000  0.3s

=== P1L_S2_C2 train[0] k=3  dim=576  frames=194  σ=0.25  fold=6 ===
  OSC: k_hat=3  ACC=0.9897  NMI=0.9537  ARI=0.9641  0.6s

=== P1L_S2_C2 train[1] k=3  dim=576  frames=155  σ=0.25  fold=6 ===
  OSC: k_hat=3  ACC=1.0000  NMI=1.0000  ARI=1.0000  0.4s

=== P1L_S2_C2 train[2] k=3  dim=576  frames=134  σ=0.25  fold=6 ===
  OSC: k_hat=3  ACC=1.0000  NMI=1.0000  ARI=1.0000  0.3s

=== P1L_S2_C2 train[3] k=3  dim=576  frames=186  σ=0.25  fold=6 ===
  OSC: k_hat=3  ACC=0.9570  NMI=0.8560  ARI=0.8853  0.5s

=== P1L_S2_C2 train[4] k=3  dim=576  frames=201  σ=0.25  fold=6 ===
  OSC: k_hat=3  ACC=0.9900  NMI=0.9582  ARI=0.9683  0.6s

=== P1L_S2_C2 train[5] k=3  dim=576  frames=171  σ=0.25  fold=6 ===
  OSC: k_hat=3  ACC=0.8363  NMI=0.7362  ARI=0.6178  0.5s

=== P1L_S2_C2 train[6] k=3  dim=576  frames=154  σ=0.25  fold=6 ===
  OSC: k_hat=3  ACC=1.0000  NMI=1.0000  ARI=1.0000  0.4s

=== P1L_S2_C3 train[0] k=3  dim=576  frames=119  σ=0.25  fold=6 ===
  OSC: k_hat=3  ACC=1.0000  NMI=1.0000  ARI=1.0000  0.3s

=== P1L_S2_C3 train[1] k=3  dim=576  frames=101  σ=0.25  fold=6 ===
  OSC: k_hat=3  ACC=0.9901  NMI=0.9577  ARI=0.9692  0.2s

=== P1L_S2_C3 train[2] k=3  dim=576  frames=85  σ=0.25  fold=6 ===
  OSC: k_hat=3  ACC=1.0000  NMI=1.0000  ARI=1.0000  0.2s

=== P1L_S2_C3 train[3] k=3  dim=576  frames=112  σ=0.25  fold=6 ===
  OSC: k_hat=3  ACC=0.5893  NMI=0.6656  ARI=0.4708  0.2s

=== P1L_S2_C3 train[4] k=3  dim=576  frames=126  σ=0.25  fold=6 ===
  OSC: k_hat=3  ACC=0.8413  NMI=0.7417  ARI=0.6278  0.3s

=== P1L_S2_C3 train[5] k=3  dim=576  frames=102  σ=0.25  fold=6 ===
  OSC: k_hat=3  ACC=0.5392  NMI=0.6485  ARI=0.4410  0.2s

=== P1L_S2_C3 train[6] k=3  dim=576  frames=99  σ=0.25  fold=6 ===
  OSC: k_hat=3  ACC=0.9697  NMI=0.9066  ARI=0.9152  0.2s

=== P1L_S3_C1 train[0] k=3  dim=576  frames=156  σ=0.25  fold=6 ===
  OSC: k_hat=3  ACC=0.4295  NMI=0.2486  ARI=0.0025  0.4s

=== P1L_S3_C1 train[1] k=3  dim=576  frames=120  σ=0.25  fold=6 ===
  OSC: k_hat=3  ACC=1.0000  NMI=1.0000  ARI=1.0000  0.3s

=== P1L_S3_C1 train[2] k=3  dim=576  frames=185  σ=0.25  fold=6 ===
  OSC: k_hat=3  ACC=0.9730  NMI=0.9128  ARI=0.9200  0.5s

=== P1L_S3_C1 train[3] k=3  dim=576  frames=156  σ=0.25  fold=6 ===
  OSC: k_hat=3  ACC=0.6474  NMI=0.6812  ARI=0.5139  0.4s

=== P1L_S3_C1 train[4] k=3  dim=576  frames=159  σ=0.25  fold=6 ===
  OSC: k_hat=3  ACC=0.9245  NMI=0.7727  ARI=0.7932  0.4s

=== P1L_S3_C1 train[5] k=3  dim=576  frames=172  σ=0.25  fold=6 ===
  OSC: k_hat=3  ACC=0.8430  NMI=0.7461  ARI=0.6424  0.5s

=== P1L_S3_C1 train[6] k=3  dim=576  frames=134  σ=0.25  fold=6 ===
  OSC: k_hat=3  ACC=0.9925  NMI=0.9658  ARI=0.9752  0.3s

=== P1L_S3_C2 train[0] k=3  dim=576  frames=185  σ=0.25  fold=6 ===
  OSC: k_hat=3  ACC=0.8595  NMI=0.6704  ARI=0.6228  0.5s

=== P1L_S3_C2 train[1] k=3  dim=576  frames=125  σ=0.25  fold=6 ===
  OSC: k_hat=3  ACC=0.8400  NMI=0.7551  ARI=0.6802  0.3s

=== P1L_S3_C2 train[2] k=3  dim=576  frames=166  σ=0.25  fold=6 ===
  OSC: k_hat=3  ACC=1.0000  NMI=1.0000  ARI=1.0000  0.5s

=== P1L_S3_C2 train[3] k=3  dim=576  frames=209  σ=0.25  fold=6 ===
  OSC: k_hat=3  ACC=0.7512  NMI=0.5433  ARI=0.4390  0.6s

=== P1L_S3_C2 train[4] k=3  dim=576  frames=168  σ=0.25  fold=6 ===
  OSC: k_hat=3  ACC=0.6488  NMI=0.6705  ARI=0.5211  0.5s

=== P1L_S3_C2 train[5] k=3  dim=576  frames=187  σ=0.25  fold=6 ===
  OSC: k_hat=3  ACC=0.5508  NMI=0.6596  ARI=0.4583  0.5s

=== P1L_S3_C2 train[6] k=3  dim=576  frames=136  σ=0.25  fold=6 ===
  OSC: k_hat=3  ACC=1.0000  NMI=1.0000  ARI=1.0000  0.4s

=== P1L_S3_C3 train[0] k=3  dim=576  frames=151  σ=0.25  fold=6 ===
  OSC: k_hat=3  ACC=0.9934  NMI=0.9670  ARI=0.9779  0.4s

=== P1L_S3_C3 train[1] k=3  dim=576  frames=118  σ=0.25  fold=6 ===
  OSC: k_hat=3  ACC=0.8983  NMI=0.7946  ARI=0.7354  0.3s

=== P1L_S3_C3 train[2] k=3  dim=576  frames=121  σ=0.25  fold=6 ===
  OSC: k_hat=3  ACC=1.0000  NMI=1.0000  ARI=1.0000  0.3s

=== P1L_S3_C3 train[3] k=3  dim=576  frames=142  σ=0.25  fold=6 ===
  OSC: k_hat=3  ACC=1.0000  NMI=1.0000  ARI=1.0000  0.4s

=== P1L_S3_C3 train[4] k=3  dim=576  frames=134  σ=0.25  fold=6 ===
  OSC: k_hat=3  ACC=0.8507  NMI=0.7327  ARI=0.6091  0.3s

=== P1L_S3_C3 train[5] k=3  dim=576  frames=110  σ=0.25  fold=6 ===
  OSC: k_hat=3  ACC=0.8636  NMI=0.7613  ARI=0.6732  0.2s

=== P1L_S3_C3 train[6] k=3  dim=576  frames=114  σ=0.25  fold=6 ===
  OSC: k_hat=3  ACC=0.9912  NMI=0.9630  ARI=0.9763  0.3s

=== P1L_S4_C1 train[0] k=3  dim=576  frames=200  σ=0.25  fold=6 ===
  OSC: k_hat=3  ACC=0.9500  NMI=0.8658  ARI=0.8583  0.6s

=== P1L_S4_C1 train[1] k=3  dim=576  frames=157  σ=0.25  fold=6 ===
  OSC: k_hat=3  ACC=1.0000  NMI=1.0000  ARI=1.0000  0.4s

=== P1L_S4_C1 train[2] k=3  dim=576  frames=154  σ=0.25  fold=6 ===
  OSC: k_hat=3  ACC=1.0000  NMI=1.0000  ARI=1.0000  0.4s

=== P1L_S4_C1 train[3] k=3  dim=576  frames=168  σ=0.25  fold=6 ===
  OSC: k_hat=3  ACC=0.8810  NMI=0.7606  ARI=0.6645  0.5s

=== P1L_S4_C1 train[4] k=3  dim=576  frames=142  σ=0.25  fold=6 ===
  OSC: k_hat=3  ACC=1.0000  NMI=1.0000  ARI=1.0000  0.4s

=== P1L_S4_C1 train[5] k=3  dim=576  frames=164  σ=0.25  fold=6 ===
  OSC: k_hat=3  ACC=0.9573  NMI=0.8816  ARI=0.8804  0.4s

=== P1L_S4_C1 train[6] k=3  dim=576  frames=202  σ=0.25  fold=6 ===
  OSC: k_hat=3  ACC=1.0000  NMI=1.0000  ARI=1.0000  0.6s

=== P1L_S4_C2 train[0] k=3  dim=576  frames=157  σ=0.25  fold=6 ===
  OSC: k_hat=3  ACC=0.7771  NMI=0.6675  ARI=0.4827  0.4s

=== P1L_S4_C2 train[1] k=3  dim=576  frames=149  σ=0.25  fold=6 ===
  OSC: k_hat=3  ACC=0.9329  NMI=0.8326  ARI=0.7976  0.4s

=== P1L_S4_C2 train[2] k=3  dim=576  frames=175  σ=0.25  fold=6 ===
  OSC: k_hat=3  ACC=1.0000  NMI=1.0000  ARI=1.0000  0.5s

=== P1L_S4_C2 train[3] k=3  dim=576  frames=168  σ=0.25  fold=6 ===
  OSC: k_hat=3  ACC=0.8571  NMI=0.7125  ARI=0.6257  0.5s

=== P1L_S4_C2 train[4] k=3  dim=576  frames=154  σ=0.25  fold=6 ===
  OSC: k_hat=3  ACC=1.0000  NMI=1.0000  ARI=1.0000  0.4s

=== P1L_S4_C2 train[5] k=3  dim=576  frames=152  σ=0.25  fold=6 ===
  OSC: k_hat=3  ACC=0.8618  NMI=0.7611  ARI=0.6804  0.4s

=== P1L_S4_C2 train[6] k=3  dim=576  frames=153  σ=0.25  fold=6 ===
  OSC: k_hat=3  ACC=0.9869  NMI=0.9501  ARI=0.9666  0.4s

=== P1L_S4_C3 train[0] k=3  dim=576  frames=96  σ=0.25  fold=6 ===
  OSC: k_hat=3  ACC=1.0000  NMI=1.0000  ARI=1.0000  0.2s

=== P1L_S4_C3 train[1] k=3  dim=576  frames=107  σ=0.25  fold=6 ===
  OSC: k_hat=3  ACC=0.9907  NMI=0.9584  ARI=0.9678  0.2s

=== P1L_S4_C3 train[2] k=3  dim=576  frames=94  σ=0.25  fold=6 ===
  OSC: k_hat=3  ACC=1.0000  NMI=1.0000  ARI=1.0000  0.2s

=== P1L_S4_C3 train[3] k=3  dim=576  frames=117  σ=0.25  fold=6 ===
  OSC: k_hat=3  ACC=0.6496  NMI=0.6668  ARI=0.4969  0.3s

=== P1L_S4_C3 train[4] k=3  dim=576  frames=112  σ=0.25  fold=6 ===
  OSC: k_hat=3  ACC=0.7857  NMI=0.7122  ARI=0.5675  0.2s

=== P1L_S4_C3 train[5] k=3  dim=576  frames=103  σ=0.25  fold=6 ===
  OSC: k_hat=3  ACC=0.5631  NMI=0.6430  ARI=0.4371  0.2s

=== P1L_S4_C3 train[6] k=3  dim=576  frames=107  σ=0.25  fold=6 ===
  OSC: k_hat=3  ACC=0.9813  NMI=0.9338  ARI=0.9463  0.2s

=== P1E_S1_C1 test[0] k=3  dim=576  frames=140  σ=0.25  fold=6 ===
  OSC: k_hat=3  ACC=0.8786  NMI=0.7789  ARI=0.7106  0.4s

=== P1E_S1_C2 test[0] k=3  dim=576  frames=122  σ=0.25  fold=6 ===
  OSC: k_hat=3  ACC=0.9590  NMI=0.8854  ARI=0.8916  0.3s

=== P1E_S1_C3 test[0] k=3  dim=576  frames=51  σ=0.25  fold=6 ===
  OSC: k_hat=3  ACC=0.9412  NMI=0.8195  ARI=0.8304  0.1s

=== P1E_S2_C1 test[0] k=3  dim=576  frames=161  σ=0.25  fold=6 ===
  OSC: k_hat=3  ACC=0.8012  NMI=0.6951  ARI=0.5830  0.4s

=== P1E_S2_C2 test[0] k=3  dim=576  frames=128  σ=0.25  fold=6 ===
  OSC: k_hat=3  ACC=0.8828  NMI=0.7831  ARI=0.7188  0.3s

=== P1E_S2_C3 test[0] k=3  dim=576  frames=105  σ=0.25  fold=6 ===
  OSC: k_hat=3  ACC=0.9714  NMI=0.8926  ARI=0.9125  0.2s

=== P1E_S3_C1 test[0] k=3  dim=576  frames=204  σ=0.25  fold=6 ===
  OSC: k_hat=3  ACC=0.5686  NMI=0.3504  ARI=0.1516  0.6s

=== P1E_S3_C2 test[0] k=3  dim=576  frames=146  σ=0.25  fold=6 ===
  OSC: k_hat=3  ACC=0.6644  NMI=0.6176  ARI=0.3722  0.4s

=== P1E_S3_C3 test[0] k=3  dim=576  frames=129  σ=0.25  fold=6 ===
  OSC: k_hat=3  ACC=0.5349  NMI=0.6553  ARI=0.4505  0.3s

=== P1E_S4_C1 test[0] k=3  dim=576  frames=147  σ=0.25  fold=6 ===
  OSC: k_hat=3  ACC=0.5238  NMI=0.4818  ARI=0.3255  0.4s

=== P1E_S4_C2 test[0] k=3  dim=576  frames=146  σ=0.25  fold=6 ===
  OSC: k_hat=3  ACC=0.9589  NMI=0.8852  ARI=0.8877  0.4s

=== P1E_S4_C3 test[0] k=3  dim=576  frames=106  σ=0.25  fold=6 ===
  OSC: k_hat=3  ACC=0.6792  NMI=0.7026  ARI=0.5568  0.2s

=== P1L_S1_C1 test[0] k=3  dim=576  frames=116  σ=0.25  fold=6 ===
  OSC: k_hat=3  ACC=0.5517  NMI=0.5057  ARI=0.3338  0.3s

=== P1L_S1_C2 test[0] k=3  dim=576  frames=142  σ=0.25  fold=6 ===
  OSC: k_hat=3  ACC=0.8239  NMI=0.7102  ARI=0.5692  0.4s

=== P1L_S1_C3 test[0] k=3  dim=576  frames=63  σ=0.25  fold=6 ===
  OSC: k_hat=3  ACC=0.6190  NMI=0.6736  ARI=0.5014  0.1s

=== P1L_S2_C1 test[0] k=3  dim=576  frames=180  σ=0.25  fold=6 ===
  OSC: k_hat=3  ACC=0.4944  NMI=0.2521  ARI=0.0513  0.5s

=== P1L_S2_C2 test[0] k=3  dim=576  frames=160  σ=0.25  fold=6 ===
  OSC: k_hat=3  ACC=0.8000  NMI=0.7446  ARI=0.6793  0.4s

=== P1L_S2_C3 test[0] k=3  dim=576  frames=121  σ=0.25  fold=6 ===
  OSC: k_hat=3  ACC=0.9091  NMI=0.7880  ARI=0.7781  0.3s

=== P1L_S3_C1 test[0] k=3  dim=576  frames=176  σ=0.25  fold=6 ===
  OSC: k_hat=3  ACC=0.6989  NMI=0.6232  ARI=0.4026  0.5s

=== P1L_S3_C2 test[0] k=3  dim=576  frames=229  σ=0.25  fold=6 ===
  OSC: k_hat=3  ACC=0.4978  NMI=0.6147  ARI=0.4261  0.7s

=== P1L_S3_C3 test[0] k=3  dim=576  frames=161  σ=0.25  fold=6 ===
  OSC: k_hat=3  ACC=0.8323  NMI=0.7023  ARI=0.6433  0.4s

=== P1L_S4_C1 test[0] k=3  dim=576  frames=187  σ=0.25  fold=6 ===
  OSC: k_hat=3  ACC=0.7273  NMI=0.6489  ARI=0.4550  0.5s

=== P1L_S4_C2 test[0] k=3  dim=576  frames=169  σ=0.25  fold=6 ===
  OSC: k_hat=3  ACC=0.5976  NMI=0.6663  ARI=0.4796  0.5s

=== P1L_S4_C3 test[0] k=3  dim=576  frames=105  σ=0.25  fold=6 ===
  OSC: k_hat=3  ACC=0.5143  NMI=0.6557  ARI=0.4468  0.2s
  tune_pool_groups=20: sampling from 22 held-in people (overlap allowed) instead of the 7 fixed partition group(s)

============================================================
σ=0.25 fold=7  test=['0003', '0012', '0017']  train mats=168  test mats=24  tune mats=480
  --- tune OSC over 480 train mats  n_trials=20 (2 params) ---
  OSC trial 0: mean ARI=0.7293  n=480  169.6s  lambda_1=0.1, lambda_2=0.1
  OSC trial 1: mean ARI=0.7162  n=480  198.0s  lambda_1=0.1568, lambda_2=0.7257
  OSC trial 2: mean ARI=0.6933  n=480  203.9s  lambda_1=0.2577, lambda_2=0.1512
  OSC trial 3: mean ARI=0.7402  n=480  180.1s  lambda_1=0.0495, lambda_2=0.3833
  OSC trial 4: mean ARI=0.7403  n=480  167.2s  lambda_1=0.05628, lambda_2=3.691
  OSC trial 5: mean ARI=0.0016  n=480  198.2s  lambda_1=7.156, lambda_2=0.03418
  OSC trial 6: mean ARI=0.0016  n=480  229.7s  lambda_1=1.469, lambda_2=0.1305
  OSC trial 7: mean ARI=0.7072  n=480  359.4s  lambda_1=0.1871, lambda_2=5.039
  OSC trial 8: mean ARI=0.7384  n=480  229.9s  lambda_1=0.001924, lambda_2=0.002231
  OSC trial 9: mean ARI=0.7412  n=480  207.1s  lambda_1=0.001205, lambda_2=2.14
  OSC trial 10: mean ARI=0.7373  n=480  219.0s  lambda_1=0.001206, lambda_2=0.001659
  OSC trial 11: mean ARI=0.7434  n=480  205.9s  lambda_1=0.009109, lambda_2=6.91
  OSC trial 12: mean ARI=0.7443  n=480  226.5s  lambda_1=0.007272, lambda_2=9.287
  OSC trial 13: mean ARI=0.7439  n=480  219.4s  lambda_1=0.008308, lambda_2=8.862
  OSC trial 14: mean ARI=0.7434  n=480  283.0s  lambda_1=0.009138, lambda_2=9.455
  OSC trial 15: mean ARI=0.7426  n=480  266.4s  lambda_1=0.01076, lambda_2=1.305
  OSC trial 16: mean ARI=0.7446  n=480  291.6s  lambda_1=0.004973, lambda_2=1.81
  OSC trial 17: mean ARI=0.7438  n=480  467.5s  lambda_1=0.004249, lambda_2=0.7072
  OSC trial 18: mean ARI=0.7427  n=480  292.4s  lambda_1=0.02689, lambda_2=0.02409
  OSC trial 19: mean ARI=0.7391  n=480  209.2s  lambda_1=0.023, lambda_2=2.23
    best mean ARI=0.7446  tune 4824.4s  lambda_1=0.004973, lambda_2=1.81
  wrote /nfs/turbo/umms-minjilab/lpullela/icassp_ssc_tv2/block_ssc_benchmark/cv/params/surveillance/split_k3_sigmas_min30_trials20_params_knownk_cv_osc_k3_sigma0p25_sigma0.25_fold7.json

=== P1E_S1_C1 train[0] k=3  dim=576  frames=146  σ=0.25  fold=7 ===
  OSC: k_hat=3  ACC=0.9247  NMI=0.8099  ARI=0.7622  0.5s

=== P1E_S1_C1 train[1] k=3  dim=576  frames=153  σ=0.25  fold=7 ===
  OSC: k_hat=3  ACC=0.9608  NMI=0.8873  ARI=0.8871  0.5s

=== P1E_S1_C1 train[2] k=3  dim=576  frames=130  σ=0.25  fold=7 ===
  OSC: k_hat=3  ACC=1.0000  NMI=1.0000  ARI=1.0000  0.4s

=== P1E_S1_C1 train[3] k=3  dim=576  frames=140  σ=0.25  fold=7 ===
  OSC: k_hat=3  ACC=0.9000  NMI=0.7798  ARI=0.7028  0.4s

=== P1E_S1_C1 train[4] k=3  dim=576  frames=157  σ=0.25  fold=7 ===
  OSC: k_hat=3  ACC=0.5924  NMI=0.6638  ARI=0.4711  0.5s

=== P1E_S1_C1 train[5] k=3  dim=576  frames=151  σ=0.25  fold=7 ===
  OSC: k_hat=3  ACC=0.6026  NMI=0.6703  ARI=0.4826  0.5s

=== P1E_S1_C1 train[6] k=3  dim=576  frames=140  σ=0.25  fold=7 ===
  OSC: k_hat=3  ACC=0.8786  NMI=0.7789  ARI=0.7106  0.4s

=== P1E_S1_C2 train[0] k=3  dim=576  frames=147  σ=0.25  fold=7 ===
  OSC: k_hat=3  ACC=0.9660  NMI=0.8779  ARI=0.8925  0.5s

=== P1E_S1_C2 train[1] k=3  dim=576  frames=115  σ=0.25  fold=7 ===
  OSC: k_hat=3  ACC=0.9913  NMI=0.9622  ARI=0.9715  0.3s

=== P1E_S1_C2 train[2] k=3  dim=576  frames=104  σ=0.25  fold=7 ===
  OSC: k_hat=3  ACC=1.0000  NMI=1.0000  ARI=1.0000  0.3s

=== P1E_S1_C2 train[3] k=3  dim=576  frames=138  σ=0.25  fold=7 ===
  OSC: k_hat=3  ACC=0.6304  NMI=0.5871  ARI=0.4363  0.4s

=== P1E_S1_C2 train[4] k=3  dim=576  frames=113  σ=0.25  fold=7 ===
  OSC: k_hat=3  ACC=0.7080  NMI=0.6183  ARI=0.5160  0.3s

=== P1E_S1_C2 train[5] k=3  dim=576  frames=122  σ=0.25  fold=7 ===
  OSC: k_hat=3  ACC=0.5574  NMI=0.6295  ARI=0.4511  0.3s

=== P1E_S1_C2 train[6] k=3  dim=576  frames=122  σ=0.25  fold=7 ===
  OSC: k_hat=3  ACC=0.9590  NMI=0.8854  ARI=0.8916  0.3s

=== P1E_S1_C3 train[0] k=3  dim=576  frames=58  σ=0.25  fold=7 ===
  OSC: k_hat=3  ACC=0.9138  NMI=0.7553  ARI=0.7388  0.1s

=== P1E_S1_C3 train[1] k=3  dim=576  frames=56  σ=0.25  fold=7 ===
  OSC: k_hat=3  ACC=0.9821  NMI=0.9328  ARI=0.9451  0.1s

=== P1E_S1_C3 train[2] k=3  dim=576  frames=47  σ=0.25  fold=7 ===
  OSC: k_hat=3  ACC=1.0000  NMI=1.0000  ARI=1.0000  0.1s

=== P1E_S1_C3 train[3] k=3  dim=576  frames=61  σ=0.25  fold=7 ===
  OSC: k_hat=3  ACC=0.5902  NMI=0.5667  ARI=0.4032  0.1s

=== P1E_S1_C3 train[4] k=3  dim=576  frames=37  σ=0.25  fold=7 ===
  OSC: k_hat=3  ACC=0.7297  NMI=0.5587  ARI=0.5003  0.1s

=== P1E_S1_C3 train[5] k=3  dim=576  frames=55  σ=0.25  fold=7 ===
  OSC: k_hat=3  ACC=0.9636  NMI=0.8708  ARI=0.8924  0.1s

=== P1E_S1_C3 train[6] k=3  dim=576  frames=51  σ=0.25  fold=7 ===
  OSC: k_hat=3  ACC=0.9412  NMI=0.8195  ARI=0.8304  0.1s

=== P1E_S2_C1 train[0] k=3  dim=576  frames=167  σ=0.25  fold=7 ===
  OSC: k_hat=3  ACC=0.8862  NMI=0.7810  ARI=0.7093  0.6s

=== P1E_S2_C1 train[1] k=3  dim=576  frames=151  σ=0.25  fold=7 ===
  OSC: k_hat=3  ACC=0.7417  NMI=0.6109  ARI=0.5054  0.5s

=== P1E_S2_C1 train[2] k=3  dim=576  frames=136  σ=0.25  fold=7 ===
  OSC: k_hat=3  ACC=0.8971  NMI=0.7907  ARI=0.7297  0.4s

=== P1E_S2_C1 train[3] k=3  dim=576  frames=180  σ=0.25  fold=7 ===
  OSC: k_hat=3  ACC=0.7278  NMI=0.6529  ARI=0.5009  0.6s

=== P1E_S2_C1 train[4] k=3  dim=576  frames=149  σ=0.25  fold=7 ===
  OSC: k_hat=3  ACC=0.6040  NMI=0.6711  ARI=0.4842  0.5s

=== P1E_S2_C1 train[5] k=3  dim=576  frames=124  σ=0.25  fold=7 ===
  OSC: k_hat=3  ACC=0.5645  NMI=0.6652  ARI=0.4649  0.4s

=== P1E_S2_C1 train[6] k=3  dim=576  frames=161  σ=0.25  fold=7 ===
  OSC: k_hat=3  ACC=0.8012  NMI=0.6951  ARI=0.5830  0.6s

=== P1E_S2_C2 train[0] k=3  dim=576  frames=146  σ=0.25  fold=7 ===
  OSC: k_hat=3  ACC=0.9589  NMI=0.8560  ARI=0.8787  0.5s

=== P1E_S2_C2 train[1] k=3  dim=576  frames=115  σ=0.25  fold=7 ===
  OSC: k_hat=3  ACC=0.9913  NMI=0.9630  ARI=0.9739  0.3s

=== P1E_S2_C2 train[2] k=3  dim=576  frames=109  σ=0.25  fold=7 ===
  OSC: k_hat=3  ACC=1.0000  NMI=1.0000  ARI=1.0000  0.3s

=== P1E_S2_C2 train[3] k=3  dim=576  frames=144  σ=0.25  fold=7 ===
  OSC: k_hat=3  ACC=0.9236  NMI=0.7952  ARI=0.7901  0.5s

=== P1E_S2_C2 train[4] k=3  dim=576  frames=124  σ=0.25  fold=7 ===
  OSC: k_hat=3  ACC=1.0000  NMI=1.0000  ARI=1.0000  0.4s

=== P1E_S2_C2 train[5] k=3  dim=576  frames=109  σ=0.25  fold=7 ===
  OSC: k_hat=3  ACC=0.6972  NMI=0.6941  ARI=0.5482  0.3s

=== P1E_S2_C2 train[6] k=3  dim=576  frames=128  σ=0.25  fold=7 ===
  OSC: k_hat=3  ACC=0.8828  NMI=0.7831  ARI=0.7188  0.4s

=== P1E_S2_C3 train[0] k=3  dim=576  frames=113  σ=0.25  fold=7 ===
  OSC: k_hat=3  ACC=0.9912  NMI=0.9613  ARI=0.9706  0.3s

=== P1E_S2_C3 train[1] k=3  dim=576  frames=88  σ=0.25  fold=7 ===
  OSC: k_hat=3  ACC=0.9886  NMI=0.9540  ARI=0.9655  0.2s

=== P1E_S2_C3 train[2] k=3  dim=576  frames=90  σ=0.25  fold=7 ===
  OSC: k_hat=3  ACC=1.0000  NMI=1.0000  ARI=1.0000  0.2s

=== P1E_S2_C3 train[3] k=3  dim=576  frames=112  σ=0.25  fold=7 ===
  OSC: k_hat=3  ACC=0.8571  NMI=0.7014  ARI=0.6446  0.3s

=== P1E_S2_C3 train[4] k=3  dim=576  frames=99  σ=0.25  fold=7 ===
  OSC: k_hat=3  ACC=0.9899  NMI=0.9585  ARI=0.9691  0.3s

=== P1E_S2_C3 train[5] k=3  dim=576  frames=87  σ=0.25  fold=7 ===
  OSC: k_hat=3  ACC=0.6092  NMI=0.6683  ARI=0.4793  0.2s

=== P1E_S2_C3 train[6] k=3  dim=576  frames=105  σ=0.25  fold=7 ===
  OSC: k_hat=3  ACC=0.9714  NMI=0.8926  ARI=0.9125  0.3s

=== P1E_S3_C1 train[0] k=3  dim=576  frames=166  σ=0.25  fold=7 ===
  OSC: k_hat=3  ACC=0.8072  NMI=0.6684  ARI=0.5357  0.6s

=== P1E_S3_C1 train[1] k=3  dim=576  frames=139  σ=0.25  fold=7 ===
  OSC: k_hat=3  ACC=0.7338  NMI=0.6984  ARI=0.5493  0.4s

=== P1E_S3_C1 train[2] k=3  dim=576  frames=134  σ=0.25  fold=7 ===
  OSC: k_hat=3  ACC=0.8060  NMI=0.6640  ARI=0.5439  0.4s

=== P1E_S3_C1 train[3] k=3  dim=576  frames=161  σ=0.25  fold=7 ===
  OSC: k_hat=3  ACC=0.7888  NMI=0.7131  ARI=0.5833  0.5s

=== P1E_S3_C1 train[4] k=3  dim=576  frames=168  σ=0.25  fold=7 ===
  OSC: k_hat=3  ACC=0.8571  NMI=0.7396  ARI=0.6204  0.6s

=== P1E_S3_C1 train[5] k=3  dim=576  frames=123  σ=0.25  fold=7 ===
  OSC: k_hat=3  ACC=0.5122  NMI=0.4251  ARI=0.2437  0.4s

=== P1E_S3_C1 train[6] k=3  dim=576  frames=204  σ=0.25  fold=7 ===
  OSC: k_hat=3  ACC=0.5686  NMI=0.3504  ARI=0.1516  0.7s

=== P1E_S3_C2 train[0] k=3  dim=576  frames=147  σ=0.25  fold=7 ===
  OSC: k_hat=3  ACC=0.8639  NMI=0.7374  ARI=0.6181  0.5s

=== P1E_S3_C2 train[1] k=3  dim=576  frames=120  σ=0.25  fold=7 ===
  OSC: k_hat=3  ACC=0.6833  NMI=0.6679  ARI=0.4772  0.3s

=== P1E_S3_C2 train[2] k=3  dim=576  frames=112  σ=0.25  fold=7 ===
  OSC: k_hat=3  ACC=0.9554  NMI=0.8723  ARI=0.8616  0.3s

=== P1E_S3_C2 train[3] k=3  dim=576  frames=168  σ=0.25  fold=7 ===
  OSC: k_hat=3  ACC=0.6905  NMI=0.6422  ARI=0.4322  0.6s

=== P1E_S3_C2 train[4] k=3  dim=576  frames=169  σ=0.25  fold=7 ===
  OSC: k_hat=3  ACC=0.8284  NMI=0.7374  ARI=0.6244  0.6s

=== P1E_S3_C2 train[5] k=3  dim=576  frames=107  σ=0.25  fold=7 ===
  OSC: k_hat=3  ACC=0.5888  NMI=0.6662  ARI=0.4710  0.3s

=== P1E_S3_C2 train[6] k=3  dim=576  frames=146  σ=0.25  fold=7 ===
  OSC: k_hat=3  ACC=0.6644  NMI=0.6176  ARI=0.3722  0.5s

=== P1E_S3_C3 train[0] k=3  dim=576  frames=105  σ=0.25  fold=7 ===
  OSC: k_hat=3  ACC=1.0000  NMI=1.0000  ARI=1.0000  0.3s

=== P1E_S3_C3 train[1] k=3  dim=576  frames=89  σ=0.25  fold=7 ===
  OSC: k_hat=3  ACC=1.0000  NMI=1.0000  ARI=1.0000  0.2s

=== P1E_S3_C3 train[2] k=3  dim=576  frames=84  σ=0.25  fold=7 ===
  OSC: k_hat=3  ACC=0.9881  NMI=0.9525  ARI=0.9657  0.2s

=== P1E_S3_C3 train[3] k=3  dim=576  frames=125  σ=0.25  fold=7 ===
  OSC: k_hat=3  ACC=0.9760  NMI=0.9174  ARI=0.9232  0.4s

=== P1E_S3_C3 train[4] k=3  dim=576  frames=128  σ=0.25  fold=7 ===
  OSC: k_hat=3  ACC=0.7500  NMI=0.7005  ARI=0.5481  0.4s

=== P1E_S3_C3 train[5] k=3  dim=576  frames=83  σ=0.25  fold=7 ===
  OSC: k_hat=3  ACC=1.0000  NMI=1.0000  ARI=1.0000  0.2s

=== P1E_S3_C3 train[6] k=3  dim=576  frames=129  σ=0.25  fold=7 ===
  OSC: k_hat=3  ACC=0.5349  NMI=0.6553  ARI=0.4505  0.4s

=== P1E_S4_C1 train[0] k=3  dim=576  frames=158  σ=0.25  fold=7 ===
  OSC: k_hat=3  ACC=0.8481  NMI=0.7167  ARI=0.5780  0.5s

=== P1E_S4_C1 train[1] k=3  dim=576  frames=107  σ=0.25  fold=7 ===
  OSC: k_hat=3  ACC=1.0000  NMI=1.0000  ARI=1.0000  0.3s

=== P1E_S4_C1 train[2] k=3  dim=576  frames=155  σ=0.25  fold=7 ===
  OSC: k_hat=3  ACC=0.9871  NMI=0.9496  ARI=0.9602  0.5s

=== P1E_S4_C1 train[3] k=3  dim=576  frames=182  σ=0.25  fold=7 ===
  OSC: k_hat=3  ACC=0.8626  NMI=0.7396  ARI=0.6658  0.7s

=== P1E_S4_C1 train[4] k=3  dim=576  frames=180  σ=0.25  fold=7 ===
  OSC: k_hat=3  ACC=0.8278  NMI=0.7334  ARI=0.6126  0.7s

=== P1E_S4_C1 train[5] k=3  dim=576  frames=133  σ=0.25  fold=7 ===
  OSC: k_hat=3  ACC=0.6466  NMI=0.6651  ARI=0.4918  0.4s

=== P1E_S4_C1 train[6] k=3  dim=576  frames=147  σ=0.25  fold=7 ===
  OSC: k_hat=3  ACC=0.5238  NMI=0.4818  ARI=0.3255  0.5s

=== P1E_S4_C2 train[0] k=3  dim=576  frames=117  σ=0.25  fold=7 ===
  OSC: k_hat=3  ACC=0.9658  NMI=0.8767  ARI=0.8999  0.3s

=== P1E_S4_C2 train[1] k=3  dim=576  frames=125  σ=0.25  fold=7 ===
  OSC: k_hat=3  ACC=0.9920  NMI=0.9653  ARI=0.9759  0.4s

=== P1E_S4_C2 train[2] k=3  dim=576  frames=122  σ=0.25  fold=7 ===
  OSC: k_hat=3  ACC=0.9918  NMI=0.9645  ARI=0.9747  0.3s

=== P1E_S4_C2 train[3] k=3  dim=576  frames=126  σ=0.25  fold=7 ===
  OSC: k_hat=3  ACC=1.0000  NMI=1.0000  ARI=1.0000  0.4s

=== P1E_S4_C2 train[4] k=3  dim=576  frames=140  σ=0.25  fold=7 ===
  OSC: k_hat=3  ACC=0.9929  NMI=0.9670  ARI=0.9771  0.4s

=== P1E_S4_C2 train[5] k=3  dim=576  frames=129  σ=0.25  fold=7 ===
  OSC: k_hat=3  ACC=0.5581  NMI=0.6606  ARI=0.4599  0.4s

=== P1E_S4_C2 train[6] k=3  dim=576  frames=146  σ=0.25  fold=7 ===
  OSC: k_hat=3  ACC=0.9589  NMI=0.8852  ARI=0.8877  0.5s

=== P1E_S4_C3 train[0] k=3  dim=576  frames=90  σ=0.25  fold=7 ===
  OSC: k_hat=3  ACC=0.9667  NMI=0.8787  ARI=0.8983  0.2s

=== P1E_S4_C3 train[1] k=3  dim=576  frames=64  σ=0.25  fold=7 ===
  OSC: k_hat=3  ACC=0.9844  NMI=0.9424  ARI=0.9536  0.2s

=== P1E_S4_C3 train[2] k=3  dim=576  frames=85  σ=0.25  fold=7 ===
  OSC: k_hat=3  ACC=0.9412  NMI=0.8539  ARI=0.8378  0.2s

=== P1E_S4_C3 train[3] k=3  dim=576  frames=105  σ=0.25  fold=7 ===
  OSC: k_hat=3  ACC=0.5524  NMI=0.5912  ARI=0.4118  0.3s

=== P1E_S4_C3 train[4] k=3  dim=576  frames=87  σ=0.25  fold=7 ===
  OSC: k_hat=3  ACC=0.9885  NMI=0.9539  ARI=0.9649  0.2s

=== P1E_S4_C3 train[5] k=3  dim=576  frames=76  σ=0.25  fold=7 ===
  OSC: k_hat=3  ACC=0.9605  NMI=0.8885  ARI=0.8936  0.2s

=== P1E_S4_C3 train[6] k=3  dim=576  frames=106  σ=0.25  fold=7 ===
  OSC: k_hat=3  ACC=0.6792  NMI=0.7026  ARI=0.5568  0.3s

=== P1L_S1_C1 train[0] k=3  dim=576  frames=162  σ=0.25  fold=7 ===
  OSC: k_hat=3  ACC=1.0000  NMI=1.0000  ARI=1.0000  0.5s

=== P1L_S1_C1 train[1] k=3  dim=576  frames=170  σ=0.25  fold=7 ===
  OSC: k_hat=3  ACC=0.7647  NMI=0.6747  ARI=0.4861  0.6s

=== P1L_S1_C1 train[2] k=3  dim=576  frames=155  σ=0.25  fold=7 ===
  OSC: k_hat=3  ACC=1.0000  NMI=1.0000  ARI=1.0000  0.5s

=== P1L_S1_C1 train[3] k=3  dim=576  frames=182  σ=0.25  fold=7 ===
  OSC: k_hat=3  ACC=0.9945  NMI=0.9745  ARI=0.9840  0.7s

=== P1L_S1_C1 train[4] k=3  dim=576  frames=198  σ=0.25  fold=7 ===
  OSC: k_hat=3  ACC=0.7323  NMI=0.6955  ARI=0.5444  0.7s

=== P1L_S1_C1 train[5] k=3  dim=576  frames=166  σ=0.25  fold=7 ===
  OSC: k_hat=3  ACC=1.0000  NMI=1.0000  ARI=1.0000  0.5s

=== P1L_S1_C1 train[6] k=3  dim=576  frames=116  σ=0.25  fold=7 ===
  OSC: k_hat=3  ACC=0.5517  NMI=0.5057  ARI=0.3338  0.3s

=== P1L_S1_C2 train[0] k=3  dim=576  frames=186  σ=0.25  fold=7 ===
  OSC: k_hat=3  ACC=0.7688  NMI=0.6813  ARI=0.5085  0.7s

=== P1L_S1_C2 train[1] k=3  dim=576  frames=137  σ=0.25  fold=7 ===
  OSC: k_hat=3  ACC=0.8029  NMI=0.7019  ARI=0.5528  0.4s

=== P1L_S1_C2 train[2] k=3  dim=576  frames=147  σ=0.25  fold=7 ===
  OSC: k_hat=3  ACC=1.0000  NMI=1.0000  ARI=1.0000  0.5s

=== P1L_S1_C2 train[3] k=3  dim=576  frames=181  σ=0.25  fold=7 ===
  OSC: k_hat=3  ACC=0.8343  NMI=0.7285  ARI=0.6043  0.7s

=== P1L_S1_C2 train[4] k=3  dim=576  frames=128  σ=0.25  fold=7 ===
  OSC: k_hat=3  ACC=0.5625  NMI=0.6666  ARI=0.4689  0.4s

=== P1L_S1_C2 train[5] k=3  dim=576  frames=154  σ=0.25  fold=7 ===
  OSC: k_hat=3  ACC=0.5065  NMI=0.6566  ARI=0.4500  0.5s

=== P1L_S1_C2 train[6] k=3  dim=576  frames=142  σ=0.25  fold=7 ===
  OSC: k_hat=3  ACC=0.8239  NMI=0.7102  ARI=0.5692  0.4s

=== P1L_S1_C3 train[0] k=3  dim=576  frames=60  σ=0.25  fold=7 ===
  OSC: k_hat=3  ACC=0.5167  NMI=0.6515  ARI=0.4364  0.1s

=== P1L_S1_C3 train[1] k=3  dim=576  frames=68  σ=0.25  fold=7 ===
  OSC: k_hat=3  ACC=1.0000  NMI=1.0000  ARI=1.0000  0.2s

=== P1L_S1_C3 train[2] k=3  dim=576  frames=65  σ=0.25  fold=7 ===
  OSC: k_hat=3  ACC=1.0000  NMI=1.0000  ARI=1.0000  0.2s

=== P1L_S1_C3 train[3] k=3  dim=576  frames=74  σ=0.25  fold=7 ===
  OSC: k_hat=3  ACC=0.5541  NMI=0.6640  ARI=0.4617  0.2s

=== P1L_S1_C3 train[4] k=3  dim=576  frames=73  σ=0.25  fold=7 ===
  OSC: k_hat=3  ACC=0.6301  NMI=0.6672  ARI=0.4815  0.2s

=== P1L_S1_C3 train[5] k=3  dim=576  frames=64  σ=0.25  fold=7 ===
  OSC: k_hat=3  ACC=0.8281  NMI=0.7423  ARI=0.6374  0.1s

=== P1L_S1_C3 train[6] k=3  dim=576  frames=63  σ=0.25  fold=7 ===
  OSC: k_hat=3  ACC=0.6190  NMI=0.6736  ARI=0.5014  0.1s

=== P1L_S2_C1 train[0] k=3  dim=576  frames=211  σ=0.25  fold=7 ===
  OSC: k_hat=3  ACC=0.8199  NMI=0.7231  ARI=0.6077  0.8s

=== P1L_S2_C1 train[1] k=3  dim=576  frames=190  σ=0.25  fold=7 ===
  OSC: k_hat=3  ACC=0.7211  NMI=0.6714  ARI=0.4890  0.7s

=== P1L_S2_C1 train[2] k=3  dim=576  frames=180  σ=0.25  fold=7 ===
  OSC: k_hat=3  ACC=1.0000  NMI=1.0000  ARI=1.0000  0.7s

=== P1L_S2_C1 train[3] k=3  dim=576  frames=177  σ=0.25  fold=7 ===
  OSC: k_hat=3  ACC=0.8362  NMI=0.6582  ARI=0.5876  0.6s

=== P1L_S2_C1 train[4] k=3  dim=576  frames=172  σ=0.25  fold=7 ===
  OSC: k_hat=3  ACC=0.9709  NMI=0.9104  ARI=0.9305  0.6s

=== P1L_S2_C1 train[5] k=3  dim=576  frames=179  σ=0.25  fold=7 ===
  OSC: k_hat=3  ACC=1.0000  NMI=1.0000  ARI=1.0000  0.6s

=== P1L_S2_C1 train[6] k=3  dim=576  frames=180  σ=0.25  fold=7 ===
  OSC: k_hat=3  ACC=0.4944  NMI=0.2521  ARI=0.0513  0.7s

=== P1L_S2_C2 train[0] k=3  dim=576  frames=194  σ=0.25  fold=7 ===
  OSC: k_hat=3  ACC=0.9897  NMI=0.9537  ARI=0.9641  0.7s

=== P1L_S2_C2 train[1] k=3  dim=576  frames=155  σ=0.25  fold=7 ===
  OSC: k_hat=3  ACC=1.0000  NMI=1.0000  ARI=1.0000  0.5s

=== P1L_S2_C2 train[2] k=3  dim=576  frames=134  σ=0.25  fold=7 ===
  OSC: k_hat=3  ACC=1.0000  NMI=1.0000  ARI=1.0000  0.4s

=== P1L_S2_C2 train[3] k=3  dim=576  frames=186  σ=0.25  fold=7 ===
  OSC: k_hat=3  ACC=0.9570  NMI=0.8560  ARI=0.8853  0.7s

=== P1L_S2_C2 train[4] k=3  dim=576  frames=201  σ=0.25  fold=7 ===
  OSC: k_hat=3  ACC=0.9900  NMI=0.9582  ARI=0.9683  0.7s

=== P1L_S2_C2 train[5] k=3  dim=576  frames=171  σ=0.25  fold=7 ===
  OSC: k_hat=3  ACC=0.8363  NMI=0.7362  ARI=0.6178  0.6s

=== P1L_S2_C2 train[6] k=3  dim=576  frames=160  σ=0.25  fold=7 ===
  OSC: k_hat=3  ACC=0.8000  NMI=0.7446  ARI=0.6793  0.6s

=== P1L_S2_C3 train[0] k=3  dim=576  frames=119  σ=0.25  fold=7 ===
  OSC: k_hat=3  ACC=1.0000  NMI=1.0000  ARI=1.0000  0.4s

=== P1L_S2_C3 train[1] k=3  dim=576  frames=101  σ=0.25  fold=7 ===
  OSC: k_hat=3  ACC=0.9901  NMI=0.9577  ARI=0.9692  0.3s

=== P1L_S2_C3 train[2] k=3  dim=576  frames=85  σ=0.25  fold=7 ===
  OSC: k_hat=3  ACC=1.0000  NMI=1.0000  ARI=1.0000  0.2s

=== P1L_S2_C3 train[3] k=3  dim=576  frames=112  σ=0.25  fold=7 ===
  OSC: k_hat=3  ACC=0.5893  NMI=0.6656  ARI=0.4708  0.3s

=== P1L_S2_C3 train[4] k=3  dim=576  frames=126  σ=0.25  fold=7 ===
  OSC: k_hat=3  ACC=0.8413  NMI=0.7417  ARI=0.6278  0.4s

=== P1L_S2_C3 train[5] k=3  dim=576  frames=102  σ=0.25  fold=7 ===
  OSC: k_hat=3  ACC=0.5392  NMI=0.6485  ARI=0.4410  0.3s

=== P1L_S2_C3 train[6] k=3  dim=576  frames=121  σ=0.25  fold=7 ===
  OSC: k_hat=3  ACC=0.9091  NMI=0.7880  ARI=0.7781  0.3s

=== P1L_S3_C1 train[0] k=3  dim=576  frames=156  σ=0.25  fold=7 ===
  OSC: k_hat=3  ACC=0.4295  NMI=0.2486  ARI=0.0025  0.5s

=== P1L_S3_C1 train[1] k=3  dim=576  frames=120  σ=0.25  fold=7 ===
  OSC: k_hat=3  ACC=1.0000  NMI=1.0000  ARI=1.0000  0.3s

=== P1L_S3_C1 train[2] k=3  dim=576  frames=185  σ=0.25  fold=7 ===
  OSC: k_hat=3  ACC=0.9730  NMI=0.9128  ARI=0.9200  0.7s

=== P1L_S3_C1 train[3] k=3  dim=576  frames=156  σ=0.25  fold=7 ===
  OSC: k_hat=3  ACC=0.6474  NMI=0.6812  ARI=0.5139  0.5s

=== P1L_S3_C1 train[4] k=3  dim=576  frames=159  σ=0.25  fold=7 ===
  OSC: k_hat=3  ACC=0.9245  NMI=0.7727  ARI=0.7932  0.5s

=== P1L_S3_C1 train[5] k=3  dim=576  frames=172  σ=0.25  fold=7 ===
  OSC: k_hat=3  ACC=0.8430  NMI=0.7461  ARI=0.6424  0.6s

=== P1L_S3_C1 train[6] k=3  dim=576  frames=176  σ=0.25  fold=7 ===
  OSC: k_hat=3  ACC=0.6989  NMI=0.6232  ARI=0.4026  0.6s

=== P1L_S3_C2 train[0] k=3  dim=576  frames=185  σ=0.25  fold=7 ===
  OSC: k_hat=3  ACC=0.8595  NMI=0.6704  ARI=0.6228  0.6s

=== P1L_S3_C2 train[1] k=3  dim=576  frames=125  σ=0.25  fold=7 ===
  OSC: k_hat=3  ACC=0.8240  NMI=0.6896  ARI=0.6227  0.4s

=== P1L_S3_C2 train[2] k=3  dim=576  frames=166  σ=0.25  fold=7 ===
  OSC: k_hat=3  ACC=1.0000  NMI=1.0000  ARI=1.0000  0.6s

=== P1L_S3_C2 train[3] k=3  dim=576  frames=209  σ=0.25  fold=7 ===
  OSC: k_hat=3  ACC=0.7512  NMI=0.5433  ARI=0.4390  0.7s

=== P1L_S3_C2 train[4] k=3  dim=576  frames=168  σ=0.25  fold=7 ===
  OSC: k_hat=3  ACC=0.6488  NMI=0.6705  ARI=0.5211  0.5s

=== P1L_S3_C2 train[5] k=3  dim=576  frames=187  σ=0.25  fold=7 ===
  OSC: k_hat=3  ACC=0.5508  NMI=0.6596  ARI=0.4583  0.6s

=== P1L_S3_C2 train[6] k=3  dim=576  frames=229  σ=0.25  fold=7 ===
  OSC: k_hat=3  ACC=0.4978  NMI=0.6147  ARI=0.4261  0.8s

=== P1L_S3_C3 train[0] k=3  dim=576  frames=151  σ=0.25  fold=7 ===
  OSC: k_hat=3  ACC=0.9934  NMI=0.9670  ARI=0.9779  0.4s

=== P1L_S3_C3 train[1] k=3  dim=576  frames=118  σ=0.25  fold=7 ===
  OSC: k_hat=3  ACC=0.8983  NMI=0.7946  ARI=0.7354  0.3s

=== P1L_S3_C3 train[2] k=3  dim=576  frames=121  σ=0.25  fold=7 ===
  OSC: k_hat=3  ACC=1.0000  NMI=1.0000  ARI=1.0000  0.3s

=== P1L_S3_C3 train[3] k=3  dim=576  frames=142  σ=0.25  fold=7 ===
  OSC: k_hat=3  ACC=1.0000  NMI=1.0000  ARI=1.0000  0.4s

=== P1L_S3_C3 train[4] k=3  dim=576  frames=134  σ=0.25  fold=7 ===
  OSC: k_hat=3  ACC=0.8507  NMI=0.7327  ARI=0.6091  0.4s

=== P1L_S3_C3 train[5] k=3  dim=576  frames=110  σ=0.25  fold=7 ===
  OSC: k_hat=3  ACC=0.8636  NMI=0.7613  ARI=0.6732  0.3s

=== P1L_S3_C3 train[6] k=3  dim=576  frames=161  σ=0.25  fold=7 ===
  OSC: k_hat=3  ACC=0.8323  NMI=0.7023  ARI=0.6433  0.5s

=== P1L_S4_C1 train[0] k=3  dim=576  frames=200  σ=0.25  fold=7 ===
  OSC: k_hat=3  ACC=0.9500  NMI=0.8658  ARI=0.8583  0.6s

=== P1L_S4_C1 train[1] k=3  dim=576  frames=157  σ=0.25  fold=7 ===
  OSC: k_hat=3  ACC=1.0000  NMI=1.0000  ARI=1.0000  0.5s

=== P1L_S4_C1 train[2] k=3  dim=576  frames=154  σ=0.25  fold=7 ===
  OSC: k_hat=3  ACC=1.0000  NMI=1.0000  ARI=1.0000  0.5s

=== P1L_S4_C1 train[3] k=3  dim=576  frames=168  σ=0.25  fold=7 ===
  OSC: k_hat=3  ACC=0.8810  NMI=0.7606  ARI=0.6645  0.5s

=== P1L_S4_C1 train[4] k=3  dim=576  frames=142  σ=0.25  fold=7 ===
  OSC: k_hat=3  ACC=1.0000  NMI=1.0000  ARI=1.0000  0.4s

=== P1L_S4_C1 train[5] k=3  dim=576  frames=164  σ=0.25  fold=7 ===
  OSC: k_hat=3  ACC=0.9573  NMI=0.8816  ARI=0.8804  0.5s

=== P1L_S4_C1 train[6] k=3  dim=576  frames=187  σ=0.25  fold=7 ===
  OSC: k_hat=3  ACC=0.7273  NMI=0.6489  ARI=0.4550  0.6s

=== P1L_S4_C2 train[0] k=3  dim=576  frames=157  σ=0.25  fold=7 ===
  OSC: k_hat=3  ACC=0.7771  NMI=0.6675  ARI=0.4827  0.5s

=== P1L_S4_C2 train[1] k=3  dim=576  frames=149  σ=0.25  fold=7 ===
  OSC: k_hat=3  ACC=0.9329  NMI=0.8326  ARI=0.7976  0.4s

=== P1L_S4_C2 train[2] k=3  dim=576  frames=175  σ=0.25  fold=7 ===
  OSC: k_hat=3  ACC=1.0000  NMI=1.0000  ARI=1.0000  0.6s

=== P1L_S4_C2 train[3] k=3  dim=576  frames=168  σ=0.25  fold=7 ===
  OSC: k_hat=3  ACC=0.8571  NMI=0.7125  ARI=0.6257  1.1s

=== P1L_S4_C2 train[4] k=3  dim=576  frames=154  σ=0.25  fold=7 ===
  OSC: k_hat=3  ACC=1.0000  NMI=1.0000  ARI=1.0000  0.5s

=== P1L_S4_C2 train[5] k=3  dim=576  frames=152  σ=0.25  fold=7 ===
  OSC: k_hat=3  ACC=0.8618  NMI=0.7611  ARI=0.6804  0.5s

=== P1L_S4_C2 train[6] k=3  dim=576  frames=169  σ=0.25  fold=7 ===
  OSC: k_hat=3  ACC=0.5976  NMI=0.6663  ARI=0.4796  0.5s

=== P1L_S4_C3 train[0] k=3  dim=576  frames=96  σ=0.25  fold=7 ===
  OSC: k_hat=3  ACC=1.0000  NMI=1.0000  ARI=1.0000  0.2s

=== P1L_S4_C3 train[1] k=3  dim=576  frames=107  σ=0.25  fold=7 ===
  OSC: k_hat=3  ACC=0.9907  NMI=0.9584  ARI=0.9678  0.3s

=== P1L_S4_C3 train[2] k=3  dim=576  frames=94  σ=0.25  fold=7 ===
  OSC: k_hat=3  ACC=1.0000  NMI=1.0000  ARI=1.0000  0.2s

=== P1L_S4_C3 train[3] k=3  dim=576  frames=117  σ=0.25  fold=7 ===
  OSC: k_hat=3  ACC=0.6496  NMI=0.6668  ARI=0.4969  0.3s

=== P1L_S4_C3 train[4] k=3  dim=576  frames=112  σ=0.25  fold=7 ===
  OSC: k_hat=3  ACC=0.7857  NMI=0.7122  ARI=0.5675  0.3s

=== P1L_S4_C3 train[5] k=3  dim=576  frames=103  σ=0.25  fold=7 ===
  OSC: k_hat=3  ACC=0.5631  NMI=0.6430  ARI=0.4371  0.3s

=== P1L_S4_C3 train[6] k=3  dim=576  frames=105  σ=0.25  fold=7 ===
  OSC: k_hat=3  ACC=0.5143  NMI=0.6557  ARI=0.4468  0.3s

=== P1E_S1_C1 test[0] k=3  dim=576  frames=171  σ=0.25  fold=7 ===
  OSC: k_hat=3  ACC=0.9942  NMI=0.9732  ARI=0.9831  0.6s

=== P1E_S1_C2 test[0] k=3  dim=576  frames=134  σ=0.25  fold=7 ===
  OSC: k_hat=3  ACC=0.9776  NMI=0.9247  ARI=0.9355  0.4s

=== P1E_S1_C3 test[0] k=3  dim=576  frames=69  σ=0.25  fold=7 ===
  OSC: k_hat=3  ACC=0.9420  NMI=0.8181  ARI=0.8290  0.2s

=== P1E_S2_C1 test[0] k=3  dim=576  frames=153  σ=0.25  fold=7 ===
  OSC: k_hat=3  ACC=0.9935  NMI=0.9709  ARI=0.9811  0.5s

=== P1E_S2_C2 test[0] k=3  dim=576  frames=126  σ=0.25  fold=7 ===
  OSC: k_hat=3  ACC=0.9762  NMI=0.9207  ARI=0.9308  0.4s

=== P1E_S2_C3 test[0] k=3  dim=576  frames=89  σ=0.25  fold=7 ===
  OSC: k_hat=3  ACC=0.9775  NMI=0.9248  ARI=0.9383  0.2s

=== P1E_S3_C1 test[0] k=3  dim=576  frames=112  σ=0.25  fold=7 ===
  OSC: k_hat=3  ACC=0.5625  NMI=0.6127  ARI=0.4282  0.3s

=== P1E_S3_C2 test[0] k=3  dim=576  frames=114  σ=0.25  fold=7 ===
  OSC: k_hat=3  ACC=0.9825  NMI=0.9242  ARI=0.9544  0.3s

=== P1E_S3_C3 test[0] k=3  dim=576  frames=84  σ=0.25  fold=7 ===
  OSC: k_hat=3  ACC=0.9881  NMI=0.9523  ARI=0.9667  0.2s

=== P1E_S4_C1 test[0] k=3  dim=576  frames=145  σ=0.25  fold=7 ===
  OSC: k_hat=3  ACC=0.9862  NMI=0.9476  ARI=0.9615  0.4s

=== P1E_S4_C2 test[0] k=3  dim=576  frames=110  σ=0.25  fold=7 ===
  OSC: k_hat=3  ACC=0.9909  NMI=0.9623  ARI=0.9753  0.3s

=== P1E_S4_C3 test[0] k=3  dim=576  frames=79  σ=0.25  fold=7 ===
  OSC: k_hat=3  ACC=0.9873  NMI=0.9513  ARI=0.9638  0.2s

=== P1L_S1_C1 test[0] k=3  dim=576  frames=175  σ=0.25  fold=7 ===
  OSC: k_hat=3  ACC=1.0000  NMI=1.0000  ARI=1.0000  0.6s

=== P1L_S1_C2 test[0] k=3  dim=576  frames=168  σ=0.25  fold=7 ===
  OSC: k_hat=3  ACC=0.9940  NMI=0.9731  ARI=0.9837  0.6s

=== P1L_S1_C3 test[0] k=3  dim=576  frames=75  σ=0.25  fold=7 ===
  OSC: k_hat=3  ACC=0.9867  NMI=0.9474  ARI=0.9569  0.2s

=== P1L_S2_C1 test[0] k=3  dim=576  frames=133  σ=0.25  fold=7 ===
  OSC: k_hat=3  ACC=1.0000  NMI=1.0000  ARI=1.0000  0.4s

=== P1L_S2_C2 test[0] k=3  dim=576  frames=154  σ=0.25  fold=7 ===
  OSC: k_hat=3  ACC=1.0000  NMI=1.0000  ARI=1.0000  0.5s

=== P1L_S2_C3 test[0] k=3  dim=576  frames=99  σ=0.25  fold=7 ===
  OSC: k_hat=3  ACC=0.9697  NMI=0.9066  ARI=0.9152  0.3s

=== P1L_S3_C1 test[0] k=3  dim=576  frames=134  σ=0.25  fold=7 ===
  OSC: k_hat=3  ACC=0.9925  NMI=0.9658  ARI=0.9752  0.7s

=== P1L_S3_C2 test[0] k=3  dim=576  frames=136  σ=0.25  fold=7 ===
  OSC: k_hat=3  ACC=1.0000  NMI=1.0000  ARI=1.0000  0.4s

=== P1L_S3_C3 test[0] k=3  dim=576  frames=114  σ=0.25  fold=7 ===
  OSC: k_hat=3  ACC=0.9912  NMI=0.9630  ARI=0.9763  0.3s

=== P1L_S4_C1 test[0] k=3  dim=576  frames=202  σ=0.25  fold=7 ===
  OSC: k_hat=3  ACC=1.0000  NMI=1.0000  ARI=1.0000  0.8s

=== P1L_S4_C2 test[0] k=3  dim=576  frames=153  σ=0.25  fold=7 ===
  OSC: k_hat=3  ACC=0.9869  NMI=0.9501  ARI=0.9666  0.5s

=== P1L_S4_C3 test[0] k=3  dim=576  frames=107  σ=0.25  fold=7 ===
  OSC: k_hat=3  ACC=0.9813  NMI=0.9338  ARI=0.9463  0.3s

=== inference time per method ===
  OSC: mean=0.3440s  std=0.1386s  total=528.4s  n=1536
wrote /nfs/turbo/umms-minjilab/lpullela/icassp_ssc_tv2/block_ssc_benchmark/cv/results/surveillance/split_k3_sigmas_min30_trials20_knownk_cv_osc_k3_sigma0p25_timing.json

=== mean over matrices ===
  OSC train σ=0.25: ACC=0.8529  NMI=0.8121  ARI=0.7448  n=1344
  OSC test σ=0.25: ACC=0.8527  NMI=0.8124  ARI=0.7452  n=192

wrote /nfs/turbo/umms-minjilab/lpullela/icassp_ssc_tv2/block_ssc_benchmark/cv/results/surveillance/split_k3_sigmas_min30_trials20_knownk_cv_osc_k3_sigma0p25.csv
end=Mon Sep  7 03:08:09 EDT 2026
Experiment completed!
