========================================
Job: cv_ssc_block_tv_col21_k3_s0p5
Method: SSC-Block-TV-Col21  k: 3  sigma: 0.5  tune_pool_groups: 20
========================================
host=gl3268.arc-ts.umich.edu  python=/home/lpullela/miniconda3/envs/ssc_559/bin/python  start=Sun Sep  6 18:11:32 EDT 2026
Loading P1E_S1_C1
  Y: (576, 1236)  people=25  frames/person=[60, 61, 50, 48, 51, 35, 41, 56, 55, 49, 65, 50, 63, 38, 61, 48, 50, 49, 50, 30, 42, 60, 32, 39, 53]  min=30
Loading P1E_S1_C2
  Y: (576, 1031)  people=25  frames/person=[42, 48, 31, 35, 50, 45, 30, 32, 38, 40, 61, 41, 47, 33, 46, 36, 41, 45, 42, 36, 33, 50, 53, 33, 43]  min=30
Loading P1E_S1_C3
  Y: (576, 453)  people=25  frames/person=[15, 22, 16, 16, 17, 13, 14, 19, 14, 25, 26, 12, 21, 18, 22, 19, 13, 19, 16, 15, 8, 15, 30, 20, 28]  min=8
  warning: 24 people have fewer than 30 available frames (kept all)
Loading P1E_S2_C1
  Y: (576, 1256)  people=25  frames/person=[65, 50, 50, 51, 53, 48, 49, 60, 33, 48, 61, 58, 52, 32, 55, 35, 45, 53, 40, 53, 51, 65, 64, 42, 43]  min=32
Loading P1E_S2_C2
  Y: (576, 1042)  people=25  frames/person=[33, 48, 38, 41, 53, 36, 39, 47, 51, 36, 55, 44, 43, 25, 42, 41, 37, 45, 41, 38, 40, 54, 49, 33, 33]  min=25
  warning: 1 people have fewer than 30 available frames (kept all)
Loading P1E_S2_C3
  Y: (576, 816)  people=25  frames/person=[36, 33, 28, 32, 42, 37, 31, 36, 31, 23, 42, 36, 35, 20, 33, 33, 32, 32, 32, 29, 32, 42, 38, 27, 24]  min=20
  warning: 6 people have fewer than 30 available frames (kept all)
Loading P1E_S3_C1
  Y: (576, 1255)  people=25  frames/person=[43, 39, 47, 52, 58, 96, 42, 31, 79, 33, 67, 55, 44, 34, 40, 48, 54, 77, 45, 41, 46, 53, 56, 38, 37]  min=31
Loading P1E_S3_C2
  Y: (576, 1126)  people=25  frames/person=[57, 56, 35, 40, 49, 75, 34, 40, 70, 26, 65, 54, 43, 28, 32, 43, 48, 31, 36, 33, 42, 71, 57, 30, 31]  min=26
  warning: 2 people have fewer than 30 available frames (kept all)
Loading P1E_S3_C3
  Y: (576, 866)  people=25  frames/person=[43, 36, 24, 33, 37, 47, 29, 37, 55, 18, 40, 40, 31, 22, 30, 39, 35, 45, 30, 28, 30, 50, 42, 20, 25]  min=18
  warning: 7 people have fewer than 30 available frames (kept all)
Loading P1E_S4_C1
  Y: (576, 1247)  people=25  frames/person=[58, 54, 34, 56, 50, 59, 50, 56, 74, 38, 75, 35, 46, 31, 53, 40, 57, 32, 56, 33, 48, 67, 59, 48, 38]  min=31
Loading P1E_S4_C2
  Y: (576, 1051)  people=25  frames/person=[37, 37, 41, 46, 41, 49, 38, 45, 65, 30, 39, 48, 50, 34, 43, 36, 47, 52, 45, 37, 38, 50, 30, 37, 36]  min=30
Loading P1E_S4_C3
  Y: (576, 719)  people=25  frames/person=[28, 29, 22, 29, 24, 36, 31, 29, 33, 25, 37, 19, 28, 21, 25, 27, 25, 41, 27, 29, 26, 31, 45, 29, 23]  min=19
  warning: 18 people have fewer than 30 available frames (kept all)
Loading P1L_S1_C1
  Y: (576, 1391)  people=25  frames/person=[65, 68, 43, 64, 47, 40, 58, 33, 75, 41, 58, 72, 58, 49, 66, 67, 65, 43, 59, 57, 58, 51, 67, 32, 55]  min=32
Loading P1L_S1_C2
  Y: (576, 1309)  people=25  frames/person=[30, 65, 37, 63, 66, 54, 52, 52, 43, 49, 71, 49, 58, 48, 54, 66, 56, 36, 48, 49, 55, 66, 52, 39, 51]  min=30
Loading P1L_S1_C3
  Y: (576, 565)  people=25  frames/person=[27, 29, 20, 26, 19, 25, 22, 12, 28, 25, 20, 25, 23, 18, 21, 23, 25, 26, 23, 21, 18, 18, 30, 18, 23]  min=12
  warning: 24 people have fewer than 30 available frames (kept all)
Loading P1L_S2_C1
  Y: (576, 1470)  people=25  frames/person=[73, 68, 53, 64, 65, 41, 73, 55, 37, 31, 82, 75, 63, 45, 34, 48, 74, 84, 71, 64, 62, 65, 48, 33, 62]  min=31
Loading P1L_S2_C2
  Y: (576, 1393)  people=25  frames/person=[64, 65, 49, 62, 69, 69, 63, 61, 80, 34, 89, 57, 53, 52, 55, 38, 30, 30, 66, 36, 57, 51, 73, 41, 49]  min=30
Loading P1L_S2_C3
  Y: (576, 897)  people=25  frames/person=[40, 36, 29, 28, 35, 37, 36, 36, 50, 28, 55, 46, 34, 31, 35, 32, 30, 48, 37, 29, 36, 39, 45, 19, 26]  min=19
  warning: 6 people have fewer than 30 available frames (kept all)
Loading P1L_S3_C1
  Y: (576, 1329)  people=25  frames/person=[31, 33, 30, 51, 74, 75, 59, 65, 66, 43, 47, 39, 65, 50, 58, 71, 67, 36, 57, 35, 62, 31, 74, 59, 51]  min=30
Loading P1L_S3_C2
  Y: (576, 1472)  people=25  frames/person=[78, 38, 48, 51, 54, 71, 61, 71, 32, 50, 75, 38, 72, 63, 48, 67, 49, 87, 52, 56, 58, 85, 73, 56, 39]  min=32
Loading P1L_S3_C3
  Y: (576, 1105)  people=25  frames/person=[48, 44, 38, 38, 39, 45, 35, 55, 52, 26, 81, 39, 36, 36, 44, 54, 42, 61, 38, 31, 34, 53, 51, 44, 41]  min=26
  warning: 1 people have fewer than 30 available frames (kept all)
Loading P1L_S4_C1
  Y: (576, 1443)  people=25  frames/person=[50, 69, 44, 41, 78, 43, 32, 71, 45, 65, 59, 39, 56, 57, 68, 69, 70, 73, 51, 63, 47, 70, 57, 52, 74]  min=32
Loading P1L_S4_C2
  Y: (576, 1327)  people=25  frames/person=[71, 34, 39, 54, 63, 67, 52, 39, 52, 56, 59, 50, 51, 53, 63, 50, 71, 63, 48, 35, 31, 71, 43, 52, 60]  min=31
Loading P1L_S4_C3
  Y: (576, 880)  people=25  frames/person=[37, 41, 23, 26, 32, 34, 22, 32, 50, 29, 38, 44, 31, 34, 37, 39, 39, 39, 38, 26, 25, 50, 41, 33, 40]  min=22
  warning: 6 people have fewer than 30 available frames (kept all)
sequences=24  people=25  k=3
frames/person ~ Unif[30, 100]
down_hw=24  sigmas=(0.5,)  n_trials=20  known_k=True  csv=split_k3_sigmas_min30_trials20_knownk_cv_ssc_block_tv_col21_k3_sigma0p5.csv
SSC-Block-TV block_size searched in [2, 12]
CV mode: 8 folds of size 3, each rotated as test
  1 people unused (remainder dropped)
  group 0: ['0006', '0013', '0022']
  group 1: ['0004', '0014', '0027']
  group 2: ['0009', '0019', '0026']
  group 3: ['0005', '0024', '0025']
  group 4: ['0001', '0011', '0023']
  group 5: ['0015', '0016', '0021']
  group 6: ['0007', '0010', '0020']
  group 7: ['0003', '0012', '0017']
methods=['SSC-Block-TV-Col21']  append=False  hetero_noise=False  no_tune=False
  tune_pool_groups=20: sampling from 22 held-in people (overlap allowed) instead of the 7 fixed partition group(s)

============================================================
σ=0.5 fold=0  test=['0006', '0013', '0022']  train mats=168  test mats=24  tune mats=480
  --- tune SSC-Block-TV-Col21 over 480 train mats  n_trials=40 (4 params) ---
  SSC-Block-TV-Col21 trial 0: mean ARI=0.3962  n=480  112.8s  lambda_e=1, lambda_z=0.1, gamma_q=0.1, block_size=5
  SSC-Block-TV-Col21 trial 1: mean ARI=0.3588  n=480  109.8s  lambda_e=0.443, lambda_z=0.7257, gamma_q=0.2577, block_size=7
  SSC-Block-TV-Col21 trial 2: mean ARI=0.4121  n=480  100.1s  lambda_e=0.1866, lambda_z=0.3833, gamma_q=0.05628, block_size=11
  SSC-Block-TV-Col21 trial 3: mean ARI=0.3497  n=480  102.9s  lambda_e=7.78, lambda_z=0.03418, gamma_q=1.469, block_size=7
  SSC-Block-TV-Col21 trial 4: mean ARI=0.5331  n=480  100.5s  lambda_e=0.506, lambda_z=5.039, gamma_q=0.001924, block_size=2
  SSC-Block-TV-Col21 trial 5: mean ARI=0.2899  n=480  96.9s  lambda_e=0.0115, lambda_z=2.14, gamma_q=1.296, block_size=11
  SSC-Block-TV-Col21 trial 6: mean ARI=0.4022  n=480  93.5s  lambda_e=8.627, lambda_z=1.573, gamma_q=0.07013, block_size=10
  SSC-Block-TV-Col21 trial 7: mean ARI=0.6148  n=480  95.7s  lambda_e=0.02264, lambda_z=0.3628, gamma_q=0.003745, block_size=12
  SSC-Block-TV-Col21 trial 8: mean ARI=0.6030  n=480  99.4s  lambda_e=0.3677, lambda_z=0.04557, gamma_q=0.01143, block_size=10
  SSC-Block-TV-Col21 trial 9: mean ARI=0.5467  n=480  93.2s  lambda_e=0.2336, lambda_z=0.1878, gamma_q=0.001189, block_size=8
  SSC-Block-TV-Col21 trial 10: mean ARI=0.3457  n=480  103.6s  lambda_e=0.01151, lambda_z=0.001661, gamma_q=6.473, block_size=2
  SSC-Block-TV-Col21 trial 11: mean ARI=0.6074  n=480  97.1s  lambda_e=0.06092, lambda_z=0.01492, gamma_q=0.01117, block_size=12
  SSC-Block-TV-Col21 trial 12: mean ARI=0.6200  n=480  111.4s  lambda_e=0.03813, lambda_z=0.00583, gamma_q=0.007807, block_size=12
  SSC-Block-TV-Col21 trial 13: mean ARI=0.5844  n=480  106.1s  lambda_e=0.04002, lambda_z=0.002743, gamma_q=0.00657, block_size=12
  SSC-Block-TV-Col21 trial 14: mean ARI=0.6510  n=480  100.1s  lambda_e=0.04355, lambda_z=0.005487, gamma_q=0.005404, block_size=9
  SSC-Block-TV-Col21 trial 15: mean ARI=0.5300  n=480  98.1s  lambda_e=0.09427, lambda_z=0.005633, gamma_q=0.01881, block_size=9
  SSC-Block-TV-Col21 trial 16: mean ARI=0.4956  n=480  97.2s  lambda_e=0.0317, lambda_z=0.007105, gamma_q=0.02235, block_size=5
  SSC-Block-TV-Col21 trial 17: mean ARI=0.5554  n=480  98.2s  lambda_e=0.1058, lambda_z=0.001319, gamma_q=0.003898, block_size=9
  SSC-Block-TV-Col21 trial 18: mean ARI=0.5190  n=480  102.2s  lambda_e=1.931, lambda_z=0.02103, gamma_q=0.02865, block_size=5
  SSC-Block-TV-Col21 trial 19: mean ARI=0.4556  n=480  104.6s  lambda_e=0.02137, lambda_z=0.005239, gamma_q=0.2784, block_size=7
  SSC-Block-TV-Col21 trial 20: mean ARI=0.7032  n=480  94.8s  lambda_e=0.08103, lambda_z=0.01082, gamma_q=0.001001, block_size=10
  SSC-Block-TV-Col21 trial 21: mean ARI=0.7020  n=480  97.8s  lambda_e=0.06746, lambda_z=0.01166, gamma_q=0.001057, block_size=10
  SSC-Block-TV-Col21 trial 22: mean ARI=0.7073  n=480  97.4s  lambda_e=0.1069, lambda_z=0.01329, gamma_q=0.001013, block_size=9
  SSC-Block-TV-Col21 trial 23: mean ARI=0.6146  n=480  93.1s  lambda_e=0.1095, lambda_z=0.06681, gamma_q=0.001035, block_size=10
  SSC-Block-TV-Col21 trial 24: mean ARI=0.7048  n=480  95.3s  lambda_e=0.07533, lambda_z=0.01614, gamma_q=0.00223, block_size=8
  SSC-Block-TV-Col21 trial 25: mean ARI=0.6832  n=480  93.5s  lambda_e=0.1967, lambda_z=0.02566, gamma_q=0.002564, block_size=8
  SSC-Block-TV-Col21 trial 26: mean ARI=0.5885  n=480  99.9s  lambda_e=0.131, lambda_z=0.1109, gamma_q=0.002057, block_size=8
  SSC-Block-TV-Col21 trial 27: mean ARI=0.6483  n=480  73.3s  lambda_e=0.8709, lambda_z=0.002682, gamma_q=0.002607, block_size=6
  SSC-Block-TV-Col21 trial 28: mean ARI=0.7104  n=480  72.9s  lambda_e=0.06519, lambda_z=0.01344, gamma_q=0.001695, block_size=9
  SSC-Block-TV-Col21 trial 29: mean ARI=0.7422  n=480  75.6s  lambda_e=0.02114, lambda_z=0.09235, gamma_q=0.001949, block_size=3
  SSC-Block-TV-Col21 trial 30: mean ARI=0.6888  n=480  75.0s  lambda_e=0.01899, lambda_z=0.108, gamma_q=0.004576, block_size=4
  SSC-Block-TV-Col21 trial 31: mean ARI=0.7046  n=480  75.2s  lambda_e=0.05489, lambda_z=0.05736, gamma_q=0.002002, block_size=3
  SSC-Block-TV-Col21 trial 32: mean ARI=0.7006  n=480  73.6s  lambda_e=0.01681, lambda_z=0.01713, gamma_q=0.001932, block_size=6
  SSC-Block-TV-Col21 trial 33: mean ARI=0.6406  n=480  73.7s  lambda_e=0.02817, lambda_z=0.305, gamma_q=0.003393, block_size=7
  SSC-Block-TV-Col21 trial 34: mean ARI=0.6691  n=480  74.6s  lambda_e=0.163, lambda_z=0.02823, gamma_q=0.009685, block_size=4
  SSC-Block-TV-Col21 trial 35: mean ARI=0.4450  n=480  73.2s  lambda_e=0.3855, lambda_z=0.752, gamma_q=0.001599, block_size=11
  SSC-Block-TV-Col21 trial 36: mean ARI=0.6526  n=480  73.0s  lambda_e=0.2781, lambda_z=0.03545, gamma_q=0.005039, block_size=9
  SSC-Block-TV-Col21 trial 37: mean ARI=0.5458  n=480  73.1s  lambda_e=2.71, lambda_z=0.1844, gamma_q=0.001637, block_size=8
  SSC-Block-TV-Col21 trial 38: mean ARI=0.4281  n=480  73.2s  lambda_e=0.05402, lambda_z=0.009739, gamma_q=0.2371, block_size=7
  SSC-Block-TV-Col21 trial 39: mean ARI=0.6324  n=480  72.8s  lambda_e=0.6347, lambda_z=0.002489, gamma_q=0.003142, block_size=11
    best mean ARI=0.7422  tune 3654.6s  lambda_e=0.02114, lambda_z=0.09235, gamma_q=0.001949, block_size=3
  wrote /nfs/turbo/umms-minjilab/lpullela/icassp_ssc_tv2/block_ssc_benchmark/cv/params/surveillance/split_k3_sigmas_min30_trials20_params_knownk_cv_ssc_block_tv_col21_k3_sigma0p5_sigma0.5_fold0.json

=== P1E_S1_C1 train[0] k=3  dim=576  frames=153  σ=0.5  fold=0 ===
  SSC-Block-TV-Col21: k_hat=3  ACC=0.9935  NMI=0.9706  ARI=0.9801  0.2s

=== P1E_S1_C1 train[1] k=3  dim=576  frames=130  σ=0.5  fold=0 ===
  SSC-Block-TV-Col21: k_hat=3  ACC=1.0000  NMI=1.0000  ARI=1.0000  0.1s

=== P1E_S1_C1 train[2] k=3  dim=576  frames=140  σ=0.5  fold=0 ===
  SSC-Block-TV-Col21: k_hat=3  ACC=0.9000  NMI=0.7798  ARI=0.7028  0.2s

=== P1E_S1_C1 train[3] k=3  dim=576  frames=157  σ=0.5  fold=0 ===
  SSC-Block-TV-Col21: k_hat=3  ACC=0.7834  NMI=0.7274  ARI=0.6242  0.2s

=== P1E_S1_C1 train[4] k=3  dim=576  frames=151  σ=0.5  fold=0 ===
  SSC-Block-TV-Col21: k_hat=3  ACC=0.5828  NMI=0.6669  ARI=0.4723  0.2s

=== P1E_S1_C1 train[5] k=3  dim=576  frames=140  σ=0.5  fold=0 ===
  SSC-Block-TV-Col21: k_hat=3  ACC=0.8786  NMI=0.7789  ARI=0.7106  0.2s

=== P1E_S1_C1 train[6] k=3  dim=576  frames=171  σ=0.5  fold=0 ===
  SSC-Block-TV-Col21: k_hat=3  ACC=0.9883  NMI=0.9465  ARI=0.9664  0.2s

=== P1E_S1_C2 train[0] k=3  dim=576  frames=115  σ=0.5  fold=0 ===
  SSC-Block-TV-Col21: k_hat=3  ACC=0.9739  NMI=0.9128  ARI=0.9167  0.1s

=== P1E_S1_C2 train[1] k=3  dim=576  frames=104  σ=0.5  fold=0 ===
  SSC-Block-TV-Col21: k_hat=3  ACC=1.0000  NMI=1.0000  ARI=1.0000  0.1s

=== P1E_S1_C2 train[2] k=3  dim=576  frames=138  σ=0.5  fold=0 ===
  SSC-Block-TV-Col21: k_hat=3  ACC=0.6087  NMI=0.5813  ARI=0.4203  0.2s

=== P1E_S1_C2 train[3] k=3  dim=576  frames=113  σ=0.5  fold=0 ===
  SSC-Block-TV-Col21: k_hat=3  ACC=0.9381  NMI=0.8272  ARI=0.8360  0.1s

=== P1E_S1_C2 train[4] k=3  dim=576  frames=122  σ=0.5  fold=0 ===
  SSC-Block-TV-Col21: k_hat=3  ACC=0.5738  NMI=0.6306  ARI=0.4553  0.1s

=== P1E_S1_C2 train[5] k=3  dim=576  frames=122  σ=0.5  fold=0 ===
  SSC-Block-TV-Col21: k_hat=3  ACC=0.9016  NMI=0.7477  ARI=0.7527  0.1s

=== P1E_S1_C2 train[6] k=3  dim=576  frames=134  σ=0.5  fold=0 ===
  SSC-Block-TV-Col21: k_hat=3  ACC=0.9851  NMI=0.9443  ARI=0.9564  0.2s

=== P1E_S1_C3 train[0] k=3  dim=576  frames=56  σ=0.5  fold=0 ===
  SSC-Block-TV-Col21: k_hat=3  ACC=0.9821  NMI=0.9373  ARI=0.9623  0.1s

=== P1E_S1_C3 train[1] k=3  dim=576  frames=47  σ=0.5  fold=0 ===
  SSC-Block-TV-Col21: k_hat=3  ACC=1.0000  NMI=1.0000  ARI=1.0000  0.0s

=== P1E_S1_C3 train[2] k=3  dim=576  frames=61  σ=0.5  fold=0 ===
  SSC-Block-TV-Col21: k_hat=3  ACC=0.8852  NMI=0.7489  ARI=0.7647  0.1s

=== P1E_S1_C3 train[3] k=3  dim=576  frames=37  σ=0.5  fold=0 ===
  SSC-Block-TV-Col21: k_hat=3  ACC=0.6486  NMI=0.4744  ARI=0.3609  0.0s

=== P1E_S1_C3 train[4] k=3  dim=576  frames=55  σ=0.5  fold=0 ===
  SSC-Block-TV-Col21: k_hat=3  ACC=0.9636  NMI=0.8708  ARI=0.8924  0.0s

=== P1E_S1_C3 train[5] k=3  dim=576  frames=51  σ=0.5  fold=0 ===
  SSC-Block-TV-Col21: k_hat=3  ACC=0.9608  NMI=0.8894  ARI=0.8930  0.0s

=== P1E_S1_C3 train[6] k=3  dim=576  frames=69  σ=0.5  fold=0 ===
  SSC-Block-TV-Col21: k_hat=3  ACC=0.9565  NMI=0.8541  ARI=0.8698  0.1s

=== P1E_S2_C1 train[0] k=3  dim=576  frames=151  σ=0.5  fold=0 ===
  SSC-Block-TV-Col21: k_hat=3  ACC=0.7417  NMI=0.6109  ARI=0.5054  0.2s

=== P1E_S2_C1 train[1] k=3  dim=576  frames=136  σ=0.5  fold=0 ===
  SSC-Block-TV-Col21: k_hat=3  ACC=0.8897  NMI=0.7826  ARI=0.7148  0.2s

=== P1E_S2_C1 train[2] k=3  dim=576  frames=180  σ=0.5  fold=0 ===
  SSC-Block-TV-Col21: k_hat=3  ACC=0.5389  NMI=0.6001  ARI=0.4308  0.2s

=== P1E_S2_C1 train[3] k=3  dim=576  frames=149  σ=0.5  fold=0 ===
  SSC-Block-TV-Col21: k_hat=3  ACC=0.5839  NMI=0.6691  ARI=0.4776  0.2s

=== P1E_S2_C1 train[4] k=3  dim=576  frames=124  σ=0.5  fold=0 ===
  SSC-Block-TV-Col21: k_hat=3  ACC=0.5645  NMI=0.6652  ARI=0.4649  0.1s

=== P1E_S2_C1 train[5] k=3  dim=576  frames=161  σ=0.5  fold=0 ===
  SSC-Block-TV-Col21: k_hat=3  ACC=0.7950  NMI=0.6929  ARI=0.5757  0.2s

=== P1E_S2_C1 train[6] k=3  dim=576  frames=153  σ=0.5  fold=0 ===
  SSC-Block-TV-Col21: k_hat=3  ACC=1.0000  NMI=1.0000  ARI=1.0000  0.2s

=== P1E_S2_C2 train[0] k=3  dim=576  frames=115  σ=0.5  fold=0 ===
  SSC-Block-TV-Col21: k_hat=3  ACC=0.8783  NMI=0.7405  ARI=0.6733  0.1s

=== P1E_S2_C2 train[1] k=3  dim=576  frames=109  σ=0.5  fold=0 ===
  SSC-Block-TV-Col21: k_hat=3  ACC=1.0000  NMI=1.0000  ARI=1.0000  0.1s

=== P1E_S2_C2 train[2] k=3  dim=576  frames=144  σ=0.5  fold=0 ===
  SSC-Block-TV-Col21: k_hat=3  ACC=0.8125  NMI=0.6198  ARI=0.5388  0.2s

=== P1E_S2_C2 train[3] k=3  dim=576  frames=124  σ=0.5  fold=0 ===
  SSC-Block-TV-Col21: k_hat=3  ACC=0.9839  NMI=0.9291  ARI=0.9497  0.1s

=== P1E_S2_C2 train[4] k=3  dim=576  frames=109  σ=0.5  fold=0 ===
  SSC-Block-TV-Col21: k_hat=3  ACC=0.6972  NMI=0.6941  ARI=0.5482  0.1s

=== P1E_S2_C2 train[5] k=3  dim=576  frames=128  σ=0.5  fold=0 ===
  SSC-Block-TV-Col21: k_hat=3  ACC=0.8906  NMI=0.7908  ARI=0.7332  0.2s

=== P1E_S2_C2 train[6] k=3  dim=576  frames=126  σ=0.5  fold=0 ===
  SSC-Block-TV-Col21: k_hat=3  ACC=0.9921  NMI=0.9656  ARI=0.9763  0.1s

=== P1E_S2_C3 train[0] k=3  dim=576  frames=88  σ=0.5  fold=0 ===
  SSC-Block-TV-Col21: k_hat=3  ACC=1.0000  NMI=1.0000  ARI=1.0000  0.1s

=== P1E_S2_C3 train[1] k=3  dim=576  frames=90  σ=0.5  fold=0 ===
  SSC-Block-TV-Col21: k_hat=3  ACC=0.9667  NMI=0.8979  ARI=0.8982  0.1s

=== P1E_S2_C3 train[2] k=3  dim=576  frames=112  σ=0.5  fold=0 ===
  SSC-Block-TV-Col21: k_hat=3  ACC=0.7946  NMI=0.6722  ARI=0.5399  0.1s

=== P1E_S2_C3 train[3] k=3  dim=576  frames=99  σ=0.5  fold=0 ===
  SSC-Block-TV-Col21: k_hat=3  ACC=0.9394  NMI=0.8491  ARI=0.8306  0.1s

=== P1E_S2_C3 train[4] k=3  dim=576  frames=87  σ=0.5  fold=0 ===
  SSC-Block-TV-Col21: k_hat=3  ACC=0.9425  NMI=0.8320  ARI=0.8504  0.1s

=== P1E_S2_C3 train[5] k=3  dim=576  frames=105  σ=0.5  fold=0 ===
  SSC-Block-TV-Col21: k_hat=3  ACC=0.9810  NMI=0.9322  ARI=0.9410  0.1s

=== P1E_S2_C3 train[6] k=3  dim=576  frames=89  σ=0.5  fold=0 ===
  SSC-Block-TV-Col21: k_hat=3  ACC=0.9775  NMI=0.9248  ARI=0.9383  0.1s

=== P1E_S3_C1 train[0] k=3  dim=576  frames=139  σ=0.5  fold=0 ===
  SSC-Block-TV-Col21: k_hat=3  ACC=0.7122  NMI=0.6953  ARI=0.5451  0.2s

=== P1E_S3_C1 train[1] k=3  dim=576  frames=134  σ=0.5  fold=0 ===
  SSC-Block-TV-Col21: k_hat=3  ACC=0.8134  NMI=0.6863  ARI=0.5594  0.2s

=== P1E_S3_C1 train[2] k=3  dim=576  frames=161  σ=0.5  fold=0 ===
  SSC-Block-TV-Col21: k_hat=3  ACC=0.7888  NMI=0.7131  ARI=0.5833  0.2s

=== P1E_S3_C1 train[3] k=3  dim=576  frames=168  σ=0.5  fold=0 ===
  SSC-Block-TV-Col21: k_hat=3  ACC=0.8512  NMI=0.7342  ARI=0.6087  0.2s

=== P1E_S3_C1 train[4] k=3  dim=576  frames=123  σ=0.5  fold=0 ===
  SSC-Block-TV-Col21: k_hat=3  ACC=0.5122  NMI=0.4251  ARI=0.2437  0.1s

=== P1E_S3_C1 train[5] k=3  dim=576  frames=204  σ=0.5  fold=0 ===
  SSC-Block-TV-Col21: k_hat=3  ACC=0.8333  NMI=0.7497  ARI=0.6689  0.3s

=== P1E_S3_C1 train[6] k=3  dim=576  frames=112  σ=0.5  fold=0 ===
  SSC-Block-TV-Col21: k_hat=3  ACC=0.9643  NMI=0.8735  ARI=0.8988  0.1s

=== P1E_S3_C2 train[0] k=3  dim=576  frames=120  σ=0.5  fold=0 ===
  SSC-Block-TV-Col21: k_hat=3  ACC=0.8583  NMI=0.7414  ARI=0.6215  0.1s

=== P1E_S3_C2 train[1] k=3  dim=576  frames=112  σ=0.5  fold=0 ===
  SSC-Block-TV-Col21: k_hat=3  ACC=0.9286  NMI=0.7913  ARI=0.7864  0.1s

=== P1E_S3_C2 train[2] k=3  dim=576  frames=168  σ=0.5  fold=0 ===
  SSC-Block-TV-Col21: k_hat=3  ACC=0.7381  NMI=0.5963  ARI=0.4872  0.2s

=== P1E_S3_C2 train[3] k=3  dim=576  frames=169  σ=0.5  fold=0 ===
  SSC-Block-TV-Col21: k_hat=3  ACC=0.9882  NMI=0.9511  ARI=0.9610  0.2s

=== P1E_S3_C2 train[4] k=3  dim=576  frames=107  σ=0.5  fold=0 ===
  SSC-Block-TV-Col21: k_hat=3  ACC=0.5888  NMI=0.6662  ARI=0.4710  0.1s

=== P1E_S3_C2 train[5] k=3  dim=576  frames=146  σ=0.5  fold=0 ===
  SSC-Block-TV-Col21: k_hat=3  ACC=0.8493  NMI=0.7187  ARI=0.5840  0.2s

=== P1E_S3_C2 train[6] k=3  dim=576  frames=114  σ=0.5  fold=0 ===
  SSC-Block-TV-Col21: k_hat=3  ACC=0.9649  NMI=0.8788  ARI=0.9189  0.1s

=== P1E_S3_C3 train[0] k=3  dim=576  frames=89  σ=0.5  fold=0 ===
  SSC-Block-TV-Col21: k_hat=3  ACC=1.0000  NMI=1.0000  ARI=1.0000  0.1s

=== P1E_S3_C3 train[1] k=3  dim=576  frames=84  σ=0.5  fold=0 ===
  SSC-Block-TV-Col21: k_hat=3  ACC=0.9881  NMI=0.9525  ARI=0.9657  0.1s

=== P1E_S3_C3 train[2] k=3  dim=576  frames=125  σ=0.5  fold=0 ===
  SSC-Block-TV-Col21: k_hat=3  ACC=0.9840  NMI=0.9390  ARI=0.9481  0.1s

=== P1E_S3_C3 train[3] k=3  dim=576  frames=128  σ=0.5  fold=0 ===
  SSC-Block-TV-Col21: k_hat=3  ACC=0.7500  NMI=0.7005  ARI=0.5481  0.2s

=== P1E_S3_C3 train[4] k=3  dim=576  frames=83  σ=0.5  fold=0 ===
  SSC-Block-TV-Col21: k_hat=3  ACC=0.9398  NMI=0.8539  ARI=0.8439  0.1s

=== P1E_S3_C3 train[5] k=3  dim=576  frames=129  σ=0.5  fold=0 ===
  SSC-Block-TV-Col21: k_hat=3  ACC=0.5349  NMI=0.6553  ARI=0.4505  0.2s

=== P1E_S3_C3 train[6] k=3  dim=576  frames=84  σ=0.5  fold=0 ===
  SSC-Block-TV-Col21: k_hat=3  ACC=0.9881  NMI=0.9523  ARI=0.9667  0.1s

=== P1E_S4_C1 train[0] k=3  dim=576  frames=107  σ=0.5  fold=0 ===
  SSC-Block-TV-Col21: k_hat=3  ACC=1.0000  NMI=1.0000  ARI=1.0000  0.1s

=== P1E_S4_C1 train[1] k=3  dim=576  frames=155  σ=0.5  fold=0 ===
  SSC-Block-TV-Col21: k_hat=3  ACC=0.8774  NMI=0.7707  ARI=0.6882  0.2s

=== P1E_S4_C1 train[2] k=3  dim=576  frames=182  σ=0.5  fold=0 ===
  SSC-Block-TV-Col21: k_hat=3  ACC=0.8571  NMI=0.7348  ARI=0.6566  0.2s

=== P1E_S4_C1 train[3] k=3  dim=576  frames=180  σ=0.5  fold=0 ===
  SSC-Block-TV-Col21: k_hat=3  ACC=0.8278  NMI=0.7334  ARI=0.6126  0.2s

=== P1E_S4_C1 train[4] k=3  dim=576  frames=133  σ=0.5  fold=0 ===
  SSC-Block-TV-Col21: k_hat=3  ACC=0.6466  NMI=0.6651  ARI=0.4918  0.2s

=== P1E_S4_C1 train[5] k=3  dim=576  frames=147  σ=0.5  fold=0 ===
  SSC-Block-TV-Col21: k_hat=3  ACC=0.5170  NMI=0.4759  ARI=0.3083  0.2s

=== P1E_S4_C1 train[6] k=3  dim=576  frames=145  σ=0.5  fold=0 ===
  SSC-Block-TV-Col21: k_hat=3  ACC=0.9310  NMI=0.8412  ARI=0.8256  0.2s

=== P1E_S4_C2 train[0] k=3  dim=576  frames=125  σ=0.5  fold=0 ===
  SSC-Block-TV-Col21: k_hat=3  ACC=0.9600  NMI=0.8660  ARI=0.8811  0.1s

=== P1E_S4_C2 train[1] k=3  dim=576  frames=122  σ=0.5  fold=0 ===
  SSC-Block-TV-Col21: k_hat=3  ACC=0.9672  NMI=0.8994  ARI=0.9028  0.1s

=== P1E_S4_C2 train[2] k=3  dim=576  frames=126  σ=0.5  fold=0 ===
  SSC-Block-TV-Col21: k_hat=3  ACC=0.9762  NMI=0.9043  ARI=0.9252  0.1s

=== P1E_S4_C2 train[3] k=3  dim=576  frames=140  σ=0.5  fold=0 ===
  SSC-Block-TV-Col21: k_hat=3  ACC=0.9929  NMI=0.9670  ARI=0.9771  0.2s

=== P1E_S4_C2 train[4] k=3  dim=576  frames=129  σ=0.5  fold=0 ===
  SSC-Block-TV-Col21: k_hat=3  ACC=0.5581  NMI=0.6606  ARI=0.4599  0.2s

=== P1E_S4_C2 train[5] k=3  dim=576  frames=146  σ=0.5  fold=0 ===
  SSC-Block-TV-Col21: k_hat=3  ACC=0.9589  NMI=0.8686  ARI=0.8858  0.2s

=== P1E_S4_C2 train[6] k=3  dim=576  frames=110  σ=0.5  fold=0 ===
  SSC-Block-TV-Col21: k_hat=3  ACC=0.9909  NMI=0.9623  ARI=0.9753  0.1s

=== P1E_S4_C3 train[0] k=3  dim=576  frames=64  σ=0.5  fold=0 ===
  SSC-Block-TV-Col21: k_hat=3  ACC=0.9531  NMI=0.8747  ARI=0.8720  0.1s

=== P1E_S4_C3 train[1] k=3  dim=576  frames=85  σ=0.5  fold=0 ===
  SSC-Block-TV-Col21: k_hat=3  ACC=0.9765  NMI=0.9220  ARI=0.9313  0.1s

=== P1E_S4_C3 train[2] k=3  dim=576  frames=105  σ=0.5  fold=0 ===
  SSC-Block-TV-Col21: k_hat=3  ACC=0.8381  NMI=0.6649  ARI=0.6154  0.1s

=== P1E_S4_C3 train[3] k=3  dim=576  frames=87  σ=0.5  fold=0 ===
  SSC-Block-TV-Col21: k_hat=3  ACC=0.9885  NMI=0.9539  ARI=0.9649  0.1s

=== P1E_S4_C3 train[4] k=3  dim=576  frames=76  σ=0.5  fold=0 ===
  SSC-Block-TV-Col21: k_hat=3  ACC=0.9605  NMI=0.8885  ARI=0.8936  0.1s

=== P1E_S4_C3 train[5] k=3  dim=576  frames=106  σ=0.5  fold=0 ===
  SSC-Block-TV-Col21: k_hat=3  ACC=0.9434  NMI=0.8274  ARI=0.8500  0.1s

=== P1E_S4_C3 train[6] k=3  dim=576  frames=79  σ=0.5  fold=0 ===
  SSC-Block-TV-Col21: k_hat=3  ACC=0.9241  NMI=0.7978  ARI=0.7926  0.1s

=== P1L_S1_C1 train[0] k=3  dim=576  frames=170  σ=0.5  fold=0 ===
  SSC-Block-TV-Col21: k_hat=3  ACC=0.7176  NMI=0.6567  ARI=0.4543  0.2s

=== P1L_S1_C1 train[1] k=3  dim=576  frames=155  σ=0.5  fold=0 ===
  SSC-Block-TV-Col21: k_hat=3  ACC=1.0000  NMI=1.0000  ARI=1.0000  0.2s

=== P1L_S1_C1 train[2] k=3  dim=576  frames=182  σ=0.5  fold=0 ===
  SSC-Block-TV-Col21: k_hat=3  ACC=0.8681  NMI=0.7692  ARI=0.7050  0.2s

=== P1L_S1_C1 train[3] k=3  dim=576  frames=198  σ=0.5  fold=0 ===
  SSC-Block-TV-Col21: k_hat=3  ACC=0.7323  NMI=0.6955  ARI=0.5444  0.3s

=== P1L_S1_C1 train[4] k=3  dim=576  frames=166  σ=0.5  fold=0 ===
  SSC-Block-TV-Col21: k_hat=3  ACC=1.0000  NMI=1.0000  ARI=1.0000  0.2s

=== P1L_S1_C1 train[5] k=3  dim=576  frames=116  σ=0.5  fold=0 ===
  SSC-Block-TV-Col21: k_hat=3  ACC=0.7069  NMI=0.4839  ARI=0.3090  0.1s

=== P1L_S1_C1 train[6] k=3  dim=576  frames=175  σ=0.5  fold=0 ===
  SSC-Block-TV-Col21: k_hat=3  ACC=0.9943  NMI=0.9736  ARI=0.9843  0.2s

=== P1L_S1_C2 train[0] k=3  dim=576  frames=137  σ=0.5  fold=0 ===
  SSC-Block-TV-Col21: k_hat=3  ACC=0.8029  NMI=0.7019  ARI=0.5528  0.2s

=== P1L_S1_C2 train[1] k=3  dim=576  frames=147  σ=0.5  fold=0 ===
  SSC-Block-TV-Col21: k_hat=3  ACC=0.8299  NMI=0.7189  ARI=0.5818  0.2s

=== P1L_S1_C2 train[2] k=3  dim=576  frames=181  σ=0.5  fold=0 ===
  SSC-Block-TV-Col21: k_hat=3  ACC=0.8287  NMI=0.7033  ARI=0.5931  0.2s

=== P1L_S1_C2 train[3] k=3  dim=576  frames=128  σ=0.5  fold=0 ===
  SSC-Block-TV-Col21: k_hat=3  ACC=0.5703  NMI=0.6670  ARI=0.4701  0.2s

=== P1L_S1_C2 train[4] k=3  dim=576  frames=154  σ=0.5  fold=0 ===
  SSC-Block-TV-Col21: k_hat=3  ACC=0.5065  NMI=0.6566  ARI=0.4500  0.2s

=== P1L_S1_C2 train[5] k=3  dim=576  frames=142  σ=0.5  fold=0 ===
  SSC-Block-TV-Col21: k_hat=3  ACC=0.8239  NMI=0.7102  ARI=0.5692  0.2s

=== P1L_S1_C2 train[6] k=3  dim=576  frames=168  σ=0.5  fold=0 ===
  SSC-Block-TV-Col21: k_hat=3  ACC=0.6548  NMI=0.4186  ARI=0.2090  0.2s

=== P1L_S1_C3 train[0] k=3  dim=576  frames=68  σ=0.5  fold=0 ===
  SSC-Block-TV-Col21: k_hat=3  ACC=1.0000  NMI=1.0000  ARI=1.0000  0.1s

=== P1L_S1_C3 train[1] k=3  dim=576  frames=65  σ=0.5  fold=0 ===
  SSC-Block-TV-Col21: k_hat=3  ACC=1.0000  NMI=1.0000  ARI=1.0000  0.1s

=== P1L_S1_C3 train[2] k=3  dim=576  frames=74  σ=0.5  fold=0 ===
  SSC-Block-TV-Col21: k_hat=3  ACC=0.6486  NMI=0.4257  ARI=0.2017  0.1s

=== P1L_S1_C3 train[3] k=3  dim=576  frames=73  σ=0.5  fold=0 ===
  SSC-Block-TV-Col21: k_hat=3  ACC=0.6164  NMI=0.6042  ARI=0.4366  0.1s

=== P1L_S1_C3 train[4] k=3  dim=576  frames=64  σ=0.5  fold=0 ===
  SSC-Block-TV-Col21: k_hat=3  ACC=0.8438  NMI=0.6679  ARI=0.6290  0.1s

=== P1L_S1_C3 train[5] k=3  dim=576  frames=63  σ=0.5  fold=0 ===
  SSC-Block-TV-Col21: k_hat=3  ACC=0.6349  NMI=0.6300  ARI=0.5013  0.1s

=== P1L_S1_C3 train[6] k=3  dim=576  frames=75  σ=0.5  fold=0 ===
  SSC-Block-TV-Col21: k_hat=3  ACC=0.9867  NMI=0.9474  ARI=0.9569  0.1s

=== P1L_S2_C1 train[0] k=3  dim=576  frames=190  σ=0.5  fold=0 ===
  SSC-Block-TV-Col21: k_hat=3  ACC=0.7158  NMI=0.6703  ARI=0.4873  0.3s

=== P1L_S2_C1 train[1] k=3  dim=576  frames=180  σ=0.5  fold=0 ===
  SSC-Block-TV-Col21: k_hat=3  ACC=1.0000  NMI=1.0000  ARI=1.0000  0.2s

=== P1L_S2_C1 train[2] k=3  dim=576  frames=177  σ=0.5  fold=0 ===
  SSC-Block-TV-Col21: k_hat=3  ACC=0.7401  NMI=0.7099  ARI=0.5826  0.2s

=== P1L_S2_C1 train[3] k=3  dim=576  frames=172  σ=0.5  fold=0 ===
  SSC-Block-TV-Col21: k_hat=3  ACC=0.6105  NMI=0.4261  ARI=0.2423  0.2s

=== P1L_S2_C1 train[4] k=3  dim=576  frames=179  σ=0.5  fold=0 ===
  SSC-Block-TV-Col21: k_hat=3  ACC=0.9888  NMI=0.9558  ARI=0.9703  0.2s

=== P1L_S2_C1 train[5] k=3  dim=576  frames=180  σ=0.5  fold=0 ===
  SSC-Block-TV-Col21: k_hat=3  ACC=0.4944  NMI=0.2521  ARI=0.0513  0.2s

=== P1L_S2_C1 train[6] k=3  dim=576  frames=133  σ=0.5  fold=0 ===
  SSC-Block-TV-Col21: k_hat=3  ACC=1.0000  NMI=1.0000  ARI=1.0000  0.2s

=== P1L_S2_C2 train[0] k=3  dim=576  frames=155  σ=0.5  fold=0 ===
  SSC-Block-TV-Col21: k_hat=3  ACC=0.9806  NMI=0.9316  ARI=0.9416  0.2s

=== P1L_S2_C2 train[1] k=3  dim=576  frames=134  σ=0.5  fold=0 ===
  SSC-Block-TV-Col21: k_hat=3  ACC=1.0000  NMI=1.0000  ARI=1.0000  0.2s

=== P1L_S2_C2 train[2] k=3  dim=576  frames=186  σ=0.5  fold=0 ===
  SSC-Block-TV-Col21: k_hat=3  ACC=0.9570  NMI=0.8560  ARI=0.8853  0.2s

=== P1L_S2_C2 train[3] k=3  dim=576  frames=201  σ=0.5  fold=0 ===
  SSC-Block-TV-Col21: k_hat=3  ACC=0.9602  NMI=0.8613  ARI=0.8806  0.3s

=== P1L_S2_C2 train[4] k=3  dim=576  frames=171  σ=0.5  fold=0 ===
  SSC-Block-TV-Col21: k_hat=3  ACC=0.8421  NMI=0.7405  ARI=0.6266  0.2s

=== P1L_S2_C2 train[5] k=3  dim=576  frames=160  σ=0.5  fold=0 ===
  SSC-Block-TV-Col21: k_hat=3  ACC=0.6188  NMI=0.6200  ARI=0.4669  0.2s

=== P1L_S2_C2 train[6] k=3  dim=576  frames=154  σ=0.5  fold=0 ===
  SSC-Block-TV-Col21: k_hat=3  ACC=0.8766  NMI=0.7871  ARI=0.7514  0.2s

=== P1L_S2_C3 train[0] k=3  dim=576  frames=101  σ=0.5  fold=0 ===
  SSC-Block-TV-Col21: k_hat=3  ACC=0.9901  NMI=0.9577  ARI=0.9692  0.1s

=== P1L_S2_C3 train[1] k=3  dim=576  frames=85  σ=0.5  fold=0 ===
  SSC-Block-TV-Col21: k_hat=3  ACC=0.9882  NMI=0.9505  ARI=0.9597  0.1s

=== P1L_S2_C3 train[2] k=3  dim=576  frames=112  σ=0.5  fold=0 ===
  SSC-Block-TV-Col21: k_hat=3  ACC=0.5982  NMI=0.6669  ARI=0.4747  0.1s

=== P1L_S2_C3 train[3] k=3  dim=576  frames=126  σ=0.5  fold=0 ===
  SSC-Block-TV-Col21: k_hat=3  ACC=0.8651  NMI=0.7610  ARI=0.6671  0.1s

=== P1L_S2_C3 train[4] k=3  dim=576  frames=102  σ=0.5  fold=0 ===
  SSC-Block-TV-Col21: k_hat=3  ACC=0.8137  NMI=0.7276  ARI=0.6050  0.1s

=== P1L_S2_C3 train[5] k=3  dim=576  frames=121  σ=0.5  fold=0 ===
  SSC-Block-TV-Col21: k_hat=3  ACC=0.9174  NMI=0.7986  ARI=0.7946  0.1s

=== P1L_S2_C3 train[6] k=3  dim=576  frames=99  σ=0.5  fold=0 ===
  SSC-Block-TV-Col21: k_hat=3  ACC=0.9798  NMI=0.9303  ARI=0.9424  0.1s

=== P1L_S3_C1 train[0] k=3  dim=576  frames=120  σ=0.5  fold=0 ===
  SSC-Block-TV-Col21: k_hat=3  ACC=0.9583  NMI=0.8759  ARI=0.8691  0.1s

=== P1L_S3_C1 train[1] k=3  dim=576  frames=185  σ=0.5  fold=0 ===
  SSC-Block-TV-Col21: k_hat=3  ACC=0.9514  NMI=0.8690  ARI=0.8612  0.2s

=== P1L_S3_C1 train[2] k=3  dim=576  frames=156  σ=0.5  fold=0 ===
  SSC-Block-TV-Col21: k_hat=3  ACC=0.6474  NMI=0.6812  ARI=0.5139  0.2s

=== P1L_S3_C1 train[3] k=3  dim=576  frames=159  σ=0.5  fold=0 ===
  SSC-Block-TV-Col21: k_hat=3  ACC=0.7799  NMI=0.5862  ARI=0.4594  0.2s

=== P1L_S3_C1 train[4] k=3  dim=576  frames=172  σ=0.5  fold=0 ===
  SSC-Block-TV-Col21: k_hat=3  ACC=0.8372  NMI=0.7419  ARI=0.6341  0.2s

=== P1L_S3_C1 train[5] k=3  dim=576  frames=176  σ=0.5  fold=0 ===
  SSC-Block-TV-Col21: k_hat=3  ACC=0.6364  NMI=0.4186  ARI=0.2282  0.2s

=== P1L_S3_C1 train[6] k=3  dim=576  frames=134  σ=0.5  fold=0 ===
  SSC-Block-TV-Col21: k_hat=3  ACC=0.9925  NMI=0.9658  ARI=0.9752  0.2s

=== P1L_S3_C2 train[0] k=3  dim=576  frames=125  σ=0.5  fold=0 ===
  SSC-Block-TV-Col21: k_hat=3  ACC=0.8160  NMI=0.6660  ARI=0.5950  0.1s

=== P1L_S3_C2 train[1] k=3  dim=576  frames=166  σ=0.5  fold=0 ===
  SSC-Block-TV-Col21: k_hat=3  ACC=1.0000  NMI=1.0000  ARI=1.0000  0.2s

=== P1L_S3_C2 train[2] k=3  dim=576  frames=209  σ=0.5  fold=0 ===
  SSC-Block-TV-Col21: k_hat=3  ACC=0.7321  NMI=0.5271  ARI=0.4184  0.3s

=== P1L_S3_C2 train[3] k=3  dim=576  frames=168  σ=0.5  fold=0 ===
  SSC-Block-TV-Col21: k_hat=3  ACC=0.9821  NMI=0.9369  ARI=0.9601  0.2s

=== P1L_S3_C2 train[4] k=3  dim=576  frames=187  σ=0.5  fold=0 ===
  SSC-Block-TV-Col21: k_hat=3  ACC=0.5722  NMI=0.6619  ARI=0.4650  0.3s

=== P1L_S3_C2 train[5] k=3  dim=576  frames=229  σ=0.5  fold=0 ===
  SSC-Block-TV-Col21: k_hat=3  ACC=0.5197  NMI=0.6157  ARI=0.4289  0.4s

=== P1L_S3_C2 train[6] k=3  dim=576  frames=136  σ=0.5  fold=0 ===
  SSC-Block-TV-Col21: k_hat=3  ACC=0.9559  NMI=0.8746  ARI=0.8649  0.2s

=== P1L_S3_C3 train[0] k=3  dim=576  frames=118  σ=0.5  fold=0 ===
  SSC-Block-TV-Col21: k_hat=3  ACC=0.8983  NMI=0.7946  ARI=0.7354  0.1s

=== P1L_S3_C3 train[1] k=3  dim=576  frames=121  σ=0.5  fold=0 ===
  SSC-Block-TV-Col21: k_hat=3  ACC=1.0000  NMI=1.0000  ARI=1.0000  0.1s

=== P1L_S3_C3 train[2] k=3  dim=576  frames=142  σ=0.5  fold=0 ===
  SSC-Block-TV-Col21: k_hat=3  ACC=1.0000  NMI=1.0000  ARI=1.0000  0.2s

=== P1L_S3_C3 train[3] k=3  dim=576  frames=134  σ=0.5  fold=0 ===
  SSC-Block-TV-Col21: k_hat=3  ACC=0.8507  NMI=0.7327  ARI=0.6091  0.2s

=== P1L_S3_C3 train[4] k=3  dim=576  frames=110  σ=0.5  fold=0 ===
  SSC-Block-TV-Col21: k_hat=3  ACC=0.8636  NMI=0.7613  ARI=0.6732  0.1s

=== P1L_S3_C3 train[5] k=3  dim=576  frames=161  σ=0.5  fold=0 ===
  SSC-Block-TV-Col21: k_hat=3  ACC=0.8323  NMI=0.7023  ARI=0.6433  0.2s

=== P1L_S3_C3 train[6] k=3  dim=576  frames=114  σ=0.5  fold=0 ===
  SSC-Block-TV-Col21: k_hat=3  ACC=0.9825  NMI=0.9372  ARI=0.9534  0.1s

=== P1L_S4_C1 train[0] k=3  dim=576  frames=157  σ=0.5  fold=0 ===
  SSC-Block-TV-Col21: k_hat=3  ACC=1.0000  NMI=1.0000  ARI=1.0000  0.2s

=== P1L_S4_C1 train[1] k=3  dim=576  frames=154  σ=0.5  fold=0 ===
  SSC-Block-TV-Col21: k_hat=3  ACC=1.0000  NMI=1.0000  ARI=1.0000  0.2s

=== P1L_S4_C1 train[2] k=3  dim=576  frames=168  σ=0.5  fold=0 ===
  SSC-Block-TV-Col21: k_hat=3  ACC=0.8929  NMI=0.7744  ARI=0.6916  0.2s

=== P1L_S4_C1 train[3] k=3  dim=576  frames=142  σ=0.5  fold=0 ===
  SSC-Block-TV-Col21: k_hat=3  ACC=1.0000  NMI=1.0000  ARI=1.0000  0.2s

=== P1L_S4_C1 train[4] k=3  dim=576  frames=164  σ=0.5  fold=0 ===
  SSC-Block-TV-Col21: k_hat=3  ACC=0.9573  NMI=0.8816  ARI=0.8804  0.2s

=== P1L_S4_C1 train[5] k=3  dim=576  frames=187  σ=0.5  fold=0 ===
  SSC-Block-TV-Col21: k_hat=3  ACC=0.5882  NMI=0.4459  ARI=0.2790  0.3s

=== P1L_S4_C1 train[6] k=3  dim=576  frames=202  σ=0.5  fold=0 ===
  SSC-Block-TV-Col21: k_hat=3  ACC=0.9901  NMI=0.9593  ARI=0.9706  0.3s

=== P1L_S4_C2 train[0] k=3  dim=576  frames=149  σ=0.5  fold=0 ===
  SSC-Block-TV-Col21: k_hat=3  ACC=0.9396  NMI=0.8435  ARI=0.8159  0.2s

=== P1L_S4_C2 train[1] k=3  dim=576  frames=175  σ=0.5  fold=0 ===
  SSC-Block-TV-Col21: k_hat=3  ACC=1.0000  NMI=1.0000  ARI=1.0000  0.2s

=== P1L_S4_C2 train[2] k=3  dim=576  frames=168  σ=0.5  fold=0 ===
  SSC-Block-TV-Col21: k_hat=3  ACC=0.8571  NMI=0.7125  ARI=0.6257  0.2s

=== P1L_S4_C2 train[3] k=3  dim=576  frames=154  σ=0.5  fold=0 ===
  SSC-Block-TV-Col21: k_hat=3  ACC=0.9935  NMI=0.9708  ARI=0.9850  0.2s

=== P1L_S4_C2 train[4] k=3  dim=576  frames=152  σ=0.5  fold=0 ===
  SSC-Block-TV-Col21: k_hat=3  ACC=0.8618  NMI=0.7611  ARI=0.6804  0.2s

=== P1L_S4_C2 train[5] k=3  dim=576  frames=169  σ=0.5  fold=0 ===
  SSC-Block-TV-Col21: k_hat=3  ACC=0.9172  NMI=0.8238  ARI=0.8129  0.2s

=== P1L_S4_C2 train[6] k=3  dim=576  frames=153  σ=0.5  fold=0 ===
  SSC-Block-TV-Col21: k_hat=3  ACC=0.8497  NMI=0.7005  ARI=0.5900  0.2s

=== P1L_S4_C3 train[0] k=3  dim=576  frames=107  σ=0.5  fold=0 ===
  SSC-Block-TV-Col21: k_hat=3  ACC=1.0000  NMI=1.0000  ARI=1.0000  0.1s

=== P1L_S4_C3 train[1] k=3  dim=576  frames=94  σ=0.5  fold=0 ===
  SSC-Block-TV-Col21: k_hat=3  ACC=1.0000  NMI=1.0000  ARI=1.0000  0.1s

=== P1L_S4_C3 train[2] k=3  dim=576  frames=117  σ=0.5  fold=0 ===
  SSC-Block-TV-Col21: k_hat=3  ACC=0.6410  NMI=0.6653  ARI=0.4934  0.1s

=== P1L_S4_C3 train[3] k=3  dim=576  frames=112  σ=0.5  fold=0 ===
  SSC-Block-TV-Col21: k_hat=3  ACC=0.7768  NMI=0.7083  ARI=0.5595  0.1s

=== P1L_S4_C3 train[4] k=3  dim=576  frames=103  σ=0.5  fold=0 ===
  SSC-Block-TV-Col21: k_hat=3  ACC=0.7670  NMI=0.6954  ARI=0.5362  0.1s

=== P1L_S4_C3 train[5] k=3  dim=576  frames=105  σ=0.5  fold=0 ===
  SSC-Block-TV-Col21: k_hat=3  ACC=0.8571  NMI=0.7293  ARI=0.6715  0.1s

=== P1L_S4_C3 train[6] k=3  dim=576  frames=107  σ=0.5  fold=0 ===
  SSC-Block-TV-Col21: k_hat=3  ACC=0.9720  NMI=0.9111  ARI=0.9208  0.1s

=== P1E_S1_C1 test[0] k=3  dim=576  frames=146  σ=0.5  fold=0 ===
  SSC-Block-TV-Col21: k_hat=3  ACC=0.9863  NMI=0.9433  ARI=0.9531  0.2s

=== P1E_S1_C2 test[0] k=3  dim=576  frames=147  σ=0.5  fold=0 ===
  SSC-Block-TV-Col21: k_hat=3  ACC=0.9660  NMI=0.8779  ARI=0.8925  0.2s

=== P1E_S1_C3 test[0] k=3  dim=576  frames=58  σ=0.5  fold=0 ===
  SSC-Block-TV-Col21: k_hat=3  ACC=0.8793  NMI=0.7027  ARI=0.6493  0.1s

=== P1E_S2_C1 test[0] k=3  dim=576  frames=167  σ=0.5  fold=0 ===
  SSC-Block-TV-Col21: k_hat=3  ACC=0.8802  NMI=0.7540  ARI=0.6943  0.2s

=== P1E_S2_C2 test[0] k=3  dim=576  frames=146  σ=0.5  fold=0 ===
  SSC-Block-TV-Col21: k_hat=3  ACC=0.9178  NMI=0.7672  ARI=0.7640  0.2s

=== P1E_S2_C3 test[0] k=3  dim=576  frames=113  σ=0.5  fold=0 ===
  SSC-Block-TV-Col21: k_hat=3  ACC=0.9646  NMI=0.8905  ARI=0.8869  0.1s

=== P1E_S3_C1 test[0] k=3  dim=576  frames=166  σ=0.5  fold=0 ===
  SSC-Block-TV-Col21: k_hat=3  ACC=0.8012  NMI=0.6641  ARI=0.5278  0.2s

=== P1E_S3_C2 test[0] k=3  dim=576  frames=147  σ=0.5  fold=0 ===
  SSC-Block-TV-Col21: k_hat=3  ACC=0.8571  NMI=0.7306  ARI=0.6039  0.2s

=== P1E_S3_C3 test[0] k=3  dim=576  frames=105  σ=0.5  fold=0 ===
  SSC-Block-TV-Col21: k_hat=3  ACC=1.0000  NMI=1.0000  ARI=1.0000  0.1s

=== P1E_S4_C1 test[0] k=3  dim=576  frames=158  σ=0.5  fold=0 ===
  SSC-Block-TV-Col21: k_hat=3  ACC=0.8481  NMI=0.7167  ARI=0.5780  0.2s

=== P1E_S4_C2 test[0] k=3  dim=576  frames=117  σ=0.5  fold=0 ===
  SSC-Block-TV-Col21: k_hat=3  ACC=0.9487  NMI=0.8341  ARI=0.8530  0.1s

=== P1E_S4_C3 test[0] k=3  dim=576  frames=90  σ=0.5  fold=0 ===
  SSC-Block-TV-Col21: k_hat=3  ACC=0.9000  NMI=0.7358  ARI=0.7102  0.1s

=== P1L_S1_C1 test[0] k=3  dim=576  frames=162  σ=0.5  fold=0 ===
  SSC-Block-TV-Col21: k_hat=3  ACC=0.9630  NMI=0.8930  ARI=0.8971  0.2s

=== P1L_S1_C2 test[0] k=3  dim=576  frames=186  σ=0.5  fold=0 ===
  SSC-Block-TV-Col21: k_hat=3  ACC=0.7688  NMI=0.6813  ARI=0.5085  0.3s

=== P1L_S1_C3 test[0] k=3  dim=576  frames=60  σ=0.5  fold=0 ===
  SSC-Block-TV-Col21: k_hat=3  ACC=0.5000  NMI=0.5796  ARI=0.3873  0.1s

=== P1L_S2_C1 test[0] k=3  dim=576  frames=211  σ=0.5  fold=0 ===
  SSC-Block-TV-Col21: k_hat=3  ACC=0.8009  NMI=0.7129  ARI=0.5873  0.3s

=== P1L_S2_C2 test[0] k=3  dim=576  frames=194  σ=0.5  fold=0 ===
  SSC-Block-TV-Col21: k_hat=3  ACC=0.9897  NMI=0.9537  ARI=0.9641  0.3s

=== P1L_S2_C3 test[0] k=3  dim=576  frames=119  σ=0.5  fold=0 ===
  SSC-Block-TV-Col21: k_hat=3  ACC=1.0000  NMI=1.0000  ARI=1.0000  0.1s

=== P1L_S3_C1 test[0] k=3  dim=576  frames=156  σ=0.5  fold=0 ===
  SSC-Block-TV-Col21: k_hat=3  ACC=0.4295  NMI=0.2486  ARI=0.0025  0.2s

=== P1L_S3_C2 test[0] k=3  dim=576  frames=185  σ=0.5  fold=0 ===
  SSC-Block-TV-Col21: k_hat=3  ACC=0.8486  NMI=0.6550  ARI=0.5995  0.3s

=== P1L_S3_C3 test[0] k=3  dim=576  frames=151  σ=0.5  fold=0 ===
  SSC-Block-TV-Col21: k_hat=3  ACC=1.0000  NMI=1.0000  ARI=1.0000  0.2s

=== P1L_S4_C1 test[0] k=3  dim=576  frames=200  σ=0.5  fold=0 ===
  SSC-Block-TV-Col21: k_hat=3  ACC=0.7050  NMI=0.6857  ARI=0.5229  0.3s

=== P1L_S4_C2 test[0] k=3  dim=576  frames=157  σ=0.5  fold=0 ===
  SSC-Block-TV-Col21: k_hat=3  ACC=0.7771  NMI=0.6675  ARI=0.4827  0.2s

=== P1L_S4_C3 test[0] k=3  dim=576  frames=96  σ=0.5  fold=0 ===
  SSC-Block-TV-Col21: k_hat=3  ACC=1.0000  NMI=1.0000  ARI=1.0000  0.1s
  tune_pool_groups=20: sampling from 22 held-in people (overlap allowed) instead of the 7 fixed partition group(s)

============================================================
σ=0.5 fold=1  test=['0004', '0014', '0027']  train mats=168  test mats=24  tune mats=480
  --- tune SSC-Block-TV-Col21 over 480 train mats  n_trials=40 (4 params) ---
  SSC-Block-TV-Col21 trial 0: mean ARI=0.4106  n=480  76.4s  lambda_e=1, lambda_z=0.1, gamma_q=0.1, block_size=5
  SSC-Block-TV-Col21 trial 1: mean ARI=0.3614  n=480  76.1s  lambda_e=0.443, lambda_z=0.7257, gamma_q=0.2577, block_size=7
  SSC-Block-TV-Col21 trial 2: mean ARI=0.4275  n=480  75.4s  lambda_e=0.1866, lambda_z=0.3833, gamma_q=0.05628, block_size=11
  SSC-Block-TV-Col21 trial 3: mean ARI=0.3392  n=480  75.6s  lambda_e=7.78, lambda_z=0.03418, gamma_q=1.469, block_size=7
  SSC-Block-TV-Col21 trial 4: mean ARI=0.5485  n=480  79.7s  lambda_e=0.506, lambda_z=5.039, gamma_q=0.001924, block_size=2
  SSC-Block-TV-Col21 trial 5: mean ARI=0.2702  n=480  75.5s  lambda_e=0.0115, lambda_z=2.14, gamma_q=1.296, block_size=11
  SSC-Block-TV-Col21 trial 6: mean ARI=0.4285  n=480  75.1s  lambda_e=8.627, lambda_z=1.573, gamma_q=0.07013, block_size=10
  SSC-Block-TV-Col21 trial 7: mean ARI=0.6393  n=480  75.4s  lambda_e=0.02264, lambda_z=0.3628, gamma_q=0.003745, block_size=12
  SSC-Block-TV-Col21 trial 8: mean ARI=0.6295  n=480  75.2s  lambda_e=0.3677, lambda_z=0.04557, gamma_q=0.01143, block_size=10
  SSC-Block-TV-Col21 trial 9: mean ARI=0.5684  n=480  75.4s  lambda_e=0.2336, lambda_z=0.1878, gamma_q=0.001189, block_size=8
  SSC-Block-TV-Col21 trial 10: mean ARI=0.3252  n=480  79.2s  lambda_e=0.01151, lambda_z=0.001661, gamma_q=6.473, block_size=2
  SSC-Block-TV-Col21 trial 11: mean ARI=0.6428  n=480  74.9s  lambda_e=0.06092, lambda_z=0.01492, gamma_q=0.01117, block_size=12
  SSC-Block-TV-Col21 trial 12: mean ARI=0.6567  n=480  75.0s  lambda_e=0.03813, lambda_z=0.00583, gamma_q=0.007807, block_size=12
  SSC-Block-TV-Col21 trial 13: mean ARI=0.5987  n=480  74.9s  lambda_e=0.05725, lambda_z=0.005501, gamma_q=0.01374, block_size=12
  SSC-Block-TV-Col21 trial 14: mean ARI=0.6481  n=480  75.3s  lambda_e=0.05946, lambda_z=0.009832, gamma_q=0.01048, block_size=9
  SSC-Block-TV-Col21 trial 15: mean ARI=0.5414  n=480  75.3s  lambda_e=0.05658, lambda_z=0.001084, gamma_q=0.005138, block_size=9
  SSC-Block-TV-Col21 trial 16: mean ARI=0.5014  n=480  76.2s  lambda_e=0.1035, lambda_z=0.007105, gamma_q=0.02235, block_size=5
  SSC-Block-TV-Col21 trial 17: mean ARI=0.4590  n=480  75.2s  lambda_e=0.02851, lambda_z=0.003675, gamma_q=0.03246, block_size=9
  SSC-Block-TV-Col21 trial 18: mean ARI=0.4056  n=480  76.2s  lambda_e=1.931, lambda_z=0.02103, gamma_q=0.2343, block_size=5
  SSC-Block-TV-Col21 trial 19: mean ARI=0.7142  n=480  75.7s  lambda_e=0.0274, lambda_z=0.01052, gamma_q=0.004835, block_size=7
  SSC-Block-TV-Col21 trial 20: mean ARI=0.6347  n=480  77.0s  lambda_e=0.03088, lambda_z=0.002471, gamma_q=0.00336, block_size=4
  SSC-Block-TV-Col21 trial 21: mean ARI=0.6888  n=480  75.6s  lambda_e=0.1058, lambda_z=0.01095, gamma_q=0.007404, block_size=7
  SSC-Block-TV-Col21 trial 22: mean ARI=0.6756  n=480  75.6s  lambda_e=0.1298, lambda_z=0.05669, gamma_q=0.00104, block_size=7
  SSC-Block-TV-Col21 trial 23: mean ARI=0.6642  n=480  75.6s  lambda_e=0.1457, lambda_z=0.06803, gamma_q=0.001105, block_size=7
  SSC-Block-TV-Col21 trial 24: mean ARI=0.7247  n=480  76.0s  lambda_e=0.1075, lambda_z=0.02066, gamma_q=0.002442, block_size=6
  SSC-Block-TV-Col21 trial 25: mean ARI=0.7202  n=480  76.0s  lambda_e=0.2764, lambda_z=0.02184, gamma_q=0.002462, block_size=6
  SSC-Block-TV-Col21 trial 26: mean ARI=0.7181  n=480  75.9s  lambda_e=1.153, lambda_z=0.02243, gamma_q=0.002559, block_size=6
  SSC-Block-TV-Col21 trial 27: mean ARI=0.7394  n=480  77.1s  lambda_e=2.623, lambda_z=0.02327, gamma_q=0.002333, block_size=4
  SSC-Block-TV-Col21 trial 28: mean ARI=0.6988  n=480  77.7s  lambda_e=3.404, lambda_z=0.1123, gamma_q=0.002251, block_size=3
  SSC-Block-TV-Col21 trial 29: mean ARI=0.5478  n=480  77.1s  lambda_e=0.7444, lambda_z=0.1218, gamma_q=0.02642, block_size=4
  SSC-Block-TV-Col21 trial 30: mean ARI=0.7258  n=480  76.3s  lambda_e=4.356, lambda_z=0.02619, gamma_q=0.001798, block_size=5
  SSC-Block-TV-Col21 trial 31: mean ARI=0.7190  n=480  77.1s  lambda_e=4.317, lambda_z=0.02808, gamma_q=0.001965, block_size=5
  SSC-Block-TV-Col21 trial 32: mean ARI=0.6694  n=480  76.0s  lambda_e=1.971, lambda_z=0.06773, gamma_q=0.001767, block_size=6
  SSC-Block-TV-Col21 trial 33: mean ARI=0.7222  n=480  77.2s  lambda_e=2.463, lambda_z=0.01929, gamma_q=0.004995, block_size=4
  SSC-Block-TV-Col21 trial 34: mean ARI=0.6353  n=480  77.2s  lambda_e=5.104, lambda_z=0.1842, gamma_q=0.00523, block_size=4
  SSC-Block-TV-Col21 trial 35: mean ARI=0.7360  n=480  77.6s  lambda_e=2.456, lambda_z=0.04458, gamma_q=0.004437, block_size=3
  SSC-Block-TV-Col21 trial 36: mean ARI=0.7471  n=480  77.8s  lambda_e=1.213, lambda_z=0.03387, gamma_q=0.001382, block_size=3
  SSC-Block-TV-Col21 trial 37: mean ARI=0.7388  n=480  77.8s  lambda_e=1.266, lambda_z=0.03908, gamma_q=0.001394, block_size=3
  SSC-Block-TV-Col21 trial 38: mean ARI=0.5709  n=480  77.8s  lambda_e=1.12, lambda_z=0.4912, gamma_q=0.001005, block_size=3
  SSC-Block-TV-Col21 trial 39: mean ARI=0.6410  n=480  77.8s  lambda_e=0.7541, lambda_z=0.04506, gamma_q=0.01993, block_size=3
    best mean ARI=0.7471  tune 3054.4s  lambda_e=1.213, lambda_z=0.03387, gamma_q=0.001382, block_size=3
  wrote /nfs/turbo/umms-minjilab/lpullela/icassp_ssc_tv2/block_ssc_benchmark/cv/params/surveillance/split_k3_sigmas_min30_trials20_params_knownk_cv_ssc_block_tv_col21_k3_sigma0p5_sigma0.5_fold1.json

=== P1E_S1_C1 train[0] k=3  dim=576  frames=146  σ=0.5  fold=1 ===
  SSC-Block-TV-Col21: k_hat=3  ACC=0.9863  NMI=0.9433  ARI=0.9531  0.2s

=== P1E_S1_C1 train[1] k=3  dim=576  frames=130  σ=0.5  fold=1 ===
  SSC-Block-TV-Col21: k_hat=3  ACC=1.0000  NMI=1.0000  ARI=1.0000  0.1s

=== P1E_S1_C1 train[2] k=3  dim=576  frames=140  σ=0.5  fold=1 ===
  SSC-Block-TV-Col21: k_hat=3  ACC=0.9000  NMI=0.7798  ARI=0.7028  0.2s

=== P1E_S1_C1 train[3] k=3  dim=576  frames=157  σ=0.5  fold=1 ===
  SSC-Block-TV-Col21: k_hat=3  ACC=0.5732  NMI=0.6610  ARI=0.4634  0.2s

=== P1E_S1_C1 train[4] k=3  dim=576  frames=151  σ=0.5  fold=1 ===
  SSC-Block-TV-Col21: k_hat=3  ACC=0.5828  NMI=0.6669  ARI=0.4723  0.2s

=== P1E_S1_C1 train[5] k=3  dim=576  frames=140  σ=0.5  fold=1 ===
  SSC-Block-TV-Col21: k_hat=3  ACC=0.8786  NMI=0.7789  ARI=0.7106  0.2s

=== P1E_S1_C1 train[6] k=3  dim=576  frames=171  σ=0.5  fold=1 ===
  SSC-Block-TV-Col21: k_hat=3  ACC=0.9883  NMI=0.9465  ARI=0.9664  0.2s

=== P1E_S1_C2 train[0] k=3  dim=576  frames=147  σ=0.5  fold=1 ===
  SSC-Block-TV-Col21: k_hat=3  ACC=0.9660  NMI=0.8779  ARI=0.8925  0.2s

=== P1E_S1_C2 train[1] k=3  dim=576  frames=104  σ=0.5  fold=1 ===
  SSC-Block-TV-Col21: k_hat=3  ACC=1.0000  NMI=1.0000  ARI=1.0000  0.1s

=== P1E_S1_C2 train[2] k=3  dim=576  frames=138  σ=0.5  fold=1 ===
  SSC-Block-TV-Col21: k_hat=3  ACC=0.5725  NMI=0.5757  ARI=0.4037  0.2s

=== P1E_S1_C2 train[3] k=3  dim=576  frames=113  σ=0.5  fold=1 ===
  SSC-Block-TV-Col21: k_hat=3  ACC=0.6549  NMI=0.5505  ARI=0.4150  0.1s

=== P1E_S1_C2 train[4] k=3  dim=576  frames=122  σ=0.5  fold=1 ===
  SSC-Block-TV-Col21: k_hat=3  ACC=0.5738  NMI=0.6306  ARI=0.4553  0.1s

=== P1E_S1_C2 train[5] k=3  dim=576  frames=122  σ=0.5  fold=1 ===
  SSC-Block-TV-Col21: k_hat=3  ACC=0.9508  NMI=0.8510  ARI=0.8700  0.1s

=== P1E_S1_C2 train[6] k=3  dim=576  frames=134  σ=0.5  fold=1 ===
  SSC-Block-TV-Col21: k_hat=3  ACC=0.9851  NMI=0.9443  ARI=0.9564  0.2s

=== P1E_S1_C3 train[0] k=3  dim=576  frames=58  σ=0.5  fold=1 ===
  SSC-Block-TV-Col21: k_hat=3  ACC=0.8793  NMI=0.7027  ARI=0.6493  0.1s

=== P1E_S1_C3 train[1] k=3  dim=576  frames=47  σ=0.5  fold=1 ===
  SSC-Block-TV-Col21: k_hat=3  ACC=1.0000  NMI=1.0000  ARI=1.0000  0.0s

=== P1E_S1_C3 train[2] k=3  dim=576  frames=61  σ=0.5  fold=1 ===
  SSC-Block-TV-Col21: k_hat=3  ACC=0.8689  NMI=0.7042  ARI=0.7077  0.1s

=== P1E_S1_C3 train[3] k=3  dim=576  frames=37  σ=0.5  fold=1 ===
  SSC-Block-TV-Col21: k_hat=3  ACC=0.6486  NMI=0.4744  ARI=0.3609  0.0s

=== P1E_S1_C3 train[4] k=3  dim=576  frames=55  σ=0.5  fold=1 ===
  SSC-Block-TV-Col21: k_hat=3  ACC=0.9091  NMI=0.7661  ARI=0.7406  0.0s

=== P1E_S1_C3 train[5] k=3  dim=576  frames=51  σ=0.5  fold=1 ===
  SSC-Block-TV-Col21: k_hat=3  ACC=0.9608  NMI=0.8894  ARI=0.8930  0.0s

=== P1E_S1_C3 train[6] k=3  dim=576  frames=69  σ=0.5  fold=1 ===
  SSC-Block-TV-Col21: k_hat=3  ACC=0.9565  NMI=0.8541  ARI=0.8698  0.1s

=== P1E_S2_C1 train[0] k=3  dim=576  frames=167  σ=0.5  fold=1 ===
  SSC-Block-TV-Col21: k_hat=3  ACC=0.8802  NMI=0.7540  ARI=0.6943  0.2s

=== P1E_S2_C1 train[1] k=3  dim=576  frames=136  σ=0.5  fold=1 ===
  SSC-Block-TV-Col21: k_hat=3  ACC=0.8897  NMI=0.7826  ARI=0.7148  0.2s

=== P1E_S2_C1 train[2] k=3  dim=576  frames=180  σ=0.5  fold=1 ===
  SSC-Block-TV-Col21: k_hat=3  ACC=0.5389  NMI=0.6001  ARI=0.4308  0.2s

=== P1E_S2_C1 train[3] k=3  dim=576  frames=149  σ=0.5  fold=1 ===
  SSC-Block-TV-Col21: k_hat=3  ACC=0.5839  NMI=0.6691  ARI=0.4776  0.2s

=== P1E_S2_C1 train[4] k=3  dim=576  frames=124  σ=0.5  fold=1 ===
  SSC-Block-TV-Col21: k_hat=3  ACC=0.5645  NMI=0.6652  ARI=0.4649  0.1s

=== P1E_S2_C1 train[5] k=3  dim=576  frames=161  σ=0.5  fold=1 ===
  SSC-Block-TV-Col21: k_hat=3  ACC=0.7950  NMI=0.6929  ARI=0.5757  0.2s

=== P1E_S2_C1 train[6] k=3  dim=576  frames=153  σ=0.5  fold=1 ===
  SSC-Block-TV-Col21: k_hat=3  ACC=1.0000  NMI=1.0000  ARI=1.0000  0.2s

=== P1E_S2_C2 train[0] k=3  dim=576  frames=146  σ=0.5  fold=1 ===
  SSC-Block-TV-Col21: k_hat=3  ACC=0.9247  NMI=0.7832  ARI=0.7801  0.2s

=== P1E_S2_C2 train[1] k=3  dim=576  frames=109  σ=0.5  fold=1 ===
  SSC-Block-TV-Col21: k_hat=3  ACC=1.0000  NMI=1.0000  ARI=1.0000  0.1s

=== P1E_S2_C2 train[2] k=3  dim=576  frames=144  σ=0.5  fold=1 ===
  SSC-Block-TV-Col21: k_hat=3  ACC=0.8125  NMI=0.6198  ARI=0.5388  0.2s

=== P1E_S2_C2 train[3] k=3  dim=576  frames=124  σ=0.5  fold=1 ===
  SSC-Block-TV-Col21: k_hat=3  ACC=0.9355  NMI=0.8160  ARI=0.8053  0.1s

=== P1E_S2_C2 train[4] k=3  dim=576  frames=109  σ=0.5  fold=1 ===
  SSC-Block-TV-Col21: k_hat=3  ACC=0.6972  NMI=0.6941  ARI=0.5482  0.1s

=== P1E_S2_C2 train[5] k=3  dim=576  frames=128  σ=0.5  fold=1 ===
  SSC-Block-TV-Col21: k_hat=3  ACC=0.8906  NMI=0.7908  ARI=0.7332  0.1s

=== P1E_S2_C2 train[6] k=3  dim=576  frames=126  σ=0.5  fold=1 ===
  SSC-Block-TV-Col21: k_hat=3  ACC=0.9603  NMI=0.8862  ARI=0.8879  0.1s

=== P1E_S2_C3 train[0] k=3  dim=576  frames=113  σ=0.5  fold=1 ===
  SSC-Block-TV-Col21: k_hat=3  ACC=0.8496  NMI=0.7321  ARI=0.6099  0.1s

=== P1E_S2_C3 train[1] k=3  dim=576  frames=90  σ=0.5  fold=1 ===
  SSC-Block-TV-Col21: k_hat=3  ACC=0.9667  NMI=0.8979  ARI=0.8982  0.1s

=== P1E_S2_C3 train[2] k=3  dim=576  frames=112  σ=0.5  fold=1 ===
  SSC-Block-TV-Col21: k_hat=3  ACC=0.7946  NMI=0.6722  ARI=0.5399  0.1s

=== P1E_S2_C3 train[3] k=3  dim=576  frames=99  σ=0.5  fold=1 ===
  SSC-Block-TV-Col21: k_hat=3  ACC=0.9697  NMI=0.9056  ARI=0.9106  0.1s

=== P1E_S2_C3 train[4] k=3  dim=576  frames=87  σ=0.5  fold=1 ===
  SSC-Block-TV-Col21: k_hat=3  ACC=0.9425  NMI=0.8320  ARI=0.8504  0.1s

=== P1E_S2_C3 train[5] k=3  dim=576  frames=105  σ=0.5  fold=1 ===
  SSC-Block-TV-Col21: k_hat=3  ACC=0.8095  NMI=0.7172  ARI=0.5824  0.1s

=== P1E_S2_C3 train[6] k=3  dim=576  frames=89  σ=0.5  fold=1 ===
  SSC-Block-TV-Col21: k_hat=3  ACC=0.9775  NMI=0.9248  ARI=0.9383  0.1s

=== P1E_S3_C1 train[0] k=3  dim=576  frames=166  σ=0.5  fold=1 ===
  SSC-Block-TV-Col21: k_hat=3  ACC=0.8012  NMI=0.6641  ARI=0.5278  0.2s

=== P1E_S3_C1 train[1] k=3  dim=576  frames=134  σ=0.5  fold=1 ===
  SSC-Block-TV-Col21: k_hat=3  ACC=0.8134  NMI=0.6863  ARI=0.5594  0.2s

=== P1E_S3_C1 train[2] k=3  dim=576  frames=161  σ=0.5  fold=1 ===
  SSC-Block-TV-Col21: k_hat=3  ACC=0.7888  NMI=0.7131  ARI=0.5833  0.2s

=== P1E_S3_C1 train[3] k=3  dim=576  frames=168  σ=0.5  fold=1 ===
  SSC-Block-TV-Col21: k_hat=3  ACC=0.8512  NMI=0.7342  ARI=0.6087  0.2s

=== P1E_S3_C1 train[4] k=3  dim=576  frames=123  σ=0.5  fold=1 ===
  SSC-Block-TV-Col21: k_hat=3  ACC=0.5122  NMI=0.4251  ARI=0.2437  0.1s

=== P1E_S3_C1 train[5] k=3  dim=576  frames=204  σ=0.5  fold=1 ===
  SSC-Block-TV-Col21: k_hat=3  ACC=0.8333  NMI=0.7497  ARI=0.6689  0.3s

=== P1E_S3_C1 train[6] k=3  dim=576  frames=112  σ=0.5  fold=1 ===
  SSC-Block-TV-Col21: k_hat=3  ACC=0.5357  NMI=0.6101  ARI=0.4211  0.1s

=== P1E_S3_C2 train[0] k=3  dim=576  frames=147  σ=0.5  fold=1 ===
  SSC-Block-TV-Col21: k_hat=3  ACC=0.8435  NMI=0.7178  ARI=0.5769  0.2s

=== P1E_S3_C2 train[1] k=3  dim=576  frames=112  σ=0.5  fold=1 ===
  SSC-Block-TV-Col21: k_hat=3  ACC=0.8750  NMI=0.7161  ARI=0.6535  0.1s

=== P1E_S3_C2 train[2] k=3  dim=576  frames=168  σ=0.5  fold=1 ===
  SSC-Block-TV-Col21: k_hat=3  ACC=0.7500  NMI=0.6014  ARI=0.4948  0.2s

=== P1E_S3_C2 train[3] k=3  dim=576  frames=169  σ=0.5  fold=1 ===
  SSC-Block-TV-Col21: k_hat=3  ACC=0.8166  NMI=0.6918  ARI=0.5939  0.2s

=== P1E_S3_C2 train[4] k=3  dim=576  frames=107  σ=0.5  fold=1 ===
  SSC-Block-TV-Col21: k_hat=3  ACC=0.5888  NMI=0.6662  ARI=0.4710  0.1s

=== P1E_S3_C2 train[5] k=3  dim=576  frames=146  σ=0.5  fold=1 ===
  SSC-Block-TV-Col21: k_hat=3  ACC=0.8493  NMI=0.7187  ARI=0.5840  0.2s

=== P1E_S3_C2 train[6] k=3  dim=576  frames=114  σ=0.5  fold=1 ===
  SSC-Block-TV-Col21: k_hat=3  ACC=0.9649  NMI=0.8788  ARI=0.9189  0.1s

=== P1E_S3_C3 train[0] k=3  dim=576  frames=105  σ=0.5  fold=1 ===
  SSC-Block-TV-Col21: k_hat=3  ACC=1.0000  NMI=1.0000  ARI=1.0000  0.1s

=== P1E_S3_C3 train[1] k=3  dim=576  frames=84  σ=0.5  fold=1 ===
  SSC-Block-TV-Col21: k_hat=3  ACC=0.9881  NMI=0.9525  ARI=0.9657  0.1s

=== P1E_S3_C3 train[2] k=3  dim=576  frames=125  σ=0.5  fold=1 ===
  SSC-Block-TV-Col21: k_hat=3  ACC=0.9520  NMI=0.8652  ARI=0.8522  0.1s

=== P1E_S3_C3 train[3] k=3  dim=576  frames=128  σ=0.5  fold=1 ===
  SSC-Block-TV-Col21: k_hat=3  ACC=0.7344  NMI=0.6428  ARI=0.5158  0.1s

=== P1E_S3_C3 train[4] k=3  dim=576  frames=83  σ=0.5  fold=1 ===
  SSC-Block-TV-Col21: k_hat=3  ACC=0.9398  NMI=0.8539  ARI=0.8439  0.1s

=== P1E_S3_C3 train[5] k=3  dim=576  frames=129  σ=0.5  fold=1 ===
  SSC-Block-TV-Col21: k_hat=3  ACC=0.5349  NMI=0.6553  ARI=0.4505  0.1s

=== P1E_S3_C3 train[6] k=3  dim=576  frames=84  σ=0.5  fold=1 ===
  SSC-Block-TV-Col21: k_hat=3  ACC=0.9881  NMI=0.9523  ARI=0.9667  0.1s

=== P1E_S4_C1 train[0] k=3  dim=576  frames=158  σ=0.5  fold=1 ===
  SSC-Block-TV-Col21: k_hat=3  ACC=0.8481  NMI=0.7167  ARI=0.5780  0.2s

=== P1E_S4_C1 train[1] k=3  dim=576  frames=155  σ=0.5  fold=1 ===
  SSC-Block-TV-Col21: k_hat=3  ACC=0.8774  NMI=0.7707  ARI=0.6882  0.2s

=== P1E_S4_C1 train[2] k=3  dim=576  frames=182  σ=0.5  fold=1 ===
  SSC-Block-TV-Col21: k_hat=3  ACC=0.8571  NMI=0.7348  ARI=0.6566  0.2s

=== P1E_S4_C1 train[3] k=3  dim=576  frames=180  σ=0.5  fold=1 ===
  SSC-Block-TV-Col21: k_hat=3  ACC=0.7944  NMI=0.7140  ARI=0.5729  0.2s

=== P1E_S4_C1 train[4] k=3  dim=576  frames=133  σ=0.5  fold=1 ===
  SSC-Block-TV-Col21: k_hat=3  ACC=0.6466  NMI=0.6651  ARI=0.4918  0.2s

=== P1E_S4_C1 train[5] k=3  dim=576  frames=147  σ=0.5  fold=1 ===
  SSC-Block-TV-Col21: k_hat=3  ACC=0.5170  NMI=0.4759  ARI=0.3083  0.2s

=== P1E_S4_C1 train[6] k=3  dim=576  frames=145  σ=0.5  fold=1 ===
  SSC-Block-TV-Col21: k_hat=3  ACC=0.9310  NMI=0.8412  ARI=0.8256  0.2s

=== P1E_S4_C2 train[0] k=3  dim=576  frames=117  σ=0.5  fold=1 ===
  SSC-Block-TV-Col21: k_hat=3  ACC=0.9402  NMI=0.8157  ARI=0.8311  0.1s

=== P1E_S4_C2 train[1] k=3  dim=576  frames=122  σ=0.5  fold=1 ===
  SSC-Block-TV-Col21: k_hat=3  ACC=0.9672  NMI=0.8994  ARI=0.9028  0.1s

=== P1E_S4_C2 train[2] k=3  dim=576  frames=126  σ=0.5  fold=1 ===
  SSC-Block-TV-Col21: k_hat=3  ACC=0.9762  NMI=0.9043  ARI=0.9252  0.1s

=== P1E_S4_C2 train[3] k=3  dim=576  frames=140  σ=0.5  fold=1 ===
  SSC-Block-TV-Col21: k_hat=3  ACC=0.9929  NMI=0.9670  ARI=0.9771  0.2s

=== P1E_S4_C2 train[4] k=3  dim=576  frames=129  σ=0.5  fold=1 ===
  SSC-Block-TV-Col21: k_hat=3  ACC=0.5581  NMI=0.6606  ARI=0.4599  0.1s

=== P1E_S4_C2 train[5] k=3  dim=576  frames=146  σ=0.5  fold=1 ===
  SSC-Block-TV-Col21: k_hat=3  ACC=0.9452  NMI=0.8428  ARI=0.8515  0.2s

=== P1E_S4_C2 train[6] k=3  dim=576  frames=110  σ=0.5  fold=1 ===
  SSC-Block-TV-Col21: k_hat=3  ACC=0.9909  NMI=0.9623  ARI=0.9753  0.1s

=== P1E_S4_C3 train[0] k=3  dim=576  frames=90  σ=0.5  fold=1 ===
  SSC-Block-TV-Col21: k_hat=3  ACC=0.9000  NMI=0.7358  ARI=0.7102  0.1s

=== P1E_S4_C3 train[1] k=3  dim=576  frames=85  σ=0.5  fold=1 ===
  SSC-Block-TV-Col21: k_hat=3  ACC=0.9765  NMI=0.9220  ARI=0.9313  0.1s

=== P1E_S4_C3 train[2] k=3  dim=576  frames=105  σ=0.5  fold=1 ===
  SSC-Block-TV-Col21: k_hat=3  ACC=0.8381  NMI=0.6649  ARI=0.6154  0.1s

=== P1E_S4_C3 train[3] k=3  dim=576  frames=87  σ=0.5  fold=1 ===
  SSC-Block-TV-Col21: k_hat=3  ACC=0.9885  NMI=0.9539  ARI=0.9649  0.1s

=== P1E_S4_C3 train[4] k=3  dim=576  frames=76  σ=0.5  fold=1 ===
  SSC-Block-TV-Col21: k_hat=3  ACC=0.9605  NMI=0.8885  ARI=0.8936  0.1s

=== P1E_S4_C3 train[5] k=3  dim=576  frames=106  σ=0.5  fold=1 ===
  SSC-Block-TV-Col21: k_hat=3  ACC=0.9434  NMI=0.8274  ARI=0.8500  0.1s

=== P1E_S4_C3 train[6] k=3  dim=576  frames=79  σ=0.5  fold=1 ===
  SSC-Block-TV-Col21: k_hat=3  ACC=0.9241  NMI=0.7978  ARI=0.7926  0.1s

=== P1L_S1_C1 train[0] k=3  dim=576  frames=162  σ=0.5  fold=1 ===
  SSC-Block-TV-Col21: k_hat=3  ACC=0.9630  NMI=0.8930  ARI=0.8971  0.2s

=== P1L_S1_C1 train[1] k=3  dim=576  frames=155  σ=0.5  fold=1 ===
  SSC-Block-TV-Col21: k_hat=3  ACC=1.0000  NMI=1.0000  ARI=1.0000  0.2s

=== P1L_S1_C1 train[2] k=3  dim=576  frames=182  σ=0.5  fold=1 ===
  SSC-Block-TV-Col21: k_hat=3  ACC=0.9231  NMI=0.8103  ARI=0.8031  0.2s

=== P1L_S1_C1 train[3] k=3  dim=576  frames=198  σ=0.5  fold=1 ===
  SSC-Block-TV-Col21: k_hat=3  ACC=0.7323  NMI=0.6955  ARI=0.5444  0.3s

=== P1L_S1_C1 train[4] k=3  dim=576  frames=166  σ=0.5  fold=1 ===
  SSC-Block-TV-Col21: k_hat=3  ACC=1.0000  NMI=1.0000  ARI=1.0000  0.2s

=== P1L_S1_C1 train[5] k=3  dim=576  frames=116  σ=0.5  fold=1 ===
  SSC-Block-TV-Col21: k_hat=3  ACC=0.7069  NMI=0.4839  ARI=0.3090  0.1s

=== P1L_S1_C1 train[6] k=3  dim=576  frames=175  σ=0.5  fold=1 ===
  SSC-Block-TV-Col21: k_hat=3  ACC=0.9943  NMI=0.9736  ARI=0.9843  0.2s

=== P1L_S1_C2 train[0] k=3  dim=576  frames=186  σ=0.5  fold=1 ===
  SSC-Block-TV-Col21: k_hat=3  ACC=0.7688  NMI=0.6813  ARI=0.5085  0.2s

=== P1L_S1_C2 train[1] k=3  dim=576  frames=147  σ=0.5  fold=1 ===
  SSC-Block-TV-Col21: k_hat=3  ACC=0.8299  NMI=0.7189  ARI=0.5818  0.2s

=== P1L_S1_C2 train[2] k=3  dim=576  frames=181  σ=0.5  fold=1 ===
  SSC-Block-TV-Col21: k_hat=3  ACC=0.8287  NMI=0.7033  ARI=0.5931  0.2s

=== P1L_S1_C2 train[3] k=3  dim=576  frames=128  σ=0.5  fold=1 ===
  SSC-Block-TV-Col21: k_hat=3  ACC=0.5703  NMI=0.6670  ARI=0.4701  0.1s

=== P1L_S1_C2 train[4] k=3  dim=576  frames=154  σ=0.5  fold=1 ===
  SSC-Block-TV-Col21: k_hat=3  ACC=0.5065  NMI=0.6566  ARI=0.4500  0.2s

=== P1L_S1_C2 train[5] k=3  dim=576  frames=142  σ=0.5  fold=1 ===
  SSC-Block-TV-Col21: k_hat=3  ACC=0.8239  NMI=0.7102  ARI=0.5692  0.2s

=== P1L_S1_C2 train[6] k=3  dim=576  frames=168  σ=0.5  fold=1 ===
  SSC-Block-TV-Col21: k_hat=3  ACC=0.6548  NMI=0.4186  ARI=0.2090  0.2s

=== P1L_S1_C3 train[0] k=3  dim=576  frames=60  σ=0.5  fold=1 ===
  SSC-Block-TV-Col21: k_hat=3  ACC=0.5000  NMI=0.5796  ARI=0.3873  0.1s

=== P1L_S1_C3 train[1] k=3  dim=576  frames=65  σ=0.5  fold=1 ===
  SSC-Block-TV-Col21: k_hat=3  ACC=0.9231  NMI=0.8192  ARI=0.7746  0.1s

=== P1L_S1_C3 train[2] k=3  dim=576  frames=74  σ=0.5  fold=1 ===
  SSC-Block-TV-Col21: k_hat=3  ACC=0.5811  NMI=0.6230  ARI=0.4548  0.1s

=== P1L_S1_C3 train[3] k=3  dim=576  frames=73  σ=0.5  fold=1 ===
  SSC-Block-TV-Col21: k_hat=3  ACC=0.6164  NMI=0.6042  ARI=0.4366  0.1s

=== P1L_S1_C3 train[4] k=3  dim=576  frames=64  σ=0.5  fold=1 ===
  SSC-Block-TV-Col21: k_hat=3  ACC=0.8438  NMI=0.6679  ARI=0.6290  0.1s

=== P1L_S1_C3 train[5] k=3  dim=576  frames=63  σ=0.5  fold=1 ===
  SSC-Block-TV-Col21: k_hat=3  ACC=0.6349  NMI=0.6300  ARI=0.5013  0.1s

=== P1L_S1_C3 train[6] k=3  dim=576  frames=75  σ=0.5  fold=1 ===
  SSC-Block-TV-Col21: k_hat=3  ACC=0.9867  NMI=0.9474  ARI=0.9569  0.1s

=== P1L_S2_C1 train[0] k=3  dim=576  frames=211  σ=0.5  fold=1 ===
  SSC-Block-TV-Col21: k_hat=3  ACC=0.8057  NMI=0.7153  ARI=0.5921  0.3s

=== P1L_S2_C1 train[1] k=3  dim=576  frames=180  σ=0.5  fold=1 ===
  SSC-Block-TV-Col21: k_hat=3  ACC=1.0000  NMI=1.0000  ARI=1.0000  0.2s

=== P1L_S2_C1 train[2] k=3  dim=576  frames=177  σ=0.5  fold=1 ===
  SSC-Block-TV-Col21: k_hat=3  ACC=0.7345  NMI=0.6855  ARI=0.5706  0.2s

=== P1L_S2_C1 train[3] k=3  dim=576  frames=172  σ=0.5  fold=1 ===
  SSC-Block-TV-Col21: k_hat=3  ACC=0.9767  NMI=0.9235  ARI=0.9437  0.2s

=== P1L_S2_C1 train[4] k=3  dim=576  frames=179  σ=0.5  fold=1 ===
  SSC-Block-TV-Col21: k_hat=3  ACC=0.9888  NMI=0.9558  ARI=0.9703  0.2s

=== P1L_S2_C1 train[5] k=3  dim=576  frames=180  σ=0.5  fold=1 ===
  SSC-Block-TV-Col21: k_hat=3  ACC=0.5167  NMI=0.2903  ARI=0.0862  0.2s

=== P1L_S2_C1 train[6] k=3  dim=576  frames=133  σ=0.5  fold=1 ===
  SSC-Block-TV-Col21: k_hat=3  ACC=1.0000  NMI=1.0000  ARI=1.0000  0.2s

=== P1L_S2_C2 train[0] k=3  dim=576  frames=194  σ=0.5  fold=1 ===
  SSC-Block-TV-Col21: k_hat=3  ACC=0.9897  NMI=0.9537  ARI=0.9641  0.3s

=== P1L_S2_C2 train[1] k=3  dim=576  frames=134  σ=0.5  fold=1 ===
  SSC-Block-TV-Col21: k_hat=3  ACC=1.0000  NMI=1.0000  ARI=1.0000  0.2s

=== P1L_S2_C2 train[2] k=3  dim=576  frames=186  σ=0.5  fold=1 ===
  SSC-Block-TV-Col21: k_hat=3  ACC=0.9570  NMI=0.8560  ARI=0.8853  0.2s

=== P1L_S2_C2 train[3] k=3  dim=576  frames=201  σ=0.5  fold=1 ===
  SSC-Block-TV-Col21: k_hat=3  ACC=0.9602  NMI=0.8613  ARI=0.8806  0.3s

=== P1L_S2_C2 train[4] k=3  dim=576  frames=171  σ=0.5  fold=1 ===
  SSC-Block-TV-Col21: k_hat=3  ACC=0.8421  NMI=0.7405  ARI=0.6266  0.2s

=== P1L_S2_C2 train[5] k=3  dim=576  frames=160  σ=0.5  fold=1 ===
  SSC-Block-TV-Col21: k_hat=3  ACC=0.6125  NMI=0.6196  ARI=0.4654  0.2s

=== P1L_S2_C2 train[6] k=3  dim=576  frames=154  σ=0.5  fold=1 ===
  SSC-Block-TV-Col21: k_hat=3  ACC=0.8636  NMI=0.7341  ARI=0.7077  0.2s

=== P1L_S2_C3 train[0] k=3  dim=576  frames=119  σ=0.5  fold=1 ===
  SSC-Block-TV-Col21: k_hat=3  ACC=1.0000  NMI=1.0000  ARI=1.0000  0.1s

=== P1L_S2_C3 train[1] k=3  dim=576  frames=85  σ=0.5  fold=1 ===
  SSC-Block-TV-Col21: k_hat=3  ACC=1.0000  NMI=1.0000  ARI=1.0000  0.1s

=== P1L_S2_C3 train[2] k=3  dim=576  frames=112  σ=0.5  fold=1 ===
  SSC-Block-TV-Col21: k_hat=3  ACC=0.5982  NMI=0.6669  ARI=0.4747  0.1s

=== P1L_S2_C3 train[3] k=3  dim=576  frames=126  σ=0.5  fold=1 ===
  SSC-Block-TV-Col21: k_hat=3  ACC=0.8651  NMI=0.7610  ARI=0.6671  0.1s

=== P1L_S2_C3 train[4] k=3  dim=576  frames=102  σ=0.5  fold=1 ===
  SSC-Block-TV-Col21: k_hat=3  ACC=0.8137  NMI=0.7276  ARI=0.6050  0.1s

=== P1L_S2_C3 train[5] k=3  dim=576  frames=121  σ=0.5  fold=1 ===
  SSC-Block-TV-Col21: k_hat=3  ACC=0.9174  NMI=0.7986  ARI=0.7946  0.1s

=== P1L_S2_C3 train[6] k=3  dim=576  frames=99  σ=0.5  fold=1 ===
  SSC-Block-TV-Col21: k_hat=3  ACC=0.9798  NMI=0.9303  ARI=0.9424  0.1s

=== P1L_S3_C1 train[0] k=3  dim=576  frames=156  σ=0.5  fold=1 ===
  SSC-Block-TV-Col21: k_hat=3  ACC=0.4295  NMI=0.2486  ARI=0.0025  0.2s

=== P1L_S3_C1 train[1] k=3  dim=576  frames=185  σ=0.5  fold=1 ===
  SSC-Block-TV-Col21: k_hat=3  ACC=0.9946  NMI=0.9747  ARI=0.9834  0.2s

=== P1L_S3_C1 train[2] k=3  dim=576  frames=156  σ=0.5  fold=1 ===
  SSC-Block-TV-Col21: k_hat=3  ACC=0.6474  NMI=0.6812  ARI=0.5139  0.2s

=== P1L_S3_C1 train[3] k=3  dim=576  frames=159  σ=0.5  fold=1 ===
  SSC-Block-TV-Col21: k_hat=3  ACC=0.7799  NMI=0.5862  ARI=0.4594  0.2s

=== P1L_S3_C1 train[4] k=3  dim=576  frames=172  σ=0.5  fold=1 ===
  SSC-Block-TV-Col21: k_hat=3  ACC=0.8372  NMI=0.7419  ARI=0.6341  0.2s

=== P1L_S3_C1 train[5] k=3  dim=576  frames=176  σ=0.5  fold=1 ===
  SSC-Block-TV-Col21: k_hat=3  ACC=0.6364  NMI=0.4186  ARI=0.2282  0.2s

=== P1L_S3_C1 train[6] k=3  dim=576  frames=134  σ=0.5  fold=1 ===
  SSC-Block-TV-Col21: k_hat=3  ACC=0.9925  NMI=0.9658  ARI=0.9752  0.2s

=== P1L_S3_C2 train[0] k=3  dim=576  frames=185  σ=0.5  fold=1 ===
  SSC-Block-TV-Col21: k_hat=3  ACC=0.8486  NMI=0.6550  ARI=0.5995  0.2s

=== P1L_S3_C2 train[1] k=3  dim=576  frames=166  σ=0.5  fold=1 ===
  SSC-Block-TV-Col21: k_hat=3  ACC=0.9940  NMI=0.9727  ARI=0.9829  0.2s

=== P1L_S3_C2 train[2] k=3  dim=576  frames=209  σ=0.5  fold=1 ===
  SSC-Block-TV-Col21: k_hat=3  ACC=0.7321  NMI=0.5271  ARI=0.4184  0.3s

=== P1L_S3_C2 train[3] k=3  dim=576  frames=168  σ=0.5  fold=1 ===
  SSC-Block-TV-Col21: k_hat=3  ACC=0.9821  NMI=0.9369  ARI=0.9601  0.2s

=== P1L_S3_C2 train[4] k=3  dim=576  frames=187  σ=0.5  fold=1 ===
  SSC-Block-TV-Col21: k_hat=3  ACC=0.5508  NMI=0.5752  ARI=0.3985  0.3s

=== P1L_S3_C2 train[5] k=3  dim=576  frames=229  σ=0.5  fold=1 ===
  SSC-Block-TV-Col21: k_hat=3  ACC=0.5197  NMI=0.6157  ARI=0.4289  0.4s

=== P1L_S3_C2 train[6] k=3  dim=576  frames=136  σ=0.5  fold=1 ===
  SSC-Block-TV-Col21: k_hat=3  ACC=0.9559  NMI=0.8746  ARI=0.8649  0.2s

=== P1L_S3_C3 train[0] k=3  dim=576  frames=151  σ=0.5  fold=1 ===
  SSC-Block-TV-Col21: k_hat=3  ACC=1.0000  NMI=1.0000  ARI=1.0000  0.2s

=== P1L_S3_C3 train[1] k=3  dim=576  frames=121  σ=0.5  fold=1 ===
  SSC-Block-TV-Col21: k_hat=3  ACC=1.0000  NMI=1.0000  ARI=1.0000  0.1s

=== P1L_S3_C3 train[2] k=3  dim=576  frames=142  σ=0.5  fold=1 ===
  SSC-Block-TV-Col21: k_hat=3  ACC=1.0000  NMI=1.0000  ARI=1.0000  0.2s

=== P1L_S3_C3 train[3] k=3  dim=576  frames=134  σ=0.5  fold=1 ===
  SSC-Block-TV-Col21: k_hat=3  ACC=0.8507  NMI=0.7327  ARI=0.6091  0.2s

=== P1L_S3_C3 train[4] k=3  dim=576  frames=110  σ=0.5  fold=1 ===
  SSC-Block-TV-Col21: k_hat=3  ACC=0.8636  NMI=0.7613  ARI=0.6732  0.1s

=== P1L_S3_C3 train[5] k=3  dim=576  frames=161  σ=0.5  fold=1 ===
  SSC-Block-TV-Col21: k_hat=3  ACC=0.8323  NMI=0.7023  ARI=0.6433  0.2s

=== P1L_S3_C3 train[6] k=3  dim=576  frames=114  σ=0.5  fold=1 ===
  SSC-Block-TV-Col21: k_hat=3  ACC=0.9912  NMI=0.9630  ARI=0.9763  0.1s

=== P1L_S4_C1 train[0] k=3  dim=576  frames=200  σ=0.5  fold=1 ===
  SSC-Block-TV-Col21: k_hat=3  ACC=0.7350  NMI=0.6902  ARI=0.5295  0.3s

=== P1L_S4_C1 train[1] k=3  dim=576  frames=154  σ=0.5  fold=1 ===
  SSC-Block-TV-Col21: k_hat=3  ACC=1.0000  NMI=1.0000  ARI=1.0000  0.2s

=== P1L_S4_C1 train[2] k=3  dim=576  frames=168  σ=0.5  fold=1 ===
  SSC-Block-TV-Col21: k_hat=3  ACC=0.8929  NMI=0.7744  ARI=0.6916  0.2s

=== P1L_S4_C1 train[3] k=3  dim=576  frames=142  σ=0.5  fold=1 ===
  SSC-Block-TV-Col21: k_hat=3  ACC=1.0000  NMI=1.0000  ARI=1.0000  0.2s

=== P1L_S4_C1 train[4] k=3  dim=576  frames=164  σ=0.5  fold=1 ===
  SSC-Block-TV-Col21: k_hat=3  ACC=0.9573  NMI=0.8816  ARI=0.8804  0.2s

=== P1L_S4_C1 train[5] k=3  dim=576  frames=187  σ=0.5  fold=1 ===
  SSC-Block-TV-Col21: k_hat=3  ACC=0.5882  NMI=0.4459  ARI=0.2790  0.3s

=== P1L_S4_C1 train[6] k=3  dim=576  frames=202  σ=0.5  fold=1 ===
  SSC-Block-TV-Col21: k_hat=3  ACC=0.9901  NMI=0.9593  ARI=0.9706  0.3s

=== P1L_S4_C2 train[0] k=3  dim=576  frames=157  σ=0.5  fold=1 ===
  SSC-Block-TV-Col21: k_hat=3  ACC=0.7771  NMI=0.6675  ARI=0.4827  0.2s

=== P1L_S4_C2 train[1] k=3  dim=576  frames=175  σ=0.5  fold=1 ===
  SSC-Block-TV-Col21: k_hat=3  ACC=1.0000  NMI=1.0000  ARI=1.0000  0.2s

=== P1L_S4_C2 train[2] k=3  dim=576  frames=168  σ=0.5  fold=1 ===
  SSC-Block-TV-Col21: k_hat=3  ACC=0.8571  NMI=0.7125  ARI=0.6257  0.2s

=== P1L_S4_C2 train[3] k=3  dim=576  frames=154  σ=0.5  fold=1 ===
  SSC-Block-TV-Col21: k_hat=3  ACC=0.8896  NMI=0.7374  ARI=0.6676  0.2s

=== P1L_S4_C2 train[4] k=3  dim=576  frames=152  σ=0.5  fold=1 ===
  SSC-Block-TV-Col21: k_hat=3  ACC=0.8618  NMI=0.7611  ARI=0.6804  0.2s

=== P1L_S4_C2 train[5] k=3  dim=576  frames=169  σ=0.5  fold=1 ===
  SSC-Block-TV-Col21: k_hat=3  ACC=0.9172  NMI=0.8238  ARI=0.8129  0.2s

=== P1L_S4_C2 train[6] k=3  dim=576  frames=153  σ=0.5  fold=1 ===
  SSC-Block-TV-Col21: k_hat=3  ACC=0.8562  NMI=0.7070  ARI=0.6032  0.2s

=== P1L_S4_C3 train[0] k=3  dim=576  frames=96  σ=0.5  fold=1 ===
  SSC-Block-TV-Col21: k_hat=3  ACC=1.0000  NMI=1.0000  ARI=1.0000  0.1s

=== P1L_S4_C3 train[1] k=3  dim=576  frames=94  σ=0.5  fold=1 ===
  SSC-Block-TV-Col21: k_hat=3  ACC=1.0000  NMI=1.0000  ARI=1.0000  0.1s

=== P1L_S4_C3 train[2] k=3  dim=576  frames=117  σ=0.5  fold=1 ===
  SSC-Block-TV-Col21: k_hat=3  ACC=0.6410  NMI=0.6653  ARI=0.4934  0.1s

=== P1L_S4_C3 train[3] k=3  dim=576  frames=112  σ=0.5  fold=1 ===
  SSC-Block-TV-Col21: k_hat=3  ACC=0.7768  NMI=0.7083  ARI=0.5595  0.1s

=== P1L_S4_C3 train[4] k=3  dim=576  frames=103  σ=0.5  fold=1 ===
  SSC-Block-TV-Col21: k_hat=3  ACC=0.5243  NMI=0.6387  ARI=0.4282  0.1s

=== P1L_S4_C3 train[5] k=3  dim=576  frames=105  σ=0.5  fold=1 ===
  SSC-Block-TV-Col21: k_hat=3  ACC=0.5333  NMI=0.6115  ARI=0.4223  0.1s

=== P1L_S4_C3 train[6] k=3  dim=576  frames=107  σ=0.5  fold=1 ===
  SSC-Block-TV-Col21: k_hat=3  ACC=0.9720  NMI=0.9111  ARI=0.9208  0.1s

=== P1E_S1_C1 test[0] k=3  dim=576  frames=153  σ=0.5  fold=1 ===
  SSC-Block-TV-Col21: k_hat=3  ACC=0.9935  NMI=0.9706  ARI=0.9801  0.2s

=== P1E_S1_C2 test[0] k=3  dim=576  frames=115  σ=0.5  fold=1 ===
  SSC-Block-TV-Col21: k_hat=3  ACC=0.9652  NMI=0.8758  ARI=0.8915  0.1s

=== P1E_S1_C3 test[0] k=3  dim=576  frames=56  σ=0.5  fold=1 ===
  SSC-Block-TV-Col21: k_hat=3  ACC=1.0000  NMI=1.0000  ARI=1.0000  0.1s

=== P1E_S2_C1 test[0] k=3  dim=576  frames=151  σ=0.5  fold=1 ===
  SSC-Block-TV-Col21: k_hat=3  ACC=0.7616  NMI=0.6580  ARI=0.5405  0.2s

=== P1E_S2_C2 test[0] k=3  dim=576  frames=115  σ=0.5  fold=1 ===
  SSC-Block-TV-Col21: k_hat=3  ACC=0.8783  NMI=0.7405  ARI=0.6733  0.1s

=== P1E_S2_C3 test[0] k=3  dim=576  frames=88  σ=0.5  fold=1 ===
  SSC-Block-TV-Col21: k_hat=3  ACC=1.0000  NMI=1.0000  ARI=1.0000  0.1s

=== P1E_S3_C1 test[0] k=3  dim=576  frames=139  σ=0.5  fold=1 ===
  SSC-Block-TV-Col21: k_hat=3  ACC=0.7266  NMI=0.6971  ARI=0.5474  0.2s

=== P1E_S3_C2 test[0] k=3  dim=576  frames=120  σ=0.5  fold=1 ===
  SSC-Block-TV-Col21: k_hat=3  ACC=0.8000  NMI=0.6966  ARI=0.5244  0.1s

=== P1E_S3_C3 test[0] k=3  dim=576  frames=89  σ=0.5  fold=1 ===
  SSC-Block-TV-Col21: k_hat=3  ACC=0.9888  NMI=0.9531  ARI=0.9640  0.1s

=== P1E_S4_C1 test[0] k=3  dim=576  frames=107  σ=0.5  fold=1 ===
  SSC-Block-TV-Col21: k_hat=3  ACC=1.0000  NMI=1.0000  ARI=1.0000  0.1s

=== P1E_S4_C2 test[0] k=3  dim=576  frames=125  σ=0.5  fold=1 ===
  SSC-Block-TV-Col21: k_hat=3  ACC=0.9600  NMI=0.8660  ARI=0.8811  0.1s

=== P1E_S4_C3 test[0] k=3  dim=576  frames=64  σ=0.5  fold=1 ===
  SSC-Block-TV-Col21: k_hat=3  ACC=0.9531  NMI=0.8747  ARI=0.8720  0.1s

=== P1L_S1_C1 test[0] k=3  dim=576  frames=170  σ=0.5  fold=1 ===
  SSC-Block-TV-Col21: k_hat=3  ACC=0.7176  NMI=0.6567  ARI=0.4543  0.2s

=== P1L_S1_C2 test[0] k=3  dim=576  frames=137  σ=0.5  fold=1 ===
  SSC-Block-TV-Col21: k_hat=3  ACC=0.8029  NMI=0.7019  ARI=0.5528  0.2s

=== P1L_S1_C3 test[0] k=3  dim=576  frames=68  σ=0.5  fold=1 ===
  SSC-Block-TV-Col21: k_hat=3  ACC=1.0000  NMI=1.0000  ARI=1.0000  0.1s

=== P1L_S2_C1 test[0] k=3  dim=576  frames=190  σ=0.5  fold=1 ===
  SSC-Block-TV-Col21: k_hat=3  ACC=0.7158  NMI=0.6703  ARI=0.4873  0.3s

=== P1L_S2_C2 test[0] k=3  dim=576  frames=155  σ=0.5  fold=1 ===
  SSC-Block-TV-Col21: k_hat=3  ACC=0.9806  NMI=0.9316  ARI=0.9416  0.2s

=== P1L_S2_C3 test[0] k=3  dim=576  frames=101  σ=0.5  fold=1 ===
  SSC-Block-TV-Col21: k_hat=3  ACC=0.9901  NMI=0.9577  ARI=0.9692  0.1s

=== P1L_S3_C1 test[0] k=3  dim=576  frames=120  σ=0.5  fold=1 ===
  SSC-Block-TV-Col21: k_hat=3  ACC=0.9583  NMI=0.8759  ARI=0.8691  0.1s

=== P1L_S3_C2 test[0] k=3  dim=576  frames=125  σ=0.5  fold=1 ===
  SSC-Block-TV-Col21: k_hat=3  ACC=0.8160  NMI=0.6660  ARI=0.5950  0.1s

=== P1L_S3_C3 test[0] k=3  dim=576  frames=118  σ=0.5  fold=1 ===
  SSC-Block-TV-Col21: k_hat=3  ACC=0.8983  NMI=0.7946  ARI=0.7354  0.1s

=== P1L_S4_C1 test[0] k=3  dim=576  frames=157  σ=0.5  fold=1 ===
  SSC-Block-TV-Col21: k_hat=3  ACC=1.0000  NMI=1.0000  ARI=1.0000  0.2s

=== P1L_S4_C2 test[0] k=3  dim=576  frames=149  σ=0.5  fold=1 ===
  SSC-Block-TV-Col21: k_hat=3  ACC=0.9396  NMI=0.8435  ARI=0.8159  0.2s

=== P1L_S4_C3 test[0] k=3  dim=576  frames=107  σ=0.5  fold=1 ===
  SSC-Block-TV-Col21: k_hat=3  ACC=1.0000  NMI=1.0000  ARI=1.0000  0.1s
  tune_pool_groups=20: sampling from 22 held-in people (overlap allowed) instead of the 7 fixed partition group(s)

============================================================
σ=0.5 fold=2  test=['0009', '0019', '0026']  train mats=168  test mats=24  tune mats=480
  --- tune SSC-Block-TV-Col21 over 480 train mats  n_trials=40 (4 params) ---
  SSC-Block-TV-Col21 trial 0: mean ARI=0.3623  n=480  76.8s  lambda_e=1, lambda_z=0.1, gamma_q=0.1, block_size=5
  SSC-Block-TV-Col21 trial 1: mean ARI=0.3462  n=480  76.8s  lambda_e=0.443, lambda_z=0.7257, gamma_q=0.2577, block_size=7
  SSC-Block-TV-Col21 trial 2: mean ARI=0.4066  n=480  76.0s  lambda_e=0.1866, lambda_z=0.3833, gamma_q=0.05628, block_size=11
  SSC-Block-TV-Col21 trial 3: mean ARI=0.3098  n=480  76.8s  lambda_e=7.78, lambda_z=0.03418, gamma_q=1.469, block_size=7
  SSC-Block-TV-Col21 trial 4: mean ARI=0.5377  n=480  80.2s  lambda_e=0.506, lambda_z=5.039, gamma_q=0.001924, block_size=2
  SSC-Block-TV-Col21 trial 5: mean ARI=0.2715  n=480  76.0s  lambda_e=0.0115, lambda_z=2.14, gamma_q=1.296, block_size=11
  SSC-Block-TV-Col21 trial 6: mean ARI=0.3934  n=480  75.8s  lambda_e=8.627, lambda_z=1.573, gamma_q=0.07013, block_size=10
  SSC-Block-TV-Col21 trial 7: mean ARI=0.5711  n=480  75.8s  lambda_e=0.02264, lambda_z=0.3628, gamma_q=0.003745, block_size=12
  SSC-Block-TV-Col21 trial 8: mean ARI=0.5645  n=480  75.8s  lambda_e=0.3677, lambda_z=0.04557, gamma_q=0.01143, block_size=10
  SSC-Block-TV-Col21 trial 9: mean ARI=0.5149  n=480  76.0s  lambda_e=0.2336, lambda_z=0.1878, gamma_q=0.001189, block_size=8
  SSC-Block-TV-Col21 trial 10: mean ARI=0.3713  n=480  80.0s  lambda_e=0.01151, lambda_z=0.001661, gamma_q=6.473, block_size=2
  SSC-Block-TV-Col21 trial 11: mean ARI=0.5731  n=480  75.8s  lambda_e=0.06092, lambda_z=0.01492, gamma_q=0.01117, block_size=12
  SSC-Block-TV-Col21 trial 12: mean ARI=0.5967  n=480  75.5s  lambda_e=0.03813, lambda_z=0.00583, gamma_q=0.007807, block_size=12
  SSC-Block-TV-Col21 trial 13: mean ARI=0.5323  n=480  75.5s  lambda_e=0.05725, lambda_z=0.005501, gamma_q=0.01374, block_size=12
  SSC-Block-TV-Col21 trial 14: mean ARI=0.5966  n=480  75.8s  lambda_e=0.05946, lambda_z=0.009832, gamma_q=0.01048, block_size=9
  SSC-Block-TV-Col21 trial 15: mean ARI=0.4996  n=480  75.8s  lambda_e=0.05658, lambda_z=0.001084, gamma_q=0.005138, block_size=9
  SSC-Block-TV-Col21 trial 16: mean ARI=0.4675  n=480  76.8s  lambda_e=0.1035, lambda_z=0.007105, gamma_q=0.02235, block_size=5
  SSC-Block-TV-Col21 trial 17: mean ARI=0.4209  n=480  75.8s  lambda_e=0.02851, lambda_z=0.003675, gamma_q=0.03246, block_size=9
  SSC-Block-TV-Col21 trial 18: mean ARI=0.3818  n=480  76.8s  lambda_e=1.931, lambda_z=0.02103, gamma_q=0.2343, block_size=5
  SSC-Block-TV-Col21 trial 19: mean ARI=0.6583  n=480  76.2s  lambda_e=0.0274, lambda_z=0.01052, gamma_q=0.004835, block_size=7
  SSC-Block-TV-Col21 trial 20: mean ARI=0.5959  n=480  77.6s  lambda_e=0.03088, lambda_z=0.002471, gamma_q=0.00336, block_size=4
  SSC-Block-TV-Col21 trial 21: mean ARI=0.6259  n=480  76.2s  lambda_e=0.1058, lambda_z=0.01095, gamma_q=0.007404, block_size=7
  SSC-Block-TV-Col21 trial 22: mean ARI=0.6113  n=480  76.2s  lambda_e=0.1298, lambda_z=0.05669, gamma_q=0.00104, block_size=7
  SSC-Block-TV-Col21 trial 23: mean ARI=0.5975  n=480  76.3s  lambda_e=0.1457, lambda_z=0.06803, gamma_q=0.001105, block_size=7
  SSC-Block-TV-Col21 trial 24: mean ARI=0.6706  n=480  76.4s  lambda_e=0.1075, lambda_z=0.02066, gamma_q=0.002442, block_size=6
  SSC-Block-TV-Col21 trial 25: mean ARI=0.6648  n=480  76.5s  lambda_e=0.2764, lambda_z=0.02184, gamma_q=0.002462, block_size=6
  SSC-Block-TV-Col21 trial 26: mean ARI=0.6648  n=480  76.4s  lambda_e=1.153, lambda_z=0.02243, gamma_q=0.002559, block_size=6
  SSC-Block-TV-Col21 trial 27: mean ARI=0.6879  n=480  77.5s  lambda_e=2.623, lambda_z=0.02327, gamma_q=0.002333, block_size=4
  SSC-Block-TV-Col21 trial 28: mean ARI=0.6435  n=480  78.1s  lambda_e=3.404, lambda_z=0.1123, gamma_q=0.002251, block_size=3
  SSC-Block-TV-Col21 trial 29: mean ARI=0.5026  n=480  77.6s  lambda_e=1.31, lambda_z=0.1249, gamma_q=0.02642, block_size=4
  SSC-Block-TV-Col21 trial 30: mean ARI=0.6694  n=480  77.0s  lambda_e=0.8477, lambda_z=0.02681, gamma_q=0.001798, block_size=5
  SSC-Block-TV-Col21 trial 31: mean ARI=0.6675  n=480  77.1s  lambda_e=0.8442, lambda_z=0.02808, gamma_q=0.001965, block_size=5
  SSC-Block-TV-Col21 trial 32: mean ARI=0.6754  n=480  77.9s  lambda_e=0.723, lambda_z=0.03482, gamma_q=0.001767, block_size=4
  SSC-Block-TV-Col21 trial 33: mean ARI=0.6220  n=480  77.7s  lambda_e=3.452, lambda_z=0.07219, gamma_q=0.005272, block_size=4
  SSC-Block-TV-Col21 trial 34: mean ARI=0.6038  n=480  78.1s  lambda_e=0.5684, lambda_z=0.1842, gamma_q=0.001681, block_size=3
  SSC-Block-TV-Col21 trial 35: mean ARI=0.6173  n=480  76.6s  lambda_e=2.554, lambda_z=0.04458, gamma_q=0.003244, block_size=6
  SSC-Block-TV-Col21 trial 36: mean ARI=0.7167  n=480  78.1s  lambda_e=6.362, lambda_z=0.01533, gamma_q=0.001382, block_size=3
  SSC-Block-TV-Col21 trial 37: mean ARI=0.7182  n=480  78.3s  lambda_e=5.269, lambda_z=0.01485, gamma_q=0.001461, block_size=3
  SSC-Block-TV-Col21 trial 38: mean ARI=0.6827  n=480  78.1s  lambda_e=5.715, lambda_z=0.003864, gamma_q=0.001005, block_size=3
  SSC-Block-TV-Col21 trial 39: mean ARI=0.6644  n=480  78.2s  lambda_e=5.569, lambda_z=0.003263, gamma_q=0.001039, block_size=3
    best mean ARI=0.7182  tune 3076.5s  lambda_e=5.269, lambda_z=0.01485, gamma_q=0.001461, block_size=3
  wrote /nfs/turbo/umms-minjilab/lpullela/icassp_ssc_tv2/block_ssc_benchmark/cv/params/surveillance/split_k3_sigmas_min30_trials20_params_knownk_cv_ssc_block_tv_col21_k3_sigma0p5_sigma0.5_fold2.json

=== P1E_S1_C1 train[0] k=3  dim=576  frames=146  σ=0.5  fold=2 ===
  SSC-Block-TV-Col21: k_hat=3  ACC=0.9863  NMI=0.9433  ARI=0.9531  0.2s

=== P1E_S1_C1 train[1] k=3  dim=576  frames=153  σ=0.5  fold=2 ===
  SSC-Block-TV-Col21: k_hat=3  ACC=0.9935  NMI=0.9706  ARI=0.9801  0.2s

=== P1E_S1_C1 train[2] k=3  dim=576  frames=140  σ=0.5  fold=2 ===
  SSC-Block-TV-Col21: k_hat=3  ACC=0.8429  NMI=0.7184  ARI=0.5783  0.2s

=== P1E_S1_C1 train[3] k=3  dim=576  frames=157  σ=0.5  fold=2 ===
  SSC-Block-TV-Col21: k_hat=3  ACC=0.5860  NMI=0.6302  ARI=0.4504  0.2s

=== P1E_S1_C1 train[4] k=3  dim=576  frames=151  σ=0.5  fold=2 ===
  SSC-Block-TV-Col21: k_hat=3  ACC=0.5960  NMI=0.6690  ARI=0.4788  0.2s

=== P1E_S1_C1 train[5] k=3  dim=576  frames=140  σ=0.5  fold=2 ===
  SSC-Block-TV-Col21: k_hat=3  ACC=0.8786  NMI=0.7789  ARI=0.7106  0.2s

=== P1E_S1_C1 train[6] k=3  dim=576  frames=171  σ=0.5  fold=2 ===
  SSC-Block-TV-Col21: k_hat=3  ACC=0.9942  NMI=0.9732  ARI=0.9831  0.2s

=== P1E_S1_C2 train[0] k=3  dim=576  frames=147  σ=0.5  fold=2 ===
  SSC-Block-TV-Col21: k_hat=3  ACC=0.9660  NMI=0.8779  ARI=0.8925  0.2s

=== P1E_S1_C2 train[1] k=3  dim=576  frames=115  σ=0.5  fold=2 ===
  SSC-Block-TV-Col21: k_hat=3  ACC=1.0000  NMI=1.0000  ARI=1.0000  0.1s

=== P1E_S1_C2 train[2] k=3  dim=576  frames=138  σ=0.5  fold=2 ===
  SSC-Block-TV-Col21: k_hat=3  ACC=0.9130  NMI=0.7728  ARI=0.7725  0.2s

=== P1E_S1_C2 train[3] k=3  dim=576  frames=113  σ=0.5  fold=2 ===
  SSC-Block-TV-Col21: k_hat=3  ACC=0.9381  NMI=0.8272  ARI=0.8360  0.1s

=== P1E_S1_C2 train[4] k=3  dim=576  frames=122  σ=0.5  fold=2 ===
  SSC-Block-TV-Col21: k_hat=3  ACC=0.5738  NMI=0.6306  ARI=0.4553  0.1s

=== P1E_S1_C2 train[5] k=3  dim=576  frames=122  σ=0.5  fold=2 ===
  SSC-Block-TV-Col21: k_hat=3  ACC=0.9590  NMI=0.8854  ARI=0.8916  0.1s

=== P1E_S1_C2 train[6] k=3  dim=576  frames=134  σ=0.5  fold=2 ===
  SSC-Block-TV-Col21: k_hat=3  ACC=0.9925  NMI=0.9674  ARI=0.9779  0.2s

=== P1E_S1_C3 train[0] k=3  dim=576  frames=58  σ=0.5  fold=2 ===
  SSC-Block-TV-Col21: k_hat=3  ACC=0.9138  NMI=0.7553  ARI=0.7388  0.1s

=== P1E_S1_C3 train[1] k=3  dim=576  frames=56  σ=0.5  fold=2 ===
  SSC-Block-TV-Col21: k_hat=3  ACC=0.9821  NMI=0.9373  ARI=0.9623  0.0s

=== P1E_S1_C3 train[2] k=3  dim=576  frames=61  σ=0.5  fold=2 ===
  SSC-Block-TV-Col21: k_hat=3  ACC=0.6066  NMI=0.6148  ARI=0.4587  0.1s

=== P1E_S1_C3 train[3] k=3  dim=576  frames=37  σ=0.5  fold=2 ===
  SSC-Block-TV-Col21: k_hat=3  ACC=0.6486  NMI=0.4744  ARI=0.3609  0.0s

=== P1E_S1_C3 train[4] k=3  dim=576  frames=55  σ=0.5  fold=2 ===
  SSC-Block-TV-Col21: k_hat=3  ACC=0.9091  NMI=0.7661  ARI=0.7406  0.0s

=== P1E_S1_C3 train[5] k=3  dim=576  frames=51  σ=0.5  fold=2 ===
  SSC-Block-TV-Col21: k_hat=3  ACC=0.8235  NMI=0.6607  ARI=0.5856  0.0s

=== P1E_S1_C3 train[6] k=3  dim=576  frames=69  σ=0.5  fold=2 ===
  SSC-Block-TV-Col21: k_hat=3  ACC=0.9565  NMI=0.8541  ARI=0.8698  0.1s

=== P1E_S2_C1 train[0] k=3  dim=576  frames=167  σ=0.5  fold=2 ===
  SSC-Block-TV-Col21: k_hat=3  ACC=0.9760  NMI=0.9201  ARI=0.9285  0.2s

=== P1E_S2_C1 train[1] k=3  dim=576  frames=151  σ=0.5  fold=2 ===
  SSC-Block-TV-Col21: k_hat=3  ACC=0.7417  NMI=0.6109  ARI=0.5054  0.2s

=== P1E_S2_C1 train[2] k=3  dim=576  frames=180  σ=0.5  fold=2 ===
  SSC-Block-TV-Col21: k_hat=3  ACC=0.5389  NMI=0.6001  ARI=0.4308  0.2s

=== P1E_S2_C1 train[3] k=3  dim=576  frames=149  σ=0.5  fold=2 ===
  SSC-Block-TV-Col21: k_hat=3  ACC=0.6040  NMI=0.6711  ARI=0.4842  0.2s

=== P1E_S2_C1 train[4] k=3  dim=576  frames=124  σ=0.5  fold=2 ===
  SSC-Block-TV-Col21: k_hat=3  ACC=0.5565  NMI=0.6645  ARI=0.4626  0.1s

=== P1E_S2_C1 train[5] k=3  dim=576  frames=161  σ=0.5  fold=2 ===
  SSC-Block-TV-Col21: k_hat=3  ACC=0.7888  NMI=0.6742  ARI=0.5619  0.2s

=== P1E_S2_C1 train[6] k=3  dim=576  frames=153  σ=0.5  fold=2 ===
  SSC-Block-TV-Col21: k_hat=3  ACC=1.0000  NMI=1.0000  ARI=1.0000  0.2s

=== P1E_S2_C2 train[0] k=3  dim=576  frames=146  σ=0.5  fold=2 ===
  SSC-Block-TV-Col21: k_hat=3  ACC=0.9315  NMI=0.8069  ARI=0.8171  0.2s

=== P1E_S2_C2 train[1] k=3  dim=576  frames=115  σ=0.5  fold=2 ===
  SSC-Block-TV-Col21: k_hat=3  ACC=0.9826  NMI=0.9253  ARI=0.9458  0.1s

=== P1E_S2_C2 train[2] k=3  dim=576  frames=144  σ=0.5  fold=2 ===
  SSC-Block-TV-Col21: k_hat=3  ACC=0.9306  NMI=0.8173  ARI=0.8100  0.2s

=== P1E_S2_C2 train[3] k=3  dim=576  frames=124  σ=0.5  fold=2 ===
  SSC-Block-TV-Col21: k_hat=3  ACC=0.9839  NMI=0.9291  ARI=0.9497  0.1s

=== P1E_S2_C2 train[4] k=3  dim=576  frames=109  σ=0.5  fold=2 ===
  SSC-Block-TV-Col21: k_hat=3  ACC=0.6972  NMI=0.6941  ARI=0.5482  0.1s

=== P1E_S2_C2 train[5] k=3  dim=576  frames=128  σ=0.5  fold=2 ===
  SSC-Block-TV-Col21: k_hat=3  ACC=0.8906  NMI=0.7908  ARI=0.7332  0.1s

=== P1E_S2_C2 train[6] k=3  dim=576  frames=126  σ=0.5  fold=2 ===
  SSC-Block-TV-Col21: k_hat=3  ACC=0.9921  NMI=0.9656  ARI=0.9763  0.1s

=== P1E_S2_C3 train[0] k=3  dim=576  frames=113  σ=0.5  fold=2 ===
  SSC-Block-TV-Col21: k_hat=3  ACC=0.9646  NMI=0.8905  ARI=0.8869  0.1s

=== P1E_S2_C3 train[1] k=3  dim=576  frames=88  σ=0.5  fold=2 ===
  SSC-Block-TV-Col21: k_hat=3  ACC=1.0000  NMI=1.0000  ARI=1.0000  0.1s

=== P1E_S2_C3 train[2] k=3  dim=576  frames=112  σ=0.5  fold=2 ===
  SSC-Block-TV-Col21: k_hat=3  ACC=0.9464  NMI=0.8306  ARI=0.8442  0.1s

=== P1E_S2_C3 train[3] k=3  dim=576  frames=99  σ=0.5  fold=2 ===
  SSC-Block-TV-Col21: k_hat=3  ACC=0.9394  NMI=0.8491  ARI=0.8306  0.1s

=== P1E_S2_C3 train[4] k=3  dim=576  frames=87  σ=0.5  fold=2 ===
  SSC-Block-TV-Col21: k_hat=3  ACC=0.9425  NMI=0.8320  ARI=0.8504  0.1s

=== P1E_S2_C3 train[5] k=3  dim=576  frames=105  σ=0.5  fold=2 ===
  SSC-Block-TV-Col21: k_hat=3  ACC=0.9714  NMI=0.8926  ARI=0.9125  0.1s

=== P1E_S2_C3 train[6] k=3  dim=576  frames=89  σ=0.5  fold=2 ===
  SSC-Block-TV-Col21: k_hat=3  ACC=0.9775  NMI=0.9248  ARI=0.9383  0.1s

=== P1E_S3_C1 train[0] k=3  dim=576  frames=166  σ=0.5  fold=2 ===
  SSC-Block-TV-Col21: k_hat=3  ACC=0.8012  NMI=0.6641  ARI=0.5278  0.2s

=== P1E_S3_C1 train[1] k=3  dim=576  frames=139  σ=0.5  fold=2 ===
  SSC-Block-TV-Col21: k_hat=3  ACC=0.9209  NMI=0.8226  ARI=0.7970  0.2s

=== P1E_S3_C1 train[2] k=3  dim=576  frames=161  σ=0.5  fold=2 ===
  SSC-Block-TV-Col21: k_hat=3  ACC=0.7888  NMI=0.7131  ARI=0.5833  0.2s

=== P1E_S3_C1 train[3] k=3  dim=576  frames=168  σ=0.5  fold=2 ===
  SSC-Block-TV-Col21: k_hat=3  ACC=0.8571  NMI=0.7396  ARI=0.6204  0.2s

=== P1E_S3_C1 train[4] k=3  dim=576  frames=123  σ=0.5  fold=2 ===
  SSC-Block-TV-Col21: k_hat=3  ACC=0.5122  NMI=0.4251  ARI=0.2437  0.1s

=== P1E_S3_C1 train[5] k=3  dim=576  frames=204  σ=0.5  fold=2 ===
  SSC-Block-TV-Col21: k_hat=3  ACC=0.8529  NMI=0.7624  ARI=0.6954  0.3s

=== P1E_S3_C1 train[6] k=3  dim=576  frames=112  σ=0.5  fold=2 ===
  SSC-Block-TV-Col21: k_hat=3  ACC=0.5268  NMI=0.6099  ARI=0.4204  0.1s

=== P1E_S3_C2 train[0] k=3  dim=576  frames=147  σ=0.5  fold=2 ===
  SSC-Block-TV-Col21: k_hat=3  ACC=0.8912  NMI=0.7677  ARI=0.6800  0.2s

=== P1E_S3_C2 train[1] k=3  dim=576  frames=120  σ=0.5  fold=2 ===
  SSC-Block-TV-Col21: k_hat=3  ACC=0.8583  NMI=0.7414  ARI=0.6215  0.1s

=== P1E_S3_C2 train[2] k=3  dim=576  frames=168  σ=0.5  fold=2 ===
  SSC-Block-TV-Col21: k_hat=3  ACC=0.8333  NMI=0.7031  ARI=0.6179  0.2s

=== P1E_S3_C2 train[3] k=3  dim=576  frames=169  σ=0.5  fold=2 ===
  SSC-Block-TV-Col21: k_hat=3  ACC=0.9882  NMI=0.9511  ARI=0.9610  0.2s

=== P1E_S3_C2 train[4] k=3  dim=576  frames=107  σ=0.5  fold=2 ===
  SSC-Block-TV-Col21: k_hat=3  ACC=0.5888  NMI=0.6662  ARI=0.4710  0.1s

=== P1E_S3_C2 train[5] k=3  dim=576  frames=146  σ=0.5  fold=2 ===
  SSC-Block-TV-Col21: k_hat=3  ACC=0.7603  NMI=0.6540  ARI=0.4385  0.2s

=== P1E_S3_C2 train[6] k=3  dim=576  frames=114  σ=0.5  fold=2 ===
  SSC-Block-TV-Col21: k_hat=3  ACC=0.9649  NMI=0.8788  ARI=0.9189  0.1s

=== P1E_S3_C3 train[0] k=3  dim=576  frames=105  σ=0.5  fold=2 ===
  SSC-Block-TV-Col21: k_hat=3  ACC=1.0000  NMI=1.0000  ARI=1.0000  0.1s

=== P1E_S3_C3 train[1] k=3  dim=576  frames=89  σ=0.5  fold=2 ===
  SSC-Block-TV-Col21: k_hat=3  ACC=1.0000  NMI=1.0000  ARI=1.0000  0.1s

=== P1E_S3_C3 train[2] k=3  dim=576  frames=125  σ=0.5  fold=2 ===
  SSC-Block-TV-Col21: k_hat=3  ACC=0.9760  NMI=0.9174  ARI=0.9232  0.1s

=== P1E_S3_C3 train[3] k=3  dim=576  frames=128  σ=0.5  fold=2 ===
  SSC-Block-TV-Col21: k_hat=3  ACC=0.7891  NMI=0.7154  ARI=0.5769  0.1s

=== P1E_S3_C3 train[4] k=3  dim=576  frames=83  σ=0.5  fold=2 ===
  SSC-Block-TV-Col21: k_hat=3  ACC=0.9398  NMI=0.8539  ARI=0.8439  0.1s

=== P1E_S3_C3 train[5] k=3  dim=576  frames=129  σ=0.5  fold=2 ===
  SSC-Block-TV-Col21: k_hat=3  ACC=0.5349  NMI=0.6553  ARI=0.4505  0.1s

=== P1E_S3_C3 train[6] k=3  dim=576  frames=84  σ=0.5  fold=2 ===
  SSC-Block-TV-Col21: k_hat=3  ACC=0.9881  NMI=0.9523  ARI=0.9667  0.1s

=== P1E_S4_C1 train[0] k=3  dim=576  frames=158  σ=0.5  fold=2 ===
  SSC-Block-TV-Col21: k_hat=3  ACC=0.8481  NMI=0.7167  ARI=0.5780  0.2s

=== P1E_S4_C1 train[1] k=3  dim=576  frames=107  σ=0.5  fold=2 ===
  SSC-Block-TV-Col21: k_hat=3  ACC=1.0000  NMI=1.0000  ARI=1.0000  0.1s

=== P1E_S4_C1 train[2] k=3  dim=576  frames=182  σ=0.5  fold=2 ===
  SSC-Block-TV-Col21: k_hat=3  ACC=0.8626  NMI=0.7396  ARI=0.6658  0.2s

=== P1E_S4_C1 train[3] k=3  dim=576  frames=180  σ=0.5  fold=2 ===
  SSC-Block-TV-Col21: k_hat=3  ACC=0.8278  NMI=0.7334  ARI=0.6126  0.2s

=== P1E_S4_C1 train[4] k=3  dim=576  frames=133  σ=0.5  fold=2 ===
  SSC-Block-TV-Col21: k_hat=3  ACC=0.6466  NMI=0.6651  ARI=0.4918  0.2s

=== P1E_S4_C1 train[5] k=3  dim=576  frames=147  σ=0.5  fold=2 ===
  SSC-Block-TV-Col21: k_hat=3  ACC=0.5034  NMI=0.4851  ARI=0.3226  0.2s

=== P1E_S4_C1 train[6] k=3  dim=576  frames=145  σ=0.5  fold=2 ===
  SSC-Block-TV-Col21: k_hat=3  ACC=0.9310  NMI=0.8107  ARI=0.8219  0.2s

=== P1E_S4_C2 train[0] k=3  dim=576  frames=117  σ=0.5  fold=2 ===
  SSC-Block-TV-Col21: k_hat=3  ACC=0.9573  NMI=0.8552  ARI=0.8756  0.1s

=== P1E_S4_C2 train[1] k=3  dim=576  frames=125  σ=0.5  fold=2 ===
  SSC-Block-TV-Col21: k_hat=3  ACC=0.9840  NMI=0.9301  ARI=0.9501  0.1s

=== P1E_S4_C2 train[2] k=3  dim=576  frames=126  σ=0.5  fold=2 ===
  SSC-Block-TV-Col21: k_hat=3  ACC=0.9921  NMI=0.9657  ARI=0.9777  0.1s

=== P1E_S4_C2 train[3] k=3  dim=576  frames=140  σ=0.5  fold=2 ===
  SSC-Block-TV-Col21: k_hat=3  ACC=0.9929  NMI=0.9670  ARI=0.9771  0.2s

=== P1E_S4_C2 train[4] k=3  dim=576  frames=129  σ=0.5  fold=2 ===
  SSC-Block-TV-Col21: k_hat=3  ACC=0.5814  NMI=0.6628  ARI=0.4661  0.1s

=== P1E_S4_C2 train[5] k=3  dim=576  frames=146  σ=0.5  fold=2 ===
  SSC-Block-TV-Col21: k_hat=3  ACC=0.9863  NMI=0.9393  ARI=0.9598  0.2s

=== P1E_S4_C2 train[6] k=3  dim=576  frames=110  σ=0.5  fold=2 ===
  SSC-Block-TV-Col21: k_hat=3  ACC=0.9909  NMI=0.9623  ARI=0.9753  0.1s

=== P1E_S4_C3 train[0] k=3  dim=576  frames=90  σ=0.5  fold=2 ===
  SSC-Block-TV-Col21: k_hat=3  ACC=0.9111  NMI=0.7603  ARI=0.7384  0.1s

=== P1E_S4_C3 train[1] k=3  dim=576  frames=64  σ=0.5  fold=2 ===
  SSC-Block-TV-Col21: k_hat=3  ACC=0.9375  NMI=0.8492  ARI=0.8345  0.1s

=== P1E_S4_C3 train[2] k=3  dim=576  frames=105  σ=0.5  fold=2 ===
  SSC-Block-TV-Col21: k_hat=3  ACC=0.8667  NMI=0.6950  ARI=0.6658  0.1s

=== P1E_S4_C3 train[3] k=3  dim=576  frames=87  σ=0.5  fold=2 ===
  SSC-Block-TV-Col21: k_hat=3  ACC=0.9885  NMI=0.9539  ARI=0.9649  0.1s

=== P1E_S4_C3 train[4] k=3  dim=576  frames=76  σ=0.5  fold=2 ===
  SSC-Block-TV-Col21: k_hat=3  ACC=0.9868  NMI=0.9497  ARI=0.9626  0.1s

=== P1E_S4_C3 train[5] k=3  dim=576  frames=106  σ=0.5  fold=2 ===
  SSC-Block-TV-Col21: k_hat=3  ACC=0.9434  NMI=0.8274  ARI=0.8500  0.1s

=== P1E_S4_C3 train[6] k=3  dim=576  frames=79  σ=0.5  fold=2 ===
  SSC-Block-TV-Col21: k_hat=3  ACC=0.9114  NMI=0.7674  ARI=0.7662  0.1s

=== P1L_S1_C1 train[0] k=3  dim=576  frames=162  σ=0.5  fold=2 ===
  SSC-Block-TV-Col21: k_hat=3  ACC=0.9630  NMI=0.8930  ARI=0.8971  0.2s

=== P1L_S1_C1 train[1] k=3  dim=576  frames=170  σ=0.5  fold=2 ===
  SSC-Block-TV-Col21: k_hat=3  ACC=0.7882  NMI=0.6873  ARI=0.5109  0.2s

=== P1L_S1_C1 train[2] k=3  dim=576  frames=182  σ=0.5  fold=2 ===
  SSC-Block-TV-Col21: k_hat=3  ACC=0.9341  NMI=0.8430  ARI=0.8290  0.2s

=== P1L_S1_C1 train[3] k=3  dim=576  frames=198  σ=0.5  fold=2 ===
  SSC-Block-TV-Col21: k_hat=3  ACC=0.7273  NMI=0.6733  ARI=0.5345  0.3s

=== P1L_S1_C1 train[4] k=3  dim=576  frames=166  σ=0.5  fold=2 ===
  SSC-Block-TV-Col21: k_hat=3  ACC=1.0000  NMI=1.0000  ARI=1.0000  0.2s

=== P1L_S1_C1 train[5] k=3  dim=576  frames=116  σ=0.5  fold=2 ===
  SSC-Block-TV-Col21: k_hat=3  ACC=0.7069  NMI=0.4839  ARI=0.3090  0.1s

=== P1L_S1_C1 train[6] k=3  dim=576  frames=175  σ=0.5  fold=2 ===
  SSC-Block-TV-Col21: k_hat=3  ACC=1.0000  NMI=1.0000  ARI=1.0000  0.2s

=== P1L_S1_C2 train[0] k=3  dim=576  frames=186  σ=0.5  fold=2 ===
  SSC-Block-TV-Col21: k_hat=3  ACC=0.7688  NMI=0.6813  ARI=0.5085  0.2s

=== P1L_S1_C2 train[1] k=3  dim=576  frames=137  σ=0.5  fold=2 ===
  SSC-Block-TV-Col21: k_hat=3  ACC=0.8029  NMI=0.7019  ARI=0.5528  0.2s

=== P1L_S1_C2 train[2] k=3  dim=576  frames=181  σ=0.5  fold=2 ===
  SSC-Block-TV-Col21: k_hat=3  ACC=0.8287  NMI=0.7033  ARI=0.5931  0.2s

=== P1L_S1_C2 train[3] k=3  dim=576  frames=128  σ=0.5  fold=2 ===
  SSC-Block-TV-Col21: k_hat=3  ACC=0.5703  NMI=0.6670  ARI=0.4701  0.1s

=== P1L_S1_C2 train[4] k=3  dim=576  frames=154  σ=0.5  fold=2 ===
  SSC-Block-TV-Col21: k_hat=3  ACC=0.5065  NMI=0.6566  ARI=0.4500  0.2s

=== P1L_S1_C2 train[5] k=3  dim=576  frames=142  σ=0.5  fold=2 ===
  SSC-Block-TV-Col21: k_hat=3  ACC=0.8239  NMI=0.7102  ARI=0.5692  0.2s

=== P1L_S1_C2 train[6] k=3  dim=576  frames=168  σ=0.5  fold=2 ===
  SSC-Block-TV-Col21: k_hat=3  ACC=0.8571  NMI=0.7422  ARI=0.6904  0.2s

=== P1L_S1_C3 train[0] k=3  dim=576  frames=60  σ=0.5  fold=2 ===
  SSC-Block-TV-Col21: k_hat=3  ACC=0.5000  NMI=0.5796  ARI=0.3873  0.1s

=== P1L_S1_C3 train[1] k=3  dim=576  frames=68  σ=0.5  fold=2 ===
  SSC-Block-TV-Col21: k_hat=3  ACC=1.0000  NMI=1.0000  ARI=1.0000  0.1s

=== P1L_S1_C3 train[2] k=3  dim=576  frames=74  σ=0.5  fold=2 ===
  SSC-Block-TV-Col21: k_hat=3  ACC=0.5946  NMI=0.3767  ARI=0.1339  0.1s

=== P1L_S1_C3 train[3] k=3  dim=576  frames=73  σ=0.5  fold=2 ===
  SSC-Block-TV-Col21: k_hat=3  ACC=0.7671  NMI=0.6719  ARI=0.5816  0.1s

=== P1L_S1_C3 train[4] k=3  dim=576  frames=64  σ=0.5  fold=2 ===
  SSC-Block-TV-Col21: k_hat=3  ACC=0.6719  NMI=0.5508  ARI=0.4521  0.1s

=== P1L_S1_C3 train[5] k=3  dim=576  frames=63  σ=0.5  fold=2 ===
  SSC-Block-TV-Col21: k_hat=3  ACC=0.6349  NMI=0.6300  ARI=0.5013  0.1s

=== P1L_S1_C3 train[6] k=3  dim=576  frames=75  σ=0.5  fold=2 ===
  SSC-Block-TV-Col21: k_hat=3  ACC=0.9867  NMI=0.9474  ARI=0.9569  0.1s

=== P1L_S2_C1 train[0] k=3  dim=576  frames=211  σ=0.5  fold=2 ===
  SSC-Block-TV-Col21: k_hat=3  ACC=0.8199  NMI=0.7231  ARI=0.6077  0.3s

=== P1L_S2_C1 train[1] k=3  dim=576  frames=190  σ=0.5  fold=2 ===
  SSC-Block-TV-Col21: k_hat=3  ACC=0.7158  NMI=0.6703  ARI=0.4873  0.3s

=== P1L_S2_C1 train[2] k=3  dim=576  frames=177  σ=0.5  fold=2 ===
  SSC-Block-TV-Col21: k_hat=3  ACC=0.7514  NMI=0.7118  ARI=0.5861  0.2s

=== P1L_S2_C1 train[3] k=3  dim=576  frames=172  σ=0.5  fold=2 ===
  SSC-Block-TV-Col21: k_hat=3  ACC=0.9767  NMI=0.9235  ARI=0.9437  0.2s

=== P1L_S2_C1 train[4] k=3  dim=576  frames=179  σ=0.5  fold=2 ===
  SSC-Block-TV-Col21: k_hat=3  ACC=0.9888  NMI=0.9558  ARI=0.9703  0.2s

=== P1L_S2_C1 train[5] k=3  dim=576  frames=180  σ=0.5  fold=2 ===
  SSC-Block-TV-Col21: k_hat=3  ACC=0.4944  NMI=0.2521  ARI=0.0513  0.2s

=== P1L_S2_C1 train[6] k=3  dim=576  frames=133  σ=0.5  fold=2 ===
  SSC-Block-TV-Col21: k_hat=3  ACC=1.0000  NMI=1.0000  ARI=1.0000  0.2s

=== P1L_S2_C2 train[0] k=3  dim=576  frames=194  σ=0.5  fold=2 ===
  SSC-Block-TV-Col21: k_hat=3  ACC=0.8093  NMI=0.6686  ARI=0.5168  0.3s

=== P1L_S2_C2 train[1] k=3  dim=576  frames=155  σ=0.5  fold=2 ===
  SSC-Block-TV-Col21: k_hat=3  ACC=0.9806  NMI=0.9316  ARI=0.9416  0.2s

=== P1L_S2_C2 train[2] k=3  dim=576  frames=186  σ=0.5  fold=2 ===
  SSC-Block-TV-Col21: k_hat=3  ACC=0.9839  NMI=0.9404  ARI=0.9529  0.2s

=== P1L_S2_C2 train[3] k=3  dim=576  frames=201  σ=0.5  fold=2 ===
  SSC-Block-TV-Col21: k_hat=3  ACC=0.9602  NMI=0.8613  ARI=0.8806  0.3s

=== P1L_S2_C2 train[4] k=3  dim=576  frames=171  σ=0.5  fold=2 ===
  SSC-Block-TV-Col21: k_hat=3  ACC=0.8421  NMI=0.7405  ARI=0.6266  0.2s

=== P1L_S2_C2 train[5] k=3  dim=576  frames=160  σ=0.5  fold=2 ===
  SSC-Block-TV-Col21: k_hat=3  ACC=0.6188  NMI=0.6200  ARI=0.4669  0.2s

=== P1L_S2_C2 train[6] k=3  dim=576  frames=154  σ=0.5  fold=2 ===
  SSC-Block-TV-Col21: k_hat=3  ACC=0.9935  NMI=0.9710  ARI=0.9836  0.2s

=== P1L_S2_C3 train[0] k=3  dim=576  frames=119  σ=0.5  fold=2 ===
  SSC-Block-TV-Col21: k_hat=3  ACC=1.0000  NMI=1.0000  ARI=1.0000  0.1s

=== P1L_S2_C3 train[1] k=3  dim=576  frames=101  σ=0.5  fold=2 ===
  SSC-Block-TV-Col21: k_hat=3  ACC=0.8119  NMI=0.7135  ARI=0.5605  0.1s

=== P1L_S2_C3 train[2] k=3  dim=576  frames=112  σ=0.5  fold=2 ===
  SSC-Block-TV-Col21: k_hat=3  ACC=0.5982  NMI=0.6669  ARI=0.4747  0.1s

=== P1L_S2_C3 train[3] k=3  dim=576  frames=126  σ=0.5  fold=2 ===
  SSC-Block-TV-Col21: k_hat=3  ACC=0.8651  NMI=0.7610  ARI=0.6671  0.1s

=== P1L_S2_C3 train[4] k=3  dim=576  frames=102  σ=0.5  fold=2 ===
  SSC-Block-TV-Col21: k_hat=3  ACC=0.8039  NMI=0.7224  ARI=0.5947  0.1s

=== P1L_S2_C3 train[5] k=3  dim=576  frames=121  σ=0.5  fold=2 ===
  SSC-Block-TV-Col21: k_hat=3  ACC=0.9174  NMI=0.7986  ARI=0.7946  0.1s

=== P1L_S2_C3 train[6] k=3  dim=576  frames=99  σ=0.5  fold=2 ===
  SSC-Block-TV-Col21: k_hat=3  ACC=0.9798  NMI=0.9303  ARI=0.9424  0.1s

=== P1L_S3_C1 train[0] k=3  dim=576  frames=156  σ=0.5  fold=2 ===
  SSC-Block-TV-Col21: k_hat=3  ACC=0.4295  NMI=0.2486  ARI=0.0025  0.2s

=== P1L_S3_C1 train[1] k=3  dim=576  frames=120  σ=0.5  fold=2 ===
  SSC-Block-TV-Col21: k_hat=3  ACC=1.0000  NMI=1.0000  ARI=1.0000  0.1s

=== P1L_S3_C1 train[2] k=3  dim=576  frames=156  σ=0.5  fold=2 ===
  SSC-Block-TV-Col21: k_hat=3  ACC=0.6282  NMI=0.6771  ARI=0.5002  0.2s

=== P1L_S3_C1 train[3] k=3  dim=576  frames=159  σ=0.5  fold=2 ===
  SSC-Block-TV-Col21: k_hat=3  ACC=0.9371  NMI=0.7974  ARI=0.8198  0.2s

=== P1L_S3_C1 train[4] k=3  dim=576  frames=172  σ=0.5  fold=2 ===
  SSC-Block-TV-Col21: k_hat=3  ACC=0.8430  NMI=0.7461  ARI=0.6424  0.2s

=== P1L_S3_C1 train[5] k=3  dim=576  frames=176  σ=0.5  fold=2 ===
  SSC-Block-TV-Col21: k_hat=3  ACC=0.6420  NMI=0.4219  ARI=0.2310  0.2s

=== P1L_S3_C1 train[6] k=3  dim=576  frames=134  σ=0.5  fold=2 ===
  SSC-Block-TV-Col21: k_hat=3  ACC=0.9552  NMI=0.8691  ARI=0.8600  0.2s

=== P1L_S3_C2 train[0] k=3  dim=576  frames=185  σ=0.5  fold=2 ===
  SSC-Block-TV-Col21: k_hat=3  ACC=0.9351  NMI=0.8233  ARI=0.8104  0.2s

=== P1L_S3_C2 train[1] k=3  dim=576  frames=125  σ=0.5  fold=2 ===
  SSC-Block-TV-Col21: k_hat=3  ACC=0.8240  NMI=0.6896  ARI=0.6227  0.1s

=== P1L_S3_C2 train[2] k=3  dim=576  frames=209  σ=0.5  fold=2 ===
  SSC-Block-TV-Col21: k_hat=3  ACC=0.7321  NMI=0.5271  ARI=0.4184  0.3s

=== P1L_S3_C2 train[3] k=3  dim=576  frames=168  σ=0.5  fold=2 ===
  SSC-Block-TV-Col21: k_hat=3  ACC=0.9940  NMI=0.9727  ARI=0.9864  0.2s

=== P1L_S3_C2 train[4] k=3  dim=576  frames=187  σ=0.5  fold=2 ===
  SSC-Block-TV-Col21: k_hat=3  ACC=0.5722  NMI=0.6619  ARI=0.4650  0.3s

=== P1L_S3_C2 train[5] k=3  dim=576  frames=229  σ=0.5  fold=2 ===
  SSC-Block-TV-Col21: k_hat=3  ACC=0.5197  NMI=0.6157  ARI=0.4289  0.4s

=== P1L_S3_C2 train[6] k=3  dim=576  frames=136  σ=0.5  fold=2 ===
  SSC-Block-TV-Col21: k_hat=3  ACC=0.9559  NMI=0.8746  ARI=0.8649  0.2s

=== P1L_S3_C3 train[0] k=3  dim=576  frames=151  σ=0.5  fold=2 ===
  SSC-Block-TV-Col21: k_hat=3  ACC=1.0000  NMI=1.0000  ARI=1.0000  0.2s

=== P1L_S3_C3 train[1] k=3  dim=576  frames=118  σ=0.5  fold=2 ===
  SSC-Block-TV-Col21: k_hat=3  ACC=0.8983  NMI=0.7946  ARI=0.7354  0.1s

=== P1L_S3_C3 train[2] k=3  dim=576  frames=142  σ=0.5  fold=2 ===
  SSC-Block-TV-Col21: k_hat=3  ACC=0.7958  NMI=0.6968  ARI=0.5429  0.2s

=== P1L_S3_C3 train[3] k=3  dim=576  frames=134  σ=0.5  fold=2 ===
  SSC-Block-TV-Col21: k_hat=3  ACC=0.8507  NMI=0.7327  ARI=0.6091  0.2s

=== P1L_S3_C3 train[4] k=3  dim=576  frames=110  σ=0.5  fold=2 ===
  SSC-Block-TV-Col21: k_hat=3  ACC=0.8636  NMI=0.7289  ARI=0.6579  0.1s

=== P1L_S3_C3 train[5] k=3  dim=576  frames=161  σ=0.5  fold=2 ===
  SSC-Block-TV-Col21: k_hat=3  ACC=0.8323  NMI=0.7023  ARI=0.6433  0.2s

=== P1L_S3_C3 train[6] k=3  dim=576  frames=114  σ=0.5  fold=2 ===
  SSC-Block-TV-Col21: k_hat=3  ACC=0.9825  NMI=0.9372  ARI=0.9534  0.1s

=== P1L_S4_C1 train[0] k=3  dim=576  frames=200  σ=0.5  fold=2 ===
  SSC-Block-TV-Col21: k_hat=3  ACC=0.7350  NMI=0.6902  ARI=0.5295  0.3s

=== P1L_S4_C1 train[1] k=3  dim=576  frames=157  σ=0.5  fold=2 ===
  SSC-Block-TV-Col21: k_hat=3  ACC=1.0000  NMI=1.0000  ARI=1.0000  0.2s

=== P1L_S4_C1 train[2] k=3  dim=576  frames=168  σ=0.5  fold=2 ===
  SSC-Block-TV-Col21: k_hat=3  ACC=0.8810  NMI=0.7606  ARI=0.6645  0.2s

=== P1L_S4_C1 train[3] k=3  dim=576  frames=142  σ=0.5  fold=2 ===
  SSC-Block-TV-Col21: k_hat=3  ACC=1.0000  NMI=1.0000  ARI=1.0000  0.2s

=== P1L_S4_C1 train[4] k=3  dim=576  frames=164  σ=0.5  fold=2 ===
  SSC-Block-TV-Col21: k_hat=3  ACC=0.9573  NMI=0.8816  ARI=0.8804  0.2s

=== P1L_S4_C1 train[5] k=3  dim=576  frames=187  σ=0.5  fold=2 ===
  SSC-Block-TV-Col21: k_hat=3  ACC=0.6310  NMI=0.4569  ARI=0.3098  0.3s

=== P1L_S4_C1 train[6] k=3  dim=576  frames=202  σ=0.5  fold=2 ===
  SSC-Block-TV-Col21: k_hat=3  ACC=0.9901  NMI=0.9593  ARI=0.9706  0.3s

=== P1L_S4_C2 train[0] k=3  dim=576  frames=157  σ=0.5  fold=2 ===
  SSC-Block-TV-Col21: k_hat=3  ACC=0.7771  NMI=0.6675  ARI=0.4827  0.2s

=== P1L_S4_C2 train[1] k=3  dim=576  frames=149  σ=0.5  fold=2 ===
  SSC-Block-TV-Col21: k_hat=3  ACC=0.9396  NMI=0.8435  ARI=0.8159  0.2s

=== P1L_S4_C2 train[2] k=3  dim=576  frames=168  σ=0.5  fold=2 ===
  SSC-Block-TV-Col21: k_hat=3  ACC=0.8571  NMI=0.7125  ARI=0.6257  0.2s

=== P1L_S4_C2 train[3] k=3  dim=576  frames=154  σ=0.5  fold=2 ===
  SSC-Block-TV-Col21: k_hat=3  ACC=0.9935  NMI=0.9708  ARI=0.9850  0.2s

=== P1L_S4_C2 train[4] k=3  dim=576  frames=152  σ=0.5  fold=2 ===
  SSC-Block-TV-Col21: k_hat=3  ACC=0.8618  NMI=0.7611  ARI=0.6804  0.2s

=== P1L_S4_C2 train[5] k=3  dim=576  frames=169  σ=0.5  fold=2 ===
  SSC-Block-TV-Col21: k_hat=3  ACC=0.6036  NMI=0.6669  ARI=0.4813  0.2s

=== P1L_S4_C2 train[6] k=3  dim=576  frames=153  σ=0.5  fold=2 ===
  SSC-Block-TV-Col21: k_hat=3  ACC=0.9739  NMI=0.8979  ARI=0.9177  0.2s

=== P1L_S4_C3 train[0] k=3  dim=576  frames=96  σ=0.5  fold=2 ===
  SSC-Block-TV-Col21: k_hat=3  ACC=0.9062  NMI=0.7950  ARI=0.7353  0.1s

=== P1L_S4_C3 train[1] k=3  dim=576  frames=107  σ=0.5  fold=2 ===
  SSC-Block-TV-Col21: k_hat=3  ACC=1.0000  NMI=1.0000  ARI=1.0000  0.1s

=== P1L_S4_C3 train[2] k=3  dim=576  frames=117  σ=0.5  fold=2 ===
  SSC-Block-TV-Col21: k_hat=3  ACC=0.6410  NMI=0.6653  ARI=0.4934  0.1s

=== P1L_S4_C3 train[3] k=3  dim=576  frames=112  σ=0.5  fold=2 ===
  SSC-Block-TV-Col21: k_hat=3  ACC=0.7768  NMI=0.7083  ARI=0.5595  0.1s

=== P1L_S4_C3 train[4] k=3  dim=576  frames=103  σ=0.5  fold=2 ===
  SSC-Block-TV-Col21: k_hat=3  ACC=0.9709  NMI=0.9072  ARI=0.9110  0.1s

=== P1L_S4_C3 train[5] k=3  dim=576  frames=105  σ=0.5  fold=2 ===
  SSC-Block-TV-Col21: k_hat=3  ACC=0.8571  NMI=0.7293  ARI=0.6715  0.1s

=== P1L_S4_C3 train[6] k=3  dim=576  frames=107  σ=0.5  fold=2 ===
  SSC-Block-TV-Col21: k_hat=3  ACC=0.9720  NMI=0.9111  ARI=0.9208  0.1s

=== P1E_S1_C1 test[0] k=3  dim=576  frames=130  σ=0.5  fold=2 ===
  SSC-Block-TV-Col21: k_hat=3  ACC=1.0000  NMI=1.0000  ARI=1.0000  0.1s

=== P1E_S1_C2 test[0] k=3  dim=576  frames=104  σ=0.5  fold=2 ===
  SSC-Block-TV-Col21: k_hat=3  ACC=1.0000  NMI=1.0000  ARI=1.0000  0.1s

=== P1E_S1_C3 test[0] k=3  dim=576  frames=47  σ=0.5  fold=2 ===
  SSC-Block-TV-Col21: k_hat=3  ACC=0.9787  NMI=0.9257  ARI=0.9330  0.0s

=== P1E_S2_C1 test[0] k=3  dim=576  frames=136  σ=0.5  fold=2 ===
  SSC-Block-TV-Col21: k_hat=3  ACC=0.8897  NMI=0.7826  ARI=0.7148  0.2s

=== P1E_S2_C2 test[0] k=3  dim=576  frames=109  σ=0.5  fold=2 ===
  SSC-Block-TV-Col21: k_hat=3  ACC=1.0000  NMI=1.0000  ARI=1.0000  0.1s

=== P1E_S2_C3 test[0] k=3  dim=576  frames=90  σ=0.5  fold=2 ===
  SSC-Block-TV-Col21: k_hat=3  ACC=1.0000  NMI=1.0000  ARI=1.0000  0.1s

=== P1E_S3_C1 test[0] k=3  dim=576  frames=134  σ=0.5  fold=2 ===
  SSC-Block-TV-Col21: k_hat=3  ACC=0.8209  NMI=0.6916  ARI=0.5699  0.2s

=== P1E_S3_C2 test[0] k=3  dim=576  frames=112  σ=0.5  fold=2 ===
  SSC-Block-TV-Col21: k_hat=3  ACC=0.9554  NMI=0.8456  ARI=0.8631  0.1s

=== P1E_S3_C3 test[0] k=3  dim=576  frames=84  σ=0.5  fold=2 ===
  SSC-Block-TV-Col21: k_hat=3  ACC=0.9881  NMI=0.9525  ARI=0.9657  0.1s

=== P1E_S4_C1 test[0] k=3  dim=576  frames=155  σ=0.5  fold=2 ===
  SSC-Block-TV-Col21: k_hat=3  ACC=0.9871  NMI=0.9496  ARI=0.9602  0.2s

=== P1E_S4_C2 test[0] k=3  dim=576  frames=122  σ=0.5  fold=2 ===
  SSC-Block-TV-Col21: k_hat=3  ACC=1.0000  NMI=1.0000  ARI=1.0000  0.1s

=== P1E_S4_C3 test[0] k=3  dim=576  frames=85  σ=0.5  fold=2 ===
  SSC-Block-TV-Col21: k_hat=3  ACC=0.9765  NMI=0.9220  ARI=0.9313  0.1s

=== P1L_S1_C1 test[0] k=3  dim=576  frames=155  σ=0.5  fold=2 ===
  SSC-Block-TV-Col21: k_hat=3  ACC=1.0000  NMI=1.0000  ARI=1.0000  0.2s

=== P1L_S1_C2 test[0] k=3  dim=576  frames=147  σ=0.5  fold=2 ===
  SSC-Block-TV-Col21: k_hat=3  ACC=0.9932  NMI=0.9697  ARI=0.9804  0.2s

=== P1L_S1_C3 test[0] k=3  dim=576  frames=65  σ=0.5  fold=2 ===
  SSC-Block-TV-Col21: k_hat=3  ACC=1.0000  NMI=1.0000  ARI=1.0000  0.1s

=== P1L_S2_C1 test[0] k=3  dim=576  frames=180  σ=0.5  fold=2 ===
  SSC-Block-TV-Col21: k_hat=3  ACC=1.0000  NMI=1.0000  ARI=1.0000  0.2s

=== P1L_S2_C2 test[0] k=3  dim=576  frames=134  σ=0.5  fold=2 ===
  SSC-Block-TV-Col21: k_hat=3  ACC=1.0000  NMI=1.0000  ARI=1.0000  0.2s

=== P1L_S2_C3 test[0] k=3  dim=576  frames=85  σ=0.5  fold=2 ===
  SSC-Block-TV-Col21: k_hat=3  ACC=0.9882  NMI=0.9505  ARI=0.9597  0.1s

=== P1L_S3_C1 test[0] k=3  dim=576  frames=185  σ=0.5  fold=2 ===
  SSC-Block-TV-Col21: k_hat=3  ACC=0.9838  NMI=0.9402  ARI=0.9511  0.2s

=== P1L_S3_C2 test[0] k=3  dim=576  frames=166  σ=0.5  fold=2 ===
  SSC-Block-TV-Col21: k_hat=3  ACC=1.0000  NMI=1.0000  ARI=1.0000  0.2s

=== P1L_S3_C3 test[0] k=3  dim=576  frames=121  σ=0.5  fold=2 ===
  SSC-Block-TV-Col21: k_hat=3  ACC=1.0000  NMI=1.0000  ARI=1.0000  0.1s

=== P1L_S4_C1 test[0] k=3  dim=576  frames=154  σ=0.5  fold=2 ===
  SSC-Block-TV-Col21: k_hat=3  ACC=1.0000  NMI=1.0000  ARI=1.0000  0.2s

=== P1L_S4_C2 test[0] k=3  dim=576  frames=175  σ=0.5  fold=2 ===
  SSC-Block-TV-Col21: k_hat=3  ACC=1.0000  NMI=1.0000  ARI=1.0000  0.2s

=== P1L_S4_C3 test[0] k=3  dim=576  frames=94  σ=0.5  fold=2 ===
  SSC-Block-TV-Col21: k_hat=3  ACC=1.0000  NMI=1.0000  ARI=1.0000  0.1s
  tune_pool_groups=20: sampling from 22 held-in people (overlap allowed) instead of the 7 fixed partition group(s)

============================================================
σ=0.5 fold=3  test=['0005', '0024', '0025']  train mats=168  test mats=24  tune mats=480
  --- tune SSC-Block-TV-Col21 over 480 train mats  n_trials=40 (4 params) ---
  SSC-Block-TV-Col21 trial 0: mean ARI=0.3788  n=480  73.6s  lambda_e=1, lambda_z=0.1, gamma_q=0.1, block_size=5
  SSC-Block-TV-Col21 trial 1: mean ARI=0.3527  n=480  73.5s  lambda_e=0.443, lambda_z=0.7257, gamma_q=0.2577, block_size=7
  SSC-Block-TV-Col21 trial 2: mean ARI=0.4249  n=480  72.9s  lambda_e=0.1866, lambda_z=0.3833, gamma_q=0.05628, block_size=11
  SSC-Block-TV-Col21 trial 3: mean ARI=0.3136  n=480  72.9s  lambda_e=7.78, lambda_z=0.03418, gamma_q=1.469, block_size=7
  SSC-Block-TV-Col21 trial 4: mean ARI=0.5229  n=480  77.1s  lambda_e=0.506, lambda_z=5.039, gamma_q=0.001924, block_size=2
  SSC-Block-TV-Col21 trial 5: mean ARI=0.2568  n=480  73.1s  lambda_e=0.0115, lambda_z=2.14, gamma_q=1.296, block_size=11
  SSC-Block-TV-Col21 trial 6: mean ARI=0.4119  n=480  72.5s  lambda_e=8.627, lambda_z=1.573, gamma_q=0.07013, block_size=10
  SSC-Block-TV-Col21 trial 7: mean ARI=0.6279  n=480  72.9s  lambda_e=0.02264, lambda_z=0.3628, gamma_q=0.003745, block_size=12
  SSC-Block-TV-Col21 trial 8: mean ARI=0.6125  n=480  73.2s  lambda_e=0.3677, lambda_z=0.04557, gamma_q=0.01143, block_size=10
  SSC-Block-TV-Col21 trial 9: mean ARI=0.5631  n=480  72.8s  lambda_e=0.2336, lambda_z=0.1878, gamma_q=0.001189, block_size=8
  SSC-Block-TV-Col21 trial 10: mean ARI=0.3916  n=480  76.4s  lambda_e=0.01151, lambda_z=0.001661, gamma_q=6.473, block_size=2
  SSC-Block-TV-Col21 trial 11: mean ARI=0.6236  n=480  72.3s  lambda_e=0.06092, lambda_z=0.01492, gamma_q=0.01117, block_size=12
  SSC-Block-TV-Col21 trial 12: mean ARI=0.6138  n=480  72.5s  lambda_e=0.03813, lambda_z=0.00583, gamma_q=0.007807, block_size=12
  SSC-Block-TV-Col21 trial 13: mean ARI=0.6440  n=480  72.4s  lambda_e=0.04841, lambda_z=0.01152, gamma_q=0.008113, block_size=12
  SSC-Block-TV-Col21 trial 14: mean ARI=0.4715  n=480  72.6s  lambda_e=0.04355, lambda_z=0.001053, gamma_q=0.005404, block_size=9
  SSC-Block-TV-Col21 trial 15: mean ARI=0.4758  n=480  72.4s  lambda_e=0.08574, lambda_z=0.006523, gamma_q=0.02484, block_size=12
  SSC-Block-TV-Col21 trial 16: mean ARI=0.4945  n=480  73.2s  lambda_e=0.02243, lambda_z=7.072, gamma_q=0.002717, block_size=10
  SSC-Block-TV-Col21 trial 17: mean ARI=0.5077  n=480  72.5s  lambda_e=0.1206, lambda_z=0.1102, gamma_q=0.02476, block_size=11
  SSC-Block-TV-Col21 trial 18: mean ARI=0.6763  n=480  72.6s  lambda_e=0.02024, lambda_z=0.004073, gamma_q=0.003613, block_size=9
  SSC-Block-TV-Col21 trial 19: mean ARI=0.4003  n=480  73.5s  lambda_e=3.182, lambda_z=0.004276, gamma_q=0.2784, block_size=5
  SSC-Block-TV-Col21 trial 20: mean ARI=0.7193  n=480  72.6s  lambda_e=0.02124, lambda_z=0.01733, gamma_q=0.001001, block_size=8
  SSC-Block-TV-Col21 trial 21: mean ARI=0.7132  n=480  72.8s  lambda_e=0.02387, lambda_z=0.02044, gamma_q=0.001057, block_size=8
  SSC-Block-TV-Col21 trial 22: mean ARI=0.7007  n=480  73.2s  lambda_e=0.02127, lambda_z=0.029, gamma_q=0.001013, block_size=8
  SSC-Block-TV-Col21 trial 23: mean ARI=0.7144  n=480  73.2s  lambda_e=0.02549, lambda_z=0.02498, gamma_q=0.001035, block_size=6
  SSC-Block-TV-Col21 trial 24: mean ARI=0.7431  n=480  73.5s  lambda_e=0.03315, lambda_z=0.01288, gamma_q=0.001426, block_size=5
  SSC-Block-TV-Col21 trial 25: mean ARI=0.7332  n=480  74.0s  lambda_e=0.01026, lambda_z=0.04462, gamma_q=0.002112, block_size=5
  SSC-Block-TV-Col21 trial 26: mean ARI=0.7351  n=480  74.6s  lambda_e=0.01087, lambda_z=0.0918, gamma_q=0.002349, block_size=4
  SSC-Block-TV-Col21 trial 27: mean ARI=0.7392  n=480  74.8s  lambda_e=0.01008, lambda_z=0.04955, gamma_q=0.002379, block_size=4
  SSC-Block-TV-Col21 trial 28: mean ARI=0.5542  n=480  75.3s  lambda_e=0.01404, lambda_z=0.1538, gamma_q=0.02347, block_size=3
  SSC-Block-TV-Col21 trial 29: mean ARI=0.6540  n=480  74.2s  lambda_e=0.0726, lambda_z=0.07877, gamma_q=0.005159, block_size=4
  SSC-Block-TV-Col21 trial 30: mean ARI=0.6836  n=480  74.8s  lambda_e=0.03601, lambda_z=0.3219, gamma_q=0.002086, block_size=4
  SSC-Block-TV-Col21 trial 31: mean ARI=0.7334  n=480  73.9s  lambda_e=0.01058, lambda_z=0.06383, gamma_q=0.002243, block_size=5
  SSC-Block-TV-Col21 trial 32: mean ARI=0.7350  n=480  74.7s  lambda_e=0.01532, lambda_z=0.07574, gamma_q=0.002167, block_size=4
  SSC-Block-TV-Col21 trial 33: mean ARI=0.7009  n=480  74.9s  lambda_e=0.0169, lambda_z=0.2185, gamma_q=0.004821, block_size=4
  SSC-Block-TV-Col21 trial 34: mean ARI=0.6226  n=480  75.3s  lambda_e=0.03189, lambda_z=0.7087, gamma_q=0.01562, block_size=3
  SSC-Block-TV-Col21 trial 35: mean ARI=0.6174  n=480  73.2s  lambda_e=0.1187, lambda_z=0.1045, gamma_q=0.001818, block_size=6
  SSC-Block-TV-Col21 trial 36: mean ARI=0.7152  n=480  75.2s  lambda_e=0.01488, lambda_z=0.009481, gamma_q=0.003263, block_size=3
  SSC-Block-TV-Col21 trial 37: mean ARI=0.6504  n=480  73.1s  lambda_e=1.656, lambda_z=0.04898, gamma_q=0.005961, block_size=6
  SSC-Block-TV-Col21 trial 38: mean ARI=0.6878  n=480  74.7s  lambda_e=0.03163, lambda_z=0.572, gamma_q=0.001698, block_size=4
  SSC-Block-TV-Col21 trial 39: mean ARI=0.7118  n=480  76.9s  lambda_e=0.01485, lambda_z=1.083, gamma_q=0.003347, block_size=2
    best mean ARI=0.7431  tune 2950.5s  lambda_e=0.03315, lambda_z=0.01288, gamma_q=0.001426, block_size=5
  wrote /nfs/turbo/umms-minjilab/lpullela/icassp_ssc_tv2/block_ssc_benchmark/cv/params/surveillance/split_k3_sigmas_min30_trials20_params_knownk_cv_ssc_block_tv_col21_k3_sigma0p5_sigma0.5_fold3.json

=== P1E_S1_C1 train[0] k=3  dim=576  frames=146  σ=0.5  fold=3 ===
  SSC-Block-TV-Col21: k_hat=3  ACC=0.9863  NMI=0.9433  ARI=0.9531  0.2s

=== P1E_S1_C1 train[1] k=3  dim=576  frames=153  σ=0.5  fold=3 ===
  SSC-Block-TV-Col21: k_hat=3  ACC=0.9935  NMI=0.9706  ARI=0.9801  0.2s

=== P1E_S1_C1 train[2] k=3  dim=576  frames=130  σ=0.5  fold=3 ===
  SSC-Block-TV-Col21: k_hat=3  ACC=1.0000  NMI=1.0000  ARI=1.0000  0.1s

=== P1E_S1_C1 train[3] k=3  dim=576  frames=157  σ=0.5  fold=3 ===
  SSC-Block-TV-Col21: k_hat=3  ACC=0.5860  NMI=0.6302  ARI=0.4504  0.2s

=== P1E_S1_C1 train[4] k=3  dim=576  frames=151  σ=0.5  fold=3 ===
  SSC-Block-TV-Col21: k_hat=3  ACC=0.5960  NMI=0.6690  ARI=0.4788  0.2s

=== P1E_S1_C1 train[5] k=3  dim=576  frames=140  σ=0.5  fold=3 ===
  SSC-Block-TV-Col21: k_hat=3  ACC=0.8643  NMI=0.7254  ARI=0.6706  0.2s

=== P1E_S1_C1 train[6] k=3  dim=576  frames=171  σ=0.5  fold=3 ===
  SSC-Block-TV-Col21: k_hat=3  ACC=0.9708  NMI=0.8962  ARI=0.9179  0.2s

=== P1E_S1_C2 train[0] k=3  dim=576  frames=147  σ=0.5  fold=3 ===
  SSC-Block-TV-Col21: k_hat=3  ACC=0.9660  NMI=0.8779  ARI=0.8925  0.2s

=== P1E_S1_C2 train[1] k=3  dim=576  frames=115  σ=0.5  fold=3 ===
  SSC-Block-TV-Col21: k_hat=3  ACC=1.0000  NMI=1.0000  ARI=1.0000  0.1s

=== P1E_S1_C2 train[2] k=3  dim=576  frames=104  σ=0.5  fold=3 ===
  SSC-Block-TV-Col21: k_hat=3  ACC=1.0000  NMI=1.0000  ARI=1.0000  0.1s

=== P1E_S1_C2 train[3] k=3  dim=576  frames=113  σ=0.5  fold=3 ===
  SSC-Block-TV-Col21: k_hat=3  ACC=0.9381  NMI=0.8272  ARI=0.8360  0.1s

=== P1E_S1_C2 train[4] k=3  dim=576  frames=122  σ=0.5  fold=3 ===
  SSC-Block-TV-Col21: k_hat=3  ACC=0.5574  NMI=0.6295  ARI=0.4511  0.1s

=== P1E_S1_C2 train[5] k=3  dim=576  frames=122  σ=0.5  fold=3 ===
  SSC-Block-TV-Col21: k_hat=3  ACC=0.9098  NMI=0.8127  ARI=0.7851  0.1s

=== P1E_S1_C2 train[6] k=3  dim=576  frames=134  σ=0.5  fold=3 ===
  SSC-Block-TV-Col21: k_hat=3  ACC=0.9925  NMI=0.9674  ARI=0.9779  0.1s

=== P1E_S1_C3 train[0] k=3  dim=576  frames=58  σ=0.5  fold=3 ===
  SSC-Block-TV-Col21: k_hat=3  ACC=0.6552  NMI=0.5042  ARI=0.3531  0.1s

=== P1E_S1_C3 train[1] k=3  dim=576  frames=56  σ=0.5  fold=3 ===
  SSC-Block-TV-Col21: k_hat=3  ACC=0.7500  NMI=0.6593  ARI=0.6103  0.0s

=== P1E_S1_C3 train[2] k=3  dim=576  frames=47  σ=0.5  fold=3 ===
  SSC-Block-TV-Col21: k_hat=3  ACC=0.9787  NMI=0.9290  ARI=0.9459  0.0s

=== P1E_S1_C3 train[3] k=3  dim=576  frames=37  σ=0.5  fold=3 ===
  SSC-Block-TV-Col21: k_hat=3  ACC=0.5676  NMI=0.4527  ARI=0.3082  0.0s

=== P1E_S1_C3 train[4] k=3  dim=576  frames=55  σ=0.5  fold=3 ===
  SSC-Block-TV-Col21: k_hat=3  ACC=0.9273  NMI=0.8278  ARI=0.7857  0.0s

=== P1E_S1_C3 train[5] k=3  dim=576  frames=51  σ=0.5  fold=3 ===
  SSC-Block-TV-Col21: k_hat=3  ACC=0.6275  NMI=0.4850  ARI=0.3125  0.0s

=== P1E_S1_C3 train[6] k=3  dim=576  frames=69  σ=0.5  fold=3 ===
  SSC-Block-TV-Col21: k_hat=3  ACC=0.8261  NMI=0.6635  ARI=0.5876  0.1s

=== P1E_S2_C1 train[0] k=3  dim=576  frames=167  σ=0.5  fold=3 ===
  SSC-Block-TV-Col21: k_hat=3  ACC=0.9760  NMI=0.9201  ARI=0.9285  0.2s

=== P1E_S2_C1 train[1] k=3  dim=576  frames=151  σ=0.5  fold=3 ===
  SSC-Block-TV-Col21: k_hat=3  ACC=0.7351  NMI=0.5982  ARI=0.4947  0.2s

=== P1E_S2_C1 train[2] k=3  dim=576  frames=136  σ=0.5  fold=3 ===
  SSC-Block-TV-Col21: k_hat=3  ACC=0.8897  NMI=0.7826  ARI=0.7148  0.1s

=== P1E_S2_C1 train[3] k=3  dim=576  frames=149  σ=0.5  fold=3 ===
  SSC-Block-TV-Col21: k_hat=3  ACC=0.6040  NMI=0.6711  ARI=0.4842  0.2s

=== P1E_S2_C1 train[4] k=3  dim=576  frames=124  σ=0.5  fold=3 ===
  SSC-Block-TV-Col21: k_hat=3  ACC=0.5403  NMI=0.6637  ARI=0.4600  0.1s

=== P1E_S2_C1 train[5] k=3  dim=576  frames=161  σ=0.5  fold=3 ===
  SSC-Block-TV-Col21: k_hat=3  ACC=0.7764  NMI=0.6353  ARI=0.5285  0.2s

=== P1E_S2_C1 train[6] k=3  dim=576  frames=153  σ=0.5  fold=3 ===
  SSC-Block-TV-Col21: k_hat=3  ACC=0.9869  NMI=0.9415  ARI=0.9615  0.2s

=== P1E_S2_C2 train[0] k=3  dim=576  frames=146  σ=0.5  fold=3 ===
  SSC-Block-TV-Col21: k_hat=3  ACC=0.8904  NMI=0.7160  ARI=0.7043  0.2s

=== P1E_S2_C2 train[1] k=3  dim=576  frames=115  σ=0.5  fold=3 ===
  SSC-Block-TV-Col21: k_hat=3  ACC=0.9913  NMI=0.9630  ARI=0.9739  0.1s

=== P1E_S2_C2 train[2] k=3  dim=576  frames=109  σ=0.5  fold=3 ===
  SSC-Block-TV-Col21: k_hat=3  ACC=1.0000  NMI=1.0000  ARI=1.0000  0.1s

=== P1E_S2_C2 train[3] k=3  dim=576  frames=124  σ=0.5  fold=3 ===
  SSC-Block-TV-Col21: k_hat=3  ACC=0.9919  NMI=0.9642  ARI=0.9736  0.1s

=== P1E_S2_C2 train[4] k=3  dim=576  frames=109  σ=0.5  fold=3 ===
  SSC-Block-TV-Col21: k_hat=3  ACC=0.6881  NMI=0.6895  ARI=0.5379  0.1s

=== P1E_S2_C2 train[5] k=3  dim=576  frames=128  σ=0.5  fold=3 ===
  SSC-Block-TV-Col21: k_hat=3  ACC=0.8828  NMI=0.7831  ARI=0.7188  0.1s

=== P1E_S2_C2 train[6] k=3  dim=576  frames=126  σ=0.5  fold=3 ===
  SSC-Block-TV-Col21: k_hat=3  ACC=0.9762  NMI=0.9207  ARI=0.9308  0.1s

=== P1E_S2_C3 train[0] k=3  dim=576  frames=113  σ=0.5  fold=3 ===
  SSC-Block-TV-Col21: k_hat=3  ACC=0.9381  NMI=0.8064  ARI=0.8198  0.1s

=== P1E_S2_C3 train[1] k=3  dim=576  frames=88  σ=0.5  fold=3 ===
  SSC-Block-TV-Col21: k_hat=3  ACC=1.0000  NMI=1.0000  ARI=1.0000  0.1s

=== P1E_S2_C3 train[2] k=3  dim=576  frames=90  σ=0.5  fold=3 ===
  SSC-Block-TV-Col21: k_hat=3  ACC=1.0000  NMI=1.0000  ARI=1.0000  0.1s

=== P1E_S2_C3 train[3] k=3  dim=576  frames=99  σ=0.5  fold=3 ===
  SSC-Block-TV-Col21: k_hat=3  ACC=0.9394  NMI=0.8491  ARI=0.8306  0.1s

=== P1E_S2_C3 train[4] k=3  dim=576  frames=87  σ=0.5  fold=3 ===
  SSC-Block-TV-Col21: k_hat=3  ACC=0.9540  NMI=0.8534  ARI=0.8780  0.1s

=== P1E_S2_C3 train[5] k=3  dim=576  frames=105  σ=0.5  fold=3 ===
  SSC-Block-TV-Col21: k_hat=3  ACC=0.9524  NMI=0.8700  ARI=0.8594  0.1s

=== P1E_S2_C3 train[6] k=3  dim=576  frames=89  σ=0.5  fold=3 ===
  SSC-Block-TV-Col21: k_hat=3  ACC=0.9775  NMI=0.9248  ARI=0.9383  0.1s

=== P1E_S3_C1 train[0] k=3  dim=576  frames=166  σ=0.5  fold=3 ===
  SSC-Block-TV-Col21: k_hat=3  ACC=0.8012  NMI=0.6641  ARI=0.5278  0.2s

=== P1E_S3_C1 train[1] k=3  dim=576  frames=139  σ=0.5  fold=3 ===
  SSC-Block-TV-Col21: k_hat=3  ACC=0.7122  NMI=0.6953  ARI=0.5451  0.2s

=== P1E_S3_C1 train[2] k=3  dim=576  frames=134  σ=0.5  fold=3 ===
  SSC-Block-TV-Col21: k_hat=3  ACC=0.8433  NMI=0.7349  ARI=0.6100  0.1s

=== P1E_S3_C1 train[3] k=3  dim=576  frames=168  σ=0.5  fold=3 ===
  SSC-Block-TV-Col21: k_hat=3  ACC=0.8571  NMI=0.7396  ARI=0.6204  0.2s

=== P1E_S3_C1 train[4] k=3  dim=576  frames=123  σ=0.5  fold=3 ===
  SSC-Block-TV-Col21: k_hat=3  ACC=0.5122  NMI=0.4251  ARI=0.2437  0.1s

=== P1E_S3_C1 train[5] k=3  dim=576  frames=204  σ=0.5  fold=3 ===
  SSC-Block-TV-Col21: k_hat=3  ACC=0.8529  NMI=0.7624  ARI=0.6954  0.3s

=== P1E_S3_C1 train[6] k=3  dim=576  frames=112  σ=0.5  fold=3 ===
  SSC-Block-TV-Col21: k_hat=3  ACC=0.8750  NMI=0.7317  ARI=0.6933  0.1s

=== P1E_S3_C2 train[0] k=3  dim=576  frames=147  σ=0.5  fold=3 ===
  SSC-Block-TV-Col21: k_hat=3  ACC=0.8912  NMI=0.7677  ARI=0.6800  0.2s

=== P1E_S3_C2 train[1] k=3  dim=576  frames=120  σ=0.5  fold=3 ===
  SSC-Block-TV-Col21: k_hat=3  ACC=0.8417  NMI=0.7268  ARI=0.5900  0.1s

=== P1E_S3_C2 train[2] k=3  dim=576  frames=112  σ=0.5  fold=3 ===
  SSC-Block-TV-Col21: k_hat=3  ACC=0.9375  NMI=0.8076  ARI=0.8112  0.1s

=== P1E_S3_C2 train[3] k=3  dim=576  frames=169  σ=0.5  fold=3 ===
  SSC-Block-TV-Col21: k_hat=3  ACC=0.9882  NMI=0.9511  ARI=0.9610  0.2s

=== P1E_S3_C2 train[4] k=3  dim=576  frames=107  σ=0.5  fold=3 ===
  SSC-Block-TV-Col21: k_hat=3  ACC=0.5981  NMI=0.6680  ARI=0.4761  0.1s

=== P1E_S3_C2 train[5] k=3  dim=576  frames=146  σ=0.5  fold=3 ===
  SSC-Block-TV-Col21: k_hat=3  ACC=0.7740  NMI=0.6618  ARI=0.4556  0.2s

=== P1E_S3_C2 train[6] k=3  dim=576  frames=114  σ=0.5  fold=3 ===
  SSC-Block-TV-Col21: k_hat=3  ACC=0.9912  NMI=0.9609  ARI=0.9730  0.1s

=== P1E_S3_C3 train[0] k=3  dim=576  frames=105  σ=0.5  fold=3 ===
  SSC-Block-TV-Col21: k_hat=3  ACC=1.0000  NMI=1.0000  ARI=1.0000  0.1s

=== P1E_S3_C3 train[1] k=3  dim=576  frames=89  σ=0.5  fold=3 ===
  SSC-Block-TV-Col21: k_hat=3  ACC=0.9775  NMI=0.9207  ARI=0.9293  0.1s

=== P1E_S3_C3 train[2] k=3  dim=576  frames=84  σ=0.5  fold=3 ===
  SSC-Block-TV-Col21: k_hat=3  ACC=0.9881  NMI=0.9525  ARI=0.9657  0.1s

=== P1E_S3_C3 train[3] k=3  dim=576  frames=128  σ=0.5  fold=3 ===
  SSC-Block-TV-Col21: k_hat=3  ACC=0.7891  NMI=0.7154  ARI=0.5769  0.1s

=== P1E_S3_C3 train[4] k=3  dim=576  frames=83  σ=0.5  fold=3 ===
  SSC-Block-TV-Col21: k_hat=3  ACC=0.9398  NMI=0.8539  ARI=0.8439  0.1s

=== P1E_S3_C3 train[5] k=3  dim=576  frames=129  σ=0.5  fold=3 ===
  SSC-Block-TV-Col21: k_hat=3  ACC=0.5349  NMI=0.6553  ARI=0.4505  0.1s

=== P1E_S3_C3 train[6] k=3  dim=576  frames=84  σ=0.5  fold=3 ===
  SSC-Block-TV-Col21: k_hat=3  ACC=0.9881  NMI=0.9523  ARI=0.9667  0.1s

=== P1E_S4_C1 train[0] k=3  dim=576  frames=158  σ=0.5  fold=3 ===
  SSC-Block-TV-Col21: k_hat=3  ACC=0.8481  NMI=0.7167  ARI=0.5780  0.2s

=== P1E_S4_C1 train[1] k=3  dim=576  frames=107  σ=0.5  fold=3 ===
  SSC-Block-TV-Col21: k_hat=3  ACC=1.0000  NMI=1.0000  ARI=1.0000  0.1s

=== P1E_S4_C1 train[2] k=3  dim=576  frames=155  σ=0.5  fold=3 ===
  SSC-Block-TV-Col21: k_hat=3  ACC=0.9548  NMI=0.8750  ARI=0.8675  0.2s

=== P1E_S4_C1 train[3] k=3  dim=576  frames=180  σ=0.5  fold=3 ===
  SSC-Block-TV-Col21: k_hat=3  ACC=0.6778  NMI=0.6859  ARI=0.5257  0.2s

=== P1E_S4_C1 train[4] k=3  dim=576  frames=133  σ=0.5  fold=3 ===
  SSC-Block-TV-Col21: k_hat=3  ACC=0.6466  NMI=0.6651  ARI=0.4918  0.1s

=== P1E_S4_C1 train[5] k=3  dim=576  frames=147  σ=0.5  fold=3 ===
  SSC-Block-TV-Col21: k_hat=3  ACC=0.5034  NMI=0.4851  ARI=0.3226  0.2s

=== P1E_S4_C1 train[6] k=3  dim=576  frames=145  σ=0.5  fold=3 ===
  SSC-Block-TV-Col21: k_hat=3  ACC=0.9172  NMI=0.7904  ARI=0.7914  0.2s

=== P1E_S4_C2 train[0] k=3  dim=576  frames=117  σ=0.5  fold=3 ===
  SSC-Block-TV-Col21: k_hat=3  ACC=0.9573  NMI=0.8552  ARI=0.8756  0.1s

=== P1E_S4_C2 train[1] k=3  dim=576  frames=125  σ=0.5  fold=3 ===
  SSC-Block-TV-Col21: k_hat=3  ACC=0.9680  NMI=0.9018  ARI=0.9076  0.1s

=== P1E_S4_C2 train[2] k=3  dim=576  frames=122  σ=0.5  fold=3 ===
  SSC-Block-TV-Col21: k_hat=3  ACC=0.9918  NMI=0.9645  ARI=0.9747  0.1s

=== P1E_S4_C2 train[3] k=3  dim=576  frames=140  σ=0.5  fold=3 ===
  SSC-Block-TV-Col21: k_hat=3  ACC=0.9786  NMI=0.9234  ARI=0.9323  0.2s

=== P1E_S4_C2 train[4] k=3  dim=576  frames=129  σ=0.5  fold=3 ===
  SSC-Block-TV-Col21: k_hat=3  ACC=0.5659  NMI=0.6611  ARI=0.4614  0.1s

=== P1E_S4_C2 train[5] k=3  dim=576  frames=146  σ=0.5  fold=3 ===
  SSC-Block-TV-Col21: k_hat=3  ACC=0.6438  NMI=0.5991  ARI=0.4635  0.2s

=== P1E_S4_C2 train[6] k=3  dim=576  frames=110  σ=0.5  fold=3 ===
  SSC-Block-TV-Col21: k_hat=3  ACC=0.9909  NMI=0.9623  ARI=0.9753  0.1s

=== P1E_S4_C3 train[0] k=3  dim=576  frames=90  σ=0.5  fold=3 ===
  SSC-Block-TV-Col21: k_hat=3  ACC=0.9222  NMI=0.7728  ARI=0.7710  0.1s

=== P1E_S4_C3 train[1] k=3  dim=576  frames=64  σ=0.5  fold=3 ===
  SSC-Block-TV-Col21: k_hat=3  ACC=0.8281  NMI=0.6700  ARI=0.6247  0.1s

=== P1E_S4_C3 train[2] k=3  dim=576  frames=85  σ=0.5  fold=3 ===
  SSC-Block-TV-Col21: k_hat=3  ACC=0.9647  NMI=0.8755  ARI=0.8962  0.1s

=== P1E_S4_C3 train[3] k=3  dim=576  frames=87  σ=0.5  fold=3 ===
  SSC-Block-TV-Col21: k_hat=3  ACC=0.8851  NMI=0.7794  ARI=0.7134  0.1s

=== P1E_S4_C3 train[4] k=3  dim=576  frames=76  σ=0.5  fold=3 ===
  SSC-Block-TV-Col21: k_hat=3  ACC=0.5921  NMI=0.6617  ARI=0.4631  0.1s

=== P1E_S4_C3 train[5] k=3  dim=576  frames=106  σ=0.5  fold=3 ===
  SSC-Block-TV-Col21: k_hat=3  ACC=0.4717  NMI=0.2420  ARI=0.0273  0.1s

=== P1E_S4_C3 train[6] k=3  dim=576  frames=79  σ=0.5  fold=3 ===
  SSC-Block-TV-Col21: k_hat=3  ACC=0.9114  NMI=0.7674  ARI=0.7662  0.1s

=== P1L_S1_C1 train[0] k=3  dim=576  frames=162  σ=0.5  fold=3 ===
  SSC-Block-TV-Col21: k_hat=3  ACC=0.9815  NMI=0.9346  ARI=0.9472  0.2s

=== P1L_S1_C1 train[1] k=3  dim=576  frames=170  σ=0.5  fold=3 ===
  SSC-Block-TV-Col21: k_hat=3  ACC=0.7765  NMI=0.6807  ARI=0.4977  0.2s

=== P1L_S1_C1 train[2] k=3  dim=576  frames=155  σ=0.5  fold=3 ===
  SSC-Block-TV-Col21: k_hat=3  ACC=1.0000  NMI=1.0000  ARI=1.0000  0.2s

=== P1L_S1_C1 train[3] k=3  dim=576  frames=198  σ=0.5  fold=3 ===
  SSC-Block-TV-Col21: k_hat=3  ACC=0.7273  NMI=0.6733  ARI=0.5345  0.3s

=== P1L_S1_C1 train[4] k=3  dim=576  frames=166  σ=0.5  fold=3 ===
  SSC-Block-TV-Col21: k_hat=3  ACC=1.0000  NMI=1.0000  ARI=1.0000  0.2s

=== P1L_S1_C1 train[5] k=3  dim=576  frames=116  σ=0.5  fold=3 ===
  SSC-Block-TV-Col21: k_hat=3  ACC=0.6379  NMI=0.4017  ARI=0.1831  0.1s

=== P1L_S1_C1 train[6] k=3  dim=576  frames=175  σ=0.5  fold=3 ===
  SSC-Block-TV-Col21: k_hat=3  ACC=1.0000  NMI=1.0000  ARI=1.0000  0.2s

=== P1L_S1_C2 train[0] k=3  dim=576  frames=186  σ=0.5  fold=3 ===
  SSC-Block-TV-Col21: k_hat=3  ACC=0.7688  NMI=0.6813  ARI=0.5085  0.2s

=== P1L_S1_C2 train[1] k=3  dim=576  frames=137  σ=0.5  fold=3 ===
  SSC-Block-TV-Col21: k_hat=3  ACC=0.8029  NMI=0.7019  ARI=0.5528  0.2s

=== P1L_S1_C2 train[2] k=3  dim=576  frames=147  σ=0.5  fold=3 ===
  SSC-Block-TV-Col21: k_hat=3  ACC=1.0000  NMI=1.0000  ARI=1.0000  0.2s

=== P1L_S1_C2 train[3] k=3  dim=576  frames=128  σ=0.5  fold=3 ===
  SSC-Block-TV-Col21: k_hat=3  ACC=0.5625  NMI=0.6666  ARI=0.4689  0.1s

=== P1L_S1_C2 train[4] k=3  dim=576  frames=154  σ=0.5  fold=3 ===
  SSC-Block-TV-Col21: k_hat=3  ACC=0.5065  NMI=0.6566  ARI=0.4500  0.2s

=== P1L_S1_C2 train[5] k=3  dim=576  frames=142  σ=0.5  fold=3 ===
  SSC-Block-TV-Col21: k_hat=3  ACC=0.8239  NMI=0.7102  ARI=0.5692  0.2s

=== P1L_S1_C2 train[6] k=3  dim=576  frames=168  σ=0.5  fold=3 ===
  SSC-Block-TV-Col21: k_hat=3  ACC=0.8571  NMI=0.7422  ARI=0.6904  0.2s

=== P1L_S1_C3 train[0] k=3  dim=576  frames=60  σ=0.5  fold=3 ===
  SSC-Block-TV-Col21: k_hat=3  ACC=0.5333  NMI=0.6526  ARI=0.4391  0.1s

=== P1L_S1_C3 train[1] k=3  dim=576  frames=68  σ=0.5  fold=3 ===
  SSC-Block-TV-Col21: k_hat=3  ACC=0.9853  NMI=0.9448  ARI=0.9561  0.1s

=== P1L_S1_C3 train[2] k=3  dim=576  frames=65  σ=0.5  fold=3 ===
  SSC-Block-TV-Col21: k_hat=3  ACC=0.8615  NMI=0.7478  ARI=0.6419  0.1s

=== P1L_S1_C3 train[3] k=3  dim=576  frames=73  σ=0.5  fold=3 ===
  SSC-Block-TV-Col21: k_hat=3  ACC=0.6986  NMI=0.7094  ARI=0.5805  0.1s

=== P1L_S1_C3 train[4] k=3  dim=576  frames=64  σ=0.5  fold=3 ===
  SSC-Block-TV-Col21: k_hat=3  ACC=0.7344  NMI=0.6259  ARI=0.5308  0.1s

=== P1L_S1_C3 train[5] k=3  dim=576  frames=63  σ=0.5  fold=3 ===
  SSC-Block-TV-Col21: k_hat=3  ACC=0.6349  NMI=0.6091  ARI=0.5006  0.1s

=== P1L_S1_C3 train[6] k=3  dim=576  frames=75  σ=0.5  fold=3 ===
  SSC-Block-TV-Col21: k_hat=3  ACC=0.9867  NMI=0.9474  ARI=0.9569  0.1s

=== P1L_S2_C1 train[0] k=3  dim=576  frames=211  σ=0.5  fold=3 ===
  SSC-Block-TV-Col21: k_hat=3  ACC=0.8199  NMI=0.7231  ARI=0.6077  0.3s

=== P1L_S2_C1 train[1] k=3  dim=576  frames=190  σ=0.5  fold=3 ===
  SSC-Block-TV-Col21: k_hat=3  ACC=0.7211  NMI=0.6714  ARI=0.4890  0.3s

=== P1L_S2_C1 train[2] k=3  dim=576  frames=180  σ=0.5  fold=3 ===
  SSC-Block-TV-Col21: k_hat=3  ACC=1.0000  NMI=1.0000  ARI=1.0000  0.2s

=== P1L_S2_C1 train[3] k=3  dim=576  frames=172  σ=0.5  fold=3 ===
  SSC-Block-TV-Col21: k_hat=3  ACC=0.6337  NMI=0.4482  ARI=0.2745  0.2s

=== P1L_S2_C1 train[4] k=3  dim=576  frames=179  σ=0.5  fold=3 ===
  SSC-Block-TV-Col21: k_hat=3  ACC=1.0000  NMI=1.0000  ARI=1.0000  0.2s

=== P1L_S2_C1 train[5] k=3  dim=576  frames=180  σ=0.5  fold=3 ===
  SSC-Block-TV-Col21: k_hat=3  ACC=0.5167  NMI=0.2903  ARI=0.0862  0.2s

=== P1L_S2_C1 train[6] k=3  dim=576  frames=133  σ=0.5  fold=3 ===
  SSC-Block-TV-Col21: k_hat=3  ACC=1.0000  NMI=1.0000  ARI=1.0000  0.2s

=== P1L_S2_C2 train[0] k=3  dim=576  frames=194  σ=0.5  fold=3 ===
  SSC-Block-TV-Col21: k_hat=3  ACC=0.8093  NMI=0.6686  ARI=0.5168  0.3s

=== P1L_S2_C2 train[1] k=3  dim=576  frames=155  σ=0.5  fold=3 ===
  SSC-Block-TV-Col21: k_hat=3  ACC=0.9806  NMI=0.9316  ARI=0.9416  0.2s

=== P1L_S2_C2 train[2] k=3  dim=576  frames=134  σ=0.5  fold=3 ===
  SSC-Block-TV-Col21: k_hat=3  ACC=1.0000  NMI=1.0000  ARI=1.0000  0.2s

=== P1L_S2_C2 train[3] k=3  dim=576  frames=201  σ=0.5  fold=3 ===
  SSC-Block-TV-Col21: k_hat=3  ACC=0.9801  NMI=0.9192  ARI=0.9380  0.3s

=== P1L_S2_C2 train[4] k=3  dim=576  frames=171  σ=0.5  fold=3 ===
  SSC-Block-TV-Col21: k_hat=3  ACC=0.8421  NMI=0.7405  ARI=0.6266  0.2s

=== P1L_S2_C2 train[5] k=3  dim=576  frames=160  σ=0.5  fold=3 ===
  SSC-Block-TV-Col21: k_hat=3  ACC=0.6188  NMI=0.6200  ARI=0.4669  0.2s

=== P1L_S2_C2 train[6] k=3  dim=576  frames=154  σ=0.5  fold=3 ===
  SSC-Block-TV-Col21: k_hat=3  ACC=0.8831  NMI=0.7679  ARI=0.7491  0.2s

=== P1L_S2_C3 train[0] k=3  dim=576  frames=119  σ=0.5  fold=3 ===
  SSC-Block-TV-Col21: k_hat=3  ACC=1.0000  NMI=1.0000  ARI=1.0000  0.1s

=== P1L_S2_C3 train[1] k=3  dim=576  frames=101  σ=0.5  fold=3 ===
  SSC-Block-TV-Col21: k_hat=3  ACC=0.8119  NMI=0.7135  ARI=0.5605  0.1s

=== P1L_S2_C3 train[2] k=3  dim=576  frames=85  σ=0.5  fold=3 ===
  SSC-Block-TV-Col21: k_hat=3  ACC=1.0000  NMI=1.0000  ARI=1.0000  0.1s

=== P1L_S2_C3 train[3] k=3  dim=576  frames=126  σ=0.5  fold=3 ===
  SSC-Block-TV-Col21: k_hat=3  ACC=0.8651  NMI=0.7610  ARI=0.6671  0.1s

=== P1L_S2_C3 train[4] k=3  dim=576  frames=102  σ=0.5  fold=3 ===
  SSC-Block-TV-Col21: k_hat=3  ACC=0.7647  NMI=0.7062  ARI=0.5637  0.1s

=== P1L_S2_C3 train[5] k=3  dim=576  frames=121  σ=0.5  fold=3 ===
  SSC-Block-TV-Col21: k_hat=3  ACC=0.9091  NMI=0.7880  ARI=0.7781  0.1s

=== P1L_S2_C3 train[6] k=3  dim=576  frames=99  σ=0.5  fold=3 ===
  SSC-Block-TV-Col21: k_hat=3  ACC=0.9798  NMI=0.9303  ARI=0.9424  0.1s

=== P1L_S3_C1 train[0] k=3  dim=576  frames=156  σ=0.5  fold=3 ===
  SSC-Block-TV-Col21: k_hat=3  ACC=0.4295  NMI=0.2486  ARI=0.0025  0.2s

=== P1L_S3_C1 train[1] k=3  dim=576  frames=120  σ=0.5  fold=3 ===
  SSC-Block-TV-Col21: k_hat=3  ACC=1.0000  NMI=1.0000  ARI=1.0000  0.1s

=== P1L_S3_C1 train[2] k=3  dim=576  frames=185  σ=0.5  fold=3 ===
  SSC-Block-TV-Col21: k_hat=3  ACC=0.9730  NMI=0.9128  ARI=0.9200  0.2s

=== P1L_S3_C1 train[3] k=3  dim=576  frames=159  σ=0.5  fold=3 ===
  SSC-Block-TV-Col21: k_hat=3  ACC=0.9245  NMI=0.7727  ARI=0.7932  0.2s

=== P1L_S3_C1 train[4] k=3  dim=576  frames=172  σ=0.5  fold=3 ===
  SSC-Block-TV-Col21: k_hat=3  ACC=0.8430  NMI=0.7461  ARI=0.6424  0.2s

=== P1L_S3_C1 train[5] k=3  dim=576  frames=176  σ=0.5  fold=3 ===
  SSC-Block-TV-Col21: k_hat=3  ACC=0.6420  NMI=0.4219  ARI=0.2310  0.2s

=== P1L_S3_C1 train[6] k=3  dim=576  frames=134  σ=0.5  fold=3 ===
  SSC-Block-TV-Col21: k_hat=3  ACC=0.9925  NMI=0.9658  ARI=0.9752  0.1s

=== P1L_S3_C2 train[0] k=3  dim=576  frames=185  σ=0.5  fold=3 ===
  SSC-Block-TV-Col21: k_hat=3  ACC=0.9243  NMI=0.7965  ARI=0.7813  0.2s

=== P1L_S3_C2 train[1] k=3  dim=576  frames=125  σ=0.5  fold=3 ===
  SSC-Block-TV-Col21: k_hat=3  ACC=0.8240  NMI=0.6896  ARI=0.6227  0.1s

=== P1L_S3_C2 train[2] k=3  dim=576  frames=166  σ=0.5  fold=3 ===
  SSC-Block-TV-Col21: k_hat=3  ACC=0.9940  NMI=0.9727  ARI=0.9829  0.2s

=== P1L_S3_C2 train[3] k=3  dim=576  frames=168  σ=0.5  fold=3 ===
  SSC-Block-TV-Col21: k_hat=3  ACC=0.9821  NMI=0.9369  ARI=0.9601  0.2s

=== P1L_S3_C2 train[4] k=3  dim=576  frames=187  σ=0.5  fold=3 ===
  SSC-Block-TV-Col21: k_hat=3  ACC=0.5722  NMI=0.6619  ARI=0.4650  0.3s

=== P1L_S3_C2 train[5] k=3  dim=576  frames=229  σ=0.5  fold=3 ===
  SSC-Block-TV-Col21: k_hat=3  ACC=0.5197  NMI=0.6157  ARI=0.4289  0.4s

=== P1L_S3_C2 train[6] k=3  dim=576  frames=136  σ=0.5  fold=3 ===
  SSC-Block-TV-Col21: k_hat=3  ACC=0.9559  NMI=0.8746  ARI=0.8649  0.1s

=== P1L_S3_C3 train[0] k=3  dim=576  frames=151  σ=0.5  fold=3 ===
  SSC-Block-TV-Col21: k_hat=3  ACC=1.0000  NMI=1.0000  ARI=1.0000  0.2s

=== P1L_S3_C3 train[1] k=3  dim=576  frames=118  σ=0.5  fold=3 ===
  SSC-Block-TV-Col21: k_hat=3  ACC=0.8983  NMI=0.7946  ARI=0.7354  0.1s

=== P1L_S3_C3 train[2] k=3  dim=576  frames=121  σ=0.5  fold=3 ===
  SSC-Block-TV-Col21: k_hat=3  ACC=1.0000  NMI=1.0000  ARI=1.0000  0.1s

=== P1L_S3_C3 train[3] k=3  dim=576  frames=134  σ=0.5  fold=3 ===
  SSC-Block-TV-Col21: k_hat=3  ACC=0.8507  NMI=0.7327  ARI=0.6091  0.1s

=== P1L_S3_C3 train[4] k=3  dim=576  frames=110  σ=0.5  fold=3 ===
  SSC-Block-TV-Col21: k_hat=3  ACC=0.8545  NMI=0.7538  ARI=0.6585  0.1s

=== P1L_S3_C3 train[5] k=3  dim=576  frames=161  σ=0.5  fold=3 ===
  SSC-Block-TV-Col21: k_hat=3  ACC=0.8137  NMI=0.6910  ARI=0.6230  0.2s

=== P1L_S3_C3 train[6] k=3  dim=576  frames=114  σ=0.5  fold=3 ===
  SSC-Block-TV-Col21: k_hat=3  ACC=0.9825  NMI=0.9372  ARI=0.9534  0.1s

=== P1L_S4_C1 train[0] k=3  dim=576  frames=200  σ=0.5  fold=3 ===
  SSC-Block-TV-Col21: k_hat=3  ACC=0.7350  NMI=0.6902  ARI=0.5295  0.3s

=== P1L_S4_C1 train[1] k=3  dim=576  frames=157  σ=0.5  fold=3 ===
  SSC-Block-TV-Col21: k_hat=3  ACC=1.0000  NMI=1.0000  ARI=1.0000  0.2s

=== P1L_S4_C1 train[2] k=3  dim=576  frames=154  σ=0.5  fold=3 ===
  SSC-Block-TV-Col21: k_hat=3  ACC=1.0000  NMI=1.0000  ARI=1.0000  0.2s

=== P1L_S4_C1 train[3] k=3  dim=576  frames=142  σ=0.5  fold=3 ===
  SSC-Block-TV-Col21: k_hat=3  ACC=0.9930  NMI=0.9688  ARI=0.9787  0.2s

=== P1L_S4_C1 train[4] k=3  dim=576  frames=164  σ=0.5  fold=3 ===
  SSC-Block-TV-Col21: k_hat=3  ACC=0.9573  NMI=0.8816  ARI=0.8804  0.2s

=== P1L_S4_C1 train[5] k=3  dim=576  frames=187  σ=0.5  fold=3 ===
  SSC-Block-TV-Col21: k_hat=3  ACC=0.6631  NMI=0.4721  ARI=0.3438  0.3s

=== P1L_S4_C1 train[6] k=3  dim=576  frames=202  σ=0.5  fold=3 ===
  SSC-Block-TV-Col21: k_hat=3  ACC=0.9901  NMI=0.9593  ARI=0.9706  0.3s

=== P1L_S4_C2 train[0] k=3  dim=576  frames=157  σ=0.5  fold=3 ===
  SSC-Block-TV-Col21: k_hat=3  ACC=0.7771  NMI=0.6675  ARI=0.4827  0.2s

=== P1L_S4_C2 train[1] k=3  dim=576  frames=149  σ=0.5  fold=3 ===
  SSC-Block-TV-Col21: k_hat=3  ACC=0.9329  NMI=0.8326  ARI=0.7976  0.2s

=== P1L_S4_C2 train[2] k=3  dim=576  frames=175  σ=0.5  fold=3 ===
  SSC-Block-TV-Col21: k_hat=3  ACC=1.0000  NMI=1.0000  ARI=1.0000  0.2s

=== P1L_S4_C2 train[3] k=3  dim=576  frames=154  σ=0.5  fold=3 ===
  SSC-Block-TV-Col21: k_hat=3  ACC=1.0000  NMI=1.0000  ARI=1.0000  0.2s

=== P1L_S4_C2 train[4] k=3  dim=576  frames=152  σ=0.5  fold=3 ===
  SSC-Block-TV-Col21: k_hat=3  ACC=0.8553  NMI=0.7558  ARI=0.6704  0.2s

=== P1L_S4_C2 train[5] k=3  dim=576  frames=169  σ=0.5  fold=3 ===
  SSC-Block-TV-Col21: k_hat=3  ACC=0.9231  NMI=0.8310  ARI=0.8239  0.2s

=== P1L_S4_C2 train[6] k=3  dim=576  frames=153  σ=0.5  fold=3 ===
  SSC-Block-TV-Col21: k_hat=3  ACC=0.9673  NMI=0.8775  ARI=0.9016  0.2s

=== P1L_S4_C3 train[0] k=3  dim=576  frames=96  σ=0.5  fold=3 ===
  SSC-Block-TV-Col21: k_hat=3  ACC=0.9062  NMI=0.7950  ARI=0.7353  0.1s

=== P1L_S4_C3 train[1] k=3  dim=576  frames=107  σ=0.5  fold=3 ===
  SSC-Block-TV-Col21: k_hat=3  ACC=1.0000  NMI=1.0000  ARI=1.0000  0.1s

=== P1L_S4_C3 train[2] k=3  dim=576  frames=94  σ=0.5  fold=3 ===
  SSC-Block-TV-Col21: k_hat=3  ACC=1.0000  NMI=1.0000  ARI=1.0000  0.1s

=== P1L_S4_C3 train[3] k=3  dim=576  frames=112  σ=0.5  fold=3 ===
  SSC-Block-TV-Col21: k_hat=3  ACC=0.7768  NMI=0.7083  ARI=0.5595  0.1s

=== P1L_S4_C3 train[4] k=3  dim=576  frames=103  σ=0.5  fold=3 ===
  SSC-Block-TV-Col21: k_hat=3  ACC=0.5922  NMI=0.6512  ARI=0.4530  0.1s

=== P1L_S4_C3 train[5] k=3  dim=576  frames=105  σ=0.5  fold=3 ===
  SSC-Block-TV-Col21: k_hat=3  ACC=0.8571  NMI=0.7293  ARI=0.6715  0.1s

=== P1L_S4_C3 train[6] k=3  dim=576  frames=107  σ=0.5  fold=3 ===
  SSC-Block-TV-Col21: k_hat=3  ACC=0.9813  NMI=0.9338  ARI=0.9463  0.1s

=== P1E_S1_C1 test[0] k=3  dim=576  frames=140  σ=0.5  fold=3 ===
  SSC-Block-TV-Col21: k_hat=3  ACC=0.9000  NMI=0.7798  ARI=0.7028  0.2s

=== P1E_S1_C2 test[0] k=3  dim=576  frames=138  σ=0.5  fold=3 ===
  SSC-Block-TV-Col21: k_hat=3  ACC=0.8551  NMI=0.7102  ARI=0.6676  0.2s

=== P1E_S1_C3 test[0] k=3  dim=576  frames=61  σ=0.5  fold=3 ===
  SSC-Block-TV-Col21: k_hat=3  ACC=0.6066  NMI=0.5714  ARI=0.4206  0.1s

=== P1E_S2_C1 test[0] k=3  dim=576  frames=180  σ=0.5  fold=3 ===
  SSC-Block-TV-Col21: k_hat=3  ACC=0.5444  NMI=0.6001  ARI=0.4315  0.2s

=== P1E_S2_C2 test[0] k=3  dim=576  frames=144  σ=0.5  fold=3 ===
  SSC-Block-TV-Col21: k_hat=3  ACC=0.8681  NMI=0.6863  ARI=0.6489  0.2s

=== P1E_S2_C3 test[0] k=3  dim=576  frames=112  σ=0.5  fold=3 ===
  SSC-Block-TV-Col21: k_hat=3  ACC=0.8929  NMI=0.7268  ARI=0.7023  0.1s

=== P1E_S3_C1 test[0] k=3  dim=576  frames=161  σ=0.5  fold=3 ===
  SSC-Block-TV-Col21: k_hat=3  ACC=0.7888  NMI=0.7131  ARI=0.5833  0.2s

=== P1E_S3_C2 test[0] k=3  dim=576  frames=168  σ=0.5  fold=3 ===
  SSC-Block-TV-Col21: k_hat=3  ACC=0.8155  NMI=0.6585  ARI=0.5724  0.2s

=== P1E_S3_C3 test[0] k=3  dim=576  frames=125  σ=0.5  fold=3 ===
  SSC-Block-TV-Col21: k_hat=3  ACC=0.9760  NMI=0.9174  ARI=0.9232  0.1s

=== P1E_S4_C1 test[0] k=3  dim=576  frames=182  σ=0.5  fold=3 ===
  SSC-Block-TV-Col21: k_hat=3  ACC=0.8626  NMI=0.7600  ARI=0.6698  0.2s

=== P1E_S4_C2 test[0] k=3  dim=576  frames=126  σ=0.5  fold=3 ===
  SSC-Block-TV-Col21: k_hat=3  ACC=0.8492  NMI=0.6509  ARI=0.6024  0.1s

=== P1E_S4_C3 test[0] k=3  dim=576  frames=105  σ=0.5  fold=3 ===
  SSC-Block-TV-Col21: k_hat=3  ACC=0.8476  NMI=0.6659  ARI=0.6328  0.1s

=== P1L_S1_C1 test[0] k=3  dim=576  frames=182  σ=0.5  fold=3 ===
  SSC-Block-TV-Col21: k_hat=3  ACC=0.9286  NMI=0.8181  ARI=0.8151  0.2s

=== P1L_S1_C2 test[0] k=3  dim=576  frames=181  σ=0.5  fold=3 ===
  SSC-Block-TV-Col21: k_hat=3  ACC=0.8287  NMI=0.7033  ARI=0.5931  0.2s

=== P1L_S1_C3 test[0] k=3  dim=576  frames=74  σ=0.5  fold=3 ===
  SSC-Block-TV-Col21: k_hat=3  ACC=0.5946  NMI=0.3767  ARI=0.1339  0.1s

=== P1L_S2_C1 test[0] k=3  dim=576  frames=177  σ=0.5  fold=3 ===
  SSC-Block-TV-Col21: k_hat=3  ACC=0.7401  NMI=0.6864  ARI=0.5721  0.2s

=== P1L_S2_C2 test[0] k=3  dim=576  frames=186  σ=0.5  fold=3 ===
  SSC-Block-TV-Col21: k_hat=3  ACC=0.9570  NMI=0.8560  ARI=0.8853  0.2s

=== P1L_S2_C3 test[0] k=3  dim=576  frames=112  σ=0.5  fold=3 ===
  SSC-Block-TV-Col21: k_hat=3  ACC=0.8661  NMI=0.7766  ARI=0.7322  0.1s

=== P1L_S3_C1 test[0] k=3  dim=576  frames=156  σ=0.5  fold=3 ===
  SSC-Block-TV-Col21: k_hat=3  ACC=0.6282  NMI=0.6771  ARI=0.5002  0.2s

=== P1L_S3_C2 test[0] k=3  dim=576  frames=209  σ=0.5  fold=3 ===
  SSC-Block-TV-Col21: k_hat=3  ACC=0.7321  NMI=0.5271  ARI=0.4184  0.3s

=== P1L_S3_C3 test[0] k=3  dim=576  frames=142  σ=0.5  fold=3 ===
  SSC-Block-TV-Col21: k_hat=3  ACC=0.7958  NMI=0.6968  ARI=0.5429  0.2s

=== P1L_S4_C1 test[0] k=3  dim=576  frames=168  σ=0.5  fold=3 ===
  SSC-Block-TV-Col21: k_hat=3  ACC=0.7857  NMI=0.5714  ARI=0.4924  0.2s

=== P1L_S4_C2 test[0] k=3  dim=576  frames=168  σ=0.5  fold=3 ===
  SSC-Block-TV-Col21: k_hat=3  ACC=0.8571  NMI=0.7125  ARI=0.6257  0.2s

=== P1L_S4_C3 test[0] k=3  dim=576  frames=117  σ=0.5  fold=3 ===
  SSC-Block-TV-Col21: k_hat=3  ACC=0.6410  NMI=0.6653  ARI=0.4934  0.1s
  tune_pool_groups=20: sampling from 22 held-in people (overlap allowed) instead of the 7 fixed partition group(s)

============================================================
σ=0.5 fold=4  test=['0001', '0011', '0023']  train mats=168  test mats=24  tune mats=480
  --- tune SSC-Block-TV-Col21 over 480 train mats  n_trials=40 (4 params) ---
  SSC-Block-TV-Col21 trial 0: mean ARI=0.3648  n=480  77.5s  lambda_e=1, lambda_z=0.1, gamma_q=0.1, block_size=5
  SSC-Block-TV-Col21 trial 1: mean ARI=0.3517  n=480  77.3s  lambda_e=0.443, lambda_z=0.7257, gamma_q=0.2577, block_size=7
  SSC-Block-TV-Col21 trial 2: mean ARI=0.4168  n=480  76.6s  lambda_e=0.1866, lambda_z=0.3833, gamma_q=0.05628, block_size=11
  SSC-Block-TV-Col21 trial 3: mean ARI=0.3362  n=480  77.7s  lambda_e=7.78, lambda_z=0.03418, gamma_q=1.469, block_size=7
  SSC-Block-TV-Col21 trial 4: mean ARI=0.5343  n=480  83.9s  lambda_e=0.506, lambda_z=5.039, gamma_q=0.001924, block_size=2
  SSC-Block-TV-Col21 trial 5: mean ARI=0.2767  n=480  79.3s  lambda_e=0.0115, lambda_z=2.14, gamma_q=1.296, block_size=11
  SSC-Block-TV-Col21 trial 6: mean ARI=0.4110  n=480  78.8s  lambda_e=8.627, lambda_z=1.573, gamma_q=0.07013, block_size=10
  SSC-Block-TV-Col21 trial 7: mean ARI=0.6335  n=480  79.2s  lambda_e=0.02264, lambda_z=0.3628, gamma_q=0.003745, block_size=12
  SSC-Block-TV-Col21 trial 8: mean ARI=0.6126  n=480  79.2s  lambda_e=0.3677, lambda_z=0.04557, gamma_q=0.01143, block_size=10
  SSC-Block-TV-Col21 trial 9: mean ARI=0.5574  n=480  79.3s  lambda_e=0.2336, lambda_z=0.1878, gamma_q=0.001189, block_size=8
  SSC-Block-TV-Col21 trial 10: mean ARI=0.3869  n=480  83.5s  lambda_e=0.01151, lambda_z=0.001661, gamma_q=6.473, block_size=2
  SSC-Block-TV-Col21 trial 11: mean ARI=0.6240  n=480  78.8s  lambda_e=0.06092, lambda_z=0.01492, gamma_q=0.01117, block_size=12
  SSC-Block-TV-Col21 trial 12: mean ARI=0.6232  n=480  79.0s  lambda_e=0.03813, lambda_z=0.00583, gamma_q=0.007807, block_size=12
  SSC-Block-TV-Col21 trial 13: mean ARI=0.6456  n=480  78.7s  lambda_e=0.04841, lambda_z=0.01152, gamma_q=0.008113, block_size=12
  SSC-Block-TV-Col21 trial 14: mean ARI=0.5289  n=480  79.0s  lambda_e=0.04355, lambda_z=0.001053, gamma_q=0.005404, block_size=9
  SSC-Block-TV-Col21 trial 15: mean ARI=0.5053  n=480  79.0s  lambda_e=0.08574, lambda_z=0.006523, gamma_q=0.02484, block_size=12
  SSC-Block-TV-Col21 trial 16: mean ARI=0.4963  n=480  79.6s  lambda_e=0.02243, lambda_z=7.072, gamma_q=0.002717, block_size=10
  SSC-Block-TV-Col21 trial 17: mean ARI=0.5040  n=480  79.0s  lambda_e=0.1206, lambda_z=0.1102, gamma_q=0.02476, block_size=11
  SSC-Block-TV-Col21 trial 18: mean ARI=0.6664  n=480  79.1s  lambda_e=0.02024, lambda_z=0.004073, gamma_q=0.003613, block_size=9
  SSC-Block-TV-Col21 trial 19: mean ARI=0.4455  n=480  80.2s  lambda_e=3.182, lambda_z=0.004276, gamma_q=0.2784, block_size=5
  SSC-Block-TV-Col21 trial 20: mean ARI=0.7243  n=480  79.5s  lambda_e=0.02124, lambda_z=0.01733, gamma_q=0.001001, block_size=8
  SSC-Block-TV-Col21 trial 21: mean ARI=0.7192  n=480  79.4s  lambda_e=0.02387, lambda_z=0.02044, gamma_q=0.001057, block_size=8
  SSC-Block-TV-Col21 trial 22: mean ARI=0.7064  n=480  79.7s  lambda_e=0.02127, lambda_z=0.029, gamma_q=0.001013, block_size=8
  SSC-Block-TV-Col21 trial 23: mean ARI=0.7080  n=480  80.0s  lambda_e=0.02549, lambda_z=0.02498, gamma_q=0.001035, block_size=6
  SSC-Block-TV-Col21 trial 24: mean ARI=0.7399  n=480  80.5s  lambda_e=0.03315, lambda_z=0.01288, gamma_q=0.001426, block_size=5
  SSC-Block-TV-Col21 trial 25: mean ARI=0.7420  n=480  81.6s  lambda_e=0.01024, lambda_z=0.01186, gamma_q=0.002112, block_size=4
  SSC-Block-TV-Col21 trial 26: mean ARI=0.6410  n=480  81.7s  lambda_e=0.01087, lambda_z=0.00253, gamma_q=0.002349, block_size=3
  SSC-Block-TV-Col21 trial 27: mean ARI=0.7381  n=480  81.4s  lambda_e=0.08213, lambda_z=0.008855, gamma_q=0.002111, block_size=4
  SSC-Block-TV-Col21 trial 28: mean ARI=0.4925  n=480  81.6s  lambda_e=0.1403, lambda_z=0.008805, gamma_q=0.02347, block_size=4
  SSC-Block-TV-Col21 trial 29: mean ARI=0.6712  n=480  81.6s  lambda_e=0.0726, lambda_z=0.06047, gamma_q=0.005159, block_size=4
  SSC-Block-TV-Col21 trial 30: mean ARI=0.6473  n=480  80.6s  lambda_e=1.784, lambda_z=0.07791, gamma_q=0.002086, block_size=5
  SSC-Block-TV-Col21 trial 31: mean ARI=0.7470  n=480  81.5s  lambda_e=0.03424, lambda_z=0.01354, gamma_q=0.001886, block_size=4
  SSC-Block-TV-Col21 trial 32: mean ARI=0.6650  n=480  81.3s  lambda_e=0.1041, lambda_z=0.002856, gamma_q=0.002075, block_size=4
  SSC-Block-TV-Col21 trial 33: mean ARI=0.7174  n=480  81.6s  lambda_e=0.03567, lambda_z=0.009344, gamma_q=0.004469, block_size=3
  SSC-Block-TV-Col21 trial 34: mean ARI=0.5828  n=480  79.8s  lambda_e=0.01511, lambda_z=0.0125, gamma_q=0.01526, block_size=6
  SSC-Block-TV-Col21 trial 35: mean ARI=0.7344  n=480  81.7s  lambda_e=0.06254, lambda_z=0.03885, gamma_q=0.001842, block_size=3
  SSC-Block-TV-Col21 trial 36: mean ARI=0.6494  n=480  80.4s  lambda_e=0.03386, lambda_z=0.1143, gamma_q=0.007127, block_size=6
  SSC-Block-TV-Col21 trial 37: mean ARI=0.7016  n=480  80.3s  lambda_e=0.2047, lambda_z=0.005362, gamma_q=0.003039, block_size=5
  SSC-Block-TV-Col21 trial 38: mean ARI=0.6666  n=480  81.3s  lambda_e=0.2804, lambda_z=0.002494, gamma_q=0.001686, block_size=4
  SSC-Block-TV-Col21 trial 39: mean ARI=0.6245  n=480  83.8s  lambda_e=0.6182, lambda_z=0.2021, gamma_q=0.003483, block_size=2
    best mean ARI=0.7470  tune 3204.5s  lambda_e=0.03424, lambda_z=0.01354, gamma_q=0.001886, block_size=4
  wrote /nfs/turbo/umms-minjilab/lpullela/icassp_ssc_tv2/block_ssc_benchmark/cv/params/surveillance/split_k3_sigmas_min30_trials20_params_knownk_cv_ssc_block_tv_col21_k3_sigma0p5_sigma0.5_fold4.json

=== P1E_S1_C1 train[0] k=3  dim=576  frames=146  σ=0.5  fold=4 ===
  SSC-Block-TV-Col21: k_hat=3  ACC=0.9795  NMI=0.9229  ARI=0.9302  0.2s

=== P1E_S1_C1 train[1] k=3  dim=576  frames=153  σ=0.5  fold=4 ===
  SSC-Block-TV-Col21: k_hat=3  ACC=0.9935  NMI=0.9706  ARI=0.9801  0.2s

=== P1E_S1_C1 train[2] k=3  dim=576  frames=130  σ=0.5  fold=4 ===
  SSC-Block-TV-Col21: k_hat=3  ACC=1.0000  NMI=1.0000  ARI=1.0000  0.1s

=== P1E_S1_C1 train[3] k=3  dim=576  frames=140  σ=0.5  fold=4 ===
  SSC-Block-TV-Col21: k_hat=3  ACC=0.8429  NMI=0.7184  ARI=0.5783  0.2s

=== P1E_S1_C1 train[4] k=3  dim=576  frames=151  σ=0.5  fold=4 ===
  SSC-Block-TV-Col21: k_hat=3  ACC=0.5960  NMI=0.6690  ARI=0.4788  0.2s

=== P1E_S1_C1 train[5] k=3  dim=576  frames=140  σ=0.5  fold=4 ===
  SSC-Block-TV-Col21: k_hat=3  ACC=0.8571  NMI=0.7606  ARI=0.6745  0.2s

=== P1E_S1_C1 train[6] k=3  dim=576  frames=171  σ=0.5  fold=4 ===
  SSC-Block-TV-Col21: k_hat=3  ACC=0.9942  NMI=0.9732  ARI=0.9831  0.2s

=== P1E_S1_C2 train[0] k=3  dim=576  frames=147  σ=0.5  fold=4 ===
  SSC-Block-TV-Col21: k_hat=3  ACC=0.9456  NMI=0.8210  ARI=0.8387  0.2s

=== P1E_S1_C2 train[1] k=3  dim=576  frames=115  σ=0.5  fold=4 ===
  SSC-Block-TV-Col21: k_hat=3  ACC=0.9739  NMI=0.9128  ARI=0.9167  0.1s

=== P1E_S1_C2 train[2] k=3  dim=576  frames=104  σ=0.5  fold=4 ===
  SSC-Block-TV-Col21: k_hat=3  ACC=1.0000  NMI=1.0000  ARI=1.0000  0.1s

=== P1E_S1_C2 train[3] k=3  dim=576  frames=138  σ=0.5  fold=4 ===
  SSC-Block-TV-Col21: k_hat=3  ACC=0.9203  NMI=0.7923  ARI=0.7937  0.2s

=== P1E_S1_C2 train[4] k=3  dim=576  frames=122  σ=0.5  fold=4 ===
  SSC-Block-TV-Col21: k_hat=3  ACC=0.5574  NMI=0.6295  ARI=0.4511  0.1s

=== P1E_S1_C2 train[5] k=3  dim=576  frames=122  σ=0.5  fold=4 ===
  SSC-Block-TV-Col21: k_hat=3  ACC=0.9426  NMI=0.8271  ARI=0.8489  0.1s

=== P1E_S1_C2 train[6] k=3  dim=576  frames=134  σ=0.5  fold=4 ===
  SSC-Block-TV-Col21: k_hat=3  ACC=0.9851  NMI=0.9443  ARI=0.9564  0.2s

=== P1E_S1_C3 train[0] k=3  dim=576  frames=58  σ=0.5  fold=4 ===
  SSC-Block-TV-Col21: k_hat=3  ACC=0.6207  NMI=0.4612  ARI=0.3092  0.1s

=== P1E_S1_C3 train[1] k=3  dim=576  frames=56  σ=0.5  fold=4 ===
  SSC-Block-TV-Col21: k_hat=3  ACC=0.9464  NMI=0.8253  ARI=0.8610  0.1s

=== P1E_S1_C3 train[2] k=3  dim=576  frames=47  σ=0.5  fold=4 ===
  SSC-Block-TV-Col21: k_hat=3  ACC=0.9787  NMI=0.9290  ARI=0.9459  0.0s

=== P1E_S1_C3 train[3] k=3  dim=576  frames=61  σ=0.5  fold=4 ===
  SSC-Block-TV-Col21: k_hat=3  ACC=0.6066  NMI=0.5714  ARI=0.4206  0.1s

=== P1E_S1_C3 train[4] k=3  dim=576  frames=55  σ=0.5  fold=4 ===
  SSC-Block-TV-Col21: k_hat=3  ACC=0.9273  NMI=0.8278  ARI=0.7857  0.1s

=== P1E_S1_C3 train[5] k=3  dim=576  frames=51  σ=0.5  fold=4 ===
  SSC-Block-TV-Col21: k_hat=3  ACC=0.8039  NMI=0.6479  ARI=0.5608  0.0s

=== P1E_S1_C3 train[6] k=3  dim=576  frames=69  σ=0.5  fold=4 ===
  SSC-Block-TV-Col21: k_hat=3  ACC=0.8116  NMI=0.6360  ARI=0.5564  0.1s

=== P1E_S2_C1 train[0] k=3  dim=576  frames=167  σ=0.5  fold=4 ===
  SSC-Block-TV-Col21: k_hat=3  ACC=0.9760  NMI=0.9201  ARI=0.9285  0.2s

=== P1E_S2_C1 train[1] k=3  dim=576  frames=151  σ=0.5  fold=4 ===
  SSC-Block-TV-Col21: k_hat=3  ACC=0.7417  NMI=0.6109  ARI=0.5054  0.2s

=== P1E_S2_C1 train[2] k=3  dim=576  frames=136  σ=0.5  fold=4 ===
  SSC-Block-TV-Col21: k_hat=3  ACC=0.8897  NMI=0.7826  ARI=0.7148  0.2s

=== P1E_S2_C1 train[3] k=3  dim=576  frames=180  σ=0.5  fold=4 ===
  SSC-Block-TV-Col21: k_hat=3  ACC=0.5278  NMI=0.6139  ARI=0.4374  0.2s

=== P1E_S2_C1 train[4] k=3  dim=576  frames=124  σ=0.5  fold=4 ===
  SSC-Block-TV-Col21: k_hat=3  ACC=0.5403  NMI=0.6637  ARI=0.4600  0.1s

=== P1E_S2_C1 train[5] k=3  dim=576  frames=161  σ=0.5  fold=4 ===
  SSC-Block-TV-Col21: k_hat=3  ACC=0.7764  NMI=0.6353  ARI=0.5285  0.2s

=== P1E_S2_C1 train[6] k=3  dim=576  frames=153  σ=0.5  fold=4 ===
  SSC-Block-TV-Col21: k_hat=3  ACC=0.9869  NMI=0.9415  ARI=0.9615  0.2s

=== P1E_S2_C2 train[0] k=3  dim=576  frames=146  σ=0.5  fold=4 ===
  SSC-Block-TV-Col21: k_hat=3  ACC=0.9315  NMI=0.8399  ARI=0.8277  0.2s

=== P1E_S2_C2 train[1] k=3  dim=576  frames=115  σ=0.5  fold=4 ===
  SSC-Block-TV-Col21: k_hat=3  ACC=0.9913  NMI=0.9630  ARI=0.9739  0.1s

=== P1E_S2_C2 train[2] k=3  dim=576  frames=109  σ=0.5  fold=4 ===
  SSC-Block-TV-Col21: k_hat=3  ACC=1.0000  NMI=1.0000  ARI=1.0000  0.1s

=== P1E_S2_C2 train[3] k=3  dim=576  frames=144  σ=0.5  fold=4 ===
  SSC-Block-TV-Col21: k_hat=3  ACC=0.8056  NMI=0.6133  ARI=0.5277  0.2s

=== P1E_S2_C2 train[4] k=3  dim=576  frames=109  σ=0.5  fold=4 ===
  SSC-Block-TV-Col21: k_hat=3  ACC=0.7156  NMI=0.7051  ARI=0.5710  0.1s

=== P1E_S2_C2 train[5] k=3  dim=576  frames=128  σ=0.5  fold=4 ===
  SSC-Block-TV-Col21: k_hat=3  ACC=0.8828  NMI=0.7831  ARI=0.7188  0.1s

=== P1E_S2_C2 train[6] k=3  dim=576  frames=126  σ=0.5  fold=4 ===
  SSC-Block-TV-Col21: k_hat=3  ACC=0.9921  NMI=0.9656  ARI=0.9763  0.1s

=== P1E_S2_C3 train[0] k=3  dim=576  frames=113  σ=0.5  fold=4 ===
  SSC-Block-TV-Col21: k_hat=3  ACC=0.9381  NMI=0.8064  ARI=0.8198  0.1s

=== P1E_S2_C3 train[1] k=3  dim=576  frames=88  σ=0.5  fold=4 ===
  SSC-Block-TV-Col21: k_hat=3  ACC=0.9886  NMI=0.9540  ARI=0.9655  0.1s

=== P1E_S2_C3 train[2] k=3  dim=576  frames=90  σ=0.5  fold=4 ===
  SSC-Block-TV-Col21: k_hat=3  ACC=1.0000  NMI=1.0000  ARI=1.0000  0.1s

=== P1E_S2_C3 train[3] k=3  dim=576  frames=112  σ=0.5  fold=4 ===
  SSC-Block-TV-Col21: k_hat=3  ACC=0.8839  NMI=0.7190  ARI=0.6898  0.1s

=== P1E_S2_C3 train[4] k=3  dim=576  frames=87  σ=0.5  fold=4 ===
  SSC-Block-TV-Col21: k_hat=3  ACC=0.9540  NMI=0.8534  ARI=0.8780  0.1s

=== P1E_S2_C3 train[5] k=3  dim=576  frames=105  σ=0.5  fold=4 ===
  SSC-Block-TV-Col21: k_hat=3  ACC=0.6476  NMI=0.3969  ARI=0.1982  0.1s

=== P1E_S2_C3 train[6] k=3  dim=576  frames=89  σ=0.5  fold=4 ===
  SSC-Block-TV-Col21: k_hat=3  ACC=0.9775  NMI=0.9248  ARI=0.9383  0.1s

=== P1E_S3_C1 train[0] k=3  dim=576  frames=166  σ=0.5  fold=4 ===
  SSC-Block-TV-Col21: k_hat=3  ACC=0.8012  NMI=0.6641  ARI=0.5278  0.2s

=== P1E_S3_C1 train[1] k=3  dim=576  frames=139  σ=0.5  fold=4 ===
  SSC-Block-TV-Col21: k_hat=3  ACC=0.9137  NMI=0.8134  ARI=0.7820  0.2s

=== P1E_S3_C1 train[2] k=3  dim=576  frames=134  σ=0.5  fold=4 ===
  SSC-Block-TV-Col21: k_hat=3  ACC=0.8134  NMI=0.6863  ARI=0.5594  0.2s

=== P1E_S3_C1 train[3] k=3  dim=576  frames=161  σ=0.5  fold=4 ===
  SSC-Block-TV-Col21: k_hat=3  ACC=0.7888  NMI=0.7131  ARI=0.5833  0.2s

=== P1E_S3_C1 train[4] k=3  dim=576  frames=123  σ=0.5  fold=4 ===
  SSC-Block-TV-Col21: k_hat=3  ACC=0.5122  NMI=0.4251  ARI=0.2437  0.1s

=== P1E_S3_C1 train[5] k=3  dim=576  frames=204  σ=0.5  fold=4 ===
  SSC-Block-TV-Col21: k_hat=3  ACC=0.8529  NMI=0.7624  ARI=0.6954  0.3s

=== P1E_S3_C1 train[6] k=3  dim=576  frames=112  σ=0.5  fold=4 ===
  SSC-Block-TV-Col21: k_hat=3  ACC=0.9643  NMI=0.8735  ARI=0.8988  0.1s

=== P1E_S3_C2 train[0] k=3  dim=576  frames=147  σ=0.5  fold=4 ===
  SSC-Block-TV-Col21: k_hat=3  ACC=0.8912  NMI=0.7677  ARI=0.6800  0.2s

=== P1E_S3_C2 train[1] k=3  dim=576  frames=120  σ=0.5  fold=4 ===
  SSC-Block-TV-Col21: k_hat=3  ACC=0.8417  NMI=0.7268  ARI=0.5900  0.1s

=== P1E_S3_C2 train[2] k=3  dim=576  frames=112  σ=0.5  fold=4 ===
  SSC-Block-TV-Col21: k_hat=3  ACC=0.9375  NMI=0.8076  ARI=0.8112  0.1s

=== P1E_S3_C2 train[3] k=3  dim=576  frames=168  σ=0.5  fold=4 ===
  SSC-Block-TV-Col21: k_hat=3  ACC=0.8333  NMI=0.7031  ARI=0.6179  0.2s

=== P1E_S3_C2 train[4] k=3  dim=576  frames=107  σ=0.5  fold=4 ===
  SSC-Block-TV-Col21: k_hat=3  ACC=0.5981  NMI=0.6680  ARI=0.4761  0.1s

=== P1E_S3_C2 train[5] k=3  dim=576  frames=146  σ=0.5  fold=4 ===
  SSC-Block-TV-Col21: k_hat=3  ACC=0.8288  NMI=0.7005  ARI=0.5433  0.2s

=== P1E_S3_C2 train[6] k=3  dim=576  frames=114  σ=0.5  fold=4 ===
  SSC-Block-TV-Col21: k_hat=3  ACC=0.9649  NMI=0.8788  ARI=0.9189  0.1s

=== P1E_S3_C3 train[0] k=3  dim=576  frames=105  σ=0.5  fold=4 ===
  SSC-Block-TV-Col21: k_hat=3  ACC=1.0000  NMI=1.0000  ARI=1.0000  0.1s

=== P1E_S3_C3 train[1] k=3  dim=576  frames=89  σ=0.5  fold=4 ===
  SSC-Block-TV-Col21: k_hat=3  ACC=0.9775  NMI=0.9207  ARI=0.9293  0.1s

=== P1E_S3_C3 train[2] k=3  dim=576  frames=84  σ=0.5  fold=4 ===
  SSC-Block-TV-Col21: k_hat=3  ACC=0.9881  NMI=0.9525  ARI=0.9657  0.1s

=== P1E_S3_C3 train[3] k=3  dim=576  frames=125  σ=0.5  fold=4 ===
  SSC-Block-TV-Col21: k_hat=3  ACC=0.9760  NMI=0.9174  ARI=0.9232  0.1s

=== P1E_S3_C3 train[4] k=3  dim=576  frames=83  σ=0.5  fold=4 ===
  SSC-Block-TV-Col21: k_hat=3  ACC=0.9759  NMI=0.9214  ARI=0.9336  0.1s

=== P1E_S3_C3 train[5] k=3  dim=576  frames=129  σ=0.5  fold=4 ===
  SSC-Block-TV-Col21: k_hat=3  ACC=0.5349  NMI=0.6553  ARI=0.4505  0.1s

=== P1E_S3_C3 train[6] k=3  dim=576  frames=84  σ=0.5  fold=4 ===
  SSC-Block-TV-Col21: k_hat=3  ACC=0.9881  NMI=0.9523  ARI=0.9667  0.1s

=== P1E_S4_C1 train[0] k=3  dim=576  frames=158  σ=0.5  fold=4 ===
  SSC-Block-TV-Col21: k_hat=3  ACC=0.8481  NMI=0.7167  ARI=0.5780  0.2s

=== P1E_S4_C1 train[1] k=3  dim=576  frames=107  σ=0.5  fold=4 ===
  SSC-Block-TV-Col21: k_hat=3  ACC=1.0000  NMI=1.0000  ARI=1.0000  0.1s

=== P1E_S4_C1 train[2] k=3  dim=576  frames=155  σ=0.5  fold=4 ===
  SSC-Block-TV-Col21: k_hat=3  ACC=0.9548  NMI=0.8750  ARI=0.8675  0.2s

=== P1E_S4_C1 train[3] k=3  dim=576  frames=182  σ=0.5  fold=4 ===
  SSC-Block-TV-Col21: k_hat=3  ACC=0.8571  NMI=0.7348  ARI=0.6566  0.2s

=== P1E_S4_C1 train[4] k=3  dim=576  frames=133  σ=0.5  fold=4 ===
  SSC-Block-TV-Col21: k_hat=3  ACC=0.6466  NMI=0.6651  ARI=0.4918  0.2s

=== P1E_S4_C1 train[5] k=3  dim=576  frames=147  σ=0.5  fold=4 ===
  SSC-Block-TV-Col21: k_hat=3  ACC=0.5034  NMI=0.4851  ARI=0.3226  0.2s

=== P1E_S4_C1 train[6] k=3  dim=576  frames=145  σ=0.5  fold=4 ===
  SSC-Block-TV-Col21: k_hat=3  ACC=0.9172  NMI=0.7904  ARI=0.7914  0.2s

=== P1E_S4_C2 train[0] k=3  dim=576  frames=117  σ=0.5  fold=4 ===
  SSC-Block-TV-Col21: k_hat=3  ACC=0.9744  NMI=0.9022  ARI=0.9249  0.1s

=== P1E_S4_C2 train[1] k=3  dim=576  frames=125  σ=0.5  fold=4 ===
  SSC-Block-TV-Col21: k_hat=3  ACC=0.9920  NMI=0.9653  ARI=0.9759  0.1s

=== P1E_S4_C2 train[2] k=3  dim=576  frames=122  σ=0.5  fold=4 ===
  SSC-Block-TV-Col21: k_hat=3  ACC=0.9918  NMI=0.9645  ARI=0.9747  0.1s

=== P1E_S4_C2 train[3] k=3  dim=576  frames=126  σ=0.5  fold=4 ===
  SSC-Block-TV-Col21: k_hat=3  ACC=0.8492  NMI=0.6509  ARI=0.6024  0.1s

=== P1E_S4_C2 train[4] k=3  dim=576  frames=129  σ=0.5  fold=4 ===
  SSC-Block-TV-Col21: k_hat=3  ACC=0.5659  NMI=0.6611  ARI=0.4614  0.1s

=== P1E_S4_C2 train[5] k=3  dim=576  frames=146  σ=0.5  fold=4 ===
  SSC-Block-TV-Col21: k_hat=3  ACC=0.6438  NMI=0.5991  ARI=0.4635  0.2s

=== P1E_S4_C2 train[6] k=3  dim=576  frames=110  σ=0.5  fold=4 ===
  SSC-Block-TV-Col21: k_hat=3  ACC=0.9909  NMI=0.9623  ARI=0.9753  0.1s

=== P1E_S4_C3 train[0] k=3  dim=576  frames=90  σ=0.5  fold=4 ===
  SSC-Block-TV-Col21: k_hat=3  ACC=0.9333  NMI=0.7975  ARI=0.8005  0.1s

=== P1E_S4_C3 train[1] k=3  dim=576  frames=64  σ=0.5  fold=4 ===
  SSC-Block-TV-Col21: k_hat=3  ACC=0.9062  NMI=0.7546  ARI=0.7559  0.1s

=== P1E_S4_C3 train[2] k=3  dim=576  frames=85  σ=0.5  fold=4 ===
  SSC-Block-TV-Col21: k_hat=3  ACC=0.9647  NMI=0.8755  ARI=0.8962  0.1s

=== P1E_S4_C3 train[3] k=3  dim=576  frames=105  σ=0.5  fold=4 ===
  SSC-Block-TV-Col21: k_hat=3  ACC=0.5524  NMI=0.5912  ARI=0.4118  0.1s

=== P1E_S4_C3 train[4] k=3  dim=576  frames=76  σ=0.5  fold=4 ===
  SSC-Block-TV-Col21: k_hat=3  ACC=0.8947  NMI=0.7972  ARI=0.7470  0.1s

=== P1E_S4_C3 train[5] k=3  dim=576  frames=106  σ=0.5  fold=4 ===
  SSC-Block-TV-Col21: k_hat=3  ACC=0.6887  NMI=0.7100  ARI=0.5700  0.1s

=== P1E_S4_C3 train[6] k=3  dim=576  frames=79  σ=0.5  fold=4 ===
  SSC-Block-TV-Col21: k_hat=3  ACC=0.7848  NMI=0.6808  ARI=0.5965  0.1s

=== P1L_S1_C1 train[0] k=3  dim=576  frames=162  σ=0.5  fold=4 ===
  SSC-Block-TV-Col21: k_hat=3  ACC=0.9753  NMI=0.9193  ARI=0.9304  0.2s

=== P1L_S1_C1 train[1] k=3  dim=576  frames=170  σ=0.5  fold=4 ===
  SSC-Block-TV-Col21: k_hat=3  ACC=0.7765  NMI=0.6807  ARI=0.4977  0.2s

=== P1L_S1_C1 train[2] k=3  dim=576  frames=155  σ=0.5  fold=4 ===
  SSC-Block-TV-Col21: k_hat=3  ACC=1.0000  NMI=1.0000  ARI=1.0000  0.2s

=== P1L_S1_C1 train[3] k=3  dim=576  frames=182  σ=0.5  fold=4 ===
  SSC-Block-TV-Col21: k_hat=3  ACC=0.9286  NMI=0.8181  ARI=0.8151  0.2s

=== P1L_S1_C1 train[4] k=3  dim=576  frames=166  σ=0.5  fold=4 ===
  SSC-Block-TV-Col21: k_hat=3  ACC=1.0000  NMI=1.0000  ARI=1.0000  0.2s

=== P1L_S1_C1 train[5] k=3  dim=576  frames=116  σ=0.5  fold=4 ===
  SSC-Block-TV-Col21: k_hat=3  ACC=0.6983  NMI=0.4769  ARI=0.2990  0.1s

=== P1L_S1_C1 train[6] k=3  dim=576  frames=175  σ=0.5  fold=4 ===
  SSC-Block-TV-Col21: k_hat=3  ACC=0.9943  NMI=0.9736  ARI=0.9843  0.2s

=== P1L_S1_C2 train[0] k=3  dim=576  frames=186  σ=0.5  fold=4 ===
  SSC-Block-TV-Col21: k_hat=3  ACC=0.7688  NMI=0.6813  ARI=0.5085  0.3s

=== P1L_S1_C2 train[1] k=3  dim=576  frames=137  σ=0.5  fold=4 ===
  SSC-Block-TV-Col21: k_hat=3  ACC=0.8029  NMI=0.7019  ARI=0.5528  0.2s

=== P1L_S1_C2 train[2] k=3  dim=576  frames=147  σ=0.5  fold=4 ===
  SSC-Block-TV-Col21: k_hat=3  ACC=0.9932  NMI=0.9697  ARI=0.9804  0.2s

=== P1L_S1_C2 train[3] k=3  dim=576  frames=181  σ=0.5  fold=4 ===
  SSC-Block-TV-Col21: k_hat=3  ACC=0.8343  NMI=0.7285  ARI=0.6043  0.3s

=== P1L_S1_C2 train[4] k=3  dim=576  frames=154  σ=0.5  fold=4 ===
  SSC-Block-TV-Col21: k_hat=3  ACC=0.5195  NMI=0.6572  ARI=0.4517  0.2s

=== P1L_S1_C2 train[5] k=3  dim=576  frames=142  σ=0.5  fold=4 ===
  SSC-Block-TV-Col21: k_hat=3  ACC=0.8169  NMI=0.6797  ARI=0.5563  0.2s

=== P1L_S1_C2 train[6] k=3  dim=576  frames=168  σ=0.5  fold=4 ===
  SSC-Block-TV-Col21: k_hat=3  ACC=0.8571  NMI=0.7422  ARI=0.6904  0.2s

=== P1L_S1_C3 train[0] k=3  dim=576  frames=60  σ=0.5  fold=4 ===
  SSC-Block-TV-Col21: k_hat=3  ACC=0.5333  NMI=0.6526  ARI=0.4391  0.1s

=== P1L_S1_C3 train[1] k=3  dim=576  frames=68  σ=0.5  fold=4 ===
  SSC-Block-TV-Col21: k_hat=3  ACC=0.9853  NMI=0.9448  ARI=0.9561  0.1s

=== P1L_S1_C3 train[2] k=3  dim=576  frames=65  σ=0.5  fold=4 ===
  SSC-Block-TV-Col21: k_hat=3  ACC=0.8615  NMI=0.7478  ARI=0.6419  0.1s

=== P1L_S1_C3 train[3] k=3  dim=576  frames=74  σ=0.5  fold=4 ===
  SSC-Block-TV-Col21: k_hat=3  ACC=0.5946  NMI=0.3767  ARI=0.1339  0.1s

=== P1L_S1_C3 train[4] k=3  dim=576  frames=64  σ=0.5  fold=4 ===
  SSC-Block-TV-Col21: k_hat=3  ACC=0.7344  NMI=0.6259  ARI=0.5308  0.1s

=== P1L_S1_C3 train[5] k=3  dim=576  frames=63  σ=0.5  fold=4 ===
  SSC-Block-TV-Col21: k_hat=3  ACC=0.7143  NMI=0.6490  ARI=0.5419  0.1s

=== P1L_S1_C3 train[6] k=3  dim=576  frames=75  σ=0.5  fold=4 ===
  SSC-Block-TV-Col21: k_hat=3  ACC=0.9867  NMI=0.9474  ARI=0.9569  0.1s

=== P1L_S2_C1 train[0] k=3  dim=576  frames=211  σ=0.5  fold=4 ===
  SSC-Block-TV-Col21: k_hat=3  ACC=0.8199  NMI=0.7231  ARI=0.6077  0.3s

=== P1L_S2_C1 train[1] k=3  dim=576  frames=190  σ=0.5  fold=4 ===
  SSC-Block-TV-Col21: k_hat=3  ACC=0.7211  NMI=0.6714  ARI=0.4890  0.3s

=== P1L_S2_C1 train[2] k=3  dim=576  frames=180  σ=0.5  fold=4 ===
  SSC-Block-TV-Col21: k_hat=3  ACC=1.0000  NMI=1.0000  ARI=1.0000  0.2s

=== P1L_S2_C1 train[3] k=3  dim=576  frames=177  σ=0.5  fold=4 ===
  SSC-Block-TV-Col21: k_hat=3  ACC=0.7401  NMI=0.6864  ARI=0.5721  0.2s

=== P1L_S2_C1 train[4] k=3  dim=576  frames=179  σ=0.5  fold=4 ===
  SSC-Block-TV-Col21: k_hat=3  ACC=1.0000  NMI=1.0000  ARI=1.0000  0.2s

=== P1L_S2_C1 train[5] k=3  dim=576  frames=180  σ=0.5  fold=4 ===
  SSC-Block-TV-Col21: k_hat=3  ACC=0.5167  NMI=0.2903  ARI=0.0862  0.2s

=== P1L_S2_C1 train[6] k=3  dim=576  frames=133  σ=0.5  fold=4 ===
  SSC-Block-TV-Col21: k_hat=3  ACC=1.0000  NMI=1.0000  ARI=1.0000  0.2s

=== P1L_S2_C2 train[0] k=3  dim=576  frames=194  σ=0.5  fold=4 ===
  SSC-Block-TV-Col21: k_hat=3  ACC=0.7990  NMI=0.6607  ARI=0.5018  0.3s

=== P1L_S2_C2 train[1] k=3  dim=576  frames=155  σ=0.5  fold=4 ===
  SSC-Block-TV-Col21: k_hat=3  ACC=0.9806  NMI=0.9316  ARI=0.9416  0.2s

=== P1L_S2_C2 train[2] k=3  dim=576  frames=134  σ=0.5  fold=4 ===
  SSC-Block-TV-Col21: k_hat=3  ACC=1.0000  NMI=1.0000  ARI=1.0000  0.2s

=== P1L_S2_C2 train[3] k=3  dim=576  frames=186  σ=0.5  fold=4 ===
  SSC-Block-TV-Col21: k_hat=3  ACC=0.9839  NMI=0.9404  ARI=0.9529  0.3s

=== P1L_S2_C2 train[4] k=3  dim=576  frames=171  σ=0.5  fold=4 ===
  SSC-Block-TV-Col21: k_hat=3  ACC=0.8421  NMI=0.7405  ARI=0.6266  0.2s

=== P1L_S2_C2 train[5] k=3  dim=576  frames=160  σ=0.5  fold=4 ===
  SSC-Block-TV-Col21: k_hat=3  ACC=0.6188  NMI=0.6200  ARI=0.4669  0.2s

=== P1L_S2_C2 train[6] k=3  dim=576  frames=154  σ=0.5  fold=4 ===
  SSC-Block-TV-Col21: k_hat=3  ACC=0.8766  NMI=0.7871  ARI=0.7514  0.2s

=== P1L_S2_C3 train[0] k=3  dim=576  frames=119  σ=0.5  fold=4 ===
  SSC-Block-TV-Col21: k_hat=3  ACC=1.0000  NMI=1.0000  ARI=1.0000  0.1s

=== P1L_S2_C3 train[1] k=3  dim=576  frames=101  σ=0.5  fold=4 ===
  SSC-Block-TV-Col21: k_hat=3  ACC=0.8119  NMI=0.7135  ARI=0.5605  0.1s

=== P1L_S2_C3 train[2] k=3  dim=576  frames=85  σ=0.5  fold=4 ===
  SSC-Block-TV-Col21: k_hat=3  ACC=0.9882  NMI=0.9505  ARI=0.9597  0.1s

=== P1L_S2_C3 train[3] k=3  dim=576  frames=112  σ=0.5  fold=4 ===
  SSC-Block-TV-Col21: k_hat=3  ACC=0.8661  NMI=0.7766  ARI=0.7322  0.1s

=== P1L_S2_C3 train[4] k=3  dim=576  frames=102  σ=0.5  fold=4 ===
  SSC-Block-TV-Col21: k_hat=3  ACC=0.7647  NMI=0.7062  ARI=0.5637  0.1s

=== P1L_S2_C3 train[5] k=3  dim=576  frames=121  σ=0.5  fold=4 ===
  SSC-Block-TV-Col21: k_hat=3  ACC=0.9091  NMI=0.7880  ARI=0.7781  0.1s

=== P1L_S2_C3 train[6] k=3  dim=576  frames=99  σ=0.5  fold=4 ===
  SSC-Block-TV-Col21: k_hat=3  ACC=0.9697  NMI=0.9066  ARI=0.9152  0.1s

=== P1L_S3_C1 train[0] k=3  dim=576  frames=156  σ=0.5  fold=4 ===
  SSC-Block-TV-Col21: k_hat=3  ACC=0.4295  NMI=0.2486  ARI=0.0025  0.2s

=== P1L_S3_C1 train[1] k=3  dim=576  frames=120  σ=0.5  fold=4 ===
  SSC-Block-TV-Col21: k_hat=3  ACC=1.0000  NMI=1.0000  ARI=1.0000  0.1s

=== P1L_S3_C1 train[2] k=3  dim=576  frames=185  σ=0.5  fold=4 ===
  SSC-Block-TV-Col21: k_hat=3  ACC=0.9730  NMI=0.9128  ARI=0.9200  0.3s

=== P1L_S3_C1 train[3] k=3  dim=576  frames=156  σ=0.5  fold=4 ===
  SSC-Block-TV-Col21: k_hat=3  ACC=0.6474  NMI=0.6812  ARI=0.5139  0.2s

=== P1L_S3_C1 train[4] k=3  dim=576  frames=172  σ=0.5  fold=4 ===
  SSC-Block-TV-Col21: k_hat=3  ACC=0.8430  NMI=0.7461  ARI=0.6424  0.2s

=== P1L_S3_C1 train[5] k=3  dim=576  frames=176  σ=0.5  fold=4 ===
  SSC-Block-TV-Col21: k_hat=3  ACC=0.6932  NMI=0.5689  ARI=0.3697  0.2s

=== P1L_S3_C1 train[6] k=3  dim=576  frames=134  σ=0.5  fold=4 ===
  SSC-Block-TV-Col21: k_hat=3  ACC=0.9925  NMI=0.9658  ARI=0.9752  0.2s

=== P1L_S3_C2 train[0] k=3  dim=576  frames=185  σ=0.5  fold=4 ===
  SSC-Block-TV-Col21: k_hat=3  ACC=0.9297  NMI=0.8147  ARI=0.7964  0.3s

=== P1L_S3_C2 train[1] k=3  dim=576  frames=125  σ=0.5  fold=4 ===
  SSC-Block-TV-Col21: k_hat=3  ACC=0.8240  NMI=0.6896  ARI=0.6227  0.1s

=== P1L_S3_C2 train[2] k=3  dim=576  frames=166  σ=0.5  fold=4 ===
  SSC-Block-TV-Col21: k_hat=3  ACC=1.0000  NMI=1.0000  ARI=1.0000  0.2s

=== P1L_S3_C2 train[3] k=3  dim=576  frames=209  σ=0.5  fold=4 ===
  SSC-Block-TV-Col21: k_hat=3  ACC=0.7321  NMI=0.5271  ARI=0.4184  0.3s

=== P1L_S3_C2 train[4] k=3  dim=576  frames=187  σ=0.5  fold=4 ===
  SSC-Block-TV-Col21: k_hat=3  ACC=0.5722  NMI=0.6619  ARI=0.4650  0.3s

=== P1L_S3_C2 train[5] k=3  dim=576  frames=229  σ=0.5  fold=4 ===
  SSC-Block-TV-Col21: k_hat=3  ACC=0.5197  NMI=0.5359  ARI=0.3597  0.4s

=== P1L_S3_C2 train[6] k=3  dim=576  frames=136  σ=0.5  fold=4 ===
  SSC-Block-TV-Col21: k_hat=3  ACC=0.9559  NMI=0.8746  ARI=0.8649  0.2s

=== P1L_S3_C3 train[0] k=3  dim=576  frames=151  σ=0.5  fold=4 ===
  SSC-Block-TV-Col21: k_hat=3  ACC=1.0000  NMI=1.0000  ARI=1.0000  0.2s

=== P1L_S3_C3 train[1] k=3  dim=576  frames=118  σ=0.5  fold=4 ===
  SSC-Block-TV-Col21: k_hat=3  ACC=0.8983  NMI=0.7946  ARI=0.7354  0.1s

=== P1L_S3_C3 train[2] k=3  dim=576  frames=121  σ=0.5  fold=4 ===
  SSC-Block-TV-Col21: k_hat=3  ACC=1.0000  NMI=1.0000  ARI=1.0000  0.1s

=== P1L_S3_C3 train[3] k=3  dim=576  frames=142  σ=0.5  fold=4 ===
  SSC-Block-TV-Col21: k_hat=3  ACC=0.7958  NMI=0.6968  ARI=0.5429  0.2s

=== P1L_S3_C3 train[4] k=3  dim=576  frames=110  σ=0.5  fold=4 ===
  SSC-Block-TV-Col21: k_hat=3  ACC=0.8545  NMI=0.7206  ARI=0.6421  0.1s

=== P1L_S3_C3 train[5] k=3  dim=576  frames=161  σ=0.5  fold=4 ===
  SSC-Block-TV-Col21: k_hat=3  ACC=0.8199  NMI=0.6945  ARI=0.6294  0.2s

=== P1L_S3_C3 train[6] k=3  dim=576  frames=114  σ=0.5  fold=4 ===
  SSC-Block-TV-Col21: k_hat=3  ACC=0.9825  NMI=0.9372  ARI=0.9534  0.1s

=== P1L_S4_C1 train[0] k=3  dim=576  frames=200  σ=0.5  fold=4 ===
  SSC-Block-TV-Col21: k_hat=3  ACC=0.7350  NMI=0.6902  ARI=0.5295  0.3s

=== P1L_S4_C1 train[1] k=3  dim=576  frames=157  σ=0.5  fold=4 ===
  SSC-Block-TV-Col21: k_hat=3  ACC=1.0000  NMI=1.0000  ARI=1.0000  0.2s

=== P1L_S4_C1 train[2] k=3  dim=576  frames=154  σ=0.5  fold=4 ===
  SSC-Block-TV-Col21: k_hat=3  ACC=1.0000  NMI=1.0000  ARI=1.0000  0.2s

=== P1L_S4_C1 train[3] k=3  dim=576  frames=168  σ=0.5  fold=4 ===
  SSC-Block-TV-Col21: k_hat=3  ACC=0.7857  NMI=0.5714  ARI=0.4924  0.2s

=== P1L_S4_C1 train[4] k=3  dim=576  frames=164  σ=0.5  fold=4 ===
  SSC-Block-TV-Col21: k_hat=3  ACC=0.9573  NMI=0.8816  ARI=0.8804  0.2s

=== P1L_S4_C1 train[5] k=3  dim=576  frames=187  σ=0.5  fold=4 ===
  SSC-Block-TV-Col21: k_hat=3  ACC=0.6631  NMI=0.4721  ARI=0.3438  0.3s

=== P1L_S4_C1 train[6] k=3  dim=576  frames=202  σ=0.5  fold=4 ===
  SSC-Block-TV-Col21: k_hat=3  ACC=1.0000  NMI=1.0000  ARI=1.0000  0.3s

=== P1L_S4_C2 train[0] k=3  dim=576  frames=157  σ=0.5  fold=4 ===
  SSC-Block-TV-Col21: k_hat=3  ACC=0.7834  NMI=0.6713  ARI=0.4899  0.2s

=== P1L_S4_C2 train[1] k=3  dim=576  frames=149  σ=0.5  fold=4 ===
  SSC-Block-TV-Col21: k_hat=3  ACC=0.9396  NMI=0.8435  ARI=0.8159  0.2s

=== P1L_S4_C2 train[2] k=3  dim=576  frames=175  σ=0.5  fold=4 ===
  SSC-Block-TV-Col21: k_hat=3  ACC=1.0000  NMI=1.0000  ARI=1.0000  0.2s

=== P1L_S4_C2 train[3] k=3  dim=576  frames=168  σ=0.5  fold=4 ===
  SSC-Block-TV-Col21: k_hat=3  ACC=0.8571  NMI=0.7125  ARI=0.6257  0.2s

=== P1L_S4_C2 train[4] k=3  dim=576  frames=152  σ=0.5  fold=4 ===
  SSC-Block-TV-Col21: k_hat=3  ACC=0.8553  NMI=0.7558  ARI=0.6704  0.2s

=== P1L_S4_C2 train[5] k=3  dim=576  frames=169  σ=0.5  fold=4 ===
  SSC-Block-TV-Col21: k_hat=3  ACC=0.5917  NMI=0.6658  ARI=0.4783  0.2s

=== P1L_S4_C2 train[6] k=3  dim=576  frames=153  σ=0.5  fold=4 ===
  SSC-Block-TV-Col21: k_hat=3  ACC=0.9869  NMI=0.9501  ARI=0.9666  0.2s

=== P1L_S4_C3 train[0] k=3  dim=576  frames=96  σ=0.5  fold=4 ===
  SSC-Block-TV-Col21: k_hat=3  ACC=0.9271  NMI=0.8240  ARI=0.7859  0.1s

=== P1L_S4_C3 train[1] k=3  dim=576  frames=107  σ=0.5  fold=4 ===
  SSC-Block-TV-Col21: k_hat=3  ACC=1.0000  NMI=1.0000  ARI=1.0000  0.1s

=== P1L_S4_C3 train[2] k=3  dim=576  frames=94  σ=0.5  fold=4 ===
  SSC-Block-TV-Col21: k_hat=3  ACC=1.0000  NMI=1.0000  ARI=1.0000  0.1s

=== P1L_S4_C3 train[3] k=3  dim=576  frames=117  σ=0.5  fold=4 ===
  SSC-Block-TV-Col21: k_hat=3  ACC=0.6154  NMI=0.5622  ARI=0.4143  0.1s

=== P1L_S4_C3 train[4] k=3  dim=576  frames=103  σ=0.5  fold=4 ===
  SSC-Block-TV-Col21: k_hat=3  ACC=0.5922  NMI=0.6512  ARI=0.4530  0.1s

=== P1L_S4_C3 train[5] k=3  dim=576  frames=105  σ=0.5  fold=4 ===
  SSC-Block-TV-Col21: k_hat=3  ACC=0.8381  NMI=0.7513  ARI=0.6667  0.1s

=== P1L_S4_C3 train[6] k=3  dim=576  frames=107  σ=0.5  fold=4 ===
  SSC-Block-TV-Col21: k_hat=3  ACC=0.9813  NMI=0.9338  ARI=0.9463  0.1s

=== P1E_S1_C1 test[0] k=3  dim=576  frames=157  σ=0.5  fold=4 ===
  SSC-Block-TV-Col21: k_hat=3  ACC=0.5860  NMI=0.6302  ARI=0.4504  0.2s

=== P1E_S1_C2 test[0] k=3  dim=576  frames=113  σ=0.5  fold=4 ===
  SSC-Block-TV-Col21: k_hat=3  ACC=0.9381  NMI=0.8272  ARI=0.8360  0.1s

=== P1E_S1_C3 test[0] k=3  dim=576  frames=37  σ=0.5  fold=4 ===
  SSC-Block-TV-Col21: k_hat=3  ACC=0.6216  NMI=0.5067  ARI=0.3182  0.0s

=== P1E_S2_C1 test[0] k=3  dim=576  frames=149  σ=0.5  fold=4 ===
  SSC-Block-TV-Col21: k_hat=3  ACC=0.6040  NMI=0.6711  ARI=0.4842  0.2s

=== P1E_S2_C2 test[0] k=3  dim=576  frames=124  σ=0.5  fold=4 ===
  SSC-Block-TV-Col21: k_hat=3  ACC=0.9839  NMI=0.9293  ARI=0.9495  0.1s

=== P1E_S2_C3 test[0] k=3  dim=576  frames=99  σ=0.5  fold=4 ===
  SSC-Block-TV-Col21: k_hat=3  ACC=0.9394  NMI=0.8491  ARI=0.8306  0.1s

=== P1E_S3_C1 test[0] k=3  dim=576  frames=168  σ=0.5  fold=4 ===
  SSC-Block-TV-Col21: k_hat=3  ACC=0.8631  NMI=0.7452  ARI=0.6324  0.2s

=== P1E_S3_C2 test[0] k=3  dim=576  frames=169  σ=0.5  fold=4 ===
  SSC-Block-TV-Col21: k_hat=3  ACC=0.9586  NMI=0.8568  ARI=0.8770  0.2s

=== P1E_S3_C3 test[0] k=3  dim=576  frames=128  σ=0.5  fold=4 ===
  SSC-Block-TV-Col21: k_hat=3  ACC=0.7500  NMI=0.7005  ARI=0.5481  0.1s

=== P1E_S4_C1 test[0] k=3  dim=576  frames=180  σ=0.5  fold=4 ===
  SSC-Block-TV-Col21: k_hat=3  ACC=0.7944  NMI=0.7140  ARI=0.5729  0.2s

=== P1E_S4_C2 test[0] k=3  dim=576  frames=140  σ=0.5  fold=4 ===
  SSC-Block-TV-Col21: k_hat=3  ACC=0.9786  NMI=0.9234  ARI=0.9323  0.2s

=== P1E_S4_C3 test[0] k=3  dim=576  frames=87  σ=0.5  fold=4 ===
  SSC-Block-TV-Col21: k_hat=3  ACC=0.8621  NMI=0.7028  ARI=0.6543  0.1s

=== P1L_S1_C1 test[0] k=3  dim=576  frames=198  σ=0.5  fold=4 ===
  SSC-Block-TV-Col21: k_hat=3  ACC=0.7323  NMI=0.6955  ARI=0.5444  0.3s

=== P1L_S1_C2 test[0] k=3  dim=576  frames=128  σ=0.5  fold=4 ===
  SSC-Block-TV-Col21: k_hat=3  ACC=0.5625  NMI=0.6666  ARI=0.4689  0.1s

=== P1L_S1_C3 test[0] k=3  dim=576  frames=73  σ=0.5  fold=4 ===
  SSC-Block-TV-Col21: k_hat=3  ACC=0.6986  NMI=0.7094  ARI=0.5805  0.1s

=== P1L_S2_C1 test[0] k=3  dim=576  frames=172  σ=0.5  fold=4 ===
  SSC-Block-TV-Col21: k_hat=3  ACC=0.6105  NMI=0.4261  ARI=0.2423  0.2s

=== P1L_S2_C2 test[0] k=3  dim=576  frames=201  σ=0.5  fold=4 ===
  SSC-Block-TV-Col21: k_hat=3  ACC=0.9353  NMI=0.8177  ARI=0.8156  0.3s

=== P1L_S2_C3 test[0] k=3  dim=576  frames=126  σ=0.5  fold=4 ===
  SSC-Block-TV-Col21: k_hat=3  ACC=0.8651  NMI=0.7610  ARI=0.6671  0.1s

=== P1L_S3_C1 test[0] k=3  dim=576  frames=159  σ=0.5  fold=4 ===
  SSC-Block-TV-Col21: k_hat=3  ACC=0.9371  NMI=0.7974  ARI=0.8198  0.2s

=== P1L_S3_C2 test[0] k=3  dim=576  frames=168  σ=0.5  fold=4 ===
  SSC-Block-TV-Col21: k_hat=3  ACC=0.9940  NMI=0.9727  ARI=0.9864  0.2s

=== P1L_S3_C3 test[0] k=3  dim=576  frames=134  σ=0.5  fold=4 ===
  SSC-Block-TV-Col21: k_hat=3  ACC=0.8433  NMI=0.7262  ARI=0.5959  0.2s

=== P1L_S4_C1 test[0] k=3  dim=576  frames=142  σ=0.5  fold=4 ===
  SSC-Block-TV-Col21: k_hat=3  ACC=1.0000  NMI=1.0000  ARI=1.0000  0.2s

=== P1L_S4_C2 test[0] k=3  dim=576  frames=154  σ=0.5  fold=4 ===
  SSC-Block-TV-Col21: k_hat=3  ACC=1.0000  NMI=1.0000  ARI=1.0000  0.2s

=== P1L_S4_C3 test[0] k=3  dim=576  frames=112  σ=0.5  fold=4 ===
  SSC-Block-TV-Col21: k_hat=3  ACC=0.7768  NMI=0.7083  ARI=0.5595  0.1s
  tune_pool_groups=20: sampling from 22 held-in people (overlap allowed) instead of the 7 fixed partition group(s)

============================================================
σ=0.5 fold=5  test=['0015', '0016', '0021']  train mats=168  test mats=24  tune mats=480
  --- tune SSC-Block-TV-Col21 over 480 train mats  n_trials=40 (4 params) ---
  SSC-Block-TV-Col21 trial 0: mean ARI=0.3879  n=480  78.1s  lambda_e=1, lambda_z=0.1, gamma_q=0.1, block_size=5
  SSC-Block-TV-Col21 trial 1: mean ARI=0.3511  n=480  77.8s  lambda_e=0.443, lambda_z=0.7257, gamma_q=0.2577, block_size=7
  SSC-Block-TV-Col21 trial 2: mean ARI=0.4225  n=480  77.1s  lambda_e=0.1866, lambda_z=0.3833, gamma_q=0.05628, block_size=11
  SSC-Block-TV-Col21 trial 3: mean ARI=0.3255  n=480  78.2s  lambda_e=7.78, lambda_z=0.03418, gamma_q=1.469, block_size=7
  SSC-Block-TV-Col21 trial 4: mean ARI=0.5329  n=480  81.4s  lambda_e=0.506, lambda_z=5.039, gamma_q=0.001924, block_size=2
  SSC-Block-TV-Col21 trial 5: mean ARI=0.2677  n=480  77.1s  lambda_e=0.0115, lambda_z=2.14, gamma_q=1.296, block_size=11
  SSC-Block-TV-Col21 trial 6: mean ARI=0.4221  n=480  76.8s  lambda_e=8.627, lambda_z=1.573, gamma_q=0.07013, block_size=10
  SSC-Block-TV-Col21 trial 7: mean ARI=0.6586  n=480  77.1s  lambda_e=0.02264, lambda_z=0.3628, gamma_q=0.003745, block_size=12
  SSC-Block-TV-Col21 trial 8: mean ARI=0.6420  n=480  76.9s  lambda_e=0.3677, lambda_z=0.04557, gamma_q=0.01143, block_size=10
  SSC-Block-TV-Col21 trial 9: mean ARI=0.5712  n=480  77.3s  lambda_e=0.2336, lambda_z=0.1878, gamma_q=0.001189, block_size=8
  SSC-Block-TV-Col21 trial 10: mean ARI=0.3945  n=480  80.7s  lambda_e=0.01151, lambda_z=0.001661, gamma_q=6.473, block_size=2
  SSC-Block-TV-Col21 trial 11: mean ARI=0.6523  n=480  76.5s  lambda_e=0.06092, lambda_z=0.01492, gamma_q=0.01117, block_size=12
  SSC-Block-TV-Col21 trial 12: mean ARI=0.6620  n=480  90.3s  lambda_e=0.03813, lambda_z=0.00583, gamma_q=0.007807, block_size=12
  SSC-Block-TV-Col21 trial 13: mean ARI=0.6323  n=480  102.1s  lambda_e=0.04002, lambda_z=0.002743, gamma_q=0.00657, block_size=12
  SSC-Block-TV-Col21 trial 14: mean ARI=0.7041  n=480  79.2s  lambda_e=0.04355, lambda_z=0.005487, gamma_q=0.005404, block_size=9
  SSC-Block-TV-Col21 trial 15: mean ARI=0.5272  n=480  79.0s  lambda_e=0.09427, lambda_z=0.005633, gamma_q=0.01881, block_size=9
  SSC-Block-TV-Col21 trial 16: mean ARI=0.4811  n=480  94.5s  lambda_e=0.0317, lambda_z=0.007105, gamma_q=0.02235, block_size=5
  SSC-Block-TV-Col21 trial 17: mean ARI=0.6118  n=480  100.8s  lambda_e=0.1058, lambda_z=0.001319, gamma_q=0.003898, block_size=9
  SSC-Block-TV-Col21 trial 18: mean ARI=0.5276  n=480  102.2s  lambda_e=1.931, lambda_z=0.02103, gamma_q=0.02865, block_size=5
  SSC-Block-TV-Col21 trial 19: mean ARI=0.4061  n=480  104.0s  lambda_e=0.02137, lambda_z=0.005239, gamma_q=0.2784, block_size=7
  SSC-Block-TV-Col21 trial 20: mean ARI=0.7553  n=480  101.7s  lambda_e=0.08103, lambda_z=0.01082, gamma_q=0.001001, block_size=10
  SSC-Block-TV-Col21 trial 21: mean ARI=0.7552  n=480  103.2s  lambda_e=0.06746, lambda_z=0.01166, gamma_q=0.001057, block_size=10
  SSC-Block-TV-Col21 trial 22: mean ARI=0.7551  n=480  100.6s  lambda_e=0.1069, lambda_z=0.01329, gamma_q=0.001013, block_size=9
  SSC-Block-TV-Col21 trial 23: mean ARI=0.6528  n=480  106.9s  lambda_e=0.1095, lambda_z=0.06681, gamma_q=0.001035, block_size=10
  SSC-Block-TV-Col21 trial 24: mean ARI=0.7525  n=480  104.5s  lambda_e=0.07533, lambda_z=0.01614, gamma_q=0.00223, block_size=8
  SSC-Block-TV-Col21 trial 25: mean ARI=0.7500  n=480  100.1s  lambda_e=0.1713, lambda_z=0.01276, gamma_q=0.002112, block_size=11
  SSC-Block-TV-Col21 trial 26: mean ARI=0.7196  n=480  101.1s  lambda_e=0.1498, lambda_z=0.03061, gamma_q=0.001033, block_size=8
  SSC-Block-TV-Col21 trial 27: mean ARI=0.6934  n=480  100.4s  lambda_e=0.8709, lambda_z=0.002682, gamma_q=0.002774, block_size=10
  SSC-Block-TV-Col21 trial 28: mean ARI=0.6651  n=480  101.3s  lambda_e=0.2709, lambda_z=0.08954, gamma_q=0.001804, block_size=6
  SSC-Block-TV-Col21 trial 29: mean ARI=0.7455  n=480  100.2s  lambda_e=0.06054, lambda_z=0.01138, gamma_q=0.003872, block_size=9
  SSC-Block-TV-Col21 trial 30: mean ARI=0.7256  n=480  106.5s  lambda_e=1.84, lambda_z=0.002812, gamma_q=0.001092, block_size=11
  SSC-Block-TV-Col21 trial 31: mean ARI=0.7389  n=480  91.6s  lambda_e=0.07941, lambda_z=0.02144, gamma_q=0.002254, block_size=8
  SSC-Block-TV-Col21 trial 32: mean ARI=0.6726  n=480  79.7s  lambda_e=0.06676, lambda_z=0.06521, gamma_q=0.001796, block_size=8
  SSC-Block-TV-Col21 trial 33: mean ARI=0.5751  n=480  77.5s  lambda_e=0.136, lambda_z=0.1466, gamma_q=0.003376, block_size=9
  SSC-Block-TV-Col21 trial 34: mean ARI=0.7612  n=480  84.8s  lambda_e=0.02254, lambda_z=0.01077, gamma_q=0.001745, block_size=6
  SSC-Block-TV-Col21 trial 35: mean ARI=0.7670  n=480  79.7s  lambda_e=0.02387, lambda_z=0.008813, gamma_q=0.001485, block_size=4
  SSC-Block-TV-Col21 trial 36: mean ARI=0.7206  n=480  82.7s  lambda_e=0.01713, lambda_z=0.008206, gamma_q=0.00587, block_size=3
  SSC-Block-TV-Col21 trial 37: mean ARI=0.7019  n=480  84.1s  lambda_e=0.02818, lambda_z=0.02973, gamma_q=0.01173, block_size=4
  SSC-Block-TV-Col21 trial 38: mean ARI=0.7082  n=480  98.0s  lambda_e=0.01663, lambda_z=0.002734, gamma_q=0.001591, block_size=6
  SSC-Block-TV-Col21 trial 39: mean ARI=0.7170  n=480  106.7s  lambda_e=0.04788, lambda_z=0.004054, gamma_q=0.003183, block_size=4
    best mean ARI=0.7670  tune 3598.6s  lambda_e=0.02387, lambda_z=0.008813, gamma_q=0.001485, block_size=4
  wrote /nfs/turbo/umms-minjilab/lpullela/icassp_ssc_tv2/block_ssc_benchmark/cv/params/surveillance/split_k3_sigmas_min30_trials20_params_knownk_cv_ssc_block_tv_col21_k3_sigma0p5_sigma0.5_fold5.json

=== P1E_S1_C1 train[0] k=3  dim=576  frames=146  σ=0.5  fold=5 ===
  SSC-Block-TV-Col21: k_hat=3  ACC=0.9795  NMI=0.9229  ARI=0.9302  0.2s

=== P1E_S1_C1 train[1] k=3  dim=576  frames=153  σ=0.5  fold=5 ===
  SSC-Block-TV-Col21: k_hat=3  ACC=0.9935  NMI=0.9706  ARI=0.9801  0.3s

=== P1E_S1_C1 train[2] k=3  dim=576  frames=130  σ=0.5  fold=5 ===
  SSC-Block-TV-Col21: k_hat=3  ACC=1.0000  NMI=1.0000  ARI=1.0000  0.2s

=== P1E_S1_C1 train[3] k=3  dim=576  frames=140  σ=0.5  fold=5 ===
  SSC-Block-TV-Col21: k_hat=3  ACC=0.8429  NMI=0.7184  ARI=0.5783  0.2s

=== P1E_S1_C1 train[4] k=3  dim=576  frames=157  σ=0.5  fold=5 ===
  SSC-Block-TV-Col21: k_hat=3  ACC=0.5860  NMI=0.6302  ARI=0.4504  0.3s

=== P1E_S1_C1 train[5] k=3  dim=576  frames=140  σ=0.5  fold=5 ===
  SSC-Block-TV-Col21: k_hat=3  ACC=0.8429  NMI=0.7076  ARI=0.6358  0.2s

=== P1E_S1_C1 train[6] k=3  dim=576  frames=171  σ=0.5  fold=5 ===
  SSC-Block-TV-Col21: k_hat=3  ACC=0.9883  NMI=0.9466  ARI=0.9664  0.3s

=== P1E_S1_C2 train[0] k=3  dim=576  frames=147  σ=0.5  fold=5 ===
  SSC-Block-TV-Col21: k_hat=3  ACC=0.9456  NMI=0.8210  ARI=0.8387  0.2s

=== P1E_S1_C2 train[1] k=3  dim=576  frames=115  σ=0.5  fold=5 ===
  SSC-Block-TV-Col21: k_hat=3  ACC=0.9739  NMI=0.9128  ARI=0.9167  0.2s

=== P1E_S1_C2 train[2] k=3  dim=576  frames=104  σ=0.5  fold=5 ===
  SSC-Block-TV-Col21: k_hat=3  ACC=1.0000  NMI=1.0000  ARI=1.0000  0.1s

=== P1E_S1_C2 train[3] k=3  dim=576  frames=138  σ=0.5  fold=5 ===
  SSC-Block-TV-Col21: k_hat=3  ACC=0.9203  NMI=0.7923  ARI=0.7937  0.2s

=== P1E_S1_C2 train[4] k=3  dim=576  frames=113  σ=0.5  fold=5 ===
  SSC-Block-TV-Col21: k_hat=3  ACC=0.8496  NMI=0.6657  ARI=0.6209  0.2s

=== P1E_S1_C2 train[5] k=3  dim=576  frames=122  σ=0.5  fold=5 ===
  SSC-Block-TV-Col21: k_hat=3  ACC=0.8934  NMI=0.7359  ARI=0.7353  0.2s

=== P1E_S1_C2 train[6] k=3  dim=576  frames=134  σ=0.5  fold=5 ===
  SSC-Block-TV-Col21: k_hat=3  ACC=0.9851  NMI=0.9443  ARI=0.9564  0.2s

=== P1E_S1_C3 train[0] k=3  dim=576  frames=58  σ=0.5  fold=5 ===
  SSC-Block-TV-Col21: k_hat=3  ACC=0.6207  NMI=0.4612  ARI=0.3092  0.1s

=== P1E_S1_C3 train[1] k=3  dim=576  frames=56  σ=0.5  fold=5 ===
  SSC-Block-TV-Col21: k_hat=3  ACC=0.9464  NMI=0.8253  ARI=0.8610  0.1s

=== P1E_S1_C3 train[2] k=3  dim=576  frames=47  σ=0.5  fold=5 ===
  SSC-Block-TV-Col21: k_hat=3  ACC=0.9787  NMI=0.9290  ARI=0.9459  0.0s

=== P1E_S1_C3 train[3] k=3  dim=576  frames=61  σ=0.5  fold=5 ===
  SSC-Block-TV-Col21: k_hat=3  ACC=0.6066  NMI=0.5714  ARI=0.4206  0.1s

=== P1E_S1_C3 train[4] k=3  dim=576  frames=37  σ=0.5  fold=5 ===
  SSC-Block-TV-Col21: k_hat=3  ACC=0.6486  NMI=0.5120  ARI=0.3165  0.0s

=== P1E_S1_C3 train[5] k=3  dim=576  frames=51  σ=0.5  fold=5 ===
  SSC-Block-TV-Col21: k_hat=3  ACC=0.5882  NMI=0.5278  ARI=0.3530  0.1s

=== P1E_S1_C3 train[6] k=3  dim=576  frames=69  σ=0.5  fold=5 ===
  SSC-Block-TV-Col21: k_hat=3  ACC=0.8116  NMI=0.6360  ARI=0.5564  0.1s

=== P1E_S2_C1 train[0] k=3  dim=576  frames=167  σ=0.5  fold=5 ===
  SSC-Block-TV-Col21: k_hat=3  ACC=0.9820  NMI=0.9353  ARI=0.9458  0.3s

=== P1E_S2_C1 train[1] k=3  dim=576  frames=151  σ=0.5  fold=5 ===
  SSC-Block-TV-Col21: k_hat=3  ACC=0.8543  NMI=0.7539  ARI=0.6726  0.2s

=== P1E_S2_C1 train[2] k=3  dim=576  frames=136  σ=0.5  fold=5 ===
  SSC-Block-TV-Col21: k_hat=3  ACC=0.9559  NMI=0.8767  ARI=0.8705  0.2s

=== P1E_S2_C1 train[3] k=3  dim=576  frames=180  σ=0.5  fold=5 ===
  SSC-Block-TV-Col21: k_hat=3  ACC=0.5278  NMI=0.6139  ARI=0.4374  0.3s

=== P1E_S2_C1 train[4] k=3  dim=576  frames=149  σ=0.5  fold=5 ===
  SSC-Block-TV-Col21: k_hat=3  ACC=0.6040  NMI=0.6711  ARI=0.4842  0.2s

=== P1E_S2_C1 train[5] k=3  dim=576  frames=161  σ=0.5  fold=5 ===
  SSC-Block-TV-Col21: k_hat=3  ACC=0.7764  NMI=0.6353  ARI=0.5285  0.3s

=== P1E_S2_C1 train[6] k=3  dim=576  frames=153  σ=0.5  fold=5 ===
  SSC-Block-TV-Col21: k_hat=3  ACC=0.9673  NMI=0.8871  ARI=0.9080  0.2s

=== P1E_S2_C2 train[0] k=3  dim=576  frames=146  σ=0.5  fold=5 ===
  SSC-Block-TV-Col21: k_hat=3  ACC=0.9315  NMI=0.8399  ARI=0.8277  0.2s

=== P1E_S2_C2 train[1] k=3  dim=576  frames=115  σ=0.5  fold=5 ===
  SSC-Block-TV-Col21: k_hat=3  ACC=0.9913  NMI=0.9630  ARI=0.9739  0.2s

=== P1E_S2_C2 train[2] k=3  dim=576  frames=109  σ=0.5  fold=5 ===
  SSC-Block-TV-Col21: k_hat=3  ACC=1.0000  NMI=1.0000  ARI=1.0000  0.2s

=== P1E_S2_C2 train[3] k=3  dim=576  frames=144  σ=0.5  fold=5 ===
  SSC-Block-TV-Col21: k_hat=3  ACC=0.8611  NMI=0.6760  ARI=0.6331  0.2s

=== P1E_S2_C2 train[4] k=3  dim=576  frames=124  σ=0.5  fold=5 ===
  SSC-Block-TV-Col21: k_hat=3  ACC=0.9839  NMI=0.9293  ARI=0.9495  0.2s

=== P1E_S2_C2 train[5] k=3  dim=576  frames=128  σ=0.5  fold=5 ===
  SSC-Block-TV-Col21: k_hat=3  ACC=0.8828  NMI=0.7831  ARI=0.7188  0.2s

=== P1E_S2_C2 train[6] k=3  dim=576  frames=126  σ=0.5  fold=5 ===
  SSC-Block-TV-Col21: k_hat=3  ACC=0.9762  NMI=0.9207  ARI=0.9308  0.2s

=== P1E_S2_C3 train[0] k=3  dim=576  frames=113  σ=0.5  fold=5 ===
  SSC-Block-TV-Col21: k_hat=3  ACC=0.9381  NMI=0.8064  ARI=0.8198  0.2s

=== P1E_S2_C3 train[1] k=3  dim=576  frames=88  σ=0.5  fold=5 ===
  SSC-Block-TV-Col21: k_hat=3  ACC=0.9886  NMI=0.9540  ARI=0.9655  0.1s

=== P1E_S2_C3 train[2] k=3  dim=576  frames=90  σ=0.5  fold=5 ===
  SSC-Block-TV-Col21: k_hat=3  ACC=1.0000  NMI=1.0000  ARI=1.0000  0.1s

=== P1E_S2_C3 train[3] k=3  dim=576  frames=112  σ=0.5  fold=5 ===
  SSC-Block-TV-Col21: k_hat=3  ACC=0.8482  NMI=0.6594  ARI=0.6054  0.2s

=== P1E_S2_C3 train[4] k=3  dim=576  frames=99  σ=0.5  fold=5 ===
  SSC-Block-TV-Col21: k_hat=3  ACC=0.9394  NMI=0.8491  ARI=0.8306  0.1s

=== P1E_S2_C3 train[5] k=3  dim=576  frames=105  σ=0.5  fold=5 ===
  SSC-Block-TV-Col21: k_hat=3  ACC=0.8476  NMI=0.6943  ARI=0.6303  0.1s

=== P1E_S2_C3 train[6] k=3  dim=576  frames=89  σ=0.5  fold=5 ===
  SSC-Block-TV-Col21: k_hat=3  ACC=0.9775  NMI=0.9248  ARI=0.9383  0.1s

=== P1E_S3_C1 train[0] k=3  dim=576  frames=166  σ=0.5  fold=5 ===
  SSC-Block-TV-Col21: k_hat=3  ACC=0.8012  NMI=0.6641  ARI=0.5278  0.3s

=== P1E_S3_C1 train[1] k=3  dim=576  frames=139  σ=0.5  fold=5 ===
  SSC-Block-TV-Col21: k_hat=3  ACC=0.9209  NMI=0.8226  ARI=0.7970  0.2s

=== P1E_S3_C1 train[2] k=3  dim=576  frames=134  σ=0.5  fold=5 ===
  SSC-Block-TV-Col21: k_hat=3  ACC=0.8358  NMI=0.7029  ARI=0.5929  0.2s

=== P1E_S3_C1 train[3] k=3  dim=576  frames=161  σ=0.5  fold=5 ===
  SSC-Block-TV-Col21: k_hat=3  ACC=0.7888  NMI=0.7131  ARI=0.5833  0.3s

=== P1E_S3_C1 train[4] k=3  dim=576  frames=168  σ=0.5  fold=5 ===
  SSC-Block-TV-Col21: k_hat=3  ACC=0.8631  NMI=0.7452  ARI=0.6324  0.3s

=== P1E_S3_C1 train[5] k=3  dim=576  frames=204  σ=0.5  fold=5 ===
  SSC-Block-TV-Col21: k_hat=3  ACC=0.8529  NMI=0.7624  ARI=0.6954  0.4s

=== P1E_S3_C1 train[6] k=3  dim=576  frames=112  σ=0.5  fold=5 ===
  SSC-Block-TV-Col21: k_hat=3  ACC=0.9643  NMI=0.8735  ARI=0.8988  0.2s

=== P1E_S3_C2 train[0] k=3  dim=576  frames=147  σ=0.5  fold=5 ===
  SSC-Block-TV-Col21: k_hat=3  ACC=0.8912  NMI=0.7677  ARI=0.6800  0.2s

=== P1E_S3_C2 train[1] k=3  dim=576  frames=120  σ=0.5  fold=5 ===
  SSC-Block-TV-Col21: k_hat=3  ACC=0.8417  NMI=0.7268  ARI=0.5900  0.2s

=== P1E_S3_C2 train[2] k=3  dim=576  frames=112  σ=0.5  fold=5 ===
  SSC-Block-TV-Col21: k_hat=3  ACC=0.9375  NMI=0.8076  ARI=0.8112  0.2s

=== P1E_S3_C2 train[3] k=3  dim=576  frames=168  σ=0.5  fold=5 ===
  SSC-Block-TV-Col21: k_hat=3  ACC=0.8214  NMI=0.6719  ARI=0.5872  0.3s

=== P1E_S3_C2 train[4] k=3  dim=576  frames=169  σ=0.5  fold=5 ===
  SSC-Block-TV-Col21: k_hat=3  ACC=0.9290  NMI=0.8001  ARI=0.8026  0.3s

=== P1E_S3_C2 train[5] k=3  dim=576  frames=146  σ=0.5  fold=5 ===
  SSC-Block-TV-Col21: k_hat=3  ACC=0.7740  NMI=0.6618  ARI=0.4556  0.2s

=== P1E_S3_C2 train[6] k=3  dim=576  frames=114  σ=0.5  fold=5 ===
  SSC-Block-TV-Col21: k_hat=3  ACC=0.9561  NMI=0.8516  ARI=0.8938  0.2s

=== P1E_S3_C3 train[0] k=3  dim=576  frames=105  σ=0.5  fold=5 ===
  SSC-Block-TV-Col21: k_hat=3  ACC=1.0000  NMI=1.0000  ARI=1.0000  0.1s

=== P1E_S3_C3 train[1] k=3  dim=576  frames=89  σ=0.5  fold=5 ===
  SSC-Block-TV-Col21: k_hat=3  ACC=0.9775  NMI=0.9207  ARI=0.9293  0.1s

=== P1E_S3_C3 train[2] k=3  dim=576  frames=84  σ=0.5  fold=5 ===
  SSC-Block-TV-Col21: k_hat=3  ACC=0.9881  NMI=0.9525  ARI=0.9657  0.1s

=== P1E_S3_C3 train[3] k=3  dim=576  frames=125  σ=0.5  fold=5 ===
  SSC-Block-TV-Col21: k_hat=3  ACC=0.9760  NMI=0.9174  ARI=0.9232  0.2s

=== P1E_S3_C3 train[4] k=3  dim=576  frames=128  σ=0.5  fold=5 ===
  SSC-Block-TV-Col21: k_hat=3  ACC=0.7891  NMI=0.7154  ARI=0.5769  0.2s

=== P1E_S3_C3 train[5] k=3  dim=576  frames=129  σ=0.5  fold=5 ===
  SSC-Block-TV-Col21: k_hat=3  ACC=0.5349  NMI=0.6553  ARI=0.4505  0.2s

=== P1E_S3_C3 train[6] k=3  dim=576  frames=84  σ=0.5  fold=5 ===
  SSC-Block-TV-Col21: k_hat=3  ACC=0.9881  NMI=0.9523  ARI=0.9667  0.1s

=== P1E_S4_C1 train[0] k=3  dim=576  frames=158  σ=0.5  fold=5 ===
  SSC-Block-TV-Col21: k_hat=3  ACC=0.8481  NMI=0.7167  ARI=0.5780  0.3s

=== P1E_S4_C1 train[1] k=3  dim=576  frames=107  σ=0.5  fold=5 ===
  SSC-Block-TV-Col21: k_hat=3  ACC=1.0000  NMI=1.0000  ARI=1.0000  0.2s

=== P1E_S4_C1 train[2] k=3  dim=576  frames=155  σ=0.5  fold=5 ===
  SSC-Block-TV-Col21: k_hat=3  ACC=0.9548  NMI=0.8750  ARI=0.8675  0.3s

=== P1E_S4_C1 train[3] k=3  dim=576  frames=182  σ=0.5  fold=5 ===
  SSC-Block-TV-Col21: k_hat=3  ACC=0.8626  NMI=0.7600  ARI=0.6698  0.3s

=== P1E_S4_C1 train[4] k=3  dim=576  frames=180  σ=0.5  fold=5 ===
  SSC-Block-TV-Col21: k_hat=3  ACC=0.9444  NMI=0.8561  ARI=0.8476  0.3s

=== P1E_S4_C1 train[5] k=3  dim=576  frames=147  σ=0.5  fold=5 ===
  SSC-Block-TV-Col21: k_hat=3  ACC=0.5034  NMI=0.4851  ARI=0.3226  0.3s

=== P1E_S4_C1 train[6] k=3  dim=576  frames=145  σ=0.5  fold=5 ===
  SSC-Block-TV-Col21: k_hat=3  ACC=0.9172  NMI=0.7904  ARI=0.7914  0.2s

=== P1E_S4_C2 train[0] k=3  dim=576  frames=117  σ=0.5  fold=5 ===
  SSC-Block-TV-Col21: k_hat=3  ACC=0.9744  NMI=0.9022  ARI=0.9249  0.2s

=== P1E_S4_C2 train[1] k=3  dim=576  frames=125  σ=0.5  fold=5 ===
  SSC-Block-TV-Col21: k_hat=3  ACC=0.9920  NMI=0.9653  ARI=0.9759  0.2s

=== P1E_S4_C2 train[2] k=3  dim=576  frames=122  σ=0.5  fold=5 ===
  SSC-Block-TV-Col21: k_hat=3  ACC=1.0000  NMI=1.0000  ARI=1.0000  0.2s

=== P1E_S4_C2 train[3] k=3  dim=576  frames=126  σ=0.5  fold=5 ===
  SSC-Block-TV-Col21: k_hat=3  ACC=0.8492  NMI=0.6509  ARI=0.6024  0.2s

=== P1E_S4_C2 train[4] k=3  dim=576  frames=140  σ=0.5  fold=5 ===
  SSC-Block-TV-Col21: k_hat=3  ACC=0.9786  NMI=0.9234  ARI=0.9323  0.2s

=== P1E_S4_C2 train[5] k=3  dim=576  frames=146  σ=0.5  fold=5 ===
  SSC-Block-TV-Col21: k_hat=3  ACC=0.6438  NMI=0.5991  ARI=0.4635  0.2s

=== P1E_S4_C2 train[6] k=3  dim=576  frames=110  σ=0.5  fold=5 ===
  SSC-Block-TV-Col21: k_hat=3  ACC=0.9909  NMI=0.9623  ARI=0.9753  0.2s

=== P1E_S4_C3 train[0] k=3  dim=576  frames=90  σ=0.5  fold=5 ===
  SSC-Block-TV-Col21: k_hat=3  ACC=0.9222  NMI=0.7728  ARI=0.7710  0.1s

=== P1E_S4_C3 train[1] k=3  dim=576  frames=64  σ=0.5  fold=5 ===
  SSC-Block-TV-Col21: k_hat=3  ACC=0.9062  NMI=0.7546  ARI=0.7559  0.1s

=== P1E_S4_C3 train[2] k=3  dim=576  frames=85  σ=0.5  fold=5 ===
  SSC-Block-TV-Col21: k_hat=3  ACC=0.9647  NMI=0.8755  ARI=0.8962  0.1s

=== P1E_S4_C3 train[3] k=3  dim=576  frames=105  σ=0.5  fold=5 ===
  SSC-Block-TV-Col21: k_hat=3  ACC=0.5524  NMI=0.5912  ARI=0.4118  0.2s

=== P1E_S4_C3 train[4] k=3  dim=576  frames=87  σ=0.5  fold=5 ===
  SSC-Block-TV-Col21: k_hat=3  ACC=0.8621  NMI=0.7028  ARI=0.6543  0.1s

=== P1E_S4_C3 train[5] k=3  dim=576  frames=106  σ=0.5  fold=5 ===
  SSC-Block-TV-Col21: k_hat=3  ACC=0.6887  NMI=0.7100  ARI=0.5700  0.2s

=== P1E_S4_C3 train[6] k=3  dim=576  frames=79  σ=0.5  fold=5 ===
  SSC-Block-TV-Col21: k_hat=3  ACC=0.9241  NMI=0.8001  ARI=0.7998  0.1s

=== P1L_S1_C1 train[0] k=3  dim=576  frames=162  σ=0.5  fold=5 ===
  SSC-Block-TV-Col21: k_hat=3  ACC=0.9753  NMI=0.9193  ARI=0.9304  0.3s

=== P1L_S1_C1 train[1] k=3  dim=576  frames=170  σ=0.5  fold=5 ===
  SSC-Block-TV-Col21: k_hat=3  ACC=0.7765  NMI=0.6807  ARI=0.4977  0.3s

=== P1L_S1_C1 train[2] k=3  dim=576  frames=155  σ=0.5  fold=5 ===
  SSC-Block-TV-Col21: k_hat=3  ACC=1.0000  NMI=1.0000  ARI=1.0000  0.3s

=== P1L_S1_C1 train[3] k=3  dim=576  frames=182  σ=0.5  fold=5 ===
  SSC-Block-TV-Col21: k_hat=3  ACC=0.9286  NMI=0.8181  ARI=0.8151  0.3s

=== P1L_S1_C1 train[4] k=3  dim=576  frames=198  σ=0.5  fold=5 ===
  SSC-Block-TV-Col21: k_hat=3  ACC=0.7323  NMI=0.6955  ARI=0.5444  0.4s

=== P1L_S1_C1 train[5] k=3  dim=576  frames=116  σ=0.5  fold=5 ===
  SSC-Block-TV-Col21: k_hat=3  ACC=0.6379  NMI=0.4009  ARI=0.1809  0.2s

=== P1L_S1_C1 train[6] k=3  dim=576  frames=175  σ=0.5  fold=5 ===
  SSC-Block-TV-Col21: k_hat=3  ACC=0.9943  NMI=0.9736  ARI=0.9843  0.3s

=== P1L_S1_C2 train[0] k=3  dim=576  frames=186  σ=0.5  fold=5 ===
  SSC-Block-TV-Col21: k_hat=3  ACC=0.7688  NMI=0.6813  ARI=0.5085  0.3s

=== P1L_S1_C2 train[1] k=3  dim=576  frames=137  σ=0.5  fold=5 ===
  SSC-Block-TV-Col21: k_hat=3  ACC=1.0000  NMI=1.0000  ARI=1.0000  0.2s

=== P1L_S1_C2 train[2] k=3  dim=576  frames=147  σ=0.5  fold=5 ===
  SSC-Block-TV-Col21: k_hat=3  ACC=0.9932  NMI=0.9697  ARI=0.9804  0.3s

=== P1L_S1_C2 train[3] k=3  dim=576  frames=181  σ=0.5  fold=5 ===
  SSC-Block-TV-Col21: k_hat=3  ACC=0.8066  NMI=0.6846  ARI=0.5593  0.4s

=== P1L_S1_C2 train[4] k=3  dim=576  frames=128  σ=0.5  fold=5 ===
  SSC-Block-TV-Col21: k_hat=3  ACC=0.5625  NMI=0.6666  ARI=0.4689  0.2s

=== P1L_S1_C2 train[5] k=3  dim=576  frames=142  σ=0.5  fold=5 ===
  SSC-Block-TV-Col21: k_hat=3  ACC=0.7887  NMI=0.6116  ARI=0.5099  0.2s

=== P1L_S1_C2 train[6] k=3  dim=576  frames=168  σ=0.5  fold=5 ===
  SSC-Block-TV-Col21: k_hat=3  ACC=0.8571  NMI=0.7422  ARI=0.6904  0.3s

=== P1L_S1_C3 train[0] k=3  dim=576  frames=60  σ=0.5  fold=5 ===
  SSC-Block-TV-Col21: k_hat=3  ACC=0.5333  NMI=0.6526  ARI=0.4391  0.1s

=== P1L_S1_C3 train[1] k=3  dim=576  frames=68  σ=0.5  fold=5 ===
  SSC-Block-TV-Col21: k_hat=3  ACC=0.9853  NMI=0.9448  ARI=0.9561  0.1s

=== P1L_S1_C3 train[2] k=3  dim=576  frames=65  σ=0.5  fold=5 ===
  SSC-Block-TV-Col21: k_hat=3  ACC=0.8615  NMI=0.7478  ARI=0.6419  0.1s

=== P1L_S1_C3 train[3] k=3  dim=576  frames=74  σ=0.5  fold=5 ===
  SSC-Block-TV-Col21: k_hat=3  ACC=0.5946  NMI=0.3767  ARI=0.1339  0.1s

=== P1L_S1_C3 train[4] k=3  dim=576  frames=73  σ=0.5  fold=5 ===
  SSC-Block-TV-Col21: k_hat=3  ACC=0.6986  NMI=0.7094  ARI=0.5805  0.1s

=== P1L_S1_C3 train[5] k=3  dim=576  frames=63  σ=0.5  fold=5 ===
  SSC-Block-TV-Col21: k_hat=3  ACC=0.5873  NMI=0.3249  ARI=0.1470  0.1s

=== P1L_S1_C3 train[6] k=3  dim=576  frames=75  σ=0.5  fold=5 ===
  SSC-Block-TV-Col21: k_hat=3  ACC=0.9867  NMI=0.9474  ARI=0.9569  0.1s

=== P1L_S2_C1 train[0] k=3  dim=576  frames=211  σ=0.5  fold=5 ===
  SSC-Block-TV-Col21: k_hat=3  ACC=0.8199  NMI=0.7231  ARI=0.6077  0.4s

=== P1L_S2_C1 train[1] k=3  dim=576  frames=190  σ=0.5  fold=5 ===
  SSC-Block-TV-Col21: k_hat=3  ACC=0.7211  NMI=0.6714  ARI=0.4890  0.4s

=== P1L_S2_C1 train[2] k=3  dim=576  frames=180  σ=0.5  fold=5 ===
  SSC-Block-TV-Col21: k_hat=3  ACC=1.0000  NMI=1.0000  ARI=1.0000  0.3s

=== P1L_S2_C1 train[3] k=3  dim=576  frames=177  σ=0.5  fold=5 ===
  SSC-Block-TV-Col21: k_hat=3  ACC=0.7401  NMI=0.6864  ARI=0.5721  0.3s

=== P1L_S2_C1 train[4] k=3  dim=576  frames=172  σ=0.5  fold=5 ===
  SSC-Block-TV-Col21: k_hat=3  ACC=0.8895  NMI=0.7443  ARI=0.7371  0.3s

=== P1L_S2_C1 train[5] k=3  dim=576  frames=180  σ=0.5  fold=5 ===
  SSC-Block-TV-Col21: k_hat=3  ACC=0.5167  NMI=0.2903  ARI=0.0862  0.3s

=== P1L_S2_C1 train[6] k=3  dim=576  frames=133  σ=0.5  fold=5 ===
  SSC-Block-TV-Col21: k_hat=3  ACC=1.0000  NMI=1.0000  ARI=1.0000  0.2s

=== P1L_S2_C2 train[0] k=3  dim=576  frames=194  σ=0.5  fold=5 ===
  SSC-Block-TV-Col21: k_hat=3  ACC=0.7990  NMI=0.6607  ARI=0.5018  0.4s

=== P1L_S2_C2 train[1] k=3  dim=576  frames=155  σ=0.5  fold=5 ===
  SSC-Block-TV-Col21: k_hat=3  ACC=0.9806  NMI=0.9316  ARI=0.9416  0.3s

=== P1L_S2_C2 train[2] k=3  dim=576  frames=134  σ=0.5  fold=5 ===
  SSC-Block-TV-Col21: k_hat=3  ACC=1.0000  NMI=1.0000  ARI=1.0000  0.2s

=== P1L_S2_C2 train[3] k=3  dim=576  frames=186  σ=0.5  fold=5 ===
  SSC-Block-TV-Col21: k_hat=3  ACC=0.9785  NMI=0.9157  ARI=0.9387  0.3s

=== P1L_S2_C2 train[4] k=3  dim=576  frames=201  σ=0.5  fold=5 ===
  SSC-Block-TV-Col21: k_hat=3  ACC=0.9353  NMI=0.8177  ARI=0.8156  0.4s

=== P1L_S2_C2 train[5] k=3  dim=576  frames=160  σ=0.5  fold=5 ===
  SSC-Block-TV-Col21: k_hat=3  ACC=0.6188  NMI=0.6200  ARI=0.4669  0.3s

=== P1L_S2_C2 train[6] k=3  dim=576  frames=154  σ=0.5  fold=5 ===
  SSC-Block-TV-Col21: k_hat=3  ACC=0.9610  NMI=0.8914  ARI=0.9067  0.3s

=== P1L_S2_C3 train[0] k=3  dim=576  frames=119  σ=0.5  fold=5 ===
  SSC-Block-TV-Col21: k_hat=3  ACC=1.0000  NMI=1.0000  ARI=1.0000  0.2s

=== P1L_S2_C3 train[1] k=3  dim=576  frames=101  σ=0.5  fold=5 ===
  SSC-Block-TV-Col21: k_hat=3  ACC=0.8119  NMI=0.7135  ARI=0.5605  0.2s

=== P1L_S2_C3 train[2] k=3  dim=576  frames=85  σ=0.5  fold=5 ===
  SSC-Block-TV-Col21: k_hat=3  ACC=0.9882  NMI=0.9505  ARI=0.9597  0.1s

=== P1L_S2_C3 train[3] k=3  dim=576  frames=112  σ=0.5  fold=5 ===
  SSC-Block-TV-Col21: k_hat=3  ACC=0.8482  NMI=0.7028  ARI=0.6664  0.2s

=== P1L_S2_C3 train[4] k=3  dim=576  frames=126  σ=0.5  fold=5 ===
  SSC-Block-TV-Col21: k_hat=3  ACC=0.8651  NMI=0.7610  ARI=0.6671  0.2s

=== P1L_S2_C3 train[5] k=3  dim=576  frames=121  σ=0.5  fold=5 ===
  SSC-Block-TV-Col21: k_hat=3  ACC=0.9091  NMI=0.7880  ARI=0.7781  0.2s

=== P1L_S2_C3 train[6] k=3  dim=576  frames=99  σ=0.5  fold=5 ===
  SSC-Block-TV-Col21: k_hat=3  ACC=0.9697  NMI=0.9066  ARI=0.9152  0.1s

=== P1L_S3_C1 train[0] k=3  dim=576  frames=156  σ=0.5  fold=5 ===
  SSC-Block-TV-Col21: k_hat=3  ACC=0.4295  NMI=0.2486  ARI=0.0025  0.2s

=== P1L_S3_C1 train[1] k=3  dim=576  frames=120  σ=0.5  fold=5 ===
  SSC-Block-TV-Col21: k_hat=3  ACC=1.0000  NMI=1.0000  ARI=1.0000  0.2s

=== P1L_S3_C1 train[2] k=3  dim=576  frames=185  σ=0.5  fold=5 ===
  SSC-Block-TV-Col21: k_hat=3  ACC=0.9730  NMI=0.9128  ARI=0.9200  0.4s

=== P1L_S3_C1 train[3] k=3  dim=576  frames=156  σ=0.5  fold=5 ===
  SSC-Block-TV-Col21: k_hat=3  ACC=0.6282  NMI=0.6771  ARI=0.5002  0.2s

=== P1L_S3_C1 train[4] k=3  dim=576  frames=159  σ=0.5  fold=5 ===
  SSC-Block-TV-Col21: k_hat=3  ACC=0.9371  NMI=0.7974  ARI=0.8198  0.3s

=== P1L_S3_C1 train[5] k=3  dim=576  frames=176  σ=0.5  fold=5 ===
  SSC-Block-TV-Col21: k_hat=3  ACC=0.6932  NMI=0.5689  ARI=0.3697  0.3s

=== P1L_S3_C1 train[6] k=3  dim=576  frames=134  σ=0.5  fold=5 ===
  SSC-Block-TV-Col21: k_hat=3  ACC=0.9925  NMI=0.9658  ARI=0.9752  0.2s

=== P1L_S3_C2 train[0] k=3  dim=576  frames=185  σ=0.5  fold=5 ===
  SSC-Block-TV-Col21: k_hat=3  ACC=0.9297  NMI=0.8147  ARI=0.7964  0.4s

=== P1L_S3_C2 train[1] k=3  dim=576  frames=125  σ=0.5  fold=5 ===
  SSC-Block-TV-Col21: k_hat=3  ACC=1.0000  NMI=1.0000  ARI=1.0000  0.2s

=== P1L_S3_C2 train[2] k=3  dim=576  frames=166  σ=0.5  fold=5 ===
  SSC-Block-TV-Col21: k_hat=3  ACC=1.0000  NMI=1.0000  ARI=1.0000  0.3s

=== P1L_S3_C2 train[3] k=3  dim=576  frames=209  σ=0.5  fold=5 ===
  SSC-Block-TV-Col21: k_hat=3  ACC=0.7321  NMI=0.5271  ARI=0.4184  0.4s

=== P1L_S3_C2 train[4] k=3  dim=576  frames=168  σ=0.5  fold=5 ===
  SSC-Block-TV-Col21: k_hat=3  ACC=0.9940  NMI=0.9727  ARI=0.9864  0.3s

=== P1L_S3_C2 train[5] k=3  dim=576  frames=229  σ=0.5  fold=5 ===
  SSC-Block-TV-Col21: k_hat=3  ACC=0.5197  NMI=0.5359  ARI=0.3597  0.5s

=== P1L_S3_C2 train[6] k=3  dim=576  frames=136  σ=0.5  fold=5 ===
  SSC-Block-TV-Col21: k_hat=3  ACC=0.9559  NMI=0.8746  ARI=0.8649  0.2s

=== P1L_S3_C3 train[0] k=3  dim=576  frames=151  σ=0.5  fold=5 ===
  SSC-Block-TV-Col21: k_hat=3  ACC=1.0000  NMI=1.0000  ARI=1.0000  0.3s

=== P1L_S3_C3 train[1] k=3  dim=576  frames=118  σ=0.5  fold=5 ===
  SSC-Block-TV-Col21: k_hat=3  ACC=0.8983  NMI=0.7946  ARI=0.7354  0.2s

=== P1L_S3_C3 train[2] k=3  dim=576  frames=121  σ=0.5  fold=5 ===
  SSC-Block-TV-Col21: k_hat=3  ACC=1.0000  NMI=1.0000  ARI=1.0000  0.2s

=== P1L_S3_C3 train[3] k=3  dim=576  frames=142  σ=0.5  fold=5 ===
  SSC-Block-TV-Col21: k_hat=3  ACC=0.8239  NMI=0.7148  ARI=0.5784  0.2s

=== P1L_S3_C3 train[4] k=3  dim=576  frames=134  σ=0.5  fold=5 ===
  SSC-Block-TV-Col21: k_hat=3  ACC=0.8433  NMI=0.7262  ARI=0.5959  0.2s

=== P1L_S3_C3 train[5] k=3  dim=576  frames=161  σ=0.5  fold=5 ===
  SSC-Block-TV-Col21: k_hat=3  ACC=0.8447  NMI=0.7112  ARI=0.6590  0.3s

=== P1L_S3_C3 train[6] k=3  dim=576  frames=114  σ=0.5  fold=5 ===
  SSC-Block-TV-Col21: k_hat=3  ACC=0.9825  NMI=0.9372  ARI=0.9534  0.2s

=== P1L_S4_C1 train[0] k=3  dim=576  frames=200  σ=0.5  fold=5 ===
  SSC-Block-TV-Col21: k_hat=3  ACC=0.7350  NMI=0.6902  ARI=0.5295  0.4s

=== P1L_S4_C1 train[1] k=3  dim=576  frames=157  σ=0.5  fold=5 ===
  SSC-Block-TV-Col21: k_hat=3  ACC=1.0000  NMI=1.0000  ARI=1.0000  0.3s

=== P1L_S4_C1 train[2] k=3  dim=576  frames=154  σ=0.5  fold=5 ===
  SSC-Block-TV-Col21: k_hat=3  ACC=1.0000  NMI=1.0000  ARI=1.0000  0.3s

=== P1L_S4_C1 train[3] k=3  dim=576  frames=168  σ=0.5  fold=5 ===
  SSC-Block-TV-Col21: k_hat=3  ACC=0.7857  NMI=0.5714  ARI=0.4924  0.3s

=== P1L_S4_C1 train[4] k=3  dim=576  frames=142  σ=0.5  fold=5 ===
  SSC-Block-TV-Col21: k_hat=3  ACC=1.0000  NMI=1.0000  ARI=1.0000  0.2s

=== P1L_S4_C1 train[5] k=3  dim=576  frames=187  σ=0.5  fold=5 ===
  SSC-Block-TV-Col21: k_hat=3  ACC=0.6203  NMI=0.4931  ARI=0.4063  0.4s

=== P1L_S4_C1 train[6] k=3  dim=576  frames=202  σ=0.5  fold=5 ===
  SSC-Block-TV-Col21: k_hat=3  ACC=1.0000  NMI=1.0000  ARI=1.0000  0.4s

=== P1L_S4_C2 train[0] k=3  dim=576  frames=157  σ=0.5  fold=5 ===
  SSC-Block-TV-Col21: k_hat=3  ACC=0.7834  NMI=0.6713  ARI=0.4899  0.3s

=== P1L_S4_C2 train[1] k=3  dim=576  frames=149  σ=0.5  fold=5 ===
  SSC-Block-TV-Col21: k_hat=3  ACC=0.9396  NMI=0.8435  ARI=0.8159  0.3s

=== P1L_S4_C2 train[2] k=3  dim=576  frames=175  σ=0.5  fold=5 ===
  SSC-Block-TV-Col21: k_hat=3  ACC=1.0000  NMI=1.0000  ARI=1.0000  0.3s

=== P1L_S4_C2 train[3] k=3  dim=576  frames=168  σ=0.5  fold=5 ===
  SSC-Block-TV-Col21: k_hat=3  ACC=0.8571  NMI=0.7125  ARI=0.6257  0.3s

=== P1L_S4_C2 train[4] k=3  dim=576  frames=154  σ=0.5  fold=5 ===
  SSC-Block-TV-Col21: k_hat=3  ACC=1.0000  NMI=1.0000  ARI=1.0000  0.3s

=== P1L_S4_C2 train[5] k=3  dim=576  frames=169  σ=0.5  fold=5 ===
  SSC-Block-TV-Col21: k_hat=3  ACC=0.5917  NMI=0.6658  ARI=0.4783  0.3s

=== P1L_S4_C2 train[6] k=3  dim=576  frames=153  σ=0.5  fold=5 ===
  SSC-Block-TV-Col21: k_hat=3  ACC=0.9869  NMI=0.9501  ARI=0.9666  0.3s

=== P1L_S4_C3 train[0] k=3  dim=576  frames=96  σ=0.5  fold=5 ===
  SSC-Block-TV-Col21: k_hat=3  ACC=0.9062  NMI=0.7950  ARI=0.7353  0.1s

=== P1L_S4_C3 train[1] k=3  dim=576  frames=107  σ=0.5  fold=5 ===
  SSC-Block-TV-Col21: k_hat=3  ACC=1.0000  NMI=1.0000  ARI=1.0000  0.2s

=== P1L_S4_C3 train[2] k=3  dim=576  frames=94  σ=0.5  fold=5 ===
  SSC-Block-TV-Col21: k_hat=3  ACC=1.0000  NMI=1.0000  ARI=1.0000  0.1s

=== P1L_S4_C3 train[3] k=3  dim=576  frames=117  σ=0.5  fold=5 ===
  SSC-Block-TV-Col21: k_hat=3  ACC=0.6410  NMI=0.6653  ARI=0.4934  0.2s

=== P1L_S4_C3 train[4] k=3  dim=576  frames=112  σ=0.5  fold=5 ===
  SSC-Block-TV-Col21: k_hat=3  ACC=0.7768  NMI=0.7083  ARI=0.5595  0.2s

=== P1L_S4_C3 train[5] k=3  dim=576  frames=105  σ=0.5  fold=5 ===
  SSC-Block-TV-Col21: k_hat=3  ACC=0.8667  NMI=0.7717  ARI=0.7052  0.1s

=== P1L_S4_C3 train[6] k=3  dim=576  frames=107  σ=0.5  fold=5 ===
  SSC-Block-TV-Col21: k_hat=3  ACC=0.9813  NMI=0.9338  ARI=0.9463  0.1s

=== P1E_S1_C1 test[0] k=3  dim=576  frames=151  σ=0.5  fold=5 ===
  SSC-Block-TV-Col21: k_hat=3  ACC=0.5960  NMI=0.6690  ARI=0.4788  0.2s

=== P1E_S1_C2 test[0] k=3  dim=576  frames=122  σ=0.5  fold=5 ===
  SSC-Block-TV-Col21: k_hat=3  ACC=0.5574  NMI=0.6295  ARI=0.4511  0.2s

=== P1E_S1_C3 test[0] k=3  dim=576  frames=55  σ=0.5  fold=5 ===
  SSC-Block-TV-Col21: k_hat=3  ACC=0.9273  NMI=0.8278  ARI=0.7857  0.1s

=== P1E_S2_C1 test[0] k=3  dim=576  frames=124  σ=0.5  fold=5 ===
  SSC-Block-TV-Col21: k_hat=3  ACC=0.5403  NMI=0.6637  ARI=0.4600  0.2s

=== P1E_S2_C2 test[0] k=3  dim=576  frames=109  σ=0.5  fold=5 ===
  SSC-Block-TV-Col21: k_hat=3  ACC=0.7156  NMI=0.7051  ARI=0.5710  0.2s

=== P1E_S2_C3 test[0] k=3  dim=576  frames=87  σ=0.5  fold=5 ===
  SSC-Block-TV-Col21: k_hat=3  ACC=0.9540  NMI=0.8534  ARI=0.8780  0.1s

=== P1E_S3_C1 test[0] k=3  dim=576  frames=123  σ=0.5  fold=5 ===
  SSC-Block-TV-Col21: k_hat=3  ACC=0.5122  NMI=0.4251  ARI=0.2437  0.2s

=== P1E_S3_C2 test[0] k=3  dim=576  frames=107  σ=0.5  fold=5 ===
  SSC-Block-TV-Col21: k_hat=3  ACC=0.5981  NMI=0.6680  ARI=0.4761  0.1s

=== P1E_S3_C3 test[0] k=3  dim=576  frames=83  σ=0.5  fold=5 ===
  SSC-Block-TV-Col21: k_hat=3  ACC=0.9759  NMI=0.9214  ARI=0.9336  0.1s

=== P1E_S4_C1 test[0] k=3  dim=576  frames=133  σ=0.5  fold=5 ===
  SSC-Block-TV-Col21: k_hat=3  ACC=0.6466  NMI=0.6651  ARI=0.4918  0.2s

=== P1E_S4_C2 test[0] k=3  dim=576  frames=129  σ=0.5  fold=5 ===
  SSC-Block-TV-Col21: k_hat=3  ACC=0.5659  NMI=0.6611  ARI=0.4614  0.2s

=== P1E_S4_C3 test[0] k=3  dim=576  frames=76  σ=0.5  fold=5 ===
  SSC-Block-TV-Col21: k_hat=3  ACC=0.8947  NMI=0.7972  ARI=0.7470  0.1s

=== P1L_S1_C1 test[0] k=3  dim=576  frames=166  σ=0.5  fold=5 ===
  SSC-Block-TV-Col21: k_hat=3  ACC=1.0000  NMI=1.0000  ARI=1.0000  0.3s

=== P1L_S1_C2 test[0] k=3  dim=576  frames=154  σ=0.5  fold=5 ===
  SSC-Block-TV-Col21: k_hat=3  ACC=0.5195  NMI=0.6572  ARI=0.4517  0.2s

=== P1L_S1_C3 test[0] k=3  dim=576  frames=64  σ=0.5  fold=5 ===
  SSC-Block-TV-Col21: k_hat=3  ACC=0.7344  NMI=0.6259  ARI=0.5308  0.1s

=== P1L_S2_C1 test[0] k=3  dim=576  frames=179  σ=0.5  fold=5 ===
  SSC-Block-TV-Col21: k_hat=3  ACC=1.0000  NMI=1.0000  ARI=1.0000  0.3s

=== P1L_S2_C2 test[0] k=3  dim=576  frames=171  σ=0.5  fold=5 ===
  SSC-Block-TV-Col21: k_hat=3  ACC=0.8421  NMI=0.7405  ARI=0.6266  0.3s

=== P1L_S2_C3 test[0] k=3  dim=576  frames=102  σ=0.5  fold=5 ===
  SSC-Block-TV-Col21: k_hat=3  ACC=0.7647  NMI=0.7062  ARI=0.5637  0.1s

=== P1L_S3_C1 test[0] k=3  dim=576  frames=172  σ=0.5  fold=5 ===
  SSC-Block-TV-Col21: k_hat=3  ACC=0.8895  NMI=0.7868  ARI=0.7220  0.3s

=== P1L_S3_C2 test[0] k=3  dim=576  frames=187  σ=0.5  fold=5 ===
  SSC-Block-TV-Col21: k_hat=3  ACC=0.5722  NMI=0.6619  ARI=0.4650  0.3s

=== P1L_S3_C3 test[0] k=3  dim=576  frames=110  σ=0.5  fold=5 ===
  SSC-Block-TV-Col21: k_hat=3  ACC=0.8545  NMI=0.7206  ARI=0.6421  0.1s

=== P1L_S4_C1 test[0] k=3  dim=576  frames=164  σ=0.5  fold=5 ===
  SSC-Block-TV-Col21: k_hat=3  ACC=0.9573  NMI=0.8816  ARI=0.8804  0.2s

=== P1L_S4_C2 test[0] k=3  dim=576  frames=152  σ=0.5  fold=5 ===
  SSC-Block-TV-Col21: k_hat=3  ACC=0.8553  NMI=0.7558  ARI=0.6704  0.2s

=== P1L_S4_C3 test[0] k=3  dim=576  frames=103  σ=0.5  fold=5 ===
  SSC-Block-TV-Col21: k_hat=3  ACC=0.5922  NMI=0.6512  ARI=0.4530  0.1s
  tune_pool_groups=20: sampling from 22 held-in people (overlap allowed) instead of the 7 fixed partition group(s)

============================================================
σ=0.5 fold=6  test=['0007', '0010', '0020']  train mats=168  test mats=24  tune mats=480
  --- tune SSC-Block-TV-Col21 over 480 train mats  n_trials=40 (4 params) ---
  SSC-Block-TV-Col21 trial 0: mean ARI=0.3793  n=480  101.6s  lambda_e=1, lambda_z=0.1, gamma_q=0.1, block_size=5
  SSC-Block-TV-Col21 trial 1: mean ARI=0.3421  n=480  109.6s  lambda_e=0.443, lambda_z=0.7257, gamma_q=0.2577, block_size=7
  SSC-Block-TV-Col21 trial 2: mean ARI=0.4128  n=480  100.1s  lambda_e=0.1866, lambda_z=0.3833, gamma_q=0.05628, block_size=11
  SSC-Block-TV-Col21 trial 3: mean ARI=0.3150  n=480  103.7s  lambda_e=7.78, lambda_z=0.03418, gamma_q=1.469, block_size=7
  SSC-Block-TV-Col21 trial 4: mean ARI=0.5417  n=480  112.0s  lambda_e=0.506, lambda_z=5.039, gamma_q=0.001924, block_size=2
  SSC-Block-TV-Col21 trial 5: mean ARI=0.2747  n=480  103.0s  lambda_e=0.0115, lambda_z=2.14, gamma_q=1.296, block_size=11
  SSC-Block-TV-Col21 trial 6: mean ARI=0.4053  n=480  104.0s  lambda_e=8.627, lambda_z=1.573, gamma_q=0.07013, block_size=10
  SSC-Block-TV-Col21 trial 7: mean ARI=0.5984  n=480  97.1s  lambda_e=0.02264, lambda_z=0.3628, gamma_q=0.003745, block_size=12
  SSC-Block-TV-Col21 trial 8: mean ARI=0.5804  n=480  103.4s  lambda_e=0.3677, lambda_z=0.04557, gamma_q=0.01143, block_size=10
  SSC-Block-TV-Col21 trial 9: mean ARI=0.5366  n=480  106.5s  lambda_e=0.2336, lambda_z=0.1878, gamma_q=0.001189, block_size=8
  SSC-Block-TV-Col21 trial 10: mean ARI=0.3655  n=480  105.3s  lambda_e=0.01151, lambda_z=0.001661, gamma_q=6.473, block_size=2
  SSC-Block-TV-Col21 trial 11: mean ARI=0.6107  n=480  105.4s  lambda_e=0.06092, lambda_z=0.01492, gamma_q=0.01117, block_size=12
  SSC-Block-TV-Col21 trial 12: mean ARI=0.6205  n=480  103.5s  lambda_e=0.03813, lambda_z=0.00583, gamma_q=0.007807, block_size=12
  SSC-Block-TV-Col21 trial 13: mean ARI=0.5701  n=480  99.2s  lambda_e=0.05725, lambda_z=0.005501, gamma_q=0.01374, block_size=12
  SSC-Block-TV-Col21 trial 14: mean ARI=0.6108  n=480  108.8s  lambda_e=0.05946, lambda_z=0.009832, gamma_q=0.01048, block_size=9
  SSC-Block-TV-Col21 trial 15: mean ARI=0.5301  n=480  104.7s  lambda_e=0.05658, lambda_z=0.001084, gamma_q=0.005138, block_size=9
  SSC-Block-TV-Col21 trial 16: mean ARI=0.5030  n=480  103.3s  lambda_e=0.1035, lambda_z=0.007105, gamma_q=0.02235, block_size=5
  SSC-Block-TV-Col21 trial 17: mean ARI=0.4505  n=480  105.5s  lambda_e=0.02851, lambda_z=0.003675, gamma_q=0.03246, block_size=9
  SSC-Block-TV-Col21 trial 18: mean ARI=0.3965  n=480  104.4s  lambda_e=1.931, lambda_z=0.02103, gamma_q=0.2343, block_size=5
  SSC-Block-TV-Col21 trial 19: mean ARI=0.6796  n=480  108.9s  lambda_e=0.0274, lambda_z=0.01052, gamma_q=0.004835, block_size=7
  SSC-Block-TV-Col21 trial 20: mean ARI=0.5902  n=480  106.8s  lambda_e=0.03088, lambda_z=0.002471, gamma_q=0.00336, block_size=4
  SSC-Block-TV-Col21 trial 21: mean ARI=0.6482  n=480  105.0s  lambda_e=0.1058, lambda_z=0.01095, gamma_q=0.007404, block_size=7
  SSC-Block-TV-Col21 trial 22: mean ARI=0.6325  n=480  106.0s  lambda_e=0.1298, lambda_z=0.05669, gamma_q=0.00104, block_size=7
  SSC-Block-TV-Col21 trial 23: mean ARI=0.6200  n=480  103.4s  lambda_e=0.1457, lambda_z=0.06803, gamma_q=0.001105, block_size=7
  SSC-Block-TV-Col21 trial 24: mean ARI=0.7036  n=480  106.6s  lambda_e=0.1075, lambda_z=0.02066, gamma_q=0.002442, block_size=6
  SSC-Block-TV-Col21 trial 25: mean ARI=0.7007  n=480  105.0s  lambda_e=0.2764, lambda_z=0.02184, gamma_q=0.002462, block_size=6
  SSC-Block-TV-Col21 trial 26: mean ARI=0.6990  n=480  106.8s  lambda_e=1.153, lambda_z=0.02243, gamma_q=0.002559, block_size=6
  SSC-Block-TV-Col21 trial 27: mean ARI=0.7125  n=480  108.1s  lambda_e=2.623, lambda_z=0.02327, gamma_q=0.002333, block_size=4
  SSC-Block-TV-Col21 trial 28: mean ARI=0.6590  n=480  110.4s  lambda_e=3.404, lambda_z=0.1123, gamma_q=0.002251, block_size=3
  SSC-Block-TV-Col21 trial 29: mean ARI=0.5389  n=480  110.9s  lambda_e=0.7444, lambda_z=0.1218, gamma_q=0.02642, block_size=4
  SSC-Block-TV-Col21 trial 30: mean ARI=0.6963  n=480  106.4s  lambda_e=4.356, lambda_z=0.02619, gamma_q=0.001798, block_size=5
  SSC-Block-TV-Col21 trial 31: mean ARI=0.6987  n=480  104.8s  lambda_e=1.131, lambda_z=0.02128, gamma_q=0.003091, block_size=6
  SSC-Block-TV-Col21 trial 32: mean ARI=0.6718  n=480  106.1s  lambda_e=1.413, lambda_z=0.03279, gamma_q=0.002227, block_size=6
  SSC-Block-TV-Col21 trial 33: mean ARI=0.6112  n=480  115.3s  lambda_e=0.29, lambda_z=0.07094, gamma_q=0.005272, block_size=6
  SSC-Block-TV-Col21 trial 34: mean ARI=0.5938  n=480  109.0s  lambda_e=2.109, lambda_z=0.205, gamma_q=0.001704, block_size=4
  SSC-Block-TV-Col21 trial 35: mean ARI=0.7201  n=480  104.9s  lambda_e=0.6915, lambda_z=0.01671, gamma_q=0.00311, block_size=3
  SSC-Block-TV-Col21 trial 36: mean ARI=0.5234  n=480  109.2s  lambda_e=0.6879, lambda_z=0.003402, gamma_q=0.0183, block_size=3
  SSC-Block-TV-Col21 trial 37: mean ARI=0.7052  n=480  105.7s  lambda_e=0.5276, lambda_z=0.01485, gamma_q=0.006628, block_size=3
  SSC-Block-TV-Col21 trial 38: mean ARI=0.4892  n=480  131.8s  lambda_e=4.687, lambda_z=0.0404, gamma_q=0.04497, block_size=3
  SSC-Block-TV-Col21 trial 39: mean ARI=0.7002  n=480  115.0s  lambda_e=0.6182, lambda_z=0.0151, gamma_q=0.006253, block_size=2
    best mean ARI=0.7201  tune 4267.7s  lambda_e=0.6915, lambda_z=0.01671, gamma_q=0.00311, block_size=3
  wrote /nfs/turbo/umms-minjilab/lpullela/icassp_ssc_tv2/block_ssc_benchmark/cv/params/surveillance/split_k3_sigmas_min30_trials20_params_knownk_cv_ssc_block_tv_col21_k3_sigma0p5_sigma0.5_fold6.json

=== P1E_S1_C1 train[0] k=3  dim=576  frames=146  σ=0.5  fold=6 ===
  SSC-Block-TV-Col21: k_hat=3  ACC=0.9315  NMI=0.8211  ARI=0.7817  0.3s

=== P1E_S1_C1 train[1] k=3  dim=576  frames=153  σ=0.5  fold=6 ===
  SSC-Block-TV-Col21: k_hat=3  ACC=0.9935  NMI=0.9706  ARI=0.9801  0.3s

=== P1E_S1_C1 train[2] k=3  dim=576  frames=130  σ=0.5  fold=6 ===
  SSC-Block-TV-Col21: k_hat=3  ACC=1.0000  NMI=1.0000  ARI=1.0000  0.3s

=== P1E_S1_C1 train[3] k=3  dim=576  frames=140  σ=0.5  fold=6 ===
  SSC-Block-TV-Col21: k_hat=3  ACC=0.8429  NMI=0.7184  ARI=0.5783  0.3s

=== P1E_S1_C1 train[4] k=3  dim=576  frames=157  σ=0.5  fold=6 ===
  SSC-Block-TV-Col21: k_hat=3  ACC=0.5860  NMI=0.6302  ARI=0.4504  0.4s

=== P1E_S1_C1 train[5] k=3  dim=576  frames=151  σ=0.5  fold=6 ===
  SSC-Block-TV-Col21: k_hat=3  ACC=0.5960  NMI=0.6690  ARI=0.4788  0.3s

=== P1E_S1_C1 train[6] k=3  dim=576  frames=171  σ=0.5  fold=6 ===
  SSC-Block-TV-Col21: k_hat=3  ACC=0.9942  NMI=0.9732  ARI=0.9831  0.3s

=== P1E_S1_C2 train[0] k=3  dim=576  frames=147  σ=0.5  fold=6 ===
  SSC-Block-TV-Col21: k_hat=3  ACC=0.9456  NMI=0.8210  ARI=0.8387  0.3s

=== P1E_S1_C2 train[1] k=3  dim=576  frames=115  σ=0.5  fold=6 ===
  SSC-Block-TV-Col21: k_hat=3  ACC=0.9739  NMI=0.9128  ARI=0.9167  0.2s

=== P1E_S1_C2 train[2] k=3  dim=576  frames=104  σ=0.5  fold=6 ===
  SSC-Block-TV-Col21: k_hat=3  ACC=1.0000  NMI=1.0000  ARI=1.0000  0.2s

=== P1E_S1_C2 train[3] k=3  dim=576  frames=138  σ=0.5  fold=6 ===
  SSC-Block-TV-Col21: k_hat=3  ACC=0.8551  NMI=0.7102  ARI=0.6676  0.2s

=== P1E_S1_C2 train[4] k=3  dim=576  frames=113  σ=0.5  fold=6 ===
  SSC-Block-TV-Col21: k_hat=3  ACC=0.8584  NMI=0.6761  ARI=0.6386  0.2s

=== P1E_S1_C2 train[5] k=3  dim=576  frames=122  σ=0.5  fold=6 ===
  SSC-Block-TV-Col21: k_hat=3  ACC=0.5738  NMI=0.6306  ARI=0.4553  0.2s

=== P1E_S1_C2 train[6] k=3  dim=576  frames=134  σ=0.5  fold=6 ===
  SSC-Block-TV-Col21: k_hat=3  ACC=0.9851  NMI=0.9443  ARI=0.9564  0.2s

=== P1E_S1_C3 train[0] k=3  dim=576  frames=58  σ=0.5  fold=6 ===
  SSC-Block-TV-Col21: k_hat=3  ACC=0.6207  NMI=0.4612  ARI=0.3092  0.1s

=== P1E_S1_C3 train[1] k=3  dim=576  frames=56  σ=0.5  fold=6 ===
  SSC-Block-TV-Col21: k_hat=3  ACC=0.9821  NMI=0.9373  ARI=0.9623  0.1s

=== P1E_S1_C3 train[2] k=3  dim=576  frames=47  σ=0.5  fold=6 ===
  SSC-Block-TV-Col21: k_hat=3  ACC=0.5957  NMI=0.6747  ARI=0.4809  0.1s

=== P1E_S1_C3 train[3] k=3  dim=576  frames=61  σ=0.5  fold=6 ===
  SSC-Block-TV-Col21: k_hat=3  ACC=0.6066  NMI=0.5714  ARI=0.4206  0.1s

=== P1E_S1_C3 train[4] k=3  dim=576  frames=37  σ=0.5  fold=6 ===
  SSC-Block-TV-Col21: k_hat=3  ACC=0.5135  NMI=0.2381  ARI=0.0765  0.0s

=== P1E_S1_C3 train[5] k=3  dim=576  frames=55  σ=0.5  fold=6 ===
  SSC-Block-TV-Col21: k_hat=3  ACC=0.7818  NMI=0.5676  ARI=0.4511  0.1s

=== P1E_S1_C3 train[6] k=3  dim=576  frames=69  σ=0.5  fold=6 ===
  SSC-Block-TV-Col21: k_hat=3  ACC=0.8986  NMI=0.7416  ARI=0.7208  0.1s

=== P1E_S2_C1 train[0] k=3  dim=576  frames=167  σ=0.5  fold=6 ===
  SSC-Block-TV-Col21: k_hat=3  ACC=0.9820  NMI=0.9353  ARI=0.9458  0.3s

=== P1E_S2_C1 train[1] k=3  dim=576  frames=151  σ=0.5  fold=6 ===
  SSC-Block-TV-Col21: k_hat=3  ACC=0.8543  NMI=0.7539  ARI=0.6726  0.3s

=== P1E_S2_C1 train[2] k=3  dim=576  frames=136  σ=0.5  fold=6 ===
  SSC-Block-TV-Col21: k_hat=3  ACC=0.8897  NMI=0.7826  ARI=0.7148  0.2s

=== P1E_S2_C1 train[3] k=3  dim=576  frames=180  σ=0.5  fold=6 ===
  SSC-Block-TV-Col21: k_hat=3  ACC=0.5444  NMI=0.6001  ARI=0.4315  0.3s

=== P1E_S2_C1 train[4] k=3  dim=576  frames=149  σ=0.5  fold=6 ===
  SSC-Block-TV-Col21: k_hat=3  ACC=0.6040  NMI=0.6711  ARI=0.4842  0.3s

=== P1E_S2_C1 train[5] k=3  dim=576  frames=124  σ=0.5  fold=6 ===
  SSC-Block-TV-Col21: k_hat=3  ACC=0.5565  NMI=0.6645  ARI=0.4626  0.2s

=== P1E_S2_C1 train[6] k=3  dim=576  frames=153  σ=0.5  fold=6 ===
  SSC-Block-TV-Col21: k_hat=3  ACC=1.0000  NMI=1.0000  ARI=1.0000  0.3s

=== P1E_S2_C2 train[0] k=3  dim=576  frames=146  σ=0.5  fold=6 ===
  SSC-Block-TV-Col21: k_hat=3  ACC=0.8904  NMI=0.7160  ARI=0.7043  0.3s

=== P1E_S2_C2 train[1] k=3  dim=576  frames=115  σ=0.5  fold=6 ===
  SSC-Block-TV-Col21: k_hat=3  ACC=0.9913  NMI=0.9630  ARI=0.9739  0.2s

=== P1E_S2_C2 train[2] k=3  dim=576  frames=109  σ=0.5  fold=6 ===
  SSC-Block-TV-Col21: k_hat=3  ACC=1.0000  NMI=1.0000  ARI=1.0000  0.2s

=== P1E_S2_C2 train[3] k=3  dim=576  frames=144  σ=0.5  fold=6 ===
  SSC-Block-TV-Col21: k_hat=3  ACC=0.8750  NMI=0.6959  ARI=0.6637  0.2s

=== P1E_S2_C2 train[4] k=3  dim=576  frames=124  σ=0.5  fold=6 ===
  SSC-Block-TV-Col21: k_hat=3  ACC=0.9919  NMI=0.9649  ARI=0.9757  0.2s

=== P1E_S2_C2 train[5] k=3  dim=576  frames=109  σ=0.5  fold=6 ===
  SSC-Block-TV-Col21: k_hat=3  ACC=0.9725  NMI=0.8974  ARI=0.9272  0.2s

=== P1E_S2_C2 train[6] k=3  dim=576  frames=126  σ=0.5  fold=6 ===
  SSC-Block-TV-Col21: k_hat=3  ACC=0.9921  NMI=0.9656  ARI=0.9763  0.2s

=== P1E_S2_C3 train[0] k=3  dim=576  frames=113  σ=0.5  fold=6 ===
  SSC-Block-TV-Col21: k_hat=3  ACC=0.9292  NMI=0.7877  ARI=0.7991  0.2s

=== P1E_S2_C3 train[1] k=3  dim=576  frames=88  σ=0.5  fold=6 ===
  SSC-Block-TV-Col21: k_hat=3  ACC=1.0000  NMI=1.0000  ARI=1.0000  0.1s

=== P1E_S2_C3 train[2] k=3  dim=576  frames=90  σ=0.5  fold=6 ===
  SSC-Block-TV-Col21: k_hat=3  ACC=1.0000  NMI=1.0000  ARI=1.0000  0.1s

=== P1E_S2_C3 train[3] k=3  dim=576  frames=112  σ=0.5  fold=6 ===
  SSC-Block-TV-Col21: k_hat=3  ACC=0.8929  NMI=0.7268  ARI=0.7023  0.2s

=== P1E_S2_C3 train[4] k=3  dim=576  frames=99  σ=0.5  fold=6 ===
  SSC-Block-TV-Col21: k_hat=3  ACC=0.8990  NMI=0.7395  ARI=0.7320  0.2s

=== P1E_S2_C3 train[5] k=3  dim=576  frames=87  σ=0.5  fold=6 ===
  SSC-Block-TV-Col21: k_hat=3  ACC=0.8506  NMI=0.7248  ARI=0.6758  0.1s

=== P1E_S2_C3 train[6] k=3  dim=576  frames=89  σ=0.5  fold=6 ===
  SSC-Block-TV-Col21: k_hat=3  ACC=0.9775  NMI=0.9248  ARI=0.9383  0.1s

=== P1E_S3_C1 train[0] k=3  dim=576  frames=166  σ=0.5  fold=6 ===
  SSC-Block-TV-Col21: k_hat=3  ACC=0.8012  NMI=0.6641  ARI=0.5278  0.3s

=== P1E_S3_C1 train[1] k=3  dim=576  frames=139  σ=0.5  fold=6 ===
  SSC-Block-TV-Col21: k_hat=3  ACC=0.9209  NMI=0.8226  ARI=0.7970  0.3s

=== P1E_S3_C1 train[2] k=3  dim=576  frames=134  σ=0.5  fold=6 ===
  SSC-Block-TV-Col21: k_hat=3  ACC=0.8209  NMI=0.6916  ARI=0.5699  0.2s

=== P1E_S3_C1 train[3] k=3  dim=576  frames=161  σ=0.5  fold=6 ===
  SSC-Block-TV-Col21: k_hat=3  ACC=0.7888  NMI=0.7131  ARI=0.5833  0.3s

=== P1E_S3_C1 train[4] k=3  dim=576  frames=168  σ=0.5  fold=6 ===
  SSC-Block-TV-Col21: k_hat=3  ACC=0.8571  NMI=0.7396  ARI=0.6204  0.3s

=== P1E_S3_C1 train[5] k=3  dim=576  frames=123  σ=0.5  fold=6 ===
  SSC-Block-TV-Col21: k_hat=3  ACC=0.5122  NMI=0.4251  ARI=0.2437  0.2s

=== P1E_S3_C1 train[6] k=3  dim=576  frames=112  σ=0.5  fold=6 ===
  SSC-Block-TV-Col21: k_hat=3  ACC=0.8393  NMI=0.6996  ARI=0.6345  0.2s

=== P1E_S3_C2 train[0] k=3  dim=576  frames=147  σ=0.5  fold=6 ===
  SSC-Block-TV-Col21: k_hat=3  ACC=0.8912  NMI=0.7677  ARI=0.6800  0.3s

=== P1E_S3_C2 train[1] k=3  dim=576  frames=120  σ=0.5  fold=6 ===
  SSC-Block-TV-Col21: k_hat=3  ACC=0.8167  NMI=0.6262  ARI=0.5265  0.2s

=== P1E_S3_C2 train[2] k=3  dim=576  frames=112  σ=0.5  fold=6 ===
  SSC-Block-TV-Col21: k_hat=3  ACC=0.9286  NMI=0.7913  ARI=0.7864  0.2s

=== P1E_S3_C2 train[3] k=3  dim=576  frames=168  σ=0.5  fold=6 ===
  SSC-Block-TV-Col21: k_hat=3  ACC=0.8155  NMI=0.6585  ARI=0.5724  0.3s

=== P1E_S3_C2 train[4] k=3  dim=576  frames=169  σ=0.5  fold=6 ===
  SSC-Block-TV-Col21: k_hat=3  ACC=0.9586  NMI=0.8568  ARI=0.8770  0.3s

=== P1E_S3_C2 train[5] k=3  dim=576  frames=107  σ=0.5  fold=6 ===
  SSC-Block-TV-Col21: k_hat=3  ACC=0.5981  NMI=0.6680  ARI=0.4761  0.2s

=== P1E_S3_C2 train[6] k=3  dim=576  frames=114  σ=0.5  fold=6 ===
  SSC-Block-TV-Col21: k_hat=3  ACC=0.9561  NMI=0.8516  ARI=0.8938  0.2s

=== P1E_S3_C3 train[0] k=3  dim=576  frames=105  σ=0.5  fold=6 ===
  SSC-Block-TV-Col21: k_hat=3  ACC=1.0000  NMI=1.0000  ARI=1.0000  0.2s

=== P1E_S3_C3 train[1] k=3  dim=576  frames=89  σ=0.5  fold=6 ===
  SSC-Block-TV-Col21: k_hat=3  ACC=0.9551  NMI=0.8724  ARI=0.8635  0.1s

=== P1E_S3_C3 train[2] k=3  dim=576  frames=84  σ=0.5  fold=6 ===
  SSC-Block-TV-Col21: k_hat=3  ACC=0.9881  NMI=0.9525  ARI=0.9657  0.1s

=== P1E_S3_C3 train[3] k=3  dim=576  frames=125  σ=0.5  fold=6 ===
  SSC-Block-TV-Col21: k_hat=3  ACC=0.9760  NMI=0.9174  ARI=0.9232  0.2s

=== P1E_S3_C3 train[4] k=3  dim=576  frames=128  σ=0.5  fold=6 ===
  SSC-Block-TV-Col21: k_hat=3  ACC=0.7891  NMI=0.7154  ARI=0.5769  0.2s

=== P1E_S3_C3 train[5] k=3  dim=576  frames=83  σ=0.5  fold=6 ===
  SSC-Block-TV-Col21: k_hat=3  ACC=0.9398  NMI=0.8539  ARI=0.8439  0.1s

=== P1E_S3_C3 train[6] k=3  dim=576  frames=84  σ=0.5  fold=6 ===
  SSC-Block-TV-Col21: k_hat=3  ACC=0.9881  NMI=0.9523  ARI=0.9667  0.1s

=== P1E_S4_C1 train[0] k=3  dim=576  frames=158  σ=0.5  fold=6 ===
  SSC-Block-TV-Col21: k_hat=3  ACC=0.8481  NMI=0.7167  ARI=0.5780  0.3s

=== P1E_S4_C1 train[1] k=3  dim=576  frames=107  σ=0.5  fold=6 ===
  SSC-Block-TV-Col21: k_hat=3  ACC=1.0000  NMI=1.0000  ARI=1.0000  0.2s

=== P1E_S4_C1 train[2] k=3  dim=576  frames=155  σ=0.5  fold=6 ===
  SSC-Block-TV-Col21: k_hat=3  ACC=0.9871  NMI=0.9496  ARI=0.9602  0.3s

=== P1E_S4_C1 train[3] k=3  dim=576  frames=182  σ=0.5  fold=6 ===
  SSC-Block-TV-Col21: k_hat=3  ACC=0.8571  NMI=0.7353  ARI=0.6561  0.4s

=== P1E_S4_C1 train[4] k=3  dim=576  frames=180  σ=0.5  fold=6 ===
  SSC-Block-TV-Col21: k_hat=3  ACC=0.9444  NMI=0.8561  ARI=0.8476  0.3s

=== P1E_S4_C1 train[5] k=3  dim=576  frames=133  σ=0.5  fold=6 ===
  SSC-Block-TV-Col21: k_hat=3  ACC=0.6466  NMI=0.6651  ARI=0.4918  0.2s

=== P1E_S4_C1 train[6] k=3  dim=576  frames=145  σ=0.5  fold=6 ===
  SSC-Block-TV-Col21: k_hat=3  ACC=0.9310  NMI=0.8107  ARI=0.8219  0.3s

=== P1E_S4_C2 train[0] k=3  dim=576  frames=117  σ=0.5  fold=6 ===
  SSC-Block-TV-Col21: k_hat=3  ACC=0.9316  NMI=0.7992  ARI=0.8099  0.2s

=== P1E_S4_C2 train[1] k=3  dim=576  frames=125  σ=0.5  fold=6 ===
  SSC-Block-TV-Col21: k_hat=3  ACC=0.9680  NMI=0.9018  ARI=0.9076  0.2s

=== P1E_S4_C2 train[2] k=3  dim=576  frames=122  σ=0.5  fold=6 ===
  SSC-Block-TV-Col21: k_hat=3  ACC=0.9918  NMI=0.9645  ARI=0.9747  0.2s

=== P1E_S4_C2 train[3] k=3  dim=576  frames=126  σ=0.5  fold=6 ===
  SSC-Block-TV-Col21: k_hat=3  ACC=0.8492  NMI=0.6509  ARI=0.6024  0.2s

=== P1E_S4_C2 train[4] k=3  dim=576  frames=140  σ=0.5  fold=6 ===
  SSC-Block-TV-Col21: k_hat=3  ACC=0.9929  NMI=0.9670  ARI=0.9771  0.2s

=== P1E_S4_C2 train[5] k=3  dim=576  frames=129  σ=0.5  fold=6 ===
  SSC-Block-TV-Col21: k_hat=3  ACC=0.5814  NMI=0.6628  ARI=0.4661  0.2s

=== P1E_S4_C2 train[6] k=3  dim=576  frames=110  σ=0.5  fold=6 ===
  SSC-Block-TV-Col21: k_hat=3  ACC=0.9909  NMI=0.9623  ARI=0.9753  0.2s

=== P1E_S4_C3 train[0] k=3  dim=576  frames=90  σ=0.5  fold=6 ===
  SSC-Block-TV-Col21: k_hat=3  ACC=0.9111  NMI=0.7515  ARI=0.7426  0.1s

=== P1E_S4_C3 train[1] k=3  dim=576  frames=64  σ=0.5  fold=6 ===
  SSC-Block-TV-Col21: k_hat=3  ACC=0.9062  NMI=0.7570  ARI=0.7528  0.1s

=== P1E_S4_C3 train[2] k=3  dim=576  frames=85  σ=0.5  fold=6 ===
  SSC-Block-TV-Col21: k_hat=3  ACC=0.9765  NMI=0.9220  ARI=0.9313  0.1s

=== P1E_S4_C3 train[3] k=3  dim=576  frames=105  σ=0.5  fold=6 ===
  SSC-Block-TV-Col21: k_hat=3  ACC=0.6762  NMI=0.5853  ARI=0.4318  0.2s

=== P1E_S4_C3 train[4] k=3  dim=576  frames=87  σ=0.5  fold=6 ===
  SSC-Block-TV-Col21: k_hat=3  ACC=0.8161  NMI=0.6211  ARI=0.5507  0.1s

=== P1E_S4_C3 train[5] k=3  dim=576  frames=76  σ=0.5  fold=6 ===
  SSC-Block-TV-Col21: k_hat=3  ACC=0.8947  NMI=0.7972  ARI=0.7470  0.1s

=== P1E_S4_C3 train[6] k=3  dim=576  frames=79  σ=0.5  fold=6 ===
  SSC-Block-TV-Col21: k_hat=3  ACC=0.7848  NMI=0.6808  ARI=0.5965  0.1s

=== P1L_S1_C1 train[0] k=3  dim=576  frames=162  σ=0.5  fold=6 ===
  SSC-Block-TV-Col21: k_hat=3  ACC=0.9815  NMI=0.9346  ARI=0.9472  0.3s

=== P1L_S1_C1 train[1] k=3  dim=576  frames=170  σ=0.5  fold=6 ===
  SSC-Block-TV-Col21: k_hat=3  ACC=0.7882  NMI=0.6873  ARI=0.5109  0.3s

=== P1L_S1_C1 train[2] k=3  dim=576  frames=155  σ=0.5  fold=6 ===
  SSC-Block-TV-Col21: k_hat=3  ACC=1.0000  NMI=1.0000  ARI=1.0000  0.3s

=== P1L_S1_C1 train[3] k=3  dim=576  frames=182  σ=0.5  fold=6 ===
  SSC-Block-TV-Col21: k_hat=3  ACC=0.8681  NMI=0.7692  ARI=0.7050  0.3s

=== P1L_S1_C1 train[4] k=3  dim=576  frames=198  σ=0.5  fold=6 ===
  SSC-Block-TV-Col21: k_hat=3  ACC=0.7323  NMI=0.6955  ARI=0.5444  0.4s

=== P1L_S1_C1 train[5] k=3  dim=576  frames=166  σ=0.5  fold=6 ===
  SSC-Block-TV-Col21: k_hat=3  ACC=1.0000  NMI=1.0000  ARI=1.0000  0.3s

=== P1L_S1_C1 train[6] k=3  dim=576  frames=175  σ=0.5  fold=6 ===
  SSC-Block-TV-Col21: k_hat=3  ACC=1.0000  NMI=1.0000  ARI=1.0000  0.3s

=== P1L_S1_C2 train[0] k=3  dim=576  frames=186  σ=0.5  fold=6 ===
  SSC-Block-TV-Col21: k_hat=3  ACC=0.7688  NMI=0.6813  ARI=0.5085  0.3s

=== P1L_S1_C2 train[1] k=3  dim=576  frames=137  σ=0.5  fold=6 ===
  SSC-Block-TV-Col21: k_hat=3  ACC=1.0000  NMI=1.0000  ARI=1.0000  0.2s

=== P1L_S1_C2 train[2] k=3  dim=576  frames=147  σ=0.5  fold=6 ===
  SSC-Block-TV-Col21: k_hat=3  ACC=0.9932  NMI=0.9697  ARI=0.9804  0.2s

=== P1L_S1_C2 train[3] k=3  dim=576  frames=181  σ=0.5  fold=6 ===
  SSC-Block-TV-Col21: k_hat=3  ACC=0.8287  NMI=0.7033  ARI=0.5931  0.3s

=== P1L_S1_C2 train[4] k=3  dim=576  frames=128  σ=0.5  fold=6 ===
  SSC-Block-TV-Col21: k_hat=3  ACC=0.5703  NMI=0.6670  ARI=0.4701  0.2s

=== P1L_S1_C2 train[5] k=3  dim=576  frames=154  σ=0.5  fold=6 ===
  SSC-Block-TV-Col21: k_hat=3  ACC=0.5195  NMI=0.6572  ARI=0.4517  0.3s

=== P1L_S1_C2 train[6] k=3  dim=576  frames=168  σ=0.5  fold=6 ===
  SSC-Block-TV-Col21: k_hat=3  ACC=0.6607  NMI=0.4260  ARI=0.2192  0.3s

=== P1L_S1_C3 train[0] k=3  dim=576  frames=60  σ=0.5  fold=6 ===
  SSC-Block-TV-Col21: k_hat=3  ACC=0.5000  NMI=0.5796  ARI=0.3873  0.1s

=== P1L_S1_C3 train[1] k=3  dim=576  frames=68  σ=0.5  fold=6 ===
  SSC-Block-TV-Col21: k_hat=3  ACC=1.0000  NMI=1.0000  ARI=1.0000  0.1s

=== P1L_S1_C3 train[2] k=3  dim=576  frames=65  σ=0.5  fold=6 ===
  SSC-Block-TV-Col21: k_hat=3  ACC=0.8615  NMI=0.7478  ARI=0.6419  0.1s

=== P1L_S1_C3 train[3] k=3  dim=576  frames=74  σ=0.5  fold=6 ===
  SSC-Block-TV-Col21: k_hat=3  ACC=0.5946  NMI=0.3767  ARI=0.1339  0.1s

=== P1L_S1_C3 train[4] k=3  dim=576  frames=73  σ=0.5  fold=6 ===
  SSC-Block-TV-Col21: k_hat=3  ACC=0.6986  NMI=0.7094  ARI=0.5805  0.1s

=== P1L_S1_C3 train[5] k=3  dim=576  frames=64  σ=0.5  fold=6 ===
  SSC-Block-TV-Col21: k_hat=3  ACC=0.6719  NMI=0.5508  ARI=0.4521  0.1s

=== P1L_S1_C3 train[6] k=3  dim=576  frames=75  σ=0.5  fold=6 ===
  SSC-Block-TV-Col21: k_hat=3  ACC=0.9867  NMI=0.9474  ARI=0.9569  0.1s

=== P1L_S2_C1 train[0] k=3  dim=576  frames=211  σ=0.5  fold=6 ===
  SSC-Block-TV-Col21: k_hat=3  ACC=0.8199  NMI=0.7231  ARI=0.6077  0.4s

=== P1L_S2_C1 train[1] k=3  dim=576  frames=190  σ=0.5  fold=6 ===
  SSC-Block-TV-Col21: k_hat=3  ACC=0.7158  NMI=0.6703  ARI=0.4873  0.3s

=== P1L_S2_C1 train[2] k=3  dim=576  frames=180  σ=0.5  fold=6 ===
  SSC-Block-TV-Col21: k_hat=3  ACC=1.0000  NMI=1.0000  ARI=1.0000  0.3s

=== P1L_S2_C1 train[3] k=3  dim=576  frames=177  σ=0.5  fold=6 ===
  SSC-Block-TV-Col21: k_hat=3  ACC=0.7458  NMI=0.7108  ARI=0.5842  0.3s

=== P1L_S2_C1 train[4] k=3  dim=576  frames=172  σ=0.5  fold=6 ===
  SSC-Block-TV-Col21: k_hat=3  ACC=0.6221  NMI=0.4321  ARI=0.2472  0.3s

=== P1L_S2_C1 train[5] k=3  dim=576  frames=179  σ=0.5  fold=6 ===
  SSC-Block-TV-Col21: k_hat=3  ACC=0.9888  NMI=0.9558  ARI=0.9703  0.3s

=== P1L_S2_C1 train[6] k=3  dim=576  frames=133  σ=0.5  fold=6 ===
  SSC-Block-TV-Col21: k_hat=3  ACC=1.0000  NMI=1.0000  ARI=1.0000  0.2s

=== P1L_S2_C2 train[0] k=3  dim=576  frames=194  σ=0.5  fold=6 ===
  SSC-Block-TV-Col21: k_hat=3  ACC=0.9897  NMI=0.9537  ARI=0.9641  0.4s

=== P1L_S2_C2 train[1] k=3  dim=576  frames=155  σ=0.5  fold=6 ===
  SSC-Block-TV-Col21: k_hat=3  ACC=0.9806  NMI=0.9316  ARI=0.9416  0.3s

=== P1L_S2_C2 train[2] k=3  dim=576  frames=134  σ=0.5  fold=6 ===
  SSC-Block-TV-Col21: k_hat=3  ACC=1.0000  NMI=1.0000  ARI=1.0000  0.2s

=== P1L_S2_C2 train[3] k=3  dim=576  frames=186  σ=0.5  fold=6 ===
  SSC-Block-TV-Col21: k_hat=3  ACC=0.9785  NMI=0.9157  ARI=0.9387  0.4s

=== P1L_S2_C2 train[4] k=3  dim=576  frames=201  σ=0.5  fold=6 ===
  SSC-Block-TV-Col21: k_hat=3  ACC=0.9602  NMI=0.8613  ARI=0.8806  0.4s

=== P1L_S2_C2 train[5] k=3  dim=576  frames=171  σ=0.5  fold=6 ===
  SSC-Block-TV-Col21: k_hat=3  ACC=0.8421  NMI=0.7405  ARI=0.6266  0.3s

=== P1L_S2_C2 train[6] k=3  dim=576  frames=154  σ=0.5  fold=6 ===
  SSC-Block-TV-Col21: k_hat=3  ACC=0.8766  NMI=0.7871  ARI=0.7514  0.3s

=== P1L_S2_C3 train[0] k=3  dim=576  frames=119  σ=0.5  fold=6 ===
  SSC-Block-TV-Col21: k_hat=3  ACC=1.0000  NMI=1.0000  ARI=1.0000  0.2s

=== P1L_S2_C3 train[1] k=3  dim=576  frames=101  σ=0.5  fold=6 ===
  SSC-Block-TV-Col21: k_hat=3  ACC=0.8119  NMI=0.7135  ARI=0.5605  0.2s

=== P1L_S2_C3 train[2] k=3  dim=576  frames=85  σ=0.5  fold=6 ===
  SSC-Block-TV-Col21: k_hat=3  ACC=0.9882  NMI=0.9505  ARI=0.9597  0.1s

=== P1L_S2_C3 train[3] k=3  dim=576  frames=112  σ=0.5  fold=6 ===
  SSC-Block-TV-Col21: k_hat=3  ACC=0.8661  NMI=0.7766  ARI=0.7322  0.2s

=== P1L_S2_C3 train[4] k=3  dim=576  frames=126  σ=0.5  fold=6 ===
  SSC-Block-TV-Col21: k_hat=3  ACC=0.8651  NMI=0.7610  ARI=0.6671  0.2s

=== P1L_S2_C3 train[5] k=3  dim=576  frames=102  σ=0.5  fold=6 ===
  SSC-Block-TV-Col21: k_hat=3  ACC=0.8039  NMI=0.7224  ARI=0.5947  0.2s

=== P1L_S2_C3 train[6] k=3  dim=576  frames=99  σ=0.5  fold=6 ===
  SSC-Block-TV-Col21: k_hat=3  ACC=0.9798  NMI=0.9303  ARI=0.9424  0.2s

=== P1L_S3_C1 train[0] k=3  dim=576  frames=156  σ=0.5  fold=6 ===
  SSC-Block-TV-Col21: k_hat=3  ACC=0.4295  NMI=0.2486  ARI=0.0025  0.3s

=== P1L_S3_C1 train[1] k=3  dim=576  frames=120  σ=0.5  fold=6 ===
  SSC-Block-TV-Col21: k_hat=3  ACC=1.0000  NMI=1.0000  ARI=1.0000  0.2s

=== P1L_S3_C1 train[2] k=3  dim=576  frames=185  σ=0.5  fold=6 ===
  SSC-Block-TV-Col21: k_hat=3  ACC=0.9514  NMI=0.8690  ARI=0.8612  0.5s

=== P1L_S3_C1 train[3] k=3  dim=576  frames=156  σ=0.5  fold=6 ===
  SSC-Block-TV-Col21: k_hat=3  ACC=0.6282  NMI=0.6771  ARI=0.5002  0.3s

=== P1L_S3_C1 train[4] k=3  dim=576  frames=159  σ=0.5  fold=6 ===
  SSC-Block-TV-Col21: k_hat=3  ACC=0.9371  NMI=0.7974  ARI=0.8198  0.3s

=== P1L_S3_C1 train[5] k=3  dim=576  frames=172  σ=0.5  fold=6 ===
  SSC-Block-TV-Col21: k_hat=3  ACC=0.8430  NMI=0.7461  ARI=0.6424  0.3s

=== P1L_S3_C1 train[6] k=3  dim=576  frames=134  σ=0.5  fold=6 ===
  SSC-Block-TV-Col21: k_hat=3  ACC=0.9552  NMI=0.8691  ARI=0.8600  0.2s

=== P1L_S3_C2 train[0] k=3  dim=576  frames=185  σ=0.5  fold=6 ===
  SSC-Block-TV-Col21: k_hat=3  ACC=0.9351  NMI=0.8233  ARI=0.8104  0.4s

=== P1L_S3_C2 train[1] k=3  dim=576  frames=125  σ=0.5  fold=6 ===
  SSC-Block-TV-Col21: k_hat=3  ACC=1.0000  NMI=1.0000  ARI=1.0000  0.2s

=== P1L_S3_C2 train[2] k=3  dim=576  frames=166  σ=0.5  fold=6 ===
  SSC-Block-TV-Col21: k_hat=3  ACC=1.0000  NMI=1.0000  ARI=1.0000  0.3s

=== P1L_S3_C2 train[3] k=3  dim=576  frames=209  σ=0.5  fold=6 ===
  SSC-Block-TV-Col21: k_hat=3  ACC=0.7321  NMI=0.5271  ARI=0.4184  0.5s

=== P1L_S3_C2 train[4] k=3  dim=576  frames=168  σ=0.5  fold=6 ===
  SSC-Block-TV-Col21: k_hat=3  ACC=0.9940  NMI=0.9727  ARI=0.9864  0.3s

=== P1L_S3_C2 train[5] k=3  dim=576  frames=187  σ=0.5  fold=6 ===
  SSC-Block-TV-Col21: k_hat=3  ACC=0.5722  NMI=0.6619  ARI=0.4650  0.4s

=== P1L_S3_C2 train[6] k=3  dim=576  frames=136  σ=0.5  fold=6 ===
  SSC-Block-TV-Col21: k_hat=3  ACC=0.9559  NMI=0.8746  ARI=0.8649  0.2s

=== P1L_S3_C3 train[0] k=3  dim=576  frames=151  σ=0.5  fold=6 ===
  SSC-Block-TV-Col21: k_hat=3  ACC=1.0000  NMI=1.0000  ARI=1.0000  0.3s

=== P1L_S3_C3 train[1] k=3  dim=576  frames=118  σ=0.5  fold=6 ===
  SSC-Block-TV-Col21: k_hat=3  ACC=0.8983  NMI=0.7946  ARI=0.7354  0.2s

=== P1L_S3_C3 train[2] k=3  dim=576  frames=121  σ=0.5  fold=6 ===
  SSC-Block-TV-Col21: k_hat=3  ACC=1.0000  NMI=1.0000  ARI=1.0000  0.2s

=== P1L_S3_C3 train[3] k=3  dim=576  frames=142  σ=0.5  fold=6 ===
  SSC-Block-TV-Col21: k_hat=3  ACC=0.7958  NMI=0.6968  ARI=0.5429  0.3s

=== P1L_S3_C3 train[4] k=3  dim=576  frames=134  σ=0.5  fold=6 ===
  SSC-Block-TV-Col21: k_hat=3  ACC=0.8507  NMI=0.7327  ARI=0.6091  0.2s

=== P1L_S3_C3 train[5] k=3  dim=576  frames=110  σ=0.5  fold=6 ===
  SSC-Block-TV-Col21: k_hat=3  ACC=0.8455  NMI=0.7128  ARI=0.6273  0.2s

=== P1L_S3_C3 train[6] k=3  dim=576  frames=114  σ=0.5  fold=6 ===
  SSC-Block-TV-Col21: k_hat=3  ACC=0.9825  NMI=0.9372  ARI=0.9534  0.2s

=== P1L_S4_C1 train[0] k=3  dim=576  frames=200  σ=0.5  fold=6 ===
  SSC-Block-TV-Col21: k_hat=3  ACC=0.7350  NMI=0.6902  ARI=0.5295  0.4s

=== P1L_S4_C1 train[1] k=3  dim=576  frames=157  σ=0.5  fold=6 ===
  SSC-Block-TV-Col21: k_hat=3  ACC=1.0000  NMI=1.0000  ARI=1.0000  0.3s

=== P1L_S4_C1 train[2] k=3  dim=576  frames=154  σ=0.5  fold=6 ===
  SSC-Block-TV-Col21: k_hat=3  ACC=1.0000  NMI=1.0000  ARI=1.0000  0.3s

=== P1L_S4_C1 train[3] k=3  dim=576  frames=168  σ=0.5  fold=6 ===
  SSC-Block-TV-Col21: k_hat=3  ACC=0.7857  NMI=0.5714  ARI=0.4924  0.3s

=== P1L_S4_C1 train[4] k=3  dim=576  frames=142  σ=0.5  fold=6 ===
  SSC-Block-TV-Col21: k_hat=3  ACC=0.9930  NMI=0.9688  ARI=0.9787  0.3s

=== P1L_S4_C1 train[5] k=3  dim=576  frames=164  σ=0.5  fold=6 ===
  SSC-Block-TV-Col21: k_hat=3  ACC=0.9573  NMI=0.8816  ARI=0.8804  0.4s

=== P1L_S4_C1 train[6] k=3  dim=576  frames=202  σ=0.5  fold=6 ===
  SSC-Block-TV-Col21: k_hat=3  ACC=0.9901  NMI=0.9593  ARI=0.9706  0.5s

=== P1L_S4_C2 train[0] k=3  dim=576  frames=157  σ=0.5  fold=6 ===
  SSC-Block-TV-Col21: k_hat=3  ACC=0.7771  NMI=0.6675  ARI=0.4827  0.3s

=== P1L_S4_C2 train[1] k=3  dim=576  frames=149  σ=0.5  fold=6 ===
  SSC-Block-TV-Col21: k_hat=3  ACC=0.9396  NMI=0.8435  ARI=0.8159  0.3s

=== P1L_S4_C2 train[2] k=3  dim=576  frames=175  σ=0.5  fold=6 ===
  SSC-Block-TV-Col21: k_hat=3  ACC=1.0000  NMI=1.0000  ARI=1.0000  0.4s

=== P1L_S4_C2 train[3] k=3  dim=576  frames=168  σ=0.5  fold=6 ===
  SSC-Block-TV-Col21: k_hat=3  ACC=0.8571  NMI=0.7125  ARI=0.6257  0.4s

=== P1L_S4_C2 train[4] k=3  dim=576  frames=154  σ=0.5  fold=6 ===
  SSC-Block-TV-Col21: k_hat=3  ACC=0.9935  NMI=0.9708  ARI=0.9850  0.4s

=== P1L_S4_C2 train[5] k=3  dim=576  frames=152  σ=0.5  fold=6 ===
  SSC-Block-TV-Col21: k_hat=3  ACC=0.8618  NMI=0.7611  ARI=0.6804  0.3s

=== P1L_S4_C2 train[6] k=3  dim=576  frames=153  σ=0.5  fold=6 ===
  SSC-Block-TV-Col21: k_hat=3  ACC=0.8497  NMI=0.7005  ARI=0.5900  0.4s

=== P1L_S4_C3 train[0] k=3  dim=576  frames=96  σ=0.5  fold=6 ===
  SSC-Block-TV-Col21: k_hat=3  ACC=0.9062  NMI=0.7950  ARI=0.7353  0.2s

=== P1L_S4_C3 train[1] k=3  dim=576  frames=107  σ=0.5  fold=6 ===
  SSC-Block-TV-Col21: k_hat=3  ACC=1.0000  NMI=1.0000  ARI=1.0000  0.2s

=== P1L_S4_C3 train[2] k=3  dim=576  frames=94  σ=0.5  fold=6 ===
  SSC-Block-TV-Col21: k_hat=3  ACC=1.0000  NMI=1.0000  ARI=1.0000  0.2s

=== P1L_S4_C3 train[3] k=3  dim=576  frames=117  σ=0.5  fold=6 ===
  SSC-Block-TV-Col21: k_hat=3  ACC=0.6410  NMI=0.6653  ARI=0.4934  0.3s

=== P1L_S4_C3 train[4] k=3  dim=576  frames=112  σ=0.5  fold=6 ===
  SSC-Block-TV-Col21: k_hat=3  ACC=0.7768  NMI=0.7083  ARI=0.5595  0.2s

=== P1L_S4_C3 train[5] k=3  dim=576  frames=103  σ=0.5  fold=6 ===
  SSC-Block-TV-Col21: k_hat=3  ACC=0.9709  NMI=0.9072  ARI=0.9110  0.2s

=== P1L_S4_C3 train[6] k=3  dim=576  frames=107  σ=0.5  fold=6 ===
  SSC-Block-TV-Col21: k_hat=3  ACC=0.9720  NMI=0.9111  ARI=0.9208  0.2s

=== P1E_S1_C1 test[0] k=3  dim=576  frames=140  σ=0.5  fold=6 ===
  SSC-Block-TV-Col21: k_hat=3  ACC=0.8429  NMI=0.7076  ARI=0.6358  0.3s

=== P1E_S1_C2 test[0] k=3  dim=576  frames=122  σ=0.5  fold=6 ===
  SSC-Block-TV-Col21: k_hat=3  ACC=0.9016  NMI=0.7477  ARI=0.7527  0.2s

=== P1E_S1_C3 test[0] k=3  dim=576  frames=51  σ=0.5  fold=6 ===
  SSC-Block-TV-Col21: k_hat=3  ACC=0.6471  NMI=0.5038  ARI=0.3597  0.1s

=== P1E_S2_C1 test[0] k=3  dim=576  frames=161  σ=0.5  fold=6 ===
  SSC-Block-TV-Col21: k_hat=3  ACC=0.7888  NMI=0.6742  ARI=0.5619  0.4s

=== P1E_S2_C2 test[0] k=3  dim=576  frames=128  σ=0.5  fold=6 ===
  SSC-Block-TV-Col21: k_hat=3  ACC=0.8906  NMI=0.7908  ARI=0.7332  0.3s

=== P1E_S2_C3 test[0] k=3  dim=576  frames=105  σ=0.5  fold=6 ===
  SSC-Block-TV-Col21: k_hat=3  ACC=0.9714  NMI=0.8926  ARI=0.9125  0.2s

=== P1E_S3_C1 test[0] k=3  dim=576  frames=204  σ=0.5  fold=6 ===
  SSC-Block-TV-Col21: k_hat=3  ACC=0.8431  NMI=0.7558  ARI=0.6817  0.5s

=== P1E_S3_C2 test[0] k=3  dim=576  frames=146  σ=0.5  fold=6 ===
  SSC-Block-TV-Col21: k_hat=3  ACC=0.8288  NMI=0.7005  ARI=0.5433  0.3s

=== P1E_S3_C3 test[0] k=3  dim=576  frames=129  σ=0.5  fold=6 ===
  SSC-Block-TV-Col21: k_hat=3  ACC=0.5349  NMI=0.6553  ARI=0.4505  0.2s

=== P1E_S4_C1 test[0] k=3  dim=576  frames=147  σ=0.5  fold=6 ===
  SSC-Block-TV-Col21: k_hat=3  ACC=0.5034  NMI=0.4851  ARI=0.3226  0.3s

=== P1E_S4_C2 test[0] k=3  dim=576  frames=146  σ=0.5  fold=6 ===
  SSC-Block-TV-Col21: k_hat=3  ACC=0.9452  NMI=0.8428  ARI=0.8515  0.3s

=== P1E_S4_C3 test[0] k=3  dim=576  frames=106  σ=0.5  fold=6 ===
  SSC-Block-TV-Col21: k_hat=3  ACC=0.9434  NMI=0.8274  ARI=0.8500  0.2s

=== P1L_S1_C1 test[0] k=3  dim=576  frames=116  σ=0.5  fold=6 ===
  SSC-Block-TV-Col21: k_hat=3  ACC=0.6379  NMI=0.4009  ARI=0.1809  0.2s

=== P1L_S1_C2 test[0] k=3  dim=576  frames=142  σ=0.5  fold=6 ===
  SSC-Block-TV-Col21: k_hat=3  ACC=0.8169  NMI=0.6803  ARI=0.5558  0.3s

=== P1L_S1_C3 test[0] k=3  dim=576  frames=63  σ=0.5  fold=6 ===
  SSC-Block-TV-Col21: k_hat=3  ACC=0.6032  NMI=0.3520  ARI=0.1650  0.1s

=== P1L_S2_C1 test[0] k=3  dim=576  frames=180  σ=0.5  fold=6 ===
  SSC-Block-TV-Col21: k_hat=3  ACC=0.4944  NMI=0.2521  ARI=0.0513  0.4s

=== P1L_S2_C2 test[0] k=3  dim=576  frames=160  σ=0.5  fold=6 ===
  SSC-Block-TV-Col21: k_hat=3  ACC=0.6188  NMI=0.6200  ARI=0.4669  0.3s

=== P1L_S2_C3 test[0] k=3  dim=576  frames=121  σ=0.5  fold=6 ===
  SSC-Block-TV-Col21: k_hat=3  ACC=0.9174  NMI=0.7986  ARI=0.7946  0.2s

=== P1L_S3_C1 test[0] k=3  dim=576  frames=176  σ=0.5  fold=6 ===
  SSC-Block-TV-Col21: k_hat=3  ACC=0.6932  NMI=0.5689  ARI=0.3697  0.3s

=== P1L_S3_C2 test[0] k=3  dim=576  frames=229  σ=0.5  fold=6 ===
  SSC-Block-TV-Col21: k_hat=3  ACC=0.5197  NMI=0.6157  ARI=0.4289  0.5s

=== P1L_S3_C3 test[0] k=3  dim=576  frames=161  σ=0.5  fold=6 ===
  SSC-Block-TV-Col21: k_hat=3  ACC=0.8323  NMI=0.7023  ARI=0.6433  0.3s

=== P1L_S4_C1 test[0] k=3  dim=576  frames=187  σ=0.5  fold=6 ===
  SSC-Block-TV-Col21: k_hat=3  ACC=0.6203  NMI=0.4931  ARI=0.4063  0.4s

=== P1L_S4_C2 test[0] k=3  dim=576  frames=169  σ=0.5  fold=6 ===
  SSC-Block-TV-Col21: k_hat=3  ACC=0.9349  NMI=0.8469  ARI=0.8469  0.4s

=== P1L_S4_C3 test[0] k=3  dim=576  frames=105  σ=0.5  fold=6 ===
  SSC-Block-TV-Col21: k_hat=3  ACC=0.8571  NMI=0.7293  ARI=0.6715  0.2s
  tune_pool_groups=20: sampling from 22 held-in people (overlap allowed) instead of the 7 fixed partition group(s)

============================================================
σ=0.5 fold=7  test=['0003', '0012', '0017']  train mats=168  test mats=24  tune mats=480
  --- tune SSC-Block-TV-Col21 over 480 train mats  n_trials=40 (4 params) ---
  SSC-Block-TV-Col21 trial 0: mean ARI=0.4216  n=480  106.5s  lambda_e=1, lambda_z=0.1, gamma_q=0.1, block_size=5
  SSC-Block-TV-Col21 trial 1: mean ARI=0.3691  n=480  107.6s  lambda_e=0.443, lambda_z=0.7257, gamma_q=0.2577, block_size=7
  SSC-Block-TV-Col21 trial 2: mean ARI=0.4257  n=480  103.2s  lambda_e=0.1866, lambda_z=0.3833, gamma_q=0.05628, block_size=11
  SSC-Block-TV-Col21 trial 3: mean ARI=0.3454  n=480  109.1s  lambda_e=7.78, lambda_z=0.03418, gamma_q=1.469, block_size=7
  SSC-Block-TV-Col21 trial 4: mean ARI=0.5354  n=480  113.2s  lambda_e=0.506, lambda_z=5.039, gamma_q=0.001924, block_size=2
  SSC-Block-TV-Col21 trial 5: mean ARI=0.2710  n=480  109.8s  lambda_e=0.0115, lambda_z=2.14, gamma_q=1.296, block_size=11
  SSC-Block-TV-Col21 trial 6: mean ARI=0.4296  n=480  102.3s  lambda_e=8.627, lambda_z=1.573, gamma_q=0.07013, block_size=10
  SSC-Block-TV-Col21 trial 7: mean ARI=0.6196  n=480  106.6s  lambda_e=0.02264, lambda_z=0.3628, gamma_q=0.003745, block_size=12
  SSC-Block-TV-Col21 trial 8: mean ARI=0.6183  n=480  103.4s  lambda_e=0.3677, lambda_z=0.04557, gamma_q=0.01143, block_size=10
  SSC-Block-TV-Col21 trial 9: mean ARI=0.5652  n=480  107.9s  lambda_e=0.2336, lambda_z=0.1878, gamma_q=0.001189, block_size=8
  SSC-Block-TV-Col21 trial 10: mean ARI=0.3853  n=480  119.9s  lambda_e=0.01151, lambda_z=0.001661, gamma_q=6.473, block_size=2
  SSC-Block-TV-Col21 trial 11: mean ARI=0.6259  n=480  110.5s  lambda_e=0.06092, lambda_z=0.01492, gamma_q=0.01117, block_size=12
  SSC-Block-TV-Col21 trial 12: mean ARI=0.6408  n=480  102.8s  lambda_e=0.03813, lambda_z=0.00583, gamma_q=0.007807, block_size=12
  SSC-Block-TV-Col21 trial 13: mean ARI=0.5731  n=480  108.6s  lambda_e=0.05725, lambda_z=0.005501, gamma_q=0.01374, block_size=12
  SSC-Block-TV-Col21 trial 14: mean ARI=0.6342  n=480  101.6s  lambda_e=0.05946, lambda_z=0.009832, gamma_q=0.01048, block_size=9
  SSC-Block-TV-Col21 trial 15: mean ARI=0.5255  n=480  100.8s  lambda_e=0.05658, lambda_z=0.001084, gamma_q=0.005138, block_size=9
  SSC-Block-TV-Col21 trial 16: mean ARI=0.5023  n=480  102.5s  lambda_e=0.1035, lambda_z=0.007105, gamma_q=0.02235, block_size=5
  SSC-Block-TV-Col21 trial 17: mean ARI=0.4597  n=480  101.1s  lambda_e=0.02851, lambda_z=0.003675, gamma_q=0.03246, block_size=9
  SSC-Block-TV-Col21 trial 18: mean ARI=0.3939  n=480  102.1s  lambda_e=1.931, lambda_z=0.02103, gamma_q=0.2343, block_size=5
  SSC-Block-TV-Col21 trial 19: mean ARI=0.7025  n=480  101.2s  lambda_e=0.0274, lambda_z=0.01052, gamma_q=0.004835, block_size=7
  SSC-Block-TV-Col21 trial 20: mean ARI=0.6160  n=480  102.7s  lambda_e=0.03088, lambda_z=0.002471, gamma_q=0.00336, block_size=4
  SSC-Block-TV-Col21 trial 21: mean ARI=0.6816  n=480  101.4s  lambda_e=0.1058, lambda_z=0.01095, gamma_q=0.007404, block_size=7
  SSC-Block-TV-Col21 trial 22: mean ARI=0.6544  n=480  101.2s  lambda_e=0.1298, lambda_z=0.05669, gamma_q=0.00104, block_size=7
  SSC-Block-TV-Col21 trial 23: mean ARI=0.6354  n=480  100.8s  lambda_e=0.1457, lambda_z=0.06803, gamma_q=0.001105, block_size=7
  SSC-Block-TV-Col21 trial 24: mean ARI=0.7109  n=480  102.3s  lambda_e=0.1075, lambda_z=0.02066, gamma_q=0.002442, block_size=6
  SSC-Block-TV-Col21 trial 25: mean ARI=0.7085  n=480  101.0s  lambda_e=0.2764, lambda_z=0.02184, gamma_q=0.002462, block_size=6
  SSC-Block-TV-Col21 trial 26: mean ARI=0.7076  n=480  97.3s  lambda_e=1.153, lambda_z=0.02243, gamma_q=0.002559, block_size=6
  SSC-Block-TV-Col21 trial 27: mean ARI=0.7170  n=480  94.2s  lambda_e=2.623, lambda_z=0.02327, gamma_q=0.002333, block_size=4
  SSC-Block-TV-Col21 trial 28: mean ARI=0.6618  n=480  96.6s  lambda_e=3.404, lambda_z=0.1123, gamma_q=0.002251, block_size=3
  SSC-Block-TV-Col21 trial 29: mean ARI=0.5625  n=480  94.0s  lambda_e=0.7444, lambda_z=0.1218, gamma_q=0.02642, block_size=4
  SSC-Block-TV-Col21 trial 30: mean ARI=0.7067  n=480  94.5s  lambda_e=4.356, lambda_z=0.02619, gamma_q=0.001798, block_size=5
  SSC-Block-TV-Col21 trial 31: mean ARI=0.7061  n=480  92.7s  lambda_e=1.131, lambda_z=0.02128, gamma_q=0.003091, block_size=6
  SSC-Block-TV-Col21 trial 32: mean ARI=0.6868  n=480  93.7s  lambda_e=1.413, lambda_z=0.03279, gamma_q=0.002227, block_size=6
  SSC-Block-TV-Col21 trial 33: mean ARI=0.6153  n=480  88.9s  lambda_e=0.29, lambda_z=0.07094, gamma_q=0.005272, block_size=6
  SSC-Block-TV-Col21 trial 34: mean ARI=0.6138  n=480  85.6s  lambda_e=2.109, lambda_z=0.205, gamma_q=0.001704, block_size=4
  SSC-Block-TV-Col21 trial 35: mean ARI=0.7287  n=480  85.5s  lambda_e=0.6915, lambda_z=0.01671, gamma_q=0.00311, block_size=3
  SSC-Block-TV-Col21 trial 36: mean ARI=0.5199  n=480  86.2s  lambda_e=0.6879, lambda_z=0.003402, gamma_q=0.0183, block_size=3
  SSC-Block-TV-Col21 trial 37: mean ARI=0.7133  n=480  85.6s  lambda_e=0.5276, lambda_z=0.01485, gamma_q=0.006628, block_size=3
  SSC-Block-TV-Col21 trial 38: mean ARI=0.5215  n=480  86.1s  lambda_e=4.687, lambda_z=0.0404, gamma_q=0.04497, block_size=3
  SSC-Block-TV-Col21 trial 39: mean ARI=0.7051  n=480  88.0s  lambda_e=0.6182, lambda_z=0.0151, gamma_q=0.006253, block_size=2
    best mean ARI=0.7287  tune 3999.3s  lambda_e=0.6915, lambda_z=0.01671, gamma_q=0.00311, block_size=3
  wrote /nfs/turbo/umms-minjilab/lpullela/icassp_ssc_tv2/block_ssc_benchmark/cv/params/surveillance/split_k3_sigmas_min30_trials20_params_knownk_cv_ssc_block_tv_col21_k3_sigma0p5_sigma0.5_fold7.json

=== P1E_S1_C1 train[0] k=3  dim=576  frames=146  σ=0.5  fold=7 ===
  SSC-Block-TV-Col21: k_hat=3  ACC=0.9315  NMI=0.8211  ARI=0.7817  0.2s

=== P1E_S1_C1 train[1] k=3  dim=576  frames=153  σ=0.5  fold=7 ===
  SSC-Block-TV-Col21: k_hat=3  ACC=0.9935  NMI=0.9706  ARI=0.9801  0.2s

=== P1E_S1_C1 train[2] k=3  dim=576  frames=130  σ=0.5  fold=7 ===
  SSC-Block-TV-Col21: k_hat=3  ACC=1.0000  NMI=1.0000  ARI=1.0000  0.2s

=== P1E_S1_C1 train[3] k=3  dim=576  frames=140  σ=0.5  fold=7 ===
  SSC-Block-TV-Col21: k_hat=3  ACC=0.8429  NMI=0.7184  ARI=0.5783  0.2s

=== P1E_S1_C1 train[4] k=3  dim=576  frames=157  σ=0.5  fold=7 ===
  SSC-Block-TV-Col21: k_hat=3  ACC=0.5860  NMI=0.6302  ARI=0.4504  0.2s

=== P1E_S1_C1 train[5] k=3  dim=576  frames=151  σ=0.5  fold=7 ===
  SSC-Block-TV-Col21: k_hat=3  ACC=0.5960  NMI=0.6690  ARI=0.4788  0.2s

=== P1E_S1_C1 train[6] k=3  dim=576  frames=140  σ=0.5  fold=7 ===
  SSC-Block-TV-Col21: k_hat=3  ACC=0.8429  NMI=0.7076  ARI=0.6358  0.2s

=== P1E_S1_C2 train[0] k=3  dim=576  frames=147  σ=0.5  fold=7 ===
  SSC-Block-TV-Col21: k_hat=3  ACC=0.9456  NMI=0.8210  ARI=0.8387  0.2s

=== P1E_S1_C2 train[1] k=3  dim=576  frames=115  σ=0.5  fold=7 ===
  SSC-Block-TV-Col21: k_hat=3  ACC=0.9739  NMI=0.9128  ARI=0.9167  0.1s

=== P1E_S1_C2 train[2] k=3  dim=576  frames=104  σ=0.5  fold=7 ===
  SSC-Block-TV-Col21: k_hat=3  ACC=1.0000  NMI=1.0000  ARI=1.0000  0.1s

=== P1E_S1_C2 train[3] k=3  dim=576  frames=138  σ=0.5  fold=7 ===
  SSC-Block-TV-Col21: k_hat=3  ACC=0.8551  NMI=0.7102  ARI=0.6676  0.2s

=== P1E_S1_C2 train[4] k=3  dim=576  frames=113  σ=0.5  fold=7 ===
  SSC-Block-TV-Col21: k_hat=3  ACC=0.8584  NMI=0.6761  ARI=0.6386  0.1s

=== P1E_S1_C2 train[5] k=3  dim=576  frames=122  σ=0.5  fold=7 ===
  SSC-Block-TV-Col21: k_hat=3  ACC=0.5738  NMI=0.6306  ARI=0.4553  0.1s

=== P1E_S1_C2 train[6] k=3  dim=576  frames=122  σ=0.5  fold=7 ===
  SSC-Block-TV-Col21: k_hat=3  ACC=0.9016  NMI=0.7477  ARI=0.7527  0.1s

=== P1E_S1_C3 train[0] k=3  dim=576  frames=58  σ=0.5  fold=7 ===
  SSC-Block-TV-Col21: k_hat=3  ACC=0.6207  NMI=0.4612  ARI=0.3092  0.1s

=== P1E_S1_C3 train[1] k=3  dim=576  frames=56  σ=0.5  fold=7 ===
  SSC-Block-TV-Col21: k_hat=3  ACC=0.9821  NMI=0.9373  ARI=0.9623  0.1s

=== P1E_S1_C3 train[2] k=3  dim=576  frames=47  σ=0.5  fold=7 ===
  SSC-Block-TV-Col21: k_hat=3  ACC=0.5957  NMI=0.6747  ARI=0.4809  0.0s

=== P1E_S1_C3 train[3] k=3  dim=576  frames=61  σ=0.5  fold=7 ===
  SSC-Block-TV-Col21: k_hat=3  ACC=0.6066  NMI=0.5714  ARI=0.4206  0.1s

=== P1E_S1_C3 train[4] k=3  dim=576  frames=37  σ=0.5  fold=7 ===
  SSC-Block-TV-Col21: k_hat=3  ACC=0.5135  NMI=0.2381  ARI=0.0765  0.0s

=== P1E_S1_C3 train[5] k=3  dim=576  frames=55  σ=0.5  fold=7 ===
  SSC-Block-TV-Col21: k_hat=3  ACC=0.7818  NMI=0.5676  ARI=0.4511  0.1s

=== P1E_S1_C3 train[6] k=3  dim=576  frames=51  σ=0.5  fold=7 ===
  SSC-Block-TV-Col21: k_hat=3  ACC=0.6471  NMI=0.5038  ARI=0.3597  0.0s

=== P1E_S2_C1 train[0] k=3  dim=576  frames=167  σ=0.5  fold=7 ===
  SSC-Block-TV-Col21: k_hat=3  ACC=0.9820  NMI=0.9353  ARI=0.9458  0.2s

=== P1E_S2_C1 train[1] k=3  dim=576  frames=151  σ=0.5  fold=7 ===
  SSC-Block-TV-Col21: k_hat=3  ACC=0.8543  NMI=0.7539  ARI=0.6726  0.2s

=== P1E_S2_C1 train[2] k=3  dim=576  frames=136  σ=0.5  fold=7 ===
  SSC-Block-TV-Col21: k_hat=3  ACC=0.8897  NMI=0.7826  ARI=0.7148  0.2s

=== P1E_S2_C1 train[3] k=3  dim=576  frames=180  σ=0.5  fold=7 ===
  SSC-Block-TV-Col21: k_hat=3  ACC=0.5444  NMI=0.6001  ARI=0.4315  0.3s

=== P1E_S2_C1 train[4] k=3  dim=576  frames=149  σ=0.5  fold=7 ===
  SSC-Block-TV-Col21: k_hat=3  ACC=0.6040  NMI=0.6711  ARI=0.4842  0.2s

=== P1E_S2_C1 train[5] k=3  dim=576  frames=124  σ=0.5  fold=7 ===
  SSC-Block-TV-Col21: k_hat=3  ACC=0.5565  NMI=0.6645  ARI=0.4626  0.1s

=== P1E_S2_C1 train[6] k=3  dim=576  frames=161  σ=0.5  fold=7 ===
  SSC-Block-TV-Col21: k_hat=3  ACC=0.7888  NMI=0.6742  ARI=0.5619  0.2s

=== P1E_S2_C2 train[0] k=3  dim=576  frames=146  σ=0.5  fold=7 ===
  SSC-Block-TV-Col21: k_hat=3  ACC=0.8904  NMI=0.7160  ARI=0.7043  0.2s

=== P1E_S2_C2 train[1] k=3  dim=576  frames=115  σ=0.5  fold=7 ===
  SSC-Block-TV-Col21: k_hat=3  ACC=0.9913  NMI=0.9630  ARI=0.9739  0.1s

=== P1E_S2_C2 train[2] k=3  dim=576  frames=109  σ=0.5  fold=7 ===
  SSC-Block-TV-Col21: k_hat=3  ACC=1.0000  NMI=1.0000  ARI=1.0000  0.1s

=== P1E_S2_C2 train[3] k=3  dim=576  frames=144  σ=0.5  fold=7 ===
  SSC-Block-TV-Col21: k_hat=3  ACC=0.8750  NMI=0.6959  ARI=0.6637  0.2s

=== P1E_S2_C2 train[4] k=3  dim=576  frames=124  σ=0.5  fold=7 ===
  SSC-Block-TV-Col21: k_hat=3  ACC=0.9919  NMI=0.9649  ARI=0.9757  0.1s

=== P1E_S2_C2 train[5] k=3  dim=576  frames=109  σ=0.5  fold=7 ===
  SSC-Block-TV-Col21: k_hat=3  ACC=0.9725  NMI=0.8974  ARI=0.9272  0.1s

=== P1E_S2_C2 train[6] k=3  dim=576  frames=128  σ=0.5  fold=7 ===
  SSC-Block-TV-Col21: k_hat=3  ACC=0.8906  NMI=0.7908  ARI=0.7332  0.2s

=== P1E_S2_C3 train[0] k=3  dim=576  frames=113  σ=0.5  fold=7 ===
  SSC-Block-TV-Col21: k_hat=3  ACC=0.9292  NMI=0.7877  ARI=0.7991  0.1s

=== P1E_S2_C3 train[1] k=3  dim=576  frames=88  σ=0.5  fold=7 ===
  SSC-Block-TV-Col21: k_hat=3  ACC=1.0000  NMI=1.0000  ARI=1.0000  0.1s

=== P1E_S2_C3 train[2] k=3  dim=576  frames=90  σ=0.5  fold=7 ===
  SSC-Block-TV-Col21: k_hat=3  ACC=1.0000  NMI=1.0000  ARI=1.0000  0.1s

=== P1E_S2_C3 train[3] k=3  dim=576  frames=112  σ=0.5  fold=7 ===
  SSC-Block-TV-Col21: k_hat=3  ACC=0.8929  NMI=0.7268  ARI=0.7023  0.1s

=== P1E_S2_C3 train[4] k=3  dim=576  frames=99  σ=0.5  fold=7 ===
  SSC-Block-TV-Col21: k_hat=3  ACC=0.8990  NMI=0.7395  ARI=0.7320  0.1s

=== P1E_S2_C3 train[5] k=3  dim=576  frames=87  σ=0.5  fold=7 ===
  SSC-Block-TV-Col21: k_hat=3  ACC=0.8506  NMI=0.7248  ARI=0.6758  0.1s

=== P1E_S2_C3 train[6] k=3  dim=576  frames=105  σ=0.5  fold=7 ===
  SSC-Block-TV-Col21: k_hat=3  ACC=0.9714  NMI=0.8926  ARI=0.9125  0.1s

=== P1E_S3_C1 train[0] k=3  dim=576  frames=166  σ=0.5  fold=7 ===
  SSC-Block-TV-Col21: k_hat=3  ACC=0.8012  NMI=0.6641  ARI=0.5278  0.2s

=== P1E_S3_C1 train[1] k=3  dim=576  frames=139  σ=0.5  fold=7 ===
  SSC-Block-TV-Col21: k_hat=3  ACC=0.9209  NMI=0.8226  ARI=0.7970  0.2s

=== P1E_S3_C1 train[2] k=3  dim=576  frames=134  σ=0.5  fold=7 ===
  SSC-Block-TV-Col21: k_hat=3  ACC=0.8209  NMI=0.6916  ARI=0.5699  0.2s

=== P1E_S3_C1 train[3] k=3  dim=576  frames=161  σ=0.5  fold=7 ===
  SSC-Block-TV-Col21: k_hat=3  ACC=0.7888  NMI=0.7131  ARI=0.5833  0.2s

=== P1E_S3_C1 train[4] k=3  dim=576  frames=168  σ=0.5  fold=7 ===
  SSC-Block-TV-Col21: k_hat=3  ACC=0.8571  NMI=0.7396  ARI=0.6204  0.2s

=== P1E_S3_C1 train[5] k=3  dim=576  frames=123  σ=0.5  fold=7 ===
  SSC-Block-TV-Col21: k_hat=3  ACC=0.5122  NMI=0.4251  ARI=0.2437  0.2s

=== P1E_S3_C1 train[6] k=3  dim=576  frames=204  σ=0.5  fold=7 ===
  SSC-Block-TV-Col21: k_hat=3  ACC=0.8431  NMI=0.7558  ARI=0.6817  0.3s

=== P1E_S3_C2 train[0] k=3  dim=576  frames=147  σ=0.5  fold=7 ===
  SSC-Block-TV-Col21: k_hat=3  ACC=0.8912  NMI=0.7677  ARI=0.6800  0.2s

=== P1E_S3_C2 train[1] k=3  dim=576  frames=120  σ=0.5  fold=7 ===
  SSC-Block-TV-Col21: k_hat=3  ACC=0.8167  NMI=0.6262  ARI=0.5265  0.1s

=== P1E_S3_C2 train[2] k=3  dim=576  frames=112  σ=0.5  fold=7 ===
  SSC-Block-TV-Col21: k_hat=3  ACC=0.9286  NMI=0.7913  ARI=0.7864  0.1s

=== P1E_S3_C2 train[3] k=3  dim=576  frames=168  σ=0.5  fold=7 ===
  SSC-Block-TV-Col21: k_hat=3  ACC=0.8155  NMI=0.6585  ARI=0.5724  0.2s

=== P1E_S3_C2 train[4] k=3  dim=576  frames=169  σ=0.5  fold=7 ===
  SSC-Block-TV-Col21: k_hat=3  ACC=0.9586  NMI=0.8568  ARI=0.8770  0.3s

=== P1E_S3_C2 train[5] k=3  dim=576  frames=107  σ=0.5  fold=7 ===
  SSC-Block-TV-Col21: k_hat=3  ACC=0.5981  NMI=0.6680  ARI=0.4761  0.1s

=== P1E_S3_C2 train[6] k=3  dim=576  frames=146  σ=0.5  fold=7 ===
  SSC-Block-TV-Col21: k_hat=3  ACC=0.8288  NMI=0.7005  ARI=0.5433  0.2s

=== P1E_S3_C3 train[0] k=3  dim=576  frames=105  σ=0.5  fold=7 ===
  SSC-Block-TV-Col21: k_hat=3  ACC=1.0000  NMI=1.0000  ARI=1.0000  0.1s

=== P1E_S3_C3 train[1] k=3  dim=576  frames=89  σ=0.5  fold=7 ===
  SSC-Block-TV-Col21: k_hat=3  ACC=0.9551  NMI=0.8724  ARI=0.8635  0.1s

=== P1E_S3_C3 train[2] k=3  dim=576  frames=84  σ=0.5  fold=7 ===
  SSC-Block-TV-Col21: k_hat=3  ACC=0.9881  NMI=0.9525  ARI=0.9657  0.1s

=== P1E_S3_C3 train[3] k=3  dim=576  frames=125  σ=0.5  fold=7 ===
  SSC-Block-TV-Col21: k_hat=3  ACC=0.9760  NMI=0.9174  ARI=0.9232  0.2s

=== P1E_S3_C3 train[4] k=3  dim=576  frames=128  σ=0.5  fold=7 ===
  SSC-Block-TV-Col21: k_hat=3  ACC=0.7891  NMI=0.7154  ARI=0.5769  0.2s

=== P1E_S3_C3 train[5] k=3  dim=576  frames=83  σ=0.5  fold=7 ===
  SSC-Block-TV-Col21: k_hat=3  ACC=0.9398  NMI=0.8539  ARI=0.8439  0.1s

=== P1E_S3_C3 train[6] k=3  dim=576  frames=129  σ=0.5  fold=7 ===
  SSC-Block-TV-Col21: k_hat=3  ACC=0.5349  NMI=0.6553  ARI=0.4505  0.2s

=== P1E_S4_C1 train[0] k=3  dim=576  frames=158  σ=0.5  fold=7 ===
  SSC-Block-TV-Col21: k_hat=3  ACC=0.8481  NMI=0.7167  ARI=0.5780  0.2s

=== P1E_S4_C1 train[1] k=3  dim=576  frames=107  σ=0.5  fold=7 ===
  SSC-Block-TV-Col21: k_hat=3  ACC=1.0000  NMI=1.0000  ARI=1.0000  0.1s

=== P1E_S4_C1 train[2] k=3  dim=576  frames=155  σ=0.5  fold=7 ===
  SSC-Block-TV-Col21: k_hat=3  ACC=0.9871  NMI=0.9496  ARI=0.9602  0.2s

=== P1E_S4_C1 train[3] k=3  dim=576  frames=182  σ=0.5  fold=7 ===
  SSC-Block-TV-Col21: k_hat=3  ACC=0.8571  NMI=0.7353  ARI=0.6561  0.3s

=== P1E_S4_C1 train[4] k=3  dim=576  frames=180  σ=0.5  fold=7 ===
  SSC-Block-TV-Col21: k_hat=3  ACC=0.9444  NMI=0.8561  ARI=0.8476  0.3s

=== P1E_S4_C1 train[5] k=3  dim=576  frames=133  σ=0.5  fold=7 ===
  SSC-Block-TV-Col21: k_hat=3  ACC=0.6466  NMI=0.6651  ARI=0.4918  0.2s

=== P1E_S4_C1 train[6] k=3  dim=576  frames=147  σ=0.5  fold=7 ===
  SSC-Block-TV-Col21: k_hat=3  ACC=0.5034  NMI=0.4851  ARI=0.3226  0.2s

=== P1E_S4_C2 train[0] k=3  dim=576  frames=117  σ=0.5  fold=7 ===
  SSC-Block-TV-Col21: k_hat=3  ACC=0.9316  NMI=0.7992  ARI=0.8099  0.1s

=== P1E_S4_C2 train[1] k=3  dim=576  frames=125  σ=0.5  fold=7 ===
  SSC-Block-TV-Col21: k_hat=3  ACC=0.9680  NMI=0.9018  ARI=0.9076  0.2s

=== P1E_S4_C2 train[2] k=3  dim=576  frames=122  σ=0.5  fold=7 ===
  SSC-Block-TV-Col21: k_hat=3  ACC=0.9918  NMI=0.9645  ARI=0.9747  0.2s

=== P1E_S4_C2 train[3] k=3  dim=576  frames=126  σ=0.5  fold=7 ===
  SSC-Block-TV-Col21: k_hat=3  ACC=0.8492  NMI=0.6509  ARI=0.6024  0.2s

=== P1E_S4_C2 train[4] k=3  dim=576  frames=140  σ=0.5  fold=7 ===
  SSC-Block-TV-Col21: k_hat=3  ACC=0.9929  NMI=0.9670  ARI=0.9771  0.2s

=== P1E_S4_C2 train[5] k=3  dim=576  frames=129  σ=0.5  fold=7 ===
  SSC-Block-TV-Col21: k_hat=3  ACC=0.5814  NMI=0.6628  ARI=0.4661  0.2s

=== P1E_S4_C2 train[6] k=3  dim=576  frames=146  σ=0.5  fold=7 ===
  SSC-Block-TV-Col21: k_hat=3  ACC=0.9452  NMI=0.8428  ARI=0.8515  0.2s

=== P1E_S4_C3 train[0] k=3  dim=576  frames=90  σ=0.5  fold=7 ===
  SSC-Block-TV-Col21: k_hat=3  ACC=0.9111  NMI=0.7515  ARI=0.7426  0.1s

=== P1E_S4_C3 train[1] k=3  dim=576  frames=64  σ=0.5  fold=7 ===
  SSC-Block-TV-Col21: k_hat=3  ACC=0.9062  NMI=0.7570  ARI=0.7528  0.1s

=== P1E_S4_C3 train[2] k=3  dim=576  frames=85  σ=0.5  fold=7 ===
  SSC-Block-TV-Col21: k_hat=3  ACC=0.9765  NMI=0.9220  ARI=0.9313  0.1s

=== P1E_S4_C3 train[3] k=3  dim=576  frames=105  σ=0.5  fold=7 ===
  SSC-Block-TV-Col21: k_hat=3  ACC=0.6762  NMI=0.5853  ARI=0.4318  0.1s

=== P1E_S4_C3 train[4] k=3  dim=576  frames=87  σ=0.5  fold=7 ===
  SSC-Block-TV-Col21: k_hat=3  ACC=0.8161  NMI=0.6211  ARI=0.5507  0.1s

=== P1E_S4_C3 train[5] k=3  dim=576  frames=76  σ=0.5  fold=7 ===
  SSC-Block-TV-Col21: k_hat=3  ACC=0.8947  NMI=0.7972  ARI=0.7470  0.1s

=== P1E_S4_C3 train[6] k=3  dim=576  frames=106  σ=0.5  fold=7 ===
  SSC-Block-TV-Col21: k_hat=3  ACC=0.9434  NMI=0.8274  ARI=0.8500  0.1s

=== P1L_S1_C1 train[0] k=3  dim=576  frames=162  σ=0.5  fold=7 ===
  SSC-Block-TV-Col21: k_hat=3  ACC=0.9815  NMI=0.9346  ARI=0.9472  0.2s

=== P1L_S1_C1 train[1] k=3  dim=576  frames=170  σ=0.5  fold=7 ===
  SSC-Block-TV-Col21: k_hat=3  ACC=0.7882  NMI=0.6873  ARI=0.5109  0.2s

=== P1L_S1_C1 train[2] k=3  dim=576  frames=155  σ=0.5  fold=7 ===
  SSC-Block-TV-Col21: k_hat=3  ACC=1.0000  NMI=1.0000  ARI=1.0000  0.2s

=== P1L_S1_C1 train[3] k=3  dim=576  frames=182  σ=0.5  fold=7 ===
  SSC-Block-TV-Col21: k_hat=3  ACC=0.8681  NMI=0.7692  ARI=0.7050  0.3s

=== P1L_S1_C1 train[4] k=3  dim=576  frames=198  σ=0.5  fold=7 ===
  SSC-Block-TV-Col21: k_hat=3  ACC=0.7323  NMI=0.6955  ARI=0.5444  0.3s

=== P1L_S1_C1 train[5] k=3  dim=576  frames=166  σ=0.5  fold=7 ===
  SSC-Block-TV-Col21: k_hat=3  ACC=1.0000  NMI=1.0000  ARI=1.0000  0.2s

=== P1L_S1_C1 train[6] k=3  dim=576  frames=116  σ=0.5  fold=7 ===
  SSC-Block-TV-Col21: k_hat=3  ACC=0.6379  NMI=0.4009  ARI=0.1809  0.1s

=== P1L_S1_C2 train[0] k=3  dim=576  frames=186  σ=0.5  fold=7 ===
  SSC-Block-TV-Col21: k_hat=3  ACC=0.7688  NMI=0.6813  ARI=0.5085  0.3s

=== P1L_S1_C2 train[1] k=3  dim=576  frames=137  σ=0.5  fold=7 ===
  SSC-Block-TV-Col21: k_hat=3  ACC=1.0000  NMI=1.0000  ARI=1.0000  0.2s

=== P1L_S1_C2 train[2] k=3  dim=576  frames=147  σ=0.5  fold=7 ===
  SSC-Block-TV-Col21: k_hat=3  ACC=0.9932  NMI=0.9697  ARI=0.9804  0.2s

=== P1L_S1_C2 train[3] k=3  dim=576  frames=181  σ=0.5  fold=7 ===
  SSC-Block-TV-Col21: k_hat=3  ACC=0.8287  NMI=0.7033  ARI=0.5931  0.3s

=== P1L_S1_C2 train[4] k=3  dim=576  frames=128  σ=0.5  fold=7 ===
  SSC-Block-TV-Col21: k_hat=3  ACC=0.5703  NMI=0.6670  ARI=0.4701  0.2s

=== P1L_S1_C2 train[5] k=3  dim=576  frames=154  σ=0.5  fold=7 ===
  SSC-Block-TV-Col21: k_hat=3  ACC=0.5195  NMI=0.6572  ARI=0.4517  0.2s

=== P1L_S1_C2 train[6] k=3  dim=576  frames=142  σ=0.5  fold=7 ===
  SSC-Block-TV-Col21: k_hat=3  ACC=0.8169  NMI=0.6803  ARI=0.5558  0.2s

=== P1L_S1_C3 train[0] k=3  dim=576  frames=60  σ=0.5  fold=7 ===
  SSC-Block-TV-Col21: k_hat=3  ACC=0.5000  NMI=0.5796  ARI=0.3873  0.1s

=== P1L_S1_C3 train[1] k=3  dim=576  frames=68  σ=0.5  fold=7 ===
  SSC-Block-TV-Col21: k_hat=3  ACC=1.0000  NMI=1.0000  ARI=1.0000  0.1s

=== P1L_S1_C3 train[2] k=3  dim=576  frames=65  σ=0.5  fold=7 ===
  SSC-Block-TV-Col21: k_hat=3  ACC=0.8615  NMI=0.7478  ARI=0.6419  0.1s

=== P1L_S1_C3 train[3] k=3  dim=576  frames=74  σ=0.5  fold=7 ===
  SSC-Block-TV-Col21: k_hat=3  ACC=0.5946  NMI=0.3767  ARI=0.1339  0.1s

=== P1L_S1_C3 train[4] k=3  dim=576  frames=73  σ=0.5  fold=7 ===
  SSC-Block-TV-Col21: k_hat=3  ACC=0.6986  NMI=0.7094  ARI=0.5805  0.1s

=== P1L_S1_C3 train[5] k=3  dim=576  frames=64  σ=0.5  fold=7 ===
  SSC-Block-TV-Col21: k_hat=3  ACC=0.6719  NMI=0.5508  ARI=0.4521  0.1s

=== P1L_S1_C3 train[6] k=3  dim=576  frames=63  σ=0.5  fold=7 ===
  SSC-Block-TV-Col21: k_hat=3  ACC=0.6032  NMI=0.3520  ARI=0.1650  0.1s

=== P1L_S2_C1 train[0] k=3  dim=576  frames=211  σ=0.5  fold=7 ===
  SSC-Block-TV-Col21: k_hat=3  ACC=0.8199  NMI=0.7231  ARI=0.6077  0.3s

=== P1L_S2_C1 train[1] k=3  dim=576  frames=190  σ=0.5  fold=7 ===
  SSC-Block-TV-Col21: k_hat=3  ACC=0.7158  NMI=0.6703  ARI=0.4873  0.3s

=== P1L_S2_C1 train[2] k=3  dim=576  frames=180  σ=0.5  fold=7 ===
  SSC-Block-TV-Col21: k_hat=3  ACC=1.0000  NMI=1.0000  ARI=1.0000  0.2s

=== P1L_S2_C1 train[3] k=3  dim=576  frames=177  σ=0.5  fold=7 ===
  SSC-Block-TV-Col21: k_hat=3  ACC=0.7458  NMI=0.7108  ARI=0.5842  0.2s

=== P1L_S2_C1 train[4] k=3  dim=576  frames=172  σ=0.5  fold=7 ===
  SSC-Block-TV-Col21: k_hat=3  ACC=0.6221  NMI=0.4321  ARI=0.2472  0.2s

=== P1L_S2_C1 train[5] k=3  dim=576  frames=179  σ=0.5  fold=7 ===
  SSC-Block-TV-Col21: k_hat=3  ACC=0.9888  NMI=0.9558  ARI=0.9703  0.3s

=== P1L_S2_C1 train[6] k=3  dim=576  frames=180  σ=0.5  fold=7 ===
  SSC-Block-TV-Col21: k_hat=3  ACC=0.4944  NMI=0.2521  ARI=0.0513  0.2s

=== P1L_S2_C2 train[0] k=3  dim=576  frames=194  σ=0.5  fold=7 ===
  SSC-Block-TV-Col21: k_hat=3  ACC=0.9897  NMI=0.9537  ARI=0.9641  0.3s

=== P1L_S2_C2 train[1] k=3  dim=576  frames=155  σ=0.5  fold=7 ===
  SSC-Block-TV-Col21: k_hat=3  ACC=0.9806  NMI=0.9316  ARI=0.9416  0.2s

=== P1L_S2_C2 train[2] k=3  dim=576  frames=134  σ=0.5  fold=7 ===
  SSC-Block-TV-Col21: k_hat=3  ACC=1.0000  NMI=1.0000  ARI=1.0000  0.2s

=== P1L_S2_C2 train[3] k=3  dim=576  frames=186  σ=0.5  fold=7 ===
  SSC-Block-TV-Col21: k_hat=3  ACC=0.9785  NMI=0.9157  ARI=0.9387  0.3s

=== P1L_S2_C2 train[4] k=3  dim=576  frames=201  σ=0.5  fold=7 ===
  SSC-Block-TV-Col21: k_hat=3  ACC=0.9602  NMI=0.8613  ARI=0.8806  0.3s

=== P1L_S2_C2 train[5] k=3  dim=576  frames=171  σ=0.5  fold=7 ===
  SSC-Block-TV-Col21: k_hat=3  ACC=0.8421  NMI=0.7405  ARI=0.6266  0.2s

=== P1L_S2_C2 train[6] k=3  dim=576  frames=160  σ=0.5  fold=7 ===
  SSC-Block-TV-Col21: k_hat=3  ACC=0.6188  NMI=0.6200  ARI=0.4669  0.2s

=== P1L_S2_C3 train[0] k=3  dim=576  frames=119  σ=0.5  fold=7 ===
  SSC-Block-TV-Col21: k_hat=3  ACC=1.0000  NMI=1.0000  ARI=1.0000  0.1s

=== P1L_S2_C3 train[1] k=3  dim=576  frames=101  σ=0.5  fold=7 ===
  SSC-Block-TV-Col21: k_hat=3  ACC=0.8119  NMI=0.7135  ARI=0.5605  0.1s

=== P1L_S2_C3 train[2] k=3  dim=576  frames=85  σ=0.5  fold=7 ===
  SSC-Block-TV-Col21: k_hat=3  ACC=0.9882  NMI=0.9505  ARI=0.9597  0.1s

=== P1L_S2_C3 train[3] k=3  dim=576  frames=112  σ=0.5  fold=7 ===
  SSC-Block-TV-Col21: k_hat=3  ACC=0.8661  NMI=0.7766  ARI=0.7322  0.1s

=== P1L_S2_C3 train[4] k=3  dim=576  frames=126  σ=0.5  fold=7 ===
  SSC-Block-TV-Col21: k_hat=3  ACC=0.8651  NMI=0.7610  ARI=0.6671  0.2s

=== P1L_S2_C3 train[5] k=3  dim=576  frames=102  σ=0.5  fold=7 ===
  SSC-Block-TV-Col21: k_hat=3  ACC=0.8039  NMI=0.7224  ARI=0.5947  0.1s

=== P1L_S2_C3 train[6] k=3  dim=576  frames=121  σ=0.5  fold=7 ===
  SSC-Block-TV-Col21: k_hat=3  ACC=0.9174  NMI=0.7986  ARI=0.7946  0.2s

=== P1L_S3_C1 train[0] k=3  dim=576  frames=156  σ=0.5  fold=7 ===
  SSC-Block-TV-Col21: k_hat=3  ACC=0.4295  NMI=0.2486  ARI=0.0025  0.2s

=== P1L_S3_C1 train[1] k=3  dim=576  frames=120  σ=0.5  fold=7 ===
  SSC-Block-TV-Col21: k_hat=3  ACC=1.0000  NMI=1.0000  ARI=1.0000  0.1s

=== P1L_S3_C1 train[2] k=3  dim=576  frames=185  σ=0.5  fold=7 ===
  SSC-Block-TV-Col21: k_hat=3  ACC=0.9514  NMI=0.8690  ARI=0.8612  0.3s

=== P1L_S3_C1 train[3] k=3  dim=576  frames=156  σ=0.5  fold=7 ===
  SSC-Block-TV-Col21: k_hat=3  ACC=0.6282  NMI=0.6771  ARI=0.5002  0.2s

=== P1L_S3_C1 train[4] k=3  dim=576  frames=159  σ=0.5  fold=7 ===
  SSC-Block-TV-Col21: k_hat=3  ACC=0.9371  NMI=0.7974  ARI=0.8198  0.2s

=== P1L_S3_C1 train[5] k=3  dim=576  frames=172  σ=0.5  fold=7 ===
  SSC-Block-TV-Col21: k_hat=3  ACC=0.8430  NMI=0.7461  ARI=0.6424  0.3s

=== P1L_S3_C1 train[6] k=3  dim=576  frames=176  σ=0.5  fold=7 ===
  SSC-Block-TV-Col21: k_hat=3  ACC=0.6932  NMI=0.5689  ARI=0.3697  0.3s

=== P1L_S3_C2 train[0] k=3  dim=576  frames=185  σ=0.5  fold=7 ===
  SSC-Block-TV-Col21: k_hat=3  ACC=0.9351  NMI=0.8233  ARI=0.8104  0.3s

=== P1L_S3_C2 train[1] k=3  dim=576  frames=125  σ=0.5  fold=7 ===
  SSC-Block-TV-Col21: k_hat=3  ACC=1.0000  NMI=1.0000  ARI=1.0000  0.2s

=== P1L_S3_C2 train[2] k=3  dim=576  frames=166  σ=0.5  fold=7 ===
  SSC-Block-TV-Col21: k_hat=3  ACC=1.0000  NMI=1.0000  ARI=1.0000  0.2s

=== P1L_S3_C2 train[3] k=3  dim=576  frames=209  σ=0.5  fold=7 ===
  SSC-Block-TV-Col21: k_hat=3  ACC=0.7321  NMI=0.5271  ARI=0.4184  0.4s

=== P1L_S3_C2 train[4] k=3  dim=576  frames=168  σ=0.5  fold=7 ===
  SSC-Block-TV-Col21: k_hat=3  ACC=0.9940  NMI=0.9727  ARI=0.9864  0.2s

=== P1L_S3_C2 train[5] k=3  dim=576  frames=187  σ=0.5  fold=7 ===
  SSC-Block-TV-Col21: k_hat=3  ACC=0.5722  NMI=0.6619  ARI=0.4650  0.3s

=== P1L_S3_C2 train[6] k=3  dim=576  frames=229  σ=0.5  fold=7 ===
  SSC-Block-TV-Col21: k_hat=3  ACC=0.5197  NMI=0.6157  ARI=0.4289  0.4s

=== P1L_S3_C3 train[0] k=3  dim=576  frames=151  σ=0.5  fold=7 ===
  SSC-Block-TV-Col21: k_hat=3  ACC=1.0000  NMI=1.0000  ARI=1.0000  0.2s

=== P1L_S3_C3 train[1] k=3  dim=576  frames=118  σ=0.5  fold=7 ===
  SSC-Block-TV-Col21: k_hat=3  ACC=0.8983  NMI=0.7946  ARI=0.7354  0.1s

=== P1L_S3_C3 train[2] k=3  dim=576  frames=121  σ=0.5  fold=7 ===
  SSC-Block-TV-Col21: k_hat=3  ACC=1.0000  NMI=1.0000  ARI=1.0000  0.2s

=== P1L_S3_C3 train[3] k=3  dim=576  frames=142  σ=0.5  fold=7 ===
  SSC-Block-TV-Col21: k_hat=3  ACC=0.7958  NMI=0.6968  ARI=0.5429  0.2s

=== P1L_S3_C3 train[4] k=3  dim=576  frames=134  σ=0.5  fold=7 ===
  SSC-Block-TV-Col21: k_hat=3  ACC=0.8507  NMI=0.7327  ARI=0.6091  0.2s

=== P1L_S3_C3 train[5] k=3  dim=576  frames=110  σ=0.5  fold=7 ===
  SSC-Block-TV-Col21: k_hat=3  ACC=0.8455  NMI=0.7128  ARI=0.6273  0.1s

=== P1L_S3_C3 train[6] k=3  dim=576  frames=161  σ=0.5  fold=7 ===
  SSC-Block-TV-Col21: k_hat=3  ACC=0.8323  NMI=0.7023  ARI=0.6433  0.2s

=== P1L_S4_C1 train[0] k=3  dim=576  frames=200  σ=0.5  fold=7 ===
  SSC-Block-TV-Col21: k_hat=3  ACC=0.7350  NMI=0.6902  ARI=0.5295  0.3s

=== P1L_S4_C1 train[1] k=3  dim=576  frames=157  σ=0.5  fold=7 ===
  SSC-Block-TV-Col21: k_hat=3  ACC=1.0000  NMI=1.0000  ARI=1.0000  0.2s

=== P1L_S4_C1 train[2] k=3  dim=576  frames=154  σ=0.5  fold=7 ===
  SSC-Block-TV-Col21: k_hat=3  ACC=1.0000  NMI=1.0000  ARI=1.0000  0.2s

=== P1L_S4_C1 train[3] k=3  dim=576  frames=168  σ=0.5  fold=7 ===
  SSC-Block-TV-Col21: k_hat=3  ACC=0.7857  NMI=0.5714  ARI=0.4924  0.2s

=== P1L_S4_C1 train[4] k=3  dim=576  frames=142  σ=0.5  fold=7 ===
  SSC-Block-TV-Col21: k_hat=3  ACC=0.9930  NMI=0.9688  ARI=0.9787  0.2s

=== P1L_S4_C1 train[5] k=3  dim=576  frames=164  σ=0.5  fold=7 ===
  SSC-Block-TV-Col21: k_hat=3  ACC=0.9573  NMI=0.8816  ARI=0.8804  0.2s

=== P1L_S4_C1 train[6] k=3  dim=576  frames=187  σ=0.5  fold=7 ===
  SSC-Block-TV-Col21: k_hat=3  ACC=0.6203  NMI=0.4931  ARI=0.4063  0.3s

=== P1L_S4_C2 train[0] k=3  dim=576  frames=157  σ=0.5  fold=7 ===
  SSC-Block-TV-Col21: k_hat=3  ACC=0.7771  NMI=0.6675  ARI=0.4827  0.2s

=== P1L_S4_C2 train[1] k=3  dim=576  frames=149  σ=0.5  fold=7 ===
  SSC-Block-TV-Col21: k_hat=3  ACC=0.9396  NMI=0.8435  ARI=0.8159  0.2s

=== P1L_S4_C2 train[2] k=3  dim=576  frames=175  σ=0.5  fold=7 ===
  SSC-Block-TV-Col21: k_hat=3  ACC=1.0000  NMI=1.0000  ARI=1.0000  0.3s

=== P1L_S4_C2 train[3] k=3  dim=576  frames=168  σ=0.5  fold=7 ===
  SSC-Block-TV-Col21: k_hat=3  ACC=0.8571  NMI=0.7125  ARI=0.6257  0.2s

=== P1L_S4_C2 train[4] k=3  dim=576  frames=154  σ=0.5  fold=7 ===
  SSC-Block-TV-Col21: k_hat=3  ACC=0.9935  NMI=0.9708  ARI=0.9850  0.2s

=== P1L_S4_C2 train[5] k=3  dim=576  frames=152  σ=0.5  fold=7 ===
  SSC-Block-TV-Col21: k_hat=3  ACC=0.8618  NMI=0.7611  ARI=0.6804  0.2s

=== P1L_S4_C2 train[6] k=3  dim=576  frames=169  σ=0.5  fold=7 ===
  SSC-Block-TV-Col21: k_hat=3  ACC=0.9349  NMI=0.8469  ARI=0.8469  0.2s

=== P1L_S4_C3 train[0] k=3  dim=576  frames=96  σ=0.5  fold=7 ===
  SSC-Block-TV-Col21: k_hat=3  ACC=0.9062  NMI=0.7950  ARI=0.7353  0.1s

=== P1L_S4_C3 train[1] k=3  dim=576  frames=107  σ=0.5  fold=7 ===
  SSC-Block-TV-Col21: k_hat=3  ACC=1.0000  NMI=1.0000  ARI=1.0000  0.1s

=== P1L_S4_C3 train[2] k=3  dim=576  frames=94  σ=0.5  fold=7 ===
  SSC-Block-TV-Col21: k_hat=3  ACC=1.0000  NMI=1.0000  ARI=1.0000  0.1s

=== P1L_S4_C3 train[3] k=3  dim=576  frames=117  σ=0.5  fold=7 ===
  SSC-Block-TV-Col21: k_hat=3  ACC=0.6410  NMI=0.6653  ARI=0.4934  0.1s

=== P1L_S4_C3 train[4] k=3  dim=576  frames=112  σ=0.5  fold=7 ===
  SSC-Block-TV-Col21: k_hat=3  ACC=0.7768  NMI=0.7083  ARI=0.5595  0.1s

=== P1L_S4_C3 train[5] k=3  dim=576  frames=103  σ=0.5  fold=7 ===
  SSC-Block-TV-Col21: k_hat=3  ACC=0.9709  NMI=0.9072  ARI=0.9110  0.1s

=== P1L_S4_C3 train[6] k=3  dim=576  frames=105  σ=0.5  fold=7 ===
  SSC-Block-TV-Col21: k_hat=3  ACC=0.8571  NMI=0.7293  ARI=0.6715  0.1s

=== P1E_S1_C1 test[0] k=3  dim=576  frames=171  σ=0.5  fold=7 ===
  SSC-Block-TV-Col21: k_hat=3  ACC=0.9942  NMI=0.9732  ARI=0.9831  0.3s

=== P1E_S1_C2 test[0] k=3  dim=576  frames=134  σ=0.5  fold=7 ===
  SSC-Block-TV-Col21: k_hat=3  ACC=0.9851  NMI=0.9443  ARI=0.9564  0.2s

=== P1E_S1_C3 test[0] k=3  dim=576  frames=69  σ=0.5  fold=7 ===
  SSC-Block-TV-Col21: k_hat=3  ACC=0.8986  NMI=0.7416  ARI=0.7208  0.1s

=== P1E_S2_C1 test[0] k=3  dim=576  frames=153  σ=0.5  fold=7 ===
  SSC-Block-TV-Col21: k_hat=3  ACC=1.0000  NMI=1.0000  ARI=1.0000  0.2s

=== P1E_S2_C2 test[0] k=3  dim=576  frames=126  σ=0.5  fold=7 ===
  SSC-Block-TV-Col21: k_hat=3  ACC=0.9921  NMI=0.9656  ARI=0.9763  0.2s

=== P1E_S2_C3 test[0] k=3  dim=576  frames=89  σ=0.5  fold=7 ===
  SSC-Block-TV-Col21: k_hat=3  ACC=0.9775  NMI=0.9248  ARI=0.9383  0.1s

=== P1E_S3_C1 test[0] k=3  dim=576  frames=112  σ=0.5  fold=7 ===
  SSC-Block-TV-Col21: k_hat=3  ACC=0.8393  NMI=0.6996  ARI=0.6345  0.1s

=== P1E_S3_C2 test[0] k=3  dim=576  frames=114  σ=0.5  fold=7 ===
  SSC-Block-TV-Col21: k_hat=3  ACC=0.9561  NMI=0.8516  ARI=0.8938  0.1s

=== P1E_S3_C3 test[0] k=3  dim=576  frames=84  σ=0.5  fold=7 ===
  SSC-Block-TV-Col21: k_hat=3  ACC=0.9881  NMI=0.9523  ARI=0.9667  0.1s

=== P1E_S4_C1 test[0] k=3  dim=576  frames=145  σ=0.5  fold=7 ===
  SSC-Block-TV-Col21: k_hat=3  ACC=0.9310  NMI=0.8107  ARI=0.8219  0.2s

=== P1E_S4_C2 test[0] k=3  dim=576  frames=110  σ=0.5  fold=7 ===
  SSC-Block-TV-Col21: k_hat=3  ACC=0.9909  NMI=0.9623  ARI=0.9753  0.1s

=== P1E_S4_C3 test[0] k=3  dim=576  frames=79  σ=0.5  fold=7 ===
  SSC-Block-TV-Col21: k_hat=3  ACC=0.7848  NMI=0.6808  ARI=0.5965  0.1s

=== P1L_S1_C1 test[0] k=3  dim=576  frames=175  σ=0.5  fold=7 ===
  SSC-Block-TV-Col21: k_hat=3  ACC=1.0000  NMI=1.0000  ARI=1.0000  0.3s

=== P1L_S1_C2 test[0] k=3  dim=576  frames=168  σ=0.5  fold=7 ===
  SSC-Block-TV-Col21: k_hat=3  ACC=0.6607  NMI=0.4260  ARI=0.2192  0.2s

=== P1L_S1_C3 test[0] k=3  dim=576  frames=75  σ=0.5  fold=7 ===
  SSC-Block-TV-Col21: k_hat=3  ACC=0.9867  NMI=0.9474  ARI=0.9569  0.1s

=== P1L_S2_C1 test[0] k=3  dim=576  frames=133  σ=0.5  fold=7 ===
  SSC-Block-TV-Col21: k_hat=3  ACC=1.0000  NMI=1.0000  ARI=1.0000  0.2s

=== P1L_S2_C2 test[0] k=3  dim=576  frames=154  σ=0.5  fold=7 ===
  SSC-Block-TV-Col21: k_hat=3  ACC=0.8766  NMI=0.7871  ARI=0.7514  0.2s

=== P1L_S2_C3 test[0] k=3  dim=576  frames=99  σ=0.5  fold=7 ===
  SSC-Block-TV-Col21: k_hat=3  ACC=0.9798  NMI=0.9303  ARI=0.9424  0.1s

=== P1L_S3_C1 test[0] k=3  dim=576  frames=134  σ=0.5  fold=7 ===
  SSC-Block-TV-Col21: k_hat=3  ACC=0.9552  NMI=0.8691  ARI=0.8600  0.2s

=== P1L_S3_C2 test[0] k=3  dim=576  frames=136  σ=0.5  fold=7 ===
  SSC-Block-TV-Col21: k_hat=3  ACC=0.9559  NMI=0.8746  ARI=0.8649  0.2s

=== P1L_S3_C3 test[0] k=3  dim=576  frames=114  σ=0.5  fold=7 ===
  SSC-Block-TV-Col21: k_hat=3  ACC=0.9825  NMI=0.9372  ARI=0.9534  0.1s

=== P1L_S4_C1 test[0] k=3  dim=576  frames=202  σ=0.5  fold=7 ===
  SSC-Block-TV-Col21: k_hat=3  ACC=0.9901  NMI=0.9593  ARI=0.9706  0.3s

=== P1L_S4_C2 test[0] k=3  dim=576  frames=153  σ=0.5  fold=7 ===
  SSC-Block-TV-Col21: k_hat=3  ACC=0.8497  NMI=0.7005  ARI=0.5900  0.2s

=== P1L_S4_C3 test[0] k=3  dim=576  frames=107  σ=0.5  fold=7 ===
  SSC-Block-TV-Col21: k_hat=3  ACC=0.9720  NMI=0.9111  ARI=0.9208  0.1s

=== inference time per method ===
  SSC-Block-TV-Col21: mean=0.1795s  std=0.0770s  total=275.7s  n=1536
wrote /nfs/turbo/umms-minjilab/lpullela/icassp_ssc_tv2/block_ssc_benchmark/cv/results/surveillance/split_k3_sigmas_min30_trials20_knownk_cv_ssc_block_tv_col21_k3_sigma0p5_timing.json

=== mean over matrices ===
  SSC-Block-TV-Col21 train σ=0.5: ACC=0.8527  NMI=0.7875  ARI=0.7225  n=1344
  SSC-Block-TV-Col21 test σ=0.5: ACC=0.8538  NMI=0.7868  ARI=0.7220  n=192

wrote /nfs/turbo/umms-minjilab/lpullela/icassp_ssc_tv2/block_ssc_benchmark/cv/results/surveillance/split_k3_sigmas_min30_trials20_knownk_cv_ssc_block_tv_col21_k3_sigma0p5.csv
end=Mon Sep  7 02:00:45 EDT 2026
Experiment completed!
