========================================
Job: cv_ssc_block_tv_col21_k5_s0
Method: SSC-Block-TV-Col21  k: 5  sigma: 0.0  tune_pool_groups: 20
========================================
host=gl3210.arc-ts.umich.edu  python=/home/lpullela/miniconda3/envs/ssc_559/bin/python  start=Sun Sep  6 18:11:32 EDT 2026
Loading P1E_S1_C1
  Y: (576, 1236)  people=25  frames/person=[60, 61, 50, 48, 51, 35, 41, 56, 55, 49, 65, 50, 63, 38, 61, 48, 50, 49, 50, 30, 42, 60, 32, 39, 53]  min=30
Loading P1E_S1_C2
  Y: (576, 1031)  people=25  frames/person=[42, 48, 31, 35, 50, 45, 30, 32, 38, 40, 61, 41, 47, 33, 46, 36, 41, 45, 42, 36, 33, 50, 53, 33, 43]  min=30
Loading P1E_S1_C3
  Y: (576, 453)  people=25  frames/person=[15, 22, 16, 16, 17, 13, 14, 19, 14, 25, 26, 12, 21, 18, 22, 19, 13, 19, 16, 15, 8, 15, 30, 20, 28]  min=8
  warning: 24 people have fewer than 30 available frames (kept all)
Loading P1E_S2_C1
  Y: (576, 1256)  people=25  frames/person=[65, 50, 50, 51, 53, 48, 49, 60, 33, 48, 61, 58, 52, 32, 55, 35, 45, 53, 40, 53, 51, 65, 64, 42, 43]  min=32
Loading P1E_S2_C2
  Y: (576, 1042)  people=25  frames/person=[33, 48, 38, 41, 53, 36, 39, 47, 51, 36, 55, 44, 43, 25, 42, 41, 37, 45, 41, 38, 40, 54, 49, 33, 33]  min=25
  warning: 1 people have fewer than 30 available frames (kept all)
Loading P1E_S2_C3
  Y: (576, 816)  people=25  frames/person=[36, 33, 28, 32, 42, 37, 31, 36, 31, 23, 42, 36, 35, 20, 33, 33, 32, 32, 32, 29, 32, 42, 38, 27, 24]  min=20
  warning: 6 people have fewer than 30 available frames (kept all)
Loading P1E_S3_C1
  Y: (576, 1255)  people=25  frames/person=[43, 39, 47, 52, 58, 96, 42, 31, 79, 33, 67, 55, 44, 34, 40, 48, 54, 77, 45, 41, 46, 53, 56, 38, 37]  min=31
Loading P1E_S3_C2
  Y: (576, 1126)  people=25  frames/person=[57, 56, 35, 40, 49, 75, 34, 40, 70, 26, 65, 54, 43, 28, 32, 43, 48, 31, 36, 33, 42, 71, 57, 30, 31]  min=26
  warning: 2 people have fewer than 30 available frames (kept all)
Loading P1E_S3_C3
  Y: (576, 866)  people=25  frames/person=[43, 36, 24, 33, 37, 47, 29, 37, 55, 18, 40, 40, 31, 22, 30, 39, 35, 45, 30, 28, 30, 50, 42, 20, 25]  min=18
  warning: 7 people have fewer than 30 available frames (kept all)
Loading P1E_S4_C1
  Y: (576, 1247)  people=25  frames/person=[58, 54, 34, 56, 50, 59, 50, 56, 74, 38, 75, 35, 46, 31, 53, 40, 57, 32, 56, 33, 48, 67, 59, 48, 38]  min=31
Loading P1E_S4_C2
  Y: (576, 1051)  people=25  frames/person=[37, 37, 41, 46, 41, 49, 38, 45, 65, 30, 39, 48, 50, 34, 43, 36, 47, 52, 45, 37, 38, 50, 30, 37, 36]  min=30
Loading P1E_S4_C3
  Y: (576, 719)  people=25  frames/person=[28, 29, 22, 29, 24, 36, 31, 29, 33, 25, 37, 19, 28, 21, 25, 27, 25, 41, 27, 29, 26, 31, 45, 29, 23]  min=19
  warning: 18 people have fewer than 30 available frames (kept all)
Loading P1L_S1_C1
  Y: (576, 1391)  people=25  frames/person=[65, 68, 43, 64, 47, 40, 58, 33, 75, 41, 58, 72, 58, 49, 66, 67, 65, 43, 59, 57, 58, 51, 67, 32, 55]  min=32
Loading P1L_S1_C2
  Y: (576, 1309)  people=25  frames/person=[30, 65, 37, 63, 66, 54, 52, 52, 43, 49, 71, 49, 58, 48, 54, 66, 56, 36, 48, 49, 55, 66, 52, 39, 51]  min=30
Loading P1L_S1_C3
  Y: (576, 565)  people=25  frames/person=[27, 29, 20, 26, 19, 25, 22, 12, 28, 25, 20, 25, 23, 18, 21, 23, 25, 26, 23, 21, 18, 18, 30, 18, 23]  min=12
  warning: 24 people have fewer than 30 available frames (kept all)
Loading P1L_S2_C1
  Y: (576, 1470)  people=25  frames/person=[73, 68, 53, 64, 65, 41, 73, 55, 37, 31, 82, 75, 63, 45, 34, 48, 74, 84, 71, 64, 62, 65, 48, 33, 62]  min=31
Loading P1L_S2_C2
  Y: (576, 1393)  people=25  frames/person=[64, 65, 49, 62, 69, 69, 63, 61, 80, 34, 89, 57, 53, 52, 55, 38, 30, 30, 66, 36, 57, 51, 73, 41, 49]  min=30
Loading P1L_S2_C3
  Y: (576, 897)  people=25  frames/person=[40, 36, 29, 28, 35, 37, 36, 36, 50, 28, 55, 46, 34, 31, 35, 32, 30, 48, 37, 29, 36, 39, 45, 19, 26]  min=19
  warning: 6 people have fewer than 30 available frames (kept all)
Loading P1L_S3_C1
  Y: (576, 1329)  people=25  frames/person=[31, 33, 30, 51, 74, 75, 59, 65, 66, 43, 47, 39, 65, 50, 58, 71, 67, 36, 57, 35, 62, 31, 74, 59, 51]  min=30
Loading P1L_S3_C2
  Y: (576, 1472)  people=25  frames/person=[78, 38, 48, 51, 54, 71, 61, 71, 32, 50, 75, 38, 72, 63, 48, 67, 49, 87, 52, 56, 58, 85, 73, 56, 39]  min=32
Loading P1L_S3_C3
  Y: (576, 1105)  people=25  frames/person=[48, 44, 38, 38, 39, 45, 35, 55, 52, 26, 81, 39, 36, 36, 44, 54, 42, 61, 38, 31, 34, 53, 51, 44, 41]  min=26
  warning: 1 people have fewer than 30 available frames (kept all)
Loading P1L_S4_C1
  Y: (576, 1443)  people=25  frames/person=[50, 69, 44, 41, 78, 43, 32, 71, 45, 65, 59, 39, 56, 57, 68, 69, 70, 73, 51, 63, 47, 70, 57, 52, 74]  min=32
Loading P1L_S4_C2
  Y: (576, 1327)  people=25  frames/person=[71, 34, 39, 54, 63, 67, 52, 39, 52, 56, 59, 50, 51, 53, 63, 50, 71, 63, 48, 35, 31, 71, 43, 52, 60]  min=31
Loading P1L_S4_C3
  Y: (576, 880)  people=25  frames/person=[37, 41, 23, 26, 32, 34, 22, 32, 50, 29, 38, 44, 31, 34, 37, 39, 39, 39, 38, 26, 25, 50, 41, 33, 40]  min=22
  warning: 6 people have fewer than 30 available frames (kept all)
sequences=24  people=25  k=5
frames/person ~ Unif[30, 100]
down_hw=24  sigmas=(0.0,)  n_trials=20  known_k=True  csv=split_k5_clean_min30_trials20_knownk_scaled_cv_ssc_block_tv_col21_k5_sigma0.csv
SSC-Block-TV block_size searched in [2, 12]
CV mode: 5 folds of size 5, each rotated as test
  group 0: ['0006', '0013', '0014', '0022', '0027']
  group 1: ['0004', '0009', '0019', '0025', '0026']
  group 2: ['0001', '0005', '0011', '0023', '0024']
  group 3: ['0007', '0010', '0015', '0016', '0021']
  group 4: ['0003', '0012', '0017', '0018', '0020']
methods=['SSC-Block-TV-Col21']  append=False  hetero_noise=False  no_tune=False
  tune_pool_groups=20: sampling from 20 held-in people (overlap allowed) instead of the 4 fixed partition group(s)

============================================================
σ=0.0 fold=0  test=['0006', '0013', '0014', '0022', '0027']  train mats=96  test mats=24  tune mats=480
  --- tune SSC-Block-TV-Col21 over 480 train mats  n_trials=40 (4 params) ---
  SSC-Block-TV-Col21 trial 0: mean ARI=0.6049  n=480  167.9s  lambda_e=1, lambda_z=0.1, gamma_q=0.1, block_size=5
  SSC-Block-TV-Col21 trial 1: mean ARI=0.6772  n=480  165.1s  lambda_e=0.443, lambda_z=0.7257, gamma_q=0.2577, block_size=7
  SSC-Block-TV-Col21 trial 2: mean ARI=0.7247  n=480  163.6s  lambda_e=0.1866, lambda_z=0.3833, gamma_q=0.05628, block_size=11
  SSC-Block-TV-Col21 trial 3: mean ARI=0.4552  n=480  165.2s  lambda_e=7.78, lambda_z=0.03418, gamma_q=1.469, block_size=7
  SSC-Block-TV-Col21 trial 4: mean ARI=0.6327  n=480  175.9s  lambda_e=0.506, lambda_z=5.039, gamma_q=0.001924, block_size=2
  SSC-Block-TV-Col21 trial 5: mean ARI=0.4634  n=480  165.0s  lambda_e=0.0115, lambda_z=2.14, gamma_q=1.296, block_size=11
  SSC-Block-TV-Col21 trial 6: mean ARI=0.7055  n=480  163.8s  lambda_e=8.627, lambda_z=1.573, gamma_q=0.07013, block_size=10
  SSC-Block-TV-Col21 trial 7: mean ARI=0.7786  n=480  163.8s  lambda_e=0.02264, lambda_z=0.3628, gamma_q=0.003745, block_size=12
  SSC-Block-TV-Col21 trial 8: mean ARI=0.7527  n=480  164.4s  lambda_e=0.3677, lambda_z=0.04557, gamma_q=0.01143, block_size=10
  SSC-Block-TV-Col21 trial 9: mean ARI=0.7688  n=480  163.9s  lambda_e=0.2336, lambda_z=0.1878, gamma_q=0.001189, block_size=8
  SSC-Block-TV-Col21 trial 10: mean ARI=0.5197  n=480  175.2s  lambda_e=0.01151, lambda_z=0.001661, gamma_q=6.473, block_size=2
  SSC-Block-TV-Col21 trial 11: mean ARI=0.7725  n=480  164.1s  lambda_e=0.05789, lambda_z=0.1589, gamma_q=0.001276, block_size=8
  SSC-Block-TV-Col21 trial 12: mean ARI=0.6589  n=480  166.3s  lambda_e=0.03705, lambda_z=0.00525, gamma_q=0.006143, block_size=12
  SSC-Block-TV-Col21 trial 13: mean ARI=0.7478  n=480  177.0s  lambda_e=0.04693, lambda_z=0.01302, gamma_q=0.007133, block_size=5
  SSC-Block-TV-Col21 trial 14: mean ARI=0.7747  n=480  173.2s  lambda_e=0.05946, lambda_z=0.1905, gamma_q=0.003034, block_size=9
  SSC-Block-TV-Col21 trial 15: mean ARI=0.6761  n=480  173.1s  lambda_e=0.09713, lambda_z=7.364, gamma_q=0.02311, block_size=12
  SSC-Block-TV-Col21 trial 16: mean ARI=0.7901  n=480  174.1s  lambda_e=0.02243, lambda_z=0.4296, gamma_q=0.003587, block_size=9
  SSC-Block-TV-Col21 trial 17: mean ARI=0.8134  n=480  178.3s  lambda_e=0.02314, lambda_z=0.8864, gamma_q=0.02035, block_size=5
  SSC-Block-TV-Col21 trial 18: mean ARI=0.8152  n=480  179.1s  lambda_e=0.02018, lambda_z=1.452, gamma_q=0.01855, block_size=4
  SSC-Block-TV-Col21 trial 19: mean ARI=0.7494  n=480  179.0s  lambda_e=0.1242, lambda_z=1.844, gamma_q=0.02095, block_size=4
  SSC-Block-TV-Col21 trial 20: mean ARI=0.5445  n=480  177.9s  lambda_e=0.025, lambda_z=1.185, gamma_q=0.1828, block_size=4
  SSC-Block-TV-Col21 trial 21: mean ARI=0.7925  n=480  175.1s  lambda_e=0.01941, lambda_z=3.438, gamma_q=0.02209, block_size=6
  SSC-Block-TV-Col21 trial 22: mean ARI=0.7992  n=480  174.5s  lambda_e=0.01002, lambda_z=3.145, gamma_q=0.02141, block_size=6
  SSC-Block-TV-Col21 trial 23: mean ARI=0.8201  n=480  180.0s  lambda_e=0.01157, lambda_z=9.08, gamma_q=0.0377, block_size=3
  SSC-Block-TV-Col21 trial 24: mean ARI=0.8188  n=480  176.1s  lambda_e=0.03377, lambda_z=0.8464, gamma_q=0.0393, block_size=3
  SSC-Block-TV-Col21 trial 25: mean ARI=0.6903  n=480  170.3s  lambda_e=0.1034, lambda_z=6.173, gamma_q=0.3155, block_size=3
  SSC-Block-TV-Col21 trial 26: mean ARI=0.8111  n=480  170.5s  lambda_e=0.03682, lambda_z=7.057, gamma_q=0.04207, block_size=3
  SSC-Block-TV-Col21 trial 27: mean ARI=0.7104  n=480  170.2s  lambda_e=0.0144, lambda_z=9.263, gamma_q=0.1449, block_size=3
  SSC-Block-TV-Col21 trial 28: mean ARI=0.6596  n=480  167.8s  lambda_e=2.859, lambda_z=0.763, gamma_q=0.6846, block_size=4
  SSC-Block-TV-Col21 trial 29: mean ARI=0.6722  n=480  174.3s  lambda_e=0.0346, lambda_z=0.08965, gamma_q=0.08864, block_size=2
  SSC-Block-TV-Col21 trial 30: mean ARI=0.8073  n=480  170.4s  lambda_e=0.07352, lambda_z=2.923, gamma_q=0.0419, block_size=3
  SSC-Block-TV-Col21 trial 31: mean ARI=0.8157  n=480  166.6s  lambda_e=0.01931, lambda_z=0.9887, gamma_q=0.01203, block_size=5
  SSC-Block-TV-Col21 trial 32: mean ARI=0.8151  n=480  168.2s  lambda_e=0.01666, lambda_z=0.5891, gamma_q=0.009587, block_size=4
  SSC-Block-TV-Col21 trial 33: mean ARI=0.7967  n=480  165.6s  lambda_e=0.03353, lambda_z=1.249, gamma_q=0.01323, block_size=6
  SSC-Block-TV-Col21 trial 34: mean ARI=0.7298  n=480  168.5s  lambda_e=0.01563, lambda_z=0.3732, gamma_q=0.04826, block_size=5
  SSC-Block-TV-Col21 trial 35: mean ARI=0.7156  n=480  174.9s  lambda_e=0.02965, lambda_z=4.174, gamma_q=0.109, block_size=4
  SSC-Block-TV-Col21 trial 36: mean ARI=0.8383  n=480  182.9s  lambda_e=0.04923, lambda_z=2.37, gamma_q=0.0332, block_size=2
  SSC-Block-TV-Col21 trial 37: mean ARI=0.7452  n=480  183.3s  lambda_e=0.1496, lambda_z=2.532, gamma_q=0.3432, block_size=2
  SSC-Block-TV-Col21 trial 38: mean ARI=0.8156  n=480  176.1s  lambda_e=0.07789, lambda_z=0.7009, gamma_q=0.0352, block_size=3
  SSC-Block-TV-Col21 trial 39: mean ARI=0.6999  n=480  178.4s  lambda_e=1.666, lambda_z=4.793, gamma_q=0.06705, block_size=2
    best mean ARI=0.8383  tune 6869.7s  lambda_e=0.04923, lambda_z=2.37, gamma_q=0.0332, block_size=2
  wrote /nfs/turbo/umms-minjilab/lpullela/icassp_ssc_tv2/block_ssc_benchmark/cv/params/surveillance/split_k5_clean_min30_trials20_knownk_scaled_params_cv_ssc_block_tv_col21_k5_sigma0_sigma0_fold0.json

=== P1E_S1_C1 train[0] k=5  dim=576  frames=212  σ=0.0  fold=0 ===
  SSC-Block-TV-Col21: k_hat=5  ACC=0.9858  NMI=0.9682  ARI=0.9672  0.3s

=== P1E_S1_C1 train[1] k=5  dim=576  frames=265  σ=0.0  fold=0 ===
  SSC-Block-TV-Col21: k_hat=5  ACC=0.6981  NMI=0.7994  ARI=0.6311  0.5s

=== P1E_S1_C1 train[2] k=5  dim=576  frames=242  σ=0.0  fold=0 ===
  SSC-Block-TV-Col21: k_hat=5  ACC=0.6777  NMI=0.7730  ARI=0.5926  0.5s

=== P1E_S1_C1 train[3] k=5  dim=576  frames=268  σ=0.0  fold=0 ===
  SSC-Block-TV-Col21: k_hat=5  ACC=1.0000  NMI=1.0000  ARI=1.0000  0.5s

=== P1E_S1_C2 train[0] k=5  dim=576  frames=188  σ=0.0  fold=0 ===
  SSC-Block-TV-Col21: k_hat=5  ACC=0.9521  NMI=0.9095  ARI=0.8669  0.3s

=== P1E_S1_C2 train[1] k=5  dim=576  frames=198  σ=0.0  fold=0 ===
  SSC-Block-TV-Col21: k_hat=5  ACC=0.9394  NMI=0.9154  ARI=0.8630  0.3s

=== P1E_S1_C2 train[2] k=5  dim=576  frames=199  σ=0.0  fold=0 ===
  SSC-Block-TV-Col21: k_hat=5  ACC=0.7035  NMI=0.8214  ARI=0.6754  0.3s

=== P1E_S1_C2 train[3] k=5  dim=576  frames=215  σ=0.0  fold=0 ===
  SSC-Block-TV-Col21: k_hat=5  ACC=0.9860  NMI=0.9626  ARI=0.9652  0.4s

=== P1E_S1_C3 train[0] k=5  dim=576  frames=93  σ=0.0  fold=0 ===
  SSC-Block-TV-Col21: k_hat=5  ACC=0.9785  NMI=0.9546  ARI=0.9423  0.1s

=== P1E_S1_C3 train[1] k=5  dim=576  frames=68  σ=0.0  fold=0 ===
  SSC-Block-TV-Col21: k_hat=5  ACC=0.9265  NMI=0.8798  ARI=0.8386  0.1s

=== P1E_S1_C3 train[2] k=5  dim=576  frames=87  σ=0.0  fold=0 ===
  SSC-Block-TV-Col21: k_hat=5  ACC=0.9770  NMI=0.9559  ARI=0.9488  0.1s

=== P1E_S1_C3 train[3] k=5  dim=576  frames=107  σ=0.0  fold=0 ===
  SSC-Block-TV-Col21: k_hat=5  ACC=0.9720  NMI=0.9366  ARI=0.9288  0.1s

=== P1E_S2_C1 train[0] k=5  dim=576  frames=250  σ=0.0  fold=0 ===
  SSC-Block-TV-Col21: k_hat=5  ACC=1.0000  NMI=1.0000  ARI=1.0000  0.5s

=== P1E_S2_C1 train[1] k=5  dim=576  frames=265  σ=0.0  fold=0 ===
  SSC-Block-TV-Col21: k_hat=5  ACC=1.0000  NMI=1.0000  ARI=1.0000  0.5s

=== P1E_S2_C1 train[2] k=5  dim=576  frames=232  σ=0.0  fold=0 ===
  SSC-Block-TV-Col21: k_hat=5  ACC=0.7672  NMI=0.8825  ARI=0.7870  0.4s

=== P1E_S2_C1 train[3] k=5  dim=576  frames=241  σ=0.0  fold=0 ===
  SSC-Block-TV-Col21: k_hat=5  ACC=0.7967  NMI=0.8258  ARI=0.7359  0.5s

=== P1E_S2_C2 train[0] k=5  dim=576  frames=196  σ=0.0  fold=0 ===
  SSC-Block-TV-Col21: k_hat=5  ACC=0.9898  NMI=0.9702  ARI=0.9743  0.3s

=== P1E_S2_C2 train[1] k=5  dim=576  frames=219  σ=0.0  fold=0 ===
  SSC-Block-TV-Col21: k_hat=5  ACC=0.9589  NMI=0.9318  ARI=0.9004  0.4s

=== P1E_S2_C2 train[2] k=5  dim=576  frames=192  σ=0.0  fold=0 ===
  SSC-Block-TV-Col21: k_hat=5  ACC=0.7135  NMI=0.7802  ARI=0.6168  0.3s

=== P1E_S2_C2 train[3] k=5  dim=576  frames=212  σ=0.0  fold=0 ===
  SSC-Block-TV-Col21: k_hat=5  ACC=0.9717  NMI=0.9370  ARI=0.9327  0.4s

=== P1E_S2_C3 train[0] k=5  dim=576  frames=156  σ=0.0  fold=0 ===
  SSC-Block-TV-Col21: k_hat=5  ACC=0.9167  NMI=0.8973  ARI=0.8142  0.2s

=== P1E_S2_C3 train[1] k=5  dim=576  frames=173  σ=0.0  fold=0 ===
  SSC-Block-TV-Col21: k_hat=5  ACC=0.9017  NMI=0.8968  ARI=0.8216  0.3s

=== P1E_S2_C3 train[2] k=5  dim=576  frames=160  σ=0.0  fold=0 ===
  SSC-Block-TV-Col21: k_hat=5  ACC=0.7750  NMI=0.8638  ARI=0.7654  0.2s

=== P1E_S2_C3 train[3] k=5  dim=576  frames=154  σ=0.0  fold=0 ===
  SSC-Block-TV-Col21: k_hat=5  ACC=0.9935  NMI=0.9818  ARI=0.9829  0.2s

=== P1E_S3_C1 train[0] k=5  dim=576  frames=237  σ=0.0  fold=0 ===
  SSC-Block-TV-Col21: k_hat=5  ACC=1.0000  NMI=1.0000  ARI=1.0000  0.5s

=== P1E_S3_C1 train[1] k=5  dim=576  frames=273  σ=0.0  fold=0 ===
  SSC-Block-TV-Col21: k_hat=5  ACC=0.7766  NMI=0.8719  ARI=0.7415  0.6s

=== P1E_S3_C1 train[2] k=5  dim=576  frames=250  σ=0.0  fold=0 ===
  SSC-Block-TV-Col21: k_hat=5  ACC=0.6080  NMI=0.6663  ARI=0.4577  0.5s

=== P1E_S3_C1 train[3] k=5  dim=576  frames=237  σ=0.0  fold=0 ===
  SSC-Block-TV-Col21: k_hat=5  ACC=0.8903  NMI=0.8971  ARI=0.8394  0.4s

=== P1E_S3_C2 train[0] k=5  dim=576  frames=204  σ=0.0  fold=0 ===
  SSC-Block-TV-Col21: k_hat=5  ACC=0.9412  NMI=0.9003  ARI=0.8699  0.3s

=== P1E_S3_C2 train[1] k=5  dim=576  frames=280  σ=0.0  fold=0 ===
  SSC-Block-TV-Col21: k_hat=5  ACC=0.7714  NMI=0.8313  ARI=0.6920  0.5s

=== P1E_S3_C2 train[2] k=5  dim=576  frames=222  σ=0.0  fold=0 ===
  SSC-Block-TV-Col21: k_hat=5  ACC=0.5811  NMI=0.7097  ARI=0.4847  0.4s

=== P1E_S3_C2 train[3] k=5  dim=576  frames=188  σ=0.0  fold=0 ===
  SSC-Block-TV-Col21: k_hat=5  ACC=0.9468  NMI=0.9103  ARI=0.8853  0.3s

=== P1E_S3_C3 train[0] k=5  dim=576  frames=150  σ=0.0  fold=0 ===
  SSC-Block-TV-Col21: k_hat=5  ACC=0.9867  NMI=0.9689  ARI=0.9677  0.2s

=== P1E_S3_C3 train[1] k=5  dim=576  frames=211  σ=0.0  fold=0 ===
  SSC-Block-TV-Col21: k_hat=5  ACC=0.9905  NMI=0.9764  ARI=0.9797  0.4s

=== P1E_S3_C3 train[2] k=5  dim=576  frames=167  σ=0.0  fold=0 ===
  SSC-Block-TV-Col21: k_hat=5  ACC=0.7545  NMI=0.8718  ARI=0.7429  0.3s

=== P1E_S3_C3 train[3] k=5  dim=576  frames=168  σ=0.0  fold=0 ===
  SSC-Block-TV-Col21: k_hat=5  ACC=0.9881  NMI=0.9731  ARI=0.9778  0.2s

=== P1E_S4_C1 train[0] k=5  dim=576  frames=248  σ=0.0  fold=0 ===
  SSC-Block-TV-Col21: k_hat=5  ACC=1.0000  NMI=1.0000  ARI=1.0000  0.5s

=== P1E_S4_C1 train[1] k=5  dim=576  frames=303  σ=0.0  fold=0 ===
  SSC-Block-TV-Col21: k_hat=5  ACC=0.9274  NMI=0.9111  ARI=0.8616  0.7s

=== P1E_S4_C1 train[2] k=5  dim=576  frames=248  σ=0.0  fold=0 ===
  SSC-Block-TV-Col21: k_hat=5  ACC=0.8548  NMI=0.8152  ARI=0.7378  0.5s

=== P1E_S4_C1 train[3] k=5  dim=576  frames=217  σ=0.0  fold=0 ===
  SSC-Block-TV-Col21: k_hat=5  ACC=0.9401  NMI=0.9150  ARI=0.8670  0.4s

=== P1E_S4_C2 train[0] k=5  dim=576  frames=193  σ=0.0  fold=0 ===
  SSC-Block-TV-Col21: k_hat=5  ACC=0.9948  NMI=0.9848  ARI=0.9868  0.3s

=== P1E_S4_C2 train[1] k=5  dim=576  frames=236  σ=0.0  fold=0 ===
  SSC-Block-TV-Col21: k_hat=5  ACC=0.9492  NMI=0.9108  ARI=0.8891  0.4s

=== P1E_S4_C2 train[2] k=5  dim=576  frames=223  σ=0.0  fold=0 ===
  SSC-Block-TV-Col21: k_hat=5  ACC=0.7175  NMI=0.8195  ARI=0.6846  0.4s

=== P1E_S4_C2 train[3] k=5  dim=576  frames=198  σ=0.0  fold=0 ===
  SSC-Block-TV-Col21: k_hat=5  ACC=0.7020  NMI=0.8284  ARI=0.6603  0.3s

=== P1E_S4_C3 train[0] k=5  dim=576  frames=152  σ=0.0  fold=0 ===
  SSC-Block-TV-Col21: k_hat=5  ACC=0.9605  NMI=0.9321  ARI=0.9010  0.2s

=== P1E_S4_C3 train[1] k=5  dim=576  frames=147  σ=0.0  fold=0 ===
  SSC-Block-TV-Col21: k_hat=5  ACC=0.9728  NMI=0.9315  ARI=0.9309  0.2s

=== P1E_S4_C3 train[2] k=5  dim=576  frames=141  σ=0.0  fold=0 ===
  SSC-Block-TV-Col21: k_hat=5  ACC=0.9858  NMI=0.9615  ARI=0.9646  0.2s

=== P1E_S4_C3 train[3] k=5  dim=576  frames=147  σ=0.0  fold=0 ===
  SSC-Block-TV-Col21: k_hat=5  ACC=0.9592  NMI=0.9200  ARI=0.8943  0.2s

=== P1L_S1_C1 train[0] k=5  dim=576  frames=265  σ=0.0  fold=0 ===
  SSC-Block-TV-Col21: k_hat=5  ACC=1.0000  NMI=1.0000  ARI=1.0000  0.5s

=== P1L_S1_C1 train[1] k=5  dim=576  frames=313  σ=0.0  fold=0 ===
  SSC-Block-TV-Col21: k_hat=5  ACC=0.9393  NMI=0.9147  ARI=0.8619  0.7s

=== P1L_S1_C1 train[2] k=5  dim=576  frames=239  σ=0.0  fold=0 ===
  SSC-Block-TV-Col21: k_hat=5  ACC=0.8243  NMI=0.8155  ARI=0.7224  0.4s

=== P1L_S1_C1 train[3] k=5  dim=576  frames=285  σ=0.0  fold=0 ===
  SSC-Block-TV-Col21: k_hat=5  ACC=1.0000  NMI=1.0000  ARI=1.0000  0.6s

=== P1L_S1_C2 train[0] k=5  dim=576  frames=236  σ=0.0  fold=0 ===
  SSC-Block-TV-Col21: k_hat=5  ACC=1.0000  NMI=1.0000  ARI=1.0000  0.4s

=== P1L_S1_C2 train[1] k=5  dim=576  frames=257  σ=0.0  fold=0 ===
  SSC-Block-TV-Col21: k_hat=5  ACC=1.0000  NMI=1.0000  ARI=1.0000  0.5s

=== P1L_S1_C2 train[2] k=5  dim=576  frames=260  σ=0.0  fold=0 ===
  SSC-Block-TV-Col21: k_hat=5  ACC=0.6885  NMI=0.8583  ARI=0.6929  0.5s

=== P1L_S1_C2 train[3] k=5  dim=576  frames=270  σ=0.0  fold=0 ===
  SSC-Block-TV-Col21: k_hat=5  ACC=1.0000  NMI=1.0000  ARI=1.0000  0.5s

=== P1L_S1_C3 train[0] k=5  dim=576  frames=115  σ=0.0  fold=0 ===
  SSC-Block-TV-Col21: k_hat=5  ACC=0.7304  NMI=0.8548  ARI=0.6715  0.1s

=== P1L_S1_C3 train[1] k=5  dim=576  frames=117  σ=0.0  fold=0 ===
  SSC-Block-TV-Col21: k_hat=5  ACC=0.7094  NMI=0.7916  ARI=0.6060  0.1s

=== P1L_S1_C3 train[2] k=5  dim=576  frames=101  σ=0.0  fold=0 ===
  SSC-Block-TV-Col21: k_hat=5  ACC=0.8020  NMI=0.7939  ARI=0.6505  0.1s

=== P1L_S1_C3 train[3] k=5  dim=576  frames=124  σ=0.0  fold=0 ===
  SSC-Block-TV-Col21: k_hat=5  ACC=0.9919  NMI=0.9784  ARI=0.9780  0.1s

=== P1L_S2_C1 train[0] k=5  dim=576  frames=281  σ=0.0  fold=0 ===
  SSC-Block-TV-Col21: k_hat=5  ACC=0.9253  NMI=0.9021  ARI=0.8382  0.6s

=== P1L_S2_C1 train[1] k=5  dim=576  frames=301  σ=0.0  fold=0 ===
  SSC-Block-TV-Col21: k_hat=5  ACC=0.7508  NMI=0.7821  ARI=0.6170  0.7s

=== P1L_S2_C1 train[2] k=5  dim=576  frames=275  σ=0.0  fold=0 ===
  SSC-Block-TV-Col21: k_hat=5  ACC=0.9018  NMI=0.9077  ARI=0.8561  0.6s

=== P1L_S2_C1 train[3] k=5  dim=576  frames=265  σ=0.0  fold=0 ===
  SSC-Block-TV-Col21: k_hat=5  ACC=1.0000  NMI=1.0000  ARI=1.0000  0.5s

=== P1L_S2_C2 train[0] k=5  dim=576  frames=256  σ=0.0  fold=0 ===
  SSC-Block-TV-Col21: k_hat=5  ACC=1.0000  NMI=1.0000  ARI=1.0000  0.5s

=== P1L_S2_C2 train[1] k=5  dim=576  frames=314  σ=0.0  fold=0 ===
  SSC-Block-TV-Col21: k_hat=5  ACC=0.8822  NMI=0.8785  ARI=0.7613  0.7s

=== P1L_S2_C2 train[2] k=5  dim=576  frames=301  σ=0.0  fold=0 ===
  SSC-Block-TV-Col21: k_hat=5  ACC=1.0000  NMI=1.0000  ARI=1.0000  0.7s

=== P1L_S2_C2 train[3] k=5  dim=576  frames=222  σ=0.0  fold=0 ===
  SSC-Block-TV-Col21: k_hat=5  ACC=1.0000  NMI=1.0000  ARI=1.0000  0.4s

=== P1L_S2_C3 train[0] k=5  dim=576  frames=159  σ=0.0  fold=0 ===
  SSC-Block-TV-Col21: k_hat=5  ACC=1.0000  NMI=1.0000  ARI=1.0000  0.2s

=== P1L_S2_C3 train[1] k=5  dim=576  frames=193  σ=0.0  fold=0 ===
  SSC-Block-TV-Col21: k_hat=5  ACC=0.8964  NMI=0.8854  ARI=0.7821  0.3s

=== P1L_S2_C3 train[2] k=5  dim=576  frames=175  σ=0.0  fold=0 ===
  SSC-Block-TV-Col21: k_hat=5  ACC=0.9371  NMI=0.9023  ARI=0.8566  0.3s

=== P1L_S2_C3 train[3] k=5  dim=576  frames=179  σ=0.0  fold=0 ===
  SSC-Block-TV-Col21: k_hat=5  ACC=1.0000  NMI=1.0000  ARI=1.0000  0.3s

=== P1L_S3_C1 train[0] k=5  dim=576  frames=289  σ=0.0  fold=0 ===
  SSC-Block-TV-Col21: k_hat=5  ACC=0.6228  NMI=0.7042  ARI=0.4413  0.6s

=== P1L_S3_C1 train[1] k=5  dim=576  frames=241  σ=0.0  fold=0 ===
  SSC-Block-TV-Col21: k_hat=5  ACC=0.8382  NMI=0.8036  ARI=0.6543  0.5s

=== P1L_S3_C1 train[2] k=5  dim=576  frames=312  σ=0.0  fold=0 ===
  SSC-Block-TV-Col21: k_hat=5  ACC=0.5801  NMI=0.6759  ARI=0.4740  0.7s

=== P1L_S3_C1 train[3] k=5  dim=576  frames=241  σ=0.0  fold=0 ===
  SSC-Block-TV-Col21: k_hat=5  ACC=0.9295  NMI=0.8952  ARI=0.8102  0.5s

=== P1L_S3_C2 train[0] k=5  dim=576  frames=287  σ=0.0  fold=0 ===
  SSC-Block-TV-Col21: k_hat=5  ACC=1.0000  NMI=1.0000  ARI=1.0000  0.6s

=== P1L_S3_C2 train[1] k=5  dim=576  frames=304  σ=0.0  fold=0 ===
  SSC-Block-TV-Col21: k_hat=5  ACC=0.7401  NMI=0.8069  ARI=0.6791  0.6s

=== P1L_S3_C2 train[2] k=5  dim=576  frames=329  σ=0.0  fold=0 ===
  SSC-Block-TV-Col21: k_hat=5  ACC=0.8784  NMI=0.8375  ARI=0.7530  0.8s

=== P1L_S3_C2 train[3] k=5  dim=576  frames=290  σ=0.0  fold=0 ===
  SSC-Block-TV-Col21: k_hat=5  ACC=0.7483  NMI=0.8593  ARI=0.7503  0.6s

=== P1L_S3_C3 train[0] k=5  dim=576  frames=210  σ=0.0  fold=0 ===
  SSC-Block-TV-Col21: k_hat=5  ACC=1.0000  NMI=1.0000  ARI=1.0000  0.3s

=== P1L_S3_C3 train[1] k=5  dim=576  frames=225  σ=0.0  fold=0 ===
  SSC-Block-TV-Col21: k_hat=5  ACC=1.0000  NMI=1.0000  ARI=1.0000  0.4s

=== P1L_S3_C3 train[2] k=5  dim=576  frames=210  σ=0.0  fold=0 ===
  SSC-Block-TV-Col21: k_hat=5  ACC=0.9857  NMI=0.9685  ARI=0.9699  0.3s

=== P1L_S3_C3 train[3] k=5  dim=576  frames=229  σ=0.0  fold=0 ===
  SSC-Block-TV-Col21: k_hat=5  ACC=0.9913  NMI=0.9788  ARI=0.9843  0.4s

=== P1L_S4_C1 train[0] k=5  dim=576  frames=255  σ=0.0  fold=0 ===
  SSC-Block-TV-Col21: k_hat=5  ACC=1.0000  NMI=1.0000  ARI=1.0000  0.5s

=== P1L_S4_C1 train[1] k=5  dim=576  frames=253  σ=0.0  fold=0 ===
  SSC-Block-TV-Col21: k_hat=5  ACC=1.0000  NMI=1.0000  ARI=1.0000  0.5s

=== P1L_S4_C1 train[2] k=5  dim=576  frames=278  σ=0.0  fold=0 ===
  SSC-Block-TV-Col21: k_hat=5  ACC=0.7878  NMI=0.8710  ARI=0.7338  0.6s

=== P1L_S4_C1 train[3] k=5  dim=576  frames=344  σ=0.0  fold=0 ===
  SSC-Block-TV-Col21: k_hat=5  ACC=0.7180  NMI=0.8573  ARI=0.7170  0.8s

=== P1L_S4_C2 train[0] k=5  dim=576  frames=257  σ=0.0  fold=0 ===
  SSC-Block-TV-Col21: k_hat=5  ACC=1.0000  NMI=1.0000  ARI=1.0000  0.5s

=== P1L_S4_C2 train[1] k=5  dim=576  frames=279  σ=0.0  fold=0 ===
  SSC-Block-TV-Col21: k_hat=5  ACC=0.9391  NMI=0.8933  ARI=0.8769  0.6s

=== P1L_S4_C2 train[2] k=5  dim=576  frames=258  σ=0.0  fold=0 ===
  SSC-Block-TV-Col21: k_hat=5  ACC=0.7713  NMI=0.7808  ARI=0.6220  0.5s

=== P1L_S4_C2 train[3] k=5  dim=576  frames=266  σ=0.0  fold=0 ===
  SSC-Block-TV-Col21: k_hat=5  ACC=1.0000  NMI=1.0000  ARI=1.0000  0.5s

=== P1L_S4_C3 train[0] k=5  dim=576  frames=158  σ=0.0  fold=0 ===
  SSC-Block-TV-Col21: k_hat=5  ACC=1.0000  NMI=1.0000  ARI=1.0000  0.2s

=== P1L_S4_C3 train[1] k=5  dim=576  frames=188  σ=0.0  fold=0 ===
  SSC-Block-TV-Col21: k_hat=5  ACC=0.6649  NMI=0.7693  ARI=0.5947  0.3s

=== P1L_S4_C3 train[2] k=5  dim=576  frames=169  σ=0.0  fold=0 ===
  SSC-Block-TV-Col21: k_hat=5  ACC=0.7337  NMI=0.8712  ARI=0.7355  0.3s

=== P1L_S4_C3 train[3] k=5  dim=576  frames=185  σ=0.0  fold=0 ===
  SSC-Block-TV-Col21: k_hat=5  ACC=1.0000  NMI=1.0000  ARI=1.0000  0.3s

=== P1E_S1_C1 test[0] k=5  dim=576  frames=249  σ=0.0  fold=0 ===
  SSC-Block-TV-Col21: k_hat=5  ACC=0.7510  NMI=0.8548  ARI=0.6817  0.5s

=== P1E_S1_C2 test[0] k=5  dim=576  frames=231  σ=0.0  fold=0 ===
  SSC-Block-TV-Col21: k_hat=5  ACC=0.9610  NMI=0.9176  ARI=0.9040  0.4s

=== P1E_S1_C3 test[0] k=5  dim=576  frames=98  σ=0.0  fold=0 ===
  SSC-Block-TV-Col21: k_hat=5  ACC=0.9184  NMI=0.8674  ARI=0.8237  0.1s

=== P1E_S2_C1 test[0] k=5  dim=576  frames=268  σ=0.0  fold=0 ===
  SSC-Block-TV-Col21: k_hat=5  ACC=0.6940  NMI=0.8085  ARI=0.6250  0.5s

=== P1E_S2_C2 test[0] k=5  dim=576  frames=223  σ=0.0  fold=0 ===
  SSC-Block-TV-Col21: k_hat=5  ACC=0.9552  NMI=0.9243  ARI=0.8786  0.4s

=== P1E_S2_C3 test[0] k=5  dim=576  frames=173  σ=0.0  fold=0 ===
  SSC-Block-TV-Col21: k_hat=5  ACC=1.0000  NMI=1.0000  ARI=1.0000  0.2s

=== P1E_S3_C1 test[0] k=5  dim=576  frames=258  σ=0.0  fold=0 ===
  SSC-Block-TV-Col21: k_hat=5  ACC=0.9225  NMI=0.8958  ARI=0.8124  0.5s

=== P1E_S3_C2 test[0] k=5  dim=576  frames=232  σ=0.0  fold=0 ===
  SSC-Block-TV-Col21: k_hat=5  ACC=0.9009  NMI=0.8625  ARI=0.7651  0.4s

=== P1E_S3_C3 test[0] k=5  dim=576  frames=170  σ=0.0  fold=0 ===
  SSC-Block-TV-Col21: k_hat=5  ACC=0.9941  NMI=0.9842  ARI=0.9888  0.2s

=== P1E_S4_C1 test[0] k=5  dim=576  frames=231  σ=0.0  fold=0 ===
  SSC-Block-TV-Col21: k_hat=5  ACC=0.9567  NMI=0.9271  ARI=0.8934  0.4s

=== P1E_S4_C2 test[0] k=5  dim=576  frames=201  σ=0.0  fold=0 ===
  SSC-Block-TV-Col21: k_hat=5  ACC=0.9751  NMI=0.9414  ARI=0.9381  0.3s

=== P1E_S4_C3 test[0] k=5  dim=576  frames=132  σ=0.0  fold=0 ===
  SSC-Block-TV-Col21: k_hat=5  ACC=0.9773  NMI=0.9459  ARI=0.9457  0.2s

=== P1L_S1_C1 test[0] k=5  dim=576  frames=289  σ=0.0  fold=0 ===
  SSC-Block-TV-Col21: k_hat=5  ACC=0.7612  NMI=0.8701  ARI=0.7333  0.6s

=== P1L_S1_C2 test[0] k=5  dim=576  frames=286  σ=0.0  fold=0 ===
  SSC-Block-TV-Col21: k_hat=5  ACC=1.0000  NMI=1.0000  ARI=1.0000  0.6s

=== P1L_S1_C3 test[0] k=5  dim=576  frames=108  σ=0.0  fold=0 ===
  SSC-Block-TV-Col21: k_hat=5  ACC=0.6389  NMI=0.7450  ARI=0.5147  0.1s

=== P1L_S2_C1 test[0] k=5  dim=576  frames=348  σ=0.0  fold=0 ===
  SSC-Block-TV-Col21: k_hat=5  ACC=0.8103  NMI=0.7621  ARI=0.6507  0.8s

=== P1L_S2_C2 test[0] k=5  dim=576  frames=300  σ=0.0  fold=0 ===
  SSC-Block-TV-Col21: k_hat=5  ACC=0.9367  NMI=0.9064  ARI=0.8464  0.6s

=== P1L_S2_C3 test[0] k=5  dim=576  frames=191  σ=0.0  fold=0 ===
  SSC-Block-TV-Col21: k_hat=5  ACC=1.0000  NMI=1.0000  ARI=1.0000  0.3s

=== P1L_S3_C1 test[0] k=5  dim=576  frames=246  σ=0.0  fold=0 ===
  SSC-Block-TV-Col21: k_hat=5  ACC=0.7846  NMI=0.8690  ARI=0.7345  0.5s

=== P1L_S3_C2 test[0] k=5  dim=576  frames=262  σ=0.0  fold=0 ===
  SSC-Block-TV-Col21: k_hat=5  ACC=0.7519  NMI=0.7589  ARI=0.5940  0.5s

=== P1L_S3_C3 test[0] k=5  dim=576  frames=231  σ=0.0  fold=0 ===
  SSC-Block-TV-Col21: k_hat=5  ACC=0.9957  NMI=0.9873  ARI=0.9926  0.4s

=== P1L_S4_C1 test[0] k=5  dim=576  frames=313  σ=0.0  fold=0 ===
  SSC-Block-TV-Col21: k_hat=5  ACC=0.9393  NMI=0.9133  ARI=0.8638  0.7s

=== P1L_S4_C2 test[0] k=5  dim=576  frames=267  σ=0.0  fold=0 ===
  SSC-Block-TV-Col21: k_hat=5  ACC=0.9438  NMI=0.9194  ARI=0.8801  0.5s

=== P1L_S4_C3 test[0] k=5  dim=576  frames=180  σ=0.0  fold=0 ===
  SSC-Block-TV-Col21: k_hat=5  ACC=1.0000  NMI=1.0000  ARI=1.0000  0.3s
  tune_pool_groups=20: sampling from 20 held-in people (overlap allowed) instead of the 4 fixed partition group(s)

============================================================
σ=0.0 fold=1  test=['0004', '0009', '0019', '0025', '0026']  train mats=96  test mats=24  tune mats=480
  --- tune SSC-Block-TV-Col21 over 480 train mats  n_trials=40 (4 params) ---
  SSC-Block-TV-Col21 trial 0: mean ARI=0.6005  n=480  193.6s  lambda_e=1, lambda_z=0.1, gamma_q=0.1, block_size=5
  SSC-Block-TV-Col21 trial 1: mean ARI=0.6618  n=480  180.9s  lambda_e=0.443, lambda_z=0.7257, gamma_q=0.2577, block_size=7
  SSC-Block-TV-Col21 trial 2: mean ARI=0.7168  n=480  182.9s  lambda_e=0.1866, lambda_z=0.3833, gamma_q=0.05628, block_size=11
  SSC-Block-TV-Col21 trial 3: mean ARI=0.4636  n=480  183.5s  lambda_e=7.78, lambda_z=0.03418, gamma_q=1.469, block_size=7
  SSC-Block-TV-Col21 trial 4: mean ARI=0.5808  n=480  193.9s  lambda_e=0.506, lambda_z=5.039, gamma_q=0.001924, block_size=2
  SSC-Block-TV-Col21 trial 5: mean ARI=0.4534  n=480  180.6s  lambda_e=0.0115, lambda_z=2.14, gamma_q=1.296, block_size=11
  SSC-Block-TV-Col21 trial 6: mean ARI=0.6607  n=480  180.6s  lambda_e=8.627, lambda_z=1.573, gamma_q=0.07013, block_size=10
  SSC-Block-TV-Col21 trial 7: mean ARI=0.7533  n=480  180.1s  lambda_e=0.02264, lambda_z=0.3628, gamma_q=0.003745, block_size=12
  SSC-Block-TV-Col21 trial 8: mean ARI=0.7443  n=480  181.3s  lambda_e=0.3677, lambda_z=0.04557, gamma_q=0.01143, block_size=10
  SSC-Block-TV-Col21 trial 9: mean ARI=0.7475  n=480  180.1s  lambda_e=0.2336, lambda_z=0.1878, gamma_q=0.001189, block_size=8
  SSC-Block-TV-Col21 trial 10: mean ARI=0.5234  n=480  195.6s  lambda_e=0.01151, lambda_z=0.001661, gamma_q=6.473, block_size=2
  SSC-Block-TV-Col21 trial 11: mean ARI=0.7543  n=480  181.2s  lambda_e=0.05789, lambda_z=0.1589, gamma_q=0.001276, block_size=8
  SSC-Block-TV-Col21 trial 12: mean ARI=0.6588  n=480  178.9s  lambda_e=0.03705, lambda_z=0.00525, gamma_q=0.006143, block_size=12
  SSC-Block-TV-Col21 trial 13: mean ARI=0.7357  n=480  182.3s  lambda_e=0.04693, lambda_z=0.01302, gamma_q=0.007133, block_size=5
  SSC-Block-TV-Col21 trial 14: mean ARI=0.7523  n=480  179.4s  lambda_e=0.05946, lambda_z=0.1905, gamma_q=0.003034, block_size=9
  SSC-Block-TV-Col21 trial 15: mean ARI=0.6941  n=480  183.1s  lambda_e=0.09713, lambda_z=7.364, gamma_q=0.02311, block_size=5
  SSC-Block-TV-Col21 trial 16: mean ARI=0.7382  n=480  180.2s  lambda_e=0.02243, lambda_z=0.9967, gamma_q=0.001081, block_size=12
  SSC-Block-TV-Col21 trial 17: mean ARI=0.7757  n=480  181.1s  lambda_e=0.0948, lambda_z=0.05151, gamma_q=0.003898, block_size=7
  SSC-Block-TV-Col21 trial 18: mean ARI=0.6732  n=480  181.2s  lambda_e=1.378, lambda_z=0.01921, gamma_q=0.01821, block_size=7
  SSC-Block-TV-Col21 trial 19: mean ARI=0.7812  n=480  185.1s  lambda_e=0.1295, lambda_z=0.07318, gamma_q=0.002981, block_size=4
  SSC-Block-TV-Col21 trial 20: mean ARI=0.5228  n=480  184.6s  lambda_e=2.715, lambda_z=0.005125, gamma_q=0.02798, block_size=4
  SSC-Block-TV-Col21 trial 21: mean ARI=0.7818  n=480  184.6s  lambda_e=0.1074, lambda_z=0.07624, gamma_q=0.003128, block_size=4
  SSC-Block-TV-Col21 trial 22: mean ARI=0.7849  n=480  184.7s  lambda_e=0.1298, lambda_z=0.06805, gamma_q=0.004805, block_size=4
  SSC-Block-TV-Col21 trial 23: mean ARI=0.7912  n=480  187.4s  lambda_e=0.1457, lambda_z=0.08093, gamma_q=0.008873, block_size=3
  SSC-Block-TV-Col21 trial 24: mean ARI=0.7560  n=480  187.2s  lambda_e=0.1878, lambda_z=0.01807, gamma_q=0.009309, block_size=3
  SSC-Block-TV-Col21 trial 25: mean ARI=0.5428  n=480  187.2s  lambda_e=0.106, lambda_z=0.006954, gamma_q=0.0358, block_size=3
  SSC-Block-TV-Col21 trial 26: mean ARI=0.5110  n=480  184.7s  lambda_e=0.2699, lambda_z=0.03004, gamma_q=0.1486, block_size=4
  SSC-Block-TV-Col21 trial 27: mean ARI=0.7944  n=480  187.3s  lambda_e=0.8709, lambda_z=0.111, gamma_q=0.01199, block_size=3
  SSC-Block-TV-Col21 trial 28: mean ARI=0.7837  n=480  187.2s  lambda_e=0.7652, lambda_z=0.3312, gamma_q=0.01198, block_size=3
  SSC-Block-TV-Col21 trial 29: mean ARI=0.5699  n=480  181.9s  lambda_e=2.537, lambda_z=0.1619, gamma_q=0.1597, block_size=6
  SSC-Block-TV-Col21 trial 30: mean ARI=0.7957  n=480  187.0s  lambda_e=1.049, lambda_z=0.1113, gamma_q=0.01491, block_size=3
  SSC-Block-TV-Col21 trial 31: mean ARI=0.8032  n=480  192.2s  lambda_e=1.552, lambda_z=0.129, gamma_q=0.01605, block_size=2
  SSC-Block-TV-Col21 trial 32: mean ARI=0.7728  n=480  192.7s  lambda_e=1.424, lambda_z=0.1115, gamma_q=0.04609, block_size=2
  SSC-Block-TV-Col21 trial 33: mean ARI=0.7756  n=480  187.1s  lambda_e=2.639, lambda_z=0.6142, gamma_q=0.01847, block_size=3
  SSC-Block-TV-Col21 trial 34: mean ARI=0.7895  n=480  191.9s  lambda_e=4.583, lambda_z=0.3073, gamma_q=0.07926, block_size=2
  SSC-Block-TV-Col21 trial 35: mean ARI=0.7652  n=480  187.3s  lambda_e=0.7703, lambda_z=0.647, gamma_q=0.0145, block_size=3
  SSC-Block-TV-Col21 trial 36: mean ARI=0.5052  n=480  182.9s  lambda_e=1.345, lambda_z=0.1143, gamma_q=0.4445, block_size=5
  SSC-Block-TV-Col21 trial 37: mean ARI=0.6349  n=480  192.0s  lambda_e=0.5578, lambda_z=0.02492, gamma_q=0.04067, block_size=2
  SSC-Block-TV-Col21 trial 38: mean ARI=0.7864  n=480  187.1s  lambda_e=4.845, lambda_z=0.0403, gamma_q=0.008373, block_size=3
  SSC-Block-TV-Col21 trial 39: mean ARI=0.6172  n=480  194.6s  lambda_e=1.774, lambda_z=2.576, gamma_q=0.002051, block_size=2
    best mean ARI=0.8032  tune 7417.4s  lambda_e=1.552, lambda_z=0.129, gamma_q=0.01605, block_size=2
  wrote /nfs/turbo/umms-minjilab/lpullela/icassp_ssc_tv2/block_ssc_benchmark/cv/params/surveillance/split_k5_clean_min30_trials20_knownk_scaled_params_cv_ssc_block_tv_col21_k5_sigma0_sigma0_fold1.json

=== P1E_S1_C1 train[0] k=5  dim=576  frames=249  σ=0.0  fold=1 ===
  SSC-Block-TV-Col21: k_hat=5  ACC=0.7510  NMI=0.8548  ARI=0.6817  0.5s

=== P1E_S1_C1 train[1] k=5  dim=576  frames=265  σ=0.0  fold=1 ===
  SSC-Block-TV-Col21: k_hat=5  ACC=0.7170  NMI=0.8006  ARI=0.6345  0.5s

=== P1E_S1_C1 train[2] k=5  dim=576  frames=242  σ=0.0  fold=1 ===
  SSC-Block-TV-Col21: k_hat=5  ACC=0.6818  NMI=0.7756  ARI=0.5979  0.4s

=== P1E_S1_C1 train[3] k=5  dim=576  frames=268  σ=0.0  fold=1 ===
  SSC-Block-TV-Col21: k_hat=5  ACC=1.0000  NMI=1.0000  ARI=1.0000  0.5s

=== P1E_S1_C2 train[0] k=5  dim=576  frames=231  σ=0.0  fold=1 ===
  SSC-Block-TV-Col21: k_hat=5  ACC=0.9957  NMI=0.9874  ARI=0.9912  0.4s

=== P1E_S1_C2 train[1] k=5  dim=576  frames=198  σ=0.0  fold=1 ===
  SSC-Block-TV-Col21: k_hat=5  ACC=0.7121  NMI=0.7920  ARI=0.6351  0.3s

=== P1E_S1_C2 train[2] k=5  dim=576  frames=199  σ=0.0  fold=1 ===
  SSC-Block-TV-Col21: k_hat=5  ACC=0.6985  NMI=0.8144  ARI=0.6662  0.3s

=== P1E_S1_C2 train[3] k=5  dim=576  frames=215  σ=0.0  fold=1 ===
  SSC-Block-TV-Col21: k_hat=5  ACC=0.9907  NMI=0.9763  ARI=0.9765  0.4s

=== P1E_S1_C3 train[0] k=5  dim=576  frames=98  σ=0.0  fold=1 ===
  SSC-Block-TV-Col21: k_hat=5  ACC=0.9490  NMI=0.9041  ARI=0.8741  0.1s

=== P1E_S1_C3 train[1] k=5  dim=576  frames=68  σ=0.0  fold=1 ===
  SSC-Block-TV-Col21: k_hat=5  ACC=0.9706  NMI=0.9341  ARI=0.9291  0.1s

=== P1E_S1_C3 train[2] k=5  dim=576  frames=87  σ=0.0  fold=1 ===
  SSC-Block-TV-Col21: k_hat=5  ACC=0.9540  NMI=0.9088  ARI=0.8856  0.1s

=== P1E_S1_C3 train[3] k=5  dim=576  frames=107  σ=0.0  fold=1 ===
  SSC-Block-TV-Col21: k_hat=5  ACC=0.9720  NMI=0.9367  ARI=0.9286  0.1s

=== P1E_S2_C1 train[0] k=5  dim=576  frames=268  σ=0.0  fold=1 ===
  SSC-Block-TV-Col21: k_hat=5  ACC=0.9030  NMI=0.8510  ARI=0.7887  0.5s

=== P1E_S2_C1 train[1] k=5  dim=576  frames=265  σ=0.0  fold=1 ===
  SSC-Block-TV-Col21: k_hat=5  ACC=0.5208  NMI=0.6936  ARI=0.4313  0.5s

=== P1E_S2_C1 train[2] k=5  dim=576  frames=232  σ=0.0  fold=1 ===
  SSC-Block-TV-Col21: k_hat=5  ACC=0.5086  NMI=0.7302  ARI=0.5255  0.4s

=== P1E_S2_C1 train[3] k=5  dim=576  frames=241  σ=0.0  fold=1 ===
  SSC-Block-TV-Col21: k_hat=5  ACC=0.6432  NMI=0.7163  ARI=0.4647  0.5s

=== P1E_S2_C2 train[0] k=5  dim=576  frames=223  σ=0.0  fold=1 ===
  SSC-Block-TV-Col21: k_hat=5  ACC=0.9686  NMI=0.9400  ARI=0.9122  0.4s

=== P1E_S2_C2 train[1] k=5  dim=576  frames=219  σ=0.0  fold=1 ===
  SSC-Block-TV-Col21: k_hat=5  ACC=0.9635  NMI=0.9367  ARI=0.9104  0.4s

=== P1E_S2_C2 train[2] k=5  dim=576  frames=192  σ=0.0  fold=1 ===
  SSC-Block-TV-Col21: k_hat=5  ACC=0.7500  NMI=0.7886  ARI=0.6410  0.3s

=== P1E_S2_C2 train[3] k=5  dim=576  frames=212  σ=0.0  fold=1 ===
  SSC-Block-TV-Col21: k_hat=5  ACC=0.9764  NMI=0.9443  ARI=0.9433  0.4s

=== P1E_S2_C3 train[0] k=5  dim=576  frames=173  σ=0.0  fold=1 ===
  SSC-Block-TV-Col21: k_hat=5  ACC=1.0000  NMI=1.0000  ARI=1.0000  0.3s

=== P1E_S2_C3 train[1] k=5  dim=576  frames=173  σ=0.0  fold=1 ===
  SSC-Block-TV-Col21: k_hat=5  ACC=0.8902  NMI=0.8684  ARI=0.7916  0.3s

=== P1E_S2_C3 train[2] k=5  dim=576  frames=160  σ=0.0  fold=1 ===
  SSC-Block-TV-Col21: k_hat=5  ACC=0.7750  NMI=0.8638  ARI=0.7654  0.2s

=== P1E_S2_C3 train[3] k=5  dim=576  frames=154  σ=0.0  fold=1 ===
  SSC-Block-TV-Col21: k_hat=5  ACC=0.9805  NMI=0.9524  ARI=0.9542  0.2s

=== P1E_S3_C1 train[0] k=5  dim=576  frames=258  σ=0.0  fold=1 ===
  SSC-Block-TV-Col21: k_hat=5  ACC=0.7713  NMI=0.7557  ARI=0.6172  0.5s

=== P1E_S3_C1 train[1] k=5  dim=576  frames=273  σ=0.0  fold=1 ===
  SSC-Block-TV-Col21: k_hat=5  ACC=0.7070  NMI=0.7848  ARI=0.6303  0.6s

=== P1E_S3_C1 train[2] k=5  dim=576  frames=250  σ=0.0  fold=1 ===
  SSC-Block-TV-Col21: k_hat=5  ACC=0.5360  NMI=0.6497  ARI=0.4244  0.4s

=== P1E_S3_C1 train[3] k=5  dim=576  frames=237  σ=0.0  fold=1 ===
  SSC-Block-TV-Col21: k_hat=5  ACC=0.8861  NMI=0.8843  ARI=0.8324  0.4s

=== P1E_S3_C2 train[0] k=5  dim=576  frames=232  σ=0.0  fold=1 ===
  SSC-Block-TV-Col21: k_hat=5  ACC=0.9052  NMI=0.8547  ARI=0.7698  0.4s

=== P1E_S3_C2 train[1] k=5  dim=576  frames=280  σ=0.0  fold=1 ===
  SSC-Block-TV-Col21: k_hat=5  ACC=0.7786  NMI=0.8331  ARI=0.6972  0.5s

=== P1E_S3_C2 train[2] k=5  dim=576  frames=222  σ=0.0  fold=1 ===
  SSC-Block-TV-Col21: k_hat=5  ACC=0.5811  NMI=0.7245  ARI=0.4936  0.4s

=== P1E_S3_C2 train[3] k=5  dim=576  frames=188  σ=0.0  fold=1 ===
  SSC-Block-TV-Col21: k_hat=5  ACC=0.9468  NMI=0.9103  ARI=0.8853  0.3s

=== P1E_S3_C3 train[0] k=5  dim=576  frames=170  σ=0.0  fold=1 ===
  SSC-Block-TV-Col21: k_hat=5  ACC=1.0000  NMI=1.0000  ARI=1.0000  0.2s

=== P1E_S3_C3 train[1] k=5  dim=576  frames=211  σ=0.0  fold=1 ===
  SSC-Block-TV-Col21: k_hat=5  ACC=0.7393  NMI=0.8374  ARI=0.6914  0.4s

=== P1E_S3_C3 train[2] k=5  dim=576  frames=167  σ=0.0  fold=1 ===
  SSC-Block-TV-Col21: k_hat=5  ACC=0.7425  NMI=0.8430  ARI=0.7152  0.2s

=== P1E_S3_C3 train[3] k=5  dim=576  frames=168  σ=0.0  fold=1 ===
  SSC-Block-TV-Col21: k_hat=5  ACC=0.9881  NMI=0.9667  ARI=0.9741  0.2s

=== P1E_S4_C1 train[0] k=5  dim=576  frames=231  σ=0.0  fold=1 ===
  SSC-Block-TV-Col21: k_hat=5  ACC=0.7619  NMI=0.8525  ARI=0.6836  0.4s

=== P1E_S4_C1 train[1] k=5  dim=576  frames=303  σ=0.0  fold=1 ===
  SSC-Block-TV-Col21: k_hat=5  ACC=0.9274  NMI=0.9111  ARI=0.8616  0.7s

=== P1E_S4_C1 train[2] k=5  dim=576  frames=248  σ=0.0  fold=1 ===
  SSC-Block-TV-Col21: k_hat=5  ACC=0.8065  NMI=0.8730  ARI=0.7830  0.4s

=== P1E_S4_C1 train[3] k=5  dim=576  frames=217  σ=0.0  fold=1 ===
  SSC-Block-TV-Col21: k_hat=5  ACC=0.7558  NMI=0.8129  ARI=0.7126  0.4s

=== P1E_S4_C2 train[0] k=5  dim=576  frames=201  σ=0.0  fold=1 ===
  SSC-Block-TV-Col21: k_hat=5  ACC=0.9801  NMI=0.9519  ARI=0.9508  0.3s

=== P1E_S4_C2 train[1] k=5  dim=576  frames=236  σ=0.0  fold=1 ===
  SSC-Block-TV-Col21: k_hat=5  ACC=0.9873  NMI=0.9647  ARI=0.9678  0.4s

=== P1E_S4_C2 train[2] k=5  dim=576  frames=223  σ=0.0  fold=1 ===
  SSC-Block-TV-Col21: k_hat=5  ACC=0.7175  NMI=0.8195  ARI=0.6846  0.4s

=== P1E_S4_C2 train[3] k=5  dim=576  frames=198  σ=0.0  fold=1 ===
  SSC-Block-TV-Col21: k_hat=5  ACC=0.8535  NMI=0.8592  ARI=0.7691  0.3s

=== P1E_S4_C3 train[0] k=5  dim=576  frames=132  σ=0.0  fold=1 ===
  SSC-Block-TV-Col21: k_hat=5  ACC=0.9394  NMI=0.8761  ARI=0.8492  0.2s

=== P1E_S4_C3 train[1] k=5  dim=576  frames=147  σ=0.0  fold=1 ===
  SSC-Block-TV-Col21: k_hat=5  ACC=0.9592  NMI=0.9089  ARI=0.9011  0.2s

=== P1E_S4_C3 train[2] k=5  dim=576  frames=141  σ=0.0  fold=1 ===
  SSC-Block-TV-Col21: k_hat=5  ACC=0.9787  NMI=0.9490  ARI=0.9500  0.2s

=== P1E_S4_C3 train[3] k=5  dim=576  frames=147  σ=0.0  fold=1 ===
  SSC-Block-TV-Col21: k_hat=5  ACC=0.7959  NMI=0.8854  ARI=0.7729  0.2s

=== P1L_S1_C1 train[0] k=5  dim=576  frames=289  σ=0.0  fold=1 ===
  SSC-Block-TV-Col21: k_hat=5  ACC=0.7578  NMI=0.8693  ARI=0.7311  0.6s

=== P1L_S1_C1 train[1] k=5  dim=576  frames=313  σ=0.0  fold=1 ===
  SSC-Block-TV-Col21: k_hat=5  ACC=0.9968  NMI=0.9896  ARI=0.9916  0.7s

=== P1L_S1_C1 train[2] k=5  dim=576  frames=239  σ=0.0  fold=1 ===
  SSC-Block-TV-Col21: k_hat=5  ACC=0.8912  NMI=0.9108  ARI=0.8725  0.4s

=== P1L_S1_C1 train[3] k=5  dim=576  frames=285  σ=0.0  fold=1 ===
  SSC-Block-TV-Col21: k_hat=5  ACC=1.0000  NMI=1.0000  ARI=1.0000  0.6s

=== P1L_S1_C2 train[0] k=5  dim=576  frames=286  σ=0.0  fold=1 ===
  SSC-Block-TV-Col21: k_hat=5  ACC=0.9930  NMI=0.9816  ARI=0.9854  0.6s

=== P1L_S1_C2 train[1] k=5  dim=576  frames=257  σ=0.0  fold=1 ===
  SSC-Block-TV-Col21: k_hat=5  ACC=0.8677  NMI=0.8242  ARI=0.7199  0.5s

=== P1L_S1_C2 train[2] k=5  dim=576  frames=260  σ=0.0  fold=1 ===
  SSC-Block-TV-Col21: k_hat=5  ACC=0.6923  NMI=0.8584  ARI=0.6930  0.5s

=== P1L_S1_C2 train[3] k=5  dim=576  frames=270  σ=0.0  fold=1 ===
  SSC-Block-TV-Col21: k_hat=5  ACC=1.0000  NMI=1.0000  ARI=1.0000  0.5s

=== P1L_S1_C3 train[0] k=5  dim=576  frames=108  σ=0.0  fold=1 ===
  SSC-Block-TV-Col21: k_hat=5  ACC=0.6296  NMI=0.7382  ARI=0.4995  0.1s

=== P1L_S1_C3 train[1] k=5  dim=576  frames=117  σ=0.0  fold=1 ===
  SSC-Block-TV-Col21: k_hat=5  ACC=0.6496  NMI=0.7709  ARI=0.5901  0.1s

=== P1L_S1_C3 train[2] k=5  dim=576  frames=101  σ=0.0  fold=1 ===
  SSC-Block-TV-Col21: k_hat=5  ACC=0.7921  NMI=0.7890  ARI=0.6389  0.1s

=== P1L_S1_C3 train[3] k=5  dim=576  frames=124  σ=0.0  fold=1 ===
  SSC-Block-TV-Col21: k_hat=5  ACC=0.9919  NMI=0.9784  ARI=0.9780  0.1s

=== P1L_S2_C1 train[0] k=5  dim=576  frames=348  σ=0.0  fold=1 ===
  SSC-Block-TV-Col21: k_hat=5  ACC=0.9626  NMI=0.9301  ARI=0.9086  0.8s

=== P1L_S2_C1 train[1] k=5  dim=576  frames=301  σ=0.0  fold=1 ===
  SSC-Block-TV-Col21: k_hat=5  ACC=0.6512  NMI=0.7316  ARI=0.5138  0.7s

=== P1L_S2_C1 train[2] k=5  dim=576  frames=275  σ=0.0  fold=1 ===
  SSC-Block-TV-Col21: k_hat=5  ACC=0.9018  NMI=0.9077  ARI=0.8561  0.6s

=== P1L_S2_C1 train[3] k=5  dim=576  frames=265  σ=0.0  fold=1 ===
  SSC-Block-TV-Col21: k_hat=5  ACC=1.0000  NMI=1.0000  ARI=1.0000  0.5s

=== P1L_S2_C2 train[0] k=5  dim=576  frames=300  σ=0.0  fold=1 ===
  SSC-Block-TV-Col21: k_hat=5  ACC=0.9367  NMI=0.9064  ARI=0.8464  0.6s

=== P1L_S2_C2 train[1] k=5  dim=576  frames=314  σ=0.0  fold=1 ===
  SSC-Block-TV-Col21: k_hat=5  ACC=0.9045  NMI=0.8888  ARI=0.7909  0.7s

=== P1L_S2_C2 train[2] k=5  dim=576  frames=301  σ=0.0  fold=1 ===
  SSC-Block-TV-Col21: k_hat=5  ACC=0.7143  NMI=0.8376  ARI=0.6908  0.6s

=== P1L_S2_C2 train[3] k=5  dim=576  frames=222  σ=0.0  fold=1 ===
  SSC-Block-TV-Col21: k_hat=5  ACC=1.0000  NMI=1.0000  ARI=1.0000  0.4s

=== P1L_S2_C3 train[0] k=5  dim=576  frames=191  σ=0.0  fold=1 ===
  SSC-Block-TV-Col21: k_hat=5  ACC=1.0000  NMI=1.0000  ARI=1.0000  0.3s

=== P1L_S2_C3 train[1] k=5  dim=576  frames=193  σ=0.0  fold=1 ===
  SSC-Block-TV-Col21: k_hat=5  ACC=0.8964  NMI=0.8854  ARI=0.7821  0.3s

=== P1L_S2_C3 train[2] k=5  dim=576  frames=175  σ=0.0  fold=1 ===
  SSC-Block-TV-Col21: k_hat=5  ACC=0.6800  NMI=0.7840  ARI=0.6168  0.3s

=== P1L_S2_C3 train[3] k=5  dim=576  frames=179  σ=0.0  fold=1 ===
  SSC-Block-TV-Col21: k_hat=5  ACC=0.9888  NMI=0.9736  ARI=0.9760  0.3s

=== P1L_S3_C1 train[0] k=5  dim=576  frames=246  σ=0.0  fold=1 ===
  SSC-Block-TV-Col21: k_hat=5  ACC=0.7846  NMI=0.8690  ARI=0.7345  0.5s

=== P1L_S3_C1 train[1] k=5  dim=576  frames=241  σ=0.0  fold=1 ===
  SSC-Block-TV-Col21: k_hat=5  ACC=0.8423  NMI=0.8054  ARI=0.6595  0.5s

=== P1L_S3_C1 train[2] k=5  dim=576  frames=312  σ=0.0  fold=1 ===
  SSC-Block-TV-Col21: k_hat=5  ACC=0.5673  NMI=0.6741  ARI=0.4738  0.7s

=== P1L_S3_C1 train[3] k=5  dim=576  frames=241  σ=0.0  fold=1 ===
  SSC-Block-TV-Col21: k_hat=5  ACC=0.9959  NMI=0.9863  ARI=0.9869  0.5s

=== P1L_S3_C2 train[0] k=5  dim=576  frames=262  σ=0.0  fold=1 ===
  SSC-Block-TV-Col21: k_hat=5  ACC=1.0000  NMI=1.0000  ARI=1.0000  0.5s

=== P1L_S3_C2 train[1] k=5  dim=576  frames=304  σ=0.0  fold=1 ===
  SSC-Block-TV-Col21: k_hat=5  ACC=0.7796  NMI=0.8811  ARI=0.7830  0.6s

=== P1L_S3_C2 train[2] k=5  dim=576  frames=329  σ=0.0  fold=1 ===
  SSC-Block-TV-Col21: k_hat=5  ACC=0.8967  NMI=0.8805  ARI=0.7930  0.8s

=== P1L_S3_C2 train[3] k=5  dim=576  frames=290  σ=0.0  fold=1 ===
  SSC-Block-TV-Col21: k_hat=5  ACC=0.7793  NMI=0.8730  ARI=0.7600  0.6s

=== P1L_S3_C3 train[0] k=5  dim=576  frames=231  σ=0.0  fold=1 ===
  SSC-Block-TV-Col21: k_hat=5  ACC=0.9351  NMI=0.8926  ARI=0.8277  0.4s

=== P1L_S3_C3 train[1] k=5  dim=576  frames=225  σ=0.0  fold=1 ===
  SSC-Block-TV-Col21: k_hat=5  ACC=1.0000  NMI=1.0000  ARI=1.0000  0.4s

=== P1L_S3_C3 train[2] k=5  dim=576  frames=210  σ=0.0  fold=1 ===
  SSC-Block-TV-Col21: k_hat=5  ACC=0.7286  NMI=0.8732  ARI=0.7535  0.3s

=== P1L_S3_C3 train[3] k=5  dim=576  frames=229  σ=0.0  fold=1 ===
  SSC-Block-TV-Col21: k_hat=5  ACC=0.9956  NMI=0.9875  ARI=0.9920  0.4s

=== P1L_S4_C1 train[0] k=5  dim=576  frames=313  σ=0.0  fold=1 ===
  SSC-Block-TV-Col21: k_hat=5  ACC=0.9521  NMI=0.9242  ARI=0.8879  0.7s

=== P1L_S4_C1 train[1] k=5  dim=576  frames=253  σ=0.0  fold=1 ===
  SSC-Block-TV-Col21: k_hat=5  ACC=0.9921  NMI=0.9798  ARI=0.9838  0.5s

=== P1L_S4_C1 train[2] k=5  dim=576  frames=278  σ=0.0  fold=1 ===
  SSC-Block-TV-Col21: k_hat=5  ACC=0.9424  NMI=0.9188  ARI=0.8728  0.5s

=== P1L_S4_C1 train[3] k=5  dim=576  frames=344  σ=0.0  fold=1 ===
  SSC-Block-TV-Col21: k_hat=5  ACC=0.6424  NMI=0.7540  ARI=0.5379  0.8s

=== P1L_S4_C2 train[0] k=5  dim=576  frames=267  σ=0.0  fold=1 ===
  SSC-Block-TV-Col21: k_hat=5  ACC=0.9438  NMI=0.9194  ARI=0.8801  0.5s

=== P1L_S4_C2 train[1] k=5  dim=576  frames=279  σ=0.0  fold=1 ===
  SSC-Block-TV-Col21: k_hat=5  ACC=0.9391  NMI=0.8933  ARI=0.8769  0.6s

=== P1L_S4_C2 train[2] k=5  dim=576  frames=258  σ=0.0  fold=1 ===
  SSC-Block-TV-Col21: k_hat=5  ACC=0.7713  NMI=0.7808  ARI=0.6220  0.5s

=== P1L_S4_C2 train[3] k=5  dim=576  frames=266  σ=0.0  fold=1 ===
  SSC-Block-TV-Col21: k_hat=5  ACC=1.0000  NMI=1.0000  ARI=1.0000  0.5s

=== P1L_S4_C3 train[0] k=5  dim=576  frames=180  σ=0.0  fold=1 ===
  SSC-Block-TV-Col21: k_hat=5  ACC=1.0000  NMI=1.0000  ARI=1.0000  0.3s

=== P1L_S4_C3 train[1] k=5  dim=576  frames=188  σ=0.0  fold=1 ===
  SSC-Block-TV-Col21: k_hat=5  ACC=0.6649  NMI=0.7580  ARI=0.5653  0.3s

=== P1L_S4_C3 train[2] k=5  dim=576  frames=169  σ=0.0  fold=1 ===
  SSC-Block-TV-Col21: k_hat=5  ACC=0.7337  NMI=0.8712  ARI=0.7355  0.2s

=== P1L_S4_C3 train[3] k=5  dim=576  frames=185  σ=0.0  fold=1 ===
  SSC-Block-TV-Col21: k_hat=5  ACC=0.9892  NMI=0.9741  ARI=0.9749  0.3s

=== P1E_S1_C1 test[0] k=5  dim=576  frames=212  σ=0.0  fold=1 ===
  SSC-Block-TV-Col21: k_hat=5  ACC=0.9528  NMI=0.9257  ARI=0.8876  0.4s

=== P1E_S1_C2 test[0] k=5  dim=576  frames=188  σ=0.0  fold=1 ===
  SSC-Block-TV-Col21: k_hat=5  ACC=0.9574  NMI=0.9258  ARI=0.8824  0.3s

=== P1E_S1_C3 test[0] k=5  dim=576  frames=93  σ=0.0  fold=1 ===
  SSC-Block-TV-Col21: k_hat=5  ACC=0.9785  NMI=0.9546  ARI=0.9423  0.1s

=== P1E_S2_C1 test[0] k=5  dim=576  frames=250  σ=0.0  fold=1 ===
  SSC-Block-TV-Col21: k_hat=5  ACC=0.9400  NMI=0.9199  ARI=0.8836  0.5s

=== P1E_S2_C2 test[0] k=5  dim=576  frames=196  σ=0.0  fold=1 ===
  SSC-Block-TV-Col21: k_hat=5  ACC=0.9949  NMI=0.9850  ARI=0.9868  0.3s

=== P1E_S2_C3 test[0] k=5  dim=576  frames=156  σ=0.0  fold=1 ===
  SSC-Block-TV-Col21: k_hat=5  ACC=1.0000  NMI=1.0000  ARI=1.0000  0.2s

=== P1E_S3_C1 test[0] k=5  dim=576  frames=237  σ=0.0  fold=1 ===
  SSC-Block-TV-Col21: k_hat=5  ACC=0.8608  NMI=0.8471  ARI=0.7300  0.5s

=== P1E_S3_C2 test[0] k=5  dim=576  frames=204  σ=0.0  fold=1 ===
  SSC-Block-TV-Col21: k_hat=5  ACC=0.9412  NMI=0.9003  ARI=0.8699  0.3s

=== P1E_S3_C3 test[0] k=5  dim=576  frames=150  σ=0.0  fold=1 ===
  SSC-Block-TV-Col21: k_hat=5  ACC=1.0000  NMI=1.0000  ARI=1.0000  0.2s

=== P1E_S4_C1 test[0] k=5  dim=576  frames=248  σ=0.0  fold=1 ===
  SSC-Block-TV-Col21: k_hat=5  ACC=0.9234  NMI=0.9021  ARI=0.8336  0.4s

=== P1E_S4_C2 test[0] k=5  dim=576  frames=193  σ=0.0  fold=1 ===
  SSC-Block-TV-Col21: k_hat=5  ACC=0.9585  NMI=0.9148  ARI=0.9022  0.3s

=== P1E_S4_C3 test[0] k=5  dim=576  frames=152  σ=0.0  fold=1 ===
  SSC-Block-TV-Col21: k_hat=5  ACC=0.9605  NMI=0.9321  ARI=0.9010  0.2s

=== P1L_S1_C1 test[0] k=5  dim=576  frames=265  σ=0.0  fold=1 ===
  SSC-Block-TV-Col21: k_hat=5  ACC=1.0000  NMI=1.0000  ARI=1.0000  0.5s

=== P1L_S1_C2 test[0] k=5  dim=576  frames=236  σ=0.0  fold=1 ===
  SSC-Block-TV-Col21: k_hat=5  ACC=1.0000  NMI=1.0000  ARI=1.0000  0.4s

=== P1L_S1_C3 test[0] k=5  dim=576  frames=115  σ=0.0  fold=1 ===
  SSC-Block-TV-Col21: k_hat=5  ACC=0.7304  NMI=0.8548  ARI=0.6715  0.1s

=== P1L_S2_C1 test[0] k=5  dim=576  frames=281  σ=0.0  fold=1 ===
  SSC-Block-TV-Col21: k_hat=5  ACC=0.9253  NMI=0.9021  ARI=0.8382  0.6s

=== P1L_S2_C2 test[0] k=5  dim=576  frames=256  σ=0.0  fold=1 ===
  SSC-Block-TV-Col21: k_hat=5  ACC=1.0000  NMI=1.0000  ARI=1.0000  0.5s

=== P1L_S2_C3 test[0] k=5  dim=576  frames=159  σ=0.0  fold=1 ===
  SSC-Block-TV-Col21: k_hat=5  ACC=1.0000  NMI=1.0000  ARI=1.0000  0.2s

=== P1L_S3_C1 test[0] k=5  dim=576  frames=289  σ=0.0  fold=1 ===
  SSC-Block-TV-Col21: k_hat=5  ACC=0.9896  NMI=0.9733  ARI=0.9734  0.6s

=== P1L_S3_C2 test[0] k=5  dim=576  frames=287  σ=0.0  fold=1 ===
  SSC-Block-TV-Col21: k_hat=5  ACC=0.6829  NMI=0.7408  ARI=0.5111  0.6s

=== P1L_S3_C3 test[0] k=5  dim=576  frames=210  σ=0.0  fold=1 ===
  SSC-Block-TV-Col21: k_hat=5  ACC=1.0000  NMI=1.0000  ARI=1.0000  0.4s

=== P1L_S4_C1 test[0] k=5  dim=576  frames=255  σ=0.0  fold=1 ===
  SSC-Block-TV-Col21: k_hat=5  ACC=0.9843  NMI=0.9626  ARI=0.9540  0.5s

=== P1L_S4_C2 test[0] k=5  dim=576  frames=257  σ=0.0  fold=1 ===
  SSC-Block-TV-Col21: k_hat=5  ACC=1.0000  NMI=1.0000  ARI=1.0000  0.5s

=== P1L_S4_C3 test[0] k=5  dim=576  frames=158  σ=0.0  fold=1 ===
  SSC-Block-TV-Col21: k_hat=5  ACC=1.0000  NMI=1.0000  ARI=1.0000  0.2s
  tune_pool_groups=20: sampling from 20 held-in people (overlap allowed) instead of the 4 fixed partition group(s)

============================================================
σ=0.0 fold=2  test=['0001', '0005', '0011', '0023', '0024']  train mats=96  test mats=24  tune mats=480
  --- tune SSC-Block-TV-Col21 over 480 train mats  n_trials=40 (4 params) ---
  SSC-Block-TV-Col21 trial 0: mean ARI=0.6203  n=480  181.2s  lambda_e=1, lambda_z=0.1, gamma_q=0.1, block_size=5
  SSC-Block-TV-Col21 trial 1: mean ARI=0.6733  n=480  178.8s  lambda_e=0.443, lambda_z=0.7257, gamma_q=0.2577, block_size=7
  SSC-Block-TV-Col21 trial 2: mean ARI=0.7244  n=480  177.1s  lambda_e=0.1866, lambda_z=0.3833, gamma_q=0.05628, block_size=11
  SSC-Block-TV-Col21 trial 3: mean ARI=0.4535  n=480  178.2s  lambda_e=7.78, lambda_z=0.03418, gamma_q=1.469, block_size=7
  SSC-Block-TV-Col21 trial 4: mean ARI=0.5953  n=480  190.1s  lambda_e=0.506, lambda_z=5.039, gamma_q=0.001924, block_size=2
  SSC-Block-TV-Col21 trial 5: mean ARI=0.4679  n=480  177.3s  lambda_e=0.0115, lambda_z=2.14, gamma_q=1.296, block_size=11
  SSC-Block-TV-Col21 trial 6: mean ARI=0.6703  n=480  176.9s  lambda_e=8.627, lambda_z=1.573, gamma_q=0.07013, block_size=10
  SSC-Block-TV-Col21 trial 7: mean ARI=0.7733  n=480  176.9s  lambda_e=0.02264, lambda_z=0.3628, gamma_q=0.003745, block_size=12
  SSC-Block-TV-Col21 trial 8: mean ARI=0.7605  n=480  176.5s  lambda_e=0.3677, lambda_z=0.04557, gamma_q=0.01143, block_size=10
  SSC-Block-TV-Col21 trial 9: mean ARI=0.7606  n=480  179.2s  lambda_e=0.2336, lambda_z=0.1878, gamma_q=0.001189, block_size=8
  SSC-Block-TV-Col21 trial 10: mean ARI=0.5440  n=480  189.6s  lambda_e=0.01151, lambda_z=0.001661, gamma_q=6.473, block_size=2
  SSC-Block-TV-Col21 trial 11: mean ARI=0.7669  n=480  176.6s  lambda_e=0.05789, lambda_z=0.1589, gamma_q=0.001276, block_size=8
  SSC-Block-TV-Col21 trial 12: mean ARI=0.6689  n=480  174.9s  lambda_e=0.03705, lambda_z=0.00525, gamma_q=0.006143, block_size=12
  SSC-Block-TV-Col21 trial 13: mean ARI=0.7573  n=480  178.2s  lambda_e=0.04693, lambda_z=0.01302, gamma_q=0.007133, block_size=5
  SSC-Block-TV-Col21 trial 14: mean ARI=0.7626  n=480  176.2s  lambda_e=0.05946, lambda_z=0.1905, gamma_q=0.003034, block_size=9
  SSC-Block-TV-Col21 trial 15: mean ARI=0.7096  n=480  178.5s  lambda_e=0.09713, lambda_z=7.364, gamma_q=0.02311, block_size=5
  SSC-Block-TV-Col21 trial 16: mean ARI=0.7488  n=480  172.0s  lambda_e=0.02243, lambda_z=0.9967, gamma_q=0.001081, block_size=12
  SSC-Block-TV-Col21 trial 17: mean ARI=0.7962  n=480  172.8s  lambda_e=0.0948, lambda_z=0.05151, gamma_q=0.003898, block_size=7
  SSC-Block-TV-Col21 trial 18: mean ARI=0.6826  n=480  176.2s  lambda_e=1.931, lambda_z=0.01921, gamma_q=0.023, block_size=4
  SSC-Block-TV-Col21 trial 19: mean ARI=0.7300  n=480  172.6s  lambda_e=0.1224, lambda_z=0.00499, gamma_q=0.004118, block_size=7
  SSC-Block-TV-Col21 trial 20: mean ARI=0.8033  n=480  175.9s  lambda_e=0.0248, lambda_z=0.06909, gamma_q=0.01414, block_size=4
  SSC-Block-TV-Col21 trial 21: mean ARI=0.7993  n=480  176.1s  lambda_e=0.02425, lambda_z=0.07218, gamma_q=0.01624, block_size=4
  SSC-Block-TV-Col21 trial 22: mean ARI=0.7966  n=480  176.2s  lambda_e=0.02196, lambda_z=0.0646, gamma_q=0.01632, block_size=4
  SSC-Block-TV-Col21 trial 23: mean ARI=0.8030  n=480  179.8s  lambda_e=0.02264, lambda_z=0.07991, gamma_q=0.0225, block_size=3
  SSC-Block-TV-Col21 trial 24: mean ARI=0.5872  n=480  180.9s  lambda_e=0.03267, lambda_z=0.01746, gamma_q=0.04225, block_size=3
  SSC-Block-TV-Col21 trial 25: mean ARI=0.5299  n=480  181.3s  lambda_e=0.01025, lambda_z=0.007314, gamma_q=0.1253, block_size=3
  SSC-Block-TV-Col21 trial 26: mean ARI=0.5058  n=480  179.4s  lambda_e=0.01844, lambda_z=0.09913, gamma_q=0.348, block_size=4
  SSC-Block-TV-Col21 trial 27: mean ARI=0.6969  n=480  180.9s  lambda_e=0.03332, lambda_z=0.02923, gamma_q=0.03033, block_size=3
  SSC-Block-TV-Col21 trial 28: mean ARI=0.7654  n=480  175.7s  lambda_e=0.07145, lambda_z=0.3606, gamma_q=0.00983, block_size=6
  SSC-Block-TV-Col21 trial 29: mean ARI=0.5041  n=480  177.7s  lambda_e=0.01838, lambda_z=0.1242, gamma_q=0.1597, block_size=5
  SSC-Block-TV-Col21 trial 30: mean ARI=0.7930  n=480  175.7s  lambda_e=0.1616, lambda_z=0.07905, gamma_q=0.01407, block_size=6
  SSC-Block-TV-Col21 trial 31: mean ARI=0.7968  n=480  178.6s  lambda_e=0.02697, lambda_z=0.06822, gamma_q=0.01805, block_size=4
  SSC-Block-TV-Col21 trial 32: mean ARI=0.6709  n=480  178.9s  lambda_e=0.01532, lambda_z=0.03121, gamma_q=0.03665, block_size=4
  SSC-Block-TV-Col21 trial 33: mean ARI=0.7509  n=480  181.2s  lambda_e=0.02989, lambda_z=0.247, gamma_q=0.07583, block_size=3
  SSC-Block-TV-Col21 trial 34: mean ARI=0.7942  n=480  186.2s  lambda_e=0.04752, lambda_z=0.5894, gamma_q=0.007756, block_size=2
  SSC-Block-TV-Col21 trial 35: mean ARI=0.4709  n=480  177.4s  lambda_e=0.0149, lambda_z=0.0942, gamma_q=0.2928, block_size=5
  SSC-Block-TV-Col21 trial 36: mean ARI=0.6277  n=480  175.5s  lambda_e=0.07692, lambda_z=0.01151, gamma_q=0.01954, block_size=6
  SSC-Block-TV-Col21 trial 37: mean ARI=0.5774  n=480  178.5s  lambda_e=2.71, lambda_z=0.0255, gamma_q=0.0521, block_size=4
  SSC-Block-TV-Col21 trial 38: mean ARI=0.7981  n=480  185.1s  lambda_e=0.02985, lambda_z=0.04617, gamma_q=0.002275, block_size=2
  SSC-Block-TV-Col21 trial 39: mean ARI=0.8014  n=480  184.7s  lambda_e=0.0425, lambda_z=0.04392, gamma_q=0.002639, block_size=2
    best mean ARI=0.8033  tune 7146.0s  lambda_e=0.0248, lambda_z=0.06909, gamma_q=0.01414, block_size=4
  wrote /nfs/turbo/umms-minjilab/lpullela/icassp_ssc_tv2/block_ssc_benchmark/cv/params/surveillance/split_k5_clean_min30_trials20_knownk_scaled_params_cv_ssc_block_tv_col21_k5_sigma0_sigma0_fold2.json

=== P1E_S1_C1 train[0] k=5  dim=576  frames=249  σ=0.0  fold=2 ===
  SSC-Block-TV-Col21: k_hat=5  ACC=0.7470  NMI=0.8534  ARI=0.6788  0.5s

=== P1E_S1_C1 train[1] k=5  dim=576  frames=212  σ=0.0  fold=2 ===
  SSC-Block-TV-Col21: k_hat=5  ACC=0.9575  NMI=0.9303  ARI=0.8975  0.3s

=== P1E_S1_C1 train[2] k=5  dim=576  frames=242  σ=0.0  fold=2 ===
  SSC-Block-TV-Col21: k_hat=5  ACC=0.6777  NMI=0.7730  ARI=0.5926  0.4s

=== P1E_S1_C1 train[3] k=5  dim=576  frames=268  σ=0.0  fold=2 ===
  SSC-Block-TV-Col21: k_hat=5  ACC=0.8657  NMI=0.8830  ARI=0.7797  0.5s

=== P1E_S1_C2 train[0] k=5  dim=576  frames=231  σ=0.0  fold=2 ===
  SSC-Block-TV-Col21: k_hat=5  ACC=0.9654  NMI=0.9272  ARI=0.9140  0.4s

=== P1E_S1_C2 train[1] k=5  dim=576  frames=188  σ=0.0  fold=2 ===
  SSC-Block-TV-Col21: k_hat=5  ACC=0.9574  NMI=0.9258  ARI=0.8824  0.3s

=== P1E_S1_C2 train[2] k=5  dim=576  frames=199  σ=0.0  fold=2 ===
  SSC-Block-TV-Col21: k_hat=5  ACC=0.6884  NMI=0.8021  ARI=0.6488  0.3s

=== P1E_S1_C2 train[3] k=5  dim=576  frames=215  σ=0.0  fold=2 ===
  SSC-Block-TV-Col21: k_hat=5  ACC=0.9767  NMI=0.9449  ARI=0.9444  0.3s

=== P1E_S1_C3 train[0] k=5  dim=576  frames=98  σ=0.0  fold=2 ===
  SSC-Block-TV-Col21: k_hat=5  ACC=0.8367  NMI=0.8871  ARI=0.7920  0.1s

=== P1E_S1_C3 train[1] k=5  dim=576  frames=93  σ=0.0  fold=2 ===
  SSC-Block-TV-Col21: k_hat=5  ACC=0.8172  NMI=0.8581  ARI=0.7901  0.1s

=== P1E_S1_C3 train[2] k=5  dim=576  frames=87  σ=0.0  fold=2 ===
  SSC-Block-TV-Col21: k_hat=5  ACC=0.7816  NMI=0.8260  ARI=0.7019  0.1s

=== P1E_S1_C3 train[3] k=5  dim=576  frames=107  σ=0.0  fold=2 ===
  SSC-Block-TV-Col21: k_hat=5  ACC=0.9720  NMI=0.9295  ARI=0.9314  0.1s

=== P1E_S2_C1 train[0] k=5  dim=576  frames=268  σ=0.0  fold=2 ===
  SSC-Block-TV-Col21: k_hat=5  ACC=0.8993  NMI=0.8428  ARI=0.7807  0.5s

=== P1E_S2_C1 train[1] k=5  dim=576  frames=250  σ=0.0  fold=2 ===
  SSC-Block-TV-Col21: k_hat=5  ACC=0.9440  NMI=0.9228  ARI=0.8898  0.4s

=== P1E_S2_C1 train[2] k=5  dim=576  frames=232  σ=0.0  fold=2 ===
  SSC-Block-TV-Col21: k_hat=5  ACC=0.5216  NMI=0.7308  ARI=0.5266  0.4s

=== P1E_S2_C1 train[3] k=5  dim=576  frames=241  σ=0.0  fold=2 ===
  SSC-Block-TV-Col21: k_hat=5  ACC=0.7759  NMI=0.8733  ARI=0.7458  0.4s

=== P1E_S2_C2 train[0] k=5  dim=576  frames=223  σ=0.0  fold=2 ===
  SSC-Block-TV-Col21: k_hat=5  ACC=0.9417  NMI=0.8904  ARI=0.8563  0.4s

=== P1E_S2_C2 train[1] k=5  dim=576  frames=196  σ=0.0  fold=2 ===
  SSC-Block-TV-Col21: k_hat=5  ACC=0.9949  NMI=0.9850  ARI=0.9868  0.3s

=== P1E_S2_C2 train[2] k=5  dim=576  frames=192  σ=0.0  fold=2 ===
  SSC-Block-TV-Col21: k_hat=5  ACC=0.7448  NMI=0.7870  ARI=0.6364  0.3s

=== P1E_S2_C2 train[3] k=5  dim=576  frames=212  σ=0.0  fold=2 ===
  SSC-Block-TV-Col21: k_hat=5  ACC=0.9764  NMI=0.9443  ARI=0.9433  0.3s

=== P1E_S2_C3 train[0] k=5  dim=576  frames=173  σ=0.0  fold=2 ===
  SSC-Block-TV-Col21: k_hat=5  ACC=0.9884  NMI=0.9711  ARI=0.9686  0.2s

=== P1E_S2_C3 train[1] k=5  dim=576  frames=156  σ=0.0  fold=2 ===
  SSC-Block-TV-Col21: k_hat=5  ACC=1.0000  NMI=1.0000  ARI=1.0000  0.2s

=== P1E_S2_C3 train[2] k=5  dim=576  frames=160  σ=0.0  fold=2 ===
  SSC-Block-TV-Col21: k_hat=5  ACC=0.7750  NMI=0.8515  ARI=0.7507  0.2s

=== P1E_S2_C3 train[3] k=5  dim=576  frames=154  σ=0.0  fold=2 ===
  SSC-Block-TV-Col21: k_hat=5  ACC=0.9805  NMI=0.9524  ARI=0.9542  0.2s

=== P1E_S3_C1 train[0] k=5  dim=576  frames=258  σ=0.0  fold=2 ===
  SSC-Block-TV-Col21: k_hat=5  ACC=0.6744  NMI=0.7797  ARI=0.5989  0.5s

=== P1E_S3_C1 train[1] k=5  dim=576  frames=237  σ=0.0  fold=2 ===
  SSC-Block-TV-Col21: k_hat=5  ACC=0.8608  NMI=0.8471  ARI=0.7300  0.4s

=== P1E_S3_C1 train[2] k=5  dim=576  frames=250  σ=0.0  fold=2 ===
  SSC-Block-TV-Col21: k_hat=5  ACC=0.5360  NMI=0.6497  ARI=0.4244  0.5s

=== P1E_S3_C1 train[3] k=5  dim=576  frames=237  σ=0.0  fold=2 ===
  SSC-Block-TV-Col21: k_hat=5  ACC=0.8861  NMI=0.8843  ARI=0.8324  0.4s

=== P1E_S3_C2 train[0] k=5  dim=576  frames=232  σ=0.0  fold=2 ===
  SSC-Block-TV-Col21: k_hat=5  ACC=0.9138  NMI=0.8610  ARI=0.7863  0.4s

=== P1E_S3_C2 train[1] k=5  dim=576  frames=204  σ=0.0  fold=2 ===
  SSC-Block-TV-Col21: k_hat=5  ACC=0.9608  NMI=0.9116  ARI=0.9042  0.3s

=== P1E_S3_C2 train[2] k=5  dim=576  frames=222  σ=0.0  fold=2 ===
  SSC-Block-TV-Col21: k_hat=5  ACC=0.5766  NMI=0.7239  ARI=0.4919  0.3s

=== P1E_S3_C2 train[3] k=5  dim=576  frames=188  σ=0.0  fold=2 ===
  SSC-Block-TV-Col21: k_hat=5  ACC=0.9468  NMI=0.9103  ARI=0.8853  0.3s

=== P1E_S3_C3 train[0] k=5  dim=576  frames=170  σ=0.0  fold=2 ===
  SSC-Block-TV-Col21: k_hat=5  ACC=0.9824  NMI=0.9602  ARI=0.9502  0.2s

=== P1E_S3_C3 train[1] k=5  dim=576  frames=150  σ=0.0  fold=2 ===
  SSC-Block-TV-Col21: k_hat=5  ACC=1.0000  NMI=1.0000  ARI=1.0000  0.2s

=== P1E_S3_C3 train[2] k=5  dim=576  frames=167  σ=0.0  fold=2 ===
  SSC-Block-TV-Col21: k_hat=5  ACC=0.9162  NMI=0.8887  ARI=0.8601  0.2s

=== P1E_S3_C3 train[3] k=5  dim=576  frames=168  σ=0.0  fold=2 ===
  SSC-Block-TV-Col21: k_hat=5  ACC=0.9881  NMI=0.9667  ARI=0.9741  0.2s

=== P1E_S4_C1 train[0] k=5  dim=576  frames=231  σ=0.0  fold=2 ===
  SSC-Block-TV-Col21: k_hat=5  ACC=0.7619  NMI=0.8525  ARI=0.6836  0.4s

=== P1E_S4_C1 train[1] k=5  dim=576  frames=248  σ=0.0  fold=2 ===
  SSC-Block-TV-Col21: k_hat=5  ACC=0.9919  NMI=0.9783  ARI=0.9788  0.4s

=== P1E_S4_C1 train[2] k=5  dim=576  frames=248  σ=0.0  fold=2 ===
  SSC-Block-TV-Col21: k_hat=5  ACC=0.6573  NMI=0.7222  ARI=0.5403  0.4s

=== P1E_S4_C1 train[3] k=5  dim=576  frames=217  σ=0.0  fold=2 ===
  SSC-Block-TV-Col21: k_hat=5  ACC=0.7558  NMI=0.8129  ARI=0.7126  0.3s

=== P1E_S4_C2 train[0] k=5  dim=576  frames=201  σ=0.0  fold=2 ===
  SSC-Block-TV-Col21: k_hat=5  ACC=0.9851  NMI=0.9603  ARI=0.9618  0.3s

=== P1E_S4_C2 train[1] k=5  dim=576  frames=193  σ=0.0  fold=2 ===
  SSC-Block-TV-Col21: k_hat=5  ACC=0.9482  NMI=0.8986  ARI=0.8791  0.3s

=== P1E_S4_C2 train[2] k=5  dim=576  frames=223  σ=0.0  fold=2 ===
  SSC-Block-TV-Col21: k_hat=5  ACC=0.7175  NMI=0.8195  ARI=0.6846  0.4s

=== P1E_S4_C2 train[3] k=5  dim=576  frames=198  σ=0.0  fold=2 ===
  SSC-Block-TV-Col21: k_hat=5  ACC=0.8535  NMI=0.8592  ARI=0.7691  0.3s

=== P1E_S4_C3 train[0] k=5  dim=576  frames=132  σ=0.0  fold=2 ===
  SSC-Block-TV-Col21: k_hat=5  ACC=0.9470  NMI=0.9036  ARI=0.8806  0.2s

=== P1E_S4_C3 train[1] k=5  dim=576  frames=152  σ=0.0  fold=2 ===
  SSC-Block-TV-Col21: k_hat=5  ACC=0.9539  NMI=0.9254  ARI=0.8868  0.2s

=== P1E_S4_C3 train[2] k=5  dim=576  frames=141  σ=0.0  fold=2 ===
  SSC-Block-TV-Col21: k_hat=5  ACC=0.9929  NMI=0.9801  ARI=0.9798  0.2s

=== P1E_S4_C3 train[3] k=5  dim=576  frames=147  σ=0.0  fold=2 ===
  SSC-Block-TV-Col21: k_hat=5  ACC=0.7959  NMI=0.8702  ARI=0.7687  0.2s

=== P1L_S1_C1 train[0] k=5  dim=576  frames=289  σ=0.0  fold=2 ===
  SSC-Block-TV-Col21: k_hat=5  ACC=0.7509  NMI=0.8680  ARI=0.7272  0.6s

=== P1L_S1_C1 train[1] k=5  dim=576  frames=265  σ=0.0  fold=2 ===
  SSC-Block-TV-Col21: k_hat=5  ACC=1.0000  NMI=1.0000  ARI=1.0000  0.5s

=== P1L_S1_C1 train[2] k=5  dim=576  frames=239  σ=0.0  fold=2 ===
  SSC-Block-TV-Col21: k_hat=5  ACC=0.8912  NMI=0.9108  ARI=0.8725  0.4s

=== P1L_S1_C1 train[3] k=5  dim=576  frames=285  σ=0.0  fold=2 ===
  SSC-Block-TV-Col21: k_hat=5  ACC=1.0000  NMI=1.0000  ARI=1.0000  0.6s

=== P1L_S1_C2 train[0] k=5  dim=576  frames=286  σ=0.0  fold=2 ===
  SSC-Block-TV-Col21: k_hat=5  ACC=0.9930  NMI=0.9816  ARI=0.9854  0.6s

=== P1L_S1_C2 train[1] k=5  dim=576  frames=236  σ=0.0  fold=2 ===
  SSC-Block-TV-Col21: k_hat=5  ACC=0.8856  NMI=0.8792  ARI=0.7650  0.4s

=== P1L_S1_C2 train[2] k=5  dim=576  frames=260  σ=0.0  fold=2 ===
  SSC-Block-TV-Col21: k_hat=5  ACC=0.6923  NMI=0.8584  ARI=0.6930  0.5s

=== P1L_S1_C2 train[3] k=5  dim=576  frames=270  σ=0.0  fold=2 ===
  SSC-Block-TV-Col21: k_hat=5  ACC=1.0000  NMI=1.0000  ARI=1.0000  0.5s

=== P1L_S1_C3 train[0] k=5  dim=576  frames=108  σ=0.0  fold=2 ===
  SSC-Block-TV-Col21: k_hat=5  ACC=0.6296  NMI=0.7382  ARI=0.4995  0.1s

=== P1L_S1_C3 train[1] k=5  dim=576  frames=115  σ=0.0  fold=2 ===
  SSC-Block-TV-Col21: k_hat=5  ACC=0.7304  NMI=0.8548  ARI=0.6715  0.1s

=== P1L_S1_C3 train[2] k=5  dim=576  frames=101  σ=0.0  fold=2 ===
  SSC-Block-TV-Col21: k_hat=5  ACC=0.7624  NMI=0.7292  ARI=0.5555  0.1s

=== P1L_S1_C3 train[3] k=5  dim=576  frames=124  σ=0.0  fold=2 ===
  SSC-Block-TV-Col21: k_hat=5  ACC=0.9919  NMI=0.9784  ARI=0.9780  0.1s

=== P1L_S2_C1 train[0] k=5  dim=576  frames=348  σ=0.0  fold=2 ===
  SSC-Block-TV-Col21: k_hat=5  ACC=0.9483  NMI=0.8977  ARI=0.8740  0.8s

=== P1L_S2_C1 train[1] k=5  dim=576  frames=281  σ=0.0  fold=2 ===
  SSC-Block-TV-Col21: k_hat=5  ACC=0.9253  NMI=0.9021  ARI=0.8382  0.6s

=== P1L_S2_C1 train[2] k=5  dim=576  frames=275  σ=0.0  fold=2 ===
  SSC-Block-TV-Col21: k_hat=5  ACC=0.9018  NMI=0.9077  ARI=0.8561  0.5s

=== P1L_S2_C1 train[3] k=5  dim=576  frames=265  σ=0.0  fold=2 ===
  SSC-Block-TV-Col21: k_hat=5  ACC=1.0000  NMI=1.0000  ARI=1.0000  0.5s

=== P1L_S2_C2 train[0] k=5  dim=576  frames=300  σ=0.0  fold=2 ===
  SSC-Block-TV-Col21: k_hat=5  ACC=0.9333  NMI=0.8951  ARI=0.8374  0.6s

=== P1L_S2_C2 train[1] k=5  dim=576  frames=256  σ=0.0  fold=2 ===
  SSC-Block-TV-Col21: k_hat=5  ACC=1.0000  NMI=1.0000  ARI=1.0000  0.5s

=== P1L_S2_C2 train[2] k=5  dim=576  frames=301  σ=0.0  fold=2 ===
  SSC-Block-TV-Col21: k_hat=5  ACC=0.7110  NMI=0.8375  ARI=0.6906  0.6s

=== P1L_S2_C2 train[3] k=5  dim=576  frames=222  σ=0.0  fold=2 ===
  SSC-Block-TV-Col21: k_hat=5  ACC=1.0000  NMI=1.0000  ARI=1.0000  0.3s

=== P1L_S2_C3 train[0] k=5  dim=576  frames=191  σ=0.0  fold=2 ===
  SSC-Block-TV-Col21: k_hat=5  ACC=1.0000  NMI=1.0000  ARI=1.0000  0.3s

=== P1L_S2_C3 train[1] k=5  dim=576  frames=159  σ=0.0  fold=2 ===
  SSC-Block-TV-Col21: k_hat=5  ACC=1.0000  NMI=1.0000  ARI=1.0000  0.2s

=== P1L_S2_C3 train[2] k=5  dim=576  frames=175  σ=0.0  fold=2 ===
  SSC-Block-TV-Col21: k_hat=5  ACC=0.6800  NMI=0.7840  ARI=0.6168  0.2s

=== P1L_S2_C3 train[3] k=5  dim=576  frames=179  σ=0.0  fold=2 ===
  SSC-Block-TV-Col21: k_hat=5  ACC=0.9832  NMI=0.9647  ARI=0.9646  0.3s

=== P1L_S3_C1 train[0] k=5  dim=576  frames=246  σ=0.0  fold=2 ===
  SSC-Block-TV-Col21: k_hat=5  ACC=0.7764  NMI=0.8491  ARI=0.6688  0.4s

=== P1L_S3_C1 train[1] k=5  dim=576  frames=289  σ=0.0  fold=2 ===
  SSC-Block-TV-Col21: k_hat=5  ACC=0.9481  NMI=0.9197  ARI=0.8814  0.6s

=== P1L_S3_C1 train[2] k=5  dim=576  frames=312  σ=0.0  fold=2 ===
  SSC-Block-TV-Col21: k_hat=5  ACC=0.7340  NMI=0.7689  ARI=0.5913  0.6s

=== P1L_S3_C1 train[3] k=5  dim=576  frames=241  σ=0.0  fold=2 ===
  SSC-Block-TV-Col21: k_hat=5  ACC=0.9585  NMI=0.9310  ARI=0.9079  0.4s

=== P1L_S3_C2 train[0] k=5  dim=576  frames=262  σ=0.0  fold=2 ===
  SSC-Block-TV-Col21: k_hat=5  ACC=0.9542  NMI=0.9272  ARI=0.8916  0.5s

=== P1L_S3_C2 train[1] k=5  dim=576  frames=287  σ=0.0  fold=2 ===
  SSC-Block-TV-Col21: k_hat=5  ACC=0.7596  NMI=0.8637  ARI=0.7125  0.6s

=== P1L_S3_C2 train[2] k=5  dim=576  frames=329  σ=0.0  fold=2 ===
  SSC-Block-TV-Col21: k_hat=5  ACC=0.8997  NMI=0.8902  ARI=0.7994  0.7s

=== P1L_S3_C2 train[3] k=5  dim=576  frames=290  σ=0.0  fold=2 ===
  SSC-Block-TV-Col21: k_hat=5  ACC=0.6966  NMI=0.8449  ARI=0.6581  0.6s

=== P1L_S3_C3 train[0] k=5  dim=576  frames=231  σ=0.0  fold=2 ===
  SSC-Block-TV-Col21: k_hat=5  ACC=0.9307  NMI=0.8833  ARI=0.8191  0.4s

=== P1L_S3_C3 train[1] k=5  dim=576  frames=210  σ=0.0  fold=2 ===
  SSC-Block-TV-Col21: k_hat=5  ACC=1.0000  NMI=1.0000  ARI=1.0000  0.3s

=== P1L_S3_C3 train[2] k=5  dim=576  frames=210  σ=0.0  fold=2 ===
  SSC-Block-TV-Col21: k_hat=5  ACC=0.8429  NMI=0.8090  ARI=0.6820  0.3s

=== P1L_S3_C3 train[3] k=5  dim=576  frames=229  σ=0.0  fold=2 ===
  SSC-Block-TV-Col21: k_hat=5  ACC=0.9913  NMI=0.9734  ARI=0.9789  0.4s

=== P1L_S4_C1 train[0] k=5  dim=576  frames=313  σ=0.0  fold=2 ===
  SSC-Block-TV-Col21: k_hat=5  ACC=0.9617  NMI=0.9339  ARI=0.9077  0.6s

=== P1L_S4_C1 train[1] k=5  dim=576  frames=255  σ=0.0  fold=2 ===
  SSC-Block-TV-Col21: k_hat=5  ACC=0.9843  NMI=0.9626  ARI=0.9540  0.5s

=== P1L_S4_C1 train[2] k=5  dim=576  frames=278  σ=0.0  fold=2 ===
  SSC-Block-TV-Col21: k_hat=5  ACC=0.7626  NMI=0.8577  ARI=0.7259  0.5s

=== P1L_S4_C1 train[3] k=5  dim=576  frames=344  σ=0.0  fold=2 ===
  SSC-Block-TV-Col21: k_hat=5  ACC=1.0000  NMI=1.0000  ARI=1.0000  0.7s

=== P1L_S4_C2 train[0] k=5  dim=576  frames=267  σ=0.0  fold=2 ===
  SSC-Block-TV-Col21: k_hat=5  ACC=0.8165  NMI=0.7818  ARI=0.6121  0.5s

=== P1L_S4_C2 train[1] k=5  dim=576  frames=257  σ=0.0  fold=2 ===
  SSC-Block-TV-Col21: k_hat=5  ACC=1.0000  NMI=1.0000  ARI=1.0000  0.5s

=== P1L_S4_C2 train[2] k=5  dim=576  frames=258  σ=0.0  fold=2 ===
  SSC-Block-TV-Col21: k_hat=5  ACC=0.7713  NMI=0.7808  ARI=0.6220  0.5s

=== P1L_S4_C2 train[3] k=5  dim=576  frames=266  σ=0.0  fold=2 ===
  SSC-Block-TV-Col21: k_hat=5  ACC=0.9925  NMI=0.9807  ARI=0.9847  0.5s

=== P1L_S4_C3 train[0] k=5  dim=576  frames=180  σ=0.0  fold=2 ===
  SSC-Block-TV-Col21: k_hat=5  ACC=0.8389  NMI=0.8668  ARI=0.7249  0.2s

=== P1L_S4_C3 train[1] k=5  dim=576  frames=158  σ=0.0  fold=2 ===
  SSC-Block-TV-Col21: k_hat=5  ACC=1.0000  NMI=1.0000  ARI=1.0000  0.2s

=== P1L_S4_C3 train[2] k=5  dim=576  frames=169  σ=0.0  fold=2 ===
  SSC-Block-TV-Col21: k_hat=5  ACC=0.7811  NMI=0.7884  ARI=0.6314  0.2s

=== P1L_S4_C3 train[3] k=5  dim=576  frames=185  σ=0.0  fold=2 ===
  SSC-Block-TV-Col21: k_hat=5  ACC=0.9892  NMI=0.9741  ARI=0.9749  0.3s

=== P1E_S1_C1 test[0] k=5  dim=576  frames=265  σ=0.0  fold=2 ===
  SSC-Block-TV-Col21: k_hat=5  ACC=0.4906  NMI=0.6910  ARI=0.3985  0.5s

=== P1E_S1_C2 test[0] k=5  dim=576  frames=198  σ=0.0  fold=2 ===
  SSC-Block-TV-Col21: k_hat=5  ACC=0.5758  NMI=0.6492  ARI=0.4218  0.3s

=== P1E_S1_C3 test[0] k=5  dim=576  frames=68  σ=0.0  fold=2 ===
  SSC-Block-TV-Col21: k_hat=5  ACC=0.7647  NMI=0.7788  ARI=0.6619  0.1s

=== P1E_S2_C1 test[0] k=5  dim=576  frames=265  σ=0.0  fold=2 ===
  SSC-Block-TV-Col21: k_hat=5  ACC=0.5208  NMI=0.6936  ARI=0.4313  0.5s

=== P1E_S2_C2 test[0] k=5  dim=576  frames=219  σ=0.0  fold=2 ===
  SSC-Block-TV-Col21: k_hat=5  ACC=0.9589  NMI=0.9318  ARI=0.9004  0.4s

=== P1E_S2_C3 test[0] k=5  dim=576  frames=173  σ=0.0  fold=2 ===
  SSC-Block-TV-Col21: k_hat=5  ACC=0.6994  NMI=0.6906  ARI=0.5563  0.2s

=== P1E_S3_C1 test[0] k=5  dim=576  frames=273  σ=0.0  fold=2 ===
  SSC-Block-TV-Col21: k_hat=5  ACC=0.6850  NMI=0.7690  ARI=0.5930  0.5s

=== P1E_S3_C2 test[0] k=5  dim=576  frames=280  σ=0.0  fold=2 ===
  SSC-Block-TV-Col21: k_hat=5  ACC=0.7821  NMI=0.8188  ARI=0.6999  0.5s

=== P1E_S3_C3 test[0] k=5  dim=576  frames=211  σ=0.0  fold=2 ===
  SSC-Block-TV-Col21: k_hat=5  ACC=0.7393  NMI=0.8374  ARI=0.6914  0.3s

=== P1E_S4_C1 test[0] k=5  dim=576  frames=303  σ=0.0  fold=2 ===
  SSC-Block-TV-Col21: k_hat=5  ACC=0.7690  NMI=0.8664  ARI=0.7208  0.6s

=== P1E_S4_C2 test[0] k=5  dim=576  frames=236  σ=0.0  fold=2 ===
  SSC-Block-TV-Col21: k_hat=5  ACC=0.9873  NMI=0.9695  ARI=0.9668  0.4s

=== P1E_S4_C3 test[0] k=5  dim=576  frames=147  σ=0.0  fold=2 ===
  SSC-Block-TV-Col21: k_hat=5  ACC=0.9252  NMI=0.8866  ARI=0.8402  0.2s

=== P1L_S1_C1 test[0] k=5  dim=576  frames=313  σ=0.0  fold=2 ===
  SSC-Block-TV-Col21: k_hat=5  ACC=0.8307  NMI=0.8741  ARI=0.7477  0.7s

=== P1L_S1_C2 test[0] k=5  dim=576  frames=257  σ=0.0  fold=2 ===
  SSC-Block-TV-Col21: k_hat=5  ACC=0.8366  NMI=0.7938  ARI=0.6692  0.5s

=== P1L_S1_C3 test[0] k=5  dim=576  frames=117  σ=0.0  fold=2 ===
  SSC-Block-TV-Col21: k_hat=5  ACC=0.6923  NMI=0.7309  ARI=0.4870  0.1s

=== P1L_S2_C1 test[0] k=5  dim=576  frames=301  σ=0.0  fold=2 ===
  SSC-Block-TV-Col21: k_hat=5  ACC=0.6512  NMI=0.7316  ARI=0.5138  0.6s

=== P1L_S2_C2 test[0] k=5  dim=576  frames=314  σ=0.0  fold=2 ===
  SSC-Block-TV-Col21: k_hat=5  ACC=0.9045  NMI=0.8888  ARI=0.7909  0.6s

=== P1L_S2_C3 test[0] k=5  dim=576  frames=193  σ=0.0  fold=2 ===
  SSC-Block-TV-Col21: k_hat=5  ACC=0.8964  NMI=0.8854  ARI=0.7821  0.3s

=== P1L_S3_C1 test[0] k=5  dim=576  frames=241  σ=0.0  fold=2 ===
  SSC-Block-TV-Col21: k_hat=5  ACC=0.9502  NMI=0.9017  ARI=0.8848  0.4s

=== P1L_S3_C2 test[0] k=5  dim=576  frames=304  σ=0.0  fold=2 ===
  SSC-Block-TV-Col21: k_hat=5  ACC=0.5428  NMI=0.7255  ARI=0.5065  0.6s

=== P1L_S3_C3 test[0] k=5  dim=576  frames=225  σ=0.0  fold=2 ===
  SSC-Block-TV-Col21: k_hat=5  ACC=0.9956  NMI=0.9867  ARI=0.9896  0.4s

=== P1L_S4_C1 test[0] k=5  dim=576  frames=253  σ=0.0  fold=2 ===
  SSC-Block-TV-Col21: k_hat=5  ACC=0.9881  NMI=0.9677  ARI=0.9749  0.5s

=== P1L_S4_C2 test[0] k=5  dim=576  frames=279  σ=0.0  fold=2 ===
  SSC-Block-TV-Col21: k_hat=5  ACC=0.9211  NMI=0.8775  ARI=0.8478  0.6s

=== P1L_S4_C3 test[0] k=5  dim=576  frames=188  σ=0.0  fold=2 ===
  SSC-Block-TV-Col21: k_hat=5  ACC=0.6649  NMI=0.7693  ARI=0.5947  0.3s
  tune_pool_groups=20: sampling from 20 held-in people (overlap allowed) instead of the 4 fixed partition group(s)

============================================================
σ=0.0 fold=3  test=['0007', '0010', '0015', '0016', '0021']  train mats=96  test mats=24  tune mats=480
  --- tune SSC-Block-TV-Col21 over 480 train mats  n_trials=40 (4 params) ---
  SSC-Block-TV-Col21 trial 0: mean ARI=0.6485  n=480  173.2s  lambda_e=1, lambda_z=0.1, gamma_q=0.1, block_size=5
  SSC-Block-TV-Col21 trial 1: mean ARI=0.7067  n=480  174.0s  lambda_e=0.443, lambda_z=0.7257, gamma_q=0.2577, block_size=7
  SSC-Block-TV-Col21 trial 2: mean ARI=0.7593  n=480  170.3s  lambda_e=0.1866, lambda_z=0.3833, gamma_q=0.05628, block_size=11
  SSC-Block-TV-Col21 trial 3: mean ARI=0.4552  n=480  171.7s  lambda_e=7.78, lambda_z=0.03418, gamma_q=1.469, block_size=7
  SSC-Block-TV-Col21 trial 4: mean ARI=0.6384  n=480  182.8s  lambda_e=0.506, lambda_z=5.039, gamma_q=0.001924, block_size=2
  SSC-Block-TV-Col21 trial 5: mean ARI=0.4528  n=480  171.0s  lambda_e=0.0115, lambda_z=2.14, gamma_q=1.296, block_size=11
  SSC-Block-TV-Col21 trial 6: mean ARI=0.7181  n=480  169.9s  lambda_e=8.627, lambda_z=1.573, gamma_q=0.07013, block_size=10
  SSC-Block-TV-Col21 trial 7: mean ARI=0.8003  n=480  170.2s  lambda_e=0.02264, lambda_z=0.3628, gamma_q=0.003745, block_size=12
  SSC-Block-TV-Col21 trial 8: mean ARI=0.7888  n=480  172.7s  lambda_e=0.3677, lambda_z=0.04557, gamma_q=0.01143, block_size=10
  SSC-Block-TV-Col21 trial 9: mean ARI=0.7904  n=480  172.7s  lambda_e=0.2336, lambda_z=0.1878, gamma_q=0.001189, block_size=8
  SSC-Block-TV-Col21 trial 10: mean ARI=0.5407  n=480  185.2s  lambda_e=0.01151, lambda_z=0.001661, gamma_q=6.473, block_size=2
  SSC-Block-TV-Col21 trial 11: mean ARI=0.7942  n=480  172.8s  lambda_e=0.05789, lambda_z=0.1589, gamma_q=0.001276, block_size=8
  SSC-Block-TV-Col21 trial 12: mean ARI=0.7032  n=480  171.7s  lambda_e=0.03705, lambda_z=0.00525, gamma_q=0.006143, block_size=12
  SSC-Block-TV-Col21 trial 13: mean ARI=0.7929  n=480  176.3s  lambda_e=0.04693, lambda_z=0.01302, gamma_q=0.007133, block_size=5
  SSC-Block-TV-Col21 trial 14: mean ARI=0.7952  n=480  172.6s  lambda_e=0.05946, lambda_z=0.1905, gamma_q=0.003034, block_size=9
  SSC-Block-TV-Col21 trial 15: mean ARI=0.6913  n=480  173.2s  lambda_e=0.09713, lambda_z=7.364, gamma_q=0.02311, block_size=12
  SSC-Block-TV-Col21 trial 16: mean ARI=0.8066  n=480  173.1s  lambda_e=0.02243, lambda_z=0.4296, gamma_q=0.003587, block_size=9
  SSC-Block-TV-Col21 trial 17: mean ARI=0.8323  n=480  176.2s  lambda_e=0.02314, lambda_z=0.8864, gamma_q=0.02035, block_size=5
  SSC-Block-TV-Col21 trial 18: mean ARI=0.8416  n=480  177.7s  lambda_e=0.02018, lambda_z=1.452, gamma_q=0.01855, block_size=4
  SSC-Block-TV-Col21 trial 19: mean ARI=0.7739  n=480  177.6s  lambda_e=0.1242, lambda_z=1.844, gamma_q=0.02095, block_size=4
  SSC-Block-TV-Col21 trial 20: mean ARI=0.5718  n=480  177.8s  lambda_e=0.025, lambda_z=1.185, gamma_q=0.1828, block_size=4
  SSC-Block-TV-Col21 trial 21: mean ARI=0.8108  n=480  174.5s  lambda_e=0.01941, lambda_z=3.438, gamma_q=0.02209, block_size=6
  SSC-Block-TV-Col21 trial 22: mean ARI=0.8197  n=480  175.0s  lambda_e=0.01002, lambda_z=3.145, gamma_q=0.02141, block_size=6
  SSC-Block-TV-Col21 trial 23: mean ARI=0.8448  n=480  180.2s  lambda_e=0.01157, lambda_z=9.08, gamma_q=0.0377, block_size=3
  SSC-Block-TV-Col21 trial 24: mean ARI=0.8498  n=480  180.7s  lambda_e=0.03377, lambda_z=0.8464, gamma_q=0.0393, block_size=3
  SSC-Block-TV-Col21 trial 25: mean ARI=0.7178  n=480  180.3s  lambda_e=0.1034, lambda_z=6.173, gamma_q=0.3155, block_size=3
  SSC-Block-TV-Col21 trial 26: mean ARI=0.8386  n=480  180.5s  lambda_e=0.03682, lambda_z=7.057, gamma_q=0.04207, block_size=3
  SSC-Block-TV-Col21 trial 27: mean ARI=0.7438  n=480  180.7s  lambda_e=0.0144, lambda_z=9.263, gamma_q=0.1449, block_size=3
  SSC-Block-TV-Col21 trial 28: mean ARI=0.6752  n=480  177.2s  lambda_e=2.859, lambda_z=0.763, gamma_q=0.6846, block_size=4
  SSC-Block-TV-Col21 trial 29: mean ARI=0.7135  n=480  184.4s  lambda_e=0.0346, lambda_z=0.08965, gamma_q=0.08864, block_size=2
  SSC-Block-TV-Col21 trial 30: mean ARI=0.8378  n=480  180.3s  lambda_e=0.07352, lambda_z=2.923, gamma_q=0.0419, block_size=3
  SSC-Block-TV-Col21 trial 31: mean ARI=0.8332  n=480  180.6s  lambda_e=0.03527, lambda_z=9.486, gamma_q=0.03991, block_size=3
  SSC-Block-TV-Col21 trial 32: mean ARI=0.7131  n=480  177.7s  lambda_e=0.01532, lambda_z=4.29, gamma_q=0.1079, block_size=4
  SSC-Block-TV-Col21 trial 33: mean ARI=0.8395  n=480  180.5s  lambda_e=0.03353, lambda_z=0.6121, gamma_q=0.01091, block_size=3
  SSC-Block-TV-Col21 trial 34: mean ARI=0.8372  n=480  176.6s  lambda_e=0.01631, lambda_z=0.3948, gamma_q=0.01023, block_size=5
  SSC-Block-TV-Col21 trial 35: mean ARI=0.8166  n=480  184.5s  lambda_e=0.1721, lambda_z=0.5698, gamma_q=0.01197, block_size=2
  SSC-Block-TV-Col21 trial 36: mean ARI=0.8148  n=480  177.8s  lambda_e=0.02894, lambda_z=1.354, gamma_q=0.00598, block_size=4
  SSC-Block-TV-Col21 trial 37: mean ARI=0.5873  n=480  172.1s  lambda_e=1.656, lambda_z=0.2443, gamma_q=0.2585, block_size=6
  SSC-Block-TV-Col21 trial 38: mean ARI=0.7778  n=480  183.3s  lambda_e=0.05722, lambda_z=0.08942, gamma_q=0.0517, block_size=2
  SSC-Block-TV-Col21 trial 39: mean ARI=0.8335  n=480  176.5s  lambda_e=0.01572, lambda_z=2.171, gamma_q=0.01451, block_size=5
    best mean ARI=0.8498  tune 7066.3s  lambda_e=0.03377, lambda_z=0.8464, gamma_q=0.0393, block_size=3
  wrote /nfs/turbo/umms-minjilab/lpullela/icassp_ssc_tv2/block_ssc_benchmark/cv/params/surveillance/split_k5_clean_min30_trials20_knownk_scaled_params_cv_ssc_block_tv_col21_k5_sigma0_sigma0_fold3.json

=== P1E_S1_C1 train[0] k=5  dim=576  frames=249  σ=0.0  fold=3 ===
  SSC-Block-TV-Col21: k_hat=5  ACC=0.7470  NMI=0.8534  ARI=0.6788  0.4s

=== P1E_S1_C1 train[1] k=5  dim=576  frames=212  σ=0.0  fold=3 ===
  SSC-Block-TV-Col21: k_hat=5  ACC=0.9858  NMI=0.9682  ARI=0.9672  0.3s

=== P1E_S1_C1 train[2] k=5  dim=576  frames=265  σ=0.0  fold=3 ===
  SSC-Block-TV-Col21: k_hat=5  ACC=0.7170  NMI=0.8006  ARI=0.6345  0.5s

=== P1E_S1_C1 train[3] k=5  dim=576  frames=268  σ=0.0  fold=3 ===
  SSC-Block-TV-Col21: k_hat=5  ACC=1.0000  NMI=1.0000  ARI=1.0000  0.5s

=== P1E_S1_C2 train[0] k=5  dim=576  frames=231  σ=0.0  fold=3 ===
  SSC-Block-TV-Col21: k_hat=5  ACC=0.9870  NMI=0.9652  ARI=0.9712  0.4s

=== P1E_S1_C2 train[1] k=5  dim=576  frames=188  σ=0.0  fold=3 ===
  SSC-Block-TV-Col21: k_hat=5  ACC=1.0000  NMI=1.0000  ARI=1.0000  0.3s

=== P1E_S1_C2 train[2] k=5  dim=576  frames=198  σ=0.0  fold=3 ===
  SSC-Block-TV-Col21: k_hat=5  ACC=0.7121  NMI=0.7920  ARI=0.6351  0.3s

=== P1E_S1_C2 train[3] k=5  dim=576  frames=215  σ=0.0  fold=3 ===
  SSC-Block-TV-Col21: k_hat=5  ACC=0.9814  NMI=0.9531  ARI=0.9549  0.3s

=== P1E_S1_C3 train[0] k=5  dim=576  frames=98  σ=0.0  fold=3 ===
  SSC-Block-TV-Col21: k_hat=5  ACC=0.9592  NMI=0.9159  ARI=0.8970  0.1s

=== P1E_S1_C3 train[1] k=5  dim=576  frames=93  σ=0.0  fold=3 ===
  SSC-Block-TV-Col21: k_hat=5  ACC=0.7527  NMI=0.8261  ARI=0.6880  0.1s

=== P1E_S1_C3 train[2] k=5  dim=576  frames=68  σ=0.0  fold=3 ===
  SSC-Block-TV-Col21: k_hat=5  ACC=0.5294  NMI=0.6518  ARI=0.4085  0.1s

=== P1E_S1_C3 train[3] k=5  dim=576  frames=107  σ=0.0  fold=3 ===
  SSC-Block-TV-Col21: k_hat=5  ACC=0.9907  NMI=0.9766  ARI=0.9775  0.1s

=== P1E_S2_C1 train[0] k=5  dim=576  frames=268  σ=0.0  fold=3 ===
  SSC-Block-TV-Col21: k_hat=5  ACC=0.9701  NMI=0.9285  ARI=0.9251  0.5s

=== P1E_S2_C1 train[1] k=5  dim=576  frames=250  σ=0.0  fold=3 ===
  SSC-Block-TV-Col21: k_hat=5  ACC=0.9440  NMI=0.9228  ARI=0.8898  0.4s

=== P1E_S2_C1 train[2] k=5  dim=576  frames=265  σ=0.0  fold=3 ===
  SSC-Block-TV-Col21: k_hat=5  ACC=0.7774  NMI=0.8790  ARI=0.7728  0.5s

=== P1E_S2_C1 train[3] k=5  dim=576  frames=241  σ=0.0  fold=3 ===
  SSC-Block-TV-Col21: k_hat=5  ACC=0.7925  NMI=0.8249  ARI=0.7337  0.4s

=== P1E_S2_C2 train[0] k=5  dim=576  frames=223  σ=0.0  fold=3 ===
  SSC-Block-TV-Col21: k_hat=5  ACC=0.9462  NMI=0.8964  ARI=0.8679  0.4s

=== P1E_S2_C2 train[1] k=5  dim=576  frames=196  σ=0.0  fold=3 ===
  SSC-Block-TV-Col21: k_hat=5  ACC=0.9847  NMI=0.9598  ARI=0.9622  0.3s

=== P1E_S2_C2 train[2] k=5  dim=576  frames=219  σ=0.0  fold=3 ===
  SSC-Block-TV-Col21: k_hat=5  ACC=0.9635  NMI=0.9367  ARI=0.9104  0.4s

=== P1E_S2_C2 train[3] k=5  dim=576  frames=212  σ=0.0  fold=3 ===
  SSC-Block-TV-Col21: k_hat=5  ACC=0.9717  NMI=0.9370  ARI=0.9327  0.3s

=== P1E_S2_C3 train[0] k=5  dim=576  frames=173  σ=0.0  fold=3 ===
  SSC-Block-TV-Col21: k_hat=5  ACC=1.0000  NMI=1.0000  ARI=1.0000  0.2s

=== P1E_S2_C3 train[1] k=5  dim=576  frames=156  σ=0.0  fold=3 ===
  SSC-Block-TV-Col21: k_hat=5  ACC=0.9679  NMI=0.9411  ARI=0.9161  0.2s

=== P1E_S2_C3 train[2] k=5  dim=576  frames=173  σ=0.0  fold=3 ===
  SSC-Block-TV-Col21: k_hat=5  ACC=0.7746  NMI=0.7608  ARI=0.5948  0.2s

=== P1E_S2_C3 train[3] k=5  dim=576  frames=154  σ=0.0  fold=3 ===
  SSC-Block-TV-Col21: k_hat=5  ACC=0.9740  NMI=0.9398  ARI=0.9378  0.2s

=== P1E_S3_C1 train[0] k=5  dim=576  frames=258  σ=0.0  fold=3 ===
  SSC-Block-TV-Col21: k_hat=5  ACC=0.7713  NMI=0.7557  ARI=0.6172  0.5s

=== P1E_S3_C1 train[1] k=5  dim=576  frames=237  σ=0.0  fold=3 ===
  SSC-Block-TV-Col21: k_hat=5  ACC=0.8608  NMI=0.8471  ARI=0.7300  0.4s

=== P1E_S3_C1 train[2] k=5  dim=576  frames=273  σ=0.0  fold=3 ===
  SSC-Block-TV-Col21: k_hat=5  ACC=0.5495  NMI=0.7317  ARI=0.5207  0.5s

=== P1E_S3_C1 train[3] k=5  dim=576  frames=237  σ=0.0  fold=3 ===
  SSC-Block-TV-Col21: k_hat=5  ACC=0.7468  NMI=0.8437  ARI=0.6909  0.4s

=== P1E_S3_C2 train[0] k=5  dim=576  frames=232  σ=0.0  fold=3 ===
  SSC-Block-TV-Col21: k_hat=5  ACC=0.8966  NMI=0.8489  ARI=0.7544  0.4s

=== P1E_S3_C2 train[1] k=5  dim=576  frames=204  σ=0.0  fold=3 ===
  SSC-Block-TV-Col21: k_hat=5  ACC=0.9755  NMI=0.9347  ARI=0.9367  0.3s

=== P1E_S3_C2 train[2] k=5  dim=576  frames=280  σ=0.0  fold=3 ===
  SSC-Block-TV-Col21: k_hat=5  ACC=0.7107  NMI=0.8039  ARI=0.6460  0.5s

=== P1E_S3_C2 train[3] k=5  dim=576  frames=188  σ=0.0  fold=3 ===
  SSC-Block-TV-Col21: k_hat=5  ACC=0.9309  NMI=0.8798  ARI=0.8543  0.3s

=== P1E_S3_C3 train[0] k=5  dim=576  frames=170  σ=0.0  fold=3 ===
  SSC-Block-TV-Col21: k_hat=5  ACC=0.9824  NMI=0.9602  ARI=0.9502  0.2s

=== P1E_S3_C3 train[1] k=5  dim=576  frames=150  σ=0.0  fold=3 ===
  SSC-Block-TV-Col21: k_hat=5  ACC=1.0000  NMI=1.0000  ARI=1.0000  0.2s

=== P1E_S3_C3 train[2] k=5  dim=576  frames=211  σ=0.0  fold=3 ===
  SSC-Block-TV-Col21: k_hat=5  ACC=0.7393  NMI=0.8374  ARI=0.6914  0.3s

=== P1E_S3_C3 train[3] k=5  dim=576  frames=168  σ=0.0  fold=3 ===
  SSC-Block-TV-Col21: k_hat=5  ACC=0.9881  NMI=0.9667  ARI=0.9741  0.2s

=== P1E_S4_C1 train[0] k=5  dim=576  frames=231  σ=0.0  fold=3 ===
  SSC-Block-TV-Col21: k_hat=5  ACC=0.7619  NMI=0.8525  ARI=0.6836  0.4s

=== P1E_S4_C1 train[1] k=5  dim=576  frames=248  σ=0.0  fold=3 ===
  SSC-Block-TV-Col21: k_hat=5  ACC=0.9919  NMI=0.9783  ARI=0.9788  0.4s

=== P1E_S4_C1 train[2] k=5  dim=576  frames=303  σ=0.0  fold=3 ===
  SSC-Block-TV-Col21: k_hat=5  ACC=0.9274  NMI=0.9111  ARI=0.8616  0.7s

=== P1E_S4_C1 train[3] k=5  dim=576  frames=217  σ=0.0  fold=3 ===
  SSC-Block-TV-Col21: k_hat=5  ACC=0.7972  NMI=0.8232  ARI=0.6932  0.3s

=== P1E_S4_C2 train[0] k=5  dim=576  frames=201  σ=0.0  fold=3 ===
  SSC-Block-TV-Col21: k_hat=5  ACC=0.9751  NMI=0.9414  ARI=0.9381  0.3s

=== P1E_S4_C2 train[1] k=5  dim=576  frames=193  σ=0.0  fold=3 ===
  SSC-Block-TV-Col21: k_hat=5  ACC=0.9689  NMI=0.9281  ARI=0.9254  0.3s

=== P1E_S4_C2 train[2] k=5  dim=576  frames=236  σ=0.0  fold=3 ===
  SSC-Block-TV-Col21: k_hat=5  ACC=0.9788  NMI=0.9476  ARI=0.9470  0.4s

=== P1E_S4_C2 train[3] k=5  dim=576  frames=198  σ=0.0  fold=3 ===
  SSC-Block-TV-Col21: k_hat=5  ACC=0.8535  NMI=0.8592  ARI=0.7691  0.3s

=== P1E_S4_C3 train[0] k=5  dim=576  frames=132  σ=0.0  fold=3 ===
  SSC-Block-TV-Col21: k_hat=5  ACC=0.9621  NMI=0.9208  ARI=0.9094  0.1s

=== P1E_S4_C3 train[1] k=5  dim=576  frames=152  σ=0.0  fold=3 ===
  SSC-Block-TV-Col21: k_hat=5  ACC=0.9539  NMI=0.9254  ARI=0.8868  0.2s

=== P1E_S4_C3 train[2] k=5  dim=576  frames=147  σ=0.0  fold=3 ===
  SSC-Block-TV-Col21: k_hat=5  ACC=0.9524  NMI=0.8995  ARI=0.8839  0.2s

=== P1E_S4_C3 train[3] k=5  dim=576  frames=147  σ=0.0  fold=3 ===
  SSC-Block-TV-Col21: k_hat=5  ACC=0.8027  NMI=0.8724  ARI=0.7758  0.2s

=== P1L_S1_C1 train[0] k=5  dim=576  frames=289  σ=0.0  fold=3 ===
  SSC-Block-TV-Col21: k_hat=5  ACC=0.7578  NMI=0.8693  ARI=0.7311  0.6s

=== P1L_S1_C1 train[1] k=5  dim=576  frames=265  σ=0.0  fold=3 ===
  SSC-Block-TV-Col21: k_hat=5  ACC=1.0000  NMI=1.0000  ARI=1.0000  0.5s

=== P1L_S1_C1 train[2] k=5  dim=576  frames=313  σ=0.0  fold=3 ===
  SSC-Block-TV-Col21: k_hat=5  ACC=0.9968  NMI=0.9896  ARI=0.9916  0.6s

=== P1L_S1_C1 train[3] k=5  dim=576  frames=285  σ=0.0  fold=3 ===
  SSC-Block-TV-Col21: k_hat=5  ACC=1.0000  NMI=1.0000  ARI=1.0000  0.6s

=== P1L_S1_C2 train[0] k=5  dim=576  frames=286  σ=0.0  fold=3 ===
  SSC-Block-TV-Col21: k_hat=5  ACC=0.9930  NMI=0.9816  ARI=0.9854  0.6s

=== P1L_S1_C2 train[1] k=5  dim=576  frames=236  σ=0.0  fold=3 ===
  SSC-Block-TV-Col21: k_hat=5  ACC=1.0000  NMI=1.0000  ARI=1.0000  0.4s

=== P1L_S1_C2 train[2] k=5  dim=576  frames=257  σ=0.0  fold=3 ===
  SSC-Block-TV-Col21: k_hat=5  ACC=0.9494  NMI=0.9236  ARI=0.8918  0.5s

=== P1L_S1_C2 train[3] k=5  dim=576  frames=270  σ=0.0  fold=3 ===
  SSC-Block-TV-Col21: k_hat=5  ACC=1.0000  NMI=1.0000  ARI=1.0000  0.5s

=== P1L_S1_C3 train[0] k=5  dim=576  frames=108  σ=0.0  fold=3 ===
  SSC-Block-TV-Col21: k_hat=5  ACC=0.6481  NMI=0.7454  ARI=0.5159  0.1s

=== P1L_S1_C3 train[1] k=5  dim=576  frames=115  σ=0.0  fold=3 ===
  SSC-Block-TV-Col21: k_hat=5  ACC=0.7217  NMI=0.8276  ARI=0.6441  0.1s

=== P1L_S1_C3 train[2] k=5  dim=576  frames=117  σ=0.0  fold=3 ===
  SSC-Block-TV-Col21: k_hat=5  ACC=0.6581  NMI=0.7683  ARI=0.5848  0.1s

=== P1L_S1_C3 train[3] k=5  dim=576  frames=124  σ=0.0  fold=3 ===
  SSC-Block-TV-Col21: k_hat=5  ACC=0.9758  NMI=0.9432  ARI=0.9390  0.1s

=== P1L_S2_C1 train[0] k=5  dim=576  frames=348  σ=0.0  fold=3 ===
  SSC-Block-TV-Col21: k_hat=5  ACC=0.7902  NMI=0.7876  ARI=0.6562  0.8s

=== P1L_S2_C1 train[1] k=5  dim=576  frames=281  σ=0.0  fold=3 ===
  SSC-Block-TV-Col21: k_hat=5  ACC=0.9253  NMI=0.9021  ARI=0.8382  0.6s

=== P1L_S2_C1 train[2] k=5  dim=576  frames=301  σ=0.0  fold=3 ===
  SSC-Block-TV-Col21: k_hat=5  ACC=0.6512  NMI=0.7316  ARI=0.5138  0.6s

=== P1L_S2_C1 train[3] k=5  dim=576  frames=265  σ=0.0  fold=3 ===
  SSC-Block-TV-Col21: k_hat=5  ACC=1.0000  NMI=1.0000  ARI=1.0000  0.5s

=== P1L_S2_C2 train[0] k=5  dim=576  frames=300  σ=0.0  fold=3 ===
  SSC-Block-TV-Col21: k_hat=5  ACC=0.9400  NMI=0.9092  ARI=0.8530  0.6s

=== P1L_S2_C2 train[1] k=5  dim=576  frames=256  σ=0.0  fold=3 ===
  SSC-Block-TV-Col21: k_hat=5  ACC=1.0000  NMI=1.0000  ARI=1.0000  0.5s

=== P1L_S2_C2 train[2] k=5  dim=576  frames=314  σ=0.0  fold=3 ===
  SSC-Block-TV-Col21: k_hat=5  ACC=0.9013  NMI=0.8871  ARI=0.7862  0.6s

=== P1L_S2_C2 train[3] k=5  dim=576  frames=222  σ=0.0  fold=3 ===
  SSC-Block-TV-Col21: k_hat=5  ACC=1.0000  NMI=1.0000  ARI=1.0000  0.4s

=== P1L_S2_C3 train[0] k=5  dim=576  frames=191  σ=0.0  fold=3 ===
  SSC-Block-TV-Col21: k_hat=5  ACC=1.0000  NMI=1.0000  ARI=1.0000  0.3s

=== P1L_S2_C3 train[1] k=5  dim=576  frames=159  σ=0.0  fold=3 ===
  SSC-Block-TV-Col21: k_hat=5  ACC=1.0000  NMI=1.0000  ARI=1.0000  0.2s

=== P1L_S2_C3 train[2] k=5  dim=576  frames=193  σ=0.0  fold=3 ===
  SSC-Block-TV-Col21: k_hat=5  ACC=0.8964  NMI=0.8854  ARI=0.7821  0.3s

=== P1L_S2_C3 train[3] k=5  dim=576  frames=179  σ=0.0  fold=3 ===
  SSC-Block-TV-Col21: k_hat=5  ACC=0.9888  NMI=0.9736  ARI=0.9760  0.3s

=== P1L_S3_C1 train[0] k=5  dim=576  frames=246  σ=0.0  fold=3 ===
  SSC-Block-TV-Col21: k_hat=5  ACC=0.7805  NMI=0.8677  ARI=0.7305  0.4s

=== P1L_S3_C1 train[1] k=5  dim=576  frames=289  σ=0.0  fold=3 ===
  SSC-Block-TV-Col21: k_hat=5  ACC=0.6228  NMI=0.7042  ARI=0.4413  0.6s

=== P1L_S3_C1 train[2] k=5  dim=576  frames=241  σ=0.0  fold=3 ===
  SSC-Block-TV-Col21: k_hat=5  ACC=0.8382  NMI=0.8036  ARI=0.6543  0.4s

=== P1L_S3_C1 train[3] k=5  dim=576  frames=241  σ=0.0  fold=3 ===
  SSC-Block-TV-Col21: k_hat=5  ACC=0.9544  NMI=0.9270  ARI=0.9000  0.4s

=== P1L_S3_C2 train[0] k=5  dim=576  frames=262  σ=0.0  fold=3 ===
  SSC-Block-TV-Col21: k_hat=5  ACC=0.8282  NMI=0.8562  ARI=0.7253  0.5s

=== P1L_S3_C2 train[1] k=5  dim=576  frames=287  σ=0.0  fold=3 ===
  SSC-Block-TV-Col21: k_hat=5  ACC=1.0000  NMI=1.0000  ARI=1.0000  0.6s

=== P1L_S3_C2 train[2] k=5  dim=576  frames=304  σ=0.0  fold=3 ===
  SSC-Block-TV-Col21: k_hat=5  ACC=0.5493  NMI=0.7257  ARI=0.5069  0.6s

=== P1L_S3_C2 train[3] k=5  dim=576  frames=290  σ=0.0  fold=3 ===
  SSC-Block-TV-Col21: k_hat=5  ACC=0.6966  NMI=0.8449  ARI=0.6581  0.6s

=== P1L_S3_C3 train[0] k=5  dim=576  frames=231  σ=0.0  fold=3 ===
  SSC-Block-TV-Col21: k_hat=5  ACC=0.9177  NMI=0.8779  ARI=0.7881  0.4s

=== P1L_S3_C3 train[1] k=5  dim=576  frames=210  σ=0.0  fold=3 ===
  SSC-Block-TV-Col21: k_hat=5  ACC=0.9905  NMI=0.9768  ARI=0.9798  0.3s

=== P1L_S3_C3 train[2] k=5  dim=576  frames=225  σ=0.0  fold=3 ===
  SSC-Block-TV-Col21: k_hat=5  ACC=0.9956  NMI=0.9867  ARI=0.9896  0.4s

=== P1L_S3_C3 train[3] k=5  dim=576  frames=229  σ=0.0  fold=3 ===
  SSC-Block-TV-Col21: k_hat=5  ACC=0.9869  NMI=0.9647  ARI=0.9712  0.4s

=== P1L_S4_C1 train[0] k=5  dim=576  frames=313  σ=0.0  fold=3 ===
  SSC-Block-TV-Col21: k_hat=5  ACC=0.9393  NMI=0.9133  ARI=0.8638  0.6s

=== P1L_S4_C1 train[1] k=5  dim=576  frames=255  σ=0.0  fold=3 ===
  SSC-Block-TV-Col21: k_hat=5  ACC=0.9843  NMI=0.9626  ARI=0.9540  0.5s

=== P1L_S4_C1 train[2] k=5  dim=576  frames=253  σ=0.0  fold=3 ===
  SSC-Block-TV-Col21: k_hat=5  ACC=0.9881  NMI=0.9679  ARI=0.9754  0.5s

=== P1L_S4_C1 train[3] k=5  dim=576  frames=344  σ=0.0  fold=3 ===
  SSC-Block-TV-Col21: k_hat=5  ACC=0.7064  NMI=0.8488  ARI=0.7067  0.7s

=== P1L_S4_C2 train[0] k=5  dim=576  frames=267  σ=0.0  fold=3 ===
  SSC-Block-TV-Col21: k_hat=5  ACC=0.9438  NMI=0.9194  ARI=0.8801  0.5s

=== P1L_S4_C2 train[1] k=5  dim=576  frames=257  σ=0.0  fold=3 ===
  SSC-Block-TV-Col21: k_hat=5  ACC=1.0000  NMI=1.0000  ARI=1.0000  0.5s

=== P1L_S4_C2 train[2] k=5  dim=576  frames=279  σ=0.0  fold=3 ===
  SSC-Block-TV-Col21: k_hat=5  ACC=0.9176  NMI=0.8729  ARI=0.8415  0.6s

=== P1L_S4_C2 train[3] k=5  dim=576  frames=266  σ=0.0  fold=3 ===
  SSC-Block-TV-Col21: k_hat=5  ACC=1.0000  NMI=1.0000  ARI=1.0000  0.5s

=== P1L_S4_C3 train[0] k=5  dim=576  frames=180  σ=0.0  fold=3 ===
  SSC-Block-TV-Col21: k_hat=5  ACC=1.0000  NMI=1.0000  ARI=1.0000  0.3s

=== P1L_S4_C3 train[1] k=5  dim=576  frames=158  σ=0.0  fold=3 ===
  SSC-Block-TV-Col21: k_hat=5  ACC=1.0000  NMI=1.0000  ARI=1.0000  0.2s

=== P1L_S4_C3 train[2] k=5  dim=576  frames=188  σ=0.0  fold=3 ===
  SSC-Block-TV-Col21: k_hat=5  ACC=0.6702  NMI=0.7699  ARI=0.5960  0.3s

=== P1L_S4_C3 train[3] k=5  dim=576  frames=185  σ=0.0  fold=3 ===
  SSC-Block-TV-Col21: k_hat=5  ACC=1.0000  NMI=1.0000  ARI=1.0000  0.3s

=== P1E_S1_C1 test[0] k=5  dim=576  frames=242  σ=0.0  fold=3 ===
  SSC-Block-TV-Col21: k_hat=5  ACC=0.6818  NMI=0.7756  ARI=0.5979  0.4s

=== P1E_S1_C2 test[0] k=5  dim=576  frames=199  σ=0.0  fold=3 ===
  SSC-Block-TV-Col21: k_hat=5  ACC=0.6834  NMI=0.8020  ARI=0.6484  0.3s

=== P1E_S1_C3 test[0] k=5  dim=576  frames=87  σ=0.0  fold=3 ===
  SSC-Block-TV-Col21: k_hat=5  ACC=0.9655  NMI=0.9425  ARI=0.9258  0.1s

=== P1E_S2_C1 test[0] k=5  dim=576  frames=232  σ=0.0  fold=3 ===
  SSC-Block-TV-Col21: k_hat=5  ACC=0.7716  NMI=0.8697  ARI=0.7776  0.4s

=== P1E_S2_C2 test[0] k=5  dim=576  frames=192  σ=0.0  fold=3 ===
  SSC-Block-TV-Col21: k_hat=5  ACC=0.7344  NMI=0.7841  ARI=0.6284  0.3s

=== P1E_S2_C3 test[0] k=5  dim=576  frames=160  σ=0.0  fold=3 ===
  SSC-Block-TV-Col21: k_hat=5  ACC=0.7750  NMI=0.8338  ARI=0.7372  0.2s

=== P1E_S3_C1 test[0] k=5  dim=576  frames=250  σ=0.0  fold=3 ===
  SSC-Block-TV-Col21: k_hat=5  ACC=0.5360  NMI=0.6497  ARI=0.4244  0.4s

=== P1E_S3_C2 test[0] k=5  dim=576  frames=222  σ=0.0  fold=3 ===
  SSC-Block-TV-Col21: k_hat=5  ACC=0.5811  NMI=0.7245  ARI=0.4936  0.3s

=== P1E_S3_C3 test[0] k=5  dim=576  frames=167  σ=0.0  fold=3 ===
  SSC-Block-TV-Col21: k_hat=5  ACC=0.7365  NMI=0.8426  ARI=0.7135  0.2s

=== P1E_S4_C1 test[0] k=5  dim=576  frames=248  σ=0.0  fold=3 ===
  SSC-Block-TV-Col21: k_hat=5  ACC=0.6976  NMI=0.6706  ARI=0.4812  0.4s

=== P1E_S4_C2 test[0] k=5  dim=576  frames=223  σ=0.0  fold=3 ===
  SSC-Block-TV-Col21: k_hat=5  ACC=0.7130  NMI=0.8194  ARI=0.6841  0.4s

=== P1E_S4_C3 test[0] k=5  dim=576  frames=141  σ=0.0  fold=3 ===
  SSC-Block-TV-Col21: k_hat=5  ACC=0.9787  NMI=0.9490  ARI=0.9500  0.2s

=== P1L_S1_C1 test[0] k=5  dim=576  frames=239  σ=0.0  fold=3 ===
  SSC-Block-TV-Col21: k_hat=5  ACC=0.8661  NMI=0.8578  ARI=0.8035  0.4s

=== P1L_S1_C2 test[0] k=5  dim=576  frames=260  σ=0.0  fold=3 ===
  SSC-Block-TV-Col21: k_hat=5  ACC=0.6077  NMI=0.7587  ARI=0.5686  0.5s

=== P1L_S1_C3 test[0] k=5  dim=576  frames=101  σ=0.0  fold=3 ===
  SSC-Block-TV-Col21: k_hat=5  ACC=0.7723  NMI=0.7612  ARI=0.6108  0.1s

=== P1L_S2_C1 test[0] k=5  dim=576  frames=275  σ=0.0  fold=3 ===
  SSC-Block-TV-Col21: k_hat=5  ACC=0.9018  NMI=0.9077  ARI=0.8561  0.5s

=== P1L_S2_C2 test[0] k=5  dim=576  frames=301  σ=0.0  fold=3 ===
  SSC-Block-TV-Col21: k_hat=5  ACC=1.0000  NMI=1.0000  ARI=1.0000  0.6s

=== P1L_S2_C3 test[0] k=5  dim=576  frames=175  σ=0.0  fold=3 ===
  SSC-Block-TV-Col21: k_hat=5  ACC=0.9371  NMI=0.9023  ARI=0.8566  0.2s

=== P1L_S3_C1 test[0] k=5  dim=576  frames=312  σ=0.0  fold=3 ===
  SSC-Block-TV-Col21: k_hat=5  ACC=0.5545  NMI=0.6727  ARI=0.4701  0.6s

=== P1L_S3_C2 test[0] k=5  dim=576  frames=329  σ=0.0  fold=3 ===
  SSC-Block-TV-Col21: k_hat=5  ACC=0.8997  NMI=0.8902  ARI=0.7994  0.7s

=== P1L_S3_C3 test[0] k=5  dim=576  frames=210  σ=0.0  fold=3 ===
  SSC-Block-TV-Col21: k_hat=5  ACC=0.7238  NMI=0.8731  ARI=0.7532  0.3s

=== P1L_S4_C1 test[0] k=5  dim=576  frames=278  σ=0.0  fold=3 ===
  SSC-Block-TV-Col21: k_hat=5  ACC=0.7410  NMI=0.8273  ARI=0.7017  0.6s

=== P1L_S4_C2 test[0] k=5  dim=576  frames=258  σ=0.0  fold=3 ===
  SSC-Block-TV-Col21: k_hat=5  ACC=0.7713  NMI=0.7808  ARI=0.6220  0.5s

=== P1L_S4_C3 test[0] k=5  dim=576  frames=169  σ=0.0  fold=3 ===
  SSC-Block-TV-Col21: k_hat=5  ACC=0.7101  NMI=0.8628  ARI=0.7065  0.2s
  tune_pool_groups=20: sampling from 20 held-in people (overlap allowed) instead of the 4 fixed partition group(s)

============================================================
σ=0.0 fold=4  test=['0003', '0012', '0017', '0018', '0020']  train mats=96  test mats=24  tune mats=480
  --- tune SSC-Block-TV-Col21 over 480 train mats  n_trials=40 (4 params) ---
  SSC-Block-TV-Col21 trial 0: mean ARI=0.5688  n=480  178.7s  lambda_e=1, lambda_z=0.1, gamma_q=0.1, block_size=5
  SSC-Block-TV-Col21 trial 1: mean ARI=0.6194  n=480  177.4s  lambda_e=0.443, lambda_z=0.7257, gamma_q=0.2577, block_size=7
  SSC-Block-TV-Col21 trial 2: mean ARI=0.6661  n=480  179.1s  lambda_e=0.1866, lambda_z=0.3833, gamma_q=0.05628, block_size=11
  SSC-Block-TV-Col21 trial 3: mean ARI=0.4516  n=480  180.7s  lambda_e=7.78, lambda_z=0.03418, gamma_q=1.469, block_size=7
  SSC-Block-TV-Col21 trial 4: mean ARI=0.5842  n=480  191.7s  lambda_e=0.506, lambda_z=5.039, gamma_q=0.001924, block_size=2
  SSC-Block-TV-Col21 trial 5: mean ARI=0.4584  n=480  175.3s  lambda_e=0.0115, lambda_z=2.14, gamma_q=1.296, block_size=11
  SSC-Block-TV-Col21 trial 6: mean ARI=0.6404  n=480  175.6s  lambda_e=8.627, lambda_z=1.573, gamma_q=0.07013, block_size=10
  SSC-Block-TV-Col21 trial 7: mean ARI=0.7218  n=480  174.5s  lambda_e=0.02264, lambda_z=0.3628, gamma_q=0.003745, block_size=12
  SSC-Block-TV-Col21 trial 8: mean ARI=0.6952  n=480  174.1s  lambda_e=0.3677, lambda_z=0.04557, gamma_q=0.01143, block_size=10
  SSC-Block-TV-Col21 trial 9: mean ARI=0.7126  n=480  175.1s  lambda_e=0.2336, lambda_z=0.1878, gamma_q=0.001189, block_size=8
  SSC-Block-TV-Col21 trial 10: mean ARI=0.5411  n=480  187.2s  lambda_e=0.01151, lambda_z=0.001661, gamma_q=6.473, block_size=2
  SSC-Block-TV-Col21 trial 11: mean ARI=0.7168  n=480  175.4s  lambda_e=0.05789, lambda_z=0.1589, gamma_q=0.001276, block_size=8
  SSC-Block-TV-Col21 trial 12: mean ARI=0.6083  n=480  174.2s  lambda_e=0.03705, lambda_z=0.00525, gamma_q=0.006143, block_size=12
  SSC-Block-TV-Col21 trial 13: mean ARI=0.6958  n=480  178.0s  lambda_e=0.04693, lambda_z=0.01302, gamma_q=0.007133, block_size=5
  SSC-Block-TV-Col21 trial 14: mean ARI=0.7171  n=480  174.7s  lambda_e=0.05946, lambda_z=0.1905, gamma_q=0.003034, block_size=9
  SSC-Block-TV-Col21 trial 15: mean ARI=0.6252  n=480  174.8s  lambda_e=0.09713, lambda_z=7.364, gamma_q=0.02311, block_size=12
  SSC-Block-TV-Col21 trial 16: mean ARI=0.7274  n=480  175.3s  lambda_e=0.02243, lambda_z=0.4296, gamma_q=0.003587, block_size=9
  SSC-Block-TV-Col21 trial 17: mean ARI=0.7582  n=480  178.5s  lambda_e=0.02314, lambda_z=0.8864, gamma_q=0.02035, block_size=5
  SSC-Block-TV-Col21 trial 18: mean ARI=0.7742  n=480  181.4s  lambda_e=0.02018, lambda_z=1.452, gamma_q=0.01855, block_size=4
  SSC-Block-TV-Col21 trial 19: mean ARI=0.6914  n=480  180.8s  lambda_e=0.1242, lambda_z=1.844, gamma_q=0.02095, block_size=4
  SSC-Block-TV-Col21 trial 20: mean ARI=0.5233  n=480  180.1s  lambda_e=0.025, lambda_z=1.185, gamma_q=0.1828, block_size=4
  SSC-Block-TV-Col21 trial 21: mean ARI=0.7318  n=480  178.3s  lambda_e=0.01941, lambda_z=3.438, gamma_q=0.02209, block_size=6
  SSC-Block-TV-Col21 trial 22: mean ARI=0.7415  n=480  177.2s  lambda_e=0.01002, lambda_z=3.145, gamma_q=0.02141, block_size=6
  SSC-Block-TV-Col21 trial 23: mean ARI=0.7733  n=480  183.1s  lambda_e=0.01157, lambda_z=9.08, gamma_q=0.0377, block_size=3
  SSC-Block-TV-Col21 trial 24: mean ARI=0.7678  n=480  182.7s  lambda_e=0.03377, lambda_z=0.8464, gamma_q=0.0393, block_size=3
  SSC-Block-TV-Col21 trial 25: mean ARI=0.6446  n=480  184.1s  lambda_e=0.1034, lambda_z=6.173, gamma_q=0.3155, block_size=3
  SSC-Block-TV-Col21 trial 26: mean ARI=0.7607  n=480  182.4s  lambda_e=0.03682, lambda_z=7.057, gamma_q=0.04207, block_size=3
  SSC-Block-TV-Col21 trial 27: mean ARI=0.6630  n=480  183.1s  lambda_e=0.0144, lambda_z=9.263, gamma_q=0.1449, block_size=3
  SSC-Block-TV-Col21 trial 28: mean ARI=0.6240  n=480  178.8s  lambda_e=2.859, lambda_z=0.763, gamma_q=0.6846, block_size=4
  SSC-Block-TV-Col21 trial 29: mean ARI=0.6456  n=480  187.4s  lambda_e=0.0346, lambda_z=0.08965, gamma_q=0.08864, block_size=2
  SSC-Block-TV-Col21 trial 30: mean ARI=0.7589  n=480  182.1s  lambda_e=0.07352, lambda_z=2.923, gamma_q=0.0419, block_size=3
  SSC-Block-TV-Col21 trial 31: mean ARI=0.7506  n=480  183.6s  lambda_e=0.03527, lambda_z=9.486, gamma_q=0.03991, block_size=3
  SSC-Block-TV-Col21 trial 32: mean ARI=0.6439  n=480  180.5s  lambda_e=0.01532, lambda_z=4.29, gamma_q=0.1079, block_size=4
  SSC-Block-TV-Col21 trial 33: mean ARI=0.7715  n=480  183.7s  lambda_e=0.03353, lambda_z=0.6121, gamma_q=0.01091, block_size=3
  SSC-Block-TV-Col21 trial 34: mean ARI=0.7614  n=480  178.7s  lambda_e=0.01631, lambda_z=0.3948, gamma_q=0.01023, block_size=5
  SSC-Block-TV-Col21 trial 35: mean ARI=0.7514  n=480  187.4s  lambda_e=0.1721, lambda_z=0.5698, gamma_q=0.01197, block_size=2
  SSC-Block-TV-Col21 trial 36: mean ARI=0.7441  n=480  180.3s  lambda_e=0.02894, lambda_z=1.354, gamma_q=0.00598, block_size=4
  SSC-Block-TV-Col21 trial 37: mean ARI=0.5262  n=480  176.7s  lambda_e=1.656, lambda_z=0.2443, gamma_q=0.2585, block_size=6
  SSC-Block-TV-Col21 trial 38: mean ARI=0.6954  n=480  187.6s  lambda_e=0.05722, lambda_z=0.08942, gamma_q=0.0517, block_size=2
  SSC-Block-TV-Col21 trial 39: mean ARI=0.7562  n=480  178.6s  lambda_e=0.01572, lambda_z=2.171, gamma_q=0.01451, block_size=5
    best mean ARI=0.7742  tune 7199.0s  lambda_e=0.02018, lambda_z=1.452, gamma_q=0.01855, block_size=4
  wrote /nfs/turbo/umms-minjilab/lpullela/icassp_ssc_tv2/block_ssc_benchmark/cv/params/surveillance/split_k5_clean_min30_trials20_knownk_scaled_params_cv_ssc_block_tv_col21_k5_sigma0_sigma0_fold4.json

=== P1E_S1_C1 train[0] k=5  dim=576  frames=249  σ=0.0  fold=4 ===
  SSC-Block-TV-Col21: k_hat=5  ACC=0.7510  NMI=0.8548  ARI=0.6817  0.4s

=== P1E_S1_C1 train[1] k=5  dim=576  frames=212  σ=0.0  fold=4 ===
  SSC-Block-TV-Col21: k_hat=5  ACC=0.9811  NMI=0.9610  ARI=0.9570  0.3s

=== P1E_S1_C1 train[2] k=5  dim=576  frames=265  σ=0.0  fold=4 ===
  SSC-Block-TV-Col21: k_hat=5  ACC=0.7170  NMI=0.8006  ARI=0.6345  0.5s

=== P1E_S1_C1 train[3] k=5  dim=576  frames=242  σ=0.0  fold=4 ===
  SSC-Block-TV-Col21: k_hat=5  ACC=0.6777  NMI=0.7730  ARI=0.5926  0.4s

=== P1E_S1_C2 train[0] k=5  dim=576  frames=231  σ=0.0  fold=4 ===
  SSC-Block-TV-Col21: k_hat=5  ACC=0.9827  NMI=0.9555  ARI=0.9535  0.4s

=== P1E_S1_C2 train[1] k=5  dim=576  frames=188  σ=0.0  fold=4 ===
  SSC-Block-TV-Col21: k_hat=5  ACC=1.0000  NMI=1.0000  ARI=1.0000  0.3s

=== P1E_S1_C2 train[2] k=5  dim=576  frames=198  σ=0.0  fold=4 ===
  SSC-Block-TV-Col21: k_hat=5  ACC=0.7677  NMI=0.8584  ARI=0.7308  0.3s

=== P1E_S1_C2 train[3] k=5  dim=576  frames=199  σ=0.0  fold=4 ===
  SSC-Block-TV-Col21: k_hat=5  ACC=0.6985  NMI=0.8144  ARI=0.6662  0.3s

=== P1E_S1_C3 train[0] k=5  dim=576  frames=98  σ=0.0  fold=4 ===
  SSC-Block-TV-Col21: k_hat=5  ACC=0.9184  NMI=0.8674  ARI=0.8237  0.1s

=== P1E_S1_C3 train[1] k=5  dim=576  frames=93  σ=0.0  fold=4 ===
  SSC-Block-TV-Col21: k_hat=5  ACC=0.9785  NMI=0.9546  ARI=0.9423  0.1s

=== P1E_S1_C3 train[2] k=5  dim=576  frames=68  σ=0.0  fold=4 ===
  SSC-Block-TV-Col21: k_hat=5  ACC=0.7500  NMI=0.7589  ARI=0.6403  0.1s

=== P1E_S1_C3 train[3] k=5  dim=576  frames=87  σ=0.0  fold=4 ===
  SSC-Block-TV-Col21: k_hat=5  ACC=0.9655  NMI=0.9273  ARI=0.9166  0.1s

=== P1E_S2_C1 train[0] k=5  dim=576  frames=268  σ=0.0  fold=4 ===
  SSC-Block-TV-Col21: k_hat=5  ACC=0.6940  NMI=0.8085  ARI=0.6250  0.5s

=== P1E_S2_C1 train[1] k=5  dim=576  frames=250  σ=0.0  fold=4 ===
  SSC-Block-TV-Col21: k_hat=5  ACC=0.9400  NMI=0.9199  ARI=0.8836  0.4s

=== P1E_S2_C1 train[2] k=5  dim=576  frames=265  σ=0.0  fold=4 ===
  SSC-Block-TV-Col21: k_hat=5  ACC=0.7698  NMI=0.8660  ARI=0.7608  0.5s

=== P1E_S2_C1 train[3] k=5  dim=576  frames=232  σ=0.0  fold=4 ===
  SSC-Block-TV-Col21: k_hat=5  ACC=0.5086  NMI=0.7302  ARI=0.5255  0.4s

=== P1E_S2_C2 train[0] k=5  dim=576  frames=223  σ=0.0  fold=4 ===
  SSC-Block-TV-Col21: k_hat=5  ACC=0.9686  NMI=0.9400  ARI=0.9122  0.4s

=== P1E_S2_C2 train[1] k=5  dim=576  frames=196  σ=0.0  fold=4 ===
  SSC-Block-TV-Col21: k_hat=5  ACC=0.9847  NMI=0.9598  ARI=0.9622  0.3s

=== P1E_S2_C2 train[2] k=5  dim=576  frames=219  σ=0.0  fold=4 ===
  SSC-Block-TV-Col21: k_hat=5  ACC=0.9589  NMI=0.9318  ARI=0.9004  0.3s

=== P1E_S2_C2 train[3] k=5  dim=576  frames=192  σ=0.0  fold=4 ===
  SSC-Block-TV-Col21: k_hat=5  ACC=0.7344  NMI=0.7841  ARI=0.6284  0.3s

=== P1E_S2_C3 train[0] k=5  dim=576  frames=173  σ=0.0  fold=4 ===
  SSC-Block-TV-Col21: k_hat=5  ACC=1.0000  NMI=1.0000  ARI=1.0000  0.2s

=== P1E_S2_C3 train[1] k=5  dim=576  frames=156  σ=0.0  fold=4 ===
  SSC-Block-TV-Col21: k_hat=5  ACC=1.0000  NMI=1.0000  ARI=1.0000  0.2s

=== P1E_S2_C3 train[2] k=5  dim=576  frames=173  σ=0.0  fold=4 ===
  SSC-Block-TV-Col21: k_hat=5  ACC=0.8902  NMI=0.8684  ARI=0.7916  0.2s

=== P1E_S2_C3 train[3] k=5  dim=576  frames=160  σ=0.0  fold=4 ===
  SSC-Block-TV-Col21: k_hat=5  ACC=0.7750  NMI=0.8515  ARI=0.7509  0.2s

=== P1E_S3_C1 train[0] k=5  dim=576  frames=258  σ=0.0  fold=4 ===
  SSC-Block-TV-Col21: k_hat=5  ACC=0.7326  NMI=0.7021  ARI=0.5426  0.5s

=== P1E_S3_C1 train[1] k=5  dim=576  frames=237  σ=0.0  fold=4 ===
  SSC-Block-TV-Col21: k_hat=5  ACC=0.8608  NMI=0.8601  ARI=0.7345  0.4s

=== P1E_S3_C1 train[2] k=5  dim=576  frames=273  σ=0.0  fold=4 ===
  SSC-Block-TV-Col21: k_hat=5  ACC=0.5495  NMI=0.7317  ARI=0.5207  0.5s

=== P1E_S3_C1 train[3] k=5  dim=576  frames=250  σ=0.0  fold=4 ===
  SSC-Block-TV-Col21: k_hat=5  ACC=0.5360  NMI=0.6497  ARI=0.4244  0.4s

=== P1E_S3_C2 train[0] k=5  dim=576  frames=232  σ=0.0  fold=4 ===
  SSC-Block-TV-Col21: k_hat=5  ACC=0.9009  NMI=0.8625  ARI=0.7651  0.4s

=== P1E_S3_C2 train[1] k=5  dim=576  frames=204  σ=0.0  fold=4 ===
  SSC-Block-TV-Col21: k_hat=5  ACC=0.9461  NMI=0.9094  ARI=0.8974  0.3s

=== P1E_S3_C2 train[2] k=5  dim=576  frames=280  σ=0.0  fold=4 ===
  SSC-Block-TV-Col21: k_hat=5  ACC=0.7679  NMI=0.8218  ARI=0.6809  0.5s

=== P1E_S3_C2 train[3] k=5  dim=576  frames=222  σ=0.0  fold=4 ===
  SSC-Block-TV-Col21: k_hat=5  ACC=0.5811  NMI=0.7097  ARI=0.4847  0.3s

=== P1E_S3_C3 train[0] k=5  dim=576  frames=170  σ=0.0  fold=4 ===
  SSC-Block-TV-Col21: k_hat=5  ACC=0.9941  NMI=0.9842  ARI=0.9888  0.2s

=== P1E_S3_C3 train[1] k=5  dim=576  frames=150  σ=0.0  fold=4 ===
  SSC-Block-TV-Col21: k_hat=5  ACC=1.0000  NMI=1.0000  ARI=1.0000  0.2s

=== P1E_S3_C3 train[2] k=5  dim=576  frames=211  σ=0.0  fold=4 ===
  SSC-Block-TV-Col21: k_hat=5  ACC=0.7393  NMI=0.8374  ARI=0.6914  0.3s

=== P1E_S3_C3 train[3] k=5  dim=576  frames=167  σ=0.0  fold=4 ===
  SSC-Block-TV-Col21: k_hat=5  ACC=0.7425  NMI=0.8430  ARI=0.7152  0.2s

=== P1E_S4_C1 train[0] k=5  dim=576  frames=231  σ=0.0  fold=4 ===
  SSC-Block-TV-Col21: k_hat=5  ACC=0.8485  NMI=0.7945  ARI=0.6545  0.4s

=== P1E_S4_C1 train[1] k=5  dim=576  frames=248  σ=0.0  fold=4 ===
  SSC-Block-TV-Col21: k_hat=5  ACC=0.9919  NMI=0.9783  ARI=0.9788  0.4s

=== P1E_S4_C1 train[2] k=5  dim=576  frames=303  σ=0.0  fold=4 ===
  SSC-Block-TV-Col21: k_hat=5  ACC=0.9274  NMI=0.9111  ARI=0.8616  0.6s

=== P1E_S4_C1 train[3] k=5  dim=576  frames=248  σ=0.0  fold=4 ===
  SSC-Block-TV-Col21: k_hat=5  ACC=0.7056  NMI=0.6748  ARI=0.4879  0.4s

=== P1E_S4_C2 train[0] k=5  dim=576  frames=201  σ=0.0  fold=4 ===
  SSC-Block-TV-Col21: k_hat=5  ACC=0.9801  NMI=0.9523  ARI=0.9527  0.3s

=== P1E_S4_C2 train[1] k=5  dim=576  frames=193  σ=0.0  fold=4 ===
  SSC-Block-TV-Col21: k_hat=5  ACC=0.9896  NMI=0.9703  ARI=0.9757  0.3s

=== P1E_S4_C2 train[2] k=5  dim=576  frames=236  σ=0.0  fold=4 ===
  SSC-Block-TV-Col21: k_hat=5  ACC=0.9915  NMI=0.9775  ARI=0.9776  0.4s

=== P1E_S4_C2 train[3] k=5  dim=576  frames=223  σ=0.0  fold=4 ===
  SSC-Block-TV-Col21: k_hat=5  ACC=0.7130  NMI=0.8194  ARI=0.6841  0.4s

=== P1E_S4_C3 train[0] k=5  dim=576  frames=132  σ=0.0  fold=4 ===
  SSC-Block-TV-Col21: k_hat=5  ACC=0.9621  NMI=0.9208  ARI=0.9094  0.2s

=== P1E_S4_C3 train[1] k=5  dim=576  frames=152  σ=0.0  fold=4 ===
  SSC-Block-TV-Col21: k_hat=5  ACC=0.9539  NMI=0.9254  ARI=0.8868  0.2s

=== P1E_S4_C3 train[2] k=5  dim=576  frames=147  σ=0.0  fold=4 ===
  SSC-Block-TV-Col21: k_hat=5  ACC=0.9524  NMI=0.8995  ARI=0.8839  0.2s

=== P1E_S4_C3 train[3] k=5  dim=576  frames=141  σ=0.0  fold=4 ===
  SSC-Block-TV-Col21: k_hat=5  ACC=0.9929  NMI=0.9801  ARI=0.9798  0.2s

=== P1L_S1_C1 train[0] k=5  dim=576  frames=289  σ=0.0  fold=4 ===
  SSC-Block-TV-Col21: k_hat=5  ACC=0.7612  NMI=0.8701  ARI=0.7333  0.6s

=== P1L_S1_C1 train[1] k=5  dim=576  frames=265  σ=0.0  fold=4 ===
  SSC-Block-TV-Col21: k_hat=5  ACC=1.0000  NMI=1.0000  ARI=1.0000  0.5s

=== P1L_S1_C1 train[2] k=5  dim=576  frames=313  σ=0.0  fold=4 ===
  SSC-Block-TV-Col21: k_hat=5  ACC=0.9361  NMI=0.9122  ARI=0.8561  0.6s

=== P1L_S1_C1 train[3] k=5  dim=576  frames=239  σ=0.0  fold=4 ===
  SSC-Block-TV-Col21: k_hat=5  ACC=0.6151  NMI=0.7503  ARI=0.5576  0.4s

=== P1L_S1_C2 train[0] k=5  dim=576  frames=286  σ=0.0  fold=4 ===
  SSC-Block-TV-Col21: k_hat=5  ACC=0.9895  NMI=0.9751  ARI=0.9784  0.6s

=== P1L_S1_C2 train[1] k=5  dim=576  frames=236  σ=0.0  fold=4 ===
  SSC-Block-TV-Col21: k_hat=5  ACC=1.0000  NMI=1.0000  ARI=1.0000  0.4s

=== P1L_S1_C2 train[2] k=5  dim=576  frames=257  σ=0.0  fold=4 ===
  SSC-Block-TV-Col21: k_hat=5  ACC=0.9689  NMI=0.9432  ARI=0.9291  0.5s

=== P1L_S1_C2 train[3] k=5  dim=576  frames=260  σ=0.0  fold=4 ===
  SSC-Block-TV-Col21: k_hat=5  ACC=0.6885  NMI=0.8583  ARI=0.6929  0.5s

=== P1L_S1_C3 train[0] k=5  dim=576  frames=108  σ=0.0  fold=4 ===
  SSC-Block-TV-Col21: k_hat=5  ACC=0.6389  NMI=0.7450  ARI=0.5147  0.1s

=== P1L_S1_C3 train[1] k=5  dim=576  frames=115  σ=0.0  fold=4 ===
  SSC-Block-TV-Col21: k_hat=5  ACC=0.7304  NMI=0.8548  ARI=0.6715  0.1s

=== P1L_S1_C3 train[2] k=5  dim=576  frames=117  σ=0.0  fold=4 ===
  SSC-Block-TV-Col21: k_hat=5  ACC=0.6581  NMI=0.7712  ARI=0.5912  0.1s

=== P1L_S1_C3 train[3] k=5  dim=576  frames=101  σ=0.0  fold=4 ===
  SSC-Block-TV-Col21: k_hat=5  ACC=0.8020  NMI=0.7939  ARI=0.6505  0.1s

=== P1L_S2_C1 train[0] k=5  dim=576  frames=348  σ=0.0  fold=4 ===
  SSC-Block-TV-Col21: k_hat=5  ACC=0.8103  NMI=0.7603  ARI=0.6476  0.8s

=== P1L_S2_C1 train[1] k=5  dim=576  frames=281  σ=0.0  fold=4 ===
  SSC-Block-TV-Col21: k_hat=5  ACC=0.9253  NMI=0.9021  ARI=0.8382  0.5s

=== P1L_S2_C1 train[2] k=5  dim=576  frames=301  σ=0.0  fold=4 ===
  SSC-Block-TV-Col21: k_hat=5  ACC=0.6512  NMI=0.7316  ARI=0.5138  0.6s

=== P1L_S2_C1 train[3] k=5  dim=576  frames=275  σ=0.0  fold=4 ===
  SSC-Block-TV-Col21: k_hat=5  ACC=0.9055  NMI=0.9085  ARI=0.8590  0.5s

=== P1L_S2_C2 train[0] k=5  dim=576  frames=300  σ=0.0  fold=4 ===
  SSC-Block-TV-Col21: k_hat=5  ACC=0.9367  NMI=0.9064  ARI=0.8464  0.6s

=== P1L_S2_C2 train[1] k=5  dim=576  frames=256  σ=0.0  fold=4 ===
  SSC-Block-TV-Col21: k_hat=5  ACC=1.0000  NMI=1.0000  ARI=1.0000  0.5s

=== P1L_S2_C2 train[2] k=5  dim=576  frames=314  σ=0.0  fold=4 ===
  SSC-Block-TV-Col21: k_hat=5  ACC=0.8885  NMI=0.8811  ARI=0.7690  0.6s

=== P1L_S2_C2 train[3] k=5  dim=576  frames=301  σ=0.0  fold=4 ===
  SSC-Block-TV-Col21: k_hat=5  ACC=0.9900  NMI=0.9747  ARI=0.9736  0.6s

=== P1L_S2_C3 train[0] k=5  dim=576  frames=191  σ=0.0  fold=4 ===
  SSC-Block-TV-Col21: k_hat=5  ACC=1.0000  NMI=1.0000  ARI=1.0000  0.3s

=== P1L_S2_C3 train[1] k=5  dim=576  frames=159  σ=0.0  fold=4 ===
  SSC-Block-TV-Col21: k_hat=5  ACC=1.0000  NMI=1.0000  ARI=1.0000  0.2s

=== P1L_S2_C3 train[2] k=5  dim=576  frames=193  σ=0.0  fold=4 ===
  SSC-Block-TV-Col21: k_hat=5  ACC=0.8964  NMI=0.8854  ARI=0.7821  0.3s

=== P1L_S2_C3 train[3] k=5  dim=576  frames=175  σ=0.0  fold=4 ===
  SSC-Block-TV-Col21: k_hat=5  ACC=0.9371  NMI=0.9023  ARI=0.8566  0.2s

=== P1L_S3_C1 train[0] k=5  dim=576  frames=246  σ=0.0  fold=4 ===
  SSC-Block-TV-Col21: k_hat=5  ACC=0.6748  NMI=0.7504  ARI=0.5514  0.4s

=== P1L_S3_C1 train[1] k=5  dim=576  frames=289  σ=0.0  fold=4 ===
  SSC-Block-TV-Col21: k_hat=5  ACC=0.6228  NMI=0.7042  ARI=0.4413  0.6s

=== P1L_S3_C1 train[2] k=5  dim=576  frames=241  σ=0.0  fold=4 ===
  SSC-Block-TV-Col21: k_hat=5  ACC=0.8299  NMI=0.7972  ARI=0.6437  0.4s

=== P1L_S3_C1 train[3] k=5  dim=576  frames=312  σ=0.0  fold=4 ===
  SSC-Block-TV-Col21: k_hat=5  ACC=0.5673  NMI=0.6745  ARI=0.4703  0.6s

=== P1L_S3_C2 train[0] k=5  dim=576  frames=262  σ=0.0  fold=4 ===
  SSC-Block-TV-Col21: k_hat=5  ACC=0.7519  NMI=0.7589  ARI=0.5940  0.5s

=== P1L_S3_C2 train[1] k=5  dim=576  frames=287  σ=0.0  fold=4 ===
  SSC-Block-TV-Col21: k_hat=5  ACC=1.0000  NMI=1.0000  ARI=1.0000  0.6s

=== P1L_S3_C2 train[2] k=5  dim=576  frames=304  σ=0.0  fold=4 ===
  SSC-Block-TV-Col21: k_hat=5  ACC=0.7434  NMI=0.8040  ARI=0.6751  0.6s

=== P1L_S3_C2 train[3] k=5  dim=576  frames=329  σ=0.0  fold=4 ===
  SSC-Block-TV-Col21: k_hat=5  ACC=0.8997  NMI=0.8902  ARI=0.7994  0.7s

=== P1L_S3_C3 train[0] k=5  dim=576  frames=231  σ=0.0  fold=4 ===
  SSC-Block-TV-Col21: k_hat=5  ACC=0.9264  NMI=0.8794  ARI=0.8087  0.4s

=== P1L_S3_C3 train[1] k=5  dim=576  frames=210  σ=0.0  fold=4 ===
  SSC-Block-TV-Col21: k_hat=5  ACC=1.0000  NMI=1.0000  ARI=1.0000  0.3s

=== P1L_S3_C3 train[2] k=5  dim=576  frames=225  σ=0.0  fold=4 ===
  SSC-Block-TV-Col21: k_hat=5  ACC=1.0000  NMI=1.0000  ARI=1.0000  0.4s

=== P1L_S3_C3 train[3] k=5  dim=576  frames=210  σ=0.0  fold=4 ===
  SSC-Block-TV-Col21: k_hat=5  ACC=0.9762  NMI=0.9552  ARI=0.9513  0.3s

=== P1L_S4_C1 train[0] k=5  dim=576  frames=313  σ=0.0  fold=4 ===
  SSC-Block-TV-Col21: k_hat=5  ACC=0.9393  NMI=0.9133  ARI=0.8638  0.6s

=== P1L_S4_C1 train[1] k=5  dim=576  frames=255  σ=0.0  fold=4 ===
  SSC-Block-TV-Col21: k_hat=5  ACC=0.9843  NMI=0.9626  ARI=0.9540  0.5s

=== P1L_S4_C1 train[2] k=5  dim=576  frames=253  σ=0.0  fold=4 ===
  SSC-Block-TV-Col21: k_hat=5  ACC=1.0000  NMI=1.0000  ARI=1.0000  0.4s

=== P1L_S4_C1 train[3] k=5  dim=576  frames=278  σ=0.0  fold=4 ===
  SSC-Block-TV-Col21: k_hat=5  ACC=0.7662  NMI=0.8696  ARI=0.7340  0.5s

=== P1L_S4_C2 train[0] k=5  dim=576  frames=267  σ=0.0  fold=4 ===
  SSC-Block-TV-Col21: k_hat=5  ACC=0.9438  NMI=0.9194  ARI=0.8801  0.5s

=== P1L_S4_C2 train[1] k=5  dim=576  frames=257  σ=0.0  fold=4 ===
  SSC-Block-TV-Col21: k_hat=5  ACC=1.0000  NMI=1.0000  ARI=1.0000  0.5s

=== P1L_S4_C2 train[2] k=5  dim=576  frames=279  σ=0.0  fold=4 ===
  SSC-Block-TV-Col21: k_hat=5  ACC=0.9247  NMI=0.8825  ARI=0.8544  0.5s

=== P1L_S4_C2 train[3] k=5  dim=576  frames=258  σ=0.0  fold=4 ===
  SSC-Block-TV-Col21: k_hat=5  ACC=0.7713  NMI=0.7808  ARI=0.6220  0.5s

=== P1L_S4_C3 train[0] k=5  dim=576  frames=180  σ=0.0  fold=4 ===
  SSC-Block-TV-Col21: k_hat=5  ACC=1.0000  NMI=1.0000  ARI=1.0000  0.2s

=== P1L_S4_C3 train[1] k=5  dim=576  frames=158  σ=0.0  fold=4 ===
  SSC-Block-TV-Col21: k_hat=5  ACC=1.0000  NMI=1.0000  ARI=1.0000  0.2s

=== P1L_S4_C3 train[2] k=5  dim=576  frames=188  σ=0.0  fold=4 ===
  SSC-Block-TV-Col21: k_hat=5  ACC=0.6596  NMI=0.7569  ARI=0.5614  0.3s

=== P1L_S4_C3 train[3] k=5  dim=576  frames=169  σ=0.0  fold=4 ===
  SSC-Block-TV-Col21: k_hat=5  ACC=0.7337  NMI=0.8712  ARI=0.7355  0.2s

=== P1E_S1_C1 test[0] k=5  dim=576  frames=268  σ=0.0  fold=4 ===
  SSC-Block-TV-Col21: k_hat=5  ACC=1.0000  NMI=1.0000  ARI=1.0000  0.5s

=== P1E_S1_C2 test[0] k=5  dim=576  frames=215  σ=0.0  fold=4 ===
  SSC-Block-TV-Col21: k_hat=5  ACC=0.9860  NMI=0.9626  ARI=0.9652  0.3s

=== P1E_S1_C3 test[0] k=5  dim=576  frames=107  σ=0.0  fold=4 ===
  SSC-Block-TV-Col21: k_hat=5  ACC=0.9720  NMI=0.9295  ARI=0.9314  0.1s

=== P1E_S2_C1 test[0] k=5  dim=576  frames=241  σ=0.0  fold=4 ===
  SSC-Block-TV-Col21: k_hat=5  ACC=0.7925  NMI=0.8249  ARI=0.7337  0.4s

=== P1E_S2_C2 test[0] k=5  dim=576  frames=212  σ=0.0  fold=4 ===
  SSC-Block-TV-Col21: k_hat=5  ACC=0.9717  NMI=0.9370  ARI=0.9327  0.3s

=== P1E_S2_C3 test[0] k=5  dim=576  frames=154  σ=0.0  fold=4 ===
  SSC-Block-TV-Col21: k_hat=5  ACC=0.9870  NMI=0.9643  ARI=0.9683  0.2s

=== P1E_S3_C1 test[0] k=5  dim=576  frames=237  σ=0.0  fold=4 ===
  SSC-Block-TV-Col21: k_hat=5  ACC=0.7468  NMI=0.8437  ARI=0.6909  0.4s

=== P1E_S3_C2 test[0] k=5  dim=576  frames=188  σ=0.0  fold=4 ===
  SSC-Block-TV-Col21: k_hat=5  ACC=0.9468  NMI=0.9103  ARI=0.8853  0.3s

=== P1E_S3_C3 test[0] k=5  dim=576  frames=168  σ=0.0  fold=4 ===
  SSC-Block-TV-Col21: k_hat=5  ACC=0.9881  NMI=0.9667  ARI=0.9741  0.2s

=== P1E_S4_C1 test[0] k=5  dim=576  frames=217  σ=0.0  fold=4 ===
  SSC-Block-TV-Col21: k_hat=5  ACC=0.8157  NMI=0.8720  ARI=0.7433  0.3s

=== P1E_S4_C2 test[0] k=5  dim=576  frames=198  σ=0.0  fold=4 ===
  SSC-Block-TV-Col21: k_hat=5  ACC=0.8586  NMI=0.8601  ARI=0.7721  0.3s

=== P1E_S4_C3 test[0] k=5  dim=576  frames=147  σ=0.0  fold=4 ===
  SSC-Block-TV-Col21: k_hat=5  ACC=0.7959  NMI=0.8854  ARI=0.7729  0.2s

=== P1L_S1_C1 test[0] k=5  dim=576  frames=285  σ=0.0  fold=4 ===
  SSC-Block-TV-Col21: k_hat=5  ACC=1.0000  NMI=1.0000  ARI=1.0000  0.6s

=== P1L_S1_C2 test[0] k=5  dim=576  frames=270  σ=0.0  fold=4 ===
  SSC-Block-TV-Col21: k_hat=5  ACC=0.9963  NMI=0.9881  ARI=0.9900  0.5s

=== P1L_S1_C3 test[0] k=5  dim=576  frames=124  σ=0.0  fold=4 ===
  SSC-Block-TV-Col21: k_hat=5  ACC=0.9919  NMI=0.9784  ARI=0.9780  0.1s

=== P1L_S2_C1 test[0] k=5  dim=576  frames=265  σ=0.0  fold=4 ===
  SSC-Block-TV-Col21: k_hat=5  ACC=1.0000  NMI=1.0000  ARI=1.0000  0.5s

=== P1L_S2_C2 test[0] k=5  dim=576  frames=222  σ=0.0  fold=4 ===
  SSC-Block-TV-Col21: k_hat=5  ACC=1.0000  NMI=1.0000  ARI=1.0000  0.3s

=== P1L_S2_C3 test[0] k=5  dim=576  frames=179  σ=0.0  fold=4 ===
  SSC-Block-TV-Col21: k_hat=5  ACC=0.9888  NMI=0.9736  ARI=0.9760  0.3s

=== P1L_S3_C1 test[0] k=5  dim=576  frames=241  σ=0.0  fold=4 ===
  SSC-Block-TV-Col21: k_hat=5  ACC=0.9336  NMI=0.8988  ARI=0.8193  0.4s

=== P1L_S3_C2 test[0] k=5  dim=576  frames=290  σ=0.0  fold=4 ===
  SSC-Block-TV-Col21: k_hat=5  ACC=0.7690  NMI=0.8711  ARI=0.7567  0.6s

=== P1L_S3_C3 test[0] k=5  dim=576  frames=229  σ=0.0  fold=4 ===
  SSC-Block-TV-Col21: k_hat=5  ACC=0.9913  NMI=0.9788  ARI=0.9843  0.4s

=== P1L_S4_C1 test[0] k=5  dim=576  frames=344  σ=0.0  fold=4 ===
  SSC-Block-TV-Col21: k_hat=5  ACC=0.7180  NMI=0.8573  ARI=0.7170  0.7s

=== P1L_S4_C2 test[0] k=5  dim=576  frames=266  σ=0.0  fold=4 ===
  SSC-Block-TV-Col21: k_hat=5  ACC=1.0000  NMI=1.0000  ARI=1.0000  0.5s

=== P1L_S4_C3 test[0] k=5  dim=576  frames=185  σ=0.0  fold=4 ===
  SSC-Block-TV-Col21: k_hat=5  ACC=1.0000  NMI=1.0000  ARI=1.0000  0.3s

=== inference time per method ===
  SSC-Block-TV-Col21: mean=0.3896s  std=0.1619s  total=233.8s  n=600
wrote /nfs/turbo/umms-minjilab/lpullela/icassp_ssc_tv2/block_ssc_benchmark/cv/results/surveillance/split_k5_clean_min30_trials20_knownk_scaled_cv_ssc_block_tv_col21_k5_sigma0_timing.json

=== mean over matrices ===
  SSC-Block-TV-Col21 train σ=0.0: ACC=0.8746  NMI=0.8937  ARI=0.8212  n=480
  SSC-Block-TV-Col21 test σ=0.0: ACC=0.8643  NMI=0.8857  ARI=0.8076  n=120

wrote /nfs/turbo/umms-minjilab/lpullela/icassp_ssc_tv2/block_ssc_benchmark/cv/results/surveillance/split_k5_clean_min30_trials20_knownk_scaled_cv_ssc_block_tv_col21_k5_sigma0.csv
end=Mon Sep  7 04:11:23 EDT 2026
Experiment completed!
