========================================
Job: cv_ssc_block_tv_col21_k5_s0p25
Method: SSC-Block-TV-Col21  k: 5  sigma: 0.25  tune_pool_groups: 20
========================================
host=gl3210.arc-ts.umich.edu  python=/home/lpullela/miniconda3/envs/ssc_559/bin/python  start=Sun Sep  6 18:11:32 EDT 2026
Loading P1E_S1_C1
  Y: (576, 1236)  people=25  frames/person=[60, 61, 50, 48, 51, 35, 41, 56, 55, 49, 65, 50, 63, 38, 61, 48, 50, 49, 50, 30, 42, 60, 32, 39, 53]  min=30
Loading P1E_S1_C2
  Y: (576, 1031)  people=25  frames/person=[42, 48, 31, 35, 50, 45, 30, 32, 38, 40, 61, 41, 47, 33, 46, 36, 41, 45, 42, 36, 33, 50, 53, 33, 43]  min=30
Loading P1E_S1_C3
  Y: (576, 453)  people=25  frames/person=[15, 22, 16, 16, 17, 13, 14, 19, 14, 25, 26, 12, 21, 18, 22, 19, 13, 19, 16, 15, 8, 15, 30, 20, 28]  min=8
  warning: 24 people have fewer than 30 available frames (kept all)
Loading P1E_S2_C1
  Y: (576, 1256)  people=25  frames/person=[65, 50, 50, 51, 53, 48, 49, 60, 33, 48, 61, 58, 52, 32, 55, 35, 45, 53, 40, 53, 51, 65, 64, 42, 43]  min=32
Loading P1E_S2_C2
  Y: (576, 1042)  people=25  frames/person=[33, 48, 38, 41, 53, 36, 39, 47, 51, 36, 55, 44, 43, 25, 42, 41, 37, 45, 41, 38, 40, 54, 49, 33, 33]  min=25
  warning: 1 people have fewer than 30 available frames (kept all)
Loading P1E_S2_C3
  Y: (576, 816)  people=25  frames/person=[36, 33, 28, 32, 42, 37, 31, 36, 31, 23, 42, 36, 35, 20, 33, 33, 32, 32, 32, 29, 32, 42, 38, 27, 24]  min=20
  warning: 6 people have fewer than 30 available frames (kept all)
Loading P1E_S3_C1
  Y: (576, 1255)  people=25  frames/person=[43, 39, 47, 52, 58, 96, 42, 31, 79, 33, 67, 55, 44, 34, 40, 48, 54, 77, 45, 41, 46, 53, 56, 38, 37]  min=31
Loading P1E_S3_C2
  Y: (576, 1126)  people=25  frames/person=[57, 56, 35, 40, 49, 75, 34, 40, 70, 26, 65, 54, 43, 28, 32, 43, 48, 31, 36, 33, 42, 71, 57, 30, 31]  min=26
  warning: 2 people have fewer than 30 available frames (kept all)
Loading P1E_S3_C3
  Y: (576, 866)  people=25  frames/person=[43, 36, 24, 33, 37, 47, 29, 37, 55, 18, 40, 40, 31, 22, 30, 39, 35, 45, 30, 28, 30, 50, 42, 20, 25]  min=18
  warning: 7 people have fewer than 30 available frames (kept all)
Loading P1E_S4_C1
  Y: (576, 1247)  people=25  frames/person=[58, 54, 34, 56, 50, 59, 50, 56, 74, 38, 75, 35, 46, 31, 53, 40, 57, 32, 56, 33, 48, 67, 59, 48, 38]  min=31
Loading P1E_S4_C2
  Y: (576, 1051)  people=25  frames/person=[37, 37, 41, 46, 41, 49, 38, 45, 65, 30, 39, 48, 50, 34, 43, 36, 47, 52, 45, 37, 38, 50, 30, 37, 36]  min=30
Loading P1E_S4_C3
  Y: (576, 719)  people=25  frames/person=[28, 29, 22, 29, 24, 36, 31, 29, 33, 25, 37, 19, 28, 21, 25, 27, 25, 41, 27, 29, 26, 31, 45, 29, 23]  min=19
  warning: 18 people have fewer than 30 available frames (kept all)
Loading P1L_S1_C1
  Y: (576, 1391)  people=25  frames/person=[65, 68, 43, 64, 47, 40, 58, 33, 75, 41, 58, 72, 58, 49, 66, 67, 65, 43, 59, 57, 58, 51, 67, 32, 55]  min=32
Loading P1L_S1_C2
  Y: (576, 1309)  people=25  frames/person=[30, 65, 37, 63, 66, 54, 52, 52, 43, 49, 71, 49, 58, 48, 54, 66, 56, 36, 48, 49, 55, 66, 52, 39, 51]  min=30
Loading P1L_S1_C3
  Y: (576, 565)  people=25  frames/person=[27, 29, 20, 26, 19, 25, 22, 12, 28, 25, 20, 25, 23, 18, 21, 23, 25, 26, 23, 21, 18, 18, 30, 18, 23]  min=12
  warning: 24 people have fewer than 30 available frames (kept all)
Loading P1L_S2_C1
  Y: (576, 1470)  people=25  frames/person=[73, 68, 53, 64, 65, 41, 73, 55, 37, 31, 82, 75, 63, 45, 34, 48, 74, 84, 71, 64, 62, 65, 48, 33, 62]  min=31
Loading P1L_S2_C2
  Y: (576, 1393)  people=25  frames/person=[64, 65, 49, 62, 69, 69, 63, 61, 80, 34, 89, 57, 53, 52, 55, 38, 30, 30, 66, 36, 57, 51, 73, 41, 49]  min=30
Loading P1L_S2_C3
  Y: (576, 897)  people=25  frames/person=[40, 36, 29, 28, 35, 37, 36, 36, 50, 28, 55, 46, 34, 31, 35, 32, 30, 48, 37, 29, 36, 39, 45, 19, 26]  min=19
  warning: 6 people have fewer than 30 available frames (kept all)
Loading P1L_S3_C1
  Y: (576, 1329)  people=25  frames/person=[31, 33, 30, 51, 74, 75, 59, 65, 66, 43, 47, 39, 65, 50, 58, 71, 67, 36, 57, 35, 62, 31, 74, 59, 51]  min=30
Loading P1L_S3_C2
  Y: (576, 1472)  people=25  frames/person=[78, 38, 48, 51, 54, 71, 61, 71, 32, 50, 75, 38, 72, 63, 48, 67, 49, 87, 52, 56, 58, 85, 73, 56, 39]  min=32
Loading P1L_S3_C3
  Y: (576, 1105)  people=25  frames/person=[48, 44, 38, 38, 39, 45, 35, 55, 52, 26, 81, 39, 36, 36, 44, 54, 42, 61, 38, 31, 34, 53, 51, 44, 41]  min=26
  warning: 1 people have fewer than 30 available frames (kept all)
Loading P1L_S4_C1
  Y: (576, 1443)  people=25  frames/person=[50, 69, 44, 41, 78, 43, 32, 71, 45, 65, 59, 39, 56, 57, 68, 69, 70, 73, 51, 63, 47, 70, 57, 52, 74]  min=32
Loading P1L_S4_C2
  Y: (576, 1327)  people=25  frames/person=[71, 34, 39, 54, 63, 67, 52, 39, 52, 56, 59, 50, 51, 53, 63, 50, 71, 63, 48, 35, 31, 71, 43, 52, 60]  min=31
Loading P1L_S4_C3
  Y: (576, 880)  people=25  frames/person=[37, 41, 23, 26, 32, 34, 22, 32, 50, 29, 38, 44, 31, 34, 37, 39, 39, 39, 38, 26, 25, 50, 41, 33, 40]  min=22
  warning: 6 people have fewer than 30 available frames (kept all)
sequences=24  people=25  k=5
frames/person ~ Unif[30, 100]
down_hw=24  sigmas=(0.25,)  n_trials=20  known_k=True  csv=split_k5_sigmas_min30_trials20_knownk_cv_ssc_block_tv_col21_k5_sigma0p25.csv
SSC-Block-TV block_size searched in [2, 12]
CV mode: 5 folds of size 5, each rotated as test
  group 0: ['0006', '0013', '0014', '0022', '0027']
  group 1: ['0004', '0009', '0019', '0025', '0026']
  group 2: ['0001', '0005', '0011', '0023', '0024']
  group 3: ['0007', '0010', '0015', '0016', '0021']
  group 4: ['0003', '0012', '0017', '0018', '0020']
methods=['SSC-Block-TV-Col21']  append=False  hetero_noise=False  no_tune=False
  tune_pool_groups=20: sampling from 20 held-in people (overlap allowed) instead of the 4 fixed partition group(s)

============================================================
σ=0.25 fold=0  test=['0006', '0013', '0014', '0022', '0027']  train mats=96  test mats=24  tune mats=480
  --- tune SSC-Block-TV-Col21 over 480 train mats  n_trials=40 (4 params) ---
  SSC-Block-TV-Col21 trial 0: mean ARI=0.4976  n=480  204.1s  lambda_e=1, lambda_z=0.1, gamma_q=0.1, block_size=5
  SSC-Block-TV-Col21 trial 1: mean ARI=0.4337  n=480  200.3s  lambda_e=0.443, lambda_z=0.7257, gamma_q=0.2577, block_size=7
  SSC-Block-TV-Col21 trial 2: mean ARI=0.5180  n=480  195.2s  lambda_e=0.1866, lambda_z=0.3833, gamma_q=0.05628, block_size=11
  SSC-Block-TV-Col21 trial 3: mean ARI=0.4536  n=480  195.3s  lambda_e=7.78, lambda_z=0.03418, gamma_q=1.469, block_size=7
  SSC-Block-TV-Col21 trial 4: mean ARI=0.5884  n=480  207.4s  lambda_e=0.506, lambda_z=5.039, gamma_q=0.001924, block_size=2
  SSC-Block-TV-Col21 trial 5: mean ARI=0.3814  n=480  193.3s  lambda_e=0.0115, lambda_z=2.14, gamma_q=1.296, block_size=11
  SSC-Block-TV-Col21 trial 6: mean ARI=0.4607  n=480  192.5s  lambda_e=8.627, lambda_z=1.573, gamma_q=0.07013, block_size=10
  SSC-Block-TV-Col21 trial 7: mean ARI=0.6884  n=480  194.3s  lambda_e=0.02264, lambda_z=0.3628, gamma_q=0.003745, block_size=12
  SSC-Block-TV-Col21 trial 8: mean ARI=0.6868  n=480  194.6s  lambda_e=0.3677, lambda_z=0.04557, gamma_q=0.01143, block_size=10
  SSC-Block-TV-Col21 trial 9: mean ARI=0.6075  n=480  194.5s  lambda_e=0.2336, lambda_z=0.1878, gamma_q=0.001189, block_size=8
  SSC-Block-TV-Col21 trial 10: mean ARI=0.4792  n=480  206.7s  lambda_e=0.01151, lambda_z=0.001661, gamma_q=6.473, block_size=2
  SSC-Block-TV-Col21 trial 11: mean ARI=0.6618  n=480  196.6s  lambda_e=0.06092, lambda_z=0.01492, gamma_q=0.01117, block_size=12
  SSC-Block-TV-Col21 trial 12: mean ARI=0.7043  n=480  201.0s  lambda_e=0.05731, lambda_z=0.01131, gamma_q=0.007917, block_size=9
  SSC-Block-TV-Col21 trial 13: mean ARI=0.6449  n=480  200.0s  lambda_e=0.04664, lambda_z=0.003515, gamma_q=0.006623, block_size=9
  SSC-Block-TV-Col21 trial 14: mean ARI=0.6765  n=480  204.7s  lambda_e=0.04355, lambda_z=0.005487, gamma_q=0.005404, block_size=12
  SSC-Block-TV-Col21 trial 15: mean ARI=0.5327  n=480  204.3s  lambda_e=0.09713, lambda_z=0.009197, gamma_q=0.02441, block_size=5
  SSC-Block-TV-Col21 trial 16: mean ARI=0.6399  n=480  201.1s  lambda_e=0.02243, lambda_z=0.001139, gamma_q=0.002717, block_size=9
  SSC-Block-TV-Col21 trial 17: mean ARI=0.5420  n=480  203.1s  lambda_e=0.02314, lambda_z=9.2, gamma_q=0.02476, block_size=5
  SSC-Block-TV-Col21 trial 18: mean ARI=0.7592  n=480  199.6s  lambda_e=1.931, lambda_z=0.02564, gamma_q=0.003573, block_size=7
  SSC-Block-TV-Col21 trial 19: mean ARI=0.4534  n=480  200.6s  lambda_e=3.182, lambda_z=0.03257, gamma_q=0.2784, block_size=6
  SSC-Block-TV-Col21 trial 20: mean ARI=0.7697  n=480  196.4s  lambda_e=1.323, lambda_z=0.01557, gamma_q=0.001001, block_size=8
  SSC-Block-TV-Col21 trial 21: mean ARI=0.7664  n=480  196.6s  lambda_e=1.614, lambda_z=0.01869, gamma_q=0.001057, block_size=8
  SSC-Block-TV-Col21 trial 22: mean ARI=0.6982  n=480  200.0s  lambda_e=1.753, lambda_z=0.07305, gamma_q=0.001013, block_size=7
  SSC-Block-TV-Col21 trial 23: mean ARI=0.7673  n=480  199.2s  lambda_e=3.011, lambda_z=0.01979, gamma_q=0.001776, block_size=8
  SSC-Block-TV-Col21 trial 24: mean ARI=0.7492  n=480  196.6s  lambda_e=4.447, lambda_z=0.003916, gamma_q=0.001436, block_size=8
  SSC-Block-TV-Col21 trial 25: mean ARI=0.7645  n=480  196.3s  lambda_e=1.074, lambda_z=0.01709, gamma_q=0.002112, block_size=8
  SSC-Block-TV-Col21 trial 26: mean ARI=0.6721  n=480  198.5s  lambda_e=3.883, lambda_z=0.1043, gamma_q=0.001033, block_size=6
  SSC-Block-TV-Col21 trial 27: mean ARI=0.7501  n=480  197.8s  lambda_e=0.8709, lambda_z=0.007336, gamma_q=0.003407, block_size=4
  SSC-Block-TV-Col21 trial 28: mean ARI=0.5105  n=480  195.3s  lambda_e=2.18, lambda_z=0.002289, gamma_q=0.02347, block_size=10
  SSC-Block-TV-Col21 trial 29: mean ARI=0.6822  n=480  199.7s  lambda_e=0.7746, lambda_z=0.09081, gamma_q=0.002272, block_size=6
  SSC-Block-TV-Col21 trial 30: mean ARI=0.7453  n=480  201.4s  lambda_e=5.239, lambda_z=0.01816, gamma_q=0.00534, block_size=8
  SSC-Block-TV-Col21 trial 31: mean ARI=0.7657  n=480  193.8s  lambda_e=1.294, lambda_z=0.01889, gamma_q=0.002032, block_size=8
  SSC-Block-TV-Col21 trial 32: mean ARI=0.7200  n=480  198.1s  lambda_e=1.413, lambda_z=0.05394, gamma_q=0.00196, block_size=9
  SSC-Block-TV-Col21 trial 33: mean ARI=0.6200  n=480  198.3s  lambda_e=2.871, lambda_z=0.1706, gamma_q=0.001619, block_size=8
  SSC-Block-TV-Col21 trial 34: mean ARI=0.7053  n=480  201.6s  lambda_e=0.5949, lambda_z=0.02283, gamma_q=0.01274, block_size=7
  SSC-Block-TV-Col21 trial 35: mean ARI=0.7080  n=480  202.5s  lambda_e=1.228, lambda_z=0.005418, gamma_q=0.004485, block_size=9
  SSC-Block-TV-Col21 trial 36: mean ARI=0.7660  n=480  207.9s  lambda_e=0.3101, lambda_z=0.01116, gamma_q=0.002515, block_size=6
  SSC-Block-TV-Col21 trial 37: mean ARI=0.7683  n=480  213.6s  lambda_e=0.3292, lambda_z=0.01036, gamma_q=0.003269, block_size=3
  SSC-Block-TV-Col21 trial 38: mean ARI=0.7427  n=480  212.8s  lambda_e=0.1208, lambda_z=0.002855, gamma_q=0.001005, block_size=3
  SSC-Block-TV-Col21 trial 39: mean ARI=0.6481  n=480  213.9s  lambda_e=6.315, lambda_z=0.006276, gamma_q=0.009006, block_size=3
    best mean ARI=0.7697  tune 8010.2s  lambda_e=1.323, lambda_z=0.01557, gamma_q=0.001001, block_size=8
  wrote /nfs/turbo/umms-minjilab/lpullela/icassp_ssc_tv2/block_ssc_benchmark/cv/params/surveillance/split_k5_sigmas_min30_trials20_params_knownk_cv_ssc_block_tv_col21_k5_sigma0p25_sigma0.25_fold0.json

=== P1E_S1_C1 train[0] k=5  dim=576  frames=212  σ=0.25  fold=0 ===
  SSC-Block-TV-Col21: k_hat=5  ACC=1.0000  NMI=1.0000  ARI=1.0000  0.4s

=== P1E_S1_C1 train[1] k=5  dim=576  frames=265  σ=0.25  fold=0 ===
  SSC-Block-TV-Col21: k_hat=5  ACC=0.4943  NMI=0.6913  ARI=0.3996  0.6s

=== P1E_S1_C1 train[2] k=5  dim=576  frames=242  σ=0.25  fold=0 ===
  SSC-Block-TV-Col21: k_hat=5  ACC=0.6777  NMI=0.7750  ARI=0.5957  0.5s

=== P1E_S1_C1 train[3] k=5  dim=576  frames=268  σ=0.25  fold=0 ===
  SSC-Block-TV-Col21: k_hat=5  ACC=0.5709  NMI=0.7076  ARI=0.4341  0.6s

=== P1E_S1_C2 train[0] k=5  dim=576  frames=188  σ=0.25  fold=0 ===
  SSC-Block-TV-Col21: k_hat=5  ACC=1.0000  NMI=1.0000  ARI=1.0000  0.3s

=== P1E_S1_C2 train[1] k=5  dim=576  frames=198  σ=0.25  fold=0 ===
  SSC-Block-TV-Col21: k_hat=5  ACC=0.9091  NMI=0.8706  ARI=0.8351  0.3s

=== P1E_S1_C2 train[2] k=5  dim=576  frames=199  σ=0.25  fold=0 ===
  SSC-Block-TV-Col21: k_hat=5  ACC=0.7035  NMI=0.8020  ARI=0.6631  0.4s

=== P1E_S1_C2 train[3] k=5  dim=576  frames=215  σ=0.25  fold=0 ===
  SSC-Block-TV-Col21: k_hat=5  ACC=0.9767  NMI=0.9447  ARI=0.9435  0.4s

=== P1E_S1_C3 train[0] k=5  dim=576  frames=93  σ=0.25  fold=0 ===
  SSC-Block-TV-Col21: k_hat=5  ACC=0.9785  NMI=0.9546  ARI=0.9423  0.1s

=== P1E_S1_C3 train[1] k=5  dim=576  frames=68  σ=0.25  fold=0 ===
  SSC-Block-TV-Col21: k_hat=5  ACC=0.7206  NMI=0.7371  ARI=0.5601  0.1s

=== P1E_S1_C3 train[2] k=5  dim=576  frames=87  σ=0.25  fold=0 ===
  SSC-Block-TV-Col21: k_hat=5  ACC=0.9655  NMI=0.9274  ARI=0.9163  0.1s

=== P1E_S1_C3 train[3] k=5  dim=576  frames=107  σ=0.25  fold=0 ===
  SSC-Block-TV-Col21: k_hat=5  ACC=0.8879  NMI=0.8078  ARI=0.7473  0.2s

=== P1E_S2_C1 train[0] k=5  dim=576  frames=250  σ=0.25  fold=0 ===
  SSC-Block-TV-Col21: k_hat=5  ACC=0.9400  NMI=0.9199  ARI=0.8836  0.5s

=== P1E_S2_C1 train[1] k=5  dim=576  frames=265  σ=0.25  fold=0 ===
  SSC-Block-TV-Col21: k_hat=5  ACC=0.5208  NMI=0.6936  ARI=0.4313  0.6s

=== P1E_S2_C1 train[2] k=5  dim=576  frames=232  σ=0.25  fold=0 ===
  SSC-Block-TV-Col21: k_hat=5  ACC=0.5259  NMI=0.7312  ARI=0.5274  0.4s

=== P1E_S2_C1 train[3] k=5  dim=576  frames=241  σ=0.25  fold=0 ===
  SSC-Block-TV-Col21: k_hat=5  ACC=0.8465  NMI=0.8752  ARI=0.7881  0.5s

=== P1E_S2_C2 train[0] k=5  dim=576  frames=196  σ=0.25  fold=0 ===
  SSC-Block-TV-Col21: k_hat=5  ACC=0.9847  NMI=0.9598  ARI=0.9622  0.3s

=== P1E_S2_C2 train[1] k=5  dim=576  frames=219  σ=0.25  fold=0 ===
  SSC-Block-TV-Col21: k_hat=5  ACC=0.9589  NMI=0.9196  ARI=0.9019  0.4s

=== P1E_S2_C2 train[2] k=5  dim=576  frames=192  σ=0.25  fold=0 ===
  SSC-Block-TV-Col21: k_hat=5  ACC=0.7500  NMI=0.7869  ARI=0.6381  0.3s

=== P1E_S2_C2 train[3] k=5  dim=576  frames=212  σ=0.25  fold=0 ===
  SSC-Block-TV-Col21: k_hat=5  ACC=0.9481  NMI=0.9056  ARI=0.8825  0.4s

=== P1E_S2_C3 train[0] k=5  dim=576  frames=156  σ=0.25  fold=0 ===
  SSC-Block-TV-Col21: k_hat=5  ACC=1.0000  NMI=1.0000  ARI=1.0000  0.2s

=== P1E_S2_C3 train[1] k=5  dim=576  frames=173  σ=0.25  fold=0 ===
  SSC-Block-TV-Col21: k_hat=5  ACC=0.9075  NMI=0.8474  ARI=0.7895  0.3s

=== P1E_S2_C3 train[2] k=5  dim=576  frames=160  σ=0.25  fold=0 ===
  SSC-Block-TV-Col21: k_hat=5  ACC=0.7688  NMI=0.8509  ARI=0.7491  0.2s

=== P1E_S2_C3 train[3] k=5  dim=576  frames=154  σ=0.25  fold=0 ===
  SSC-Block-TV-Col21: k_hat=5  ACC=0.9740  NMI=0.9398  ARI=0.9378  0.2s

=== P1E_S3_C1 train[0] k=5  dim=576  frames=237  σ=0.25  fold=0 ===
  SSC-Block-TV-Col21: k_hat=5  ACC=0.8608  NMI=0.8322  ARI=0.7407  0.5s

=== P1E_S3_C1 train[1] k=5  dim=576  frames=273  σ=0.25  fold=0 ===
  SSC-Block-TV-Col21: k_hat=5  ACC=0.5238  NMI=0.6630  ARI=0.3719  0.6s

=== P1E_S3_C1 train[2] k=5  dim=576  frames=250  σ=0.25  fold=0 ===
  SSC-Block-TV-Col21: k_hat=5  ACC=0.5360  NMI=0.6497  ARI=0.4244  0.5s

=== P1E_S3_C1 train[3] k=5  dim=576  frames=237  σ=0.25  fold=0 ===
  SSC-Block-TV-Col21: k_hat=5  ACC=0.6414  NMI=0.7643  ARI=0.5840  0.5s

=== P1E_S3_C2 train[0] k=5  dim=576  frames=204  σ=0.25  fold=0 ===
  SSC-Block-TV-Col21: k_hat=5  ACC=0.9559  NMI=0.9035  ARI=0.9007  0.3s

=== P1E_S3_C2 train[1] k=5  dim=576  frames=280  σ=0.25  fold=0 ===
  SSC-Block-TV-Col21: k_hat=5  ACC=0.5821  NMI=0.6801  ARI=0.4486  0.6s

=== P1E_S3_C2 train[2] k=5  dim=576  frames=222  σ=0.25  fold=0 ===
  SSC-Block-TV-Col21: k_hat=5  ACC=0.5811  NMI=0.7243  ARI=0.4917  0.4s

=== P1E_S3_C2 train[3] k=5  dim=576  frames=188  σ=0.25  fold=0 ===
  SSC-Block-TV-Col21: k_hat=5  ACC=0.9255  NMI=0.8936  ARI=0.8499  0.3s

=== P1E_S3_C3 train[0] k=5  dim=576  frames=150  σ=0.25  fold=0 ===
  SSC-Block-TV-Col21: k_hat=5  ACC=0.9933  NMI=0.9815  ARI=0.9835  0.2s

=== P1E_S3_C3 train[1] k=5  dim=576  frames=211  σ=0.25  fold=0 ===
  SSC-Block-TV-Col21: k_hat=5  ACC=0.7393  NMI=0.8374  ARI=0.6914  0.4s

=== P1E_S3_C3 train[2] k=5  dim=576  frames=167  σ=0.25  fold=0 ===
  SSC-Block-TV-Col21: k_hat=5  ACC=0.7425  NMI=0.8708  ARI=0.7394  0.3s

=== P1E_S3_C3 train[3] k=5  dim=576  frames=168  σ=0.25  fold=0 ===
  SSC-Block-TV-Col21: k_hat=5  ACC=0.9881  NMI=0.9667  ARI=0.9741  0.3s

=== P1E_S4_C1 train[0] k=5  dim=576  frames=248  σ=0.25  fold=0 ===
  SSC-Block-TV-Col21: k_hat=5  ACC=0.7863  NMI=0.8580  ARI=0.7519  0.5s

=== P1E_S4_C1 train[1] k=5  dim=576  frames=303  σ=0.25  fold=0 ===
  SSC-Block-TV-Col21: k_hat=5  ACC=0.5347  NMI=0.6859  ARI=0.3990  0.7s

=== P1E_S4_C1 train[2] k=5  dim=576  frames=248  σ=0.25  fold=0 ===
  SSC-Block-TV-Col21: k_hat=5  ACC=0.7379  NMI=0.7830  ARI=0.6385  0.5s

=== P1E_S4_C1 train[3] k=5  dim=576  frames=217  σ=0.25  fold=0 ===
  SSC-Block-TV-Col21: k_hat=5  ACC=0.7604  NMI=0.7931  ARI=0.7028  0.4s

=== P1E_S4_C2 train[0] k=5  dim=576  frames=193  σ=0.25  fold=0 ===
  SSC-Block-TV-Col21: k_hat=5  ACC=0.9534  NMI=0.9160  ARI=0.9033  0.3s

=== P1E_S4_C2 train[1] k=5  dim=576  frames=236  σ=0.25  fold=0 ===
  SSC-Block-TV-Col21: k_hat=5  ACC=0.9958  NMI=0.9869  ARI=0.9887  0.4s

=== P1E_S4_C2 train[2] k=5  dim=576  frames=223  σ=0.25  fold=0 ===
  SSC-Block-TV-Col21: k_hat=5  ACC=0.7220  NMI=0.8258  ARI=0.6940  0.4s

=== P1E_S4_C2 train[3] k=5  dim=576  frames=198  σ=0.25  fold=0 ===
  SSC-Block-TV-Col21: k_hat=5  ACC=0.8586  NMI=0.8694  ARI=0.7785  0.3s

=== P1E_S4_C3 train[0] k=5  dim=576  frames=152  σ=0.25  fold=0 ===
  SSC-Block-TV-Col21: k_hat=5  ACC=0.9737  NMI=0.9381  ARI=0.9369  0.2s

=== P1E_S4_C3 train[1] k=5  dim=576  frames=147  σ=0.25  fold=0 ===
  SSC-Block-TV-Col21: k_hat=5  ACC=0.6395  NMI=0.7103  ARI=0.5361  0.2s

=== P1E_S4_C3 train[2] k=5  dim=576  frames=141  σ=0.25  fold=0 ===
  SSC-Block-TV-Col21: k_hat=5  ACC=0.9929  NMI=0.9801  ARI=0.9798  0.2s

=== P1E_S4_C3 train[3] k=5  dim=576  frames=147  σ=0.25  fold=0 ===
  SSC-Block-TV-Col21: k_hat=5  ACC=0.7959  NMI=0.8702  ARI=0.7687  0.2s

=== P1L_S1_C1 train[0] k=5  dim=576  frames=265  σ=0.25  fold=0 ===
  SSC-Block-TV-Col21: k_hat=5  ACC=1.0000  NMI=1.0000  ARI=1.0000  0.6s

=== P1L_S1_C1 train[1] k=5  dim=576  frames=313  σ=0.25  fold=0 ===
  SSC-Block-TV-Col21: k_hat=5  ACC=0.8307  NMI=0.8741  ARI=0.7477  0.7s

=== P1L_S1_C1 train[2] k=5  dim=576  frames=239  σ=0.25  fold=0 ===
  SSC-Block-TV-Col21: k_hat=5  ACC=0.9079  NMI=0.9138  ARI=0.8817  0.5s

=== P1L_S1_C1 train[3] k=5  dim=576  frames=285  σ=0.25  fold=0 ===
  SSC-Block-TV-Col21: k_hat=5  ACC=0.8561  NMI=0.8681  ARI=0.7357  0.6s

=== P1L_S1_C2 train[0] k=5  dim=576  frames=236  σ=0.25  fold=0 ===
  SSC-Block-TV-Col21: k_hat=5  ACC=0.8686  NMI=0.8733  ARI=0.7470  0.4s

=== P1L_S1_C2 train[1] k=5  dim=576  frames=257  σ=0.25  fold=0 ===
  SSC-Block-TV-Col21: k_hat=5  ACC=0.7626  NMI=0.7471  ARI=0.5770  0.5s

=== P1L_S1_C2 train[2] k=5  dim=576  frames=260  σ=0.25  fold=0 ===
  SSC-Block-TV-Col21: k_hat=5  ACC=0.6115  NMI=0.7587  ARI=0.5687  0.5s

=== P1L_S1_C2 train[3] k=5  dim=576  frames=270  σ=0.25  fold=0 ===
  SSC-Block-TV-Col21: k_hat=5  ACC=0.6407  NMI=0.7270  ARI=0.4855  0.6s

=== P1L_S1_C3 train[0] k=5  dim=576  frames=115  σ=0.25  fold=0 ===
  SSC-Block-TV-Col21: k_hat=5  ACC=0.7391  NMI=0.8569  ARI=0.6749  0.2s

=== P1L_S1_C3 train[1] k=5  dim=576  frames=117  σ=0.25  fold=0 ===
  SSC-Block-TV-Col21: k_hat=5  ACC=0.6923  NMI=0.7398  ARI=0.5026  0.2s

=== P1L_S1_C3 train[2] k=5  dim=576  frames=101  σ=0.25  fold=0 ===
  SSC-Block-TV-Col21: k_hat=5  ACC=0.8218  NMI=0.8036  ARI=0.6724  0.1s

=== P1L_S1_C3 train[3] k=5  dim=576  frames=124  σ=0.25  fold=0 ===
  SSC-Block-TV-Col21: k_hat=5  ACC=0.9919  NMI=0.9784  ARI=0.9780  0.2s

=== P1L_S2_C1 train[0] k=5  dim=576  frames=281  σ=0.25  fold=0 ===
  SSC-Block-TV-Col21: k_hat=5  ACC=0.9253  NMI=0.9021  ARI=0.8382  0.6s

=== P1L_S2_C1 train[1] k=5  dim=576  frames=301  σ=0.25  fold=0 ===
  SSC-Block-TV-Col21: k_hat=5  ACC=0.6545  NMI=0.7322  ARI=0.5154  0.7s

=== P1L_S2_C1 train[2] k=5  dim=576  frames=275  σ=0.25  fold=0 ===
  SSC-Block-TV-Col21: k_hat=5  ACC=0.9018  NMI=0.9077  ARI=0.8561  0.6s

=== P1L_S2_C1 train[3] k=5  dim=576  frames=265  σ=0.25  fold=0 ===
  SSC-Block-TV-Col21: k_hat=5  ACC=0.7962  NMI=0.8736  ARI=0.7660  0.6s

=== P1L_S2_C2 train[0] k=5  dim=576  frames=256  σ=0.25  fold=0 ===
  SSC-Block-TV-Col21: k_hat=5  ACC=0.9180  NMI=0.9033  ARI=0.8398  0.6s

=== P1L_S2_C2 train[1] k=5  dim=576  frames=314  σ=0.25  fold=0 ===
  SSC-Block-TV-Col21: k_hat=5  ACC=0.8694  NMI=0.8077  ARI=0.7160  0.7s

=== P1L_S2_C2 train[2] k=5  dim=576  frames=301  σ=0.25  fold=0 ===
  SSC-Block-TV-Col21: k_hat=5  ACC=0.7209  NMI=0.8442  ARI=0.6969  0.7s

=== P1L_S2_C2 train[3] k=5  dim=576  frames=222  σ=0.25  fold=0 ===
  SSC-Block-TV-Col21: k_hat=5  ACC=1.0000  NMI=1.0000  ARI=1.0000  0.4s

=== P1L_S2_C3 train[0] k=5  dim=576  frames=159  σ=0.25  fold=0 ===
  SSC-Block-TV-Col21: k_hat=5  ACC=1.0000  NMI=1.0000  ARI=1.0000  0.3s

=== P1L_S2_C3 train[1] k=5  dim=576  frames=193  σ=0.25  fold=0 ===
  SSC-Block-TV-Col21: k_hat=5  ACC=0.9016  NMI=0.8879  ARI=0.7894  0.3s

=== P1L_S2_C3 train[2] k=5  dim=576  frames=175  σ=0.25  fold=0 ===
  SSC-Block-TV-Col21: k_hat=5  ACC=0.6743  NMI=0.7838  ARI=0.6161  0.3s

=== P1L_S2_C3 train[3] k=5  dim=576  frames=179  σ=0.25  fold=0 ===
  SSC-Block-TV-Col21: k_hat=5  ACC=0.9832  NMI=0.9577  ARI=0.9632  0.3s

=== P1L_S3_C1 train[0] k=5  dim=576  frames=289  σ=0.25  fold=0 ===
  SSC-Block-TV-Col21: k_hat=5  ACC=0.8028  NMI=0.8593  ARI=0.7702  0.6s

=== P1L_S3_C1 train[1] k=5  dim=576  frames=241  σ=0.25  fold=0 ===
  SSC-Block-TV-Col21: k_hat=5  ACC=0.9502  NMI=0.9017  ARI=0.8848  0.5s

=== P1L_S3_C1 train[2] k=5  dim=576  frames=312  σ=0.25  fold=0 ===
  SSC-Block-TV-Col21: k_hat=5  ACC=0.7692  NMI=0.7853  ARI=0.6214  0.7s

=== P1L_S3_C1 train[3] k=5  dim=576  frames=241  σ=0.25  fold=0 ===
  SSC-Block-TV-Col21: k_hat=5  ACC=0.8257  NMI=0.8396  ARI=0.7089  0.5s

=== P1L_S3_C2 train[0] k=5  dim=576  frames=287  σ=0.25  fold=0 ===
  SSC-Block-TV-Col21: k_hat=5  ACC=0.9965  NMI=0.9889  ARI=0.9909  0.7s

=== P1L_S3_C2 train[1] k=5  dim=576  frames=304  σ=0.25  fold=0 ===
  SSC-Block-TV-Col21: k_hat=5  ACC=0.5033  NMI=0.6371  ARI=0.3854  0.7s

=== P1L_S3_C2 train[2] k=5  dim=576  frames=329  σ=0.25  fold=0 ===
  SSC-Block-TV-Col21: k_hat=5  ACC=0.6413  NMI=0.7580  ARI=0.5708  0.8s

=== P1L_S3_C2 train[3] k=5  dim=576  frames=290  σ=0.25  fold=0 ===
  SSC-Block-TV-Col21: k_hat=5  ACC=0.6828  NMI=0.8326  ARI=0.6475  0.6s

=== P1L_S3_C3 train[0] k=5  dim=576  frames=210  σ=0.25  fold=0 ===
  SSC-Block-TV-Col21: k_hat=5  ACC=0.9667  NMI=0.9399  ARI=0.9150  0.4s

=== P1L_S3_C3 train[1] k=5  dim=576  frames=225  σ=0.25  fold=0 ===
  SSC-Block-TV-Col21: k_hat=5  ACC=0.7956  NMI=0.7757  ARI=0.6041  0.4s

=== P1L_S3_C3 train[2] k=5  dim=576  frames=210  σ=0.25  fold=0 ===
  SSC-Block-TV-Col21: k_hat=5  ACC=0.8048  NMI=0.7851  ARI=0.6376  0.4s

=== P1L_S3_C3 train[3] k=5  dim=576  frames=229  σ=0.25  fold=0 ===
  SSC-Block-TV-Col21: k_hat=5  ACC=0.9825  NMI=0.9502  ARI=0.9569  0.5s

=== P1L_S4_C1 train[0] k=5  dim=576  frames=255  σ=0.25  fold=0 ===
  SSC-Block-TV-Col21: k_hat=5  ACC=0.9843  NMI=0.9626  ARI=0.9540  0.5s

=== P1L_S4_C1 train[1] k=5  dim=576  frames=253  σ=0.25  fold=0 ===
  SSC-Block-TV-Col21: k_hat=5  ACC=0.9644  NMI=0.9363  ARI=0.9079  0.5s

=== P1L_S4_C1 train[2] k=5  dim=576  frames=278  σ=0.25  fold=0 ===
  SSC-Block-TV-Col21: k_hat=5  ACC=0.7878  NMI=0.8728  ARI=0.7405  0.6s

=== P1L_S4_C1 train[3] k=5  dim=576  frames=344  σ=0.25  fold=0 ===
  SSC-Block-TV-Col21: k_hat=5  ACC=0.9971  NMI=0.9905  ARI=0.9925  0.8s

=== P1L_S4_C2 train[0] k=5  dim=576  frames=257  σ=0.25  fold=0 ===
  SSC-Block-TV-Col21: k_hat=5  ACC=1.0000  NMI=1.0000  ARI=1.0000  0.5s

=== P1L_S4_C2 train[1] k=5  dim=576  frames=279  σ=0.25  fold=0 ===
  SSC-Block-TV-Col21: k_hat=5  ACC=0.9498  NMI=0.8982  ARI=0.8930  0.6s

=== P1L_S4_C2 train[2] k=5  dim=576  frames=258  σ=0.25  fold=0 ===
  SSC-Block-TV-Col21: k_hat=5  ACC=0.6783  NMI=0.7659  ARI=0.5961  0.5s

=== P1L_S4_C2 train[3] k=5  dim=576  frames=266  σ=0.25  fold=0 ===
  SSC-Block-TV-Col21: k_hat=5  ACC=0.9887  NMI=0.9688  ARI=0.9749  0.6s

=== P1L_S4_C3 train[0] k=5  dim=576  frames=158  σ=0.25  fold=0 ===
  SSC-Block-TV-Col21: k_hat=5  ACC=1.0000  NMI=1.0000  ARI=1.0000  0.3s

=== P1L_S4_C3 train[1] k=5  dim=576  frames=188  σ=0.25  fold=0 ===
  SSC-Block-TV-Col21: k_hat=5  ACC=0.6543  NMI=0.7673  ARI=0.5872  0.3s

=== P1L_S4_C3 train[2] k=5  dim=576  frames=169  σ=0.25  fold=0 ===
  SSC-Block-TV-Col21: k_hat=5  ACC=0.7692  NMI=0.7780  ARI=0.6116  0.3s

=== P1L_S4_C3 train[3] k=5  dim=576  frames=185  σ=0.25  fold=0 ===
  SSC-Block-TV-Col21: k_hat=5  ACC=0.9892  NMI=0.9741  ARI=0.9749  0.3s

=== P1E_S1_C1 test[0] k=5  dim=576  frames=249  σ=0.25  fold=0 ===
  SSC-Block-TV-Col21: k_hat=5  ACC=0.7349  NMI=0.8305  ARI=0.6632  0.5s

=== P1E_S1_C2 test[0] k=5  dim=576  frames=231  σ=0.25  fold=0 ===
  SSC-Block-TV-Col21: k_hat=5  ACC=0.9221  NMI=0.8563  ARI=0.8093  0.5s

=== P1E_S1_C3 test[0] k=5  dim=576  frames=98  σ=0.25  fold=0 ===
  SSC-Block-TV-Col21: k_hat=5  ACC=0.8265  NMI=0.8582  ARI=0.7924  0.1s

=== P1E_S2_C1 test[0] k=5  dim=576  frames=268  σ=0.25  fold=0 ===
  SSC-Block-TV-Col21: k_hat=5  ACC=0.8246  NMI=0.7393  ARI=0.6205  0.6s

=== P1E_S2_C2 test[0] k=5  dim=576  frames=223  σ=0.25  fold=0 ===
  SSC-Block-TV-Col21: k_hat=5  ACC=0.9372  NMI=0.8852  ARI=0.8479  0.4s

=== P1E_S2_C3 test[0] k=5  dim=576  frames=173  σ=0.25  fold=0 ===
  SSC-Block-TV-Col21: k_hat=5  ACC=0.9827  NMI=0.9631  ARI=0.9616  0.3s

=== P1E_S3_C1 test[0] k=5  dim=576  frames=258  σ=0.25  fold=0 ===
  SSC-Block-TV-Col21: k_hat=5  ACC=0.6473  NMI=0.7546  ARI=0.5707  0.5s

=== P1E_S3_C2 test[0] k=5  dim=576  frames=232  σ=0.25  fold=0 ===
  SSC-Block-TV-Col21: k_hat=5  ACC=0.9138  NMI=0.8776  ARI=0.7898  0.4s

=== P1E_S3_C3 test[0] k=5  dim=576  frames=170  σ=0.25  fold=0 ===
  SSC-Block-TV-Col21: k_hat=5  ACC=1.0000  NMI=1.0000  ARI=1.0000  0.3s

=== P1E_S4_C1 test[0] k=5  dim=576  frames=231  σ=0.25  fold=0 ===
  SSC-Block-TV-Col21: k_hat=5  ACC=0.7792  NMI=0.8516  ARI=0.6803  0.5s

=== P1E_S4_C2 test[0] k=5  dim=576  frames=201  σ=0.25  fold=0 ===
  SSC-Block-TV-Col21: k_hat=5  ACC=0.9353  NMI=0.8848  ARI=0.8460  0.4s

=== P1E_S4_C3 test[0] k=5  dim=576  frames=132  σ=0.25  fold=0 ===
  SSC-Block-TV-Col21: k_hat=5  ACC=0.9470  NMI=0.8863  ARI=0.8694  0.2s

=== P1L_S1_C1 test[0] k=5  dim=576  frames=289  σ=0.25  fold=0 ===
  SSC-Block-TV-Col21: k_hat=5  ACC=0.7543  NMI=0.8686  ARI=0.7291  0.6s

=== P1L_S1_C2 test[0] k=5  dim=576  frames=286  σ=0.25  fold=0 ===
  SSC-Block-TV-Col21: k_hat=5  ACC=0.8986  NMI=0.8906  ARI=0.8014  0.6s

=== P1L_S1_C3 test[0] k=5  dim=576  frames=108  σ=0.25  fold=0 ===
  SSC-Block-TV-Col21: k_hat=5  ACC=0.6667  NMI=0.7608  ARI=0.5509  0.1s

=== P1L_S2_C1 test[0] k=5  dim=576  frames=348  σ=0.25  fold=0 ===
  SSC-Block-TV-Col21: k_hat=5  ACC=0.7385  NMI=0.7667  ARI=0.6031  0.8s

=== P1L_S2_C2 test[0] k=5  dim=576  frames=300  σ=0.25  fold=0 ===
  SSC-Block-TV-Col21: k_hat=5  ACC=0.8067  NMI=0.7533  ARI=0.5532  0.6s

=== P1L_S2_C3 test[0] k=5  dim=576  frames=191  σ=0.25  fold=0 ===
  SSC-Block-TV-Col21: k_hat=5  ACC=0.8953  NMI=0.8714  ARI=0.7382  0.3s

=== P1L_S3_C1 test[0] k=5  dim=576  frames=246  σ=0.25  fold=0 ===
  SSC-Block-TV-Col21: k_hat=5  ACC=0.7683  NMI=0.8379  ARI=0.6656  0.5s

=== P1L_S3_C2 test[0] k=5  dim=576  frames=262  σ=0.25  fold=0 ===
  SSC-Block-TV-Col21: k_hat=5  ACC=0.9351  NMI=0.8890  ARI=0.8518  0.5s

=== P1L_S3_C3 test[0] k=5  dim=576  frames=231  σ=0.25  fold=0 ===
  SSC-Block-TV-Col21: k_hat=5  ACC=0.9351  NMI=0.9018  ARI=0.8265  0.5s

=== P1L_S4_C1 test[0] k=5  dim=576  frames=313  σ=0.25  fold=0 ===
  SSC-Block-TV-Col21: k_hat=5  ACC=0.8243  NMI=0.8685  ARI=0.7377  0.7s

=== P1L_S4_C2 test[0] k=5  dim=576  frames=267  σ=0.25  fold=0 ===
  SSC-Block-TV-Col21: k_hat=5  ACC=0.8315  NMI=0.8014  ARI=0.6494  0.6s

=== P1L_S4_C3 test[0] k=5  dim=576  frames=180  σ=0.25  fold=0 ===
  SSC-Block-TV-Col21: k_hat=5  ACC=0.8333  NMI=0.8662  ARI=0.7223  0.3s
  tune_pool_groups=20: sampling from 20 held-in people (overlap allowed) instead of the 4 fixed partition group(s)

============================================================
σ=0.25 fold=1  test=['0004', '0009', '0019', '0025', '0026']  train mats=96  test mats=24  tune mats=480
  --- tune SSC-Block-TV-Col21 over 480 train mats  n_trials=40 (4 params) ---
  SSC-Block-TV-Col21 trial 0: mean ARI=0.4982  n=480  221.2s  lambda_e=1, lambda_z=0.1, gamma_q=0.1, block_size=5
  SSC-Block-TV-Col21 trial 1: mean ARI=0.4340  n=480  219.0s  lambda_e=0.443, lambda_z=0.7257, gamma_q=0.2577, block_size=7
  SSC-Block-TV-Col21 trial 2: mean ARI=0.5037  n=480  217.5s  lambda_e=0.1866, lambda_z=0.3833, gamma_q=0.05628, block_size=11
  SSC-Block-TV-Col21 trial 3: mean ARI=0.4478  n=480  213.3s  lambda_e=7.78, lambda_z=0.03418, gamma_q=1.469, block_size=7
  SSC-Block-TV-Col21 trial 4: mean ARI=0.5864  n=480  223.7s  lambda_e=0.506, lambda_z=5.039, gamma_q=0.001924, block_size=2
  SSC-Block-TV-Col21 trial 5: mean ARI=0.3750  n=480  210.8s  lambda_e=0.0115, lambda_z=2.14, gamma_q=1.296, block_size=11
  SSC-Block-TV-Col21 trial 6: mean ARI=0.4531  n=480  210.1s  lambda_e=8.627, lambda_z=1.573, gamma_q=0.07013, block_size=10
  SSC-Block-TV-Col21 trial 7: mean ARI=0.6741  n=480  210.2s  lambda_e=0.02264, lambda_z=0.3628, gamma_q=0.003745, block_size=12
  SSC-Block-TV-Col21 trial 8: mean ARI=0.6720  n=480  209.9s  lambda_e=0.3677, lambda_z=0.04557, gamma_q=0.01143, block_size=10
  SSC-Block-TV-Col21 trial 9: mean ARI=0.5977  n=480  210.3s  lambda_e=0.2336, lambda_z=0.1878, gamma_q=0.001189, block_size=8
  SSC-Block-TV-Col21 trial 10: mean ARI=0.4882  n=480  223.3s  lambda_e=0.01151, lambda_z=0.001661, gamma_q=6.473, block_size=2
  SSC-Block-TV-Col21 trial 11: mean ARI=0.6525  n=480  209.9s  lambda_e=0.06092, lambda_z=0.01492, gamma_q=0.01117, block_size=12
  SSC-Block-TV-Col21 trial 12: mean ARI=0.6883  n=480  211.4s  lambda_e=0.05731, lambda_z=0.01131, gamma_q=0.007917, block_size=9
  SSC-Block-TV-Col21 trial 13: mean ARI=0.6186  n=480  211.2s  lambda_e=0.04664, lambda_z=0.003515, gamma_q=0.006623, block_size=9
  SSC-Block-TV-Col21 trial 14: mean ARI=0.6745  n=480  205.8s  lambda_e=0.04355, lambda_z=0.005487, gamma_q=0.005404, block_size=12
  SSC-Block-TV-Col21 trial 15: mean ARI=0.5327  n=480  213.0s  lambda_e=0.07339, lambda_z=0.00694, gamma_q=0.01881, block_size=5
  SSC-Block-TV-Col21 trial 16: mean ARI=0.5190  n=480  210.5s  lambda_e=0.1275, lambda_z=0.00104, gamma_q=0.02235, block_size=9
  SSC-Block-TV-Col21 trial 17: mean ARI=0.7531  n=480  214.2s  lambda_e=0.0337, lambda_z=0.01032, gamma_q=0.003898, block_size=5
  SSC-Block-TV-Col21 trial 18: mean ARI=0.7445  n=480  217.1s  lambda_e=1.931, lambda_z=0.02564, gamma_q=0.002482, block_size=4
  SSC-Block-TV-Col21 trial 19: mean ARI=0.7377  n=480  217.4s  lambda_e=3.182, lambda_z=0.03042, gamma_q=0.002027, block_size=4
  SSC-Block-TV-Col21 trial 20: mean ARI=0.6897  n=480  220.5s  lambda_e=1.323, lambda_z=0.08687, gamma_q=0.001001, block_size=4
  SSC-Block-TV-Col21 trial 21: mean ARI=0.7482  n=480  217.2s  lambda_e=3.317, lambda_z=0.02409, gamma_q=0.002683, block_size=4
  SSC-Block-TV-Col21 trial 22: mean ARI=0.7621  n=480  217.1s  lambda_e=2.793, lambda_z=0.01651, gamma_q=0.003361, block_size=4
  SSC-Block-TV-Col21 trial 23: mean ARI=0.5107  n=480  213.2s  lambda_e=3.575, lambda_z=0.003873, gamma_q=0.03085, block_size=6
  SSC-Block-TV-Col21 trial 24: mean ARI=0.7657  n=480  218.6s  lambda_e=3.622, lambda_z=0.01293, gamma_q=0.00359, block_size=3
  SSC-Block-TV-Col21 trial 25: mean ARI=0.7524  n=480  219.8s  lambda_e=0.7674, lambda_z=0.009988, gamma_q=0.004513, block_size=3
  SSC-Block-TV-Col21 trial 26: mean ARI=0.5417  n=480  219.7s  lambda_e=4.74, lambda_z=0.001994, gamma_q=0.01427, block_size=3
  SSC-Block-TV-Col21 trial 27: mean ARI=0.6156  n=480  209.8s  lambda_e=1.619, lambda_z=0.05669, gamma_q=0.03586, block_size=6
  SSC-Block-TV-Col21 trial 28: mean ARI=0.5358  n=480  217.4s  lambda_e=0.7652, lambda_z=0.0117, gamma_q=0.17, block_size=3
  SSC-Block-TV-Col21 trial 29: mean ARI=0.6610  n=480  215.4s  lambda_e=5.556, lambda_z=0.09429, gamma_q=0.005159, block_size=5
  SSC-Block-TV-Col21 trial 30: mean ARI=0.7363  n=480  213.8s  lambda_e=0.02472, lambda_z=0.002876, gamma_q=0.001443, block_size=6
  SSC-Block-TV-Col21 trial 31: mean ARI=0.7487  n=480  217.9s  lambda_e=0.9478, lambda_z=0.007669, gamma_q=0.00392, block_size=3
  SSC-Block-TV-Col21 trial 32: mean ARI=0.7450  n=480  214.4s  lambda_e=2.391, lambda_z=0.01655, gamma_q=0.008027, block_size=3
  SSC-Block-TV-Col21 trial 33: mean ARI=0.7543  n=480  215.2s  lambda_e=0.6667, lambda_z=0.008532, gamma_q=0.003242, block_size=5
  SSC-Block-TV-Col21 trial 34: mean ARI=0.7415  n=480  214.3s  lambda_e=0.1201, lambda_z=0.005192, gamma_q=0.002586, block_size=5
  SSC-Block-TV-Col21 trial 35: mean ARI=0.6900  n=480  212.6s  lambda_e=6.307, lambda_z=0.05776, gamma_q=0.001796, block_size=7
  SSC-Block-TV-Col21 trial 36: mean ARI=0.7430  n=480  224.9s  lambda_e=0.4788, lambda_z=0.01765, gamma_q=0.01031, block_size=2
  SSC-Block-TV-Col21 trial 37: mean ARI=0.6236  n=480  214.8s  lambda_e=0.3042, lambda_z=0.1734, gamma_q=0.003133, block_size=5
  SSC-Block-TV-Col21 trial 38: mean ARI=0.5009  n=480  212.9s  lambda_e=9.251, lambda_z=0.002126, gamma_q=0.4867, block_size=6
  SSC-Block-TV-Col21 trial 39: mean ARI=0.4855  n=480  210.1s  lambda_e=2.487, lambda_z=0.007287, gamma_q=0.04588, block_size=7
    best mean ARI=0.7657  tune 8599.8s  lambda_e=3.622, lambda_z=0.01293, gamma_q=0.00359, block_size=3
  wrote /nfs/turbo/umms-minjilab/lpullela/icassp_ssc_tv2/block_ssc_benchmark/cv/params/surveillance/split_k5_sigmas_min30_trials20_params_knownk_cv_ssc_block_tv_col21_k5_sigma0p25_sigma0.25_fold1.json

=== P1E_S1_C1 train[0] k=5  dim=576  frames=249  σ=0.25  fold=1 ===
  SSC-Block-TV-Col21: k_hat=5  ACC=0.7349  NMI=0.8305  ARI=0.6632  0.5s

=== P1E_S1_C1 train[1] k=5  dim=576  frames=265  σ=0.25  fold=1 ===
  SSC-Block-TV-Col21: k_hat=5  ACC=0.4943  NMI=0.6913  ARI=0.3996  0.6s

=== P1E_S1_C1 train[2] k=5  dim=576  frames=242  σ=0.25  fold=1 ===
  SSC-Block-TV-Col21: k_hat=5  ACC=0.6653  NMI=0.7410  ARI=0.5654  0.5s

=== P1E_S1_C1 train[3] k=5  dim=576  frames=268  σ=0.25  fold=1 ===
  SSC-Block-TV-Col21: k_hat=5  ACC=0.5970  NMI=0.7106  ARI=0.4433  0.6s

=== P1E_S1_C2 train[0] k=5  dim=576  frames=231  σ=0.25  fold=1 ===
  SSC-Block-TV-Col21: k_hat=5  ACC=0.9870  NMI=0.9711  ARI=0.9743  0.5s

=== P1E_S1_C2 train[1] k=5  dim=576  frames=198  σ=0.25  fold=1 ===
  SSC-Block-TV-Col21: k_hat=5  ACC=0.9394  NMI=0.9200  ARI=0.8842  0.3s

=== P1E_S1_C2 train[2] k=5  dim=576  frames=199  σ=0.25  fold=1 ===
  SSC-Block-TV-Col21: k_hat=5  ACC=0.7035  NMI=0.8146  ARI=0.6668  0.4s

=== P1E_S1_C2 train[3] k=5  dim=576  frames=215  σ=0.25  fold=1 ===
  SSC-Block-TV-Col21: k_hat=5  ACC=0.9814  NMI=0.9530  ARI=0.9548  0.4s

=== P1E_S1_C3 train[0] k=5  dim=576  frames=98  σ=0.25  fold=1 ===
  SSC-Block-TV-Col21: k_hat=5  ACC=0.8265  NMI=0.8582  ARI=0.7924  0.1s

=== P1E_S1_C3 train[1] k=5  dim=576  frames=68  σ=0.25  fold=1 ===
  SSC-Block-TV-Col21: k_hat=5  ACC=0.5294  NMI=0.5934  ARI=0.3475  0.1s

=== P1E_S1_C3 train[2] k=5  dim=576  frames=87  σ=0.25  fold=1 ===
  SSC-Block-TV-Col21: k_hat=5  ACC=0.9310  NMI=0.8816  ARI=0.8298  0.1s

=== P1E_S1_C3 train[3] k=5  dim=576  frames=107  σ=0.25  fold=1 ===
  SSC-Block-TV-Col21: k_hat=5  ACC=0.8972  NMI=0.8277  ARI=0.7733  0.1s

=== P1E_S2_C1 train[0] k=5  dim=576  frames=268  σ=0.25  fold=1 ===
  SSC-Block-TV-Col21: k_hat=5  ACC=0.8993  NMI=0.8336  ARI=0.7709  0.6s

=== P1E_S2_C1 train[1] k=5  dim=576  frames=265  σ=0.25  fold=1 ===
  SSC-Block-TV-Col21: k_hat=5  ACC=0.5170  NMI=0.6828  ARI=0.4205  0.6s

=== P1E_S2_C1 train[2] k=5  dim=576  frames=232  σ=0.25  fold=1 ===
  SSC-Block-TV-Col21: k_hat=5  ACC=0.5259  NMI=0.7312  ARI=0.5274  0.4s

=== P1E_S2_C1 train[3] k=5  dim=576  frames=241  σ=0.25  fold=1 ===
  SSC-Block-TV-Col21: k_hat=5  ACC=0.8465  NMI=0.8752  ARI=0.7881  0.5s

=== P1E_S2_C2 train[0] k=5  dim=576  frames=223  σ=0.25  fold=1 ===
  SSC-Block-TV-Col21: k_hat=5  ACC=0.9507  NMI=0.9077  ARI=0.8880  0.4s

=== P1E_S2_C2 train[1] k=5  dim=576  frames=219  σ=0.25  fold=1 ===
  SSC-Block-TV-Col21: k_hat=5  ACC=0.9361  NMI=0.8738  ARI=0.8475  0.4s

=== P1E_S2_C2 train[2] k=5  dim=576  frames=192  σ=0.25  fold=1 ===
  SSC-Block-TV-Col21: k_hat=5  ACC=0.6510  NMI=0.7555  ARI=0.5668  0.3s

=== P1E_S2_C2 train[3] k=5  dim=576  frames=212  σ=0.25  fold=1 ===
  SSC-Block-TV-Col21: k_hat=5  ACC=0.9528  NMI=0.9140  ARI=0.8934  0.4s

=== P1E_S2_C3 train[0] k=5  dim=576  frames=173  σ=0.25  fold=1 ===
  SSC-Block-TV-Col21: k_hat=5  ACC=0.9769  NMI=0.9460  ARI=0.9451  0.3s

=== P1E_S2_C3 train[1] k=5  dim=576  frames=173  σ=0.25  fold=1 ===
  SSC-Block-TV-Col21: k_hat=5  ACC=0.8382  NMI=0.7950  ARI=0.6977  0.3s

=== P1E_S2_C3 train[2] k=5  dim=576  frames=160  σ=0.25  fold=1 ===
  SSC-Block-TV-Col21: k_hat=5  ACC=0.8438  NMI=0.8598  ARI=0.7907  0.2s

=== P1E_S2_C3 train[3] k=5  dim=576  frames=154  σ=0.25  fold=1 ===
  SSC-Block-TV-Col21: k_hat=5  ACC=0.9740  NMI=0.9398  ARI=0.9378  0.2s

=== P1E_S3_C1 train[0] k=5  dim=576  frames=258  σ=0.25  fold=1 ===
  SSC-Block-TV-Col21: k_hat=5  ACC=0.6512  NMI=0.7515  ARI=0.5714  0.5s

=== P1E_S3_C1 train[1] k=5  dim=576  frames=273  σ=0.25  fold=1 ===
  SSC-Block-TV-Col21: k_hat=5  ACC=0.5275  NMI=0.6633  ARI=0.3724  0.6s

=== P1E_S3_C1 train[2] k=5  dim=576  frames=250  σ=0.25  fold=1 ===
  SSC-Block-TV-Col21: k_hat=5  ACC=0.5360  NMI=0.6500  ARI=0.4241  0.5s

=== P1E_S3_C1 train[3] k=5  dim=576  frames=237  σ=0.25  fold=1 ===
  SSC-Block-TV-Col21: k_hat=5  ACC=0.9283  NMI=0.8947  ARI=0.8715  0.4s

=== P1E_S3_C2 train[0] k=5  dim=576  frames=232  σ=0.25  fold=1 ===
  SSC-Block-TV-Col21: k_hat=5  ACC=0.9267  NMI=0.8869  ARI=0.8135  0.4s

=== P1E_S3_C2 train[1] k=5  dim=576  frames=280  σ=0.25  fold=1 ===
  SSC-Block-TV-Col21: k_hat=5  ACC=0.5857  NMI=0.6897  ARI=0.4499  0.5s

=== P1E_S3_C2 train[2] k=5  dim=576  frames=222  σ=0.25  fold=1 ===
  SSC-Block-TV-Col21: k_hat=5  ACC=0.5811  NMI=0.7243  ARI=0.4917  0.4s

=== P1E_S3_C2 train[3] k=5  dim=576  frames=188  σ=0.25  fold=1 ===
  SSC-Block-TV-Col21: k_hat=5  ACC=0.9255  NMI=0.8936  ARI=0.8499  0.3s

=== P1E_S3_C3 train[0] k=5  dim=576  frames=170  σ=0.25  fold=1 ===
  SSC-Block-TV-Col21: k_hat=5  ACC=1.0000  NMI=1.0000  ARI=1.0000  0.3s

=== P1E_S3_C3 train[1] k=5  dim=576  frames=211  σ=0.25  fold=1 ===
  SSC-Block-TV-Col21: k_hat=5  ACC=0.8199  NMI=0.8530  ARI=0.7453  0.4s

=== P1E_S3_C3 train[2] k=5  dim=576  frames=167  σ=0.25  fold=1 ===
  SSC-Block-TV-Col21: k_hat=5  ACC=0.8862  NMI=0.8414  ARI=0.7730  0.3s

=== P1E_S3_C3 train[3] k=5  dim=576  frames=168  σ=0.25  fold=1 ===
  SSC-Block-TV-Col21: k_hat=5  ACC=0.9464  NMI=0.9092  ARI=0.8840  0.2s

=== P1E_S4_C1 train[0] k=5  dim=576  frames=231  σ=0.25  fold=1 ===
  SSC-Block-TV-Col21: k_hat=5  ACC=0.7792  NMI=0.8516  ARI=0.6803  0.4s

=== P1E_S4_C1 train[1] k=5  dim=576  frames=303  σ=0.25  fold=1 ===
  SSC-Block-TV-Col21: k_hat=5  ACC=0.7360  NMI=0.8564  ARI=0.6881  0.7s

=== P1E_S4_C1 train[2] k=5  dim=576  frames=248  σ=0.25  fold=1 ===
  SSC-Block-TV-Col21: k_hat=5  ACC=0.6290  NMI=0.7408  ARI=0.5468  0.4s

=== P1E_S4_C1 train[3] k=5  dim=576  frames=217  σ=0.25  fold=1 ===
  SSC-Block-TV-Col21: k_hat=5  ACC=0.7512  NMI=0.7874  ARI=0.6909  0.4s

=== P1E_S4_C2 train[0] k=5  dim=576  frames=201  σ=0.25  fold=1 ===
  SSC-Block-TV-Col21: k_hat=5  ACC=0.9353  NMI=0.8947  ARI=0.8470  0.3s

=== P1E_S4_C2 train[1] k=5  dim=576  frames=236  σ=0.25  fold=1 ===
  SSC-Block-TV-Col21: k_hat=5  ACC=0.9958  NMI=0.9869  ARI=0.9887  0.4s

=== P1E_S4_C2 train[2] k=5  dim=576  frames=223  σ=0.25  fold=1 ===
  SSC-Block-TV-Col21: k_hat=5  ACC=0.7085  NMI=0.8554  ARI=0.6839  0.4s

=== P1E_S4_C2 train[3] k=5  dim=576  frames=198  σ=0.25  fold=1 ===
  SSC-Block-TV-Col21: k_hat=5  ACC=0.8737  NMI=0.8726  ARI=0.7887  0.3s

=== P1E_S4_C3 train[0] k=5  dim=576  frames=132  σ=0.25  fold=1 ===
  SSC-Block-TV-Col21: k_hat=5  ACC=0.9015  NMI=0.8301  ARI=0.7652  0.2s

=== P1E_S4_C3 train[1] k=5  dim=576  frames=147  σ=0.25  fold=1 ===
  SSC-Block-TV-Col21: k_hat=5  ACC=0.8503  NMI=0.8391  ARI=0.7511  0.2s

=== P1E_S4_C3 train[2] k=5  dim=576  frames=141  σ=0.25  fold=1 ===
  SSC-Block-TV-Col21: k_hat=5  ACC=0.8865  NMI=0.8379  ARI=0.7796  0.2s

=== P1E_S4_C3 train[3] k=5  dim=576  frames=147  σ=0.25  fold=1 ===
  SSC-Block-TV-Col21: k_hat=5  ACC=0.5238  NMI=0.7222  ARI=0.5183  0.2s

=== P1L_S1_C1 train[0] k=5  dim=576  frames=289  σ=0.25  fold=1 ===
  SSC-Block-TV-Col21: k_hat=5  ACC=0.7543  NMI=0.8686  ARI=0.7291  0.6s

=== P1L_S1_C1 train[1] k=5  dim=576  frames=313  σ=0.25  fold=1 ===
  SSC-Block-TV-Col21: k_hat=5  ACC=0.8307  NMI=0.8741  ARI=0.7477  0.7s

=== P1L_S1_C1 train[2] k=5  dim=576  frames=239  σ=0.25  fold=1 ===
  SSC-Block-TV-Col21: k_hat=5  ACC=0.9079  NMI=0.9138  ARI=0.8817  0.5s

=== P1L_S1_C1 train[3] k=5  dim=576  frames=285  σ=0.25  fold=1 ===
  SSC-Block-TV-Col21: k_hat=5  ACC=0.7614  NMI=0.8657  ARI=0.7278  0.6s

=== P1L_S1_C2 train[0] k=5  dim=576  frames=286  σ=0.25  fold=1 ===
  SSC-Block-TV-Col21: k_hat=5  ACC=0.9091  NMI=0.8957  ARI=0.8153  0.6s

=== P1L_S1_C2 train[1] k=5  dim=576  frames=257  σ=0.25  fold=1 ===
  SSC-Block-TV-Col21: k_hat=5  ACC=0.5331  NMI=0.6758  ARI=0.4634  0.5s

=== P1L_S1_C2 train[2] k=5  dim=576  frames=260  σ=0.25  fold=1 ===
  SSC-Block-TV-Col21: k_hat=5  ACC=0.6115  NMI=0.7587  ARI=0.5687  0.5s

=== P1L_S1_C2 train[3] k=5  dim=576  frames=270  σ=0.25  fold=1 ===
  SSC-Block-TV-Col21: k_hat=5  ACC=0.7481  NMI=0.8542  ARI=0.7169  0.6s

=== P1L_S1_C3 train[0] k=5  dim=576  frames=108  σ=0.25  fold=1 ===
  SSC-Block-TV-Col21: k_hat=5  ACC=0.6759  NMI=0.7617  ARI=0.5534  0.1s

=== P1L_S1_C3 train[1] k=5  dim=576  frames=117  σ=0.25  fold=1 ===
  SSC-Block-TV-Col21: k_hat=5  ACC=0.7009  NMI=0.7236  ARI=0.5056  0.2s

=== P1L_S1_C3 train[2] k=5  dim=576  frames=101  σ=0.25  fold=1 ===
  SSC-Block-TV-Col21: k_hat=5  ACC=0.7030  NMI=0.7661  ARI=0.5898  0.1s

=== P1L_S1_C3 train[3] k=5  dim=576  frames=124  σ=0.25  fold=1 ===
  SSC-Block-TV-Col21: k_hat=5  ACC=0.7339  NMI=0.8704  ARI=0.7329  0.2s

=== P1L_S2_C1 train[0] k=5  dim=576  frames=348  σ=0.25  fold=1 ===
  SSC-Block-TV-Col21: k_hat=5  ACC=0.7385  NMI=0.7667  ARI=0.6031  0.8s

=== P1L_S2_C1 train[1] k=5  dim=576  frames=301  σ=0.25  fold=1 ===
  SSC-Block-TV-Col21: k_hat=5  ACC=0.6645  NMI=0.7347  ARI=0.5211  0.7s

=== P1L_S2_C1 train[2] k=5  dim=576  frames=275  σ=0.25  fold=1 ===
  SSC-Block-TV-Col21: k_hat=5  ACC=0.9018  NMI=0.9077  ARI=0.8561  0.6s

=== P1L_S2_C1 train[3] k=5  dim=576  frames=265  σ=0.25  fold=1 ===
  SSC-Block-TV-Col21: k_hat=5  ACC=0.7962  NMI=0.8736  ARI=0.7660  0.6s

=== P1L_S2_C2 train[0] k=5  dim=576  frames=300  σ=0.25  fold=1 ===
  SSC-Block-TV-Col21: k_hat=5  ACC=0.8133  NMI=0.7605  ARI=0.5672  0.6s

=== P1L_S2_C2 train[1] k=5  dim=576  frames=314  σ=0.25  fold=1 ===
  SSC-Block-TV-Col21: k_hat=5  ACC=0.9236  NMI=0.8767  ARI=0.8211  0.7s

=== P1L_S2_C2 train[2] k=5  dim=576  frames=301  σ=0.25  fold=1 ===
  SSC-Block-TV-Col21: k_hat=5  ACC=0.7243  NMI=0.8444  ARI=0.6975  0.7s

=== P1L_S2_C2 train[3] k=5  dim=576  frames=222  σ=0.25  fold=1 ===
  SSC-Block-TV-Col21: k_hat=5  ACC=1.0000  NMI=1.0000  ARI=1.0000  0.4s

=== P1L_S2_C3 train[0] k=5  dim=576  frames=191  σ=0.25  fold=1 ===
  SSC-Block-TV-Col21: k_hat=5  ACC=0.8691  NMI=0.8601  ARI=0.7100  0.3s

=== P1L_S2_C3 train[1] k=5  dim=576  frames=193  σ=0.25  fold=1 ===
  SSC-Block-TV-Col21: k_hat=5  ACC=0.8601  NMI=0.8244  ARI=0.7090  0.3s

=== P1L_S2_C3 train[2] k=5  dim=576  frames=175  σ=0.25  fold=1 ===
  SSC-Block-TV-Col21: k_hat=5  ACC=0.8229  NMI=0.8073  ARI=0.6798  0.3s

=== P1L_S2_C3 train[3] k=5  dim=576  frames=179  σ=0.25  fold=1 ===
  SSC-Block-TV-Col21: k_hat=5  ACC=0.9832  NMI=0.9577  ARI=0.9632  0.3s

=== P1L_S3_C1 train[0] k=5  dim=576  frames=246  σ=0.25  fold=1 ===
  SSC-Block-TV-Col21: k_hat=5  ACC=0.8089  NMI=0.8389  ARI=0.6692  0.5s

=== P1L_S3_C1 train[1] k=5  dim=576  frames=241  σ=0.25  fold=1 ===
  SSC-Block-TV-Col21: k_hat=5  ACC=0.9461  NMI=0.8887  ARI=0.8753  0.5s

=== P1L_S3_C1 train[2] k=5  dim=576  frames=312  σ=0.25  fold=1 ===
  SSC-Block-TV-Col21: k_hat=5  ACC=0.7692  NMI=0.7853  ARI=0.6214  0.7s

=== P1L_S3_C1 train[3] k=5  dim=576  frames=241  σ=0.25  fold=1 ===
  SSC-Block-TV-Col21: k_hat=5  ACC=0.9336  NMI=0.8720  ARI=0.8383  0.5s

=== P1L_S3_C2 train[0] k=5  dim=576  frames=262  σ=0.25  fold=1 ===
  SSC-Block-TV-Col21: k_hat=5  ACC=0.9313  NMI=0.8802  ARI=0.8417  0.5s

=== P1L_S3_C2 train[1] k=5  dim=576  frames=304  σ=0.25  fold=1 ===
  SSC-Block-TV-Col21: k_hat=5  ACC=0.5000  NMI=0.6320  ARI=0.3766  0.7s

=== P1L_S3_C2 train[2] k=5  dim=576  frames=329  σ=0.25  fold=1 ===
  SSC-Block-TV-Col21: k_hat=5  ACC=0.6413  NMI=0.7580  ARI=0.5708  0.8s

=== P1L_S3_C2 train[3] k=5  dim=576  frames=290  σ=0.25  fold=1 ===
  SSC-Block-TV-Col21: k_hat=5  ACC=0.6828  NMI=0.8237  ARI=0.6381  0.6s

=== P1L_S3_C3 train[0] k=5  dim=576  frames=231  σ=0.25  fold=1 ===
  SSC-Block-TV-Col21: k_hat=5  ACC=0.9307  NMI=0.8882  ARI=0.8147  0.5s

=== P1L_S3_C3 train[1] k=5  dim=576  frames=225  σ=0.25  fold=1 ===
  SSC-Block-TV-Col21: k_hat=5  ACC=0.8044  NMI=0.7826  ARI=0.6197  0.4s

=== P1L_S3_C3 train[2] k=5  dim=576  frames=210  σ=0.25  fold=1 ===
  SSC-Block-TV-Col21: k_hat=5  ACC=0.8048  NMI=0.7851  ARI=0.6376  0.4s

=== P1L_S3_C3 train[3] k=5  dim=576  frames=229  σ=0.25  fold=1 ===
  SSC-Block-TV-Col21: k_hat=5  ACC=0.9782  NMI=0.9415  ARI=0.9492  0.4s

=== P1L_S4_C1 train[0] k=5  dim=576  frames=313  σ=0.25  fold=1 ===
  SSC-Block-TV-Col21: k_hat=5  ACC=0.7827  NMI=0.8364  ARI=0.7516  0.7s

=== P1L_S4_C1 train[1] k=5  dim=576  frames=253  σ=0.25  fold=1 ===
  SSC-Block-TV-Col21: k_hat=5  ACC=0.7905  NMI=0.8392  ARI=0.6855  0.5s

=== P1L_S4_C1 train[2] k=5  dim=576  frames=278  σ=0.25  fold=1 ===
  SSC-Block-TV-Col21: k_hat=5  ACC=0.7770  NMI=0.8708  ARI=0.7365  0.6s

=== P1L_S4_C1 train[3] k=5  dim=576  frames=344  σ=0.25  fold=1 ===
  SSC-Block-TV-Col21: k_hat=5  ACC=1.0000  NMI=1.0000  ARI=1.0000  0.8s

=== P1L_S4_C2 train[0] k=5  dim=576  frames=267  σ=0.25  fold=1 ===
  SSC-Block-TV-Col21: k_hat=5  ACC=0.8315  NMI=0.8014  ARI=0.6494  0.6s

=== P1L_S4_C2 train[1] k=5  dim=576  frames=279  σ=0.25  fold=1 ===
  SSC-Block-TV-Col21: k_hat=5  ACC=0.9462  NMI=0.8932  ARI=0.8863  0.6s

=== P1L_S4_C2 train[2] k=5  dim=576  frames=258  σ=0.25  fold=1 ===
  SSC-Block-TV-Col21: k_hat=5  ACC=0.7054  NMI=0.8554  ARI=0.6864  0.5s

=== P1L_S4_C2 train[3] k=5  dim=576  frames=266  σ=0.25  fold=1 ===
  SSC-Block-TV-Col21: k_hat=5  ACC=0.8421  NMI=0.8551  ARI=0.7443  0.6s

=== P1L_S4_C3 train[0] k=5  dim=576  frames=180  σ=0.25  fold=1 ===
  SSC-Block-TV-Col21: k_hat=5  ACC=0.7833  NMI=0.7784  ARI=0.5940  0.3s

=== P1L_S4_C3 train[1] k=5  dim=576  frames=188  σ=0.25  fold=1 ===
  SSC-Block-TV-Col21: k_hat=5  ACC=0.6117  NMI=0.6930  ARI=0.4936  0.3s

=== P1L_S4_C3 train[2] k=5  dim=576  frames=169  σ=0.25  fold=1 ===
  SSC-Block-TV-Col21: k_hat=5  ACC=0.8166  NMI=0.7552  ARI=0.6200  0.3s

=== P1L_S4_C3 train[3] k=5  dim=576  frames=185  σ=0.25  fold=1 ===
  SSC-Block-TV-Col21: k_hat=5  ACC=0.9892  NMI=0.9741  ARI=0.9749  0.3s

=== P1E_S1_C1 test[0] k=5  dim=576  frames=212  σ=0.25  fold=1 ===
  SSC-Block-TV-Col21: k_hat=5  ACC=1.0000  NMI=1.0000  ARI=1.0000  0.4s

=== P1E_S1_C2 test[0] k=5  dim=576  frames=188  σ=0.25  fold=1 ===
  SSC-Block-TV-Col21: k_hat=5  ACC=1.0000  NMI=1.0000  ARI=1.0000  0.3s

=== P1E_S1_C3 test[0] k=5  dim=576  frames=93  σ=0.25  fold=1 ===
  SSC-Block-TV-Col21: k_hat=5  ACC=0.8172  NMI=0.8581  ARI=0.7901  0.1s

=== P1E_S2_C1 test[0] k=5  dim=576  frames=250  σ=0.25  fold=1 ===
  SSC-Block-TV-Col21: k_hat=5  ACC=0.9560  NMI=0.9326  ARI=0.9097  0.5s

=== P1E_S2_C2 test[0] k=5  dim=576  frames=196  σ=0.25  fold=1 ===
  SSC-Block-TV-Col21: k_hat=5  ACC=0.9847  NMI=0.9598  ARI=0.9622  0.3s

=== P1E_S2_C3 test[0] k=5  dim=576  frames=156  σ=0.25  fold=1 ===
  SSC-Block-TV-Col21: k_hat=5  ACC=1.0000  NMI=1.0000  ARI=1.0000  0.2s

=== P1E_S3_C1 test[0] k=5  dim=576  frames=237  σ=0.25  fold=1 ===
  SSC-Block-TV-Col21: k_hat=5  ACC=0.8608  NMI=0.8322  ARI=0.7407  0.5s

=== P1E_S3_C2 test[0] k=5  dim=576  frames=204  σ=0.25  fold=1 ===
  SSC-Block-TV-Col21: k_hat=5  ACC=0.9314  NMI=0.8663  ARI=0.8587  0.3s

=== P1E_S3_C3 test[0] k=5  dim=576  frames=150  σ=0.25  fold=1 ===
  SSC-Block-TV-Col21: k_hat=5  ACC=0.9933  NMI=0.9815  ARI=0.9835  0.2s

=== P1E_S4_C1 test[0] k=5  dim=576  frames=248  σ=0.25  fold=1 ===
  SSC-Block-TV-Col21: k_hat=5  ACC=0.9718  NMI=0.9462  ARI=0.9294  0.5s

=== P1E_S4_C2 test[0] k=5  dim=576  frames=193  σ=0.25  fold=1 ===
  SSC-Block-TV-Col21: k_hat=5  ACC=0.9534  NMI=0.9160  ARI=0.9033  0.3s

=== P1E_S4_C3 test[0] k=5  dim=576  frames=152  σ=0.25  fold=1 ===
  SSC-Block-TV-Col21: k_hat=5  ACC=0.9539  NMI=0.9107  ARI=0.8936  0.2s

=== P1L_S1_C1 test[0] k=5  dim=576  frames=265  σ=0.25  fold=1 ===
  SSC-Block-TV-Col21: k_hat=5  ACC=1.0000  NMI=1.0000  ARI=1.0000  0.6s

=== P1L_S1_C2 test[0] k=5  dim=576  frames=236  σ=0.25  fold=1 ===
  SSC-Block-TV-Col21: k_hat=5  ACC=0.8686  NMI=0.8733  ARI=0.7470  0.4s

=== P1L_S1_C3 test[0] k=5  dim=576  frames=115  σ=0.25  fold=1 ===
  SSC-Block-TV-Col21: k_hat=5  ACC=0.7043  NMI=0.8072  ARI=0.6156  0.2s

=== P1L_S2_C1 test[0] k=5  dim=576  frames=281  σ=0.25  fold=1 ===
  SSC-Block-TV-Col21: k_hat=5  ACC=0.9253  NMI=0.9021  ARI=0.8382  0.6s

=== P1L_S2_C2 test[0] k=5  dim=576  frames=256  σ=0.25  fold=1 ===
  SSC-Block-TV-Col21: k_hat=5  ACC=0.9492  NMI=0.9251  ARI=0.8916  0.5s

=== P1L_S2_C3 test[0] k=5  dim=576  frames=159  σ=0.25  fold=1 ===
  SSC-Block-TV-Col21: k_hat=5  ACC=0.9874  NMI=0.9706  ARI=0.9704  0.3s

=== P1L_S3_C1 test[0] k=5  dim=576  frames=289  σ=0.25  fold=1 ===
  SSC-Block-TV-Col21: k_hat=5  ACC=0.7958  NMI=0.8480  ARI=0.7575  0.6s

=== P1L_S3_C2 test[0] k=5  dim=576  frames=287  σ=0.25  fold=1 ===
  SSC-Block-TV-Col21: k_hat=5  ACC=1.0000  NMI=1.0000  ARI=1.0000  0.6s

=== P1L_S3_C3 test[0] k=5  dim=576  frames=210  σ=0.25  fold=1 ===
  SSC-Block-TV-Col21: k_hat=5  ACC=0.9619  NMI=0.9345  ARI=0.9041  0.4s

=== P1L_S4_C1 test[0] k=5  dim=576  frames=255  σ=0.25  fold=1 ===
  SSC-Block-TV-Col21: k_hat=5  ACC=0.9882  NMI=0.9698  ARI=0.9652  0.5s

=== P1L_S4_C2 test[0] k=5  dim=576  frames=257  σ=0.25  fold=1 ===
  SSC-Block-TV-Col21: k_hat=5  ACC=1.0000  NMI=1.0000  ARI=1.0000  0.5s

=== P1L_S4_C3 test[0] k=5  dim=576  frames=158  σ=0.25  fold=1 ===
  SSC-Block-TV-Col21: k_hat=5  ACC=1.0000  NMI=1.0000  ARI=1.0000  0.2s
  tune_pool_groups=20: sampling from 20 held-in people (overlap allowed) instead of the 4 fixed partition group(s)

============================================================
σ=0.25 fold=2  test=['0001', '0005', '0011', '0023', '0024']  train mats=96  test mats=24  tune mats=480
  --- tune SSC-Block-TV-Col21 over 480 train mats  n_trials=40 (4 params) ---
  SSC-Block-TV-Col21 trial 0: mean ARI=0.5034  n=480  197.4s  lambda_e=1, lambda_z=0.1, gamma_q=0.1, block_size=5
  SSC-Block-TV-Col21 trial 1: mean ARI=0.4346  n=480  192.8s  lambda_e=0.443, lambda_z=0.7257, gamma_q=0.2577, block_size=7
  SSC-Block-TV-Col21 trial 2: mean ARI=0.5209  n=480  190.2s  lambda_e=0.1866, lambda_z=0.3833, gamma_q=0.05628, block_size=11
  SSC-Block-TV-Col21 trial 3: mean ARI=0.4434  n=480  192.2s  lambda_e=7.78, lambda_z=0.03418, gamma_q=1.469, block_size=7
  SSC-Block-TV-Col21 trial 4: mean ARI=0.5933  n=480  198.5s  lambda_e=0.506, lambda_z=5.039, gamma_q=0.001924, block_size=2
  SSC-Block-TV-Col21 trial 5: mean ARI=0.3848  n=480  185.2s  lambda_e=0.0115, lambda_z=2.14, gamma_q=1.296, block_size=11
  SSC-Block-TV-Col21 trial 6: mean ARI=0.4658  n=480  190.9s  lambda_e=8.627, lambda_z=1.573, gamma_q=0.07013, block_size=10
  SSC-Block-TV-Col21 trial 7: mean ARI=0.6854  n=480  188.7s  lambda_e=0.02264, lambda_z=0.3628, gamma_q=0.003745, block_size=12
  SSC-Block-TV-Col21 trial 8: mean ARI=0.6936  n=480  190.5s  lambda_e=0.3677, lambda_z=0.04557, gamma_q=0.01143, block_size=10
  SSC-Block-TV-Col21 trial 9: mean ARI=0.5996  n=480  191.0s  lambda_e=0.2336, lambda_z=0.1878, gamma_q=0.001189, block_size=8
  SSC-Block-TV-Col21 trial 10: mean ARI=0.5156  n=480  199.7s  lambda_e=0.0543, lambda_z=0.001491, gamma_q=6.473, block_size=2
  SSC-Block-TV-Col21 trial 11: mean ARI=0.6696  n=480  188.2s  lambda_e=0.01211, lambda_z=0.01492, gamma_q=0.01117, block_size=12
  SSC-Block-TV-Col21 trial 12: mean ARI=0.7037  n=480  189.0s  lambda_e=0.05731, lambda_z=0.01131, gamma_q=0.007917, block_size=9
  SSC-Block-TV-Col21 trial 13: mean ARI=0.5674  n=480  189.5s  lambda_e=0.07177, lambda_z=0.004714, gamma_q=0.01396, block_size=9
  SSC-Block-TV-Col21 trial 14: mean ARI=0.7400  n=480  192.8s  lambda_e=2.421, lambda_z=0.02548, gamma_q=0.01064, block_size=5
  SSC-Block-TV-Col21 trial 15: mean ARI=0.7486  n=480  197.8s  lambda_e=2.404, lambda_z=0.008194, gamma_q=0.00518, block_size=4
  SSC-Block-TV-Col21 trial 16: mean ARI=0.4987  n=480  195.4s  lambda_e=2.735, lambda_z=0.001067, gamma_q=0.03828, block_size=4
  SSC-Block-TV-Col21 trial 17: mean ARI=0.7250  n=480  193.3s  lambda_e=2.27, lambda_z=0.004288, gamma_q=0.003898, block_size=4
  SSC-Block-TV-Col21 trial 18: mean ARI=0.6128  n=480  191.3s  lambda_e=2.414, lambda_z=0.02044, gamma_q=0.02783, block_size=5
  SSC-Block-TV-Col21 trial 19: mean ARI=0.4849  n=480  190.4s  lambda_e=1.385, lambda_z=0.004347, gamma_q=0.2784, block_size=6
  SSC-Block-TV-Col21 trial 20: mean ARI=0.7316  n=480  191.3s  lambda_e=4.099, lambda_z=0.07692, gamma_q=0.003455, block_size=3
  SSC-Block-TV-Col21 trial 21: mean ARI=0.7293  n=480  194.4s  lambda_e=4.194, lambda_z=0.07995, gamma_q=0.003341, block_size=3
  SSC-Block-TV-Col21 trial 22: mean ARI=0.7779  n=480  188.5s  lambda_e=4.755, lambda_z=0.007954, gamma_q=0.001024, block_size=4
  SSC-Block-TV-Col21 trial 23: mean ARI=0.7777  n=480  180.2s  lambda_e=1.033, lambda_z=0.007364, gamma_q=0.001082, block_size=5
  SSC-Block-TV-Col21 trial 24: mean ARI=0.7801  n=480  194.1s  lambda_e=1.052, lambda_z=0.009654, gamma_q=0.001194, block_size=4
  SSC-Block-TV-Col21 trial 25: mean ARI=0.7433  n=480  191.3s  lambda_e=1.405, lambda_z=0.002234, gamma_q=0.001157, block_size=6
  SSC-Block-TV-Col21 trial 26: mean ARI=0.7821  n=480  198.2s  lambda_e=0.7566, lambda_z=0.008681, gamma_q=0.001033, block_size=3
  SSC-Block-TV-Col21 trial 27: mean ARI=0.7288  n=480  208.6s  lambda_e=0.7213, lambda_z=0.002682, gamma_q=0.002014, block_size=3
  SSC-Block-TV-Col21 trial 28: mean ARI=0.7860  n=480  201.8s  lambda_e=0.1403, lambda_z=0.008681, gamma_q=0.001812, block_size=2
  SSC-Block-TV-Col21 trial 29: mean ARI=0.7851  n=480  200.8s  lambda_e=0.1373, lambda_z=0.04625, gamma_q=0.002258, block_size=2
  SSC-Block-TV-Col21 trial 30: mean ARI=0.7733  n=480  199.7s  lambda_e=0.134, lambda_z=0.05941, gamma_q=0.002403, block_size=2
  SSC-Block-TV-Col21 trial 31: mean ARI=0.6857  n=480  195.7s  lambda_e=0.152, lambda_z=0.1514, gamma_q=0.006049, block_size=3
  SSC-Block-TV-Col21 trial 32: mean ARI=0.7888  n=480  199.7s  lambda_e=0.3064, lambda_z=0.02111, gamma_q=0.001973, block_size=2
  SSC-Block-TV-Col21 trial 33: mean ARI=0.7924  n=480  199.6s  lambda_e=0.098, lambda_z=0.01635, gamma_q=0.002008, block_size=2
  SSC-Block-TV-Col21 trial 34: mean ARI=0.7462  n=480  200.3s  lambda_e=0.09697, lambda_z=0.03354, gamma_q=0.01964, block_size=2
  SSC-Block-TV-Col21 trial 35: mean ARI=0.7933  n=480  201.0s  lambda_e=0.2924, lambda_z=0.01639, gamma_q=0.002266, block_size=2
  SSC-Block-TV-Col21 trial 36: mean ARI=0.7854  n=480  200.4s  lambda_e=0.2885, lambda_z=0.02041, gamma_q=0.006677, block_size=2
  SSC-Block-TV-Col21 trial 37: mean ARI=0.7845  n=480  197.2s  lambda_e=0.03576, lambda_z=0.01518, gamma_q=0.001983, block_size=3
  SSC-Block-TV-Col21 trial 38: mean ARI=0.7422  n=480  200.0s  lambda_e=0.501, lambda_z=0.128, gamma_q=0.004652, block_size=2
  SSC-Block-TV-Col21 trial 39: mean ARI=0.6920  n=480  200.5s  lambda_e=0.2212, lambda_z=0.2427, gamma_q=0.002901, block_size=2
    best mean ARI=0.7933  tune 7788.3s  lambda_e=0.2924, lambda_z=0.01639, gamma_q=0.002266, block_size=2
  wrote /nfs/turbo/umms-minjilab/lpullela/icassp_ssc_tv2/block_ssc_benchmark/cv/params/surveillance/split_k5_sigmas_min30_trials20_params_knownk_cv_ssc_block_tv_col21_k5_sigma0p25_sigma0.25_fold2.json

=== P1E_S1_C1 train[0] k=5  dim=576  frames=249  σ=0.25  fold=2 ===
  SSC-Block-TV-Col21: k_hat=5  ACC=0.7349  NMI=0.8305  ARI=0.6632  0.5s

=== P1E_S1_C1 train[1] k=5  dim=576  frames=212  σ=0.25  fold=2 ===
  SSC-Block-TV-Col21: k_hat=5  ACC=1.0000  NMI=1.0000  ARI=1.0000  0.4s

=== P1E_S1_C1 train[2] k=5  dim=576  frames=242  σ=0.25  fold=2 ===
  SSC-Block-TV-Col21: k_hat=5  ACC=0.6818  NMI=0.7756  ARI=0.5979  0.5s

=== P1E_S1_C1 train[3] k=5  dim=576  frames=268  σ=0.25  fold=2 ===
  SSC-Block-TV-Col21: k_hat=5  ACC=0.5746  NMI=0.7091  ARI=0.4369  0.5s

=== P1E_S1_C2 train[0] k=5  dim=576  frames=231  σ=0.25  fold=2 ===
  SSC-Block-TV-Col21: k_hat=5  ACC=0.9957  NMI=0.9874  ARI=0.9912  0.4s

=== P1E_S1_C2 train[1] k=5  dim=576  frames=188  σ=0.25  fold=2 ===
  SSC-Block-TV-Col21: k_hat=5  ACC=1.0000  NMI=1.0000  ARI=1.0000  0.3s

=== P1E_S1_C2 train[2] k=5  dim=576  frames=199  σ=0.25  fold=2 ===
  SSC-Block-TV-Col21: k_hat=5  ACC=0.7035  NMI=0.8020  ARI=0.6631  0.4s

=== P1E_S1_C2 train[3] k=5  dim=576  frames=215  σ=0.25  fold=2 ===
  SSC-Block-TV-Col21: k_hat=5  ACC=0.9767  NMI=0.9447  ARI=0.9435  0.4s

=== P1E_S1_C3 train[0] k=5  dim=576  frames=98  σ=0.25  fold=2 ===
  SSC-Block-TV-Col21: k_hat=5  ACC=0.9388  NMI=0.8755  ARI=0.8541  0.1s

=== P1E_S1_C3 train[1] k=5  dim=576  frames=93  σ=0.25  fold=2 ===
  SSC-Block-TV-Col21: k_hat=5  ACC=0.9785  NMI=0.9546  ARI=0.9423  0.1s

=== P1E_S1_C3 train[2] k=5  dim=576  frames=87  σ=0.25  fold=2 ===
  SSC-Block-TV-Col21: k_hat=5  ACC=0.9770  NMI=0.9559  ARI=0.9488  0.1s

=== P1E_S1_C3 train[3] k=5  dim=576  frames=107  σ=0.25  fold=2 ===
  SSC-Block-TV-Col21: k_hat=5  ACC=0.9626  NMI=0.9127  ARI=0.9039  0.1s

=== P1E_S2_C1 train[0] k=5  dim=576  frames=268  σ=0.25  fold=2 ===
  SSC-Block-TV-Col21: k_hat=5  ACC=0.8321  NMI=0.7480  ARI=0.6347  0.5s

=== P1E_S2_C1 train[1] k=5  dim=576  frames=250  σ=0.25  fold=2 ===
  SSC-Block-TV-Col21: k_hat=5  ACC=0.9440  NMI=0.9228  ARI=0.8898  0.5s

=== P1E_S2_C1 train[2] k=5  dim=576  frames=232  σ=0.25  fold=2 ===
  SSC-Block-TV-Col21: k_hat=5  ACC=0.5259  NMI=0.7312  ARI=0.5274  0.4s

=== P1E_S2_C1 train[3] k=5  dim=576  frames=241  σ=0.25  fold=2 ===
  SSC-Block-TV-Col21: k_hat=5  ACC=0.8465  NMI=0.8752  ARI=0.7881  0.5s

=== P1E_S2_C2 train[0] k=5  dim=576  frames=223  σ=0.25  fold=2 ===
  SSC-Block-TV-Col21: k_hat=5  ACC=0.9552  NMI=0.9125  ARI=0.8961  0.4s

=== P1E_S2_C2 train[1] k=5  dim=576  frames=196  σ=0.25  fold=2 ===
  SSC-Block-TV-Col21: k_hat=5  ACC=0.9694  NMI=0.9325  ARI=0.9249  0.3s

=== P1E_S2_C2 train[2] k=5  dim=576  frames=192  σ=0.25  fold=2 ===
  SSC-Block-TV-Col21: k_hat=5  ACC=0.7500  NMI=0.7869  ARI=0.6381  0.3s

=== P1E_S2_C2 train[3] k=5  dim=576  frames=212  σ=0.25  fold=2 ===
  SSC-Block-TV-Col21: k_hat=5  ACC=0.9717  NMI=0.9360  ARI=0.9323  0.4s

=== P1E_S2_C3 train[0] k=5  dim=576  frames=173  σ=0.25  fold=2 ===
  SSC-Block-TV-Col21: k_hat=5  ACC=1.0000  NMI=1.0000  ARI=1.0000  0.3s

=== P1E_S2_C3 train[1] k=5  dim=576  frames=156  σ=0.25  fold=2 ===
  SSC-Block-TV-Col21: k_hat=5  ACC=1.0000  NMI=1.0000  ARI=1.0000  0.2s

=== P1E_S2_C3 train[2] k=5  dim=576  frames=160  σ=0.25  fold=2 ===
  SSC-Block-TV-Col21: k_hat=5  ACC=0.9750  NMI=0.9358  ARI=0.9395  0.2s

=== P1E_S2_C3 train[3] k=5  dim=576  frames=154  σ=0.25  fold=2 ===
  SSC-Block-TV-Col21: k_hat=5  ACC=0.9805  NMI=0.9524  ARI=0.9542  0.2s

=== P1E_S3_C1 train[0] k=5  dim=576  frames=258  σ=0.25  fold=2 ===
  SSC-Block-TV-Col21: k_hat=5  ACC=0.6589  NMI=0.7638  ARI=0.5816  0.5s

=== P1E_S3_C1 train[1] k=5  dim=576  frames=237  σ=0.25  fold=2 ===
  SSC-Block-TV-Col21: k_hat=5  ACC=0.8608  NMI=0.8322  ARI=0.7407  0.5s

=== P1E_S3_C1 train[2] k=5  dim=576  frames=250  σ=0.25  fold=2 ===
  SSC-Block-TV-Col21: k_hat=5  ACC=0.5320  NMI=0.6495  ARI=0.4241  0.5s

=== P1E_S3_C1 train[3] k=5  dim=576  frames=237  σ=0.25  fold=2 ===
  SSC-Block-TV-Col21: k_hat=5  ACC=0.9283  NMI=0.8947  ARI=0.8715  0.5s

=== P1E_S3_C2 train[0] k=5  dim=576  frames=232  σ=0.25  fold=2 ===
  SSC-Block-TV-Col21: k_hat=5  ACC=0.9267  NMI=0.8874  ARI=0.8155  0.4s

=== P1E_S3_C2 train[1] k=5  dim=576  frames=204  σ=0.25  fold=2 ===
  SSC-Block-TV-Col21: k_hat=5  ACC=0.9510  NMI=0.8884  ARI=0.8864  0.3s

=== P1E_S3_C2 train[2] k=5  dim=576  frames=222  σ=0.25  fold=2 ===
  SSC-Block-TV-Col21: k_hat=5  ACC=0.5856  NMI=0.7249  ARI=0.4934  0.4s

=== P1E_S3_C2 train[3] k=5  dim=576  frames=188  σ=0.25  fold=2 ===
  SSC-Block-TV-Col21: k_hat=5  ACC=0.9255  NMI=0.8936  ARI=0.8499  0.3s

=== P1E_S3_C3 train[0] k=5  dim=576  frames=170  σ=0.25  fold=2 ===
  SSC-Block-TV-Col21: k_hat=5  ACC=1.0000  NMI=1.0000  ARI=1.0000  0.3s

=== P1E_S3_C3 train[1] k=5  dim=576  frames=150  σ=0.25  fold=2 ===
  SSC-Block-TV-Col21: k_hat=5  ACC=0.9933  NMI=0.9815  ARI=0.9835  0.2s

=== P1E_S3_C3 train[2] k=5  dim=576  frames=167  σ=0.25  fold=2 ===
  SSC-Block-TV-Col21: k_hat=5  ACC=0.7425  NMI=0.8708  ARI=0.7394  0.3s

=== P1E_S3_C3 train[3] k=5  dim=576  frames=168  σ=0.25  fold=2 ===
  SSC-Block-TV-Col21: k_hat=5  ACC=0.9881  NMI=0.9667  ARI=0.9741  0.2s

=== P1E_S4_C1 train[0] k=5  dim=576  frames=231  σ=0.25  fold=2 ===
  SSC-Block-TV-Col21: k_hat=5  ACC=0.7792  NMI=0.8516  ARI=0.6803  0.5s

=== P1E_S4_C1 train[1] k=5  dim=576  frames=248  σ=0.25  fold=2 ===
  SSC-Block-TV-Col21: k_hat=5  ACC=0.9879  NMI=0.9705  ARI=0.9685  0.5s

=== P1E_S4_C1 train[2] k=5  dim=576  frames=248  σ=0.25  fold=2 ===
  SSC-Block-TV-Col21: k_hat=5  ACC=0.6653  NMI=0.7459  ARI=0.5576  0.5s

=== P1E_S4_C1 train[3] k=5  dim=576  frames=217  σ=0.25  fold=2 ===
  SSC-Block-TV-Col21: k_hat=5  ACC=0.7465  NMI=0.7866  ARI=0.6883  0.4s

=== P1E_S4_C2 train[0] k=5  dim=576  frames=201  σ=0.25  fold=2 ===
  SSC-Block-TV-Col21: k_hat=5  ACC=0.9851  NMI=0.9603  ARI=0.9618  0.4s

=== P1E_S4_C2 train[1] k=5  dim=576  frames=193  σ=0.25  fold=2 ===
  SSC-Block-TV-Col21: k_hat=5  ACC=0.9534  NMI=0.9160  ARI=0.9033  0.3s

=== P1E_S4_C2 train[2] k=5  dim=576  frames=223  σ=0.25  fold=2 ===
  SSC-Block-TV-Col21: k_hat=5  ACC=0.7130  NMI=0.8138  ARI=0.6754  0.4s

=== P1E_S4_C2 train[3] k=5  dim=576  frames=198  σ=0.25  fold=2 ===
  SSC-Block-TV-Col21: k_hat=5  ACC=0.8586  NMI=0.8694  ARI=0.7785  0.3s

=== P1E_S4_C3 train[0] k=5  dim=576  frames=132  σ=0.25  fold=2 ===
  SSC-Block-TV-Col21: k_hat=5  ACC=0.9091  NMI=0.8370  ARI=0.7799  0.2s

=== P1E_S4_C3 train[1] k=5  dim=576  frames=152  σ=0.25  fold=2 ===
  SSC-Block-TV-Col21: k_hat=5  ACC=0.9868  NMI=0.9697  ARI=0.9714  0.2s

=== P1E_S4_C3 train[2] k=5  dim=576  frames=141  σ=0.25  fold=2 ===
  SSC-Block-TV-Col21: k_hat=5  ACC=0.9716  NMI=0.9451  ARI=0.9234  0.2s

=== P1E_S4_C3 train[3] k=5  dim=576  frames=147  σ=0.25  fold=2 ===
  SSC-Block-TV-Col21: k_hat=5  ACC=0.7891  NMI=0.8492  ARI=0.7524  0.2s

=== P1L_S1_C1 train[0] k=5  dim=576  frames=289  σ=0.25  fold=2 ===
  SSC-Block-TV-Col21: k_hat=5  ACC=0.7543  NMI=0.8686  ARI=0.7291  0.6s

=== P1L_S1_C1 train[1] k=5  dim=576  frames=265  σ=0.25  fold=2 ===
  SSC-Block-TV-Col21: k_hat=5  ACC=1.0000  NMI=1.0000  ARI=1.0000  0.6s

=== P1L_S1_C1 train[2] k=5  dim=576  frames=239  σ=0.25  fold=2 ===
  SSC-Block-TV-Col21: k_hat=5  ACC=0.9121  NMI=0.9150  ARI=0.8846  0.5s

=== P1L_S1_C1 train[3] k=5  dim=576  frames=285  σ=0.25  fold=2 ===
  SSC-Block-TV-Col21: k_hat=5  ACC=0.7614  NMI=0.8657  ARI=0.7278  0.6s

=== P1L_S1_C2 train[0] k=5  dim=576  frames=286  σ=0.25  fold=2 ===
  SSC-Block-TV-Col21: k_hat=5  ACC=0.9021  NMI=0.8922  ARI=0.8059  0.6s

=== P1L_S1_C2 train[1] k=5  dim=576  frames=236  σ=0.25  fold=2 ===
  SSC-Block-TV-Col21: k_hat=5  ACC=0.8686  NMI=0.8733  ARI=0.7470  0.4s

=== P1L_S1_C2 train[2] k=5  dim=576  frames=260  σ=0.25  fold=2 ===
  SSC-Block-TV-Col21: k_hat=5  ACC=0.6115  NMI=0.7587  ARI=0.5687  0.5s

=== P1L_S1_C2 train[3] k=5  dim=576  frames=270  σ=0.25  fold=2 ===
  SSC-Block-TV-Col21: k_hat=5  ACC=0.6407  NMI=0.7270  ARI=0.4855  0.6s

=== P1L_S1_C3 train[0] k=5  dim=576  frames=108  σ=0.25  fold=2 ===
  SSC-Block-TV-Col21: k_hat=5  ACC=0.6389  NMI=0.7450  ARI=0.5147  0.1s

=== P1L_S1_C3 train[1] k=5  dim=576  frames=115  σ=0.25  fold=2 ===
  SSC-Block-TV-Col21: k_hat=5  ACC=0.7304  NMI=0.8548  ARI=0.6715  0.2s

=== P1L_S1_C3 train[2] k=5  dim=576  frames=101  σ=0.25  fold=2 ===
  SSC-Block-TV-Col21: k_hat=5  ACC=0.7921  NMI=0.7659  ARI=0.6177  0.1s

=== P1L_S1_C3 train[3] k=5  dim=576  frames=124  σ=0.25  fold=2 ===
  SSC-Block-TV-Col21: k_hat=5  ACC=0.9919  NMI=0.9784  ARI=0.9780  0.2s

=== P1L_S2_C1 train[0] k=5  dim=576  frames=348  σ=0.25  fold=2 ===
  SSC-Block-TV-Col21: k_hat=5  ACC=0.7385  NMI=0.7667  ARI=0.6031  0.8s

=== P1L_S2_C1 train[1] k=5  dim=576  frames=281  σ=0.25  fold=2 ===
  SSC-Block-TV-Col21: k_hat=5  ACC=0.9253  NMI=0.9021  ARI=0.8382  0.6s

=== P1L_S2_C1 train[2] k=5  dim=576  frames=275  σ=0.25  fold=2 ===
  SSC-Block-TV-Col21: k_hat=5  ACC=0.9018  NMI=0.9077  ARI=0.8561  0.6s

=== P1L_S2_C1 train[3] k=5  dim=576  frames=265  σ=0.25  fold=2 ===
  SSC-Block-TV-Col21: k_hat=5  ACC=0.7962  NMI=0.8736  ARI=0.7660  0.6s

=== P1L_S2_C2 train[0] k=5  dim=576  frames=300  σ=0.25  fold=2 ===
  SSC-Block-TV-Col21: k_hat=5  ACC=0.8133  NMI=0.7605  ARI=0.5672  0.7s

=== P1L_S2_C2 train[1] k=5  dim=576  frames=256  σ=0.25  fold=2 ===
  SSC-Block-TV-Col21: k_hat=5  ACC=1.0000  NMI=1.0000  ARI=1.0000  0.6s

=== P1L_S2_C2 train[2] k=5  dim=576  frames=301  σ=0.25  fold=2 ===
  SSC-Block-TV-Col21: k_hat=5  ACC=0.7243  NMI=0.8444  ARI=0.6975  0.7s

=== P1L_S2_C2 train[3] k=5  dim=576  frames=222  σ=0.25  fold=2 ===
  SSC-Block-TV-Col21: k_hat=5  ACC=1.0000  NMI=1.0000  ARI=1.0000  0.4s

=== P1L_S2_C3 train[0] k=5  dim=576  frames=191  σ=0.25  fold=2 ===
  SSC-Block-TV-Col21: k_hat=5  ACC=0.8482  NMI=0.8534  ARI=0.6882  0.3s

=== P1L_S2_C3 train[1] k=5  dim=576  frames=159  σ=0.25  fold=2 ===
  SSC-Block-TV-Col21: k_hat=5  ACC=0.9937  NMI=0.9825  ARI=0.9849  0.3s

=== P1L_S2_C3 train[2] k=5  dim=576  frames=175  σ=0.25  fold=2 ===
  SSC-Block-TV-Col21: k_hat=5  ACC=0.8229  NMI=0.8073  ARI=0.6798  0.3s

=== P1L_S2_C3 train[3] k=5  dim=576  frames=179  σ=0.25  fold=2 ===
  SSC-Block-TV-Col21: k_hat=5  ACC=0.9832  NMI=0.9647  ARI=0.9646  0.3s

=== P1L_S3_C1 train[0] k=5  dim=576  frames=246  σ=0.25  fold=2 ===
  SSC-Block-TV-Col21: k_hat=5  ACC=0.7724  NMI=0.8376  ARI=0.6650  0.5s

=== P1L_S3_C1 train[1] k=5  dim=576  frames=289  σ=0.25  fold=2 ===
  SSC-Block-TV-Col21: k_hat=5  ACC=0.8028  NMI=0.8593  ARI=0.7702  0.6s

=== P1L_S3_C1 train[2] k=5  dim=576  frames=312  σ=0.25  fold=2 ===
  SSC-Block-TV-Col21: k_hat=5  ACC=0.7564  NMI=0.7824  ARI=0.6158  0.7s

=== P1L_S3_C1 train[3] k=5  dim=576  frames=241  σ=0.25  fold=2 ===
  SSC-Block-TV-Col21: k_hat=5  ACC=0.8174  NMI=0.8051  ARI=0.6702  0.5s

=== P1L_S3_C2 train[0] k=5  dim=576  frames=262  σ=0.25  fold=2 ===
  SSC-Block-TV-Col21: k_hat=5  ACC=0.9351  NMI=0.8890  ARI=0.8518  0.5s

=== P1L_S3_C2 train[1] k=5  dim=576  frames=287  σ=0.25  fold=2 ===
  SSC-Block-TV-Col21: k_hat=5  ACC=0.9965  NMI=0.9889  ARI=0.9909  0.6s

=== P1L_S3_C2 train[2] k=5  dim=576  frames=329  σ=0.25  fold=2 ===
  SSC-Block-TV-Col21: k_hat=5  ACC=0.6413  NMI=0.7580  ARI=0.5708  0.8s

=== P1L_S3_C2 train[3] k=5  dim=576  frames=290  σ=0.25  fold=2 ===
  SSC-Block-TV-Col21: k_hat=5  ACC=0.6828  NMI=0.8326  ARI=0.6475  0.6s

=== P1L_S3_C3 train[0] k=5  dim=576  frames=231  σ=0.25  fold=2 ===
  SSC-Block-TV-Col21: k_hat=5  ACC=0.9351  NMI=0.9018  ARI=0.8265  0.5s

=== P1L_S3_C3 train[1] k=5  dim=576  frames=210  σ=0.25  fold=2 ===
  SSC-Block-TV-Col21: k_hat=5  ACC=0.9619  NMI=0.9345  ARI=0.9041  0.4s

=== P1L_S3_C3 train[2] k=5  dim=576  frames=210  σ=0.25  fold=2 ===
  SSC-Block-TV-Col21: k_hat=5  ACC=0.8048  NMI=0.7851  ARI=0.6376  0.4s

=== P1L_S3_C3 train[3] k=5  dim=576  frames=229  σ=0.25  fold=2 ===
  SSC-Block-TV-Col21: k_hat=5  ACC=0.9913  NMI=0.9734  ARI=0.9789  0.4s

=== P1L_S4_C1 train[0] k=5  dim=576  frames=313  σ=0.25  fold=2 ===
  SSC-Block-TV-Col21: k_hat=5  ACC=0.7827  NMI=0.8364  ARI=0.7516  0.7s

=== P1L_S4_C1 train[1] k=5  dim=576  frames=255  σ=0.25  fold=2 ===
  SSC-Block-TV-Col21: k_hat=5  ACC=0.9882  NMI=0.9698  ARI=0.9652  0.5s

=== P1L_S4_C1 train[2] k=5  dim=576  frames=278  σ=0.25  fold=2 ===
  SSC-Block-TV-Col21: k_hat=5  ACC=0.7878  NMI=0.8728  ARI=0.7405  0.6s

=== P1L_S4_C1 train[3] k=5  dim=576  frames=344  σ=0.25  fold=2 ===
  SSC-Block-TV-Col21: k_hat=5  ACC=1.0000  NMI=1.0000  ARI=1.0000  0.8s

=== P1L_S4_C2 train[0] k=5  dim=576  frames=267  σ=0.25  fold=2 ===
  SSC-Block-TV-Col21: k_hat=5  ACC=0.8202  NMI=0.7856  ARI=0.6198  0.6s

=== P1L_S4_C2 train[1] k=5  dim=576  frames=257  σ=0.25  fold=2 ===
  SSC-Block-TV-Col21: k_hat=5  ACC=1.0000  NMI=1.0000  ARI=1.0000  0.5s

=== P1L_S4_C2 train[2] k=5  dim=576  frames=258  σ=0.25  fold=2 ===
  SSC-Block-TV-Col21: k_hat=5  ACC=0.7016  NMI=0.8551  ARI=0.6854  0.5s

=== P1L_S4_C2 train[3] k=5  dim=576  frames=266  σ=0.25  fold=2 ===
  SSC-Block-TV-Col21: k_hat=5  ACC=0.9925  NMI=0.9807  ARI=0.9847  0.5s

=== P1L_S4_C3 train[0] k=5  dim=576  frames=180  σ=0.25  fold=2 ===
  SSC-Block-TV-Col21: k_hat=5  ACC=0.7833  NMI=0.7784  ARI=0.5940  0.3s

=== P1L_S4_C3 train[1] k=5  dim=576  frames=158  σ=0.25  fold=2 ===
  SSC-Block-TV-Col21: k_hat=5  ACC=1.0000  NMI=1.0000  ARI=1.0000  0.2s

=== P1L_S4_C3 train[2] k=5  dim=576  frames=169  σ=0.25  fold=2 ===
  SSC-Block-TV-Col21: k_hat=5  ACC=0.7751  NMI=0.7791  ARI=0.6141  0.3s

=== P1L_S4_C3 train[3] k=5  dim=576  frames=185  σ=0.25  fold=2 ===
  SSC-Block-TV-Col21: k_hat=5  ACC=0.9892  NMI=0.9741  ARI=0.9749  0.3s

=== P1E_S1_C1 test[0] k=5  dim=576  frames=265  σ=0.25  fold=2 ===
  SSC-Block-TV-Col21: k_hat=5  ACC=0.4943  NMI=0.6913  ARI=0.3996  0.6s

=== P1E_S1_C2 test[0] k=5  dim=576  frames=198  σ=0.25  fold=2 ===
  SSC-Block-TV-Col21: k_hat=5  ACC=0.9495  NMI=0.9275  ARI=0.8999  0.3s

=== P1E_S1_C3 test[0] k=5  dim=576  frames=68  σ=0.25  fold=2 ===
  SSC-Block-TV-Col21: k_hat=5  ACC=0.5882  NMI=0.6222  ARI=0.3811  0.1s

=== P1E_S2_C1 test[0] k=5  dim=576  frames=265  σ=0.25  fold=2 ===
  SSC-Block-TV-Col21: k_hat=5  ACC=0.5208  NMI=0.6936  ARI=0.4313  0.5s

=== P1E_S2_C2 test[0] k=5  dim=576  frames=219  σ=0.25  fold=2 ===
  SSC-Block-TV-Col21: k_hat=5  ACC=0.9589  NMI=0.9196  ARI=0.9019  0.4s

=== P1E_S2_C3 test[0] k=5  dim=576  frames=173  σ=0.25  fold=2 ===
  SSC-Block-TV-Col21: k_hat=5  ACC=0.9653  NMI=0.9191  ARI=0.9166  0.3s

=== P1E_S3_C1 test[0] k=5  dim=576  frames=273  σ=0.25  fold=2 ===
  SSC-Block-TV-Col21: k_hat=5  ACC=0.5275  NMI=0.6633  ARI=0.3724  0.6s

=== P1E_S3_C2 test[0] k=5  dim=576  frames=280  σ=0.25  fold=2 ===
  SSC-Block-TV-Col21: k_hat=5  ACC=0.5786  NMI=0.6780  ARI=0.4446  0.6s

=== P1E_S3_C3 test[0] k=5  dim=576  frames=211  σ=0.25  fold=2 ===
  SSC-Block-TV-Col21: k_hat=5  ACC=0.7393  NMI=0.8374  ARI=0.6914  0.4s

=== P1E_S4_C1 test[0] k=5  dim=576  frames=303  σ=0.25  fold=2 ===
  SSC-Block-TV-Col21: k_hat=5  ACC=0.7360  NMI=0.8564  ARI=0.6881  0.7s

=== P1E_S4_C2 test[0] k=5  dim=576  frames=236  σ=0.25  fold=2 ===
  SSC-Block-TV-Col21: k_hat=5  ACC=0.9958  NMI=0.9869  ARI=0.9887  0.4s

=== P1E_S4_C3 test[0] k=5  dim=576  frames=147  σ=0.25  fold=2 ===
  SSC-Block-TV-Col21: k_hat=5  ACC=0.8435  NMI=0.8205  ARI=0.7358  0.2s

=== P1L_S1_C1 test[0] k=5  dim=576  frames=313  σ=0.25  fold=2 ===
  SSC-Block-TV-Col21: k_hat=5  ACC=0.8307  NMI=0.8741  ARI=0.7477  0.7s

=== P1L_S1_C2 test[0] k=5  dim=576  frames=257  σ=0.25  fold=2 ===
  SSC-Block-TV-Col21: k_hat=5  ACC=0.7626  NMI=0.7471  ARI=0.5770  0.5s

=== P1L_S1_C3 test[0] k=5  dim=576  frames=117  σ=0.25  fold=2 ===
  SSC-Block-TV-Col21: k_hat=5  ACC=0.7009  NMI=0.7418  ARI=0.5087  0.2s

=== P1L_S2_C1 test[0] k=5  dim=576  frames=301  σ=0.25  fold=2 ===
  SSC-Block-TV-Col21: k_hat=5  ACC=0.6545  NMI=0.7322  ARI=0.5154  0.7s

=== P1L_S2_C2 test[0] k=5  dim=576  frames=314  σ=0.25  fold=2 ===
  SSC-Block-TV-Col21: k_hat=5  ACC=0.9108  NMI=0.8842  ARI=0.7992  0.7s

=== P1L_S2_C3 test[0] k=5  dim=576  frames=193  σ=0.25  fold=2 ===
  SSC-Block-TV-Col21: k_hat=5  ACC=0.9016  NMI=0.8879  ARI=0.7894  0.3s

=== P1L_S3_C1 test[0] k=5  dim=576  frames=241  σ=0.25  fold=2 ===
  SSC-Block-TV-Col21: k_hat=5  ACC=0.9336  NMI=0.8577  ARI=0.8446  0.5s

=== P1L_S3_C2 test[0] k=5  dim=576  frames=304  σ=0.25  fold=2 ===
  SSC-Block-TV-Col21: k_hat=5  ACC=0.5033  NMI=0.6321  ARI=0.3767  0.6s

=== P1L_S3_C3 test[0] k=5  dim=576  frames=225  σ=0.25  fold=2 ===
  SSC-Block-TV-Col21: k_hat=5  ACC=0.8089  NMI=0.7843  ARI=0.6241  0.4s

=== P1L_S4_C1 test[0] k=5  dim=576  frames=253  σ=0.25  fold=2 ===
  SSC-Block-TV-Col21: k_hat=5  ACC=0.9605  NMI=0.9243  ARI=0.8993  0.5s

=== P1L_S4_C2 test[0] k=5  dim=576  frames=279  σ=0.25  fold=2 ===
  SSC-Block-TV-Col21: k_hat=5  ACC=0.9462  NMI=0.9019  ARI=0.8899  0.6s

=== P1L_S4_C3 test[0] k=5  dim=576  frames=188  σ=0.25  fold=2 ===
  SSC-Block-TV-Col21: k_hat=5  ACC=0.6543  NMI=0.7686  ARI=0.5933  0.3s
  tune_pool_groups=20: sampling from 20 held-in people (overlap allowed) instead of the 4 fixed partition group(s)

============================================================
σ=0.25 fold=3  test=['0007', '0010', '0015', '0016', '0021']  train mats=96  test mats=24  tune mats=480
  --- tune SSC-Block-TV-Col21 over 480 train mats  n_trials=40 (4 params) ---
  SSC-Block-TV-Col21 trial 0: mean ARI=0.5154  n=480  193.3s  lambda_e=1, lambda_z=0.1, gamma_q=0.1, block_size=5
  SSC-Block-TV-Col21 trial 1: mean ARI=0.4398  n=480  184.1s  lambda_e=0.443, lambda_z=0.7257, gamma_q=0.2577, block_size=7
  SSC-Block-TV-Col21 trial 2: mean ARI=0.5270  n=480  188.2s  lambda_e=0.1866, lambda_z=0.3833, gamma_q=0.05628, block_size=11
  SSC-Block-TV-Col21 trial 3: mean ARI=0.4468  n=480  189.6s  lambda_e=7.78, lambda_z=0.03418, gamma_q=1.469, block_size=7
  SSC-Block-TV-Col21 trial 4: mean ARI=0.5919  n=480  199.2s  lambda_e=0.506, lambda_z=5.039, gamma_q=0.001924, block_size=2
  SSC-Block-TV-Col21 trial 5: mean ARI=0.3700  n=480  185.7s  lambda_e=0.0115, lambda_z=2.14, gamma_q=1.296, block_size=11
  SSC-Block-TV-Col21 trial 6: mean ARI=0.4659  n=480  188.8s  lambda_e=8.627, lambda_z=1.573, gamma_q=0.07013, block_size=10
  SSC-Block-TV-Col21 trial 7: mean ARI=0.7243  n=480  190.2s  lambda_e=0.02264, lambda_z=0.3628, gamma_q=0.003745, block_size=12
  SSC-Block-TV-Col21 trial 8: mean ARI=0.7265  n=480  190.2s  lambda_e=0.3677, lambda_z=0.04557, gamma_q=0.01143, block_size=10
  SSC-Block-TV-Col21 trial 9: mean ARI=0.6202  n=480  189.8s  lambda_e=0.2336, lambda_z=0.1878, gamma_q=0.001189, block_size=8
  SSC-Block-TV-Col21 trial 10: mean ARI=0.5137  n=480  202.0s  lambda_e=0.0543, lambda_z=0.001491, gamma_q=6.473, block_size=2
  SSC-Block-TV-Col21 trial 11: mean ARI=0.6987  n=480  188.3s  lambda_e=0.01211, lambda_z=0.01492, gamma_q=0.01117, block_size=12
  SSC-Block-TV-Col21 trial 12: mean ARI=0.7402  n=480  191.5s  lambda_e=0.05731, lambda_z=0.01131, gamma_q=0.007917, block_size=9
  SSC-Block-TV-Col21 trial 13: mean ARI=0.5695  n=480  191.8s  lambda_e=0.07177, lambda_z=0.004714, gamma_q=0.01396, block_size=9
  SSC-Block-TV-Col21 trial 14: mean ARI=0.7731  n=480  193.3s  lambda_e=2.421, lambda_z=0.02548, gamma_q=0.01064, block_size=5
  SSC-Block-TV-Col21 trial 15: mean ARI=0.7749  n=480  195.8s  lambda_e=2.404, lambda_z=0.008194, gamma_q=0.00518, block_size=4
  SSC-Block-TV-Col21 trial 16: mean ARI=0.4911  n=480  194.4s  lambda_e=2.735, lambda_z=0.001067, gamma_q=0.03828, block_size=4
  SSC-Block-TV-Col21 trial 17: mean ARI=0.7505  n=480  193.9s  lambda_e=2.27, lambda_z=0.004288, gamma_q=0.003898, block_size=4
  SSC-Block-TV-Col21 trial 18: mean ARI=0.6214  n=480  183.2s  lambda_e=2.414, lambda_z=0.02044, gamma_q=0.02783, block_size=5
  SSC-Block-TV-Col21 trial 19: mean ARI=0.4944  n=480  190.2s  lambda_e=1.385, lambda_z=0.004347, gamma_q=0.2784, block_size=6
  SSC-Block-TV-Col21 trial 20: mean ARI=0.7485  n=480  198.6s  lambda_e=4.099, lambda_z=0.07692, gamma_q=0.003455, block_size=3
  SSC-Block-TV-Col21 trial 21: mean ARI=0.7723  n=480  193.4s  lambda_e=0.9921, lambda_z=0.007241, gamma_q=0.004749, block_size=4
  SSC-Block-TV-Col21 trial 22: mean ARI=0.8171  n=480  193.4s  lambda_e=0.7484, lambda_z=0.007954, gamma_q=0.001029, block_size=4
  SSC-Block-TV-Col21 trial 23: mean ARI=0.7772  n=480  192.0s  lambda_e=4.085, lambda_z=0.002198, gamma_q=0.001082, block_size=5
  SSC-Block-TV-Col21 trial 24: mean ARI=0.7711  n=480  196.4s  lambda_e=5.053, lambda_z=0.002183, gamma_q=0.001194, block_size=3
  SSC-Block-TV-Col21 trial 25: mean ARI=0.7527  n=480  193.0s  lambda_e=0.8393, lambda_z=0.002501, gamma_q=0.002201, block_size=6
  SSC-Block-TV-Col21 trial 26: mean ARI=0.8179  n=480  198.7s  lambda_e=4.473, lambda_z=0.008303, gamma_q=0.001033, block_size=3
  SSC-Block-TV-Col21 trial 27: mean ARI=0.7850  n=480  196.5s  lambda_e=4.385, lambda_z=0.002622, gamma_q=0.001226, block_size=3
  SSC-Block-TV-Col21 trial 28: mean ARI=0.8150  n=480  188.6s  lambda_e=5.563, lambda_z=0.01315, gamma_q=0.001883, block_size=3
  SSC-Block-TV-Col21 trial 29: mean ARI=0.7997  n=480  197.3s  lambda_e=9.595, lambda_z=0.05158, gamma_q=0.002258, block_size=2
  SSC-Block-TV-Col21 trial 30: mean ARI=0.8137  n=480  195.2s  lambda_e=1.447, lambda_z=0.01655, gamma_q=0.002401, block_size=3
  SSC-Block-TV-Col21 trial 31: mean ARI=0.8129  n=480  197.3s  lambda_e=1.248, lambda_z=0.01664, gamma_q=0.002072, block_size=3
  SSC-Block-TV-Col21 trial 32: mean ARI=0.7382  n=480  190.9s  lambda_e=0.5941, lambda_z=0.107, gamma_q=0.002374, block_size=3
  SSC-Block-TV-Col21 trial 33: mean ARI=0.7532  n=480  201.4s  lambda_e=1.758, lambda_z=0.007015, gamma_q=0.006668, block_size=2
  SSC-Block-TV-Col21 trial 34: mean ARI=0.6206  n=480  193.7s  lambda_e=5.387, lambda_z=0.01124, gamma_q=0.01964, block_size=4
  SSC-Block-TV-Col21 trial 35: mean ARI=0.7826  n=480  190.9s  lambda_e=0.7225, lambda_z=0.03096, gamma_q=0.0017, block_size=6
  SSC-Block-TV-Col21 trial 36: mean ARI=0.6906  n=480  192.2s  lambda_e=0.2885, lambda_z=0.1143, gamma_q=0.00324, block_size=5
  SSC-Block-TV-Col21 trial 37: mean ARI=0.7913  n=480  202.4s  lambda_e=6.264, lambda_z=0.05169, gamma_q=0.006598, block_size=2
  SSC-Block-TV-Col21 trial 38: mean ARI=0.8166  n=480  197.9s  lambda_e=1.623, lambda_z=0.005035, gamma_q=0.001005, block_size=3
  SSC-Block-TV-Col21 trial 39: mean ARI=0.8095  n=480  195.6s  lambda_e=0.1333, lambda_z=0.004109, gamma_q=0.001033, block_size=4
    best mean ARI=0.8179  tune 7729.1s  lambda_e=4.473, lambda_z=0.008303, gamma_q=0.001033, block_size=3
  wrote /nfs/turbo/umms-minjilab/lpullela/icassp_ssc_tv2/block_ssc_benchmark/cv/params/surveillance/split_k5_sigmas_min30_trials20_params_knownk_cv_ssc_block_tv_col21_k5_sigma0p25_sigma0.25_fold3.json

=== P1E_S1_C1 train[0] k=5  dim=576  frames=249  σ=0.25  fold=3 ===
  SSC-Block-TV-Col21: k_hat=5  ACC=0.7349  NMI=0.8305  ARI=0.6632  0.5s

=== P1E_S1_C1 train[1] k=5  dim=576  frames=212  σ=0.25  fold=3 ===
  SSC-Block-TV-Col21: k_hat=5  ACC=0.9953  NMI=0.9861  ARI=0.9888  0.4s

=== P1E_S1_C1 train[2] k=5  dim=576  frames=265  σ=0.25  fold=3 ===
  SSC-Block-TV-Col21: k_hat=5  ACC=0.4943  NMI=0.6913  ARI=0.3996  0.5s

=== P1E_S1_C1 train[3] k=5  dim=576  frames=268  σ=0.25  fold=3 ===
  SSC-Block-TV-Col21: k_hat=5  ACC=0.5709  NMI=0.7076  ARI=0.4341  0.5s

=== P1E_S1_C2 train[0] k=5  dim=576  frames=231  σ=0.25  fold=3 ===
  SSC-Block-TV-Col21: k_hat=5  ACC=0.9957  NMI=0.9874  ARI=0.9912  0.5s

=== P1E_S1_C2 train[1] k=5  dim=576  frames=188  σ=0.25  fold=3 ===
  SSC-Block-TV-Col21: k_hat=5  ACC=1.0000  NMI=1.0000  ARI=1.0000  0.3s

=== P1E_S1_C2 train[2] k=5  dim=576  frames=198  σ=0.25  fold=3 ===
  SSC-Block-TV-Col21: k_hat=5  ACC=0.7172  NMI=0.8100  ARI=0.6652  0.3s

=== P1E_S1_C2 train[3] k=5  dim=576  frames=215  σ=0.25  fold=3 ===
  SSC-Block-TV-Col21: k_hat=5  ACC=0.9814  NMI=0.9530  ARI=0.9548  0.4s

=== P1E_S1_C3 train[0] k=5  dim=576  frames=98  σ=0.25  fold=3 ===
  SSC-Block-TV-Col21: k_hat=5  ACC=0.8265  NMI=0.8582  ARI=0.7924  0.1s

=== P1E_S1_C3 train[1] k=5  dim=576  frames=93  σ=0.25  fold=3 ===
  SSC-Block-TV-Col21: k_hat=5  ACC=0.9785  NMI=0.9546  ARI=0.9423  0.1s

=== P1E_S1_C3 train[2] k=5  dim=576  frames=68  σ=0.25  fold=3 ===
  SSC-Block-TV-Col21: k_hat=5  ACC=0.5735  NMI=0.5773  ARI=0.3585  0.1s

=== P1E_S1_C3 train[3] k=5  dim=576  frames=107  σ=0.25  fold=3 ===
  SSC-Block-TV-Col21: k_hat=5  ACC=0.9626  NMI=0.9127  ARI=0.9039  0.1s

=== P1E_S2_C1 train[0] k=5  dim=576  frames=268  σ=0.25  fold=3 ===
  SSC-Block-TV-Col21: k_hat=5  ACC=0.8582  NMI=0.7736  ARI=0.6915  0.5s

=== P1E_S2_C1 train[1] k=5  dim=576  frames=250  σ=0.25  fold=3 ===
  SSC-Block-TV-Col21: k_hat=5  ACC=0.9960  NMI=0.9879  ARI=0.9907  0.5s

=== P1E_S2_C1 train[2] k=5  dim=576  frames=265  σ=0.25  fold=3 ===
  SSC-Block-TV-Col21: k_hat=5  ACC=0.5208  NMI=0.6936  ARI=0.4313  0.5s

=== P1E_S2_C1 train[3] k=5  dim=576  frames=241  σ=0.25  fold=3 ===
  SSC-Block-TV-Col21: k_hat=5  ACC=0.8465  NMI=0.8752  ARI=0.7881  0.5s

=== P1E_S2_C2 train[0] k=5  dim=576  frames=223  σ=0.25  fold=3 ===
  SSC-Block-TV-Col21: k_hat=5  ACC=0.9552  NMI=0.9125  ARI=0.8961  0.4s

=== P1E_S2_C2 train[1] k=5  dim=576  frames=196  σ=0.25  fold=3 ===
  SSC-Block-TV-Col21: k_hat=5  ACC=0.9847  NMI=0.9598  ARI=0.9622  0.3s

=== P1E_S2_C2 train[2] k=5  dim=576  frames=219  σ=0.25  fold=3 ===
  SSC-Block-TV-Col21: k_hat=5  ACC=0.9589  NMI=0.9196  ARI=0.9019  0.4s

=== P1E_S2_C2 train[3] k=5  dim=576  frames=212  σ=0.25  fold=3 ===
  SSC-Block-TV-Col21: k_hat=5  ACC=0.9717  NMI=0.9370  ARI=0.9327  0.4s

=== P1E_S2_C3 train[0] k=5  dim=576  frames=173  σ=0.25  fold=3 ===
  SSC-Block-TV-Col21: k_hat=5  ACC=1.0000  NMI=1.0000  ARI=1.0000  0.3s

=== P1E_S2_C3 train[1] k=5  dim=576  frames=156  σ=0.25  fold=3 ===
  SSC-Block-TV-Col21: k_hat=5  ACC=1.0000  NMI=1.0000  ARI=1.0000  0.2s

=== P1E_S2_C3 train[2] k=5  dim=576  frames=173  σ=0.25  fold=3 ===
  SSC-Block-TV-Col21: k_hat=5  ACC=0.9075  NMI=0.8474  ARI=0.7895  0.3s

=== P1E_S2_C3 train[3] k=5  dim=576  frames=154  σ=0.25  fold=3 ===
  SSC-Block-TV-Col21: k_hat=5  ACC=0.9740  NMI=0.9398  ARI=0.9378  0.2s

=== P1E_S3_C1 train[0] k=5  dim=576  frames=258  σ=0.25  fold=3 ===
  SSC-Block-TV-Col21: k_hat=5  ACC=0.6589  NMI=0.7638  ARI=0.5816  0.5s

=== P1E_S3_C1 train[1] k=5  dim=576  frames=237  σ=0.25  fold=3 ===
  SSC-Block-TV-Col21: k_hat=5  ACC=0.8692  NMI=0.8733  ARI=0.7446  0.5s

=== P1E_S3_C1 train[2] k=5  dim=576  frames=273  σ=0.25  fold=3 ===
  SSC-Block-TV-Col21: k_hat=5  ACC=0.5275  NMI=0.6633  ARI=0.3724  0.6s

=== P1E_S3_C1 train[3] k=5  dim=576  frames=237  σ=0.25  fold=3 ===
  SSC-Block-TV-Col21: k_hat=5  ACC=0.7215  NMI=0.7775  ARI=0.6417  0.5s

=== P1E_S3_C2 train[0] k=5  dim=576  frames=232  σ=0.25  fold=3 ===
  SSC-Block-TV-Col21: k_hat=5  ACC=0.9310  NMI=0.9004  ARI=0.8248  0.4s

=== P1E_S3_C2 train[1] k=5  dim=576  frames=204  σ=0.25  fold=3 ===
  SSC-Block-TV-Col21: k_hat=5  ACC=0.9510  NMI=0.8884  ARI=0.8864  0.3s

=== P1E_S3_C2 train[2] k=5  dim=576  frames=280  σ=0.25  fold=3 ===
  SSC-Block-TV-Col21: k_hat=5  ACC=0.5821  NMI=0.6786  ARI=0.4461  0.6s

=== P1E_S3_C2 train[3] k=5  dim=576  frames=188  σ=0.25  fold=3 ===
  SSC-Block-TV-Col21: k_hat=5  ACC=0.9255  NMI=0.8936  ARI=0.8499  0.3s

=== P1E_S3_C3 train[0] k=5  dim=576  frames=170  σ=0.25  fold=3 ===
  SSC-Block-TV-Col21: k_hat=5  ACC=1.0000  NMI=1.0000  ARI=1.0000  0.3s

=== P1E_S3_C3 train[1] k=5  dim=576  frames=150  σ=0.25  fold=3 ===
  SSC-Block-TV-Col21: k_hat=5  ACC=0.9933  NMI=0.9815  ARI=0.9835  0.2s

=== P1E_S3_C3 train[2] k=5  dim=576  frames=211  σ=0.25  fold=3 ===
  SSC-Block-TV-Col21: k_hat=5  ACC=0.7393  NMI=0.8374  ARI=0.6914  0.4s

=== P1E_S3_C3 train[3] k=5  dim=576  frames=168  σ=0.25  fold=3 ===
  SSC-Block-TV-Col21: k_hat=5  ACC=0.9881  NMI=0.9667  ARI=0.9741  0.3s

=== P1E_S4_C1 train[0] k=5  dim=576  frames=231  σ=0.25  fold=3 ===
  SSC-Block-TV-Col21: k_hat=5  ACC=0.7792  NMI=0.8516  ARI=0.6803  0.4s

=== P1E_S4_C1 train[1] k=5  dim=576  frames=248  σ=0.25  fold=3 ===
  SSC-Block-TV-Col21: k_hat=5  ACC=0.9718  NMI=0.9462  ARI=0.9294  0.5s

=== P1E_S4_C1 train[2] k=5  dim=576  frames=303  σ=0.25  fold=3 ===
  SSC-Block-TV-Col21: k_hat=5  ACC=0.7360  NMI=0.8564  ARI=0.6881  0.7s

=== P1E_S4_C1 train[3] k=5  dim=576  frames=217  σ=0.25  fold=3 ===
  SSC-Block-TV-Col21: k_hat=5  ACC=0.7604  NMI=0.7895  ARI=0.6970  0.4s

=== P1E_S4_C2 train[0] k=5  dim=576  frames=201  σ=0.25  fold=3 ===
  SSC-Block-TV-Col21: k_hat=5  ACC=0.9751  NMI=0.9414  ARI=0.9381  0.4s

=== P1E_S4_C2 train[1] k=5  dim=576  frames=193  σ=0.25  fold=3 ===
  SSC-Block-TV-Col21: k_hat=5  ACC=0.9534  NMI=0.9160  ARI=0.9033  0.3s

=== P1E_S4_C2 train[2] k=5  dim=576  frames=236  σ=0.25  fold=3 ===
  SSC-Block-TV-Col21: k_hat=5  ACC=0.9958  NMI=0.9869  ARI=0.9887  0.4s

=== P1E_S4_C2 train[3] k=5  dim=576  frames=198  σ=0.25  fold=3 ===
  SSC-Block-TV-Col21: k_hat=5  ACC=0.8586  NMI=0.8694  ARI=0.7785  0.3s

=== P1E_S4_C3 train[0] k=5  dim=576  frames=132  σ=0.25  fold=3 ===
  SSC-Block-TV-Col21: k_hat=5  ACC=0.9318  NMI=0.8565  ARI=0.8424  0.2s

=== P1E_S4_C3 train[1] k=5  dim=576  frames=152  σ=0.25  fold=3 ===
  SSC-Block-TV-Col21: k_hat=5  ACC=0.9737  NMI=0.9376  ARI=0.9341  0.2s

=== P1E_S4_C3 train[2] k=5  dim=576  frames=147  σ=0.25  fold=3 ===
  SSC-Block-TV-Col21: k_hat=5  ACC=0.8299  NMI=0.7975  ARI=0.7070  0.2s

=== P1E_S4_C3 train[3] k=5  dim=576  frames=147  σ=0.25  fold=3 ===
  SSC-Block-TV-Col21: k_hat=5  ACC=0.7959  NMI=0.8532  ARI=0.7621  0.2s

=== P1L_S1_C1 train[0] k=5  dim=576  frames=289  σ=0.25  fold=3 ===
  SSC-Block-TV-Col21: k_hat=5  ACC=0.7543  NMI=0.8686  ARI=0.7291  0.6s

=== P1L_S1_C1 train[1] k=5  dim=576  frames=265  σ=0.25  fold=3 ===
  SSC-Block-TV-Col21: k_hat=5  ACC=1.0000  NMI=1.0000  ARI=1.0000  0.5s

=== P1L_S1_C1 train[2] k=5  dim=576  frames=313  σ=0.25  fold=3 ===
  SSC-Block-TV-Col21: k_hat=5  ACC=0.8307  NMI=0.8741  ARI=0.7477  0.7s

=== P1L_S1_C1 train[3] k=5  dim=576  frames=285  σ=0.25  fold=3 ===
  SSC-Block-TV-Col21: k_hat=5  ACC=0.7333  NMI=0.8070  ARI=0.6568  0.6s

=== P1L_S1_C2 train[0] k=5  dim=576  frames=286  σ=0.25  fold=3 ===
  SSC-Block-TV-Col21: k_hat=5  ACC=0.8497  NMI=0.8640  ARI=0.7141  0.6s

=== P1L_S1_C2 train[1] k=5  dim=576  frames=236  σ=0.25  fold=3 ===
  SSC-Block-TV-Col21: k_hat=5  ACC=0.8686  NMI=0.8733  ARI=0.7470  0.4s

=== P1L_S1_C2 train[2] k=5  dim=576  frames=257  σ=0.25  fold=3 ===
  SSC-Block-TV-Col21: k_hat=5  ACC=0.7665  NMI=0.7493  ARI=0.5817  0.5s

=== P1L_S1_C2 train[3] k=5  dim=576  frames=270  σ=0.25  fold=3 ===
  SSC-Block-TV-Col21: k_hat=5  ACC=0.6407  NMI=0.7270  ARI=0.4855  0.6s

=== P1L_S1_C3 train[0] k=5  dim=576  frames=108  σ=0.25  fold=3 ===
  SSC-Block-TV-Col21: k_hat=5  ACC=0.6389  NMI=0.7387  ARI=0.5007  0.1s

=== P1L_S1_C3 train[1] k=5  dim=576  frames=115  σ=0.25  fold=3 ===
  SSC-Block-TV-Col21: k_hat=5  ACC=0.7304  NMI=0.8548  ARI=0.6715  0.2s

=== P1L_S1_C3 train[2] k=5  dim=576  frames=117  σ=0.25  fold=3 ===
  SSC-Block-TV-Col21: k_hat=5  ACC=0.6496  NMI=0.7170  ARI=0.4840  0.2s

=== P1L_S1_C3 train[3] k=5  dim=576  frames=124  σ=0.25  fold=3 ===
  SSC-Block-TV-Col21: k_hat=5  ACC=0.9919  NMI=0.9784  ARI=0.9780  0.2s

=== P1L_S2_C1 train[0] k=5  dim=576  frames=348  σ=0.25  fold=3 ===
  SSC-Block-TV-Col21: k_hat=5  ACC=0.7385  NMI=0.7667  ARI=0.6031  0.8s

=== P1L_S2_C1 train[1] k=5  dim=576  frames=281  σ=0.25  fold=3 ===
  SSC-Block-TV-Col21: k_hat=5  ACC=0.9253  NMI=0.9021  ARI=0.8382  0.6s

=== P1L_S2_C1 train[2] k=5  dim=576  frames=301  σ=0.25  fold=3 ===
  SSC-Block-TV-Col21: k_hat=5  ACC=0.6545  NMI=0.7322  ARI=0.5154  0.7s

=== P1L_S2_C1 train[3] k=5  dim=576  frames=265  σ=0.25  fold=3 ===
  SSC-Block-TV-Col21: k_hat=5  ACC=0.7962  NMI=0.8736  ARI=0.7660  0.5s

=== P1L_S2_C2 train[0] k=5  dim=576  frames=300  σ=0.25  fold=3 ===
  SSC-Block-TV-Col21: k_hat=5  ACC=0.8100  NMI=0.7568  ARI=0.5601  0.6s

=== P1L_S2_C2 train[1] k=5  dim=576  frames=256  σ=0.25  fold=3 ===
  SSC-Block-TV-Col21: k_hat=5  ACC=1.0000  NMI=1.0000  ARI=1.0000  0.5s

=== P1L_S2_C2 train[2] k=5  dim=576  frames=314  σ=0.25  fold=3 ===
  SSC-Block-TV-Col21: k_hat=5  ACC=0.8248  NMI=0.8143  ARI=0.7062  0.7s

=== P1L_S2_C2 train[3] k=5  dim=576  frames=222  σ=0.25  fold=3 ===
  SSC-Block-TV-Col21: k_hat=5  ACC=1.0000  NMI=1.0000  ARI=1.0000  0.4s

=== P1L_S2_C3 train[0] k=5  dim=576  frames=191  σ=0.25  fold=3 ===
  SSC-Block-TV-Col21: k_hat=5  ACC=0.8429  NMI=0.8521  ARI=0.6838  0.3s

=== P1L_S2_C3 train[1] k=5  dim=576  frames=159  σ=0.25  fold=3 ===
  SSC-Block-TV-Col21: k_hat=5  ACC=0.9874  NMI=0.9706  ARI=0.9704  0.3s

=== P1L_S2_C3 train[2] k=5  dim=576  frames=193  σ=0.25  fold=3 ===
  SSC-Block-TV-Col21: k_hat=5  ACC=0.9016  NMI=0.8879  ARI=0.7894  0.3s

=== P1L_S2_C3 train[3] k=5  dim=576  frames=179  σ=0.25  fold=3 ===
  SSC-Block-TV-Col21: k_hat=5  ACC=0.9832  NMI=0.9577  ARI=0.9632  0.3s

=== P1L_S3_C1 train[0] k=5  dim=576  frames=246  σ=0.25  fold=3 ===
  SSC-Block-TV-Col21: k_hat=5  ACC=0.8089  NMI=0.8389  ARI=0.6692  0.5s

=== P1L_S3_C1 train[1] k=5  dim=576  frames=289  σ=0.25  fold=3 ===
  SSC-Block-TV-Col21: k_hat=5  ACC=0.9758  NMI=0.9412  ARI=0.9371  0.6s

=== P1L_S3_C1 train[2] k=5  dim=576  frames=241  σ=0.25  fold=3 ===
  SSC-Block-TV-Col21: k_hat=5  ACC=0.9336  NMI=0.8577  ARI=0.8446  0.5s

=== P1L_S3_C1 train[3] k=5  dim=576  frames=241  σ=0.25  fold=3 ===
  SSC-Block-TV-Col21: k_hat=5  ACC=0.9336  NMI=0.8720  ARI=0.8383  0.5s

=== P1L_S3_C2 train[0] k=5  dim=576  frames=262  σ=0.25  fold=3 ===
  SSC-Block-TV-Col21: k_hat=5  ACC=0.9389  NMI=0.8993  ARI=0.8556  0.5s

=== P1L_S3_C2 train[1] k=5  dim=576  frames=287  σ=0.25  fold=3 ===
  SSC-Block-TV-Col21: k_hat=5  ACC=1.0000  NMI=1.0000  ARI=1.0000  0.6s

=== P1L_S3_C2 train[2] k=5  dim=576  frames=304  σ=0.25  fold=3 ===
  SSC-Block-TV-Col21: k_hat=5  ACC=0.5033  NMI=0.6321  ARI=0.3767  0.6s

=== P1L_S3_C2 train[3] k=5  dim=576  frames=290  σ=0.25  fold=3 ===
  SSC-Block-TV-Col21: k_hat=5  ACC=0.6828  NMI=0.8326  ARI=0.6475  0.6s

=== P1L_S3_C3 train[0] k=5  dim=576  frames=231  σ=0.25  fold=3 ===
  SSC-Block-TV-Col21: k_hat=5  ACC=0.9351  NMI=0.9018  ARI=0.8265  0.4s

=== P1L_S3_C3 train[1] k=5  dim=576  frames=210  σ=0.25  fold=3 ===
  SSC-Block-TV-Col21: k_hat=5  ACC=0.9619  NMI=0.9345  ARI=0.9041  0.4s

=== P1L_S3_C3 train[2] k=5  dim=576  frames=225  σ=0.25  fold=3 ===
  SSC-Block-TV-Col21: k_hat=5  ACC=0.8089  NMI=0.7843  ARI=0.6241  0.4s

=== P1L_S3_C3 train[3] k=5  dim=576  frames=229  σ=0.25  fold=3 ===
  SSC-Block-TV-Col21: k_hat=5  ACC=0.9869  NMI=0.9647  ARI=0.9712  0.4s

=== P1L_S4_C1 train[0] k=5  dim=576  frames=313  σ=0.25  fold=3 ===
  SSC-Block-TV-Col21: k_hat=5  ACC=0.7827  NMI=0.8364  ARI=0.7516  0.7s

=== P1L_S4_C1 train[1] k=5  dim=576  frames=255  σ=0.25  fold=3 ===
  SSC-Block-TV-Col21: k_hat=5  ACC=0.9882  NMI=0.9698  ARI=0.9652  0.5s

=== P1L_S4_C1 train[2] k=5  dim=576  frames=253  σ=0.25  fold=3 ===
  SSC-Block-TV-Col21: k_hat=5  ACC=0.9565  NMI=0.9159  ARI=0.8921  0.5s

=== P1L_S4_C1 train[3] k=5  dim=576  frames=344  σ=0.25  fold=3 ===
  SSC-Block-TV-Col21: k_hat=5  ACC=1.0000  NMI=1.0000  ARI=1.0000  0.8s

=== P1L_S4_C2 train[0] k=5  dim=576  frames=267  σ=0.25  fold=3 ===
  SSC-Block-TV-Col21: k_hat=5  ACC=0.8315  NMI=0.8014  ARI=0.6494  0.6s

=== P1L_S4_C2 train[1] k=5  dim=576  frames=257  σ=0.25  fold=3 ===
  SSC-Block-TV-Col21: k_hat=5  ACC=1.0000  NMI=1.0000  ARI=1.0000  0.5s

=== P1L_S4_C2 train[2] k=5  dim=576  frames=279  σ=0.25  fold=3 ===
  SSC-Block-TV-Col21: k_hat=5  ACC=0.9462  NMI=0.8932  ARI=0.8863  0.6s

=== P1L_S4_C2 train[3] k=5  dim=576  frames=266  σ=0.25  fold=3 ===
  SSC-Block-TV-Col21: k_hat=5  ACC=0.7180  NMI=0.8328  ARI=0.6680  0.5s

=== P1L_S4_C3 train[0] k=5  dim=576  frames=180  σ=0.25  fold=3 ===
  SSC-Block-TV-Col21: k_hat=5  ACC=0.8333  NMI=0.8662  ARI=0.7223  0.3s

=== P1L_S4_C3 train[1] k=5  dim=576  frames=158  σ=0.25  fold=3 ===
  SSC-Block-TV-Col21: k_hat=5  ACC=1.0000  NMI=1.0000  ARI=1.0000  0.2s

=== P1L_S4_C3 train[2] k=5  dim=576  frames=188  σ=0.25  fold=3 ===
  SSC-Block-TV-Col21: k_hat=5  ACC=0.6649  NMI=0.7693  ARI=0.5947  0.3s

=== P1L_S4_C3 train[3] k=5  dim=576  frames=185  σ=0.25  fold=3 ===
  SSC-Block-TV-Col21: k_hat=5  ACC=0.9892  NMI=0.9741  ARI=0.9749  0.3s

=== P1E_S1_C1 test[0] k=5  dim=576  frames=242  σ=0.25  fold=3 ===
  SSC-Block-TV-Col21: k_hat=5  ACC=0.6942  NMI=0.7572  ARI=0.5985  0.5s

=== P1E_S1_C2 test[0] k=5  dim=576  frames=199  σ=0.25  fold=3 ===
  SSC-Block-TV-Col21: k_hat=5  ACC=0.7035  NMI=0.8020  ARI=0.6631  0.3s

=== P1E_S1_C3 test[0] k=5  dim=576  frames=87  σ=0.25  fold=3 ===
  SSC-Block-TV-Col21: k_hat=5  ACC=0.9770  NMI=0.9559  ARI=0.9488  0.1s

=== P1E_S2_C1 test[0] k=5  dim=576  frames=232  σ=0.25  fold=3 ===
  SSC-Block-TV-Col21: k_hat=5  ACC=0.5259  NMI=0.7312  ARI=0.5274  0.4s

=== P1E_S2_C2 test[0] k=5  dim=576  frames=192  σ=0.25  fold=3 ===
  SSC-Block-TV-Col21: k_hat=5  ACC=0.7552  NMI=0.7905  ARI=0.6459  0.3s

=== P1E_S2_C3 test[0] k=5  dim=576  frames=160  σ=0.25  fold=3 ===
  SSC-Block-TV-Col21: k_hat=5  ACC=0.8438  NMI=0.8598  ARI=0.7907  0.2s

=== P1E_S3_C1 test[0] k=5  dim=576  frames=250  σ=0.25  fold=3 ===
  SSC-Block-TV-Col21: k_hat=5  ACC=0.5360  NMI=0.6500  ARI=0.4241  0.5s

=== P1E_S3_C2 test[0] k=5  dim=576  frames=222  σ=0.25  fold=3 ===
  SSC-Block-TV-Col21: k_hat=5  ACC=0.5946  NMI=0.7260  ARI=0.4938  0.4s

=== P1E_S3_C3 test[0] k=5  dim=576  frames=167  σ=0.25  fold=3 ===
  SSC-Block-TV-Col21: k_hat=5  ACC=0.7305  NMI=0.8704  ARI=0.7379  0.3s

=== P1E_S4_C1 test[0] k=5  dim=576  frames=248  σ=0.25  fold=3 ===
  SSC-Block-TV-Col21: k_hat=5  ACC=0.6532  NMI=0.7429  ARI=0.5521  0.5s

=== P1E_S4_C2 test[0] k=5  dim=576  frames=223  σ=0.25  fold=3 ===
  SSC-Block-TV-Col21: k_hat=5  ACC=0.6951  NMI=0.8543  ARI=0.6811  0.4s

=== P1E_S4_C3 test[0] k=5  dim=576  frames=141  σ=0.25  fold=3 ===
  SSC-Block-TV-Col21: k_hat=5  ACC=0.9716  NMI=0.9451  ARI=0.9234  0.2s

=== P1L_S1_C1 test[0] k=5  dim=576  frames=239  σ=0.25  fold=3 ===
  SSC-Block-TV-Col21: k_hat=5  ACC=0.9121  NMI=0.9150  ARI=0.8846  0.5s

=== P1L_S1_C2 test[0] k=5  dim=576  frames=260  σ=0.25  fold=3 ===
  SSC-Block-TV-Col21: k_hat=5  ACC=0.6115  NMI=0.7587  ARI=0.5687  0.5s

=== P1L_S1_C3 test[0] k=5  dim=576  frames=101  σ=0.25  fold=3 ===
  SSC-Block-TV-Col21: k_hat=5  ACC=0.8020  NMI=0.7928  ARI=0.6476  0.1s

=== P1L_S2_C1 test[0] k=5  dim=576  frames=275  σ=0.25  fold=3 ===
  SSC-Block-TV-Col21: k_hat=5  ACC=0.9018  NMI=0.9077  ARI=0.8561  0.6s

=== P1L_S2_C2 test[0] k=5  dim=576  frames=301  σ=0.25  fold=3 ===
  SSC-Block-TV-Col21: k_hat=5  ACC=0.7243  NMI=0.8444  ARI=0.6975  0.7s

=== P1L_S2_C3 test[0] k=5  dim=576  frames=175  σ=0.25  fold=3 ===
  SSC-Block-TV-Col21: k_hat=5  ACC=0.8229  NMI=0.8073  ARI=0.6798  0.3s

=== P1L_S3_C1 test[0] k=5  dim=576  frames=312  σ=0.25  fold=3 ===
  SSC-Block-TV-Col21: k_hat=5  ACC=0.7692  NMI=0.7853  ARI=0.6214  0.7s

=== P1L_S3_C2 test[0] k=5  dim=576  frames=329  σ=0.25  fold=3 ===
  SSC-Block-TV-Col21: k_hat=5  ACC=0.6413  NMI=0.7580  ARI=0.5708  0.8s

=== P1L_S3_C3 test[0] k=5  dim=576  frames=210  σ=0.25  fold=3 ===
  SSC-Block-TV-Col21: k_hat=5  ACC=0.8048  NMI=0.7851  ARI=0.6376  0.4s

=== P1L_S4_C1 test[0] k=5  dim=576  frames=278  σ=0.25  fold=3 ===
  SSC-Block-TV-Col21: k_hat=5  ACC=0.7770  NMI=0.8708  ARI=0.7365  0.6s

=== P1L_S4_C2 test[0] k=5  dim=576  frames=258  σ=0.25  fold=3 ===
  SSC-Block-TV-Col21: k_hat=5  ACC=0.7054  NMI=0.8554  ARI=0.6864  0.5s

=== P1L_S4_C3 test[0] k=5  dim=576  frames=169  σ=0.25  fold=3 ===
  SSC-Block-TV-Col21: k_hat=5  ACC=0.7692  NMI=0.7780  ARI=0.6116  0.3s
  tune_pool_groups=20: sampling from 20 held-in people (overlap allowed) instead of the 4 fixed partition group(s)

============================================================
σ=0.25 fold=4  test=['0003', '0012', '0017', '0018', '0020']  train mats=96  test mats=24  tune mats=480
  --- tune SSC-Block-TV-Col21 over 480 train mats  n_trials=40 (4 params) ---
  SSC-Block-TV-Col21 trial 0: mean ARI=0.4663  n=480  199.4s  lambda_e=1, lambda_z=0.1, gamma_q=0.1, block_size=5
  SSC-Block-TV-Col21 trial 1: mean ARI=0.4063  n=480  196.0s  lambda_e=0.443, lambda_z=0.7257, gamma_q=0.2577, block_size=7
  SSC-Block-TV-Col21 trial 2: mean ARI=0.4788  n=480  194.0s  lambda_e=0.1866, lambda_z=0.3833, gamma_q=0.05628, block_size=11
  SSC-Block-TV-Col21 trial 3: mean ARI=0.4321  n=480  196.4s  lambda_e=7.78, lambda_z=0.03418, gamma_q=1.469, block_size=7
  SSC-Block-TV-Col21 trial 4: mean ARI=0.5676  n=480  209.2s  lambda_e=0.506, lambda_z=5.039, gamma_q=0.001924, block_size=2
  SSC-Block-TV-Col21 trial 5: mean ARI=0.3673  n=480  193.7s  lambda_e=0.0115, lambda_z=2.14, gamma_q=1.296, block_size=11
  SSC-Block-TV-Col21 trial 6: mean ARI=0.4358  n=480  192.9s  lambda_e=8.627, lambda_z=1.573, gamma_q=0.07013, block_size=10
  SSC-Block-TV-Col21 trial 7: mean ARI=0.6278  n=480  192.5s  lambda_e=0.02264, lambda_z=0.3628, gamma_q=0.003745, block_size=12
  SSC-Block-TV-Col21 trial 8: mean ARI=0.6271  n=480  196.2s  lambda_e=0.3677, lambda_z=0.04557, gamma_q=0.01143, block_size=10
  SSC-Block-TV-Col21 trial 9: mean ARI=0.5606  n=480  196.3s  lambda_e=0.2336, lambda_z=0.1878, gamma_q=0.001189, block_size=8
  SSC-Block-TV-Col21 trial 10: mean ARI=0.5090  n=480  209.8s  lambda_e=0.01151, lambda_z=0.001661, gamma_q=6.473, block_size=2
  SSC-Block-TV-Col21 trial 11: mean ARI=0.6169  n=480  197.7s  lambda_e=0.06092, lambda_z=0.01492, gamma_q=0.01117, block_size=12
  SSC-Block-TV-Col21 trial 12: mean ARI=0.6519  n=480  198.5s  lambda_e=0.05731, lambda_z=0.01131, gamma_q=0.007917, block_size=9
  SSC-Block-TV-Col21 trial 13: mean ARI=0.5816  n=480  197.6s  lambda_e=0.04664, lambda_z=0.003515, gamma_q=0.006623, block_size=9
  SSC-Block-TV-Col21 trial 14: mean ARI=0.6313  n=480  197.3s  lambda_e=0.04355, lambda_z=0.005487, gamma_q=0.005404, block_size=12
  SSC-Block-TV-Col21 trial 15: mean ARI=0.5142  n=480  204.3s  lambda_e=0.07339, lambda_z=0.00694, gamma_q=0.01881, block_size=5
  SSC-Block-TV-Col21 trial 16: mean ARI=0.4886  n=480  197.1s  lambda_e=0.1275, lambda_z=0.00104, gamma_q=0.02235, block_size=9
  SSC-Block-TV-Col21 trial 17: mean ARI=0.7106  n=480  198.5s  lambda_e=0.0337, lambda_z=0.01032, gamma_q=0.003898, block_size=5
  SSC-Block-TV-Col21 trial 18: mean ARI=0.7191  n=480  200.2s  lambda_e=1.931, lambda_z=0.02564, gamma_q=0.002482, block_size=4
  SSC-Block-TV-Col21 trial 19: mean ARI=0.7113  n=480  202.3s  lambda_e=3.182, lambda_z=0.03042, gamma_q=0.002027, block_size=4
  SSC-Block-TV-Col21 trial 20: mean ARI=0.7104  n=480  203.9s  lambda_e=2.393, lambda_z=0.03685, gamma_q=0.001001, block_size=3
  SSC-Block-TV-Col21 trial 21: mean ARI=0.7208  n=480  201.4s  lambda_e=2.869, lambda_z=0.02409, gamma_q=0.002683, block_size=4
  SSC-Block-TV-Col21 trial 22: mean ARI=0.6624  n=480  201.6s  lambda_e=3.161, lambda_z=0.07305, gamma_q=0.003361, block_size=4
  SSC-Block-TV-Col21 trial 23: mean ARI=0.7241  n=480  200.2s  lambda_e=2.197, lambda_z=0.01885, gamma_q=0.001776, block_size=4
  SSC-Block-TV-Col21 trial 24: mean ARI=0.7178  n=480  195.5s  lambda_e=1.443, lambda_z=0.02241, gamma_q=0.002376, block_size=6
  SSC-Block-TV-Col21 trial 25: mean ARI=0.5377  n=480  205.0s  lambda_e=0.9609, lambda_z=0.003156, gamma_q=0.0232, block_size=3
  SSC-Block-TV-Col21 trial 26: mean ARI=0.6354  n=480  204.9s  lambda_e=4.909, lambda_z=0.1279, gamma_q=0.001052, block_size=4
  SSC-Block-TV-Col21 trial 27: mean ARI=0.7290  n=480  222.7s  lambda_e=1.74, lambda_z=0.01712, gamma_q=0.002346, block_size=3
  SSC-Block-TV-Col21 trial 28: mean ARI=0.6316  n=480  204.5s  lambda_e=0.7652, lambda_z=0.0573, gamma_q=0.03374, block_size=3
  SSC-Block-TV-Col21 trial 29: mean ARI=0.4237  n=480  196.5s  lambda_e=1.43, lambda_z=0.1064, gamma_q=0.1597, block_size=6
  SSC-Block-TV-Col21 trial 30: mean ARI=0.5184  n=480  198.5s  lambda_e=5.485, lambda_z=0.003211, gamma_q=0.01058, block_size=6
  SSC-Block-TV-Col21 trial 31: mean ARI=0.7205  n=480  200.7s  lambda_e=1.836, lambda_z=0.02306, gamma_q=0.002006, block_size=4
  SSC-Block-TV-Col21 trial 32: mean ARI=0.7274  n=480  202.4s  lambda_e=0.7378, lambda_z=0.01586, gamma_q=0.00182, block_size=3
  SSC-Block-TV-Col21 trial 33: mean ARI=0.7271  n=480  209.0s  lambda_e=0.856, lambda_z=0.01456, gamma_q=0.00528, block_size=2
  SSC-Block-TV-Col21 trial 34: mean ARI=0.6719  n=480  207.0s  lambda_e=0.6171, lambda_z=0.005893, gamma_q=0.005855, block_size=2
  SSC-Block-TV-Col21 trial 35: mean ARI=0.7277  n=480  204.4s  lambda_e=0.3176, lambda_z=0.01266, gamma_q=0.00162, block_size=3
  SSC-Block-TV-Col21 trial 36: mean ARI=0.7200  n=480  207.6s  lambda_e=0.3265, lambda_z=0.01031, gamma_q=0.004065, block_size=2
  SSC-Block-TV-Col21 trial 37: mean ARI=0.7249  n=480  201.7s  lambda_e=0.1351, lambda_z=0.007948, gamma_q=0.001397, block_size=3
  SSC-Block-TV-Col21 trial 38: mean ARI=0.5344  n=480  205.9s  lambda_e=1.129, lambda_z=0.002272, gamma_q=0.4867, block_size=2
  SSC-Block-TV-Col21 trial 39: mean ARI=0.6076  n=480  198.1s  lambda_e=0.5925, lambda_z=0.1896, gamma_q=0.0123, block_size=3
    best mean ARI=0.7290  tune 8041.6s  lambda_e=1.74, lambda_z=0.01712, gamma_q=0.002346, block_size=3
  wrote /nfs/turbo/umms-minjilab/lpullela/icassp_ssc_tv2/block_ssc_benchmark/cv/params/surveillance/split_k5_sigmas_min30_trials20_params_knownk_cv_ssc_block_tv_col21_k5_sigma0p25_sigma0.25_fold4.json

=== P1E_S1_C1 train[0] k=5  dim=576  frames=249  σ=0.25  fold=4 ===
  SSC-Block-TV-Col21: k_hat=5  ACC=0.7349  NMI=0.8305  ARI=0.6632  0.5s

=== P1E_S1_C1 train[1] k=5  dim=576  frames=212  σ=0.25  fold=4 ===
  SSC-Block-TV-Col21: k_hat=5  ACC=0.9953  NMI=0.9861  ARI=0.9888  0.3s

=== P1E_S1_C1 train[2] k=5  dim=576  frames=265  σ=0.25  fold=4 ===
  SSC-Block-TV-Col21: k_hat=5  ACC=0.4943  NMI=0.6913  ARI=0.3996  0.5s

=== P1E_S1_C1 train[3] k=5  dim=576  frames=242  σ=0.25  fold=4 ===
  SSC-Block-TV-Col21: k_hat=5  ACC=0.6818  NMI=0.7756  ARI=0.5979  0.5s

=== P1E_S1_C2 train[0] k=5  dim=576  frames=231  σ=0.25  fold=4 ===
  SSC-Block-TV-Col21: k_hat=5  ACC=0.9870  NMI=0.9711  ARI=0.9743  0.4s

=== P1E_S1_C2 train[1] k=5  dim=576  frames=188  σ=0.25  fold=4 ===
  SSC-Block-TV-Col21: k_hat=5  ACC=1.0000  NMI=1.0000  ARI=1.0000  0.3s

=== P1E_S1_C2 train[2] k=5  dim=576  frames=198  σ=0.25  fold=4 ===
  SSC-Block-TV-Col21: k_hat=5  ACC=0.9394  NMI=0.9200  ARI=0.8842  0.3s

=== P1E_S1_C2 train[3] k=5  dim=576  frames=199  σ=0.25  fold=4 ===
  SSC-Block-TV-Col21: k_hat=5  ACC=0.7035  NMI=0.8020  ARI=0.6631  0.3s

=== P1E_S1_C3 train[0] k=5  dim=576  frames=98  σ=0.25  fold=4 ===
  SSC-Block-TV-Col21: k_hat=5  ACC=0.8265  NMI=0.8582  ARI=0.7924  0.1s

=== P1E_S1_C3 train[1] k=5  dim=576  frames=93  σ=0.25  fold=4 ===
  SSC-Block-TV-Col21: k_hat=5  ACC=0.9785  NMI=0.9546  ARI=0.9423  0.1s

=== P1E_S1_C3 train[2] k=5  dim=576  frames=68  σ=0.25  fold=4 ===
  SSC-Block-TV-Col21: k_hat=5  ACC=0.5735  NMI=0.5773  ARI=0.3585  0.1s

=== P1E_S1_C3 train[3] k=5  dim=576  frames=87  σ=0.25  fold=4 ===
  SSC-Block-TV-Col21: k_hat=5  ACC=0.9770  NMI=0.9559  ARI=0.9488  0.1s

=== P1E_S2_C1 train[0] k=5  dim=576  frames=268  σ=0.25  fold=4 ===
  SSC-Block-TV-Col21: k_hat=5  ACC=0.8321  NMI=0.7480  ARI=0.6347  0.5s

=== P1E_S2_C1 train[1] k=5  dim=576  frames=250  σ=0.25  fold=4 ===
  SSC-Block-TV-Col21: k_hat=5  ACC=0.9400  NMI=0.9199  ARI=0.8836  0.5s

=== P1E_S2_C1 train[2] k=5  dim=576  frames=265  σ=0.25  fold=4 ===
  SSC-Block-TV-Col21: k_hat=5  ACC=0.5208  NMI=0.6936  ARI=0.4313  0.5s

=== P1E_S2_C1 train[3] k=5  dim=576  frames=232  σ=0.25  fold=4 ===
  SSC-Block-TV-Col21: k_hat=5  ACC=0.5259  NMI=0.7312  ARI=0.5274  0.4s

=== P1E_S2_C2 train[0] k=5  dim=576  frames=223  σ=0.25  fold=4 ===
  SSC-Block-TV-Col21: k_hat=5  ACC=0.9507  NMI=0.9077  ARI=0.8880  0.4s

=== P1E_S2_C2 train[1] k=5  dim=576  frames=196  σ=0.25  fold=4 ===
  SSC-Block-TV-Col21: k_hat=5  ACC=0.9847  NMI=0.9598  ARI=0.9622  0.3s

=== P1E_S2_C2 train[2] k=5  dim=576  frames=219  σ=0.25  fold=4 ===
  SSC-Block-TV-Col21: k_hat=5  ACC=0.9589  NMI=0.9196  ARI=0.9019  0.4s

=== P1E_S2_C2 train[3] k=5  dim=576  frames=192  σ=0.25  fold=4 ===
  SSC-Block-TV-Col21: k_hat=5  ACC=0.7500  NMI=0.7886  ARI=0.6410  0.3s

=== P1E_S2_C3 train[0] k=5  dim=576  frames=173  σ=0.25  fold=4 ===
  SSC-Block-TV-Col21: k_hat=5  ACC=1.0000  NMI=1.0000  ARI=1.0000  0.3s

=== P1E_S2_C3 train[1] k=5  dim=576  frames=156  σ=0.25  fold=4 ===
  SSC-Block-TV-Col21: k_hat=5  ACC=1.0000  NMI=1.0000  ARI=1.0000  0.2s

=== P1E_S2_C3 train[2] k=5  dim=576  frames=173  σ=0.25  fold=4 ===
  SSC-Block-TV-Col21: k_hat=5  ACC=0.9075  NMI=0.8474  ARI=0.7895  0.3s

=== P1E_S2_C3 train[3] k=5  dim=576  frames=160  σ=0.25  fold=4 ===
  SSC-Block-TV-Col21: k_hat=5  ACC=0.8438  NMI=0.8598  ARI=0.7907  0.2s

=== P1E_S3_C1 train[0] k=5  dim=576  frames=258  σ=0.25  fold=4 ===
  SSC-Block-TV-Col21: k_hat=5  ACC=0.6589  NMI=0.7638  ARI=0.5816  0.5s

=== P1E_S3_C1 train[1] k=5  dim=576  frames=237  σ=0.25  fold=4 ===
  SSC-Block-TV-Col21: k_hat=5  ACC=0.8608  NMI=0.8322  ARI=0.7407  0.4s

=== P1E_S3_C1 train[2] k=5  dim=576  frames=273  σ=0.25  fold=4 ===
  SSC-Block-TV-Col21: k_hat=5  ACC=0.5275  NMI=0.6633  ARI=0.3724  0.6s

=== P1E_S3_C1 train[3] k=5  dim=576  frames=250  σ=0.25  fold=4 ===
  SSC-Block-TV-Col21: k_hat=5  ACC=0.5320  NMI=0.6495  ARI=0.4241  0.5s

=== P1E_S3_C2 train[0] k=5  dim=576  frames=232  σ=0.25  fold=4 ===
  SSC-Block-TV-Col21: k_hat=5  ACC=0.9224  NMI=0.8737  ARI=0.8041  0.4s

=== P1E_S3_C2 train[1] k=5  dim=576  frames=204  σ=0.25  fold=4 ===
  SSC-Block-TV-Col21: k_hat=5  ACC=0.9559  NMI=0.9035  ARI=0.9007  0.3s

=== P1E_S3_C2 train[2] k=5  dim=576  frames=280  σ=0.25  fold=4 ===
  SSC-Block-TV-Col21: k_hat=5  ACC=0.5821  NMI=0.6801  ARI=0.4486  0.6s

=== P1E_S3_C2 train[3] k=5  dim=576  frames=222  σ=0.25  fold=4 ===
  SSC-Block-TV-Col21: k_hat=5  ACC=0.5946  NMI=0.7260  ARI=0.4938  0.4s

=== P1E_S3_C3 train[0] k=5  dim=576  frames=170  σ=0.25  fold=4 ===
  SSC-Block-TV-Col21: k_hat=5  ACC=1.0000  NMI=1.0000  ARI=1.0000  0.3s

=== P1E_S3_C3 train[1] k=5  dim=576  frames=150  σ=0.25  fold=4 ===
  SSC-Block-TV-Col21: k_hat=5  ACC=0.9933  NMI=0.9815  ARI=0.9835  0.2s

=== P1E_S3_C3 train[2] k=5  dim=576  frames=211  σ=0.25  fold=4 ===
  SSC-Block-TV-Col21: k_hat=5  ACC=0.7393  NMI=0.8374  ARI=0.6914  0.4s

=== P1E_S3_C3 train[3] k=5  dim=576  frames=167  σ=0.25  fold=4 ===
  SSC-Block-TV-Col21: k_hat=5  ACC=0.8862  NMI=0.8414  ARI=0.7730  0.3s

=== P1E_S4_C1 train[0] k=5  dim=576  frames=231  σ=0.25  fold=4 ===
  SSC-Block-TV-Col21: k_hat=5  ACC=0.7792  NMI=0.8516  ARI=0.6803  0.4s

=== P1E_S4_C1 train[1] k=5  dim=576  frames=248  σ=0.25  fold=4 ===
  SSC-Block-TV-Col21: k_hat=5  ACC=0.7863  NMI=0.8580  ARI=0.7519  0.4s

=== P1E_S4_C1 train[2] k=5  dim=576  frames=303  σ=0.25  fold=4 ===
  SSC-Block-TV-Col21: k_hat=5  ACC=0.5347  NMI=0.6859  ARI=0.3990  0.7s

=== P1E_S4_C1 train[3] k=5  dim=576  frames=248  σ=0.25  fold=4 ===
  SSC-Block-TV-Col21: k_hat=5  ACC=0.6653  NMI=0.7459  ARI=0.5576  0.4s

=== P1E_S4_C2 train[0] k=5  dim=576  frames=201  σ=0.25  fold=4 ===
  SSC-Block-TV-Col21: k_hat=5  ACC=0.9751  NMI=0.9414  ARI=0.9381  0.3s

=== P1E_S4_C2 train[1] k=5  dim=576  frames=193  σ=0.25  fold=4 ===
  SSC-Block-TV-Col21: k_hat=5  ACC=0.9534  NMI=0.9160  ARI=0.9033  0.3s

=== P1E_S4_C2 train[2] k=5  dim=576  frames=236  σ=0.25  fold=4 ===
  SSC-Block-TV-Col21: k_hat=5  ACC=0.9958  NMI=0.9869  ARI=0.9887  0.4s

=== P1E_S4_C2 train[3] k=5  dim=576  frames=223  σ=0.25  fold=4 ===
  SSC-Block-TV-Col21: k_hat=5  ACC=0.7130  NMI=0.8138  ARI=0.6754  0.4s

=== P1E_S4_C3 train[0] k=5  dim=576  frames=132  σ=0.25  fold=4 ===
  SSC-Block-TV-Col21: k_hat=5  ACC=0.9318  NMI=0.8565  ARI=0.8424  0.2s

=== P1E_S4_C3 train[1] k=5  dim=576  frames=152  σ=0.25  fold=4 ===
  SSC-Block-TV-Col21: k_hat=5  ACC=0.9737  NMI=0.9376  ARI=0.9341  0.2s

=== P1E_S4_C3 train[2] k=5  dim=576  frames=147  σ=0.25  fold=4 ===
  SSC-Block-TV-Col21: k_hat=5  ACC=0.8299  NMI=0.7975  ARI=0.7070  0.2s

=== P1E_S4_C3 train[3] k=5  dim=576  frames=141  σ=0.25  fold=4 ===
  SSC-Block-TV-Col21: k_hat=5  ACC=0.9716  NMI=0.9451  ARI=0.9234  0.2s

=== P1L_S1_C1 train[0] k=5  dim=576  frames=289  σ=0.25  fold=4 ===
  SSC-Block-TV-Col21: k_hat=5  ACC=0.7543  NMI=0.8686  ARI=0.7291  0.6s

=== P1L_S1_C1 train[1] k=5  dim=576  frames=265  σ=0.25  fold=4 ===
  SSC-Block-TV-Col21: k_hat=5  ACC=1.0000  NMI=1.0000  ARI=1.0000  0.5s

=== P1L_S1_C1 train[2] k=5  dim=576  frames=313  σ=0.25  fold=4 ===
  SSC-Block-TV-Col21: k_hat=5  ACC=0.8307  NMI=0.8741  ARI=0.7477  0.7s

=== P1L_S1_C1 train[3] k=5  dim=576  frames=239  σ=0.25  fold=4 ===
  SSC-Block-TV-Col21: k_hat=5  ACC=0.9079  NMI=0.9138  ARI=0.8817  0.5s

=== P1L_S1_C2 train[0] k=5  dim=576  frames=286  σ=0.25  fold=4 ===
  SSC-Block-TV-Col21: k_hat=5  ACC=0.8497  NMI=0.8640  ARI=0.7141  0.6s

=== P1L_S1_C2 train[1] k=5  dim=576  frames=236  σ=0.25  fold=4 ===
  SSC-Block-TV-Col21: k_hat=5  ACC=0.8686  NMI=0.8733  ARI=0.7470  0.4s

=== P1L_S1_C2 train[2] k=5  dim=576  frames=257  σ=0.25  fold=4 ===
  SSC-Block-TV-Col21: k_hat=5  ACC=0.7626  NMI=0.7471  ARI=0.5770  0.5s

=== P1L_S1_C2 train[3] k=5  dim=576  frames=260  σ=0.25  fold=4 ===
  SSC-Block-TV-Col21: k_hat=5  ACC=0.6115  NMI=0.7587  ARI=0.5687  0.5s

=== P1L_S1_C3 train[0] k=5  dim=576  frames=108  σ=0.25  fold=4 ===
  SSC-Block-TV-Col21: k_hat=5  ACC=0.6389  NMI=0.7387  ARI=0.5007  0.1s

=== P1L_S1_C3 train[1] k=5  dim=576  frames=115  σ=0.25  fold=4 ===
  SSC-Block-TV-Col21: k_hat=5  ACC=0.7043  NMI=0.8072  ARI=0.6156  0.1s

=== P1L_S1_C3 train[2] k=5  dim=576  frames=117  σ=0.25  fold=4 ===
  SSC-Block-TV-Col21: k_hat=5  ACC=0.6496  NMI=0.6959  ARI=0.4735  0.1s

=== P1L_S1_C3 train[3] k=5  dim=576  frames=101  σ=0.25  fold=4 ===
  SSC-Block-TV-Col21: k_hat=5  ACC=0.8020  NMI=0.7928  ARI=0.6476  0.1s

=== P1L_S2_C1 train[0] k=5  dim=576  frames=348  σ=0.25  fold=4 ===
  SSC-Block-TV-Col21: k_hat=5  ACC=0.7385  NMI=0.7667  ARI=0.6031  0.8s

=== P1L_S2_C1 train[1] k=5  dim=576  frames=281  σ=0.25  fold=4 ===
  SSC-Block-TV-Col21: k_hat=5  ACC=0.9253  NMI=0.9021  ARI=0.8382  0.6s

=== P1L_S2_C1 train[2] k=5  dim=576  frames=301  σ=0.25  fold=4 ===
  SSC-Block-TV-Col21: k_hat=5  ACC=0.6545  NMI=0.7322  ARI=0.5154  0.7s

=== P1L_S2_C1 train[3] k=5  dim=576  frames=275  σ=0.25  fold=4 ===
  SSC-Block-TV-Col21: k_hat=5  ACC=0.9018  NMI=0.9077  ARI=0.8561  0.6s

=== P1L_S2_C2 train[0] k=5  dim=576  frames=300  σ=0.25  fold=4 ===
  SSC-Block-TV-Col21: k_hat=5  ACC=0.8133  NMI=0.7605  ARI=0.5672  0.6s

=== P1L_S2_C2 train[1] k=5  dim=576  frames=256  σ=0.25  fold=4 ===
  SSC-Block-TV-Col21: k_hat=5  ACC=1.0000  NMI=1.0000  ARI=1.0000  0.5s

=== P1L_S2_C2 train[2] k=5  dim=576  frames=314  σ=0.25  fold=4 ===
  SSC-Block-TV-Col21: k_hat=5  ACC=0.9204  NMI=0.8982  ARI=0.8167  0.7s

=== P1L_S2_C2 train[3] k=5  dim=576  frames=301  σ=0.25  fold=4 ===
  SSC-Block-TV-Col21: k_hat=5  ACC=0.7243  NMI=0.8444  ARI=0.6975  0.7s

=== P1L_S2_C3 train[0] k=5  dim=576  frames=191  σ=0.25  fold=4 ===
  SSC-Block-TV-Col21: k_hat=5  ACC=0.8482  NMI=0.8534  ARI=0.6882  0.3s

=== P1L_S2_C3 train[1] k=5  dim=576  frames=159  σ=0.25  fold=4 ===
  SSC-Block-TV-Col21: k_hat=5  ACC=1.0000  NMI=1.0000  ARI=1.0000  0.2s

=== P1L_S2_C3 train[2] k=5  dim=576  frames=193  σ=0.25  fold=4 ===
  SSC-Block-TV-Col21: k_hat=5  ACC=0.8860  NMI=0.8808  ARI=0.7689  0.3s

=== P1L_S2_C3 train[3] k=5  dim=576  frames=175  σ=0.25  fold=4 ===
  SSC-Block-TV-Col21: k_hat=5  ACC=0.8229  NMI=0.8073  ARI=0.6798  0.3s

=== P1L_S3_C1 train[0] k=5  dim=576  frames=246  σ=0.25  fold=4 ===
  SSC-Block-TV-Col21: k_hat=5  ACC=0.7724  NMI=0.8376  ARI=0.6650  0.5s

=== P1L_S3_C1 train[1] k=5  dim=576  frames=289  σ=0.25  fold=4 ===
  SSC-Block-TV-Col21: k_hat=5  ACC=0.8028  NMI=0.8593  ARI=0.7702  0.6s

=== P1L_S3_C1 train[2] k=5  dim=576  frames=241  σ=0.25  fold=4 ===
  SSC-Block-TV-Col21: k_hat=5  ACC=0.9336  NMI=0.8577  ARI=0.8446  0.5s

=== P1L_S3_C1 train[3] k=5  dim=576  frames=312  σ=0.25  fold=4 ===
  SSC-Block-TV-Col21: k_hat=5  ACC=0.7596  NMI=0.7787  ARI=0.6094  0.7s

=== P1L_S3_C2 train[0] k=5  dim=576  frames=262  σ=0.25  fold=4 ===
  SSC-Block-TV-Col21: k_hat=5  ACC=0.9313  NMI=0.8802  ARI=0.8417  0.5s

=== P1L_S3_C2 train[1] k=5  dim=576  frames=287  σ=0.25  fold=4 ===
  SSC-Block-TV-Col21: k_hat=5  ACC=1.0000  NMI=1.0000  ARI=1.0000  0.6s

=== P1L_S3_C2 train[2] k=5  dim=576  frames=304  σ=0.25  fold=4 ===
  SSC-Block-TV-Col21: k_hat=5  ACC=0.5033  NMI=0.6321  ARI=0.3767  0.6s

=== P1L_S3_C2 train[3] k=5  dim=576  frames=329  σ=0.25  fold=4 ===
  SSC-Block-TV-Col21: k_hat=5  ACC=0.6413  NMI=0.7580  ARI=0.5708  0.8s

=== P1L_S3_C3 train[0] k=5  dim=576  frames=231  σ=0.25  fold=4 ===
  SSC-Block-TV-Col21: k_hat=5  ACC=0.9351  NMI=0.9018  ARI=0.8265  0.4s

=== P1L_S3_C3 train[1] k=5  dim=576  frames=210  σ=0.25  fold=4 ===
  SSC-Block-TV-Col21: k_hat=5  ACC=0.9619  NMI=0.9345  ARI=0.9041  0.3s

=== P1L_S3_C3 train[2] k=5  dim=576  frames=225  σ=0.25  fold=4 ===
  SSC-Block-TV-Col21: k_hat=5  ACC=0.8089  NMI=0.7843  ARI=0.6241  0.4s

=== P1L_S3_C3 train[3] k=5  dim=576  frames=210  σ=0.25  fold=4 ===
  SSC-Block-TV-Col21: k_hat=5  ACC=0.8048  NMI=0.7851  ARI=0.6376  0.3s

=== P1L_S4_C1 train[0] k=5  dim=576  frames=313  σ=0.25  fold=4 ===
  SSC-Block-TV-Col21: k_hat=5  ACC=0.8243  NMI=0.8685  ARI=0.7377  0.7s

=== P1L_S4_C1 train[1] k=5  dim=576  frames=255  σ=0.25  fold=4 ===
  SSC-Block-TV-Col21: k_hat=5  ACC=0.9882  NMI=0.9698  ARI=0.9652  0.5s

=== P1L_S4_C1 train[2] k=5  dim=576  frames=253  σ=0.25  fold=4 ===
  SSC-Block-TV-Col21: k_hat=5  ACC=0.9565  NMI=0.9159  ARI=0.8921  0.5s

=== P1L_S4_C1 train[3] k=5  dim=576  frames=278  σ=0.25  fold=4 ===
  SSC-Block-TV-Col21: k_hat=5  ACC=0.7770  NMI=0.8708  ARI=0.7365  0.6s

=== P1L_S4_C2 train[0] k=5  dim=576  frames=267  σ=0.25  fold=4 ===
  SSC-Block-TV-Col21: k_hat=5  ACC=0.8165  NMI=0.7841  ARI=0.6159  0.5s

=== P1L_S4_C2 train[1] k=5  dim=576  frames=257  σ=0.25  fold=4 ===
  SSC-Block-TV-Col21: k_hat=5  ACC=1.0000  NMI=1.0000  ARI=1.0000  0.5s

=== P1L_S4_C2 train[2] k=5  dim=576  frames=279  σ=0.25  fold=4 ===
  SSC-Block-TV-Col21: k_hat=5  ACC=0.9462  NMI=0.8932  ARI=0.8863  0.6s

=== P1L_S4_C2 train[3] k=5  dim=576  frames=258  σ=0.25  fold=4 ===
  SSC-Block-TV-Col21: k_hat=5  ACC=0.6899  NMI=0.7668  ARI=0.5986  0.5s

=== P1L_S4_C3 train[0] k=5  dim=576  frames=180  σ=0.25  fold=4 ===
  SSC-Block-TV-Col21: k_hat=5  ACC=0.8333  NMI=0.8662  ARI=0.7223  0.3s

=== P1L_S4_C3 train[1] k=5  dim=576  frames=158  σ=0.25  fold=4 ===
  SSC-Block-TV-Col21: k_hat=5  ACC=1.0000  NMI=1.0000  ARI=1.0000  0.2s

=== P1L_S4_C3 train[2] k=5  dim=576  frames=188  σ=0.25  fold=4 ===
  SSC-Block-TV-Col21: k_hat=5  ACC=0.6649  NMI=0.7693  ARI=0.5947  0.3s

=== P1L_S4_C3 train[3] k=5  dim=576  frames=169  σ=0.25  fold=4 ===
  SSC-Block-TV-Col21: k_hat=5  ACC=0.7633  NMI=0.7601  ARI=0.5969  0.3s

=== P1E_S1_C1 test[0] k=5  dim=576  frames=268  σ=0.25  fold=4 ===
  SSC-Block-TV-Col21: k_hat=5  ACC=0.5709  NMI=0.7076  ARI=0.4341  0.5s

=== P1E_S1_C2 test[0] k=5  dim=576  frames=215  σ=0.25  fold=4 ===
  SSC-Block-TV-Col21: k_hat=5  ACC=0.9814  NMI=0.9530  ARI=0.9548  0.4s

=== P1E_S1_C3 test[0] k=5  dim=576  frames=107  σ=0.25  fold=4 ===
  SSC-Block-TV-Col21: k_hat=5  ACC=0.8972  NMI=0.8277  ARI=0.7733  0.1s

=== P1E_S2_C1 test[0] k=5  dim=576  frames=241  σ=0.25  fold=4 ===
  SSC-Block-TV-Col21: k_hat=5  ACC=0.8506  NMI=0.8881  ARI=0.7982  0.5s

=== P1E_S2_C2 test[0] k=5  dim=576  frames=212  σ=0.25  fold=4 ===
  SSC-Block-TV-Col21: k_hat=5  ACC=0.9481  NMI=0.9056  ARI=0.8825  0.3s

=== P1E_S2_C3 test[0] k=5  dim=576  frames=154  σ=0.25  fold=4 ===
  SSC-Block-TV-Col21: k_hat=5  ACC=0.9740  NMI=0.9398  ARI=0.9378  0.2s

=== P1E_S3_C1 test[0] k=5  dim=576  frames=237  σ=0.25  fold=4 ===
  SSC-Block-TV-Col21: k_hat=5  ACC=0.9283  NMI=0.8947  ARI=0.8715  0.5s

=== P1E_S3_C2 test[0] k=5  dim=576  frames=188  σ=0.25  fold=4 ===
  SSC-Block-TV-Col21: k_hat=5  ACC=0.9255  NMI=0.8936  ARI=0.8499  0.3s

=== P1E_S3_C3 test[0] k=5  dim=576  frames=168  σ=0.25  fold=4 ===
  SSC-Block-TV-Col21: k_hat=5  ACC=0.9881  NMI=0.9667  ARI=0.9741  0.2s

=== P1E_S4_C1 test[0] k=5  dim=576  frames=217  σ=0.25  fold=4 ===
  SSC-Block-TV-Col21: k_hat=5  ACC=0.7604  NMI=0.7895  ARI=0.6970  0.4s

=== P1E_S4_C2 test[0] k=5  dim=576  frames=198  σ=0.25  fold=4 ===
  SSC-Block-TV-Col21: k_hat=5  ACC=0.8586  NMI=0.8694  ARI=0.7785  0.3s

=== P1E_S4_C3 test[0] k=5  dim=576  frames=147  σ=0.25  fold=4 ===
  SSC-Block-TV-Col21: k_hat=5  ACC=0.7959  NMI=0.8532  ARI=0.7621  0.2s

=== P1L_S1_C1 test[0] k=5  dim=576  frames=285  σ=0.25  fold=4 ===
  SSC-Block-TV-Col21: k_hat=5  ACC=0.7614  NMI=0.8657  ARI=0.7278  0.6s

=== P1L_S1_C2 test[0] k=5  dim=576  frames=270  σ=0.25  fold=4 ===
  SSC-Block-TV-Col21: k_hat=5  ACC=0.6407  NMI=0.7270  ARI=0.4855  0.5s

=== P1L_S1_C3 test[0] k=5  dim=576  frames=124  σ=0.25  fold=4 ===
  SSC-Block-TV-Col21: k_hat=5  ACC=0.9839  NMI=0.9578  ARI=0.9601  0.2s

=== P1L_S2_C1 test[0] k=5  dim=576  frames=265  σ=0.25  fold=4 ===
  SSC-Block-TV-Col21: k_hat=5  ACC=0.7962  NMI=0.8736  ARI=0.7660  0.5s

=== P1L_S2_C2 test[0] k=5  dim=576  frames=222  σ=0.25  fold=4 ===
  SSC-Block-TV-Col21: k_hat=5  ACC=1.0000  NMI=1.0000  ARI=1.0000  0.4s

=== P1L_S2_C3 test[0] k=5  dim=576  frames=179  σ=0.25  fold=4 ===
  SSC-Block-TV-Col21: k_hat=5  ACC=0.9832  NMI=0.9577  ARI=0.9632  0.3s

=== P1L_S3_C1 test[0] k=5  dim=576  frames=241  σ=0.25  fold=4 ===
  SSC-Block-TV-Col21: k_hat=5  ACC=0.8174  NMI=0.8051  ARI=0.6702  0.5s

=== P1L_S3_C2 test[0] k=5  dim=576  frames=290  σ=0.25  fold=4 ===
  SSC-Block-TV-Col21: k_hat=5  ACC=0.6828  NMI=0.8326  ARI=0.6475  0.6s

=== P1L_S3_C3 test[0] k=5  dim=576  frames=229  σ=0.25  fold=4 ===
  SSC-Block-TV-Col21: k_hat=5  ACC=0.9869  NMI=0.9647  ARI=0.9712  0.4s

=== P1L_S4_C1 test[0] k=5  dim=576  frames=344  σ=0.25  fold=4 ===
  SSC-Block-TV-Col21: k_hat=5  ACC=1.0000  NMI=1.0000  ARI=1.0000  0.8s

=== P1L_S4_C2 test[0] k=5  dim=576  frames=266  σ=0.25  fold=4 ===
  SSC-Block-TV-Col21: k_hat=5  ACC=0.9887  NMI=0.9688  ARI=0.9749  0.5s

=== P1L_S4_C3 test[0] k=5  dim=576  frames=185  σ=0.25  fold=4 ===
  SSC-Block-TV-Col21: k_hat=5  ACC=0.9892  NMI=0.9741  ARI=0.9749  0.3s

=== inference time per method ===
  SSC-Block-TV-Col21: mean=0.4263s  std=0.1696s  total=255.8s  n=600
wrote /nfs/turbo/umms-minjilab/lpullela/icassp_ssc_tv2/block_ssc_benchmark/cv/results/surveillance/split_k5_sigmas_min30_trials20_knownk_cv_ssc_block_tv_col21_k5_sigma0p25_timing.json

=== mean over matrices ===
  SSC-Block-TV-Col21 train σ=0.25: ACC=0.8337  NMI=0.8583  ARI=0.7603  n=480
  SSC-Block-TV-Col21 test σ=0.25: ACC=0.8370  NMI=0.8601  ARI=0.7633  n=120

wrote /nfs/turbo/umms-minjilab/lpullela/icassp_ssc_tv2/block_ssc_benchmark/cv/results/surveillance/split_k5_sigmas_min30_trials20_knownk_cv_ssc_block_tv_col21_k5_sigma0p25.csv
end=Mon Sep  7 05:26:13 EDT 2026
Experiment completed!
