========================================
Job: cv_ssc_block_tv_col21_k3_s0
Method: SSC-Block-TV-Col21  k: 3  sigma: 0.0  tune_pool_groups: 20
========================================
host=gl3200.arc-ts.umich.edu  python=/home/lpullela/miniconda3/envs/ssc_559/bin/python  start=Sun Sep  6 18:11:32 EDT 2026
Loading P1E_S1_C1
  Y: (576, 1236)  people=25  frames/person=[60, 61, 50, 48, 51, 35, 41, 56, 55, 49, 65, 50, 63, 38, 61, 48, 50, 49, 50, 30, 42, 60, 32, 39, 53]  min=30
Loading P1E_S1_C2
  Y: (576, 1031)  people=25  frames/person=[42, 48, 31, 35, 50, 45, 30, 32, 38, 40, 61, 41, 47, 33, 46, 36, 41, 45, 42, 36, 33, 50, 53, 33, 43]  min=30
Loading P1E_S1_C3
  Y: (576, 453)  people=25  frames/person=[15, 22, 16, 16, 17, 13, 14, 19, 14, 25, 26, 12, 21, 18, 22, 19, 13, 19, 16, 15, 8, 15, 30, 20, 28]  min=8
  warning: 24 people have fewer than 30 available frames (kept all)
Loading P1E_S2_C1
  Y: (576, 1256)  people=25  frames/person=[65, 50, 50, 51, 53, 48, 49, 60, 33, 48, 61, 58, 52, 32, 55, 35, 45, 53, 40, 53, 51, 65, 64, 42, 43]  min=32
Loading P1E_S2_C2
  Y: (576, 1042)  people=25  frames/person=[33, 48, 38, 41, 53, 36, 39, 47, 51, 36, 55, 44, 43, 25, 42, 41, 37, 45, 41, 38, 40, 54, 49, 33, 33]  min=25
  warning: 1 people have fewer than 30 available frames (kept all)
Loading P1E_S2_C3
  Y: (576, 816)  people=25  frames/person=[36, 33, 28, 32, 42, 37, 31, 36, 31, 23, 42, 36, 35, 20, 33, 33, 32, 32, 32, 29, 32, 42, 38, 27, 24]  min=20
  warning: 6 people have fewer than 30 available frames (kept all)
Loading P1E_S3_C1
  Y: (576, 1255)  people=25  frames/person=[43, 39, 47, 52, 58, 96, 42, 31, 79, 33, 67, 55, 44, 34, 40, 48, 54, 77, 45, 41, 46, 53, 56, 38, 37]  min=31
Loading P1E_S3_C2
  Y: (576, 1126)  people=25  frames/person=[57, 56, 35, 40, 49, 75, 34, 40, 70, 26, 65, 54, 43, 28, 32, 43, 48, 31, 36, 33, 42, 71, 57, 30, 31]  min=26
  warning: 2 people have fewer than 30 available frames (kept all)
Loading P1E_S3_C3
  Y: (576, 866)  people=25  frames/person=[43, 36, 24, 33, 37, 47, 29, 37, 55, 18, 40, 40, 31, 22, 30, 39, 35, 45, 30, 28, 30, 50, 42, 20, 25]  min=18
  warning: 7 people have fewer than 30 available frames (kept all)
Loading P1E_S4_C1
  Y: (576, 1247)  people=25  frames/person=[58, 54, 34, 56, 50, 59, 50, 56, 74, 38, 75, 35, 46, 31, 53, 40, 57, 32, 56, 33, 48, 67, 59, 48, 38]  min=31
Loading P1E_S4_C2
  Y: (576, 1051)  people=25  frames/person=[37, 37, 41, 46, 41, 49, 38, 45, 65, 30, 39, 48, 50, 34, 43, 36, 47, 52, 45, 37, 38, 50, 30, 37, 36]  min=30
Loading P1E_S4_C3
  Y: (576, 719)  people=25  frames/person=[28, 29, 22, 29, 24, 36, 31, 29, 33, 25, 37, 19, 28, 21, 25, 27, 25, 41, 27, 29, 26, 31, 45, 29, 23]  min=19
  warning: 18 people have fewer than 30 available frames (kept all)
Loading P1L_S1_C1
  Y: (576, 1391)  people=25  frames/person=[65, 68, 43, 64, 47, 40, 58, 33, 75, 41, 58, 72, 58, 49, 66, 67, 65, 43, 59, 57, 58, 51, 67, 32, 55]  min=32
Loading P1L_S1_C2
  Y: (576, 1309)  people=25  frames/person=[30, 65, 37, 63, 66, 54, 52, 52, 43, 49, 71, 49, 58, 48, 54, 66, 56, 36, 48, 49, 55, 66, 52, 39, 51]  min=30
Loading P1L_S1_C3
  Y: (576, 565)  people=25  frames/person=[27, 29, 20, 26, 19, 25, 22, 12, 28, 25, 20, 25, 23, 18, 21, 23, 25, 26, 23, 21, 18, 18, 30, 18, 23]  min=12
  warning: 24 people have fewer than 30 available frames (kept all)
Loading P1L_S2_C1
  Y: (576, 1470)  people=25  frames/person=[73, 68, 53, 64, 65, 41, 73, 55, 37, 31, 82, 75, 63, 45, 34, 48, 74, 84, 71, 64, 62, 65, 48, 33, 62]  min=31
Loading P1L_S2_C2
  Y: (576, 1393)  people=25  frames/person=[64, 65, 49, 62, 69, 69, 63, 61, 80, 34, 89, 57, 53, 52, 55, 38, 30, 30, 66, 36, 57, 51, 73, 41, 49]  min=30
Loading P1L_S2_C3
  Y: (576, 897)  people=25  frames/person=[40, 36, 29, 28, 35, 37, 36, 36, 50, 28, 55, 46, 34, 31, 35, 32, 30, 48, 37, 29, 36, 39, 45, 19, 26]  min=19
  warning: 6 people have fewer than 30 available frames (kept all)
Loading P1L_S3_C1
  Y: (576, 1329)  people=25  frames/person=[31, 33, 30, 51, 74, 75, 59, 65, 66, 43, 47, 39, 65, 50, 58, 71, 67, 36, 57, 35, 62, 31, 74, 59, 51]  min=30
Loading P1L_S3_C2
  Y: (576, 1472)  people=25  frames/person=[78, 38, 48, 51, 54, 71, 61, 71, 32, 50, 75, 38, 72, 63, 48, 67, 49, 87, 52, 56, 58, 85, 73, 56, 39]  min=32
Loading P1L_S3_C3
  Y: (576, 1105)  people=25  frames/person=[48, 44, 38, 38, 39, 45, 35, 55, 52, 26, 81, 39, 36, 36, 44, 54, 42, 61, 38, 31, 34, 53, 51, 44, 41]  min=26
  warning: 1 people have fewer than 30 available frames (kept all)
Loading P1L_S4_C1
  Y: (576, 1443)  people=25  frames/person=[50, 69, 44, 41, 78, 43, 32, 71, 45, 65, 59, 39, 56, 57, 68, 69, 70, 73, 51, 63, 47, 70, 57, 52, 74]  min=32
Loading P1L_S4_C2
  Y: (576, 1327)  people=25  frames/person=[71, 34, 39, 54, 63, 67, 52, 39, 52, 56, 59, 50, 51, 53, 63, 50, 71, 63, 48, 35, 31, 71, 43, 52, 60]  min=31
Loading P1L_S4_C3
  Y: (576, 880)  people=25  frames/person=[37, 41, 23, 26, 32, 34, 22, 32, 50, 29, 38, 44, 31, 34, 37, 39, 39, 39, 38, 26, 25, 50, 41, 33, 40]  min=22
  warning: 6 people have fewer than 30 available frames (kept all)
sequences=24  people=25  k=3
frames/person ~ Unif[30, 100]
down_hw=24  sigmas=(0.0,)  n_trials=20  known_k=True  csv=split_k3_clean_min30_trials20_knownk_scaled_cv_ssc_block_tv_col21_k3_sigma0.csv
SSC-Block-TV block_size searched in [2, 12]
CV mode: 8 folds of size 3, each rotated as test
  1 people unused (remainder dropped)
  group 0: ['0006', '0013', '0022']
  group 1: ['0004', '0014', '0027']
  group 2: ['0009', '0019', '0026']
  group 3: ['0005', '0024', '0025']
  group 4: ['0001', '0011', '0023']
  group 5: ['0015', '0016', '0021']
  group 6: ['0007', '0010', '0020']
  group 7: ['0003', '0012', '0017']
methods=['SSC-Block-TV-Col21']  append=False  hetero_noise=False  no_tune=False
  tune_pool_groups=20: sampling from 22 held-in people (overlap allowed) instead of the 7 fixed partition group(s)

============================================================
σ=0.0 fold=0  test=['0006', '0013', '0022']  train mats=168  test mats=24  tune mats=480
  --- tune SSC-Block-TV-Col21 over 480 train mats  n_trials=40 (4 params) ---
  SSC-Block-TV-Col21 trial 0: mean ARI=0.5753  n=480  67.1s  lambda_e=1, lambda_z=0.1, gamma_q=0.1, block_size=5
  SSC-Block-TV-Col21 trial 1: mean ARI=0.6372  n=480  66.3s  lambda_e=0.443, lambda_z=0.7257, gamma_q=0.2577, block_size=7
  SSC-Block-TV-Col21 trial 2: mean ARI=0.7227  n=480  71.0s  lambda_e=0.1866, lambda_z=0.3833, gamma_q=0.05628, block_size=11
  SSC-Block-TV-Col21 trial 3: mean ARI=0.3853  n=480  67.0s  lambda_e=7.78, lambda_z=0.03418, gamma_q=1.469, block_size=7
  SSC-Block-TV-Col21 trial 4: mean ARI=0.5947  n=480  69.7s  lambda_e=0.506, lambda_z=5.039, gamma_q=0.001924, block_size=2
  SSC-Block-TV-Col21 trial 5: mean ARI=0.3519  n=480  66.3s  lambda_e=0.0115, lambda_z=2.14, gamma_q=1.296, block_size=11
  SSC-Block-TV-Col21 trial 6: mean ARI=0.6793  n=480  65.7s  lambda_e=8.627, lambda_z=1.573, gamma_q=0.07013, block_size=10
  SSC-Block-TV-Col21 trial 7: mean ARI=0.7812  n=480  65.8s  lambda_e=0.02264, lambda_z=0.3628, gamma_q=0.003745, block_size=12
  SSC-Block-TV-Col21 trial 8: mean ARI=0.7412  n=480  65.6s  lambda_e=0.3677, lambda_z=0.04557, gamma_q=0.01143, block_size=10
  SSC-Block-TV-Col21 trial 9: mean ARI=0.7541  n=480  65.7s  lambda_e=0.2336, lambda_z=0.1878, gamma_q=0.001189, block_size=8
  SSC-Block-TV-Col21 trial 10: mean ARI=0.4761  n=480  68.8s  lambda_e=0.01151, lambda_z=0.001661, gamma_q=6.473, block_size=2
  SSC-Block-TV-Col21 trial 11: mean ARI=0.7620  n=480  66.3s  lambda_e=0.05789, lambda_z=0.1589, gamma_q=0.001276, block_size=8
  SSC-Block-TV-Col21 trial 12: mean ARI=0.6681  n=480  68.5s  lambda_e=0.03705, lambda_z=0.00525, gamma_q=0.006143, block_size=12
  SSC-Block-TV-Col21 trial 13: mean ARI=0.7403  n=480  66.7s  lambda_e=0.04693, lambda_z=0.01302, gamma_q=0.007133, block_size=5
  SSC-Block-TV-Col21 trial 14: mean ARI=0.7652  n=480  66.3s  lambda_e=0.05946, lambda_z=0.1905, gamma_q=0.003034, block_size=9
  SSC-Block-TV-Col21 trial 15: mean ARI=0.6578  n=480  67.7s  lambda_e=0.09713, lambda_z=7.364, gamma_q=0.02311, block_size=12
  SSC-Block-TV-Col21 trial 16: mean ARI=0.7817  n=480  66.2s  lambda_e=0.02243, lambda_z=0.4296, gamma_q=0.003587, block_size=9
  SSC-Block-TV-Col21 trial 17: mean ARI=0.8255  n=480  67.2s  lambda_e=0.02314, lambda_z=0.8864, gamma_q=0.02035, block_size=5
  SSC-Block-TV-Col21 trial 18: mean ARI=0.8345  n=480  67.5s  lambda_e=0.02018, lambda_z=1.452, gamma_q=0.01855, block_size=4
  SSC-Block-TV-Col21 trial 19: mean ARI=0.7474  n=480  67.3s  lambda_e=0.1242, lambda_z=1.844, gamma_q=0.02095, block_size=4
  SSC-Block-TV-Col21 trial 20: mean ARI=0.4841  n=480  67.5s  lambda_e=0.025, lambda_z=1.185, gamma_q=0.1828, block_size=4
  SSC-Block-TV-Col21 trial 21: mean ARI=0.8138  n=480  66.4s  lambda_e=0.01941, lambda_z=3.438, gamma_q=0.02209, block_size=6
  SSC-Block-TV-Col21 trial 22: mean ARI=0.8151  n=480  70.3s  lambda_e=0.01002, lambda_z=3.145, gamma_q=0.02141, block_size=6
  SSC-Block-TV-Col21 trial 23: mean ARI=0.8361  n=480  67.6s  lambda_e=0.01157, lambda_z=9.08, gamma_q=0.0377, block_size=3
  SSC-Block-TV-Col21 trial 24: mean ARI=0.8358  n=480  67.8s  lambda_e=0.03377, lambda_z=0.8464, gamma_q=0.0393, block_size=3
  SSC-Block-TV-Col21 trial 25: mean ARI=0.6526  n=480  67.9s  lambda_e=0.1034, lambda_z=6.173, gamma_q=0.3155, block_size=3
  SSC-Block-TV-Col21 trial 26: mean ARI=0.8358  n=480  68.4s  lambda_e=0.03682, lambda_z=7.057, gamma_q=0.04207, block_size=3
  SSC-Block-TV-Col21 trial 27: mean ARI=0.8263  n=480  68.2s  lambda_e=0.03581, lambda_z=9.263, gamma_q=0.04924, block_size=3
  SSC-Block-TV-Col21 trial 28: mean ARI=0.7128  n=480  68.2s  lambda_e=0.07352, lambda_z=3.502, gamma_q=0.171, block_size=3
  SSC-Block-TV-Col21 trial 29: mean ARI=0.8414  n=480  69.0s  lambda_e=2.927, lambda_z=0.6443, gamma_q=0.09218, block_size=2
  SSC-Block-TV-Col21 trial 30: mean ARI=0.7703  n=480  69.2s  lambda_e=2.373, lambda_z=5.411, gamma_q=0.6572, block_size=2
  SSC-Block-TV-Col21 trial 31: mean ARI=0.8056  n=480  67.5s  lambda_e=1.363, lambda_z=0.5796, gamma_q=0.09946, block_size=3
  SSC-Block-TV-Col21 trial 32: mean ARI=0.5967  n=480  73.4s  lambda_e=5.126, lambda_z=9.913, gamma_q=0.04609, block_size=2
  SSC-Block-TV-Col21 trial 33: mean ARI=0.4760  n=480  67.2s  lambda_e=0.01518, lambda_z=0.05466, gamma_q=0.1186, block_size=4
  SSC-Block-TV-Col21 trial 34: mean ARI=0.6473  n=480  67.7s  lambda_e=1.211, lambda_z=0.7346, gamma_q=0.3794, block_size=3
  SSC-Block-TV-Col21 trial 35: mean ARI=0.7414  n=480  68.7s  lambda_e=0.5795, lambda_z=2.431, gamma_q=0.04377, block_size=2
  SSC-Block-TV-Col21 trial 36: mean ARI=0.6093  n=480  66.6s  lambda_e=2.02, lambda_z=0.103, gamma_q=0.09029, block_size=5
  SSC-Block-TV-Col21 trial 37: mean ARI=0.6718  n=480  68.2s  lambda_e=0.1859, lambda_z=4.107, gamma_q=0.009523, block_size=3
  SSC-Block-TV-Col21 trial 38: mean ARI=0.5178  n=480  67.3s  lambda_e=5.168, lambda_z=0.2941, gamma_q=0.56, block_size=4
  SSC-Block-TV-Col21 trial 39: mean ARI=0.8440  n=480  69.4s  lambda_e=0.03144, lambda_z=0.5652, gamma_q=0.03635, block_size=2
    best mean ARI=0.8440  tune 2709.5s  lambda_e=0.03144, lambda_z=0.5652, gamma_q=0.03635, block_size=2
  wrote /nfs/turbo/umms-minjilab/lpullela/icassp_ssc_tv2/block_ssc_benchmark/cv/params/surveillance/split_k3_clean_min30_trials20_knownk_scaled_params_cv_ssc_block_tv_col21_k3_sigma0_sigma0_fold0.json

=== P1E_S1_C1 train[0] k=3  dim=576  frames=153  σ=0.0  fold=0 ===
  SSC-Block-TV-Col21: k_hat=3  ACC=1.0000  NMI=1.0000  ARI=1.0000  0.2s

=== P1E_S1_C1 train[1] k=3  dim=576  frames=130  σ=0.0  fold=0 ===
  SSC-Block-TV-Col21: k_hat=3  ACC=1.0000  NMI=1.0000  ARI=1.0000  0.1s

=== P1E_S1_C1 train[2] k=3  dim=576  frames=140  σ=0.0  fold=0 ===
  SSC-Block-TV-Col21: k_hat=3  ACC=1.0000  NMI=1.0000  ARI=1.0000  0.1s

=== P1E_S1_C1 train[3] k=3  dim=576  frames=157  σ=0.0  fold=0 ===
  SSC-Block-TV-Col21: k_hat=3  ACC=0.5796  NMI=0.6618  ARI=0.4656  0.2s

=== P1E_S1_C1 train[4] k=3  dim=576  frames=151  σ=0.0  fold=0 ===
  SSC-Block-TV-Col21: k_hat=3  ACC=0.6026  NMI=0.6703  ARI=0.4826  0.2s

=== P1E_S1_C1 train[5] k=3  dim=576  frames=140  σ=0.0  fold=0 ===
  SSC-Block-TV-Col21: k_hat=3  ACC=0.8714  NMI=0.7724  ARI=0.6980  0.1s

=== P1E_S1_C1 train[6] k=3  dim=576  frames=171  σ=0.0  fold=0 ===
  SSC-Block-TV-Col21: k_hat=3  ACC=1.0000  NMI=1.0000  ARI=1.0000  0.2s

=== P1E_S1_C2 train[0] k=3  dim=576  frames=115  σ=0.0  fold=0 ===
  SSC-Block-TV-Col21: k_hat=3  ACC=1.0000  NMI=1.0000  ARI=1.0000  0.1s

=== P1E_S1_C2 train[1] k=3  dim=576  frames=104  σ=0.0  fold=0 ===
  SSC-Block-TV-Col21: k_hat=3  ACC=1.0000  NMI=1.0000  ARI=1.0000  0.1s

=== P1E_S1_C2 train[2] k=3  dim=576  frames=138  σ=0.0  fold=0 ===
  SSC-Block-TV-Col21: k_hat=3  ACC=0.6377  NMI=0.6117  ARI=0.4601  0.1s

=== P1E_S1_C2 train[3] k=3  dim=576  frames=113  σ=0.0  fold=0 ===
  SSC-Block-TV-Col21: k_hat=3  ACC=0.9027  NMI=0.8059  ARI=0.7662  0.1s

=== P1E_S1_C2 train[4] k=3  dim=576  frames=122  σ=0.0  fold=0 ===
  SSC-Block-TV-Col21: k_hat=3  ACC=0.9754  NMI=0.9052  ARI=0.9309  0.1s

=== P1E_S1_C2 train[5] k=3  dim=576  frames=122  σ=0.0  fold=0 ===
  SSC-Block-TV-Col21: k_hat=3  ACC=0.9754  NMI=0.9198  ARI=0.9329  0.1s

=== P1E_S1_C2 train[6] k=3  dim=576  frames=134  σ=0.0  fold=0 ===
  SSC-Block-TV-Col21: k_hat=3  ACC=0.9776  NMI=0.9247  ARI=0.9355  0.1s

=== P1E_S1_C3 train[0] k=3  dim=576  frames=56  σ=0.0  fold=0 ===
  SSC-Block-TV-Col21: k_hat=3  ACC=0.9821  NMI=0.9328  ARI=0.9451  0.0s

=== P1E_S1_C3 train[1] k=3  dim=576  frames=47  σ=0.0  fold=0 ===
  SSC-Block-TV-Col21: k_hat=3  ACC=0.9787  NMI=0.9290  ARI=0.9459  0.0s

=== P1E_S1_C3 train[2] k=3  dim=576  frames=61  σ=0.0  fold=0 ===
  SSC-Block-TV-Col21: k_hat=3  ACC=0.9180  NMI=0.7680  ARI=0.7905  0.1s

=== P1E_S1_C3 train[3] k=3  dim=576  frames=37  σ=0.0  fold=0 ===
  SSC-Block-TV-Col21: k_hat=3  ACC=0.7297  NMI=0.7110  ARI=0.5760  0.0s

=== P1E_S1_C3 train[4] k=3  dim=576  frames=55  σ=0.0  fold=0 ===
  SSC-Block-TV-Col21: k_hat=3  ACC=0.9636  NMI=0.8910  ARI=0.8863  0.0s

=== P1E_S1_C3 train[5] k=3  dim=576  frames=51  σ=0.0  fold=0 ===
  SSC-Block-TV-Col21: k_hat=3  ACC=0.5882  NMI=0.5814  ARI=0.4026  0.0s

=== P1E_S1_C3 train[6] k=3  dim=576  frames=69  σ=0.0  fold=0 ===
  SSC-Block-TV-Col21: k_hat=3  ACC=0.9710  NMI=0.9084  ARI=0.9128  0.1s

=== P1E_S2_C1 train[0] k=3  dim=576  frames=151  σ=0.0  fold=0 ===
  SSC-Block-TV-Col21: k_hat=3  ACC=0.9868  NMI=0.9489  ARI=0.9606  0.2s

=== P1E_S2_C1 train[1] k=3  dim=576  frames=136  σ=0.0  fold=0 ===
  SSC-Block-TV-Col21: k_hat=3  ACC=0.8971  NMI=0.7907  ARI=0.7297  0.1s

=== P1E_S2_C1 train[2] k=3  dim=576  frames=180  σ=0.0  fold=0 ===
  SSC-Block-TV-Col21: k_hat=3  ACC=0.8444  NMI=0.7045  ARI=0.6458  0.2s

=== P1E_S2_C1 train[3] k=3  dim=576  frames=149  σ=0.0  fold=0 ===
  SSC-Block-TV-Col21: k_hat=3  ACC=0.6040  NMI=0.6711  ARI=0.4842  0.2s

=== P1E_S2_C1 train[4] k=3  dim=576  frames=124  σ=0.0  fold=0 ===
  SSC-Block-TV-Col21: k_hat=3  ACC=0.5968  NMI=0.6702  ARI=0.4803  0.1s

=== P1E_S2_C1 train[5] k=3  dim=576  frames=161  σ=0.0  fold=0 ===
  SSC-Block-TV-Col21: k_hat=3  ACC=0.8571  NMI=0.7338  ARI=0.6578  0.2s

=== P1E_S2_C1 train[6] k=3  dim=576  frames=153  σ=0.0  fold=0 ===
  SSC-Block-TV-Col21: k_hat=3  ACC=1.0000  NMI=1.0000  ARI=1.0000  0.2s

=== P1E_S2_C2 train[0] k=3  dim=576  frames=115  σ=0.0  fold=0 ===
  SSC-Block-TV-Col21: k_hat=3  ACC=1.0000  NMI=1.0000  ARI=1.0000  0.1s

=== P1E_S2_C2 train[1] k=3  dim=576  frames=109  σ=0.0  fold=0 ===
  SSC-Block-TV-Col21: k_hat=3  ACC=0.9908  NMI=0.9619  ARI=0.9735  0.1s

=== P1E_S2_C2 train[2] k=3  dim=576  frames=144  σ=0.0  fold=0 ===
  SSC-Block-TV-Col21: k_hat=3  ACC=0.9236  NMI=0.7873  ARI=0.7871  0.2s

=== P1E_S2_C2 train[3] k=3  dim=576  frames=124  σ=0.0  fold=0 ===
  SSC-Block-TV-Col21: k_hat=3  ACC=1.0000  NMI=1.0000  ARI=1.0000  0.1s

=== P1E_S2_C2 train[4] k=3  dim=576  frames=109  σ=0.0  fold=0 ===
  SSC-Block-TV-Col21: k_hat=3  ACC=0.6514  NMI=0.6758  ARI=0.5042  0.1s

=== P1E_S2_C2 train[5] k=3  dim=576  frames=128  σ=0.0  fold=0 ===
  SSC-Block-TV-Col21: k_hat=3  ACC=0.8906  NMI=0.7908  ARI=0.7332  0.1s

=== P1E_S2_C2 train[6] k=3  dim=576  frames=126  σ=0.0  fold=0 ===
  SSC-Block-TV-Col21: k_hat=3  ACC=0.9841  NMI=0.9413  ARI=0.9532  0.1s

=== P1E_S2_C3 train[0] k=3  dim=576  frames=88  σ=0.0  fold=0 ===
  SSC-Block-TV-Col21: k_hat=3  ACC=0.9886  NMI=0.9540  ARI=0.9655  0.1s

=== P1E_S2_C3 train[1] k=3  dim=576  frames=90  σ=0.0  fold=0 ===
  SSC-Block-TV-Col21: k_hat=3  ACC=1.0000  NMI=1.0000  ARI=1.0000  0.1s

=== P1E_S2_C3 train[2] k=3  dim=576  frames=112  σ=0.0  fold=0 ===
  SSC-Block-TV-Col21: k_hat=3  ACC=0.8661  NMI=0.7346  ARI=0.6838  0.1s

=== P1E_S2_C3 train[3] k=3  dim=576  frames=99  σ=0.0  fold=0 ===
  SSC-Block-TV-Col21: k_hat=3  ACC=0.9798  NMI=0.9174  ARI=0.9396  0.1s

=== P1E_S2_C3 train[4] k=3  dim=576  frames=87  σ=0.0  fold=0 ===
  SSC-Block-TV-Col21: k_hat=3  ACC=0.6092  NMI=0.6683  ARI=0.4793  0.1s

=== P1E_S2_C3 train[5] k=3  dim=576  frames=105  σ=0.0  fold=0 ===
  SSC-Block-TV-Col21: k_hat=3  ACC=0.9619  NMI=0.8649  ARI=0.8848  0.1s

=== P1E_S2_C3 train[6] k=3  dim=576  frames=89  σ=0.0  fold=0 ===
  SSC-Block-TV-Col21: k_hat=3  ACC=0.9775  NMI=0.9248  ARI=0.9383  0.1s

=== P1E_S3_C1 train[0] k=3  dim=576  frames=139  σ=0.0  fold=0 ===
  SSC-Block-TV-Col21: k_hat=3  ACC=0.7338  NMI=0.6984  ARI=0.5493  0.2s

=== P1E_S3_C1 train[1] k=3  dim=576  frames=134  σ=0.0  fold=0 ===
  SSC-Block-TV-Col21: k_hat=3  ACC=0.9776  NMI=0.9226  ARI=0.9297  0.1s

=== P1E_S3_C1 train[2] k=3  dim=576  frames=161  σ=0.0  fold=0 ===
  SSC-Block-TV-Col21: k_hat=3  ACC=0.7950  NMI=0.7158  ARI=0.5886  0.2s

=== P1E_S3_C1 train[3] k=3  dim=576  frames=168  σ=0.0  fold=0 ===
  SSC-Block-TV-Col21: k_hat=3  ACC=0.8571  NMI=0.7396  ARI=0.6204  0.2s

=== P1E_S3_C1 train[4] k=3  dim=576  frames=123  σ=0.0  fold=0 ===
  SSC-Block-TV-Col21: k_hat=3  ACC=0.5203  NMI=0.4254  ARI=0.2446  0.1s

=== P1E_S3_C1 train[5] k=3  dim=576  frames=204  σ=0.0  fold=0 ===
  SSC-Block-TV-Col21: k_hat=3  ACC=0.7206  NMI=0.7092  ARI=0.5882  0.3s

=== P1E_S3_C1 train[6] k=3  dim=576  frames=112  σ=0.0  fold=0 ===
  SSC-Block-TV-Col21: k_hat=3  ACC=0.5625  NMI=0.6127  ARI=0.4282  0.1s

=== P1E_S3_C2 train[0] k=3  dim=576  frames=120  σ=0.0  fold=0 ===
  SSC-Block-TV-Col21: k_hat=3  ACC=0.9833  NMI=0.9371  ARI=0.9491  0.1s

=== P1E_S3_C2 train[1] k=3  dim=576  frames=112  σ=0.0  fold=0 ===
  SSC-Block-TV-Col21: k_hat=3  ACC=0.9732  NMI=0.9107  ARI=0.9149  0.1s

=== P1E_S3_C2 train[2] k=3  dim=576  frames=168  σ=0.0  fold=0 ===
  SSC-Block-TV-Col21: k_hat=3  ACC=0.8512  NMI=0.6787  ARI=0.6246  0.2s

=== P1E_S3_C2 train[3] k=3  dim=576  frames=169  σ=0.0  fold=0 ===
  SSC-Block-TV-Col21: k_hat=3  ACC=1.0000  NMI=1.0000  ARI=1.0000  0.2s

=== P1E_S3_C2 train[4] k=3  dim=576  frames=107  σ=0.0  fold=0 ===
  SSC-Block-TV-Col21: k_hat=3  ACC=0.5888  NMI=0.6662  ARI=0.4710  0.1s

=== P1E_S3_C2 train[5] k=3  dim=576  frames=146  σ=0.0  fold=0 ===
  SSC-Block-TV-Col21: k_hat=3  ACC=0.6507  NMI=0.6149  ARI=0.3702  0.2s

=== P1E_S3_C2 train[6] k=3  dim=576  frames=114  σ=0.0  fold=0 ===
  SSC-Block-TV-Col21: k_hat=3  ACC=0.9737  NMI=0.8991  ARI=0.9364  0.1s

=== P1E_S3_C3 train[0] k=3  dim=576  frames=89  σ=0.0  fold=0 ===
  SSC-Block-TV-Col21: k_hat=3  ACC=0.9888  NMI=0.9531  ARI=0.9640  0.1s

=== P1E_S3_C3 train[1] k=3  dim=576  frames=84  σ=0.0  fold=0 ===
  SSC-Block-TV-Col21: k_hat=3  ACC=0.9881  NMI=0.9525  ARI=0.9657  0.1s

=== P1E_S3_C3 train[2] k=3  dim=576  frames=125  σ=0.0  fold=0 ===
  SSC-Block-TV-Col21: k_hat=3  ACC=0.9840  NMI=0.9390  ARI=0.9481  0.1s

=== P1E_S3_C3 train[3] k=3  dim=576  frames=128  σ=0.0  fold=0 ===
  SSC-Block-TV-Col21: k_hat=3  ACC=1.0000  NMI=1.0000  ARI=1.0000  0.1s

=== P1E_S3_C3 train[4] k=3  dim=576  frames=83  σ=0.0  fold=0 ===
  SSC-Block-TV-Col21: k_hat=3  ACC=0.8554  NMI=0.7634  ARI=0.6855  0.1s

=== P1E_S3_C3 train[5] k=3  dim=576  frames=129  σ=0.0  fold=0 ===
  SSC-Block-TV-Col21: k_hat=3  ACC=1.0000  NMI=1.0000  ARI=1.0000  0.1s

=== P1E_S3_C3 train[6] k=3  dim=576  frames=84  σ=0.0  fold=0 ===
  SSC-Block-TV-Col21: k_hat=3  ACC=0.9881  NMI=0.9523  ARI=0.9667  0.1s

=== P1E_S4_C1 train[0] k=3  dim=576  frames=107  σ=0.0  fold=0 ===
  SSC-Block-TV-Col21: k_hat=3  ACC=1.0000  NMI=1.0000  ARI=1.0000  0.1s

=== P1E_S4_C1 train[1] k=3  dim=576  frames=155  σ=0.0  fold=0 ===
  SSC-Block-TV-Col21: k_hat=3  ACC=0.9871  NMI=0.9496  ARI=0.9602  0.2s

=== P1E_S4_C1 train[2] k=3  dim=576  frames=182  σ=0.0  fold=0 ===
  SSC-Block-TV-Col21: k_hat=3  ACC=0.8681  NMI=0.7446  ARI=0.6754  0.2s

=== P1E_S4_C1 train[3] k=3  dim=576  frames=180  σ=0.0  fold=0 ===
  SSC-Block-TV-Col21: k_hat=3  ACC=1.0000  NMI=1.0000  ARI=1.0000  0.2s

=== P1E_S4_C1 train[4] k=3  dim=576  frames=133  σ=0.0  fold=0 ===
  SSC-Block-TV-Col21: k_hat=3  ACC=0.7368  NMI=0.5178  ARI=0.3630  0.1s

=== P1E_S4_C1 train[5] k=3  dim=576  frames=147  σ=0.0  fold=0 ===
  SSC-Block-TV-Col21: k_hat=3  ACC=0.5238  NMI=0.4818  ARI=0.3255  0.2s

=== P1E_S4_C1 train[6] k=3  dim=576  frames=145  σ=0.0  fold=0 ===
  SSC-Block-TV-Col21: k_hat=3  ACC=0.9310  NMI=0.8213  ARI=0.8235  0.2s

=== P1E_S4_C2 train[0] k=3  dim=576  frames=125  σ=0.0  fold=0 ===
  SSC-Block-TV-Col21: k_hat=3  ACC=1.0000  NMI=1.0000  ARI=1.0000  0.1s

=== P1E_S4_C2 train[1] k=3  dim=576  frames=122  σ=0.0  fold=0 ===
  SSC-Block-TV-Col21: k_hat=3  ACC=1.0000  NMI=1.0000  ARI=1.0000  0.1s

=== P1E_S4_C2 train[2] k=3  dim=576  frames=126  σ=0.0  fold=0 ===
  SSC-Block-TV-Col21: k_hat=3  ACC=0.9921  NMI=0.9641  ARI=0.9732  0.1s

=== P1E_S4_C2 train[3] k=3  dim=576  frames=140  σ=0.0  fold=0 ===
  SSC-Block-TV-Col21: k_hat=3  ACC=0.9786  NMI=0.9234  ARI=0.9323  0.1s

=== P1E_S4_C2 train[4] k=3  dim=576  frames=129  σ=0.0  fold=0 ===
  SSC-Block-TV-Col21: k_hat=3  ACC=0.5581  NMI=0.6606  ARI=0.4599  0.1s

=== P1E_S4_C2 train[5] k=3  dim=576  frames=146  σ=0.0  fold=0 ===
  SSC-Block-TV-Col21: k_hat=3  ACC=0.9589  NMI=0.8852  ARI=0.8877  0.2s

=== P1E_S4_C2 train[6] k=3  dim=576  frames=110  σ=0.0  fold=0 ===
  SSC-Block-TV-Col21: k_hat=3  ACC=0.9818  NMI=0.9362  ARI=0.9514  0.1s

=== P1E_S4_C3 train[0] k=3  dim=576  frames=64  σ=0.0  fold=0 ===
  SSC-Block-TV-Col21: k_hat=3  ACC=1.0000  NMI=1.0000  ARI=1.0000  0.1s

=== P1E_S4_C3 train[1] k=3  dim=576  frames=85  σ=0.0  fold=0 ===
  SSC-Block-TV-Col21: k_hat=3  ACC=1.0000  NMI=1.0000  ARI=1.0000  0.1s

=== P1E_S4_C3 train[2] k=3  dim=576  frames=105  σ=0.0  fold=0 ===
  SSC-Block-TV-Col21: k_hat=3  ACC=0.5714  NMI=0.5947  ARI=0.4235  0.1s

=== P1E_S4_C3 train[3] k=3  dim=576  frames=87  σ=0.0  fold=0 ===
  SSC-Block-TV-Col21: k_hat=3  ACC=0.9885  NMI=0.9536  ARI=0.9636  0.1s

=== P1E_S4_C3 train[4] k=3  dim=576  frames=76  σ=0.0  fold=0 ===
  SSC-Block-TV-Col21: k_hat=3  ACC=0.9737  NMI=0.9158  ARI=0.9251  0.1s

=== P1E_S4_C3 train[5] k=3  dim=576  frames=106  σ=0.0  fold=0 ===
  SSC-Block-TV-Col21: k_hat=3  ACC=0.9906  NMI=0.9612  ARI=0.9742  0.1s

=== P1E_S4_C3 train[6] k=3  dim=576  frames=79  σ=0.0  fold=0 ===
  SSC-Block-TV-Col21: k_hat=3  ACC=0.9873  NMI=0.9513  ARI=0.9638  0.1s

=== P1L_S1_C1 train[0] k=3  dim=576  frames=170  σ=0.0  fold=0 ===
  SSC-Block-TV-Col21: k_hat=3  ACC=0.7118  NMI=0.6551  ARI=0.4519  0.2s

=== P1L_S1_C1 train[1] k=3  dim=576  frames=155  σ=0.0  fold=0 ===
  SSC-Block-TV-Col21: k_hat=3  ACC=1.0000  NMI=1.0000  ARI=1.0000  0.2s

=== P1L_S1_C1 train[2] k=3  dim=576  frames=182  σ=0.0  fold=0 ===
  SSC-Block-TV-Col21: k_hat=3  ACC=1.0000  NMI=1.0000  ARI=1.0000  0.2s

=== P1L_S1_C1 train[3] k=3  dim=576  frames=198  σ=0.0  fold=0 ===
  SSC-Block-TV-Col21: k_hat=3  ACC=0.9949  NMI=0.9760  ARI=0.9848  0.2s

=== P1L_S1_C1 train[4] k=3  dim=576  frames=166  σ=0.0  fold=0 ===
  SSC-Block-TV-Col21: k_hat=3  ACC=1.0000  NMI=1.0000  ARI=1.0000  0.2s

=== P1L_S1_C1 train[5] k=3  dim=576  frames=116  σ=0.0  fold=0 ===
  SSC-Block-TV-Col21: k_hat=3  ACC=0.6897  NMI=0.5598  ARI=0.4772  0.1s

=== P1L_S1_C1 train[6] k=3  dim=576  frames=175  σ=0.0  fold=0 ===
  SSC-Block-TV-Col21: k_hat=3  ACC=1.0000  NMI=1.0000  ARI=1.0000  0.2s

=== P1L_S1_C2 train[0] k=3  dim=576  frames=137  σ=0.0  fold=0 ===
  SSC-Block-TV-Col21: k_hat=3  ACC=1.0000  NMI=1.0000  ARI=1.0000  0.1s

=== P1L_S1_C2 train[1] k=3  dim=576  frames=147  σ=0.0  fold=0 ===
  SSC-Block-TV-Col21: k_hat=3  ACC=1.0000  NMI=1.0000  ARI=1.0000  0.2s

=== P1L_S1_C2 train[2] k=3  dim=576  frames=181  σ=0.0  fold=0 ===
  SSC-Block-TV-Col21: k_hat=3  ACC=0.8287  NMI=0.7245  ARI=0.5963  0.2s

=== P1L_S1_C2 train[3] k=3  dim=576  frames=128  σ=0.0  fold=0 ===
  SSC-Block-TV-Col21: k_hat=3  ACC=0.8672  NMI=0.7823  ARI=0.7521  0.1s

=== P1L_S1_C2 train[4] k=3  dim=576  frames=154  σ=0.0  fold=0 ===
  SSC-Block-TV-Col21: k_hat=3  ACC=0.5065  NMI=0.6566  ARI=0.4500  0.2s

=== P1L_S1_C2 train[5] k=3  dim=576  frames=142  σ=0.0  fold=0 ===
  SSC-Block-TV-Col21: k_hat=3  ACC=0.8310  NMI=0.7156  ARI=0.5798  0.2s

=== P1L_S1_C2 train[6] k=3  dim=576  frames=168  σ=0.0  fold=0 ===
  SSC-Block-TV-Col21: k_hat=3  ACC=1.0000  NMI=1.0000  ARI=1.0000  0.2s

=== P1L_S1_C3 train[0] k=3  dim=576  frames=68  σ=0.0  fold=0 ===
  SSC-Block-TV-Col21: k_hat=3  ACC=1.0000  NMI=1.0000  ARI=1.0000  0.1s

=== P1L_S1_C3 train[1] k=3  dim=576  frames=65  σ=0.0  fold=0 ===
  SSC-Block-TV-Col21: k_hat=3  ACC=0.9692  NMI=0.9021  ARI=0.9023  0.1s

=== P1L_S1_C3 train[2] k=3  dim=576  frames=74  σ=0.0  fold=0 ===
  SSC-Block-TV-Col21: k_hat=3  ACC=0.6622  NMI=0.4425  ARI=0.2350  0.1s

=== P1L_S1_C3 train[3] k=3  dim=576  frames=73  σ=0.0  fold=0 ===
  SSC-Block-TV-Col21: k_hat=3  ACC=0.5890  NMI=0.6610  ARI=0.4650  0.1s

=== P1L_S1_C3 train[4] k=3  dim=576  frames=64  σ=0.0  fold=0 ===
  SSC-Block-TV-Col21: k_hat=3  ACC=0.8594  NMI=0.7640  ARI=0.6799  0.1s

=== P1L_S1_C3 train[5] k=3  dim=576  frames=63  σ=0.0  fold=0 ===
  SSC-Block-TV-Col21: k_hat=3  ACC=0.6190  NMI=0.6736  ARI=0.5014  0.1s

=== P1L_S1_C3 train[6] k=3  dim=576  frames=75  σ=0.0  fold=0 ===
  SSC-Block-TV-Col21: k_hat=3  ACC=0.9867  NMI=0.9474  ARI=0.9569  0.1s

=== P1L_S2_C1 train[0] k=3  dim=576  frames=190  σ=0.0  fold=0 ===
  SSC-Block-TV-Col21: k_hat=3  ACC=0.7211  NMI=0.6714  ARI=0.4890  0.2s

=== P1L_S2_C1 train[1] k=3  dim=576  frames=180  σ=0.0  fold=0 ===
  SSC-Block-TV-Col21: k_hat=3  ACC=1.0000  NMI=1.0000  ARI=1.0000  0.2s

=== P1L_S2_C1 train[2] k=3  dim=576  frames=177  σ=0.0  fold=0 ===
  SSC-Block-TV-Col21: k_hat=3  ACC=0.8362  NMI=0.6532  ARI=0.5870  0.2s

=== P1L_S2_C1 train[3] k=3  dim=576  frames=172  σ=0.0  fold=0 ===
  SSC-Block-TV-Col21: k_hat=3  ACC=1.0000  NMI=1.0000  ARI=1.0000  0.2s

=== P1L_S2_C1 train[4] k=3  dim=576  frames=179  σ=0.0  fold=0 ===
  SSC-Block-TV-Col21: k_hat=3  ACC=1.0000  NMI=1.0000  ARI=1.0000  0.2s

=== P1L_S2_C1 train[5] k=3  dim=576  frames=180  σ=0.0  fold=0 ===
  SSC-Block-TV-Col21: k_hat=3  ACC=0.6111  NMI=0.5156  ARI=0.3607  0.2s

=== P1L_S2_C1 train[6] k=3  dim=576  frames=133  σ=0.0  fold=0 ===
  SSC-Block-TV-Col21: k_hat=3  ACC=1.0000  NMI=1.0000  ARI=1.0000  0.1s

=== P1L_S2_C2 train[0] k=3  dim=576  frames=155  σ=0.0  fold=0 ===
  SSC-Block-TV-Col21: k_hat=3  ACC=1.0000  NMI=1.0000  ARI=1.0000  0.2s

=== P1L_S2_C2 train[1] k=3  dim=576  frames=134  σ=0.0  fold=0 ===
  SSC-Block-TV-Col21: k_hat=3  ACC=1.0000  NMI=1.0000  ARI=1.0000  0.1s

=== P1L_S2_C2 train[2] k=3  dim=576  frames=186  σ=0.0  fold=0 ===
  SSC-Block-TV-Col21: k_hat=3  ACC=0.9839  NMI=0.9417  ARI=0.9571  0.2s

=== P1L_S2_C2 train[3] k=3  dim=576  frames=201  σ=0.0  fold=0 ===
  SSC-Block-TV-Col21: k_hat=3  ACC=1.0000  NMI=1.0000  ARI=1.0000  0.3s

=== P1L_S2_C2 train[4] k=3  dim=576  frames=171  σ=0.0  fold=0 ===
  SSC-Block-TV-Col21: k_hat=3  ACC=1.0000  NMI=1.0000  ARI=1.0000  0.2s

=== P1L_S2_C2 train[5] k=3  dim=576  frames=160  σ=0.0  fold=0 ===
  SSC-Block-TV-Col21: k_hat=3  ACC=0.8000  NMI=0.7446  ARI=0.6793  0.2s

=== P1L_S2_C2 train[6] k=3  dim=576  frames=154  σ=0.0  fold=0 ===
  SSC-Block-TV-Col21: k_hat=3  ACC=1.0000  NMI=1.0000  ARI=1.0000  0.2s

=== P1L_S2_C3 train[0] k=3  dim=576  frames=101  σ=0.0  fold=0 ===
  SSC-Block-TV-Col21: k_hat=3  ACC=1.0000  NMI=1.0000  ARI=1.0000  0.1s

=== P1L_S2_C3 train[1] k=3  dim=576  frames=85  σ=0.0  fold=0 ===
  SSC-Block-TV-Col21: k_hat=3  ACC=1.0000  NMI=1.0000  ARI=1.0000  0.1s

=== P1L_S2_C3 train[2] k=3  dim=576  frames=112  σ=0.0  fold=0 ===
  SSC-Block-TV-Col21: k_hat=3  ACC=1.0000  NMI=1.0000  ARI=1.0000  0.1s

=== P1L_S2_C3 train[3] k=3  dim=576  frames=126  σ=0.0  fold=0 ===
  SSC-Block-TV-Col21: k_hat=3  ACC=0.8333  NMI=0.7360  ARI=0.6161  0.1s

=== P1L_S2_C3 train[4] k=3  dim=576  frames=102  σ=0.0  fold=0 ===
  SSC-Block-TV-Col21: k_hat=3  ACC=0.9902  NMI=0.9595  ARI=0.9705  0.1s

=== P1L_S2_C3 train[5] k=3  dim=576  frames=121  σ=0.0  fold=0 ===
  SSC-Block-TV-Col21: k_hat=3  ACC=0.9091  NMI=0.7880  ARI=0.7781  0.1s

=== P1L_S2_C3 train[6] k=3  dim=576  frames=99  σ=0.0  fold=0 ===
  SSC-Block-TV-Col21: k_hat=3  ACC=0.9697  NMI=0.9066  ARI=0.9152  0.1s

=== P1L_S3_C1 train[0] k=3  dim=576  frames=120  σ=0.0  fold=0 ===
  SSC-Block-TV-Col21: k_hat=3  ACC=1.0000  NMI=1.0000  ARI=1.0000  0.1s

=== P1L_S3_C1 train[1] k=3  dim=576  frames=185  σ=0.0  fold=0 ===
  SSC-Block-TV-Col21: k_hat=3  ACC=0.9784  NMI=0.9259  ARI=0.9354  0.2s

=== P1L_S3_C1 train[2] k=3  dim=576  frames=156  σ=0.0  fold=0 ===
  SSC-Block-TV-Col21: k_hat=3  ACC=0.6346  NMI=0.6784  ARI=0.5044  0.2s

=== P1L_S3_C1 train[3] k=3  dim=576  frames=159  σ=0.0  fold=0 ===
  SSC-Block-TV-Col21: k_hat=3  ACC=0.7673  NMI=0.5636  ARI=0.4420  0.2s

=== P1L_S3_C1 train[4] k=3  dim=576  frames=172  σ=0.0  fold=0 ===
  SSC-Block-TV-Col21: k_hat=3  ACC=0.8314  NMI=0.7380  ARI=0.6261  0.2s

=== P1L_S3_C1 train[5] k=3  dim=576  frames=176  σ=0.0  fold=0 ===
  SSC-Block-TV-Col21: k_hat=3  ACC=0.7045  NMI=0.6249  ARI=0.4050  0.2s

=== P1L_S3_C1 train[6] k=3  dim=576  frames=134  σ=0.0  fold=0 ===
  SSC-Block-TV-Col21: k_hat=3  ACC=0.9552  NMI=0.8691  ARI=0.8600  0.1s

=== P1L_S3_C2 train[0] k=3  dim=576  frames=125  σ=0.0  fold=0 ===
  SSC-Block-TV-Col21: k_hat=3  ACC=0.8240  NMI=0.7461  ARI=0.6632  0.1s

=== P1L_S3_C2 train[1] k=3  dim=576  frames=166  σ=0.0  fold=0 ===
  SSC-Block-TV-Col21: k_hat=3  ACC=1.0000  NMI=1.0000  ARI=1.0000  0.2s

=== P1L_S3_C2 train[2] k=3  dim=576  frames=209  σ=0.0  fold=0 ===
  SSC-Block-TV-Col21: k_hat=3  ACC=0.8708  NMI=0.7496  ARI=0.6439  0.3s

=== P1L_S3_C2 train[3] k=3  dim=576  frames=168  σ=0.0  fold=0 ===
  SSC-Block-TV-Col21: k_hat=3  ACC=1.0000  NMI=1.0000  ARI=1.0000  0.2s

=== P1L_S3_C2 train[4] k=3  dim=576  frames=187  σ=0.0  fold=0 ===
  SSC-Block-TV-Col21: k_hat=3  ACC=0.5508  NMI=0.6596  ARI=0.4583  0.2s

=== P1L_S3_C2 train[5] k=3  dim=576  frames=229  σ=0.0  fold=0 ===
  SSC-Block-TV-Col21: k_hat=3  ACC=0.5109  NMI=0.6332  ARI=0.4399  0.3s

=== P1L_S3_C2 train[6] k=3  dim=576  frames=136  σ=0.0  fold=0 ===
  SSC-Block-TV-Col21: k_hat=3  ACC=1.0000  NMI=1.0000  ARI=1.0000  0.1s

=== P1L_S3_C3 train[0] k=3  dim=576  frames=118  σ=0.0  fold=0 ===
  SSC-Block-TV-Col21: k_hat=3  ACC=0.8983  NMI=0.7946  ARI=0.7354  0.1s

=== P1L_S3_C3 train[1] k=3  dim=576  frames=121  σ=0.0  fold=0 ===
  SSC-Block-TV-Col21: k_hat=3  ACC=1.0000  NMI=1.0000  ARI=1.0000  0.1s

=== P1L_S3_C3 train[2] k=3  dim=576  frames=142  σ=0.0  fold=0 ===
  SSC-Block-TV-Col21: k_hat=3  ACC=1.0000  NMI=1.0000  ARI=1.0000  0.2s

=== P1L_S3_C3 train[3] k=3  dim=576  frames=134  σ=0.0  fold=0 ===
  SSC-Block-TV-Col21: k_hat=3  ACC=0.8955  NMI=0.7794  ARI=0.7016  0.1s

=== P1L_S3_C3 train[4] k=3  dim=576  frames=110  σ=0.0  fold=0 ===
  SSC-Block-TV-Col21: k_hat=3  ACC=0.9000  NMI=0.7973  ARI=0.7409  0.1s

=== P1L_S3_C3 train[5] k=3  dim=576  frames=161  σ=0.0  fold=0 ===
  SSC-Block-TV-Col21: k_hat=3  ACC=0.8509  NMI=0.7344  ARI=0.6813  0.2s

=== P1L_S3_C3 train[6] k=3  dim=576  frames=114  σ=0.0  fold=0 ===
  SSC-Block-TV-Col21: k_hat=3  ACC=0.9912  NMI=0.9630  ARI=0.9763  0.1s

=== P1L_S4_C1 train[0] k=3  dim=576  frames=157  σ=0.0  fold=0 ===
  SSC-Block-TV-Col21: k_hat=3  ACC=0.9936  NMI=0.9699  ARI=0.9801  0.2s

=== P1L_S4_C1 train[1] k=3  dim=576  frames=154  σ=0.0  fold=0 ===
  SSC-Block-TV-Col21: k_hat=3  ACC=1.0000  NMI=1.0000  ARI=1.0000  0.2s

=== P1L_S4_C1 train[2] k=3  dim=576  frames=168  σ=0.0  fold=0 ===
  SSC-Block-TV-Col21: k_hat=3  ACC=0.8929  NMI=0.7744  ARI=0.6916  0.2s

=== P1L_S4_C1 train[3] k=3  dim=576  frames=142  σ=0.0  fold=0 ===
  SSC-Block-TV-Col21: k_hat=3  ACC=1.0000  NMI=1.0000  ARI=1.0000  0.2s

=== P1L_S4_C1 train[4] k=3  dim=576  frames=164  σ=0.0  fold=0 ===
  SSC-Block-TV-Col21: k_hat=3  ACC=0.9817  NMI=0.9352  ARI=0.9467  0.2s

=== P1L_S4_C1 train[5] k=3  dim=576  frames=187  σ=0.0  fold=0 ===
  SSC-Block-TV-Col21: k_hat=3  ACC=0.9840  NMI=0.9308  ARI=0.9535  0.2s

=== P1L_S4_C1 train[6] k=3  dim=576  frames=202  σ=0.0  fold=0 ===
  SSC-Block-TV-Col21: k_hat=3  ACC=1.0000  NMI=1.0000  ARI=1.0000  0.3s

=== P1L_S4_C2 train[0] k=3  dim=576  frames=149  σ=0.0  fold=0 ===
  SSC-Block-TV-Col21: k_hat=3  ACC=0.9195  NMI=0.8124  ARI=0.7623  0.2s

=== P1L_S4_C2 train[1] k=3  dim=576  frames=175  σ=0.0  fold=0 ===
  SSC-Block-TV-Col21: k_hat=3  ACC=1.0000  NMI=1.0000  ARI=1.0000  0.2s

=== P1L_S4_C2 train[2] k=3  dim=576  frames=168  σ=0.0  fold=0 ===
  SSC-Block-TV-Col21: k_hat=3  ACC=1.0000  NMI=1.0000  ARI=1.0000  0.2s

=== P1L_S4_C2 train[3] k=3  dim=576  frames=154  σ=0.0  fold=0 ===
  SSC-Block-TV-Col21: k_hat=3  ACC=1.0000  NMI=1.0000  ARI=1.0000  0.2s

=== P1L_S4_C2 train[4] k=3  dim=576  frames=152  σ=0.0  fold=0 ===
  SSC-Block-TV-Col21: k_hat=3  ACC=0.8618  NMI=0.7611  ARI=0.6804  0.2s

=== P1L_S4_C2 train[5] k=3  dim=576  frames=169  σ=0.0  fold=0 ===
  SSC-Block-TV-Col21: k_hat=3  ACC=0.7751  NMI=0.7207  ARI=0.6048  0.2s

=== P1L_S4_C2 train[6] k=3  dim=576  frames=153  σ=0.0  fold=0 ===
  SSC-Block-TV-Col21: k_hat=3  ACC=0.9935  NMI=0.9708  ARI=0.9831  0.2s

=== P1L_S4_C3 train[0] k=3  dim=576  frames=107  σ=0.0  fold=0 ===
  SSC-Block-TV-Col21: k_hat=3  ACC=0.9907  NMI=0.9584  ARI=0.9678  0.1s

=== P1L_S4_C3 train[1] k=3  dim=576  frames=94  σ=0.0  fold=0 ===
  SSC-Block-TV-Col21: k_hat=3  ACC=1.0000  NMI=1.0000  ARI=1.0000  0.1s

=== P1L_S4_C3 train[2] k=3  dim=576  frames=117  σ=0.0  fold=0 ===
  SSC-Block-TV-Col21: k_hat=3  ACC=1.0000  NMI=1.0000  ARI=1.0000  0.1s

=== P1L_S4_C3 train[3] k=3  dim=576  frames=112  σ=0.0  fold=0 ===
  SSC-Block-TV-Col21: k_hat=3  ACC=0.8036  NMI=0.7211  ARI=0.5862  0.1s

=== P1L_S4_C3 train[4] k=3  dim=576  frames=103  σ=0.0  fold=0 ===
  SSC-Block-TV-Col21: k_hat=3  ACC=0.7864  NMI=0.7037  ARI=0.5520  0.1s

=== P1L_S4_C3 train[5] k=3  dim=576  frames=105  σ=0.0  fold=0 ===
  SSC-Block-TV-Col21: k_hat=3  ACC=0.5143  NMI=0.6557  ARI=0.4468  0.1s

=== P1L_S4_C3 train[6] k=3  dim=576  frames=107  σ=0.0  fold=0 ===
  SSC-Block-TV-Col21: k_hat=3  ACC=0.9813  NMI=0.9338  ARI=0.9463  0.1s

=== P1E_S1_C1 test[0] k=3  dim=576  frames=146  σ=0.0  fold=0 ===
  SSC-Block-TV-Col21: k_hat=3  ACC=1.0000  NMI=1.0000  ARI=1.0000  0.2s

=== P1E_S1_C2 test[0] k=3  dim=576  frames=147  σ=0.0  fold=0 ===
  SSC-Block-TV-Col21: k_hat=3  ACC=0.9796  NMI=0.9259  ARI=0.9329  0.2s

=== P1E_S1_C3 test[0] k=3  dim=576  frames=58  σ=0.0  fold=0 ===
  SSC-Block-TV-Col21: k_hat=3  ACC=0.9310  NMI=0.8288  ARI=0.7886  0.1s

=== P1E_S2_C1 test[0] k=3  dim=576  frames=167  σ=0.0  fold=0 ===
  SSC-Block-TV-Col21: k_hat=3  ACC=0.9760  NMI=0.9201  ARI=0.9285  0.2s

=== P1E_S2_C2 test[0] k=3  dim=576  frames=146  σ=0.0  fold=0 ===
  SSC-Block-TV-Col21: k_hat=3  ACC=0.9589  NMI=0.8572  ARI=0.8756  0.2s

=== P1E_S2_C3 test[0] k=3  dim=576  frames=113  σ=0.0  fold=0 ===
  SSC-Block-TV-Col21: k_hat=3  ACC=1.0000  NMI=1.0000  ARI=1.0000  0.1s

=== P1E_S3_C1 test[0] k=3  dim=576  frames=166  σ=0.0  fold=0 ===
  SSC-Block-TV-Col21: k_hat=3  ACC=0.8675  NMI=0.7219  ARI=0.6375  0.2s

=== P1E_S3_C2 test[0] k=3  dim=576  frames=147  σ=0.0  fold=0 ===
  SSC-Block-TV-Col21: k_hat=3  ACC=0.8639  NMI=0.7374  ARI=0.6181  0.2s

=== P1E_S3_C3 test[0] k=3  dim=576  frames=105  σ=0.0  fold=0 ===
  SSC-Block-TV-Col21: k_hat=3  ACC=1.0000  NMI=1.0000  ARI=1.0000  0.1s

=== P1E_S4_C1 test[0] k=3  dim=576  frames=158  σ=0.0  fold=0 ===
  SSC-Block-TV-Col21: k_hat=3  ACC=0.8608  NMI=0.7292  ARI=0.6047  0.2s

=== P1E_S4_C2 test[0] k=3  dim=576  frames=117  σ=0.0  fold=0 ===
  SSC-Block-TV-Col21: k_hat=3  ACC=0.9573  NMI=0.8552  ARI=0.8756  0.1s

=== P1E_S4_C3 test[0] k=3  dim=576  frames=90  σ=0.0  fold=0 ===
  SSC-Block-TV-Col21: k_hat=3  ACC=0.9889  NMI=0.9539  ARI=0.9637  0.1s

=== P1L_S1_C1 test[0] k=3  dim=576  frames=162  σ=0.0  fold=0 ===
  SSC-Block-TV-Col21: k_hat=3  ACC=0.5494  NMI=0.6534  ARI=0.4507  0.2s

=== P1L_S1_C2 test[0] k=3  dim=576  frames=186  σ=0.0  fold=0 ===
  SSC-Block-TV-Col21: k_hat=3  ACC=0.9946  NMI=0.9749  ARI=0.9845  0.2s

=== P1L_S1_C3 test[0] k=3  dim=576  frames=60  σ=0.0  fold=0 ===
  SSC-Block-TV-Col21: k_hat=3  ACC=0.5167  NMI=0.6515  ARI=0.4364  0.1s

=== P1L_S2_C1 test[0] k=3  dim=576  frames=211  σ=0.0  fold=0 ===
  SSC-Block-TV-Col21: k_hat=3  ACC=0.8246  NMI=0.7261  ARI=0.6134  0.3s

=== P1L_S2_C2 test[0] k=3  dim=576  frames=194  σ=0.0  fold=0 ===
  SSC-Block-TV-Col21: k_hat=3  ACC=0.9948  NMI=0.9734  ARI=0.9820  0.2s

=== P1L_S2_C3 test[0] k=3  dim=576  frames=119  σ=0.0  fold=0 ===
  SSC-Block-TV-Col21: k_hat=3  ACC=1.0000  NMI=1.0000  ARI=1.0000  0.1s

=== P1L_S3_C1 test[0] k=3  dim=576  frames=156  σ=0.0  fold=0 ===
  SSC-Block-TV-Col21: k_hat=3  ACC=0.4872  NMI=0.3228  ARI=0.0821  0.2s

=== P1L_S3_C2 test[0] k=3  dim=576  frames=185  σ=0.0  fold=0 ===
  SSC-Block-TV-Col21: k_hat=3  ACC=0.9946  NMI=0.9743  ARI=0.9829  0.2s

=== P1L_S3_C3 test[0] k=3  dim=576  frames=151  σ=0.0  fold=0 ===
  SSC-Block-TV-Col21: k_hat=3  ACC=0.9934  NMI=0.9677  ARI=0.9795  0.2s

=== P1L_S4_C1 test[0] k=3  dim=576  frames=200  σ=0.0  fold=0 ===
  SSC-Block-TV-Col21: k_hat=3  ACC=0.9250  NMI=0.8262  ARI=0.7975  0.2s

=== P1L_S4_C2 test[0] k=3  dim=576  frames=157  σ=0.0  fold=0 ===
  SSC-Block-TV-Col21: k_hat=3  ACC=1.0000  NMI=1.0000  ARI=1.0000  0.2s

=== P1L_S4_C3 test[0] k=3  dim=576  frames=96  σ=0.0  fold=0 ===
  SSC-Block-TV-Col21: k_hat=3  ACC=1.0000  NMI=1.0000  ARI=1.0000  0.1s
  tune_pool_groups=20: sampling from 22 held-in people (overlap allowed) instead of the 7 fixed partition group(s)

============================================================
σ=0.0 fold=1  test=['0004', '0014', '0027']  train mats=168  test mats=24  tune mats=480
  --- tune SSC-Block-TV-Col21 over 480 train mats  n_trials=40 (4 params) ---
  SSC-Block-TV-Col21 trial 0: mean ARI=0.6268  n=480  68.7s  lambda_e=1, lambda_z=0.1, gamma_q=0.1, block_size=5
  SSC-Block-TV-Col21 trial 1: mean ARI=0.6951  n=480  71.0s  lambda_e=0.443, lambda_z=0.7257, gamma_q=0.2577, block_size=7
  SSC-Block-TV-Col21 trial 2: mean ARI=0.7651  n=480  68.7s  lambda_e=0.1866, lambda_z=0.3833, gamma_q=0.05628, block_size=11
  SSC-Block-TV-Col21 trial 3: mean ARI=0.3793  n=480  68.6s  lambda_e=7.78, lambda_z=0.03418, gamma_q=1.469, block_size=7
  SSC-Block-TV-Col21 trial 4: mean ARI=0.6496  n=480  71.9s  lambda_e=0.506, lambda_z=5.039, gamma_q=0.001924, block_size=2
  SSC-Block-TV-Col21 trial 5: mean ARI=0.3530  n=480  68.3s  lambda_e=0.0115, lambda_z=2.14, gamma_q=1.296, block_size=11
  SSC-Block-TV-Col21 trial 6: mean ARI=0.7194  n=480  68.1s  lambda_e=8.627, lambda_z=1.573, gamma_q=0.07013, block_size=10
  SSC-Block-TV-Col21 trial 7: mean ARI=0.8167  n=480  67.9s  lambda_e=0.02264, lambda_z=0.3628, gamma_q=0.003745, block_size=12
  SSC-Block-TV-Col21 trial 8: mean ARI=0.7951  n=480  68.1s  lambda_e=0.3677, lambda_z=0.04557, gamma_q=0.01143, block_size=10
  SSC-Block-TV-Col21 trial 9: mean ARI=0.8079  n=480  68.3s  lambda_e=0.2336, lambda_z=0.1878, gamma_q=0.001189, block_size=8
  SSC-Block-TV-Col21 trial 10: mean ARI=0.4736  n=480  71.6s  lambda_e=0.01151, lambda_z=0.001661, gamma_q=6.473, block_size=2
  SSC-Block-TV-Col21 trial 11: mean ARI=0.8138  n=480  73.0s  lambda_e=0.05789, lambda_z=0.1589, gamma_q=0.001276, block_size=8
  SSC-Block-TV-Col21 trial 12: mean ARI=0.7392  n=480  68.2s  lambda_e=0.03705, lambda_z=0.00525, gamma_q=0.006143, block_size=12
  SSC-Block-TV-Col21 trial 13: mean ARI=0.7875  n=480  69.2s  lambda_e=0.04693, lambda_z=0.01302, gamma_q=0.007133, block_size=5
  SSC-Block-TV-Col21 trial 14: mean ARI=0.8126  n=480  68.4s  lambda_e=0.05946, lambda_z=0.1905, gamma_q=0.003034, block_size=9
  SSC-Block-TV-Col21 trial 15: mean ARI=0.7651  n=480  69.3s  lambda_e=0.09713, lambda_z=7.364, gamma_q=0.02311, block_size=5
  SSC-Block-TV-Col21 trial 16: mean ARI=0.8031  n=480  67.8s  lambda_e=0.02243, lambda_z=0.9967, gamma_q=0.001081, block_size=12
  SSC-Block-TV-Col21 trial 17: mean ARI=0.8368  n=480  68.4s  lambda_e=0.0948, lambda_z=0.05151, gamma_q=0.003898, block_size=7
  SSC-Block-TV-Col21 trial 18: mean ARI=0.6836  n=480  69.4s  lambda_e=1.931, lambda_z=0.01921, gamma_q=0.023, block_size=4
  SSC-Block-TV-Col21 trial 19: mean ARI=0.7661  n=480  68.6s  lambda_e=0.1224, lambda_z=0.00499, gamma_q=0.004118, block_size=7
  SSC-Block-TV-Col21 trial 20: mean ARI=0.8372  n=480  72.2s  lambda_e=0.0248, lambda_z=0.06909, gamma_q=0.01414, block_size=4
  SSC-Block-TV-Col21 trial 21: mean ARI=0.8329  n=480  71.6s  lambda_e=0.02425, lambda_z=0.07218, gamma_q=0.01624, block_size=4
  SSC-Block-TV-Col21 trial 22: mean ARI=0.8267  n=480  69.7s  lambda_e=0.02196, lambda_z=0.0646, gamma_q=0.01632, block_size=4
  SSC-Block-TV-Col21 trial 23: mean ARI=0.6032  n=480  70.3s  lambda_e=0.03462, lambda_z=0.02213, gamma_q=0.04194, block_size=3
  SSC-Block-TV-Col21 trial 24: mean ARI=0.4280  n=480  68.6s  lambda_e=0.09442, lambda_z=0.009654, gamma_q=0.1872, block_size=6
  SSC-Block-TV-Col21 trial 25: mean ARI=0.8434  n=480  70.1s  lambda_e=0.01025, lambda_z=0.04975, gamma_q=0.009955, block_size=3
  SSC-Block-TV-Col21 trial 26: mean ARI=0.8329  n=480  70.1s  lambda_e=0.01087, lambda_z=0.03464, gamma_q=0.007843, block_size=3
  SSC-Block-TV-Col21 trial 27: mean ARI=0.6418  n=480  70.0s  lambda_e=0.01889, lambda_z=0.001345, gamma_q=0.002787, block_size=3
  SSC-Block-TV-Col21 trial 28: mean ARI=0.4926  n=480  68.6s  lambda_e=0.06696, lambda_z=0.006331, gamma_q=0.03374, block_size=6
  SSC-Block-TV-Col21 trial 29: mean ARI=0.5461  n=480  69.2s  lambda_e=0.1706, lambda_z=0.1241, gamma_q=0.1597, block_size=5
  SSC-Block-TV-Col21 trial 30: mean ARI=0.7574  n=480  72.8s  lambda_e=1.784, lambda_z=0.3219, gamma_q=0.1053, block_size=6
  SSC-Block-TV-Col21 trial 31: mean ARI=0.8487  n=480  70.8s  lambda_e=0.01061, lambda_z=0.05111, gamma_q=0.007954, block_size=3
  SSC-Block-TV-Col21 trial 32: mean ARI=0.8569  n=480  72.0s  lambda_e=0.01532, lambda_z=0.07574, gamma_q=0.009338, block_size=2
  SSC-Block-TV-Col21 trial 33: mean ARI=0.8637  n=480  71.9s  lambda_e=0.01586, lambda_z=0.1119, gamma_q=0.01152, block_size=2
  SSC-Block-TV-Col21 trial 34: mean ARI=0.8667  n=480  71.5s  lambda_e=0.0153, lambda_z=0.09974, gamma_q=0.009413, block_size=2
  SSC-Block-TV-Col21 trial 35: mean ARI=0.8482  n=480  71.5s  lambda_e=0.01578, lambda_z=0.6205, gamma_q=0.03044, block_size=2
  SSC-Block-TV-Col21 trial 36: mean ARI=0.5389  n=480  71.4s  lambda_e=0.01487, lambda_z=0.1019, gamma_q=0.4445, block_size=2
  SSC-Block-TV-Col21 trial 37: mean ARI=0.8342  n=480  71.4s  lambda_e=0.03685, lambda_z=0.2398, gamma_q=0.06331, block_size=2
  SSC-Block-TV-Col21 trial 38: mean ARI=0.8599  n=480  69.9s  lambda_e=0.01491, lambda_z=0.5457, gamma_q=0.005535, block_size=3
  SSC-Block-TV-Col21 trial 39: mean ARI=0.8453  n=480  72.7s  lambda_e=0.03183, lambda_z=0.5802, gamma_q=0.005184, block_size=2
    best mean ARI=0.8667  tune 2800.3s  lambda_e=0.0153, lambda_z=0.09974, gamma_q=0.009413, block_size=2
  wrote /nfs/turbo/umms-minjilab/lpullela/icassp_ssc_tv2/block_ssc_benchmark/cv/params/surveillance/split_k3_clean_min30_trials20_knownk_scaled_params_cv_ssc_block_tv_col21_k3_sigma0_sigma0_fold1.json

=== P1E_S1_C1 train[0] k=3  dim=576  frames=146  σ=0.0  fold=1 ===
  SSC-Block-TV-Col21: k_hat=3  ACC=0.9178  NMI=0.7994  ARI=0.7432  0.2s

=== P1E_S1_C1 train[1] k=3  dim=576  frames=130  σ=0.0  fold=1 ===
  SSC-Block-TV-Col21: k_hat=3  ACC=0.9308  NMI=0.8341  ARI=0.8016  0.1s

=== P1E_S1_C1 train[2] k=3  dim=576  frames=140  σ=0.0  fold=1 ===
  SSC-Block-TV-Col21: k_hat=3  ACC=0.9357  NMI=0.8323  ARI=0.7981  0.2s

=== P1E_S1_C1 train[3] k=3  dim=576  frames=157  σ=0.0  fold=1 ===
  SSC-Block-TV-Col21: k_hat=3  ACC=0.5796  NMI=0.6618  ARI=0.4656  0.2s

=== P1E_S1_C1 train[4] k=3  dim=576  frames=151  σ=0.0  fold=1 ===
  SSC-Block-TV-Col21: k_hat=3  ACC=0.6026  NMI=0.6703  ARI=0.4826  0.2s

=== P1E_S1_C1 train[5] k=3  dim=576  frames=140  σ=0.0  fold=1 ===
  SSC-Block-TV-Col21: k_hat=3  ACC=0.8786  NMI=0.7789  ARI=0.7106  0.2s

=== P1E_S1_C1 train[6] k=3  dim=576  frames=171  σ=0.0  fold=1 ===
  SSC-Block-TV-Col21: k_hat=3  ACC=1.0000  NMI=1.0000  ARI=1.0000  0.2s

=== P1E_S1_C2 train[0] k=3  dim=576  frames=147  σ=0.0  fold=1 ===
  SSC-Block-TV-Col21: k_hat=3  ACC=0.9864  NMI=0.9455  ARI=0.9549  0.2s

=== P1E_S1_C2 train[1] k=3  dim=576  frames=104  σ=0.0  fold=1 ===
  SSC-Block-TV-Col21: k_hat=3  ACC=1.0000  NMI=1.0000  ARI=1.0000  0.1s

=== P1E_S1_C2 train[2] k=3  dim=576  frames=138  σ=0.0  fold=1 ===
  SSC-Block-TV-Col21: k_hat=3  ACC=0.6377  NMI=0.6117  ARI=0.4601  0.2s

=== P1E_S1_C2 train[3] k=3  dim=576  frames=113  σ=0.0  fold=1 ===
  SSC-Block-TV-Col21: k_hat=3  ACC=0.9027  NMI=0.8059  ARI=0.7662  0.1s

=== P1E_S1_C2 train[4] k=3  dim=576  frames=122  σ=0.0  fold=1 ===
  SSC-Block-TV-Col21: k_hat=3  ACC=0.9754  NMI=0.9052  ARI=0.9309  0.1s

=== P1E_S1_C2 train[5] k=3  dim=576  frames=122  σ=0.0  fold=1 ===
  SSC-Block-TV-Col21: k_hat=3  ACC=0.9426  NMI=0.8571  ARI=0.8532  0.1s

=== P1E_S1_C2 train[6] k=3  dim=576  frames=134  σ=0.0  fold=1 ===
  SSC-Block-TV-Col21: k_hat=3  ACC=0.9851  NMI=0.9443  ARI=0.9564  0.2s

=== P1E_S1_C3 train[0] k=3  dim=576  frames=58  σ=0.0  fold=1 ===
  SSC-Block-TV-Col21: k_hat=3  ACC=0.9310  NMI=0.8288  ARI=0.7886  0.1s

=== P1E_S1_C3 train[1] k=3  dim=576  frames=47  σ=0.0  fold=1 ===
  SSC-Block-TV-Col21: k_hat=3  ACC=1.0000  NMI=1.0000  ARI=1.0000  0.0s

=== P1E_S1_C3 train[2] k=3  dim=576  frames=61  σ=0.0  fold=1 ===
  SSC-Block-TV-Col21: k_hat=3  ACC=0.5738  NMI=0.5628  ARI=0.3883  0.1s

=== P1E_S1_C3 train[3] k=3  dim=576  frames=37  σ=0.0  fold=1 ===
  SSC-Block-TV-Col21: k_hat=3  ACC=0.9730  NMI=0.9144  ARI=0.9299  0.0s

=== P1E_S1_C3 train[4] k=3  dim=576  frames=55  σ=0.0  fold=1 ===
  SSC-Block-TV-Col21: k_hat=3  ACC=0.9636  NMI=0.8910  ARI=0.8863  0.1s

=== P1E_S1_C3 train[5] k=3  dim=576  frames=51  σ=0.0  fold=1 ===
  SSC-Block-TV-Col21: k_hat=3  ACC=0.9608  NMI=0.8615  ARI=0.8807  0.0s

=== P1E_S1_C3 train[6] k=3  dim=576  frames=69  σ=0.0  fold=1 ===
  SSC-Block-TV-Col21: k_hat=3  ACC=0.9855  NMI=0.9451  ARI=0.9554  0.1s

=== P1E_S2_C1 train[0] k=3  dim=576  frames=167  σ=0.0  fold=1 ===
  SSC-Block-TV-Col21: k_hat=3  ACC=0.8623  NMI=0.7229  ARI=0.6578  0.2s

=== P1E_S2_C1 train[1] k=3  dim=576  frames=136  σ=0.0  fold=1 ===
  SSC-Block-TV-Col21: k_hat=3  ACC=0.8971  NMI=0.7907  ARI=0.7297  0.1s

=== P1E_S2_C1 train[2] k=3  dim=576  frames=180  σ=0.0  fold=1 ===
  SSC-Block-TV-Col21: k_hat=3  ACC=0.8333  NMI=0.6960  ARI=0.6305  0.2s

=== P1E_S2_C1 train[3] k=3  dim=576  frames=149  σ=0.0  fold=1 ===
  SSC-Block-TV-Col21: k_hat=3  ACC=0.6040  NMI=0.6711  ARI=0.4842  0.2s

=== P1E_S2_C1 train[4] k=3  dim=576  frames=124  σ=0.0  fold=1 ===
  SSC-Block-TV-Col21: k_hat=3  ACC=0.5806  NMI=0.6673  ARI=0.4713  0.1s

=== P1E_S2_C1 train[5] k=3  dim=576  frames=161  σ=0.0  fold=1 ===
  SSC-Block-TV-Col21: k_hat=3  ACC=0.8571  NMI=0.7338  ARI=0.6578  0.2s

=== P1E_S2_C1 train[6] k=3  dim=576  frames=153  σ=0.0  fold=1 ===
  SSC-Block-TV-Col21: k_hat=3  ACC=1.0000  NMI=1.0000  ARI=1.0000  0.2s

=== P1E_S2_C2 train[0] k=3  dim=576  frames=146  σ=0.0  fold=1 ===
  SSC-Block-TV-Col21: k_hat=3  ACC=0.9384  NMI=0.8138  ARI=0.8157  0.2s

=== P1E_S2_C2 train[1] k=3  dim=576  frames=109  σ=0.0  fold=1 ===
  SSC-Block-TV-Col21: k_hat=3  ACC=0.9908  NMI=0.9619  ARI=0.9735  0.1s

=== P1E_S2_C2 train[2] k=3  dim=576  frames=144  σ=0.0  fold=1 ===
  SSC-Block-TV-Col21: k_hat=3  ACC=0.9444  NMI=0.8591  ARI=0.8473  0.2s

=== P1E_S2_C2 train[3] k=3  dim=576  frames=124  σ=0.0  fold=1 ===
  SSC-Block-TV-Col21: k_hat=3  ACC=1.0000  NMI=1.0000  ARI=1.0000  0.1s

=== P1E_S2_C2 train[4] k=3  dim=576  frames=109  σ=0.0  fold=1 ===
  SSC-Block-TV-Col21: k_hat=3  ACC=0.6606  NMI=0.6786  ARI=0.5115  0.1s

=== P1E_S2_C2 train[5] k=3  dim=576  frames=128  σ=0.0  fold=1 ===
  SSC-Block-TV-Col21: k_hat=3  ACC=0.8906  NMI=0.7908  ARI=0.7332  0.1s

=== P1E_S2_C2 train[6] k=3  dim=576  frames=126  σ=0.0  fold=1 ===
  SSC-Block-TV-Col21: k_hat=3  ACC=0.9841  NMI=0.9413  ARI=0.9532  0.1s

=== P1E_S2_C3 train[0] k=3  dim=576  frames=113  σ=0.0  fold=1 ===
  SSC-Block-TV-Col21: k_hat=3  ACC=1.0000  NMI=1.0000  ARI=1.0000  0.1s

=== P1E_S2_C3 train[1] k=3  dim=576  frames=90  σ=0.0  fold=1 ===
  SSC-Block-TV-Col21: k_hat=3  ACC=1.0000  NMI=1.0000  ARI=1.0000  0.1s

=== P1E_S2_C3 train[2] k=3  dim=576  frames=112  σ=0.0  fold=1 ===
  SSC-Block-TV-Col21: k_hat=3  ACC=0.9821  NMI=0.9241  ARI=0.9452  0.1s

=== P1E_S2_C3 train[3] k=3  dim=576  frames=99  σ=0.0  fold=1 ===
  SSC-Block-TV-Col21: k_hat=3  ACC=0.9899  NMI=0.9585  ARI=0.9691  0.1s

=== P1E_S2_C3 train[4] k=3  dim=576  frames=87  σ=0.0  fold=1 ===
  SSC-Block-TV-Col21: k_hat=3  ACC=0.5977  NMI=0.6670  ARI=0.4754  0.1s

=== P1E_S2_C3 train[5] k=3  dim=576  frames=105  σ=0.0  fold=1 ===
  SSC-Block-TV-Col21: k_hat=3  ACC=0.9810  NMI=0.9322  ARI=0.9410  0.1s

=== P1E_S2_C3 train[6] k=3  dim=576  frames=89  σ=0.0  fold=1 ===
  SSC-Block-TV-Col21: k_hat=3  ACC=0.9775  NMI=0.9248  ARI=0.9383  0.1s

=== P1E_S3_C1 train[0] k=3  dim=576  frames=166  σ=0.0  fold=1 ===
  SSC-Block-TV-Col21: k_hat=3  ACC=0.8373  NMI=0.6924  ARI=0.5815  0.2s

=== P1E_S3_C1 train[1] k=3  dim=576  frames=134  σ=0.0  fold=1 ===
  SSC-Block-TV-Col21: k_hat=3  ACC=0.8209  NMI=0.7183  ARI=0.5756  0.2s

=== P1E_S3_C1 train[2] k=3  dim=576  frames=161  σ=0.0  fold=1 ===
  SSC-Block-TV-Col21: k_hat=3  ACC=0.7950  NMI=0.7158  ARI=0.5886  0.2s

=== P1E_S3_C1 train[3] k=3  dim=576  frames=168  σ=0.0  fold=1 ===
  SSC-Block-TV-Col21: k_hat=3  ACC=0.8512  NMI=0.7342  ARI=0.6087  0.2s

=== P1E_S3_C1 train[4] k=3  dim=576  frames=123  σ=0.0  fold=1 ===
  SSC-Block-TV-Col21: k_hat=3  ACC=0.5203  NMI=0.4254  ARI=0.2446  0.1s

=== P1E_S3_C1 train[5] k=3  dim=576  frames=204  σ=0.0  fold=1 ===
  SSC-Block-TV-Col21: k_hat=3  ACC=0.5588  NMI=0.3253  ARI=0.1201  0.3s

=== P1E_S3_C1 train[6] k=3  dim=576  frames=112  σ=0.0  fold=1 ===
  SSC-Block-TV-Col21: k_hat=3  ACC=0.5625  NMI=0.6127  ARI=0.4282  0.1s

=== P1E_S3_C2 train[0] k=3  dim=576  frames=147  σ=0.0  fold=1 ===
  SSC-Block-TV-Col21: k_hat=3  ACC=0.8571  NMI=0.7306  ARI=0.6039  0.2s

=== P1E_S3_C2 train[1] k=3  dim=576  frames=112  σ=0.0  fold=1 ===
  SSC-Block-TV-Col21: k_hat=3  ACC=0.9554  NMI=0.8723  ARI=0.8616  0.1s

=== P1E_S3_C2 train[2] k=3  dim=576  frames=168  σ=0.0  fold=1 ===
  SSC-Block-TV-Col21: k_hat=3  ACC=0.7857  NMI=0.6797  ARI=0.4979  0.2s

=== P1E_S3_C2 train[3] k=3  dim=576  frames=169  σ=0.0  fold=1 ===
  SSC-Block-TV-Col21: k_hat=3  ACC=0.8225  NMI=0.7337  ARI=0.6167  0.2s

=== P1E_S3_C2 train[4] k=3  dim=576  frames=107  σ=0.0  fold=1 ===
  SSC-Block-TV-Col21: k_hat=3  ACC=0.5888  NMI=0.6662  ARI=0.4710  0.1s

=== P1E_S3_C2 train[5] k=3  dim=576  frames=146  σ=0.0  fold=1 ===
  SSC-Block-TV-Col21: k_hat=3  ACC=0.6507  NMI=0.6149  ARI=0.3702  0.2s

=== P1E_S3_C2 train[6] k=3  dim=576  frames=114  σ=0.0  fold=1 ===
  SSC-Block-TV-Col21: k_hat=3  ACC=0.9825  NMI=0.9242  ARI=0.9544  0.1s

=== P1E_S3_C3 train[0] k=3  dim=576  frames=105  σ=0.0  fold=1 ===
  SSC-Block-TV-Col21: k_hat=3  ACC=1.0000  NMI=1.0000  ARI=1.0000  0.1s

=== P1E_S3_C3 train[1] k=3  dim=576  frames=84  σ=0.0  fold=1 ===
  SSC-Block-TV-Col21: k_hat=3  ACC=1.0000  NMI=1.0000  ARI=1.0000  0.1s

=== P1E_S3_C3 train[2] k=3  dim=576  frames=125  σ=0.0  fold=1 ===
  SSC-Block-TV-Col21: k_hat=3  ACC=0.9840  NMI=0.9390  ARI=0.9481  0.1s

=== P1E_S3_C3 train[3] k=3  dim=576  frames=128  σ=0.0  fold=1 ===
  SSC-Block-TV-Col21: k_hat=3  ACC=0.7500  NMI=0.7005  ARI=0.5481  0.1s

=== P1E_S3_C3 train[4] k=3  dim=576  frames=83  σ=0.0  fold=1 ===
  SSC-Block-TV-Col21: k_hat=3  ACC=1.0000  NMI=1.0000  ARI=1.0000  0.1s

=== P1E_S3_C3 train[5] k=3  dim=576  frames=129  σ=0.0  fold=1 ===
  SSC-Block-TV-Col21: k_hat=3  ACC=0.9845  NMI=0.9427  ARI=0.9553  0.1s

=== P1E_S3_C3 train[6] k=3  dim=576  frames=84  σ=0.0  fold=1 ===
  SSC-Block-TV-Col21: k_hat=3  ACC=0.9881  NMI=0.9523  ARI=0.9667  0.1s

=== P1E_S4_C1 train[0] k=3  dim=576  frames=158  σ=0.0  fold=1 ===
  SSC-Block-TV-Col21: k_hat=3  ACC=0.8608  NMI=0.7292  ARI=0.6047  0.2s

=== P1E_S4_C1 train[1] k=3  dim=576  frames=155  σ=0.0  fold=1 ===
  SSC-Block-TV-Col21: k_hat=3  ACC=0.8774  NMI=0.7707  ARI=0.6882  0.2s

=== P1E_S4_C1 train[2] k=3  dim=576  frames=182  σ=0.0  fold=1 ===
  SSC-Block-TV-Col21: k_hat=3  ACC=0.8681  NMI=0.7446  ARI=0.6754  0.3s

=== P1E_S4_C1 train[3] k=3  dim=576  frames=180  σ=0.0  fold=1 ===
  SSC-Block-TV-Col21: k_hat=3  ACC=1.0000  NMI=1.0000  ARI=1.0000  0.2s

=== P1E_S4_C1 train[4] k=3  dim=576  frames=133  σ=0.0  fold=1 ===
  SSC-Block-TV-Col21: k_hat=3  ACC=0.6466  NMI=0.6651  ARI=0.4918  0.2s

=== P1E_S4_C1 train[5] k=3  dim=576  frames=147  σ=0.0  fold=1 ===
  SSC-Block-TV-Col21: k_hat=3  ACC=0.5238  NMI=0.4818  ARI=0.3255  0.2s

=== P1E_S4_C1 train[6] k=3  dim=576  frames=145  σ=0.0  fold=1 ===
  SSC-Block-TV-Col21: k_hat=3  ACC=0.9655  NMI=0.8980  ARI=0.9074  0.2s

=== P1E_S4_C2 train[0] k=3  dim=576  frames=117  σ=0.0  fold=1 ===
  SSC-Block-TV-Col21: k_hat=3  ACC=0.9573  NMI=0.8552  ARI=0.8756  0.1s

=== P1E_S4_C2 train[1] k=3  dim=576  frames=122  σ=0.0  fold=1 ===
  SSC-Block-TV-Col21: k_hat=3  ACC=1.0000  NMI=1.0000  ARI=1.0000  0.1s

=== P1E_S4_C2 train[2] k=3  dim=576  frames=126  σ=0.0  fold=1 ===
  SSC-Block-TV-Col21: k_hat=3  ACC=0.9365  NMI=0.8350  ARI=0.8020  0.1s

=== P1E_S4_C2 train[3] k=3  dim=576  frames=140  σ=0.0  fold=1 ===
  SSC-Block-TV-Col21: k_hat=3  ACC=0.7786  NMI=0.6864  ARI=0.5028  0.2s

=== P1E_S4_C2 train[4] k=3  dim=576  frames=129  σ=0.0  fold=1 ===
  SSC-Block-TV-Col21: k_hat=3  ACC=0.5504  NMI=0.6603  ARI=0.4591  0.2s

=== P1E_S4_C2 train[5] k=3  dim=576  frames=146  σ=0.0  fold=1 ===
  SSC-Block-TV-Col21: k_hat=3  ACC=0.9589  NMI=0.8852  ARI=0.8877  0.2s

=== P1E_S4_C2 train[6] k=3  dim=576  frames=110  σ=0.0  fold=1 ===
  SSC-Block-TV-Col21: k_hat=3  ACC=0.9818  NMI=0.9362  ARI=0.9514  0.1s

=== P1E_S4_C3 train[0] k=3  dim=576  frames=90  σ=0.0  fold=1 ===
  SSC-Block-TV-Col21: k_hat=3  ACC=0.9778  NMI=0.9242  ARI=0.9338  0.1s

=== P1E_S4_C3 train[1] k=3  dim=576  frames=85  σ=0.0  fold=1 ===
  SSC-Block-TV-Col21: k_hat=3  ACC=1.0000  NMI=1.0000  ARI=1.0000  0.1s

=== P1E_S4_C3 train[2] k=3  dim=576  frames=105  σ=0.0  fold=1 ===
  SSC-Block-TV-Col21: k_hat=3  ACC=0.8857  NMI=0.7406  ARI=0.7318  0.1s

=== P1E_S4_C3 train[3] k=3  dim=576  frames=87  σ=0.0  fold=1 ===
  SSC-Block-TV-Col21: k_hat=3  ACC=1.0000  NMI=1.0000  ARI=1.0000  0.1s

=== P1E_S4_C3 train[4] k=3  dim=576  frames=76  σ=0.0  fold=1 ===
  SSC-Block-TV-Col21: k_hat=3  ACC=0.9868  NMI=0.9495  ARI=0.9618  0.1s

=== P1E_S4_C3 train[5] k=3  dim=576  frames=106  σ=0.0  fold=1 ===
  SSC-Block-TV-Col21: k_hat=3  ACC=0.9906  NMI=0.9612  ARI=0.9742  0.1s

=== P1E_S4_C3 train[6] k=3  dim=576  frames=79  σ=0.0  fold=1 ===
  SSC-Block-TV-Col21: k_hat=3  ACC=0.9873  NMI=0.9513  ARI=0.9638  0.1s

=== P1L_S1_C1 train[0] k=3  dim=576  frames=162  σ=0.0  fold=1 ===
  SSC-Block-TV-Col21: k_hat=3  ACC=1.0000  NMI=1.0000  ARI=1.0000  0.2s

=== P1L_S1_C1 train[1] k=3  dim=576  frames=155  σ=0.0  fold=1 ===
  SSC-Block-TV-Col21: k_hat=3  ACC=1.0000  NMI=1.0000  ARI=1.0000  0.2s

=== P1L_S1_C1 train[2] k=3  dim=576  frames=182  σ=0.0  fold=1 ===
  SSC-Block-TV-Col21: k_hat=3  ACC=1.0000  NMI=1.0000  ARI=1.0000  0.2s

=== P1L_S1_C1 train[3] k=3  dim=576  frames=198  σ=0.0  fold=1 ===
  SSC-Block-TV-Col21: k_hat=3  ACC=0.7323  NMI=0.6955  ARI=0.5444  0.3s

=== P1L_S1_C1 train[4] k=3  dim=576  frames=166  σ=0.0  fold=1 ===
  SSC-Block-TV-Col21: k_hat=3  ACC=1.0000  NMI=1.0000  ARI=1.0000  0.2s

=== P1L_S1_C1 train[5] k=3  dim=576  frames=116  σ=0.0  fold=1 ===
  SSC-Block-TV-Col21: k_hat=3  ACC=0.5517  NMI=0.5057  ARI=0.3338  0.1s

=== P1L_S1_C1 train[6] k=3  dim=576  frames=175  σ=0.0  fold=1 ===
  SSC-Block-TV-Col21: k_hat=3  ACC=1.0000  NMI=1.0000  ARI=1.0000  0.2s

=== P1L_S1_C2 train[0] k=3  dim=576  frames=186  σ=0.0  fold=1 ===
  SSC-Block-TV-Col21: k_hat=3  ACC=0.8118  NMI=0.6636  ARI=0.5412  0.2s

=== P1L_S1_C2 train[1] k=3  dim=576  frames=147  σ=0.0  fold=1 ===
  SSC-Block-TV-Col21: k_hat=3  ACC=1.0000  NMI=1.0000  ARI=1.0000  0.2s

=== P1L_S1_C2 train[2] k=3  dim=576  frames=181  σ=0.0  fold=1 ===
  SSC-Block-TV-Col21: k_hat=3  ACC=0.8287  NMI=0.7245  ARI=0.5963  0.2s

=== P1L_S1_C2 train[3] k=3  dim=576  frames=128  σ=0.0  fold=1 ===
  SSC-Block-TV-Col21: k_hat=3  ACC=0.8750  NMI=0.7877  ARI=0.7617  0.1s

=== P1L_S1_C2 train[4] k=3  dim=576  frames=154  σ=0.0  fold=1 ===
  SSC-Block-TV-Col21: k_hat=3  ACC=0.5065  NMI=0.6566  ARI=0.4500  0.2s

=== P1L_S1_C2 train[5] k=3  dim=576  frames=142  σ=0.0  fold=1 ===
  SSC-Block-TV-Col21: k_hat=3  ACC=0.8310  NMI=0.7156  ARI=0.5798  0.2s

=== P1L_S1_C2 train[6] k=3  dim=576  frames=168  σ=0.0  fold=1 ===
  SSC-Block-TV-Col21: k_hat=3  ACC=1.0000  NMI=1.0000  ARI=1.0000  0.2s

=== P1L_S1_C3 train[0] k=3  dim=576  frames=60  σ=0.0  fold=1 ===
  SSC-Block-TV-Col21: k_hat=3  ACC=0.5167  NMI=0.6515  ARI=0.4364  0.1s

=== P1L_S1_C3 train[1] k=3  dim=576  frames=65  σ=0.0  fold=1 ===
  SSC-Block-TV-Col21: k_hat=3  ACC=1.0000  NMI=1.0000  ARI=1.0000  0.1s

=== P1L_S1_C3 train[2] k=3  dim=576  frames=74  σ=0.0  fold=1 ===
  SSC-Block-TV-Col21: k_hat=3  ACC=0.5541  NMI=0.5285  ARI=0.3470  0.1s

=== P1L_S1_C3 train[3] k=3  dim=576  frames=73  σ=0.0  fold=1 ===
  SSC-Block-TV-Col21: k_hat=3  ACC=0.5753  NMI=0.6603  ARI=0.4632  0.1s

=== P1L_S1_C3 train[4] k=3  dim=576  frames=64  σ=0.0  fold=1 ===
  SSC-Block-TV-Col21: k_hat=3  ACC=0.8594  NMI=0.7640  ARI=0.6799  0.1s

=== P1L_S1_C3 train[5] k=3  dim=576  frames=63  σ=0.0  fold=1 ===
  SSC-Block-TV-Col21: k_hat=3  ACC=0.6349  NMI=0.6745  ARI=0.5038  0.1s

=== P1L_S1_C3 train[6] k=3  dim=576  frames=75  σ=0.0  fold=1 ===
  SSC-Block-TV-Col21: k_hat=3  ACC=0.9867  NMI=0.9474  ARI=0.9569  0.1s

=== P1L_S2_C1 train[0] k=3  dim=576  frames=211  σ=0.0  fold=1 ===
  SSC-Block-TV-Col21: k_hat=3  ACC=0.8246  NMI=0.7261  ARI=0.6134  0.3s

=== P1L_S2_C1 train[1] k=3  dim=576  frames=180  σ=0.0  fold=1 ===
  SSC-Block-TV-Col21: k_hat=3  ACC=1.0000  NMI=1.0000  ARI=1.0000  0.2s

=== P1L_S2_C1 train[2] k=3  dim=576  frames=177  σ=0.0  fold=1 ===
  SSC-Block-TV-Col21: k_hat=3  ACC=0.8362  NMI=0.6582  ARI=0.5876  0.2s

=== P1L_S2_C1 train[3] k=3  dim=576  frames=172  σ=0.0  fold=1 ===
  SSC-Block-TV-Col21: k_hat=3  ACC=0.9942  NMI=0.9733  ARI=0.9854  0.2s

=== P1L_S2_C1 train[4] k=3  dim=576  frames=179  σ=0.0  fold=1 ===
  SSC-Block-TV-Col21: k_hat=3  ACC=1.0000  NMI=1.0000  ARI=1.0000  0.3s

=== P1L_S2_C1 train[5] k=3  dim=576  frames=180  σ=0.0  fold=1 ===
  SSC-Block-TV-Col21: k_hat=3  ACC=0.6111  NMI=0.5156  ARI=0.3607  0.2s

=== P1L_S2_C1 train[6] k=3  dim=576  frames=133  σ=0.0  fold=1 ===
  SSC-Block-TV-Col21: k_hat=3  ACC=1.0000  NMI=1.0000  ARI=1.0000  0.2s

=== P1L_S2_C2 train[0] k=3  dim=576  frames=194  σ=0.0  fold=1 ===
  SSC-Block-TV-Col21: k_hat=3  ACC=0.9948  NMI=0.9734  ARI=0.9820  0.3s

=== P1L_S2_C2 train[1] k=3  dim=576  frames=134  σ=0.0  fold=1 ===
  SSC-Block-TV-Col21: k_hat=3  ACC=1.0000  NMI=1.0000  ARI=1.0000  0.1s

=== P1L_S2_C2 train[2] k=3  dim=576  frames=186  σ=0.0  fold=1 ===
  SSC-Block-TV-Col21: k_hat=3  ACC=0.9892  NMI=0.9571  ARI=0.9711  0.2s

=== P1L_S2_C2 train[3] k=3  dim=576  frames=201  σ=0.0  fold=1 ===
  SSC-Block-TV-Col21: k_hat=3  ACC=0.9950  NMI=0.9759  ARI=0.9841  0.3s

=== P1L_S2_C2 train[4] k=3  dim=576  frames=171  σ=0.0  fold=1 ===
  SSC-Block-TV-Col21: k_hat=3  ACC=0.8421  NMI=0.7405  ARI=0.6266  0.2s

=== P1L_S2_C2 train[5] k=3  dim=576  frames=160  σ=0.0  fold=1 ===
  SSC-Block-TV-Col21: k_hat=3  ACC=0.8187  NMI=0.6789  ARI=0.5256  0.2s

=== P1L_S2_C2 train[6] k=3  dim=576  frames=154  σ=0.0  fold=1 ===
  SSC-Block-TV-Col21: k_hat=3  ACC=1.0000  NMI=1.0000  ARI=1.0000  0.2s

=== P1L_S2_C3 train[0] k=3  dim=576  frames=119  σ=0.0  fold=1 ===
  SSC-Block-TV-Col21: k_hat=3  ACC=1.0000  NMI=1.0000  ARI=1.0000  0.1s

=== P1L_S2_C3 train[1] k=3  dim=576  frames=85  σ=0.0  fold=1 ===
  SSC-Block-TV-Col21: k_hat=3  ACC=1.0000  NMI=1.0000  ARI=1.0000  0.1s

=== P1L_S2_C3 train[2] k=3  dim=576  frames=112  σ=0.0  fold=1 ===
  SSC-Block-TV-Col21: k_hat=3  ACC=0.5714  NMI=0.6638  ARI=0.4653  0.1s

=== P1L_S2_C3 train[3] k=3  dim=576  frames=126  σ=0.0  fold=1 ===
  SSC-Block-TV-Col21: k_hat=3  ACC=0.8333  NMI=0.7360  ARI=0.6161  0.1s

=== P1L_S2_C3 train[4] k=3  dim=576  frames=102  σ=0.0  fold=1 ===
  SSC-Block-TV-Col21: k_hat=3  ACC=0.8039  NMI=0.7224  ARI=0.5947  0.1s

=== P1L_S2_C3 train[5] k=3  dim=576  frames=121  σ=0.0  fold=1 ===
  SSC-Block-TV-Col21: k_hat=3  ACC=0.9174  NMI=0.8252  ARI=0.8067  0.1s

=== P1L_S2_C3 train[6] k=3  dim=576  frames=99  σ=0.0  fold=1 ===
  SSC-Block-TV-Col21: k_hat=3  ACC=0.9697  NMI=0.9066  ARI=0.9152  0.1s

=== P1L_S3_C1 train[0] k=3  dim=576  frames=156  σ=0.0  fold=1 ===
  SSC-Block-TV-Col21: k_hat=3  ACC=0.4872  NMI=0.3228  ARI=0.0821  0.2s

=== P1L_S3_C1 train[1] k=3  dim=576  frames=185  σ=0.0  fold=1 ===
  SSC-Block-TV-Col21: k_hat=3  ACC=0.9189  NMI=0.8189  ARI=0.7825  0.3s

=== P1L_S3_C1 train[2] k=3  dim=576  frames=156  σ=0.0  fold=1 ===
  SSC-Block-TV-Col21: k_hat=3  ACC=0.6346  NMI=0.6784  ARI=0.5044  0.2s

=== P1L_S3_C1 train[3] k=3  dim=576  frames=159  σ=0.0  fold=1 ===
  SSC-Block-TV-Col21: k_hat=3  ACC=0.7673  NMI=0.5636  ARI=0.4420  0.2s

=== P1L_S3_C1 train[4] k=3  dim=576  frames=172  σ=0.0  fold=1 ===
  SSC-Block-TV-Col21: k_hat=3  ACC=0.8430  NMI=0.7461  ARI=0.6424  0.2s

=== P1L_S3_C1 train[5] k=3  dim=576  frames=176  σ=0.0  fold=1 ===
  SSC-Block-TV-Col21: k_hat=3  ACC=0.7045  NMI=0.6249  ARI=0.4050  0.2s

=== P1L_S3_C1 train[6] k=3  dim=576  frames=134  σ=0.0  fold=1 ===
  SSC-Block-TV-Col21: k_hat=3  ACC=0.9552  NMI=0.8691  ARI=0.8600  0.2s

=== P1L_S3_C2 train[0] k=3  dim=576  frames=185  σ=0.0  fold=1 ===
  SSC-Block-TV-Col21: k_hat=3  ACC=0.9676  NMI=0.8993  ARI=0.9011  0.3s

=== P1L_S3_C2 train[1] k=3  dim=576  frames=166  σ=0.0  fold=1 ===
  SSC-Block-TV-Col21: k_hat=3  ACC=1.0000  NMI=1.0000  ARI=1.0000  0.2s

=== P1L_S3_C2 train[2] k=3  dim=576  frames=209  σ=0.0  fold=1 ===
  SSC-Block-TV-Col21: k_hat=3  ACC=0.8660  NMI=0.7448  ARI=0.6341  0.3s

=== P1L_S3_C2 train[3] k=3  dim=576  frames=168  σ=0.0  fold=1 ===
  SSC-Block-TV-Col21: k_hat=3  ACC=1.0000  NMI=1.0000  ARI=1.0000  0.2s

=== P1L_S3_C2 train[4] k=3  dim=576  frames=187  σ=0.0  fold=1 ===
  SSC-Block-TV-Col21: k_hat=3  ACC=0.5508  NMI=0.6596  ARI=0.4583  0.3s

=== P1L_S3_C2 train[5] k=3  dim=576  frames=229  σ=0.0  fold=1 ===
  SSC-Block-TV-Col21: k_hat=3  ACC=0.5109  NMI=0.6332  ARI=0.4399  0.4s

=== P1L_S3_C2 train[6] k=3  dim=576  frames=136  σ=0.0  fold=1 ===
  SSC-Block-TV-Col21: k_hat=3  ACC=1.0000  NMI=1.0000  ARI=1.0000  0.2s

=== P1L_S3_C3 train[0] k=3  dim=576  frames=151  σ=0.0  fold=1 ===
  SSC-Block-TV-Col21: k_hat=3  ACC=0.9868  NMI=0.9443  ARI=0.9594  0.2s

=== P1L_S3_C3 train[1] k=3  dim=576  frames=121  σ=0.0  fold=1 ===
  SSC-Block-TV-Col21: k_hat=3  ACC=1.0000  NMI=1.0000  ARI=1.0000  0.1s

=== P1L_S3_C3 train[2] k=3  dim=576  frames=142  σ=0.0  fold=1 ===
  SSC-Block-TV-Col21: k_hat=3  ACC=1.0000  NMI=1.0000  ARI=1.0000  0.2s

=== P1L_S3_C3 train[3] k=3  dim=576  frames=134  σ=0.0  fold=1 ===
  SSC-Block-TV-Col21: k_hat=3  ACC=0.8955  NMI=0.7794  ARI=0.7016  0.2s

=== P1L_S3_C3 train[4] k=3  dim=576  frames=110  σ=0.0  fold=1 ===
  SSC-Block-TV-Col21: k_hat=3  ACC=0.9000  NMI=0.7973  ARI=0.7409  0.1s

=== P1L_S3_C3 train[5] k=3  dim=576  frames=161  σ=0.0  fold=1 ===
  SSC-Block-TV-Col21: k_hat=3  ACC=0.8447  NMI=0.7112  ARI=0.6590  0.2s

=== P1L_S3_C3 train[6] k=3  dim=576  frames=114  σ=0.0  fold=1 ===
  SSC-Block-TV-Col21: k_hat=3  ACC=0.9912  NMI=0.9630  ARI=0.9763  0.1s

=== P1L_S4_C1 train[0] k=3  dim=576  frames=200  σ=0.0  fold=1 ===
  SSC-Block-TV-Col21: k_hat=3  ACC=0.9500  NMI=0.8658  ARI=0.8583  0.3s

=== P1L_S4_C1 train[1] k=3  dim=576  frames=154  σ=0.0  fold=1 ===
  SSC-Block-TV-Col21: k_hat=3  ACC=1.0000  NMI=1.0000  ARI=1.0000  0.2s

=== P1L_S4_C1 train[2] k=3  dim=576  frames=168  σ=0.0  fold=1 ===
  SSC-Block-TV-Col21: k_hat=3  ACC=0.8869  NMI=0.7674  ARI=0.6779  0.2s

=== P1L_S4_C1 train[3] k=3  dim=576  frames=142  σ=0.0  fold=1 ===
  SSC-Block-TV-Col21: k_hat=3  ACC=1.0000  NMI=1.0000  ARI=1.0000  0.2s

=== P1L_S4_C1 train[4] k=3  dim=576  frames=164  σ=0.0  fold=1 ===
  SSC-Block-TV-Col21: k_hat=3  ACC=0.9878  NMI=0.9444  ARI=0.9631  0.2s

=== P1L_S4_C1 train[5] k=3  dim=576  frames=187  σ=0.0  fold=1 ===
  SSC-Block-TV-Col21: k_hat=3  ACC=0.8930  NMI=0.7981  ARI=0.7596  0.3s

=== P1L_S4_C1 train[6] k=3  dim=576  frames=202  σ=0.0  fold=1 ===
  SSC-Block-TV-Col21: k_hat=3  ACC=1.0000  NMI=1.0000  ARI=1.0000  0.3s

=== P1L_S4_C2 train[0] k=3  dim=576  frames=157  σ=0.0  fold=1 ===
  SSC-Block-TV-Col21: k_hat=3  ACC=0.7771  NMI=0.6675  ARI=0.4827  0.2s

=== P1L_S4_C2 train[1] k=3  dim=576  frames=175  σ=0.0  fold=1 ===
  SSC-Block-TV-Col21: k_hat=3  ACC=1.0000  NMI=1.0000  ARI=1.0000  0.2s

=== P1L_S4_C2 train[2] k=3  dim=576  frames=168  σ=0.0  fold=1 ===
  SSC-Block-TV-Col21: k_hat=3  ACC=0.8631  NMI=0.7428  ARI=0.6454  0.2s

=== P1L_S4_C2 train[3] k=3  dim=576  frames=154  σ=0.0  fold=1 ===
  SSC-Block-TV-Col21: k_hat=3  ACC=1.0000  NMI=1.0000  ARI=1.0000  0.2s

=== P1L_S4_C2 train[4] k=3  dim=576  frames=152  σ=0.0  fold=1 ===
  SSC-Block-TV-Col21: k_hat=3  ACC=0.8618  NMI=0.7611  ARI=0.6804  0.2s

=== P1L_S4_C2 train[5] k=3  dim=576  frames=169  σ=0.0  fold=1 ===
  SSC-Block-TV-Col21: k_hat=3  ACC=0.6568  NMI=0.6733  ARI=0.5051  0.2s

=== P1L_S4_C2 train[6] k=3  dim=576  frames=153  σ=0.0  fold=1 ===
  SSC-Block-TV-Col21: k_hat=3  ACC=0.9869  NMI=0.9501  ARI=0.9666  0.2s

=== P1L_S4_C3 train[0] k=3  dim=576  frames=96  σ=0.0  fold=1 ===
  SSC-Block-TV-Col21: k_hat=3  ACC=1.0000  NMI=1.0000  ARI=1.0000  0.1s

=== P1L_S4_C3 train[1] k=3  dim=576  frames=94  σ=0.0  fold=1 ===
  SSC-Block-TV-Col21: k_hat=3  ACC=1.0000  NMI=1.0000  ARI=1.0000  0.1s

=== P1L_S4_C3 train[2] k=3  dim=576  frames=117  σ=0.0  fold=1 ===
  SSC-Block-TV-Col21: k_hat=3  ACC=0.7009  NMI=0.6970  ARI=0.5517  0.1s

=== P1L_S4_C3 train[3] k=3  dim=576  frames=112  σ=0.0  fold=1 ===
  SSC-Block-TV-Col21: k_hat=3  ACC=0.8036  NMI=0.7211  ARI=0.5862  0.1s

=== P1L_S4_C3 train[4] k=3  dim=576  frames=103  σ=0.0  fold=1 ===
  SSC-Block-TV-Col21: k_hat=3  ACC=0.7573  NMI=0.6920  ARI=0.5299  0.1s

=== P1L_S4_C3 train[5] k=3  dim=576  frames=105  σ=0.0  fold=1 ===
  SSC-Block-TV-Col21: k_hat=3  ACC=0.5333  NMI=0.6567  ARI=0.4495  0.1s

=== P1L_S4_C3 train[6] k=3  dim=576  frames=107  σ=0.0  fold=1 ===
  SSC-Block-TV-Col21: k_hat=3  ACC=0.9813  NMI=0.9338  ARI=0.9463  0.1s

=== P1E_S1_C1 test[0] k=3  dim=576  frames=153  σ=0.0  fold=1 ===
  SSC-Block-TV-Col21: k_hat=3  ACC=1.0000  NMI=1.0000  ARI=1.0000  0.2s

=== P1E_S1_C2 test[0] k=3  dim=576  frames=115  σ=0.0  fold=1 ===
  SSC-Block-TV-Col21: k_hat=3  ACC=1.0000  NMI=1.0000  ARI=1.0000  0.1s

=== P1E_S1_C3 test[0] k=3  dim=576  frames=56  σ=0.0  fold=1 ===
  SSC-Block-TV-Col21: k_hat=3  ACC=0.9821  NMI=0.9328  ARI=0.9451  0.0s

=== P1E_S2_C1 test[0] k=3  dim=576  frames=151  σ=0.0  fold=1 ===
  SSC-Block-TV-Col21: k_hat=3  ACC=0.8278  NMI=0.6837  ARI=0.5812  0.2s

=== P1E_S2_C2 test[0] k=3  dim=576  frames=115  σ=0.0  fold=1 ===
  SSC-Block-TV-Col21: k_hat=3  ACC=1.0000  NMI=1.0000  ARI=1.0000  0.1s

=== P1E_S2_C3 test[0] k=3  dim=576  frames=88  σ=0.0  fold=1 ===
  SSC-Block-TV-Col21: k_hat=3  ACC=0.9886  NMI=0.9540  ARI=0.9655  0.1s

=== P1E_S3_C1 test[0] k=3  dim=576  frames=139  σ=0.0  fold=1 ===
  SSC-Block-TV-Col21: k_hat=3  ACC=0.7338  NMI=0.6984  ARI=0.5493  0.2s

=== P1E_S3_C2 test[0] k=3  dim=576  frames=120  σ=0.0  fold=1 ===
  SSC-Block-TV-Col21: k_hat=3  ACC=0.9833  NMI=0.9371  ARI=0.9491  0.1s

=== P1E_S3_C3 test[0] k=3  dim=576  frames=89  σ=0.0  fold=1 ===
  SSC-Block-TV-Col21: k_hat=3  ACC=0.9888  NMI=0.9531  ARI=0.9640  0.1s

=== P1E_S4_C1 test[0] k=3  dim=576  frames=107  σ=0.0  fold=1 ===
  SSC-Block-TV-Col21: k_hat=3  ACC=1.0000  NMI=1.0000  ARI=1.0000  0.1s

=== P1E_S4_C2 test[0] k=3  dim=576  frames=125  σ=0.0  fold=1 ===
  SSC-Block-TV-Col21: k_hat=3  ACC=1.0000  NMI=1.0000  ARI=1.0000  0.1s

=== P1E_S4_C3 test[0] k=3  dim=576  frames=64  σ=0.0  fold=1 ===
  SSC-Block-TV-Col21: k_hat=3  ACC=1.0000  NMI=1.0000  ARI=1.0000  0.1s

=== P1L_S1_C1 test[0] k=3  dim=576  frames=170  σ=0.0  fold=1 ===
  SSC-Block-TV-Col21: k_hat=3  ACC=0.7647  NMI=0.6747  ARI=0.4861  0.2s

=== P1L_S1_C2 test[0] k=3  dim=576  frames=137  σ=0.0  fold=1 ===
  SSC-Block-TV-Col21: k_hat=3  ACC=1.0000  NMI=1.0000  ARI=1.0000  0.2s

=== P1L_S1_C3 test[0] k=3  dim=576  frames=68  σ=0.0  fold=1 ===
  SSC-Block-TV-Col21: k_hat=3  ACC=1.0000  NMI=1.0000  ARI=1.0000  0.1s

=== P1L_S2_C1 test[0] k=3  dim=576  frames=190  σ=0.0  fold=1 ===
  SSC-Block-TV-Col21: k_hat=3  ACC=0.7211  NMI=0.6714  ARI=0.4890  0.3s

=== P1L_S2_C2 test[0] k=3  dim=576  frames=155  σ=0.0  fold=1 ===
  SSC-Block-TV-Col21: k_hat=3  ACC=1.0000  NMI=1.0000  ARI=1.0000  0.2s

=== P1L_S2_C3 test[0] k=3  dim=576  frames=101  σ=0.0  fold=1 ===
  SSC-Block-TV-Col21: k_hat=3  ACC=1.0000  NMI=1.0000  ARI=1.0000  0.1s

=== P1L_S3_C1 test[0] k=3  dim=576  frames=120  σ=0.0  fold=1 ===
  SSC-Block-TV-Col21: k_hat=3  ACC=1.0000  NMI=1.0000  ARI=1.0000  0.1s

=== P1L_S3_C2 test[0] k=3  dim=576  frames=125  σ=0.0  fold=1 ===
  SSC-Block-TV-Col21: k_hat=3  ACC=0.8400  NMI=0.7551  ARI=0.6802  0.1s

=== P1L_S3_C3 test[0] k=3  dim=576  frames=118  σ=0.0  fold=1 ===
  SSC-Block-TV-Col21: k_hat=3  ACC=0.8983  NMI=0.7946  ARI=0.7354  0.1s

=== P1L_S4_C1 test[0] k=3  dim=576  frames=157  σ=0.0  fold=1 ===
  SSC-Block-TV-Col21: k_hat=3  ACC=1.0000  NMI=1.0000  ARI=1.0000  0.2s

=== P1L_S4_C2 test[0] k=3  dim=576  frames=149  σ=0.0  fold=1 ===
  SSC-Block-TV-Col21: k_hat=3  ACC=0.9195  NMI=0.8124  ARI=0.7623  0.2s

=== P1L_S4_C3 test[0] k=3  dim=576  frames=107  σ=0.0  fold=1 ===
  SSC-Block-TV-Col21: k_hat=3  ACC=1.0000  NMI=1.0000  ARI=1.0000  0.1s
  tune_pool_groups=20: sampling from 22 held-in people (overlap allowed) instead of the 7 fixed partition group(s)

============================================================
σ=0.0 fold=2  test=['0009', '0019', '0026']  train mats=168  test mats=24  tune mats=480
  --- tune SSC-Block-TV-Col21 over 480 train mats  n_trials=40 (4 params) ---
  SSC-Block-TV-Col21 trial 0: mean ARI=0.5655  n=480  69.7s  lambda_e=1, lambda_z=0.1, gamma_q=0.1, block_size=5
  SSC-Block-TV-Col21 trial 1: mean ARI=0.6362  n=480  69.0s  lambda_e=0.443, lambda_z=0.7257, gamma_q=0.2577, block_size=7
  SSC-Block-TV-Col21 trial 2: mean ARI=0.6822  n=480  68.5s  lambda_e=0.1866, lambda_z=0.3833, gamma_q=0.05628, block_size=11
  SSC-Block-TV-Col21 trial 3: mean ARI=0.3615  n=480  69.4s  lambda_e=7.78, lambda_z=0.03418, gamma_q=1.469, block_size=7
  SSC-Block-TV-Col21 trial 4: mean ARI=0.5587  n=480  73.1s  lambda_e=0.506, lambda_z=5.039, gamma_q=0.001924, block_size=2
  SSC-Block-TV-Col21 trial 5: mean ARI=0.3504  n=480  69.3s  lambda_e=0.0115, lambda_z=2.14, gamma_q=1.296, block_size=11
  SSC-Block-TV-Col21 trial 6: mean ARI=0.6346  n=480  68.9s  lambda_e=8.627, lambda_z=1.573, gamma_q=0.07013, block_size=10
  SSC-Block-TV-Col21 trial 7: mean ARI=0.7392  n=480  69.3s  lambda_e=0.02264, lambda_z=0.3628, gamma_q=0.003745, block_size=12
  SSC-Block-TV-Col21 trial 8: mean ARI=0.7232  n=480  69.1s  lambda_e=0.3677, lambda_z=0.04557, gamma_q=0.01143, block_size=10
  SSC-Block-TV-Col21 trial 9: mean ARI=0.7186  n=480  72.1s  lambda_e=0.2336, lambda_z=0.1878, gamma_q=0.001189, block_size=8
  SSC-Block-TV-Col21 trial 10: mean ARI=0.5065  n=480  72.6s  lambda_e=0.01151, lambda_z=0.001661, gamma_q=6.473, block_size=2
  SSC-Block-TV-Col21 trial 11: mean ARI=0.6647  n=480  68.9s  lambda_e=0.06092, lambda_z=0.01492, gamma_q=0.01117, block_size=12
  SSC-Block-TV-Col21 trial 12: mean ARI=0.6858  n=480  69.0s  lambda_e=0.05731, lambda_z=0.01131, gamma_q=0.007917, block_size=9
  SSC-Block-TV-Col21 trial 13: mean ARI=0.7296  n=480  68.8s  lambda_e=2.603, lambda_z=0.0684, gamma_q=0.008229, block_size=12
  SSC-Block-TV-Col21 trial 14: mean ARI=0.6532  n=480  72.3s  lambda_e=2.611, lambda_z=0.002846, gamma_q=0.005404, block_size=12
  SSC-Block-TV-Col21 trial 15: mean ARI=0.7206  n=480  69.2s  lambda_e=0.05124, lambda_z=0.1701, gamma_q=0.02509, block_size=12
  SSC-Block-TV-Col21 trial 16: mean ARI=0.6918  n=480  69.3s  lambda_e=2.437, lambda_z=0.4296, gamma_q=0.002717, block_size=10
  SSC-Block-TV-Col21 trial 17: mean ARI=0.6756  n=480  69.4s  lambda_e=0.02825, lambda_z=8.98, gamma_q=0.02476, block_size=11
  SSC-Block-TV-Col21 trial 18: mean ARI=0.7149  n=480  71.5s  lambda_e=0.1173, lambda_z=0.009053, gamma_q=0.003636, block_size=9
  SSC-Block-TV-Col21 trial 19: mean ARI=0.4151  n=480  71.5s  lambda_e=1.253, lambda_z=0.09181, gamma_q=0.2536, block_size=5
  SSC-Block-TV-Col21 trial 20: mean ARI=0.7075  n=480  69.2s  lambda_e=0.02336, lambda_z=1.52, gamma_q=0.001001, block_size=12
  SSC-Block-TV-Col21 trial 21: mean ARI=0.7099  n=480  69.0s  lambda_e=3.439, lambda_z=0.04067, gamma_q=0.01383, block_size=10
  SSC-Block-TV-Col21 trial 22: mean ARI=0.6851  n=480  69.0s  lambda_e=0.6851, lambda_z=0.04636, gamma_q=0.02131, block_size=11
  SSC-Block-TV-Col21 trial 23: mean ARI=0.7343  n=480  69.1s  lambda_e=0.2509, lambda_z=0.02327, gamma_q=0.003053, block_size=9
  SSC-Block-TV-Col21 trial 24: mean ARI=0.7006  n=480  69.6s  lambda_e=0.1139, lambda_z=0.00609, gamma_q=0.004433, block_size=8
  SSC-Block-TV-Col21 trial 25: mean ARI=0.7114  n=480  69.5s  lambda_e=5.22, lambda_z=0.2615, gamma_q=0.002234, block_size=9
  SSC-Block-TV-Col21 trial 26: mean ARI=0.7420  n=480  70.4s  lambda_e=1.153, lambda_z=0.01749, gamma_q=0.005139, block_size=5
  SSC-Block-TV-Col21 trial 27: mean ARI=0.7243  n=480  71.1s  lambda_e=1.063, lambda_z=0.004557, gamma_q=0.001551, block_size=4
  SSC-Block-TV-Col21 trial 28: mean ARI=0.7489  n=480  75.5s  lambda_e=0.2469, lambda_z=0.02193, gamma_q=0.004221, block_size=4
  SSC-Block-TV-Col21 trial 29: mean ARI=0.4786  n=480  70.4s  lambda_e=1.552, lambda_z=0.001076, gamma_q=0.04104, block_size=4
  SSC-Block-TV-Col21 trial 30: mean ARI=0.7425  n=480  69.9s  lambda_e=0.02307, lambda_z=0.02156, gamma_q=0.005582, block_size=5
  SSC-Block-TV-Col21 trial 31: mean ARI=0.7353  n=480  69.9s  lambda_e=0.01913, lambda_z=0.01779, gamma_q=0.006668, block_size=5
  SSC-Block-TV-Col21 trial 32: mean ARI=0.7630  n=480  71.9s  lambda_e=0.04253, lambda_z=0.1201, gamma_q=0.004422, block_size=3
  SSC-Block-TV-Col21 trial 33: mean ARI=0.7195  n=480  71.6s  lambda_e=0.03992, lambda_z=0.02571, gamma_q=0.01431, block_size=3
  SSC-Block-TV-Col21 trial 34: mean ARI=0.6980  n=480  70.1s  lambda_e=0.09751, lambda_z=0.007891, gamma_q=0.00571, block_size=6
  SSC-Block-TV-Col21 trial 35: mean ARI=0.7521  n=480  70.9s  lambda_e=0.7536, lambda_z=0.115, gamma_q=0.001957, block_size=4
  SSC-Block-TV-Col21 trial 36: mean ARI=0.7534  n=480  71.5s  lambda_e=0.5949, lambda_z=0.1305, gamma_q=0.001808, block_size=3
  SSC-Block-TV-Col21 trial 37: mean ARI=0.7526  n=480  76.0s  lambda_e=0.6479, lambda_z=0.1237, gamma_q=0.001847, block_size=3
  SSC-Block-TV-Col21 trial 38: mean ARI=0.6798  n=480  71.9s  lambda_e=0.6663, lambda_z=0.6731, gamma_q=0.001677, block_size=3
  SSC-Block-TV-Col21 trial 39: mean ARI=0.7518  n=480  71.1s  lambda_e=0.3971, lambda_z=0.1401, gamma_q=0.001995, block_size=3
    best mean ARI=0.7630  tune 2818.9s  lambda_e=0.04253, lambda_z=0.1201, gamma_q=0.004422, block_size=3
  wrote /nfs/turbo/umms-minjilab/lpullela/icassp_ssc_tv2/block_ssc_benchmark/cv/params/surveillance/split_k3_clean_min30_trials20_knownk_scaled_params_cv_ssc_block_tv_col21_k3_sigma0_sigma0_fold2.json

=== P1E_S1_C1 train[0] k=3  dim=576  frames=146  σ=0.0  fold=2 ===
  SSC-Block-TV-Col21: k_hat=3  ACC=0.8973  NMI=0.7705  ARI=0.6889  0.2s

=== P1E_S1_C1 train[1] k=3  dim=576  frames=153  σ=0.0  fold=2 ===
  SSC-Block-TV-Col21: k_hat=3  ACC=0.8889  NMI=0.7851  ARI=0.7198  0.2s

=== P1E_S1_C1 train[2] k=3  dim=576  frames=140  σ=0.0  fold=2 ===
  SSC-Block-TV-Col21: k_hat=3  ACC=0.9357  NMI=0.8323  ARI=0.7981  0.1s

=== P1E_S1_C1 train[3] k=3  dim=576  frames=157  σ=0.0  fold=2 ===
  SSC-Block-TV-Col21: k_hat=3  ACC=0.5796  NMI=0.6618  ARI=0.4656  0.2s

=== P1E_S1_C1 train[4] k=3  dim=576  frames=151  σ=0.0  fold=2 ===
  SSC-Block-TV-Col21: k_hat=3  ACC=0.6026  NMI=0.6703  ARI=0.4826  0.2s

=== P1E_S1_C1 train[5] k=3  dim=576  frames=140  σ=0.0  fold=2 ===
  SSC-Block-TV-Col21: k_hat=3  ACC=0.8786  NMI=0.7789  ARI=0.7106  0.1s

=== P1E_S1_C1 train[6] k=3  dim=576  frames=171  σ=0.0  fold=2 ===
  SSC-Block-TV-Col21: k_hat=3  ACC=1.0000  NMI=1.0000  ARI=1.0000  0.2s

=== P1E_S1_C2 train[0] k=3  dim=576  frames=147  σ=0.0  fold=2 ===
  SSC-Block-TV-Col21: k_hat=3  ACC=0.9728  NMI=0.9084  ARI=0.9114  0.2s

=== P1E_S1_C2 train[1] k=3  dim=576  frames=115  σ=0.0  fold=2 ===
  SSC-Block-TV-Col21: k_hat=3  ACC=0.9913  NMI=0.9622  ARI=0.9715  0.1s

=== P1E_S1_C2 train[2] k=3  dim=576  frames=138  σ=0.0  fold=2 ===
  SSC-Block-TV-Col21: k_hat=3  ACC=0.6159  NMI=0.5444  ARI=0.3908  0.1s

=== P1E_S1_C2 train[3] k=3  dim=576  frames=113  σ=0.0  fold=2 ===
  SSC-Block-TV-Col21: k_hat=3  ACC=0.9027  NMI=0.8059  ARI=0.7662  0.1s

=== P1E_S1_C2 train[4] k=3  dim=576  frames=122  σ=0.0  fold=2 ===
  SSC-Block-TV-Col21: k_hat=3  ACC=0.5410  NMI=0.6594  ARI=0.4560  0.1s

=== P1E_S1_C2 train[5] k=3  dim=576  frames=122  σ=0.0  fold=2 ===
  SSC-Block-TV-Col21: k_hat=3  ACC=0.9508  NMI=0.8706  ARI=0.8720  0.1s

=== P1E_S1_C2 train[6] k=3  dim=576  frames=134  σ=0.0  fold=2 ===
  SSC-Block-TV-Col21: k_hat=3  ACC=0.9851  NMI=0.9443  ARI=0.9564  0.1s

=== P1E_S1_C3 train[0] k=3  dim=576  frames=58  σ=0.0  fold=2 ===
  SSC-Block-TV-Col21: k_hat=3  ACC=0.9483  NMI=0.8578  ARI=0.8376  0.0s

=== P1E_S1_C3 train[1] k=3  dim=576  frames=56  σ=0.0  fold=2 ===
  SSC-Block-TV-Col21: k_hat=3  ACC=0.9821  NMI=0.9328  ARI=0.9451  0.0s

=== P1E_S1_C3 train[2] k=3  dim=576  frames=61  σ=0.0  fold=2 ===
  SSC-Block-TV-Col21: k_hat=3  ACC=0.5574  NMI=0.5598  ARI=0.3761  0.1s

=== P1E_S1_C3 train[3] k=3  dim=576  frames=37  σ=0.0  fold=2 ===
  SSC-Block-TV-Col21: k_hat=3  ACC=1.0000  NMI=1.0000  ARI=1.0000  0.0s

=== P1E_S1_C3 train[4] k=3  dim=576  frames=55  σ=0.0  fold=2 ===
  SSC-Block-TV-Col21: k_hat=3  ACC=0.9818  NMI=0.9339  ARI=0.9418  0.0s

=== P1E_S1_C3 train[5] k=3  dim=576  frames=51  σ=0.0  fold=2 ===
  SSC-Block-TV-Col21: k_hat=3  ACC=0.9412  NMI=0.8560  ARI=0.8447  0.0s

=== P1E_S1_C3 train[6] k=3  dim=576  frames=69  σ=0.0  fold=2 ===
  SSC-Block-TV-Col21: k_hat=3  ACC=0.9710  NMI=0.9085  ARI=0.9125  0.1s

=== P1E_S2_C1 train[0] k=3  dim=576  frames=167  σ=0.0  fold=2 ===
  SSC-Block-TV-Col21: k_hat=3  ACC=0.8563  NMI=0.7174  ARI=0.6475  0.2s

=== P1E_S2_C1 train[1] k=3  dim=576  frames=151  σ=0.0  fold=2 ===
  SSC-Block-TV-Col21: k_hat=3  ACC=0.8808  NMI=0.7767  ARI=0.7146  0.2s

=== P1E_S2_C1 train[2] k=3  dim=576  frames=180  σ=0.0  fold=2 ===
  SSC-Block-TV-Col21: k_hat=3  ACC=0.8278  NMI=0.6920  ARI=0.6233  0.2s

=== P1E_S2_C1 train[3] k=3  dim=576  frames=149  σ=0.0  fold=2 ===
  SSC-Block-TV-Col21: k_hat=3  ACC=0.5973  NMI=0.6703  ARI=0.4816  0.2s

=== P1E_S2_C1 train[4] k=3  dim=576  frames=124  σ=0.0  fold=2 ===
  SSC-Block-TV-Col21: k_hat=3  ACC=0.5806  NMI=0.6673  ARI=0.4713  0.1s

=== P1E_S2_C1 train[5] k=3  dim=576  frames=161  σ=0.0  fold=2 ===
  SSC-Block-TV-Col21: k_hat=3  ACC=0.8634  NMI=0.7544  ARI=0.6622  0.2s

=== P1E_S2_C1 train[6] k=3  dim=576  frames=153  σ=0.0  fold=2 ===
  SSC-Block-TV-Col21: k_hat=3  ACC=1.0000  NMI=1.0000  ARI=1.0000  0.2s

=== P1E_S2_C2 train[0] k=3  dim=576  frames=146  σ=0.0  fold=2 ===
  SSC-Block-TV-Col21: k_hat=3  ACC=0.9315  NMI=0.8300  ARI=0.7939  0.2s

=== P1E_S2_C2 train[1] k=3  dim=576  frames=115  σ=0.0  fold=2 ===
  SSC-Block-TV-Col21: k_hat=3  ACC=0.9739  NMI=0.9152  ARI=0.9240  0.1s

=== P1E_S2_C2 train[2] k=3  dim=576  frames=144  σ=0.0  fold=2 ===
  SSC-Block-TV-Col21: k_hat=3  ACC=0.9375  NMI=0.8481  ARI=0.8303  0.1s

=== P1E_S2_C2 train[3] k=3  dim=576  frames=124  σ=0.0  fold=2 ===
  SSC-Block-TV-Col21: k_hat=3  ACC=1.0000  NMI=1.0000  ARI=1.0000  0.1s

=== P1E_S2_C2 train[4] k=3  dim=576  frames=109  σ=0.0  fold=2 ===
  SSC-Block-TV-Col21: k_hat=3  ACC=0.6514  NMI=0.6758  ARI=0.5042  0.1s

=== P1E_S2_C2 train[5] k=3  dim=576  frames=128  σ=0.0  fold=2 ===
  SSC-Block-TV-Col21: k_hat=3  ACC=0.8906  NMI=0.7908  ARI=0.7332  0.1s

=== P1E_S2_C2 train[6] k=3  dim=576  frames=126  σ=0.0  fold=2 ===
  SSC-Block-TV-Col21: k_hat=3  ACC=0.9841  NMI=0.9413  ARI=0.9532  0.1s

=== P1E_S2_C3 train[0] k=3  dim=576  frames=113  σ=0.0  fold=2 ===
  SSC-Block-TV-Col21: k_hat=3  ACC=1.0000  NMI=1.0000  ARI=1.0000  0.1s

=== P1E_S2_C3 train[1] k=3  dim=576  frames=88  σ=0.0  fold=2 ===
  SSC-Block-TV-Col21: k_hat=3  ACC=0.9886  NMI=0.9540  ARI=0.9655  0.1s

=== P1E_S2_C3 train[2] k=3  dim=576  frames=112  σ=0.0  fold=2 ===
  SSC-Block-TV-Col21: k_hat=3  ACC=0.9643  NMI=0.8713  ARI=0.8924  0.1s

=== P1E_S2_C3 train[3] k=3  dim=576  frames=99  σ=0.0  fold=2 ===
  SSC-Block-TV-Col21: k_hat=3  ACC=1.0000  NMI=1.0000  ARI=1.0000  0.1s

=== P1E_S2_C3 train[4] k=3  dim=576  frames=87  σ=0.0  fold=2 ===
  SSC-Block-TV-Col21: k_hat=3  ACC=0.6092  NMI=0.6683  ARI=0.4793  0.1s

=== P1E_S2_C3 train[5] k=3  dim=576  frames=105  σ=0.0  fold=2 ===
  SSC-Block-TV-Col21: k_hat=3  ACC=0.9714  NMI=0.8926  ARI=0.9125  0.1s

=== P1E_S2_C3 train[6] k=3  dim=576  frames=89  σ=0.0  fold=2 ===
  SSC-Block-TV-Col21: k_hat=3  ACC=0.9775  NMI=0.9248  ARI=0.9383  0.1s

=== P1E_S3_C1 train[0] k=3  dim=576  frames=166  σ=0.0  fold=2 ===
  SSC-Block-TV-Col21: k_hat=3  ACC=0.8313  NMI=0.6872  ARI=0.5715  0.2s

=== P1E_S3_C1 train[1] k=3  dim=576  frames=139  σ=0.0  fold=2 ===
  SSC-Block-TV-Col21: k_hat=3  ACC=0.7338  NMI=0.6984  ARI=0.5493  0.1s

=== P1E_S3_C1 train[2] k=3  dim=576  frames=161  σ=0.0  fold=2 ===
  SSC-Block-TV-Col21: k_hat=3  ACC=0.8571  NMI=0.7548  ARI=0.6645  0.2s

=== P1E_S3_C1 train[3] k=3  dim=576  frames=168  σ=0.0  fold=2 ===
  SSC-Block-TV-Col21: k_hat=3  ACC=0.7857  NMI=0.5710  ARI=0.4546  0.2s

=== P1E_S3_C1 train[4] k=3  dim=576  frames=123  σ=0.0  fold=2 ===
  SSC-Block-TV-Col21: k_hat=3  ACC=0.5203  NMI=0.4254  ARI=0.2446  0.1s

=== P1E_S3_C1 train[5] k=3  dim=576  frames=204  σ=0.0  fold=2 ===
  SSC-Block-TV-Col21: k_hat=3  ACC=0.5588  NMI=0.3253  ARI=0.1201  0.3s

=== P1E_S3_C1 train[6] k=3  dim=576  frames=112  σ=0.0  fold=2 ===
  SSC-Block-TV-Col21: k_hat=3  ACC=0.5804  NMI=0.6590  ARI=0.4608  0.1s

=== P1E_S3_C2 train[0] k=3  dim=576  frames=147  σ=0.0  fold=2 ===
  SSC-Block-TV-Col21: k_hat=3  ACC=0.8571  NMI=0.7306  ARI=0.6039  0.2s

=== P1E_S3_C2 train[1] k=3  dim=576  frames=120  σ=0.0  fold=2 ===
  SSC-Block-TV-Col21: k_hat=3  ACC=0.6750  NMI=0.6671  ARI=0.4773  0.1s

=== P1E_S3_C2 train[2] k=3  dim=576  frames=168  σ=0.0  fold=2 ===
  SSC-Block-TV-Col21: k_hat=3  ACC=0.8512  NMI=0.6787  ARI=0.6246  0.2s

=== P1E_S3_C2 train[3] k=3  dim=576  frames=169  σ=0.0  fold=2 ===
  SSC-Block-TV-Col21: k_hat=3  ACC=1.0000  NMI=1.0000  ARI=1.0000  0.2s

=== P1E_S3_C2 train[4] k=3  dim=576  frames=107  σ=0.0  fold=2 ===
  SSC-Block-TV-Col21: k_hat=3  ACC=0.5981  NMI=0.6680  ARI=0.4761  0.1s

=== P1E_S3_C2 train[5] k=3  dim=576  frames=146  σ=0.0  fold=2 ===
  SSC-Block-TV-Col21: k_hat=3  ACC=0.6507  NMI=0.6149  ARI=0.3702  0.2s

=== P1E_S3_C2 train[6] k=3  dim=576  frames=114  σ=0.0  fold=2 ===
  SSC-Block-TV-Col21: k_hat=3  ACC=0.9912  NMI=0.9609  ARI=0.9730  0.1s

=== P1E_S3_C3 train[0] k=3  dim=576  frames=105  σ=0.0  fold=2 ===
  SSC-Block-TV-Col21: k_hat=3  ACC=1.0000  NMI=1.0000  ARI=1.0000  0.1s

=== P1E_S3_C3 train[1] k=3  dim=576  frames=89  σ=0.0  fold=2 ===
  SSC-Block-TV-Col21: k_hat=3  ACC=1.0000  NMI=1.0000  ARI=1.0000  0.1s

=== P1E_S3_C3 train[2] k=3  dim=576  frames=125  σ=0.0  fold=2 ===
  SSC-Block-TV-Col21: k_hat=3  ACC=0.9840  NMI=0.9390  ARI=0.9481  0.1s

=== P1E_S3_C3 train[3] k=3  dim=576  frames=128  σ=0.0  fold=2 ===
  SSC-Block-TV-Col21: k_hat=3  ACC=0.7500  NMI=0.7005  ARI=0.5481  0.1s

=== P1E_S3_C3 train[4] k=3  dim=576  frames=83  σ=0.0  fold=2 ===
  SSC-Block-TV-Col21: k_hat=3  ACC=0.6024  NMI=0.6637  ARI=0.4692  0.1s

=== P1E_S3_C3 train[5] k=3  dim=576  frames=129  σ=0.0  fold=2 ===
  SSC-Block-TV-Col21: k_hat=3  ACC=0.9845  NMI=0.9427  ARI=0.9553  0.1s

=== P1E_S3_C3 train[6] k=3  dim=576  frames=84  σ=0.0  fold=2 ===
  SSC-Block-TV-Col21: k_hat=3  ACC=0.9881  NMI=0.9523  ARI=0.9667  0.1s

=== P1E_S4_C1 train[0] k=3  dim=576  frames=158  σ=0.0  fold=2 ===
  SSC-Block-TV-Col21: k_hat=3  ACC=0.8734  NMI=0.7427  ARI=0.6331  0.2s

=== P1E_S4_C1 train[1] k=3  dim=576  frames=107  σ=0.0  fold=2 ===
  SSC-Block-TV-Col21: k_hat=3  ACC=0.8598  NMI=0.7634  ARI=0.6850  0.1s

=== P1E_S4_C1 train[2] k=3  dim=576  frames=182  σ=0.0  fold=2 ===
  SSC-Block-TV-Col21: k_hat=3  ACC=0.8736  NMI=0.7499  ARI=0.6853  0.2s

=== P1E_S4_C1 train[3] k=3  dim=576  frames=180  σ=0.0  fold=2 ===
  SSC-Block-TV-Col21: k_hat=3  ACC=0.8444  NMI=0.7452  ARI=0.6370  0.2s

=== P1E_S4_C1 train[4] k=3  dim=576  frames=133  σ=0.0  fold=2 ===
  SSC-Block-TV-Col21: k_hat=3  ACC=0.7444  NMI=0.5266  ARI=0.3774  0.1s

=== P1E_S4_C1 train[5] k=3  dim=576  frames=147  σ=0.0  fold=2 ===
  SSC-Block-TV-Col21: k_hat=3  ACC=0.6395  NMI=0.6392  ARI=0.4809  0.2s

=== P1E_S4_C1 train[6] k=3  dim=576  frames=145  σ=0.0  fold=2 ===
  SSC-Block-TV-Col21: k_hat=3  ACC=1.0000  NMI=1.0000  ARI=1.0000  0.2s

=== P1E_S4_C2 train[0] k=3  dim=576  frames=117  σ=0.0  fold=2 ===
  SSC-Block-TV-Col21: k_hat=3  ACC=0.9744  NMI=0.9161  ARI=0.9229  0.1s

=== P1E_S4_C2 train[1] k=3  dim=576  frames=125  σ=0.0  fold=2 ===
  SSC-Block-TV-Col21: k_hat=3  ACC=1.0000  NMI=1.0000  ARI=1.0000  0.1s

=== P1E_S4_C2 train[2] k=3  dim=576  frames=126  σ=0.0  fold=2 ===
  SSC-Block-TV-Col21: k_hat=3  ACC=0.9048  NMI=0.7878  ARI=0.7181  0.1s

=== P1E_S4_C2 train[3] k=3  dim=576  frames=140  σ=0.0  fold=2 ===
  SSC-Block-TV-Col21: k_hat=3  ACC=0.7857  NMI=0.6903  ARI=0.5111  0.1s

=== P1E_S4_C2 train[4] k=3  dim=576  frames=129  σ=0.0  fold=2 ===
  SSC-Block-TV-Col21: k_hat=3  ACC=0.5426  NMI=0.6602  ARI=0.4588  0.1s

=== P1E_S4_C2 train[5] k=3  dim=576  frames=146  σ=0.0  fold=2 ===
  SSC-Block-TV-Col21: k_hat=3  ACC=0.9589  NMI=0.8852  ARI=0.8877  0.2s

=== P1E_S4_C2 train[6] k=3  dim=576  frames=110  σ=0.0  fold=2 ===
  SSC-Block-TV-Col21: k_hat=3  ACC=0.9818  NMI=0.9362  ARI=0.9514  0.1s

=== P1E_S4_C3 train[0] k=3  dim=576  frames=90  σ=0.0  fold=2 ===
  SSC-Block-TV-Col21: k_hat=3  ACC=0.9778  NMI=0.9242  ARI=0.9338  0.1s

=== P1E_S4_C3 train[1] k=3  dim=576  frames=64  σ=0.0  fold=2 ===
  SSC-Block-TV-Col21: k_hat=3  ACC=1.0000  NMI=1.0000  ARI=1.0000  0.1s

=== P1E_S4_C3 train[2] k=3  dim=576  frames=105  σ=0.0  fold=2 ===
  SSC-Block-TV-Col21: k_hat=3  ACC=0.8857  NMI=0.7406  ARI=0.7318  0.1s

=== P1E_S4_C3 train[3] k=3  dim=576  frames=87  σ=0.0  fold=2 ===
  SSC-Block-TV-Col21: k_hat=3  ACC=1.0000  NMI=1.0000  ARI=1.0000  0.1s

=== P1E_S4_C3 train[4] k=3  dim=576  frames=76  σ=0.0  fold=2 ===
  SSC-Block-TV-Col21: k_hat=3  ACC=1.0000  NMI=1.0000  ARI=1.0000  0.1s

=== P1E_S4_C3 train[5] k=3  dim=576  frames=106  σ=0.0  fold=2 ===
  SSC-Block-TV-Col21: k_hat=3  ACC=0.6792  NMI=0.7026  ARI=0.5568  0.1s

=== P1E_S4_C3 train[6] k=3  dim=576  frames=79  σ=0.0  fold=2 ===
  SSC-Block-TV-Col21: k_hat=3  ACC=0.9873  NMI=0.9513  ARI=0.9638  0.1s

=== P1L_S1_C1 train[0] k=3  dim=576  frames=162  σ=0.0  fold=2 ===
  SSC-Block-TV-Col21: k_hat=3  ACC=0.5494  NMI=0.6534  ARI=0.4507  0.2s

=== P1L_S1_C1 train[1] k=3  dim=576  frames=170  σ=0.0  fold=2 ===
  SSC-Block-TV-Col21: k_hat=3  ACC=0.7059  NMI=0.6536  ARI=0.4499  0.2s

=== P1L_S1_C1 train[2] k=3  dim=576  frames=182  σ=0.0  fold=2 ===
  SSC-Block-TV-Col21: k_hat=3  ACC=1.0000  NMI=1.0000  ARI=1.0000  0.2s

=== P1L_S1_C1 train[3] k=3  dim=576  frames=198  σ=0.0  fold=2 ===
  SSC-Block-TV-Col21: k_hat=3  ACC=0.7323  NMI=0.6955  ARI=0.5444  0.2s

=== P1L_S1_C1 train[4] k=3  dim=576  frames=166  σ=0.0  fold=2 ===
  SSC-Block-TV-Col21: k_hat=3  ACC=1.0000  NMI=1.0000  ARI=1.0000  0.2s

=== P1L_S1_C1 train[5] k=3  dim=576  frames=116  σ=0.0  fold=2 ===
  SSC-Block-TV-Col21: k_hat=3  ACC=0.5517  NMI=0.5057  ARI=0.3338  0.1s

=== P1L_S1_C1 train[6] k=3  dim=576  frames=175  σ=0.0  fold=2 ===
  SSC-Block-TV-Col21: k_hat=3  ACC=1.0000  NMI=1.0000  ARI=1.0000  0.2s

=== P1L_S1_C2 train[0] k=3  dim=576  frames=186  σ=0.0  fold=2 ===
  SSC-Block-TV-Col21: k_hat=3  ACC=0.8118  NMI=0.6636  ARI=0.5412  0.2s

=== P1L_S1_C2 train[1] k=3  dim=576  frames=137  σ=0.0  fold=2 ===
  SSC-Block-TV-Col21: k_hat=3  ACC=1.0000  NMI=1.0000  ARI=1.0000  0.1s

=== P1L_S1_C2 train[2] k=3  dim=576  frames=181  σ=0.0  fold=2 ===
  SSC-Block-TV-Col21: k_hat=3  ACC=0.8232  NMI=0.7206  ARI=0.5887  0.2s

=== P1L_S1_C2 train[3] k=3  dim=576  frames=128  σ=0.0  fold=2 ===
  SSC-Block-TV-Col21: k_hat=3  ACC=0.8750  NMI=0.7877  ARI=0.7617  0.1s

=== P1L_S1_C2 train[4] k=3  dim=576  frames=154  σ=0.0  fold=2 ===
  SSC-Block-TV-Col21: k_hat=3  ACC=0.5065  NMI=0.6566  ARI=0.4500  0.2s

=== P1L_S1_C2 train[5] k=3  dim=576  frames=142  σ=0.0  fold=2 ===
  SSC-Block-TV-Col21: k_hat=3  ACC=0.8239  NMI=0.7102  ARI=0.5692  0.2s

=== P1L_S1_C2 train[6] k=3  dim=576  frames=168  σ=0.0  fold=2 ===
  SSC-Block-TV-Col21: k_hat=3  ACC=1.0000  NMI=1.0000  ARI=1.0000  0.2s

=== P1L_S1_C3 train[0] k=3  dim=576  frames=60  σ=0.0  fold=2 ===
  SSC-Block-TV-Col21: k_hat=3  ACC=0.5167  NMI=0.6515  ARI=0.4364  0.1s

=== P1L_S1_C3 train[1] k=3  dim=576  frames=68  σ=0.0  fold=2 ===
  SSC-Block-TV-Col21: k_hat=3  ACC=1.0000  NMI=1.0000  ARI=1.0000  0.1s

=== P1L_S1_C3 train[2] k=3  dim=576  frames=74  σ=0.0  fold=2 ===
  SSC-Block-TV-Col21: k_hat=3  ACC=0.5811  NMI=0.6652  ARI=0.4654  0.1s

=== P1L_S1_C3 train[3] k=3  dim=576  frames=73  σ=0.0  fold=2 ===
  SSC-Block-TV-Col21: k_hat=3  ACC=0.6027  NMI=0.6624  ARI=0.4687  0.1s

=== P1L_S1_C3 train[4] k=3  dim=576  frames=64  σ=0.0  fold=2 ===
  SSC-Block-TV-Col21: k_hat=3  ACC=0.8438  NMI=0.7524  ARI=0.6573  0.1s

=== P1L_S1_C3 train[5] k=3  dim=576  frames=63  σ=0.0  fold=2 ===
  SSC-Block-TV-Col21: k_hat=3  ACC=0.6349  NMI=0.6745  ARI=0.5038  0.1s

=== P1L_S1_C3 train[6] k=3  dim=576  frames=75  σ=0.0  fold=2 ===
  SSC-Block-TV-Col21: k_hat=3  ACC=0.9867  NMI=0.9474  ARI=0.9569  0.1s

=== P1L_S2_C1 train[0] k=3  dim=576  frames=211  σ=0.0  fold=2 ===
  SSC-Block-TV-Col21: k_hat=3  ACC=0.8246  NMI=0.7261  ARI=0.6134  0.3s

=== P1L_S2_C1 train[1] k=3  dim=576  frames=190  σ=0.0  fold=2 ===
  SSC-Block-TV-Col21: k_hat=3  ACC=0.7158  NMI=0.6703  ARI=0.4873  0.2s

=== P1L_S2_C1 train[2] k=3  dim=576  frames=177  σ=0.0  fold=2 ===
  SSC-Block-TV-Col21: k_hat=3  ACC=0.8362  NMI=0.6582  ARI=0.5876  0.2s

=== P1L_S2_C1 train[3] k=3  dim=576  frames=172  σ=0.0  fold=2 ===
  SSC-Block-TV-Col21: k_hat=3  ACC=0.9593  NMI=0.8874  ARI=0.9050  0.2s

=== P1L_S2_C1 train[4] k=3  dim=576  frames=179  σ=0.0  fold=2 ===
  SSC-Block-TV-Col21: k_hat=3  ACC=1.0000  NMI=1.0000  ARI=1.0000  0.2s

=== P1L_S2_C1 train[5] k=3  dim=576  frames=180  σ=0.0  fold=2 ===
  SSC-Block-TV-Col21: k_hat=3  ACC=0.6111  NMI=0.5156  ARI=0.3607  0.2s

=== P1L_S2_C1 train[6] k=3  dim=576  frames=133  σ=0.0  fold=2 ===
  SSC-Block-TV-Col21: k_hat=3  ACC=1.0000  NMI=1.0000  ARI=1.0000  0.1s

=== P1L_S2_C2 train[0] k=3  dim=576  frames=194  σ=0.0  fold=2 ===
  SSC-Block-TV-Col21: k_hat=3  ACC=0.9948  NMI=0.9734  ARI=0.9820  0.2s

=== P1L_S2_C2 train[1] k=3  dim=576  frames=155  σ=0.0  fold=2 ===
  SSC-Block-TV-Col21: k_hat=3  ACC=1.0000  NMI=1.0000  ARI=1.0000  0.2s

=== P1L_S2_C2 train[2] k=3  dim=576  frames=186  σ=0.0  fold=2 ===
  SSC-Block-TV-Col21: k_hat=3  ACC=0.9892  NMI=0.9571  ARI=0.9711  0.2s

=== P1L_S2_C2 train[3] k=3  dim=576  frames=201  σ=0.0  fold=2 ===
  SSC-Block-TV-Col21: k_hat=3  ACC=0.8209  NMI=0.7182  ARI=0.5781  0.3s

=== P1L_S2_C2 train[4] k=3  dim=576  frames=171  σ=0.0  fold=2 ===
  SSC-Block-TV-Col21: k_hat=3  ACC=0.8421  NMI=0.7405  ARI=0.6266  0.2s

=== P1L_S2_C2 train[5] k=3  dim=576  frames=160  σ=0.0  fold=2 ===
  SSC-Block-TV-Col21: k_hat=3  ACC=0.8125  NMI=0.6737  ARI=0.5155  0.2s

=== P1L_S2_C2 train[6] k=3  dim=576  frames=154  σ=0.0  fold=2 ===
  SSC-Block-TV-Col21: k_hat=3  ACC=1.0000  NMI=1.0000  ARI=1.0000  0.2s

=== P1L_S2_C3 train[0] k=3  dim=576  frames=119  σ=0.0  fold=2 ===
  SSC-Block-TV-Col21: k_hat=3  ACC=1.0000  NMI=1.0000  ARI=1.0000  0.1s

=== P1L_S2_C3 train[1] k=3  dim=576  frames=101  σ=0.0  fold=2 ===
  SSC-Block-TV-Col21: k_hat=3  ACC=1.0000  NMI=1.0000  ARI=1.0000  0.1s

=== P1L_S2_C3 train[2] k=3  dim=576  frames=112  σ=0.0  fold=2 ===
  SSC-Block-TV-Col21: k_hat=3  ACC=1.0000  NMI=1.0000  ARI=1.0000  0.1s

=== P1L_S2_C3 train[3] k=3  dim=576  frames=126  σ=0.0  fold=2 ===
  SSC-Block-TV-Col21: k_hat=3  ACC=0.8413  NMI=0.7417  ARI=0.6278  0.1s

=== P1L_S2_C3 train[4] k=3  dim=576  frames=102  σ=0.0  fold=2 ===
  SSC-Block-TV-Col21: k_hat=3  ACC=0.5392  NMI=0.6485  ARI=0.4410  0.1s

=== P1L_S2_C3 train[5] k=3  dim=576  frames=121  σ=0.0  fold=2 ===
  SSC-Block-TV-Col21: k_hat=3  ACC=0.9091  NMI=0.7880  ARI=0.7781  0.1s

=== P1L_S2_C3 train[6] k=3  dim=576  frames=99  σ=0.0  fold=2 ===
  SSC-Block-TV-Col21: k_hat=3  ACC=0.9798  NMI=0.9303  ARI=0.9424  0.1s

=== P1L_S3_C1 train[0] k=3  dim=576  frames=156  σ=0.0  fold=2 ===
  SSC-Block-TV-Col21: k_hat=3  ACC=0.4872  NMI=0.3228  ARI=0.0821  0.2s

=== P1L_S3_C1 train[1] k=3  dim=576  frames=120  σ=0.0  fold=2 ===
  SSC-Block-TV-Col21: k_hat=3  ACC=1.0000  NMI=1.0000  ARI=1.0000  0.1s

=== P1L_S3_C1 train[2] k=3  dim=576  frames=156  σ=0.0  fold=2 ===
  SSC-Block-TV-Col21: k_hat=3  ACC=0.6346  NMI=0.6784  ARI=0.5044  0.2s

=== P1L_S3_C1 train[3] k=3  dim=576  frames=159  σ=0.0  fold=2 ===
  SSC-Block-TV-Col21: k_hat=3  ACC=0.7610  NMI=0.5592  ARI=0.4333  0.2s

=== P1L_S3_C1 train[4] k=3  dim=576  frames=172  σ=0.0  fold=2 ===
  SSC-Block-TV-Col21: k_hat=3  ACC=0.5000  NMI=0.4786  ARI=0.2948  0.2s

=== P1L_S3_C1 train[5] k=3  dim=576  frames=176  σ=0.0  fold=2 ===
  SSC-Block-TV-Col21: k_hat=3  ACC=0.7045  NMI=0.6249  ARI=0.4050  0.2s

=== P1L_S3_C1 train[6] k=3  dim=576  frames=134  σ=0.0  fold=2 ===
  SSC-Block-TV-Col21: k_hat=3  ACC=0.9179  NMI=0.8056  ARI=0.7598  0.1s

=== P1L_S3_C2 train[0] k=3  dim=576  frames=185  σ=0.0  fold=2 ===
  SSC-Block-TV-Col21: k_hat=3  ACC=0.8108  NMI=0.7182  ARI=0.6012  0.2s

=== P1L_S3_C2 train[1] k=3  dim=576  frames=125  σ=0.0  fold=2 ===
  SSC-Block-TV-Col21: k_hat=3  ACC=0.5280  NMI=0.5450  ARI=0.3661  0.1s

=== P1L_S3_C2 train[2] k=3  dim=576  frames=209  σ=0.0  fold=2 ===
  SSC-Block-TV-Col21: k_hat=3  ACC=0.8612  NMI=0.7400  ARI=0.6245  0.3s

=== P1L_S3_C2 train[3] k=3  dim=576  frames=168  σ=0.0  fold=2 ===
  SSC-Block-TV-Col21: k_hat=3  ACC=0.6488  NMI=0.6705  ARI=0.5211  0.2s

=== P1L_S3_C2 train[4] k=3  dim=576  frames=187  σ=0.0  fold=2 ===
  SSC-Block-TV-Col21: k_hat=3  ACC=0.5027  NMI=0.4074  ARI=0.2152  0.2s

=== P1L_S3_C2 train[5] k=3  dim=576  frames=229  σ=0.0  fold=2 ===
  SSC-Block-TV-Col21: k_hat=3  ACC=0.5109  NMI=0.6332  ARI=0.4399  0.3s

=== P1L_S3_C2 train[6] k=3  dim=576  frames=136  σ=0.0  fold=2 ===
  SSC-Block-TV-Col21: k_hat=3  ACC=1.0000  NMI=1.0000  ARI=1.0000  0.1s

=== P1L_S3_C3 train[0] k=3  dim=576  frames=151  σ=0.0  fold=2 ===
  SSC-Block-TV-Col21: k_hat=3  ACC=0.9868  NMI=0.9443  ARI=0.9594  0.2s

=== P1L_S3_C3 train[1] k=3  dim=576  frames=118  σ=0.0  fold=2 ===
  SSC-Block-TV-Col21: k_hat=3  ACC=0.8983  NMI=0.7946  ARI=0.7354  0.1s

=== P1L_S3_C3 train[2] k=3  dim=576  frames=142  σ=0.0  fold=2 ===
  SSC-Block-TV-Col21: k_hat=3  ACC=1.0000  NMI=1.0000  ARI=1.0000  0.2s

=== P1L_S3_C3 train[3] k=3  dim=576  frames=134  σ=0.0  fold=2 ===
  SSC-Block-TV-Col21: k_hat=3  ACC=0.9030  NMI=0.7887  ARI=0.7192  0.1s

=== P1L_S3_C3 train[4] k=3  dim=576  frames=110  σ=0.0  fold=2 ===
  SSC-Block-TV-Col21: k_hat=3  ACC=0.9091  NMI=0.8079  ARI=0.7601  0.1s

=== P1L_S3_C3 train[5] k=3  dim=576  frames=161  σ=0.0  fold=2 ===
  SSC-Block-TV-Col21: k_hat=3  ACC=0.8509  NMI=0.7344  ARI=0.6813  0.2s

=== P1L_S3_C3 train[6] k=3  dim=576  frames=114  σ=0.0  fold=2 ===
  SSC-Block-TV-Col21: k_hat=3  ACC=0.9912  NMI=0.9630  ARI=0.9763  0.1s

=== P1L_S4_C1 train[0] k=3  dim=576  frames=200  σ=0.0  fold=2 ===
  SSC-Block-TV-Col21: k_hat=3  ACC=0.9050  NMI=0.8002  ARI=0.7538  0.2s

=== P1L_S4_C1 train[1] k=3  dim=576  frames=157  σ=0.0  fold=2 ===
  SSC-Block-TV-Col21: k_hat=3  ACC=1.0000  NMI=1.0000  ARI=1.0000  0.2s

=== P1L_S4_C1 train[2] k=3  dim=576  frames=168  σ=0.0  fold=2 ===
  SSC-Block-TV-Col21: k_hat=3  ACC=0.8869  NMI=0.7674  ARI=0.6779  0.2s

=== P1L_S4_C1 train[3] k=3  dim=576  frames=142  σ=0.0  fold=2 ===
  SSC-Block-TV-Col21: k_hat=3  ACC=1.0000  NMI=1.0000  ARI=1.0000  0.2s

=== P1L_S4_C1 train[4] k=3  dim=576  frames=164  σ=0.0  fold=2 ===
  SSC-Block-TV-Col21: k_hat=3  ACC=0.9939  NMI=0.9720  ARI=0.9811  0.2s

=== P1L_S4_C1 train[5] k=3  dim=576  frames=187  σ=0.0  fold=2 ===
  SSC-Block-TV-Col21: k_hat=3  ACC=0.6043  NMI=0.4902  ARI=0.3322  0.2s

=== P1L_S4_C1 train[6] k=3  dim=576  frames=202  σ=0.0  fold=2 ===
  SSC-Block-TV-Col21: k_hat=3  ACC=0.9950  NMI=0.9766  ARI=0.9853  0.3s

=== P1L_S4_C2 train[0] k=3  dim=576  frames=157  σ=0.0  fold=2 ===
  SSC-Block-TV-Col21: k_hat=3  ACC=1.0000  NMI=1.0000  ARI=1.0000  0.2s

=== P1L_S4_C2 train[1] k=3  dim=576  frames=149  σ=0.0  fold=2 ===
  SSC-Block-TV-Col21: k_hat=3  ACC=0.9195  NMI=0.8124  ARI=0.7623  0.2s

=== P1L_S4_C2 train[2] k=3  dim=576  frames=168  σ=0.0  fold=2 ===
  SSC-Block-TV-Col21: k_hat=3  ACC=0.8571  NMI=0.7372  ARI=0.6347  0.2s

=== P1L_S4_C2 train[3] k=3  dim=576  frames=154  σ=0.0  fold=2 ===
  SSC-Block-TV-Col21: k_hat=3  ACC=0.9286  NMI=0.8132  ARI=0.7776  0.2s

=== P1L_S4_C2 train[4] k=3  dim=576  frames=152  σ=0.0  fold=2 ===
  SSC-Block-TV-Col21: k_hat=3  ACC=0.8618  NMI=0.7611  ARI=0.6804  0.2s

=== P1L_S4_C2 train[5] k=3  dim=576  frames=169  σ=0.0  fold=2 ===
  SSC-Block-TV-Col21: k_hat=3  ACC=0.7751  NMI=0.7207  ARI=0.6048  0.2s

=== P1L_S4_C2 train[6] k=3  dim=576  frames=153  σ=0.0  fold=2 ===
  SSC-Block-TV-Col21: k_hat=3  ACC=1.0000  NMI=1.0000  ARI=1.0000  0.2s

=== P1L_S4_C3 train[0] k=3  dim=576  frames=96  σ=0.0  fold=2 ===
  SSC-Block-TV-Col21: k_hat=3  ACC=1.0000  NMI=1.0000  ARI=1.0000  0.1s

=== P1L_S4_C3 train[1] k=3  dim=576  frames=107  σ=0.0  fold=2 ===
  SSC-Block-TV-Col21: k_hat=3  ACC=0.9813  NMI=0.9289  ARI=0.9364  0.1s

=== P1L_S4_C3 train[2] k=3  dim=576  frames=117  σ=0.0  fold=2 ===
  SSC-Block-TV-Col21: k_hat=3  ACC=0.7009  NMI=0.6970  ARI=0.5517  0.1s

=== P1L_S4_C3 train[3] k=3  dim=576  frames=112  σ=0.0  fold=2 ===
  SSC-Block-TV-Col21: k_hat=3  ACC=0.8036  NMI=0.7211  ARI=0.5862  0.1s

=== P1L_S4_C3 train[4] k=3  dim=576  frames=103  σ=0.0  fold=2 ===
  SSC-Block-TV-Col21: k_hat=3  ACC=0.9612  NMI=0.8864  ARI=0.8833  0.1s

=== P1L_S4_C3 train[5] k=3  dim=576  frames=105  σ=0.0  fold=2 ===
  SSC-Block-TV-Col21: k_hat=3  ACC=0.5238  NMI=0.6560  ARI=0.4477  0.1s

=== P1L_S4_C3 train[6] k=3  dim=576  frames=107  σ=0.0  fold=2 ===
  SSC-Block-TV-Col21: k_hat=3  ACC=0.9813  NMI=0.9338  ARI=0.9463  0.1s

=== P1E_S1_C1 test[0] k=3  dim=576  frames=130  σ=0.0  fold=2 ===
  SSC-Block-TV-Col21: k_hat=3  ACC=0.9308  NMI=0.8341  ARI=0.8016  0.1s

=== P1E_S1_C2 test[0] k=3  dim=576  frames=104  σ=0.0  fold=2 ===
  SSC-Block-TV-Col21: k_hat=3  ACC=1.0000  NMI=1.0000  ARI=1.0000  0.1s

=== P1E_S1_C3 test[0] k=3  dim=576  frames=47  σ=0.0  fold=2 ===
  SSC-Block-TV-Col21: k_hat=3  ACC=1.0000  NMI=1.0000  ARI=1.0000  0.0s

=== P1E_S2_C1 test[0] k=3  dim=576  frames=136  σ=0.0  fold=2 ===
  SSC-Block-TV-Col21: k_hat=3  ACC=0.8971  NMI=0.7907  ARI=0.7297  0.1s

=== P1E_S2_C2 test[0] k=3  dim=576  frames=109  σ=0.0  fold=2 ===
  SSC-Block-TV-Col21: k_hat=3  ACC=1.0000  NMI=1.0000  ARI=1.0000  0.1s

=== P1E_S2_C3 test[0] k=3  dim=576  frames=90  σ=0.0  fold=2 ===
  SSC-Block-TV-Col21: k_hat=3  ACC=1.0000  NMI=1.0000  ARI=1.0000  0.1s

=== P1E_S3_C1 test[0] k=3  dim=576  frames=134  σ=0.0  fold=2 ===
  SSC-Block-TV-Col21: k_hat=3  ACC=0.8209  NMI=0.7183  ARI=0.5756  0.1s

=== P1E_S3_C2 test[0] k=3  dim=576  frames=112  σ=0.0  fold=2 ===
  SSC-Block-TV-Col21: k_hat=3  ACC=0.9107  NMI=0.8014  ARI=0.7414  0.1s

=== P1E_S3_C3 test[0] k=3  dim=576  frames=84  σ=0.0  fold=2 ===
  SSC-Block-TV-Col21: k_hat=3  ACC=1.0000  NMI=1.0000  ARI=1.0000  0.1s

=== P1E_S4_C1 test[0] k=3  dim=576  frames=155  σ=0.0  fold=2 ===
  SSC-Block-TV-Col21: k_hat=3  ACC=0.8581  NMI=0.7531  ARI=0.6535  0.2s

=== P1E_S4_C2 test[0] k=3  dim=576  frames=122  σ=0.0  fold=2 ===
  SSC-Block-TV-Col21: k_hat=3  ACC=1.0000  NMI=1.0000  ARI=1.0000  0.1s

=== P1E_S4_C3 test[0] k=3  dim=576  frames=85  σ=0.0  fold=2 ===
  SSC-Block-TV-Col21: k_hat=3  ACC=1.0000  NMI=1.0000  ARI=1.0000  0.1s

=== P1L_S1_C1 test[0] k=3  dim=576  frames=155  σ=0.0  fold=2 ===
  SSC-Block-TV-Col21: k_hat=3  ACC=1.0000  NMI=1.0000  ARI=1.0000  0.2s

=== P1L_S1_C2 test[0] k=3  dim=576  frames=147  σ=0.0  fold=2 ===
  SSC-Block-TV-Col21: k_hat=3  ACC=1.0000  NMI=1.0000  ARI=1.0000  0.2s

=== P1L_S1_C3 test[0] k=3  dim=576  frames=65  σ=0.0  fold=2 ===
  SSC-Block-TV-Col21: k_hat=3  ACC=1.0000  NMI=1.0000  ARI=1.0000  0.1s

=== P1L_S2_C1 test[0] k=3  dim=576  frames=180  σ=0.0  fold=2 ===
  SSC-Block-TV-Col21: k_hat=3  ACC=1.0000  NMI=1.0000  ARI=1.0000  0.2s

=== P1L_S2_C2 test[0] k=3  dim=576  frames=134  σ=0.0  fold=2 ===
  SSC-Block-TV-Col21: k_hat=3  ACC=1.0000  NMI=1.0000  ARI=1.0000  0.1s

=== P1L_S2_C3 test[0] k=3  dim=576  frames=85  σ=0.0  fold=2 ===
  SSC-Block-TV-Col21: k_hat=3  ACC=1.0000  NMI=1.0000  ARI=1.0000  0.1s

=== P1L_S3_C1 test[0] k=3  dim=576  frames=185  σ=0.0  fold=2 ===
  SSC-Block-TV-Col21: k_hat=3  ACC=0.8703  NMI=0.7651  ARI=0.6860  0.2s

=== P1L_S3_C2 test[0] k=3  dim=576  frames=166  σ=0.0  fold=2 ===
  SSC-Block-TV-Col21: k_hat=3  ACC=1.0000  NMI=1.0000  ARI=1.0000  0.2s

=== P1L_S3_C3 test[0] k=3  dim=576  frames=121  σ=0.0  fold=2 ===
  SSC-Block-TV-Col21: k_hat=3  ACC=1.0000  NMI=1.0000  ARI=1.0000  0.1s

=== P1L_S4_C1 test[0] k=3  dim=576  frames=154  σ=0.0  fold=2 ===
  SSC-Block-TV-Col21: k_hat=3  ACC=1.0000  NMI=1.0000  ARI=1.0000  0.2s

=== P1L_S4_C2 test[0] k=3  dim=576  frames=175  σ=0.0  fold=2 ===
  SSC-Block-TV-Col21: k_hat=3  ACC=1.0000  NMI=1.0000  ARI=1.0000  0.2s

=== P1L_S4_C3 test[0] k=3  dim=576  frames=94  σ=0.0  fold=2 ===
  SSC-Block-TV-Col21: k_hat=3  ACC=1.0000  NMI=1.0000  ARI=1.0000  0.1s
  tune_pool_groups=20: sampling from 22 held-in people (overlap allowed) instead of the 7 fixed partition group(s)

============================================================
σ=0.0 fold=3  test=['0005', '0024', '0025']  train mats=168  test mats=24  tune mats=480
  --- tune SSC-Block-TV-Col21 over 480 train mats  n_trials=40 (4 params) ---
  SSC-Block-TV-Col21 trial 0: mean ARI=0.6229  n=480  66.3s  lambda_e=1, lambda_z=0.1, gamma_q=0.1, block_size=5
  SSC-Block-TV-Col21 trial 1: mean ARI=0.6633  n=480  65.5s  lambda_e=0.443, lambda_z=0.7257, gamma_q=0.2577, block_size=7
  SSC-Block-TV-Col21 trial 2: mean ARI=0.7194  n=480  65.3s  lambda_e=0.1866, lambda_z=0.3833, gamma_q=0.05628, block_size=11
  SSC-Block-TV-Col21 trial 3: mean ARI=0.3282  n=480  65.8s  lambda_e=7.78, lambda_z=0.03418, gamma_q=1.469, block_size=7
  SSC-Block-TV-Col21 trial 4: mean ARI=0.6163  n=480  68.9s  lambda_e=0.506, lambda_z=5.039, gamma_q=0.001924, block_size=2
  SSC-Block-TV-Col21 trial 5: mean ARI=0.3512  n=480  65.5s  lambda_e=0.0115, lambda_z=2.14, gamma_q=1.296, block_size=11
  SSC-Block-TV-Col21 trial 6: mean ARI=0.6803  n=480  65.6s  lambda_e=8.627, lambda_z=1.573, gamma_q=0.07013, block_size=10
  SSC-Block-TV-Col21 trial 7: mean ARI=0.7669  n=480  69.0s  lambda_e=0.02264, lambda_z=0.3628, gamma_q=0.003745, block_size=12
  SSC-Block-TV-Col21 trial 8: mean ARI=0.7663  n=480  64.9s  lambda_e=0.3677, lambda_z=0.04557, gamma_q=0.01143, block_size=10
  SSC-Block-TV-Col21 trial 9: mean ARI=0.7507  n=480  65.5s  lambda_e=0.2336, lambda_z=0.1878, gamma_q=0.001189, block_size=8
  SSC-Block-TV-Col21 trial 10: mean ARI=0.5126  n=480  68.7s  lambda_e=0.01151, lambda_z=0.001661, gamma_q=6.473, block_size=2
  SSC-Block-TV-Col21 trial 11: mean ARI=0.7219  n=480  65.6s  lambda_e=0.06092, lambda_z=0.01492, gamma_q=0.01117, block_size=12
  SSC-Block-TV-Col21 trial 12: mean ARI=0.7392  n=480  65.8s  lambda_e=0.05731, lambda_z=0.01131, gamma_q=0.007917, block_size=9
  SSC-Block-TV-Col21 trial 13: mean ARI=0.7726  n=480  65.4s  lambda_e=2.603, lambda_z=0.0684, gamma_q=0.008229, block_size=12
  SSC-Block-TV-Col21 trial 14: mean ARI=0.6795  n=480  65.5s  lambda_e=2.611, lambda_z=0.002846, gamma_q=0.005404, block_size=12
  SSC-Block-TV-Col21 trial 15: mean ARI=0.7449  n=480  65.6s  lambda_e=0.05124, lambda_z=0.1701, gamma_q=0.02509, block_size=12
  SSC-Block-TV-Col21 trial 16: mean ARI=0.7281  n=480  65.7s  lambda_e=2.437, lambda_z=0.4296, gamma_q=0.002717, block_size=10
  SSC-Block-TV-Col21 trial 17: mean ARI=0.7036  n=480  70.5s  lambda_e=0.02825, lambda_z=8.98, gamma_q=0.02476, block_size=11
  SSC-Block-TV-Col21 trial 18: mean ARI=0.7667  n=480  65.9s  lambda_e=0.1173, lambda_z=0.009053, gamma_q=0.003636, block_size=9
  SSC-Block-TV-Col21 trial 19: mean ARI=0.4297  n=480  66.6s  lambda_e=1.253, lambda_z=0.09181, gamma_q=0.2536, block_size=5
  SSC-Block-TV-Col21 trial 20: mean ARI=0.7406  n=480  68.8s  lambda_e=0.02336, lambda_z=1.52, gamma_q=0.001001, block_size=12
  SSC-Block-TV-Col21 trial 21: mean ARI=0.7758  n=480  65.1s  lambda_e=0.1348, lambda_z=0.01071, gamma_q=0.003421, block_size=9
  SSC-Block-TV-Col21 trial 22: mean ARI=0.7172  n=480  65.1s  lambda_e=0.1069, lambda_z=0.02937, gamma_q=0.02131, block_size=9
  SSC-Block-TV-Col21 trial 23: mean ARI=0.7600  n=480  66.7s  lambda_e=0.0237, lambda_z=0.004857, gamma_q=0.002584, block_size=5
  SSC-Block-TV-Col21 trial 24: mean ARI=0.7885  n=480  65.7s  lambda_e=4.903, lambda_z=0.07886, gamma_q=0.005476, block_size=7
  SSC-Block-TV-Col21 trial 25: mean ARI=0.7839  n=480  65.6s  lambda_e=4.297, lambda_z=0.06507, gamma_q=0.01365, block_size=7
  SSC-Block-TV-Col21 trial 26: mean ARI=0.6418  n=480  66.2s  lambda_e=4.62, lambda_z=0.02118, gamma_q=0.03358, block_size=6
  SSC-Block-TV-Col21 trial 27: mean ARI=0.6378  n=480  70.8s  lambda_e=1.063, lambda_z=0.005624, gamma_q=0.01278, block_size=7
  SSC-Block-TV-Col21 trial 28: mean ARI=0.5415  n=480  65.3s  lambda_e=4.13, lambda_z=0.001276, gamma_q=0.005436, block_size=8
  SSC-Block-TV-Col21 trial 29: mean ARI=0.6065  n=480  66.6s  lambda_e=0.7061, lambda_z=0.1664, gamma_q=0.1514, block_size=4
  SSC-Block-TV-Col21 trial 30: mean ARI=0.7896  n=480  65.6s  lambda_e=1.655, lambda_z=0.04237, gamma_q=0.001607, block_size=6
  SSC-Block-TV-Col21 trial 31: mean ARI=0.7862  n=480  66.1s  lambda_e=1.689, lambda_z=0.05381, gamma_q=0.001743, block_size=6
  SSC-Block-TV-Col21 trial 32: mean ARI=0.7858  n=480  66.0s  lambda_e=1.531, lambda_z=0.05044, gamma_q=0.001583, block_size=6
  SSC-Block-TV-Col21 trial 33: mean ARI=0.7870  n=480  66.3s  lambda_e=1.792, lambda_z=0.0465, gamma_q=0.001571, block_size=6
  SSC-Block-TV-Col21 trial 34: mean ARI=0.7737  n=480  68.4s  lambda_e=1.603, lambda_z=0.1123, gamma_q=0.001633, block_size=4
  SSC-Block-TV-Col21 trial 35: mean ARI=0.7942  n=480  65.9s  lambda_e=0.6953, lambda_z=0.02568, gamma_q=0.002013, block_size=6
  SSC-Block-TV-Col21 trial 36: mean ARI=0.7910  n=480  66.2s  lambda_e=0.7041, lambda_z=0.01945, gamma_q=0.006038, block_size=4
  SSC-Block-TV-Col21 trial 37: mean ARI=0.7913  n=480  66.9s  lambda_e=0.7614, lambda_z=0.02301, gamma_q=0.005518, block_size=3
  SSC-Block-TV-Col21 trial 38: mean ARI=0.7920  n=480  67.5s  lambda_e=0.7515, lambda_z=0.02431, gamma_q=0.006029, block_size=3
  SSC-Block-TV-Col21 trial 39: mean ARI=0.5291  n=480  67.1s  lambda_e=0.6182, lambda_z=0.02309, gamma_q=0.06626, block_size=3
    best mean ARI=0.7942  tune 2659.9s  lambda_e=0.6953, lambda_z=0.02568, gamma_q=0.002013, block_size=6
  wrote /nfs/turbo/umms-minjilab/lpullela/icassp_ssc_tv2/block_ssc_benchmark/cv/params/surveillance/split_k3_clean_min30_trials20_knownk_scaled_params_cv_ssc_block_tv_col21_k3_sigma0_sigma0_fold3.json

=== P1E_S1_C1 train[0] k=3  dim=576  frames=146  σ=0.0  fold=3 ===
  SSC-Block-TV-Col21: k_hat=3  ACC=0.9178  NMI=0.7994  ARI=0.7432  0.2s

=== P1E_S1_C1 train[1] k=3  dim=576  frames=153  σ=0.0  fold=3 ===
  SSC-Block-TV-Col21: k_hat=3  ACC=1.0000  NMI=1.0000  ARI=1.0000  0.2s

=== P1E_S1_C1 train[2] k=3  dim=576  frames=130  σ=0.0  fold=3 ===
  SSC-Block-TV-Col21: k_hat=3  ACC=1.0000  NMI=1.0000  ARI=1.0000  0.1s

=== P1E_S1_C1 train[3] k=3  dim=576  frames=157  σ=0.0  fold=3 ===
  SSC-Block-TV-Col21: k_hat=3  ACC=0.5796  NMI=0.6618  ARI=0.4656  0.2s

=== P1E_S1_C1 train[4] k=3  dim=576  frames=151  σ=0.0  fold=3 ===
  SSC-Block-TV-Col21: k_hat=3  ACC=0.6026  NMI=0.6703  ARI=0.4826  0.2s

=== P1E_S1_C1 train[5] k=3  dim=576  frames=140  σ=0.0  fold=3 ===
  SSC-Block-TV-Col21: k_hat=3  ACC=0.8786  NMI=0.7789  ARI=0.7106  0.1s

=== P1E_S1_C1 train[6] k=3  dim=576  frames=171  σ=0.0  fold=3 ===
  SSC-Block-TV-Col21: k_hat=3  ACC=0.9357  NMI=0.8467  ARI=0.8312  0.2s

=== P1E_S1_C2 train[0] k=3  dim=576  frames=147  σ=0.0  fold=3 ===
  SSC-Block-TV-Col21: k_hat=3  ACC=0.9932  NMI=0.9693  ARI=0.9802  0.2s

=== P1E_S1_C2 train[1] k=3  dim=576  frames=115  σ=0.0  fold=3 ===
  SSC-Block-TV-Col21: k_hat=3  ACC=0.9826  NMI=0.9354  ARI=0.9437  0.1s

=== P1E_S1_C2 train[2] k=3  dim=576  frames=104  σ=0.0  fold=3 ===
  SSC-Block-TV-Col21: k_hat=3  ACC=1.0000  NMI=1.0000  ARI=1.0000  0.1s

=== P1E_S1_C2 train[3] k=3  dim=576  frames=113  σ=0.0  fold=3 ===
  SSC-Block-TV-Col21: k_hat=3  ACC=0.6460  NMI=0.5449  ARI=0.4055  0.1s

=== P1E_S1_C2 train[4] k=3  dim=576  frames=122  σ=0.0  fold=3 ===
  SSC-Block-TV-Col21: k_hat=3  ACC=0.5492  NMI=0.6596  ARI=0.4567  0.1s

=== P1E_S1_C2 train[5] k=3  dim=576  frames=122  σ=0.0  fold=3 ===
  SSC-Block-TV-Col21: k_hat=3  ACC=0.9426  NMI=0.8571  ARI=0.8532  0.1s

=== P1E_S1_C2 train[6] k=3  dim=576  frames=134  σ=0.0  fold=3 ===
  SSC-Block-TV-Col21: k_hat=3  ACC=0.9851  NMI=0.9443  ARI=0.9564  0.1s

=== P1E_S1_C3 train[0] k=3  dim=576  frames=58  σ=0.0  fold=3 ===
  SSC-Block-TV-Col21: k_hat=3  ACC=0.9483  NMI=0.8578  ARI=0.8376  0.0s

=== P1E_S1_C3 train[1] k=3  dim=576  frames=56  σ=0.0  fold=3 ===
  SSC-Block-TV-Col21: k_hat=3  ACC=0.9821  NMI=0.9328  ARI=0.9451  0.0s

=== P1E_S1_C3 train[2] k=3  dim=576  frames=47  σ=0.0  fold=3 ===
  SSC-Block-TV-Col21: k_hat=3  ACC=1.0000  NMI=1.0000  ARI=1.0000  0.0s

=== P1E_S1_C3 train[3] k=3  dim=576  frames=37  σ=0.0  fold=3 ===
  SSC-Block-TV-Col21: k_hat=3  ACC=0.9730  NMI=0.9144  ARI=0.9299  0.0s

=== P1E_S1_C3 train[4] k=3  dim=576  frames=55  σ=0.0  fold=3 ===
  SSC-Block-TV-Col21: k_hat=3  ACC=1.0000  NMI=1.0000  ARI=1.0000  0.0s

=== P1E_S1_C3 train[5] k=3  dim=576  frames=51  σ=0.0  fold=3 ===
  SSC-Block-TV-Col21: k_hat=3  ACC=0.9412  NMI=0.8560  ARI=0.8447  0.0s

=== P1E_S1_C3 train[6] k=3  dim=576  frames=69  σ=0.0  fold=3 ===
  SSC-Block-TV-Col21: k_hat=3  ACC=0.9565  NMI=0.8541  ARI=0.8698  0.1s

=== P1E_S2_C1 train[0] k=3  dim=576  frames=167  σ=0.0  fold=3 ===
  SSC-Block-TV-Col21: k_hat=3  ACC=0.8862  NMI=0.7810  ARI=0.7093  0.2s

=== P1E_S2_C1 train[1] k=3  dim=576  frames=151  σ=0.0  fold=3 ===
  SSC-Block-TV-Col21: k_hat=3  ACC=1.0000  NMI=1.0000  ARI=1.0000  0.2s

=== P1E_S2_C1 train[2] k=3  dim=576  frames=136  σ=0.0  fold=3 ===
  SSC-Block-TV-Col21: k_hat=3  ACC=0.9118  NMI=0.8084  ARI=0.7613  0.1s

=== P1E_S2_C1 train[3] k=3  dim=576  frames=149  σ=0.0  fold=3 ===
  SSC-Block-TV-Col21: k_hat=3  ACC=0.6040  NMI=0.6711  ARI=0.4842  0.2s

=== P1E_S2_C1 train[4] k=3  dim=576  frames=124  σ=0.0  fold=3 ===
  SSC-Block-TV-Col21: k_hat=3  ACC=0.5806  NMI=0.6673  ARI=0.4713  0.1s

=== P1E_S2_C1 train[5] k=3  dim=576  frames=161  σ=0.0  fold=3 ===
  SSC-Block-TV-Col21: k_hat=3  ACC=0.8012  NMI=0.6787  ARI=0.5767  0.2s

=== P1E_S2_C1 train[6] k=3  dim=576  frames=153  σ=0.0  fold=3 ===
  SSC-Block-TV-Col21: k_hat=3  ACC=1.0000  NMI=1.0000  ARI=1.0000  0.2s

=== P1E_S2_C2 train[0] k=3  dim=576  frames=146  σ=0.0  fold=3 ===
  SSC-Block-TV-Col21: k_hat=3  ACC=0.9384  NMI=0.8138  ARI=0.8157  0.2s

=== P1E_S2_C2 train[1] k=3  dim=576  frames=115  σ=0.0  fold=3 ===
  SSC-Block-TV-Col21: k_hat=3  ACC=1.0000  NMI=1.0000  ARI=1.0000  0.1s

=== P1E_S2_C2 train[2] k=3  dim=576  frames=109  σ=0.0  fold=3 ===
  SSC-Block-TV-Col21: k_hat=3  ACC=1.0000  NMI=1.0000  ARI=1.0000  0.1s

=== P1E_S2_C2 train[3] k=3  dim=576  frames=124  σ=0.0  fold=3 ===
  SSC-Block-TV-Col21: k_hat=3  ACC=1.0000  NMI=1.0000  ARI=1.0000  0.1s

=== P1E_S2_C2 train[4] k=3  dim=576  frames=109  σ=0.0  fold=3 ===
  SSC-Block-TV-Col21: k_hat=3  ACC=0.6881  NMI=0.6895  ARI=0.5379  0.1s

=== P1E_S2_C2 train[5] k=3  dim=576  frames=128  σ=0.0  fold=3 ===
  SSC-Block-TV-Col21: k_hat=3  ACC=0.8906  NMI=0.7908  ARI=0.7332  0.1s

=== P1E_S2_C2 train[6] k=3  dim=576  frames=126  σ=0.0  fold=3 ===
  SSC-Block-TV-Col21: k_hat=3  ACC=0.9841  NMI=0.9413  ARI=0.9532  0.1s

=== P1E_S2_C3 train[0] k=3  dim=576  frames=113  σ=0.0  fold=3 ===
  SSC-Block-TV-Col21: k_hat=3  ACC=1.0000  NMI=1.0000  ARI=1.0000  0.1s

=== P1E_S2_C3 train[1] k=3  dim=576  frames=88  σ=0.0  fold=3 ===
  SSC-Block-TV-Col21: k_hat=3  ACC=0.9886  NMI=0.9540  ARI=0.9655  0.1s

=== P1E_S2_C3 train[2] k=3  dim=576  frames=90  σ=0.0  fold=3 ===
  SSC-Block-TV-Col21: k_hat=3  ACC=1.0000  NMI=1.0000  ARI=1.0000  0.1s

=== P1E_S2_C3 train[3] k=3  dim=576  frames=99  σ=0.0  fold=3 ===
  SSC-Block-TV-Col21: k_hat=3  ACC=0.9899  NMI=0.9585  ARI=0.9691  0.1s

=== P1E_S2_C3 train[4] k=3  dim=576  frames=87  σ=0.0  fold=3 ===
  SSC-Block-TV-Col21: k_hat=3  ACC=0.6092  NMI=0.6683  ARI=0.4793  0.1s

=== P1E_S2_C3 train[5] k=3  dim=576  frames=105  σ=0.0  fold=3 ===
  SSC-Block-TV-Col21: k_hat=3  ACC=0.9714  NMI=0.8926  ARI=0.9125  0.1s

=== P1E_S2_C3 train[6] k=3  dim=576  frames=89  σ=0.0  fold=3 ===
  SSC-Block-TV-Col21: k_hat=3  ACC=0.9775  NMI=0.9248  ARI=0.9383  0.1s

=== P1E_S3_C1 train[0] k=3  dim=576  frames=166  σ=0.0  fold=3 ===
  SSC-Block-TV-Col21: k_hat=3  ACC=0.8313  NMI=0.6872  ARI=0.5715  0.2s

=== P1E_S3_C1 train[1] k=3  dim=576  frames=139  σ=0.0  fold=3 ===
  SSC-Block-TV-Col21: k_hat=3  ACC=0.7338  NMI=0.6984  ARI=0.5493  0.1s

=== P1E_S3_C1 train[2] k=3  dim=576  frames=134  σ=0.0  fold=3 ===
  SSC-Block-TV-Col21: k_hat=3  ACC=0.8284  NMI=0.7235  ARI=0.5864  0.1s

=== P1E_S3_C1 train[3] k=3  dim=576  frames=168  σ=0.0  fold=3 ===
  SSC-Block-TV-Col21: k_hat=3  ACC=0.8393  NMI=0.7241  ARI=0.5866  0.2s

=== P1E_S3_C1 train[4] k=3  dim=576  frames=123  σ=0.0  fold=3 ===
  SSC-Block-TV-Col21: k_hat=3  ACC=0.5203  NMI=0.4254  ARI=0.2446  0.1s

=== P1E_S3_C1 train[5] k=3  dim=576  frames=204  σ=0.0  fold=3 ===
  SSC-Block-TV-Col21: k_hat=3  ACC=0.7206  NMI=0.7092  ARI=0.5882  0.2s

=== P1E_S3_C1 train[6] k=3  dim=576  frames=112  σ=0.0  fold=3 ===
  SSC-Block-TV-Col21: k_hat=3  ACC=0.5625  NMI=0.6127  ARI=0.4282  0.1s

=== P1E_S3_C2 train[0] k=3  dim=576  frames=147  σ=0.0  fold=3 ===
  SSC-Block-TV-Col21: k_hat=3  ACC=0.8639  NMI=0.7374  ARI=0.6181  0.2s

=== P1E_S3_C2 train[1] k=3  dim=576  frames=120  σ=0.0  fold=3 ===
  SSC-Block-TV-Col21: k_hat=3  ACC=0.6750  NMI=0.6671  ARI=0.4773  0.1s

=== P1E_S3_C2 train[2] k=3  dim=576  frames=112  σ=0.0  fold=3 ===
  SSC-Block-TV-Col21: k_hat=3  ACC=0.9554  NMI=0.8723  ARI=0.8616  0.1s

=== P1E_S3_C2 train[3] k=3  dim=576  frames=169  σ=0.0  fold=3 ===
  SSC-Block-TV-Col21: k_hat=3  ACC=0.8166  NMI=0.7302  ARI=0.6094  0.2s

=== P1E_S3_C2 train[4] k=3  dim=576  frames=107  σ=0.0  fold=3 ===
  SSC-Block-TV-Col21: k_hat=3  ACC=0.5888  NMI=0.6662  ARI=0.4710  0.1s

=== P1E_S3_C2 train[5] k=3  dim=576  frames=146  σ=0.0  fold=3 ===
  SSC-Block-TV-Col21: k_hat=3  ACC=0.6507  NMI=0.6149  ARI=0.3702  0.2s

=== P1E_S3_C2 train[6] k=3  dim=576  frames=114  σ=0.0  fold=3 ===
  SSC-Block-TV-Col21: k_hat=3  ACC=0.9912  NMI=0.9609  ARI=0.9730  0.1s

=== P1E_S3_C3 train[0] k=3  dim=576  frames=105  σ=0.0  fold=3 ===
  SSC-Block-TV-Col21: k_hat=3  ACC=1.0000  NMI=1.0000  ARI=1.0000  0.1s

=== P1E_S3_C3 train[1] k=3  dim=576  frames=89  σ=0.0  fold=3 ===
  SSC-Block-TV-Col21: k_hat=3  ACC=1.0000  NMI=1.0000  ARI=1.0000  0.1s

=== P1E_S3_C3 train[2] k=3  dim=576  frames=84  σ=0.0  fold=3 ===
  SSC-Block-TV-Col21: k_hat=3  ACC=1.0000  NMI=1.0000  ARI=1.0000  0.1s

=== P1E_S3_C3 train[3] k=3  dim=576  frames=128  σ=0.0  fold=3 ===
  SSC-Block-TV-Col21: k_hat=3  ACC=0.7500  NMI=0.7005  ARI=0.5481  0.1s

=== P1E_S3_C3 train[4] k=3  dim=576  frames=83  σ=0.0  fold=3 ===
  SSC-Block-TV-Col21: k_hat=3  ACC=0.8675  NMI=0.7728  ARI=0.7035  0.1s

=== P1E_S3_C3 train[5] k=3  dim=576  frames=129  σ=0.0  fold=3 ===
  SSC-Block-TV-Col21: k_hat=3  ACC=0.9845  NMI=0.9427  ARI=0.9553  0.1s

=== P1E_S3_C3 train[6] k=3  dim=576  frames=84  σ=0.0  fold=3 ===
  SSC-Block-TV-Col21: k_hat=3  ACC=0.9881  NMI=0.9523  ARI=0.9667  0.1s

=== P1E_S4_C1 train[0] k=3  dim=576  frames=158  σ=0.0  fold=3 ===
  SSC-Block-TV-Col21: k_hat=3  ACC=0.8734  NMI=0.7427  ARI=0.6331  0.2s

=== P1E_S4_C1 train[1] k=3  dim=576  frames=107  σ=0.0  fold=3 ===
  SSC-Block-TV-Col21: k_hat=3  ACC=1.0000  NMI=1.0000  ARI=1.0000  0.1s

=== P1E_S4_C1 train[2] k=3  dim=576  frames=155  σ=0.0  fold=3 ===
  SSC-Block-TV-Col21: k_hat=3  ACC=0.9548  NMI=0.8750  ARI=0.8675  0.2s

=== P1E_S4_C1 train[3] k=3  dim=576  frames=180  σ=0.0  fold=3 ===
  SSC-Block-TV-Col21: k_hat=3  ACC=1.0000  NMI=1.0000  ARI=1.0000  0.2s

=== P1E_S4_C1 train[4] k=3  dim=576  frames=133  σ=0.0  fold=3 ===
  SSC-Block-TV-Col21: k_hat=3  ACC=0.6466  NMI=0.6651  ARI=0.4918  0.1s

=== P1E_S4_C1 train[5] k=3  dim=576  frames=147  σ=0.0  fold=3 ===
  SSC-Block-TV-Col21: k_hat=3  ACC=0.5306  NMI=0.4859  ARI=0.3317  0.2s

=== P1E_S4_C1 train[6] k=3  dim=576  frames=145  σ=0.0  fold=3 ===
  SSC-Block-TV-Col21: k_hat=3  ACC=0.9931  NMI=0.9694  ARI=0.9805  0.2s

=== P1E_S4_C2 train[0] k=3  dim=576  frames=117  σ=0.0  fold=3 ===
  SSC-Block-TV-Col21: k_hat=3  ACC=0.9573  NMI=0.8552  ARI=0.8756  0.1s

=== P1E_S4_C2 train[1] k=3  dim=576  frames=125  σ=0.0  fold=3 ===
  SSC-Block-TV-Col21: k_hat=3  ACC=1.0000  NMI=1.0000  ARI=1.0000  0.1s

=== P1E_S4_C2 train[2] k=3  dim=576  frames=122  σ=0.0  fold=3 ===
  SSC-Block-TV-Col21: k_hat=3  ACC=1.0000  NMI=1.0000  ARI=1.0000  0.1s

=== P1E_S4_C2 train[3] k=3  dim=576  frames=140  σ=0.0  fold=3 ===
  SSC-Block-TV-Col21: k_hat=3  ACC=0.9857  NMI=0.9434  ARI=0.9545  0.1s

=== P1E_S4_C2 train[4] k=3  dim=576  frames=129  σ=0.0  fold=3 ===
  SSC-Block-TV-Col21: k_hat=3  ACC=0.5581  NMI=0.6606  ARI=0.4599  0.1s

=== P1E_S4_C2 train[5] k=3  dim=576  frames=146  σ=0.0  fold=3 ===
  SSC-Block-TV-Col21: k_hat=3  ACC=0.9589  NMI=0.8852  ARI=0.8877  0.2s

=== P1E_S4_C2 train[6] k=3  dim=576  frames=110  σ=0.0  fold=3 ===
  SSC-Block-TV-Col21: k_hat=3  ACC=0.9818  NMI=0.9362  ARI=0.9514  0.1s

=== P1E_S4_C3 train[0] k=3  dim=576  frames=90  σ=0.0  fold=3 ===
  SSC-Block-TV-Col21: k_hat=3  ACC=0.9778  NMI=0.9242  ARI=0.9338  0.1s

=== P1E_S4_C3 train[1] k=3  dim=576  frames=64  σ=0.0  fold=3 ===
  SSC-Block-TV-Col21: k_hat=3  ACC=0.9844  NMI=0.9424  ARI=0.9536  0.1s

=== P1E_S4_C3 train[2] k=3  dim=576  frames=85  σ=0.0  fold=3 ===
  SSC-Block-TV-Col21: k_hat=3  ACC=0.9412  NMI=0.8539  ARI=0.8378  0.1s

=== P1E_S4_C3 train[3] k=3  dim=576  frames=87  σ=0.0  fold=3 ===
  SSC-Block-TV-Col21: k_hat=3  ACC=1.0000  NMI=1.0000  ARI=1.0000  0.1s

=== P1E_S4_C3 train[4] k=3  dim=576  frames=76  σ=0.0  fold=3 ===
  SSC-Block-TV-Col21: k_hat=3  ACC=1.0000  NMI=1.0000  ARI=1.0000  0.1s

=== P1E_S4_C3 train[5] k=3  dim=576  frames=106  σ=0.0  fold=3 ===
  SSC-Block-TV-Col21: k_hat=3  ACC=0.6887  NMI=0.7100  ARI=0.5700  0.1s

=== P1E_S4_C3 train[6] k=3  dim=576  frames=79  σ=0.0  fold=3 ===
  SSC-Block-TV-Col21: k_hat=3  ACC=0.9873  NMI=0.9504  ARI=0.9609  0.1s

=== P1L_S1_C1 train[0] k=3  dim=576  frames=162  σ=0.0  fold=3 ===
  SSC-Block-TV-Col21: k_hat=3  ACC=1.0000  NMI=1.0000  ARI=1.0000  0.2s

=== P1L_S1_C1 train[1] k=3  dim=576  frames=170  σ=0.0  fold=3 ===
  SSC-Block-TV-Col21: k_hat=3  ACC=0.7647  NMI=0.6747  ARI=0.4861  0.2s

=== P1L_S1_C1 train[2] k=3  dim=576  frames=155  σ=0.0  fold=3 ===
  SSC-Block-TV-Col21: k_hat=3  ACC=1.0000  NMI=1.0000  ARI=1.0000  0.2s

=== P1L_S1_C1 train[3] k=3  dim=576  frames=198  σ=0.0  fold=3 ===
  SSC-Block-TV-Col21: k_hat=3  ACC=0.7323  NMI=0.6955  ARI=0.5444  0.2s

=== P1L_S1_C1 train[4] k=3  dim=576  frames=166  σ=0.0  fold=3 ===
  SSC-Block-TV-Col21: k_hat=3  ACC=1.0000  NMI=1.0000  ARI=1.0000  0.2s

=== P1L_S1_C1 train[5] k=3  dim=576  frames=116  σ=0.0  fold=3 ===
  SSC-Block-TV-Col21: k_hat=3  ACC=0.5431  NMI=0.4843  ARI=0.3112  0.1s

=== P1L_S1_C1 train[6] k=3  dim=576  frames=175  σ=0.0  fold=3 ===
  SSC-Block-TV-Col21: k_hat=3  ACC=1.0000  NMI=1.0000  ARI=1.0000  0.2s

=== P1L_S1_C2 train[0] k=3  dim=576  frames=186  σ=0.0  fold=3 ===
  SSC-Block-TV-Col21: k_hat=3  ACC=0.8065  NMI=0.6596  ARI=0.5337  0.2s

=== P1L_S1_C2 train[1] k=3  dim=576  frames=137  σ=0.0  fold=3 ===
  SSC-Block-TV-Col21: k_hat=3  ACC=1.0000  NMI=1.0000  ARI=1.0000  0.1s

=== P1L_S1_C2 train[2] k=3  dim=576  frames=147  σ=0.0  fold=3 ===
  SSC-Block-TV-Col21: k_hat=3  ACC=1.0000  NMI=1.0000  ARI=1.0000  0.2s

=== P1L_S1_C2 train[3] k=3  dim=576  frames=128  σ=0.0  fold=3 ===
  SSC-Block-TV-Col21: k_hat=3  ACC=0.5547  NMI=0.6664  ARI=0.4683  0.1s

=== P1L_S1_C2 train[4] k=3  dim=576  frames=154  σ=0.0  fold=3 ===
  SSC-Block-TV-Col21: k_hat=3  ACC=0.5065  NMI=0.6566  ARI=0.4500  0.2s

=== P1L_S1_C2 train[5] k=3  dim=576  frames=142  σ=0.0  fold=3 ===
  SSC-Block-TV-Col21: k_hat=3  ACC=0.8310  NMI=0.7156  ARI=0.5798  0.1s

=== P1L_S1_C2 train[6] k=3  dim=576  frames=168  σ=0.0  fold=3 ===
  SSC-Block-TV-Col21: k_hat=3  ACC=1.0000  NMI=1.0000  ARI=1.0000  0.2s

=== P1L_S1_C3 train[0] k=3  dim=576  frames=60  σ=0.0  fold=3 ===
  SSC-Block-TV-Col21: k_hat=3  ACC=0.5167  NMI=0.6515  ARI=0.4364  0.0s

=== P1L_S1_C3 train[1] k=3  dim=576  frames=68  σ=0.0  fold=3 ===
  SSC-Block-TV-Col21: k_hat=3  ACC=1.0000  NMI=1.0000  ARI=1.0000  0.1s

=== P1L_S1_C3 train[2] k=3  dim=576  frames=65  σ=0.0  fold=3 ===
  SSC-Block-TV-Col21: k_hat=3  ACC=1.0000  NMI=1.0000  ARI=1.0000  0.1s

=== P1L_S1_C3 train[3] k=3  dim=576  frames=73  σ=0.0  fold=3 ===
  SSC-Block-TV-Col21: k_hat=3  ACC=0.6575  NMI=0.6754  ARI=0.5014  0.1s

=== P1L_S1_C3 train[4] k=3  dim=576  frames=64  σ=0.0  fold=3 ===
  SSC-Block-TV-Col21: k_hat=3  ACC=0.8438  NMI=0.7524  ARI=0.6573  0.1s

=== P1L_S1_C3 train[5] k=3  dim=576  frames=63  σ=0.0  fold=3 ===
  SSC-Block-TV-Col21: k_hat=3  ACC=0.6190  NMI=0.6736  ARI=0.5014  0.1s

=== P1L_S1_C3 train[6] k=3  dim=576  frames=75  σ=0.0  fold=3 ===
  SSC-Block-TV-Col21: k_hat=3  ACC=0.9867  NMI=0.9474  ARI=0.9569  0.1s

=== P1L_S2_C1 train[0] k=3  dim=576  frames=211  σ=0.0  fold=3 ===
  SSC-Block-TV-Col21: k_hat=3  ACC=0.8246  NMI=0.7261  ARI=0.6134  0.3s

=== P1L_S2_C1 train[1] k=3  dim=576  frames=190  σ=0.0  fold=3 ===
  SSC-Block-TV-Col21: k_hat=3  ACC=0.7211  NMI=0.6714  ARI=0.4890  0.2s

=== P1L_S2_C1 train[2] k=3  dim=576  frames=180  σ=0.0  fold=3 ===
  SSC-Block-TV-Col21: k_hat=3  ACC=1.0000  NMI=1.0000  ARI=1.0000  0.2s

=== P1L_S2_C1 train[3] k=3  dim=576  frames=172  σ=0.0  fold=3 ===
  SSC-Block-TV-Col21: k_hat=3  ACC=1.0000  NMI=1.0000  ARI=1.0000  0.2s

=== P1L_S2_C1 train[4] k=3  dim=576  frames=179  σ=0.0  fold=3 ===
  SSC-Block-TV-Col21: k_hat=3  ACC=1.0000  NMI=1.0000  ARI=1.0000  0.2s

=== P1L_S2_C1 train[5] k=3  dim=576  frames=180  σ=0.0  fold=3 ===
  SSC-Block-TV-Col21: k_hat=3  ACC=0.4944  NMI=0.2578  ARI=0.0592  0.2s

=== P1L_S2_C1 train[6] k=3  dim=576  frames=133  σ=0.0  fold=3 ===
  SSC-Block-TV-Col21: k_hat=3  ACC=1.0000  NMI=1.0000  ARI=1.0000  0.1s

=== P1L_S2_C2 train[0] k=3  dim=576  frames=194  σ=0.0  fold=3 ===
  SSC-Block-TV-Col21: k_hat=3  ACC=0.9948  NMI=0.9734  ARI=0.9820  0.2s

=== P1L_S2_C2 train[1] k=3  dim=576  frames=155  σ=0.0  fold=3 ===
  SSC-Block-TV-Col21: k_hat=3  ACC=1.0000  NMI=1.0000  ARI=1.0000  0.2s

=== P1L_S2_C2 train[2] k=3  dim=576  frames=134  σ=0.0  fold=3 ===
  SSC-Block-TV-Col21: k_hat=3  ACC=1.0000  NMI=1.0000  ARI=1.0000  0.1s

=== P1L_S2_C2 train[3] k=3  dim=576  frames=201  σ=0.0  fold=3 ===
  SSC-Block-TV-Col21: k_hat=3  ACC=1.0000  NMI=1.0000  ARI=1.0000  0.3s

=== P1L_S2_C2 train[4] k=3  dim=576  frames=171  σ=0.0  fold=3 ===
  SSC-Block-TV-Col21: k_hat=3  ACC=0.8363  NMI=0.7362  ARI=0.6178  0.2s

=== P1L_S2_C2 train[5] k=3  dim=576  frames=160  σ=0.0  fold=3 ===
  SSC-Block-TV-Col21: k_hat=3  ACC=0.8000  NMI=0.7446  ARI=0.6793  0.2s

=== P1L_S2_C2 train[6] k=3  dim=576  frames=154  σ=0.0  fold=3 ===
  SSC-Block-TV-Col21: k_hat=3  ACC=1.0000  NMI=1.0000  ARI=1.0000  0.2s

=== P1L_S2_C3 train[0] k=3  dim=576  frames=119  σ=0.0  fold=3 ===
  SSC-Block-TV-Col21: k_hat=3  ACC=1.0000  NMI=1.0000  ARI=1.0000  0.1s

=== P1L_S2_C3 train[1] k=3  dim=576  frames=101  σ=0.0  fold=3 ===
  SSC-Block-TV-Col21: k_hat=3  ACC=1.0000  NMI=1.0000  ARI=1.0000  0.1s

=== P1L_S2_C3 train[2] k=3  dim=576  frames=85  σ=0.0  fold=3 ===
  SSC-Block-TV-Col21: k_hat=3  ACC=1.0000  NMI=1.0000  ARI=1.0000  0.1s

=== P1L_S2_C3 train[3] k=3  dim=576  frames=126  σ=0.0  fold=3 ===
  SSC-Block-TV-Col21: k_hat=3  ACC=0.8413  NMI=0.7417  ARI=0.6278  0.1s

=== P1L_S2_C3 train[4] k=3  dim=576  frames=102  σ=0.0  fold=3 ===
  SSC-Block-TV-Col21: k_hat=3  ACC=0.7941  NMI=0.7176  ARI=0.5854  0.1s

=== P1L_S2_C3 train[5] k=3  dim=576  frames=121  σ=0.0  fold=3 ===
  SSC-Block-TV-Col21: k_hat=3  ACC=0.9174  NMI=0.8252  ARI=0.8067  0.1s

=== P1L_S2_C3 train[6] k=3  dim=576  frames=99  σ=0.0  fold=3 ===
  SSC-Block-TV-Col21: k_hat=3  ACC=0.9697  NMI=0.9066  ARI=0.9152  0.1s

=== P1L_S3_C1 train[0] k=3  dim=576  frames=156  σ=0.0  fold=3 ===
  SSC-Block-TV-Col21: k_hat=3  ACC=0.4872  NMI=0.3228  ARI=0.0821  0.2s

=== P1L_S3_C1 train[1] k=3  dim=576  frames=120  σ=0.0  fold=3 ===
  SSC-Block-TV-Col21: k_hat=3  ACC=1.0000  NMI=1.0000  ARI=1.0000  0.1s

=== P1L_S3_C1 train[2] k=3  dim=576  frames=185  σ=0.0  fold=3 ===
  SSC-Block-TV-Col21: k_hat=3  ACC=0.9297  NMI=0.8340  ARI=0.8075  0.2s

=== P1L_S3_C1 train[3] k=3  dim=576  frames=159  σ=0.0  fold=3 ===
  SSC-Block-TV-Col21: k_hat=3  ACC=0.9245  NMI=0.7727  ARI=0.7932  0.2s

=== P1L_S3_C1 train[4] k=3  dim=576  frames=172  σ=0.0  fold=3 ===
  SSC-Block-TV-Col21: k_hat=3  ACC=0.8779  NMI=0.7752  ARI=0.6999  0.2s

=== P1L_S3_C1 train[5] k=3  dim=576  frames=176  σ=0.0  fold=3 ===
  SSC-Block-TV-Col21: k_hat=3  ACC=0.6818  NMI=0.6189  ARI=0.3972  0.2s

=== P1L_S3_C1 train[6] k=3  dim=576  frames=134  σ=0.0  fold=3 ===
  SSC-Block-TV-Col21: k_hat=3  ACC=0.9552  NMI=0.8691  ARI=0.8600  0.1s

=== P1L_S3_C2 train[0] k=3  dim=576  frames=185  σ=0.0  fold=3 ===
  SSC-Block-TV-Col21: k_hat=3  ACC=0.9676  NMI=0.8993  ARI=0.9011  0.2s

=== P1L_S3_C2 train[1] k=3  dim=576  frames=125  σ=0.0  fold=3 ===
  SSC-Block-TV-Col21: k_hat=3  ACC=0.8320  NMI=0.7504  ARI=0.6713  0.1s

=== P1L_S3_C2 train[2] k=3  dim=576  frames=166  σ=0.0  fold=3 ===
  SSC-Block-TV-Col21: k_hat=3  ACC=1.0000  NMI=1.0000  ARI=1.0000  0.2s

=== P1L_S3_C2 train[3] k=3  dim=576  frames=168  σ=0.0  fold=3 ===
  SSC-Block-TV-Col21: k_hat=3  ACC=0.6488  NMI=0.6705  ARI=0.5211  0.2s

=== P1L_S3_C2 train[4] k=3  dim=576  frames=187  σ=0.0  fold=3 ===
  SSC-Block-TV-Col21: k_hat=3  ACC=0.5508  NMI=0.6596  ARI=0.4583  0.2s

=== P1L_S3_C2 train[5] k=3  dim=576  frames=229  σ=0.0  fold=3 ===
  SSC-Block-TV-Col21: k_hat=3  ACC=0.5109  NMI=0.6332  ARI=0.4399  0.3s

=== P1L_S3_C2 train[6] k=3  dim=576  frames=136  σ=0.0  fold=3 ===
  SSC-Block-TV-Col21: k_hat=3  ACC=1.0000  NMI=1.0000  ARI=1.0000  0.1s

=== P1L_S3_C3 train[0] k=3  dim=576  frames=151  σ=0.0  fold=3 ===
  SSC-Block-TV-Col21: k_hat=3  ACC=0.9934  NMI=0.9677  ARI=0.9795  0.2s

=== P1L_S3_C3 train[1] k=3  dim=576  frames=118  σ=0.0  fold=3 ===
  SSC-Block-TV-Col21: k_hat=3  ACC=0.9068  NMI=0.8044  ARI=0.7533  0.1s

=== P1L_S3_C3 train[2] k=3  dim=576  frames=121  σ=0.0  fold=3 ===
  SSC-Block-TV-Col21: k_hat=3  ACC=1.0000  NMI=1.0000  ARI=1.0000  0.1s

=== P1L_S3_C3 train[3] k=3  dim=576  frames=134  σ=0.0  fold=3 ===
  SSC-Block-TV-Col21: k_hat=3  ACC=0.8507  NMI=0.7327  ARI=0.6091  0.1s

=== P1L_S3_C3 train[4] k=3  dim=576  frames=110  σ=0.0  fold=3 ===
  SSC-Block-TV-Col21: k_hat=3  ACC=0.8364  NMI=0.7403  ARI=0.6321  0.1s

=== P1L_S3_C3 train[5] k=3  dim=576  frames=161  σ=0.0  fold=3 ===
  SSC-Block-TV-Col21: k_hat=3  ACC=0.8261  NMI=0.6819  ARI=0.6213  0.2s

=== P1L_S3_C3 train[6] k=3  dim=576  frames=114  σ=0.0  fold=3 ===
  SSC-Block-TV-Col21: k_hat=3  ACC=0.9912  NMI=0.9630  ARI=0.9763  0.1s

=== P1L_S4_C1 train[0] k=3  dim=576  frames=200  σ=0.0  fold=3 ===
  SSC-Block-TV-Col21: k_hat=3  ACC=0.9550  NMI=0.8749  ARI=0.8713  0.2s

=== P1L_S4_C1 train[1] k=3  dim=576  frames=157  σ=0.0  fold=3 ===
  SSC-Block-TV-Col21: k_hat=3  ACC=1.0000  NMI=1.0000  ARI=1.0000  0.2s

=== P1L_S4_C1 train[2] k=3  dim=576  frames=154  σ=0.0  fold=3 ===
  SSC-Block-TV-Col21: k_hat=3  ACC=1.0000  NMI=1.0000  ARI=1.0000  0.2s

=== P1L_S4_C1 train[3] k=3  dim=576  frames=142  σ=0.0  fold=3 ===
  SSC-Block-TV-Col21: k_hat=3  ACC=1.0000  NMI=1.0000  ARI=1.0000  0.1s

=== P1L_S4_C1 train[4] k=3  dim=576  frames=164  σ=0.0  fold=3 ===
  SSC-Block-TV-Col21: k_hat=3  ACC=0.9939  NMI=0.9723  ARI=0.9819  0.2s

=== P1L_S4_C1 train[5] k=3  dim=576  frames=187  σ=0.0  fold=3 ===
  SSC-Block-TV-Col21: k_hat=3  ACC=0.7594  NMI=0.7219  ARI=0.6169  0.2s

=== P1L_S4_C1 train[6] k=3  dim=576  frames=202  σ=0.0  fold=3 ===
  SSC-Block-TV-Col21: k_hat=3  ACC=1.0000  NMI=1.0000  ARI=1.0000  0.2s

=== P1L_S4_C2 train[0] k=3  dim=576  frames=157  σ=0.0  fold=3 ===
  SSC-Block-TV-Col21: k_hat=3  ACC=0.7771  NMI=0.6675  ARI=0.4827  0.2s

=== P1L_S4_C2 train[1] k=3  dim=576  frames=149  σ=0.0  fold=3 ===
  SSC-Block-TV-Col21: k_hat=3  ACC=0.9195  NMI=0.8124  ARI=0.7623  0.2s

=== P1L_S4_C2 train[2] k=3  dim=576  frames=175  σ=0.0  fold=3 ===
  SSC-Block-TV-Col21: k_hat=3  ACC=1.0000  NMI=1.0000  ARI=1.0000  0.2s

=== P1L_S4_C2 train[3] k=3  dim=576  frames=154  σ=0.0  fold=3 ===
  SSC-Block-TV-Col21: k_hat=3  ACC=1.0000  NMI=1.0000  ARI=1.0000  0.2s

=== P1L_S4_C2 train[4] k=3  dim=576  frames=152  σ=0.0  fold=3 ===
  SSC-Block-TV-Col21: k_hat=3  ACC=0.8618  NMI=0.7611  ARI=0.6804  0.2s

=== P1L_S4_C2 train[5] k=3  dim=576  frames=169  σ=0.0  fold=3 ===
  SSC-Block-TV-Col21: k_hat=3  ACC=0.6036  NMI=0.6669  ARI=0.4813  0.2s

=== P1L_S4_C2 train[6] k=3  dim=576  frames=153  σ=0.0  fold=3 ===
  SSC-Block-TV-Col21: k_hat=3  ACC=0.9869  NMI=0.9501  ARI=0.9666  0.2s

=== P1L_S4_C3 train[0] k=3  dim=576  frames=96  σ=0.0  fold=3 ===
  SSC-Block-TV-Col21: k_hat=3  ACC=1.0000  NMI=1.0000  ARI=1.0000  0.1s

=== P1L_S4_C3 train[1] k=3  dim=576  frames=107  σ=0.0  fold=3 ===
  SSC-Block-TV-Col21: k_hat=3  ACC=1.0000  NMI=1.0000  ARI=1.0000  0.1s

=== P1L_S4_C3 train[2] k=3  dim=576  frames=94  σ=0.0  fold=3 ===
  SSC-Block-TV-Col21: k_hat=3  ACC=1.0000  NMI=1.0000  ARI=1.0000  0.1s

=== P1L_S4_C3 train[3] k=3  dim=576  frames=112  σ=0.0  fold=3 ===
  SSC-Block-TV-Col21: k_hat=3  ACC=0.8036  NMI=0.7211  ARI=0.5862  0.1s

=== P1L_S4_C3 train[4] k=3  dim=576  frames=103  σ=0.0  fold=3 ===
  SSC-Block-TV-Col21: k_hat=3  ACC=0.7379  NMI=0.6866  ARI=0.5201  0.1s

=== P1L_S4_C3 train[5] k=3  dim=576  frames=105  σ=0.0  fold=3 ===
  SSC-Block-TV-Col21: k_hat=3  ACC=0.5333  NMI=0.6567  ARI=0.4495  0.1s

=== P1L_S4_C3 train[6] k=3  dim=576  frames=107  σ=0.0  fold=3 ===
  SSC-Block-TV-Col21: k_hat=3  ACC=0.9813  NMI=0.9338  ARI=0.9463  0.1s

=== P1E_S1_C1 test[0] k=3  dim=576  frames=140  σ=0.0  fold=3 ===
  SSC-Block-TV-Col21: k_hat=3  ACC=0.9357  NMI=0.8323  ARI=0.7981  0.1s

=== P1E_S1_C2 test[0] k=3  dim=576  frames=138  σ=0.0  fold=3 ===
  SSC-Block-TV-Col21: k_hat=3  ACC=0.6377  NMI=0.6117  ARI=0.4601  0.1s

=== P1E_S1_C3 test[0] k=3  dim=576  frames=61  σ=0.0  fold=3 ===
  SSC-Block-TV-Col21: k_hat=3  ACC=0.9180  NMI=0.7680  ARI=0.7905  0.1s

=== P1E_S2_C1 test[0] k=3  dim=576  frames=180  σ=0.0  fold=3 ===
  SSC-Block-TV-Col21: k_hat=3  ACC=0.7278  NMI=0.6529  ARI=0.5009  0.2s

=== P1E_S2_C2 test[0] k=3  dim=576  frames=144  σ=0.0  fold=3 ===
  SSC-Block-TV-Col21: k_hat=3  ACC=0.9375  NMI=0.8481  ARI=0.8303  0.1s

=== P1E_S2_C3 test[0] k=3  dim=576  frames=112  σ=0.0  fold=3 ===
  SSC-Block-TV-Col21: k_hat=3  ACC=0.9643  NMI=0.8713  ARI=0.8924  0.1s

=== P1E_S3_C1 test[0] k=3  dim=576  frames=161  σ=0.0  fold=3 ===
  SSC-Block-TV-Col21: k_hat=3  ACC=0.8012  NMI=0.7186  ARI=0.5943  0.2s

=== P1E_S3_C2 test[0] k=3  dim=576  frames=168  σ=0.0  fold=3 ===
  SSC-Block-TV-Col21: k_hat=3  ACC=0.7798  NMI=0.6763  ARI=0.4910  0.2s

=== P1E_S3_C3 test[0] k=3  dim=576  frames=125  σ=0.0  fold=3 ===
  SSC-Block-TV-Col21: k_hat=3  ACC=0.7440  NMI=0.6711  ARI=0.4831  0.1s

=== P1E_S4_C1 test[0] k=3  dim=576  frames=182  σ=0.0  fold=3 ===
  SSC-Block-TV-Col21: k_hat=3  ACC=0.8681  NMI=0.7446  ARI=0.6754  0.2s

=== P1E_S4_C2 test[0] k=3  dim=576  frames=126  σ=0.0  fold=3 ===
  SSC-Block-TV-Col21: k_hat=3  ACC=1.0000  NMI=1.0000  ARI=1.0000  0.1s

=== P1E_S4_C3 test[0] k=3  dim=576  frames=105  σ=0.0  fold=3 ===
  SSC-Block-TV-Col21: k_hat=3  ACC=0.8857  NMI=0.7406  ARI=0.7318  0.1s

=== P1L_S1_C1 test[0] k=3  dim=576  frames=182  σ=0.0  fold=3 ===
  SSC-Block-TV-Col21: k_hat=3  ACC=1.0000  NMI=1.0000  ARI=1.0000  0.2s

=== P1L_S1_C2 test[0] k=3  dim=576  frames=181  σ=0.0  fold=3 ===
  SSC-Block-TV-Col21: k_hat=3  ACC=0.8287  NMI=0.7245  ARI=0.5963  0.2s

=== P1L_S1_C3 test[0] k=3  dim=576  frames=74  σ=0.0  fold=3 ===
  SSC-Block-TV-Col21: k_hat=3  ACC=0.5676  NMI=0.6643  ARI=0.4627  0.1s

=== P1L_S2_C1 test[0] k=3  dim=576  frames=177  σ=0.0  fold=3 ===
  SSC-Block-TV-Col21: k_hat=3  ACC=0.8362  NMI=0.6582  ARI=0.5876  0.2s

=== P1L_S2_C2 test[0] k=3  dim=576  frames=186  σ=0.0  fold=3 ===
  SSC-Block-TV-Col21: k_hat=3  ACC=0.9839  NMI=0.9417  ARI=0.9571  0.2s

=== P1L_S2_C3 test[0] k=3  dim=576  frames=112  σ=0.0  fold=3 ===
  SSC-Block-TV-Col21: k_hat=3  ACC=0.5804  NMI=0.6645  ARI=0.4676  0.1s

=== P1L_S3_C1 test[0] k=3  dim=576  frames=156  σ=0.0  fold=3 ===
  SSC-Block-TV-Col21: k_hat=3  ACC=0.6346  NMI=0.6784  ARI=0.5044  0.2s

=== P1L_S3_C2 test[0] k=3  dim=576  frames=209  σ=0.0  fold=3 ===
  SSC-Block-TV-Col21: k_hat=3  ACC=0.8612  NMI=0.7400  ARI=0.6245  0.3s

=== P1L_S3_C3 test[0] k=3  dim=576  frames=142  σ=0.0  fold=3 ===
  SSC-Block-TV-Col21: k_hat=3  ACC=1.0000  NMI=1.0000  ARI=1.0000  0.1s

=== P1L_S4_C1 test[0] k=3  dim=576  frames=168  σ=0.0  fold=3 ===
  SSC-Block-TV-Col21: k_hat=3  ACC=0.8869  NMI=0.7674  ARI=0.6779  0.2s

=== P1L_S4_C2 test[0] k=3  dim=576  frames=168  σ=0.0  fold=3 ===
  SSC-Block-TV-Col21: k_hat=3  ACC=0.8571  NMI=0.7372  ARI=0.6347  0.2s

=== P1L_S4_C3 test[0] k=3  dim=576  frames=117  σ=0.0  fold=3 ===
  SSC-Block-TV-Col21: k_hat=3  ACC=0.7009  NMI=0.6970  ARI=0.5517  0.1s
  tune_pool_groups=20: sampling from 22 held-in people (overlap allowed) instead of the 7 fixed partition group(s)

============================================================
σ=0.0 fold=4  test=['0001', '0011', '0023']  train mats=168  test mats=24  tune mats=480
  --- tune SSC-Block-TV-Col21 over 480 train mats  n_trials=40 (4 params) ---
  SSC-Block-TV-Col21 trial 0: mean ARI=0.6125  n=480  71.1s  lambda_e=1, lambda_z=0.1, gamma_q=0.1, block_size=5
  SSC-Block-TV-Col21 trial 1: mean ARI=0.6806  n=480  70.4s  lambda_e=0.443, lambda_z=0.7257, gamma_q=0.2577, block_size=7
  SSC-Block-TV-Col21 trial 2: mean ARI=0.7446  n=480  69.3s  lambda_e=0.1866, lambda_z=0.3833, gamma_q=0.05628, block_size=11
  SSC-Block-TV-Col21 trial 3: mean ARI=0.3767  n=480  69.5s  lambda_e=7.78, lambda_z=0.03418, gamma_q=1.469, block_size=7
  SSC-Block-TV-Col21 trial 4: mean ARI=0.6121  n=480  73.1s  lambda_e=0.506, lambda_z=5.039, gamma_q=0.001924, block_size=2
  SSC-Block-TV-Col21 trial 5: mean ARI=0.3791  n=480  69.6s  lambda_e=0.0115, lambda_z=2.14, gamma_q=1.296, block_size=11
  SSC-Block-TV-Col21 trial 6: mean ARI=0.6934  n=480  69.7s  lambda_e=8.627, lambda_z=1.573, gamma_q=0.07013, block_size=10
  SSC-Block-TV-Col21 trial 7: mean ARI=0.7773  n=480  70.9s  lambda_e=0.02264, lambda_z=0.3628, gamma_q=0.003745, block_size=12
  SSC-Block-TV-Col21 trial 8: mean ARI=0.7716  n=480  69.5s  lambda_e=0.3677, lambda_z=0.04557, gamma_q=0.01143, block_size=10
  SSC-Block-TV-Col21 trial 9: mean ARI=0.7651  n=480  69.4s  lambda_e=0.2336, lambda_z=0.1878, gamma_q=0.001189, block_size=8
  SSC-Block-TV-Col21 trial 10: mean ARI=0.4996  n=480  72.7s  lambda_e=0.01151, lambda_z=0.001661, gamma_q=6.473, block_size=2
  SSC-Block-TV-Col21 trial 11: mean ARI=0.7089  n=480  68.9s  lambda_e=0.06092, lambda_z=0.01492, gamma_q=0.01117, block_size=12
  SSC-Block-TV-Col21 trial 12: mean ARI=0.7445  n=480  69.9s  lambda_e=0.05731, lambda_z=0.01131, gamma_q=0.007917, block_size=9
  SSC-Block-TV-Col21 trial 13: mean ARI=0.7847  n=480  69.3s  lambda_e=2.603, lambda_z=0.0684, gamma_q=0.008229, block_size=12
  SSC-Block-TV-Col21 trial 14: mean ARI=0.6611  n=480  71.1s  lambda_e=2.611, lambda_z=0.002846, gamma_q=0.005404, block_size=12
  SSC-Block-TV-Col21 trial 15: mean ARI=0.7699  n=480  73.0s  lambda_e=0.05124, lambda_z=0.1701, gamma_q=0.02509, block_size=12
  SSC-Block-TV-Col21 trial 16: mean ARI=0.7319  n=480  69.3s  lambda_e=2.437, lambda_z=0.4296, gamma_q=0.002717, block_size=10
  SSC-Block-TV-Col21 trial 17: mean ARI=0.7258  n=480  69.3s  lambda_e=0.02825, lambda_z=8.98, gamma_q=0.02476, block_size=11
  SSC-Block-TV-Col21 trial 18: mean ARI=0.7620  n=480  69.8s  lambda_e=0.1173, lambda_z=0.009053, gamma_q=0.003636, block_size=9
  SSC-Block-TV-Col21 trial 19: mean ARI=0.4220  n=480  70.9s  lambda_e=1.253, lambda_z=0.09181, gamma_q=0.2536, block_size=5
  SSC-Block-TV-Col21 trial 20: mean ARI=0.7510  n=480  70.3s  lambda_e=0.02336, lambda_z=1.52, gamma_q=0.001001, block_size=12
  SSC-Block-TV-Col21 trial 21: mean ARI=0.7594  n=480  70.8s  lambda_e=3.439, lambda_z=0.04067, gamma_q=0.01383, block_size=10
  SSC-Block-TV-Col21 trial 22: mean ARI=0.7381  n=480  69.1s  lambda_e=0.6851, lambda_z=0.04636, gamma_q=0.02131, block_size=11
  SSC-Block-TV-Col21 trial 23: mean ARI=0.7863  n=480  69.5s  lambda_e=0.2509, lambda_z=0.02327, gamma_q=0.003053, block_size=9
  SSC-Block-TV-Col21 trial 24: mean ARI=0.7472  n=480  69.3s  lambda_e=0.1139, lambda_z=0.00609, gamma_q=0.004433, block_size=8
  SSC-Block-TV-Col21 trial 25: mean ARI=0.7570  n=480  69.3s  lambda_e=5.22, lambda_z=0.2615, gamma_q=0.002234, block_size=9
  SSC-Block-TV-Col21 trial 26: mean ARI=0.7941  n=480  70.0s  lambda_e=1.153, lambda_z=0.01749, gamma_q=0.005139, block_size=5
  SSC-Block-TV-Col21 trial 27: mean ARI=0.8009  n=480  70.8s  lambda_e=1.641, lambda_z=0.0246, gamma_q=0.006671, block_size=4
  SSC-Block-TV-Col21 trial 28: mean ARI=0.6023  n=480  70.4s  lambda_e=1.671, lambda_z=0.01995, gamma_q=0.03374, block_size=4
  SSC-Block-TV-Col21 trial 29: mean ARI=0.4613  n=480  70.7s  lambda_e=0.8957, lambda_z=0.004378, gamma_q=0.1597, block_size=4
  SSC-Block-TV-Col21 trial 30: mean ARI=0.7958  n=480  70.4s  lambda_e=1.474, lambda_z=0.02192, gamma_q=0.001581, block_size=5
  SSC-Block-TV-Col21 trial 31: mean ARI=0.7969  n=480  70.7s  lambda_e=1.476, lambda_z=0.02378, gamma_q=0.001736, block_size=5
  SSC-Block-TV-Col21 trial 32: mean ARI=0.7879  n=480  70.3s  lambda_e=1.413, lambda_z=0.009128, gamma_q=0.001524, block_size=5
  SSC-Block-TV-Col21 trial 33: mean ARI=0.4914  n=480  70.4s  lambda_e=0.7289, lambda_z=0.00111, gamma_q=0.006024, block_size=6
  SSC-Block-TV-Col21 trial 34: mean ARI=0.7934  n=480  70.7s  lambda_e=4.437, lambda_z=0.02038, gamma_q=0.001674, block_size=4
  SSC-Block-TV-Col21 trial 35: mean ARI=0.7806  n=480  71.5s  lambda_e=1.833, lambda_z=0.005087, gamma_q=0.002404, block_size=3
  SSC-Block-TV-Col21 trial 36: mean ARI=0.8051  n=480  70.0s  lambda_e=1.019, lambda_z=0.07963, gamma_q=0.005778, block_size=6
  SSC-Block-TV-Col21 trial 37: mean ARI=0.7651  n=480  70.0s  lambda_e=0.4759, lambda_z=0.1237, gamma_q=0.04654, block_size=6
  SSC-Block-TV-Col21 trial 38: mean ARI=0.8007  n=480  69.9s  lambda_e=5.239, lambda_z=0.07605, gamma_q=0.01638, block_size=6
  SSC-Block-TV-Col21 trial 39: mean ARI=0.5817  n=480  70.2s  lambda_e=6.413, lambda_z=0.07172, gamma_q=0.08444, block_size=6
    best mean ARI=0.8051  tune 2811.2s  lambda_e=1.019, lambda_z=0.07963, gamma_q=0.005778, block_size=6
  wrote /nfs/turbo/umms-minjilab/lpullela/icassp_ssc_tv2/block_ssc_benchmark/cv/params/surveillance/split_k3_clean_min30_trials20_knownk_scaled_params_cv_ssc_block_tv_col21_k3_sigma0_sigma0_fold4.json

=== P1E_S1_C1 train[0] k=3  dim=576  frames=146  σ=0.0  fold=4 ===
  SSC-Block-TV-Col21: k_hat=3  ACC=0.9178  NMI=0.7994  ARI=0.7432  0.2s

=== P1E_S1_C1 train[1] k=3  dim=576  frames=153  σ=0.0  fold=4 ===
  SSC-Block-TV-Col21: k_hat=3  ACC=0.8954  NMI=0.7921  ARI=0.7326  0.2s

=== P1E_S1_C1 train[2] k=3  dim=576  frames=130  σ=0.0  fold=4 ===
  SSC-Block-TV-Col21: k_hat=3  ACC=0.9308  NMI=0.8341  ARI=0.8016  0.1s

=== P1E_S1_C1 train[3] k=3  dim=576  frames=140  σ=0.0  fold=4 ===
  SSC-Block-TV-Col21: k_hat=3  ACC=0.9357  NMI=0.8323  ARI=0.7981  0.1s

=== P1E_S1_C1 train[4] k=3  dim=576  frames=151  σ=0.0  fold=4 ===
  SSC-Block-TV-Col21: k_hat=3  ACC=0.6026  NMI=0.6703  ARI=0.4826  0.2s

=== P1E_S1_C1 train[5] k=3  dim=576  frames=140  σ=0.0  fold=4 ===
  SSC-Block-TV-Col21: k_hat=3  ACC=0.8786  NMI=0.7789  ARI=0.7106  0.1s

=== P1E_S1_C1 train[6] k=3  dim=576  frames=171  σ=0.0  fold=4 ===
  SSC-Block-TV-Col21: k_hat=3  ACC=1.0000  NMI=1.0000  ARI=1.0000  0.2s

=== P1E_S1_C2 train[0] k=3  dim=576  frames=147  σ=0.0  fold=4 ===
  SSC-Block-TV-Col21: k_hat=3  ACC=0.9932  NMI=0.9693  ARI=0.9802  0.2s

=== P1E_S1_C2 train[1] k=3  dim=576  frames=115  σ=0.0  fold=4 ===
  SSC-Block-TV-Col21: k_hat=3  ACC=0.9913  NMI=0.9622  ARI=0.9715  0.1s

=== P1E_S1_C2 train[2] k=3  dim=576  frames=104  σ=0.0  fold=4 ===
  SSC-Block-TV-Col21: k_hat=3  ACC=1.0000  NMI=1.0000  ARI=1.0000  0.1s

=== P1E_S1_C2 train[3] k=3  dim=576  frames=138  σ=0.0  fold=4 ===
  SSC-Block-TV-Col21: k_hat=3  ACC=0.6304  NMI=0.5871  ARI=0.4363  0.1s

=== P1E_S1_C2 train[4] k=3  dim=576  frames=122  σ=0.0  fold=4 ===
  SSC-Block-TV-Col21: k_hat=3  ACC=0.5492  NMI=0.6596  ARI=0.4567  0.1s

=== P1E_S1_C2 train[5] k=3  dim=576  frames=122  σ=0.0  fold=4 ===
  SSC-Block-TV-Col21: k_hat=3  ACC=0.9426  NMI=0.8571  ARI=0.8532  0.1s

=== P1E_S1_C2 train[6] k=3  dim=576  frames=134  σ=0.0  fold=4 ===
  SSC-Block-TV-Col21: k_hat=3  ACC=0.9851  NMI=0.9443  ARI=0.9564  0.1s

=== P1E_S1_C3 train[0] k=3  dim=576  frames=58  σ=0.0  fold=4 ===
  SSC-Block-TV-Col21: k_hat=3  ACC=0.9483  NMI=0.8578  ARI=0.8376  0.0s

=== P1E_S1_C3 train[1] k=3  dim=576  frames=56  σ=0.0  fold=4 ===
  SSC-Block-TV-Col21: k_hat=3  ACC=1.0000  NMI=1.0000  ARI=1.0000  0.0s

=== P1E_S1_C3 train[2] k=3  dim=576  frames=47  σ=0.0  fold=4 ===
  SSC-Block-TV-Col21: k_hat=3  ACC=1.0000  NMI=1.0000  ARI=1.0000  0.0s

=== P1E_S1_C3 train[3] k=3  dim=576  frames=61  σ=0.0  fold=4 ===
  SSC-Block-TV-Col21: k_hat=3  ACC=0.5574  NMI=0.5598  ARI=0.3761  0.1s

=== P1E_S1_C3 train[4] k=3  dim=576  frames=55  σ=0.0  fold=4 ===
  SSC-Block-TV-Col21: k_hat=3  ACC=0.9818  NMI=0.9339  ARI=0.9418  0.0s

=== P1E_S1_C3 train[5] k=3  dim=576  frames=51  σ=0.0  fold=4 ===
  SSC-Block-TV-Col21: k_hat=3  ACC=0.5882  NMI=0.5814  ARI=0.4026  0.0s

=== P1E_S1_C3 train[6] k=3  dim=576  frames=69  σ=0.0  fold=4 ===
  SSC-Block-TV-Col21: k_hat=3  ACC=0.9855  NMI=0.9451  ARI=0.9553  0.1s

=== P1E_S2_C1 train[0] k=3  dim=576  frames=167  σ=0.0  fold=4 ===
  SSC-Block-TV-Col21: k_hat=3  ACC=0.8563  NMI=0.7174  ARI=0.6475  0.2s

=== P1E_S2_C1 train[1] k=3  dim=576  frames=151  σ=0.0  fold=4 ===
  SSC-Block-TV-Col21: k_hat=3  ACC=0.8940  NMI=0.7901  ARI=0.7386  0.2s

=== P1E_S2_C1 train[2] k=3  dim=576  frames=136  σ=0.0  fold=4 ===
  SSC-Block-TV-Col21: k_hat=3  ACC=0.8971  NMI=0.7907  ARI=0.7297  0.1s

=== P1E_S2_C1 train[3] k=3  dim=576  frames=180  σ=0.0  fold=4 ===
  SSC-Block-TV-Col21: k_hat=3  ACC=0.7278  NMI=0.6529  ARI=0.5009  0.2s

=== P1E_S2_C1 train[4] k=3  dim=576  frames=124  σ=0.0  fold=4 ===
  SSC-Block-TV-Col21: k_hat=3  ACC=0.5806  NMI=0.6673  ARI=0.4713  0.1s

=== P1E_S2_C1 train[5] k=3  dim=576  frames=161  σ=0.0  fold=4 ===
  SSC-Block-TV-Col21: k_hat=3  ACC=0.8571  NMI=0.7338  ARI=0.6578  0.2s

=== P1E_S2_C1 train[6] k=3  dim=576  frames=153  σ=0.0  fold=4 ===
  SSC-Block-TV-Col21: k_hat=3  ACC=0.5621  NMI=0.6012  ARI=0.4267  0.2s

=== P1E_S2_C2 train[0] k=3  dim=576  frames=146  σ=0.0  fold=4 ===
  SSC-Block-TV-Col21: k_hat=3  ACC=0.9521  NMI=0.8655  ARI=0.8509  0.2s

=== P1E_S2_C2 train[1] k=3  dim=576  frames=115  σ=0.0  fold=4 ===
  SSC-Block-TV-Col21: k_hat=3  ACC=0.9739  NMI=0.9152  ARI=0.9240  0.1s

=== P1E_S2_C2 train[2] k=3  dim=576  frames=109  σ=0.0  fold=4 ===
  SSC-Block-TV-Col21: k_hat=3  ACC=1.0000  NMI=1.0000  ARI=1.0000  0.1s

=== P1E_S2_C2 train[3] k=3  dim=576  frames=144  σ=0.0  fold=4 ===
  SSC-Block-TV-Col21: k_hat=3  ACC=0.9375  NMI=0.8481  ARI=0.8303  0.1s

=== P1E_S2_C2 train[4] k=3  dim=576  frames=109  σ=0.0  fold=4 ===
  SSC-Block-TV-Col21: k_hat=3  ACC=0.6881  NMI=0.6895  ARI=0.5379  0.1s

=== P1E_S2_C2 train[5] k=3  dim=576  frames=128  σ=0.0  fold=4 ===
  SSC-Block-TV-Col21: k_hat=3  ACC=0.8906  NMI=0.7908  ARI=0.7332  0.1s

=== P1E_S2_C2 train[6] k=3  dim=576  frames=126  σ=0.0  fold=4 ===
  SSC-Block-TV-Col21: k_hat=3  ACC=0.9841  NMI=0.9413  ARI=0.9532  0.1s

=== P1E_S2_C3 train[0] k=3  dim=576  frames=113  σ=0.0  fold=4 ===
  SSC-Block-TV-Col21: k_hat=3  ACC=0.9823  NMI=0.9369  ARI=0.9513  0.1s

=== P1E_S2_C3 train[1] k=3  dim=576  frames=88  σ=0.0  fold=4 ===
  SSC-Block-TV-Col21: k_hat=3  ACC=0.9886  NMI=0.9540  ARI=0.9655  0.1s

=== P1E_S2_C3 train[2] k=3  dim=576  frames=90  σ=0.0  fold=4 ===
  SSC-Block-TV-Col21: k_hat=3  ACC=1.0000  NMI=1.0000  ARI=1.0000  0.1s

=== P1E_S2_C3 train[3] k=3  dim=576  frames=112  σ=0.0  fold=4 ===
  SSC-Block-TV-Col21: k_hat=3  ACC=0.9643  NMI=0.8713  ARI=0.8924  0.1s

=== P1E_S2_C3 train[4] k=3  dim=576  frames=87  σ=0.0  fold=4 ===
  SSC-Block-TV-Col21: k_hat=3  ACC=0.6092  NMI=0.6683  ARI=0.4793  0.1s

=== P1E_S2_C3 train[5] k=3  dim=576  frames=105  σ=0.0  fold=4 ===
  SSC-Block-TV-Col21: k_hat=3  ACC=0.9714  NMI=0.8926  ARI=0.9125  0.1s

=== P1E_S2_C3 train[6] k=3  dim=576  frames=89  σ=0.0  fold=4 ===
  SSC-Block-TV-Col21: k_hat=3  ACC=0.9775  NMI=0.9248  ARI=0.9383  0.1s

=== P1E_S3_C1 train[0] k=3  dim=576  frames=166  σ=0.0  fold=4 ===
  SSC-Block-TV-Col21: k_hat=3  ACC=0.8313  NMI=0.6872  ARI=0.5715  0.2s

=== P1E_S3_C1 train[1] k=3  dim=576  frames=139  σ=0.0  fold=4 ===
  SSC-Block-TV-Col21: k_hat=3  ACC=0.7338  NMI=0.6984  ARI=0.5493  0.1s

=== P1E_S3_C1 train[2] k=3  dim=576  frames=134  σ=0.0  fold=4 ===
  SSC-Block-TV-Col21: k_hat=3  ACC=0.8209  NMI=0.7183  ARI=0.5756  0.1s

=== P1E_S3_C1 train[3] k=3  dim=576  frames=161  σ=0.0  fold=4 ===
  SSC-Block-TV-Col21: k_hat=3  ACC=0.8012  NMI=0.7186  ARI=0.5943  0.2s

=== P1E_S3_C1 train[4] k=3  dim=576  frames=123  σ=0.0  fold=4 ===
  SSC-Block-TV-Col21: k_hat=3  ACC=0.5203  NMI=0.4254  ARI=0.2446  0.1s

=== P1E_S3_C1 train[5] k=3  dim=576  frames=204  σ=0.0  fold=4 ===
  SSC-Block-TV-Col21: k_hat=3  ACC=0.5588  NMI=0.3253  ARI=0.1201  0.2s

=== P1E_S3_C1 train[6] k=3  dim=576  frames=112  σ=0.0  fold=4 ===
  SSC-Block-TV-Col21: k_hat=3  ACC=0.5804  NMI=0.6159  ARI=0.4367  0.1s

=== P1E_S3_C2 train[0] k=3  dim=576  frames=147  σ=0.0  fold=4 ===
  SSC-Block-TV-Col21: k_hat=3  ACC=0.8571  NMI=0.7306  ARI=0.6039  0.2s

=== P1E_S3_C2 train[1] k=3  dim=576  frames=120  σ=0.0  fold=4 ===
  SSC-Block-TV-Col21: k_hat=3  ACC=0.6750  NMI=0.6671  ARI=0.4773  0.1s

=== P1E_S3_C2 train[2] k=3  dim=576  frames=112  σ=0.0  fold=4 ===
  SSC-Block-TV-Col21: k_hat=3  ACC=0.9554  NMI=0.8723  ARI=0.8616  0.1s

=== P1E_S3_C2 train[3] k=3  dim=576  frames=168  σ=0.0  fold=4 ===
  SSC-Block-TV-Col21: k_hat=3  ACC=0.7857  NMI=0.6797  ARI=0.4979  0.2s

=== P1E_S3_C2 train[4] k=3  dim=576  frames=107  σ=0.0  fold=4 ===
  SSC-Block-TV-Col21: k_hat=3  ACC=0.5981  NMI=0.6680  ARI=0.4761  0.1s

=== P1E_S3_C2 train[5] k=3  dim=576  frames=146  σ=0.0  fold=4 ===
  SSC-Block-TV-Col21: k_hat=3  ACC=0.6507  NMI=0.6149  ARI=0.3702  0.2s

=== P1E_S3_C2 train[6] k=3  dim=576  frames=114  σ=0.0  fold=4 ===
  SSC-Block-TV-Col21: k_hat=3  ACC=0.9912  NMI=0.9609  ARI=0.9730  0.1s

=== P1E_S3_C3 train[0] k=3  dim=576  frames=105  σ=0.0  fold=4 ===
  SSC-Block-TV-Col21: k_hat=3  ACC=1.0000  NMI=1.0000  ARI=1.0000  0.1s

=== P1E_S3_C3 train[1] k=3  dim=576  frames=89  σ=0.0  fold=4 ===
  SSC-Block-TV-Col21: k_hat=3  ACC=1.0000  NMI=1.0000  ARI=1.0000  0.1s

=== P1E_S3_C3 train[2] k=3  dim=576  frames=84  σ=0.0  fold=4 ===
  SSC-Block-TV-Col21: k_hat=3  ACC=1.0000  NMI=1.0000  ARI=1.0000  0.1s

=== P1E_S3_C3 train[3] k=3  dim=576  frames=125  σ=0.0  fold=4 ===
  SSC-Block-TV-Col21: k_hat=3  ACC=0.9840  NMI=0.9390  ARI=0.9481  0.1s

=== P1E_S3_C3 train[4] k=3  dim=576  frames=83  σ=0.0  fold=4 ===
  SSC-Block-TV-Col21: k_hat=3  ACC=1.0000  NMI=1.0000  ARI=1.0000  0.1s

=== P1E_S3_C3 train[5] k=3  dim=576  frames=129  σ=0.0  fold=4 ===
  SSC-Block-TV-Col21: k_hat=3  ACC=0.9845  NMI=0.9427  ARI=0.9553  0.1s

=== P1E_S3_C3 train[6] k=3  dim=576  frames=84  σ=0.0  fold=4 ===
  SSC-Block-TV-Col21: k_hat=3  ACC=0.9881  NMI=0.9523  ARI=0.9667  0.1s

=== P1E_S4_C1 train[0] k=3  dim=576  frames=158  σ=0.0  fold=4 ===
  SSC-Block-TV-Col21: k_hat=3  ACC=0.8734  NMI=0.7427  ARI=0.6331  0.2s

=== P1E_S4_C1 train[1] k=3  dim=576  frames=107  σ=0.0  fold=4 ===
  SSC-Block-TV-Col21: k_hat=3  ACC=1.0000  NMI=1.0000  ARI=1.0000  0.1s

=== P1E_S4_C1 train[2] k=3  dim=576  frames=155  σ=0.0  fold=4 ===
  SSC-Block-TV-Col21: k_hat=3  ACC=0.8774  NMI=0.7707  ARI=0.6882  0.2s

=== P1E_S4_C1 train[3] k=3  dim=576  frames=182  σ=0.0  fold=4 ===
  SSC-Block-TV-Col21: k_hat=3  ACC=0.8681  NMI=0.7446  ARI=0.6754  0.2s

=== P1E_S4_C1 train[4] k=3  dim=576  frames=133  σ=0.0  fold=4 ===
  SSC-Block-TV-Col21: k_hat=3  ACC=0.6466  NMI=0.6651  ARI=0.4918  0.1s

=== P1E_S4_C1 train[5] k=3  dim=576  frames=147  σ=0.0  fold=4 ===
  SSC-Block-TV-Col21: k_hat=3  ACC=0.5238  NMI=0.4818  ARI=0.3255  0.2s

=== P1E_S4_C1 train[6] k=3  dim=576  frames=145  σ=0.0  fold=4 ===
  SSC-Block-TV-Col21: k_hat=3  ACC=1.0000  NMI=1.0000  ARI=1.0000  0.2s

=== P1E_S4_C2 train[0] k=3  dim=576  frames=117  σ=0.0  fold=4 ===
  SSC-Block-TV-Col21: k_hat=3  ACC=0.9744  NMI=0.9161  ARI=0.9229  0.1s

=== P1E_S4_C2 train[1] k=3  dim=576  frames=125  σ=0.0  fold=4 ===
  SSC-Block-TV-Col21: k_hat=3  ACC=1.0000  NMI=1.0000  ARI=1.0000  0.1s

=== P1E_S4_C2 train[2] k=3  dim=576  frames=122  σ=0.0  fold=4 ===
  SSC-Block-TV-Col21: k_hat=3  ACC=1.0000  NMI=1.0000  ARI=1.0000  0.1s

=== P1E_S4_C2 train[3] k=3  dim=576  frames=126  σ=0.0  fold=4 ===
  SSC-Block-TV-Col21: k_hat=3  ACC=1.0000  NMI=1.0000  ARI=1.0000  0.1s

=== P1E_S4_C2 train[4] k=3  dim=576  frames=129  σ=0.0  fold=4 ===
  SSC-Block-TV-Col21: k_hat=3  ACC=0.5426  NMI=0.6602  ARI=0.4588  0.1s

=== P1E_S4_C2 train[5] k=3  dim=576  frames=146  σ=0.0  fold=4 ===
  SSC-Block-TV-Col21: k_hat=3  ACC=0.9589  NMI=0.8852  ARI=0.8877  0.2s

=== P1E_S4_C2 train[6] k=3  dim=576  frames=110  σ=0.0  fold=4 ===
  SSC-Block-TV-Col21: k_hat=3  ACC=0.9818  NMI=0.9362  ARI=0.9514  0.1s

=== P1E_S4_C3 train[0] k=3  dim=576  frames=90  σ=0.0  fold=4 ===
  SSC-Block-TV-Col21: k_hat=3  ACC=0.9778  NMI=0.9242  ARI=0.9338  0.1s

=== P1E_S4_C3 train[1] k=3  dim=576  frames=64  σ=0.0  fold=4 ===
  SSC-Block-TV-Col21: k_hat=3  ACC=1.0000  NMI=1.0000  ARI=1.0000  0.1s

=== P1E_S4_C3 train[2] k=3  dim=576  frames=85  σ=0.0  fold=4 ===
  SSC-Block-TV-Col21: k_hat=3  ACC=1.0000  NMI=1.0000  ARI=1.0000  0.1s

=== P1E_S4_C3 train[3] k=3  dim=576  frames=105  σ=0.0  fold=4 ===
  SSC-Block-TV-Col21: k_hat=3  ACC=0.5429  NMI=0.5899  ARI=0.4072  0.1s

=== P1E_S4_C3 train[4] k=3  dim=576  frames=76  σ=0.0  fold=4 ===
  SSC-Block-TV-Col21: k_hat=3  ACC=1.0000  NMI=1.0000  ARI=1.0000  0.1s

=== P1E_S4_C3 train[5] k=3  dim=576  frames=106  σ=0.0  fold=4 ===
  SSC-Block-TV-Col21: k_hat=3  ACC=0.6792  NMI=0.7026  ARI=0.5568  0.1s

=== P1E_S4_C3 train[6] k=3  dim=576  frames=79  σ=0.0  fold=4 ===
  SSC-Block-TV-Col21: k_hat=3  ACC=0.9873  NMI=0.9513  ARI=0.9638  0.1s

=== P1L_S1_C1 train[0] k=3  dim=576  frames=162  σ=0.0  fold=4 ===
  SSC-Block-TV-Col21: k_hat=3  ACC=1.0000  NMI=1.0000  ARI=1.0000  0.2s

=== P1L_S1_C1 train[1] k=3  dim=576  frames=170  σ=0.0  fold=4 ===
  SSC-Block-TV-Col21: k_hat=3  ACC=0.7059  NMI=0.6536  ARI=0.4499  0.2s

=== P1L_S1_C1 train[2] k=3  dim=576  frames=155  σ=0.0  fold=4 ===
  SSC-Block-TV-Col21: k_hat=3  ACC=1.0000  NMI=1.0000  ARI=1.0000  0.2s

=== P1L_S1_C1 train[3] k=3  dim=576  frames=182  σ=0.0  fold=4 ===
  SSC-Block-TV-Col21: k_hat=3  ACC=1.0000  NMI=1.0000  ARI=1.0000  0.2s

=== P1L_S1_C1 train[4] k=3  dim=576  frames=166  σ=0.0  fold=4 ===
  SSC-Block-TV-Col21: k_hat=3  ACC=1.0000  NMI=1.0000  ARI=1.0000  0.2s

=== P1L_S1_C1 train[5] k=3  dim=576  frames=116  σ=0.0  fold=4 ===
  SSC-Block-TV-Col21: k_hat=3  ACC=0.5431  NMI=0.4843  ARI=0.3112  0.1s

=== P1L_S1_C1 train[6] k=3  dim=576  frames=175  σ=0.0  fold=4 ===
  SSC-Block-TV-Col21: k_hat=3  ACC=1.0000  NMI=1.0000  ARI=1.0000  0.2s

=== P1L_S1_C2 train[0] k=3  dim=576  frames=186  σ=0.0  fold=4 ===
  SSC-Block-TV-Col21: k_hat=3  ACC=0.8118  NMI=0.6636  ARI=0.5412  0.2s

=== P1L_S1_C2 train[1] k=3  dim=576  frames=137  σ=0.0  fold=4 ===
  SSC-Block-TV-Col21: k_hat=3  ACC=1.0000  NMI=1.0000  ARI=1.0000  0.1s

=== P1L_S1_C2 train[2] k=3  dim=576  frames=147  σ=0.0  fold=4 ===
  SSC-Block-TV-Col21: k_hat=3  ACC=1.0000  NMI=1.0000  ARI=1.0000  0.2s

=== P1L_S1_C2 train[3] k=3  dim=576  frames=181  σ=0.0  fold=4 ===
  SSC-Block-TV-Col21: k_hat=3  ACC=0.8287  NMI=0.7245  ARI=0.5963  0.2s

=== P1L_S1_C2 train[4] k=3  dim=576  frames=154  σ=0.0  fold=4 ===
  SSC-Block-TV-Col21: k_hat=3  ACC=0.5065  NMI=0.6566  ARI=0.4500  0.2s

=== P1L_S1_C2 train[5] k=3  dim=576  frames=142  σ=0.0  fold=4 ===
  SSC-Block-TV-Col21: k_hat=3  ACC=0.8239  NMI=0.7102  ARI=0.5692  0.1s

=== P1L_S1_C2 train[6] k=3  dim=576  frames=168  σ=0.0  fold=4 ===
  SSC-Block-TV-Col21: k_hat=3  ACC=1.0000  NMI=1.0000  ARI=1.0000  0.2s

=== P1L_S1_C3 train[0] k=3  dim=576  frames=60  σ=0.0  fold=4 ===
  SSC-Block-TV-Col21: k_hat=3  ACC=0.5167  NMI=0.6515  ARI=0.4364  0.1s

=== P1L_S1_C3 train[1] k=3  dim=576  frames=68  σ=0.0  fold=4 ===
  SSC-Block-TV-Col21: k_hat=3  ACC=1.0000  NMI=1.0000  ARI=1.0000  0.1s

=== P1L_S1_C3 train[2] k=3  dim=576  frames=65  σ=0.0  fold=4 ===
  SSC-Block-TV-Col21: k_hat=3  ACC=1.0000  NMI=1.0000  ARI=1.0000  0.1s

=== P1L_S1_C3 train[3] k=3  dim=576  frames=74  σ=0.0  fold=4 ===
  SSC-Block-TV-Col21: k_hat=3  ACC=0.5811  NMI=0.6652  ARI=0.4654  0.1s

=== P1L_S1_C3 train[4] k=3  dim=576  frames=64  σ=0.0  fold=4 ===
  SSC-Block-TV-Col21: k_hat=3  ACC=0.8438  NMI=0.7524  ARI=0.6573  0.1s

=== P1L_S1_C3 train[5] k=3  dim=576  frames=63  σ=0.0  fold=4 ===
  SSC-Block-TV-Col21: k_hat=3  ACC=0.6349  NMI=0.6745  ARI=0.5038  0.1s

=== P1L_S1_C3 train[6] k=3  dim=576  frames=75  σ=0.0  fold=4 ===
  SSC-Block-TV-Col21: k_hat=3  ACC=0.9867  NMI=0.9474  ARI=0.9569  0.1s

=== P1L_S2_C1 train[0] k=3  dim=576  frames=211  σ=0.0  fold=4 ===
  SSC-Block-TV-Col21: k_hat=3  ACC=0.8246  NMI=0.7261  ARI=0.6134  0.3s

=== P1L_S2_C1 train[1] k=3  dim=576  frames=190  σ=0.0  fold=4 ===
  SSC-Block-TV-Col21: k_hat=3  ACC=0.7211  NMI=0.6714  ARI=0.4890  0.2s

=== P1L_S2_C1 train[2] k=3  dim=576  frames=180  σ=0.0  fold=4 ===
  SSC-Block-TV-Col21: k_hat=3  ACC=1.0000  NMI=1.0000  ARI=1.0000  0.2s

=== P1L_S2_C1 train[3] k=3  dim=576  frames=177  σ=0.0  fold=4 ===
  SSC-Block-TV-Col21: k_hat=3  ACC=0.8362  NMI=0.6582  ARI=0.5876  0.2s

=== P1L_S2_C1 train[4] k=3  dim=576  frames=179  σ=0.0  fold=4 ===
  SSC-Block-TV-Col21: k_hat=3  ACC=1.0000  NMI=1.0000  ARI=1.0000  0.2s

=== P1L_S2_C1 train[5] k=3  dim=576  frames=180  σ=0.0  fold=4 ===
  SSC-Block-TV-Col21: k_hat=3  ACC=0.6111  NMI=0.5156  ARI=0.3607  0.2s

=== P1L_S2_C1 train[6] k=3  dim=576  frames=133  σ=0.0  fold=4 ===
  SSC-Block-TV-Col21: k_hat=3  ACC=1.0000  NMI=1.0000  ARI=1.0000  0.1s

=== P1L_S2_C2 train[0] k=3  dim=576  frames=194  σ=0.0  fold=4 ===
  SSC-Block-TV-Col21: k_hat=3  ACC=0.9948  NMI=0.9734  ARI=0.9820  0.2s

=== P1L_S2_C2 train[1] k=3  dim=576  frames=155  σ=0.0  fold=4 ===
  SSC-Block-TV-Col21: k_hat=3  ACC=1.0000  NMI=1.0000  ARI=1.0000  0.2s

=== P1L_S2_C2 train[2] k=3  dim=576  frames=134  σ=0.0  fold=4 ===
  SSC-Block-TV-Col21: k_hat=3  ACC=1.0000  NMI=1.0000  ARI=1.0000  0.1s

=== P1L_S2_C2 train[3] k=3  dim=576  frames=186  σ=0.0  fold=4 ===
  SSC-Block-TV-Col21: k_hat=3  ACC=0.9839  NMI=0.9417  ARI=0.9571  0.2s

=== P1L_S2_C2 train[4] k=3  dim=576  frames=171  σ=0.0  fold=4 ===
  SSC-Block-TV-Col21: k_hat=3  ACC=0.8421  NMI=0.7405  ARI=0.6266  0.2s

=== P1L_S2_C2 train[5] k=3  dim=576  frames=160  σ=0.0  fold=4 ===
  SSC-Block-TV-Col21: k_hat=3  ACC=0.8187  NMI=0.6789  ARI=0.5256  0.2s

=== P1L_S2_C2 train[6] k=3  dim=576  frames=154  σ=0.0  fold=4 ===
  SSC-Block-TV-Col21: k_hat=3  ACC=1.0000  NMI=1.0000  ARI=1.0000  0.2s

=== P1L_S2_C3 train[0] k=3  dim=576  frames=119  σ=0.0  fold=4 ===
  SSC-Block-TV-Col21: k_hat=3  ACC=1.0000  NMI=1.0000  ARI=1.0000  0.1s

=== P1L_S2_C3 train[1] k=3  dim=576  frames=101  σ=0.0  fold=4 ===
  SSC-Block-TV-Col21: k_hat=3  ACC=1.0000  NMI=1.0000  ARI=1.0000  0.1s

=== P1L_S2_C3 train[2] k=3  dim=576  frames=85  σ=0.0  fold=4 ===
  SSC-Block-TV-Col21: k_hat=3  ACC=1.0000  NMI=1.0000  ARI=1.0000  0.1s

=== P1L_S2_C3 train[3] k=3  dim=576  frames=112  σ=0.0  fold=4 ===
  SSC-Block-TV-Col21: k_hat=3  ACC=0.5714  NMI=0.6638  ARI=0.4653  0.1s

=== P1L_S2_C3 train[4] k=3  dim=576  frames=102  σ=0.0  fold=4 ===
  SSC-Block-TV-Col21: k_hat=3  ACC=0.5490  NMI=0.6491  ARI=0.4424  0.1s

=== P1L_S2_C3 train[5] k=3  dim=576  frames=121  σ=0.0  fold=4 ===
  SSC-Block-TV-Col21: k_hat=3  ACC=0.9091  NMI=0.7880  ARI=0.7781  0.1s

=== P1L_S2_C3 train[6] k=3  dim=576  frames=99  σ=0.0  fold=4 ===
  SSC-Block-TV-Col21: k_hat=3  ACC=0.9697  NMI=0.9066  ARI=0.9152  0.1s

=== P1L_S3_C1 train[0] k=3  dim=576  frames=156  σ=0.0  fold=4 ===
  SSC-Block-TV-Col21: k_hat=3  ACC=0.4872  NMI=0.3228  ARI=0.0821  0.2s

=== P1L_S3_C1 train[1] k=3  dim=576  frames=120  σ=0.0  fold=4 ===
  SSC-Block-TV-Col21: k_hat=3  ACC=1.0000  NMI=1.0000  ARI=1.0000  0.1s

=== P1L_S3_C1 train[2] k=3  dim=576  frames=185  σ=0.0  fold=4 ===
  SSC-Block-TV-Col21: k_hat=3  ACC=0.9189  NMI=0.8189  ARI=0.7825  0.2s

=== P1L_S3_C1 train[3] k=3  dim=576  frames=156  σ=0.0  fold=4 ===
  SSC-Block-TV-Col21: k_hat=3  ACC=0.6346  NMI=0.6784  ARI=0.5044  0.2s

=== P1L_S3_C1 train[4] k=3  dim=576  frames=172  σ=0.0  fold=4 ===
  SSC-Block-TV-Col21: k_hat=3  ACC=0.5174  NMI=0.4796  ARI=0.2978  0.2s

=== P1L_S3_C1 train[5] k=3  dim=576  frames=176  σ=0.0  fold=4 ===
  SSC-Block-TV-Col21: k_hat=3  ACC=0.7045  NMI=0.6249  ARI=0.4050  0.2s

=== P1L_S3_C1 train[6] k=3  dim=576  frames=134  σ=0.0  fold=4 ===
  SSC-Block-TV-Col21: k_hat=3  ACC=0.9179  NMI=0.8056  ARI=0.7598  0.1s

=== P1L_S3_C2 train[0] k=3  dim=576  frames=185  σ=0.0  fold=4 ===
  SSC-Block-TV-Col21: k_hat=3  ACC=0.8108  NMI=0.6916  ARI=0.5880  0.2s

=== P1L_S3_C2 train[1] k=3  dim=576  frames=125  σ=0.0  fold=4 ===
  SSC-Block-TV-Col21: k_hat=3  ACC=0.8400  NMI=0.7551  ARI=0.6802  0.1s

=== P1L_S3_C2 train[2] k=3  dim=576  frames=166  σ=0.0  fold=4 ===
  SSC-Block-TV-Col21: k_hat=3  ACC=1.0000  NMI=1.0000  ARI=1.0000  0.2s

=== P1L_S3_C2 train[3] k=3  dim=576  frames=209  σ=0.0  fold=4 ===
  SSC-Block-TV-Col21: k_hat=3  ACC=0.8612  NMI=0.7400  ARI=0.6245  0.3s

=== P1L_S3_C2 train[4] k=3  dim=576  frames=187  σ=0.0  fold=4 ===
  SSC-Block-TV-Col21: k_hat=3  ACC=0.5508  NMI=0.6596  ARI=0.4583  0.2s

=== P1L_S3_C2 train[5] k=3  dim=576  frames=229  σ=0.0  fold=4 ===
  SSC-Block-TV-Col21: k_hat=3  ACC=0.5109  NMI=0.6332  ARI=0.4399  0.3s

=== P1L_S3_C2 train[6] k=3  dim=576  frames=136  σ=0.0  fold=4 ===
  SSC-Block-TV-Col21: k_hat=3  ACC=1.0000  NMI=1.0000  ARI=1.0000  0.1s

=== P1L_S3_C3 train[0] k=3  dim=576  frames=151  σ=0.0  fold=4 ===
  SSC-Block-TV-Col21: k_hat=3  ACC=0.9868  NMI=0.9443  ARI=0.9594  0.2s

=== P1L_S3_C3 train[1] k=3  dim=576  frames=118  σ=0.0  fold=4 ===
  SSC-Block-TV-Col21: k_hat=3  ACC=0.8983  NMI=0.7946  ARI=0.7354  0.1s

=== P1L_S3_C3 train[2] k=3  dim=576  frames=121  σ=0.0  fold=4 ===
  SSC-Block-TV-Col21: k_hat=3  ACC=1.0000  NMI=1.0000  ARI=1.0000  0.1s

=== P1L_S3_C3 train[3] k=3  dim=576  frames=142  σ=0.0  fold=4 ===
  SSC-Block-TV-Col21: k_hat=3  ACC=1.0000  NMI=1.0000  ARI=1.0000  0.1s

=== P1L_S3_C3 train[4] k=3  dim=576  frames=110  σ=0.0  fold=4 ===
  SSC-Block-TV-Col21: k_hat=3  ACC=0.9000  NMI=0.7973  ARI=0.7409  0.1s

=== P1L_S3_C3 train[5] k=3  dim=576  frames=161  σ=0.0  fold=4 ===
  SSC-Block-TV-Col21: k_hat=3  ACC=0.8385  NMI=0.6911  ARI=0.6371  0.2s

=== P1L_S3_C3 train[6] k=3  dim=576  frames=114  σ=0.0  fold=4 ===
  SSC-Block-TV-Col21: k_hat=3  ACC=0.9912  NMI=0.9630  ARI=0.9763  0.1s

=== P1L_S4_C1 train[0] k=3  dim=576  frames=200  σ=0.0  fold=4 ===
  SSC-Block-TV-Col21: k_hat=3  ACC=0.9550  NMI=0.8749  ARI=0.8713  0.2s

=== P1L_S4_C1 train[1] k=3  dim=576  frames=157  σ=0.0  fold=4 ===
  SSC-Block-TV-Col21: k_hat=3  ACC=1.0000  NMI=1.0000  ARI=1.0000  0.2s

=== P1L_S4_C1 train[2] k=3  dim=576  frames=154  σ=0.0  fold=4 ===
  SSC-Block-TV-Col21: k_hat=3  ACC=1.0000  NMI=1.0000  ARI=1.0000  0.2s

=== P1L_S4_C1 train[3] k=3  dim=576  frames=168  σ=0.0  fold=4 ===
  SSC-Block-TV-Col21: k_hat=3  ACC=0.8869  NMI=0.7674  ARI=0.6779  0.2s

=== P1L_S4_C1 train[4] k=3  dim=576  frames=164  σ=0.0  fold=4 ===
  SSC-Block-TV-Col21: k_hat=3  ACC=0.9939  NMI=0.9720  ARI=0.9811  0.2s

=== P1L_S4_C1 train[5] k=3  dim=576  frames=187  σ=0.0  fold=4 ===
  SSC-Block-TV-Col21: k_hat=3  ACC=0.6096  NMI=0.5025  ARI=0.3470  0.2s

=== P1L_S4_C1 train[6] k=3  dim=576  frames=202  σ=0.0  fold=4 ===
  SSC-Block-TV-Col21: k_hat=3  ACC=0.9950  NMI=0.9766  ARI=0.9853  0.3s

=== P1L_S4_C2 train[0] k=3  dim=576  frames=157  σ=0.0  fold=4 ===
  SSC-Block-TV-Col21: k_hat=3  ACC=0.7771  NMI=0.6675  ARI=0.4827  0.2s

=== P1L_S4_C2 train[1] k=3  dim=576  frames=149  σ=0.0  fold=4 ===
  SSC-Block-TV-Col21: k_hat=3  ACC=0.9195  NMI=0.8124  ARI=0.7623  0.2s

=== P1L_S4_C2 train[2] k=3  dim=576  frames=175  σ=0.0  fold=4 ===
  SSC-Block-TV-Col21: k_hat=3  ACC=1.0000  NMI=1.0000  ARI=1.0000  0.2s

=== P1L_S4_C2 train[3] k=3  dim=576  frames=168  σ=0.0  fold=4 ===
  SSC-Block-TV-Col21: k_hat=3  ACC=0.8631  NMI=0.7428  ARI=0.6454  0.2s

=== P1L_S4_C2 train[4] k=3  dim=576  frames=152  σ=0.0  fold=4 ===
  SSC-Block-TV-Col21: k_hat=3  ACC=0.8618  NMI=0.7611  ARI=0.6804  0.2s

=== P1L_S4_C2 train[5] k=3  dim=576  frames=169  σ=0.0  fold=4 ===
  SSC-Block-TV-Col21: k_hat=3  ACC=0.6568  NMI=0.6733  ARI=0.5051  0.2s

=== P1L_S4_C2 train[6] k=3  dim=576  frames=153  σ=0.0  fold=4 ===
  SSC-Block-TV-Col21: k_hat=3  ACC=0.9869  NMI=0.9501  ARI=0.9666  0.2s

=== P1L_S4_C3 train[0] k=3  dim=576  frames=96  σ=0.0  fold=4 ===
  SSC-Block-TV-Col21: k_hat=3  ACC=1.0000  NMI=1.0000  ARI=1.0000  0.1s

=== P1L_S4_C3 train[1] k=3  dim=576  frames=107  σ=0.0  fold=4 ===
  SSC-Block-TV-Col21: k_hat=3  ACC=1.0000  NMI=1.0000  ARI=1.0000  0.1s

=== P1L_S4_C3 train[2] k=3  dim=576  frames=94  σ=0.0  fold=4 ===
  SSC-Block-TV-Col21: k_hat=3  ACC=1.0000  NMI=1.0000  ARI=1.0000  0.1s

=== P1L_S4_C3 train[3] k=3  dim=576  frames=117  σ=0.0  fold=4 ===
  SSC-Block-TV-Col21: k_hat=3  ACC=0.7009  NMI=0.6970  ARI=0.5517  0.1s

=== P1L_S4_C3 train[4] k=3  dim=576  frames=103  σ=0.0  fold=4 ===
  SSC-Block-TV-Col21: k_hat=3  ACC=0.7476  NMI=0.6891  ARI=0.5245  0.1s

=== P1L_S4_C3 train[5] k=3  dim=576  frames=105  σ=0.0  fold=4 ===
  SSC-Block-TV-Col21: k_hat=3  ACC=0.5333  NMI=0.6567  ARI=0.4495  0.1s

=== P1L_S4_C3 train[6] k=3  dim=576  frames=107  σ=0.0  fold=4 ===
  SSC-Block-TV-Col21: k_hat=3  ACC=0.9813  NMI=0.9338  ARI=0.9463  0.1s

=== P1E_S1_C1 test[0] k=3  dim=576  frames=157  σ=0.0  fold=4 ===
  SSC-Block-TV-Col21: k_hat=3  ACC=0.5860  NMI=0.6627  ARI=0.4681  0.2s

=== P1E_S1_C2 test[0] k=3  dim=576  frames=113  σ=0.0  fold=4 ===
  SSC-Block-TV-Col21: k_hat=3  ACC=0.7168  NMI=0.6181  ARI=0.5172  0.1s

=== P1E_S1_C3 test[0] k=3  dim=576  frames=37  σ=0.0  fold=4 ===
  SSC-Block-TV-Col21: k_hat=3  ACC=0.5946  NMI=0.6684  ARI=0.4678  0.0s

=== P1E_S2_C1 test[0] k=3  dim=576  frames=149  σ=0.0  fold=4 ===
  SSC-Block-TV-Col21: k_hat=3  ACC=0.5973  NMI=0.6703  ARI=0.4816  0.2s

=== P1E_S2_C2 test[0] k=3  dim=576  frames=124  σ=0.0  fold=4 ===
  SSC-Block-TV-Col21: k_hat=3  ACC=1.0000  NMI=1.0000  ARI=1.0000  0.1s

=== P1E_S2_C3 test[0] k=3  dim=576  frames=99  σ=0.0  fold=4 ===
  SSC-Block-TV-Col21: k_hat=3  ACC=0.9899  NMI=0.9585  ARI=0.9691  0.1s

=== P1E_S3_C1 test[0] k=3  dim=576  frames=168  σ=0.0  fold=4 ===
  SSC-Block-TV-Col21: k_hat=3  ACC=0.8452  NMI=0.7291  ARI=0.5975  0.2s

=== P1E_S3_C2 test[0] k=3  dim=576  frames=169  σ=0.0  fold=4 ===
  SSC-Block-TV-Col21: k_hat=3  ACC=0.8225  NMI=0.7337  ARI=0.6167  0.2s

=== P1E_S3_C3 test[0] k=3  dim=576  frames=128  σ=0.0  fold=4 ===
  SSC-Block-TV-Col21: k_hat=3  ACC=0.7500  NMI=0.7005  ARI=0.5481  0.1s

=== P1E_S4_C1 test[0] k=3  dim=576  frames=180  σ=0.0  fold=4 ===
  SSC-Block-TV-Col21: k_hat=3  ACC=0.8389  NMI=0.7411  ARI=0.6286  0.2s

=== P1E_S4_C2 test[0] k=3  dim=576  frames=140  σ=0.0  fold=4 ===
  SSC-Block-TV-Col21: k_hat=3  ACC=0.7786  NMI=0.6864  ARI=0.5028  0.1s

=== P1E_S4_C3 test[0] k=3  dim=576  frames=87  σ=0.0  fold=4 ===
  SSC-Block-TV-Col21: k_hat=3  ACC=1.0000  NMI=1.0000  ARI=1.0000  0.1s

=== P1L_S1_C1 test[0] k=3  dim=576  frames=198  σ=0.0  fold=4 ===
  SSC-Block-TV-Col21: k_hat=3  ACC=0.7323  NMI=0.6955  ARI=0.5444  0.2s

=== P1L_S1_C2 test[0] k=3  dim=576  frames=128  σ=0.0  fold=4 ===
  SSC-Block-TV-Col21: k_hat=3  ACC=0.8750  NMI=0.7877  ARI=0.7617  0.1s

=== P1L_S1_C3 test[0] k=3  dim=576  frames=73  σ=0.0  fold=4 ===
  SSC-Block-TV-Col21: k_hat=3  ACC=0.6575  NMI=0.6754  ARI=0.5014  0.1s

=== P1L_S2_C1 test[0] k=3  dim=576  frames=172  σ=0.0  fold=4 ===
  SSC-Block-TV-Col21: k_hat=3  ACC=0.9709  NMI=0.9104  ARI=0.9305  0.2s

=== P1L_S2_C2 test[0] k=3  dim=576  frames=201  σ=0.0  fold=4 ===
  SSC-Block-TV-Col21: k_hat=3  ACC=1.0000  NMI=1.0000  ARI=1.0000  0.3s

=== P1L_S2_C3 test[0] k=3  dim=576  frames=126  σ=0.0  fold=4 ===
  SSC-Block-TV-Col21: k_hat=3  ACC=0.8333  NMI=0.7360  ARI=0.6161  0.1s

=== P1L_S3_C1 test[0] k=3  dim=576  frames=159  σ=0.0  fold=4 ===
  SSC-Block-TV-Col21: k_hat=3  ACC=0.7673  NMI=0.5636  ARI=0.4420  0.2s

=== P1L_S3_C2 test[0] k=3  dim=576  frames=168  σ=0.0  fold=4 ===
  SSC-Block-TV-Col21: k_hat=3  ACC=1.0000  NMI=1.0000  ARI=1.0000  0.2s

=== P1L_S3_C3 test[0] k=3  dim=576  frames=134  σ=0.0  fold=4 ===
  SSC-Block-TV-Col21: k_hat=3  ACC=0.8955  NMI=0.7794  ARI=0.7016  0.1s

=== P1L_S4_C1 test[0] k=3  dim=576  frames=142  σ=0.0  fold=4 ===
  SSC-Block-TV-Col21: k_hat=3  ACC=1.0000  NMI=1.0000  ARI=1.0000  0.1s

=== P1L_S4_C2 test[0] k=3  dim=576  frames=154  σ=0.0  fold=4 ===
  SSC-Block-TV-Col21: k_hat=3  ACC=1.0000  NMI=1.0000  ARI=1.0000  0.2s

=== P1L_S4_C3 test[0] k=3  dim=576  frames=112  σ=0.0  fold=4 ===
  SSC-Block-TV-Col21: k_hat=3  ACC=0.8036  NMI=0.7211  ARI=0.5862  0.1s
  tune_pool_groups=20: sampling from 22 held-in people (overlap allowed) instead of the 7 fixed partition group(s)

============================================================
σ=0.0 fold=5  test=['0015', '0016', '0021']  train mats=168  test mats=24  tune mats=480
  --- tune SSC-Block-TV-Col21 over 480 train mats  n_trials=40 (4 params) ---
  SSC-Block-TV-Col21 trial 0: mean ARI=0.6490  n=480  68.2s  lambda_e=1, lambda_z=0.1, gamma_q=0.1, block_size=5
  SSC-Block-TV-Col21 trial 1: mean ARI=0.7003  n=480  67.7s  lambda_e=0.443, lambda_z=0.7257, gamma_q=0.2577, block_size=7
  SSC-Block-TV-Col21 trial 2: mean ARI=0.7651  n=480  67.4s  lambda_e=0.1866, lambda_z=0.3833, gamma_q=0.05628, block_size=11
  SSC-Block-TV-Col21 trial 3: mean ARI=0.3358  n=480  67.7s  lambda_e=7.78, lambda_z=0.03418, gamma_q=1.469, block_size=7
  SSC-Block-TV-Col21 trial 4: mean ARI=0.6249  n=480  70.9s  lambda_e=0.506, lambda_z=5.039, gamma_q=0.001924, block_size=2
  SSC-Block-TV-Col21 trial 5: mean ARI=0.3431  n=480  67.4s  lambda_e=0.0115, lambda_z=2.14, gamma_q=1.296, block_size=11
  SSC-Block-TV-Col21 trial 6: mean ARI=0.7107  n=480  67.3s  lambda_e=8.627, lambda_z=1.573, gamma_q=0.07013, block_size=10
  SSC-Block-TV-Col21 trial 7: mean ARI=0.8101  n=480  67.7s  lambda_e=0.02264, lambda_z=0.3628, gamma_q=0.003745, block_size=12
  SSC-Block-TV-Col21 trial 8: mean ARI=0.8038  n=480  67.3s  lambda_e=0.3677, lambda_z=0.04557, gamma_q=0.01143, block_size=10
  SSC-Block-TV-Col21 trial 9: mean ARI=0.7921  n=480  67.5s  lambda_e=0.2336, lambda_z=0.1878, gamma_q=0.001189, block_size=8
  SSC-Block-TV-Col21 trial 10: mean ARI=0.5093  n=480  71.1s  lambda_e=0.01151, lambda_z=0.001661, gamma_q=6.473, block_size=2
  SSC-Block-TV-Col21 trial 11: mean ARI=0.7386  n=480  67.6s  lambda_e=0.06092, lambda_z=0.01492, gamma_q=0.01117, block_size=12
  SSC-Block-TV-Col21 trial 12: mean ARI=0.7618  n=480  68.0s  lambda_e=0.05731, lambda_z=0.01131, gamma_q=0.007917, block_size=9
  SSC-Block-TV-Col21 trial 13: mean ARI=0.8039  n=480  67.7s  lambda_e=2.603, lambda_z=0.0684, gamma_q=0.008229, block_size=12
  SSC-Block-TV-Col21 trial 14: mean ARI=0.7033  n=480  67.6s  lambda_e=2.611, lambda_z=0.002846, gamma_q=0.005404, block_size=12
  SSC-Block-TV-Col21 trial 15: mean ARI=0.7944  n=480  67.8s  lambda_e=0.05124, lambda_z=0.1701, gamma_q=0.02509, block_size=12
  SSC-Block-TV-Col21 trial 16: mean ARI=0.7469  n=480  67.9s  lambda_e=2.437, lambda_z=0.4296, gamma_q=0.002717, block_size=10
  SSC-Block-TV-Col21 trial 17: mean ARI=0.7389  n=480  68.0s  lambda_e=0.02825, lambda_z=8.98, gamma_q=0.02476, block_size=11
  SSC-Block-TV-Col21 trial 18: mean ARI=0.7841  n=480  68.0s  lambda_e=0.1173, lambda_z=0.009053, gamma_q=0.003636, block_size=9
  SSC-Block-TV-Col21 trial 19: mean ARI=0.4327  n=480  68.9s  lambda_e=1.253, lambda_z=0.09181, gamma_q=0.2536, block_size=5
  SSC-Block-TV-Col21 trial 20: mean ARI=0.7700  n=480  68.0s  lambda_e=0.02336, lambda_z=1.52, gamma_q=0.001001, block_size=12
  SSC-Block-TV-Col21 trial 21: mean ARI=0.7892  n=480  69.5s  lambda_e=3.439, lambda_z=0.04067, gamma_q=0.01383, block_size=10
  SSC-Block-TV-Col21 trial 22: mean ARI=0.7481  n=480  67.7s  lambda_e=0.6851, lambda_z=0.04636, gamma_q=0.02131, block_size=11
  SSC-Block-TV-Col21 trial 23: mean ARI=0.8098  n=480  68.0s  lambda_e=0.2509, lambda_z=0.02327, gamma_q=0.003053, block_size=9
  SSC-Block-TV-Col21 trial 24: mean ARI=0.7789  n=480  68.2s  lambda_e=0.1139, lambda_z=0.00609, gamma_q=0.004433, block_size=8
  SSC-Block-TV-Col21 trial 25: mean ARI=0.7774  n=480  68.0s  lambda_e=5.22, lambda_z=0.2615, gamma_q=0.002234, block_size=9
  SSC-Block-TV-Col21 trial 26: mean ARI=0.8123  n=480  68.9s  lambda_e=1.153, lambda_z=0.01749, gamma_q=0.005139, block_size=5
  SSC-Block-TV-Col21 trial 27: mean ARI=0.8066  n=480  69.4s  lambda_e=1.063, lambda_z=0.004557, gamma_q=0.001551, block_size=4
  SSC-Block-TV-Col21 trial 28: mean ARI=0.8180  n=480  69.4s  lambda_e=0.2469, lambda_z=0.02193, gamma_q=0.004221, block_size=4
  SSC-Block-TV-Col21 trial 29: mean ARI=0.4503  n=480  69.4s  lambda_e=1.552, lambda_z=0.001076, gamma_q=0.04104, block_size=4
  SSC-Block-TV-Col21 trial 30: mean ARI=0.8109  n=480  68.9s  lambda_e=0.02307, lambda_z=0.02156, gamma_q=0.005582, block_size=5
  SSC-Block-TV-Col21 trial 31: mean ARI=0.8066  n=480  68.9s  lambda_e=0.01913, lambda_z=0.01779, gamma_q=0.006668, block_size=5
  SSC-Block-TV-Col21 trial 32: mean ARI=0.8350  n=480  70.1s  lambda_e=0.04253, lambda_z=0.1201, gamma_q=0.004422, block_size=3
  SSC-Block-TV-Col21 trial 33: mean ARI=0.7881  n=480  70.2s  lambda_e=0.03992, lambda_z=0.02571, gamma_q=0.01431, block_size=3
  SSC-Block-TV-Col21 trial 34: mean ARI=0.7834  n=480  68.6s  lambda_e=0.09751, lambda_z=0.007891, gamma_q=0.00571, block_size=6
  SSC-Block-TV-Col21 trial 35: mean ARI=0.8193  n=480  69.4s  lambda_e=0.7536, lambda_z=0.115, gamma_q=0.001957, block_size=4
  SSC-Block-TV-Col21 trial 36: mean ARI=0.8188  n=480  70.1s  lambda_e=0.7477, lambda_z=0.1143, gamma_q=0.001808, block_size=3
  SSC-Block-TV-Col21 trial 37: mean ARI=0.8162  n=480  70.1s  lambda_e=0.6479, lambda_z=0.1245, gamma_q=0.001847, block_size=3
  SSC-Block-TV-Col21 trial 38: mean ARI=0.7375  n=480  70.1s  lambda_e=0.44, lambda_z=0.7025, gamma_q=0.001005, block_size=3
  SSC-Block-TV-Col21 trial 39: mean ARI=0.8215  n=480  69.4s  lambda_e=0.2895, lambda_z=0.08712, gamma_q=0.001698, block_size=4
    best mean ARI=0.8350  tune 2744.3s  lambda_e=0.04253, lambda_z=0.1201, gamma_q=0.004422, block_size=3
  wrote /nfs/turbo/umms-minjilab/lpullela/icassp_ssc_tv2/block_ssc_benchmark/cv/params/surveillance/split_k3_clean_min30_trials20_knownk_scaled_params_cv_ssc_block_tv_col21_k3_sigma0_sigma0_fold5.json

=== P1E_S1_C1 train[0] k=3  dim=576  frames=146  σ=0.0  fold=5 ===
  SSC-Block-TV-Col21: k_hat=3  ACC=0.8973  NMI=0.7705  ARI=0.6889  0.2s

=== P1E_S1_C1 train[1] k=3  dim=576  frames=153  σ=0.0  fold=5 ===
  SSC-Block-TV-Col21: k_hat=3  ACC=0.8889  NMI=0.7851  ARI=0.7198  0.2s

=== P1E_S1_C1 train[2] k=3  dim=576  frames=130  σ=0.0  fold=5 ===
  SSC-Block-TV-Col21: k_hat=3  ACC=0.9308  NMI=0.8341  ARI=0.8016  0.1s

=== P1E_S1_C1 train[3] k=3  dim=576  frames=140  σ=0.0  fold=5 ===
  SSC-Block-TV-Col21: k_hat=3  ACC=0.9357  NMI=0.8323  ARI=0.7981  0.1s

=== P1E_S1_C1 train[4] k=3  dim=576  frames=157  σ=0.0  fold=5 ===
  SSC-Block-TV-Col21: k_hat=3  ACC=0.5796  NMI=0.6618  ARI=0.4656  0.2s

=== P1E_S1_C1 train[5] k=3  dim=576  frames=140  σ=0.0  fold=5 ===
  SSC-Block-TV-Col21: k_hat=3  ACC=0.8786  NMI=0.7789  ARI=0.7106  0.1s

=== P1E_S1_C1 train[6] k=3  dim=576  frames=171  σ=0.0  fold=5 ===
  SSC-Block-TV-Col21: k_hat=3  ACC=1.0000  NMI=1.0000  ARI=1.0000  0.2s

=== P1E_S1_C2 train[0] k=3  dim=576  frames=147  σ=0.0  fold=5 ===
  SSC-Block-TV-Col21: k_hat=3  ACC=0.9728  NMI=0.9084  ARI=0.9114  0.2s

=== P1E_S1_C2 train[1] k=3  dim=576  frames=115  σ=0.0  fold=5 ===
  SSC-Block-TV-Col21: k_hat=3  ACC=0.9913  NMI=0.9622  ARI=0.9715  0.1s

=== P1E_S1_C2 train[2] k=3  dim=576  frames=104  σ=0.0  fold=5 ===
  SSC-Block-TV-Col21: k_hat=3  ACC=1.0000  NMI=1.0000  ARI=1.0000  0.1s

=== P1E_S1_C2 train[3] k=3  dim=576  frames=138  σ=0.0  fold=5 ===
  SSC-Block-TV-Col21: k_hat=3  ACC=0.6159  NMI=0.5444  ARI=0.3908  0.1s

=== P1E_S1_C2 train[4] k=3  dim=576  frames=113  σ=0.0  fold=5 ===
  SSC-Block-TV-Col21: k_hat=3  ACC=0.9027  NMI=0.8059  ARI=0.7662  0.1s

=== P1E_S1_C2 train[5] k=3  dim=576  frames=122  σ=0.0  fold=5 ===
  SSC-Block-TV-Col21: k_hat=3  ACC=0.9508  NMI=0.8706  ARI=0.8720  0.1s

=== P1E_S1_C2 train[6] k=3  dim=576  frames=134  σ=0.0  fold=5 ===
  SSC-Block-TV-Col21: k_hat=3  ACC=0.9851  NMI=0.9443  ARI=0.9564  0.1s

=== P1E_S1_C3 train[0] k=3  dim=576  frames=58  σ=0.0  fold=5 ===
  SSC-Block-TV-Col21: k_hat=3  ACC=0.9483  NMI=0.8578  ARI=0.8376  0.0s

=== P1E_S1_C3 train[1] k=3  dim=576  frames=56  σ=0.0  fold=5 ===
  SSC-Block-TV-Col21: k_hat=3  ACC=0.9821  NMI=0.9328  ARI=0.9451  0.0s

=== P1E_S1_C3 train[2] k=3  dim=576  frames=47  σ=0.0  fold=5 ===
  SSC-Block-TV-Col21: k_hat=3  ACC=1.0000  NMI=1.0000  ARI=1.0000  0.0s

=== P1E_S1_C3 train[3] k=3  dim=576  frames=61  σ=0.0  fold=5 ===
  SSC-Block-TV-Col21: k_hat=3  ACC=0.5574  NMI=0.5598  ARI=0.3761  0.1s

=== P1E_S1_C3 train[4] k=3  dim=576  frames=37  σ=0.0  fold=5 ===
  SSC-Block-TV-Col21: k_hat=3  ACC=1.0000  NMI=1.0000  ARI=1.0000  0.0s

=== P1E_S1_C3 train[5] k=3  dim=576  frames=51  σ=0.0  fold=5 ===
  SSC-Block-TV-Col21: k_hat=3  ACC=0.9412  NMI=0.8560  ARI=0.8447  0.0s

=== P1E_S1_C3 train[6] k=3  dim=576  frames=69  σ=0.0  fold=5 ===
  SSC-Block-TV-Col21: k_hat=3  ACC=0.9710  NMI=0.9085  ARI=0.9125  0.1s

=== P1E_S2_C1 train[0] k=3  dim=576  frames=167  σ=0.0  fold=5 ===
  SSC-Block-TV-Col21: k_hat=3  ACC=0.8563  NMI=0.7174  ARI=0.6475  0.2s

=== P1E_S2_C1 train[1] k=3  dim=576  frames=151  σ=0.0  fold=5 ===
  SSC-Block-TV-Col21: k_hat=3  ACC=0.8808  NMI=0.7767  ARI=0.7146  0.2s

=== P1E_S2_C1 train[2] k=3  dim=576  frames=136  σ=0.0  fold=5 ===
  SSC-Block-TV-Col21: k_hat=3  ACC=0.8971  NMI=0.7907  ARI=0.7297  0.1s

=== P1E_S2_C1 train[3] k=3  dim=576  frames=180  σ=0.0  fold=5 ===
  SSC-Block-TV-Col21: k_hat=3  ACC=0.8278  NMI=0.6920  ARI=0.6233  0.2s

=== P1E_S2_C1 train[4] k=3  dim=576  frames=149  σ=0.0  fold=5 ===
  SSC-Block-TV-Col21: k_hat=3  ACC=0.5973  NMI=0.6703  ARI=0.4816  0.2s

=== P1E_S2_C1 train[5] k=3  dim=576  frames=161  σ=0.0  fold=5 ===
  SSC-Block-TV-Col21: k_hat=3  ACC=0.8634  NMI=0.7544  ARI=0.6622  0.2s

=== P1E_S2_C1 train[6] k=3  dim=576  frames=153  σ=0.0  fold=5 ===
  SSC-Block-TV-Col21: k_hat=3  ACC=1.0000  NMI=1.0000  ARI=1.0000  0.2s

=== P1E_S2_C2 train[0] k=3  dim=576  frames=146  σ=0.0  fold=5 ===
  SSC-Block-TV-Col21: k_hat=3  ACC=0.9315  NMI=0.8300  ARI=0.7939  0.2s

=== P1E_S2_C2 train[1] k=3  dim=576  frames=115  σ=0.0  fold=5 ===
  SSC-Block-TV-Col21: k_hat=3  ACC=0.9739  NMI=0.9152  ARI=0.9240  0.1s

=== P1E_S2_C2 train[2] k=3  dim=576  frames=109  σ=0.0  fold=5 ===
  SSC-Block-TV-Col21: k_hat=3  ACC=1.0000  NMI=1.0000  ARI=1.0000  0.1s

=== P1E_S2_C2 train[3] k=3  dim=576  frames=144  σ=0.0  fold=5 ===
  SSC-Block-TV-Col21: k_hat=3  ACC=0.9375  NMI=0.8481  ARI=0.8303  0.1s

=== P1E_S2_C2 train[4] k=3  dim=576  frames=124  σ=0.0  fold=5 ===
  SSC-Block-TV-Col21: k_hat=3  ACC=1.0000  NMI=1.0000  ARI=1.0000  0.1s

=== P1E_S2_C2 train[5] k=3  dim=576  frames=128  σ=0.0  fold=5 ===
  SSC-Block-TV-Col21: k_hat=3  ACC=0.8906  NMI=0.7908  ARI=0.7332  0.1s

=== P1E_S2_C2 train[6] k=3  dim=576  frames=126  σ=0.0  fold=5 ===
  SSC-Block-TV-Col21: k_hat=3  ACC=0.9841  NMI=0.9413  ARI=0.9532  0.1s

=== P1E_S2_C3 train[0] k=3  dim=576  frames=113  σ=0.0  fold=5 ===
  SSC-Block-TV-Col21: k_hat=3  ACC=1.0000  NMI=1.0000  ARI=1.0000  0.1s

=== P1E_S2_C3 train[1] k=3  dim=576  frames=88  σ=0.0  fold=5 ===
  SSC-Block-TV-Col21: k_hat=3  ACC=0.9886  NMI=0.9540  ARI=0.9655  0.1s

=== P1E_S2_C3 train[2] k=3  dim=576  frames=90  σ=0.0  fold=5 ===
  SSC-Block-TV-Col21: k_hat=3  ACC=1.0000  NMI=1.0000  ARI=1.0000  0.1s

=== P1E_S2_C3 train[3] k=3  dim=576  frames=112  σ=0.0  fold=5 ===
  SSC-Block-TV-Col21: k_hat=3  ACC=0.9643  NMI=0.8713  ARI=0.8924  0.1s

=== P1E_S2_C3 train[4] k=3  dim=576  frames=99  σ=0.0  fold=5 ===
  SSC-Block-TV-Col21: k_hat=3  ACC=1.0000  NMI=1.0000  ARI=1.0000  0.1s

=== P1E_S2_C3 train[5] k=3  dim=576  frames=105  σ=0.0  fold=5 ===
  SSC-Block-TV-Col21: k_hat=3  ACC=0.9714  NMI=0.8926  ARI=0.9125  0.1s

=== P1E_S2_C3 train[6] k=3  dim=576  frames=89  σ=0.0  fold=5 ===
  SSC-Block-TV-Col21: k_hat=3  ACC=0.9775  NMI=0.9248  ARI=0.9383  0.1s

=== P1E_S3_C1 train[0] k=3  dim=576  frames=166  σ=0.0  fold=5 ===
  SSC-Block-TV-Col21: k_hat=3  ACC=0.8313  NMI=0.6872  ARI=0.5715  0.2s

=== P1E_S3_C1 train[1] k=3  dim=576  frames=139  σ=0.0  fold=5 ===
  SSC-Block-TV-Col21: k_hat=3  ACC=0.7338  NMI=0.6984  ARI=0.5493  0.1s

=== P1E_S3_C1 train[2] k=3  dim=576  frames=134  σ=0.0  fold=5 ===
  SSC-Block-TV-Col21: k_hat=3  ACC=0.8209  NMI=0.7183  ARI=0.5756  0.1s

=== P1E_S3_C1 train[3] k=3  dim=576  frames=161  σ=0.0  fold=5 ===
  SSC-Block-TV-Col21: k_hat=3  ACC=0.8571  NMI=0.7548  ARI=0.6645  0.2s

=== P1E_S3_C1 train[4] k=3  dim=576  frames=168  σ=0.0  fold=5 ===
  SSC-Block-TV-Col21: k_hat=3  ACC=0.7857  NMI=0.5710  ARI=0.4546  0.2s

=== P1E_S3_C1 train[5] k=3  dim=576  frames=204  σ=0.0  fold=5 ===
  SSC-Block-TV-Col21: k_hat=3  ACC=0.5588  NMI=0.3253  ARI=0.1201  0.3s

=== P1E_S3_C1 train[6] k=3  dim=576  frames=112  σ=0.0  fold=5 ===
  SSC-Block-TV-Col21: k_hat=3  ACC=0.5804  NMI=0.6590  ARI=0.4608  0.1s

=== P1E_S3_C2 train[0] k=3  dim=576  frames=147  σ=0.0  fold=5 ===
  SSC-Block-TV-Col21: k_hat=3  ACC=0.8571  NMI=0.7306  ARI=0.6039  0.2s

=== P1E_S3_C2 train[1] k=3  dim=576  frames=120  σ=0.0  fold=5 ===
  SSC-Block-TV-Col21: k_hat=3  ACC=0.6750  NMI=0.6671  ARI=0.4773  0.1s

=== P1E_S3_C2 train[2] k=3  dim=576  frames=112  σ=0.0  fold=5 ===
  SSC-Block-TV-Col21: k_hat=3  ACC=0.9107  NMI=0.8014  ARI=0.7414  0.1s

=== P1E_S3_C2 train[3] k=3  dim=576  frames=168  σ=0.0  fold=5 ===
  SSC-Block-TV-Col21: k_hat=3  ACC=0.8512  NMI=0.6787  ARI=0.6246  0.2s

=== P1E_S3_C2 train[4] k=3  dim=576  frames=169  σ=0.0  fold=5 ===
  SSC-Block-TV-Col21: k_hat=3  ACC=1.0000  NMI=1.0000  ARI=1.0000  0.2s

=== P1E_S3_C2 train[5] k=3  dim=576  frames=146  σ=0.0  fold=5 ===
  SSC-Block-TV-Col21: k_hat=3  ACC=0.6507  NMI=0.6149  ARI=0.3702  0.2s

=== P1E_S3_C2 train[6] k=3  dim=576  frames=114  σ=0.0  fold=5 ===
  SSC-Block-TV-Col21: k_hat=3  ACC=0.9912  NMI=0.9609  ARI=0.9730  0.1s

=== P1E_S3_C3 train[0] k=3  dim=576  frames=105  σ=0.0  fold=5 ===
  SSC-Block-TV-Col21: k_hat=3  ACC=1.0000  NMI=1.0000  ARI=1.0000  0.1s

=== P1E_S3_C3 train[1] k=3  dim=576  frames=89  σ=0.0  fold=5 ===
  SSC-Block-TV-Col21: k_hat=3  ACC=1.0000  NMI=1.0000  ARI=1.0000  0.1s

=== P1E_S3_C3 train[2] k=3  dim=576  frames=84  σ=0.0  fold=5 ===
  SSC-Block-TV-Col21: k_hat=3  ACC=1.0000  NMI=1.0000  ARI=1.0000  0.1s

=== P1E_S3_C3 train[3] k=3  dim=576  frames=125  σ=0.0  fold=5 ===
  SSC-Block-TV-Col21: k_hat=3  ACC=0.9840  NMI=0.9390  ARI=0.9481  0.1s

=== P1E_S3_C3 train[4] k=3  dim=576  frames=128  σ=0.0  fold=5 ===
  SSC-Block-TV-Col21: k_hat=3  ACC=0.7500  NMI=0.7005  ARI=0.5481  0.1s

=== P1E_S3_C3 train[5] k=3  dim=576  frames=129  σ=0.0  fold=5 ===
  SSC-Block-TV-Col21: k_hat=3  ACC=0.9845  NMI=0.9427  ARI=0.9553  0.1s

=== P1E_S3_C3 train[6] k=3  dim=576  frames=84  σ=0.0  fold=5 ===
  SSC-Block-TV-Col21: k_hat=3  ACC=0.9881  NMI=0.9523  ARI=0.9667  0.1s

=== P1E_S4_C1 train[0] k=3  dim=576  frames=158  σ=0.0  fold=5 ===
  SSC-Block-TV-Col21: k_hat=3  ACC=0.8734  NMI=0.7427  ARI=0.6331  0.2s

=== P1E_S4_C1 train[1] k=3  dim=576  frames=107  σ=0.0  fold=5 ===
  SSC-Block-TV-Col21: k_hat=3  ACC=0.8598  NMI=0.7634  ARI=0.6850  0.1s

=== P1E_S4_C1 train[2] k=3  dim=576  frames=155  σ=0.0  fold=5 ===
  SSC-Block-TV-Col21: k_hat=3  ACC=0.8581  NMI=0.7531  ARI=0.6535  0.2s

=== P1E_S4_C1 train[3] k=3  dim=576  frames=182  σ=0.0  fold=5 ===
  SSC-Block-TV-Col21: k_hat=3  ACC=0.8736  NMI=0.7499  ARI=0.6853  0.2s

=== P1E_S4_C1 train[4] k=3  dim=576  frames=180  σ=0.0  fold=5 ===
  SSC-Block-TV-Col21: k_hat=3  ACC=0.8444  NMI=0.7452  ARI=0.6370  0.2s

=== P1E_S4_C1 train[5] k=3  dim=576  frames=147  σ=0.0  fold=5 ===
  SSC-Block-TV-Col21: k_hat=3  ACC=0.6395  NMI=0.6392  ARI=0.4809  0.2s

=== P1E_S4_C1 train[6] k=3  dim=576  frames=145  σ=0.0  fold=5 ===
  SSC-Block-TV-Col21: k_hat=3  ACC=1.0000  NMI=1.0000  ARI=1.0000  0.2s

=== P1E_S4_C2 train[0] k=3  dim=576  frames=117  σ=0.0  fold=5 ===
  SSC-Block-TV-Col21: k_hat=3  ACC=0.9744  NMI=0.9161  ARI=0.9229  0.1s

=== P1E_S4_C2 train[1] k=3  dim=576  frames=125  σ=0.0  fold=5 ===
  SSC-Block-TV-Col21: k_hat=3  ACC=1.0000  NMI=1.0000  ARI=1.0000  0.1s

=== P1E_S4_C2 train[2] k=3  dim=576  frames=122  σ=0.0  fold=5 ===
  SSC-Block-TV-Col21: k_hat=3  ACC=1.0000  NMI=1.0000  ARI=1.0000  0.1s

=== P1E_S4_C2 train[3] k=3  dim=576  frames=126  σ=0.0  fold=5 ===
  SSC-Block-TV-Col21: k_hat=3  ACC=0.9048  NMI=0.7878  ARI=0.7181  0.1s

=== P1E_S4_C2 train[4] k=3  dim=576  frames=140  σ=0.0  fold=5 ===
  SSC-Block-TV-Col21: k_hat=3  ACC=0.7857  NMI=0.6903  ARI=0.5111  0.1s

=== P1E_S4_C2 train[5] k=3  dim=576  frames=146  σ=0.0  fold=5 ===
  SSC-Block-TV-Col21: k_hat=3  ACC=0.9589  NMI=0.8852  ARI=0.8877  0.2s

=== P1E_S4_C2 train[6] k=3  dim=576  frames=110  σ=0.0  fold=5 ===
  SSC-Block-TV-Col21: k_hat=3  ACC=0.9818  NMI=0.9362  ARI=0.9514  0.1s

=== P1E_S4_C3 train[0] k=3  dim=576  frames=90  σ=0.0  fold=5 ===
  SSC-Block-TV-Col21: k_hat=3  ACC=0.9778  NMI=0.9242  ARI=0.9338  0.1s

=== P1E_S4_C3 train[1] k=3  dim=576  frames=64  σ=0.0  fold=5 ===
  SSC-Block-TV-Col21: k_hat=3  ACC=1.0000  NMI=1.0000  ARI=1.0000  0.1s

=== P1E_S4_C3 train[2] k=3  dim=576  frames=85  σ=0.0  fold=5 ===
  SSC-Block-TV-Col21: k_hat=3  ACC=1.0000  NMI=1.0000  ARI=1.0000  0.1s

=== P1E_S4_C3 train[3] k=3  dim=576  frames=105  σ=0.0  fold=5 ===
  SSC-Block-TV-Col21: k_hat=3  ACC=0.8857  NMI=0.7406  ARI=0.7318  0.1s

=== P1E_S4_C3 train[4] k=3  dim=576  frames=87  σ=0.0  fold=5 ===
  SSC-Block-TV-Col21: k_hat=3  ACC=1.0000  NMI=1.0000  ARI=1.0000  0.1s

=== P1E_S4_C3 train[5] k=3  dim=576  frames=106  σ=0.0  fold=5 ===
  SSC-Block-TV-Col21: k_hat=3  ACC=0.6792  NMI=0.7026  ARI=0.5568  0.1s

=== P1E_S4_C3 train[6] k=3  dim=576  frames=79  σ=0.0  fold=5 ===
  SSC-Block-TV-Col21: k_hat=3  ACC=0.9873  NMI=0.9513  ARI=0.9638  0.1s

=== P1L_S1_C1 train[0] k=3  dim=576  frames=162  σ=0.0  fold=5 ===
  SSC-Block-TV-Col21: k_hat=3  ACC=0.5494  NMI=0.6534  ARI=0.4507  0.2s

=== P1L_S1_C1 train[1] k=3  dim=576  frames=170  σ=0.0  fold=5 ===
  SSC-Block-TV-Col21: k_hat=3  ACC=0.7059  NMI=0.6536  ARI=0.4499  0.2s

=== P1L_S1_C1 train[2] k=3  dim=576  frames=155  σ=0.0  fold=5 ===
  SSC-Block-TV-Col21: k_hat=3  ACC=1.0000  NMI=1.0000  ARI=1.0000  0.2s

=== P1L_S1_C1 train[3] k=3  dim=576  frames=182  σ=0.0  fold=5 ===
  SSC-Block-TV-Col21: k_hat=3  ACC=1.0000  NMI=1.0000  ARI=1.0000  0.2s

=== P1L_S1_C1 train[4] k=3  dim=576  frames=198  σ=0.0  fold=5 ===
  SSC-Block-TV-Col21: k_hat=3  ACC=0.7323  NMI=0.6955  ARI=0.5444  0.2s

=== P1L_S1_C1 train[5] k=3  dim=576  frames=116  σ=0.0  fold=5 ===
  SSC-Block-TV-Col21: k_hat=3  ACC=0.5517  NMI=0.5057  ARI=0.3338  0.1s

=== P1L_S1_C1 train[6] k=3  dim=576  frames=175  σ=0.0  fold=5 ===
  SSC-Block-TV-Col21: k_hat=3  ACC=1.0000  NMI=1.0000  ARI=1.0000  0.2s

=== P1L_S1_C2 train[0] k=3  dim=576  frames=186  σ=0.0  fold=5 ===
  SSC-Block-TV-Col21: k_hat=3  ACC=0.8118  NMI=0.6636  ARI=0.5412  0.2s

=== P1L_S1_C2 train[1] k=3  dim=576  frames=137  σ=0.0  fold=5 ===
  SSC-Block-TV-Col21: k_hat=3  ACC=1.0000  NMI=1.0000  ARI=1.0000  0.1s

=== P1L_S1_C2 train[2] k=3  dim=576  frames=147  σ=0.0  fold=5 ===
  SSC-Block-TV-Col21: k_hat=3  ACC=1.0000  NMI=1.0000  ARI=1.0000  0.2s

=== P1L_S1_C2 train[3] k=3  dim=576  frames=181  σ=0.0  fold=5 ===
  SSC-Block-TV-Col21: k_hat=3  ACC=0.8232  NMI=0.7206  ARI=0.5887  0.2s

=== P1L_S1_C2 train[4] k=3  dim=576  frames=128  σ=0.0  fold=5 ===
  SSC-Block-TV-Col21: k_hat=3  ACC=0.8750  NMI=0.7877  ARI=0.7617  0.1s

=== P1L_S1_C2 train[5] k=3  dim=576  frames=142  σ=0.0  fold=5 ===
  SSC-Block-TV-Col21: k_hat=3  ACC=0.8239  NMI=0.7102  ARI=0.5692  0.1s

=== P1L_S1_C2 train[6] k=3  dim=576  frames=168  σ=0.0  fold=5 ===
  SSC-Block-TV-Col21: k_hat=3  ACC=1.0000  NMI=1.0000  ARI=1.0000  0.2s

=== P1L_S1_C3 train[0] k=3  dim=576  frames=60  σ=0.0  fold=5 ===
  SSC-Block-TV-Col21: k_hat=3  ACC=0.5167  NMI=0.6515  ARI=0.4364  0.1s

=== P1L_S1_C3 train[1] k=3  dim=576  frames=68  σ=0.0  fold=5 ===
  SSC-Block-TV-Col21: k_hat=3  ACC=1.0000  NMI=1.0000  ARI=1.0000  0.1s

=== P1L_S1_C3 train[2] k=3  dim=576  frames=65  σ=0.0  fold=5 ===
  SSC-Block-TV-Col21: k_hat=3  ACC=1.0000  NMI=1.0000  ARI=1.0000  0.1s

=== P1L_S1_C3 train[3] k=3  dim=576  frames=74  σ=0.0  fold=5 ===
  SSC-Block-TV-Col21: k_hat=3  ACC=0.5811  NMI=0.6652  ARI=0.4654  0.1s

=== P1L_S1_C3 train[4] k=3  dim=576  frames=73  σ=0.0  fold=5 ===
  SSC-Block-TV-Col21: k_hat=3  ACC=0.6027  NMI=0.6624  ARI=0.4687  0.1s

=== P1L_S1_C3 train[5] k=3  dim=576  frames=63  σ=0.0  fold=5 ===
  SSC-Block-TV-Col21: k_hat=3  ACC=0.6349  NMI=0.6745  ARI=0.5038  0.1s

=== P1L_S1_C3 train[6] k=3  dim=576  frames=75  σ=0.0  fold=5 ===
  SSC-Block-TV-Col21: k_hat=3  ACC=0.9867  NMI=0.9474  ARI=0.9569  0.1s

=== P1L_S2_C1 train[0] k=3  dim=576  frames=211  σ=0.0  fold=5 ===
  SSC-Block-TV-Col21: k_hat=3  ACC=0.8246  NMI=0.7261  ARI=0.6134  0.3s

=== P1L_S2_C1 train[1] k=3  dim=576  frames=190  σ=0.0  fold=5 ===
  SSC-Block-TV-Col21: k_hat=3  ACC=0.7158  NMI=0.6703  ARI=0.4873  0.2s

=== P1L_S2_C1 train[2] k=3  dim=576  frames=180  σ=0.0  fold=5 ===
  SSC-Block-TV-Col21: k_hat=3  ACC=1.0000  NMI=1.0000  ARI=1.0000  0.2s

=== P1L_S2_C1 train[3] k=3  dim=576  frames=177  σ=0.0  fold=5 ===
  SSC-Block-TV-Col21: k_hat=3  ACC=0.8362  NMI=0.6582  ARI=0.5876  0.2s

=== P1L_S2_C1 train[4] k=3  dim=576  frames=172  σ=0.0  fold=5 ===
  SSC-Block-TV-Col21: k_hat=3  ACC=0.9593  NMI=0.8874  ARI=0.9050  0.2s

=== P1L_S2_C1 train[5] k=3  dim=576  frames=180  σ=0.0  fold=5 ===
  SSC-Block-TV-Col21: k_hat=3  ACC=0.6111  NMI=0.5156  ARI=0.3607  0.2s

=== P1L_S2_C1 train[6] k=3  dim=576  frames=133  σ=0.0  fold=5 ===
  SSC-Block-TV-Col21: k_hat=3  ACC=1.0000  NMI=1.0000  ARI=1.0000  0.1s

=== P1L_S2_C2 train[0] k=3  dim=576  frames=194  σ=0.0  fold=5 ===
  SSC-Block-TV-Col21: k_hat=3  ACC=0.9948  NMI=0.9734  ARI=0.9820  0.2s

=== P1L_S2_C2 train[1] k=3  dim=576  frames=155  σ=0.0  fold=5 ===
  SSC-Block-TV-Col21: k_hat=3  ACC=1.0000  NMI=1.0000  ARI=1.0000  0.2s

=== P1L_S2_C2 train[2] k=3  dim=576  frames=134  σ=0.0  fold=5 ===
  SSC-Block-TV-Col21: k_hat=3  ACC=1.0000  NMI=1.0000  ARI=1.0000  0.1s

=== P1L_S2_C2 train[3] k=3  dim=576  frames=186  σ=0.0  fold=5 ===
  SSC-Block-TV-Col21: k_hat=3  ACC=0.9892  NMI=0.9571  ARI=0.9711  0.2s

=== P1L_S2_C2 train[4] k=3  dim=576  frames=201  σ=0.0  fold=5 ===
  SSC-Block-TV-Col21: k_hat=3  ACC=0.8209  NMI=0.7182  ARI=0.5781  0.3s

=== P1L_S2_C2 train[5] k=3  dim=576  frames=160  σ=0.0  fold=5 ===
  SSC-Block-TV-Col21: k_hat=3  ACC=0.8125  NMI=0.6737  ARI=0.5155  0.2s

=== P1L_S2_C2 train[6] k=3  dim=576  frames=154  σ=0.0  fold=5 ===
  SSC-Block-TV-Col21: k_hat=3  ACC=1.0000  NMI=1.0000  ARI=1.0000  0.2s

=== P1L_S2_C3 train[0] k=3  dim=576  frames=119  σ=0.0  fold=5 ===
  SSC-Block-TV-Col21: k_hat=3  ACC=1.0000  NMI=1.0000  ARI=1.0000  0.1s

=== P1L_S2_C3 train[1] k=3  dim=576  frames=101  σ=0.0  fold=5 ===
  SSC-Block-TV-Col21: k_hat=3  ACC=1.0000  NMI=1.0000  ARI=1.0000  0.1s

=== P1L_S2_C3 train[2] k=3  dim=576  frames=85  σ=0.0  fold=5 ===
  SSC-Block-TV-Col21: k_hat=3  ACC=1.0000  NMI=1.0000  ARI=1.0000  0.1s

=== P1L_S2_C3 train[3] k=3  dim=576  frames=112  σ=0.0  fold=5 ===
  SSC-Block-TV-Col21: k_hat=3  ACC=1.0000  NMI=1.0000  ARI=1.0000  0.1s

=== P1L_S2_C3 train[4] k=3  dim=576  frames=126  σ=0.0  fold=5 ===
  SSC-Block-TV-Col21: k_hat=3  ACC=0.8413  NMI=0.7417  ARI=0.6278  0.1s

=== P1L_S2_C3 train[5] k=3  dim=576  frames=121  σ=0.0  fold=5 ===
  SSC-Block-TV-Col21: k_hat=3  ACC=0.9091  NMI=0.7880  ARI=0.7781  0.1s

=== P1L_S2_C3 train[6] k=3  dim=576  frames=99  σ=0.0  fold=5 ===
  SSC-Block-TV-Col21: k_hat=3  ACC=0.9798  NMI=0.9303  ARI=0.9424  0.1s

=== P1L_S3_C1 train[0] k=3  dim=576  frames=156  σ=0.0  fold=5 ===
  SSC-Block-TV-Col21: k_hat=3  ACC=0.4872  NMI=0.3228  ARI=0.0821  0.2s

=== P1L_S3_C1 train[1] k=3  dim=576  frames=120  σ=0.0  fold=5 ===
  SSC-Block-TV-Col21: k_hat=3  ACC=1.0000  NMI=1.0000  ARI=1.0000  0.1s

=== P1L_S3_C1 train[2] k=3  dim=576  frames=185  σ=0.0  fold=5 ===
  SSC-Block-TV-Col21: k_hat=3  ACC=0.8703  NMI=0.7651  ARI=0.6860  0.2s

=== P1L_S3_C1 train[3] k=3  dim=576  frames=156  σ=0.0  fold=5 ===
  SSC-Block-TV-Col21: k_hat=3  ACC=0.6346  NMI=0.6784  ARI=0.5044  0.2s

=== P1L_S3_C1 train[4] k=3  dim=576  frames=159  σ=0.0  fold=5 ===
  SSC-Block-TV-Col21: k_hat=3  ACC=0.7610  NMI=0.5592  ARI=0.4333  0.2s

=== P1L_S3_C1 train[5] k=3  dim=576  frames=176  σ=0.0  fold=5 ===
  SSC-Block-TV-Col21: k_hat=3  ACC=0.7045  NMI=0.6249  ARI=0.4050  0.2s

=== P1L_S3_C1 train[6] k=3  dim=576  frames=134  σ=0.0  fold=5 ===
  SSC-Block-TV-Col21: k_hat=3  ACC=0.9179  NMI=0.8056  ARI=0.7598  0.1s

=== P1L_S3_C2 train[0] k=3  dim=576  frames=185  σ=0.0  fold=5 ===
  SSC-Block-TV-Col21: k_hat=3  ACC=0.8108  NMI=0.7182  ARI=0.6012  0.2s

=== P1L_S3_C2 train[1] k=3  dim=576  frames=125  σ=0.0  fold=5 ===
  SSC-Block-TV-Col21: k_hat=3  ACC=0.5280  NMI=0.5450  ARI=0.3661  0.1s

=== P1L_S3_C2 train[2] k=3  dim=576  frames=166  σ=0.0  fold=5 ===
  SSC-Block-TV-Col21: k_hat=3  ACC=1.0000  NMI=1.0000  ARI=1.0000  0.2s

=== P1L_S3_C2 train[3] k=3  dim=576  frames=209  σ=0.0  fold=5 ===
  SSC-Block-TV-Col21: k_hat=3  ACC=0.8612  NMI=0.7400  ARI=0.6245  0.3s

=== P1L_S3_C2 train[4] k=3  dim=576  frames=168  σ=0.0  fold=5 ===
  SSC-Block-TV-Col21: k_hat=3  ACC=0.6488  NMI=0.6705  ARI=0.5211  0.2s

=== P1L_S3_C2 train[5] k=3  dim=576  frames=229  σ=0.0  fold=5 ===
  SSC-Block-TV-Col21: k_hat=3  ACC=0.5109  NMI=0.6332  ARI=0.4399  0.3s

=== P1L_S3_C2 train[6] k=3  dim=576  frames=136  σ=0.0  fold=5 ===
  SSC-Block-TV-Col21: k_hat=3  ACC=1.0000  NMI=1.0000  ARI=1.0000  0.1s

=== P1L_S3_C3 train[0] k=3  dim=576  frames=151  σ=0.0  fold=5 ===
  SSC-Block-TV-Col21: k_hat=3  ACC=0.9868  NMI=0.9443  ARI=0.9594  0.2s

=== P1L_S3_C3 train[1] k=3  dim=576  frames=118  σ=0.0  fold=5 ===
  SSC-Block-TV-Col21: k_hat=3  ACC=0.8983  NMI=0.7946  ARI=0.7354  0.1s

=== P1L_S3_C3 train[2] k=3  dim=576  frames=121  σ=0.0  fold=5 ===
  SSC-Block-TV-Col21: k_hat=3  ACC=1.0000  NMI=1.0000  ARI=1.0000  0.1s

=== P1L_S3_C3 train[3] k=3  dim=576  frames=142  σ=0.0  fold=5 ===
  SSC-Block-TV-Col21: k_hat=3  ACC=1.0000  NMI=1.0000  ARI=1.0000  0.1s

=== P1L_S3_C3 train[4] k=3  dim=576  frames=134  σ=0.0  fold=5 ===
  SSC-Block-TV-Col21: k_hat=3  ACC=0.9030  NMI=0.7887  ARI=0.7192  0.1s

=== P1L_S3_C3 train[5] k=3  dim=576  frames=161  σ=0.0  fold=5 ===
  SSC-Block-TV-Col21: k_hat=3  ACC=0.8509  NMI=0.7344  ARI=0.6813  0.2s

=== P1L_S3_C3 train[6] k=3  dim=576  frames=114  σ=0.0  fold=5 ===
  SSC-Block-TV-Col21: k_hat=3  ACC=0.9912  NMI=0.9630  ARI=0.9763  0.1s

=== P1L_S4_C1 train[0] k=3  dim=576  frames=200  σ=0.0  fold=5 ===
  SSC-Block-TV-Col21: k_hat=3  ACC=0.9050  NMI=0.8002  ARI=0.7538  0.2s

=== P1L_S4_C1 train[1] k=3  dim=576  frames=157  σ=0.0  fold=5 ===
  SSC-Block-TV-Col21: k_hat=3  ACC=1.0000  NMI=1.0000  ARI=1.0000  0.2s

=== P1L_S4_C1 train[2] k=3  dim=576  frames=154  σ=0.0  fold=5 ===
  SSC-Block-TV-Col21: k_hat=3  ACC=1.0000  NMI=1.0000  ARI=1.0000  0.2s

=== P1L_S4_C1 train[3] k=3  dim=576  frames=168  σ=0.0  fold=5 ===
  SSC-Block-TV-Col21: k_hat=3  ACC=0.8869  NMI=0.7674  ARI=0.6779  0.2s

=== P1L_S4_C1 train[4] k=3  dim=576  frames=142  σ=0.0  fold=5 ===
  SSC-Block-TV-Col21: k_hat=3  ACC=1.0000  NMI=1.0000  ARI=1.0000  0.1s

=== P1L_S4_C1 train[5] k=3  dim=576  frames=187  σ=0.0  fold=5 ===
  SSC-Block-TV-Col21: k_hat=3  ACC=0.6043  NMI=0.4902  ARI=0.3322  0.2s

=== P1L_S4_C1 train[6] k=3  dim=576  frames=202  σ=0.0  fold=5 ===
  SSC-Block-TV-Col21: k_hat=3  ACC=0.9950  NMI=0.9766  ARI=0.9853  0.3s

=== P1L_S4_C2 train[0] k=3  dim=576  frames=157  σ=0.0  fold=5 ===
  SSC-Block-TV-Col21: k_hat=3  ACC=1.0000  NMI=1.0000  ARI=1.0000  0.2s

=== P1L_S4_C2 train[1] k=3  dim=576  frames=149  σ=0.0  fold=5 ===
  SSC-Block-TV-Col21: k_hat=3  ACC=0.9195  NMI=0.8124  ARI=0.7623  0.2s

=== P1L_S4_C2 train[2] k=3  dim=576  frames=175  σ=0.0  fold=5 ===
  SSC-Block-TV-Col21: k_hat=3  ACC=1.0000  NMI=1.0000  ARI=1.0000  0.2s

=== P1L_S4_C2 train[3] k=3  dim=576  frames=168  σ=0.0  fold=5 ===
  SSC-Block-TV-Col21: k_hat=3  ACC=0.8571  NMI=0.7372  ARI=0.6347  0.2s

=== P1L_S4_C2 train[4] k=3  dim=576  frames=154  σ=0.0  fold=5 ===
  SSC-Block-TV-Col21: k_hat=3  ACC=0.9286  NMI=0.8132  ARI=0.7776  0.2s

=== P1L_S4_C2 train[5] k=3  dim=576  frames=169  σ=0.0  fold=5 ===
  SSC-Block-TV-Col21: k_hat=3  ACC=0.7751  NMI=0.7207  ARI=0.6048  0.2s

=== P1L_S4_C2 train[6] k=3  dim=576  frames=153  σ=0.0  fold=5 ===
  SSC-Block-TV-Col21: k_hat=3  ACC=1.0000  NMI=1.0000  ARI=1.0000  0.2s

=== P1L_S4_C3 train[0] k=3  dim=576  frames=96  σ=0.0  fold=5 ===
  SSC-Block-TV-Col21: k_hat=3  ACC=1.0000  NMI=1.0000  ARI=1.0000  0.1s

=== P1L_S4_C3 train[1] k=3  dim=576  frames=107  σ=0.0  fold=5 ===
  SSC-Block-TV-Col21: k_hat=3  ACC=0.9813  NMI=0.9289  ARI=0.9364  0.1s

=== P1L_S4_C3 train[2] k=3  dim=576  frames=94  σ=0.0  fold=5 ===
  SSC-Block-TV-Col21: k_hat=3  ACC=1.0000  NMI=1.0000  ARI=1.0000  0.1s

=== P1L_S4_C3 train[3] k=3  dim=576  frames=117  σ=0.0  fold=5 ===
  SSC-Block-TV-Col21: k_hat=3  ACC=0.7009  NMI=0.6970  ARI=0.5517  0.1s

=== P1L_S4_C3 train[4] k=3  dim=576  frames=112  σ=0.0  fold=5 ===
  SSC-Block-TV-Col21: k_hat=3  ACC=0.8036  NMI=0.7211  ARI=0.5862  0.1s

=== P1L_S4_C3 train[5] k=3  dim=576  frames=105  σ=0.0  fold=5 ===
  SSC-Block-TV-Col21: k_hat=3  ACC=0.5238  NMI=0.6560  ARI=0.4477  0.1s

=== P1L_S4_C3 train[6] k=3  dim=576  frames=107  σ=0.0  fold=5 ===
  SSC-Block-TV-Col21: k_hat=3  ACC=0.9813  NMI=0.9338  ARI=0.9463  0.1s

=== P1E_S1_C1 test[0] k=3  dim=576  frames=151  σ=0.0  fold=5 ===
  SSC-Block-TV-Col21: k_hat=3  ACC=0.6026  NMI=0.6703  ARI=0.4826  0.2s

=== P1E_S1_C2 test[0] k=3  dim=576  frames=122  σ=0.0  fold=5 ===
  SSC-Block-TV-Col21: k_hat=3  ACC=0.5410  NMI=0.6594  ARI=0.4560  0.1s

=== P1E_S1_C3 test[0] k=3  dim=576  frames=55  σ=0.0  fold=5 ===
  SSC-Block-TV-Col21: k_hat=3  ACC=0.9818  NMI=0.9339  ARI=0.9418  0.0s

=== P1E_S2_C1 test[0] k=3  dim=576  frames=124  σ=0.0  fold=5 ===
  SSC-Block-TV-Col21: k_hat=3  ACC=0.5806  NMI=0.6673  ARI=0.4713  0.1s

=== P1E_S2_C2 test[0] k=3  dim=576  frames=109  σ=0.0  fold=5 ===
  SSC-Block-TV-Col21: k_hat=3  ACC=0.6514  NMI=0.6758  ARI=0.5042  0.1s

=== P1E_S2_C3 test[0] k=3  dim=576  frames=87  σ=0.0  fold=5 ===
  SSC-Block-TV-Col21: k_hat=3  ACC=0.6092  NMI=0.6683  ARI=0.4793  0.1s

=== P1E_S3_C1 test[0] k=3  dim=576  frames=123  σ=0.0  fold=5 ===
  SSC-Block-TV-Col21: k_hat=3  ACC=0.5203  NMI=0.4254  ARI=0.2446  0.1s

=== P1E_S3_C2 test[0] k=3  dim=576  frames=107  σ=0.0  fold=5 ===
  SSC-Block-TV-Col21: k_hat=3  ACC=0.5981  NMI=0.6680  ARI=0.4761  0.1s

=== P1E_S3_C3 test[0] k=3  dim=576  frames=83  σ=0.0  fold=5 ===
  SSC-Block-TV-Col21: k_hat=3  ACC=0.6024  NMI=0.6637  ARI=0.4692  0.1s

=== P1E_S4_C1 test[0] k=3  dim=576  frames=133  σ=0.0  fold=5 ===
  SSC-Block-TV-Col21: k_hat=3  ACC=0.7444  NMI=0.5266  ARI=0.3774  0.1s

=== P1E_S4_C2 test[0] k=3  dim=576  frames=129  σ=0.0  fold=5 ===
  SSC-Block-TV-Col21: k_hat=3  ACC=0.5426  NMI=0.6602  ARI=0.4588  0.1s

=== P1E_S4_C3 test[0] k=3  dim=576  frames=76  σ=0.0  fold=5 ===
  SSC-Block-TV-Col21: k_hat=3  ACC=1.0000  NMI=1.0000  ARI=1.0000  0.1s

=== P1L_S1_C1 test[0] k=3  dim=576  frames=166  σ=0.0  fold=5 ===
  SSC-Block-TV-Col21: k_hat=3  ACC=1.0000  NMI=1.0000  ARI=1.0000  0.2s

=== P1L_S1_C2 test[0] k=3  dim=576  frames=154  σ=0.0  fold=5 ===
  SSC-Block-TV-Col21: k_hat=3  ACC=0.5065  NMI=0.6566  ARI=0.4500  0.2s

=== P1L_S1_C3 test[0] k=3  dim=576  frames=64  σ=0.0  fold=5 ===
  SSC-Block-TV-Col21: k_hat=3  ACC=0.8438  NMI=0.7524  ARI=0.6573  0.1s

=== P1L_S2_C1 test[0] k=3  dim=576  frames=179  σ=0.0  fold=5 ===
  SSC-Block-TV-Col21: k_hat=3  ACC=1.0000  NMI=1.0000  ARI=1.0000  0.2s

=== P1L_S2_C2 test[0] k=3  dim=576  frames=171  σ=0.0  fold=5 ===
  SSC-Block-TV-Col21: k_hat=3  ACC=0.8421  NMI=0.7405  ARI=0.6266  0.2s

=== P1L_S2_C3 test[0] k=3  dim=576  frames=102  σ=0.0  fold=5 ===
  SSC-Block-TV-Col21: k_hat=3  ACC=0.5392  NMI=0.6485  ARI=0.4410  0.1s

=== P1L_S3_C1 test[0] k=3  dim=576  frames=172  σ=0.0  fold=5 ===
  SSC-Block-TV-Col21: k_hat=3  ACC=0.5000  NMI=0.4786  ARI=0.2948  0.2s

=== P1L_S3_C2 test[0] k=3  dim=576  frames=187  σ=0.0  fold=5 ===
  SSC-Block-TV-Col21: k_hat=3  ACC=0.5027  NMI=0.4074  ARI=0.2152  0.2s

=== P1L_S3_C3 test[0] k=3  dim=576  frames=110  σ=0.0  fold=5 ===
  SSC-Block-TV-Col21: k_hat=3  ACC=0.9091  NMI=0.8079  ARI=0.7601  0.1s

=== P1L_S4_C1 test[0] k=3  dim=576  frames=164  σ=0.0  fold=5 ===
  SSC-Block-TV-Col21: k_hat=3  ACC=0.9939  NMI=0.9720  ARI=0.9811  0.2s

=== P1L_S4_C2 test[0] k=3  dim=576  frames=152  σ=0.0  fold=5 ===
  SSC-Block-TV-Col21: k_hat=3  ACC=0.8618  NMI=0.7611  ARI=0.6804  0.2s

=== P1L_S4_C3 test[0] k=3  dim=576  frames=103  σ=0.0  fold=5 ===
  SSC-Block-TV-Col21: k_hat=3  ACC=0.9612  NMI=0.8864  ARI=0.8833  0.1s
  tune_pool_groups=20: sampling from 22 held-in people (overlap allowed) instead of the 7 fixed partition group(s)

============================================================
σ=0.0 fold=6  test=['0007', '0010', '0020']  train mats=168  test mats=24  tune mats=480
  --- tune SSC-Block-TV-Col21 over 480 train mats  n_trials=40 (4 params) ---
  SSC-Block-TV-Col21 trial 0: mean ARI=0.5893  n=480  69.0s  lambda_e=1, lambda_z=0.1, gamma_q=0.1, block_size=5
  SSC-Block-TV-Col21 trial 1: mean ARI=0.6524  n=480  68.7s  lambda_e=0.443, lambda_z=0.7257, gamma_q=0.2577, block_size=7
  SSC-Block-TV-Col21 trial 2: mean ARI=0.7128  n=480  68.0s  lambda_e=0.1866, lambda_z=0.3833, gamma_q=0.05628, block_size=11
  SSC-Block-TV-Col21 trial 3: mean ARI=0.3828  n=480  68.7s  lambda_e=7.78, lambda_z=0.03418, gamma_q=1.469, block_size=7
  SSC-Block-TV-Col21 trial 4: mean ARI=0.5871  n=480  72.1s  lambda_e=0.506, lambda_z=5.039, gamma_q=0.001924, block_size=2
  SSC-Block-TV-Col21 trial 5: mean ARI=0.3594  n=480  68.5s  lambda_e=0.0115, lambda_z=2.14, gamma_q=1.296, block_size=11
  SSC-Block-TV-Col21 trial 6: mean ARI=0.6759  n=480  68.3s  lambda_e=8.627, lambda_z=1.573, gamma_q=0.07013, block_size=10
  SSC-Block-TV-Col21 trial 7: mean ARI=0.7642  n=480  68.4s  lambda_e=0.02264, lambda_z=0.3628, gamma_q=0.003745, block_size=12
  SSC-Block-TV-Col21 trial 8: mean ARI=0.7523  n=480  68.3s  lambda_e=0.3677, lambda_z=0.04557, gamma_q=0.01143, block_size=10
  SSC-Block-TV-Col21 trial 9: mean ARI=0.7383  n=480  68.5s  lambda_e=0.2336, lambda_z=0.1878, gamma_q=0.001189, block_size=8
  SSC-Block-TV-Col21 trial 10: mean ARI=0.4976  n=480  71.4s  lambda_e=0.01151, lambda_z=0.001661, gamma_q=6.473, block_size=2
  SSC-Block-TV-Col21 trial 11: mean ARI=0.6901  n=480  67.8s  lambda_e=0.06092, lambda_z=0.01492, gamma_q=0.01117, block_size=12
  SSC-Block-TV-Col21 trial 12: mean ARI=0.7187  n=480  68.0s  lambda_e=0.05731, lambda_z=0.01131, gamma_q=0.007917, block_size=9
  SSC-Block-TV-Col21 trial 13: mean ARI=0.7603  n=480  67.8s  lambda_e=2.603, lambda_z=0.0684, gamma_q=0.008229, block_size=12
  SSC-Block-TV-Col21 trial 14: mean ARI=0.6514  n=480  70.3s  lambda_e=2.611, lambda_z=0.002846, gamma_q=0.005404, block_size=12
  SSC-Block-TV-Col21 trial 15: mean ARI=0.7425  n=480  67.6s  lambda_e=0.05124, lambda_z=0.1701, gamma_q=0.02509, block_size=12
  SSC-Block-TV-Col21 trial 16: mean ARI=0.7093  n=480  67.8s  lambda_e=2.437, lambda_z=0.4296, gamma_q=0.002717, block_size=10
  SSC-Block-TV-Col21 trial 17: mean ARI=0.7057  n=480  67.9s  lambda_e=0.02825, lambda_z=8.98, gamma_q=0.02476, block_size=11
  SSC-Block-TV-Col21 trial 18: mean ARI=0.7464  n=480  67.8s  lambda_e=0.1173, lambda_z=0.009053, gamma_q=0.003636, block_size=9
  SSC-Block-TV-Col21 trial 19: mean ARI=0.4381  n=480  68.9s  lambda_e=1.253, lambda_z=0.09181, gamma_q=0.2536, block_size=5
  SSC-Block-TV-Col21 trial 20: mean ARI=0.7256  n=480  68.2s  lambda_e=0.02336, lambda_z=1.52, gamma_q=0.001001, block_size=12
  SSC-Block-TV-Col21 trial 21: mean ARI=0.7358  n=480  67.9s  lambda_e=3.439, lambda_z=0.04067, gamma_q=0.01383, block_size=10
  SSC-Block-TV-Col21 trial 22: mean ARI=0.7005  n=480  67.7s  lambda_e=0.6851, lambda_z=0.04636, gamma_q=0.02131, block_size=11
  SSC-Block-TV-Col21 trial 23: mean ARI=0.7746  n=480  68.4s  lambda_e=0.2509, lambda_z=0.02327, gamma_q=0.003053, block_size=9
  SSC-Block-TV-Col21 trial 24: mean ARI=0.7309  n=480  68.6s  lambda_e=0.1139, lambda_z=0.00609, gamma_q=0.004433, block_size=8
  SSC-Block-TV-Col21 trial 25: mean ARI=0.7281  n=480  68.3s  lambda_e=5.22, lambda_z=0.2615, gamma_q=0.002234, block_size=9
  SSC-Block-TV-Col21 trial 26: mean ARI=0.7760  n=480  69.2s  lambda_e=1.153, lambda_z=0.01749, gamma_q=0.005139, block_size=5
  SSC-Block-TV-Col21 trial 27: mean ARI=0.7697  n=480  69.7s  lambda_e=1.063, lambda_z=0.004557, gamma_q=0.001551, block_size=4
  SSC-Block-TV-Col21 trial 28: mean ARI=0.7626  n=480  69.7s  lambda_e=1.687, lambda_z=0.004089, gamma_q=0.001572, block_size=4
  SSC-Block-TV-Col21 trial 29: mean ARI=0.5178  n=480  69.6s  lambda_e=0.946, lambda_z=0.001076, gamma_q=0.03917, block_size=4
  SSC-Block-TV-Col21 trial 30: mean ARI=0.7777  n=480  69.3s  lambda_e=0.3088, lambda_z=0.01968, gamma_q=0.005836, block_size=5
  SSC-Block-TV-Col21 trial 31: mean ARI=0.7691  n=480  69.2s  lambda_e=0.2344, lambda_z=0.01779, gamma_q=0.006668, block_size=5
  SSC-Block-TV-Col21 trial 32: mean ARI=0.7832  n=480  70.4s  lambda_e=0.8725, lambda_z=0.02533, gamma_q=0.002022, block_size=3
  SSC-Block-TV-Col21 trial 33: mean ARI=0.7871  n=480  70.4s  lambda_e=0.3968, lambda_z=0.02007, gamma_q=0.00293, block_size=3
  SSC-Block-TV-Col21 trial 34: mean ARI=0.7783  n=480  69.3s  lambda_e=0.6008, lambda_z=0.02395, gamma_q=0.00571, block_size=5
  SSC-Block-TV-Col21 trial 35: mean ARI=0.7988  n=480  70.2s  lambda_e=0.5795, lambda_z=0.1112, gamma_q=0.01809, block_size=3
  SSC-Block-TV-Col21 trial 36: mean ARI=0.8050  n=480  70.6s  lambda_e=0.5672, lambda_z=0.1143, gamma_q=0.01474, block_size=3
  SSC-Block-TV-Col21 trial 37: mean ARI=0.5985  n=480  70.3s  lambda_e=0.4579, lambda_z=0.1239, gamma_q=0.1226, block_size=3
  SSC-Block-TV-Col21 trial 38: mean ARI=0.7910  n=480  70.3s  lambda_e=0.7394, lambda_z=0.8189, gamma_q=0.1039, block_size=3
  SSC-Block-TV-Col21 trial 39: mean ARI=0.7375  n=480  70.6s  lambda_e=0.1333, lambda_z=0.7412, gamma_q=0.1871, block_size=3
    best mean ARI=0.8050  tune 2762.1s  lambda_e=0.5672, lambda_z=0.1143, gamma_q=0.01474, block_size=3
  wrote /nfs/turbo/umms-minjilab/lpullela/icassp_ssc_tv2/block_ssc_benchmark/cv/params/surveillance/split_k3_clean_min30_trials20_knownk_scaled_params_cv_ssc_block_tv_col21_k3_sigma0_sigma0_fold6.json

=== P1E_S1_C1 train[0] k=3  dim=576  frames=146  σ=0.0  fold=6 ===
  SSC-Block-TV-Col21: k_hat=3  ACC=0.9178  NMI=0.7994  ARI=0.7432  0.2s

=== P1E_S1_C1 train[1] k=3  dim=576  frames=153  σ=0.0  fold=6 ===
  SSC-Block-TV-Col21: k_hat=3  ACC=1.0000  NMI=1.0000  ARI=1.0000  0.2s

=== P1E_S1_C1 train[2] k=3  dim=576  frames=130  σ=0.0  fold=6 ===
  SSC-Block-TV-Col21: k_hat=3  ACC=0.9308  NMI=0.8341  ARI=0.8016  0.1s

=== P1E_S1_C1 train[3] k=3  dim=576  frames=140  σ=0.0  fold=6 ===
  SSC-Block-TV-Col21: k_hat=3  ACC=0.9357  NMI=0.8323  ARI=0.7981  0.1s

=== P1E_S1_C1 train[4] k=3  dim=576  frames=157  σ=0.0  fold=6 ===
  SSC-Block-TV-Col21: k_hat=3  ACC=0.5796  NMI=0.6618  ARI=0.4656  0.2s

=== P1E_S1_C1 train[5] k=3  dim=576  frames=151  σ=0.0  fold=6 ===
  SSC-Block-TV-Col21: k_hat=3  ACC=0.6026  NMI=0.6703  ARI=0.4826  0.2s

=== P1E_S1_C1 train[6] k=3  dim=576  frames=171  σ=0.0  fold=6 ===
  SSC-Block-TV-Col21: k_hat=3  ACC=1.0000  NMI=1.0000  ARI=1.0000  0.2s

=== P1E_S1_C2 train[0] k=3  dim=576  frames=147  σ=0.0  fold=6 ===
  SSC-Block-TV-Col21: k_hat=3  ACC=0.9932  NMI=0.9693  ARI=0.9802  0.2s

=== P1E_S1_C2 train[1] k=3  dim=576  frames=115  σ=0.0  fold=6 ===
  SSC-Block-TV-Col21: k_hat=3  ACC=0.9913  NMI=0.9622  ARI=0.9715  0.1s

=== P1E_S1_C2 train[2] k=3  dim=576  frames=104  σ=0.0  fold=6 ===
  SSC-Block-TV-Col21: k_hat=3  ACC=1.0000  NMI=1.0000  ARI=1.0000  0.1s

=== P1E_S1_C2 train[3] k=3  dim=576  frames=138  σ=0.0  fold=6 ===
  SSC-Block-TV-Col21: k_hat=3  ACC=0.6304  NMI=0.5871  ARI=0.4363  0.1s

=== P1E_S1_C2 train[4] k=3  dim=576  frames=113  σ=0.0  fold=6 ===
  SSC-Block-TV-Col21: k_hat=3  ACC=0.7168  NMI=0.6181  ARI=0.5172  0.1s

=== P1E_S1_C2 train[5] k=3  dim=576  frames=122  σ=0.0  fold=6 ===
  SSC-Block-TV-Col21: k_hat=3  ACC=0.5492  NMI=0.6596  ARI=0.4567  0.1s

=== P1E_S1_C2 train[6] k=3  dim=576  frames=134  σ=0.0  fold=6 ===
  SSC-Block-TV-Col21: k_hat=3  ACC=0.9851  NMI=0.9443  ARI=0.9564  0.1s

=== P1E_S1_C3 train[0] k=3  dim=576  frames=58  σ=0.0  fold=6 ===
  SSC-Block-TV-Col21: k_hat=3  ACC=0.9483  NMI=0.8578  ARI=0.8376  0.0s

=== P1E_S1_C3 train[1] k=3  dim=576  frames=56  σ=0.0  fold=6 ===
  SSC-Block-TV-Col21: k_hat=3  ACC=0.9821  NMI=0.9328  ARI=0.9451  0.0s

=== P1E_S1_C3 train[2] k=3  dim=576  frames=47  σ=0.0  fold=6 ===
  SSC-Block-TV-Col21: k_hat=3  ACC=1.0000  NMI=1.0000  ARI=1.0000  0.0s

=== P1E_S1_C3 train[3] k=3  dim=576  frames=61  σ=0.0  fold=6 ===
  SSC-Block-TV-Col21: k_hat=3  ACC=0.9180  NMI=0.7680  ARI=0.7905  0.1s

=== P1E_S1_C3 train[4] k=3  dim=576  frames=37  σ=0.0  fold=6 ===
  SSC-Block-TV-Col21: k_hat=3  ACC=0.9730  NMI=0.9067  ARI=0.9060  0.0s

=== P1E_S1_C3 train[5] k=3  dim=576  frames=55  σ=0.0  fold=6 ===
  SSC-Block-TV-Col21: k_hat=3  ACC=0.9636  NMI=0.8910  ARI=0.8863  0.0s

=== P1E_S1_C3 train[6] k=3  dim=576  frames=69  σ=0.0  fold=6 ===
  SSC-Block-TV-Col21: k_hat=3  ACC=0.9855  NMI=0.9451  ARI=0.9554  0.1s

=== P1E_S2_C1 train[0] k=3  dim=576  frames=167  σ=0.0  fold=6 ===
  SSC-Block-TV-Col21: k_hat=3  ACC=0.8743  NMI=0.7691  ARI=0.6865  0.2s

=== P1E_S2_C1 train[1] k=3  dim=576  frames=151  σ=0.0  fold=6 ===
  SSC-Block-TV-Col21: k_hat=3  ACC=0.8940  NMI=0.7901  ARI=0.7386  0.2s

=== P1E_S2_C1 train[2] k=3  dim=576  frames=136  σ=0.0  fold=6 ===
  SSC-Block-TV-Col21: k_hat=3  ACC=0.8971  NMI=0.7907  ARI=0.7297  0.1s

=== P1E_S2_C1 train[3] k=3  dim=576  frames=180  σ=0.0  fold=6 ===
  SSC-Block-TV-Col21: k_hat=3  ACC=0.7278  NMI=0.6529  ARI=0.5009  0.2s

=== P1E_S2_C1 train[4] k=3  dim=576  frames=149  σ=0.0  fold=6 ===
  SSC-Block-TV-Col21: k_hat=3  ACC=0.6040  NMI=0.6711  ARI=0.4842  0.2s

=== P1E_S2_C1 train[5] k=3  dim=576  frames=124  σ=0.0  fold=6 ===
  SSC-Block-TV-Col21: k_hat=3  ACC=0.5968  NMI=0.6702  ARI=0.4803  0.1s

=== P1E_S2_C1 train[6] k=3  dim=576  frames=153  σ=0.0  fold=6 ===
  SSC-Block-TV-Col21: k_hat=3  ACC=0.5425  NMI=0.5975  ARI=0.4168  0.2s

=== P1E_S2_C2 train[0] k=3  dim=576  frames=146  σ=0.0  fold=6 ===
  SSC-Block-TV-Col21: k_hat=3  ACC=0.9521  NMI=0.8655  ARI=0.8509  0.2s

=== P1E_S2_C2 train[1] k=3  dim=576  frames=115  σ=0.0  fold=6 ===
  SSC-Block-TV-Col21: k_hat=3  ACC=1.0000  NMI=1.0000  ARI=1.0000  0.1s

=== P1E_S2_C2 train[2] k=3  dim=576  frames=109  σ=0.0  fold=6 ===
  SSC-Block-TV-Col21: k_hat=3  ACC=1.0000  NMI=1.0000  ARI=1.0000  0.1s

=== P1E_S2_C2 train[3] k=3  dim=576  frames=144  σ=0.0  fold=6 ===
  SSC-Block-TV-Col21: k_hat=3  ACC=0.9167  NMI=0.7765  ARI=0.7708  0.1s

=== P1E_S2_C2 train[4] k=3  dim=576  frames=124  σ=0.0  fold=6 ===
  SSC-Block-TV-Col21: k_hat=3  ACC=1.0000  NMI=1.0000  ARI=1.0000  0.1s

=== P1E_S2_C2 train[5] k=3  dim=576  frames=109  σ=0.0  fold=6 ===
  SSC-Block-TV-Col21: k_hat=3  ACC=0.6881  NMI=0.6895  ARI=0.5379  0.1s

=== P1E_S2_C2 train[6] k=3  dim=576  frames=126  σ=0.0  fold=6 ===
  SSC-Block-TV-Col21: k_hat=3  ACC=0.9841  NMI=0.9413  ARI=0.9532  0.1s

=== P1E_S2_C3 train[0] k=3  dim=576  frames=113  σ=0.0  fold=6 ===
  SSC-Block-TV-Col21: k_hat=3  ACC=1.0000  NMI=1.0000  ARI=1.0000  0.1s

=== P1E_S2_C3 train[1] k=3  dim=576  frames=88  σ=0.0  fold=6 ===
  SSC-Block-TV-Col21: k_hat=3  ACC=0.9886  NMI=0.9540  ARI=0.9655  0.1s

=== P1E_S2_C3 train[2] k=3  dim=576  frames=90  σ=0.0  fold=6 ===
  SSC-Block-TV-Col21: k_hat=3  ACC=1.0000  NMI=1.0000  ARI=1.0000  0.1s

=== P1E_S2_C3 train[3] k=3  dim=576  frames=112  σ=0.0  fold=6 ===
  SSC-Block-TV-Col21: k_hat=3  ACC=0.9643  NMI=0.8713  ARI=0.8924  0.1s

=== P1E_S2_C3 train[4] k=3  dim=576  frames=99  σ=0.0  fold=6 ===
  SSC-Block-TV-Col21: k_hat=3  ACC=0.9798  NMI=0.9174  ARI=0.9396  0.1s

=== P1E_S2_C3 train[5] k=3  dim=576  frames=87  σ=0.0  fold=6 ===
  SSC-Block-TV-Col21: k_hat=3  ACC=0.5977  NMI=0.6670  ARI=0.4754  0.1s

=== P1E_S2_C3 train[6] k=3  dim=576  frames=89  σ=0.0  fold=6 ===
  SSC-Block-TV-Col21: k_hat=3  ACC=0.9775  NMI=0.9248  ARI=0.9383  0.1s

=== P1E_S3_C1 train[0] k=3  dim=576  frames=166  σ=0.0  fold=6 ===
  SSC-Block-TV-Col21: k_hat=3  ACC=0.8373  NMI=0.6924  ARI=0.5815  0.2s

=== P1E_S3_C1 train[1] k=3  dim=576  frames=139  σ=0.0  fold=6 ===
  SSC-Block-TV-Col21: k_hat=3  ACC=0.7338  NMI=0.6984  ARI=0.5493  0.1s

=== P1E_S3_C1 train[2] k=3  dim=576  frames=134  σ=0.0  fold=6 ===
  SSC-Block-TV-Col21: k_hat=3  ACC=0.8209  NMI=0.7183  ARI=0.5756  0.1s

=== P1E_S3_C1 train[3] k=3  dim=576  frames=161  σ=0.0  fold=6 ===
  SSC-Block-TV-Col21: k_hat=3  ACC=0.8571  NMI=0.7548  ARI=0.6645  0.2s

=== P1E_S3_C1 train[4] k=3  dim=576  frames=168  σ=0.0  fold=6 ===
  SSC-Block-TV-Col21: k_hat=3  ACC=0.8512  NMI=0.7342  ARI=0.6087  0.2s

=== P1E_S3_C1 train[5] k=3  dim=576  frames=123  σ=0.0  fold=6 ===
  SSC-Block-TV-Col21: k_hat=3  ACC=0.5203  NMI=0.4254  ARI=0.2446  0.1s

=== P1E_S3_C1 train[6] k=3  dim=576  frames=112  σ=0.0  fold=6 ===
  SSC-Block-TV-Col21: k_hat=3  ACC=0.5625  NMI=0.6127  ARI=0.4282  0.1s

=== P1E_S3_C2 train[0] k=3  dim=576  frames=147  σ=0.0  fold=6 ===
  SSC-Block-TV-Col21: k_hat=3  ACC=0.8571  NMI=0.7306  ARI=0.6039  0.2s

=== P1E_S3_C2 train[1] k=3  dim=576  frames=120  σ=0.0  fold=6 ===
  SSC-Block-TV-Col21: k_hat=3  ACC=0.9750  NMI=0.9151  ARI=0.9247  0.1s

=== P1E_S3_C2 train[2] k=3  dim=576  frames=112  σ=0.0  fold=6 ===
  SSC-Block-TV-Col21: k_hat=3  ACC=0.9554  NMI=0.8723  ARI=0.8616  0.1s

=== P1E_S3_C2 train[3] k=3  dim=576  frames=168  σ=0.0  fold=6 ===
  SSC-Block-TV-Col21: k_hat=3  ACC=0.8512  NMI=0.6787  ARI=0.6246  0.2s

=== P1E_S3_C2 train[4] k=3  dim=576  frames=169  σ=0.0  fold=6 ===
  SSC-Block-TV-Col21: k_hat=3  ACC=1.0000  NMI=1.0000  ARI=1.0000  0.2s

=== P1E_S3_C2 train[5] k=3  dim=576  frames=107  σ=0.0  fold=6 ===
  SSC-Block-TV-Col21: k_hat=3  ACC=0.5981  NMI=0.6680  ARI=0.4761  0.1s

=== P1E_S3_C2 train[6] k=3  dim=576  frames=114  σ=0.0  fold=6 ===
  SSC-Block-TV-Col21: k_hat=3  ACC=0.9737  NMI=0.8991  ARI=0.9364  0.1s

=== P1E_S3_C3 train[0] k=3  dim=576  frames=105  σ=0.0  fold=6 ===
  SSC-Block-TV-Col21: k_hat=3  ACC=1.0000  NMI=1.0000  ARI=1.0000  0.1s

=== P1E_S3_C3 train[1] k=3  dim=576  frames=89  σ=0.0  fold=6 ===
  SSC-Block-TV-Col21: k_hat=3  ACC=1.0000  NMI=1.0000  ARI=1.0000  0.1s

=== P1E_S3_C3 train[2] k=3  dim=576  frames=84  σ=0.0  fold=6 ===
  SSC-Block-TV-Col21: k_hat=3  ACC=1.0000  NMI=1.0000  ARI=1.0000  0.1s

=== P1E_S3_C3 train[3] k=3  dim=576  frames=125  σ=0.0  fold=6 ===
  SSC-Block-TV-Col21: k_hat=3  ACC=0.9840  NMI=0.9390  ARI=0.9481  0.1s

=== P1E_S3_C3 train[4] k=3  dim=576  frames=128  σ=0.0  fold=6 ===
  SSC-Block-TV-Col21: k_hat=3  ACC=0.7500  NMI=0.7005  ARI=0.5481  0.1s

=== P1E_S3_C3 train[5] k=3  dim=576  frames=83  σ=0.0  fold=6 ===
  SSC-Block-TV-Col21: k_hat=3  ACC=0.6024  NMI=0.6637  ARI=0.4692  0.1s

=== P1E_S3_C3 train[6] k=3  dim=576  frames=84  σ=0.0  fold=6 ===
  SSC-Block-TV-Col21: k_hat=3  ACC=0.9881  NMI=0.9523  ARI=0.9667  0.1s

=== P1E_S4_C1 train[0] k=3  dim=576  frames=158  σ=0.0  fold=6 ===
  SSC-Block-TV-Col21: k_hat=3  ACC=0.8734  NMI=0.7427  ARI=0.6331  0.2s

=== P1E_S4_C1 train[1] k=3  dim=576  frames=107  σ=0.0  fold=6 ===
  SSC-Block-TV-Col21: k_hat=3  ACC=1.0000  NMI=1.0000  ARI=1.0000  0.1s

=== P1E_S4_C1 train[2] k=3  dim=576  frames=155  σ=0.0  fold=6 ===
  SSC-Block-TV-Col21: k_hat=3  ACC=0.8774  NMI=0.7707  ARI=0.6882  0.2s

=== P1E_S4_C1 train[3] k=3  dim=576  frames=182  σ=0.0  fold=6 ===
  SSC-Block-TV-Col21: k_hat=3  ACC=0.8681  NMI=0.7446  ARI=0.6754  0.2s

=== P1E_S4_C1 train[4] k=3  dim=576  frames=180  σ=0.0  fold=6 ===
  SSC-Block-TV-Col21: k_hat=3  ACC=1.0000  NMI=1.0000  ARI=1.0000  0.2s

=== P1E_S4_C1 train[5] k=3  dim=576  frames=133  σ=0.0  fold=6 ===
  SSC-Block-TV-Col21: k_hat=3  ACC=0.6466  NMI=0.6651  ARI=0.4918  0.1s

=== P1E_S4_C1 train[6] k=3  dim=576  frames=145  σ=0.0  fold=6 ===
  SSC-Block-TV-Col21: k_hat=3  ACC=0.9655  NMI=0.8980  ARI=0.9074  0.2s

=== P1E_S4_C2 train[0] k=3  dim=576  frames=117  σ=0.0  fold=6 ===
  SSC-Block-TV-Col21: k_hat=3  ACC=0.9744  NMI=0.9161  ARI=0.9229  0.1s

=== P1E_S4_C2 train[1] k=3  dim=576  frames=125  σ=0.0  fold=6 ===
  SSC-Block-TV-Col21: k_hat=3  ACC=1.0000  NMI=1.0000  ARI=1.0000  0.1s

=== P1E_S4_C2 train[2] k=3  dim=576  frames=122  σ=0.0  fold=6 ===
  SSC-Block-TV-Col21: k_hat=3  ACC=1.0000  NMI=1.0000  ARI=1.0000  0.1s

=== P1E_S4_C2 train[3] k=3  dim=576  frames=126  σ=0.0  fold=6 ===
  SSC-Block-TV-Col21: k_hat=3  ACC=0.9365  NMI=0.8350  ARI=0.8020  0.1s

=== P1E_S4_C2 train[4] k=3  dim=576  frames=140  σ=0.0  fold=6 ===
  SSC-Block-TV-Col21: k_hat=3  ACC=0.7714  NMI=0.6827  ARI=0.4950  0.1s

=== P1E_S4_C2 train[5] k=3  dim=576  frames=129  σ=0.0  fold=6 ===
  SSC-Block-TV-Col21: k_hat=3  ACC=0.5581  NMI=0.6606  ARI=0.4599  0.1s

=== P1E_S4_C2 train[6] k=3  dim=576  frames=110  σ=0.0  fold=6 ===
  SSC-Block-TV-Col21: k_hat=3  ACC=0.9818  NMI=0.9362  ARI=0.9514  0.1s

=== P1E_S4_C3 train[0] k=3  dim=576  frames=90  σ=0.0  fold=6 ===
  SSC-Block-TV-Col21: k_hat=3  ACC=0.9778  NMI=0.9242  ARI=0.9338  0.1s

=== P1E_S4_C3 train[1] k=3  dim=576  frames=64  σ=0.0  fold=6 ===
  SSC-Block-TV-Col21: k_hat=3  ACC=1.0000  NMI=1.0000  ARI=1.0000  0.1s

=== P1E_S4_C3 train[2] k=3  dim=576  frames=85  σ=0.0  fold=6 ===
  SSC-Block-TV-Col21: k_hat=3  ACC=1.0000  NMI=1.0000  ARI=1.0000  0.1s

=== P1E_S4_C3 train[3] k=3  dim=576  frames=105  σ=0.0  fold=6 ===
  SSC-Block-TV-Col21: k_hat=3  ACC=0.8857  NMI=0.7406  ARI=0.7318  0.1s

=== P1E_S4_C3 train[4] k=3  dim=576  frames=87  σ=0.0  fold=6 ===
  SSC-Block-TV-Col21: k_hat=3  ACC=1.0000  NMI=1.0000  ARI=1.0000  0.1s

=== P1E_S4_C3 train[5] k=3  dim=576  frames=76  σ=0.0  fold=6 ===
  SSC-Block-TV-Col21: k_hat=3  ACC=1.0000  NMI=1.0000  ARI=1.0000  0.1s

=== P1E_S4_C3 train[6] k=3  dim=576  frames=79  σ=0.0  fold=6 ===
  SSC-Block-TV-Col21: k_hat=3  ACC=0.9873  NMI=0.9513  ARI=0.9638  0.1s

=== P1L_S1_C1 train[0] k=3  dim=576  frames=162  σ=0.0  fold=6 ===
  SSC-Block-TV-Col21: k_hat=3  ACC=1.0000  NMI=1.0000  ARI=1.0000  0.2s

=== P1L_S1_C1 train[1] k=3  dim=576  frames=170  σ=0.0  fold=6 ===
  SSC-Block-TV-Col21: k_hat=3  ACC=0.7118  NMI=0.6551  ARI=0.4519  0.2s

=== P1L_S1_C1 train[2] k=3  dim=576  frames=155  σ=0.0  fold=6 ===
  SSC-Block-TV-Col21: k_hat=3  ACC=1.0000  NMI=1.0000  ARI=1.0000  0.2s

=== P1L_S1_C1 train[3] k=3  dim=576  frames=182  σ=0.0  fold=6 ===
  SSC-Block-TV-Col21: k_hat=3  ACC=1.0000  NMI=1.0000  ARI=1.0000  0.2s

=== P1L_S1_C1 train[4] k=3  dim=576  frames=198  σ=0.0  fold=6 ===
  SSC-Block-TV-Col21: k_hat=3  ACC=0.7323  NMI=0.6955  ARI=0.5444  0.2s

=== P1L_S1_C1 train[5] k=3  dim=576  frames=166  σ=0.0  fold=6 ===
  SSC-Block-TV-Col21: k_hat=3  ACC=1.0000  NMI=1.0000  ARI=1.0000  0.2s

=== P1L_S1_C1 train[6] k=3  dim=576  frames=175  σ=0.0  fold=6 ===
  SSC-Block-TV-Col21: k_hat=3  ACC=1.0000  NMI=1.0000  ARI=1.0000  0.2s

=== P1L_S1_C2 train[0] k=3  dim=576  frames=186  σ=0.0  fold=6 ===
  SSC-Block-TV-Col21: k_hat=3  ACC=0.8118  NMI=0.6636  ARI=0.5412  0.2s

=== P1L_S1_C2 train[1] k=3  dim=576  frames=137  σ=0.0  fold=6 ===
  SSC-Block-TV-Col21: k_hat=3  ACC=1.0000  NMI=1.0000  ARI=1.0000  0.1s

=== P1L_S1_C2 train[2] k=3  dim=576  frames=147  σ=0.0  fold=6 ===
  SSC-Block-TV-Col21: k_hat=3  ACC=1.0000  NMI=1.0000  ARI=1.0000  0.2s

=== P1L_S1_C2 train[3] k=3  dim=576  frames=181  σ=0.0  fold=6 ===
  SSC-Block-TV-Col21: k_hat=3  ACC=0.8287  NMI=0.7245  ARI=0.5963  0.2s

=== P1L_S1_C2 train[4] k=3  dim=576  frames=128  σ=0.0  fold=6 ===
  SSC-Block-TV-Col21: k_hat=3  ACC=0.8750  NMI=0.7877  ARI=0.7617  0.1s

=== P1L_S1_C2 train[5] k=3  dim=576  frames=154  σ=0.0  fold=6 ===
  SSC-Block-TV-Col21: k_hat=3  ACC=0.5065  NMI=0.6566  ARI=0.4500  0.2s

=== P1L_S1_C2 train[6] k=3  dim=576  frames=168  σ=0.0  fold=6 ===
  SSC-Block-TV-Col21: k_hat=3  ACC=1.0000  NMI=1.0000  ARI=1.0000  0.2s

=== P1L_S1_C3 train[0] k=3  dim=576  frames=60  σ=0.0  fold=6 ===
  SSC-Block-TV-Col21: k_hat=3  ACC=0.5167  NMI=0.6515  ARI=0.4364  0.1s

=== P1L_S1_C3 train[1] k=3  dim=576  frames=68  σ=0.0  fold=6 ===
  SSC-Block-TV-Col21: k_hat=3  ACC=1.0000  NMI=1.0000  ARI=1.0000  0.1s

=== P1L_S1_C3 train[2] k=3  dim=576  frames=65  σ=0.0  fold=6 ===
  SSC-Block-TV-Col21: k_hat=3  ACC=1.0000  NMI=1.0000  ARI=1.0000  0.1s

=== P1L_S1_C3 train[3] k=3  dim=576  frames=74  σ=0.0  fold=6 ===
  SSC-Block-TV-Col21: k_hat=3  ACC=0.5811  NMI=0.6652  ARI=0.4654  0.1s

=== P1L_S1_C3 train[4] k=3  dim=576  frames=73  σ=0.0  fold=6 ===
  SSC-Block-TV-Col21: k_hat=3  ACC=0.5890  NMI=0.6610  ARI=0.4650  0.1s

=== P1L_S1_C3 train[5] k=3  dim=576  frames=64  σ=0.0  fold=6 ===
  SSC-Block-TV-Col21: k_hat=3  ACC=0.8438  NMI=0.7524  ARI=0.6573  0.1s

=== P1L_S1_C3 train[6] k=3  dim=576  frames=75  σ=0.0  fold=6 ===
  SSC-Block-TV-Col21: k_hat=3  ACC=0.9867  NMI=0.9474  ARI=0.9569  0.1s

=== P1L_S2_C1 train[0] k=3  dim=576  frames=211  σ=0.0  fold=6 ===
  SSC-Block-TV-Col21: k_hat=3  ACC=0.8246  NMI=0.7261  ARI=0.6134  0.3s

=== P1L_S2_C1 train[1] k=3  dim=576  frames=190  σ=0.0  fold=6 ===
  SSC-Block-TV-Col21: k_hat=3  ACC=0.7211  NMI=0.6714  ARI=0.4890  0.2s

=== P1L_S2_C1 train[2] k=3  dim=576  frames=180  σ=0.0  fold=6 ===
  SSC-Block-TV-Col21: k_hat=3  ACC=1.0000  NMI=1.0000  ARI=1.0000  0.2s

=== P1L_S2_C1 train[3] k=3  dim=576  frames=177  σ=0.0  fold=6 ===
  SSC-Block-TV-Col21: k_hat=3  ACC=0.8531  NMI=0.6758  ARI=0.6187  0.2s

=== P1L_S2_C1 train[4] k=3  dim=576  frames=172  σ=0.0  fold=6 ===
  SSC-Block-TV-Col21: k_hat=3  ACC=1.0000  NMI=1.0000  ARI=1.0000  0.2s

=== P1L_S2_C1 train[5] k=3  dim=576  frames=179  σ=0.0  fold=6 ===
  SSC-Block-TV-Col21: k_hat=3  ACC=1.0000  NMI=1.0000  ARI=1.0000  0.2s

=== P1L_S2_C1 train[6] k=3  dim=576  frames=133  σ=0.0  fold=6 ===
  SSC-Block-TV-Col21: k_hat=3  ACC=1.0000  NMI=1.0000  ARI=1.0000  0.1s

=== P1L_S2_C2 train[0] k=3  dim=576  frames=194  σ=0.0  fold=6 ===
  SSC-Block-TV-Col21: k_hat=3  ACC=0.9948  NMI=0.9734  ARI=0.9820  0.2s

=== P1L_S2_C2 train[1] k=3  dim=576  frames=155  σ=0.0  fold=6 ===
  SSC-Block-TV-Col21: k_hat=3  ACC=1.0000  NMI=1.0000  ARI=1.0000  0.2s

=== P1L_S2_C2 train[2] k=3  dim=576  frames=134  σ=0.0  fold=6 ===
  SSC-Block-TV-Col21: k_hat=3  ACC=1.0000  NMI=1.0000  ARI=1.0000  0.1s

=== P1L_S2_C2 train[3] k=3  dim=576  frames=186  σ=0.0  fold=6 ===
  SSC-Block-TV-Col21: k_hat=3  ACC=0.9892  NMI=0.9571  ARI=0.9711  0.2s

=== P1L_S2_C2 train[4] k=3  dim=576  frames=201  σ=0.0  fold=6 ===
  SSC-Block-TV-Col21: k_hat=3  ACC=1.0000  NMI=1.0000  ARI=1.0000  0.3s

=== P1L_S2_C2 train[5] k=3  dim=576  frames=171  σ=0.0  fold=6 ===
  SSC-Block-TV-Col21: k_hat=3  ACC=0.8421  NMI=0.7405  ARI=0.6266  0.2s

=== P1L_S2_C2 train[6] k=3  dim=576  frames=154  σ=0.0  fold=6 ===
  SSC-Block-TV-Col21: k_hat=3  ACC=1.0000  NMI=1.0000  ARI=1.0000  0.2s

=== P1L_S2_C3 train[0] k=3  dim=576  frames=119  σ=0.0  fold=6 ===
  SSC-Block-TV-Col21: k_hat=3  ACC=1.0000  NMI=1.0000  ARI=1.0000  0.1s

=== P1L_S2_C3 train[1] k=3  dim=576  frames=101  σ=0.0  fold=6 ===
  SSC-Block-TV-Col21: k_hat=3  ACC=1.0000  NMI=1.0000  ARI=1.0000  0.1s

=== P1L_S2_C3 train[2] k=3  dim=576  frames=85  σ=0.0  fold=6 ===
  SSC-Block-TV-Col21: k_hat=3  ACC=1.0000  NMI=1.0000  ARI=1.0000  0.1s

=== P1L_S2_C3 train[3] k=3  dim=576  frames=112  σ=0.0  fold=6 ===
  SSC-Block-TV-Col21: k_hat=3  ACC=1.0000  NMI=1.0000  ARI=1.0000  0.1s

=== P1L_S2_C3 train[4] k=3  dim=576  frames=126  σ=0.0  fold=6 ===
  SSC-Block-TV-Col21: k_hat=3  ACC=0.8413  NMI=0.7417  ARI=0.6278  0.1s

=== P1L_S2_C3 train[5] k=3  dim=576  frames=102  σ=0.0  fold=6 ===
  SSC-Block-TV-Col21: k_hat=3  ACC=0.5392  NMI=0.6485  ARI=0.4410  0.1s

=== P1L_S2_C3 train[6] k=3  dim=576  frames=99  σ=0.0  fold=6 ===
  SSC-Block-TV-Col21: k_hat=3  ACC=0.9798  NMI=0.9303  ARI=0.9424  0.1s

=== P1L_S3_C1 train[0] k=3  dim=576  frames=156  σ=0.0  fold=6 ===
  SSC-Block-TV-Col21: k_hat=3  ACC=0.4872  NMI=0.3228  ARI=0.0821  0.2s

=== P1L_S3_C1 train[1] k=3  dim=576  frames=120  σ=0.0  fold=6 ===
  SSC-Block-TV-Col21: k_hat=3  ACC=1.0000  NMI=1.0000  ARI=1.0000  0.1s

=== P1L_S3_C1 train[2] k=3  dim=576  frames=185  σ=0.0  fold=6 ===
  SSC-Block-TV-Col21: k_hat=3  ACC=0.9784  NMI=0.9259  ARI=0.9354  0.2s

=== P1L_S3_C1 train[3] k=3  dim=576  frames=156  σ=0.0  fold=6 ===
  SSC-Block-TV-Col21: k_hat=3  ACC=0.6346  NMI=0.6784  ARI=0.5044  0.2s

=== P1L_S3_C1 train[4] k=3  dim=576  frames=159  σ=0.0  fold=6 ===
  SSC-Block-TV-Col21: k_hat=3  ACC=0.7673  NMI=0.5636  ARI=0.4420  0.2s

=== P1L_S3_C1 train[5] k=3  dim=576  frames=172  σ=0.0  fold=6 ===
  SSC-Block-TV-Col21: k_hat=3  ACC=0.5174  NMI=0.4796  ARI=0.2978  0.2s

=== P1L_S3_C1 train[6] k=3  dim=576  frames=134  σ=0.0  fold=6 ===
  SSC-Block-TV-Col21: k_hat=3  ACC=0.9179  NMI=0.8056  ARI=0.7598  0.1s

=== P1L_S3_C2 train[0] k=3  dim=576  frames=185  σ=0.0  fold=6 ===
  SSC-Block-TV-Col21: k_hat=3  ACC=1.0000  NMI=1.0000  ARI=1.0000  0.2s

=== P1L_S3_C2 train[1] k=3  dim=576  frames=125  σ=0.0  fold=6 ===
  SSC-Block-TV-Col21: k_hat=3  ACC=0.9760  NMI=0.9220  ARI=0.9354  0.1s

=== P1L_S3_C2 train[2] k=3  dim=576  frames=166  σ=0.0  fold=6 ===
  SSC-Block-TV-Col21: k_hat=3  ACC=1.0000  NMI=1.0000  ARI=1.0000  0.2s

=== P1L_S3_C2 train[3] k=3  dim=576  frames=209  σ=0.0  fold=6 ===
  SSC-Block-TV-Col21: k_hat=3  ACC=0.8660  NMI=0.7448  ARI=0.6341  0.3s

=== P1L_S3_C2 train[4] k=3  dim=576  frames=168  σ=0.0  fold=6 ===
  SSC-Block-TV-Col21: k_hat=3  ACC=1.0000  NMI=1.0000  ARI=1.0000  0.2s

=== P1L_S3_C2 train[5] k=3  dim=576  frames=187  σ=0.0  fold=6 ===
  SSC-Block-TV-Col21: k_hat=3  ACC=0.5508  NMI=0.6596  ARI=0.4583  0.2s

=== P1L_S3_C2 train[6] k=3  dim=576  frames=136  σ=0.0  fold=6 ===
  SSC-Block-TV-Col21: k_hat=3  ACC=1.0000  NMI=1.0000  ARI=1.0000  0.1s

=== P1L_S3_C3 train[0] k=3  dim=576  frames=151  σ=0.0  fold=6 ===
  SSC-Block-TV-Col21: k_hat=3  ACC=0.9934  NMI=0.9677  ARI=0.9795  0.2s

=== P1L_S3_C3 train[1] k=3  dim=576  frames=118  σ=0.0  fold=6 ===
  SSC-Block-TV-Col21: k_hat=3  ACC=0.8983  NMI=0.7946  ARI=0.7354  0.1s

=== P1L_S3_C3 train[2] k=3  dim=576  frames=121  σ=0.0  fold=6 ===
  SSC-Block-TV-Col21: k_hat=3  ACC=1.0000  NMI=1.0000  ARI=1.0000  0.1s

=== P1L_S3_C3 train[3] k=3  dim=576  frames=142  σ=0.0  fold=6 ===
  SSC-Block-TV-Col21: k_hat=3  ACC=1.0000  NMI=1.0000  ARI=1.0000  0.2s

=== P1L_S3_C3 train[4] k=3  dim=576  frames=134  σ=0.0  fold=6 ===
  SSC-Block-TV-Col21: k_hat=3  ACC=0.8955  NMI=0.7794  ARI=0.7016  0.1s

=== P1L_S3_C3 train[5] k=3  dim=576  frames=110  σ=0.0  fold=6 ===
  SSC-Block-TV-Col21: k_hat=3  ACC=0.9091  NMI=0.8079  ARI=0.7601  0.1s

=== P1L_S3_C3 train[6] k=3  dim=576  frames=114  σ=0.0  fold=6 ===
  SSC-Block-TV-Col21: k_hat=3  ACC=0.9825  NMI=0.9372  ARI=0.9534  0.1s

=== P1L_S4_C1 train[0] k=3  dim=576  frames=200  σ=0.0  fold=6 ===
  SSC-Block-TV-Col21: k_hat=3  ACC=0.9550  NMI=0.8749  ARI=0.8713  0.2s

=== P1L_S4_C1 train[1] k=3  dim=576  frames=157  σ=0.0  fold=6 ===
  SSC-Block-TV-Col21: k_hat=3  ACC=1.0000  NMI=1.0000  ARI=1.0000  0.2s

=== P1L_S4_C1 train[2] k=3  dim=576  frames=154  σ=0.0  fold=6 ===
  SSC-Block-TV-Col21: k_hat=3  ACC=1.0000  NMI=1.0000  ARI=1.0000  0.2s

=== P1L_S4_C1 train[3] k=3  dim=576  frames=168  σ=0.0  fold=6 ===
  SSC-Block-TV-Col21: k_hat=3  ACC=0.8869  NMI=0.7674  ARI=0.6779  0.2s

=== P1L_S4_C1 train[4] k=3  dim=576  frames=142  σ=0.0  fold=6 ===
  SSC-Block-TV-Col21: k_hat=3  ACC=1.0000  NMI=1.0000  ARI=1.0000  0.2s

=== P1L_S4_C1 train[5] k=3  dim=576  frames=164  σ=0.0  fold=6 ===
  SSC-Block-TV-Col21: k_hat=3  ACC=0.9939  NMI=0.9720  ARI=0.9811  0.2s

=== P1L_S4_C1 train[6] k=3  dim=576  frames=202  σ=0.0  fold=6 ===
  SSC-Block-TV-Col21: k_hat=3  ACC=0.9950  NMI=0.9766  ARI=0.9853  0.3s

=== P1L_S4_C2 train[0] k=3  dim=576  frames=157  σ=0.0  fold=6 ===
  SSC-Block-TV-Col21: k_hat=3  ACC=0.7771  NMI=0.6675  ARI=0.4827  0.2s

=== P1L_S4_C2 train[1] k=3  dim=576  frames=149  σ=0.0  fold=6 ===
  SSC-Block-TV-Col21: k_hat=3  ACC=0.9195  NMI=0.8124  ARI=0.7623  0.2s

=== P1L_S4_C2 train[2] k=3  dim=576  frames=175  σ=0.0  fold=6 ===
  SSC-Block-TV-Col21: k_hat=3  ACC=1.0000  NMI=1.0000  ARI=1.0000  0.2s

=== P1L_S4_C2 train[3] k=3  dim=576  frames=168  σ=0.0  fold=6 ===
  SSC-Block-TV-Col21: k_hat=3  ACC=0.8571  NMI=0.7372  ARI=0.6347  0.2s

=== P1L_S4_C2 train[4] k=3  dim=576  frames=154  σ=0.0  fold=6 ===
  SSC-Block-TV-Col21: k_hat=3  ACC=1.0000  NMI=1.0000  ARI=1.0000  0.2s

=== P1L_S4_C2 train[5] k=3  dim=576  frames=152  σ=0.0  fold=6 ===
  SSC-Block-TV-Col21: k_hat=3  ACC=0.8618  NMI=0.7611  ARI=0.6804  0.2s

=== P1L_S4_C2 train[6] k=3  dim=576  frames=153  σ=0.0  fold=6 ===
  SSC-Block-TV-Col21: k_hat=3  ACC=0.9935  NMI=0.9708  ARI=0.9831  0.2s

=== P1L_S4_C3 train[0] k=3  dim=576  frames=96  σ=0.0  fold=6 ===
  SSC-Block-TV-Col21: k_hat=3  ACC=1.0000  NMI=1.0000  ARI=1.0000  0.1s

=== P1L_S4_C3 train[1] k=3  dim=576  frames=107  σ=0.0  fold=6 ===
  SSC-Block-TV-Col21: k_hat=3  ACC=1.0000  NMI=1.0000  ARI=1.0000  0.1s

=== P1L_S4_C3 train[2] k=3  dim=576  frames=94  σ=0.0  fold=6 ===
  SSC-Block-TV-Col21: k_hat=3  ACC=1.0000  NMI=1.0000  ARI=1.0000  0.1s

=== P1L_S4_C3 train[3] k=3  dim=576  frames=117  σ=0.0  fold=6 ===
  SSC-Block-TV-Col21: k_hat=3  ACC=0.7009  NMI=0.6970  ARI=0.5517  0.1s

=== P1L_S4_C3 train[4] k=3  dim=576  frames=112  σ=0.0  fold=6 ===
  SSC-Block-TV-Col21: k_hat=3  ACC=0.8036  NMI=0.7211  ARI=0.5862  0.1s

=== P1L_S4_C3 train[5] k=3  dim=576  frames=103  σ=0.0  fold=6 ===
  SSC-Block-TV-Col21: k_hat=3  ACC=0.9612  NMI=0.8864  ARI=0.8833  0.1s

=== P1L_S4_C3 train[6] k=3  dim=576  frames=107  σ=0.0  fold=6 ===
  SSC-Block-TV-Col21: k_hat=3  ACC=0.9813  NMI=0.9338  ARI=0.9463  0.1s

=== P1E_S1_C1 test[0] k=3  dim=576  frames=140  σ=0.0  fold=6 ===
  SSC-Block-TV-Col21: k_hat=3  ACC=0.8786  NMI=0.7789  ARI=0.7106  0.1s

=== P1E_S1_C2 test[0] k=3  dim=576  frames=122  σ=0.0  fold=6 ===
  SSC-Block-TV-Col21: k_hat=3  ACC=0.9426  NMI=0.8571  ARI=0.8532  0.1s

=== P1E_S1_C3 test[0] k=3  dim=576  frames=51  σ=0.0  fold=6 ===
  SSC-Block-TV-Col21: k_hat=3  ACC=0.9412  NMI=0.8560  ARI=0.8447  0.0s

=== P1E_S2_C1 test[0] k=3  dim=576  frames=161  σ=0.0  fold=6 ===
  SSC-Block-TV-Col21: k_hat=3  ACC=0.8571  NMI=0.7338  ARI=0.6578  0.2s

=== P1E_S2_C2 test[0] k=3  dim=576  frames=128  σ=0.0  fold=6 ===
  SSC-Block-TV-Col21: k_hat=3  ACC=0.5938  NMI=0.6585  ARI=0.4635  0.1s

=== P1E_S2_C3 test[0] k=3  dim=576  frames=105  σ=0.0  fold=6 ===
  SSC-Block-TV-Col21: k_hat=3  ACC=0.9714  NMI=0.8926  ARI=0.9125  0.1s

=== P1E_S3_C1 test[0] k=3  dim=576  frames=204  σ=0.0  fold=6 ===
  SSC-Block-TV-Col21: k_hat=3  ACC=0.7206  NMI=0.7092  ARI=0.5882  0.3s

=== P1E_S3_C2 test[0] k=3  dim=576  frames=146  σ=0.0  fold=6 ===
  SSC-Block-TV-Col21: k_hat=3  ACC=0.6507  NMI=0.6149  ARI=0.3702  0.2s

=== P1E_S3_C3 test[0] k=3  dim=576  frames=129  σ=0.0  fold=6 ===
  SSC-Block-TV-Col21: k_hat=3  ACC=0.9845  NMI=0.9427  ARI=0.9553  0.1s

=== P1E_S4_C1 test[0] k=3  dim=576  frames=147  σ=0.0  fold=6 ===
  SSC-Block-TV-Col21: k_hat=3  ACC=0.5238  NMI=0.4818  ARI=0.3255  0.2s

=== P1E_S4_C2 test[0] k=3  dim=576  frames=146  σ=0.0  fold=6 ===
  SSC-Block-TV-Col21: k_hat=3  ACC=0.9589  NMI=0.8852  ARI=0.8877  0.2s

=== P1E_S4_C3 test[0] k=3  dim=576  frames=106  σ=0.0  fold=6 ===
  SSC-Block-TV-Col21: k_hat=3  ACC=0.6792  NMI=0.7026  ARI=0.5568  0.1s

=== P1L_S1_C1 test[0] k=3  dim=576  frames=116  σ=0.0  fold=6 ===
  SSC-Block-TV-Col21: k_hat=3  ACC=0.6810  NMI=0.5529  ARI=0.4681  0.1s

=== P1L_S1_C2 test[0] k=3  dim=576  frames=142  σ=0.0  fold=6 ===
  SSC-Block-TV-Col21: k_hat=3  ACC=0.8239  NMI=0.7102  ARI=0.5692  0.2s

=== P1L_S1_C3 test[0] k=3  dim=576  frames=63  σ=0.0  fold=6 ===
  SSC-Block-TV-Col21: k_hat=3  ACC=0.6190  NMI=0.6736  ARI=0.5014  0.1s

=== P1L_S2_C1 test[0] k=3  dim=576  frames=180  σ=0.0  fold=6 ===
  SSC-Block-TV-Col21: k_hat=3  ACC=0.6111  NMI=0.5156  ARI=0.3607  0.2s

=== P1L_S2_C2 test[0] k=3  dim=576  frames=160  σ=0.0  fold=6 ===
  SSC-Block-TV-Col21: k_hat=3  ACC=0.8187  NMI=0.6789  ARI=0.5256  0.2s

=== P1L_S2_C3 test[0] k=3  dim=576  frames=121  σ=0.0  fold=6 ===
  SSC-Block-TV-Col21: k_hat=3  ACC=0.9091  NMI=0.7880  ARI=0.7781  0.1s

=== P1L_S3_C1 test[0] k=3  dim=576  frames=176  σ=0.0  fold=6 ===
  SSC-Block-TV-Col21: k_hat=3  ACC=0.6989  NMI=0.5929  ARI=0.3871  0.2s

=== P1L_S3_C2 test[0] k=3  dim=576  frames=229  σ=0.0  fold=6 ===
  SSC-Block-TV-Col21: k_hat=3  ACC=0.5109  NMI=0.6332  ARI=0.4399  0.3s

=== P1L_S3_C3 test[0] k=3  dim=576  frames=161  σ=0.0  fold=6 ===
  SSC-Block-TV-Col21: k_hat=3  ACC=0.8261  NMI=0.6819  ARI=0.6213  0.2s

=== P1L_S4_C1 test[0] k=3  dim=576  frames=187  σ=0.0  fold=6 ===
  SSC-Block-TV-Col21: k_hat=3  ACC=0.6578  NMI=0.6490  ARI=0.4968  0.2s

=== P1L_S4_C2 test[0] k=3  dim=576  frames=169  σ=0.0  fold=6 ===
  SSC-Block-TV-Col21: k_hat=3  ACC=0.7751  NMI=0.7207  ARI=0.6048  0.2s

=== P1L_S4_C3 test[0] k=3  dim=576  frames=105  σ=0.0  fold=6 ===
  SSC-Block-TV-Col21: k_hat=3  ACC=0.5143  NMI=0.6557  ARI=0.4468  0.1s
  tune_pool_groups=20: sampling from 22 held-in people (overlap allowed) instead of the 7 fixed partition group(s)

============================================================
σ=0.0 fold=7  test=['0003', '0012', '0017']  train mats=168  test mats=24  tune mats=480
  --- tune SSC-Block-TV-Col21 over 480 train mats  n_trials=40 (4 params) ---
  SSC-Block-TV-Col21 trial 0: mean ARI=0.6235  n=480  69.4s  lambda_e=1, lambda_z=0.1, gamma_q=0.1, block_size=5
  SSC-Block-TV-Col21 trial 1: mean ARI=0.6728  n=480  68.8s  lambda_e=0.443, lambda_z=0.7257, gamma_q=0.2577, block_size=7
  SSC-Block-TV-Col21 trial 2: mean ARI=0.7409  n=480  68.2s  lambda_e=0.1866, lambda_z=0.3833, gamma_q=0.05628, block_size=11
  SSC-Block-TV-Col21 trial 3: mean ARI=0.3877  n=480  69.0s  lambda_e=7.78, lambda_z=0.03418, gamma_q=1.469, block_size=7
  SSC-Block-TV-Col21 trial 4: mean ARI=0.6370  n=480  72.2s  lambda_e=0.506, lambda_z=5.039, gamma_q=0.001924, block_size=2
  SSC-Block-TV-Col21 trial 5: mean ARI=0.3655  n=480  68.6s  lambda_e=0.0115, lambda_z=2.14, gamma_q=1.296, block_size=11
  SSC-Block-TV-Col21 trial 6: mean ARI=0.6989  n=480  68.3s  lambda_e=8.627, lambda_z=1.573, gamma_q=0.07013, block_size=10
  SSC-Block-TV-Col21 trial 7: mean ARI=0.7940  n=480  68.3s  lambda_e=0.02264, lambda_z=0.3628, gamma_q=0.003745, block_size=12
  SSC-Block-TV-Col21 trial 8: mean ARI=0.7530  n=480  68.2s  lambda_e=0.3677, lambda_z=0.04557, gamma_q=0.01143, block_size=10
  SSC-Block-TV-Col21 trial 9: mean ARI=0.7824  n=480  68.6s  lambda_e=0.2336, lambda_z=0.1878, gamma_q=0.001189, block_size=8
  SSC-Block-TV-Col21 trial 10: mean ARI=0.4961  n=480  72.1s  lambda_e=0.01151, lambda_z=0.001661, gamma_q=6.473, block_size=2
  SSC-Block-TV-Col21 trial 11: mean ARI=0.7806  n=480  68.9s  lambda_e=0.05789, lambda_z=0.1589, gamma_q=0.001276, block_size=8
  SSC-Block-TV-Col21 trial 12: mean ARI=0.6886  n=480  68.1s  lambda_e=0.05043, lambda_z=0.00593, gamma_q=0.007104, block_size=12
  SSC-Block-TV-Col21 trial 13: mean ARI=0.7585  n=480  69.6s  lambda_e=0.05628, lambda_z=0.01302, gamma_q=0.006352, block_size=5
  SSC-Block-TV-Col21 trial 14: mean ARI=0.7886  n=480  68.5s  lambda_e=0.1181, lambda_z=0.1905, gamma_q=0.00297, block_size=9
  SSC-Block-TV-Col21 trial 15: mean ARI=0.7416  n=480  68.4s  lambda_e=0.02028, lambda_z=7.364, gamma_q=0.02311, block_size=12
  SSC-Block-TV-Col21 trial 16: mean ARI=0.7603  n=480  68.7s  lambda_e=0.1025, lambda_z=0.4296, gamma_q=0.003587, block_size=9
  SSC-Block-TV-Col21 trial 17: mean ARI=0.7647  n=480  69.7s  lambda_e=1.824, lambda_z=0.05151, gamma_q=0.01967, block_size=5
  SSC-Block-TV-Col21 trial 18: mean ARI=0.7692  n=480  68.6s  lambda_e=0.03746, lambda_z=1.259, gamma_q=0.002892, block_size=10
  SSC-Block-TV-Col21 trial 19: mean ARI=0.5830  n=480  68.1s  lambda_e=0.1224, lambda_z=0.008637, gamma_q=0.02584, block_size=12
  SSC-Block-TV-Col21 trial 20: mean ARI=0.8076  n=480  72.5s  lambda_e=0.0248, lambda_z=0.2668, gamma_q=0.004568, block_size=9
  SSC-Block-TV-Col21 trial 21: mean ARI=0.8034  n=480  68.8s  lambda_e=0.02583, lambda_z=0.3011, gamma_q=0.003829, block_size=9
  SSC-Block-TV-Col21 trial 22: mean ARI=0.8079  n=480  69.3s  lambda_e=0.02197, lambda_z=0.7426, gamma_q=0.00617, block_size=8
  SSC-Block-TV-Col21 trial 23: mean ARI=0.7960  n=480  69.1s  lambda_e=0.02264, lambda_z=3.538, gamma_q=0.01052, block_size=7
  SSC-Block-TV-Col21 trial 24: mean ARI=0.7967  n=480  69.0s  lambda_e=0.03216, lambda_z=0.6468, gamma_q=0.005626, block_size=8
  SSC-Block-TV-Col21 trial 25: mean ARI=0.7870  n=480  69.5s  lambda_e=0.01026, lambda_z=0.08854, gamma_q=0.0149, block_size=6
  SSC-Block-TV-Col21 trial 26: mean ARI=0.7596  n=480  69.1s  lambda_e=0.01844, lambda_z=1.159, gamma_q=0.03936, block_size=8
  SSC-Block-TV-Col21 trial 27: mean ARI=0.4298  n=480  68.5s  lambda_e=0.07541, lambda_z=0.02363, gamma_q=0.1449, block_size=9
  SSC-Block-TV-Col21 trial 28: mean ARI=0.7687  n=480  69.4s  lambda_e=0.02747, lambda_z=2.325, gamma_q=0.001112, block_size=6
  SSC-Block-TV-Col21 trial 29: mean ARI=0.8016  n=480  68.5s  lambda_e=0.03677, lambda_z=0.1105, gamma_q=0.007852, block_size=9
  SSC-Block-TV-Col21 trial 30: mean ARI=0.7966  n=480  68.6s  lambda_e=0.01585, lambda_z=0.294, gamma_q=0.002179, block_size=11
  SSC-Block-TV-Col21 trial 31: mean ARI=0.7996  n=480  68.7s  lambda_e=0.0411, lambda_z=0.09561, gamma_q=0.006668, block_size=9
  SSC-Block-TV-Col21 trial 32: mean ARI=0.7609  n=480  68.7s  lambda_e=0.07107, lambda_z=0.6857, gamma_q=0.01046, block_size=10
  SSC-Block-TV-Col21 trial 33: mean ARI=0.7989  n=480  68.5s  lambda_e=0.02944, lambda_z=0.08115, gamma_q=0.005089, block_size=9
  SSC-Block-TV-Col21 trial 34: mean ARI=0.7443  n=480  69.3s  lambda_e=0.01551, lambda_z=0.2308, gamma_q=0.03558, block_size=7
  SSC-Block-TV-Col21 trial 35: mean ARI=0.7811  n=480  69.1s  lambda_e=0.03678, lambda_z=0.5436, gamma_q=0.001886, block_size=8
  SSC-Block-TV-Col21 trial 36: mean ARI=0.4041  n=480  69.2s  lambda_e=0.08145, lambda_z=0.1253, gamma_q=0.4445, block_size=7
  SSC-Block-TV-Col21 trial 37: mean ARI=0.7151  n=480  68.3s  lambda_e=2.71, lambda_z=0.9426, gamma_q=0.01511, block_size=11
  SSC-Block-TV-Col21 trial 38: mean ARI=0.5575  n=480  69.1s  lambda_e=0.1609, lambda_z=0.02366, gamma_q=0.05227, block_size=6
  SSC-Block-TV-Col21 trial 39: mean ARI=0.5735  n=480  68.8s  lambda_e=0.01572, lambda_z=0.3016, gamma_q=0.09854, block_size=10
    best mean ARI=0.8079  tune 2762.4s  lambda_e=0.02197, lambda_z=0.7426, gamma_q=0.00617, block_size=8
  wrote /nfs/turbo/umms-minjilab/lpullela/icassp_ssc_tv2/block_ssc_benchmark/cv/params/surveillance/split_k3_clean_min30_trials20_knownk_scaled_params_cv_ssc_block_tv_col21_k3_sigma0_sigma0_fold7.json

=== P1E_S1_C1 train[0] k=3  dim=576  frames=146  σ=0.0  fold=7 ===
  SSC-Block-TV-Col21: k_hat=3  ACC=0.6918  NMI=0.6213  ARI=0.3928  0.2s

=== P1E_S1_C1 train[1] k=3  dim=576  frames=153  σ=0.0  fold=7 ===
  SSC-Block-TV-Col21: k_hat=3  ACC=0.8824  NMI=0.7815  ARI=0.7187  0.2s

=== P1E_S1_C1 train[2] k=3  dim=576  frames=130  σ=0.0  fold=7 ===
  SSC-Block-TV-Col21: k_hat=3  ACC=0.9308  NMI=0.8341  ARI=0.8016  0.1s

=== P1E_S1_C1 train[3] k=3  dim=576  frames=140  σ=0.0  fold=7 ===
  SSC-Block-TV-Col21: k_hat=3  ACC=0.9357  NMI=0.8323  ARI=0.7981  0.1s

=== P1E_S1_C1 train[4] k=3  dim=576  frames=157  σ=0.0  fold=7 ===
  SSC-Block-TV-Col21: k_hat=3  ACC=0.5605  NMI=0.6599  ARI=0.4602  0.2s

=== P1E_S1_C1 train[5] k=3  dim=576  frames=151  σ=0.0  fold=7 ===
  SSC-Block-TV-Col21: k_hat=3  ACC=0.6026  NMI=0.6703  ARI=0.4826  0.2s

=== P1E_S1_C1 train[6] k=3  dim=576  frames=140  σ=0.0  fold=7 ===
  SSC-Block-TV-Col21: k_hat=3  ACC=0.8786  NMI=0.7789  ARI=0.7106  0.1s

=== P1E_S1_C2 train[0] k=3  dim=576  frames=147  σ=0.0  fold=7 ===
  SSC-Block-TV-Col21: k_hat=3  ACC=0.9320  NMI=0.8287  ARI=0.7912  0.2s

=== P1E_S1_C2 train[1] k=3  dim=576  frames=115  σ=0.0  fold=7 ===
  SSC-Block-TV-Col21: k_hat=3  ACC=0.9913  NMI=0.9622  ARI=0.9715  0.1s

=== P1E_S1_C2 train[2] k=3  dim=576  frames=104  σ=0.0  fold=7 ===
  SSC-Block-TV-Col21: k_hat=3  ACC=1.0000  NMI=1.0000  ARI=1.0000  0.1s

=== P1E_S1_C2 train[3] k=3  dim=576  frames=138  σ=0.0  fold=7 ===
  SSC-Block-TV-Col21: k_hat=3  ACC=0.6087  NMI=0.5253  ARI=0.3690  0.1s

=== P1E_S1_C2 train[4] k=3  dim=576  frames=113  σ=0.0  fold=7 ===
  SSC-Block-TV-Col21: k_hat=3  ACC=0.9027  NMI=0.8059  ARI=0.7662  0.1s

=== P1E_S1_C2 train[5] k=3  dim=576  frames=122  σ=0.0  fold=7 ===
  SSC-Block-TV-Col21: k_hat=3  ACC=0.5410  NMI=0.6594  ARI=0.4560  0.1s

=== P1E_S1_C2 train[6] k=3  dim=576  frames=122  σ=0.0  fold=7 ===
  SSC-Block-TV-Col21: k_hat=3  ACC=0.9672  NMI=0.9016  ARI=0.9119  0.1s

=== P1E_S1_C3 train[0] k=3  dim=576  frames=58  σ=0.0  fold=7 ===
  SSC-Block-TV-Col21: k_hat=3  ACC=0.9483  NMI=0.8578  ARI=0.8376  0.0s

=== P1E_S1_C3 train[1] k=3  dim=576  frames=56  σ=0.0  fold=7 ===
  SSC-Block-TV-Col21: k_hat=3  ACC=0.9821  NMI=0.9328  ARI=0.9451  0.0s

=== P1E_S1_C3 train[2] k=3  dim=576  frames=47  σ=0.0  fold=7 ===
  SSC-Block-TV-Col21: k_hat=3  ACC=1.0000  NMI=1.0000  ARI=1.0000  0.0s

=== P1E_S1_C3 train[3] k=3  dim=576  frames=61  σ=0.0  fold=7 ===
  SSC-Block-TV-Col21: k_hat=3  ACC=0.5738  NMI=0.5628  ARI=0.3883  0.1s

=== P1E_S1_C3 train[4] k=3  dim=576  frames=37  σ=0.0  fold=7 ===
  SSC-Block-TV-Col21: k_hat=3  ACC=1.0000  NMI=1.0000  ARI=1.0000  0.0s

=== P1E_S1_C3 train[5] k=3  dim=576  frames=55  σ=0.0  fold=7 ===
  SSC-Block-TV-Col21: k_hat=3  ACC=1.0000  NMI=1.0000  ARI=1.0000  0.0s

=== P1E_S1_C3 train[6] k=3  dim=576  frames=51  σ=0.0  fold=7 ===
  SSC-Block-TV-Col21: k_hat=3  ACC=0.9608  NMI=0.8615  ARI=0.8807  0.0s

=== P1E_S2_C1 train[0] k=3  dim=576  frames=167  σ=0.0  fold=7 ===
  SSC-Block-TV-Col21: k_hat=3  ACC=0.8563  NMI=0.7174  ARI=0.6475  0.2s

=== P1E_S2_C1 train[1] k=3  dim=576  frames=151  σ=0.0  fold=7 ===
  SSC-Block-TV-Col21: k_hat=3  ACC=0.8609  NMI=0.7591  ARI=0.6823  0.2s

=== P1E_S2_C1 train[2] k=3  dim=576  frames=136  σ=0.0  fold=7 ===
  SSC-Block-TV-Col21: k_hat=3  ACC=0.8971  NMI=0.7907  ARI=0.7297  0.1s

=== P1E_S2_C1 train[3] k=3  dim=576  frames=180  σ=0.0  fold=7 ===
  SSC-Block-TV-Col21: k_hat=3  ACC=0.8333  NMI=0.6960  ARI=0.6305  0.2s

=== P1E_S2_C1 train[4] k=3  dim=576  frames=149  σ=0.0  fold=7 ===
  SSC-Block-TV-Col21: k_hat=3  ACC=0.5906  NMI=0.6696  ARI=0.4794  0.2s

=== P1E_S2_C1 train[5] k=3  dim=576  frames=124  σ=0.0  fold=7 ===
  SSC-Block-TV-Col21: k_hat=3  ACC=0.5806  NMI=0.6673  ARI=0.4713  0.1s

=== P1E_S2_C1 train[6] k=3  dim=576  frames=161  σ=0.0  fold=7 ===
  SSC-Block-TV-Col21: k_hat=3  ACC=0.8634  NMI=0.7544  ARI=0.6622  0.2s

=== P1E_S2_C2 train[0] k=3  dim=576  frames=146  σ=0.0  fold=7 ===
  SSC-Block-TV-Col21: k_hat=3  ACC=0.9110  NMI=0.8002  ARI=0.7414  0.2s

=== P1E_S2_C2 train[1] k=3  dim=576  frames=115  σ=0.0  fold=7 ===
  SSC-Block-TV-Col21: k_hat=3  ACC=0.9739  NMI=0.9152  ARI=0.9240  0.1s

=== P1E_S2_C2 train[2] k=3  dim=576  frames=109  σ=0.0  fold=7 ===
  SSC-Block-TV-Col21: k_hat=3  ACC=1.0000  NMI=1.0000  ARI=1.0000  0.1s

=== P1E_S2_C2 train[3] k=3  dim=576  frames=144  σ=0.0  fold=7 ===
  SSC-Block-TV-Col21: k_hat=3  ACC=0.9375  NMI=0.8481  ARI=0.8303  0.1s

=== P1E_S2_C2 train[4] k=3  dim=576  frames=124  σ=0.0  fold=7 ===
  SSC-Block-TV-Col21: k_hat=3  ACC=1.0000  NMI=1.0000  ARI=1.0000  0.1s

=== P1E_S2_C2 train[5] k=3  dim=576  frames=109  σ=0.0  fold=7 ===
  SSC-Block-TV-Col21: k_hat=3  ACC=0.6514  NMI=0.6758  ARI=0.5042  0.1s

=== P1E_S2_C2 train[6] k=3  dim=576  frames=128  σ=0.0  fold=7 ===
  SSC-Block-TV-Col21: k_hat=3  ACC=0.8906  NMI=0.7908  ARI=0.7332  0.1s

=== P1E_S2_C3 train[0] k=3  dim=576  frames=113  σ=0.0  fold=7 ===
  SSC-Block-TV-Col21: k_hat=3  ACC=0.9823  NMI=0.9369  ARI=0.9513  0.1s

=== P1E_S2_C3 train[1] k=3  dim=576  frames=88  σ=0.0  fold=7 ===
  SSC-Block-TV-Col21: k_hat=3  ACC=0.9886  NMI=0.9540  ARI=0.9655  0.1s

=== P1E_S2_C3 train[2] k=3  dim=576  frames=90  σ=0.0  fold=7 ===
  SSC-Block-TV-Col21: k_hat=3  ACC=1.0000  NMI=1.0000  ARI=1.0000  0.1s

=== P1E_S2_C3 train[3] k=3  dim=576  frames=112  σ=0.0  fold=7 ===
  SSC-Block-TV-Col21: k_hat=3  ACC=0.9643  NMI=0.8713  ARI=0.8924  0.1s

=== P1E_S2_C3 train[4] k=3  dim=576  frames=99  σ=0.0  fold=7 ===
  SSC-Block-TV-Col21: k_hat=3  ACC=0.9899  NMI=0.9590  ARI=0.9710  0.1s

=== P1E_S2_C3 train[5] k=3  dim=576  frames=87  σ=0.0  fold=7 ===
  SSC-Block-TV-Col21: k_hat=3  ACC=0.6092  NMI=0.6683  ARI=0.4793  0.1s

=== P1E_S2_C3 train[6] k=3  dim=576  frames=105  σ=0.0  fold=7 ===
  SSC-Block-TV-Col21: k_hat=3  ACC=0.9810  NMI=0.9322  ARI=0.9411  0.1s

=== P1E_S3_C1 train[0] k=3  dim=576  frames=166  σ=0.0  fold=7 ===
  SSC-Block-TV-Col21: k_hat=3  ACC=0.8554  NMI=0.7094  ARI=0.6139  0.2s

=== P1E_S3_C1 train[1] k=3  dim=576  frames=139  σ=0.0  fold=7 ===
  SSC-Block-TV-Col21: k_hat=3  ACC=0.7338  NMI=0.6984  ARI=0.5493  0.1s

=== P1E_S3_C1 train[2] k=3  dim=576  frames=134  σ=0.0  fold=7 ===
  SSC-Block-TV-Col21: k_hat=3  ACC=0.8209  NMI=0.7183  ARI=0.5756  0.1s

=== P1E_S3_C1 train[3] k=3  dim=576  frames=161  σ=0.0  fold=7 ===
  SSC-Block-TV-Col21: k_hat=3  ACC=0.8137  NMI=0.7251  ARI=0.6069  0.2s

=== P1E_S3_C1 train[4] k=3  dim=576  frames=168  σ=0.0  fold=7 ===
  SSC-Block-TV-Col21: k_hat=3  ACC=0.8036  NMI=0.5915  ARI=0.4882  0.2s

=== P1E_S3_C1 train[5] k=3  dim=576  frames=123  σ=0.0  fold=7 ===
  SSC-Block-TV-Col21: k_hat=3  ACC=0.5285  NMI=0.4260  ARI=0.2462  0.1s

=== P1E_S3_C1 train[6] k=3  dim=576  frames=204  σ=0.0  fold=7 ===
  SSC-Block-TV-Col21: k_hat=3  ACC=0.5588  NMI=0.3253  ARI=0.1201  0.2s

=== P1E_S3_C2 train[0] k=3  dim=576  frames=147  σ=0.0  fold=7 ===
  SSC-Block-TV-Col21: k_hat=3  ACC=0.8571  NMI=0.7306  ARI=0.6039  0.2s

=== P1E_S3_C2 train[1] k=3  dim=576  frames=120  σ=0.0  fold=7 ===
  SSC-Block-TV-Col21: k_hat=3  ACC=0.6750  NMI=0.6671  ARI=0.4773  0.1s

=== P1E_S3_C2 train[2] k=3  dim=576  frames=112  σ=0.0  fold=7 ===
  SSC-Block-TV-Col21: k_hat=3  ACC=0.9107  NMI=0.8014  ARI=0.7414  0.1s

=== P1E_S3_C2 train[3] k=3  dim=576  frames=168  σ=0.0  fold=7 ===
  SSC-Block-TV-Col21: k_hat=3  ACC=0.7560  NMI=0.6130  ARI=0.5063  0.2s

=== P1E_S3_C2 train[4] k=3  dim=576  frames=169  σ=0.0  fold=7 ===
  SSC-Block-TV-Col21: k_hat=3  ACC=0.9882  NMI=0.9527  ARI=0.9657  0.2s

=== P1E_S3_C2 train[5] k=3  dim=576  frames=107  σ=0.0  fold=7 ===
  SSC-Block-TV-Col21: k_hat=3  ACC=0.6075  NMI=0.6701  ARI=0.4821  0.1s

=== P1E_S3_C2 train[6] k=3  dim=576  frames=146  σ=0.0  fold=7 ===
  SSC-Block-TV-Col21: k_hat=3  ACC=0.6507  NMI=0.6149  ARI=0.3702  0.2s

=== P1E_S3_C3 train[0] k=3  dim=576  frames=105  σ=0.0  fold=7 ===
  SSC-Block-TV-Col21: k_hat=3  ACC=1.0000  NMI=1.0000  ARI=1.0000  0.1s

=== P1E_S3_C3 train[1] k=3  dim=576  frames=89  σ=0.0  fold=7 ===
  SSC-Block-TV-Col21: k_hat=3  ACC=0.9888  NMI=0.9531  ARI=0.9640  0.1s

=== P1E_S3_C3 train[2] k=3  dim=576  frames=84  σ=0.0  fold=7 ===
  SSC-Block-TV-Col21: k_hat=3  ACC=0.9881  NMI=0.9525  ARI=0.9657  0.1s

=== P1E_S3_C3 train[3] k=3  dim=576  frames=125  σ=0.0  fold=7 ===
  SSC-Block-TV-Col21: k_hat=3  ACC=0.9840  NMI=0.9390  ARI=0.9481  0.1s

=== P1E_S3_C3 train[4] k=3  dim=576  frames=128  σ=0.0  fold=7 ===
  SSC-Block-TV-Col21: k_hat=3  ACC=0.9922  NMI=0.9656  ARI=0.9773  0.1s

=== P1E_S3_C3 train[5] k=3  dim=576  frames=83  σ=0.0  fold=7 ===
  SSC-Block-TV-Col21: k_hat=3  ACC=1.0000  NMI=1.0000  ARI=1.0000  0.1s

=== P1E_S3_C3 train[6] k=3  dim=576  frames=129  σ=0.0  fold=7 ===
  SSC-Block-TV-Col21: k_hat=3  ACC=0.9845  NMI=0.9427  ARI=0.9553  0.1s

=== P1E_S4_C1 train[0] k=3  dim=576  frames=158  σ=0.0  fold=7 ===
  SSC-Block-TV-Col21: k_hat=3  ACC=0.8734  NMI=0.7427  ARI=0.6331  0.2s

=== P1E_S4_C1 train[1] k=3  dim=576  frames=107  σ=0.0  fold=7 ===
  SSC-Block-TV-Col21: k_hat=3  ACC=0.8505  NMI=0.7563  ARI=0.6716  0.1s

=== P1E_S4_C1 train[2] k=3  dim=576  frames=155  σ=0.0  fold=7 ===
  SSC-Block-TV-Col21: k_hat=3  ACC=0.8516  NMI=0.7477  ARI=0.6428  0.2s

=== P1E_S4_C1 train[3] k=3  dim=576  frames=182  σ=0.0  fold=7 ===
  SSC-Block-TV-Col21: k_hat=3  ACC=0.8736  NMI=0.7499  ARI=0.6853  0.2s

=== P1E_S4_C1 train[4] k=3  dim=576  frames=180  σ=0.0  fold=7 ===
  SSC-Block-TV-Col21: k_hat=3  ACC=0.8389  NMI=0.7411  ARI=0.6286  0.2s

=== P1E_S4_C1 train[5] k=3  dim=576  frames=133  σ=0.0  fold=7 ===
  SSC-Block-TV-Col21: k_hat=3  ACC=0.7143  NMI=0.4982  ARI=0.3244  0.1s

=== P1E_S4_C1 train[6] k=3  dim=576  frames=147  σ=0.0  fold=7 ===
  SSC-Block-TV-Col21: k_hat=3  ACC=0.5238  NMI=0.4818  ARI=0.3255  0.2s

=== P1E_S4_C2 train[0] k=3  dim=576  frames=117  σ=0.0  fold=7 ===
  SSC-Block-TV-Col21: k_hat=3  ACC=0.9744  NMI=0.9161  ARI=0.9229  0.1s

=== P1E_S4_C2 train[1] k=3  dim=576  frames=125  σ=0.0  fold=7 ===
  SSC-Block-TV-Col21: k_hat=3  ACC=0.9920  NMI=0.9653  ARI=0.9759  0.1s

=== P1E_S4_C2 train[2] k=3  dim=576  frames=122  σ=0.0  fold=7 ===
  SSC-Block-TV-Col21: k_hat=3  ACC=1.0000  NMI=1.0000  ARI=1.0000  0.1s

=== P1E_S4_C2 train[3] k=3  dim=576  frames=126  σ=0.0  fold=7 ===
  SSC-Block-TV-Col21: k_hat=3  ACC=0.9048  NMI=0.7878  ARI=0.7181  0.1s

=== P1E_S4_C2 train[4] k=3  dim=576  frames=140  σ=0.0  fold=7 ===
  SSC-Block-TV-Col21: k_hat=3  ACC=0.9786  NMI=0.9234  ARI=0.9323  0.1s

=== P1E_S4_C2 train[5] k=3  dim=576  frames=129  σ=0.0  fold=7 ===
  SSC-Block-TV-Col21: k_hat=3  ACC=0.5504  NMI=0.6603  ARI=0.4591  0.1s

=== P1E_S4_C2 train[6] k=3  dim=576  frames=146  σ=0.0  fold=7 ===
  SSC-Block-TV-Col21: k_hat=3  ACC=0.9589  NMI=0.8852  ARI=0.8877  0.2s

=== P1E_S4_C3 train[0] k=3  dim=576  frames=90  σ=0.0  fold=7 ===
  SSC-Block-TV-Col21: k_hat=3  ACC=0.9778  NMI=0.9242  ARI=0.9338  0.1s

=== P1E_S4_C3 train[1] k=3  dim=576  frames=64  σ=0.0  fold=7 ===
  SSC-Block-TV-Col21: k_hat=3  ACC=0.9844  NMI=0.9424  ARI=0.9536  0.1s

=== P1E_S4_C3 train[2] k=3  dim=576  frames=85  σ=0.0  fold=7 ===
  SSC-Block-TV-Col21: k_hat=3  ACC=1.0000  NMI=1.0000  ARI=1.0000  0.1s

=== P1E_S4_C3 train[3] k=3  dim=576  frames=105  σ=0.0  fold=7 ===
  SSC-Block-TV-Col21: k_hat=3  ACC=0.5524  NMI=0.5912  ARI=0.4118  0.1s

=== P1E_S4_C3 train[4] k=3  dim=576  frames=87  σ=0.0  fold=7 ===
  SSC-Block-TV-Col21: k_hat=3  ACC=1.0000  NMI=1.0000  ARI=1.0000  0.1s

=== P1E_S4_C3 train[5] k=3  dim=576  frames=76  σ=0.0  fold=7 ===
  SSC-Block-TV-Col21: k_hat=3  ACC=1.0000  NMI=1.0000  ARI=1.0000  0.1s

=== P1E_S4_C3 train[6] k=3  dim=576  frames=106  σ=0.0  fold=7 ===
  SSC-Block-TV-Col21: k_hat=3  ACC=0.6792  NMI=0.7026  ARI=0.5568  0.1s

=== P1L_S1_C1 train[0] k=3  dim=576  frames=162  σ=0.0  fold=7 ===
  SSC-Block-TV-Col21: k_hat=3  ACC=0.5494  NMI=0.6534  ARI=0.4507  0.2s

=== P1L_S1_C1 train[1] k=3  dim=576  frames=170  σ=0.0  fold=7 ===
  SSC-Block-TV-Col21: k_hat=3  ACC=0.7000  NMI=0.6523  ARI=0.4483  0.2s

=== P1L_S1_C1 train[2] k=3  dim=576  frames=155  σ=0.0  fold=7 ===
  SSC-Block-TV-Col21: k_hat=3  ACC=1.0000  NMI=1.0000  ARI=1.0000  0.2s

=== P1L_S1_C1 train[3] k=3  dim=576  frames=182  σ=0.0  fold=7 ===
  SSC-Block-TV-Col21: k_hat=3  ACC=1.0000  NMI=1.0000  ARI=1.0000  0.2s

=== P1L_S1_C1 train[4] k=3  dim=576  frames=198  σ=0.0  fold=7 ===
  SSC-Block-TV-Col21: k_hat=3  ACC=0.8182  NMI=0.6192  ARI=0.5530  0.2s

=== P1L_S1_C1 train[5] k=3  dim=576  frames=166  σ=0.0  fold=7 ===
  SSC-Block-TV-Col21: k_hat=3  ACC=0.6024  NMI=0.6624  ARI=0.4731  0.2s

=== P1L_S1_C1 train[6] k=3  dim=576  frames=116  σ=0.0  fold=7 ===
  SSC-Block-TV-Col21: k_hat=3  ACC=0.7500  NMI=0.6424  ARI=0.5617  0.1s

=== P1L_S1_C2 train[0] k=3  dim=576  frames=186  σ=0.0  fold=7 ===
  SSC-Block-TV-Col21: k_hat=3  ACC=0.8118  NMI=0.6636  ARI=0.5412  0.2s

=== P1L_S1_C2 train[1] k=3  dim=576  frames=137  σ=0.0  fold=7 ===
  SSC-Block-TV-Col21: k_hat=3  ACC=1.0000  NMI=1.0000  ARI=1.0000  0.1s

=== P1L_S1_C2 train[2] k=3  dim=576  frames=147  σ=0.0  fold=7 ===
  SSC-Block-TV-Col21: k_hat=3  ACC=1.0000  NMI=1.0000  ARI=1.0000  0.2s

=== P1L_S1_C2 train[3] k=3  dim=576  frames=181  σ=0.0  fold=7 ===
  SSC-Block-TV-Col21: k_hat=3  ACC=0.8232  NMI=0.7206  ARI=0.5887  0.2s

=== P1L_S1_C2 train[4] k=3  dim=576  frames=128  σ=0.0  fold=7 ===
  SSC-Block-TV-Col21: k_hat=3  ACC=0.8672  NMI=0.7823  ARI=0.7521  0.1s

=== P1L_S1_C2 train[5] k=3  dim=576  frames=154  σ=0.0  fold=7 ===
  SSC-Block-TV-Col21: k_hat=3  ACC=0.5065  NMI=0.6566  ARI=0.4500  0.2s

=== P1L_S1_C2 train[6] k=3  dim=576  frames=142  σ=0.0  fold=7 ===
  SSC-Block-TV-Col21: k_hat=3  ACC=0.8239  NMI=0.7102  ARI=0.5692  0.1s

=== P1L_S1_C3 train[0] k=3  dim=576  frames=60  σ=0.0  fold=7 ===
  SSC-Block-TV-Col21: k_hat=3  ACC=0.5167  NMI=0.6515  ARI=0.4364  0.1s

=== P1L_S1_C3 train[1] k=3  dim=576  frames=68  σ=0.0  fold=7 ===
  SSC-Block-TV-Col21: k_hat=3  ACC=1.0000  NMI=1.0000  ARI=1.0000  0.1s

=== P1L_S1_C3 train[2] k=3  dim=576  frames=65  σ=0.0  fold=7 ===
  SSC-Block-TV-Col21: k_hat=3  ACC=1.0000  NMI=1.0000  ARI=1.0000  0.1s

=== P1L_S1_C3 train[3] k=3  dim=576  frames=74  σ=0.0  fold=7 ===
  SSC-Block-TV-Col21: k_hat=3  ACC=1.0000  NMI=1.0000  ARI=1.0000  0.1s

=== P1L_S1_C3 train[4] k=3  dim=576  frames=73  σ=0.0  fold=7 ===
  SSC-Block-TV-Col21: k_hat=3  ACC=0.5890  NMI=0.6610  ARI=0.4650  0.1s

=== P1L_S1_C3 train[5] k=3  dim=576  frames=64  σ=0.0  fold=7 ===
  SSC-Block-TV-Col21: k_hat=3  ACC=0.8594  NMI=0.7640  ARI=0.6799  0.1s

=== P1L_S1_C3 train[6] k=3  dim=576  frames=63  σ=0.0  fold=7 ===
  SSC-Block-TV-Col21: k_hat=3  ACC=0.6190  NMI=0.6736  ARI=0.5014  0.1s

=== P1L_S2_C1 train[0] k=3  dim=576  frames=211  σ=0.0  fold=7 ===
  SSC-Block-TV-Col21: k_hat=3  ACC=0.5640  NMI=0.6419  ARI=0.4399  0.3s

=== P1L_S2_C1 train[1] k=3  dim=576  frames=190  σ=0.0  fold=7 ===
  SSC-Block-TV-Col21: k_hat=3  ACC=0.7211  NMI=0.6714  ARI=0.4890  0.2s

=== P1L_S2_C1 train[2] k=3  dim=576  frames=180  σ=0.0  fold=7 ===
  SSC-Block-TV-Col21: k_hat=3  ACC=0.8500  NMI=0.7074  ARI=0.5771  0.2s

=== P1L_S2_C1 train[3] k=3  dim=576  frames=177  σ=0.0  fold=7 ===
  SSC-Block-TV-Col21: k_hat=3  ACC=0.8588  NMI=0.6821  ARI=0.6298  0.2s

=== P1L_S2_C1 train[4] k=3  dim=576  frames=172  σ=0.0  fold=7 ===
  SSC-Block-TV-Col21: k_hat=3  ACC=0.9535  NMI=0.8772  ARI=0.8928  0.2s

=== P1L_S2_C1 train[5] k=3  dim=576  frames=179  σ=0.0  fold=7 ===
  SSC-Block-TV-Col21: k_hat=3  ACC=0.5866  NMI=0.6576  ARI=0.4681  0.2s

=== P1L_S2_C1 train[6] k=3  dim=576  frames=180  σ=0.0  fold=7 ===
  SSC-Block-TV-Col21: k_hat=3  ACC=0.6111  NMI=0.5156  ARI=0.3607  0.2s

=== P1L_S2_C2 train[0] k=3  dim=576  frames=194  σ=0.0  fold=7 ===
  SSC-Block-TV-Col21: k_hat=3  ACC=0.9948  NMI=0.9734  ARI=0.9820  0.2s

=== P1L_S2_C2 train[1] k=3  dim=576  frames=155  σ=0.0  fold=7 ===
  SSC-Block-TV-Col21: k_hat=3  ACC=1.0000  NMI=1.0000  ARI=1.0000  0.2s

=== P1L_S2_C2 train[2] k=3  dim=576  frames=134  σ=0.0  fold=7 ===
  SSC-Block-TV-Col21: k_hat=3  ACC=1.0000  NMI=1.0000  ARI=1.0000  0.1s

=== P1L_S2_C2 train[3] k=3  dim=576  frames=186  σ=0.0  fold=7 ===
  SSC-Block-TV-Col21: k_hat=3  ACC=0.9839  NMI=0.9417  ARI=0.9571  0.2s

=== P1L_S2_C2 train[4] k=3  dim=576  frames=201  σ=0.0  fold=7 ===
  SSC-Block-TV-Col21: k_hat=3  ACC=0.8209  NMI=0.7182  ARI=0.5781  0.2s

=== P1L_S2_C2 train[5] k=3  dim=576  frames=171  σ=0.0  fold=7 ===
  SSC-Block-TV-Col21: k_hat=3  ACC=0.8421  NMI=0.7405  ARI=0.6266  0.2s

=== P1L_S2_C2 train[6] k=3  dim=576  frames=160  σ=0.0  fold=7 ===
  SSC-Block-TV-Col21: k_hat=3  ACC=0.7500  NMI=0.6337  ARI=0.4222  0.2s

=== P1L_S2_C3 train[0] k=3  dim=576  frames=119  σ=0.0  fold=7 ===
  SSC-Block-TV-Col21: k_hat=3  ACC=1.0000  NMI=1.0000  ARI=1.0000  0.1s

=== P1L_S2_C3 train[1] k=3  dim=576  frames=101  σ=0.0  fold=7 ===
  SSC-Block-TV-Col21: k_hat=3  ACC=1.0000  NMI=1.0000  ARI=1.0000  0.1s

=== P1L_S2_C3 train[2] k=3  dim=576  frames=85  σ=0.0  fold=7 ===
  SSC-Block-TV-Col21: k_hat=3  ACC=1.0000  NMI=1.0000  ARI=1.0000  0.1s

=== P1L_S2_C3 train[3] k=3  dim=576  frames=112  σ=0.0  fold=7 ===
  SSC-Block-TV-Col21: k_hat=3  ACC=1.0000  NMI=1.0000  ARI=1.0000  0.1s

=== P1L_S2_C3 train[4] k=3  dim=576  frames=126  σ=0.0  fold=7 ===
  SSC-Block-TV-Col21: k_hat=3  ACC=0.8413  NMI=0.7417  ARI=0.6278  0.1s

=== P1L_S2_C3 train[5] k=3  dim=576  frames=102  σ=0.0  fold=7 ===
  SSC-Block-TV-Col21: k_hat=3  ACC=0.9804  NMI=0.9314  ARI=0.9421  0.1s

=== P1L_S2_C3 train[6] k=3  dim=576  frames=121  σ=0.0  fold=7 ===
  SSC-Block-TV-Col21: k_hat=3  ACC=0.9174  NMI=0.7986  ARI=0.7946  0.1s

=== P1L_S3_C1 train[0] k=3  dim=576  frames=156  σ=0.0  fold=7 ===
  SSC-Block-TV-Col21: k_hat=3  ACC=0.4872  NMI=0.3228  ARI=0.0821  0.2s

=== P1L_S3_C1 train[1] k=3  dim=576  frames=120  σ=0.0  fold=7 ===
  SSC-Block-TV-Col21: k_hat=3  ACC=1.0000  NMI=1.0000  ARI=1.0000  0.1s

=== P1L_S3_C1 train[2] k=3  dim=576  frames=185  σ=0.0  fold=7 ===
  SSC-Block-TV-Col21: k_hat=3  ACC=0.8703  NMI=0.7651  ARI=0.6860  0.2s

=== P1L_S3_C1 train[3] k=3  dim=576  frames=156  σ=0.0  fold=7 ===
  SSC-Block-TV-Col21: k_hat=3  ACC=0.6346  NMI=0.6784  ARI=0.5044  0.2s

=== P1L_S3_C1 train[4] k=3  dim=576  frames=159  σ=0.0  fold=7 ===
  SSC-Block-TV-Col21: k_hat=3  ACC=0.7736  NMI=0.5816  ARI=0.4504  0.2s

=== P1L_S3_C1 train[5] k=3  dim=576  frames=172  σ=0.0  fold=7 ===
  SSC-Block-TV-Col21: k_hat=3  ACC=0.5000  NMI=0.3810  ARI=0.1891  0.2s

=== P1L_S3_C1 train[6] k=3  dim=576  frames=176  σ=0.0  fold=7 ===
  SSC-Block-TV-Col21: k_hat=3  ACC=0.7045  NMI=0.6249  ARI=0.4050  0.2s

=== P1L_S3_C2 train[0] k=3  dim=576  frames=185  σ=0.0  fold=7 ===
  SSC-Block-TV-Col21: k_hat=3  ACC=0.8054  NMI=0.6885  ARI=0.5821  0.2s

=== P1L_S3_C2 train[1] k=3  dim=576  frames=125  σ=0.0  fold=7 ===
  SSC-Block-TV-Col21: k_hat=3  ACC=0.5360  NMI=0.5461  ARI=0.3695  0.1s

=== P1L_S3_C2 train[2] k=3  dim=576  frames=166  σ=0.0  fold=7 ===
  SSC-Block-TV-Col21: k_hat=3  ACC=1.0000  NMI=1.0000  ARI=1.0000  0.2s

=== P1L_S3_C2 train[3] k=3  dim=576  frames=209  σ=0.0  fold=7 ===
  SSC-Block-TV-Col21: k_hat=3  ACC=0.8708  NMI=0.7496  ARI=0.6439  0.3s

=== P1L_S3_C2 train[4] k=3  dim=576  frames=168  σ=0.0  fold=7 ===
  SSC-Block-TV-Col21: k_hat=3  ACC=1.0000  NMI=1.0000  ARI=1.0000  0.2s

=== P1L_S3_C2 train[5] k=3  dim=576  frames=187  σ=0.0  fold=7 ===
  SSC-Block-TV-Col21: k_hat=3  ACC=0.5080  NMI=0.4077  ARI=0.2165  0.2s

=== P1L_S3_C2 train[6] k=3  dim=576  frames=229  σ=0.0  fold=7 ===
  SSC-Block-TV-Col21: k_hat=3  ACC=0.5109  NMI=0.6332  ARI=0.4399  0.3s

=== P1L_S3_C3 train[0] k=3  dim=576  frames=151  σ=0.0  fold=7 ===
  SSC-Block-TV-Col21: k_hat=3  ACC=0.9801  NMI=0.9244  ARI=0.9398  0.2s

=== P1L_S3_C3 train[1] k=3  dim=576  frames=118  σ=0.0  fold=7 ===
  SSC-Block-TV-Col21: k_hat=3  ACC=0.8983  NMI=0.7946  ARI=0.7354  0.1s

=== P1L_S3_C3 train[2] k=3  dim=576  frames=121  σ=0.0  fold=7 ===
  SSC-Block-TV-Col21: k_hat=3  ACC=1.0000  NMI=1.0000  ARI=1.0000  0.1s

=== P1L_S3_C3 train[3] k=3  dim=576  frames=142  σ=0.0  fold=7 ===
  SSC-Block-TV-Col21: k_hat=3  ACC=1.0000  NMI=1.0000  ARI=1.0000  0.1s

=== P1L_S3_C3 train[4] k=3  dim=576  frames=134  σ=0.0  fold=7 ===
  SSC-Block-TV-Col21: k_hat=3  ACC=0.9104  NMI=0.7984  ARI=0.7374  0.1s

=== P1L_S3_C3 train[5] k=3  dim=576  frames=110  σ=0.0  fold=7 ===
  SSC-Block-TV-Col21: k_hat=3  ACC=0.9545  NMI=0.8756  ARI=0.8696  0.1s

=== P1L_S3_C3 train[6] k=3  dim=576  frames=161  σ=0.0  fold=7 ===
  SSC-Block-TV-Col21: k_hat=3  ACC=0.9938  NMI=0.9712  ARI=0.9799  0.2s

=== P1L_S4_C1 train[0] k=3  dim=576  frames=200  σ=0.0  fold=7 ===
  SSC-Block-TV-Col21: k_hat=3  ACC=0.9050  NMI=0.8002  ARI=0.7538  0.2s

=== P1L_S4_C1 train[1] k=3  dim=576  frames=157  σ=0.0  fold=7 ===
  SSC-Block-TV-Col21: k_hat=3  ACC=1.0000  NMI=1.0000  ARI=1.0000  0.2s

=== P1L_S4_C1 train[2] k=3  dim=576  frames=154  σ=0.0  fold=7 ===
  SSC-Block-TV-Col21: k_hat=3  ACC=1.0000  NMI=1.0000  ARI=1.0000  0.2s

=== P1L_S4_C1 train[3] k=3  dim=576  frames=168  σ=0.0  fold=7 ===
  SSC-Block-TV-Col21: k_hat=3  ACC=0.8571  NMI=0.7362  ARI=0.6148  0.2s

=== P1L_S4_C1 train[4] k=3  dim=576  frames=142  σ=0.0  fold=7 ===
  SSC-Block-TV-Col21: k_hat=3  ACC=1.0000  NMI=1.0000  ARI=1.0000  0.1s

=== P1L_S4_C1 train[5] k=3  dim=576  frames=164  σ=0.0  fold=7 ===
  SSC-Block-TV-Col21: k_hat=3  ACC=0.8659  NMI=0.7656  ARI=0.6909  0.2s

=== P1L_S4_C1 train[6] k=3  dim=576  frames=187  σ=0.0  fold=7 ===
  SSC-Block-TV-Col21: k_hat=3  ACC=0.5989  NMI=0.4893  ARI=0.3292  0.2s

=== P1L_S4_C2 train[0] k=3  dim=576  frames=157  σ=0.0  fold=7 ===
  SSC-Block-TV-Col21: k_hat=3  ACC=1.0000  NMI=1.0000  ARI=1.0000  0.2s

=== P1L_S4_C2 train[1] k=3  dim=576  frames=149  σ=0.0  fold=7 ===
  SSC-Block-TV-Col21: k_hat=3  ACC=0.9195  NMI=0.8124  ARI=0.7623  0.2s

=== P1L_S4_C2 train[2] k=3  dim=576  frames=175  σ=0.0  fold=7 ===
  SSC-Block-TV-Col21: k_hat=3  ACC=1.0000  NMI=1.0000  ARI=1.0000  0.2s

=== P1L_S4_C2 train[3] k=3  dim=576  frames=168  σ=0.0  fold=7 ===
  SSC-Block-TV-Col21: k_hat=3  ACC=0.8571  NMI=0.7372  ARI=0.6347  0.2s

=== P1L_S4_C2 train[4] k=3  dim=576  frames=154  σ=0.0  fold=7 ===
  SSC-Block-TV-Col21: k_hat=3  ACC=0.9286  NMI=0.8132  ARI=0.7776  0.2s

=== P1L_S4_C2 train[5] k=3  dim=576  frames=152  σ=0.0  fold=7 ===
  SSC-Block-TV-Col21: k_hat=3  ACC=0.8618  NMI=0.7611  ARI=0.6804  0.2s

=== P1L_S4_C2 train[6] k=3  dim=576  frames=169  σ=0.0  fold=7 ===
  SSC-Block-TV-Col21: k_hat=3  ACC=0.7692  NMI=0.7188  ARI=0.6013  0.2s

=== P1L_S4_C3 train[0] k=3  dim=576  frames=96  σ=0.0  fold=7 ===
  SSC-Block-TV-Col21: k_hat=3  ACC=1.0000  NMI=1.0000  ARI=1.0000  0.1s

=== P1L_S4_C3 train[1] k=3  dim=576  frames=107  σ=0.0  fold=7 ===
  SSC-Block-TV-Col21: k_hat=3  ACC=0.9626  NMI=0.8820  ARI=0.8763  0.1s

=== P1L_S4_C3 train[2] k=3  dim=576  frames=94  σ=0.0  fold=7 ===
  SSC-Block-TV-Col21: k_hat=3  ACC=1.0000  NMI=1.0000  ARI=1.0000  0.1s

=== P1L_S4_C3 train[3] k=3  dim=576  frames=117  σ=0.0  fold=7 ===
  SSC-Block-TV-Col21: k_hat=3  ACC=0.7009  NMI=0.6970  ARI=0.5517  0.1s

=== P1L_S4_C3 train[4] k=3  dim=576  frames=112  σ=0.0  fold=7 ===
  SSC-Block-TV-Col21: k_hat=3  ACC=0.8036  NMI=0.7211  ARI=0.5862  0.1s

=== P1L_S4_C3 train[5] k=3  dim=576  frames=103  σ=0.0  fold=7 ===
  SSC-Block-TV-Col21: k_hat=3  ACC=0.9612  NMI=0.8864  ARI=0.8833  0.1s

=== P1L_S4_C3 train[6] k=3  dim=576  frames=105  σ=0.0  fold=7 ===
  SSC-Block-TV-Col21: k_hat=3  ACC=0.5143  NMI=0.6557  ARI=0.4468  0.1s

=== P1E_S1_C1 test[0] k=3  dim=576  frames=171  σ=0.0  fold=7 ===
  SSC-Block-TV-Col21: k_hat=3  ACC=1.0000  NMI=1.0000  ARI=1.0000  0.2s

=== P1E_S1_C2 test[0] k=3  dim=576  frames=134  σ=0.0  fold=7 ===
  SSC-Block-TV-Col21: k_hat=3  ACC=0.9776  NMI=0.9120  ARI=0.9354  0.1s

=== P1E_S1_C3 test[0] k=3  dim=576  frames=69  σ=0.0  fold=7 ===
  SSC-Block-TV-Col21: k_hat=3  ACC=0.9710  NMI=0.9084  ARI=0.9128  0.1s

=== P1E_S2_C1 test[0] k=3  dim=576  frames=153  σ=0.0  fold=7 ===
  SSC-Block-TV-Col21: k_hat=3  ACC=1.0000  NMI=1.0000  ARI=1.0000  0.2s

=== P1E_S2_C2 test[0] k=3  dim=576  frames=126  σ=0.0  fold=7 ===
  SSC-Block-TV-Col21: k_hat=3  ACC=0.9841  NMI=0.9413  ARI=0.9532  0.1s

=== P1E_S2_C3 test[0] k=3  dim=576  frames=89  σ=0.0  fold=7 ===
  SSC-Block-TV-Col21: k_hat=3  ACC=0.9775  NMI=0.9109  ARI=0.9375  0.1s

=== P1E_S3_C1 test[0] k=3  dim=576  frames=112  σ=0.0  fold=7 ===
  SSC-Block-TV-Col21: k_hat=3  ACC=0.5804  NMI=0.6590  ARI=0.4608  0.1s

=== P1E_S3_C2 test[0] k=3  dim=576  frames=114  σ=0.0  fold=7 ===
  SSC-Block-TV-Col21: k_hat=3  ACC=0.9912  NMI=0.9609  ARI=0.9730  0.1s

=== P1E_S3_C3 test[0] k=3  dim=576  frames=84  σ=0.0  fold=7 ===
  SSC-Block-TV-Col21: k_hat=3  ACC=0.9881  NMI=0.9523  ARI=0.9667  0.1s

=== P1E_S4_C1 test[0] k=3  dim=576  frames=145  σ=0.0  fold=7 ===
  SSC-Block-TV-Col21: k_hat=3  ACC=1.0000  NMI=1.0000  ARI=1.0000  0.2s

=== P1E_S4_C2 test[0] k=3  dim=576  frames=110  σ=0.0  fold=7 ===
  SSC-Block-TV-Col21: k_hat=3  ACC=0.9818  NMI=0.9362  ARI=0.9514  0.1s

=== P1E_S4_C3 test[0] k=3  dim=576  frames=79  σ=0.0  fold=7 ===
  SSC-Block-TV-Col21: k_hat=3  ACC=0.9747  NMI=0.9185  ARI=0.9292  0.1s

=== P1L_S1_C1 test[0] k=3  dim=576  frames=175  σ=0.0  fold=7 ===
  SSC-Block-TV-Col21: k_hat=3  ACC=1.0000  NMI=1.0000  ARI=1.0000  0.2s

=== P1L_S1_C2 test[0] k=3  dim=576  frames=168  σ=0.0  fold=7 ===
  SSC-Block-TV-Col21: k_hat=3  ACC=1.0000  NMI=1.0000  ARI=1.0000  0.2s

=== P1L_S1_C3 test[0] k=3  dim=576  frames=75  σ=0.0  fold=7 ===
  SSC-Block-TV-Col21: k_hat=3  ACC=0.9867  NMI=0.9474  ARI=0.9569  0.1s

=== P1L_S2_C1 test[0] k=3  dim=576  frames=133  σ=0.0  fold=7 ===
  SSC-Block-TV-Col21: k_hat=3  ACC=1.0000  NMI=1.0000  ARI=1.0000  0.1s

=== P1L_S2_C2 test[0] k=3  dim=576  frames=154  σ=0.0  fold=7 ===
  SSC-Block-TV-Col21: k_hat=3  ACC=1.0000  NMI=1.0000  ARI=1.0000  0.2s

=== P1L_S2_C3 test[0] k=3  dim=576  frames=99  σ=0.0  fold=7 ===
  SSC-Block-TV-Col21: k_hat=3  ACC=0.9697  NMI=0.9066  ARI=0.9152  0.1s

=== P1L_S3_C1 test[0] k=3  dim=576  frames=134  σ=0.0  fold=7 ===
  SSC-Block-TV-Col21: k_hat=3  ACC=0.9179  NMI=0.8056  ARI=0.7598  0.1s

=== P1L_S3_C2 test[0] k=3  dim=576  frames=136  σ=0.0  fold=7 ===
  SSC-Block-TV-Col21: k_hat=3  ACC=1.0000  NMI=1.0000  ARI=1.0000  0.1s

=== P1L_S3_C3 test[0] k=3  dim=576  frames=114  σ=0.0  fold=7 ===
  SSC-Block-TV-Col21: k_hat=3  ACC=0.9912  NMI=0.9630  ARI=0.9763  0.1s

=== P1L_S4_C1 test[0] k=3  dim=576  frames=202  σ=0.0  fold=7 ===
  SSC-Block-TV-Col21: k_hat=3  ACC=0.8366  NMI=0.7438  ARI=0.6483  0.3s

=== P1L_S4_C2 test[0] k=3  dim=576  frames=153  σ=0.0  fold=7 ===
  SSC-Block-TV-Col21: k_hat=3  ACC=1.0000  NMI=1.0000  ARI=1.0000  0.2s

=== P1L_S4_C3 test[0] k=3  dim=576  frames=107  σ=0.0  fold=7 ===
  SSC-Block-TV-Col21: k_hat=3  ACC=0.9813  NMI=0.9338  ARI=0.9463  0.1s

=== inference time per method ===
  SSC-Block-TV-Col21: mean=0.1455s  std=0.0560s  total=223.5s  n=1536
wrote /nfs/turbo/umms-minjilab/lpullela/icassp_ssc_tv2/block_ssc_benchmark/cv/results/surveillance/split_k3_clean_min30_trials20_knownk_scaled_cv_ssc_block_tv_col21_k3_sigma0_timing.json

=== mean over matrices ===
  SSC-Block-TV-Col21 train σ=0.0: ACC=0.8702  NMI=0.8299  ARI=0.7681  n=1344
  SSC-Block-TV-Col21 test σ=0.0: ACC=0.8661  NMI=0.8295  ARI=0.7652  n=192

wrote /nfs/turbo/umms-minjilab/lpullela/icassp_ssc_tv2/block_ssc_benchmark/cv/results/surveillance/split_k3_clean_min30_trials20_knownk_scaled_cv_ssc_block_tv_col21_k3_sigma0.csv
end=Mon Sep  7 00:24:09 EDT 2026
Experiment completed!
