========================================
Job: cv_ssc_block_tv_col21_k5_s0p5
Method: SSC-Block-TV-Col21  k: 5  sigma: 0.5  tune_pool_groups: 20
========================================
host=gl3211.arc-ts.umich.edu  python=/home/lpullela/miniconda3/envs/ssc_559/bin/python  start=Sun Sep  6 18:11:32 EDT 2026
Loading P1E_S1_C1
  Y: (576, 1236)  people=25  frames/person=[60, 61, 50, 48, 51, 35, 41, 56, 55, 49, 65, 50, 63, 38, 61, 48, 50, 49, 50, 30, 42, 60, 32, 39, 53]  min=30
Loading P1E_S1_C2
  Y: (576, 1031)  people=25  frames/person=[42, 48, 31, 35, 50, 45, 30, 32, 38, 40, 61, 41, 47, 33, 46, 36, 41, 45, 42, 36, 33, 50, 53, 33, 43]  min=30
Loading P1E_S1_C3
  Y: (576, 453)  people=25  frames/person=[15, 22, 16, 16, 17, 13, 14, 19, 14, 25, 26, 12, 21, 18, 22, 19, 13, 19, 16, 15, 8, 15, 30, 20, 28]  min=8
  warning: 24 people have fewer than 30 available frames (kept all)
Loading P1E_S2_C1
  Y: (576, 1256)  people=25  frames/person=[65, 50, 50, 51, 53, 48, 49, 60, 33, 48, 61, 58, 52, 32, 55, 35, 45, 53, 40, 53, 51, 65, 64, 42, 43]  min=32
Loading P1E_S2_C2
  Y: (576, 1042)  people=25  frames/person=[33, 48, 38, 41, 53, 36, 39, 47, 51, 36, 55, 44, 43, 25, 42, 41, 37, 45, 41, 38, 40, 54, 49, 33, 33]  min=25
  warning: 1 people have fewer than 30 available frames (kept all)
Loading P1E_S2_C3
  Y: (576, 816)  people=25  frames/person=[36, 33, 28, 32, 42, 37, 31, 36, 31, 23, 42, 36, 35, 20, 33, 33, 32, 32, 32, 29, 32, 42, 38, 27, 24]  min=20
  warning: 6 people have fewer than 30 available frames (kept all)
Loading P1E_S3_C1
  Y: (576, 1255)  people=25  frames/person=[43, 39, 47, 52, 58, 96, 42, 31, 79, 33, 67, 55, 44, 34, 40, 48, 54, 77, 45, 41, 46, 53, 56, 38, 37]  min=31
Loading P1E_S3_C2
  Y: (576, 1126)  people=25  frames/person=[57, 56, 35, 40, 49, 75, 34, 40, 70, 26, 65, 54, 43, 28, 32, 43, 48, 31, 36, 33, 42, 71, 57, 30, 31]  min=26
  warning: 2 people have fewer than 30 available frames (kept all)
Loading P1E_S3_C3
  Y: (576, 866)  people=25  frames/person=[43, 36, 24, 33, 37, 47, 29, 37, 55, 18, 40, 40, 31, 22, 30, 39, 35, 45, 30, 28, 30, 50, 42, 20, 25]  min=18
  warning: 7 people have fewer than 30 available frames (kept all)
Loading P1E_S4_C1
  Y: (576, 1247)  people=25  frames/person=[58, 54, 34, 56, 50, 59, 50, 56, 74, 38, 75, 35, 46, 31, 53, 40, 57, 32, 56, 33, 48, 67, 59, 48, 38]  min=31
Loading P1E_S4_C2
  Y: (576, 1051)  people=25  frames/person=[37, 37, 41, 46, 41, 49, 38, 45, 65, 30, 39, 48, 50, 34, 43, 36, 47, 52, 45, 37, 38, 50, 30, 37, 36]  min=30
Loading P1E_S4_C3
  Y: (576, 719)  people=25  frames/person=[28, 29, 22, 29, 24, 36, 31, 29, 33, 25, 37, 19, 28, 21, 25, 27, 25, 41, 27, 29, 26, 31, 45, 29, 23]  min=19
  warning: 18 people have fewer than 30 available frames (kept all)
Loading P1L_S1_C1
  Y: (576, 1391)  people=25  frames/person=[65, 68, 43, 64, 47, 40, 58, 33, 75, 41, 58, 72, 58, 49, 66, 67, 65, 43, 59, 57, 58, 51, 67, 32, 55]  min=32
Loading P1L_S1_C2
  Y: (576, 1309)  people=25  frames/person=[30, 65, 37, 63, 66, 54, 52, 52, 43, 49, 71, 49, 58, 48, 54, 66, 56, 36, 48, 49, 55, 66, 52, 39, 51]  min=30
Loading P1L_S1_C3
  Y: (576, 565)  people=25  frames/person=[27, 29, 20, 26, 19, 25, 22, 12, 28, 25, 20, 25, 23, 18, 21, 23, 25, 26, 23, 21, 18, 18, 30, 18, 23]  min=12
  warning: 24 people have fewer than 30 available frames (kept all)
Loading P1L_S2_C1
  Y: (576, 1470)  people=25  frames/person=[73, 68, 53, 64, 65, 41, 73, 55, 37, 31, 82, 75, 63, 45, 34, 48, 74, 84, 71, 64, 62, 65, 48, 33, 62]  min=31
Loading P1L_S2_C2
  Y: (576, 1393)  people=25  frames/person=[64, 65, 49, 62, 69, 69, 63, 61, 80, 34, 89, 57, 53, 52, 55, 38, 30, 30, 66, 36, 57, 51, 73, 41, 49]  min=30
Loading P1L_S2_C3
  Y: (576, 897)  people=25  frames/person=[40, 36, 29, 28, 35, 37, 36, 36, 50, 28, 55, 46, 34, 31, 35, 32, 30, 48, 37, 29, 36, 39, 45, 19, 26]  min=19
  warning: 6 people have fewer than 30 available frames (kept all)
Loading P1L_S3_C1
  Y: (576, 1329)  people=25  frames/person=[31, 33, 30, 51, 74, 75, 59, 65, 66, 43, 47, 39, 65, 50, 58, 71, 67, 36, 57, 35, 62, 31, 74, 59, 51]  min=30
Loading P1L_S3_C2
  Y: (576, 1472)  people=25  frames/person=[78, 38, 48, 51, 54, 71, 61, 71, 32, 50, 75, 38, 72, 63, 48, 67, 49, 87, 52, 56, 58, 85, 73, 56, 39]  min=32
Loading P1L_S3_C3
  Y: (576, 1105)  people=25  frames/person=[48, 44, 38, 38, 39, 45, 35, 55, 52, 26, 81, 39, 36, 36, 44, 54, 42, 61, 38, 31, 34, 53, 51, 44, 41]  min=26
  warning: 1 people have fewer than 30 available frames (kept all)
Loading P1L_S4_C1
  Y: (576, 1443)  people=25  frames/person=[50, 69, 44, 41, 78, 43, 32, 71, 45, 65, 59, 39, 56, 57, 68, 69, 70, 73, 51, 63, 47, 70, 57, 52, 74]  min=32
Loading P1L_S4_C2
  Y: (576, 1327)  people=25  frames/person=[71, 34, 39, 54, 63, 67, 52, 39, 52, 56, 59, 50, 51, 53, 63, 50, 71, 63, 48, 35, 31, 71, 43, 52, 60]  min=31
Loading P1L_S4_C3
  Y: (576, 880)  people=25  frames/person=[37, 41, 23, 26, 32, 34, 22, 32, 50, 29, 38, 44, 31, 34, 37, 39, 39, 39, 38, 26, 25, 50, 41, 33, 40]  min=22
  warning: 6 people have fewer than 30 available frames (kept all)
sequences=24  people=25  k=5
frames/person ~ Unif[30, 100]
down_hw=24  sigmas=(0.5,)  n_trials=20  known_k=True  csv=split_k5_sigmas_min30_trials20_knownk_cv_ssc_block_tv_col21_k5_sigma0p5.csv
SSC-Block-TV block_size searched in [2, 12]
CV mode: 5 folds of size 5, each rotated as test
  group 0: ['0006', '0013', '0014', '0022', '0027']
  group 1: ['0004', '0009', '0019', '0025', '0026']
  group 2: ['0001', '0005', '0011', '0023', '0024']
  group 3: ['0007', '0010', '0015', '0016', '0021']
  group 4: ['0003', '0012', '0017', '0018', '0020']
methods=['SSC-Block-TV-Col21']  append=False  hetero_noise=False  no_tune=False
  tune_pool_groups=20: sampling from 20 held-in people (overlap allowed) instead of the 4 fixed partition group(s)

============================================================
σ=0.5 fold=0  test=['0006', '0013', '0014', '0022', '0027']  train mats=96  test mats=24  tune mats=480
  --- tune SSC-Block-TV-Col21 over 480 train mats  n_trials=40 (4 params) ---
  SSC-Block-TV-Col21 trial 0: mean ARI=0.3699  n=480  175.7s  lambda_e=1, lambda_z=0.1, gamma_q=0.1, block_size=5
  SSC-Block-TV-Col21 trial 1: mean ARI=0.3588  n=480  172.4s  lambda_e=0.443, lambda_z=0.7257, gamma_q=0.2577, block_size=7
  SSC-Block-TV-Col21 trial 2: mean ARI=0.4066  n=480  171.9s  lambda_e=0.1866, lambda_z=0.3833, gamma_q=0.05628, block_size=11
  SSC-Block-TV-Col21 trial 3: mean ARI=0.3728  n=480  173.6s  lambda_e=7.78, lambda_z=0.03418, gamma_q=1.469, block_size=7
  SSC-Block-TV-Col21 trial 4: mean ARI=0.5361  n=480  184.3s  lambda_e=0.506, lambda_z=5.039, gamma_q=0.001924, block_size=2
  SSC-Block-TV-Col21 trial 5: mean ARI=0.3168  n=480  171.3s  lambda_e=0.0115, lambda_z=2.14, gamma_q=1.296, block_size=11
  SSC-Block-TV-Col21 trial 6: mean ARI=0.3972  n=480  170.9s  lambda_e=8.627, lambda_z=1.573, gamma_q=0.07013, block_size=10
  SSC-Block-TV-Col21 trial 7: mean ARI=0.5868  n=480  171.6s  lambda_e=0.02264, lambda_z=0.3628, gamma_q=0.003745, block_size=12
  SSC-Block-TV-Col21 trial 8: mean ARI=0.5601  n=480  172.3s  lambda_e=0.3677, lambda_z=0.04557, gamma_q=0.01143, block_size=10
  SSC-Block-TV-Col21 trial 9: mean ARI=0.5336  n=480  172.5s  lambda_e=0.2336, lambda_z=0.1878, gamma_q=0.001189, block_size=8
  SSC-Block-TV-Col21 trial 10: mean ARI=0.3886  n=480  192.2s  lambda_e=0.01151, lambda_z=0.001661, gamma_q=6.473, block_size=2
  SSC-Block-TV-Col21 trial 11: mean ARI=0.5783  n=480  175.4s  lambda_e=0.06092, lambda_z=0.01492, gamma_q=0.01117, block_size=12
  SSC-Block-TV-Col21 trial 12: mean ARI=0.5934  n=480  170.4s  lambda_e=0.03813, lambda_z=0.00583, gamma_q=0.007807, block_size=12
  SSC-Block-TV-Col21 trial 13: mean ARI=0.5786  n=480  170.8s  lambda_e=0.04002, lambda_z=0.002743, gamma_q=0.00657, block_size=12
  SSC-Block-TV-Col21 trial 14: mean ARI=0.6387  n=480  170.7s  lambda_e=0.04355, lambda_z=0.005487, gamma_q=0.005404, block_size=9
  SSC-Block-TV-Col21 trial 15: mean ARI=0.4905  n=480  172.2s  lambda_e=0.09427, lambda_z=0.005633, gamma_q=0.01881, block_size=9
  SSC-Block-TV-Col21 trial 16: mean ARI=0.4839  n=480  174.9s  lambda_e=0.0317, lambda_z=0.007105, gamma_q=0.02235, block_size=5
  SSC-Block-TV-Col21 trial 17: mean ARI=0.5838  n=480  172.5s  lambda_e=0.1058, lambda_z=0.001319, gamma_q=0.003898, block_size=9
  SSC-Block-TV-Col21 trial 18: mean ARI=0.4703  n=480  176.2s  lambda_e=1.931, lambda_z=0.02103, gamma_q=0.02865, block_size=5
  SSC-Block-TV-Col21 trial 19: mean ARI=0.4705  n=480  174.3s  lambda_e=0.02137, lambda_z=0.005239, gamma_q=0.2784, block_size=7
  SSC-Block-TV-Col21 trial 20: mean ARI=0.7157  n=480  172.1s  lambda_e=0.08103, lambda_z=0.01082, gamma_q=0.001001, block_size=10
  SSC-Block-TV-Col21 trial 21: mean ARI=0.7101  n=480  172.1s  lambda_e=0.06746, lambda_z=0.01166, gamma_q=0.001057, block_size=10
  SSC-Block-TV-Col21 trial 22: mean ARI=0.7096  n=480  173.1s  lambda_e=0.1069, lambda_z=0.01329, gamma_q=0.001013, block_size=9
  SSC-Block-TV-Col21 trial 23: mean ARI=0.5949  n=480  171.8s  lambda_e=0.1095, lambda_z=0.06681, gamma_q=0.001035, block_size=10
  SSC-Block-TV-Col21 trial 24: mean ARI=0.6941  n=480  173.5s  lambda_e=0.07533, lambda_z=0.01614, gamma_q=0.00223, block_size=8
  SSC-Block-TV-Col21 trial 25: mean ARI=0.6958  n=480  171.7s  lambda_e=0.1713, lambda_z=0.01276, gamma_q=0.002112, block_size=11
  SSC-Block-TV-Col21 trial 26: mean ARI=0.6602  n=480  174.3s  lambda_e=0.1498, lambda_z=0.03061, gamma_q=0.001033, block_size=8
  SSC-Block-TV-Col21 trial 27: mean ARI=0.6534  n=480  172.4s  lambda_e=0.8709, lambda_z=0.002682, gamma_q=0.002774, block_size=10
  SSC-Block-TV-Col21 trial 28: mean ARI=0.6084  n=480  177.1s  lambda_e=0.2709, lambda_z=0.08954, gamma_q=0.001804, block_size=6
  SSC-Block-TV-Col21 trial 29: mean ARI=0.6843  n=480  174.9s  lambda_e=0.06054, lambda_z=0.01138, gamma_q=0.003872, block_size=9
  SSC-Block-TV-Col21 trial 30: mean ARI=0.7110  n=480  172.5s  lambda_e=1.84, lambda_z=0.002812, gamma_q=0.001092, block_size=11
  SSC-Block-TV-Col21 trial 31: mean ARI=0.7067  n=480  172.9s  lambda_e=1.619, lambda_z=0.002778, gamma_q=0.001212, block_size=11
  SSC-Block-TV-Col21 trial 32: mean ARI=0.6180  n=480  176.9s  lambda_e=5.126, lambda_z=0.001047, gamma_q=0.001796, block_size=10
  SSC-Block-TV-Col21 trial 33: mean ARI=0.6949  n=480  180.5s  lambda_e=0.5667, lambda_z=0.00921, gamma_q=0.003057, block_size=11
  SSC-Block-TV-Col21 trial 34: mean ARI=0.6769  n=480  181.9s  lambda_e=4.951, lambda_z=0.02346, gamma_q=0.001055, block_size=9
  SSC-Block-TV-Col21 trial 35: mean ARI=0.6098  n=480  182.3s  lambda_e=1.833, lambda_z=0.003438, gamma_q=0.005566, block_size=8
  SSC-Block-TV-Col21 trial 36: mean ARI=0.6926  n=480  198.3s  lambda_e=0.8029, lambda_z=0.04864, gamma_q=0.00175, block_size=3
  SSC-Block-TV-Col21 trial 37: mean ARI=0.6209  n=480  200.2s  lambda_e=0.02319, lambda_z=0.1814, gamma_q=0.003066, block_size=10
  SSC-Block-TV-Col21 trial 38: mean ARI=0.5256  n=480  198.8s  lambda_e=2.564, lambda_z=0.001676, gamma_q=0.00977, block_size=11
  SSC-Block-TV-Col21 trial 39: mean ARI=0.7119  n=480  198.8s  lambda_e=0.347, lambda_z=0.009593, gamma_q=0.001686, block_size=10
    best mean ARI=0.7157  tune 7082.4s  lambda_e=0.08103, lambda_z=0.01082, gamma_q=0.001001, block_size=10
  wrote /nfs/turbo/umms-minjilab/lpullela/icassp_ssc_tv2/block_ssc_benchmark/cv/params/surveillance/split_k5_sigmas_min30_trials20_params_knownk_cv_ssc_block_tv_col21_k5_sigma0p5_sigma0.5_fold0.json

=== P1E_S1_C1 train[0] k=5  dim=576  frames=212  σ=0.5  fold=0 ===
  SSC-Block-TV-Col21: k_hat=5  ACC=0.9858  NMI=0.9671  ARI=0.9634  0.4s

=== P1E_S1_C1 train[1] k=5  dim=576  frames=265  σ=0.5  fold=0 ===
  SSC-Block-TV-Col21: k_hat=5  ACC=0.4792  NMI=0.6758  ARI=0.3862  0.6s

=== P1E_S1_C1 train[2] k=5  dim=576  frames=242  σ=0.5  fold=0 ===
  SSC-Block-TV-Col21: k_hat=5  ACC=0.6653  NMI=0.7410  ARI=0.5654  0.4s

=== P1E_S1_C1 train[3] k=5  dim=576  frames=268  σ=0.5  fold=0 ===
  SSC-Block-TV-Col21: k_hat=5  ACC=0.5858  NMI=0.6882  ARI=0.4417  0.5s

=== P1E_S1_C2 train[0] k=5  dim=576  frames=188  σ=0.5  fold=0 ===
  SSC-Block-TV-Col21: k_hat=5  ACC=0.9628  NMI=0.9319  ARI=0.8956  0.3s

=== P1E_S1_C2 train[1] k=5  dim=576  frames=198  σ=0.5  fold=0 ===
  SSC-Block-TV-Col21: k_hat=5  ACC=0.6566  NMI=0.6901  ARI=0.5097  0.3s

=== P1E_S1_C2 train[2] k=5  dim=576  frames=199  σ=0.5  fold=0 ===
  SSC-Block-TV-Col21: k_hat=5  ACC=0.6734  NMI=0.7706  ARI=0.6155  0.3s

=== P1E_S1_C2 train[3] k=5  dim=576  frames=215  σ=0.5  fold=0 ===
  SSC-Block-TV-Col21: k_hat=5  ACC=0.9767  NMI=0.9397  ARI=0.9455  0.4s

=== P1E_S1_C3 train[0] k=5  dim=576  frames=93  σ=0.5  fold=0 ===
  SSC-Block-TV-Col21: k_hat=5  ACC=0.9677  NMI=0.9304  ARI=0.9254  0.1s

=== P1E_S1_C3 train[1] k=5  dim=576  frames=68  σ=0.5  fold=0 ===
  SSC-Block-TV-Col21: k_hat=5  ACC=0.5882  NMI=0.6266  ARI=0.3764  0.1s

=== P1E_S1_C3 train[2] k=5  dim=576  frames=87  σ=0.5  fold=0 ===
  SSC-Block-TV-Col21: k_hat=5  ACC=0.4253  NMI=0.4740  ARI=0.1965  0.1s

=== P1E_S1_C3 train[3] k=5  dim=576  frames=107  σ=0.5  fold=0 ===
  SSC-Block-TV-Col21: k_hat=5  ACC=0.7757  NMI=0.7930  ARI=0.6949  0.1s

=== P1E_S2_C1 train[0] k=5  dim=576  frames=250  σ=0.5  fold=0 ===
  SSC-Block-TV-Col21: k_hat=5  ACC=0.9400  NMI=0.9199  ARI=0.8836  0.5s

=== P1E_S2_C1 train[1] k=5  dim=576  frames=265  σ=0.5  fold=0 ===
  SSC-Block-TV-Col21: k_hat=5  ACC=0.5170  NMI=0.6695  ARI=0.4130  0.5s

=== P1E_S2_C1 train[2] k=5  dim=576  frames=232  σ=0.5  fold=0 ===
  SSC-Block-TV-Col21: k_hat=5  ACC=0.6164  NMI=0.7456  ARI=0.5370  0.4s

=== P1E_S2_C1 train[3] k=5  dim=576  frames=241  σ=0.5  fold=0 ===
  SSC-Block-TV-Col21: k_hat=5  ACC=0.8589  NMI=0.8765  ARI=0.7928  0.5s

=== P1E_S2_C2 train[0] k=5  dim=576  frames=196  σ=0.5  fold=0 ===
  SSC-Block-TV-Col21: k_hat=5  ACC=0.9133  NMI=0.8515  ARI=0.7949  0.3s

=== P1E_S2_C2 train[1] k=5  dim=576  frames=219  σ=0.5  fold=0 ===
  SSC-Block-TV-Col21: k_hat=5  ACC=0.9269  NMI=0.8636  ARI=0.8274  0.4s

=== P1E_S2_C2 train[2] k=5  dim=576  frames=192  σ=0.5  fold=0 ===
  SSC-Block-TV-Col21: k_hat=5  ACC=0.7448  NMI=0.7715  ARI=0.6278  0.3s

=== P1E_S2_C2 train[3] k=5  dim=576  frames=212  σ=0.5  fold=0 ===
  SSC-Block-TV-Col21: k_hat=5  ACC=0.9340  NMI=0.8870  ARI=0.8528  0.4s

=== P1E_S2_C3 train[0] k=5  dim=576  frames=156  σ=0.5  fold=0 ===
  SSC-Block-TV-Col21: k_hat=5  ACC=0.9744  NMI=0.9417  ARI=0.9361  0.2s

=== P1E_S2_C3 train[1] k=5  dim=576  frames=173  σ=0.5  fold=0 ===
  SSC-Block-TV-Col21: k_hat=5  ACC=0.6705  NMI=0.7165  ARI=0.5561  0.3s

=== P1E_S2_C3 train[2] k=5  dim=576  frames=160  σ=0.5  fold=0 ===
  SSC-Block-TV-Col21: k_hat=5  ACC=0.8313  NMI=0.8513  ARI=0.7760  0.2s

=== P1E_S2_C3 train[3] k=5  dim=576  frames=154  σ=0.5  fold=0 ===
  SSC-Block-TV-Col21: k_hat=5  ACC=0.9805  NMI=0.9532  ARI=0.9572  0.2s

=== P1E_S3_C1 train[0] k=5  dim=576  frames=237  σ=0.5  fold=0 ===
  SSC-Block-TV-Col21: k_hat=5  ACC=0.8481  NMI=0.8285  ARI=0.7316  0.4s

=== P1E_S3_C1 train[1] k=5  dim=576  frames=273  σ=0.5  fold=0 ===
  SSC-Block-TV-Col21: k_hat=5  ACC=0.5238  NMI=0.6630  ARI=0.3719  0.6s

=== P1E_S3_C1 train[2] k=5  dim=576  frames=250  σ=0.5  fold=0 ===
  SSC-Block-TV-Col21: k_hat=5  ACC=0.6400  NMI=0.6814  ARI=0.5010  0.5s

=== P1E_S3_C1 train[3] k=5  dim=576  frames=237  σ=0.5  fold=0 ===
  SSC-Block-TV-Col21: k_hat=5  ACC=0.5949  NMI=0.7154  ARI=0.5116  0.4s

=== P1E_S3_C2 train[0] k=5  dim=576  frames=204  σ=0.5  fold=0 ===
  SSC-Block-TV-Col21: k_hat=5  ACC=0.9167  NMI=0.8469  ARI=0.8302  0.3s

=== P1E_S3_C2 train[1] k=5  dim=576  frames=280  σ=0.5  fold=0 ===
  SSC-Block-TV-Col21: k_hat=5  ACC=0.5750  NMI=0.6620  ARI=0.4443  0.5s

=== P1E_S3_C2 train[2] k=5  dim=576  frames=222  σ=0.5  fold=0 ===
  SSC-Block-TV-Col21: k_hat=5  ACC=0.7117  NMI=0.7632  ARI=0.5861  0.4s

=== P1E_S3_C2 train[3] k=5  dim=576  frames=188  σ=0.5  fold=0 ===
  SSC-Block-TV-Col21: k_hat=5  ACC=0.9255  NMI=0.8936  ARI=0.8499  0.3s

=== P1E_S3_C3 train[0] k=5  dim=576  frames=150  σ=0.5  fold=0 ===
  SSC-Block-TV-Col21: k_hat=5  ACC=0.9933  NMI=0.9815  ARI=0.9835  0.2s

=== P1E_S3_C3 train[1] k=5  dim=576  frames=211  σ=0.5  fold=0 ===
  SSC-Block-TV-Col21: k_hat=5  ACC=0.7204  NMI=0.8364  ARI=0.6883  0.4s

=== P1E_S3_C3 train[2] k=5  dim=576  frames=167  σ=0.5  fold=0 ===
  SSC-Block-TV-Col21: k_hat=5  ACC=0.7305  NMI=0.8704  ARI=0.7379  0.3s

=== P1E_S3_C3 train[3] k=5  dim=576  frames=168  σ=0.5  fold=0 ===
  SSC-Block-TV-Col21: k_hat=5  ACC=0.9405  NMI=0.9039  ARI=0.8730  0.2s

=== P1E_S4_C1 train[0] k=5  dim=576  frames=248  σ=0.5  fold=0 ===
  SSC-Block-TV-Col21: k_hat=5  ACC=0.7702  NMI=0.8203  ARI=0.7139  0.5s

=== P1E_S4_C1 train[1] k=5  dim=576  frames=303  σ=0.5  fold=0 ===
  SSC-Block-TV-Col21: k_hat=5  ACC=0.7096  NMI=0.7220  ARI=0.5270  0.7s

=== P1E_S4_C1 train[2] k=5  dim=576  frames=248  σ=0.5  fold=0 ===
  SSC-Block-TV-Col21: k_hat=5  ACC=0.7258  NMI=0.7742  ARI=0.6203  0.5s

=== P1E_S4_C1 train[3] k=5  dim=576  frames=217  σ=0.5  fold=0 ===
  SSC-Block-TV-Col21: k_hat=5  ACC=0.6959  NMI=0.7402  ARI=0.6013  0.4s

=== P1E_S4_C2 train[0] k=5  dim=576  frames=193  σ=0.5  fold=0 ===
  SSC-Block-TV-Col21: k_hat=5  ACC=0.9482  NMI=0.9013  ARI=0.8918  0.3s

=== P1E_S4_C2 train[1] k=5  dim=576  frames=236  σ=0.5  fold=0 ===
  SSC-Block-TV-Col21: k_hat=5  ACC=0.7585  NMI=0.7261  ARI=0.5215  0.4s

=== P1E_S4_C2 train[2] k=5  dim=576  frames=223  σ=0.5  fold=0 ===
  SSC-Block-TV-Col21: k_hat=5  ACC=0.7265  NMI=0.8148  ARI=0.6784  0.4s

=== P1E_S4_C2 train[3] k=5  dim=576  frames=198  σ=0.5  fold=0 ===
  SSC-Block-TV-Col21: k_hat=5  ACC=0.9141  NMI=0.8763  ARI=0.8234  0.3s

=== P1E_S4_C3 train[0] k=5  dim=576  frames=152  σ=0.5  fold=0 ===
  SSC-Block-TV-Col21: k_hat=5  ACC=0.9605  NMI=0.9086  ARI=0.9110  0.2s

=== P1E_S4_C3 train[1] k=5  dim=576  frames=147  σ=0.5  fold=0 ===
  SSC-Block-TV-Col21: k_hat=5  ACC=0.5374  NMI=0.5662  ARI=0.3462  0.2s

=== P1E_S4_C3 train[2] k=5  dim=576  frames=141  σ=0.5  fold=0 ===
  SSC-Block-TV-Col21: k_hat=5  ACC=0.5177  NMI=0.7312  ARI=0.5284  0.2s

=== P1E_S4_C3 train[3] k=5  dim=576  frames=147  σ=0.5  fold=0 ===
  SSC-Block-TV-Col21: k_hat=5  ACC=0.5442  NMI=0.7244  ARI=0.5259  0.2s

=== P1L_S1_C1 train[0] k=5  dim=576  frames=265  σ=0.5  fold=0 ===
  SSC-Block-TV-Col21: k_hat=5  ACC=0.9962  NMI=0.9882  ARI=0.9914  0.6s

=== P1L_S1_C1 train[1] k=5  dim=576  frames=313  σ=0.5  fold=0 ===
  SSC-Block-TV-Col21: k_hat=5  ACC=0.8243  NMI=0.8557  ARI=0.7326  0.7s

=== P1L_S1_C1 train[2] k=5  dim=576  frames=239  σ=0.5  fold=0 ===
  SSC-Block-TV-Col21: k_hat=5  ACC=0.9079  NMI=0.9138  ARI=0.8817  0.5s

=== P1L_S1_C1 train[3] k=5  dim=576  frames=285  σ=0.5  fold=0 ===
  SSC-Block-TV-Col21: k_hat=5  ACC=0.6877  NMI=0.7273  ARI=0.5013  0.6s

=== P1L_S1_C2 train[0] k=5  dim=576  frames=236  σ=0.5  fold=0 ===
  SSC-Block-TV-Col21: k_hat=5  ACC=0.8686  NMI=0.8733  ARI=0.7470  0.4s

=== P1L_S1_C2 train[1] k=5  dim=576  frames=257  σ=0.5  fold=0 ===
  SSC-Block-TV-Col21: k_hat=5  ACC=0.6031  NMI=0.6741  ARI=0.4688  0.5s

=== P1L_S1_C2 train[2] k=5  dim=576  frames=260  σ=0.5  fold=0 ===
  SSC-Block-TV-Col21: k_hat=5  ACC=0.6115  NMI=0.7587  ARI=0.5687  0.5s

=== P1L_S1_C2 train[3] k=5  dim=576  frames=270  σ=0.5  fold=0 ===
  SSC-Block-TV-Col21: k_hat=5  ACC=0.6444  NMI=0.7159  ARI=0.5465  0.6s

=== P1L_S1_C3 train[0] k=5  dim=576  frames=115  σ=0.5  fold=0 ===
  SSC-Block-TV-Col21: k_hat=5  ACC=0.7043  NMI=0.8154  ARI=0.6469  0.1s

=== P1L_S1_C3 train[1] k=5  dim=576  frames=117  σ=0.5  fold=0 ===
  SSC-Block-TV-Col21: k_hat=5  ACC=0.7009  NMI=0.7236  ARI=0.5056  0.2s

=== P1L_S1_C3 train[2] k=5  dim=576  frames=101  σ=0.5  fold=0 ===
  SSC-Block-TV-Col21: k_hat=5  ACC=0.7525  NMI=0.7937  ARI=0.6527  0.1s

=== P1L_S1_C3 train[3] k=5  dim=576  frames=124  σ=0.5  fold=0 ===
  SSC-Block-TV-Col21: k_hat=5  ACC=0.9758  NMI=0.9431  ARI=0.9390  0.2s

=== P1L_S2_C1 train[0] k=5  dim=576  frames=281  σ=0.5  fold=0 ===
  SSC-Block-TV-Col21: k_hat=5  ACC=0.9253  NMI=0.9021  ARI=0.8382  0.6s

=== P1L_S2_C1 train[1] k=5  dim=576  frames=301  σ=0.5  fold=0 ===
  SSC-Block-TV-Col21: k_hat=5  ACC=0.6645  NMI=0.7347  ARI=0.5211  0.7s

=== P1L_S2_C1 train[2] k=5  dim=576  frames=275  σ=0.5  fold=0 ===
  SSC-Block-TV-Col21: k_hat=5  ACC=0.9055  NMI=0.8905  ARI=0.8486  0.6s

=== P1L_S2_C1 train[3] k=5  dim=576  frames=265  σ=0.5  fold=0 ===
  SSC-Block-TV-Col21: k_hat=5  ACC=0.9925  NMI=0.9781  ARI=0.9787  0.5s

=== P1L_S2_C2 train[0] k=5  dim=576  frames=256  σ=0.5  fold=0 ===
  SSC-Block-TV-Col21: k_hat=5  ACC=0.9180  NMI=0.9033  ARI=0.8398  0.6s

=== P1L_S2_C2 train[1] k=5  dim=576  frames=314  σ=0.5  fold=0 ===
  SSC-Block-TV-Col21: k_hat=5  ACC=0.8726  NMI=0.8189  ARI=0.7253  0.7s

=== P1L_S2_C2 train[2] k=5  dim=576  frames=301  σ=0.5  fold=0 ===
  SSC-Block-TV-Col21: k_hat=5  ACC=0.7807  NMI=0.7770  ARI=0.6095  0.7s

=== P1L_S2_C2 train[3] k=5  dim=576  frames=222  σ=0.5  fold=0 ===
  SSC-Block-TV-Col21: k_hat=5  ACC=0.9685  NMI=0.9344  ARI=0.9266  0.4s

=== P1L_S2_C3 train[0] k=5  dim=576  frames=159  σ=0.5  fold=0 ===
  SSC-Block-TV-Col21: k_hat=5  ACC=0.9937  NMI=0.9825  ARI=0.9849  0.2s

=== P1L_S2_C3 train[1] k=5  dim=576  frames=193  σ=0.5  fold=0 ===
  SSC-Block-TV-Col21: k_hat=5  ACC=0.7617  NMI=0.7915  ARI=0.6446  0.3s

=== P1L_S2_C3 train[2] k=5  dim=576  frames=175  σ=0.5  fold=0 ===
  SSC-Block-TV-Col21: k_hat=5  ACC=0.8286  NMI=0.8089  ARI=0.6838  0.3s

=== P1L_S2_C3 train[3] k=5  dim=576  frames=179  σ=0.5  fold=0 ===
  SSC-Block-TV-Col21: k_hat=5  ACC=0.9721  NMI=0.9305  ARI=0.9358  0.3s

=== P1L_S3_C1 train[0] k=5  dim=576  frames=289  σ=0.5  fold=0 ===
  SSC-Block-TV-Col21: k_hat=5  ACC=0.7785  NMI=0.8249  ARI=0.7379  0.6s

=== P1L_S3_C1 train[1] k=5  dim=576  frames=241  σ=0.5  fold=0 ===
  SSC-Block-TV-Col21: k_hat=5  ACC=0.9170  NMI=0.8322  ARI=0.8069  0.5s

=== P1L_S3_C1 train[2] k=5  dim=576  frames=312  σ=0.5  fold=0 ===
  SSC-Block-TV-Col21: k_hat=5  ACC=0.7468  NMI=0.7699  ARI=0.5932  0.6s

=== P1L_S3_C1 train[3] k=5  dim=576  frames=241  σ=0.5  fold=0 ===
  SSC-Block-TV-Col21: k_hat=5  ACC=0.8257  NMI=0.8396  ARI=0.7089  0.5s

=== P1L_S3_C2 train[0] k=5  dim=576  frames=287  σ=0.5  fold=0 ===
  SSC-Block-TV-Col21: k_hat=5  ACC=0.9930  NMI=0.9808  ARI=0.9819  0.6s

=== P1L_S3_C2 train[1] k=5  dim=576  frames=304  σ=0.5  fold=0 ===
  SSC-Block-TV-Col21: k_hat=5  ACC=0.5000  NMI=0.6320  ARI=0.3767  0.6s

=== P1L_S3_C2 train[2] k=5  dim=576  frames=329  σ=0.5  fold=0 ===
  SSC-Block-TV-Col21: k_hat=5  ACC=0.5866  NMI=0.6416  ARI=0.4299  0.8s

=== P1L_S3_C2 train[3] k=5  dim=576  frames=290  σ=0.5  fold=0 ===
  SSC-Block-TV-Col21: k_hat=5  ACC=0.6793  NMI=0.7753  ARI=0.5830  0.6s

=== P1L_S3_C3 train[0] k=5  dim=576  frames=210  σ=0.5  fold=0 ===
  SSC-Block-TV-Col21: k_hat=5  ACC=0.9667  NMI=0.9399  ARI=0.9150  0.3s

=== P1L_S3_C3 train[1] k=5  dim=576  frames=225  σ=0.5  fold=0 ===
  SSC-Block-TV-Col21: k_hat=5  ACC=0.8044  NMI=0.7826  ARI=0.6197  0.4s

=== P1L_S3_C3 train[2] k=5  dim=576  frames=210  σ=0.5  fold=0 ===
  SSC-Block-TV-Col21: k_hat=5  ACC=0.8000  NMI=0.7466  ARI=0.6010  0.3s

=== P1L_S3_C3 train[3] k=5  dim=576  frames=229  σ=0.5  fold=0 ===
  SSC-Block-TV-Col21: k_hat=5  ACC=0.9913  NMI=0.9788  ARI=0.9843  0.4s

=== P1L_S4_C1 train[0] k=5  dim=576  frames=255  σ=0.5  fold=0 ===
  SSC-Block-TV-Col21: k_hat=5  ACC=0.9882  NMI=0.9698  ARI=0.9652  0.5s

=== P1L_S4_C1 train[1] k=5  dim=576  frames=253  σ=0.5  fold=0 ===
  SSC-Block-TV-Col21: k_hat=5  ACC=0.8854  NMI=0.8538  ARI=0.7646  0.5s

=== P1L_S4_C1 train[2] k=5  dim=576  frames=278  σ=0.5  fold=0 ===
  SSC-Block-TV-Col21: k_hat=5  ACC=0.8201  NMI=0.8847  ARI=0.7611  0.6s

=== P1L_S4_C1 train[3] k=5  dim=576  frames=344  σ=0.5  fold=0 ===
  SSC-Block-TV-Col21: k_hat=5  ACC=0.9942  NMI=0.9837  ARI=0.9859  0.8s

=== P1L_S4_C2 train[0] k=5  dim=576  frames=257  σ=0.5  fold=0 ===
  SSC-Block-TV-Col21: k_hat=5  ACC=0.9961  NMI=0.9877  ARI=0.9895  0.5s

=== P1L_S4_C2 train[1] k=5  dim=576  frames=279  σ=0.5  fold=0 ===
  SSC-Block-TV-Col21: k_hat=5  ACC=0.9498  NMI=0.8982  ARI=0.8930  0.6s

=== P1L_S4_C2 train[2] k=5  dim=576  frames=258  σ=0.5  fold=0 ===
  SSC-Block-TV-Col21: k_hat=5  ACC=0.6783  NMI=0.7659  ARI=0.5961  0.5s

=== P1L_S4_C2 train[3] k=5  dim=576  frames=266  σ=0.5  fold=0 ===
  SSC-Block-TV-Col21: k_hat=5  ACC=0.9211  NMI=0.8562  ARI=0.8233  0.5s

=== P1L_S4_C3 train[0] k=5  dim=576  frames=158  σ=0.5  fold=0 ===
  SSC-Block-TV-Col21: k_hat=5  ACC=0.9937  NMI=0.9815  ARI=0.9821  0.2s

=== P1L_S4_C3 train[1] k=5  dim=576  frames=188  σ=0.5  fold=0 ===
  SSC-Block-TV-Col21: k_hat=5  ACC=0.8245  NMI=0.8594  ARI=0.7551  0.3s

=== P1L_S4_C3 train[2] k=5  dim=576  frames=169  σ=0.5  fold=0 ===
  SSC-Block-TV-Col21: k_hat=5  ACC=0.7041  NMI=0.7919  ARI=0.6255  0.3s

=== P1L_S4_C3 train[3] k=5  dim=576  frames=185  σ=0.5  fold=0 ===
  SSC-Block-TV-Col21: k_hat=5  ACC=0.9568  NMI=0.9135  ARI=0.8962  0.3s

=== P1E_S1_C1 test[0] k=5  dim=576  frames=249  σ=0.5  fold=0 ===
  SSC-Block-TV-Col21: k_hat=5  ACC=0.7349  NMI=0.8242  ARI=0.6596  0.5s

=== P1E_S1_C2 test[0] k=5  dim=576  frames=231  σ=0.5  fold=0 ===
  SSC-Block-TV-Col21: k_hat=5  ACC=0.9134  NMI=0.8484  ARI=0.7917  0.4s

=== P1E_S1_C3 test[0] k=5  dim=576  frames=98  σ=0.5  fold=0 ===
  SSC-Block-TV-Col21: k_hat=5  ACC=0.6837  NMI=0.7218  ARI=0.5423  0.1s

=== P1E_S2_C1 test[0] k=5  dim=576  frames=268  σ=0.5  fold=0 ===
  SSC-Block-TV-Col21: k_hat=5  ACC=0.6455  NMI=0.6923  ARI=0.5331  0.5s

=== P1E_S2_C2 test[0] k=5  dim=576  frames=223  σ=0.5  fold=0 ===
  SSC-Block-TV-Col21: k_hat=5  ACC=0.9193  NMI=0.8663  ARI=0.8136  0.4s

=== P1E_S2_C3 test[0] k=5  dim=576  frames=173  σ=0.5  fold=0 ===
  SSC-Block-TV-Col21: k_hat=5  ACC=0.9595  NMI=0.9142  ARI=0.8958  0.3s

=== P1E_S3_C1 test[0] k=5  dim=576  frames=258  σ=0.5  fold=0 ===
  SSC-Block-TV-Col21: k_hat=5  ACC=0.6008  NMI=0.6163  ARI=0.4154  0.5s

=== P1E_S3_C2 test[0] k=5  dim=576  frames=232  σ=0.5  fold=0 ===
  SSC-Block-TV-Col21: k_hat=5  ACC=0.8836  NMI=0.8707  ARI=0.7425  0.4s

=== P1E_S3_C3 test[0] k=5  dim=576  frames=170  σ=0.5  fold=0 ===
  SSC-Block-TV-Col21: k_hat=5  ACC=0.9765  NMI=0.9512  ARI=0.9345  0.3s

=== P1E_S4_C1 test[0] k=5  dim=576  frames=231  σ=0.5  fold=0 ===
  SSC-Block-TV-Col21: k_hat=5  ACC=0.7835  NMI=0.8516  ARI=0.6801  0.4s

=== P1E_S4_C2 test[0] k=5  dim=576  frames=201  σ=0.5  fold=0 ===
  SSC-Block-TV-Col21: k_hat=5  ACC=0.9303  NMI=0.8764  ARI=0.8351  0.4s

=== P1E_S4_C3 test[0] k=5  dim=576  frames=132  σ=0.5  fold=0 ===
  SSC-Block-TV-Col21: k_hat=5  ACC=0.8182  NMI=0.7495  ARI=0.6290  0.2s

=== P1L_S1_C1 test[0] k=5  dim=576  frames=289  σ=0.5  fold=0 ===
  SSC-Block-TV-Col21: k_hat=5  ACC=0.7578  NMI=0.8693  ARI=0.7311  0.6s

=== P1L_S1_C2 test[0] k=5  dim=576  frames=286  σ=0.5  fold=0 ===
  SSC-Block-TV-Col21: k_hat=5  ACC=0.8497  NMI=0.8640  ARI=0.7141  0.6s

=== P1L_S1_C3 test[0] k=5  dim=576  frames=108  σ=0.5  fold=0 ===
  SSC-Block-TV-Col21: k_hat=5  ACC=0.6667  NMI=0.7608  ARI=0.5509  0.1s

=== P1L_S2_C1 test[0] k=5  dim=576  frames=348  σ=0.5  fold=0 ===
  SSC-Block-TV-Col21: k_hat=5  ACC=0.7385  NMI=0.7667  ARI=0.6031  0.8s

=== P1L_S2_C2 test[0] k=5  dim=576  frames=300  σ=0.5  fold=0 ===
  SSC-Block-TV-Col21: k_hat=5  ACC=0.8000  NMI=0.7244  ARI=0.5473  0.6s

=== P1L_S2_C3 test[0] k=5  dim=576  frames=191  σ=0.5  fold=0 ===
  SSC-Block-TV-Col21: k_hat=5  ACC=0.8691  NMI=0.8601  ARI=0.7100  0.3s

=== P1L_S3_C1 test[0] k=5  dim=576  frames=246  σ=0.5  fold=0 ===
  SSC-Block-TV-Col21: k_hat=5  ACC=0.6179  NMI=0.7007  ARI=0.5044  0.5s

=== P1L_S3_C2 test[0] k=5  dim=576  frames=262  σ=0.5  fold=0 ===
  SSC-Block-TV-Col21: k_hat=5  ACC=0.9275  NMI=0.8813  ARI=0.8327  0.5s

=== P1L_S3_C3 test[0] k=5  dim=576  frames=231  σ=0.5  fold=0 ===
  SSC-Block-TV-Col21: k_hat=5  ACC=0.9351  NMI=0.9018  ARI=0.8265  0.4s

=== P1L_S4_C1 test[0] k=5  dim=576  frames=313  σ=0.5  fold=0 ===
  SSC-Block-TV-Col21: k_hat=5  ACC=0.7700  NMI=0.8337  ARI=0.7436  0.7s

=== P1L_S4_C2 test[0] k=5  dim=576  frames=267  σ=0.5  fold=0 ===
  SSC-Block-TV-Col21: k_hat=5  ACC=0.8390  NMI=0.8115  ARI=0.6676  0.6s

=== P1L_S4_C3 test[0] k=5  dim=576  frames=180  σ=0.5  fold=0 ===
  SSC-Block-TV-Col21: k_hat=5  ACC=0.7944  NMI=0.7915  ARI=0.6186  0.3s
  tune_pool_groups=20: sampling from 20 held-in people (overlap allowed) instead of the 4 fixed partition group(s)

============================================================
σ=0.5 fold=1  test=['0004', '0009', '0019', '0025', '0026']  train mats=96  test mats=24  tune mats=480
  --- tune SSC-Block-TV-Col21 over 480 train mats  n_trials=40 (4 params) ---
  SSC-Block-TV-Col21 trial 0: mean ARI=0.3822  n=480  206.6s  lambda_e=1, lambda_z=0.1, gamma_q=0.1, block_size=5
  SSC-Block-TV-Col21 trial 1: mean ARI=0.3599  n=480  196.7s  lambda_e=0.443, lambda_z=0.7257, gamma_q=0.2577, block_size=7
  SSC-Block-TV-Col21 trial 2: mean ARI=0.4076  n=480  209.6s  lambda_e=0.1866, lambda_z=0.3833, gamma_q=0.05628, block_size=11
  SSC-Block-TV-Col21 trial 3: mean ARI=0.3736  n=480  202.5s  lambda_e=7.78, lambda_z=0.03418, gamma_q=1.469, block_size=7
  SSC-Block-TV-Col21 trial 4: mean ARI=0.5297  n=480  204.5s  lambda_e=0.506, lambda_z=5.039, gamma_q=0.001924, block_size=2
  SSC-Block-TV-Col21 trial 5: mean ARI=0.3218  n=480  191.8s  lambda_e=0.0115, lambda_z=2.14, gamma_q=1.296, block_size=11
  SSC-Block-TV-Col21 trial 6: mean ARI=0.4028  n=480  190.8s  lambda_e=8.627, lambda_z=1.573, gamma_q=0.07013, block_size=10
  SSC-Block-TV-Col21 trial 7: mean ARI=0.5662  n=480  191.0s  lambda_e=0.02264, lambda_z=0.3628, gamma_q=0.003745, block_size=12
  SSC-Block-TV-Col21 trial 8: mean ARI=0.5492  n=480  190.2s  lambda_e=0.3677, lambda_z=0.04557, gamma_q=0.01143, block_size=10
  SSC-Block-TV-Col21 trial 9: mean ARI=0.5163  n=480  192.5s  lambda_e=0.2336, lambda_z=0.1878, gamma_q=0.001189, block_size=8
  SSC-Block-TV-Col21 trial 10: mean ARI=0.4119  n=480  205.8s  lambda_e=0.01151, lambda_z=0.001661, gamma_q=6.473, block_size=2
  SSC-Block-TV-Col21 trial 11: mean ARI=0.5631  n=480  192.0s  lambda_e=0.06092, lambda_z=0.01492, gamma_q=0.01117, block_size=12
  SSC-Block-TV-Col21 trial 12: mean ARI=0.5751  n=480  191.6s  lambda_e=0.03813, lambda_z=0.00583, gamma_q=0.007807, block_size=12
  SSC-Block-TV-Col21 trial 13: mean ARI=0.5637  n=480  191.7s  lambda_e=0.04002, lambda_z=0.002743, gamma_q=0.00657, block_size=12
  SSC-Block-TV-Col21 trial 14: mean ARI=0.6207  n=480  192.3s  lambda_e=0.04355, lambda_z=0.005487, gamma_q=0.005404, block_size=9
  SSC-Block-TV-Col21 trial 15: mean ARI=0.4755  n=480  191.7s  lambda_e=0.09427, lambda_z=0.005633, gamma_q=0.01881, block_size=9
  SSC-Block-TV-Col21 trial 16: mean ARI=0.4765  n=480  187.3s  lambda_e=0.0317, lambda_z=0.007105, gamma_q=0.02235, block_size=5
  SSC-Block-TV-Col21 trial 17: mean ARI=0.5564  n=480  183.1s  lambda_e=0.1058, lambda_z=0.001319, gamma_q=0.003898, block_size=9
  SSC-Block-TV-Col21 trial 18: mean ARI=0.4764  n=480  185.8s  lambda_e=1.931, lambda_z=0.02103, gamma_q=0.02865, block_size=5
  SSC-Block-TV-Col21 trial 19: mean ARI=0.4697  n=480  184.1s  lambda_e=0.02137, lambda_z=0.005239, gamma_q=0.2784, block_size=7
  SSC-Block-TV-Col21 trial 20: mean ARI=0.7039  n=480  183.2s  lambda_e=0.08103, lambda_z=0.01082, gamma_q=0.001001, block_size=10
  SSC-Block-TV-Col21 trial 21: mean ARI=0.7025  n=480  183.8s  lambda_e=0.06746, lambda_z=0.01166, gamma_q=0.001057, block_size=10
  SSC-Block-TV-Col21 trial 22: mean ARI=0.6954  n=480  184.0s  lambda_e=0.1069, lambda_z=0.01329, gamma_q=0.001013, block_size=9
  SSC-Block-TV-Col21 trial 23: mean ARI=0.5739  n=480  183.2s  lambda_e=0.1095, lambda_z=0.06681, gamma_q=0.001035, block_size=10
  SSC-Block-TV-Col21 trial 24: mean ARI=0.6842  n=480  185.1s  lambda_e=0.07533, lambda_z=0.01614, gamma_q=0.00223, block_size=8
  SSC-Block-TV-Col21 trial 25: mean ARI=0.6895  n=480  184.9s  lambda_e=0.1713, lambda_z=0.01276, gamma_q=0.002112, block_size=11
  SSC-Block-TV-Col21 trial 26: mean ARI=0.6490  n=480  185.2s  lambda_e=0.1498, lambda_z=0.03061, gamma_q=0.001033, block_size=8
  SSC-Block-TV-Col21 trial 27: mean ARI=0.6425  n=480  183.3s  lambda_e=0.8709, lambda_z=0.002682, gamma_q=0.002774, block_size=10
  SSC-Block-TV-Col21 trial 28: mean ARI=0.5911  n=480  185.1s  lambda_e=0.2709, lambda_z=0.08954, gamma_q=0.001804, block_size=6
  SSC-Block-TV-Col21 trial 29: mean ARI=0.6738  n=480  183.3s  lambda_e=0.06054, lambda_z=0.01138, gamma_q=0.003872, block_size=9
  SSC-Block-TV-Col21 trial 30: mean ARI=0.6908  n=480  182.5s  lambda_e=1.84, lambda_z=0.002812, gamma_q=0.001092, block_size=11
  SSC-Block-TV-Col21 trial 31: mean ARI=0.6893  n=480  182.4s  lambda_e=1.619, lambda_z=0.002778, gamma_q=0.001212, block_size=11
  SSC-Block-TV-Col21 trial 32: mean ARI=0.6053  n=480  182.2s  lambda_e=5.126, lambda_z=0.001047, gamma_q=0.001796, block_size=10
  SSC-Block-TV-Col21 trial 33: mean ARI=0.6778  n=480  182.3s  lambda_e=0.5667, lambda_z=0.00921, gamma_q=0.003057, block_size=11
  SSC-Block-TV-Col21 trial 34: mean ARI=0.6617  n=480  182.6s  lambda_e=4.951, lambda_z=0.02346, gamma_q=0.001055, block_size=9
  SSC-Block-TV-Col21 trial 35: mean ARI=0.6028  n=480  184.1s  lambda_e=1.833, lambda_z=0.003438, gamma_q=0.005566, block_size=8
  SSC-Block-TV-Col21 trial 36: mean ARI=0.6827  n=480  191.2s  lambda_e=0.8029, lambda_z=0.04864, gamma_q=0.00175, block_size=3
  SSC-Block-TV-Col21 trial 37: mean ARI=0.5968  n=480  184.0s  lambda_e=0.02319, lambda_z=0.1814, gamma_q=0.003066, block_size=10
  SSC-Block-TV-Col21 trial 38: mean ARI=0.5182  n=480  183.3s  lambda_e=2.564, lambda_z=0.001676, gamma_q=0.00977, block_size=11
  SSC-Block-TV-Col21 trial 39: mean ARI=0.7030  n=480  183.5s  lambda_e=0.347, lambda_z=0.009593, gamma_q=0.001686, block_size=10
    best mean ARI=0.7039  tune 7561.1s  lambda_e=0.08103, lambda_z=0.01082, gamma_q=0.001001, block_size=10
  wrote /nfs/turbo/umms-minjilab/lpullela/icassp_ssc_tv2/block_ssc_benchmark/cv/params/surveillance/split_k5_sigmas_min30_trials20_params_knownk_cv_ssc_block_tv_col21_k5_sigma0p5_sigma0.5_fold1.json

=== P1E_S1_C1 train[0] k=5  dim=576  frames=249  σ=0.5  fold=1 ===
  SSC-Block-TV-Col21: k_hat=5  ACC=0.7349  NMI=0.8242  ARI=0.6596  0.5s

=== P1E_S1_C1 train[1] k=5  dim=576  frames=265  σ=0.5  fold=1 ===
  SSC-Block-TV-Col21: k_hat=5  ACC=0.4792  NMI=0.6758  ARI=0.3862  0.5s

=== P1E_S1_C1 train[2] k=5  dim=576  frames=242  σ=0.5  fold=1 ===
  SSC-Block-TV-Col21: k_hat=5  ACC=0.6653  NMI=0.7410  ARI=0.5654  0.4s

=== P1E_S1_C1 train[3] k=5  dim=576  frames=268  σ=0.5  fold=1 ===
  SSC-Block-TV-Col21: k_hat=5  ACC=0.5858  NMI=0.6882  ARI=0.4417  0.5s

=== P1E_S1_C2 train[0] k=5  dim=576  frames=231  σ=0.5  fold=1 ===
  SSC-Block-TV-Col21: k_hat=5  ACC=0.9134  NMI=0.8484  ARI=0.7917  0.4s

=== P1E_S1_C2 train[1] k=5  dim=576  frames=198  σ=0.5  fold=1 ===
  SSC-Block-TV-Col21: k_hat=5  ACC=0.6566  NMI=0.6901  ARI=0.5097  0.3s

=== P1E_S1_C2 train[2] k=5  dim=576  frames=199  σ=0.5  fold=1 ===
  SSC-Block-TV-Col21: k_hat=5  ACC=0.6734  NMI=0.7706  ARI=0.6155  0.3s

=== P1E_S1_C2 train[3] k=5  dim=576  frames=215  σ=0.5  fold=1 ===
  SSC-Block-TV-Col21: k_hat=5  ACC=0.9767  NMI=0.9397  ARI=0.9455  0.3s

=== P1E_S1_C3 train[0] k=5  dim=576  frames=98  σ=0.5  fold=1 ===
  SSC-Block-TV-Col21: k_hat=5  ACC=0.6837  NMI=0.7218  ARI=0.5423  0.1s

=== P1E_S1_C3 train[1] k=5  dim=576  frames=68  σ=0.5  fold=1 ===
  SSC-Block-TV-Col21: k_hat=5  ACC=0.5882  NMI=0.6266  ARI=0.3764  0.1s

=== P1E_S1_C3 train[2] k=5  dim=576  frames=87  σ=0.5  fold=1 ===
  SSC-Block-TV-Col21: k_hat=5  ACC=0.4253  NMI=0.4740  ARI=0.1965  0.1s

=== P1E_S1_C3 train[3] k=5  dim=576  frames=107  σ=0.5  fold=1 ===
  SSC-Block-TV-Col21: k_hat=5  ACC=0.7757  NMI=0.7930  ARI=0.6949  0.1s

=== P1E_S2_C1 train[0] k=5  dim=576  frames=268  σ=0.5  fold=1 ===
  SSC-Block-TV-Col21: k_hat=5  ACC=0.6455  NMI=0.6923  ARI=0.5331  0.5s

=== P1E_S2_C1 train[1] k=5  dim=576  frames=265  σ=0.5  fold=1 ===
  SSC-Block-TV-Col21: k_hat=5  ACC=0.5170  NMI=0.6695  ARI=0.4130  0.5s

=== P1E_S2_C1 train[2] k=5  dim=576  frames=232  σ=0.5  fold=1 ===
  SSC-Block-TV-Col21: k_hat=5  ACC=0.6164  NMI=0.7456  ARI=0.5370  0.4s

=== P1E_S2_C1 train[3] k=5  dim=576  frames=241  σ=0.5  fold=1 ===
  SSC-Block-TV-Col21: k_hat=5  ACC=0.8589  NMI=0.8765  ARI=0.7928  0.4s

=== P1E_S2_C2 train[0] k=5  dim=576  frames=223  σ=0.5  fold=1 ===
  SSC-Block-TV-Col21: k_hat=5  ACC=0.9193  NMI=0.8663  ARI=0.8136  0.4s

=== P1E_S2_C2 train[1] k=5  dim=576  frames=219  σ=0.5  fold=1 ===
  SSC-Block-TV-Col21: k_hat=5  ACC=0.9269  NMI=0.8636  ARI=0.8274  0.4s

=== P1E_S2_C2 train[2] k=5  dim=576  frames=192  σ=0.5  fold=1 ===
  SSC-Block-TV-Col21: k_hat=5  ACC=0.7448  NMI=0.7715  ARI=0.6278  0.3s

=== P1E_S2_C2 train[3] k=5  dim=576  frames=212  σ=0.5  fold=1 ===
  SSC-Block-TV-Col21: k_hat=5  ACC=0.9340  NMI=0.8870  ARI=0.8528  0.3s

=== P1E_S2_C3 train[0] k=5  dim=576  frames=173  σ=0.5  fold=1 ===
  SSC-Block-TV-Col21: k_hat=5  ACC=0.9595  NMI=0.9142  ARI=0.8958  0.2s

=== P1E_S2_C3 train[1] k=5  dim=576  frames=173  σ=0.5  fold=1 ===
  SSC-Block-TV-Col21: k_hat=5  ACC=0.6705  NMI=0.7165  ARI=0.5561  0.2s

=== P1E_S2_C3 train[2] k=5  dim=576  frames=160  σ=0.5  fold=1 ===
  SSC-Block-TV-Col21: k_hat=5  ACC=0.8313  NMI=0.8513  ARI=0.7760  0.2s

=== P1E_S2_C3 train[3] k=5  dim=576  frames=154  σ=0.5  fold=1 ===
  SSC-Block-TV-Col21: k_hat=5  ACC=0.9805  NMI=0.9532  ARI=0.9572  0.2s

=== P1E_S3_C1 train[0] k=5  dim=576  frames=258  σ=0.5  fold=1 ===
  SSC-Block-TV-Col21: k_hat=5  ACC=0.6008  NMI=0.6163  ARI=0.4154  0.4s

=== P1E_S3_C1 train[1] k=5  dim=576  frames=273  σ=0.5  fold=1 ===
  SSC-Block-TV-Col21: k_hat=5  ACC=0.5238  NMI=0.6630  ARI=0.3719  0.5s

=== P1E_S3_C1 train[2] k=5  dim=576  frames=250  σ=0.5  fold=1 ===
  SSC-Block-TV-Col21: k_hat=5  ACC=0.6400  NMI=0.6814  ARI=0.5010  0.4s

=== P1E_S3_C1 train[3] k=5  dim=576  frames=237  σ=0.5  fold=1 ===
  SSC-Block-TV-Col21: k_hat=5  ACC=0.5949  NMI=0.7154  ARI=0.5116  0.4s

=== P1E_S3_C2 train[0] k=5  dim=576  frames=232  σ=0.5  fold=1 ===
  SSC-Block-TV-Col21: k_hat=5  ACC=0.8836  NMI=0.8707  ARI=0.7425  0.4s

=== P1E_S3_C2 train[1] k=5  dim=576  frames=280  σ=0.5  fold=1 ===
  SSC-Block-TV-Col21: k_hat=5  ACC=0.5750  NMI=0.6620  ARI=0.4443  0.5s

=== P1E_S3_C2 train[2] k=5  dim=576  frames=222  σ=0.5  fold=1 ===
  SSC-Block-TV-Col21: k_hat=5  ACC=0.7117  NMI=0.7632  ARI=0.5861  0.3s

=== P1E_S3_C2 train[3] k=5  dim=576  frames=188  σ=0.5  fold=1 ===
  SSC-Block-TV-Col21: k_hat=5  ACC=0.9255  NMI=0.8936  ARI=0.8499  0.3s

=== P1E_S3_C3 train[0] k=5  dim=576  frames=170  σ=0.5  fold=1 ===
  SSC-Block-TV-Col21: k_hat=5  ACC=0.9765  NMI=0.9512  ARI=0.9345  0.2s

=== P1E_S3_C3 train[1] k=5  dim=576  frames=211  σ=0.5  fold=1 ===
  SSC-Block-TV-Col21: k_hat=5  ACC=0.7204  NMI=0.8364  ARI=0.6883  0.3s

=== P1E_S3_C3 train[2] k=5  dim=576  frames=167  σ=0.5  fold=1 ===
  SSC-Block-TV-Col21: k_hat=5  ACC=0.7305  NMI=0.8704  ARI=0.7379  0.2s

=== P1E_S3_C3 train[3] k=5  dim=576  frames=168  σ=0.5  fold=1 ===
  SSC-Block-TV-Col21: k_hat=5  ACC=0.9405  NMI=0.9039  ARI=0.8730  0.2s

=== P1E_S4_C1 train[0] k=5  dim=576  frames=231  σ=0.5  fold=1 ===
  SSC-Block-TV-Col21: k_hat=5  ACC=0.7835  NMI=0.8516  ARI=0.6801  0.4s

=== P1E_S4_C1 train[1] k=5  dim=576  frames=303  σ=0.5  fold=1 ===
  SSC-Block-TV-Col21: k_hat=5  ACC=0.7096  NMI=0.7220  ARI=0.5270  0.6s

=== P1E_S4_C1 train[2] k=5  dim=576  frames=248  σ=0.5  fold=1 ===
  SSC-Block-TV-Col21: k_hat=5  ACC=0.7258  NMI=0.7742  ARI=0.6203  0.4s

=== P1E_S4_C1 train[3] k=5  dim=576  frames=217  σ=0.5  fold=1 ===
  SSC-Block-TV-Col21: k_hat=5  ACC=0.6959  NMI=0.7402  ARI=0.6013  0.4s

=== P1E_S4_C2 train[0] k=5  dim=576  frames=201  σ=0.5  fold=1 ===
  SSC-Block-TV-Col21: k_hat=5  ACC=0.9303  NMI=0.8764  ARI=0.8351  0.3s

=== P1E_S4_C2 train[1] k=5  dim=576  frames=236  σ=0.5  fold=1 ===
  SSC-Block-TV-Col21: k_hat=5  ACC=0.7585  NMI=0.7261  ARI=0.5215  0.4s

=== P1E_S4_C2 train[2] k=5  dim=576  frames=223  σ=0.5  fold=1 ===
  SSC-Block-TV-Col21: k_hat=5  ACC=0.7265  NMI=0.8148  ARI=0.6784  0.4s

=== P1E_S4_C2 train[3] k=5  dim=576  frames=198  σ=0.5  fold=1 ===
  SSC-Block-TV-Col21: k_hat=5  ACC=0.9141  NMI=0.8763  ARI=0.8234  0.3s

=== P1E_S4_C3 train[0] k=5  dim=576  frames=132  σ=0.5  fold=1 ===
  SSC-Block-TV-Col21: k_hat=5  ACC=0.8182  NMI=0.7495  ARI=0.6290  0.1s

=== P1E_S4_C3 train[1] k=5  dim=576  frames=147  σ=0.5  fold=1 ===
  SSC-Block-TV-Col21: k_hat=5  ACC=0.5374  NMI=0.5662  ARI=0.3462  0.2s

=== P1E_S4_C3 train[2] k=5  dim=576  frames=141  σ=0.5  fold=1 ===
  SSC-Block-TV-Col21: k_hat=5  ACC=0.5177  NMI=0.7312  ARI=0.5284  0.2s

=== P1E_S4_C3 train[3] k=5  dim=576  frames=147  σ=0.5  fold=1 ===
  SSC-Block-TV-Col21: k_hat=5  ACC=0.5442  NMI=0.7244  ARI=0.5259  0.2s

=== P1L_S1_C1 train[0] k=5  dim=576  frames=289  σ=0.5  fold=1 ===
  SSC-Block-TV-Col21: k_hat=5  ACC=0.7578  NMI=0.8693  ARI=0.7311  0.5s

=== P1L_S1_C1 train[1] k=5  dim=576  frames=313  σ=0.5  fold=1 ===
  SSC-Block-TV-Col21: k_hat=5  ACC=0.8243  NMI=0.8557  ARI=0.7326  0.6s

=== P1L_S1_C1 train[2] k=5  dim=576  frames=239  σ=0.5  fold=1 ===
  SSC-Block-TV-Col21: k_hat=5  ACC=0.9079  NMI=0.9138  ARI=0.8817  0.4s

=== P1L_S1_C1 train[3] k=5  dim=576  frames=285  σ=0.5  fold=1 ===
  SSC-Block-TV-Col21: k_hat=5  ACC=0.6877  NMI=0.7273  ARI=0.5013  0.5s

=== P1L_S1_C2 train[0] k=5  dim=576  frames=286  σ=0.5  fold=1 ===
  SSC-Block-TV-Col21: k_hat=5  ACC=0.8497  NMI=0.8640  ARI=0.7141  0.5s

=== P1L_S1_C2 train[1] k=5  dim=576  frames=257  σ=0.5  fold=1 ===
  SSC-Block-TV-Col21: k_hat=5  ACC=0.6031  NMI=0.6741  ARI=0.4688  0.4s

=== P1L_S1_C2 train[2] k=5  dim=576  frames=260  σ=0.5  fold=1 ===
  SSC-Block-TV-Col21: k_hat=5  ACC=0.6115  NMI=0.7587  ARI=0.5687  0.5s

=== P1L_S1_C2 train[3] k=5  dim=576  frames=270  σ=0.5  fold=1 ===
  SSC-Block-TV-Col21: k_hat=5  ACC=0.6444  NMI=0.7159  ARI=0.5465  0.5s

=== P1L_S1_C3 train[0] k=5  dim=576  frames=108  σ=0.5  fold=1 ===
  SSC-Block-TV-Col21: k_hat=5  ACC=0.6667  NMI=0.7608  ARI=0.5509  0.1s

=== P1L_S1_C3 train[1] k=5  dim=576  frames=117  σ=0.5  fold=1 ===
  SSC-Block-TV-Col21: k_hat=5  ACC=0.7009  NMI=0.7236  ARI=0.5056  0.1s

=== P1L_S1_C3 train[2] k=5  dim=576  frames=101  σ=0.5  fold=1 ===
  SSC-Block-TV-Col21: k_hat=5  ACC=0.7525  NMI=0.7937  ARI=0.6527  0.1s

=== P1L_S1_C3 train[3] k=5  dim=576  frames=124  σ=0.5  fold=1 ===
  SSC-Block-TV-Col21: k_hat=5  ACC=0.9758  NMI=0.9431  ARI=0.9390  0.1s

=== P1L_S2_C1 train[0] k=5  dim=576  frames=348  σ=0.5  fold=1 ===
  SSC-Block-TV-Col21: k_hat=5  ACC=0.7385  NMI=0.7667  ARI=0.6031  0.8s

=== P1L_S2_C1 train[1] k=5  dim=576  frames=301  σ=0.5  fold=1 ===
  SSC-Block-TV-Col21: k_hat=5  ACC=0.6645  NMI=0.7347  ARI=0.5211  0.6s

=== P1L_S2_C1 train[2] k=5  dim=576  frames=275  σ=0.5  fold=1 ===
  SSC-Block-TV-Col21: k_hat=5  ACC=0.9055  NMI=0.8905  ARI=0.8486  0.5s

=== P1L_S2_C1 train[3] k=5  dim=576  frames=265  σ=0.5  fold=1 ===
  SSC-Block-TV-Col21: k_hat=5  ACC=0.9925  NMI=0.9781  ARI=0.9787  0.5s

=== P1L_S2_C2 train[0] k=5  dim=576  frames=300  σ=0.5  fold=1 ===
  SSC-Block-TV-Col21: k_hat=5  ACC=0.8000  NMI=0.7244  ARI=0.5473  0.6s

=== P1L_S2_C2 train[1] k=5  dim=576  frames=314  σ=0.5  fold=1 ===
  SSC-Block-TV-Col21: k_hat=5  ACC=0.8726  NMI=0.8189  ARI=0.7253  0.7s

=== P1L_S2_C2 train[2] k=5  dim=576  frames=301  σ=0.5  fold=1 ===
  SSC-Block-TV-Col21: k_hat=5  ACC=0.7807  NMI=0.7770  ARI=0.6095  0.6s

=== P1L_S2_C2 train[3] k=5  dim=576  frames=222  σ=0.5  fold=1 ===
  SSC-Block-TV-Col21: k_hat=5  ACC=0.9685  NMI=0.9344  ARI=0.9266  0.4s

=== P1L_S2_C3 train[0] k=5  dim=576  frames=191  σ=0.5  fold=1 ===
  SSC-Block-TV-Col21: k_hat=5  ACC=0.8691  NMI=0.8601  ARI=0.7100  0.3s

=== P1L_S2_C3 train[1] k=5  dim=576  frames=193  σ=0.5  fold=1 ===
  SSC-Block-TV-Col21: k_hat=5  ACC=0.7617  NMI=0.7915  ARI=0.6446  0.3s

=== P1L_S2_C3 train[2] k=5  dim=576  frames=175  σ=0.5  fold=1 ===
  SSC-Block-TV-Col21: k_hat=5  ACC=0.8286  NMI=0.8089  ARI=0.6838  0.3s

=== P1L_S2_C3 train[3] k=5  dim=576  frames=179  σ=0.5  fold=1 ===
  SSC-Block-TV-Col21: k_hat=5  ACC=0.9721  NMI=0.9305  ARI=0.9358  0.2s

=== P1L_S3_C1 train[0] k=5  dim=576  frames=246  σ=0.5  fold=1 ===
  SSC-Block-TV-Col21: k_hat=5  ACC=0.6179  NMI=0.7007  ARI=0.5044  0.4s

=== P1L_S3_C1 train[1] k=5  dim=576  frames=241  σ=0.5  fold=1 ===
  SSC-Block-TV-Col21: k_hat=5  ACC=0.9170  NMI=0.8322  ARI=0.8069  0.4s

=== P1L_S3_C1 train[2] k=5  dim=576  frames=312  σ=0.5  fold=1 ===
  SSC-Block-TV-Col21: k_hat=5  ACC=0.7468  NMI=0.7699  ARI=0.5932  0.6s

=== P1L_S3_C1 train[3] k=5  dim=576  frames=241  σ=0.5  fold=1 ===
  SSC-Block-TV-Col21: k_hat=5  ACC=0.8257  NMI=0.8396  ARI=0.7089  0.4s

=== P1L_S3_C2 train[0] k=5  dim=576  frames=262  σ=0.5  fold=1 ===
  SSC-Block-TV-Col21: k_hat=5  ACC=0.9275  NMI=0.8813  ARI=0.8327  0.5s

=== P1L_S3_C2 train[1] k=5  dim=576  frames=304  σ=0.5  fold=1 ===
  SSC-Block-TV-Col21: k_hat=5  ACC=0.5000  NMI=0.6320  ARI=0.3767  0.6s

=== P1L_S3_C2 train[2] k=5  dim=576  frames=329  σ=0.5  fold=1 ===
  SSC-Block-TV-Col21: k_hat=5  ACC=0.5866  NMI=0.6416  ARI=0.4299  0.7s

=== P1L_S3_C2 train[3] k=5  dim=576  frames=290  σ=0.5  fold=1 ===
  SSC-Block-TV-Col21: k_hat=5  ACC=0.6793  NMI=0.7753  ARI=0.5830  0.6s

=== P1L_S3_C3 train[0] k=5  dim=576  frames=231  σ=0.5  fold=1 ===
  SSC-Block-TV-Col21: k_hat=5  ACC=0.9351  NMI=0.9018  ARI=0.8265  0.4s

=== P1L_S3_C3 train[1] k=5  dim=576  frames=225  σ=0.5  fold=1 ===
  SSC-Block-TV-Col21: k_hat=5  ACC=0.8044  NMI=0.7826  ARI=0.6197  0.4s

=== P1L_S3_C3 train[2] k=5  dim=576  frames=210  σ=0.5  fold=1 ===
  SSC-Block-TV-Col21: k_hat=5  ACC=0.8000  NMI=0.7466  ARI=0.6010  0.3s

=== P1L_S3_C3 train[3] k=5  dim=576  frames=229  σ=0.5  fold=1 ===
  SSC-Block-TV-Col21: k_hat=5  ACC=0.9913  NMI=0.9788  ARI=0.9843  0.4s

=== P1L_S4_C1 train[0] k=5  dim=576  frames=313  σ=0.5  fold=1 ===
  SSC-Block-TV-Col21: k_hat=5  ACC=0.7700  NMI=0.8337  ARI=0.7436  0.6s

=== P1L_S4_C1 train[1] k=5  dim=576  frames=253  σ=0.5  fold=1 ===
  SSC-Block-TV-Col21: k_hat=5  ACC=0.8854  NMI=0.8538  ARI=0.7646  0.5s

=== P1L_S4_C1 train[2] k=5  dim=576  frames=278  σ=0.5  fold=1 ===
  SSC-Block-TV-Col21: k_hat=5  ACC=0.8201  NMI=0.8847  ARI=0.7611  0.5s

=== P1L_S4_C1 train[3] k=5  dim=576  frames=344  σ=0.5  fold=1 ===
  SSC-Block-TV-Col21: k_hat=5  ACC=0.9942  NMI=0.9837  ARI=0.9859  0.7s

=== P1L_S4_C2 train[0] k=5  dim=576  frames=267  σ=0.5  fold=1 ===
  SSC-Block-TV-Col21: k_hat=5  ACC=0.8390  NMI=0.8115  ARI=0.6676  0.5s

=== P1L_S4_C2 train[1] k=5  dim=576  frames=279  σ=0.5  fold=1 ===
  SSC-Block-TV-Col21: k_hat=5  ACC=0.9498  NMI=0.8982  ARI=0.8930  0.5s

=== P1L_S4_C2 train[2] k=5  dim=576  frames=258  σ=0.5  fold=1 ===
  SSC-Block-TV-Col21: k_hat=5  ACC=0.6783  NMI=0.7659  ARI=0.5961  0.4s

=== P1L_S4_C2 train[3] k=5  dim=576  frames=266  σ=0.5  fold=1 ===
  SSC-Block-TV-Col21: k_hat=5  ACC=0.9211  NMI=0.8562  ARI=0.8233  0.5s

=== P1L_S4_C3 train[0] k=5  dim=576  frames=180  σ=0.5  fold=1 ===
  SSC-Block-TV-Col21: k_hat=5  ACC=0.7944  NMI=0.7915  ARI=0.6186  0.3s

=== P1L_S4_C3 train[1] k=5  dim=576  frames=188  σ=0.5  fold=1 ===
  SSC-Block-TV-Col21: k_hat=5  ACC=0.8245  NMI=0.8594  ARI=0.7551  0.3s

=== P1L_S4_C3 train[2] k=5  dim=576  frames=169  σ=0.5  fold=1 ===
  SSC-Block-TV-Col21: k_hat=5  ACC=0.7041  NMI=0.7919  ARI=0.6255  0.2s

=== P1L_S4_C3 train[3] k=5  dim=576  frames=185  σ=0.5  fold=1 ===
  SSC-Block-TV-Col21: k_hat=5  ACC=0.9568  NMI=0.9135  ARI=0.8962  0.3s

=== P1E_S1_C1 test[0] k=5  dim=576  frames=212  σ=0.5  fold=1 ===
  SSC-Block-TV-Col21: k_hat=5  ACC=0.9858  NMI=0.9671  ARI=0.9634  0.3s

=== P1E_S1_C2 test[0] k=5  dim=576  frames=188  σ=0.5  fold=1 ===
  SSC-Block-TV-Col21: k_hat=5  ACC=0.9628  NMI=0.9319  ARI=0.8956  0.3s

=== P1E_S1_C3 test[0] k=5  dim=576  frames=93  σ=0.5  fold=1 ===
  SSC-Block-TV-Col21: k_hat=5  ACC=0.9677  NMI=0.9304  ARI=0.9254  0.1s

=== P1E_S2_C1 test[0] k=5  dim=576  frames=250  σ=0.5  fold=1 ===
  SSC-Block-TV-Col21: k_hat=5  ACC=0.9400  NMI=0.9199  ARI=0.8836  0.4s

=== P1E_S2_C2 test[0] k=5  dim=576  frames=196  σ=0.5  fold=1 ===
  SSC-Block-TV-Col21: k_hat=5  ACC=0.9133  NMI=0.8515  ARI=0.7949  0.3s

=== P1E_S2_C3 test[0] k=5  dim=576  frames=156  σ=0.5  fold=1 ===
  SSC-Block-TV-Col21: k_hat=5  ACC=0.9744  NMI=0.9417  ARI=0.9361  0.2s

=== P1E_S3_C1 test[0] k=5  dim=576  frames=237  σ=0.5  fold=1 ===
  SSC-Block-TV-Col21: k_hat=5  ACC=0.8481  NMI=0.8285  ARI=0.7316  0.4s

=== P1E_S3_C2 test[0] k=5  dim=576  frames=204  σ=0.5  fold=1 ===
  SSC-Block-TV-Col21: k_hat=5  ACC=0.9167  NMI=0.8469  ARI=0.8302  0.3s

=== P1E_S3_C3 test[0] k=5  dim=576  frames=150  σ=0.5  fold=1 ===
  SSC-Block-TV-Col21: k_hat=5  ACC=0.9933  NMI=0.9815  ARI=0.9835  0.2s

=== P1E_S4_C1 test[0] k=5  dim=576  frames=248  σ=0.5  fold=1 ===
  SSC-Block-TV-Col21: k_hat=5  ACC=0.7702  NMI=0.8203  ARI=0.7139  0.4s

=== P1E_S4_C2 test[0] k=5  dim=576  frames=193  σ=0.5  fold=1 ===
  SSC-Block-TV-Col21: k_hat=5  ACC=0.9482  NMI=0.9013  ARI=0.8918  0.3s

=== P1E_S4_C3 test[0] k=5  dim=576  frames=152  σ=0.5  fold=1 ===
  SSC-Block-TV-Col21: k_hat=5  ACC=0.9605  NMI=0.9086  ARI=0.9110  0.2s

=== P1L_S1_C1 test[0] k=5  dim=576  frames=265  σ=0.5  fold=1 ===
  SSC-Block-TV-Col21: k_hat=5  ACC=0.9962  NMI=0.9882  ARI=0.9914  0.5s

=== P1L_S1_C2 test[0] k=5  dim=576  frames=236  σ=0.5  fold=1 ===
  SSC-Block-TV-Col21: k_hat=5  ACC=0.8686  NMI=0.8733  ARI=0.7470  0.4s

=== P1L_S1_C3 test[0] k=5  dim=576  frames=115  σ=0.5  fold=1 ===
  SSC-Block-TV-Col21: k_hat=5  ACC=0.7043  NMI=0.8154  ARI=0.6469  0.1s

=== P1L_S2_C1 test[0] k=5  dim=576  frames=281  σ=0.5  fold=1 ===
  SSC-Block-TV-Col21: k_hat=5  ACC=0.9253  NMI=0.9021  ARI=0.8382  0.6s

=== P1L_S2_C2 test[0] k=5  dim=576  frames=256  σ=0.5  fold=1 ===
  SSC-Block-TV-Col21: k_hat=5  ACC=0.9180  NMI=0.9033  ARI=0.8398  0.5s

=== P1L_S2_C3 test[0] k=5  dim=576  frames=159  σ=0.5  fold=1 ===
  SSC-Block-TV-Col21: k_hat=5  ACC=0.9937  NMI=0.9825  ARI=0.9849  0.2s

=== P1L_S3_C1 test[0] k=5  dim=576  frames=289  σ=0.5  fold=1 ===
  SSC-Block-TV-Col21: k_hat=5  ACC=0.7785  NMI=0.8249  ARI=0.7379  0.6s

=== P1L_S3_C2 test[0] k=5  dim=576  frames=287  σ=0.5  fold=1 ===
  SSC-Block-TV-Col21: k_hat=5  ACC=0.9930  NMI=0.9808  ARI=0.9819  0.6s

=== P1L_S3_C3 test[0] k=5  dim=576  frames=210  σ=0.5  fold=1 ===
  SSC-Block-TV-Col21: k_hat=5  ACC=0.9667  NMI=0.9399  ARI=0.9150  0.3s

=== P1L_S4_C1 test[0] k=5  dim=576  frames=255  σ=0.5  fold=1 ===
  SSC-Block-TV-Col21: k_hat=5  ACC=0.9882  NMI=0.9698  ARI=0.9652  0.5s

=== P1L_S4_C2 test[0] k=5  dim=576  frames=257  σ=0.5  fold=1 ===
  SSC-Block-TV-Col21: k_hat=5  ACC=0.9961  NMI=0.9877  ARI=0.9895  0.4s

=== P1L_S4_C3 test[0] k=5  dim=576  frames=158  σ=0.5  fold=1 ===
  SSC-Block-TV-Col21: k_hat=5  ACC=0.9937  NMI=0.9815  ARI=0.9821  0.2s
  tune_pool_groups=20: sampling from 20 held-in people (overlap allowed) instead of the 4 fixed partition group(s)

============================================================
σ=0.5 fold=2  test=['0001', '0005', '0011', '0023', '0024']  train mats=96  test mats=24  tune mats=480
  --- tune SSC-Block-TV-Col21 over 480 train mats  n_trials=40 (4 params) ---
  SSC-Block-TV-Col21 trial 0: mean ARI=0.3850  n=480  176.4s  lambda_e=1, lambda_z=0.1, gamma_q=0.1, block_size=5
  SSC-Block-TV-Col21 trial 1: mean ARI=0.3747  n=480  175.0s  lambda_e=0.443, lambda_z=0.7257, gamma_q=0.2577, block_size=7
  SSC-Block-TV-Col21 trial 2: mean ARI=0.4164  n=480  173.7s  lambda_e=0.1866, lambda_z=0.3833, gamma_q=0.05628, block_size=11
  SSC-Block-TV-Col21 trial 3: mean ARI=0.3726  n=480  176.0s  lambda_e=7.78, lambda_z=0.03418, gamma_q=1.469, block_size=7
  SSC-Block-TV-Col21 trial 4: mean ARI=0.5451  n=480  186.8s  lambda_e=0.506, lambda_z=5.039, gamma_q=0.001924, block_size=2
  SSC-Block-TV-Col21 trial 5: mean ARI=0.3161  n=480  173.8s  lambda_e=0.0115, lambda_z=2.14, gamma_q=1.296, block_size=11
  SSC-Block-TV-Col21 trial 6: mean ARI=0.4095  n=480  174.1s  lambda_e=8.627, lambda_z=1.573, gamma_q=0.07013, block_size=10
  SSC-Block-TV-Col21 trial 7: mean ARI=0.5869  n=480  173.0s  lambda_e=0.02264, lambda_z=0.3628, gamma_q=0.003745, block_size=12
  SSC-Block-TV-Col21 trial 8: mean ARI=0.5696  n=480  174.2s  lambda_e=0.3677, lambda_z=0.04557, gamma_q=0.01143, block_size=10
  SSC-Block-TV-Col21 trial 9: mean ARI=0.5368  n=480  174.2s  lambda_e=0.2336, lambda_z=0.1878, gamma_q=0.001189, block_size=8
  SSC-Block-TV-Col21 trial 10: mean ARI=0.4573  n=480  185.7s  lambda_e=0.01151, lambda_z=0.001661, gamma_q=6.473, block_size=2
  SSC-Block-TV-Col21 trial 11: mean ARI=0.5794  n=480  172.8s  lambda_e=0.06092, lambda_z=0.01492, gamma_q=0.01117, block_size=12
  SSC-Block-TV-Col21 trial 12: mean ARI=0.5911  n=480  173.5s  lambda_e=0.03813, lambda_z=0.00583, gamma_q=0.007807, block_size=12
  SSC-Block-TV-Col21 trial 13: mean ARI=0.5738  n=480  173.5s  lambda_e=0.04002, lambda_z=0.002743, gamma_q=0.00657, block_size=12
  SSC-Block-TV-Col21 trial 14: mean ARI=0.6466  n=480  174.2s  lambda_e=0.04355, lambda_z=0.005487, gamma_q=0.005404, block_size=9
  SSC-Block-TV-Col21 trial 15: mean ARI=0.4876  n=480  173.9s  lambda_e=0.09427, lambda_z=0.005633, gamma_q=0.01881, block_size=9
  SSC-Block-TV-Col21 trial 16: mean ARI=0.4730  n=480  176.2s  lambda_e=0.0317, lambda_z=0.007105, gamma_q=0.02235, block_size=5
  SSC-Block-TV-Col21 trial 17: mean ARI=0.5724  n=480  174.1s  lambda_e=0.1058, lambda_z=0.001319, gamma_q=0.003898, block_size=9
  SSC-Block-TV-Col21 trial 18: mean ARI=0.4746  n=480  177.0s  lambda_e=1.931, lambda_z=0.02103, gamma_q=0.02865, block_size=5
  SSC-Block-TV-Col21 trial 19: mean ARI=0.4670  n=480  174.3s  lambda_e=0.02137, lambda_z=0.005239, gamma_q=0.2784, block_size=7
  SSC-Block-TV-Col21 trial 20: mean ARI=0.7135  n=480  173.0s  lambda_e=0.08103, lambda_z=0.01082, gamma_q=0.001001, block_size=10
  SSC-Block-TV-Col21 trial 21: mean ARI=0.7103  n=480  172.7s  lambda_e=0.06746, lambda_z=0.01166, gamma_q=0.001057, block_size=10
  SSC-Block-TV-Col21 trial 22: mean ARI=0.7036  n=480  173.4s  lambda_e=0.1069, lambda_z=0.01329, gamma_q=0.001013, block_size=9
  SSC-Block-TV-Col21 trial 23: mean ARI=0.5907  n=480  173.4s  lambda_e=0.1095, lambda_z=0.06681, gamma_q=0.001035, block_size=10
  SSC-Block-TV-Col21 trial 24: mean ARI=0.6996  n=480  174.6s  lambda_e=0.07533, lambda_z=0.01614, gamma_q=0.00223, block_size=8
  SSC-Block-TV-Col21 trial 25: mean ARI=0.6948  n=480  173.9s  lambda_e=0.1713, lambda_z=0.01276, gamma_q=0.002112, block_size=11
  SSC-Block-TV-Col21 trial 26: mean ARI=0.6648  n=480  174.3s  lambda_e=0.1498, lambda_z=0.03061, gamma_q=0.001033, block_size=8
  SSC-Block-TV-Col21 trial 27: mean ARI=0.6589  n=480  173.8s  lambda_e=0.8709, lambda_z=0.002682, gamma_q=0.002774, block_size=10
  SSC-Block-TV-Col21 trial 28: mean ARI=0.6049  n=480  175.4s  lambda_e=0.2709, lambda_z=0.08954, gamma_q=0.001804, block_size=6
  SSC-Block-TV-Col21 trial 29: mean ARI=0.6800  n=480  173.5s  lambda_e=0.06054, lambda_z=0.01138, gamma_q=0.003872, block_size=9
  SSC-Block-TV-Col21 trial 30: mean ARI=0.7073  n=480  173.7s  lambda_e=1.84, lambda_z=0.002812, gamma_q=0.001092, block_size=11
  SSC-Block-TV-Col21 trial 31: mean ARI=0.7011  n=480  173.8s  lambda_e=1.619, lambda_z=0.002778, gamma_q=0.001212, block_size=11
  SSC-Block-TV-Col21 trial 32: mean ARI=0.6200  n=480  173.3s  lambda_e=5.126, lambda_z=0.001047, gamma_q=0.001796, block_size=10
  SSC-Block-TV-Col21 trial 33: mean ARI=0.6886  n=480  173.5s  lambda_e=0.5667, lambda_z=0.00921, gamma_q=0.003057, block_size=11
  SSC-Block-TV-Col21 trial 34: mean ARI=0.6749  n=480  172.9s  lambda_e=4.951, lambda_z=0.02346, gamma_q=0.001055, block_size=9
  SSC-Block-TV-Col21 trial 35: mean ARI=0.6064  n=480  174.1s  lambda_e=1.833, lambda_z=0.003438, gamma_q=0.005566, block_size=8
  SSC-Block-TV-Col21 trial 36: mean ARI=0.7024  n=480  181.6s  lambda_e=0.8029, lambda_z=0.04864, gamma_q=0.00175, block_size=3
  SSC-Block-TV-Col21 trial 37: mean ARI=0.6210  n=480  174.3s  lambda_e=0.02319, lambda_z=0.1814, gamma_q=0.003066, block_size=10
  SSC-Block-TV-Col21 trial 38: mean ARI=0.5079  n=480  172.0s  lambda_e=2.564, lambda_z=0.001676, gamma_q=0.00977, block_size=11
  SSC-Block-TV-Col21 trial 39: mean ARI=0.7120  n=480  172.6s  lambda_e=0.347, lambda_z=0.009593, gamma_q=0.001686, block_size=10
    best mean ARI=0.7135  tune 6992.5s  lambda_e=0.08103, lambda_z=0.01082, gamma_q=0.001001, block_size=10
  wrote /nfs/turbo/umms-minjilab/lpullela/icassp_ssc_tv2/block_ssc_benchmark/cv/params/surveillance/split_k5_sigmas_min30_trials20_params_knownk_cv_ssc_block_tv_col21_k5_sigma0p5_sigma0.5_fold2.json

=== P1E_S1_C1 train[0] k=5  dim=576  frames=249  σ=0.5  fold=2 ===
  SSC-Block-TV-Col21: k_hat=5  ACC=0.7349  NMI=0.8242  ARI=0.6596  0.4s

=== P1E_S1_C1 train[1] k=5  dim=576  frames=212  σ=0.5  fold=2 ===
  SSC-Block-TV-Col21: k_hat=5  ACC=0.9858  NMI=0.9671  ARI=0.9634  0.3s

=== P1E_S1_C1 train[2] k=5  dim=576  frames=242  σ=0.5  fold=2 ===
  SSC-Block-TV-Col21: k_hat=5  ACC=0.6653  NMI=0.7410  ARI=0.5654  0.4s

=== P1E_S1_C1 train[3] k=5  dim=576  frames=268  σ=0.5  fold=2 ===
  SSC-Block-TV-Col21: k_hat=5  ACC=0.5858  NMI=0.6882  ARI=0.4417  0.5s

=== P1E_S1_C2 train[0] k=5  dim=576  frames=231  σ=0.5  fold=2 ===
  SSC-Block-TV-Col21: k_hat=5  ACC=0.9134  NMI=0.8484  ARI=0.7917  0.4s

=== P1E_S1_C2 train[1] k=5  dim=576  frames=188  σ=0.5  fold=2 ===
  SSC-Block-TV-Col21: k_hat=5  ACC=0.9628  NMI=0.9319  ARI=0.8956  0.2s

=== P1E_S1_C2 train[2] k=5  dim=576  frames=199  σ=0.5  fold=2 ===
  SSC-Block-TV-Col21: k_hat=5  ACC=0.6734  NMI=0.7706  ARI=0.6155  0.3s

=== P1E_S1_C2 train[3] k=5  dim=576  frames=215  σ=0.5  fold=2 ===
  SSC-Block-TV-Col21: k_hat=5  ACC=0.9767  NMI=0.9397  ARI=0.9455  0.3s

=== P1E_S1_C3 train[0] k=5  dim=576  frames=98  σ=0.5  fold=2 ===
  SSC-Block-TV-Col21: k_hat=5  ACC=0.6837  NMI=0.7218  ARI=0.5423  0.1s

=== P1E_S1_C3 train[1] k=5  dim=576  frames=93  σ=0.5  fold=2 ===
  SSC-Block-TV-Col21: k_hat=5  ACC=0.9677  NMI=0.9304  ARI=0.9254  0.1s

=== P1E_S1_C3 train[2] k=5  dim=576  frames=87  σ=0.5  fold=2 ===
  SSC-Block-TV-Col21: k_hat=5  ACC=0.4253  NMI=0.4740  ARI=0.1965  0.1s

=== P1E_S1_C3 train[3] k=5  dim=576  frames=107  σ=0.5  fold=2 ===
  SSC-Block-TV-Col21: k_hat=5  ACC=0.7757  NMI=0.7930  ARI=0.6949  0.1s

=== P1E_S2_C1 train[0] k=5  dim=576  frames=268  σ=0.5  fold=2 ===
  SSC-Block-TV-Col21: k_hat=5  ACC=0.6455  NMI=0.6923  ARI=0.5331  0.5s

=== P1E_S2_C1 train[1] k=5  dim=576  frames=250  σ=0.5  fold=2 ===
  SSC-Block-TV-Col21: k_hat=5  ACC=0.9400  NMI=0.9199  ARI=0.8836  0.4s

=== P1E_S2_C1 train[2] k=5  dim=576  frames=232  σ=0.5  fold=2 ===
  SSC-Block-TV-Col21: k_hat=5  ACC=0.6164  NMI=0.7456  ARI=0.5370  0.4s

=== P1E_S2_C1 train[3] k=5  dim=576  frames=241  σ=0.5  fold=2 ===
  SSC-Block-TV-Col21: k_hat=5  ACC=0.8589  NMI=0.8765  ARI=0.7928  0.4s

=== P1E_S2_C2 train[0] k=5  dim=576  frames=223  σ=0.5  fold=2 ===
  SSC-Block-TV-Col21: k_hat=5  ACC=0.9193  NMI=0.8663  ARI=0.8136  0.4s

=== P1E_S2_C2 train[1] k=5  dim=576  frames=196  σ=0.5  fold=2 ===
  SSC-Block-TV-Col21: k_hat=5  ACC=0.9133  NMI=0.8515  ARI=0.7949  0.3s

=== P1E_S2_C2 train[2] k=5  dim=576  frames=192  σ=0.5  fold=2 ===
  SSC-Block-TV-Col21: k_hat=5  ACC=0.7448  NMI=0.7715  ARI=0.6278  0.3s

=== P1E_S2_C2 train[3] k=5  dim=576  frames=212  σ=0.5  fold=2 ===
  SSC-Block-TV-Col21: k_hat=5  ACC=0.9340  NMI=0.8870  ARI=0.8528  0.3s

=== P1E_S2_C3 train[0] k=5  dim=576  frames=173  σ=0.5  fold=2 ===
  SSC-Block-TV-Col21: k_hat=5  ACC=0.9595  NMI=0.9142  ARI=0.8958  0.2s

=== P1E_S2_C3 train[1] k=5  dim=576  frames=156  σ=0.5  fold=2 ===
  SSC-Block-TV-Col21: k_hat=5  ACC=0.9744  NMI=0.9417  ARI=0.9361  0.2s

=== P1E_S2_C3 train[2] k=5  dim=576  frames=160  σ=0.5  fold=2 ===
  SSC-Block-TV-Col21: k_hat=5  ACC=0.8313  NMI=0.8513  ARI=0.7760  0.2s

=== P1E_S2_C3 train[3] k=5  dim=576  frames=154  σ=0.5  fold=2 ===
  SSC-Block-TV-Col21: k_hat=5  ACC=0.9805  NMI=0.9532  ARI=0.9572  0.2s

=== P1E_S3_C1 train[0] k=5  dim=576  frames=258  σ=0.5  fold=2 ===
  SSC-Block-TV-Col21: k_hat=5  ACC=0.6008  NMI=0.6163  ARI=0.4154  0.4s

=== P1E_S3_C1 train[1] k=5  dim=576  frames=237  σ=0.5  fold=2 ===
  SSC-Block-TV-Col21: k_hat=5  ACC=0.8481  NMI=0.8285  ARI=0.7316  0.4s

=== P1E_S3_C1 train[2] k=5  dim=576  frames=250  σ=0.5  fold=2 ===
  SSC-Block-TV-Col21: k_hat=5  ACC=0.6400  NMI=0.6814  ARI=0.5010  0.4s

=== P1E_S3_C1 train[3] k=5  dim=576  frames=237  σ=0.5  fold=2 ===
  SSC-Block-TV-Col21: k_hat=5  ACC=0.5949  NMI=0.7154  ARI=0.5116  0.4s

=== P1E_S3_C2 train[0] k=5  dim=576  frames=232  σ=0.5  fold=2 ===
  SSC-Block-TV-Col21: k_hat=5  ACC=0.8836  NMI=0.8707  ARI=0.7425  0.4s

=== P1E_S3_C2 train[1] k=5  dim=576  frames=204  σ=0.5  fold=2 ===
  SSC-Block-TV-Col21: k_hat=5  ACC=0.9167  NMI=0.8469  ARI=0.8302  0.3s

=== P1E_S3_C2 train[2] k=5  dim=576  frames=222  σ=0.5  fold=2 ===
  SSC-Block-TV-Col21: k_hat=5  ACC=0.7117  NMI=0.7632  ARI=0.5861  0.3s

=== P1E_S3_C2 train[3] k=5  dim=576  frames=188  σ=0.5  fold=2 ===
  SSC-Block-TV-Col21: k_hat=5  ACC=0.9255  NMI=0.8936  ARI=0.8499  0.3s

=== P1E_S3_C3 train[0] k=5  dim=576  frames=170  σ=0.5  fold=2 ===
  SSC-Block-TV-Col21: k_hat=5  ACC=0.9765  NMI=0.9512  ARI=0.9345  0.2s

=== P1E_S3_C3 train[1] k=5  dim=576  frames=150  σ=0.5  fold=2 ===
  SSC-Block-TV-Col21: k_hat=5  ACC=0.9933  NMI=0.9815  ARI=0.9835  0.2s

=== P1E_S3_C3 train[2] k=5  dim=576  frames=167  σ=0.5  fold=2 ===
  SSC-Block-TV-Col21: k_hat=5  ACC=0.7305  NMI=0.8704  ARI=0.7379  0.2s

=== P1E_S3_C3 train[3] k=5  dim=576  frames=168  σ=0.5  fold=2 ===
  SSC-Block-TV-Col21: k_hat=5  ACC=0.9405  NMI=0.9039  ARI=0.8730  0.2s

=== P1E_S4_C1 train[0] k=5  dim=576  frames=231  σ=0.5  fold=2 ===
  SSC-Block-TV-Col21: k_hat=5  ACC=0.7835  NMI=0.8516  ARI=0.6801  0.4s

=== P1E_S4_C1 train[1] k=5  dim=576  frames=248  σ=0.5  fold=2 ===
  SSC-Block-TV-Col21: k_hat=5  ACC=0.7702  NMI=0.8203  ARI=0.7139  0.4s

=== P1E_S4_C1 train[2] k=5  dim=576  frames=248  σ=0.5  fold=2 ===
  SSC-Block-TV-Col21: k_hat=5  ACC=0.7258  NMI=0.7742  ARI=0.6203  0.4s

=== P1E_S4_C1 train[3] k=5  dim=576  frames=217  σ=0.5  fold=2 ===
  SSC-Block-TV-Col21: k_hat=5  ACC=0.6959  NMI=0.7402  ARI=0.6013  0.4s

=== P1E_S4_C2 train[0] k=5  dim=576  frames=201  σ=0.5  fold=2 ===
  SSC-Block-TV-Col21: k_hat=5  ACC=0.9303  NMI=0.8764  ARI=0.8351  0.3s

=== P1E_S4_C2 train[1] k=5  dim=576  frames=193  σ=0.5  fold=2 ===
  SSC-Block-TV-Col21: k_hat=5  ACC=0.9482  NMI=0.9013  ARI=0.8918  0.3s

=== P1E_S4_C2 train[2] k=5  dim=576  frames=223  σ=0.5  fold=2 ===
  SSC-Block-TV-Col21: k_hat=5  ACC=0.7265  NMI=0.8148  ARI=0.6784  0.4s

=== P1E_S4_C2 train[3] k=5  dim=576  frames=198  σ=0.5  fold=2 ===
  SSC-Block-TV-Col21: k_hat=5  ACC=0.9141  NMI=0.8763  ARI=0.8234  0.3s

=== P1E_S4_C3 train[0] k=5  dim=576  frames=132  σ=0.5  fold=2 ===
  SSC-Block-TV-Col21: k_hat=5  ACC=0.8182  NMI=0.7495  ARI=0.6290  0.2s

=== P1E_S4_C3 train[1] k=5  dim=576  frames=152  σ=0.5  fold=2 ===
  SSC-Block-TV-Col21: k_hat=5  ACC=0.9605  NMI=0.9086  ARI=0.9110  0.2s

=== P1E_S4_C3 train[2] k=5  dim=576  frames=141  σ=0.5  fold=2 ===
  SSC-Block-TV-Col21: k_hat=5  ACC=0.5177  NMI=0.7312  ARI=0.5284  0.2s

=== P1E_S4_C3 train[3] k=5  dim=576  frames=147  σ=0.5  fold=2 ===
  SSC-Block-TV-Col21: k_hat=5  ACC=0.5442  NMI=0.7244  ARI=0.5259  0.2s

=== P1L_S1_C1 train[0] k=5  dim=576  frames=289  σ=0.5  fold=2 ===
  SSC-Block-TV-Col21: k_hat=5  ACC=0.7578  NMI=0.8693  ARI=0.7311  0.6s

=== P1L_S1_C1 train[1] k=5  dim=576  frames=265  σ=0.5  fold=2 ===
  SSC-Block-TV-Col21: k_hat=5  ACC=0.9962  NMI=0.9882  ARI=0.9914  0.5s

=== P1L_S1_C1 train[2] k=5  dim=576  frames=239  σ=0.5  fold=2 ===
  SSC-Block-TV-Col21: k_hat=5  ACC=0.9079  NMI=0.9138  ARI=0.8817  0.4s

=== P1L_S1_C1 train[3] k=5  dim=576  frames=285  σ=0.5  fold=2 ===
  SSC-Block-TV-Col21: k_hat=5  ACC=0.6877  NMI=0.7273  ARI=0.5013  0.6s

=== P1L_S1_C2 train[0] k=5  dim=576  frames=286  σ=0.5  fold=2 ===
  SSC-Block-TV-Col21: k_hat=5  ACC=0.8497  NMI=0.8640  ARI=0.7141  0.6s

=== P1L_S1_C2 train[1] k=5  dim=576  frames=236  σ=0.5  fold=2 ===
  SSC-Block-TV-Col21: k_hat=5  ACC=0.8686  NMI=0.8733  ARI=0.7470  0.4s

=== P1L_S1_C2 train[2] k=5  dim=576  frames=260  σ=0.5  fold=2 ===
  SSC-Block-TV-Col21: k_hat=5  ACC=0.6115  NMI=0.7587  ARI=0.5687  0.5s

=== P1L_S1_C2 train[3] k=5  dim=576  frames=270  σ=0.5  fold=2 ===
  SSC-Block-TV-Col21: k_hat=5  ACC=0.6444  NMI=0.7159  ARI=0.5465  0.5s

=== P1L_S1_C3 train[0] k=5  dim=576  frames=108  σ=0.5  fold=2 ===
  SSC-Block-TV-Col21: k_hat=5  ACC=0.6667  NMI=0.7608  ARI=0.5509  0.1s

=== P1L_S1_C3 train[1] k=5  dim=576  frames=115  σ=0.5  fold=2 ===
  SSC-Block-TV-Col21: k_hat=5  ACC=0.7043  NMI=0.8154  ARI=0.6469  0.1s

=== P1L_S1_C3 train[2] k=5  dim=576  frames=101  σ=0.5  fold=2 ===
  SSC-Block-TV-Col21: k_hat=5  ACC=0.7525  NMI=0.7937  ARI=0.6527  0.1s

=== P1L_S1_C3 train[3] k=5  dim=576  frames=124  σ=0.5  fold=2 ===
  SSC-Block-TV-Col21: k_hat=5  ACC=0.9758  NMI=0.9431  ARI=0.9390  0.1s

=== P1L_S2_C1 train[0] k=5  dim=576  frames=348  σ=0.5  fold=2 ===
  SSC-Block-TV-Col21: k_hat=5  ACC=0.7385  NMI=0.7667  ARI=0.6031  0.7s

=== P1L_S2_C1 train[1] k=5  dim=576  frames=281  σ=0.5  fold=2 ===
  SSC-Block-TV-Col21: k_hat=5  ACC=0.9253  NMI=0.9021  ARI=0.8382  0.5s

=== P1L_S2_C1 train[2] k=5  dim=576  frames=275  σ=0.5  fold=2 ===
  SSC-Block-TV-Col21: k_hat=5  ACC=0.9055  NMI=0.8905  ARI=0.8486  0.5s

=== P1L_S2_C1 train[3] k=5  dim=576  frames=265  σ=0.5  fold=2 ===
  SSC-Block-TV-Col21: k_hat=5  ACC=0.9925  NMI=0.9781  ARI=0.9787  0.5s

=== P1L_S2_C2 train[0] k=5  dim=576  frames=300  σ=0.5  fold=2 ===
  SSC-Block-TV-Col21: k_hat=5  ACC=0.8000  NMI=0.7244  ARI=0.5473  0.6s

=== P1L_S2_C2 train[1] k=5  dim=576  frames=256  σ=0.5  fold=2 ===
  SSC-Block-TV-Col21: k_hat=5  ACC=0.9180  NMI=0.9033  ARI=0.8398  0.5s

=== P1L_S2_C2 train[2] k=5  dim=576  frames=301  σ=0.5  fold=2 ===
  SSC-Block-TV-Col21: k_hat=5  ACC=0.7807  NMI=0.7770  ARI=0.6095  0.6s

=== P1L_S2_C2 train[3] k=5  dim=576  frames=222  σ=0.5  fold=2 ===
  SSC-Block-TV-Col21: k_hat=5  ACC=0.9685  NMI=0.9344  ARI=0.9266  0.4s

=== P1L_S2_C3 train[0] k=5  dim=576  frames=191  σ=0.5  fold=2 ===
  SSC-Block-TV-Col21: k_hat=5  ACC=0.8691  NMI=0.8601  ARI=0.7100  0.3s

=== P1L_S2_C3 train[1] k=5  dim=576  frames=159  σ=0.5  fold=2 ===
  SSC-Block-TV-Col21: k_hat=5  ACC=0.9937  NMI=0.9825  ARI=0.9849  0.2s

=== P1L_S2_C3 train[2] k=5  dim=576  frames=175  σ=0.5  fold=2 ===
  SSC-Block-TV-Col21: k_hat=5  ACC=0.8286  NMI=0.8089  ARI=0.6838  0.2s

=== P1L_S2_C3 train[3] k=5  dim=576  frames=179  σ=0.5  fold=2 ===
  SSC-Block-TV-Col21: k_hat=5  ACC=0.9721  NMI=0.9305  ARI=0.9358  0.3s

=== P1L_S3_C1 train[0] k=5  dim=576  frames=246  σ=0.5  fold=2 ===
  SSC-Block-TV-Col21: k_hat=5  ACC=0.6179  NMI=0.7007  ARI=0.5044  0.4s

=== P1L_S3_C1 train[1] k=5  dim=576  frames=289  σ=0.5  fold=2 ===
  SSC-Block-TV-Col21: k_hat=5  ACC=0.7785  NMI=0.8249  ARI=0.7379  0.6s

=== P1L_S3_C1 train[2] k=5  dim=576  frames=312  σ=0.5  fold=2 ===
  SSC-Block-TV-Col21: k_hat=5  ACC=0.7468  NMI=0.7699  ARI=0.5932  0.6s

=== P1L_S3_C1 train[3] k=5  dim=576  frames=241  σ=0.5  fold=2 ===
  SSC-Block-TV-Col21: k_hat=5  ACC=0.8257  NMI=0.8396  ARI=0.7089  0.4s

=== P1L_S3_C2 train[0] k=5  dim=576  frames=262  σ=0.5  fold=2 ===
  SSC-Block-TV-Col21: k_hat=5  ACC=0.9275  NMI=0.8813  ARI=0.8327  0.5s

=== P1L_S3_C2 train[1] k=5  dim=576  frames=287  σ=0.5  fold=2 ===
  SSC-Block-TV-Col21: k_hat=5  ACC=0.9930  NMI=0.9808  ARI=0.9819  0.6s

=== P1L_S3_C2 train[2] k=5  dim=576  frames=329  σ=0.5  fold=2 ===
  SSC-Block-TV-Col21: k_hat=5  ACC=0.5866  NMI=0.6416  ARI=0.4299  0.7s

=== P1L_S3_C2 train[3] k=5  dim=576  frames=290  σ=0.5  fold=2 ===
  SSC-Block-TV-Col21: k_hat=5  ACC=0.6793  NMI=0.7753  ARI=0.5830  0.5s

=== P1L_S3_C3 train[0] k=5  dim=576  frames=231  σ=0.5  fold=2 ===
  SSC-Block-TV-Col21: k_hat=5  ACC=0.9351  NMI=0.9018  ARI=0.8265  0.4s

=== P1L_S3_C3 train[1] k=5  dim=576  frames=210  σ=0.5  fold=2 ===
  SSC-Block-TV-Col21: k_hat=5  ACC=0.9667  NMI=0.9399  ARI=0.9150  0.3s

=== P1L_S3_C3 train[2] k=5  dim=576  frames=210  σ=0.5  fold=2 ===
  SSC-Block-TV-Col21: k_hat=5  ACC=0.8000  NMI=0.7466  ARI=0.6010  0.3s

=== P1L_S3_C3 train[3] k=5  dim=576  frames=229  σ=0.5  fold=2 ===
  SSC-Block-TV-Col21: k_hat=5  ACC=0.9913  NMI=0.9788  ARI=0.9843  0.4s

=== P1L_S4_C1 train[0] k=5  dim=576  frames=313  σ=0.5  fold=2 ===
  SSC-Block-TV-Col21: k_hat=5  ACC=0.7700  NMI=0.8337  ARI=0.7436  0.6s

=== P1L_S4_C1 train[1] k=5  dim=576  frames=255  σ=0.5  fold=2 ===
  SSC-Block-TV-Col21: k_hat=5  ACC=0.9882  NMI=0.9698  ARI=0.9652  0.4s

=== P1L_S4_C1 train[2] k=5  dim=576  frames=278  σ=0.5  fold=2 ===
  SSC-Block-TV-Col21: k_hat=5  ACC=0.8201  NMI=0.8847  ARI=0.7611  0.5s

=== P1L_S4_C1 train[3] k=5  dim=576  frames=344  σ=0.5  fold=2 ===
  SSC-Block-TV-Col21: k_hat=5  ACC=0.9942  NMI=0.9837  ARI=0.9859  0.7s

=== P1L_S4_C2 train[0] k=5  dim=576  frames=267  σ=0.5  fold=2 ===
  SSC-Block-TV-Col21: k_hat=5  ACC=0.8390  NMI=0.8115  ARI=0.6676  0.5s

=== P1L_S4_C2 train[1] k=5  dim=576  frames=257  σ=0.5  fold=2 ===
  SSC-Block-TV-Col21: k_hat=5  ACC=0.9961  NMI=0.9877  ARI=0.9895  0.5s

=== P1L_S4_C2 train[2] k=5  dim=576  frames=258  σ=0.5  fold=2 ===
  SSC-Block-TV-Col21: k_hat=5  ACC=0.6783  NMI=0.7659  ARI=0.5961  0.5s

=== P1L_S4_C2 train[3] k=5  dim=576  frames=266  σ=0.5  fold=2 ===
  SSC-Block-TV-Col21: k_hat=5  ACC=0.9211  NMI=0.8562  ARI=0.8233  0.5s

=== P1L_S4_C3 train[0] k=5  dim=576  frames=180  σ=0.5  fold=2 ===
  SSC-Block-TV-Col21: k_hat=5  ACC=0.7944  NMI=0.7915  ARI=0.6186  0.2s

=== P1L_S4_C3 train[1] k=5  dim=576  frames=158  σ=0.5  fold=2 ===
  SSC-Block-TV-Col21: k_hat=5  ACC=0.9937  NMI=0.9815  ARI=0.9821  0.2s

=== P1L_S4_C3 train[2] k=5  dim=576  frames=169  σ=0.5  fold=2 ===
  SSC-Block-TV-Col21: k_hat=5  ACC=0.7041  NMI=0.7919  ARI=0.6255  0.2s

=== P1L_S4_C3 train[3] k=5  dim=576  frames=185  σ=0.5  fold=2 ===
  SSC-Block-TV-Col21: k_hat=5  ACC=0.9568  NMI=0.9135  ARI=0.8962  0.2s

=== P1E_S1_C1 test[0] k=5  dim=576  frames=265  σ=0.5  fold=2 ===
  SSC-Block-TV-Col21: k_hat=5  ACC=0.4792  NMI=0.6758  ARI=0.3862  0.5s

=== P1E_S1_C2 test[0] k=5  dim=576  frames=198  σ=0.5  fold=2 ===
  SSC-Block-TV-Col21: k_hat=5  ACC=0.6566  NMI=0.6901  ARI=0.5097  0.3s

=== P1E_S1_C3 test[0] k=5  dim=576  frames=68  σ=0.5  fold=2 ===
  SSC-Block-TV-Col21: k_hat=5  ACC=0.5882  NMI=0.6266  ARI=0.3764  0.1s

=== P1E_S2_C1 test[0] k=5  dim=576  frames=265  σ=0.5  fold=2 ===
  SSC-Block-TV-Col21: k_hat=5  ACC=0.5170  NMI=0.6695  ARI=0.4130  0.5s

=== P1E_S2_C2 test[0] k=5  dim=576  frames=219  σ=0.5  fold=2 ===
  SSC-Block-TV-Col21: k_hat=5  ACC=0.9269  NMI=0.8636  ARI=0.8274  0.3s

=== P1E_S2_C3 test[0] k=5  dim=576  frames=173  σ=0.5  fold=2 ===
  SSC-Block-TV-Col21: k_hat=5  ACC=0.6705  NMI=0.7165  ARI=0.5561  0.2s

=== P1E_S3_C1 test[0] k=5  dim=576  frames=273  σ=0.5  fold=2 ===
  SSC-Block-TV-Col21: k_hat=5  ACC=0.5238  NMI=0.6630  ARI=0.3719  0.5s

=== P1E_S3_C2 test[0] k=5  dim=576  frames=280  σ=0.5  fold=2 ===
  SSC-Block-TV-Col21: k_hat=5  ACC=0.5750  NMI=0.6620  ARI=0.4443  0.5s

=== P1E_S3_C3 test[0] k=5  dim=576  frames=211  σ=0.5  fold=2 ===
  SSC-Block-TV-Col21: k_hat=5  ACC=0.7204  NMI=0.8364  ARI=0.6883  0.3s

=== P1E_S4_C1 test[0] k=5  dim=576  frames=303  σ=0.5  fold=2 ===
  SSC-Block-TV-Col21: k_hat=5  ACC=0.7096  NMI=0.7220  ARI=0.5270  0.6s

=== P1E_S4_C2 test[0] k=5  dim=576  frames=236  σ=0.5  fold=2 ===
  SSC-Block-TV-Col21: k_hat=5  ACC=0.7585  NMI=0.7261  ARI=0.5215  0.4s

=== P1E_S4_C3 test[0] k=5  dim=576  frames=147  σ=0.5  fold=2 ===
  SSC-Block-TV-Col21: k_hat=5  ACC=0.5374  NMI=0.5662  ARI=0.3462  0.2s

=== P1L_S1_C1 test[0] k=5  dim=576  frames=313  σ=0.5  fold=2 ===
  SSC-Block-TV-Col21: k_hat=5  ACC=0.8243  NMI=0.8557  ARI=0.7326  0.6s

=== P1L_S1_C2 test[0] k=5  dim=576  frames=257  σ=0.5  fold=2 ===
  SSC-Block-TV-Col21: k_hat=5  ACC=0.6031  NMI=0.6741  ARI=0.4688  0.4s

=== P1L_S1_C3 test[0] k=5  dim=576  frames=117  σ=0.5  fold=2 ===
  SSC-Block-TV-Col21: k_hat=5  ACC=0.7009  NMI=0.7236  ARI=0.5056  0.1s

=== P1L_S2_C1 test[0] k=5  dim=576  frames=301  σ=0.5  fold=2 ===
  SSC-Block-TV-Col21: k_hat=5  ACC=0.6645  NMI=0.7347  ARI=0.5211  0.6s

=== P1L_S2_C2 test[0] k=5  dim=576  frames=314  σ=0.5  fold=2 ===
  SSC-Block-TV-Col21: k_hat=5  ACC=0.8726  NMI=0.8189  ARI=0.7253  0.6s

=== P1L_S2_C3 test[0] k=5  dim=576  frames=193  σ=0.5  fold=2 ===
  SSC-Block-TV-Col21: k_hat=5  ACC=0.7617  NMI=0.7915  ARI=0.6446  0.3s

=== P1L_S3_C1 test[0] k=5  dim=576  frames=241  σ=0.5  fold=2 ===
  SSC-Block-TV-Col21: k_hat=5  ACC=0.9170  NMI=0.8322  ARI=0.8069  0.4s

=== P1L_S3_C2 test[0] k=5  dim=576  frames=304  σ=0.5  fold=2 ===
  SSC-Block-TV-Col21: k_hat=5  ACC=0.5000  NMI=0.6320  ARI=0.3767  0.6s

=== P1L_S3_C3 test[0] k=5  dim=576  frames=225  σ=0.5  fold=2 ===
  SSC-Block-TV-Col21: k_hat=5  ACC=0.8044  NMI=0.7826  ARI=0.6197  0.4s

=== P1L_S4_C1 test[0] k=5  dim=576  frames=253  σ=0.5  fold=2 ===
  SSC-Block-TV-Col21: k_hat=5  ACC=0.8854  NMI=0.8538  ARI=0.7646  0.4s

=== P1L_S4_C2 test[0] k=5  dim=576  frames=279  σ=0.5  fold=2 ===
  SSC-Block-TV-Col21: k_hat=5  ACC=0.9498  NMI=0.8982  ARI=0.8930  0.5s

=== P1L_S4_C3 test[0] k=5  dim=576  frames=188  σ=0.5  fold=2 ===
  SSC-Block-TV-Col21: k_hat=5  ACC=0.8245  NMI=0.8594  ARI=0.7551  0.3s
  tune_pool_groups=20: sampling from 20 held-in people (overlap allowed) instead of the 4 fixed partition group(s)

============================================================
σ=0.5 fold=3  test=['0007', '0010', '0015', '0016', '0021']  train mats=96  test mats=24  tune mats=480
  --- tune SSC-Block-TV-Col21 over 480 train mats  n_trials=40 (4 params) ---
  SSC-Block-TV-Col21 trial 0: mean ARI=0.3953  n=480  177.3s  lambda_e=1, lambda_z=0.1, gamma_q=0.1, block_size=5
  SSC-Block-TV-Col21 trial 1: mean ARI=0.3603  n=480  176.5s  lambda_e=0.443, lambda_z=0.7257, gamma_q=0.2577, block_size=7
  SSC-Block-TV-Col21 trial 2: mean ARI=0.4127  n=480  175.4s  lambda_e=0.1866, lambda_z=0.3833, gamma_q=0.05628, block_size=11
  SSC-Block-TV-Col21 trial 3: mean ARI=0.3636  n=480  175.2s  lambda_e=7.78, lambda_z=0.03418, gamma_q=1.469, block_size=7
  SSC-Block-TV-Col21 trial 4: mean ARI=0.5325  n=480  189.9s  lambda_e=0.506, lambda_z=5.039, gamma_q=0.001924, block_size=2
  SSC-Block-TV-Col21 trial 5: mean ARI=0.3073  n=480  182.0s  lambda_e=0.0115, lambda_z=2.14, gamma_q=1.296, block_size=11
  SSC-Block-TV-Col21 trial 6: mean ARI=0.4015  n=480  182.5s  lambda_e=8.627, lambda_z=1.573, gamma_q=0.07013, block_size=10
  SSC-Block-TV-Col21 trial 7: mean ARI=0.6081  n=480  182.3s  lambda_e=0.02264, lambda_z=0.3628, gamma_q=0.003745, block_size=12
  SSC-Block-TV-Col21 trial 8: mean ARI=0.5865  n=480  182.4s  lambda_e=0.3677, lambda_z=0.04557, gamma_q=0.01143, block_size=10
  SSC-Block-TV-Col21 trial 9: mean ARI=0.5371  n=480  183.0s  lambda_e=0.2336, lambda_z=0.1878, gamma_q=0.001189, block_size=8
  SSC-Block-TV-Col21 trial 10: mean ARI=0.4518  n=480  193.8s  lambda_e=0.01151, lambda_z=0.001661, gamma_q=6.473, block_size=2
  SSC-Block-TV-Col21 trial 11: mean ARI=0.6055  n=480  179.7s  lambda_e=0.06092, lambda_z=0.01492, gamma_q=0.01117, block_size=12
  SSC-Block-TV-Col21 trial 12: mean ARI=0.6220  n=480  178.9s  lambda_e=0.03813, lambda_z=0.00583, gamma_q=0.007807, block_size=12
  SSC-Block-TV-Col21 trial 13: mean ARI=0.6078  n=480  180.3s  lambda_e=0.04002, lambda_z=0.002743, gamma_q=0.00657, block_size=12
  SSC-Block-TV-Col21 trial 14: mean ARI=0.6773  n=480  181.6s  lambda_e=0.04355, lambda_z=0.005487, gamma_q=0.005404, block_size=9
  SSC-Block-TV-Col21 trial 15: mean ARI=0.4993  n=480  181.5s  lambda_e=0.09427, lambda_z=0.005633, gamma_q=0.01881, block_size=9
  SSC-Block-TV-Col21 trial 16: mean ARI=0.4850  n=480  184.4s  lambda_e=0.0317, lambda_z=0.007105, gamma_q=0.02235, block_size=5
  SSC-Block-TV-Col21 trial 17: mean ARI=0.5903  n=480  181.3s  lambda_e=0.1058, lambda_z=0.001319, gamma_q=0.003898, block_size=9
  SSC-Block-TV-Col21 trial 18: mean ARI=0.4868  n=480  184.1s  lambda_e=1.931, lambda_z=0.02103, gamma_q=0.02865, block_size=5
  SSC-Block-TV-Col21 trial 19: mean ARI=0.4674  n=480  182.7s  lambda_e=0.02137, lambda_z=0.005239, gamma_q=0.2784, block_size=7
  SSC-Block-TV-Col21 trial 20: mean ARI=0.7554  n=480  180.9s  lambda_e=0.08103, lambda_z=0.01082, gamma_q=0.001001, block_size=10
  SSC-Block-TV-Col21 trial 21: mean ARI=0.7522  n=480  181.6s  lambda_e=0.06746, lambda_z=0.01166, gamma_q=0.001057, block_size=10
  SSC-Block-TV-Col21 trial 22: mean ARI=0.7498  n=480  181.6s  lambda_e=0.1069, lambda_z=0.01329, gamma_q=0.001013, block_size=9
  SSC-Block-TV-Col21 trial 23: mean ARI=0.6104  n=480  174.1s  lambda_e=0.1095, lambda_z=0.06681, gamma_q=0.001035, block_size=10
  SSC-Block-TV-Col21 trial 24: mean ARI=0.7349  n=480  168.1s  lambda_e=0.07533, lambda_z=0.01614, gamma_q=0.00223, block_size=8
  SSC-Block-TV-Col21 trial 25: mean ARI=0.7379  n=480  168.2s  lambda_e=0.1713, lambda_z=0.01276, gamma_q=0.002112, block_size=11
  SSC-Block-TV-Col21 trial 26: mean ARI=0.6909  n=480  167.9s  lambda_e=0.1498, lambda_z=0.03061, gamma_q=0.001033, block_size=8
  SSC-Block-TV-Col21 trial 27: mean ARI=0.6917  n=480  168.0s  lambda_e=0.8709, lambda_z=0.002682, gamma_q=0.002774, block_size=10
  SSC-Block-TV-Col21 trial 28: mean ARI=0.6185  n=480  170.5s  lambda_e=0.2709, lambda_z=0.08954, gamma_q=0.001804, block_size=6
  SSC-Block-TV-Col21 trial 29: mean ARI=0.7209  n=480  167.4s  lambda_e=0.06054, lambda_z=0.01138, gamma_q=0.003872, block_size=9
  SSC-Block-TV-Col21 trial 30: mean ARI=0.7459  n=480  167.9s  lambda_e=1.84, lambda_z=0.002812, gamma_q=0.001092, block_size=11
  SSC-Block-TV-Col21 trial 31: mean ARI=0.7433  n=480  167.3s  lambda_e=1.619, lambda_z=0.002778, gamma_q=0.001212, block_size=11
  SSC-Block-TV-Col21 trial 32: mean ARI=0.6508  n=480  168.1s  lambda_e=5.126, lambda_z=0.001047, gamma_q=0.001796, block_size=10
  SSC-Block-TV-Col21 trial 33: mean ARI=0.7322  n=480  167.9s  lambda_e=0.5667, lambda_z=0.00921, gamma_q=0.003057, block_size=11
  SSC-Block-TV-Col21 trial 34: mean ARI=0.7171  n=480  167.4s  lambda_e=4.951, lambda_z=0.02346, gamma_q=0.001055, block_size=9
  SSC-Block-TV-Col21 trial 35: mean ARI=0.6268  n=480  169.4s  lambda_e=1.833, lambda_z=0.003438, gamma_q=0.005566, block_size=8
  SSC-Block-TV-Col21 trial 36: mean ARI=0.7286  n=480  176.0s  lambda_e=0.8029, lambda_z=0.04864, gamma_q=0.00175, block_size=3
  SSC-Block-TV-Col21 trial 37: mean ARI=0.6506  n=480  167.9s  lambda_e=0.02319, lambda_z=0.1814, gamma_q=0.003066, block_size=10
  SSC-Block-TV-Col21 trial 38: mean ARI=0.5343  n=480  168.7s  lambda_e=2.564, lambda_z=0.001676, gamma_q=0.00977, block_size=11
  SSC-Block-TV-Col21 trial 39: mean ARI=0.7583  n=480  168.3s  lambda_e=0.347, lambda_z=0.009593, gamma_q=0.001686, block_size=10
    best mean ARI=0.7583  tune 7052.2s  lambda_e=0.347, lambda_z=0.009593, gamma_q=0.001686, block_size=10
  wrote /nfs/turbo/umms-minjilab/lpullela/icassp_ssc_tv2/block_ssc_benchmark/cv/params/surveillance/split_k5_sigmas_min30_trials20_params_knownk_cv_ssc_block_tv_col21_k5_sigma0p5_sigma0.5_fold3.json

=== P1E_S1_C1 train[0] k=5  dim=576  frames=249  σ=0.5  fold=3 ===
  SSC-Block-TV-Col21: k_hat=5  ACC=0.7349  NMI=0.8242  ARI=0.6596  0.4s

=== P1E_S1_C1 train[1] k=5  dim=576  frames=212  σ=0.5  fold=3 ===
  SSC-Block-TV-Col21: k_hat=5  ACC=0.9858  NMI=0.9671  ARI=0.9634  0.3s

=== P1E_S1_C1 train[2] k=5  dim=576  frames=265  σ=0.5  fold=3 ===
  SSC-Block-TV-Col21: k_hat=5  ACC=0.4679  NMI=0.6753  ARI=0.3845  0.5s

=== P1E_S1_C1 train[3] k=5  dim=576  frames=268  σ=0.5  fold=3 ===
  SSC-Block-TV-Col21: k_hat=5  ACC=0.8955  NMI=0.8579  ARI=0.7964  0.5s

=== P1E_S1_C2 train[0] k=5  dim=576  frames=231  σ=0.5  fold=3 ===
  SSC-Block-TV-Col21: k_hat=5  ACC=0.9134  NMI=0.8484  ARI=0.7917  0.4s

=== P1E_S1_C2 train[1] k=5  dim=576  frames=188  σ=0.5  fold=3 ===
  SSC-Block-TV-Col21: k_hat=5  ACC=0.9734  NMI=0.9430  ARI=0.9444  0.2s

=== P1E_S1_C2 train[2] k=5  dim=576  frames=198  σ=0.5  fold=3 ===
  SSC-Block-TV-Col21: k_hat=5  ACC=0.6515  NMI=0.6840  ARI=0.5000  0.3s

=== P1E_S1_C2 train[3] k=5  dim=576  frames=215  σ=0.5  fold=3 ===
  SSC-Block-TV-Col21: k_hat=5  ACC=0.9860  NMI=0.9629  ARI=0.9663  0.3s

=== P1E_S1_C3 train[0] k=5  dim=576  frames=98  σ=0.5  fold=3 ===
  SSC-Block-TV-Col21: k_hat=5  ACC=0.6837  NMI=0.7218  ARI=0.5423  0.1s

=== P1E_S1_C3 train[1] k=5  dim=576  frames=93  σ=0.5  fold=3 ===
  SSC-Block-TV-Col21: k_hat=5  ACC=0.6667  NMI=0.7541  ARI=0.5361  0.1s

=== P1E_S1_C3 train[2] k=5  dim=576  frames=68  σ=0.5  fold=3 ===
  SSC-Block-TV-Col21: k_hat=5  ACC=0.6618  NMI=0.6593  ARI=0.4257  0.1s

=== P1E_S1_C3 train[3] k=5  dim=576  frames=107  σ=0.5  fold=3 ===
  SSC-Block-TV-Col21: k_hat=5  ACC=0.7757  NMI=0.7930  ARI=0.6949  0.1s

=== P1E_S2_C1 train[0] k=5  dim=576  frames=268  σ=0.5  fold=3 ===
  SSC-Block-TV-Col21: k_hat=5  ACC=0.6418  NMI=0.6879  ARI=0.5273  0.5s

=== P1E_S2_C1 train[1] k=5  dim=576  frames=250  σ=0.5  fold=3 ===
  SSC-Block-TV-Col21: k_hat=5  ACC=0.9400  NMI=0.9199  ARI=0.8836  0.4s

=== P1E_S2_C1 train[2] k=5  dim=576  frames=265  σ=0.5  fold=3 ===
  SSC-Block-TV-Col21: k_hat=5  ACC=0.5170  NMI=0.6695  ARI=0.4130  0.5s

=== P1E_S2_C1 train[3] k=5  dim=576  frames=241  σ=0.5  fold=3 ===
  SSC-Block-TV-Col21: k_hat=5  ACC=0.8589  NMI=0.8765  ARI=0.7928  0.4s

=== P1E_S2_C2 train[0] k=5  dim=576  frames=223  σ=0.5  fold=3 ===
  SSC-Block-TV-Col21: k_hat=5  ACC=0.9327  NMI=0.8984  ARI=0.8473  0.3s

=== P1E_S2_C2 train[1] k=5  dim=576  frames=196  σ=0.5  fold=3 ===
  SSC-Block-TV-Col21: k_hat=5  ACC=0.9133  NMI=0.8515  ARI=0.7949  0.3s

=== P1E_S2_C2 train[2] k=5  dim=576  frames=219  σ=0.5  fold=3 ===
  SSC-Block-TV-Col21: k_hat=5  ACC=0.8995  NMI=0.8334  ARI=0.7728  0.3s

=== P1E_S2_C2 train[3] k=5  dim=576  frames=212  σ=0.5  fold=3 ===
  SSC-Block-TV-Col21: k_hat=5  ACC=0.9340  NMI=0.8870  ARI=0.8528  0.3s

=== P1E_S2_C3 train[0] k=5  dim=576  frames=173  σ=0.5  fold=3 ===
  SSC-Block-TV-Col21: k_hat=5  ACC=0.9595  NMI=0.9142  ARI=0.8958  0.2s

=== P1E_S2_C3 train[1] k=5  dim=576  frames=156  σ=0.5  fold=3 ===
  SSC-Block-TV-Col21: k_hat=5  ACC=0.9744  NMI=0.9417  ARI=0.9361  0.2s

=== P1E_S2_C3 train[2] k=5  dim=576  frames=173  σ=0.5  fold=3 ===
  SSC-Block-TV-Col21: k_hat=5  ACC=0.3815  NMI=0.4399  ARI=0.1478  0.2s

=== P1E_S2_C3 train[3] k=5  dim=576  frames=154  σ=0.5  fold=3 ===
  SSC-Block-TV-Col21: k_hat=5  ACC=0.9805  NMI=0.9532  ARI=0.9572  0.2s

=== P1E_S3_C1 train[0] k=5  dim=576  frames=258  σ=0.5  fold=3 ===
  SSC-Block-TV-Col21: k_hat=5  ACC=0.6008  NMI=0.6163  ARI=0.4154  0.4s

=== P1E_S3_C1 train[1] k=5  dim=576  frames=237  σ=0.5  fold=3 ===
  SSC-Block-TV-Col21: k_hat=5  ACC=0.8481  NMI=0.8285  ARI=0.7316  0.4s

=== P1E_S3_C1 train[2] k=5  dim=576  frames=273  σ=0.5  fold=3 ===
  SSC-Block-TV-Col21: k_hat=5  ACC=0.5238  NMI=0.6629  ARI=0.3718  0.5s

=== P1E_S3_C1 train[3] k=5  dim=576  frames=237  σ=0.5  fold=3 ===
  SSC-Block-TV-Col21: k_hat=5  ACC=0.9325  NMI=0.8842  ARI=0.8780  0.4s

=== P1E_S3_C2 train[0] k=5  dim=576  frames=232  σ=0.5  fold=3 ===
  SSC-Block-TV-Col21: k_hat=5  ACC=0.8750  NMI=0.8498  ARI=0.7291  0.4s

=== P1E_S3_C2 train[1] k=5  dim=576  frames=204  σ=0.5  fold=3 ===
  SSC-Block-TV-Col21: k_hat=5  ACC=0.9216  NMI=0.8513  ARI=0.8370  0.3s

=== P1E_S3_C2 train[2] k=5  dim=576  frames=280  σ=0.5  fold=3 ===
  SSC-Block-TV-Col21: k_hat=5  ACC=0.5857  NMI=0.6715  ARI=0.4608  0.5s

=== P1E_S3_C2 train[3] k=5  dim=576  frames=188  σ=0.5  fold=3 ===
  SSC-Block-TV-Col21: k_hat=5  ACC=0.9255  NMI=0.8936  ARI=0.8499  0.2s

=== P1E_S3_C3 train[0] k=5  dim=576  frames=170  σ=0.5  fold=3 ===
  SSC-Block-TV-Col21: k_hat=5  ACC=0.9765  NMI=0.9512  ARI=0.9345  0.2s

=== P1E_S3_C3 train[1] k=5  dim=576  frames=150  σ=0.5  fold=3 ===
  SSC-Block-TV-Col21: k_hat=5  ACC=0.9933  NMI=0.9815  ARI=0.9835  0.2s

=== P1E_S3_C3 train[2] k=5  dim=576  frames=211  σ=0.5  fold=3 ===
  SSC-Block-TV-Col21: k_hat=5  ACC=0.8626  NMI=0.8600  ARI=0.7654  0.3s

=== P1E_S3_C3 train[3] k=5  dim=576  frames=168  σ=0.5  fold=3 ===
  SSC-Block-TV-Col21: k_hat=5  ACC=0.9405  NMI=0.9039  ARI=0.8730  0.2s

=== P1E_S4_C1 train[0] k=5  dim=576  frames=231  σ=0.5  fold=3 ===
  SSC-Block-TV-Col21: k_hat=5  ACC=0.7835  NMI=0.8516  ARI=0.6801  0.4s

=== P1E_S4_C1 train[1] k=5  dim=576  frames=248  σ=0.5  fold=3 ===
  SSC-Block-TV-Col21: k_hat=5  ACC=0.9153  NMI=0.8995  ARI=0.8610  0.4s

=== P1E_S4_C1 train[2] k=5  dim=576  frames=303  σ=0.5  fold=3 ===
  SSC-Block-TV-Col21: k_hat=5  ACC=0.7096  NMI=0.7220  ARI=0.5270  0.6s

=== P1E_S4_C1 train[3] k=5  dim=576  frames=217  σ=0.5  fold=3 ===
  SSC-Block-TV-Col21: k_hat=5  ACC=0.8940  NMI=0.8457  ARI=0.7770  0.3s

=== P1E_S4_C2 train[0] k=5  dim=576  frames=201  σ=0.5  fold=3 ===
  SSC-Block-TV-Col21: k_hat=5  ACC=0.9303  NMI=0.8764  ARI=0.8351  0.3s

=== P1E_S4_C2 train[1] k=5  dim=576  frames=193  σ=0.5  fold=3 ===
  SSC-Block-TV-Col21: k_hat=5  ACC=0.9482  NMI=0.9013  ARI=0.8918  0.3s

=== P1E_S4_C2 train[2] k=5  dim=576  frames=236  σ=0.5  fold=3 ===
  SSC-Block-TV-Col21: k_hat=5  ACC=0.7585  NMI=0.7261  ARI=0.5215  0.4s

=== P1E_S4_C2 train[3] k=5  dim=576  frames=198  σ=0.5  fold=3 ===
  SSC-Block-TV-Col21: k_hat=5  ACC=0.9141  NMI=0.8763  ARI=0.8234  0.3s

=== P1E_S4_C3 train[0] k=5  dim=576  frames=132  σ=0.5  fold=3 ===
  SSC-Block-TV-Col21: k_hat=5  ACC=0.8182  NMI=0.7495  ARI=0.6290  0.1s

=== P1E_S4_C3 train[1] k=5  dim=576  frames=152  σ=0.5  fold=3 ===
  SSC-Block-TV-Col21: k_hat=5  ACC=0.9671  NMI=0.9204  ARI=0.9239  0.2s

=== P1E_S4_C3 train[2] k=5  dim=576  frames=147  σ=0.5  fold=3 ===
  SSC-Block-TV-Col21: k_hat=5  ACC=0.5374  NMI=0.5662  ARI=0.3462  0.2s

=== P1E_S4_C3 train[3] k=5  dim=576  frames=147  σ=0.5  fold=3 ===
  SSC-Block-TV-Col21: k_hat=5  ACC=0.5442  NMI=0.7244  ARI=0.5259  0.2s

=== P1L_S1_C1 train[0] k=5  dim=576  frames=289  σ=0.5  fold=3 ===
  SSC-Block-TV-Col21: k_hat=5  ACC=0.7578  NMI=0.8693  ARI=0.7311  0.5s

=== P1L_S1_C1 train[1] k=5  dim=576  frames=265  σ=0.5  fold=3 ===
  SSC-Block-TV-Col21: k_hat=5  ACC=0.9962  NMI=0.9882  ARI=0.9914  0.5s

=== P1L_S1_C1 train[2] k=5  dim=576  frames=313  σ=0.5  fold=3 ===
  SSC-Block-TV-Col21: k_hat=5  ACC=0.8243  NMI=0.8557  ARI=0.7326  0.7s

=== P1L_S1_C1 train[3] k=5  dim=576  frames=285  σ=0.5  fold=3 ===
  SSC-Block-TV-Col21: k_hat=5  ACC=0.8175  NMI=0.7795  ARI=0.6274  0.5s

=== P1L_S1_C2 train[0] k=5  dim=576  frames=286  σ=0.5  fold=3 ===
  SSC-Block-TV-Col21: k_hat=5  ACC=0.8497  NMI=0.8640  ARI=0.7141  0.5s

=== P1L_S1_C2 train[1] k=5  dim=576  frames=236  σ=0.5  fold=3 ===
  SSC-Block-TV-Col21: k_hat=5  ACC=0.8686  NMI=0.8733  ARI=0.7470  0.4s

=== P1L_S1_C2 train[2] k=5  dim=576  frames=257  σ=0.5  fold=3 ===
  SSC-Block-TV-Col21: k_hat=5  ACC=0.6031  NMI=0.6741  ARI=0.4688  0.5s

=== P1L_S1_C2 train[3] k=5  dim=576  frames=270  σ=0.5  fold=3 ===
  SSC-Block-TV-Col21: k_hat=5  ACC=0.6370  NMI=0.7151  ARI=0.4800  0.5s

=== P1L_S1_C3 train[0] k=5  dim=576  frames=108  σ=0.5  fold=3 ===
  SSC-Block-TV-Col21: k_hat=5  ACC=0.6574  NMI=0.7604  ARI=0.5497  0.1s

=== P1L_S1_C3 train[1] k=5  dim=576  frames=115  σ=0.5  fold=3 ===
  SSC-Block-TV-Col21: k_hat=5  ACC=0.7217  NMI=0.8534  ARI=0.6691  0.1s

=== P1L_S1_C3 train[2] k=5  dim=576  frames=117  σ=0.5  fold=3 ===
  SSC-Block-TV-Col21: k_hat=5  ACC=0.7009  NMI=0.7236  ARI=0.5056  0.1s

=== P1L_S1_C3 train[3] k=5  dim=576  frames=124  σ=0.5  fold=3 ===
  SSC-Block-TV-Col21: k_hat=5  ACC=0.7903  NMI=0.8681  ARI=0.7676  0.1s

=== P1L_S2_C1 train[0] k=5  dim=576  frames=348  σ=0.5  fold=3 ===
  SSC-Block-TV-Col21: k_hat=5  ACC=0.7356  NMI=0.7664  ARI=0.6027  0.7s

=== P1L_S2_C1 train[1] k=5  dim=576  frames=281  σ=0.5  fold=3 ===
  SSC-Block-TV-Col21: k_hat=5  ACC=0.9253  NMI=0.9021  ARI=0.8382  0.5s

=== P1L_S2_C1 train[2] k=5  dim=576  frames=301  σ=0.5  fold=3 ===
  SSC-Block-TV-Col21: k_hat=5  ACC=0.6645  NMI=0.7347  ARI=0.5211  0.6s

=== P1L_S2_C1 train[3] k=5  dim=576  frames=265  σ=0.5  fold=3 ===
  SSC-Block-TV-Col21: k_hat=5  ACC=0.9811  NMI=0.9565  ARI=0.9478  0.5s

=== P1L_S2_C2 train[0] k=5  dim=576  frames=300  σ=0.5  fold=3 ===
  SSC-Block-TV-Col21: k_hat=5  ACC=0.8000  NMI=0.7244  ARI=0.5473  0.6s

=== P1L_S2_C2 train[1] k=5  dim=576  frames=256  σ=0.5  fold=3 ===
  SSC-Block-TV-Col21: k_hat=5  ACC=0.9180  NMI=0.9033  ARI=0.8398  0.5s

=== P1L_S2_C2 train[2] k=5  dim=576  frames=314  σ=0.5  fold=3 ===
  SSC-Block-TV-Col21: k_hat=5  ACC=0.9013  NMI=0.8384  ARI=0.7705  0.6s

=== P1L_S2_C2 train[3] k=5  dim=576  frames=222  σ=0.5  fold=3 ===
  SSC-Block-TV-Col21: k_hat=5  ACC=0.9685  NMI=0.9344  ARI=0.9266  0.3s

=== P1L_S2_C3 train[0] k=5  dim=576  frames=191  σ=0.5  fold=3 ===
  SSC-Block-TV-Col21: k_hat=5  ACC=0.8691  NMI=0.8601  ARI=0.7100  0.3s

=== P1L_S2_C3 train[1] k=5  dim=576  frames=159  σ=0.5  fold=3 ===
  SSC-Block-TV-Col21: k_hat=5  ACC=0.9874  NMI=0.9640  ARI=0.9670  0.2s

=== P1L_S2_C3 train[2] k=5  dim=576  frames=193  σ=0.5  fold=3 ===
  SSC-Block-TV-Col21: k_hat=5  ACC=0.6736  NMI=0.7813  ARI=0.6033  0.3s

=== P1L_S2_C3 train[3] k=5  dim=576  frames=179  σ=0.5  fold=3 ===
  SSC-Block-TV-Col21: k_hat=5  ACC=0.9609  NMI=0.9136  ARI=0.9127  0.3s

=== P1L_S3_C1 train[0] k=5  dim=576  frames=246  σ=0.5  fold=3 ===
  SSC-Block-TV-Col21: k_hat=5  ACC=0.6179  NMI=0.7007  ARI=0.5044  0.4s

=== P1L_S3_C1 train[1] k=5  dim=576  frames=289  σ=0.5  fold=3 ===
  SSC-Block-TV-Col21: k_hat=5  ACC=0.7785  NMI=0.8249  ARI=0.7379  0.6s

=== P1L_S3_C1 train[2] k=5  dim=576  frames=241  σ=0.5  fold=3 ===
  SSC-Block-TV-Col21: k_hat=5  ACC=0.9087  NMI=0.8164  ARI=0.7894  0.4s

=== P1L_S3_C1 train[3] k=5  dim=576  frames=241  σ=0.5  fold=3 ===
  SSC-Block-TV-Col21: k_hat=5  ACC=0.8257  NMI=0.8396  ARI=0.7089  0.4s

=== P1L_S3_C2 train[0] k=5  dim=576  frames=262  σ=0.5  fold=3 ===
  SSC-Block-TV-Col21: k_hat=5  ACC=0.9237  NMI=0.8710  ARI=0.8289  0.5s

=== P1L_S3_C2 train[1] k=5  dim=576  frames=287  σ=0.5  fold=3 ===
  SSC-Block-TV-Col21: k_hat=5  ACC=0.9930  NMI=0.9808  ARI=0.9819  0.5s

=== P1L_S3_C2 train[2] k=5  dim=576  frames=304  σ=0.5  fold=3 ===
  SSC-Block-TV-Col21: k_hat=5  ACC=0.5000  NMI=0.6320  ARI=0.3767  0.6s

=== P1L_S3_C2 train[3] k=5  dim=576  frames=290  σ=0.5  fold=3 ===
  SSC-Block-TV-Col21: k_hat=5  ACC=0.7241  NMI=0.8272  ARI=0.6506  0.5s

=== P1L_S3_C3 train[0] k=5  dim=576  frames=231  σ=0.5  fold=3 ===
  SSC-Block-TV-Col21: k_hat=5  ACC=0.9351  NMI=0.9018  ARI=0.8265  0.4s

=== P1L_S3_C3 train[1] k=5  dim=576  frames=210  σ=0.5  fold=3 ===
  SSC-Block-TV-Col21: k_hat=5  ACC=0.9667  NMI=0.9399  ARI=0.9150  0.3s

=== P1L_S3_C3 train[2] k=5  dim=576  frames=225  σ=0.5  fold=3 ===
  SSC-Block-TV-Col21: k_hat=5  ACC=0.7467  NMI=0.7709  ARI=0.5903  0.4s

=== P1L_S3_C3 train[3] k=5  dim=576  frames=229  σ=0.5  fold=3 ===
  SSC-Block-TV-Col21: k_hat=5  ACC=0.9913  NMI=0.9788  ARI=0.9843  0.4s

=== P1L_S4_C1 train[0] k=5  dim=576  frames=313  σ=0.5  fold=3 ===
  SSC-Block-TV-Col21: k_hat=5  ACC=0.7700  NMI=0.8337  ARI=0.7436  0.6s

=== P1L_S4_C1 train[1] k=5  dim=576  frames=255  σ=0.5  fold=3 ===
  SSC-Block-TV-Col21: k_hat=5  ACC=0.9882  NMI=0.9698  ARI=0.9652  0.5s

=== P1L_S4_C1 train[2] k=5  dim=576  frames=253  σ=0.5  fold=3 ===
  SSC-Block-TV-Col21: k_hat=5  ACC=0.8854  NMI=0.8538  ARI=0.7646  0.4s

=== P1L_S4_C1 train[3] k=5  dim=576  frames=344  σ=0.5  fold=3 ===
  SSC-Block-TV-Col21: k_hat=5  ACC=0.9797  NMI=0.9507  ARI=0.9493  0.7s

=== P1L_S4_C2 train[0] k=5  dim=576  frames=267  σ=0.5  fold=3 ===
  SSC-Block-TV-Col21: k_hat=5  ACC=0.8015  NMI=0.7507  ARI=0.5963  0.5s

=== P1L_S4_C2 train[1] k=5  dim=576  frames=257  σ=0.5  fold=3 ===
  SSC-Block-TV-Col21: k_hat=5  ACC=0.9961  NMI=0.9877  ARI=0.9895  0.4s

=== P1L_S4_C2 train[2] k=5  dim=576  frames=279  σ=0.5  fold=3 ===
  SSC-Block-TV-Col21: k_hat=5  ACC=0.9534  NMI=0.9101  ARI=0.9031  0.5s

=== P1L_S4_C2 train[3] k=5  dim=576  frames=266  σ=0.5  fold=3 ===
  SSC-Block-TV-Col21: k_hat=5  ACC=0.9173  NMI=0.8503  ARI=0.8151  0.5s

=== P1L_S4_C3 train[0] k=5  dim=576  frames=180  σ=0.5  fold=3 ===
  SSC-Block-TV-Col21: k_hat=5  ACC=0.7944  NMI=0.7915  ARI=0.6186  0.2s

=== P1L_S4_C3 train[1] k=5  dim=576  frames=158  σ=0.5  fold=3 ===
  SSC-Block-TV-Col21: k_hat=5  ACC=0.9937  NMI=0.9815  ARI=0.9821  0.2s

=== P1L_S4_C3 train[2] k=5  dim=576  frames=188  σ=0.5  fold=3 ===
  SSC-Block-TV-Col21: k_hat=5  ACC=0.8245  NMI=0.8594  ARI=0.7551  0.2s

=== P1L_S4_C3 train[3] k=5  dim=576  frames=185  σ=0.5  fold=3 ===
  SSC-Block-TV-Col21: k_hat=5  ACC=0.9838  NMI=0.9652  ARI=0.9630  0.3s

=== P1E_S1_C1 test[0] k=5  dim=576  frames=242  σ=0.5  fold=3 ===
  SSC-Block-TV-Col21: k_hat=5  ACC=0.6653  NMI=0.7410  ARI=0.5654  0.4s

=== P1E_S1_C2 test[0] k=5  dim=576  frames=199  σ=0.5  fold=3 ===
  SSC-Block-TV-Col21: k_hat=5  ACC=0.6935  NMI=0.7881  ARI=0.6327  0.3s

=== P1E_S1_C3 test[0] k=5  dim=576  frames=87  σ=0.5  fold=3 ===
  SSC-Block-TV-Col21: k_hat=5  ACC=0.5402  NMI=0.5414  ARI=0.2625  0.1s

=== P1E_S2_C1 test[0] k=5  dim=576  frames=232  σ=0.5  fold=3 ===
  SSC-Block-TV-Col21: k_hat=5  ACC=0.6164  NMI=0.7456  ARI=0.5370  0.4s

=== P1E_S2_C2 test[0] k=5  dim=576  frames=192  σ=0.5  fold=3 ===
  SSC-Block-TV-Col21: k_hat=5  ACC=0.7448  NMI=0.7715  ARI=0.6278  0.3s

=== P1E_S2_C3 test[0] k=5  dim=576  frames=160  σ=0.5  fold=3 ===
  SSC-Block-TV-Col21: k_hat=5  ACC=0.8313  NMI=0.8513  ARI=0.7760  0.2s

=== P1E_S3_C1 test[0] k=5  dim=576  frames=250  σ=0.5  fold=3 ===
  SSC-Block-TV-Col21: k_hat=5  ACC=0.6400  NMI=0.6907  ARI=0.5128  0.4s

=== P1E_S3_C2 test[0] k=5  dim=576  frames=222  σ=0.5  fold=3 ===
  SSC-Block-TV-Col21: k_hat=5  ACC=0.7117  NMI=0.7632  ARI=0.5861  0.3s

=== P1E_S3_C3 test[0] k=5  dim=576  frames=167  σ=0.5  fold=3 ===
  SSC-Block-TV-Col21: k_hat=5  ACC=0.7305  NMI=0.8704  ARI=0.7379  0.2s

=== P1E_S4_C1 test[0] k=5  dim=576  frames=248  σ=0.5  fold=3 ===
  SSC-Block-TV-Col21: k_hat=5  ACC=0.7379  NMI=0.7830  ARI=0.6385  0.4s

=== P1E_S4_C2 test[0] k=5  dim=576  frames=223  σ=0.5  fold=3 ===
  SSC-Block-TV-Col21: k_hat=5  ACC=0.6996  NMI=0.8319  ARI=0.6672  0.4s

=== P1E_S4_C3 test[0] k=5  dim=576  frames=141  σ=0.5  fold=3 ===
  SSC-Block-TV-Col21: k_hat=5  ACC=0.5177  NMI=0.7312  ARI=0.5284  0.2s

=== P1L_S1_C1 test[0] k=5  dim=576  frames=239  σ=0.5  fold=3 ===
  SSC-Block-TV-Col21: k_hat=5  ACC=0.9079  NMI=0.9138  ARI=0.8817  0.4s

=== P1L_S1_C2 test[0] k=5  dim=576  frames=260  σ=0.5  fold=3 ===
  SSC-Block-TV-Col21: k_hat=5  ACC=0.6115  NMI=0.7587  ARI=0.5687  0.4s

=== P1L_S1_C3 test[0] k=5  dim=576  frames=101  σ=0.5  fold=3 ===
  SSC-Block-TV-Col21: k_hat=5  ACC=0.7525  NMI=0.7937  ARI=0.6527  0.1s

=== P1L_S2_C1 test[0] k=5  dim=576  frames=275  σ=0.5  fold=3 ===
  SSC-Block-TV-Col21: k_hat=5  ACC=0.9055  NMI=0.8905  ARI=0.8486  0.5s

=== P1L_S2_C2 test[0] k=5  dim=576  frames=301  σ=0.5  fold=3 ===
  SSC-Block-TV-Col21: k_hat=5  ACC=0.7874  NMI=0.7786  ARI=0.6137  0.6s

=== P1L_S2_C3 test[0] k=5  dim=576  frames=175  σ=0.5  fold=3 ===
  SSC-Block-TV-Col21: k_hat=5  ACC=0.8514  NMI=0.8179  ARI=0.7049  0.2s

=== P1L_S3_C1 test[0] k=5  dim=576  frames=312  σ=0.5  fold=3 ===
  SSC-Block-TV-Col21: k_hat=5  ACC=0.7468  NMI=0.7699  ARI=0.5932  0.6s

=== P1L_S3_C2 test[0] k=5  dim=576  frames=329  σ=0.5  fold=3 ===
  SSC-Block-TV-Col21: k_hat=5  ACC=0.6383  NMI=0.7822  ARI=0.6251  0.7s

=== P1L_S3_C3 test[0] k=5  dim=576  frames=210  σ=0.5  fold=3 ===
  SSC-Block-TV-Col21: k_hat=5  ACC=0.7810  NMI=0.7453  ARI=0.5898  0.3s

=== P1L_S4_C1 test[0] k=5  dim=576  frames=278  σ=0.5  fold=3 ===
  SSC-Block-TV-Col21: k_hat=5  ACC=0.8201  NMI=0.8847  ARI=0.7611  0.5s

=== P1L_S4_C2 test[0] k=5  dim=576  frames=258  σ=0.5  fold=3 ===
  SSC-Block-TV-Col21: k_hat=5  ACC=0.6783  NMI=0.7659  ARI=0.5961  0.4s

=== P1L_S4_C3 test[0] k=5  dim=576  frames=169  σ=0.5  fold=3 ===
  SSC-Block-TV-Col21: k_hat=5  ACC=0.7041  NMI=0.7919  ARI=0.6255  0.2s
  tune_pool_groups=20: sampling from 20 held-in people (overlap allowed) instead of the 4 fixed partition group(s)

============================================================
σ=0.5 fold=4  test=['0003', '0012', '0017', '0018', '0020']  train mats=96  test mats=24  tune mats=480
  --- tune SSC-Block-TV-Col21 over 480 train mats  n_trials=40 (4 params) ---
  SSC-Block-TV-Col21 trial 0: mean ARI=0.3647  n=480  175.1s  lambda_e=1, lambda_z=0.1, gamma_q=0.1, block_size=5
  SSC-Block-TV-Col21 trial 1: mean ARI=0.3660  n=480  173.8s  lambda_e=0.443, lambda_z=0.7257, gamma_q=0.2577, block_size=7
  SSC-Block-TV-Col21 trial 2: mean ARI=0.4058  n=480  171.4s  lambda_e=0.1866, lambda_z=0.3833, gamma_q=0.05628, block_size=11
  SSC-Block-TV-Col21 trial 3: mean ARI=0.3645  n=480  160.7s  lambda_e=7.78, lambda_z=0.03418, gamma_q=1.469, block_size=7
  SSC-Block-TV-Col21 trial 4: mean ARI=0.5263  n=480  167.8s  lambda_e=0.506, lambda_z=5.039, gamma_q=0.001924, block_size=2
  SSC-Block-TV-Col21 trial 5: mean ARI=0.3213  n=480  155.6s  lambda_e=0.0115, lambda_z=2.14, gamma_q=1.296, block_size=11
  SSC-Block-TV-Col21 trial 6: mean ARI=0.3907  n=480  157.5s  lambda_e=8.627, lambda_z=1.573, gamma_q=0.07013, block_size=10
  SSC-Block-TV-Col21 trial 7: mean ARI=0.5487  n=480  156.7s  lambda_e=0.02264, lambda_z=0.3628, gamma_q=0.003745, block_size=12
  SSC-Block-TV-Col21 trial 8: mean ARI=0.5260  n=480  156.4s  lambda_e=0.3677, lambda_z=0.04557, gamma_q=0.01143, block_size=10
  SSC-Block-TV-Col21 trial 9: mean ARI=0.5070  n=480  157.8s  lambda_e=0.2336, lambda_z=0.1878, gamma_q=0.001189, block_size=8
  SSC-Block-TV-Col21 trial 10: mean ARI=0.4270  n=480  168.4s  lambda_e=0.01151, lambda_z=0.001661, gamma_q=6.473, block_size=2
  SSC-Block-TV-Col21 trial 11: mean ARI=0.5293  n=480  164.9s  lambda_e=0.05517, lambda_z=9.283, gamma_q=0.00145, block_size=3
  SSC-Block-TV-Col21 trial 12: mean ARI=0.5016  n=480  161.3s  lambda_e=0.03673, lambda_z=9.455, gamma_q=0.006496, block_size=4
  SSC-Block-TV-Col21 trial 13: mean ARI=0.5467  n=480  160.0s  lambda_e=0.06593, lambda_z=0.003989, gamma_q=0.006932, block_size=5
  SSC-Block-TV-Col21 trial 14: mean ARI=0.5350  n=480  156.9s  lambda_e=0.05946, lambda_z=0.003894, gamma_q=0.008555, block_size=12
  SSC-Block-TV-Col21 trial 15: mean ARI=0.4732  n=480  160.2s  lambda_e=0.09713, lambda_z=0.00598, gamma_q=0.02225, block_size=5
  SSC-Block-TV-Col21 trial 16: mean ARI=0.6476  n=480  157.4s  lambda_e=0.0268, lambda_z=0.01022, gamma_q=0.003587, block_size=8
  SSC-Block-TV-Col21 trial 17: mean ARI=0.6243  n=480  157.4s  lambda_e=0.02314, lambda_z=0.01959, gamma_q=0.003515, block_size=9
  SSC-Block-TV-Col21 trial 18: mean ARI=0.4536  n=480  158.0s  lambda_e=0.02137, lambda_z=0.01069, gamma_q=0.02151, block_size=7
  SSC-Block-TV-Col21 trial 19: mean ARI=0.6385  n=480  157.1s  lambda_e=0.02325, lambda_z=0.01508, gamma_q=0.002981, block_size=9
  SSC-Block-TV-Col21 trial 20: mean ARI=0.4785  n=480  156.9s  lambda_e=0.1254, lambda_z=0.001216, gamma_q=0.02798, block_size=8
  SSC-Block-TV-Col21 trial 21: mean ARI=0.6322  n=480  157.0s  lambda_e=0.02357, lambda_z=0.0182, gamma_q=0.003128, block_size=9
  SSC-Block-TV-Col21 trial 22: mean ARI=0.6280  n=480  156.7s  lambda_e=0.03122, lambda_z=0.01736, gamma_q=0.003604, block_size=9
  SSC-Block-TV-Col21 trial 23: mean ARI=0.6390  n=480  156.5s  lambda_e=0.01174, lambda_z=0.06681, gamma_q=0.001058, block_size=9
  SSC-Block-TV-Col21 trial 24: mean ARI=0.6422  n=480  157.3s  lambda_e=0.01162, lambda_z=0.07135, gamma_q=0.001194, block_size=8
  SSC-Block-TV-Col21 trial 25: mean ARI=0.6543  n=480  159.4s  lambda_e=0.01015, lambda_z=0.09444, gamma_q=0.001157, block_size=6
  SSC-Block-TV-Col21 trial 26: mean ARI=0.6483  n=480  158.9s  lambda_e=0.01087, lambda_z=0.132, gamma_q=0.001035, block_size=6
  SSC-Block-TV-Col21 trial 27: mean ARI=0.5354  n=480  159.4s  lambda_e=0.04006, lambda_z=0.111, gamma_q=0.01264, block_size=6
  SSC-Block-TV-Col21 trial 28: mean ARI=0.5315  n=480  157.9s  lambda_e=2.859, lambda_z=0.2135, gamma_q=0.001812, block_size=6
  SSC-Block-TV-Col21 trial 29: mean ARI=0.6295  n=480  158.7s  lambda_e=0.01465, lambda_z=0.03848, gamma_q=0.005159, block_size=6
  SSC-Block-TV-Col21 trial 30: mean ARI=0.5704  n=480  159.8s  lambda_e=0.08933, lambda_z=0.1409, gamma_q=0.002007, block_size=5
  SSC-Block-TV-Col21 trial 31: mean ARI=0.6313  n=480  157.4s  lambda_e=0.01497, lambda_z=0.06893, gamma_q=0.001206, block_size=8
  SSC-Block-TV-Col21 trial 32: mean ARI=0.5960  n=480  157.7s  lambda_e=0.01044, lambda_z=0.44, gamma_q=0.002195, block_size=7
  SSC-Block-TV-Col21 trial 33: mean ARI=0.3470  n=480  158.2s  lambda_e=0.01631, lambda_z=1.139, gamma_q=0.1992, block_size=6
  SSC-Block-TV-Col21 trial 34: mean ARI=0.6357  n=480  162.0s  lambda_e=0.03821, lambda_z=0.07769, gamma_q=0.001059, block_size=4
  SSC-Block-TV-Col21 trial 35: mean ARI=0.5853  n=480  162.6s  lambda_e=0.01665, lambda_z=0.2523, gamma_q=0.004759, block_size=7
  SSC-Block-TV-Col21 trial 36: mean ARI=0.6088  n=480  168.9s  lambda_e=0.03148, lambda_z=0.03075, gamma_q=0.002419, block_size=8
  SSC-Block-TV-Col21 trial 37: mean ARI=0.4984  n=480  158.6s  lambda_e=0.01048, lambda_z=0.5025, gamma_q=0.01279, block_size=7
  SSC-Block-TV-Col21 trial 38: mean ARI=0.6586  n=480  157.3s  lambda_e=0.04905, lambda_z=0.009301, gamma_q=0.001867, block_size=10
  SSC-Block-TV-Col21 trial 39: mean ARI=0.4200  n=480  157.4s  lambda_e=0.1781, lambda_z=0.007287, gamma_q=0.03617, block_size=10
    best mean ARI=0.6586  tune 6413.5s  lambda_e=0.04905, lambda_z=0.009301, gamma_q=0.001867, block_size=10
  wrote /nfs/turbo/umms-minjilab/lpullela/icassp_ssc_tv2/block_ssc_benchmark/cv/params/surveillance/split_k5_sigmas_min30_trials20_params_knownk_cv_ssc_block_tv_col21_k5_sigma0p5_sigma0.5_fold4.json

=== P1E_S1_C1 train[0] k=5  dim=576  frames=249  σ=0.5  fold=4 ===
  SSC-Block-TV-Col21: k_hat=5  ACC=0.7349  NMI=0.8242  ARI=0.6596  0.4s

=== P1E_S1_C1 train[1] k=5  dim=576  frames=212  σ=0.5  fold=4 ===
  SSC-Block-TV-Col21: k_hat=5  ACC=0.9858  NMI=0.9671  ARI=0.9634  0.3s

=== P1E_S1_C1 train[2] k=5  dim=576  frames=265  σ=0.5  fold=4 ===
  SSC-Block-TV-Col21: k_hat=5  ACC=0.4679  NMI=0.6753  ARI=0.3845  0.4s

=== P1E_S1_C1 train[3] k=5  dim=576  frames=242  σ=0.5  fold=4 ===
  SSC-Block-TV-Col21: k_hat=5  ACC=0.6653  NMI=0.7410  ARI=0.5654  0.4s

=== P1E_S1_C2 train[0] k=5  dim=576  frames=231  σ=0.5  fold=4 ===
  SSC-Block-TV-Col21: k_hat=5  ACC=0.9134  NMI=0.8484  ARI=0.7917  0.3s

=== P1E_S1_C2 train[1] k=5  dim=576  frames=188  σ=0.5  fold=4 ===
  SSC-Block-TV-Col21: k_hat=5  ACC=0.9096  NMI=0.8963  ARI=0.8623  0.2s

=== P1E_S1_C2 train[2] k=5  dim=576  frames=198  σ=0.5  fold=4 ===
  SSC-Block-TV-Col21: k_hat=5  ACC=0.6515  NMI=0.6840  ARI=0.5000  0.2s

=== P1E_S1_C2 train[3] k=5  dim=576  frames=199  σ=0.5  fold=4 ===
  SSC-Block-TV-Col21: k_hat=5  ACC=0.6935  NMI=0.7881  ARI=0.6327  0.3s

=== P1E_S1_C3 train[0] k=5  dim=576  frames=98  σ=0.5  fold=4 ===
  SSC-Block-TV-Col21: k_hat=5  ACC=0.6837  NMI=0.7218  ARI=0.5423  0.1s

=== P1E_S1_C3 train[1] k=5  dim=576  frames=93  σ=0.5  fold=4 ===
  SSC-Block-TV-Col21: k_hat=5  ACC=0.6559  NMI=0.7470  ARI=0.5204  0.1s

=== P1E_S1_C3 train[2] k=5  dim=576  frames=68  σ=0.5  fold=4 ===
  SSC-Block-TV-Col21: k_hat=5  ACC=0.6618  NMI=0.6593  ARI=0.4257  0.1s

=== P1E_S1_C3 train[3] k=5  dim=576  frames=87  σ=0.5  fold=4 ===
  SSC-Block-TV-Col21: k_hat=5  ACC=0.5402  NMI=0.5414  ARI=0.2625  0.1s

=== P1E_S2_C1 train[0] k=5  dim=576  frames=268  σ=0.5  fold=4 ===
  SSC-Block-TV-Col21: k_hat=5  ACC=0.6381  NMI=0.6838  ARI=0.5218  0.4s

=== P1E_S2_C1 train[1] k=5  dim=576  frames=250  σ=0.5  fold=4 ===
  SSC-Block-TV-Col21: k_hat=5  ACC=0.9400  NMI=0.9199  ARI=0.8836  0.4s

=== P1E_S2_C1 train[2] k=5  dim=576  frames=265  σ=0.5  fold=4 ===
  SSC-Block-TV-Col21: k_hat=5  ACC=0.5170  NMI=0.6695  ARI=0.4130  0.4s

=== P1E_S2_C1 train[3] k=5  dim=576  frames=232  σ=0.5  fold=4 ===
  SSC-Block-TV-Col21: k_hat=5  ACC=0.6164  NMI=0.7456  ARI=0.5370  0.3s

=== P1E_S2_C2 train[0] k=5  dim=576  frames=223  σ=0.5  fold=4 ===
  SSC-Block-TV-Col21: k_hat=5  ACC=0.9327  NMI=0.8984  ARI=0.8473  0.3s

=== P1E_S2_C2 train[1] k=5  dim=576  frames=196  σ=0.5  fold=4 ===
  SSC-Block-TV-Col21: k_hat=5  ACC=0.9133  NMI=0.8515  ARI=0.7949  0.2s

=== P1E_S2_C2 train[2] k=5  dim=576  frames=219  σ=0.5  fold=4 ===
  SSC-Block-TV-Col21: k_hat=5  ACC=0.8950  NMI=0.8288  ARI=0.7633  0.3s

=== P1E_S2_C2 train[3] k=5  dim=576  frames=192  σ=0.5  fold=4 ===
  SSC-Block-TV-Col21: k_hat=5  ACC=0.6406  NMI=0.7368  ARI=0.5529  0.2s

=== P1E_S2_C3 train[0] k=5  dim=576  frames=173  σ=0.5  fold=4 ===
  SSC-Block-TV-Col21: k_hat=5  ACC=0.9595  NMI=0.9142  ARI=0.8958  0.2s

=== P1E_S2_C3 train[1] k=5  dim=576  frames=156  σ=0.5  fold=4 ===
  SSC-Block-TV-Col21: k_hat=5  ACC=0.9744  NMI=0.9417  ARI=0.9361  0.2s

=== P1E_S2_C3 train[2] k=5  dim=576  frames=173  σ=0.5  fold=4 ===
  SSC-Block-TV-Col21: k_hat=5  ACC=0.3815  NMI=0.4399  ARI=0.1478  0.2s

=== P1E_S2_C3 train[3] k=5  dim=576  frames=160  σ=0.5  fold=4 ===
  SSC-Block-TV-Col21: k_hat=5  ACC=0.8313  NMI=0.8513  ARI=0.7760  0.2s

=== P1E_S3_C1 train[0] k=5  dim=576  frames=258  σ=0.5  fold=4 ===
  SSC-Block-TV-Col21: k_hat=5  ACC=0.6008  NMI=0.6163  ARI=0.4154  0.4s

=== P1E_S3_C1 train[1] k=5  dim=576  frames=237  σ=0.5  fold=4 ===
  SSC-Block-TV-Col21: k_hat=5  ACC=0.8481  NMI=0.8285  ARI=0.7316  0.3s

=== P1E_S3_C1 train[2] k=5  dim=576  frames=273  σ=0.5  fold=4 ===
  SSC-Block-TV-Col21: k_hat=5  ACC=0.5348  NMI=0.6641  ARI=0.3737  0.4s

=== P1E_S3_C1 train[3] k=5  dim=576  frames=250  σ=0.5  fold=4 ===
  SSC-Block-TV-Col21: k_hat=5  ACC=0.6400  NMI=0.6907  ARI=0.5128  0.4s

=== P1E_S3_C2 train[0] k=5  dim=576  frames=232  σ=0.5  fold=4 ===
  SSC-Block-TV-Col21: k_hat=5  ACC=0.8750  NMI=0.8498  ARI=0.7291  0.3s

=== P1E_S3_C2 train[1] k=5  dim=576  frames=204  σ=0.5  fold=4 ===
  SSC-Block-TV-Col21: k_hat=5  ACC=0.9216  NMI=0.8513  ARI=0.8370  0.3s

=== P1E_S3_C2 train[2] k=5  dim=576  frames=280  σ=0.5  fold=4 ===
  SSC-Block-TV-Col21: k_hat=5  ACC=0.5857  NMI=0.6715  ARI=0.4608  0.5s

=== P1E_S3_C2 train[3] k=5  dim=576  frames=222  σ=0.5  fold=4 ===
  SSC-Block-TV-Col21: k_hat=5  ACC=0.7117  NMI=0.7632  ARI=0.5861  0.3s

=== P1E_S3_C3 train[0] k=5  dim=576  frames=170  σ=0.5  fold=4 ===
  SSC-Block-TV-Col21: k_hat=5  ACC=0.9765  NMI=0.9512  ARI=0.9345  0.2s

=== P1E_S3_C3 train[1] k=5  dim=576  frames=150  σ=0.5  fold=4 ===
  SSC-Block-TV-Col21: k_hat=5  ACC=0.9933  NMI=0.9815  ARI=0.9835  0.2s

=== P1E_S3_C3 train[2] k=5  dim=576  frames=211  σ=0.5  fold=4 ===
  SSC-Block-TV-Col21: k_hat=5  ACC=0.8626  NMI=0.8600  ARI=0.7654  0.3s

=== P1E_S3_C3 train[3] k=5  dim=576  frames=167  σ=0.5  fold=4 ===
  SSC-Block-TV-Col21: k_hat=5  ACC=0.7305  NMI=0.8704  ARI=0.7379  0.2s

=== P1E_S4_C1 train[0] k=5  dim=576  frames=231  σ=0.5  fold=4 ===
  SSC-Block-TV-Col21: k_hat=5  ACC=0.7835  NMI=0.8516  ARI=0.6801  0.3s

=== P1E_S4_C1 train[1] k=5  dim=576  frames=248  σ=0.5  fold=4 ===
  SSC-Block-TV-Col21: k_hat=5  ACC=0.9153  NMI=0.8995  ARI=0.8610  0.3s

=== P1E_S4_C1 train[2] k=5  dim=576  frames=303  σ=0.5  fold=4 ===
  SSC-Block-TV-Col21: k_hat=5  ACC=0.7096  NMI=0.7220  ARI=0.5270  0.5s

=== P1E_S4_C1 train[3] k=5  dim=576  frames=248  σ=0.5  fold=4 ===
  SSC-Block-TV-Col21: k_hat=5  ACC=0.7379  NMI=0.7830  ARI=0.6385  0.3s

=== P1E_S4_C2 train[0] k=5  dim=576  frames=201  σ=0.5  fold=4 ===
  SSC-Block-TV-Col21: k_hat=5  ACC=0.9303  NMI=0.8764  ARI=0.8351  0.3s

=== P1E_S4_C2 train[1] k=5  dim=576  frames=193  σ=0.5  fold=4 ===
  SSC-Block-TV-Col21: k_hat=5  ACC=0.9482  NMI=0.9013  ARI=0.8918  0.2s

=== P1E_S4_C2 train[2] k=5  dim=576  frames=236  σ=0.5  fold=4 ===
  SSC-Block-TV-Col21: k_hat=5  ACC=0.7585  NMI=0.7261  ARI=0.5215  0.3s

=== P1E_S4_C2 train[3] k=5  dim=576  frames=223  σ=0.5  fold=4 ===
  SSC-Block-TV-Col21: k_hat=5  ACC=0.6996  NMI=0.8319  ARI=0.6672  0.3s

=== P1E_S4_C3 train[0] k=5  dim=576  frames=132  σ=0.5  fold=4 ===
  SSC-Block-TV-Col21: k_hat=5  ACC=0.8182  NMI=0.7495  ARI=0.6290  0.1s

=== P1E_S4_C3 train[1] k=5  dim=576  frames=152  σ=0.5  fold=4 ===
  SSC-Block-TV-Col21: k_hat=5  ACC=0.9605  NMI=0.9086  ARI=0.9110  0.2s

=== P1E_S4_C3 train[2] k=5  dim=576  frames=147  σ=0.5  fold=4 ===
  SSC-Block-TV-Col21: k_hat=5  ACC=0.5374  NMI=0.5662  ARI=0.3462  0.2s

=== P1E_S4_C3 train[3] k=5  dim=576  frames=141  σ=0.5  fold=4 ===
  SSC-Block-TV-Col21: k_hat=5  ACC=0.5177  NMI=0.7312  ARI=0.5284  0.2s

=== P1L_S1_C1 train[0] k=5  dim=576  frames=289  σ=0.5  fold=4 ===
  SSC-Block-TV-Col21: k_hat=5  ACC=0.7578  NMI=0.8693  ARI=0.7311  0.5s

=== P1L_S1_C1 train[1] k=5  dim=576  frames=265  σ=0.5  fold=4 ===
  SSC-Block-TV-Col21: k_hat=5  ACC=0.9962  NMI=0.9882  ARI=0.9914  0.4s

=== P1L_S1_C1 train[2] k=5  dim=576  frames=313  σ=0.5  fold=4 ===
  SSC-Block-TV-Col21: k_hat=5  ACC=0.8243  NMI=0.8557  ARI=0.7326  0.6s

=== P1L_S1_C1 train[3] k=5  dim=576  frames=239  σ=0.5  fold=4 ===
  SSC-Block-TV-Col21: k_hat=5  ACC=0.9079  NMI=0.9138  ARI=0.8817  0.4s

=== P1L_S1_C2 train[0] k=5  dim=576  frames=286  σ=0.5  fold=4 ===
  SSC-Block-TV-Col21: k_hat=5  ACC=0.8497  NMI=0.8640  ARI=0.7141  0.5s

=== P1L_S1_C2 train[1] k=5  dim=576  frames=236  σ=0.5  fold=4 ===
  SSC-Block-TV-Col21: k_hat=5  ACC=0.8686  NMI=0.8733  ARI=0.7470  0.3s

=== P1L_S1_C2 train[2] k=5  dim=576  frames=257  σ=0.5  fold=4 ===
  SSC-Block-TV-Col21: k_hat=5  ACC=0.6031  NMI=0.6741  ARI=0.4688  0.4s

=== P1L_S1_C2 train[3] k=5  dim=576  frames=260  σ=0.5  fold=4 ===
  SSC-Block-TV-Col21: k_hat=5  ACC=0.6115  NMI=0.7587  ARI=0.5687  0.4s

=== P1L_S1_C3 train[0] k=5  dim=576  frames=108  σ=0.5  fold=4 ===
  SSC-Block-TV-Col21: k_hat=5  ACC=0.6574  NMI=0.7604  ARI=0.5497  0.1s

=== P1L_S1_C3 train[1] k=5  dim=576  frames=115  σ=0.5  fold=4 ===
  SSC-Block-TV-Col21: k_hat=5  ACC=0.7217  NMI=0.8534  ARI=0.6691  0.1s

=== P1L_S1_C3 train[2] k=5  dim=576  frames=117  σ=0.5  fold=4 ===
  SSC-Block-TV-Col21: k_hat=5  ACC=0.7009  NMI=0.7236  ARI=0.5056  0.1s

=== P1L_S1_C3 train[3] k=5  dim=576  frames=101  σ=0.5  fold=4 ===
  SSC-Block-TV-Col21: k_hat=5  ACC=0.7525  NMI=0.7937  ARI=0.6527  0.1s

=== P1L_S2_C1 train[0] k=5  dim=576  frames=348  σ=0.5  fold=4 ===
  SSC-Block-TV-Col21: k_hat=5  ACC=0.7356  NMI=0.7664  ARI=0.6027  0.7s

=== P1L_S2_C1 train[1] k=5  dim=576  frames=281  σ=0.5  fold=4 ===
  SSC-Block-TV-Col21: k_hat=5  ACC=0.9253  NMI=0.9021  ARI=0.8382  0.5s

=== P1L_S2_C1 train[2] k=5  dim=576  frames=301  σ=0.5  fold=4 ===
  SSC-Block-TV-Col21: k_hat=5  ACC=0.6645  NMI=0.7347  ARI=0.5211  0.5s

=== P1L_S2_C1 train[3] k=5  dim=576  frames=275  σ=0.5  fold=4 ===
  SSC-Block-TV-Col21: k_hat=5  ACC=0.9055  NMI=0.8905  ARI=0.8486  0.5s

=== P1L_S2_C2 train[0] k=5  dim=576  frames=300  σ=0.5  fold=4 ===
  SSC-Block-TV-Col21: k_hat=5  ACC=0.8000  NMI=0.7244  ARI=0.5473  0.5s

=== P1L_S2_C2 train[1] k=5  dim=576  frames=256  σ=0.5  fold=4 ===
  SSC-Block-TV-Col21: k_hat=5  ACC=0.9180  NMI=0.9033  ARI=0.8398  0.4s

=== P1L_S2_C2 train[2] k=5  dim=576  frames=314  σ=0.5  fold=4 ===
  SSC-Block-TV-Col21: k_hat=5  ACC=0.9013  NMI=0.8384  ARI=0.7705  0.6s

=== P1L_S2_C2 train[3] k=5  dim=576  frames=301  σ=0.5  fold=4 ===
  SSC-Block-TV-Col21: k_hat=5  ACC=0.7874  NMI=0.7786  ARI=0.6137  0.5s

=== P1L_S2_C3 train[0] k=5  dim=576  frames=191  σ=0.5  fold=4 ===
  SSC-Block-TV-Col21: k_hat=5  ACC=0.8691  NMI=0.8601  ARI=0.7100  0.2s

=== P1L_S2_C3 train[1] k=5  dim=576  frames=159  σ=0.5  fold=4 ===
  SSC-Block-TV-Col21: k_hat=5  ACC=0.9874  NMI=0.9640  ARI=0.9670  0.2s

=== P1L_S2_C3 train[2] k=5  dim=576  frames=193  σ=0.5  fold=4 ===
  SSC-Block-TV-Col21: k_hat=5  ACC=0.6632  NMI=0.7737  ARI=0.6020  0.2s

=== P1L_S2_C3 train[3] k=5  dim=576  frames=175  σ=0.5  fold=4 ===
  SSC-Block-TV-Col21: k_hat=5  ACC=0.8514  NMI=0.8179  ARI=0.7049  0.2s

=== P1L_S3_C1 train[0] k=5  dim=576  frames=246  σ=0.5  fold=4 ===
  SSC-Block-TV-Col21: k_hat=5  ACC=0.7480  NMI=0.7721  ARI=0.5904  0.4s

=== P1L_S3_C1 train[1] k=5  dim=576  frames=289  σ=0.5  fold=4 ===
  SSC-Block-TV-Col21: k_hat=5  ACC=0.7785  NMI=0.8249  ARI=0.7379  0.5s

=== P1L_S3_C1 train[2] k=5  dim=576  frames=241  σ=0.5  fold=4 ===
  SSC-Block-TV-Col21: k_hat=5  ACC=0.8921  NMI=0.7976  ARI=0.7554  0.3s

=== P1L_S3_C1 train[3] k=5  dim=576  frames=312  σ=0.5  fold=4 ===
  SSC-Block-TV-Col21: k_hat=5  ACC=0.7468  NMI=0.7699  ARI=0.5932  0.5s

=== P1L_S3_C2 train[0] k=5  dim=576  frames=262  σ=0.5  fold=4 ===
  SSC-Block-TV-Col21: k_hat=5  ACC=0.9237  NMI=0.8710  ARI=0.8289  0.4s

=== P1L_S3_C2 train[1] k=5  dim=576  frames=287  σ=0.5  fold=4 ===
  SSC-Block-TV-Col21: k_hat=5  ACC=0.9930  NMI=0.9808  ARI=0.9819  0.5s

=== P1L_S3_C2 train[2] k=5  dim=576  frames=304  σ=0.5  fold=4 ===
  SSC-Block-TV-Col21: k_hat=5  ACC=0.5000  NMI=0.6320  ARI=0.3767  0.5s

=== P1L_S3_C2 train[3] k=5  dim=576  frames=329  σ=0.5  fold=4 ===
  SSC-Block-TV-Col21: k_hat=5  ACC=0.6383  NMI=0.7822  ARI=0.6251  0.6s

=== P1L_S3_C3 train[0] k=5  dim=576  frames=231  σ=0.5  fold=4 ===
  SSC-Block-TV-Col21: k_hat=5  ACC=0.9351  NMI=0.9018  ARI=0.8265  0.3s

=== P1L_S3_C3 train[1] k=5  dim=576  frames=210  σ=0.5  fold=4 ===
  SSC-Block-TV-Col21: k_hat=5  ACC=0.9667  NMI=0.9399  ARI=0.9150  0.3s

=== P1L_S3_C3 train[2] k=5  dim=576  frames=225  σ=0.5  fold=4 ===
  SSC-Block-TV-Col21: k_hat=5  ACC=0.7467  NMI=0.7709  ARI=0.5903  0.3s

=== P1L_S3_C3 train[3] k=5  dim=576  frames=210  σ=0.5  fold=4 ===
  SSC-Block-TV-Col21: k_hat=5  ACC=0.7810  NMI=0.7453  ARI=0.5898  0.3s

=== P1L_S4_C1 train[0] k=5  dim=576  frames=313  σ=0.5  fold=4 ===
  SSC-Block-TV-Col21: k_hat=5  ACC=0.7700  NMI=0.8337  ARI=0.7436  0.6s

=== P1L_S4_C1 train[1] k=5  dim=576  frames=255  σ=0.5  fold=4 ===
  SSC-Block-TV-Col21: k_hat=5  ACC=0.9882  NMI=0.9698  ARI=0.9652  0.4s

=== P1L_S4_C1 train[2] k=5  dim=576  frames=253  σ=0.5  fold=4 ===
  SSC-Block-TV-Col21: k_hat=5  ACC=0.8854  NMI=0.8538  ARI=0.7646  0.4s

=== P1L_S4_C1 train[3] k=5  dim=576  frames=278  σ=0.5  fold=4 ===
  SSC-Block-TV-Col21: k_hat=5  ACC=0.8201  NMI=0.8847  ARI=0.7611  0.5s

=== P1L_S4_C2 train[0] k=5  dim=576  frames=267  σ=0.5  fold=4 ===
  SSC-Block-TV-Col21: k_hat=5  ACC=0.8015  NMI=0.7507  ARI=0.5963  0.4s

=== P1L_S4_C2 train[1] k=5  dim=576  frames=257  σ=0.5  fold=4 ===
  SSC-Block-TV-Col21: k_hat=5  ACC=0.9961  NMI=0.9877  ARI=0.9895  0.4s

=== P1L_S4_C2 train[2] k=5  dim=576  frames=279  σ=0.5  fold=4 ===
  SSC-Block-TV-Col21: k_hat=5  ACC=0.9534  NMI=0.9101  ARI=0.9031  0.5s

=== P1L_S4_C2 train[3] k=5  dim=576  frames=258  σ=0.5  fold=4 ===
  SSC-Block-TV-Col21: k_hat=5  ACC=0.6744  NMI=0.7637  ARI=0.5924  0.4s

=== P1L_S4_C3 train[0] k=5  dim=576  frames=180  σ=0.5  fold=4 ===
  SSC-Block-TV-Col21: k_hat=5  ACC=0.7944  NMI=0.7915  ARI=0.6186  0.2s

=== P1L_S4_C3 train[1] k=5  dim=576  frames=158  σ=0.5  fold=4 ===
  SSC-Block-TV-Col21: k_hat=5  ACC=0.9937  NMI=0.9815  ARI=0.9821  0.2s

=== P1L_S4_C3 train[2] k=5  dim=576  frames=188  σ=0.5  fold=4 ===
  SSC-Block-TV-Col21: k_hat=5  ACC=0.8245  NMI=0.8594  ARI=0.7551  0.2s

=== P1L_S4_C3 train[3] k=5  dim=576  frames=169  σ=0.5  fold=4 ===
  SSC-Block-TV-Col21: k_hat=5  ACC=0.7041  NMI=0.7919  ARI=0.6255  0.2s

=== P1E_S1_C1 test[0] k=5  dim=576  frames=268  σ=0.5  fold=4 ===
  SSC-Block-TV-Col21: k_hat=5  ACC=0.8955  NMI=0.8579  ARI=0.7964  0.4s

=== P1E_S1_C2 test[0] k=5  dim=576  frames=215  σ=0.5  fold=4 ===
  SSC-Block-TV-Col21: k_hat=5  ACC=0.9860  NMI=0.9629  ARI=0.9663  0.3s

=== P1E_S1_C3 test[0] k=5  dim=576  frames=107  σ=0.5  fold=4 ===
  SSC-Block-TV-Col21: k_hat=5  ACC=0.7757  NMI=0.7930  ARI=0.6949  0.1s

=== P1E_S2_C1 test[0] k=5  dim=576  frames=241  σ=0.5  fold=4 ===
  SSC-Block-TV-Col21: k_hat=5  ACC=0.8589  NMI=0.8765  ARI=0.7928  0.3s

=== P1E_S2_C2 test[0] k=5  dim=576  frames=212  σ=0.5  fold=4 ===
  SSC-Block-TV-Col21: k_hat=5  ACC=0.9340  NMI=0.8870  ARI=0.8528  0.3s

=== P1E_S2_C3 test[0] k=5  dim=576  frames=154  σ=0.5  fold=4 ===
  SSC-Block-TV-Col21: k_hat=5  ACC=0.8247  NMI=0.8269  ARI=0.7109  0.2s

=== P1E_S3_C1 test[0] k=5  dim=576  frames=237  σ=0.5  fold=4 ===
  SSC-Block-TV-Col21: k_hat=5  ACC=0.9325  NMI=0.8842  ARI=0.8780  0.3s

=== P1E_S3_C2 test[0] k=5  dim=576  frames=188  σ=0.5  fold=4 ===
  SSC-Block-TV-Col21: k_hat=5  ACC=0.9255  NMI=0.8936  ARI=0.8499  0.2s

=== P1E_S3_C3 test[0] k=5  dim=576  frames=168  σ=0.5  fold=4 ===
  SSC-Block-TV-Col21: k_hat=5  ACC=0.9405  NMI=0.9039  ARI=0.8730  0.2s

=== P1E_S4_C1 test[0] k=5  dim=576  frames=217  σ=0.5  fold=4 ===
  SSC-Block-TV-Col21: k_hat=5  ACC=0.8940  NMI=0.8457  ARI=0.7770  0.3s

=== P1E_S4_C2 test[0] k=5  dim=576  frames=198  σ=0.5  fold=4 ===
  SSC-Block-TV-Col21: k_hat=5  ACC=0.9141  NMI=0.8763  ARI=0.8234  0.2s

=== P1E_S4_C3 test[0] k=5  dim=576  frames=147  σ=0.5  fold=4 ===
  SSC-Block-TV-Col21: k_hat=5  ACC=0.5442  NMI=0.7244  ARI=0.5259  0.2s

=== P1L_S1_C1 test[0] k=5  dim=576  frames=285  σ=0.5  fold=4 ===
  SSC-Block-TV-Col21: k_hat=5  ACC=0.8175  NMI=0.7795  ARI=0.6274  0.5s

=== P1L_S1_C2 test[0] k=5  dim=576  frames=270  σ=0.5  fold=4 ===
  SSC-Block-TV-Col21: k_hat=5  ACC=0.6370  NMI=0.7151  ARI=0.4800  0.4s

=== P1L_S1_C3 test[0] k=5  dim=576  frames=124  σ=0.5  fold=4 ===
  SSC-Block-TV-Col21: k_hat=5  ACC=0.7903  NMI=0.8681  ARI=0.7676  0.1s

=== P1L_S2_C1 test[0] k=5  dim=576  frames=265  σ=0.5  fold=4 ===
  SSC-Block-TV-Col21: k_hat=5  ACC=0.9811  NMI=0.9565  ARI=0.9478  0.4s

=== P1L_S2_C2 test[0] k=5  dim=576  frames=222  σ=0.5  fold=4 ===
  SSC-Block-TV-Col21: k_hat=5  ACC=0.9685  NMI=0.9344  ARI=0.9266  0.3s

=== P1L_S2_C3 test[0] k=5  dim=576  frames=179  σ=0.5  fold=4 ===
  SSC-Block-TV-Col21: k_hat=5  ACC=0.9609  NMI=0.9136  ARI=0.9127  0.2s

=== P1L_S3_C1 test[0] k=5  dim=576  frames=241  σ=0.5  fold=4 ===
  SSC-Block-TV-Col21: k_hat=5  ACC=0.8257  NMI=0.8396  ARI=0.7089  0.3s

=== P1L_S3_C2 test[0] k=5  dim=576  frames=290  σ=0.5  fold=4 ===
  SSC-Block-TV-Col21: k_hat=5  ACC=0.7241  NMI=0.8272  ARI=0.6506  0.5s

=== P1L_S3_C3 test[0] k=5  dim=576  frames=229  σ=0.5  fold=4 ===
  SSC-Block-TV-Col21: k_hat=5  ACC=0.9913  NMI=0.9788  ARI=0.9843  0.3s

=== P1L_S4_C1 test[0] k=5  dim=576  frames=344  σ=0.5  fold=4 ===
  SSC-Block-TV-Col21: k_hat=5  ACC=0.9797  NMI=0.9507  ARI=0.9493  0.7s

=== P1L_S4_C2 test[0] k=5  dim=576  frames=266  σ=0.5  fold=4 ===
  SSC-Block-TV-Col21: k_hat=5  ACC=0.9173  NMI=0.8503  ARI=0.8151  0.4s

=== P1L_S4_C3 test[0] k=5  dim=576  frames=185  σ=0.5  fold=4 ===
  SSC-Block-TV-Col21: k_hat=5  ACC=0.9838  NMI=0.9652  ARI=0.9630  0.2s

=== inference time per method ===
  SSC-Block-TV-Col21: mean=0.3689s  std=0.1556s  total=221.4s  n=600
wrote /nfs/turbo/umms-minjilab/lpullela/icassp_ssc_tv2/block_ssc_benchmark/cv/results/surveillance/split_k5_sigmas_min30_trials20_knownk_cv_ssc_block_tv_col21_k5_sigma0p5_timing.json

=== mean over matrices ===
  SSC-Block-TV-Col21 train σ=0.5: ACC=0.8015  NMI=0.8207  ARI=0.7070  n=480
  SSC-Block-TV-Col21 test σ=0.5: ACC=0.8084  NMI=0.8260  ARI=0.7149  n=120

wrote /nfs/turbo/umms-minjilab/lpullela/icassp_ssc_tv2/block_ssc_benchmark/cv/results/surveillance/split_k5_sigmas_min30_trials20_knownk_cv_ssc_block_tv_col21_k5_sigma0p5.csv
end=Mon Sep  7 04:01:14 EDT 2026
Experiment completed!
