========================================
Job: cv_tkss_k3_s0p5
Method: TKSS  k: 3  sigma: 0.5  tune_pool_groups: 20
========================================
host=gl3305.arc-ts.umich.edu  python=/home/lpullela/miniconda3/envs/ssc_559/bin/python  start=Sun Sep  6 18:11:32 EDT 2026
Loading P1E_S1_C1
  Y: (576, 1236)  people=25  frames/person=[60, 61, 50, 48, 51, 35, 41, 56, 55, 49, 65, 50, 63, 38, 61, 48, 50, 49, 50, 30, 42, 60, 32, 39, 53]  min=30
Loading P1E_S1_C2
  Y: (576, 1031)  people=25  frames/person=[42, 48, 31, 35, 50, 45, 30, 32, 38, 40, 61, 41, 47, 33, 46, 36, 41, 45, 42, 36, 33, 50, 53, 33, 43]  min=30
Loading P1E_S1_C3
  Y: (576, 453)  people=25  frames/person=[15, 22, 16, 16, 17, 13, 14, 19, 14, 25, 26, 12, 21, 18, 22, 19, 13, 19, 16, 15, 8, 15, 30, 20, 28]  min=8
  warning: 24 people have fewer than 30 available frames (kept all)
Loading P1E_S2_C1
  Y: (576, 1256)  people=25  frames/person=[65, 50, 50, 51, 53, 48, 49, 60, 33, 48, 61, 58, 52, 32, 55, 35, 45, 53, 40, 53, 51, 65, 64, 42, 43]  min=32
Loading P1E_S2_C2
  Y: (576, 1042)  people=25  frames/person=[33, 48, 38, 41, 53, 36, 39, 47, 51, 36, 55, 44, 43, 25, 42, 41, 37, 45, 41, 38, 40, 54, 49, 33, 33]  min=25
  warning: 1 people have fewer than 30 available frames (kept all)
Loading P1E_S2_C3
  Y: (576, 816)  people=25  frames/person=[36, 33, 28, 32, 42, 37, 31, 36, 31, 23, 42, 36, 35, 20, 33, 33, 32, 32, 32, 29, 32, 42, 38, 27, 24]  min=20
  warning: 6 people have fewer than 30 available frames (kept all)
Loading P1E_S3_C1
  Y: (576, 1255)  people=25  frames/person=[43, 39, 47, 52, 58, 96, 42, 31, 79, 33, 67, 55, 44, 34, 40, 48, 54, 77, 45, 41, 46, 53, 56, 38, 37]  min=31
Loading P1E_S3_C2
  Y: (576, 1126)  people=25  frames/person=[57, 56, 35, 40, 49, 75, 34, 40, 70, 26, 65, 54, 43, 28, 32, 43, 48, 31, 36, 33, 42, 71, 57, 30, 31]  min=26
  warning: 2 people have fewer than 30 available frames (kept all)
Loading P1E_S3_C3
  Y: (576, 866)  people=25  frames/person=[43, 36, 24, 33, 37, 47, 29, 37, 55, 18, 40, 40, 31, 22, 30, 39, 35, 45, 30, 28, 30, 50, 42, 20, 25]  min=18
  warning: 7 people have fewer than 30 available frames (kept all)
Loading P1E_S4_C1
  Y: (576, 1247)  people=25  frames/person=[58, 54, 34, 56, 50, 59, 50, 56, 74, 38, 75, 35, 46, 31, 53, 40, 57, 32, 56, 33, 48, 67, 59, 48, 38]  min=31
Loading P1E_S4_C2
  Y: (576, 1051)  people=25  frames/person=[37, 37, 41, 46, 41, 49, 38, 45, 65, 30, 39, 48, 50, 34, 43, 36, 47, 52, 45, 37, 38, 50, 30, 37, 36]  min=30
Loading P1E_S4_C3
  Y: (576, 719)  people=25  frames/person=[28, 29, 22, 29, 24, 36, 31, 29, 33, 25, 37, 19, 28, 21, 25, 27, 25, 41, 27, 29, 26, 31, 45, 29, 23]  min=19
  warning: 18 people have fewer than 30 available frames (kept all)
Loading P1L_S1_C1
  Y: (576, 1391)  people=25  frames/person=[65, 68, 43, 64, 47, 40, 58, 33, 75, 41, 58, 72, 58, 49, 66, 67, 65, 43, 59, 57, 58, 51, 67, 32, 55]  min=32
Loading P1L_S1_C2
  Y: (576, 1309)  people=25  frames/person=[30, 65, 37, 63, 66, 54, 52, 52, 43, 49, 71, 49, 58, 48, 54, 66, 56, 36, 48, 49, 55, 66, 52, 39, 51]  min=30
Loading P1L_S1_C3
  Y: (576, 565)  people=25  frames/person=[27, 29, 20, 26, 19, 25, 22, 12, 28, 25, 20, 25, 23, 18, 21, 23, 25, 26, 23, 21, 18, 18, 30, 18, 23]  min=12
  warning: 24 people have fewer than 30 available frames (kept all)
Loading P1L_S2_C1
  Y: (576, 1470)  people=25  frames/person=[73, 68, 53, 64, 65, 41, 73, 55, 37, 31, 82, 75, 63, 45, 34, 48, 74, 84, 71, 64, 62, 65, 48, 33, 62]  min=31
Loading P1L_S2_C2
  Y: (576, 1393)  people=25  frames/person=[64, 65, 49, 62, 69, 69, 63, 61, 80, 34, 89, 57, 53, 52, 55, 38, 30, 30, 66, 36, 57, 51, 73, 41, 49]  min=30
Loading P1L_S2_C3
  Y: (576, 897)  people=25  frames/person=[40, 36, 29, 28, 35, 37, 36, 36, 50, 28, 55, 46, 34, 31, 35, 32, 30, 48, 37, 29, 36, 39, 45, 19, 26]  min=19
  warning: 6 people have fewer than 30 available frames (kept all)
Loading P1L_S3_C1
  Y: (576, 1329)  people=25  frames/person=[31, 33, 30, 51, 74, 75, 59, 65, 66, 43, 47, 39, 65, 50, 58, 71, 67, 36, 57, 35, 62, 31, 74, 59, 51]  min=30
Loading P1L_S3_C2
  Y: (576, 1472)  people=25  frames/person=[78, 38, 48, 51, 54, 71, 61, 71, 32, 50, 75, 38, 72, 63, 48, 67, 49, 87, 52, 56, 58, 85, 73, 56, 39]  min=32
Loading P1L_S3_C3
  Y: (576, 1105)  people=25  frames/person=[48, 44, 38, 38, 39, 45, 35, 55, 52, 26, 81, 39, 36, 36, 44, 54, 42, 61, 38, 31, 34, 53, 51, 44, 41]  min=26
  warning: 1 people have fewer than 30 available frames (kept all)
Loading P1L_S4_C1
  Y: (576, 1443)  people=25  frames/person=[50, 69, 44, 41, 78, 43, 32, 71, 45, 65, 59, 39, 56, 57, 68, 69, 70, 73, 51, 63, 47, 70, 57, 52, 74]  min=32
Loading P1L_S4_C2
  Y: (576, 1327)  people=25  frames/person=[71, 34, 39, 54, 63, 67, 52, 39, 52, 56, 59, 50, 51, 53, 63, 50, 71, 63, 48, 35, 31, 71, 43, 52, 60]  min=31
Loading P1L_S4_C3
  Y: (576, 880)  people=25  frames/person=[37, 41, 23, 26, 32, 34, 22, 32, 50, 29, 38, 44, 31, 34, 37, 39, 39, 39, 38, 26, 25, 50, 41, 33, 40]  min=22
  warning: 6 people have fewer than 30 available frames (kept all)
sequences=24  people=25  k=3
frames/person ~ Unif[30, 100]
down_hw=24  sigmas=(0.5,)  n_trials=20  known_k=True  csv=split_k3_sigmas_min30_trials20_knownk_cv_tkss_k3_sigma0p5.csv
SSC-Block-TV block_size searched in [2, 12]
CV mode: 8 folds of size 3, each rotated as test
  1 people unused (remainder dropped)
  group 0: ['0006', '0013', '0022']
  group 1: ['0004', '0014', '0027']
  group 2: ['0009', '0019', '0026']
  group 3: ['0005', '0024', '0025']
  group 4: ['0001', '0011', '0023']
  group 5: ['0015', '0016', '0021']
  group 6: ['0007', '0010', '0020']
  group 7: ['0003', '0012', '0017']
methods=['TKSS']  append=False  hetero_noise=False  no_tune=False
  tune_pool_groups=20: sampling from 22 held-in people (overlap allowed) instead of the 7 fixed partition group(s)

============================================================
σ=0.5 fold=0  test=['0006', '0013', '0022']  train mats=168  test mats=24  tune mats=480
  --- tune TKSS over 480 train mats  n_trials=30 (3 params) ---
  TKSS trial 0: mean ARI=0.7435  n=480  8.1s  d=5, lam=1, s=2
  TKSS trial 1: mean ARI=0.7348  n=480  9.9s  d=9, lam=1.398, s=4
  TKSS trial 2: mean ARI=0.7377  n=480  6.8s  d=9, lam=0.1866, s=4
  TKSS trial 3: mean ARI=0.7301  n=480  17.0s  d=7, lam=4.735, s=6
  TKSS trial 4: mean ARI=0.7392  n=480  12.5s  d=6, lam=2.372, s=4
  TKSS trial 5: mean ARI=0.7389  n=480  5.5s  d=9, lam=5.981, s=1
  TKSS trial 6: mean ARI=0.7414  n=480  8.1s  d=2, lam=0.0115, s=5
  TKSS trial 7: mean ARI=0.7251  n=480  16.5s  d=12, lam=4.074, s=6
  TKSS trial 8: mean ARI=0.7345  n=480  8.3s  d=12, lam=0.2423, s=5
  TKSS trial 9: mean ARI=0.7495  n=480  10.6s  d=2, lam=0.8313, s=1
  TKSS trial 10: mean ARI=0.7384  n=480  5.2s  d=15, lam=0.01463, s=2
  TKSS trial 11: mean ARI=0.7804  n=480  22.0s  d=1, lam=0.5626, s=2
  TKSS trial 12: mean ARI=0.7635  n=480  17.4s  d=1, lam=0.3474, s=1
  TKSS trial 13: mean ARI=0.7695  n=480  17.3s  d=1, lam=0.2009, s=2
  TKSS trial 14: mean ARI=0.7393  n=480  5.7s  d=4, lam=0.06854, s=2
  TKSS trial 15: mean ARI=0.7417  n=480  6.6s  d=3, lam=0.05946, s=3
  TKSS trial 16: mean ARI=0.7666  n=480  17.1s  d=1, lam=0.08226, s=3
  TKSS trial 17: mean ARI=0.7476  n=480  10.7s  d=4, lam=0.5728, s=3
  TKSS trial 18: mean ARI=0.7634  n=480  16.2s  d=1, lam=0.1227, s=2
  TKSS trial 19: mean ARI=0.7403  n=480  6.2s  d=3, lam=0.03036, s=3
  TKSS trial 20: mean ARI=0.7419  n=480  7.0s  d=6, lam=0.4994, s=2
  TKSS trial 21: mean ARI=0.7717  n=480  17.9s  d=1, lam=0.1126, s=3
  TKSS trial 22: mean ARI=0.7477  n=480  8.4s  d=3, lam=0.1727, s=3
  TKSS trial 23: mean ARI=0.7545  n=480  15.3s  d=1, lam=0.03439, s=2
  TKSS trial 24: mean ARI=0.7474  n=480  9.4s  d=2, lam=0.428, s=1
  TKSS trial 25: mean ARI=0.7421  n=480  6.8s  d=4, lam=0.1172, s=3
  TKSS trial 26: mean ARI=0.7504  n=480  10.5s  d=2, lam=0.2499, s=2
  TKSS trial 27: mean ARI=0.7639  n=480  15.9s  d=1, lam=0.03927, s=4
  TKSS trial 28: mean ARI=0.7461  n=480  8.1s  d=3, lam=2.266, s=1
  TKSS trial 29: mean ARI=0.7459  n=480  9.0s  d=4, lam=1.111, s=2
    best mean ARI=0.7804  tune 336.4s  d=1, lam=0.5626, s=2
  wrote /nfs/turbo/umms-minjilab/lpullela/icassp_ssc_tv2/block_ssc_benchmark/cv/params/surveillance/split_k3_sigmas_min30_trials20_params_knownk_cv_tkss_k3_sigma0p5_sigma0.5_fold0.json

=== P1E_S1_C1 train[0] k=3  dim=576  frames=153  σ=0.5  fold=0 ===
  TKSS: k_hat=3  ACC=0.9935  NMI=0.9706  ARI=0.9801  0.0s

=== P1E_S1_C1 train[1] k=3  dim=576  frames=130  σ=0.5  fold=0 ===
  TKSS: k_hat=3  ACC=0.9923  NMI=0.9661  ARI=0.9758  0.0s

=== P1E_S1_C1 train[2] k=3  dim=576  frames=140  σ=0.5  fold=0 ===
  TKSS: k_hat=3  ACC=0.8929  NMI=0.7916  ARI=0.7352  0.0s

=== P1E_S1_C1 train[3] k=3  dim=576  frames=157  σ=0.5  fold=0 ===
  TKSS: k_hat=3  ACC=0.9299  NMI=0.8206  ARI=0.8213  0.1s

=== P1E_S1_C1 train[4] k=3  dim=576  frames=151  σ=0.5  fold=0 ===
  TKSS: k_hat=3  ACC=0.5894  NMI=0.6108  ARI=0.4389  0.2s

=== P1E_S1_C1 train[5] k=3  dim=576  frames=140  σ=0.5  fold=0 ===
  TKSS: k_hat=3  ACC=0.8857  NMI=0.7465  ARI=0.7102  0.0s

=== P1E_S1_C1 train[6] k=3  dim=576  frames=171  σ=0.5  fold=0 ===
  TKSS: k_hat=3  ACC=0.9649  NMI=0.8641  ARI=0.8977  0.1s

=== P1E_S1_C2 train[0] k=3  dim=576  frames=115  σ=0.5  fold=0 ===
  TKSS: k_hat=3  ACC=0.9652  NMI=0.8929  ARI=0.8903  0.1s

=== P1E_S1_C2 train[1] k=3  dim=576  frames=104  σ=0.5  fold=0 ===
  TKSS: k_hat=3  ACC=1.0000  NMI=1.0000  ARI=1.0000  0.0s

=== P1E_S1_C2 train[2] k=3  dim=576  frames=138  σ=0.5  fold=0 ===
  TKSS: k_hat=3  ACC=0.8986  NMI=0.7540  ARI=0.7431  0.0s

=== P1E_S1_C2 train[3] k=3  dim=576  frames=113  σ=0.5  fold=0 ===
  TKSS: k_hat=3  ACC=0.9115  NMI=0.7589  ARI=0.7566  0.0s

=== P1E_S1_C2 train[4] k=3  dim=576  frames=122  σ=0.5  fold=0 ===
  TKSS: k_hat=3  ACC=0.9180  NMI=0.8212  ARI=0.7862  0.0s

=== P1E_S1_C2 train[5] k=3  dim=576  frames=122  σ=0.5  fold=0 ===
  TKSS: k_hat=3  ACC=0.9262  NMI=0.7864  ARI=0.7946  0.0s

=== P1E_S1_C2 train[6] k=3  dim=576  frames=134  σ=0.5  fold=0 ===
  TKSS: k_hat=3  ACC=0.9701  NMI=0.9076  ARI=0.9146  0.0s

=== P1E_S1_C3 train[0] k=3  dim=576  frames=56  σ=0.5  fold=0 ===
  TKSS: k_hat=3  ACC=0.8214  NMI=0.6766  ARI=0.5739  0.0s

=== P1E_S1_C3 train[1] k=3  dim=576  frames=47  σ=0.5  fold=0 ===
  TKSS: k_hat=3  ACC=0.9362  NMI=0.8096  ARI=0.8194  0.0s

=== P1E_S1_C3 train[2] k=3  dim=576  frames=61  σ=0.5  fold=0 ===
  TKSS: k_hat=3  ACC=0.7869  NMI=0.6115  ARI=0.5197  0.0s

=== P1E_S1_C3 train[3] k=3  dim=576  frames=37  σ=0.5  fold=0 ===
  TKSS: k_hat=3  ACC=0.7838  NMI=0.5996  ARI=0.4944  0.0s

=== P1E_S1_C3 train[4] k=3  dim=576  frames=55  σ=0.5  fold=0 ===
  TKSS: k_hat=3  ACC=0.8909  NMI=0.7251  ARI=0.7045  0.0s

=== P1E_S1_C3 train[5] k=3  dim=576  frames=51  σ=0.5  fold=0 ===
  TKSS: k_hat=3  ACC=0.8824  NMI=0.7161  ARI=0.6853  0.0s

=== P1E_S1_C3 train[6] k=3  dim=576  frames=69  σ=0.5  fold=0 ===
  TKSS: k_hat=3  ACC=0.9565  NMI=0.8542  ARI=0.8697  0.0s

=== P1E_S2_C1 train[0] k=3  dim=576  frames=151  σ=0.5  fold=0 ===
  TKSS: k_hat=3  ACC=0.9404  NMI=0.8329  ARI=0.8320  0.0s

=== P1E_S2_C1 train[1] k=3  dim=576  frames=136  σ=0.5  fold=0 ===
  TKSS: k_hat=3  ACC=0.9779  NMI=0.9129  ARI=0.9357  0.0s

=== P1E_S2_C1 train[2] k=3  dim=576  frames=180  σ=0.5  fold=0 ===
  TKSS: k_hat=3  ACC=0.8833  NMI=0.7643  ARI=0.7181  0.2s

=== P1E_S2_C1 train[3] k=3  dim=576  frames=149  σ=0.5  fold=0 ===
  TKSS: k_hat=3  ACC=0.8725  NMI=0.7030  ARI=0.6887  0.1s

=== P1E_S2_C1 train[4] k=3  dim=576  frames=124  σ=0.5  fold=0 ===
  TKSS: k_hat=3  ACC=0.9032  NMI=0.7750  ARI=0.7396  0.0s

=== P1E_S2_C1 train[5] k=3  dim=576  frames=161  σ=0.5  fold=0 ===
  TKSS: k_hat=3  ACC=0.9689  NMI=0.9043  ARI=0.9097  0.0s

=== P1E_S2_C1 train[6] k=3  dim=576  frames=153  σ=0.5  fold=0 ===
  TKSS: k_hat=3  ACC=0.9608  NMI=0.8642  ARI=0.8826  0.1s

=== P1E_S2_C2 train[0] k=3  dim=576  frames=115  σ=0.5  fold=0 ===
  TKSS: k_hat=3  ACC=0.9913  NMI=0.9630  ARI=0.9739  0.0s

=== P1E_S2_C2 train[1] k=3  dim=576  frames=109  σ=0.5  fold=0 ===
  TKSS: k_hat=3  ACC=0.9725  NMI=0.8956  ARI=0.9158  0.0s

=== P1E_S2_C2 train[2] k=3  dim=576  frames=144  σ=0.5  fold=0 ===
  TKSS: k_hat=3  ACC=0.9444  NMI=0.8399  ARI=0.8440  0.0s

=== P1E_S2_C2 train[3] k=3  dim=576  frames=124  σ=0.5  fold=0 ===
  TKSS: k_hat=3  ACC=0.9758  NMI=0.9039  ARI=0.9239  0.0s

=== P1E_S2_C2 train[4] k=3  dim=576  frames=109  σ=0.5  fold=0 ===
  TKSS: k_hat=3  ACC=0.9725  NMI=0.8974  ARI=0.9272  0.0s

=== P1E_S2_C2 train[5] k=3  dim=576  frames=128  σ=0.5  fold=0 ===
  TKSS: k_hat=3  ACC=0.9375  NMI=0.8165  ARI=0.8248  0.0s

=== P1E_S2_C2 train[6] k=3  dim=576  frames=126  σ=0.5  fold=0 ===
  TKSS: k_hat=3  ACC=0.9762  NMI=0.9207  ARI=0.9308  0.1s

=== P1E_S2_C3 train[0] k=3  dim=576  frames=88  σ=0.5  fold=0 ===
  TKSS: k_hat=3  ACC=0.9205  NMI=0.7919  ARI=0.7751  0.0s

=== P1E_S2_C3 train[1] k=3  dim=576  frames=90  σ=0.5  fold=0 ===
  TKSS: k_hat=3  ACC=0.9778  NMI=0.9238  ARI=0.9309  0.0s

=== P1E_S2_C3 train[2] k=3  dim=576  frames=112  σ=0.5  fold=0 ===
  TKSS: k_hat=3  ACC=0.9643  NMI=0.8950  ARI=0.8981  0.0s

=== P1E_S2_C3 train[3] k=3  dim=576  frames=99  σ=0.5  fold=0 ===
  TKSS: k_hat=3  ACC=0.9697  NMI=0.9058  ARI=0.9101  0.0s

=== P1E_S2_C3 train[4] k=3  dim=576  frames=87  σ=0.5  fold=0 ===
  TKSS: k_hat=3  ACC=0.9425  NMI=0.8221  ARI=0.8449  0.0s

=== P1E_S2_C3 train[5] k=3  dim=576  frames=105  σ=0.5  fold=0 ===
  TKSS: k_hat=3  ACC=0.9524  NMI=0.8438  ARI=0.8624  0.0s

=== P1E_S2_C3 train[6] k=3  dim=576  frames=89  σ=0.5  fold=0 ===
  TKSS: k_hat=3  ACC=0.9551  NMI=0.8562  ARI=0.8786  0.0s

=== P1E_S3_C1 train[0] k=3  dim=576  frames=139  σ=0.5  fold=0 ===
  TKSS: k_hat=3  ACC=0.9281  NMI=0.8340  ARI=0.8075  0.0s

=== P1E_S3_C1 train[1] k=3  dim=576  frames=134  σ=0.5  fold=0 ===
  TKSS: k_hat=3  ACC=0.9328  NMI=0.8065  ARI=0.8055  0.0s

=== P1E_S3_C1 train[2] k=3  dim=576  frames=161  σ=0.5  fold=0 ===
  TKSS: k_hat=3  ACC=0.9814  NMI=0.9234  ARI=0.9445  0.0s

=== P1E_S3_C1 train[3] k=3  dim=576  frames=168  σ=0.5  fold=0 ===
  TKSS: k_hat=3  ACC=0.8393  NMI=0.6371  ARI=0.5622  0.1s

=== P1E_S3_C1 train[4] k=3  dim=576  frames=123  σ=0.5  fold=0 ===
  TKSS: k_hat=3  ACC=0.9106  NMI=0.8144  ARI=0.7791  0.1s

=== P1E_S3_C1 train[5] k=3  dim=576  frames=204  σ=0.5  fold=0 ===
  TKSS: k_hat=3  ACC=0.7353  NMI=0.4597  ARI=0.3911  0.2s

=== P1E_S3_C1 train[6] k=3  dim=576  frames=112  σ=0.5  fold=0 ===
  TKSS: k_hat=3  ACC=0.9643  NMI=0.8735  ARI=0.8988  0.0s

=== P1E_S3_C2 train[0] k=3  dim=576  frames=120  σ=0.5  fold=0 ===
  TKSS: k_hat=3  ACC=0.8833  NMI=0.7061  ARI=0.6689  0.0s

=== P1E_S3_C2 train[1] k=3  dim=576  frames=112  σ=0.5  fold=0 ===
  TKSS: k_hat=3  ACC=0.9554  NMI=0.8456  ARI=0.8631  0.0s

=== P1E_S3_C2 train[2] k=3  dim=576  frames=168  σ=0.5  fold=0 ===
  TKSS: k_hat=3  ACC=0.8810  NMI=0.7331  ARI=0.6940  0.0s

=== P1E_S3_C2 train[3] k=3  dim=576  frames=169  σ=0.5  fold=0 ===
  TKSS: k_hat=3  ACC=0.8639  NMI=0.7419  ARI=0.6721  0.1s

=== P1E_S3_C2 train[4] k=3  dim=576  frames=107  σ=0.5  fold=0 ===
  TKSS: k_hat=3  ACC=0.8224  NMI=0.7335  ARI=0.6139  0.1s

=== P1E_S3_C2 train[5] k=3  dim=576  frames=146  σ=0.5  fold=0 ===
  TKSS: k_hat=3  ACC=0.6918  NMI=0.5407  ARI=0.4144  0.0s

=== P1E_S3_C2 train[6] k=3  dim=576  frames=114  σ=0.5  fold=0 ===
  TKSS: k_hat=3  ACC=0.8246  NMI=0.6779  ARI=0.5806  0.0s

=== P1E_S3_C3 train[0] k=3  dim=576  frames=89  σ=0.5  fold=0 ===
  TKSS: k_hat=3  ACC=0.9775  NMI=0.9216  ARI=0.9297  0.0s

=== P1E_S3_C3 train[1] k=3  dim=576  frames=84  σ=0.5  fold=0 ===
  TKSS: k_hat=3  ACC=0.9881  NMI=0.9525  ARI=0.9657  0.0s

=== P1E_S3_C3 train[2] k=3  dim=576  frames=125  σ=0.5  fold=0 ===
  TKSS: k_hat=3  ACC=0.9120  NMI=0.7651  ARI=0.7552  0.0s

=== P1E_S3_C3 train[3] k=3  dim=576  frames=128  σ=0.5  fold=0 ===
  TKSS: k_hat=3  ACC=0.8984  NMI=0.7967  ARI=0.7427  0.0s

=== P1E_S3_C3 train[4] k=3  dim=576  frames=83  σ=0.5  fold=0 ===
  TKSS: k_hat=3  ACC=0.9759  NMI=0.9214  ARI=0.9336  0.0s

=== P1E_S3_C3 train[5] k=3  dim=576  frames=129  σ=0.5  fold=0 ===
  TKSS: k_hat=3  ACC=0.9535  NMI=0.8477  ARI=0.8663  0.0s

=== P1E_S3_C3 train[6] k=3  dim=576  frames=84  σ=0.5  fold=0 ===
  TKSS: k_hat=3  ACC=0.9048  NMI=0.7729  ARI=0.7546  0.0s

=== P1E_S4_C1 train[0] k=3  dim=576  frames=107  σ=0.5  fold=0 ===
  TKSS: k_hat=3  ACC=0.9907  NMI=0.9613  ARI=0.9728  0.0s

=== P1E_S4_C1 train[1] k=3  dim=576  frames=155  σ=0.5  fold=0 ===
  TKSS: k_hat=3  ACC=0.9806  NMI=0.9205  ARI=0.9410  0.0s

=== P1E_S4_C1 train[2] k=3  dim=576  frames=182  σ=0.5  fold=0 ===
  TKSS: k_hat=3  ACC=0.9560  NMI=0.8782  ARI=0.8739  0.1s

=== P1E_S4_C1 train[3] k=3  dim=576  frames=180  σ=0.5  fold=0 ===
  TKSS: k_hat=3  ACC=0.8944  NMI=0.7710  ARI=0.7238  0.1s

=== P1E_S4_C1 train[4] k=3  dim=576  frames=133  σ=0.5  fold=0 ===
  TKSS: k_hat=3  ACC=0.9023  NMI=0.7634  ARI=0.7432  0.0s

=== P1E_S4_C1 train[5] k=3  dim=576  frames=147  σ=0.5  fold=0 ===
  TKSS: k_hat=3  ACC=0.8163  NMI=0.6303  ARI=0.5662  0.0s

=== P1E_S4_C1 train[6] k=3  dim=576  frames=145  σ=0.5  fold=0 ===
  TKSS: k_hat=3  ACC=0.9310  NMI=0.8107  ARI=0.8219  0.1s

=== P1E_S4_C2 train[0] k=3  dim=576  frames=125  σ=0.5  fold=0 ===
  TKSS: k_hat=3  ACC=0.9600  NMI=0.8859  ARI=0.8848  0.0s

=== P1E_S4_C2 train[1] k=3  dim=576  frames=122  σ=0.5  fold=0 ===
  TKSS: k_hat=3  ACC=0.9836  NMI=0.9393  ARI=0.9500  0.0s

=== P1E_S4_C2 train[2] k=3  dim=576  frames=126  σ=0.5  fold=0 ===
  TKSS: k_hat=3  ACC=0.8889  NMI=0.7487  ARI=0.7209  0.0s

=== P1E_S4_C2 train[3] k=3  dim=576  frames=140  σ=0.5  fold=0 ===
  TKSS: k_hat=3  ACC=0.9286  NMI=0.8048  ARI=0.7868  0.1s

=== P1E_S4_C2 train[4] k=3  dim=576  frames=129  σ=0.5  fold=0 ===
  TKSS: k_hat=3  ACC=1.0000  NMI=1.0000  ARI=1.0000  0.1s

=== P1E_S4_C2 train[5] k=3  dim=576  frames=146  σ=0.5  fold=0 ===
  TKSS: k_hat=3  ACC=0.9795  NMI=0.9176  ARI=0.9399  0.0s

=== P1E_S4_C2 train[6] k=3  dim=576  frames=110  σ=0.5  fold=0 ===
  TKSS: k_hat=3  ACC=0.9909  NMI=0.9624  ARI=0.9752  0.0s

=== P1E_S4_C3 train[0] k=3  dim=576  frames=64  σ=0.5  fold=0 ===
  TKSS: k_hat=3  ACC=0.9688  NMI=0.8848  ARI=0.9071  0.0s

=== P1E_S4_C3 train[1] k=3  dim=576  frames=85  σ=0.5  fold=0 ===
  TKSS: k_hat=3  ACC=0.9647  NMI=0.8960  ARI=0.8988  0.0s

=== P1E_S4_C3 train[2] k=3  dim=576  frames=105  σ=0.5  fold=0 ===
  TKSS: k_hat=3  ACC=0.8476  NMI=0.6674  ARI=0.6196  0.0s

=== P1E_S4_C3 train[3] k=3  dim=576  frames=87  σ=0.5  fold=0 ===
  TKSS: k_hat=3  ACC=0.9540  NMI=0.8509  ARI=0.8634  0.0s

=== P1E_S4_C3 train[4] k=3  dim=576  frames=76  σ=0.5  fold=0 ===
  TKSS: k_hat=3  ACC=0.9737  NMI=0.8991  ARI=0.9236  0.0s

=== P1E_S4_C3 train[5] k=3  dim=576  frames=106  σ=0.5  fold=0 ===
  TKSS: k_hat=3  ACC=0.9434  NMI=0.8339  ARI=0.8400  0.0s

=== P1E_S4_C3 train[6] k=3  dim=576  frames=79  σ=0.5  fold=0 ===
  TKSS: k_hat=3  ACC=0.9367  NMI=0.8094  ARI=0.8204  0.0s

=== P1L_S1_C1 train[0] k=3  dim=576  frames=170  σ=0.5  fold=0 ===
  TKSS: k_hat=3  ACC=0.9059  NMI=0.7835  ARI=0.7491  0.0s

=== P1L_S1_C1 train[1] k=3  dim=576  frames=155  σ=0.5  fold=0 ===
  TKSS: k_hat=3  ACC=1.0000  NMI=1.0000  ARI=1.0000  0.1s

=== P1L_S1_C1 train[2] k=3  dim=576  frames=182  σ=0.5  fold=0 ===
  TKSS: k_hat=3  ACC=0.9615  NMI=0.8756  ARI=0.8916  0.0s

=== P1L_S1_C1 train[3] k=3  dim=576  frames=198  σ=0.5  fold=0 ===
  TKSS: k_hat=3  ACC=0.9545  NMI=0.8612  ARI=0.8692  0.1s

=== P1L_S1_C1 train[4] k=3  dim=576  frames=166  σ=0.5  fold=0 ===
  TKSS: k_hat=3  ACC=1.0000  NMI=1.0000  ARI=1.0000  0.0s

=== P1L_S1_C1 train[5] k=3  dim=576  frames=116  σ=0.5  fold=0 ===
  TKSS: k_hat=3  ACC=0.9224  NMI=0.7779  ARI=0.7804  0.0s

=== P1L_S1_C1 train[6] k=3  dim=576  frames=175  σ=0.5  fold=0 ===
  TKSS: k_hat=3  ACC=0.9886  NMI=0.9473  ARI=0.9690  0.1s

=== P1L_S1_C2 train[0] k=3  dim=576  frames=137  σ=0.5  fold=0 ===
  TKSS: k_hat=3  ACC=0.8686  NMI=0.6843  ARI=0.6425  0.1s

=== P1L_S1_C2 train[1] k=3  dim=576  frames=147  σ=0.5  fold=0 ===
  TKSS: k_hat=3  ACC=1.0000  NMI=1.0000  ARI=1.0000  0.0s

=== P1L_S1_C2 train[2] k=3  dim=576  frames=181  σ=0.5  fold=0 ===
  TKSS: k_hat=3  ACC=0.9834  NMI=0.9383  ARI=0.9478  0.1s

=== P1L_S1_C2 train[3] k=3  dim=576  frames=128  σ=0.5  fold=0 ===
  TKSS: k_hat=3  ACC=0.6484  NMI=0.4134  ARI=0.3109  0.1s

=== P1L_S1_C2 train[4] k=3  dim=576  frames=154  σ=0.5  fold=0 ===
  TKSS: k_hat=3  ACC=0.9545  NMI=0.8783  ARI=0.8811  0.1s

=== P1L_S1_C2 train[5] k=3  dim=576  frames=142  σ=0.5  fold=0 ===
  TKSS: k_hat=3  ACC=0.8873  NMI=0.7173  ARI=0.6988  0.0s

=== P1L_S1_C2 train[6] k=3  dim=576  frames=168  σ=0.5  fold=0 ===
  TKSS: k_hat=3  ACC=0.9821  NMI=0.9264  ARI=0.9498  0.1s

=== P1L_S1_C3 train[0] k=3  dim=576  frames=68  σ=0.5  fold=0 ===
  TKSS: k_hat=3  ACC=0.9853  NMI=0.9448  ARI=0.9560  0.0s

=== P1L_S1_C3 train[1] k=3  dim=576  frames=65  σ=0.5  fold=0 ===
  TKSS: k_hat=3  ACC=0.9846  NMI=0.9413  ARI=0.9500  0.0s

=== P1L_S1_C3 train[2] k=3  dim=576  frames=74  σ=0.5  fold=0 ===
  TKSS: k_hat=3  ACC=0.9054  NMI=0.7542  ARI=0.7418  0.0s

=== P1L_S1_C3 train[3] k=3  dim=576  frames=73  σ=0.5  fold=0 ===
  TKSS: k_hat=3  ACC=0.8630  NMI=0.6918  ARI=0.6489  0.0s

=== P1L_S1_C3 train[4] k=3  dim=576  frames=64  σ=0.5  fold=0 ===
  TKSS: k_hat=3  ACC=0.9688  NMI=0.9051  ARI=0.9119  0.0s

=== P1L_S1_C3 train[5] k=3  dim=576  frames=63  σ=0.5  fold=0 ===
  TKSS: k_hat=3  ACC=0.8571  NMI=0.6728  ARI=0.6378  0.0s

=== P1L_S1_C3 train[6] k=3  dim=576  frames=75  σ=0.5  fold=0 ===
  TKSS: k_hat=3  ACC=0.9867  NMI=0.9474  ARI=0.9569  0.0s

=== P1L_S2_C1 train[0] k=3  dim=576  frames=190  σ=0.5  fold=0 ===
  TKSS: k_hat=3  ACC=0.9474  NMI=0.8628  ARI=0.8521  0.0s

=== P1L_S2_C1 train[1] k=3  dim=576  frames=180  σ=0.5  fold=0 ===
  TKSS: k_hat=3  ACC=0.6889  NMI=0.6219  ARI=0.5205  0.1s

=== P1L_S2_C1 train[2] k=3  dim=576  frames=177  σ=0.5  fold=0 ===
  TKSS: k_hat=3  ACC=0.9209  NMI=0.7603  ARI=0.7780  0.1s

=== P1L_S2_C1 train[3] k=3  dim=576  frames=172  σ=0.5  fold=0 ===
  TKSS: k_hat=3  ACC=0.9012  NMI=0.7838  ARI=0.7605  0.1s

=== P1L_S2_C1 train[4] k=3  dim=576  frames=179  σ=0.5  fold=0 ===
  TKSS: k_hat=3  ACC=0.9888  NMI=0.9558  ARI=0.9703  0.1s

=== P1L_S2_C1 train[5] k=3  dim=576  frames=180  σ=0.5  fold=0 ===
  TKSS: k_hat=3  ACC=0.6667  NMI=0.3491  ARI=0.3276  0.3s

=== P1L_S2_C1 train[6] k=3  dim=576  frames=133  σ=0.5  fold=0 ===
  TKSS: k_hat=3  ACC=0.7368  NMI=0.5776  ARI=0.4697  0.0s

=== P1L_S2_C2 train[0] k=3  dim=576  frames=155  σ=0.5  fold=0 ===
  TKSS: k_hat=3  ACC=0.9871  NMI=0.9416  ARI=0.9604  0.0s

=== P1L_S2_C2 train[1] k=3  dim=576  frames=134  σ=0.5  fold=0 ===
  TKSS: k_hat=3  ACC=1.0000  NMI=1.0000  ARI=1.0000  0.0s

=== P1L_S2_C2 train[2] k=3  dim=576  frames=186  σ=0.5  fold=0 ===
  TKSS: k_hat=3  ACC=0.9409  NMI=0.8527  ARI=0.8374  0.0s

=== P1L_S2_C2 train[3] k=3  dim=576  frames=201  σ=0.5  fold=0 ===
  TKSS: k_hat=3  ACC=0.9403  NMI=0.8262  ARI=0.8283  0.0s

=== P1L_S2_C2 train[4] k=3  dim=576  frames=171  σ=0.5  fold=0 ===
  TKSS: k_hat=3  ACC=0.9474  NMI=0.8616  ARI=0.8479  0.0s

=== P1L_S2_C2 train[5] k=3  dim=576  frames=160  σ=0.5  fold=0 ===
  TKSS: k_hat=3  ACC=0.7063  NMI=0.5511  ARI=0.4386  0.1s

=== P1L_S2_C2 train[6] k=3  dim=576  frames=154  σ=0.5  fold=0 ===
  TKSS: k_hat=3  ACC=0.9805  NMI=0.9269  ARI=0.9347  0.1s

=== P1L_S2_C3 train[0] k=3  dim=576  frames=101  σ=0.5  fold=0 ===
  TKSS: k_hat=3  ACC=0.9208  NMI=0.8174  ARI=0.7742  0.0s

=== P1L_S2_C3 train[1] k=3  dim=576  frames=85  σ=0.5  fold=0 ===
  TKSS: k_hat=3  ACC=0.8588  NMI=0.7143  ARI=0.6896  0.0s

=== P1L_S2_C3 train[2] k=3  dim=576  frames=112  σ=0.5  fold=0 ===
  TKSS: k_hat=3  ACC=0.9018  NMI=0.7646  ARI=0.7591  0.0s

=== P1L_S2_C3 train[3] k=3  dim=576  frames=126  σ=0.5  fold=0 ===
  TKSS: k_hat=3  ACC=0.8651  NMI=0.7610  ARI=0.6671  0.1s

=== P1L_S2_C3 train[4] k=3  dim=576  frames=102  σ=0.5  fold=0 ===
  TKSS: k_hat=3  ACC=0.9706  NMI=0.9082  ARI=0.9141  0.0s

=== P1L_S2_C3 train[5] k=3  dim=576  frames=121  σ=0.5  fold=0 ===
  TKSS: k_hat=3  ACC=0.8430  NMI=0.6561  ARI=0.6681  0.1s

=== P1L_S2_C3 train[6] k=3  dim=576  frames=99  σ=0.5  fold=0 ===
  TKSS: k_hat=3  ACC=0.9798  NMI=0.9303  ARI=0.9424  0.0s

=== P1L_S3_C1 train[0] k=3  dim=576  frames=120  σ=0.5  fold=0 ===
  TKSS: k_hat=3  ACC=0.8667  NMI=0.6911  ARI=0.6682  0.0s

=== P1L_S3_C1 train[1] k=3  dim=576  frames=185  σ=0.5  fold=0 ===
  TKSS: k_hat=3  ACC=0.9838  NMI=0.9402  ARI=0.9511  0.1s

=== P1L_S3_C1 train[2] k=3  dim=576  frames=156  σ=0.5  fold=0 ===
  TKSS: k_hat=3  ACC=0.7628  NMI=0.5561  ARI=0.4926  0.1s

=== P1L_S3_C1 train[3] k=3  dim=576  frames=159  σ=0.5  fold=0 ===
  TKSS: k_hat=3  ACC=0.8050  NMI=0.6261  ARI=0.5552  0.0s

=== P1L_S3_C1 train[4] k=3  dim=576  frames=172  σ=0.5  fold=0 ===
  TKSS: k_hat=3  ACC=0.9244  NMI=0.8107  ARI=0.7961  0.1s

=== P1L_S3_C1 train[5] k=3  dim=576  frames=176  σ=0.5  fold=0 ===
  TKSS: k_hat=3  ACC=0.5000  NMI=0.2930  ARI=0.2233  0.1s

=== P1L_S3_C1 train[6] k=3  dim=576  frames=134  σ=0.5  fold=0 ===
  TKSS: k_hat=3  ACC=0.9030  NMI=0.7874  ARI=0.7158  0.1s

=== P1L_S3_C2 train[0] k=3  dim=576  frames=125  σ=0.5  fold=0 ===
  TKSS: k_hat=3  ACC=0.9520  NMI=0.8699  ARI=0.8600  0.0s

=== P1L_S3_C2 train[1] k=3  dim=576  frames=166  σ=0.5  fold=0 ===
  TKSS: k_hat=3  ACC=1.0000  NMI=1.0000  ARI=1.0000  0.1s

=== P1L_S3_C2 train[2] k=3  dim=576  frames=209  σ=0.5  fold=0 ===
  TKSS: k_hat=3  ACC=0.7608  NMI=0.5521  ARI=0.4500  0.2s

=== P1L_S3_C2 train[3] k=3  dim=576  frames=168  σ=0.5  fold=0 ===
  TKSS: k_hat=3  ACC=0.8690  NMI=0.7691  ARI=0.6965  0.0s

=== P1L_S3_C2 train[4] k=3  dim=576  frames=187  σ=0.5  fold=0 ===
  TKSS: k_hat=3  ACC=0.9412  NMI=0.8569  ARI=0.8525  0.1s

=== P1L_S3_C2 train[5] k=3  dim=576  frames=229  σ=0.5  fold=0 ===
  TKSS: k_hat=3  ACC=0.5546  NMI=0.1586  ARI=0.1166  0.3s

=== P1L_S3_C2 train[6] k=3  dim=576  frames=136  σ=0.5  fold=0 ===
  TKSS: k_hat=3  ACC=0.9853  NMI=0.9350  ARI=0.9551  0.0s

=== P1L_S3_C3 train[0] k=3  dim=576  frames=118  σ=0.5  fold=0 ===
  TKSS: k_hat=3  ACC=0.9322  NMI=0.8147  ARI=0.8058  0.0s

=== P1L_S3_C3 train[1] k=3  dim=576  frames=121  σ=0.5  fold=0 ===
  TKSS: k_hat=3  ACC=0.9917  NMI=0.9640  ARI=0.9736  0.0s

=== P1L_S3_C3 train[2] k=3  dim=576  frames=142  σ=0.5  fold=0 ===
  TKSS: k_hat=3  ACC=0.9930  NMI=0.9680  ARI=0.9769  0.0s

=== P1L_S3_C3 train[3] k=3  dim=576  frames=134  σ=0.5  fold=0 ===
  TKSS: k_hat=3  ACC=0.8134  NMI=0.6179  ARI=0.5263  0.1s

=== P1L_S3_C3 train[4] k=3  dim=576  frames=110  σ=0.5  fold=0 ===
  TKSS: k_hat=3  ACC=0.8636  NMI=0.7289  ARI=0.6579  0.1s

=== P1L_S3_C3 train[5] k=3  dim=576  frames=161  σ=0.5  fold=0 ===
  TKSS: k_hat=3  ACC=0.9876  NMI=0.9503  ARI=0.9602  0.1s

=== P1L_S3_C3 train[6] k=3  dim=576  frames=114  σ=0.5  fold=0 ===
  TKSS: k_hat=3  ACC=0.9825  NMI=0.9372  ARI=0.9534  0.0s

=== P1L_S4_C1 train[0] k=3  dim=576  frames=157  σ=0.5  fold=0 ===
  TKSS: k_hat=3  ACC=0.8662  NMI=0.7539  ARI=0.6518  0.1s

=== P1L_S4_C1 train[1] k=3  dim=576  frames=154  σ=0.5  fold=0 ===
  TKSS: k_hat=3  ACC=0.9935  NMI=0.9700  ARI=0.9814  0.1s

=== P1L_S4_C1 train[2] k=3  dim=576  frames=168  σ=0.5  fold=0 ===
  TKSS: k_hat=3  ACC=0.9107  NMI=0.8113  ARI=0.7703  0.0s

=== P1L_S4_C1 train[3] k=3  dim=576  frames=142  σ=0.5  fold=0 ===
  TKSS: k_hat=3  ACC=1.0000  NMI=1.0000  ARI=1.0000  0.0s

=== P1L_S4_C1 train[4] k=3  dim=576  frames=164  σ=0.5  fold=0 ===
  TKSS: k_hat=3  ACC=0.9512  NMI=0.8684  ARI=0.8583  0.1s

=== P1L_S4_C1 train[5] k=3  dim=576  frames=187  σ=0.5  fold=0 ===
  TKSS: k_hat=3  ACC=0.8396  NMI=0.6563  ARI=0.6070  0.0s

=== P1L_S4_C1 train[6] k=3  dim=576  frames=202  σ=0.5  fold=0 ===
  TKSS: k_hat=3  ACC=0.9901  NMI=0.9593  ARI=0.9706  0.0s

=== P1L_S4_C2 train[0] k=3  dim=576  frames=149  σ=0.5  fold=0 ===
  TKSS: k_hat=3  ACC=0.8926  NMI=0.7262  ARI=0.7072  0.0s

=== P1L_S4_C2 train[1] k=3  dim=576  frames=175  σ=0.5  fold=0 ===
  TKSS: k_hat=3  ACC=1.0000  NMI=1.0000  ARI=1.0000  0.1s

=== P1L_S4_C2 train[2] k=3  dim=576  frames=168  σ=0.5  fold=0 ===
  TKSS: k_hat=3  ACC=0.9286  NMI=0.8328  ARI=0.8047  0.0s

=== P1L_S4_C2 train[3] k=3  dim=576  frames=154  σ=0.5  fold=0 ===
  TKSS: k_hat=3  ACC=0.7338  NMI=0.5564  ARI=0.4489  0.0s

=== P1L_S4_C2 train[4] k=3  dim=576  frames=152  σ=0.5  fold=0 ===
  TKSS: k_hat=3  ACC=0.9868  NMI=0.9409  ARI=0.9602  0.0s

=== P1L_S4_C2 train[5] k=3  dim=576  frames=169  σ=0.5  fold=0 ===
  TKSS: k_hat=3  ACC=0.9112  NMI=0.7595  ARI=0.7633  0.0s

=== P1L_S4_C2 train[6] k=3  dim=576  frames=153  σ=0.5  fold=0 ===
  TKSS: k_hat=3  ACC=0.8497  NMI=0.6912  ARI=0.6459  0.1s

=== P1L_S4_C3 train[0] k=3  dim=576  frames=107  σ=0.5  fold=0 ===
  TKSS: k_hat=3  ACC=0.8879  NMI=0.7909  ARI=0.7406  0.0s

=== P1L_S4_C3 train[1] k=3  dim=576  frames=94  σ=0.5  fold=0 ===
  TKSS: k_hat=3  ACC=1.0000  NMI=1.0000  ARI=1.0000  0.0s

=== P1L_S4_C3 train[2] k=3  dim=576  frames=117  σ=0.5  fold=0 ===
  TKSS: k_hat=3  ACC=0.8718  NMI=0.7260  ARI=0.6806  0.0s

=== P1L_S4_C3 train[3] k=3  dim=576  frames=112  σ=0.5  fold=0 ===
  TKSS: k_hat=3  ACC=0.8661  NMI=0.7340  ARI=0.6683  0.0s

=== P1L_S4_C3 train[4] k=3  dim=576  frames=103  σ=0.5  fold=0 ===
  TKSS: k_hat=3  ACC=0.9612  NMI=0.8646  ARI=0.8869  0.0s

=== P1L_S4_C3 train[5] k=3  dim=576  frames=105  σ=0.5  fold=0 ===
  TKSS: k_hat=3  ACC=0.9810  NMI=0.9327  ARI=0.9427  0.0s

=== P1L_S4_C3 train[6] k=3  dim=576  frames=107  σ=0.5  fold=0 ===
  TKSS: k_hat=3  ACC=0.9813  NMI=0.9338  ARI=0.9463  0.0s

=== P1E_S1_C1 test[0] k=3  dim=576  frames=146  σ=0.5  fold=0 ===
  TKSS: k_hat=3  ACC=0.8562  NMI=0.7171  ARI=0.6584  0.0s

=== P1E_S1_C2 test[0] k=3  dim=576  frames=147  σ=0.5  fold=0 ===
  TKSS: k_hat=3  ACC=0.8980  NMI=0.7598  ARI=0.7321  0.0s

=== P1E_S1_C3 test[0] k=3  dim=576  frames=58  σ=0.5  fold=0 ===
  TKSS: k_hat=3  ACC=0.8793  NMI=0.7059  ARI=0.6565  0.0s

=== P1E_S2_C1 test[0] k=3  dim=576  frames=167  σ=0.5  fold=0 ===
  TKSS: k_hat=3  ACC=0.9880  NMI=0.9525  ARI=0.9635  0.0s

=== P1E_S2_C2 test[0] k=3  dim=576  frames=146  σ=0.5  fold=0 ===
  TKSS: k_hat=3  ACC=0.9658  NMI=0.8753  ARI=0.8997  0.1s

=== P1E_S2_C3 test[0] k=3  dim=576  frames=113  σ=0.5  fold=0 ===
  TKSS: k_hat=3  ACC=0.9204  NMI=0.8269  ARI=0.8016  0.0s

=== P1E_S3_C1 test[0] k=3  dim=576  frames=166  σ=0.5  fold=0 ===
  TKSS: k_hat=3  ACC=0.8735  NMI=0.7520  ARI=0.6959  0.1s

=== P1E_S3_C2 test[0] k=3  dim=576  frames=147  σ=0.5  fold=0 ===
  TKSS: k_hat=3  ACC=0.8912  NMI=0.7884  ARI=0.7280  0.0s

=== P1E_S3_C3 test[0] k=3  dim=576  frames=105  σ=0.5  fold=0 ===
  TKSS: k_hat=3  ACC=1.0000  NMI=1.0000  ARI=1.0000  0.0s

=== P1E_S4_C1 test[0] k=3  dim=576  frames=158  σ=0.5  fold=0 ===
  TKSS: k_hat=3  ACC=0.8924  NMI=0.7499  ARI=0.7142  0.1s

=== P1E_S4_C2 test[0] k=3  dim=576  frames=117  σ=0.5  fold=0 ===
  TKSS: k_hat=3  ACC=0.9829  NMI=0.9273  ARI=0.9482  0.0s

=== P1E_S4_C3 test[0] k=3  dim=576  frames=90  σ=0.5  fold=0 ===
  TKSS: k_hat=3  ACC=0.9222  NMI=0.7952  ARI=0.7808  0.0s

=== P1L_S1_C1 test[0] k=3  dim=576  frames=162  σ=0.5  fold=0 ===
  TKSS: k_hat=3  ACC=0.9630  NMI=0.8930  ARI=0.8971  0.0s

=== P1L_S1_C2 test[0] k=3  dim=576  frames=186  σ=0.5  fold=0 ===
  TKSS: k_hat=3  ACC=0.6720  NMI=0.5354  ARI=0.3987  0.1s

=== P1L_S1_C3 test[0] k=3  dim=576  frames=60  σ=0.5  fold=0 ===
  TKSS: k_hat=3  ACC=0.9667  NMI=0.8791  ARI=0.9004  0.0s

=== P1L_S2_C1 test[0] k=3  dim=576  frames=211  σ=0.5  fold=0 ===
  TKSS: k_hat=3  ACC=0.9431  NMI=0.8539  ARI=0.8355  0.1s

=== P1L_S2_C2 test[0] k=3  dim=576  frames=194  σ=0.5  fold=0 ===
  TKSS: k_hat=3  ACC=0.8402  NMI=0.7131  ARI=0.6439  0.1s

=== P1L_S2_C3 test[0] k=3  dim=576  frames=119  σ=0.5  fold=0 ===
  TKSS: k_hat=3  ACC=0.8571  NMI=0.7363  ARI=0.6118  0.0s

=== P1L_S3_C1 test[0] k=3  dim=576  frames=156  σ=0.5  fold=0 ===
  TKSS: k_hat=3  ACC=0.6410  NMI=0.3688  ARI=0.2402  0.1s

=== P1L_S3_C2 test[0] k=3  dim=576  frames=185  σ=0.5  fold=0 ===
  TKSS: k_hat=3  ACC=0.9568  NMI=0.8556  ARI=0.8691  0.1s

=== P1L_S3_C3 test[0] k=3  dim=576  frames=151  σ=0.5  fold=0 ===
  TKSS: k_hat=3  ACC=0.8146  NMI=0.6595  ARI=0.5101  0.1s

=== P1L_S4_C1 test[0] k=3  dim=576  frames=200  σ=0.5  fold=0 ===
  TKSS: k_hat=3  ACC=0.9300  NMI=0.7926  ARI=0.7996  0.3s

=== P1L_S4_C2 test[0] k=3  dim=576  frames=157  σ=0.5  fold=0 ===
  TKSS: k_hat=3  ACC=0.9554  NMI=0.8679  ARI=0.8553  0.1s

=== P1L_S4_C3 test[0] k=3  dim=576  frames=96  σ=0.5  fold=0 ===
  TKSS: k_hat=3  ACC=0.9688  NMI=0.9008  ARI=0.9008  0.0s
  tune_pool_groups=20: sampling from 22 held-in people (overlap allowed) instead of the 7 fixed partition group(s)

============================================================
σ=0.5 fold=1  test=['0004', '0014', '0027']  train mats=168  test mats=24  tune mats=480
  --- tune TKSS over 480 train mats  n_trials=30 (3 params) ---
  TKSS trial 0: mean ARI=0.7396  n=480  8.9s  d=5, lam=1, s=2
  TKSS trial 1: mean ARI=0.7347  n=480  11.2s  d=9, lam=1.398, s=4
  TKSS trial 2: mean ARI=0.7347  n=480  7.1s  d=9, lam=0.1866, s=4
  TKSS trial 3: mean ARI=0.7308  n=480  16.9s  d=7, lam=4.735, s=6
  TKSS trial 4: mean ARI=0.7380  n=480  12.7s  d=6, lam=2.372, s=4
  TKSS trial 5: mean ARI=0.7341  n=480  5.8s  d=9, lam=5.981, s=1
  TKSS trial 6: mean ARI=0.7376  n=480  8.9s  d=2, lam=0.0115, s=5
  TKSS trial 7: mean ARI=0.7284  n=480  16.2s  d=12, lam=4.074, s=6
  TKSS trial 8: mean ARI=0.7312  n=480  9.0s  d=12, lam=0.2423, s=5
  TKSS trial 9: mean ARI=0.7455  n=480  11.2s  d=2, lam=0.8313, s=1
  TKSS trial 10: mean ARI=0.7331  n=480  5.4s  d=15, lam=0.01463, s=2
  TKSS trial 11: mean ARI=0.7810  n=480  22.8s  d=1, lam=0.5626, s=2
  TKSS trial 12: mean ARI=0.7616  n=480  18.5s  d=1, lam=0.3474, s=1
  TKSS trial 13: mean ARI=0.7713  n=480  18.7s  d=1, lam=0.2009, s=2
  TKSS trial 14: mean ARI=0.7350  n=480  6.2s  d=4, lam=0.06854, s=2
  TKSS trial 15: mean ARI=0.7362  n=480  7.1s  d=3, lam=0.05946, s=3
  TKSS trial 16: mean ARI=0.7699  n=480  17.6s  d=1, lam=0.08226, s=3
  TKSS trial 17: mean ARI=0.7461  n=480  11.7s  d=4, lam=0.5728, s=3
  TKSS trial 18: mean ARI=0.7665  n=480  18.0s  d=1, lam=0.1227, s=2
  TKSS trial 19: mean ARI=0.7355  n=480  6.6s  d=3, lam=0.03036, s=3
  TKSS trial 20: mean ARI=0.7363  n=480  7.6s  d=6, lam=0.4994, s=2
  TKSS trial 21: mean ARI=0.7717  n=480  19.2s  d=1, lam=0.1126, s=3
  TKSS trial 22: mean ARI=0.7425  n=480  9.2s  d=3, lam=0.1727, s=3
  TKSS trial 23: mean ARI=0.7548  n=480  16.9s  d=1, lam=0.03439, s=2
  TKSS trial 24: mean ARI=0.7433  n=480  10.0s  d=2, lam=0.428, s=1
  TKSS trial 25: mean ARI=0.7377  n=480  7.3s  d=4, lam=0.1172, s=3
  TKSS trial 26: mean ARI=0.7485  n=480  11.2s  d=2, lam=0.2499, s=2
  TKSS trial 27: mean ARI=0.7643  n=480  17.8s  d=1, lam=0.03927, s=4
  TKSS trial 28: mean ARI=0.7416  n=480  9.3s  d=3, lam=2.266, s=1
  TKSS trial 29: mean ARI=0.7438  n=480  10.5s  d=4, lam=1.111, s=2
    best mean ARI=0.7810  tune 359.8s  d=1, lam=0.5626, s=2
  wrote /nfs/turbo/umms-minjilab/lpullela/icassp_ssc_tv2/block_ssc_benchmark/cv/params/surveillance/split_k3_sigmas_min30_trials20_params_knownk_cv_tkss_k3_sigma0p5_sigma0.5_fold1.json

=== P1E_S1_C1 train[0] k=3  dim=576  frames=146  σ=0.5  fold=1 ===
  TKSS: k_hat=3  ACC=0.8562  NMI=0.7171  ARI=0.6584  0.0s

=== P1E_S1_C1 train[1] k=3  dim=576  frames=130  σ=0.5  fold=1 ===
  TKSS: k_hat=3  ACC=0.9923  NMI=0.9661  ARI=0.9758  0.0s

=== P1E_S1_C1 train[2] k=3  dim=576  frames=140  σ=0.5  fold=1 ===
  TKSS: k_hat=3  ACC=0.8929  NMI=0.7916  ARI=0.7352  0.0s

=== P1E_S1_C1 train[3] k=3  dim=576  frames=157  σ=0.5  fold=1 ===
  TKSS: k_hat=3  ACC=0.9299  NMI=0.8206  ARI=0.8213  0.1s

=== P1E_S1_C1 train[4] k=3  dim=576  frames=151  σ=0.5  fold=1 ===
  TKSS: k_hat=3  ACC=0.5894  NMI=0.6108  ARI=0.4389  0.2s

=== P1E_S1_C1 train[5] k=3  dim=576  frames=140  σ=0.5  fold=1 ===
  TKSS: k_hat=3  ACC=0.8857  NMI=0.7465  ARI=0.7102  0.0s

=== P1E_S1_C1 train[6] k=3  dim=576  frames=171  σ=0.5  fold=1 ===
  TKSS: k_hat=3  ACC=0.9649  NMI=0.8641  ARI=0.8977  0.1s

=== P1E_S1_C2 train[0] k=3  dim=576  frames=147  σ=0.5  fold=1 ===
  TKSS: k_hat=3  ACC=0.8980  NMI=0.7598  ARI=0.7321  0.0s

=== P1E_S1_C2 train[1] k=3  dim=576  frames=104  σ=0.5  fold=1 ===
  TKSS: k_hat=3  ACC=1.0000  NMI=1.0000  ARI=1.0000  0.0s

=== P1E_S1_C2 train[2] k=3  dim=576  frames=138  σ=0.5  fold=1 ===
  TKSS: k_hat=3  ACC=0.8986  NMI=0.7540  ARI=0.7431  0.0s

=== P1E_S1_C2 train[3] k=3  dim=576  frames=113  σ=0.5  fold=1 ===
  TKSS: k_hat=3  ACC=0.9115  NMI=0.7589  ARI=0.7566  0.0s

=== P1E_S1_C2 train[4] k=3  dim=576  frames=122  σ=0.5  fold=1 ===
  TKSS: k_hat=3  ACC=0.9180  NMI=0.8212  ARI=0.7862  0.0s

=== P1E_S1_C2 train[5] k=3  dim=576  frames=122  σ=0.5  fold=1 ===
  TKSS: k_hat=3  ACC=0.9262  NMI=0.7864  ARI=0.7946  0.0s

=== P1E_S1_C2 train[6] k=3  dim=576  frames=134  σ=0.5  fold=1 ===
  TKSS: k_hat=3  ACC=0.9701  NMI=0.9076  ARI=0.9146  0.0s

=== P1E_S1_C3 train[0] k=3  dim=576  frames=58  σ=0.5  fold=1 ===
  TKSS: k_hat=3  ACC=0.8793  NMI=0.7059  ARI=0.6565  0.0s

=== P1E_S1_C3 train[1] k=3  dim=576  frames=47  σ=0.5  fold=1 ===
  TKSS: k_hat=3  ACC=0.9362  NMI=0.8096  ARI=0.8194  0.0s

=== P1E_S1_C3 train[2] k=3  dim=576  frames=61  σ=0.5  fold=1 ===
  TKSS: k_hat=3  ACC=0.7869  NMI=0.6115  ARI=0.5197  0.0s

=== P1E_S1_C3 train[3] k=3  dim=576  frames=37  σ=0.5  fold=1 ===
  TKSS: k_hat=3  ACC=0.7838  NMI=0.5996  ARI=0.4944  0.0s

=== P1E_S1_C3 train[4] k=3  dim=576  frames=55  σ=0.5  fold=1 ===
  TKSS: k_hat=3  ACC=0.8909  NMI=0.7251  ARI=0.7045  0.0s

=== P1E_S1_C3 train[5] k=3  dim=576  frames=51  σ=0.5  fold=1 ===
  TKSS: k_hat=3  ACC=0.8824  NMI=0.7161  ARI=0.6853  0.0s

=== P1E_S1_C3 train[6] k=3  dim=576  frames=69  σ=0.5  fold=1 ===
  TKSS: k_hat=3  ACC=0.9565  NMI=0.8542  ARI=0.8697  0.0s

=== P1E_S2_C1 train[0] k=3  dim=576  frames=167  σ=0.5  fold=1 ===
  TKSS: k_hat=3  ACC=0.9880  NMI=0.9525  ARI=0.9635  0.0s

=== P1E_S2_C1 train[1] k=3  dim=576  frames=136  σ=0.5  fold=1 ===
  TKSS: k_hat=3  ACC=0.9779  NMI=0.9129  ARI=0.9357  0.0s

=== P1E_S2_C1 train[2] k=3  dim=576  frames=180  σ=0.5  fold=1 ===
  TKSS: k_hat=3  ACC=0.8833  NMI=0.7643  ARI=0.7181  0.2s

=== P1E_S2_C1 train[3] k=3  dim=576  frames=149  σ=0.5  fold=1 ===
  TKSS: k_hat=3  ACC=0.8725  NMI=0.7030  ARI=0.6887  0.1s

=== P1E_S2_C1 train[4] k=3  dim=576  frames=124  σ=0.5  fold=1 ===
  TKSS: k_hat=3  ACC=0.9032  NMI=0.7750  ARI=0.7396  0.0s

=== P1E_S2_C1 train[5] k=3  dim=576  frames=161  σ=0.5  fold=1 ===
  TKSS: k_hat=3  ACC=0.9689  NMI=0.9043  ARI=0.9097  0.0s

=== P1E_S2_C1 train[6] k=3  dim=576  frames=153  σ=0.5  fold=1 ===
  TKSS: k_hat=3  ACC=0.9608  NMI=0.8642  ARI=0.8826  0.1s

=== P1E_S2_C2 train[0] k=3  dim=576  frames=146  σ=0.5  fold=1 ===
  TKSS: k_hat=3  ACC=0.9658  NMI=0.8753  ARI=0.8997  0.1s

=== P1E_S2_C2 train[1] k=3  dim=576  frames=109  σ=0.5  fold=1 ===
  TKSS: k_hat=3  ACC=0.9725  NMI=0.8956  ARI=0.9158  0.0s

=== P1E_S2_C2 train[2] k=3  dim=576  frames=144  σ=0.5  fold=1 ===
  TKSS: k_hat=3  ACC=0.9444  NMI=0.8399  ARI=0.8440  0.0s

=== P1E_S2_C2 train[3] k=3  dim=576  frames=124  σ=0.5  fold=1 ===
  TKSS: k_hat=3  ACC=0.9758  NMI=0.9039  ARI=0.9239  0.0s

=== P1E_S2_C2 train[4] k=3  dim=576  frames=109  σ=0.5  fold=1 ===
  TKSS: k_hat=3  ACC=0.9725  NMI=0.8974  ARI=0.9272  0.0s

=== P1E_S2_C2 train[5] k=3  dim=576  frames=128  σ=0.5  fold=1 ===
  TKSS: k_hat=3  ACC=0.9375  NMI=0.8165  ARI=0.8248  0.0s

=== P1E_S2_C2 train[6] k=3  dim=576  frames=126  σ=0.5  fold=1 ===
  TKSS: k_hat=3  ACC=0.9762  NMI=0.9207  ARI=0.9308  0.1s

=== P1E_S2_C3 train[0] k=3  dim=576  frames=113  σ=0.5  fold=1 ===
  TKSS: k_hat=3  ACC=0.9204  NMI=0.8269  ARI=0.8016  0.0s

=== P1E_S2_C3 train[1] k=3  dim=576  frames=90  σ=0.5  fold=1 ===
  TKSS: k_hat=3  ACC=0.9778  NMI=0.9238  ARI=0.9309  0.0s

=== P1E_S2_C3 train[2] k=3  dim=576  frames=112  σ=0.5  fold=1 ===
  TKSS: k_hat=3  ACC=0.9643  NMI=0.8950  ARI=0.8981  0.0s

=== P1E_S2_C3 train[3] k=3  dim=576  frames=99  σ=0.5  fold=1 ===
  TKSS: k_hat=3  ACC=0.9697  NMI=0.9058  ARI=0.9101  0.0s

=== P1E_S2_C3 train[4] k=3  dim=576  frames=87  σ=0.5  fold=1 ===
  TKSS: k_hat=3  ACC=0.9425  NMI=0.8221  ARI=0.8449  0.0s

=== P1E_S2_C3 train[5] k=3  dim=576  frames=105  σ=0.5  fold=1 ===
  TKSS: k_hat=3  ACC=0.9524  NMI=0.8438  ARI=0.8624  0.0s

=== P1E_S2_C3 train[6] k=3  dim=576  frames=89  σ=0.5  fold=1 ===
  TKSS: k_hat=3  ACC=0.9551  NMI=0.8562  ARI=0.8786  0.0s

=== P1E_S3_C1 train[0] k=3  dim=576  frames=166  σ=0.5  fold=1 ===
  TKSS: k_hat=3  ACC=0.8735  NMI=0.7520  ARI=0.6959  0.1s

=== P1E_S3_C1 train[1] k=3  dim=576  frames=134  σ=0.5  fold=1 ===
  TKSS: k_hat=3  ACC=0.9328  NMI=0.8065  ARI=0.8055  0.0s

=== P1E_S3_C1 train[2] k=3  dim=576  frames=161  σ=0.5  fold=1 ===
  TKSS: k_hat=3  ACC=0.9814  NMI=0.9234  ARI=0.9445  0.0s

=== P1E_S3_C1 train[3] k=3  dim=576  frames=168  σ=0.5  fold=1 ===
  TKSS: k_hat=3  ACC=0.8393  NMI=0.6371  ARI=0.5622  0.1s

=== P1E_S3_C1 train[4] k=3  dim=576  frames=123  σ=0.5  fold=1 ===
  TKSS: k_hat=3  ACC=0.9106  NMI=0.8144  ARI=0.7791  0.1s

=== P1E_S3_C1 train[5] k=3  dim=576  frames=204  σ=0.5  fold=1 ===
  TKSS: k_hat=3  ACC=0.7353  NMI=0.4597  ARI=0.3911  0.2s

=== P1E_S3_C1 train[6] k=3  dim=576  frames=112  σ=0.5  fold=1 ===
  TKSS: k_hat=3  ACC=0.9643  NMI=0.8735  ARI=0.8988  0.0s

=== P1E_S3_C2 train[0] k=3  dim=576  frames=147  σ=0.5  fold=1 ===
  TKSS: k_hat=3  ACC=0.8912  NMI=0.7884  ARI=0.7280  0.0s

=== P1E_S3_C2 train[1] k=3  dim=576  frames=112  σ=0.5  fold=1 ===
  TKSS: k_hat=3  ACC=0.9554  NMI=0.8456  ARI=0.8631  0.0s

=== P1E_S3_C2 train[2] k=3  dim=576  frames=168  σ=0.5  fold=1 ===
  TKSS: k_hat=3  ACC=0.8810  NMI=0.7331  ARI=0.6940  0.0s

=== P1E_S3_C2 train[3] k=3  dim=576  frames=169  σ=0.5  fold=1 ===
  TKSS: k_hat=3  ACC=0.8639  NMI=0.7419  ARI=0.6721  0.1s

=== P1E_S3_C2 train[4] k=3  dim=576  frames=107  σ=0.5  fold=1 ===
  TKSS: k_hat=3  ACC=0.8224  NMI=0.7335  ARI=0.6139  0.1s

=== P1E_S3_C2 train[5] k=3  dim=576  frames=146  σ=0.5  fold=1 ===
  TKSS: k_hat=3  ACC=0.6918  NMI=0.5407  ARI=0.4144  0.0s

=== P1E_S3_C2 train[6] k=3  dim=576  frames=114  σ=0.5  fold=1 ===
  TKSS: k_hat=3  ACC=0.8246  NMI=0.6779  ARI=0.5806  0.0s

=== P1E_S3_C3 train[0] k=3  dim=576  frames=105  σ=0.5  fold=1 ===
  TKSS: k_hat=3  ACC=1.0000  NMI=1.0000  ARI=1.0000  0.0s

=== P1E_S3_C3 train[1] k=3  dim=576  frames=84  σ=0.5  fold=1 ===
  TKSS: k_hat=3  ACC=0.9881  NMI=0.9525  ARI=0.9657  0.0s

=== P1E_S3_C3 train[2] k=3  dim=576  frames=125  σ=0.5  fold=1 ===
  TKSS: k_hat=3  ACC=0.9120  NMI=0.7651  ARI=0.7552  0.0s

=== P1E_S3_C3 train[3] k=3  dim=576  frames=128  σ=0.5  fold=1 ===
  TKSS: k_hat=3  ACC=0.8984  NMI=0.7967  ARI=0.7427  0.0s

=== P1E_S3_C3 train[4] k=3  dim=576  frames=83  σ=0.5  fold=1 ===
  TKSS: k_hat=3  ACC=0.9759  NMI=0.9214  ARI=0.9336  0.0s

=== P1E_S3_C3 train[5] k=3  dim=576  frames=129  σ=0.5  fold=1 ===
  TKSS: k_hat=3  ACC=0.9535  NMI=0.8477  ARI=0.8663  0.0s

=== P1E_S3_C3 train[6] k=3  dim=576  frames=84  σ=0.5  fold=1 ===
  TKSS: k_hat=3  ACC=0.9048  NMI=0.7729  ARI=0.7546  0.0s

=== P1E_S4_C1 train[0] k=3  dim=576  frames=158  σ=0.5  fold=1 ===
  TKSS: k_hat=3  ACC=0.8924  NMI=0.7499  ARI=0.7142  0.1s

=== P1E_S4_C1 train[1] k=3  dim=576  frames=155  σ=0.5  fold=1 ===
  TKSS: k_hat=3  ACC=0.9806  NMI=0.9205  ARI=0.9410  0.0s

=== P1E_S4_C1 train[2] k=3  dim=576  frames=182  σ=0.5  fold=1 ===
  TKSS: k_hat=3  ACC=0.9560  NMI=0.8782  ARI=0.8739  0.1s

=== P1E_S4_C1 train[3] k=3  dim=576  frames=180  σ=0.5  fold=1 ===
  TKSS: k_hat=3  ACC=0.8944  NMI=0.7710  ARI=0.7238  0.1s

=== P1E_S4_C1 train[4] k=3  dim=576  frames=133  σ=0.5  fold=1 ===
  TKSS: k_hat=3  ACC=0.9023  NMI=0.7634  ARI=0.7432  0.0s

=== P1E_S4_C1 train[5] k=3  dim=576  frames=147  σ=0.5  fold=1 ===
  TKSS: k_hat=3  ACC=0.8163  NMI=0.6303  ARI=0.5662  0.0s

=== P1E_S4_C1 train[6] k=3  dim=576  frames=145  σ=0.5  fold=1 ===
  TKSS: k_hat=3  ACC=0.9310  NMI=0.8107  ARI=0.8219  0.1s

=== P1E_S4_C2 train[0] k=3  dim=576  frames=117  σ=0.5  fold=1 ===
  TKSS: k_hat=3  ACC=0.9829  NMI=0.9273  ARI=0.9482  0.0s

=== P1E_S4_C2 train[1] k=3  dim=576  frames=122  σ=0.5  fold=1 ===
  TKSS: k_hat=3  ACC=0.9836  NMI=0.9393  ARI=0.9500  0.0s

=== P1E_S4_C2 train[2] k=3  dim=576  frames=126  σ=0.5  fold=1 ===
  TKSS: k_hat=3  ACC=0.8889  NMI=0.7487  ARI=0.7209  0.0s

=== P1E_S4_C2 train[3] k=3  dim=576  frames=140  σ=0.5  fold=1 ===
  TKSS: k_hat=3  ACC=0.9286  NMI=0.8048  ARI=0.7868  0.1s

=== P1E_S4_C2 train[4] k=3  dim=576  frames=129  σ=0.5  fold=1 ===
  TKSS: k_hat=3  ACC=1.0000  NMI=1.0000  ARI=1.0000  0.1s

=== P1E_S4_C2 train[5] k=3  dim=576  frames=146  σ=0.5  fold=1 ===
  TKSS: k_hat=3  ACC=0.9795  NMI=0.9176  ARI=0.9399  0.0s

=== P1E_S4_C2 train[6] k=3  dim=576  frames=110  σ=0.5  fold=1 ===
  TKSS: k_hat=3  ACC=0.9909  NMI=0.9624  ARI=0.9752  0.0s

=== P1E_S4_C3 train[0] k=3  dim=576  frames=90  σ=0.5  fold=1 ===
  TKSS: k_hat=3  ACC=0.9222  NMI=0.7952  ARI=0.7808  0.0s

=== P1E_S4_C3 train[1] k=3  dim=576  frames=85  σ=0.5  fold=1 ===
  TKSS: k_hat=3  ACC=0.9647  NMI=0.8960  ARI=0.8988  0.0s

=== P1E_S4_C3 train[2] k=3  dim=576  frames=105  σ=0.5  fold=1 ===
  TKSS: k_hat=3  ACC=0.8476  NMI=0.6674  ARI=0.6196  0.0s

=== P1E_S4_C3 train[3] k=3  dim=576  frames=87  σ=0.5  fold=1 ===
  TKSS: k_hat=3  ACC=0.9540  NMI=0.8509  ARI=0.8634  0.0s

=== P1E_S4_C3 train[4] k=3  dim=576  frames=76  σ=0.5  fold=1 ===
  TKSS: k_hat=3  ACC=0.9737  NMI=0.8991  ARI=0.9236  0.0s

=== P1E_S4_C3 train[5] k=3  dim=576  frames=106  σ=0.5  fold=1 ===
  TKSS: k_hat=3  ACC=0.9434  NMI=0.8339  ARI=0.8400  0.0s

=== P1E_S4_C3 train[6] k=3  dim=576  frames=79  σ=0.5  fold=1 ===
  TKSS: k_hat=3  ACC=0.9367  NMI=0.8094  ARI=0.8204  0.0s

=== P1L_S1_C1 train[0] k=3  dim=576  frames=162  σ=0.5  fold=1 ===
  TKSS: k_hat=3  ACC=0.9630  NMI=0.8930  ARI=0.8971  0.0s

=== P1L_S1_C1 train[1] k=3  dim=576  frames=155  σ=0.5  fold=1 ===
  TKSS: k_hat=3  ACC=1.0000  NMI=1.0000  ARI=1.0000  0.1s

=== P1L_S1_C1 train[2] k=3  dim=576  frames=182  σ=0.5  fold=1 ===
  TKSS: k_hat=3  ACC=0.9615  NMI=0.8756  ARI=0.8916  0.0s

=== P1L_S1_C1 train[3] k=3  dim=576  frames=198  σ=0.5  fold=1 ===
  TKSS: k_hat=3  ACC=0.9545  NMI=0.8612  ARI=0.8692  0.1s

=== P1L_S1_C1 train[4] k=3  dim=576  frames=166  σ=0.5  fold=1 ===
  TKSS: k_hat=3  ACC=1.0000  NMI=1.0000  ARI=1.0000  0.0s

=== P1L_S1_C1 train[5] k=3  dim=576  frames=116  σ=0.5  fold=1 ===
  TKSS: k_hat=3  ACC=0.9224  NMI=0.7779  ARI=0.7804  0.0s

=== P1L_S1_C1 train[6] k=3  dim=576  frames=175  σ=0.5  fold=1 ===
  TKSS: k_hat=3  ACC=0.9886  NMI=0.9473  ARI=0.9690  0.1s

=== P1L_S1_C2 train[0] k=3  dim=576  frames=186  σ=0.5  fold=1 ===
  TKSS: k_hat=3  ACC=0.6720  NMI=0.5354  ARI=0.3987  0.1s

=== P1L_S1_C2 train[1] k=3  dim=576  frames=147  σ=0.5  fold=1 ===
  TKSS: k_hat=3  ACC=1.0000  NMI=1.0000  ARI=1.0000  0.0s

=== P1L_S1_C2 train[2] k=3  dim=576  frames=181  σ=0.5  fold=1 ===
  TKSS: k_hat=3  ACC=0.9834  NMI=0.9383  ARI=0.9478  0.1s

=== P1L_S1_C2 train[3] k=3  dim=576  frames=128  σ=0.5  fold=1 ===
  TKSS: k_hat=3  ACC=0.6484  NMI=0.4134  ARI=0.3109  0.1s

=== P1L_S1_C2 train[4] k=3  dim=576  frames=154  σ=0.5  fold=1 ===
  TKSS: k_hat=3  ACC=0.9545  NMI=0.8783  ARI=0.8811  0.1s

=== P1L_S1_C2 train[5] k=3  dim=576  frames=142  σ=0.5  fold=1 ===
  TKSS: k_hat=3  ACC=0.8873  NMI=0.7173  ARI=0.6988  0.0s

=== P1L_S1_C2 train[6] k=3  dim=576  frames=168  σ=0.5  fold=1 ===
  TKSS: k_hat=3  ACC=0.9821  NMI=0.9264  ARI=0.9498  0.1s

=== P1L_S1_C3 train[0] k=3  dim=576  frames=60  σ=0.5  fold=1 ===
  TKSS: k_hat=3  ACC=0.9667  NMI=0.8791  ARI=0.9004  0.0s

=== P1L_S1_C3 train[1] k=3  dim=576  frames=65  σ=0.5  fold=1 ===
  TKSS: k_hat=3  ACC=0.9846  NMI=0.9413  ARI=0.9500  0.0s

=== P1L_S1_C3 train[2] k=3  dim=576  frames=74  σ=0.5  fold=1 ===
  TKSS: k_hat=3  ACC=0.9054  NMI=0.7542  ARI=0.7418  0.0s

=== P1L_S1_C3 train[3] k=3  dim=576  frames=73  σ=0.5  fold=1 ===
  TKSS: k_hat=3  ACC=0.8630  NMI=0.6918  ARI=0.6489  0.0s

=== P1L_S1_C3 train[4] k=3  dim=576  frames=64  σ=0.5  fold=1 ===
  TKSS: k_hat=3  ACC=0.9688  NMI=0.9051  ARI=0.9119  0.0s

=== P1L_S1_C3 train[5] k=3  dim=576  frames=63  σ=0.5  fold=1 ===
  TKSS: k_hat=3  ACC=0.8571  NMI=0.6728  ARI=0.6378  0.0s

=== P1L_S1_C3 train[6] k=3  dim=576  frames=75  σ=0.5  fold=1 ===
  TKSS: k_hat=3  ACC=0.9867  NMI=0.9474  ARI=0.9569  0.0s

=== P1L_S2_C1 train[0] k=3  dim=576  frames=211  σ=0.5  fold=1 ===
  TKSS: k_hat=3  ACC=0.9431  NMI=0.8539  ARI=0.8355  0.1s

=== P1L_S2_C1 train[1] k=3  dim=576  frames=180  σ=0.5  fold=1 ===
  TKSS: k_hat=3  ACC=0.6889  NMI=0.6219  ARI=0.5205  0.1s

=== P1L_S2_C1 train[2] k=3  dim=576  frames=177  σ=0.5  fold=1 ===
  TKSS: k_hat=3  ACC=0.9209  NMI=0.7603  ARI=0.7780  0.1s

=== P1L_S2_C1 train[3] k=3  dim=576  frames=172  σ=0.5  fold=1 ===
  TKSS: k_hat=3  ACC=0.9012  NMI=0.7838  ARI=0.7605  0.1s

=== P1L_S2_C1 train[4] k=3  dim=576  frames=179  σ=0.5  fold=1 ===
  TKSS: k_hat=3  ACC=0.9888  NMI=0.9558  ARI=0.9703  0.1s

=== P1L_S2_C1 train[5] k=3  dim=576  frames=180  σ=0.5  fold=1 ===
  TKSS: k_hat=3  ACC=0.6667  NMI=0.3491  ARI=0.3276  0.3s

=== P1L_S2_C1 train[6] k=3  dim=576  frames=133  σ=0.5  fold=1 ===
  TKSS: k_hat=3  ACC=0.7368  NMI=0.5776  ARI=0.4697  0.0s

=== P1L_S2_C2 train[0] k=3  dim=576  frames=194  σ=0.5  fold=1 ===
  TKSS: k_hat=3  ACC=0.8402  NMI=0.7131  ARI=0.6439  0.1s

=== P1L_S2_C2 train[1] k=3  dim=576  frames=134  σ=0.5  fold=1 ===
  TKSS: k_hat=3  ACC=1.0000  NMI=1.0000  ARI=1.0000  0.0s

=== P1L_S2_C2 train[2] k=3  dim=576  frames=186  σ=0.5  fold=1 ===
  TKSS: k_hat=3  ACC=0.9409  NMI=0.8527  ARI=0.8374  0.0s

=== P1L_S2_C2 train[3] k=3  dim=576  frames=201  σ=0.5  fold=1 ===
  TKSS: k_hat=3  ACC=0.9403  NMI=0.8262  ARI=0.8283  0.0s

=== P1L_S2_C2 train[4] k=3  dim=576  frames=171  σ=0.5  fold=1 ===
  TKSS: k_hat=3  ACC=0.9474  NMI=0.8616  ARI=0.8479  0.0s

=== P1L_S2_C2 train[5] k=3  dim=576  frames=160  σ=0.5  fold=1 ===
  TKSS: k_hat=3  ACC=0.7063  NMI=0.5511  ARI=0.4386  0.1s

=== P1L_S2_C2 train[6] k=3  dim=576  frames=154  σ=0.5  fold=1 ===
  TKSS: k_hat=3  ACC=0.9805  NMI=0.9269  ARI=0.9347  0.1s

=== P1L_S2_C3 train[0] k=3  dim=576  frames=119  σ=0.5  fold=1 ===
  TKSS: k_hat=3  ACC=0.8571  NMI=0.7363  ARI=0.6118  0.0s

=== P1L_S2_C3 train[1] k=3  dim=576  frames=85  σ=0.5  fold=1 ===
  TKSS: k_hat=3  ACC=0.8588  NMI=0.7143  ARI=0.6896  0.0s

=== P1L_S2_C3 train[2] k=3  dim=576  frames=112  σ=0.5  fold=1 ===
  TKSS: k_hat=3  ACC=0.9018  NMI=0.7646  ARI=0.7591  0.0s

=== P1L_S2_C3 train[3] k=3  dim=576  frames=126  σ=0.5  fold=1 ===
  TKSS: k_hat=3  ACC=0.8651  NMI=0.7610  ARI=0.6671  0.1s

=== P1L_S2_C3 train[4] k=3  dim=576  frames=102  σ=0.5  fold=1 ===
  TKSS: k_hat=3  ACC=0.9706  NMI=0.9082  ARI=0.9141  0.0s

=== P1L_S2_C3 train[5] k=3  dim=576  frames=121  σ=0.5  fold=1 ===
  TKSS: k_hat=3  ACC=0.8430  NMI=0.6561  ARI=0.6681  0.1s

=== P1L_S2_C3 train[6] k=3  dim=576  frames=99  σ=0.5  fold=1 ===
  TKSS: k_hat=3  ACC=0.9798  NMI=0.9303  ARI=0.9424  0.0s

=== P1L_S3_C1 train[0] k=3  dim=576  frames=156  σ=0.5  fold=1 ===
  TKSS: k_hat=3  ACC=0.6410  NMI=0.3688  ARI=0.2402  0.1s

=== P1L_S3_C1 train[1] k=3  dim=576  frames=185  σ=0.5  fold=1 ===
  TKSS: k_hat=3  ACC=0.9838  NMI=0.9402  ARI=0.9511  0.1s

=== P1L_S3_C1 train[2] k=3  dim=576  frames=156  σ=0.5  fold=1 ===
  TKSS: k_hat=3  ACC=0.7628  NMI=0.5561  ARI=0.4926  0.1s

=== P1L_S3_C1 train[3] k=3  dim=576  frames=159  σ=0.5  fold=1 ===
  TKSS: k_hat=3  ACC=0.8050  NMI=0.6261  ARI=0.5552  0.0s

=== P1L_S3_C1 train[4] k=3  dim=576  frames=172  σ=0.5  fold=1 ===
  TKSS: k_hat=3  ACC=0.9244  NMI=0.8107  ARI=0.7961  0.1s

=== P1L_S3_C1 train[5] k=3  dim=576  frames=176  σ=0.5  fold=1 ===
  TKSS: k_hat=3  ACC=0.5000  NMI=0.2930  ARI=0.2233  0.1s

=== P1L_S3_C1 train[6] k=3  dim=576  frames=134  σ=0.5  fold=1 ===
  TKSS: k_hat=3  ACC=0.9030  NMI=0.7874  ARI=0.7158  0.1s

=== P1L_S3_C2 train[0] k=3  dim=576  frames=185  σ=0.5  fold=1 ===
  TKSS: k_hat=3  ACC=0.9568  NMI=0.8556  ARI=0.8691  0.1s

=== P1L_S3_C2 train[1] k=3  dim=576  frames=166  σ=0.5  fold=1 ===
  TKSS: k_hat=3  ACC=1.0000  NMI=1.0000  ARI=1.0000  0.1s

=== P1L_S3_C2 train[2] k=3  dim=576  frames=209  σ=0.5  fold=1 ===
  TKSS: k_hat=3  ACC=0.7608  NMI=0.5521  ARI=0.4500  0.2s

=== P1L_S3_C2 train[3] k=3  dim=576  frames=168  σ=0.5  fold=1 ===
  TKSS: k_hat=3  ACC=0.8690  NMI=0.7691  ARI=0.6965  0.0s

=== P1L_S3_C2 train[4] k=3  dim=576  frames=187  σ=0.5  fold=1 ===
  TKSS: k_hat=3  ACC=0.9412  NMI=0.8569  ARI=0.8525  0.1s

=== P1L_S3_C2 train[5] k=3  dim=576  frames=229  σ=0.5  fold=1 ===
  TKSS: k_hat=3  ACC=0.5546  NMI=0.1586  ARI=0.1166  0.3s

=== P1L_S3_C2 train[6] k=3  dim=576  frames=136  σ=0.5  fold=1 ===
  TKSS: k_hat=3  ACC=0.9853  NMI=0.9350  ARI=0.9551  0.0s

=== P1L_S3_C3 train[0] k=3  dim=576  frames=151  σ=0.5  fold=1 ===
  TKSS: k_hat=3  ACC=0.8146  NMI=0.6595  ARI=0.5101  0.1s

=== P1L_S3_C3 train[1] k=3  dim=576  frames=121  σ=0.5  fold=1 ===
  TKSS: k_hat=3  ACC=0.9917  NMI=0.9640  ARI=0.9736  0.0s

=== P1L_S3_C3 train[2] k=3  dim=576  frames=142  σ=0.5  fold=1 ===
  TKSS: k_hat=3  ACC=0.9930  NMI=0.9680  ARI=0.9769  0.0s

=== P1L_S3_C3 train[3] k=3  dim=576  frames=134  σ=0.5  fold=1 ===
  TKSS: k_hat=3  ACC=0.8134  NMI=0.6179  ARI=0.5263  0.1s

=== P1L_S3_C3 train[4] k=3  dim=576  frames=110  σ=0.5  fold=1 ===
  TKSS: k_hat=3  ACC=0.8636  NMI=0.7289  ARI=0.6579  0.1s

=== P1L_S3_C3 train[5] k=3  dim=576  frames=161  σ=0.5  fold=1 ===
  TKSS: k_hat=3  ACC=0.9876  NMI=0.9503  ARI=0.9602  0.1s

=== P1L_S3_C3 train[6] k=3  dim=576  frames=114  σ=0.5  fold=1 ===
  TKSS: k_hat=3  ACC=0.9825  NMI=0.9372  ARI=0.9534  0.0s

=== P1L_S4_C1 train[0] k=3  dim=576  frames=200  σ=0.5  fold=1 ===
  TKSS: k_hat=3  ACC=0.9300  NMI=0.7926  ARI=0.7996  0.3s

=== P1L_S4_C1 train[1] k=3  dim=576  frames=154  σ=0.5  fold=1 ===
  TKSS: k_hat=3  ACC=0.9935  NMI=0.9700  ARI=0.9814  0.1s

=== P1L_S4_C1 train[2] k=3  dim=576  frames=168  σ=0.5  fold=1 ===
  TKSS: k_hat=3  ACC=0.9107  NMI=0.8113  ARI=0.7703  0.0s

=== P1L_S4_C1 train[3] k=3  dim=576  frames=142  σ=0.5  fold=1 ===
  TKSS: k_hat=3  ACC=1.0000  NMI=1.0000  ARI=1.0000  0.0s

=== P1L_S4_C1 train[4] k=3  dim=576  frames=164  σ=0.5  fold=1 ===
  TKSS: k_hat=3  ACC=0.9512  NMI=0.8684  ARI=0.8583  0.1s

=== P1L_S4_C1 train[5] k=3  dim=576  frames=187  σ=0.5  fold=1 ===
  TKSS: k_hat=3  ACC=0.8396  NMI=0.6563  ARI=0.6070  0.0s

=== P1L_S4_C1 train[6] k=3  dim=576  frames=202  σ=0.5  fold=1 ===
  TKSS: k_hat=3  ACC=0.9901  NMI=0.9593  ARI=0.9706  0.0s

=== P1L_S4_C2 train[0] k=3  dim=576  frames=157  σ=0.5  fold=1 ===
  TKSS: k_hat=3  ACC=0.9554  NMI=0.8679  ARI=0.8553  0.1s

=== P1L_S4_C2 train[1] k=3  dim=576  frames=175  σ=0.5  fold=1 ===
  TKSS: k_hat=3  ACC=1.0000  NMI=1.0000  ARI=1.0000  0.1s

=== P1L_S4_C2 train[2] k=3  dim=576  frames=168  σ=0.5  fold=1 ===
  TKSS: k_hat=3  ACC=0.9286  NMI=0.8328  ARI=0.8047  0.0s

=== P1L_S4_C2 train[3] k=3  dim=576  frames=154  σ=0.5  fold=1 ===
  TKSS: k_hat=3  ACC=0.7338  NMI=0.5564  ARI=0.4489  0.0s

=== P1L_S4_C2 train[4] k=3  dim=576  frames=152  σ=0.5  fold=1 ===
  TKSS: k_hat=3  ACC=0.9868  NMI=0.9409  ARI=0.9602  0.0s

=== P1L_S4_C2 train[5] k=3  dim=576  frames=169  σ=0.5  fold=1 ===
  TKSS: k_hat=3  ACC=0.9112  NMI=0.7595  ARI=0.7633  0.0s

=== P1L_S4_C2 train[6] k=3  dim=576  frames=153  σ=0.5  fold=1 ===
  TKSS: k_hat=3  ACC=0.8497  NMI=0.6912  ARI=0.6459  0.1s

=== P1L_S4_C3 train[0] k=3  dim=576  frames=96  σ=0.5  fold=1 ===
  TKSS: k_hat=3  ACC=0.9688  NMI=0.9008  ARI=0.9008  0.0s

=== P1L_S4_C3 train[1] k=3  dim=576  frames=94  σ=0.5  fold=1 ===
  TKSS: k_hat=3  ACC=1.0000  NMI=1.0000  ARI=1.0000  0.0s

=== P1L_S4_C3 train[2] k=3  dim=576  frames=117  σ=0.5  fold=1 ===
  TKSS: k_hat=3  ACC=0.8718  NMI=0.7260  ARI=0.6806  0.0s

=== P1L_S4_C3 train[3] k=3  dim=576  frames=112  σ=0.5  fold=1 ===
  TKSS: k_hat=3  ACC=0.8661  NMI=0.7340  ARI=0.6683  0.0s

=== P1L_S4_C3 train[4] k=3  dim=576  frames=103  σ=0.5  fold=1 ===
  TKSS: k_hat=3  ACC=0.9612  NMI=0.8646  ARI=0.8869  0.0s

=== P1L_S4_C3 train[5] k=3  dim=576  frames=105  σ=0.5  fold=1 ===
  TKSS: k_hat=3  ACC=0.9810  NMI=0.9327  ARI=0.9427  0.0s

=== P1L_S4_C3 train[6] k=3  dim=576  frames=107  σ=0.5  fold=1 ===
  TKSS: k_hat=3  ACC=0.9813  NMI=0.9338  ARI=0.9463  0.0s

=== P1E_S1_C1 test[0] k=3  dim=576  frames=153  σ=0.5  fold=1 ===
  TKSS: k_hat=3  ACC=0.9935  NMI=0.9706  ARI=0.9801  0.0s

=== P1E_S1_C2 test[0] k=3  dim=576  frames=115  σ=0.5  fold=1 ===
  TKSS: k_hat=3  ACC=0.9652  NMI=0.8929  ARI=0.8903  0.1s

=== P1E_S1_C3 test[0] k=3  dim=576  frames=56  σ=0.5  fold=1 ===
  TKSS: k_hat=3  ACC=0.8214  NMI=0.6766  ARI=0.5739  0.0s

=== P1E_S2_C1 test[0] k=3  dim=576  frames=151  σ=0.5  fold=1 ===
  TKSS: k_hat=3  ACC=0.9404  NMI=0.8329  ARI=0.8320  0.0s

=== P1E_S2_C2 test[0] k=3  dim=576  frames=115  σ=0.5  fold=1 ===
  TKSS: k_hat=3  ACC=0.9913  NMI=0.9630  ARI=0.9739  0.0s

=== P1E_S2_C3 test[0] k=3  dim=576  frames=88  σ=0.5  fold=1 ===
  TKSS: k_hat=3  ACC=0.9205  NMI=0.7919  ARI=0.7751  0.0s

=== P1E_S3_C1 test[0] k=3  dim=576  frames=139  σ=0.5  fold=1 ===
  TKSS: k_hat=3  ACC=0.9281  NMI=0.8340  ARI=0.8075  0.0s

=== P1E_S3_C2 test[0] k=3  dim=576  frames=120  σ=0.5  fold=1 ===
  TKSS: k_hat=3  ACC=0.8833  NMI=0.7061  ARI=0.6689  0.0s

=== P1E_S3_C3 test[0] k=3  dim=576  frames=89  σ=0.5  fold=1 ===
  TKSS: k_hat=3  ACC=0.9775  NMI=0.9216  ARI=0.9297  0.0s

=== P1E_S4_C1 test[0] k=3  dim=576  frames=107  σ=0.5  fold=1 ===
  TKSS: k_hat=3  ACC=0.9907  NMI=0.9613  ARI=0.9728  0.0s

=== P1E_S4_C2 test[0] k=3  dim=576  frames=125  σ=0.5  fold=1 ===
  TKSS: k_hat=3  ACC=0.9600  NMI=0.8859  ARI=0.8848  0.0s

=== P1E_S4_C3 test[0] k=3  dim=576  frames=64  σ=0.5  fold=1 ===
  TKSS: k_hat=3  ACC=0.9688  NMI=0.8848  ARI=0.9071  0.0s

=== P1L_S1_C1 test[0] k=3  dim=576  frames=170  σ=0.5  fold=1 ===
  TKSS: k_hat=3  ACC=0.9059  NMI=0.7835  ARI=0.7491  0.0s

=== P1L_S1_C2 test[0] k=3  dim=576  frames=137  σ=0.5  fold=1 ===
  TKSS: k_hat=3  ACC=0.8686  NMI=0.6843  ARI=0.6425  0.1s

=== P1L_S1_C3 test[0] k=3  dim=576  frames=68  σ=0.5  fold=1 ===
  TKSS: k_hat=3  ACC=0.9853  NMI=0.9448  ARI=0.9560  0.0s

=== P1L_S2_C1 test[0] k=3  dim=576  frames=190  σ=0.5  fold=1 ===
  TKSS: k_hat=3  ACC=0.9474  NMI=0.8628  ARI=0.8521  0.0s

=== P1L_S2_C2 test[0] k=3  dim=576  frames=155  σ=0.5  fold=1 ===
  TKSS: k_hat=3  ACC=0.9871  NMI=0.9416  ARI=0.9604  0.0s

=== P1L_S2_C3 test[0] k=3  dim=576  frames=101  σ=0.5  fold=1 ===
  TKSS: k_hat=3  ACC=0.9208  NMI=0.8174  ARI=0.7742  0.0s

=== P1L_S3_C1 test[0] k=3  dim=576  frames=120  σ=0.5  fold=1 ===
  TKSS: k_hat=3  ACC=0.8667  NMI=0.6911  ARI=0.6682  0.0s

=== P1L_S3_C2 test[0] k=3  dim=576  frames=125  σ=0.5  fold=1 ===
  TKSS: k_hat=3  ACC=0.9520  NMI=0.8699  ARI=0.8600  0.0s

=== P1L_S3_C3 test[0] k=3  dim=576  frames=118  σ=0.5  fold=1 ===
  TKSS: k_hat=3  ACC=0.9322  NMI=0.8147  ARI=0.8058  0.0s

=== P1L_S4_C1 test[0] k=3  dim=576  frames=157  σ=0.5  fold=1 ===
  TKSS: k_hat=3  ACC=0.8662  NMI=0.7539  ARI=0.6518  0.1s

=== P1L_S4_C2 test[0] k=3  dim=576  frames=149  σ=0.5  fold=1 ===
  TKSS: k_hat=3  ACC=0.8926  NMI=0.7262  ARI=0.7072  0.0s

=== P1L_S4_C3 test[0] k=3  dim=576  frames=107  σ=0.5  fold=1 ===
  TKSS: k_hat=3  ACC=0.8879  NMI=0.7909  ARI=0.7406  0.0s
  tune_pool_groups=20: sampling from 22 held-in people (overlap allowed) instead of the 7 fixed partition group(s)

============================================================
σ=0.5 fold=2  test=['0009', '0019', '0026']  train mats=168  test mats=24  tune mats=480
  --- tune TKSS over 480 train mats  n_trials=30 (3 params) ---
  TKSS trial 0: mean ARI=0.7455  n=480  8.6s  d=5, lam=1, s=2
  TKSS trial 1: mean ARI=0.7396  n=480  10.7s  d=9, lam=1.398, s=4
  TKSS trial 2: mean ARI=0.7411  n=480  7.3s  d=9, lam=0.1866, s=4
  TKSS trial 3: mean ARI=0.7326  n=480  17.1s  d=7, lam=4.735, s=6
  TKSS trial 4: mean ARI=0.7438  n=480  12.3s  d=6, lam=2.372, s=4
  TKSS trial 5: mean ARI=0.7415  n=480  5.9s  d=9, lam=5.981, s=1
  TKSS trial 6: mean ARI=0.7443  n=480  9.1s  d=2, lam=0.0115, s=5
  TKSS trial 7: mean ARI=0.7282  n=480  18.3s  d=12, lam=4.074, s=6
  TKSS trial 8: mean ARI=0.7381  n=480  9.1s  d=12, lam=0.2423, s=5
  TKSS trial 9: mean ARI=0.7527  n=480  11.9s  d=2, lam=0.8313, s=1
  TKSS trial 10: mean ARI=0.7407  n=480  5.6s  d=15, lam=0.01463, s=2
  TKSS trial 11: mean ARI=0.7590  n=480  24.7s  d=1, lam=0.5626, s=2
  TKSS trial 12: mean ARI=0.7469  n=480  20.7s  d=1, lam=0.3474, s=1
  TKSS trial 13: mean ARI=0.7448  n=480  7.3s  d=3, lam=0.06667, s=2
  TKSS trial 14: mean ARI=0.7473  n=480  10.7s  d=4, lam=0.5416, s=3
  TKSS trial 15: mean ARI=0.7377  n=480  17.9s  d=1, lam=0.07126, s=1
  TKSS trial 16: mean ARI=0.7496  n=480  13.7s  d=3, lam=0.781, s=3
  TKSS trial 17: mean ARI=0.7438  n=480  18.4s  d=1, lam=0.08864, s=2
  TKSS trial 18: mean ARI=0.7469  n=480  12.4s  d=4, lam=1.774, s=3
  TKSS trial 19: mean ARI=0.7446  n=480  7.2s  d=3, lam=0.1457, s=1
  TKSS trial 20: mean ARI=0.7428  n=480  6.9s  d=7, lam=0.3618, s=2
  TKSS trial 21: mean ARI=0.7501  n=480  13.4s  d=3, lam=0.6753, s=3
  TKSS trial 22: mean ARI=0.7562  n=480  17.6s  d=2, lam=0.6409, s=3
  TKSS trial 23: mean ARI=0.7528  n=480  12.2s  d=2, lam=9.866, s=1
  TKSS trial 24: mean ARI=0.7455  n=480  8.6s  d=5, lam=8.937, s=2
  TKSS trial 25: mean ARI=0.7396  n=480  18.0s  d=1, lam=0.02597, s=3
  TKSS trial 26: mean ARI=0.7564  n=480  16.3s  d=2, lam=2.573, s=2
  TKSS trial 27: mean ARI=0.7467  n=480  12.4s  d=4, lam=2.96, s=3
  TKSS trial 28: mean ARI=0.7447  n=480  13.3s  d=5, lam=1.51, s=4
  TKSS trial 29: mean ARI=0.7573  n=480  15.7s  d=2, lam=1.145, s=2
    best mean ARI=0.7590  tune 383.0s  d=1, lam=0.5626, s=2
  wrote /nfs/turbo/umms-minjilab/lpullela/icassp_ssc_tv2/block_ssc_benchmark/cv/params/surveillance/split_k3_sigmas_min30_trials20_params_knownk_cv_tkss_k3_sigma0p5_sigma0.5_fold2.json

=== P1E_S1_C1 train[0] k=3  dim=576  frames=146  σ=0.5  fold=2 ===
  TKSS: k_hat=3  ACC=0.8562  NMI=0.7171  ARI=0.6584  0.0s

=== P1E_S1_C1 train[1] k=3  dim=576  frames=153  σ=0.5  fold=2 ===
  TKSS: k_hat=3  ACC=0.9935  NMI=0.9706  ARI=0.9801  0.0s

=== P1E_S1_C1 train[2] k=3  dim=576  frames=140  σ=0.5  fold=2 ===
  TKSS: k_hat=3  ACC=0.8929  NMI=0.7916  ARI=0.7352  0.0s

=== P1E_S1_C1 train[3] k=3  dim=576  frames=157  σ=0.5  fold=2 ===
  TKSS: k_hat=3  ACC=0.9299  NMI=0.8206  ARI=0.8213  0.1s

=== P1E_S1_C1 train[4] k=3  dim=576  frames=151  σ=0.5  fold=2 ===
  TKSS: k_hat=3  ACC=0.5894  NMI=0.6108  ARI=0.4389  0.2s

=== P1E_S1_C1 train[5] k=3  dim=576  frames=140  σ=0.5  fold=2 ===
  TKSS: k_hat=3  ACC=0.8857  NMI=0.7465  ARI=0.7102  0.0s

=== P1E_S1_C1 train[6] k=3  dim=576  frames=171  σ=0.5  fold=2 ===
  TKSS: k_hat=3  ACC=0.9649  NMI=0.8641  ARI=0.8977  0.1s

=== P1E_S1_C2 train[0] k=3  dim=576  frames=147  σ=0.5  fold=2 ===
  TKSS: k_hat=3  ACC=0.8980  NMI=0.7598  ARI=0.7321  0.0s

=== P1E_S1_C2 train[1] k=3  dim=576  frames=115  σ=0.5  fold=2 ===
  TKSS: k_hat=3  ACC=0.9652  NMI=0.8929  ARI=0.8903  0.1s

=== P1E_S1_C2 train[2] k=3  dim=576  frames=138  σ=0.5  fold=2 ===
  TKSS: k_hat=3  ACC=0.8986  NMI=0.7540  ARI=0.7431  0.0s

=== P1E_S1_C2 train[3] k=3  dim=576  frames=113  σ=0.5  fold=2 ===
  TKSS: k_hat=3  ACC=0.9115  NMI=0.7589  ARI=0.7566  0.0s

=== P1E_S1_C2 train[4] k=3  dim=576  frames=122  σ=0.5  fold=2 ===
  TKSS: k_hat=3  ACC=0.9180  NMI=0.8212  ARI=0.7862  0.0s

=== P1E_S1_C2 train[5] k=3  dim=576  frames=122  σ=0.5  fold=2 ===
  TKSS: k_hat=3  ACC=0.9262  NMI=0.7864  ARI=0.7946  0.0s

=== P1E_S1_C2 train[6] k=3  dim=576  frames=134  σ=0.5  fold=2 ===
  TKSS: k_hat=3  ACC=0.9701  NMI=0.9076  ARI=0.9146  0.0s

=== P1E_S1_C3 train[0] k=3  dim=576  frames=58  σ=0.5  fold=2 ===
  TKSS: k_hat=3  ACC=0.8793  NMI=0.7059  ARI=0.6565  0.0s

=== P1E_S1_C3 train[1] k=3  dim=576  frames=56  σ=0.5  fold=2 ===
  TKSS: k_hat=3  ACC=0.8214  NMI=0.6766  ARI=0.5739  0.0s

=== P1E_S1_C3 train[2] k=3  dim=576  frames=61  σ=0.5  fold=2 ===
  TKSS: k_hat=3  ACC=0.7869  NMI=0.6115  ARI=0.5197  0.0s

=== P1E_S1_C3 train[3] k=3  dim=576  frames=37  σ=0.5  fold=2 ===
  TKSS: k_hat=3  ACC=0.7838  NMI=0.5996  ARI=0.4944  0.0s

=== P1E_S1_C3 train[4] k=3  dim=576  frames=55  σ=0.5  fold=2 ===
  TKSS: k_hat=3  ACC=0.8909  NMI=0.7251  ARI=0.7045  0.0s

=== P1E_S1_C3 train[5] k=3  dim=576  frames=51  σ=0.5  fold=2 ===
  TKSS: k_hat=3  ACC=0.8824  NMI=0.7161  ARI=0.6853  0.0s

=== P1E_S1_C3 train[6] k=3  dim=576  frames=69  σ=0.5  fold=2 ===
  TKSS: k_hat=3  ACC=0.9565  NMI=0.8542  ARI=0.8697  0.0s

=== P1E_S2_C1 train[0] k=3  dim=576  frames=167  σ=0.5  fold=2 ===
  TKSS: k_hat=3  ACC=0.9880  NMI=0.9525  ARI=0.9635  0.0s

=== P1E_S2_C1 train[1] k=3  dim=576  frames=151  σ=0.5  fold=2 ===
  TKSS: k_hat=3  ACC=0.9404  NMI=0.8329  ARI=0.8320  0.0s

=== P1E_S2_C1 train[2] k=3  dim=576  frames=180  σ=0.5  fold=2 ===
  TKSS: k_hat=3  ACC=0.8833  NMI=0.7643  ARI=0.7181  0.2s

=== P1E_S2_C1 train[3] k=3  dim=576  frames=149  σ=0.5  fold=2 ===
  TKSS: k_hat=3  ACC=0.8725  NMI=0.7030  ARI=0.6887  0.1s

=== P1E_S2_C1 train[4] k=3  dim=576  frames=124  σ=0.5  fold=2 ===
  TKSS: k_hat=3  ACC=0.9032  NMI=0.7750  ARI=0.7396  0.0s

=== P1E_S2_C1 train[5] k=3  dim=576  frames=161  σ=0.5  fold=2 ===
  TKSS: k_hat=3  ACC=0.9689  NMI=0.9043  ARI=0.9097  0.0s

=== P1E_S2_C1 train[6] k=3  dim=576  frames=153  σ=0.5  fold=2 ===
  TKSS: k_hat=3  ACC=0.9608  NMI=0.8642  ARI=0.8826  0.1s

=== P1E_S2_C2 train[0] k=3  dim=576  frames=146  σ=0.5  fold=2 ===
  TKSS: k_hat=3  ACC=0.9658  NMI=0.8753  ARI=0.8997  0.1s

=== P1E_S2_C2 train[1] k=3  dim=576  frames=115  σ=0.5  fold=2 ===
  TKSS: k_hat=3  ACC=0.9913  NMI=0.9630  ARI=0.9739  0.0s

=== P1E_S2_C2 train[2] k=3  dim=576  frames=144  σ=0.5  fold=2 ===
  TKSS: k_hat=3  ACC=0.9444  NMI=0.8399  ARI=0.8440  0.0s

=== P1E_S2_C2 train[3] k=3  dim=576  frames=124  σ=0.5  fold=2 ===
  TKSS: k_hat=3  ACC=0.9758  NMI=0.9039  ARI=0.9239  0.1s

=== P1E_S2_C2 train[4] k=3  dim=576  frames=109  σ=0.5  fold=2 ===
  TKSS: k_hat=3  ACC=0.9725  NMI=0.8974  ARI=0.9272  0.0s

=== P1E_S2_C2 train[5] k=3  dim=576  frames=128  σ=0.5  fold=2 ===
  TKSS: k_hat=3  ACC=0.9375  NMI=0.8165  ARI=0.8248  0.0s

=== P1E_S2_C2 train[6] k=3  dim=576  frames=126  σ=0.5  fold=2 ===
  TKSS: k_hat=3  ACC=0.9762  NMI=0.9207  ARI=0.9308  0.1s

=== P1E_S2_C3 train[0] k=3  dim=576  frames=113  σ=0.5  fold=2 ===
  TKSS: k_hat=3  ACC=0.9204  NMI=0.8269  ARI=0.8016  0.0s

=== P1E_S2_C3 train[1] k=3  dim=576  frames=88  σ=0.5  fold=2 ===
  TKSS: k_hat=3  ACC=0.9205  NMI=0.7919  ARI=0.7751  0.0s

=== P1E_S2_C3 train[2] k=3  dim=576  frames=112  σ=0.5  fold=2 ===
  TKSS: k_hat=3  ACC=0.9643  NMI=0.8950  ARI=0.8981  0.0s

=== P1E_S2_C3 train[3] k=3  dim=576  frames=99  σ=0.5  fold=2 ===
  TKSS: k_hat=3  ACC=0.9697  NMI=0.9058  ARI=0.9101  0.0s

=== P1E_S2_C3 train[4] k=3  dim=576  frames=87  σ=0.5  fold=2 ===
  TKSS: k_hat=3  ACC=0.9425  NMI=0.8221  ARI=0.8449  0.0s

=== P1E_S2_C3 train[5] k=3  dim=576  frames=105  σ=0.5  fold=2 ===
  TKSS: k_hat=3  ACC=0.9524  NMI=0.8438  ARI=0.8624  0.0s

=== P1E_S2_C3 train[6] k=3  dim=576  frames=89  σ=0.5  fold=2 ===
  TKSS: k_hat=3  ACC=0.9551  NMI=0.8562  ARI=0.8786  0.0s

=== P1E_S3_C1 train[0] k=3  dim=576  frames=166  σ=0.5  fold=2 ===
  TKSS: k_hat=3  ACC=0.8735  NMI=0.7520  ARI=0.6959  0.1s

=== P1E_S3_C1 train[1] k=3  dim=576  frames=139  σ=0.5  fold=2 ===
  TKSS: k_hat=3  ACC=0.9281  NMI=0.8340  ARI=0.8075  0.0s

=== P1E_S3_C1 train[2] k=3  dim=576  frames=161  σ=0.5  fold=2 ===
  TKSS: k_hat=3  ACC=0.9814  NMI=0.9234  ARI=0.9445  0.0s

=== P1E_S3_C1 train[3] k=3  dim=576  frames=168  σ=0.5  fold=2 ===
  TKSS: k_hat=3  ACC=0.8393  NMI=0.6371  ARI=0.5622  0.1s

=== P1E_S3_C1 train[4] k=3  dim=576  frames=123  σ=0.5  fold=2 ===
  TKSS: k_hat=3  ACC=0.9106  NMI=0.8144  ARI=0.7791  0.1s

=== P1E_S3_C1 train[5] k=3  dim=576  frames=204  σ=0.5  fold=2 ===
  TKSS: k_hat=3  ACC=0.7353  NMI=0.4597  ARI=0.3911  0.2s

=== P1E_S3_C1 train[6] k=3  dim=576  frames=112  σ=0.5  fold=2 ===
  TKSS: k_hat=3  ACC=0.9643  NMI=0.8735  ARI=0.8988  0.0s

=== P1E_S3_C2 train[0] k=3  dim=576  frames=147  σ=0.5  fold=2 ===
  TKSS: k_hat=3  ACC=0.8912  NMI=0.7884  ARI=0.7280  0.0s

=== P1E_S3_C2 train[1] k=3  dim=576  frames=120  σ=0.5  fold=2 ===
  TKSS: k_hat=3  ACC=0.8833  NMI=0.7061  ARI=0.6689  0.0s

=== P1E_S3_C2 train[2] k=3  dim=576  frames=168  σ=0.5  fold=2 ===
  TKSS: k_hat=3  ACC=0.8810  NMI=0.7331  ARI=0.6940  0.0s

=== P1E_S3_C2 train[3] k=3  dim=576  frames=169  σ=0.5  fold=2 ===
  TKSS: k_hat=3  ACC=0.8639  NMI=0.7419  ARI=0.6721  0.1s

=== P1E_S3_C2 train[4] k=3  dim=576  frames=107  σ=0.5  fold=2 ===
  TKSS: k_hat=3  ACC=0.8224  NMI=0.7335  ARI=0.6139  0.1s

=== P1E_S3_C2 train[5] k=3  dim=576  frames=146  σ=0.5  fold=2 ===
  TKSS: k_hat=3  ACC=0.6918  NMI=0.5407  ARI=0.4144  0.0s

=== P1E_S3_C2 train[6] k=3  dim=576  frames=114  σ=0.5  fold=2 ===
  TKSS: k_hat=3  ACC=0.8246  NMI=0.6779  ARI=0.5806  0.0s

=== P1E_S3_C3 train[0] k=3  dim=576  frames=105  σ=0.5  fold=2 ===
  TKSS: k_hat=3  ACC=1.0000  NMI=1.0000  ARI=1.0000  0.0s

=== P1E_S3_C3 train[1] k=3  dim=576  frames=89  σ=0.5  fold=2 ===
  TKSS: k_hat=3  ACC=0.9775  NMI=0.9216  ARI=0.9297  0.0s

=== P1E_S3_C3 train[2] k=3  dim=576  frames=125  σ=0.5  fold=2 ===
  TKSS: k_hat=3  ACC=0.9120  NMI=0.7651  ARI=0.7552  0.0s

=== P1E_S3_C3 train[3] k=3  dim=576  frames=128  σ=0.5  fold=2 ===
  TKSS: k_hat=3  ACC=0.8984  NMI=0.7967  ARI=0.7427  0.0s

=== P1E_S3_C3 train[4] k=3  dim=576  frames=83  σ=0.5  fold=2 ===
  TKSS: k_hat=3  ACC=0.9759  NMI=0.9214  ARI=0.9336  0.0s

=== P1E_S3_C3 train[5] k=3  dim=576  frames=129  σ=0.5  fold=2 ===
  TKSS: k_hat=3  ACC=0.9535  NMI=0.8477  ARI=0.8663  0.0s

=== P1E_S3_C3 train[6] k=3  dim=576  frames=84  σ=0.5  fold=2 ===
  TKSS: k_hat=3  ACC=0.9048  NMI=0.7729  ARI=0.7546  0.0s

=== P1E_S4_C1 train[0] k=3  dim=576  frames=158  σ=0.5  fold=2 ===
  TKSS: k_hat=3  ACC=0.8924  NMI=0.7499  ARI=0.7142  0.1s

=== P1E_S4_C1 train[1] k=3  dim=576  frames=107  σ=0.5  fold=2 ===
  TKSS: k_hat=3  ACC=0.9907  NMI=0.9613  ARI=0.9728  0.0s

=== P1E_S4_C1 train[2] k=3  dim=576  frames=182  σ=0.5  fold=2 ===
  TKSS: k_hat=3  ACC=0.9560  NMI=0.8782  ARI=0.8739  0.1s

=== P1E_S4_C1 train[3] k=3  dim=576  frames=180  σ=0.5  fold=2 ===
  TKSS: k_hat=3  ACC=0.8944  NMI=0.7710  ARI=0.7238  0.1s

=== P1E_S4_C1 train[4] k=3  dim=576  frames=133  σ=0.5  fold=2 ===
  TKSS: k_hat=3  ACC=0.9023  NMI=0.7634  ARI=0.7432  0.0s

=== P1E_S4_C1 train[5] k=3  dim=576  frames=147  σ=0.5  fold=2 ===
  TKSS: k_hat=3  ACC=0.8163  NMI=0.6303  ARI=0.5662  0.0s

=== P1E_S4_C1 train[6] k=3  dim=576  frames=145  σ=0.5  fold=2 ===
  TKSS: k_hat=3  ACC=0.9310  NMI=0.8107  ARI=0.8219  0.1s

=== P1E_S4_C2 train[0] k=3  dim=576  frames=117  σ=0.5  fold=2 ===
  TKSS: k_hat=3  ACC=0.9829  NMI=0.9273  ARI=0.9482  0.0s

=== P1E_S4_C2 train[1] k=3  dim=576  frames=125  σ=0.5  fold=2 ===
  TKSS: k_hat=3  ACC=0.9600  NMI=0.8859  ARI=0.8848  0.0s

=== P1E_S4_C2 train[2] k=3  dim=576  frames=126  σ=0.5  fold=2 ===
  TKSS: k_hat=3  ACC=0.8889  NMI=0.7487  ARI=0.7209  0.0s

=== P1E_S4_C2 train[3] k=3  dim=576  frames=140  σ=0.5  fold=2 ===
  TKSS: k_hat=3  ACC=0.9286  NMI=0.8048  ARI=0.7868  0.1s

=== P1E_S4_C2 train[4] k=3  dim=576  frames=129  σ=0.5  fold=2 ===
  TKSS: k_hat=3  ACC=1.0000  NMI=1.0000  ARI=1.0000  0.1s

=== P1E_S4_C2 train[5] k=3  dim=576  frames=146  σ=0.5  fold=2 ===
  TKSS: k_hat=3  ACC=0.9795  NMI=0.9176  ARI=0.9399  0.0s

=== P1E_S4_C2 train[6] k=3  dim=576  frames=110  σ=0.5  fold=2 ===
  TKSS: k_hat=3  ACC=0.9909  NMI=0.9624  ARI=0.9752  0.0s

=== P1E_S4_C3 train[0] k=3  dim=576  frames=90  σ=0.5  fold=2 ===
  TKSS: k_hat=3  ACC=0.9222  NMI=0.7952  ARI=0.7808  0.0s

=== P1E_S4_C3 train[1] k=3  dim=576  frames=64  σ=0.5  fold=2 ===
  TKSS: k_hat=3  ACC=0.9688  NMI=0.8848  ARI=0.9071  0.0s

=== P1E_S4_C3 train[2] k=3  dim=576  frames=105  σ=0.5  fold=2 ===
  TKSS: k_hat=3  ACC=0.8476  NMI=0.6674  ARI=0.6196  0.0s

=== P1E_S4_C3 train[3] k=3  dim=576  frames=87  σ=0.5  fold=2 ===
  TKSS: k_hat=3  ACC=0.9540  NMI=0.8509  ARI=0.8634  0.0s

=== P1E_S4_C3 train[4] k=3  dim=576  frames=76  σ=0.5  fold=2 ===
  TKSS: k_hat=3  ACC=0.9737  NMI=0.8991  ARI=0.9236  0.0s

=== P1E_S4_C3 train[5] k=3  dim=576  frames=106  σ=0.5  fold=2 ===
  TKSS: k_hat=3  ACC=0.9434  NMI=0.8339  ARI=0.8400  0.0s

=== P1E_S4_C3 train[6] k=3  dim=576  frames=79  σ=0.5  fold=2 ===
  TKSS: k_hat=3  ACC=0.9367  NMI=0.8094  ARI=0.8204  0.0s

=== P1L_S1_C1 train[0] k=3  dim=576  frames=162  σ=0.5  fold=2 ===
  TKSS: k_hat=3  ACC=0.9630  NMI=0.8930  ARI=0.8971  0.0s

=== P1L_S1_C1 train[1] k=3  dim=576  frames=170  σ=0.5  fold=2 ===
  TKSS: k_hat=3  ACC=0.9059  NMI=0.7835  ARI=0.7491  0.0s

=== P1L_S1_C1 train[2] k=3  dim=576  frames=182  σ=0.5  fold=2 ===
  TKSS: k_hat=3  ACC=0.9615  NMI=0.8756  ARI=0.8916  0.0s

=== P1L_S1_C1 train[3] k=3  dim=576  frames=198  σ=0.5  fold=2 ===
  TKSS: k_hat=3  ACC=0.9545  NMI=0.8612  ARI=0.8692  0.1s

=== P1L_S1_C1 train[4] k=3  dim=576  frames=166  σ=0.5  fold=2 ===
  TKSS: k_hat=3  ACC=1.0000  NMI=1.0000  ARI=1.0000  0.0s

=== P1L_S1_C1 train[5] k=3  dim=576  frames=116  σ=0.5  fold=2 ===
  TKSS: k_hat=3  ACC=0.9224  NMI=0.7779  ARI=0.7804  0.0s

=== P1L_S1_C1 train[6] k=3  dim=576  frames=175  σ=0.5  fold=2 ===
  TKSS: k_hat=3  ACC=0.9886  NMI=0.9473  ARI=0.9690  0.1s

=== P1L_S1_C2 train[0] k=3  dim=576  frames=186  σ=0.5  fold=2 ===
  TKSS: k_hat=3  ACC=0.6720  NMI=0.5354  ARI=0.3987  0.1s

=== P1L_S1_C2 train[1] k=3  dim=576  frames=137  σ=0.5  fold=2 ===
  TKSS: k_hat=3  ACC=0.8686  NMI=0.6843  ARI=0.6425  0.1s

=== P1L_S1_C2 train[2] k=3  dim=576  frames=181  σ=0.5  fold=2 ===
  TKSS: k_hat=3  ACC=0.9834  NMI=0.9383  ARI=0.9478  0.1s

=== P1L_S1_C2 train[3] k=3  dim=576  frames=128  σ=0.5  fold=2 ===
  TKSS: k_hat=3  ACC=0.6484  NMI=0.4134  ARI=0.3109  0.2s

=== P1L_S1_C2 train[4] k=3  dim=576  frames=154  σ=0.5  fold=2 ===
  TKSS: k_hat=3  ACC=0.9545  NMI=0.8783  ARI=0.8811  0.1s

=== P1L_S1_C2 train[5] k=3  dim=576  frames=142  σ=0.5  fold=2 ===
  TKSS: k_hat=3  ACC=0.8873  NMI=0.7173  ARI=0.6988  0.0s

=== P1L_S1_C2 train[6] k=3  dim=576  frames=168  σ=0.5  fold=2 ===
  TKSS: k_hat=3  ACC=0.9821  NMI=0.9264  ARI=0.9498  0.1s

=== P1L_S1_C3 train[0] k=3  dim=576  frames=60  σ=0.5  fold=2 ===
  TKSS: k_hat=3  ACC=0.9667  NMI=0.8791  ARI=0.9004  0.0s

=== P1L_S1_C3 train[1] k=3  dim=576  frames=68  σ=0.5  fold=2 ===
  TKSS: k_hat=3  ACC=0.9853  NMI=0.9448  ARI=0.9560  0.0s

=== P1L_S1_C3 train[2] k=3  dim=576  frames=74  σ=0.5  fold=2 ===
  TKSS: k_hat=3  ACC=0.9054  NMI=0.7542  ARI=0.7418  0.0s

=== P1L_S1_C3 train[3] k=3  dim=576  frames=73  σ=0.5  fold=2 ===
  TKSS: k_hat=3  ACC=0.8630  NMI=0.6918  ARI=0.6489  0.0s

=== P1L_S1_C3 train[4] k=3  dim=576  frames=64  σ=0.5  fold=2 ===
  TKSS: k_hat=3  ACC=0.9688  NMI=0.9051  ARI=0.9119  0.0s

=== P1L_S1_C3 train[5] k=3  dim=576  frames=63  σ=0.5  fold=2 ===
  TKSS: k_hat=3  ACC=0.8571  NMI=0.6728  ARI=0.6378  0.0s

=== P1L_S1_C3 train[6] k=3  dim=576  frames=75  σ=0.5  fold=2 ===
  TKSS: k_hat=3  ACC=0.9867  NMI=0.9474  ARI=0.9569  0.0s

=== P1L_S2_C1 train[0] k=3  dim=576  frames=211  σ=0.5  fold=2 ===
  TKSS: k_hat=3  ACC=0.9431  NMI=0.8539  ARI=0.8355  0.1s

=== P1L_S2_C1 train[1] k=3  dim=576  frames=190  σ=0.5  fold=2 ===
  TKSS: k_hat=3  ACC=0.9474  NMI=0.8628  ARI=0.8521  0.0s

=== P1L_S2_C1 train[2] k=3  dim=576  frames=177  σ=0.5  fold=2 ===
  TKSS: k_hat=3  ACC=0.9209  NMI=0.7603  ARI=0.7780  0.1s

=== P1L_S2_C1 train[3] k=3  dim=576  frames=172  σ=0.5  fold=2 ===
  TKSS: k_hat=3  ACC=0.9012  NMI=0.7838  ARI=0.7605  0.1s

=== P1L_S2_C1 train[4] k=3  dim=576  frames=179  σ=0.5  fold=2 ===
  TKSS: k_hat=3  ACC=0.9888  NMI=0.9558  ARI=0.9703  0.1s

=== P1L_S2_C1 train[5] k=3  dim=576  frames=180  σ=0.5  fold=2 ===
  TKSS: k_hat=3  ACC=0.6667  NMI=0.3491  ARI=0.3276  0.3s

=== P1L_S2_C1 train[6] k=3  dim=576  frames=133  σ=0.5  fold=2 ===
  TKSS: k_hat=3  ACC=0.7368  NMI=0.5776  ARI=0.4697  0.0s

=== P1L_S2_C2 train[0] k=3  dim=576  frames=194  σ=0.5  fold=2 ===
  TKSS: k_hat=3  ACC=0.8402  NMI=0.7131  ARI=0.6439  0.1s

=== P1L_S2_C2 train[1] k=3  dim=576  frames=155  σ=0.5  fold=2 ===
  TKSS: k_hat=3  ACC=0.9871  NMI=0.9416  ARI=0.9604  0.0s

=== P1L_S2_C2 train[2] k=3  dim=576  frames=186  σ=0.5  fold=2 ===
  TKSS: k_hat=3  ACC=0.9409  NMI=0.8527  ARI=0.8374  0.0s

=== P1L_S2_C2 train[3] k=3  dim=576  frames=201  σ=0.5  fold=2 ===
  TKSS: k_hat=3  ACC=0.9403  NMI=0.8262  ARI=0.8283  0.0s

=== P1L_S2_C2 train[4] k=3  dim=576  frames=171  σ=0.5  fold=2 ===
  TKSS: k_hat=3  ACC=0.9474  NMI=0.8616  ARI=0.8479  0.0s

=== P1L_S2_C2 train[5] k=3  dim=576  frames=160  σ=0.5  fold=2 ===
  TKSS: k_hat=3  ACC=0.7063  NMI=0.5511  ARI=0.4386  0.1s

=== P1L_S2_C2 train[6] k=3  dim=576  frames=154  σ=0.5  fold=2 ===
  TKSS: k_hat=3  ACC=0.9805  NMI=0.9269  ARI=0.9347  0.1s

=== P1L_S2_C3 train[0] k=3  dim=576  frames=119  σ=0.5  fold=2 ===
  TKSS: k_hat=3  ACC=0.8571  NMI=0.7363  ARI=0.6118  0.0s

=== P1L_S2_C3 train[1] k=3  dim=576  frames=101  σ=0.5  fold=2 ===
  TKSS: k_hat=3  ACC=0.9208  NMI=0.8174  ARI=0.7742  0.0s

=== P1L_S2_C3 train[2] k=3  dim=576  frames=112  σ=0.5  fold=2 ===
  TKSS: k_hat=3  ACC=0.9018  NMI=0.7646  ARI=0.7591  0.0s

=== P1L_S2_C3 train[3] k=3  dim=576  frames=126  σ=0.5  fold=2 ===
  TKSS: k_hat=3  ACC=0.8651  NMI=0.7610  ARI=0.6671  0.1s

=== P1L_S2_C3 train[4] k=3  dim=576  frames=102  σ=0.5  fold=2 ===
  TKSS: k_hat=3  ACC=0.9706  NMI=0.9082  ARI=0.9141  0.0s

=== P1L_S2_C3 train[5] k=3  dim=576  frames=121  σ=0.5  fold=2 ===
  TKSS: k_hat=3  ACC=0.8430  NMI=0.6561  ARI=0.6681  0.1s

=== P1L_S2_C3 train[6] k=3  dim=576  frames=99  σ=0.5  fold=2 ===
  TKSS: k_hat=3  ACC=0.9798  NMI=0.9303  ARI=0.9424  0.0s

=== P1L_S3_C1 train[0] k=3  dim=576  frames=156  σ=0.5  fold=2 ===
  TKSS: k_hat=3  ACC=0.6410  NMI=0.3688  ARI=0.2402  0.1s

=== P1L_S3_C1 train[1] k=3  dim=576  frames=120  σ=0.5  fold=2 ===
  TKSS: k_hat=3  ACC=0.8667  NMI=0.6911  ARI=0.6682  0.0s

=== P1L_S3_C1 train[2] k=3  dim=576  frames=156  σ=0.5  fold=2 ===
  TKSS: k_hat=3  ACC=0.7628  NMI=0.5561  ARI=0.4926  0.1s

=== P1L_S3_C1 train[3] k=3  dim=576  frames=159  σ=0.5  fold=2 ===
  TKSS: k_hat=3  ACC=0.8050  NMI=0.6261  ARI=0.5552  0.0s

=== P1L_S3_C1 train[4] k=3  dim=576  frames=172  σ=0.5  fold=2 ===
  TKSS: k_hat=3  ACC=0.9244  NMI=0.8107  ARI=0.7961  0.1s

=== P1L_S3_C1 train[5] k=3  dim=576  frames=176  σ=0.5  fold=2 ===
  TKSS: k_hat=3  ACC=0.5000  NMI=0.2930  ARI=0.2233  0.1s

=== P1L_S3_C1 train[6] k=3  dim=576  frames=134  σ=0.5  fold=2 ===
  TKSS: k_hat=3  ACC=0.9030  NMI=0.7874  ARI=0.7158  0.1s

=== P1L_S3_C2 train[0] k=3  dim=576  frames=185  σ=0.5  fold=2 ===
  TKSS: k_hat=3  ACC=0.9568  NMI=0.8556  ARI=0.8691  0.1s

=== P1L_S3_C2 train[1] k=3  dim=576  frames=125  σ=0.5  fold=2 ===
  TKSS: k_hat=3  ACC=0.9520  NMI=0.8699  ARI=0.8600  0.0s

=== P1L_S3_C2 train[2] k=3  dim=576  frames=209  σ=0.5  fold=2 ===
  TKSS: k_hat=3  ACC=0.7608  NMI=0.5521  ARI=0.4500  0.2s

=== P1L_S3_C2 train[3] k=3  dim=576  frames=168  σ=0.5  fold=2 ===
  TKSS: k_hat=3  ACC=0.8690  NMI=0.7691  ARI=0.6965  0.0s

=== P1L_S3_C2 train[4] k=3  dim=576  frames=187  σ=0.5  fold=2 ===
  TKSS: k_hat=3  ACC=0.9412  NMI=0.8569  ARI=0.8525  0.1s

=== P1L_S3_C2 train[5] k=3  dim=576  frames=229  σ=0.5  fold=2 ===
  TKSS: k_hat=3  ACC=0.5546  NMI=0.1586  ARI=0.1166  0.3s

=== P1L_S3_C2 train[6] k=3  dim=576  frames=136  σ=0.5  fold=2 ===
  TKSS: k_hat=3  ACC=0.9853  NMI=0.9350  ARI=0.9551  0.0s

=== P1L_S3_C3 train[0] k=3  dim=576  frames=151  σ=0.5  fold=2 ===
  TKSS: k_hat=3  ACC=0.8146  NMI=0.6595  ARI=0.5101  0.1s

=== P1L_S3_C3 train[1] k=3  dim=576  frames=118  σ=0.5  fold=2 ===
  TKSS: k_hat=3  ACC=0.9322  NMI=0.8147  ARI=0.8058  0.0s

=== P1L_S3_C3 train[2] k=3  dim=576  frames=142  σ=0.5  fold=2 ===
  TKSS: k_hat=3  ACC=0.9930  NMI=0.9680  ARI=0.9769  0.0s

=== P1L_S3_C3 train[3] k=3  dim=576  frames=134  σ=0.5  fold=2 ===
  TKSS: k_hat=3  ACC=0.8134  NMI=0.6179  ARI=0.5263  0.1s

=== P1L_S3_C3 train[4] k=3  dim=576  frames=110  σ=0.5  fold=2 ===
  TKSS: k_hat=3  ACC=0.8636  NMI=0.7289  ARI=0.6579  0.1s

=== P1L_S3_C3 train[5] k=3  dim=576  frames=161  σ=0.5  fold=2 ===
  TKSS: k_hat=3  ACC=0.9876  NMI=0.9503  ARI=0.9602  0.1s

=== P1L_S3_C3 train[6] k=3  dim=576  frames=114  σ=0.5  fold=2 ===
  TKSS: k_hat=3  ACC=0.9825  NMI=0.9372  ARI=0.9534  0.0s

=== P1L_S4_C1 train[0] k=3  dim=576  frames=200  σ=0.5  fold=2 ===
  TKSS: k_hat=3  ACC=0.9300  NMI=0.7926  ARI=0.7996  0.3s

=== P1L_S4_C1 train[1] k=3  dim=576  frames=157  σ=0.5  fold=2 ===
  TKSS: k_hat=3  ACC=0.8662  NMI=0.7539  ARI=0.6518  0.1s

=== P1L_S4_C1 train[2] k=3  dim=576  frames=168  σ=0.5  fold=2 ===
  TKSS: k_hat=3  ACC=0.9107  NMI=0.8113  ARI=0.7703  0.0s

=== P1L_S4_C1 train[3] k=3  dim=576  frames=142  σ=0.5  fold=2 ===
  TKSS: k_hat=3  ACC=1.0000  NMI=1.0000  ARI=1.0000  0.0s

=== P1L_S4_C1 train[4] k=3  dim=576  frames=164  σ=0.5  fold=2 ===
  TKSS: k_hat=3  ACC=0.9512  NMI=0.8684  ARI=0.8583  0.1s

=== P1L_S4_C1 train[5] k=3  dim=576  frames=187  σ=0.5  fold=2 ===
  TKSS: k_hat=3  ACC=0.8396  NMI=0.6563  ARI=0.6070  0.0s

=== P1L_S4_C1 train[6] k=3  dim=576  frames=202  σ=0.5  fold=2 ===
  TKSS: k_hat=3  ACC=0.9901  NMI=0.9593  ARI=0.9706  0.0s

=== P1L_S4_C2 train[0] k=3  dim=576  frames=157  σ=0.5  fold=2 ===
  TKSS: k_hat=3  ACC=0.9554  NMI=0.8679  ARI=0.8553  0.1s

=== P1L_S4_C2 train[1] k=3  dim=576  frames=149  σ=0.5  fold=2 ===
  TKSS: k_hat=3  ACC=0.8926  NMI=0.7262  ARI=0.7072  0.0s

=== P1L_S4_C2 train[2] k=3  dim=576  frames=168  σ=0.5  fold=2 ===
  TKSS: k_hat=3  ACC=0.9286  NMI=0.8328  ARI=0.8047  0.0s

=== P1L_S4_C2 train[3] k=3  dim=576  frames=154  σ=0.5  fold=2 ===
  TKSS: k_hat=3  ACC=0.7338  NMI=0.5564  ARI=0.4489  0.0s

=== P1L_S4_C2 train[4] k=3  dim=576  frames=152  σ=0.5  fold=2 ===
  TKSS: k_hat=3  ACC=0.9868  NMI=0.9409  ARI=0.9602  0.0s

=== P1L_S4_C2 train[5] k=3  dim=576  frames=169  σ=0.5  fold=2 ===
  TKSS: k_hat=3  ACC=0.9112  NMI=0.7595  ARI=0.7633  0.0s

=== P1L_S4_C2 train[6] k=3  dim=576  frames=153  σ=0.5  fold=2 ===
  TKSS: k_hat=3  ACC=0.8497  NMI=0.6912  ARI=0.6459  0.1s

=== P1L_S4_C3 train[0] k=3  dim=576  frames=96  σ=0.5  fold=2 ===
  TKSS: k_hat=3  ACC=0.9688  NMI=0.9008  ARI=0.9008  0.0s

=== P1L_S4_C3 train[1] k=3  dim=576  frames=107  σ=0.5  fold=2 ===
  TKSS: k_hat=3  ACC=0.8879  NMI=0.7909  ARI=0.7406  0.0s

=== P1L_S4_C3 train[2] k=3  dim=576  frames=117  σ=0.5  fold=2 ===
  TKSS: k_hat=3  ACC=0.8718  NMI=0.7260  ARI=0.6806  0.0s

=== P1L_S4_C3 train[3] k=3  dim=576  frames=112  σ=0.5  fold=2 ===
  TKSS: k_hat=3  ACC=0.8661  NMI=0.7340  ARI=0.6683  0.0s

=== P1L_S4_C3 train[4] k=3  dim=576  frames=103  σ=0.5  fold=2 ===
  TKSS: k_hat=3  ACC=0.9612  NMI=0.8646  ARI=0.8869  0.0s

=== P1L_S4_C3 train[5] k=3  dim=576  frames=105  σ=0.5  fold=2 ===
  TKSS: k_hat=3  ACC=0.9810  NMI=0.9327  ARI=0.9427  0.0s

=== P1L_S4_C3 train[6] k=3  dim=576  frames=107  σ=0.5  fold=2 ===
  TKSS: k_hat=3  ACC=0.9813  NMI=0.9338  ARI=0.9463  0.0s

=== P1E_S1_C1 test[0] k=3  dim=576  frames=130  σ=0.5  fold=2 ===
  TKSS: k_hat=3  ACC=0.9923  NMI=0.9661  ARI=0.9758  0.0s

=== P1E_S1_C2 test[0] k=3  dim=576  frames=104  σ=0.5  fold=2 ===
  TKSS: k_hat=3  ACC=1.0000  NMI=1.0000  ARI=1.0000  0.0s

=== P1E_S1_C3 test[0] k=3  dim=576  frames=47  σ=0.5  fold=2 ===
  TKSS: k_hat=3  ACC=0.9362  NMI=0.8096  ARI=0.8194  0.0s

=== P1E_S2_C1 test[0] k=3  dim=576  frames=136  σ=0.5  fold=2 ===
  TKSS: k_hat=3  ACC=0.9779  NMI=0.9129  ARI=0.9357  0.0s

=== P1E_S2_C2 test[0] k=3  dim=576  frames=109  σ=0.5  fold=2 ===
  TKSS: k_hat=3  ACC=0.9725  NMI=0.8956  ARI=0.9158  0.0s

=== P1E_S2_C3 test[0] k=3  dim=576  frames=90  σ=0.5  fold=2 ===
  TKSS: k_hat=3  ACC=0.9778  NMI=0.9238  ARI=0.9309  0.0s

=== P1E_S3_C1 test[0] k=3  dim=576  frames=134  σ=0.5  fold=2 ===
  TKSS: k_hat=3  ACC=0.9328  NMI=0.8065  ARI=0.8055  0.0s

=== P1E_S3_C2 test[0] k=3  dim=576  frames=112  σ=0.5  fold=2 ===
  TKSS: k_hat=3  ACC=0.9554  NMI=0.8456  ARI=0.8631  0.1s

=== P1E_S3_C3 test[0] k=3  dim=576  frames=84  σ=0.5  fold=2 ===
  TKSS: k_hat=3  ACC=0.9881  NMI=0.9525  ARI=0.9657  0.0s

=== P1E_S4_C1 test[0] k=3  dim=576  frames=155  σ=0.5  fold=2 ===
  TKSS: k_hat=3  ACC=0.9806  NMI=0.9205  ARI=0.9410  0.0s

=== P1E_S4_C2 test[0] k=3  dim=576  frames=122  σ=0.5  fold=2 ===
  TKSS: k_hat=3  ACC=0.9836  NMI=0.9393  ARI=0.9500  0.0s

=== P1E_S4_C3 test[0] k=3  dim=576  frames=85  σ=0.5  fold=2 ===
  TKSS: k_hat=3  ACC=0.9647  NMI=0.8960  ARI=0.8988  0.0s

=== P1L_S1_C1 test[0] k=3  dim=576  frames=155  σ=0.5  fold=2 ===
  TKSS: k_hat=3  ACC=1.0000  NMI=1.0000  ARI=1.0000  0.1s

=== P1L_S1_C2 test[0] k=3  dim=576  frames=147  σ=0.5  fold=2 ===
  TKSS: k_hat=3  ACC=1.0000  NMI=1.0000  ARI=1.0000  0.0s

=== P1L_S1_C3 test[0] k=3  dim=576  frames=65  σ=0.5  fold=2 ===
  TKSS: k_hat=3  ACC=0.9846  NMI=0.9413  ARI=0.9500  0.0s

=== P1L_S2_C1 test[0] k=3  dim=576  frames=180  σ=0.5  fold=2 ===
  TKSS: k_hat=3  ACC=0.6889  NMI=0.6219  ARI=0.5205  0.1s

=== P1L_S2_C2 test[0] k=3  dim=576  frames=134  σ=0.5  fold=2 ===
  TKSS: k_hat=3  ACC=1.0000  NMI=1.0000  ARI=1.0000  0.0s

=== P1L_S2_C3 test[0] k=3  dim=576  frames=85  σ=0.5  fold=2 ===
  TKSS: k_hat=3  ACC=0.8588  NMI=0.7143  ARI=0.6896  0.0s

=== P1L_S3_C1 test[0] k=3  dim=576  frames=185  σ=0.5  fold=2 ===
  TKSS: k_hat=3  ACC=0.9838  NMI=0.9402  ARI=0.9511  0.1s

=== P1L_S3_C2 test[0] k=3  dim=576  frames=166  σ=0.5  fold=2 ===
  TKSS: k_hat=3  ACC=1.0000  NMI=1.0000  ARI=1.0000  0.1s

=== P1L_S3_C3 test[0] k=3  dim=576  frames=121  σ=0.5  fold=2 ===
  TKSS: k_hat=3  ACC=0.9917  NMI=0.9640  ARI=0.9736  0.0s

=== P1L_S4_C1 test[0] k=3  dim=576  frames=154  σ=0.5  fold=2 ===
  TKSS: k_hat=3  ACC=0.9935  NMI=0.9700  ARI=0.9814  0.1s

=== P1L_S4_C2 test[0] k=3  dim=576  frames=175  σ=0.5  fold=2 ===
  TKSS: k_hat=3  ACC=1.0000  NMI=1.0000  ARI=1.0000  0.1s

=== P1L_S4_C3 test[0] k=3  dim=576  frames=94  σ=0.5  fold=2 ===
  TKSS: k_hat=3  ACC=1.0000  NMI=1.0000  ARI=1.0000  0.0s
  tune_pool_groups=20: sampling from 22 held-in people (overlap allowed) instead of the 7 fixed partition group(s)

============================================================
σ=0.5 fold=3  test=['0005', '0024', '0025']  train mats=168  test mats=24  tune mats=480
  --- tune TKSS over 480 train mats  n_trials=30 (3 params) ---
  TKSS trial 0: mean ARI=0.7397  n=480  8.3s  d=5, lam=1, s=2
  TKSS trial 1: mean ARI=0.7321  n=480  10.8s  d=9, lam=1.398, s=4
  TKSS trial 2: mean ARI=0.7332  n=480  6.9s  d=9, lam=0.1866, s=4
  TKSS trial 3: mean ARI=0.7208  n=480  17.1s  d=7, lam=4.735, s=6
  TKSS trial 4: mean ARI=0.7345  n=480  12.0s  d=6, lam=2.372, s=4
  TKSS trial 5: mean ARI=0.7346  n=480  5.5s  d=9, lam=5.981, s=1
  TKSS trial 6: mean ARI=0.7378  n=480  8.5s  d=2, lam=0.0115, s=5
  TKSS trial 7: mean ARI=0.7186  n=480  16.0s  d=12, lam=4.074, s=6
  TKSS trial 8: mean ARI=0.7294  n=480  8.8s  d=12, lam=0.2423, s=5
  TKSS trial 9: mean ARI=0.7456  n=480  11.2s  d=2, lam=0.8313, s=1
  TKSS trial 10: mean ARI=0.7338  n=480  5.2s  d=15, lam=0.01463, s=2
  TKSS trial 11: mean ARI=0.7760  n=480  23.0s  d=1, lam=0.5626, s=2
  TKSS trial 12: mean ARI=0.7522  n=480  18.1s  d=1, lam=0.3474, s=1
  TKSS trial 13: mean ARI=0.7621  n=480  19.3s  d=1, lam=0.2009, s=2
  TKSS trial 14: mean ARI=0.7358  n=480  6.0s  d=4, lam=0.06854, s=2
  TKSS trial 15: mean ARI=0.7382  n=480  6.7s  d=3, lam=0.05946, s=3
  TKSS trial 16: mean ARI=0.7601  n=480  17.7s  d=1, lam=0.08226, s=3
  TKSS trial 17: mean ARI=0.7422  n=480  10.8s  d=4, lam=0.5728, s=3
  TKSS trial 18: mean ARI=0.7583  n=480  17.6s  d=1, lam=0.1227, s=2
  TKSS trial 19: mean ARI=0.7373  n=480  6.4s  d=3, lam=0.03036, s=3
  TKSS trial 20: mean ARI=0.7373  n=480  7.2s  d=6, lam=0.4994, s=2
  TKSS trial 21: mean ARI=0.7644  n=480  18.2s  d=1, lam=0.1126, s=3
  TKSS trial 22: mean ARI=0.7433  n=480  8.5s  d=3, lam=0.1727, s=3
  TKSS trial 23: mean ARI=0.7447  n=480  15.8s  d=1, lam=0.03439, s=2
  TKSS trial 24: mean ARI=0.7437  n=480  10.1s  d=2, lam=0.428, s=1
  TKSS trial 25: mean ARI=0.7376  n=480  6.6s  d=4, lam=0.1172, s=3
  TKSS trial 26: mean ARI=0.7474  n=480  10.6s  d=2, lam=0.2499, s=2
  TKSS trial 27: mean ARI=0.7563  n=480  16.5s  d=1, lam=0.03927, s=4
  TKSS trial 28: mean ARI=0.7420  n=480  8.2s  d=3, lam=2.266, s=1
  TKSS trial 29: mean ARI=0.7417  n=480  9.7s  d=4, lam=1.111, s=2
    best mean ARI=0.7760  tune 347.4s  d=1, lam=0.5626, s=2
  wrote /nfs/turbo/umms-minjilab/lpullela/icassp_ssc_tv2/block_ssc_benchmark/cv/params/surveillance/split_k3_sigmas_min30_trials20_params_knownk_cv_tkss_k3_sigma0p5_sigma0.5_fold3.json

=== P1E_S1_C1 train[0] k=3  dim=576  frames=146  σ=0.5  fold=3 ===
  TKSS: k_hat=3  ACC=0.8562  NMI=0.7171  ARI=0.6584  0.0s

=== P1E_S1_C1 train[1] k=3  dim=576  frames=153  σ=0.5  fold=3 ===
  TKSS: k_hat=3  ACC=0.9935  NMI=0.9706  ARI=0.9801  0.0s

=== P1E_S1_C1 train[2] k=3  dim=576  frames=130  σ=0.5  fold=3 ===
  TKSS: k_hat=3  ACC=0.9923  NMI=0.9661  ARI=0.9758  0.0s

=== P1E_S1_C1 train[3] k=3  dim=576  frames=157  σ=0.5  fold=3 ===
  TKSS: k_hat=3  ACC=0.9299  NMI=0.8206  ARI=0.8213  0.1s

=== P1E_S1_C1 train[4] k=3  dim=576  frames=151  σ=0.5  fold=3 ===
  TKSS: k_hat=3  ACC=0.5894  NMI=0.6108  ARI=0.4389  0.2s

=== P1E_S1_C1 train[5] k=3  dim=576  frames=140  σ=0.5  fold=3 ===
  TKSS: k_hat=3  ACC=0.8857  NMI=0.7465  ARI=0.7102  0.0s

=== P1E_S1_C1 train[6] k=3  dim=576  frames=171  σ=0.5  fold=3 ===
  TKSS: k_hat=3  ACC=0.9649  NMI=0.8641  ARI=0.8977  0.1s

=== P1E_S1_C2 train[0] k=3  dim=576  frames=147  σ=0.5  fold=3 ===
  TKSS: k_hat=3  ACC=0.8980  NMI=0.7598  ARI=0.7321  0.0s

=== P1E_S1_C2 train[1] k=3  dim=576  frames=115  σ=0.5  fold=3 ===
  TKSS: k_hat=3  ACC=0.9652  NMI=0.8929  ARI=0.8903  0.1s

=== P1E_S1_C2 train[2] k=3  dim=576  frames=104  σ=0.5  fold=3 ===
  TKSS: k_hat=3  ACC=1.0000  NMI=1.0000  ARI=1.0000  0.0s

=== P1E_S1_C2 train[3] k=3  dim=576  frames=113  σ=0.5  fold=3 ===
  TKSS: k_hat=3  ACC=0.9115  NMI=0.7589  ARI=0.7566  0.0s

=== P1E_S1_C2 train[4] k=3  dim=576  frames=122  σ=0.5  fold=3 ===
  TKSS: k_hat=3  ACC=0.9180  NMI=0.8212  ARI=0.7862  0.0s

=== P1E_S1_C2 train[5] k=3  dim=576  frames=122  σ=0.5  fold=3 ===
  TKSS: k_hat=3  ACC=0.9262  NMI=0.7864  ARI=0.7946  0.0s

=== P1E_S1_C2 train[6] k=3  dim=576  frames=134  σ=0.5  fold=3 ===
  TKSS: k_hat=3  ACC=0.9701  NMI=0.9076  ARI=0.9146  0.0s

=== P1E_S1_C3 train[0] k=3  dim=576  frames=58  σ=0.5  fold=3 ===
  TKSS: k_hat=3  ACC=0.8793  NMI=0.7059  ARI=0.6565  0.0s

=== P1E_S1_C3 train[1] k=3  dim=576  frames=56  σ=0.5  fold=3 ===
  TKSS: k_hat=3  ACC=0.8214  NMI=0.6766  ARI=0.5739  0.0s

=== P1E_S1_C3 train[2] k=3  dim=576  frames=47  σ=0.5  fold=3 ===
  TKSS: k_hat=3  ACC=0.9362  NMI=0.8096  ARI=0.8194  0.0s

=== P1E_S1_C3 train[3] k=3  dim=576  frames=37  σ=0.5  fold=3 ===
  TKSS: k_hat=3  ACC=0.7838  NMI=0.5996  ARI=0.4944  0.0s

=== P1E_S1_C3 train[4] k=3  dim=576  frames=55  σ=0.5  fold=3 ===
  TKSS: k_hat=3  ACC=0.8909  NMI=0.7251  ARI=0.7045  0.0s

=== P1E_S1_C3 train[5] k=3  dim=576  frames=51  σ=0.5  fold=3 ===
  TKSS: k_hat=3  ACC=0.8824  NMI=0.7161  ARI=0.6853  0.0s

=== P1E_S1_C3 train[6] k=3  dim=576  frames=69  σ=0.5  fold=3 ===
  TKSS: k_hat=3  ACC=0.9565  NMI=0.8542  ARI=0.8697  0.0s

=== P1E_S2_C1 train[0] k=3  dim=576  frames=167  σ=0.5  fold=3 ===
  TKSS: k_hat=3  ACC=0.9880  NMI=0.9525  ARI=0.9635  0.0s

=== P1E_S2_C1 train[1] k=3  dim=576  frames=151  σ=0.5  fold=3 ===
  TKSS: k_hat=3  ACC=0.9404  NMI=0.8329  ARI=0.8320  0.0s

=== P1E_S2_C1 train[2] k=3  dim=576  frames=136  σ=0.5  fold=3 ===
  TKSS: k_hat=3  ACC=0.9779  NMI=0.9129  ARI=0.9357  0.0s

=== P1E_S2_C1 train[3] k=3  dim=576  frames=149  σ=0.5  fold=3 ===
  TKSS: k_hat=3  ACC=0.8725  NMI=0.7030  ARI=0.6887  0.1s

=== P1E_S2_C1 train[4] k=3  dim=576  frames=124  σ=0.5  fold=3 ===
  TKSS: k_hat=3  ACC=0.9032  NMI=0.7750  ARI=0.7396  0.0s

=== P1E_S2_C1 train[5] k=3  dim=576  frames=161  σ=0.5  fold=3 ===
  TKSS: k_hat=3  ACC=0.9689  NMI=0.9043  ARI=0.9097  0.0s

=== P1E_S2_C1 train[6] k=3  dim=576  frames=153  σ=0.5  fold=3 ===
  TKSS: k_hat=3  ACC=0.9608  NMI=0.8642  ARI=0.8826  0.1s

=== P1E_S2_C2 train[0] k=3  dim=576  frames=146  σ=0.5  fold=3 ===
  TKSS: k_hat=3  ACC=0.9658  NMI=0.8753  ARI=0.8997  0.1s

=== P1E_S2_C2 train[1] k=3  dim=576  frames=115  σ=0.5  fold=3 ===
  TKSS: k_hat=3  ACC=0.9913  NMI=0.9630  ARI=0.9739  0.0s

=== P1E_S2_C2 train[2] k=3  dim=576  frames=109  σ=0.5  fold=3 ===
  TKSS: k_hat=3  ACC=0.9725  NMI=0.8956  ARI=0.9158  0.0s

=== P1E_S2_C2 train[3] k=3  dim=576  frames=124  σ=0.5  fold=3 ===
  TKSS: k_hat=3  ACC=0.9758  NMI=0.9039  ARI=0.9239  0.1s

=== P1E_S2_C2 train[4] k=3  dim=576  frames=109  σ=0.5  fold=3 ===
  TKSS: k_hat=3  ACC=0.9725  NMI=0.8974  ARI=0.9272  0.0s

=== P1E_S2_C2 train[5] k=3  dim=576  frames=128  σ=0.5  fold=3 ===
  TKSS: k_hat=3  ACC=0.9375  NMI=0.8165  ARI=0.8248  0.0s

=== P1E_S2_C2 train[6] k=3  dim=576  frames=126  σ=0.5  fold=3 ===
  TKSS: k_hat=3  ACC=0.9762  NMI=0.9207  ARI=0.9308  0.1s

=== P1E_S2_C3 train[0] k=3  dim=576  frames=113  σ=0.5  fold=3 ===
  TKSS: k_hat=3  ACC=0.9204  NMI=0.8269  ARI=0.8016  0.0s

=== P1E_S2_C3 train[1] k=3  dim=576  frames=88  σ=0.5  fold=3 ===
  TKSS: k_hat=3  ACC=0.9205  NMI=0.7919  ARI=0.7751  0.0s

=== P1E_S2_C3 train[2] k=3  dim=576  frames=90  σ=0.5  fold=3 ===
  TKSS: k_hat=3  ACC=0.9778  NMI=0.9238  ARI=0.9309  0.0s

=== P1E_S2_C3 train[3] k=3  dim=576  frames=99  σ=0.5  fold=3 ===
  TKSS: k_hat=3  ACC=0.9697  NMI=0.9058  ARI=0.9101  0.0s

=== P1E_S2_C3 train[4] k=3  dim=576  frames=87  σ=0.5  fold=3 ===
  TKSS: k_hat=3  ACC=0.9425  NMI=0.8221  ARI=0.8449  0.0s

=== P1E_S2_C3 train[5] k=3  dim=576  frames=105  σ=0.5  fold=3 ===
  TKSS: k_hat=3  ACC=0.9524  NMI=0.8438  ARI=0.8624  0.0s

=== P1E_S2_C3 train[6] k=3  dim=576  frames=89  σ=0.5  fold=3 ===
  TKSS: k_hat=3  ACC=0.9551  NMI=0.8562  ARI=0.8786  0.0s

=== P1E_S3_C1 train[0] k=3  dim=576  frames=166  σ=0.5  fold=3 ===
  TKSS: k_hat=3  ACC=0.8735  NMI=0.7520  ARI=0.6959  0.1s

=== P1E_S3_C1 train[1] k=3  dim=576  frames=139  σ=0.5  fold=3 ===
  TKSS: k_hat=3  ACC=0.9281  NMI=0.8340  ARI=0.8075  0.0s

=== P1E_S3_C1 train[2] k=3  dim=576  frames=134  σ=0.5  fold=3 ===
  TKSS: k_hat=3  ACC=0.9328  NMI=0.8065  ARI=0.8055  0.0s

=== P1E_S3_C1 train[3] k=3  dim=576  frames=168  σ=0.5  fold=3 ===
  TKSS: k_hat=3  ACC=0.8393  NMI=0.6371  ARI=0.5622  0.1s

=== P1E_S3_C1 train[4] k=3  dim=576  frames=123  σ=0.5  fold=3 ===
  TKSS: k_hat=3  ACC=0.9106  NMI=0.8144  ARI=0.7791  0.1s

=== P1E_S3_C1 train[5] k=3  dim=576  frames=204  σ=0.5  fold=3 ===
  TKSS: k_hat=3  ACC=0.7353  NMI=0.4597  ARI=0.3911  0.2s

=== P1E_S3_C1 train[6] k=3  dim=576  frames=112  σ=0.5  fold=3 ===
  TKSS: k_hat=3  ACC=0.9643  NMI=0.8735  ARI=0.8988  0.0s

=== P1E_S3_C2 train[0] k=3  dim=576  frames=147  σ=0.5  fold=3 ===
  TKSS: k_hat=3  ACC=0.8912  NMI=0.7884  ARI=0.7280  0.0s

=== P1E_S3_C2 train[1] k=3  dim=576  frames=120  σ=0.5  fold=3 ===
  TKSS: k_hat=3  ACC=0.8833  NMI=0.7061  ARI=0.6689  0.0s

=== P1E_S3_C2 train[2] k=3  dim=576  frames=112  σ=0.5  fold=3 ===
  TKSS: k_hat=3  ACC=0.9554  NMI=0.8456  ARI=0.8631  0.1s

=== P1E_S3_C2 train[3] k=3  dim=576  frames=169  σ=0.5  fold=3 ===
  TKSS: k_hat=3  ACC=0.8639  NMI=0.7419  ARI=0.6721  0.1s

=== P1E_S3_C2 train[4] k=3  dim=576  frames=107  σ=0.5  fold=3 ===
  TKSS: k_hat=3  ACC=0.8224  NMI=0.7335  ARI=0.6139  0.1s

=== P1E_S3_C2 train[5] k=3  dim=576  frames=146  σ=0.5  fold=3 ===
  TKSS: k_hat=3  ACC=0.6918  NMI=0.5407  ARI=0.4144  0.0s

=== P1E_S3_C2 train[6] k=3  dim=576  frames=114  σ=0.5  fold=3 ===
  TKSS: k_hat=3  ACC=0.8246  NMI=0.6779  ARI=0.5806  0.0s

=== P1E_S3_C3 train[0] k=3  dim=576  frames=105  σ=0.5  fold=3 ===
  TKSS: k_hat=3  ACC=1.0000  NMI=1.0000  ARI=1.0000  0.0s

=== P1E_S3_C3 train[1] k=3  dim=576  frames=89  σ=0.5  fold=3 ===
  TKSS: k_hat=3  ACC=0.9775  NMI=0.9216  ARI=0.9297  0.0s

=== P1E_S3_C3 train[2] k=3  dim=576  frames=84  σ=0.5  fold=3 ===
  TKSS: k_hat=3  ACC=0.9881  NMI=0.9525  ARI=0.9657  0.0s

=== P1E_S3_C3 train[3] k=3  dim=576  frames=128  σ=0.5  fold=3 ===
  TKSS: k_hat=3  ACC=0.8984  NMI=0.7967  ARI=0.7427  0.0s

=== P1E_S3_C3 train[4] k=3  dim=576  frames=83  σ=0.5  fold=3 ===
  TKSS: k_hat=3  ACC=0.9759  NMI=0.9214  ARI=0.9336  0.0s

=== P1E_S3_C3 train[5] k=3  dim=576  frames=129  σ=0.5  fold=3 ===
  TKSS: k_hat=3  ACC=0.9535  NMI=0.8477  ARI=0.8663  0.0s

=== P1E_S3_C3 train[6] k=3  dim=576  frames=84  σ=0.5  fold=3 ===
  TKSS: k_hat=3  ACC=0.9048  NMI=0.7729  ARI=0.7546  0.0s

=== P1E_S4_C1 train[0] k=3  dim=576  frames=158  σ=0.5  fold=3 ===
  TKSS: k_hat=3  ACC=0.8924  NMI=0.7499  ARI=0.7142  0.1s

=== P1E_S4_C1 train[1] k=3  dim=576  frames=107  σ=0.5  fold=3 ===
  TKSS: k_hat=3  ACC=0.9907  NMI=0.9613  ARI=0.9728  0.0s

=== P1E_S4_C1 train[2] k=3  dim=576  frames=155  σ=0.5  fold=3 ===
  TKSS: k_hat=3  ACC=0.9806  NMI=0.9205  ARI=0.9410  0.0s

=== P1E_S4_C1 train[3] k=3  dim=576  frames=180  σ=0.5  fold=3 ===
  TKSS: k_hat=3  ACC=0.8944  NMI=0.7710  ARI=0.7238  0.1s

=== P1E_S4_C1 train[4] k=3  dim=576  frames=133  σ=0.5  fold=3 ===
  TKSS: k_hat=3  ACC=0.9023  NMI=0.7634  ARI=0.7432  0.0s

=== P1E_S4_C1 train[5] k=3  dim=576  frames=147  σ=0.5  fold=3 ===
  TKSS: k_hat=3  ACC=0.8163  NMI=0.6303  ARI=0.5662  0.0s

=== P1E_S4_C1 train[6] k=3  dim=576  frames=145  σ=0.5  fold=3 ===
  TKSS: k_hat=3  ACC=0.9310  NMI=0.8107  ARI=0.8219  0.1s

=== P1E_S4_C2 train[0] k=3  dim=576  frames=117  σ=0.5  fold=3 ===
  TKSS: k_hat=3  ACC=0.9829  NMI=0.9273  ARI=0.9482  0.0s

=== P1E_S4_C2 train[1] k=3  dim=576  frames=125  σ=0.5  fold=3 ===
  TKSS: k_hat=3  ACC=0.9600  NMI=0.8859  ARI=0.8848  0.0s

=== P1E_S4_C2 train[2] k=3  dim=576  frames=122  σ=0.5  fold=3 ===
  TKSS: k_hat=3  ACC=0.9836  NMI=0.9393  ARI=0.9500  0.0s

=== P1E_S4_C2 train[3] k=3  dim=576  frames=140  σ=0.5  fold=3 ===
  TKSS: k_hat=3  ACC=0.9286  NMI=0.8048  ARI=0.7868  0.1s

=== P1E_S4_C2 train[4] k=3  dim=576  frames=129  σ=0.5  fold=3 ===
  TKSS: k_hat=3  ACC=1.0000  NMI=1.0000  ARI=1.0000  0.1s

=== P1E_S4_C2 train[5] k=3  dim=576  frames=146  σ=0.5  fold=3 ===
  TKSS: k_hat=3  ACC=0.9795  NMI=0.9176  ARI=0.9399  0.0s

=== P1E_S4_C2 train[6] k=3  dim=576  frames=110  σ=0.5  fold=3 ===
  TKSS: k_hat=3  ACC=0.9909  NMI=0.9624  ARI=0.9752  0.0s

=== P1E_S4_C3 train[0] k=3  dim=576  frames=90  σ=0.5  fold=3 ===
  TKSS: k_hat=3  ACC=0.9222  NMI=0.7952  ARI=0.7808  0.0s

=== P1E_S4_C3 train[1] k=3  dim=576  frames=64  σ=0.5  fold=3 ===
  TKSS: k_hat=3  ACC=0.9688  NMI=0.8848  ARI=0.9071  0.0s

=== P1E_S4_C3 train[2] k=3  dim=576  frames=85  σ=0.5  fold=3 ===
  TKSS: k_hat=3  ACC=0.9647  NMI=0.8960  ARI=0.8988  0.0s

=== P1E_S4_C3 train[3] k=3  dim=576  frames=87  σ=0.5  fold=3 ===
  TKSS: k_hat=3  ACC=0.9540  NMI=0.8509  ARI=0.8634  0.0s

=== P1E_S4_C3 train[4] k=3  dim=576  frames=76  σ=0.5  fold=3 ===
  TKSS: k_hat=3  ACC=0.9737  NMI=0.8991  ARI=0.9236  0.0s

=== P1E_S4_C3 train[5] k=3  dim=576  frames=106  σ=0.5  fold=3 ===
  TKSS: k_hat=3  ACC=0.9434  NMI=0.8339  ARI=0.8400  0.0s

=== P1E_S4_C3 train[6] k=3  dim=576  frames=79  σ=0.5  fold=3 ===
  TKSS: k_hat=3  ACC=0.9367  NMI=0.8094  ARI=0.8204  0.0s

=== P1L_S1_C1 train[0] k=3  dim=576  frames=162  σ=0.5  fold=3 ===
  TKSS: k_hat=3  ACC=0.9630  NMI=0.8930  ARI=0.8971  0.0s

=== P1L_S1_C1 train[1] k=3  dim=576  frames=170  σ=0.5  fold=3 ===
  TKSS: k_hat=3  ACC=0.9059  NMI=0.7835  ARI=0.7491  0.0s

=== P1L_S1_C1 train[2] k=3  dim=576  frames=155  σ=0.5  fold=3 ===
  TKSS: k_hat=3  ACC=1.0000  NMI=1.0000  ARI=1.0000  0.1s

=== P1L_S1_C1 train[3] k=3  dim=576  frames=198  σ=0.5  fold=3 ===
  TKSS: k_hat=3  ACC=0.9545  NMI=0.8612  ARI=0.8692  0.1s

=== P1L_S1_C1 train[4] k=3  dim=576  frames=166  σ=0.5  fold=3 ===
  TKSS: k_hat=3  ACC=1.0000  NMI=1.0000  ARI=1.0000  0.0s

=== P1L_S1_C1 train[5] k=3  dim=576  frames=116  σ=0.5  fold=3 ===
  TKSS: k_hat=3  ACC=0.9224  NMI=0.7779  ARI=0.7804  0.0s

=== P1L_S1_C1 train[6] k=3  dim=576  frames=175  σ=0.5  fold=3 ===
  TKSS: k_hat=3  ACC=0.9886  NMI=0.9473  ARI=0.9690  0.1s

=== P1L_S1_C2 train[0] k=3  dim=576  frames=186  σ=0.5  fold=3 ===
  TKSS: k_hat=3  ACC=0.6720  NMI=0.5354  ARI=0.3987  0.1s

=== P1L_S1_C2 train[1] k=3  dim=576  frames=137  σ=0.5  fold=3 ===
  TKSS: k_hat=3  ACC=0.8686  NMI=0.6843  ARI=0.6425  0.1s

=== P1L_S1_C2 train[2] k=3  dim=576  frames=147  σ=0.5  fold=3 ===
  TKSS: k_hat=3  ACC=1.0000  NMI=1.0000  ARI=1.0000  0.0s

=== P1L_S1_C2 train[3] k=3  dim=576  frames=128  σ=0.5  fold=3 ===
  TKSS: k_hat=3  ACC=0.6484  NMI=0.4134  ARI=0.3109  0.1s

=== P1L_S1_C2 train[4] k=3  dim=576  frames=154  σ=0.5  fold=3 ===
  TKSS: k_hat=3  ACC=0.9545  NMI=0.8783  ARI=0.8811  0.1s

=== P1L_S1_C2 train[5] k=3  dim=576  frames=142  σ=0.5  fold=3 ===
  TKSS: k_hat=3  ACC=0.8873  NMI=0.7173  ARI=0.6988  0.0s

=== P1L_S1_C2 train[6] k=3  dim=576  frames=168  σ=0.5  fold=3 ===
  TKSS: k_hat=3  ACC=0.9821  NMI=0.9264  ARI=0.9498  0.1s

=== P1L_S1_C3 train[0] k=3  dim=576  frames=60  σ=0.5  fold=3 ===
  TKSS: k_hat=3  ACC=0.9667  NMI=0.8791  ARI=0.9004  0.0s

=== P1L_S1_C3 train[1] k=3  dim=576  frames=68  σ=0.5  fold=3 ===
  TKSS: k_hat=3  ACC=0.9853  NMI=0.9448  ARI=0.9560  0.0s

=== P1L_S1_C3 train[2] k=3  dim=576  frames=65  σ=0.5  fold=3 ===
  TKSS: k_hat=3  ACC=0.9846  NMI=0.9413  ARI=0.9500  0.0s

=== P1L_S1_C3 train[3] k=3  dim=576  frames=73  σ=0.5  fold=3 ===
  TKSS: k_hat=3  ACC=0.8630  NMI=0.6918  ARI=0.6489  0.0s

=== P1L_S1_C3 train[4] k=3  dim=576  frames=64  σ=0.5  fold=3 ===
  TKSS: k_hat=3  ACC=0.9688  NMI=0.9051  ARI=0.9119  0.0s

=== P1L_S1_C3 train[5] k=3  dim=576  frames=63  σ=0.5  fold=3 ===
  TKSS: k_hat=3  ACC=0.8571  NMI=0.6728  ARI=0.6378  0.0s

=== P1L_S1_C3 train[6] k=3  dim=576  frames=75  σ=0.5  fold=3 ===
  TKSS: k_hat=3  ACC=0.9867  NMI=0.9474  ARI=0.9569  0.0s

=== P1L_S2_C1 train[0] k=3  dim=576  frames=211  σ=0.5  fold=3 ===
  TKSS: k_hat=3  ACC=0.9431  NMI=0.8539  ARI=0.8355  0.1s

=== P1L_S2_C1 train[1] k=3  dim=576  frames=190  σ=0.5  fold=3 ===
  TKSS: k_hat=3  ACC=0.9474  NMI=0.8628  ARI=0.8521  0.0s

=== P1L_S2_C1 train[2] k=3  dim=576  frames=180  σ=0.5  fold=3 ===
  TKSS: k_hat=3  ACC=0.6889  NMI=0.6219  ARI=0.5205  0.1s

=== P1L_S2_C1 train[3] k=3  dim=576  frames=172  σ=0.5  fold=3 ===
  TKSS: k_hat=3  ACC=0.9012  NMI=0.7838  ARI=0.7605  0.1s

=== P1L_S2_C1 train[4] k=3  dim=576  frames=179  σ=0.5  fold=3 ===
  TKSS: k_hat=3  ACC=0.9888  NMI=0.9558  ARI=0.9703  0.1s

=== P1L_S2_C1 train[5] k=3  dim=576  frames=180  σ=0.5  fold=3 ===
  TKSS: k_hat=3  ACC=0.6667  NMI=0.3491  ARI=0.3276  0.3s

=== P1L_S2_C1 train[6] k=3  dim=576  frames=133  σ=0.5  fold=3 ===
  TKSS: k_hat=3  ACC=0.7368  NMI=0.5776  ARI=0.4697  0.0s

=== P1L_S2_C2 train[0] k=3  dim=576  frames=194  σ=0.5  fold=3 ===
  TKSS: k_hat=3  ACC=0.8402  NMI=0.7131  ARI=0.6439  0.1s

=== P1L_S2_C2 train[1] k=3  dim=576  frames=155  σ=0.5  fold=3 ===
  TKSS: k_hat=3  ACC=0.9871  NMI=0.9416  ARI=0.9604  0.0s

=== P1L_S2_C2 train[2] k=3  dim=576  frames=134  σ=0.5  fold=3 ===
  TKSS: k_hat=3  ACC=1.0000  NMI=1.0000  ARI=1.0000  0.0s

=== P1L_S2_C2 train[3] k=3  dim=576  frames=201  σ=0.5  fold=3 ===
  TKSS: k_hat=3  ACC=0.9403  NMI=0.8262  ARI=0.8283  0.0s

=== P1L_S2_C2 train[4] k=3  dim=576  frames=171  σ=0.5  fold=3 ===
  TKSS: k_hat=3  ACC=0.9474  NMI=0.8616  ARI=0.8479  0.0s

=== P1L_S2_C2 train[5] k=3  dim=576  frames=160  σ=0.5  fold=3 ===
  TKSS: k_hat=3  ACC=0.7063  NMI=0.5511  ARI=0.4386  0.1s

=== P1L_S2_C2 train[6] k=3  dim=576  frames=154  σ=0.5  fold=3 ===
  TKSS: k_hat=3  ACC=0.9805  NMI=0.9269  ARI=0.9347  0.1s

=== P1L_S2_C3 train[0] k=3  dim=576  frames=119  σ=0.5  fold=3 ===
  TKSS: k_hat=3  ACC=0.8571  NMI=0.7363  ARI=0.6118  0.0s

=== P1L_S2_C3 train[1] k=3  dim=576  frames=101  σ=0.5  fold=3 ===
  TKSS: k_hat=3  ACC=0.9208  NMI=0.8174  ARI=0.7742  0.0s

=== P1L_S2_C3 train[2] k=3  dim=576  frames=85  σ=0.5  fold=3 ===
  TKSS: k_hat=3  ACC=0.8588  NMI=0.7143  ARI=0.6896  0.0s

=== P1L_S2_C3 train[3] k=3  dim=576  frames=126  σ=0.5  fold=3 ===
  TKSS: k_hat=3  ACC=0.8651  NMI=0.7610  ARI=0.6671  0.1s

=== P1L_S2_C3 train[4] k=3  dim=576  frames=102  σ=0.5  fold=3 ===
  TKSS: k_hat=3  ACC=0.9706  NMI=0.9082  ARI=0.9141  0.0s

=== P1L_S2_C3 train[5] k=3  dim=576  frames=121  σ=0.5  fold=3 ===
  TKSS: k_hat=3  ACC=0.8430  NMI=0.6561  ARI=0.6681  0.1s

=== P1L_S2_C3 train[6] k=3  dim=576  frames=99  σ=0.5  fold=3 ===
  TKSS: k_hat=3  ACC=0.9798  NMI=0.9303  ARI=0.9424  0.0s

=== P1L_S3_C1 train[0] k=3  dim=576  frames=156  σ=0.5  fold=3 ===
  TKSS: k_hat=3  ACC=0.6410  NMI=0.3688  ARI=0.2402  0.1s

=== P1L_S3_C1 train[1] k=3  dim=576  frames=120  σ=0.5  fold=3 ===
  TKSS: k_hat=3  ACC=0.8667  NMI=0.6911  ARI=0.6682  0.0s

=== P1L_S3_C1 train[2] k=3  dim=576  frames=185  σ=0.5  fold=3 ===
  TKSS: k_hat=3  ACC=0.9838  NMI=0.9402  ARI=0.9511  0.1s

=== P1L_S3_C1 train[3] k=3  dim=576  frames=159  σ=0.5  fold=3 ===
  TKSS: k_hat=3  ACC=0.8050  NMI=0.6261  ARI=0.5552  0.0s

=== P1L_S3_C1 train[4] k=3  dim=576  frames=172  σ=0.5  fold=3 ===
  TKSS: k_hat=3  ACC=0.9244  NMI=0.8107  ARI=0.7961  0.1s

=== P1L_S3_C1 train[5] k=3  dim=576  frames=176  σ=0.5  fold=3 ===
  TKSS: k_hat=3  ACC=0.5000  NMI=0.2930  ARI=0.2233  0.1s

=== P1L_S3_C1 train[6] k=3  dim=576  frames=134  σ=0.5  fold=3 ===
  TKSS: k_hat=3  ACC=0.9030  NMI=0.7874  ARI=0.7158  0.1s

=== P1L_S3_C2 train[0] k=3  dim=576  frames=185  σ=0.5  fold=3 ===
  TKSS: k_hat=3  ACC=0.9568  NMI=0.8556  ARI=0.8691  0.1s

=== P1L_S3_C2 train[1] k=3  dim=576  frames=125  σ=0.5  fold=3 ===
  TKSS: k_hat=3  ACC=0.9520  NMI=0.8699  ARI=0.8600  0.0s

=== P1L_S3_C2 train[2] k=3  dim=576  frames=166  σ=0.5  fold=3 ===
  TKSS: k_hat=3  ACC=1.0000  NMI=1.0000  ARI=1.0000  0.1s

=== P1L_S3_C2 train[3] k=3  dim=576  frames=168  σ=0.5  fold=3 ===
  TKSS: k_hat=3  ACC=0.8690  NMI=0.7691  ARI=0.6965  0.0s

=== P1L_S3_C2 train[4] k=3  dim=576  frames=187  σ=0.5  fold=3 ===
  TKSS: k_hat=3  ACC=0.9412  NMI=0.8569  ARI=0.8525  0.1s

=== P1L_S3_C2 train[5] k=3  dim=576  frames=229  σ=0.5  fold=3 ===
  TKSS: k_hat=3  ACC=0.5546  NMI=0.1586  ARI=0.1166  0.3s

=== P1L_S3_C2 train[6] k=3  dim=576  frames=136  σ=0.5  fold=3 ===
  TKSS: k_hat=3  ACC=0.9853  NMI=0.9350  ARI=0.9551  0.0s

=== P1L_S3_C3 train[0] k=3  dim=576  frames=151  σ=0.5  fold=3 ===
  TKSS: k_hat=3  ACC=0.8146  NMI=0.6595  ARI=0.5101  0.1s

=== P1L_S3_C3 train[1] k=3  dim=576  frames=118  σ=0.5  fold=3 ===
  TKSS: k_hat=3  ACC=0.9322  NMI=0.8147  ARI=0.8058  0.0s

=== P1L_S3_C3 train[2] k=3  dim=576  frames=121  σ=0.5  fold=3 ===
  TKSS: k_hat=3  ACC=0.9917  NMI=0.9640  ARI=0.9736  0.0s

=== P1L_S3_C3 train[3] k=3  dim=576  frames=134  σ=0.5  fold=3 ===
  TKSS: k_hat=3  ACC=0.8134  NMI=0.6179  ARI=0.5263  0.1s

=== P1L_S3_C3 train[4] k=3  dim=576  frames=110  σ=0.5  fold=3 ===
  TKSS: k_hat=3  ACC=0.8636  NMI=0.7289  ARI=0.6579  0.1s

=== P1L_S3_C3 train[5] k=3  dim=576  frames=161  σ=0.5  fold=3 ===
  TKSS: k_hat=3  ACC=0.9876  NMI=0.9503  ARI=0.9602  0.1s

=== P1L_S3_C3 train[6] k=3  dim=576  frames=114  σ=0.5  fold=3 ===
  TKSS: k_hat=3  ACC=0.9825  NMI=0.9372  ARI=0.9534  0.0s

=== P1L_S4_C1 train[0] k=3  dim=576  frames=200  σ=0.5  fold=3 ===
  TKSS: k_hat=3  ACC=0.9300  NMI=0.7926  ARI=0.7996  0.3s

=== P1L_S4_C1 train[1] k=3  dim=576  frames=157  σ=0.5  fold=3 ===
  TKSS: k_hat=3  ACC=0.8662  NMI=0.7539  ARI=0.6518  0.1s

=== P1L_S4_C1 train[2] k=3  dim=576  frames=154  σ=0.5  fold=3 ===
  TKSS: k_hat=3  ACC=0.9935  NMI=0.9700  ARI=0.9814  0.1s

=== P1L_S4_C1 train[3] k=3  dim=576  frames=142  σ=0.5  fold=3 ===
  TKSS: k_hat=3  ACC=1.0000  NMI=1.0000  ARI=1.0000  0.0s

=== P1L_S4_C1 train[4] k=3  dim=576  frames=164  σ=0.5  fold=3 ===
  TKSS: k_hat=3  ACC=0.9512  NMI=0.8684  ARI=0.8583  0.1s

=== P1L_S4_C1 train[5] k=3  dim=576  frames=187  σ=0.5  fold=3 ===
  TKSS: k_hat=3  ACC=0.8396  NMI=0.6563  ARI=0.6070  0.0s

=== P1L_S4_C1 train[6] k=3  dim=576  frames=202  σ=0.5  fold=3 ===
  TKSS: k_hat=3  ACC=0.9901  NMI=0.9593  ARI=0.9706  0.0s

=== P1L_S4_C2 train[0] k=3  dim=576  frames=157  σ=0.5  fold=3 ===
  TKSS: k_hat=3  ACC=0.9554  NMI=0.8679  ARI=0.8553  0.1s

=== P1L_S4_C2 train[1] k=3  dim=576  frames=149  σ=0.5  fold=3 ===
  TKSS: k_hat=3  ACC=0.8926  NMI=0.7262  ARI=0.7072  0.0s

=== P1L_S4_C2 train[2] k=3  dim=576  frames=175  σ=0.5  fold=3 ===
  TKSS: k_hat=3  ACC=1.0000  NMI=1.0000  ARI=1.0000  0.1s

=== P1L_S4_C2 train[3] k=3  dim=576  frames=154  σ=0.5  fold=3 ===
  TKSS: k_hat=3  ACC=0.7338  NMI=0.5564  ARI=0.4489  0.0s

=== P1L_S4_C2 train[4] k=3  dim=576  frames=152  σ=0.5  fold=3 ===
  TKSS: k_hat=3  ACC=0.9868  NMI=0.9409  ARI=0.9602  0.0s

=== P1L_S4_C2 train[5] k=3  dim=576  frames=169  σ=0.5  fold=3 ===
  TKSS: k_hat=3  ACC=0.9112  NMI=0.7595  ARI=0.7633  0.0s

=== P1L_S4_C2 train[6] k=3  dim=576  frames=153  σ=0.5  fold=3 ===
  TKSS: k_hat=3  ACC=0.8497  NMI=0.6912  ARI=0.6459  0.1s

=== P1L_S4_C3 train[0] k=3  dim=576  frames=96  σ=0.5  fold=3 ===
  TKSS: k_hat=3  ACC=0.9688  NMI=0.9008  ARI=0.9008  0.0s

=== P1L_S4_C3 train[1] k=3  dim=576  frames=107  σ=0.5  fold=3 ===
  TKSS: k_hat=3  ACC=0.8879  NMI=0.7909  ARI=0.7406  0.0s

=== P1L_S4_C3 train[2] k=3  dim=576  frames=94  σ=0.5  fold=3 ===
  TKSS: k_hat=3  ACC=1.0000  NMI=1.0000  ARI=1.0000  0.0s

=== P1L_S4_C3 train[3] k=3  dim=576  frames=112  σ=0.5  fold=3 ===
  TKSS: k_hat=3  ACC=0.8661  NMI=0.7340  ARI=0.6683  0.0s

=== P1L_S4_C3 train[4] k=3  dim=576  frames=103  σ=0.5  fold=3 ===
  TKSS: k_hat=3  ACC=0.9612  NMI=0.8646  ARI=0.8869  0.0s

=== P1L_S4_C3 train[5] k=3  dim=576  frames=105  σ=0.5  fold=3 ===
  TKSS: k_hat=3  ACC=0.9810  NMI=0.9327  ARI=0.9427  0.0s

=== P1L_S4_C3 train[6] k=3  dim=576  frames=107  σ=0.5  fold=3 ===
  TKSS: k_hat=3  ACC=0.9813  NMI=0.9338  ARI=0.9463  0.0s

=== P1E_S1_C1 test[0] k=3  dim=576  frames=140  σ=0.5  fold=3 ===
  TKSS: k_hat=3  ACC=0.8929  NMI=0.7916  ARI=0.7352  0.0s

=== P1E_S1_C2 test[0] k=3  dim=576  frames=138  σ=0.5  fold=3 ===
  TKSS: k_hat=3  ACC=0.8986  NMI=0.7540  ARI=0.7431  0.0s

=== P1E_S1_C3 test[0] k=3  dim=576  frames=61  σ=0.5  fold=3 ===
  TKSS: k_hat=3  ACC=0.7869  NMI=0.6115  ARI=0.5197  0.0s

=== P1E_S2_C1 test[0] k=3  dim=576  frames=180  σ=0.5  fold=3 ===
  TKSS: k_hat=3  ACC=0.8833  NMI=0.7643  ARI=0.7181  0.2s

=== P1E_S2_C2 test[0] k=3  dim=576  frames=144  σ=0.5  fold=3 ===
  TKSS: k_hat=3  ACC=0.9444  NMI=0.8399  ARI=0.8440  0.0s

=== P1E_S2_C3 test[0] k=3  dim=576  frames=112  σ=0.5  fold=3 ===
  TKSS: k_hat=3  ACC=0.9643  NMI=0.8950  ARI=0.8981  0.0s

=== P1E_S3_C1 test[0] k=3  dim=576  frames=161  σ=0.5  fold=3 ===
  TKSS: k_hat=3  ACC=0.9814  NMI=0.9234  ARI=0.9445  0.0s

=== P1E_S3_C2 test[0] k=3  dim=576  frames=168  σ=0.5  fold=3 ===
  TKSS: k_hat=3  ACC=0.8810  NMI=0.7331  ARI=0.6940  0.0s

=== P1E_S3_C3 test[0] k=3  dim=576  frames=125  σ=0.5  fold=3 ===
  TKSS: k_hat=3  ACC=0.9120  NMI=0.7651  ARI=0.7552  0.0s

=== P1E_S4_C1 test[0] k=3  dim=576  frames=182  σ=0.5  fold=3 ===
  TKSS: k_hat=3  ACC=0.9560  NMI=0.8782  ARI=0.8739  0.1s

=== P1E_S4_C2 test[0] k=3  dim=576  frames=126  σ=0.5  fold=3 ===
  TKSS: k_hat=3  ACC=0.8889  NMI=0.7487  ARI=0.7209  0.0s

=== P1E_S4_C3 test[0] k=3  dim=576  frames=105  σ=0.5  fold=3 ===
  TKSS: k_hat=3  ACC=0.8476  NMI=0.6674  ARI=0.6196  0.0s

=== P1L_S1_C1 test[0] k=3  dim=576  frames=182  σ=0.5  fold=3 ===
  TKSS: k_hat=3  ACC=0.9615  NMI=0.8756  ARI=0.8916  0.0s

=== P1L_S1_C2 test[0] k=3  dim=576  frames=181  σ=0.5  fold=3 ===
  TKSS: k_hat=3  ACC=0.9834  NMI=0.9383  ARI=0.9478  0.1s

=== P1L_S1_C3 test[0] k=3  dim=576  frames=74  σ=0.5  fold=3 ===
  TKSS: k_hat=3  ACC=0.9054  NMI=0.7542  ARI=0.7418  0.0s

=== P1L_S2_C1 test[0] k=3  dim=576  frames=177  σ=0.5  fold=3 ===
  TKSS: k_hat=3  ACC=0.9209  NMI=0.7603  ARI=0.7780  0.1s

=== P1L_S2_C2 test[0] k=3  dim=576  frames=186  σ=0.5  fold=3 ===
  TKSS: k_hat=3  ACC=0.9409  NMI=0.8527  ARI=0.8374  0.0s

=== P1L_S2_C3 test[0] k=3  dim=576  frames=112  σ=0.5  fold=3 ===
  TKSS: k_hat=3  ACC=0.9018  NMI=0.7646  ARI=0.7591  0.0s

=== P1L_S3_C1 test[0] k=3  dim=576  frames=156  σ=0.5  fold=3 ===
  TKSS: k_hat=3  ACC=0.7628  NMI=0.5561  ARI=0.4926  0.1s

=== P1L_S3_C2 test[0] k=3  dim=576  frames=209  σ=0.5  fold=3 ===
  TKSS: k_hat=3  ACC=0.7608  NMI=0.5521  ARI=0.4500  0.2s

=== P1L_S3_C3 test[0] k=3  dim=576  frames=142  σ=0.5  fold=3 ===
  TKSS: k_hat=3  ACC=0.9930  NMI=0.9680  ARI=0.9769  0.0s

=== P1L_S4_C1 test[0] k=3  dim=576  frames=168  σ=0.5  fold=3 ===
  TKSS: k_hat=3  ACC=0.9107  NMI=0.8113  ARI=0.7703  0.0s

=== P1L_S4_C2 test[0] k=3  dim=576  frames=168  σ=0.5  fold=3 ===
  TKSS: k_hat=3  ACC=0.9286  NMI=0.8328  ARI=0.8047  0.0s

=== P1L_S4_C3 test[0] k=3  dim=576  frames=117  σ=0.5  fold=3 ===
  TKSS: k_hat=3  ACC=0.8718  NMI=0.7260  ARI=0.6806  0.0s
  tune_pool_groups=20: sampling from 22 held-in people (overlap allowed) instead of the 7 fixed partition group(s)

============================================================
σ=0.5 fold=4  test=['0001', '0011', '0023']  train mats=168  test mats=24  tune mats=480
  --- tune TKSS over 480 train mats  n_trials=30 (3 params) ---
  TKSS trial 0: mean ARI=0.7540  n=480  9.4s  d=5, lam=1, s=2
  TKSS trial 1: mean ARI=0.7478  n=480  12.3s  d=9, lam=1.398, s=4
  TKSS trial 2: mean ARI=0.7470  n=480  7.5s  d=9, lam=0.1866, s=4
  TKSS trial 3: mean ARI=0.7347  n=480  20.1s  d=7, lam=4.735, s=6
  TKSS trial 4: mean ARI=0.7501  n=480  13.6s  d=6, lam=2.372, s=4
  TKSS trial 5: mean ARI=0.7455  n=480  6.1s  d=9, lam=5.981, s=1
  TKSS trial 6: mean ARI=0.7507  n=480  9.9s  d=2, lam=0.0115, s=5
  TKSS trial 7: mean ARI=0.7326  n=480  18.7s  d=12, lam=4.074, s=6
  TKSS trial 8: mean ARI=0.7418  n=480  10.0s  d=12, lam=0.2423, s=5
  TKSS trial 9: mean ARI=0.7599  n=480  12.6s  d=2, lam=0.8313, s=1
  TKSS trial 10: mean ARI=0.7442  n=480  5.6s  d=15, lam=0.01463, s=2
  TKSS trial 11: mean ARI=0.7916  n=480  23.7s  d=1, lam=0.5626, s=2
  TKSS trial 12: mean ARI=0.7725  n=480  20.6s  d=1, lam=0.3474, s=1
  TKSS trial 13: mean ARI=0.7802  n=480  20.8s  d=1, lam=0.2009, s=2
  TKSS trial 14: mean ARI=0.7468  n=480  6.4s  d=4, lam=0.06854, s=2
  TKSS trial 15: mean ARI=0.7505  n=480  7.5s  d=3, lam=0.05946, s=3
  TKSS trial 16: mean ARI=0.7790  n=480  20.4s  d=1, lam=0.08226, s=3
  TKSS trial 17: mean ARI=0.7582  n=480  12.0s  d=4, lam=0.5728, s=3
  TKSS trial 18: mean ARI=0.7747  n=480  20.0s  d=1, lam=0.1227, s=2
  TKSS trial 19: mean ARI=0.7490  n=480  7.3s  d=3, lam=0.03036, s=3
  TKSS trial 20: mean ARI=0.7506  n=480  8.1s  d=6, lam=0.4994, s=2
  TKSS trial 21: mean ARI=0.7819  n=480  21.0s  d=1, lam=0.1126, s=3
  TKSS trial 22: mean ARI=0.7561  n=480  10.0s  d=3, lam=0.1727, s=3
  TKSS trial 23: mean ARI=0.7590  n=480  18.1s  d=1, lam=0.03439, s=2
  TKSS trial 24: mean ARI=0.7585  n=480  11.2s  d=2, lam=0.428, s=1
  TKSS trial 25: mean ARI=0.7502  n=480  7.7s  d=4, lam=0.1172, s=3
  TKSS trial 26: mean ARI=0.7640  n=480  12.2s  d=2, lam=0.2499, s=2
  TKSS trial 27: mean ARI=0.7720  n=480  19.3s  d=1, lam=0.03927, s=4
  TKSS trial 28: mean ARI=0.7536  n=480  9.1s  d=3, lam=2.266, s=1
  TKSS trial 29: mean ARI=0.7560  n=480  10.0s  d=4, lam=1.111, s=2
    best mean ARI=0.7916  tune 391.4s  d=1, lam=0.5626, s=2
  wrote /nfs/turbo/umms-minjilab/lpullela/icassp_ssc_tv2/block_ssc_benchmark/cv/params/surveillance/split_k3_sigmas_min30_trials20_params_knownk_cv_tkss_k3_sigma0p5_sigma0.5_fold4.json

=== P1E_S1_C1 train[0] k=3  dim=576  frames=146  σ=0.5  fold=4 ===
  TKSS: k_hat=3  ACC=0.8562  NMI=0.7171  ARI=0.6584  0.0s

=== P1E_S1_C1 train[1] k=3  dim=576  frames=153  σ=0.5  fold=4 ===
  TKSS: k_hat=3  ACC=0.9935  NMI=0.9706  ARI=0.9801  0.0s

=== P1E_S1_C1 train[2] k=3  dim=576  frames=130  σ=0.5  fold=4 ===
  TKSS: k_hat=3  ACC=0.9923  NMI=0.9661  ARI=0.9758  0.0s

=== P1E_S1_C1 train[3] k=3  dim=576  frames=140  σ=0.5  fold=4 ===
  TKSS: k_hat=3  ACC=0.8929  NMI=0.7916  ARI=0.7352  0.0s

=== P1E_S1_C1 train[4] k=3  dim=576  frames=151  σ=0.5  fold=4 ===
  TKSS: k_hat=3  ACC=0.5894  NMI=0.6108  ARI=0.4389  0.2s

=== P1E_S1_C1 train[5] k=3  dim=576  frames=140  σ=0.5  fold=4 ===
  TKSS: k_hat=3  ACC=0.8857  NMI=0.7465  ARI=0.7102  0.0s

=== P1E_S1_C1 train[6] k=3  dim=576  frames=171  σ=0.5  fold=4 ===
  TKSS: k_hat=3  ACC=0.9649  NMI=0.8641  ARI=0.8977  0.1s

=== P1E_S1_C2 train[0] k=3  dim=576  frames=147  σ=0.5  fold=4 ===
  TKSS: k_hat=3  ACC=0.8980  NMI=0.7598  ARI=0.7321  0.0s

=== P1E_S1_C2 train[1] k=3  dim=576  frames=115  σ=0.5  fold=4 ===
  TKSS: k_hat=3  ACC=0.9652  NMI=0.8929  ARI=0.8903  0.1s

=== P1E_S1_C2 train[2] k=3  dim=576  frames=104  σ=0.5  fold=4 ===
  TKSS: k_hat=3  ACC=1.0000  NMI=1.0000  ARI=1.0000  0.0s

=== P1E_S1_C2 train[3] k=3  dim=576  frames=138  σ=0.5  fold=4 ===
  TKSS: k_hat=3  ACC=0.8986  NMI=0.7540  ARI=0.7431  0.0s

=== P1E_S1_C2 train[4] k=3  dim=576  frames=122  σ=0.5  fold=4 ===
  TKSS: k_hat=3  ACC=0.9180  NMI=0.8212  ARI=0.7862  0.0s

=== P1E_S1_C2 train[5] k=3  dim=576  frames=122  σ=0.5  fold=4 ===
  TKSS: k_hat=3  ACC=0.9262  NMI=0.7864  ARI=0.7946  0.0s

=== P1E_S1_C2 train[6] k=3  dim=576  frames=134  σ=0.5  fold=4 ===
  TKSS: k_hat=3  ACC=0.9701  NMI=0.9076  ARI=0.9146  0.0s

=== P1E_S1_C3 train[0] k=3  dim=576  frames=58  σ=0.5  fold=4 ===
  TKSS: k_hat=3  ACC=0.8793  NMI=0.7059  ARI=0.6565  0.0s

=== P1E_S1_C3 train[1] k=3  dim=576  frames=56  σ=0.5  fold=4 ===
  TKSS: k_hat=3  ACC=0.8214  NMI=0.6766  ARI=0.5739  0.0s

=== P1E_S1_C3 train[2] k=3  dim=576  frames=47  σ=0.5  fold=4 ===
  TKSS: k_hat=3  ACC=0.9362  NMI=0.8096  ARI=0.8194  0.0s

=== P1E_S1_C3 train[3] k=3  dim=576  frames=61  σ=0.5  fold=4 ===
  TKSS: k_hat=3  ACC=0.7869  NMI=0.6115  ARI=0.5197  0.0s

=== P1E_S1_C3 train[4] k=3  dim=576  frames=55  σ=0.5  fold=4 ===
  TKSS: k_hat=3  ACC=0.8909  NMI=0.7251  ARI=0.7045  0.0s

=== P1E_S1_C3 train[5] k=3  dim=576  frames=51  σ=0.5  fold=4 ===
  TKSS: k_hat=3  ACC=0.8824  NMI=0.7161  ARI=0.6853  0.0s

=== P1E_S1_C3 train[6] k=3  dim=576  frames=69  σ=0.5  fold=4 ===
  TKSS: k_hat=3  ACC=0.9565  NMI=0.8542  ARI=0.8697  0.0s

=== P1E_S2_C1 train[0] k=3  dim=576  frames=167  σ=0.5  fold=4 ===
  TKSS: k_hat=3  ACC=0.9880  NMI=0.9525  ARI=0.9635  0.0s

=== P1E_S2_C1 train[1] k=3  dim=576  frames=151  σ=0.5  fold=4 ===
  TKSS: k_hat=3  ACC=0.9404  NMI=0.8329  ARI=0.8320  0.0s

=== P1E_S2_C1 train[2] k=3  dim=576  frames=136  σ=0.5  fold=4 ===
  TKSS: k_hat=3  ACC=0.9779  NMI=0.9129  ARI=0.9357  0.0s

=== P1E_S2_C1 train[3] k=3  dim=576  frames=180  σ=0.5  fold=4 ===
  TKSS: k_hat=3  ACC=0.8833  NMI=0.7643  ARI=0.7181  0.2s

=== P1E_S2_C1 train[4] k=3  dim=576  frames=124  σ=0.5  fold=4 ===
  TKSS: k_hat=3  ACC=0.9032  NMI=0.7750  ARI=0.7396  0.0s

=== P1E_S2_C1 train[5] k=3  dim=576  frames=161  σ=0.5  fold=4 ===
  TKSS: k_hat=3  ACC=0.9689  NMI=0.9043  ARI=0.9097  0.0s

=== P1E_S2_C1 train[6] k=3  dim=576  frames=153  σ=0.5  fold=4 ===
  TKSS: k_hat=3  ACC=0.9608  NMI=0.8642  ARI=0.8826  0.1s

=== P1E_S2_C2 train[0] k=3  dim=576  frames=146  σ=0.5  fold=4 ===
  TKSS: k_hat=3  ACC=0.9658  NMI=0.8753  ARI=0.8997  0.1s

=== P1E_S2_C2 train[1] k=3  dim=576  frames=115  σ=0.5  fold=4 ===
  TKSS: k_hat=3  ACC=0.9913  NMI=0.9630  ARI=0.9739  0.0s

=== P1E_S2_C2 train[2] k=3  dim=576  frames=109  σ=0.5  fold=4 ===
  TKSS: k_hat=3  ACC=0.9725  NMI=0.8956  ARI=0.9158  0.0s

=== P1E_S2_C2 train[3] k=3  dim=576  frames=144  σ=0.5  fold=4 ===
  TKSS: k_hat=3  ACC=0.9444  NMI=0.8399  ARI=0.8440  0.0s

=== P1E_S2_C2 train[4] k=3  dim=576  frames=109  σ=0.5  fold=4 ===
  TKSS: k_hat=3  ACC=0.9725  NMI=0.8974  ARI=0.9272  0.0s

=== P1E_S2_C2 train[5] k=3  dim=576  frames=128  σ=0.5  fold=4 ===
  TKSS: k_hat=3  ACC=0.9375  NMI=0.8165  ARI=0.8248  0.0s

=== P1E_S2_C2 train[6] k=3  dim=576  frames=126  σ=0.5  fold=4 ===
  TKSS: k_hat=3  ACC=0.9762  NMI=0.9207  ARI=0.9308  0.1s

=== P1E_S2_C3 train[0] k=3  dim=576  frames=113  σ=0.5  fold=4 ===
  TKSS: k_hat=3  ACC=0.9204  NMI=0.8269  ARI=0.8016  0.0s

=== P1E_S2_C3 train[1] k=3  dim=576  frames=88  σ=0.5  fold=4 ===
  TKSS: k_hat=3  ACC=0.9205  NMI=0.7919  ARI=0.7751  0.0s

=== P1E_S2_C3 train[2] k=3  dim=576  frames=90  σ=0.5  fold=4 ===
  TKSS: k_hat=3  ACC=0.9778  NMI=0.9238  ARI=0.9309  0.0s

=== P1E_S2_C3 train[3] k=3  dim=576  frames=112  σ=0.5  fold=4 ===
  TKSS: k_hat=3  ACC=0.9643  NMI=0.8950  ARI=0.8981  0.0s

=== P1E_S2_C3 train[4] k=3  dim=576  frames=87  σ=0.5  fold=4 ===
  TKSS: k_hat=3  ACC=0.9425  NMI=0.8221  ARI=0.8449  0.0s

=== P1E_S2_C3 train[5] k=3  dim=576  frames=105  σ=0.5  fold=4 ===
  TKSS: k_hat=3  ACC=0.9524  NMI=0.8438  ARI=0.8624  0.0s

=== P1E_S2_C3 train[6] k=3  dim=576  frames=89  σ=0.5  fold=4 ===
  TKSS: k_hat=3  ACC=0.9551  NMI=0.8562  ARI=0.8786  0.0s

=== P1E_S3_C1 train[0] k=3  dim=576  frames=166  σ=0.5  fold=4 ===
  TKSS: k_hat=3  ACC=0.8735  NMI=0.7520  ARI=0.6959  0.1s

=== P1E_S3_C1 train[1] k=3  dim=576  frames=139  σ=0.5  fold=4 ===
  TKSS: k_hat=3  ACC=0.9281  NMI=0.8340  ARI=0.8075  0.0s

=== P1E_S3_C1 train[2] k=3  dim=576  frames=134  σ=0.5  fold=4 ===
  TKSS: k_hat=3  ACC=0.9328  NMI=0.8065  ARI=0.8055  0.0s

=== P1E_S3_C1 train[3] k=3  dim=576  frames=161  σ=0.5  fold=4 ===
  TKSS: k_hat=3  ACC=0.9814  NMI=0.9234  ARI=0.9445  0.0s

=== P1E_S3_C1 train[4] k=3  dim=576  frames=123  σ=0.5  fold=4 ===
  TKSS: k_hat=3  ACC=0.9106  NMI=0.8144  ARI=0.7791  0.1s

=== P1E_S3_C1 train[5] k=3  dim=576  frames=204  σ=0.5  fold=4 ===
  TKSS: k_hat=3  ACC=0.7353  NMI=0.4597  ARI=0.3911  0.2s

=== P1E_S3_C1 train[6] k=3  dim=576  frames=112  σ=0.5  fold=4 ===
  TKSS: k_hat=3  ACC=0.9643  NMI=0.8735  ARI=0.8988  0.0s

=== P1E_S3_C2 train[0] k=3  dim=576  frames=147  σ=0.5  fold=4 ===
  TKSS: k_hat=3  ACC=0.8912  NMI=0.7884  ARI=0.7280  0.0s

=== P1E_S3_C2 train[1] k=3  dim=576  frames=120  σ=0.5  fold=4 ===
  TKSS: k_hat=3  ACC=0.8833  NMI=0.7061  ARI=0.6689  0.0s

=== P1E_S3_C2 train[2] k=3  dim=576  frames=112  σ=0.5  fold=4 ===
  TKSS: k_hat=3  ACC=0.9554  NMI=0.8456  ARI=0.8631  0.1s

=== P1E_S3_C2 train[3] k=3  dim=576  frames=168  σ=0.5  fold=4 ===
  TKSS: k_hat=3  ACC=0.8810  NMI=0.7331  ARI=0.6940  0.0s

=== P1E_S3_C2 train[4] k=3  dim=576  frames=107  σ=0.5  fold=4 ===
  TKSS: k_hat=3  ACC=0.8224  NMI=0.7335  ARI=0.6139  0.1s

=== P1E_S3_C2 train[5] k=3  dim=576  frames=146  σ=0.5  fold=4 ===
  TKSS: k_hat=3  ACC=0.6918  NMI=0.5407  ARI=0.4144  0.0s

=== P1E_S3_C2 train[6] k=3  dim=576  frames=114  σ=0.5  fold=4 ===
  TKSS: k_hat=3  ACC=0.8246  NMI=0.6779  ARI=0.5806  0.0s

=== P1E_S3_C3 train[0] k=3  dim=576  frames=105  σ=0.5  fold=4 ===
  TKSS: k_hat=3  ACC=1.0000  NMI=1.0000  ARI=1.0000  0.0s

=== P1E_S3_C3 train[1] k=3  dim=576  frames=89  σ=0.5  fold=4 ===
  TKSS: k_hat=3  ACC=0.9775  NMI=0.9216  ARI=0.9297  0.0s

=== P1E_S3_C3 train[2] k=3  dim=576  frames=84  σ=0.5  fold=4 ===
  TKSS: k_hat=3  ACC=0.9881  NMI=0.9525  ARI=0.9657  0.0s

=== P1E_S3_C3 train[3] k=3  dim=576  frames=125  σ=0.5  fold=4 ===
  TKSS: k_hat=3  ACC=0.9120  NMI=0.7651  ARI=0.7552  0.0s

=== P1E_S3_C3 train[4] k=3  dim=576  frames=83  σ=0.5  fold=4 ===
  TKSS: k_hat=3  ACC=0.9759  NMI=0.9214  ARI=0.9336  0.0s

=== P1E_S3_C3 train[5] k=3  dim=576  frames=129  σ=0.5  fold=4 ===
  TKSS: k_hat=3  ACC=0.9535  NMI=0.8477  ARI=0.8663  0.0s

=== P1E_S3_C3 train[6] k=3  dim=576  frames=84  σ=0.5  fold=4 ===
  TKSS: k_hat=3  ACC=0.9048  NMI=0.7729  ARI=0.7546  0.0s

=== P1E_S4_C1 train[0] k=3  dim=576  frames=158  σ=0.5  fold=4 ===
  TKSS: k_hat=3  ACC=0.8924  NMI=0.7499  ARI=0.7142  0.1s

=== P1E_S4_C1 train[1] k=3  dim=576  frames=107  σ=0.5  fold=4 ===
  TKSS: k_hat=3  ACC=0.9907  NMI=0.9613  ARI=0.9728  0.0s

=== P1E_S4_C1 train[2] k=3  dim=576  frames=155  σ=0.5  fold=4 ===
  TKSS: k_hat=3  ACC=0.9806  NMI=0.9205  ARI=0.9410  0.0s

=== P1E_S4_C1 train[3] k=3  dim=576  frames=182  σ=0.5  fold=4 ===
  TKSS: k_hat=3  ACC=0.9560  NMI=0.8782  ARI=0.8739  0.1s

=== P1E_S4_C1 train[4] k=3  dim=576  frames=133  σ=0.5  fold=4 ===
  TKSS: k_hat=3  ACC=0.9023  NMI=0.7634  ARI=0.7432  0.0s

=== P1E_S4_C1 train[5] k=3  dim=576  frames=147  σ=0.5  fold=4 ===
  TKSS: k_hat=3  ACC=0.8163  NMI=0.6303  ARI=0.5662  0.0s

=== P1E_S4_C1 train[6] k=3  dim=576  frames=145  σ=0.5  fold=4 ===
  TKSS: k_hat=3  ACC=0.9310  NMI=0.8107  ARI=0.8219  0.1s

=== P1E_S4_C2 train[0] k=3  dim=576  frames=117  σ=0.5  fold=4 ===
  TKSS: k_hat=3  ACC=0.9829  NMI=0.9273  ARI=0.9482  0.0s

=== P1E_S4_C2 train[1] k=3  dim=576  frames=125  σ=0.5  fold=4 ===
  TKSS: k_hat=3  ACC=0.9600  NMI=0.8859  ARI=0.8848  0.0s

=== P1E_S4_C2 train[2] k=3  dim=576  frames=122  σ=0.5  fold=4 ===
  TKSS: k_hat=3  ACC=0.9836  NMI=0.9393  ARI=0.9500  0.0s

=== P1E_S4_C2 train[3] k=3  dim=576  frames=126  σ=0.5  fold=4 ===
  TKSS: k_hat=3  ACC=0.8889  NMI=0.7487  ARI=0.7209  0.0s

=== P1E_S4_C2 train[4] k=3  dim=576  frames=129  σ=0.5  fold=4 ===
  TKSS: k_hat=3  ACC=1.0000  NMI=1.0000  ARI=1.0000  0.1s

=== P1E_S4_C2 train[5] k=3  dim=576  frames=146  σ=0.5  fold=4 ===
  TKSS: k_hat=3  ACC=0.9795  NMI=0.9176  ARI=0.9399  0.0s

=== P1E_S4_C2 train[6] k=3  dim=576  frames=110  σ=0.5  fold=4 ===
  TKSS: k_hat=3  ACC=0.9909  NMI=0.9624  ARI=0.9752  0.0s

=== P1E_S4_C3 train[0] k=3  dim=576  frames=90  σ=0.5  fold=4 ===
  TKSS: k_hat=3  ACC=0.9222  NMI=0.7952  ARI=0.7808  0.0s

=== P1E_S4_C3 train[1] k=3  dim=576  frames=64  σ=0.5  fold=4 ===
  TKSS: k_hat=3  ACC=0.9688  NMI=0.8848  ARI=0.9071  0.0s

=== P1E_S4_C3 train[2] k=3  dim=576  frames=85  σ=0.5  fold=4 ===
  TKSS: k_hat=3  ACC=0.9647  NMI=0.8960  ARI=0.8988  0.0s

=== P1E_S4_C3 train[3] k=3  dim=576  frames=105  σ=0.5  fold=4 ===
  TKSS: k_hat=3  ACC=0.8476  NMI=0.6674  ARI=0.6196  0.0s

=== P1E_S4_C3 train[4] k=3  dim=576  frames=76  σ=0.5  fold=4 ===
  TKSS: k_hat=3  ACC=0.9737  NMI=0.8991  ARI=0.9236  0.0s

=== P1E_S4_C3 train[5] k=3  dim=576  frames=106  σ=0.5  fold=4 ===
  TKSS: k_hat=3  ACC=0.9434  NMI=0.8339  ARI=0.8400  0.0s

=== P1E_S4_C3 train[6] k=3  dim=576  frames=79  σ=0.5  fold=4 ===
  TKSS: k_hat=3  ACC=0.9367  NMI=0.8094  ARI=0.8204  0.0s

=== P1L_S1_C1 train[0] k=3  dim=576  frames=162  σ=0.5  fold=4 ===
  TKSS: k_hat=3  ACC=0.9630  NMI=0.8930  ARI=0.8971  0.0s

=== P1L_S1_C1 train[1] k=3  dim=576  frames=170  σ=0.5  fold=4 ===
  TKSS: k_hat=3  ACC=0.9059  NMI=0.7835  ARI=0.7491  0.0s

=== P1L_S1_C1 train[2] k=3  dim=576  frames=155  σ=0.5  fold=4 ===
  TKSS: k_hat=3  ACC=1.0000  NMI=1.0000  ARI=1.0000  0.1s

=== P1L_S1_C1 train[3] k=3  dim=576  frames=182  σ=0.5  fold=4 ===
  TKSS: k_hat=3  ACC=0.9615  NMI=0.8756  ARI=0.8916  0.0s

=== P1L_S1_C1 train[4] k=3  dim=576  frames=166  σ=0.5  fold=4 ===
  TKSS: k_hat=3  ACC=1.0000  NMI=1.0000  ARI=1.0000  0.0s

=== P1L_S1_C1 train[5] k=3  dim=576  frames=116  σ=0.5  fold=4 ===
  TKSS: k_hat=3  ACC=0.9224  NMI=0.7779  ARI=0.7804  0.0s

=== P1L_S1_C1 train[6] k=3  dim=576  frames=175  σ=0.5  fold=4 ===
  TKSS: k_hat=3  ACC=0.9886  NMI=0.9473  ARI=0.9690  0.1s

=== P1L_S1_C2 train[0] k=3  dim=576  frames=186  σ=0.5  fold=4 ===
  TKSS: k_hat=3  ACC=0.6720  NMI=0.5354  ARI=0.3987  0.1s

=== P1L_S1_C2 train[1] k=3  dim=576  frames=137  σ=0.5  fold=4 ===
  TKSS: k_hat=3  ACC=0.8686  NMI=0.6843  ARI=0.6425  0.1s

=== P1L_S1_C2 train[2] k=3  dim=576  frames=147  σ=0.5  fold=4 ===
  TKSS: k_hat=3  ACC=1.0000  NMI=1.0000  ARI=1.0000  0.0s

=== P1L_S1_C2 train[3] k=3  dim=576  frames=181  σ=0.5  fold=4 ===
  TKSS: k_hat=3  ACC=0.9834  NMI=0.9383  ARI=0.9478  0.1s

=== P1L_S1_C2 train[4] k=3  dim=576  frames=154  σ=0.5  fold=4 ===
  TKSS: k_hat=3  ACC=0.9545  NMI=0.8783  ARI=0.8811  0.1s

=== P1L_S1_C2 train[5] k=3  dim=576  frames=142  σ=0.5  fold=4 ===
  TKSS: k_hat=3  ACC=0.8873  NMI=0.7173  ARI=0.6988  0.0s

=== P1L_S1_C2 train[6] k=3  dim=576  frames=168  σ=0.5  fold=4 ===
  TKSS: k_hat=3  ACC=0.9821  NMI=0.9264  ARI=0.9498  0.1s

=== P1L_S1_C3 train[0] k=3  dim=576  frames=60  σ=0.5  fold=4 ===
  TKSS: k_hat=3  ACC=0.9667  NMI=0.8791  ARI=0.9004  0.0s

=== P1L_S1_C3 train[1] k=3  dim=576  frames=68  σ=0.5  fold=4 ===
  TKSS: k_hat=3  ACC=0.9853  NMI=0.9448  ARI=0.9560  0.0s

=== P1L_S1_C3 train[2] k=3  dim=576  frames=65  σ=0.5  fold=4 ===
  TKSS: k_hat=3  ACC=0.9846  NMI=0.9413  ARI=0.9500  0.0s

=== P1L_S1_C3 train[3] k=3  dim=576  frames=74  σ=0.5  fold=4 ===
  TKSS: k_hat=3  ACC=0.9054  NMI=0.7542  ARI=0.7418  0.0s

=== P1L_S1_C3 train[4] k=3  dim=576  frames=64  σ=0.5  fold=4 ===
  TKSS: k_hat=3  ACC=0.9688  NMI=0.9051  ARI=0.9119  0.0s

=== P1L_S1_C3 train[5] k=3  dim=576  frames=63  σ=0.5  fold=4 ===
  TKSS: k_hat=3  ACC=0.8571  NMI=0.6728  ARI=0.6378  0.0s

=== P1L_S1_C3 train[6] k=3  dim=576  frames=75  σ=0.5  fold=4 ===
  TKSS: k_hat=3  ACC=0.9867  NMI=0.9474  ARI=0.9569  0.0s

=== P1L_S2_C1 train[0] k=3  dim=576  frames=211  σ=0.5  fold=4 ===
  TKSS: k_hat=3  ACC=0.9431  NMI=0.8539  ARI=0.8355  0.1s

=== P1L_S2_C1 train[1] k=3  dim=576  frames=190  σ=0.5  fold=4 ===
  TKSS: k_hat=3  ACC=0.9474  NMI=0.8628  ARI=0.8521  0.0s

=== P1L_S2_C1 train[2] k=3  dim=576  frames=180  σ=0.5  fold=4 ===
  TKSS: k_hat=3  ACC=0.6889  NMI=0.6219  ARI=0.5205  0.1s

=== P1L_S2_C1 train[3] k=3  dim=576  frames=177  σ=0.5  fold=4 ===
  TKSS: k_hat=3  ACC=0.9209  NMI=0.7603  ARI=0.7780  0.1s

=== P1L_S2_C1 train[4] k=3  dim=576  frames=179  σ=0.5  fold=4 ===
  TKSS: k_hat=3  ACC=0.9888  NMI=0.9558  ARI=0.9703  0.1s

=== P1L_S2_C1 train[5] k=3  dim=576  frames=180  σ=0.5  fold=4 ===
  TKSS: k_hat=3  ACC=0.6667  NMI=0.3491  ARI=0.3276  0.3s

=== P1L_S2_C1 train[6] k=3  dim=576  frames=133  σ=0.5  fold=4 ===
  TKSS: k_hat=3  ACC=0.7368  NMI=0.5776  ARI=0.4697  0.0s

=== P1L_S2_C2 train[0] k=3  dim=576  frames=194  σ=0.5  fold=4 ===
  TKSS: k_hat=3  ACC=0.8402  NMI=0.7131  ARI=0.6439  0.1s

=== P1L_S2_C2 train[1] k=3  dim=576  frames=155  σ=0.5  fold=4 ===
  TKSS: k_hat=3  ACC=0.9871  NMI=0.9416  ARI=0.9604  0.0s

=== P1L_S2_C2 train[2] k=3  dim=576  frames=134  σ=0.5  fold=4 ===
  TKSS: k_hat=3  ACC=1.0000  NMI=1.0000  ARI=1.0000  0.0s

=== P1L_S2_C2 train[3] k=3  dim=576  frames=186  σ=0.5  fold=4 ===
  TKSS: k_hat=3  ACC=0.9409  NMI=0.8527  ARI=0.8374  0.0s

=== P1L_S2_C2 train[4] k=3  dim=576  frames=171  σ=0.5  fold=4 ===
  TKSS: k_hat=3  ACC=0.9474  NMI=0.8616  ARI=0.8479  0.0s

=== P1L_S2_C2 train[5] k=3  dim=576  frames=160  σ=0.5  fold=4 ===
  TKSS: k_hat=3  ACC=0.7063  NMI=0.5511  ARI=0.4386  0.1s

=== P1L_S2_C2 train[6] k=3  dim=576  frames=154  σ=0.5  fold=4 ===
  TKSS: k_hat=3  ACC=0.9805  NMI=0.9269  ARI=0.9347  0.1s

=== P1L_S2_C3 train[0] k=3  dim=576  frames=119  σ=0.5  fold=4 ===
  TKSS: k_hat=3  ACC=0.8571  NMI=0.7363  ARI=0.6118  0.0s

=== P1L_S2_C3 train[1] k=3  dim=576  frames=101  σ=0.5  fold=4 ===
  TKSS: k_hat=3  ACC=0.9208  NMI=0.8174  ARI=0.7742  0.0s

=== P1L_S2_C3 train[2] k=3  dim=576  frames=85  σ=0.5  fold=4 ===
  TKSS: k_hat=3  ACC=0.8588  NMI=0.7143  ARI=0.6896  0.0s

=== P1L_S2_C3 train[3] k=3  dim=576  frames=112  σ=0.5  fold=4 ===
  TKSS: k_hat=3  ACC=0.9018  NMI=0.7646  ARI=0.7591  0.0s

=== P1L_S2_C3 train[4] k=3  dim=576  frames=102  σ=0.5  fold=4 ===
  TKSS: k_hat=3  ACC=0.9706  NMI=0.9082  ARI=0.9141  0.0s

=== P1L_S2_C3 train[5] k=3  dim=576  frames=121  σ=0.5  fold=4 ===
  TKSS: k_hat=3  ACC=0.8430  NMI=0.6561  ARI=0.6681  0.1s

=== P1L_S2_C3 train[6] k=3  dim=576  frames=99  σ=0.5  fold=4 ===
  TKSS: k_hat=3  ACC=0.9798  NMI=0.9303  ARI=0.9424  0.0s

=== P1L_S3_C1 train[0] k=3  dim=576  frames=156  σ=0.5  fold=4 ===
  TKSS: k_hat=3  ACC=0.6410  NMI=0.3688  ARI=0.2402  0.1s

=== P1L_S3_C1 train[1] k=3  dim=576  frames=120  σ=0.5  fold=4 ===
  TKSS: k_hat=3  ACC=0.8667  NMI=0.6911  ARI=0.6682  0.0s

=== P1L_S3_C1 train[2] k=3  dim=576  frames=185  σ=0.5  fold=4 ===
  TKSS: k_hat=3  ACC=0.9838  NMI=0.9402  ARI=0.9511  0.1s

=== P1L_S3_C1 train[3] k=3  dim=576  frames=156  σ=0.5  fold=4 ===
  TKSS: k_hat=3  ACC=0.7628  NMI=0.5561  ARI=0.4926  0.1s

=== P1L_S3_C1 train[4] k=3  dim=576  frames=172  σ=0.5  fold=4 ===
  TKSS: k_hat=3  ACC=0.9244  NMI=0.8107  ARI=0.7961  0.1s

=== P1L_S3_C1 train[5] k=3  dim=576  frames=176  σ=0.5  fold=4 ===
  TKSS: k_hat=3  ACC=0.5000  NMI=0.2930  ARI=0.2233  0.1s

=== P1L_S3_C1 train[6] k=3  dim=576  frames=134  σ=0.5  fold=4 ===
  TKSS: k_hat=3  ACC=0.9030  NMI=0.7874  ARI=0.7158  0.1s

=== P1L_S3_C2 train[0] k=3  dim=576  frames=185  σ=0.5  fold=4 ===
  TKSS: k_hat=3  ACC=0.9568  NMI=0.8556  ARI=0.8691  0.1s

=== P1L_S3_C2 train[1] k=3  dim=576  frames=125  σ=0.5  fold=4 ===
  TKSS: k_hat=3  ACC=0.9520  NMI=0.8699  ARI=0.8600  0.0s

=== P1L_S3_C2 train[2] k=3  dim=576  frames=166  σ=0.5  fold=4 ===
  TKSS: k_hat=3  ACC=1.0000  NMI=1.0000  ARI=1.0000  0.1s

=== P1L_S3_C2 train[3] k=3  dim=576  frames=209  σ=0.5  fold=4 ===
  TKSS: k_hat=3  ACC=0.7608  NMI=0.5521  ARI=0.4500  0.2s

=== P1L_S3_C2 train[4] k=3  dim=576  frames=187  σ=0.5  fold=4 ===
  TKSS: k_hat=3  ACC=0.9412  NMI=0.8569  ARI=0.8525  0.1s

=== P1L_S3_C2 train[5] k=3  dim=576  frames=229  σ=0.5  fold=4 ===
  TKSS: k_hat=3  ACC=0.5546  NMI=0.1586  ARI=0.1166  0.3s

=== P1L_S3_C2 train[6] k=3  dim=576  frames=136  σ=0.5  fold=4 ===
  TKSS: k_hat=3  ACC=0.9853  NMI=0.9350  ARI=0.9551  0.0s

=== P1L_S3_C3 train[0] k=3  dim=576  frames=151  σ=0.5  fold=4 ===
  TKSS: k_hat=3  ACC=0.8146  NMI=0.6595  ARI=0.5101  0.1s

=== P1L_S3_C3 train[1] k=3  dim=576  frames=118  σ=0.5  fold=4 ===
  TKSS: k_hat=3  ACC=0.9322  NMI=0.8147  ARI=0.8058  0.0s

=== P1L_S3_C3 train[2] k=3  dim=576  frames=121  σ=0.5  fold=4 ===
  TKSS: k_hat=3  ACC=0.9917  NMI=0.9640  ARI=0.9736  0.0s

=== P1L_S3_C3 train[3] k=3  dim=576  frames=142  σ=0.5  fold=4 ===
  TKSS: k_hat=3  ACC=0.9930  NMI=0.9680  ARI=0.9769  0.0s

=== P1L_S3_C3 train[4] k=3  dim=576  frames=110  σ=0.5  fold=4 ===
  TKSS: k_hat=3  ACC=0.8636  NMI=0.7289  ARI=0.6579  0.1s

=== P1L_S3_C3 train[5] k=3  dim=576  frames=161  σ=0.5  fold=4 ===
  TKSS: k_hat=3  ACC=0.9876  NMI=0.9503  ARI=0.9602  0.1s

=== P1L_S3_C3 train[6] k=3  dim=576  frames=114  σ=0.5  fold=4 ===
  TKSS: k_hat=3  ACC=0.9825  NMI=0.9372  ARI=0.9534  0.0s

=== P1L_S4_C1 train[0] k=3  dim=576  frames=200  σ=0.5  fold=4 ===
  TKSS: k_hat=3  ACC=0.9300  NMI=0.7926  ARI=0.7996  0.3s

=== P1L_S4_C1 train[1] k=3  dim=576  frames=157  σ=0.5  fold=4 ===
  TKSS: k_hat=3  ACC=0.8662  NMI=0.7539  ARI=0.6518  0.1s

=== P1L_S4_C1 train[2] k=3  dim=576  frames=154  σ=0.5  fold=4 ===
  TKSS: k_hat=3  ACC=0.9935  NMI=0.9700  ARI=0.9814  0.1s

=== P1L_S4_C1 train[3] k=3  dim=576  frames=168  σ=0.5  fold=4 ===
  TKSS: k_hat=3  ACC=0.9107  NMI=0.8113  ARI=0.7703  0.0s

=== P1L_S4_C1 train[4] k=3  dim=576  frames=164  σ=0.5  fold=4 ===
  TKSS: k_hat=3  ACC=0.9512  NMI=0.8684  ARI=0.8583  0.1s

=== P1L_S4_C1 train[5] k=3  dim=576  frames=187  σ=0.5  fold=4 ===
  TKSS: k_hat=3  ACC=0.8396  NMI=0.6563  ARI=0.6070  0.0s

=== P1L_S4_C1 train[6] k=3  dim=576  frames=202  σ=0.5  fold=4 ===
  TKSS: k_hat=3  ACC=0.9901  NMI=0.9593  ARI=0.9706  0.0s

=== P1L_S4_C2 train[0] k=3  dim=576  frames=157  σ=0.5  fold=4 ===
  TKSS: k_hat=3  ACC=0.9554  NMI=0.8679  ARI=0.8553  0.1s

=== P1L_S4_C2 train[1] k=3  dim=576  frames=149  σ=0.5  fold=4 ===
  TKSS: k_hat=3  ACC=0.8926  NMI=0.7262  ARI=0.7072  0.0s

=== P1L_S4_C2 train[2] k=3  dim=576  frames=175  σ=0.5  fold=4 ===
  TKSS: k_hat=3  ACC=1.0000  NMI=1.0000  ARI=1.0000  0.1s

=== P1L_S4_C2 train[3] k=3  dim=576  frames=168  σ=0.5  fold=4 ===
  TKSS: k_hat=3  ACC=0.9286  NMI=0.8328  ARI=0.8047  0.0s

=== P1L_S4_C2 train[4] k=3  dim=576  frames=152  σ=0.5  fold=4 ===
  TKSS: k_hat=3  ACC=0.9868  NMI=0.9409  ARI=0.9602  0.0s

=== P1L_S4_C2 train[5] k=3  dim=576  frames=169  σ=0.5  fold=4 ===
  TKSS: k_hat=3  ACC=0.9112  NMI=0.7595  ARI=0.7633  0.0s

=== P1L_S4_C2 train[6] k=3  dim=576  frames=153  σ=0.5  fold=4 ===
  TKSS: k_hat=3  ACC=0.8497  NMI=0.6912  ARI=0.6459  0.1s

=== P1L_S4_C3 train[0] k=3  dim=576  frames=96  σ=0.5  fold=4 ===
  TKSS: k_hat=3  ACC=0.9688  NMI=0.9008  ARI=0.9008  0.0s

=== P1L_S4_C3 train[1] k=3  dim=576  frames=107  σ=0.5  fold=4 ===
  TKSS: k_hat=3  ACC=0.8879  NMI=0.7909  ARI=0.7406  0.0s

=== P1L_S4_C3 train[2] k=3  dim=576  frames=94  σ=0.5  fold=4 ===
  TKSS: k_hat=3  ACC=1.0000  NMI=1.0000  ARI=1.0000  0.0s

=== P1L_S4_C3 train[3] k=3  dim=576  frames=117  σ=0.5  fold=4 ===
  TKSS: k_hat=3  ACC=0.8718  NMI=0.7260  ARI=0.6806  0.0s

=== P1L_S4_C3 train[4] k=3  dim=576  frames=103  σ=0.5  fold=4 ===
  TKSS: k_hat=3  ACC=0.9612  NMI=0.8646  ARI=0.8869  0.0s

=== P1L_S4_C3 train[5] k=3  dim=576  frames=105  σ=0.5  fold=4 ===
  TKSS: k_hat=3  ACC=0.9810  NMI=0.9327  ARI=0.9427  0.0s

=== P1L_S4_C3 train[6] k=3  dim=576  frames=107  σ=0.5  fold=4 ===
  TKSS: k_hat=3  ACC=0.9813  NMI=0.9338  ARI=0.9463  0.0s

=== P1E_S1_C1 test[0] k=3  dim=576  frames=157  σ=0.5  fold=4 ===
  TKSS: k_hat=3  ACC=0.9299  NMI=0.8206  ARI=0.8213  0.1s

=== P1E_S1_C2 test[0] k=3  dim=576  frames=113  σ=0.5  fold=4 ===
  TKSS: k_hat=3  ACC=0.9115  NMI=0.7589  ARI=0.7566  0.0s

=== P1E_S1_C3 test[0] k=3  dim=576  frames=37  σ=0.5  fold=4 ===
  TKSS: k_hat=3  ACC=0.7838  NMI=0.5996  ARI=0.4944  0.0s

=== P1E_S2_C1 test[0] k=3  dim=576  frames=149  σ=0.5  fold=4 ===
  TKSS: k_hat=3  ACC=0.8725  NMI=0.7030  ARI=0.6887  0.1s

=== P1E_S2_C2 test[0] k=3  dim=576  frames=124  σ=0.5  fold=4 ===
  TKSS: k_hat=3  ACC=0.9758  NMI=0.9039  ARI=0.9239  0.1s

=== P1E_S2_C3 test[0] k=3  dim=576  frames=99  σ=0.5  fold=4 ===
  TKSS: k_hat=3  ACC=0.9697  NMI=0.9058  ARI=0.9101  0.0s

=== P1E_S3_C1 test[0] k=3  dim=576  frames=168  σ=0.5  fold=4 ===
  TKSS: k_hat=3  ACC=0.8393  NMI=0.6371  ARI=0.5622  0.1s

=== P1E_S3_C2 test[0] k=3  dim=576  frames=169  σ=0.5  fold=4 ===
  TKSS: k_hat=3  ACC=0.8639  NMI=0.7419  ARI=0.6721  0.1s

=== P1E_S3_C3 test[0] k=3  dim=576  frames=128  σ=0.5  fold=4 ===
  TKSS: k_hat=3  ACC=0.8984  NMI=0.7967  ARI=0.7427  0.0s

=== P1E_S4_C1 test[0] k=3  dim=576  frames=180  σ=0.5  fold=4 ===
  TKSS: k_hat=3  ACC=0.8944  NMI=0.7710  ARI=0.7238  0.1s

=== P1E_S4_C2 test[0] k=3  dim=576  frames=140  σ=0.5  fold=4 ===
  TKSS: k_hat=3  ACC=0.9286  NMI=0.8048  ARI=0.7868  0.1s

=== P1E_S4_C3 test[0] k=3  dim=576  frames=87  σ=0.5  fold=4 ===
  TKSS: k_hat=3  ACC=0.9540  NMI=0.8509  ARI=0.8634  0.0s

=== P1L_S1_C1 test[0] k=3  dim=576  frames=198  σ=0.5  fold=4 ===
  TKSS: k_hat=3  ACC=0.9545  NMI=0.8612  ARI=0.8692  0.1s

=== P1L_S1_C2 test[0] k=3  dim=576  frames=128  σ=0.5  fold=4 ===
  TKSS: k_hat=3  ACC=0.6484  NMI=0.4134  ARI=0.3109  0.2s

=== P1L_S1_C3 test[0] k=3  dim=576  frames=73  σ=0.5  fold=4 ===
  TKSS: k_hat=3  ACC=0.8630  NMI=0.6918  ARI=0.6489  0.0s

=== P1L_S2_C1 test[0] k=3  dim=576  frames=172  σ=0.5  fold=4 ===
  TKSS: k_hat=3  ACC=0.9012  NMI=0.7838  ARI=0.7605  0.1s

=== P1L_S2_C2 test[0] k=3  dim=576  frames=201  σ=0.5  fold=4 ===
  TKSS: k_hat=3  ACC=0.9403  NMI=0.8262  ARI=0.8283  0.0s

=== P1L_S2_C3 test[0] k=3  dim=576  frames=126  σ=0.5  fold=4 ===
  TKSS: k_hat=3  ACC=0.8651  NMI=0.7610  ARI=0.6671  0.1s

=== P1L_S3_C1 test[0] k=3  dim=576  frames=159  σ=0.5  fold=4 ===
  TKSS: k_hat=3  ACC=0.8050  NMI=0.6261  ARI=0.5552  0.0s

=== P1L_S3_C2 test[0] k=3  dim=576  frames=168  σ=0.5  fold=4 ===
  TKSS: k_hat=3  ACC=0.8690  NMI=0.7691  ARI=0.6965  0.0s

=== P1L_S3_C3 test[0] k=3  dim=576  frames=134  σ=0.5  fold=4 ===
  TKSS: k_hat=3  ACC=0.8134  NMI=0.6179  ARI=0.5263  0.1s

=== P1L_S4_C1 test[0] k=3  dim=576  frames=142  σ=0.5  fold=4 ===
  TKSS: k_hat=3  ACC=1.0000  NMI=1.0000  ARI=1.0000  0.0s

=== P1L_S4_C2 test[0] k=3  dim=576  frames=154  σ=0.5  fold=4 ===
  TKSS: k_hat=3  ACC=0.7338  NMI=0.5564  ARI=0.4489  0.0s

=== P1L_S4_C3 test[0] k=3  dim=576  frames=112  σ=0.5  fold=4 ===
  TKSS: k_hat=3  ACC=0.8661  NMI=0.7340  ARI=0.6683  0.0s
  tune_pool_groups=20: sampling from 22 held-in people (overlap allowed) instead of the 7 fixed partition group(s)

============================================================
σ=0.5 fold=5  test=['0015', '0016', '0021']  train mats=168  test mats=24  tune mats=480
  --- tune TKSS over 480 train mats  n_trials=30 (3 params) ---
  TKSS trial 0: mean ARI=0.7416  n=480  8.7s  d=5, lam=1, s=2
  TKSS trial 1: mean ARI=0.7345  n=480  11.8s  d=9, lam=1.398, s=4
  TKSS trial 2: mean ARI=0.7364  n=480  7.8s  d=9, lam=0.1866, s=4
  TKSS trial 3: mean ARI=0.7248  n=480  17.7s  d=7, lam=4.735, s=6
  TKSS trial 4: mean ARI=0.7360  n=480  12.9s  d=6, lam=2.372, s=4
  TKSS trial 5: mean ARI=0.7365  n=480  6.1s  d=9, lam=5.981, s=1
  TKSS trial 6: mean ARI=0.7397  n=480  8.7s  d=2, lam=0.0115, s=5
  TKSS trial 7: mean ARI=0.7232  n=480  17.8s  d=12, lam=4.074, s=6
  TKSS trial 8: mean ARI=0.7312  n=480  9.6s  d=12, lam=0.2423, s=5
  TKSS trial 9: mean ARI=0.7482  n=480  11.9s  d=2, lam=0.8313, s=1
  TKSS trial 10: mean ARI=0.7346  n=480  5.5s  d=15, lam=0.01463, s=2
  TKSS trial 11: mean ARI=0.7929  n=480  22.7s  d=1, lam=0.5626, s=2
  TKSS trial 12: mean ARI=0.7801  n=480  18.3s  d=1, lam=0.3474, s=1
  TKSS trial 13: mean ARI=0.7855  n=480  18.8s  d=1, lam=0.2009, s=2
  TKSS trial 14: mean ARI=0.7373  n=480  6.5s  d=4, lam=0.06854, s=2
  TKSS trial 15: mean ARI=0.7410  n=480  7.8s  d=3, lam=0.05946, s=3
  TKSS trial 16: mean ARI=0.7825  n=480  17.9s  d=1, lam=0.08226, s=3
  TKSS trial 17: mean ARI=0.7460  n=480  11.5s  d=4, lam=0.5728, s=3
  TKSS trial 18: mean ARI=0.7810  n=480  18.1s  d=1, lam=0.1227, s=2
  TKSS trial 19: mean ARI=0.7385  n=480  7.1s  d=3, lam=0.03036, s=3
  TKSS trial 20: mean ARI=0.7410  n=480  7.8s  d=6, lam=0.4994, s=2
  TKSS trial 21: mean ARI=0.7870  n=480  19.2s  d=1, lam=0.1126, s=3
  TKSS trial 22: mean ARI=0.7467  n=480  10.2s  d=3, lam=0.1727, s=3
  TKSS trial 23: mean ARI=0.7664  n=480  16.4s  d=1, lam=0.03439, s=2
  TKSS trial 24: mean ARI=0.7465  n=480  11.2s  d=2, lam=0.428, s=1
  TKSS trial 25: mean ARI=0.7408  n=480  7.9s  d=4, lam=0.1172, s=3
  TKSS trial 26: mean ARI=0.7495  n=480  11.8s  d=2, lam=0.2499, s=2
  TKSS trial 27: mean ARI=0.7791  n=480  17.8s  d=1, lam=0.03927, s=4
  TKSS trial 28: mean ARI=0.7445  n=480  9.3s  d=3, lam=2.266, s=1
  TKSS trial 29: mean ARI=0.7453  n=480  10.1s  d=4, lam=1.111, s=2
    best mean ARI=0.7929  tune 369.1s  d=1, lam=0.5626, s=2
  wrote /nfs/turbo/umms-minjilab/lpullela/icassp_ssc_tv2/block_ssc_benchmark/cv/params/surveillance/split_k3_sigmas_min30_trials20_params_knownk_cv_tkss_k3_sigma0p5_sigma0.5_fold5.json

=== P1E_S1_C1 train[0] k=3  dim=576  frames=146  σ=0.5  fold=5 ===
  TKSS: k_hat=3  ACC=0.8562  NMI=0.7171  ARI=0.6584  0.0s

=== P1E_S1_C1 train[1] k=3  dim=576  frames=153  σ=0.5  fold=5 ===
  TKSS: k_hat=3  ACC=0.9935  NMI=0.9706  ARI=0.9801  0.0s

=== P1E_S1_C1 train[2] k=3  dim=576  frames=130  σ=0.5  fold=5 ===
  TKSS: k_hat=3  ACC=0.9923  NMI=0.9661  ARI=0.9758  0.0s

=== P1E_S1_C1 train[3] k=3  dim=576  frames=140  σ=0.5  fold=5 ===
  TKSS: k_hat=3  ACC=0.8929  NMI=0.7916  ARI=0.7352  0.0s

=== P1E_S1_C1 train[4] k=3  dim=576  frames=157  σ=0.5  fold=5 ===
  TKSS: k_hat=3  ACC=0.9299  NMI=0.8206  ARI=0.8213  0.1s

=== P1E_S1_C1 train[5] k=3  dim=576  frames=140  σ=0.5  fold=5 ===
  TKSS: k_hat=3  ACC=0.8857  NMI=0.7465  ARI=0.7102  0.0s

=== P1E_S1_C1 train[6] k=3  dim=576  frames=171  σ=0.5  fold=5 ===
  TKSS: k_hat=3  ACC=0.9649  NMI=0.8641  ARI=0.8977  0.1s

=== P1E_S1_C2 train[0] k=3  dim=576  frames=147  σ=0.5  fold=5 ===
  TKSS: k_hat=3  ACC=0.8980  NMI=0.7598  ARI=0.7321  0.0s

=== P1E_S1_C2 train[1] k=3  dim=576  frames=115  σ=0.5  fold=5 ===
  TKSS: k_hat=3  ACC=0.9652  NMI=0.8929  ARI=0.8903  0.1s

=== P1E_S1_C2 train[2] k=3  dim=576  frames=104  σ=0.5  fold=5 ===
  TKSS: k_hat=3  ACC=1.0000  NMI=1.0000  ARI=1.0000  0.0s

=== P1E_S1_C2 train[3] k=3  dim=576  frames=138  σ=0.5  fold=5 ===
  TKSS: k_hat=3  ACC=0.8986  NMI=0.7540  ARI=0.7431  0.0s

=== P1E_S1_C2 train[4] k=3  dim=576  frames=113  σ=0.5  fold=5 ===
  TKSS: k_hat=3  ACC=0.9115  NMI=0.7589  ARI=0.7566  0.0s

=== P1E_S1_C2 train[5] k=3  dim=576  frames=122  σ=0.5  fold=5 ===
  TKSS: k_hat=3  ACC=0.9262  NMI=0.7864  ARI=0.7946  0.0s

=== P1E_S1_C2 train[6] k=3  dim=576  frames=134  σ=0.5  fold=5 ===
  TKSS: k_hat=3  ACC=0.9701  NMI=0.9076  ARI=0.9146  0.0s

=== P1E_S1_C3 train[0] k=3  dim=576  frames=58  σ=0.5  fold=5 ===
  TKSS: k_hat=3  ACC=0.8793  NMI=0.7059  ARI=0.6565  0.0s

=== P1E_S1_C3 train[1] k=3  dim=576  frames=56  σ=0.5  fold=5 ===
  TKSS: k_hat=3  ACC=0.8214  NMI=0.6766  ARI=0.5739  0.0s

=== P1E_S1_C3 train[2] k=3  dim=576  frames=47  σ=0.5  fold=5 ===
  TKSS: k_hat=3  ACC=0.9362  NMI=0.8096  ARI=0.8194  0.0s

=== P1E_S1_C3 train[3] k=3  dim=576  frames=61  σ=0.5  fold=5 ===
  TKSS: k_hat=3  ACC=0.7869  NMI=0.6115  ARI=0.5197  0.0s

=== P1E_S1_C3 train[4] k=3  dim=576  frames=37  σ=0.5  fold=5 ===
  TKSS: k_hat=3  ACC=0.7838  NMI=0.5996  ARI=0.4944  0.0s

=== P1E_S1_C3 train[5] k=3  dim=576  frames=51  σ=0.5  fold=5 ===
  TKSS: k_hat=3  ACC=0.8824  NMI=0.7161  ARI=0.6853  0.0s

=== P1E_S1_C3 train[6] k=3  dim=576  frames=69  σ=0.5  fold=5 ===
  TKSS: k_hat=3  ACC=0.9565  NMI=0.8542  ARI=0.8697  0.0s

=== P1E_S2_C1 train[0] k=3  dim=576  frames=167  σ=0.5  fold=5 ===
  TKSS: k_hat=3  ACC=0.9880  NMI=0.9525  ARI=0.9635  0.0s

=== P1E_S2_C1 train[1] k=3  dim=576  frames=151  σ=0.5  fold=5 ===
  TKSS: k_hat=3  ACC=0.9404  NMI=0.8329  ARI=0.8320  0.0s

=== P1E_S2_C1 train[2] k=3  dim=576  frames=136  σ=0.5  fold=5 ===
  TKSS: k_hat=3  ACC=0.9779  NMI=0.9129  ARI=0.9357  0.0s

=== P1E_S2_C1 train[3] k=3  dim=576  frames=180  σ=0.5  fold=5 ===
  TKSS: k_hat=3  ACC=0.8833  NMI=0.7643  ARI=0.7181  0.2s

=== P1E_S2_C1 train[4] k=3  dim=576  frames=149  σ=0.5  fold=5 ===
  TKSS: k_hat=3  ACC=0.8725  NMI=0.7030  ARI=0.6887  0.1s

=== P1E_S2_C1 train[5] k=3  dim=576  frames=161  σ=0.5  fold=5 ===
  TKSS: k_hat=3  ACC=0.9689  NMI=0.9043  ARI=0.9097  0.0s

=== P1E_S2_C1 train[6] k=3  dim=576  frames=153  σ=0.5  fold=5 ===
  TKSS: k_hat=3  ACC=0.9608  NMI=0.8642  ARI=0.8826  0.1s

=== P1E_S2_C2 train[0] k=3  dim=576  frames=146  σ=0.5  fold=5 ===
  TKSS: k_hat=3  ACC=0.9658  NMI=0.8753  ARI=0.8997  0.1s

=== P1E_S2_C2 train[1] k=3  dim=576  frames=115  σ=0.5  fold=5 ===
  TKSS: k_hat=3  ACC=0.9913  NMI=0.9630  ARI=0.9739  0.0s

=== P1E_S2_C2 train[2] k=3  dim=576  frames=109  σ=0.5  fold=5 ===
  TKSS: k_hat=3  ACC=0.9725  NMI=0.8956  ARI=0.9158  0.0s

=== P1E_S2_C2 train[3] k=3  dim=576  frames=144  σ=0.5  fold=5 ===
  TKSS: k_hat=3  ACC=0.9444  NMI=0.8399  ARI=0.8440  0.0s

=== P1E_S2_C2 train[4] k=3  dim=576  frames=124  σ=0.5  fold=5 ===
  TKSS: k_hat=3  ACC=0.9758  NMI=0.9039  ARI=0.9239  0.1s

=== P1E_S2_C2 train[5] k=3  dim=576  frames=128  σ=0.5  fold=5 ===
  TKSS: k_hat=3  ACC=0.9375  NMI=0.8165  ARI=0.8248  0.0s

=== P1E_S2_C2 train[6] k=3  dim=576  frames=126  σ=0.5  fold=5 ===
  TKSS: k_hat=3  ACC=0.9762  NMI=0.9207  ARI=0.9308  0.1s

=== P1E_S2_C3 train[0] k=3  dim=576  frames=113  σ=0.5  fold=5 ===
  TKSS: k_hat=3  ACC=0.9204  NMI=0.8269  ARI=0.8016  0.0s

=== P1E_S2_C3 train[1] k=3  dim=576  frames=88  σ=0.5  fold=5 ===
  TKSS: k_hat=3  ACC=0.9205  NMI=0.7919  ARI=0.7751  0.0s

=== P1E_S2_C3 train[2] k=3  dim=576  frames=90  σ=0.5  fold=5 ===
  TKSS: k_hat=3  ACC=0.9778  NMI=0.9238  ARI=0.9309  0.0s

=== P1E_S2_C3 train[3] k=3  dim=576  frames=112  σ=0.5  fold=5 ===
  TKSS: k_hat=3  ACC=0.9643  NMI=0.8950  ARI=0.8981  0.0s

=== P1E_S2_C3 train[4] k=3  dim=576  frames=99  σ=0.5  fold=5 ===
  TKSS: k_hat=3  ACC=0.9697  NMI=0.9058  ARI=0.9101  0.0s

=== P1E_S2_C3 train[5] k=3  dim=576  frames=105  σ=0.5  fold=5 ===
  TKSS: k_hat=3  ACC=0.9524  NMI=0.8438  ARI=0.8624  0.0s

=== P1E_S2_C3 train[6] k=3  dim=576  frames=89  σ=0.5  fold=5 ===
  TKSS: k_hat=3  ACC=0.9551  NMI=0.8562  ARI=0.8786  0.0s

=== P1E_S3_C1 train[0] k=3  dim=576  frames=166  σ=0.5  fold=5 ===
  TKSS: k_hat=3  ACC=0.8735  NMI=0.7520  ARI=0.6959  0.1s

=== P1E_S3_C1 train[1] k=3  dim=576  frames=139  σ=0.5  fold=5 ===
  TKSS: k_hat=3  ACC=0.9281  NMI=0.8340  ARI=0.8075  0.0s

=== P1E_S3_C1 train[2] k=3  dim=576  frames=134  σ=0.5  fold=5 ===
  TKSS: k_hat=3  ACC=0.9328  NMI=0.8065  ARI=0.8055  0.0s

=== P1E_S3_C1 train[3] k=3  dim=576  frames=161  σ=0.5  fold=5 ===
  TKSS: k_hat=3  ACC=0.9814  NMI=0.9234  ARI=0.9445  0.0s

=== P1E_S3_C1 train[4] k=3  dim=576  frames=168  σ=0.5  fold=5 ===
  TKSS: k_hat=3  ACC=0.8393  NMI=0.6371  ARI=0.5622  0.1s

=== P1E_S3_C1 train[5] k=3  dim=576  frames=204  σ=0.5  fold=5 ===
  TKSS: k_hat=3  ACC=0.7353  NMI=0.4597  ARI=0.3911  0.2s

=== P1E_S3_C1 train[6] k=3  dim=576  frames=112  σ=0.5  fold=5 ===
  TKSS: k_hat=3  ACC=0.9643  NMI=0.8735  ARI=0.8988  0.0s

=== P1E_S3_C2 train[0] k=3  dim=576  frames=147  σ=0.5  fold=5 ===
  TKSS: k_hat=3  ACC=0.8912  NMI=0.7884  ARI=0.7280  0.0s

=== P1E_S3_C2 train[1] k=3  dim=576  frames=120  σ=0.5  fold=5 ===
  TKSS: k_hat=3  ACC=0.8833  NMI=0.7061  ARI=0.6689  0.0s

=== P1E_S3_C2 train[2] k=3  dim=576  frames=112  σ=0.5  fold=5 ===
  TKSS: k_hat=3  ACC=0.9554  NMI=0.8456  ARI=0.8631  0.0s

=== P1E_S3_C2 train[3] k=3  dim=576  frames=168  σ=0.5  fold=5 ===
  TKSS: k_hat=3  ACC=0.8810  NMI=0.7331  ARI=0.6940  0.0s

=== P1E_S3_C2 train[4] k=3  dim=576  frames=169  σ=0.5  fold=5 ===
  TKSS: k_hat=3  ACC=0.8639  NMI=0.7419  ARI=0.6721  0.1s

=== P1E_S3_C2 train[5] k=3  dim=576  frames=146  σ=0.5  fold=5 ===
  TKSS: k_hat=3  ACC=0.6918  NMI=0.5407  ARI=0.4144  0.0s

=== P1E_S3_C2 train[6] k=3  dim=576  frames=114  σ=0.5  fold=5 ===
  TKSS: k_hat=3  ACC=0.8246  NMI=0.6779  ARI=0.5806  0.0s

=== P1E_S3_C3 train[0] k=3  dim=576  frames=105  σ=0.5  fold=5 ===
  TKSS: k_hat=3  ACC=1.0000  NMI=1.0000  ARI=1.0000  0.0s

=== P1E_S3_C3 train[1] k=3  dim=576  frames=89  σ=0.5  fold=5 ===
  TKSS: k_hat=3  ACC=0.9775  NMI=0.9216  ARI=0.9297  0.0s

=== P1E_S3_C3 train[2] k=3  dim=576  frames=84  σ=0.5  fold=5 ===
  TKSS: k_hat=3  ACC=0.9881  NMI=0.9525  ARI=0.9657  0.0s

=== P1E_S3_C3 train[3] k=3  dim=576  frames=125  σ=0.5  fold=5 ===
  TKSS: k_hat=3  ACC=0.9120  NMI=0.7651  ARI=0.7552  0.0s

=== P1E_S3_C3 train[4] k=3  dim=576  frames=128  σ=0.5  fold=5 ===
  TKSS: k_hat=3  ACC=0.8984  NMI=0.7967  ARI=0.7427  0.0s

=== P1E_S3_C3 train[5] k=3  dim=576  frames=129  σ=0.5  fold=5 ===
  TKSS: k_hat=3  ACC=0.9535  NMI=0.8477  ARI=0.8663  0.0s

=== P1E_S3_C3 train[6] k=3  dim=576  frames=84  σ=0.5  fold=5 ===
  TKSS: k_hat=3  ACC=0.9048  NMI=0.7729  ARI=0.7546  0.0s

=== P1E_S4_C1 train[0] k=3  dim=576  frames=158  σ=0.5  fold=5 ===
  TKSS: k_hat=3  ACC=0.8924  NMI=0.7499  ARI=0.7142  0.1s

=== P1E_S4_C1 train[1] k=3  dim=576  frames=107  σ=0.5  fold=5 ===
  TKSS: k_hat=3  ACC=0.9907  NMI=0.9613  ARI=0.9728  0.0s

=== P1E_S4_C1 train[2] k=3  dim=576  frames=155  σ=0.5  fold=5 ===
  TKSS: k_hat=3  ACC=0.9806  NMI=0.9205  ARI=0.9410  0.0s

=== P1E_S4_C1 train[3] k=3  dim=576  frames=182  σ=0.5  fold=5 ===
  TKSS: k_hat=3  ACC=0.9560  NMI=0.8782  ARI=0.8739  0.1s

=== P1E_S4_C1 train[4] k=3  dim=576  frames=180  σ=0.5  fold=5 ===
  TKSS: k_hat=3  ACC=0.8944  NMI=0.7710  ARI=0.7238  0.1s

=== P1E_S4_C1 train[5] k=3  dim=576  frames=147  σ=0.5  fold=5 ===
  TKSS: k_hat=3  ACC=0.8163  NMI=0.6303  ARI=0.5662  0.0s

=== P1E_S4_C1 train[6] k=3  dim=576  frames=145  σ=0.5  fold=5 ===
  TKSS: k_hat=3  ACC=0.9310  NMI=0.8107  ARI=0.8219  0.1s

=== P1E_S4_C2 train[0] k=3  dim=576  frames=117  σ=0.5  fold=5 ===
  TKSS: k_hat=3  ACC=0.9829  NMI=0.9273  ARI=0.9482  0.0s

=== P1E_S4_C2 train[1] k=3  dim=576  frames=125  σ=0.5  fold=5 ===
  TKSS: k_hat=3  ACC=0.9600  NMI=0.8859  ARI=0.8848  0.0s

=== P1E_S4_C2 train[2] k=3  dim=576  frames=122  σ=0.5  fold=5 ===
  TKSS: k_hat=3  ACC=0.9836  NMI=0.9393  ARI=0.9500  0.0s

=== P1E_S4_C2 train[3] k=3  dim=576  frames=126  σ=0.5  fold=5 ===
  TKSS: k_hat=3  ACC=0.8889  NMI=0.7487  ARI=0.7209  0.0s

=== P1E_S4_C2 train[4] k=3  dim=576  frames=140  σ=0.5  fold=5 ===
  TKSS: k_hat=3  ACC=0.9286  NMI=0.8048  ARI=0.7868  0.1s

=== P1E_S4_C2 train[5] k=3  dim=576  frames=146  σ=0.5  fold=5 ===
  TKSS: k_hat=3  ACC=0.9795  NMI=0.9176  ARI=0.9399  0.0s

=== P1E_S4_C2 train[6] k=3  dim=576  frames=110  σ=0.5  fold=5 ===
  TKSS: k_hat=3  ACC=0.9909  NMI=0.9624  ARI=0.9752  0.0s

=== P1E_S4_C3 train[0] k=3  dim=576  frames=90  σ=0.5  fold=5 ===
  TKSS: k_hat=3  ACC=0.9222  NMI=0.7952  ARI=0.7808  0.0s

=== P1E_S4_C3 train[1] k=3  dim=576  frames=64  σ=0.5  fold=5 ===
  TKSS: k_hat=3  ACC=0.9688  NMI=0.8848  ARI=0.9071  0.0s

=== P1E_S4_C3 train[2] k=3  dim=576  frames=85  σ=0.5  fold=5 ===
  TKSS: k_hat=3  ACC=0.9647  NMI=0.8960  ARI=0.8988  0.0s

=== P1E_S4_C3 train[3] k=3  dim=576  frames=105  σ=0.5  fold=5 ===
  TKSS: k_hat=3  ACC=0.8476  NMI=0.6674  ARI=0.6196  0.0s

=== P1E_S4_C3 train[4] k=3  dim=576  frames=87  σ=0.5  fold=5 ===
  TKSS: k_hat=3  ACC=0.9540  NMI=0.8509  ARI=0.8634  0.0s

=== P1E_S4_C3 train[5] k=3  dim=576  frames=106  σ=0.5  fold=5 ===
  TKSS: k_hat=3  ACC=0.9434  NMI=0.8339  ARI=0.8400  0.0s

=== P1E_S4_C3 train[6] k=3  dim=576  frames=79  σ=0.5  fold=5 ===
  TKSS: k_hat=3  ACC=0.9367  NMI=0.8094  ARI=0.8204  0.0s

=== P1L_S1_C1 train[0] k=3  dim=576  frames=162  σ=0.5  fold=5 ===
  TKSS: k_hat=3  ACC=0.9630  NMI=0.8930  ARI=0.8971  0.0s

=== P1L_S1_C1 train[1] k=3  dim=576  frames=170  σ=0.5  fold=5 ===
  TKSS: k_hat=3  ACC=0.9059  NMI=0.7835  ARI=0.7491  0.0s

=== P1L_S1_C1 train[2] k=3  dim=576  frames=155  σ=0.5  fold=5 ===
  TKSS: k_hat=3  ACC=1.0000  NMI=1.0000  ARI=1.0000  0.1s

=== P1L_S1_C1 train[3] k=3  dim=576  frames=182  σ=0.5  fold=5 ===
  TKSS: k_hat=3  ACC=0.9615  NMI=0.8756  ARI=0.8916  0.0s

=== P1L_S1_C1 train[4] k=3  dim=576  frames=198  σ=0.5  fold=5 ===
  TKSS: k_hat=3  ACC=0.9545  NMI=0.8612  ARI=0.8692  0.1s

=== P1L_S1_C1 train[5] k=3  dim=576  frames=116  σ=0.5  fold=5 ===
  TKSS: k_hat=3  ACC=0.9224  NMI=0.7779  ARI=0.7804  0.0s

=== P1L_S1_C1 train[6] k=3  dim=576  frames=175  σ=0.5  fold=5 ===
  TKSS: k_hat=3  ACC=0.9886  NMI=0.9473  ARI=0.9690  0.1s

=== P1L_S1_C2 train[0] k=3  dim=576  frames=186  σ=0.5  fold=5 ===
  TKSS: k_hat=3  ACC=0.6720  NMI=0.5354  ARI=0.3987  0.1s

=== P1L_S1_C2 train[1] k=3  dim=576  frames=137  σ=0.5  fold=5 ===
  TKSS: k_hat=3  ACC=0.8686  NMI=0.6843  ARI=0.6425  0.1s

=== P1L_S1_C2 train[2] k=3  dim=576  frames=147  σ=0.5  fold=5 ===
  TKSS: k_hat=3  ACC=1.0000  NMI=1.0000  ARI=1.0000  0.0s

=== P1L_S1_C2 train[3] k=3  dim=576  frames=181  σ=0.5  fold=5 ===
  TKSS: k_hat=3  ACC=0.9834  NMI=0.9383  ARI=0.9478  0.1s

=== P1L_S1_C2 train[4] k=3  dim=576  frames=128  σ=0.5  fold=5 ===
  TKSS: k_hat=3  ACC=0.6484  NMI=0.4134  ARI=0.3109  0.1s

=== P1L_S1_C2 train[5] k=3  dim=576  frames=142  σ=0.5  fold=5 ===
  TKSS: k_hat=3  ACC=0.8873  NMI=0.7173  ARI=0.6988  0.0s

=== P1L_S1_C2 train[6] k=3  dim=576  frames=168  σ=0.5  fold=5 ===
  TKSS: k_hat=3  ACC=0.9821  NMI=0.9264  ARI=0.9498  0.1s

=== P1L_S1_C3 train[0] k=3  dim=576  frames=60  σ=0.5  fold=5 ===
  TKSS: k_hat=3  ACC=0.9667  NMI=0.8791  ARI=0.9004  0.0s

=== P1L_S1_C3 train[1] k=3  dim=576  frames=68  σ=0.5  fold=5 ===
  TKSS: k_hat=3  ACC=0.9853  NMI=0.9448  ARI=0.9560  0.0s

=== P1L_S1_C3 train[2] k=3  dim=576  frames=65  σ=0.5  fold=5 ===
  TKSS: k_hat=3  ACC=0.9846  NMI=0.9413  ARI=0.9500  0.0s

=== P1L_S1_C3 train[3] k=3  dim=576  frames=74  σ=0.5  fold=5 ===
  TKSS: k_hat=3  ACC=0.9054  NMI=0.7542  ARI=0.7418  0.0s

=== P1L_S1_C3 train[4] k=3  dim=576  frames=73  σ=0.5  fold=5 ===
  TKSS: k_hat=3  ACC=0.8630  NMI=0.6918  ARI=0.6489  0.0s

=== P1L_S1_C3 train[5] k=3  dim=576  frames=63  σ=0.5  fold=5 ===
  TKSS: k_hat=3  ACC=0.8571  NMI=0.6728  ARI=0.6378  0.0s

=== P1L_S1_C3 train[6] k=3  dim=576  frames=75  σ=0.5  fold=5 ===
  TKSS: k_hat=3  ACC=0.9867  NMI=0.9474  ARI=0.9569  0.0s

=== P1L_S2_C1 train[0] k=3  dim=576  frames=211  σ=0.5  fold=5 ===
  TKSS: k_hat=3  ACC=0.9431  NMI=0.8539  ARI=0.8355  0.1s

=== P1L_S2_C1 train[1] k=3  dim=576  frames=190  σ=0.5  fold=5 ===
  TKSS: k_hat=3  ACC=0.9474  NMI=0.8628  ARI=0.8521  0.0s

=== P1L_S2_C1 train[2] k=3  dim=576  frames=180  σ=0.5  fold=5 ===
  TKSS: k_hat=3  ACC=0.6889  NMI=0.6219  ARI=0.5205  0.1s

=== P1L_S2_C1 train[3] k=3  dim=576  frames=177  σ=0.5  fold=5 ===
  TKSS: k_hat=3  ACC=0.9209  NMI=0.7603  ARI=0.7780  0.1s

=== P1L_S2_C1 train[4] k=3  dim=576  frames=172  σ=0.5  fold=5 ===
  TKSS: k_hat=3  ACC=0.9012  NMI=0.7838  ARI=0.7605  0.1s

=== P1L_S2_C1 train[5] k=3  dim=576  frames=180  σ=0.5  fold=5 ===
  TKSS: k_hat=3  ACC=0.6667  NMI=0.3491  ARI=0.3276  0.3s

=== P1L_S2_C1 train[6] k=3  dim=576  frames=133  σ=0.5  fold=5 ===
  TKSS: k_hat=3  ACC=0.7368  NMI=0.5776  ARI=0.4697  0.0s

=== P1L_S2_C2 train[0] k=3  dim=576  frames=194  σ=0.5  fold=5 ===
  TKSS: k_hat=3  ACC=0.8402  NMI=0.7131  ARI=0.6439  0.1s

=== P1L_S2_C2 train[1] k=3  dim=576  frames=155  σ=0.5  fold=5 ===
  TKSS: k_hat=3  ACC=0.9871  NMI=0.9416  ARI=0.9604  0.0s

=== P1L_S2_C2 train[2] k=3  dim=576  frames=134  σ=0.5  fold=5 ===
  TKSS: k_hat=3  ACC=1.0000  NMI=1.0000  ARI=1.0000  0.0s

=== P1L_S2_C2 train[3] k=3  dim=576  frames=186  σ=0.5  fold=5 ===
  TKSS: k_hat=3  ACC=0.9409  NMI=0.8527  ARI=0.8374  0.0s

=== P1L_S2_C2 train[4] k=3  dim=576  frames=201  σ=0.5  fold=5 ===
  TKSS: k_hat=3  ACC=0.9403  NMI=0.8262  ARI=0.8283  0.0s

=== P1L_S2_C2 train[5] k=3  dim=576  frames=160  σ=0.5  fold=5 ===
  TKSS: k_hat=3  ACC=0.7063  NMI=0.5511  ARI=0.4386  0.1s

=== P1L_S2_C2 train[6] k=3  dim=576  frames=154  σ=0.5  fold=5 ===
  TKSS: k_hat=3  ACC=0.9805  NMI=0.9269  ARI=0.9347  0.1s

=== P1L_S2_C3 train[0] k=3  dim=576  frames=119  σ=0.5  fold=5 ===
  TKSS: k_hat=3  ACC=0.8571  NMI=0.7363  ARI=0.6118  0.0s

=== P1L_S2_C3 train[1] k=3  dim=576  frames=101  σ=0.5  fold=5 ===
  TKSS: k_hat=3  ACC=0.9208  NMI=0.8174  ARI=0.7742  0.0s

=== P1L_S2_C3 train[2] k=3  dim=576  frames=85  σ=0.5  fold=5 ===
  TKSS: k_hat=3  ACC=0.8588  NMI=0.7143  ARI=0.6896  0.0s

=== P1L_S2_C3 train[3] k=3  dim=576  frames=112  σ=0.5  fold=5 ===
  TKSS: k_hat=3  ACC=0.9018  NMI=0.7646  ARI=0.7591  0.0s

=== P1L_S2_C3 train[4] k=3  dim=576  frames=126  σ=0.5  fold=5 ===
  TKSS: k_hat=3  ACC=0.8651  NMI=0.7610  ARI=0.6671  0.1s

=== P1L_S2_C3 train[5] k=3  dim=576  frames=121  σ=0.5  fold=5 ===
  TKSS: k_hat=3  ACC=0.8430  NMI=0.6561  ARI=0.6681  0.1s

=== P1L_S2_C3 train[6] k=3  dim=576  frames=99  σ=0.5  fold=5 ===
  TKSS: k_hat=3  ACC=0.9798  NMI=0.9303  ARI=0.9424  0.0s

=== P1L_S3_C1 train[0] k=3  dim=576  frames=156  σ=0.5  fold=5 ===
  TKSS: k_hat=3  ACC=0.6410  NMI=0.3688  ARI=0.2402  0.1s

=== P1L_S3_C1 train[1] k=3  dim=576  frames=120  σ=0.5  fold=5 ===
  TKSS: k_hat=3  ACC=0.8667  NMI=0.6911  ARI=0.6682  0.0s

=== P1L_S3_C1 train[2] k=3  dim=576  frames=185  σ=0.5  fold=5 ===
  TKSS: k_hat=3  ACC=0.9838  NMI=0.9402  ARI=0.9511  0.1s

=== P1L_S3_C1 train[3] k=3  dim=576  frames=156  σ=0.5  fold=5 ===
  TKSS: k_hat=3  ACC=0.7628  NMI=0.5561  ARI=0.4926  0.1s

=== P1L_S3_C1 train[4] k=3  dim=576  frames=159  σ=0.5  fold=5 ===
  TKSS: k_hat=3  ACC=0.8050  NMI=0.6261  ARI=0.5552  0.0s

=== P1L_S3_C1 train[5] k=3  dim=576  frames=176  σ=0.5  fold=5 ===
  TKSS: k_hat=3  ACC=0.5000  NMI=0.2930  ARI=0.2233  0.1s

=== P1L_S3_C1 train[6] k=3  dim=576  frames=134  σ=0.5  fold=5 ===
  TKSS: k_hat=3  ACC=0.9030  NMI=0.7874  ARI=0.7158  0.1s

=== P1L_S3_C2 train[0] k=3  dim=576  frames=185  σ=0.5  fold=5 ===
  TKSS: k_hat=3  ACC=0.9568  NMI=0.8556  ARI=0.8691  0.1s

=== P1L_S3_C2 train[1] k=3  dim=576  frames=125  σ=0.5  fold=5 ===
  TKSS: k_hat=3  ACC=0.9520  NMI=0.8699  ARI=0.8600  0.0s

=== P1L_S3_C2 train[2] k=3  dim=576  frames=166  σ=0.5  fold=5 ===
  TKSS: k_hat=3  ACC=1.0000  NMI=1.0000  ARI=1.0000  0.1s

=== P1L_S3_C2 train[3] k=3  dim=576  frames=209  σ=0.5  fold=5 ===
  TKSS: k_hat=3  ACC=0.7608  NMI=0.5521  ARI=0.4500  0.2s

=== P1L_S3_C2 train[4] k=3  dim=576  frames=168  σ=0.5  fold=5 ===
  TKSS: k_hat=3  ACC=0.8690  NMI=0.7691  ARI=0.6965  0.0s

=== P1L_S3_C2 train[5] k=3  dim=576  frames=229  σ=0.5  fold=5 ===
  TKSS: k_hat=3  ACC=0.5546  NMI=0.1586  ARI=0.1166  0.3s

=== P1L_S3_C2 train[6] k=3  dim=576  frames=136  σ=0.5  fold=5 ===
  TKSS: k_hat=3  ACC=0.9853  NMI=0.9350  ARI=0.9551  0.0s

=== P1L_S3_C3 train[0] k=3  dim=576  frames=151  σ=0.5  fold=5 ===
  TKSS: k_hat=3  ACC=0.8146  NMI=0.6595  ARI=0.5101  0.1s

=== P1L_S3_C3 train[1] k=3  dim=576  frames=118  σ=0.5  fold=5 ===
  TKSS: k_hat=3  ACC=0.9322  NMI=0.8147  ARI=0.8058  0.0s

=== P1L_S3_C3 train[2] k=3  dim=576  frames=121  σ=0.5  fold=5 ===
  TKSS: k_hat=3  ACC=0.9917  NMI=0.9640  ARI=0.9736  0.0s

=== P1L_S3_C3 train[3] k=3  dim=576  frames=142  σ=0.5  fold=5 ===
  TKSS: k_hat=3  ACC=0.9930  NMI=0.9680  ARI=0.9769  0.0s

=== P1L_S3_C3 train[4] k=3  dim=576  frames=134  σ=0.5  fold=5 ===
  TKSS: k_hat=3  ACC=0.8134  NMI=0.6179  ARI=0.5263  0.1s

=== P1L_S3_C3 train[5] k=3  dim=576  frames=161  σ=0.5  fold=5 ===
  TKSS: k_hat=3  ACC=0.9876  NMI=0.9503  ARI=0.9602  0.1s

=== P1L_S3_C3 train[6] k=3  dim=576  frames=114  σ=0.5  fold=5 ===
  TKSS: k_hat=3  ACC=0.9825  NMI=0.9372  ARI=0.9534  0.0s

=== P1L_S4_C1 train[0] k=3  dim=576  frames=200  σ=0.5  fold=5 ===
  TKSS: k_hat=3  ACC=0.9300  NMI=0.7926  ARI=0.7996  0.3s

=== P1L_S4_C1 train[1] k=3  dim=576  frames=157  σ=0.5  fold=5 ===
  TKSS: k_hat=3  ACC=0.8662  NMI=0.7539  ARI=0.6518  0.1s

=== P1L_S4_C1 train[2] k=3  dim=576  frames=154  σ=0.5  fold=5 ===
  TKSS: k_hat=3  ACC=0.9935  NMI=0.9700  ARI=0.9814  0.1s

=== P1L_S4_C1 train[3] k=3  dim=576  frames=168  σ=0.5  fold=5 ===
  TKSS: k_hat=3  ACC=0.9107  NMI=0.8113  ARI=0.7703  0.0s

=== P1L_S4_C1 train[4] k=3  dim=576  frames=142  σ=0.5  fold=5 ===
  TKSS: k_hat=3  ACC=1.0000  NMI=1.0000  ARI=1.0000  0.0s

=== P1L_S4_C1 train[5] k=3  dim=576  frames=187  σ=0.5  fold=5 ===
  TKSS: k_hat=3  ACC=0.8396  NMI=0.6563  ARI=0.6070  0.0s

=== P1L_S4_C1 train[6] k=3  dim=576  frames=202  σ=0.5  fold=5 ===
  TKSS: k_hat=3  ACC=0.9901  NMI=0.9593  ARI=0.9706  0.0s

=== P1L_S4_C2 train[0] k=3  dim=576  frames=157  σ=0.5  fold=5 ===
  TKSS: k_hat=3  ACC=0.9554  NMI=0.8679  ARI=0.8553  0.1s

=== P1L_S4_C2 train[1] k=3  dim=576  frames=149  σ=0.5  fold=5 ===
  TKSS: k_hat=3  ACC=0.8926  NMI=0.7262  ARI=0.7072  0.0s

=== P1L_S4_C2 train[2] k=3  dim=576  frames=175  σ=0.5  fold=5 ===
  TKSS: k_hat=3  ACC=1.0000  NMI=1.0000  ARI=1.0000  0.1s

=== P1L_S4_C2 train[3] k=3  dim=576  frames=168  σ=0.5  fold=5 ===
  TKSS: k_hat=3  ACC=0.9286  NMI=0.8328  ARI=0.8047  0.0s

=== P1L_S4_C2 train[4] k=3  dim=576  frames=154  σ=0.5  fold=5 ===
  TKSS: k_hat=3  ACC=0.7338  NMI=0.5564  ARI=0.4489  0.0s

=== P1L_S4_C2 train[5] k=3  dim=576  frames=169  σ=0.5  fold=5 ===
  TKSS: k_hat=3  ACC=0.9112  NMI=0.7595  ARI=0.7633  0.0s

=== P1L_S4_C2 train[6] k=3  dim=576  frames=153  σ=0.5  fold=5 ===
  TKSS: k_hat=3  ACC=0.8497  NMI=0.6912  ARI=0.6459  0.1s

=== P1L_S4_C3 train[0] k=3  dim=576  frames=96  σ=0.5  fold=5 ===
  TKSS: k_hat=3  ACC=0.9688  NMI=0.9008  ARI=0.9008  0.0s

=== P1L_S4_C3 train[1] k=3  dim=576  frames=107  σ=0.5  fold=5 ===
  TKSS: k_hat=3  ACC=0.8879  NMI=0.7909  ARI=0.7406  0.0s

=== P1L_S4_C3 train[2] k=3  dim=576  frames=94  σ=0.5  fold=5 ===
  TKSS: k_hat=3  ACC=1.0000  NMI=1.0000  ARI=1.0000  0.0s

=== P1L_S4_C3 train[3] k=3  dim=576  frames=117  σ=0.5  fold=5 ===
  TKSS: k_hat=3  ACC=0.8718  NMI=0.7260  ARI=0.6806  0.0s

=== P1L_S4_C3 train[4] k=3  dim=576  frames=112  σ=0.5  fold=5 ===
  TKSS: k_hat=3  ACC=0.8661  NMI=0.7340  ARI=0.6683  0.0s

=== P1L_S4_C3 train[5] k=3  dim=576  frames=105  σ=0.5  fold=5 ===
  TKSS: k_hat=3  ACC=0.9810  NMI=0.9327  ARI=0.9427  0.0s

=== P1L_S4_C3 train[6] k=3  dim=576  frames=107  σ=0.5  fold=5 ===
  TKSS: k_hat=3  ACC=0.9813  NMI=0.9338  ARI=0.9463  0.0s

=== P1E_S1_C1 test[0] k=3  dim=576  frames=151  σ=0.5  fold=5 ===
  TKSS: k_hat=3  ACC=0.5894  NMI=0.6108  ARI=0.4389  0.2s

=== P1E_S1_C2 test[0] k=3  dim=576  frames=122  σ=0.5  fold=5 ===
  TKSS: k_hat=3  ACC=0.9180  NMI=0.8212  ARI=0.7862  0.0s

=== P1E_S1_C3 test[0] k=3  dim=576  frames=55  σ=0.5  fold=5 ===
  TKSS: k_hat=3  ACC=0.8909  NMI=0.7251  ARI=0.7045  0.0s

=== P1E_S2_C1 test[0] k=3  dim=576  frames=124  σ=0.5  fold=5 ===
  TKSS: k_hat=3  ACC=0.9032  NMI=0.7750  ARI=0.7396  0.0s

=== P1E_S2_C2 test[0] k=3  dim=576  frames=109  σ=0.5  fold=5 ===
  TKSS: k_hat=3  ACC=0.9725  NMI=0.8974  ARI=0.9272  0.0s

=== P1E_S2_C3 test[0] k=3  dim=576  frames=87  σ=0.5  fold=5 ===
  TKSS: k_hat=3  ACC=0.9425  NMI=0.8221  ARI=0.8449  0.0s

=== P1E_S3_C1 test[0] k=3  dim=576  frames=123  σ=0.5  fold=5 ===
  TKSS: k_hat=3  ACC=0.9106  NMI=0.8144  ARI=0.7791  0.1s

=== P1E_S3_C2 test[0] k=3  dim=576  frames=107  σ=0.5  fold=5 ===
  TKSS: k_hat=3  ACC=0.8224  NMI=0.7335  ARI=0.6139  0.1s

=== P1E_S3_C3 test[0] k=3  dim=576  frames=83  σ=0.5  fold=5 ===
  TKSS: k_hat=3  ACC=0.9759  NMI=0.9214  ARI=0.9336  0.0s

=== P1E_S4_C1 test[0] k=3  dim=576  frames=133  σ=0.5  fold=5 ===
  TKSS: k_hat=3  ACC=0.9023  NMI=0.7634  ARI=0.7432  0.0s

=== P1E_S4_C2 test[0] k=3  dim=576  frames=129  σ=0.5  fold=5 ===
  TKSS: k_hat=3  ACC=1.0000  NMI=1.0000  ARI=1.0000  0.1s

=== P1E_S4_C3 test[0] k=3  dim=576  frames=76  σ=0.5  fold=5 ===
  TKSS: k_hat=3  ACC=0.9737  NMI=0.8991  ARI=0.9236  0.0s

=== P1L_S1_C1 test[0] k=3  dim=576  frames=166  σ=0.5  fold=5 ===
  TKSS: k_hat=3  ACC=1.0000  NMI=1.0000  ARI=1.0000  0.0s

=== P1L_S1_C2 test[0] k=3  dim=576  frames=154  σ=0.5  fold=5 ===
  TKSS: k_hat=3  ACC=0.9545  NMI=0.8783  ARI=0.8811  0.1s

=== P1L_S1_C3 test[0] k=3  dim=576  frames=64  σ=0.5  fold=5 ===
  TKSS: k_hat=3  ACC=0.9688  NMI=0.9051  ARI=0.9119  0.0s

=== P1L_S2_C1 test[0] k=3  dim=576  frames=179  σ=0.5  fold=5 ===
  TKSS: k_hat=3  ACC=0.9888  NMI=0.9558  ARI=0.9703  0.1s

=== P1L_S2_C2 test[0] k=3  dim=576  frames=171  σ=0.5  fold=5 ===
  TKSS: k_hat=3  ACC=0.9474  NMI=0.8616  ARI=0.8479  0.0s

=== P1L_S2_C3 test[0] k=3  dim=576  frames=102  σ=0.5  fold=5 ===
  TKSS: k_hat=3  ACC=0.9706  NMI=0.9082  ARI=0.9141  0.0s

=== P1L_S3_C1 test[0] k=3  dim=576  frames=172  σ=0.5  fold=5 ===
  TKSS: k_hat=3  ACC=0.9244  NMI=0.8107  ARI=0.7961  0.1s

=== P1L_S3_C2 test[0] k=3  dim=576  frames=187  σ=0.5  fold=5 ===
  TKSS: k_hat=3  ACC=0.9412  NMI=0.8569  ARI=0.8525  0.1s

=== P1L_S3_C3 test[0] k=3  dim=576  frames=110  σ=0.5  fold=5 ===
  TKSS: k_hat=3  ACC=0.8636  NMI=0.7289  ARI=0.6579  0.1s

=== P1L_S4_C1 test[0] k=3  dim=576  frames=164  σ=0.5  fold=5 ===
  TKSS: k_hat=3  ACC=0.9512  NMI=0.8684  ARI=0.8583  0.1s

=== P1L_S4_C2 test[0] k=3  dim=576  frames=152  σ=0.5  fold=5 ===
  TKSS: k_hat=3  ACC=0.9868  NMI=0.9409  ARI=0.9602  0.0s

=== P1L_S4_C3 test[0] k=3  dim=576  frames=103  σ=0.5  fold=5 ===
  TKSS: k_hat=3  ACC=0.9612  NMI=0.8646  ARI=0.8869  0.0s
  tune_pool_groups=20: sampling from 22 held-in people (overlap allowed) instead of the 7 fixed partition group(s)

============================================================
σ=0.5 fold=6  test=['0007', '0010', '0020']  train mats=168  test mats=24  tune mats=480
  --- tune TKSS over 480 train mats  n_trials=30 (3 params) ---
  TKSS trial 0: mean ARI=0.7538  n=480  8.1s  d=5, lam=1, s=2
  TKSS trial 1: mean ARI=0.7455  n=480  10.6s  d=9, lam=1.398, s=4
  TKSS trial 2: mean ARI=0.7483  n=480  7.0s  d=9, lam=0.1866, s=4
  TKSS trial 3: mean ARI=0.7374  n=480  17.3s  d=7, lam=4.735, s=6
  TKSS trial 4: mean ARI=0.7494  n=480  12.1s  d=6, lam=2.372, s=4
  TKSS trial 5: mean ARI=0.7499  n=480  6.0s  d=9, lam=5.981, s=1
  TKSS trial 6: mean ARI=0.7526  n=480  8.5s  d=2, lam=0.0115, s=5
  TKSS trial 7: mean ARI=0.7341  n=480  17.0s  d=12, lam=4.074, s=6
  TKSS trial 8: mean ARI=0.7436  n=480  8.9s  d=12, lam=0.2423, s=5
  TKSS trial 9: mean ARI=0.7599  n=480  11.2s  d=2, lam=0.8313, s=1
  TKSS trial 10: mean ARI=0.7492  n=480  5.6s  d=15, lam=0.01463, s=2
  TKSS trial 11: mean ARI=0.7892  n=480  23.7s  d=1, lam=0.5626, s=2
  TKSS trial 12: mean ARI=0.7695  n=480  18.4s  d=1, lam=0.3474, s=1
  TKSS trial 13: mean ARI=0.7765  n=480  19.7s  d=1, lam=0.2009, s=2
  TKSS trial 14: mean ARI=0.7510  n=480  6.3s  d=4, lam=0.06854, s=2
  TKSS trial 15: mean ARI=0.7525  n=480  7.1s  d=3, lam=0.05946, s=3
  TKSS trial 16: mean ARI=0.7741  n=480  17.9s  d=1, lam=0.08226, s=3
  TKSS trial 17: mean ARI=0.7548  n=480  10.6s  d=4, lam=0.5728, s=3
  TKSS trial 18: mean ARI=0.7702  n=480  17.9s  d=1, lam=0.1227, s=2
  TKSS trial 19: mean ARI=0.7515  n=480  6.9s  d=3, lam=0.03036, s=3
  TKSS trial 20: mean ARI=0.7515  n=480  7.1s  d=6, lam=0.4994, s=2
  TKSS trial 21: mean ARI=0.7779  n=480  19.0s  d=1, lam=0.1126, s=3
  TKSS trial 22: mean ARI=0.7555  n=480  8.8s  d=3, lam=0.1727, s=3
  TKSS trial 23: mean ARI=0.7592  n=480  16.0s  d=1, lam=0.03439, s=2
  TKSS trial 24: mean ARI=0.7578  n=480  10.4s  d=2, lam=0.428, s=1
  TKSS trial 25: mean ARI=0.7530  n=480  6.9s  d=4, lam=0.1172, s=3
  TKSS trial 26: mean ARI=0.7616  n=480  11.0s  d=2, lam=0.2499, s=2
  TKSS trial 27: mean ARI=0.7683  n=480  16.9s  d=1, lam=0.03927, s=4
  TKSS trial 28: mean ARI=0.7551  n=480  8.4s  d=3, lam=2.266, s=1
  TKSS trial 29: mean ARI=0.7554  n=480  9.0s  d=4, lam=1.111, s=2
    best mean ARI=0.7892  tune 354.3s  d=1, lam=0.5626, s=2
  wrote /nfs/turbo/umms-minjilab/lpullela/icassp_ssc_tv2/block_ssc_benchmark/cv/params/surveillance/split_k3_sigmas_min30_trials20_params_knownk_cv_tkss_k3_sigma0p5_sigma0.5_fold6.json

=== P1E_S1_C1 train[0] k=3  dim=576  frames=146  σ=0.5  fold=6 ===
  TKSS: k_hat=3  ACC=0.8562  NMI=0.7171  ARI=0.6584  0.0s

=== P1E_S1_C1 train[1] k=3  dim=576  frames=153  σ=0.5  fold=6 ===
  TKSS: k_hat=3  ACC=0.9935  NMI=0.9706  ARI=0.9801  0.0s

=== P1E_S1_C1 train[2] k=3  dim=576  frames=130  σ=0.5  fold=6 ===
  TKSS: k_hat=3  ACC=0.9923  NMI=0.9661  ARI=0.9758  0.0s

=== P1E_S1_C1 train[3] k=3  dim=576  frames=140  σ=0.5  fold=6 ===
  TKSS: k_hat=3  ACC=0.8929  NMI=0.7916  ARI=0.7352  0.0s

=== P1E_S1_C1 train[4] k=3  dim=576  frames=157  σ=0.5  fold=6 ===
  TKSS: k_hat=3  ACC=0.9299  NMI=0.8206  ARI=0.8213  0.1s

=== P1E_S1_C1 train[5] k=3  dim=576  frames=151  σ=0.5  fold=6 ===
  TKSS: k_hat=3  ACC=0.5894  NMI=0.6108  ARI=0.4389  0.2s

=== P1E_S1_C1 train[6] k=3  dim=576  frames=171  σ=0.5  fold=6 ===
  TKSS: k_hat=3  ACC=0.9649  NMI=0.8641  ARI=0.8977  0.1s

=== P1E_S1_C2 train[0] k=3  dim=576  frames=147  σ=0.5  fold=6 ===
  TKSS: k_hat=3  ACC=0.8980  NMI=0.7598  ARI=0.7321  0.0s

=== P1E_S1_C2 train[1] k=3  dim=576  frames=115  σ=0.5  fold=6 ===
  TKSS: k_hat=3  ACC=0.9652  NMI=0.8929  ARI=0.8903  0.1s

=== P1E_S1_C2 train[2] k=3  dim=576  frames=104  σ=0.5  fold=6 ===
  TKSS: k_hat=3  ACC=1.0000  NMI=1.0000  ARI=1.0000  0.0s

=== P1E_S1_C2 train[3] k=3  dim=576  frames=138  σ=0.5  fold=6 ===
  TKSS: k_hat=3  ACC=0.8986  NMI=0.7540  ARI=0.7431  0.0s

=== P1E_S1_C2 train[4] k=3  dim=576  frames=113  σ=0.5  fold=6 ===
  TKSS: k_hat=3  ACC=0.9115  NMI=0.7589  ARI=0.7566  0.0s

=== P1E_S1_C2 train[5] k=3  dim=576  frames=122  σ=0.5  fold=6 ===
  TKSS: k_hat=3  ACC=0.9180  NMI=0.8212  ARI=0.7862  0.0s

=== P1E_S1_C2 train[6] k=3  dim=576  frames=134  σ=0.5  fold=6 ===
  TKSS: k_hat=3  ACC=0.9701  NMI=0.9076  ARI=0.9146  0.0s

=== P1E_S1_C3 train[0] k=3  dim=576  frames=58  σ=0.5  fold=6 ===
  TKSS: k_hat=3  ACC=0.8793  NMI=0.7059  ARI=0.6565  0.0s

=== P1E_S1_C3 train[1] k=3  dim=576  frames=56  σ=0.5  fold=6 ===
  TKSS: k_hat=3  ACC=0.8214  NMI=0.6766  ARI=0.5739  0.0s

=== P1E_S1_C3 train[2] k=3  dim=576  frames=47  σ=0.5  fold=6 ===
  TKSS: k_hat=3  ACC=0.9362  NMI=0.8096  ARI=0.8194  0.0s

=== P1E_S1_C3 train[3] k=3  dim=576  frames=61  σ=0.5  fold=6 ===
  TKSS: k_hat=3  ACC=0.7869  NMI=0.6115  ARI=0.5197  0.0s

=== P1E_S1_C3 train[4] k=3  dim=576  frames=37  σ=0.5  fold=6 ===
  TKSS: k_hat=3  ACC=0.7838  NMI=0.5996  ARI=0.4944  0.0s

=== P1E_S1_C3 train[5] k=3  dim=576  frames=55  σ=0.5  fold=6 ===
  TKSS: k_hat=3  ACC=0.8909  NMI=0.7251  ARI=0.7045  0.0s

=== P1E_S1_C3 train[6] k=3  dim=576  frames=69  σ=0.5  fold=6 ===
  TKSS: k_hat=3  ACC=0.9565  NMI=0.8542  ARI=0.8697  0.0s

=== P1E_S2_C1 train[0] k=3  dim=576  frames=167  σ=0.5  fold=6 ===
  TKSS: k_hat=3  ACC=0.9880  NMI=0.9525  ARI=0.9635  0.0s

=== P1E_S2_C1 train[1] k=3  dim=576  frames=151  σ=0.5  fold=6 ===
  TKSS: k_hat=3  ACC=0.9404  NMI=0.8329  ARI=0.8320  0.0s

=== P1E_S2_C1 train[2] k=3  dim=576  frames=136  σ=0.5  fold=6 ===
  TKSS: k_hat=3  ACC=0.9779  NMI=0.9129  ARI=0.9357  0.0s

=== P1E_S2_C1 train[3] k=3  dim=576  frames=180  σ=0.5  fold=6 ===
  TKSS: k_hat=3  ACC=0.8833  NMI=0.7643  ARI=0.7181  0.2s

=== P1E_S2_C1 train[4] k=3  dim=576  frames=149  σ=0.5  fold=6 ===
  TKSS: k_hat=3  ACC=0.8725  NMI=0.7030  ARI=0.6887  0.1s

=== P1E_S2_C1 train[5] k=3  dim=576  frames=124  σ=0.5  fold=6 ===
  TKSS: k_hat=3  ACC=0.9032  NMI=0.7750  ARI=0.7396  0.0s

=== P1E_S2_C1 train[6] k=3  dim=576  frames=153  σ=0.5  fold=6 ===
  TKSS: k_hat=3  ACC=0.9608  NMI=0.8642  ARI=0.8826  0.1s

=== P1E_S2_C2 train[0] k=3  dim=576  frames=146  σ=0.5  fold=6 ===
  TKSS: k_hat=3  ACC=0.9658  NMI=0.8753  ARI=0.8997  0.1s

=== P1E_S2_C2 train[1] k=3  dim=576  frames=115  σ=0.5  fold=6 ===
  TKSS: k_hat=3  ACC=0.9913  NMI=0.9630  ARI=0.9739  0.0s

=== P1E_S2_C2 train[2] k=3  dim=576  frames=109  σ=0.5  fold=6 ===
  TKSS: k_hat=3  ACC=0.9725  NMI=0.8956  ARI=0.9158  0.0s

=== P1E_S2_C2 train[3] k=3  dim=576  frames=144  σ=0.5  fold=6 ===
  TKSS: k_hat=3  ACC=0.9444  NMI=0.8399  ARI=0.8440  0.0s

=== P1E_S2_C2 train[4] k=3  dim=576  frames=124  σ=0.5  fold=6 ===
  TKSS: k_hat=3  ACC=0.9758  NMI=0.9039  ARI=0.9239  0.1s

=== P1E_S2_C2 train[5] k=3  dim=576  frames=109  σ=0.5  fold=6 ===
  TKSS: k_hat=3  ACC=0.9725  NMI=0.8974  ARI=0.9272  0.0s

=== P1E_S2_C2 train[6] k=3  dim=576  frames=126  σ=0.5  fold=6 ===
  TKSS: k_hat=3  ACC=0.9762  NMI=0.9207  ARI=0.9308  0.1s

=== P1E_S2_C3 train[0] k=3  dim=576  frames=113  σ=0.5  fold=6 ===
  TKSS: k_hat=3  ACC=0.9204  NMI=0.8269  ARI=0.8016  0.0s

=== P1E_S2_C3 train[1] k=3  dim=576  frames=88  σ=0.5  fold=6 ===
  TKSS: k_hat=3  ACC=0.9205  NMI=0.7919  ARI=0.7751  0.0s

=== P1E_S2_C3 train[2] k=3  dim=576  frames=90  σ=0.5  fold=6 ===
  TKSS: k_hat=3  ACC=0.9778  NMI=0.9238  ARI=0.9309  0.0s

=== P1E_S2_C3 train[3] k=3  dim=576  frames=112  σ=0.5  fold=6 ===
  TKSS: k_hat=3  ACC=0.9643  NMI=0.8950  ARI=0.8981  0.0s

=== P1E_S2_C3 train[4] k=3  dim=576  frames=99  σ=0.5  fold=6 ===
  TKSS: k_hat=3  ACC=0.9697  NMI=0.9058  ARI=0.9101  0.0s

=== P1E_S2_C3 train[5] k=3  dim=576  frames=87  σ=0.5  fold=6 ===
  TKSS: k_hat=3  ACC=0.9425  NMI=0.8221  ARI=0.8449  0.0s

=== P1E_S2_C3 train[6] k=3  dim=576  frames=89  σ=0.5  fold=6 ===
  TKSS: k_hat=3  ACC=0.9551  NMI=0.8562  ARI=0.8786  0.0s

=== P1E_S3_C1 train[0] k=3  dim=576  frames=166  σ=0.5  fold=6 ===
  TKSS: k_hat=3  ACC=0.8735  NMI=0.7520  ARI=0.6959  0.1s

=== P1E_S3_C1 train[1] k=3  dim=576  frames=139  σ=0.5  fold=6 ===
  TKSS: k_hat=3  ACC=0.9281  NMI=0.8340  ARI=0.8075  0.0s

=== P1E_S3_C1 train[2] k=3  dim=576  frames=134  σ=0.5  fold=6 ===
  TKSS: k_hat=3  ACC=0.9328  NMI=0.8065  ARI=0.8055  0.0s

=== P1E_S3_C1 train[3] k=3  dim=576  frames=161  σ=0.5  fold=6 ===
  TKSS: k_hat=3  ACC=0.9814  NMI=0.9234  ARI=0.9445  0.0s

=== P1E_S3_C1 train[4] k=3  dim=576  frames=168  σ=0.5  fold=6 ===
  TKSS: k_hat=3  ACC=0.8393  NMI=0.6371  ARI=0.5622  0.1s

=== P1E_S3_C1 train[5] k=3  dim=576  frames=123  σ=0.5  fold=6 ===
  TKSS: k_hat=3  ACC=0.9106  NMI=0.8144  ARI=0.7791  0.1s

=== P1E_S3_C1 train[6] k=3  dim=576  frames=112  σ=0.5  fold=6 ===
  TKSS: k_hat=3  ACC=0.9643  NMI=0.8735  ARI=0.8988  0.0s

=== P1E_S3_C2 train[0] k=3  dim=576  frames=147  σ=0.5  fold=6 ===
  TKSS: k_hat=3  ACC=0.8912  NMI=0.7884  ARI=0.7280  0.0s

=== P1E_S3_C2 train[1] k=3  dim=576  frames=120  σ=0.5  fold=6 ===
  TKSS: k_hat=3  ACC=0.8833  NMI=0.7061  ARI=0.6689  0.0s

=== P1E_S3_C2 train[2] k=3  dim=576  frames=112  σ=0.5  fold=6 ===
  TKSS: k_hat=3  ACC=0.9554  NMI=0.8456  ARI=0.8631  0.1s

=== P1E_S3_C2 train[3] k=3  dim=576  frames=168  σ=0.5  fold=6 ===
  TKSS: k_hat=3  ACC=0.8810  NMI=0.7331  ARI=0.6940  0.0s

=== P1E_S3_C2 train[4] k=3  dim=576  frames=169  σ=0.5  fold=6 ===
  TKSS: k_hat=3  ACC=0.8639  NMI=0.7419  ARI=0.6721  0.1s

=== P1E_S3_C2 train[5] k=3  dim=576  frames=107  σ=0.5  fold=6 ===
  TKSS: k_hat=3  ACC=0.8224  NMI=0.7335  ARI=0.6139  0.1s

=== P1E_S3_C2 train[6] k=3  dim=576  frames=114  σ=0.5  fold=6 ===
  TKSS: k_hat=3  ACC=0.8246  NMI=0.6779  ARI=0.5806  0.0s

=== P1E_S3_C3 train[0] k=3  dim=576  frames=105  σ=0.5  fold=6 ===
  TKSS: k_hat=3  ACC=1.0000  NMI=1.0000  ARI=1.0000  0.0s

=== P1E_S3_C3 train[1] k=3  dim=576  frames=89  σ=0.5  fold=6 ===
  TKSS: k_hat=3  ACC=0.9775  NMI=0.9216  ARI=0.9297  0.0s

=== P1E_S3_C3 train[2] k=3  dim=576  frames=84  σ=0.5  fold=6 ===
  TKSS: k_hat=3  ACC=0.9881  NMI=0.9525  ARI=0.9657  0.0s

=== P1E_S3_C3 train[3] k=3  dim=576  frames=125  σ=0.5  fold=6 ===
  TKSS: k_hat=3  ACC=0.9120  NMI=0.7651  ARI=0.7552  0.0s

=== P1E_S3_C3 train[4] k=3  dim=576  frames=128  σ=0.5  fold=6 ===
  TKSS: k_hat=3  ACC=0.8984  NMI=0.7967  ARI=0.7427  0.0s

=== P1E_S3_C3 train[5] k=3  dim=576  frames=83  σ=0.5  fold=6 ===
  TKSS: k_hat=3  ACC=0.9759  NMI=0.9214  ARI=0.9336  0.0s

=== P1E_S3_C3 train[6] k=3  dim=576  frames=84  σ=0.5  fold=6 ===
  TKSS: k_hat=3  ACC=0.9048  NMI=0.7729  ARI=0.7546  0.0s

=== P1E_S4_C1 train[0] k=3  dim=576  frames=158  σ=0.5  fold=6 ===
  TKSS: k_hat=3  ACC=0.8924  NMI=0.7499  ARI=0.7142  0.1s

=== P1E_S4_C1 train[1] k=3  dim=576  frames=107  σ=0.5  fold=6 ===
  TKSS: k_hat=3  ACC=0.9907  NMI=0.9613  ARI=0.9728  0.0s

=== P1E_S4_C1 train[2] k=3  dim=576  frames=155  σ=0.5  fold=6 ===
  TKSS: k_hat=3  ACC=0.9806  NMI=0.9205  ARI=0.9410  0.0s

=== P1E_S4_C1 train[3] k=3  dim=576  frames=182  σ=0.5  fold=6 ===
  TKSS: k_hat=3  ACC=0.9560  NMI=0.8782  ARI=0.8739  0.1s

=== P1E_S4_C1 train[4] k=3  dim=576  frames=180  σ=0.5  fold=6 ===
  TKSS: k_hat=3  ACC=0.8944  NMI=0.7710  ARI=0.7238  0.1s

=== P1E_S4_C1 train[5] k=3  dim=576  frames=133  σ=0.5  fold=6 ===
  TKSS: k_hat=3  ACC=0.9023  NMI=0.7634  ARI=0.7432  0.0s

=== P1E_S4_C1 train[6] k=3  dim=576  frames=145  σ=0.5  fold=6 ===
  TKSS: k_hat=3  ACC=0.9310  NMI=0.8107  ARI=0.8219  0.1s

=== P1E_S4_C2 train[0] k=3  dim=576  frames=117  σ=0.5  fold=6 ===
  TKSS: k_hat=3  ACC=0.9829  NMI=0.9273  ARI=0.9482  0.0s

=== P1E_S4_C2 train[1] k=3  dim=576  frames=125  σ=0.5  fold=6 ===
  TKSS: k_hat=3  ACC=0.9600  NMI=0.8859  ARI=0.8848  0.0s

=== P1E_S4_C2 train[2] k=3  dim=576  frames=122  σ=0.5  fold=6 ===
  TKSS: k_hat=3  ACC=0.9836  NMI=0.9393  ARI=0.9500  0.0s

=== P1E_S4_C2 train[3] k=3  dim=576  frames=126  σ=0.5  fold=6 ===
  TKSS: k_hat=3  ACC=0.8889  NMI=0.7487  ARI=0.7209  0.0s

=== P1E_S4_C2 train[4] k=3  dim=576  frames=140  σ=0.5  fold=6 ===
  TKSS: k_hat=3  ACC=0.9286  NMI=0.8048  ARI=0.7868  0.1s

=== P1E_S4_C2 train[5] k=3  dim=576  frames=129  σ=0.5  fold=6 ===
  TKSS: k_hat=3  ACC=1.0000  NMI=1.0000  ARI=1.0000  0.1s

=== P1E_S4_C2 train[6] k=3  dim=576  frames=110  σ=0.5  fold=6 ===
  TKSS: k_hat=3  ACC=0.9909  NMI=0.9624  ARI=0.9752  0.0s

=== P1E_S4_C3 train[0] k=3  dim=576  frames=90  σ=0.5  fold=6 ===
  TKSS: k_hat=3  ACC=0.9222  NMI=0.7952  ARI=0.7808  0.0s

=== P1E_S4_C3 train[1] k=3  dim=576  frames=64  σ=0.5  fold=6 ===
  TKSS: k_hat=3  ACC=0.9688  NMI=0.8848  ARI=0.9071  0.0s

=== P1E_S4_C3 train[2] k=3  dim=576  frames=85  σ=0.5  fold=6 ===
  TKSS: k_hat=3  ACC=0.9647  NMI=0.8960  ARI=0.8988  0.0s

=== P1E_S4_C3 train[3] k=3  dim=576  frames=105  σ=0.5  fold=6 ===
  TKSS: k_hat=3  ACC=0.8476  NMI=0.6674  ARI=0.6196  0.0s

=== P1E_S4_C3 train[4] k=3  dim=576  frames=87  σ=0.5  fold=6 ===
  TKSS: k_hat=3  ACC=0.9540  NMI=0.8509  ARI=0.8634  0.0s

=== P1E_S4_C3 train[5] k=3  dim=576  frames=76  σ=0.5  fold=6 ===
  TKSS: k_hat=3  ACC=0.9737  NMI=0.8991  ARI=0.9236  0.0s

=== P1E_S4_C3 train[6] k=3  dim=576  frames=79  σ=0.5  fold=6 ===
  TKSS: k_hat=3  ACC=0.9367  NMI=0.8094  ARI=0.8204  0.0s

=== P1L_S1_C1 train[0] k=3  dim=576  frames=162  σ=0.5  fold=6 ===
  TKSS: k_hat=3  ACC=0.9630  NMI=0.8930  ARI=0.8971  0.0s

=== P1L_S1_C1 train[1] k=3  dim=576  frames=170  σ=0.5  fold=6 ===
  TKSS: k_hat=3  ACC=0.9059  NMI=0.7835  ARI=0.7491  0.0s

=== P1L_S1_C1 train[2] k=3  dim=576  frames=155  σ=0.5  fold=6 ===
  TKSS: k_hat=3  ACC=1.0000  NMI=1.0000  ARI=1.0000  0.1s

=== P1L_S1_C1 train[3] k=3  dim=576  frames=182  σ=0.5  fold=6 ===
  TKSS: k_hat=3  ACC=0.9615  NMI=0.8756  ARI=0.8916  0.0s

=== P1L_S1_C1 train[4] k=3  dim=576  frames=198  σ=0.5  fold=6 ===
  TKSS: k_hat=3  ACC=0.9545  NMI=0.8612  ARI=0.8692  0.1s

=== P1L_S1_C1 train[5] k=3  dim=576  frames=166  σ=0.5  fold=6 ===
  TKSS: k_hat=3  ACC=1.0000  NMI=1.0000  ARI=1.0000  0.0s

=== P1L_S1_C1 train[6] k=3  dim=576  frames=175  σ=0.5  fold=6 ===
  TKSS: k_hat=3  ACC=0.9886  NMI=0.9473  ARI=0.9690  0.1s

=== P1L_S1_C2 train[0] k=3  dim=576  frames=186  σ=0.5  fold=6 ===
  TKSS: k_hat=3  ACC=0.6720  NMI=0.5354  ARI=0.3987  0.1s

=== P1L_S1_C2 train[1] k=3  dim=576  frames=137  σ=0.5  fold=6 ===
  TKSS: k_hat=3  ACC=0.8686  NMI=0.6843  ARI=0.6425  0.1s

=== P1L_S1_C2 train[2] k=3  dim=576  frames=147  σ=0.5  fold=6 ===
  TKSS: k_hat=3  ACC=1.0000  NMI=1.0000  ARI=1.0000  0.0s

=== P1L_S1_C2 train[3] k=3  dim=576  frames=181  σ=0.5  fold=6 ===
  TKSS: k_hat=3  ACC=0.9834  NMI=0.9383  ARI=0.9478  0.1s

=== P1L_S1_C2 train[4] k=3  dim=576  frames=128  σ=0.5  fold=6 ===
  TKSS: k_hat=3  ACC=0.6484  NMI=0.4134  ARI=0.3109  0.1s

=== P1L_S1_C2 train[5] k=3  dim=576  frames=154  σ=0.5  fold=6 ===
  TKSS: k_hat=3  ACC=0.9545  NMI=0.8783  ARI=0.8811  0.1s

=== P1L_S1_C2 train[6] k=3  dim=576  frames=168  σ=0.5  fold=6 ===
  TKSS: k_hat=3  ACC=0.9821  NMI=0.9264  ARI=0.9498  0.1s

=== P1L_S1_C3 train[0] k=3  dim=576  frames=60  σ=0.5  fold=6 ===
  TKSS: k_hat=3  ACC=0.9667  NMI=0.8791  ARI=0.9004  0.0s

=== P1L_S1_C3 train[1] k=3  dim=576  frames=68  σ=0.5  fold=6 ===
  TKSS: k_hat=3  ACC=0.9853  NMI=0.9448  ARI=0.9560  0.0s

=== P1L_S1_C3 train[2] k=3  dim=576  frames=65  σ=0.5  fold=6 ===
  TKSS: k_hat=3  ACC=0.9846  NMI=0.9413  ARI=0.9500  0.0s

=== P1L_S1_C3 train[3] k=3  dim=576  frames=74  σ=0.5  fold=6 ===
  TKSS: k_hat=3  ACC=0.9054  NMI=0.7542  ARI=0.7418  0.0s

=== P1L_S1_C3 train[4] k=3  dim=576  frames=73  σ=0.5  fold=6 ===
  TKSS: k_hat=3  ACC=0.8630  NMI=0.6918  ARI=0.6489  0.0s

=== P1L_S1_C3 train[5] k=3  dim=576  frames=64  σ=0.5  fold=6 ===
  TKSS: k_hat=3  ACC=0.9688  NMI=0.9051  ARI=0.9119  0.0s

=== P1L_S1_C3 train[6] k=3  dim=576  frames=75  σ=0.5  fold=6 ===
  TKSS: k_hat=3  ACC=0.9867  NMI=0.9474  ARI=0.9569  0.0s

=== P1L_S2_C1 train[0] k=3  dim=576  frames=211  σ=0.5  fold=6 ===
  TKSS: k_hat=3  ACC=0.9431  NMI=0.8539  ARI=0.8355  0.1s

=== P1L_S2_C1 train[1] k=3  dim=576  frames=190  σ=0.5  fold=6 ===
  TKSS: k_hat=3  ACC=0.9474  NMI=0.8628  ARI=0.8521  0.0s

=== P1L_S2_C1 train[2] k=3  dim=576  frames=180  σ=0.5  fold=6 ===
  TKSS: k_hat=3  ACC=0.6889  NMI=0.6219  ARI=0.5205  0.1s

=== P1L_S2_C1 train[3] k=3  dim=576  frames=177  σ=0.5  fold=6 ===
  TKSS: k_hat=3  ACC=0.9209  NMI=0.7603  ARI=0.7780  0.1s

=== P1L_S2_C1 train[4] k=3  dim=576  frames=172  σ=0.5  fold=6 ===
  TKSS: k_hat=3  ACC=0.9012  NMI=0.7838  ARI=0.7605  0.1s

=== P1L_S2_C1 train[5] k=3  dim=576  frames=179  σ=0.5  fold=6 ===
  TKSS: k_hat=3  ACC=0.9888  NMI=0.9558  ARI=0.9703  0.1s

=== P1L_S2_C1 train[6] k=3  dim=576  frames=133  σ=0.5  fold=6 ===
  TKSS: k_hat=3  ACC=0.7368  NMI=0.5776  ARI=0.4697  0.0s

=== P1L_S2_C2 train[0] k=3  dim=576  frames=194  σ=0.5  fold=6 ===
  TKSS: k_hat=3  ACC=0.8402  NMI=0.7131  ARI=0.6439  0.1s

=== P1L_S2_C2 train[1] k=3  dim=576  frames=155  σ=0.5  fold=6 ===
  TKSS: k_hat=3  ACC=0.9871  NMI=0.9416  ARI=0.9604  0.0s

=== P1L_S2_C2 train[2] k=3  dim=576  frames=134  σ=0.5  fold=6 ===
  TKSS: k_hat=3  ACC=1.0000  NMI=1.0000  ARI=1.0000  0.0s

=== P1L_S2_C2 train[3] k=3  dim=576  frames=186  σ=0.5  fold=6 ===
  TKSS: k_hat=3  ACC=0.9409  NMI=0.8527  ARI=0.8374  0.0s

=== P1L_S2_C2 train[4] k=3  dim=576  frames=201  σ=0.5  fold=6 ===
  TKSS: k_hat=3  ACC=0.9403  NMI=0.8262  ARI=0.8283  0.0s

=== P1L_S2_C2 train[5] k=3  dim=576  frames=171  σ=0.5  fold=6 ===
  TKSS: k_hat=3  ACC=0.9474  NMI=0.8616  ARI=0.8479  0.0s

=== P1L_S2_C2 train[6] k=3  dim=576  frames=154  σ=0.5  fold=6 ===
  TKSS: k_hat=3  ACC=0.9805  NMI=0.9269  ARI=0.9347  0.1s

=== P1L_S2_C3 train[0] k=3  dim=576  frames=119  σ=0.5  fold=6 ===
  TKSS: k_hat=3  ACC=0.8571  NMI=0.7363  ARI=0.6118  0.0s

=== P1L_S2_C3 train[1] k=3  dim=576  frames=101  σ=0.5  fold=6 ===
  TKSS: k_hat=3  ACC=0.9208  NMI=0.8174  ARI=0.7742  0.0s

=== P1L_S2_C3 train[2] k=3  dim=576  frames=85  σ=0.5  fold=6 ===
  TKSS: k_hat=3  ACC=0.8588  NMI=0.7143  ARI=0.6896  0.0s

=== P1L_S2_C3 train[3] k=3  dim=576  frames=112  σ=0.5  fold=6 ===
  TKSS: k_hat=3  ACC=0.9018  NMI=0.7646  ARI=0.7591  0.0s

=== P1L_S2_C3 train[4] k=3  dim=576  frames=126  σ=0.5  fold=6 ===
  TKSS: k_hat=3  ACC=0.8651  NMI=0.7610  ARI=0.6671  0.1s

=== P1L_S2_C3 train[5] k=3  dim=576  frames=102  σ=0.5  fold=6 ===
  TKSS: k_hat=3  ACC=0.9706  NMI=0.9082  ARI=0.9141  0.0s

=== P1L_S2_C3 train[6] k=3  dim=576  frames=99  σ=0.5  fold=6 ===
  TKSS: k_hat=3  ACC=0.9798  NMI=0.9303  ARI=0.9424  0.0s

=== P1L_S3_C1 train[0] k=3  dim=576  frames=156  σ=0.5  fold=6 ===
  TKSS: k_hat=3  ACC=0.6410  NMI=0.3688  ARI=0.2402  0.1s

=== P1L_S3_C1 train[1] k=3  dim=576  frames=120  σ=0.5  fold=6 ===
  TKSS: k_hat=3  ACC=0.8667  NMI=0.6911  ARI=0.6682  0.0s

=== P1L_S3_C1 train[2] k=3  dim=576  frames=185  σ=0.5  fold=6 ===
  TKSS: k_hat=3  ACC=0.9838  NMI=0.9402  ARI=0.9511  0.1s

=== P1L_S3_C1 train[3] k=3  dim=576  frames=156  σ=0.5  fold=6 ===
  TKSS: k_hat=3  ACC=0.7628  NMI=0.5561  ARI=0.4926  0.1s

=== P1L_S3_C1 train[4] k=3  dim=576  frames=159  σ=0.5  fold=6 ===
  TKSS: k_hat=3  ACC=0.8050  NMI=0.6261  ARI=0.5552  0.0s

=== P1L_S3_C1 train[5] k=3  dim=576  frames=172  σ=0.5  fold=6 ===
  TKSS: k_hat=3  ACC=0.9244  NMI=0.8107  ARI=0.7961  0.1s

=== P1L_S3_C1 train[6] k=3  dim=576  frames=134  σ=0.5  fold=6 ===
  TKSS: k_hat=3  ACC=0.9030  NMI=0.7874  ARI=0.7158  0.1s

=== P1L_S3_C2 train[0] k=3  dim=576  frames=185  σ=0.5  fold=6 ===
  TKSS: k_hat=3  ACC=0.9568  NMI=0.8556  ARI=0.8691  0.1s

=== P1L_S3_C2 train[1] k=3  dim=576  frames=125  σ=0.5  fold=6 ===
  TKSS: k_hat=3  ACC=0.9520  NMI=0.8699  ARI=0.8600  0.0s

=== P1L_S3_C2 train[2] k=3  dim=576  frames=166  σ=0.5  fold=6 ===
  TKSS: k_hat=3  ACC=1.0000  NMI=1.0000  ARI=1.0000  0.1s

=== P1L_S3_C2 train[3] k=3  dim=576  frames=209  σ=0.5  fold=6 ===
  TKSS: k_hat=3  ACC=0.7608  NMI=0.5521  ARI=0.4500  0.2s

=== P1L_S3_C2 train[4] k=3  dim=576  frames=168  σ=0.5  fold=6 ===
  TKSS: k_hat=3  ACC=0.8690  NMI=0.7691  ARI=0.6965  0.0s

=== P1L_S3_C2 train[5] k=3  dim=576  frames=187  σ=0.5  fold=6 ===
  TKSS: k_hat=3  ACC=0.9412  NMI=0.8569  ARI=0.8525  0.1s

=== P1L_S3_C2 train[6] k=3  dim=576  frames=136  σ=0.5  fold=6 ===
  TKSS: k_hat=3  ACC=0.9853  NMI=0.9350  ARI=0.9551  0.0s

=== P1L_S3_C3 train[0] k=3  dim=576  frames=151  σ=0.5  fold=6 ===
  TKSS: k_hat=3  ACC=0.8146  NMI=0.6595  ARI=0.5101  0.1s

=== P1L_S3_C3 train[1] k=3  dim=576  frames=118  σ=0.5  fold=6 ===
  TKSS: k_hat=3  ACC=0.9322  NMI=0.8147  ARI=0.8058  0.0s

=== P1L_S3_C3 train[2] k=3  dim=576  frames=121  σ=0.5  fold=6 ===
  TKSS: k_hat=3  ACC=0.9917  NMI=0.9640  ARI=0.9736  0.0s

=== P1L_S3_C3 train[3] k=3  dim=576  frames=142  σ=0.5  fold=6 ===
  TKSS: k_hat=3  ACC=0.9930  NMI=0.9680  ARI=0.9769  0.0s

=== P1L_S3_C3 train[4] k=3  dim=576  frames=134  σ=0.5  fold=6 ===
  TKSS: k_hat=3  ACC=0.8134  NMI=0.6179  ARI=0.5263  0.1s

=== P1L_S3_C3 train[5] k=3  dim=576  frames=110  σ=0.5  fold=6 ===
  TKSS: k_hat=3  ACC=0.8636  NMI=0.7289  ARI=0.6579  0.1s

=== P1L_S3_C3 train[6] k=3  dim=576  frames=114  σ=0.5  fold=6 ===
  TKSS: k_hat=3  ACC=0.9825  NMI=0.9372  ARI=0.9534  0.0s

=== P1L_S4_C1 train[0] k=3  dim=576  frames=200  σ=0.5  fold=6 ===
  TKSS: k_hat=3  ACC=0.9300  NMI=0.7926  ARI=0.7996  0.3s

=== P1L_S4_C1 train[1] k=3  dim=576  frames=157  σ=0.5  fold=6 ===
  TKSS: k_hat=3  ACC=0.8662  NMI=0.7539  ARI=0.6518  0.1s

=== P1L_S4_C1 train[2] k=3  dim=576  frames=154  σ=0.5  fold=6 ===
  TKSS: k_hat=3  ACC=0.9935  NMI=0.9700  ARI=0.9814  0.1s

=== P1L_S4_C1 train[3] k=3  dim=576  frames=168  σ=0.5  fold=6 ===
  TKSS: k_hat=3  ACC=0.9107  NMI=0.8113  ARI=0.7703  0.0s

=== P1L_S4_C1 train[4] k=3  dim=576  frames=142  σ=0.5  fold=6 ===
  TKSS: k_hat=3  ACC=1.0000  NMI=1.0000  ARI=1.0000  0.0s

=== P1L_S4_C1 train[5] k=3  dim=576  frames=164  σ=0.5  fold=6 ===
  TKSS: k_hat=3  ACC=0.9512  NMI=0.8684  ARI=0.8583  0.1s

=== P1L_S4_C1 train[6] k=3  dim=576  frames=202  σ=0.5  fold=6 ===
  TKSS: k_hat=3  ACC=0.9901  NMI=0.9593  ARI=0.9706  0.0s

=== P1L_S4_C2 train[0] k=3  dim=576  frames=157  σ=0.5  fold=6 ===
  TKSS: k_hat=3  ACC=0.9554  NMI=0.8679  ARI=0.8553  0.1s

=== P1L_S4_C2 train[1] k=3  dim=576  frames=149  σ=0.5  fold=6 ===
  TKSS: k_hat=3  ACC=0.8926  NMI=0.7262  ARI=0.7072  0.0s

=== P1L_S4_C2 train[2] k=3  dim=576  frames=175  σ=0.5  fold=6 ===
  TKSS: k_hat=3  ACC=1.0000  NMI=1.0000  ARI=1.0000  0.1s

=== P1L_S4_C2 train[3] k=3  dim=576  frames=168  σ=0.5  fold=6 ===
  TKSS: k_hat=3  ACC=0.9286  NMI=0.8328  ARI=0.8047  0.0s

=== P1L_S4_C2 train[4] k=3  dim=576  frames=154  σ=0.5  fold=6 ===
  TKSS: k_hat=3  ACC=0.7338  NMI=0.5564  ARI=0.4489  0.0s

=== P1L_S4_C2 train[5] k=3  dim=576  frames=152  σ=0.5  fold=6 ===
  TKSS: k_hat=3  ACC=0.9868  NMI=0.9409  ARI=0.9602  0.0s

=== P1L_S4_C2 train[6] k=3  dim=576  frames=153  σ=0.5  fold=6 ===
  TKSS: k_hat=3  ACC=0.8497  NMI=0.6912  ARI=0.6459  0.1s

=== P1L_S4_C3 train[0] k=3  dim=576  frames=96  σ=0.5  fold=6 ===
  TKSS: k_hat=3  ACC=0.9688  NMI=0.9008  ARI=0.9008  0.0s

=== P1L_S4_C3 train[1] k=3  dim=576  frames=107  σ=0.5  fold=6 ===
  TKSS: k_hat=3  ACC=0.8879  NMI=0.7909  ARI=0.7406  0.0s

=== P1L_S4_C3 train[2] k=3  dim=576  frames=94  σ=0.5  fold=6 ===
  TKSS: k_hat=3  ACC=1.0000  NMI=1.0000  ARI=1.0000  0.0s

=== P1L_S4_C3 train[3] k=3  dim=576  frames=117  σ=0.5  fold=6 ===
  TKSS: k_hat=3  ACC=0.8718  NMI=0.7260  ARI=0.6806  0.0s

=== P1L_S4_C3 train[4] k=3  dim=576  frames=112  σ=0.5  fold=6 ===
  TKSS: k_hat=3  ACC=0.8661  NMI=0.7340  ARI=0.6683  0.0s

=== P1L_S4_C3 train[5] k=3  dim=576  frames=103  σ=0.5  fold=6 ===
  TKSS: k_hat=3  ACC=0.9612  NMI=0.8646  ARI=0.8869  0.0s

=== P1L_S4_C3 train[6] k=3  dim=576  frames=107  σ=0.5  fold=6 ===
  TKSS: k_hat=3  ACC=0.9813  NMI=0.9338  ARI=0.9463  0.0s

=== P1E_S1_C1 test[0] k=3  dim=576  frames=140  σ=0.5  fold=6 ===
  TKSS: k_hat=3  ACC=0.8857  NMI=0.7465  ARI=0.7102  0.0s

=== P1E_S1_C2 test[0] k=3  dim=576  frames=122  σ=0.5  fold=6 ===
  TKSS: k_hat=3  ACC=0.9262  NMI=0.7864  ARI=0.7946  0.0s

=== P1E_S1_C3 test[0] k=3  dim=576  frames=51  σ=0.5  fold=6 ===
  TKSS: k_hat=3  ACC=0.8824  NMI=0.7161  ARI=0.6853  0.0s

=== P1E_S2_C1 test[0] k=3  dim=576  frames=161  σ=0.5  fold=6 ===
  TKSS: k_hat=3  ACC=0.9689  NMI=0.9043  ARI=0.9097  0.0s

=== P1E_S2_C2 test[0] k=3  dim=576  frames=128  σ=0.5  fold=6 ===
  TKSS: k_hat=3  ACC=0.9375  NMI=0.8165  ARI=0.8248  0.0s

=== P1E_S2_C3 test[0] k=3  dim=576  frames=105  σ=0.5  fold=6 ===
  TKSS: k_hat=3  ACC=0.9524  NMI=0.8438  ARI=0.8624  0.0s

=== P1E_S3_C1 test[0] k=3  dim=576  frames=204  σ=0.5  fold=6 ===
  TKSS: k_hat=3  ACC=0.7353  NMI=0.4597  ARI=0.3911  0.2s

=== P1E_S3_C2 test[0] k=3  dim=576  frames=146  σ=0.5  fold=6 ===
  TKSS: k_hat=3  ACC=0.6918  NMI=0.5407  ARI=0.4144  0.0s

=== P1E_S3_C3 test[0] k=3  dim=576  frames=129  σ=0.5  fold=6 ===
  TKSS: k_hat=3  ACC=0.9535  NMI=0.8477  ARI=0.8663  0.0s

=== P1E_S4_C1 test[0] k=3  dim=576  frames=147  σ=0.5  fold=6 ===
  TKSS: k_hat=3  ACC=0.8163  NMI=0.6303  ARI=0.5662  0.0s

=== P1E_S4_C2 test[0] k=3  dim=576  frames=146  σ=0.5  fold=6 ===
  TKSS: k_hat=3  ACC=0.9795  NMI=0.9176  ARI=0.9399  0.0s

=== P1E_S4_C3 test[0] k=3  dim=576  frames=106  σ=0.5  fold=6 ===
  TKSS: k_hat=3  ACC=0.9434  NMI=0.8339  ARI=0.8400  0.0s

=== P1L_S1_C1 test[0] k=3  dim=576  frames=116  σ=0.5  fold=6 ===
  TKSS: k_hat=3  ACC=0.9224  NMI=0.7779  ARI=0.7804  0.0s

=== P1L_S1_C2 test[0] k=3  dim=576  frames=142  σ=0.5  fold=6 ===
  TKSS: k_hat=3  ACC=0.8873  NMI=0.7173  ARI=0.6988  0.0s

=== P1L_S1_C3 test[0] k=3  dim=576  frames=63  σ=0.5  fold=6 ===
  TKSS: k_hat=3  ACC=0.8571  NMI=0.6728  ARI=0.6378  0.0s

=== P1L_S2_C1 test[0] k=3  dim=576  frames=180  σ=0.5  fold=6 ===
  TKSS: k_hat=3  ACC=0.6667  NMI=0.3491  ARI=0.3276  0.3s

=== P1L_S2_C2 test[0] k=3  dim=576  frames=160  σ=0.5  fold=6 ===
  TKSS: k_hat=3  ACC=0.7063  NMI=0.5511  ARI=0.4386  0.1s

=== P1L_S2_C3 test[0] k=3  dim=576  frames=121  σ=0.5  fold=6 ===
  TKSS: k_hat=3  ACC=0.8430  NMI=0.6561  ARI=0.6681  0.1s

=== P1L_S3_C1 test[0] k=3  dim=576  frames=176  σ=0.5  fold=6 ===
  TKSS: k_hat=3  ACC=0.5000  NMI=0.2930  ARI=0.2233  0.1s

=== P1L_S3_C2 test[0] k=3  dim=576  frames=229  σ=0.5  fold=6 ===
  TKSS: k_hat=3  ACC=0.5546  NMI=0.1586  ARI=0.1166  0.3s

=== P1L_S3_C3 test[0] k=3  dim=576  frames=161  σ=0.5  fold=6 ===
  TKSS: k_hat=3  ACC=0.9876  NMI=0.9503  ARI=0.9602  0.1s

=== P1L_S4_C1 test[0] k=3  dim=576  frames=187  σ=0.5  fold=6 ===
  TKSS: k_hat=3  ACC=0.8396  NMI=0.6563  ARI=0.6070  0.0s

=== P1L_S4_C2 test[0] k=3  dim=576  frames=169  σ=0.5  fold=6 ===
  TKSS: k_hat=3  ACC=0.9112  NMI=0.7595  ARI=0.7633  0.0s

=== P1L_S4_C3 test[0] k=3  dim=576  frames=105  σ=0.5  fold=6 ===
  TKSS: k_hat=3  ACC=0.9810  NMI=0.9327  ARI=0.9427  0.0s
  tune_pool_groups=20: sampling from 22 held-in people (overlap allowed) instead of the 7 fixed partition group(s)

============================================================
σ=0.5 fold=7  test=['0003', '0012', '0017']  train mats=168  test mats=24  tune mats=480
  --- tune TKSS over 480 train mats  n_trials=30 (3 params) ---
  TKSS trial 0: mean ARI=0.7703  n=480  8.5s  d=5, lam=1, s=2
  TKSS trial 1: mean ARI=0.7601  n=480  11.8s  d=9, lam=1.398, s=4
  TKSS trial 2: mean ARI=0.7626  n=480  7.7s  d=9, lam=0.1866, s=4
  TKSS trial 3: mean ARI=0.7476  n=480  19.2s  d=7, lam=4.735, s=6
  TKSS trial 4: mean ARI=0.7633  n=480  13.1s  d=6, lam=2.372, s=4
  TKSS trial 5: mean ARI=0.7647  n=480  5.9s  d=9, lam=5.981, s=1
  TKSS trial 6: mean ARI=0.7697  n=480  9.5s  d=2, lam=0.0115, s=5
  TKSS trial 7: mean ARI=0.7413  n=480  18.4s  d=12, lam=4.074, s=6
  TKSS trial 8: mean ARI=0.7568  n=480  9.7s  d=12, lam=0.2423, s=5
  TKSS trial 9: mean ARI=0.7756  n=480  11.7s  d=2, lam=0.8313, s=1
  TKSS trial 10: mean ARI=0.7640  n=480  5.6s  d=15, lam=0.01463, s=2
  TKSS trial 11: mean ARI=0.7999  n=480  24.3s  d=1, lam=0.5626, s=2
  TKSS trial 12: mean ARI=0.7883  n=480  19.8s  d=1, lam=0.3474, s=1
  TKSS trial 13: mean ARI=0.7941  n=480  21.0s  d=1, lam=0.2009, s=2
  TKSS trial 14: mean ARI=0.7666  n=480  6.6s  d=4, lam=0.06854, s=2
  TKSS trial 15: mean ARI=0.7696  n=480  7.6s  d=3, lam=0.05946, s=3
  TKSS trial 16: mean ARI=0.7919  n=480  19.7s  d=1, lam=0.08226, s=3
  TKSS trial 17: mean ARI=0.7715  n=480  11.2s  d=4, lam=0.5728, s=3
  TKSS trial 18: mean ARI=0.7900  n=480  20.5s  d=1, lam=0.1227, s=2
  TKSS trial 19: mean ARI=0.7679  n=480  7.1s  d=3, lam=0.03036, s=3
  TKSS trial 20: mean ARI=0.7670  n=480  7.3s  d=6, lam=0.4994, s=2
  TKSS trial 21: mean ARI=0.7952  n=480  20.7s  d=1, lam=0.1126, s=3
  TKSS trial 22: mean ARI=0.7736  n=480  9.6s  d=3, lam=0.1727, s=3
  TKSS trial 23: mean ARI=0.7787  n=480  17.8s  d=1, lam=0.03439, s=2
  TKSS trial 24: mean ARI=0.7745  n=480  11.0s  d=2, lam=0.428, s=1
  TKSS trial 25: mean ARI=0.7689  n=480  7.6s  d=4, lam=0.1172, s=3
  TKSS trial 26: mean ARI=0.7785  n=480  11.8s  d=2, lam=0.2499, s=2
  TKSS trial 27: mean ARI=0.7887  n=480  18.8s  d=1, lam=0.03927, s=4
  TKSS trial 28: mean ARI=0.7717  n=480  8.7s  d=3, lam=2.266, s=1
  TKSS trial 29: mean ARI=0.7736  n=480  9.6s  d=4, lam=1.111, s=2
    best mean ARI=0.7999  tune 382.0s  d=1, lam=0.5626, s=2
  wrote /nfs/turbo/umms-minjilab/lpullela/icassp_ssc_tv2/block_ssc_benchmark/cv/params/surveillance/split_k3_sigmas_min30_trials20_params_knownk_cv_tkss_k3_sigma0p5_sigma0.5_fold7.json

=== P1E_S1_C1 train[0] k=3  dim=576  frames=146  σ=0.5  fold=7 ===
  TKSS: k_hat=3  ACC=0.8562  NMI=0.7171  ARI=0.6584  0.0s

=== P1E_S1_C1 train[1] k=3  dim=576  frames=153  σ=0.5  fold=7 ===
  TKSS: k_hat=3  ACC=0.9935  NMI=0.9706  ARI=0.9801  0.0s

=== P1E_S1_C1 train[2] k=3  dim=576  frames=130  σ=0.5  fold=7 ===
  TKSS: k_hat=3  ACC=0.9923  NMI=0.9661  ARI=0.9758  0.0s

=== P1E_S1_C1 train[3] k=3  dim=576  frames=140  σ=0.5  fold=7 ===
  TKSS: k_hat=3  ACC=0.8929  NMI=0.7916  ARI=0.7352  0.0s

=== P1E_S1_C1 train[4] k=3  dim=576  frames=157  σ=0.5  fold=7 ===
  TKSS: k_hat=3  ACC=0.9299  NMI=0.8206  ARI=0.8213  0.1s

=== P1E_S1_C1 train[5] k=3  dim=576  frames=151  σ=0.5  fold=7 ===
  TKSS: k_hat=3  ACC=0.5894  NMI=0.6108  ARI=0.4389  0.2s

=== P1E_S1_C1 train[6] k=3  dim=576  frames=140  σ=0.5  fold=7 ===
  TKSS: k_hat=3  ACC=0.8857  NMI=0.7465  ARI=0.7102  0.0s

=== P1E_S1_C2 train[0] k=3  dim=576  frames=147  σ=0.5  fold=7 ===
  TKSS: k_hat=3  ACC=0.8980  NMI=0.7598  ARI=0.7321  0.0s

=== P1E_S1_C2 train[1] k=3  dim=576  frames=115  σ=0.5  fold=7 ===
  TKSS: k_hat=3  ACC=0.9652  NMI=0.8929  ARI=0.8903  0.1s

=== P1E_S1_C2 train[2] k=3  dim=576  frames=104  σ=0.5  fold=7 ===
  TKSS: k_hat=3  ACC=1.0000  NMI=1.0000  ARI=1.0000  0.0s

=== P1E_S1_C2 train[3] k=3  dim=576  frames=138  σ=0.5  fold=7 ===
  TKSS: k_hat=3  ACC=0.8986  NMI=0.7540  ARI=0.7431  0.0s

=== P1E_S1_C2 train[4] k=3  dim=576  frames=113  σ=0.5  fold=7 ===
  TKSS: k_hat=3  ACC=0.9115  NMI=0.7589  ARI=0.7566  0.0s

=== P1E_S1_C2 train[5] k=3  dim=576  frames=122  σ=0.5  fold=7 ===
  TKSS: k_hat=3  ACC=0.9180  NMI=0.8212  ARI=0.7862  0.0s

=== P1E_S1_C2 train[6] k=3  dim=576  frames=122  σ=0.5  fold=7 ===
  TKSS: k_hat=3  ACC=0.9262  NMI=0.7864  ARI=0.7946  0.0s

=== P1E_S1_C3 train[0] k=3  dim=576  frames=58  σ=0.5  fold=7 ===
  TKSS: k_hat=3  ACC=0.8793  NMI=0.7059  ARI=0.6565  0.0s

=== P1E_S1_C3 train[1] k=3  dim=576  frames=56  σ=0.5  fold=7 ===
  TKSS: k_hat=3  ACC=0.8214  NMI=0.6766  ARI=0.5739  0.0s

=== P1E_S1_C3 train[2] k=3  dim=576  frames=47  σ=0.5  fold=7 ===
  TKSS: k_hat=3  ACC=0.9362  NMI=0.8096  ARI=0.8194  0.0s

=== P1E_S1_C3 train[3] k=3  dim=576  frames=61  σ=0.5  fold=7 ===
  TKSS: k_hat=3  ACC=0.7869  NMI=0.6115  ARI=0.5197  0.0s

=== P1E_S1_C3 train[4] k=3  dim=576  frames=37  σ=0.5  fold=7 ===
  TKSS: k_hat=3  ACC=0.7838  NMI=0.5996  ARI=0.4944  0.0s

=== P1E_S1_C3 train[5] k=3  dim=576  frames=55  σ=0.5  fold=7 ===
  TKSS: k_hat=3  ACC=0.8909  NMI=0.7251  ARI=0.7045  0.0s

=== P1E_S1_C3 train[6] k=3  dim=576  frames=51  σ=0.5  fold=7 ===
  TKSS: k_hat=3  ACC=0.8824  NMI=0.7161  ARI=0.6853  0.0s

=== P1E_S2_C1 train[0] k=3  dim=576  frames=167  σ=0.5  fold=7 ===
  TKSS: k_hat=3  ACC=0.9880  NMI=0.9525  ARI=0.9635  0.0s

=== P1E_S2_C1 train[1] k=3  dim=576  frames=151  σ=0.5  fold=7 ===
  TKSS: k_hat=3  ACC=0.9404  NMI=0.8329  ARI=0.8320  0.0s

=== P1E_S2_C1 train[2] k=3  dim=576  frames=136  σ=0.5  fold=7 ===
  TKSS: k_hat=3  ACC=0.9779  NMI=0.9129  ARI=0.9357  0.0s

=== P1E_S2_C1 train[3] k=3  dim=576  frames=180  σ=0.5  fold=7 ===
  TKSS: k_hat=3  ACC=0.8833  NMI=0.7643  ARI=0.7181  0.2s

=== P1E_S2_C1 train[4] k=3  dim=576  frames=149  σ=0.5  fold=7 ===
  TKSS: k_hat=3  ACC=0.8725  NMI=0.7030  ARI=0.6887  0.1s

=== P1E_S2_C1 train[5] k=3  dim=576  frames=124  σ=0.5  fold=7 ===
  TKSS: k_hat=3  ACC=0.9032  NMI=0.7750  ARI=0.7396  0.0s

=== P1E_S2_C1 train[6] k=3  dim=576  frames=161  σ=0.5  fold=7 ===
  TKSS: k_hat=3  ACC=0.9689  NMI=0.9043  ARI=0.9097  0.0s

=== P1E_S2_C2 train[0] k=3  dim=576  frames=146  σ=0.5  fold=7 ===
  TKSS: k_hat=3  ACC=0.9658  NMI=0.8753  ARI=0.8997  0.1s

=== P1E_S2_C2 train[1] k=3  dim=576  frames=115  σ=0.5  fold=7 ===
  TKSS: k_hat=3  ACC=0.9913  NMI=0.9630  ARI=0.9739  0.0s

=== P1E_S2_C2 train[2] k=3  dim=576  frames=109  σ=0.5  fold=7 ===
  TKSS: k_hat=3  ACC=0.9725  NMI=0.8956  ARI=0.9158  0.0s

=== P1E_S2_C2 train[3] k=3  dim=576  frames=144  σ=0.5  fold=7 ===
  TKSS: k_hat=3  ACC=0.9444  NMI=0.8399  ARI=0.8440  0.0s

=== P1E_S2_C2 train[4] k=3  dim=576  frames=124  σ=0.5  fold=7 ===
  TKSS: k_hat=3  ACC=0.9758  NMI=0.9039  ARI=0.9239  0.1s

=== P1E_S2_C2 train[5] k=3  dim=576  frames=109  σ=0.5  fold=7 ===
  TKSS: k_hat=3  ACC=0.9725  NMI=0.8974  ARI=0.9272  0.0s

=== P1E_S2_C2 train[6] k=3  dim=576  frames=128  σ=0.5  fold=7 ===
  TKSS: k_hat=3  ACC=0.9375  NMI=0.8165  ARI=0.8248  0.0s

=== P1E_S2_C3 train[0] k=3  dim=576  frames=113  σ=0.5  fold=7 ===
  TKSS: k_hat=3  ACC=0.9204  NMI=0.8269  ARI=0.8016  0.0s

=== P1E_S2_C3 train[1] k=3  dim=576  frames=88  σ=0.5  fold=7 ===
  TKSS: k_hat=3  ACC=0.9205  NMI=0.7919  ARI=0.7751  0.0s

=== P1E_S2_C3 train[2] k=3  dim=576  frames=90  σ=0.5  fold=7 ===
  TKSS: k_hat=3  ACC=0.9778  NMI=0.9238  ARI=0.9309  0.0s

=== P1E_S2_C3 train[3] k=3  dim=576  frames=112  σ=0.5  fold=7 ===
  TKSS: k_hat=3  ACC=0.9643  NMI=0.8950  ARI=0.8981  0.0s

=== P1E_S2_C3 train[4] k=3  dim=576  frames=99  σ=0.5  fold=7 ===
  TKSS: k_hat=3  ACC=0.9697  NMI=0.9058  ARI=0.9101  0.0s

=== P1E_S2_C3 train[5] k=3  dim=576  frames=87  σ=0.5  fold=7 ===
  TKSS: k_hat=3  ACC=0.9425  NMI=0.8221  ARI=0.8449  0.0s

=== P1E_S2_C3 train[6] k=3  dim=576  frames=105  σ=0.5  fold=7 ===
  TKSS: k_hat=3  ACC=0.9524  NMI=0.8438  ARI=0.8624  0.0s

=== P1E_S3_C1 train[0] k=3  dim=576  frames=166  σ=0.5  fold=7 ===
  TKSS: k_hat=3  ACC=0.8735  NMI=0.7520  ARI=0.6959  0.1s

=== P1E_S3_C1 train[1] k=3  dim=576  frames=139  σ=0.5  fold=7 ===
  TKSS: k_hat=3  ACC=0.9281  NMI=0.8340  ARI=0.8075  0.0s

=== P1E_S3_C1 train[2] k=3  dim=576  frames=134  σ=0.5  fold=7 ===
  TKSS: k_hat=3  ACC=0.9328  NMI=0.8065  ARI=0.8055  0.0s

=== P1E_S3_C1 train[3] k=3  dim=576  frames=161  σ=0.5  fold=7 ===
  TKSS: k_hat=3  ACC=0.9814  NMI=0.9234  ARI=0.9445  0.0s

=== P1E_S3_C1 train[4] k=3  dim=576  frames=168  σ=0.5  fold=7 ===
  TKSS: k_hat=3  ACC=0.8393  NMI=0.6371  ARI=0.5622  0.1s

=== P1E_S3_C1 train[5] k=3  dim=576  frames=123  σ=0.5  fold=7 ===
  TKSS: k_hat=3  ACC=0.9106  NMI=0.8144  ARI=0.7791  0.1s

=== P1E_S3_C1 train[6] k=3  dim=576  frames=204  σ=0.5  fold=7 ===
  TKSS: k_hat=3  ACC=0.7353  NMI=0.4597  ARI=0.3911  0.2s

=== P1E_S3_C2 train[0] k=3  dim=576  frames=147  σ=0.5  fold=7 ===
  TKSS: k_hat=3  ACC=0.8912  NMI=0.7884  ARI=0.7280  0.0s

=== P1E_S3_C2 train[1] k=3  dim=576  frames=120  σ=0.5  fold=7 ===
  TKSS: k_hat=3  ACC=0.8833  NMI=0.7061  ARI=0.6689  0.0s

=== P1E_S3_C2 train[2] k=3  dim=576  frames=112  σ=0.5  fold=7 ===
  TKSS: k_hat=3  ACC=0.9554  NMI=0.8456  ARI=0.8631  0.1s

=== P1E_S3_C2 train[3] k=3  dim=576  frames=168  σ=0.5  fold=7 ===
  TKSS: k_hat=3  ACC=0.8810  NMI=0.7331  ARI=0.6940  0.0s

=== P1E_S3_C2 train[4] k=3  dim=576  frames=169  σ=0.5  fold=7 ===
  TKSS: k_hat=3  ACC=0.8639  NMI=0.7419  ARI=0.6721  0.1s

=== P1E_S3_C2 train[5] k=3  dim=576  frames=107  σ=0.5  fold=7 ===
  TKSS: k_hat=3  ACC=0.8224  NMI=0.7335  ARI=0.6139  0.1s

=== P1E_S3_C2 train[6] k=3  dim=576  frames=146  σ=0.5  fold=7 ===
  TKSS: k_hat=3  ACC=0.6918  NMI=0.5407  ARI=0.4144  0.0s

=== P1E_S3_C3 train[0] k=3  dim=576  frames=105  σ=0.5  fold=7 ===
  TKSS: k_hat=3  ACC=1.0000  NMI=1.0000  ARI=1.0000  0.0s

=== P1E_S3_C3 train[1] k=3  dim=576  frames=89  σ=0.5  fold=7 ===
  TKSS: k_hat=3  ACC=0.9775  NMI=0.9216  ARI=0.9297  0.0s

=== P1E_S3_C3 train[2] k=3  dim=576  frames=84  σ=0.5  fold=7 ===
  TKSS: k_hat=3  ACC=0.9881  NMI=0.9525  ARI=0.9657  0.0s

=== P1E_S3_C3 train[3] k=3  dim=576  frames=125  σ=0.5  fold=7 ===
  TKSS: k_hat=3  ACC=0.9120  NMI=0.7651  ARI=0.7552  0.0s

=== P1E_S3_C3 train[4] k=3  dim=576  frames=128  σ=0.5  fold=7 ===
  TKSS: k_hat=3  ACC=0.8984  NMI=0.7967  ARI=0.7427  0.0s

=== P1E_S3_C3 train[5] k=3  dim=576  frames=83  σ=0.5  fold=7 ===
  TKSS: k_hat=3  ACC=0.9759  NMI=0.9214  ARI=0.9336  0.0s

=== P1E_S3_C3 train[6] k=3  dim=576  frames=129  σ=0.5  fold=7 ===
  TKSS: k_hat=3  ACC=0.9535  NMI=0.8477  ARI=0.8663  0.0s

=== P1E_S4_C1 train[0] k=3  dim=576  frames=158  σ=0.5  fold=7 ===
  TKSS: k_hat=3  ACC=0.8924  NMI=0.7499  ARI=0.7142  0.1s

=== P1E_S4_C1 train[1] k=3  dim=576  frames=107  σ=0.5  fold=7 ===
  TKSS: k_hat=3  ACC=0.9907  NMI=0.9613  ARI=0.9728  0.0s

=== P1E_S4_C1 train[2] k=3  dim=576  frames=155  σ=0.5  fold=7 ===
  TKSS: k_hat=3  ACC=0.9806  NMI=0.9205  ARI=0.9410  0.0s

=== P1E_S4_C1 train[3] k=3  dim=576  frames=182  σ=0.5  fold=7 ===
  TKSS: k_hat=3  ACC=0.9560  NMI=0.8782  ARI=0.8739  0.1s

=== P1E_S4_C1 train[4] k=3  dim=576  frames=180  σ=0.5  fold=7 ===
  TKSS: k_hat=3  ACC=0.8944  NMI=0.7710  ARI=0.7238  0.1s

=== P1E_S4_C1 train[5] k=3  dim=576  frames=133  σ=0.5  fold=7 ===
  TKSS: k_hat=3  ACC=0.9023  NMI=0.7634  ARI=0.7432  0.0s

=== P1E_S4_C1 train[6] k=3  dim=576  frames=147  σ=0.5  fold=7 ===
  TKSS: k_hat=3  ACC=0.8163  NMI=0.6303  ARI=0.5662  0.0s

=== P1E_S4_C2 train[0] k=3  dim=576  frames=117  σ=0.5  fold=7 ===
  TKSS: k_hat=3  ACC=0.9829  NMI=0.9273  ARI=0.9482  0.0s

=== P1E_S4_C2 train[1] k=3  dim=576  frames=125  σ=0.5  fold=7 ===
  TKSS: k_hat=3  ACC=0.9600  NMI=0.8859  ARI=0.8848  0.0s

=== P1E_S4_C2 train[2] k=3  dim=576  frames=122  σ=0.5  fold=7 ===
  TKSS: k_hat=3  ACC=0.9836  NMI=0.9393  ARI=0.9500  0.0s

=== P1E_S4_C2 train[3] k=3  dim=576  frames=126  σ=0.5  fold=7 ===
  TKSS: k_hat=3  ACC=0.8889  NMI=0.7487  ARI=0.7209  0.0s

=== P1E_S4_C2 train[4] k=3  dim=576  frames=140  σ=0.5  fold=7 ===
  TKSS: k_hat=3  ACC=0.9286  NMI=0.8048  ARI=0.7868  0.1s

=== P1E_S4_C2 train[5] k=3  dim=576  frames=129  σ=0.5  fold=7 ===
  TKSS: k_hat=3  ACC=1.0000  NMI=1.0000  ARI=1.0000  0.1s

=== P1E_S4_C2 train[6] k=3  dim=576  frames=146  σ=0.5  fold=7 ===
  TKSS: k_hat=3  ACC=0.9795  NMI=0.9176  ARI=0.9399  0.0s

=== P1E_S4_C3 train[0] k=3  dim=576  frames=90  σ=0.5  fold=7 ===
  TKSS: k_hat=3  ACC=0.9222  NMI=0.7952  ARI=0.7808  0.0s

=== P1E_S4_C3 train[1] k=3  dim=576  frames=64  σ=0.5  fold=7 ===
  TKSS: k_hat=3  ACC=0.9688  NMI=0.8848  ARI=0.9071  0.0s

=== P1E_S4_C3 train[2] k=3  dim=576  frames=85  σ=0.5  fold=7 ===
  TKSS: k_hat=3  ACC=0.9647  NMI=0.8960  ARI=0.8988  0.0s

=== P1E_S4_C3 train[3] k=3  dim=576  frames=105  σ=0.5  fold=7 ===
  TKSS: k_hat=3  ACC=0.8476  NMI=0.6674  ARI=0.6196  0.0s

=== P1E_S4_C3 train[4] k=3  dim=576  frames=87  σ=0.5  fold=7 ===
  TKSS: k_hat=3  ACC=0.9540  NMI=0.8509  ARI=0.8634  0.0s

=== P1E_S4_C3 train[5] k=3  dim=576  frames=76  σ=0.5  fold=7 ===
  TKSS: k_hat=3  ACC=0.9737  NMI=0.8991  ARI=0.9236  0.0s

=== P1E_S4_C3 train[6] k=3  dim=576  frames=106  σ=0.5  fold=7 ===
  TKSS: k_hat=3  ACC=0.9434  NMI=0.8339  ARI=0.8400  0.0s

=== P1L_S1_C1 train[0] k=3  dim=576  frames=162  σ=0.5  fold=7 ===
  TKSS: k_hat=3  ACC=0.9630  NMI=0.8930  ARI=0.8971  0.0s

=== P1L_S1_C1 train[1] k=3  dim=576  frames=170  σ=0.5  fold=7 ===
  TKSS: k_hat=3  ACC=0.9059  NMI=0.7835  ARI=0.7491  0.0s

=== P1L_S1_C1 train[2] k=3  dim=576  frames=155  σ=0.5  fold=7 ===
  TKSS: k_hat=3  ACC=1.0000  NMI=1.0000  ARI=1.0000  0.1s

=== P1L_S1_C1 train[3] k=3  dim=576  frames=182  σ=0.5  fold=7 ===
  TKSS: k_hat=3  ACC=0.9615  NMI=0.8756  ARI=0.8916  0.0s

=== P1L_S1_C1 train[4] k=3  dim=576  frames=198  σ=0.5  fold=7 ===
  TKSS: k_hat=3  ACC=0.9545  NMI=0.8612  ARI=0.8692  0.1s

=== P1L_S1_C1 train[5] k=3  dim=576  frames=166  σ=0.5  fold=7 ===
  TKSS: k_hat=3  ACC=1.0000  NMI=1.0000  ARI=1.0000  0.0s

=== P1L_S1_C1 train[6] k=3  dim=576  frames=116  σ=0.5  fold=7 ===
  TKSS: k_hat=3  ACC=0.9224  NMI=0.7779  ARI=0.7804  0.0s

=== P1L_S1_C2 train[0] k=3  dim=576  frames=186  σ=0.5  fold=7 ===
  TKSS: k_hat=3  ACC=0.6720  NMI=0.5354  ARI=0.3987  0.1s

=== P1L_S1_C2 train[1] k=3  dim=576  frames=137  σ=0.5  fold=7 ===
  TKSS: k_hat=3  ACC=0.8686  NMI=0.6843  ARI=0.6425  0.1s

=== P1L_S1_C2 train[2] k=3  dim=576  frames=147  σ=0.5  fold=7 ===
  TKSS: k_hat=3  ACC=1.0000  NMI=1.0000  ARI=1.0000  0.0s

=== P1L_S1_C2 train[3] k=3  dim=576  frames=181  σ=0.5  fold=7 ===
  TKSS: k_hat=3  ACC=0.9834  NMI=0.9383  ARI=0.9478  0.1s

=== P1L_S1_C2 train[4] k=3  dim=576  frames=128  σ=0.5  fold=7 ===
  TKSS: k_hat=3  ACC=0.6484  NMI=0.4134  ARI=0.3109  0.1s

=== P1L_S1_C2 train[5] k=3  dim=576  frames=154  σ=0.5  fold=7 ===
  TKSS: k_hat=3  ACC=0.9545  NMI=0.8783  ARI=0.8811  0.1s

=== P1L_S1_C2 train[6] k=3  dim=576  frames=142  σ=0.5  fold=7 ===
  TKSS: k_hat=3  ACC=0.8873  NMI=0.7173  ARI=0.6988  0.0s

=== P1L_S1_C3 train[0] k=3  dim=576  frames=60  σ=0.5  fold=7 ===
  TKSS: k_hat=3  ACC=0.9667  NMI=0.8791  ARI=0.9004  0.0s

=== P1L_S1_C3 train[1] k=3  dim=576  frames=68  σ=0.5  fold=7 ===
  TKSS: k_hat=3  ACC=0.9853  NMI=0.9448  ARI=0.9560  0.0s

=== P1L_S1_C3 train[2] k=3  dim=576  frames=65  σ=0.5  fold=7 ===
  TKSS: k_hat=3  ACC=0.9846  NMI=0.9413  ARI=0.9500  0.0s

=== P1L_S1_C3 train[3] k=3  dim=576  frames=74  σ=0.5  fold=7 ===
  TKSS: k_hat=3  ACC=0.9054  NMI=0.7542  ARI=0.7418  0.0s

=== P1L_S1_C3 train[4] k=3  dim=576  frames=73  σ=0.5  fold=7 ===
  TKSS: k_hat=3  ACC=0.8630  NMI=0.6918  ARI=0.6489  0.0s

=== P1L_S1_C3 train[5] k=3  dim=576  frames=64  σ=0.5  fold=7 ===
  TKSS: k_hat=3  ACC=0.9688  NMI=0.9051  ARI=0.9119  0.0s

=== P1L_S1_C3 train[6] k=3  dim=576  frames=63  σ=0.5  fold=7 ===
  TKSS: k_hat=3  ACC=0.8571  NMI=0.6728  ARI=0.6378  0.0s

=== P1L_S2_C1 train[0] k=3  dim=576  frames=211  σ=0.5  fold=7 ===
  TKSS: k_hat=3  ACC=0.9431  NMI=0.8539  ARI=0.8355  0.1s

=== P1L_S2_C1 train[1] k=3  dim=576  frames=190  σ=0.5  fold=7 ===
  TKSS: k_hat=3  ACC=0.9474  NMI=0.8628  ARI=0.8521  0.0s

=== P1L_S2_C1 train[2] k=3  dim=576  frames=180  σ=0.5  fold=7 ===
  TKSS: k_hat=3  ACC=0.6889  NMI=0.6219  ARI=0.5205  0.1s

=== P1L_S2_C1 train[3] k=3  dim=576  frames=177  σ=0.5  fold=7 ===
  TKSS: k_hat=3  ACC=0.9209  NMI=0.7603  ARI=0.7780  0.1s

=== P1L_S2_C1 train[4] k=3  dim=576  frames=172  σ=0.5  fold=7 ===
  TKSS: k_hat=3  ACC=0.9012  NMI=0.7838  ARI=0.7605  0.1s

=== P1L_S2_C1 train[5] k=3  dim=576  frames=179  σ=0.5  fold=7 ===
  TKSS: k_hat=3  ACC=0.9888  NMI=0.9558  ARI=0.9703  0.1s

=== P1L_S2_C1 train[6] k=3  dim=576  frames=180  σ=0.5  fold=7 ===
  TKSS: k_hat=3  ACC=0.6667  NMI=0.3491  ARI=0.3276  0.3s

=== P1L_S2_C2 train[0] k=3  dim=576  frames=194  σ=0.5  fold=7 ===
  TKSS: k_hat=3  ACC=0.8402  NMI=0.7131  ARI=0.6439  0.1s

=== P1L_S2_C2 train[1] k=3  dim=576  frames=155  σ=0.5  fold=7 ===
  TKSS: k_hat=3  ACC=0.9871  NMI=0.9416  ARI=0.9604  0.0s

=== P1L_S2_C2 train[2] k=3  dim=576  frames=134  σ=0.5  fold=7 ===
  TKSS: k_hat=3  ACC=1.0000  NMI=1.0000  ARI=1.0000  0.0s

=== P1L_S2_C2 train[3] k=3  dim=576  frames=186  σ=0.5  fold=7 ===
  TKSS: k_hat=3  ACC=0.9409  NMI=0.8527  ARI=0.8374  0.0s

=== P1L_S2_C2 train[4] k=3  dim=576  frames=201  σ=0.5  fold=7 ===
  TKSS: k_hat=3  ACC=0.9403  NMI=0.8262  ARI=0.8283  0.0s

=== P1L_S2_C2 train[5] k=3  dim=576  frames=171  σ=0.5  fold=7 ===
  TKSS: k_hat=3  ACC=0.9474  NMI=0.8616  ARI=0.8479  0.0s

=== P1L_S2_C2 train[6] k=3  dim=576  frames=160  σ=0.5  fold=7 ===
  TKSS: k_hat=3  ACC=0.7063  NMI=0.5511  ARI=0.4386  0.1s

=== P1L_S2_C3 train[0] k=3  dim=576  frames=119  σ=0.5  fold=7 ===
  TKSS: k_hat=3  ACC=0.8571  NMI=0.7363  ARI=0.6118  0.0s

=== P1L_S2_C3 train[1] k=3  dim=576  frames=101  σ=0.5  fold=7 ===
  TKSS: k_hat=3  ACC=0.9208  NMI=0.8174  ARI=0.7742  0.0s

=== P1L_S2_C3 train[2] k=3  dim=576  frames=85  σ=0.5  fold=7 ===
  TKSS: k_hat=3  ACC=0.8588  NMI=0.7143  ARI=0.6896  0.0s

=== P1L_S2_C3 train[3] k=3  dim=576  frames=112  σ=0.5  fold=7 ===
  TKSS: k_hat=3  ACC=0.9018  NMI=0.7646  ARI=0.7591  0.0s

=== P1L_S2_C3 train[4] k=3  dim=576  frames=126  σ=0.5  fold=7 ===
  TKSS: k_hat=3  ACC=0.8651  NMI=0.7610  ARI=0.6671  0.1s

=== P1L_S2_C3 train[5] k=3  dim=576  frames=102  σ=0.5  fold=7 ===
  TKSS: k_hat=3  ACC=0.9706  NMI=0.9082  ARI=0.9141  0.0s

=== P1L_S2_C3 train[6] k=3  dim=576  frames=121  σ=0.5  fold=7 ===
  TKSS: k_hat=3  ACC=0.8430  NMI=0.6561  ARI=0.6681  0.1s

=== P1L_S3_C1 train[0] k=3  dim=576  frames=156  σ=0.5  fold=7 ===
  TKSS: k_hat=3  ACC=0.6410  NMI=0.3688  ARI=0.2402  0.1s

=== P1L_S3_C1 train[1] k=3  dim=576  frames=120  σ=0.5  fold=7 ===
  TKSS: k_hat=3  ACC=0.8667  NMI=0.6911  ARI=0.6682  0.0s

=== P1L_S3_C1 train[2] k=3  dim=576  frames=185  σ=0.5  fold=7 ===
  TKSS: k_hat=3  ACC=0.9838  NMI=0.9402  ARI=0.9511  0.1s

=== P1L_S3_C1 train[3] k=3  dim=576  frames=156  σ=0.5  fold=7 ===
  TKSS: k_hat=3  ACC=0.7628  NMI=0.5561  ARI=0.4926  0.1s

=== P1L_S3_C1 train[4] k=3  dim=576  frames=159  σ=0.5  fold=7 ===
  TKSS: k_hat=3  ACC=0.8050  NMI=0.6261  ARI=0.5552  0.0s

=== P1L_S3_C1 train[5] k=3  dim=576  frames=172  σ=0.5  fold=7 ===
  TKSS: k_hat=3  ACC=0.9244  NMI=0.8107  ARI=0.7961  0.1s

=== P1L_S3_C1 train[6] k=3  dim=576  frames=176  σ=0.5  fold=7 ===
  TKSS: k_hat=3  ACC=0.5000  NMI=0.2930  ARI=0.2233  0.1s

=== P1L_S3_C2 train[0] k=3  dim=576  frames=185  σ=0.5  fold=7 ===
  TKSS: k_hat=3  ACC=0.9568  NMI=0.8556  ARI=0.8691  0.1s

=== P1L_S3_C2 train[1] k=3  dim=576  frames=125  σ=0.5  fold=7 ===
  TKSS: k_hat=3  ACC=0.9520  NMI=0.8699  ARI=0.8600  0.0s

=== P1L_S3_C2 train[2] k=3  dim=576  frames=166  σ=0.5  fold=7 ===
  TKSS: k_hat=3  ACC=1.0000  NMI=1.0000  ARI=1.0000  0.1s

=== P1L_S3_C2 train[3] k=3  dim=576  frames=209  σ=0.5  fold=7 ===
  TKSS: k_hat=3  ACC=0.7608  NMI=0.5521  ARI=0.4500  0.2s

=== P1L_S3_C2 train[4] k=3  dim=576  frames=168  σ=0.5  fold=7 ===
  TKSS: k_hat=3  ACC=0.8690  NMI=0.7691  ARI=0.6965  0.0s

=== P1L_S3_C2 train[5] k=3  dim=576  frames=187  σ=0.5  fold=7 ===
  TKSS: k_hat=3  ACC=0.9412  NMI=0.8569  ARI=0.8525  0.1s

=== P1L_S3_C2 train[6] k=3  dim=576  frames=229  σ=0.5  fold=7 ===
  TKSS: k_hat=3  ACC=0.5546  NMI=0.1586  ARI=0.1166  0.3s

=== P1L_S3_C3 train[0] k=3  dim=576  frames=151  σ=0.5  fold=7 ===
  TKSS: k_hat=3  ACC=0.8146  NMI=0.6595  ARI=0.5101  0.1s

=== P1L_S3_C3 train[1] k=3  dim=576  frames=118  σ=0.5  fold=7 ===
  TKSS: k_hat=3  ACC=0.9322  NMI=0.8147  ARI=0.8058  0.0s

=== P1L_S3_C3 train[2] k=3  dim=576  frames=121  σ=0.5  fold=7 ===
  TKSS: k_hat=3  ACC=0.9917  NMI=0.9640  ARI=0.9736  0.0s

=== P1L_S3_C3 train[3] k=3  dim=576  frames=142  σ=0.5  fold=7 ===
  TKSS: k_hat=3  ACC=0.9930  NMI=0.9680  ARI=0.9769  0.0s

=== P1L_S3_C3 train[4] k=3  dim=576  frames=134  σ=0.5  fold=7 ===
  TKSS: k_hat=3  ACC=0.8134  NMI=0.6179  ARI=0.5263  0.1s

=== P1L_S3_C3 train[5] k=3  dim=576  frames=110  σ=0.5  fold=7 ===
  TKSS: k_hat=3  ACC=0.8636  NMI=0.7289  ARI=0.6579  0.1s

=== P1L_S3_C3 train[6] k=3  dim=576  frames=161  σ=0.5  fold=7 ===
  TKSS: k_hat=3  ACC=0.9876  NMI=0.9503  ARI=0.9602  0.1s

=== P1L_S4_C1 train[0] k=3  dim=576  frames=200  σ=0.5  fold=7 ===
  TKSS: k_hat=3  ACC=0.9300  NMI=0.7926  ARI=0.7996  0.3s

=== P1L_S4_C1 train[1] k=3  dim=576  frames=157  σ=0.5  fold=7 ===
  TKSS: k_hat=3  ACC=0.8662  NMI=0.7539  ARI=0.6518  0.1s

=== P1L_S4_C1 train[2] k=3  dim=576  frames=154  σ=0.5  fold=7 ===
  TKSS: k_hat=3  ACC=0.9935  NMI=0.9700  ARI=0.9814  0.1s

=== P1L_S4_C1 train[3] k=3  dim=576  frames=168  σ=0.5  fold=7 ===
  TKSS: k_hat=3  ACC=0.9107  NMI=0.8113  ARI=0.7703  0.0s

=== P1L_S4_C1 train[4] k=3  dim=576  frames=142  σ=0.5  fold=7 ===
  TKSS: k_hat=3  ACC=1.0000  NMI=1.0000  ARI=1.0000  0.0s

=== P1L_S4_C1 train[5] k=3  dim=576  frames=164  σ=0.5  fold=7 ===
  TKSS: k_hat=3  ACC=0.9512  NMI=0.8684  ARI=0.8583  0.1s

=== P1L_S4_C1 train[6] k=3  dim=576  frames=187  σ=0.5  fold=7 ===
  TKSS: k_hat=3  ACC=0.8396  NMI=0.6563  ARI=0.6070  0.0s

=== P1L_S4_C2 train[0] k=3  dim=576  frames=157  σ=0.5  fold=7 ===
  TKSS: k_hat=3  ACC=0.9554  NMI=0.8679  ARI=0.8553  0.1s

=== P1L_S4_C2 train[1] k=3  dim=576  frames=149  σ=0.5  fold=7 ===
  TKSS: k_hat=3  ACC=0.8926  NMI=0.7262  ARI=0.7072  0.0s

=== P1L_S4_C2 train[2] k=3  dim=576  frames=175  σ=0.5  fold=7 ===
  TKSS: k_hat=3  ACC=1.0000  NMI=1.0000  ARI=1.0000  0.1s

=== P1L_S4_C2 train[3] k=3  dim=576  frames=168  σ=0.5  fold=7 ===
  TKSS: k_hat=3  ACC=0.9286  NMI=0.8328  ARI=0.8047  0.0s

=== P1L_S4_C2 train[4] k=3  dim=576  frames=154  σ=0.5  fold=7 ===
  TKSS: k_hat=3  ACC=0.7338  NMI=0.5564  ARI=0.4489  0.0s

=== P1L_S4_C2 train[5] k=3  dim=576  frames=152  σ=0.5  fold=7 ===
  TKSS: k_hat=3  ACC=0.9868  NMI=0.9409  ARI=0.9602  0.0s

=== P1L_S4_C2 train[6] k=3  dim=576  frames=169  σ=0.5  fold=7 ===
  TKSS: k_hat=3  ACC=0.9112  NMI=0.7595  ARI=0.7633  0.0s

=== P1L_S4_C3 train[0] k=3  dim=576  frames=96  σ=0.5  fold=7 ===
  TKSS: k_hat=3  ACC=0.9688  NMI=0.9008  ARI=0.9008  0.0s

=== P1L_S4_C3 train[1] k=3  dim=576  frames=107  σ=0.5  fold=7 ===
  TKSS: k_hat=3  ACC=0.8879  NMI=0.7909  ARI=0.7406  0.0s

=== P1L_S4_C3 train[2] k=3  dim=576  frames=94  σ=0.5  fold=7 ===
  TKSS: k_hat=3  ACC=1.0000  NMI=1.0000  ARI=1.0000  0.0s

=== P1L_S4_C3 train[3] k=3  dim=576  frames=117  σ=0.5  fold=7 ===
  TKSS: k_hat=3  ACC=0.8718  NMI=0.7260  ARI=0.6806  0.0s

=== P1L_S4_C3 train[4] k=3  dim=576  frames=112  σ=0.5  fold=7 ===
  TKSS: k_hat=3  ACC=0.8661  NMI=0.7340  ARI=0.6683  0.0s

=== P1L_S4_C3 train[5] k=3  dim=576  frames=103  σ=0.5  fold=7 ===
  TKSS: k_hat=3  ACC=0.9612  NMI=0.8646  ARI=0.8869  0.0s

=== P1L_S4_C3 train[6] k=3  dim=576  frames=105  σ=0.5  fold=7 ===
  TKSS: k_hat=3  ACC=0.9810  NMI=0.9327  ARI=0.9427  0.0s

=== P1E_S1_C1 test[0] k=3  dim=576  frames=171  σ=0.5  fold=7 ===
  TKSS: k_hat=3  ACC=0.9649  NMI=0.8641  ARI=0.8977  0.1s

=== P1E_S1_C2 test[0] k=3  dim=576  frames=134  σ=0.5  fold=7 ===
  TKSS: k_hat=3  ACC=0.9701  NMI=0.9076  ARI=0.9146  0.0s

=== P1E_S1_C3 test[0] k=3  dim=576  frames=69  σ=0.5  fold=7 ===
  TKSS: k_hat=3  ACC=0.9565  NMI=0.8542  ARI=0.8697  0.0s

=== P1E_S2_C1 test[0] k=3  dim=576  frames=153  σ=0.5  fold=7 ===
  TKSS: k_hat=3  ACC=0.9608  NMI=0.8642  ARI=0.8826  0.1s

=== P1E_S2_C2 test[0] k=3  dim=576  frames=126  σ=0.5  fold=7 ===
  TKSS: k_hat=3  ACC=0.9762  NMI=0.9207  ARI=0.9308  0.1s

=== P1E_S2_C3 test[0] k=3  dim=576  frames=89  σ=0.5  fold=7 ===
  TKSS: k_hat=3  ACC=0.9551  NMI=0.8562  ARI=0.8786  0.0s

=== P1E_S3_C1 test[0] k=3  dim=576  frames=112  σ=0.5  fold=7 ===
  TKSS: k_hat=3  ACC=0.9643  NMI=0.8735  ARI=0.8988  0.0s

=== P1E_S3_C2 test[0] k=3  dim=576  frames=114  σ=0.5  fold=7 ===
  TKSS: k_hat=3  ACC=0.8246  NMI=0.6779  ARI=0.5806  0.0s

=== P1E_S3_C3 test[0] k=3  dim=576  frames=84  σ=0.5  fold=7 ===
  TKSS: k_hat=3  ACC=0.9048  NMI=0.7729  ARI=0.7546  0.0s

=== P1E_S4_C1 test[0] k=3  dim=576  frames=145  σ=0.5  fold=7 ===
  TKSS: k_hat=3  ACC=0.9310  NMI=0.8107  ARI=0.8219  0.1s

=== P1E_S4_C2 test[0] k=3  dim=576  frames=110  σ=0.5  fold=7 ===
  TKSS: k_hat=3  ACC=0.9909  NMI=0.9624  ARI=0.9752  0.0s

=== P1E_S4_C3 test[0] k=3  dim=576  frames=79  σ=0.5  fold=7 ===
  TKSS: k_hat=3  ACC=0.9367  NMI=0.8094  ARI=0.8204  0.0s

=== P1L_S1_C1 test[0] k=3  dim=576  frames=175  σ=0.5  fold=7 ===
  TKSS: k_hat=3  ACC=0.9886  NMI=0.9473  ARI=0.9690  0.1s

=== P1L_S1_C2 test[0] k=3  dim=576  frames=168  σ=0.5  fold=7 ===
  TKSS: k_hat=3  ACC=0.9821  NMI=0.9264  ARI=0.9498  0.1s

=== P1L_S1_C3 test[0] k=3  dim=576  frames=75  σ=0.5  fold=7 ===
  TKSS: k_hat=3  ACC=0.9867  NMI=0.9474  ARI=0.9569  0.0s

=== P1L_S2_C1 test[0] k=3  dim=576  frames=133  σ=0.5  fold=7 ===
  TKSS: k_hat=3  ACC=0.7368  NMI=0.5776  ARI=0.4697  0.0s

=== P1L_S2_C2 test[0] k=3  dim=576  frames=154  σ=0.5  fold=7 ===
  TKSS: k_hat=3  ACC=0.9805  NMI=0.9269  ARI=0.9347  0.1s

=== P1L_S2_C3 test[0] k=3  dim=576  frames=99  σ=0.5  fold=7 ===
  TKSS: k_hat=3  ACC=0.9798  NMI=0.9303  ARI=0.9424  0.0s

=== P1L_S3_C1 test[0] k=3  dim=576  frames=134  σ=0.5  fold=7 ===
  TKSS: k_hat=3  ACC=0.9030  NMI=0.7874  ARI=0.7158  0.1s

=== P1L_S3_C2 test[0] k=3  dim=576  frames=136  σ=0.5  fold=7 ===
  TKSS: k_hat=3  ACC=0.9853  NMI=0.9350  ARI=0.9551  0.0s

=== P1L_S3_C3 test[0] k=3  dim=576  frames=114  σ=0.5  fold=7 ===
  TKSS: k_hat=3  ACC=0.9825  NMI=0.9372  ARI=0.9534  0.0s

=== P1L_S4_C1 test[0] k=3  dim=576  frames=202  σ=0.5  fold=7 ===
  TKSS: k_hat=3  ACC=0.9901  NMI=0.9593  ARI=0.9706  0.0s

=== P1L_S4_C2 test[0] k=3  dim=576  frames=153  σ=0.5  fold=7 ===
  TKSS: k_hat=3  ACC=0.8497  NMI=0.6912  ARI=0.6459  0.1s

=== P1L_S4_C3 test[0] k=3  dim=576  frames=107  σ=0.5  fold=7 ===
  TKSS: k_hat=3  ACC=0.9813  NMI=0.9338  ARI=0.9463  0.0s

=== inference time per method ===
  TKSS: mean=0.0498s  std=0.0511s  total=76.5s  n=1536
wrote /nfs/turbo/umms-minjilab/lpullela/icassp_ssc_tv2/block_ssc_benchmark/cv/results/surveillance/split_k3_sigmas_min30_trials20_knownk_cv_tkss_k3_sigma0p5_timing.json

=== mean over matrices ===
  TKSS train σ=0.5: ACC=0.9121  NMI=0.8082  ARI=0.7884  n=1344
  TKSS test σ=0.5: ACC=0.9121  NMI=0.8082  ARI=0.7884  n=192

wrote /nfs/turbo/umms-minjilab/lpullela/icassp_ssc_tv2/block_ssc_benchmark/cv/results/surveillance/split_k3_sigmas_min30_trials20_knownk_cv_tkss_k3_sigma0p5.csv
end=Sun Sep  6 19:02:42 EDT 2026
Experiment completed!
