========================================
Job: cv_tkss_k3_s0
Method: TKSS  k: 3  sigma: 0.0  tune_pool_groups: 20
========================================
host=gl3294.arc-ts.umich.edu  python=/home/lpullela/miniconda3/envs/ssc_559/bin/python  start=Sun Sep  6 18:11:32 EDT 2026
Loading P1E_S1_C1
  Y: (576, 1236)  people=25  frames/person=[60, 61, 50, 48, 51, 35, 41, 56, 55, 49, 65, 50, 63, 38, 61, 48, 50, 49, 50, 30, 42, 60, 32, 39, 53]  min=30
Loading P1E_S1_C2
  Y: (576, 1031)  people=25  frames/person=[42, 48, 31, 35, 50, 45, 30, 32, 38, 40, 61, 41, 47, 33, 46, 36, 41, 45, 42, 36, 33, 50, 53, 33, 43]  min=30
Loading P1E_S1_C3
  Y: (576, 453)  people=25  frames/person=[15, 22, 16, 16, 17, 13, 14, 19, 14, 25, 26, 12, 21, 18, 22, 19, 13, 19, 16, 15, 8, 15, 30, 20, 28]  min=8
  warning: 24 people have fewer than 30 available frames (kept all)
Loading P1E_S2_C1
  Y: (576, 1256)  people=25  frames/person=[65, 50, 50, 51, 53, 48, 49, 60, 33, 48, 61, 58, 52, 32, 55, 35, 45, 53, 40, 53, 51, 65, 64, 42, 43]  min=32
Loading P1E_S2_C2
  Y: (576, 1042)  people=25  frames/person=[33, 48, 38, 41, 53, 36, 39, 47, 51, 36, 55, 44, 43, 25, 42, 41, 37, 45, 41, 38, 40, 54, 49, 33, 33]  min=25
  warning: 1 people have fewer than 30 available frames (kept all)
Loading P1E_S2_C3
  Y: (576, 816)  people=25  frames/person=[36, 33, 28, 32, 42, 37, 31, 36, 31, 23, 42, 36, 35, 20, 33, 33, 32, 32, 32, 29, 32, 42, 38, 27, 24]  min=20
  warning: 6 people have fewer than 30 available frames (kept all)
Loading P1E_S3_C1
  Y: (576, 1255)  people=25  frames/person=[43, 39, 47, 52, 58, 96, 42, 31, 79, 33, 67, 55, 44, 34, 40, 48, 54, 77, 45, 41, 46, 53, 56, 38, 37]  min=31
Loading P1E_S3_C2
  Y: (576, 1126)  people=25  frames/person=[57, 56, 35, 40, 49, 75, 34, 40, 70, 26, 65, 54, 43, 28, 32, 43, 48, 31, 36, 33, 42, 71, 57, 30, 31]  min=26
  warning: 2 people have fewer than 30 available frames (kept all)
Loading P1E_S3_C3
  Y: (576, 866)  people=25  frames/person=[43, 36, 24, 33, 37, 47, 29, 37, 55, 18, 40, 40, 31, 22, 30, 39, 35, 45, 30, 28, 30, 50, 42, 20, 25]  min=18
  warning: 7 people have fewer than 30 available frames (kept all)
Loading P1E_S4_C1
  Y: (576, 1247)  people=25  frames/person=[58, 54, 34, 56, 50, 59, 50, 56, 74, 38, 75, 35, 46, 31, 53, 40, 57, 32, 56, 33, 48, 67, 59, 48, 38]  min=31
Loading P1E_S4_C2
  Y: (576, 1051)  people=25  frames/person=[37, 37, 41, 46, 41, 49, 38, 45, 65, 30, 39, 48, 50, 34, 43, 36, 47, 52, 45, 37, 38, 50, 30, 37, 36]  min=30
Loading P1E_S4_C3
  Y: (576, 719)  people=25  frames/person=[28, 29, 22, 29, 24, 36, 31, 29, 33, 25, 37, 19, 28, 21, 25, 27, 25, 41, 27, 29, 26, 31, 45, 29, 23]  min=19
  warning: 18 people have fewer than 30 available frames (kept all)
Loading P1L_S1_C1
  Y: (576, 1391)  people=25  frames/person=[65, 68, 43, 64, 47, 40, 58, 33, 75, 41, 58, 72, 58, 49, 66, 67, 65, 43, 59, 57, 58, 51, 67, 32, 55]  min=32
Loading P1L_S1_C2
  Y: (576, 1309)  people=25  frames/person=[30, 65, 37, 63, 66, 54, 52, 52, 43, 49, 71, 49, 58, 48, 54, 66, 56, 36, 48, 49, 55, 66, 52, 39, 51]  min=30
Loading P1L_S1_C3
  Y: (576, 565)  people=25  frames/person=[27, 29, 20, 26, 19, 25, 22, 12, 28, 25, 20, 25, 23, 18, 21, 23, 25, 26, 23, 21, 18, 18, 30, 18, 23]  min=12
  warning: 24 people have fewer than 30 available frames (kept all)
Loading P1L_S2_C1
  Y: (576, 1470)  people=25  frames/person=[73, 68, 53, 64, 65, 41, 73, 55, 37, 31, 82, 75, 63, 45, 34, 48, 74, 84, 71, 64, 62, 65, 48, 33, 62]  min=31
Loading P1L_S2_C2
  Y: (576, 1393)  people=25  frames/person=[64, 65, 49, 62, 69, 69, 63, 61, 80, 34, 89, 57, 53, 52, 55, 38, 30, 30, 66, 36, 57, 51, 73, 41, 49]  min=30
Loading P1L_S2_C3
  Y: (576, 897)  people=25  frames/person=[40, 36, 29, 28, 35, 37, 36, 36, 50, 28, 55, 46, 34, 31, 35, 32, 30, 48, 37, 29, 36, 39, 45, 19, 26]  min=19
  warning: 6 people have fewer than 30 available frames (kept all)
Loading P1L_S3_C1
  Y: (576, 1329)  people=25  frames/person=[31, 33, 30, 51, 74, 75, 59, 65, 66, 43, 47, 39, 65, 50, 58, 71, 67, 36, 57, 35, 62, 31, 74, 59, 51]  min=30
Loading P1L_S3_C2
  Y: (576, 1472)  people=25  frames/person=[78, 38, 48, 51, 54, 71, 61, 71, 32, 50, 75, 38, 72, 63, 48, 67, 49, 87, 52, 56, 58, 85, 73, 56, 39]  min=32
Loading P1L_S3_C3
  Y: (576, 1105)  people=25  frames/person=[48, 44, 38, 38, 39, 45, 35, 55, 52, 26, 81, 39, 36, 36, 44, 54, 42, 61, 38, 31, 34, 53, 51, 44, 41]  min=26
  warning: 1 people have fewer than 30 available frames (kept all)
Loading P1L_S4_C1
  Y: (576, 1443)  people=25  frames/person=[50, 69, 44, 41, 78, 43, 32, 71, 45, 65, 59, 39, 56, 57, 68, 69, 70, 73, 51, 63, 47, 70, 57, 52, 74]  min=32
Loading P1L_S4_C2
  Y: (576, 1327)  people=25  frames/person=[71, 34, 39, 54, 63, 67, 52, 39, 52, 56, 59, 50, 51, 53, 63, 50, 71, 63, 48, 35, 31, 71, 43, 52, 60]  min=31
Loading P1L_S4_C3
  Y: (576, 880)  people=25  frames/person=[37, 41, 23, 26, 32, 34, 22, 32, 50, 29, 38, 44, 31, 34, 37, 39, 39, 39, 38, 26, 25, 50, 41, 33, 40]  min=22
  warning: 6 people have fewer than 30 available frames (kept all)
sequences=24  people=25  k=3
frames/person ~ Unif[30, 100]
down_hw=24  sigmas=(0.0,)  n_trials=20  known_k=True  csv=split_k3_clean_min30_trials20_knownk_scaled_cv_tkss_k3_sigma0.csv
SSC-Block-TV block_size searched in [2, 12]
CV mode: 8 folds of size 3, each rotated as test
  1 people unused (remainder dropped)
  group 0: ['0006', '0013', '0022']
  group 1: ['0004', '0014', '0027']
  group 2: ['0009', '0019', '0026']
  group 3: ['0005', '0024', '0025']
  group 4: ['0001', '0011', '0023']
  group 5: ['0015', '0016', '0021']
  group 6: ['0007', '0010', '0020']
  group 7: ['0003', '0012', '0017']
methods=['TKSS']  append=False  hetero_noise=False  no_tune=False
  tune_pool_groups=20: sampling from 22 held-in people (overlap allowed) instead of the 7 fixed partition group(s)

============================================================
σ=0.0 fold=0  test=['0006', '0013', '0022']  train mats=168  test mats=24  tune mats=480
  --- tune TKSS over 480 train mats  n_trials=30 (3 params) ---
  TKSS trial 0: mean ARI=0.7276  n=480  18.4s  d=5, lam=1, s=2
  TKSS trial 1: mean ARI=0.7096  n=480  19.3s  d=9, lam=1.398, s=4
  TKSS trial 2: mean ARI=0.7139  n=480  15.5s  d=9, lam=0.1866, s=4
  TKSS trial 3: mean ARI=0.6805  n=480  24.4s  d=7, lam=4.735, s=6
  TKSS trial 4: mean ARI=0.6971  n=480  23.1s  d=6, lam=2.372, s=4
  TKSS trial 5: mean ARI=0.7376  n=480  10.6s  d=9, lam=5.981, s=1
  TKSS trial 6: mean ARI=0.7102  n=480  27.8s  d=2, lam=0.0115, s=5
  TKSS trial 7: mean ARI=0.7023  n=480  21.1s  d=12, lam=4.074, s=6
  TKSS trial 8: mean ARI=0.7090  n=480  18.5s  d=12, lam=0.2423, s=5
  TKSS trial 9: mean ARI=0.7054  n=480  28.8s  d=2, lam=0.8313, s=1
  TKSS trial 10: mean ARI=0.7387  n=480  7.4s  d=15, lam=0.01456, s=2
  TKSS trial 11: mean ARI=0.7388  n=480  7.5s  d=15, lam=0.01211, s=2
  TKSS trial 12: mean ARI=0.7385  n=480  7.5s  d=15, lam=0.01507, s=2
  TKSS trial 13: mean ARI=0.7375  n=480  7.3s  d=15, lam=0.03917, s=2
  TKSS trial 14: mean ARI=0.7352  n=480  8.2s  d=13, lam=0.0318, s=3
  TKSS trial 15: mean ARI=0.7328  n=480  8.7s  d=14, lam=0.05946, s=3
  TKSS trial 16: mean ARI=0.7314  n=480  10.6s  d=12, lam=0.1021, s=3
  TKSS trial 17: mean ARI=0.7389  n=480  7.4s  d=15, lam=0.02131, s=1
  TKSS trial 18: mean ARI=0.7393  n=480  8.6s  d=11, lam=0.02644, s=1
  TKSS trial 19: mean ARI=0.7387  n=480  9.0s  d=10, lam=0.03045, s=1
  TKSS trial 20: mean ARI=0.7389  n=480  8.4s  d=11, lam=0.09757, s=1
  TKSS trial 21: mean ARI=0.7389  n=480  8.5s  d=11, lam=0.09373, s=1
  TKSS trial 22: mean ARI=0.7392  n=480  8.9s  d=11, lam=0.3437, s=1
  TKSS trial 23: mean ARI=0.7390  n=480  9.3s  d=10, lam=0.3912, s=1
  TKSS trial 24: mean ARI=0.7377  n=480  11.0s  d=8, lam=0.428, s=1
  TKSS trial 25: mean ARI=0.7336  n=480  10.7s  d=10, lam=0.3768, s=2
  TKSS trial 26: mean ARI=0.7381  n=480  8.3s  d=13, lam=0.488, s=1
  TKSS trial 27: mean ARI=0.7371  n=480  18.2s  d=4, lam=0.1997, s=2
  TKSS trial 28: mean ARI=0.7361  n=480  12.5s  d=7, lam=2.266, s=1
  TKSS trial 29: mean ARI=0.7323  n=480  12.6s  d=10, lam=9.072, s=2
    best mean ARI=0.7393  tune 398.3s  d=11, lam=0.02644, s=1
  wrote /nfs/turbo/umms-minjilab/lpullela/icassp_ssc_tv2/block_ssc_benchmark/cv/params/surveillance/split_k3_clean_min30_trials20_knownk_scaled_params_cv_tkss_k3_sigma0_sigma0_fold0.json

=== P1E_S1_C1 train[0] k=3  dim=576  frames=153  σ=0.0  fold=0 ===
  TKSS: k_hat=3  ACC=0.9804  NMI=0.9203  ARI=0.9418  0.0s

=== P1E_S1_C1 train[1] k=3  dim=576  frames=130  σ=0.0  fold=0 ===
  TKSS: k_hat=3  ACC=0.9462  NMI=0.8311  ARI=0.8415  0.0s

=== P1E_S1_C1 train[2] k=3  dim=576  frames=140  σ=0.0  fold=0 ===
  TKSS: k_hat=3  ACC=0.8714  NMI=0.7299  ARI=0.6799  0.0s

=== P1E_S1_C1 train[3] k=3  dim=576  frames=157  σ=0.0  fold=0 ===
  TKSS: k_hat=3  ACC=0.8790  NMI=0.7073  ARI=0.6848  0.0s

=== P1E_S1_C1 train[4] k=3  dim=576  frames=151  σ=0.0  fold=0 ===
  TKSS: k_hat=3  ACC=0.9073  NMI=0.7862  ARI=0.7590  0.0s

=== P1E_S1_C1 train[5] k=3  dim=576  frames=140  σ=0.0  fold=0 ===
  TKSS: k_hat=3  ACC=0.9071  NMI=0.7716  ARI=0.7544  0.0s

=== P1E_S1_C1 train[6] k=3  dim=576  frames=171  σ=0.0  fold=0 ===
  TKSS: k_hat=3  ACC=0.9532  NMI=0.8448  ARI=0.8658  0.0s

=== P1E_S1_C2 train[0] k=3  dim=576  frames=115  σ=0.0  fold=0 ===
  TKSS: k_hat=3  ACC=0.9043  NMI=0.7496  ARI=0.7426  0.0s

=== P1E_S1_C2 train[1] k=3  dim=576  frames=104  σ=0.0  fold=0 ===
  TKSS: k_hat=3  ACC=0.9423  NMI=0.8204  ARI=0.8294  0.0s

=== P1E_S1_C2 train[2] k=3  dim=576  frames=138  σ=0.0  fold=0 ===
  TKSS: k_hat=3  ACC=0.8696  NMI=0.6946  ARI=0.6647  0.0s

=== P1E_S1_C2 train[3] k=3  dim=576  frames=113  σ=0.0  fold=0 ===
  TKSS: k_hat=3  ACC=0.9115  NMI=0.7589  ARI=0.7566  0.0s

=== P1E_S1_C2 train[4] k=3  dim=576  frames=122  σ=0.0  fold=0 ===
  TKSS: k_hat=3  ACC=0.9344  NMI=0.8210  ARI=0.8190  0.0s

=== P1E_S1_C2 train[5] k=3  dim=576  frames=122  σ=0.0  fold=0 ===
  TKSS: k_hat=3  ACC=0.9262  NMI=0.7864  ARI=0.7946  0.0s

=== P1E_S1_C2 train[6] k=3  dim=576  frames=134  σ=0.0  fold=0 ===
  TKSS: k_hat=3  ACC=0.9627  NMI=0.8749  ARI=0.8920  0.0s

=== P1E_S1_C3 train[0] k=3  dim=576  frames=56  σ=0.0  fold=0 ===
  TKSS: k_hat=3  ACC=0.8036  NMI=0.6449  ARI=0.5506  0.0s

=== P1E_S1_C3 train[1] k=3  dim=576  frames=47  σ=0.0  fold=0 ===
  TKSS: k_hat=3  ACC=0.8936  NMI=0.7440  ARI=0.7094  0.0s

=== P1E_S1_C3 train[2] k=3  dim=576  frames=61  σ=0.0  fold=0 ===
  TKSS: k_hat=3  ACC=0.7869  NMI=0.6115  ARI=0.5197  0.0s

=== P1E_S1_C3 train[3] k=3  dim=576  frames=37  σ=0.0  fold=0 ===
  TKSS: k_hat=3  ACC=0.7838  NMI=0.5996  ARI=0.4944  0.0s

=== P1E_S1_C3 train[4] k=3  dim=576  frames=55  σ=0.0  fold=0 ===
  TKSS: k_hat=3  ACC=0.8909  NMI=0.7251  ARI=0.7045  0.0s

=== P1E_S1_C3 train[5] k=3  dim=576  frames=51  σ=0.0  fold=0 ===
  TKSS: k_hat=3  ACC=0.8824  NMI=0.7161  ARI=0.6853  0.0s

=== P1E_S1_C3 train[6] k=3  dim=576  frames=69  σ=0.0  fold=0 ===
  TKSS: k_hat=3  ACC=0.9710  NMI=0.8905  ARI=0.9115  0.0s

=== P1E_S2_C1 train[0] k=3  dim=576  frames=151  σ=0.0  fold=0 ===
  TKSS: k_hat=3  ACC=0.9470  NMI=0.8626  ARI=0.8518  0.0s

=== P1E_S2_C1 train[1] k=3  dim=576  frames=136  σ=0.0  fold=0 ===
  TKSS: k_hat=3  ACC=0.9412  NMI=0.8198  ARI=0.8353  0.0s

=== P1E_S2_C1 train[2] k=3  dim=576  frames=180  σ=0.0  fold=0 ===
  TKSS: k_hat=3  ACC=0.9333  NMI=0.8087  ARI=0.8160  0.0s

=== P1E_S2_C1 train[3] k=3  dim=576  frames=149  σ=0.0  fold=0 ===
  TKSS: k_hat=3  ACC=0.8859  NMI=0.7607  ARI=0.7152  0.0s

=== P1E_S2_C1 train[4] k=3  dim=576  frames=124  σ=0.0  fold=0 ===
  TKSS: k_hat=3  ACC=0.8952  NMI=0.7548  ARI=0.7288  0.0s

=== P1E_S2_C1 train[5] k=3  dim=576  frames=161  σ=0.0  fold=0 ===
  TKSS: k_hat=3  ACC=0.9627  NMI=0.8761  ARI=0.8909  0.0s

=== P1E_S2_C1 train[6] k=3  dim=576  frames=153  σ=0.0  fold=0 ===
  TKSS: k_hat=3  ACC=0.9673  NMI=0.8865  ARI=0.9048  0.0s

=== P1E_S2_C2 train[0] k=3  dim=576  frames=115  σ=0.0  fold=0 ===
  TKSS: k_hat=3  ACC=0.9652  NMI=0.8964  ARI=0.8993  0.0s

=== P1E_S2_C2 train[1] k=3  dim=576  frames=109  σ=0.0  fold=0 ===
  TKSS: k_hat=3  ACC=0.9450  NMI=0.8290  ARI=0.8443  0.0s

=== P1E_S2_C2 train[2] k=3  dim=576  frames=144  σ=0.0  fold=0 ===
  TKSS: k_hat=3  ACC=0.9444  NMI=0.8399  ARI=0.8440  0.0s

=== P1E_S2_C2 train[3] k=3  dim=576  frames=124  σ=0.0  fold=0 ===
  TKSS: k_hat=3  ACC=0.9194  NMI=0.7836  ARI=0.7728  0.0s

=== P1E_S2_C2 train[4] k=3  dim=576  frames=109  σ=0.0  fold=0 ===
  TKSS: k_hat=3  ACC=0.8991  NMI=0.7398  ARI=0.7322  0.0s

=== P1E_S2_C2 train[5] k=3  dim=576  frames=128  σ=0.0  fold=0 ===
  TKSS: k_hat=3  ACC=0.9375  NMI=0.8165  ARI=0.8248  0.0s

=== P1E_S2_C2 train[6] k=3  dim=576  frames=126  σ=0.0  fold=0 ===
  TKSS: k_hat=3  ACC=0.9603  NMI=0.8868  ARI=0.8866  0.0s

=== P1E_S2_C3 train[0] k=3  dim=576  frames=88  σ=0.0  fold=0 ===
  TKSS: k_hat=3  ACC=0.9205  NMI=0.7919  ARI=0.7751  0.0s

=== P1E_S2_C3 train[1] k=3  dim=576  frames=90  σ=0.0  fold=0 ===
  TKSS: k_hat=3  ACC=0.9667  NMI=0.8797  ARI=0.8991  0.0s

=== P1E_S2_C3 train[2] k=3  dim=576  frames=112  σ=0.0  fold=0 ===
  TKSS: k_hat=3  ACC=0.9554  NMI=0.8778  ARI=0.8744  0.0s

=== P1E_S2_C3 train[3] k=3  dim=576  frames=99  σ=0.0  fold=0 ===
  TKSS: k_hat=3  ACC=0.9495  NMI=0.8375  ARI=0.8558  0.0s

=== P1E_S2_C3 train[4] k=3  dim=576  frames=87  σ=0.0  fold=0 ===
  TKSS: k_hat=3  ACC=0.8966  NMI=0.7369  ARI=0.7243  0.0s

=== P1E_S2_C3 train[5] k=3  dim=576  frames=105  σ=0.0  fold=0 ===
  TKSS: k_hat=3  ACC=0.9524  NMI=0.8438  ARI=0.8624  0.0s

=== P1E_S2_C3 train[6] k=3  dim=576  frames=89  σ=0.0  fold=0 ===
  TKSS: k_hat=3  ACC=0.9213  NMI=0.7771  ARI=0.7812  0.0s

=== P1E_S3_C1 train[0] k=3  dim=576  frames=139  σ=0.0  fold=0 ===
  TKSS: k_hat=3  ACC=0.9209  NMI=0.8022  ARI=0.7861  0.0s

=== P1E_S3_C1 train[1] k=3  dim=576  frames=134  σ=0.0  fold=0 ===
  TKSS: k_hat=3  ACC=0.9254  NMI=0.7868  ARI=0.7843  0.0s

=== P1E_S3_C1 train[2] k=3  dim=576  frames=161  σ=0.0  fold=0 ===
  TKSS: k_hat=3  ACC=0.9814  NMI=0.9234  ARI=0.9445  0.0s

=== P1E_S3_C1 train[3] k=3  dim=576  frames=168  σ=0.0  fold=0 ===
  TKSS: k_hat=3  ACC=0.8810  NMI=0.6949  ARI=0.6575  0.0s

=== P1E_S3_C1 train[4] k=3  dim=576  frames=123  σ=0.0  fold=0 ===
  TKSS: k_hat=3  ACC=0.9431  NMI=0.8219  ARI=0.8382  0.0s

=== P1E_S3_C1 train[5] k=3  dim=576  frames=204  σ=0.0  fold=0 ===
  TKSS: k_hat=3  ACC=0.8284  NMI=0.6577  ARI=0.6104  0.0s

=== P1E_S3_C1 train[6] k=3  dim=576  frames=112  σ=0.0  fold=0 ===
  TKSS: k_hat=3  ACC=0.9643  NMI=0.8727  ARI=0.8957  0.0s

=== P1E_S3_C2 train[0] k=3  dim=576  frames=120  σ=0.0  fold=0 ===
  TKSS: k_hat=3  ACC=0.8750  NMI=0.6950  ARI=0.6498  0.0s

=== P1E_S3_C2 train[1] k=3  dim=576  frames=112  σ=0.0  fold=0 ===
  TKSS: k_hat=3  ACC=0.9018  NMI=0.7446  ARI=0.7208  0.0s

=== P1E_S3_C2 train[2] k=3  dim=576  frames=168  σ=0.0  fold=0 ===
  TKSS: k_hat=3  ACC=0.8988  NMI=0.7767  ARI=0.7403  0.0s

=== P1E_S3_C2 train[3] k=3  dim=576  frames=169  σ=0.0  fold=0 ===
  TKSS: k_hat=3  ACC=0.9053  NMI=0.7845  ARI=0.7529  0.0s

=== P1E_S3_C2 train[4] k=3  dim=576  frames=107  σ=0.0  fold=0 ===
  TKSS: k_hat=3  ACC=0.9252  NMI=0.8299  ARI=0.7997  0.0s

=== P1E_S3_C2 train[5] k=3  dim=576  frames=146  σ=0.0  fold=0 ===
  TKSS: k_hat=3  ACC=0.6918  NMI=0.5407  ARI=0.4144  0.0s

=== P1E_S3_C2 train[6] k=3  dim=576  frames=114  σ=0.0  fold=0 ===
  TKSS: k_hat=3  ACC=0.7895  NMI=0.6229  ARI=0.5362  0.0s

=== P1E_S3_C3 train[0] k=3  dim=576  frames=89  σ=0.0  fold=0 ===
  TKSS: k_hat=3  ACC=0.8876  NMI=0.7084  ARI=0.6740  0.0s

=== P1E_S3_C3 train[1] k=3  dim=576  frames=84  σ=0.0  fold=0 ===
  TKSS: k_hat=3  ACC=0.8929  NMI=0.7576  ARI=0.7220  0.0s

=== P1E_S3_C3 train[2] k=3  dim=576  frames=125  σ=0.0  fold=0 ===
  TKSS: k_hat=3  ACC=0.9360  NMI=0.8453  ARI=0.8256  0.0s

=== P1E_S3_C3 train[3] k=3  dim=576  frames=128  σ=0.0  fold=0 ===
  TKSS: k_hat=3  ACC=0.8906  NMI=0.7624  ARI=0.7196  0.0s

=== P1E_S3_C3 train[4] k=3  dim=576  frames=83  σ=0.0  fold=0 ===
  TKSS: k_hat=3  ACC=0.9157  NMI=0.7658  ARI=0.7637  0.0s

=== P1E_S3_C3 train[5] k=3  dim=576  frames=129  σ=0.0  fold=0 ===
  TKSS: k_hat=3  ACC=0.9535  NMI=0.8477  ARI=0.8663  0.0s

=== P1E_S3_C3 train[6] k=3  dim=576  frames=84  σ=0.0  fold=0 ===
  TKSS: k_hat=3  ACC=0.8810  NMI=0.7262  ARI=0.6948  0.0s

=== P1E_S4_C1 train[0] k=3  dim=576  frames=107  σ=0.0  fold=0 ===
  TKSS: k_hat=3  ACC=0.9720  NMI=0.8951  ARI=0.9167  0.0s

=== P1E_S4_C1 train[1] k=3  dim=576  frames=155  σ=0.0  fold=0 ===
  TKSS: k_hat=3  ACC=0.9677  NMI=0.8869  ARI=0.9041  0.0s

=== P1E_S4_C1 train[2] k=3  dim=576  frames=182  σ=0.0  fold=0 ===
  TKSS: k_hat=3  ACC=0.9670  NMI=0.8810  ARI=0.9018  0.0s

=== P1E_S4_C1 train[3] k=3  dim=576  frames=180  σ=0.0  fold=0 ===
  TKSS: k_hat=3  ACC=0.9222  NMI=0.7952  ARI=0.7832  0.0s

=== P1E_S4_C1 train[4] k=3  dim=576  frames=133  σ=0.0  fold=0 ===
  TKSS: k_hat=3  ACC=0.9023  NMI=0.7634  ARI=0.7432  0.0s

=== P1E_S4_C1 train[5] k=3  dim=576  frames=147  σ=0.0  fold=0 ===
  TKSS: k_hat=3  ACC=0.8163  NMI=0.6303  ARI=0.5662  0.0s

=== P1E_S4_C1 train[6] k=3  dim=576  frames=145  σ=0.0  fold=0 ===
  TKSS: k_hat=3  ACC=0.9310  NMI=0.7970  ARI=0.8084  0.0s

=== P1E_S4_C2 train[0] k=3  dim=576  frames=125  σ=0.0  fold=0 ===
  TKSS: k_hat=3  ACC=0.9520  NMI=0.8710  ARI=0.8635  0.0s

=== P1E_S4_C2 train[1] k=3  dim=576  frames=122  σ=0.0  fold=0 ===
  TKSS: k_hat=3  ACC=0.9508  NMI=0.8398  ARI=0.8535  0.0s

=== P1E_S4_C2 train[2] k=3  dim=576  frames=126  σ=0.0  fold=0 ===
  TKSS: k_hat=3  ACC=0.8730  NMI=0.7100  ARI=0.6764  0.0s

=== P1E_S4_C2 train[3] k=3  dim=576  frames=140  σ=0.0  fold=0 ===
  TKSS: k_hat=3  ACC=0.8786  NMI=0.6922  ARI=0.6518  0.0s

=== P1E_S4_C2 train[4] k=3  dim=576  frames=129  σ=0.0  fold=0 ===
  TKSS: k_hat=3  ACC=0.9302  NMI=0.8039  ARI=0.8070  0.0s

=== P1E_S4_C2 train[5] k=3  dim=576  frames=146  σ=0.0  fold=0 ===
  TKSS: k_hat=3  ACC=0.9795  NMI=0.9174  ARI=0.9391  0.0s

=== P1E_S4_C2 train[6] k=3  dim=576  frames=110  σ=0.0  fold=0 ===
  TKSS: k_hat=3  ACC=0.9364  NMI=0.8221  ARI=0.8214  0.0s

=== P1E_S4_C3 train[0] k=3  dim=576  frames=64  σ=0.0  fold=0 ===
  TKSS: k_hat=3  ACC=0.9688  NMI=0.8848  ARI=0.9071  0.0s

=== P1E_S4_C3 train[1] k=3  dim=576  frames=85  σ=0.0  fold=0 ===
  TKSS: k_hat=3  ACC=0.9647  NMI=0.8960  ARI=0.8988  0.0s

=== P1E_S4_C3 train[2] k=3  dim=576  frames=105  σ=0.0  fold=0 ===
  TKSS: k_hat=3  ACC=0.8476  NMI=0.6674  ARI=0.6196  0.0s

=== P1E_S4_C3 train[3] k=3  dim=576  frames=87  σ=0.0  fold=0 ===
  TKSS: k_hat=3  ACC=0.9540  NMI=0.8509  ARI=0.8634  0.0s

=== P1E_S4_C3 train[4] k=3  dim=576  frames=76  σ=0.0  fold=0 ===
  TKSS: k_hat=3  ACC=0.9474  NMI=0.8374  ARI=0.8501  0.0s

=== P1E_S4_C3 train[5] k=3  dim=576  frames=106  σ=0.0  fold=0 ===
  TKSS: k_hat=3  ACC=0.9434  NMI=0.8339  ARI=0.8400  0.0s

=== P1E_S4_C3 train[6] k=3  dim=576  frames=79  σ=0.0  fold=0 ===
  TKSS: k_hat=3  ACC=0.9367  NMI=0.8094  ARI=0.8204  0.0s

=== P1L_S1_C1 train[0] k=3  dim=576  frames=170  σ=0.0  fold=0 ===
  TKSS: k_hat=3  ACC=0.8941  NMI=0.7469  ARI=0.7154  0.0s

=== P1L_S1_C1 train[1] k=3  dim=576  frames=155  σ=0.0  fold=0 ===
  TKSS: k_hat=3  ACC=0.8258  NMI=0.6510  ARI=0.5883  0.0s

=== P1L_S1_C1 train[2] k=3  dim=576  frames=182  σ=0.0  fold=0 ===
  TKSS: k_hat=3  ACC=0.9341  NMI=0.8049  ARI=0.8144  0.1s

=== P1L_S1_C1 train[3] k=3  dim=576  frames=198  σ=0.0  fold=0 ===
  TKSS: k_hat=3  ACC=0.9545  NMI=0.8612  ARI=0.8692  0.0s

=== P1L_S1_C1 train[4] k=3  dim=576  frames=166  σ=0.0  fold=0 ===
  TKSS: k_hat=3  ACC=0.9639  NMI=0.8715  ARI=0.8950  0.0s

=== P1L_S1_C1 train[5] k=3  dim=576  frames=116  σ=0.0  fold=0 ===
  TKSS: k_hat=3  ACC=0.9397  NMI=0.8185  ARI=0.8280  0.0s

=== P1L_S1_C1 train[6] k=3  dim=576  frames=175  σ=0.0  fold=0 ===
  TKSS: k_hat=3  ACC=0.9029  NMI=0.7442  ARI=0.7414  0.0s

=== P1L_S1_C2 train[0] k=3  dim=576  frames=137  σ=0.0  fold=0 ===
  TKSS: k_hat=3  ACC=0.9051  NMI=0.7496  ARI=0.7435  0.0s

=== P1L_S1_C2 train[1] k=3  dim=576  frames=147  σ=0.0  fold=0 ===
  TKSS: k_hat=3  ACC=0.9116  NMI=0.7702  ARI=0.7617  0.0s

=== P1L_S1_C2 train[2] k=3  dim=576  frames=181  σ=0.0  fold=0 ===
  TKSS: k_hat=3  ACC=0.9337  NMI=0.8090  ARI=0.8155  0.0s

=== P1L_S1_C2 train[3] k=3  dim=576  frames=128  σ=0.0  fold=0 ===
  TKSS: k_hat=3  ACC=0.8125  NMI=0.6220  ARI=0.5546  0.0s

=== P1L_S1_C2 train[4] k=3  dim=576  frames=154  σ=0.0  fold=0 ===
  TKSS: k_hat=3  ACC=0.9351  NMI=0.8060  ARI=0.8189  0.0s

=== P1L_S1_C2 train[5] k=3  dim=576  frames=142  σ=0.0  fold=0 ===
  TKSS: k_hat=3  ACC=0.8732  NMI=0.6993  ARI=0.6713  0.0s

=== P1L_S1_C2 train[6] k=3  dim=576  frames=168  σ=0.0  fold=0 ===
  TKSS: k_hat=3  ACC=0.9345  NMI=0.8157  ARI=0.8185  0.0s

=== P1L_S1_C3 train[0] k=3  dim=576  frames=68  σ=0.0  fold=0 ===
  TKSS: k_hat=3  ACC=0.9706  NMI=0.9083  ARI=0.9139  0.0s

=== P1L_S1_C3 train[1] k=3  dim=576  frames=65  σ=0.0  fold=0 ===
  TKSS: k_hat=3  ACC=0.9231  NMI=0.7922  ARI=0.7834  0.0s

=== P1L_S1_C3 train[2] k=3  dim=576  frames=74  σ=0.0  fold=0 ===
  TKSS: k_hat=3  ACC=0.9189  NMI=0.7754  ARI=0.7761  0.0s

=== P1L_S1_C3 train[3] k=3  dim=576  frames=73  σ=0.0  fold=0 ===
  TKSS: k_hat=3  ACC=0.8630  NMI=0.6918  ARI=0.6489  0.0s

=== P1L_S1_C3 train[4] k=3  dim=576  frames=64  σ=0.0  fold=0 ===
  TKSS: k_hat=3  ACC=0.9531  NMI=0.8471  ARI=0.8643  0.0s

=== P1L_S1_C3 train[5] k=3  dim=576  frames=63  σ=0.0  fold=0 ===
  TKSS: k_hat=3  ACC=0.8571  NMI=0.6728  ARI=0.6378  0.0s

=== P1L_S1_C3 train[6] k=3  dim=576  frames=75  σ=0.0  fold=0 ===
  TKSS: k_hat=3  ACC=0.8933  NMI=0.7282  ARI=0.7119  0.0s

=== P1L_S2_C1 train[0] k=3  dim=576  frames=190  σ=0.0  fold=0 ===
  TKSS: k_hat=3  ACC=0.9368  NMI=0.8199  ARI=0.8208  0.0s

=== P1L_S2_C1 train[1] k=3  dim=576  frames=180  σ=0.0  fold=0 ===
  TKSS: k_hat=3  ACC=0.7778  NMI=0.5919  ARI=0.5068  0.0s

=== P1L_S2_C1 train[2] k=3  dim=576  frames=177  σ=0.0  fold=0 ===
  TKSS: k_hat=3  ACC=0.9096  NMI=0.7609  ARI=0.7560  0.0s

=== P1L_S2_C1 train[3] k=3  dim=576  frames=172  σ=0.0  fold=0 ===
  TKSS: k_hat=3  ACC=0.8837  NMI=0.7305  ARI=0.7055  0.0s

=== P1L_S2_C1 train[4] k=3  dim=576  frames=179  σ=0.0  fold=0 ===
  TKSS: k_hat=3  ACC=0.9162  NMI=0.7746  ARI=0.7726  0.0s

=== P1L_S2_C1 train[5] k=3  dim=576  frames=180  σ=0.0  fold=0 ===
  TKSS: k_hat=3  ACC=0.7667  NMI=0.5829  ARI=0.4928  0.0s

=== P1L_S2_C1 train[6] k=3  dim=576  frames=133  σ=0.0  fold=0 ===
  TKSS: k_hat=3  ACC=0.7368  NMI=0.5776  ARI=0.4697  0.0s

=== P1L_S2_C2 train[0] k=3  dim=576  frames=155  σ=0.0  fold=0 ===
  TKSS: k_hat=3  ACC=0.9677  NMI=0.8818  ARI=0.9032  0.0s

=== P1L_S2_C2 train[1] k=3  dim=576  frames=134  σ=0.0  fold=0 ===
  TKSS: k_hat=3  ACC=0.8358  NMI=0.6861  ARI=0.6144  0.0s

=== P1L_S2_C2 train[2] k=3  dim=576  frames=186  σ=0.0  fold=0 ===
  TKSS: k_hat=3  ACC=0.9409  NMI=0.8527  ARI=0.8374  0.0s

=== P1L_S2_C2 train[3] k=3  dim=576  frames=201  σ=0.0  fold=0 ===
  TKSS: k_hat=3  ACC=0.9353  NMI=0.8112  ARI=0.8139  0.0s

=== P1L_S2_C2 train[4] k=3  dim=576  frames=171  σ=0.0  fold=0 ===
  TKSS: k_hat=3  ACC=0.9298  NMI=0.8012  ARI=0.8044  0.0s

=== P1L_S2_C2 train[5] k=3  dim=576  frames=160  σ=0.0  fold=0 ===
  TKSS: k_hat=3  ACC=0.7500  NMI=0.5689  ARI=0.4711  0.0s

=== P1L_S2_C2 train[6] k=3  dim=576  frames=154  σ=0.0  fold=0 ===
  TKSS: k_hat=3  ACC=0.8961  NMI=0.7502  ARI=0.7324  0.0s

=== P1L_S2_C3 train[0] k=3  dim=576  frames=101  σ=0.0  fold=0 ===
  TKSS: k_hat=3  ACC=0.8812  NMI=0.7037  ARI=0.6622  0.0s

=== P1L_S2_C3 train[1] k=3  dim=576  frames=85  σ=0.0  fold=0 ===
  TKSS: k_hat=3  ACC=0.7882  NMI=0.6000  ARI=0.5142  0.0s

=== P1L_S2_C3 train[2] k=3  dim=576  frames=112  σ=0.0  fold=0 ===
  TKSS: k_hat=3  ACC=0.8661  NMI=0.6906  ARI=0.6613  0.0s

=== P1L_S2_C3 train[3] k=3  dim=576  frames=126  σ=0.0  fold=0 ===
  TKSS: k_hat=3  ACC=0.9365  NMI=0.8123  ARI=0.8154  0.0s

=== P1L_S2_C3 train[4] k=3  dim=576  frames=102  σ=0.0  fold=0 ===
  TKSS: k_hat=3  ACC=0.9706  NMI=0.9082  ARI=0.9141  0.0s

=== P1L_S2_C3 train[5] k=3  dim=576  frames=121  σ=0.0  fold=0 ===
  TKSS: k_hat=3  ACC=0.9174  NMI=0.7754  ARI=0.7735  0.0s

=== P1L_S2_C3 train[6] k=3  dim=576  frames=99  σ=0.0  fold=0 ===
  TKSS: k_hat=3  ACC=0.9495  NMI=0.8368  ARI=0.8547  0.0s

=== P1L_S3_C1 train[0] k=3  dim=576  frames=120  σ=0.0  fold=0 ===
  TKSS: k_hat=3  ACC=0.8250  NMI=0.6366  ARI=0.5764  0.0s

=== P1L_S3_C1 train[1] k=3  dim=576  frames=185  σ=0.0  fold=0 ===
  TKSS: k_hat=3  ACC=0.9730  NMI=0.8967  ARI=0.9189  0.0s

=== P1L_S3_C1 train[2] k=3  dim=576  frames=156  σ=0.0  fold=0 ===
  TKSS: k_hat=3  ACC=0.8590  NMI=0.7572  ARI=0.6678  0.0s

=== P1L_S3_C1 train[3] k=3  dim=576  frames=159  σ=0.0  fold=0 ===
  TKSS: k_hat=3  ACC=0.7987  NMI=0.6160  ARI=0.5399  0.0s

=== P1L_S3_C1 train[4] k=3  dim=576  frames=172  σ=0.0  fold=0 ===
  TKSS: k_hat=3  ACC=0.9535  NMI=0.8739  ARI=0.8686  0.0s

=== P1L_S3_C1 train[5] k=3  dim=576  frames=176  σ=0.0  fold=0 ===
  TKSS: k_hat=3  ACC=0.7727  NMI=0.5853  ARI=0.4969  0.0s

=== P1L_S3_C1 train[6] k=3  dim=576  frames=134  σ=0.0  fold=0 ===
  TKSS: k_hat=3  ACC=0.8433  NMI=0.6577  ARI=0.6136  0.0s

=== P1L_S3_C2 train[0] k=3  dim=576  frames=125  σ=0.0  fold=0 ===
  TKSS: k_hat=3  ACC=0.9200  NMI=0.7804  ARI=0.7800  0.0s

=== P1L_S3_C2 train[1] k=3  dim=576  frames=166  σ=0.0  fold=0 ===
  TKSS: k_hat=3  ACC=0.9639  NMI=0.8941  ARI=0.8971  0.0s

=== P1L_S3_C2 train[2] k=3  dim=576  frames=209  σ=0.0  fold=0 ===
  TKSS: k_hat=3  ACC=0.8995  NMI=0.7617  ARI=0.7391  0.0s

=== P1L_S3_C2 train[3] k=3  dim=576  frames=168  σ=0.0  fold=0 ===
  TKSS: k_hat=3  ACC=0.8512  NMI=0.7036  ARI=0.6452  0.0s

=== P1L_S3_C2 train[4] k=3  dim=576  frames=187  σ=0.0  fold=0 ===
  TKSS: k_hat=3  ACC=0.8877  NMI=0.7196  ARI=0.7042  0.0s

=== P1L_S3_C2 train[5] k=3  dim=576  frames=229  σ=0.0  fold=0 ===
  TKSS: k_hat=3  ACC=0.9389  NMI=0.8172  ARI=0.8280  0.1s

=== P1L_S3_C2 train[6] k=3  dim=576  frames=136  σ=0.0  fold=0 ===
  TKSS: k_hat=3  ACC=0.9412  NMI=0.8240  ARI=0.8346  0.0s

=== P1L_S3_C3 train[0] k=3  dim=576  frames=118  σ=0.0  fold=0 ===
  TKSS: k_hat=3  ACC=0.9746  NMI=0.9029  ARI=0.9254  0.0s

=== P1L_S3_C3 train[1] k=3  dim=576  frames=121  σ=0.0  fold=0 ===
  TKSS: k_hat=3  ACC=0.9421  NMI=0.8198  ARI=0.8351  0.0s

=== P1L_S3_C3 train[2] k=3  dim=576  frames=142  σ=0.0  fold=0 ===
  TKSS: k_hat=3  ACC=0.9155  NMI=0.7757  ARI=0.7716  0.0s

=== P1L_S3_C3 train[3] k=3  dim=576  frames=134  σ=0.0  fold=0 ===
  TKSS: k_hat=3  ACC=0.8881  NMI=0.7293  ARI=0.7059  0.0s

=== P1L_S3_C3 train[4] k=3  dim=576  frames=110  σ=0.0  fold=0 ===
  TKSS: k_hat=3  ACC=0.9909  NMI=0.9618  ARI=0.9723  0.0s

=== P1L_S3_C3 train[5] k=3  dim=576  frames=161  σ=0.0  fold=0 ===
  TKSS: k_hat=3  ACC=0.9130  NMI=0.7611  ARI=0.7610  0.0s

=== P1L_S3_C3 train[6] k=3  dim=576  frames=114  σ=0.0  fold=0 ===
  TKSS: k_hat=3  ACC=0.9035  NMI=0.7446  ARI=0.7429  0.0s

=== P1L_S4_C1 train[0] k=3  dim=576  frames=157  σ=0.0  fold=0 ===
  TKSS: k_hat=3  ACC=0.8153  NMI=0.6415  ARI=0.5725  0.0s

=== P1L_S4_C1 train[1] k=3  dim=576  frames=154  σ=0.0  fold=0 ===
  TKSS: k_hat=3  ACC=0.8766  NMI=0.7747  ARI=0.7039  0.0s

=== P1L_S4_C1 train[2] k=3  dim=576  frames=168  σ=0.0  fold=0 ===
  TKSS: k_hat=3  ACC=0.8988  NMI=0.7639  ARI=0.7352  0.0s

=== P1L_S4_C1 train[3] k=3  dim=576  frames=142  σ=0.0  fold=0 ===
  TKSS: k_hat=3  ACC=0.9718  NMI=0.8969  ARI=0.9176  0.0s

=== P1L_S4_C1 train[4] k=3  dim=576  frames=164  σ=0.0  fold=0 ===
  TKSS: k_hat=3  ACC=0.9451  NMI=0.8288  ARI=0.8436  0.0s

=== P1L_S4_C1 train[5] k=3  dim=576  frames=187  σ=0.0  fold=0 ===
  TKSS: k_hat=3  ACC=0.8449  NMI=0.6651  ARI=0.6203  0.0s

=== P1L_S4_C1 train[6] k=3  dim=576  frames=202  σ=0.0  fold=0 ===
  TKSS: k_hat=3  ACC=0.9901  NMI=0.9593  ARI=0.9706  0.0s

=== P1L_S4_C2 train[0] k=3  dim=576  frames=149  σ=0.0  fold=0 ===
  TKSS: k_hat=3  ACC=0.8658  NMI=0.6867  ARI=0.6554  0.0s

=== P1L_S4_C2 train[1] k=3  dim=576  frames=175  σ=0.0  fold=0 ===
  TKSS: k_hat=3  ACC=0.9200  NMI=0.7701  ARI=0.7673  0.0s

=== P1L_S4_C2 train[2] k=3  dim=576  frames=168  σ=0.0  fold=0 ===
  TKSS: k_hat=3  ACC=0.9107  NMI=0.7772  ARI=0.7553  0.0s

=== P1L_S4_C2 train[3] k=3  dim=576  frames=154  σ=0.0  fold=0 ===
  TKSS: k_hat=3  ACC=0.7338  NMI=0.5564  ARI=0.4489  0.0s

=== P1L_S4_C2 train[4] k=3  dim=576  frames=152  σ=0.0  fold=0 ===
  TKSS: k_hat=3  ACC=0.9737  NMI=0.9018  ARI=0.9223  0.0s

=== P1L_S4_C2 train[5] k=3  dim=576  frames=169  σ=0.0  fold=0 ===
  TKSS: k_hat=3  ACC=0.8994  NMI=0.7408  ARI=0.7343  0.0s

=== P1L_S4_C2 train[6] k=3  dim=576  frames=153  σ=0.0  fold=0 ===
  TKSS: k_hat=3  ACC=0.8105  NMI=0.6218  ARI=0.5547  0.0s

=== P1L_S4_C3 train[0] k=3  dim=576  frames=107  σ=0.0  fold=0 ===
  TKSS: k_hat=3  ACC=0.8505  NMI=0.6808  ARI=0.6330  0.0s

=== P1L_S4_C3 train[1] k=3  dim=576  frames=94  σ=0.0  fold=0 ===
  TKSS: k_hat=3  ACC=0.8936  NMI=0.7616  ARI=0.7278  0.0s

=== P1L_S4_C3 train[2] k=3  dim=576  frames=117  σ=0.0  fold=0 ===
  TKSS: k_hat=3  ACC=0.8718  NMI=0.7260  ARI=0.6806  0.0s

=== P1L_S4_C3 train[3] k=3  dim=576  frames=112  σ=0.0  fold=0 ===
  TKSS: k_hat=3  ACC=0.8839  NMI=0.7806  ARI=0.7113  0.0s

=== P1L_S4_C3 train[4] k=3  dim=576  frames=103  σ=0.0  fold=0 ===
  TKSS: k_hat=3  ACC=0.9417  NMI=0.8188  ARI=0.8342  0.0s

=== P1L_S4_C3 train[5] k=3  dim=576  frames=105  σ=0.0  fold=0 ===
  TKSS: k_hat=3  ACC=0.9524  NMI=0.8510  ARI=0.8633  0.0s

=== P1L_S4_C3 train[6] k=3  dim=576  frames=107  σ=0.0  fold=0 ===
  TKSS: k_hat=3  ACC=0.9346  NMI=0.8194  ARI=0.8187  0.0s

=== P1E_S1_C1 test[0] k=3  dim=576  frames=146  σ=0.0  fold=0 ===
  TKSS: k_hat=3  ACC=0.8493  NMI=0.6985  ARI=0.6388  0.0s

=== P1E_S1_C2 test[0] k=3  dim=576  frames=147  σ=0.0  fold=0 ===
  TKSS: k_hat=3  ACC=0.8912  NMI=0.7664  ARI=0.7235  0.0s

=== P1E_S1_C3 test[0] k=3  dim=576  frames=58  σ=0.0  fold=0 ===
  TKSS: k_hat=3  ACC=0.8793  NMI=0.7059  ARI=0.6565  0.0s

=== P1E_S2_C1 test[0] k=3  dim=576  frames=167  σ=0.0  fold=0 ===
  TKSS: k_hat=3  ACC=0.9701  NMI=0.8883  ARI=0.9101  0.0s

=== P1E_S2_C2 test[0] k=3  dim=576  frames=146  σ=0.0  fold=0 ===
  TKSS: k_hat=3  ACC=0.8904  NMI=0.7293  ARI=0.7103  0.0s

=== P1E_S2_C3 test[0] k=3  dim=576  frames=113  σ=0.0  fold=0 ===
  TKSS: k_hat=3  ACC=0.8850  NMI=0.7161  ARI=0.6940  0.0s

=== P1E_S3_C1 test[0] k=3  dim=576  frames=166  σ=0.0  fold=0 ===
  TKSS: k_hat=3  ACC=0.8916  NMI=0.7465  ARI=0.7191  0.0s

=== P1E_S3_C2 test[0] k=3  dim=576  frames=147  σ=0.0  fold=0 ===
  TKSS: k_hat=3  ACC=0.8912  NMI=0.7884  ARI=0.7280  0.0s

=== P1E_S3_C3 test[0] k=3  dim=576  frames=105  σ=0.0  fold=0 ===
  TKSS: k_hat=3  ACC=0.9143  NMI=0.7756  ARI=0.7670  0.0s

=== P1E_S4_C1 test[0] k=3  dim=576  frames=158  σ=0.0  fold=0 ===
  TKSS: k_hat=3  ACC=0.8608  NMI=0.7175  ARI=0.6508  0.0s

=== P1E_S4_C2 test[0] k=3  dim=576  frames=117  σ=0.0  fold=0 ===
  TKSS: k_hat=3  ACC=0.9658  NMI=0.8768  ARI=0.8997  0.0s

=== P1E_S4_C3 test[0] k=3  dim=576  frames=90  σ=0.0  fold=0 ===
  TKSS: k_hat=3  ACC=0.9222  NMI=0.7952  ARI=0.7808  0.0s

=== P1L_S1_C1 test[0] k=3  dim=576  frames=162  σ=0.0  fold=0 ===
  TKSS: k_hat=3  ACC=0.9321  NMI=0.8047  ARI=0.8115  0.0s

=== P1L_S1_C2 test[0] k=3  dim=576  frames=186  σ=0.0  fold=0 ===
  TKSS: k_hat=3  ACC=0.9140  NMI=0.7790  ARI=0.7707  0.0s

=== P1L_S1_C3 test[0] k=3  dim=576  frames=60  σ=0.0  fold=0 ===
  TKSS: k_hat=3  ACC=0.9667  NMI=0.8791  ARI=0.9004  0.0s

=== P1L_S2_C1 test[0] k=3  dim=576  frames=211  σ=0.0  fold=0 ===
  TKSS: k_hat=3  ACC=0.9384  NMI=0.8091  ARI=0.8193  0.0s

=== P1L_S2_C2 test[0] k=3  dim=576  frames=194  σ=0.0  fold=0 ===
  TKSS: k_hat=3  ACC=0.8247  NMI=0.6708  ARI=0.6005  0.0s

=== P1L_S2_C3 test[0] k=3  dim=576  frames=119  σ=0.0  fold=0 ===
  TKSS: k_hat=3  ACC=0.8739  NMI=0.6990  ARI=0.6507  0.0s

=== P1L_S3_C1 test[0] k=3  dim=576  frames=156  σ=0.0  fold=0 ===
  TKSS: k_hat=3  ACC=0.7628  NMI=0.5778  ARI=0.4790  0.0s

=== P1L_S3_C2 test[0] k=3  dim=576  frames=185  σ=0.0  fold=0 ===
  TKSS: k_hat=3  ACC=0.9405  NMI=0.8128  ARI=0.8230  0.1s

=== P1L_S3_C3 test[0] k=3  dim=576  frames=151  σ=0.0  fold=0 ===
  TKSS: k_hat=3  ACC=0.7947  NMI=0.5771  ARI=0.4627  0.0s

=== P1L_S4_C1 test[0] k=3  dim=576  frames=200  σ=0.0  fold=0 ===
  TKSS: k_hat=3  ACC=0.9150  NMI=0.7722  ARI=0.7708  0.0s

=== P1L_S4_C2 test[0] k=3  dim=576  frames=157  σ=0.0  fold=0 ===
  TKSS: k_hat=3  ACC=0.8217  NMI=0.6340  ARI=0.5729  0.0s

=== P1L_S4_C3 test[0] k=3  dim=576  frames=96  σ=0.0  fold=0 ===
  TKSS: k_hat=3  ACC=0.9375  NMI=0.8474  ARI=0.8275  0.0s
  tune_pool_groups=20: sampling from 22 held-in people (overlap allowed) instead of the 7 fixed partition group(s)

============================================================
σ=0.0 fold=1  test=['0004', '0014', '0027']  train mats=168  test mats=24  tune mats=480
  --- tune TKSS over 480 train mats  n_trials=30 (3 params) ---
  TKSS trial 0: mean ARI=0.7207  n=480  20.2s  d=5, lam=1, s=2
  TKSS trial 1: mean ARI=0.7087  n=480  22.0s  d=9, lam=1.398, s=4
  TKSS trial 2: mean ARI=0.7158  n=480  18.3s  d=9, lam=0.1866, s=4
  TKSS trial 3: mean ARI=0.6800  n=480  26.6s  d=7, lam=4.735, s=6
  TKSS trial 4: mean ARI=0.6927  n=480  23.3s  d=6, lam=2.372, s=4
  TKSS trial 5: mean ARI=0.7344  n=480  12.8s  d=9, lam=5.981, s=1
  TKSS trial 6: mean ARI=0.7091  n=480  27.8s  d=2, lam=0.0115, s=5
  TKSS trial 7: mean ARI=0.7015  n=480  22.2s  d=12, lam=4.074, s=6
  TKSS trial 8: mean ARI=0.7078  n=480  18.9s  d=12, lam=0.2423, s=5
  TKSS trial 9: mean ARI=0.7050  n=480  27.9s  d=2, lam=0.8313, s=1
  TKSS trial 10: mean ARI=0.7333  n=480  8.2s  d=15, lam=0.01456, s=2
  TKSS trial 11: mean ARI=0.7334  n=480  8.1s  d=15, lam=0.01211, s=2
  TKSS trial 12: mean ARI=0.7333  n=480  8.5s  d=14, lam=0.05267, s=1
  TKSS trial 13: mean ARI=0.7336  n=480  9.4s  d=12, lam=0.05219, s=2
  TKSS trial 14: mean ARI=0.7242  n=480  18.0s  d=11, lam=8.609, s=3
  TKSS trial 15: mean ARI=0.7343  n=480  11.9s  d=9, lam=0.3125, s=1
  TKSS trial 16: mean ARI=0.7345  n=480  12.0s  d=9, lam=0.3846, s=1
  TKSS trial 17: mean ARI=0.7324  n=480  13.5s  d=7, lam=0.4697, s=1
  TKSS trial 18: mean ARI=0.7304  n=480  20.5s  d=4, lam=0.1167, s=3
  TKSS trial 19: mean ARI=0.7352  n=480  10.1s  d=10, lam=0.06898, s=1
  TKSS trial 20: mean ARI=0.7302  n=480  11.6s  d=10, lam=0.06594, s=3
  TKSS trial 21: mean ARI=0.7348  n=480  11.7s  d=8, lam=0.03128, s=1
  TKSS trial 22: mean ARI=0.7334  n=480  13.0s  d=7, lam=0.02759, s=1
  TKSS trial 23: mean ARI=0.7321  n=480  12.7s  d=8, lam=0.1142, s=2
  TKSS trial 24: mean ARI=0.7346  n=480  9.2s  d=11, lam=0.0267, s=1
  TKSS trial 25: mean ARI=0.7338  n=480  8.8s  d=13, lam=0.02532, s=2
  TKSS trial 26: mean ARI=0.7346  n=480  9.5s  d=11, lam=0.02742, s=1
  TKSS trial 27: mean ARI=0.7329  n=480  10.3s  d=11, lam=0.07333, s=2
  TKSS trial 28: mean ARI=0.7383  n=480  17.8s  d=4, lam=0.03531, s=1
  TKSS trial 29: mean ARI=0.7350  n=480  19.5s  d=4, lam=0.1205, s=2
    best mean ARI=0.7383  tune 464.0s  d=4, lam=0.03531, s=1
  wrote /nfs/turbo/umms-minjilab/lpullela/icassp_ssc_tv2/block_ssc_benchmark/cv/params/surveillance/split_k3_clean_min30_trials20_knownk_scaled_params_cv_tkss_k3_sigma0_sigma0_fold1.json

=== P1E_S1_C1 train[0] k=3  dim=576  frames=146  σ=0.0  fold=1 ===
  TKSS: k_hat=3  ACC=0.8014  NMI=0.6111  ARI=0.5232  0.1s

=== P1E_S1_C1 train[1] k=3  dim=576  frames=130  σ=0.0  fold=1 ===
  TKSS: k_hat=3  ACC=0.9385  NMI=0.8111  ARI=0.8197  0.0s

=== P1E_S1_C1 train[2] k=3  dim=576  frames=140  σ=0.0  fold=1 ===
  TKSS: k_hat=3  ACC=0.8357  NMI=0.7435  ARI=0.6381  0.1s

=== P1E_S1_C1 train[3] k=3  dim=576  frames=157  σ=0.0  fold=1 ===
  TKSS: k_hat=3  ACC=0.8599  NMI=0.6774  ARI=0.6380  0.1s

=== P1E_S1_C1 train[4] k=3  dim=576  frames=151  σ=0.0  fold=1 ===
  TKSS: k_hat=3  ACC=0.9404  NMI=0.8514  ARI=0.8363  0.0s

=== P1E_S1_C1 train[5] k=3  dim=576  frames=140  σ=0.0  fold=1 ===
  TKSS: k_hat=3  ACC=0.8929  NMI=0.7352  ARI=0.7139  0.0s

=== P1E_S1_C1 train[6] k=3  dim=576  frames=171  σ=0.0  fold=1 ===
  TKSS: k_hat=3  ACC=0.9415  NMI=0.8282  ARI=0.8373  0.1s

=== P1E_S1_C2 train[0] k=3  dim=576  frames=147  σ=0.0  fold=1 ===
  TKSS: k_hat=3  ACC=0.8776  NMI=0.7156  ARI=0.6894  0.1s

=== P1E_S1_C2 train[1] k=3  dim=576  frames=104  σ=0.0  fold=1 ===
  TKSS: k_hat=3  ACC=0.9327  NMI=0.7971  ARI=0.8020  0.0s

=== P1E_S1_C2 train[2] k=3  dim=576  frames=138  σ=0.0  fold=1 ===
  TKSS: k_hat=3  ACC=0.8768  NMI=0.6844  ARI=0.6756  0.0s

=== P1E_S1_C2 train[3] k=3  dim=576  frames=113  σ=0.0  fold=1 ===
  TKSS: k_hat=3  ACC=0.9115  NMI=0.7589  ARI=0.7566  0.0s

=== P1E_S1_C2 train[4] k=3  dim=576  frames=122  σ=0.0  fold=1 ===
  TKSS: k_hat=3  ACC=0.9344  NMI=0.8210  ARI=0.8190  0.0s

=== P1E_S1_C2 train[5] k=3  dim=576  frames=122  σ=0.0  fold=1 ===
  TKSS: k_hat=3  ACC=0.9344  NMI=0.8110  ARI=0.8204  0.0s

=== P1E_S1_C2 train[6] k=3  dim=576  frames=134  σ=0.0  fold=1 ===
  TKSS: k_hat=3  ACC=0.9627  NMI=0.8749  ARI=0.8920  0.0s

=== P1E_S1_C3 train[0] k=3  dim=576  frames=58  σ=0.0  fold=1 ===
  TKSS: k_hat=3  ACC=0.8966  NMI=0.7293  ARI=0.6974  0.0s

=== P1E_S1_C3 train[1] k=3  dim=576  frames=47  σ=0.0  fold=1 ===
  TKSS: k_hat=3  ACC=0.8936  NMI=0.7440  ARI=0.7094  0.0s

=== P1E_S1_C3 train[2] k=3  dim=576  frames=61  σ=0.0  fold=1 ===
  TKSS: k_hat=3  ACC=0.8361  NMI=0.6838  ARI=0.5828  0.0s

=== P1E_S1_C3 train[3] k=3  dim=576  frames=37  σ=0.0  fold=1 ===
  TKSS: k_hat=3  ACC=0.7838  NMI=0.5996  ARI=0.4944  0.0s

=== P1E_S1_C3 train[4] k=3  dim=576  frames=55  σ=0.0  fold=1 ===
  TKSS: k_hat=3  ACC=0.9091  NMI=0.7555  ARI=0.7445  0.0s

=== P1E_S1_C3 train[5] k=3  dim=576  frames=51  σ=0.0  fold=1 ===
  TKSS: k_hat=3  ACC=0.9020  NMI=0.7422  ARI=0.7266  0.0s

=== P1E_S1_C3 train[6] k=3  dim=576  frames=69  σ=0.0  fold=1 ===
  TKSS: k_hat=3  ACC=0.9855  NMI=0.9451  ARI=0.9553  0.0s

=== P1E_S2_C1 train[0] k=3  dim=576  frames=167  σ=0.0  fold=1 ===
  TKSS: k_hat=3  ACC=0.9760  NMI=0.9202  ARI=0.9282  0.1s

=== P1E_S2_C1 train[1] k=3  dim=576  frames=136  σ=0.0  fold=1 ===
  TKSS: k_hat=3  ACC=0.9485  NMI=0.8671  ARI=0.8623  0.0s

=== P1E_S2_C1 train[2] k=3  dim=576  frames=180  σ=0.0  fold=1 ===
  TKSS: k_hat=3  ACC=0.9278  NMI=0.7942  ARI=0.8001  0.0s

=== P1E_S2_C1 train[3] k=3  dim=576  frames=149  σ=0.0  fold=1 ===
  TKSS: k_hat=3  ACC=0.9195  NMI=0.8222  ARI=0.7919  0.1s

=== P1E_S2_C1 train[4] k=3  dim=576  frames=124  σ=0.0  fold=1 ===
  TKSS: k_hat=3  ACC=0.8871  NMI=0.7262  ARI=0.7165  0.0s

=== P1E_S2_C1 train[5] k=3  dim=576  frames=161  σ=0.0  fold=1 ===
  TKSS: k_hat=3  ACC=0.9627  NMI=0.8914  ARI=0.8926  0.0s

=== P1E_S2_C1 train[6] k=3  dim=576  frames=153  σ=0.0  fold=1 ===
  TKSS: k_hat=3  ACC=0.9804  NMI=0.9314  ARI=0.9416  0.0s

=== P1E_S2_C2 train[0] k=3  dim=576  frames=146  σ=0.0  fold=1 ===
  TKSS: k_hat=3  ACC=0.8493  NMI=0.6434  ARI=0.6123  0.0s

=== P1E_S2_C2 train[1] k=3  dim=576  frames=109  σ=0.0  fold=1 ===
  TKSS: k_hat=3  ACC=0.8165  NMI=0.6320  ARI=0.5624  0.1s

=== P1E_S2_C2 train[2] k=3  dim=576  frames=144  σ=0.0  fold=1 ===
  TKSS: k_hat=3  ACC=0.9514  NMI=0.8525  ARI=0.8620  0.0s

=== P1E_S2_C2 train[3] k=3  dim=576  frames=124  σ=0.0  fold=1 ===
  TKSS: k_hat=3  ACC=0.9274  NMI=0.7962  ARI=0.7926  0.0s

=== P1E_S2_C2 train[4] k=3  dim=576  frames=109  σ=0.0  fold=1 ===
  TKSS: k_hat=3  ACC=0.8440  NMI=0.7010  ARI=0.6393  0.1s

=== P1E_S2_C2 train[5] k=3  dim=576  frames=128  σ=0.0  fold=1 ===
  TKSS: k_hat=3  ACC=0.9141  NMI=0.7802  ARI=0.7698  0.0s

=== P1E_S2_C2 train[6] k=3  dim=576  frames=126  σ=0.0  fold=1 ===
  TKSS: k_hat=3  ACC=0.9048  NMI=0.8038  ARI=0.7529  0.0s

=== P1E_S2_C3 train[0] k=3  dim=576  frames=113  σ=0.0  fold=1 ===
  TKSS: k_hat=3  ACC=0.8496  NMI=0.6967  ARI=0.6456  0.0s

=== P1E_S2_C3 train[1] k=3  dim=576  frames=90  σ=0.0  fold=1 ===
  TKSS: k_hat=3  ACC=0.9444  NMI=0.8594  ARI=0.8470  0.0s

=== P1E_S2_C3 train[2] k=3  dim=576  frames=112  σ=0.0  fold=1 ===
  TKSS: k_hat=3  ACC=0.9464  NMI=0.8413  ARI=0.8511  0.0s

=== P1E_S2_C3 train[3] k=3  dim=576  frames=99  σ=0.0  fold=1 ===
  TKSS: k_hat=3  ACC=0.9697  NMI=0.8885  ARI=0.9092  0.0s

=== P1E_S2_C3 train[4] k=3  dim=576  frames=87  σ=0.0  fold=1 ===
  TKSS: k_hat=3  ACC=0.9195  NMI=0.7944  ARI=0.7893  0.0s

=== P1E_S2_C3 train[5] k=3  dim=576  frames=105  σ=0.0  fold=1 ===
  TKSS: k_hat=3  ACC=0.9810  NMI=0.9322  ARI=0.9410  0.0s

=== P1E_S2_C3 train[6] k=3  dim=576  frames=89  σ=0.0  fold=1 ===
  TKSS: k_hat=3  ACC=0.9775  NMI=0.9251  ARI=0.9378  0.0s

=== P1E_S3_C1 train[0] k=3  dim=576  frames=166  σ=0.0  fold=1 ===
  TKSS: k_hat=3  ACC=0.8795  NMI=0.7796  ARI=0.7127  0.1s

=== P1E_S3_C1 train[1] k=3  dim=576  frames=134  σ=0.0  fold=1 ===
  TKSS: k_hat=3  ACC=0.9179  NMI=0.7746  ARI=0.7656  0.0s

=== P1E_S3_C1 train[2] k=3  dim=576  frames=161  σ=0.0  fold=1 ===
  TKSS: k_hat=3  ACC=0.9938  NMI=0.9718  ARI=0.9812  0.0s

=== P1E_S3_C1 train[3] k=3  dim=576  frames=168  σ=0.0  fold=1 ===
  TKSS: k_hat=3  ACC=0.9226  NMI=0.7740  ARI=0.7673  0.1s

=== P1E_S3_C1 train[4] k=3  dim=576  frames=123  σ=0.0  fold=1 ===
  TKSS: k_hat=3  ACC=0.9512  NMI=0.8402  ARI=0.8608  0.0s

=== P1E_S3_C1 train[5] k=3  dim=576  frames=204  σ=0.0  fold=1 ===
  TKSS: k_hat=3  ACC=0.8578  NMI=0.7660  ARI=0.7025  0.1s

=== P1E_S3_C1 train[6] k=3  dim=576  frames=112  σ=0.0  fold=1 ===
  TKSS: k_hat=3  ACC=0.9821  NMI=0.9364  ARI=0.9482  0.0s

=== P1E_S3_C2 train[0] k=3  dim=576  frames=147  σ=0.0  fold=1 ===
  TKSS: k_hat=3  ACC=0.9252  NMI=0.8288  ARI=0.8019  0.1s

=== P1E_S3_C2 train[1] k=3  dim=576  frames=112  σ=0.0  fold=1 ===
  TKSS: k_hat=3  ACC=0.8393  NMI=0.6742  ARI=0.5919  0.0s

=== P1E_S3_C2 train[2] k=3  dim=576  frames=168  σ=0.0  fold=1 ===
  TKSS: k_hat=3  ACC=0.8869  NMI=0.7498  ARI=0.7099  0.0s

=== P1E_S3_C2 train[3] k=3  dim=576  frames=169  σ=0.0  fold=1 ===
  TKSS: k_hat=3  ACC=0.9112  NMI=0.8118  ARI=0.7705  0.0s

=== P1E_S3_C2 train[4] k=3  dim=576  frames=107  σ=0.0  fold=1 ===
  TKSS: k_hat=3  ACC=0.9159  NMI=0.8176  ARI=0.7783  0.0s

=== P1E_S3_C2 train[5] k=3  dim=576  frames=146  σ=0.0  fold=1 ===
  TKSS: k_hat=3  ACC=0.6507  NMI=0.5327  ARI=0.3963  0.0s

=== P1E_S3_C2 train[6] k=3  dim=576  frames=114  σ=0.0  fold=1 ===
  TKSS: k_hat=3  ACC=0.8333  NMI=0.6587  ARI=0.6141  0.0s

=== P1E_S3_C3 train[0] k=3  dim=576  frames=105  σ=0.0  fold=1 ===
  TKSS: k_hat=3  ACC=0.9048  NMI=0.7525  ARI=0.7401  0.0s

=== P1E_S3_C3 train[1] k=3  dim=576  frames=84  σ=0.0  fold=1 ===
  TKSS: k_hat=3  ACC=0.8690  NMI=0.7333  ARI=0.6758  0.0s

=== P1E_S3_C3 train[2] k=3  dim=576  frames=125  σ=0.0  fold=1 ===
  TKSS: k_hat=3  ACC=0.9680  NMI=0.9023  ARI=0.9083  0.1s

=== P1E_S3_C3 train[3] k=3  dim=576  frames=128  σ=0.0  fold=1 ===
  TKSS: k_hat=3  ACC=0.8984  NMI=0.7967  ARI=0.7427  0.0s

=== P1E_S3_C3 train[4] k=3  dim=576  frames=83  σ=0.0  fold=1 ===
  TKSS: k_hat=3  ACC=0.9036  NMI=0.7716  ARI=0.7476  0.0s

=== P1E_S3_C3 train[5] k=3  dim=576  frames=129  σ=0.0  fold=1 ===
  TKSS: k_hat=3  ACC=0.9457  NMI=0.8412  ARI=0.8480  0.0s

=== P1E_S3_C3 train[6] k=3  dim=576  frames=84  σ=0.0  fold=1 ===
  TKSS: k_hat=3  ACC=0.8810  NMI=0.7262  ARI=0.6948  0.0s

=== P1E_S4_C1 train[0] k=3  dim=576  frames=158  σ=0.0  fold=1 ===
  TKSS: k_hat=3  ACC=0.8481  NMI=0.6834  ARI=0.6156  0.0s

=== P1E_S4_C1 train[1] k=3  dim=576  frames=155  σ=0.0  fold=1 ===
  TKSS: k_hat=3  ACC=0.9484  NMI=0.8470  ARI=0.8513  0.0s

=== P1E_S4_C1 train[2] k=3  dim=576  frames=182  σ=0.0  fold=1 ===
  TKSS: k_hat=3  ACC=0.9725  NMI=0.8953  ARI=0.9174  0.0s

=== P1E_S4_C1 train[3] k=3  dim=576  frames=180  σ=0.0  fold=1 ===
  TKSS: k_hat=3  ACC=0.9333  NMI=0.8400  ARI=0.8161  0.0s

=== P1E_S4_C1 train[4] k=3  dim=576  frames=133  σ=0.0  fold=1 ===
  TKSS: k_hat=3  ACC=0.9248  NMI=0.7954  ARI=0.7969  0.0s

=== P1E_S4_C1 train[5] k=3  dim=576  frames=147  σ=0.0  fold=1 ===
  TKSS: k_hat=3  ACC=0.7551  NMI=0.5959  ARI=0.5033  0.1s

=== P1E_S4_C1 train[6] k=3  dim=576  frames=145  σ=0.0  fold=1 ===
  TKSS: k_hat=3  ACC=0.9724  NMI=0.9134  ARI=0.9251  0.1s

=== P1E_S4_C2 train[0] k=3  dim=576  frames=117  σ=0.0  fold=1 ===
  TKSS: k_hat=3  ACC=0.8889  NMI=0.7369  ARI=0.7140  0.1s

=== P1E_S4_C2 train[1] k=3  dim=576  frames=122  σ=0.0  fold=1 ===
  TKSS: k_hat=3  ACC=0.9180  NMI=0.7602  ARI=0.7673  0.0s

=== P1E_S4_C2 train[2] k=3  dim=576  frames=126  σ=0.0  fold=1 ===
  TKSS: k_hat=3  ACC=0.8730  NMI=0.6940  ARI=0.6765  0.0s

=== P1E_S4_C2 train[3] k=3  dim=576  frames=140  σ=0.0  fold=1 ===
  TKSS: k_hat=3  ACC=0.8786  NMI=0.6922  ARI=0.6518  0.0s

=== P1E_S4_C2 train[4] k=3  dim=576  frames=129  σ=0.0  fold=1 ===
  TKSS: k_hat=3  ACC=0.9225  NMI=0.7915  ARI=0.7876  0.0s

=== P1E_S4_C2 train[5] k=3  dim=576  frames=146  σ=0.0  fold=1 ===
  TKSS: k_hat=3  ACC=0.9452  NMI=0.8600  ARI=0.8480  0.1s

=== P1E_S4_C2 train[6] k=3  dim=576  frames=110  σ=0.0  fold=1 ===
  TKSS: k_hat=3  ACC=0.9545  NMI=0.8760  ARI=0.8719  0.0s

=== P1E_S4_C3 train[0] k=3  dim=576  frames=90  σ=0.0  fold=1 ===
  TKSS: k_hat=3  ACC=0.9333  NMI=0.8400  ARI=0.8141  0.0s

=== P1E_S4_C3 train[1] k=3  dim=576  frames=85  σ=0.0  fold=1 ===
  TKSS: k_hat=3  ACC=0.9412  NMI=0.8539  ARI=0.8378  0.0s

=== P1E_S4_C3 train[2] k=3  dim=576  frames=105  σ=0.0  fold=1 ===
  TKSS: k_hat=3  ACC=0.8857  NMI=0.7468  ARI=0.6872  0.0s

=== P1E_S4_C3 train[3] k=3  dim=576  frames=87  σ=0.0  fold=1 ===
  TKSS: k_hat=3  ACC=0.9540  NMI=0.8509  ARI=0.8634  0.0s

=== P1E_S4_C3 train[4] k=3  dim=576  frames=76  σ=0.0  fold=1 ===
  TKSS: k_hat=3  ACC=0.9474  NMI=0.8374  ARI=0.8501  0.0s

=== P1E_S4_C3 train[5] k=3  dim=576  frames=106  σ=0.0  fold=1 ===
  TKSS: k_hat=3  ACC=0.9434  NMI=0.8352  ARI=0.8441  0.0s

=== P1E_S4_C3 train[6] k=3  dim=576  frames=79  σ=0.0  fold=1 ===
  TKSS: k_hat=3  ACC=1.0000  NMI=1.0000  ARI=1.0000  0.0s

=== P1L_S1_C1 train[0] k=3  dim=576  frames=162  σ=0.0  fold=1 ===
  TKSS: k_hat=3  ACC=0.8827  NMI=0.7185  ARI=0.6935  0.1s

=== P1L_S1_C1 train[1] k=3  dim=576  frames=155  σ=0.0  fold=1 ===
  TKSS: k_hat=3  ACC=0.8258  NMI=0.6510  ARI=0.5883  0.0s

=== P1L_S1_C1 train[2] k=3  dim=576  frames=182  σ=0.0  fold=1 ===
  TKSS: k_hat=3  ACC=0.9780  NMI=0.9264  ARI=0.9393  0.1s

=== P1L_S1_C1 train[3] k=3  dim=576  frames=198  σ=0.0  fold=1 ===
  TKSS: k_hat=3  ACC=0.9545  NMI=0.8757  ARI=0.8710  0.0s

=== P1L_S1_C1 train[4] k=3  dim=576  frames=166  σ=0.0  fold=1 ===
  TKSS: k_hat=3  ACC=0.9518  NMI=0.8425  ARI=0.8611  0.0s

=== P1L_S1_C1 train[5] k=3  dim=576  frames=116  σ=0.0  fold=1 ===
  TKSS: k_hat=3  ACC=0.9655  NMI=0.8768  ARI=0.9034  0.0s

=== P1L_S1_C1 train[6] k=3  dim=576  frames=175  σ=0.0  fold=1 ===
  TKSS: k_hat=3  ACC=0.9029  NMI=0.7429  ARI=0.7408  0.0s

=== P1L_S1_C2 train[0] k=3  dim=576  frames=186  σ=0.0  fold=1 ===
  TKSS: k_hat=3  ACC=0.9247  NMI=0.7975  ARI=0.8040  0.1s

=== P1L_S1_C2 train[1] k=3  dim=576  frames=147  σ=0.0  fold=1 ===
  TKSS: k_hat=3  ACC=0.9116  NMI=0.7635  ARI=0.7578  0.0s

=== P1L_S1_C2 train[2] k=3  dim=576  frames=181  σ=0.0  fold=1 ===
  TKSS: k_hat=3  ACC=0.9227  NMI=0.7816  ARI=0.7845  0.1s

=== P1L_S1_C2 train[3] k=3  dim=576  frames=128  σ=0.0  fold=1 ===
  TKSS: k_hat=3  ACC=0.8359  NMI=0.6451  ARI=0.5880  0.0s

=== P1L_S1_C2 train[4] k=3  dim=576  frames=154  σ=0.0  fold=1 ===
  TKSS: k_hat=3  ACC=0.9156  NMI=0.7684  ARI=0.7737  0.0s

=== P1L_S1_C2 train[5] k=3  dim=576  frames=142  σ=0.0  fold=1 ===
  TKSS: k_hat=3  ACC=0.8239  NMI=0.6290  ARI=0.5567  0.1s

=== P1L_S1_C2 train[6] k=3  dim=576  frames=168  σ=0.0  fold=1 ===
  TKSS: k_hat=3  ACC=0.9048  NMI=0.7544  ARI=0.7480  0.1s

=== P1L_S1_C3 train[0] k=3  dim=576  frames=60  σ=0.0  fold=1 ===
  TKSS: k_hat=3  ACC=0.9500  NMI=0.8395  ARI=0.8526  0.0s

=== P1L_S1_C3 train[1] k=3  dim=576  frames=65  σ=0.0  fold=1 ===
  TKSS: k_hat=3  ACC=0.8769  NMI=0.6976  ARI=0.6602  0.0s

=== P1L_S1_C3 train[2] k=3  dim=576  frames=74  σ=0.0  fold=1 ===
  TKSS: k_hat=3  ACC=0.9189  NMI=0.7754  ARI=0.7761  0.0s

=== P1L_S1_C3 train[3] k=3  dim=576  frames=73  σ=0.0  fold=1 ===
  TKSS: k_hat=3  ACC=0.8630  NMI=0.6918  ARI=0.6489  0.0s

=== P1L_S1_C3 train[4] k=3  dim=576  frames=64  σ=0.0  fold=1 ===
  TKSS: k_hat=3  ACC=0.9531  NMI=0.8471  ARI=0.8643  0.0s

=== P1L_S1_C3 train[5] k=3  dim=576  frames=63  σ=0.0  fold=1 ===
  TKSS: k_hat=3  ACC=0.8571  NMI=0.6728  ARI=0.6378  0.0s

=== P1L_S1_C3 train[6] k=3  dim=576  frames=75  σ=0.0  fold=1 ===
  TKSS: k_hat=3  ACC=0.8933  NMI=0.7282  ARI=0.7119  0.0s

=== P1L_S2_C1 train[0] k=3  dim=576  frames=211  σ=0.0  fold=1 ===
  TKSS: k_hat=3  ACC=0.9810  NMI=0.9324  ARI=0.9423  0.0s

=== P1L_S2_C1 train[1] k=3  dim=576  frames=180  σ=0.0  fold=1 ===
  TKSS: k_hat=3  ACC=0.8111  NMI=0.6175  ARI=0.5523  0.1s

=== P1L_S2_C1 train[2] k=3  dim=576  frames=177  σ=0.0  fold=1 ===
  TKSS: k_hat=3  ACC=0.9040  NMI=0.7128  ARI=0.7339  0.1s

=== P1L_S2_C1 train[3] k=3  dim=576  frames=172  σ=0.0  fold=1 ===
  TKSS: k_hat=3  ACC=0.8663  NMI=0.6724  ARI=0.6544  0.1s

=== P1L_S2_C1 train[4] k=3  dim=576  frames=179  σ=0.0  fold=1 ===
  TKSS: k_hat=3  ACC=0.9218  NMI=0.7892  ARI=0.7883  0.0s

=== P1L_S2_C1 train[5] k=3  dim=576  frames=180  σ=0.0  fold=1 ===
  TKSS: k_hat=3  ACC=0.7056  NMI=0.4325  ARI=0.3860  0.1s

=== P1L_S2_C1 train[6] k=3  dim=576  frames=133  σ=0.0  fold=1 ===
  TKSS: k_hat=3  ACC=0.7068  NMI=0.5355  ARI=0.4418  0.0s

=== P1L_S2_C2 train[0] k=3  dim=576  frames=194  σ=0.0  fold=1 ===
  TKSS: k_hat=3  ACC=0.7938  NMI=0.6091  ARI=0.5216  0.1s

=== P1L_S2_C2 train[1] k=3  dim=576  frames=134  σ=0.0  fold=1 ===
  TKSS: k_hat=3  ACC=0.8433  NMI=0.6749  ARI=0.6356  0.0s

=== P1L_S2_C2 train[2] k=3  dim=576  frames=186  σ=0.0  fold=1 ===
  TKSS: k_hat=3  ACC=0.9409  NMI=0.8527  ARI=0.8374  0.0s

=== P1L_S2_C2 train[3] k=3  dim=576  frames=201  σ=0.0  fold=1 ===
  TKSS: k_hat=3  ACC=0.9353  NMI=0.8112  ARI=0.8139  0.0s

=== P1L_S2_C2 train[4] k=3  dim=576  frames=171  σ=0.0  fold=1 ===
  TKSS: k_hat=3  ACC=0.9240  NMI=0.7872  ARI=0.7906  0.0s

=== P1L_S2_C2 train[5] k=3  dim=576  frames=160  σ=0.0  fold=1 ===
  TKSS: k_hat=3  ACC=0.7500  NMI=0.5332  ARI=0.4605  0.0s

=== P1L_S2_C2 train[6] k=3  dim=576  frames=154  σ=0.0  fold=1 ===
  TKSS: k_hat=3  ACC=0.8766  NMI=0.7061  ARI=0.6797  0.1s

=== P1L_S2_C3 train[0] k=3  dim=576  frames=119  σ=0.0  fold=1 ===
  TKSS: k_hat=3  ACC=0.9076  NMI=0.7452  ARI=0.7296  0.0s

=== P1L_S2_C3 train[1] k=3  dim=576  frames=85  σ=0.0  fold=1 ===
  TKSS: k_hat=3  ACC=0.7882  NMI=0.6000  ARI=0.5142  0.0s

=== P1L_S2_C3 train[2] k=3  dim=576  frames=112  σ=0.0  fold=1 ===
  TKSS: k_hat=3  ACC=0.8661  NMI=0.6866  ARI=0.6544  0.0s

=== P1L_S2_C3 train[3] k=3  dim=576  frames=126  σ=0.0  fold=1 ===
  TKSS: k_hat=3  ACC=0.9365  NMI=0.8123  ARI=0.8154  0.0s

=== P1L_S2_C3 train[4] k=3  dim=576  frames=102  σ=0.0  fold=1 ===
  TKSS: k_hat=3  ACC=0.9706  NMI=0.9082  ARI=0.9141  0.0s

=== P1L_S2_C3 train[5] k=3  dim=576  frames=121  σ=0.0  fold=1 ===
  TKSS: k_hat=3  ACC=0.9339  NMI=0.8034  ARI=0.8199  0.0s

=== P1L_S2_C3 train[6] k=3  dim=576  frames=99  σ=0.0  fold=1 ===
  TKSS: k_hat=3  ACC=0.9798  NMI=0.9307  ARI=0.9431  0.0s

=== P1L_S3_C1 train[0] k=3  dim=576  frames=156  σ=0.0  fold=1 ===
  TKSS: k_hat=3  ACC=0.7244  NMI=0.5597  ARI=0.4530  0.0s

=== P1L_S3_C1 train[1] k=3  dim=576  frames=185  σ=0.0  fold=1 ===
  TKSS: k_hat=3  ACC=0.9946  NMI=0.9750  ARI=0.9845  0.1s

=== P1L_S3_C1 train[2] k=3  dim=576  frames=156  σ=0.0  fold=1 ===
  TKSS: k_hat=3  ACC=0.8397  NMI=0.6769  ARI=0.6133  0.0s

=== P1L_S3_C1 train[3] k=3  dim=576  frames=159  σ=0.0  fold=1 ===
  TKSS: k_hat=3  ACC=0.8302  NMI=0.6230  ARI=0.5538  0.1s

=== P1L_S3_C1 train[4] k=3  dim=576  frames=172  σ=0.0  fold=1 ===
  TKSS: k_hat=3  ACC=0.9360  NMI=0.7925  ARI=0.8156  0.1s

=== P1L_S3_C1 train[5] k=3  dim=576  frames=176  σ=0.0  fold=1 ===
  TKSS: k_hat=3  ACC=0.6818  NMI=0.4566  ARI=0.3911  0.1s

=== P1L_S3_C1 train[6] k=3  dim=576  frames=134  σ=0.0  fold=1 ===
  TKSS: k_hat=3  ACC=0.8284  NMI=0.6045  ARI=0.5799  0.0s

=== P1L_S3_C2 train[0] k=3  dim=576  frames=185  σ=0.0  fold=1 ===
  TKSS: k_hat=3  ACC=0.9676  NMI=0.8993  ARI=0.9011  0.1s

=== P1L_S3_C2 train[1] k=3  dim=576  frames=166  σ=0.0  fold=1 ===
  TKSS: k_hat=3  ACC=0.9398  NMI=0.8514  ARI=0.8352  0.1s

=== P1L_S3_C2 train[2] k=3  dim=576  frames=209  σ=0.0  fold=1 ===
  TKSS: k_hat=3  ACC=0.8852  NMI=0.7151  ARI=0.7151  0.1s

=== P1L_S3_C2 train[3] k=3  dim=576  frames=168  σ=0.0  fold=1 ===
  TKSS: k_hat=3  ACC=0.8929  NMI=0.7914  ARI=0.7407  0.1s

=== P1L_S3_C2 train[4] k=3  dim=576  frames=187  σ=0.0  fold=1 ===
  TKSS: k_hat=3  ACC=0.8770  NMI=0.7193  ARI=0.6983  0.1s

=== P1L_S3_C2 train[5] k=3  dim=576  frames=229  σ=0.0  fold=1 ===
  TKSS: k_hat=3  ACC=0.8341  NMI=0.5252  ARI=0.5704  0.1s

=== P1L_S3_C2 train[6] k=3  dim=576  frames=136  σ=0.0  fold=1 ===
  TKSS: k_hat=3  ACC=0.9265  NMI=0.7996  ARI=0.7992  0.0s

=== P1L_S3_C3 train[0] k=3  dim=576  frames=151  σ=0.0  fold=1 ===
  TKSS: k_hat=3  ACC=0.8874  NMI=0.6943  ARI=0.6669  0.1s

=== P1L_S3_C3 train[1] k=3  dim=576  frames=121  σ=0.0  fold=1 ===
  TKSS: k_hat=3  ACC=0.9256  NMI=0.7972  ARI=0.7994  0.0s

=== P1L_S3_C3 train[2] k=3  dim=576  frames=142  σ=0.0  fold=1 ===
  TKSS: k_hat=3  ACC=0.9155  NMI=0.7757  ARI=0.7716  0.0s

=== P1L_S3_C3 train[3] k=3  dim=576  frames=134  σ=0.0  fold=1 ===
  TKSS: k_hat=3  ACC=0.8955  NMI=0.7468  ARI=0.7266  0.0s

=== P1L_S3_C3 train[4] k=3  dim=576  frames=110  σ=0.0  fold=1 ===
  TKSS: k_hat=3  ACC=1.0000  NMI=1.0000  ARI=1.0000  0.0s

=== P1L_S3_C3 train[5] k=3  dim=576  frames=161  σ=0.0  fold=1 ===
  TKSS: k_hat=3  ACC=0.9006  NMI=0.7411  ARI=0.7340  0.0s

=== P1L_S3_C3 train[6] k=3  dim=576  frames=114  σ=0.0  fold=1 ===
  TKSS: k_hat=3  ACC=0.9211  NMI=0.7771  ARI=0.7883  0.0s

=== P1L_S4_C1 train[0] k=3  dim=576  frames=200  σ=0.0  fold=1 ===
  TKSS: k_hat=3  ACC=0.8250  NMI=0.6464  ARI=0.5992  0.2s

=== P1L_S4_C1 train[1] k=3  dim=576  frames=154  σ=0.0  fold=1 ===
  TKSS: k_hat=3  ACC=0.8701  NMI=0.7689  ARI=0.6920  0.0s

=== P1L_S4_C1 train[2] k=3  dim=576  frames=168  σ=0.0  fold=1 ===
  TKSS: k_hat=3  ACC=0.8988  NMI=0.7785  ARI=0.7447  0.0s

=== P1L_S4_C1 train[3] k=3  dim=576  frames=142  σ=0.0  fold=1 ===
  TKSS: k_hat=3  ACC=0.9718  NMI=0.8964  ARI=0.9163  0.0s

=== P1L_S4_C1 train[4] k=3  dim=576  frames=164  σ=0.0  fold=1 ===
  TKSS: k_hat=3  ACC=0.9634  NMI=0.8934  ARI=0.8965  0.0s

=== P1L_S4_C1 train[5] k=3  dim=576  frames=187  σ=0.0  fold=1 ===
  TKSS: k_hat=3  ACC=0.7005  NMI=0.4613  ARI=0.4424  0.1s

=== P1L_S4_C1 train[6] k=3  dim=576  frames=202  σ=0.0  fold=1 ===
  TKSS: k_hat=3  ACC=1.0000  NMI=1.0000  ARI=1.0000  0.0s

=== P1L_S4_C2 train[0] k=3  dim=576  frames=157  σ=0.0  fold=1 ===
  TKSS: k_hat=3  ACC=0.8217  NMI=0.6304  ARI=0.5670  0.0s

=== P1L_S4_C2 train[1] k=3  dim=576  frames=175  σ=0.0  fold=1 ===
  TKSS: k_hat=3  ACC=0.9200  NMI=0.7701  ARI=0.7673  0.0s

=== P1L_S4_C2 train[2] k=3  dim=576  frames=168  σ=0.0  fold=1 ===
  TKSS: k_hat=3  ACC=0.9405  NMI=0.8507  ARI=0.8342  0.1s

=== P1L_S4_C2 train[3] k=3  dim=576  frames=154  σ=0.0  fold=1 ===
  TKSS: k_hat=3  ACC=0.7013  NMI=0.5439  ARI=0.4260  0.0s

=== P1L_S4_C2 train[4] k=3  dim=576  frames=152  σ=0.0  fold=1 ===
  TKSS: k_hat=3  ACC=0.9539  NMI=0.8751  ARI=0.8704  0.1s

=== P1L_S4_C2 train[5] k=3  dim=576  frames=169  σ=0.0  fold=1 ===
  TKSS: k_hat=3  ACC=0.9112  NMI=0.8157  ARI=0.7854  0.1s

=== P1L_S4_C2 train[6] k=3  dim=576  frames=153  σ=0.0  fold=1 ===
  TKSS: k_hat=3  ACC=0.8170  NMI=0.6270  ARI=0.5633  0.0s

=== P1L_S4_C3 train[0] k=3  dim=576  frames=96  σ=0.0  fold=1 ===
  TKSS: k_hat=3  ACC=0.9375  NMI=0.8474  ARI=0.8275  0.0s

=== P1L_S4_C3 train[1] k=3  dim=576  frames=94  σ=0.0  fold=1 ===
  TKSS: k_hat=3  ACC=0.9362  NMI=0.8061  ARI=0.8160  0.0s

=== P1L_S4_C3 train[2] k=3  dim=576  frames=117  σ=0.0  fold=1 ===
  TKSS: k_hat=3  ACC=0.8803  NMI=0.7346  ARI=0.6968  0.0s

=== P1L_S4_C3 train[3] k=3  dim=576  frames=112  σ=0.0  fold=1 ===
  TKSS: k_hat=3  ACC=0.8839  NMI=0.7806  ARI=0.7113  0.0s

=== P1L_S4_C3 train[4] k=3  dim=576  frames=103  σ=0.0  fold=1 ===
  TKSS: k_hat=3  ACC=0.9223  NMI=0.7804  ARI=0.7816  0.0s

=== P1L_S4_C3 train[5] k=3  dim=576  frames=105  σ=0.0  fold=1 ===
  TKSS: k_hat=3  ACC=0.9333  NMI=0.8026  ARI=0.8153  0.0s

=== P1L_S4_C3 train[6] k=3  dim=576  frames=107  σ=0.0  fold=1 ===
  TKSS: k_hat=3  ACC=0.9439  NMI=0.8585  ARI=0.8470  0.0s

=== P1E_S1_C1 test[0] k=3  dim=576  frames=153  σ=0.0  fold=1 ===
  TKSS: k_hat=3  ACC=0.9935  NMI=0.9708  ARI=0.9807  0.0s

=== P1E_S1_C2 test[0] k=3  dim=576  frames=115  σ=0.0  fold=1 ===
  TKSS: k_hat=3  ACC=0.9217  NMI=0.7904  ARI=0.7916  0.0s

=== P1E_S1_C3 test[0] k=3  dim=576  frames=56  σ=0.0  fold=1 ===
  TKSS: k_hat=3  ACC=0.8214  NMI=0.6766  ARI=0.5739  0.0s

=== P1E_S2_C1 test[0] k=3  dim=576  frames=151  σ=0.0  fold=1 ===
  TKSS: k_hat=3  ACC=0.9404  NMI=0.8518  ARI=0.8350  0.0s

=== P1E_S2_C2 test[0] k=3  dim=576  frames=115  σ=0.0  fold=1 ===
  TKSS: k_hat=3  ACC=0.9391  NMI=0.8498  ARI=0.8310  0.0s

=== P1E_S2_C3 test[0] k=3  dim=576  frames=88  σ=0.0  fold=1 ===
  TKSS: k_hat=3  ACC=0.9091  NMI=0.7761  ARI=0.7481  0.0s

=== P1E_S3_C1 test[0] k=3  dim=576  frames=139  σ=0.0  fold=1 ===
  TKSS: k_hat=3  ACC=0.9281  NMI=0.8340  ARI=0.8075  0.0s

=== P1E_S3_C2 test[0] k=3  dim=576  frames=120  σ=0.0  fold=1 ===
  TKSS: k_hat=3  ACC=0.8167  NMI=0.6341  ARI=0.5366  0.1s

=== P1E_S3_C3 test[0] k=3  dim=576  frames=89  σ=0.0  fold=1 ===
  TKSS: k_hat=3  ACC=0.8989  NMI=0.7278  ARI=0.7027  0.0s

=== P1E_S4_C1 test[0] k=3  dim=576  frames=107  σ=0.0  fold=1 ===
  TKSS: k_hat=3  ACC=0.9626  NMI=0.8724  ARI=0.8899  0.0s

=== P1E_S4_C2 test[0] k=3  dim=576  frames=125  σ=0.0  fold=1 ===
  TKSS: k_hat=3  ACC=0.9280  NMI=0.8330  ARI=0.8033  0.0s

=== P1E_S4_C3 test[0] k=3  dim=576  frames=64  σ=0.0  fold=1 ===
  TKSS: k_hat=3  ACC=0.9844  NMI=0.9424  ARI=0.9536  0.0s

=== P1L_S1_C1 test[0] k=3  dim=576  frames=170  σ=0.0  fold=1 ===
  TKSS: k_hat=3  ACC=0.9118  NMI=0.8107  ARI=0.7663  0.0s

=== P1L_S1_C2 test[0] k=3  dim=576  frames=137  σ=0.0  fold=1 ===
  TKSS: k_hat=3  ACC=0.8832  NMI=0.7205  ARI=0.6986  0.0s

=== P1L_S1_C3 test[0] k=3  dim=576  frames=68  σ=0.0  fold=1 ===
  TKSS: k_hat=3  ACC=0.9853  NMI=0.9448  ARI=0.9560  0.0s

=== P1L_S2_C1 test[0] k=3  dim=576  frames=190  σ=0.0  fold=1 ===
  TKSS: k_hat=3  ACC=0.9316  NMI=0.8379  ARI=0.8127  0.1s

=== P1L_S2_C2 test[0] k=3  dim=576  frames=155  σ=0.0  fold=1 ===
  TKSS: k_hat=3  ACC=0.9677  NMI=0.9012  ARI=0.9043  0.0s

=== P1L_S2_C3 test[0] k=3  dim=576  frames=101  σ=0.0  fold=1 ===
  TKSS: k_hat=3  ACC=0.9109  NMI=0.7490  ARI=0.7355  0.0s

=== P1L_S3_C1 test[0] k=3  dim=576  frames=120  σ=0.0  fold=1 ===
  TKSS: k_hat=3  ACC=0.8333  NMI=0.6497  ARI=0.6021  0.0s

=== P1L_S3_C2 test[0] k=3  dim=576  frames=125  σ=0.0  fold=1 ===
  TKSS: k_hat=3  ACC=0.9200  NMI=0.7804  ARI=0.7800  0.0s

=== P1L_S3_C3 test[0] k=3  dim=576  frames=118  σ=0.0  fold=1 ===
  TKSS: k_hat=3  ACC=1.0000  NMI=1.0000  ARI=1.0000  0.0s

=== P1L_S4_C1 test[0] k=3  dim=576  frames=157  σ=0.0  fold=1 ===
  TKSS: k_hat=3  ACC=0.8217  NMI=0.6433  ARI=0.5963  0.0s

=== P1L_S4_C2 test[0] k=3  dim=576  frames=149  σ=0.0  fold=1 ===
  TKSS: k_hat=3  ACC=0.8658  NMI=0.6867  ARI=0.6554  0.0s

=== P1L_S4_C3 test[0] k=3  dim=576  frames=107  σ=0.0  fold=1 ===
  TKSS: k_hat=3  ACC=0.8505  NMI=0.6808  ARI=0.6330  0.0s
  tune_pool_groups=20: sampling from 22 held-in people (overlap allowed) instead of the 7 fixed partition group(s)

============================================================
σ=0.0 fold=2  test=['0009', '0019', '0026']  train mats=168  test mats=24  tune mats=480
  --- tune TKSS over 480 train mats  n_trials=30 (3 params) ---
  TKSS trial 0: mean ARI=0.7342  n=480  19.4s  d=5, lam=1, s=2
  TKSS trial 1: mean ARI=0.7128  n=480  21.6s  d=9, lam=1.398, s=4
  TKSS trial 2: mean ARI=0.7206  n=480  17.7s  d=9, lam=0.1866, s=4
  TKSS trial 3: mean ARI=0.6838  n=480  27.1s  d=7, lam=4.735, s=6
  TKSS trial 4: mean ARI=0.7040  n=480  24.0s  d=6, lam=2.372, s=4
  TKSS trial 5: mean ARI=0.7400  n=480  12.9s  d=9, lam=5.981, s=1
  TKSS trial 6: mean ARI=0.6935  n=480  29.5s  d=2, lam=0.0115, s=5
  TKSS trial 7: mean ARI=0.7060  n=480  23.9s  d=12, lam=4.074, s=6
  TKSS trial 8: mean ARI=0.7158  n=480  19.6s  d=12, lam=0.2423, s=5
  TKSS trial 9: mean ARI=0.6880  n=480  30.4s  d=2, lam=0.8313, s=1
  TKSS trial 10: mean ARI=0.7403  n=480  7.9s  d=15, lam=0.01456, s=2
  TKSS trial 11: mean ARI=0.7405  n=480  7.8s  d=15, lam=0.01211, s=2
  TKSS trial 12: mean ARI=0.7403  n=480  7.9s  d=15, lam=0.01507, s=2
  TKSS trial 13: mean ARI=0.7396  n=480  7.8s  d=15, lam=0.03917, s=2
  TKSS trial 14: mean ARI=0.7372  n=480  8.8s  d=13, lam=0.0318, s=3
  TKSS trial 15: mean ARI=0.7351  n=480  9.5s  d=14, lam=0.05946, s=3
  TKSS trial 16: mean ARI=0.7336  n=480  11.3s  d=12, lam=0.1021, s=3
  TKSS trial 17: mean ARI=0.7406  n=480  7.5s  d=15, lam=0.02131, s=1
  TKSS trial 18: mean ARI=0.7416  n=480  9.3s  d=11, lam=0.02644, s=1
  TKSS trial 19: mean ARI=0.7411  n=480  9.9s  d=10, lam=0.03045, s=1
  TKSS trial 20: mean ARI=0.7413  n=480  10.2s  d=10, lam=0.08471, s=1
  TKSS trial 21: mean ARI=0.7413  n=480  10.2s  d=10, lam=0.08056, s=1
  TKSS trial 22: mean ARI=0.7407  n=480  9.5s  d=11, lam=0.1098, s=1
  TKSS trial 23: mean ARI=0.7434  n=480  13.3s  d=7, lam=0.3912, s=1
  TKSS trial 24: mean ARI=0.7420  n=480  12.7s  d=8, lam=0.4108, s=1
  TKSS trial 25: mean ARI=0.7362  n=480  15.2s  d=7, lam=0.4132, s=2
  TKSS trial 26: mean ARI=0.7417  n=480  20.6s  d=4, lam=0.4112, s=1
  TKSS trial 27: mean ARI=0.7357  n=480  21.9s  d=4, lam=0.4511, s=2
  TKSS trial 28: mean ARI=0.7417  n=480  20.2s  d=4, lam=0.418, s=1
  TKSS trial 29: mean ARI=0.7348  n=480  19.0s  d=5, lam=0.7947, s=2
    best mean ARI=0.7434  tune 467.0s  d=7, lam=0.3912, s=1
  wrote /nfs/turbo/umms-minjilab/lpullela/icassp_ssc_tv2/block_ssc_benchmark/cv/params/surveillance/split_k3_clean_min30_trials20_knownk_scaled_params_cv_tkss_k3_sigma0_sigma0_fold2.json

=== P1E_S1_C1 train[0] k=3  dim=576  frames=146  σ=0.0  fold=2 ===
  TKSS: k_hat=3  ACC=0.8493  NMI=0.6985  ARI=0.6388  0.0s

=== P1E_S1_C1 train[1] k=3  dim=576  frames=153  σ=0.0  fold=2 ===
  TKSS: k_hat=3  ACC=0.9739  NMI=0.8995  ARI=0.9233  0.0s

=== P1E_S1_C1 train[2] k=3  dim=576  frames=140  σ=0.0  fold=2 ===
  TKSS: k_hat=3  ACC=0.8714  NMI=0.7299  ARI=0.6799  0.0s

=== P1E_S1_C1 train[3] k=3  dim=576  frames=157  σ=0.0  fold=2 ===
  TKSS: k_hat=3  ACC=0.8599  NMI=0.6774  ARI=0.6380  0.1s

=== P1E_S1_C1 train[4] k=3  dim=576  frames=151  σ=0.0  fold=2 ===
  TKSS: k_hat=3  ACC=0.9073  NMI=0.7862  ARI=0.7590  0.0s

=== P1E_S1_C1 train[5] k=3  dim=576  frames=140  σ=0.0  fold=2 ===
  TKSS: k_hat=3  ACC=0.9071  NMI=0.7716  ARI=0.7544  0.0s

=== P1E_S1_C1 train[6] k=3  dim=576  frames=171  σ=0.0  fold=2 ===
  TKSS: k_hat=3  ACC=0.9474  NMI=0.8312  ARI=0.8495  0.0s

=== P1E_S1_C2 train[0] k=3  dim=576  frames=147  σ=0.0  fold=2 ===
  TKSS: k_hat=3  ACC=0.8912  NMI=0.7664  ARI=0.7235  0.0s

=== P1E_S1_C2 train[1] k=3  dim=576  frames=115  σ=0.0  fold=2 ===
  TKSS: k_hat=3  ACC=0.9043  NMI=0.7496  ARI=0.7426  0.0s

=== P1E_S1_C2 train[2] k=3  dim=576  frames=138  σ=0.0  fold=2 ===
  TKSS: k_hat=3  ACC=0.8696  NMI=0.7133  ARI=0.6832  0.0s

=== P1E_S1_C2 train[3] k=3  dim=576  frames=113  σ=0.0  fold=2 ===
  TKSS: k_hat=3  ACC=0.9115  NMI=0.7589  ARI=0.7566  0.0s

=== P1E_S1_C2 train[4] k=3  dim=576  frames=122  σ=0.0  fold=2 ===
  TKSS: k_hat=3  ACC=0.9344  NMI=0.8210  ARI=0.8190  0.0s

=== P1E_S1_C2 train[5] k=3  dim=576  frames=122  σ=0.0  fold=2 ===
  TKSS: k_hat=3  ACC=0.9262  NMI=0.7864  ARI=0.7946  0.0s

=== P1E_S1_C2 train[6] k=3  dim=576  frames=134  σ=0.0  fold=2 ===
  TKSS: k_hat=3  ACC=0.9552  NMI=0.8593  ARI=0.8717  0.0s

=== P1E_S1_C3 train[0] k=3  dim=576  frames=58  σ=0.0  fold=2 ===
  TKSS: k_hat=3  ACC=0.8793  NMI=0.7059  ARI=0.6565  0.0s

=== P1E_S1_C3 train[1] k=3  dim=576  frames=56  σ=0.0  fold=2 ===
  TKSS: k_hat=3  ACC=0.8036  NMI=0.6449  ARI=0.5506  0.0s

=== P1E_S1_C3 train[2] k=3  dim=576  frames=61  σ=0.0  fold=2 ===
  TKSS: k_hat=3  ACC=0.8033  NMI=0.6292  ARI=0.5380  0.0s

=== P1E_S1_C3 train[3] k=3  dim=576  frames=37  σ=0.0  fold=2 ===
  TKSS: k_hat=3  ACC=0.8108  NMI=0.6386  ARI=0.5598  0.0s

=== P1E_S1_C3 train[4] k=3  dim=576  frames=55  σ=0.0  fold=2 ===
  TKSS: k_hat=3  ACC=0.8909  NMI=0.7251  ARI=0.7045  0.0s

=== P1E_S1_C3 train[5] k=3  dim=576  frames=51  σ=0.0  fold=2 ===
  TKSS: k_hat=3  ACC=0.8235  NMI=0.6277  ARI=0.5429  0.0s

=== P1E_S1_C3 train[6] k=3  dim=576  frames=69  σ=0.0  fold=2 ===
  TKSS: k_hat=3  ACC=0.9710  NMI=0.8905  ARI=0.9115  0.0s

=== P1E_S2_C1 train[0] k=3  dim=576  frames=167  σ=0.0  fold=2 ===
  TKSS: k_hat=3  ACC=0.9701  NMI=0.8883  ARI=0.9101  0.0s

=== P1E_S2_C1 train[1] k=3  dim=576  frames=151  σ=0.0  fold=2 ===
  TKSS: k_hat=3  ACC=0.9470  NMI=0.8626  ARI=0.8518  0.0s

=== P1E_S2_C1 train[2] k=3  dim=576  frames=180  σ=0.0  fold=2 ===
  TKSS: k_hat=3  ACC=0.9222  NMI=0.7852  ARI=0.7871  0.0s

=== P1E_S2_C1 train[3] k=3  dim=576  frames=149  σ=0.0  fold=2 ===
  TKSS: k_hat=3  ACC=0.8993  NMI=0.7984  ARI=0.7488  0.0s

=== P1E_S2_C1 train[4] k=3  dim=576  frames=124  σ=0.0  fold=2 ===
  TKSS: k_hat=3  ACC=0.8952  NMI=0.7548  ARI=0.7288  0.0s

=== P1E_S2_C1 train[5] k=3  dim=576  frames=161  σ=0.0  fold=2 ===
  TKSS: k_hat=3  ACC=0.9565  NMI=0.8557  ARI=0.8725  0.0s

=== P1E_S2_C1 train[6] k=3  dim=576  frames=153  σ=0.0  fold=2 ===
  TKSS: k_hat=3  ACC=0.9673  NMI=0.8865  ARI=0.9048  0.0s

=== P1E_S2_C2 train[0] k=3  dim=576  frames=146  σ=0.0  fold=2 ===
  TKSS: k_hat=3  ACC=0.8836  NMI=0.7156  ARI=0.6920  0.0s

=== P1E_S2_C2 train[1] k=3  dim=576  frames=115  σ=0.0  fold=2 ===
  TKSS: k_hat=3  ACC=0.9304  NMI=0.8130  ARI=0.8055  0.0s

=== P1E_S2_C2 train[2] k=3  dim=576  frames=144  σ=0.0  fold=2 ===
  TKSS: k_hat=3  ACC=0.9444  NMI=0.8399  ARI=0.8440  0.0s

=== P1E_S2_C2 train[3] k=3  dim=576  frames=124  σ=0.0  fold=2 ===
  TKSS: k_hat=3  ACC=0.9274  NMI=0.7962  ARI=0.7926  0.0s

=== P1E_S2_C2 train[4] k=3  dim=576  frames=109  σ=0.0  fold=2 ===
  TKSS: k_hat=3  ACC=0.8899  NMI=0.7265  ARI=0.7105  0.0s

=== P1E_S2_C2 train[5] k=3  dim=576  frames=128  σ=0.0  fold=2 ===
  TKSS: k_hat=3  ACC=0.9375  NMI=0.8165  ARI=0.8248  0.0s

=== P1E_S2_C2 train[6] k=3  dim=576  frames=126  σ=0.0  fold=2 ===
  TKSS: k_hat=3  ACC=0.9683  NMI=0.9030  ARI=0.9082  0.0s

=== P1E_S2_C3 train[0] k=3  dim=576  frames=113  σ=0.0  fold=2 ===
  TKSS: k_hat=3  ACC=0.8673  NMI=0.6950  ARI=0.6598  0.0s

=== P1E_S2_C3 train[1] k=3  dim=576  frames=88  σ=0.0  fold=2 ===
  TKSS: k_hat=3  ACC=0.9205  NMI=0.7919  ARI=0.7751  0.0s

=== P1E_S2_C3 train[2] k=3  dim=576  frames=112  σ=0.0  fold=2 ===
  TKSS: k_hat=3  ACC=0.9643  NMI=0.8950  ARI=0.8981  0.0s

=== P1E_S2_C3 train[3] k=3  dim=576  frames=99  σ=0.0  fold=2 ===
  TKSS: k_hat=3  ACC=0.9596  NMI=0.8653  ARI=0.8825  0.0s

=== P1E_S2_C3 train[4] k=3  dim=576  frames=87  σ=0.0  fold=2 ===
  TKSS: k_hat=3  ACC=0.8621  NMI=0.6767  ARI=0.6366  0.0s

=== P1E_S2_C3 train[5] k=3  dim=576  frames=105  σ=0.0  fold=2 ===
  TKSS: k_hat=3  ACC=0.9143  NMI=0.7771  ARI=0.7698  0.0s

=== P1E_S2_C3 train[6] k=3  dim=576  frames=89  σ=0.0  fold=2 ===
  TKSS: k_hat=3  ACC=0.9213  NMI=0.7771  ARI=0.7812  0.0s

=== P1E_S3_C1 train[0] k=3  dim=576  frames=166  σ=0.0  fold=2 ===
  TKSS: k_hat=3  ACC=0.8554  NMI=0.7008  ARI=0.6462  0.1s

=== P1E_S3_C1 train[1] k=3  dim=576  frames=139  σ=0.0  fold=2 ===
  TKSS: k_hat=3  ACC=0.9209  NMI=0.8022  ARI=0.7861  0.0s

=== P1E_S3_C1 train[2] k=3  dim=576  frames=161  σ=0.0  fold=2 ===
  TKSS: k_hat=3  ACC=0.9627  NMI=0.8709  ARI=0.8928  0.0s

=== P1E_S3_C1 train[3] k=3  dim=576  frames=168  σ=0.0  fold=2 ===
  TKSS: k_hat=3  ACC=0.8869  NMI=0.7060  ARI=0.6735  0.0s

=== P1E_S3_C1 train[4] k=3  dim=576  frames=123  σ=0.0  fold=2 ===
  TKSS: k_hat=3  ACC=0.9512  NMI=0.8402  ARI=0.8608  0.0s

=== P1E_S3_C1 train[5] k=3  dim=576  frames=204  σ=0.0  fold=2 ===
  TKSS: k_hat=3  ACC=0.8284  NMI=0.6577  ARI=0.6104  0.0s

=== P1E_S3_C1 train[6] k=3  dim=576  frames=112  σ=0.0  fold=2 ===
  TKSS: k_hat=3  ACC=0.9643  NMI=0.8727  ARI=0.8957  0.0s

=== P1E_S3_C2 train[0] k=3  dim=576  frames=147  σ=0.0  fold=2 ===
  TKSS: k_hat=3  ACC=0.8912  NMI=0.7884  ARI=0.7280  0.0s

=== P1E_S3_C2 train[1] k=3  dim=576  frames=120  σ=0.0  fold=2 ===
  TKSS: k_hat=3  ACC=0.8917  NMI=0.7180  ARI=0.6886  0.0s

=== P1E_S3_C2 train[2] k=3  dim=576  frames=168  σ=0.0  fold=2 ===
  TKSS: k_hat=3  ACC=0.8988  NMI=0.7767  ARI=0.7403  0.0s

=== P1E_S3_C2 train[3] k=3  dim=576  frames=169  σ=0.0  fold=2 ===
  TKSS: k_hat=3  ACC=0.9053  NMI=0.7845  ARI=0.7529  0.0s

=== P1E_S3_C2 train[4] k=3  dim=576  frames=107  σ=0.0  fold=2 ===
  TKSS: k_hat=3  ACC=0.9065  NMI=0.8062  ARI=0.7577  0.0s

=== P1E_S3_C2 train[5] k=3  dim=576  frames=146  σ=0.0  fold=2 ===
  TKSS: k_hat=3  ACC=0.6644  NMI=0.5355  ARI=0.4035  0.1s

=== P1E_S3_C2 train[6] k=3  dim=576  frames=114  σ=0.0  fold=2 ===
  TKSS: k_hat=3  ACC=0.7456  NMI=0.5965  ARI=0.4776  0.0s

=== P1E_S3_C3 train[0] k=3  dim=576  frames=105  σ=0.0  fold=2 ===
  TKSS: k_hat=3  ACC=0.9143  NMI=0.7756  ARI=0.7670  0.0s

=== P1E_S3_C3 train[1] k=3  dim=576  frames=89  σ=0.0  fold=2 ===
  TKSS: k_hat=3  ACC=0.8876  NMI=0.7084  ARI=0.6740  0.0s

=== P1E_S3_C3 train[2] k=3  dim=576  frames=125  σ=0.0  fold=2 ===
  TKSS: k_hat=3  ACC=0.9360  NMI=0.8453  ARI=0.8256  0.0s

=== P1E_S3_C3 train[3] k=3  dim=576  frames=128  σ=0.0  fold=2 ===
  TKSS: k_hat=3  ACC=0.8906  NMI=0.7624  ARI=0.7196  0.0s

=== P1E_S3_C3 train[4] k=3  dim=576  frames=83  σ=0.0  fold=2 ===
  TKSS: k_hat=3  ACC=0.9277  NMI=0.7926  ARI=0.7976  0.0s

=== P1E_S3_C3 train[5] k=3  dim=576  frames=129  σ=0.0  fold=2 ===
  TKSS: k_hat=3  ACC=0.9380  NMI=0.8171  ARI=0.8247  0.0s

=== P1E_S3_C3 train[6] k=3  dim=576  frames=84  σ=0.0  fold=2 ===
  TKSS: k_hat=3  ACC=0.8810  NMI=0.7262  ARI=0.6948  0.0s

=== P1E_S4_C1 train[0] k=3  dim=576  frames=158  σ=0.0  fold=2 ===
  TKSS: k_hat=3  ACC=0.8608  NMI=0.7175  ARI=0.6508  0.0s

=== P1E_S4_C1 train[1] k=3  dim=576  frames=107  σ=0.0  fold=2 ===
  TKSS: k_hat=3  ACC=0.9720  NMI=0.8951  ARI=0.9167  0.0s

=== P1E_S4_C1 train[2] k=3  dim=576  frames=182  σ=0.0  fold=2 ===
  TKSS: k_hat=3  ACC=0.9725  NMI=0.8953  ARI=0.9174  0.0s

=== P1E_S4_C1 train[3] k=3  dim=576  frames=180  σ=0.0  fold=2 ===
  TKSS: k_hat=3  ACC=0.9333  NMI=0.8400  ARI=0.8161  0.1s

=== P1E_S4_C1 train[4] k=3  dim=576  frames=133  σ=0.0  fold=2 ===
  TKSS: k_hat=3  ACC=0.8947  NMI=0.7435  ARI=0.7221  0.0s

=== P1E_S4_C1 train[5] k=3  dim=576  frames=147  σ=0.0  fold=2 ===
  TKSS: k_hat=3  ACC=0.8027  NMI=0.6261  ARI=0.5568  0.0s

=== P1E_S4_C1 train[6] k=3  dim=576  frames=145  σ=0.0  fold=2 ===
  TKSS: k_hat=3  ACC=0.9310  NMI=0.7970  ARI=0.8084  0.0s

=== P1E_S4_C2 train[0] k=3  dim=576  frames=117  σ=0.0  fold=2 ===
  TKSS: k_hat=3  ACC=0.9402  NMI=0.8209  ARI=0.8327  0.0s

=== P1E_S4_C2 train[1] k=3  dim=576  frames=125  σ=0.0  fold=2 ===
  TKSS: k_hat=3  ACC=0.9440  NMI=0.8574  ARI=0.8428  0.0s

=== P1E_S4_C2 train[2] k=3  dim=576  frames=126  σ=0.0  fold=2 ===
  TKSS: k_hat=3  ACC=0.8730  NMI=0.7100  ARI=0.6764  0.0s

=== P1E_S4_C2 train[3] k=3  dim=576  frames=140  σ=0.0  fold=2 ===
  TKSS: k_hat=3  ACC=0.8714  NMI=0.6809  ARI=0.6342  0.0s

=== P1E_S4_C2 train[4] k=3  dim=576  frames=129  σ=0.0  fold=2 ===
  TKSS: k_hat=3  ACC=0.9302  NMI=0.8039  ARI=0.8070  0.0s

=== P1E_S4_C2 train[5] k=3  dim=576  frames=146  σ=0.0  fold=2 ===
  TKSS: k_hat=3  ACC=0.9863  NMI=0.9477  ARI=0.9594  0.0s

=== P1E_S4_C2 train[6] k=3  dim=576  frames=110  σ=0.0  fold=2 ===
  TKSS: k_hat=3  ACC=0.9364  NMI=0.8221  ARI=0.8214  0.0s

=== P1E_S4_C3 train[0] k=3  dim=576  frames=90  σ=0.0  fold=2 ===
  TKSS: k_hat=3  ACC=0.9222  NMI=0.7952  ARI=0.7808  0.0s

=== P1E_S4_C3 train[1] k=3  dim=576  frames=64  σ=0.0  fold=2 ===
  TKSS: k_hat=3  ACC=0.9688  NMI=0.8848  ARI=0.9071  0.0s

=== P1E_S4_C3 train[2] k=3  dim=576  frames=105  σ=0.0  fold=2 ===
  TKSS: k_hat=3  ACC=0.8476  NMI=0.6674  ARI=0.6196  0.0s

=== P1E_S4_C3 train[3] k=3  dim=576  frames=87  σ=0.0  fold=2 ===
  TKSS: k_hat=3  ACC=0.9540  NMI=0.8509  ARI=0.8634  0.0s

=== P1E_S4_C3 train[4] k=3  dim=576  frames=76  σ=0.0  fold=2 ===
  TKSS: k_hat=3  ACC=0.9474  NMI=0.8374  ARI=0.8501  0.0s

=== P1E_S4_C3 train[5] k=3  dim=576  frames=106  σ=0.0  fold=2 ===
  TKSS: k_hat=3  ACC=0.9434  NMI=0.8352  ARI=0.8441  0.0s

=== P1E_S4_C3 train[6] k=3  dim=576  frames=79  σ=0.0  fold=2 ===
  TKSS: k_hat=3  ACC=0.9241  NMI=0.7835  ARI=0.7895  0.0s

=== P1L_S1_C1 train[0] k=3  dim=576  frames=162  σ=0.0  fold=2 ===
  TKSS: k_hat=3  ACC=0.9259  NMI=0.8023  ARI=0.7999  0.1s

=== P1L_S1_C1 train[1] k=3  dim=576  frames=170  σ=0.0  fold=2 ===
  TKSS: k_hat=3  ACC=0.8882  NMI=0.7319  ARI=0.6992  0.1s

=== P1L_S1_C1 train[2] k=3  dim=576  frames=182  σ=0.0  fold=2 ===
  TKSS: k_hat=3  ACC=0.9286  NMI=0.7917  ARI=0.7988  0.1s

=== P1L_S1_C1 train[3] k=3  dim=576  frames=198  σ=0.0  fold=2 ===
  TKSS: k_hat=3  ACC=0.9596  NMI=0.8851  ARI=0.8844  0.0s

=== P1L_S1_C1 train[4] k=3  dim=576  frames=166  σ=0.0  fold=2 ===
  TKSS: k_hat=3  ACC=0.9639  NMI=0.8715  ARI=0.8950  0.0s

=== P1L_S1_C1 train[5] k=3  dim=576  frames=116  σ=0.0  fold=2 ===
  TKSS: k_hat=3  ACC=0.9828  NMI=0.9385  ARI=0.9519  0.0s

=== P1L_S1_C1 train[6] k=3  dim=576  frames=175  σ=0.0  fold=2 ===
  TKSS: k_hat=3  ACC=0.8971  NMI=0.7334  ARI=0.7264  0.0s

=== P1L_S1_C2 train[0] k=3  dim=576  frames=186  σ=0.0  fold=2 ===
  TKSS: k_hat=3  ACC=0.9194  NMI=0.7866  ARI=0.7828  0.0s

=== P1L_S1_C2 train[1] k=3  dim=576  frames=137  σ=0.0  fold=2 ===
  TKSS: k_hat=3  ACC=0.9051  NMI=0.7496  ARI=0.7435  0.0s

=== P1L_S1_C2 train[2] k=3  dim=576  frames=181  σ=0.0  fold=2 ===
  TKSS: k_hat=3  ACC=0.9337  NMI=0.8090  ARI=0.8155  0.0s

=== P1L_S1_C2 train[3] k=3  dim=576  frames=128  σ=0.0  fold=2 ===
  TKSS: k_hat=3  ACC=0.8203  NMI=0.6290  ARI=0.5651  0.0s

=== P1L_S1_C2 train[4] k=3  dim=576  frames=154  σ=0.0  fold=2 ===
  TKSS: k_hat=3  ACC=0.9351  NMI=0.8060  ARI=0.8189  0.0s

=== P1L_S1_C2 train[5] k=3  dim=576  frames=142  σ=0.0  fold=2 ===
  TKSS: k_hat=3  ACC=0.8803  NMI=0.7121  ARI=0.6897  0.0s

=== P1L_S1_C2 train[6] k=3  dim=576  frames=168  σ=0.0  fold=2 ===
  TKSS: k_hat=3  ACC=0.9345  NMI=0.8157  ARI=0.8185  0.0s

=== P1L_S1_C3 train[0] k=3  dim=576  frames=60  σ=0.0  fold=2 ===
  TKSS: k_hat=3  ACC=0.9667  NMI=0.8791  ARI=0.9004  0.0s

=== P1L_S1_C3 train[1] k=3  dim=576  frames=68  σ=0.0  fold=2 ===
  TKSS: k_hat=3  ACC=0.9412  NMI=0.8158  ARI=0.8261  0.0s

=== P1L_S1_C3 train[2] k=3  dim=576  frames=74  σ=0.0  fold=2 ===
  TKSS: k_hat=3  ACC=0.9189  NMI=0.7754  ARI=0.7761  0.0s

=== P1L_S1_C3 train[3] k=3  dim=576  frames=73  σ=0.0  fold=2 ===
  TKSS: k_hat=3  ACC=0.8630  NMI=0.6918  ARI=0.6489  0.0s

=== P1L_S1_C3 train[4] k=3  dim=576  frames=64  σ=0.0  fold=2 ===
  TKSS: k_hat=3  ACC=0.9531  NMI=0.8471  ARI=0.8643  0.0s

=== P1L_S1_C3 train[5] k=3  dim=576  frames=63  σ=0.0  fold=2 ===
  TKSS: k_hat=3  ACC=0.8571  NMI=0.6728  ARI=0.6378  0.0s

=== P1L_S1_C3 train[6] k=3  dim=576  frames=75  σ=0.0  fold=2 ===
  TKSS: k_hat=3  ACC=0.8933  NMI=0.7282  ARI=0.7119  0.0s

=== P1L_S2_C1 train[0] k=3  dim=576  frames=211  σ=0.0  fold=2 ===
  TKSS: k_hat=3  ACC=0.9431  NMI=0.8201  ARI=0.8324  0.0s

=== P1L_S2_C1 train[1] k=3  dim=576  frames=190  σ=0.0  fold=2 ===
  TKSS: k_hat=3  ACC=0.9211  NMI=0.7952  ARI=0.7821  0.1s

=== P1L_S2_C1 train[2] k=3  dim=576  frames=177  σ=0.0  fold=2 ===
  TKSS: k_hat=3  ACC=0.9040  NMI=0.7486  ARI=0.7405  0.0s

=== P1L_S2_C1 train[3] k=3  dim=576  frames=172  σ=0.0  fold=2 ===
  TKSS: k_hat=3  ACC=0.8837  NMI=0.7305  ARI=0.7055  0.0s

=== P1L_S2_C1 train[4] k=3  dim=576  frames=179  σ=0.0  fold=2 ===
  TKSS: k_hat=3  ACC=0.9162  NMI=0.7746  ARI=0.7726  0.0s

=== P1L_S2_C1 train[5] k=3  dim=576  frames=180  σ=0.0  fold=2 ===
  TKSS: k_hat=3  ACC=0.7667  NMI=0.5829  ARI=0.4928  0.0s

=== P1L_S2_C1 train[6] k=3  dim=576  frames=133  σ=0.0  fold=2 ===
  TKSS: k_hat=3  ACC=0.7368  NMI=0.5776  ARI=0.4697  0.0s

=== P1L_S2_C2 train[0] k=3  dim=576  frames=194  σ=0.0  fold=2 ===
  TKSS: k_hat=3  ACC=0.8351  NMI=0.6782  ARI=0.6156  0.1s

=== P1L_S2_C2 train[1] k=3  dim=576  frames=155  σ=0.0  fold=2 ===
  TKSS: k_hat=3  ACC=0.9677  NMI=0.8818  ARI=0.9032  0.0s

=== P1L_S2_C2 train[2] k=3  dim=576  frames=186  σ=0.0  fold=2 ===
  TKSS: k_hat=3  ACC=0.9409  NMI=0.8527  ARI=0.8374  0.0s

=== P1L_S2_C2 train[3] k=3  dim=576  frames=201  σ=0.0  fold=2 ===
  TKSS: k_hat=3  ACC=0.9353  NMI=0.8112  ARI=0.8139  0.0s

=== P1L_S2_C2 train[4] k=3  dim=576  frames=171  σ=0.0  fold=2 ===
  TKSS: k_hat=3  ACC=0.9240  NMI=0.7872  ARI=0.7906  0.0s

=== P1L_S2_C2 train[5] k=3  dim=576  frames=160  σ=0.0  fold=2 ===
  TKSS: k_hat=3  ACC=0.7312  NMI=0.5575  ARI=0.4502  0.0s

=== P1L_S2_C2 train[6] k=3  dim=576  frames=154  σ=0.0  fold=2 ===
  TKSS: k_hat=3  ACC=0.8896  NMI=0.7341  ARI=0.7144  0.0s

=== P1L_S2_C3 train[0] k=3  dim=576  frames=119  σ=0.0  fold=2 ===
  TKSS: k_hat=3  ACC=0.9076  NMI=0.7452  ARI=0.7296  0.1s

=== P1L_S2_C3 train[1] k=3  dim=576  frames=101  σ=0.0  fold=2 ===
  TKSS: k_hat=3  ACC=0.8812  NMI=0.7037  ARI=0.6622  0.0s

=== P1L_S2_C3 train[2] k=3  dim=576  frames=112  σ=0.0  fold=2 ===
  TKSS: k_hat=3  ACC=0.8750  NMI=0.6968  ARI=0.6653  0.0s

=== P1L_S2_C3 train[3] k=3  dim=576  frames=126  σ=0.0  fold=2 ===
  TKSS: k_hat=3  ACC=0.9365  NMI=0.8064  ARI=0.8135  0.0s

=== P1L_S2_C3 train[4] k=3  dim=576  frames=102  σ=0.0  fold=2 ===
  TKSS: k_hat=3  ACC=0.9706  NMI=0.9082  ARI=0.9141  0.0s

=== P1L_S2_C3 train[5] k=3  dim=576  frames=121  σ=0.0  fold=2 ===
  TKSS: k_hat=3  ACC=0.9256  NMI=0.7870  ARI=0.7977  0.0s

=== P1L_S2_C3 train[6] k=3  dim=576  frames=99  σ=0.0  fold=2 ===
  TKSS: k_hat=3  ACC=0.9495  NMI=0.8368  ARI=0.8547  0.0s

=== P1L_S3_C1 train[0] k=3  dim=576  frames=156  σ=0.0  fold=2 ===
  TKSS: k_hat=3  ACC=0.7500  NMI=0.5703  ARI=0.4686  0.0s

=== P1L_S3_C1 train[1] k=3  dim=576  frames=120  σ=0.0  fold=2 ===
  TKSS: k_hat=3  ACC=0.8250  NMI=0.6366  ARI=0.5764  0.0s

=== P1L_S3_C1 train[2] k=3  dim=576  frames=156  σ=0.0  fold=2 ===
  TKSS: k_hat=3  ACC=0.8590  NMI=0.7572  ARI=0.6678  0.0s

=== P1L_S3_C1 train[3] k=3  dim=576  frames=159  σ=0.0  fold=2 ===
  TKSS: k_hat=3  ACC=0.7862  NMI=0.5974  ARI=0.5105  0.1s

=== P1L_S3_C1 train[4] k=3  dim=576  frames=172  σ=0.0  fold=2 ===
  TKSS: k_hat=3  ACC=0.9535  NMI=0.8739  ARI=0.8686  0.0s

=== P1L_S3_C1 train[5] k=3  dim=576  frames=176  σ=0.0  fold=2 ===
  TKSS: k_hat=3  ACC=0.7727  NMI=0.5853  ARI=0.4969  0.0s

=== P1L_S3_C1 train[6] k=3  dim=576  frames=134  σ=0.0  fold=2 ===
  TKSS: k_hat=3  ACC=0.8358  NMI=0.6499  ARI=0.6026  0.0s

=== P1L_S3_C2 train[0] k=3  dim=576  frames=185  σ=0.0  fold=2 ===
  TKSS: k_hat=3  ACC=0.9730  NMI=0.9116  ARI=0.9170  0.1s

=== P1L_S3_C2 train[1] k=3  dim=576  frames=125  σ=0.0  fold=2 ===
  TKSS: k_hat=3  ACC=0.9200  NMI=0.7804  ARI=0.7800  0.0s

=== P1L_S3_C2 train[2] k=3  dim=576  frames=209  σ=0.0  fold=2 ===
  TKSS: k_hat=3  ACC=0.9330  NMI=0.8085  ARI=0.8143  0.1s

=== P1L_S3_C2 train[3] k=3  dim=576  frames=168  σ=0.0  fold=2 ===
  TKSS: k_hat=3  ACC=0.8571  NMI=0.7209  ARI=0.6620  0.0s

=== P1L_S3_C2 train[4] k=3  dim=576  frames=187  σ=0.0  fold=2 ===
  TKSS: k_hat=3  ACC=0.8717  NMI=0.6985  ARI=0.6733  0.1s

=== P1L_S3_C2 train[5] k=3  dim=576  frames=229  σ=0.0  fold=2 ===
  TKSS: k_hat=3  ACC=0.9389  NMI=0.8172  ARI=0.8280  0.1s

=== P1L_S3_C2 train[6] k=3  dim=576  frames=136  σ=0.0  fold=2 ===
  TKSS: k_hat=3  ACC=0.9265  NMI=0.7996  ARI=0.7992  0.0s

=== P1L_S3_C3 train[0] k=3  dim=576  frames=151  σ=0.0  fold=2 ===
  TKSS: k_hat=3  ACC=0.8411  NMI=0.6306  ARI=0.5586  0.1s

=== P1L_S3_C3 train[1] k=3  dim=576  frames=118  σ=0.0  fold=2 ===
  TKSS: k_hat=3  ACC=0.9831  NMI=0.9280  ARI=0.9494  0.0s

=== P1L_S3_C3 train[2] k=3  dim=576  frames=142  σ=0.0  fold=2 ===
  TKSS: k_hat=3  ACC=0.9225  NMI=0.7862  ARI=0.7876  0.0s

=== P1L_S3_C3 train[3] k=3  dim=576  frames=134  σ=0.0  fold=2 ===
  TKSS: k_hat=3  ACC=0.8881  NMI=0.7293  ARI=0.7059  0.0s

=== P1L_S3_C3 train[4] k=3  dim=576  frames=110  σ=0.0  fold=2 ===
  TKSS: k_hat=3  ACC=0.9909  NMI=0.9618  ARI=0.9723  0.0s

=== P1L_S3_C3 train[5] k=3  dim=576  frames=161  σ=0.0  fold=2 ===
  TKSS: k_hat=3  ACC=0.9130  NMI=0.7611  ARI=0.7610  0.0s

=== P1L_S3_C3 train[6] k=3  dim=576  frames=114  σ=0.0  fold=2 ===
  TKSS: k_hat=3  ACC=0.9123  NMI=0.7600  ARI=0.7652  0.0s

=== P1L_S4_C1 train[0] k=3  dim=576  frames=200  σ=0.0  fold=2 ===
  TKSS: k_hat=3  ACC=0.9150  NMI=0.7722  ARI=0.7708  0.0s

=== P1L_S4_C1 train[1] k=3  dim=576  frames=157  σ=0.0  fold=2 ===
  TKSS: k_hat=3  ACC=0.8025  NMI=0.6269  ARI=0.5567  0.0s

=== P1L_S4_C1 train[2] k=3  dim=576  frames=168  σ=0.0  fold=2 ===
  TKSS: k_hat=3  ACC=0.8988  NMI=0.7769  ARI=0.7400  0.0s

=== P1L_S4_C1 train[3] k=3  dim=576  frames=142  σ=0.0  fold=2 ===
  TKSS: k_hat=3  ACC=0.9859  NMI=0.9466  ARI=0.9579  0.0s

=== P1L_S4_C1 train[4] k=3  dim=576  frames=164  σ=0.0  fold=2 ===
  TKSS: k_hat=3  ACC=0.9512  NMI=0.8459  ARI=0.8609  0.0s

=== P1L_S4_C1 train[5] k=3  dim=576  frames=187  σ=0.0  fold=2 ===
  TKSS: k_hat=3  ACC=0.8770  NMI=0.6723  ARI=0.6720  0.2s

=== P1L_S4_C1 train[6] k=3  dim=576  frames=202  σ=0.0  fold=2 ===
  TKSS: k_hat=3  ACC=0.9901  NMI=0.9593  ARI=0.9706  0.0s

=== P1L_S4_C2 train[0] k=3  dim=576  frames=157  σ=0.0  fold=2 ===
  TKSS: k_hat=3  ACC=0.8153  NMI=0.6289  ARI=0.5642  0.0s

=== P1L_S4_C2 train[1] k=3  dim=576  frames=149  σ=0.0  fold=2 ===
  TKSS: k_hat=3  ACC=0.8658  NMI=0.6867  ARI=0.6554  0.0s

=== P1L_S4_C2 train[2] k=3  dim=576  frames=168  σ=0.0  fold=2 ===
  TKSS: k_hat=3  ACC=0.9286  NMI=0.8031  ARI=0.7980  0.0s

=== P1L_S4_C2 train[3] k=3  dim=576  frames=154  σ=0.0  fold=2 ===
  TKSS: k_hat=3  ACC=0.7403  NMI=0.5622  ARI=0.4607  0.0s

=== P1L_S4_C2 train[4] k=3  dim=576  frames=152  σ=0.0  fold=2 ===
  TKSS: k_hat=3  ACC=0.9474  NMI=0.8636  ARI=0.8535  0.1s

=== P1L_S4_C2 train[5] k=3  dim=576  frames=169  σ=0.0  fold=2 ===
  TKSS: k_hat=3  ACC=0.8994  NMI=0.7408  ARI=0.7343  0.0s

=== P1L_S4_C2 train[6] k=3  dim=576  frames=153  σ=0.0  fold=2 ===
  TKSS: k_hat=3  ACC=0.8170  NMI=0.6270  ARI=0.5633  0.0s

=== P1L_S4_C3 train[0] k=3  dim=576  frames=96  σ=0.0  fold=2 ===
  TKSS: k_hat=3  ACC=0.9375  NMI=0.8474  ARI=0.8275  0.0s

=== P1L_S4_C3 train[1] k=3  dim=576  frames=107  σ=0.0  fold=2 ===
  TKSS: k_hat=3  ACC=0.8505  NMI=0.6808  ARI=0.6330  0.0s

=== P1L_S4_C3 train[2] k=3  dim=576  frames=117  σ=0.0  fold=2 ===
  TKSS: k_hat=3  ACC=0.8803  NMI=0.7346  ARI=0.6968  0.0s

=== P1L_S4_C3 train[3] k=3  dim=576  frames=112  σ=0.0  fold=2 ===
  TKSS: k_hat=3  ACC=0.8661  NMI=0.7641  ARI=0.6778  0.0s

=== P1L_S4_C3 train[4] k=3  dim=576  frames=103  σ=0.0  fold=2 ===
  TKSS: k_hat=3  ACC=0.9417  NMI=0.8188  ARI=0.8342  0.0s

=== P1L_S4_C3 train[5] k=3  dim=576  frames=105  σ=0.0  fold=2 ===
  TKSS: k_hat=3  ACC=0.9333  NMI=0.8026  ARI=0.8153  0.0s

=== P1L_S4_C3 train[6] k=3  dim=576  frames=107  σ=0.0  fold=2 ===
  TKSS: k_hat=3  ACC=0.9346  NMI=0.8194  ARI=0.8187  0.0s

=== P1E_S1_C1 test[0] k=3  dim=576  frames=130  σ=0.0  fold=2 ===
  TKSS: k_hat=3  ACC=0.9385  NMI=0.8111  ARI=0.8197  0.0s

=== P1E_S1_C2 test[0] k=3  dim=576  frames=104  σ=0.0  fold=2 ===
  TKSS: k_hat=3  ACC=0.9423  NMI=0.8204  ARI=0.8294  0.0s

=== P1E_S1_C3 test[0] k=3  dim=576  frames=47  σ=0.0  fold=2 ===
  TKSS: k_hat=3  ACC=0.8936  NMI=0.7440  ARI=0.7094  0.0s

=== P1E_S2_C1 test[0] k=3  dim=576  frames=136  σ=0.0  fold=2 ===
  TKSS: k_hat=3  ACC=0.9265  NMI=0.7935  ARI=0.8000  0.0s

=== P1E_S2_C2 test[0] k=3  dim=576  frames=109  σ=0.0  fold=2 ===
  TKSS: k_hat=3  ACC=0.9266  NMI=0.7898  ARI=0.7962  0.0s

=== P1E_S2_C3 test[0] k=3  dim=576  frames=90  σ=0.0  fold=2 ===
  TKSS: k_hat=3  ACC=0.9222  NMI=0.7851  ARI=0.7833  0.0s

=== P1E_S3_C1 test[0] k=3  dim=576  frames=134  σ=0.0  fold=2 ===
  TKSS: k_hat=3  ACC=0.9179  NMI=0.7746  ARI=0.7656  0.0s

=== P1E_S3_C2 test[0] k=3  dim=576  frames=112  σ=0.0  fold=2 ===
  TKSS: k_hat=3  ACC=0.9286  NMI=0.7878  ARI=0.7881  0.0s

=== P1E_S3_C3 test[0] k=3  dim=576  frames=84  σ=0.0  fold=2 ===
  TKSS: k_hat=3  ACC=0.8929  NMI=0.7576  ARI=0.7220  0.0s

=== P1E_S4_C1 test[0] k=3  dim=576  frames=155  σ=0.0  fold=2 ===
  TKSS: k_hat=3  ACC=0.9613  NMI=0.8660  ARI=0.8852  0.0s

=== P1E_S4_C2 test[0] k=3  dim=576  frames=122  σ=0.0  fold=2 ===
  TKSS: k_hat=3  ACC=0.9508  NMI=0.8398  ARI=0.8535  0.0s

=== P1E_S4_C3 test[0] k=3  dim=576  frames=85  σ=0.0  fold=2 ===
  TKSS: k_hat=3  ACC=0.9647  NMI=0.8960  ARI=0.8988  0.0s

=== P1L_S1_C1 test[0] k=3  dim=576  frames=155  σ=0.0  fold=2 ===
  TKSS: k_hat=3  ACC=0.8258  NMI=0.6510  ARI=0.5883  0.0s

=== P1L_S1_C2 test[0] k=3  dim=576  frames=147  σ=0.0  fold=2 ===
  TKSS: k_hat=3  ACC=0.9116  NMI=0.7702  ARI=0.7617  0.0s

=== P1L_S1_C3 test[0] k=3  dim=576  frames=65  σ=0.0  fold=2 ===
  TKSS: k_hat=3  ACC=0.8769  NMI=0.6976  ARI=0.6602  0.0s

=== P1L_S2_C1 test[0] k=3  dim=576  frames=180  σ=0.0  fold=2 ===
  TKSS: k_hat=3  ACC=0.7833  NMI=0.5997  ARI=0.5196  0.0s

=== P1L_S2_C2 test[0] k=3  dim=576  frames=134  σ=0.0  fold=2 ===
  TKSS: k_hat=3  ACC=0.8582  NMI=0.6986  ARI=0.6581  0.0s

=== P1L_S2_C3 test[0] k=3  dim=576  frames=85  σ=0.0  fold=2 ===
  TKSS: k_hat=3  ACC=0.8000  NMI=0.6084  ARI=0.5280  0.0s

=== P1L_S3_C1 test[0] k=3  dim=576  frames=185  σ=0.0  fold=2 ===
  TKSS: k_hat=3  ACC=0.9730  NMI=0.8967  ARI=0.9189  0.0s

=== P1L_S3_C2 test[0] k=3  dim=576  frames=166  σ=0.0  fold=2 ===
  TKSS: k_hat=3  ACC=0.9639  NMI=0.8941  ARI=0.8971  0.0s

=== P1L_S3_C3 test[0] k=3  dim=576  frames=121  σ=0.0  fold=2 ===
  TKSS: k_hat=3  ACC=0.9421  NMI=0.8198  ARI=0.8351  0.0s

=== P1L_S4_C1 test[0] k=3  dim=576  frames=154  σ=0.0  fold=2 ===
  TKSS: k_hat=3  ACC=0.8766  NMI=0.7747  ARI=0.7039  0.0s

=== P1L_S4_C2 test[0] k=3  dim=576  frames=175  σ=0.0  fold=2 ===
  TKSS: k_hat=3  ACC=0.9257  NMI=0.7816  ARI=0.7825  0.0s

=== P1L_S4_C3 test[0] k=3  dim=576  frames=94  σ=0.0  fold=2 ===
  TKSS: k_hat=3  ACC=0.8830  NMI=0.7503  ARI=0.7068  0.0s
  tune_pool_groups=20: sampling from 22 held-in people (overlap allowed) instead of the 7 fixed partition group(s)

============================================================
σ=0.0 fold=3  test=['0005', '0024', '0025']  train mats=168  test mats=24  tune mats=480
  --- tune TKSS over 480 train mats  n_trials=30 (3 params) ---
  TKSS trial 0: mean ARI=0.7212  n=480  19.0s  d=5, lam=1, s=2
  TKSS trial 1: mean ARI=0.7044  n=480  19.2s  d=9, lam=1.398, s=4
  TKSS trial 2: mean ARI=0.7107  n=480  15.5s  d=9, lam=0.1866, s=4
  TKSS trial 3: mean ARI=0.6748  n=480  22.9s  d=7, lam=4.735, s=6
  TKSS trial 4: mean ARI=0.6932  n=480  21.9s  d=6, lam=2.372, s=4
  TKSS trial 5: mean ARI=0.7335  n=480  11.1s  d=9, lam=5.981, s=1
  TKSS trial 6: mean ARI=0.7075  n=480  26.6s  d=2, lam=0.0115, s=5
  TKSS trial 7: mean ARI=0.6970  n=480  21.9s  d=12, lam=4.074, s=6
  TKSS trial 8: mean ARI=0.7070  n=480  18.0s  d=12, lam=0.2423, s=5
  TKSS trial 9: mean ARI=0.7105  n=480  26.6s  d=2, lam=0.8313, s=1
  TKSS trial 10: mean ARI=0.7341  n=480  7.5s  d=15, lam=0.01456, s=2
  TKSS trial 11: mean ARI=0.7342  n=480  7.5s  d=15, lam=0.01211, s=2
  TKSS trial 12: mean ARI=0.7340  n=480  7.5s  d=15, lam=0.01507, s=2
  TKSS trial 13: mean ARI=0.7341  n=480  7.5s  d=15, lam=0.03917, s=2
  TKSS trial 14: mean ARI=0.7313  n=480  9.0s  d=13, lam=0.04939, s=3
  TKSS trial 15: mean ARI=0.7312  n=480  8.4s  d=14, lam=0.04997, s=3
  TKSS trial 16: mean ARI=0.7308  n=480  9.1s  d=12, lam=0.0436, s=3
  TKSS trial 17: mean ARI=0.7344  n=480  7.5s  d=15, lam=0.171, s=1
  TKSS trial 18: mean ARI=0.7351  n=480  9.0s  d=11, lam=0.2397, s=1
  TKSS trial 19: mean ARI=0.7350  n=480  9.6s  d=10, lam=0.3213, s=1
  TKSS trial 20: mean ARI=0.7352  n=480  9.7s  d=10, lam=0.4082, s=1
  TKSS trial 21: mean ARI=0.7350  n=480  10.0s  d=10, lam=0.3607, s=1
  TKSS trial 22: mean ARI=0.7346  n=480  9.3s  d=11, lam=0.4685, s=1
  TKSS trial 23: mean ARI=0.7368  n=480  12.1s  d=7, lam=0.1054, s=1
  TKSS trial 24: mean ARI=0.7367  n=480  10.6s  d=8, lam=0.1007, s=1
  TKSS trial 25: mean ARI=0.7339  n=480  12.2s  d=7, lam=0.1019, s=2
  TKSS trial 26: mean ARI=0.7364  n=480  18.0s  d=4, lam=0.09972, s=1
  TKSS trial 27: mean ARI=0.7347  n=480  18.5s  d=4, lam=0.1151, s=2
  TKSS trial 28: mean ARI=0.7360  n=480  18.0s  d=4, lam=0.08303, s=1
  TKSS trial 29: mean ARI=0.7336  n=480  15.7s  d=5, lam=0.02597, s=2
    best mean ARI=0.7368  tune 419.7s  d=7, lam=0.1054, s=1
  wrote /nfs/turbo/umms-minjilab/lpullela/icassp_ssc_tv2/block_ssc_benchmark/cv/params/surveillance/split_k3_clean_min30_trials20_knownk_scaled_params_cv_tkss_k3_sigma0_sigma0_fold3.json

=== P1E_S1_C1 train[0] k=3  dim=576  frames=146  σ=0.0  fold=3 ===
  TKSS: k_hat=3  ACC=0.8493  NMI=0.6985  ARI=0.6388  0.0s

=== P1E_S1_C1 train[1] k=3  dim=576  frames=153  σ=0.0  fold=3 ===
  TKSS: k_hat=3  ACC=0.9804  NMI=0.9203  ARI=0.9418  0.0s

=== P1E_S1_C1 train[2] k=3  dim=576  frames=130  σ=0.0  fold=3 ===
  TKSS: k_hat=3  ACC=0.9385  NMI=0.8111  ARI=0.8197  0.0s

=== P1E_S1_C1 train[3] k=3  dim=576  frames=157  σ=0.0  fold=3 ===
  TKSS: k_hat=3  ACC=0.8599  NMI=0.6774  ARI=0.6380  0.1s

=== P1E_S1_C1 train[4] k=3  dim=576  frames=151  σ=0.0  fold=3 ===
  TKSS: k_hat=3  ACC=0.9073  NMI=0.7862  ARI=0.7590  0.0s

=== P1E_S1_C1 train[5] k=3  dim=576  frames=140  σ=0.0  fold=3 ===
  TKSS: k_hat=3  ACC=0.8929  NMI=0.7352  ARI=0.7139  0.0s

=== P1E_S1_C1 train[6] k=3  dim=576  frames=171  σ=0.0  fold=3 ===
  TKSS: k_hat=3  ACC=0.9474  NMI=0.8312  ARI=0.8495  0.0s

=== P1E_S1_C2 train[0] k=3  dim=576  frames=147  σ=0.0  fold=3 ===
  TKSS: k_hat=3  ACC=0.8912  NMI=0.7664  ARI=0.7235  0.0s

=== P1E_S1_C2 train[1] k=3  dim=576  frames=115  σ=0.0  fold=3 ===
  TKSS: k_hat=3  ACC=0.9043  NMI=0.7496  ARI=0.7426  0.0s

=== P1E_S1_C2 train[2] k=3  dim=576  frames=104  σ=0.0  fold=3 ===
  TKSS: k_hat=3  ACC=0.9423  NMI=0.8204  ARI=0.8294  0.0s

=== P1E_S1_C2 train[3] k=3  dim=576  frames=113  σ=0.0  fold=3 ===
  TKSS: k_hat=3  ACC=0.9115  NMI=0.7589  ARI=0.7566  0.0s

=== P1E_S1_C2 train[4] k=3  dim=576  frames=122  σ=0.0  fold=3 ===
  TKSS: k_hat=3  ACC=0.9344  NMI=0.8210  ARI=0.8190  0.0s

=== P1E_S1_C2 train[5] k=3  dim=576  frames=122  σ=0.0  fold=3 ===
  TKSS: k_hat=3  ACC=0.9262  NMI=0.7864  ARI=0.7946  0.0s

=== P1E_S1_C2 train[6] k=3  dim=576  frames=134  σ=0.0  fold=3 ===
  TKSS: k_hat=3  ACC=0.9627  NMI=0.8749  ARI=0.8920  0.0s

=== P1E_S1_C3 train[0] k=3  dim=576  frames=58  σ=0.0  fold=3 ===
  TKSS: k_hat=3  ACC=0.8793  NMI=0.7059  ARI=0.6565  0.0s

=== P1E_S1_C3 train[1] k=3  dim=576  frames=56  σ=0.0  fold=3 ===
  TKSS: k_hat=3  ACC=0.8036  NMI=0.6449  ARI=0.5506  0.0s

=== P1E_S1_C3 train[2] k=3  dim=576  frames=47  σ=0.0  fold=3 ===
  TKSS: k_hat=3  ACC=0.8936  NMI=0.7440  ARI=0.7094  0.0s

=== P1E_S1_C3 train[3] k=3  dim=576  frames=37  σ=0.0  fold=3 ===
  TKSS: k_hat=3  ACC=0.7838  NMI=0.5996  ARI=0.4944  0.0s

=== P1E_S1_C3 train[4] k=3  dim=576  frames=55  σ=0.0  fold=3 ===
  TKSS: k_hat=3  ACC=0.9091  NMI=0.7555  ARI=0.7445  0.0s

=== P1E_S1_C3 train[5] k=3  dim=576  frames=51  σ=0.0  fold=3 ===
  TKSS: k_hat=3  ACC=0.8627  NMI=0.6773  ARI=0.6243  0.0s

=== P1E_S1_C3 train[6] k=3  dim=576  frames=69  σ=0.0  fold=3 ===
  TKSS: k_hat=3  ACC=0.9710  NMI=0.8905  ARI=0.9115  0.0s

=== P1E_S2_C1 train[0] k=3  dim=576  frames=167  σ=0.0  fold=3 ===
  TKSS: k_hat=3  ACC=0.9701  NMI=0.8883  ARI=0.9101  0.0s

=== P1E_S2_C1 train[1] k=3  dim=576  frames=151  σ=0.0  fold=3 ===
  TKSS: k_hat=3  ACC=0.9470  NMI=0.8626  ARI=0.8518  0.0s

=== P1E_S2_C1 train[2] k=3  dim=576  frames=136  σ=0.0  fold=3 ===
  TKSS: k_hat=3  ACC=0.9265  NMI=0.7935  ARI=0.8000  0.0s

=== P1E_S2_C1 train[3] k=3  dim=576  frames=149  σ=0.0  fold=3 ===
  TKSS: k_hat=3  ACC=0.8926  NMI=0.7912  ARI=0.7352  0.0s

=== P1E_S2_C1 train[4] k=3  dim=576  frames=124  σ=0.0  fold=3 ===
  TKSS: k_hat=3  ACC=0.8952  NMI=0.7548  ARI=0.7288  0.0s

=== P1E_S2_C1 train[5] k=3  dim=576  frames=161  σ=0.0  fold=3 ===
  TKSS: k_hat=3  ACC=0.9627  NMI=0.8761  ARI=0.8909  0.0s

=== P1E_S2_C1 train[6] k=3  dim=576  frames=153  σ=0.0  fold=3 ===
  TKSS: k_hat=3  ACC=0.9673  NMI=0.8865  ARI=0.9048  0.0s

=== P1E_S2_C2 train[0] k=3  dim=576  frames=146  σ=0.0  fold=3 ===
  TKSS: k_hat=3  ACC=0.8836  NMI=0.7156  ARI=0.6920  0.0s

=== P1E_S2_C2 train[1] k=3  dim=576  frames=115  σ=0.0  fold=3 ===
  TKSS: k_hat=3  ACC=0.9391  NMI=0.8498  ARI=0.8310  0.0s

=== P1E_S2_C2 train[2] k=3  dim=576  frames=109  σ=0.0  fold=3 ===
  TKSS: k_hat=3  ACC=0.9266  NMI=0.7898  ARI=0.7962  0.0s

=== P1E_S2_C2 train[3] k=3  dim=576  frames=124  σ=0.0  fold=3 ===
  TKSS: k_hat=3  ACC=0.9274  NMI=0.7962  ARI=0.7926  0.0s

=== P1E_S2_C2 train[4] k=3  dim=576  frames=109  σ=0.0  fold=3 ===
  TKSS: k_hat=3  ACC=0.8899  NMI=0.7265  ARI=0.7105  0.0s

=== P1E_S2_C2 train[5] k=3  dim=576  frames=128  σ=0.0  fold=3 ===
  TKSS: k_hat=3  ACC=0.9375  NMI=0.8165  ARI=0.8248  0.0s

=== P1E_S2_C2 train[6] k=3  dim=576  frames=126  σ=0.0  fold=3 ===
  TKSS: k_hat=3  ACC=0.9603  NMI=0.8868  ARI=0.8866  0.0s

=== P1E_S2_C3 train[0] k=3  dim=576  frames=113  σ=0.0  fold=3 ===
  TKSS: k_hat=3  ACC=0.8761  NMI=0.7051  ARI=0.6765  0.0s

=== P1E_S2_C3 train[1] k=3  dim=576  frames=88  σ=0.0  fold=3 ===
  TKSS: k_hat=3  ACC=0.9205  NMI=0.7919  ARI=0.7751  0.0s

=== P1E_S2_C3 train[2] k=3  dim=576  frames=90  σ=0.0  fold=3 ===
  TKSS: k_hat=3  ACC=0.9222  NMI=0.7851  ARI=0.7833  0.0s

=== P1E_S2_C3 train[3] k=3  dim=576  frames=99  σ=0.0  fold=3 ===
  TKSS: k_hat=3  ACC=0.9596  NMI=0.8653  ARI=0.8825  0.0s

=== P1E_S2_C3 train[4] k=3  dim=576  frames=87  σ=0.0  fold=3 ===
  TKSS: k_hat=3  ACC=0.8966  NMI=0.7369  ARI=0.7243  0.0s

=== P1E_S2_C3 train[5] k=3  dim=576  frames=105  σ=0.0  fold=3 ===
  TKSS: k_hat=3  ACC=0.9333  NMI=0.8069  ARI=0.8143  0.0s

=== P1E_S2_C3 train[6] k=3  dim=576  frames=89  σ=0.0  fold=3 ===
  TKSS: k_hat=3  ACC=0.9213  NMI=0.7771  ARI=0.7812  0.0s

=== P1E_S3_C1 train[0] k=3  dim=576  frames=166  σ=0.0  fold=3 ===
  TKSS: k_hat=3  ACC=0.8554  NMI=0.7008  ARI=0.6462  0.1s

=== P1E_S3_C1 train[1] k=3  dim=576  frames=139  σ=0.0  fold=3 ===
  TKSS: k_hat=3  ACC=0.9209  NMI=0.8022  ARI=0.7861  0.0s

=== P1E_S3_C1 train[2] k=3  dim=576  frames=134  σ=0.0  fold=3 ===
  TKSS: k_hat=3  ACC=0.9179  NMI=0.7746  ARI=0.7656  0.0s

=== P1E_S3_C1 train[3] k=3  dim=576  frames=168  σ=0.0  fold=3 ===
  TKSS: k_hat=3  ACC=0.8869  NMI=0.7060  ARI=0.6735  0.0s

=== P1E_S3_C1 train[4] k=3  dim=576  frames=123  σ=0.0  fold=3 ===
  TKSS: k_hat=3  ACC=0.9512  NMI=0.8402  ARI=0.8608  0.0s

=== P1E_S3_C1 train[5] k=3  dim=576  frames=204  σ=0.0  fold=3 ===
  TKSS: k_hat=3  ACC=0.8284  NMI=0.6577  ARI=0.6104  0.0s

=== P1E_S3_C1 train[6] k=3  dim=576  frames=112  σ=0.0  fold=3 ===
  TKSS: k_hat=3  ACC=0.9643  NMI=0.8727  ARI=0.8957  0.0s

=== P1E_S3_C2 train[0] k=3  dim=576  frames=147  σ=0.0  fold=3 ===
  TKSS: k_hat=3  ACC=0.8912  NMI=0.7884  ARI=0.7280  0.0s

=== P1E_S3_C2 train[1] k=3  dim=576  frames=120  σ=0.0  fold=3 ===
  TKSS: k_hat=3  ACC=0.8917  NMI=0.7180  ARI=0.6886  0.0s

=== P1E_S3_C2 train[2] k=3  dim=576  frames=112  σ=0.0  fold=3 ===
  TKSS: k_hat=3  ACC=0.9286  NMI=0.7878  ARI=0.7881  0.0s

=== P1E_S3_C2 train[3] k=3  dim=576  frames=169  σ=0.0  fold=3 ===
  TKSS: k_hat=3  ACC=0.9053  NMI=0.7845  ARI=0.7529  0.0s

=== P1E_S3_C2 train[4] k=3  dim=576  frames=107  σ=0.0  fold=3 ===
  TKSS: k_hat=3  ACC=0.9065  NMI=0.8062  ARI=0.7577  0.0s

=== P1E_S3_C2 train[5] k=3  dim=576  frames=146  σ=0.0  fold=3 ===
  TKSS: k_hat=3  ACC=0.6781  NMI=0.5360  ARI=0.4046  0.0s

=== P1E_S3_C2 train[6] k=3  dim=576  frames=114  σ=0.0  fold=3 ===
  TKSS: k_hat=3  ACC=0.7895  NMI=0.6229  ARI=0.5362  0.0s

=== P1E_S3_C3 train[0] k=3  dim=576  frames=105  σ=0.0  fold=3 ===
  TKSS: k_hat=3  ACC=0.9143  NMI=0.7756  ARI=0.7670  0.0s

=== P1E_S3_C3 train[1] k=3  dim=576  frames=89  σ=0.0  fold=3 ===
  TKSS: k_hat=3  ACC=0.8876  NMI=0.7084  ARI=0.6740  0.0s

=== P1E_S3_C3 train[2] k=3  dim=576  frames=84  σ=0.0  fold=3 ===
  TKSS: k_hat=3  ACC=0.8929  NMI=0.7576  ARI=0.7220  0.0s

=== P1E_S3_C3 train[3] k=3  dim=576  frames=128  σ=0.0  fold=3 ===
  TKSS: k_hat=3  ACC=0.8906  NMI=0.7624  ARI=0.7196  0.0s

=== P1E_S3_C3 train[4] k=3  dim=576  frames=83  σ=0.0  fold=3 ===
  TKSS: k_hat=3  ACC=0.9277  NMI=0.7926  ARI=0.7976  0.0s

=== P1E_S3_C3 train[5] k=3  dim=576  frames=129  σ=0.0  fold=3 ===
  TKSS: k_hat=3  ACC=0.9380  NMI=0.8171  ARI=0.8247  0.0s

=== P1E_S3_C3 train[6] k=3  dim=576  frames=84  σ=0.0  fold=3 ===
  TKSS: k_hat=3  ACC=0.8810  NMI=0.7262  ARI=0.6948  0.0s

=== P1E_S4_C1 train[0] k=3  dim=576  frames=158  σ=0.0  fold=3 ===
  TKSS: k_hat=3  ACC=0.8608  NMI=0.7175  ARI=0.6508  0.0s

=== P1E_S4_C1 train[1] k=3  dim=576  frames=107  σ=0.0  fold=3 ===
  TKSS: k_hat=3  ACC=0.9626  NMI=0.8724  ARI=0.8899  0.0s

=== P1E_S4_C1 train[2] k=3  dim=576  frames=155  σ=0.0  fold=3 ===
  TKSS: k_hat=3  ACC=0.9613  NMI=0.8660  ARI=0.8852  0.0s

=== P1E_S4_C1 train[3] k=3  dim=576  frames=180  σ=0.0  fold=3 ===
  TKSS: k_hat=3  ACC=0.9333  NMI=0.8400  ARI=0.8161  0.1s

=== P1E_S4_C1 train[4] k=3  dim=576  frames=133  σ=0.0  fold=3 ===
  TKSS: k_hat=3  ACC=0.8947  NMI=0.7435  ARI=0.7221  0.0s

=== P1E_S4_C1 train[5] k=3  dim=576  frames=147  σ=0.0  fold=3 ===
  TKSS: k_hat=3  ACC=0.8027  NMI=0.6261  ARI=0.5568  0.0s

=== P1E_S4_C1 train[6] k=3  dim=576  frames=145  σ=0.0  fold=3 ===
  TKSS: k_hat=3  ACC=0.9310  NMI=0.7970  ARI=0.8084  0.0s

=== P1E_S4_C2 train[0] k=3  dim=576  frames=117  σ=0.0  fold=3 ===
  TKSS: k_hat=3  ACC=0.9402  NMI=0.8209  ARI=0.8327  0.0s

=== P1E_S4_C2 train[1] k=3  dim=576  frames=125  σ=0.0  fold=3 ===
  TKSS: k_hat=3  ACC=0.9440  NMI=0.8574  ARI=0.8428  0.0s

=== P1E_S4_C2 train[2] k=3  dim=576  frames=122  σ=0.0  fold=3 ===
  TKSS: k_hat=3  ACC=0.9508  NMI=0.8398  ARI=0.8535  0.0s

=== P1E_S4_C2 train[3] k=3  dim=576  frames=140  σ=0.0  fold=3 ===
  TKSS: k_hat=3  ACC=0.8714  NMI=0.6816  ARI=0.6347  0.0s

=== P1E_S4_C2 train[4] k=3  dim=576  frames=129  σ=0.0  fold=3 ===
  TKSS: k_hat=3  ACC=0.9302  NMI=0.8039  ARI=0.8070  0.0s

=== P1E_S4_C2 train[5] k=3  dim=576  frames=146  σ=0.0  fold=3 ===
  TKSS: k_hat=3  ACC=0.9863  NMI=0.9477  ARI=0.9594  0.0s

=== P1E_S4_C2 train[6] k=3  dim=576  frames=110  σ=0.0  fold=3 ===
  TKSS: k_hat=3  ACC=0.9364  NMI=0.8221  ARI=0.8214  0.0s

=== P1E_S4_C3 train[0] k=3  dim=576  frames=90  σ=0.0  fold=3 ===
  TKSS: k_hat=3  ACC=0.9222  NMI=0.7952  ARI=0.7808  0.0s

=== P1E_S4_C3 train[1] k=3  dim=576  frames=64  σ=0.0  fold=3 ===
  TKSS: k_hat=3  ACC=0.9688  NMI=0.8848  ARI=0.9071  0.0s

=== P1E_S4_C3 train[2] k=3  dim=576  frames=85  σ=0.0  fold=3 ===
  TKSS: k_hat=3  ACC=0.9647  NMI=0.8960  ARI=0.8988  0.0s

=== P1E_S4_C3 train[3] k=3  dim=576  frames=87  σ=0.0  fold=3 ===
  TKSS: k_hat=3  ACC=0.9540  NMI=0.8509  ARI=0.8634  0.0s

=== P1E_S4_C3 train[4] k=3  dim=576  frames=76  σ=0.0  fold=3 ===
  TKSS: k_hat=3  ACC=0.9474  NMI=0.8374  ARI=0.8501  0.0s

=== P1E_S4_C3 train[5] k=3  dim=576  frames=106  σ=0.0  fold=3 ===
  TKSS: k_hat=3  ACC=0.9528  NMI=0.8732  ARI=0.8680  0.0s

=== P1E_S4_C3 train[6] k=3  dim=576  frames=79  σ=0.0  fold=3 ===
  TKSS: k_hat=3  ACC=0.9367  NMI=0.8094  ARI=0.8204  0.0s

=== P1L_S1_C1 train[0] k=3  dim=576  frames=162  σ=0.0  fold=3 ===
  TKSS: k_hat=3  ACC=0.9321  NMI=0.8047  ARI=0.8115  0.0s

=== P1L_S1_C1 train[1] k=3  dim=576  frames=170  σ=0.0  fold=3 ===
  TKSS: k_hat=3  ACC=0.8882  NMI=0.7319  ARI=0.6992  0.1s

=== P1L_S1_C1 train[2] k=3  dim=576  frames=155  σ=0.0  fold=3 ===
  TKSS: k_hat=3  ACC=0.8258  NMI=0.6510  ARI=0.5883  0.0s

=== P1L_S1_C1 train[3] k=3  dim=576  frames=198  σ=0.0  fold=3 ===
  TKSS: k_hat=3  ACC=0.9596  NMI=0.8851  ARI=0.8844  0.0s

=== P1L_S1_C1 train[4] k=3  dim=576  frames=166  σ=0.0  fold=3 ===
  TKSS: k_hat=3  ACC=0.9639  NMI=0.8715  ARI=0.8950  0.0s

=== P1L_S1_C1 train[5] k=3  dim=576  frames=116  σ=0.0  fold=3 ===
  TKSS: k_hat=3  ACC=0.9828  NMI=0.9385  ARI=0.9519  0.0s

=== P1L_S1_C1 train[6] k=3  dim=576  frames=175  σ=0.0  fold=3 ===
  TKSS: k_hat=3  ACC=0.8971  NMI=0.7334  ARI=0.7264  0.0s

=== P1L_S1_C2 train[0] k=3  dim=576  frames=186  σ=0.0  fold=3 ===
  TKSS: k_hat=3  ACC=0.9409  NMI=0.8214  ARI=0.8336  0.1s

=== P1L_S1_C2 train[1] k=3  dim=576  frames=137  σ=0.0  fold=3 ===
  TKSS: k_hat=3  ACC=0.9051  NMI=0.7496  ARI=0.7435  0.0s

=== P1L_S1_C2 train[2] k=3  dim=576  frames=147  σ=0.0  fold=3 ===
  TKSS: k_hat=3  ACC=0.9116  NMI=0.7702  ARI=0.7617  0.0s

=== P1L_S1_C2 train[3] k=3  dim=576  frames=128  σ=0.0  fold=3 ===
  TKSS: k_hat=3  ACC=0.8203  NMI=0.6290  ARI=0.5651  0.0s

=== P1L_S1_C2 train[4] k=3  dim=576  frames=154  σ=0.0  fold=3 ===
  TKSS: k_hat=3  ACC=0.9351  NMI=0.8060  ARI=0.8189  0.0s

=== P1L_S1_C2 train[5] k=3  dim=576  frames=142  σ=0.0  fold=3 ===
  TKSS: k_hat=3  ACC=0.8873  NMI=0.7260  ARI=0.7086  0.0s

=== P1L_S1_C2 train[6] k=3  dim=576  frames=168  σ=0.0  fold=3 ===
  TKSS: k_hat=3  ACC=0.9345  NMI=0.8157  ARI=0.8185  0.0s

=== P1L_S1_C3 train[0] k=3  dim=576  frames=60  σ=0.0  fold=3 ===
  TKSS: k_hat=3  ACC=0.9667  NMI=0.8791  ARI=0.9004  0.0s

=== P1L_S1_C3 train[1] k=3  dim=576  frames=68  σ=0.0  fold=3 ===
  TKSS: k_hat=3  ACC=0.9706  NMI=0.9083  ARI=0.9139  0.0s

=== P1L_S1_C3 train[2] k=3  dim=576  frames=65  σ=0.0  fold=3 ===
  TKSS: k_hat=3  ACC=0.9077  NMI=0.7543  ARI=0.7398  0.0s

=== P1L_S1_C3 train[3] k=3  dim=576  frames=73  σ=0.0  fold=3 ===
  TKSS: k_hat=3  ACC=0.8630  NMI=0.6918  ARI=0.6489  0.0s

=== P1L_S1_C3 train[4] k=3  dim=576  frames=64  σ=0.0  fold=3 ===
  TKSS: k_hat=3  ACC=0.9531  NMI=0.8471  ARI=0.8643  0.0s

=== P1L_S1_C3 train[5] k=3  dim=576  frames=63  σ=0.0  fold=3 ===
  TKSS: k_hat=3  ACC=0.8571  NMI=0.6728  ARI=0.6378  0.0s

=== P1L_S1_C3 train[6] k=3  dim=576  frames=75  σ=0.0  fold=3 ===
  TKSS: k_hat=3  ACC=0.8933  NMI=0.7282  ARI=0.7119  0.0s

=== P1L_S2_C1 train[0] k=3  dim=576  frames=211  σ=0.0  fold=3 ===
  TKSS: k_hat=3  ACC=0.9384  NMI=0.8091  ARI=0.8193  0.0s

=== P1L_S2_C1 train[1] k=3  dim=576  frames=190  σ=0.0  fold=3 ===
  TKSS: k_hat=3  ACC=0.9211  NMI=0.7952  ARI=0.7821  0.1s

=== P1L_S2_C1 train[2] k=3  dim=576  frames=180  σ=0.0  fold=3 ===
  TKSS: k_hat=3  ACC=0.7833  NMI=0.5997  ARI=0.5196  0.0s

=== P1L_S2_C1 train[3] k=3  dim=576  frames=172  σ=0.0  fold=3 ===
  TKSS: k_hat=3  ACC=0.8837  NMI=0.7305  ARI=0.7055  0.0s

=== P1L_S2_C1 train[4] k=3  dim=576  frames=179  σ=0.0  fold=3 ===
  TKSS: k_hat=3  ACC=0.9162  NMI=0.7746  ARI=0.7726  0.0s

=== P1L_S2_C1 train[5] k=3  dim=576  frames=180  σ=0.0  fold=3 ===
  TKSS: k_hat=3  ACC=0.7667  NMI=0.5829  ARI=0.4928  0.0s

=== P1L_S2_C1 train[6] k=3  dim=576  frames=133  σ=0.0  fold=3 ===
  TKSS: k_hat=3  ACC=0.7368  NMI=0.5776  ARI=0.4697  0.0s

=== P1L_S2_C2 train[0] k=3  dim=576  frames=194  σ=0.0  fold=3 ===
  TKSS: k_hat=3  ACC=0.8351  NMI=0.6782  ARI=0.6156  0.1s

=== P1L_S2_C2 train[1] k=3  dim=576  frames=155  σ=0.0  fold=3 ===
  TKSS: k_hat=3  ACC=0.9677  NMI=0.8818  ARI=0.9032  0.0s

=== P1L_S2_C2 train[2] k=3  dim=576  frames=134  σ=0.0  fold=3 ===
  TKSS: k_hat=3  ACC=0.8582  NMI=0.6986  ARI=0.6581  0.0s

=== P1L_S2_C2 train[3] k=3  dim=576  frames=201  σ=0.0  fold=3 ===
  TKSS: k_hat=3  ACC=0.9353  NMI=0.8112  ARI=0.8139  0.0s

=== P1L_S2_C2 train[4] k=3  dim=576  frames=171  σ=0.0  fold=3 ===
  TKSS: k_hat=3  ACC=0.9240  NMI=0.7872  ARI=0.7906  0.0s

=== P1L_S2_C2 train[5] k=3  dim=576  frames=160  σ=0.0  fold=3 ===
  TKSS: k_hat=3  ACC=0.7312  NMI=0.5575  ARI=0.4502  0.0s

=== P1L_S2_C2 train[6] k=3  dim=576  frames=154  σ=0.0  fold=3 ===
  TKSS: k_hat=3  ACC=0.8961  NMI=0.7502  ARI=0.7324  0.0s

=== P1L_S2_C3 train[0] k=3  dim=576  frames=119  σ=0.0  fold=3 ===
  TKSS: k_hat=3  ACC=0.9076  NMI=0.7452  ARI=0.7296  0.1s

=== P1L_S2_C3 train[1] k=3  dim=576  frames=101  σ=0.0  fold=3 ===
  TKSS: k_hat=3  ACC=0.8812  NMI=0.7037  ARI=0.6622  0.0s

=== P1L_S2_C3 train[2] k=3  dim=576  frames=85  σ=0.0  fold=3 ===
  TKSS: k_hat=3  ACC=0.8000  NMI=0.6084  ARI=0.5280  0.0s

=== P1L_S2_C3 train[3] k=3  dim=576  frames=126  σ=0.0  fold=3 ===
  TKSS: k_hat=3  ACC=0.9365  NMI=0.8064  ARI=0.8135  0.0s

=== P1L_S2_C3 train[4] k=3  dim=576  frames=102  σ=0.0  fold=3 ===
  TKSS: k_hat=3  ACC=0.9706  NMI=0.9082  ARI=0.9141  0.0s

=== P1L_S2_C3 train[5] k=3  dim=576  frames=121  σ=0.0  fold=3 ===
  TKSS: k_hat=3  ACC=0.9174  NMI=0.7721  ARI=0.7761  0.0s

=== P1L_S2_C3 train[6] k=3  dim=576  frames=99  σ=0.0  fold=3 ===
  TKSS: k_hat=3  ACC=0.9495  NMI=0.8368  ARI=0.8547  0.0s

=== P1L_S3_C1 train[0] k=3  dim=576  frames=156  σ=0.0  fold=3 ===
  TKSS: k_hat=3  ACC=0.7500  NMI=0.5703  ARI=0.4686  0.0s

=== P1L_S3_C1 train[1] k=3  dim=576  frames=120  σ=0.0  fold=3 ===
  TKSS: k_hat=3  ACC=0.8250  NMI=0.6366  ARI=0.5764  0.0s

=== P1L_S3_C1 train[2] k=3  dim=576  frames=185  σ=0.0  fold=3 ===
  TKSS: k_hat=3  ACC=0.9730  NMI=0.8967  ARI=0.9189  0.0s

=== P1L_S3_C1 train[3] k=3  dim=576  frames=159  σ=0.0  fold=3 ===
  TKSS: k_hat=3  ACC=0.7862  NMI=0.5974  ARI=0.5105  0.1s

=== P1L_S3_C1 train[4] k=3  dim=576  frames=172  σ=0.0  fold=3 ===
  TKSS: k_hat=3  ACC=0.9535  NMI=0.8739  ARI=0.8686  0.0s

=== P1L_S3_C1 train[5] k=3  dim=576  frames=176  σ=0.0  fold=3 ===
  TKSS: k_hat=3  ACC=0.7727  NMI=0.5853  ARI=0.4969  0.0s

=== P1L_S3_C1 train[6] k=3  dim=576  frames=134  σ=0.0  fold=3 ===
  TKSS: k_hat=3  ACC=0.8433  NMI=0.6577  ARI=0.6136  0.0s

=== P1L_S3_C2 train[0] k=3  dim=576  frames=185  σ=0.0  fold=3 ===
  TKSS: k_hat=3  ACC=0.9730  NMI=0.9116  ARI=0.9170  0.1s

=== P1L_S3_C2 train[1] k=3  dim=576  frames=125  σ=0.0  fold=3 ===
  TKSS: k_hat=3  ACC=0.9200  NMI=0.7804  ARI=0.7800  0.0s

=== P1L_S3_C2 train[2] k=3  dim=576  frames=166  σ=0.0  fold=3 ===
  TKSS: k_hat=3  ACC=0.9639  NMI=0.8941  ARI=0.8971  0.0s

=== P1L_S3_C2 train[3] k=3  dim=576  frames=168  σ=0.0  fold=3 ===
  TKSS: k_hat=3  ACC=0.8571  NMI=0.7209  ARI=0.6620  0.0s

=== P1L_S3_C2 train[4] k=3  dim=576  frames=187  σ=0.0  fold=3 ===
  TKSS: k_hat=3  ACC=0.8717  NMI=0.6985  ARI=0.6733  0.1s

=== P1L_S3_C2 train[5] k=3  dim=576  frames=229  σ=0.0  fold=3 ===
  TKSS: k_hat=3  ACC=0.9389  NMI=0.8172  ARI=0.8280  0.1s

=== P1L_S3_C2 train[6] k=3  dim=576  frames=136  σ=0.0  fold=3 ===
  TKSS: k_hat=3  ACC=0.9265  NMI=0.7996  ARI=0.7992  0.0s

=== P1L_S3_C3 train[0] k=3  dim=576  frames=151  σ=0.0  fold=3 ===
  TKSS: k_hat=3  ACC=0.8146  NMI=0.6033  ARI=0.5055  0.0s

=== P1L_S3_C3 train[1] k=3  dim=576  frames=118  σ=0.0  fold=3 ===
  TKSS: k_hat=3  ACC=0.9746  NMI=0.9029  ARI=0.9254  0.0s

=== P1L_S3_C3 train[2] k=3  dim=576  frames=121  σ=0.0  fold=3 ===
  TKSS: k_hat=3  ACC=0.9421  NMI=0.8198  ARI=0.8351  0.0s

=== P1L_S3_C3 train[3] k=3  dim=576  frames=134  σ=0.0  fold=3 ===
  TKSS: k_hat=3  ACC=0.8881  NMI=0.7293  ARI=0.7059  0.0s

=== P1L_S3_C3 train[4] k=3  dim=576  frames=110  σ=0.0  fold=3 ===
  TKSS: k_hat=3  ACC=0.9909  NMI=0.9618  ARI=0.9723  0.0s

=== P1L_S3_C3 train[5] k=3  dim=576  frames=161  σ=0.0  fold=3 ===
  TKSS: k_hat=3  ACC=0.9130  NMI=0.7611  ARI=0.7610  0.0s

=== P1L_S3_C3 train[6] k=3  dim=576  frames=114  σ=0.0  fold=3 ===
  TKSS: k_hat=3  ACC=0.9123  NMI=0.7600  ARI=0.7652  0.0s

=== P1L_S4_C1 train[0] k=3  dim=576  frames=200  σ=0.0  fold=3 ===
  TKSS: k_hat=3  ACC=0.9150  NMI=0.7722  ARI=0.7708  0.0s

=== P1L_S4_C1 train[1] k=3  dim=576  frames=157  σ=0.0  fold=3 ===
  TKSS: k_hat=3  ACC=0.8025  NMI=0.6269  ARI=0.5567  0.0s

=== P1L_S4_C1 train[2] k=3  dim=576  frames=154  σ=0.0  fold=3 ===
  TKSS: k_hat=3  ACC=0.8766  NMI=0.7747  ARI=0.7039  0.0s

=== P1L_S4_C1 train[3] k=3  dim=576  frames=142  σ=0.0  fold=3 ===
  TKSS: k_hat=3  ACC=0.9859  NMI=0.9466  ARI=0.9579  0.0s

=== P1L_S4_C1 train[4] k=3  dim=576  frames=164  σ=0.0  fold=3 ===
  TKSS: k_hat=3  ACC=0.9512  NMI=0.8459  ARI=0.8609  0.0s

=== P1L_S4_C1 train[5] k=3  dim=576  frames=187  σ=0.0  fold=3 ===
  TKSS: k_hat=3  ACC=0.8503  NMI=0.6404  ARI=0.6242  0.1s

=== P1L_S4_C1 train[6] k=3  dim=576  frames=202  σ=0.0  fold=3 ===
  TKSS: k_hat=3  ACC=0.9901  NMI=0.9593  ARI=0.9706  0.0s

=== P1L_S4_C2 train[0] k=3  dim=576  frames=157  σ=0.0  fold=3 ===
  TKSS: k_hat=3  ACC=0.8153  NMI=0.6289  ARI=0.5642  0.0s

=== P1L_S4_C2 train[1] k=3  dim=576  frames=149  σ=0.0  fold=3 ===
  TKSS: k_hat=3  ACC=0.8658  NMI=0.6867  ARI=0.6554  0.0s

=== P1L_S4_C2 train[2] k=3  dim=576  frames=175  σ=0.0  fold=3 ===
  TKSS: k_hat=3  ACC=0.9257  NMI=0.7816  ARI=0.7825  0.0s

=== P1L_S4_C2 train[3] k=3  dim=576  frames=154  σ=0.0  fold=3 ===
  TKSS: k_hat=3  ACC=0.7403  NMI=0.5622  ARI=0.4607  0.0s

=== P1L_S4_C2 train[4] k=3  dim=576  frames=152  σ=0.0  fold=3 ===
  TKSS: k_hat=3  ACC=0.9539  NMI=0.8751  ARI=0.8704  0.1s

=== P1L_S4_C2 train[5] k=3  dim=576  frames=169  σ=0.0  fold=3 ===
  TKSS: k_hat=3  ACC=0.8994  NMI=0.7408  ARI=0.7343  0.0s

=== P1L_S4_C2 train[6] k=3  dim=576  frames=153  σ=0.0  fold=3 ===
  TKSS: k_hat=3  ACC=0.8170  NMI=0.6270  ARI=0.5633  0.0s

=== P1L_S4_C3 train[0] k=3  dim=576  frames=96  σ=0.0  fold=3 ===
  TKSS: k_hat=3  ACC=0.9375  NMI=0.8474  ARI=0.8275  0.0s

=== P1L_S4_C3 train[1] k=3  dim=576  frames=107  σ=0.0  fold=3 ===
  TKSS: k_hat=3  ACC=0.8505  NMI=0.6808  ARI=0.6330  0.0s

=== P1L_S4_C3 train[2] k=3  dim=576  frames=94  σ=0.0  fold=3 ===
  TKSS: k_hat=3  ACC=0.8830  NMI=0.7503  ARI=0.7068  0.0s

=== P1L_S4_C3 train[3] k=3  dim=576  frames=112  σ=0.0  fold=3 ===
  TKSS: k_hat=3  ACC=0.8839  NMI=0.7806  ARI=0.7113  0.0s

=== P1L_S4_C3 train[4] k=3  dim=576  frames=103  σ=0.0  fold=3 ===
  TKSS: k_hat=3  ACC=0.9417  NMI=0.8188  ARI=0.8342  0.0s

=== P1L_S4_C3 train[5] k=3  dim=576  frames=105  σ=0.0  fold=3 ===
  TKSS: k_hat=3  ACC=0.9524  NMI=0.8510  ARI=0.8633  0.0s

=== P1L_S4_C3 train[6] k=3  dim=576  frames=107  σ=0.0  fold=3 ===
  TKSS: k_hat=3  ACC=0.9346  NMI=0.8194  ARI=0.8187  0.0s

=== P1E_S1_C1 test[0] k=3  dim=576  frames=140  σ=0.0  fold=3 ===
  TKSS: k_hat=3  ACC=0.8714  NMI=0.7299  ARI=0.6799  0.0s

=== P1E_S1_C2 test[0] k=3  dim=576  frames=138  σ=0.0  fold=3 ===
  TKSS: k_hat=3  ACC=0.8696  NMI=0.7133  ARI=0.6832  0.0s

=== P1E_S1_C3 test[0] k=3  dim=576  frames=61  σ=0.0  fold=3 ===
  TKSS: k_hat=3  ACC=0.7869  NMI=0.6169  ARI=0.5103  0.0s

=== P1E_S2_C1 test[0] k=3  dim=576  frames=180  σ=0.0  fold=3 ===
  TKSS: k_hat=3  ACC=0.9222  NMI=0.7852  ARI=0.7871  0.0s

=== P1E_S2_C2 test[0] k=3  dim=576  frames=144  σ=0.0  fold=3 ===
  TKSS: k_hat=3  ACC=0.9444  NMI=0.8399  ARI=0.8440  0.0s

=== P1E_S2_C3 test[0] k=3  dim=576  frames=112  σ=0.0  fold=3 ===
  TKSS: k_hat=3  ACC=0.9732  NMI=0.9142  ARI=0.9225  0.0s

=== P1E_S3_C1 test[0] k=3  dim=576  frames=161  σ=0.0  fold=3 ===
  TKSS: k_hat=3  ACC=0.9689  NMI=0.8861  ARI=0.9097  0.0s

=== P1E_S3_C2 test[0] k=3  dim=576  frames=168  σ=0.0  fold=3 ===
  TKSS: k_hat=3  ACC=0.8988  NMI=0.7767  ARI=0.7401  0.0s

=== P1E_S3_C3 test[0] k=3  dim=576  frames=125  σ=0.0  fold=3 ===
  TKSS: k_hat=3  ACC=0.9360  NMI=0.8453  ARI=0.8256  0.0s

=== P1E_S4_C1 test[0] k=3  dim=576  frames=182  σ=0.0  fold=3 ===
  TKSS: k_hat=3  ACC=0.9780  NMI=0.9113  ARI=0.9334  0.1s

=== P1E_S4_C2 test[0] k=3  dim=576  frames=126  σ=0.0  fold=3 ===
  TKSS: k_hat=3  ACC=0.8730  NMI=0.7100  ARI=0.6764  0.0s

=== P1E_S4_C3 test[0] k=3  dim=576  frames=105  σ=0.0  fold=3 ===
  TKSS: k_hat=3  ACC=0.8476  NMI=0.6674  ARI=0.6196  0.0s

=== P1L_S1_C1 test[0] k=3  dim=576  frames=182  σ=0.0  fold=3 ===
  TKSS: k_hat=3  ACC=0.9286  NMI=0.7917  ARI=0.7988  0.1s

=== P1L_S1_C2 test[0] k=3  dim=576  frames=181  σ=0.0  fold=3 ===
  TKSS: k_hat=3  ACC=0.9337  NMI=0.8090  ARI=0.8155  0.0s

=== P1L_S1_C3 test[0] k=3  dim=576  frames=74  σ=0.0  fold=3 ===
  TKSS: k_hat=3  ACC=0.9189  NMI=0.7754  ARI=0.7761  0.0s

=== P1L_S2_C1 test[0] k=3  dim=576  frames=177  σ=0.0  fold=3 ===
  TKSS: k_hat=3  ACC=0.9040  NMI=0.7486  ARI=0.7405  0.0s

=== P1L_S2_C2 test[0] k=3  dim=576  frames=186  σ=0.0  fold=3 ===
  TKSS: k_hat=3  ACC=0.9409  NMI=0.8527  ARI=0.8374  0.0s

=== P1L_S2_C3 test[0] k=3  dim=576  frames=112  σ=0.0  fold=3 ===
  TKSS: k_hat=3  ACC=0.8750  NMI=0.6968  ARI=0.6653  0.0s

=== P1L_S3_C1 test[0] k=3  dim=576  frames=156  σ=0.0  fold=3 ===
  TKSS: k_hat=3  ACC=0.8590  NMI=0.7572  ARI=0.6678  0.0s

=== P1L_S3_C2 test[0] k=3  dim=576  frames=209  σ=0.0  fold=3 ===
  TKSS: k_hat=3  ACC=0.9330  NMI=0.8085  ARI=0.8143  0.1s

=== P1L_S3_C3 test[0] k=3  dim=576  frames=142  σ=0.0  fold=3 ===
  TKSS: k_hat=3  ACC=0.9155  NMI=0.7757  ARI=0.7716  0.0s

=== P1L_S4_C1 test[0] k=3  dim=576  frames=168  σ=0.0  fold=3 ===
  TKSS: k_hat=3  ACC=0.8988  NMI=0.7769  ARI=0.7400  0.0s

=== P1L_S4_C2 test[0] k=3  dim=576  frames=168  σ=0.0  fold=3 ===
  TKSS: k_hat=3  ACC=0.9286  NMI=0.8031  ARI=0.7980  0.0s

=== P1L_S4_C3 test[0] k=3  dim=576  frames=117  σ=0.0  fold=3 ===
  TKSS: k_hat=3  ACC=0.8803  NMI=0.7346  ARI=0.6968  0.0s
  tune_pool_groups=20: sampling from 22 held-in people (overlap allowed) instead of the 7 fixed partition group(s)

============================================================
σ=0.0 fold=4  test=['0001', '0011', '0023']  train mats=168  test mats=24  tune mats=480
  --- tune TKSS over 480 train mats  n_trials=30 (3 params) ---
  TKSS trial 0: mean ARI=0.7381  n=480  19.9s  d=5, lam=1, s=2
  TKSS trial 1: mean ARI=0.7232  n=480  20.9s  d=9, lam=1.398, s=4
  TKSS trial 2: mean ARI=0.7273  n=480  16.5s  d=9, lam=0.1866, s=4
  TKSS trial 3: mean ARI=0.6931  n=480  26.6s  d=7, lam=4.735, s=6
  TKSS trial 4: mean ARI=0.7135  n=480  23.3s  d=6, lam=2.372, s=4
  TKSS trial 5: mean ARI=0.7480  n=480  11.5s  d=9, lam=5.981, s=1
  TKSS trial 6: mean ARI=0.7140  n=480  28.2s  d=2, lam=0.0115, s=5
  TKSS trial 7: mean ARI=0.7122  n=480  22.7s  d=12, lam=4.074, s=6
  TKSS trial 8: mean ARI=0.7237  n=480  18.6s  d=12, lam=0.2423, s=5
  TKSS trial 9: mean ARI=0.7097  n=480  28.7s  d=2, lam=0.8313, s=1
  TKSS trial 10: mean ARI=0.7444  n=480  7.9s  d=15, lam=0.01456, s=2
  TKSS trial 11: mean ARI=0.7446  n=480  7.8s  d=15, lam=0.01211, s=2
  TKSS trial 12: mean ARI=0.7462  n=480  7.8s  d=14, lam=0.05267, s=1
  TKSS trial 13: mean ARI=0.7470  n=480  8.1s  d=12, lam=0.05594, s=1
  TKSS trial 14: mean ARI=0.7484  n=480  10.7s  d=11, lam=8.609, s=1
  TKSS trial 15: mean ARI=0.7447  n=480  15.0s  d=9, lam=8.352, s=2
  TKSS trial 16: mean ARI=0.7393  n=480  17.3s  d=10, lam=9.299, s=3
  TKSS trial 17: mean ARI=0.7468  n=480  14.6s  d=7, lam=2.946, s=1
  TKSS trial 18: mean ARI=0.7276  n=480  24.6s  d=4, lam=0.4683, s=3
  TKSS trial 19: mean ARI=0.7485  n=480  10.2s  d=11, lam=5.922, s=1
  TKSS trial 20: mean ARI=0.7391  n=480  16.8s  d=11, lam=1.907, s=3
  TKSS trial 21: mean ARI=0.7480  n=480  9.9s  d=13, lam=5.927, s=1
  TKSS trial 22: mean ARI=0.7482  n=480  9.7s  d=13, lam=9.417, s=1
  TKSS trial 23: mean ARI=0.7457  n=480  13.9s  d=11, lam=9.866, s=2
  TKSS trial 24: mean ARI=0.7479  n=480  9.8s  d=13, lam=3.496, s=1
  TKSS trial 25: mean ARI=0.7485  n=480  12.9s  d=14, lam=2.155, s=2
  TKSS trial 26: mean ARI=0.7485  n=480  12.4s  d=14, lam=1.594, s=2
  TKSS trial 27: mean ARI=0.7435  n=480  14.3s  d=14, lam=0.5413, s=3
  TKSS trial 28: mean ARI=0.7472  n=480  12.3s  d=15, lam=1.695, s=2
  TKSS trial 29: mean ARI=0.7479  n=480  12.1s  d=14, lam=1, s=2
    best mean ARI=0.7485  tune 465.3s  d=14, lam=2.155, s=2
  wrote /nfs/turbo/umms-minjilab/lpullela/icassp_ssc_tv2/block_ssc_benchmark/cv/params/surveillance/split_k3_clean_min30_trials20_knownk_scaled_params_cv_tkss_k3_sigma0_sigma0_fold4.json

=== P1E_S1_C1 train[0] k=3  dim=576  frames=146  σ=0.0  fold=4 ===
  TKSS: k_hat=3  ACC=0.8425  NMI=0.7066  ARI=0.6360  0.0s

=== P1E_S1_C1 train[1] k=3  dim=576  frames=153  σ=0.0  fold=4 ===
  TKSS: k_hat=3  ACC=0.9673  NMI=0.8817  ARI=0.9052  0.0s

=== P1E_S1_C1 train[2] k=3  dim=576  frames=130  σ=0.0  fold=4 ===
  TKSS: k_hat=3  ACC=0.9462  NMI=0.8311  ARI=0.8415  0.0s

=== P1E_S1_C1 train[3] k=3  dim=576  frames=140  σ=0.0  fold=4 ===
  TKSS: k_hat=3  ACC=0.8714  NMI=0.7299  ARI=0.6799  0.0s

=== P1E_S1_C1 train[4] k=3  dim=576  frames=151  σ=0.0  fold=4 ===
  TKSS: k_hat=3  ACC=0.9073  NMI=0.7862  ARI=0.7590  0.0s

=== P1E_S1_C1 train[5] k=3  dim=576  frames=140  σ=0.0  fold=4 ===
  TKSS: k_hat=3  ACC=0.9071  NMI=0.7716  ARI=0.7544  0.0s

=== P1E_S1_C1 train[6] k=3  dim=576  frames=171  σ=0.0  fold=4 ===
  TKSS: k_hat=3  ACC=0.9532  NMI=0.8448  ARI=0.8658  0.0s

=== P1E_S1_C2 train[0] k=3  dim=576  frames=147  σ=0.0  fold=4 ===
  TKSS: k_hat=3  ACC=0.9048  NMI=0.7819  ARI=0.7518  0.0s

=== P1E_S1_C2 train[1] k=3  dim=576  frames=115  σ=0.0  fold=4 ===
  TKSS: k_hat=3  ACC=0.9043  NMI=0.7496  ARI=0.7426  0.0s

=== P1E_S1_C2 train[2] k=3  dim=576  frames=104  σ=0.0  fold=4 ===
  TKSS: k_hat=3  ACC=0.9423  NMI=0.8204  ARI=0.8294  0.0s

=== P1E_S1_C2 train[3] k=3  dim=576  frames=138  σ=0.0  fold=4 ===
  TKSS: k_hat=3  ACC=0.8696  NMI=0.6946  ARI=0.6647  0.0s

=== P1E_S1_C2 train[4] k=3  dim=576  frames=122  σ=0.0  fold=4 ===
  TKSS: k_hat=3  ACC=0.9344  NMI=0.8210  ARI=0.8190  0.0s

=== P1E_S1_C2 train[5] k=3  dim=576  frames=122  σ=0.0  fold=4 ===
  TKSS: k_hat=3  ACC=0.9508  NMI=0.8421  ARI=0.8626  0.0s

=== P1E_S1_C2 train[6] k=3  dim=576  frames=134  σ=0.0  fold=4 ===
  TKSS: k_hat=3  ACC=0.9627  NMI=0.8755  ARI=0.8941  0.0s

=== P1E_S1_C3 train[0] k=3  dim=576  frames=58  σ=0.0  fold=4 ===
  TKSS: k_hat=3  ACC=0.8793  NMI=0.7059  ARI=0.6565  0.0s

=== P1E_S1_C3 train[1] k=3  dim=576  frames=56  σ=0.0  fold=4 ===
  TKSS: k_hat=3  ACC=0.7679  NMI=0.6228  ARI=0.4996  0.0s

=== P1E_S1_C3 train[2] k=3  dim=576  frames=47  σ=0.0  fold=4 ===
  TKSS: k_hat=3  ACC=0.8936  NMI=0.7440  ARI=0.7094  0.0s

=== P1E_S1_C3 train[3] k=3  dim=576  frames=61  σ=0.0  fold=4 ===
  TKSS: k_hat=3  ACC=0.7869  NMI=0.6115  ARI=0.5197  0.0s

=== P1E_S1_C3 train[4] k=3  dim=576  frames=55  σ=0.0  fold=4 ===
  TKSS: k_hat=3  ACC=0.8909  NMI=0.7251  ARI=0.7045  0.0s

=== P1E_S1_C3 train[5] k=3  dim=576  frames=51  σ=0.0  fold=4 ===
  TKSS: k_hat=3  ACC=0.8824  NMI=0.7161  ARI=0.6853  0.0s

=== P1E_S1_C3 train[6] k=3  dim=576  frames=69  σ=0.0  fold=4 ===
  TKSS: k_hat=3  ACC=0.9710  NMI=0.8905  ARI=0.9115  0.0s

=== P1E_S2_C1 train[0] k=3  dim=576  frames=167  σ=0.0  fold=4 ===
  TKSS: k_hat=3  ACC=0.9581  NMI=0.8562  ARI=0.8759  0.0s

=== P1E_S2_C1 train[1] k=3  dim=576  frames=151  σ=0.0  fold=4 ===
  TKSS: k_hat=3  ACC=0.9470  NMI=0.8626  ARI=0.8518  0.0s

=== P1E_S2_C1 train[2] k=3  dim=576  frames=136  σ=0.0  fold=4 ===
  TKSS: k_hat=3  ACC=0.9559  NMI=0.8514  ARI=0.8727  0.0s

=== P1E_S2_C1 train[3] k=3  dim=576  frames=180  σ=0.0  fold=4 ===
  TKSS: k_hat=3  ACC=0.9389  NMI=0.8248  ARI=0.8321  0.1s

=== P1E_S2_C1 train[4] k=3  dim=576  frames=124  σ=0.0  fold=4 ===
  TKSS: k_hat=3  ACC=0.8790  NMI=0.7365  ARI=0.6948  0.0s

=== P1E_S2_C1 train[5] k=3  dim=576  frames=161  σ=0.0  fold=4 ===
  TKSS: k_hat=3  ACC=0.9627  NMI=0.8761  ARI=0.8909  0.0s

=== P1E_S2_C1 train[6] k=3  dim=576  frames=153  σ=0.0  fold=4 ===
  TKSS: k_hat=3  ACC=0.9542  NMI=0.8483  ARI=0.8698  0.0s

=== P1E_S2_C2 train[0] k=3  dim=576  frames=146  σ=0.0  fold=4 ===
  TKSS: k_hat=3  ACC=0.9041  NMI=0.7607  ARI=0.7482  0.0s

=== P1E_S2_C2 train[1] k=3  dim=576  frames=115  σ=0.0  fold=4 ===
  TKSS: k_hat=3  ACC=0.9391  NMI=0.8271  ARI=0.8271  0.0s

=== P1E_S2_C2 train[2] k=3  dim=576  frames=109  σ=0.0  fold=4 ===
  TKSS: k_hat=3  ACC=0.9450  NMI=0.8290  ARI=0.8443  0.0s

=== P1E_S2_C2 train[3] k=3  dim=576  frames=144  σ=0.0  fold=4 ===
  TKSS: k_hat=3  ACC=0.9444  NMI=0.8399  ARI=0.8441  0.0s

=== P1E_S2_C2 train[4] k=3  dim=576  frames=109  σ=0.0  fold=4 ===
  TKSS: k_hat=3  ACC=0.9083  NMI=0.7542  ARI=0.7547  0.0s

=== P1E_S2_C2 train[5] k=3  dim=576  frames=128  σ=0.0  fold=4 ===
  TKSS: k_hat=3  ACC=0.9375  NMI=0.8165  ARI=0.8248  0.0s

=== P1E_S2_C2 train[6] k=3  dim=576  frames=126  σ=0.0  fold=4 ===
  TKSS: k_hat=3  ACC=0.9444  NMI=0.8388  ARI=0.8453  0.0s

=== P1E_S2_C3 train[0] k=3  dim=576  frames=113  σ=0.0  fold=4 ===
  TKSS: k_hat=3  ACC=0.8850  NMI=0.7223  ARI=0.7000  0.0s

=== P1E_S2_C3 train[1] k=3  dim=576  frames=88  σ=0.0  fold=4 ===
  TKSS: k_hat=3  ACC=0.9318  NMI=0.8374  ARI=0.8088  0.0s

=== P1E_S2_C3 train[2] k=3  dim=576  frames=90  σ=0.0  fold=4 ===
  TKSS: k_hat=3  ACC=0.9667  NMI=0.8805  ARI=0.9013  0.0s

=== P1E_S2_C3 train[3] k=3  dim=576  frames=112  σ=0.0  fold=4 ===
  TKSS: k_hat=3  ACC=0.9464  NMI=0.8401  ARI=0.8475  0.0s

=== P1E_S2_C3 train[4] k=3  dim=576  frames=87  σ=0.0  fold=4 ===
  TKSS: k_hat=3  ACC=0.8966  NMI=0.7369  ARI=0.7243  0.0s

=== P1E_S2_C3 train[5] k=3  dim=576  frames=105  σ=0.0  fold=4 ===
  TKSS: k_hat=3  ACC=0.9048  NMI=0.7517  ARI=0.7365  0.0s

=== P1E_S2_C3 train[6] k=3  dim=576  frames=89  σ=0.0  fold=4 ===
  TKSS: k_hat=3  ACC=0.9438  NMI=0.8245  ARI=0.8424  0.0s

=== P1E_S3_C1 train[0] k=3  dim=576  frames=166  σ=0.0  fold=4 ===
  TKSS: k_hat=3  ACC=0.8916  NMI=0.7568  ARI=0.7241  0.0s

=== P1E_S3_C1 train[1] k=3  dim=576  frames=139  σ=0.0  fold=4 ===
  TKSS: k_hat=3  ACC=0.9209  NMI=0.8022  ARI=0.7861  0.0s

=== P1E_S3_C1 train[2] k=3  dim=576  frames=134  σ=0.0  fold=4 ===
  TKSS: k_hat=3  ACC=0.9328  NMI=0.8065  ARI=0.8055  0.0s

=== P1E_S3_C1 train[3] k=3  dim=576  frames=161  σ=0.0  fold=4 ===
  TKSS: k_hat=3  ACC=0.9752  NMI=0.9033  ARI=0.9269  0.0s

=== P1E_S3_C1 train[4] k=3  dim=576  frames=123  σ=0.0  fold=4 ===
  TKSS: k_hat=3  ACC=0.9431  NMI=0.8219  ARI=0.8382  0.0s

=== P1E_S3_C1 train[5] k=3  dim=576  frames=204  σ=0.0  fold=4 ===
  TKSS: k_hat=3  ACC=0.8333  NMI=0.6620  ARI=0.6190  0.1s

=== P1E_S3_C1 train[6] k=3  dim=576  frames=112  σ=0.0  fold=4 ===
  TKSS: k_hat=3  ACC=0.9643  NMI=0.8727  ARI=0.8957  0.0s

=== P1E_S3_C2 train[0] k=3  dim=576  frames=147  σ=0.0  fold=4 ===
  TKSS: k_hat=3  ACC=0.8844  NMI=0.7576  ARI=0.7079  0.0s

=== P1E_S3_C2 train[1] k=3  dim=576  frames=120  σ=0.0  fold=4 ===
  TKSS: k_hat=3  ACC=0.8833  NMI=0.7061  ARI=0.6689  0.0s

=== P1E_S3_C2 train[2] k=3  dim=576  frames=112  σ=0.0  fold=4 ===
  TKSS: k_hat=3  ACC=0.9018  NMI=0.7446  ARI=0.7208  0.0s

=== P1E_S3_C2 train[3] k=3  dim=576  frames=168  σ=0.0  fold=4 ===
  TKSS: k_hat=3  ACC=0.9048  NMI=0.7837  ARI=0.7528  0.0s

=== P1E_S3_C2 train[4] k=3  dim=576  frames=107  σ=0.0  fold=4 ===
  TKSS: k_hat=3  ACC=0.9065  NMI=0.7676  ARI=0.7569  0.0s

=== P1E_S3_C2 train[5] k=3  dim=576  frames=146  σ=0.0  fold=4 ===
  TKSS: k_hat=3  ACC=0.6918  NMI=0.5407  ARI=0.4144  0.0s

=== P1E_S3_C2 train[6] k=3  dim=576  frames=114  σ=0.0  fold=4 ===
  TKSS: k_hat=3  ACC=0.7632  NMI=0.6061  ARI=0.4987  0.0s

=== P1E_S3_C3 train[0] k=3  dim=576  frames=105  σ=0.0  fold=4 ===
  TKSS: k_hat=3  ACC=0.9143  NMI=0.7756  ARI=0.7670  0.0s

=== P1E_S3_C3 train[1] k=3  dim=576  frames=89  σ=0.0  fold=4 ===
  TKSS: k_hat=3  ACC=0.8876  NMI=0.7084  ARI=0.6740  0.0s

=== P1E_S3_C3 train[2] k=3  dim=576  frames=84  σ=0.0  fold=4 ===
  TKSS: k_hat=3  ACC=0.8929  NMI=0.7576  ARI=0.7220  0.0s

=== P1E_S3_C3 train[3] k=3  dim=576  frames=125  σ=0.0  fold=4 ===
  TKSS: k_hat=3  ACC=0.9280  NMI=0.8105  ARI=0.8015  0.0s

=== P1E_S3_C3 train[4] k=3  dim=576  frames=83  σ=0.0  fold=4 ===
  TKSS: k_hat=3  ACC=0.9518  NMI=0.8418  ARI=0.8629  0.0s

=== P1E_S3_C3 train[5] k=3  dim=576  frames=129  σ=0.0  fold=4 ===
  TKSS: k_hat=3  ACC=0.9457  NMI=0.8275  ARI=0.8441  0.0s

=== P1E_S3_C3 train[6] k=3  dim=576  frames=84  σ=0.0  fold=4 ===
  TKSS: k_hat=3  ACC=0.8810  NMI=0.7262  ARI=0.6948  0.0s

=== P1E_S4_C1 train[0] k=3  dim=576  frames=158  σ=0.0  fold=4 ===
  TKSS: k_hat=3  ACC=0.8418  NMI=0.7013  ARI=0.6174  0.1s

=== P1E_S4_C1 train[1] k=3  dim=576  frames=107  σ=0.0  fold=4 ===
  TKSS: k_hat=3  ACC=0.9720  NMI=0.8951  ARI=0.9167  0.0s

=== P1E_S4_C1 train[2] k=3  dim=576  frames=155  σ=0.0  fold=4 ===
  TKSS: k_hat=3  ACC=0.9677  NMI=0.8869  ARI=0.9041  0.0s

=== P1E_S4_C1 train[3] k=3  dim=576  frames=182  σ=0.0  fold=4 ===
  TKSS: k_hat=3  ACC=0.9670  NMI=0.8810  ARI=0.9018  0.0s

=== P1E_S4_C1 train[4] k=3  dim=576  frames=133  σ=0.0  fold=4 ===
  TKSS: k_hat=3  ACC=0.9023  NMI=0.7634  ARI=0.7432  0.0s

=== P1E_S4_C1 train[5] k=3  dim=576  frames=147  σ=0.0  fold=4 ===
  TKSS: k_hat=3  ACC=0.8163  NMI=0.6303  ARI=0.5662  0.0s

=== P1E_S4_C1 train[6] k=3  dim=576  frames=145  σ=0.0  fold=4 ===
  TKSS: k_hat=3  ACC=0.9448  NMI=0.8256  ARI=0.8456  0.0s

=== P1E_S4_C2 train[0] k=3  dim=576  frames=117  σ=0.0  fold=4 ===
  TKSS: k_hat=3  ACC=0.9658  NMI=0.8768  ARI=0.8997  0.0s

=== P1E_S4_C2 train[1] k=3  dim=576  frames=125  σ=0.0  fold=4 ===
  TKSS: k_hat=3  ACC=0.9520  NMI=0.8710  ARI=0.8635  0.0s

=== P1E_S4_C2 train[2] k=3  dim=576  frames=122  σ=0.0  fold=4 ===
  TKSS: k_hat=3  ACC=0.9508  NMI=0.8398  ARI=0.8535  0.0s

=== P1E_S4_C2 train[3] k=3  dim=576  frames=126  σ=0.0  fold=4 ===
  TKSS: k_hat=3  ACC=0.8730  NMI=0.7100  ARI=0.6764  0.0s

=== P1E_S4_C2 train[4] k=3  dim=576  frames=129  σ=0.0  fold=4 ===
  TKSS: k_hat=3  ACC=0.9302  NMI=0.8039  ARI=0.8070  0.0s

=== P1E_S4_C2 train[5] k=3  dim=576  frames=146  σ=0.0  fold=4 ===
  TKSS: k_hat=3  ACC=0.9726  NMI=0.8987  ARI=0.9192  0.0s

=== P1E_S4_C2 train[6] k=3  dim=576  frames=110  σ=0.0  fold=4 ===
  TKSS: k_hat=3  ACC=0.9364  NMI=0.8221  ARI=0.8214  0.0s

=== P1E_S4_C3 train[0] k=3  dim=576  frames=90  σ=0.0  fold=4 ===
  TKSS: k_hat=3  ACC=0.9222  NMI=0.7952  ARI=0.7808  0.0s

=== P1E_S4_C3 train[1] k=3  dim=576  frames=64  σ=0.0  fold=4 ===
  TKSS: k_hat=3  ACC=0.9688  NMI=0.8848  ARI=0.9071  0.0s

=== P1E_S4_C3 train[2] k=3  dim=576  frames=85  σ=0.0  fold=4 ===
  TKSS: k_hat=3  ACC=0.9647  NMI=0.8960  ARI=0.8988  0.0s

=== P1E_S4_C3 train[3] k=3  dim=576  frames=105  σ=0.0  fold=4 ===
  TKSS: k_hat=3  ACC=0.8476  NMI=0.6674  ARI=0.6196  0.0s

=== P1E_S4_C3 train[4] k=3  dim=576  frames=76  σ=0.0  fold=4 ===
  TKSS: k_hat=3  ACC=0.9474  NMI=0.8374  ARI=0.8501  0.0s

=== P1E_S4_C3 train[5] k=3  dim=576  frames=106  σ=0.0  fold=4 ===
  TKSS: k_hat=3  ACC=0.9340  NMI=0.8065  ARI=0.8128  0.0s

=== P1E_S4_C3 train[6] k=3  dim=576  frames=79  σ=0.0  fold=4 ===
  TKSS: k_hat=3  ACC=0.9367  NMI=0.8094  ARI=0.8204  0.0s

=== P1L_S1_C1 train[0] k=3  dim=576  frames=162  σ=0.0  fold=4 ===
  TKSS: k_hat=3  ACC=0.9383  NMI=0.8220  ARI=0.8292  0.0s

=== P1L_S1_C1 train[1] k=3  dim=576  frames=170  σ=0.0  fold=4 ===
  TKSS: k_hat=3  ACC=0.8765  NMI=0.7182  ARI=0.6748  0.1s

=== P1L_S1_C1 train[2] k=3  dim=576  frames=155  σ=0.0  fold=4 ===
  TKSS: k_hat=3  ACC=0.8516  NMI=0.7072  ARI=0.6578  0.1s

=== P1L_S1_C1 train[3] k=3  dim=576  frames=182  σ=0.0  fold=4 ===
  TKSS: k_hat=3  ACC=0.9451  NMI=0.8267  ARI=0.8439  0.0s

=== P1L_S1_C1 train[4] k=3  dim=576  frames=166  σ=0.0  fold=4 ===
  TKSS: k_hat=3  ACC=0.9639  NMI=0.8715  ARI=0.8950  0.0s

=== P1L_S1_C1 train[5] k=3  dim=576  frames=116  σ=0.0  fold=4 ===
  TKSS: k_hat=3  ACC=0.9397  NMI=0.8139  ARI=0.8270  0.0s

=== P1L_S1_C1 train[6] k=3  dim=576  frames=175  σ=0.0  fold=4 ===
  TKSS: k_hat=3  ACC=0.9029  NMI=0.7442  ARI=0.7414  0.0s

=== P1L_S1_C2 train[0] k=3  dim=576  frames=186  σ=0.0  fold=4 ===
  TKSS: k_hat=3  ACC=0.9032  NMI=0.7577  ARI=0.7438  0.0s

=== P1L_S1_C2 train[1] k=3  dim=576  frames=137  σ=0.0  fold=4 ===
  TKSS: k_hat=3  ACC=0.9051  NMI=0.7454  ARI=0.7366  0.0s

=== P1L_S1_C2 train[2] k=3  dim=576  frames=147  σ=0.0  fold=4 ===
  TKSS: k_hat=3  ACC=0.9184  NMI=0.7801  ARI=0.7771  0.0s

=== P1L_S1_C2 train[3] k=3  dim=576  frames=181  σ=0.0  fold=4 ===
  TKSS: k_hat=3  ACC=0.9392  NMI=0.8186  ARI=0.8290  0.0s

=== P1L_S1_C2 train[4] k=3  dim=576  frames=154  σ=0.0  fold=4 ===
  TKSS: k_hat=3  ACC=0.9481  NMI=0.8335  ARI=0.8543  0.1s

=== P1L_S1_C2 train[5] k=3  dim=576  frames=142  σ=0.0  fold=4 ===
  TKSS: k_hat=3  ACC=0.8662  NMI=0.6912  ARI=0.6583  0.0s

=== P1L_S1_C2 train[6] k=3  dim=576  frames=168  σ=0.0  fold=4 ===
  TKSS: k_hat=3  ACC=0.9345  NMI=0.8157  ARI=0.8185  0.0s

=== P1L_S1_C3 train[0] k=3  dim=576  frames=60  σ=0.0  fold=4 ===
  TKSS: k_hat=3  ACC=0.9667  NMI=0.8791  ARI=0.9004  0.0s

=== P1L_S1_C3 train[1] k=3  dim=576  frames=68  σ=0.0  fold=4 ===
  TKSS: k_hat=3  ACC=0.9559  NMI=0.8528  ARI=0.8689  0.0s

=== P1L_S1_C3 train[2] k=3  dim=576  frames=65  σ=0.0  fold=4 ===
  TKSS: k_hat=3  ACC=0.9231  NMI=0.7922  ARI=0.7834  0.0s

=== P1L_S1_C3 train[3] k=3  dim=576  frames=74  σ=0.0  fold=4 ===
  TKSS: k_hat=3  ACC=0.9054  NMI=0.7542  ARI=0.7418  0.0s

=== P1L_S1_C3 train[4] k=3  dim=576  frames=64  σ=0.0  fold=4 ===
  TKSS: k_hat=3  ACC=0.9531  NMI=0.8471  ARI=0.8643  0.0s

=== P1L_S1_C3 train[5] k=3  dim=576  frames=63  σ=0.0  fold=4 ===
  TKSS: k_hat=3  ACC=0.8413  NMI=0.6529  ARI=0.6025  0.0s

=== P1L_S1_C3 train[6] k=3  dim=576  frames=75  σ=0.0  fold=4 ===
  TKSS: k_hat=3  ACC=0.9067  NMI=0.7501  ARI=0.7406  0.0s

=== P1L_S2_C1 train[0] k=3  dim=576  frames=211  σ=0.0  fold=4 ===
  TKSS: k_hat=3  ACC=0.9431  NMI=0.8201  ARI=0.8324  0.0s

=== P1L_S2_C1 train[1] k=3  dim=576  frames=190  σ=0.0  fold=4 ===
  TKSS: k_hat=3  ACC=0.9368  NMI=0.8199  ARI=0.8208  0.0s

=== P1L_S2_C1 train[2] k=3  dim=576  frames=180  σ=0.0  fold=4 ===
  TKSS: k_hat=3  ACC=0.7889  NMI=0.6079  ARI=0.5327  0.0s

=== P1L_S2_C1 train[3] k=3  dim=576  frames=177  σ=0.0  fold=4 ===
  TKSS: k_hat=3  ACC=0.9209  NMI=0.7783  ARI=0.7815  0.1s

=== P1L_S2_C1 train[4] k=3  dim=576  frames=179  σ=0.0  fold=4 ===
  TKSS: k_hat=3  ACC=0.9162  NMI=0.7746  ARI=0.7726  0.0s

=== P1L_S2_C1 train[5] k=3  dim=576  frames=180  σ=0.0  fold=4 ===
  TKSS: k_hat=3  ACC=0.7611  NMI=0.5781  ARI=0.4828  0.0s

=== P1L_S2_C1 train[6] k=3  dim=576  frames=133  σ=0.0  fold=4 ===
  TKSS: k_hat=3  ACC=0.7368  NMI=0.5776  ARI=0.4697  0.0s

=== P1L_S2_C2 train[0] k=3  dim=576  frames=194  σ=0.0  fold=4 ===
  TKSS: k_hat=3  ACC=0.8247  NMI=0.6708  ARI=0.6005  0.0s

=== P1L_S2_C2 train[1] k=3  dim=576  frames=155  σ=0.0  fold=4 ===
  TKSS: k_hat=3  ACC=0.9677  NMI=0.8818  ARI=0.9032  0.0s

=== P1L_S2_C2 train[2] k=3  dim=576  frames=134  σ=0.0  fold=4 ===
  TKSS: k_hat=3  ACC=0.8284  NMI=0.6721  ARI=0.6032  0.0s

=== P1L_S2_C2 train[3] k=3  dim=576  frames=186  σ=0.0  fold=4 ===
  TKSS: k_hat=3  ACC=0.9301  NMI=0.8090  ARI=0.8056  0.1s

=== P1L_S2_C2 train[4] k=3  dim=576  frames=171  σ=0.0  fold=4 ===
  TKSS: k_hat=3  ACC=0.9240  NMI=0.7872  ARI=0.7906  0.0s

=== P1L_S2_C2 train[5] k=3  dim=576  frames=160  σ=0.0  fold=4 ===
  TKSS: k_hat=3  ACC=0.7375  NMI=0.5642  ARI=0.4625  0.0s

=== P1L_S2_C2 train[6] k=3  dim=576  frames=154  σ=0.0  fold=4 ===
  TKSS: k_hat=3  ACC=0.8896  NMI=0.7422  ARI=0.7182  0.0s

=== P1L_S2_C3 train[0] k=3  dim=576  frames=119  σ=0.0  fold=4 ===
  TKSS: k_hat=3  ACC=0.8739  NMI=0.6990  ARI=0.6507  0.0s

=== P1L_S2_C3 train[1] k=3  dim=576  frames=101  σ=0.0  fold=4 ===
  TKSS: k_hat=3  ACC=0.9010  NMI=0.7479  ARI=0.7164  0.0s

=== P1L_S2_C3 train[2] k=3  dim=576  frames=85  σ=0.0  fold=4 ===
  TKSS: k_hat=3  ACC=0.8353  NMI=0.6413  ARI=0.5780  0.0s

=== P1L_S2_C3 train[3] k=3  dim=576  frames=112  σ=0.0  fold=4 ===
  TKSS: k_hat=3  ACC=0.8482  NMI=0.6631  ARI=0.6171  0.0s

=== P1L_S2_C3 train[4] k=3  dim=576  frames=102  σ=0.0  fold=4 ===
  TKSS: k_hat=3  ACC=0.9706  NMI=0.9082  ARI=0.9141  0.0s

=== P1L_S2_C3 train[5] k=3  dim=576  frames=121  σ=0.0  fold=4 ===
  TKSS: k_hat=3  ACC=0.9256  NMI=0.7892  ARI=0.7947  0.0s

=== P1L_S2_C3 train[6] k=3  dim=576  frames=99  σ=0.0  fold=4 ===
  TKSS: k_hat=3  ACC=0.9596  NMI=0.8607  ARI=0.8832  0.0s

=== P1L_S3_C1 train[0] k=3  dim=576  frames=156  σ=0.0  fold=4 ===
  TKSS: k_hat=3  ACC=0.7500  NMI=0.5703  ARI=0.4686  0.0s

=== P1L_S3_C1 train[1] k=3  dim=576  frames=120  σ=0.0  fold=4 ===
  TKSS: k_hat=3  ACC=0.8250  NMI=0.6366  ARI=0.5764  0.0s

=== P1L_S3_C1 train[2] k=3  dim=576  frames=185  σ=0.0  fold=4 ===
  TKSS: k_hat=3  ACC=0.9730  NMI=0.8967  ARI=0.9189  0.0s

=== P1L_S3_C1 train[3] k=3  dim=576  frames=156  σ=0.0  fold=4 ===
  TKSS: k_hat=3  ACC=0.8462  NMI=0.7128  ARI=0.6467  0.0s

=== P1L_S3_C1 train[4] k=3  dim=576  frames=172  σ=0.0  fold=4 ===
  TKSS: k_hat=3  ACC=0.9477  NMI=0.8479  ARI=0.8536  0.0s

=== P1L_S3_C1 train[5] k=3  dim=576  frames=176  σ=0.0  fold=4 ===
  TKSS: k_hat=3  ACC=0.7727  NMI=0.5853  ARI=0.4969  0.0s

=== P1L_S3_C1 train[6] k=3  dim=576  frames=134  σ=0.0  fold=4 ===
  TKSS: k_hat=3  ACC=0.8134  NMI=0.6249  ARI=0.5593  0.0s

=== P1L_S3_C2 train[0] k=3  dim=576  frames=185  σ=0.0  fold=4 ===
  TKSS: k_hat=3  ACC=0.9514  NMI=0.8401  ARI=0.8542  0.1s

=== P1L_S3_C2 train[1] k=3  dim=576  frames=125  σ=0.0  fold=4 ===
  TKSS: k_hat=3  ACC=0.9200  NMI=0.7804  ARI=0.7800  0.0s

=== P1L_S3_C2 train[2] k=3  dim=576  frames=166  σ=0.0  fold=4 ===
  TKSS: k_hat=3  ACC=0.9578  NMI=0.8671  ARI=0.8809  0.0s

=== P1L_S3_C2 train[3] k=3  dim=576  frames=209  σ=0.0  fold=4 ===
  TKSS: k_hat=3  ACC=0.8995  NMI=0.7617  ARI=0.7391  0.0s

=== P1L_S3_C2 train[4] k=3  dim=576  frames=187  σ=0.0  fold=4 ===
  TKSS: k_hat=3  ACC=0.8877  NMI=0.7196  ARI=0.7042  0.0s

=== P1L_S3_C2 train[5] k=3  dim=576  frames=229  σ=0.0  fold=4 ===
  TKSS: k_hat=3  ACC=0.9345  NMI=0.8065  ARI=0.8174  0.0s

=== P1L_S3_C2 train[6] k=3  dim=576  frames=136  σ=0.0  fold=4 ===
  TKSS: k_hat=3  ACC=0.9412  NMI=0.8240  ARI=0.8346  0.0s

=== P1L_S3_C3 train[0] k=3  dim=576  frames=151  σ=0.0  fold=4 ===
  TKSS: k_hat=3  ACC=0.7947  NMI=0.5771  ARI=0.4627  0.0s

=== P1L_S3_C3 train[1] k=3  dim=576  frames=118  σ=0.0  fold=4 ===
  TKSS: k_hat=3  ACC=0.9915  NMI=0.9638  ARI=0.9740  0.0s

=== P1L_S3_C3 train[2] k=3  dim=576  frames=121  σ=0.0  fold=4 ===
  TKSS: k_hat=3  ACC=0.9339  NMI=0.8040  ARI=0.8148  0.0s

=== P1L_S3_C3 train[3] k=3  dim=576  frames=142  σ=0.0  fold=4 ===
  TKSS: k_hat=3  ACC=0.9155  NMI=0.7757  ARI=0.7716  0.0s

=== P1L_S3_C3 train[4] k=3  dim=576  frames=110  σ=0.0  fold=4 ===
  TKSS: k_hat=3  ACC=0.9909  NMI=0.9618  ARI=0.9723  0.0s

=== P1L_S3_C3 train[5] k=3  dim=576  frames=161  σ=0.0  fold=4 ===
  TKSS: k_hat=3  ACC=0.9130  NMI=0.7611  ARI=0.7610  0.0s

=== P1L_S3_C3 train[6] k=3  dim=576  frames=114  σ=0.0  fold=4 ===
  TKSS: k_hat=3  ACC=0.9123  NMI=0.7617  ARI=0.7663  0.0s

=== P1L_S4_C1 train[0] k=3  dim=576  frames=200  σ=0.0  fold=4 ===
  TKSS: k_hat=3  ACC=0.9200  NMI=0.7836  ARI=0.7822  0.0s

=== P1L_S4_C1 train[1] k=3  dim=576  frames=157  σ=0.0  fold=4 ===
  TKSS: k_hat=3  ACC=0.8025  NMI=0.6269  ARI=0.5567  0.0s

=== P1L_S4_C1 train[2] k=3  dim=576  frames=154  σ=0.0  fold=4 ===
  TKSS: k_hat=3  ACC=0.8766  NMI=0.7747  ARI=0.7039  0.0s

=== P1L_S4_C1 train[3] k=3  dim=576  frames=168  σ=0.0  fold=4 ===
  TKSS: k_hat=3  ACC=0.9048  NMI=0.7711  ARI=0.7480  0.0s

=== P1L_S4_C1 train[4] k=3  dim=576  frames=164  σ=0.0  fold=4 ===
  TKSS: k_hat=3  ACC=0.9573  NMI=0.8547  ARI=0.8750  0.0s

=== P1L_S4_C1 train[5] k=3  dim=576  frames=187  σ=0.0  fold=4 ===
  TKSS: k_hat=3  ACC=0.8449  NMI=0.6651  ARI=0.6203  0.0s

=== P1L_S4_C1 train[6] k=3  dim=576  frames=202  σ=0.0  fold=4 ===
  TKSS: k_hat=3  ACC=0.9901  NMI=0.9593  ARI=0.9706  0.0s

=== P1L_S4_C2 train[0] k=3  dim=576  frames=157  σ=0.0  fold=4 ===
  TKSS: k_hat=3  ACC=0.8153  NMI=0.6289  ARI=0.5642  0.0s

=== P1L_S4_C2 train[1] k=3  dim=576  frames=149  σ=0.0  fold=4 ===
  TKSS: k_hat=3  ACC=0.8658  NMI=0.6867  ARI=0.6554  0.0s

=== P1L_S4_C2 train[2] k=3  dim=576  frames=175  σ=0.0  fold=4 ===
  TKSS: k_hat=3  ACC=0.9257  NMI=0.7816  ARI=0.7825  0.0s

=== P1L_S4_C2 train[3] k=3  dim=576  frames=168  σ=0.0  fold=4 ===
  TKSS: k_hat=3  ACC=0.9167  NMI=0.7854  ARI=0.7692  0.0s

=== P1L_S4_C2 train[4] k=3  dim=576  frames=152  σ=0.0  fold=4 ===
  TKSS: k_hat=3  ACC=0.9671  NMI=0.8858  ARI=0.9039  0.0s

=== P1L_S4_C2 train[5] k=3  dim=576  frames=169  σ=0.0  fold=4 ===
  TKSS: k_hat=3  ACC=0.8994  NMI=0.7408  ARI=0.7343  0.0s

=== P1L_S4_C2 train[6] k=3  dim=576  frames=153  σ=0.0  fold=4 ===
  TKSS: k_hat=3  ACC=0.8105  NMI=0.6218  ARI=0.5547  0.0s

=== P1L_S4_C3 train[0] k=3  dim=576  frames=96  σ=0.0  fold=4 ===
  TKSS: k_hat=3  ACC=0.9688  NMI=0.9039  ARI=0.9094  0.0s

=== P1L_S4_C3 train[1] k=3  dim=576  frames=107  σ=0.0  fold=4 ===
  TKSS: k_hat=3  ACC=0.8598  NMI=0.6895  ARI=0.6488  0.0s

=== P1L_S4_C3 train[2] k=3  dim=576  frames=94  σ=0.0  fold=4 ===
  TKSS: k_hat=3  ACC=0.8830  NMI=0.7186  ARI=0.6885  0.0s

=== P1L_S4_C3 train[3] k=3  dim=576  frames=117  σ=0.0  fold=4 ===
  TKSS: k_hat=3  ACC=0.8718  NMI=0.7260  ARI=0.6806  0.0s

=== P1L_S4_C3 train[4] k=3  dim=576  frames=103  σ=0.0  fold=4 ===
  TKSS: k_hat=3  ACC=0.9515  NMI=0.8421  ARI=0.8619  0.0s

=== P1L_S4_C3 train[5] k=3  dim=576  frames=105  σ=0.0  fold=4 ===
  TKSS: k_hat=3  ACC=0.9429  NMI=0.8245  ARI=0.8389  0.0s

=== P1L_S4_C3 train[6] k=3  dim=576  frames=107  σ=0.0  fold=4 ===
  TKSS: k_hat=3  ACC=0.9346  NMI=0.8107  ARI=0.8237  0.0s

=== P1E_S1_C1 test[0] k=3  dim=576  frames=157  σ=0.0  fold=4 ===
  TKSS: k_hat=3  ACC=0.8790  NMI=0.7073  ARI=0.6848  0.0s

=== P1E_S1_C2 test[0] k=3  dim=576  frames=113  σ=0.0  fold=4 ===
  TKSS: k_hat=3  ACC=0.9027  NMI=0.7444  ARI=0.7370  0.0s

=== P1E_S1_C3 test[0] k=3  dim=576  frames=37  σ=0.0  fold=4 ===
  TKSS: k_hat=3  ACC=0.7838  NMI=0.5996  ARI=0.4944  0.0s

=== P1E_S2_C1 test[0] k=3  dim=576  frames=149  σ=0.0  fold=4 ===
  TKSS: k_hat=3  ACC=0.8658  NMI=0.7308  ARI=0.6837  0.1s

=== P1E_S2_C2 test[0] k=3  dim=576  frames=124  σ=0.0  fold=4 ===
  TKSS: k_hat=3  ACC=0.9194  NMI=0.7836  ARI=0.7728  0.0s

=== P1E_S2_C3 test[0] k=3  dim=576  frames=99  σ=0.0  fold=4 ===
  TKSS: k_hat=3  ACC=0.9293  NMI=0.7987  ARI=0.8025  0.0s

=== P1E_S3_C1 test[0] k=3  dim=576  frames=168  σ=0.0  fold=4 ===
  TKSS: k_hat=3  ACC=0.8690  NMI=0.6771  ARI=0.6289  0.0s

=== P1E_S3_C2 test[0] k=3  dim=576  frames=169  σ=0.0  fold=4 ===
  TKSS: k_hat=3  ACC=0.8994  NMI=0.7647  ARI=0.7358  0.0s

=== P1E_S3_C3 test[0] k=3  dim=576  frames=128  σ=0.0  fold=4 ===
  TKSS: k_hat=3  ACC=0.8672  NMI=0.7096  ARI=0.6601  0.0s

=== P1E_S4_C1 test[0] k=3  dim=576  frames=180  σ=0.0  fold=4 ===
  TKSS: k_hat=3  ACC=0.9222  NMI=0.7952  ARI=0.7832  0.0s

=== P1E_S4_C2 test[0] k=3  dim=576  frames=140  σ=0.0  fold=4 ===
  TKSS: k_hat=3  ACC=0.8786  NMI=0.6921  ARI=0.6516  0.0s

=== P1E_S4_C3 test[0] k=3  dim=576  frames=87  σ=0.0  fold=4 ===
  TKSS: k_hat=3  ACC=0.9310  NMI=0.7938  ARI=0.7980  0.0s

=== P1L_S1_C1 test[0] k=3  dim=576  frames=198  σ=0.0  fold=4 ===
  TKSS: k_hat=3  ACC=0.9495  NMI=0.8437  ARI=0.8543  0.0s

=== P1L_S1_C2 test[0] k=3  dim=576  frames=128  σ=0.0  fold=4 ===
  TKSS: k_hat=3  ACC=0.8047  NMI=0.6131  ARI=0.5379  0.0s

=== P1L_S1_C3 test[0] k=3  dim=576  frames=73  σ=0.0  fold=4 ===
  TKSS: k_hat=3  ACC=0.8630  NMI=0.6918  ARI=0.6489  0.0s

=== P1L_S2_C1 test[0] k=3  dim=576  frames=172  σ=0.0  fold=4 ===
  TKSS: k_hat=3  ACC=0.8837  NMI=0.7305  ARI=0.7055  0.0s

=== P1L_S2_C2 test[0] k=3  dim=576  frames=201  σ=0.0  fold=4 ===
  TKSS: k_hat=3  ACC=0.9353  NMI=0.8112  ARI=0.8139  0.0s

=== P1L_S2_C3 test[0] k=3  dim=576  frames=126  σ=0.0  fold=4 ===
  TKSS: k_hat=3  ACC=0.9365  NMI=0.8123  ARI=0.8154  0.0s

=== P1L_S3_C1 test[0] k=3  dim=576  frames=159  σ=0.0  fold=4 ===
  TKSS: k_hat=3  ACC=0.7736  NMI=0.5806  ARI=0.4827  0.1s

=== P1L_S3_C2 test[0] k=3  dim=576  frames=168  σ=0.0  fold=4 ===
  TKSS: k_hat=3  ACC=0.8571  NMI=0.7209  ARI=0.6620  0.0s

=== P1L_S3_C3 test[0] k=3  dim=576  frames=134  σ=0.0  fold=4 ===
  TKSS: k_hat=3  ACC=0.8881  NMI=0.7293  ARI=0.7059  0.0s

=== P1L_S4_C1 test[0] k=3  dim=576  frames=142  σ=0.0  fold=4 ===
  TKSS: k_hat=3  ACC=0.9718  NMI=0.8969  ARI=0.9176  0.0s

=== P1L_S4_C2 test[0] k=3  dim=576  frames=154  σ=0.0  fold=4 ===
  TKSS: k_hat=3  ACC=0.7338  NMI=0.5564  ARI=0.4489  0.0s

=== P1L_S4_C3 test[0] k=3  dim=576  frames=112  σ=0.0  fold=4 ===
  TKSS: k_hat=3  ACC=0.8661  NMI=0.7641  ARI=0.6778  0.0s
  tune_pool_groups=20: sampling from 22 held-in people (overlap allowed) instead of the 7 fixed partition group(s)

============================================================
σ=0.0 fold=5  test=['0015', '0016', '0021']  train mats=168  test mats=24  tune mats=480
  --- tune TKSS over 480 train mats  n_trials=30 (3 params) ---
  TKSS trial 0: mean ARI=0.7245  n=480  19.8s  d=5, lam=1, s=2
  TKSS trial 1: mean ARI=0.7100  n=480  21.4s  d=9, lam=1.398, s=4
  TKSS trial 2: mean ARI=0.7144  n=480  17.6s  d=9, lam=0.1866, s=4
  TKSS trial 3: mean ARI=0.6779  n=480  26.0s  d=7, lam=4.735, s=6
  TKSS trial 4: mean ARI=0.6991  n=480  23.5s  d=6, lam=2.372, s=4
  TKSS trial 5: mean ARI=0.7358  n=480  11.8s  d=9, lam=5.981, s=1
  TKSS trial 6: mean ARI=0.7136  n=480  26.2s  d=2, lam=0.0115, s=5
  TKSS trial 7: mean ARI=0.6995  n=480  22.4s  d=12, lam=4.074, s=6
  TKSS trial 8: mean ARI=0.7114  n=480  18.3s  d=12, lam=0.2423, s=5
  TKSS trial 9: mean ARI=0.7147  n=480  27.7s  d=2, lam=0.8313, s=1
  TKSS trial 10: mean ARI=0.7345  n=480  7.7s  d=15, lam=0.01456, s=2
  TKSS trial 11: mean ARI=0.7346  n=480  7.8s  d=15, lam=0.01211, s=2
  TKSS trial 12: mean ARI=0.7351  n=480  7.8s  d=14, lam=0.05267, s=1
  TKSS trial 13: mean ARI=0.7363  n=480  8.3s  d=12, lam=0.05594, s=1
  TKSS trial 14: mean ARI=0.7359  n=480  11.1s  d=11, lam=8.609, s=1
  TKSS trial 15: mean ARI=0.7328  n=480  11.3s  d=11, lam=0.1986, s=2
  TKSS trial 16: mean ARI=0.7317  n=480  9.8s  d=11, lam=0.04751, s=3
  TKSS trial 17: mean ARI=0.7356  n=480  8.2s  d=13, lam=0.06262, s=1
  TKSS trial 18: mean ARI=0.7231  n=480  16.1s  d=10, lam=0.5008, s=3
  TKSS trial 19: mean ARI=0.7363  n=480  12.1s  d=7, lam=0.02635, s=1
  TKSS trial 20: mean ARI=0.7314  n=480  18.9s  d=4, lam=0.03664, s=3
  TKSS trial 21: mean ARI=0.7356  n=480  12.0s  d=7, lam=0.1029, s=1
  TKSS trial 22: mean ARI=0.7364  n=480  11.5s  d=8, lam=0.02534, s=1
  TKSS trial 23: mean ARI=0.7347  n=480  11.1s  d=8, lam=0.02251, s=2
  TKSS trial 24: mean ARI=0.7370  n=480  15.4s  d=5, lam=0.02686, s=1
  TKSS trial 25: mean ARI=0.7354  n=480  15.8s  d=5, lam=0.02462, s=2
  TKSS trial 26: mean ARI=0.7359  n=480  18.7s  d=4, lam=0.09626, s=1
  TKSS trial 27: mean ARI=0.7309  n=480  29.8s  d=1, lam=0.02474, s=2
  TKSS trial 28: mean ARI=0.7356  n=480  11.9s  d=7, lam=0.1005, s=1
  TKSS trial 29: mean ARI=0.7356  n=480  15.7s  d=5, lam=0.02157, s=2
    best mean ARI=0.7370  tune 475.6s  d=5, lam=0.02686, s=1
  wrote /nfs/turbo/umms-minjilab/lpullela/icassp_ssc_tv2/block_ssc_benchmark/cv/params/surveillance/split_k3_clean_min30_trials20_knownk_scaled_params_cv_tkss_k3_sigma0_sigma0_fold5.json

=== P1E_S1_C1 train[0] k=3  dim=576  frames=146  σ=0.0  fold=5 ===
  TKSS: k_hat=3  ACC=0.8356  NMI=0.7448  ARI=0.6443  0.1s

=== P1E_S1_C1 train[1] k=3  dim=576  frames=153  σ=0.0  fold=5 ===
  TKSS: k_hat=3  ACC=0.9739  NMI=0.8995  ARI=0.9233  0.0s

=== P1E_S1_C1 train[2] k=3  dim=576  frames=130  σ=0.0  fold=5 ===
  TKSS: k_hat=3  ACC=0.9385  NMI=0.8111  ARI=0.8197  0.0s

=== P1E_S1_C1 train[3] k=3  dim=576  frames=140  σ=0.0  fold=5 ===
  TKSS: k_hat=3  ACC=0.8857  NMI=0.7844  ARI=0.7212  0.0s

=== P1E_S1_C1 train[4] k=3  dim=576  frames=157  σ=0.0  fold=5 ===
  TKSS: k_hat=3  ACC=0.8662  NMI=0.6868  ARI=0.6532  0.0s

=== P1E_S1_C1 train[5] k=3  dim=576  frames=140  σ=0.0  fold=5 ===
  TKSS: k_hat=3  ACC=0.8929  NMI=0.7352  ARI=0.7139  0.0s

=== P1E_S1_C1 train[6] k=3  dim=576  frames=171  σ=0.0  fold=5 ===
  TKSS: k_hat=3  ACC=0.9415  NMI=0.8282  ARI=0.8373  0.1s

=== P1E_S1_C2 train[0] k=3  dim=576  frames=147  σ=0.0  fold=5 ===
  TKSS: k_hat=3  ACC=0.8980  NMI=0.7969  ARI=0.7433  0.0s

=== P1E_S1_C2 train[1] k=3  dim=576  frames=115  σ=0.0  fold=5 ===
  TKSS: k_hat=3  ACC=0.9217  NMI=0.7904  ARI=0.7916  0.0s

=== P1E_S1_C2 train[2] k=3  dim=576  frames=104  σ=0.0  fold=5 ===
  TKSS: k_hat=3  ACC=0.9423  NMI=0.8171  ARI=0.8278  0.0s

=== P1E_S1_C2 train[3] k=3  dim=576  frames=138  σ=0.0  fold=5 ===
  TKSS: k_hat=3  ACC=0.8623  NMI=0.6798  ARI=0.6418  0.0s

=== P1E_S1_C2 train[4] k=3  dim=576  frames=113  σ=0.0  fold=5 ===
  TKSS: k_hat=3  ACC=0.9115  NMI=0.7589  ARI=0.7566  0.0s

=== P1E_S1_C2 train[5] k=3  dim=576  frames=122  σ=0.0  fold=5 ===
  TKSS: k_hat=3  ACC=0.9344  NMI=0.8110  ARI=0.8204  0.0s

=== P1E_S1_C2 train[6] k=3  dim=576  frames=134  σ=0.0  fold=5 ===
  TKSS: k_hat=3  ACC=0.9627  NMI=0.8749  ARI=0.8920  0.0s

=== P1E_S1_C3 train[0] k=3  dim=576  frames=58  σ=0.0  fold=5 ===
  TKSS: k_hat=3  ACC=0.8793  NMI=0.7059  ARI=0.6565  0.0s

=== P1E_S1_C3 train[1] k=3  dim=576  frames=56  σ=0.0  fold=5 ===
  TKSS: k_hat=3  ACC=0.8214  NMI=0.6766  ARI=0.5739  0.0s

=== P1E_S1_C3 train[2] k=3  dim=576  frames=47  σ=0.0  fold=5 ===
  TKSS: k_hat=3  ACC=0.8936  NMI=0.7440  ARI=0.7094  0.0s

=== P1E_S1_C3 train[3] k=3  dim=576  frames=61  σ=0.0  fold=5 ===
  TKSS: k_hat=3  ACC=0.8033  NMI=0.6396  ARI=0.5303  0.0s

=== P1E_S1_C3 train[4] k=3  dim=576  frames=37  σ=0.0  fold=5 ===
  TKSS: k_hat=3  ACC=0.7838  NMI=0.5996  ARI=0.4944  0.0s

=== P1E_S1_C3 train[5] k=3  dim=576  frames=51  σ=0.0  fold=5 ===
  TKSS: k_hat=3  ACC=0.9020  NMI=0.7422  ARI=0.7266  0.0s

=== P1E_S1_C3 train[6] k=3  dim=576  frames=69  σ=0.0  fold=5 ===
  TKSS: k_hat=3  ACC=0.9855  NMI=0.9451  ARI=0.9553  0.0s

=== P1E_S2_C1 train[0] k=3  dim=576  frames=167  σ=0.0  fold=5 ===
  TKSS: k_hat=3  ACC=0.9641  NMI=0.8713  ARI=0.8928  0.0s

=== P1E_S2_C1 train[1] k=3  dim=576  frames=151  σ=0.0  fold=5 ===
  TKSS: k_hat=3  ACC=0.9404  NMI=0.8518  ARI=0.8350  0.0s

=== P1E_S2_C1 train[2] k=3  dim=576  frames=136  σ=0.0  fold=5 ===
  TKSS: k_hat=3  ACC=0.9191  NMI=0.7767  ARI=0.7802  0.0s

=== P1E_S2_C1 train[3] k=3  dim=576  frames=180  σ=0.0  fold=5 ===
  TKSS: k_hat=3  ACC=0.9222  NMI=0.7852  ARI=0.7871  0.0s

=== P1E_S2_C1 train[4] k=3  dim=576  frames=149  σ=0.0  fold=5 ===
  TKSS: k_hat=3  ACC=0.8926  NMI=0.7912  ARI=0.7352  0.0s

=== P1E_S2_C1 train[5] k=3  dim=576  frames=161  σ=0.0  fold=5 ===
  TKSS: k_hat=3  ACC=0.9627  NMI=0.8697  ARI=0.8895  0.0s

=== P1E_S2_C1 train[6] k=3  dim=576  frames=153  σ=0.0  fold=5 ===
  TKSS: k_hat=3  ACC=0.9739  NMI=0.9024  ARI=0.9233  0.0s

=== P1E_S2_C2 train[0] k=3  dim=576  frames=146  σ=0.0  fold=5 ===
  TKSS: k_hat=3  ACC=0.8836  NMI=0.7156  ARI=0.6920  0.0s

=== P1E_S2_C2 train[1] k=3  dim=576  frames=115  σ=0.0  fold=5 ===
  TKSS: k_hat=3  ACC=0.9391  NMI=0.8498  ARI=0.8310  0.0s

=== P1E_S2_C2 train[2] k=3  dim=576  frames=109  σ=0.0  fold=5 ===
  TKSS: k_hat=3  ACC=0.9266  NMI=0.7898  ARI=0.7962  0.0s

=== P1E_S2_C2 train[3] k=3  dim=576  frames=144  σ=0.0  fold=5 ===
  TKSS: k_hat=3  ACC=0.9444  NMI=0.8399  ARI=0.8440  0.0s

=== P1E_S2_C2 train[4] k=3  dim=576  frames=124  σ=0.0  fold=5 ===
  TKSS: k_hat=3  ACC=0.9113  NMI=0.7568  ARI=0.7467  0.0s

=== P1E_S2_C2 train[5] k=3  dim=576  frames=128  σ=0.0  fold=5 ===
  TKSS: k_hat=3  ACC=0.9375  NMI=0.8165  ARI=0.8248  0.0s

=== P1E_S2_C2 train[6] k=3  dim=576  frames=126  σ=0.0  fold=5 ===
  TKSS: k_hat=3  ACC=0.9524  NMI=0.8721  ARI=0.8657  0.0s

=== P1E_S2_C3 train[0] k=3  dim=576  frames=113  σ=0.0  fold=5 ===
  TKSS: k_hat=3  ACC=0.8673  NMI=0.7026  ARI=0.6667  0.0s

=== P1E_S2_C3 train[1] k=3  dim=576  frames=88  σ=0.0  fold=5 ===
  TKSS: k_hat=3  ACC=0.9091  NMI=0.7761  ARI=0.7481  0.0s

=== P1E_S2_C3 train[2] k=3  dim=576  frames=90  σ=0.0  fold=5 ===
  TKSS: k_hat=3  ACC=0.9444  NMI=0.8594  ARI=0.8470  0.0s

=== P1E_S2_C3 train[3] k=3  dim=576  frames=112  σ=0.0  fold=5 ===
  TKSS: k_hat=3  ACC=0.9732  NMI=0.9142  ARI=0.9225  0.0s

=== P1E_S2_C3 train[4] k=3  dim=576  frames=99  σ=0.0  fold=5 ===
  TKSS: k_hat=3  ACC=0.9798  NMI=0.9297  ARI=0.9391  0.0s

=== P1E_S2_C3 train[5] k=3  dim=576  frames=105  σ=0.0  fold=5 ===
  TKSS: k_hat=3  ACC=0.9143  NMI=0.7771  ARI=0.7698  0.0s

=== P1E_S2_C3 train[6] k=3  dim=576  frames=89  σ=0.0  fold=5 ===
  TKSS: k_hat=3  ACC=0.9326  NMI=0.8027  ARI=0.8130  0.0s

=== P1E_S3_C1 train[0] k=3  dim=576  frames=166  σ=0.0  fold=5 ===
  TKSS: k_hat=3  ACC=0.8916  NMI=0.7914  ARI=0.7352  0.1s

=== P1E_S3_C1 train[1] k=3  dim=576  frames=139  σ=0.0  fold=5 ===
  TKSS: k_hat=3  ACC=0.9353  NMI=0.8444  ARI=0.8246  0.0s

=== P1E_S3_C1 train[2] k=3  dim=576  frames=134  σ=0.0  fold=5 ===
  TKSS: k_hat=3  ACC=0.9104  NMI=0.7632  ARI=0.7475  0.0s

=== P1E_S3_C1 train[3] k=3  dim=576  frames=161  σ=0.0  fold=5 ===
  TKSS: k_hat=3  ACC=0.9689  NMI=0.8906  ARI=0.9096  0.1s

=== P1E_S3_C1 train[4] k=3  dim=576  frames=168  σ=0.0  fold=5 ===
  TKSS: k_hat=3  ACC=0.9107  NMI=0.7464  ARI=0.7346  0.0s

=== P1E_S3_C1 train[5] k=3  dim=576  frames=204  σ=0.0  fold=5 ===
  TKSS: k_hat=3  ACC=0.8873  NMI=0.7902  ARI=0.7501  0.2s

=== P1E_S3_C1 train[6] k=3  dim=576  frames=112  σ=0.0  fold=5 ===
  TKSS: k_hat=3  ACC=0.9821  NMI=0.9364  ARI=0.9482  0.0s

=== P1E_S3_C2 train[0] k=3  dim=576  frames=147  σ=0.0  fold=5 ===
  TKSS: k_hat=3  ACC=0.9252  NMI=0.8288  ARI=0.8019  0.1s

=== P1E_S3_C2 train[1] k=3  dim=576  frames=120  σ=0.0  fold=5 ===
  TKSS: k_hat=3  ACC=0.8750  NMI=0.6950  ARI=0.6498  0.0s

=== P1E_S3_C2 train[2] k=3  dim=576  frames=112  σ=0.0  fold=5 ===
  TKSS: k_hat=3  ACC=0.8393  NMI=0.6742  ARI=0.5919  0.1s

=== P1E_S3_C2 train[3] k=3  dim=576  frames=168  σ=0.0  fold=5 ===
  TKSS: k_hat=3  ACC=0.8929  NMI=0.7699  ARI=0.7276  0.0s

=== P1E_S3_C2 train[4] k=3  dim=576  frames=169  σ=0.0  fold=5 ===
  TKSS: k_hat=3  ACC=0.9112  NMI=0.8118  ARI=0.7705  0.0s

=== P1E_S3_C2 train[5] k=3  dim=576  frames=146  σ=0.0  fold=5 ===
  TKSS: k_hat=3  ACC=0.6644  NMI=0.5392  ARI=0.4116  0.0s

=== P1E_S3_C2 train[6] k=3  dim=576  frames=114  σ=0.0  fold=5 ===
  TKSS: k_hat=3  ACC=0.8509  NMI=0.6833  ARI=0.6378  0.0s

=== P1E_S3_C3 train[0] k=3  dim=576  frames=105  σ=0.0  fold=5 ===
  TKSS: k_hat=3  ACC=0.9048  NMI=0.7525  ARI=0.7401  0.0s

=== P1E_S3_C3 train[1] k=3  dim=576  frames=89  σ=0.0  fold=5 ===
  TKSS: k_hat=3  ACC=0.8876  NMI=0.7084  ARI=0.6740  0.0s

=== P1E_S3_C3 train[2] k=3  dim=576  frames=84  σ=0.0  fold=5 ===
  TKSS: k_hat=3  ACC=0.9048  NMI=0.7716  ARI=0.7472  0.0s

=== P1E_S3_C3 train[3] k=3  dim=576  frames=125  σ=0.0  fold=5 ===
  TKSS: k_hat=3  ACC=0.9600  NMI=0.8861  ARI=0.8868  0.0s

=== P1E_S3_C3 train[4] k=3  dim=576  frames=128  σ=0.0  fold=5 ===
  TKSS: k_hat=3  ACC=0.8984  NMI=0.7711  ARI=0.7358  0.0s

=== P1E_S3_C3 train[5] k=3  dim=576  frames=129  σ=0.0  fold=5 ===
  TKSS: k_hat=3  ACC=0.9457  NMI=0.8412  ARI=0.8480  0.0s

=== P1E_S3_C3 train[6] k=3  dim=576  frames=84  σ=0.0  fold=5 ===
  TKSS: k_hat=3  ACC=0.8810  NMI=0.7262  ARI=0.6948  0.0s

=== P1E_S4_C1 train[0] k=3  dim=576  frames=158  σ=0.0  fold=5 ===
  TKSS: k_hat=3  ACC=0.8608  NMI=0.7175  ARI=0.6508  0.0s

=== P1E_S4_C1 train[1] k=3  dim=576  frames=107  σ=0.0  fold=5 ===
  TKSS: k_hat=3  ACC=0.9626  NMI=0.8724  ARI=0.8899  0.0s

=== P1E_S4_C1 train[2] k=3  dim=576  frames=155  σ=0.0  fold=5 ===
  TKSS: k_hat=3  ACC=0.9419  NMI=0.8262  ARI=0.8330  0.0s

=== P1E_S4_C1 train[3] k=3  dim=576  frames=182  σ=0.0  fold=5 ===
  TKSS: k_hat=3  ACC=0.9725  NMI=0.8953  ARI=0.9174  0.0s

=== P1E_S4_C1 train[4] k=3  dim=576  frames=180  σ=0.0  fold=5 ===
  TKSS: k_hat=3  ACC=0.9333  NMI=0.8400  ARI=0.8161  0.0s

=== P1E_S4_C1 train[5] k=3  dim=576  frames=147  σ=0.0  fold=5 ===
  TKSS: k_hat=3  ACC=0.8027  NMI=0.6261  ARI=0.5568  0.1s

=== P1E_S4_C1 train[6] k=3  dim=576  frames=145  σ=0.0  fold=5 ===
  TKSS: k_hat=3  ACC=0.8966  NMI=0.7416  ARI=0.7237  0.1s

=== P1E_S4_C2 train[0] k=3  dim=576  frames=117  σ=0.0  fold=5 ===
  TKSS: k_hat=3  ACC=0.9402  NMI=0.8209  ARI=0.8327  0.0s

=== P1E_S4_C2 train[1] k=3  dim=576  frames=125  σ=0.0  fold=5 ===
  TKSS: k_hat=3  ACC=0.9360  NMI=0.8448  ARI=0.8227  0.0s

=== P1E_S4_C2 train[2] k=3  dim=576  frames=122  σ=0.0  fold=5 ===
  TKSS: k_hat=3  ACC=0.9262  NMI=0.7943  ARI=0.7885  0.0s

=== P1E_S4_C2 train[3] k=3  dim=576  frames=126  σ=0.0  fold=5 ===
  TKSS: k_hat=3  ACC=0.8730  NMI=0.7100  ARI=0.6764  0.0s

=== P1E_S4_C2 train[4] k=3  dim=576  frames=140  σ=0.0  fold=5 ===
  TKSS: k_hat=3  ACC=0.9000  NMI=0.7284  ARI=0.7062  0.0s

=== P1E_S4_C2 train[5] k=3  dim=576  frames=146  σ=0.0  fold=5 ===
  TKSS: k_hat=3  ACC=0.9863  NMI=0.9477  ARI=0.9594  0.0s

=== P1E_S4_C2 train[6] k=3  dim=576  frames=110  σ=0.0  fold=5 ===
  TKSS: k_hat=3  ACC=0.9545  NMI=0.8760  ARI=0.8719  0.0s

=== P1E_S4_C3 train[0] k=3  dim=576  frames=90  σ=0.0  fold=5 ===
  TKSS: k_hat=3  ACC=0.9333  NMI=0.8400  ARI=0.8141  0.0s

=== P1E_S4_C3 train[1] k=3  dim=576  frames=64  σ=0.0  fold=5 ===
  TKSS: k_hat=3  ACC=0.9688  NMI=0.8848  ARI=0.9071  0.0s

=== P1E_S4_C3 train[2] k=3  dim=576  frames=85  σ=0.0  fold=5 ===
  TKSS: k_hat=3  ACC=0.9647  NMI=0.8960  ARI=0.8988  0.0s

=== P1E_S4_C3 train[3] k=3  dim=576  frames=105  σ=0.0  fold=5 ===
  TKSS: k_hat=3  ACC=0.7905  NMI=0.6083  ARI=0.5282  0.0s

=== P1E_S4_C3 train[4] k=3  dim=576  frames=87  σ=0.0  fold=5 ===
  TKSS: k_hat=3  ACC=0.9540  NMI=0.8509  ARI=0.8634  0.0s

=== P1E_S4_C3 train[5] k=3  dim=576  frames=106  σ=0.0  fold=5 ===
  TKSS: k_hat=3  ACC=0.9434  NMI=0.8352  ARI=0.8441  0.0s

=== P1E_S4_C3 train[6] k=3  dim=576  frames=79  σ=0.0  fold=5 ===
  TKSS: k_hat=3  ACC=0.9620  NMI=0.8893  ARI=0.8870  0.0s

=== P1L_S1_C1 train[0] k=3  dim=576  frames=162  σ=0.0  fold=5 ===
  TKSS: k_hat=3  ACC=0.9012  NMI=0.7597  ARI=0.7419  0.1s

=== P1L_S1_C1 train[1] k=3  dim=576  frames=170  σ=0.0  fold=5 ===
  TKSS: k_hat=3  ACC=0.9118  NMI=0.8107  ARI=0.7663  0.0s

=== P1L_S1_C1 train[2] k=3  dim=576  frames=155  σ=0.0  fold=5 ===
  TKSS: k_hat=3  ACC=0.8258  NMI=0.6510  ARI=0.5883  0.0s

=== P1L_S1_C1 train[3] k=3  dim=576  frames=182  σ=0.0  fold=5 ===
  TKSS: k_hat=3  ACC=0.9176  NMI=0.7682  ARI=0.7686  0.1s

=== P1L_S1_C1 train[4] k=3  dim=576  frames=198  σ=0.0  fold=5 ===
  TKSS: k_hat=3  ACC=0.9444  NMI=0.8582  ARI=0.8449  0.1s

=== P1L_S1_C1 train[5] k=3  dim=576  frames=116  σ=0.0  fold=5 ===
  TKSS: k_hat=3  ACC=0.9828  NMI=0.9385  ARI=0.9519  0.0s

=== P1L_S1_C1 train[6] k=3  dim=576  frames=175  σ=0.0  fold=5 ===
  TKSS: k_hat=3  ACC=0.9029  NMI=0.7442  ARI=0.7414  0.0s

=== P1L_S1_C2 train[0] k=3  dim=576  frames=186  σ=0.0  fold=5 ===
  TKSS: k_hat=3  ACC=0.9409  NMI=0.8214  ARI=0.8336  0.1s

=== P1L_S1_C2 train[1] k=3  dim=576  frames=137  σ=0.0  fold=5 ===
  TKSS: k_hat=3  ACC=0.8832  NMI=0.7205  ARI=0.6986  0.0s

=== P1L_S1_C2 train[2] k=3  dim=576  frames=147  σ=0.0  fold=5 ===
  TKSS: k_hat=3  ACC=0.9184  NMI=0.7801  ARI=0.7771  0.0s

=== P1L_S1_C2 train[3] k=3  dim=576  frames=181  σ=0.0  fold=5 ===
  TKSS: k_hat=3  ACC=0.9392  NMI=0.8250  ARI=0.8314  0.1s

=== P1L_S1_C2 train[4] k=3  dim=576  frames=128  σ=0.0  fold=5 ===
  TKSS: k_hat=3  ACC=0.8516  NMI=0.6677  ARI=0.6316  0.0s

=== P1L_S1_C2 train[5] k=3  dim=576  frames=142  σ=0.0  fold=5 ===
  TKSS: k_hat=3  ACC=0.8451  NMI=0.6557  ARI=0.6027  0.0s

=== P1L_S1_C2 train[6] k=3  dim=576  frames=168  σ=0.0  fold=5 ===
  TKSS: k_hat=3  ACC=0.9226  NMI=0.7856  ARI=0.7902  0.0s

=== P1L_S1_C3 train[0] k=3  dim=576  frames=60  σ=0.0  fold=5 ===
  TKSS: k_hat=3  ACC=0.9667  NMI=0.8791  ARI=0.9004  0.0s

=== P1L_S1_C3 train[1] k=3  dim=576  frames=68  σ=0.0  fold=5 ===
  TKSS: k_hat=3  ACC=0.9706  NMI=0.9083  ARI=0.9139  0.0s

=== P1L_S1_C3 train[2] k=3  dim=576  frames=65  σ=0.0  fold=5 ===
  TKSS: k_hat=3  ACC=0.9077  NMI=0.7543  ARI=0.7398  0.0s

=== P1L_S1_C3 train[3] k=3  dim=576  frames=74  σ=0.0  fold=5 ===
  TKSS: k_hat=3  ACC=0.9189  NMI=0.7754  ARI=0.7761  0.0s

=== P1L_S1_C3 train[4] k=3  dim=576  frames=73  σ=0.0  fold=5 ===
  TKSS: k_hat=3  ACC=0.8630  NMI=0.6918  ARI=0.6489  0.0s

=== P1L_S1_C3 train[5] k=3  dim=576  frames=63  σ=0.0  fold=5 ===
  TKSS: k_hat=3  ACC=0.8571  NMI=0.6728  ARI=0.6378  0.0s

=== P1L_S1_C3 train[6] k=3  dim=576  frames=75  σ=0.0  fold=5 ===
  TKSS: k_hat=3  ACC=0.8933  NMI=0.7282  ARI=0.7119  0.0s

=== P1L_S2_C1 train[0] k=3  dim=576  frames=211  σ=0.0  fold=5 ===
  TKSS: k_hat=3  ACC=0.9716  NMI=0.9092  ARI=0.9147  0.0s

=== P1L_S2_C1 train[1] k=3  dim=576  frames=190  σ=0.0  fold=5 ===
  TKSS: k_hat=3  ACC=0.9316  NMI=0.8379  ARI=0.8127  0.1s

=== P1L_S2_C1 train[2] k=3  dim=576  frames=180  σ=0.0  fold=5 ===
  TKSS: k_hat=3  ACC=0.7833  NMI=0.5997  ARI=0.5196  0.0s

=== P1L_S2_C1 train[3] k=3  dim=576  frames=177  σ=0.0  fold=5 ===
  TKSS: k_hat=3  ACC=0.8927  NMI=0.6948  ARI=0.7089  0.0s

=== P1L_S2_C1 train[4] k=3  dim=576  frames=172  σ=0.0  fold=5 ===
  TKSS: k_hat=3  ACC=0.8663  NMI=0.6724  ARI=0.6544  0.1s

=== P1L_S2_C1 train[5] k=3  dim=576  frames=180  σ=0.0  fold=5 ===
  TKSS: k_hat=3  ACC=0.7667  NMI=0.5616  ARI=0.4866  0.0s

=== P1L_S2_C1 train[6] k=3  dim=576  frames=133  σ=0.0  fold=5 ===
  TKSS: k_hat=3  ACC=0.7143  NMI=0.5376  ARI=0.4450  0.0s

=== P1L_S2_C2 train[0] k=3  dim=576  frames=194  σ=0.0  fold=5 ===
  TKSS: k_hat=3  ACC=0.8247  NMI=0.6708  ARI=0.6005  0.0s

=== P1L_S2_C2 train[1] k=3  dim=576  frames=155  σ=0.0  fold=5 ===
  TKSS: k_hat=3  ACC=0.9806  NMI=0.9317  ARI=0.9415  0.0s

=== P1L_S2_C2 train[2] k=3  dim=576  frames=134  σ=0.0  fold=5 ===
  TKSS: k_hat=3  ACC=0.8358  NMI=0.6650  ARI=0.6252  0.0s

=== P1L_S2_C2 train[3] k=3  dim=576  frames=186  σ=0.0  fold=5 ===
  TKSS: k_hat=3  ACC=0.9409  NMI=0.8527  ARI=0.8374  0.0s

=== P1L_S2_C2 train[4] k=3  dim=576  frames=201  σ=0.0  fold=5 ===
  TKSS: k_hat=3  ACC=0.9353  NMI=0.8112  ARI=0.8139  0.0s

=== P1L_S2_C2 train[5] k=3  dim=576  frames=160  σ=0.0  fold=5 ===
  TKSS: k_hat=3  ACC=0.7375  NMI=0.5278  ARI=0.4508  0.0s

=== P1L_S2_C2 train[6] k=3  dim=576  frames=154  σ=0.0  fold=5 ===
  TKSS: k_hat=3  ACC=0.8766  NMI=0.7061  ARI=0.6797  0.0s

=== P1L_S2_C3 train[0] k=3  dim=576  frames=119  σ=0.0  fold=5 ===
  TKSS: k_hat=3  ACC=0.9076  NMI=0.7452  ARI=0.7296  0.0s

=== P1L_S2_C3 train[1] k=3  dim=576  frames=101  σ=0.0  fold=5 ===
  TKSS: k_hat=3  ACC=0.8812  NMI=0.7037  ARI=0.6622  0.0s

=== P1L_S2_C3 train[2] k=3  dim=576  frames=85  σ=0.0  fold=5 ===
  TKSS: k_hat=3  ACC=0.7882  NMI=0.6000  ARI=0.5142  0.0s

=== P1L_S2_C3 train[3] k=3  dim=576  frames=112  σ=0.0  fold=5 ===
  TKSS: k_hat=3  ACC=0.8750  NMI=0.6980  ARI=0.6708  0.0s

=== P1L_S2_C3 train[4] k=3  dim=576  frames=126  σ=0.0  fold=5 ===
  TKSS: k_hat=3  ACC=0.9444  NMI=0.8270  ARI=0.8364  0.0s

=== P1L_S2_C3 train[5] k=3  dim=576  frames=121  σ=0.0  fold=5 ===
  TKSS: k_hat=3  ACC=0.9091  NMI=0.7584  ARI=0.7552  0.0s

=== P1L_S2_C3 train[6] k=3  dim=576  frames=99  σ=0.0  fold=5 ===
  TKSS: k_hat=3  ACC=0.9798  NMI=0.9307  ARI=0.9431  0.0s

=== P1L_S3_C1 train[0] k=3  dim=576  frames=156  σ=0.0  fold=5 ===
  TKSS: k_hat=3  ACC=0.7436  NMI=0.5671  ARI=0.4641  0.0s

=== P1L_S3_C1 train[1] k=3  dim=576  frames=120  σ=0.0  fold=5 ===
  TKSS: k_hat=3  ACC=0.8500  NMI=0.6694  ARI=0.6342  0.0s

=== P1L_S3_C1 train[2] k=3  dim=576  frames=185  σ=0.0  fold=5 ===
  TKSS: k_hat=3  ACC=0.9784  NMI=0.9151  ARI=0.9351  0.0s

=== P1L_S3_C1 train[3] k=3  dim=576  frames=156  σ=0.0  fold=5 ===
  TKSS: k_hat=3  ACC=0.8397  NMI=0.6769  ARI=0.6133  0.0s

=== P1L_S3_C1 train[4] k=3  dim=576  frames=159  σ=0.0  fold=5 ===
  TKSS: k_hat=3  ACC=0.7799  NMI=0.5698  ARI=0.4652  0.1s

=== P1L_S3_C1 train[5] k=3  dim=576  frames=176  σ=0.0  fold=5 ===
  TKSS: k_hat=3  ACC=0.7386  NMI=0.4716  ARI=0.4169  0.1s

=== P1L_S3_C1 train[6] k=3  dim=576  frames=134  σ=0.0  fold=5 ===
  TKSS: k_hat=3  ACC=0.8433  NMI=0.6577  ARI=0.6136  0.0s

=== P1L_S3_C2 train[0] k=3  dim=576  frames=185  σ=0.0  fold=5 ===
  TKSS: k_hat=3  ACC=0.9676  NMI=0.8993  ARI=0.9011  0.1s

=== P1L_S3_C2 train[1] k=3  dim=576  frames=125  σ=0.0  fold=5 ===
  TKSS: k_hat=3  ACC=0.9200  NMI=0.7804  ARI=0.7800  0.0s

=== P1L_S3_C2 train[2] k=3  dim=576  frames=166  σ=0.0  fold=5 ===
  TKSS: k_hat=3  ACC=0.9639  NMI=0.8941  ARI=0.8971  0.0s

=== P1L_S3_C2 train[3] k=3  dim=576  frames=209  σ=0.0  fold=5 ===
  TKSS: k_hat=3  ACC=0.9139  NMI=0.8164  ARI=0.7814  0.0s

=== P1L_S3_C2 train[4] k=3  dim=576  frames=168  σ=0.0  fold=5 ===
  TKSS: k_hat=3  ACC=0.8750  NMI=0.7743  ARI=0.7071  0.0s

=== P1L_S3_C2 train[5] k=3  dim=576  frames=229  σ=0.0  fold=5 ===
  TKSS: k_hat=3  ACC=0.8952  NMI=0.6744  ARI=0.7115  0.2s

=== P1L_S3_C2 train[6] k=3  dim=576  frames=136  σ=0.0  fold=5 ===
  TKSS: k_hat=3  ACC=0.9265  NMI=0.7996  ARI=0.7992  0.0s

=== P1L_S3_C3 train[0] k=3  dim=576  frames=151  σ=0.0  fold=5 ===
  TKSS: k_hat=3  ACC=0.8079  NMI=0.5973  ARI=0.4932  0.0s

=== P1L_S3_C3 train[1] k=3  dim=576  frames=118  σ=0.0  fold=5 ===
  TKSS: k_hat=3  ACC=0.9831  NMI=0.9280  ARI=0.9494  0.0s

=== P1L_S3_C3 train[2] k=3  dim=576  frames=121  σ=0.0  fold=5 ===
  TKSS: k_hat=3  ACC=0.9174  NMI=0.7764  ARI=0.7762  0.0s

=== P1L_S3_C3 train[3] k=3  dim=576  frames=142  σ=0.0  fold=5 ===
  TKSS: k_hat=3  ACC=0.9225  NMI=0.7862  ARI=0.7876  0.0s

=== P1L_S3_C3 train[4] k=3  dim=576  frames=134  σ=0.0  fold=5 ===
  TKSS: k_hat=3  ACC=0.8955  NMI=0.7468  ARI=0.7266  0.0s

=== P1L_S3_C3 train[5] k=3  dim=576  frames=161  σ=0.0  fold=5 ===
  TKSS: k_hat=3  ACC=0.9130  NMI=0.7611  ARI=0.7610  0.0s

=== P1L_S3_C3 train[6] k=3  dim=576  frames=114  σ=0.0  fold=5 ===
  TKSS: k_hat=3  ACC=0.9123  NMI=0.7600  ARI=0.7652  0.0s

=== P1L_S4_C1 train[0] k=3  dim=576  frames=200  σ=0.0  fold=5 ===
  TKSS: k_hat=3  ACC=0.8250  NMI=0.6464  ARI=0.5992  0.2s

=== P1L_S4_C1 train[1] k=3  dim=576  frames=157  σ=0.0  fold=5 ===
  TKSS: k_hat=3  ACC=0.8217  NMI=0.6433  ARI=0.5963  0.0s

=== P1L_S4_C1 train[2] k=3  dim=576  frames=154  σ=0.0  fold=5 ===
  TKSS: k_hat=3  ACC=0.8766  NMI=0.7747  ARI=0.7039  0.0s

=== P1L_S4_C1 train[3] k=3  dim=576  frames=168  σ=0.0  fold=5 ===
  TKSS: k_hat=3  ACC=0.8869  NMI=0.7313  ARI=0.7102  0.0s

=== P1L_S4_C1 train[4] k=3  dim=576  frames=142  σ=0.0  fold=5 ===
  TKSS: k_hat=3  ACC=0.9789  NMI=0.9154  ARI=0.9369  0.0s

=== P1L_S4_C1 train[5] k=3  dim=576  frames=187  σ=0.0  fold=5 ===
  TKSS: k_hat=3  ACC=0.8128  NMI=0.5710  ARI=0.5607  0.1s

=== P1L_S4_C1 train[6] k=3  dim=576  frames=202  σ=0.0  fold=5 ===
  TKSS: k_hat=3  ACC=1.0000  NMI=1.0000  ARI=1.0000  0.1s

=== P1L_S4_C2 train[0] k=3  dim=576  frames=157  σ=0.0  fold=5 ===
  TKSS: k_hat=3  ACC=0.8471  NMI=0.6555  ARI=0.6071  0.1s

=== P1L_S4_C2 train[1] k=3  dim=576  frames=149  σ=0.0  fold=5 ===
  TKSS: k_hat=3  ACC=0.8926  NMI=0.7262  ARI=0.7072  0.1s

=== P1L_S4_C2 train[2] k=3  dim=576  frames=175  σ=0.0  fold=5 ===
  TKSS: k_hat=3  ACC=0.9257  NMI=0.7816  ARI=0.7825  0.0s

=== P1L_S4_C2 train[3] k=3  dim=576  frames=168  σ=0.0  fold=5 ===
  TKSS: k_hat=3  ACC=0.9405  NMI=0.8507  ARI=0.8342  0.0s

=== P1L_S4_C2 train[4] k=3  dim=576  frames=154  σ=0.0  fold=5 ===
  TKSS: k_hat=3  ACC=0.7143  NMI=0.5545  ARI=0.4479  0.1s

=== P1L_S4_C2 train[5] k=3  dim=576  frames=169  σ=0.0  fold=5 ===
  TKSS: k_hat=3  ACC=0.8757  NMI=0.7086  ARI=0.6804  0.1s

=== P1L_S4_C2 train[6] k=3  dim=576  frames=153  σ=0.0  fold=5 ===
  TKSS: k_hat=3  ACC=0.8170  NMI=0.6270  ARI=0.5633  0.0s

=== P1L_S4_C3 train[0] k=3  dim=576  frames=96  σ=0.0  fold=5 ===
  TKSS: k_hat=3  ACC=0.9375  NMI=0.8474  ARI=0.8275  0.0s

=== P1L_S4_C3 train[1] k=3  dim=576  frames=107  σ=0.0  fold=5 ===
  TKSS: k_hat=3  ACC=0.8505  NMI=0.6808  ARI=0.6330  0.0s

=== P1L_S4_C3 train[2] k=3  dim=576  frames=94  σ=0.0  fold=5 ===
  TKSS: k_hat=3  ACC=0.8936  NMI=0.7616  ARI=0.7278  0.0s

=== P1L_S4_C3 train[3] k=3  dim=576  frames=117  σ=0.0  fold=5 ===
  TKSS: k_hat=3  ACC=0.8803  NMI=0.7346  ARI=0.6968  0.0s

=== P1L_S4_C3 train[4] k=3  dim=576  frames=112  σ=0.0  fold=5 ===
  TKSS: k_hat=3  ACC=0.8839  NMI=0.7806  ARI=0.7113  0.0s

=== P1L_S4_C3 train[5] k=3  dim=576  frames=105  σ=0.0  fold=5 ===
  TKSS: k_hat=3  ACC=0.9333  NMI=0.8026  ARI=0.8153  0.0s

=== P1L_S4_C3 train[6] k=3  dim=576  frames=107  σ=0.0  fold=5 ===
  TKSS: k_hat=3  ACC=0.9346  NMI=0.8194  ARI=0.8187  0.0s

=== P1E_S1_C1 test[0] k=3  dim=576  frames=151  σ=0.0  fold=5 ===
  TKSS: k_hat=3  ACC=0.8609  NMI=0.7601  ARI=0.6690  0.1s

=== P1E_S1_C2 test[0] k=3  dim=576  frames=122  σ=0.0  fold=5 ===
  TKSS: k_hat=3  ACC=0.9344  NMI=0.8210  ARI=0.8190  0.0s

=== P1E_S1_C3 test[0] k=3  dim=576  frames=55  σ=0.0  fold=5 ===
  TKSS: k_hat=3  ACC=0.9091  NMI=0.7555  ARI=0.7445  0.0s

=== P1E_S2_C1 test[0] k=3  dim=576  frames=124  σ=0.0  fold=5 ===
  TKSS: k_hat=3  ACC=0.8710  NMI=0.7061  ARI=0.6815  0.0s

=== P1E_S2_C2 test[0] k=3  dim=576  frames=109  σ=0.0  fold=5 ===
  TKSS: k_hat=3  ACC=0.8440  NMI=0.7010  ARI=0.6393  0.1s

=== P1E_S2_C3 test[0] k=3  dim=576  frames=87  σ=0.0  fold=5 ===
  TKSS: k_hat=3  ACC=0.9195  NMI=0.7944  ARI=0.7893  0.0s

=== P1E_S3_C1 test[0] k=3  dim=576  frames=123  σ=0.0  fold=5 ===
  TKSS: k_hat=3  ACC=0.9512  NMI=0.8402  ARI=0.8608  0.0s

=== P1E_S3_C2 test[0] k=3  dim=576  frames=107  σ=0.0  fold=5 ===
  TKSS: k_hat=3  ACC=0.9252  NMI=0.8299  ARI=0.7997  0.0s

=== P1E_S3_C3 test[0] k=3  dim=576  frames=83  σ=0.0  fold=5 ===
  TKSS: k_hat=3  ACC=0.9398  NMI=0.8250  ARI=0.8329  0.0s

=== P1E_S4_C1 test[0] k=3  dim=576  frames=133  σ=0.0  fold=5 ===
  TKSS: k_hat=3  ACC=0.9248  NMI=0.7954  ARI=0.7969  0.0s

=== P1E_S4_C2 test[0] k=3  dim=576  frames=129  σ=0.0  fold=5 ===
  TKSS: k_hat=3  ACC=0.9302  NMI=0.8039  ARI=0.8070  0.0s

=== P1E_S4_C3 test[0] k=3  dim=576  frames=76  σ=0.0  fold=5 ===
  TKSS: k_hat=3  ACC=0.9474  NMI=0.8374  ARI=0.8501  0.0s

=== P1L_S1_C1 test[0] k=3  dim=576  frames=166  σ=0.0  fold=5 ===
  TKSS: k_hat=3  ACC=0.9518  NMI=0.8425  ARI=0.8611  0.0s

=== P1L_S1_C2 test[0] k=3  dim=576  frames=154  σ=0.0  fold=5 ===
  TKSS: k_hat=3  ACC=0.9156  NMI=0.7684  ARI=0.7737  0.0s

=== P1L_S1_C3 test[0] k=3  dim=576  frames=64  σ=0.0  fold=5 ===
  TKSS: k_hat=3  ACC=0.9531  NMI=0.8471  ARI=0.8643  0.0s

=== P1L_S2_C1 test[0] k=3  dim=576  frames=179  σ=0.0  fold=5 ===
  TKSS: k_hat=3  ACC=0.9162  NMI=0.7746  ARI=0.7726  0.0s

=== P1L_S2_C2 test[0] k=3  dim=576  frames=171  σ=0.0  fold=5 ===
  TKSS: k_hat=3  ACC=0.8889  NMI=0.7366  ARI=0.7073  0.1s

=== P1L_S2_C3 test[0] k=3  dim=576  frames=102  σ=0.0  fold=5 ===
  TKSS: k_hat=3  ACC=0.9706  NMI=0.9082  ARI=0.9141  0.0s

=== P1L_S3_C1 test[0] k=3  dim=576  frames=172  σ=0.0  fold=5 ===
  TKSS: k_hat=3  ACC=0.9360  NMI=0.8174  ARI=0.8187  0.1s

=== P1L_S3_C2 test[0] k=3  dim=576  frames=187  σ=0.0  fold=5 ===
  TKSS: k_hat=3  ACC=0.8717  NMI=0.6985  ARI=0.6733  0.1s

=== P1L_S3_C3 test[0] k=3  dim=576  frames=110  σ=0.0  fold=5 ===
  TKSS: k_hat=3  ACC=0.9909  NMI=0.9618  ARI=0.9723  0.0s

=== P1L_S4_C1 test[0] k=3  dim=576  frames=164  σ=0.0  fold=5 ===
  TKSS: k_hat=3  ACC=0.9512  NMI=0.8459  ARI=0.8609  0.0s

=== P1L_S4_C2 test[0] k=3  dim=576  frames=152  σ=0.0  fold=5 ===
  TKSS: k_hat=3  ACC=1.0000  NMI=1.0000  ARI=1.0000  0.0s

=== P1L_S4_C3 test[0] k=3  dim=576  frames=103  σ=0.0  fold=5 ===
  TKSS: k_hat=3  ACC=0.9223  NMI=0.7804  ARI=0.7816  0.0s
  tune_pool_groups=20: sampling from 22 held-in people (overlap allowed) instead of the 7 fixed partition group(s)

============================================================
σ=0.0 fold=6  test=['0007', '0010', '0020']  train mats=168  test mats=24  tune mats=480
  --- tune TKSS over 480 train mats  n_trials=30 (3 params) ---
  TKSS trial 0: mean ARI=0.7407  n=480  19.5s  d=5, lam=1, s=2
  TKSS trial 1: mean ARI=0.7226  n=480  20.2s  d=9, lam=1.398, s=4
  TKSS trial 2: mean ARI=0.7310  n=480  17.3s  d=9, lam=0.1866, s=4
  TKSS trial 3: mean ARI=0.6934  n=480  26.3s  d=7, lam=4.735, s=6
  TKSS trial 4: mean ARI=0.7147  n=480  23.8s  d=6, lam=2.372, s=4
  TKSS trial 5: mean ARI=0.7500  n=480  12.1s  d=9, lam=5.981, s=1
  TKSS trial 6: mean ARI=0.7089  n=480  27.8s  d=2, lam=0.0115, s=5
  TKSS trial 7: mean ARI=0.7206  n=480  22.1s  d=12, lam=4.074, s=6
  TKSS trial 8: mean ARI=0.7249  n=480  20.1s  d=12, lam=0.2423, s=5
  TKSS trial 9: mean ARI=0.7053  n=480  29.2s  d=2, lam=0.8313, s=1
  TKSS trial 10: mean ARI=0.7491  n=480  7.5s  d=15, lam=0.01456, s=2
  TKSS trial 11: mean ARI=0.7493  n=480  7.5s  d=15, lam=0.01211, s=2
  TKSS trial 12: mean ARI=0.7494  n=480  7.8s  d=14, lam=0.05267, s=1
  TKSS trial 13: mean ARI=0.7504  n=480  8.3s  d=12, lam=0.05594, s=1
  TKSS trial 14: mean ARI=0.7506  n=480  10.5s  d=11, lam=8.609, s=1
  TKSS trial 15: mean ARI=0.7473  n=480  11.0s  d=11, lam=0.1986, s=2
  TKSS trial 16: mean ARI=0.7466  n=480  10.1s  d=11, lam=0.04751, s=3
  TKSS trial 17: mean ARI=0.7497  n=480  7.9s  d=13, lam=0.06262, s=1
  TKSS trial 18: mean ARI=0.7359  n=480  17.0s  d=10, lam=0.5008, s=3
  TKSS trial 19: mean ARI=0.7513  n=480  12.3s  d=7, lam=0.02635, s=1
  TKSS trial 20: mean ARI=0.7179  n=480  24.6s  d=4, lam=8.896, s=3
  TKSS trial 21: mean ARI=0.7514  n=480  12.5s  d=7, lam=0.03084, s=1
  TKSS trial 22: mean ARI=0.7512  n=480  12.7s  d=7, lam=0.02328, s=1
  TKSS trial 23: mean ARI=0.7505  n=480  12.7s  d=7, lam=0.02353, s=2
  TKSS trial 24: mean ARI=0.7503  n=480  11.5s  d=8, lam=0.0258, s=1
  TKSS trial 25: mean ARI=0.7470  n=480  19.8s  d=4, lam=0.1019, s=2
  TKSS trial 26: mean ARI=0.7537  n=480  14.2s  d=6, lam=0.02465, s=1
  TKSS trial 27: mean ARI=0.7495  n=480  16.4s  d=5, lam=0.09378, s=2
  TKSS trial 28: mean ARI=0.7418  n=480  22.2s  d=3, lam=0.03131, s=1
  TKSS trial 29: mean ARI=0.7485  n=480  17.0s  d=5, lam=0.1188, s=2
    best mean ARI=0.7537  tune 482.1s  d=6, lam=0.02465, s=1
  wrote /nfs/turbo/umms-minjilab/lpullela/icassp_ssc_tv2/block_ssc_benchmark/cv/params/surveillance/split_k3_clean_min30_trials20_knownk_scaled_params_cv_tkss_k3_sigma0_sigma0_fold6.json

=== P1E_S1_C1 train[0] k=3  dim=576  frames=146  σ=0.0  fold=6 ===
  TKSS: k_hat=3  ACC=0.8493  NMI=0.6985  ARI=0.6388  0.0s

=== P1E_S1_C1 train[1] k=3  dim=576  frames=153  σ=0.0  fold=6 ===
  TKSS: k_hat=3  ACC=0.9739  NMI=0.8995  ARI=0.9233  0.0s

=== P1E_S1_C1 train[2] k=3  dim=576  frames=130  σ=0.0  fold=6 ===
  TKSS: k_hat=3  ACC=0.9385  NMI=0.8111  ARI=0.8197  0.0s

=== P1E_S1_C1 train[3] k=3  dim=576  frames=140  σ=0.0  fold=6 ===
  TKSS: k_hat=3  ACC=0.8714  NMI=0.7299  ARI=0.6799  0.0s

=== P1E_S1_C1 train[4] k=3  dim=576  frames=157  σ=0.0  fold=6 ===
  TKSS: k_hat=3  ACC=0.8599  NMI=0.6774  ARI=0.6380  0.1s

=== P1E_S1_C1 train[5] k=3  dim=576  frames=151  σ=0.0  fold=6 ===
  TKSS: k_hat=3  ACC=0.9139  NMI=0.8143  ARI=0.7736  0.0s

=== P1E_S1_C1 train[6] k=3  dim=576  frames=171  σ=0.0  fold=6 ===
  TKSS: k_hat=3  ACC=0.9415  NMI=0.8176  ARI=0.8330  0.0s

=== P1E_S1_C2 train[0] k=3  dim=576  frames=147  σ=0.0  fold=6 ===
  TKSS: k_hat=3  ACC=0.8912  NMI=0.7664  ARI=0.7235  0.0s

=== P1E_S1_C2 train[1] k=3  dim=576  frames=115  σ=0.0  fold=6 ===
  TKSS: k_hat=3  ACC=0.9043  NMI=0.7496  ARI=0.7426  0.0s

=== P1E_S1_C2 train[2] k=3  dim=576  frames=104  σ=0.0  fold=6 ===
  TKSS: k_hat=3  ACC=0.9423  NMI=0.8204  ARI=0.8294  0.0s

=== P1E_S1_C2 train[3] k=3  dim=576  frames=138  σ=0.0  fold=6 ===
  TKSS: k_hat=3  ACC=0.8696  NMI=0.7133  ARI=0.6832  0.1s

=== P1E_S1_C2 train[4] k=3  dim=576  frames=113  σ=0.0  fold=6 ===
  TKSS: k_hat=3  ACC=0.9027  NMI=0.7444  ARI=0.7370  0.0s

=== P1E_S1_C2 train[5] k=3  dim=576  frames=122  σ=0.0  fold=6 ===
  TKSS: k_hat=3  ACC=0.9344  NMI=0.8210  ARI=0.8190  0.0s

=== P1E_S1_C2 train[6] k=3  dim=576  frames=134  σ=0.0  fold=6 ===
  TKSS: k_hat=3  ACC=0.9627  NMI=0.8749  ARI=0.8920  0.0s

=== P1E_S1_C3 train[0] k=3  dim=576  frames=58  σ=0.0  fold=6 ===
  TKSS: k_hat=3  ACC=0.8793  NMI=0.7059  ARI=0.6565  0.0s

=== P1E_S1_C3 train[1] k=3  dim=576  frames=56  σ=0.0  fold=6 ===
  TKSS: k_hat=3  ACC=0.8214  NMI=0.6766  ARI=0.5739  0.0s

=== P1E_S1_C3 train[2] k=3  dim=576  frames=47  σ=0.0  fold=6 ===
  TKSS: k_hat=3  ACC=0.8936  NMI=0.7440  ARI=0.7094  0.0s

=== P1E_S1_C3 train[3] k=3  dim=576  frames=61  σ=0.0  fold=6 ===
  TKSS: k_hat=3  ACC=0.7869  NMI=0.6169  ARI=0.5103  0.0s

=== P1E_S1_C3 train[4] k=3  dim=576  frames=37  σ=0.0  fold=6 ===
  TKSS: k_hat=3  ACC=0.7838  NMI=0.5996  ARI=0.4944  0.0s

=== P1E_S1_C3 train[5] k=3  dim=576  frames=55  σ=0.0  fold=6 ===
  TKSS: k_hat=3  ACC=0.8909  NMI=0.7251  ARI=0.7045  0.0s

=== P1E_S1_C3 train[6] k=3  dim=576  frames=69  σ=0.0  fold=6 ===
  TKSS: k_hat=3  ACC=0.9855  NMI=0.9451  ARI=0.9553  0.0s

=== P1E_S2_C1 train[0] k=3  dim=576  frames=167  σ=0.0  fold=6 ===
  TKSS: k_hat=3  ACC=0.9701  NMI=0.8883  ARI=0.9101  0.0s

=== P1E_S2_C1 train[1] k=3  dim=576  frames=151  σ=0.0  fold=6 ===
  TKSS: k_hat=3  ACC=0.9470  NMI=0.8626  ARI=0.8518  0.0s

=== P1E_S2_C1 train[2] k=3  dim=576  frames=136  σ=0.0  fold=6 ===
  TKSS: k_hat=3  ACC=0.9265  NMI=0.7935  ARI=0.8000  0.0s

=== P1E_S2_C1 train[3] k=3  dim=576  frames=180  σ=0.0  fold=6 ===
  TKSS: k_hat=3  ACC=0.9278  NMI=0.7996  ARI=0.8028  0.0s

=== P1E_S2_C1 train[4] k=3  dim=576  frames=149  σ=0.0  fold=6 ===
  TKSS: k_hat=3  ACC=0.8926  NMI=0.7912  ARI=0.7352  0.0s

=== P1E_S2_C1 train[5] k=3  dim=576  frames=124  σ=0.0  fold=6 ===
  TKSS: k_hat=3  ACC=0.8710  NMI=0.7061  ARI=0.6815  0.0s

=== P1E_S2_C1 train[6] k=3  dim=576  frames=153  σ=0.0  fold=6 ===
  TKSS: k_hat=3  ACC=0.9673  NMI=0.8865  ARI=0.9048  0.0s

=== P1E_S2_C2 train[0] k=3  dim=576  frames=146  σ=0.0  fold=6 ===
  TKSS: k_hat=3  ACC=0.9041  NMI=0.7442  ARI=0.7356  0.1s

=== P1E_S2_C2 train[1] k=3  dim=576  frames=115  σ=0.0  fold=6 ===
  TKSS: k_hat=3  ACC=0.9391  NMI=0.8498  ARI=0.8310  0.0s

=== P1E_S2_C2 train[2] k=3  dim=576  frames=109  σ=0.0  fold=6 ===
  TKSS: k_hat=3  ACC=0.9266  NMI=0.7898  ARI=0.7962  0.0s

=== P1E_S2_C2 train[3] k=3  dim=576  frames=144  σ=0.0  fold=6 ===
  TKSS: k_hat=3  ACC=0.9444  NMI=0.8399  ARI=0.8440  0.0s

=== P1E_S2_C2 train[4] k=3  dim=576  frames=124  σ=0.0  fold=6 ===
  TKSS: k_hat=3  ACC=0.9274  NMI=0.7962  ARI=0.7926  0.0s

=== P1E_S2_C2 train[5] k=3  dim=576  frames=109  σ=0.0  fold=6 ===
  TKSS: k_hat=3  ACC=0.8349  NMI=0.6642  ARI=0.5985  0.1s

=== P1E_S2_C2 train[6] k=3  dim=576  frames=126  σ=0.0  fold=6 ===
  TKSS: k_hat=3  ACC=0.9524  NMI=0.8721  ARI=0.8657  0.0s

=== P1E_S2_C3 train[0] k=3  dim=576  frames=113  σ=0.0  fold=6 ===
  TKSS: k_hat=3  ACC=0.8938  NMI=0.7415  ARI=0.7243  0.0s

=== P1E_S2_C3 train[1] k=3  dim=576  frames=88  σ=0.0  fold=6 ===
  TKSS: k_hat=3  ACC=0.9205  NMI=0.7919  ARI=0.7751  0.0s

=== P1E_S2_C3 train[2] k=3  dim=576  frames=90  σ=0.0  fold=6 ===
  TKSS: k_hat=3  ACC=0.9222  NMI=0.7851  ARI=0.7833  0.0s

=== P1E_S2_C3 train[3] k=3  dim=576  frames=112  σ=0.0  fold=6 ===
  TKSS: k_hat=3  ACC=0.9732  NMI=0.9142  ARI=0.9225  0.0s

=== P1E_S2_C3 train[4] k=3  dim=576  frames=99  σ=0.0  fold=6 ===
  TKSS: k_hat=3  ACC=0.9697  NMI=0.8891  ARI=0.9111  0.0s

=== P1E_S2_C3 train[5] k=3  dim=576  frames=87  σ=0.0  fold=6 ===
  TKSS: k_hat=3  ACC=0.9195  NMI=0.7944  ARI=0.7893  0.0s

=== P1E_S2_C3 train[6] k=3  dim=576  frames=89  σ=0.0  fold=6 ===
  TKSS: k_hat=3  ACC=0.9326  NMI=0.8027  ARI=0.8130  0.0s

=== P1E_S3_C1 train[0] k=3  dim=576  frames=166  σ=0.0  fold=6 ===
  TKSS: k_hat=3  ACC=0.8855  NMI=0.7313  ARI=0.7023  0.0s

=== P1E_S3_C1 train[1] k=3  dim=576  frames=139  σ=0.0  fold=6 ===
  TKSS: k_hat=3  ACC=0.9281  NMI=0.8340  ARI=0.8075  0.0s

=== P1E_S3_C1 train[2] k=3  dim=576  frames=134  σ=0.0  fold=6 ===
  TKSS: k_hat=3  ACC=0.9104  NMI=0.7632  ARI=0.7475  0.0s

=== P1E_S3_C1 train[3] k=3  dim=576  frames=161  σ=0.0  fold=6 ===
  TKSS: k_hat=3  ACC=0.9627  NMI=0.8578  ARI=0.8907  0.0s

=== P1E_S3_C1 train[4] k=3  dim=576  frames=168  σ=0.0  fold=6 ===
  TKSS: k_hat=3  ACC=0.9107  NMI=0.7464  ARI=0.7346  0.0s

=== P1E_S3_C1 train[5] k=3  dim=576  frames=123  σ=0.0  fold=6 ===
  TKSS: k_hat=3  ACC=0.9512  NMI=0.8402  ARI=0.8608  0.0s

=== P1E_S3_C1 train[6] k=3  dim=576  frames=112  σ=0.0  fold=6 ===
  TKSS: k_hat=3  ACC=0.9643  NMI=0.8727  ARI=0.8957  0.0s

=== P1E_S3_C2 train[0] k=3  dim=576  frames=147  σ=0.0  fold=6 ===
  TKSS: k_hat=3  ACC=0.8912  NMI=0.7884  ARI=0.7280  0.0s

=== P1E_S3_C2 train[1] k=3  dim=576  frames=120  σ=0.0  fold=6 ===
  TKSS: k_hat=3  ACC=0.8917  NMI=0.7180  ARI=0.6886  0.0s

=== P1E_S3_C2 train[2] k=3  dim=576  frames=112  σ=0.0  fold=6 ===
  TKSS: k_hat=3  ACC=0.9286  NMI=0.7878  ARI=0.7881  0.0s

=== P1E_S3_C2 train[3] k=3  dim=576  frames=168  σ=0.0  fold=6 ===
  TKSS: k_hat=3  ACC=0.8988  NMI=0.7767  ARI=0.7401  0.0s

=== P1E_S3_C2 train[4] k=3  dim=576  frames=169  σ=0.0  fold=6 ===
  TKSS: k_hat=3  ACC=0.9112  NMI=0.8118  ARI=0.7705  0.0s

=== P1E_S3_C2 train[5] k=3  dim=576  frames=107  σ=0.0  fold=6 ===
  TKSS: k_hat=3  ACC=0.9252  NMI=0.8299  ARI=0.7997  0.0s

=== P1E_S3_C2 train[6] k=3  dim=576  frames=114  σ=0.0  fold=6 ===
  TKSS: k_hat=3  ACC=0.7456  NMI=0.5965  ARI=0.4776  0.0s

=== P1E_S3_C3 train[0] k=3  dim=576  frames=105  σ=0.0  fold=6 ===
  TKSS: k_hat=3  ACC=0.9143  NMI=0.7756  ARI=0.7670  0.0s

=== P1E_S3_C3 train[1] k=3  dim=576  frames=89  σ=0.0  fold=6 ===
  TKSS: k_hat=3  ACC=0.8876  NMI=0.7084  ARI=0.6740  0.0s

=== P1E_S3_C3 train[2] k=3  dim=576  frames=84  σ=0.0  fold=6 ===
  TKSS: k_hat=3  ACC=0.8929  NMI=0.7576  ARI=0.7220  0.0s

=== P1E_S3_C3 train[3] k=3  dim=576  frames=125  σ=0.0  fold=6 ===
  TKSS: k_hat=3  ACC=0.9600  NMI=0.8861  ARI=0.8868  0.0s

=== P1E_S3_C3 train[4] k=3  dim=576  frames=128  σ=0.0  fold=6 ===
  TKSS: k_hat=3  ACC=0.8828  NMI=0.7542  ARI=0.7039  0.0s

=== P1E_S3_C3 train[5] k=3  dim=576  frames=83  σ=0.0  fold=6 ===
  TKSS: k_hat=3  ACC=0.9398  NMI=0.8250  ARI=0.8329  0.0s

=== P1E_S3_C3 train[6] k=3  dim=576  frames=84  σ=0.0  fold=6 ===
  TKSS: k_hat=3  ACC=0.8810  NMI=0.7262  ARI=0.6948  0.0s

=== P1E_S4_C1 train[0] k=3  dim=576  frames=158  σ=0.0  fold=6 ===
  TKSS: k_hat=3  ACC=0.8608  NMI=0.7175  ARI=0.6508  0.0s

=== P1E_S4_C1 train[1] k=3  dim=576  frames=107  σ=0.0  fold=6 ===
  TKSS: k_hat=3  ACC=0.9626  NMI=0.8724  ARI=0.8899  0.0s

=== P1E_S4_C1 train[2] k=3  dim=576  frames=155  σ=0.0  fold=6 ===
  TKSS: k_hat=3  ACC=0.9419  NMI=0.8262  ARI=0.8330  0.0s

=== P1E_S4_C1 train[3] k=3  dim=576  frames=182  σ=0.0  fold=6 ===
  TKSS: k_hat=3  ACC=0.9725  NMI=0.8953  ARI=0.9174  0.0s

=== P1E_S4_C1 train[4] k=3  dim=576  frames=180  σ=0.0  fold=6 ===
  TKSS: k_hat=3  ACC=0.9333  NMI=0.8400  ARI=0.8161  0.0s

=== P1E_S4_C1 train[5] k=3  dim=576  frames=133  σ=0.0  fold=6 ===
  TKSS: k_hat=3  ACC=0.9173  NMI=0.7757  ARI=0.7765  0.0s

=== P1E_S4_C1 train[6] k=3  dim=576  frames=145  σ=0.0  fold=6 ===
  TKSS: k_hat=3  ACC=0.9310  NMI=0.7970  ARI=0.8084  0.0s

=== P1E_S4_C2 train[0] k=3  dim=576  frames=117  σ=0.0  fold=6 ===
  TKSS: k_hat=3  ACC=0.9402  NMI=0.8209  ARI=0.8327  0.0s

=== P1E_S4_C2 train[1] k=3  dim=576  frames=125  σ=0.0  fold=6 ===
  TKSS: k_hat=3  ACC=0.9440  NMI=0.8574  ARI=0.8428  0.0s

=== P1E_S4_C2 train[2] k=3  dim=576  frames=122  σ=0.0  fold=6 ===
  TKSS: k_hat=3  ACC=0.9508  NMI=0.8398  ARI=0.8535  0.0s

=== P1E_S4_C2 train[3] k=3  dim=576  frames=126  σ=0.0  fold=6 ===
  TKSS: k_hat=3  ACC=0.8730  NMI=0.7100  ARI=0.6764  0.0s

=== P1E_S4_C2 train[4] k=3  dim=576  frames=140  σ=0.0  fold=6 ===
  TKSS: k_hat=3  ACC=0.8714  NMI=0.6816  ARI=0.6347  0.0s

=== P1E_S4_C2 train[5] k=3  dim=576  frames=129  σ=0.0  fold=6 ===
  TKSS: k_hat=3  ACC=0.9302  NMI=0.8039  ARI=0.8070  0.0s

=== P1E_S4_C2 train[6] k=3  dim=576  frames=110  σ=0.0  fold=6 ===
  TKSS: k_hat=3  ACC=0.9545  NMI=0.8760  ARI=0.8719  0.0s

=== P1E_S4_C3 train[0] k=3  dim=576  frames=90  σ=0.0  fold=6 ===
  TKSS: k_hat=3  ACC=0.9333  NMI=0.8400  ARI=0.8141  0.0s

=== P1E_S4_C3 train[1] k=3  dim=576  frames=64  σ=0.0  fold=6 ===
  TKSS: k_hat=3  ACC=0.9688  NMI=0.8848  ARI=0.9071  0.0s

=== P1E_S4_C3 train[2] k=3  dim=576  frames=85  σ=0.0  fold=6 ===
  TKSS: k_hat=3  ACC=0.9647  NMI=0.8960  ARI=0.8988  0.0s

=== P1E_S4_C3 train[3] k=3  dim=576  frames=105  σ=0.0  fold=6 ===
  TKSS: k_hat=3  ACC=0.8095  NMI=0.6273  ARI=0.5646  0.0s

=== P1E_S4_C3 train[4] k=3  dim=576  frames=87  σ=0.0  fold=6 ===
  TKSS: k_hat=3  ACC=0.9540  NMI=0.8509  ARI=0.8634  0.0s

=== P1E_S4_C3 train[5] k=3  dim=576  frames=76  σ=0.0  fold=6 ===
  TKSS: k_hat=3  ACC=0.9474  NMI=0.8374  ARI=0.8501  0.0s

=== P1E_S4_C3 train[6] k=3  dim=576  frames=79  σ=0.0  fold=6 ===
  TKSS: k_hat=3  ACC=0.9367  NMI=0.8094  ARI=0.8204  0.0s

=== P1L_S1_C1 train[0] k=3  dim=576  frames=162  σ=0.0  fold=6 ===
  TKSS: k_hat=3  ACC=0.9012  NMI=0.7597  ARI=0.7419  0.1s

=== P1L_S1_C1 train[1] k=3  dim=576  frames=170  σ=0.0  fold=6 ===
  TKSS: k_hat=3  ACC=0.8882  NMI=0.7319  ARI=0.6992  0.1s

=== P1L_S1_C1 train[2] k=3  dim=576  frames=155  σ=0.0  fold=6 ===
  TKSS: k_hat=3  ACC=0.8258  NMI=0.6510  ARI=0.5883  0.0s

=== P1L_S1_C1 train[3] k=3  dim=576  frames=182  σ=0.0  fold=6 ===
  TKSS: k_hat=3  ACC=0.9231  NMI=0.7795  ARI=0.7836  0.1s

=== P1L_S1_C1 train[4] k=3  dim=576  frames=198  σ=0.0  fold=6 ===
  TKSS: k_hat=3  ACC=0.9596  NMI=0.8851  ARI=0.8844  0.0s

=== P1L_S1_C1 train[5] k=3  dim=576  frames=166  σ=0.0  fold=6 ===
  TKSS: k_hat=3  ACC=0.9518  NMI=0.8425  ARI=0.8611  0.0s

=== P1L_S1_C1 train[6] k=3  dim=576  frames=175  σ=0.0  fold=6 ===
  TKSS: k_hat=3  ACC=0.8971  NMI=0.7334  ARI=0.7264  0.0s

=== P1L_S1_C2 train[0] k=3  dim=576  frames=186  σ=0.0  fold=6 ===
  TKSS: k_hat=3  ACC=0.9409  NMI=0.8214  ARI=0.8336  0.1s

=== P1L_S1_C2 train[1] k=3  dim=576  frames=137  σ=0.0  fold=6 ===
  TKSS: k_hat=3  ACC=0.9124  NMI=0.7651  ARI=0.7637  0.0s

=== P1L_S1_C2 train[2] k=3  dim=576  frames=147  σ=0.0  fold=6 ===
  TKSS: k_hat=3  ACC=0.9116  NMI=0.7702  ARI=0.7617  0.0s

=== P1L_S1_C2 train[3] k=3  dim=576  frames=181  σ=0.0  fold=6 ===
  TKSS: k_hat=3  ACC=0.9337  NMI=0.8090  ARI=0.8155  0.0s

=== P1L_S1_C2 train[4] k=3  dim=576  frames=128  σ=0.0  fold=6 ===
  TKSS: k_hat=3  ACC=0.8203  NMI=0.6290  ARI=0.5651  0.0s

=== P1L_S1_C2 train[5] k=3  dim=576  frames=154  σ=0.0  fold=6 ===
  TKSS: k_hat=3  ACC=0.9156  NMI=0.7684  ARI=0.7737  0.0s

=== P1L_S1_C2 train[6] k=3  dim=576  frames=168  σ=0.0  fold=6 ===
  TKSS: k_hat=3  ACC=0.9345  NMI=0.8157  ARI=0.8185  0.0s

=== P1L_S1_C3 train[0] k=3  dim=576  frames=60  σ=0.0  fold=6 ===
  TKSS: k_hat=3  ACC=0.9667  NMI=0.8791  ARI=0.9004  0.0s

=== P1L_S1_C3 train[1] k=3  dim=576  frames=68  σ=0.0  fold=6 ===
  TKSS: k_hat=3  ACC=0.9706  NMI=0.9083  ARI=0.9139  0.0s

=== P1L_S1_C3 train[2] k=3  dim=576  frames=65  σ=0.0  fold=6 ===
  TKSS: k_hat=3  ACC=0.9077  NMI=0.7543  ARI=0.7398  0.0s

=== P1L_S1_C3 train[3] k=3  dim=576  frames=74  σ=0.0  fold=6 ===
  TKSS: k_hat=3  ACC=0.9189  NMI=0.7754  ARI=0.7761  0.0s

=== P1L_S1_C3 train[4] k=3  dim=576  frames=73  σ=0.0  fold=6 ===
  TKSS: k_hat=3  ACC=0.8630  NMI=0.6918  ARI=0.6489  0.0s

=== P1L_S1_C3 train[5] k=3  dim=576  frames=64  σ=0.0  fold=6 ===
  TKSS: k_hat=3  ACC=0.9531  NMI=0.8471  ARI=0.8643  0.0s

=== P1L_S1_C3 train[6] k=3  dim=576  frames=75  σ=0.0  fold=6 ===
  TKSS: k_hat=3  ACC=0.8933  NMI=0.7282  ARI=0.7119  0.0s

=== P1L_S2_C1 train[0] k=3  dim=576  frames=211  σ=0.0  fold=6 ===
  TKSS: k_hat=3  ACC=0.9384  NMI=0.8091  ARI=0.8193  0.1s

=== P1L_S2_C1 train[1] k=3  dim=576  frames=190  σ=0.0  fold=6 ===
  TKSS: k_hat=3  ACC=0.9316  NMI=0.8379  ARI=0.8127  0.1s

=== P1L_S2_C1 train[2] k=3  dim=576  frames=180  σ=0.0  fold=6 ===
  TKSS: k_hat=3  ACC=0.7778  NMI=0.5968  ARI=0.5140  0.0s

=== P1L_S2_C1 train[3] k=3  dim=576  frames=177  σ=0.0  fold=6 ===
  TKSS: k_hat=3  ACC=0.9040  NMI=0.7486  ARI=0.7405  0.0s

=== P1L_S2_C1 train[4] k=3  dim=576  frames=172  σ=0.0  fold=6 ===
  TKSS: k_hat=3  ACC=0.8837  NMI=0.7305  ARI=0.7055  0.0s

=== P1L_S2_C1 train[5] k=3  dim=576  frames=179  σ=0.0  fold=6 ===
  TKSS: k_hat=3  ACC=0.9162  NMI=0.7746  ARI=0.7726  0.0s

=== P1L_S2_C1 train[6] k=3  dim=576  frames=133  σ=0.0  fold=6 ===
  TKSS: k_hat=3  ACC=0.7143  NMI=0.5679  ARI=0.4581  0.0s

=== P1L_S2_C2 train[0] k=3  dim=576  frames=194  σ=0.0  fold=6 ===
  TKSS: k_hat=3  ACC=0.8351  NMI=0.6782  ARI=0.6156  0.1s

=== P1L_S2_C2 train[1] k=3  dim=576  frames=155  σ=0.0  fold=6 ===
  TKSS: k_hat=3  ACC=0.9548  NMI=0.8481  ARI=0.8664  0.0s

=== P1L_S2_C2 train[2] k=3  dim=576  frames=134  σ=0.0  fold=6 ===
  TKSS: k_hat=3  ACC=0.8582  NMI=0.6986  ARI=0.6581  0.0s

=== P1L_S2_C2 train[3] k=3  dim=576  frames=186  σ=0.0  fold=6 ===
  TKSS: k_hat=3  ACC=0.9409  NMI=0.8527  ARI=0.8374  0.0s

=== P1L_S2_C2 train[4] k=3  dim=576  frames=201  σ=0.0  fold=6 ===
  TKSS: k_hat=3  ACC=0.9353  NMI=0.8112  ARI=0.8139  0.0s

=== P1L_S2_C2 train[5] k=3  dim=576  frames=171  σ=0.0  fold=6 ===
  TKSS: k_hat=3  ACC=0.8947  NMI=0.7440  ARI=0.7203  0.1s

=== P1L_S2_C2 train[6] k=3  dim=576  frames=154  σ=0.0  fold=6 ===
  TKSS: k_hat=3  ACC=0.8831  NMI=0.7195  ARI=0.6968  0.0s

=== P1L_S2_C3 train[0] k=3  dim=576  frames=119  σ=0.0  fold=6 ===
  TKSS: k_hat=3  ACC=0.8992  NMI=0.7324  ARI=0.7089  0.0s

=== P1L_S2_C3 train[1] k=3  dim=576  frames=101  σ=0.0  fold=6 ===
  TKSS: k_hat=3  ACC=0.8812  NMI=0.7037  ARI=0.6622  0.0s

=== P1L_S2_C3 train[2] k=3  dim=576  frames=85  σ=0.0  fold=6 ===
  TKSS: k_hat=3  ACC=0.8471  NMI=0.6555  ARI=0.5974  0.0s

=== P1L_S2_C3 train[3] k=3  dim=576  frames=112  σ=0.0  fold=6 ===
  TKSS: k_hat=3  ACC=0.8750  NMI=0.6980  ARI=0.6708  0.0s

=== P1L_S2_C3 train[4] k=3  dim=576  frames=126  σ=0.0  fold=6 ===
  TKSS: k_hat=3  ACC=0.9444  NMI=0.8270  ARI=0.8364  0.0s

=== P1L_S2_C3 train[5] k=3  dim=576  frames=102  σ=0.0  fold=6 ===
  TKSS: k_hat=3  ACC=0.9706  NMI=0.9082  ARI=0.9141  0.0s

=== P1L_S2_C3 train[6] k=3  dim=576  frames=99  σ=0.0  fold=6 ===
  TKSS: k_hat=3  ACC=0.9495  NMI=0.8368  ARI=0.8547  0.0s

=== P1L_S3_C1 train[0] k=3  dim=576  frames=156  σ=0.0  fold=6 ===
  TKSS: k_hat=3  ACC=0.7244  NMI=0.5597  ARI=0.4530  0.1s

=== P1L_S3_C1 train[1] k=3  dim=576  frames=120  σ=0.0  fold=6 ===
  TKSS: k_hat=3  ACC=0.8500  NMI=0.6694  ARI=0.6342  0.0s

=== P1L_S3_C1 train[2] k=3  dim=576  frames=185  σ=0.0  fold=6 ===
  TKSS: k_hat=3  ACC=0.9676  NMI=0.8716  ARI=0.9032  0.0s

=== P1L_S3_C1 train[3] k=3  dim=576  frames=156  σ=0.0  fold=6 ===
  TKSS: k_hat=3  ACC=0.8462  NMI=0.6981  ARI=0.6311  0.0s

=== P1L_S3_C1 train[4] k=3  dim=576  frames=159  σ=0.0  fold=6 ===
  TKSS: k_hat=3  ACC=0.7799  NMI=0.5844  ARI=0.4899  0.1s

=== P1L_S3_C1 train[5] k=3  dim=576  frames=172  σ=0.0  fold=6 ===
  TKSS: k_hat=3  ACC=0.9419  NMI=0.8276  ARI=0.8340  0.1s

=== P1L_S3_C1 train[6] k=3  dim=576  frames=134  σ=0.0  fold=6 ===
  TKSS: k_hat=3  ACC=0.8433  NMI=0.6577  ARI=0.6136  0.0s

=== P1L_S3_C2 train[0] k=3  dim=576  frames=185  σ=0.0  fold=6 ===
  TKSS: k_hat=3  ACC=0.9730  NMI=0.9116  ARI=0.9170  0.1s

=== P1L_S3_C2 train[1] k=3  dim=576  frames=125  σ=0.0  fold=6 ===
  TKSS: k_hat=3  ACC=0.9200  NMI=0.7804  ARI=0.7800  0.0s

=== P1L_S3_C2 train[2] k=3  dim=576  frames=166  σ=0.0  fold=6 ===
  TKSS: k_hat=3  ACC=0.9639  NMI=0.8941  ARI=0.8971  0.0s

=== P1L_S3_C2 train[3] k=3  dim=576  frames=209  σ=0.0  fold=6 ===
  TKSS: k_hat=3  ACC=0.8995  NMI=0.7617  ARI=0.7391  0.0s

=== P1L_S3_C2 train[4] k=3  dim=576  frames=168  σ=0.0  fold=6 ===
  TKSS: k_hat=3  ACC=0.8690  NMI=0.7691  ARI=0.6965  0.0s

=== P1L_S3_C2 train[5] k=3  dim=576  frames=187  σ=0.0  fold=6 ===
  TKSS: k_hat=3  ACC=0.8717  NMI=0.6985  ARI=0.6733  0.1s

=== P1L_S3_C2 train[6] k=3  dim=576  frames=136  σ=0.0  fold=6 ===
  TKSS: k_hat=3  ACC=0.9265  NMI=0.7996  ARI=0.7992  0.0s

=== P1L_S3_C3 train[0] k=3  dim=576  frames=151  σ=0.0  fold=6 ===
  TKSS: k_hat=3  ACC=0.8079  NMI=0.5973  ARI=0.4932  0.0s

=== P1L_S3_C3 train[1] k=3  dim=576  frames=118  σ=0.0  fold=6 ===
  TKSS: k_hat=3  ACC=0.9661  NMI=0.8813  ARI=0.9001  0.0s

=== P1L_S3_C3 train[2] k=3  dim=576  frames=121  σ=0.0  fold=6 ===
  TKSS: k_hat=3  ACC=0.9339  NMI=0.8040  ARI=0.8148  0.0s

=== P1L_S3_C3 train[3] k=3  dim=576  frames=142  σ=0.0  fold=6 ===
  TKSS: k_hat=3  ACC=0.9225  NMI=0.7862  ARI=0.7876  0.0s

=== P1L_S3_C3 train[4] k=3  dim=576  frames=134  σ=0.0  fold=6 ===
  TKSS: k_hat=3  ACC=0.8955  NMI=0.7468  ARI=0.7266  0.0s

=== P1L_S3_C3 train[5] k=3  dim=576  frames=110  σ=0.0  fold=6 ===
  TKSS: k_hat=3  ACC=0.9909  NMI=0.9618  ARI=0.9723  0.0s

=== P1L_S3_C3 train[6] k=3  dim=576  frames=114  σ=0.0  fold=6 ===
  TKSS: k_hat=3  ACC=0.9123  NMI=0.7600  ARI=0.7652  0.0s

=== P1L_S4_C1 train[0] k=3  dim=576  frames=200  σ=0.0  fold=6 ===
  TKSS: k_hat=3  ACC=0.9100  NMI=0.7646  ARI=0.7587  0.0s

=== P1L_S4_C1 train[1] k=3  dim=576  frames=157  σ=0.0  fold=6 ===
  TKSS: k_hat=3  ACC=0.7898  NMI=0.6149  ARI=0.5425  0.1s

=== P1L_S4_C1 train[2] k=3  dim=576  frames=154  σ=0.0  fold=6 ===
  TKSS: k_hat=3  ACC=0.8766  NMI=0.7747  ARI=0.7039  0.0s

=== P1L_S4_C1 train[3] k=3  dim=576  frames=168  σ=0.0  fold=6 ===
  TKSS: k_hat=3  ACC=0.8869  NMI=0.7313  ARI=0.7102  0.0s

=== P1L_S4_C1 train[4] k=3  dim=576  frames=142  σ=0.0  fold=6 ===
  TKSS: k_hat=3  ACC=0.9789  NMI=0.9276  ARI=0.9376  0.0s

=== P1L_S4_C1 train[5] k=3  dim=576  frames=164  σ=0.0  fold=6 ===
  TKSS: k_hat=3  ACC=0.9634  NMI=0.8934  ARI=0.8965  0.1s

=== P1L_S4_C1 train[6] k=3  dim=576  frames=202  σ=0.0  fold=6 ===
  TKSS: k_hat=3  ACC=0.9901  NMI=0.9593  ARI=0.9706  0.0s

=== P1L_S4_C2 train[0] k=3  dim=576  frames=157  σ=0.0  fold=6 ===
  TKSS: k_hat=3  ACC=0.8153  NMI=0.6251  ARI=0.5580  0.0s

=== P1L_S4_C2 train[1] k=3  dim=576  frames=149  σ=0.0  fold=6 ===
  TKSS: k_hat=3  ACC=0.8658  NMI=0.6867  ARI=0.6554  0.0s

=== P1L_S4_C2 train[2] k=3  dim=576  frames=175  σ=0.0  fold=6 ===
  TKSS: k_hat=3  ACC=0.9257  NMI=0.7816  ARI=0.7825  0.0s

=== P1L_S4_C2 train[3] k=3  dim=576  frames=168  σ=0.0  fold=6 ===
  TKSS: k_hat=3  ACC=0.9405  NMI=0.8507  ARI=0.8342  0.0s

=== P1L_S4_C2 train[4] k=3  dim=576  frames=154  σ=0.0  fold=6 ===
  TKSS: k_hat=3  ACC=0.7403  NMI=0.5622  ARI=0.4607  0.0s

=== P1L_S4_C2 train[5] k=3  dim=576  frames=152  σ=0.0  fold=6 ===
  TKSS: k_hat=3  ACC=0.9539  NMI=0.8751  ARI=0.8704  0.1s

=== P1L_S4_C2 train[6] k=3  dim=576  frames=153  σ=0.0  fold=6 ===
  TKSS: k_hat=3  ACC=0.8170  NMI=0.6270  ARI=0.5633  0.0s

=== P1L_S4_C3 train[0] k=3  dim=576  frames=96  σ=0.0  fold=6 ===
  TKSS: k_hat=3  ACC=0.9375  NMI=0.8474  ARI=0.8275  0.0s

=== P1L_S4_C3 train[1] k=3  dim=576  frames=107  σ=0.0  fold=6 ===
  TKSS: k_hat=3  ACC=0.8505  NMI=0.6808  ARI=0.6330  0.0s

=== P1L_S4_C3 train[2] k=3  dim=576  frames=94  σ=0.0  fold=6 ===
  TKSS: k_hat=3  ACC=0.8830  NMI=0.7503  ARI=0.7068  0.0s

=== P1L_S4_C3 train[3] k=3  dim=576  frames=117  σ=0.0  fold=6 ===
  TKSS: k_hat=3  ACC=0.8803  NMI=0.7346  ARI=0.6968  0.0s

=== P1L_S4_C3 train[4] k=3  dim=576  frames=112  σ=0.0  fold=6 ===
  TKSS: k_hat=3  ACC=0.8839  NMI=0.7806  ARI=0.7113  0.0s

=== P1L_S4_C3 train[5] k=3  dim=576  frames=103  σ=0.0  fold=6 ===
  TKSS: k_hat=3  ACC=0.9417  NMI=0.8188  ARI=0.8342  0.0s

=== P1L_S4_C3 train[6] k=3  dim=576  frames=107  σ=0.0  fold=6 ===
  TKSS: k_hat=3  ACC=0.9346  NMI=0.8194  ARI=0.8187  0.0s

=== P1E_S1_C1 test[0] k=3  dim=576  frames=140  σ=0.0  fold=6 ===
  TKSS: k_hat=3  ACC=0.8929  NMI=0.7352  ARI=0.7139  0.0s

=== P1E_S1_C2 test[0] k=3  dim=576  frames=122  σ=0.0  fold=6 ===
  TKSS: k_hat=3  ACC=0.9262  NMI=0.7864  ARI=0.7946  0.0s

=== P1E_S1_C3 test[0] k=3  dim=576  frames=51  σ=0.0  fold=6 ===
  TKSS: k_hat=3  ACC=0.9020  NMI=0.7422  ARI=0.7266  0.0s

=== P1E_S2_C1 test[0] k=3  dim=576  frames=161  σ=0.0  fold=6 ===
  TKSS: k_hat=3  ACC=0.9565  NMI=0.8557  ARI=0.8725  0.0s

=== P1E_S2_C2 test[0] k=3  dim=576  frames=128  σ=0.0  fold=6 ===
  TKSS: k_hat=3  ACC=0.9375  NMI=0.8165  ARI=0.8248  0.0s

=== P1E_S2_C3 test[0] k=3  dim=576  frames=105  σ=0.0  fold=6 ===
  TKSS: k_hat=3  ACC=0.9333  NMI=0.8069  ARI=0.8143  0.0s

=== P1E_S3_C1 test[0] k=3  dim=576  frames=204  σ=0.0  fold=6 ===
  TKSS: k_hat=3  ACC=0.8235  NMI=0.6480  ARI=0.5980  0.0s

=== P1E_S3_C2 test[0] k=3  dim=576  frames=146  σ=0.0  fold=6 ===
  TKSS: k_hat=3  ACC=0.6849  NMI=0.5396  ARI=0.4130  0.0s

=== P1E_S3_C3 test[0] k=3  dim=576  frames=129  σ=0.0  fold=6 ===
  TKSS: k_hat=3  ACC=0.9457  NMI=0.8412  ARI=0.8480  0.0s

=== P1E_S4_C1 test[0] k=3  dim=576  frames=147  σ=0.0  fold=6 ===
  TKSS: k_hat=3  ACC=0.8095  NMI=0.6306  ARI=0.5650  0.0s

=== P1E_S4_C2 test[0] k=3  dim=576  frames=146  σ=0.0  fold=6 ===
  TKSS: k_hat=3  ACC=0.9863  NMI=0.9477  ARI=0.9594  0.0s

=== P1E_S4_C3 test[0] k=3  dim=576  frames=106  σ=0.0  fold=6 ===
  TKSS: k_hat=3  ACC=0.9528  NMI=0.8732  ARI=0.8680  0.0s

=== P1L_S1_C1 test[0] k=3  dim=576  frames=116  σ=0.0  fold=6 ===
  TKSS: k_hat=3  ACC=0.9483  NMI=0.8355  ARI=0.8514  0.0s

=== P1L_S1_C2 test[0] k=3  dim=576  frames=142  σ=0.0  fold=6 ===
  TKSS: k_hat=3  ACC=0.8451  NMI=0.6557  ARI=0.6027  0.0s

=== P1L_S1_C3 test[0] k=3  dim=576  frames=63  σ=0.0  fold=6 ===
  TKSS: k_hat=3  ACC=0.8571  NMI=0.6728  ARI=0.6378  0.0s

=== P1L_S2_C1 test[0] k=3  dim=576  frames=180  σ=0.0  fold=6 ===
  TKSS: k_hat=3  ACC=0.7667  NMI=0.5616  ARI=0.4866  0.0s

=== P1L_S2_C2 test[0] k=3  dim=576  frames=160  σ=0.0  fold=6 ===
  TKSS: k_hat=3  ACC=0.7312  NMI=0.5575  ARI=0.4502  0.0s

=== P1L_S2_C3 test[0] k=3  dim=576  frames=121  σ=0.0  fold=6 ===
  TKSS: k_hat=3  ACC=0.9339  NMI=0.8034  ARI=0.8199  0.0s

=== P1L_S3_C1 test[0] k=3  dim=576  frames=176  σ=0.0  fold=6 ===
  TKSS: k_hat=3  ACC=0.7955  NMI=0.5594  ARI=0.5121  0.1s

=== P1L_S3_C2 test[0] k=3  dim=576  frames=229  σ=0.0  fold=6 ===
  TKSS: k_hat=3  ACC=0.9432  NMI=0.8161  ARI=0.8375  0.1s

=== P1L_S3_C3 test[0] k=3  dim=576  frames=161  σ=0.0  fold=6 ===
  TKSS: k_hat=3  ACC=0.9068  NMI=0.7498  ARI=0.7446  0.0s

=== P1L_S4_C1 test[0] k=3  dim=576  frames=187  σ=0.0  fold=6 ===
  TKSS: k_hat=3  ACC=0.8289  NMI=0.6110  ARI=0.5885  0.1s

=== P1L_S4_C2 test[0] k=3  dim=576  frames=169  σ=0.0  fold=6 ===
  TKSS: k_hat=3  ACC=0.8994  NMI=0.7408  ARI=0.7343  0.0s

=== P1L_S4_C3 test[0] k=3  dim=576  frames=105  σ=0.0  fold=6 ===
  TKSS: k_hat=3  ACC=0.9333  NMI=0.8026  ARI=0.8153  0.0s
  tune_pool_groups=20: sampling from 22 held-in people (overlap allowed) instead of the 7 fixed partition group(s)

============================================================
σ=0.0 fold=7  test=['0003', '0012', '0017']  train mats=168  test mats=24  tune mats=480
  --- tune TKSS over 480 train mats  n_trials=30 (3 params) ---
  TKSS trial 0: mean ARI=0.7527  n=480  20.0s  d=5, lam=1, s=2
  TKSS trial 1: mean ARI=0.7341  n=480  20.8s  d=9, lam=1.398, s=4
  TKSS trial 2: mean ARI=0.7414  n=480  17.9s  d=9, lam=0.1866, s=4
  TKSS trial 3: mean ARI=0.7077  n=480  25.6s  d=7, lam=4.735, s=6
  TKSS trial 4: mean ARI=0.7227  n=480  24.0s  d=6, lam=2.372, s=4
  TKSS trial 5: mean ARI=0.7650  n=480  12.5s  d=9, lam=5.981, s=1
  TKSS trial 6: mean ARI=0.7234  n=480  28.6s  d=2, lam=0.0115, s=5
  TKSS trial 7: mean ARI=0.7294  n=480  22.8s  d=12, lam=4.074, s=6
  TKSS trial 8: mean ARI=0.7374  n=480  19.1s  d=12, lam=0.2423, s=5
  TKSS trial 9: mean ARI=0.7240  n=480  28.7s  d=2, lam=0.8313, s=1
  TKSS trial 10: mean ARI=0.7652  n=480  7.9s  d=15, lam=0.01456, s=2
  TKSS trial 11: mean ARI=0.7653  n=480  8.1s  d=15, lam=0.01211, s=2
  TKSS trial 12: mean ARI=0.7652  n=480  8.1s  d=15, lam=0.01507, s=2
  TKSS trial 13: mean ARI=0.7638  n=480  8.4s  d=15, lam=0.03917, s=2
  TKSS trial 14: mean ARI=0.7634  n=480  9.5s  d=13, lam=0.0318, s=3
  TKSS trial 15: mean ARI=0.7605  n=480  9.9s  d=14, lam=0.05946, s=3
  TKSS trial 16: mean ARI=0.7576  n=480  11.7s  d=12, lam=0.1021, s=3
  TKSS trial 17: mean ARI=0.7658  n=480  8.0s  d=15, lam=0.02131, s=1
  TKSS trial 18: mean ARI=0.7660  n=480  8.9s  d=11, lam=0.02644, s=1
  TKSS trial 19: mean ARI=0.7656  n=480  9.4s  d=10, lam=0.03045, s=1
  TKSS trial 20: mean ARI=0.7659  n=480  9.3s  d=11, lam=0.09757, s=1
  TKSS trial 21: mean ARI=0.7660  n=480  9.6s  d=11, lam=0.09373, s=1
  TKSS trial 22: mean ARI=0.7653  n=480  10.3s  d=11, lam=0.3437, s=1
  TKSS trial 23: mean ARI=0.7654  n=480  10.0s  d=10, lam=0.1222, s=1
  TKSS trial 24: mean ARI=0.7670  n=480  12.9s  d=7, lam=0.06802, s=1
  TKSS trial 25: mean ARI=0.7644  n=480  13.2s  d=7, lam=0.05867, s=2
  TKSS trial 26: mean ARI=0.7635  n=480  18.3s  d=4, lam=0.3533, s=1
  TKSS trial 27: mean ARI=0.7644  n=480  11.4s  d=8, lam=0.04302, s=2
  TKSS trial 28: mean ARI=0.7665  n=480  17.9s  d=4, lam=0.07251, s=1
  TKSS trial 29: mean ARI=0.7641  n=480  18.2s  d=4, lam=0.07205, s=2
    best mean ARI=0.7670  tune 441.2s  d=7, lam=0.06802, s=1
  wrote /nfs/turbo/umms-minjilab/lpullela/icassp_ssc_tv2/block_ssc_benchmark/cv/params/surveillance/split_k3_clean_min30_trials20_knownk_scaled_params_cv_tkss_k3_sigma0_sigma0_fold7.json

=== P1E_S1_C1 train[0] k=3  dim=576  frames=146  σ=0.0  fold=7 ===
  TKSS: k_hat=3  ACC=0.8493  NMI=0.6985  ARI=0.6388  0.0s

=== P1E_S1_C1 train[1] k=3  dim=576  frames=153  σ=0.0  fold=7 ===
  TKSS: k_hat=3  ACC=0.9804  NMI=0.9203  ARI=0.9418  0.0s

=== P1E_S1_C1 train[2] k=3  dim=576  frames=130  σ=0.0  fold=7 ===
  TKSS: k_hat=3  ACC=0.9385  NMI=0.8111  ARI=0.8197  0.0s

=== P1E_S1_C1 train[3] k=3  dim=576  frames=140  σ=0.0  fold=7 ===
  TKSS: k_hat=3  ACC=0.8714  NMI=0.7299  ARI=0.6799  0.0s

=== P1E_S1_C1 train[4] k=3  dim=576  frames=157  σ=0.0  fold=7 ===
  TKSS: k_hat=3  ACC=0.8599  NMI=0.6774  ARI=0.6380  0.1s

=== P1E_S1_C1 train[5] k=3  dim=576  frames=151  σ=0.0  fold=7 ===
  TKSS: k_hat=3  ACC=0.9073  NMI=0.7862  ARI=0.7590  0.0s

=== P1E_S1_C1 train[6] k=3  dim=576  frames=140  σ=0.0  fold=7 ===
  TKSS: k_hat=3  ACC=0.8929  NMI=0.7352  ARI=0.7139  0.0s

=== P1E_S1_C2 train[0] k=3  dim=576  frames=147  σ=0.0  fold=7 ===
  TKSS: k_hat=3  ACC=0.8912  NMI=0.7664  ARI=0.7235  0.0s

=== P1E_S1_C2 train[1] k=3  dim=576  frames=115  σ=0.0  fold=7 ===
  TKSS: k_hat=3  ACC=0.9043  NMI=0.7496  ARI=0.7426  0.0s

=== P1E_S1_C2 train[2] k=3  dim=576  frames=104  σ=0.0  fold=7 ===
  TKSS: k_hat=3  ACC=0.9423  NMI=0.8204  ARI=0.8294  0.0s

=== P1E_S1_C2 train[3] k=3  dim=576  frames=138  σ=0.0  fold=7 ===
  TKSS: k_hat=3  ACC=0.8696  NMI=0.7133  ARI=0.6832  0.1s

=== P1E_S1_C2 train[4] k=3  dim=576  frames=113  σ=0.0  fold=7 ===
  TKSS: k_hat=3  ACC=0.9115  NMI=0.7589  ARI=0.7566  0.0s

=== P1E_S1_C2 train[5] k=3  dim=576  frames=122  σ=0.0  fold=7 ===
  TKSS: k_hat=3  ACC=0.9344  NMI=0.8210  ARI=0.8190  0.0s

=== P1E_S1_C2 train[6] k=3  dim=576  frames=122  σ=0.0  fold=7 ===
  TKSS: k_hat=3  ACC=0.9262  NMI=0.7864  ARI=0.7946  0.0s

=== P1E_S1_C3 train[0] k=3  dim=576  frames=58  σ=0.0  fold=7 ===
  TKSS: k_hat=3  ACC=0.8793  NMI=0.7059  ARI=0.6565  0.0s

=== P1E_S1_C3 train[1] k=3  dim=576  frames=56  σ=0.0  fold=7 ===
  TKSS: k_hat=3  ACC=0.8036  NMI=0.6449  ARI=0.5506  0.0s

=== P1E_S1_C3 train[2] k=3  dim=576  frames=47  σ=0.0  fold=7 ===
  TKSS: k_hat=3  ACC=0.8936  NMI=0.7440  ARI=0.7094  0.0s

=== P1E_S1_C3 train[3] k=3  dim=576  frames=61  σ=0.0  fold=7 ===
  TKSS: k_hat=3  ACC=0.7869  NMI=0.6169  ARI=0.5103  0.0s

=== P1E_S1_C3 train[4] k=3  dim=576  frames=37  σ=0.0  fold=7 ===
  TKSS: k_hat=3  ACC=0.7838  NMI=0.5996  ARI=0.4944  0.0s

=== P1E_S1_C3 train[5] k=3  dim=576  frames=55  σ=0.0  fold=7 ===
  TKSS: k_hat=3  ACC=0.9091  NMI=0.7555  ARI=0.7445  0.0s

=== P1E_S1_C3 train[6] k=3  dim=576  frames=51  σ=0.0  fold=7 ===
  TKSS: k_hat=3  ACC=0.9020  NMI=0.7422  ARI=0.7266  0.0s

=== P1E_S2_C1 train[0] k=3  dim=576  frames=167  σ=0.0  fold=7 ===
  TKSS: k_hat=3  ACC=0.9701  NMI=0.8883  ARI=0.9101  0.0s

=== P1E_S2_C1 train[1] k=3  dim=576  frames=151  σ=0.0  fold=7 ===
  TKSS: k_hat=3  ACC=0.9470  NMI=0.8626  ARI=0.8518  0.0s

=== P1E_S2_C1 train[2] k=3  dim=576  frames=136  σ=0.0  fold=7 ===
  TKSS: k_hat=3  ACC=0.9265  NMI=0.7935  ARI=0.8000  0.0s

=== P1E_S2_C1 train[3] k=3  dim=576  frames=180  σ=0.0  fold=7 ===
  TKSS: k_hat=3  ACC=0.9222  NMI=0.7852  ARI=0.7871  0.0s

=== P1E_S2_C1 train[4] k=3  dim=576  frames=149  σ=0.0  fold=7 ===
  TKSS: k_hat=3  ACC=0.8926  NMI=0.7912  ARI=0.7352  0.0s

=== P1E_S2_C1 train[5] k=3  dim=576  frames=124  σ=0.0  fold=7 ===
  TKSS: k_hat=3  ACC=0.8952  NMI=0.7548  ARI=0.7288  0.0s

=== P1E_S2_C1 train[6] k=3  dim=576  frames=161  σ=0.0  fold=7 ===
  TKSS: k_hat=3  ACC=0.9627  NMI=0.8761  ARI=0.8909  0.0s

=== P1E_S2_C2 train[0] k=3  dim=576  frames=146  σ=0.0  fold=7 ===
  TKSS: k_hat=3  ACC=0.8836  NMI=0.7156  ARI=0.6920  0.0s

=== P1E_S2_C2 train[1] k=3  dim=576  frames=115  σ=0.0  fold=7 ===
  TKSS: k_hat=3  ACC=0.9391  NMI=0.8498  ARI=0.8310  0.0s

=== P1E_S2_C2 train[2] k=3  dim=576  frames=109  σ=0.0  fold=7 ===
  TKSS: k_hat=3  ACC=0.9266  NMI=0.7898  ARI=0.7962  0.0s

=== P1E_S2_C2 train[3] k=3  dim=576  frames=144  σ=0.0  fold=7 ===
  TKSS: k_hat=3  ACC=0.9444  NMI=0.8399  ARI=0.8440  0.0s

=== P1E_S2_C2 train[4] k=3  dim=576  frames=124  σ=0.0  fold=7 ===
  TKSS: k_hat=3  ACC=0.9274  NMI=0.7962  ARI=0.7926  0.0s

=== P1E_S2_C2 train[5] k=3  dim=576  frames=109  σ=0.0  fold=7 ===
  TKSS: k_hat=3  ACC=0.8991  NMI=0.7398  ARI=0.7322  0.0s

=== P1E_S2_C2 train[6] k=3  dim=576  frames=128  σ=0.0  fold=7 ===
  TKSS: k_hat=3  ACC=0.9375  NMI=0.8165  ARI=0.8248  0.0s

=== P1E_S2_C3 train[0] k=3  dim=576  frames=113  σ=0.0  fold=7 ===
  TKSS: k_hat=3  ACC=0.8761  NMI=0.7051  ARI=0.6765  0.0s

=== P1E_S2_C3 train[1] k=3  dim=576  frames=88  σ=0.0  fold=7 ===
  TKSS: k_hat=3  ACC=0.9205  NMI=0.7919  ARI=0.7751  0.0s

=== P1E_S2_C3 train[2] k=3  dim=576  frames=90  σ=0.0  fold=7 ===
  TKSS: k_hat=3  ACC=0.9222  NMI=0.7851  ARI=0.7833  0.0s

=== P1E_S2_C3 train[3] k=3  dim=576  frames=112  σ=0.0  fold=7 ===
  TKSS: k_hat=3  ACC=0.9732  NMI=0.9142  ARI=0.9225  0.0s

=== P1E_S2_C3 train[4] k=3  dim=576  frames=99  σ=0.0  fold=7 ===
  TKSS: k_hat=3  ACC=0.9596  NMI=0.8653  ARI=0.8825  0.0s

=== P1E_S2_C3 train[5] k=3  dim=576  frames=87  σ=0.0  fold=7 ===
  TKSS: k_hat=3  ACC=0.8966  NMI=0.7369  ARI=0.7243  0.0s

=== P1E_S2_C3 train[6] k=3  dim=576  frames=105  σ=0.0  fold=7 ===
  TKSS: k_hat=3  ACC=0.9333  NMI=0.8069  ARI=0.8143  0.0s

=== P1E_S3_C1 train[0] k=3  dim=576  frames=166  σ=0.0  fold=7 ===
  TKSS: k_hat=3  ACC=0.8554  NMI=0.7008  ARI=0.6462  0.1s

=== P1E_S3_C1 train[1] k=3  dim=576  frames=139  σ=0.0  fold=7 ===
  TKSS: k_hat=3  ACC=0.9209  NMI=0.8022  ARI=0.7861  0.0s

=== P1E_S3_C1 train[2] k=3  dim=576  frames=134  σ=0.0  fold=7 ===
  TKSS: k_hat=3  ACC=0.9179  NMI=0.7746  ARI=0.7656  0.0s

=== P1E_S3_C1 train[3] k=3  dim=576  frames=161  σ=0.0  fold=7 ===
  TKSS: k_hat=3  ACC=0.9689  NMI=0.8861  ARI=0.9097  0.0s

=== P1E_S3_C1 train[4] k=3  dim=576  frames=168  σ=0.0  fold=7 ===
  TKSS: k_hat=3  ACC=0.8929  NMI=0.7153  ARI=0.6883  0.0s

=== P1E_S3_C1 train[5] k=3  dim=576  frames=123  σ=0.0  fold=7 ===
  TKSS: k_hat=3  ACC=0.9512  NMI=0.8402  ARI=0.8608  0.0s

=== P1E_S3_C1 train[6] k=3  dim=576  frames=204  σ=0.0  fold=7 ===
  TKSS: k_hat=3  ACC=0.8284  NMI=0.6577  ARI=0.6104  0.0s

=== P1E_S3_C2 train[0] k=3  dim=576  frames=147  σ=0.0  fold=7 ===
  TKSS: k_hat=3  ACC=0.8912  NMI=0.7884  ARI=0.7280  0.0s

=== P1E_S3_C2 train[1] k=3  dim=576  frames=120  σ=0.0  fold=7 ===
  TKSS: k_hat=3  ACC=0.8917  NMI=0.7180  ARI=0.6886  0.0s

=== P1E_S3_C2 train[2] k=3  dim=576  frames=112  σ=0.0  fold=7 ===
  TKSS: k_hat=3  ACC=0.9286  NMI=0.7878  ARI=0.7881  0.0s

=== P1E_S3_C2 train[3] k=3  dim=576  frames=168  σ=0.0  fold=7 ===
  TKSS: k_hat=3  ACC=0.8988  NMI=0.7767  ARI=0.7401  0.0s

=== P1E_S3_C2 train[4] k=3  dim=576  frames=169  σ=0.0  fold=7 ===
  TKSS: k_hat=3  ACC=0.9053  NMI=0.7845  ARI=0.7529  0.0s

=== P1E_S3_C2 train[5] k=3  dim=576  frames=107  σ=0.0  fold=7 ===
  TKSS: k_hat=3  ACC=0.9065  NMI=0.8062  ARI=0.7577  0.0s

=== P1E_S3_C2 train[6] k=3  dim=576  frames=146  σ=0.0  fold=7 ===
  TKSS: k_hat=3  ACC=0.6781  NMI=0.5360  ARI=0.4046  0.0s

=== P1E_S3_C3 train[0] k=3  dim=576  frames=105  σ=0.0  fold=7 ===
  TKSS: k_hat=3  ACC=0.9143  NMI=0.7756  ARI=0.7670  0.0s

=== P1E_S3_C3 train[1] k=3  dim=576  frames=89  σ=0.0  fold=7 ===
  TKSS: k_hat=3  ACC=0.8876  NMI=0.7084  ARI=0.6740  0.0s

=== P1E_S3_C3 train[2] k=3  dim=576  frames=84  σ=0.0  fold=7 ===
  TKSS: k_hat=3  ACC=0.8929  NMI=0.7576  ARI=0.7220  0.0s

=== P1E_S3_C3 train[3] k=3  dim=576  frames=125  σ=0.0  fold=7 ===
  TKSS: k_hat=3  ACC=0.9360  NMI=0.8453  ARI=0.8256  0.0s

=== P1E_S3_C3 train[4] k=3  dim=576  frames=128  σ=0.0  fold=7 ===
  TKSS: k_hat=3  ACC=0.8906  NMI=0.7624  ARI=0.7196  0.0s

=== P1E_S3_C3 train[5] k=3  dim=576  frames=83  σ=0.0  fold=7 ===
  TKSS: k_hat=3  ACC=0.9277  NMI=0.7926  ARI=0.7976  0.0s

=== P1E_S3_C3 train[6] k=3  dim=576  frames=129  σ=0.0  fold=7 ===
  TKSS: k_hat=3  ACC=0.9380  NMI=0.8171  ARI=0.8247  0.0s

=== P1E_S4_C1 train[0] k=3  dim=576  frames=158  σ=0.0  fold=7 ===
  TKSS: k_hat=3  ACC=0.8608  NMI=0.7175  ARI=0.6508  0.0s

=== P1E_S4_C1 train[1] k=3  dim=576  frames=107  σ=0.0  fold=7 ===
  TKSS: k_hat=3  ACC=0.9626  NMI=0.8724  ARI=0.8899  0.0s

=== P1E_S4_C1 train[2] k=3  dim=576  frames=155  σ=0.0  fold=7 ===
  TKSS: k_hat=3  ACC=0.9613  NMI=0.8660  ARI=0.8852  0.0s

=== P1E_S4_C1 train[3] k=3  dim=576  frames=182  σ=0.0  fold=7 ===
  TKSS: k_hat=3  ACC=0.9780  NMI=0.9113  ARI=0.9334  0.1s

=== P1E_S4_C1 train[4] k=3  dim=576  frames=180  σ=0.0  fold=7 ===
  TKSS: k_hat=3  ACC=0.9333  NMI=0.8400  ARI=0.8161  0.1s

=== P1E_S4_C1 train[5] k=3  dim=576  frames=133  σ=0.0  fold=7 ===
  TKSS: k_hat=3  ACC=0.8947  NMI=0.7435  ARI=0.7221  0.0s

=== P1E_S4_C1 train[6] k=3  dim=576  frames=147  σ=0.0  fold=7 ===
  TKSS: k_hat=3  ACC=0.8027  NMI=0.6261  ARI=0.5568  0.0s

=== P1E_S4_C2 train[0] k=3  dim=576  frames=117  σ=0.0  fold=7 ===
  TKSS: k_hat=3  ACC=0.9402  NMI=0.8209  ARI=0.8327  0.0s

=== P1E_S4_C2 train[1] k=3  dim=576  frames=125  σ=0.0  fold=7 ===
  TKSS: k_hat=3  ACC=0.9440  NMI=0.8574  ARI=0.8428  0.0s

=== P1E_S4_C2 train[2] k=3  dim=576  frames=122  σ=0.0  fold=7 ===
  TKSS: k_hat=3  ACC=0.9508  NMI=0.8398  ARI=0.8535  0.0s

=== P1E_S4_C2 train[3] k=3  dim=576  frames=126  σ=0.0  fold=7 ===
  TKSS: k_hat=3  ACC=0.8730  NMI=0.7100  ARI=0.6764  0.0s

=== P1E_S4_C2 train[4] k=3  dim=576  frames=140  σ=0.0  fold=7 ===
  TKSS: k_hat=3  ACC=0.8714  NMI=0.6816  ARI=0.6347  0.0s

=== P1E_S4_C2 train[5] k=3  dim=576  frames=129  σ=0.0  fold=7 ===
  TKSS: k_hat=3  ACC=0.9302  NMI=0.8039  ARI=0.8070  0.0s

=== P1E_S4_C2 train[6] k=3  dim=576  frames=146  σ=0.0  fold=7 ===
  TKSS: k_hat=3  ACC=0.9863  NMI=0.9477  ARI=0.9594  0.0s

=== P1E_S4_C3 train[0] k=3  dim=576  frames=90  σ=0.0  fold=7 ===
  TKSS: k_hat=3  ACC=0.9222  NMI=0.7952  ARI=0.7808  0.0s

=== P1E_S4_C3 train[1] k=3  dim=576  frames=64  σ=0.0  fold=7 ===
  TKSS: k_hat=3  ACC=0.9688  NMI=0.8848  ARI=0.9071  0.0s

=== P1E_S4_C3 train[2] k=3  dim=576  frames=85  σ=0.0  fold=7 ===
  TKSS: k_hat=3  ACC=0.9647  NMI=0.8960  ARI=0.8988  0.0s

=== P1E_S4_C3 train[3] k=3  dim=576  frames=105  σ=0.0  fold=7 ===
  TKSS: k_hat=3  ACC=0.8476  NMI=0.6674  ARI=0.6196  0.0s

=== P1E_S4_C3 train[4] k=3  dim=576  frames=87  σ=0.0  fold=7 ===
  TKSS: k_hat=3  ACC=0.9540  NMI=0.8509  ARI=0.8634  0.0s

=== P1E_S4_C3 train[5] k=3  dim=576  frames=76  σ=0.0  fold=7 ===
  TKSS: k_hat=3  ACC=0.9474  NMI=0.8374  ARI=0.8501  0.0s

=== P1E_S4_C3 train[6] k=3  dim=576  frames=106  σ=0.0  fold=7 ===
  TKSS: k_hat=3  ACC=0.9528  NMI=0.8732  ARI=0.8680  0.0s

=== P1L_S1_C1 train[0] k=3  dim=576  frames=162  σ=0.0  fold=7 ===
  TKSS: k_hat=3  ACC=0.9321  NMI=0.8047  ARI=0.8115  0.0s

=== P1L_S1_C1 train[1] k=3  dim=576  frames=170  σ=0.0  fold=7 ===
  TKSS: k_hat=3  ACC=0.8882  NMI=0.7319  ARI=0.6992  0.1s

=== P1L_S1_C1 train[2] k=3  dim=576  frames=155  σ=0.0  fold=7 ===
  TKSS: k_hat=3  ACC=0.8258  NMI=0.6510  ARI=0.5883  0.0s

=== P1L_S1_C1 train[3] k=3  dim=576  frames=182  σ=0.0  fold=7 ===
  TKSS: k_hat=3  ACC=0.9231  NMI=0.7795  ARI=0.7836  0.1s

=== P1L_S1_C1 train[4] k=3  dim=576  frames=198  σ=0.0  fold=7 ===
  TKSS: k_hat=3  ACC=0.9596  NMI=0.8851  ARI=0.8844  0.0s

=== P1L_S1_C1 train[5] k=3  dim=576  frames=166  σ=0.0  fold=7 ===
  TKSS: k_hat=3  ACC=0.9639  NMI=0.8715  ARI=0.8950  0.0s

=== P1L_S1_C1 train[6] k=3  dim=576  frames=116  σ=0.0  fold=7 ===
  TKSS: k_hat=3  ACC=0.9828  NMI=0.9385  ARI=0.9519  0.0s

=== P1L_S1_C2 train[0] k=3  dim=576  frames=186  σ=0.0  fold=7 ===
  TKSS: k_hat=3  ACC=0.9409  NMI=0.8214  ARI=0.8336  0.1s

=== P1L_S1_C2 train[1] k=3  dim=576  frames=137  σ=0.0  fold=7 ===
  TKSS: k_hat=3  ACC=0.9051  NMI=0.7496  ARI=0.7435  0.0s

=== P1L_S1_C2 train[2] k=3  dim=576  frames=147  σ=0.0  fold=7 ===
  TKSS: k_hat=3  ACC=0.9116  NMI=0.7702  ARI=0.7617  0.0s

=== P1L_S1_C2 train[3] k=3  dim=576  frames=181  σ=0.0  fold=7 ===
  TKSS: k_hat=3  ACC=0.9337  NMI=0.8090  ARI=0.8155  0.0s

=== P1L_S1_C2 train[4] k=3  dim=576  frames=128  σ=0.0  fold=7 ===
  TKSS: k_hat=3  ACC=0.8203  NMI=0.6290  ARI=0.5651  0.0s

=== P1L_S1_C2 train[5] k=3  dim=576  frames=154  σ=0.0  fold=7 ===
  TKSS: k_hat=3  ACC=0.9351  NMI=0.8060  ARI=0.8189  0.0s

=== P1L_S1_C2 train[6] k=3  dim=576  frames=142  σ=0.0  fold=7 ===
  TKSS: k_hat=3  ACC=0.8873  NMI=0.7260  ARI=0.7086  0.0s

=== P1L_S1_C3 train[0] k=3  dim=576  frames=60  σ=0.0  fold=7 ===
  TKSS: k_hat=3  ACC=0.9667  NMI=0.8791  ARI=0.9004  0.0s

=== P1L_S1_C3 train[1] k=3  dim=576  frames=68  σ=0.0  fold=7 ===
  TKSS: k_hat=3  ACC=0.9706  NMI=0.9083  ARI=0.9139  0.0s

=== P1L_S1_C3 train[2] k=3  dim=576  frames=65  σ=0.0  fold=7 ===
  TKSS: k_hat=3  ACC=0.9077  NMI=0.7543  ARI=0.7398  0.0s

=== P1L_S1_C3 train[3] k=3  dim=576  frames=74  σ=0.0  fold=7 ===
  TKSS: k_hat=3  ACC=0.9189  NMI=0.7754  ARI=0.7761  0.0s

=== P1L_S1_C3 train[4] k=3  dim=576  frames=73  σ=0.0  fold=7 ===
  TKSS: k_hat=3  ACC=0.8630  NMI=0.6918  ARI=0.6489  0.0s

=== P1L_S1_C3 train[5] k=3  dim=576  frames=64  σ=0.0  fold=7 ===
  TKSS: k_hat=3  ACC=0.9531  NMI=0.8471  ARI=0.8643  0.0s

=== P1L_S1_C3 train[6] k=3  dim=576  frames=63  σ=0.0  fold=7 ===
  TKSS: k_hat=3  ACC=0.8571  NMI=0.6728  ARI=0.6378  0.0s

=== P1L_S2_C1 train[0] k=3  dim=576  frames=211  σ=0.0  fold=7 ===
  TKSS: k_hat=3  ACC=0.9384  NMI=0.8091  ARI=0.8193  0.0s

=== P1L_S2_C1 train[1] k=3  dim=576  frames=190  σ=0.0  fold=7 ===
  TKSS: k_hat=3  ACC=0.9316  NMI=0.8112  ARI=0.8076  0.0s

=== P1L_S2_C1 train[2] k=3  dim=576  frames=180  σ=0.0  fold=7 ===
  TKSS: k_hat=3  ACC=0.7778  NMI=0.5968  ARI=0.5140  0.0s

=== P1L_S2_C1 train[3] k=3  dim=576  frames=177  σ=0.0  fold=7 ===
  TKSS: k_hat=3  ACC=0.9040  NMI=0.7486  ARI=0.7405  0.0s

=== P1L_S2_C1 train[4] k=3  dim=576  frames=172  σ=0.0  fold=7 ===
  TKSS: k_hat=3  ACC=0.8837  NMI=0.7305  ARI=0.7055  0.0s

=== P1L_S2_C1 train[5] k=3  dim=576  frames=179  σ=0.0  fold=7 ===
  TKSS: k_hat=3  ACC=0.9162  NMI=0.7746  ARI=0.7726  0.0s

=== P1L_S2_C1 train[6] k=3  dim=576  frames=180  σ=0.0  fold=7 ===
  TKSS: k_hat=3  ACC=0.7667  NMI=0.5829  ARI=0.4928  0.0s

=== P1L_S2_C2 train[0] k=3  dim=576  frames=194  σ=0.0  fold=7 ===
  TKSS: k_hat=3  ACC=0.8351  NMI=0.6782  ARI=0.6156  0.1s

=== P1L_S2_C2 train[1] k=3  dim=576  frames=155  σ=0.0  fold=7 ===
  TKSS: k_hat=3  ACC=0.9677  NMI=0.8818  ARI=0.9032  0.0s

=== P1L_S2_C2 train[2] k=3  dim=576  frames=134  σ=0.0  fold=7 ===
  TKSS: k_hat=3  ACC=0.8582  NMI=0.6986  ARI=0.6581  0.0s

=== P1L_S2_C2 train[3] k=3  dim=576  frames=186  σ=0.0  fold=7 ===
  TKSS: k_hat=3  ACC=0.9409  NMI=0.8527  ARI=0.8374  0.0s

=== P1L_S2_C2 train[4] k=3  dim=576  frames=201  σ=0.0  fold=7 ===
  TKSS: k_hat=3  ACC=0.9353  NMI=0.8112  ARI=0.8139  0.0s

=== P1L_S2_C2 train[5] k=3  dim=576  frames=171  σ=0.0  fold=7 ===
  TKSS: k_hat=3  ACC=0.9240  NMI=0.7872  ARI=0.7906  0.0s

=== P1L_S2_C2 train[6] k=3  dim=576  frames=160  σ=0.0  fold=7 ===
  TKSS: k_hat=3  ACC=0.7312  NMI=0.5575  ARI=0.4502  0.0s

=== P1L_S2_C3 train[0] k=3  dim=576  frames=119  σ=0.0  fold=7 ===
  TKSS: k_hat=3  ACC=0.9076  NMI=0.7452  ARI=0.7296  0.1s

=== P1L_S2_C3 train[1] k=3  dim=576  frames=101  σ=0.0  fold=7 ===
  TKSS: k_hat=3  ACC=0.8812  NMI=0.7037  ARI=0.6622  0.0s

=== P1L_S2_C3 train[2] k=3  dim=576  frames=85  σ=0.0  fold=7 ===
  TKSS: k_hat=3  ACC=0.8000  NMI=0.6084  ARI=0.5280  0.0s

=== P1L_S2_C3 train[3] k=3  dim=576  frames=112  σ=0.0  fold=7 ===
  TKSS: k_hat=3  ACC=0.8750  NMI=0.6968  ARI=0.6653  0.0s

=== P1L_S2_C3 train[4] k=3  dim=576  frames=126  σ=0.0  fold=7 ===
  TKSS: k_hat=3  ACC=0.9365  NMI=0.8064  ARI=0.8135  0.0s

=== P1L_S2_C3 train[5] k=3  dim=576  frames=102  σ=0.0  fold=7 ===
  TKSS: k_hat=3  ACC=0.9706  NMI=0.9082  ARI=0.9141  0.0s

=== P1L_S2_C3 train[6] k=3  dim=576  frames=121  σ=0.0  fold=7 ===
  TKSS: k_hat=3  ACC=0.9091  NMI=0.7584  ARI=0.7552  0.0s

=== P1L_S3_C1 train[0] k=3  dim=576  frames=156  σ=0.0  fold=7 ===
  TKSS: k_hat=3  ACC=0.7500  NMI=0.5703  ARI=0.4686  0.0s

=== P1L_S3_C1 train[1] k=3  dim=576  frames=120  σ=0.0  fold=7 ===
  TKSS: k_hat=3  ACC=0.8250  NMI=0.6366  ARI=0.5764  0.0s

=== P1L_S3_C1 train[2] k=3  dim=576  frames=185  σ=0.0  fold=7 ===
  TKSS: k_hat=3  ACC=0.9730  NMI=0.8967  ARI=0.9189  0.0s

=== P1L_S3_C1 train[3] k=3  dim=576  frames=156  σ=0.0  fold=7 ===
  TKSS: k_hat=3  ACC=0.8590  NMI=0.7572  ARI=0.6678  0.0s

=== P1L_S3_C1 train[4] k=3  dim=576  frames=159  σ=0.0  fold=7 ===
  TKSS: k_hat=3  ACC=0.7862  NMI=0.5974  ARI=0.5105  0.1s

=== P1L_S3_C1 train[5] k=3  dim=576  frames=172  σ=0.0  fold=7 ===
  TKSS: k_hat=3  ACC=0.9535  NMI=0.8739  ARI=0.8686  0.0s

=== P1L_S3_C1 train[6] k=3  dim=576  frames=176  σ=0.0  fold=7 ===
  TKSS: k_hat=3  ACC=0.7727  NMI=0.5853  ARI=0.4969  0.0s

=== P1L_S3_C2 train[0] k=3  dim=576  frames=185  σ=0.0  fold=7 ===
  TKSS: k_hat=3  ACC=0.9730  NMI=0.9116  ARI=0.9170  0.1s

=== P1L_S3_C2 train[1] k=3  dim=576  frames=125  σ=0.0  fold=7 ===
  TKSS: k_hat=3  ACC=0.9200  NMI=0.7804  ARI=0.7800  0.0s

=== P1L_S3_C2 train[2] k=3  dim=576  frames=166  σ=0.0  fold=7 ===
  TKSS: k_hat=3  ACC=0.9639  NMI=0.8941  ARI=0.8971  0.0s

=== P1L_S3_C2 train[3] k=3  dim=576  frames=209  σ=0.0  fold=7 ===
  TKSS: k_hat=3  ACC=0.9378  NMI=0.8166  ARI=0.8259  0.2s

=== P1L_S3_C2 train[4] k=3  dim=576  frames=168  σ=0.0  fold=7 ===
  TKSS: k_hat=3  ACC=0.8571  NMI=0.7209  ARI=0.6620  0.0s

=== P1L_S3_C2 train[5] k=3  dim=576  frames=187  σ=0.0  fold=7 ===
  TKSS: k_hat=3  ACC=0.8717  NMI=0.6985  ARI=0.6733  0.1s

=== P1L_S3_C2 train[6] k=3  dim=576  frames=229  σ=0.0  fold=7 ===
  TKSS: k_hat=3  ACC=0.9389  NMI=0.8172  ARI=0.8280  0.1s

=== P1L_S3_C3 train[0] k=3  dim=576  frames=151  σ=0.0  fold=7 ===
  TKSS: k_hat=3  ACC=0.8146  NMI=0.6033  ARI=0.5055  0.0s

=== P1L_S3_C3 train[1] k=3  dim=576  frames=118  σ=0.0  fold=7 ===
  TKSS: k_hat=3  ACC=0.9746  NMI=0.9029  ARI=0.9254  0.0s

=== P1L_S3_C3 train[2] k=3  dim=576  frames=121  σ=0.0  fold=7 ===
  TKSS: k_hat=3  ACC=0.9421  NMI=0.8198  ARI=0.8351  0.0s

=== P1L_S3_C3 train[3] k=3  dim=576  frames=142  σ=0.0  fold=7 ===
  TKSS: k_hat=3  ACC=0.9155  NMI=0.7757  ARI=0.7716  0.0s

=== P1L_S3_C3 train[4] k=3  dim=576  frames=134  σ=0.0  fold=7 ===
  TKSS: k_hat=3  ACC=0.8881  NMI=0.7293  ARI=0.7059  0.0s

=== P1L_S3_C3 train[5] k=3  dim=576  frames=110  σ=0.0  fold=7 ===
  TKSS: k_hat=3  ACC=0.9909  NMI=0.9618  ARI=0.9723  0.0s

=== P1L_S3_C3 train[6] k=3  dim=576  frames=161  σ=0.0  fold=7 ===
  TKSS: k_hat=3  ACC=0.9130  NMI=0.7611  ARI=0.7610  0.0s

=== P1L_S4_C1 train[0] k=3  dim=576  frames=200  σ=0.0  fold=7 ===
  TKSS: k_hat=3  ACC=0.9150  NMI=0.7722  ARI=0.7708  0.0s

=== P1L_S4_C1 train[1] k=3  dim=576  frames=157  σ=0.0  fold=7 ===
  TKSS: k_hat=3  ACC=0.8025  NMI=0.6269  ARI=0.5567  0.0s

=== P1L_S4_C1 train[2] k=3  dim=576  frames=154  σ=0.0  fold=7 ===
  TKSS: k_hat=3  ACC=0.8766  NMI=0.7747  ARI=0.7039  0.0s

=== P1L_S4_C1 train[3] k=3  dim=576  frames=168  σ=0.0  fold=7 ===
  TKSS: k_hat=3  ACC=0.8988  NMI=0.7769  ARI=0.7400  0.0s

=== P1L_S4_C1 train[4] k=3  dim=576  frames=142  σ=0.0  fold=7 ===
  TKSS: k_hat=3  ACC=0.9859  NMI=0.9466  ARI=0.9579  0.0s

=== P1L_S4_C1 train[5] k=3  dim=576  frames=164  σ=0.0  fold=7 ===
  TKSS: k_hat=3  ACC=0.9512  NMI=0.8459  ARI=0.8609  0.0s

=== P1L_S4_C1 train[6] k=3  dim=576  frames=187  σ=0.0  fold=7 ===
  TKSS: k_hat=3  ACC=0.8503  NMI=0.6404  ARI=0.6242  0.1s

=== P1L_S4_C2 train[0] k=3  dim=576  frames=157  σ=0.0  fold=7 ===
  TKSS: k_hat=3  ACC=0.8153  NMI=0.6289  ARI=0.5642  0.0s

=== P1L_S4_C2 train[1] k=3  dim=576  frames=149  σ=0.0  fold=7 ===
  TKSS: k_hat=3  ACC=0.8658  NMI=0.6867  ARI=0.6554  0.0s

=== P1L_S4_C2 train[2] k=3  dim=576  frames=175  σ=0.0  fold=7 ===
  TKSS: k_hat=3  ACC=0.9257  NMI=0.7816  ARI=0.7825  0.0s

=== P1L_S4_C2 train[3] k=3  dim=576  frames=168  σ=0.0  fold=7 ===
  TKSS: k_hat=3  ACC=0.9286  NMI=0.8031  ARI=0.7980  0.0s

=== P1L_S4_C2 train[4] k=3  dim=576  frames=154  σ=0.0  fold=7 ===
  TKSS: k_hat=3  ACC=0.7403  NMI=0.5622  ARI=0.4607  0.0s

=== P1L_S4_C2 train[5] k=3  dim=576  frames=152  σ=0.0  fold=7 ===
  TKSS: k_hat=3  ACC=0.9539  NMI=0.8751  ARI=0.8704  0.1s

=== P1L_S4_C2 train[6] k=3  dim=576  frames=169  σ=0.0  fold=7 ===
  TKSS: k_hat=3  ACC=0.8994  NMI=0.7408  ARI=0.7343  0.0s

=== P1L_S4_C3 train[0] k=3  dim=576  frames=96  σ=0.0  fold=7 ===
  TKSS: k_hat=3  ACC=0.9375  NMI=0.8474  ARI=0.8275  0.0s

=== P1L_S4_C3 train[1] k=3  dim=576  frames=107  σ=0.0  fold=7 ===
  TKSS: k_hat=3  ACC=0.8505  NMI=0.6808  ARI=0.6330  0.0s

=== P1L_S4_C3 train[2] k=3  dim=576  frames=94  σ=0.0  fold=7 ===
  TKSS: k_hat=3  ACC=0.8830  NMI=0.7503  ARI=0.7068  0.0s

=== P1L_S4_C3 train[3] k=3  dim=576  frames=117  σ=0.0  fold=7 ===
  TKSS: k_hat=3  ACC=0.8803  NMI=0.7346  ARI=0.6968  0.0s

=== P1L_S4_C3 train[4] k=3  dim=576  frames=112  σ=0.0  fold=7 ===
  TKSS: k_hat=3  ACC=0.8839  NMI=0.7806  ARI=0.7113  0.0s

=== P1L_S4_C3 train[5] k=3  dim=576  frames=103  σ=0.0  fold=7 ===
  TKSS: k_hat=3  ACC=0.9417  NMI=0.8188  ARI=0.8342  0.0s

=== P1L_S4_C3 train[6] k=3  dim=576  frames=105  σ=0.0  fold=7 ===
  TKSS: k_hat=3  ACC=0.9524  NMI=0.8510  ARI=0.8633  0.0s

=== P1E_S1_C1 test[0] k=3  dim=576  frames=171  σ=0.0  fold=7 ===
  TKSS: k_hat=3  ACC=0.9474  NMI=0.8312  ARI=0.8495  0.0s

=== P1E_S1_C2 test[0] k=3  dim=576  frames=134  σ=0.0  fold=7 ===
  TKSS: k_hat=3  ACC=0.9627  NMI=0.8749  ARI=0.8920  0.0s

=== P1E_S1_C3 test[0] k=3  dim=576  frames=69  σ=0.0  fold=7 ===
  TKSS: k_hat=3  ACC=0.9710  NMI=0.8905  ARI=0.9115  0.0s

=== P1E_S2_C1 test[0] k=3  dim=576  frames=153  σ=0.0  fold=7 ===
  TKSS: k_hat=3  ACC=0.9673  NMI=0.8865  ARI=0.9048  0.0s

=== P1E_S2_C2 test[0] k=3  dim=576  frames=126  σ=0.0  fold=7 ===
  TKSS: k_hat=3  ACC=0.9603  NMI=0.8868  ARI=0.8866  0.0s

=== P1E_S2_C3 test[0] k=3  dim=576  frames=89  σ=0.0  fold=7 ===
  TKSS: k_hat=3  ACC=0.9213  NMI=0.7771  ARI=0.7812  0.0s

=== P1E_S3_C1 test[0] k=3  dim=576  frames=112  σ=0.0  fold=7 ===
  TKSS: k_hat=3  ACC=0.9643  NMI=0.8727  ARI=0.8957  0.0s

=== P1E_S3_C2 test[0] k=3  dim=576  frames=114  σ=0.0  fold=7 ===
  TKSS: k_hat=3  ACC=0.7895  NMI=0.6229  ARI=0.5362  0.0s

=== P1E_S3_C3 test[0] k=3  dim=576  frames=84  σ=0.0  fold=7 ===
  TKSS: k_hat=3  ACC=0.8810  NMI=0.7262  ARI=0.6948  0.0s

=== P1E_S4_C1 test[0] k=3  dim=576  frames=145  σ=0.0  fold=7 ===
  TKSS: k_hat=3  ACC=0.9310  NMI=0.7970  ARI=0.8084  0.0s

=== P1E_S4_C2 test[0] k=3  dim=576  frames=110  σ=0.0  fold=7 ===
  TKSS: k_hat=3  ACC=0.9455  NMI=0.8603  ARI=0.8485  0.0s

=== P1E_S4_C3 test[0] k=3  dim=576  frames=79  σ=0.0  fold=7 ===
  TKSS: k_hat=3  ACC=0.9367  NMI=0.8094  ARI=0.8204  0.0s

=== P1L_S1_C1 test[0] k=3  dim=576  frames=175  σ=0.0  fold=7 ===
  TKSS: k_hat=3  ACC=0.8971  NMI=0.7334  ARI=0.7264  0.0s

=== P1L_S1_C2 test[0] k=3  dim=576  frames=168  σ=0.0  fold=7 ===
  TKSS: k_hat=3  ACC=0.9345  NMI=0.8157  ARI=0.8185  0.0s

=== P1L_S1_C3 test[0] k=3  dim=576  frames=75  σ=0.0  fold=7 ===
  TKSS: k_hat=3  ACC=0.8933  NMI=0.7282  ARI=0.7119  0.0s

=== P1L_S2_C1 test[0] k=3  dim=576  frames=133  σ=0.0  fold=7 ===
  TKSS: k_hat=3  ACC=0.7368  NMI=0.5776  ARI=0.4697  0.0s

=== P1L_S2_C2 test[0] k=3  dim=576  frames=154  σ=0.0  fold=7 ===
  TKSS: k_hat=3  ACC=0.8961  NMI=0.7502  ARI=0.7324  0.0s

=== P1L_S2_C3 test[0] k=3  dim=576  frames=99  σ=0.0  fold=7 ===
  TKSS: k_hat=3  ACC=0.9495  NMI=0.8368  ARI=0.8547  0.0s

=== P1L_S3_C1 test[0] k=3  dim=576  frames=134  σ=0.0  fold=7 ===
  TKSS: k_hat=3  ACC=0.8433  NMI=0.6577  ARI=0.6136  0.0s

=== P1L_S3_C2 test[0] k=3  dim=576  frames=136  σ=0.0  fold=7 ===
  TKSS: k_hat=3  ACC=0.9265  NMI=0.7996  ARI=0.7992  0.0s

=== P1L_S3_C3 test[0] k=3  dim=576  frames=114  σ=0.0  fold=7 ===
  TKSS: k_hat=3  ACC=0.9123  NMI=0.7600  ARI=0.7652  0.0s

=== P1L_S4_C1 test[0] k=3  dim=576  frames=202  σ=0.0  fold=7 ===
  TKSS: k_hat=3  ACC=0.9901  NMI=0.9593  ARI=0.9706  0.0s

=== P1L_S4_C2 test[0] k=3  dim=576  frames=153  σ=0.0  fold=7 ===
  TKSS: k_hat=3  ACC=0.8170  NMI=0.6270  ARI=0.5633  0.0s

=== P1L_S4_C3 test[0] k=3  dim=576  frames=107  σ=0.0  fold=7 ===
  TKSS: k_hat=3  ACC=0.9346  NMI=0.8194  ARI=0.8187  0.0s

=== inference time per method ===
  TKSS: mean=0.0265s  std=0.0220s  total=40.6s  n=1536
wrote /nfs/turbo/umms-minjilab/lpullela/icassp_ssc_tv2/block_ssc_benchmark/cv/results/surveillance/split_k3_clean_min30_trials20_knownk_scaled_cv_tkss_k3_sigma0_timing.json

=== mean over matrices ===
  TKSS train σ=0.0: ACC=0.9035  NMI=0.7727  ARI=0.7536  n=1344
  TKSS test σ=0.0: ACC=0.9027  NMI=0.7711  ARI=0.7509  n=192

wrote /nfs/turbo/umms-minjilab/lpullela/icassp_ssc_tv2/block_ssc_benchmark/cv/results/surveillance/split_k3_clean_min30_trials20_knownk_scaled_cv_tkss_k3_sigma0.csv
end=Sun Sep  6 19:14:09 EDT 2026
Experiment completed!
