========================================
Job: cvb_ssc_block_tv_col21_k3_s0
Method: SSC-Block-TV-Col21  k: 3  sigma: 0.0  tune_pool_groups: 20
========================================
host=gl3011.arc-ts.umich.edu  python=/home/lpullela/miniconda3/envs/ssc_559/bin/python  start=Sun Sep  6 19:00:48 EDT 2026
=== Ballet Clustering Experiment ===
k=3  n_test=15  n_train_combos=24  n_test_combos=18  n_trials=20  down_hw=30  full_data=False  n_frames ~ Unif[10, 100]  seed=0
hetero_noise=False  sigmas=(0.0,)  append=False  no_tune=False  known_k=True  csv=ballet_cluster_sigmas_0_results_knownk_cv_ssc_block_tv_col21_k3_sigma0.csv
SSC-Block-TV block_size searched in [2, 12]

Loading 44 sequences once (reused across combinations)
  seq_000001: frames=53  dim=900
  seq_000002: frames=78  dim=900
  seq_000003: frames=13  dim=900
  seq_000004: frames=84  dim=900
  seq_000005: frames=32  dim=900
  seq_000006: frames=89  dim=900
  seq_000007: frames=34  dim=900
  seq_000008: frames=33  dim=900
  seq_000009: frames=68  dim=900
  seq_000010: frames=17  dim=900
  seq_000011: frames=88  dim=900
  seq_000012: frames=86  dim=900
  seq_000013: frames=84  dim=900
  seq_000014: frames=51  dim=900
  seq_000015: frames=21  dim=900
  seq_000016: frames=21  dim=900
  seq_000017: frames=98  dim=900
  seq_000018: frames=44  dim=900
  seq_000019: frames=92  dim=900
  seq_000020: frames=55  dim=900
  seq_000021: frames=11  dim=900
  seq_000022: frames=15  dim=900
  seq_000023: frames=55  dim=900
  seq_000024: frames=20  dim=900
  seq_000025: frames=78  dim=900
  seq_000026: frames=18  dim=900
  seq_000027: frames=36  dim=900
  seq_000028: frames=94  dim=900
  seq_000029: frames=76  dim=900
  seq_000030: frames=39  dim=900
  seq_000031: frames=48  dim=900
  seq_000032: frames=36  dim=900
  seq_000033: frames=48  dim=900
  seq_000034: frames=51  dim=900
  seq_000035: frames=43  dim=900
  seq_000036: frames=80  dim=900
  seq_000037: frames=48  dim=900
  seq_000038: frames=75  dim=900
  seq_000039: frames=89  dim=900
  seq_000040: frames=43  dim=900
  seq_000041: frames=51  dim=900
  seq_000042: frames=80  dim=900
  seq_000043: frames=29  dim=900
  seq_000044: frames=83  dim=900

Methods: ['SSC-Block-TV-Col21']
CV mode: 14 folds of size 3, each rotated as test
  2 sequences unused (remainder dropped)
  fold 0: ['seq_000003', 'seq_000005', 'seq_000035']
  fold 1: ['seq_000019', 'seq_000024', 'seq_000033']
  fold 2: ['seq_000002', 'seq_000012', 'seq_000023']
  fold 3: ['seq_000020', 'seq_000022', 'seq_000028']
  fold 4: ['seq_000004', 'seq_000011', 'seq_000042']
  fold 5: ['seq_000017', 'seq_000031', 'seq_000039']
  fold 6: ['seq_000009', 'seq_000021', 'seq_000029']
  fold 7: ['seq_000018', 'seq_000036', 'seq_000043']
  fold 8: ['seq_000001', 'seq_000025', 'seq_000026']
  fold 9: ['seq_000027', 'seq_000040', 'seq_000041']
  fold 10: ['seq_000007', 'seq_000010', 'seq_000037']
  fold 11: ['seq_000013', 'seq_000014', 'seq_000038']
  fold 12: ['seq_000006', 'seq_000008', 'seq_000044']
  fold 13: ['seq_000015', 'seq_000030', 'seq_000034']
  tune_pool_groups=20: sampling from 41 held-in sequences (overlap allowed) instead of the 13 fixed fold group(s)

============================================================
σ=0.0 fold=0  test=['seq_000003', 'seq_000005', 'seq_000035']  train mats=13  test mats=1  tune mats=20
  --- tune SSC-Block-TV-Col21 over 20 train mats  n_trials=40 (4 params) ---
  SSC-Block-TV-Col21 trial 0: mean ARI=0.8371  n=20  5.9s  lambda_e=1, lambda_z=0.1, gamma_q=0.1, block_size=5
  SSC-Block-TV-Col21 trial 1: mean ARI=0.8455  n=20  5.7s  lambda_e=0.443, lambda_z=0.7257, gamma_q=0.2577, block_size=7
  SSC-Block-TV-Col21 trial 2: mean ARI=0.7731  n=20  5.6s  lambda_e=0.1866, lambda_z=0.3833, gamma_q=0.05628, block_size=11
  SSC-Block-TV-Col21 trial 3: mean ARI=0.5430  n=20  5.7s  lambda_e=7.78, lambda_z=0.03418, gamma_q=1.469, block_size=7
  SSC-Block-TV-Col21 trial 4: mean ARI=0.6990  n=20  6.0s  lambda_e=0.506, lambda_z=5.039, gamma_q=0.001924, block_size=2
  SSC-Block-TV-Col21 trial 5: mean ARI=0.5211  n=20  5.5s  lambda_e=0.0115, lambda_z=2.14, gamma_q=1.296, block_size=11
  SSC-Block-TV-Col21 trial 6: mean ARI=0.7382  n=20  5.6s  lambda_e=8.627, lambda_z=1.573, gamma_q=0.07013, block_size=10
  SSC-Block-TV-Col21 trial 7: mean ARI=0.7865  n=20  5.5s  lambda_e=0.02264, lambda_z=0.3628, gamma_q=0.003745, block_size=12
  SSC-Block-TV-Col21 trial 8: mean ARI=0.8482  n=20  5.5s  lambda_e=0.3677, lambda_z=0.04557, gamma_q=0.01143, block_size=10
  SSC-Block-TV-Col21 trial 9: mean ARI=0.7535  n=20  5.5s  lambda_e=0.2336, lambda_z=0.1878, gamma_q=0.001189, block_size=8
  SSC-Block-TV-Col21 trial 10: mean ARI=0.7845  n=20  5.9s  lambda_e=0.0543, lambda_z=0.001491, gamma_q=6.473, block_size=2
  SSC-Block-TV-Col21 trial 11: mean ARI=0.8667  n=20  5.6s  lambda_e=1.685, lambda_z=0.009861, gamma_q=0.01198, block_size=8
  SSC-Block-TV-Col21 trial 12: mean ARI=0.8548  n=20  5.5s  lambda_e=2.028, lambda_z=0.00523, gamma_q=0.009515, block_size=9
  SSC-Block-TV-Col21 trial 13: mean ARI=0.8388  n=20  5.6s  lambda_e=2.256, lambda_z=0.00521, gamma_q=0.01102, block_size=8
  SSC-Block-TV-Col21 trial 14: mean ARI=0.8646  n=20  5.6s  lambda_e=2.273, lambda_z=0.008454, gamma_q=0.01337, block_size=5
  SSC-Block-TV-Col21 trial 15: mean ARI=0.8606  n=20  5.6s  lambda_e=3.089, lambda_z=0.01008, gamma_q=0.0234, block_size=5
  SSC-Block-TV-Col21 trial 16: mean ARI=0.7148  n=20  5.7s  lambda_e=1.119, lambda_z=0.001037, gamma_q=0.006338, block_size=4
  SSC-Block-TV-Col21 trial 17: mean ARI=0.8676  n=20  5.6s  lambda_e=3.973, lambda_z=0.01514, gamma_q=0.02276, block_size=6
  SSC-Block-TV-Col21 trial 18: mean ARI=0.5972  n=20  5.6s  lambda_e=4.348, lambda_z=0.02564, gamma_q=0.2343, block_size=6
  SSC-Block-TV-Col21 trial 19: mean ARI=0.8634  n=20  5.7s  lambda_e=1.084, lambda_z=0.01473, gamma_q=0.02584, block_size=3
  SSC-Block-TV-Col21 trial 20: mean ARI=0.8707  n=20  5.6s  lambda_e=4.923, lambda_z=0.00286, gamma_q=0.003064, block_size=7
  SSC-Block-TV-Col21 trial 21: mean ARI=0.8707  n=20  5.6s  lambda_e=4.531, lambda_z=0.003053, gamma_q=0.003165, block_size=7
  SSC-Block-TV-Col21 trial 22: mean ARI=0.8626  n=20  5.6s  lambda_e=4.944, lambda_z=0.002527, gamma_q=0.003823, block_size=6
  SSC-Block-TV-Col21 trial 23: mean ARI=0.8484  n=20  5.6s  lambda_e=9.81, lambda_z=0.002537, gamma_q=0.001059, block_size=7
  SSC-Block-TV-Col21 trial 24: mean ARI=0.8644  n=20  5.6s  lambda_e=5.02, lambda_z=0.003251, gamma_q=0.003072, block_size=6
  SSC-Block-TV-Col21 trial 25: mean ARI=0.8583  n=20  5.6s  lambda_e=3.709, lambda_z=0.02046, gamma_q=0.0286, block_size=4
  SSC-Block-TV-Col21 trial 26: mean ARI=0.8705  n=20  5.6s  lambda_e=5.957, lambda_z=0.004737, gamma_q=0.00283, block_size=9
  SSC-Block-TV-Col21 trial 27: mean ARI=0.8733  n=20  5.5s  lambda_e=5.732, lambda_z=0.00191, gamma_q=0.00253, block_size=9
  SSC-Block-TV-Col21 trial 28: mean ARI=0.8733  n=20  5.6s  lambda_e=0.741, lambda_z=0.001535, gamma_q=0.001747, block_size=9
  SSC-Block-TV-Col21 trial 29: mean ARI=0.7469  n=20  5.6s  lambda_e=0.7538, lambda_z=0.001016, gamma_q=0.005923, block_size=9
  SSC-Block-TV-Col21 trial 30: mean ARI=0.8688  n=20  5.6s  lambda_e=0.1894, lambda_z=0.001585, gamma_q=0.001666, block_size=10
  SSC-Block-TV-Col21 trial 31: mean ARI=0.8660  n=20  5.6s  lambda_e=1.506, lambda_z=0.002089, gamma_q=0.002021, block_size=8
  SSC-Block-TV-Col21 trial 32: mean ARI=0.8691  n=20  5.6s  lambda_e=0.6275, lambda_z=0.004201, gamma_q=0.005625, block_size=7
  SSC-Block-TV-Col21 trial 33: mean ARI=0.8599  n=20  5.5s  lambda_e=0.098, lambda_z=0.00756, gamma_q=0.001885, block_size=9
  SSC-Block-TV-Col21 trial 34: mean ARI=0.8503  n=20  5.6s  lambda_e=6.819, lambda_z=0.001667, gamma_q=0.001096, block_size=7
  SSC-Block-TV-Col21 trial 35: mean ARI=0.8618  n=20  5.5s  lambda_e=2.904, lambda_z=0.003238, gamma_q=0.005307, block_size=11
  SSC-Block-TV-Col21 trial 36: mean ARI=0.8546  n=20  5.5s  lambda_e=0.3694, lambda_z=0.001334, gamma_q=0.002527, block_size=8
  SSC-Block-TV-Col21 trial 37: mean ARI=0.8657  n=20  5.5s  lambda_e=1.376, lambda_z=0.05566, gamma_q=0.003727, block_size=10
  SSC-Block-TV-Col21 trial 38: mean ARI=0.8503  n=20  5.6s  lambda_e=7.319, lambda_z=0.002315, gamma_q=0.001653, block_size=7
  SSC-Block-TV-Col21 trial 39: mean ARI=0.8371  n=20  5.6s  lambda_e=0.8762, lambda_z=0.007254, gamma_q=0.00761, block_size=11
    best mean ARI=0.8733  tune 224.6s  lambda_e=5.732, lambda_z=0.00191, gamma_q=0.00253, block_size=9
  wrote /nfs/turbo/umms-minjilab/lpullela/icassp_ssc_tv2/block_ssc_benchmark/cv/params/ballet/ballet_cluster_sigmas_0_params_knownk_cv_ssc_block_tv_col21_k3_sigma0_sigma0_fold0.json

=== train[1] k=3  dim=900  frames=160  σ=0.0  fold=0  seqs=['seq_000019', 'seq_000024', 'seq_000033'] ===
  SSC-Block-TV-Col21: k_hat=3  ACC=1.0000  NMI=1.0000  ARI=1.0000  0.2s

=== train[2] k=3  dim=900  frames=219  σ=0.0  fold=0  seqs=['seq_000002', 'seq_000012', 'seq_000023'] ===
  SSC-Block-TV-Col21: k_hat=3  ACC=0.7123  NMI=0.6559  ARI=0.4622  0.4s

=== train[3] k=3  dim=900  frames=164  σ=0.0  fold=0  seqs=['seq_000020', 'seq_000022', 'seq_000028'] ===
  SSC-Block-TV-Col21: k_hat=3  ACC=0.6707  NMI=0.5548  ARI=0.4325  0.2s

=== train[4] k=3  dim=900  frames=252  σ=0.0  fold=0  seqs=['seq_000004', 'seq_000011', 'seq_000042'] ===
  SSC-Block-TV-Col21: k_hat=3  ACC=1.0000  NMI=1.0000  ARI=1.0000  0.5s

=== train[5] k=3  dim=900  frames=235  σ=0.0  fold=0  seqs=['seq_000017', 'seq_000031', 'seq_000039'] ===
  SSC-Block-TV-Col21: k_hat=3  ACC=0.9915  NMI=0.9639  ARI=0.9786  0.4s

=== train[6] k=3  dim=900  frames=155  σ=0.0  fold=0  seqs=['seq_000009', 'seq_000021', 'seq_000029'] ===
  SSC-Block-TV-Col21: k_hat=3  ACC=1.0000  NMI=1.0000  ARI=1.0000  0.2s

=== train[7] k=3  dim=900  frames=153  σ=0.0  fold=0  seqs=['seq_000018', 'seq_000036', 'seq_000043'] ===
  SSC-Block-TV-Col21: k_hat=3  ACC=0.7386  NMI=0.6784  ARI=0.4911  0.2s

=== train[8] k=3  dim=900  frames=149  σ=0.0  fold=0  seqs=['seq_000001', 'seq_000025', 'seq_000026'] ===
  SSC-Block-TV-Col21: k_hat=3  ACC=1.0000  NMI=1.0000  ARI=1.0000  0.2s

=== train[9] k=3  dim=900  frames=130  σ=0.0  fold=0  seqs=['seq_000027', 'seq_000040', 'seq_000041'] ===
  SSC-Block-TV-Col21: k_hat=3  ACC=0.6308  NMI=0.5076  ARI=0.3660  0.2s

=== train[10] k=3  dim=900  frames=99  σ=0.0  fold=0  seqs=['seq_000007', 'seq_000010', 'seq_000037'] ===
  SSC-Block-TV-Col21: k_hat=3  ACC=1.0000  NMI=1.0000  ARI=1.0000  0.1s

=== train[11] k=3  dim=900  frames=210  σ=0.0  fold=0  seqs=['seq_000013', 'seq_000014', 'seq_000038'] ===
  SSC-Block-TV-Col21: k_hat=3  ACC=0.9333  NMI=0.8462  ARI=0.8409  0.3s

=== train[12] k=3  dim=900  frames=205  σ=0.0  fold=0  seqs=['seq_000006', 'seq_000008', 'seq_000044'] ===
  SSC-Block-TV-Col21: k_hat=3  ACC=1.0000  NMI=1.0000  ARI=1.0000  0.3s

=== train[13] k=3  dim=900  frames=111  σ=0.0  fold=0  seqs=['seq_000015', 'seq_000030', 'seq_000034'] ===
  SSC-Block-TV-Col21: k_hat=3  ACC=0.6757  NMI=0.6871  ARI=0.5321  0.1s

=== test[0] k=3  dim=900  frames=88  σ=0.0  fold=0  seqs=['seq_000003', 'seq_000005', 'seq_000035'] ===
  SSC-Block-TV-Col21: k_hat=3  ACC=0.6932  NMI=0.5522  ARI=0.4363  0.1s
  tune_pool_groups=20: sampling from 41 held-in sequences (overlap allowed) instead of the 13 fixed fold group(s)

============================================================
σ=0.0 fold=1  test=['seq_000019', 'seq_000024', 'seq_000033']  train mats=13  test mats=1  tune mats=20
  --- tune SSC-Block-TV-Col21 over 20 train mats  n_trials=40 (4 params) ---
  SSC-Block-TV-Col21 trial 0: mean ARI=0.7826  n=20  4.9s  lambda_e=1, lambda_z=0.1, gamma_q=0.1, block_size=5
  SSC-Block-TV-Col21 trial 1: mean ARI=0.7863  n=20  4.9s  lambda_e=0.443, lambda_z=0.7257, gamma_q=0.2577, block_size=7
  SSC-Block-TV-Col21 trial 2: mean ARI=0.7209  n=20  4.8s  lambda_e=0.1866, lambda_z=0.3833, gamma_q=0.05628, block_size=11
  SSC-Block-TV-Col21 trial 3: mean ARI=0.5804  n=20  4.9s  lambda_e=7.78, lambda_z=0.03418, gamma_q=1.469, block_size=7
  SSC-Block-TV-Col21 trial 4: mean ARI=0.6048  n=20  5.1s  lambda_e=0.506, lambda_z=5.039, gamma_q=0.001924, block_size=2
  SSC-Block-TV-Col21 trial 5: mean ARI=0.5705  n=20  4.9s  lambda_e=0.0115, lambda_z=2.14, gamma_q=1.296, block_size=11
  SSC-Block-TV-Col21 trial 6: mean ARI=0.5663  n=20  4.9s  lambda_e=8.627, lambda_z=1.573, gamma_q=0.07013, block_size=10
  SSC-Block-TV-Col21 trial 7: mean ARI=0.7704  n=20  4.9s  lambda_e=0.02264, lambda_z=0.3628, gamma_q=0.003745, block_size=12
  SSC-Block-TV-Col21 trial 8: mean ARI=0.7891  n=20  4.8s  lambda_e=0.3677, lambda_z=0.04557, gamma_q=0.01143, block_size=10
  SSC-Block-TV-Col21 trial 9: mean ARI=0.7618  n=20  4.9s  lambda_e=0.2336, lambda_z=0.1878, gamma_q=0.001189, block_size=8
  SSC-Block-TV-Col21 trial 10: mean ARI=0.6729  n=20  5.2s  lambda_e=0.0543, lambda_z=0.001491, gamma_q=6.473, block_size=2
  SSC-Block-TV-Col21 trial 11: mean ARI=0.8115  n=20  4.8s  lambda_e=1.685, lambda_z=0.009861, gamma_q=0.01198, block_size=8
  SSC-Block-TV-Col21 trial 12: mean ARI=0.7938  n=20  4.8s  lambda_e=2.028, lambda_z=0.00523, gamma_q=0.009515, block_size=9
  SSC-Block-TV-Col21 trial 13: mean ARI=0.8096  n=20  4.8s  lambda_e=2.256, lambda_z=0.00521, gamma_q=0.01102, block_size=8
  SSC-Block-TV-Col21 trial 14: mean ARI=0.7940  n=20  4.9s  lambda_e=2.415, lambda_z=0.008454, gamma_q=0.01674, block_size=5
  SSC-Block-TV-Col21 trial 15: mean ARI=0.5068  n=20  4.9s  lambda_e=3.077, lambda_z=0.00111, gamma_q=0.0234, block_size=5
  SSC-Block-TV-Col21 trial 16: mean ARI=0.8273  n=20  4.9s  lambda_e=1.114, lambda_z=0.00969, gamma_q=0.006338, block_size=7
  SSC-Block-TV-Col21 trial 17: mean ARI=0.8175  n=20  4.9s  lambda_e=0.09631, lambda_z=0.01514, gamma_q=0.003898, block_size=6
  SSC-Block-TV-Col21 trial 18: mean ARI=0.8193  n=20  5.0s  lambda_e=0.07603, lambda_z=0.02564, gamma_q=0.00355, block_size=4
  SSC-Block-TV-Col21 trial 19: mean ARI=0.8195  n=20  5.0s  lambda_e=0.0465, lambda_z=0.02905, gamma_q=0.003958, block_size=3
  SSC-Block-TV-Col21 trial 20: mean ARI=0.8072  n=20  5.0s  lambda_e=0.0323, lambda_z=0.08094, gamma_q=0.001001, block_size=3
  SSC-Block-TV-Col21 trial 21: mean ARI=0.8193  n=20  4.9s  lambda_e=0.08996, lambda_z=0.02393, gamma_q=0.003882, block_size=4
  SSC-Block-TV-Col21 trial 22: mean ARI=0.8016  n=20  5.0s  lambda_e=0.01006, lambda_z=0.003217, gamma_q=0.004046, block_size=3
  SSC-Block-TV-Col21 trial 23: mean ARI=0.8112  n=20  5.0s  lambda_e=0.1064, lambda_z=0.02006, gamma_q=0.03491, block_size=4
  SSC-Block-TV-Col21 trial 24: mean ARI=0.8107  n=20  5.0s  lambda_e=0.02684, lambda_z=0.1061, gamma_q=0.002247, block_size=3
  SSC-Block-TV-Col21 trial 25: mean ARI=0.7910  n=20  4.9s  lambda_e=0.05842, lambda_z=0.0457, gamma_q=0.006338, block_size=6
  SSC-Block-TV-Col21 trial 26: mean ARI=0.8121  n=20  5.1s  lambda_e=0.846, lambda_z=0.003297, gamma_q=0.001994, block_size=4
  SSC-Block-TV-Col21 trial 27: mean ARI=0.4764  n=20  5.0s  lambda_e=0.1976, lambda_z=0.01225, gamma_q=0.1833, block_size=6
  SSC-Block-TV-Col21 trial 28: mean ARI=0.8144  n=20  5.2s  lambda_e=0.04296, lambda_z=0.05508, gamma_q=0.03374, block_size=2
  SSC-Block-TV-Col21 trial 29: mean ARI=0.7798  n=20  5.1s  lambda_e=0.01694, lambda_z=0.1414, gamma_q=0.006795, block_size=4
  SSC-Block-TV-Col21 trial 30: mean ARI=0.7248  n=20  5.0s  lambda_e=4.722, lambda_z=0.03012, gamma_q=0.1286, block_size=5
  SSC-Block-TV-Col21 trial 31: mean ARI=0.8193  n=20  5.1s  lambda_e=0.09735, lambda_z=0.02537, gamma_q=0.004152, block_size=4
  SSC-Block-TV-Col21 trial 32: mean ARI=0.8119  n=20  5.1s  lambda_e=0.13, lambda_z=0.007218, gamma_q=0.002615, block_size=3
  SSC-Block-TV-Col21 trial 33: mean ARI=0.8055  n=20  5.0s  lambda_e=0.06689, lambda_z=0.01817, gamma_q=0.006382, block_size=5
  SSC-Block-TV-Col21 trial 34: mean ARI=0.7012  n=20  5.0s  lambda_e=0.8061, lambda_z=0.00274, gamma_q=0.01964, block_size=7
  SSC-Block-TV-Col21 trial 35: mean ARI=0.7991  n=20  5.0s  lambda_e=0.286, lambda_z=0.07116, gamma_q=0.001232, block_size=4
  SSC-Block-TV-Col21 trial 36: mean ARI=0.7000  n=20  5.1s  lambda_e=0.1429, lambda_z=0.02722, gamma_q=0.4445, block_size=2
  SSC-Block-TV-Col21 trial 37: mean ARI=0.7540  n=20  4.9s  lambda_e=0.01764, lambda_z=0.2044, gamma_q=0.006301, block_size=6
  SSC-Block-TV-Col21 trial 38: mean ARI=0.8034  n=20  4.9s  lambda_e=0.5737, lambda_z=0.01352, gamma_q=0.002751, block_size=7
  SSC-Block-TV-Col21 trial 39: mean ARI=0.7986  n=20  5.0s  lambda_e=0.03876, lambda_z=0.3503, gamma_q=0.04978, block_size=3
    best mean ARI=0.8273  tune 198.5s  lambda_e=1.114, lambda_z=0.00969, gamma_q=0.006338, block_size=7
  wrote /nfs/turbo/umms-minjilab/lpullela/icassp_ssc_tv2/block_ssc_benchmark/cv/params/ballet/ballet_cluster_sigmas_0_params_knownk_cv_ssc_block_tv_col21_k3_sigma0_sigma0_fold1.json

=== train[35] k=3  dim=900  frames=88  σ=0.0  fold=1  seqs=['seq_000003', 'seq_000005', 'seq_000035'] ===
  SSC-Block-TV-Col21: k_hat=3  ACC=0.6818  NMI=0.4916  ARI=0.3019  0.1s

=== train[36] k=3  dim=900  frames=219  σ=0.0  fold=1  seqs=['seq_000002', 'seq_000012', 'seq_000023'] ===
  SSC-Block-TV-Col21: k_hat=3  ACC=0.7032  NMI=0.6541  ARI=0.4596  0.4s

=== train[37] k=3  dim=900  frames=164  σ=0.0  fold=1  seqs=['seq_000020', 'seq_000022', 'seq_000028'] ===
  SSC-Block-TV-Col21: k_hat=3  ACC=0.6585  NMI=0.5399  ARI=0.4112  0.2s

=== train[38] k=3  dim=900  frames=252  σ=0.0  fold=1  seqs=['seq_000004', 'seq_000011', 'seq_000042'] ===
  SSC-Block-TV-Col21: k_hat=3  ACC=1.0000  NMI=1.0000  ARI=1.0000  0.5s

=== train[39] k=3  dim=900  frames=235  σ=0.0  fold=1  seqs=['seq_000017', 'seq_000031', 'seq_000039'] ===
  SSC-Block-TV-Col21: k_hat=3  ACC=1.0000  NMI=1.0000  ARI=1.0000  0.4s

=== train[40] k=3  dim=900  frames=155  σ=0.0  fold=1  seqs=['seq_000009', 'seq_000021', 'seq_000029'] ===
  SSC-Block-TV-Col21: k_hat=3  ACC=1.0000  NMI=1.0000  ARI=1.0000  0.2s

=== train[41] k=3  dim=900  frames=153  σ=0.0  fold=1  seqs=['seq_000018', 'seq_000036', 'seq_000043'] ===
  SSC-Block-TV-Col21: k_hat=3  ACC=0.7124  NMI=0.6704  ARI=0.4756  0.2s

=== train[42] k=3  dim=900  frames=149  σ=0.0  fold=1  seqs=['seq_000001', 'seq_000025', 'seq_000026'] ===
  SSC-Block-TV-Col21: k_hat=3  ACC=1.0000  NMI=1.0000  ARI=1.0000  0.2s

=== train[43] k=3  dim=900  frames=130  σ=0.0  fold=1  seqs=['seq_000027', 'seq_000040', 'seq_000041'] ===
  SSC-Block-TV-Col21: k_hat=3  ACC=0.6077  NMI=0.5001  ARI=0.3617  0.2s

=== train[44] k=3  dim=900  frames=99  σ=0.0  fold=1  seqs=['seq_000007', 'seq_000010', 'seq_000037'] ===
  SSC-Block-TV-Col21: k_hat=3  ACC=1.0000  NMI=1.0000  ARI=1.0000  0.1s

=== train[45] k=3  dim=900  frames=210  σ=0.0  fold=1  seqs=['seq_000013', 'seq_000014', 'seq_000038'] ===
  SSC-Block-TV-Col21: k_hat=3  ACC=0.9333  NMI=0.8462  ARI=0.8409  0.3s

=== train[46] k=3  dim=900  frames=205  σ=0.0  fold=1  seqs=['seq_000006', 'seq_000008', 'seq_000044'] ===
  SSC-Block-TV-Col21: k_hat=3  ACC=1.0000  NMI=1.0000  ARI=1.0000  0.3s

=== train[47] k=3  dim=900  frames=111  σ=0.0  fold=1  seqs=['seq_000015', 'seq_000030', 'seq_000034'] ===
  SSC-Block-TV-Col21: k_hat=3  ACC=0.6937  NMI=0.6931  ARI=0.5498  0.1s

=== test[34] k=3  dim=900  frames=160  σ=0.0  fold=1  seqs=['seq_000019', 'seq_000024', 'seq_000033'] ===
  SSC-Block-TV-Col21: k_hat=3  ACC=1.0000  NMI=1.0000  ARI=1.0000  0.2s
  tune_pool_groups=20: sampling from 41 held-in sequences (overlap allowed) instead of the 13 fixed fold group(s)

============================================================
σ=0.0 fold=2  test=['seq_000002', 'seq_000012', 'seq_000023']  train mats=13  test mats=1  tune mats=20
  --- tune SSC-Block-TV-Col21 over 20 train mats  n_trials=40 (4 params) ---
  SSC-Block-TV-Col21 trial 0: mean ARI=0.6717  n=20  5.2s  lambda_e=1, lambda_z=0.1, gamma_q=0.1, block_size=5
  SSC-Block-TV-Col21 trial 1: mean ARI=0.6378  n=20  5.2s  lambda_e=0.443, lambda_z=0.7257, gamma_q=0.2577, block_size=7
  SSC-Block-TV-Col21 trial 2: mean ARI=0.6584  n=20  5.1s  lambda_e=0.1866, lambda_z=0.3833, gamma_q=0.05628, block_size=11
  SSC-Block-TV-Col21 trial 3: mean ARI=0.5625  n=20  5.2s  lambda_e=7.78, lambda_z=0.03418, gamma_q=1.469, block_size=7
  SSC-Block-TV-Col21 trial 4: mean ARI=0.5664  n=20  5.5s  lambda_e=0.506, lambda_z=5.039, gamma_q=0.001924, block_size=2
  SSC-Block-TV-Col21 trial 5: mean ARI=0.5965  n=20  5.2s  lambda_e=0.0115, lambda_z=2.14, gamma_q=1.296, block_size=11
  SSC-Block-TV-Col21 trial 6: mean ARI=0.5344  n=20  5.1s  lambda_e=8.627, lambda_z=1.573, gamma_q=0.07013, block_size=10
  SSC-Block-TV-Col21 trial 7: mean ARI=0.6884  n=20  5.1s  lambda_e=0.02264, lambda_z=0.3628, gamma_q=0.003745, block_size=12
  SSC-Block-TV-Col21 trial 8: mean ARI=0.6999  n=20  5.1s  lambda_e=0.3677, lambda_z=0.04557, gamma_q=0.01143, block_size=10
  SSC-Block-TV-Col21 trial 9: mean ARI=0.7289  n=20  5.1s  lambda_e=0.2336, lambda_z=0.1878, gamma_q=0.001189, block_size=8
  SSC-Block-TV-Col21 trial 10: mean ARI=0.6529  n=20  5.4s  lambda_e=0.06732, lambda_z=0.001648, gamma_q=6.473, block_size=2
  SSC-Block-TV-Col21 trial 11: mean ARI=0.6742  n=20  5.1s  lambda_e=2.213, lambda_z=0.02085, gamma_q=0.009571, block_size=9
  SSC-Block-TV-Col21 trial 12: mean ARI=0.6704  n=20  5.1s  lambda_e=0.1139, lambda_z=0.00593, gamma_q=0.001069, block_size=8
  SSC-Block-TV-Col21 trial 13: mean ARI=0.7047  n=20  5.2s  lambda_e=0.2346, lambda_z=0.09805, gamma_q=0.01396, block_size=5
  SSC-Block-TV-Col21 trial 14: mean ARI=0.7066  n=20  5.2s  lambda_e=0.05946, lambda_z=0.1148, gamma_q=0.009733, block_size=5
  SSC-Block-TV-Col21 trial 15: mean ARI=0.6811  n=20  5.2s  lambda_e=0.05124, lambda_z=0.1299, gamma_q=0.003917, block_size=5
  SSC-Block-TV-Col21 trial 16: mean ARI=0.6464  n=20  5.2s  lambda_e=0.03737, lambda_z=0.01022, gamma_q=0.02235, block_size=4
  SSC-Block-TV-Col21 trial 17: mean ARI=0.5243  n=20  5.2s  lambda_e=0.09426, lambda_z=9.329, gamma_q=0.003898, block_size=7
  SSC-Block-TV-Col21 trial 18: mean ARI=0.7288  n=20  5.2s  lambda_e=1.378, lambda_z=0.2212, gamma_q=0.00155, block_size=4
  SSC-Block-TV-Col21 trial 19: mean ARI=0.6646  n=20  5.3s  lambda_e=3.182, lambda_z=0.3387, gamma_q=0.001312, block_size=3
  SSC-Block-TV-Col21 trial 20: mean ARI=0.5348  n=20  5.2s  lambda_e=1.266, lambda_z=1.107, gamma_q=0.002617, block_size=6
  SSC-Block-TV-Col21 trial 21: mean ARI=0.7262  n=20  5.2s  lambda_e=0.7763, lambda_z=0.1687, gamma_q=0.006976, block_size=4
  SSC-Block-TV-Col21 trial 22: mean ARI=0.7287  n=20  5.3s  lambda_e=1.167, lambda_z=0.2396, gamma_q=0.001038, block_size=4
  SSC-Block-TV-Col21 trial 23: mean ARI=0.6558  n=20  5.3s  lambda_e=3.011, lambda_z=0.5983, gamma_q=0.001041, block_size=3
  SSC-Block-TV-Col21 trial 24: mean ARI=0.6822  n=20  5.3s  lambda_e=1.629, lambda_z=0.04929, gamma_q=0.002285, block_size=3
  SSC-Block-TV-Col21 trial 25: mean ARI=0.5100  n=20  5.2s  lambda_e=5.22, lambda_z=2.989, gamma_q=0.005147, block_size=6
  SSC-Block-TV-Col21 trial 26: mean ARI=0.7140  n=20  5.2s  lambda_e=0.5966, lambda_z=0.238, gamma_q=0.02838, block_size=8
  SSC-Block-TV-Col21 trial 27: mean ARI=0.6559  n=20  5.2s  lambda_e=0.2159, lambda_z=0.6396, gamma_q=0.001901, block_size=4
  SSC-Block-TV-Col21 trial 28: mean ARI=0.6859  n=20  5.2s  lambda_e=4.479, lambda_z=0.01786, gamma_q=0.001041, block_size=6
  SSC-Block-TV-Col21 trial 29: mean ARI=0.7079  n=20  5.2s  lambda_e=1.099, lambda_z=0.0624, gamma_q=0.002554, block_size=8
  SSC-Block-TV-Col21 trial 30: mean ARI=0.7490  n=20  5.2s  lambda_e=1.784, lambda_z=0.2286, gamma_q=0.004705, block_size=4
  SSC-Block-TV-Col21 trial 31: mean ARI=0.7494  n=20  5.2s  lambda_e=1.778, lambda_z=0.2091, gamma_q=0.005742, block_size=4
  SSC-Block-TV-Col21 trial 32: mean ARI=0.6871  n=20  5.3s  lambda_e=1.939, lambda_z=0.07574, gamma_q=0.02321, block_size=3
  SSC-Block-TV-Col21 trial 33: mean ARI=0.6443  n=20  5.2s  lambda_e=0.8429, lambda_z=0.9758, gamma_q=0.1992, block_size=5
  SSC-Block-TV-Col21 trial 34: mean ARI=0.7323  n=20  5.4s  lambda_e=0.3007, lambda_z=0.1857, gamma_q=0.00621, block_size=2
  SSC-Block-TV-Col21 trial 35: mean ARI=0.7006  n=20  5.4s  lambda_e=0.3672, lambda_z=0.4686, gamma_q=0.03881, block_size=2
  SSC-Block-TV-Col21 trial 36: mean ARI=0.6804  n=20  5.4s  lambda_e=0.1672, lambda_z=0.03067, gamma_q=0.00624, block_size=2
  SSC-Block-TV-Col21 trial 37: mean ARI=0.7029  n=20  5.2s  lambda_e=0.323, lambda_z=0.179, gamma_q=0.01758, block_size=7
  SSC-Block-TV-Col21 trial 38: mean ARI=0.6458  n=20  5.4s  lambda_e=0.6666, lambda_z=0.962, gamma_q=0.007414, block_size=2
  SSC-Block-TV-Col21 trial 39: mean ARI=0.6777  n=20  5.1s  lambda_e=0.1333, lambda_z=0.08503, gamma_q=0.08444, block_size=12
    best mean ARI=0.7494  tune 209.4s  lambda_e=1.778, lambda_z=0.2091, gamma_q=0.005742, block_size=4
  wrote /nfs/turbo/umms-minjilab/lpullela/icassp_ssc_tv2/block_ssc_benchmark/cv/params/ballet/ballet_cluster_sigmas_0_params_knownk_cv_ssc_block_tv_col21_k3_sigma0_sigma0_fold2.json

=== train[69] k=3  dim=900  frames=88  σ=0.0  fold=2  seqs=['seq_000003', 'seq_000005', 'seq_000035'] ===
  SSC-Block-TV-Col21: k_hat=3  ACC=0.6364  NMI=0.3508  ARI=0.1441  0.1s

=== train[70] k=3  dim=900  frames=160  σ=0.0  fold=2  seqs=['seq_000019', 'seq_000024', 'seq_000033'] ===
  SSC-Block-TV-Col21: k_hat=3  ACC=1.0000  NMI=1.0000  ARI=1.0000  0.2s

=== train[71] k=3  dim=900  frames=164  σ=0.0  fold=2  seqs=['seq_000020', 'seq_000022', 'seq_000028'] ===
  SSC-Block-TV-Col21: k_hat=3  ACC=0.7866  NMI=0.7241  ARI=0.6842  0.2s

=== train[72] k=3  dim=900  frames=252  σ=0.0  fold=2  seqs=['seq_000004', 'seq_000011', 'seq_000042'] ===
  SSC-Block-TV-Col21: k_hat=3  ACC=1.0000  NMI=1.0000  ARI=1.0000  0.5s

=== train[73] k=3  dim=900  frames=235  σ=0.0  fold=2  seqs=['seq_000017', 'seq_000031', 'seq_000039'] ===
  SSC-Block-TV-Col21: k_hat=3  ACC=0.6511  NMI=0.6775  ARI=0.5121  0.5s

=== train[74] k=3  dim=900  frames=155  σ=0.0  fold=2  seqs=['seq_000009', 'seq_000021', 'seq_000029'] ===
  SSC-Block-TV-Col21: k_hat=3  ACC=1.0000  NMI=1.0000  ARI=1.0000  0.2s

=== train[75] k=3  dim=900  frames=153  σ=0.0  fold=2  seqs=['seq_000018', 'seq_000036', 'seq_000043'] ===
  SSC-Block-TV-Col21: k_hat=3  ACC=0.7059  NMI=0.6688  ARI=0.4727  0.2s

=== train[76] k=3  dim=900  frames=149  σ=0.0  fold=2  seqs=['seq_000001', 'seq_000025', 'seq_000026'] ===
  SSC-Block-TV-Col21: k_hat=3  ACC=0.7114  NMI=0.5636  ARI=0.3091  0.2s

=== train[77] k=3  dim=900  frames=130  σ=0.0  fold=2  seqs=['seq_000027', 'seq_000040', 'seq_000041'] ===
  SSC-Block-TV-Col21: k_hat=3  ACC=0.7000  NMI=0.6672  ARI=0.4812  0.2s

=== train[78] k=3  dim=900  frames=99  σ=0.0  fold=2  seqs=['seq_000007', 'seq_000010', 'seq_000037'] ===
  SSC-Block-TV-Col21: k_hat=3  ACC=1.0000  NMI=1.0000  ARI=1.0000  0.1s

=== train[79] k=3  dim=900  frames=210  σ=0.0  fold=2  seqs=['seq_000013', 'seq_000014', 'seq_000038'] ===
  SSC-Block-TV-Col21: k_hat=3  ACC=0.5571  NMI=0.3399  ARI=0.1005  0.3s

=== train[80] k=3  dim=900  frames=205  σ=0.0  fold=2  seqs=['seq_000006', 'seq_000008', 'seq_000044'] ===
  SSC-Block-TV-Col21: k_hat=3  ACC=1.0000  NMI=1.0000  ARI=1.0000  0.3s

=== train[81] k=3  dim=900  frames=111  σ=0.0  fold=2  seqs=['seq_000015', 'seq_000030', 'seq_000034'] ===
  SSC-Block-TV-Col21: k_hat=3  ACC=0.9009  NMI=0.8124  ARI=0.8080  0.1s

=== test[68] k=3  dim=900  frames=219  σ=0.0  fold=2  seqs=['seq_000002', 'seq_000012', 'seq_000023'] ===
  SSC-Block-TV-Col21: k_hat=3  ACC=0.6895  NMI=0.6524  ARI=0.4572  0.4s
  tune_pool_groups=20: sampling from 41 held-in sequences (overlap allowed) instead of the 13 fixed fold group(s)

============================================================
σ=0.0 fold=3  test=['seq_000020', 'seq_000022', 'seq_000028']  train mats=13  test mats=1  tune mats=20
  --- tune SSC-Block-TV-Col21 over 20 train mats  n_trials=40 (4 params) ---
  SSC-Block-TV-Col21 trial 0: mean ARI=0.7622  n=20  5.0s  lambda_e=1, lambda_z=0.1, gamma_q=0.1, block_size=5
  SSC-Block-TV-Col21 trial 1: mean ARI=0.7178  n=20  5.0s  lambda_e=0.443, lambda_z=0.7257, gamma_q=0.2577, block_size=7
  SSC-Block-TV-Col21 trial 2: mean ARI=0.6787  n=20  4.9s  lambda_e=0.1866, lambda_z=0.3833, gamma_q=0.05628, block_size=11
  SSC-Block-TV-Col21 trial 3: mean ARI=0.5413  n=20  4.9s  lambda_e=7.78, lambda_z=0.03418, gamma_q=1.469, block_size=7
  SSC-Block-TV-Col21 trial 4: mean ARI=0.5962  n=20  5.2s  lambda_e=0.506, lambda_z=5.039, gamma_q=0.001924, block_size=2
  SSC-Block-TV-Col21 trial 5: mean ARI=0.5823  n=20  5.0s  lambda_e=0.0115, lambda_z=2.14, gamma_q=1.296, block_size=11
  SSC-Block-TV-Col21 trial 6: mean ARI=0.6220  n=20  4.9s  lambda_e=8.627, lambda_z=1.573, gamma_q=0.07013, block_size=10
  SSC-Block-TV-Col21 trial 7: mean ARI=0.7000  n=20  5.0s  lambda_e=0.02264, lambda_z=0.3628, gamma_q=0.003745, block_size=12
  SSC-Block-TV-Col21 trial 8: mean ARI=0.8007  n=20  5.0s  lambda_e=0.3677, lambda_z=0.04557, gamma_q=0.01143, block_size=10
  SSC-Block-TV-Col21 trial 9: mean ARI=0.6976  n=20  5.0s  lambda_e=0.2336, lambda_z=0.1878, gamma_q=0.001189, block_size=8
  SSC-Block-TV-Col21 trial 10: mean ARI=0.6532  n=20  5.2s  lambda_e=0.0543, lambda_z=0.001491, gamma_q=6.473, block_size=2
  SSC-Block-TV-Col21 trial 11: mean ARI=0.7938  n=20  5.1s  lambda_e=1.685, lambda_z=0.04005, gamma_q=0.01389, block_size=5
  SSC-Block-TV-Col21 trial 12: mean ARI=0.7659  n=20  5.1s  lambda_e=2.028, lambda_z=0.01277, gamma_q=0.01048, block_size=4
  SSC-Block-TV-Col21 trial 13: mean ARI=0.7782  n=20  4.9s  lambda_e=2.367, lambda_z=0.00699, gamma_q=0.01396, block_size=9
  SSC-Block-TV-Col21 trial 14: mean ARI=0.8021  n=20  5.0s  lambda_e=0.09749, lambda_z=0.04186, gamma_q=0.01295, block_size=5
  SSC-Block-TV-Col21 trial 15: mean ARI=0.7704  n=20  5.1s  lambda_e=0.09713, lambda_z=0.004994, gamma_q=0.005781, block_size=4
  SSC-Block-TV-Col21 trial 16: mean ARI=0.7801  n=20  5.0s  lambda_e=0.0507, lambda_z=0.05143, gamma_q=0.02235, block_size=7
  SSC-Block-TV-Col21 trial 17: mean ARI=0.5208  n=20  5.0s  lambda_e=0.1344, lambda_z=0.01654, gamma_q=0.3548, block_size=9
  SSC-Block-TV-Col21 trial 18: mean ARI=0.6316  n=20  5.0s  lambda_e=0.3825, lambda_z=0.002352, gamma_q=0.03134, block_size=6
  SSC-Block-TV-Col21 trial 19: mean ARI=0.7953  n=20  5.1s  lambda_e=0.06651, lambda_z=0.1022, gamma_q=0.003617, block_size=3
  SSC-Block-TV-Col21 trial 20: mean ARI=0.4333  n=20  4.9s  lambda_e=0.03223, lambda_z=0.01733, gamma_q=0.1828, block_size=12
  SSC-Block-TV-Col21 trial 21: mean ARI=0.7953  n=20  5.1s  lambda_e=0.08996, lambda_z=0.1049, gamma_q=0.003413, block_size=3
  SSC-Block-TV-Col21 trial 22: mean ARI=0.8073  n=20  5.1s  lambda_e=0.06123, lambda_z=0.09007, gamma_q=0.005696, block_size=3
  SSC-Block-TV-Col21 trial 23: mean ARI=0.8239  n=20  5.0s  lambda_e=0.2452, lambda_z=0.04777, gamma_q=0.009947, block_size=5
  SSC-Block-TV-Col21 trial 24: mean ARI=0.7330  n=20  5.1s  lambda_e=0.0225, lambda_z=0.3486, gamma_q=0.03277, block_size=5
  SSC-Block-TV-Col21 trial 25: mean ARI=0.7721  n=20  5.1s  lambda_e=0.1967, lambda_z=0.1491, gamma_q=0.007077, block_size=4
  SSC-Block-TV-Col21 trial 26: mean ARI=0.7811  n=20  5.0s  lambda_e=0.8542, lambda_z=0.009365, gamma_q=0.001083, block_size=6
  SSC-Block-TV-Col21 trial 27: mean ARI=0.8011  n=20  5.2s  lambda_e=0.01025, lambda_z=0.02651, gamma_q=0.002163, block_size=3
  SSC-Block-TV-Col21 trial 28: mean ARI=0.7550  n=20  5.0s  lambda_e=0.1218, lambda_z=0.004207, gamma_q=0.02347, block_size=6
  SSC-Block-TV-Col21 trial 29: mean ARI=0.7861  n=20  5.0s  lambda_e=0.04074, lambda_z=0.0761, gamma_q=0.006795, block_size=5
  SSC-Block-TV-Col21 trial 30: mean ARI=0.8028  n=20  5.1s  lambda_e=0.829, lambda_z=0.02293, gamma_q=0.002305, block_size=4
  SSC-Block-TV-Col21 trial 31: mean ARI=0.7813  n=20  5.1s  lambda_e=0.9478, lambda_z=0.07225, gamma_q=0.00194, block_size=4
  SSC-Block-TV-Col21 trial 32: mean ARI=0.8014  n=20  5.1s  lambda_e=0.6702, lambda_z=0.02039, gamma_q=0.005183, block_size=3
  SSC-Block-TV-Col21 trial 33: mean ARI=0.7309  n=20  5.0s  lambda_e=0.2647, lambda_z=0.2057, gamma_q=0.04791, block_size=4
  SSC-Block-TV-Col21 trial 34: mean ARI=0.6356  n=20  5.0s  lambda_e=3.004, lambda_z=0.6957, gamma_q=0.01755, block_size=5
  SSC-Block-TV-Col21 trial 35: mean ARI=0.8029  n=20  5.2s  lambda_e=0.1569, lambda_z=0.02858, gamma_q=0.008379, block_size=2
  SSC-Block-TV-Col21 trial 36: mean ARI=0.8006  n=20  5.3s  lambda_e=0.1598, lambda_z=0.02792, gamma_q=0.002403, block_size=2
  SSC-Block-TV-Col21 trial 37: mean ARI=0.6533  n=20  5.3s  lambda_e=1.339, lambda_z=0.01101, gamma_q=0.1329, block_size=2
  SSC-Block-TV-Col21 trial 38: mean ARI=0.7852  n=20  5.1s  lambda_e=0.501, lambda_z=0.06195, gamma_q=0.001375, block_size=3
  SSC-Block-TV-Col21 trial 39: mean ARI=0.6993  n=20  5.3s  lambda_e=0.2665, lambda_z=0.6195, gamma_q=0.006854, block_size=2
    best mean ARI=0.8239  tune 202.6s  lambda_e=0.2452, lambda_z=0.04777, gamma_q=0.009947, block_size=5
  wrote /nfs/turbo/umms-minjilab/lpullela/icassp_ssc_tv2/block_ssc_benchmark/cv/params/ballet/ballet_cluster_sigmas_0_params_knownk_cv_ssc_block_tv_col21_k3_sigma0_sigma0_fold3.json

=== train[103] k=3  dim=900  frames=88  σ=0.0  fold=3  seqs=['seq_000003', 'seq_000005', 'seq_000035'] ===
  SSC-Block-TV-Col21: k_hat=3  ACC=0.6477  NMI=0.4684  ARI=0.2794  0.1s

=== train[104] k=3  dim=900  frames=160  σ=0.0  fold=3  seqs=['seq_000019', 'seq_000024', 'seq_000033'] ===
  SSC-Block-TV-Col21: k_hat=3  ACC=1.0000  NMI=1.0000  ARI=1.0000  0.2s

=== train[105] k=3  dim=900  frames=219  σ=0.0  fold=3  seqs=['seq_000002', 'seq_000012', 'seq_000023'] ===
  SSC-Block-TV-Col21: k_hat=3  ACC=0.6986  NMI=0.6534  ARI=0.4586  0.4s

=== train[106] k=3  dim=900  frames=252  σ=0.0  fold=3  seqs=['seq_000004', 'seq_000011', 'seq_000042'] ===
  SSC-Block-TV-Col21: k_hat=3  ACC=1.0000  NMI=1.0000  ARI=1.0000  0.5s

=== train[107] k=3  dim=900  frames=235  σ=0.0  fold=3  seqs=['seq_000017', 'seq_000031', 'seq_000039'] ===
  SSC-Block-TV-Col21: k_hat=3  ACC=1.0000  NMI=1.0000  ARI=1.0000  0.4s

=== train[108] k=3  dim=900  frames=155  σ=0.0  fold=3  seqs=['seq_000009', 'seq_000021', 'seq_000029'] ===
  SSC-Block-TV-Col21: k_hat=3  ACC=1.0000  NMI=1.0000  ARI=1.0000  0.2s

=== train[109] k=3  dim=900  frames=153  σ=0.0  fold=3  seqs=['seq_000018', 'seq_000036', 'seq_000043'] ===
  SSC-Block-TV-Col21: k_hat=3  ACC=0.7059  NMI=0.6688  ARI=0.4727  0.2s

=== train[110] k=3  dim=900  frames=149  σ=0.0  fold=3  seqs=['seq_000001', 'seq_000025', 'seq_000026'] ===
  SSC-Block-TV-Col21: k_hat=3  ACC=1.0000  NMI=1.0000  ARI=1.0000  0.2s

=== train[111] k=3  dim=900  frames=130  σ=0.0  fold=3  seqs=['seq_000027', 'seq_000040', 'seq_000041'] ===
  SSC-Block-TV-Col21: k_hat=3  ACC=0.7154  NMI=0.6695  ARI=0.4843  0.1s

=== train[112] k=3  dim=900  frames=99  σ=0.0  fold=3  seqs=['seq_000007', 'seq_000010', 'seq_000037'] ===
  SSC-Block-TV-Col21: k_hat=3  ACC=1.0000  NMI=1.0000  ARI=1.0000  0.1s

=== train[113] k=3  dim=900  frames=210  σ=0.0  fold=3  seqs=['seq_000013', 'seq_000014', 'seq_000038'] ===
  SSC-Block-TV-Col21: k_hat=3  ACC=0.5905  NMI=0.3775  ARI=0.1481  0.3s

=== train[114] k=3  dim=900  frames=205  σ=0.0  fold=3  seqs=['seq_000006', 'seq_000008', 'seq_000044'] ===
  SSC-Block-TV-Col21: k_hat=3  ACC=1.0000  NMI=1.0000  ARI=1.0000  0.3s

=== train[115] k=3  dim=900  frames=111  σ=0.0  fold=3  seqs=['seq_000015', 'seq_000030', 'seq_000034'] ===
  SSC-Block-TV-Col21: k_hat=3  ACC=0.6937  NMI=0.6931  ARI=0.5498  0.1s

=== test[102] k=3  dim=900  frames=164  σ=0.0  fold=3  seqs=['seq_000020', 'seq_000022', 'seq_000028'] ===
  SSC-Block-TV-Col21: k_hat=3  ACC=0.6890  NMI=0.5867  ARI=0.4733  0.2s
  tune_pool_groups=20: sampling from 41 held-in sequences (overlap allowed) instead of the 13 fixed fold group(s)

============================================================
σ=0.0 fold=4  test=['seq_000004', 'seq_000011', 'seq_000042']  train mats=13  test mats=1  tune mats=20
  --- tune SSC-Block-TV-Col21 over 20 train mats  n_trials=40 (4 params) ---
  SSC-Block-TV-Col21 trial 0: mean ARI=0.7257  n=20  5.1s  lambda_e=1, lambda_z=0.1, gamma_q=0.1, block_size=5
  SSC-Block-TV-Col21 trial 1: mean ARI=0.7452  n=20  4.8s  lambda_e=0.443, lambda_z=0.7257, gamma_q=0.2577, block_size=7
  SSC-Block-TV-Col21 trial 2: mean ARI=0.6973  n=20  4.7s  lambda_e=0.1866, lambda_z=0.3833, gamma_q=0.05628, block_size=11
  SSC-Block-TV-Col21 trial 3: mean ARI=0.5398  n=20  4.8s  lambda_e=7.78, lambda_z=0.03418, gamma_q=1.469, block_size=7
  SSC-Block-TV-Col21 trial 4: mean ARI=0.6809  n=20  5.0s  lambda_e=0.506, lambda_z=5.039, gamma_q=0.001924, block_size=2
  SSC-Block-TV-Col21 trial 5: mean ARI=0.5744  n=20  4.8s  lambda_e=0.0115, lambda_z=2.14, gamma_q=1.296, block_size=11
  SSC-Block-TV-Col21 trial 6: mean ARI=0.6567  n=20  4.8s  lambda_e=8.627, lambda_z=1.573, gamma_q=0.07013, block_size=10
  SSC-Block-TV-Col21 trial 7: mean ARI=0.6965  n=20  4.8s  lambda_e=0.02264, lambda_z=0.3628, gamma_q=0.003745, block_size=12
  SSC-Block-TV-Col21 trial 8: mean ARI=0.7162  n=20  4.8s  lambda_e=0.3677, lambda_z=0.04557, gamma_q=0.01143, block_size=10
  SSC-Block-TV-Col21 trial 9: mean ARI=0.7092  n=20  4.8s  lambda_e=0.2336, lambda_z=0.1878, gamma_q=0.001189, block_size=8
  SSC-Block-TV-Col21 trial 10: mean ARI=0.5257  n=20  5.1s  lambda_e=0.05584, lambda_z=0.001665, gamma_q=6.473, block_size=2
  SSC-Block-TV-Col21 trial 11: mean ARI=0.6975  n=20  4.9s  lambda_e=1.61, lambda_z=0.04005, gamma_q=0.1373, block_size=5
  SSC-Block-TV-Col21 trial 12: mean ARI=0.5840  n=20  4.9s  lambda_e=1.572, lambda_z=0.00523, gamma_q=0.284, block_size=5
  SSC-Block-TV-Col21 trial 13: mean ARI=0.7400  n=20  4.9s  lambda_e=1.261, lambda_z=0.1155, gamma_q=0.01603, block_size=5
  SSC-Block-TV-Col21 trial 14: mean ARI=0.6646  n=20  4.8s  lambda_e=3.026, lambda_z=0.8299, gamma_q=0.01661, block_size=7
  SSC-Block-TV-Col21 trial 15: mean ARI=0.5442  n=20  4.9s  lambda_e=0.09713, lambda_z=0.01114, gamma_q=0.7072, block_size=4
  SSC-Block-TV-Col21 trial 16: mean ARI=0.6395  n=20  4.9s  lambda_e=0.7298, lambda_z=7.072, gamma_q=0.01698, block_size=7
  SSC-Block-TV-Col21 trial 17: mean ARI=0.6184  n=20  4.9s  lambda_e=2.913, lambda_z=0.135, gamma_q=7.01, block_size=8
  SSC-Block-TV-Col21 trial 18: mean ARI=0.6522  n=20  5.0s  lambda_e=0.1012, lambda_z=0.7921, gamma_q=0.005212, block_size=4
  SSC-Block-TV-Col21 trial 19: mean ARI=0.5645  n=20  5.0s  lambda_e=3.182, lambda_z=0.008637, gamma_q=0.2784, block_size=6
  SSC-Block-TV-Col21 trial 20: mean ARI=0.6751  n=20  4.8s  lambda_e=0.3036, lambda_z=2.571, gamma_q=0.03423, block_size=9
  SSC-Block-TV-Col21 trial 21: mean ARI=0.6655  n=20  4.9s  lambda_e=0.9347, lambda_z=0.1179, gamma_q=0.1781, block_size=4
  SSC-Block-TV-Col21 trial 22: mean ARI=0.7367  n=20  4.8s  lambda_e=1.385, lambda_z=0.07523, gamma_q=0.03744, block_size=5
  SSC-Block-TV-Col21 trial 23: mean ARI=0.6523  n=20  4.9s  lambda_e=1.573, lambda_z=0.3283, gamma_q=0.0449, block_size=6
  SSC-Block-TV-Col21 trial 24: mean ARI=0.7416  n=20  5.0s  lambda_e=0.6353, lambda_z=0.01832, gamma_q=0.00878, block_size=3
  SSC-Block-TV-Col21 trial 25: mean ARI=0.7212  n=20  5.0s  lambda_e=0.5922, lambda_z=0.02593, gamma_q=0.008675, block_size=3
  SSC-Block-TV-Col21 trial 26: mean ARI=0.7254  n=20  5.0s  lambda_e=0.1483, lambda_z=0.01429, gamma_q=0.004559, block_size=3
  SSC-Block-TV-Col21 trial 27: mean ARI=0.7366  n=20  5.0s  lambda_e=0.3646, lambda_z=0.002682, gamma_q=0.002232, block_size=3
  SSC-Block-TV-Col21 trial 28: mean ARI=0.6279  n=20  4.8s  lambda_e=5.326, lambda_z=0.7589, gamma_q=0.02347, block_size=6
  SSC-Block-TV-Col21 trial 29: mean ARI=0.6249  n=20  4.9s  lambda_e=1.021, lambda_z=0.05886, gamma_q=0.6271, block_size=4
  SSC-Block-TV-Col21 trial 30: mean ARI=0.6635  n=20  4.7s  lambda_e=0.05089, lambda_z=0.01784, gamma_q=0.0837, block_size=8
  SSC-Block-TV-Col21 trial 31: mean ARI=0.7397  n=20  4.7s  lambda_e=1.149, lambda_z=0.08782, gamma_q=0.007846, block_size=5
  SSC-Block-TV-Col21 trial 32: mean ARI=0.7645  n=20  4.7s  lambda_e=0.5474, lambda_z=0.1779, gamma_q=0.006808, block_size=5
  SSC-Block-TV-Col21 trial 33: mean ARI=0.7047  n=20  4.7s  lambda_e=0.4885, lambda_z=0.2598, gamma_q=0.002697, block_size=6
  SSC-Block-TV-Col21 trial 34: mean ARI=0.6540  n=20  4.9s  lambda_e=0.1808, lambda_z=0.5897, gamma_q=0.001271, block_size=2
  SSC-Block-TV-Col21 trial 35: mean ARI=0.7191  n=20  4.8s  lambda_e=0.7003, lambda_z=0.005418, gamma_q=0.006761, block_size=3
  SSC-Block-TV-Col21 trial 36: mean ARI=0.7082  n=20  4.7s  lambda_e=2.1, lambda_z=0.02508, gamma_q=0.01482, block_size=7
  SSC-Block-TV-Col21 trial 37: mean ARI=0.6411  n=20  4.7s  lambda_e=0.4423, lambda_z=1.599, gamma_q=0.02519, block_size=4
  SSC-Block-TV-Col21 trial 38: mean ARI=0.6242  n=20  4.7s  lambda_e=0.2667, lambda_z=0.4539, gamma_q=3.012, block_size=5
  SSC-Block-TV-Col21 trial 39: mean ARI=0.7429  n=20  4.6s  lambda_e=0.6863, lambda_z=0.2004, gamma_q=0.003281, block_size=9
    best mean ARI=0.7645  tune 194.2s  lambda_e=0.5474, lambda_z=0.1779, gamma_q=0.006808, block_size=5
  wrote /nfs/turbo/umms-minjilab/lpullela/icassp_ssc_tv2/block_ssc_benchmark/cv/params/ballet/ballet_cluster_sigmas_0_params_knownk_cv_ssc_block_tv_col21_k3_sigma0_sigma0_fold4.json

=== train[137] k=3  dim=900  frames=88  σ=0.0  fold=4  seqs=['seq_000003', 'seq_000005', 'seq_000035'] ===
  SSC-Block-TV-Col21: k_hat=3  ACC=0.6477  NMI=0.3750  ARI=0.1674  0.1s

=== train[138] k=3  dim=900  frames=160  σ=0.0  fold=4  seqs=['seq_000019', 'seq_000024', 'seq_000033'] ===
  SSC-Block-TV-Col21: k_hat=3  ACC=1.0000  NMI=1.0000  ARI=1.0000  0.2s

=== train[139] k=3  dim=900  frames=219  σ=0.0  fold=4  seqs=['seq_000002', 'seq_000012', 'seq_000023'] ===
  SSC-Block-TV-Col21: k_hat=3  ACC=0.6895  NMI=0.6524  ARI=0.4572  0.4s

=== train[140] k=3  dim=900  frames=164  σ=0.0  fold=4  seqs=['seq_000020', 'seq_000022', 'seq_000028'] ===
  SSC-Block-TV-Col21: k_hat=3  ACC=0.7805  NMI=0.7228  ARI=0.6820  0.2s

=== train[141] k=3  dim=900  frames=235  σ=0.0  fold=4  seqs=['seq_000017', 'seq_000031', 'seq_000039'] ===
  SSC-Block-TV-Col21: k_hat=3  ACC=0.6511  NMI=0.6775  ARI=0.5121  0.4s

=== train[142] k=3  dim=900  frames=155  σ=0.0  fold=4  seqs=['seq_000009', 'seq_000021', 'seq_000029'] ===
  SSC-Block-TV-Col21: k_hat=3  ACC=1.0000  NMI=1.0000  ARI=1.0000  0.2s

=== train[143] k=3  dim=900  frames=153  σ=0.0  fold=4  seqs=['seq_000018', 'seq_000036', 'seq_000043'] ===
  SSC-Block-TV-Col21: k_hat=3  ACC=0.6993  NMI=0.6673  ARI=0.4703  0.2s

=== train[144] k=3  dim=900  frames=149  σ=0.0  fold=4  seqs=['seq_000001', 'seq_000025', 'seq_000026'] ===
  SSC-Block-TV-Col21: k_hat=3  ACC=0.7114  NMI=0.5636  ARI=0.3091  0.2s

=== train[145] k=3  dim=900  frames=130  σ=0.0  fold=4  seqs=['seq_000027', 'seq_000040', 'seq_000041'] ===
  SSC-Block-TV-Col21: k_hat=3  ACC=0.7077  NMI=0.6682  ARI=0.4825  0.2s

=== train[146] k=3  dim=900  frames=99  σ=0.0  fold=4  seqs=['seq_000007', 'seq_000010', 'seq_000037'] ===
  SSC-Block-TV-Col21: k_hat=3  ACC=1.0000  NMI=1.0000  ARI=1.0000  0.1s

=== train[147] k=3  dim=900  frames=210  σ=0.0  fold=4  seqs=['seq_000013', 'seq_000014', 'seq_000038'] ===
  SSC-Block-TV-Col21: k_hat=3  ACC=0.5667  NMI=0.3492  ARI=0.1110  0.3s

=== train[148] k=3  dim=900  frames=205  σ=0.0  fold=4  seqs=['seq_000006', 'seq_000008', 'seq_000044'] ===
  SSC-Block-TV-Col21: k_hat=3  ACC=1.0000  NMI=1.0000  ARI=1.0000  0.3s

=== train[149] k=3  dim=900  frames=111  σ=0.0  fold=4  seqs=['seq_000015', 'seq_000030', 'seq_000034'] ===
  SSC-Block-TV-Col21: k_hat=3  ACC=0.9009  NMI=0.8124  ARI=0.8080  0.1s

=== test[136] k=3  dim=900  frames=252  σ=0.0  fold=4  seqs=['seq_000004', 'seq_000011', 'seq_000042'] ===
  SSC-Block-TV-Col21: k_hat=3  ACC=1.0000  NMI=1.0000  ARI=1.0000  0.5s
  tune_pool_groups=20: sampling from 41 held-in sequences (overlap allowed) instead of the 13 fixed fold group(s)

============================================================
σ=0.0 fold=5  test=['seq_000017', 'seq_000031', 'seq_000039']  train mats=13  test mats=1  tune mats=20
  --- tune SSC-Block-TV-Col21 over 20 train mats  n_trials=40 (4 params) ---
  SSC-Block-TV-Col21 trial 0: mean ARI=0.6961  n=20  4.4s  lambda_e=1, lambda_z=0.1, gamma_q=0.1, block_size=5
  SSC-Block-TV-Col21 trial 1: mean ARI=0.6886  n=20  4.3s  lambda_e=0.443, lambda_z=0.7257, gamma_q=0.2577, block_size=7
  SSC-Block-TV-Col21 trial 2: mean ARI=0.6823  n=20  4.3s  lambda_e=0.1866, lambda_z=0.3833, gamma_q=0.05628, block_size=11
  SSC-Block-TV-Col21 trial 3: mean ARI=0.4112  n=20  4.3s  lambda_e=7.78, lambda_z=0.03418, gamma_q=1.469, block_size=7
  SSC-Block-TV-Col21 trial 4: mean ARI=0.5969  n=20  4.5s  lambda_e=0.506, lambda_z=5.039, gamma_q=0.001924, block_size=2
  SSC-Block-TV-Col21 trial 5: mean ARI=0.4516  n=20  4.3s  lambda_e=0.0115, lambda_z=2.14, gamma_q=1.296, block_size=11
  SSC-Block-TV-Col21 trial 6: mean ARI=0.6280  n=20  4.4s  lambda_e=8.627, lambda_z=1.573, gamma_q=0.07013, block_size=10
  SSC-Block-TV-Col21 trial 7: mean ARI=0.7363  n=20  4.4s  lambda_e=0.02264, lambda_z=0.3628, gamma_q=0.003745, block_size=12
  SSC-Block-TV-Col21 trial 8: mean ARI=0.7387  n=20  4.4s  lambda_e=0.3677, lambda_z=0.04557, gamma_q=0.01143, block_size=10
  SSC-Block-TV-Col21 trial 9: mean ARI=0.7256  n=20  4.4s  lambda_e=0.2336, lambda_z=0.1878, gamma_q=0.001189, block_size=8
  SSC-Block-TV-Col21 trial 10: mean ARI=0.5153  n=20  4.7s  lambda_e=0.0543, lambda_z=0.001491, gamma_q=6.473, block_size=2
  SSC-Block-TV-Col21 trial 11: mean ARI=0.7143  n=20  4.4s  lambda_e=0.01211, lambda_z=0.01492, gamma_q=0.01117, block_size=12
  SSC-Block-TV-Col21 trial 12: mean ARI=0.6948  n=20  4.5s  lambda_e=0.05731, lambda_z=0.01131, gamma_q=0.007917, block_size=9
  SSC-Block-TV-Col21 trial 13: mean ARI=0.7673  n=20  4.5s  lambda_e=2.603, lambda_z=0.0684, gamma_q=0.008229, block_size=12
  SSC-Block-TV-Col21 trial 14: mean ARI=0.6769  n=20  4.5s  lambda_e=2.398, lambda_z=0.002846, gamma_q=0.01718, block_size=10
  SSC-Block-TV-Col21 trial 15: mean ARI=0.6998  n=20  4.5s  lambda_e=2.534, lambda_z=0.04904, gamma_q=0.02509, block_size=9
  SSC-Block-TV-Col21 trial 16: mean ARI=0.6906  n=20  4.6s  lambda_e=2.409, lambda_z=0.007006, gamma_q=0.006168, block_size=5
  SSC-Block-TV-Col21 trial 17: mean ARI=0.5177  n=20  4.5s  lambda_e=1.218, lambda_z=0.0492, gamma_q=0.3548, block_size=12
  SSC-Block-TV-Col21 trial 18: mean ARI=0.7546  n=20  4.5s  lambda_e=0.1091, lambda_z=0.1059, gamma_q=0.03134, block_size=10
  SSC-Block-TV-Col21 trial 19: mean ARI=0.7070  n=20  4.5s  lambda_e=0.08716, lambda_z=0.1434, gamma_q=0.0278, block_size=11
  SSC-Block-TV-Col21 trial 20: mean ARI=0.6949  n=20  4.5s  lambda_e=4.752, lambda_z=0.00466, gamma_q=0.003064, block_size=8
  SSC-Block-TV-Col21 trial 21: mean ARI=0.7081  n=20  4.5s  lambda_e=0.1588, lambda_z=0.02409, gamma_q=0.03694, block_size=10
  SSC-Block-TV-Col21 trial 22: mean ARI=0.6831  n=20  4.5s  lambda_e=0.4423, lambda_z=0.07856, gamma_q=0.1694, block_size=9
  SSC-Block-TV-Col21 trial 23: mean ARI=0.7284  n=20  4.5s  lambda_e=0.09085, lambda_z=0.1995, gamma_q=0.008939, block_size=11
  SSC-Block-TV-Col21 trial 24: mean ARI=0.7124  n=20  4.5s  lambda_e=1.033, lambda_z=0.02272, gamma_q=0.01583, block_size=10
  SSC-Block-TV-Col21 trial 25: mean ARI=0.6892  n=20  4.5s  lambda_e=0.0292, lambda_z=0.4308, gamma_q=0.004348, block_size=12
  SSC-Block-TV-Col21 trial 26: mean ARI=0.7477  n=20  4.5s  lambda_e=0.3213, lambda_z=0.07083, gamma_q=0.001108, block_size=8
  SSC-Block-TV-Col21 trial 27: mean ARI=0.7701  n=20  4.5s  lambda_e=0.1428, lambda_z=0.1009, gamma_q=0.001255, block_size=6
  SSC-Block-TV-Col21 trial 28: mean ARI=0.6544  n=20  4.6s  lambda_e=0.1403, lambda_z=0.701, gamma_q=0.001916, block_size=4
  SSC-Block-TV-Col21 trial 29: mean ARI=0.7752  n=20  4.6s  lambda_e=0.0264, lambda_z=0.1552, gamma_q=0.003116, block_size=4
  SSC-Block-TV-Col21 trial 30: mean ARI=0.7752  n=20  4.6s  lambda_e=0.02233, lambda_z=0.2338, gamma_q=0.001927, block_size=4
  SSC-Block-TV-Col21 trial 31: mean ARI=0.7771  n=20  4.7s  lambda_e=0.02402, lambda_z=0.231, gamma_q=0.002186, block_size=4
  SSC-Block-TV-Col21 trial 32: mean ARI=0.7752  n=20  4.6s  lambda_e=0.02176, lambda_z=0.2313, gamma_q=0.002174, block_size=4
  SSC-Block-TV-Col21 trial 33: mean ARI=0.7572  n=20  4.6s  lambda_e=0.02115, lambda_z=1.073, gamma_q=0.002872, block_size=4
  SSC-Block-TV-Col21 trial 34: mean ARI=0.7870  n=20  4.7s  lambda_e=0.03784, lambda_z=0.2676, gamma_q=0.002119, block_size=3
  SSC-Block-TV-Col21 trial 35: mean ARI=0.7878  n=20  4.7s  lambda_e=0.0383, lambda_z=0.6195, gamma_q=0.004007, block_size=3
  SSC-Block-TV-Col21 trial 36: mean ARI=0.6289  n=20  4.7s  lambda_e=0.04388, lambda_z=9.973, gamma_q=0.004573, block_size=3
  SSC-Block-TV-Col21 trial 37: mean ARI=0.7310  n=20  4.7s  lambda_e=0.03813, lambda_z=2.883, gamma_q=0.004858, block_size=3
  SSC-Block-TV-Col21 trial 38: mean ARI=0.7292  n=20  4.6s  lambda_e=0.0129, lambda_z=0.802, gamma_q=0.001005, block_size=5
  SSC-Block-TV-Col21 trial 39: mean ARI=0.7765  n=20  4.7s  lambda_e=0.01573, lambda_z=0.5455, gamma_q=0.002249, block_size=3
    best mean ARI=0.7878  tune 180.7s  lambda_e=0.0383, lambda_z=0.6195, gamma_q=0.004007, block_size=3
  wrote /nfs/turbo/umms-minjilab/lpullela/icassp_ssc_tv2/block_ssc_benchmark/cv/params/ballet/ballet_cluster_sigmas_0_params_knownk_cv_ssc_block_tv_col21_k3_sigma0_sigma0_fold5.json

=== train[171] k=3  dim=900  frames=88  σ=0.0  fold=5  seqs=['seq_000003', 'seq_000005', 'seq_000035'] ===
  SSC-Block-TV-Col21: k_hat=3  ACC=0.6477  NMI=0.3750  ARI=0.1674  0.1s

=== train[172] k=3  dim=900  frames=160  σ=0.0  fold=5  seqs=['seq_000019', 'seq_000024', 'seq_000033'] ===
  SSC-Block-TV-Col21: k_hat=3  ACC=1.0000  NMI=1.0000  ARI=1.0000  0.2s

=== train[173] k=3  dim=900  frames=219  σ=0.0  fold=5  seqs=['seq_000002', 'seq_000012', 'seq_000023'] ===
  SSC-Block-TV-Col21: k_hat=3  ACC=0.6895  NMI=0.6524  ARI=0.4572  0.4s

=== train[174] k=3  dim=900  frames=164  σ=0.0  fold=5  seqs=['seq_000020', 'seq_000022', 'seq_000028'] ===
  SSC-Block-TV-Col21: k_hat=3  ACC=0.7866  NMI=0.7241  ARI=0.6842  0.2s

=== train[175] k=3  dim=900  frames=252  σ=0.0  fold=5  seqs=['seq_000004', 'seq_000011', 'seq_000042'] ===
  SSC-Block-TV-Col21: k_hat=3  ACC=1.0000  NMI=1.0000  ARI=1.0000  0.5s

=== train[176] k=3  dim=900  frames=155  σ=0.0  fold=5  seqs=['seq_000009', 'seq_000021', 'seq_000029'] ===
  SSC-Block-TV-Col21: k_hat=3  ACC=1.0000  NMI=1.0000  ARI=1.0000  0.2s

=== train[177] k=3  dim=900  frames=153  σ=0.0  fold=5  seqs=['seq_000018', 'seq_000036', 'seq_000043'] ===
  SSC-Block-TV-Col21: k_hat=3  ACC=0.7059  NMI=0.6688  ARI=0.4727  0.2s

=== train[178] k=3  dim=900  frames=149  σ=0.0  fold=5  seqs=['seq_000001', 'seq_000025', 'seq_000026'] ===
  SSC-Block-TV-Col21: k_hat=3  ACC=0.7114  NMI=0.5636  ARI=0.3091  0.2s

=== train[179] k=3  dim=900  frames=130  σ=0.0  fold=5  seqs=['seq_000027', 'seq_000040', 'seq_000041'] ===
  SSC-Block-TV-Col21: k_hat=3  ACC=0.7000  NMI=0.6672  ARI=0.4812  0.2s

=== train[180] k=3  dim=900  frames=99  σ=0.0  fold=5  seqs=['seq_000007', 'seq_000010', 'seq_000037'] ===
  SSC-Block-TV-Col21: k_hat=3  ACC=1.0000  NMI=1.0000  ARI=1.0000  0.1s

=== train[181] k=3  dim=900  frames=210  σ=0.0  fold=5  seqs=['seq_000013', 'seq_000014', 'seq_000038'] ===
  SSC-Block-TV-Col21: k_hat=3  ACC=0.5429  NMI=0.3265  ARI=0.0867  0.4s

=== train[182] k=3  dim=900  frames=205  σ=0.0  fold=5  seqs=['seq_000006', 'seq_000008', 'seq_000044'] ===
  SSC-Block-TV-Col21: k_hat=3  ACC=1.0000  NMI=1.0000  ARI=1.0000  0.4s

=== train[183] k=3  dim=900  frames=111  σ=0.0  fold=5  seqs=['seq_000015', 'seq_000030', 'seq_000034'] ===
  SSC-Block-TV-Col21: k_hat=3  ACC=0.8829  NMI=0.7964  ARI=0.7826  0.1s

=== test[170] k=3  dim=900  frames=235  σ=0.0  fold=5  seqs=['seq_000017', 'seq_000031', 'seq_000039'] ===
  SSC-Block-TV-Col21: k_hat=3  ACC=0.6511  NMI=0.6775  ARI=0.5121  0.5s
  tune_pool_groups=20: sampling from 41 held-in sequences (overlap allowed) instead of the 13 fixed fold group(s)

============================================================
σ=0.0 fold=6  test=['seq_000009', 'seq_000021', 'seq_000029']  train mats=13  test mats=1  tune mats=20
  --- tune SSC-Block-TV-Col21 over 20 train mats  n_trials=40 (4 params) ---
  SSC-Block-TV-Col21 trial 0: mean ARI=0.7448  n=20  4.3s  lambda_e=1, lambda_z=0.1, gamma_q=0.1, block_size=5
  SSC-Block-TV-Col21 trial 1: mean ARI=0.6711  n=20  4.3s  lambda_e=0.443, lambda_z=0.7257, gamma_q=0.2577, block_size=7
  SSC-Block-TV-Col21 trial 2: mean ARI=0.6407  n=20  4.2s  lambda_e=0.1866, lambda_z=0.3833, gamma_q=0.05628, block_size=11
  SSC-Block-TV-Col21 trial 3: mean ARI=0.4381  n=20  4.3s  lambda_e=7.78, lambda_z=0.03418, gamma_q=1.469, block_size=7
  SSC-Block-TV-Col21 trial 4: mean ARI=0.5786  n=20  4.5s  lambda_e=0.506, lambda_z=5.039, gamma_q=0.001924, block_size=2
  SSC-Block-TV-Col21 trial 5: mean ARI=0.5421  n=20  4.3s  lambda_e=0.0115, lambda_z=2.14, gamma_q=1.296, block_size=11
  SSC-Block-TV-Col21 trial 6: mean ARI=0.5894  n=20  4.3s  lambda_e=8.627, lambda_z=1.573, gamma_q=0.07013, block_size=10
  SSC-Block-TV-Col21 trial 7: mean ARI=0.6476  n=20  4.3s  lambda_e=0.02264, lambda_z=0.3628, gamma_q=0.003745, block_size=12
  SSC-Block-TV-Col21 trial 8: mean ARI=0.7266  n=20  4.3s  lambda_e=0.3677, lambda_z=0.04557, gamma_q=0.01143, block_size=10
  SSC-Block-TV-Col21 trial 9: mean ARI=0.6432  n=20  4.3s  lambda_e=0.2336, lambda_z=0.1878, gamma_q=0.001189, block_size=8
  SSC-Block-TV-Col21 trial 10: mean ARI=0.4928  n=20  4.5s  lambda_e=1.991, lambda_z=0.001622, gamma_q=6.473, block_size=2
  SSC-Block-TV-Col21 trial 11: mean ARI=0.7475  n=20  4.3s  lambda_e=1.391, lambda_z=0.04005, gamma_q=0.01389, block_size=5
  SSC-Block-TV-Col21 trial 12: mean ARI=0.7287  n=20  4.4s  lambda_e=1.795, lambda_z=0.01028, gamma_q=0.0233, block_size=4
  SSC-Block-TV-Col21 trial 13: mean ARI=0.7480  n=20  4.3s  lambda_e=1.787, lambda_z=0.06553, gamma_q=0.1913, block_size=5
  SSC-Block-TV-Col21 trial 14: mean ARI=0.4820  n=20  4.3s  lambda_e=0.07802, lambda_z=0.009367, gamma_q=0.2926, block_size=5
  SSC-Block-TV-Col21 trial 15: mean ARI=0.7227  n=20  4.4s  lambda_e=3.031, lambda_z=0.00995, gamma_q=0.01026, block_size=4
  SSC-Block-TV-Col21 trial 16: mean ARI=0.5189  n=20  4.3s  lambda_e=4.133, lambda_z=0.001092, gamma_q=0.4738, block_size=6
  SSC-Block-TV-Col21 trial 17: mean ARI=0.7486  n=20  4.4s  lambda_e=0.9172, lambda_z=0.04416, gamma_q=0.02047, block_size=3
  SSC-Block-TV-Col21 trial 18: mean ARI=0.5258  n=20  4.4s  lambda_e=0.1012, lambda_z=0.002986, gamma_q=0.03704, block_size=3
  SSC-Block-TV-Col21 trial 19: mean ARI=0.7679  n=20  4.4s  lambda_e=0.6002, lambda_z=0.1022, gamma_q=0.004599, block_size=3
  SSC-Block-TV-Col21 trial 20: mean ARI=0.7408  n=20  4.5s  lambda_e=0.7639, lambda_z=0.01733, gamma_q=0.003828, block_size=3
  SSC-Block-TV-Col21 trial 21: mean ARI=0.7386  n=20  4.4s  lambda_e=0.7893, lambda_z=0.1049, gamma_q=0.003842, block_size=3
  SSC-Block-TV-Col21 trial 22: mean ARI=0.7376  n=20  4.4s  lambda_e=2.175, lambda_z=0.09007, gamma_q=0.1627, block_size=4
  SSC-Block-TV-Col21 trial 23: mean ARI=0.7394  n=20  4.5s  lambda_e=3.445, lambda_z=0.02262, gamma_q=0.02495, block_size=2
  SSC-Block-TV-Col21 trial 24: mean ARI=0.7071  n=20  4.4s  lambda_e=0.2166, lambda_z=0.177, gamma_q=0.007325, block_size=4
  SSC-Block-TV-Col21 trial 25: mean ARI=0.4402  n=20  4.3s  lambda_e=0.8672, lambda_z=0.004885, gamma_q=0.5794, block_size=6
  SSC-Block-TV-Col21 trial 26: mean ARI=0.7513  n=20  4.4s  lambda_e=0.1139, lambda_z=0.06222, gamma_q=0.1179, block_size=3
  SSC-Block-TV-Col21 trial 27: mean ARI=0.7206  n=20  4.5s  lambda_e=0.07357, lambda_z=0.3133, gamma_q=0.0269, block_size=3
  SSC-Block-TV-Col21 trial 28: mean ARI=0.7413  n=20  4.5s  lambda_e=0.04296, lambda_z=0.02207, gamma_q=0.005265, block_size=2
  SSC-Block-TV-Col21 trial 29: mean ARI=0.8136  n=20  4.4s  lambda_e=0.1373, lambda_z=0.1595, gamma_q=0.07283, block_size=3
  SSC-Block-TV-Col21 trial 30: mean ARI=0.6552  n=20  4.5s  lambda_e=0.1348, lambda_z=0.7274, gamma_q=0.1136, block_size=4
  SSC-Block-TV-Col21 trial 31: mean ARI=0.7897  n=20  4.4s  lambda_e=0.05913, lambda_z=0.1648, gamma_q=0.0551, block_size=3
  SSC-Block-TV-Col21 trial 32: mean ARI=0.7435  n=20  4.5s  lambda_e=0.04272, lambda_z=0.159, gamma_q=0.06986, block_size=2
  SSC-Block-TV-Col21 trial 33: mean ARI=0.6938  n=20  4.5s  lambda_e=0.03536, lambda_z=0.7782, gamma_q=0.04186, block_size=3
  SSC-Block-TV-Col21 trial 34: mean ARI=0.7450  n=20  4.4s  lambda_e=0.3007, lambda_z=0.1125, gamma_q=0.1217, block_size=5
  SSC-Block-TV-Col21 trial 35: mean ARI=0.7298  n=20  4.4s  lambda_e=0.1079, lambda_z=0.2685, gamma_q=0.2928, block_size=4
  SSC-Block-TV-Col21 trial 36: mean ARI=0.6600  n=20  4.5s  lambda_e=0.1619, lambda_z=0.5141, gamma_q=1.456, block_size=2
  SSC-Block-TV-Col21 trial 37: mean ARI=0.5586  n=20  4.3s  lambda_e=0.0258, lambda_z=1.6, gamma_q=0.6863, block_size=6
  SSC-Block-TV-Col21 trial 38: mean ARI=0.7004  n=20  4.4s  lambda_e=0.01306, lambda_z=0.07087, gamma_q=0.06503, block_size=3
  SSC-Block-TV-Col21 trial 39: mean ARI=0.5786  n=20  4.5s  lambda_e=0.4783, lambda_z=5.577, gamma_q=0.001318, block_size=2
    best mean ARI=0.8136  tune 175.9s  lambda_e=0.1373, lambda_z=0.1595, gamma_q=0.07283, block_size=3
  wrote /nfs/turbo/umms-minjilab/lpullela/icassp_ssc_tv2/block_ssc_benchmark/cv/params/ballet/ballet_cluster_sigmas_0_params_knownk_cv_ssc_block_tv_col21_k3_sigma0_sigma0_fold6.json

=== train[205] k=3  dim=900  frames=88  σ=0.0  fold=6  seqs=['seq_000003', 'seq_000005', 'seq_000035'] ===
  SSC-Block-TV-Col21: k_hat=3  ACC=0.6364  NMI=0.4636  ARI=0.2744  0.1s

=== train[206] k=3  dim=900  frames=160  σ=0.0  fold=6  seqs=['seq_000019', 'seq_000024', 'seq_000033'] ===
  SSC-Block-TV-Col21: k_hat=3  ACC=1.0000  NMI=1.0000  ARI=1.0000  0.2s

=== train[207] k=3  dim=900  frames=219  σ=0.0  fold=6  seqs=['seq_000002', 'seq_000012', 'seq_000023'] ===
  SSC-Block-TV-Col21: k_hat=3  ACC=0.6941  NMI=0.6529  ARI=0.4578  0.4s

=== train[208] k=3  dim=900  frames=164  σ=0.0  fold=6  seqs=['seq_000020', 'seq_000022', 'seq_000028'] ===
  SSC-Block-TV-Col21: k_hat=3  ACC=0.6890  NMI=0.5867  ARI=0.4733  0.2s

=== train[209] k=3  dim=900  frames=252  σ=0.0  fold=6  seqs=['seq_000004', 'seq_000011', 'seq_000042'] ===
  SSC-Block-TV-Col21: k_hat=3  ACC=1.0000  NMI=1.0000  ARI=1.0000  0.5s

=== train[210] k=3  dim=900  frames=235  σ=0.0  fold=6  seqs=['seq_000017', 'seq_000031', 'seq_000039'] ===
  SSC-Block-TV-Col21: k_hat=3  ACC=1.0000  NMI=1.0000  ARI=1.0000  0.5s

=== train[211] k=3  dim=900  frames=153  σ=0.0  fold=6  seqs=['seq_000018', 'seq_000036', 'seq_000043'] ===
  SSC-Block-TV-Col21: k_hat=3  ACC=0.7124  NMI=0.6704  ARI=0.4756  0.2s

=== train[212] k=3  dim=900  frames=149  σ=0.0  fold=6  seqs=['seq_000001', 'seq_000025', 'seq_000026'] ===
  SSC-Block-TV-Col21: k_hat=3  ACC=1.0000  NMI=1.0000  ARI=1.0000  0.2s

=== train[213] k=3  dim=900  frames=130  σ=0.0  fold=6  seqs=['seq_000027', 'seq_000040', 'seq_000041'] ===
  SSC-Block-TV-Col21: k_hat=3  ACC=0.7154  NMI=0.6695  ARI=0.4843  0.2s

=== train[214] k=3  dim=900  frames=99  σ=0.0  fold=6  seqs=['seq_000007', 'seq_000010', 'seq_000037'] ===
  SSC-Block-TV-Col21: k_hat=3  ACC=1.0000  NMI=1.0000  ARI=1.0000  0.1s

=== train[215] k=3  dim=900  frames=210  σ=0.0  fold=6  seqs=['seq_000013', 'seq_000014', 'seq_000038'] ===
  SSC-Block-TV-Col21: k_hat=3  ACC=0.5905  NMI=0.3796  ARI=0.1522  0.4s

=== train[216] k=3  dim=900  frames=205  σ=0.0  fold=6  seqs=['seq_000006', 'seq_000008', 'seq_000044'] ===
  SSC-Block-TV-Col21: k_hat=3  ACC=1.0000  NMI=1.0000  ARI=1.0000  0.3s

=== train[217] k=3  dim=900  frames=111  σ=0.0  fold=6  seqs=['seq_000015', 'seq_000030', 'seq_000034'] ===
  SSC-Block-TV-Col21: k_hat=3  ACC=1.0000  NMI=1.0000  ARI=1.0000  0.1s

=== test[204] k=3  dim=900  frames=155  σ=0.0  fold=6  seqs=['seq_000009', 'seq_000021', 'seq_000029'] ===
  SSC-Block-TV-Col21: k_hat=3  ACC=1.0000  NMI=1.0000  ARI=1.0000  0.2s
  tune_pool_groups=20: sampling from 41 held-in sequences (overlap allowed) instead of the 13 fixed fold group(s)

============================================================
σ=0.0 fold=7  test=['seq_000018', 'seq_000036', 'seq_000043']  train mats=13  test mats=1  tune mats=20
  --- tune SSC-Block-TV-Col21 over 20 train mats  n_trials=40 (4 params) ---
  SSC-Block-TV-Col21 trial 0: mean ARI=0.7570  n=20  4.3s  lambda_e=1, lambda_z=0.1, gamma_q=0.1, block_size=5
  SSC-Block-TV-Col21 trial 1: mean ARI=0.7612  n=20  4.2s  lambda_e=0.443, lambda_z=0.7257, gamma_q=0.2577, block_size=7
  SSC-Block-TV-Col21 trial 2: mean ARI=0.7564  n=20  4.2s  lambda_e=0.1866, lambda_z=0.3833, gamma_q=0.05628, block_size=11
  SSC-Block-TV-Col21 trial 3: mean ARI=0.4713  n=20  4.2s  lambda_e=7.78, lambda_z=0.03418, gamma_q=1.469, block_size=7
  SSC-Block-TV-Col21 trial 4: mean ARI=0.6414  n=20  4.5s  lambda_e=0.506, lambda_z=5.039, gamma_q=0.001924, block_size=2
  SSC-Block-TV-Col21 trial 5: mean ARI=0.6301  n=20  4.2s  lambda_e=0.0115, lambda_z=2.14, gamma_q=1.296, block_size=11
  SSC-Block-TV-Col21 trial 6: mean ARI=0.6377  n=20  4.2s  lambda_e=8.627, lambda_z=1.573, gamma_q=0.07013, block_size=10
  SSC-Block-TV-Col21 trial 7: mean ARI=0.7324  n=20  4.2s  lambda_e=0.02264, lambda_z=0.3628, gamma_q=0.003745, block_size=12
  SSC-Block-TV-Col21 trial 8: mean ARI=0.8053  n=20  4.2s  lambda_e=0.3677, lambda_z=0.04557, gamma_q=0.01143, block_size=10
  SSC-Block-TV-Col21 trial 9: mean ARI=0.7612  n=20  4.2s  lambda_e=0.2336, lambda_z=0.1878, gamma_q=0.001189, block_size=8
  SSC-Block-TV-Col21 trial 10: mean ARI=0.6026  n=20  4.4s  lambda_e=0.0543, lambda_z=0.001491, gamma_q=6.473, block_size=2
  SSC-Block-TV-Col21 trial 11: mean ARI=0.8296  n=20  4.2s  lambda_e=0.1339, lambda_z=0.02085, gamma_q=0.009571, block_size=9
  SSC-Block-TV-Col21 trial 12: mean ARI=0.7607  n=20  4.2s  lambda_e=0.07264, lambda_z=0.00804, gamma_q=0.01179, block_size=9
  SSC-Block-TV-Col21 trial 13: mean ARI=0.7800  n=20  4.2s  lambda_e=2.603, lambda_z=0.01894, gamma_q=0.01106, block_size=5
  SSC-Block-TV-Col21 trial 14: mean ARI=0.7736  n=20  4.2s  lambda_e=0.09749, lambda_z=0.003894, gamma_q=0.01295, block_size=9
  SSC-Block-TV-Col21 trial 15: mean ARI=0.8027  n=20  4.1s  lambda_e=1.542, lambda_z=0.05366, gamma_q=0.004895, block_size=12
  SSC-Block-TV-Col21 trial 16: mean ARI=0.8056  n=20  4.2s  lambda_e=0.195, lambda_z=0.01022, gamma_q=0.02235, block_size=6
  SSC-Block-TV-Col21 trial 17: mean ARI=0.7678  n=20  4.2s  lambda_e=0.0337, lambda_z=0.009318, gamma_q=0.03372, block_size=5
  SSC-Block-TV-Col21 trial 18: mean ARI=0.5703  n=20  4.3s  lambda_e=0.1176, lambda_z=0.001767, gamma_q=0.2343, block_size=4
  SSC-Block-TV-Col21 trial 19: mean ARI=0.7921  n=20  4.2s  lambda_e=0.1714, lambda_z=0.009056, gamma_q=0.02584, block_size=7
  SSC-Block-TV-Col21 trial 20: mean ARI=0.5128  n=20  4.2s  lambda_e=0.7462, lambda_z=0.00466, gamma_q=0.1828, block_size=6
  SSC-Block-TV-Col21 trial 21: mean ARI=0.8036  n=20  4.2s  lambda_e=0.3012, lambda_z=0.02815, gamma_q=0.007008, block_size=9
  SSC-Block-TV-Col21 trial 22: mean ARI=0.8015  n=20  4.2s  lambda_e=0.3174, lambda_z=0.07768, gamma_q=0.02107, block_size=10
  SSC-Block-TV-Col21 trial 23: mean ARI=0.7899  n=20  4.2s  lambda_e=0.04243, lambda_z=0.01498, gamma_q=0.002781, block_size=8
  SSC-Block-TV-Col21 trial 24: mean ARI=0.8190  n=20  4.2s  lambda_e=0.1252, lambda_z=0.003518, gamma_q=0.006825, block_size=10
  SSC-Block-TV-Col21 trial 25: mean ARI=0.7350  n=20  4.3s  lambda_e=0.1291, lambda_z=0.002776, gamma_q=0.005735, block_size=3
  SSC-Block-TV-Col21 trial 26: mean ARI=0.7340  n=20  4.2s  lambda_e=0.01792, lambda_z=0.005384, gamma_q=0.001253, block_size=11
  SSC-Block-TV-Col21 trial 27: mean ARI=0.4062  n=20  4.2s  lambda_e=0.07541, lambda_z=0.001036, gamma_q=0.04022, block_size=8
  SSC-Block-TV-Col21 trial 28: mean ARI=0.7403  n=20  4.2s  lambda_e=0.162, lambda_z=0.01603, gamma_q=0.0201, block_size=6
  SSC-Block-TV-Col21 trial 29: mean ARI=0.4997  n=20  4.2s  lambda_e=0.9728, lambda_z=0.00235, gamma_q=0.1149, block_size=6
  SSC-Block-TV-Col21 trial 30: mean ARI=0.8371  n=20  4.2s  lambda_e=1.84, lambda_z=0.1629, gamma_q=0.002572, block_size=4
  SSC-Block-TV-Col21 trial 31: mean ARI=0.8272  n=20  4.3s  lambda_e=1.912, lambda_z=0.1815, gamma_q=0.002015, block_size=4
  SSC-Block-TV-Col21 trial 32: mean ARI=0.8371  n=20  4.3s  lambda_e=3.435, lambda_z=0.157, gamma_q=0.002232, block_size=4
  SSC-Block-TV-Col21 trial 33: mean ARI=0.8370  n=20  4.3s  lambda_e=4.711, lambda_z=0.143, gamma_q=0.002135, block_size=4
  SSC-Block-TV-Col21 trial 34: mean ARI=0.8485  n=20  4.3s  lambda_e=4.413, lambda_z=0.1283, gamma_q=0.002867, block_size=3
  SSC-Block-TV-Col21 trial 35: mean ARI=0.8485  n=20  4.3s  lambda_e=4.625, lambda_z=0.1378, gamma_q=0.002858, block_size=3
  SSC-Block-TV-Col21 trial 36: mean ARI=0.7586  n=20  4.3s  lambda_e=4.248, lambda_z=0.442, gamma_q=0.003758, block_size=3
  SSC-Block-TV-Col21 trial 37: mean ARI=0.7296  n=20  4.3s  lambda_e=4.609, lambda_z=0.9426, gamma_q=0.001453, block_size=3
  SSC-Block-TV-Col21 trial 38: mean ARI=0.8131  n=20  4.4s  lambda_e=2.426, lambda_z=0.09245, gamma_q=0.001005, block_size=2
  SSC-Block-TV-Col21 trial 39: mean ARI=0.7929  n=20  4.3s  lambda_e=6.787, lambda_z=0.3747, gamma_q=0.003444, block_size=3
    best mean ARI=0.8485  tune 169.7s  lambda_e=4.413, lambda_z=0.1283, gamma_q=0.002867, block_size=3
  wrote /nfs/turbo/umms-minjilab/lpullela/icassp_ssc_tv2/block_ssc_benchmark/cv/params/ballet/ballet_cluster_sigmas_0_params_knownk_cv_ssc_block_tv_col21_k3_sigma0_sigma0_fold7.json

=== train[239] k=3  dim=900  frames=88  σ=0.0  fold=7  seqs=['seq_000003', 'seq_000005', 'seq_000035'] ===
  SSC-Block-TV-Col21: k_hat=3  ACC=0.6364  NMI=0.6831  ARI=0.5169  0.1s

=== train[240] k=3  dim=900  frames=160  σ=0.0  fold=7  seqs=['seq_000019', 'seq_000024', 'seq_000033'] ===
  SSC-Block-TV-Col21: k_hat=3  ACC=1.0000  NMI=1.0000  ARI=1.0000  0.2s

=== train[241] k=3  dim=900  frames=219  σ=0.0  fold=7  seqs=['seq_000002', 'seq_000012', 'seq_000023'] ===
  SSC-Block-TV-Col21: k_hat=3  ACC=0.6941  NMI=0.6529  ARI=0.4578  0.4s

=== train[242] k=3  dim=900  frames=164  σ=0.0  fold=7  seqs=['seq_000020', 'seq_000022', 'seq_000028'] ===
  SSC-Block-TV-Col21: k_hat=3  ACC=0.7805  NMI=0.7228  ARI=0.6820  0.2s

=== train[243] k=3  dim=900  frames=252  σ=0.0  fold=7  seqs=['seq_000004', 'seq_000011', 'seq_000042'] ===
  SSC-Block-TV-Col21: k_hat=3  ACC=1.0000  NMI=1.0000  ARI=1.0000  0.5s

=== train[244] k=3  dim=900  frames=235  σ=0.0  fold=7  seqs=['seq_000017', 'seq_000031', 'seq_000039'] ===
  SSC-Block-TV-Col21: k_hat=3  ACC=0.6511  NMI=0.6775  ARI=0.5121  0.4s

=== train[245] k=3  dim=900  frames=155  σ=0.0  fold=7  seqs=['seq_000009', 'seq_000021', 'seq_000029'] ===
  SSC-Block-TV-Col21: k_hat=3  ACC=1.0000  NMI=1.0000  ARI=1.0000  0.2s

=== train[246] k=3  dim=900  frames=149  σ=0.0  fold=7  seqs=['seq_000001', 'seq_000025', 'seq_000026'] ===
  SSC-Block-TV-Col21: k_hat=3  ACC=1.0000  NMI=1.0000  ARI=1.0000  0.2s

=== train[247] k=3  dim=900  frames=130  σ=0.0  fold=7  seqs=['seq_000027', 'seq_000040', 'seq_000041'] ===
  SSC-Block-TV-Col21: k_hat=3  ACC=0.7077  NMI=0.6682  ARI=0.4825  0.2s

=== train[248] k=3  dim=900  frames=99  σ=0.0  fold=7  seqs=['seq_000007', 'seq_000010', 'seq_000037'] ===
  SSC-Block-TV-Col21: k_hat=3  ACC=1.0000  NMI=1.0000  ARI=1.0000  0.1s

=== train[249] k=3  dim=900  frames=210  σ=0.0  fold=7  seqs=['seq_000013', 'seq_000014', 'seq_000038'] ===
  SSC-Block-TV-Col21: k_hat=3  ACC=0.5810  NMI=0.3639  ARI=0.1287  0.4s

=== train[250] k=3  dim=900  frames=205  σ=0.0  fold=7  seqs=['seq_000006', 'seq_000008', 'seq_000044'] ===
  SSC-Block-TV-Col21: k_hat=3  ACC=1.0000  NMI=1.0000  ARI=1.0000  0.3s

=== train[251] k=3  dim=900  frames=111  σ=0.0  fold=7  seqs=['seq_000015', 'seq_000030', 'seq_000034'] ===
  SSC-Block-TV-Col21: k_hat=3  ACC=1.0000  NMI=1.0000  ARI=1.0000  0.1s

=== test[238] k=3  dim=900  frames=153  σ=0.0  fold=7  seqs=['seq_000018', 'seq_000036', 'seq_000043'] ===
  SSC-Block-TV-Col21: k_hat=3  ACC=0.7059  NMI=0.6688  ARI=0.4727  0.2s
  tune_pool_groups=20: sampling from 41 held-in sequences (overlap allowed) instead of the 13 fixed fold group(s)

============================================================
σ=0.0 fold=8  test=['seq_000001', 'seq_000025', 'seq_000026']  train mats=13  test mats=1  tune mats=20
  --- tune SSC-Block-TV-Col21 over 20 train mats  n_trials=40 (4 params) ---
  SSC-Block-TV-Col21 trial 0: mean ARI=0.7423  n=20  5.6s  lambda_e=1, lambda_z=0.1, gamma_q=0.1, block_size=5
  SSC-Block-TV-Col21 trial 1: mean ARI=0.7170  n=20  5.6s  lambda_e=0.443, lambda_z=0.7257, gamma_q=0.2577, block_size=7
  SSC-Block-TV-Col21 trial 2: mean ARI=0.7231  n=20  5.6s  lambda_e=0.1866, lambda_z=0.3833, gamma_q=0.05628, block_size=11
  SSC-Block-TV-Col21 trial 3: mean ARI=0.6220  n=20  5.6s  lambda_e=7.78, lambda_z=0.03418, gamma_q=1.469, block_size=7
  SSC-Block-TV-Col21 trial 4: mean ARI=0.6386  n=20  6.0s  lambda_e=0.506, lambda_z=5.039, gamma_q=0.001924, block_size=2
  SSC-Block-TV-Col21 trial 5: mean ARI=0.6667  n=20  5.6s  lambda_e=0.0115, lambda_z=2.14, gamma_q=1.296, block_size=11
  SSC-Block-TV-Col21 trial 6: mean ARI=0.6556  n=20  5.6s  lambda_e=8.627, lambda_z=1.573, gamma_q=0.07013, block_size=10
  SSC-Block-TV-Col21 trial 7: mean ARI=0.7212  n=20  5.5s  lambda_e=0.02264, lambda_z=0.3628, gamma_q=0.003745, block_size=12
  SSC-Block-TV-Col21 trial 8: mean ARI=0.7763  n=20  5.5s  lambda_e=0.3677, lambda_z=0.04557, gamma_q=0.01143, block_size=10
  SSC-Block-TV-Col21 trial 9: mean ARI=0.7382  n=20  5.6s  lambda_e=0.2336, lambda_z=0.1878, gamma_q=0.001189, block_size=8
  SSC-Block-TV-Col21 trial 10: mean ARI=0.6466  n=20  5.9s  lambda_e=0.0543, lambda_z=0.001491, gamma_q=6.473, block_size=2
  SSC-Block-TV-Col21 trial 11: mean ARI=0.7772  n=20  5.6s  lambda_e=1.685, lambda_z=0.04005, gamma_q=0.01389, block_size=5
  SSC-Block-TV-Col21 trial 12: mean ARI=0.7353  n=20  5.7s  lambda_e=2.028, lambda_z=0.01277, gamma_q=0.01048, block_size=4
  SSC-Block-TV-Col21 trial 13: mean ARI=0.7631  n=20  5.6s  lambda_e=2.367, lambda_z=0.00699, gamma_q=0.01396, block_size=9
  SSC-Block-TV-Col21 trial 14: mean ARI=0.7765  n=20  5.7s  lambda_e=0.09749, lambda_z=0.04186, gamma_q=0.01295, block_size=5
  SSC-Block-TV-Col21 trial 15: mean ARI=0.8300  n=20  5.6s  lambda_e=0.09713, lambda_z=0.005339, gamma_q=0.0261, block_size=5
  SSC-Block-TV-Col21 trial 16: mean ARI=0.6238  n=20  5.7s  lambda_e=0.05603, lambda_z=0.001092, gamma_q=0.03263, block_size=4
  SSC-Block-TV-Col21 trial 17: mean ARI=0.5845  n=20  5.6s  lambda_e=2.663, lambda_z=0.004244, gamma_q=0.2569, block_size=6
  SSC-Block-TV-Col21 trial 18: mean ARI=0.7792  n=20  5.8s  lambda_e=1.112, lambda_z=0.002986, gamma_q=0.004978, block_size=3
  SSC-Block-TV-Col21 trial 19: mean ARI=0.7749  n=20  5.8s  lambda_e=0.1058, lambda_z=0.003757, gamma_q=0.00377, block_size=3
  SSC-Block-TV-Col21 trial 20: mean ARI=0.7433  n=20  5.8s  lambda_e=0.8868, lambda_z=0.01305, gamma_q=0.003961, block_size=3
  SSC-Block-TV-Col21 trial 21: mean ARI=0.8302  n=20  5.7s  lambda_e=1.064, lambda_z=0.003053, gamma_q=0.02262, block_size=5
  SSC-Block-TV-Col21 trial 22: mean ARI=0.6537  n=20  5.7s  lambda_e=3.631, lambda_z=0.002423, gamma_q=0.0351, block_size=4
  SSC-Block-TV-Col21 trial 23: mean ARI=0.6573  n=20  5.7s  lambda_e=0.7419, lambda_z=0.01375, gamma_q=0.1563, block_size=6
  SSC-Block-TV-Col21 trial 24: mean ARI=0.7691  n=20  5.8s  lambda_e=1.37, lambda_z=0.006558, gamma_q=0.02948, block_size=3
  SSC-Block-TV-Col21 trial 25: mean ARI=0.8081  n=20  5.7s  lambda_e=5.22, lambda_z=0.002501, gamma_q=0.005622, block_size=6
  SSC-Block-TV-Col21 trial 26: mean ARI=0.8213  n=20  5.6s  lambda_e=4.582, lambda_z=0.001612, gamma_q=0.007107, block_size=6
  SSC-Block-TV-Col21 trial 27: mean ARI=0.6003  n=20  5.6s  lambda_e=4.385, lambda_z=0.001024, gamma_q=0.02979, block_size=7
  SSC-Block-TV-Col21 trial 28: mean ARI=0.5776  n=20  5.6s  lambda_e=0.02345, lambda_z=0.006331, gamma_q=0.6266, block_size=8
  SSC-Block-TV-Col21 trial 29: mean ARI=0.8104  n=20  5.6s  lambda_e=0.2436, lambda_z=0.02053, gamma_q=0.1162, block_size=5
  SSC-Block-TV-Col21 trial 30: mean ARI=0.7745  n=20  5.7s  lambda_e=5.956, lambda_z=0.001765, gamma_q=0.002011, block_size=5
  SSC-Block-TV-Col21 trial 31: mean ARI=0.7966  n=20  5.7s  lambda_e=0.1705, lambda_z=0.01424, gamma_q=0.1158, block_size=5
  SSC-Block-TV-Col21 trial 32: mean ARI=0.7762  n=20  5.6s  lambda_e=0.3064, lambda_z=0.02008, gamma_q=0.05933, block_size=6
  SSC-Block-TV-Col21 trial 33: mean ARI=0.7662  n=20  5.7s  lambda_e=0.6752, lambda_z=0.1014, gamma_q=0.1992, block_size=4
  SSC-Block-TV-Col21 trial 34: mean ARI=0.5691  n=20  5.6s  lambda_e=0.1119, lambda_z=0.00623, gamma_q=0.4368, block_size=7
  SSC-Block-TV-Col21 trial 35: mean ARI=0.7761  n=20  5.6s  lambda_e=0.06335, lambda_z=0.08221, gamma_q=0.02215, block_size=5
  SSC-Block-TV-Col21 trial 36: mean ARI=0.5849  n=20  5.7s  lambda_e=0.5724, lambda_z=0.004049, gamma_q=0.08856, block_size=6
  SSC-Block-TV-Col21 trial 37: mean ARI=0.7530  n=20  5.6s  lambda_e=0.1914, lambda_z=0.02332, gamma_q=0.05635, block_size=8
  SSC-Block-TV-Col21 trial 38: mean ARI=0.7641  n=20  5.7s  lambda_e=0.03516, lambda_z=0.002006, gamma_q=0.008714, block_size=4
  SSC-Block-TV-Col21 trial 39: mean ARI=0.7659  n=20  5.6s  lambda_e=0.4255, lambda_z=0.00787, gamma_q=0.02238, block_size=7
    best mean ARI=0.8302  tune 226.6s  lambda_e=1.064, lambda_z=0.003053, gamma_q=0.02262, block_size=5
  wrote /nfs/turbo/umms-minjilab/lpullela/icassp_ssc_tv2/block_ssc_benchmark/cv/params/ballet/ballet_cluster_sigmas_0_params_knownk_cv_ssc_block_tv_col21_k3_sigma0_sigma0_fold8.json

=== train[273] k=3  dim=900  frames=88  σ=0.0  fold=8  seqs=['seq_000003', 'seq_000005', 'seq_000035'] ===
  SSC-Block-TV-Col21: k_hat=3  ACC=0.6932  NMI=0.5773  ARI=0.3673  0.1s

=== train[274] k=3  dim=900  frames=160  σ=0.0  fold=8  seqs=['seq_000019', 'seq_000024', 'seq_000033'] ===
  SSC-Block-TV-Col21: k_hat=3  ACC=1.0000  NMI=1.0000  ARI=1.0000  0.2s

=== train[275] k=3  dim=900  frames=219  σ=0.0  fold=8  seqs=['seq_000002', 'seq_000012', 'seq_000023'] ===
  SSC-Block-TV-Col21: k_hat=3  ACC=0.5982  NMI=0.4667  ARI=0.3642  0.4s

=== train[276] k=3  dim=900  frames=164  σ=0.0  fold=8  seqs=['seq_000020', 'seq_000022', 'seq_000028'] ===
  SSC-Block-TV-Col21: k_hat=3  ACC=0.9573  NMI=0.8743  ARI=0.8910  0.2s

=== train[277] k=3  dim=900  frames=252  σ=0.0  fold=8  seqs=['seq_000004', 'seq_000011', 'seq_000042'] ===
  SSC-Block-TV-Col21: k_hat=3  ACC=1.0000  NMI=1.0000  ARI=1.0000  0.5s

=== train[278] k=3  dim=900  frames=235  σ=0.0  fold=8  seqs=['seq_000017', 'seq_000031', 'seq_000039'] ===
  SSC-Block-TV-Col21: k_hat=3  ACC=0.9915  NMI=0.9639  ARI=0.9786  0.4s

=== train[279] k=3  dim=900  frames=155  σ=0.0  fold=8  seqs=['seq_000009', 'seq_000021', 'seq_000029'] ===
  SSC-Block-TV-Col21: k_hat=3  ACC=1.0000  NMI=1.0000  ARI=1.0000  0.2s

=== train[280] k=3  dim=900  frames=153  σ=0.0  fold=8  seqs=['seq_000018', 'seq_000036', 'seq_000043'] ===
  SSC-Block-TV-Col21: k_hat=3  ACC=0.6993  NMI=0.6673  ARI=0.4703  0.2s

=== train[281] k=3  dim=900  frames=130  σ=0.0  fold=8  seqs=['seq_000027', 'seq_000040', 'seq_000041'] ===
  SSC-Block-TV-Col21: k_hat=3  ACC=0.5692  NMI=0.4888  ARI=0.3552  0.2s

=== train[282] k=3  dim=900  frames=99  σ=0.0  fold=8  seqs=['seq_000007', 'seq_000010', 'seq_000037'] ===
  SSC-Block-TV-Col21: k_hat=3  ACC=1.0000  NMI=1.0000  ARI=1.0000  0.1s

=== train[283] k=3  dim=900  frames=210  σ=0.0  fold=8  seqs=['seq_000013', 'seq_000014', 'seq_000038'] ===
  SSC-Block-TV-Col21: k_hat=3  ACC=0.6952  NMI=0.4740  ARI=0.2884  0.4s

=== train[284] k=3  dim=900  frames=205  σ=0.0  fold=8  seqs=['seq_000006', 'seq_000008', 'seq_000044'] ===
  SSC-Block-TV-Col21: k_hat=3  ACC=1.0000  NMI=1.0000  ARI=1.0000  0.3s

=== train[285] k=3  dim=900  frames=111  σ=0.0  fold=8  seqs=['seq_000015', 'seq_000030', 'seq_000034'] ===
  SSC-Block-TV-Col21: k_hat=3  ACC=0.7027  NMI=0.6015  ARI=0.4962  0.1s

=== test[272] k=3  dim=900  frames=149  σ=0.0  fold=8  seqs=['seq_000001', 'seq_000025', 'seq_000026'] ===
  SSC-Block-TV-Col21: k_hat=3  ACC=0.8121  NMI=0.7283  ARI=0.6497  0.2s
  tune_pool_groups=20: sampling from 41 held-in sequences (overlap allowed) instead of the 13 fixed fold group(s)

============================================================
σ=0.0 fold=9  test=['seq_000027', 'seq_000040', 'seq_000041']  train mats=13  test mats=1  tune mats=20
  --- tune SSC-Block-TV-Col21 over 20 train mats  n_trials=40 (4 params) ---
  SSC-Block-TV-Col21 trial 0: mean ARI=0.7305  n=20  5.9s  lambda_e=1, lambda_z=0.1, gamma_q=0.1, block_size=5
  SSC-Block-TV-Col21 trial 1: mean ARI=0.7104  n=20  5.8s  lambda_e=0.443, lambda_z=0.7257, gamma_q=0.2577, block_size=7
  SSC-Block-TV-Col21 trial 2: mean ARI=0.6495  n=20  5.8s  lambda_e=0.1866, lambda_z=0.3833, gamma_q=0.05628, block_size=11
  SSC-Block-TV-Col21 trial 3: mean ARI=0.5247  n=20  5.8s  lambda_e=7.78, lambda_z=0.03418, gamma_q=1.469, block_size=7
  SSC-Block-TV-Col21 trial 4: mean ARI=0.5726  n=20  6.1s  lambda_e=0.506, lambda_z=5.039, gamma_q=0.001924, block_size=2
  SSC-Block-TV-Col21 trial 5: mean ARI=0.5991  n=20  5.8s  lambda_e=0.0115, lambda_z=2.14, gamma_q=1.296, block_size=11
  SSC-Block-TV-Col21 trial 6: mean ARI=0.5828  n=20  5.8s  lambda_e=8.627, lambda_z=1.573, gamma_q=0.07013, block_size=10
  SSC-Block-TV-Col21 trial 7: mean ARI=0.7116  n=20  5.8s  lambda_e=0.02264, lambda_z=0.3628, gamma_q=0.003745, block_size=12
  SSC-Block-TV-Col21 trial 8: mean ARI=0.7208  n=20  5.8s  lambda_e=0.3677, lambda_z=0.04557, gamma_q=0.01143, block_size=10
  SSC-Block-TV-Col21 trial 9: mean ARI=0.7364  n=20  5.8s  lambda_e=0.2336, lambda_z=0.1878, gamma_q=0.001189, block_size=8
  SSC-Block-TV-Col21 trial 10: mean ARI=0.6676  n=20  6.1s  lambda_e=0.06732, lambda_z=0.001648, gamma_q=6.473, block_size=2
  SSC-Block-TV-Col21 trial 11: mean ARI=0.7306  n=20  5.8s  lambda_e=2.09, lambda_z=0.0521, gamma_q=0.01587, block_size=6
  SSC-Block-TV-Col21 trial 12: mean ARI=0.7317  n=20  5.8s  lambda_e=2.118, lambda_z=0.00523, gamma_q=0.001027, block_size=7
  SSC-Block-TV-Col21 trial 13: mean ARI=0.7332  n=20  5.8s  lambda_e=2.353, lambda_z=0.002715, gamma_q=0.00106, block_size=8
  SSC-Block-TV-Col21 trial 14: mean ARI=0.7329  n=20  5.8s  lambda_e=0.1072, lambda_z=0.008897, gamma_q=0.005404, block_size=9
  SSC-Block-TV-Col21 trial 15: mean ARI=0.7326  n=20  5.9s  lambda_e=2.691, lambda_z=0.001239, gamma_q=0.001054, block_size=4
  SSC-Block-TV-Col21 trial 16: mean ARI=0.7327  n=20  5.8s  lambda_e=0.04176, lambda_z=0.01022, gamma_q=0.004868, block_size=8
  SSC-Block-TV-Col21 trial 17: mean ARI=0.5995  n=20  5.8s  lambda_e=1.018, lambda_z=9.263, gamma_q=0.01627, block_size=9
  SSC-Block-TV-Col21 trial 18: mean ARI=0.7337  n=20  5.9s  lambda_e=0.1866, lambda_z=0.003232, gamma_q=0.002482, block_size=4
  SSC-Block-TV-Col21 trial 19: mean ARI=0.7692  n=20  5.9s  lambda_e=0.2147, lambda_z=0.1689, gamma_q=0.002981, block_size=4
  SSC-Block-TV-Col21 trial 20: mean ARI=0.7790  n=20  6.0s  lambda_e=0.1784, lambda_z=0.1542, gamma_q=0.02798, block_size=3
  SSC-Block-TV-Col21 trial 21: mean ARI=0.7888  n=20  6.0s  lambda_e=0.1933, lambda_z=0.1552, gamma_q=0.03209, block_size=3
  SSC-Block-TV-Col21 trial 22: mean ARI=0.7734  n=20  6.0s  lambda_e=0.08855, lambda_z=0.1342, gamma_q=0.02904, block_size=3
  SSC-Block-TV-Col21 trial 23: mean ARI=0.7055  n=20  6.0s  lambda_e=0.1038, lambda_z=0.01529, gamma_q=0.0374, block_size=3
  SSC-Block-TV-Col21 trial 24: mean ARI=0.7037  n=20  6.0s  lambda_e=0.04091, lambda_z=0.08291, gamma_q=0.1555, block_size=3
  SSC-Block-TV-Col21 trial 25: mean ARI=0.7354  n=20  6.0s  lambda_e=0.0822, lambda_z=0.6933, gamma_q=0.03443, block_size=3
  SSC-Block-TV-Col21 trial 26: mean ARI=0.5951  n=20  5.9s  lambda_e=0.04957, lambda_z=0.02837, gamma_q=0.4423, block_size=5
  SSC-Block-TV-Col21 trial 27: mean ARI=0.7542  n=20  6.2s  lambda_e=0.02109, lambda_z=0.1453, gamma_q=0.009708, block_size=2
  SSC-Block-TV-Col21 trial 28: mean ARI=0.7541  n=20  5.8s  lambda_e=0.1403, lambda_z=0.3019, gamma_q=0.02347, block_size=5
  SSC-Block-TV-Col21 trial 29: mean ARI=0.6933  n=20  6.0s  lambda_e=0.7031, lambda_z=0.09173, gamma_q=0.09713, block_size=3
  SSC-Block-TV-Col21 trial 30: mean ARI=0.7146  n=20  5.9s  lambda_e=0.3088, lambda_z=0.8513, gamma_q=0.4965, block_size=5
  SSC-Block-TV-Col21 trial 31: mean ARI=0.7913  n=20  5.9s  lambda_e=0.1452, lambda_z=0.1796, gamma_q=0.006668, block_size=4
  SSC-Block-TV-Col21 trial 32: mean ARI=0.7495  n=20  6.0s  lambda_e=0.1458, lambda_z=0.07574, gamma_q=0.007746, block_size=4
  SSC-Block-TV-Col21 trial 33: mean ARI=0.7818  n=20  6.0s  lambda_e=0.06098, lambda_z=0.2623, gamma_q=0.03788, block_size=3
  SSC-Block-TV-Col21 trial 34: mean ARI=0.6947  n=20  6.2s  lambda_e=0.0244, lambda_z=0.2724, gamma_q=0.1448, block_size=2
  SSC-Block-TV-Col21 trial 35: mean ARI=0.6484  n=20  5.8s  lambda_e=0.5795, lambda_z=0.6527, gamma_q=0.06232, block_size=6
  SSC-Block-TV-Col21 trial 36: mean ARI=0.6983  n=20  5.9s  lambda_e=0.2905, lambda_z=0.5049, gamma_q=0.04842, block_size=4
  SSC-Block-TV-Col21 trial 37: mean ARI=0.5853  n=20  5.9s  lambda_e=0.05465, lambda_z=2.235, gamma_q=0.01885, block_size=6
  SSC-Block-TV-Col21 trial 38: mean ARI=0.7150  n=20  6.1s  lambda_e=0.9332, lambda_z=1.194, gamma_q=0.2371, block_size=2
  SSC-Block-TV-Col21 trial 39: mean ARI=0.7341  n=20  5.9s  lambda_e=0.1333, lambda_z=0.024, gamma_q=0.007113, block_size=5
    best mean ARI=0.7913  tune 236.8s  lambda_e=0.1452, lambda_z=0.1796, gamma_q=0.006668, block_size=4
  wrote /nfs/turbo/umms-minjilab/lpullela/icassp_ssc_tv2/block_ssc_benchmark/cv/params/ballet/ballet_cluster_sigmas_0_params_knownk_cv_ssc_block_tv_col21_k3_sigma0_sigma0_fold9.json

=== train[307] k=3  dim=900  frames=88  σ=0.0  fold=9  seqs=['seq_000003', 'seq_000005', 'seq_000035'] ===
  SSC-Block-TV-Col21: k_hat=3  ACC=0.6250  NMI=0.4575  ARI=0.2638  0.1s

=== train[308] k=3  dim=900  frames=160  σ=0.0  fold=9  seqs=['seq_000019', 'seq_000024', 'seq_000033'] ===
  SSC-Block-TV-Col21: k_hat=3  ACC=1.0000  NMI=1.0000  ARI=1.0000  0.2s

=== train[309] k=3  dim=900  frames=219  σ=0.0  fold=9  seqs=['seq_000002', 'seq_000012', 'seq_000023'] ===
  SSC-Block-TV-Col21: k_hat=3  ACC=0.6895  NMI=0.6524  ARI=0.4572  0.4s

=== train[310] k=3  dim=900  frames=164  σ=0.0  fold=9  seqs=['seq_000020', 'seq_000022', 'seq_000028'] ===
  SSC-Block-TV-Col21: k_hat=3  ACC=0.7805  NMI=0.7228  ARI=0.6820  0.2s

=== train[311] k=3  dim=900  frames=252  σ=0.0  fold=9  seqs=['seq_000004', 'seq_000011', 'seq_000042'] ===
  SSC-Block-TV-Col21: k_hat=3  ACC=1.0000  NMI=1.0000  ARI=1.0000  0.5s

=== train[312] k=3  dim=900  frames=235  σ=0.0  fold=9  seqs=['seq_000017', 'seq_000031', 'seq_000039'] ===
  SSC-Block-TV-Col21: k_hat=3  ACC=0.6511  NMI=0.6775  ARI=0.5121  0.4s

=== train[313] k=3  dim=900  frames=155  σ=0.0  fold=9  seqs=['seq_000009', 'seq_000021', 'seq_000029'] ===
  SSC-Block-TV-Col21: k_hat=3  ACC=1.0000  NMI=1.0000  ARI=1.0000  0.2s

=== train[314] k=3  dim=900  frames=153  σ=0.0  fold=9  seqs=['seq_000018', 'seq_000036', 'seq_000043'] ===
  SSC-Block-TV-Col21: k_hat=3  ACC=0.7059  NMI=0.6688  ARI=0.4727  0.2s

=== train[315] k=3  dim=900  frames=149  σ=0.0  fold=9  seqs=['seq_000001', 'seq_000025', 'seq_000026'] ===
  SSC-Block-TV-Col21: k_hat=3  ACC=0.7114  NMI=0.5636  ARI=0.3091  0.2s

=== train[316] k=3  dim=900  frames=99  σ=0.0  fold=9  seqs=['seq_000007', 'seq_000010', 'seq_000037'] ===
  SSC-Block-TV-Col21: k_hat=3  ACC=1.0000  NMI=1.0000  ARI=1.0000  0.1s

=== train[317] k=3  dim=900  frames=210  σ=0.0  fold=9  seqs=['seq_000013', 'seq_000014', 'seq_000038'] ===
  SSC-Block-TV-Col21: k_hat=3  ACC=0.5667  NMI=0.3492  ARI=0.1110  0.4s

=== train[318] k=3  dim=900  frames=205  σ=0.0  fold=9  seqs=['seq_000006', 'seq_000008', 'seq_000044'] ===
  SSC-Block-TV-Col21: k_hat=3  ACC=1.0000  NMI=1.0000  ARI=1.0000  0.3s

=== train[319] k=3  dim=900  frames=111  σ=0.0  fold=9  seqs=['seq_000015', 'seq_000030', 'seq_000034'] ===
  SSC-Block-TV-Col21: k_hat=3  ACC=0.9009  NMI=0.8124  ARI=0.8080  0.1s

=== test[306] k=3  dim=900  frames=130  σ=0.0  fold=9  seqs=['seq_000027', 'seq_000040', 'seq_000041'] ===
  SSC-Block-TV-Col21: k_hat=3  ACC=0.7000  NMI=0.6672  ARI=0.4812  0.2s
  tune_pool_groups=20: sampling from 41 held-in sequences (overlap allowed) instead of the 13 fixed fold group(s)

============================================================
σ=0.0 fold=10  test=['seq_000007', 'seq_000010', 'seq_000037']  train mats=13  test mats=1  tune mats=20
  --- tune SSC-Block-TV-Col21 over 20 train mats  n_trials=40 (4 params) ---
  SSC-Block-TV-Col21 trial 0: mean ARI=0.7387  n=20  4.9s  lambda_e=1, lambda_z=0.1, gamma_q=0.1, block_size=5
  SSC-Block-TV-Col21 trial 1: mean ARI=0.7074  n=20  4.8s  lambda_e=0.443, lambda_z=0.7257, gamma_q=0.2577, block_size=7
  SSC-Block-TV-Col21 trial 2: mean ARI=0.7052  n=20  4.6s  lambda_e=0.1866, lambda_z=0.3833, gamma_q=0.05628, block_size=11
  SSC-Block-TV-Col21 trial 3: mean ARI=0.6185  n=20  4.7s  lambda_e=7.78, lambda_z=0.03418, gamma_q=1.469, block_size=7
  SSC-Block-TV-Col21 trial 4: mean ARI=0.5805  n=20  4.9s  lambda_e=0.506, lambda_z=5.039, gamma_q=0.001924, block_size=2
  SSC-Block-TV-Col21 trial 5: mean ARI=0.6736  n=20  4.7s  lambda_e=0.0115, lambda_z=2.14, gamma_q=1.296, block_size=11
  SSC-Block-TV-Col21 trial 6: mean ARI=0.5749  n=20  4.7s  lambda_e=8.627, lambda_z=1.573, gamma_q=0.07013, block_size=10
  SSC-Block-TV-Col21 trial 7: mean ARI=0.7325  n=20  4.7s  lambda_e=0.02264, lambda_z=0.3628, gamma_q=0.003745, block_size=12
  SSC-Block-TV-Col21 trial 8: mean ARI=0.7655  n=20  4.7s  lambda_e=0.3677, lambda_z=0.04557, gamma_q=0.01143, block_size=10
  SSC-Block-TV-Col21 trial 9: mean ARI=0.7171  n=20  4.8s  lambda_e=0.2336, lambda_z=0.1878, gamma_q=0.001189, block_size=8
  SSC-Block-TV-Col21 trial 10: mean ARI=0.6141  n=20  4.9s  lambda_e=0.0543, lambda_z=0.001491, gamma_q=6.473, block_size=2
  SSC-Block-TV-Col21 trial 11: mean ARI=0.7655  n=20  4.7s  lambda_e=1.685, lambda_z=0.04005, gamma_q=0.01389, block_size=5
  SSC-Block-TV-Col21 trial 12: mean ARI=0.7088  n=20  4.8s  lambda_e=2.028, lambda_z=0.01277, gamma_q=0.01048, block_size=4
  SSC-Block-TV-Col21 trial 13: mean ARI=0.6996  n=20  4.7s  lambda_e=2.367, lambda_z=0.00699, gamma_q=0.01396, block_size=9
  SSC-Block-TV-Col21 trial 14: mean ARI=0.7655  n=20  4.7s  lambda_e=0.09749, lambda_z=0.04186, gamma_q=0.01295, block_size=5
  SSC-Block-TV-Col21 trial 15: mean ARI=0.7261  n=20  4.8s  lambda_e=0.09713, lambda_z=0.004994, gamma_q=0.005781, block_size=4
  SSC-Block-TV-Col21 trial 16: mean ARI=0.7497  n=20  4.7s  lambda_e=0.0507, lambda_z=0.05143, gamma_q=0.02235, block_size=7
  SSC-Block-TV-Col21 trial 17: mean ARI=0.4787  n=20  4.7s  lambda_e=0.1344, lambda_z=0.01654, gamma_q=0.3548, block_size=9
  SSC-Block-TV-Col21 trial 18: mean ARI=0.6307  n=20  4.7s  lambda_e=0.3825, lambda_z=0.002352, gamma_q=0.03134, block_size=6
  SSC-Block-TV-Col21 trial 19: mean ARI=0.7288  n=20  4.9s  lambda_e=0.06651, lambda_z=0.1022, gamma_q=0.003617, block_size=3
  SSC-Block-TV-Col21 trial 20: mean ARI=0.4863  n=20  4.7s  lambda_e=0.03223, lambda_z=0.01733, gamma_q=0.1828, block_size=12
  SSC-Block-TV-Col21 trial 21: mean ARI=0.7808  n=20  4.8s  lambda_e=1.182, lambda_z=0.04501, gamma_q=0.009198, block_size=5
  SSC-Block-TV-Col21 trial 22: mean ARI=0.7614  n=20  4.8s  lambda_e=0.8376, lambda_z=0.07305, gamma_q=0.00671, block_size=5
  SSC-Block-TV-Col21 trial 23: mean ARI=0.7059  n=20  4.8s  lambda_e=3.896, lambda_z=0.2258, gamma_q=0.03417, block_size=6
  SSC-Block-TV-Col21 trial 24: mean ARI=0.7730  n=20  4.9s  lambda_e=0.2561, lambda_z=0.02463, gamma_q=0.002261, block_size=3
  SSC-Block-TV-Col21 trial 25: mean ARI=0.6805  n=20  4.9s  lambda_e=0.7785, lambda_z=0.004958, gamma_q=0.00166, block_size=3
  SSC-Block-TV-Col21 trial 26: mean ARI=0.7553  n=20  4.8s  lambda_e=0.1623, lambda_z=0.01886, gamma_q=0.002727, block_size=4
  SSC-Block-TV-Col21 trial 27: mean ARI=0.7226  n=20  4.8s  lambda_e=0.2617, lambda_z=0.008965, gamma_q=0.005411, block_size=3
  SSC-Block-TV-Col21 trial 28: mean ARI=0.7090  n=20  4.7s  lambda_e=0.1218, lambda_z=0.002781, gamma_q=0.00106, block_size=6
  SSC-Block-TV-Col21 trial 29: mean ARI=0.7099  n=20  4.7s  lambda_e=1.039, lambda_z=0.102, gamma_q=0.1103, block_size=5
  SSC-Block-TV-Col21 trial 30: mean ARI=0.7189  n=20  4.8s  lambda_e=4.139, lambda_z=0.1465, gamma_q=0.002382, block_size=4
  SSC-Block-TV-Col21 trial 31: mean ARI=0.7733  n=20  4.9s  lambda_e=0.3143, lambda_z=0.04062, gamma_q=0.008006, block_size=2
  SSC-Block-TV-Col21 trial 32: mean ARI=0.7382  n=20  5.0s  lambda_e=0.6625, lambda_z=0.02677, gamma_q=0.006914, block_size=2
  SSC-Block-TV-Col21 trial 33: mean ARI=0.7581  n=20  4.9s  lambda_e=0.08484, lambda_z=0.06651, gamma_q=0.01853, block_size=3
  SSC-Block-TV-Col21 trial 34: mean ARI=0.6769  n=20  4.7s  lambda_e=1.211, lambda_z=0.3538, gamma_q=0.03342, block_size=5
  SSC-Block-TV-Col21 trial 35: mean ARI=0.7382  n=20  5.0s  lambda_e=0.2257, lambda_z=0.02722, gamma_q=0.008418, block_size=2
  SSC-Block-TV-Col21 trial 36: mean ARI=0.7074  n=20  4.9s  lambda_e=0.3244, lambda_z=0.009826, gamma_q=0.00354, block_size=3
  SSC-Block-TV-Col21 trial 37: mean ARI=0.6588  n=20  4.8s  lambda_e=0.5525, lambda_z=0.8428, gamma_q=0.06216, block_size=4
  SSC-Block-TV-Col21 trial 38: mean ARI=0.7573  n=20  5.0s  lambda_e=0.03516, lambda_z=0.02783, gamma_q=0.004449, block_size=2
  SSC-Block-TV-Col21 trial 39: mean ARI=0.7404  n=20  4.8s  lambda_e=0.01572, lambda_z=0.1134, gamma_q=0.001769, block_size=6
    best mean ARI=0.7808  tune 191.7s  lambda_e=1.182, lambda_z=0.04501, gamma_q=0.009198, block_size=5
  wrote /nfs/turbo/umms-minjilab/lpullela/icassp_ssc_tv2/block_ssc_benchmark/cv/params/ballet/ballet_cluster_sigmas_0_params_knownk_cv_ssc_block_tv_col21_k3_sigma0_sigma0_fold10.json

=== train[341] k=3  dim=900  frames=88  σ=0.0  fold=10  seqs=['seq_000003', 'seq_000005', 'seq_000035'] ===
  SSC-Block-TV-Col21: k_hat=3  ACC=0.6477  NMI=0.4684  ARI=0.2794  0.1s

=== train[342] k=3  dim=900  frames=160  σ=0.0  fold=10  seqs=['seq_000019', 'seq_000024', 'seq_000033'] ===
  SSC-Block-TV-Col21: k_hat=3  ACC=1.0000  NMI=1.0000  ARI=1.0000  0.2s

=== train[343] k=3  dim=900  frames=219  σ=0.0  fold=10  seqs=['seq_000002', 'seq_000012', 'seq_000023'] ===
  SSC-Block-TV-Col21: k_hat=3  ACC=0.6986  NMI=0.6534  ARI=0.4586  0.4s

=== train[344] k=3  dim=900  frames=164  σ=0.0  fold=10  seqs=['seq_000020', 'seq_000022', 'seq_000028'] ===
  SSC-Block-TV-Col21: k_hat=3  ACC=0.6890  NMI=0.5867  ARI=0.4733  0.2s

=== train[345] k=3  dim=900  frames=252  σ=0.0  fold=10  seqs=['seq_000004', 'seq_000011', 'seq_000042'] ===
  SSC-Block-TV-Col21: k_hat=3  ACC=1.0000  NMI=1.0000  ARI=1.0000  0.5s

=== train[346] k=3  dim=900  frames=235  σ=0.0  fold=10  seqs=['seq_000017', 'seq_000031', 'seq_000039'] ===
  SSC-Block-TV-Col21: k_hat=3  ACC=1.0000  NMI=1.0000  ARI=1.0000  0.4s

=== train[347] k=3  dim=900  frames=155  σ=0.0  fold=10  seqs=['seq_000009', 'seq_000021', 'seq_000029'] ===
  SSC-Block-TV-Col21: k_hat=3  ACC=1.0000  NMI=1.0000  ARI=1.0000  0.2s

=== train[348] k=3  dim=900  frames=153  σ=0.0  fold=10  seqs=['seq_000018', 'seq_000036', 'seq_000043'] ===
  SSC-Block-TV-Col21: k_hat=3  ACC=0.7124  NMI=0.6704  ARI=0.4756  0.2s

=== train[349] k=3  dim=900  frames=149  σ=0.0  fold=10  seqs=['seq_000001', 'seq_000025', 'seq_000026'] ===
  SSC-Block-TV-Col21: k_hat=3  ACC=1.0000  NMI=1.0000  ARI=1.0000  0.2s

=== train[350] k=3  dim=900  frames=130  σ=0.0  fold=10  seqs=['seq_000027', 'seq_000040', 'seq_000041'] ===
  SSC-Block-TV-Col21: k_hat=3  ACC=0.7154  NMI=0.6695  ARI=0.4843  0.2s

=== train[351] k=3  dim=900  frames=210  σ=0.0  fold=10  seqs=['seq_000013', 'seq_000014', 'seq_000038'] ===
  SSC-Block-TV-Col21: k_hat=3  ACC=0.5905  NMI=0.3775  ARI=0.1481  0.3s

=== train[352] k=3  dim=900  frames=205  σ=0.0  fold=10  seqs=['seq_000006', 'seq_000008', 'seq_000044'] ===
  SSC-Block-TV-Col21: k_hat=3  ACC=1.0000  NMI=1.0000  ARI=1.0000  0.3s

=== train[353] k=3  dim=900  frames=111  σ=0.0  fold=10  seqs=['seq_000015', 'seq_000030', 'seq_000034'] ===
  SSC-Block-TV-Col21: k_hat=3  ACC=0.6937  NMI=0.6931  ARI=0.5498  0.1s

=== test[340] k=3  dim=900  frames=99  σ=0.0  fold=10  seqs=['seq_000007', 'seq_000010', 'seq_000037'] ===
  SSC-Block-TV-Col21: k_hat=3  ACC=1.0000  NMI=1.0000  ARI=1.0000  0.1s
  tune_pool_groups=20: sampling from 41 held-in sequences (overlap allowed) instead of the 13 fixed fold group(s)

============================================================
σ=0.0 fold=11  test=['seq_000013', 'seq_000014', 'seq_000038']  train mats=13  test mats=1  tune mats=20
  --- tune SSC-Block-TV-Col21 over 20 train mats  n_trials=40 (4 params) ---
  SSC-Block-TV-Col21 trial 0: mean ARI=0.7216  n=20  4.7s  lambda_e=1, lambda_z=0.1, gamma_q=0.1, block_size=5
  SSC-Block-TV-Col21 trial 1: mean ARI=0.7005  n=20  4.8s  lambda_e=0.443, lambda_z=0.7257, gamma_q=0.2577, block_size=7
  SSC-Block-TV-Col21 trial 2: mean ARI=0.7261  n=20  4.8s  lambda_e=0.1866, lambda_z=0.3833, gamma_q=0.05628, block_size=11
  SSC-Block-TV-Col21 trial 3: mean ARI=0.5257  n=20  4.8s  lambda_e=7.78, lambda_z=0.03418, gamma_q=1.469, block_size=7
  SSC-Block-TV-Col21 trial 4: mean ARI=0.6537  n=20  5.0s  lambda_e=0.506, lambda_z=5.039, gamma_q=0.001924, block_size=2
  SSC-Block-TV-Col21 trial 5: mean ARI=0.5996  n=20  4.7s  lambda_e=0.0115, lambda_z=2.14, gamma_q=1.296, block_size=11
  SSC-Block-TV-Col21 trial 6: mean ARI=0.6717  n=20  4.6s  lambda_e=8.627, lambda_z=1.573, gamma_q=0.07013, block_size=10
  SSC-Block-TV-Col21 trial 7: mean ARI=0.7382  n=20  4.6s  lambda_e=0.02264, lambda_z=0.3628, gamma_q=0.003745, block_size=12
  SSC-Block-TV-Col21 trial 8: mean ARI=0.7178  n=20  4.6s  lambda_e=0.3677, lambda_z=0.04557, gamma_q=0.01143, block_size=10
  SSC-Block-TV-Col21 trial 9: mean ARI=0.7694  n=20  4.6s  lambda_e=0.2336, lambda_z=0.1878, gamma_q=0.001189, block_size=8
  SSC-Block-TV-Col21 trial 10: mean ARI=0.6449  n=20  4.9s  lambda_e=0.06732, lambda_z=0.001648, gamma_q=6.473, block_size=2
  SSC-Block-TV-Col21 trial 11: mean ARI=0.7588  n=20  4.7s  lambda_e=0.01211, lambda_z=0.1589, gamma_q=0.001276, block_size=8
  SSC-Block-TV-Col21 trial 12: mean ARI=0.6979  n=20  4.7s  lambda_e=0.054, lambda_z=0.00525, gamma_q=0.001024, block_size=8
  SSC-Block-TV-Col21 trial 13: mean ARI=0.7953  n=20  4.7s  lambda_e=2.603, lambda_z=0.1129, gamma_q=0.006548, block_size=5
  SSC-Block-TV-Col21 trial 14: mean ARI=0.7197  n=20  4.7s  lambda_e=2.429, lambda_z=0.01434, gamma_q=0.008442, block_size=4
  SSC-Block-TV-Col21 trial 15: mean ARI=0.7947  n=20  4.7s  lambda_e=2.418, lambda_z=0.128, gamma_q=0.0119, block_size=5
  SSC-Block-TV-Col21 trial 16: mean ARI=0.7122  n=20  4.7s  lambda_e=2.767, lambda_z=0.01391, gamma_q=0.01802, block_size=4
  SSC-Block-TV-Col21 trial 17: mean ARI=0.7326  n=20  4.7s  lambda_e=2.27, lambda_z=0.06242, gamma_q=0.02862, block_size=5
  SSC-Block-TV-Col21 trial 18: mean ARI=0.7360  n=20  4.7s  lambda_e=1.112, lambda_z=0.01871, gamma_q=0.004978, block_size=6
  SSC-Block-TV-Col21 trial 19: mean ARI=0.6300  n=20  4.9s  lambda_e=4.383, lambda_z=8.967, gamma_q=0.254, block_size=3
  SSC-Block-TV-Col21 trial 20: mean ARI=0.7346  n=20  4.8s  lambda_e=1.323, lambda_z=0.00466, gamma_q=0.003845, block_size=5
  SSC-Block-TV-Col21 trial 21: mean ARI=0.7591  n=20  4.7s  lambda_e=0.08996, lambda_z=0.2208, gamma_q=0.003321, block_size=8
  SSC-Block-TV-Col21 trial 22: mean ARI=0.7047  n=20  4.8s  lambda_e=0.2064, lambda_z=0.9054, gamma_q=0.008056, block_size=6
  SSC-Block-TV-Col21 trial 23: mean ARI=0.7820  n=20  4.7s  lambda_e=5.137, lambda_z=0.1211, gamma_q=0.01832, block_size=9
  SSC-Block-TV-Col21 trial 24: mean ARI=0.7520  n=20  4.8s  lambda_e=4.166, lambda_z=0.06895, gamma_q=0.02234, block_size=4
  SSC-Block-TV-Col21 trial 25: mean ARI=0.7232  n=20  4.8s  lambda_e=5.22, lambda_z=0.1078, gamma_q=0.03817, block_size=9
  SSC-Block-TV-Col21 trial 26: mean ARI=0.7233  n=20  4.8s  lambda_e=1.824, lambda_z=0.03177, gamma_q=0.01422, block_size=6
  SSC-Block-TV-Col21 trial 27: mean ARI=0.7588  n=20  4.8s  lambda_e=0.7134, lambda_z=0.3871, gamma_q=0.1449, block_size=3
  SSC-Block-TV-Col21 trial 28: mean ARI=0.7357  n=20  4.7s  lambda_e=3.404, lambda_z=0.006331, gamma_q=0.006718, block_size=7
  SSC-Block-TV-Col21 trial 29: mean ARI=0.7389  n=20  4.8s  lambda_e=1.333, lambda_z=0.08318, gamma_q=0.1387, block_size=3
  SSC-Block-TV-Col21 trial 30: mean ARI=0.7760  n=20  4.8s  lambda_e=6.251, lambda_z=0.1363, gamma_q=0.04017, block_size=5
  SSC-Block-TV-Col21 trial 31: mean ARI=0.7807  n=20  4.8s  lambda_e=6.168, lambda_z=0.1221, gamma_q=0.04073, block_size=5
  SSC-Block-TV-Col21 trial 32: mean ARI=0.7123  n=20  4.8s  lambda_e=9.346, lambda_z=0.7553, gamma_q=0.0205, block_size=5
  SSC-Block-TV-Col21 trial 33: mean ARI=0.7561  n=20  4.8s  lambda_e=1.861, lambda_z=0.3179, gamma_q=0.07572, block_size=6
  SSC-Block-TV-Col21 trial 34: mean ARI=0.7215  n=20  4.7s  lambda_e=0.8254, lambda_z=0.02365, gamma_q=0.002525, block_size=7
  SSC-Block-TV-Col21 trial 35: mean ARI=0.7740  n=20  4.8s  lambda_e=3.218, lambda_z=0.05731, gamma_q=0.01252, block_size=4
  SSC-Block-TV-Col21 trial 36: mean ARI=0.7013  n=20  4.7s  lambda_e=6.154, lambda_z=0.5049, gamma_q=0.4445, block_size=9
  SSC-Block-TV-Col21 trial 37: mean ARI=0.7271  n=20  4.6s  lambda_e=1.656, lambda_z=0.1045, gamma_q=0.04934, block_size=12
  SSC-Block-TV-Col21 trial 38: mean ARI=0.6892  n=20  4.7s  lambda_e=9.805, lambda_z=1.37, gamma_q=0.006469, block_size=6
  SSC-Block-TV-Col21 trial 39: mean ARI=0.7743  n=20  4.9s  lambda_e=0.6182, lambda_z=0.03843, gamma_q=0.08444, block_size=2
    best mean ARI=0.7953  tune 190.4s  lambda_e=2.603, lambda_z=0.1129, gamma_q=0.006548, block_size=5
  wrote /nfs/turbo/umms-minjilab/lpullela/icassp_ssc_tv2/block_ssc_benchmark/cv/params/ballet/ballet_cluster_sigmas_0_params_knownk_cv_ssc_block_tv_col21_k3_sigma0_sigma0_fold11.json

=== train[375] k=3  dim=900  frames=88  σ=0.0  fold=11  seqs=['seq_000003', 'seq_000005', 'seq_000035'] ===
  SSC-Block-TV-Col21: k_hat=3  ACC=0.6250  NMI=0.6824  ARI=0.5145  0.1s

=== train[376] k=3  dim=900  frames=160  σ=0.0  fold=11  seqs=['seq_000019', 'seq_000024', 'seq_000033'] ===
  SSC-Block-TV-Col21: k_hat=3  ACC=1.0000  NMI=1.0000  ARI=1.0000  0.2s

=== train[377] k=3  dim=900  frames=219  σ=0.0  fold=11  seqs=['seq_000002', 'seq_000012', 'seq_000023'] ===
  SSC-Block-TV-Col21: k_hat=3  ACC=0.6941  NMI=0.6529  ARI=0.4578  0.4s

=== train[378] k=3  dim=900  frames=164  σ=0.0  fold=11  seqs=['seq_000020', 'seq_000022', 'seq_000028'] ===
  SSC-Block-TV-Col21: k_hat=3  ACC=0.7805  NMI=0.7228  ARI=0.6820  0.2s

=== train[379] k=3  dim=900  frames=252  σ=0.0  fold=11  seqs=['seq_000004', 'seq_000011', 'seq_000042'] ===
  SSC-Block-TV-Col21: k_hat=3  ACC=1.0000  NMI=1.0000  ARI=1.0000  0.5s

=== train[380] k=3  dim=900  frames=235  σ=0.0  fold=11  seqs=['seq_000017', 'seq_000031', 'seq_000039'] ===
  SSC-Block-TV-Col21: k_hat=3  ACC=0.6043  NMI=0.6713  ARI=0.4939  0.4s

=== train[381] k=3  dim=900  frames=155  σ=0.0  fold=11  seqs=['seq_000009', 'seq_000021', 'seq_000029'] ===
  SSC-Block-TV-Col21: k_hat=3  ACC=1.0000  NMI=1.0000  ARI=1.0000  0.2s

=== train[382] k=3  dim=900  frames=153  σ=0.0  fold=11  seqs=['seq_000018', 'seq_000036', 'seq_000043'] ===
  SSC-Block-TV-Col21: k_hat=3  ACC=0.6993  NMI=0.6673  ARI=0.4703  0.2s

=== train[383] k=3  dim=900  frames=149  σ=0.0  fold=11  seqs=['seq_000001', 'seq_000025', 'seq_000026'] ===
  SSC-Block-TV-Col21: k_hat=3  ACC=0.9195  NMI=0.7766  ARI=0.7311  0.2s

=== train[384] k=3  dim=900  frames=130  σ=0.0  fold=11  seqs=['seq_000027', 'seq_000040', 'seq_000041'] ===
  SSC-Block-TV-Col21: k_hat=3  ACC=0.7077  NMI=0.6682  ARI=0.4825  0.2s

=== train[385] k=3  dim=900  frames=99  σ=0.0  fold=11  seqs=['seq_000007', 'seq_000010', 'seq_000037'] ===
  SSC-Block-TV-Col21: k_hat=3  ACC=1.0000  NMI=1.0000  ARI=1.0000  0.1s

=== train[386] k=3  dim=900  frames=205  σ=0.0  fold=11  seqs=['seq_000006', 'seq_000008', 'seq_000044'] ===
  SSC-Block-TV-Col21: k_hat=3  ACC=1.0000  NMI=1.0000  ARI=1.0000  0.3s

=== train[387] k=3  dim=900  frames=111  σ=0.0  fold=11  seqs=['seq_000015', 'seq_000030', 'seq_000034'] ===
  SSC-Block-TV-Col21: k_hat=3  ACC=1.0000  NMI=1.0000  ARI=1.0000  0.1s

=== test[374] k=3  dim=900  frames=210  σ=0.0  fold=11  seqs=['seq_000013', 'seq_000014', 'seq_000038'] ===
  SSC-Block-TV-Col21: k_hat=3  ACC=0.5905  NMI=0.3740  ARI=0.1418  0.3s
  tune_pool_groups=20: sampling from 41 held-in sequences (overlap allowed) instead of the 13 fixed fold group(s)

============================================================
σ=0.0 fold=12  test=['seq_000006', 'seq_000008', 'seq_000044']  train mats=13  test mats=1  tune mats=20
  --- tune SSC-Block-TV-Col21 over 20 train mats  n_trials=40 (4 params) ---
  SSC-Block-TV-Col21 trial 0: mean ARI=0.7465  n=20  5.5s  lambda_e=1, lambda_z=0.1, gamma_q=0.1, block_size=5
  SSC-Block-TV-Col21 trial 1: mean ARI=0.6905  n=20  5.4s  lambda_e=0.443, lambda_z=0.7257, gamma_q=0.2577, block_size=7
  SSC-Block-TV-Col21 trial 2: mean ARI=0.6933  n=20  5.4s  lambda_e=0.1866, lambda_z=0.3833, gamma_q=0.05628, block_size=11
  SSC-Block-TV-Col21 trial 3: mean ARI=0.5111  n=20  5.4s  lambda_e=7.78, lambda_z=0.03418, gamma_q=1.469, block_size=7
  SSC-Block-TV-Col21 trial 4: mean ARI=0.6868  n=20  5.7s  lambda_e=0.506, lambda_z=5.039, gamma_q=0.001924, block_size=2
  SSC-Block-TV-Col21 trial 5: mean ARI=0.5838  n=20  5.4s  lambda_e=0.0115, lambda_z=2.14, gamma_q=1.296, block_size=11
  SSC-Block-TV-Col21 trial 6: mean ARI=0.7271  n=20  5.4s  lambda_e=8.627, lambda_z=1.573, gamma_q=0.07013, block_size=10
  SSC-Block-TV-Col21 trial 7: mean ARI=0.7450  n=20  5.4s  lambda_e=0.02264, lambda_z=0.3628, gamma_q=0.003745, block_size=12
  SSC-Block-TV-Col21 trial 8: mean ARI=0.7331  n=20  5.4s  lambda_e=0.3677, lambda_z=0.04557, gamma_q=0.01143, block_size=10
  SSC-Block-TV-Col21 trial 9: mean ARI=0.7392  n=20  5.4s  lambda_e=0.2336, lambda_z=0.1878, gamma_q=0.001189, block_size=8
  SSC-Block-TV-Col21 trial 10: mean ARI=0.6496  n=20  5.7s  lambda_e=1.991, lambda_z=0.001622, gamma_q=6.473, block_size=2
  SSC-Block-TV-Col21 trial 11: mean ARI=0.7564  n=20  5.5s  lambda_e=0.01211, lambda_z=0.06053, gamma_q=0.009068, block_size=5
  SSC-Block-TV-Col21 trial 12: mean ARI=0.7595  n=20  5.5s  lambda_e=0.06704, lambda_z=0.01407, gamma_q=0.01815, block_size=4
  SSC-Block-TV-Col21 trial 13: mean ARI=0.7400  n=20  5.5s  lambda_e=0.05141, lambda_z=0.008563, gamma_q=0.01196, block_size=4
  SSC-Block-TV-Col21 trial 14: mean ARI=0.7632  n=20  5.5s  lambda_e=0.05946, lambda_z=0.009858, gamma_q=0.01112, block_size=4
  SSC-Block-TV-Col21 trial 15: mean ARI=0.6669  n=20  5.5s  lambda_e=0.08002, lambda_z=0.007933, gamma_q=0.02763, block_size=4
  SSC-Block-TV-Col21 trial 16: mean ARI=0.5592  n=20  5.6s  lambda_e=0.07095, lambda_z=0.001046, gamma_q=0.1899, block_size=4
  SSC-Block-TV-Col21 trial 17: mean ARI=0.7823  n=20  5.6s  lambda_e=0.0337, lambda_z=0.01193, gamma_q=0.003898, block_size=3
  SSC-Block-TV-Col21 trial 18: mean ARI=0.7536  n=20  5.8s  lambda_e=0.02986, lambda_z=0.003198, gamma_q=0.004641, block_size=2
  SSC-Block-TV-Col21 trial 19: mean ARI=0.8088  n=20  5.4s  lambda_e=0.1321, lambda_z=0.02267, gamma_q=0.002981, block_size=6
  SSC-Block-TV-Col21 trial 20: mean ARI=0.8089  n=20  5.4s  lambda_e=0.1784, lambda_z=0.01966, gamma_q=0.001001, block_size=6
  SSC-Block-TV-Col21 trial 21: mean ARI=0.8089  n=20  5.5s  lambda_e=0.1438, lambda_z=0.02278, gamma_q=0.001057, block_size=6
  SSC-Block-TV-Col21 trial 22: mean ARI=0.8089  n=20  5.5s  lambda_e=0.1298, lambda_z=0.02494, gamma_q=0.001013, block_size=6
  SSC-Block-TV-Col21 trial 23: mean ARI=0.7819  n=20  5.4s  lambda_e=0.1457, lambda_z=0.003873, gamma_q=0.001035, block_size=8
  SSC-Block-TV-Col21 trial 24: mean ARI=0.7488  n=20  5.4s  lambda_e=1.216, lambda_z=0.09508, gamma_q=0.002028, block_size=6
  SSC-Block-TV-Col21 trial 25: mean ARI=0.8084  n=20  5.4s  lambda_e=0.2492, lambda_z=0.0208, gamma_q=0.001146, block_size=8
  SSC-Block-TV-Col21 trial 26: mean ARI=0.7405  n=20  5.4s  lambda_e=0.1139, lambda_z=0.003931, gamma_q=0.005858, block_size=6
  SSC-Block-TV-Col21 trial 27: mean ARI=0.7455  n=20  5.4s  lambda_e=0.8709, lambda_z=0.111, gamma_q=0.002053, block_size=7
  SSC-Block-TV-Col21 trial 28: mean ARI=0.7817  n=20  5.4s  lambda_e=2.859, lambda_z=0.04945, gamma_q=0.001041, block_size=5
  SSC-Block-TV-Col21 trial 29: mean ARI=0.7855  n=20  5.3s  lambda_e=0.3061, lambda_z=0.02475, gamma_q=0.002272, block_size=9
  SSC-Block-TV-Col21 trial 30: mean ARI=0.7428  n=20  5.4s  lambda_e=0.6667, lambda_z=0.1409, gamma_q=0.007541, block_size=6
  SSC-Block-TV-Col21 trial 31: mean ARI=0.8089  n=20  5.4s  lambda_e=0.1252, lambda_z=0.01979, gamma_q=0.002889, block_size=6
  SSC-Block-TV-Col21 trial 32: mean ARI=0.7358  n=20  5.4s  lambda_e=0.09797, lambda_z=0.06514, gamma_q=0.001796, block_size=7
  SSC-Block-TV-Col21 trial 33: mean ARI=0.7644  n=20  5.4s  lambda_e=0.1695, lambda_z=0.006303, gamma_q=0.003516, block_size=5
  SSC-Block-TV-Col21 trial 34: mean ARI=0.7649  n=20  5.4s  lambda_e=0.2005, lambda_z=0.01824, gamma_q=0.005938, block_size=7
  SSC-Block-TV-Col21 trial 35: mean ARI=0.7496  n=20  5.4s  lambda_e=0.04284, lambda_z=0.02842, gamma_q=0.02458, block_size=6
  SSC-Block-TV-Col21 trial 36: mean ARI=0.7802  n=20  5.5s  lambda_e=0.4583, lambda_z=0.005218, gamma_q=0.001557, block_size=5
  SSC-Block-TV-Col21 trial 37: mean ARI=0.7103  n=20  5.4s  lambda_e=0.1043, lambda_z=0.305, gamma_q=0.002731, block_size=7
  SSC-Block-TV-Col21 trial 38: mean ARI=0.7655  n=20  5.4s  lambda_e=0.2685, lambda_z=0.001965, gamma_q=0.001005, block_size=8
  SSC-Block-TV-Col21 trial 39: mean ARI=0.7427  n=20  5.5s  lambda_e=0.6182, lambda_z=0.2007, gamma_q=0.001686, block_size=5
    best mean ARI=0.8089  tune 218.4s  lambda_e=0.1784, lambda_z=0.01966, gamma_q=0.001001, block_size=6
  wrote /nfs/turbo/umms-minjilab/lpullela/icassp_ssc_tv2/block_ssc_benchmark/cv/params/ballet/ballet_cluster_sigmas_0_params_knownk_cv_ssc_block_tv_col21_k3_sigma0_sigma0_fold12.json

=== train[409] k=3  dim=900  frames=88  σ=0.0  fold=12  seqs=['seq_000003', 'seq_000005', 'seq_000035'] ===
  SSC-Block-TV-Col21: k_hat=3  ACC=0.6591  NMI=0.4745  ARI=0.2857  0.1s

=== train[410] k=3  dim=900  frames=160  σ=0.0  fold=12  seqs=['seq_000019', 'seq_000024', 'seq_000033'] ===
  SSC-Block-TV-Col21: k_hat=3  ACC=1.0000  NMI=1.0000  ARI=1.0000  0.2s

=== train[411] k=3  dim=900  frames=219  σ=0.0  fold=12  seqs=['seq_000002', 'seq_000012', 'seq_000023'] ===
  SSC-Block-TV-Col21: k_hat=3  ACC=0.6986  NMI=0.6534  ARI=0.4586  0.4s

=== train[412] k=3  dim=900  frames=164  σ=0.0  fold=12  seqs=['seq_000020', 'seq_000022', 'seq_000028'] ===
  SSC-Block-TV-Col21: k_hat=3  ACC=0.6829  NMI=0.5707  ARI=0.4547  0.2s

=== train[413] k=3  dim=900  frames=252  σ=0.0  fold=12  seqs=['seq_000004', 'seq_000011', 'seq_000042'] ===
  SSC-Block-TV-Col21: k_hat=3  ACC=1.0000  NMI=1.0000  ARI=1.0000  0.4s

=== train[414] k=3  dim=900  frames=235  σ=0.0  fold=12  seqs=['seq_000017', 'seq_000031', 'seq_000039'] ===
  SSC-Block-TV-Col21: k_hat=3  ACC=1.0000  NMI=1.0000  ARI=1.0000  0.4s

=== train[415] k=3  dim=900  frames=155  σ=0.0  fold=12  seqs=['seq_000009', 'seq_000021', 'seq_000029'] ===
  SSC-Block-TV-Col21: k_hat=3  ACC=1.0000  NMI=1.0000  ARI=1.0000  0.2s

=== train[416] k=3  dim=900  frames=153  σ=0.0  fold=12  seqs=['seq_000018', 'seq_000036', 'seq_000043'] ===
  SSC-Block-TV-Col21: k_hat=3  ACC=0.7124  NMI=0.6704  ARI=0.4756  0.2s

=== train[417] k=3  dim=900  frames=149  σ=0.0  fold=12  seqs=['seq_000001', 'seq_000025', 'seq_000026'] ===
  SSC-Block-TV-Col21: k_hat=3  ACC=1.0000  NMI=1.0000  ARI=1.0000  0.2s

=== train[418] k=3  dim=900  frames=130  σ=0.0  fold=12  seqs=['seq_000027', 'seq_000040', 'seq_000041'] ===
  SSC-Block-TV-Col21: k_hat=3  ACC=0.6000  NMI=0.4986  ARI=0.3629  0.2s

=== train[419] k=3  dim=900  frames=99  σ=0.0  fold=12  seqs=['seq_000007', 'seq_000010', 'seq_000037'] ===
  SSC-Block-TV-Col21: k_hat=3  ACC=1.0000  NMI=1.0000  ARI=1.0000  0.1s

=== train[420] k=3  dim=900  frames=210  σ=0.0  fold=12  seqs=['seq_000013', 'seq_000014', 'seq_000038'] ===
  SSC-Block-TV-Col21: k_hat=3  ACC=0.6095  NMI=0.3978  ARI=0.1755  0.3s

=== train[421] k=3  dim=900  frames=111  σ=0.0  fold=12  seqs=['seq_000015', 'seq_000030', 'seq_000034'] ===
  SSC-Block-TV-Col21: k_hat=3  ACC=0.6847  NMI=0.6900  ARI=0.5406  0.1s

=== test[408] k=3  dim=900  frames=205  σ=0.0  fold=12  seqs=['seq_000006', 'seq_000008', 'seq_000044'] ===
  SSC-Block-TV-Col21: k_hat=3  ACC=1.0000  NMI=1.0000  ARI=1.0000  0.3s
  tune_pool_groups=20: sampling from 41 held-in sequences (overlap allowed) instead of the 13 fixed fold group(s)

============================================================
σ=0.0 fold=13  test=['seq_000015', 'seq_000030', 'seq_000034']  train mats=13  test mats=1  tune mats=20
  --- tune SSC-Block-TV-Col21 over 20 train mats  n_trials=40 (4 params) ---
  SSC-Block-TV-Col21 trial 0: mean ARI=0.7596  n=20  4.9s  lambda_e=1, lambda_z=0.1, gamma_q=0.1, block_size=5
  SSC-Block-TV-Col21 trial 1: mean ARI=0.6932  n=20  4.8s  lambda_e=0.443, lambda_z=0.7257, gamma_q=0.2577, block_size=7
  SSC-Block-TV-Col21 trial 2: mean ARI=0.6366  n=20  4.7s  lambda_e=0.1866, lambda_z=0.3833, gamma_q=0.05628, block_size=11
  SSC-Block-TV-Col21 trial 3: mean ARI=0.5333  n=20  4.8s  lambda_e=7.78, lambda_z=0.03418, gamma_q=1.469, block_size=7
  SSC-Block-TV-Col21 trial 4: mean ARI=0.5847  n=20  5.1s  lambda_e=0.506, lambda_z=5.039, gamma_q=0.001924, block_size=2
  SSC-Block-TV-Col21 trial 5: mean ARI=0.5247  n=20  4.8s  lambda_e=0.0115, lambda_z=2.14, gamma_q=1.296, block_size=11
  SSC-Block-TV-Col21 trial 6: mean ARI=0.6062  n=20  4.8s  lambda_e=8.627, lambda_z=1.573, gamma_q=0.07013, block_size=10
  SSC-Block-TV-Col21 trial 7: mean ARI=0.6647  n=20  4.8s  lambda_e=0.02264, lambda_z=0.3628, gamma_q=0.003745, block_size=12
  SSC-Block-TV-Col21 trial 8: mean ARI=0.7188  n=20  4.8s  lambda_e=0.3677, lambda_z=0.04557, gamma_q=0.01143, block_size=10
  SSC-Block-TV-Col21 trial 9: mean ARI=0.6533  n=20  4.8s  lambda_e=0.2336, lambda_z=0.1878, gamma_q=0.001189, block_size=8
  SSC-Block-TV-Col21 trial 10: mean ARI=0.5871  n=20  5.1s  lambda_e=1.991, lambda_z=0.001622, gamma_q=6.473, block_size=2
  SSC-Block-TV-Col21 trial 11: mean ARI=0.7398  n=20  4.9s  lambda_e=1.391, lambda_z=0.04005, gamma_q=0.01389, block_size=5
  SSC-Block-TV-Col21 trial 12: mean ARI=0.7521  n=20  4.9s  lambda_e=1.795, lambda_z=0.01028, gamma_q=0.0233, block_size=4
  SSC-Block-TV-Col21 trial 13: mean ARI=0.5519  n=20  4.9s  lambda_e=2.099, lambda_z=0.003851, gamma_q=0.1174, block_size=4
  SSC-Block-TV-Col21 trial 14: mean ARI=0.7439  n=20  4.9s  lambda_e=0.0783, lambda_z=0.008079, gamma_q=0.01903, block_size=4
  SSC-Block-TV-Col21 trial 15: mean ARI=0.5052  n=20  4.8s  lambda_e=1.235, lambda_z=0.01142, gamma_q=0.3168, block_size=5
  SSC-Block-TV-Col21 trial 16: mean ARI=0.7152  n=20  4.9s  lambda_e=3.985, lambda_z=0.1069, gamma_q=0.03022, block_size=4
  SSC-Block-TV-Col21 trial 17: mean ARI=0.7468  n=20  4.8s  lambda_e=0.9172, lambda_z=0.01329, gamma_q=0.00657, block_size=6
  SSC-Block-TV-Col21 trial 18: mean ARI=0.5726  n=20  5.0s  lambda_e=0.1012, lambda_z=0.002986, gamma_q=0.2343, block_size=3
  SSC-Block-TV-Col21 trial 19: mean ARI=0.5738  n=20  4.8s  lambda_e=3.182, lambda_z=0.09348, gamma_q=1.073, block_size=8
  SSC-Block-TV-Col21 trial 20: mean ARI=0.7485  n=20  4.8s  lambda_e=4.208, lambda_z=0.02304, gamma_q=0.03898, block_size=6
  SSC-Block-TV-Col21 trial 21: mean ARI=0.7473  n=20  4.8s  lambda_e=4.243, lambda_z=0.01873, gamma_q=0.03953, block_size=6
  SSC-Block-TV-Col21 trial 22: mean ARI=0.5186  n=20  4.8s  lambda_e=0.8389, lambda_z=0.005341, gamma_q=0.1338, block_size=5
  SSC-Block-TV-Col21 trial 23: mean ARI=0.7524  n=20  5.0s  lambda_e=2.766, lambda_z=0.02965, gamma_q=0.004789, block_size=3
  SSC-Block-TV-Col21 trial 24: mean ARI=0.7398  n=20  4.9s  lambda_e=0.6696, lambda_z=0.1205, gamma_q=0.004629, block_size=3
  SSC-Block-TV-Col21 trial 25: mean ARI=0.7779  n=20  4.9s  lambda_e=2.85, lambda_z=0.001331, gamma_q=0.002451, block_size=3
  SSC-Block-TV-Col21 trial 26: mean ARI=0.6984  n=20  5.0s  lambda_e=6.134, lambda_z=0.06973, gamma_q=0.002472, block_size=3
  SSC-Block-TV-Col21 trial 27: mean ARI=0.6127  n=20  5.1s  lambda_e=2.623, lambda_z=0.001035, gamma_q=0.008183, block_size=2
  SSC-Block-TV-Col21 trial 28: mean ARI=0.7562  n=20  4.9s  lambda_e=1.201, lambda_z=0.001802, gamma_q=0.001063, block_size=3
  SSC-Block-TV-Col21 trial 29: mean ARI=0.5705  n=20  4.8s  lambda_e=0.3697, lambda_z=0.001955, gamma_q=0.5708, block_size=5
  SSC-Block-TV-Col21 trial 30: mean ARI=0.7772  n=20  4.8s  lambda_e=1.139, lambda_z=0.001088, gamma_q=0.001229, block_size=7
  SSC-Block-TV-Col21 trial 31: mean ARI=0.7580  n=20  4.8s  lambda_e=1.121, lambda_z=0.001294, gamma_q=0.001227, block_size=7
  SSC-Block-TV-Col21 trial 32: mean ARI=0.7477  n=20  4.8s  lambda_e=0.661, lambda_z=0.001054, gamma_q=0.001889, block_size=8
  SSC-Block-TV-Col21 trial 33: mean ARI=0.7583  n=20  4.8s  lambda_e=0.2842, lambda_z=0.005811, gamma_q=0.002422, block_size=7
  SSC-Block-TV-Col21 trial 34: mean ARI=0.7752  n=20  4.8s  lambda_e=0.1353, lambda_z=0.003496, gamma_q=0.002367, block_size=9
  SSC-Block-TV-Col21 trial 35: mean ARI=0.3834  n=20  4.8s  lambda_e=0.1062, lambda_z=0.00241, gamma_q=5.432, block_size=9
  SSC-Block-TV-Col21 trial 36: mean ARI=0.7675  n=20  4.8s  lambda_e=0.04254, lambda_z=0.003382, gamma_q=0.003407, block_size=9
  SSC-Block-TV-Col21 trial 37: mean ARI=0.7691  n=20  4.8s  lambda_e=0.04121, lambda_z=0.003875, gamma_q=0.002957, block_size=9
  SSC-Block-TV-Col21 trial 38: mean ARI=0.7667  n=20  4.8s  lambda_e=0.03516, lambda_z=0.005035, gamma_q=0.007795, block_size=10
  SSC-Block-TV-Col21 trial 39: mean ARI=0.7692  n=20  4.8s  lambda_e=0.01572, lambda_z=0.002521, gamma_q=0.001793, block_size=9
    best mean ARI=0.7779  tune 194.5s  lambda_e=2.85, lambda_z=0.001331, gamma_q=0.002451, block_size=3
  wrote /nfs/turbo/umms-minjilab/lpullela/icassp_ssc_tv2/block_ssc_benchmark/cv/params/ballet/ballet_cluster_sigmas_0_params_knownk_cv_ssc_block_tv_col21_k3_sigma0_sigma0_fold13.json

=== train[443] k=3  dim=900  frames=88  σ=0.0  fold=13  seqs=['seq_000003', 'seq_000005', 'seq_000035'] ===
  SSC-Block-TV-Col21: k_hat=3  ACC=0.7273  NMI=0.5951  ARI=0.3508  0.1s

=== train[444] k=3  dim=900  frames=160  σ=0.0  fold=13  seqs=['seq_000019', 'seq_000024', 'seq_000033'] ===
  SSC-Block-TV-Col21: k_hat=3  ACC=1.0000  NMI=1.0000  ARI=1.0000  0.2s

=== train[445] k=3  dim=900  frames=219  σ=0.0  fold=13  seqs=['seq_000002', 'seq_000012', 'seq_000023'] ===
  SSC-Block-TV-Col21: k_hat=3  ACC=0.7078  NMI=0.6550  ARI=0.4608  0.4s

=== train[446] k=3  dim=900  frames=164  σ=0.0  fold=13  seqs=['seq_000020', 'seq_000022', 'seq_000028'] ===
  SSC-Block-TV-Col21: k_hat=3  ACC=0.7500  NMI=0.7091  ARI=0.6013  0.2s

=== train[447] k=3  dim=900  frames=252  σ=0.0  fold=13  seqs=['seq_000004', 'seq_000011', 'seq_000042'] ===
  SSC-Block-TV-Col21: k_hat=3  ACC=1.0000  NMI=1.0000  ARI=1.0000  0.5s

=== train[448] k=3  dim=900  frames=235  σ=0.0  fold=13  seqs=['seq_000017', 'seq_000031', 'seq_000039'] ===
  SSC-Block-TV-Col21: k_hat=3  ACC=1.0000  NMI=1.0000  ARI=1.0000  0.4s

=== train[449] k=3  dim=900  frames=155  σ=0.0  fold=13  seqs=['seq_000009', 'seq_000021', 'seq_000029'] ===
  SSC-Block-TV-Col21: k_hat=3  ACC=1.0000  NMI=1.0000  ARI=1.0000  0.2s

=== train[450] k=3  dim=900  frames=153  σ=0.0  fold=13  seqs=['seq_000018', 'seq_000036', 'seq_000043'] ===
  SSC-Block-TV-Col21: k_hat=3  ACC=0.7386  NMI=0.6784  ARI=0.4911  0.2s

=== train[451] k=3  dim=900  frames=149  σ=0.0  fold=13  seqs=['seq_000001', 'seq_000025', 'seq_000026'] ===
  SSC-Block-TV-Col21: k_hat=3  ACC=1.0000  NMI=1.0000  ARI=1.0000  0.2s

=== train[452] k=3  dim=900  frames=130  σ=0.0  fold=13  seqs=['seq_000027', 'seq_000040', 'seq_000041'] ===
  SSC-Block-TV-Col21: k_hat=3  ACC=0.6308  NMI=0.5076  ARI=0.3660  0.2s

=== train[453] k=3  dim=900  frames=99  σ=0.0  fold=13  seqs=['seq_000007', 'seq_000010', 'seq_000037'] ===
  SSC-Block-TV-Col21: k_hat=3  ACC=1.0000  NMI=1.0000  ARI=1.0000  0.1s

=== train[454] k=3  dim=900  frames=210  σ=0.0  fold=13  seqs=['seq_000013', 'seq_000014', 'seq_000038'] ===
  SSC-Block-TV-Col21: k_hat=3  ACC=0.9333  NMI=0.8462  ARI=0.8409  0.3s

=== train[455] k=3  dim=900  frames=205  σ=0.0  fold=13  seqs=['seq_000006', 'seq_000008', 'seq_000044'] ===
  SSC-Block-TV-Col21: k_hat=3  ACC=1.0000  NMI=1.0000  ARI=1.0000  0.3s

=== test[442] k=3  dim=900  frames=111  σ=0.0  fold=13  seqs=['seq_000015', 'seq_000030', 'seq_000034'] ===
  SSC-Block-TV-Col21: k_hat=3  ACC=0.6757  NMI=0.6871  ARI=0.5321  0.1s

=== inference time per method ===
  SSC-Block-TV-Col21: mean=0.2556s  std=0.1164s  total=50.1s  n=196
wrote /nfs/turbo/umms-minjilab/lpullela/icassp_ssc_tv2/block_ssc_benchmark/cv/results/ballet/ballet_cluster_sigmas_0_results_knownk_cv_ssc_block_tv_col21_k3_sigma0_timing.json

=== mean over matrices ===
  SSC-Block-TV-Col21 train σ=0.0: ACC=0.8385  NMI=0.7912  ARI=0.7052  n=182
  SSC-Block-TV-Col21 test σ=0.0: ACC=0.8005  NMI=0.7567  ARI=0.6540  n=14

wrote /nfs/turbo/umms-minjilab/lpullela/icassp_ssc_tv2/block_ssc_benchmark/cv/results/ballet/ballet_cluster_sigmas_0_results_knownk_cv_ssc_block_tv_col21_k3_sigma0.csv
end=Sun Sep  6 19:48:42 EDT 2026
Experiment completed!
