dataset,method,k,sigma,fold,example,unit,n_frames,k_pred,acc,nmi,ari,seconds
surveillance,SSC-Block-TV-Col21,3,0,0,0,0006 0013 0022,182,3,0.901099,0.782763,0.709414,0.25
surveillance,SSC-Block-TV-Col21,3,0,0,0,0006 0013 0022,147,3,0.979592,0.925870,0.932942,0.18
surveillance,SSC-Block-TV-Col21,3,0,0,0,0006 0013 0022,58,3,0.931034,0.828840,0.788644,0.05
surveillance,SSC-Block-TV-Col21,3,0,0,0,0006 0013 0022,180,3,0.888889,0.779188,0.707505,0.24
surveillance,SSC-Block-TV-Col21,3,0,0,0,0006 0013 0022,146,3,0.952055,0.865450,0.850866,0.17
surveillance,SSC-Block-TV-Col21,3,0,0,0,0006 0013 0022,113,3,1.000000,1.000000,1.000000,0.12
surveillance,SSC-Block-TV-Col21,3,0,0,0,0006 0013 0022,166,3,0.837349,0.692445,0.581491,0.22
surveillance,SSC-Block-TV-Col21,3,0,0,0,0006 0013 0022,147,3,0.857143,0.730562,0.603878,0.18
surveillance,SSC-Block-TV-Col21,3,0,0,0,0006 0013 0022,118,3,1.000000,1.000000,1.000000,0.13
surveillance,SSC-Block-TV-Col21,3,0,0,0,0006 0013 0022,166,3,0.897590,0.785338,0.713650,0.22
surveillance,SSC-Block-TV-Col21,3,0,0,0,0006 0013 0022,141,3,0.964539,0.868713,0.889940,0.17
surveillance,SSC-Block-TV-Col21,3,0,0,0,0006 0013 0022,90,3,0.977778,0.924189,0.933760,0.09
surveillance,SSC-Block-TV-Col21,3,0,0,0,0006 0013 0022,173,3,1.000000,1.000000,1.000000,0.24
surveillance,SSC-Block-TV-Col21,3,0,0,0,0006 0013 0022,196,3,0.826531,0.669477,0.565259,0.28
surveillance,SSC-Block-TV-Col21,3,0,0,0,0006 0013 0022,60,3,0.516667,0.651542,0.436386,0.05
surveillance,SSC-Block-TV-Col21,3,0,0,0,0006 0013 0022,200,3,0.560000,0.649013,0.448048,0.29
surveillance,SSC-Block-TV-Col21,3,0,0,0,0006 0013 0022,206,3,0.995146,0.976256,0.984819,0.31
surveillance,SSC-Block-TV-Col21,3,0,0,0,0006 0013 0022,119,3,1.000000,1.000000,1.000000,0.13
surveillance,SSC-Block-TV-Col21,3,0,0,0,0006 0013 0022,219,3,0.538813,0.342051,0.177030,0.36
surveillance,SSC-Block-TV-Col21,3,0,0,0,0006 0013 0022,168,3,1.000000,1.000000,1.000000,0.22
surveillance,SSC-Block-TV-Col21,3,0,0,0,0006 0013 0022,151,3,0.986755,0.944347,0.959436,0.19
surveillance,SSC-Block-TV-Col21,3,0,0,0,0006 0013 0022,218,3,1.000000,1.000000,1.000000,0.34
surveillance,SSC-Block-TV-Col21,3,0,0,0,0006 0013 0022,195,3,1.000000,1.000000,1.000000,0.29
surveillance,SSC-Block-TV-Col21,3,0,0,0,0006 0013 0022,112,3,1.000000,1.000000,1.000000,0.11
surveillance,SSC-Block-TV-Col21,3,0.25,0,0,0006 0013 0022,182,3,0.901099,0.782763,0.709414,0.44
surveillance,SSC-Block-TV-Col21,3,0.25,0,0,0006 0013 0022,147,3,1.000000,1.000000,1.000000,0.37
surveillance,SSC-Block-TV-Col21,3,0.25,0,0,0006 0013 0022,58,3,0.965517,0.892167,0.889186,0.08
surveillance,SSC-Block-TV-Col21,3,0.25,0,0,0006 0013 0022,180,3,0.927778,0.828539,0.794939,0.42
surveillance,SSC-Block-TV-Col21,3,0.25,0,0,0006 0013 0022,146,3,0.952055,0.838853,0.858032,0.31
surveillance,SSC-Block-TV-Col21,3,0.25,0,0,0006 0013 0022,113,3,1.000000,1.000000,1.000000,0.24
surveillance,SSC-Block-TV-Col21,3,0.25,0,0,0006 0013 0022,166,3,0.825301,0.708455,0.572489,0.40
surveillance,SSC-Block-TV-Col21,3,0.25,0,0,0006 0013 0022,147,3,0.891156,0.767731,0.679957,0.38
surveillance,SSC-Block-TV-Col21,3,0.25,0,0,0006 0013 0022,118,3,1.000000,1.000000,1.000000,0.23
surveillance,SSC-Block-TV-Col21,3,0.25,0,0,0006 0013 0022,166,3,0.897590,0.785338,0.713650,0.39
surveillance,SSC-Block-TV-Col21,3,0.25,0,0,0006 0013 0022,141,3,0.985816,0.944413,0.956430,0.34
surveillance,SSC-Block-TV-Col21,3,0.25,0,0,0006 0013 0022,90,3,0.988889,0.954964,0.966380,0.15
surveillance,SSC-Block-TV-Col21,3,0.25,0,0,0006 0013 0022,173,3,0.994220,0.973254,0.982635,0.45
surveillance,SSC-Block-TV-Col21,3,0.25,0,0,0006 0013 0022,196,3,0.770408,0.676341,0.489017,0.49
surveillance,SSC-Block-TV-Col21,3,0.25,0,0,0006 0013 0022,60,3,0.533333,0.652588,0.439144,0.08
surveillance,SSC-Block-TV-Col21,3,0.25,0,0,0006 0013 0022,200,3,0.960000,0.886047,0.885734,0.48
surveillance,SSC-Block-TV-Col21,3,0.25,0,0,0006 0013 0022,206,3,0.990291,0.958791,0.969818,0.52
surveillance,SSC-Block-TV-Col21,3,0.25,0,0,0006 0013 0022,119,3,1.000000,1.000000,1.000000,0.25
surveillance,SSC-Block-TV-Col21,3,0.25,0,0,0006 0013 0022,219,3,0.525114,0.451594,0.300220,0.60
surveillance,SSC-Block-TV-Col21,3,0.25,0,0,0006 0013 0022,168,3,0.940476,0.852101,0.836141,0.41
surveillance,SSC-Block-TV-Col21,3,0.25,0,0,0006 0013 0022,151,3,1.000000,1.000000,1.000000,0.34
surveillance,SSC-Block-TV-Col21,3,0.25,0,0,0006 0013 0022,218,3,0.747706,0.674851,0.503428,0.58
surveillance,SSC-Block-TV-Col21,3,0.25,0,0,0006 0013 0022,195,3,0.825641,0.718527,0.595846,0.51
surveillance,SSC-Block-TV-Col21,3,0.25,0,0,0006 0013 0022,112,3,1.000000,1.000000,1.000000,0.20
surveillance,SSC-Block-TV-Col21,3,0.5,0,0,0006 0013 0022,182,3,0.934066,0.830727,0.795605,0.25
surveillance,SSC-Block-TV-Col21,3,0.5,0,0,0006 0013 0022,147,3,1.000000,1.000000,1.000000,0.18
surveillance,SSC-Block-TV-Col21,3,0.5,0,0,0006 0013 0022,58,3,0.965517,0.893280,0.896358,0.05
surveillance,SSC-Block-TV-Col21,3,0.5,0,0,0006 0013 0022,180,3,0.927778,0.828539,0.794939,0.24
surveillance,SSC-Block-TV-Col21,3,0.5,0,0,0006 0013 0022,146,3,0.965753,0.878774,0.893592,0.17
surveillance,SSC-Block-TV-Col21,3,0.5,0,0,0006 0013 0022,113,3,0.991150,0.961347,0.970621,0.12
surveillance,SSC-Block-TV-Col21,3,0.5,0,0,0006 0013 0022,166,3,0.819277,0.677388,0.552820,0.21
surveillance,SSC-Block-TV-Col21,3,0.5,0,0,0006 0013 0022,147,3,0.891156,0.767731,0.679957,0.18
surveillance,SSC-Block-TV-Col21,3,0.5,0,0,0006 0013 0022,118,3,0.991525,0.962907,0.974621,0.13
surveillance,SSC-Block-TV-Col21,3,0.5,0,0,0006 0013 0022,166,3,0.903614,0.792713,0.727497,0.22
surveillance,SSC-Block-TV-Col21,3,0.5,0,0,0006 0013 0022,141,3,0.992908,0.967639,0.977949,0.17
surveillance,SSC-Block-TV-Col21,3,0.5,0,0,0006 0013 0022,90,3,0.922222,0.790011,0.767768,0.09
surveillance,SSC-Block-TV-Col21,3,0.5,0,0,0006 0013 0022,173,3,0.549133,0.648625,0.447608,0.23
surveillance,SSC-Block-TV-Col21,3,0.5,0,0,0006 0013 0022,196,3,0.770408,0.676341,0.489017,0.27
surveillance,SSC-Block-TV-Col21,3,0.5,0,0,0006 0013 0022,60,3,0.533333,0.652588,0.439144,0.05
surveillance,SSC-Block-TV-Col21,3,0.5,0,0,0006 0013 0022,200,3,0.955000,0.862341,0.870771,0.27
surveillance,SSC-Block-TV-Col21,3,0.5,0,0,0006 0013 0022,206,3,0.961165,0.885364,0.883762,0.30
surveillance,SSC-Block-TV-Col21,3,0.5,0,0,0006 0013 0022,119,3,1.000000,1.000000,1.000000,0.13
surveillance,SSC-Block-TV-Col21,3,0.5,0,0,0006 0013 0022,219,3,0.525114,0.450428,0.300888,0.34
surveillance,SSC-Block-TV-Col21,3,0.5,0,0,0006 0013 0022,168,3,0.940476,0.852101,0.836141,0.21
surveillance,SSC-Block-TV-Col21,3,0.5,0,0,0006 0013 0022,151,3,0.993377,0.967668,0.979490,0.19
surveillance,SSC-Block-TV-Col21,3,0.5,0,0,0006 0013 0022,218,3,0.747706,0.674851,0.503428,0.33
surveillance,SSC-Block-TV-Col21,3,0.5,0,0,0006 0013 0022,195,3,0.979487,0.927158,0.935120,0.28
surveillance,SSC-Block-TV-Col21,3,0.5,0,0,0006 0013 0022,112,3,0.991071,0.960551,0.972572,0.11
surveillance,SSC-Block-TV-Col21,5,0,0,0,0006 0013 0014 0022 0027,283,5,0.780919,0.848445,0.704970,0.65
surveillance,SSC-Block-TV-Col21,5,0,0,0,0006 0013 0014 0022 0027,231,5,0.987013,0.963886,0.965842,0.47
surveillance,SSC-Block-TV-Col21,5,0,0,0,0006 0013 0014 0022 0027,98,5,0.948980,0.904075,0.874074,0.13
surveillance,SSC-Block-TV-Col21,5,0,0,0,0006 0013 0014 0022 0027,291,5,0.673540,0.784465,0.607296,0.68
surveillance,SSC-Block-TV-Col21,5,0,0,0,0006 0013 0014 0022 0027,236,5,0.970339,0.931479,0.923860,0.47
surveillance,SSC-Block-TV-Col21,5,0,0,0,0006 0013 0014 0022 0027,173,5,1.000000,1.000000,1.000000,0.29
surveillance,SSC-Block-TV-Col21,5,0,0,0,0006 0013 0014 0022 0027,258,5,0.775194,0.768613,0.626123,0.54
surveillance,SSC-Block-TV-Col21,5,0,0,0,0006 0013 0014 0022 0027,232,5,0.905172,0.854655,0.769785,0.44
surveillance,SSC-Block-TV-Col21,5,0,0,0,0006 0013 0014 0022 0027,183,5,0.967213,0.936675,0.905208,0.32
surveillance,SSC-Block-TV-Col21,5,0,0,0,0006 0013 0014 0022 0027,274,5,0.897810,0.887543,0.789594,0.60
surveillance,SSC-Block-TV-Col21,5,0,0,0,0006 0013 0014 0022 0027,225,5,0.982222,0.954536,0.952943,0.44
surveillance,SSC-Block-TV-Col21,5,0,0,0,0006 0013 0014 0022 0027,132,5,0.984848,0.966833,0.967239,0.18
surveillance,SSC-Block-TV-Col21,5,0,0,0,0006 0013 0014 0022 0027,298,5,0.755034,0.864697,0.714738,0.68
surveillance,SSC-Block-TV-Col21,5,0,0,0,0006 0013 0014 0022 0027,296,5,0.979730,0.949782,0.949935,0.66
surveillance,SSC-Block-TV-Col21,5,0,0,0,0006 0013 0014 0022 0027,108,5,0.638889,0.744965,0.514671,0.14
surveillance,SSC-Block-TV-Col21,5,0,0,0,0006 0013 0014 0022 0027,337,5,0.652819,0.756682,0.570657,0.85
surveillance,SSC-Block-TV-Col21,5,0,0,0,0006 0013 0014 0022 0027,328,5,0.661585,0.726761,0.485977,0.79
surveillance,SSC-Block-TV-Col21,5,0,0,0,0006 0013 0014 0022 0027,191,5,1.000000,1.000000,1.000000,0.34
surveillance,SSC-Block-TV-Col21,5,0,0,0,0006 0013 0014 0022 0027,342,5,0.847953,0.810992,0.696994,0.88
surveillance,SSC-Block-TV-Col21,5,0,0,0,0006 0013 0014 0022 0027,276,5,1.000000,1.000000,1.000000,0.60
surveillance,SSC-Block-TV-Col21,5,0,0,0,0006 0013 0014 0022 0027,231,5,0.935065,0.892611,0.827712,0.47
surveillance,SSC-Block-TV-Col21,5,0,0,0,0006 0013 0014 0022 0027,345,5,0.979710,0.958540,0.952318,0.90
surveillance,SSC-Block-TV-Col21,5,0,0,0,0006 0013 0014 0022 0027,329,5,0.930091,0.897007,0.832364,0.82
surveillance,SSC-Block-TV-Col21,5,0,0,0,0006 0013 0014 0022 0027,196,5,1.000000,1.000000,1.000000,0.33
surveillance,SSC-Block-TV-Col21,5,0.25,0,0,0006 0013 0014 0022 0027,283,5,0.802120,0.868204,0.729313,0.55
surveillance,SSC-Block-TV-Col21,5,0.25,0,0,0006 0013 0014 0022 0027,231,5,0.991342,0.978495,0.982603,0.40
surveillance,SSC-Block-TV-Col21,5,0.25,0,0,0006 0013 0014 0022 0027,98,5,0.846939,0.883551,0.830799,0.10
surveillance,SSC-Block-TV-Col21,5,0.25,0,0,0006 0013 0014 0022 0027,291,5,0.862543,0.776208,0.693144,0.55
surveillance,SSC-Block-TV-Col21,5,0.25,0,0,0006 0013 0014 0022 0027,236,5,0.970339,0.925934,0.921693,0.38
surveillance,SSC-Block-TV-Col21,5,0.25,0,0,0006 0013 0014 0022 0027,173,5,1.000000,1.000000,1.000000,0.24
surveillance,SSC-Block-TV-Col21,5,0.25,0,0,0006 0013 0014 0022 0027,258,5,0.655039,0.754801,0.575226,0.44
surveillance,SSC-Block-TV-Col21,5,0.25,0,0,0006 0013 0014 0022 0027,232,5,0.926724,0.887357,0.815498,0.37
surveillance,SSC-Block-TV-Col21,5,0.25,0,0,0006 0013 0014 0022 0027,183,5,0.972678,0.944076,0.920115,0.25
surveillance,SSC-Block-TV-Col21,5,0.25,0,0,0006 0013 0014 0022 0027,274,5,0.868613,0.815477,0.721341,0.51
surveillance,SSC-Block-TV-Col21,5,0.25,0,0,0006 0013 0014 0022 0027,225,5,0.991111,0.972704,0.976652,0.37
surveillance,SSC-Block-TV-Col21,5,0.25,0,0,0006 0013 0014 0022 0027,132,5,0.984848,0.959117,0.961857,0.15
surveillance,SSC-Block-TV-Col21,5,0.25,0,0,0006 0013 0014 0022 0027,298,5,0.748322,0.863395,0.711111,0.59
surveillance,SSC-Block-TV-Col21,5,0.25,0,0,0006 0013 0014 0022 0027,296,5,0.868243,0.873467,0.746440,0.56
surveillance,SSC-Block-TV-Col21,5,0.25,0,0,0006 0013 0014 0022 0027,108,5,0.620370,0.726954,0.474743,0.11
surveillance,SSC-Block-TV-Col21,5,0.25,0,0,0006 0013 0014 0022 0027,337,5,0.744807,0.833616,0.693454,0.72
surveillance,SSC-Block-TV-Col21,5,0.25,0,0,0006 0013 0014 0022 0027,328,5,0.817073,0.768046,0.588248,0.67
surveillance,SSC-Block-TV-Col21,5,0.25,0,0,0006 0013 0014 0022 0027,191,5,0.900524,0.874602,0.747531,0.27
surveillance,SSC-Block-TV-Col21,5,0.25,0,0,0006 0013 0014 0022 0027,342,5,0.897661,0.861012,0.763729,0.75
surveillance,SSC-Block-TV-Col21,5,0.25,0,0,0006 0013 0014 0022 0027,276,5,0.971014,0.934990,0.928386,0.50
surveillance,SSC-Block-TV-Col21,5,0.25,0,0,0006 0013 0014 0022 0027,231,5,0.948052,0.914128,0.857585,0.38
surveillance,SSC-Block-TV-Col21,5,0.25,0,0,0006 0013 0014 0022 0027,345,5,0.817391,0.825579,0.693104,0.78
surveillance,SSC-Block-TV-Col21,5,0.25,0,0,0006 0013 0014 0022 0027,329,5,0.838906,0.794600,0.641309,0.71
surveillance,SSC-Block-TV-Col21,5,0.25,0,0,0006 0013 0014 0022 0027,196,5,0.852041,0.861913,0.712499,0.27
surveillance,SSC-Block-TV-Col21,5,0.5,0,0,0006 0013 0014 0022 0027,283,5,0.936396,0.885752,0.843557,0.54
surveillance,SSC-Block-TV-Col21,5,0.5,0,0,0006 0013 0014 0022 0027,231,5,0.878788,0.878724,0.763117,0.39
surveillance,SSC-Block-TV-Col21,5,0.5,0,0,0006 0013 0014 0022 0027,98,5,0.908163,0.878271,0.818796,0.10
surveillance,SSC-Block-TV-Col21,5,0.5,0,0,0006 0013 0014 0022 0027,291,5,0.855670,0.770917,0.681279,0.56
surveillance,SSC-Block-TV-Col21,5,0.5,0,0,0006 0013 0014 0022 0027,236,5,0.970339,0.925934,0.921693,0.38
surveillance,SSC-Block-TV-Col21,5,0.5,0,0,0006 0013 0014 0022 0027,173,5,0.947977,0.898185,0.870948,0.25
surveillance,SSC-Block-TV-Col21,5,0.5,0,0,0006 0013 0014 0022 0027,258,5,0.666667,0.807800,0.622885,0.46
surveillance,SSC-Block-TV-Col21,5,0.5,0,0,0006 0013 0014 0022 0027,232,5,0.814655,0.846230,0.664637,0.36
surveillance,SSC-Block-TV-Col21,5,0.5,0,0,0006 0013 0014 0022 0027,183,5,0.939891,0.906914,0.836546,0.27
surveillance,SSC-Block-TV-Col21,5,0.5,0,0,0006 0013 0014 0022 0027,274,5,0.857664,0.802005,0.710928,0.50
surveillance,SSC-Block-TV-Col21,5,0.5,0,0,0006 0013 0014 0022 0027,225,5,0.991111,0.972704,0.976652,0.38
surveillance,SSC-Block-TV-Col21,5,0.5,0,0,0006 0013 0014 0022 0027,132,5,0.931818,0.894824,0.842491,0.14
surveillance,SSC-Block-TV-Col21,5,0.5,0,0,0006 0013 0014 0022 0027,298,5,0.748322,0.863395,0.711111,0.60
surveillance,SSC-Block-TV-Col21,5,0.5,0,0,0006 0013 0014 0022 0027,296,5,0.858108,0.843646,0.721944,0.57
surveillance,SSC-Block-TV-Col21,5,0.5,0,0,0006 0013 0014 0022 0027,108,5,0.666667,0.753663,0.535089,0.11
surveillance,SSC-Block-TV-Col21,5,0.5,0,0,0006 0013 0014 0022 0027,337,5,0.732938,0.827389,0.684401,0.73
surveillance,SSC-Block-TV-Col21,5,0.5,0,0,0006 0013 0014 0022 0027,328,5,0.817073,0.768046,0.588248,0.67
surveillance,SSC-Block-TV-Col21,5,0.5,0,0,0006 0013 0014 0022 0027,191,5,0.900524,0.874602,0.747531,0.29
surveillance,SSC-Block-TV-Col21,5,0.5,0,0,0006 0013 0014 0022 0027,342,5,0.897661,0.861012,0.763729,0.74
surveillance,SSC-Block-TV-Col21,5,0.5,0,0,0006 0013 0014 0022 0027,276,5,0.956522,0.916262,0.898239,0.49
surveillance,SSC-Block-TV-Col21,5,0.5,0,0,0006 0013 0014 0022 0027,231,5,0.952381,0.918648,0.868394,0.39
surveillance,SSC-Block-TV-Col21,5,0.5,0,0,0006 0013 0014 0022 0027,345,5,0.817391,0.825579,0.693104,0.77
surveillance,SSC-Block-TV-Col21,5,0.5,0,0,0006 0013 0014 0022 0027,329,5,0.951368,0.912342,0.897942,0.71
surveillance,SSC-Block-TV-Col21,5,0.5,0,0,0006 0013 0014 0022 0027,196,5,0.923469,0.894660,0.809012,0.27
surveillance,SSC-Block-TV-Col21,8,0,0,0,0004 0006 0009 0013 0014 0022 0026 0027,413,8,0.840194,0.934495,0.832477,1.15
surveillance,SSC-Block-TV-Col21,8,0,0,0,0004 0006 0009 0013 0014 0022 0026 0027,335,8,0.973134,0.956155,0.933793,0.76
surveillance,SSC-Block-TV-Col21,8,0,0,0,0004 0006 0009 0013 0014 0022 0026 0027,148,8,0.804054,0.891047,0.773730,0.18
surveillance,SSC-Block-TV-Col21,8,0,0,0,0004 0006 0009 0013 0014 0022 0026 0027,432,8,0.717593,0.793681,0.612620,1.16
surveillance,SSC-Block-TV-Col21,8,0,0,0,0004 0006 0009 0013 0014 0022 0026 0027,346,8,0.806358,0.888689,0.735396,0.82
surveillance,SSC-Block-TV-Col21,8,0,0,0,0004 0006 0009 0013 0014 0022 0026 0027,259,8,1.000000,1.000000,1.000000,0.50
surveillance,SSC-Block-TV-Col21,8,0,0,0,0004 0006 0009 0013 0014 0022 0026 0027,385,8,0.527273,0.728313,0.405631,0.95
surveillance,SSC-Block-TV-Col21,8,0,0,0,0004 0006 0009 0013 0014 0022 0026 0027,331,8,0.749245,0.815184,0.599812,0.76
surveillance,SSC-Block-TV-Col21,8,0,0,0,0004 0006 0009 0013 0014 0022 0026 0027,256,8,0.964844,0.942456,0.908161,0.52
surveillance,SSC-Block-TV-Col21,8,0,0,0,0004 0006 0009 0013 0014 0022 0026 0027,418,8,0.933014,0.943514,0.866413,1.15
surveillance,SSC-Block-TV-Col21,8,0,0,0,0004 0006 0009 0013 0014 0022 0026 0027,341,8,0.997067,0.993348,0.993950,0.78
surveillance,SSC-Block-TV-Col21,8,0,0,0,0004 0006 0009 0013 0014 0022 0026 0027,214,8,0.971963,0.947281,0.932859,0.33
surveillance,SSC-Block-TV-Col21,8,0,0,0,0004 0006 0009 0013 0014 0022 0026 0027,447,8,0.888143,0.934958,0.830464,1.28
surveillance,SSC-Block-TV-Col21,8,0,0,0,0004 0006 0009 0013 0014 0022 0026 0027,424,8,0.908019,0.917389,0.811994,1.11
surveillance,SSC-Block-TV-Col21,8,0,0,0,0004 0006 0009 0013 0014 0022 0026 0027,168,8,0.845238,0.937464,0.827155,0.23
surveillance,SSC-Block-TV-Col21,8,0,0,0,0004 0006 0009 0013 0014 0022 0026 0027,511,8,0.896282,0.938782,0.846892,1.68
surveillance,SSC-Block-TV-Col21,8,0,0,0,0004 0006 0009 0013 0014 0022 0026 0027,471,8,0.944798,0.943005,0.863083,1.47
surveillance,SSC-Block-TV-Col21,8,0,0,0,0004 0006 0009 0013 0014 0022 0026 0027,275,8,0.930909,0.932895,0.824739,0.54
surveillance,SSC-Block-TV-Col21,8,0,0,0,0004 0006 0009 0013 0014 0022 0026 0027,517,8,0.690522,0.829515,0.639147,1.71
surveillance,SSC-Block-TV-Col21,8,0,0,0,0004 0006 0009 0013 0014 0022 0026 0027,430,8,0.827907,0.916397,0.813491,1.22
surveillance,SSC-Block-TV-Col21,8,0,0,0,0004 0006 0009 0013 0014 0022 0026 0027,348,8,0.816092,0.877838,0.768829,0.80
surveillance,SSC-Block-TV-Col21,8,0,0,0,0004 0006 0009 0013 0014 0022 0026 0027,506,8,0.968379,0.959015,0.931393,1.62
surveillance,SSC-Block-TV-Col21,8,0,0,0,0004 0006 0009 0013 0014 0022 0026 0027,472,8,0.993644,0.985642,0.985295,1.43
surveillance,SSC-Block-TV-Col21,8,0,0,0,0004 0006 0009 0013 0014 0022 0026 0027,274,8,0.919708,0.929228,0.810903,0.53
surveillance,SSC-Block-TV-Col21,8,0.25,0,0,0004 0006 0009 0013 0014 0022 0026 0027,413,8,0.738499,0.869503,0.687083,1.17
surveillance,SSC-Block-TV-Col21,8,0.25,0,0,0004 0006 0009 0013 0014 0022 0026 0027,335,8,0.961194,0.941140,0.909118,0.78
surveillance,SSC-Block-TV-Col21,8,0.25,0,0,0004 0006 0009 0013 0014 0022 0026 0027,148,8,0.878378,0.934136,0.862574,0.18
surveillance,SSC-Block-TV-Col21,8,0.25,0,0,0004 0006 0009 0013 0014 0022 0026 0027,432,8,0.773148,0.831364,0.653030,1.20
surveillance,SSC-Block-TV-Col21,8,0.25,0,0,0004 0006 0009 0013 0014 0022 0026 0027,346,8,0.815029,0.908231,0.819174,0.82
surveillance,SSC-Block-TV-Col21,8,0.25,0,0,0004 0006 0009 0013 0014 0022 0026 0027,259,8,0.992278,0.985417,0.980825,0.49
surveillance,SSC-Block-TV-Col21,8,0.25,0,0,0004 0006 0009 0013 0014 0022 0026 0027,385,8,0.631169,0.804180,0.611880,1.02
surveillance,SSC-Block-TV-Col21,8,0.25,0,0,0004 0006 0009 0013 0014 0022 0026 0027,331,8,0.764350,0.850985,0.658303,0.75
surveillance,SSC-Block-TV-Col21,8,0.25,0,0,0004 0006 0009 0013 0014 0022 0026 0027,256,8,0.976562,0.958928,0.936013,0.53
surveillance,SSC-Block-TV-Col21,8,0.25,0,0,0004 0006 0009 0013 0014 0022 0026 0027,418,8,0.777512,0.866263,0.691466,1.15
surveillance,SSC-Block-TV-Col21,8,0.25,0,0,0004 0006 0009 0013 0014 0022 0026 0027,341,8,0.991202,0.979489,0.979013,0.84
surveillance,SSC-Block-TV-Col21,8,0.25,0,0,0004 0006 0009 0013 0014 0022 0026 0027,214,8,0.976636,0.961876,0.947662,0.35
surveillance,SSC-Block-TV-Col21,8,0.25,0,0,0004 0006 0009 0013 0014 0022 0026 0027,447,8,0.923937,0.942153,0.865804,1.35
surveillance,SSC-Block-TV-Col21,8,0.25,0,0,0004 0006 0009 0013 0014 0022 0026 0027,424,8,0.745283,0.870419,0.691498,1.17
surveillance,SSC-Block-TV-Col21,8,0.25,0,0,0004 0006 0009 0013 0014 0022 0026 0027,168,8,0.845238,0.937464,0.827155,0.22
surveillance,SSC-Block-TV-Col21,8,0.25,0,0,0004 0006 0009 0013 0014 0022 0026 0027,511,8,0.896282,0.938782,0.846892,1.75
surveillance,SSC-Block-TV-Col21,8,0.25,0,0,0004 0006 0009 0013 0014 0022 0026 0027,471,8,0.940552,0.936781,0.855381,1.53
surveillance,SSC-Block-TV-Col21,8,0.25,0,0,0004 0006 0009 0013 0014 0022 0026 0027,275,8,0.905455,0.906783,0.789207,0.55
surveillance,SSC-Block-TV-Col21,8,0.25,0,0,0004 0006 0009 0013 0014 0022 0026 0027,517,8,0.760155,0.862707,0.706562,1.81
surveillance,SSC-Block-TV-Col21,8,0.25,0,0,0004 0006 0009 0013 0014 0022 0026 0027,430,8,0.988372,0.980886,0.973211,1.26
surveillance,SSC-Block-TV-Col21,8,0.25,0,0,0004 0006 0009 0013 0014 0022 0026 0027,348,8,0.965517,0.956480,0.907331,0.84
surveillance,SSC-Block-TV-Col21,8,0.25,0,0,0004 0006 0009 0013 0014 0022 0026 0027,506,8,0.835968,0.915660,0.821318,1.73
surveillance,SSC-Block-TV-Col21,8,0.25,0,0,0004 0006 0009 0013 0014 0022 0026 0027,472,8,0.978814,0.968622,0.958131,1.47
surveillance,SSC-Block-TV-Col21,8,0.25,0,0,0004 0006 0009 0013 0014 0022 0026 0027,274,8,0.908759,0.925507,0.795482,0.55
surveillance,SSC-Block-TV-Col21,8,0.5,0,0,0004 0006 0009 0013 0014 0022 0026 0027,413,8,0.830508,0.875285,0.733971,1.09
surveillance,SSC-Block-TV-Col21,8,0.5,0,0,0004 0006 0009 0013 0014 0022 0026 0027,335,8,0.814925,0.900984,0.785303,0.76
surveillance,SSC-Block-TV-Col21,8,0.5,0,0,0004 0006 0009 0013 0014 0022 0026 0027,148,8,0.851351,0.877606,0.782252,0.17
surveillance,SSC-Block-TV-Col21,8,0.5,0,0,0004 0006 0009 0013 0014 0022 0026 0027,432,8,0.777778,0.841811,0.715742,1.15
surveillance,SSC-Block-TV-Col21,8,0.5,0,0,0004 0006 0009 0013 0014 0022 0026 0027,346,8,0.809249,0.901955,0.807698,0.80
surveillance,SSC-Block-TV-Col21,8,0.5,0,0,0004 0006 0009 0013 0014 0022 0026 0027,259,8,0.934363,0.929042,0.859243,0.47
surveillance,SSC-Block-TV-Col21,8,0.5,0,0,0004 0006 0009 0013 0014 0022 0026 0027,385,8,0.568831,0.759967,0.547977,0.95
surveillance,SSC-Block-TV-Col21,8,0.5,0,0,0004 0006 0009 0013 0014 0022 0026 0027,331,8,0.854985,0.863725,0.716887,0.74
surveillance,SSC-Block-TV-Col21,8,0.5,0,0,0004 0006 0009 0013 0014 0022 0026 0027,256,8,0.964844,0.936949,0.914877,0.50
surveillance,SSC-Block-TV-Col21,8,0.5,0,0,0004 0006 0009 0013 0014 0022 0026 0027,418,8,0.729665,0.818654,0.627790,1.09
surveillance,SSC-Block-TV-Col21,8,0.5,0,0,0004 0006 0009 0013 0014 0022 0026 0027,341,8,0.976540,0.961538,0.951275,0.79
surveillance,SSC-Block-TV-Col21,8,0.5,0,0,0004 0006 0009 0013 0014 0022 0026 0027,214,8,0.981308,0.968444,0.957812,0.33
surveillance,SSC-Block-TV-Col21,8,0.5,0,0,0004 0006 0009 0013 0014 0022 0026 0027,447,8,0.838926,0.935084,0.832231,1.26
surveillance,SSC-Block-TV-Col21,8,0.5,0,0,0004 0006 0009 0013 0014 0022 0026 0027,424,8,0.742925,0.860718,0.682754,1.21
surveillance,SSC-Block-TV-Col21,8,0.5,0,0,0004 0006 0009 0013 0014 0022 0026 0027,168,8,0.845238,0.937464,0.827155,0.21
surveillance,SSC-Block-TV-Col21,8,0.5,0,0,0004 0006 0009 0013 0014 0022 0026 0027,511,8,0.814090,0.889886,0.771829,1.67
surveillance,SSC-Block-TV-Col21,8,0.5,0,0,0004 0006 0009 0013 0014 0022 0026 0027,471,8,0.864119,0.884512,0.769185,1.42
surveillance,SSC-Block-TV-Col21,8,0.5,0,0,0004 0006 0009 0013 0014 0022 0026 0027,275,8,0.916364,0.909132,0.805740,0.52
surveillance,SSC-Block-TV-Col21,8,0.5,0,0,0004 0006 0009 0013 0014 0022 0026 0027,517,8,0.634429,0.807615,0.570544,1.68
surveillance,SSC-Block-TV-Col21,8,0.5,0,0,0004 0006 0009 0013 0014 0022 0026 0027,430,8,0.969767,0.946058,0.931168,1.21
surveillance,SSC-Block-TV-Col21,8,0.5,0,0,0004 0006 0009 0013 0014 0022 0026 0027,348,8,0.965517,0.956480,0.907331,0.79
surveillance,SSC-Block-TV-Col21,8,0.5,0,0,0004 0006 0009 0013 0014 0022 0026 0027,506,8,0.830040,0.906585,0.808269,1.59
surveillance,SSC-Block-TV-Col21,8,0.5,0,0,0004 0006 0009 0013 0014 0022 0026 0027,472,8,0.970339,0.958148,0.942147,1.37
surveillance,SSC-Block-TV-Col21,8,0.5,0,0,0004 0006 0009 0013 0014 0022 0026 0027,274,8,0.905109,0.917715,0.789603,0.52
surveillance,OSC,3,0,0,0,0006 0013 0022,182,3,0.906593,0.789972,0.722992,0.36
surveillance,OSC,3,0,0,0,0006 0013 0022,147,3,0.993197,0.969330,0.980195,0.26
surveillance,OSC,3,0,0,0,0006 0013 0022,58,3,0.948276,0.857825,0.837557,0.07
surveillance,OSC,3,0,0,0,0006 0013 0022,180,3,0.894444,0.785376,0.718965,0.36
surveillance,OSC,3,0,0,0,0006 0013 0022,146,3,0.938356,0.813824,0.815733,0.25
surveillance,OSC,3,0,0,0,0006 0013 0022,113,3,1.000000,1.000000,1.000000,0.17
surveillance,OSC,3,0,0,0,0006 0013 0022,166,3,0.837349,0.717972,0.591101,0.31
surveillance,OSC,3,0,0,0,0006 0013 0022,147,3,0.863946,0.737368,0.618113,0.25
surveillance,OSC,3,0,0,0,0006 0013 0022,118,3,1.000000,1.000000,1.000000,0.19
surveillance,OSC,3,0,0,0,0006 0013 0022,166,3,0.897590,0.785338,0.713650,0.32
surveillance,OSC,3,0,0,0,0006 0013 0022,141,3,0.978723,0.911848,0.933875,0.24
surveillance,OSC,3,0,0,0,0006 0013 0022,90,3,0.977778,0.924189,0.933760,0.13
surveillance,OSC,3,0,0,0,0006 0013 0022,173,3,1.000000,1.000000,1.000000,0.34
surveillance,OSC,3,0,0,0,0006 0013 0022,196,3,0.831633,0.713573,0.591029,0.40
surveillance,OSC,3,0,0,0,0006 0013 0022,60,3,0.516667,0.651542,0.436386,0.08
surveillance,OSC,3,0,0,0,0006 0013 0022,200,3,0.960000,0.886047,0.885734,0.41
surveillance,OSC,3,0,0,0,0006 0013 0022,206,3,0.995146,0.976256,0.984819,0.44
surveillance,OSC,3,0,0,0,0006 0013 0022,119,3,1.000000,1.000000,1.000000,0.19
surveillance,OSC,3,0,0,0,0006 0013 0022,219,3,0.826484,0.713612,0.568809,0.49
surveillance,OSC,3,0,0,0,0006 0013 0022,168,3,1.000000,1.000000,1.000000,0.32
surveillance,OSC,3,0,0,0,0006 0013 0022,151,3,0.993377,0.967668,0.979490,0.28
surveillance,OSC,3,0,0,0,0006 0013 0022,218,3,1.000000,1.000000,1.000000,0.47
surveillance,OSC,3,0,0,0,0006 0013 0022,195,3,0.820513,0.715060,0.589092,0.40
surveillance,OSC,3,0,0,0,0006 0013 0022,112,3,0.660714,0.630552,0.399940,0.17
surveillance,OSC,3,0.25,0,0,0006 0013 0022,182,3,0.901099,0.782763,0.709414,0.38
surveillance,OSC,3,0.25,0,0,0006 0013 0022,147,3,0.993197,0.969330,0.980195,0.27
surveillance,OSC,3,0.25,0,0,0006 0013 0022,58,3,0.775862,0.593456,0.463105,0.08
surveillance,OSC,3,0.25,0,0,0006 0013 0022,180,3,0.927778,0.828539,0.794939,0.38
surveillance,OSC,3,0.25,0,0,0006 0013 0022,146,3,0.917808,0.778694,0.760147,0.27
surveillance,OSC,3,0.25,0,0,0006 0013 0022,113,3,1.000000,1.000000,1.000000,0.18
surveillance,OSC,3,0.25,0,0,0006 0013 0022,166,3,0.819277,0.677388,0.552820,0.33
surveillance,OSC,3,0.25,0,0,0006 0013 0022,147,3,0.857143,0.730562,0.603878,0.27
surveillance,OSC,3,0.25,0,0,0006 0013 0022,118,3,1.000000,1.000000,1.000000,0.19
surveillance,OSC,3,0.25,0,0,0006 0013 0022,166,3,0.897590,0.785338,0.713650,0.33
surveillance,OSC,3,0.25,0,0,0006 0013 0022,141,3,0.992908,0.967639,0.977949,0.26
surveillance,OSC,3,0.25,0,0,0006 0013 0022,90,3,0.988889,0.954964,0.966380,0.13
surveillance,OSC,3,0.25,0,0,0006 0013 0022,173,3,0.959538,0.884522,0.885614,0.36
surveillance,OSC,3,0.25,0,0,0006 0013 0022,196,3,0.770408,0.676341,0.489017,0.42
surveillance,OSC,3,0.25,0,0,0006 0013 0022,60,3,0.533333,0.652588,0.439144,0.08
surveillance,OSC,3,0.25,0,0,0006 0013 0022,200,3,0.960000,0.886047,0.885734,0.42
surveillance,OSC,3,0.25,0,0,0006 0013 0022,206,3,0.990291,0.958791,0.969818,0.46
surveillance,OSC,3,0.25,0,0,0006 0013 0022,119,3,1.000000,1.000000,1.000000,0.20
surveillance,OSC,3,0.25,0,0,0006 0013 0022,219,3,0.529680,0.451189,0.299575,0.51
surveillance,OSC,3,0.25,0,0,0006 0013 0022,168,3,0.940476,0.852101,0.836141,0.34
surveillance,OSC,3,0.25,0,0,0006 0013 0022,151,3,1.000000,1.000000,1.000000,0.29
surveillance,OSC,3,0.25,0,0,0006 0013 0022,218,3,0.752294,0.676356,0.506252,0.50
surveillance,OSC,3,0.25,0,0,0006 0013 0022,195,3,1.000000,1.000000,1.000000,0.41
surveillance,OSC,3,0.25,0,0,0006 0013 0022,112,3,0.651786,0.629383,0.399969,0.17
surveillance,OSC,3,0.5,0,0,0006 0013 0022,182,3,0.901099,0.782763,0.709414,0.37
surveillance,OSC,3,0.5,0,0,0006 0013 0022,147,3,0.979592,0.925870,0.932942,0.27
surveillance,OSC,3,0.5,0,0,0006 0013 0022,58,3,0.827586,0.725753,0.581783,0.08
surveillance,OSC,3,0.5,0,0,0006 0013 0022,180,3,0.933333,0.836922,0.808786,0.36
surveillance,OSC,3,0.5,0,0,0006 0013 0022,146,3,0.910959,0.760670,0.743976,0.26
surveillance,OSC,3,0.5,0,0,0006 0013 0022,113,3,1.000000,1.000000,1.000000,0.18
surveillance,OSC,3,0.5,0,0,0006 0013 0022,166,3,0.704819,0.434373,0.274205,0.33
surveillance,OSC,3,0.5,0,0,0006 0013 0022,147,3,0.863946,0.700095,0.617026,0.26
surveillance,OSC,3,0.5,0,0,0006 0013 0022,118,3,0.991525,0.962907,0.974621,0.19
surveillance,OSC,3,0.5,0,0,0006 0013 0022,166,3,0.879518,0.744643,0.672944,0.32
surveillance,OSC,3,0.5,0,0,0006 0013 0022,141,3,0.992908,0.967639,0.977949,0.24
surveillance,OSC,3,0.5,0,0,0006 0013 0022,90,3,0.966667,0.877639,0.895587,0.13
surveillance,OSC,3,0.5,0,0,0006 0013 0022,173,3,0.560694,0.649030,0.448562,0.34
surveillance,OSC,3,0.5,0,0,0006 0013 0022,196,3,0.770408,0.676341,0.489017,0.40
surveillance,OSC,3,0.5,0,0,0006 0013 0022,60,3,0.533333,0.652588,0.439144,0.08
surveillance,OSC,3,0.5,0,0,0006 0013 0022,200,3,0.855000,0.734122,0.666733,0.41
surveillance,OSC,3,0.5,0,0,0006 0013 0022,206,3,0.961165,0.885364,0.883762,0.44
surveillance,OSC,3,0.5,0,0,0006 0013 0022,119,3,1.000000,1.000000,1.000000,0.19
surveillance,OSC,3,0.5,0,0,0006 0013 0022,219,3,0.520548,0.449767,0.302408,0.49
surveillance,OSC,3,0.5,0,0,0006 0013 0022,168,3,0.940476,0.852101,0.836141,0.32
surveillance,OSC,3,0.5,0,0,0006 0013 0022,151,3,0.960265,0.873339,0.872263,0.27
surveillance,OSC,3,0.5,0,0,0006 0013 0022,218,3,0.747706,0.674851,0.503428,0.47
surveillance,OSC,3,0.5,0,0,0006 0013 0022,195,3,1.000000,1.000000,1.000000,0.39
surveillance,OSC,3,0.5,0,0,0006 0013 0022,112,3,0.651786,0.629383,0.399969,0.17
surveillance,OSC,5,0,0,0,0006 0013 0014 0022 0027,283,5,0.802120,0.868204,0.729313,0.77
surveillance,OSC,5,0,0,0,0006 0013 0014 0022 0027,231,5,0.952381,0.911390,0.882791,0.55
surveillance,OSC,5,0,0,0,0006 0013 0014 0022 0027,98,5,0.969388,0.942035,0.924070,0.15
surveillance,OSC,5,0,0,0,0006 0013 0014 0022 0027,291,5,0.848797,0.767946,0.669918,0.82
surveillance,OSC,5,0,0,0,0006 0013 0014 0022 0027,236,5,0.944915,0.894042,0.864431,0.56
surveillance,OSC,5,0,0,0,0006 0013 0014 0022 0027,173,5,1.000000,1.000000,1.000000,0.34
surveillance,OSC,5,0,0,0,0006 0013 0014 0022 0027,258,5,0.658915,0.763824,0.581569,0.67
surveillance,OSC,5,0,0,0,0006 0013 0014 0022 0027,232,5,0.900862,0.851702,0.761944,0.55
surveillance,OSC,5,0,0,0,0006 0013 0014 0022 0027,183,5,0.967213,0.936675,0.905208,0.38
surveillance,OSC,5,0,0,0,0006 0013 0014 0022 0027,274,5,0.821168,0.776410,0.654651,0.73
surveillance,OSC,5,0,0,0,0006 0013 0014 0022 0027,225,5,0.991111,0.977318,0.979917,0.51
surveillance,OSC,5,0,0,0,0006 0013 0014 0022 0027,132,5,0.977273,0.944744,0.941058,0.23
surveillance,OSC,5,0,0,0,0006 0013 0014 0022 0027,298,5,0.751678,0.864016,0.712851,0.83
surveillance,OSC,5,0,0,0,0006 0013 0014 0022 0027,296,5,0.631757,0.721130,0.475567,0.83
surveillance,OSC,5,0,0,0,0006 0013 0014 0022 0027,108,5,0.629630,0.738233,0.499453,0.18
surveillance,OSC,5,0,0,0,0006 0013 0014 0022 0027,337,5,0.744807,0.833616,0.693454,1.01
surveillance,OSC,5,0,0,0,0006 0013 0014 0022 0027,328,5,0.814024,0.766473,0.584530,0.98
surveillance,OSC,5,0,0,0,0006 0013 0014 0022 0027,191,5,0.842932,0.852147,0.683771,0.40
surveillance,OSC,5,0,0,0,0006 0013 0014 0022 0027,342,5,0.903509,0.861887,0.773513,1.04
surveillance,OSC,5,0,0,0,0006 0013 0014 0022 0027,276,5,0.981884,0.961534,0.955546,0.76
surveillance,OSC,5,0,0,0,0006 0013 0014 0022 0027,231,5,0.939394,0.905743,0.836611,0.56
surveillance,OSC,5,0,0,0,0006 0013 0014 0022 0027,345,5,0.973913,0.944889,0.938000,1.06
surveillance,OSC,5,0,0,0,0006 0013 0014 0022 0027,329,5,0.829787,0.787084,0.624121,0.97
surveillance,OSC,5,0,0,0,0006 0013 0014 0022 0027,196,5,0.882653,0.869526,0.733565,0.42
surveillance,OSC,5,0.25,0,0,0006 0013 0014 0022 0027,283,5,0.738516,0.787547,0.643637,0.70
surveillance,OSC,5,0.25,0,0,0006 0013 0014 0022 0027,231,5,0.956710,0.916305,0.892945,0.49
surveillance,OSC,5,0.25,0,0,0006 0013 0014 0022 0027,98,5,0.857143,0.815528,0.737204,0.14
surveillance,OSC,5,0.25,0,0,0006 0013 0014 0022 0027,291,5,0.621993,0.693283,0.521541,0.73
surveillance,OSC,5,0.25,0,0,0006 0013 0014 0022 0027,236,5,0.940678,0.884777,0.851210,0.51
surveillance,OSC,5,0.25,0,0,0006 0013 0014 0022 0027,173,5,1.000000,1.000000,1.000000,0.32
surveillance,OSC,5,0.25,0,0,0006 0013 0014 0022 0027,258,5,0.643411,0.745443,0.564248,0.60
surveillance,OSC,5,0.25,0,0,0006 0013 0014 0022 0027,232,5,0.892241,0.839131,0.743902,0.49
surveillance,OSC,5,0.25,0,0,0006 0013 0014 0022 0027,183,5,0.961749,0.929850,0.890680,0.34
surveillance,OSC,5,0.25,0,0,0006 0013 0014 0022 0027,274,5,0.821168,0.781095,0.658612,0.66
surveillance,OSC,5,0.25,0,0,0006 0013 0014 0022 0027,225,5,0.995556,0.986716,0.989827,0.47
surveillance,OSC,5,0.25,0,0,0006 0013 0014 0022 0027,132,5,0.992424,0.978971,0.978652,0.21
surveillance,OSC,5,0.25,0,0,0006 0013 0014 0022 0027,298,5,0.755034,0.864697,0.714738,0.76
surveillance,OSC,5,0.25,0,0,0006 0013 0014 0022 0027,296,5,0.858108,0.843401,0.721502,0.74
surveillance,OSC,5,0.25,0,0,0006 0013 0014 0022 0027,108,5,0.620370,0.726954,0.474743,0.16
surveillance,OSC,5,0.25,0,0,0006 0013 0014 0022 0027,337,5,0.744807,0.833616,0.693454,0.90
surveillance,OSC,5,0.25,0,0,0006 0013 0014 0022 0027,328,5,0.817073,0.768046,0.588248,0.87
surveillance,OSC,5,0.25,0,0,0006 0013 0014 0022 0027,191,5,0.848168,0.853385,0.688193,0.36
surveillance,OSC,5,0.25,0,0,0006 0013 0014 0022 0027,342,5,0.906433,0.866633,0.779053,0.94
surveillance,OSC,5,0.25,0,0,0006 0013 0014 0022 0027,276,5,0.949275,0.904127,0.878905,0.68
surveillance,OSC,5,0.25,0,0,0006 0013 0014 0022 0027,231,5,0.948052,0.914128,0.857585,0.49
surveillance,OSC,5,0.25,0,0,0006 0013 0014 0022 0027,345,5,0.820290,0.825873,0.694256,0.96
surveillance,OSC,5,0.25,0,0,0006 0013 0014 0022 0027,329,5,0.838906,0.794600,0.641309,0.89
surveillance,OSC,5,0.25,0,0,0006 0013 0014 0022 0027,196,5,0.872449,0.865036,0.720038,0.37
surveillance,OSC,5,0.5,0,0,0006 0013 0014 0022 0027,283,5,0.692580,0.722307,0.558701,0.78
surveillance,OSC,5,0.5,0,0,0006 0013 0014 0022 0027,231,5,0.865801,0.843524,0.734245,0.53
surveillance,OSC,5,0.5,0,0,0006 0013 0014 0022 0027,98,5,0.877551,0.844129,0.778676,0.15
surveillance,OSC,5,0.5,0,0,0006 0013 0014 0022 0027,291,5,0.628866,0.684845,0.512462,0.82
surveillance,OSC,5,0.5,0,0,0006 0013 0014 0022 0027,236,5,0.940678,0.880519,0.853528,0.58
surveillance,OSC,5,0.5,0,0,0006 0013 0014 0022 0027,173,5,0.901734,0.875027,0.792963,0.32
surveillance,OSC,5,0.5,0,0,0006 0013 0014 0022 0027,258,5,0.639535,0.742732,0.560999,0.65
surveillance,OSC,5,0.5,0,0,0006 0013 0014 0022 0027,232,5,0.732759,0.734485,0.557066,0.56
surveillance,OSC,5,0.5,0,0,0006 0013 0014 0022 0027,183,5,0.972678,0.944076,0.920115,0.39
surveillance,OSC,5,0.5,0,0,0006 0013 0014 0022 0027,274,5,0.843066,0.792215,0.693161,0.75
surveillance,OSC,5,0.5,0,0,0006 0013 0014 0022 0027,225,5,0.937778,0.898213,0.841086,0.47
surveillance,OSC,5,0.5,0,0,0006 0013 0014 0022 0027,132,5,1.000000,1.000000,1.000000,0.23
surveillance,OSC,5,0.5,0,0,0006 0013 0014 0022 0027,298,5,0.755034,0.864697,0.714738,0.86
surveillance,OSC,5,0.5,0,0,0006 0013 0014 0022 0027,296,5,0.854730,0.832943,0.714786,0.84
surveillance,OSC,5,0.5,0,0,0006 0013 0014 0022 0027,108,5,0.620370,0.726954,0.474743,0.17
surveillance,OSC,5,0.5,0,0,0006 0013 0014 0022 0027,337,5,0.756677,0.777214,0.622108,0.99
surveillance,OSC,5,0.5,0,0,0006 0013 0014 0022 0027,328,5,0.893293,0.844478,0.747710,1.01
surveillance,OSC,5,0.5,0,0,0006 0013 0014 0022 0027,191,5,0.842932,0.848497,0.668459,0.41
surveillance,OSC,5,0.5,0,0,0006 0013 0014 0022 0027,342,5,0.602339,0.708223,0.527208,1.01
surveillance,OSC,5,0.5,0,0,0006 0013 0014 0022 0027,276,5,0.956522,0.916101,0.897526,0.77
surveillance,OSC,5,0.5,0,0,0006 0013 0014 0022 0027,231,5,0.922078,0.861773,0.788500,0.57
surveillance,OSC,5,0.5,0,0,0006 0013 0014 0022 0027,345,5,0.817391,0.825579,0.693104,1.03
surveillance,OSC,5,0.5,0,0,0006 0013 0014 0022 0027,329,5,0.951368,0.912342,0.897942,1.01
surveillance,OSC,5,0.5,0,0,0006 0013 0014 0022 0027,196,5,0.836735,0.831672,0.678904,0.39
surveillance,OSC,8,0,0,0,0004 0006 0009 0013 0014 0022 0026 0027,413,8,0.738499,0.869503,0.687083,1.56
surveillance,OSC,8,0,0,0,0004 0006 0009 0013 0014 0022 0026 0027,335,8,0.961194,0.941109,0.907241,1.09
surveillance,OSC,8,0,0,0,0004 0006 0009 0013 0014 0022 0026 0027,148,8,0.810811,0.905048,0.791555,0.28
surveillance,OSC,8,0,0,0,0004 0006 0009 0013 0014 0022 0026 0027,432,8,0.754630,0.811140,0.617943,1.69
surveillance,OSC,8,0,0,0,0004 0006 0009 0013 0014 0022 0026 0027,346,8,0.832370,0.913827,0.832694,1.14
surveillance,OSC,8,0,0,0,0004 0006 0009 0013 0014 0022 0026 0027,259,8,0.992278,0.985417,0.980825,0.70
surveillance,OSC,8,0,0,0,0004 0006 0009 0013 0014 0022 0026 0027,385,8,0.631169,0.804099,0.612489,1.39
surveillance,OSC,8,0,0,0,0004 0006 0009 0013 0014 0022 0026 0027,331,8,0.761329,0.833024,0.628796,1.05
surveillance,OSC,8,0,0,0,0004 0006 0009 0013 0014 0022 0026 0027,256,8,0.968750,0.950341,0.914017,0.68
surveillance,OSC,8,0,0,0,0004 0006 0009 0013 0014 0022 0026 0027,418,8,0.667464,0.852598,0.668159,1.57
surveillance,OSC,8,0,0,0,0004 0006 0009 0013 0014 0022 0026 0027,341,8,0.988270,0.977150,0.975226,1.09
surveillance,OSC,8,0,0,0,0004 0006 0009 0013 0014 0022 0026 0027,214,8,0.831776,0.907753,0.795941,0.49
surveillance,OSC,8,0,0,0,0004 0006 0009 0013 0014 0022 0026 0027,447,8,0.921700,0.941596,0.863642,1.82
surveillance,OSC,8,0,0,0,0004 0006 0009 0013 0014 0022 0026 0027,424,8,0.908019,0.931681,0.822109,1.62
surveillance,OSC,8,0,0,0,0004 0006 0009 0013 0014 0022 0026 0027,168,8,0.845238,0.937464,0.827155,0.35
surveillance,OSC,8,0,0,0,0004 0006 0009 0013 0014 0022 0026 0027,511,8,0.896282,0.938782,0.846892,2.25
surveillance,OSC,8,0,0,0,0004 0006 0009 0013 0014 0022 0026 0027,471,8,0.942675,0.941911,0.859135,1.95
surveillance,OSC,8,0,0,0,0004 0006 0009 0013 0014 0022 0026 0027,275,8,0.883636,0.909509,0.769126,0.77
surveillance,OSC,8,0,0,0,0004 0006 0009 0013 0014 0022 0026 0027,517,8,0.762089,0.861445,0.712332,2.30
surveillance,OSC,8,0,0,0,0004 0006 0009 0013 0014 0022 0026 0027,430,8,0.823256,0.914674,0.805128,1.62
surveillance,OSC,8,0,0,0,0004 0006 0009 0013 0014 0022 0026 0027,348,8,0.959770,0.952213,0.893712,1.13
surveillance,OSC,8,0,0,0,0004 0006 0009 0013 0014 0022 0026 0027,506,8,0.984190,0.975948,0.963703,2.18
surveillance,OSC,8,0,0,0,0004 0006 0009 0013 0014 0022 0026 0027,472,8,0.953390,0.949525,0.886837,1.93
surveillance,OSC,8,0,0,0,0004 0006 0009 0013 0014 0022 0026 0027,274,8,0.916058,0.927899,0.805474,0.75
surveillance,OSC,8,0.25,0,0,0004 0006 0009 0013 0014 0022 0026 0027,413,8,0.738499,0.869503,0.687083,1.56
surveillance,OSC,8,0.25,0,0,0004 0006 0009 0013 0014 0022 0026 0027,335,8,0.964179,0.943739,0.914197,1.10
surveillance,OSC,8,0.25,0,0,0004 0006 0009 0013 0014 0022 0026 0027,148,8,0.912162,0.913320,0.846700,0.28
surveillance,OSC,8,0.25,0,0,0004 0006 0009 0013 0014 0022 0026 0027,432,8,0.611111,0.735458,0.497175,1.62
surveillance,OSC,8,0.25,0,0,0004 0006 0009 0013 0014 0022 0026 0027,346,8,0.826590,0.925939,0.837148,1.14
surveillance,OSC,8,0.25,0,0,0004 0006 0009 0013 0014 0022 0026 0027,259,8,0.992278,0.985417,0.980825,0.64
surveillance,OSC,8,0.25,0,0,0004 0006 0009 0013 0014 0022 0026 0027,385,8,0.623377,0.798923,0.601985,1.40
surveillance,OSC,8,0.25,0,0,0004 0006 0009 0013 0014 0022 0026 0027,331,8,0.716012,0.810360,0.582602,1.01
surveillance,OSC,8,0.25,0,0,0004 0006 0009 0013 0014 0022 0026 0027,256,8,0.964844,0.941091,0.912879,0.68
surveillance,OSC,8,0.25,0,0,0004 0006 0009 0013 0014 0022 0026 0027,418,8,0.667464,0.852598,0.668159,1.59
surveillance,OSC,8,0.25,0,0,0004 0006 0009 0013 0014 0022 0026 0027,341,8,0.985337,0.974541,0.970278,1.11
surveillance,OSC,8,0.25,0,0,0004 0006 0009 0013 0014 0022 0026 0027,214,8,0.841121,0.918811,0.811172,0.48
surveillance,OSC,8,0.25,0,0,0004 0006 0009 0013 0014 0022 0026 0027,447,8,0.923937,0.942153,0.865804,1.80
surveillance,OSC,8,0.25,0,0,0004 0006 0009 0013 0014 0022 0026 0027,424,8,0.740566,0.860654,0.682522,1.62
surveillance,OSC,8,0.25,0,0,0004 0006 0009 0013 0014 0022 0026 0027,168,8,0.845238,0.937464,0.827155,0.33
surveillance,OSC,8,0.25,0,0,0004 0006 0009 0013 0014 0022 0026 0027,511,8,0.896282,0.938782,0.846892,2.28
surveillance,OSC,8,0.25,0,0,0004 0006 0009 0013 0014 0022 0026 0027,471,8,0.940552,0.936781,0.855381,1.96
surveillance,OSC,8,0.25,0,0,0004 0006 0009 0013 0014 0022 0026 0027,275,8,0.916364,0.917173,0.802067,0.73
surveillance,OSC,8,0.25,0,0,0004 0006 0009 0013 0014 0022 0026 0027,517,8,0.588008,0.779440,0.516716,2.33
surveillance,OSC,8,0.25,0,0,0004 0006 0009 0013 0014 0022 0026 0027,430,8,0.988372,0.980886,0.973211,1.71
surveillance,OSC,8,0.25,0,0,0004 0006 0009 0013 0014 0022 0026 0027,348,8,0.965517,0.956480,0.907331,1.10
surveillance,OSC,8,0.25,0,0,0004 0006 0009 0013 0014 0022 0026 0027,506,8,0.835968,0.915660,0.821318,2.25
surveillance,OSC,8,0.25,0,0,0004 0006 0009 0013 0014 0022 0026 0027,472,8,0.972458,0.963452,0.947213,1.94
surveillance,OSC,8,0.25,0,0,0004 0006 0009 0013 0014 0022 0026 0027,274,8,0.908759,0.925507,0.795482,0.75
surveillance,OSC,8,0.5,0,0,0004 0006 0009 0013 0014 0022 0026 0027,413,8,0.673123,0.801955,0.598946,1.57
surveillance,OSC,8,0.5,0,0,0004 0006 0009 0013 0014 0022 0026 0027,335,8,0.737313,0.808831,0.655527,1.08
surveillance,OSC,8,0.5,0,0,0004 0006 0009 0013 0014 0022 0026 0027,148,8,0.891892,0.879725,0.806414,0.28
surveillance,OSC,8,0.5,0,0,0004 0006 0009 0013 0014 0022 0026 0027,432,8,0.604167,0.724301,0.476477,1.65
surveillance,OSC,8,0.5,0,0,0004 0006 0009 0013 0014 0022 0026 0027,346,8,0.765896,0.864590,0.725634,1.18
surveillance,OSC,8,0.5,0,0,0004 0006 0009 0013 0014 0022 0026 0027,259,8,0.915058,0.922557,0.834344,0.70
surveillance,OSC,8,0.5,0,0,0004 0006 0009 0013 0014 0022 0026 0027,385,8,0.540260,0.712414,0.432829,1.37
surveillance,OSC,8,0.5,0,0,0004 0006 0009 0013 0014 0022 0026 0027,331,8,0.682779,0.781791,0.559815,1.02
surveillance,OSC,8,0.5,0,0,0004 0006 0009 0013 0014 0022 0026 0027,256,8,0.921875,0.903999,0.858480,0.66
surveillance,OSC,8,0.5,0,0,0004 0006 0009 0013 0014 0022 0026 0027,418,8,0.610048,0.784176,0.567915,1.58
surveillance,OSC,8,0.5,0,0,0004 0006 0009 0013 0014 0022 0026 0027,341,8,0.932551,0.916673,0.850841,1.11
surveillance,OSC,8,0.5,0,0,0004 0006 0009 0013 0014 0022 0026 0027,214,8,0.855140,0.920155,0.814976,0.50
surveillance,OSC,8,0.5,0,0,0004 0006 0009 0013 0014 0022 0026 0027,447,8,0.693512,0.861763,0.696654,1.83
surveillance,OSC,8,0.5,0,0,0004 0006 0009 0013 0014 0022 0026 0027,424,8,0.719340,0.826637,0.628888,1.63
surveillance,OSC,8,0.5,0,0,0004 0006 0009 0013 0014 0022 0026 0027,168,8,0.827381,0.916653,0.803780,0.33
surveillance,OSC,8,0.5,0,0,0004 0006 0009 0013 0014 0022 0026 0027,511,8,0.800391,0.873678,0.743987,2.29
surveillance,OSC,8,0.5,0,0,0004 0006 0009 0013 0014 0022 0026 0027,471,8,0.791932,0.889563,0.751093,1.96
surveillance,OSC,8,0.5,0,0,0004 0006 0009 0013 0014 0022 0026 0027,275,8,0.876364,0.895527,0.750653,0.78
surveillance,OSC,8,0.5,0,0,0004 0006 0009 0013 0014 0022 0026 0027,517,8,0.646035,0.797376,0.577360,2.34
surveillance,OSC,8,0.5,0,0,0004 0006 0009 0013 0014 0022 0026 0027,430,8,0.806977,0.897940,0.776916,1.69
surveillance,OSC,8,0.5,0,0,0004 0006 0009 0013 0014 0022 0026 0027,348,8,0.847701,0.904766,0.805573,1.13
surveillance,OSC,8,0.5,0,0,0004 0006 0009 0013 0014 0022 0026 0027,506,8,0.788538,0.870578,0.747295,2.22
surveillance,OSC,8,0.5,0,0,0004 0006 0009 0013 0014 0022 0026 0027,472,8,0.828390,0.899470,0.787168,1.94
surveillance,OSC,8,0.5,0,0,0004 0006 0009 0013 0014 0022 0026 0027,274,8,0.908759,0.925507,0.795482,0.79
surveillance,BD-OSC,3,0,0,0,0006 0013 0022,182,3,0.857143,0.740446,0.674086,1.83
surveillance,BD-OSC,3,0,0,0,0006 0013 0022,147,3,0.700680,0.452302,0.298040,1.24
surveillance,BD-OSC,3,0,0,0,0006 0013 0022,58,3,0.948276,0.857825,0.837557,0.23
surveillance,BD-OSC,3,0,0,0,0006 0013 0022,180,3,0.777778,0.593090,0.527002,1.82
surveillance,BD-OSC,3,0,0,0,0006 0013 0022,146,3,0.938356,0.822997,0.813594,1.25
surveillance,BD-OSC,3,0,0,0,0006 0013 0022,113,3,0.991150,0.962823,0.975259,0.74
surveillance,BD-OSC,3,0,0,0,0006 0013 0022,166,3,0.855422,0.735270,0.613870,1.60
surveillance,BD-OSC,3,0,0,0,0006 0013 0022,147,3,0.986395,0.944480,0.954202,1.24
surveillance,BD-OSC,3,0,0,0,0006 0013 0022,118,3,0.983051,0.934619,0.944218,0.80
surveillance,BD-OSC,3,0,0,0,0006 0013 0022,166,3,0.807229,0.728186,0.611160,1.57
surveillance,BD-OSC,3,0,0,0,0006 0013 0022,141,3,0.971631,0.906344,0.910307,1.11
surveillance,BD-OSC,3,0,0,0,0006 0013 0022,90,3,0.966667,0.898774,0.902180,0.51
surveillance,BD-OSC,3,0,0,0,0006 0013 0022,173,3,0.549133,0.648625,0.447608,1.70
surveillance,BD-OSC,3,0,0,0,0006 0013 0022,196,3,0.734694,0.541292,0.406560,2.19
surveillance,BD-OSC,3,0,0,0,0006 0013 0022,60,3,0.550000,0.552874,0.389341,0.24
surveillance,BD-OSC,3,0,0,0,0006 0013 0022,200,3,0.940000,0.812952,0.825346,2.30
surveillance,BD-OSC,3,0,0,0,0006 0013 0022,206,3,0.800971,0.701821,0.539286,2.43
surveillance,BD-OSC,3,0,0,0,0006 0013 0022,119,3,0.991597,0.962924,0.974097,0.80
surveillance,BD-OSC,3,0,0,0,0006 0013 0022,219,3,0.835616,0.642351,0.570686,2.82
surveillance,BD-OSC,3,0,0,0,0006 0013 0022,168,3,0.934524,0.842799,0.822136,1.55
surveillance,BD-OSC,3,0,0,0,0006 0013 0022,151,3,0.801325,0.676229,0.492845,1.28
surveillance,BD-OSC,3,0,0,0,0006 0013 0022,218,3,0.848624,0.690378,0.642190,2.73
surveillance,BD-OSC,3,0,0,0,0006 0013 0022,195,3,0.779487,0.604202,0.508901,2.20
surveillance,BD-OSC,3,0,0,0,0006 0013 0022,112,3,0.964286,0.868376,0.886511,0.73
surveillance,BD-OSC,3,0.25,0,0,0006 0013 0022,182,3,0.802198,0.614906,0.541689,1.95
surveillance,BD-OSC,3,0.25,0,0,0006 0013 0022,147,3,0.714286,0.472003,0.321530,1.33
surveillance,BD-OSC,3,0.25,0,0,0006 0013 0022,58,3,0.948276,0.829660,0.840808,0.25
surveillance,BD-OSC,3,0.25,0,0,0006 0013 0022,180,3,0.738889,0.565602,0.417998,1.93
surveillance,BD-OSC,3,0.25,0,0,0006 0013 0022,146,3,0.808219,0.606008,0.533795,1.34
surveillance,BD-OSC,3,0.25,0,0,0006 0013 0022,113,3,0.646018,0.512628,0.353959,0.80
surveillance,BD-OSC,3,0.25,0,0,0006 0013 0022,166,3,0.801205,0.658874,0.572628,1.68
surveillance,BD-OSC,3,0.25,0,0,0006 0013 0022,147,3,0.687075,0.524788,0.358506,1.33
surveillance,BD-OSC,3,0.25,0,0,0006 0013 0022,118,3,0.720339,0.568054,0.397889,0.85
surveillance,BD-OSC,3,0.25,0,0,0006 0013 0022,166,3,0.963855,0.872415,0.893915,1.68
surveillance,BD-OSC,3,0.25,0,0,0006 0013 0022,141,3,0.893617,0.781124,0.726860,1.22
surveillance,BD-OSC,3,0.25,0,0,0006 0013 0022,90,3,0.833333,0.638013,0.567729,0.54
surveillance,BD-OSC,3,0.25,0,0,0006 0013 0022,173,3,0.942197,0.823272,0.842389,1.80
surveillance,BD-OSC,3,0.25,0,0,0006 0013 0022,196,3,0.790816,0.550021,0.443115,2.29
surveillance,BD-OSC,3,0.25,0,0,0006 0013 0022,60,3,0.983333,0.938936,0.948341,0.25
surveillance,BD-OSC,3,0.25,0,0,0006 0013 0022,200,3,0.780000,0.650836,0.538673,2.43
surveillance,BD-OSC,3,0.25,0,0,0006 0013 0022,206,3,0.572816,0.571607,0.417401,2.53
surveillance,BD-OSC,3,0.25,0,0,0006 0013 0022,119,3,0.823529,0.630747,0.529436,0.86
surveillance,BD-OSC,3,0.25,0,0,0006 0013 0022,219,3,0.712329,0.530579,0.390337,2.91
surveillance,BD-OSC,3,0.25,0,0,0006 0013 0022,168,3,0.625000,0.501304,0.376044,1.65
surveillance,BD-OSC,3,0.25,0,0,0006 0013 0022,151,3,0.788079,0.580329,0.444421,1.36
surveillance,BD-OSC,3,0.25,0,0,0006 0013 0022,218,3,0.715596,0.574730,0.443679,2.85
surveillance,BD-OSC,3,0.25,0,0,0006 0013 0022,195,3,0.820513,0.695165,0.592940,2.30
surveillance,BD-OSC,3,0.25,0,0,0006 0013 0022,112,3,0.803571,0.689248,0.509791,0.77
surveillance,BD-OSC,3,0.5,0,0,0006 0013 0022,182,3,0.642857,0.360830,0.190181,2.06
surveillance,BD-OSC,3,0.5,0,0,0006 0013 0022,147,3,0.646259,0.484151,0.333596,1.40
surveillance,BD-OSC,3,0.5,0,0,0006 0013 0022,58,3,0.793103,0.577987,0.473590,0.30
surveillance,BD-OSC,3,0.5,0,0,0006 0013 0022,180,3,0.866667,0.681315,0.638667,2.02
surveillance,BD-OSC,3,0.5,0,0,0006 0013 0022,146,3,0.698630,0.512283,0.399159,1.40
surveillance,BD-OSC,3,0.5,0,0,0006 0013 0022,113,3,0.681416,0.409995,0.227999,0.86
surveillance,BD-OSC,3,0.5,0,0,0006 0013 0022,166,3,0.704819,0.514346,0.369450,1.78
surveillance,BD-OSC,3,0.5,0,0,0006 0013 0022,147,3,0.714286,0.419963,0.279021,1.40
surveillance,BD-OSC,3,0.5,0,0,0006 0013 0022,118,3,0.661017,0.509840,0.338087,0.92
surveillance,BD-OSC,3,0.5,0,0,0006 0013 0022,166,3,0.524096,0.565599,0.408357,1.77
surveillance,BD-OSC,3,0.5,0,0,0006 0013 0022,141,3,0.758865,0.547600,0.421137,1.30
surveillance,BD-OSC,3,0.5,0,0,0006 0013 0022,90,3,0.800000,0.598230,0.504854,0.59
surveillance,BD-OSC,3,0.5,0,0,0006 0013 0022,173,3,0.676301,0.554067,0.444844,1.89
surveillance,BD-OSC,3,0.5,0,0,0006 0013 0022,196,3,0.612245,0.526260,0.364452,2.43
surveillance,BD-OSC,3,0.5,0,0,0006 0013 0022,60,3,0.850000,0.688387,0.632764,0.29
surveillance,BD-OSC,3,0.5,0,0,0006 0013 0022,200,3,0.740000,0.520730,0.392799,2.54
surveillance,BD-OSC,3,0.5,0,0,0006 0013 0022,206,3,0.626214,0.531656,0.370109,2.70
surveillance,BD-OSC,3,0.5,0,0,0006 0013 0022,119,3,0.781513,0.647724,0.509438,0.93
surveillance,BD-OSC,3,0.5,0,0,0006 0013 0022,219,3,0.575342,0.268757,0.108096,3.02
surveillance,BD-OSC,3,0.5,0,0,0006 0013 0022,168,3,0.750000,0.678843,0.560506,1.74
surveillance,BD-OSC,3,0.5,0,0,0006 0013 0022,151,3,0.602649,0.555280,0.348078,1.47
surveillance,BD-OSC,3,0.5,0,0,0006 0013 0022,218,3,0.752294,0.631188,0.528466,2.96
surveillance,BD-OSC,3,0.5,0,0,0006 0013 0022,195,3,0.820513,0.695165,0.592940,2.43
surveillance,BD-OSC,3,0.5,0,0,0006 0013 0022,112,3,0.642857,0.467034,0.288216,0.84
surveillance,BD-OSC,5,0,0,0,0006 0013 0014 0022 0027,283,5,0.597173,0.662011,0.448451,4.48
surveillance,BD-OSC,5,0,0,0,0006 0013 0014 0022 0027,231,5,0.852814,0.803429,0.684818,2.91
surveillance,BD-OSC,5,0,0,0,0006 0013 0014 0022 0027,98,5,0.959184,0.917252,0.902201,0.56
surveillance,BD-OSC,5,0,0,0,0006 0013 0014 0022 0027,291,5,0.474227,0.639390,0.364973,4.71
surveillance,BD-OSC,5,0,0,0,0006 0013 0014 0022 0027,236,5,0.834746,0.773574,0.654875,2.87
surveillance,BD-OSC,5,0,0,0,0006 0013 0014 0022 0027,173,5,0.982659,0.950255,0.956336,1.62
surveillance,BD-OSC,5,0,0,0,0006 0013 0014 0022 0027,258,5,0.488372,0.628222,0.365981,3.75
surveillance,BD-OSC,5,0,0,0,0006 0013 0014 0022 0027,232,5,0.887931,0.803171,0.733838,2.91
surveillance,BD-OSC,5,0,0,0,0006 0013 0014 0022 0027,183,5,0.956284,0.897147,0.879700,1.84
surveillance,BD-OSC,5,0,0,0,0006 0013 0014 0022 0027,274,5,0.843066,0.779262,0.680933,4.10
surveillance,BD-OSC,5,0,0,0,0006 0013 0014 0022 0027,225,5,0.942222,0.913594,0.855409,2.73
surveillance,BD-OSC,5,0,0,0,0006 0013 0014 0022 0027,132,5,0.909091,0.836240,0.794082,0.95
surveillance,BD-OSC,5,0,0,0,0006 0013 0014 0022 0027,298,5,0.711409,0.747152,0.615833,4.92
surveillance,BD-OSC,5,0,0,0,0006 0013 0014 0022 0027,296,5,0.841216,0.778673,0.654115,4.91
surveillance,BD-OSC,5,0,0,0,0006 0013 0014 0022 0027,108,5,0.722222,0.816165,0.708922,0.65
surveillance,BD-OSC,5,0,0,0,0006 0013 0014 0022 0027,337,5,0.637982,0.731316,0.555688,6.60
surveillance,BD-OSC,5,0,0,0,0006 0013 0014 0022 0027,328,5,0.762195,0.787596,0.631754,6.17
surveillance,BD-OSC,5,0,0,0,0006 0013 0014 0022 0027,191,5,0.989529,0.972738,0.970865,1.93
surveillance,BD-OSC,5,0,0,0,0006 0013 0014 0022 0027,342,5,0.663743,0.720789,0.592505,6.96
surveillance,BD-OSC,5,0,0,0,0006 0013 0014 0022 0027,276,5,0.905797,0.869479,0.807106,4.27
surveillance,BD-OSC,5,0,0,0,0006 0013 0014 0022 0027,231,5,0.865801,0.813609,0.679291,2.92
surveillance,BD-OSC,5,0,0,0,0006 0013 0014 0022 0027,345,5,0.718841,0.731504,0.617684,6.94
surveillance,BD-OSC,5,0,0,0,0006 0013 0014 0022 0027,329,5,0.838906,0.794131,0.702244,6.20
surveillance,BD-OSC,5,0,0,0,0006 0013 0014 0022 0027,196,5,0.959184,0.903029,0.893102,2.12
surveillance,BD-OSC,5,0.25,0,0,0006 0013 0014 0022 0027,283,5,0.787986,0.726901,0.596637,5.10
surveillance,BD-OSC,5,0.25,0,0,0006 0013 0014 0022 0027,231,5,0.779221,0.735048,0.591837,3.31
surveillance,BD-OSC,5,0.25,0,0,0006 0013 0014 0022 0027,98,5,0.836735,0.787301,0.665219,0.65
surveillance,BD-OSC,5,0.25,0,0,0006 0013 0014 0022 0027,291,5,0.529210,0.632736,0.440407,5.34
surveillance,BD-OSC,5,0.25,0,0,0006 0013 0014 0022 0027,236,5,0.779661,0.717902,0.582749,3.29
surveillance,BD-OSC,5,0.25,0,0,0006 0013 0014 0022 0027,173,5,0.601156,0.646413,0.451401,1.85
surveillance,BD-OSC,5,0.25,0,0,0006 0013 0014 0022 0027,258,5,0.689922,0.625686,0.443615,4.19
surveillance,BD-OSC,5,0.25,0,0,0006 0013 0014 0022 0027,232,5,0.689655,0.668690,0.476358,3.26
surveillance,BD-OSC,5,0.25,0,0,0006 0013 0014 0022 0027,183,5,0.683060,0.748248,0.614024,2.11
surveillance,BD-OSC,5,0.25,0,0,0006 0013 0014 0022 0027,274,5,0.667883,0.697532,0.502172,4.63
surveillance,BD-OSC,5,0.25,0,0,0006 0013 0014 0022 0027,225,5,0.684444,0.743215,0.605609,3.15
surveillance,BD-OSC,5,0.25,0,0,0006 0013 0014 0022 0027,132,5,0.696970,0.784842,0.629377,1.10
surveillance,BD-OSC,5,0.25,0,0,0006 0013 0014 0022 0027,298,5,0.926174,0.874704,0.821444,5.53
surveillance,BD-OSC,5,0.25,0,0,0006 0013 0014 0022 0027,296,5,0.398649,0.580181,0.267211,5.47
surveillance,BD-OSC,5,0.25,0,0,0006 0013 0014 0022 0027,108,5,0.851852,0.778121,0.691559,0.74
surveillance,BD-OSC,5,0.25,0,0,0006 0013 0014 0022 0027,337,5,0.590504,0.629657,0.392868,7.33
surveillance,BD-OSC,5,0.25,0,0,0006 0013 0014 0022 0027,328,5,0.649390,0.713636,0.582312,6.82
surveillance,BD-OSC,5,0.25,0,0,0006 0013 0014 0022 0027,191,5,0.722513,0.793130,0.646035,2.20
surveillance,BD-OSC,5,0.25,0,0,0006 0013 0014 0022 0027,342,5,0.517544,0.646082,0.457461,7.67
surveillance,BD-OSC,5,0.25,0,0,0006 0013 0014 0022 0027,276,5,0.612319,0.680961,0.453626,4.78
surveillance,BD-OSC,5,0.25,0,0,0006 0013 0014 0022 0027,231,5,0.878788,0.798958,0.754971,3.30
surveillance,BD-OSC,5,0.25,0,0,0006 0013 0014 0022 0027,345,5,0.585507,0.651463,0.450862,7.71
surveillance,BD-OSC,5,0.25,0,0,0006 0013 0014 0022 0027,329,5,0.507599,0.584478,0.359057,6.87
surveillance,BD-OSC,5,0.25,0,0,0006 0013 0014 0022 0027,196,5,0.846939,0.834071,0.718188,2.37
surveillance,BD-OSC,5,0.5,0,0,0006 0013 0014 0022 0027,283,5,0.611307,0.716830,0.511095,5.11
surveillance,BD-OSC,5,0.5,0,0,0006 0013 0014 0022 0027,231,5,0.662338,0.631333,0.440142,3.36
surveillance,BD-OSC,5,0.5,0,0,0006 0013 0014 0022 0027,98,5,0.826531,0.734971,0.637094,0.72
surveillance,BD-OSC,5,0.5,0,0,0006 0013 0014 0022 0027,291,5,0.639175,0.578165,0.365058,5.35
surveillance,BD-OSC,5,0.5,0,0,0006 0013 0014 0022 0027,236,5,0.766949,0.771799,0.683276,3.32
surveillance,BD-OSC,5,0.5,0,0,0006 0013 0014 0022 0027,173,5,0.612717,0.671264,0.499593,1.91
surveillance,BD-OSC,5,0.5,0,0,0006 0013 0014 0022 0027,258,5,0.585271,0.595064,0.380522,4.23
surveillance,BD-OSC,5,0.5,0,0,0006 0013 0014 0022 0027,232,5,0.543103,0.606351,0.411108,3.31
surveillance,BD-OSC,5,0.5,0,0,0006 0013 0014 0022 0027,183,5,0.710383,0.711092,0.595024,2.14
surveillance,BD-OSC,5,0.5,0,0,0006 0013 0014 0022 0027,274,5,0.766423,0.688251,0.519781,4.66
surveillance,BD-OSC,5,0.5,0,0,0006 0013 0014 0022 0027,225,5,0.684444,0.666565,0.488186,3.17
surveillance,BD-OSC,5,0.5,0,0,0006 0013 0014 0022 0027,132,5,0.734848,0.664319,0.508539,1.15
surveillance,BD-OSC,5,0.5,0,0,0006 0013 0014 0022 0027,298,5,0.600671,0.588640,0.364849,5.53
surveillance,BD-OSC,5,0.5,0,0,0006 0013 0014 0022 0027,296,5,0.618243,0.638130,0.456136,5.46
surveillance,BD-OSC,5,0.5,0,0,0006 0013 0014 0022 0027,108,5,0.675926,0.666170,0.491537,0.80
surveillance,BD-OSC,5,0.5,0,0,0006 0013 0014 0022 0027,337,5,0.685460,0.714559,0.575510,7.44
surveillance,BD-OSC,5,0.5,0,0,0006 0013 0014 0022 0027,328,5,0.634146,0.654463,0.489771,6.90
surveillance,BD-OSC,5,0.5,0,0,0006 0013 0014 0022 0027,191,5,0.507853,0.617122,0.360743,2.26
surveillance,BD-OSC,5,0.5,0,0,0006 0013 0014 0022 0027,342,5,0.619883,0.714980,0.537762,7.76
surveillance,BD-OSC,5,0.5,0,0,0006 0013 0014 0022 0027,276,5,0.536232,0.563429,0.329716,4.82
surveillance,BD-OSC,5,0.5,0,0,0006 0013 0014 0022 0027,231,5,0.532468,0.625244,0.342158,3.35
surveillance,BD-OSC,5,0.5,0,0,0006 0013 0014 0022 0027,345,5,0.527536,0.654449,0.421135,7.66
surveillance,BD-OSC,5,0.5,0,0,0006 0013 0014 0022 0027,329,5,0.574468,0.578957,0.354808,6.94
surveillance,BD-OSC,5,0.5,0,0,0006 0013 0014 0022 0027,196,5,0.596939,0.652916,0.441341,2.40
surveillance,BD-OSC,8,0,0,0,0004 0006 0009 0013 0014 0022 0026 0027,413,8,0.866828,0.840527,0.734471,10.53
surveillance,BD-OSC,8,0,0,0,0004 0006 0009 0013 0014 0022 0026 0027,335,8,0.788060,0.874610,0.767930,6.26
surveillance,BD-OSC,8,0,0,0,0004 0006 0009 0013 0014 0022 0026 0027,148,8,0.912162,0.885907,0.840937,1.25
surveillance,BD-OSC,8,0,0,0,0004 0006 0009 0013 0014 0022 0026 0027,432,8,0.634259,0.726882,0.488853,12.06
surveillance,BD-OSC,8,0,0,0,0004 0006 0009 0013 0014 0022 0026 0027,346,8,0.893064,0.882980,0.769489,6.85
surveillance,BD-OSC,8,0,0,0,0004 0006 0009 0013 0014 0022 0026 0027,259,8,0.953668,0.921239,0.905843,3.72
surveillance,BD-OSC,8,0,0,0,0004 0006 0009 0013 0014 0022 0026 0027,385,8,0.540260,0.693390,0.398626,9.08
surveillance,BD-OSC,8,0,0,0,0004 0006 0009 0013 0014 0022 0026 0027,331,8,0.782477,0.859691,0.725438,6.25
surveillance,BD-OSC,8,0,0,0,0004 0006 0009 0013 0014 0022 0026 0027,256,8,0.945312,0.913663,0.867769,4.09
surveillance,BD-OSC,8,0,0,0,0004 0006 0009 0013 0014 0022 0026 0027,418,8,0.846890,0.831298,0.710653,10.95
surveillance,BD-OSC,8,0,0,0,0004 0006 0009 0013 0014 0022 0026 0027,341,8,0.964809,0.935203,0.927208,7.19
surveillance,BD-OSC,8,0,0,0,0004 0006 0009 0013 0014 0022 0026 0027,214,8,0.869159,0.864482,0.778883,2.46
surveillance,BD-OSC,8,0,0,0,0004 0006 0009 0013 0014 0022 0026 0027,447,8,0.785235,0.871321,0.734281,12.96
surveillance,BD-OSC,8,0,0,0,0004 0006 0009 0013 0014 0022 0026 0027,424,8,0.964623,0.939095,0.925136,11.36
surveillance,BD-OSC,8,0,0,0,0004 0006 0009 0013 0014 0022 0026 0027,168,8,0.761905,0.820902,0.693407,1.51
surveillance,BD-OSC,8,0,0,0,0004 0006 0009 0013 0014 0022 0026 0027,511,8,0.706458,0.800041,0.610237,22.19
surveillance,BD-OSC,8,0,0,0,0004 0006 0009 0013 0014 0022 0026 0027,471,8,0.772824,0.764417,0.590018,14.82
surveillance,BD-OSC,8,0,0,0,0004 0006 0009 0013 0014 0022 0026 0027,275,8,0.789091,0.845336,0.739958,4.11
surveillance,BD-OSC,8,0,0,0,0004 0006 0009 0013 0014 0022 0026 0027,517,8,0.707930,0.806890,0.587988,19.41
surveillance,BD-OSC,8,0,0,0,0004 0006 0009 0013 0014 0022 0026 0027,430,8,0.713953,0.789920,0.630889,11.67
surveillance,BD-OSC,8,0,0,0,0004 0006 0009 0013 0014 0022 0026 0027,348,8,0.954023,0.922613,0.898191,7.13
surveillance,BD-OSC,8,0,0,0,0004 0006 0009 0013 0014 0022 0026 0027,506,8,0.794466,0.856972,0.732182,18.07
surveillance,BD-OSC,8,0,0,0,0004 0006 0009 0013 0014 0022 0026 0027,472,8,0.652542,0.743636,0.507815,14.91
surveillance,BD-OSC,8,0,0,0,0004 0006 0009 0013 0014 0022 0026 0027,274,8,0.934307,0.914800,0.837918,4.13
surveillance,BD-OSC,8,0.25,0,0,0004 0006 0009 0013 0014 0022 0026 0027,413,8,0.622276,0.733368,0.516299,11.99
surveillance,BD-OSC,8,0.25,0,0,0004 0006 0009 0013 0014 0022 0026 0027,335,8,0.588060,0.718256,0.496802,7.17
surveillance,BD-OSC,8,0.25,0,0,0004 0006 0009 0013 0014 0022 0026 0027,148,8,0.709459,0.769764,0.598254,1.40
surveillance,BD-OSC,8,0.25,0,0,0004 0006 0009 0013 0014 0022 0026 0027,432,8,0.673611,0.717572,0.481280,13.51
surveillance,BD-OSC,8,0.25,0,0,0004 0006 0009 0013 0014 0022 0026 0027,346,8,0.734104,0.799857,0.570845,7.89
surveillance,BD-OSC,8,0.25,0,0,0004 0006 0009 0013 0014 0022 0026 0027,259,8,0.675676,0.792277,0.605285,4.27
surveillance,BD-OSC,8,0.25,0,0,0004 0006 0009 0013 0014 0022 0026 0027,385,8,0.607792,0.754328,0.547009,10.19
surveillance,BD-OSC,8,0.25,0,0,0004 0006 0009 0013 0014 0022 0026 0027,331,8,0.776435,0.772398,0.618621,7.07
surveillance,BD-OSC,8,0.25,0,0,0004 0006 0009 0013 0014 0022 0026 0027,256,8,0.785156,0.844700,0.727781,4.76
surveillance,BD-OSC,8,0.25,0,0,0004 0006 0009 0013 0014 0022 0026 0027,418,8,0.801435,0.786120,0.632115,12.15
surveillance,BD-OSC,8,0.25,0,0,0004 0006 0009 0013 0014 0022 0026 0027,341,8,0.665689,0.749587,0.542656,8.49
surveillance,BD-OSC,8,0.25,0,0,0004 0006 0009 0013 0014 0022 0026 0027,214,8,0.911215,0.893402,0.824231,2.84
surveillance,BD-OSC,8,0.25,0,0,0004 0006 0009 0013 0014 0022 0026 0027,447,8,0.588367,0.751441,0.534677,14.53
surveillance,BD-OSC,8,0.25,0,0,0004 0006 0009 0013 0014 0022 0026 0027,424,8,0.625000,0.723562,0.461747,12.71
surveillance,BD-OSC,8,0.25,0,0,0004 0006 0009 0013 0014 0022 0026 0027,168,8,0.916667,0.885619,0.820539,1.71
surveillance,BD-OSC,8,0.25,0,0,0004 0006 0009 0013 0014 0022 0026 0027,511,8,0.553816,0.710567,0.435075,25.31
surveillance,BD-OSC,8,0.25,0,0,0004 0006 0009 0013 0014 0022 0026 0027,471,8,0.622081,0.752518,0.554007,16.46
surveillance,BD-OSC,8,0.25,0,0,0004 0006 0009 0013 0014 0022 0026 0027,275,8,0.836364,0.816704,0.683009,4.68
surveillance,BD-OSC,8,0.25,0,0,0004 0006 0009 0013 0014 0022 0026 0027,517,8,0.593810,0.723749,0.496692,21.85
surveillance,BD-OSC,8,0.25,0,0,0004 0006 0009 0013 0014 0022 0026 0027,430,8,0.669767,0.738384,0.537630,13.04
surveillance,BD-OSC,8,0.25,0,0,0004 0006 0009 0013 0014 0022 0026 0027,348,8,0.715517,0.789075,0.583990,7.97
surveillance,BD-OSC,8,0.25,0,0,0004 0006 0009 0013 0014 0022 0026 0027,506,8,0.634387,0.723719,0.530046,20.40
surveillance,BD-OSC,8,0.25,0,0,0004 0006 0009 0013 0014 0022 0026 0027,472,8,0.603814,0.697818,0.441093,16.65
surveillance,BD-OSC,8,0.25,0,0,0004 0006 0009 0013 0014 0022 0026 0027,274,8,0.828467,0.813293,0.667625,4.69
surveillance,BD-OSC,8,0.5,0,0,0004 0006 0009 0013 0014 0022 0026 0027,413,8,0.561743,0.654768,0.345360,11.96
surveillance,BD-OSC,8,0.5,0,0,0004 0006 0009 0013 0014 0022 0026 0027,335,8,0.600000,0.677846,0.379325,7.36
surveillance,BD-OSC,8,0.5,0,0,0004 0006 0009 0013 0014 0022 0026 0027,148,8,0.709459,0.765482,0.587146,1.51
surveillance,BD-OSC,8,0.5,0,0,0004 0006 0009 0013 0014 0022 0026 0027,432,8,0.502315,0.672888,0.336378,13.70
surveillance,BD-OSC,8,0.5,0,0,0004 0006 0009 0013 0014 0022 0026 0027,346,8,0.687861,0.751267,0.574071,7.99
surveillance,BD-OSC,8,0.5,0,0,0004 0006 0009 0013 0014 0022 0026 0027,259,8,0.637066,0.738852,0.520483,4.39
surveillance,BD-OSC,8,0.5,0,0,0004 0006 0009 0013 0014 0022 0026 0027,385,8,0.654545,0.749936,0.540105,10.28
surveillance,BD-OSC,8,0.5,0,0,0004 0006 0009 0013 0014 0022 0026 0027,331,8,0.564955,0.705966,0.430615,7.25
surveillance,BD-OSC,8,0.5,0,0,0004 0006 0009 0013 0014 0022 0026 0027,256,8,0.761719,0.809918,0.680438,4.82
surveillance,BD-OSC,8,0.5,0,0,0004 0006 0009 0013 0014 0022 0026 0027,418,8,0.641148,0.724180,0.429391,12.39
surveillance,BD-OSC,8,0.5,0,0,0004 0006 0009 0013 0014 0022 0026 0027,341,8,0.580645,0.723130,0.475546,8.40
surveillance,BD-OSC,8,0.5,0,0,0004 0006 0009 0013 0014 0022 0026 0027,214,8,0.677570,0.744064,0.539211,2.93
surveillance,BD-OSC,8,0.5,0,0,0004 0006 0009 0013 0014 0022 0026 0027,447,8,0.525727,0.695044,0.417436,14.70
surveillance,BD-OSC,8,0.5,0,0,0004 0006 0009 0013 0014 0022 0026 0027,424,8,0.575472,0.701242,0.461005,13.00
surveillance,BD-OSC,8,0.5,0,0,0004 0006 0009 0013 0014 0022 0026 0027,168,8,0.928571,0.898307,0.852148,1.80
surveillance,BD-OSC,8,0.5,0,0,0004 0006 0009 0013 0014 0022 0026 0027,511,8,0.544031,0.691110,0.432589,25.63
surveillance,BD-OSC,8,0.5,0,0,0004 0006 0009 0013 0014 0022 0026 0027,471,8,0.454352,0.682079,0.353340,16.75
surveillance,BD-OSC,8,0.5,0,0,0004 0006 0009 0013 0014 0022 0026 0027,275,8,0.720000,0.764367,0.562942,4.87
surveillance,BD-OSC,8,0.5,0,0,0004 0006 0009 0013 0014 0022 0026 0027,517,8,0.510638,0.667115,0.412662,22.23
surveillance,BD-OSC,8,0.5,0,0,0004 0006 0009 0013 0014 0022 0026 0027,430,8,0.602326,0.704377,0.467869,13.26
surveillance,BD-OSC,8,0.5,0,0,0004 0006 0009 0013 0014 0022 0026 0027,348,8,0.528736,0.660854,0.355353,8.16
surveillance,BD-OSC,8,0.5,0,0,0004 0006 0009 0013 0014 0022 0026 0027,506,8,0.662055,0.705951,0.511842,20.83
surveillance,BD-OSC,8,0.5,0,0,0004 0006 0009 0013 0014 0022 0026 0027,472,8,0.724576,0.762405,0.565498,16.76
surveillance,BD-OSC,8,0.5,0,0,0004 0006 0009 0013 0014 0022 0026 0027,274,8,0.770073,0.823571,0.672741,4.82
surveillance,TKSS,3,0,0,0,0006 0013 0022,182,3,0.884615,0.741888,0.710056,0.05
surveillance,TKSS,3,0,0,0,0006 0013 0022,147,3,0.904762,0.781893,0.751774,0.01
surveillance,TKSS,3,0,0,0,0006 0013 0022,58,3,0.879310,0.705893,0.656525,0.01
surveillance,TKSS,3,0,0,0,0006 0013 0022,180,3,0.933333,0.809732,0.819342,0.07
surveillance,TKSS,3,0,0,0,0006 0013 0022,146,3,0.897260,0.744261,0.729007,0.03
surveillance,TKSS,3,0,0,0,0006 0013 0022,113,3,0.858407,0.685674,0.643843,0.04
surveillance,TKSS,3,0,0,0,0006 0013 0022,166,3,0.891566,0.746538,0.719101,0.02
surveillance,TKSS,3,0,0,0,0006 0013 0022,147,3,0.891156,0.788373,0.728020,0.02
surveillance,TKSS,3,0,0,0,0006 0013 0022,118,3,0.881356,0.730977,0.683534,0.01
surveillance,TKSS,3,0,0,0,0006 0013 0022,166,3,0.903614,0.762360,0.745103,0.05
surveillance,TKSS,3,0,0,0,0006 0013 0022,141,3,0.886525,0.710397,0.677075,0.02
surveillance,TKSS,3,0,0,0,0006 0013 0022,90,3,0.922222,0.795171,0.780787,0.01
surveillance,TKSS,3,0,0,0,0006 0013 0022,173,3,0.942197,0.838329,0.839287,0.02
surveillance,TKSS,3,0,0,0,0006 0013 0022,196,3,0.903061,0.770179,0.739568,0.02
surveillance,TKSS,3,0,0,0,0006 0013 0022,60,3,0.966667,0.879110,0.900419,0.01
surveillance,TKSS,3,0,0,0,0006 0013 0022,200,3,0.950000,0.839775,0.854762,0.07
surveillance,TKSS,3,0,0,0,0006 0013 0022,206,3,0.902913,0.737698,0.719966,0.03
surveillance,TKSS,3,0,0,0,0006 0013 0022,119,3,0.873950,0.698971,0.650675,0.01
surveillance,TKSS,3,0,0,0,0006 0013 0022,219,3,0.899543,0.761878,0.735596,0.05
surveillance,TKSS,3,0,0,0,0006 0013 0022,168,3,0.994048,0.972771,0.982089,0.02
surveillance,TKSS,3,0,0,0,0006 0013 0022,151,3,0.814570,0.608301,0.509164,0.06
surveillance,TKSS,3,0,0,0,0006 0013 0022,218,3,0.899083,0.742324,0.729954,0.04
surveillance,TKSS,3,0,0,0,0006 0013 0022,195,3,0.958974,0.883467,0.882172,0.06
surveillance,TKSS,3,0,0,0,0006 0013 0022,112,3,0.848214,0.657833,0.587197,0.01
surveillance,TKSS,3,0.25,0,0,0006 0013 0022,182,3,0.895604,0.702598,0.694106,0.08
surveillance,TKSS,3,0.25,0,0,0006 0013 0022,147,3,0.972789,0.914798,0.932534,0.05
surveillance,TKSS,3,0.25,0,0,0006 0013 0022,58,3,0.879310,0.705893,0.656525,0.01
surveillance,TKSS,3,0.25,0,0,0006 0013 0022,180,3,0.977778,0.910454,0.932779,0.03
surveillance,TKSS,3,0.25,0,0,0006 0013 0022,146,3,0.917808,0.734898,0.764637,0.04
surveillance,TKSS,3,0.25,0,0,0006 0013 0022,113,3,1.000000,1.000000,1.000000,0.03
surveillance,TKSS,3,0.25,0,0,0006 0013 0022,166,3,0.524096,0.363956,0.236468,0.17
surveillance,TKSS,3,0.25,0,0,0006 0013 0022,147,3,0.863946,0.676619,0.606620,0.10
surveillance,TKSS,3,0.25,0,0,0006 0013 0022,118,3,0.974576,0.897856,0.919191,0.03
surveillance,TKSS,3,0.25,0,0,0006 0013 0022,166,3,0.843373,0.617501,0.561885,0.10
surveillance,TKSS,3,0.25,0,0,0006 0013 0022,141,3,0.964539,0.858820,0.898492,0.04
surveillance,TKSS,3,0.25,0,0,0006 0013 0022,90,3,0.944444,0.831684,0.837260,0.03
surveillance,TKSS,3,0.25,0,0,0006 0013 0022,173,3,0.988439,0.953825,0.965605,0.06
surveillance,TKSS,3,0.25,0,0,0006 0013 0022,196,3,0.653061,0.481697,0.352584,0.09
surveillance,TKSS,3,0.25,0,0,0006 0013 0022,60,3,0.983333,0.939722,0.950879,0.02
surveillance,TKSS,3,0.25,0,0,0006 0013 0022,200,3,0.950000,0.844949,0.856045,0.04
surveillance,TKSS,3,0.25,0,0,0006 0013 0022,206,3,0.975728,0.917733,0.925923,0.04
surveillance,TKSS,3,0.25,0,0,0006 0013 0022,119,3,0.823529,0.707826,0.549670,0.03
surveillance,TKSS,3,0.25,0,0,0006 0013 0022,219,3,0.735160,0.455268,0.423427,0.08
surveillance,TKSS,3,0.25,0,0,0006 0013 0022,168,3,0.976190,0.921103,0.930326,0.03
surveillance,TKSS,3,0.25,0,0,0006 0013 0022,151,3,0.874172,0.693087,0.641033,0.04
surveillance,TKSS,3,0.25,0,0,0006 0013 0022,218,3,0.986239,0.945817,0.955451,0.04
surveillance,TKSS,3,0.25,0,0,0006 0013 0022,195,3,0.953846,0.856203,0.859380,0.04
surveillance,TKSS,3,0.25,0,0,0006 0013 0022,112,3,0.776786,0.636802,0.457844,0.06
surveillance,TKSS,3,0.5,0,0,0006 0013 0022,182,3,0.923077,0.755030,0.771846,0.07
surveillance,TKSS,3,0.5,0,0,0006 0013 0022,147,3,0.986395,0.947377,0.960874,0.05
surveillance,TKSS,3,0.5,0,0,0006 0013 0022,58,3,0.879310,0.705893,0.656525,0.00
surveillance,TKSS,3,0.5,0,0,0006 0013 0022,180,3,0.966667,0.884282,0.898229,0.03
surveillance,TKSS,3,0.5,0,0,0006 0013 0022,146,3,0.945205,0.822639,0.840979,0.04
surveillance,TKSS,3,0.5,0,0,0006 0013 0022,113,3,0.929204,0.813583,0.813461,0.02
surveillance,TKSS,3,0.5,0,0,0006 0013 0022,166,3,0.903614,0.783541,0.754008,0.02
surveillance,TKSS,3,0.5,0,0,0006 0013 0022,147,3,0.965986,0.872459,0.897770,0.05
surveillance,TKSS,3,0.5,0,0,0006 0013 0022,118,3,0.974576,0.897856,0.919191,0.03
surveillance,TKSS,3,0.5,0,0,0006 0013 0022,166,3,0.933735,0.799007,0.806573,0.06
surveillance,TKSS,3,0.5,0,0,0006 0013 0022,141,3,0.978723,0.911848,0.933875,0.04
surveillance,TKSS,3,0.5,0,0,0006 0013 0022,90,3,0.922222,0.795171,0.780787,0.01
surveillance,TKSS,3,0.5,0,0,0006 0013 0022,173,3,0.994220,0.973281,0.982607,0.04
surveillance,TKSS,3,0.5,0,0,0006 0013 0022,196,3,0.647959,0.481012,0.350828,0.08
surveillance,TKSS,3,0.5,0,0,0006 0013 0022,60,3,0.983333,0.939722,0.950879,0.01
surveillance,TKSS,3,0.5,0,0,0006 0013 0022,200,3,0.955000,0.862341,0.870771,0.02
surveillance,TKSS,3,0.5,0,0,0006 0013 0022,206,3,0.956311,0.862984,0.872484,0.02
surveillance,TKSS,3,0.5,0,0,0006 0013 0022,119,3,0.840336,0.721302,0.579222,0.03
surveillance,TKSS,3,0.5,0,0,0006 0013 0022,219,3,0.753425,0.415116,0.388951,0.08
surveillance,TKSS,3,0.5,0,0,0006 0013 0022,168,3,0.982143,0.936161,0.947246,0.02
surveillance,TKSS,3,0.5,0,0,0006 0013 0022,151,3,0.907285,0.741240,0.731752,0.04
surveillance,TKSS,3,0.5,0,0,0006 0013 0022,218,3,0.977064,0.910735,0.928632,0.05
surveillance,TKSS,3,0.5,0,0,0006 0013 0022,195,3,0.989744,0.957034,0.967109,0.02
surveillance,TKSS,3,0.5,0,0,0006 0013 0022,112,3,0.866071,0.741602,0.625438,0.03
surveillance,TKSS,5,0,0,0,0006 0013 0014 0022 0027,283,5,0.784452,0.729641,0.623224,0.07
surveillance,TKSS,5,0,0,0,0006 0013 0014 0022 0027,231,5,0.822511,0.760173,0.672008,0.06
surveillance,TKSS,5,0,0,0,0006 0013 0014 0022 0027,98,5,0.826531,0.744656,0.641555,0.04
surveillance,TKSS,5,0,0,0,0006 0013 0014 0022 0027,291,5,0.807560,0.730366,0.631217,0.07
surveillance,TKSS,5,0,0,0,0006 0013 0014 0022 0027,236,5,0.750000,0.704184,0.579093,0.06
surveillance,TKSS,5,0,0,0,0006 0013 0014 0022 0027,173,5,0.705202,0.674258,0.522856,0.05
surveillance,TKSS,5,0,0,0,0006 0013 0014 0022 0027,258,5,0.728682,0.695010,0.561909,0.06
surveillance,TKSS,5,0,0,0,0006 0013 0014 0022 0027,232,5,0.698276,0.705802,0.569777,0.06
surveillance,TKSS,5,0,0,0,0006 0013 0014 0022 0027,183,5,0.721311,0.720570,0.585508,0.05
surveillance,TKSS,5,0,0,0,0006 0013 0014 0022 0027,274,5,0.857664,0.778831,0.710964,0.13
surveillance,TKSS,5,0,0,0,0006 0013 0014 0022 0027,225,5,0.804444,0.732003,0.624568,0.06
surveillance,TKSS,5,0,0,0,0006 0013 0014 0022 0027,132,5,0.878788,0.802817,0.728780,0.04
surveillance,TKSS,5,0,0,0,0006 0013 0014 0022 0027,298,5,0.909396,0.826053,0.790930,0.07
surveillance,TKSS,5,0,0,0,0006 0013 0014 0022 0027,296,5,0.793919,0.742947,0.640492,0.07
surveillance,TKSS,5,0,0,0,0006 0013 0014 0022 0027,108,5,0.935185,0.876944,0.848667,0.04
surveillance,TKSS,5,0,0,0,0006 0013 0014 0022 0027,337,5,0.922849,0.841084,0.817776,0.43
surveillance,TKSS,5,0,0,0,0006 0013 0014 0022 0027,328,5,0.804878,0.722434,0.614562,0.07
surveillance,TKSS,5,0,0,0,0006 0013 0014 0022 0027,191,5,0.727749,0.703732,0.566421,0.05
surveillance,TKSS,5,0,0,0,0006 0013 0014 0022 0027,342,5,0.821637,0.753784,0.665389,0.08
surveillance,TKSS,5,0,0,0,0006 0013 0014 0022 0027,276,5,0.967391,0.921851,0.921186,0.06
surveillance,TKSS,5,0,0,0,0006 0013 0014 0022 0027,231,5,0.731602,0.704722,0.562187,0.06
surveillance,TKSS,5,0,0,0,0006 0013 0014 0022 0027,345,5,0.878261,0.802152,0.749401,0.15
surveillance,TKSS,5,0,0,0,0006 0013 0014 0022 0027,329,5,0.890578,0.815750,0.766770,0.08
surveillance,TKSS,5,0,0,0,0006 0013 0014 0022 0027,196,5,0.857143,0.788847,0.699186,0.05
surveillance,TKSS,5,0.25,0,0,0006 0013 0014 0022 0027,283,5,0.784452,0.729641,0.623224,0.02
surveillance,TKSS,5,0.25,0,0,0006 0013 0014 0022 0027,231,5,0.818182,0.758094,0.666739,0.03
surveillance,TKSS,5,0.25,0,0,0006 0013 0014 0022 0027,98,5,0.826531,0.744656,0.641555,0.01
surveillance,TKSS,5,0.25,0,0,0006 0013 0014 0022 0027,291,5,0.817869,0.738875,0.654733,0.07
surveillance,TKSS,5,0.25,0,0,0006 0013 0014 0022 0027,236,5,0.754237,0.705088,0.581254,0.03
surveillance,TKSS,5,0.25,0,0,0006 0013 0014 0022 0027,173,5,0.705202,0.674258,0.522856,0.01
surveillance,TKSS,5,0.25,0,0,0006 0013 0014 0022 0027,258,5,0.728682,0.695010,0.561909,0.02
surveillance,TKSS,5,0.25,0,0,0006 0013 0014 0022 0027,232,5,0.711207,0.736062,0.600655,0.05
surveillance,TKSS,5,0.25,0,0,0006 0013 0014 0022 0027,183,5,0.726776,0.736355,0.598867,0.03
surveillance,TKSS,5,0.25,0,0,0006 0013 0014 0022 0027,274,5,0.857664,0.777807,0.708948,0.04
surveillance,TKSS,5,0.25,0,0,0006 0013 0014 0022 0027,225,5,0.804444,0.732003,0.624568,0.02
surveillance,TKSS,5,0.25,0,0,0006 0013 0014 0022 0027,132,5,0.878788,0.802817,0.728780,0.01
surveillance,TKSS,5,0.25,0,0,0006 0013 0014 0022 0027,298,5,0.919463,0.851050,0.815624,0.05
surveillance,TKSS,5,0.25,0,0,0006 0013 0014 0022 0027,296,5,0.793919,0.742947,0.640492,0.02
surveillance,TKSS,5,0.25,0,0,0006 0013 0014 0022 0027,108,5,0.944444,0.900503,0.872547,0.02
surveillance,TKSS,5,0.25,0,0,0006 0013 0014 0022 0027,337,5,0.943620,0.883328,0.867402,0.04
surveillance,TKSS,5,0.25,0,0,0006 0013 0014 0022 0027,328,5,0.804878,0.722434,0.614562,0.02
surveillance,TKSS,5,0.25,0,0,0006 0013 0014 0022 0027,191,5,0.727749,0.703732,0.566421,0.02
surveillance,TKSS,5,0.25,0,0,0006 0013 0014 0022 0027,342,5,0.821637,0.748834,0.664812,0.06
surveillance,TKSS,5,0.25,0,0,0006 0013 0014 0022 0027,276,5,0.967391,0.921851,0.921186,0.02
surveillance,TKSS,5,0.25,0,0,0006 0013 0014 0022 0027,231,5,0.731602,0.704722,0.562187,0.02
surveillance,TKSS,5,0.25,0,0,0006 0013 0014 0022 0027,345,5,0.878261,0.803402,0.749430,0.02
surveillance,TKSS,5,0.25,0,0,0006 0013 0014 0022 0027,329,5,0.893617,0.822933,0.774215,0.04
surveillance,TKSS,5,0.25,0,0,0006 0013 0014 0022 0027,196,5,0.857143,0.788847,0.699186,0.02
surveillance,TKSS,5,0.5,0,0,0006 0013 0014 0022 0027,283,5,0.840989,0.760925,0.672081,0.11
surveillance,TKSS,5,0.5,0,0,0006 0013 0014 0022 0027,231,5,0.792208,0.789569,0.677493,0.10
surveillance,TKSS,5,0.5,0,0,0006 0013 0014 0022 0027,98,5,0.867347,0.775423,0.716249,0.05
surveillance,TKSS,5,0.5,0,0,0006 0013 0014 0022 0027,291,5,0.659794,0.544157,0.406771,0.21
surveillance,TKSS,5,0.5,0,0,0006 0013 0014 0022 0027,236,5,0.737288,0.761706,0.632205,0.15
surveillance,TKSS,5,0.5,0,0,0006 0013 0014 0022 0027,173,5,0.745665,0.728308,0.613200,0.08
surveillance,TKSS,5,0.5,0,0,0006 0013 0014 0022 0027,258,5,0.748062,0.719284,0.603246,0.08
surveillance,TKSS,5,0.5,0,0,0006 0013 0014 0022 0027,232,5,0.866379,0.793550,0.683058,0.30
surveillance,TKSS,5,0.5,0,0,0006 0013 0014 0022 0027,183,5,0.912568,0.862168,0.777475,0.12
surveillance,TKSS,5,0.5,0,0,0006 0013 0014 0022 0027,274,5,0.901460,0.818116,0.769911,0.14
surveillance,TKSS,5,0.5,0,0,0006 0013 0014 0022 0027,225,5,0.822222,0.756096,0.642417,0.09
surveillance,TKSS,5,0.5,0,0,0006 0013 0014 0022 0027,132,5,0.893939,0.830720,0.757542,0.03
surveillance,TKSS,5,0.5,0,0,0006 0013 0014 0022 0027,298,5,0.932886,0.879921,0.843033,0.12
surveillance,TKSS,5,0.5,0,0,0006 0013 0014 0022 0027,296,5,0.851351,0.829766,0.708983,0.08
surveillance,TKSS,5,0.5,0,0,0006 0013 0014 0022 0027,108,5,0.944444,0.900503,0.872547,0.02
surveillance,TKSS,5,0.5,0,0,0006 0013 0014 0022 0027,337,5,0.943620,0.875025,0.864154,0.06
surveillance,TKSS,5,0.5,0,0,0006 0013 0014 0022 0027,328,5,0.932927,0.878178,0.824580,0.11
surveillance,TKSS,5,0.5,0,0,0006 0013 0014 0022 0027,191,5,0.900524,0.856719,0.747669,0.09
surveillance,TKSS,5,0.5,0,0,0006 0013 0014 0022 0027,342,5,0.935673,0.877144,0.838930,0.19
surveillance,TKSS,5,0.5,0,0,0006 0013 0014 0022 0027,276,5,0.971014,0.930728,0.928213,0.08
surveillance,TKSS,5,0.5,0,0,0006 0013 0014 0022 0027,231,5,0.904762,0.831255,0.751234,0.12
surveillance,TKSS,5,0.5,0,0,0006 0013 0014 0022 0027,345,5,0.930435,0.860873,0.842274,0.09
surveillance,TKSS,5,0.5,0,0,0006 0013 0014 0022 0027,329,5,0.951368,0.888767,0.882570,0.09
surveillance,TKSS,5,0.5,0,0,0006 0013 0014 0022 0027,196,5,0.923469,0.894131,0.803740,0.11
surveillance,TKSS,8,0,0,0,0004 0006 0009 0013 0014 0022 0026 0027,413,8,0.815981,0.822040,0.704360,0.06
surveillance,TKSS,8,0,0,0,0004 0006 0009 0013 0014 0022 0026 0027,335,8,0.850746,0.832834,0.728616,0.05
surveillance,TKSS,8,0,0,0,0004 0006 0009 0013 0014 0022 0026 0027,148,8,0.716216,0.761244,0.583683,0.04
surveillance,TKSS,8,0,0,0,0004 0006 0009 0013 0014 0022 0026 0027,432,8,0.817130,0.807735,0.694604,0.17
surveillance,TKSS,8,0,0,0,0004 0006 0009 0013 0014 0022 0026 0027,346,8,0.765896,0.798685,0.663330,0.10
surveillance,TKSS,8,0,0,0,0004 0006 0009 0013 0014 0022 0026 0027,259,8,0.737452,0.762250,0.602571,0.09
surveillance,TKSS,8,0,0,0,0004 0006 0009 0013 0014 0022 0026 0027,385,8,0.740260,0.789700,0.649009,0.21
surveillance,TKSS,8,0,0,0,0004 0006 0009 0013 0014 0022 0026 0027,331,8,0.712991,0.776097,0.625717,0.10
surveillance,TKSS,8,0,0,0,0004 0006 0009 0013 0014 0022 0026 0027,256,8,0.695312,0.755043,0.581783,0.04
surveillance,TKSS,8,0,0,0,0004 0006 0009 0013 0014 0022 0026 0027,418,8,0.897129,0.863268,0.797945,0.06
surveillance,TKSS,8,0,0,0,0004 0006 0009 0013 0014 0022 0026 0027,341,8,0.821114,0.810987,0.688406,0.10
surveillance,TKSS,8,0,0,0,0004 0006 0009 0013 0014 0022 0026 0027,214,8,0.873832,0.837830,0.743056,0.04
surveillance,TKSS,8,0,0,0,0004 0006 0009 0013 0014 0022 0026 0027,447,8,0.899329,0.867826,0.794780,0.23
surveillance,TKSS,8,0,0,0,0004 0006 0009 0013 0014 0022 0026 0027,424,8,0.797170,0.789260,0.653366,0.29
surveillance,TKSS,8,0,0,0,0004 0006 0009 0013 0014 0022 0026 0027,168,8,0.922619,0.877293,0.831050,0.04
surveillance,TKSS,8,0,0,0,0004 0006 0009 0013 0014 0022 0026 0027,511,8,0.863014,0.827521,0.739320,0.25
surveillance,TKSS,8,0,0,0,0004 0006 0009 0013 0014 0022 0026 0027,471,8,0.768577,0.767875,0.612864,0.30
surveillance,TKSS,8,0,0,0,0004 0006 0009 0013 0014 0022 0026 0027,275,8,0.749091,0.787505,0.652575,0.27
surveillance,TKSS,8,0,0,0,0004 0006 0009 0013 0014 0022 0026 0027,517,8,0.835590,0.811941,0.702330,0.31
surveillance,TKSS,8,0,0,0,0004 0006 0009 0013 0014 0022 0026 0027,430,8,0.944186,0.904530,0.879118,0.17
surveillance,TKSS,8,0,0,0,0004 0006 0009 0013 0014 0022 0026 0027,348,8,0.804598,0.790760,0.648464,0.25
surveillance,TKSS,8,0,0,0,0004 0006 0009 0013 0014 0022 0026 0027,506,8,0.873518,0.842613,0.756325,0.37
surveillance,TKSS,8,0,0,0,0004 0006 0009 0013 0014 0022 0026 0027,472,8,0.828390,0.811721,0.697452,0.06
surveillance,TKSS,8,0,0,0,0004 0006 0009 0013 0014 0022 0026 0027,274,8,0.751825,0.779689,0.637227,0.05
surveillance,TKSS,8,0.25,0,0,0004 0006 0009 0013 0014 0022 0026 0027,413,8,0.825666,0.842586,0.722088,0.11
surveillance,TKSS,8,0.25,0,0,0004 0006 0009 0013 0014 0022 0026 0027,335,8,0.850746,0.832834,0.728616,0.03
surveillance,TKSS,8,0.25,0,0,0004 0006 0009 0013 0014 0022 0026 0027,148,8,0.716216,0.761244,0.583683,0.02
surveillance,TKSS,8,0.25,0,0,0004 0006 0009 0013 0014 0022 0026 0027,432,8,0.814815,0.809411,0.694142,0.09
surveillance,TKSS,8,0.25,0,0,0004 0006 0009 0013 0014 0022 0026 0027,346,8,0.777457,0.809583,0.682434,0.08
surveillance,TKSS,8,0.25,0,0,0004 0006 0009 0013 0014 0022 0026 0027,259,8,0.733591,0.760892,0.598537,0.02
surveillance,TKSS,8,0.25,0,0,0004 0006 0009 0013 0014 0022 0026 0027,385,8,0.753247,0.806343,0.663669,0.14
surveillance,TKSS,8,0.25,0,0,0004 0006 0009 0013 0014 0022 0026 0027,331,8,0.709970,0.774852,0.621834,0.03
surveillance,TKSS,8,0.25,0,0,0004 0006 0009 0013 0014 0022 0026 0027,256,8,0.695312,0.751862,0.577471,0.07
surveillance,TKSS,8,0.25,0,0,0004 0006 0009 0013 0014 0022 0026 0027,418,8,0.899522,0.862248,0.802389,0.09
surveillance,TKSS,8,0.25,0,0,0004 0006 0009 0013 0014 0022 0026 0027,341,8,0.818182,0.809343,0.683771,0.05
surveillance,TKSS,8,0.25,0,0,0004 0006 0009 0013 0014 0022 0026 0027,214,8,0.878505,0.844394,0.753428,0.04
surveillance,TKSS,8,0.25,0,0,0004 0006 0009 0013 0014 0022 0026 0027,447,8,0.906040,0.874366,0.808092,0.06
surveillance,TKSS,8,0.25,0,0,0004 0006 0009 0013 0014 0022 0026 0027,424,8,0.780660,0.780165,0.632783,0.06
surveillance,TKSS,8,0.25,0,0,0004 0006 0009 0013 0014 0022 0026 0027,168,8,0.946429,0.914808,0.881103,0.06
surveillance,TKSS,8,0.25,0,0,0004 0006 0009 0013 0014 0022 0026 0027,511,8,0.855186,0.820557,0.724053,0.10
surveillance,TKSS,8,0.25,0,0,0004 0006 0009 0013 0014 0022 0026 0027,471,8,0.753715,0.757381,0.596975,0.06
surveillance,TKSS,8,0.25,0,0,0004 0006 0009 0013 0014 0022 0026 0027,275,8,0.723636,0.772855,0.620136,0.17
surveillance,TKSS,8,0.25,0,0,0004 0006 0009 0013 0014 0022 0026 0027,517,8,0.849130,0.831374,0.722329,0.17
surveillance,TKSS,8,0.25,0,0,0004 0006 0009 0013 0014 0022 0026 0027,430,8,0.939535,0.906820,0.873261,0.09
surveillance,TKSS,8,0.25,0,0,0004 0006 0009 0013 0014 0022 0026 0027,348,8,0.793103,0.785572,0.632530,0.03
surveillance,TKSS,8,0.25,0,0,0004 0006 0009 0013 0014 0022 0026 0027,506,8,0.893281,0.865336,0.789817,0.16
surveillance,TKSS,8,0.25,0,0,0004 0006 0009 0013 0014 0022 0026 0027,472,8,0.841102,0.817967,0.715118,0.15
surveillance,TKSS,8,0.25,0,0,0004 0006 0009 0013 0014 0022 0026 0027,274,8,0.748175,0.776715,0.630570,0.05
surveillance,TKSS,8,0.5,0,0,0004 0006 0009 0013 0014 0022 0026 0027,413,8,0.813559,0.830869,0.711393,0.11
surveillance,TKSS,8,0.5,0,0,0004 0006 0009 0013 0014 0022 0026 0027,335,8,0.853731,0.831138,0.733306,0.10
surveillance,TKSS,8,0.5,0,0,0004 0006 0009 0013 0014 0022 0026 0027,148,8,0.716216,0.761244,0.583683,0.02
surveillance,TKSS,8,0.5,0,0,0004 0006 0009 0013 0014 0022 0026 0027,432,8,0.828704,0.822657,0.712565,0.19
surveillance,TKSS,8,0.5,0,0,0004 0006 0009 0013 0014 0022 0026 0027,346,8,0.765896,0.814424,0.691545,0.17
surveillance,TKSS,8,0.5,0,0,0004 0006 0009 0013 0014 0022 0026 0027,259,8,0.749035,0.779255,0.629658,0.10
surveillance,TKSS,8,0.5,0,0,0004 0006 0009 0013 0014 0022 0026 0027,385,8,0.735065,0.784694,0.639654,0.15
surveillance,TKSS,8,0.5,0,0,0004 0006 0009 0013 0014 0022 0026 0027,331,8,0.712991,0.777797,0.627689,0.06
surveillance,TKSS,8,0.5,0,0,0004 0006 0009 0013 0014 0022 0026 0027,256,8,0.699219,0.757376,0.587636,0.05
surveillance,TKSS,8,0.5,0,0,0004 0006 0009 0013 0014 0022 0026 0027,418,8,0.923445,0.894508,0.845579,0.44
surveillance,TKSS,8,0.5,0,0,0004 0006 0009 0013 0014 0022 0026 0027,341,8,0.844575,0.834971,0.724483,0.21
surveillance,TKSS,8,0.5,0,0,0004 0006 0009 0013 0014 0022 0026 0027,214,8,0.873832,0.835400,0.745642,0.04
surveillance,TKSS,8,0.5,0,0,0004 0006 0009 0013 0014 0022 0026 0027,447,8,0.935123,0.907937,0.860918,0.35
surveillance,TKSS,8,0.5,0,0,0004 0006 0009 0013 0014 0022 0026 0027,424,8,0.797170,0.798909,0.663895,0.23
surveillance,TKSS,8,0.5,0,0,0004 0006 0009 0013 0014 0022 0026 0027,168,8,0.928571,0.884472,0.842197,0.04
surveillance,TKSS,8,0.5,0,0,0004 0006 0009 0013 0014 0022 0026 0027,511,8,0.863014,0.838935,0.738500,0.41
surveillance,TKSS,8,0.5,0,0,0004 0006 0009 0013 0014 0022 0026 0027,471,8,0.764331,0.764393,0.611516,0.18
surveillance,TKSS,8,0.5,0,0,0004 0006 0009 0013 0014 0022 0026 0027,275,8,0.752727,0.794766,0.657920,0.13
surveillance,TKSS,8,0.5,0,0,0004 0006 0009 0013 0014 0022 0026 0027,517,8,0.833656,0.808373,0.693845,0.19
surveillance,TKSS,8,0.5,0,0,0004 0006 0009 0013 0014 0022 0026 0027,430,8,0.962791,0.940111,0.919347,0.14
surveillance,TKSS,8,0.5,0,0,0004 0006 0009 0013 0014 0022 0026 0027,348,8,0.790230,0.784377,0.628860,0.05
surveillance,TKSS,8,0.5,0,0,0004 0006 0009 0013 0014 0022 0026 0027,506,8,0.891304,0.856254,0.784437,0.15
surveillance,TKSS,8,0.5,0,0,0004 0006 0009 0013 0014 0022 0026 0027,472,8,0.830508,0.808012,0.693935,0.28
surveillance,TKSS,8,0.5,0,0,0004 0006 0009 0013 0014 0022 0026 0027,274,8,0.755474,0.789295,0.649020,0.13
surveillance,DP NCut (trivial),3,0,0,0,0006 0013 0022,182,3,0.923077,0.813393,0.765626,0.03
surveillance,DP NCut (trivial),3,0,0,0,0006 0013 0022,147,3,0.993197,0.969330,0.980195,0.02
surveillance,DP NCut (trivial),3,0,0,0,0006 0013 0022,58,3,0.948276,0.857825,0.837557,0.00
surveillance,DP NCut (trivial),3,0,0,0,0006 0013 0022,180,3,0.927778,0.828539,0.794939,0.03
surveillance,DP NCut (trivial),3,0,0,0,0006 0013 0022,146,3,0.938356,0.813824,0.815733,0.02
surveillance,DP NCut (trivial),3,0,0,0,0006 0013 0022,113,3,1.000000,1.000000,1.000000,0.01
surveillance,DP NCut (trivial),3,0,0,0,0006 0013 0022,166,3,0.728916,0.657696,0.460737,0.03
surveillance,DP NCut (trivial),3,0,0,0,0006 0013 0022,147,3,0.877551,0.751886,0.648062,0.02
surveillance,DP NCut (trivial),3,0,0,0,0006 0013 0022,118,3,1.000000,1.000000,1.000000,0.01
surveillance,DP NCut (trivial),3,0,0,0,0006 0013 0022,166,3,0.897590,0.785338,0.713650,0.03
surveillance,DP NCut (trivial),3,0,0,0,0006 0013 0022,141,3,0.985816,0.944413,0.956430,0.02
surveillance,DP NCut (trivial),3,0,0,0,0006 0013 0022,90,3,0.977778,0.924189,0.933760,0.01
surveillance,DP NCut (trivial),3,0,0,0,0006 0013 0022,173,3,1.000000,1.000000,1.000000,0.03
surveillance,DP NCut (trivial),3,0,0,0,0006 0013 0022,196,3,0.770408,0.676341,0.489017,0.04
surveillance,DP NCut (trivial),3,0,0,0,0006 0013 0022,60,3,0.516667,0.651542,0.436386,0.00
surveillance,DP NCut (trivial),3,0,0,0,0006 0013 0022,200,3,0.960000,0.886047,0.885734,0.04
surveillance,DP NCut (trivial),3,0,0,0,0006 0013 0022,206,3,0.834951,0.729282,0.629273,0.04
surveillance,DP NCut (trivial),3,0,0,0,0006 0013 0022,119,3,1.000000,1.000000,1.000000,0.01
surveillance,DP NCut (trivial),3,0,0,0,0006 0013 0022,219,3,0.831050,0.717126,0.576067,0.04
surveillance,DP NCut (trivial),3,0,0,0,0006 0013 0022,168,3,1.000000,1.000000,1.000000,0.03
surveillance,DP NCut (trivial),3,0,0,0,0006 0013 0022,151,3,0.993377,0.967668,0.979490,0.02
surveillance,DP NCut (trivial),3,0,0,0,0006 0013 0022,218,3,0.752294,0.676356,0.506252,0.04
surveillance,DP NCut (trivial),3,0,0,0,0006 0013 0022,195,3,0.820513,0.715060,0.589092,0.03
surveillance,DP NCut (trivial),3,0,0,0,0006 0013 0022,112,3,0.651786,0.629383,0.399969,0.01
surveillance,DP NCut (trivial),3,0.25,0,0,0006 0013 0022,182,3,0.928571,0.821870,0.780462,0.03
surveillance,DP NCut (trivial),3,0.25,0,0,0006 0013 0022,147,3,0.993197,0.969330,0.980195,0.02
surveillance,DP NCut (trivial),3,0.25,0,0,0006 0013 0022,58,3,0.775862,0.593456,0.463105,0.00
surveillance,DP NCut (trivial),3,0.25,0,0,0006 0013 0022,180,3,0.927778,0.828539,0.794939,0.03
surveillance,DP NCut (trivial),3,0.25,0,0,0006 0013 0022,146,3,0.952055,0.838853,0.858032,0.02
surveillance,DP NCut (trivial),3,0.25,0,0,0006 0013 0022,113,3,1.000000,1.000000,1.000000,0.01
surveillance,DP NCut (trivial),3,0.25,0,0,0006 0013 0022,166,3,0.795181,0.722119,0.597432,0.03
surveillance,DP NCut (trivial),3,0.25,0,0,0006 0013 0022,147,3,0.891156,0.767731,0.679957,0.02
surveillance,DP NCut (trivial),3,0.25,0,0,0006 0013 0022,118,3,1.000000,1.000000,1.000000,0.01
surveillance,DP NCut (trivial),3,0.25,0,0,0006 0013 0022,166,3,0.897590,0.785338,0.713650,0.03
surveillance,DP NCut (trivial),3,0.25,0,0,0006 0013 0022,141,3,0.992908,0.967639,0.977949,0.02
surveillance,DP NCut (trivial),3,0.25,0,0,0006 0013 0022,90,3,0.988889,0.954964,0.966380,0.01
surveillance,DP NCut (trivial),3,0.25,0,0,0006 0013 0022,173,3,0.994220,0.973254,0.982635,0.03
surveillance,DP NCut (trivial),3,0.25,0,0,0006 0013 0022,196,3,0.770408,0.676341,0.489017,0.04
surveillance,DP NCut (trivial),3,0.25,0,0,0006 0013 0022,60,3,0.533333,0.652588,0.439144,0.00
surveillance,DP NCut (trivial),3,0.25,0,0,0006 0013 0022,200,3,0.960000,0.886047,0.885734,0.04
surveillance,DP NCut (trivial),3,0.25,0,0,0006 0013 0022,206,3,0.839806,0.732623,0.635865,0.04
surveillance,DP NCut (trivial),3,0.25,0,0,0006 0013 0022,119,3,0.638655,0.637562,0.422594,0.01
surveillance,DP NCut (trivial),3,0.25,0,0,0006 0013 0022,219,3,0.511416,0.453631,0.303439,0.04
surveillance,DP NCut (trivial),3,0.25,0,0,0006 0013 0022,168,3,0.994048,0.972771,0.982089,0.03
surveillance,DP NCut (trivial),3,0.25,0,0,0006 0013 0022,151,3,0.993377,0.967668,0.979490,0.02
surveillance,DP NCut (trivial),3,0.25,0,0,0006 0013 0022,218,3,0.752294,0.676356,0.506252,0.04
surveillance,DP NCut (trivial),3,0.25,0,0,0006 0013 0022,195,3,0.820513,0.715060,0.589092,0.03
surveillance,DP NCut (trivial),3,0.25,0,0,0006 0013 0022,112,3,0.651786,0.629383,0.399969,0.01
surveillance,DP NCut (trivial),3,0.5,0,0,0006 0013 0022,182,3,0.934066,0.830727,0.795605,0.03
surveillance,DP NCut (trivial),3,0.5,0,0,0006 0013 0022,147,3,1.000000,1.000000,1.000000,0.02
surveillance,DP NCut (trivial),3,0.5,0,0,0006 0013 0022,58,3,0.827586,0.725753,0.581783,0.00
surveillance,DP NCut (trivial),3,0.5,0,0,0006 0013 0022,180,3,0.927778,0.828539,0.794939,0.03
surveillance,DP NCut (trivial),3,0.5,0,0,0006 0013 0022,146,3,0.958904,0.857180,0.875572,0.02
surveillance,DP NCut (trivial),3,0.5,0,0,0006 0013 0022,113,3,0.991150,0.961347,0.970621,0.01
surveillance,DP NCut (trivial),3,0.5,0,0,0006 0013 0022,166,3,0.789157,0.694556,0.583579,0.03
surveillance,DP NCut (trivial),3,0.5,0,0,0006 0013 0022,147,3,0.884354,0.737336,0.663768,0.02
surveillance,DP NCut (trivial),3,0.5,0,0,0006 0013 0022,118,3,1.000000,1.000000,1.000000,0.01
surveillance,DP NCut (trivial),3,0.5,0,0,0006 0013 0022,166,3,0.903614,0.792713,0.727497,0.03
surveillance,DP NCut (trivial),3,0.5,0,0,0006 0013 0022,141,3,0.992908,0.967639,0.977949,0.02
surveillance,DP NCut (trivial),3,0.5,0,0,0006 0013 0022,90,3,0.966667,0.877639,0.895587,0.01
surveillance,DP NCut (trivial),3,0.5,0,0,0006 0013 0022,173,3,0.549133,0.648625,0.447608,0.03
surveillance,DP NCut (trivial),3,0.5,0,0,0006 0013 0022,196,3,0.770408,0.676341,0.489017,0.04
surveillance,DP NCut (trivial),3,0.5,0,0,0006 0013 0022,60,3,0.533333,0.652588,0.439144,0.00
surveillance,DP NCut (trivial),3,0.5,0,0,0006 0013 0022,200,3,0.960000,0.886047,0.885734,0.04
surveillance,DP NCut (trivial),3,0.5,0,0,0006 0013 0022,206,3,0.839806,0.732623,0.635865,0.04
surveillance,DP NCut (trivial),3,0.5,0,0,0006 0013 0022,119,3,0.638655,0.637562,0.422594,0.01
surveillance,DP NCut (trivial),3,0.5,0,0,0006 0013 0022,219,3,0.525114,0.450428,0.300888,0.04
surveillance,DP NCut (trivial),3,0.5,0,0,0006 0013 0022,168,3,0.940476,0.852101,0.836141,0.03
surveillance,DP NCut (trivial),3,0.5,0,0,0006 0013 0022,151,3,0.993377,0.967668,0.979490,0.02
surveillance,DP NCut (trivial),3,0.5,0,0,0006 0013 0022,218,3,0.752294,0.676356,0.506252,0.04
surveillance,DP NCut (trivial),3,0.5,0,0,0006 0013 0022,195,3,0.979487,0.927158,0.935120,0.03
surveillance,DP NCut (trivial),3,0.5,0,0,0006 0013 0022,112,3,0.651786,0.629383,0.399969,0.01
surveillance,DP NCut (trivial),5,0,0,0,0006 0013 0014 0022 0027,283,5,0.802120,0.868204,0.729313,0.10
surveillance,DP NCut (trivial),5,0,0,0,0006 0013 0014 0022 0027,231,5,0.952381,0.911390,0.882791,0.07
surveillance,DP NCut (trivial),5,0,0,0,0006 0013 0014 0022 0027,98,5,0.857143,0.815528,0.737204,0.01
surveillance,DP NCut (trivial),5,0,0,0,0006 0013 0014 0022 0027,291,5,0.848797,0.758340,0.672248,0.10
surveillance,DP NCut (trivial),5,0,0,0,0006 0013 0014 0022 0027,236,5,0.944915,0.894042,0.864431,0.07
surveillance,DP NCut (trivial),5,0,0,0,0006 0013 0014 0022 0027,173,5,1.000000,1.000000,1.000000,0.04
surveillance,DP NCut (trivial),5,0,0,0,0006 0013 0014 0022 0027,258,5,0.655039,0.760529,0.577752,0.08
surveillance,DP NCut (trivial),5,0,0,0,0006 0013 0014 0022 0027,232,5,0.909483,0.857754,0.777901,0.06
surveillance,DP NCut (trivial),5,0,0,0,0006 0013 0014 0022 0027,183,5,0.967213,0.936675,0.905208,0.04
surveillance,DP NCut (trivial),5,0,0,0,0006 0013 0014 0022 0027,274,5,0.821168,0.776410,0.654651,0.09
surveillance,DP NCut (trivial),5,0,0,0,0006 0013 0014 0022 0027,225,5,0.991111,0.977318,0.979917,0.06
surveillance,DP NCut (trivial),5,0,0,0,0006 0013 0014 0022 0027,132,5,0.977273,0.944744,0.941058,0.02
surveillance,DP NCut (trivial),5,0,0,0,0006 0013 0014 0022 0027,298,5,0.751678,0.864016,0.712851,0.11
surveillance,DP NCut (trivial),5,0,0,0,0006 0013 0014 0022 0027,296,5,0.864865,0.862788,0.739239,0.11
surveillance,DP NCut (trivial),5,0,0,0,0006 0013 0014 0022 0027,108,5,0.629630,0.738233,0.499453,0.01
surveillance,DP NCut (trivial),5,0,0,0,0006 0013 0014 0022 0027,337,5,0.744807,0.833616,0.693454,0.14
surveillance,DP NCut (trivial),5,0,0,0,0006 0013 0014 0022 0027,328,5,0.814024,0.766473,0.584530,0.13
surveillance,DP NCut (trivial),5,0,0,0,0006 0013 0014 0022 0027,191,5,0.837696,0.851088,0.679750,0.04
surveillance,DP NCut (trivial),5,0,0,0,0006 0013 0014 0022 0027,342,5,0.877193,0.846613,0.731225,0.16
surveillance,DP NCut (trivial),5,0,0,0,0006 0013 0014 0022 0027,276,5,0.985507,0.967218,0.964088,0.09
surveillance,DP NCut (trivial),5,0,0,0,0006 0013 0014 0022 0027,231,5,0.939394,0.905743,0.836611,0.07
surveillance,DP NCut (trivial),5,0,0,0,0006 0013 0014 0022 0027,345,5,0.773913,0.867948,0.726286,0.14
surveillance,DP NCut (trivial),5,0,0,0,0006 0013 0014 0022 0027,329,5,0.829787,0.787084,0.624121,0.13
surveillance,DP NCut (trivial),5,0,0,0,0006 0013 0014 0022 0027,196,5,0.846939,0.860947,0.708582,0.05
surveillance,DP NCut (trivial),5,0.25,0,0,0006 0013 0014 0022 0027,283,5,0.749117,0.809975,0.666389,0.10
surveillance,DP NCut (trivial),5,0.25,0,0,0006 0013 0014 0022 0027,231,5,0.956710,0.916305,0.892945,0.06
surveillance,DP NCut (trivial),5,0.25,0,0,0006 0013 0014 0022 0027,98,5,0.734694,0.744423,0.590426,0.01
surveillance,DP NCut (trivial),5,0.25,0,0,0006 0013 0014 0022 0027,291,5,0.738832,0.727582,0.603509,0.10
surveillance,DP NCut (trivial),5,0.25,0,0,0006 0013 0014 0022 0027,236,5,0.966102,0.918050,0.911814,0.07
surveillance,DP NCut (trivial),5,0.25,0,0,0006 0013 0014 0022 0027,173,5,0.959538,0.930742,0.897202,0.04
surveillance,DP NCut (trivial),5,0.25,0,0,0006 0013 0014 0022 0027,258,5,0.655039,0.760529,0.577752,0.08
surveillance,DP NCut (trivial),5,0.25,0,0,0006 0013 0014 0022 0027,232,5,0.922414,0.878070,0.806426,0.06
surveillance,DP NCut (trivial),5,0.25,0,0,0006 0013 0014 0022 0027,183,5,0.961749,0.929850,0.890680,0.04
surveillance,DP NCut (trivial),5,0.25,0,0,0006 0013 0014 0022 0027,274,5,0.890511,0.826476,0.758475,0.09
surveillance,DP NCut (trivial),5,0.25,0,0,0006 0013 0014 0022 0027,225,5,0.991111,0.977318,0.979917,0.06
surveillance,DP NCut (trivial),5,0.25,0,0,0006 0013 0014 0022 0027,132,5,0.992424,0.978971,0.978652,0.02
surveillance,DP NCut (trivial),5,0.25,0,0,0006 0013 0014 0022 0027,298,5,0.755034,0.864697,0.714738,0.11
surveillance,DP NCut (trivial),5,0.25,0,0,0006 0013 0014 0022 0027,296,5,0.864865,0.862788,0.739239,0.11
surveillance,DP NCut (trivial),5,0.25,0,0,0006 0013 0014 0022 0027,108,5,0.620370,0.726954,0.474743,0.01
surveillance,DP NCut (trivial),5,0.25,0,0,0006 0013 0014 0022 0027,337,5,0.744807,0.833616,0.693454,0.14
surveillance,DP NCut (trivial),5,0.25,0,0,0006 0013 0014 0022 0027,328,5,0.817073,0.768046,0.588248,0.13
surveillance,DP NCut (trivial),5,0.25,0,0,0006 0013 0014 0022 0027,191,5,0.848168,0.853385,0.688193,0.04
surveillance,DP NCut (trivial),5,0.25,0,0,0006 0013 0014 0022 0027,342,5,0.874269,0.845199,0.727195,0.14
surveillance,DP NCut (trivial),5,0.25,0,0,0006 0013 0014 0022 0027,276,5,0.978261,0.950213,0.946320,0.10
surveillance,DP NCut (trivial),5,0.25,0,0,0006 0013 0014 0022 0027,231,5,0.948052,0.914128,0.857585,0.06
surveillance,DP NCut (trivial),5,0.25,0,0,0006 0013 0014 0022 0027,345,5,0.773913,0.867948,0.726286,0.14
surveillance,DP NCut (trivial),5,0.25,0,0,0006 0013 0014 0022 0027,329,5,0.835866,0.793159,0.637691,0.13
surveillance,DP NCut (trivial),5,0.25,0,0,0006 0013 0014 0022 0027,196,5,0.846939,0.860947,0.708582,0.05
surveillance,DP NCut (trivial),5,0.5,0,0,0006 0013 0014 0022 0027,283,5,0.752650,0.811154,0.668674,0.10
surveillance,DP NCut (trivial),5,0.5,0,0,0006 0013 0014 0022 0027,231,5,0.787879,0.842796,0.700015,0.07
surveillance,DP NCut (trivial),5,0.5,0,0,0006 0013 0014 0022 0027,98,5,0.744898,0.775484,0.625954,0.01
surveillance,DP NCut (trivial),5,0.5,0,0,0006 0013 0014 0022 0027,291,5,0.752577,0.742861,0.621667,0.11
surveillance,DP NCut (trivial),5,0.5,0,0,0006 0013 0014 0022 0027,236,5,0.970339,0.925934,0.921693,0.07
surveillance,DP NCut (trivial),5,0.5,0,0,0006 0013 0014 0022 0027,173,5,0.716763,0.825042,0.673802,0.04
surveillance,DP NCut (trivial),5,0.5,0,0,0006 0013 0014 0022 0027,258,5,0.655039,0.751836,0.572140,0.09
surveillance,DP NCut (trivial),5,0.5,0,0,0006 0013 0014 0022 0027,232,5,0.784483,0.806488,0.629555,0.07
surveillance,DP NCut (trivial),5,0.5,0,0,0006 0013 0014 0022 0027,183,5,0.972678,0.944076,0.920115,0.04
surveillance,DP NCut (trivial),5,0.5,0,0,0006 0013 0014 0022 0027,274,5,0.886861,0.822578,0.753207,0.10
surveillance,DP NCut (trivial),5,0.5,0,0,0006 0013 0014 0022 0027,225,5,0.995556,0.986716,0.989827,0.06
surveillance,DP NCut (trivial),5,0.5,0,0,0006 0013 0014 0022 0027,132,5,0.787879,0.852148,0.725243,0.02
surveillance,DP NCut (trivial),5,0.5,0,0,0006 0013 0014 0022 0027,298,5,0.724832,0.860619,0.703130,0.11
surveillance,DP NCut (trivial),5,0.5,0,0,0006 0013 0014 0022 0027,296,5,0.861486,0.852292,0.732387,0.11
surveillance,DP NCut (trivial),5,0.5,0,0,0006 0013 0014 0022 0027,108,5,0.620370,0.726954,0.474743,0.02
surveillance,DP NCut (trivial),5,0.5,0,0,0006 0013 0014 0022 0027,337,5,0.735905,0.831966,0.689380,0.15
surveillance,DP NCut (trivial),5,0.5,0,0,0006 0013 0014 0022 0027,328,5,0.817073,0.768046,0.588248,0.14
surveillance,DP NCut (trivial),5,0.5,0,0,0006 0013 0014 0022 0027,191,5,0.848168,0.853385,0.688193,0.05
surveillance,DP NCut (trivial),5,0.5,0,0,0006 0013 0014 0022 0027,342,5,0.897661,0.861012,0.763729,0.15
surveillance,DP NCut (trivial),5,0.5,0,0,0006 0013 0014 0022 0027,276,5,0.952899,0.907910,0.888590,0.10
surveillance,DP NCut (trivial),5,0.5,0,0,0006 0013 0014 0022 0027,231,5,0.952381,0.918648,0.868394,0.07
surveillance,DP NCut (trivial),5,0.5,0,0,0006 0013 0014 0022 0027,345,5,0.820290,0.825873,0.694256,0.15
surveillance,DP NCut (trivial),5,0.5,0,0,0006 0013 0014 0022 0027,329,5,0.987842,0.970645,0.968360,0.14
surveillance,DP NCut (trivial),5,0.5,0,0,0006 0013 0014 0022 0027,196,5,0.632653,0.689409,0.423298,0.05
surveillance,DP NCut (trivial),8,0,0,0,0004 0006 0009 0013 0014 0022 0026 0027,413,8,0.736077,0.868842,0.685520,0.28
surveillance,DP NCut (trivial),8,0,0,0,0004 0006 0009 0013 0014 0022 0026 0027,335,8,0.961194,0.941109,0.907241,0.18
surveillance,DP NCut (trivial),8,0,0,0,0004 0006 0009 0013 0014 0022 0026 0027,148,8,0.810811,0.882027,0.764845,0.04
surveillance,DP NCut (trivial),8,0,0,0,0004 0006 0009 0013 0014 0022 0026 0027,432,8,0.768519,0.828075,0.651157,0.31
surveillance,DP NCut (trivial),8,0,0,0,0004 0006 0009 0013 0014 0022 0026 0027,346,8,0.826590,0.908493,0.827241,0.20
surveillance,DP NCut (trivial),8,0,0,0,0004 0006 0009 0013 0014 0022 0026 0027,259,8,0.992278,0.985417,0.980825,0.11
surveillance,DP NCut (trivial),8,0,0,0,0004 0006 0009 0013 0014 0022 0026 0027,385,8,0.623377,0.798907,0.602806,0.24
surveillance,DP NCut (trivial),8,0,0,0,0004 0006 0009 0013 0014 0022 0026 0027,331,8,0.740181,0.832497,0.625623,0.20
surveillance,DP NCut (trivial),8,0,0,0,0004 0006 0009 0013 0014 0022 0026 0027,256,8,0.968750,0.950341,0.914017,0.11
surveillance,DP NCut (trivial),8,0,0,0,0004 0006 0009 0013 0014 0022 0026 0027,418,8,0.669856,0.852845,0.668962,0.29
surveillance,DP NCut (trivial),8,0,0,0,0004 0006 0009 0013 0014 0022 0026 0027,341,8,0.988270,0.977150,0.975226,0.19
surveillance,DP NCut (trivial),8,0,0,0,0004 0006 0009 0013 0014 0022 0026 0027,214,8,0.831776,0.907753,0.795941,0.07
surveillance,DP NCut (trivial),8,0,0,0,0004 0006 0009 0013 0014 0022 0026 0027,447,8,0.921700,0.941596,0.863642,0.33
surveillance,DP NCut (trivial),8,0,0,0,0004 0006 0009 0013 0014 0022 0026 0027,424,8,0.908019,0.931681,0.822109,0.30
surveillance,DP NCut (trivial),8,0,0,0,0004 0006 0009 0013 0014 0022 0026 0027,168,8,0.845238,0.937464,0.827155,0.05
surveillance,DP NCut (trivial),8,0,0,0,0004 0006 0009 0013 0014 0022 0026 0027,511,8,0.990215,0.982753,0.976309,0.44
surveillance,DP NCut (trivial),8,0,0,0,0004 0006 0009 0013 0014 0022 0026 0027,471,8,0.942675,0.941911,0.859135,0.37
surveillance,DP NCut (trivial),8,0,0,0,0004 0006 0009 0013 0014 0022 0026 0027,275,8,0.778182,0.851071,0.688501,0.12
surveillance,DP NCut (trivial),8,0,0,0,0004 0006 0009 0013 0014 0022 0026 0027,517,8,0.940039,0.929289,0.867413,0.45
surveillance,DP NCut (trivial),8,0,0,0,0004 0006 0009 0013 0014 0022 0026 0027,430,8,0.823256,0.914674,0.805128,0.31
surveillance,DP NCut (trivial),8,0,0,0,0004 0006 0009 0013 0014 0022 0026 0027,348,8,0.818966,0.885143,0.772613,0.20
surveillance,DP NCut (trivial),8,0,0,0,0004 0006 0009 0013 0014 0022 0026 0027,506,8,0.845850,0.931564,0.813461,0.43
surveillance,DP NCut (trivial),8,0,0,0,0004 0006 0009 0013 0014 0022 0026 0027,472,8,0.783898,0.921038,0.762346,0.37
surveillance,DP NCut (trivial),8,0,0,0,0004 0006 0009 0013 0014 0022 0026 0027,274,8,0.890511,0.924357,0.785900,0.12
surveillance,DP NCut (trivial),8,0.25,0,0,0004 0006 0009 0013 0014 0022 0026 0027,413,8,0.736077,0.868842,0.685520,0.28
surveillance,DP NCut (trivial),8,0.25,0,0,0004 0006 0009 0013 0014 0022 0026 0027,335,8,0.859701,0.899792,0.806279,0.19
surveillance,DP NCut (trivial),8,0.25,0,0,0004 0006 0009 0013 0014 0022 0026 0027,148,8,0.804054,0.868783,0.751403,0.04
surveillance,DP NCut (trivial),8,0.25,0,0,0004 0006 0009 0013 0014 0022 0026 0027,432,8,0.777778,0.835514,0.662598,0.31
surveillance,DP NCut (trivial),8,0.25,0,0,0004 0006 0009 0013 0014 0022 0026 0027,346,8,0.817919,0.912763,0.828711,0.20
surveillance,DP NCut (trivial),8,0.25,0,0,0004 0006 0009 0013 0014 0022 0026 0027,259,8,0.965251,0.949751,0.913772,0.11
surveillance,DP NCut (trivial),8,0.25,0,0,0004 0006 0009 0013 0014 0022 0026 0027,385,8,0.628571,0.802228,0.608695,0.24
surveillance,DP NCut (trivial),8,0.25,0,0,0004 0006 0009 0013 0014 0022 0026 0027,331,8,0.758308,0.850824,0.657828,0.18
surveillance,DP NCut (trivial),8,0.25,0,0,0004 0006 0009 0013 0014 0022 0026 0027,256,8,0.957031,0.933201,0.891474,0.11
surveillance,DP NCut (trivial),8,0.25,0,0,0004 0006 0009 0013 0014 0022 0026 0027,418,8,0.669856,0.852845,0.668962,0.29
surveillance,DP NCut (trivial),8,0.25,0,0,0004 0006 0009 0013 0014 0022 0026 0027,341,8,0.982405,0.969765,0.963960,0.19
surveillance,DP NCut (trivial),8,0.25,0,0,0004 0006 0009 0013 0014 0022 0026 0027,214,8,0.859813,0.920921,0.817082,0.08
surveillance,DP NCut (trivial),8,0.25,0,0,0004 0006 0009 0013 0014 0022 0026 0027,447,8,0.923937,0.942153,0.865804,0.33
surveillance,DP NCut (trivial),8,0.25,0,0,0004 0006 0009 0013 0014 0022 0026 0027,424,8,0.745283,0.870419,0.691498,0.30
surveillance,DP NCut (trivial),8,0.25,0,0,0004 0006 0009 0013 0014 0022 0026 0027,168,8,0.845238,0.937464,0.827155,0.05
surveillance,DP NCut (trivial),8,0.25,0,0,0004 0006 0009 0013 0014 0022 0026 0027,511,8,0.990215,0.982753,0.976309,0.44
surveillance,DP NCut (trivial),8,0.25,0,0,0004 0006 0009 0013 0014 0022 0026 0027,471,8,0.940552,0.936781,0.855381,0.37
surveillance,DP NCut (trivial),8,0.25,0,0,0004 0006 0009 0013 0014 0022 0026 0027,275,8,0.785455,0.852288,0.693728,0.12
surveillance,DP NCut (trivial),8,0.25,0,0,0004 0006 0009 0013 0014 0022 0026 0027,517,8,0.940039,0.932446,0.867523,0.44
surveillance,DP NCut (trivial),8,0.25,0,0,0004 0006 0009 0013 0014 0022 0026 0027,430,8,0.988372,0.980886,0.973211,0.31
surveillance,DP NCut (trivial),8,0.25,0,0,0004 0006 0009 0013 0014 0022 0026 0027,348,8,0.962644,0.947740,0.904125,0.20
surveillance,DP NCut (trivial),8,0.25,0,0,0004 0006 0009 0013 0014 0022 0026 0027,506,8,0.845850,0.931564,0.813461,0.42
surveillance,DP NCut (trivial),8,0.25,0,0,0004 0006 0009 0013 0014 0022 0026 0027,472,8,0.783898,0.921038,0.762346,0.37
surveillance,DP NCut (trivial),8,0.25,0,0,0004 0006 0009 0013 0014 0022 0026 0027,274,8,0.890511,0.924357,0.785900,0.12
surveillance,DP NCut (trivial),8,0.5,0,0,0004 0006 0009 0013 0014 0022 0026 0027,413,8,0.726392,0.841542,0.689455,0.27
surveillance,DP NCut (trivial),8,0.5,0,0,0004 0006 0009 0013 0014 0022 0026 0027,335,8,0.755224,0.866230,0.695395,0.18
surveillance,DP NCut (trivial),8,0.5,0,0,0004 0006 0009 0013 0014 0022 0026 0027,148,8,0.763514,0.850339,0.723105,0.03
surveillance,DP NCut (trivial),8,0.5,0,0,0004 0006 0009 0013 0014 0022 0026 0027,432,8,0.747685,0.807108,0.613829,0.30
surveillance,DP NCut (trivial),8,0.5,0,0,0004 0006 0009 0013 0014 0022 0026 0027,346,8,0.815029,0.902444,0.816708,0.19
surveillance,DP NCut (trivial),8,0.5,0,0,0004 0006 0009 0013 0014 0022 0026 0027,259,8,0.810811,0.911297,0.776693,0.11
surveillance,DP NCut (trivial),8,0.5,0,0,0004 0006 0009 0013 0014 0022 0026 0027,385,8,0.579221,0.760896,0.548900,0.24
surveillance,DP NCut (trivial),8,0.5,0,0,0004 0006 0009 0013 0014 0022 0026 0027,331,8,0.818731,0.858746,0.685965,0.17
surveillance,DP NCut (trivial),8,0.5,0,0,0004 0006 0009 0013 0014 0022 0026 0027,256,8,0.964844,0.941091,0.912879,0.10
surveillance,DP NCut (trivial),8,0.5,0,0,0004 0006 0009 0013 0014 0022 0026 0027,418,8,0.662679,0.825642,0.648344,0.28
surveillance,DP NCut (trivial),8,0.5,0,0,0004 0006 0009 0013 0014 0022 0026 0027,341,8,0.976540,0.966109,0.954598,0.19
surveillance,DP NCut (trivial),8,0.5,0,0,0004 0006 0009 0013 0014 0022 0026 0027,214,8,0.831776,0.887785,0.772362,0.07
surveillance,DP NCut (trivial),8,0.5,0,0,0004 0006 0009 0013 0014 0022 0026 0027,447,8,0.923937,0.942153,0.865804,0.32
surveillance,DP NCut (trivial),8,0.5,0,0,0004 0006 0009 0013 0014 0022 0026 0027,424,8,0.747642,0.870483,0.691728,0.29
surveillance,DP NCut (trivial),8,0.5,0,0,0004 0006 0009 0013 0014 0022 0026 0027,168,8,0.845238,0.937464,0.827155,0.04
surveillance,DP NCut (trivial),8,0.5,0,0,0004 0006 0009 0013 0014 0022 0026 0027,511,8,0.902153,0.938981,0.849593,0.43
surveillance,DP NCut (trivial),8,0.5,0,0,0004 0006 0009 0013 0014 0022 0026 0027,471,8,0.936306,0.929967,0.848140,0.36
surveillance,DP NCut (trivial),8,0.5,0,0,0004 0006 0009 0013 0014 0022 0026 0027,275,8,0.785455,0.852288,0.693728,0.12
surveillance,DP NCut (trivial),8,0.5,0,0,0004 0006 0009 0013 0014 0022 0026 0027,517,8,0.779497,0.899254,0.776775,0.43
surveillance,DP NCut (trivial),8,0.5,0,0,0004 0006 0009 0013 0014 0022 0026 0027,430,8,0.983721,0.966030,0.962309,0.30
surveillance,DP NCut (trivial),8,0.5,0,0,0004 0006 0009 0013 0014 0022 0026 0027,348,8,0.965517,0.952283,0.909161,0.19
surveillance,DP NCut (trivial),8,0.5,0,0,0004 0006 0009 0013 0014 0022 0026 0027,506,8,0.845850,0.931564,0.813461,0.41
surveillance,DP NCut (trivial),8,0.5,0,0,0004 0006 0009 0013 0014 0022 0026 0027,472,8,0.997881,0.994807,0.995414,0.36
surveillance,DP NCut (trivial),8,0.5,0,0,0004 0006 0009 0013 0014 0022 0026 0027,274,8,0.886861,0.916427,0.780402,0.12
ballet,SSC-Block-TV-Col21,3,0,0,0,dancer1,246,3,0.841463,0.641123,0.573270,0.48
ballet,SSC-Block-TV-Col21,3,0,0,1,dancer1,235,3,0.710638,0.493535,0.316823,0.46
ballet,SSC-Block-TV-Col21,3,0,0,2,dancer1,240,3,0.758333,0.543189,0.407043,0.45
ballet,SSC-Block-TV-Col21,3,0,0,3,dancer1,230,3,0.852174,0.658215,0.588995,0.43
ballet,SSC-Block-TV-Col21,3,0,0,4,dancer1,229,3,0.847162,0.750172,0.652454,0.43
ballet,SSC-Block-TV-Col21,3,0,0,5,dancer1,235,3,0.680851,0.639151,0.439801,0.46
ballet,SSC-Block-TV-Col21,3,0,0,6,dancer1,220,3,0.950000,0.868167,0.860931,0.39
ballet,SSC-Block-TV-Col21,3,0,0,7,dancer1,237,3,0.949367,0.869267,0.874148,0.46
ballet,SSC-Block-TV-Col21,3,0,0,8,dancer1,242,3,0.719008,0.665958,0.479019,0.47
ballet,SSC-Block-TV-Col21,3,0,0,9,dancer1,225,3,0.826667,0.730993,0.607213,0.42
ballet,SSC-Block-TV-Col21,3,0,0,10,dancer1,258,3,0.678295,0.512158,0.349095,0.51
ballet,SSC-Block-TV-Col21,3,0,0,11,dancer1,287,3,0.923345,0.826759,0.795643,0.65
ballet,SSC-Block-TV-Col21,3,0,1,0,dancer2,252,3,0.944444,0.859816,0.860765,0.41
ballet,SSC-Block-TV-Col21,3,0,1,1,dancer2,187,3,0.711230,0.480571,0.301903,0.25
ballet,SSC-Block-TV-Col21,3,0,1,2,dancer2,258,3,1.000000,1.000000,1.000000,0.44
ballet,SSC-Block-TV-Col21,3,0,1,3,dancer2,256,3,0.882812,0.694028,0.656420,0.52
ballet,SSC-Block-TV-Col21,3,0,1,4,dancer2,238,3,0.987395,0.950898,0.962541,0.39
ballet,SSC-Block-TV-Col21,3,0,1,5,dancer2,246,3,0.906504,0.802523,0.748550,0.40
ballet,SSC-Block-TV-Col21,3,0,1,6,dancer2,228,3,0.929825,0.835320,0.810765,0.35
ballet,SSC-Block-TV-Col21,3,0,1,7,dancer2,244,3,0.938525,0.845929,0.825066,0.40
ballet,SSC-Block-TV-Col21,3,0,1,8,dancer2,206,3,0.936893,0.847286,0.834321,0.30
ballet,SSC-Block-TV-Col21,3,0,1,9,dancer2,179,3,0.905028,0.797966,0.749054,0.24
ballet,SSC-Block-TV-Col21,3,0,1,10,dancer2,223,3,0.964126,0.887271,0.883970,0.35
ballet,SSC-Block-TV-Col21,3,0,1,11,dancer2,214,3,0.635514,0.660763,0.505785,0.32
ballet,SSC-Block-TV-Col21,3,0,2,0,dancer3,219,3,0.753425,0.526909,0.379374,0.40
ballet,SSC-Block-TV-Col21,3,0,2,1,dancer3,254,3,0.807087,0.574577,0.474959,0.48
ballet,SSC-Block-TV-Col21,3,0,2,2,dancer3,200,3,1.000000,1.000000,1.000000,0.30
ballet,SSC-Block-TV-Col21,3,0,2,3,dancer3,244,3,0.864754,0.764942,0.682882,0.45
ballet,SSC-Block-TV-Col21,3,0,2,4,dancer3,207,3,0.990338,0.960638,0.977722,0.34
ballet,SSC-Block-TV-Col21,3,0,2,5,dancer3,233,3,0.948498,0.869936,0.879006,0.43
ballet,SSC-Block-TV-Col21,3,0,2,6,dancer3,259,3,0.934363,0.845587,0.834020,0.55
ballet,SSC-Block-TV-Col21,3,0,2,7,dancer3,219,3,0.853881,0.751001,0.648315,0.38
ballet,SSC-Block-TV-Col21,3,0,2,8,dancer3,215,3,0.753488,0.550649,0.412077,0.39
ballet,SSC-Block-TV-Col21,3,0,2,9,dancer3,223,3,0.825112,0.641121,0.552367,0.42
ballet,SSC-Block-TV-Col21,3,0,2,10,dancer3,201,3,0.875622,0.765922,0.676882,0.34
ballet,SSC-Block-TV-Col21,3,0,2,11,dancer3,237,3,0.894515,0.787081,0.734527,0.45
ballet,SSC-Block-TV-Col21,3,0,3,0,dancer4,269,3,0.910781,0.797486,0.778771,0.53
ballet,SSC-Block-TV-Col21,3,0,3,1,dancer4,224,3,0.785714,0.596773,0.501132,0.39
ballet,SSC-Block-TV-Col21,3,0,3,2,dancer4,212,3,0.801887,0.588228,0.490860,0.35
ballet,SSC-Block-TV-Col21,3,0,3,3,dancer4,205,3,0.936585,0.837369,0.809613,0.33
ballet,SSC-Block-TV-Col21,3,0,3,4,dancer4,283,3,0.643110,0.513234,0.373203,0.60
ballet,SSC-Block-TV-Col21,3,0,3,5,dancer4,232,3,0.896552,0.794942,0.744524,0.40
ballet,SSC-Block-TV-Col21,3,0,3,6,dancer4,195,3,1.000000,1.000000,1.000000,0.30
ballet,SSC-Block-TV-Col21,3,0,3,7,dancer4,205,3,0.873171,0.756315,0.660687,0.34
ballet,SSC-Block-TV-Col21,3,0,3,8,dancer4,256,3,0.750000,0.528767,0.382172,0.62
ballet,SSC-Block-TV-Col21,3,0,3,9,dancer4,197,3,0.903553,0.798330,0.739706,0.30
ballet,SSC-Block-TV-Col21,3,0,3,10,dancer4,226,3,0.973451,0.916297,0.935206,0.39
ballet,SSC-Block-TV-Col21,3,0,3,11,dancer4,226,3,0.783186,0.641017,0.554706,0.41
ballet,SSC-Block-TV-Col21,3,0,4,0,dancer5,266,3,1.000000,1.000000,1.000000,0.48
ballet,SSC-Block-TV-Col21,3,0,4,1,dancer5,238,3,0.949580,0.865822,0.855452,0.39
ballet,SSC-Block-TV-Col21,3,0,4,2,dancer5,263,3,1.000000,1.000000,1.000000,0.48
ballet,SSC-Block-TV-Col21,3,0,4,3,dancer5,239,3,0.970711,0.910249,0.924064,0.40
ballet,SSC-Block-TV-Col21,3,0,4,4,dancer5,231,3,1.000000,1.000000,1.000000,0.37
ballet,SSC-Block-TV-Col21,3,0,4,5,dancer5,250,3,1.000000,1.000000,1.000000,0.42
ballet,SSC-Block-TV-Col21,3,0,4,6,dancer5,186,3,1.000000,1.000000,1.000000,0.25
ballet,SSC-Block-TV-Col21,3,0,4,7,dancer5,207,3,0.874396,0.699175,0.671927,0.30
ballet,SSC-Block-TV-Col21,3,0,4,8,dancer5,223,3,1.000000,1.000000,1.000000,0.34
ballet,SSC-Block-TV-Col21,3,0,4,9,dancer5,214,3,1.000000,1.000000,1.000000,0.31
ballet,SSC-Block-TV-Col21,3,0,4,10,dancer5,225,3,1.000000,1.000000,1.000000,0.35
ballet,SSC-Block-TV-Col21,3,0,4,11,dancer5,197,3,0.939086,0.848271,0.833508,0.28
ballet,SSC-Block-TV-Col21,3,0,5,0,dancer6,193,3,0.943005,0.817894,0.830546,0.31
ballet,SSC-Block-TV-Col21,3,0,5,1,dancer6,238,3,0.794118,0.621928,0.532262,0.42
ballet,SSC-Block-TV-Col21,3,0,5,2,dancer6,227,3,0.951542,0.873636,0.877050,0.40
ballet,SSC-Block-TV-Col21,3,0,5,3,dancer6,234,3,0.957265,0.879467,0.877240,0.42
ballet,SSC-Block-TV-Col21,3,0,5,4,dancer6,237,3,0.966245,0.896537,0.897172,0.42
ballet,SSC-Block-TV-Col21,3,0,5,5,dancer6,240,3,0.854167,0.662754,0.609316,0.42
ballet,SSC-Block-TV-Col21,3,0,5,6,dancer6,236,3,1.000000,1.000000,1.000000,0.41
ballet,SSC-Block-TV-Col21,3,0,5,7,dancer6,239,3,0.895397,0.800674,0.766675,0.44
ballet,SSC-Block-TV-Col21,3,0,5,8,dancer6,240,3,0.800000,0.654088,0.554530,0.41
ballet,SSC-Block-TV-Col21,3,0,5,9,dancer6,219,3,0.972603,0.914487,0.929177,0.35
ballet,SSC-Block-TV-Col21,3,0,5,10,dancer6,179,3,0.916201,0.817458,0.781713,0.24
ballet,SSC-Block-TV-Col21,3,0,5,11,dancer6,241,3,0.933610,0.799805,0.809939,0.39
ballet,SSC-Block-TV-Col21,3,0,6,0,dancer7,246,3,0.914634,0.813250,0.768495,0.45
ballet,SSC-Block-TV-Col21,3,0,6,1,dancer7,201,3,0.945274,0.852894,0.834227,0.34
ballet,SSC-Block-TV-Col21,3,0,6,2,dancer7,192,3,1.000000,1.000000,1.000000,0.31
ballet,SSC-Block-TV-Col21,3,0,6,3,dancer7,259,3,0.849421,0.681126,0.619402,0.50
ballet,SSC-Block-TV-Col21,3,0,6,4,dancer7,242,3,0.913223,0.798573,0.771555,0.45
ballet,SSC-Block-TV-Col21,3,0,6,5,dancer7,213,3,0.859155,0.759925,0.671511,0.38
ballet,SSC-Block-TV-Col21,3,0,6,6,dancer7,186,3,1.000000,1.000000,1.000000,0.30
ballet,SSC-Block-TV-Col21,3,0,6,7,dancer7,243,3,0.917695,0.826562,0.812698,0.44
ballet,SSC-Block-TV-Col21,3,0,6,8,dancer7,242,3,1.000000,1.000000,1.000000,0.41
ballet,SSC-Block-TV-Col21,3,0,6,9,dancer7,247,3,1.000000,1.000000,1.000000,0.43
ballet,SSC-Block-TV-Col21,3,0,6,10,dancer7,232,3,0.974138,0.917793,0.935844,0.36
ballet,SSC-Block-TV-Col21,3,0,6,11,dancer7,234,3,1.000000,1.000000,1.000000,0.38
ballet,SSC-Block-TV-Col21,3,0.25,0,0,dancer1,246,3,0.808943,0.595315,0.496252,0.47
ballet,SSC-Block-TV-Col21,3,0.25,0,1,dancer1,235,3,0.795745,0.614862,0.496522,0.42
ballet,SSC-Block-TV-Col21,3,0.25,0,2,dancer1,240,3,0.883333,0.719802,0.697171,0.41
ballet,SSC-Block-TV-Col21,3,0.25,0,3,dancer1,230,3,0.856522,0.663742,0.598907,0.42
ballet,SSC-Block-TV-Col21,3,0.25,0,4,dancer1,229,3,0.877729,0.775680,0.704552,0.42
ballet,SSC-Block-TV-Col21,3,0.25,0,5,dancer1,235,3,0.974468,0.911279,0.915400,0.43
ballet,SSC-Block-TV-Col21,3,0.25,0,6,dancer1,220,3,0.950000,0.868167,0.860931,0.35
ballet,SSC-Block-TV-Col21,3,0.25,0,7,dancer1,237,3,0.949367,0.869267,0.874148,0.45
ballet,SSC-Block-TV-Col21,3,0.25,0,8,dancer1,242,3,1.000000,1.000000,1.000000,0.46
ballet,SSC-Block-TV-Col21,3,0.25,0,9,dancer1,225,3,0.893333,0.788345,0.722907,0.38
ballet,SSC-Block-TV-Col21,3,0.25,0,10,dancer1,258,3,0.740310,0.568824,0.426389,0.50
ballet,SSC-Block-TV-Col21,3,0.25,0,11,dancer1,287,3,0.972125,0.911463,0.919211,0.65
ballet,SSC-Block-TV-Col21,3,0.25,1,0,dancer2,252,3,0.936508,0.847587,0.843531,0.49
ballet,SSC-Block-TV-Col21,3,0.25,1,1,dancer2,187,3,0.807487,0.626559,0.530802,0.32
ballet,SSC-Block-TV-Col21,3,0.25,1,2,dancer2,258,3,0.972868,0.912197,0.918154,0.52
ballet,SSC-Block-TV-Col21,3,0.25,1,3,dancer2,256,3,0.851562,0.649144,0.576802,0.59
ballet,SSC-Block-TV-Col21,3,0.25,1,4,dancer2,238,3,0.911765,0.811305,0.772316,0.45
ballet,SSC-Block-TV-Col21,3,0.25,1,5,dancer2,246,3,0.906504,0.802523,0.748550,0.48
ballet,SSC-Block-TV-Col21,3,0.25,1,6,dancer2,228,3,0.929825,0.835320,0.810765,0.40
ballet,SSC-Block-TV-Col21,3,0.25,1,7,dancer2,244,3,0.942623,0.839596,0.834716,0.45
ballet,SSC-Block-TV-Col21,3,0.25,1,8,dancer2,206,3,0.985437,0.945381,0.958164,0.36
ballet,SSC-Block-TV-Col21,3,0.25,1,9,dancer2,179,3,0.910615,0.804942,0.761074,0.30
ballet,SSC-Block-TV-Col21,3,0.25,1,10,dancer2,223,3,0.959641,0.877570,0.870352,0.41
ballet,SSC-Block-TV-Col21,3,0.25,1,11,dancer2,214,3,0.915888,0.819007,0.790241,0.37
ballet,SSC-Block-TV-Col21,3,0.25,2,0,dancer3,219,3,0.744292,0.516222,0.361454,0.36
ballet,SSC-Block-TV-Col21,3,0.25,2,1,dancer3,254,3,0.803150,0.568345,0.465634,0.45
ballet,SSC-Block-TV-Col21,3,0.25,2,2,dancer3,200,3,0.995000,0.976118,0.984487,0.28
ballet,SSC-Block-TV-Col21,3,0.25,2,3,dancer3,244,3,0.864754,0.764942,0.682882,0.41
ballet,SSC-Block-TV-Col21,3,0.25,2,4,dancer3,207,3,1.000000,1.000000,1.000000,0.32
ballet,SSC-Block-TV-Col21,3,0.25,2,5,dancer3,233,3,0.952790,0.877009,0.888129,0.39
ballet,SSC-Block-TV-Col21,3,0.25,2,6,dancer3,259,3,0.934363,0.845587,0.834020,0.47
ballet,SSC-Block-TV-Col21,3,0.25,2,7,dancer3,219,3,0.872146,0.766931,0.680703,0.36
ballet,SSC-Block-TV-Col21,3,0.25,2,8,dancer3,215,3,0.762791,0.566665,0.436812,0.33
ballet,SSC-Block-TV-Col21,3,0.25,2,9,dancer3,223,3,0.838565,0.678140,0.593376,0.36
ballet,SSC-Block-TV-Col21,3,0.25,2,10,dancer3,201,3,0.865672,0.756496,0.657315,0.30
ballet,SSC-Block-TV-Col21,3,0.25,2,11,dancer3,237,3,0.911392,0.807054,0.768783,0.41
ballet,SSC-Block-TV-Col21,3,0.25,3,0,dancer4,269,3,0.910781,0.797486,0.778771,0.58
ballet,SSC-Block-TV-Col21,3,0.25,3,1,dancer4,224,3,0.821429,0.637001,0.560779,0.41
ballet,SSC-Block-TV-Col21,3,0.25,3,2,dancer4,212,3,0.787736,0.567699,0.454866,0.37
ballet,SSC-Block-TV-Col21,3,0.25,3,3,dancer4,205,3,0.936585,0.837369,0.809613,0.38
ballet,SSC-Block-TV-Col21,3,0.25,3,4,dancer4,283,3,0.685512,0.531670,0.401158,0.61
ballet,SSC-Block-TV-Col21,3,0.25,3,5,dancer4,232,3,0.896552,0.794942,0.744524,0.40
ballet,SSC-Block-TV-Col21,3,0.25,3,6,dancer4,195,3,0.969231,0.904986,0.911557,0.35
ballet,SSC-Block-TV-Col21,3,0.25,3,7,dancer4,205,3,0.580488,0.641771,0.441322,0.37
ballet,SSC-Block-TV-Col21,3,0.25,3,8,dancer4,256,3,0.824219,0.647729,0.609976,0.60
ballet,SSC-Block-TV-Col21,3,0.25,3,9,dancer4,197,3,0.883249,0.775855,0.696554,0.35
ballet,SSC-Block-TV-Col21,3,0.25,3,10,dancer4,226,3,0.889381,0.797971,0.770307,0.42
ballet,SSC-Block-TV-Col21,3,0.25,3,11,dancer4,226,3,0.765487,0.631736,0.536265,0.41
ballet,SSC-Block-TV-Col21,3,0.25,4,0,dancer5,266,3,0.996241,0.981232,0.989210,0.54
ballet,SSC-Block-TV-Col21,3,0.25,4,1,dancer5,238,3,0.949580,0.865822,0.855452,0.45
ballet,SSC-Block-TV-Col21,3,0.25,4,2,dancer5,263,3,1.000000,1.000000,1.000000,0.53
ballet,SSC-Block-TV-Col21,3,0.25,4,3,dancer5,239,3,0.962343,0.893294,0.903769,0.46
ballet,SSC-Block-TV-Col21,3,0.25,4,4,dancer5,231,3,1.000000,1.000000,1.000000,0.43
ballet,SSC-Block-TV-Col21,3,0.25,4,5,dancer5,250,3,0.996000,0.979442,0.986593,0.49
ballet,SSC-Block-TV-Col21,3,0.25,4,6,dancer5,186,3,0.994624,0.973758,0.982886,0.29
ballet,SSC-Block-TV-Col21,3,0.25,4,7,dancer5,207,3,0.874396,0.699175,0.671927,0.35
ballet,SSC-Block-TV-Col21,3,0.25,4,8,dancer5,223,3,0.995516,0.977906,0.985943,0.39
ballet,SSC-Block-TV-Col21,3,0.25,4,9,dancer5,214,3,1.000000,1.000000,1.000000,0.33
ballet,SSC-Block-TV-Col21,3,0.25,4,10,dancer5,225,3,1.000000,1.000000,1.000000,0.37
ballet,SSC-Block-TV-Col21,3,0.25,4,11,dancer5,197,3,0.939086,0.848271,0.833508,0.30
ballet,SSC-Block-TV-Col21,3,0.25,5,0,dancer6,193,3,0.943005,0.817894,0.830546,0.32
ballet,SSC-Block-TV-Col21,3,0.25,5,1,dancer6,238,3,0.794118,0.621928,0.532262,0.43
ballet,SSC-Block-TV-Col21,3,0.25,5,2,dancer6,227,3,0.960352,0.889343,0.897816,0.40
ballet,SSC-Block-TV-Col21,3,0.25,5,3,dancer6,234,3,0.952991,0.871469,0.866007,0.41
ballet,SSC-Block-TV-Col21,3,0.25,5,4,dancer6,237,3,0.966245,0.896537,0.897172,0.43
ballet,SSC-Block-TV-Col21,3,0.25,5,5,dancer6,240,3,0.879167,0.700996,0.671066,0.42
ballet,SSC-Block-TV-Col21,3,0.25,5,6,dancer6,236,3,0.957627,0.883137,0.885524,0.40
ballet,SSC-Block-TV-Col21,3,0.25,5,7,dancer6,239,3,0.899582,0.804914,0.774121,0.44
ballet,SSC-Block-TV-Col21,3,0.25,5,8,dancer6,240,3,0.800000,0.654088,0.554530,0.41
ballet,SSC-Block-TV-Col21,3,0.25,5,9,dancer6,219,3,0.981735,0.936182,0.952047,0.38
ballet,SSC-Block-TV-Col21,3,0.25,5,10,dancer6,179,3,0.921788,0.824783,0.793973,0.28
ballet,SSC-Block-TV-Col21,3,0.25,5,11,dancer6,241,3,0.937759,0.810988,0.821939,0.44
ballet,SSC-Block-TV-Col21,3,0.25,6,0,dancer7,246,3,0.914634,0.813250,0.768495,0.49
ballet,SSC-Block-TV-Col21,3,0.25,6,1,dancer7,201,3,0.975124,0.915402,0.920538,0.36
ballet,SSC-Block-TV-Col21,3,0.25,6,2,dancer7,192,3,1.000000,1.000000,1.000000,0.32
ballet,SSC-Block-TV-Col21,3,0.25,6,3,dancer7,259,3,0.864865,0.697541,0.649769,0.53
ballet,SSC-Block-TV-Col21,3,0.25,6,4,dancer7,242,3,0.896694,0.751177,0.722258,0.48
ballet,SSC-Block-TV-Col21,3,0.25,6,5,dancer7,213,3,0.901408,0.800531,0.749689,0.38
ballet,SSC-Block-TV-Col21,3,0.25,6,6,dancer7,186,3,0.994624,0.974811,0.983929,0.32
ballet,SSC-Block-TV-Col21,3,0.25,6,7,dancer7,243,3,0.884774,0.784083,0.721475,0.48
ballet,SSC-Block-TV-Col21,3,0.25,6,8,dancer7,242,3,1.000000,1.000000,1.000000,0.48
ballet,SSC-Block-TV-Col21,3,0.25,6,9,dancer7,247,3,0.991903,0.963217,0.972577,0.51
ballet,SSC-Block-TV-Col21,3,0.25,6,10,dancer7,232,3,0.974138,0.917793,0.935844,0.40
ballet,SSC-Block-TV-Col21,3,0.25,6,11,dancer7,234,3,1.000000,1.000000,1.000000,0.43
ballet,SSC-Block-TV-Col21,3,0.5,0,0,dancer1,246,3,0.796748,0.579269,0.469087,0.46
ballet,SSC-Block-TV-Col21,3,0.5,0,1,dancer1,235,3,0.791489,0.605584,0.484435,0.43
ballet,SSC-Block-TV-Col21,3,0.5,0,2,dancer1,240,3,0.883333,0.719802,0.697171,0.43
ballet,SSC-Block-TV-Col21,3,0.5,0,3,dancer1,230,3,0.856522,0.663742,0.598907,0.42
ballet,SSC-Block-TV-Col21,3,0.5,0,4,dancer1,229,3,0.877729,0.775680,0.704552,0.42
ballet,SSC-Block-TV-Col21,3,0.5,0,5,dancer1,235,3,0.974468,0.911279,0.915400,0.43
ballet,SSC-Block-TV-Col21,3,0.5,0,6,dancer1,220,3,0.950000,0.868167,0.860931,0.37
ballet,SSC-Block-TV-Col21,3,0.5,0,7,dancer1,237,3,0.966245,0.900322,0.913198,0.43
ballet,SSC-Block-TV-Col21,3,0.5,0,8,dancer1,242,3,1.000000,1.000000,1.000000,0.44
ballet,SSC-Block-TV-Col21,3,0.5,0,9,dancer1,225,3,0.888889,0.766381,0.709185,0.40
ballet,SSC-Block-TV-Col21,3,0.5,0,10,dancer1,258,3,0.775194,0.597375,0.472509,0.51
ballet,SSC-Block-TV-Col21,3,0.5,0,11,dancer1,287,3,0.885017,0.781544,0.718160,0.62
ballet,SSC-Block-TV-Col21,3,0.5,1,0,dancer2,252,3,0.936508,0.847587,0.843531,0.43
ballet,SSC-Block-TV-Col21,3,0.5,1,1,dancer2,187,3,0.657754,0.558112,0.430362,0.27
ballet,SSC-Block-TV-Col21,3,0.5,1,2,dancer2,258,3,0.984496,0.941922,0.952409,0.46
ballet,SSC-Block-TV-Col21,3,0.5,1,3,dancer2,256,3,0.851562,0.649144,0.576802,0.54
ballet,SSC-Block-TV-Col21,3,0.5,1,4,dancer2,238,3,0.911765,0.811305,0.772316,0.40
ballet,SSC-Block-TV-Col21,3,0.5,1,5,dancer2,246,3,0.906504,0.802523,0.748550,0.41
ballet,SSC-Block-TV-Col21,3,0.5,1,6,dancer2,228,3,0.916667,0.817305,0.781010,0.36
ballet,SSC-Block-TV-Col21,3,0.5,1,7,dancer2,244,3,0.942623,0.839596,0.834716,0.39
ballet,SSC-Block-TV-Col21,3,0.5,1,8,dancer2,206,3,0.932039,0.823976,0.820329,0.31
ballet,SSC-Block-TV-Col21,3,0.5,1,9,dancer2,179,3,0.854749,0.747240,0.656731,0.25
ballet,SSC-Block-TV-Col21,3,0.5,1,10,dancer2,223,3,0.959641,0.877570,0.870352,0.36
ballet,SSC-Block-TV-Col21,3,0.5,1,11,dancer2,214,3,0.827103,0.740816,0.641587,0.33
ballet,SSC-Block-TV-Col21,3,0.5,2,0,dancer3,219,3,0.698630,0.470053,0.285745,0.44
ballet,SSC-Block-TV-Col21,3,0.5,2,1,dancer3,254,3,0.791339,0.551982,0.440117,0.56
ballet,SSC-Block-TV-Col21,3,0.5,2,2,dancer3,200,3,0.980000,0.919659,0.939225,0.36
ballet,SSC-Block-TV-Col21,3,0.5,2,3,dancer3,244,3,0.864754,0.764942,0.682882,0.49
ballet,SSC-Block-TV-Col21,3,0.5,2,4,dancer3,207,3,0.903382,0.815168,0.815076,0.41
ballet,SSC-Block-TV-Col21,3,0.5,2,5,dancer3,233,3,0.952790,0.877009,0.888129,0.49
ballet,SSC-Block-TV-Col21,3,0.5,2,6,dancer3,259,3,0.926641,0.834781,0.817352,0.58
ballet,SSC-Block-TV-Col21,3,0.5,2,7,dancer3,219,3,0.849315,0.747336,0.640772,0.41
ballet,SSC-Block-TV-Col21,3,0.5,2,8,dancer3,215,3,0.813953,0.711466,0.611305,0.42
ballet,SSC-Block-TV-Col21,3,0.5,2,9,dancer3,223,3,0.838565,0.678140,0.593376,0.46
ballet,SSC-Block-TV-Col21,3,0.5,2,10,dancer3,201,3,0.885572,0.776032,0.697450,0.39
ballet,SSC-Block-TV-Col21,3,0.5,2,11,dancer3,237,3,0.902954,0.770298,0.745300,0.51
ballet,SSC-Block-TV-Col21,3,0.5,3,0,dancer4,269,3,0.907063,0.792955,0.771458,0.57
ballet,SSC-Block-TV-Col21,3,0.5,3,1,dancer4,224,3,0.799107,0.617605,0.526424,0.40
ballet,SSC-Block-TV-Col21,3,0.5,3,2,dancer4,212,3,0.731132,0.500353,0.334591,0.36
ballet,SSC-Block-TV-Col21,3,0.5,3,3,dancer4,205,3,0.936585,0.837369,0.809613,0.33
ballet,SSC-Block-TV-Col21,3,0.5,3,4,dancer4,283,3,0.628975,0.512308,0.369935,0.58
ballet,SSC-Block-TV-Col21,3,0.5,3,5,dancer4,232,3,0.896552,0.794942,0.744524,0.40
ballet,SSC-Block-TV-Col21,3,0.5,3,6,dancer4,195,3,0.923077,0.779692,0.783016,0.33
ballet,SSC-Block-TV-Col21,3,0.5,3,7,dancer4,205,3,0.575610,0.619986,0.434619,0.36
ballet,SSC-Block-TV-Col21,3,0.5,3,8,dancer4,256,3,0.824219,0.647729,0.609976,0.57
ballet,SSC-Block-TV-Col21,3,0.5,3,9,dancer4,197,3,0.878173,0.753091,0.685438,0.32
ballet,SSC-Block-TV-Col21,3,0.5,3,10,dancer4,226,3,0.765487,0.583408,0.490276,0.38
ballet,SSC-Block-TV-Col21,3,0.5,3,11,dancer4,226,3,0.743363,0.603663,0.510280,0.38
ballet,SSC-Block-TV-Col21,3,0.5,4,0,dancer5,266,3,0.951128,0.870554,0.870945,0.52
ballet,SSC-Block-TV-Col21,3,0.5,4,1,dancer5,238,3,0.857143,0.686818,0.644805,0.44
ballet,SSC-Block-TV-Col21,3,0.5,4,2,dancer5,263,3,0.980989,0.933950,0.947772,0.52
ballet,SSC-Block-TV-Col21,3,0.5,4,3,dancer5,239,3,0.903766,0.809503,0.780402,0.45
ballet,SSC-Block-TV-Col21,3,0.5,4,4,dancer5,231,3,1.000000,1.000000,1.000000,0.44
ballet,SSC-Block-TV-Col21,3,0.5,4,5,dancer5,250,3,0.996000,0.979442,0.986593,0.48
ballet,SSC-Block-TV-Col21,3,0.5,4,6,dancer5,186,3,0.983871,0.938166,0.949163,0.30
ballet,SSC-Block-TV-Col21,3,0.5,4,7,dancer5,207,3,0.884058,0.715148,0.695284,0.36
ballet,SSC-Block-TV-Col21,3,0.5,4,8,dancer5,223,3,0.995516,0.977906,0.985943,0.40
ballet,SSC-Block-TV-Col21,3,0.5,4,9,dancer5,214,3,1.000000,1.000000,1.000000,0.36
ballet,SSC-Block-TV-Col21,3,0.5,4,10,dancer5,225,3,1.000000,1.000000,1.000000,0.40
ballet,SSC-Block-TV-Col21,3,0.5,4,11,dancer5,197,3,0.939086,0.848271,0.833508,0.33
ballet,SSC-Block-TV-Col21,3,0.5,5,0,dancer6,193,3,0.948187,0.830115,0.846323,0.28
ballet,SSC-Block-TV-Col21,3,0.5,5,1,dancer6,238,3,0.890756,0.720122,0.702384,0.39
ballet,SSC-Block-TV-Col21,3,0.5,5,2,dancer6,227,3,0.973568,0.916406,0.930317,0.38
ballet,SSC-Block-TV-Col21,3,0.5,5,3,dancer6,234,3,0.611111,0.522954,0.373350,0.39
ballet,SSC-Block-TV-Col21,3,0.5,5,4,dancer6,237,3,0.966245,0.896537,0.897172,0.40
ballet,SSC-Block-TV-Col21,3,0.5,5,5,dancer6,240,3,0.891667,0.729648,0.710340,0.41
ballet,SSC-Block-TV-Col21,3,0.5,5,6,dancer6,236,3,0.957627,0.883137,0.885524,0.39
ballet,SSC-Block-TV-Col21,3,0.5,5,7,dancer6,239,3,0.899582,0.804914,0.774121,0.41
ballet,SSC-Block-TV-Col21,3,0.5,5,8,dancer6,240,3,0.720833,0.492629,0.319535,0.41
ballet,SSC-Block-TV-Col21,3,0.5,5,9,dancer6,219,3,0.972603,0.897573,0.924223,0.36
ballet,SSC-Block-TV-Col21,3,0.5,5,10,dancer6,179,3,0.921788,0.824783,0.793973,0.25
ballet,SSC-Block-TV-Col21,3,0.5,5,11,dancer6,241,3,0.896266,0.747005,0.727830,0.42
ballet,SSC-Block-TV-Col21,3,0.5,6,0,dancer7,246,3,0.918699,0.818578,0.777909,0.48
ballet,SSC-Block-TV-Col21,3,0.5,6,1,dancer7,201,3,0.930348,0.813456,0.791993,0.36
ballet,SSC-Block-TV-Col21,3,0.5,6,2,dancer7,192,3,1.000000,1.000000,1.000000,0.32
ballet,SSC-Block-TV-Col21,3,0.5,6,3,dancer7,259,3,0.845560,0.677294,0.612215,0.54
ballet,SSC-Block-TV-Col21,3,0.5,6,4,dancer7,242,3,0.892562,0.773869,0.728727,0.46
ballet,SSC-Block-TV-Col21,3,0.5,6,5,dancer7,213,3,0.845070,0.749034,0.649635,0.36
ballet,SSC-Block-TV-Col21,3,0.5,6,6,dancer7,186,3,0.989247,0.949325,0.966932,0.27
ballet,SSC-Block-TV-Col21,3,0.5,6,7,dancer7,243,3,0.913580,0.821724,0.804997,0.44
ballet,SSC-Block-TV-Col21,3,0.5,6,8,dancer7,242,3,1.000000,1.000000,1.000000,0.42
ballet,SSC-Block-TV-Col21,3,0.5,6,9,dancer7,247,3,0.991903,0.963217,0.972577,0.46
ballet,SSC-Block-TV-Col21,3,0.5,6,10,dancer7,232,3,0.974138,0.917793,0.935844,0.38
ballet,SSC-Block-TV-Col21,3,0.5,6,11,dancer7,234,3,1.000000,1.000000,1.000000,0.40
ballet,SSC-Block-TV-Col21,5,0,0,0,dancer1,422,5,0.959716,0.933376,0.905622,1.26
ballet,SSC-Block-TV-Col21,5,0,0,1,dancer1,424,5,0.896226,0.816236,0.760194,1.25
ballet,SSC-Block-TV-Col21,5,0,0,2,dancer1,318,5,0.745283,0.749193,0.632362,0.73
ballet,SSC-Block-TV-Col21,5,0,0,3,dancer1,377,5,0.901857,0.893200,0.812355,0.99
ballet,SSC-Block-TV-Col21,5,0,0,4,dancer1,383,5,0.637076,0.705462,0.529380,1.05
ballet,SSC-Block-TV-Col21,5,0,0,5,dancer1,369,5,0.821138,0.732806,0.624968,0.95
ballet,SSC-Block-TV-Col21,5,0,0,6,dancer1,410,5,0.895122,0.818441,0.754979,1.17
ballet,SSC-Block-TV-Col21,5,0,0,7,dancer1,392,5,0.785714,0.696555,0.571522,1.05
ballet,SSC-Block-TV-Col21,5,0,0,8,dancer1,376,5,0.912234,0.863075,0.800648,0.97
ballet,SSC-Block-TV-Col21,5,0,0,9,dancer1,363,5,0.876033,0.811199,0.763749,0.95
ballet,SSC-Block-TV-Col21,5,0,0,10,dancer1,366,5,0.680328,0.717846,0.568676,0.92
ballet,SSC-Block-TV-Col21,5,0,0,11,dancer1,401,5,0.977556,0.955038,0.946720,1.12
ballet,SSC-Block-TV-Col21,5,0,1,0,dancer3,376,5,0.853723,0.841015,0.782957,1.02
ballet,SSC-Block-TV-Col21,5,0,1,1,dancer3,385,5,0.867532,0.778936,0.719504,1.07
ballet,SSC-Block-TV-Col21,5,0,1,2,dancer3,447,5,0.814318,0.769204,0.652419,1.50
ballet,SSC-Block-TV-Col21,5,0,1,3,dancer3,358,5,0.983240,0.965572,0.968869,0.91
ballet,SSC-Block-TV-Col21,5,0,1,4,dancer3,366,5,0.928962,0.882180,0.843733,0.98
ballet,SSC-Block-TV-Col21,5,0,1,5,dancer3,379,5,0.965699,0.941612,0.924621,1.09
ballet,SSC-Block-TV-Col21,5,0,1,6,dancer3,384,5,0.872396,0.840148,0.795911,1.12
ballet,SSC-Block-TV-Col21,5,0,1,7,dancer3,402,5,0.980100,0.952383,0.952430,1.16
ballet,SSC-Block-TV-Col21,5,0,1,8,dancer3,342,5,0.888889,0.838006,0.766523,0.86
ballet,SSC-Block-TV-Col21,5,0,1,9,dancer3,345,5,0.956522,0.933767,0.913542,0.88
ballet,SSC-Block-TV-Col21,5,0,1,10,dancer3,391,5,0.956522,0.930089,0.897253,1.11
ballet,SSC-Block-TV-Col21,5,0,1,11,dancer3,339,5,0.879056,0.837392,0.757835,0.90
ballet,SSC-Block-TV-Col21,5,0,2,0,dancer6,372,5,0.876344,0.792714,0.730378,1.00
ballet,SSC-Block-TV-Col21,5,0,2,1,dancer6,342,5,0.760234,0.815963,0.701780,0.85
ballet,SSC-Block-TV-Col21,5,0,2,2,dancer6,365,5,0.832877,0.785570,0.705660,1.02
ballet,SSC-Block-TV-Col21,5,0,2,3,dancer6,341,5,0.856305,0.753544,0.674277,0.89
ballet,SSC-Block-TV-Col21,5,0,2,4,dancer6,366,5,0.833333,0.814886,0.724905,0.95
ballet,SSC-Block-TV-Col21,5,0,2,5,dancer6,298,5,0.778523,0.778564,0.686541,0.66
ballet,SSC-Block-TV-Col21,5,0,2,6,dancer6,357,5,0.775910,0.812952,0.713641,0.95
ballet,SSC-Block-TV-Col21,5,0,2,7,dancer6,368,5,0.855978,0.816604,0.712088,0.97
ballet,SSC-Block-TV-Col21,5,0,2,8,dancer6,409,5,0.677262,0.694623,0.507367,1.26
ballet,SSC-Block-TV-Col21,5,0,2,9,dancer6,399,5,0.862155,0.820662,0.719287,1.18
ballet,SSC-Block-TV-Col21,5,0,2,10,dancer6,437,5,1.000000,1.000000,1.000000,1.38
ballet,SSC-Block-TV-Col21,5,0,2,11,dancer6,379,5,0.738786,0.676165,0.526708,1.07
ballet,SSC-Block-TV-Col21,5,0,3,0,dancer7,373,5,0.941019,0.896303,0.878011,1.03
ballet,SSC-Block-TV-Col21,5,0,3,1,dancer7,408,5,0.975490,0.943163,0.940418,1.20
ballet,SSC-Block-TV-Col21,5,0,3,2,dancer7,361,5,0.961219,0.916016,0.904091,1.00
ballet,SSC-Block-TV-Col21,5,0,3,3,dancer7,398,5,0.914573,0.863591,0.815612,1.17
ballet,SSC-Block-TV-Col21,5,0,3,4,dancer7,364,5,0.931319,0.867070,0.836333,0.99
ballet,SSC-Block-TV-Col21,5,0,3,5,dancer7,398,5,0.899497,0.819599,0.789269,1.15
ballet,SSC-Block-TV-Col21,5,0,3,6,dancer7,349,5,0.914040,0.900108,0.832226,0.95
ballet,SSC-Block-TV-Col21,5,0,3,7,dancer7,421,5,0.954869,0.908734,0.887932,1.34
ballet,SSC-Block-TV-Col21,5,0,3,8,dancer7,402,5,0.955224,0.911609,0.896865,1.20
ballet,SSC-Block-TV-Col21,5,0,3,9,dancer7,461,5,0.978308,0.955912,0.945908,1.58
ballet,SSC-Block-TV-Col21,5,0,3,10,dancer7,346,5,0.910405,0.862764,0.802169,0.88
ballet,SSC-Block-TV-Col21,5,0,3,11,dancer7,380,5,0.823684,0.739279,0.651832,1.06
ballet,SSC-Block-TV-Col21,5,0.25,0,0,dancer1,422,5,0.962085,0.931231,0.924672,1.27
ballet,SSC-Block-TV-Col21,5,0.25,0,1,dancer1,424,5,0.908019,0.834441,0.784819,1.26
ballet,SSC-Block-TV-Col21,5,0.25,0,2,dancer1,318,5,0.704403,0.749362,0.631334,0.75
ballet,SSC-Block-TV-Col21,5,0.25,0,3,dancer1,377,5,0.899204,0.884552,0.806594,1.06
ballet,SSC-Block-TV-Col21,5,0.25,0,4,dancer1,383,5,0.561358,0.663652,0.493574,1.09
ballet,SSC-Block-TV-Col21,5,0.25,0,5,dancer1,369,5,0.813008,0.727508,0.620308,0.98
ballet,SSC-Block-TV-Col21,5,0.25,0,6,dancer1,410,5,0.892683,0.818150,0.755959,1.20
ballet,SSC-Block-TV-Col21,5,0.25,0,7,dancer1,392,5,0.568878,0.633782,0.427046,1.08
ballet,SSC-Block-TV-Col21,5,0.25,0,8,dancer1,376,5,0.893617,0.844462,0.764249,0.98
ballet,SSC-Block-TV-Col21,5,0.25,0,9,dancer1,363,5,0.873278,0.807106,0.755846,0.98
ballet,SSC-Block-TV-Col21,5,0.25,0,10,dancer1,366,5,0.674863,0.717199,0.566411,0.96
ballet,SSC-Block-TV-Col21,5,0.25,0,11,dancer1,401,5,0.917706,0.874574,0.832630,1.17
ballet,SSC-Block-TV-Col21,5,0.25,1,0,dancer3,376,5,0.845745,0.837910,0.777445,0.97
ballet,SSC-Block-TV-Col21,5,0.25,1,1,dancer3,385,5,0.909091,0.827415,0.800996,1.05
ballet,SSC-Block-TV-Col21,5,0.25,1,2,dancer3,447,5,0.807606,0.765959,0.645778,1.44
ballet,SSC-Block-TV-Col21,5,0.25,1,3,dancer3,358,5,1.000000,1.000000,1.000000,0.91
ballet,SSC-Block-TV-Col21,5,0.25,1,4,dancer3,366,5,0.950820,0.911388,0.885468,0.94
ballet,SSC-Block-TV-Col21,5,0.25,1,5,dancer3,379,5,0.955145,0.911655,0.894640,1.05
ballet,SSC-Block-TV-Col21,5,0.25,1,6,dancer3,384,5,0.835938,0.804625,0.750238,1.09
ballet,SSC-Block-TV-Col21,5,0.25,1,7,dancer3,402,5,0.955224,0.918719,0.899816,1.12
ballet,SSC-Block-TV-Col21,5,0.25,1,8,dancer3,342,5,0.906433,0.859220,0.797395,0.84
ballet,SSC-Block-TV-Col21,5,0.25,1,9,dancer3,345,5,0.852174,0.790806,0.688145,0.87
ballet,SSC-Block-TV-Col21,5,0.25,1,10,dancer3,391,5,0.943734,0.900198,0.866980,1.08
ballet,SSC-Block-TV-Col21,5,0.25,1,11,dancer3,339,5,0.870206,0.832842,0.747073,0.86
ballet,SSC-Block-TV-Col21,5,0.25,2,0,dancer6,372,5,0.827957,0.736015,0.626501,0.92
ballet,SSC-Block-TV-Col21,5,0.25,2,1,dancer6,342,5,0.692982,0.758813,0.629167,0.80
ballet,SSC-Block-TV-Col21,5,0.25,2,2,dancer6,365,5,0.868493,0.812813,0.757033,0.92
ballet,SSC-Block-TV-Col21,5,0.25,2,3,dancer6,341,5,0.847507,0.744815,0.660276,0.81
ballet,SSC-Block-TV-Col21,5,0.25,2,4,dancer6,366,5,0.778689,0.712547,0.592598,0.89
ballet,SSC-Block-TV-Col21,5,0.25,2,5,dancer6,298,5,0.768456,0.796188,0.692941,0.60
ballet,SSC-Block-TV-Col21,5,0.25,2,6,dancer6,357,5,0.739496,0.801860,0.680213,0.85
ballet,SSC-Block-TV-Col21,5,0.25,2,7,dancer6,368,5,0.853261,0.814637,0.708610,0.91
ballet,SSC-Block-TV-Col21,5,0.25,2,8,dancer6,409,5,0.662592,0.688003,0.492753,1.15
ballet,SSC-Block-TV-Col21,5,0.25,2,9,dancer6,399,5,0.629073,0.706660,0.460066,1.10
ballet,SSC-Block-TV-Col21,5,0.25,2,10,dancer6,437,5,1.000000,1.000000,1.000000,1.30
ballet,SSC-Block-TV-Col21,5,0.25,2,11,dancer6,379,5,0.770449,0.726550,0.583458,1.00
ballet,SSC-Block-TV-Col21,5,0.25,3,0,dancer7,373,5,0.973190,0.951789,0.945994,1.01
ballet,SSC-Block-TV-Col21,5,0.25,3,1,dancer7,408,5,0.973039,0.938976,0.934553,1.14
ballet,SSC-Block-TV-Col21,5,0.25,3,2,dancer7,361,5,0.961219,0.920701,0.900518,0.94
ballet,SSC-Block-TV-Col21,5,0.25,3,3,dancer7,398,5,0.917085,0.866096,0.820737,1.11
ballet,SSC-Block-TV-Col21,5,0.25,3,4,dancer7,364,5,0.909341,0.841219,0.797732,0.94
ballet,SSC-Block-TV-Col21,5,0.25,3,5,dancer7,398,5,0.904523,0.830952,0.803378,1.14
ballet,SSC-Block-TV-Col21,5,0.25,3,6,dancer7,349,5,0.919771,0.903317,0.840353,0.90
ballet,SSC-Block-TV-Col21,5,0.25,3,7,dancer7,421,5,0.954869,0.908734,0.887932,1.30
ballet,SSC-Block-TV-Col21,5,0.25,3,8,dancer7,402,5,0.980100,0.953788,0.950254,1.15
ballet,SSC-Block-TV-Col21,5,0.25,3,9,dancer7,461,5,0.978308,0.955912,0.945908,1.55
ballet,SSC-Block-TV-Col21,5,0.25,3,10,dancer7,346,5,0.907514,0.858941,0.798111,0.86
ballet,SSC-Block-TV-Col21,5,0.25,3,11,dancer7,380,5,0.857895,0.780101,0.698823,1.00
ballet,SSC-Block-TV-Col21,5,0.5,0,0,dancer1,422,5,0.831754,0.779432,0.676160,1.25
ballet,SSC-Block-TV-Col21,5,0.5,0,1,dancer1,424,5,0.908019,0.834441,0.784819,1.29
ballet,SSC-Block-TV-Col21,5,0.5,0,2,dancer1,318,5,0.694969,0.750672,0.633069,0.76
ballet,SSC-Block-TV-Col21,5,0.5,0,3,dancer1,377,5,0.840849,0.778858,0.694236,1.06
ballet,SSC-Block-TV-Col21,5,0.5,0,4,dancer1,383,5,0.631854,0.687480,0.513766,1.10
ballet,SSC-Block-TV-Col21,5,0.5,0,5,dancer1,369,5,0.758808,0.680283,0.530105,1.02
ballet,SSC-Block-TV-Col21,5,0.5,0,6,dancer1,410,5,0.887805,0.800698,0.746592,1.22
ballet,SSC-Block-TV-Col21,5,0.5,0,7,dancer1,392,5,0.586735,0.653958,0.457828,1.12
ballet,SSC-Block-TV-Col21,5,0.5,0,8,dancer1,376,5,0.898936,0.849022,0.774247,1.04
ballet,SSC-Block-TV-Col21,5,0.5,0,9,dancer1,363,5,0.873278,0.807106,0.755846,1.02
ballet,SSC-Block-TV-Col21,5,0.5,0,10,dancer1,366,5,0.811475,0.787112,0.629273,0.95
ballet,SSC-Block-TV-Col21,5,0.5,0,11,dancer1,401,5,0.912718,0.859304,0.819203,1.13
ballet,SSC-Block-TV-Col21,5,0.5,1,0,dancer3,376,5,0.928191,0.883981,0.873337,0.98
ballet,SSC-Block-TV-Col21,5,0.5,1,1,dancer3,385,5,0.955844,0.915206,0.901816,1.04
ballet,SSC-Block-TV-Col21,5,0.5,1,2,dancer3,447,5,0.664430,0.715594,0.559128,1.42
ballet,SSC-Block-TV-Col21,5,0.5,1,3,dancer3,358,5,0.715084,0.812451,0.681427,0.93
ballet,SSC-Block-TV-Col21,5,0.5,1,4,dancer3,366,5,0.693989,0.786721,0.645052,0.97
ballet,SSC-Block-TV-Col21,5,0.5,1,5,dancer3,379,5,0.889182,0.843961,0.774671,0.99
ballet,SSC-Block-TV-Col21,5,0.5,1,6,dancer3,384,5,0.815104,0.753518,0.648554,1.03
ballet,SSC-Block-TV-Col21,5,0.5,1,7,dancer3,402,5,0.888060,0.888451,0.793866,1.07
ballet,SSC-Block-TV-Col21,5,0.5,1,8,dancer3,342,5,0.713450,0.807532,0.664342,0.79
ballet,SSC-Block-TV-Col21,5,0.5,1,9,dancer3,345,5,0.855072,0.828985,0.747439,0.80
ballet,SSC-Block-TV-Col21,5,0.5,1,10,dancer3,391,5,0.897698,0.867579,0.796130,1.04
ballet,SSC-Block-TV-Col21,5,0.5,1,11,dancer3,339,5,0.858407,0.829717,0.737616,0.79
ballet,SSC-Block-TV-Col21,5,0.5,2,0,dancer6,372,5,0.629032,0.679101,0.441976,1.01
ballet,SSC-Block-TV-Col21,5,0.5,2,1,dancer6,342,5,0.918129,0.902555,0.838862,0.95
ballet,SSC-Block-TV-Col21,5,0.5,2,2,dancer6,365,5,0.767123,0.872051,0.747317,1.00
ballet,SSC-Block-TV-Col21,5,0.5,2,3,dancer6,341,5,0.850440,0.748349,0.660013,0.97
ballet,SSC-Block-TV-Col21,5,0.5,2,4,dancer6,366,5,0.877049,0.836523,0.733977,1.01
ballet,SSC-Block-TV-Col21,5,0.5,2,5,dancer6,298,5,0.667785,0.711467,0.589817,0.72
ballet,SSC-Block-TV-Col21,5,0.5,2,6,dancer6,357,5,0.784314,0.822677,0.750296,0.98
ballet,SSC-Block-TV-Col21,5,0.5,2,7,dancer6,368,5,0.872283,0.827927,0.736722,1.05
ballet,SSC-Block-TV-Col21,5,0.5,2,8,dancer6,409,5,0.638142,0.701761,0.464955,1.25
ballet,SSC-Block-TV-Col21,5,0.5,2,9,dancer6,399,5,0.553885,0.633521,0.362730,1.31
ballet,SSC-Block-TV-Col21,5,0.5,2,10,dancer6,437,5,0.977117,0.954193,0.942830,1.46
ballet,SSC-Block-TV-Col21,5,0.5,2,11,dancer6,379,5,0.686016,0.646028,0.477435,1.14
ballet,SSC-Block-TV-Col21,5,0.5,3,0,dancer7,373,5,0.973190,0.951789,0.945994,1.04
ballet,SSC-Block-TV-Col21,5,0.5,3,1,dancer7,408,5,0.975490,0.942469,0.940116,1.21
ballet,SSC-Block-TV-Col21,5,0.5,3,2,dancer7,361,5,0.950139,0.900123,0.881525,0.93
ballet,SSC-Block-TV-Col21,5,0.5,3,3,dancer7,398,5,0.922111,0.870744,0.828447,1.12
ballet,SSC-Block-TV-Col21,5,0.5,3,4,dancer7,364,5,0.912088,0.858627,0.817019,0.92
ballet,SSC-Block-TV-Col21,5,0.5,3,5,dancer7,398,5,0.929648,0.856172,0.841266,1.12
ballet,SSC-Block-TV-Col21,5,0.5,3,6,dancer7,349,5,0.862464,0.823155,0.731693,0.90
ballet,SSC-Block-TV-Col21,5,0.5,3,7,dancer7,421,5,0.909739,0.836570,0.786652,1.28
ballet,SSC-Block-TV-Col21,5,0.5,3,8,dancer7,402,5,0.977612,0.950016,0.944225,1.13
ballet,SSC-Block-TV-Col21,5,0.5,3,9,dancer7,461,5,0.952278,0.926477,0.889867,1.53
ballet,SSC-Block-TV-Col21,5,0.5,3,10,dancer7,346,5,0.843931,0.819713,0.723352,0.88
ballet,SSC-Block-TV-Col21,5,0.5,3,11,dancer7,380,5,0.844737,0.759084,0.683736,1.05
ballet,OSC,3,0,0,0,dancer1,246,3,0.808943,0.597309,0.498260,0.66
ballet,OSC,3,0,0,1,dancer1,235,3,0.991489,0.964336,0.977383,0.61
ballet,OSC,3,0,0,2,dancer1,240,3,0.670833,0.524296,0.381326,0.63
ballet,OSC,3,0,0,3,dancer1,230,3,0.860870,0.672836,0.610831,0.58
ballet,OSC,3,0,0,4,dancer1,229,3,1.000000,1.000000,1.000000,0.57
ballet,OSC,3,0,0,5,dancer1,235,3,0.829787,0.704703,0.564434,0.61
ballet,OSC,3,0,0,6,dancer1,220,3,0.981818,0.935354,0.946749,0.54
ballet,OSC,3,0,0,7,dancer1,237,3,0.805907,0.737397,0.646595,0.62
ballet,OSC,3,0,0,8,dancer1,242,3,0.545455,0.628127,0.421086,0.64
ballet,OSC,3,0,0,9,dancer1,225,3,0.573333,0.647179,0.453135,0.55
ballet,OSC,3,0,0,10,dancer1,258,3,0.682171,0.520243,0.360061,0.71
ballet,OSC,3,0,0,11,dancer1,287,3,0.846690,0.748520,0.652636,0.87
ballet,OSC,3,0,1,0,dancer2,252,3,1.000000,1.000000,1.000000,0.92
ballet,OSC,3,0,1,1,dancer2,187,3,0.497326,0.297467,0.119529,0.56
ballet,OSC,3,0,1,2,dancer2,258,3,0.596899,0.654999,0.463276,0.94
ballet,OSC,3,0,1,3,dancer2,256,3,0.585938,0.383780,0.215122,0.89
ballet,OSC,3,0,1,4,dancer2,238,3,0.567227,0.651582,0.452306,0.79
ballet,OSC,3,0,1,5,dancer2,246,3,1.000000,1.000000,1.000000,0.84
ballet,OSC,3,0,1,6,dancer2,228,3,1.000000,1.000000,1.000000,0.73
ballet,OSC,3,0,1,7,dancer2,244,3,0.733607,0.517539,0.385389,0.83
ballet,OSC,3,0,1,8,dancer2,206,3,1.000000,1.000000,1.000000,0.62
ballet,OSC,3,0,1,9,dancer2,179,3,0.893855,0.786694,0.716996,0.50
ballet,OSC,3,0,1,10,dancer2,223,3,0.937220,0.835489,0.804303,0.71
ballet,OSC,3,0,1,11,dancer2,214,3,0.630841,0.674706,0.500348,0.66
ballet,OSC,3,0,2,0,dancer3,219,3,0.844749,0.755693,0.683324,0.53
ballet,OSC,3,0,2,1,dancer3,254,3,0.748031,0.496289,0.355407,0.66
ballet,OSC,3,0,2,2,dancer3,200,3,0.850000,0.746515,0.641157,0.45
ballet,OSC,3,0,2,3,dancer3,244,3,0.516393,0.450328,0.279475,0.62
ballet,OSC,3,0,2,4,dancer3,207,3,0.893720,0.806099,0.801412,0.49
ballet,OSC,3,0,2,5,dancer3,233,3,1.000000,1.000000,1.000000,0.58
ballet,OSC,3,0,2,6,dancer3,259,3,0.934363,0.845587,0.834020,0.71
ballet,OSC,3,0,2,7,dancer3,219,3,1.000000,1.000000,1.000000,0.53
ballet,OSC,3,0,2,8,dancer3,215,3,0.604651,0.377582,0.153384,0.52
ballet,OSC,3,0,2,9,dancer3,223,3,1.000000,1.000000,1.000000,0.56
ballet,OSC,3,0,2,10,dancer3,201,3,1.000000,1.000000,1.000000,0.47
ballet,OSC,3,0,2,11,dancer3,237,3,0.751055,0.679700,0.500441,0.61
ballet,OSC,3,0,3,0,dancer4,269,3,0.535316,0.488562,0.316888,0.76
ballet,OSC,3,0,3,1,dancer4,224,3,0.589286,0.312873,0.119953,0.57
ballet,OSC,3,0,3,2,dancer4,212,3,0.839623,0.739571,0.644678,0.51
ballet,OSC,3,0,3,3,dancer4,205,3,0.697561,0.617185,0.428314,0.49
ballet,OSC,3,0,3,4,dancer4,283,3,0.501767,0.480958,0.304903,0.84
ballet,OSC,3,0,3,5,dancer4,232,3,0.512931,0.501881,0.327730,0.60
ballet,OSC,3,0,3,6,dancer4,195,3,0.743590,0.556039,0.446248,0.45
ballet,OSC,3,0,3,7,dancer4,205,3,0.663415,0.666896,0.479742,0.50
ballet,OSC,3,0,3,8,dancer4,256,3,0.523438,0.404654,0.225905,0.70
ballet,OSC,3,0,3,9,dancer4,197,3,0.791878,0.606176,0.556799,0.46
ballet,OSC,3,0,3,10,dancer4,226,3,0.823009,0.635199,0.567914,0.57
ballet,OSC,3,0,3,11,dancer4,226,3,0.553097,0.506742,0.327067,0.57
ballet,OSC,3,0,4,0,dancer5,266,3,1.000000,1.000000,1.000000,0.73
ballet,OSC,3,0,4,1,dancer5,238,3,1.000000,1.000000,1.000000,0.63
ballet,OSC,3,0,4,2,dancer5,263,3,1.000000,1.000000,1.000000,0.73
ballet,OSC,3,0,4,3,dancer5,239,3,0.991632,0.959093,0.976554,0.64
ballet,OSC,3,0,4,4,dancer5,231,3,1.000000,1.000000,1.000000,0.60
ballet,OSC,3,0,4,5,dancer5,250,3,1.000000,1.000000,1.000000,0.67
ballet,OSC,3,0,4,6,dancer5,186,3,1.000000,1.000000,1.000000,0.42
ballet,OSC,3,0,4,7,dancer5,207,3,0.787440,0.723480,0.610546,0.50
ballet,OSC,3,0,4,8,dancer5,223,3,1.000000,1.000000,1.000000,0.57
ballet,OSC,3,0,4,9,dancer5,214,3,1.000000,1.000000,1.000000,0.53
ballet,OSC,3,0,4,10,dancer5,225,3,1.000000,1.000000,1.000000,0.57
ballet,OSC,3,0,4,11,dancer5,197,3,0.903553,0.795894,0.733977,0.46
ballet,OSC,3,0,5,0,dancer6,193,3,1.000000,1.000000,1.000000,0.49
ballet,OSC,3,0,5,1,dancer6,238,3,0.533613,0.498588,0.322509,0.68
ballet,OSC,3,0,5,2,dancer6,227,3,1.000000,1.000000,1.000000,0.64
ballet,OSC,3,0,5,3,dancer6,234,3,0.700855,0.687374,0.527570,0.67
ballet,OSC,3,0,5,4,dancer6,237,3,1.000000,1.000000,1.000000,0.67
ballet,OSC,3,0,5,5,dancer6,240,3,0.825000,0.619677,0.538760,0.67
ballet,OSC,3,0,5,6,dancer6,236,3,1.000000,1.000000,1.000000,0.66
ballet,OSC,3,0,5,7,dancer6,239,3,0.682008,0.682778,0.530271,0.69
ballet,OSC,3,0,5,8,dancer6,240,3,0.575000,0.341119,0.132014,0.69
ballet,OSC,3,0,5,9,dancer6,219,3,0.826484,0.749705,0.674819,0.59
ballet,OSC,3,0,5,10,dancer6,179,3,0.564246,0.653201,0.453670,0.44
ballet,OSC,3,0,5,11,dancer6,241,3,0.892116,0.784779,0.732528,0.71
ballet,OSC,3,0,6,0,dancer7,246,3,1.000000,1.000000,1.000000,0.72
ballet,OSC,3,0,6,1,dancer7,201,3,1.000000,1.000000,1.000000,0.52
ballet,OSC,3,0,6,2,dancer7,192,3,0.536458,0.654169,0.450381,0.48
ballet,OSC,3,0,6,3,dancer7,259,3,0.861004,0.769356,0.714356,0.78
ballet,OSC,3,0,6,4,dancer7,242,3,1.000000,1.000000,1.000000,0.70
ballet,OSC,3,0,6,5,dancer7,213,3,1.000000,1.000000,1.000000,0.57
ballet,OSC,3,0,6,6,dancer7,186,3,1.000000,1.000000,1.000000,0.45
ballet,OSC,3,0,6,7,dancer7,243,3,1.000000,1.000000,1.000000,0.71
ballet,OSC,3,0,6,8,dancer7,242,3,1.000000,1.000000,1.000000,0.69
ballet,OSC,3,0,6,9,dancer7,247,3,1.000000,1.000000,1.000000,0.73
ballet,OSC,3,0,6,10,dancer7,232,3,0.599138,0.668584,0.480807,0.64
ballet,OSC,3,0,6,11,dancer7,234,3,1.000000,1.000000,1.000000,0.66
ballet,OSC,3,0.25,0,0,dancer1,246,3,0.808943,0.597309,0.498260,0.71
ballet,OSC,3,0.25,0,1,dancer1,235,3,1.000000,1.000000,1.000000,0.66
ballet,OSC,3,0.25,0,2,dancer1,240,3,0.666667,0.515859,0.369097,0.67
ballet,OSC,3,0.25,0,3,dancer1,230,3,0.860870,0.672836,0.610831,0.63
ballet,OSC,3,0.25,0,4,dancer1,229,3,1.000000,1.000000,1.000000,0.63
ballet,OSC,3,0.25,0,5,dancer1,235,3,0.812766,0.691416,0.538241,0.66
ballet,OSC,3,0.25,0,6,dancer1,220,3,0.990909,0.961933,0.973006,0.60
ballet,OSC,3,0.25,0,7,dancer1,237,3,0.805907,0.737397,0.646595,0.67
ballet,OSC,3,0.25,0,8,dancer1,242,3,0.545455,0.628127,0.421086,0.67
ballet,OSC,3,0.25,0,9,dancer1,225,3,0.568889,0.647095,0.452951,0.61
ballet,OSC,3,0.25,0,10,dancer1,258,3,0.678295,0.512158,0.349095,0.78
ballet,OSC,3,0.25,0,11,dancer1,287,3,0.839721,0.743479,0.642834,0.92
ballet,OSC,3,0.25,1,0,dancer2,252,3,1.000000,1.000000,1.000000,0.68
ballet,OSC,3,0.25,1,1,dancer2,187,3,0.497326,0.297467,0.119529,0.41
ballet,OSC,3,0.25,1,2,dancer2,258,3,0.596899,0.654999,0.463276,0.70
ballet,OSC,3,0.25,1,3,dancer2,256,3,0.582031,0.388691,0.218356,0.69
ballet,OSC,3,0.25,1,4,dancer2,238,3,0.529412,0.647721,0.443231,0.61
ballet,OSC,3,0.25,1,5,dancer2,246,3,1.000000,1.000000,1.000000,0.64
ballet,OSC,3,0.25,1,6,dancer2,228,3,1.000000,1.000000,1.000000,0.56
ballet,OSC,3,0.25,1,7,dancer2,244,3,0.733607,0.517539,0.385389,0.63
ballet,OSC,3,0.25,1,8,dancer2,206,3,1.000000,1.000000,1.000000,0.47
ballet,OSC,3,0.25,1,9,dancer2,179,3,0.899441,0.793045,0.729138,0.39
ballet,OSC,3,0.25,1,10,dancer2,223,3,0.937220,0.835489,0.804303,0.55
ballet,OSC,3,0.25,1,11,dancer2,214,3,0.626168,0.672615,0.495930,0.50
ballet,OSC,3,0.25,2,0,dancer3,219,3,0.844749,0.755693,0.683324,0.59
ballet,OSC,3,0.25,2,1,dancer3,254,3,0.751969,0.500720,0.362043,0.75
ballet,OSC,3,0.25,2,2,dancer3,200,3,0.850000,0.746515,0.641157,0.49
ballet,OSC,3,0.25,2,3,dancer3,244,3,0.516393,0.450328,0.279475,0.69
ballet,OSC,3,0.25,2,4,dancer3,207,3,0.893720,0.806099,0.801412,0.54
ballet,OSC,3,0.25,2,5,dancer3,233,3,1.000000,1.000000,1.000000,0.64
ballet,OSC,3,0.25,2,6,dancer3,259,3,0.934363,0.845587,0.834020,0.76
ballet,OSC,3,0.25,2,7,dancer3,219,3,1.000000,1.000000,1.000000,0.58
ballet,OSC,3,0.25,2,8,dancer3,215,3,0.609302,0.381582,0.157805,0.57
ballet,OSC,3,0.25,2,9,dancer3,223,3,1.000000,1.000000,1.000000,0.60
ballet,OSC,3,0.25,2,10,dancer3,201,3,1.000000,1.000000,1.000000,0.50
ballet,OSC,3,0.25,2,11,dancer3,237,3,0.751055,0.679700,0.500441,0.67
ballet,OSC,3,0.25,3,0,dancer4,269,3,0.531599,0.497080,0.325545,0.75
ballet,OSC,3,0.25,3,1,dancer4,224,3,0.589286,0.312873,0.119953,0.54
ballet,OSC,3,0.25,3,2,dancer4,212,3,0.500000,0.542604,0.360722,0.49
ballet,OSC,3,0.25,3,3,dancer4,205,3,0.697561,0.631852,0.435425,0.47
ballet,OSC,3,0.25,3,4,dancer4,283,3,0.501767,0.472943,0.296640,0.82
ballet,OSC,3,0.25,3,5,dancer4,232,3,0.504310,0.501420,0.326479,0.58
ballet,OSC,3,0.25,3,6,dancer4,195,3,0.743590,0.556039,0.446248,0.44
ballet,OSC,3,0.25,3,7,dancer4,205,3,0.663415,0.666896,0.479742,0.49
ballet,OSC,3,0.25,3,8,dancer4,256,3,0.523438,0.404654,0.225905,0.69
ballet,OSC,3,0.25,3,9,dancer4,197,3,0.791878,0.605534,0.554712,0.44
ballet,OSC,3,0.25,3,10,dancer4,226,3,0.818584,0.627306,0.561400,0.55
ballet,OSC,3,0.25,3,11,dancer4,226,3,0.548673,0.516023,0.336958,0.55
ballet,OSC,3,0.25,4,0,dancer5,266,3,1.000000,1.000000,1.000000,0.83
ballet,OSC,3,0.25,4,1,dancer5,238,3,1.000000,1.000000,1.000000,0.68
ballet,OSC,3,0.25,4,2,dancer5,263,3,1.000000,1.000000,1.000000,0.83
ballet,OSC,3,0.25,4,3,dancer5,239,3,0.987448,0.944146,0.965482,0.69
ballet,OSC,3,0.25,4,4,dancer5,231,3,1.000000,1.000000,1.000000,0.64
ballet,OSC,3,0.25,4,5,dancer5,250,3,1.000000,1.000000,1.000000,0.74
ballet,OSC,3,0.25,4,6,dancer5,186,3,1.000000,1.000000,1.000000,0.46
ballet,OSC,3,0.25,4,7,dancer5,207,3,0.787440,0.723480,0.610546,0.54
ballet,OSC,3,0.25,4,8,dancer5,223,3,1.000000,1.000000,1.000000,0.62
ballet,OSC,3,0.25,4,9,dancer5,214,3,1.000000,1.000000,1.000000,0.57
ballet,OSC,3,0.25,4,10,dancer5,225,3,1.000000,1.000000,1.000000,0.60
ballet,OSC,3,0.25,4,11,dancer5,197,3,0.908629,0.802202,0.745652,0.51
ballet,OSC,3,0.25,5,0,dancer6,193,3,0.963731,0.894912,0.902665,0.50
ballet,OSC,3,0.25,5,1,dancer6,238,3,0.529412,0.489014,0.311804,0.69
ballet,OSC,3,0.25,5,2,dancer6,227,3,0.651982,0.671413,0.498819,0.65
ballet,OSC,3,0.25,5,3,dancer6,234,3,0.696581,0.687386,0.527593,0.67
ballet,OSC,3,0.25,5,4,dancer6,237,3,1.000000,1.000000,1.000000,0.69
ballet,OSC,3,0.25,5,5,dancer6,240,3,0.808333,0.598185,0.502099,0.69
ballet,OSC,3,0.25,5,6,dancer6,236,3,1.000000,1.000000,1.000000,0.67
ballet,OSC,3,0.25,5,7,dancer6,239,3,0.682008,0.682778,0.530271,0.69
ballet,OSC,3,0.25,5,8,dancer6,240,3,0.570833,0.337974,0.130037,0.69
ballet,OSC,3,0.25,5,9,dancer6,219,3,0.826484,0.749705,0.674819,0.62
ballet,OSC,3,0.25,5,10,dancer6,179,3,0.569832,0.654429,0.456495,0.44
ballet,OSC,3,0.25,5,11,dancer6,241,3,0.896266,0.789317,0.740442,0.69
ballet,OSC,3,0.25,6,0,dancer7,246,3,1.000000,1.000000,1.000000,0.80
ballet,OSC,3,0.25,6,1,dancer7,201,3,1.000000,1.000000,1.000000,0.61
ballet,OSC,3,0.25,6,2,dancer7,192,3,0.536458,0.654169,0.450381,0.55
ballet,OSC,3,0.25,6,3,dancer7,259,3,0.861004,0.769356,0.714356,0.90
ballet,OSC,3,0.25,6,4,dancer7,242,3,1.000000,1.000000,1.000000,0.79
ballet,OSC,3,0.25,6,5,dancer7,213,3,1.000000,1.000000,1.000000,0.67
ballet,OSC,3,0.25,6,6,dancer7,186,3,1.000000,1.000000,1.000000,0.53
ballet,OSC,3,0.25,6,7,dancer7,243,3,1.000000,1.000000,1.000000,0.77
ballet,OSC,3,0.25,6,8,dancer7,242,3,1.000000,1.000000,1.000000,0.77
ballet,OSC,3,0.25,6,9,dancer7,247,3,1.000000,1.000000,1.000000,0.81
ballet,OSC,3,0.25,6,10,dancer7,232,3,0.603448,0.669342,0.483068,0.75
ballet,OSC,3,0.25,6,11,dancer7,234,3,1.000000,1.000000,1.000000,0.75
ballet,OSC,3,0.5,0,0,dancer1,246,3,0.670732,0.456443,0.276533,0.73
ballet,OSC,3,0.5,0,1,dancer1,235,3,0.974468,0.907699,0.932145,0.67
ballet,OSC,3,0.5,0,2,dancer1,240,3,0.662500,0.514406,0.368005,0.70
ballet,OSC,3,0.5,0,3,dancer1,230,3,0.939130,0.812253,0.824481,0.66
ballet,OSC,3,0.5,0,4,dancer1,229,3,0.829694,0.723124,0.657206,0.65
ballet,OSC,3,0.5,0,5,dancer1,235,3,0.804255,0.668033,0.524887,0.68
ballet,OSC,3,0.5,0,6,dancer1,220,3,0.990909,0.961933,0.973006,0.61
ballet,OSC,3,0.5,0,7,dancer1,237,3,0.805907,0.737397,0.646595,0.69
ballet,OSC,3,0.5,0,8,dancer1,242,3,0.545455,0.628127,0.421086,0.71
ballet,OSC,3,0.5,0,9,dancer1,225,3,0.568889,0.647095,0.452951,0.63
ballet,OSC,3,0.5,0,10,dancer1,258,3,0.674419,0.504286,0.338320,0.78
ballet,OSC,3,0.5,0,11,dancer1,287,3,0.529617,0.647723,0.443349,0.95
ballet,OSC,3,0.5,1,0,dancer2,252,3,0.932540,0.841826,0.835168,0.78
ballet,OSC,3,0.5,1,1,dancer2,187,3,0.497326,0.289561,0.112940,0.48
ballet,OSC,3,0.5,1,2,dancer2,258,3,0.538760,0.641246,0.436016,0.81
ballet,OSC,3,0.5,1,3,dancer2,256,3,0.585938,0.389678,0.221050,0.79
ballet,OSC,3,0.5,1,4,dancer2,238,3,0.579832,0.654236,0.458330,0.69
ballet,OSC,3,0.5,1,5,dancer2,246,3,1.000000,1.000000,1.000000,0.73
ballet,OSC,3,0.5,1,6,dancer2,228,3,0.986842,0.949220,0.960716,0.65
ballet,OSC,3,0.5,1,7,dancer2,244,3,0.717213,0.495546,0.355554,0.71
ballet,OSC,3,0.5,1,8,dancer2,206,3,1.000000,1.000000,1.000000,0.53
ballet,OSC,3,0.5,1,9,dancer2,179,3,0.899441,0.793045,0.729138,0.44
ballet,OSC,3,0.5,1,10,dancer2,223,3,0.937220,0.835489,0.804303,0.63
ballet,OSC,3,0.5,1,11,dancer2,214,3,0.626168,0.672615,0.495930,0.57
ballet,OSC,3,0.5,2,0,dancer3,219,3,0.844749,0.755693,0.683324,0.55
ballet,OSC,3,0.5,2,1,dancer3,254,3,0.751969,0.504343,0.366595,0.71
ballet,OSC,3,0.5,2,2,dancer3,200,3,0.840000,0.738808,0.625770,0.46
ballet,OSC,3,0.5,2,3,dancer3,244,3,0.520492,0.459349,0.288983,0.64
ballet,OSC,3,0.5,2,4,dancer3,207,3,0.898551,0.810526,0.808131,0.50
ballet,OSC,3,0.5,2,5,dancer3,233,3,0.939914,0.856642,0.861601,0.59
ballet,OSC,3,0.5,2,6,dancer3,259,3,0.934363,0.845587,0.834020,0.73
ballet,OSC,3,0.5,2,7,dancer3,219,3,1.000000,1.000000,1.000000,0.56
ballet,OSC,3,0.5,2,8,dancer3,215,3,0.576744,0.355157,0.132041,0.53
ballet,OSC,3,0.5,2,9,dancer3,223,3,1.000000,1.000000,1.000000,0.56
ballet,OSC,3,0.5,2,10,dancer3,201,3,1.000000,1.000000,1.000000,0.47
ballet,OSC,3,0.5,2,11,dancer3,237,3,0.746835,0.678153,0.497678,0.61
ballet,OSC,3,0.5,3,0,dancer4,269,3,0.531599,0.505989,0.334785,0.76
ballet,OSC,3,0.5,3,1,dancer4,224,3,0.580357,0.301166,0.109044,0.55
ballet,OSC,3,0.5,3,2,dancer4,212,3,0.504717,0.542671,0.360943,0.50
ballet,OSC,3,0.5,3,3,dancer4,205,3,0.687805,0.602624,0.418295,0.47
ballet,OSC,3,0.5,3,4,dancer4,283,3,0.501767,0.472943,0.296640,0.83
ballet,OSC,3,0.5,3,5,dancer4,232,3,0.504310,0.501420,0.326479,0.59
ballet,OSC,3,0.5,3,6,dancer4,195,3,0.743590,0.556039,0.446248,0.44
ballet,OSC,3,0.5,3,7,dancer4,205,3,0.687805,0.513244,0.352631,0.48
ballet,OSC,3,0.5,3,8,dancer4,256,3,0.519531,0.397409,0.217743,0.69
ballet,OSC,3,0.5,3,9,dancer4,197,3,0.791878,0.605262,0.552951,0.44
ballet,OSC,3,0.5,3,10,dancer4,226,3,0.756637,0.554885,0.485717,0.55
ballet,OSC,3,0.5,3,11,dancer4,226,3,0.548673,0.488272,0.304815,0.55
ballet,OSC,3,0.5,4,0,dancer5,266,3,1.000000,1.000000,1.000000,0.76
ballet,OSC,3,0.5,4,1,dancer5,238,3,1.000000,1.000000,1.000000,0.63
ballet,OSC,3,0.5,4,2,dancer5,263,3,1.000000,1.000000,1.000000,0.75
ballet,OSC,3,0.5,4,3,dancer5,239,3,0.979079,0.915695,0.941887,0.63
ballet,OSC,3,0.5,4,4,dancer5,231,3,1.000000,1.000000,1.000000,0.60
ballet,OSC,3,0.5,4,5,dancer5,250,3,1.000000,1.000000,1.000000,0.68
ballet,OSC,3,0.5,4,6,dancer5,186,3,1.000000,1.000000,1.000000,0.41
ballet,OSC,3,0.5,4,7,dancer5,207,3,0.787440,0.723480,0.610546,0.49
ballet,OSC,3,0.5,4,8,dancer5,223,3,1.000000,1.000000,1.000000,0.56
ballet,OSC,3,0.5,4,9,dancer5,214,3,1.000000,1.000000,1.000000,0.50
ballet,OSC,3,0.5,4,10,dancer5,225,3,1.000000,1.000000,1.000000,0.56
ballet,OSC,3,0.5,4,11,dancer5,197,3,0.908629,0.802202,0.745652,0.45
ballet,OSC,3,0.5,5,0,dancer6,193,3,0.963731,0.894912,0.902665,0.61
ballet,OSC,3,0.5,5,1,dancer6,238,3,0.525210,0.488879,0.311372,0.84
ballet,OSC,3,0.5,5,2,dancer6,227,3,0.643172,0.667932,0.491574,0.77
ballet,OSC,3,0.5,5,3,dancer6,234,3,0.696581,0.687386,0.527593,0.81
ballet,OSC,3,0.5,5,4,dancer6,237,3,1.000000,1.000000,1.000000,0.84
ballet,OSC,3,0.5,5,5,dancer6,240,3,0.579167,0.639162,0.459041,0.82
ballet,OSC,3,0.5,5,6,dancer6,236,3,0.618644,0.679119,0.508529,0.82
ballet,OSC,3,0.5,5,7,dancer6,239,3,0.677824,0.658365,0.515789,0.83
ballet,OSC,3,0.5,5,8,dancer6,240,3,0.579167,0.344332,0.134176,0.84
ballet,OSC,3,0.5,5,9,dancer6,219,3,0.821918,0.747359,0.670423,0.75
ballet,OSC,3,0.5,5,10,dancer6,179,3,0.569832,0.654429,0.456495,0.54
ballet,OSC,3,0.5,5,11,dancer6,241,3,0.896266,0.789317,0.740442,0.85
ballet,OSC,3,0.5,6,0,dancer7,246,3,1.000000,1.000000,1.000000,0.72
ballet,OSC,3,0.5,6,1,dancer7,201,3,1.000000,1.000000,1.000000,0.51
ballet,OSC,3,0.5,6,2,dancer7,192,3,0.541667,0.654467,0.451171,0.45
ballet,OSC,3,0.5,6,3,dancer7,259,3,0.864865,0.772187,0.719510,0.79
ballet,OSC,3,0.5,6,4,dancer7,242,3,0.871901,0.770581,0.697794,0.71
ballet,OSC,3,0.5,6,5,dancer7,213,3,1.000000,1.000000,1.000000,0.61
ballet,OSC,3,0.5,6,6,dancer7,186,3,1.000000,1.000000,1.000000,0.48
ballet,OSC,3,0.5,6,7,dancer7,243,3,0.995885,0.979909,0.989227,0.72
ballet,OSC,3,0.5,6,8,dancer7,242,3,1.000000,1.000000,1.000000,0.73
ballet,OSC,3,0.5,6,9,dancer7,247,3,0.777328,0.669088,0.494227,0.76
ballet,OSC,3,0.5,6,10,dancer7,232,3,0.974138,0.917793,0.935844,0.67
ballet,OSC,3,0.5,6,11,dancer7,234,3,1.000000,1.000000,1.000000,0.72
ballet,OSC,5,0,0,0,dancer1,422,5,0.672986,0.765154,0.564764,1.71
ballet,OSC,5,0,0,1,dancer1,424,5,0.544811,0.578441,0.299873,1.69
ballet,OSC,5,0,0,2,dancer1,318,5,0.937107,0.891182,0.864256,1.08
ballet,OSC,5,0,0,3,dancer1,377,5,0.726790,0.816725,0.677798,1.44
ballet,OSC,5,0,0,4,dancer1,383,5,0.613577,0.725074,0.550337,1.47
ballet,OSC,5,0,0,5,dancer1,369,5,0.666667,0.650916,0.471234,1.35
ballet,OSC,5,0,0,6,dancer1,410,5,0.651220,0.704248,0.509258,1.66
ballet,OSC,5,0,0,7,dancer1,392,5,0.721939,0.783174,0.611285,1.49
ballet,OSC,5,0,0,8,dancer1,376,5,0.813830,0.793336,0.636432,1.43
ballet,OSC,5,0,0,9,dancer1,363,5,0.754821,0.827193,0.707784,1.34
ballet,OSC,5,0,0,10,dancer1,366,5,0.524590,0.562069,0.256563,1.33
ballet,OSC,5,0,0,11,dancer1,401,5,0.553616,0.692279,0.415217,1.56
ballet,OSC,5,0,1,0,dancer3,376,5,0.930851,0.902542,0.888550,1.53
ballet,OSC,5,0,1,1,dancer3,385,5,0.745455,0.859099,0.702968,1.61
ballet,OSC,5,0,1,2,dancer3,447,5,0.668904,0.713769,0.556040,2.07
ballet,OSC,5,0,1,3,dancer3,358,5,0.698324,0.801897,0.664111,1.42
ballet,OSC,5,0,1,4,dancer3,366,5,0.669399,0.769173,0.596531,1.51
ballet,OSC,5,0,1,5,dancer3,379,5,0.881266,0.838527,0.764137,1.61
ballet,OSC,5,0,1,6,dancer3,384,5,0.815104,0.754686,0.651057,1.66
ballet,OSC,5,0,1,7,dancer3,402,5,0.883085,0.886894,0.789077,1.80
ballet,OSC,5,0,1,8,dancer3,342,5,0.713450,0.812560,0.668669,1.32
ballet,OSC,5,0,1,9,dancer3,345,5,0.823188,0.818960,0.716020,1.32
ballet,OSC,5,0,1,10,dancer3,391,5,0.452685,0.512006,0.213487,1.63
ballet,OSC,5,0,1,11,dancer3,339,5,0.764012,0.873658,0.748347,1.33
ballet,OSC,5,0,2,0,dancer6,372,5,0.602151,0.669194,0.426105,1.38
ballet,OSC,5,0,2,1,dancer6,342,5,0.476608,0.606630,0.346481,1.19
ballet,OSC,5,0,2,2,dancer6,365,5,0.701370,0.760621,0.583072,1.34
ballet,OSC,5,0,2,3,dancer6,341,5,0.753666,0.717400,0.543132,1.19
ballet,OSC,5,0,2,4,dancer6,366,5,0.803279,0.877707,0.737376,1.34
ballet,OSC,5,0,2,5,dancer6,298,5,0.825503,0.794201,0.703627,0.94
ballet,OSC,5,0,2,6,dancer6,357,5,0.778711,0.884593,0.790852,1.28
ballet,OSC,5,0,2,7,dancer6,368,5,0.872283,0.828596,0.737351,1.35
ballet,OSC,5,0,2,8,dancer6,409,5,0.616137,0.679690,0.431273,1.59
ballet,OSC,5,0,2,9,dancer6,399,5,0.551378,0.622034,0.349837,1.53
ballet,OSC,5,0,2,10,dancer6,437,5,1.000000,1.000000,1.000000,1.79
ballet,OSC,5,0,2,11,dancer6,379,5,0.688654,0.644172,0.469450,1.45
ballet,OSC,5,0,3,0,dancer7,373,5,0.898123,0.888030,0.793745,1.55
ballet,OSC,5,0,3,1,dancer7,408,5,0.872549,0.884908,0.788708,1.79
ballet,OSC,5,0,3,2,dancer7,361,5,1.000000,1.000000,1.000000,1.44
ballet,OSC,5,0,3,3,dancer7,398,5,0.706030,0.840623,0.643999,1.72
ballet,OSC,5,0,3,4,dancer7,364,5,1.000000,1.000000,1.000000,1.49
ballet,OSC,5,0,3,5,dancer7,398,5,0.746231,0.793452,0.644143,1.73
ballet,OSC,5,0,3,6,dancer7,349,5,0.765043,0.863506,0.716791,1.37
ballet,OSC,5,0,3,7,dancer7,421,5,0.978622,0.956866,0.950112,1.85
ballet,OSC,5,0,3,8,dancer7,402,5,1.000000,1.000000,1.000000,1.75
ballet,OSC,5,0,3,9,dancer7,461,5,0.731020,0.863399,0.707413,2.15
ballet,OSC,5,0,3,10,dancer7,346,5,0.748555,0.867740,0.730597,1.36
ballet,OSC,5,0,3,11,dancer7,380,5,0.963158,0.925954,0.916631,1.60
ballet,OSC,5,0.25,0,0,dancer1,422,5,0.675355,0.765385,0.565196,1.51
ballet,OSC,5,0.25,0,1,dancer1,424,5,0.547170,0.584535,0.306772,1.53
ballet,OSC,5,0.25,0,2,dancer1,318,5,0.933962,0.887114,0.858246,0.95
ballet,OSC,5,0.25,0,3,dancer1,377,5,0.724138,0.816553,0.677431,1.27
ballet,OSC,5,0.25,0,4,dancer1,383,5,0.600522,0.679841,0.480576,1.30
ballet,OSC,5,0.25,0,5,dancer1,369,5,0.653117,0.652562,0.471197,1.20
ballet,OSC,5,0.25,0,6,dancer1,410,5,0.885366,0.802000,0.733951,1.45
ballet,OSC,5,0.25,0,7,dancer1,392,5,0.721939,0.783174,0.611285,1.33
ballet,OSC,5,0.25,0,8,dancer1,376,5,0.827128,0.810592,0.673197,1.23
ballet,OSC,5,0.25,0,9,dancer1,363,5,0.757576,0.827522,0.708943,1.18
ballet,OSC,5,0.25,0,10,dancer1,366,5,0.661202,0.668808,0.443833,1.26
ballet,OSC,5,0.25,0,11,dancer1,401,5,0.553616,0.692279,0.415217,1.54
ballet,OSC,5,0.25,1,0,dancer3,376,5,0.930851,0.902542,0.888550,1.57
ballet,OSC,5,0.25,1,1,dancer3,385,5,0.742857,0.858808,0.702116,1.60
ballet,OSC,5,0.25,1,2,dancer3,447,5,0.668904,0.713769,0.556040,1.96
ballet,OSC,5,0.25,1,3,dancer3,358,5,0.684358,0.796726,0.652170,1.32
ballet,OSC,5,0.25,1,4,dancer3,366,5,0.672131,0.770844,0.599906,1.38
ballet,OSC,5,0.25,1,5,dancer3,379,5,0.886544,0.842349,0.770925,1.49
ballet,OSC,5,0.25,1,6,dancer3,384,5,0.820312,0.759747,0.660268,1.45
ballet,OSC,5,0.25,1,7,dancer3,402,5,0.883085,0.886894,0.789077,1.59
ballet,OSC,5,0.25,1,8,dancer3,342,5,0.713450,0.809954,0.666453,1.23
ballet,OSC,5,0.25,1,9,dancer3,345,5,0.820290,0.818396,0.714527,1.23
ballet,OSC,5,0.25,1,10,dancer3,391,5,0.777494,0.867877,0.716319,1.54
ballet,OSC,5,0.25,1,11,dancer3,339,5,0.764012,0.873658,0.748347,1.21
ballet,OSC,5,0.25,2,0,dancer6,372,5,0.607527,0.673394,0.430093,1.71
ballet,OSC,5,0.25,2,1,dancer6,342,5,0.476608,0.606630,0.346481,1.45
ballet,OSC,5,0.25,2,2,dancer6,365,5,0.835616,0.812922,0.692379,1.62
ballet,OSC,5,0.25,2,3,dancer6,341,5,0.756598,0.719424,0.546391,1.45
ballet,OSC,5,0.25,2,4,dancer6,366,5,0.803279,0.877707,0.737376,1.65
ballet,OSC,5,0.25,2,5,dancer6,298,5,0.697987,0.793919,0.662548,1.14
ballet,OSC,5,0.25,2,6,dancer6,357,5,0.773109,0.811796,0.710462,1.56
ballet,OSC,5,0.25,2,7,dancer6,368,5,0.866848,0.824890,0.730067,1.65
ballet,OSC,5,0.25,2,8,dancer6,409,5,0.618582,0.676522,0.428492,1.93
ballet,OSC,5,0.25,2,9,dancer6,399,5,0.548872,0.621660,0.349234,1.83
ballet,OSC,5,0.25,2,10,dancer6,437,5,1.000000,1.000000,1.000000,2.13
ballet,OSC,5,0.25,2,11,dancer6,379,5,0.585752,0.626767,0.437023,1.69
ballet,OSC,5,0.25,3,0,dancer7,373,5,1.000000,1.000000,1.000000,1.48
ballet,OSC,5,0.25,3,1,dancer7,408,5,0.870098,0.884384,0.786964,1.61
ballet,OSC,5,0.25,3,2,dancer7,361,5,1.000000,1.000000,1.000000,1.31
ballet,OSC,5,0.25,3,3,dancer7,398,5,0.706030,0.840623,0.643999,1.59
ballet,OSC,5,0.25,3,4,dancer7,364,5,1.000000,1.000000,1.000000,1.36
ballet,OSC,5,0.25,3,5,dancer7,398,5,0.796482,0.884834,0.787765,1.58
ballet,OSC,5,0.25,3,6,dancer7,349,5,0.765043,0.863506,0.716791,1.24
ballet,OSC,5,0.25,3,7,dancer7,421,5,0.990499,0.976016,0.977176,1.70
ballet,OSC,5,0.25,3,8,dancer7,402,5,1.000000,1.000000,1.000000,1.54
ballet,OSC,5,0.25,3,9,dancer7,461,5,0.731020,0.863399,0.707413,2.00
ballet,OSC,5,0.25,3,10,dancer7,346,5,0.751445,0.868502,0.733006,1.21
ballet,OSC,5,0.25,3,11,dancer7,380,5,0.957895,0.918067,0.906294,1.41
ballet,OSC,5,0.5,0,0,dancer1,422,5,0.888626,0.825253,0.731606,2.20
ballet,OSC,5,0.5,0,1,dancer1,424,5,0.695755,0.726912,0.492849,2.35
ballet,OSC,5,0.5,0,2,dancer1,318,5,0.933962,0.887114,0.858246,1.40
ballet,OSC,5,0.5,0,3,dancer1,377,5,0.724138,0.813310,0.673741,1.98
ballet,OSC,5,0.5,0,4,dancer1,383,5,0.600522,0.675367,0.474916,1.91
ballet,OSC,5,0.5,0,5,dancer1,369,5,0.867209,0.847361,0.786637,1.85
ballet,OSC,5,0.5,0,6,dancer1,410,5,0.885366,0.802000,0.733951,2.08
ballet,OSC,5,0.5,0,7,dancer1,392,5,0.724490,0.786591,0.618291,2.04
ballet,OSC,5,0.5,0,8,dancer1,376,5,0.736702,0.860222,0.700066,1.80
ballet,OSC,5,0.5,0,9,dancer1,363,5,0.754821,0.818184,0.702613,1.76
ballet,OSC,5,0.5,0,10,dancer1,366,5,0.530055,0.570150,0.266227,1.72
ballet,OSC,5,0.5,0,11,dancer1,401,5,0.548628,0.683772,0.411969,2.10
ballet,OSC,5,0.5,1,0,dancer3,376,5,0.930851,0.902542,0.888550,1.50
ballet,OSC,5,0.5,1,1,dancer3,385,5,0.857143,0.817840,0.722936,1.54
ballet,OSC,5,0.5,1,2,dancer3,447,5,0.666667,0.710867,0.550746,1.93
ballet,OSC,5,0.5,1,3,dancer3,358,5,0.673184,0.793679,0.644512,1.37
ballet,OSC,5,0.5,1,4,dancer3,366,5,0.696721,0.786661,0.645286,1.43
ballet,OSC,5,0.5,1,5,dancer3,379,5,0.886544,0.842349,0.770925,1.51
ballet,OSC,5,0.5,1,6,dancer3,384,5,0.809896,0.750533,0.643274,1.54
ballet,OSC,5,0.5,1,7,dancer3,402,5,0.880597,0.886182,0.786823,1.64
ballet,OSC,5,0.5,1,8,dancer3,342,5,0.713450,0.809954,0.666453,1.31
ballet,OSC,5,0.5,1,9,dancer3,345,5,0.855072,0.828985,0.747439,1.29
ballet,OSC,5,0.5,1,10,dancer3,391,5,0.900256,0.893876,0.810222,1.58
ballet,OSC,5,0.5,1,11,dancer3,339,5,0.902655,0.899397,0.831600,1.23
ballet,OSC,5,0.5,2,0,dancer6,372,5,0.596774,0.674479,0.432033,1.43
ballet,OSC,5,0.5,2,1,dancer6,342,5,0.476608,0.606630,0.346481,1.24
ballet,OSC,5,0.5,2,2,dancer6,365,5,0.827397,0.811255,0.686301,1.38
ballet,OSC,5,0.5,2,3,dancer6,341,5,0.741935,0.702412,0.528530,1.24
ballet,OSC,5,0.5,2,4,dancer6,366,5,0.803279,0.877707,0.737376,1.38
ballet,OSC,5,0.5,2,5,dancer6,298,5,0.694631,0.790377,0.656919,1.00
ballet,OSC,5,0.5,2,6,dancer6,357,5,0.773109,0.811796,0.710462,1.33
ballet,OSC,5,0.5,2,7,dancer6,368,5,0.858696,0.812257,0.717176,1.40
ballet,OSC,5,0.5,2,8,dancer6,409,5,0.618582,0.676522,0.428492,1.66
ballet,OSC,5,0.5,2,9,dancer6,399,5,0.538847,0.604472,0.328660,1.61
ballet,OSC,5,0.5,2,10,dancer6,437,5,1.000000,1.000000,1.000000,1.85
ballet,OSC,5,0.5,2,11,dancer6,379,5,0.617414,0.654712,0.463213,1.46
ballet,OSC,5,0.5,3,0,dancer7,373,5,0.895442,0.886916,0.790461,1.52
ballet,OSC,5,0.5,3,1,dancer7,408,5,0.867647,0.876003,0.781084,1.70
ballet,OSC,5,0.5,3,2,dancer7,361,5,1.000000,1.000000,1.000000,1.40
ballet,OSC,5,0.5,3,3,dancer7,398,5,0.713568,0.842473,0.648945,1.64
ballet,OSC,5,0.5,3,4,dancer7,364,5,1.000000,1.000000,1.000000,1.42
ballet,OSC,5,0.5,3,5,dancer7,398,5,0.733668,0.782698,0.619810,1.65
ballet,OSC,5,0.5,3,6,dancer7,349,5,0.767908,0.864043,0.718311,1.34
ballet,OSC,5,0.5,3,7,dancer7,421,5,0.985748,0.967641,0.966216,1.79
ballet,OSC,5,0.5,3,8,dancer7,402,5,0.997512,0.991793,0.994513,1.63
ballet,OSC,5,0.5,3,9,dancer7,461,5,0.731020,0.863399,0.707413,2.10
ballet,OSC,5,0.5,3,10,dancer7,346,5,0.751445,0.868502,0.733006,1.31
ballet,OSC,5,0.5,3,11,dancer7,380,5,0.955263,0.909558,0.901303,1.52
ballet,BD-OSC,3,0,0,0,dancer1,246,3,0.487805,0.410298,0.226565,16.24
ballet,BD-OSC,3,0,0,1,dancer1,235,3,0.557447,0.322073,0.098088,15.86
ballet,BD-OSC,3,0,0,2,dancer1,240,3,0.579167,0.379416,0.167803,16.52
ballet,BD-OSC,3,0,0,3,dancer1,230,3,0.830435,0.715422,0.642831,15.72
ballet,BD-OSC,3,0,0,4,dancer1,229,3,0.943231,0.854032,0.851286,15.13
ballet,BD-OSC,3,0,0,5,dancer1,235,3,0.536170,0.608178,0.395181,13.55
ballet,BD-OSC,3,0,0,6,dancer1,220,3,0.563636,0.597073,0.423116,9.60
ballet,BD-OSC,3,0,0,7,dancer1,237,3,0.789030,0.697637,0.621552,9.86
ballet,BD-OSC,3,0,0,8,dancer1,242,3,0.578512,0.543799,0.404599,16.67
ballet,BD-OSC,3,0,0,9,dancer1,225,3,0.555556,0.514928,0.354020,15.55
ballet,BD-OSC,3,0,0,10,dancer1,258,3,0.577519,0.650490,0.454361,17.71
ballet,BD-OSC,3,0,0,11,dancer1,287,3,0.797909,0.703898,0.590989,21.03
ballet,BD-OSC,3,0,1,0,dancer2,252,3,0.654762,0.537696,0.399053,3.54
ballet,BD-OSC,3,0,1,1,dancer2,187,3,0.475936,0.251355,0.046658,1.96
ballet,BD-OSC,3,0,1,2,dancer2,258,3,0.786822,0.706677,0.570928,4.02
ballet,BD-OSC,3,0,1,3,dancer2,256,3,0.609375,0.427432,0.262710,4.38
ballet,BD-OSC,3,0,1,4,dancer2,238,3,0.584034,0.580848,0.434630,3.27
ballet,BD-OSC,3,0,1,5,dancer2,246,3,0.849593,0.729005,0.652045,3.41
ballet,BD-OSC,3,0,1,6,dancer2,228,3,0.557018,0.650128,0.449075,3.04
ballet,BD-OSC,3,0,1,7,dancer2,244,3,0.725410,0.543477,0.443073,3.47
ballet,BD-OSC,3,0,1,8,dancer2,206,3,0.859223,0.731309,0.670530,2.42
ballet,BD-OSC,3,0,1,9,dancer2,179,3,0.832402,0.731367,0.605495,1.82
ballet,BD-OSC,3,0,1,10,dancer2,223,3,0.645740,0.615060,0.483774,2.86
ballet,BD-OSC,3,0,1,11,dancer2,214,3,0.607477,0.562964,0.411928,2.61
ballet,BD-OSC,3,0,2,0,dancer3,219,3,0.826484,0.745261,0.663120,2.55
ballet,BD-OSC,3,0,2,1,dancer3,254,3,0.791339,0.551599,0.441190,3.44
ballet,BD-OSC,3,0,2,2,dancer3,200,3,0.895000,0.789206,0.724090,2.15
ballet,BD-OSC,3,0,2,3,dancer3,244,3,0.704918,0.555401,0.451665,3.11
ballet,BD-OSC,3,0,2,4,dancer3,207,3,0.995169,0.977144,0.988769,2.33
ballet,BD-OSC,3,0,2,5,dancer3,233,3,0.854077,0.673218,0.662468,2.87
ballet,BD-OSC,3,0,2,6,dancer3,259,3,0.498069,0.401265,0.234469,3.59
ballet,BD-OSC,3,0,2,7,dancer3,219,3,0.589041,0.527836,0.402691,2.59
ballet,BD-OSC,3,0,2,8,dancer3,215,3,0.623256,0.410845,0.209676,2.41
ballet,BD-OSC,3,0,2,9,dancer3,223,3,0.569507,0.667229,0.471433,2.62
ballet,BD-OSC,3,0,2,10,dancer3,201,3,0.800995,0.708879,0.555247,2.08
ballet,BD-OSC,3,0,2,11,dancer3,237,3,0.523207,0.356854,0.197471,2.97
ballet,BD-OSC,3,0,3,0,dancer4,269,3,0.527881,0.471662,0.298511,4.07
ballet,BD-OSC,3,0,3,1,dancer4,224,3,0.526786,0.561110,0.401977,2.79
ballet,BD-OSC,3,0,3,2,dancer4,212,3,0.820755,0.705790,0.656252,2.46
ballet,BD-OSC,3,0,3,3,dancer4,205,3,0.663415,0.484081,0.329420,2.37
ballet,BD-OSC,3,0,3,4,dancer4,283,3,0.643110,0.506106,0.371351,4.61
ballet,BD-OSC,3,0,3,5,dancer4,232,3,0.814655,0.617922,0.566823,2.90
ballet,BD-OSC,3,0,3,6,dancer4,195,3,0.825641,0.688495,0.589521,2.16
ballet,BD-OSC,3,0,3,7,dancer4,205,3,0.687805,0.561894,0.426984,2.35
ballet,BD-OSC,3,0,3,8,dancer4,256,3,0.531250,0.398233,0.220162,4.18
ballet,BD-OSC,3,0,3,9,dancer4,197,3,0.573604,0.366407,0.161968,2.14
ballet,BD-OSC,3,0,3,10,dancer4,226,3,0.584071,0.567281,0.401279,2.76
ballet,BD-OSC,3,0,3,11,dancer4,226,3,0.491150,0.205483,0.029470,2.74
ballet,BD-OSC,3,0,4,0,dancer5,266,3,0.849624,0.659744,0.620013,4.01
ballet,BD-OSC,3,0,4,1,dancer5,238,3,0.554622,0.545598,0.376784,3.22
ballet,BD-OSC,3,0,4,2,dancer5,263,3,0.942966,0.824532,0.832966,4.16
ballet,BD-OSC,3,0,4,3,dancer5,239,3,0.564854,0.592288,0.417559,3.31
ballet,BD-OSC,3,0,4,4,dancer5,231,3,0.826840,0.689052,0.649901,3.12
ballet,BD-OSC,3,0,4,5,dancer5,250,3,0.892000,0.720003,0.717811,3.60
ballet,BD-OSC,3,0,4,6,dancer5,186,3,0.779570,0.598354,0.471821,2.03
ballet,BD-OSC,3,0,4,7,dancer5,207,3,0.714976,0.595734,0.488195,2.55
ballet,BD-OSC,3,0,4,8,dancer5,223,3,0.874439,0.705224,0.660400,2.87
ballet,BD-OSC,3,0,4,9,dancer5,214,3,0.836449,0.664978,0.573062,2.60
ballet,BD-OSC,3,0,4,10,dancer5,225,3,0.937778,0.836809,0.806327,2.95
ballet,BD-OSC,3,0,4,11,dancer5,197,3,0.746193,0.648037,0.499318,2.24
ballet,BD-OSC,3,0,5,0,dancer6,193,3,0.989637,0.951091,0.968894,2.05
ballet,BD-OSC,3,0,5,1,dancer6,238,3,0.521008,0.298979,0.126808,3.30
ballet,BD-OSC,3,0,5,2,dancer6,227,3,0.709251,0.631645,0.525547,3.03
ballet,BD-OSC,3,0,5,3,dancer6,234,3,0.581197,0.605329,0.427213,3.11
ballet,BD-OSC,3,0,5,4,dancer6,237,3,0.751055,0.643405,0.559664,3.29
ballet,BD-OSC,3,0,5,5,dancer6,240,3,0.662500,0.459890,0.276968,3.44
ballet,BD-OSC,3,0,5,6,dancer6,236,3,0.707627,0.562439,0.454020,3.15
ballet,BD-OSC,3,0,5,7,dancer6,239,3,0.661088,0.550036,0.419897,3.29
ballet,BD-OSC,3,0,5,8,dancer6,240,3,0.604167,0.373453,0.172400,3.39
ballet,BD-OSC,3,0,5,9,dancer6,219,3,0.712329,0.491835,0.330187,2.77
ballet,BD-OSC,3,0,5,10,dancer6,179,3,0.553073,0.562975,0.411232,1.75
ballet,BD-OSC,3,0,5,11,dancer6,241,3,0.721992,0.521919,0.397317,3.27
ballet,BD-OSC,3,0,6,0,dancer7,246,3,0.394309,0.206441,0.028670,3.60
ballet,BD-OSC,3,0,6,1,dancer7,201,3,0.552239,0.385254,0.219900,2.33
ballet,BD-OSC,3,0,6,2,dancer7,192,3,0.557292,0.628007,0.440471,2.29
ballet,BD-OSC,3,0,6,3,dancer7,259,3,0.779923,0.708613,0.618576,4.16
ballet,BD-OSC,3,0,6,4,dancer7,242,3,0.557851,0.554936,0.404914,3.52
ballet,BD-OSC,3,0,6,5,dancer7,213,3,0.854460,0.669497,0.612618,2.75
ballet,BD-OSC,3,0,6,6,dancer7,186,3,0.913978,0.764518,0.755712,2.02
ballet,BD-OSC,3,0,6,7,dancer7,243,3,0.847737,0.766232,0.716627,3.51
ballet,BD-OSC,3,0,6,8,dancer7,242,3,0.520661,0.451306,0.290872,3.54
ballet,BD-OSC,3,0,6,9,dancer7,247,3,0.773279,0.572130,0.507553,3.72
ballet,BD-OSC,3,0,6,10,dancer7,232,3,0.456897,0.258032,0.050408,3.18
ballet,BD-OSC,3,0,6,11,dancer7,234,3,0.799145,0.594509,0.501758,3.25
ballet,BD-OSC,3,0.25,0,0,dancer1,246,3,0.682927,0.557000,0.431219,4.02
ballet,BD-OSC,3,0.25,0,1,dancer1,235,3,0.553191,0.568629,0.397178,3.60
ballet,BD-OSC,3,0.25,0,2,dancer1,240,3,0.633333,0.548157,0.459948,3.90
ballet,BD-OSC,3,0.25,0,3,dancer1,230,3,0.813043,0.671915,0.601945,3.46
ballet,BD-OSC,3,0.25,0,4,dancer1,229,3,0.572052,0.626857,0.465862,3.58
ballet,BD-OSC,3,0.25,0,5,dancer1,235,3,0.578723,0.469069,0.323800,3.61
ballet,BD-OSC,3,0.25,0,6,dancer1,220,3,0.486364,0.233463,0.038804,3.31
ballet,BD-OSC,3,0.25,0,7,dancer1,237,3,0.839662,0.677357,0.632168,3.78
ballet,BD-OSC,3,0.25,0,8,dancer1,242,3,0.657025,0.532304,0.408474,3.90
ballet,BD-OSC,3,0.25,0,9,dancer1,225,3,0.586667,0.423502,0.239273,3.37
ballet,BD-OSC,3,0.25,0,10,dancer1,258,3,0.531008,0.424272,0.241265,4.53
ballet,BD-OSC,3,0.25,0,11,dancer1,287,3,0.560976,0.516329,0.386883,5.64
ballet,BD-OSC,3,0.25,1,0,dancer2,252,3,0.805556,0.647454,0.584615,4.20
ballet,BD-OSC,3,0.25,1,1,dancer2,187,3,0.647059,0.460460,0.291182,2.42
ballet,BD-OSC,3,0.25,1,2,dancer2,258,3,0.523256,0.637295,0.446830,4.68
ballet,BD-OSC,3,0.25,1,3,dancer2,256,3,0.546875,0.505174,0.362551,5.18
ballet,BD-OSC,3,0.25,1,4,dancer2,238,3,0.806723,0.610791,0.547885,3.96
ballet,BD-OSC,3,0.25,1,5,dancer2,246,3,0.898374,0.791271,0.738905,4.20
ballet,BD-OSC,3,0.25,1,6,dancer2,228,3,0.552632,0.492168,0.360881,3.69
ballet,BD-OSC,3,0.25,1,7,dancer2,244,3,0.926230,0.791765,0.788657,4.14
ballet,BD-OSC,3,0.25,1,8,dancer2,206,3,0.674757,0.484066,0.325621,3.02
ballet,BD-OSC,3,0.25,1,9,dancer2,179,3,0.664804,0.498033,0.377894,2.21
ballet,BD-OSC,3,0.25,1,10,dancer2,223,3,0.645740,0.579363,0.461825,3.52
ballet,BD-OSC,3,0.25,1,11,dancer2,214,3,0.551402,0.628516,0.439237,3.21
ballet,BD-OSC,3,0.25,2,0,dancer3,219,3,0.780822,0.606967,0.538552,3.26
ballet,BD-OSC,3,0.25,2,1,dancer3,254,3,0.716535,0.555576,0.425829,4.30
ballet,BD-OSC,3,0.25,2,2,dancer3,200,3,0.840000,0.652352,0.595098,2.68
ballet,BD-OSC,3,0.25,2,3,dancer3,244,3,0.647541,0.542415,0.422197,3.88
ballet,BD-OSC,3,0.25,2,4,dancer3,207,3,0.628019,0.637572,0.430627,2.91
ballet,BD-OSC,3,0.25,2,5,dancer3,233,3,0.613734,0.532821,0.394981,3.59
ballet,BD-OSC,3,0.25,2,6,dancer3,259,3,0.544402,0.572367,0.416870,4.55
ballet,BD-OSC,3,0.25,2,7,dancer3,219,3,0.767123,0.597981,0.521077,3.26
ballet,BD-OSC,3,0.25,2,8,dancer3,215,3,0.865116,0.702402,0.688622,3.09
ballet,BD-OSC,3,0.25,2,9,dancer3,223,3,0.659193,0.679741,0.513960,3.33
ballet,BD-OSC,3,0.25,2,10,dancer3,201,3,0.950249,0.844110,0.859668,2.65
ballet,BD-OSC,3,0.25,2,11,dancer3,237,3,0.628692,0.331800,0.164723,3.73
ballet,BD-OSC,3,0.25,3,0,dancer4,269,3,0.643123,0.563134,0.434923,4.87
ballet,BD-OSC,3,0.25,3,1,dancer4,224,3,0.535714,0.591655,0.415945,3.42
ballet,BD-OSC,3,0.25,3,2,dancer4,212,3,0.669811,0.646899,0.511185,3.04
ballet,BD-OSC,3,0.25,3,3,dancer4,205,3,0.897561,0.757724,0.712882,2.97
ballet,BD-OSC,3,0.25,3,4,dancer4,283,3,0.798587,0.696259,0.576365,5.52
ballet,BD-OSC,3,0.25,3,5,dancer4,232,3,0.948276,0.850451,0.851385,3.57
ballet,BD-OSC,3,0.25,3,6,dancer4,195,3,0.748718,0.557435,0.436419,2.64
ballet,BD-OSC,3,0.25,3,7,dancer4,205,3,0.541463,0.247881,0.071737,2.95
ballet,BD-OSC,3,0.25,3,8,dancer4,256,3,0.453125,0.222169,0.049056,5.02
ballet,BD-OSC,3,0.25,3,9,dancer4,197,3,0.609137,0.518012,0.396516,2.68
ballet,BD-OSC,3,0.25,3,10,dancer4,226,3,0.681416,0.478059,0.290513,3.38
ballet,BD-OSC,3,0.25,3,11,dancer4,226,3,0.911504,0.758236,0.789366,3.44
ballet,BD-OSC,3,0.25,4,0,dancer5,266,3,0.887218,0.717621,0.691825,4.71
ballet,BD-OSC,3,0.25,4,1,dancer5,238,3,0.436975,0.191959,0.016033,3.78
ballet,BD-OSC,3,0.25,4,2,dancer5,263,3,0.604563,0.511026,0.407522,4.76
ballet,BD-OSC,3,0.25,4,3,dancer5,239,3,0.786611,0.622771,0.565732,3.93
ballet,BD-OSC,3,0.25,4,4,dancer5,231,3,0.848485,0.723809,0.684860,3.62
ballet,BD-OSC,3,0.25,4,5,dancer5,250,3,0.776000,0.579868,0.525422,4.14
ballet,BD-OSC,3,0.25,4,6,dancer5,186,3,0.774194,0.564971,0.478711,2.39
ballet,BD-OSC,3,0.25,4,7,dancer5,207,3,0.589372,0.604231,0.437854,3.05
ballet,BD-OSC,3,0.25,4,8,dancer5,223,3,0.811659,0.613181,0.541597,3.38
ballet,BD-OSC,3,0.25,4,9,dancer5,214,3,0.668224,0.386398,0.215164,3.02
ballet,BD-OSC,3,0.25,4,10,dancer5,225,3,0.520000,0.418491,0.265723,3.43
ballet,BD-OSC,3,0.25,4,11,dancer5,197,3,0.705584,0.578402,0.473590,2.68
ballet,BD-OSC,3,0.25,5,0,dancer6,193,3,0.735751,0.692663,0.584937,3.15
ballet,BD-OSC,3,0.25,5,1,dancer6,238,3,0.500000,0.298110,0.092576,5.12
ballet,BD-OSC,3,0.25,5,2,dancer6,227,3,0.418502,0.191714,0.008229,4.62
ballet,BD-OSC,3,0.25,5,3,dancer6,234,3,0.735043,0.694741,0.543322,4.93
ballet,BD-OSC,3,0.25,5,4,dancer6,237,3,0.797468,0.677918,0.613176,5.12
ballet,BD-OSC,3,0.25,5,5,dancer6,240,3,0.633333,0.555114,0.435374,5.23
ballet,BD-OSC,3,0.25,5,6,dancer6,236,3,0.682203,0.560873,0.443893,4.78
ballet,BD-OSC,3,0.25,5,7,dancer6,239,3,0.698745,0.585331,0.523973,5.14
ballet,BD-OSC,3,0.25,5,8,dancer6,240,3,0.666667,0.429805,0.237801,5.33
ballet,BD-OSC,3,0.25,5,9,dancer6,219,3,0.753425,0.547017,0.422551,4.38
ballet,BD-OSC,3,0.25,5,10,dancer6,179,3,0.675978,0.439527,0.250840,2.76
ballet,BD-OSC,3,0.25,5,11,dancer6,241,3,0.771784,0.526957,0.418581,5.25
ballet,BD-OSC,3,0.25,6,0,dancer7,246,3,0.528455,0.295790,0.092357,4.00
ballet,BD-OSC,3,0.25,6,1,dancer7,201,3,0.592040,0.522566,0.369930,2.73
ballet,BD-OSC,3,0.25,6,2,dancer7,192,3,0.562500,0.656674,0.456951,2.60
ballet,BD-OSC,3,0.25,6,3,dancer7,259,3,0.845560,0.682800,0.616817,4.64
ballet,BD-OSC,3,0.25,6,4,dancer7,242,3,0.785124,0.569941,0.453714,3.92
ballet,BD-OSC,3,0.25,6,5,dancer7,213,3,0.521127,0.297190,0.131666,3.08
ballet,BD-OSC,3,0.25,6,6,dancer7,186,3,0.795699,0.646786,0.538873,2.34
ballet,BD-OSC,3,0.25,6,7,dancer7,243,3,0.777778,0.618885,0.564051,3.92
ballet,BD-OSC,3,0.25,6,8,dancer7,242,3,0.528926,0.504423,0.356968,3.91
ballet,BD-OSC,3,0.25,6,9,dancer7,247,3,0.538462,0.458556,0.318689,4.19
ballet,BD-OSC,3,0.25,6,10,dancer7,232,3,0.392241,0.119744,-0.014655,3.53
ballet,BD-OSC,3,0.25,6,11,dancer7,234,3,0.525641,0.424457,0.270633,3.60
ballet,BD-OSC,3,0.5,0,0,dancer1,246,3,0.573171,0.637216,0.453840,5.56
ballet,BD-OSC,3,0.5,0,1,dancer1,235,3,0.493617,0.283025,0.091237,5.08
ballet,BD-OSC,3,0.5,0,2,dancer1,240,3,0.683333,0.557908,0.505330,5.42
ballet,BD-OSC,3,0.5,0,3,dancer1,230,3,0.647826,0.568927,0.443036,4.94
ballet,BD-OSC,3,0.5,0,4,dancer1,229,3,0.497817,0.318113,0.097952,5.02
ballet,BD-OSC,3,0.5,0,5,dancer1,235,3,0.714894,0.514667,0.418090,5.12
ballet,BD-OSC,3,0.5,0,6,dancer1,220,3,0.631818,0.519221,0.421798,4.56
ballet,BD-OSC,3,0.5,0,7,dancer1,237,3,0.759494,0.565605,0.480515,5.34
ballet,BD-OSC,3,0.5,0,8,dancer1,242,3,0.512397,0.354664,0.204490,5.44
ballet,BD-OSC,3,0.5,0,9,dancer1,225,3,0.524444,0.374572,0.180642,4.80
ballet,BD-OSC,3,0.5,0,10,dancer1,258,3,0.507752,0.421361,0.231997,6.27
ballet,BD-OSC,3,0.5,0,11,dancer1,287,3,0.512195,0.414568,0.247245,7.73
ballet,BD-OSC,3,0.5,1,0,dancer2,252,3,0.523810,0.514978,0.365280,4.20
ballet,BD-OSC,3,0.5,1,1,dancer2,187,3,0.609626,0.433151,0.256420,2.47
ballet,BD-OSC,3,0.5,1,2,dancer2,258,3,0.391473,0.160575,0.016562,4.80
ballet,BD-OSC,3,0.5,1,3,dancer2,256,3,0.539062,0.239636,0.067200,5.32
ballet,BD-OSC,3,0.5,1,4,dancer2,238,3,0.516807,0.617088,0.422704,4.01
ballet,BD-OSC,3,0.5,1,5,dancer2,246,3,0.439024,0.203264,0.029269,4.22
ballet,BD-OSC,3,0.5,1,6,dancer2,228,3,0.701754,0.634845,0.503210,3.71
ballet,BD-OSC,3,0.5,1,7,dancer2,244,3,0.721311,0.535364,0.425936,4.14
ballet,BD-OSC,3,0.5,1,8,dancer2,206,3,0.572816,0.591528,0.427556,3.00
ballet,BD-OSC,3,0.5,1,9,dancer2,179,3,0.575419,0.461286,0.312787,2.28
ballet,BD-OSC,3,0.5,1,10,dancer2,223,3,0.654709,0.513567,0.373015,3.54
ballet,BD-OSC,3,0.5,1,11,dancer2,214,3,0.495327,0.375245,0.191817,3.17
ballet,BD-OSC,3,0.5,2,0,dancer3,219,3,0.703196,0.605795,0.501511,3.41
ballet,BD-OSC,3,0.5,2,1,dancer3,254,3,0.496063,0.323166,0.165267,4.47
ballet,BD-OSC,3,0.5,2,2,dancer3,200,3,0.735000,0.627272,0.502912,2.80
ballet,BD-OSC,3,0.5,2,3,dancer3,244,3,0.848361,0.734449,0.668662,4.05
ballet,BD-OSC,3,0.5,2,4,dancer3,207,3,0.927536,0.785908,0.799790,3.05
ballet,BD-OSC,3,0.5,2,5,dancer3,233,3,0.635193,0.527647,0.461718,3.73
ballet,BD-OSC,3,0.5,2,6,dancer3,259,3,0.714286,0.474681,0.309719,4.71
ballet,BD-OSC,3,0.5,2,7,dancer3,219,3,0.730594,0.610230,0.566965,3.38
ballet,BD-OSC,3,0.5,2,8,dancer3,215,3,0.525581,0.393511,0.218027,3.17
ballet,BD-OSC,3,0.5,2,9,dancer3,223,3,0.672646,0.570214,0.452354,3.43
ballet,BD-OSC,3,0.5,2,10,dancer3,201,3,0.671642,0.548915,0.505114,2.68
ballet,BD-OSC,3,0.5,2,11,dancer3,237,3,0.527426,0.297514,0.144187,3.82
ballet,BD-OSC,3,0.5,3,0,dancer4,269,3,0.639405,0.425536,0.256761,5.16
ballet,BD-OSC,3,0.5,3,1,dancer4,224,3,0.732143,0.535772,0.453202,3.57
ballet,BD-OSC,3,0.5,3,2,dancer4,212,3,0.820755,0.633681,0.617324,3.21
ballet,BD-OSC,3,0.5,3,3,dancer4,205,3,0.673171,0.604467,0.455596,3.11
ballet,BD-OSC,3,0.5,3,4,dancer4,283,3,0.406360,0.163959,0.025435,5.73
ballet,BD-OSC,3,0.5,3,5,dancer4,232,3,0.875000,0.769070,0.689495,3.67
ballet,BD-OSC,3,0.5,3,6,dancer4,195,3,0.605128,0.349053,0.163771,2.71
ballet,BD-OSC,3,0.5,3,7,dancer4,205,3,0.434146,0.235584,0.105060,3.08
ballet,BD-OSC,3,0.5,3,8,dancer4,256,3,0.558594,0.468490,0.299535,5.84
ballet,BD-OSC,3,0.5,3,9,dancer4,197,3,0.619289,0.613838,0.454998,2.94
ballet,BD-OSC,3,0.5,3,10,dancer4,226,3,0.508850,0.402391,0.201636,5.20
ballet,BD-OSC,3,0.5,3,11,dancer4,226,3,0.566372,0.397141,0.249406,4.31
ballet,BD-OSC,3,0.5,4,0,dancer5,266,3,0.578947,0.289457,0.104149,4.78
ballet,BD-OSC,3,0.5,4,1,dancer5,238,3,0.676471,0.503686,0.334081,3.88
ballet,BD-OSC,3,0.5,4,2,dancer5,263,3,0.368821,0.149004,0.008108,4.87
ballet,BD-OSC,3,0.5,4,3,dancer5,239,3,0.573222,0.639731,0.455170,3.94
ballet,BD-OSC,3,0.5,4,4,dancer5,231,3,0.632035,0.509239,0.374754,3.69
ballet,BD-OSC,3,0.5,4,5,dancer5,250,3,0.584000,0.377623,0.219026,4.17
ballet,BD-OSC,3,0.5,4,6,dancer5,186,3,0.865591,0.672465,0.621918,2.42
ballet,BD-OSC,3,0.5,4,7,dancer5,207,3,0.521739,0.475047,0.297648,3.03
ballet,BD-OSC,3,0.5,4,8,dancer5,223,3,0.623318,0.344402,0.186960,3.47
ballet,BD-OSC,3,0.5,4,9,dancer5,214,3,0.640187,0.351489,0.183539,3.10
ballet,BD-OSC,3,0.5,4,10,dancer5,225,3,0.786667,0.617279,0.570087,3.50
ballet,BD-OSC,3,0.5,4,11,dancer5,197,3,0.761421,0.642783,0.534211,2.75
ballet,BD-OSC,3,0.5,5,0,dancer6,193,3,0.813472,0.615989,0.563867,2.50
ballet,BD-OSC,3,0.5,5,1,dancer6,238,3,0.764706,0.544254,0.410142,3.93
ballet,BD-OSC,3,0.5,5,2,dancer6,227,3,0.577093,0.574754,0.437612,3.46
ballet,BD-OSC,3,0.5,5,3,dancer6,234,3,0.726496,0.614687,0.499017,3.72
ballet,BD-OSC,3,0.5,5,4,dancer6,237,3,0.839662,0.689616,0.647909,3.83
ballet,BD-OSC,3,0.5,5,5,dancer6,240,3,0.500000,0.283837,0.107082,4.00
ballet,BD-OSC,3,0.5,5,6,dancer6,236,3,0.889831,0.769563,0.724341,3.60
ballet,BD-OSC,3,0.5,5,7,dancer6,239,3,0.740586,0.619421,0.551830,3.96
ballet,BD-OSC,3,0.5,5,8,dancer6,240,3,0.508333,0.289759,0.111697,3.98
ballet,BD-OSC,3,0.5,5,9,dancer6,219,3,0.730594,0.545625,0.423343,3.36
ballet,BD-OSC,3,0.5,5,10,dancer6,179,3,0.553073,0.309742,0.107195,2.14
ballet,BD-OSC,3,0.5,5,11,dancer6,241,3,0.684647,0.492311,0.368108,4.00
ballet,BD-OSC,3,0.5,6,0,dancer7,246,3,0.467480,0.217696,0.031135,4.10
ballet,BD-OSC,3,0.5,6,1,dancer7,201,3,0.611940,0.312583,0.141471,2.80
ballet,BD-OSC,3,0.5,6,2,dancer7,192,3,0.416667,0.180169,0.055853,2.65
ballet,BD-OSC,3,0.5,6,3,dancer7,259,3,0.544402,0.481579,0.314030,4.72
ballet,BD-OSC,3,0.5,6,4,dancer7,242,3,0.566116,0.631316,0.447942,4.05
ballet,BD-OSC,3,0.5,6,5,dancer7,213,3,0.403756,0.164786,0.003849,3.18
ballet,BD-OSC,3,0.5,6,6,dancer7,186,3,0.677419,0.423008,0.261142,2.42
ballet,BD-OSC,3,0.5,6,7,dancer7,243,3,0.497942,0.272508,0.108112,4.05
ballet,BD-OSC,3,0.5,6,8,dancer7,242,3,0.541322,0.410067,0.241299,3.99
ballet,BD-OSC,3,0.5,6,9,dancer7,247,3,0.554656,0.472681,0.343876,4.27
ballet,BD-OSC,3,0.5,6,10,dancer7,232,3,0.581897,0.550974,0.401321,3.63
ballet,BD-OSC,3,0.5,6,11,dancer7,234,3,0.589744,0.495830,0.370300,3.69
ballet,BD-OSC,5,0,0,0,dancer1,422,5,0.651659,0.789448,0.610931,11.73
ballet,BD-OSC,5,0,0,1,dancer1,424,5,0.525943,0.551679,0.267416,11.92
ballet,BD-OSC,5,0,0,2,dancer1,318,5,0.641509,0.669139,0.432443,6.03
ballet,BD-OSC,5,0,0,3,dancer1,377,5,0.668435,0.652521,0.453969,8.82
ballet,BD-OSC,5,0,0,4,dancer1,383,5,0.644909,0.678272,0.520569,9.28
ballet,BD-OSC,5,0,0,5,dancer1,369,5,0.593496,0.610372,0.390150,8.31
ballet,BD-OSC,5,0,0,6,dancer1,410,5,0.639024,0.711892,0.509587,10.78
ballet,BD-OSC,5,0,0,7,dancer1,392,5,0.517857,0.524182,0.301482,9.48
ballet,BD-OSC,5,0,0,8,dancer1,376,5,0.529255,0.676191,0.492502,8.64
ballet,BD-OSC,5,0,0,9,dancer1,363,5,0.484848,0.668760,0.395071,8.30
ballet,BD-OSC,5,0,0,10,dancer1,366,5,0.680328,0.747624,0.602175,8.28
ballet,BD-OSC,5,0,0,11,dancer1,401,5,0.558603,0.686530,0.424903,10.36
ballet,BD-OSC,5,0,1,0,dancer3,376,5,0.720745,0.794944,0.684781,8.89
ballet,BD-OSC,5,0,1,1,dancer3,385,5,0.750649,0.749260,0.606721,9.49
ballet,BD-OSC,5,0,1,2,dancer3,447,5,0.838926,0.760190,0.650596,13.78
ballet,BD-OSC,5,0,1,3,dancer3,358,5,0.952514,0.900753,0.881492,7.91
ballet,BD-OSC,5,0,1,4,dancer3,366,5,0.778689,0.852277,0.760569,8.39
ballet,BD-OSC,5,0,1,5,dancer3,379,5,0.620053,0.621797,0.410802,9.02
ballet,BD-OSC,5,0,1,6,dancer3,384,5,0.828125,0.745312,0.656360,10.44
ballet,BD-OSC,5,0,1,7,dancer3,402,5,0.636816,0.731976,0.569686,10.49
ballet,BD-OSC,5,0,1,8,dancer3,342,5,0.807018,0.737503,0.617181,7.24
ballet,BD-OSC,5,0,1,9,dancer3,345,5,0.863768,0.780689,0.698388,7.22
ballet,BD-OSC,5,0,1,10,dancer3,391,5,0.833760,0.844442,0.730302,9.70
ballet,BD-OSC,5,0,1,11,dancer3,339,5,0.799410,0.796927,0.696514,7.33
ballet,BD-OSC,5,0,2,0,dancer6,372,5,0.596774,0.670253,0.431908,8.84
ballet,BD-OSC,5,0,2,1,dancer6,342,5,0.461988,0.516375,0.263717,7.45
ballet,BD-OSC,5,0,2,2,dancer6,365,5,0.416438,0.486356,0.190473,8.46
ballet,BD-OSC,5,0,2,3,dancer6,341,5,0.677419,0.747436,0.605212,7.67
ballet,BD-OSC,5,0,2,4,dancer6,366,5,0.636612,0.662782,0.518097,8.45
ballet,BD-OSC,5,0,2,5,dancer6,298,5,0.647651,0.720643,0.583560,5.12
ballet,BD-OSC,5,0,2,6,dancer6,357,5,0.666667,0.752067,0.585528,7.93
ballet,BD-OSC,5,0,2,7,dancer6,368,5,0.820652,0.772070,0.675068,8.67
ballet,BD-OSC,5,0,2,8,dancer6,409,5,0.655257,0.671969,0.469112,10.88
ballet,BD-OSC,5,0,2,9,dancer6,399,5,0.513784,0.542180,0.253599,10.49
ballet,BD-OSC,5,0,2,10,dancer6,437,5,0.910755,0.862488,0.800335,12.96
ballet,BD-OSC,5,0,2,11,dancer6,379,5,0.343008,0.422433,0.143421,9.21
ballet,BD-OSC,5,0,3,0,dancer7,373,5,0.820375,0.737866,0.631388,8.86
ballet,BD-OSC,5,0,3,1,dancer7,408,5,0.700980,0.696869,0.526553,10.98
ballet,BD-OSC,5,0,3,2,dancer7,361,5,0.642659,0.688921,0.504896,8.08
ballet,BD-OSC,5,0,3,3,dancer7,398,5,0.587940,0.639700,0.377242,10.34
ballet,BD-OSC,5,0,3,4,dancer7,364,5,0.554945,0.685805,0.503278,8.36
ballet,BD-OSC,5,0,3,5,dancer7,398,5,0.527638,0.674164,0.432103,10.36
ballet,BD-OSC,5,0,3,6,dancer7,349,5,0.756447,0.831874,0.691244,7.56
ballet,BD-OSC,5,0,3,7,dancer7,421,5,0.567696,0.628402,0.350128,11.95
ballet,BD-OSC,5,0,3,8,dancer7,402,5,0.689055,0.755041,0.575780,10.57
ballet,BD-OSC,5,0,3,9,dancer7,461,5,0.509761,0.544254,0.256892,15.22
ballet,BD-OSC,5,0,3,10,dancer7,346,5,0.575145,0.675803,0.469949,7.27
ballet,BD-OSC,5,0,3,11,dancer7,380,5,0.484211,0.548451,0.259966,9.10
ballet,BD-OSC,5,0.25,0,0,dancer1,422,5,0.696682,0.652669,0.493418,13.80
ballet,BD-OSC,5,0.25,0,1,dancer1,424,5,0.625000,0.684137,0.459998,13.87
ballet,BD-OSC,5,0.25,0,2,dancer1,318,5,0.512579,0.578718,0.359832,7.13
ballet,BD-OSC,5,0.25,0,3,dancer1,377,5,0.572944,0.561698,0.288009,10.35
ballet,BD-OSC,5,0.25,0,4,dancer1,383,5,0.702350,0.719831,0.572892,10.94
ballet,BD-OSC,5,0.25,0,5,dancer1,369,5,0.430894,0.471376,0.199398,9.80
ballet,BD-OSC,5,0.25,0,6,dancer1,410,5,0.743902,0.688276,0.527517,12.64
ballet,BD-OSC,5,0.25,0,7,dancer1,392,5,0.563776,0.599089,0.383426,11.18
ballet,BD-OSC,5,0.25,0,8,dancer1,376,5,0.555851,0.621403,0.426430,10.20
ballet,BD-OSC,5,0.25,0,9,dancer1,363,5,0.515152,0.539925,0.347073,9.37
ballet,BD-OSC,5,0.25,0,10,dancer1,366,5,0.540984,0.584307,0.366684,9.61
ballet,BD-OSC,5,0.25,0,11,dancer1,401,5,0.668329,0.718107,0.552499,12.00
ballet,BD-OSC,5,0.25,1,0,dancer3,376,5,0.627660,0.637987,0.426541,9.86
ballet,BD-OSC,5,0.25,1,1,dancer3,385,5,0.649351,0.689360,0.494431,10.71
ballet,BD-OSC,5,0.25,1,2,dancer3,447,5,0.588367,0.688985,0.524482,15.42
ballet,BD-OSC,5,0.25,1,3,dancer3,358,5,0.670391,0.623691,0.428473,8.90
ballet,BD-OSC,5,0.25,1,4,dancer3,366,5,0.669399,0.728659,0.578591,9.51
ballet,BD-OSC,5,0.25,1,5,dancer3,379,5,0.783641,0.716803,0.606168,10.18
ballet,BD-OSC,5,0.25,1,6,dancer3,384,5,0.598958,0.687889,0.516162,11.75
ballet,BD-OSC,5,0.25,1,7,dancer3,402,5,0.524876,0.638289,0.452407,11.80
ballet,BD-OSC,5,0.25,1,8,dancer3,342,5,0.596491,0.688783,0.526739,8.24
ballet,BD-OSC,5,0.25,1,9,dancer3,345,5,0.918841,0.858750,0.828476,8.31
ballet,BD-OSC,5,0.25,1,10,dancer3,391,5,0.667519,0.719502,0.567771,10.92
ballet,BD-OSC,5,0.25,1,11,dancer3,339,5,0.669617,0.752768,0.588529,8.06
ballet,BD-OSC,5,0.25,2,0,dancer6,372,5,0.545699,0.647767,0.442336,9.87
ballet,BD-OSC,5,0.25,2,1,dancer6,342,5,0.888889,0.806375,0.778786,8.29
ballet,BD-OSC,5,0.25,2,2,dancer6,365,5,0.619178,0.681758,0.463196,9.40
ballet,BD-OSC,5,0.25,2,3,dancer6,341,5,0.580645,0.611570,0.382229,8.71
ballet,BD-OSC,5,0.25,2,4,dancer6,366,5,0.560109,0.631717,0.419082,9.44
ballet,BD-OSC,5,0.25,2,5,dancer6,298,5,0.617450,0.737859,0.571424,5.84
ballet,BD-OSC,5,0.25,2,6,dancer6,357,5,0.840336,0.773460,0.691461,8.90
ballet,BD-OSC,5,0.25,2,7,dancer6,368,5,0.597826,0.640616,0.437340,9.69
ballet,BD-OSC,5,0.25,2,8,dancer6,409,5,0.503667,0.641791,0.444519,12.26
ballet,BD-OSC,5,0.25,2,9,dancer6,399,5,0.508772,0.583021,0.338693,11.68
ballet,BD-OSC,5,0.25,2,10,dancer6,437,5,0.423341,0.666231,0.356197,14.33
ballet,BD-OSC,5,0.25,2,11,dancer6,379,5,0.562005,0.633890,0.444629,10.06
ballet,BD-OSC,5,0.25,3,0,dancer7,373,5,0.726542,0.655702,0.500621,9.86
ballet,BD-OSC,5,0.25,3,1,dancer7,408,5,0.575980,0.633369,0.365784,12.28
ballet,BD-OSC,5,0.25,3,2,dancer7,361,5,0.584488,0.643935,0.468447,9.09
ballet,BD-OSC,5,0.25,3,3,dancer7,398,5,0.500000,0.581989,0.315855,11.56
ballet,BD-OSC,5,0.25,3,4,dancer7,364,5,0.730769,0.742359,0.581488,9.26
ballet,BD-OSC,5,0.25,3,5,dancer7,398,5,0.650754,0.669553,0.507485,11.60
ballet,BD-OSC,5,0.25,3,6,dancer7,349,5,0.449857,0.554192,0.276185,8.46
ballet,BD-OSC,5,0.25,3,7,dancer7,421,5,0.584323,0.656547,0.471849,13.22
ballet,BD-OSC,5,0.25,3,8,dancer7,402,5,0.644279,0.599682,0.399502,11.78
ballet,BD-OSC,5,0.25,3,9,dancer7,461,5,0.503254,0.592026,0.351462,16.88
ballet,BD-OSC,5,0.25,3,10,dancer7,346,5,0.531792,0.552282,0.285568,8.22
ballet,BD-OSC,5,0.25,3,11,dancer7,380,5,0.600000,0.685463,0.459650,10.21
ballet,BD-OSC,5,0.5,0,0,dancer1,422,5,0.632701,0.592475,0.402710,16.29
ballet,BD-OSC,5,0.5,0,1,dancer1,424,5,0.547170,0.591877,0.362027,16.42
ballet,BD-OSC,5,0.5,0,2,dancer1,318,5,0.588050,0.693590,0.497242,8.90
ballet,BD-OSC,5,0.5,0,3,dancer1,377,5,0.681698,0.703578,0.500915,12.47
ballet,BD-OSC,5,0.5,0,4,dancer1,383,5,0.449086,0.468713,0.181097,13.15
ballet,BD-OSC,5,0.5,0,5,dancer1,369,5,0.764228,0.706643,0.634271,11.87
ballet,BD-OSC,5,0.5,0,6,dancer1,410,5,0.495122,0.510224,0.266317,15.18
ballet,BD-OSC,5,0.5,0,7,dancer1,392,5,0.635204,0.641200,0.502959,13.21
ballet,BD-OSC,5,0.5,0,8,dancer1,376,5,0.545213,0.560715,0.379175,12.31
ballet,BD-OSC,5,0.5,0,9,dancer1,363,5,0.688705,0.707057,0.555479,11.57
ballet,BD-OSC,5,0.5,0,10,dancer1,366,5,0.808743,0.717241,0.628202,11.90
ballet,BD-OSC,5,0.5,0,11,dancer1,401,5,0.645885,0.617387,0.440782,14.29
ballet,BD-OSC,5,0.5,1,0,dancer3,376,5,0.643617,0.620589,0.420730,9.99
ballet,BD-OSC,5,0.5,1,1,dancer3,385,5,0.690909,0.678991,0.522876,10.78
ballet,BD-OSC,5,0.5,1,2,dancer3,447,5,0.680089,0.640374,0.445787,15.36
ballet,BD-OSC,5,0.5,1,3,dancer3,358,5,0.536313,0.597553,0.358676,9.06
ballet,BD-OSC,5,0.5,1,4,dancer3,366,5,0.707650,0.677752,0.527230,9.56
ballet,BD-OSC,5,0.5,1,5,dancer3,379,5,0.751979,0.697515,0.599050,10.24
ballet,BD-OSC,5,0.5,1,6,dancer3,384,5,0.526042,0.614130,0.384864,11.78
ballet,BD-OSC,5,0.5,1,7,dancer3,402,5,0.562189,0.632998,0.438560,11.93
ballet,BD-OSC,5,0.5,1,8,dancer3,342,5,0.508772,0.524712,0.244160,8.33
ballet,BD-OSC,5,0.5,1,9,dancer3,345,5,0.600000,0.573094,0.377547,8.38
ballet,BD-OSC,5,0.5,1,10,dancer3,391,5,0.524297,0.591984,0.367331,11.12
ballet,BD-OSC,5,0.5,1,11,dancer3,339,5,0.622419,0.611944,0.399821,8.23
ballet,BD-OSC,5,0.5,2,0,dancer6,372,5,0.731183,0.666363,0.476588,10.12
ballet,BD-OSC,5,0.5,2,1,dancer6,342,5,0.564327,0.629353,0.407144,8.40
ballet,BD-OSC,5,0.5,2,2,dancer6,365,5,0.693151,0.729758,0.564731,9.61
ballet,BD-OSC,5,0.5,2,3,dancer6,341,5,0.671554,0.749461,0.552178,8.94
ballet,BD-OSC,5,0.5,2,4,dancer6,366,5,0.710383,0.703396,0.579025,9.73
ballet,BD-OSC,5,0.5,2,5,dancer6,298,5,0.406040,0.441192,0.163995,6.06
ballet,BD-OSC,5,0.5,2,6,dancer6,357,5,0.577031,0.641231,0.379517,9.12
ballet,BD-OSC,5,0.5,2,7,dancer6,368,5,0.562500,0.593843,0.354336,10.00
ballet,BD-OSC,5,0.5,2,8,dancer6,409,5,0.660147,0.695637,0.588803,12.53
ballet,BD-OSC,5,0.5,2,9,dancer6,399,5,0.609023,0.700025,0.523072,11.85
ballet,BD-OSC,5,0.5,2,10,dancer6,437,5,0.574371,0.620351,0.414481,14.86
ballet,BD-OSC,5,0.5,2,11,dancer6,379,5,0.675462,0.692786,0.521651,10.34
ballet,BD-OSC,5,0.5,3,0,dancer7,373,5,0.603217,0.688614,0.500733,10.01
ballet,BD-OSC,5,0.5,3,1,dancer7,408,5,0.379902,0.442802,0.156599,12.33
ballet,BD-OSC,5,0.5,3,2,dancer7,361,5,0.529086,0.525163,0.252729,9.20
ballet,BD-OSC,5,0.5,3,3,dancer7,398,5,0.477387,0.518922,0.262489,11.70
ballet,BD-OSC,5,0.5,3,4,dancer7,364,5,0.346154,0.446723,0.163217,9.46
ballet,BD-OSC,5,0.5,3,5,dancer7,398,5,0.608040,0.670264,0.494447,11.74
ballet,BD-OSC,5,0.5,3,6,dancer7,349,5,0.624642,0.615003,0.442067,8.70
ballet,BD-OSC,5,0.5,3,7,dancer7,421,5,0.465558,0.612915,0.358387,13.45
ballet,BD-OSC,5,0.5,3,8,dancer7,402,5,0.703980,0.727955,0.620079,11.89
ballet,BD-OSC,5,0.5,3,9,dancer7,461,5,0.778742,0.692804,0.558627,17.22
ballet,BD-OSC,5,0.5,3,10,dancer7,346,5,0.768786,0.726069,0.575041,8.32
ballet,BD-OSC,5,0.5,3,11,dancer7,380,5,0.494737,0.540428,0.245313,10.34
ballet,TKSS,3,0,0,0,dancer1,246,3,0.967480,0.881424,0.906377,0.10
ballet,TKSS,3,0,0,1,dancer1,235,3,0.868085,0.659652,0.633436,0.33
ballet,TKSS,3,0,0,2,dancer1,240,3,0.966667,0.879493,0.907713,0.20
ballet,TKSS,3,0,0,3,dancer1,230,3,0.930435,0.795350,0.806317,0.03
ballet,TKSS,3,0,0,4,dancer1,229,3,0.917031,0.818500,0.785015,0.20
ballet,TKSS,3,0,0,5,dancer1,235,3,0.821277,0.638126,0.580215,0.10
ballet,TKSS,3,0,0,6,dancer1,220,3,0.977273,0.923811,0.933902,0.03
ballet,TKSS,3,0,0,7,dancer1,237,3,0.869198,0.692971,0.665357,0.04
ballet,TKSS,3,0,0,8,dancer1,242,3,0.847107,0.682367,0.646723,0.17
ballet,TKSS,3,0,0,9,dancer1,225,3,0.711111,0.629778,0.498329,0.07
ballet,TKSS,3,0,0,10,dancer1,258,3,0.937984,0.801821,0.816584,0.07
ballet,TKSS,3,0,0,11,dancer1,287,3,0.982578,0.929337,0.948279,0.26
ballet,TKSS,3,0,1,0,dancer2,252,3,0.869048,0.699362,0.668546,0.04
ballet,TKSS,3,0,1,1,dancer2,187,3,0.946524,0.833086,0.849134,0.04
ballet,TKSS,3,0,1,2,dancer2,258,3,0.941860,0.819114,0.835944,0.05
ballet,TKSS,3,0,1,3,dancer2,256,3,0.839844,0.654862,0.605254,0.13
ballet,TKSS,3,0,1,4,dancer2,238,3,0.974790,0.917713,0.926511,0.04
ballet,TKSS,3,0,1,5,dancer2,246,3,0.910569,0.765503,0.759784,0.04
ballet,TKSS,3,0,1,6,dancer2,228,3,0.982456,0.927933,0.947532,0.04
ballet,TKSS,3,0,1,7,dancer2,244,3,0.905738,0.748952,0.738986,0.12
ballet,TKSS,3,0,1,8,dancer2,206,3,0.966019,0.877054,0.899941,0.19
ballet,TKSS,3,0,1,9,dancer2,179,3,0.932961,0.796489,0.802523,0.04
ballet,TKSS,3,0,1,10,dancer2,223,3,0.847534,0.667626,0.619226,0.16
ballet,TKSS,3,0,1,11,dancer2,214,3,0.948598,0.839208,0.855444,0.08
ballet,TKSS,3,0,2,0,dancer3,219,3,0.949772,0.841325,0.857549,0.03
ballet,TKSS,3,0,2,1,dancer3,254,3,0.952756,0.844640,0.860913,0.03
ballet,TKSS,3,0,2,2,dancer3,200,3,0.965000,0.874017,0.895504,0.03
ballet,TKSS,3,0,2,3,dancer3,244,3,0.959016,0.865976,0.883058,0.10
ballet,TKSS,3,0,2,4,dancer3,207,3,0.787440,0.602046,0.524970,0.09
ballet,TKSS,3,0,2,5,dancer3,233,3,0.871245,0.703708,0.672806,0.03
ballet,TKSS,3,0,2,6,dancer3,259,3,0.942085,0.820510,0.836797,0.03
ballet,TKSS,3,0,2,7,dancer3,219,3,0.904110,0.762692,0.746914,0.03
ballet,TKSS,3,0,2,8,dancer3,215,3,0.930233,0.800958,0.807703,0.03
ballet,TKSS,3,0,2,9,dancer3,223,3,0.883408,0.737856,0.704293,0.03
ballet,TKSS,3,0,2,10,dancer3,201,3,0.845771,0.676258,0.625912,0.03
ballet,TKSS,3,0,2,11,dancer3,237,3,0.924051,0.785267,0.782173,0.03
ballet,TKSS,3,0,3,0,dancer4,269,3,0.907063,0.755985,0.750299,0.04
ballet,TKSS,3,0,3,1,dancer4,224,3,0.937500,0.814606,0.825445,0.03
ballet,TKSS,3,0,3,2,dancer4,212,3,0.915094,0.777394,0.771258,0.03
ballet,TKSS,3,0,3,3,dancer4,205,3,0.868293,0.677121,0.629376,0.03
ballet,TKSS,3,0,3,4,dancer4,283,3,0.954064,0.848068,0.868649,0.04
ballet,TKSS,3,0,3,5,dancer4,232,3,0.969828,0.890342,0.911990,0.03
ballet,TKSS,3,0,3,6,dancer4,195,3,0.964103,0.894423,0.897166,0.09
ballet,TKSS,3,0,3,7,dancer4,205,3,0.907317,0.756658,0.751296,0.06
ballet,TKSS,3,0,3,8,dancer4,256,3,0.960938,0.865107,0.890649,0.21
ballet,TKSS,3,0,3,9,dancer4,197,3,0.903553,0.754188,0.741679,0.06
ballet,TKSS,3,0,3,10,dancer4,226,3,0.814159,0.624755,0.561299,0.03
ballet,TKSS,3,0,3,11,dancer4,226,3,0.880531,0.748363,0.698992,0.10
ballet,TKSS,3,0,4,0,dancer5,266,3,0.921053,0.782590,0.784532,0.07
ballet,TKSS,3,0,4,1,dancer5,238,3,0.920168,0.783127,0.783258,0.03
ballet,TKSS,3,0,4,2,dancer5,263,3,0.942966,0.824113,0.839014,0.03
ballet,TKSS,3,0,4,3,dancer5,239,3,0.916318,0.786187,0.774555,0.12
ballet,TKSS,3,0,4,4,dancer5,231,3,0.822511,0.634728,0.576738,0.03
ballet,TKSS,3,0,4,5,dancer5,250,3,0.872000,0.702883,0.675063,0.03
ballet,TKSS,3,0,4,6,dancer5,186,3,0.870968,0.680445,0.634675,0.03
ballet,TKSS,3,0,4,7,dancer5,207,3,0.927536,0.790395,0.799068,0.03
ballet,TKSS,3,0,4,8,dancer5,223,3,0.946188,0.831410,0.839803,0.15
ballet,TKSS,3,0,4,9,dancer5,214,3,0.934579,0.843228,0.823415,0.03
ballet,TKSS,3,0,4,10,dancer5,225,3,0.871111,0.708377,0.675212,0.03
ballet,TKSS,3,0,4,11,dancer5,197,3,0.949239,0.842846,0.852937,0.03
ballet,TKSS,3,0,5,0,dancer6,193,3,0.937824,0.813941,0.828084,0.06
ballet,TKSS,3,0,5,1,dancer6,238,3,0.844538,0.638072,0.643281,0.06
ballet,TKSS,3,0,5,2,dancer6,227,3,0.947137,0.836477,0.851522,0.12
ballet,TKSS,3,0,5,3,dancer6,234,3,0.918803,0.771634,0.768990,0.28
ballet,TKSS,3,0,5,4,dancer6,237,3,0.902954,0.744901,0.739603,0.03
ballet,TKSS,3,0,5,5,dancer6,240,3,0.950000,0.839939,0.859799,0.06
ballet,TKSS,3,0,5,6,dancer6,236,3,0.961864,0.871197,0.888021,0.12
ballet,TKSS,3,0,5,7,dancer6,239,3,0.815900,0.630913,0.562006,0.31
ballet,TKSS,3,0,5,8,dancer6,240,3,0.916667,0.774567,0.775592,0.12
ballet,TKSS,3,0,5,9,dancer6,219,3,0.977169,0.913151,0.934819,0.27
ballet,TKSS,3,0,5,10,dancer6,179,3,0.994413,0.974212,0.983532,0.08
ballet,TKSS,3,0,5,11,dancer6,241,3,0.917012,0.778955,0.766966,0.03
ballet,TKSS,3,0,6,0,dancer7,246,3,0.930894,0.801123,0.808675,0.03
ballet,TKSS,3,0,6,1,dancer7,201,3,0.925373,0.813500,0.799004,0.03
ballet,TKSS,3,0,6,2,dancer7,192,3,0.937500,0.810329,0.824250,0.03
ballet,TKSS,3,0,6,3,dancer7,259,3,0.942085,0.822069,0.838320,0.10
ballet,TKSS,3,0,6,4,dancer7,242,3,0.995868,0.979709,0.987526,0.03
ballet,TKSS,3,0,6,5,dancer7,213,3,0.934272,0.827425,0.820381,0.03
ballet,TKSS,3,0,6,6,dancer7,186,3,0.956989,0.880489,0.878322,0.03
ballet,TKSS,3,0,6,7,dancer7,243,3,0.913580,0.782898,0.770630,0.03
ballet,TKSS,3,0,6,8,dancer7,242,3,0.933884,0.828626,0.821177,0.06
ballet,TKSS,3,0,6,9,dancer7,247,3,0.842105,0.657866,0.612532,0.10
ballet,TKSS,3,0,6,10,dancer7,232,3,0.823276,0.634010,0.574970,0.06
ballet,TKSS,3,0,6,11,dancer7,234,3,0.918803,0.820828,0.786393,0.03
ballet,TKSS,3,0.25,0,0,dancer1,246,3,0.955285,0.851252,0.872024,0.02
ballet,TKSS,3,0.25,0,1,dancer1,235,3,0.906383,0.758761,0.750653,0.02
ballet,TKSS,3,0.25,0,2,dancer1,240,3,0.916667,0.767951,0.773425,0.02
ballet,TKSS,3,0.25,0,3,dancer1,230,3,0.930435,0.795350,0.806317,0.02
ballet,TKSS,3,0.25,0,4,dancer1,229,3,0.895197,0.793104,0.738484,0.02
ballet,TKSS,3,0.25,0,5,dancer1,235,3,0.829787,0.645085,0.592173,0.02
ballet,TKSS,3,0.25,0,6,dancer1,220,3,0.977273,0.923811,0.933902,0.02
ballet,TKSS,3,0.25,0,7,dancer1,237,3,0.869198,0.692971,0.665357,0.02
ballet,TKSS,3,0.25,0,8,dancer1,242,3,0.855372,0.676414,0.642148,0.07
ballet,TKSS,3,0.25,0,9,dancer1,225,3,0.906667,0.766694,0.752715,0.02
ballet,TKSS,3,0.25,0,10,dancer1,258,3,0.945736,0.860327,0.848974,0.03
ballet,TKSS,3,0.25,0,11,dancer1,287,3,0.989547,0.951447,0.968591,0.02
ballet,TKSS,3,0.25,1,0,dancer2,252,3,0.869048,0.699362,0.668546,0.01
ballet,TKSS,3,0.25,1,1,dancer2,187,3,0.946524,0.833086,0.849134,0.01
ballet,TKSS,3,0.25,1,2,dancer2,258,3,0.941860,0.819114,0.835944,0.01
ballet,TKSS,3,0.25,1,3,dancer2,256,3,0.847656,0.667354,0.624398,0.01
ballet,TKSS,3,0.25,1,4,dancer2,238,3,0.966387,0.899074,0.903312,0.03
ballet,TKSS,3,0.25,1,5,dancer2,246,3,0.910569,0.765503,0.759784,0.01
ballet,TKSS,3,0.25,1,6,dancer2,228,3,0.986842,0.949220,0.960716,0.02
ballet,TKSS,3,0.25,1,7,dancer2,244,3,0.963115,0.880446,0.892799,0.01
ballet,TKSS,3,0.25,1,8,dancer2,206,3,0.946602,0.834452,0.849003,0.01
ballet,TKSS,3,0.25,1,9,dancer2,179,3,0.927374,0.785119,0.787418,0.02
ballet,TKSS,3,0.25,1,10,dancer2,223,3,0.860987,0.693180,0.654050,0.01
ballet,TKSS,3,0.25,1,11,dancer2,214,3,0.943925,0.826350,0.841968,0.01
ballet,TKSS,3,0.25,2,0,dancer3,219,3,0.963470,0.893711,0.898076,0.04
ballet,TKSS,3,0.25,2,1,dancer3,254,3,0.952756,0.844640,0.860913,0.01
ballet,TKSS,3,0.25,2,2,dancer3,200,3,0.965000,0.874017,0.895504,0.01
ballet,TKSS,3,0.25,2,3,dancer3,244,3,0.950820,0.849489,0.861016,0.01
ballet,TKSS,3,0.25,2,4,dancer3,207,3,0.777778,0.593358,0.507045,0.01
ballet,TKSS,3,0.25,2,5,dancer3,233,3,0.871245,0.703708,0.672806,0.01
ballet,TKSS,3,0.25,2,6,dancer3,259,3,0.942085,0.820510,0.836797,0.01
ballet,TKSS,3,0.25,2,7,dancer3,219,3,0.904110,0.762692,0.746914,0.01
ballet,TKSS,3,0.25,2,8,dancer3,215,3,0.930233,0.800958,0.807703,0.01
ballet,TKSS,3,0.25,2,9,dancer3,223,3,0.883408,0.737856,0.704293,0.01
ballet,TKSS,3,0.25,2,10,dancer3,201,3,0.845771,0.676258,0.625912,0.01
ballet,TKSS,3,0.25,2,11,dancer3,237,3,0.924051,0.785267,0.782173,0.01
ballet,TKSS,3,0.25,3,0,dancer4,269,3,0.907063,0.755985,0.750299,0.01
ballet,TKSS,3,0.25,3,1,dancer4,224,3,0.937500,0.814606,0.825445,0.01
ballet,TKSS,3,0.25,3,2,dancer4,212,3,0.915094,0.777394,0.771258,0.01
ballet,TKSS,3,0.25,3,3,dancer4,205,3,0.863415,0.669417,0.617523,0.02
ballet,TKSS,3,0.25,3,4,dancer4,283,3,0.957597,0.857855,0.878772,0.03
ballet,TKSS,3,0.25,3,5,dancer4,232,3,0.969828,0.890342,0.911990,0.01
ballet,TKSS,3,0.25,3,6,dancer4,195,3,0.974359,0.916744,0.925341,0.01
ballet,TKSS,3,0.25,3,7,dancer4,205,3,0.902439,0.746101,0.737865,0.02
ballet,TKSS,3,0.25,3,8,dancer4,256,3,0.933594,0.801103,0.815366,0.02
ballet,TKSS,3,0.25,3,9,dancer4,197,3,0.898477,0.747126,0.729708,0.03
ballet,TKSS,3,0.25,3,10,dancer4,226,3,0.814159,0.624755,0.561299,0.01
ballet,TKSS,3,0.25,3,11,dancer4,226,3,0.884956,0.766172,0.716234,0.01
ballet,TKSS,3,0.25,4,0,dancer5,266,3,0.924812,0.796669,0.797425,0.11
ballet,TKSS,3,0.25,4,1,dancer5,238,3,0.920168,0.783127,0.783258,0.03
ballet,TKSS,3,0.25,4,2,dancer5,263,3,0.942966,0.824113,0.839014,0.04
ballet,TKSS,3,0.25,4,3,dancer5,239,3,0.928870,0.805112,0.805048,0.04
ballet,TKSS,3,0.25,4,4,dancer5,231,3,0.822511,0.634728,0.576738,0.03
ballet,TKSS,3,0.25,4,5,dancer5,250,3,0.872000,0.702883,0.675063,0.04
ballet,TKSS,3,0.25,4,6,dancer5,186,3,0.870968,0.680445,0.634675,0.03
ballet,TKSS,3,0.25,4,7,dancer5,207,3,0.927536,0.790395,0.799068,0.03
ballet,TKSS,3,0.25,4,8,dancer5,223,3,0.923767,0.777442,0.777539,0.03
ballet,TKSS,3,0.25,4,9,dancer5,214,3,0.929907,0.820680,0.809423,0.07
ballet,TKSS,3,0.25,4,10,dancer5,225,3,0.871111,0.708377,0.675212,0.03
ballet,TKSS,3,0.25,4,11,dancer5,197,3,0.949239,0.842846,0.852937,0.03
ballet,TKSS,3,0.25,5,0,dancer6,193,3,0.932642,0.799415,0.811365,0.06
ballet,TKSS,3,0.25,5,1,dancer6,238,3,0.932773,0.807046,0.814871,0.03
ballet,TKSS,3,0.25,5,2,dancer6,227,3,0.933921,0.812546,0.817049,0.03
ballet,TKSS,3,0.25,5,3,dancer6,234,3,0.952991,0.844385,0.861183,0.03
ballet,TKSS,3,0.25,5,4,dancer6,237,3,0.902954,0.744901,0.739603,0.03
ballet,TKSS,3,0.25,5,5,dancer6,240,3,0.945833,0.831457,0.848731,0.10
ballet,TKSS,3,0.25,5,6,dancer6,236,3,0.974576,0.902864,0.925924,0.13
ballet,TKSS,3,0.25,5,7,dancer6,239,3,0.870293,0.690586,0.669115,0.07
ballet,TKSS,3,0.25,5,8,dancer6,240,3,0.904167,0.755830,0.745232,0.03
ballet,TKSS,3,0.25,5,9,dancer6,219,3,0.936073,0.845210,0.826099,0.03
ballet,TKSS,3,0.25,5,10,dancer6,179,3,0.983240,0.929445,0.950018,0.03
ballet,TKSS,3,0.25,5,11,dancer6,241,3,0.917012,0.778955,0.766966,0.03
ballet,TKSS,3,0.25,6,0,dancer7,246,3,0.930894,0.801123,0.808675,0.01
ballet,TKSS,3,0.25,6,1,dancer7,201,3,0.925373,0.813500,0.799004,0.01
ballet,TKSS,3,0.25,6,2,dancer7,192,3,0.937500,0.810329,0.824250,0.01
ballet,TKSS,3,0.25,6,3,dancer7,259,3,0.934363,0.807513,0.817994,0.01
ballet,TKSS,3,0.25,6,4,dancer7,242,3,1.000000,1.000000,1.000000,0.02
ballet,TKSS,3,0.25,6,5,dancer7,213,3,0.938967,0.850037,0.834417,0.02
ballet,TKSS,3,0.25,6,6,dancer7,186,3,0.956989,0.880489,0.878322,0.01
ballet,TKSS,3,0.25,6,7,dancer7,243,3,0.930041,0.822888,0.813894,0.03
ballet,TKSS,3,0.25,6,8,dancer7,242,3,0.933884,0.842820,0.823741,0.02
ballet,TKSS,3,0.25,6,9,dancer7,247,3,0.834008,0.650517,0.600168,0.01
ballet,TKSS,3,0.25,6,10,dancer7,232,3,0.827586,0.639462,0.584553,0.01
ballet,TKSS,3,0.25,6,11,dancer7,234,3,0.918803,0.820828,0.786393,0.01
ballet,TKSS,3,0.5,0,0,dancer1,246,3,0.975610,0.920151,0.930925,0.04
ballet,TKSS,3,0.5,0,1,dancer1,235,3,0.931915,0.823290,0.809597,0.07
ballet,TKSS,3,0.5,0,2,dancer1,240,3,0.920833,0.775707,0.784294,0.02
ballet,TKSS,3,0.5,0,3,dancer1,230,3,0.934783,0.803680,0.816774,0.02
ballet,TKSS,3,0.5,0,4,dancer1,229,3,0.895197,0.793104,0.738484,0.01
ballet,TKSS,3,0.5,0,5,dancer1,235,3,0.829787,0.645085,0.592173,0.01
ballet,TKSS,3,0.5,0,6,dancer1,220,3,0.977273,0.913680,0.933911,0.02
ballet,TKSS,3,0.5,0,7,dancer1,237,3,0.869198,0.692971,0.665357,0.01
ballet,TKSS,3,0.5,0,8,dancer1,242,3,0.876033,0.701473,0.678929,0.01
ballet,TKSS,3,0.5,0,9,dancer1,225,3,0.920000,0.805942,0.782424,0.04
ballet,TKSS,3,0.5,0,10,dancer1,258,3,0.930233,0.836325,0.810792,0.04
ballet,TKSS,3,0.5,0,11,dancer1,287,3,0.944251,0.813505,0.841449,0.08
ballet,TKSS,3,0.5,1,0,dancer2,252,3,0.873016,0.707302,0.679094,0.02
ballet,TKSS,3,0.5,1,1,dancer2,187,3,0.925134,0.789595,0.791954,0.03
ballet,TKSS,3,0.5,1,2,dancer2,258,3,0.972868,0.912197,0.918154,0.05
ballet,TKSS,3,0.5,1,3,dancer2,256,3,0.847656,0.667354,0.624398,0.01
ballet,TKSS,3,0.5,1,4,dancer2,238,3,0.966387,0.887589,0.902346,0.03
ballet,TKSS,3,0.5,1,5,dancer2,246,3,0.910569,0.768750,0.758981,0.02
ballet,TKSS,3,0.5,1,6,dancer2,228,3,0.986842,0.949220,0.960716,0.02
ballet,TKSS,3,0.5,1,7,dancer2,244,3,0.959016,0.861315,0.879871,0.03
ballet,TKSS,3,0.5,1,8,dancer2,206,3,0.990291,0.953522,0.970446,0.07
ballet,TKSS,3,0.5,1,9,dancer2,179,3,0.932961,0.797241,0.802541,0.02
ballet,TKSS,3,0.5,1,10,dancer2,223,3,0.865471,0.697654,0.661991,0.02
ballet,TKSS,3,0.5,1,11,dancer2,214,3,0.962617,0.892451,0.897090,0.03
ballet,TKSS,3,0.5,2,0,dancer3,219,3,0.963470,0.893711,0.898076,0.04
ballet,TKSS,3,0.5,2,1,dancer3,254,3,1.000000,1.000000,1.000000,0.08
ballet,TKSS,3,0.5,2,2,dancer3,200,3,1.000000,1.000000,1.000000,0.03
ballet,TKSS,3,0.5,2,3,dancer3,244,3,0.926230,0.807954,0.798738,0.07
ballet,TKSS,3,0.5,2,4,dancer3,207,3,0.768116,0.586744,0.497962,0.03
ballet,TKSS,3,0.5,2,5,dancer3,233,3,0.871245,0.703708,0.672806,0.01
ballet,TKSS,3,0.5,2,6,dancer3,259,3,0.961390,0.876274,0.885318,0.07
ballet,TKSS,3,0.5,2,7,dancer3,219,3,0.904110,0.762692,0.746914,0.01
ballet,TKSS,3,0.5,2,8,dancer3,215,3,0.920930,0.778173,0.781544,0.03
ballet,TKSS,3,0.5,2,9,dancer3,223,3,0.883408,0.737856,0.704293,0.01
ballet,TKSS,3,0.5,2,10,dancer3,201,3,0.835821,0.661700,0.610455,0.03
ballet,TKSS,3,0.5,2,11,dancer3,237,3,0.936709,0.821734,0.818560,0.03
ballet,TKSS,3,0.5,3,0,dancer4,269,3,0.936803,0.821244,0.828570,0.08
ballet,TKSS,3,0.5,3,1,dancer4,224,3,0.906250,0.753891,0.746720,0.05
ballet,TKSS,3,0.5,3,2,dancer4,212,3,0.985849,0.947274,0.962443,0.15
ballet,TKSS,3,0.5,3,3,dancer4,205,3,0.858537,0.662039,0.605907,0.02
ballet,TKSS,3,0.5,3,4,dancer4,283,3,0.957597,0.856051,0.877922,0.03
ballet,TKSS,3,0.5,3,5,dancer4,232,3,0.969828,0.887562,0.910345,0.05
ballet,TKSS,3,0.5,3,6,dancer4,195,3,0.974359,0.916744,0.925341,0.01
ballet,TKSS,3,0.5,3,7,dancer4,205,3,0.907317,0.748093,0.741480,0.06
ballet,TKSS,3,0.5,3,8,dancer4,256,3,0.945312,0.828723,0.847821,0.05
ballet,TKSS,3,0.5,3,9,dancer4,197,3,0.918782,0.785566,0.776560,0.02
ballet,TKSS,3,0.5,3,10,dancer4,226,3,0.809735,0.621076,0.555529,0.02
ballet,TKSS,3,0.5,3,11,dancer4,226,3,0.884956,0.766172,0.716234,0.01
ballet,TKSS,3,0.5,4,0,dancer5,266,3,0.924812,0.808801,0.802466,0.08
ballet,TKSS,3,0.5,4,1,dancer5,238,3,0.932773,0.815661,0.808686,0.05
ballet,TKSS,3,0.5,4,2,dancer5,263,3,0.958175,0.870394,0.878071,0.04
ballet,TKSS,3,0.5,4,3,dancer5,239,3,0.937238,0.833670,0.829525,0.03
ballet,TKSS,3,0.5,4,4,dancer5,231,3,0.822511,0.634728,0.576738,0.01
ballet,TKSS,3,0.5,4,5,dancer5,250,3,0.872000,0.702883,0.675063,0.01
ballet,TKSS,3,0.5,4,6,dancer5,186,3,0.897849,0.725177,0.702118,0.04
ballet,TKSS,3,0.5,4,7,dancer5,207,3,0.966184,0.899897,0.907508,0.05
ballet,TKSS,3,0.5,4,8,dancer5,223,3,0.928251,0.786835,0.789611,0.02
ballet,TKSS,3,0.5,4,9,dancer5,214,3,0.934579,0.843228,0.823415,0.01
ballet,TKSS,3,0.5,4,10,dancer5,225,3,0.924444,0.831294,0.810278,0.06
ballet,TKSS,3,0.5,4,11,dancer5,197,3,0.964467,0.894619,0.897087,0.03
ballet,TKSS,3,0.5,5,0,dancer6,193,3,0.932642,0.801375,0.813443,0.02
ballet,TKSS,3,0.5,5,1,dancer6,238,3,0.941176,0.822199,0.836555,0.03
ballet,TKSS,3,0.5,5,2,dancer6,227,3,0.977974,0.925486,0.937049,0.08
ballet,TKSS,3,0.5,5,3,dancer6,234,3,0.948718,0.851265,0.852059,0.05
ballet,TKSS,3,0.5,5,4,dancer6,237,3,0.919831,0.775834,0.778362,0.03
ballet,TKSS,3,0.5,5,5,dancer6,240,3,0.950000,0.839939,0.859799,0.03
ballet,TKSS,3,0.5,5,6,dancer6,236,3,0.991525,0.958688,0.975039,0.06
ballet,TKSS,3,0.5,5,7,dancer6,239,3,0.874477,0.697212,0.679333,0.01
ballet,TKSS,3,0.5,5,8,dancer6,240,3,0.900000,0.763862,0.733812,0.04
ballet,TKSS,3,0.5,5,9,dancer6,219,3,0.904110,0.747042,0.734933,0.06
ballet,TKSS,3,0.5,5,10,dancer6,179,3,0.966480,0.885550,0.901924,0.04
ballet,TKSS,3,0.5,5,11,dancer6,241,3,0.917012,0.778955,0.766966,0.01
ballet,TKSS,3,0.5,6,0,dancer7,246,3,0.967480,0.900406,0.903752,0.06
ballet,TKSS,3,0.5,6,1,dancer7,201,3,0.930348,0.820727,0.810742,0.02
ballet,TKSS,3,0.5,6,2,dancer7,192,3,0.953125,0.852130,0.869006,0.04
ballet,TKSS,3,0.5,6,3,dancer7,259,3,0.934363,0.807513,0.817994,0.01
ballet,TKSS,3,0.5,6,4,dancer7,242,3,1.000000,1.000000,1.000000,0.02
ballet,TKSS,3,0.5,6,5,dancer7,213,3,0.934272,0.842932,0.823073,0.02
ballet,TKSS,3,0.5,6,6,dancer7,186,3,0.956989,0.880489,0.878322,0.01
ballet,TKSS,3,0.5,6,7,dancer7,243,3,0.917695,0.796068,0.782579,0.02
ballet,TKSS,3,0.5,6,8,dancer7,242,3,0.933884,0.842820,0.823741,0.02
ballet,TKSS,3,0.5,6,9,dancer7,247,3,0.850202,0.678008,0.641134,0.04
ballet,TKSS,3,0.5,6,10,dancer7,232,3,0.827586,0.639462,0.584553,0.01
ballet,TKSS,3,0.5,6,11,dancer7,234,3,0.918803,0.820828,0.786393,0.01
ballet,TKSS,5,0,0,0,dancer1,422,5,0.857820,0.777122,0.709841,0.21
ballet,TKSS,5,0,0,1,dancer1,424,5,0.844340,0.691999,0.656273,0.21
ballet,TKSS,5,0,0,2,dancer1,318,5,0.911950,0.841358,0.799149,0.18
ballet,TKSS,5,0,0,3,dancer1,377,5,0.702918,0.674739,0.538138,0.20
ballet,TKSS,5,0,0,4,dancer1,383,5,0.822454,0.751135,0.644601,0.46
ballet,TKSS,5,0,0,5,dancer1,369,5,0.869919,0.791386,0.723484,0.20
ballet,TKSS,5,0,0,6,dancer1,410,5,0.919512,0.846419,0.812750,0.48
ballet,TKSS,5,0,0,7,dancer1,392,5,0.821429,0.681151,0.610469,0.27
ballet,TKSS,5,0,0,8,dancer1,376,5,0.898936,0.813337,0.774843,0.13
ballet,TKSS,5,0,0,9,dancer1,363,5,0.694215,0.674778,0.575278,0.76
ballet,TKSS,5,0,0,10,dancer1,366,5,0.855191,0.780696,0.697522,0.13
ballet,TKSS,5,0,0,11,dancer1,401,5,0.678304,0.640915,0.536033,0.28
ballet,TKSS,5,0,1,0,dancer3,376,5,0.864362,0.785014,0.723297,0.13
ballet,TKSS,5,0,1,1,dancer3,385,5,0.888312,0.822398,0.760439,0.07
ballet,TKSS,5,0,1,2,dancer3,447,5,0.876957,0.796194,0.743369,0.15
ballet,TKSS,5,0,1,3,dancer3,358,5,0.818436,0.755145,0.661090,0.07
ballet,TKSS,5,0,1,4,dancer3,366,5,0.836066,0.764224,0.682591,0.07
ballet,TKSS,5,0,1,5,dancer3,379,5,0.886544,0.793514,0.744327,0.07
ballet,TKSS,5,0,1,6,dancer3,384,5,0.854167,0.784017,0.708274,0.07
ballet,TKSS,5,0,1,7,dancer3,402,5,0.965174,0.918593,0.916805,0.07
ballet,TKSS,5,0,1,8,dancer3,342,5,0.909357,0.834862,0.796861,0.07
ballet,TKSS,5,0,1,9,dancer3,345,5,0.849275,0.777232,0.697783,0.07
ballet,TKSS,5,0,1,10,dancer3,391,5,0.930946,0.863270,0.833653,0.07
ballet,TKSS,5,0,1,11,dancer3,339,5,0.955752,0.907963,0.896360,0.07
ballet,TKSS,5,0,2,0,dancer6,372,5,0.715054,0.614532,0.519454,0.44
ballet,TKSS,5,0,2,1,dancer6,342,5,0.888889,0.816763,0.763084,0.06
ballet,TKSS,5,0,2,2,dancer6,365,5,0.854795,0.796914,0.714762,0.13
ballet,TKSS,5,0,2,3,dancer6,341,5,0.829912,0.740627,0.646262,0.31
ballet,TKSS,5,0,2,4,dancer6,366,5,0.718579,0.677315,0.513482,0.56
ballet,TKSS,5,0,2,5,dancer6,298,5,0.936242,0.889804,0.858792,0.06
ballet,TKSS,5,0,2,6,dancer6,357,5,0.910364,0.838357,0.797567,0.19
ballet,TKSS,5,0,2,7,dancer6,368,5,0.839674,0.775468,0.698986,0.25
ballet,TKSS,5,0,2,8,dancer6,409,5,0.853301,0.737252,0.689403,0.74
ballet,TKSS,5,0,2,9,dancer6,399,5,0.796992,0.720134,0.614878,0.13
ballet,TKSS,5,0,2,10,dancer6,437,5,0.958810,0.902609,0.900062,0.28
ballet,TKSS,5,0,2,11,dancer6,379,5,0.846966,0.750744,0.680459,0.32
ballet,TKSS,5,0,3,0,dancer7,373,5,0.895442,0.838828,0.785297,0.09
ballet,TKSS,5,0,3,1,dancer7,408,5,0.941176,0.883005,0.863540,0.09
ballet,TKSS,5,0,3,2,dancer7,361,5,0.781163,0.735395,0.630203,0.09
ballet,TKSS,5,0,3,3,dancer7,398,5,0.811558,0.732396,0.628860,0.18
ballet,TKSS,5,0,3,4,dancer7,364,5,0.807692,0.733408,0.633442,0.09
ballet,TKSS,5,0,3,5,dancer7,398,5,0.824121,0.766204,0.685956,1.12
ballet,TKSS,5,0,3,6,dancer7,349,5,0.879656,0.806183,0.740753,0.09
ballet,TKSS,5,0,3,7,dancer7,421,5,0.912114,0.841120,0.805643,0.09
ballet,TKSS,5,0,3,8,dancer7,402,5,0.895522,0.815709,0.773301,0.09
ballet,TKSS,5,0,3,9,dancer7,461,5,0.945770,0.882182,0.872927,0.38
ballet,TKSS,5,0,3,10,dancer7,346,5,0.800578,0.744670,0.645558,0.08
ballet,TKSS,5,0,3,11,dancer7,380,5,0.878947,0.805458,0.739247,0.09
ballet,TKSS,5,0.25,0,0,dancer1,422,5,0.862559,0.782976,0.719444,0.06
ballet,TKSS,5,0.25,0,1,dancer1,424,5,0.941038,0.877005,0.862265,0.06
ballet,TKSS,5,0.25,0,2,dancer1,318,5,0.924528,0.861547,0.826373,0.05
ballet,TKSS,5,0.25,0,3,dancer1,377,5,0.848806,0.763403,0.685776,0.06
ballet,TKSS,5,0.25,0,4,dancer1,383,5,0.830287,0.748113,0.654733,0.06
ballet,TKSS,5,0.25,0,5,dancer1,369,5,0.897019,0.825054,0.772936,0.05
ballet,TKSS,5,0.25,0,6,dancer1,410,5,0.934146,0.862402,0.842789,0.11
ballet,TKSS,5,0.25,0,7,dancer1,392,5,0.852041,0.771466,0.691659,0.06
ballet,TKSS,5,0.25,0,8,dancer1,376,5,0.885638,0.796748,0.750168,0.25
ballet,TKSS,5,0.25,0,9,dancer1,363,5,0.867769,0.787364,0.719469,0.10
ballet,TKSS,5,0.25,0,10,dancer1,366,5,0.852459,0.777930,0.692106,0.05
ballet,TKSS,5,0.25,0,11,dancer1,401,5,0.922693,0.851887,0.820275,0.16
ballet,TKSS,5,0.25,1,0,dancer3,376,5,0.898936,0.811622,0.776429,0.98
ballet,TKSS,5,0.25,1,1,dancer3,385,5,0.867532,0.804476,0.725722,0.53
ballet,TKSS,5,0.25,1,2,dancer3,447,5,0.879195,0.798742,0.746814,0.08
ballet,TKSS,5,0.25,1,3,dancer3,358,5,0.818436,0.755145,0.661090,0.07
ballet,TKSS,5,0.25,1,4,dancer3,366,5,0.822404,0.750916,0.655951,0.39
ballet,TKSS,5,0.25,1,5,dancer3,379,5,0.881266,0.787914,0.733638,0.20
ballet,TKSS,5,0.25,1,6,dancer3,384,5,0.843750,0.765280,0.691835,0.40
ballet,TKSS,5,0.25,1,7,dancer3,402,5,0.965174,0.918593,0.916805,0.07
ballet,TKSS,5,0.25,1,8,dancer3,342,5,0.909357,0.834862,0.796861,0.07
ballet,TKSS,5,0.25,1,9,dancer3,345,5,0.849275,0.777232,0.697783,0.06
ballet,TKSS,5,0.25,1,10,dancer3,391,5,0.928389,0.859912,0.828043,0.14
ballet,TKSS,5,0.25,1,11,dancer3,339,5,0.955752,0.907963,0.896360,0.07
ballet,TKSS,5,0.25,2,0,dancer6,372,5,0.897849,0.832961,0.778440,0.05
ballet,TKSS,5,0.25,2,1,dancer6,342,5,0.894737,0.817363,0.772954,0.20
ballet,TKSS,5,0.25,2,2,dancer6,365,5,0.838356,0.788767,0.699215,0.31
ballet,TKSS,5,0.25,2,3,dancer6,341,5,0.841642,0.750645,0.660995,0.05
ballet,TKSS,5,0.25,2,4,dancer6,366,5,0.857923,0.774730,0.709207,0.16
ballet,TKSS,5,0.25,2,5,dancer6,298,5,0.936242,0.889804,0.858792,0.05
ballet,TKSS,5,0.25,2,6,dancer6,357,5,0.932773,0.866959,0.846508,0.31
ballet,TKSS,5,0.25,2,7,dancer6,368,5,0.812500,0.736802,0.638013,0.05
ballet,TKSS,5,0.25,2,8,dancer6,409,5,0.875306,0.805266,0.746196,0.06
ballet,TKSS,5,0.25,2,9,dancer6,399,5,0.799499,0.721653,0.617884,0.06
ballet,TKSS,5,0.25,2,10,dancer6,437,5,0.954233,0.899220,0.892647,0.35
ballet,TKSS,5,0.25,2,11,dancer6,379,5,0.865435,0.807071,0.734362,0.06
ballet,TKSS,5,0.25,3,0,dancer7,373,5,0.895442,0.838828,0.785297,0.02
ballet,TKSS,5,0.25,3,1,dancer7,408,5,0.946078,0.897150,0.874775,0.05
ballet,TKSS,5,0.25,3,2,dancer7,361,5,0.783934,0.739863,0.636601,0.05
ballet,TKSS,5,0.25,3,3,dancer7,398,5,0.809045,0.730731,0.625103,0.03
ballet,TKSS,5,0.25,3,4,dancer7,364,5,0.807692,0.733408,0.633442,0.03
ballet,TKSS,5,0.25,3,5,dancer7,398,5,0.791457,0.728816,0.624090,0.03
ballet,TKSS,5,0.25,3,6,dancer7,349,5,0.879656,0.806183,0.740753,0.02
ballet,TKSS,5,0.25,3,7,dancer7,421,5,0.914489,0.844347,0.810910,0.05
ballet,TKSS,5,0.25,3,8,dancer7,402,5,0.907960,0.836184,0.799889,0.10
ballet,TKSS,5,0.25,3,9,dancer7,461,5,0.941432,0.880395,0.865120,0.06
ballet,TKSS,5,0.25,3,10,dancer7,346,5,0.800578,0.744670,0.645558,0.02
ballet,TKSS,5,0.25,3,11,dancer7,380,5,0.878947,0.805458,0.739247,0.03
ballet,TKSS,5,0.5,0,0,dancer1,422,5,0.853081,0.776993,0.705048,0.21
ballet,TKSS,5,0.5,0,1,dancer1,424,5,0.931604,0.860231,0.837917,0.23
ballet,TKSS,5,0.5,0,2,dancer1,318,5,0.852201,0.770971,0.687250,0.17
ballet,TKSS,5,0.5,0,3,dancer1,377,5,0.840849,0.763527,0.671475,0.10
ballet,TKSS,5,0.5,0,4,dancer1,383,5,0.806789,0.731421,0.611263,0.19
ballet,TKSS,5,0.5,0,5,dancer1,369,5,0.902439,0.837161,0.784314,0.14
ballet,TKSS,5,0.5,0,6,dancer1,410,5,0.943902,0.919886,0.875743,0.28
ballet,TKSS,5,0.5,0,7,dancer1,392,5,0.852041,0.771466,0.691659,0.03
ballet,TKSS,5,0.5,0,8,dancer1,376,5,0.952128,0.906601,0.886589,0.26
ballet,TKSS,5,0.5,0,9,dancer1,363,5,0.900826,0.849080,0.815685,0.27
ballet,TKSS,5,0.5,0,10,dancer1,366,5,0.830601,0.738570,0.640044,0.19
ballet,TKSS,5,0.5,0,11,dancer1,401,5,0.917706,0.847626,0.810378,0.05
ballet,TKSS,5,0.5,1,0,dancer3,376,5,0.864362,0.801176,0.731043,0.17
ballet,TKSS,5,0.5,1,1,dancer3,385,5,0.901299,0.837083,0.784385,0.11
ballet,TKSS,5,0.5,1,2,dancer3,447,5,0.872483,0.776477,0.730346,0.27
ballet,TKSS,5,0.5,1,3,dancer3,358,5,0.821229,0.763648,0.671176,0.09
ballet,TKSS,5,0.5,1,4,dancer3,366,5,0.814208,0.747060,0.647968,0.15
ballet,TKSS,5,0.5,1,5,dancer3,379,5,0.878628,0.801971,0.742550,0.25
ballet,TKSS,5,0.5,1,6,dancer3,384,5,0.864583,0.795047,0.729134,0.09
ballet,TKSS,5,0.5,1,7,dancer3,402,5,0.957711,0.913008,0.899759,0.16
ballet,TKSS,5,0.5,1,8,dancer3,342,5,0.885965,0.805194,0.747695,0.13
ballet,TKSS,5,0.5,1,9,dancer3,345,5,0.878261,0.819314,0.754944,0.23
ballet,TKSS,5,0.5,1,10,dancer3,391,5,0.951407,0.914237,0.890381,0.21
ballet,TKSS,5,0.5,1,11,dancer3,339,5,0.958702,0.917549,0.903754,0.04
ballet,TKSS,5,0.5,2,0,dancer6,372,5,0.887097,0.801938,0.751445,0.11
ballet,TKSS,5,0.5,2,1,dancer6,342,5,0.880117,0.799139,0.744701,0.14
ballet,TKSS,5,0.5,2,2,dancer6,365,5,0.863014,0.795614,0.727197,0.15
ballet,TKSS,5,0.5,2,3,dancer6,341,5,0.841642,0.750645,0.660995,0.02
ballet,TKSS,5,0.5,2,4,dancer6,366,5,0.860656,0.778766,0.714079,0.06
ballet,TKSS,5,0.5,2,5,dancer6,298,5,0.936242,0.889804,0.858792,0.02
ballet,TKSS,5,0.5,2,6,dancer6,357,5,0.927171,0.869433,0.843108,0.14
ballet,TKSS,5,0.5,2,7,dancer6,368,5,0.850543,0.764868,0.693422,0.14
ballet,TKSS,5,0.5,2,8,dancer6,409,5,0.875306,0.805266,0.746196,0.03
ballet,TKSS,5,0.5,2,9,dancer6,399,5,0.809524,0.735441,0.641107,0.09
ballet,TKSS,5,0.5,2,10,dancer6,437,5,0.981693,0.957370,0.956597,0.10
ballet,TKSS,5,0.5,2,11,dancer6,379,5,0.865435,0.807071,0.734362,0.02
ballet,TKSS,5,0.5,3,0,dancer7,373,5,0.930295,0.876872,0.839475,0.18
ballet,TKSS,5,0.5,3,1,dancer7,408,5,0.943627,0.891018,0.868753,0.07
ballet,TKSS,5,0.5,3,2,dancer7,361,5,0.770083,0.736579,0.624614,0.13
ballet,TKSS,5,0.5,3,3,dancer7,398,5,0.839196,0.757402,0.681514,0.21
ballet,TKSS,5,0.5,3,4,dancer7,364,5,0.813187,0.742593,0.646212,0.07
ballet,TKSS,5,0.5,3,5,dancer7,398,5,0.816583,0.757142,0.666098,0.12
ballet,TKSS,5,0.5,3,6,dancer7,349,5,0.862464,0.789442,0.723793,0.40
ballet,TKSS,5,0.5,3,7,dancer7,421,5,0.947743,0.912557,0.889798,0.22
ballet,TKSS,5,0.5,3,8,dancer7,402,5,0.915423,0.850391,0.815047,0.09
ballet,TKSS,5,0.5,3,9,dancer7,461,5,0.954447,0.906903,0.896386,0.13
ballet,TKSS,5,0.5,3,10,dancer7,346,5,0.797688,0.762629,0.660985,0.11
ballet,TKSS,5,0.5,3,11,dancer7,380,5,0.881579,0.807624,0.747493,0.11
ballet,DP NCut (trivial),3,0,0,0,dancer1,246,3,0.808943,0.597309,0.498260,0.06
ballet,DP NCut (trivial),3,0,0,1,dancer1,235,3,1.000000,1.000000,1.000000,0.05
ballet,DP NCut (trivial),3,0,0,2,dancer1,240,3,0.670833,0.524296,0.381326,0.05
ballet,DP NCut (trivial),3,0,0,3,dancer1,230,3,0.860870,0.676914,0.613148,0.05
ballet,DP NCut (trivial),3,0,0,4,dancer1,229,3,0.834061,0.744728,0.663691,0.05
ballet,DP NCut (trivial),3,0,0,5,dancer1,235,3,0.629787,0.671337,0.495118,0.05
ballet,DP NCut (trivial),3,0,0,6,dancer1,220,3,0.995455,0.978093,0.986412,0.05
ballet,DP NCut (trivial),3,0,0,7,dancer1,237,3,0.936709,0.849500,0.846815,0.05
ballet,DP NCut (trivial),3,0,0,8,dancer1,242,3,0.615702,0.672554,0.493309,0.05
ballet,DP NCut (trivial),3,0,0,9,dancer1,225,3,0.568889,0.647095,0.452951,0.05
ballet,DP NCut (trivial),3,0,0,10,dancer1,258,3,0.693798,0.545936,0.394092,0.06
ballet,DP NCut (trivial),3,0,0,11,dancer1,287,3,0.529617,0.647723,0.443349,0.08
ballet,DP NCut (trivial),3,0,1,0,dancer2,252,3,1.000000,1.000000,1.000000,0.06
ballet,DP NCut (trivial),3,0,1,1,dancer2,187,3,0.577540,0.476691,0.314156,0.03
ballet,DP NCut (trivial),3,0,1,2,dancer2,258,3,0.596899,0.654999,0.463276,0.06
ballet,DP NCut (trivial),3,0,1,3,dancer2,256,3,0.585938,0.389678,0.221050,0.06
ballet,DP NCut (trivial),3,0,1,4,dancer2,238,3,0.768908,0.711060,0.583225,0.05
ballet,DP NCut (trivial),3,0,1,5,dancer2,246,3,1.000000,1.000000,1.000000,0.06
ballet,DP NCut (trivial),3,0,1,6,dancer2,228,3,1.000000,1.000000,1.000000,0.05
ballet,DP NCut (trivial),3,0,1,7,dancer2,244,3,0.721311,0.498483,0.359297,0.05
ballet,DP NCut (trivial),3,0,1,8,dancer2,206,3,1.000000,1.000000,1.000000,0.04
ballet,DP NCut (trivial),3,0,1,9,dancer2,179,3,0.899441,0.793045,0.729138,0.03
ballet,DP NCut (trivial),3,0,1,10,dancer2,223,3,0.941704,0.843264,0.817024,0.05
ballet,DP NCut (trivial),3,0,1,11,dancer2,214,3,0.630841,0.674706,0.500348,0.04
ballet,DP NCut (trivial),3,0,2,0,dancer3,219,3,0.840183,0.752866,0.677938,0.04
ballet,DP NCut (trivial),3,0,2,1,dancer3,254,3,0.744094,0.490322,0.346895,0.06
ballet,DP NCut (trivial),3,0,2,2,dancer3,200,3,0.850000,0.746515,0.641157,0.04
ballet,DP NCut (trivial),3,0,2,3,dancer3,244,3,0.516393,0.450328,0.279475,0.05
ballet,DP NCut (trivial),3,0,2,4,dancer3,207,3,0.893720,0.806099,0.801412,0.04
ballet,DP NCut (trivial),3,0,2,5,dancer3,233,3,0.948498,0.869849,0.879231,0.05
ballet,DP NCut (trivial),3,0,2,6,dancer3,259,3,0.934363,0.845587,0.834020,0.06
ballet,DP NCut (trivial),3,0,2,7,dancer3,219,3,1.000000,1.000000,1.000000,0.04
ballet,DP NCut (trivial),3,0,2,8,dancer3,215,3,0.604651,0.377582,0.153384,0.04
ballet,DP NCut (trivial),3,0,2,9,dancer3,223,3,1.000000,1.000000,1.000000,0.04
ballet,DP NCut (trivial),3,0,2,10,dancer3,201,3,1.000000,1.000000,1.000000,0.04
ballet,DP NCut (trivial),3,0,2,11,dancer3,237,3,0.746835,0.678153,0.497678,0.05
ballet,DP NCut (trivial),3,0,3,0,dancer4,269,3,0.758364,0.713052,0.589132,0.07
ballet,DP NCut (trivial),3,0,3,1,dancer4,224,3,0.589286,0.312873,0.119953,0.05
ballet,DP NCut (trivial),3,0,3,2,dancer4,212,3,0.731132,0.568890,0.484729,0.04
ballet,DP NCut (trivial),3,0,3,3,dancer4,205,3,0.702439,0.654339,0.444327,0.04
ballet,DP NCut (trivial),3,0,3,4,dancer4,283,3,0.787986,0.622084,0.557676,0.07
ballet,DP NCut (trivial),3,0,3,5,dancer4,232,3,0.504310,0.365445,0.202753,0.05
ballet,DP NCut (trivial),3,0,3,6,dancer4,195,3,0.538462,0.642003,0.436093,0.03
ballet,DP NCut (trivial),3,0,3,7,dancer4,205,3,0.692683,0.526050,0.366651,0.04
ballet,DP NCut (trivial),3,0,3,8,dancer4,256,3,0.523438,0.397632,0.218403,0.06
ballet,DP NCut (trivial),3,0,3,9,dancer4,197,3,0.791878,0.606176,0.556799,0.04
ballet,DP NCut (trivial),3,0,3,10,dancer4,226,3,0.761062,0.558744,0.489712,0.05
ballet,DP NCut (trivial),3,0,3,11,dancer4,226,3,0.632743,0.592722,0.489583,0.05
ballet,DP NCut (trivial),3,0,4,0,dancer5,266,3,1.000000,1.000000,1.000000,0.06
ballet,DP NCut (trivial),3,0,4,1,dancer5,238,3,1.000000,1.000000,1.000000,0.05
ballet,DP NCut (trivial),3,0,4,2,dancer5,263,3,1.000000,1.000000,1.000000,0.06
ballet,DP NCut (trivial),3,0,4,3,dancer5,239,3,0.983264,0.931218,0.954560,0.05
ballet,DP NCut (trivial),3,0,4,4,dancer5,231,3,1.000000,1.000000,1.000000,0.05
ballet,DP NCut (trivial),3,0,4,5,dancer5,250,3,1.000000,1.000000,1.000000,0.06
ballet,DP NCut (trivial),3,0,4,6,dancer5,186,3,1.000000,1.000000,1.000000,0.03
ballet,DP NCut (trivial),3,0,4,7,dancer5,207,3,0.932367,0.842309,0.825763,0.04
ballet,DP NCut (trivial),3,0,4,8,dancer5,223,3,1.000000,1.000000,1.000000,0.04
ballet,DP NCut (trivial),3,0,4,9,dancer5,214,3,1.000000,1.000000,1.000000,0.04
ballet,DP NCut (trivial),3,0,4,10,dancer5,225,3,1.000000,1.000000,1.000000,0.05
ballet,DP NCut (trivial),3,0,4,11,dancer5,197,3,0.994924,0.975867,0.984660,0.04
ballet,DP NCut (trivial),3,0,5,0,dancer6,193,3,0.943005,0.858213,0.853030,0.03
ballet,DP NCut (trivial),3,0,5,1,dancer6,238,3,0.537815,0.498807,0.323200,0.05
ballet,DP NCut (trivial),3,0,5,2,dancer6,227,3,0.493392,0.311133,0.114948,0.05
ballet,DP NCut (trivial),3,0,5,3,dancer6,234,3,0.658120,0.680234,0.507947,0.05
ballet,DP NCut (trivial),3,0,5,4,dancer6,237,3,0.970464,0.905864,0.909466,0.05
ballet,DP NCut (trivial),3,0,5,5,dancer6,240,3,0.829167,0.625500,0.548689,0.05
ballet,DP NCut (trivial),3,0,5,6,dancer6,236,3,1.000000,1.000000,1.000000,0.05
ballet,DP NCut (trivial),3,0,5,7,dancer6,239,3,0.677824,0.681420,0.526907,0.05
ballet,DP NCut (trivial),3,0,5,8,dancer6,240,3,0.500000,0.288677,0.099804,0.05
ballet,DP NCut (trivial),3,0,5,9,dancer6,219,3,0.680365,0.703934,0.564569,0.04
ballet,DP NCut (trivial),3,0,5,10,dancer6,179,3,0.569832,0.654429,0.456495,0.03
ballet,DP NCut (trivial),3,0,5,11,dancer6,241,3,0.717842,0.685427,0.519246,0.05
ballet,DP NCut (trivial),3,0,6,0,dancer7,246,3,1.000000,1.000000,1.000000,0.05
ballet,DP NCut (trivial),3,0,6,1,dancer7,201,3,1.000000,1.000000,1.000000,0.04
ballet,DP NCut (trivial),3,0,6,2,dancer7,192,3,1.000000,1.000000,1.000000,0.03
ballet,DP NCut (trivial),3,0,6,3,dancer7,259,3,0.861004,0.769356,0.714356,0.06
ballet,DP NCut (trivial),3,0,6,4,dancer7,242,3,1.000000,1.000000,1.000000,0.05
ballet,DP NCut (trivial),3,0,6,5,dancer7,213,3,1.000000,1.000000,1.000000,0.04
ballet,DP NCut (trivial),3,0,6,6,dancer7,186,3,1.000000,1.000000,1.000000,0.03
ballet,DP NCut (trivial),3,0,6,7,dancer7,243,3,1.000000,1.000000,1.000000,0.05
ballet,DP NCut (trivial),3,0,6,8,dancer7,242,3,1.000000,1.000000,1.000000,0.05
ballet,DP NCut (trivial),3,0,6,9,dancer7,247,3,0.781377,0.671392,0.498596,0.06
ballet,DP NCut (trivial),3,0,6,10,dancer7,232,3,0.599138,0.668584,0.480807,0.05
ballet,DP NCut (trivial),3,0,6,11,dancer7,234,3,1.000000,1.000000,1.000000,0.05
ballet,DP NCut (trivial),3,0.25,0,0,dancer1,246,3,0.813008,0.602230,0.506875,0.05
ballet,DP NCut (trivial),3,0.25,0,1,dancer1,235,3,1.000000,1.000000,1.000000,0.05
ballet,DP NCut (trivial),3,0.25,0,2,dancer1,240,3,0.666667,0.515859,0.369097,0.05
ballet,DP NCut (trivial),3,0.25,0,3,dancer1,230,3,0.860870,0.672836,0.610831,0.05
ballet,DP NCut (trivial),3,0.25,0,4,dancer1,229,3,0.834061,0.744728,0.663691,0.05
ballet,DP NCut (trivial),3,0.25,0,5,dancer1,235,3,0.629787,0.671337,0.495118,0.05
ballet,DP NCut (trivial),3,0.25,0,6,dancer1,220,3,0.995455,0.978093,0.986412,0.04
ballet,DP NCut (trivial),3,0.25,0,7,dancer1,237,3,0.932489,0.843453,0.838079,0.05
ballet,DP NCut (trivial),3,0.25,0,8,dancer1,242,3,0.615702,0.672554,0.493309,0.05
ballet,DP NCut (trivial),3,0.25,0,9,dancer1,225,3,0.568889,0.647095,0.452951,0.05
ballet,DP NCut (trivial),3,0.25,0,10,dancer1,258,3,0.693798,0.545936,0.394092,0.06
ballet,DP NCut (trivial),3,0.25,0,11,dancer1,287,3,0.529617,0.647723,0.443349,0.08
ballet,DP NCut (trivial),3,0.25,1,0,dancer2,252,3,1.000000,1.000000,1.000000,0.06
ballet,DP NCut (trivial),3,0.25,1,1,dancer2,187,3,0.577540,0.476691,0.314156,0.03
ballet,DP NCut (trivial),3,0.25,1,2,dancer2,258,3,0.596899,0.654999,0.463276,0.06
ballet,DP NCut (trivial),3,0.25,1,3,dancer2,256,3,0.582031,0.394748,0.224535,0.06
ballet,DP NCut (trivial),3,0.25,1,4,dancer2,238,3,0.768908,0.711060,0.583225,0.05
ballet,DP NCut (trivial),3,0.25,1,5,dancer2,246,3,1.000000,1.000000,1.000000,0.05
ballet,DP NCut (trivial),3,0.25,1,6,dancer2,228,3,1.000000,1.000000,1.000000,0.05
ballet,DP NCut (trivial),3,0.25,1,7,dancer2,244,3,0.725410,0.501505,0.363229,0.05
ballet,DP NCut (trivial),3,0.25,1,8,dancer2,206,3,1.000000,1.000000,1.000000,0.04
ballet,DP NCut (trivial),3,0.25,1,9,dancer2,179,3,0.899441,0.793045,0.729138,0.03
ballet,DP NCut (trivial),3,0.25,1,10,dancer2,223,3,0.937220,0.835489,0.804303,0.04
ballet,DP NCut (trivial),3,0.25,1,11,dancer2,214,3,0.626168,0.672615,0.495930,0.04
ballet,DP NCut (trivial),3,0.25,2,0,dancer3,219,3,0.844749,0.755693,0.683324,0.04
ballet,DP NCut (trivial),3,0.25,2,1,dancer3,254,3,0.748031,0.494798,0.353544,0.06
ballet,DP NCut (trivial),3,0.25,2,2,dancer3,200,3,0.850000,0.746515,0.641157,0.04
ballet,DP NCut (trivial),3,0.25,2,3,dancer3,244,3,0.516393,0.459319,0.288902,0.05
ballet,DP NCut (trivial),3,0.25,2,4,dancer3,207,3,0.893720,0.806099,0.801412,0.04
ballet,DP NCut (trivial),3,0.25,2,5,dancer3,233,3,0.948498,0.869849,0.879231,0.05
ballet,DP NCut (trivial),3,0.25,2,6,dancer3,259,3,0.934363,0.845587,0.834020,0.06
ballet,DP NCut (trivial),3,0.25,2,7,dancer3,219,3,1.000000,1.000000,1.000000,0.04
ballet,DP NCut (trivial),3,0.25,2,8,dancer3,215,3,0.609302,0.381582,0.157805,0.04
ballet,DP NCut (trivial),3,0.25,2,9,dancer3,223,3,1.000000,1.000000,1.000000,0.05
ballet,DP NCut (trivial),3,0.25,2,10,dancer3,201,3,1.000000,1.000000,1.000000,0.04
ballet,DP NCut (trivial),3,0.25,2,11,dancer3,237,3,0.746835,0.678153,0.497678,0.05
ballet,DP NCut (trivial),3,0.25,3,0,dancer4,269,3,0.762082,0.714002,0.590859,0.07
ballet,DP NCut (trivial),3,0.25,3,1,dancer4,224,3,0.589286,0.312873,0.119953,0.05
ballet,DP NCut (trivial),3,0.25,3,2,dancer4,212,3,0.726415,0.565616,0.480364,0.04
ballet,DP NCut (trivial),3,0.25,3,3,dancer4,205,3,0.702439,0.654339,0.444327,0.04
ballet,DP NCut (trivial),3,0.25,3,4,dancer4,283,3,0.791519,0.628345,0.563775,0.07
ballet,DP NCut (trivial),3,0.25,3,5,dancer4,232,3,0.508621,0.359032,0.198340,0.05
ballet,DP NCut (trivial),3,0.25,3,6,dancer4,195,3,0.538462,0.642003,0.436093,0.03
ballet,DP NCut (trivial),3,0.25,3,7,dancer4,205,3,0.687805,0.513244,0.352631,0.04
ballet,DP NCut (trivial),3,0.25,3,8,dancer4,256,3,0.519531,0.397409,0.217743,0.06
ballet,DP NCut (trivial),3,0.25,3,9,dancer4,197,3,0.796954,0.610478,0.562751,0.03
ballet,DP NCut (trivial),3,0.25,3,10,dancer4,226,3,0.761062,0.558744,0.489712,0.05
ballet,DP NCut (trivial),3,0.25,3,11,dancer4,226,3,0.628319,0.592847,0.489141,0.05
ballet,DP NCut (trivial),3,0.25,4,0,dancer5,266,3,1.000000,1.000000,1.000000,0.07
ballet,DP NCut (trivial),3,0.25,4,1,dancer5,238,3,1.000000,1.000000,1.000000,0.05
ballet,DP NCut (trivial),3,0.25,4,2,dancer5,263,3,1.000000,1.000000,1.000000,0.06
ballet,DP NCut (trivial),3,0.25,4,3,dancer5,239,3,0.983264,0.931218,0.954560,0.05
ballet,DP NCut (trivial),3,0.25,4,4,dancer5,231,3,1.000000,1.000000,1.000000,0.05
ballet,DP NCut (trivial),3,0.25,4,5,dancer5,250,3,1.000000,1.000000,1.000000,0.06
ballet,DP NCut (trivial),3,0.25,4,6,dancer5,186,3,1.000000,1.000000,1.000000,0.03
ballet,DP NCut (trivial),3,0.25,4,7,dancer5,207,3,0.932367,0.842309,0.825763,0.04
ballet,DP NCut (trivial),3,0.25,4,8,dancer5,223,3,1.000000,1.000000,1.000000,0.04
ballet,DP NCut (trivial),3,0.25,4,9,dancer5,214,3,1.000000,1.000000,1.000000,0.04
ballet,DP NCut (trivial),3,0.25,4,10,dancer5,225,3,1.000000,1.000000,1.000000,0.05
ballet,DP NCut (trivial),3,0.25,4,11,dancer5,197,3,1.000000,1.000000,1.000000,0.04
ballet,DP NCut (trivial),3,0.25,5,0,dancer6,193,3,0.958549,0.884922,0.889839,0.03
ballet,DP NCut (trivial),3,0.25,5,1,dancer6,238,3,0.537815,0.498807,0.323200,0.05
ballet,DP NCut (trivial),3,0.25,5,2,dancer6,227,3,0.991189,0.962758,0.974339,0.04
ballet,DP NCut (trivial),3,0.25,5,3,dancer6,234,3,0.658120,0.680234,0.507947,0.05
ballet,DP NCut (trivial),3,0.25,5,4,dancer6,237,3,0.966245,0.896537,0.897172,0.05
ballet,DP NCut (trivial),3,0.25,5,5,dancer6,240,3,0.841667,0.643238,0.578127,0.05
ballet,DP NCut (trivial),3,0.25,5,6,dancer6,236,3,1.000000,1.000000,1.000000,0.05
ballet,DP NCut (trivial),3,0.25,5,7,dancer6,239,3,0.682008,0.682778,0.530271,0.05
ballet,DP NCut (trivial),3,0.25,5,8,dancer6,240,3,0.491667,0.286044,0.093555,0.05
ballet,DP NCut (trivial),3,0.25,5,9,dancer6,219,3,0.680365,0.703934,0.564569,0.04
ballet,DP NCut (trivial),3,0.25,5,10,dancer6,179,3,0.569832,0.654429,0.456495,0.03
ballet,DP NCut (trivial),3,0.25,5,11,dancer6,241,3,0.713693,0.684725,0.518339,0.05
ballet,DP NCut (trivial),3,0.25,6,0,dancer7,246,3,1.000000,1.000000,1.000000,0.05
ballet,DP NCut (trivial),3,0.25,6,1,dancer7,201,3,1.000000,1.000000,1.000000,0.03
ballet,DP NCut (trivial),3,0.25,6,2,dancer7,192,3,1.000000,1.000000,1.000000,0.03
ballet,DP NCut (trivial),3,0.25,6,3,dancer7,259,3,0.864865,0.772187,0.719510,0.06
ballet,DP NCut (trivial),3,0.25,6,4,dancer7,242,3,1.000000,1.000000,1.000000,0.05
ballet,DP NCut (trivial),3,0.25,6,5,dancer7,213,3,1.000000,1.000000,1.000000,0.04
ballet,DP NCut (trivial),3,0.25,6,6,dancer7,186,3,1.000000,1.000000,1.000000,0.03
ballet,DP NCut (trivial),3,0.25,6,7,dancer7,243,3,1.000000,1.000000,1.000000,0.05
ballet,DP NCut (trivial),3,0.25,6,8,dancer7,242,3,1.000000,1.000000,1.000000,0.05
ballet,DP NCut (trivial),3,0.25,6,9,dancer7,247,3,0.777328,0.669088,0.494227,0.05
ballet,DP NCut (trivial),3,0.25,6,10,dancer7,232,3,0.603448,0.669342,0.483068,0.05
ballet,DP NCut (trivial),3,0.25,6,11,dancer7,234,3,1.000000,1.000000,1.000000,0.05
ballet,DP NCut (trivial),3,0.5,0,0,dancer1,246,3,0.817073,0.609794,0.518413,0.05
ballet,DP NCut (trivial),3,0.5,0,1,dancer1,235,3,1.000000,1.000000,1.000000,0.05
ballet,DP NCut (trivial),3,0.5,0,2,dancer1,240,3,0.666667,0.515859,0.369097,0.05
ballet,DP NCut (trivial),3,0.5,0,3,dancer1,230,3,0.860870,0.672836,0.610831,0.05
ballet,DP NCut (trivial),3,0.5,0,4,dancer1,229,3,0.834061,0.744728,0.663691,0.05
ballet,DP NCut (trivial),3,0.5,0,5,dancer1,235,3,0.629787,0.671337,0.495118,0.05
ballet,DP NCut (trivial),3,0.5,0,6,dancer1,220,3,0.995455,0.978093,0.986412,0.04
ballet,DP NCut (trivial),3,0.5,0,7,dancer1,237,3,0.924051,0.832075,0.821176,0.05
ballet,DP NCut (trivial),3,0.5,0,8,dancer1,242,3,0.615702,0.672554,0.493309,0.05
ballet,DP NCut (trivial),3,0.5,0,9,dancer1,225,3,0.568889,0.647095,0.452951,0.04
ballet,DP NCut (trivial),3,0.5,0,10,dancer1,258,3,0.697674,0.555051,0.405812,0.06
ballet,DP NCut (trivial),3,0.5,0,11,dancer1,287,3,0.529617,0.647723,0.443349,0.07
ballet,DP NCut (trivial),3,0.5,1,0,dancer2,252,3,1.000000,1.000000,1.000000,0.06
ballet,DP NCut (trivial),3,0.5,1,1,dancer2,187,3,0.577540,0.465594,0.303222,0.03
ballet,DP NCut (trivial),3,0.5,1,2,dancer2,258,3,0.593023,0.653497,0.460499,0.06
ballet,DP NCut (trivial),3,0.5,1,3,dancer2,256,3,0.582031,0.394748,0.224535,0.06
ballet,DP NCut (trivial),3,0.5,1,4,dancer2,238,3,0.764706,0.710172,0.580982,0.05
ballet,DP NCut (trivial),3,0.5,1,5,dancer2,246,3,1.000000,1.000000,1.000000,0.05
ballet,DP NCut (trivial),3,0.5,1,6,dancer2,228,3,0.986842,0.949220,0.960716,0.05
ballet,DP NCut (trivial),3,0.5,1,7,dancer2,244,3,0.717213,0.495546,0.355554,0.05
ballet,DP NCut (trivial),3,0.5,1,8,dancer2,206,3,1.000000,1.000000,1.000000,0.04
ballet,DP NCut (trivial),3,0.5,1,9,dancer2,179,3,0.899441,0.793045,0.729138,0.03
ballet,DP NCut (trivial),3,0.5,1,10,dancer2,223,3,0.937220,0.835489,0.804303,0.04
ballet,DP NCut (trivial),3,0.5,1,11,dancer2,214,3,0.626168,0.672615,0.495930,0.04
ballet,DP NCut (trivial),3,0.5,2,0,dancer3,219,3,0.835616,0.750185,0.672776,0.04
ballet,DP NCut (trivial),3,0.5,2,1,dancer3,254,3,0.763780,0.519259,0.388709,0.07
ballet,DP NCut (trivial),3,0.5,2,2,dancer3,200,3,0.840000,0.738808,0.625770,0.04
ballet,DP NCut (trivial),3,0.5,2,3,dancer3,244,3,0.516393,0.459319,0.288902,0.05
ballet,DP NCut (trivial),3,0.5,2,4,dancer3,207,3,0.893720,0.806099,0.801412,0.04
ballet,DP NCut (trivial),3,0.5,2,5,dancer3,233,3,0.939914,0.856642,0.861601,0.05
ballet,DP NCut (trivial),3,0.5,2,6,dancer3,259,3,0.934363,0.845587,0.834020,0.06
ballet,DP NCut (trivial),3,0.5,2,7,dancer3,219,3,1.000000,1.000000,1.000000,0.04
ballet,DP NCut (trivial),3,0.5,2,8,dancer3,215,3,0.576744,0.355157,0.132041,0.04
ballet,DP NCut (trivial),3,0.5,2,9,dancer3,223,3,1.000000,1.000000,1.000000,0.05
ballet,DP NCut (trivial),3,0.5,2,10,dancer3,201,3,1.000000,1.000000,1.000000,0.04
ballet,DP NCut (trivial),3,0.5,2,11,dancer3,237,3,0.746835,0.678153,0.497678,0.05
ballet,DP NCut (trivial),3,0.5,3,0,dancer4,269,3,0.762082,0.714002,0.590859,0.07
ballet,DP NCut (trivial),3,0.5,3,1,dancer4,224,3,0.593750,0.317330,0.123768,0.05
ballet,DP NCut (trivial),3,0.5,3,2,dancer4,212,3,0.726415,0.565616,0.480364,0.04
ballet,DP NCut (trivial),3,0.5,3,3,dancer4,205,3,0.687805,0.602624,0.418295,0.04
ballet,DP NCut (trivial),3,0.5,3,4,dancer4,283,3,0.787986,0.626175,0.560393,0.07
ballet,DP NCut (trivial),3,0.5,3,5,dancer4,232,3,0.508621,0.359032,0.198340,0.05
ballet,DP NCut (trivial),3,0.5,3,6,dancer4,195,3,0.538462,0.642003,0.436093,0.04
ballet,DP NCut (trivial),3,0.5,3,7,dancer4,205,3,0.687805,0.513244,0.352631,0.04
ballet,DP NCut (trivial),3,0.5,3,8,dancer4,256,3,0.511719,0.390139,0.209334,0.06
ballet,DP NCut (trivial),3,0.5,3,9,dancer4,197,3,0.796954,0.610478,0.562751,0.04
ballet,DP NCut (trivial),3,0.5,3,10,dancer4,226,3,0.756637,0.554885,0.485717,0.05
ballet,DP NCut (trivial),3,0.5,3,11,dancer4,226,3,0.548673,0.488272,0.304815,0.05
ballet,DP NCut (trivial),3,0.5,4,0,dancer5,266,3,1.000000,1.000000,1.000000,0.06
ballet,DP NCut (trivial),3,0.5,4,1,dancer5,238,3,1.000000,1.000000,1.000000,0.05
ballet,DP NCut (trivial),3,0.5,4,2,dancer5,263,3,1.000000,1.000000,1.000000,0.06
ballet,DP NCut (trivial),3,0.5,4,3,dancer5,239,3,0.983264,0.931218,0.954560,0.05
ballet,DP NCut (trivial),3,0.5,4,4,dancer5,231,3,1.000000,1.000000,1.000000,0.05
ballet,DP NCut (trivial),3,0.5,4,5,dancer5,250,3,1.000000,1.000000,1.000000,0.06
ballet,DP NCut (trivial),3,0.5,4,6,dancer5,186,3,1.000000,1.000000,1.000000,0.03
ballet,DP NCut (trivial),3,0.5,4,7,dancer5,207,3,0.937198,0.849371,0.836751,0.04
ballet,DP NCut (trivial),3,0.5,4,8,dancer5,223,3,1.000000,1.000000,1.000000,0.05
ballet,DP NCut (trivial),3,0.5,4,9,dancer5,214,3,1.000000,1.000000,1.000000,0.04
ballet,DP NCut (trivial),3,0.5,4,10,dancer5,225,3,1.000000,1.000000,1.000000,0.05
ballet,DP NCut (trivial),3,0.5,4,11,dancer5,197,3,0.994924,0.975867,0.984660,0.04
ballet,DP NCut (trivial),3,0.5,5,0,dancer6,193,3,0.963731,0.894912,0.902665,0.03
ballet,DP NCut (trivial),3,0.5,5,1,dancer6,238,3,0.533613,0.498588,0.322509,0.05
ballet,DP NCut (trivial),3,0.5,5,2,dancer6,227,3,1.000000,1.000000,1.000000,0.04
ballet,DP NCut (trivial),3,0.5,5,3,dancer6,234,3,0.709402,0.687707,0.528048,0.05
ballet,DP NCut (trivial),3,0.5,5,4,dancer6,237,3,0.966245,0.896537,0.897172,0.05
ballet,DP NCut (trivial),3,0.5,5,5,dancer6,240,3,0.779167,0.604299,0.542501,0.05
ballet,DP NCut (trivial),3,0.5,5,6,dancer6,236,3,0.906780,0.808995,0.772570,0.05
ballet,DP NCut (trivial),3,0.5,5,7,dancer6,239,3,0.677824,0.658365,0.515789,0.05
ballet,DP NCut (trivial),3,0.5,5,8,dancer6,240,3,0.491667,0.286044,0.093555,0.05
ballet,DP NCut (trivial),3,0.5,5,9,dancer6,219,3,0.680365,0.703934,0.564569,0.04
ballet,DP NCut (trivial),3,0.5,5,10,dancer6,179,3,0.569832,0.654429,0.456495,0.03
ballet,DP NCut (trivial),3,0.5,5,11,dancer6,241,3,0.713693,0.684725,0.518339,0.05
ballet,DP NCut (trivial),3,0.5,6,0,dancer7,246,3,1.000000,1.000000,1.000000,0.05
ballet,DP NCut (trivial),3,0.5,6,1,dancer7,201,3,1.000000,1.000000,1.000000,0.03
ballet,DP NCut (trivial),3,0.5,6,2,dancer7,192,3,1.000000,1.000000,1.000000,0.03
ballet,DP NCut (trivial),3,0.5,6,3,dancer7,259,3,0.864865,0.772187,0.719510,0.06
ballet,DP NCut (trivial),3,0.5,6,4,dancer7,242,3,1.000000,1.000000,1.000000,0.05
ballet,DP NCut (trivial),3,0.5,6,5,dancer7,213,3,1.000000,1.000000,1.000000,0.04
ballet,DP NCut (trivial),3,0.5,6,6,dancer7,186,3,1.000000,1.000000,1.000000,0.03
ballet,DP NCut (trivial),3,0.5,6,7,dancer7,243,3,1.000000,1.000000,1.000000,0.05
ballet,DP NCut (trivial),3,0.5,6,8,dancer7,242,3,1.000000,1.000000,1.000000,0.05
ballet,DP NCut (trivial),3,0.5,6,9,dancer7,247,3,0.777328,0.669088,0.494227,0.05
ballet,DP NCut (trivial),3,0.5,6,10,dancer7,232,3,0.603448,0.669342,0.483068,0.05
ballet,DP NCut (trivial),3,0.5,6,11,dancer7,234,3,1.000000,1.000000,1.000000,0.05
ballet,DP NCut (trivial),5,0,0,0,dancer1,422,5,0.670616,0.764963,0.564404,0.23
ballet,DP NCut (trivial),5,0,0,1,dancer1,424,5,0.757075,0.735376,0.564179,0.23
ballet,DP NCut (trivial),5,0,0,2,dancer1,318,5,0.710692,0.744480,0.559122,0.13
ballet,DP NCut (trivial),5,0,0,3,dancer1,377,5,0.607427,0.603057,0.449255,0.18
ballet,DP NCut (trivial),5,0,0,4,dancer1,383,5,0.485640,0.615865,0.370062,0.19
ballet,DP NCut (trivial),5,0,0,5,dancer1,369,5,0.680217,0.713364,0.546270,0.18
ballet,DP NCut (trivial),5,0,0,6,dancer1,410,5,0.731707,0.789796,0.624340,0.22
ballet,DP NCut (trivial),5,0,0,7,dancer1,392,5,0.727041,0.790105,0.625409,0.20
ballet,DP NCut (trivial),5,0,0,8,dancer1,376,5,0.827128,0.803497,0.678271,0.18
ballet,DP NCut (trivial),5,0,0,9,dancer1,363,5,0.672176,0.691422,0.482362,0.17
ballet,DP NCut (trivial),5,0,0,10,dancer1,366,5,0.696721,0.703316,0.525158,0.17
ballet,DP NCut (trivial),5,0,0,11,dancer1,401,5,0.568579,0.681527,0.394930,0.21
ballet,DP NCut (trivial),5,0,1,0,dancer3,376,5,0.928191,0.898288,0.883978,0.16
ballet,DP NCut (trivial),5,0,1,1,dancer3,385,5,0.727273,0.823345,0.676060,0.17
ballet,DP NCut (trivial),5,0,1,2,dancer3,447,5,0.666667,0.712853,0.555010,0.23
ballet,DP NCut (trivial),5,0,1,3,dancer3,358,5,0.703911,0.803975,0.669423,0.15
ballet,DP NCut (trivial),5,0,1,4,dancer3,366,5,0.669399,0.770669,0.599324,0.15
ballet,DP NCut (trivial),5,0,1,5,dancer3,379,5,0.881266,0.838527,0.764137,0.16
ballet,DP NCut (trivial),5,0,1,6,dancer3,384,5,0.812500,0.752292,0.646603,0.17
ballet,DP NCut (trivial),5,0,1,7,dancer3,402,5,0.885572,0.887650,0.791425,0.18
ballet,DP NCut (trivial),5,0,1,8,dancer3,342,5,0.716374,0.812905,0.669407,0.13
ballet,DP NCut (trivial),5,0,1,9,dancer3,345,5,0.820290,0.816423,0.711690,0.14
ballet,DP NCut (trivial),5,0,1,10,dancer3,391,5,0.452685,0.512006,0.213487,0.17
ballet,DP NCut (trivial),5,0,1,11,dancer3,339,5,0.761062,0.873304,0.747546,0.13
ballet,DP NCut (trivial),5,0,2,0,dancer6,372,5,0.663978,0.697489,0.511061,0.17
ballet,DP NCut (trivial),5,0,2,1,dancer6,342,5,0.476608,0.606557,0.346373,0.14
ballet,DP NCut (trivial),5,0,2,2,dancer6,365,5,0.772603,0.873459,0.749854,0.16
ballet,DP NCut (trivial),5,0,2,3,dancer6,341,5,0.739003,0.685337,0.506378,0.14
ballet,DP NCut (trivial),5,0,2,4,dancer6,366,5,0.803279,0.850773,0.730801,0.16
ballet,DP NCut (trivial),5,0,2,5,dancer6,298,5,0.795302,0.746683,0.660343,0.10
ballet,DP NCut (trivial),5,0,2,6,dancer6,357,5,0.792717,0.822746,0.750532,0.15
ballet,DP NCut (trivial),5,0,2,7,dancer6,368,5,0.608696,0.645463,0.414545,0.16
ballet,DP NCut (trivial),5,0,2,8,dancer6,409,5,0.625917,0.687715,0.444327,0.20
ballet,DP NCut (trivial),5,0,2,9,dancer6,399,5,0.553885,0.627840,0.356528,0.19
ballet,DP NCut (trivial),5,0,2,10,dancer6,437,5,0.965675,0.939956,0.916965,0.23
ballet,DP NCut (trivial),5,0,2,11,dancer6,379,5,0.630607,0.631544,0.459715,0.17
ballet,DP NCut (trivial),5,0,3,0,dancer7,373,5,1.000000,1.000000,1.000000,0.16
ballet,DP NCut (trivial),5,0,3,1,dancer7,408,5,0.676471,0.738197,0.517290,0.19
ballet,DP NCut (trivial),5,0,3,2,dancer7,361,5,1.000000,1.000000,1.000000,0.15
ballet,DP NCut (trivial),5,0,3,3,dancer7,398,5,0.706030,0.840623,0.643999,0.18
ballet,DP NCut (trivial),5,0,3,4,dancer7,364,5,1.000000,1.000000,1.000000,0.15
ballet,DP NCut (trivial),5,0,3,5,dancer7,398,5,0.793970,0.884145,0.785970,0.18
ballet,DP NCut (trivial),5,0,3,6,dancer7,349,5,0.765043,0.863506,0.716791,0.14
ballet,DP NCut (trivial),5,0,3,7,dancer7,421,5,0.978622,0.956866,0.950112,0.20
ballet,DP NCut (trivial),5,0,3,8,dancer7,402,5,1.000000,1.000000,1.000000,0.19
ballet,DP NCut (trivial),5,0,3,9,dancer7,461,5,0.731020,0.863399,0.707413,0.25
ballet,DP NCut (trivial),5,0,3,10,dancer7,346,5,0.751445,0.868502,0.733006,0.14
ballet,DP NCut (trivial),5,0,3,11,dancer7,380,5,0.965789,0.931296,0.921635,0.16
ballet,DP NCut (trivial),5,0.25,0,0,dancer1,422,5,0.672986,0.765154,0.564764,0.21
ballet,DP NCut (trivial),5,0.25,0,1,dancer1,424,5,0.757075,0.735376,0.564179,0.21
ballet,DP NCut (trivial),5,0.25,0,2,dancer1,318,5,0.710692,0.744480,0.559122,0.12
ballet,DP NCut (trivial),5,0.25,0,3,dancer1,377,5,0.610080,0.605020,0.451370,0.16
ballet,DP NCut (trivial),5,0.25,0,4,dancer1,383,5,0.488251,0.617819,0.374601,0.17
ballet,DP NCut (trivial),5,0.25,0,5,dancer1,369,5,0.682927,0.714629,0.549722,0.15
ballet,DP NCut (trivial),5,0.25,0,6,dancer1,410,5,0.731707,0.789796,0.624340,0.19
ballet,DP NCut (trivial),5,0.25,0,7,dancer1,392,5,0.724490,0.786591,0.618291,0.17
ballet,DP NCut (trivial),5,0.25,0,8,dancer1,376,5,0.824468,0.802445,0.668744,0.16
ballet,DP NCut (trivial),5,0.25,0,9,dancer1,363,5,0.674931,0.694188,0.487703,0.15
ballet,DP NCut (trivial),5,0.25,0,10,dancer1,366,5,0.688525,0.703591,0.524516,0.15
ballet,DP NCut (trivial),5,0.25,0,11,dancer1,401,5,0.568579,0.681527,0.394930,0.18
ballet,DP NCut (trivial),5,0.25,1,0,dancer3,376,5,0.928191,0.898288,0.883978,0.17
ballet,DP NCut (trivial),5,0.25,1,1,dancer3,385,5,0.724675,0.823068,0.675185,0.17
ballet,DP NCut (trivial),5,0.25,1,2,dancer3,447,5,0.668904,0.716070,0.560440,0.24
ballet,DP NCut (trivial),5,0.25,1,3,dancer3,358,5,0.698324,0.801897,0.664111,0.15
ballet,DP NCut (trivial),5,0.25,1,4,dancer3,366,5,0.672131,0.770844,0.599906,0.15
ballet,DP NCut (trivial),5,0.25,1,5,dancer3,379,5,0.878628,0.837066,0.760665,0.17
ballet,DP NCut (trivial),5,0.25,1,6,dancer3,384,5,0.809896,0.750533,0.643274,0.17
ballet,DP NCut (trivial),5,0.25,1,7,dancer3,402,5,0.888060,0.888451,0.793866,0.19
ballet,DP NCut (trivial),5,0.25,1,8,dancer3,342,5,0.713450,0.809954,0.666453,0.14
ballet,DP NCut (trivial),5,0.25,1,9,dancer3,345,5,0.817391,0.815856,0.710208,0.14
ballet,DP NCut (trivial),5,0.25,1,10,dancer3,391,5,0.452685,0.512006,0.213487,0.18
ballet,DP NCut (trivial),5,0.25,1,11,dancer3,339,5,0.764012,0.873658,0.748347,0.13
ballet,DP NCut (trivial),5,0.25,2,0,dancer6,372,5,0.663978,0.692975,0.507603,0.16
ballet,DP NCut (trivial),5,0.25,2,1,dancer6,342,5,0.476608,0.606557,0.346373,0.14
ballet,DP NCut (trivial),5,0.25,2,2,dancer6,365,5,0.775342,0.865835,0.749201,0.15
ballet,DP NCut (trivial),5,0.25,2,3,dancer6,341,5,0.739003,0.685337,0.506378,0.13
ballet,DP NCut (trivial),5,0.25,2,4,dancer6,366,5,0.803279,0.850773,0.730801,0.15
ballet,DP NCut (trivial),5,0.25,2,5,dancer6,298,5,0.795302,0.746683,0.660343,0.10
ballet,DP NCut (trivial),5,0.25,2,6,dancer6,357,5,0.792717,0.822746,0.750532,0.15
ballet,DP NCut (trivial),5,0.25,2,7,dancer6,368,5,0.611413,0.648080,0.419189,0.15
ballet,DP NCut (trivial),5,0.25,2,8,dancer6,409,5,0.630807,0.693470,0.452652,0.19
ballet,DP NCut (trivial),5,0.25,2,9,dancer6,399,5,0.553885,0.633521,0.362730,0.18
ballet,DP NCut (trivial),5,0.25,2,10,dancer6,437,5,0.970252,0.945309,0.927087,0.22
ballet,DP NCut (trivial),5,0.25,2,11,dancer6,379,5,0.630607,0.631544,0.459715,0.16
ballet,DP NCut (trivial),5,0.25,3,0,dancer7,373,5,1.000000,1.000000,1.000000,0.17
ballet,DP NCut (trivial),5,0.25,3,1,dancer7,408,5,0.620098,0.723853,0.475534,0.20
ballet,DP NCut (trivial),5,0.25,3,2,dancer7,361,5,1.000000,1.000000,1.000000,0.16
ballet,DP NCut (trivial),5,0.25,3,3,dancer7,398,5,0.706030,0.840623,0.643999,0.19
ballet,DP NCut (trivial),5,0.25,3,4,dancer7,364,5,1.000000,1.000000,1.000000,0.18
ballet,DP NCut (trivial),5,0.25,3,5,dancer7,398,5,0.796482,0.884834,0.787765,0.19
ballet,DP NCut (trivial),5,0.25,3,6,dancer7,349,5,0.765043,0.863506,0.716791,0.15
ballet,DP NCut (trivial),5,0.25,3,7,dancer7,421,5,0.980998,0.960262,0.955371,0.22
ballet,DP NCut (trivial),5,0.25,3,8,dancer7,402,5,1.000000,1.000000,1.000000,0.19
ballet,DP NCut (trivial),5,0.25,3,9,dancer7,461,5,0.731020,0.863399,0.707413,0.26
ballet,DP NCut (trivial),5,0.25,3,10,dancer7,346,5,0.751445,0.868502,0.733006,0.14
ballet,DP NCut (trivial),5,0.25,3,11,dancer7,380,5,0.960526,0.921174,0.911712,0.17
ballet,DP NCut (trivial),5,0.5,0,0,dancer1,422,5,0.670616,0.748175,0.550034,0.20
ballet,DP NCut (trivial),5,0.5,0,1,dancer1,424,5,0.759434,0.737471,0.568518,0.21
ballet,DP NCut (trivial),5,0.5,0,2,dancer1,318,5,0.710692,0.744480,0.559122,0.12
ballet,DP NCut (trivial),5,0.5,0,3,dancer1,377,5,0.610080,0.605020,0.451370,0.16
ballet,DP NCut (trivial),5,0.5,0,4,dancer1,383,5,0.485640,0.616581,0.371779,0.17
ballet,DP NCut (trivial),5,0.5,0,5,dancer1,369,5,0.672087,0.708238,0.536511,0.16
ballet,DP NCut (trivial),5,0.5,0,6,dancer1,410,5,0.885366,0.802000,0.733951,0.19
ballet,DP NCut (trivial),5,0.5,0,7,dancer1,392,5,0.724490,0.786591,0.618291,0.18
ballet,DP NCut (trivial),5,0.5,0,8,dancer1,376,5,0.824468,0.802445,0.668744,0.16
ballet,DP NCut (trivial),5,0.5,0,9,dancer1,363,5,0.674931,0.694188,0.487703,0.15
ballet,DP NCut (trivial),5,0.5,0,10,dancer1,366,5,0.685792,0.703506,0.523919,0.15
ballet,DP NCut (trivial),5,0.5,0,11,dancer1,401,5,0.568579,0.681527,0.394930,0.18
ballet,DP NCut (trivial),5,0.5,1,0,dancer3,376,5,0.930851,0.902542,0.888550,0.16
ballet,DP NCut (trivial),5,0.5,1,1,dancer3,385,5,0.724675,0.823068,0.675185,0.17
ballet,DP NCut (trivial),5,0.5,1,2,dancer3,447,5,0.668904,0.716070,0.560440,0.23
ballet,DP NCut (trivial),5,0.5,1,3,dancer3,358,5,0.726257,0.815089,0.698462,0.15
ballet,DP NCut (trivial),5,0.5,1,4,dancer3,366,5,0.672131,0.770844,0.599906,0.15
ballet,DP NCut (trivial),5,0.5,1,5,dancer3,379,5,0.875989,0.834927,0.757671,0.16
ballet,DP NCut (trivial),5,0.5,1,6,dancer3,384,5,0.817708,0.757997,0.656907,0.17
ballet,DP NCut (trivial),5,0.5,1,7,dancer3,402,5,0.888060,0.888451,0.793866,0.18
ballet,DP NCut (trivial),5,0.5,1,8,dancer3,342,5,0.713450,0.809954,0.666453,0.13
ballet,DP NCut (trivial),5,0.5,1,9,dancer3,345,5,0.855072,0.828985,0.747439,0.13
ballet,DP NCut (trivial),5,0.5,1,10,dancer3,391,5,0.452685,0.505303,0.208449,0.17
ballet,DP NCut (trivial),5,0.5,1,11,dancer3,339,5,0.764012,0.873658,0.748347,0.13
ballet,DP NCut (trivial),5,0.5,2,0,dancer6,372,5,0.610215,0.676663,0.436526,0.16
ballet,DP NCut (trivial),5,0.5,2,1,dancer6,342,5,0.476608,0.606557,0.346373,0.14
ballet,DP NCut (trivial),5,0.5,2,2,dancer6,365,5,0.772603,0.850501,0.740870,0.16
ballet,DP NCut (trivial),5,0.5,2,3,dancer6,341,5,0.642229,0.633578,0.418270,0.13
ballet,DP NCut (trivial),5,0.5,2,4,dancer6,366,5,0.803279,0.850773,0.730801,0.15
ballet,DP NCut (trivial),5,0.5,2,5,dancer6,298,5,0.812081,0.765405,0.686631,0.10
ballet,DP NCut (trivial),5,0.5,2,6,dancer6,357,5,0.714286,0.735956,0.622453,0.14
ballet,DP NCut (trivial),5,0.5,2,7,dancer6,368,5,0.872283,0.827927,0.736722,0.15
ballet,DP NCut (trivial),5,0.5,2,8,dancer6,409,5,0.682152,0.710465,0.501916,0.19
ballet,DP NCut (trivial),5,0.5,2,9,dancer6,399,5,0.553885,0.633521,0.362730,0.18
ballet,DP NCut (trivial),5,0.5,2,10,dancer6,437,5,0.972540,0.948148,0.932260,0.22
ballet,DP NCut (trivial),5,0.5,2,11,dancer6,379,5,0.627968,0.629235,0.456106,0.16
ballet,DP NCut (trivial),5,0.5,3,0,dancer7,373,5,1.000000,1.000000,1.000000,0.17
ballet,DP NCut (trivial),5,0.5,3,1,dancer7,408,5,0.622549,0.724137,0.476484,0.20
ballet,DP NCut (trivial),5,0.5,3,2,dancer7,361,5,1.000000,1.000000,1.000000,0.16
ballet,DP NCut (trivial),5,0.5,3,3,dancer7,398,5,0.713568,0.842473,0.648945,0.19
ballet,DP NCut (trivial),5,0.5,3,4,dancer7,364,5,1.000000,1.000000,1.000000,0.16
ballet,DP NCut (trivial),5,0.5,3,5,dancer7,398,5,0.791457,0.872891,0.783873,0.19
ballet,DP NCut (trivial),5,0.5,3,6,dancer7,349,5,0.767908,0.864043,0.718311,0.15
ballet,DP NCut (trivial),5,0.5,3,7,dancer7,421,5,0.980998,0.960262,0.955371,0.22
ballet,DP NCut (trivial),5,0.5,3,8,dancer7,402,5,1.000000,1.000000,1.000000,0.19
ballet,DP NCut (trivial),5,0.5,3,9,dancer7,461,5,0.731020,0.863399,0.707413,0.26
ballet,DP NCut (trivial),5,0.5,3,10,dancer7,346,5,0.751445,0.868502,0.733006,0.14
ballet,DP NCut (trivial),5,0.5,3,11,dancer7,380,5,0.955263,0.909558,0.901303,0.17
