host=gl3098.arc-ts.umich.edu  python=/home/lpullela/miniconda3/envs/ssc_559/bin/python  start=Sun Aug 30 00:15:09 EDT 2026
Loading P1E_S1_C1
  Y: (9216, 872)  people=25  frames/person=[53, 42, 36, 23, 25, 12, 13, 10, 18, 49, 43, 50, 35, 38, 59, 47, 42, 37, 38, 43, 24, 51, 44, 10, 30]
Loading P1E_S1_C2
  Y: (9216, 702)  people=25  frames/person=[46, 38, 11, 40, 47, 45, 18, 14, 39, 11, 37, 14, 25, 33, 31, 30, 11, 10, 16, 10, 33, 36, 43, 23, 41]
Loading P1E_S1_C3
  Y: (9216, 450)  people=25  frames/person=[15, 22, 16, 16, 17, 13, 14, 19, 14, 25, 26, 12, 21, 18, 22, 16, 13, 19, 16, 15, 8, 15, 30, 20, 28]
Loading P1E_S2_C1
  Y: (9216, 823)  people=25  frames/person=[55, 13, 50, 37, 28, 44, 39, 22, 26, 46, 40, 35, 27, 32, 29, 26, 45, 23, 21, 46, 41, 12, 14, 29, 43]
Loading P1E_S2_C2
  Y: (9216, 815)  people=25  frames/person=[30, 48, 26, 22, 50, 51, 14, 12, 44, 27, 39, 17, 43, 25, 42, 41, 39, 21, 41, 12, 39, 30, 49, 20, 33]
Loading P1E_S2_C3
  Y: (9216, 704)  people=25  frames/person=[14, 36, 28, 32, 25, 37, 31, 36, 20, 23, 42, 12, 28, 20, 15, 33, 32, 32, 32, 29, 32, 34, 38, 19, 24]
Loading P1E_S3_C1
  Y: (9216, 884)  people=25  frames/person=[12, 31, 47, 41, 27, 60, 40, 43, 10, 33, 52, 48, 30, 34, 31, 36, 21, 50, 13, 31, 24, 47, 48, 38, 37]
Loading P1E_S3_C2
  Y: (9216, 852)  people=25  frames/person=[57, 19, 15, 16, 47, 59, 34, 44, 59, 26, 10, 16, 45, 14, 37, 43, 48, 28, 17, 33, 42, 28, 55, 29, 31]
Loading P1E_S3_C3
  Y: (9216, 724)  people=25  frames/person=[21, 34, 24, 21, 37, 47, 17, 37, 55, 18, 31, 37, 31, 22, 17, 39, 35, 12, 30, 28, 19, 41, 35, 11, 25]
Loading P1E_S4_C1
  Y: (9216, 826)  people=25  frames/person=[46, 25, 10, 14, 48, 17, 36, 55, 57, 23, 13, 35, 52, 41, 13, 43, 27, 21, 31, 45, 48, 17, 38, 48, 23]
Loading P1E_S4_C2
  Y: (9216, 791)  people=25  frames/person=[23, 22, 20, 46, 21, 21, 16, 16, 49, 24, 50, 39, 50, 35, 43, 36, 13, 38, 33, 24, 33, 31, 35, 37, 36]
Loading P1E_S4_C3
  Y: (9216, 620)  people=25  frames/person=[28, 29, 22, 29, 24, 14, 31, 21, 33, 11, 37, 19, 17, 21, 25, 12, 25, 41, 12, 29, 26, 31, 31, 29, 23]
Loading P1L_S1_C1
  Y: (9216, 741)  people=25  frames/person=[15, 10, 15, 28, 15, 14, 23, 43, 36, 23, 58, 45, 42, 49, 50, 16, 11, 54, 30, 13, 34, 29, 31, 31, 26]
Loading P1L_S1_C2
  Y: (9216, 887)  people=25  frames/person=[34, 35, 37, 45, 49, 10, 25, 54, 23, 36, 54, 42, 54, 18, 36, 42, 27, 39, 48, 47, 26, 13, 19, 23, 51]
Loading P1L_S1_C3
  Y: (9216, 534)  people=25  frames/person=[23, 29, 20, 26, 19, 25, 22, 12, 28, 25, 20, 25, 23, 18, 21, 17, 15, 26, 12, 21, 18, 18, 30, 18, 23]
Loading P1L_S2_C1
  Y: (9216, 949)  people=25  frames/person=[56, 39, 38, 46, 39, 48, 19, 49, 36, 48, 36, 25, 14, 36, 60, 11, 39, 32, 10, 37, 49, 47, 59, 36, 40]
Loading P1L_S2_C2
  Y: (9216, 917)  people=25  frames/person=[59, 26, 49, 19, 28, 44, 39, 19, 43, 39, 56, 40, 55, 52, 14, 13, 35, 35, 38, 47, 26, 19, 44, 29, 49]
Loading P1L_S2_C3
  Y: (9216, 660)  people=25  frames/person=[13, 36, 29, 23, 14, 26, 30, 36, 50, 21, 34, 40, 34, 16, 35, 32, 35, 24, 16, 29, 13, 16, 13, 19, 26]
Loading P1L_S3_C1
  Y: (9216, 775)  people=25  frames/person=[44, 42, 45, 35, 12, 18, 23, 44, 28, 26, 15, 46, 11, 33, 47, 35, 45, 50, 21, 14, 12, 39, 23, 20, 47]
Loading P1L_S3_C2
  Y: (9216, 1027)  people=25  frames/person=[51, 58, 34, 36, 60, 35, 19, 23, 59, 12, 50, 43, 34, 52, 51, 32, 40, 48, 43, 34, 56, 55, 13, 37, 52]
Loading P1L_S3_C3
  Y: (9216, 797)  people=25  frames/person=[14, 29, 35, 26, 39, 45, 28, 49, 15, 26, 10, 31, 10, 36, 47, 14, 46, 46, 25, 31, 34, 50, 45, 26, 40]
Loading P1L_S4_C1
  Y: (9216, 833)  people=25  frames/person=[50, 46, 21, 31, 28, 45, 31, 31, 37, 39, 15, 57, 30, 18, 10, 32, 47, 25, 53, 20, 17, 29, 45, 25, 51]
Loading P1L_S4_C2
  Y: (9216, 895)  people=25  frames/person=[11, 60, 12, 53, 10, 31, 25, 59, 43, 56, 31, 35, 35, 48, 35, 56, 19, 34, 22, 54, 17, 45, 56, 24, 24]
Loading P1L_S4_C3
  Y: (9216, 704)  people=25  frames/person=[41, 40, 23, 26, 14, 23, 22, 32, 13, 29, 34, 10, 31, 34, 31, 25, 39, 39, 16, 24, 25, 25, 41, 27, 40]
sequences=24  people=25  k=5
sigmas=(0.0, 0.25, 0.5, 0.75)  n_trials=40
train 0 k=5  people=['0006', '0013', '0014', '0022', '0027']
train 1 k=5  people=['0004', '0009', '0019', '0025', '0026']
train 2 k=5  people=['0001', '0005', '0011', '0023', '0024']
train 3 k=5  people=['0007', '0010', '0015', '0016', '0021']
test    k=5  people=['0003', '0012', '0017', '0018', '0020']
σ=0.0: train mats=96  test mats=24
σ=0.25: train mats=96  test mats=24
σ=0.5: train mats=96  test mats=24
σ=0.75: train mats=96  test mats=24
pooled train mats for tuning=384

============================================================
BDOSC: skip tuning, fixed lambda_1=0.2, lambda_2=1, gamma_1=0.01, p=1.1, max_iter=50
  wrote /nfs/turbo/umms-minjilab/lpullela/surveillance_dataset/split_k5_sigmas_trials40_params.json

============================================================
--- tune SSC-TV-L21 over all σ=(0.0, 0.25, 0.5, 0.75) ---
  SSC-TV-L21 trial 0: mean ARI=0.6818  n=384  737.7s  lambda_e=1, lambda_z=0.1, gamma=0.1
  SSC-TV-L21 trial 1: mean ARI=0.7632  n=384  602.6s  lambda_e=0.443, lambda_z=0.7257, gamma=0.2577
  SSC-TV-L21 trial 2: mean ARI=0.0147  n=384  754.1s  lambda_e=0.4312, lambda_z=0.0495, gamma=0.3833
  SSC-TV-L21 trial 3: mean ARI=0.7463  n=384  760.8s  lambda_e=0.2055, lambda_z=3.691, gamma=7.156
  SSC-TV-L21 trial 4: mean ARI=0.7424  n=384  582.3s  lambda_e=0.1414, lambda_z=1.469, gamma=0.1305
  SSC-TV-L21 trial 5: mean ARI=0.5846  n=384  757.3s  lambda_e=0.506, lambda_z=5.039, gamma=0.001924
  SSC-TV-L21 trial 6: mean ARI=0.0036  n=384  756.1s  lambda_e=0.01826, lambda_z=0.001205, gamma=2.14
  SSC-TV-L21 trial 7: mean ARI=0.7381  n=384  765.7s  lambda_e=2.16, lambda_z=3.02, gamma=8.212
  SSC-TV-L21 trial 8: mean ARI=0.0327  n=384  758.0s  lambda_e=2.497, lambda_z=0.07013, gamma=1.325
  SSC-TV-L21 trial 9: mean ARI=0.6504  n=384  749.6s  lambda_e=0.02264, lambda_z=0.3628, gamma=0.003745
  SSC-TV-L21 trial 10: mean ARI=0.0512  n=384  737.4s  lambda_e=6.638, lambda_z=0.003209, gamma=0.01543
  SSC-TV-L21 trial 11: mean ARI=0.6028  n=384  736.8s  lambda_e=0.09026, lambda_z=0.7801, gamma=9.04
  SSC-TV-L21 trial 12: mean ARI=0.5919  n=384  730.4s  lambda_e=0.1362, lambda_z=8.436, gamma=0.02589
  SSC-TV-L21 trial 13: mean ARI=0.4929  n=384  738.4s  lambda_e=0.06959, lambda_z=0.484, gamma=1.058
  SSC-TV-L21 trial 14: mean ARI=0.3012  n=384  738.7s  lambda_e=0.3482, lambda_z=0.2049, gamma=0.3924
  SSC-TV-L21 trial 15: mean ARI=0.0024  n=384  739.4s  lambda_e=0.2522, lambda_z=0.01077, gamma=3.133
  SSC-TV-L21 trial 16: mean ARI=0.6250  n=384  735.5s  lambda_e=0.04067, lambda_z=1.695, gamma=0.02334
  SSC-TV-L21 trial 17: mean ARI=0.6894  n=384  728.9s  lambda_e=1.003, lambda_z=8.724, gamma=0.3458
  SSC-TV-L21 trial 18: mean ARI=0.6922  n=384  703.5s  lambda_e=0.9571, lambda_z=1.549, gamma=0.06516
  SSC-TV-L21 trial 19: mean ARI=0.7474  n=384  738.4s  lambda_e=0.01113, lambda_z=0.01991, gamma=0.006547
  SSC-TV-L21 trial 20: mean ARI=0.7456  n=384  738.5s  lambda_e=0.01129, lambda_z=0.01971, gamma=0.007734
  SSC-TV-L21 trial 21: mean ARI=0.7533  n=384  739.9s  lambda_e=0.04329, lambda_z=0.01428, gamma=0.001038
  SSC-TV-L21 trial 22: mean ARI=0.7447  n=384  736.8s  lambda_e=0.03309, lambda_z=0.01004, gamma=0.001534
  SSC-TV-L21 trial 23: mean ARI=0.7526  n=384  736.6s  lambda_e=0.0105, lambda_z=0.02129, gamma=0.003762
  SSC-TV-L21 trial 24: mean ARI=0.7313  n=384  750.3s  lambda_e=0.05379, lambda_z=0.004001, gamma=0.001136
  SSC-TV-L21 trial 25: mean ARI=0.7604  n=384  749.9s  lambda_e=0.0231, lambda_z=0.03622, gamma=0.003397
  SSC-TV-L21 trial 26: mean ARI=0.7308  n=384  751.5s  lambda_e=0.02805, lambda_z=0.1159, gamma=0.002535
  SSC-TV-L21 trial 27: mean ARI=0.7621  n=384  744.0s  lambda_e=0.09671, lambda_z=0.03963, gamma=0.007416
  SSC-TV-L21 trial 28: mean ARI=0.7578  n=384  740.2s  lambda_e=0.1266, lambda_z=0.03735, gamma=0.008742
  SSC-TV-L21 trial 29: mean ARI=0.7367  n=384  737.8s  lambda_e=0.6346, lambda_z=0.1279, gamma=0.08021
  SSC-TV-L21 trial 30: mean ARI=0.0033  n=384  737.7s  lambda_e=0.2535, lambda_z=0.004826, gamma=0.04338
  SSC-TV-L21 trial 31: mean ARI=0.7548  n=384  737.5s  lambda_e=0.09774, lambda_z=0.04108, gamma=0.01169
  SSC-TV-L21 trial 32: mean ARI=0.7655  n=384  737.2s  lambda_e=0.1482, lambda_z=0.04656, gamma=0.006214
  SSC-TV-L21 trial 33: mean ARI=0.1924  n=384  737.1s  lambda_e=0.1868, lambda_z=0.07309, gamma=0.1665
  SSC-TV-L21 trial 34: mean ARI=0.6922  n=384  736.7s  lambda_e=0.06409, lambda_z=0.1992, gamma=0.004458
  SSC-TV-L21 trial 35: mean ARI=0.7452  n=384  737.1s  lambda_e=0.426, lambda_z=0.03538, gamma=0.01729
  SSC-TV-L21 trial 36: mean ARI=0.7698  n=384  737.4s  lambda_e=0.01791, lambda_z=0.207, gamma=0.04315
  SSC-TV-L21 trial 37: mean ARI=0.7641  n=384  524.5s  lambda_e=0.7599, lambda_z=0.6716, gamma=0.2048
  SSC-TV-L21 trial 38: mean ARI=0.7638  n=384  526.0s  lambda_e=1.935, lambda_z=0.6562, gamma=0.2021
  SSC-TV-L21 trial 39: mean ARI=0.7650  n=384  500.3s  lambda_e=2.495, lambda_z=0.7979, gamma=0.2033
  best mean ARI=0.7698  tune 28689.1s  lambda_e=0.01791, lambda_z=0.207, gamma=0.04315
  wrote /nfs/turbo/umms-minjilab/lpullela/surveillance_dataset/split_k5_sigmas_trials40_params.json

============================================================
--- tune TKSS over all σ=(0.0, 0.25, 0.5, 0.75) ---
  TKSS trial 0: mean ARI=0.6066  n=384  145.5s  d=5, lam=1, s=2
  TKSS trial 1: mean ARI=0.5969  n=384  231.7s  d=9, lam=1.398, s=4
  TKSS trial 2: mean ARI=0.6036  n=384  164.6s  d=9, lam=0.1866, s=4
  TKSS trial 3: mean ARI=0.5853  n=384  313.4s  d=7, lam=4.735, s=6
  TKSS trial 4: mean ARI=0.5971  n=384  249.5s  d=6, lam=2.372, s=4
  TKSS trial 5: mean ARI=0.6084  n=384  99.0s  d=9, lam=5.981, s=1
  TKSS trial 6: mean ARI=0.6039  n=384  177.8s  d=2, lam=0.0115, s=5
  TKSS trial 7: mean ARI=0.5877  n=384  332.1s  d=12, lam=4.074, s=6
  TKSS trial 8: mean ARI=0.5973  n=384  258.0s  d=12, lam=0.2423, s=5
  TKSS trial 9: mean ARI=0.6068  n=384  226.6s  d=2, lam=0.8313, s=1
  TKSS trial 10: mean ARI=0.6079  n=384  80.8s  d=15, lam=0.01456, s=2
  TKSS trial 11: mean ARI=0.6079  n=384  80.8s  d=15, lam=0.01211, s=2
  TKSS trial 12: mean ARI=0.6080  n=384  82.7s  d=14, lam=0.05395, s=1
  TKSS trial 13: mean ARI=0.6078  n=384  82.7s  d=12, lam=0.05607, s=1
  TKSS trial 14: mean ARI=0.6080  n=384  95.7s  d=10, lam=8.609, s=1
  TKSS trial 15: mean ARI=0.6068  n=384  114.5s  d=13, lam=0.3153, s=2
  TKSS trial 16: mean ARI=0.6083  n=384  122.4s  d=4, lam=0.05132, s=3
  TKSS trial 17: mean ARI=0.6083  n=384  122.3s  d=4, lam=0.05049, s=3
  TKSS trial 18: mean ARI=0.6675  n=384  500.1s  d=1, lam=0.5008, s=3
  TKSS trial 19: mean ARI=0.6675  n=384  502.5s  d=1, lam=0.5248, s=3
  TKSS trial 20: mean ARI=0.6661  n=384  501.1s  d=1, lam=0.4525, s=3
  TKSS trial 21: mean ARI=0.6681  n=384  512.1s  d=1, lam=0.5502, s=3
  TKSS trial 22: mean ARI=0.6688  n=384  523.0s  d=1, lam=0.6006, s=3
  TKSS trial 23: mean ARI=0.6057  n=384  164.1s  d=3, lam=0.1259, s=3
  TKSS trial 24: mean ARI=0.6714  n=384  593.1s  d=1, lam=1.944, s=4
  TKSS trial 25: mean ARI=0.5982  n=384  294.8s  d=3, lam=1.544, s=4
  TKSS trial 26: mean ARI=0.5954  n=384  393.1s  d=2, lam=2.573, s=5
  TKSS trial 27: mean ARI=0.5994  n=384  278.4s  d=3, lam=0.8284, s=4
  TKSS trial 28: mean ARI=0.6765  n=384  577.2s  d=1, lam=2.266, s=5
  TKSS trial 29: mean ARI=0.5898  n=384  290.5s  d=6, lam=2.105, s=5
  TKSS trial 30: mean ARI=0.5826  n=384  344.0s  d=4, lam=3.362, s=6
  TKSS trial 31: mean ARI=0.6735  n=384  593.9s  d=1, lam=1.065, s=4
  TKSS trial 32: mean ARI=0.6043  n=384  375.9s  d=2, lam=1.269, s=4
  TKSS trial 33: mean ARI=0.6786  n=384  600.9s  d=1, lam=1.019, s=5
  TKSS trial 34: mean ARI=0.5930  n=384  334.5s  d=3, lam=1.564, s=5
  TKSS trial 35: mean ARI=0.5929  n=384  300.7s  d=5, lam=0.9441, s=5
  TKSS trial 36: mean ARI=0.6013  n=384  371.3s  d=2, lam=7.171, s=4
  TKSS trial 37: mean ARI=0.6713  n=384  566.5s  d=1, lam=1.956, s=4
  TKSS trial 38: mean ARI=0.5915  n=384  286.3s  d=5, lam=2.991, s=5
  TKSS trial 39: mean ARI=0.5877  n=384  391.1s  d=2, lam=5.126, s=6
  best mean ARI=0.6786  tune 12275.4s  d=1, lam=1.019, s=5
  wrote /nfs/turbo/umms-minjilab/lpullela/surveillance_dataset/split_k5_sigmas_trials40_params.json

=== P1E_S1_C1 train[0] k=5  frames=191  σ=0.0 ===
  SSC-TV-L21: ACC=0.8639  NMI=0.8153  ARI=0.6945  2.0s
  BDOSC: ACC=0.8377  NMI=0.7751  ARI=0.6840  4.9s
  TKSS: ACC=0.8063  NMI=0.6982  ARI=0.5950  1.0s

=== P1E_S1_C1 train[1] k=5  frames=145  σ=0.0 ===
  SSC-TV-L21: ACC=0.6966  NMI=0.7247  ARI=0.5121  1.4s
  BDOSC: ACC=0.6345  NMI=0.7236  ARI=0.5626  1.8s
  TKSS: ACC=0.7310  NMI=0.7495  ARI=0.6157  0.6s

=== P1E_S1_C1 train[2] k=5  frames=169  σ=0.0 ===
  SSC-TV-L21: ACC=0.4911  NMI=0.7223  ARI=0.4702  1.7s
  BDOSC: ACC=0.5680  NMI=0.6189  ARI=0.3932  2.3s
  TKSS: ACC=0.5325  NMI=0.5671  ARI=0.3669  1.7s

=== P1E_S1_C1 train[3] k=5  frames=133  σ=0.0 ===
  SSC-TV-L21: ACC=0.7895  NMI=0.8501  ARI=0.8178  1.3s
  BDOSC: ACC=0.7068  NMI=0.7666  ARI=0.6031  1.5s
  TKSS: ACC=0.7594  NMI=0.7082  ARI=0.6247  1.2s

=== P1E_S1_C2 train[0] k=5  frames=149  σ=0.0 ===
  SSC-TV-L21: ACC=0.7852  NMI=0.8604  ARI=0.7450  1.7s
  BDOSC: ACC=0.7248  NMI=0.7754  ARI=0.6860  1.9s
  TKSS: ACC=0.7584  NMI=0.7219  ARI=0.6268  1.1s

=== P1E_S1_C2 train[1] k=5  frames=106  σ=0.0 ===
  SSC-TV-L21: ACC=0.9906  NMI=0.9738  ARI=0.9748  1.0s
  BDOSC: ACC=0.9057  NMI=0.8431  ARI=0.7713  1.0s
  TKSS: ACC=0.7170  NMI=0.7001  ARI=0.5733  1.0s

=== P1E_S1_C2 train[2] k=5  frames=194  σ=0.0 ===
  SSC-TV-L21: ACC=0.8402  NMI=0.7551  ARI=0.6469  2.7s
  BDOSC: ACC=0.9742  NMI=0.9400  ARI=0.9356  3.2s
  TKSS: ACC=0.5515  NMI=0.4635  ARI=0.2589  2.5s

=== P1E_S1_C2 train[3] k=5  frames=133  σ=0.0 ===
  SSC-TV-L21: ACC=0.9323  NMI=0.8815  ARI=0.8703  1.4s
  BDOSC: ACC=0.7068  NMI=0.8078  ARI=0.6470  1.5s
  TKSS: ACC=0.7218  NMI=0.7577  ARI=0.6390  0.8s

=== P1E_S1_C3 train[0] k=5  frames=98  σ=0.0 ===
  SSC-TV-L21: ACC=0.9694  NMI=0.9299  ARI=0.9213  0.9s
  BDOSC: ACC=0.9592  NMI=0.9173  ARI=0.9022  0.9s
  TKSS: ACC=0.9286  NMI=0.8661  ARI=0.8382  0.4s

=== P1E_S1_C3 train[1] k=5  frames=93  σ=0.0 ===
  SSC-TV-L21: ACC=0.9785  NMI=0.9546  ARI=0.9423  0.8s
  BDOSC: ACC=0.6989  NMI=0.7369  ARI=0.6026  0.9s
  TKSS: ACC=0.8817  NMI=0.8033  ARI=0.7084  0.3s

=== P1E_S1_C3 train[2] k=5  frames=68  σ=0.0 ===
  SSC-TV-L21: ACC=0.8382  NMI=0.8498  ARI=0.7573  0.6s
  BDOSC: ACC=0.7647  NMI=0.7369  ARI=0.6431  0.5s
  TKSS: ACC=0.9412  NMI=0.9246  ARI=0.8935  0.3s

=== P1E_S1_C3 train[3] k=5  frames=87  σ=0.0 ===
  SSC-TV-L21: ACC=0.9540  NMI=0.9150  ARI=0.8976  0.8s
  BDOSC: ACC=0.8966  NMI=0.8132  ARI=0.7590  0.8s
  TKSS: ACC=0.9195  NMI=0.8584  ARI=0.8188  0.2s

=== P1E_S2_C1 train[0] k=5  frames=192  σ=0.0 ===
  SSC-TV-L21: ACC=0.6042  NMI=0.6826  ARI=0.4203  2.3s
  BDOSC: ACC=0.7760  NMI=0.7162  ARI=0.5712  3.1s
  TKSS: ACC=0.6823  NMI=0.5654  ARI=0.3789  1.3s

=== P1E_S2_C1 train[1] k=5  frames=177  σ=0.0 ===
  SSC-TV-L21: ACC=0.9209  NMI=0.8918  ARI=0.8198  2.2s
  BDOSC: ACC=0.6610  NMI=0.7104  ARI=0.5457  2.6s
  TKSS: ACC=0.8983  NMI=0.8482  ARI=0.8263  1.3s

=== P1E_S2_C1 train[2] k=5  frames=171  σ=0.0 ===
  SSC-TV-L21: ACC=0.6140  NMI=0.7193  ARI=0.4748  2.1s
  BDOSC: ACC=0.6842  NMI=0.7336  ARI=0.6009  2.5s
  TKSS: ACC=0.6433  NMI=0.6264  ARI=0.4445  1.1s

=== P1E_S2_C1 train[3] k=5  frames=146  σ=0.0 ===
  SSC-TV-L21: ACC=0.6507  NMI=0.7670  ARI=0.5744  1.5s
  BDOSC: ACC=0.7603  NMI=0.7449  ARI=0.5967  1.8s
  TKSS: ACC=0.6575  NMI=0.5887  ARI=0.4055  1.0s

=== P1E_S2_C2 train[0] k=5  frames=151  σ=0.0 ===
  SSC-TV-L21: ACC=0.9073  NMI=0.8542  ARI=0.7578  1.5s
  BDOSC: ACC=0.7748  NMI=0.8216  ARI=0.7842  1.9s
  TKSS: ACC=0.7815  NMI=0.6753  ARI=0.5768  0.9s

=== P1E_S2_C2 train[1] k=5  frames=148  σ=0.0 ===
  SSC-TV-L21: ACC=0.9324  NMI=0.8842  ARI=0.8673  1.6s
  BDOSC: ACC=0.8581  NMI=0.7625  ARI=0.6678  1.9s
  TKSS: ACC=0.8311  NMI=0.8648  ARI=0.8324  0.9s

=== P1E_S2_C2 train[2] k=5  frames=165  σ=0.0 ===
  SSC-TV-L21: ACC=0.8364  NMI=0.7972  ARI=0.6851  1.9s
  BDOSC: ACC=0.9333  NMI=0.8867  ARI=0.8604  2.2s
  TKSS: ACC=0.8667  NMI=0.7881  ARI=0.7169  1.8s

=== P1E_S2_C2 train[3] k=5  frames=172  σ=0.0 ===
  SSC-TV-L21: ACC=0.8198  NMI=0.8565  ARI=0.7755  2.1s
  BDOSC: ACC=0.7616  NMI=0.7772  ARI=0.6879  2.4s
  TKSS: ACC=0.8256  NMI=0.7737  ARI=0.6702  1.5s

=== P1E_S2_C3 train[0] k=5  frames=132  σ=0.0 ===
  SSC-TV-L21: ACC=0.9015  NMI=0.8692  ARI=0.7992  1.3s
  BDOSC: ACC=0.8409  NMI=0.8051  ARI=0.7183  1.5s
  TKSS: ACC=0.8485  NMI=0.7871  ARI=0.7187  0.5s

=== P1E_S2_C3 train[1] k=5  frames=148  σ=0.0 ===
  SSC-TV-L21: ACC=0.9189  NMI=0.8948  ARI=0.8095  1.6s
  BDOSC: ACC=0.9662  NMI=0.9127  ARI=0.9160  1.8s
  TKSS: ACC=0.9730  NMI=0.9239  ARI=0.9279  0.4s

=== P1E_S2_C3 train[2] k=5  frames=132  σ=0.0 ===
  SSC-TV-L21: ACC=0.9621  NMI=0.9049  ARI=0.9116  1.3s
  BDOSC: ACC=0.7197  NMI=0.7844  ARI=0.6523  1.5s
  TKSS: ACC=0.6894  NMI=0.6742  ARI=0.5063  0.4s

=== P1E_S2_C3 train[3] k=5  frames=153  σ=0.0 ===
  SSC-TV-L21: ACC=0.9804  NMI=0.9507  ARI=0.9497  1.7s
  BDOSC: ACC=0.9673  NMI=0.9261  ARI=0.9322  2.0s
  TKSS: ACC=0.9412  NMI=0.8741  ARI=0.8546  0.8s

=== P1E_S3_C1 train[0] k=5  frames=195  σ=0.0 ===
  SSC-TV-L21: ACC=0.5795  NMI=0.6975  ARI=0.4083  2.8s
  BDOSC: ACC=0.8769  NMI=0.8846  ARI=0.7878  3.3s
  TKSS: ACC=0.6667  NMI=0.6013  ARI=0.4169  1.7s

=== P1E_S3_C1 train[1] k=5  frames=194  σ=0.0 ===
  SSC-TV-L21: ACC=0.7629  NMI=0.7796  ARI=0.6130  2.7s
  BDOSC: ACC=0.8505  NMI=0.7855  ARI=0.6996  3.2s
  TKSS: ACC=0.8969  NMI=0.8407  ARI=0.8039  1.1s

=== P1E_S3_C1 train[2] k=5  frames=134  σ=0.0 ===
  SSC-TV-L21: ACC=0.6343  NMI=0.7535  ARI=0.5551  1.4s
  BDOSC: ACC=0.6791  NMI=0.7415  ARI=0.5945  1.6s
  TKSS: ACC=0.5746  NMI=0.6070  ARI=0.3928  1.0s

=== P1E_S3_C1 train[3] k=5  frames=180  σ=0.0 ===
  SSC-TV-L21: ACC=0.7389  NMI=0.7949  ARI=0.6572  2.4s
  BDOSC: ACC=0.7611  NMI=0.8431  ARI=0.7307  2.9s
  TKSS: ACC=0.5722  NMI=0.5937  ARI=0.3860  2.1s

=== P1E_S3_C2 train[0] k=5  frames=137  σ=0.0 ===
  SSC-TV-L21: ACC=0.8102  NMI=0.8463  ARI=0.7729  1.5s
  BDOSC: ACC=0.7007  NMI=0.7186  ARI=0.5691  1.6s
  TKSS: ACC=0.7737  NMI=0.7273  ARI=0.5994  0.9s

=== P1E_S3_C2 train[1] k=5  frames=181  σ=0.0 ===
  SSC-TV-L21: ACC=0.6796  NMI=0.7450  ARI=0.5514  2.4s
  BDOSC: ACC=0.8840  NMI=0.8042  ARI=0.7308  2.8s
  TKSS: ACC=0.6630  NMI=0.6761  ARI=0.5353  1.7s

=== P1E_S3_C2 train[2] k=5  frames=202  σ=0.0 ===
  SSC-TV-L21: ACC=0.7624  NMI=0.7951  ARI=0.6498  2.9s
  BDOSC: ACC=0.7673  NMI=0.8167  ARI=0.7083  3.5s
  TKSS: ACC=0.5495  NMI=0.5650  ARI=0.3770  3.0s

=== P1E_S3_C2 train[3] k=5  frames=179  σ=0.0 ===
  SSC-TV-L21: ACC=0.6480  NMI=0.7268  ARI=0.5024  2.3s
  BDOSC: ACC=0.6257  NMI=0.6825  ARI=0.5094  2.8s
  TKSS: ACC=0.6145  NMI=0.6625  ARI=0.4972  1.4s

=== P1E_S3_C3 train[0] k=5  frames=158  σ=0.0 ===
  SSC-TV-L21: ACC=0.9747  NMI=0.9416  ARI=0.9348  1.9s
  BDOSC: ACC=0.9747  NMI=0.9416  ARI=0.9346  2.2s
  TKSS: ACC=0.9494  NMI=0.8774  ARI=0.8760  0.7s

=== P1E_S3_C3 train[1] k=5  frames=122  σ=0.0 ===
  SSC-TV-L21: ACC=0.9918  NMI=0.9785  ARI=0.9845  1.3s
  BDOSC: ACC=0.9672  NMI=0.9212  ARI=0.9327  1.3s
  TKSS: ACC=0.9918  NMI=0.9756  ARI=0.9732  0.6s

=== P1E_S3_C3 train[2] k=5  frames=157  σ=0.0 ===
  SSC-TV-L21: ACC=0.5796  NMI=0.7461  ARI=0.5286  1.9s
  BDOSC: ACC=0.6178  NMI=0.7337  ARI=0.5402  2.2s
  TKSS: ACC=0.6178  NMI=0.7219  ARI=0.4967  1.4s

=== P1E_S3_C3 train[3] k=5  frames=167  σ=0.0 ===
  SSC-TV-L21: ACC=0.7605  NMI=0.8725  ARI=0.7453  2.2s
  BDOSC: ACC=0.9521  NMI=0.8890  ARI=0.8944  2.5s
  TKSS: ACC=0.6647  NMI=0.6795  ARI=0.4699  1.6s

=== P1E_S4_C1 train[0] k=5  frames=164  σ=0.0 ===
  SSC-TV-L21: ACC=0.8293  NMI=0.8155  ARI=0.7362  2.1s
  BDOSC: ACC=0.8537  NMI=0.7961  ARI=0.7638  2.4s
  TKSS: ACC=0.6585  NMI=0.5279  ARI=0.3649  2.5s

=== P1E_S4_C1 train[1] k=5  frames=159  σ=0.0 ===
  SSC-TV-L21: ACC=0.8050  NMI=0.8656  ARI=0.7702  2.0s
  BDOSC: ACC=0.7044  NMI=0.7607  ARI=0.6190  2.2s
  TKSS: ACC=0.7799  NMI=0.7322  ARI=0.6358  1.6s

=== P1E_S4_C1 train[2] k=5  frames=182  σ=0.0 ===
  SSC-TV-L21: ACC=0.8077  NMI=0.8563  ARI=0.7683  2.4s
  BDOSC: ACC=0.8077  NMI=0.8408  ARI=0.7589  2.8s
  TKSS: ACC=0.8187  NMI=0.7279  ARI=0.6465  1.2s

=== P1E_S4_C1 train[3] k=5  frames=196  σ=0.0 ===
  SSC-TV-L21: ACC=0.6173  NMI=0.7599  ARI=0.5657  2.8s
  BDOSC: ACC=0.8265  NMI=0.7556  ARI=0.6277  3.3s
  TKSS: ACC=0.6633  NMI=0.5588  ARI=0.3688  1.6s

=== P1E_S4_C2 train[0] k=5  frames=170  σ=0.0 ===
  SSC-TV-L21: ACC=0.9353  NMI=0.9004  ARI=0.8583  1.9s
  BDOSC: ACC=0.9118  NMI=0.8479  ARI=0.7922  2.4s
  TKSS: ACC=0.8353  NMI=0.7493  ARI=0.6389  1.1s

=== P1E_S4_C2 train[1] k=5  frames=121  σ=0.0 ===
  SSC-TV-L21: ACC=0.9835  NMI=0.9541  ARI=0.9584  1.2s
  BDOSC: ACC=0.8512  NMI=0.7936  ARI=0.7398  1.3s
  TKSS: ACC=0.8595  NMI=0.8027  ARI=0.7070  1.6s

=== P1E_S4_C2 train[2] k=5  frames=182  σ=0.0 ===
  SSC-TV-L21: ACC=0.9945  NMI=0.9843  ARI=0.9875  2.3s
  BDOSC: ACC=0.8956  NMI=0.8032  ARI=0.7490  2.8s
  TKSS: ACC=0.9231  NMI=0.8873  ARI=0.8222  1.2s

=== P1E_S4_C2 train[3] k=5  frames=155  σ=0.0 ===
  SSC-TV-L21: ACC=0.7290  NMI=0.8585  ARI=0.7444  1.9s
  BDOSC: ACC=0.6903  NMI=0.7645  ARI=0.6360  2.1s
  TKSS: ACC=0.6903  NMI=0.7245  ARI=0.6063  0.5s

=== P1E_S4_C3 train[0] k=5  frames=132  σ=0.0 ===
  SSC-TV-L21: ACC=0.9848  NMI=0.9591  ARI=0.9619  1.3s
  BDOSC: ACC=0.9242  NMI=0.8456  ARI=0.8255  1.5s
  TKSS: ACC=0.8712  NMI=0.7970  ARI=0.7142  0.6s

=== P1E_S4_C3 train[1] k=5  frames=138  σ=0.0 ===
  SSC-TV-L21: ACC=0.9710  NMI=0.9468  ARI=0.9311  1.4s
  BDOSC: ACC=0.8986  NMI=0.8408  ARI=0.7860  1.6s
  TKSS: ACC=0.9275  NMI=0.8498  ARI=0.8215  0.5s

=== P1E_S4_C3 train[2] k=5  frames=147  σ=0.0 ===
  SSC-TV-L21: ACC=0.9660  NMI=0.9133  ARI=0.9156  1.6s
  BDOSC: ACC=0.8776  NMI=0.7936  ARI=0.7314  1.8s
  TKSS: ACC=0.7279  NMI=0.6534  ARI=0.5165  1.7s

=== P1E_S4_C3 train[3] k=5  frames=85  σ=0.0 ===
  SSC-TV-L21: ACC=0.9529  NMI=0.9111  ARI=0.8891  0.7s
  BDOSC: ACC=0.8941  NMI=0.8670  ARI=0.7868  0.7s
  TKSS: ACC=0.9294  NMI=0.8648  ARI=0.8314  0.3s

=== P1L_S1_C1 train[0] k=5  frames=157  σ=0.0 ===
  SSC-TV-L21: ACC=0.7643  NMI=0.8486  ARI=0.7167  1.7s
  BDOSC: ACC=0.6561  NMI=0.7565  ARI=0.5728  2.0s
  TKSS: ACC=0.7134  NMI=0.6733  ARI=0.4572  2.3s

=== P1L_S1_C1 train[1] k=5  frames=111  σ=0.0 ===
  SSC-TV-L21: ACC=0.8919  NMI=0.8943  ARI=0.8236  1.1s
  BDOSC: ACC=0.9369  NMI=0.8990  ARI=0.8675  1.1s
  TKSS: ACC=0.8649  NMI=0.8865  ARI=0.8027  0.8s

=== P1L_S1_C1 train[2] k=5  frames=142  σ=0.0 ===
  SSC-TV-L21: ACC=0.9718  NMI=0.9356  ARI=0.9337  1.5s
  BDOSC: ACC=0.7606  NMI=0.8218  ARI=0.7274  1.7s
  TKSS: ACC=0.7606  NMI=0.6566  ARI=0.5184  1.5s

=== P1L_S1_C1 train[3] k=5  frames=178  σ=0.0 ===
  SSC-TV-L21: ACC=1.0000  NMI=1.0000  ARI=1.0000  2.2s
  BDOSC: ACC=0.8258  NMI=0.7829  ARI=0.6361  2.7s
  TKSS: ACC=0.9494  NMI=0.8806  ARI=0.8727  2.1s

=== P1L_S1_C2 train[0] k=5  frames=243  σ=0.0 ===
  SSC-TV-L21: ACC=0.9259  NMI=0.8902  ARI=0.8359  4.6s
  BDOSC: ACC=0.6008  NMI=0.6504  ARI=0.4345  5.0s
  TKSS: ACC=0.7325  NMI=0.6819  ARI=0.5255  4.0s

=== P1L_S1_C2 train[1] k=5  frames=131  σ=0.0 ===
  SSC-TV-L21: ACC=1.0000  NMI=1.0000  ARI=1.0000  1.4s
  BDOSC: ACC=0.7328  NMI=0.8434  ARI=0.6930  1.5s
  TKSS: ACC=0.9771  NMI=0.9393  ARI=0.9466  1.1s

=== P1L_S1_C2 train[2] k=5  frames=141  σ=0.0 ===
  SSC-TV-L21: ACC=0.7872  NMI=0.8559  ARI=0.7429  1.6s
  BDOSC: ACC=0.7447  NMI=0.6718  ARI=0.5020  1.8s
  TKSS: ACC=0.7234  NMI=0.7541  ARI=0.6306  0.8s

=== P1L_S1_C2 train[3] k=5  frames=184  σ=0.0 ===
  SSC-TV-L21: ACC=0.6793  NMI=0.7290  ARI=0.5305  2.2s
  BDOSC: ACC=0.6359  NMI=0.7445  ARI=0.5809  2.9s
  TKSS: ACC=0.5978  NMI=0.6114  ARI=0.5165  1.9s

=== P1L_S1_C3 train[0] k=5  frames=108  σ=0.0 ===
  SSC-TV-L21: ACC=0.6667  NMI=0.7692  ARI=0.5696  1.0s
  BDOSC: ACC=0.7500  NMI=0.7110  ARI=0.5692  1.1s
  TKSS: ACC=0.8889  NMI=0.8675  ARI=0.7749  0.5s

=== P1L_S1_C3 train[1] k=5  frames=105  σ=0.0 ===
  SSC-TV-L21: ACC=0.7810  NMI=0.8002  ARI=0.6517  1.0s
  BDOSC: ACC=0.7524  NMI=0.7374  ARI=0.5989  1.1s
  TKSS: ACC=0.7429  NMI=0.7762  ARI=0.6328  2.1s

=== P1L_S1_C3 train[2] k=5  frames=113  σ=0.0 ===
  SSC-TV-L21: ACC=0.8938  NMI=0.8905  ARI=0.7995  1.1s
  BDOSC: ACC=0.8053  NMI=0.7802  ARI=0.6571  1.2s
  TKSS: ACC=0.8230  NMI=0.7892  ARI=0.6216  0.7s

=== P1L_S1_C3 train[3] k=5  frames=90  σ=0.0 ===
  SSC-TV-L21: ACC=0.7333  NMI=0.8403  ARI=0.7097  0.8s
  BDOSC: ACC=0.6889  NMI=0.7331  ARI=0.5791  0.8s
  TKSS: ACC=0.8667  NMI=0.8571  ARI=0.7595  0.4s

=== P1L_S2_C1 train[0] k=5  frames=177  σ=0.0 ===
  SSC-TV-L21: ACC=0.8927  NMI=0.8888  ARI=0.7968  2.1s
  BDOSC: ACC=0.9435  NMI=0.8936  ARI=0.8594  2.7s
  TKSS: ACC=0.8588  NMI=0.7839  ARI=0.6937  2.4s

=== P1L_S2_C1 train[1] k=5  frames=191  σ=0.0 ===
  SSC-TV-L21: ACC=0.8534  NMI=0.8532  ARI=0.6895  2.6s
  BDOSC: ACC=0.7906  NMI=0.7683  ARI=0.6381  3.1s
  TKSS: ACC=0.8796  NMI=0.8525  ARI=0.7214  1.3s

=== P1L_S2_C1 train[2] k=5  frames=234  σ=0.0 ===
  SSC-TV-L21: ACC=0.7521  NMI=0.8750  ARI=0.7555  4.4s
  BDOSC: ACC=0.8547  NMI=0.8048  ARI=0.6982  4.5s
  TKSS: ACC=0.7094  NMI=0.6134  ARI=0.5185  5.7s

=== P1L_S2_C1 train[3] k=5  frames=157  σ=0.0 ===
  SSC-TV-L21: ACC=0.5669  NMI=0.7154  ARI=0.5052  1.9s
  BDOSC: ACC=0.5669  NMI=0.5938  ARI=0.3850  2.2s
  TKSS: ACC=0.6943  NMI=0.6771  ARI=0.4883  0.9s

=== P1L_S2_C2 train[0] k=5  frames=220  σ=0.0 ===
  SSC-TV-L21: ACC=0.7955  NMI=0.8624  ARI=0.7492  3.1s
  BDOSC: ACC=0.7364  NMI=0.7783  ARI=0.6521  4.0s
  TKSS: ACC=0.8909  NMI=0.8342  ARI=0.8025  1.3s

=== P1L_S2_C2 train[1] k=5  frames=196  σ=0.0 ===
  SSC-TV-L21: ACC=0.9847  NMI=0.9592  ARI=0.9609  2.7s
  BDOSC: ACC=0.9847  NMI=0.9551  ARI=0.9617  3.3s
  TKSS: ACC=0.9235  NMI=0.9056  ARI=0.8456  2.6s

=== P1L_S2_C2 train[2] k=5  frames=166  σ=0.0 ===
  SSC-TV-L21: ACC=0.8976  NMI=0.8932  ARI=0.8448  2.0s
  BDOSC: ACC=0.7831  NMI=0.7595  ARI=0.6115  2.4s
  TKSS: ACC=0.6325  NMI=0.6798  ARI=0.4708  1.4s

=== P1L_S2_C2 train[3] k=5  frames=208  σ=0.0 ===
  SSC-TV-L21: ACC=0.7837  NMI=0.8816  ARI=0.7827  2.8s
  BDOSC: ACC=0.6298  NMI=0.7383  ARI=0.5595  3.6s
  TKSS: ACC=0.7019  NMI=0.6973  ARI=0.5901  5.1s

=== P1L_S2_C3 train[0] k=5  frames=143  σ=0.0 ===
  SSC-TV-L21: ACC=0.8112  NMI=0.8880  ARI=0.8078  1.5s
  BDOSC: ACC=0.7273  NMI=0.7845  ARI=0.6595  1.7s
  TKSS: ACC=0.8601  NMI=0.8554  ARI=0.6971  0.7s

=== P1L_S2_C3 train[1] k=5  frames=126  σ=0.0 ===
  SSC-TV-L21: ACC=0.8095  NMI=0.8755  ARI=0.7620  1.2s
  BDOSC: ACC=0.9127  NMI=0.8536  ARI=0.8060  1.3s
  TKSS: ACC=0.9127  NMI=0.8492  ARI=0.8229  0.5s

=== P1L_S2_C3 train[2] k=5  frames=115  σ=0.0 ===
  SSC-TV-L21: ACC=0.8000  NMI=0.8316  ARI=0.6198  1.1s
  BDOSC: ACC=0.6783  NMI=0.8057  ARI=0.5949  1.2s
  TKSS: ACC=0.6870  NMI=0.7657  ARI=0.5986  0.7s

=== P1L_S2_C3 train[3] k=5  frames=128  σ=0.0 ===
  SSC-TV-L21: ACC=0.9766  NMI=0.9498  ARI=0.9354  1.2s
  BDOSC: ACC=0.9141  NMI=0.8475  ARI=0.8015  1.5s
  TKSS: ACC=0.6250  NMI=0.6916  ARI=0.4786  1.0s

=== P1L_S3_C1 train[0] k=5  frames=134  σ=0.0 ===
  SSC-TV-L21: ACC=0.7761  NMI=0.8743  ARI=0.7890  1.3s
  BDOSC: ACC=0.5373  NMI=0.7082  ARI=0.4906  1.5s
  TKSS: ACC=0.6119  NMI=0.6773  ARI=0.4792  1.5s

=== P1L_S3_C1 train[1] k=5  frames=156  σ=0.0 ===
  SSC-TV-L21: ACC=1.0000  NMI=1.0000  ARI=1.0000  1.7s
  BDOSC: ACC=0.8718  NMI=0.8572  ARI=0.7540  2.0s
  TKSS: ACC=0.9936  NMI=0.9815  ARI=0.9839  1.0s

=== P1L_S3_C1 train[2] k=5  frames=158  σ=0.0 ===
  SSC-TV-L21: ACC=0.7658  NMI=0.7928  ARI=0.6733  1.8s
  BDOSC: ACC=0.7342  NMI=0.7971  ARI=0.6568  2.1s
  TKSS: ACC=0.8038  NMI=0.7591  ARI=0.6966  1.0s

=== P1L_S3_C1 train[3] k=5  frames=127  σ=0.0 ===
  SSC-TV-L21: ACC=0.8976  NMI=0.8767  ARI=0.7725  1.2s
  BDOSC: ACC=0.8268  NMI=0.7778  ARI=0.6465  1.4s
  TKSS: ACC=0.8504  NMI=0.7493  ARI=0.6607  1.1s

=== P1L_S3_C2 train[0] k=5  frames=239  σ=0.0 ===
  SSC-TV-L21: ACC=0.6946  NMI=0.8330  ARI=0.6715  4.3s
  BDOSC: ACC=0.6611  NMI=0.6809  ARI=0.4978  4.7s
  TKSS: ACC=0.7280  NMI=0.6507  ARI=0.5620  3.9s

=== P1L_S3_C2 train[1] k=5  frames=143  σ=0.0 ===
  SSC-TV-L21: ACC=0.7902  NMI=0.8734  ARI=0.7617  1.6s
  BDOSC: ACC=0.8392  NMI=0.8320  ARI=0.7435  1.8s
  TKSS: ACC=0.8531  NMI=0.8241  ARI=0.7464  1.5s

=== P1L_S3_C2 train[2] k=5  frames=257  σ=0.0 ===
  SSC-TV-L21: ACC=0.6226  NMI=0.7224  ARI=0.4762  4.8s
  BDOSC: ACC=0.8872  NMI=0.8502  ARI=0.7641  5.8s
  TKSS: ACC=0.6459  NMI=0.5679  ARI=0.4244  3.9s

=== P1L_S3_C2 train[3] k=5  frames=187  σ=0.0 ===
  SSC-TV-L21: ACC=0.7701  NMI=0.8660  ARI=0.7764  2.5s
  BDOSC: ACC=0.7647  NMI=0.8815  ARI=0.7872  3.0s
  TKSS: ACC=0.7380  NMI=0.7453  ARI=0.6637  2.1s

=== P1L_S3_C3 train[0] k=5  frames=151  σ=0.0 ===
  SSC-TV-L21: ACC=0.7152  NMI=0.7596  ARI=0.5772  1.7s
  BDOSC: ACC=0.7947  NMI=0.8529  ARI=0.7583  2.0s
  TKSS: ACC=0.7285  NMI=0.6788  ARI=0.5500  0.7s

=== P1L_S3_C3 train[1] k=5  frames=180  σ=0.0 ===
  SSC-TV-L21: ACC=0.7556  NMI=0.8656  ARI=0.7280  2.3s
  BDOSC: ACC=0.9444  NMI=0.8817  ARI=0.8504  2.8s
  TKSS: ACC=0.9444  NMI=0.8773  ARI=0.8742  0.9s

=== P1L_S3_C3 train[2] k=5  frames=139  σ=0.0 ===
  SSC-TV-L21: ACC=0.8561  NMI=0.8251  ARI=0.7902  1.5s
  BDOSC: ACC=0.9281  NMI=0.8896  ARI=0.8828  1.7s
  TKSS: ACC=0.7770  NMI=0.7203  ARI=0.5608  1.3s

=== P1L_S3_C3 train[3] k=5  frames=165  σ=0.0 ===
  SSC-TV-L21: ACC=0.7939  NMI=0.8490  ARI=0.7768  2.1s
  BDOSC: ACC=0.7576  NMI=0.7636  ARI=0.6704  2.4s
  TKSS: ACC=0.6424  NMI=0.6938  ARI=0.5048  1.9s

=== P1L_S4_C1 train[0] k=5  frames=171  σ=0.0 ===
  SSC-TV-L21: ACC=0.6374  NMI=0.7129  ARI=0.4557  2.1s
  BDOSC: ACC=0.6842  NMI=0.6815  ARI=0.4841  2.6s
  TKSS: ACC=0.8070  NMI=0.7345  ARI=0.6552  1.1s

=== P1L_S4_C1 train[1] k=5  frames=169  σ=0.0 ===
  SSC-TV-L21: ACC=1.0000  NMI=1.0000  ARI=1.0000  2.1s
  BDOSC: ACC=0.9408  NMI=0.8744  ARI=0.8486  2.5s
  TKSS: ACC=0.9586  NMI=0.8973  ARI=0.8860  0.9s

=== P1L_S4_C1 train[2] k=5  frames=164  σ=0.0 ===
  SSC-TV-L21: ACC=1.0000  NMI=1.0000  ARI=1.0000  1.9s
  BDOSC: ACC=0.7012  NMI=0.7763  ARI=0.5891  2.3s
  TKSS: ACC=0.7927  NMI=0.7952  ARI=0.7197  1.2s

=== P1L_S4_C1 train[3] k=5  frames=177  σ=0.0 ===
  SSC-TV-L21: ACC=0.6893  NMI=0.8197  ARI=0.6287  2.2s
  BDOSC: ACC=0.5819  NMI=0.6608  ARI=0.4485  2.6s
  TKSS: ACC=0.7175  NMI=0.7145  ARI=0.5252  1.2s

=== P1L_S4_C2 train[0] k=5  frames=154  σ=0.0 ===
  SSC-TV-L21: ACC=0.8247  NMI=0.8403  ARI=0.7382  1.6s
  BDOSC: ACC=0.7662  NMI=0.8558  ARI=0.7336  2.0s
  TKSS: ACC=0.9026  NMI=0.8148  ARI=0.8196  1.8s

=== P1L_S4_C2 train[1] k=5  frames=136  σ=0.0 ===
  SSC-TV-L21: ACC=0.7941  NMI=0.8269  ARI=0.6103  1.4s
  BDOSC: ACC=0.9118  NMI=0.8264  ARI=0.7733  1.6s
  TKSS: ACC=0.7059  NMI=0.8299  ARI=0.6524  0.5s

=== P1L_S4_C2 train[2] k=5  frames=169  σ=0.0 ===
  SSC-TV-L21: ACC=0.8107  NMI=0.8648  ARI=0.7848  2.1s
  BDOSC: ACC=0.7101  NMI=0.6745  ARI=0.4876  2.4s
  TKSS: ACC=0.7101  NMI=0.7450  ARI=0.6407  1.3s

=== P1L_S4_C2 train[3] k=5  frames=195  σ=0.0 ===
  SSC-TV-L21: ACC=0.8564  NMI=0.8653  ARI=0.7311  2.8s
  BDOSC: ACC=0.6564  NMI=0.7653  ARI=0.5708  3.3s
  TKSS: ACC=0.7077  NMI=0.7021  ARI=0.5157  1.7s

=== P1L_S4_C3 train[0] k=5  frames=122  σ=0.0 ===
  SSC-TV-L21: ACC=0.8033  NMI=0.8652  ARI=0.7354  1.2s
  BDOSC: ACC=0.8607  NMI=0.8540  ARI=0.8135  1.3s
  TKSS: ACC=0.7623  NMI=0.8368  ARI=0.6975  1.4s

=== P1L_S4_C3 train[1] k=5  frames=152  σ=0.0 ===
  SSC-TV-L21: ACC=0.9803  NMI=0.9550  ARI=0.9391  1.6s
  BDOSC: ACC=0.9803  NMI=0.9550  ARI=0.9391  2.0s
  TKSS: ACC=0.9605  NMI=0.9058  ARI=0.8925  0.6s

=== P1L_S4_C3 train[2] k=5  frames=130  σ=0.0 ===
  SSC-TV-L21: ACC=0.7385  NMI=0.8482  ARI=0.7121  1.3s
  BDOSC: ACC=0.7462  NMI=0.8293  ARI=0.7144  1.4s
  TKSS: ACC=0.7231  NMI=0.8096  ARI=0.6659  0.7s

=== P1L_S4_C3 train[3] k=5  frames=136  σ=0.0 ===
  SSC-TV-L21: ACC=0.7353  NMI=0.8583  ARI=0.7063  1.4s
  BDOSC: ACC=0.9044  NMI=0.8443  ARI=0.7702  1.6s
  TKSS: ACC=0.8676  NMI=0.8454  ARI=0.7607  0.6s

=== P1E_S1_C1 test[0] k=5  frames=234  σ=0.0 ===
  SSC-TV-L21: ACC=0.9231  NMI=0.9007  ARI=0.8259  3.8s
  BDOSC: ACC=0.6325  NMI=0.6930  ARI=0.5105  4.2s
  TKSS: ACC=0.7863  NMI=0.6983  ARI=0.6246  4.5s

=== P1E_S1_C2 test[0] k=5  frames=120  σ=0.0 ===
  SSC-TV-L21: ACC=0.9500  NMI=0.8857  ARI=0.8912  1.1s
  BDOSC: ACC=0.6833  NMI=0.7187  ARI=0.5582  1.3s
  TKSS: ACC=0.7333  NMI=0.7078  ARI=0.5202  0.6s

=== P1E_S1_C3 test[0] k=5  frames=104  σ=0.0 ===
  SSC-TV-L21: ACC=0.9712  NMI=0.9280  ARI=0.9301  0.9s
  BDOSC: ACC=0.9327  NMI=0.8708  ARI=0.8415  1.0s
  TKSS: ACC=0.9423  NMI=0.8758  ARI=0.8644  0.4s

=== P1E_S2_C1 test[0] k=5  frames=137  σ=0.0 ===
  SSC-TV-L21: ACC=0.7007  NMI=0.8369  ARI=0.6424  1.4s
  BDOSC: ACC=0.8321  NMI=0.7590  ARI=0.6228  1.6s
  TKSS: ACC=0.6496  NMI=0.6499  ARI=0.4919  0.7s

=== P1E_S2_C2 test[0] k=5  frames=179  σ=0.0 ===
  SSC-TV-L21: ACC=0.9497  NMI=0.9027  ARI=0.8738  2.3s
  BDOSC: ACC=0.9162  NMI=0.8484  ARI=0.8213  2.6s
  TKSS: ACC=0.8771  NMI=0.8113  ARI=0.7920  1.8s

=== P1E_S2_C3 test[0] k=5  frames=139  σ=0.0 ===
  SSC-TV-L21: ACC=0.9784  NMI=0.9452  ARI=0.9423  1.4s
  BDOSC: ACC=0.7554  NMI=0.7786  ARI=0.6932  1.6s
  TKSS: ACC=0.9496  NMI=0.9026  ARI=0.8964  0.7s

=== P1E_S3_C1 test[0] k=5  frames=181  σ=0.0 ===
  SSC-TV-L21: ACC=0.8729  NMI=0.8361  ARI=0.7723  2.3s
  BDOSC: ACC=0.6961  NMI=0.7768  ARI=0.6290  2.7s
  TKSS: ACC=0.7293  NMI=0.6325  ARI=0.4875  1.4s

=== P1E_S3_C2 test[0] k=5  frames=153  σ=0.0 ===
  SSC-TV-L21: ACC=0.9281  NMI=0.8836  ARI=0.8082  1.7s
  BDOSC: ACC=0.6536  NMI=0.7390  ARI=0.5294  2.0s
  TKSS: ACC=0.7712  NMI=0.6938  ARI=0.5870  2.7s

=== P1E_S3_C3 test[0] k=5  frames=120  σ=0.0 ===
  SSC-TV-L21: ACC=0.9833  NMI=0.9535  ARI=0.9583  1.2s
  BDOSC: ACC=0.8000  NMI=0.8082  ARI=0.6965  1.3s
  TKSS: ACC=0.8833  NMI=0.8455  ARI=0.7709  0.5s

=== P1E_S4_C1 test[0] k=5  frames=125  σ=0.0 ===
  SSC-TV-L21: ACC=0.8480  NMI=0.8695  ARI=0.7284  1.4s
  BDOSC: ACC=0.8400  NMI=0.8524  ARI=0.7217  1.4s
  TKSS: ACC=0.7840  NMI=0.8173  ARI=0.7003  0.6s

=== P1E_S4_C2 test[0] k=5  frames=163  σ=0.0 ===
  SSC-TV-L21: ACC=0.9877  NMI=0.9660  ARI=0.9729  2.0s
  BDOSC: ACC=0.9571  NMI=0.9075  ARI=0.8941  2.3s
  TKSS: ACC=0.7362  NMI=0.7220  ARI=0.5445  1.5s

=== P1E_S4_C3 test[0] k=5  frames=118  σ=0.0 ===
  SSC-TV-L21: ACC=0.8390  NMI=0.8613  ARI=0.7844  1.2s
  BDOSC: ACC=0.7203  NMI=0.8101  ARI=0.6598  1.3s
  TKSS: ACC=0.9237  NMI=0.8777  ARI=0.8349  0.5s

=== P1L_S1_C1 test[0] k=5  frames=153  σ=0.0 ===
  SSC-TV-L21: ACC=0.7778  NMI=0.8788  ARI=0.8031  1.8s
  BDOSC: ACC=0.6536  NMI=0.7482  ARI=0.5476  2.1s
  TKSS: ACC=0.7190  NMI=0.7238  ARI=0.5773  1.0s

=== P1L_S1_C2 test[0] k=5  frames=188  σ=0.0 ===
  SSC-TV-L21: ACC=0.9468  NMI=0.9206  ARI=0.8731  2.4s
  BDOSC: ACC=0.9681  NMI=0.9341  ARI=0.9212  3.0s
  TKSS: ACC=0.7447  NMI=0.7132  ARI=0.5956  1.5s

=== P1L_S1_C3 test[0] k=5  frames=118  σ=0.0 ===
  SSC-TV-L21: ACC=0.9915  NMI=0.9772  ARI=0.9760  1.2s
  BDOSC: ACC=0.9576  NMI=0.9205  ARI=0.9048  1.2s
  TKSS: ACC=0.9322  NMI=0.8750  ARI=0.8260  1.1s

=== P1L_S2_C1 test[0] k=5  frames=190  σ=0.0 ===
  SSC-TV-L21: ACC=0.8211  NMI=0.9004  ARI=0.8530  2.5s
  BDOSC: ACC=0.6947  NMI=0.7493  ARI=0.6019  3.1s
  TKSS: ACC=0.8421  NMI=0.8654  ARI=0.8014  2.0s

=== P1L_S2_C2 test[0] k=5  frames=127  σ=0.0 ===
  SSC-TV-L21: ACC=0.7323  NMI=0.8462  ARI=0.7482  1.3s
  BDOSC: ACC=0.7480  NMI=0.7598  ARI=0.6752  1.5s
  TKSS: ACC=0.6850  NMI=0.7581  ARI=0.6292  1.1s

=== P1L_S2_C3 test[0] k=5  frames=148  σ=0.0 ===
  SSC-TV-L21: ACC=0.9932  NMI=0.9816  ARI=0.9841  1.7s
  BDOSC: ACC=0.9865  NMI=0.9626  ARI=0.9658  2.0s
  TKSS: ACC=0.9865  NMI=0.9632  ARI=0.9686  0.6s

=== P1L_S3_C1 test[0] k=5  frames=200  σ=0.0 ===
  SSC-TV-L21: ACC=1.0000  NMI=1.0000  ARI=1.0000  2.8s
  BDOSC: ACC=0.8600  NMI=0.8121  ARI=0.7223  3.5s
  TKSS: ACC=0.9050  NMI=0.8708  ARI=0.7931  2.2s

=== P1L_S3_C2 test[0] k=5  frames=201  σ=0.0 ===
  SSC-TV-L21: ACC=1.0000  NMI=1.0000  ARI=1.0000  2.8s
  BDOSC: ACC=0.6617  NMI=0.7133  ARI=0.5254  3.5s
  TKSS: ACC=0.6318  NMI=0.5332  ARI=0.3660  2.3s

=== P1L_S3_C3 test[0] k=5  frames=162  σ=0.0 ===
  SSC-TV-L21: ACC=0.8395  NMI=0.8689  ARI=0.7916  2.0s
  BDOSC: ACC=0.8395  NMI=0.7739  ARI=0.6667  2.3s
  TKSS: ACC=0.7654  NMI=0.7463  ARI=0.5790  0.9s

=== P1L_S4_C1 test[0] k=5  frames=152  σ=0.0 ===
  SSC-TV-L21: ACC=0.9868  NMI=0.9721  ARI=0.9801  1.8s
  BDOSC: ACC=0.7961  NMI=0.8791  ARI=0.7693  2.1s
  TKSS: ACC=0.7566  NMI=0.7767  ARI=0.6706  0.9s

=== P1L_S4_C2 test[0] k=5  frames=241  σ=0.0 ===
  SSC-TV-L21: ACC=0.7427  NMI=0.8451  ARI=0.7199  4.5s
  BDOSC: ACC=0.7386  NMI=0.8206  ARI=0.6796  5.0s
  TKSS: ACC=0.8340  NMI=0.7806  ARI=0.6950  2.7s

=== P1L_S4_C3 test[0] k=5  frames=164  σ=0.0 ===
  SSC-TV-L21: ACC=0.9939  NMI=0.9827  ARI=0.9842  2.1s
  BDOSC: ACC=0.9512  NMI=0.9157  ARI=0.8905  2.3s
  TKSS: ACC=0.9573  NMI=0.9164  ARI=0.9000  0.8s

=== P1E_S1_C1 train[0] k=5  frames=191  σ=0.25 ===
  SSC-TV-L21: ACC=0.9058  NMI=0.8837  ARI=0.7781  2.5s
  BDOSC: ACC=0.9005  NMI=0.8408  ARI=0.7515  3.2s
  TKSS: ACC=0.8115  NMI=0.7257  ARI=0.6086  1.3s

=== P1E_S1_C1 train[1] k=5  frames=145  σ=0.25 ===
  SSC-TV-L21: ACC=0.9103  NMI=0.8985  ARI=0.8547  1.6s
  BDOSC: ACC=0.6621  NMI=0.6889  ARI=0.5130  1.9s
  TKSS: ACC=0.7586  NMI=0.7635  ARI=0.6583  0.9s

=== P1E_S1_C1 train[2] k=5  frames=169  σ=0.25 ===
  SSC-TV-L21: ACC=0.6272  NMI=0.7490  ARI=0.5366  2.0s
  BDOSC: ACC=0.6272  NMI=0.7149  ARI=0.5234  2.6s
  TKSS: ACC=0.5799  NMI=0.6907  ARI=0.4837  1.1s

=== P1E_S1_C1 train[3] k=5  frames=133  σ=0.25 ===
  SSC-TV-L21: ACC=0.7143  NMI=0.7629  ARI=0.6018  1.4s
  BDOSC: ACC=0.7368  NMI=0.7824  ARI=0.7134  1.6s
  TKSS: ACC=0.6767  NMI=0.7300  ARI=0.6122  3.9s

=== P1E_S1_C2 train[0] k=5  frames=149  σ=0.25 ===
  SSC-TV-L21: ACC=0.7785  NMI=0.8079  ARI=0.7344  1.6s
  BDOSC: ACC=0.5302  NMI=0.6475  ARI=0.4409  2.0s
  TKSS: ACC=0.7852  NMI=0.8182  ARI=0.7501  2.2s

=== P1E_S1_C2 train[1] k=5  frames=106  σ=0.25 ===
  SSC-TV-L21: ACC=0.9245  NMI=0.8947  ARI=0.8178  1.0s
  BDOSC: ACC=0.6132  NMI=0.6935  ARI=0.5078  1.1s
  TKSS: ACC=0.7075  NMI=0.7858  ARI=0.6188  0.5s

=== P1E_S1_C2 train[2] k=5  frames=194  σ=0.25 ===
  SSC-TV-L21: ACC=0.8041  NMI=0.7250  ARI=0.5853  2.6s
  BDOSC: ACC=0.8093  NMI=0.7222  ARI=0.6102  3.3s
  TKSS: ACC=0.8247  NMI=0.7510  ARI=0.6308  2.3s

=== P1E_S1_C2 train[3] k=5  frames=133  σ=0.25 ===
  SSC-TV-L21: ACC=0.9850  NMI=0.9586  ARI=0.9661  1.4s
  BDOSC: ACC=0.7594  NMI=0.7677  ARI=0.6531  1.6s
  TKSS: ACC=0.8421  NMI=0.8051  ARI=0.6894  0.9s

=== P1E_S1_C3 train[0] k=5  frames=98  σ=0.25 ===
  SSC-TV-L21: ACC=0.9286  NMI=0.8630  ARI=0.8346  0.9s
  BDOSC: ACC=0.7755  NMI=0.7220  ARI=0.5608  0.9s
  TKSS: ACC=0.9082  NMI=0.8253  ARI=0.7938  0.4s

=== P1E_S1_C3 train[1] k=5  frames=93  σ=0.25 ===
  SSC-TV-L21: ACC=0.9785  NMI=0.9546  ARI=0.9423  0.8s
  BDOSC: ACC=0.7204  NMI=0.7562  ARI=0.6056  0.9s
  TKSS: ACC=0.9247  NMI=0.8660  ARI=0.8185  0.7s

=== P1E_S1_C3 train[2] k=5  frames=68  σ=0.25 ===
  SSC-TV-L21: ACC=0.8824  NMI=0.8406  ARI=0.7789  0.6s
  BDOSC: ACC=0.7647  NMI=0.7182  ARI=0.5803  0.5s
  TKSS: ACC=0.8235  NMI=0.7526  ARI=0.6530  0.1s

=== P1E_S1_C3 train[3] k=5  frames=87  σ=0.25 ===
  SSC-TV-L21: ACC=0.9540  NMI=0.9001  ARI=0.8889  0.8s
  BDOSC: ACC=0.8736  NMI=0.7846  ARI=0.7095  0.8s
  TKSS: ACC=0.9195  NMI=0.8416  ARI=0.8099  0.2s

=== P1E_S2_C1 train[0] k=5  frames=192  σ=0.25 ===
  SSC-TV-L21: ACC=0.9062  NMI=0.8938  ARI=0.8101  2.4s
  BDOSC: ACC=0.6667  NMI=0.7390  ARI=0.5862  3.3s
  TKSS: ACC=0.7552  NMI=0.6698  ARI=0.4931  1.8s

=== P1E_S2_C1 train[1] k=5  frames=177  σ=0.25 ===
  SSC-TV-L21: ACC=0.8249  NMI=0.8957  ARI=0.8347  2.1s
  BDOSC: ACC=0.7345  NMI=0.7824  ARI=0.6608  2.8s
  TKSS: ACC=0.8983  NMI=0.8482  ARI=0.8263  2.1s

=== P1E_S2_C1 train[2] k=5  frames=171  σ=0.25 ===
  SSC-TV-L21: ACC=0.6257  NMI=0.7252  ARI=0.4872  2.2s
  BDOSC: ACC=0.6959  NMI=0.7794  ARI=0.6211  2.8s
  TKSS: ACC=0.6374  NMI=0.6466  ARI=0.4550  1.1s

=== P1E_S2_C1 train[3] k=5  frames=146  σ=0.25 ===
  SSC-TV-L21: ACC=0.6438  NMI=0.7472  ARI=0.5124  1.5s
  BDOSC: ACC=0.8014  NMI=0.8102  ARI=0.6831  2.0s
  TKSS: ACC=0.8151  NMI=0.8416  ARI=0.6904  1.9s

=== P1E_S2_C2 train[0] k=5  frames=151  σ=0.25 ===
  SSC-TV-L21: ACC=0.7947  NMI=0.8467  ARI=0.7646  1.5s
  BDOSC: ACC=0.5430  NMI=0.6241  ARI=0.4291  2.1s
  TKSS: ACC=0.7219  NMI=0.7340  ARI=0.6027  1.5s

=== P1E_S2_C2 train[1] k=5  frames=148  σ=0.25 ===
  SSC-TV-L21: ACC=0.9459  NMI=0.9104  ARI=0.8980  1.7s
  BDOSC: ACC=0.6622  NMI=0.7005  ARI=0.5414  2.1s
  TKSS: ACC=0.7568  NMI=0.8206  ARI=0.7503  0.8s

=== P1E_S2_C2 train[2] k=5  frames=165  σ=0.25 ===
  SSC-TV-L21: ACC=0.8606  NMI=0.8234  ARI=0.7181  2.1s
  BDOSC: ACC=0.7818  NMI=0.7273  ARI=0.6041  2.5s
  TKSS: ACC=0.8909  NMI=0.8364  ARI=0.7813  1.1s

=== P1E_S2_C2 train[3] k=5  frames=172  σ=0.25 ===
  SSC-TV-L21: ACC=0.6628  NMI=0.7664  ARI=0.5852  2.1s
  BDOSC: ACC=0.7616  NMI=0.7660  ARI=0.6752  2.7s
  TKSS: ACC=0.7616  NMI=0.7526  ARI=0.6449  4.0s

=== P1E_S2_C3 train[0] k=5  frames=132  σ=0.25 ===
  SSC-TV-L21: ACC=0.8788  NMI=0.8576  ARI=0.7662  1.3s
  BDOSC: ACC=0.8106  NMI=0.8017  ARI=0.7071  1.6s
  TKSS: ACC=0.8712  NMI=0.8521  ARI=0.7681  0.5s

=== P1E_S2_C3 train[1] k=5  frames=148  σ=0.25 ===
  SSC-TV-L21: ACC=0.9122  NMI=0.8906  ARI=0.7982  1.7s
  BDOSC: ACC=0.9324  NMI=0.8607  ARI=0.8382  2.1s
  TKSS: ACC=0.9797  NMI=0.9433  ARI=0.9472  0.6s

=== P1E_S2_C3 train[2] k=5  frames=132  σ=0.25 ===
  SSC-TV-L21: ACC=0.9924  NMI=0.9795  ARI=0.9823  1.4s
  BDOSC: ACC=0.5833  NMI=0.6187  ARI=0.4038  1.6s
  TKSS: ACC=0.7273  NMI=0.6797  ARI=0.5259  0.4s

=== P1E_S2_C3 train[3] k=5  frames=153  σ=0.25 ===
  SSC-TV-L21: ACC=0.9804  NMI=0.9505  ARI=0.9486  1.8s
  BDOSC: ACC=0.9020  NMI=0.8633  ARI=0.8070  2.2s
  TKSS: ACC=0.9542  NMI=0.8944  ARI=0.8957  0.5s

=== P1E_S3_C1 train[0] k=5  frames=195  σ=0.25 ===
  SSC-TV-L21: ACC=0.5795  NMI=0.6975  ARI=0.4083  2.8s
  BDOSC: ACC=0.7026  NMI=0.6780  ARI=0.4738  3.5s
  TKSS: ACC=0.7436  NMI=0.6858  ARI=0.5093  1.9s

=== P1E_S3_C1 train[1] k=5  frames=194  σ=0.25 ===
  SSC-TV-L21: ACC=0.9227  NMI=0.9014  ARI=0.8657  2.7s
  BDOSC: ACC=0.7216  NMI=0.7340  ARI=0.6085  3.4s
  TKSS: ACC=0.9072  NMI=0.8735  ARI=0.8365  1.6s

=== P1E_S3_C1 train[2] k=5  frames=134  σ=0.25 ===
  SSC-TV-L21: ACC=0.6418  NMI=0.7559  ARI=0.5611  1.5s
  BDOSC: ACC=0.6493  NMI=0.6978  ARI=0.5418  1.7s
  TKSS: ACC=0.6343  NMI=0.7092  ARI=0.5366  0.4s

=== P1E_S3_C1 train[3] k=5  frames=180  σ=0.25 ===
  SSC-TV-L21: ACC=0.8000  NMI=0.8784  ARI=0.7663  2.4s
  BDOSC: ACC=0.5722  NMI=0.6485  ARI=0.4624  3.1s
  TKSS: ACC=0.6278  NMI=0.6662  ARI=0.4709  2.1s

=== P1E_S3_C2 train[0] k=5  frames=137  σ=0.25 ===
  SSC-TV-L21: ACC=0.7445  NMI=0.8124  ARI=0.7061  1.5s
  BDOSC: ACC=0.7153  NMI=0.7804  ARI=0.6233  1.8s
  TKSS: ACC=0.7372  NMI=0.7728  ARI=0.6786  0.9s

=== P1E_S3_C2 train[1] k=5  frames=181  σ=0.25 ===
  SSC-TV-L21: ACC=0.9006  NMI=0.8585  ARI=0.8268  2.5s
  BDOSC: ACC=0.7017  NMI=0.6994  ARI=0.5675  3.1s
  TKSS: ACC=0.8232  NMI=0.8333  ARI=0.7819  1.7s

=== P1E_S3_C2 train[2] k=5  frames=202  σ=0.25 ===
  SSC-TV-L21: ACC=0.7723  NMI=0.8003  ARI=0.6745  2.9s
  BDOSC: ACC=0.7475  NMI=0.7555  ARI=0.6783  3.7s
  TKSS: ACC=0.6287  NMI=0.6434  ARI=0.4493  3.4s

=== P1E_S3_C2 train[3] k=5  frames=179  σ=0.25 ===
  SSC-TV-L21: ACC=0.6927  NMI=0.7470  ARI=0.5540  2.3s
  BDOSC: ACC=0.7039  NMI=0.7426  ARI=0.6365  2.8s
  TKSS: ACC=0.7039  NMI=0.7716  ARI=0.6390  1.6s

=== P1E_S3_C3 train[0] k=5  frames=158  σ=0.25 ===
  SSC-TV-L21: ACC=0.9873  NMI=0.9642  ARI=0.9664  1.8s
  BDOSC: ACC=0.9557  NMI=0.9036  ARI=0.8906  2.2s
  TKSS: ACC=0.9684  NMI=0.9226  ARI=0.9214  0.7s

=== P1E_S3_C3 train[1] k=5  frames=122  σ=0.25 ===
  SSC-TV-L21: ACC=1.0000  NMI=1.0000  ARI=1.0000  1.2s
  BDOSC: ACC=0.6967  NMI=0.7284  ARI=0.5521  1.3s
  TKSS: ACC=0.9918  NMI=0.9756  ARI=0.9732  1.3s

=== P1E_S3_C3 train[2] k=5  frames=157  σ=0.25 ===
  SSC-TV-L21: ACC=0.7134  NMI=0.8618  ARI=0.7220  1.8s
  BDOSC: ACC=0.8471  NMI=0.7691  ARI=0.6767  2.2s
  TKSS: ACC=0.8217  NMI=0.8208  ARI=0.6934  1.2s

=== P1E_S3_C3 train[3] k=5  frames=167  σ=0.25 ===
  SSC-TV-L21: ACC=0.7665  NMI=0.8734  ARI=0.7483  2.0s
  BDOSC: ACC=0.8144  NMI=0.7282  ARI=0.6565  2.4s
  TKSS: ACC=0.8802  NMI=0.8413  ARI=0.7217  2.4s

=== P1E_S4_C1 train[0] k=5  frames=164  σ=0.25 ===
  SSC-TV-L21: ACC=0.8354  NMI=0.8191  ARI=0.7447  1.9s
  BDOSC: ACC=0.6768  NMI=0.6607  ARI=0.4793  2.3s
  TKSS: ACC=0.8354  NMI=0.7545  ARI=0.6815  2.3s

=== P1E_S4_C1 train[1] k=5  frames=159  σ=0.25 ===
  SSC-TV-L21: ACC=0.7044  NMI=0.7697  ARI=0.6019  1.8s
  BDOSC: ACC=0.7862  NMI=0.8273  ARI=0.7345  2.2s
  TKSS: ACC=0.6164  NMI=0.6830  ARI=0.5305  2.0s

=== P1E_S4_C1 train[2] k=5  frames=182  σ=0.25 ===
  SSC-TV-L21: ACC=0.9121  NMI=0.9012  ARI=0.8488  2.2s
  BDOSC: ACC=0.5549  NMI=0.6506  ARI=0.4739  2.8s
  TKSS: ACC=0.8407  NMI=0.7821  ARI=0.6947  1.8s

=== P1E_S4_C1 train[3] k=5  frames=196  σ=0.25 ===
  SSC-TV-L21: ACC=0.6224  NMI=0.7623  ARI=0.5713  2.7s
  BDOSC: ACC=0.8980  NMI=0.8374  ARI=0.7999  3.4s
  TKSS: ACC=0.7908  NMI=0.6999  ARI=0.5259  2.1s

=== P1E_S4_C2 train[0] k=5  frames=170  σ=0.25 ===
  SSC-TV-L21: ACC=0.9235  NMI=0.8846  ARI=0.8353  1.9s
  BDOSC: ACC=0.8471  NMI=0.7748  ARI=0.6763  2.6s
  TKSS: ACC=0.9176  NMI=0.8481  ARI=0.8117  1.0s

=== P1E_S4_C2 train[1] k=5  frames=121  σ=0.25 ===
  SSC-TV-L21: ACC=0.9008  NMI=0.8743  ARI=0.8114  1.2s
  BDOSC: ACC=0.6446  NMI=0.7632  ARI=0.5669  1.4s
  TKSS: ACC=0.8430  NMI=0.7904  ARI=0.6784  2.2s

=== P1E_S4_C2 train[2] k=5  frames=182  σ=0.25 ===
  SSC-TV-L21: ACC=0.9945  NMI=0.9843  ARI=0.9875  2.3s
  BDOSC: ACC=0.8132  NMI=0.7186  ARI=0.6134  2.9s
  TKSS: ACC=0.9231  NMI=0.8808  ARI=0.8200  1.6s

=== P1E_S4_C2 train[3] k=5  frames=155  σ=0.25 ===
  SSC-TV-L21: ACC=0.7290  NMI=0.8585  ARI=0.7444  1.7s
  BDOSC: ACC=0.6774  NMI=0.7467  ARI=0.6118  2.1s
  TKSS: ACC=0.7290  NMI=0.7771  ARI=0.6644  1.0s

=== P1E_S4_C3 train[0] k=5  frames=132  σ=0.25 ===
  SSC-TV-L21: ACC=0.9697  NMI=0.9244  ARI=0.9215  1.3s
  BDOSC: ACC=0.9091  NMI=0.8330  ARI=0.7845  1.5s
  TKSS: ACC=0.9394  NMI=0.8813  ARI=0.8505  0.6s

=== P1E_S4_C3 train[1] k=5  frames=138  σ=0.25 ===
  SSC-TV-L21: ACC=0.9928  NMI=0.9804  ARI=0.9816  1.4s
  BDOSC: ACC=0.9783  NMI=0.9413  ARI=0.9450  1.8s
  TKSS: ACC=0.9420  NMI=0.8823  ARI=0.8550  0.6s

=== P1E_S4_C3 train[2] k=5  frames=147  σ=0.25 ===
  SSC-TV-L21: ACC=0.9728  NMI=0.9316  ARI=0.9316  1.7s
  BDOSC: ACC=0.7823  NMI=0.7164  ARI=0.5906  2.0s
  TKSS: ACC=0.9728  NMI=0.9318  ARI=0.9324  0.3s

=== P1E_S4_C3 train[3] k=5  frames=85  σ=0.25 ===
  SSC-TV-L21: ACC=0.9529  NMI=0.9275  ARI=0.8938  0.8s
  BDOSC: ACC=0.8941  NMI=0.8211  ARI=0.7539  0.9s
  TKSS: ACC=0.9412  NMI=0.8940  ARI=0.8613  0.2s

=== P1L_S1_C1 train[0] k=5  frames=157  σ=0.25 ===
  SSC-TV-L21: ACC=0.8408  NMI=0.8593  ARI=0.7311  1.7s
  BDOSC: ACC=0.7006  NMI=0.6926  ARI=0.4905  2.3s
  TKSS: ACC=0.7261  NMI=0.7385  ARI=0.5520  0.9s

=== P1L_S1_C1 train[1] k=5  frames=111  σ=0.25 ===
  SSC-TV-L21: ACC=0.8919  NMI=0.8943  ARI=0.8236  1.1s
  BDOSC: ACC=0.6757  NMI=0.7398  ARI=0.5705  1.2s
  TKSS: ACC=0.8559  NMI=0.8629  ARI=0.7795  0.8s

=== P1L_S1_C1 train[2] k=5  frames=142  σ=0.25 ===
  SSC-TV-L21: ACC=0.9859  NMI=0.9616  ARI=0.9663  1.5s
  BDOSC: ACC=0.9437  NMI=0.8993  ARI=0.8919  1.8s
  TKSS: ACC=0.7394  NMI=0.7313  ARI=0.6450  2.6s

=== P1L_S1_C1 train[3] k=5  frames=178  σ=0.25 ===
  SSC-TV-L21: ACC=1.0000  NMI=1.0000  ARI=1.0000  2.2s
  BDOSC: ACC=0.5899  NMI=0.6286  ARI=0.4335  2.9s
  TKSS: ACC=0.9719  NMI=0.9212  ARI=0.9293  2.5s

=== P1L_S1_C2 train[0] k=5  frames=243  σ=0.25 ===
  SSC-TV-L21: ACC=0.9259  NMI=0.8902  ARI=0.8359  4.5s
  BDOSC: ACC=0.6955  NMI=0.6554  ARI=0.4937  5.2s
  TKSS: ACC=0.9383  NMI=0.8755  ARI=0.8558  1.8s

=== P1L_S1_C2 train[1] k=5  frames=131  σ=0.25 ===
  SSC-TV-L21: ACC=1.0000  NMI=1.0000  ARI=1.0000  1.4s
  BDOSC: ACC=0.8321  NMI=0.7709  ARI=0.6424  1.6s
  TKSS: ACC=0.9695  NMI=0.9343  ARI=0.9377  1.2s

=== P1L_S1_C2 train[2] k=5  frames=141  σ=0.25 ===
  SSC-TV-L21: ACC=0.8865  NMI=0.8553  ARI=0.7455  1.5s
  BDOSC: ACC=0.6809  NMI=0.6577  ARI=0.4871  1.9s
  TKSS: ACC=0.7589  NMI=0.8073  ARI=0.7049  0.9s

=== P1L_S1_C2 train[3] k=5  frames=184  σ=0.25 ===
  SSC-TV-L21: ACC=0.7174  NMI=0.7811  ARI=0.6623  2.3s
  BDOSC: ACC=0.6522  NMI=0.6337  ARI=0.4383  3.1s
  TKSS: ACC=0.7174  NMI=0.7649  ARI=0.6513  1.2s

=== P1L_S1_C3 train[0] k=5  frames=108  σ=0.25 ===
  SSC-TV-L21: ACC=0.6944  NMI=0.8015  ARI=0.6385  1.0s
  BDOSC: ACC=0.9537  NMI=0.9148  ARI=0.8904  1.2s
  TKSS: ACC=0.8981  NMI=0.8550  ARI=0.7835  0.6s

=== P1L_S1_C3 train[1] k=5  frames=105  σ=0.25 ===
  SSC-TV-L21: ACC=0.7905  NMI=0.8008  ARI=0.6536  1.0s
  BDOSC: ACC=0.8857  NMI=0.8228  ARI=0.7416  1.1s
  TKSS: ACC=0.8000  NMI=0.7906  ARI=0.6464  1.1s

=== P1L_S1_C3 train[2] k=5  frames=113  σ=0.25 ===
  SSC-TV-L21: ACC=0.9115  NMI=0.8808  ARI=0.8126  1.1s
  BDOSC: ACC=0.8761  NMI=0.8081  ARI=0.7205  1.2s
  TKSS: ACC=0.8673  NMI=0.8162  ARI=0.7195  0.5s

=== P1L_S1_C3 train[3] k=5  frames=90  σ=0.25 ===
  SSC-TV-L21: ACC=0.8889  NMI=0.8870  ARI=0.7936  0.8s
  BDOSC: ACC=0.8667  NMI=0.8180  ARI=0.7195  0.9s
  TKSS: ACC=0.8444  NMI=0.7919  ARI=0.6866  0.5s

=== P1L_S2_C1 train[0] k=5  frames=177  σ=0.25 ===
  SSC-TV-L21: ACC=0.8927  NMI=0.8888  ARI=0.7968  2.1s
  BDOSC: ACC=0.7627  NMI=0.7494  ARI=0.6164  2.7s
  TKSS: ACC=0.8814  NMI=0.8274  ARI=0.7599  1.9s

=== P1L_S2_C1 train[1] k=5  frames=191  σ=0.25 ===
  SSC-TV-L21: ACC=0.8639  NMI=0.8572  ARI=0.7017  2.5s
  BDOSC: ACC=0.8272  NMI=0.7715  ARI=0.6428  3.3s
  TKSS: ACC=0.8691  NMI=0.8401  ARI=0.7044  1.0s

=== P1L_S2_C1 train[2] k=5  frames=234  σ=0.25 ===
  SSC-TV-L21: ACC=0.7607  NMI=0.8643  ARI=0.7542  4.3s
  BDOSC: ACC=0.6923  NMI=0.7503  ARI=0.6377  4.8s
  TKSS: ACC=0.9444  NMI=0.8915  ARI=0.8821  1.3s

=== P1L_S2_C1 train[3] k=5  frames=157  σ=0.25 ===
  SSC-TV-L21: ACC=0.5669  NMI=0.7355  ARI=0.5202  1.9s
  BDOSC: ACC=0.6879  NMI=0.6755  ARI=0.5392  2.2s
  TKSS: ACC=0.6879  NMI=0.6547  ARI=0.4760  0.9s

=== P1L_S2_C2 train[0] k=5  frames=220  σ=0.25 ===
  SSC-TV-L21: ACC=0.9909  NMI=0.9729  ARI=0.9785  3.1s
  BDOSC: ACC=0.8136  NMI=0.7887  ARI=0.6954  4.3s
  TKSS: ACC=0.8909  NMI=0.8342  ARI=0.8025  2.3s

=== P1L_S2_C2 train[1] k=5  frames=196  σ=0.25 ===
  SSC-TV-L21: ACC=0.9949  NMI=0.9850  ARI=0.9873  2.7s
  BDOSC: ACC=0.8571  NMI=0.7887  ARI=0.7023  3.5s
  TKSS: ACC=0.9184  NMI=0.8915  ARI=0.8365  3.7s

=== P1L_S2_C2 train[2] k=5  frames=166  σ=0.25 ===
  SSC-TV-L21: ACC=0.9036  NMI=0.8957  ARI=0.8505  2.0s
  BDOSC: ACC=0.7410  NMI=0.7107  ARI=0.5653  2.5s
  TKSS: ACC=0.6205  NMI=0.7351  ARI=0.5332  1.0s

=== P1L_S2_C2 train[3] k=5  frames=208  σ=0.25 ===
  SSC-TV-L21: ACC=0.9183  NMI=0.9103  ARI=0.8632  2.8s
  BDOSC: ACC=0.6731  NMI=0.6749  ARI=0.4823  3.9s
  TKSS: ACC=0.9183  NMI=0.8981  ARI=0.8567  1.1s

=== P1L_S2_C3 train[0] k=5  frames=143  σ=0.25 ===
  SSC-TV-L21: ACC=1.0000  NMI=1.0000  ARI=1.0000  1.5s
  BDOSC: ACC=0.7762  NMI=0.7966  ARI=0.6585  1.8s
  TKSS: ACC=0.8671  NMI=0.8582  ARI=0.7053  1.0s

=== P1L_S2_C3 train[1] k=5  frames=126  σ=0.25 ===
  SSC-TV-L21: ACC=0.9444  NMI=0.9350  ARI=0.9340  1.2s
  BDOSC: ACC=0.6587  NMI=0.7061  ARI=0.5302  1.4s
  TKSS: ACC=0.8651  NMI=0.8246  ARI=0.7474  0.7s

=== P1L_S2_C3 train[2] k=5  frames=115  σ=0.25 ===
  SSC-TV-L21: ACC=0.6870  NMI=0.8223  ARI=0.6384  1.1s
  BDOSC: ACC=0.6870  NMI=0.8237  ARI=0.6411  1.2s
  TKSS: ACC=0.6783  NMI=0.7466  ARI=0.5776  0.8s

=== P1L_S2_C3 train[3] k=5  frames=128  σ=0.25 ===
  SSC-TV-L21: ACC=0.7422  NMI=0.8853  ARI=0.8007  1.2s
  BDOSC: ACC=0.6953  NMI=0.7898  ARI=0.6905  1.6s
  TKSS: ACC=0.6406  NMI=0.7171  ARI=0.5237  1.4s

=== P1L_S3_C1 train[0] k=5  frames=134  σ=0.25 ===
  SSC-TV-L21: ACC=0.6567  NMI=0.7287  ARI=0.5116  1.3s
  BDOSC: ACC=0.6045  NMI=0.6474  ARI=0.4302  1.6s
  TKSS: ACC=0.6045  NMI=0.6736  ARI=0.4738  2.5s

=== P1L_S3_C1 train[1] k=5  frames=156  σ=0.25 ===
  SSC-TV-L21: ACC=1.0000  NMI=1.0000  ARI=1.0000  1.7s
  BDOSC: ACC=0.8269  NMI=0.7591  ARI=0.6184  2.2s
  TKSS: ACC=0.9808  NMI=0.9516  ARI=0.9576  1.3s

=== P1L_S3_C1 train[2] k=5  frames=158  σ=0.25 ===
  SSC-TV-L21: ACC=0.7595  NMI=0.8046  ARI=0.6749  1.8s
  BDOSC: ACC=0.7342  NMI=0.7747  ARI=0.6606  2.2s
  TKSS: ACC=0.8165  NMI=0.7721  ARI=0.7203  1.2s

=== P1L_S3_C1 train[3] k=5  frames=127  σ=0.25 ===
  SSC-TV-L21: ACC=0.9055  NMI=0.8814  ARI=0.7858  1.2s
  BDOSC: ACC=0.7165  NMI=0.6734  ARI=0.5102  1.5s
  TKSS: ACC=0.8819  NMI=0.8141  ARI=0.7333  1.1s

=== P1L_S3_C2 train[0] k=5  frames=239  σ=0.25 ===
  SSC-TV-L21: ACC=0.6987  NMI=0.8332  ARI=0.6721  4.3s
  BDOSC: ACC=0.5774  NMI=0.6066  ARI=0.3849  4.9s
  TKSS: ACC=0.8201  NMI=0.7620  ARI=0.6714  3.7s

=== P1L_S3_C2 train[1] k=5  frames=143  σ=0.25 ===
  SSC-TV-L21: ACC=0.7902  NMI=0.8734  ARI=0.7617  1.5s
  BDOSC: ACC=0.8042  NMI=0.7620  ARI=0.6628  1.9s
  TKSS: ACC=0.9441  NMI=0.8854  ARI=0.8823  1.5s

=== P1L_S3_C2 train[2] k=5  frames=257  σ=0.25 ===
  SSC-TV-L21: ACC=0.9767  NMI=0.9555  ARI=0.9493  4.7s
  BDOSC: ACC=0.8249  NMI=0.7534  ARI=0.6615  5.9s
  TKSS: ACC=0.7782  NMI=0.7773  ARI=0.6763  5.5s

=== P1L_S3_C2 train[3] k=5  frames=187  σ=0.25 ===
  SSC-TV-L21: ACC=0.7754  NMI=0.8819  ARI=0.7883  2.4s
  BDOSC: ACC=0.6738  NMI=0.7215  ARI=0.5681  3.0s
  TKSS: ACC=0.7433  NMI=0.8140  ARI=0.7129  2.2s

=== P1L_S3_C3 train[0] k=5  frames=151  σ=0.25 ===
  SSC-TV-L21: ACC=0.8146  NMI=0.8923  ARI=0.8163  1.7s
  BDOSC: ACC=0.7881  NMI=0.8222  ARI=0.7670  2.0s
  TKSS: ACC=0.7417  NMI=0.6934  ARI=0.5551  0.6s

=== P1L_S3_C3 train[1] k=5  frames=180  σ=0.25 ===
  SSC-TV-L21: ACC=1.0000  NMI=1.0000  ARI=1.0000  2.2s
  BDOSC: ACC=0.8833  NMI=0.8092  ARI=0.7579  2.8s
  TKSS: ACC=0.9556  NMI=0.9020  ARI=0.9025  1.1s

=== P1L_S3_C3 train[2] k=5  frames=139  σ=0.25 ===
  SSC-TV-L21: ACC=0.8561  NMI=0.8251  ARI=0.7902  1.4s
  BDOSC: ACC=0.6978  NMI=0.7614  ARI=0.6273  1.7s
  TKSS: ACC=0.6835  NMI=0.7931  ARI=0.6614  0.4s

=== P1L_S3_C3 train[3] k=5  frames=165  σ=0.25 ===
  SSC-TV-L21: ACC=0.7879  NMI=0.8398  ARI=0.7642  1.7s
  BDOSC: ACC=0.8000  NMI=0.7980  ARI=0.7374  2.3s
  TKSS: ACC=0.6364  NMI=0.6953  ARI=0.5049  1.2s

=== P1L_S4_C1 train[0] k=5  frames=171  σ=0.25 ===
  SSC-TV-L21: ACC=0.6316  NMI=0.7153  ARI=0.4610  1.9s
  BDOSC: ACC=0.6784  NMI=0.7299  ARI=0.5773  2.6s
  TKSS: ACC=0.8012  NMI=0.7746  ARI=0.6664  2.1s

=== P1L_S4_C1 train[1] k=5  frames=169  σ=0.25 ===
  SSC-TV-L21: ACC=1.0000  NMI=1.0000  ARI=1.0000  1.9s
  BDOSC: ACC=0.8462  NMI=0.7536  ARI=0.6525  2.5s
  TKSS: ACC=0.9586  NMI=0.9087  ARI=0.8769  1.5s

=== P1L_S4_C1 train[2] k=5  frames=164  σ=0.25 ===
  SSC-TV-L21: ACC=0.6402  NMI=0.7557  ARI=0.5721  1.9s
  BDOSC: ACC=0.7439  NMI=0.8059  ARI=0.6995  2.3s
  TKSS: ACC=0.7744  NMI=0.7683  ARI=0.6971  1.5s

=== P1L_S4_C1 train[3] k=5  frames=177  σ=0.25 ===
  SSC-TV-L21: ACC=0.6836  NMI=0.8194  ARI=0.6274  2.2s
  BDOSC: ACC=0.7232  NMI=0.7782  ARI=0.6790  2.8s
  TKSS: ACC=0.7288  NMI=0.7286  ARI=0.5427  1.1s

=== P1L_S4_C2 train[0] k=5  frames=154  σ=0.25 ===
  SSC-TV-L21: ACC=0.7727  NMI=0.8316  ARI=0.7048  1.6s
  BDOSC: ACC=0.7013  NMI=0.7610  ARI=0.6295  2.0s
  TKSS: ACC=0.7338  NMI=0.7525  ARI=0.6964  1.0s

=== P1L_S4_C2 train[1] k=5  frames=136  σ=0.25 ===
  SSC-TV-L21: ACC=0.7941  NMI=0.8269  ARI=0.6103  1.3s
  BDOSC: ACC=0.6544  NMI=0.7327  ARI=0.5644  1.6s
  TKSS: ACC=0.7132  NMI=0.8507  ARI=0.6682  0.9s

=== P1L_S4_C2 train[2] k=5  frames=169  σ=0.25 ===
  SSC-TV-L21: ACC=0.7515  NMI=0.8232  ARI=0.7114  2.0s
  BDOSC: ACC=0.7101  NMI=0.6664  ARI=0.4963  2.5s
  TKSS: ACC=0.7396  NMI=0.7665  ARI=0.6457  1.1s

=== P1L_S4_C2 train[3] k=5  frames=195  σ=0.25 ===
  SSC-TV-L21: ACC=0.7385  NMI=0.8600  ARI=0.7065  2.6s
  BDOSC: ACC=0.9231  NMI=0.8409  ARI=0.8058  3.3s
  TKSS: ACC=0.7026  NMI=0.7371  ARI=0.5354  1.8s

=== P1L_S4_C3 train[0] k=5  frames=122  σ=0.25 ===
  SSC-TV-L21: ACC=0.8033  NMI=0.8652  ARI=0.7354  1.1s
  BDOSC: ACC=0.7131  NMI=0.7806  ARI=0.6650  1.3s
  TKSS: ACC=0.7541  NMI=0.8365  ARI=0.6962  1.4s

=== P1L_S4_C3 train[1] k=5  frames=152  σ=0.25 ===
  SSC-TV-L21: ACC=0.9868  NMI=0.9666  ARI=0.9589  1.7s
  BDOSC: ACC=0.8947  NMI=0.8419  ARI=0.7718  2.1s
  TKSS: ACC=0.9868  NMI=0.9617  ARI=0.9617  0.6s

=== P1L_S4_C3 train[2] k=5  frames=130  σ=0.25 ===
  SSC-TV-L21: ACC=0.7385  NMI=0.8482  ARI=0.7121  1.3s
  BDOSC: ACC=0.8462  NMI=0.7622  ARI=0.6747  1.5s
  TKSS: ACC=0.7385  NMI=0.8471  ARI=0.7084  0.9s

=== P1L_S4_C3 train[3] k=5  frames=136  σ=0.25 ===
  SSC-TV-L21: ACC=0.7206  NMI=0.8382  ARI=0.6896  1.3s
  BDOSC: ACC=0.9632  NMI=0.9052  ARI=0.9051  1.6s
  TKSS: ACC=0.9559  NMI=0.9060  ARI=0.8958  0.9s

=== P1E_S1_C1 test[0] k=5  frames=234  σ=0.25 ===
  SSC-TV-L21: ACC=0.9274  NMI=0.9036  ARI=0.8332  4.2s
  BDOSC: ACC=0.8675  NMI=0.7894  ARI=0.7088  4.7s
  TKSS: ACC=0.8761  NMI=0.7928  ARI=0.7294  3.1s

=== P1E_S1_C2 test[0] k=5  frames=120  σ=0.25 ===
  SSC-TV-L21: ACC=0.8000  NMI=0.8659  ARI=0.7576  1.1s
  BDOSC: ACC=0.6333  NMI=0.6588  ARI=0.4730  1.3s
  TKSS: ACC=0.6333  NMI=0.6665  ARI=0.4519  1.1s

=== P1E_S1_C3 test[0] k=5  frames=104  σ=0.25 ===
  SSC-TV-L21: ACC=0.9712  NMI=0.9269  ARI=0.9261  0.9s
  BDOSC: ACC=0.9423  NMI=0.8723  ARI=0.8625  1.1s
  TKSS: ACC=0.9519  NMI=0.9147  ARI=0.8969  0.5s

=== P1E_S2_C1 test[0] k=5  frames=137  σ=0.25 ===
  SSC-TV-L21: ACC=0.8248  NMI=0.7982  ARI=0.6602  1.4s
  BDOSC: ACC=0.6715  NMI=0.7447  ARI=0.5567  1.7s
  TKSS: ACC=0.7956  NMI=0.7351  ARI=0.6068  0.6s

=== P1E_S2_C2 test[0] k=5  frames=179  σ=0.25 ===
  SSC-TV-L21: ACC=0.9441  NMI=0.8872  ARI=0.8640  2.3s
  BDOSC: ACC=0.6648  NMI=0.7311  ARI=0.5932  2.8s
  TKSS: ACC=0.8659  NMI=0.8535  ARI=0.7992  2.0s

=== P1E_S2_C3 test[0] k=5  frames=139  σ=0.25 ===
  SSC-TV-L21: ACC=0.9784  NMI=0.9452  ARI=0.9423  1.5s
  BDOSC: ACC=0.8058  NMI=0.7712  ARI=0.6614  1.7s
  TKSS: ACC=0.9640  NMI=0.9231  ARI=0.9056  1.0s

=== P1E_S3_C1 test[0] k=5  frames=181  σ=0.25 ===
  SSC-TV-L21: ACC=0.9006  NMI=0.8568  ARI=0.8113  2.3s
  BDOSC: ACC=0.9503  NMI=0.8872  ARI=0.8864  2.9s
  TKSS: ACC=0.7403  NMI=0.6569  ARI=0.5154  1.6s

=== P1E_S3_C2 test[0] k=5  frames=153  σ=0.25 ===
  SSC-TV-L21: ACC=0.9346  NMI=0.8896  ARI=0.8236  1.7s
  BDOSC: ACC=0.8105  NMI=0.7378  ARI=0.5954  2.1s
  TKSS: ACC=0.9281  NMI=0.8641  ARI=0.8187  1.3s

=== P1E_S3_C3 test[0] k=5  frames=120  σ=0.25 ===
  SSC-TV-L21: ACC=0.9917  NMI=0.9766  ARI=0.9783  1.1s
  BDOSC: ACC=0.5833  NMI=0.6965  ARI=0.5001  1.3s
  TKSS: ACC=0.8917  NMI=0.8684  ARI=0.7909  0.5s

=== P1E_S4_C1 test[0] k=5  frames=125  σ=0.25 ===
  SSC-TV-L21: ACC=0.8400  NMI=0.8481  ARI=0.7104  1.2s
  BDOSC: ACC=0.7600  NMI=0.7706  ARI=0.6520  1.4s
  TKSS: ACC=0.8000  NMI=0.8023  ARI=0.7030  0.5s

=== P1E_S4_C2 test[0] k=5  frames=163  σ=0.25 ===
  SSC-TV-L21: ACC=0.6933  NMI=0.8098  ARI=0.6157  1.7s
  BDOSC: ACC=0.9141  NMI=0.8523  ARI=0.8109  2.3s
  TKSS: ACC=0.9693  NMI=0.9244  ARI=0.9282  1.4s

=== P1E_S4_C3 test[0] k=5  frames=118  σ=0.25 ===
  SSC-TV-L21: ACC=0.9407  NMI=0.8989  ARI=0.8677  1.1s
  BDOSC: ACC=0.6356  NMI=0.6769  ARI=0.5100  1.3s
  TKSS: ACC=0.8983  NMI=0.8386  ARI=0.7872  1.2s

=== P1L_S1_C1 test[0] k=5  frames=153  σ=0.25 ===
  SSC-TV-L21: ACC=0.5948  NMI=0.7400  ARI=0.5231  1.6s
  BDOSC: ACC=0.6732  NMI=0.7180  ARI=0.5707  2.1s
  TKSS: ACC=0.6275  NMI=0.6760  ARI=0.4886  0.8s

=== P1L_S1_C2 test[0] k=5  frames=188  σ=0.25 ===
  SSC-TV-L21: ACC=0.9415  NMI=0.9161  ARI=0.8627  2.3s
  BDOSC: ACC=0.8085  NMI=0.7283  ARI=0.6150  3.1s
  TKSS: ACC=0.7660  NMI=0.7393  ARI=0.6213  2.4s

=== P1L_S1_C3 test[0] k=5  frames=118  σ=0.25 ===
  SSC-TV-L21: ACC=0.9915  NMI=0.9772  ARI=0.9760  1.1s
  BDOSC: ACC=0.9407  NMI=0.8968  ARI=0.8658  1.3s
  TKSS: ACC=0.9746  NMI=0.9346  ARI=0.9396  0.6s

=== P1L_S2_C1 test[0] k=5  frames=190  σ=0.25 ===
  SSC-TV-L21: ACC=0.8211  NMI=0.9004  ARI=0.8530  2.4s
  BDOSC: ACC=0.8579  NMI=0.7644  ARI=0.7278  3.1s
  TKSS: ACC=0.8105  NMI=0.8492  ARI=0.7715  1.2s

=== P1L_S2_C2 test[0] k=5  frames=127  σ=0.25 ===
  SSC-TV-L21: ACC=0.7480  NMI=0.8840  ARI=0.7930  1.2s
  BDOSC: ACC=0.6693  NMI=0.6504  ARI=0.4492  1.5s
  TKSS: ACC=0.7008  NMI=0.7751  ARI=0.6364  1.2s

=== P1L_S2_C3 test[0] k=5  frames=148  σ=0.25 ===
  SSC-TV-L21: ACC=0.9865  NMI=0.9692  ARI=0.9689  1.6s
  BDOSC: ACC=0.8986  NMI=0.8129  ARI=0.7662  1.9s
  TKSS: ACC=0.9932  NMI=0.9816  ARI=0.9844  0.6s

=== P1L_S3_C1 test[0] k=5  frames=200  σ=0.25 ===
  SSC-TV-L21: ACC=0.8700  NMI=0.8784  ARI=0.7698  2.6s
  BDOSC: ACC=0.8600  NMI=0.7881  ARI=0.7201  3.5s
  TKSS: ACC=0.9250  NMI=0.8844  ARI=0.8269  1.3s

=== P1L_S3_C2 test[0] k=5  frames=201  σ=0.25 ===
  SSC-TV-L21: ACC=0.9950  NMI=0.9861  ARI=0.9913  2.6s
  BDOSC: ACC=0.6816  NMI=0.6799  ARI=0.5142  3.5s
  TKSS: ACC=0.7562  NMI=0.6788  ARI=0.5747  2.5s

=== P1L_S3_C3 test[0] k=5  frames=162  σ=0.25 ===
  SSC-TV-L21: ACC=0.8272  NMI=0.8678  ARI=0.7891  1.9s
  BDOSC: ACC=0.7716  NMI=0.7594  ARI=0.5928  2.3s
  TKSS: ACC=0.7716  NMI=0.7513  ARI=0.5914  0.9s

=== P1L_S4_C1 test[0] k=5  frames=152  σ=0.25 ===
  SSC-TV-L21: ACC=0.7632  NMI=0.8213  ARI=0.7104  1.6s
  BDOSC: ACC=0.7566  NMI=0.7943  ARI=0.7024  2.1s
  TKSS: ACC=0.7697  NMI=0.8359  ARI=0.7476  1.6s

=== P1L_S4_C2 test[0] k=5  frames=241  σ=0.25 ===
  SSC-TV-L21: ACC=0.6515  NMI=0.7618  ARI=0.6255  4.5s
  BDOSC: ACC=0.5851  NMI=0.6347  ARI=0.4391  5.0s
  TKSS: ACC=0.8299  NMI=0.7689  ARI=0.6892  5.1s

=== P1L_S4_C3 test[0] k=5  frames=164  σ=0.25 ===
  SSC-TV-L21: ACC=0.9939  NMI=0.9827  ARI=0.9842  1.9s
  BDOSC: ACC=0.9573  NMI=0.8992  ARI=0.9009  2.4s
  TKSS: ACC=0.9451  NMI=0.8927  ARI=0.8733  0.8s

=== P1E_S1_C1 train[0] k=5  frames=191  σ=0.5 ===
  SSC-TV-L21: ACC=0.9058  NMI=0.8837  ARI=0.7781  2.4s
  BDOSC: ACC=0.6702  NMI=0.6705  ARI=0.5146  3.2s
  TKSS: ACC=0.8115  NMI=0.7225  ARI=0.6051  2.5s

=== P1E_S1_C1 train[1] k=5  frames=145  σ=0.5 ===
  SSC-TV-L21: ACC=0.7724  NMI=0.7899  ARI=0.6609  1.5s
  BDOSC: ACC=0.6000  NMI=0.6007  ARI=0.3596  1.9s
  TKSS: ACC=0.7241  NMI=0.6963  ARI=0.5613  0.8s

=== P1E_S1_C1 train[2] k=5  frames=169  σ=0.5 ===
  SSC-TV-L21: ACC=0.5799  NMI=0.6892  ARI=0.4808  2.0s
  BDOSC: ACC=0.5680  NMI=0.6442  ARI=0.4439  2.6s
  TKSS: ACC=0.6213  NMI=0.6412  ARI=0.4518  1.3s

=== P1E_S1_C1 train[3] k=5  frames=133  σ=0.5 ===
  SSC-TV-L21: ACC=0.8195  NMI=0.9036  ARI=0.8672  1.4s
  BDOSC: ACC=0.5564  NMI=0.6357  ARI=0.4162  1.7s
  TKSS: ACC=0.6692  NMI=0.7135  ARI=0.5775  0.5s

=== P1E_S1_C2 train[0] k=5  frames=149  σ=0.5 ===
  SSC-TV-L21: ACC=0.7919  NMI=0.8421  ARI=0.7687  1.6s
  BDOSC: ACC=0.6107  NMI=0.6531  ARI=0.4923  2.0s
  TKSS: ACC=0.7181  NMI=0.7404  ARI=0.6557  1.1s

=== P1E_S1_C2 train[1] k=5  frames=106  σ=0.5 ===
  SSC-TV-L21: ACC=0.9151  NMI=0.8879  ARI=0.7988  1.0s
  BDOSC: ACC=0.4528  NMI=0.5375  ARI=0.2291  1.1s
  TKSS: ACC=0.5943  NMI=0.6912  ARI=0.5177  0.3s

=== P1E_S1_C2 train[2] k=5  frames=194  σ=0.5 ===
  SSC-TV-L21: ACC=0.8144  NMI=0.7451  ARI=0.6065  2.6s
  BDOSC: ACC=0.8041  NMI=0.7238  ARI=0.6190  3.3s
  TKSS: ACC=0.8144  NMI=0.7301  ARI=0.6164  2.1s

=== P1E_S1_C2 train[3] k=5  frames=133  σ=0.5 ===
  SSC-TV-L21: ACC=0.8647  NMI=0.8561  ARI=0.7446  1.3s
  BDOSC: ACC=0.6316  NMI=0.6046  ARI=0.4289  1.7s
  TKSS: ACC=0.7594  NMI=0.7351  ARI=0.5830  0.7s

=== P1E_S1_C3 train[0] k=5  frames=98  σ=0.5 ===
  SSC-TV-L21: ACC=0.9184  NMI=0.8527  ARI=0.8164  0.9s
  BDOSC: ACC=0.5918  NMI=0.6344  ARI=0.4292  1.0s
  TKSS: ACC=0.8673  NMI=0.7754  ARI=0.7162  0.4s

=== P1E_S1_C3 train[1] k=5  frames=93  σ=0.5 ===
  SSC-TV-L21: ACC=0.9785  NMI=0.9546  ARI=0.9423  0.8s
  BDOSC: ACC=0.6774  NMI=0.7212  ARI=0.5775  0.9s
  TKSS: ACC=0.7634  NMI=0.7521  ARI=0.6334  0.1s

=== P1E_S1_C3 train[2] k=5  frames=68  σ=0.5 ===
  SSC-TV-L21: ACC=0.8971  NMI=0.8753  ARI=0.8203  0.6s
  BDOSC: ACC=0.6324  NMI=0.6614  ARI=0.4671  0.6s
  TKSS: ACC=0.8235  NMI=0.7526  ARI=0.6530  0.1s

=== P1E_S1_C3 train[3] k=5  frames=87  σ=0.5 ===
  SSC-TV-L21: ACC=0.9540  NMI=0.9088  ARI=0.8856  0.8s
  BDOSC: ACC=0.6782  NMI=0.7290  ARI=0.5787  0.9s
  TKSS: ACC=0.8966  NMI=0.8132  ARI=0.7617  0.1s

=== P1E_S2_C1 train[0] k=5  frames=192  σ=0.5 ===
  SSC-TV-L21: ACC=0.9271  NMI=0.9058  ARI=0.8416  2.3s
  BDOSC: ACC=0.8958  NMI=0.8274  ARI=0.7492  3.3s
  TKSS: ACC=0.8594  NMI=0.7827  ARI=0.6848  2.5s

=== P1E_S2_C1 train[1] k=5  frames=177  σ=0.5 ===
  SSC-TV-L21: ACC=0.8249  NMI=0.8957  ARI=0.8347  2.1s
  BDOSC: ACC=0.7797  NMI=0.6920  ARI=0.5822  2.8s
  TKSS: ACC=0.7401  NMI=0.7229  ARI=0.5899  4.9s

=== P1E_S2_C1 train[2] k=5  frames=171  σ=0.5 ===
  SSC-TV-L21: ACC=0.7135  NMI=0.7907  ARI=0.6436  2.0s
  BDOSC: ACC=0.7778  NMI=0.8123  ARI=0.7047  2.7s
  TKSS: ACC=0.6491  NMI=0.6965  ARI=0.5258  2.3s

=== P1E_S2_C1 train[3] k=5  frames=146  σ=0.5 ===
  SSC-TV-L21: ACC=0.8562  NMI=0.8542  ARI=0.7287  1.5s
  BDOSC: ACC=0.8219  NMI=0.7615  ARI=0.6772  2.0s
  TKSS: ACC=0.7740  NMI=0.7115  ARI=0.5622  0.8s

=== P1E_S2_C2 train[0] k=5  frames=151  σ=0.5 ===
  SSC-TV-L21: ACC=0.7219  NMI=0.7582  ARI=0.6246  1.7s
  BDOSC: ACC=0.5497  NMI=0.6416  ARI=0.4544  2.1s
  TKSS: ACC=0.7285  NMI=0.7739  ARI=0.6693  1.6s

=== P1E_S2_C2 train[1] k=5  frames=148  σ=0.5 ===
  SSC-TV-L21: ACC=0.9730  NMI=0.9504  ARI=0.9488  1.6s
  BDOSC: ACC=0.5811  NMI=0.6232  ARI=0.3737  2.0s
  TKSS: ACC=0.7230  NMI=0.7351  ARI=0.6162  2.5s

=== P1E_S2_C2 train[2] k=5  frames=165  σ=0.5 ===
  SSC-TV-L21: ACC=0.9515  NMI=0.9250  ARI=0.8917  2.0s
  BDOSC: ACC=0.6364  NMI=0.6571  ARI=0.4814  2.5s
  TKSS: ACC=0.8606  NMI=0.7911  ARI=0.7203  1.2s

=== P1E_S2_C2 train[3] k=5  frames=172  σ=0.5 ===
  SSC-TV-L21: ACC=0.7442  NMI=0.7261  ARI=0.5719  2.0s
  BDOSC: ACC=0.7558  NMI=0.7745  ARI=0.6806  2.6s
  TKSS: ACC=0.8256  NMI=0.7604  ARI=0.6787  0.8s

=== P1E_S2_C3 train[0] k=5  frames=132  σ=0.5 ===
  SSC-TV-L21: ACC=0.8636  NMI=0.8516  ARI=0.7482  1.2s
  BDOSC: ACC=0.7273  NMI=0.6628  ARI=0.4782  1.6s
  TKSS: ACC=0.8788  NMI=0.8690  ARI=0.7767  0.5s

=== P1E_S2_C3 train[1] k=5  frames=148  σ=0.5 ===
  SSC-TV-L21: ACC=1.0000  NMI=1.0000  ARI=1.0000  1.6s
  BDOSC: ACC=0.7838  NMI=0.7195  ARI=0.5748  2.0s
  TKSS: ACC=0.9797  NMI=0.9506  ARI=0.9527  1.3s

=== P1E_S2_C3 train[2] k=5  frames=132  σ=0.5 ===
  SSC-TV-L21: ACC=0.9773  NMI=0.9427  ARI=0.9386  1.3s
  BDOSC: ACC=0.7803  NMI=0.6989  ARI=0.5587  1.6s
  TKSS: ACC=0.7121  NMI=0.6699  ARI=0.5131  0.1s

=== P1E_S2_C3 train[3] k=5  frames=153  σ=0.5 ===
  SSC-TV-L21: ACC=0.9673  NMI=0.9292  ARI=0.9229  1.7s
  BDOSC: ACC=0.6536  NMI=0.6471  ARI=0.4790  2.1s
  TKSS: ACC=0.9542  NMI=0.8944  ARI=0.8961  1.0s

=== P1E_S3_C1 train[0] k=5  frames=195  σ=0.5 ===
  SSC-TV-L21: ACC=0.9128  NMI=0.8995  ARI=0.8287  2.6s
  BDOSC: ACC=0.6051  NMI=0.6371  ARI=0.4454  3.4s
  TKSS: ACC=0.9077  NMI=0.8584  ARI=0.8041  2.4s

=== P1E_S3_C1 train[1] k=5  frames=194  σ=0.5 ===
  SSC-TV-L21: ACC=0.9278  NMI=0.9148  ARI=0.8732  2.6s
  BDOSC: ACC=0.6649  NMI=0.6653  ARI=0.5118  3.3s
  TKSS: ACC=0.8969  NMI=0.8445  ARI=0.8070  1.8s

=== P1E_S3_C1 train[2] k=5  frames=134  σ=0.5 ===
  SSC-TV-L21: ACC=0.6343  NMI=0.7535  ARI=0.5551  1.4s
  BDOSC: ACC=0.7015  NMI=0.7222  ARI=0.6156  1.6s
  TKSS: ACC=0.6343  NMI=0.7203  ARI=0.5423  0.5s

=== P1E_S3_C1 train[3] k=5  frames=180  σ=0.5 ===
  SSC-TV-L21: ACC=0.6833  NMI=0.7286  ARI=0.5788  2.2s
  BDOSC: ACC=0.7167  NMI=0.6976  ARI=0.6197  2.9s
  TKSS: ACC=0.6556  NMI=0.6940  ARI=0.5398  0.9s

=== P1E_S3_C2 train[0] k=5  frames=137  σ=0.5 ===
  SSC-TV-L21: ACC=0.7591  NMI=0.8478  ARI=0.7434  1.4s
  BDOSC: ACC=0.5912  NMI=0.6857  ARI=0.4923  1.7s
  TKSS: ACC=0.7518  NMI=0.7726  ARI=0.6751  0.7s

=== P1E_S3_C2 train[1] k=5  frames=181  σ=0.5 ===
  SSC-TV-L21: ACC=0.7127  NMI=0.7857  ARI=0.6205  2.3s
  BDOSC: ACC=0.6740  NMI=0.7296  ARI=0.5503  2.9s
  TKSS: ACC=0.8785  NMI=0.7926  ARI=0.7666  3.2s

=== P1E_S3_C2 train[2] k=5  frames=202  σ=0.5 ===
  SSC-TV-L21: ACC=0.7921  NMI=0.8448  ARI=0.7309  2.7s
  BDOSC: ACC=0.7673  NMI=0.7746  ARI=0.6945  3.6s
  TKSS: ACC=0.7327  NMI=0.7270  ARI=0.5782  4.7s

=== P1E_S3_C2 train[3] k=5  frames=179  σ=0.5 ===
  SSC-TV-L21: ACC=0.6927  NMI=0.7470  ARI=0.5540  2.3s
  BDOSC: ACC=0.6872  NMI=0.6942  ARI=0.6156  2.9s
  TKSS: ACC=0.6927  NMI=0.7770  ARI=0.6494  1.8s

=== P1E_S3_C3 train[0] k=5  frames=158  σ=0.5 ===
  SSC-TV-L21: ACC=0.9873  NMI=0.9697  ARI=0.9666  1.8s
  BDOSC: ACC=0.9051  NMI=0.8709  ARI=0.7982  2.2s
  TKSS: ACC=0.9557  NMI=0.8948  ARI=0.8909  1.0s

=== P1E_S3_C3 train[1] k=5  frames=122  σ=0.5 ===
  SSC-TV-L21: ACC=1.0000  NMI=1.0000  ARI=1.0000  1.2s
  BDOSC: ACC=0.5738  NMI=0.7066  ARI=0.5063  1.4s
  TKSS: ACC=0.8689  NMI=0.8483  ARI=0.7767  0.5s

=== P1E_S3_C3 train[2] k=5  frames=157  σ=0.5 ===
  SSC-TV-L21: ACC=0.6051  NMI=0.7542  ARI=0.5457  1.8s
  BDOSC: ACC=0.6178  NMI=0.6669  ARI=0.4640  2.3s
  TKSS: ACC=0.7707  NMI=0.7433  ARI=0.5955  0.8s

=== P1E_S3_C3 train[3] k=5  frames=167  σ=0.5 ===
  SSC-TV-L21: ACC=0.7665  NMI=0.8734  ARI=0.7483  2.0s
  BDOSC: ACC=0.8862  NMI=0.8003  ARI=0.7503  2.5s
  TKSS: ACC=0.6946  NMI=0.7778  ARI=0.6527  6.0s

=== P1E_S4_C1 train[0] k=5  frames=164  σ=0.5 ===
  SSC-TV-L21: ACC=0.8537  NMI=0.8315  ARI=0.7730  1.8s
  BDOSC: ACC=0.8049  NMI=0.7772  ARI=0.7021  2.4s
  TKSS: ACC=0.7927  NMI=0.7293  ARI=0.6217  1.3s

=== P1E_S4_C1 train[1] k=5  frames=159  σ=0.5 ===
  SSC-TV-L21: ACC=0.8050  NMI=0.8839  ARI=0.7845  1.9s
  BDOSC: ACC=0.7925  NMI=0.7376  ARI=0.6411  2.3s
  TKSS: ACC=0.5849  NMI=0.6344  ARI=0.4569  0.4s

=== P1E_S4_C1 train[2] k=5  frames=182  σ=0.5 ===
  SSC-TV-L21: ACC=0.9176  NMI=0.9041  ARI=0.8558  2.3s
  BDOSC: ACC=0.5879  NMI=0.6158  ARI=0.4257  3.0s
  TKSS: ACC=0.7582  NMI=0.7174  ARI=0.5998  1.1s

=== P1E_S4_C1 train[3] k=5  frames=196  σ=0.5 ===
  SSC-TV-L21: ACC=0.6276  NMI=0.7623  ARI=0.5715  2.6s
  BDOSC: ACC=0.6939  NMI=0.7024  ARI=0.5592  3.5s
  TKSS: ACC=0.8724  NMI=0.7918  ARI=0.7104  2.3s

=== P1E_S4_C2 train[0] k=5  frames=170  σ=0.5 ===
  SSC-TV-L21: ACC=0.9412  NMI=0.9053  ARI=0.8694  1.9s
  BDOSC: ACC=0.6765  NMI=0.6625  ARI=0.4761  2.6s
  TKSS: ACC=0.8941  NMI=0.8269  ARI=0.7730  1.5s

=== P1E_S4_C2 train[1] k=5  frames=121  σ=0.5 ===
  SSC-TV-L21: ACC=0.8512  NMI=0.8062  ARI=0.6809  1.2s
  BDOSC: ACC=0.4380  NMI=0.5244  ARI=0.2257  1.4s
  TKSS: ACC=0.6612  NMI=0.7191  ARI=0.5748  0.1s

=== P1E_S4_C2 train[2] k=5  frames=182  σ=0.5 ===
  SSC-TV-L21: ACC=1.0000  NMI=1.0000  ARI=1.0000  2.2s
  BDOSC: ACC=0.6923  NMI=0.6306  ARI=0.4199  2.9s
  TKSS: ACC=0.9121  NMI=0.8437  ARI=0.7889  2.0s

=== P1E_S4_C2 train[3] k=5  frames=155  σ=0.5 ===
  SSC-TV-L21: ACC=0.7419  NMI=0.8765  ARI=0.7597  1.8s
  BDOSC: ACC=0.5935  NMI=0.6156  ARI=0.4003  2.2s
  TKSS: ACC=0.7161  NMI=0.7902  ARI=0.6789  0.7s

=== P1E_S4_C3 train[0] k=5  frames=132  σ=0.5 ===
  SSC-TV-L21: ACC=0.9242  NMI=0.8560  ARI=0.8135  1.2s
  BDOSC: ACC=0.7045  NMI=0.6357  ARI=0.4279  1.6s
  TKSS: ACC=0.9015  NMI=0.8456  ARI=0.7804  0.6s

=== P1E_S4_C3 train[1] k=5  frames=138  σ=0.5 ===
  SSC-TV-L21: ACC=0.9855  NMI=0.9671  ARI=0.9639  1.4s
  BDOSC: ACC=0.7681  NMI=0.6928  ARI=0.5491  1.7s
  TKSS: ACC=0.9420  NMI=0.8752  ARI=0.8585  0.6s

=== P1E_S4_C3 train[2] k=5  frames=147  σ=0.5 ===
  SSC-TV-L21: ACC=0.9728  NMI=0.9374  ARI=0.9321  1.6s
  BDOSC: ACC=0.7619  NMI=0.6938  ARI=0.5581  2.0s
  TKSS: ACC=0.9592  NMI=0.9006  ARI=0.8986  0.3s

=== P1E_S4_C3 train[3] k=5  frames=85  σ=0.5 ===
  SSC-TV-L21: ACC=0.9647  NMI=0.9391  ARI=0.9172  0.7s
  BDOSC: ACC=0.7412  NMI=0.6989  ARI=0.5226  0.8s
  TKSS: ACC=0.8941  NMI=0.8303  ARI=0.7594  0.2s

=== P1L_S1_C1 train[0] k=5  frames=157  σ=0.5 ===
  SSC-TV-L21: ACC=0.7006  NMI=0.7479  ARI=0.5409  1.6s
  BDOSC: ACC=0.5732  NMI=0.5958  ARI=0.3672  2.2s
  TKSS: ACC=0.7134  NMI=0.7158  ARI=0.5250  1.2s

=== P1L_S1_C1 train[1] k=5  frames=111  σ=0.5 ===
  SSC-TV-L21: ACC=0.8829  NMI=0.8912  ARI=0.8156  1.1s
  BDOSC: ACC=0.6306  NMI=0.7088  ARI=0.5159  1.2s
  TKSS: ACC=0.8018  NMI=0.8076  ARI=0.7049  0.8s

=== P1L_S1_C1 train[2] k=5  frames=142  σ=0.5 ===
  SSC-TV-L21: ACC=1.0000  NMI=1.0000  ARI=1.0000  1.5s
  BDOSC: ACC=0.8592  NMI=0.7583  ARI=0.6847  1.8s
  TKSS: ACC=0.6901  NMI=0.7400  ARI=0.6224  2.3s

=== P1L_S1_C1 train[3] k=5  frames=178  σ=0.5 ===
  SSC-TV-L21: ACC=1.0000  NMI=1.0000  ARI=1.0000  2.2s
  BDOSC: ACC=0.7360  NMI=0.7109  ARI=0.5804  2.8s
  TKSS: ACC=0.8258  NMI=0.8036  ARI=0.7358  1.3s

=== P1L_S1_C2 train[0] k=5  frames=243  σ=0.5 ===
  SSC-TV-L21: ACC=0.9259  NMI=0.8902  ARI=0.8359  3.6s
  BDOSC: ACC=0.6337  NMI=0.6746  ARI=0.5177  4.7s
  TKSS: ACC=0.9465  NMI=0.8920  ARI=0.8753  1.7s

=== P1L_S1_C2 train[1] k=5  frames=131  σ=0.5 ===
  SSC-TV-L21: ACC=0.7405  NMI=0.8626  ARI=0.7071  1.3s
  BDOSC: ACC=0.6794  NMI=0.7060  ARI=0.5669  1.6s
  TKSS: ACC=0.9313  NMI=0.8698  ARI=0.8594  1.2s

=== P1L_S1_C2 train[2] k=5  frames=141  σ=0.5 ===
  SSC-TV-L21: ACC=0.8936  NMI=0.8758  ARI=0.7640  1.5s
  BDOSC: ACC=0.8298  NMI=0.7503  ARI=0.6829  1.8s
  TKSS: ACC=0.7021  NMI=0.7418  ARI=0.6128  1.1s

=== P1L_S1_C2 train[3] k=5  frames=184  σ=0.5 ===
  SSC-TV-L21: ACC=0.7174  NMI=0.7811  ARI=0.6623  2.2s
  BDOSC: ACC=0.5435  NMI=0.6378  ARI=0.4424  3.0s
  TKSS: ACC=0.7228  NMI=0.7659  ARI=0.6532  1.8s

=== P1L_S1_C3 train[0] k=5  frames=108  σ=0.5 ===
  SSC-TV-L21: ACC=0.9167  NMI=0.9006  ARI=0.8232  1.0s
  BDOSC: ACC=0.6574  NMI=0.6834  ARI=0.5098  1.1s
  TKSS: ACC=0.9074  NMI=0.8529  ARI=0.7966  0.4s

=== P1L_S1_C3 train[1] k=5  frames=105  σ=0.5 ===
  SSC-TV-L21: ACC=0.8952  NMI=0.8880  ARI=0.7860  1.0s
  BDOSC: ACC=0.8857  NMI=0.7985  ARI=0.7292  1.1s
  TKSS: ACC=0.8476  NMI=0.8169  ARI=0.6989  0.8s

=== P1L_S1_C3 train[2] k=5  frames=113  σ=0.5 ===
  SSC-TV-L21: ACC=0.8850  NMI=0.8392  ARI=0.7465  1.0s
  BDOSC: ACC=0.6549  NMI=0.6457  ARI=0.4555  1.3s
  TKSS: ACC=0.8584  NMI=0.7961  ARI=0.7063  0.6s

=== P1L_S1_C3 train[3] k=5  frames=90  σ=0.5 ===
  SSC-TV-L21: ACC=0.8778  NMI=0.8830  ARI=0.7821  0.8s
  BDOSC: ACC=0.7222  NMI=0.6767  ARI=0.5071  0.9s
  TKSS: ACC=0.7778  NMI=0.7138  ARI=0.5721  0.1s

=== P1L_S2_C1 train[0] k=5  frames=177  σ=0.5 ===
  SSC-TV-L21: ACC=0.9661  NMI=0.9399  ARI=0.9175  2.0s
  BDOSC: ACC=0.6497  NMI=0.7155  ARI=0.5552  2.6s
  TKSS: ACC=0.8983  NMI=0.8531  ARI=0.7931  2.0s

=== P1L_S2_C1 train[1] k=5  frames=191  σ=0.5 ===
  SSC-TV-L21: ACC=1.0000  NMI=1.0000  ARI=1.0000  2.5s
  BDOSC: ACC=0.6492  NMI=0.6650  ARI=0.4735  3.1s
  TKSS: ACC=0.7749  NMI=0.7816  ARI=0.6475  1.5s

=== P1L_S2_C1 train[2] k=5  frames=234  σ=0.5 ===
  SSC-TV-L21: ACC=0.7564  NMI=0.8638  ARI=0.7532  4.2s
  BDOSC: ACC=0.8504  NMI=0.7889  ARI=0.6988  4.6s
  TKSS: ACC=0.9359  NMI=0.8745  ARI=0.8613  1.6s

=== P1L_S2_C1 train[3] k=5  frames=157  σ=0.5 ===
  SSC-TV-L21: ACC=0.7006  NMI=0.7742  ARI=0.6198  1.8s
  BDOSC: ACC=0.5796  NMI=0.6297  ARI=0.4468  2.3s
  TKSS: ACC=0.6497  NMI=0.6933  ARI=0.5288  1.2s

=== P1L_S2_C2 train[0] k=5  frames=220  σ=0.5 ===
  SSC-TV-L21: ACC=0.9955  NMI=0.9866  ARI=0.9894  3.0s
  BDOSC: ACC=0.6182  NMI=0.7463  ARI=0.5665  4.2s
  TKSS: ACC=0.9591  NMI=0.9090  ARI=0.9005  3.5s

=== P1L_S2_C2 train[1] k=5  frames=196  σ=0.5 ===
  SSC-TV-L21: ACC=0.9439  NMI=0.9198  ARI=0.8789  2.6s
  BDOSC: ACC=0.6786  NMI=0.6861  ARI=0.5181  3.4s
  TKSS: ACC=0.9184  NMI=0.8536  ARI=0.8151  4.6s

=== P1L_S2_C2 train[2] k=5  frames=166  σ=0.5 ===
  SSC-TV-L21: ACC=0.9036  NMI=0.8957  ARI=0.8505  1.9s
  BDOSC: ACC=0.5904  NMI=0.6418  ARI=0.4433  2.5s
  TKSS: ACC=0.6084  NMI=0.7196  ARI=0.5235  1.8s

=== P1L_S2_C2 train[3] k=5  frames=208  σ=0.5 ===
  SSC-TV-L21: ACC=0.9087  NMI=0.8933  ARI=0.8454  2.8s
  BDOSC: ACC=0.7644  NMI=0.6780  ARI=0.5353  3.9s
  TKSS: ACC=0.9038  NMI=0.8775  ARI=0.8304  1.1s

=== P1L_S2_C3 train[0] k=5  frames=143  σ=0.5 ===
  SSC-TV-L21: ACC=0.8881  NMI=0.8680  ARI=0.7346  1.4s
  BDOSC: ACC=0.6713  NMI=0.6879  ARI=0.5076  1.8s
  TKSS: ACC=0.8601  NMI=0.8168  ARI=0.6885  1.5s

=== P1L_S2_C3 train[1] k=5  frames=126  σ=0.5 ===
  SSC-TV-L21: ACC=0.9444  NMI=0.9350  ARI=0.9340  1.3s
  BDOSC: ACC=0.7540  NMI=0.7334  ARI=0.5555  1.5s
  TKSS: ACC=0.7698  NMI=0.8008  ARI=0.7313  0.5s

=== P1L_S2_C3 train[2] k=5  frames=115  σ=0.5 ===
  SSC-TV-L21: ACC=0.7043  NMI=0.8238  ARI=0.6462  1.1s
  BDOSC: ACC=0.8000  NMI=0.7423  ARI=0.5836  1.3s
  TKSS: ACC=0.6261  NMI=0.6917  ARI=0.5005  1.1s

=== P1L_S2_C3 train[3] k=5  frames=128  σ=0.5 ===
  SSC-TV-L21: ACC=0.6875  NMI=0.7914  ARI=0.6420  1.2s
  BDOSC: ACC=0.5781  NMI=0.6388  ARI=0.4349  1.6s
  TKSS: ACC=0.7422  NMI=0.8459  ARI=0.7724  1.2s

=== P1L_S3_C1 train[0] k=5  frames=134  σ=0.5 ===
  SSC-TV-L21: ACC=0.6642  NMI=0.7296  ARI=0.5161  1.3s
  BDOSC: ACC=0.4925  NMI=0.6174  ARI=0.3801  1.6s
  TKSS: ACC=0.5821  NMI=0.7042  ARI=0.5239  0.5s

=== P1L_S3_C1 train[1] k=5  frames=156  σ=0.5 ===
  SSC-TV-L21: ACC=1.0000  NMI=1.0000  ARI=1.0000  1.7s
  BDOSC: ACC=0.7051  NMI=0.7837  ARI=0.7016  2.2s
  TKSS: ACC=0.7436  NMI=0.8400  ARI=0.7439  2.1s

=== P1L_S3_C1 train[2] k=5  frames=158  σ=0.5 ===
  SSC-TV-L21: ACC=0.7468  NMI=0.7977  ARI=0.6590  1.8s
  BDOSC: ACC=0.7848  NMI=0.7139  ARI=0.5905  2.2s
  TKSS: ACC=0.8228  NMI=0.7600  ARI=0.7133  1.5s

=== P1L_S3_C1 train[3] k=5  frames=127  σ=0.5 ===
  SSC-TV-L21: ACC=0.8346  NMI=0.7995  ARI=0.6698  1.2s
  BDOSC: ACC=0.6929  NMI=0.7189  ARI=0.5376  1.5s
  TKSS: ACC=0.8504  NMI=0.7581  ARI=0.6646  1.2s

=== P1L_S3_C2 train[0] k=5  frames=239  σ=0.5 ===
  SSC-TV-L21: ACC=0.9623  NMI=0.9283  ARI=0.9249  4.3s
  BDOSC: ACC=0.6276  NMI=0.6870  ARI=0.5427  5.0s
  TKSS: ACC=0.9205  NMI=0.8693  ARI=0.8364  2.9s

=== P1L_S3_C2 train[1] k=5  frames=143  σ=0.5 ===
  SSC-TV-L21: ACC=0.7902  NMI=0.8734  ARI=0.7617  1.5s
  BDOSC: ACC=0.7552  NMI=0.8001  ARI=0.6934  1.9s
  TKSS: ACC=0.8741  NMI=0.7882  ARI=0.7392  0.6s

=== P1L_S3_C2 train[2] k=5  frames=257  σ=0.5 ===
  SSC-TV-L21: ACC=0.9767  NMI=0.9555  ARI=0.9493  4.7s
  BDOSC: ACC=0.6148  NMI=0.6701  ARI=0.5084  5.9s
  TKSS: ACC=0.9533  NMI=0.9056  ARI=0.8934  3.4s

=== P1L_S3_C2 train[3] k=5  frames=187  σ=0.5 ===
  SSC-TV-L21: ACC=0.9305  NMI=0.9208  ARI=0.8985  2.4s
  BDOSC: ACC=0.7861  NMI=0.7169  ARI=0.6145  3.1s
  TKSS: ACC=0.7540  NMI=0.8250  ARI=0.7233  3.9s

=== P1L_S3_C3 train[0] k=5  frames=151  σ=0.5 ===
  SSC-TV-L21: ACC=0.8212  NMI=0.8928  ARI=0.8178  1.6s
  BDOSC: ACC=0.6490  NMI=0.7322  ARI=0.6043  2.0s
  TKSS: ACC=0.8079  NMI=0.7658  ARI=0.6946  1.3s

=== P1L_S3_C3 train[1] k=5  frames=180  σ=0.5 ===
  SSC-TV-L21: ACC=1.0000  NMI=1.0000  ARI=1.0000  2.2s
  BDOSC: ACC=0.6444  NMI=0.6930  ARI=0.5112  2.8s
  TKSS: ACC=0.9833  NMI=0.9568  ARI=0.9598  1.7s

=== P1L_S3_C3 train[2] k=5  frames=139  σ=0.5 ===
  SSC-TV-L21: ACC=0.8705  NMI=0.8484  ARI=0.8163  1.4s
  BDOSC: ACC=0.6835  NMI=0.7435  ARI=0.6188  1.8s
  TKSS: ACC=0.6763  NMI=0.7921  ARI=0.6567  0.8s

=== P1L_S3_C3 train[3] k=5  frames=165  σ=0.5 ===
  SSC-TV-L21: ACC=0.7758  NMI=0.8315  ARI=0.7516  2.0s
  BDOSC: ACC=0.8242  NMI=0.7816  ARI=0.6899  2.4s
  TKSS: ACC=0.6303  NMI=0.6985  ARI=0.5111  1.4s

=== P1L_S4_C1 train[0] k=5  frames=171  σ=0.5 ===
  SSC-TV-L21: ACC=0.6374  NMI=0.7155  ARI=0.4620  1.9s
  BDOSC: ACC=0.6608  NMI=0.6716  ARI=0.4832  2.6s
  TKSS: ACC=0.8129  NMI=0.7831  ARI=0.6782  3.3s

=== P1L_S4_C1 train[1] k=5  frames=169  σ=0.5 ===
  SSC-TV-L21: ACC=1.0000  NMI=1.0000  ARI=1.0000  2.0s
  BDOSC: ACC=0.5858  NMI=0.6336  ARI=0.4206  2.6s
  TKSS: ACC=0.9822  NMI=0.9510  ARI=0.9464  3.5s

=== P1L_S4_C1 train[2] k=5  frames=164  σ=0.5 ===
  SSC-TV-L21: ACC=0.6280  NMI=0.7722  ARI=0.5836  1.9s
  BDOSC: ACC=0.7988  NMI=0.7283  ARI=0.5938  2.4s
  TKSS: ACC=0.7561  NMI=0.7515  ARI=0.6690  2.3s

=== P1L_S4_C1 train[3] k=5  frames=177  σ=0.5 ===
  SSC-TV-L21: ACC=0.7345  NMI=0.7465  ARI=0.5573  2.1s
  BDOSC: ACC=0.9774  NMI=0.9467  ARI=0.9471  2.8s
  TKSS: ACC=0.7458  NMI=0.7496  ARI=0.5658  1.6s

=== P1L_S4_C2 train[0] k=5  frames=154  σ=0.5 ===
  SSC-TV-L21: ACC=0.7922  NMI=0.8749  ARI=0.7512  1.7s
  BDOSC: ACC=0.6688  NMI=0.7162  ARI=0.5729  2.1s
  TKSS: ACC=0.7597  NMI=0.7724  ARI=0.7136  1.3s

=== P1L_S4_C2 train[1] k=5  frames=136  σ=0.5 ===
  SSC-TV-L21: ACC=0.8824  NMI=0.8593  ARI=0.7170  1.3s
  BDOSC: ACC=0.5735  NMI=0.6419  ARI=0.3964  1.7s
  TKSS: ACC=0.6765  NMI=0.7672  ARI=0.6076  0.6s

=== P1L_S4_C2 train[2] k=5  frames=169  σ=0.5 ===
  SSC-TV-L21: ACC=0.6450  NMI=0.6843  ARI=0.4941  2.0s
  BDOSC: ACC=0.6923  NMI=0.6649  ARI=0.4903  2.5s
  TKSS: ACC=0.7515  NMI=0.7610  ARI=0.6412  1.3s

=== P1L_S4_C2 train[3] k=5  frames=195  σ=0.5 ===
  SSC-TV-L21: ACC=0.7231  NMI=0.8269  ARI=0.6801  2.6s
  BDOSC: ACC=0.6769  NMI=0.6831  ARI=0.4954  3.4s
  TKSS: ACC=0.7179  NMI=0.7407  ARI=0.5423  4.5s

=== P1L_S4_C3 train[0] k=5  frames=122  σ=0.5 ===
  SSC-TV-L21: ACC=0.7951  NMI=0.8639  ARI=0.7307  1.1s
  BDOSC: ACC=0.6721  NMI=0.6692  ARI=0.4844  1.4s
  TKSS: ACC=0.7459  NMI=0.8156  ARI=0.6808  1.3s

=== P1L_S4_C3 train[1] k=5  frames=152  σ=0.5 ===
  SSC-TV-L21: ACC=1.0000  NMI=1.0000  ARI=1.0000  1.5s
  BDOSC: ACC=0.7961  NMI=0.7777  ARI=0.5993  2.1s
  TKSS: ACC=0.9934  NMI=0.9804  ARI=0.9792  1.0s

=== P1L_S4_C3 train[2] k=5  frames=130  σ=0.5 ===
  SSC-TV-L21: ACC=0.7462  NMI=0.8691  ARI=0.7300  1.3s
  BDOSC: ACC=0.8846  NMI=0.7949  ARI=0.7712  1.6s
  TKSS: ACC=0.7538  NMI=0.8347  ARI=0.7156  1.4s

=== P1L_S4_C3 train[3] k=5  frames=136  σ=0.5 ===
  SSC-TV-L21: ACC=0.9926  NMI=0.9799  ARI=0.9821  1.3s
  BDOSC: ACC=0.6544  NMI=0.6304  ARI=0.4270  1.7s
  TKSS: ACC=0.9412  NMI=0.8825  ARI=0.8633  1.3s

=== P1E_S1_C1 test[0] k=5  frames=234  σ=0.5 ===
  SSC-TV-L21: ACC=0.9231  NMI=0.9007  ARI=0.8259  4.2s
  BDOSC: ACC=0.5299  NMI=0.6220  ARI=0.4226  4.7s
  TKSS: ACC=0.8932  NMI=0.8227  ARI=0.7525  4.4s

=== P1E_S1_C2 test[0] k=5  frames=120  σ=0.5 ===
  SSC-TV-L21: ACC=0.8833  NMI=0.8663  ARI=0.8321  1.1s
  BDOSC: ACC=0.6583  NMI=0.6197  ARI=0.4059  1.3s
  TKSS: ACC=0.6917  NMI=0.6802  ARI=0.5113  0.1s

=== P1E_S1_C3 test[0] k=5  frames=104  σ=0.5 ===
  SSC-TV-L21: ACC=0.9327  NMI=0.8554  ARI=0.8352  0.9s
  BDOSC: ACC=0.8654  NMI=0.7939  ARI=0.7043  1.1s
  TKSS: ACC=0.9327  NMI=0.8985  ARI=0.8625  0.6s

=== P1E_S2_C1 test[0] k=5  frames=137  σ=0.5 ===
  SSC-TV-L21: ACC=0.8248  NMI=0.7982  ARI=0.6602  1.4s
  BDOSC: ACC=0.6350  NMI=0.7008  ARI=0.5008  1.7s
  TKSS: ACC=0.7956  NMI=0.7360  ARI=0.6049  0.7s

=== P1E_S2_C2 test[0] k=5  frames=179  σ=0.5 ===
  SSC-TV-L21: ACC=0.9609  NMI=0.9306  ARI=0.9005  2.2s
  BDOSC: ACC=0.5587  NMI=0.6468  ARI=0.4504  2.8s
  TKSS: ACC=0.8268  NMI=0.7657  ARI=0.6908  3.6s

=== P1E_S2_C3 test[0] k=5  frames=139  σ=0.5 ===
  SSC-TV-L21: ACC=0.9784  NMI=0.9452  ARI=0.9423  1.4s
  BDOSC: ACC=0.6835  NMI=0.6505  ARI=0.4620  1.8s
  TKSS: ACC=0.9065  NMI=0.8507  ARI=0.8118  1.1s

=== P1E_S3_C1 test[0] k=5  frames=181  σ=0.5 ===
  SSC-TV-L21: ACC=0.8895  NMI=0.8505  ARI=0.7946  2.3s
  BDOSC: ACC=0.6740  NMI=0.7663  ARI=0.6230  3.0s
  TKSS: ACC=0.7901  NMI=0.7213  ARI=0.6064  0.9s

=== P1E_S3_C2 test[0] k=5  frames=153  σ=0.5 ===
  SSC-TV-L21: ACC=0.9346  NMI=0.8896  ARI=0.8236  1.7s
  BDOSC: ACC=0.5882  NMI=0.6406  ARI=0.4123  2.1s
  TKSS: ACC=0.8824  NMI=0.7916  ARI=0.7230  1.6s

=== P1E_S3_C3 test[0] k=5  frames=120  σ=0.5 ===
  SSC-TV-L21: ACC=0.9833  NMI=0.9535  ARI=0.9583  1.1s
  BDOSC: ACC=0.5833  NMI=0.6105  ARI=0.3800  1.3s
  TKSS: ACC=0.8750  NMI=0.8425  ARI=0.7575  1.3s

=== P1E_S4_C1 test[0] k=5  frames=125  σ=0.5 ===
  SSC-TV-L21: ACC=0.7760  NMI=0.8285  ARI=0.7006  1.2s
  BDOSC: ACC=0.6320  NMI=0.6135  ARI=0.3923  1.4s
  TKSS: ACC=0.8000  NMI=0.8094  ARI=0.6980  0.5s

=== P1E_S4_C2 test[0] k=5  frames=163  σ=0.5 ===
  SSC-TV-L21: ACC=0.8896  NMI=0.8545  ARI=0.7526  1.9s
  BDOSC: ACC=0.6135  NMI=0.6733  ARI=0.4656  2.4s
  TKSS: ACC=0.9325  NMI=0.8581  ARI=0.8485  2.2s

=== P1E_S4_C3 test[0] k=5  frames=118  σ=0.5 ===
  SSC-TV-L21: ACC=0.6695  NMI=0.7926  ARI=0.6469  1.1s
  BDOSC: ACC=0.4915  NMI=0.5930  ARI=0.3229  1.3s
  TKSS: ACC=0.7288  NMI=0.6988  ARI=0.5642  0.5s

=== P1L_S1_C1 test[0] k=5  frames=153  σ=0.5 ===
  SSC-TV-L21: ACC=0.5948  NMI=0.7400  ARI=0.5231  1.7s
  BDOSC: ACC=0.6797  NMI=0.6756  ARI=0.5678  2.1s
  TKSS: ACC=0.5686  NMI=0.6747  ARI=0.4997  0.3s

=== P1L_S1_C2 test[0] k=5  frames=188  σ=0.5 ===
  SSC-TV-L21: ACC=0.9415  NMI=0.9161  ARI=0.8627  2.3s
  BDOSC: ACC=0.5798  NMI=0.6828  ARI=0.4549  3.1s
  TKSS: ACC=0.9787  NMI=0.9388  ARI=0.9465  1.2s

=== P1L_S1_C3 test[0] k=5  frames=118  σ=0.5 ===
  SSC-TV-L21: ACC=0.9915  NMI=0.9772  ARI=0.9760  1.1s
  BDOSC: ACC=0.6610  NMI=0.7225  ARI=0.5798  1.3s
  TKSS: ACC=0.9322  NMI=0.8599  ARI=0.8516  0.7s

=== P1L_S2_C1 test[0] k=5  frames=190  σ=0.5 ===
  SSC-TV-L21: ACC=0.9526  NMI=0.9431  ARI=0.9519  2.4s
  BDOSC: ACC=0.6632  NMI=0.6202  ARI=0.4477  3.1s
  TKSS: ACC=0.7842  NMI=0.8199  ARI=0.7316  1.2s

=== P1L_S2_C2 test[0] k=5  frames=127  σ=0.5 ===
  SSC-TV-L21: ACC=0.7087  NMI=0.8040  ARI=0.6694  1.2s
  BDOSC: ACC=0.6772  NMI=0.6575  ARI=0.4830  1.5s
  TKSS: ACC=0.7244  NMI=0.7518  ARI=0.6341  1.5s

=== P1L_S2_C3 test[0] k=5  frames=148  σ=0.5 ===
  SSC-TV-L21: ACC=1.0000  NMI=1.0000  ARI=1.0000  1.6s
  BDOSC: ACC=0.7432  NMI=0.7435  ARI=0.6136  2.0s
  TKSS: ACC=0.9797  NMI=0.9490  ARI=0.9469  0.9s

=== P1L_S3_C1 test[0] k=5  frames=200  σ=0.5 ===
  SSC-TV-L21: ACC=1.0000  NMI=1.0000  ARI=1.0000  2.7s
  BDOSC: ACC=0.6350  NMI=0.6185  ARI=0.4076  3.6s
  TKSS: ACC=0.9200  NMI=0.8650  ARI=0.8121  2.3s

=== P1L_S3_C2 test[0] k=5  frames=201  σ=0.5 ===
  SSC-TV-L21: ACC=0.8657  NMI=0.9040  ARI=0.8599  2.7s
  BDOSC: ACC=0.7612  NMI=0.7607  ARI=0.6799  3.6s
  TKSS: ACC=0.8507  NMI=0.8115  ARI=0.7455  5.0s

=== P1L_S3_C3 test[0] k=5  frames=162  σ=0.5 ===
  SSC-TV-L21: ACC=0.8272  NMI=0.8678  ARI=0.7891  1.8s
  BDOSC: ACC=0.7160  NMI=0.6813  ARI=0.5694  2.3s
  TKSS: ACC=0.7654  NMI=0.7387  ARI=0.5731  1.2s

=== P1L_S4_C1 test[0] k=5  frames=152  σ=0.5 ===
  SSC-TV-L21: ACC=0.7566  NMI=0.8211  ARI=0.7096  1.6s
  BDOSC: ACC=0.6513  NMI=0.5965  ARI=0.4004  2.1s
  TKSS: ACC=0.7697  NMI=0.8154  ARI=0.7257  2.5s

=== P1L_S4_C2 test[0] k=5  frames=241  σ=0.5 ===
  SSC-TV-L21: ACC=0.8921  NMI=0.8743  ARI=0.8081  4.5s
  BDOSC: ACC=0.6266  NMI=0.6894  ARI=0.5309  5.2s
  TKSS: ACC=0.8755  NMI=0.8153  ARI=0.7705  5.5s

=== P1L_S4_C3 test[0] k=5  frames=164  σ=0.5 ===
  SSC-TV-L21: ACC=0.9878  NMI=0.9707  ARI=0.9689  1.9s
  BDOSC: ACC=0.7012  NMI=0.6707  ARI=0.4989  2.4s
  TKSS: ACC=0.9268  NMI=0.8532  ARI=0.8346  1.2s

=== P1E_S1_C1 train[0] k=5  frames=191  σ=0.75 ===
  SSC-TV-L21: ACC=0.8639  NMI=0.8267  ARI=0.7157  2.3s
  BDOSC: ACC=0.6597  NMI=0.6677  ARI=0.4844  3.2s
  TKSS: ACC=0.8220  NMI=0.7701  ARI=0.6477  2.5s

=== P1E_S1_C1 train[1] k=5  frames=145  σ=0.75 ===
  SSC-TV-L21: ACC=0.7724  NMI=0.7899  ARI=0.6609  1.5s
  BDOSC: ACC=0.6069  NMI=0.6139  ARI=0.3745  1.9s
  TKSS: ACC=0.7379  NMI=0.6888  ARI=0.5547  0.3s

=== P1E_S1_C1 train[2] k=5  frames=169  σ=0.75 ===
  SSC-TV-L21: ACC=0.5562  NMI=0.6856  ARI=0.4730  2.0s
  BDOSC: ACC=0.5621  NMI=0.6495  ARI=0.4438  2.7s
  TKSS: ACC=0.6391  NMI=0.6467  ARI=0.4655  1.4s

=== P1E_S1_C1 train[3] k=5  frames=133  σ=0.75 ===
  SSC-TV-L21: ACC=0.8120  NMI=0.9029  ARI=0.8651  1.3s
  BDOSC: ACC=0.4962  NMI=0.6089  ARI=0.3874  1.7s
  TKSS: ACC=0.6767  NMI=0.7341  ARI=0.5954  0.7s

=== P1E_S1_C2 train[0] k=5  frames=149  σ=0.75 ===
  SSC-TV-L21: ACC=0.7852  NMI=0.8223  ARI=0.7515  1.6s
  BDOSC: ACC=0.5973  NMI=0.6663  ARI=0.4706  2.0s
  TKSS: ACC=0.6779  NMI=0.7008  ARI=0.5836  1.2s

=== P1E_S1_C2 train[1] k=5  frames=106  σ=0.75 ===
  SSC-TV-L21: ACC=0.8962  NMI=0.8612  ARI=0.7716  1.0s
  BDOSC: ACC=0.4528  NMI=0.5561  ARI=0.2718  1.1s
  TKSS: ACC=0.5943  NMI=0.6912  ARI=0.5177  0.3s

=== P1E_S1_C2 train[2] k=5  frames=194  σ=0.75 ===
  SSC-TV-L21: ACC=0.6495  NMI=0.6461  ARI=0.4581  2.5s
  BDOSC: ACC=0.7835  NMI=0.7149  ARI=0.6129  3.3s
  TKSS: ACC=0.8351  NMI=0.7454  ARI=0.6506  2.1s

=== P1E_S1_C2 train[3] k=5  frames=133  σ=0.75 ===
  SSC-TV-L21: ACC=0.8571  NMI=0.8351  ARI=0.7255  1.3s
  BDOSC: ACC=0.7068  NMI=0.6912  ARI=0.6261  1.7s
  TKSS: ACC=0.7444  NMI=0.7242  ARI=0.5690  0.7s

=== P1E_S1_C3 train[0] k=5  frames=98  σ=0.75 ===
  SSC-TV-L21: ACC=0.9184  NMI=0.8527  ARI=0.8164  0.9s
  BDOSC: ACC=0.5408  NMI=0.5510  ARI=0.2617  1.0s
  TKSS: ACC=0.8571  NMI=0.7661  ARI=0.6954  0.4s

=== P1E_S1_C3 train[1] k=5  frames=93  σ=0.75 ===
  SSC-TV-L21: ACC=0.9032  NMI=0.8612  ARI=0.8150  0.8s
  BDOSC: ACC=0.6129  NMI=0.6557  ARI=0.4438  1.0s
  TKSS: ACC=0.7634  NMI=0.7521  ARI=0.6334  0.1s

=== P1E_S1_C3 train[2] k=5  frames=68  σ=0.75 ===
  SSC-TV-L21: ACC=0.8971  NMI=0.8479  ARI=0.7961  0.6s
  BDOSC: ACC=0.6912  NMI=0.6650  ARI=0.4745  0.6s
  TKSS: ACC=0.8235  NMI=0.7526  ARI=0.6530  0.1s

=== P1E_S1_C3 train[3] k=5  frames=87  σ=0.75 ===
  SSC-TV-L21: ACC=0.9540  NMI=0.9088  ARI=0.8856  0.8s
  BDOSC: ACC=0.5402  NMI=0.6105  ARI=0.3417  0.9s
  TKSS: ACC=0.8966  NMI=0.8132  ARI=0.7617  0.1s

=== P1E_S2_C1 train[0] k=5  frames=192  σ=0.75 ===
  SSC-TV-L21: ACC=0.8698  NMI=0.8098  ARI=0.7179  2.4s
  BDOSC: ACC=0.6823  NMI=0.6344  ARI=0.4491  3.5s
  TKSS: ACC=0.8542  NMI=0.7682  ARI=0.6885  1.5s

=== P1E_S2_C1 train[1] k=5  frames=177  σ=0.75 ===
  SSC-TV-L21: ACC=0.8305  NMI=0.8827  ARI=0.7835  2.1s
  BDOSC: ACC=0.8023  NMI=0.7386  ARI=0.6490  2.8s
  TKSS: ACC=0.7288  NMI=0.7299  ARI=0.6219  4.0s

=== P1E_S2_C1 train[2] k=5  frames=171  σ=0.75 ===
  SSC-TV-L21: ACC=0.7076  NMI=0.7877  ARI=0.6375  2.1s
  BDOSC: ACC=0.7251  NMI=0.7062  ARI=0.5831  2.7s
  TKSS: ACC=0.6784  NMI=0.7444  ARI=0.5925  2.1s

=== P1E_S2_C1 train[3] k=5  frames=146  σ=0.75 ===
  SSC-TV-L21: ACC=0.8562  NMI=0.8542  ARI=0.7287  1.5s
  BDOSC: ACC=0.6986  NMI=0.7439  ARI=0.5493  2.0s
  TKSS: ACC=0.7671  NMI=0.7006  ARI=0.5570  0.6s

=== P1E_S2_C2 train[0] k=5  frames=151  σ=0.75 ===
  SSC-TV-L21: ACC=0.7285  NMI=0.7691  ARI=0.6391  1.5s
  BDOSC: ACC=0.4768  NMI=0.5218  ARI=0.2423  2.0s
  TKSS: ACC=0.7020  NMI=0.7573  ARI=0.6375  0.5s

=== P1E_S2_C2 train[1] k=5  frames=148  σ=0.75 ===
  SSC-TV-L21: ACC=0.9392  NMI=0.9198  ARI=0.8957  1.6s
  BDOSC: ACC=0.6757  NMI=0.7449  ARI=0.5653  2.0s
  TKSS: ACC=0.7432  NMI=0.7030  ARI=0.5710  0.7s

=== P1E_S2_C2 train[2] k=5  frames=165  σ=0.75 ===
  SSC-TV-L21: ACC=0.8242  NMI=0.7883  ARI=0.6767  1.9s
  BDOSC: ACC=0.4606  NMI=0.5308  ARI=0.2739  2.5s
  TKSS: ACC=0.8545  NMI=0.7824  ARI=0.7072  1.6s

=== P1E_S2_C2 train[3] k=5  frames=172  σ=0.75 ===
  SSC-TV-L21: ACC=0.7849  NMI=0.7401  ARI=0.6077  2.0s
  BDOSC: ACC=0.7209  NMI=0.7519  ARI=0.6388  2.6s
  TKSS: ACC=0.8198  NMI=0.7514  ARI=0.6686  1.0s

=== P1E_S2_C3 train[0] k=5  frames=132  σ=0.75 ===
  SSC-TV-L21: ACC=0.8333  NMI=0.8428  ARI=0.7218  1.2s
  BDOSC: ACC=0.6667  NMI=0.6746  ARI=0.4825  1.6s
  TKSS: ACC=0.8788  NMI=0.8690  ARI=0.7767  0.5s

=== P1E_S2_C3 train[1] k=5  frames=148  σ=0.75 ===
  SSC-TV-L21: ACC=1.0000  NMI=1.0000  ARI=1.0000  1.6s
  BDOSC: ACC=0.5811  NMI=0.6415  ARI=0.4106  2.0s
  TKSS: ACC=0.9189  NMI=0.8914  ARI=0.8376  0.6s

=== P1E_S2_C3 train[2] k=5  frames=132  σ=0.75 ===
  SSC-TV-L21: ACC=0.9470  NMI=0.8910  ARI=0.8790  1.3s
  BDOSC: ACC=0.6212  NMI=0.7175  ARI=0.5332  1.6s
  TKSS: ACC=0.7121  NMI=0.6699  ARI=0.5131  0.1s

=== P1E_S2_C3 train[3] k=5  frames=153  σ=0.75 ===
  SSC-TV-L21: ACC=0.9477  NMI=0.9074  ARI=0.8883  1.7s
  BDOSC: ACC=0.6405  NMI=0.6498  ARI=0.4771  2.2s
  TKSS: ACC=0.9346  NMI=0.8619  ARI=0.8469  1.6s

=== P1E_S3_C1 train[0] k=5  frames=195  σ=0.75 ===
  SSC-TV-L21: ACC=0.9077  NMI=0.8850  ARI=0.8178  2.6s
  BDOSC: ACC=0.6000  NMI=0.6701  ARI=0.4889  3.4s
  TKSS: ACC=0.8821  NMI=0.8107  ARI=0.7401  1.3s

=== P1E_S3_C1 train[1] k=5  frames=194  σ=0.75 ===
  SSC-TV-L21: ACC=0.9278  NMI=0.9148  ARI=0.8732  2.6s
  BDOSC: ACC=0.6392  NMI=0.6793  ARI=0.5271  3.3s
  TKSS: ACC=0.8918  NMI=0.8374  ARI=0.7875  3.9s

=== P1E_S3_C1 train[2] k=5  frames=134  σ=0.75 ===
  SSC-TV-L21: ACC=0.6343  NMI=0.7535  ARI=0.5551  1.3s
  BDOSC: ACC=0.5075  NMI=0.6002  ARI=0.3486  1.7s
  TKSS: ACC=0.6343  NMI=0.7130  ARI=0.5352  0.4s

=== P1E_S3_C1 train[3] k=5  frames=180  σ=0.75 ===
  SSC-TV-L21: ACC=0.6833  NMI=0.7276  ARI=0.5759  2.2s
  BDOSC: ACC=0.7167  NMI=0.6639  ARI=0.5337  2.9s
  TKSS: ACC=0.6500  NMI=0.6858  ARI=0.5313  0.7s

=== P1E_S3_C2 train[0] k=5  frames=137  σ=0.75 ===
  SSC-TV-L21: ACC=0.7664  NMI=0.8381  ARI=0.7506  1.4s
  BDOSC: ACC=0.6058  NMI=0.5845  ARI=0.3537  1.7s
  TKSS: ACC=0.7591  NMI=0.7596  ARI=0.6606  0.8s

=== P1E_S3_C2 train[1] k=5  frames=181  σ=0.75 ===
  SSC-TV-L21: ACC=0.9227  NMI=0.8760  ARI=0.8471  2.3s
  BDOSC: ACC=0.6796  NMI=0.6470  ARI=0.4562  3.0s
  TKSS: ACC=0.8564  NMI=0.7661  ARI=0.7212  4.5s

=== P1E_S3_C2 train[2] k=5  frames=202  σ=0.75 ===
  SSC-TV-L21: ACC=0.8168  NMI=0.8568  ARI=0.7919  2.7s
  BDOSC: ACC=0.8168  NMI=0.7394  ARI=0.6490  3.6s
  TKSS: ACC=0.7624  NMI=0.7435  ARI=0.6227  5.8s

=== P1E_S3_C2 train[3] k=5  frames=179  σ=0.75 ===
  SSC-TV-L21: ACC=0.7709  NMI=0.8130  ARI=0.7250  2.2s
  BDOSC: ACC=0.7039  NMI=0.7262  ARI=0.6455  2.8s
  TKSS: ACC=0.6480  NMI=0.7024  ARI=0.5608  1.6s

=== P1E_S3_C3 train[0] k=5  frames=158  σ=0.75 ===
  SSC-TV-L21: ACC=0.9873  NMI=0.9697  ARI=0.9666  1.8s
  BDOSC: ACC=0.6139  NMI=0.7001  ARI=0.5339  2.3s
  TKSS: ACC=0.9557  NMI=0.8948  ARI=0.8909  1.3s

=== P1E_S3_C3 train[1] k=5  frames=122  σ=0.75 ===
  SSC-TV-L21: ACC=1.0000  NMI=1.0000  ARI=1.0000  1.2s
  BDOSC: ACC=0.5574  NMI=0.6590  ARI=0.4400  1.4s
  TKSS: ACC=0.8443  NMI=0.8064  ARI=0.7151  0.7s

=== P1E_S3_C3 train[2] k=5  frames=157  σ=0.75 ===
  SSC-TV-L21: ACC=0.7134  NMI=0.6936  ARI=0.5079  1.8s
  BDOSC: ACC=0.6561  NMI=0.7152  ARI=0.4907  2.3s
  TKSS: ACC=0.7389  NMI=0.7172  ARI=0.5755  0.8s

=== P1E_S3_C3 train[3] k=5  frames=167  σ=0.75 ===
  SSC-TV-L21: ACC=0.7186  NMI=0.8244  ARI=0.6873  2.0s
  BDOSC: ACC=0.6287  NMI=0.6440  ARI=0.4912  2.6s
  TKSS: ACC=0.6647  NMI=0.7203  ARI=0.5859  3.0s

=== P1E_S4_C1 train[0] k=5  frames=164  σ=0.75 ===
  SSC-TV-L21: ACC=0.8537  NMI=0.8315  ARI=0.7730  1.9s
  BDOSC: ACC=0.6098  NMI=0.6809  ARI=0.5058  2.4s
  TKSS: ACC=0.8049  NMI=0.7552  ARI=0.6411  2.1s

=== P1E_S4_C1 train[1] k=5  frames=159  σ=0.75 ===
  SSC-TV-L21: ACC=0.8050  NMI=0.8839  ARI=0.7845  1.9s
  BDOSC: ACC=0.7170  NMI=0.7167  ARI=0.5622  2.3s
  TKSS: ACC=0.5786  NMI=0.6330  ARI=0.4537  0.2s

=== P1E_S4_C1 train[2] k=5  frames=182  σ=0.75 ===
  SSC-TV-L21: ACC=0.9176  NMI=0.9041  ARI=0.8558  2.2s
  BDOSC: ACC=0.5165  NMI=0.5836  ARI=0.3626  3.0s
  TKSS: ACC=0.7637  NMI=0.7199  ARI=0.6058  1.6s

=== P1E_S4_C1 train[3] k=5  frames=196  σ=0.75 ===
  SSC-TV-L21: ACC=0.6480  NMI=0.7736  ARI=0.5975  2.7s
  BDOSC: ACC=0.7143  NMI=0.7165  ARI=0.5820  3.5s
  TKSS: ACC=0.8265  NMI=0.7274  ARI=0.6339  3.1s

=== P1E_S4_C2 train[0] k=5  frames=170  σ=0.75 ===
  SSC-TV-L21: ACC=0.9412  NMI=0.9053  ARI=0.8694  2.0s
  BDOSC: ACC=0.6118  NMI=0.6625  ARI=0.4792  2.7s
  TKSS: ACC=0.8412  NMI=0.7585  ARI=0.6618  0.4s

=== P1E_S4_C2 train[1] k=5  frames=121  σ=0.75 ===
  SSC-TV-L21: ACC=0.7107  NMI=0.6928  ARI=0.4965  1.2s
  BDOSC: ACC=0.5620  NMI=0.6490  ARI=0.4146  1.5s
  TKSS: ACC=0.6612  NMI=0.7191  ARI=0.5748  0.1s

=== P1E_S4_C2 train[2] k=5  frames=182  σ=0.75 ===
  SSC-TV-L21: ACC=0.9451  NMI=0.9162  ARI=0.8674  2.3s
  BDOSC: ACC=0.6429  NMI=0.6469  ARI=0.4303  3.0s
  TKSS: ACC=0.8626  NMI=0.7699  ARI=0.6984  1.6s

=== P1E_S4_C2 train[3] k=5  frames=155  σ=0.75 ===
  SSC-TV-L21: ACC=0.7032  NMI=0.8086  ARI=0.6688  1.7s
  BDOSC: ACC=0.6129  NMI=0.6440  ARI=0.4351  2.2s
  TKSS: ACC=0.7097  NMI=0.7623  ARI=0.6464  0.7s

=== P1E_S4_C3 train[0] k=5  frames=132  σ=0.75 ===
  SSC-TV-L21: ACC=0.9091  NMI=0.8385  ARI=0.7802  1.2s
  BDOSC: ACC=0.7955  NMI=0.7322  ARI=0.6421  1.7s
  TKSS: ACC=0.8939  NMI=0.8361  ARI=0.7643  0.6s

=== P1E_S4_C3 train[1] k=5  frames=138  σ=0.75 ===
  SSC-TV-L21: ACC=0.9855  NMI=0.9671  ARI=0.9639  1.4s
  BDOSC: ACC=0.7101  NMI=0.6904  ARI=0.5405  1.8s
  TKSS: ACC=0.9130  NMI=0.8359  ARI=0.8009  0.1s

=== P1E_S4_C3 train[2] k=5  frames=147  σ=0.75 ===
  SSC-TV-L21: ACC=0.9456  NMI=0.8996  ARI=0.8707  1.6s
  BDOSC: ACC=0.6054  NMI=0.6220  ARI=0.3790  2.0s
  TKSS: ACC=0.9456  NMI=0.8778  ARI=0.8675  0.5s

=== P1E_S4_C3 train[3] k=5  frames=85  σ=0.75 ===
  SSC-TV-L21: ACC=1.0000  NMI=1.0000  ARI=1.0000  0.7s
  BDOSC: ACC=0.5647  NMI=0.6113  ARI=0.3547  0.9s
  TKSS: ACC=0.8824  NMI=0.8026  ARI=0.7316  0.1s

=== P1L_S1_C1 train[0] k=5  frames=157  σ=0.75 ===
  SSC-TV-L21: ACC=0.7070  NMI=0.7495  ARI=0.5455  1.7s
  BDOSC: ACC=0.5796  NMI=0.5844  ARI=0.3531  2.2s
  TKSS: ACC=0.7070  NMI=0.6887  ARI=0.5160  1.0s

=== P1L_S1_C1 train[1] k=5  frames=111  σ=0.75 ===
  SSC-TV-L21: ACC=0.7928  NMI=0.8673  ARI=0.7364  1.1s
  BDOSC: ACC=0.6396  NMI=0.7109  ARI=0.5660  1.2s
  TKSS: ACC=0.7928  NMI=0.7811  ARI=0.6641  1.2s

=== P1L_S1_C1 train[2] k=5  frames=142  σ=0.75 ===
  SSC-TV-L21: ACC=0.9930  NMI=0.9800  ARI=0.9809  1.4s
  BDOSC: ACC=0.6127  NMI=0.6529  ARI=0.4788  1.8s
  TKSS: ACC=0.7606  NMI=0.7192  ARI=0.5964  0.4s

=== P1L_S1_C1 train[3] k=5  frames=178  σ=0.75 ===
  SSC-TV-L21: ACC=0.9944  NMI=0.9830  ARI=0.9855  2.1s
  BDOSC: ACC=0.7640  NMI=0.7177  ARI=0.5560  2.8s
  TKSS: ACC=0.8034  NMI=0.7776  ARI=0.6894  1.3s

=== P1L_S1_C2 train[0] k=5  frames=243  σ=0.75 ===
  SSC-TV-L21: ACC=0.9259  NMI=0.8902  ARI=0.8359  4.5s
  BDOSC: ACC=0.5267  NMI=0.6080  ARI=0.3800  5.2s
  TKSS: ACC=0.9547  NMI=0.9089  ARI=0.8938  1.3s

=== P1L_S1_C2 train[1] k=5  frames=131  σ=0.75 ===
  SSC-TV-L21: ACC=0.7405  NMI=0.8626  ARI=0.7071  1.3s
  BDOSC: ACC=0.6565  NMI=0.6702  ARI=0.5288  1.6s
  TKSS: ACC=0.9008  NMI=0.8160  ARI=0.7882  1.2s

=== P1L_S1_C2 train[2] k=5  frames=141  σ=0.75 ===
  SSC-TV-L21: ACC=0.7376  NMI=0.8102  ARI=0.6678  1.5s
  BDOSC: ACC=0.7730  NMI=0.7057  ARI=0.5785  1.8s
  TKSS: ACC=0.6454  NMI=0.6979  ARI=0.5498  0.7s

=== P1L_S1_C2 train[3] k=5  frames=184  σ=0.75 ===
  SSC-TV-L21: ACC=0.7174  NMI=0.7811  ARI=0.6623  2.2s
  BDOSC: ACC=0.5163  NMI=0.6000  ARI=0.3918  3.1s
  TKSS: ACC=0.7337  NMI=0.7841  ARI=0.6685  2.9s

=== P1L_S1_C3 train[0] k=5  frames=108  σ=0.75 ===
  SSC-TV-L21: ACC=0.9537  NMI=0.9278  ARI=0.8895  1.0s
  BDOSC: ACC=0.6574  NMI=0.6130  ARI=0.3782  1.2s
  TKSS: ACC=0.9352  NMI=0.8915  ARI=0.8538  0.2s

=== P1L_S1_C3 train[1] k=5  frames=105  σ=0.75 ===
  SSC-TV-L21: ACC=0.8667  NMI=0.8372  ARI=0.7287  1.0s
  BDOSC: ACC=0.6667  NMI=0.6415  ARI=0.4432  1.1s
  TKSS: ACC=0.8857  NMI=0.8536  ARI=0.7587  0.7s

=== P1L_S1_C3 train[2] k=5  frames=113  σ=0.75 ===
  SSC-TV-L21: ACC=0.8761  NMI=0.8312  ARI=0.7295  1.0s
  BDOSC: ACC=0.6106  NMI=0.6285  ARI=0.4213  1.3s
  TKSS: ACC=0.8407  NMI=0.7743  ARI=0.6832  0.3s

=== P1L_S1_C3 train[3] k=5  frames=90  σ=0.75 ===
  SSC-TV-L21: ACC=0.8667  NMI=0.8797  ARI=0.7724  0.8s
  BDOSC: ACC=0.7778  NMI=0.7519  ARI=0.6408  0.9s
  TKSS: ACC=0.7778  NMI=0.7138  ARI=0.5721  0.1s

=== P1L_S2_C1 train[0] k=5  frames=177  σ=0.75 ===
  SSC-TV-L21: ACC=0.9661  NMI=0.9399  ARI=0.9175  2.1s
  BDOSC: ACC=0.6554  NMI=0.6621  ARI=0.4948  2.7s
  TKSS: ACC=0.9096  NMI=0.8453  ARI=0.8058  1.6s

=== P1L_S2_C1 train[1] k=5  frames=191  σ=0.75 ===
  SSC-TV-L21: ACC=1.0000  NMI=1.0000  ARI=1.0000  2.5s
  BDOSC: ACC=0.6178  NMI=0.6262  ARI=0.4199  3.3s
  TKSS: ACC=0.7592  NMI=0.8254  ARI=0.7077  3.7s

=== P1L_S2_C1 train[2] k=5  frames=234  σ=0.75 ===
  SSC-TV-L21: ACC=0.7137  NMI=0.7725  ARI=0.6774  4.2s
  BDOSC: ACC=0.6325  NMI=0.6988  ARI=0.5500  4.7s
  TKSS: ACC=0.9316  NMI=0.8728  ARI=0.8514  2.0s

=== P1L_S2_C1 train[3] k=5  frames=157  σ=0.75 ===
  SSC-TV-L21: ACC=0.6943  NMI=0.7739  ARI=0.6190  1.8s
  BDOSC: ACC=0.6051  NMI=0.4960  ARI=0.2478  2.2s
  TKSS: ACC=0.6497  NMI=0.6784  ARI=0.5189  1.8s

=== P1L_S2_C2 train[0] k=5  frames=220  σ=0.75 ===
  SSC-TV-L21: ACC=0.9909  NMI=0.9726  ARI=0.9773  3.1s
  BDOSC: ACC=0.5727  NMI=0.6762  ARI=0.4672  4.3s
  TKSS: ACC=0.9500  NMI=0.8926  ARI=0.8803  4.1s

=== P1L_S2_C2 train[1] k=5  frames=196  σ=0.75 ===
  SSC-TV-L21: ACC=0.9439  NMI=0.9198  ARI=0.8789  2.6s
  BDOSC: ACC=0.6327  NMI=0.6562  ARI=0.4926  3.4s
  TKSS: ACC=0.9439  NMI=0.8750  ARI=0.8669  2.6s

=== P1L_S2_C2 train[2] k=5  frames=166  σ=0.75 ===
  SSC-TV-L21: ACC=0.6325  NMI=0.7592  ARI=0.5589  1.9s
  BDOSC: ACC=0.6747  NMI=0.6454  ARI=0.4112  2.5s
  TKSS: ACC=0.5602  NMI=0.6895  ARI=0.4869  1.4s

=== P1L_S2_C2 train[3] k=5  frames=208  σ=0.75 ===
  SSC-TV-L21: ACC=0.8990  NMI=0.8808  ARI=0.8281  2.8s
  BDOSC: ACC=0.6202  NMI=0.6300  ARI=0.4438  3.9s
  TKSS: ACC=0.8846  NMI=0.8439  ARI=0.7938  1.4s

=== P1L_S2_C3 train[0] k=5  frames=143  σ=0.75 ===
  SSC-TV-L21: ACC=0.9161  NMI=0.8855  ARI=0.7841  1.5s
  BDOSC: ACC=0.6154  NMI=0.7038  ARI=0.5288  1.9s
  TKSS: ACC=0.7972  NMI=0.7790  ARI=0.6450  0.9s

=== P1L_S2_C3 train[1] k=5  frames=126  σ=0.75 ===
  SSC-TV-L21: ACC=0.9444  NMI=0.9350  ARI=0.9340  1.2s
  BDOSC: ACC=0.6429  NMI=0.5857  ARI=0.3273  1.4s
  TKSS: ACC=0.7778  NMI=0.8095  ARI=0.7359  0.5s

=== P1L_S2_C3 train[2] k=5  frames=115  σ=0.75 ===
  SSC-TV-L21: ACC=0.7043  NMI=0.8238  ARI=0.6462  1.1s
  BDOSC: ACC=0.8087  NMI=0.7284  ARI=0.5531  1.3s
  TKSS: ACC=0.5739  NMI=0.6298  ARI=0.3952  0.6s

=== P1L_S2_C3 train[3] k=5  frames=128  σ=0.75 ===
  SSC-TV-L21: ACC=0.6875  NMI=0.7914  ARI=0.6420  1.2s
  BDOSC: ACC=0.6328  NMI=0.6666  ARI=0.4386  1.7s
  TKSS: ACC=0.7344  NMI=0.8020  ARI=0.7297  1.4s

=== P1L_S3_C1 train[0] k=5  frames=134  σ=0.75 ===
  SSC-TV-L21: ACC=0.6493  NMI=0.6970  ARI=0.4887  1.3s
  BDOSC: ACC=0.6045  NMI=0.6640  ARI=0.5258  1.6s
  TKSS: ACC=0.5522  NMI=0.6809  ARI=0.4985  0.1s

=== P1L_S3_C1 train[1] k=5  frames=156  σ=0.75 ===
  SSC-TV-L21: ACC=1.0000  NMI=1.0000  ARI=1.0000  1.7s
  BDOSC: ACC=0.7179  NMI=0.8228  ARI=0.7313  2.2s
  TKSS: ACC=0.7564  NMI=0.7109  ARI=0.5853  1.7s

=== P1L_S3_C1 train[2] k=5  frames=158  σ=0.75 ===
  SSC-TV-L21: ACC=0.7405  NMI=0.7974  ARI=0.6576  1.8s
  BDOSC: ACC=0.7532  NMI=0.6882  ARI=0.5654  2.4s
  TKSS: ACC=0.8165  NMI=0.7506  ARI=0.6969  2.0s

=== P1L_S3_C1 train[3] k=5  frames=127  σ=0.75 ===
  SSC-TV-L21: ACC=0.8268  NMI=0.7959  ARI=0.6626  1.2s
  BDOSC: ACC=0.7402  NMI=0.6963  ARI=0.6008  1.5s
  TKSS: ACC=0.7874  NMI=0.7063  ARI=0.5620  0.4s

=== P1L_S3_C2 train[0] k=5  frames=239  σ=0.75 ===
  SSC-TV-L21: ACC=0.9540  NMI=0.9169  ARI=0.9104  4.3s
  BDOSC: ACC=0.5314  NMI=0.6081  ARI=0.3740  5.0s
  TKSS: ACC=0.9205  NMI=0.8747  ARI=0.8375  3.3s

=== P1L_S3_C2 train[1] k=5  frames=143  σ=0.75 ===
  SSC-TV-L21: ACC=0.7273  NMI=0.7744  ARI=0.6429  1.5s
  BDOSC: ACC=0.6573  NMI=0.7127  ARI=0.5773  1.9s
  TKSS: ACC=0.8601  NMI=0.7720  ARI=0.7104  0.6s

=== P1L_S3_C2 train[2] k=5  frames=257  σ=0.75 ===
  SSC-TV-L21: ACC=0.9728  NMI=0.9397  ARI=0.9367  4.8s
  BDOSC: ACC=0.6226  NMI=0.6737  ARI=0.5018  6.0s
  TKSS: ACC=0.9377  NMI=0.8854  ARI=0.8625  3.0s

=== P1L_S3_C2 train[3] k=5  frames=187  σ=0.75 ===
  SSC-TV-L21: ACC=0.9305  NMI=0.9208  ARI=0.8985  2.4s
  BDOSC: ACC=0.7380  NMI=0.6897  ARI=0.5366  3.1s
  TKSS: ACC=0.7594  NMI=0.8525  ARI=0.7439  5.8s

=== P1L_S3_C3 train[0] k=5  frames=151  σ=0.75 ===
  SSC-TV-L21: ACC=0.8212  NMI=0.8928  ARI=0.8178  1.6s
  BDOSC: ACC=0.6093  NMI=0.6664  ARI=0.4924  2.1s
  TKSS: ACC=0.8675  NMI=0.8233  ARI=0.8082  0.9s

=== P1L_S3_C3 train[1] k=5  frames=180  σ=0.75 ===
  SSC-TV-L21: ACC=1.0000  NMI=1.0000  ARI=1.0000  2.2s
  BDOSC: ACC=0.6000  NMI=0.7130  ARI=0.5194  2.9s
  TKSS: ACC=0.9222  NMI=0.8627  ARI=0.8310  0.9s

=== P1L_S3_C3 train[2] k=5  frames=139  σ=0.75 ===
  SSC-TV-L21: ACC=0.7626  NMI=0.7338  ARI=0.5816  1.4s
  BDOSC: ACC=0.5683  NMI=0.6170  ARI=0.4027  1.8s
  TKSS: ACC=0.6475  NMI=0.7576  ARI=0.6161  0.7s

=== P1L_S3_C3 train[3] k=5  frames=165  σ=0.75 ===
  SSC-TV-L21: ACC=0.7818  NMI=0.8396  ARI=0.7637  2.0s
  BDOSC: ACC=0.8000  NMI=0.7240  ARI=0.5946  2.5s
  TKSS: ACC=0.6424  NMI=0.6904  ARI=0.5170  1.8s

=== P1L_S4_C1 train[0] k=5  frames=171  σ=0.75 ===
  SSC-TV-L21: ACC=0.6550  NMI=0.7254  ARI=0.4882  2.0s
  BDOSC: ACC=0.6433  NMI=0.6427  ARI=0.4155  2.7s
  TKSS: ACC=0.7485  NMI=0.7447  ARI=0.6035  0.8s

=== P1L_S4_C1 train[1] k=5  frames=169  σ=0.75 ===
  SSC-TV-L21: ACC=1.0000  NMI=1.0000  ARI=1.0000  2.0s
  BDOSC: ACC=0.5562  NMI=0.6019  ARI=0.3771  2.6s
  TKSS: ACC=0.7633  NMI=0.7970  ARI=0.7200  3.1s

=== P1L_S4_C1 train[2] k=5  frames=164  σ=0.75 ===
  SSC-TV-L21: ACC=0.6280  NMI=0.7711  ARI=0.5827  1.9s
  BDOSC: ACC=0.6220  NMI=0.6614  ARI=0.4588  2.4s
  TKSS: ACC=0.7561  NMI=0.7512  ARI=0.6691  2.7s

=== P1L_S4_C1 train[3] k=5  frames=177  σ=0.75 ===
  SSC-TV-L21: ACC=0.7401  NMI=0.7486  ARI=0.5622  2.2s
  BDOSC: ACC=0.8136  NMI=0.7651  ARI=0.6886  2.9s
  TKSS: ACC=0.7684  NMI=0.7457  ARI=0.5859  2.7s

=== P1L_S4_C2 train[0] k=5  frames=154  σ=0.75 ===
  SSC-TV-L21: ACC=0.7662  NMI=0.8733  ARI=0.7445  1.6s
  BDOSC: ACC=0.7792  NMI=0.6795  ARI=0.5525  2.1s
  TKSS: ACC=0.7338  NMI=0.7448  ARI=0.6778  1.9s

=== P1L_S4_C2 train[1] k=5  frames=136  σ=0.75 ===
  SSC-TV-L21: ACC=0.8824  NMI=0.8593  ARI=0.7170  1.3s
  BDOSC: ACC=0.4779  NMI=0.5782  ARI=0.3002  1.7s
  TKSS: ACC=0.6765  NMI=0.7587  ARI=0.6004  0.9s

=== P1L_S4_C2 train[2] k=5  frames=169  σ=0.75 ===
  SSC-TV-L21: ACC=0.6568  NMI=0.6873  ARI=0.4998  2.0s
  BDOSC: ACC=0.7101  NMI=0.7456  ARI=0.6378  2.7s
  TKSS: ACC=0.7574  NMI=0.7447  ARI=0.6293  1.3s

=== P1L_S4_C2 train[3] k=5  frames=195  σ=0.75 ===
  SSC-TV-L21: ACC=0.7179  NMI=0.8197  ARI=0.6720  2.6s
  BDOSC: ACC=0.6103  NMI=0.6786  ARI=0.5025  3.5s
  TKSS: ACC=0.8359  NMI=0.7859  ARI=0.6704  2.1s

=== P1L_S4_C3 train[0] k=5  frames=122  σ=0.75 ===
  SSC-TV-L21: ACC=0.7951  NMI=0.8639  ARI=0.7307  1.2s
  BDOSC: ACC=0.5574  NMI=0.6107  ARI=0.3807  1.4s
  TKSS: ACC=0.6885  NMI=0.7405  ARI=0.5746  1.7s

=== P1L_S4_C3 train[1] k=5  frames=152  σ=0.75 ===
  SSC-TV-L21: ACC=1.0000  NMI=1.0000  ARI=1.0000  1.7s
  BDOSC: ACC=0.6118  NMI=0.6524  ARI=0.4574  2.2s
  TKSS: ACC=0.9803  NMI=0.9479  ARI=0.9418  1.9s

=== P1L_S4_C3 train[2] k=5  frames=130  σ=0.75 ===
  SSC-TV-L21: ACC=0.7462  NMI=0.8691  ARI=0.7300  1.3s
  BDOSC: ACC=0.6615  NMI=0.6787  ARI=0.5766  1.6s
  TKSS: ACC=0.7462  NMI=0.7538  ARI=0.6338  0.1s

=== P1L_S4_C3 train[3] k=5  frames=136  σ=0.75 ===
  SSC-TV-L21: ACC=0.9853  NMI=0.9606  ARI=0.9657  1.3s
  BDOSC: ACC=0.6397  NMI=0.7059  ARI=0.4798  1.7s
  TKSS: ACC=0.8382  NMI=0.7696  ARI=0.6760  0.1s

=== P1E_S1_C1 test[0] k=5  frames=234  σ=0.75 ===
  SSC-TV-L21: ACC=1.0000  NMI=1.0000  ARI=1.0000  4.2s
  BDOSC: ACC=0.6239  NMI=0.6548  ARI=0.4846  4.7s
  TKSS: ACC=0.9231  NMI=0.8550  ARI=0.8095  4.3s

=== P1E_S1_C2 test[0] k=5  frames=120  σ=0.75 ===
  SSC-TV-L21: ACC=0.5833  NMI=0.6477  ARI=0.4552  1.1s
  BDOSC: ACC=0.5417  NMI=0.5979  ARI=0.3919  1.4s
  TKSS: ACC=0.6917  NMI=0.6802  ARI=0.5113  0.1s

=== P1E_S1_C3 test[0] k=5  frames=104  σ=0.75 ===
  SSC-TV-L21: ACC=0.9231  NMI=0.8434  ARI=0.8170  0.9s
  BDOSC: ACC=0.5962  NMI=0.6516  ARI=0.4489  1.1s
  TKSS: ACC=0.8558  NMI=0.7913  ARI=0.7093  0.2s

=== P1E_S2_C1 test[0] k=5  frames=137  σ=0.75 ===
  SSC-TV-L21: ACC=0.8248  NMI=0.7983  ARI=0.6570  1.4s
  BDOSC: ACC=0.6350  NMI=0.6978  ARI=0.4989  1.7s
  TKSS: ACC=0.7883  NMI=0.7256  ARI=0.5931  1.0s

=== P1E_S2_C2 test[0] k=5  frames=179  σ=0.75 ===
  SSC-TV-L21: ACC=0.8380  NMI=0.8111  ARI=0.6832  2.3s
  BDOSC: ACC=0.6872  NMI=0.6991  ARI=0.5385  2.9s
  TKSS: ACC=0.7765  NMI=0.7102  ARI=0.5700  1.4s

=== P1E_S2_C3 test[0] k=5  frames=139  σ=0.75 ===
  SSC-TV-L21: ACC=0.9568  NMI=0.9043  ARI=0.9010  1.5s
  BDOSC: ACC=0.5612  NMI=0.6211  ARI=0.3964  1.8s
  TKSS: ACC=0.8345  NMI=0.7602  ARI=0.6634  0.9s

=== P1E_S3_C1 test[0] k=5  frames=181  σ=0.75 ===
  SSC-TV-L21: ACC=0.7845  NMI=0.7451  ARI=0.6019  2.3s
  BDOSC: ACC=0.7182  NMI=0.7401  ARI=0.6371  2.9s
  TKSS: ACC=0.7956  NMI=0.7233  ARI=0.6104  0.9s

=== P1E_S3_C2 test[0] k=5  frames=153  σ=0.75 ===
  SSC-TV-L21: ACC=0.9346  NMI=0.8827  ARI=0.8348  1.7s
  BDOSC: ACC=0.4771  NMI=0.6132  ARI=0.3607  2.1s
  TKSS: ACC=0.8562  NMI=0.7597  ARI=0.6770  1.9s

=== P1E_S3_C3 test[0] k=5  frames=120  σ=0.75 ===
  SSC-TV-L21: ACC=0.9500  NMI=0.9068  ARI=0.8863  1.1s
  BDOSC: ACC=0.5500  NMI=0.5633  ARI=0.3028  1.3s
  TKSS: ACC=0.7917  NMI=0.7396  ARI=0.5796  0.6s

=== P1E_S4_C1 test[0] k=5  frames=125  σ=0.75 ===
  SSC-TV-L21: ACC=0.7760  NMI=0.8094  ARI=0.6895  1.3s
  BDOSC: ACC=0.5440  NMI=0.5463  ARI=0.2630  1.5s
  TKSS: ACC=0.8000  NMI=0.7908  ARI=0.6893  0.8s

=== P1E_S4_C2 test[0] k=5  frames=163  σ=0.75 ===
  SSC-TV-L21: ACC=0.9325  NMI=0.8740  ARI=0.8308  1.9s
  BDOSC: ACC=0.6319  NMI=0.6453  ARI=0.4718  2.4s
  TKSS: ACC=0.8896  NMI=0.7972  ARI=0.7564  2.7s

=== P1E_S4_C3 test[0] k=5  frames=118  σ=0.75 ===
  SSC-TV-L21: ACC=0.6525  NMI=0.7861  ARI=0.6376  1.1s
  BDOSC: ACC=0.4661  NMI=0.5256  ARI=0.2227  1.3s
  TKSS: ACC=0.7119  NMI=0.6845  ARI=0.5406  0.2s

=== P1L_S1_C1 test[0] k=5  frames=153  σ=0.75 ===
  SSC-TV-L21: ACC=0.6013  NMI=0.7413  ARI=0.5258  1.7s
  BDOSC: ACC=0.7320  NMI=0.7789  ARI=0.6791  2.2s
  TKSS: ACC=0.5686  NMI=0.6665  ARI=0.4937  0.2s

=== P1L_S1_C2 test[0] k=5  frames=188  σ=0.75 ===
  SSC-TV-L21: ACC=0.9415  NMI=0.9161  ARI=0.8627  2.3s
  BDOSC: ACC=0.4681  NMI=0.6275  ARI=0.3599  3.2s
  TKSS: ACC=0.9681  NMI=0.9177  ARI=0.9223  1.9s

=== P1L_S1_C3 test[0] k=5  frames=118  σ=0.75 ===
  SSC-TV-L21: ACC=0.9915  NMI=0.9772  ARI=0.9760  1.1s
  BDOSC: ACC=0.5847  NMI=0.6292  ARI=0.3899  1.3s
  TKSS: ACC=0.9068  NMI=0.8324  ARI=0.8078  0.7s

=== P1L_S2_C1 test[0] k=5  frames=190  σ=0.75 ===
  SSC-TV-L21: ACC=0.7474  NMI=0.7901  ARI=0.6827  2.4s
  BDOSC: ACC=0.6737  NMI=0.6737  ARI=0.5115  3.2s
  TKSS: ACC=0.7684  NMI=0.8028  ARI=0.7070  1.9s

=== P1L_S2_C2 test[0] k=5  frames=127  σ=0.75 ===
  SSC-TV-L21: ACC=0.7087  NMI=0.8040  ARI=0.6694  1.2s
  BDOSC: ACC=0.6299  NMI=0.6075  ARI=0.4275  1.6s
  TKSS: ACC=0.7717  NMI=0.7340  ARI=0.6117  0.4s

=== P1L_S2_C3 test[0] k=5  frames=148  σ=0.75 ===
  SSC-TV-L21: ACC=1.0000  NMI=1.0000  ARI=1.0000  1.6s
  BDOSC: ACC=0.7297  NMI=0.7215  ARI=0.5929  2.1s
  TKSS: ACC=0.9595  NMI=0.9161  ARI=0.8967  0.9s

=== P1L_S3_C1 test[0] k=5  frames=200  σ=0.75 ===
  SSC-TV-L21: ACC=0.9200  NMI=0.9005  ARI=0.8303  2.6s
  BDOSC: ACC=0.6900  NMI=0.7051  ARI=0.5819  3.6s
  TKSS: ACC=0.9050  NMI=0.8328  ARI=0.7774  3.1s

=== P1L_S3_C2 test[0] k=5  frames=201  σ=0.75 ===
  SSC-TV-L21: ACC=0.8706  NMI=0.8897  ARI=0.8490  2.7s
  BDOSC: ACC=0.7164  NMI=0.7034  ARI=0.5637  3.6s
  TKSS: ACC=0.8209  NMI=0.7583  ARI=0.6686  0.3s

=== P1L_S3_C3 test[0] k=5  frames=162  σ=0.75 ===
  SSC-TV-L21: ACC=0.8457  NMI=0.8697  ARI=0.7937  1.9s
  BDOSC: ACC=0.7160  NMI=0.7243  ARI=0.6185  2.4s
  TKSS: ACC=0.7654  NMI=0.7387  ARI=0.5731  1.7s

=== P1L_S4_C1 test[0] k=5  frames=152  σ=0.75 ===
  SSC-TV-L21: ACC=0.7763  NMI=0.8505  ARI=0.7523  1.6s
  BDOSC: ACC=0.6711  NMI=0.6042  ARI=0.3924  2.2s
  TKSS: ACC=0.7105  NMI=0.7186  ARI=0.5952  0.5s

=== P1L_S4_C2 test[0] k=5  frames=241  σ=0.75 ===
  SSC-TV-L21: ACC=0.9004  NMI=0.8973  ARI=0.8318  4.4s
  BDOSC: ACC=0.5975  NMI=0.6627  ARI=0.4829  5.1s
  TKSS: ACC=0.8091  NMI=0.7569  ARI=0.6715  3.4s

=== P1L_S4_C3 test[0] k=5  frames=164  σ=0.75 ===
  SSC-TV-L21: ACC=0.9573  NMI=0.9164  ARI=0.9000  1.9s
  BDOSC: ACC=0.7561  NMI=0.7142  ARI=0.5869  2.4s
  TKSS: ACC=0.9268  NMI=0.8558  ARI=0.8372  1.5s

=== mean over matrices ===
  SSC-TV-L21 train σ=0.0: ACC=0.8230  NMI=0.8566  ARI=0.7546  n=96
  BDOSC train σ=0.0: ACC=0.7946  NMI=0.7978  ARI=0.6926  n=96
  TKSS train σ=0.0: ACC=0.7818  NMI=0.7536  ARI=0.6442  n=96
  SSC-TV-L21 test σ=0.0: ACC=0.9066  NMI=0.9143  ARI=0.8685  n=24
  BDOSC test σ=0.0: ACC=0.8031  NMI=0.8146  ARI=0.7104  n=24
  TKSS test σ=0.0: ACC=0.8136  NMI=0.7816  ARI=0.6882  n=24
  SSC-TV-L21 train σ=0.25: ACC=0.8389  NMI=0.8680  ARI=0.7770  n=96
  BDOSC train σ=0.25: ACC=0.7551  NMI=0.7540  ARI=0.6308  n=96
  TKSS train σ=0.25: ACC=0.8139  NMI=0.8039  ARI=0.7080  n=96
  SSC-TV-L21 test σ=0.25: ACC=0.8721  NMI=0.8872  ARI=0.8182  n=24
  BDOSC test σ=0.25: ACC=0.7791  NMI=0.7631  ARI=0.6531  n=24
  TKSS test σ=0.25: ACC=0.8410  NMI=0.8170  ARI=0.7366  n=24
  SSC-TV-L21 train σ=0.5: ACC=0.8497  NMI=0.8701  ARI=0.7840  n=96
  BDOSC train σ=0.5: ACC=0.6912  NMI=0.6968  ARI=0.5404  n=96
  TKSS train σ=0.5: ACC=0.7988  NMI=0.7892  ARI=0.6929  n=96
  SSC-TV-L21 test σ=0.5: ACC=0.8818  NMI=0.8868  ARI=0.8246  n=24
  BDOSC test σ=0.5: ACC=0.6504  NMI=0.6688  ARI=0.4907  n=24
  TKSS test σ=0.5: ACC=0.8388  NMI=0.8070  ARI=0.7293  n=24
  SSC-TV-L21 train σ=0.75: ACC=0.8370  NMI=0.8536  ARI=0.7635  n=96
  BDOSC train σ=0.75: ACC=0.6407  NMI=0.6628  ARI=0.4795  n=96
  TKSS train σ=0.75: ACC=0.7875  NMI=0.7705  ARI=0.6693  n=96
  SSC-TV-L21 test σ=0.75: ACC=0.8507  NMI=0.8567  ARI=0.7778  n=24
  BDOSC test σ=0.75: ACC=0.6249  NMI=0.6545  ARI=0.4668  n=24
  TKSS test σ=0.75: ACC=0.8165  NMI=0.7728  ARI=0.6780  n=24

wrote /nfs/turbo/umms-minjilab/lpullela/surveillance_dataset/split_k5_sigmas_trials40.csv
wrote /nfs/turbo/umms-minjilab/lpullela/surveillance_dataset/split_k5_sigmas_trials40_params.json
end=Sun Aug 30 12:23:52 EDT 2026
