host=gl3306.arc-ts.umich.edu  python=/home/lpullela/miniconda3/envs/ssc_559/bin/python  start=Tue Sep  1 18:47:14 EDT 2026
Loading P1E_S1_C1
  Y: (9216, 1095)  people=25  frames/person=[56, 49, 45, 38, 39, 31, 32, 30, 35, 49, 50, 50, 45, 38, 60, 48, 49, 46, 47, 43, 38, 55, 50, 30, 42]  min=30
Loading P1E_S1_C2
  Y: (9216, 947)  people=25  frames/person=[46, 47, 31, 40, 50, 45, 30, 32, 39, 30, 46, 32, 39, 33, 43, 36, 30, 30, 33, 30, 33, 46, 50, 33, 43]  min=30
Loading P1E_S1_C3
  Y: (9216, 453)  people=25  frames/person=[15, 22, 16, 16, 17, 13, 14, 19, 14, 25, 26, 12, 21, 18, 22, 19, 13, 19, 16, 15, 8, 15, 30, 20, 28]  min=8
  warning: 24 people have fewer than 30 available frames (kept all)
Loading P1E_S2_C1
  Y: (9216, 1062)  people=25  frames/person=[57, 32, 50, 46, 41, 50, 47, 37, 39, 48, 48, 45, 40, 32, 42, 40, 45, 38, 37, 52, 49, 31, 32, 41, 43]  min=31
Loading P1E_S2_C2
  Y: (9216, 995)  people=25  frames/person=[42, 48, 38, 37, 53, 51, 32, 31, 50, 36, 47, 34, 43, 25, 42, 41, 39, 37, 41, 31, 40, 42, 49, 33, 33]  min=25
  warning: 1 people have fewer than 30 available frames (kept all)
Loading P1E_S2_C3
  Y: (9216, 812)  people=25  frames/person=[32, 36, 28, 32, 39, 37, 31, 36, 36, 23, 42, 31, 35, 20, 33, 33, 32, 32, 32, 29, 32, 42, 38, 27, 24]  min=20
  warning: 6 people have fewer than 30 available frames (kept all)
Loading P1E_S3_C1
  Y: (9216, 1073)  people=25  frames/person=[31, 43, 47, 49, 40, 60, 42, 43, 30, 33, 55, 53, 42, 34, 43, 46, 37, 54, 32, 41, 38, 52, 53, 38, 37]  min=30
Loading P1E_S3_C2
  Y: (9216, 1005)  people=25  frames/person=[57, 35, 33, 34, 49, 60, 34, 44, 60, 26, 30, 33, 45, 28, 37, 43, 48, 41, 34, 33, 42, 41, 57, 30, 31]  min=26
  warning: 2 people have fewer than 30 available frames (kept all)
Loading P1E_S3_C3
  Y: (9216, 848)  people=25  frames/person=[37, 36, 24, 33, 37, 47, 29, 37, 55, 18, 43, 40, 31, 22, 30, 39, 35, 31, 30, 28, 30, 49, 42, 20, 25]  min=18
  warning: 7 people have fewer than 30 available frames (kept all)
Loading P1E_S4_C1
  Y: (9216, 1069)  people=25  frames/person=[52, 39, 30, 32, 53, 34, 45, 56, 58, 38, 32, 45, 56, 41, 32, 46, 40, 37, 43, 45, 48, 34, 47, 48, 38]  min=30
Loading P1E_S4_C2
  Y: (9216, 1003)  people=25  frames/person=[38, 37, 36, 46, 36, 37, 33, 33, 54, 30, 54, 48, 50, 35, 43, 36, 31, 47, 44, 37, 38, 42, 45, 37, 36]  min=30
Loading P1E_S4_C3
  Y: (9216, 712)  people=25  frames/person=[28, 29, 22, 29, 24, 32, 31, 29, 33, 25, 37, 19, 28, 21, 25, 27, 25, 41, 27, 29, 26, 31, 42, 29, 23]  min=19
  warning: 18 people have fewer than 30 available frames (kept all)
Loading P1L_S1_C1
  Y: (9216, 1039)  people=25  frames/person=[33, 30, 33, 41, 33, 32, 38, 50, 46, 38, 59, 51, 49, 49, 54, 33, 31, 56, 42, 31, 44, 41, 43, 43, 39]  min=30
Loading P1L_S1_C2
  Y: (9216, 1107)  people=25  frames/person=[45, 45, 37, 51, 54, 30, 39, 54, 38, 45, 56, 49, 57, 35, 45, 49, 40, 47, 48, 49, 39, 31, 35, 38, 51]  min=30
Loading P1L_S1_C3
  Y: (9216, 565)  people=25  frames/person=[27, 29, 20, 26, 19, 25, 22, 12, 28, 25, 20, 25, 23, 18, 21, 23, 25, 26, 23, 21, 18, 18, 30, 18, 23]  min=12
  warning: 24 people have fewer than 30 available frames (kept all)
Loading P1L_S2_C1
  Y: (9216, 1172)  people=25  frames/person=[58, 47, 47, 52, 47, 53, 36, 54, 46, 53, 46, 39, 32, 46, 60, 31, 47, 43, 30, 46, 53, 52, 60, 46, 48]  min=30
Loading P1L_S2_C2
  Y: (9216, 1137)  people=25  frames/person=[59, 39, 49, 35, 41, 50, 47, 36, 50, 47, 58, 48, 57, 52, 32, 32, 45, 45, 47, 53, 39, 35, 51, 41, 49]  min=32
Loading P1L_S2_C3
  Y: (9216, 843)  people=25  frames/person=[31, 36, 29, 28, 32, 37, 36, 36, 50, 28, 44, 46, 34, 31, 35, 32, 35, 38, 33, 29, 32, 34, 32, 19, 26]  min=19
  warning: 6 people have fewer than 30 available frames (kept all)
Loading P1L_S3_C1
  Y: (9216, 1057)  people=25  frames/person=[50, 49, 45, 45, 31, 35, 38, 50, 41, 39, 33, 52, 30, 44, 53, 45, 51, 54, 36, 32, 31, 47, 38, 36, 52]  min=30
Loading P1L_S3_C2
  Y: (9216, 1214)  people=25  frames/person=[55, 59, 45, 46, 60, 45, 35, 37, 59, 31, 54, 50, 44, 55, 55, 43, 48, 53, 50, 45, 58, 57, 32, 46, 52]  min=31
Loading P1L_S3_C3
  Y: (9216, 980)  people=25  frames/person=[32, 41, 38, 38, 39, 45, 35, 54, 33, 26, 30, 39, 30, 36, 47, 32, 46, 51, 38, 31, 34, 54, 51, 39, 41]  min=26
  warning: 1 people have fewer than 30 available frames (kept all)
Loading P1L_S4_C1
  Y: (9216, 1100)  people=25  frames/person=[54, 52, 36, 42, 41, 51, 42, 43, 46, 47, 33, 58, 42, 35, 30, 43, 53, 39, 56, 36, 34, 42, 51, 39, 55]  min=30
Loading P1L_S4_C2
  Y: (9216, 1131)  people=25  frames/person=[30, 60, 31, 54, 30, 43, 39, 60, 50, 56, 42, 45, 45, 53, 45, 58, 35, 44, 37, 54, 34, 51, 58, 39, 38]  min=30
Loading P1L_S4_C3
  Y: (9216, 842)  people=25  frames/person=[41, 41, 23, 26, 32, 34, 22, 32, 32, 29, 44, 30, 31, 34, 37, 39, 39, 39, 33, 26, 25, 39, 41, 33, 40]  min=22
  warning: 6 people have fewer than 30 available frames (kept all)
sequences=24  people=25  k=5
frames/person ~ Unif[30, 60]
sigmas=(0.0, 0.25, 0.5, 0.75)  n_trials=10  csv=split_k5_sigmas_min30_trials10.csv
train 0 k=5  people=['0006', '0013', '0014', '0022', '0027']
train 1 k=5  people=['0004', '0009', '0019', '0025', '0026']
train 2 k=5  people=['0001', '0005', '0011', '0023', '0024']
train 3 k=5  people=['0007', '0010', '0015', '0016', '0021']
test    k=5  people=['0003', '0012', '0017', '0018', '0020']
methods=['OSC', 'SSC-TV-L21', 'SSC-TV-L21-col', 'TKSS', 'BDOSC']  append=False  hetero_noise=False  no_tune=False
σ=0.0: train mats=96  test mats=24
σ=0.25: train mats=96  test mats=24
σ=0.5: train mats=96  test mats=24
σ=0.75: train mats=96  test mats=24
pooled train mats for tuning=384

============================================================
BDOSC: skip tuning, fixed lambda_1=0.2, lambda_2=1, gamma_1=0.01, p=1.1, max_iter=50
  wrote /nfs/turbo/umms-minjilab/lpullela/icassp_ssc_tv2/surveillance_dataset/split_k5_sigmas_min30_trials10_params.json

============================================================
--- tune OSC over 384 train mats ---
  OSC trial 0: mean ARI=0.6836  n=384  1906.0s  lambda_1=0.1, lambda_2=0.1
  OSC trial 1: mean ARI=0.6537  n=384  1821.9s  lambda_1=0.1568, lambda_2=0.7257
  OSC trial 2: mean ARI=0.5715  n=384  1842.9s  lambda_1=0.2577, lambda_2=0.1512
  OSC trial 3: mean ARI=0.7233  n=384  1801.4s  lambda_1=0.0495, lambda_2=0.3833
  OSC trial 4: mean ARI=0.7171  n=384  1822.1s  lambda_1=0.05628, lambda_2=3.691
  OSC trial 5: mean ARI=0.0016  n=384  1823.1s  lambda_1=7.156, lambda_2=0.03418
  OSC trial 6: mean ARI=0.0016  n=384  1833.0s  lambda_1=1.469, lambda_2=0.1305
  OSC trial 7: mean ARI=0.6382  n=384  1856.6s  lambda_1=0.1871, lambda_2=5.039
  OSC trial 8: mean ARI=0.7401  n=384  1900.3s  lambda_1=0.001924, lambda_2=0.002231
  OSC trial 9: mean ARI=0.7466  n=384  1883.1s  lambda_1=0.001205, lambda_2=2.14
  best mean ARI=0.7466  tune 18490.5s  lambda_1=0.001205, lambda_2=2.14
  wrote /nfs/turbo/umms-minjilab/lpullela/icassp_ssc_tv2/surveillance_dataset/split_k5_sigmas_min30_trials10_params.json

============================================================
--- tune SSC-TV-L21 over 384 train mats ---
  SSC-TV-L21 trial 0: mean ARI=0.7352  n=384  975.2s  lambda_e=1, lambda_z=0.1, gamma_p=0.1, gamma_q=0.1
  SSC-TV-L21 trial 1: mean ARI=0.8158  n=384  674.3s  lambda_e=0.443, lambda_z=0.7257, gamma_p=0.2577, gamma_q=0.1512
  SSC-TV-L21 trial 2: mean ARI=0.7210  n=384  976.9s  lambda_e=0.1866, lambda_z=0.3833, gamma_p=0.05628, gamma_q=3.691
  SSC-TV-L21 trial 3: mean ARI=0.0242  n=384  978.2s  lambda_e=7.78, lambda_z=0.03418, gamma_p=1.469, gamma_q=0.1305
  SSC-TV-L21 trial 4: mean ARI=0.6027  n=384  976.9s  lambda_e=0.506, lambda_z=5.039, gamma_p=0.001924, gamma_q=0.002231
  SSC-TV-L21 trial 5: mean ARI=0.7469  n=384  978.7s  lambda_e=0.0115, lambda_z=2.14, gamma_p=1.296, gamma_q=3.02
  SSC-TV-L21 trial 6: mean ARI=0.7973  n=384  988.5s  lambda_e=8.627, lambda_z=1.573, gamma_p=0.07013, gamma_q=1.325
  SSC-TV-L21 trial 7: mean ARI=0.7161  n=384  1096.9s  lambda_e=0.02264, lambda_z=0.3628, gamma_p=0.003745, gamma_q=6.007
  SSC-TV-L21 trial 8: mean ARI=0.1162  n=384  1098.4s  lambda_e=0.3677, lambda_z=0.04557, gamma_p=0.01143, gamma_q=1.25
  SSC-TV-L21 trial 9: mean ARI=0.7523  n=384  1095.6s  lambda_e=0.2336, lambda_z=0.1878, gamma_p=0.001189, gamma_q=0.2955
  best mean ARI=0.8158  tune 9839.7s  lambda_e=0.443, lambda_z=0.7257, gamma_p=0.2577, gamma_q=0.1512
  wrote /nfs/turbo/umms-minjilab/lpullela/icassp_ssc_tv2/surveillance_dataset/split_k5_sigmas_min30_trials10_params.json

============================================================
--- tune SSC-TV-L21-col over 384 train mats ---
  SSC-TV-L21-col trial 0: mean ARI=0.7537  n=384  1028.9s  lambda_e=1, lambda_z=0.1, gamma_q=0.1
  SSC-TV-L21-col trial 1: mean ARI=0.7982  n=384  747.7s  lambda_e=0.443, lambda_z=0.7257, gamma_q=0.2577
  SSC-TV-L21-col trial 2: mean ARI=0.0866  n=384  984.0s  lambda_e=0.4312, lambda_z=0.0495, gamma_q=0.3833
  SSC-TV-L21-col trial 3: mean ARI=0.7981  n=384  965.9s  lambda_e=0.2055, lambda_z=3.691, gamma_q=7.156
  SSC-TV-L21-col trial 4: mean ARI=0.7619  n=384  726.7s  lambda_e=0.1414, lambda_z=1.469, gamma_q=0.1305
  SSC-TV-L21-col trial 5: mean ARI=0.6359  n=384  933.7s  lambda_e=0.506, lambda_z=5.039, gamma_q=0.001924
  SSC-TV-L21-col trial 6: mean ARI=0.0013  n=384  957.1s  lambda_e=0.01826, lambda_z=0.001205, gamma_q=2.14
  SSC-TV-L21-col trial 7: mean ARI=0.7963  n=384  960.7s  lambda_e=2.16, lambda_z=3.02, gamma_q=8.212
  SSC-TV-L21-col trial 8: mean ARI=0.1359  n=384  957.1s  lambda_e=2.497, lambda_z=0.07013, gamma_q=1.325
  SSC-TV-L21-col trial 9: mean ARI=0.6805  n=384  959.7s  lambda_e=0.02264, lambda_z=0.3628, gamma_q=0.003745
  best mean ARI=0.7982  tune 9221.5s  lambda_e=0.443, lambda_z=0.7257, gamma_q=0.2577
  wrote /nfs/turbo/umms-minjilab/lpullela/icassp_ssc_tv2/surveillance_dataset/split_k5_sigmas_min30_trials10_params.json

============================================================
--- tune TKSS over 384 train mats ---
  TKSS trial 0: mean ARI=0.7242  n=384  242.5s  d=5, lam=1, s=2
  TKSS trial 1: mean ARI=0.7066  n=384  373.0s  d=9, lam=1.398, s=4
  TKSS trial 2: mean ARI=0.7169  n=384  254.6s  d=9, lam=0.1866, s=4
  TKSS trial 3: mean ARI=0.6844  n=384  532.2s  d=7, lam=4.735, s=6
  TKSS trial 4: mean ARI=0.7032  n=384  378.4s  d=6, lam=2.372, s=4
  TKSS trial 5: mean ARI=0.7263  n=384  151.1s  d=9, lam=5.981, s=1
  TKSS trial 6: mean ARI=0.7196  n=384  284.1s  d=2, lam=0.0115, s=5
  TKSS trial 7: mean ARI=0.6886  n=384  569.1s  d=12, lam=4.074, s=6
  TKSS trial 8: mean ARI=0.7052  n=384  411.0s  d=12, lam=0.2423, s=5
  TKSS trial 9: mean ARI=0.7234  n=384  371.8s  d=2, lam=0.8313, s=1
  best mean ARI=0.7263  tune 3567.9s  d=9, lam=5.981, s=1
  wrote /nfs/turbo/umms-minjilab/lpullela/icassp_ssc_tv2/surveillance_dataset/split_k5_sigmas_min30_trials10_params.json

=== P1E_S1_C1 train[0] k=5  dim=9216  frames=224  σ=0.0 ===
  OSC: ACC=0.7143  NMI=0.7692  ARI=0.6163  5.0s
  SSC-TV-L21: ACC=0.9152  NMI=0.8860  ARI=0.8094  2.5s
  SSC-TV-L21-col: ACC=0.6518  NMI=0.6834  ARI=0.4704  2.4s
  TKSS: ACC=0.9420  NMI=0.8810  ARI=0.8621  0.3s
  BDOSC: ACC=0.6920  NMI=0.7322  ARI=0.5782  5.8s

=== P1E_S1_C1 train[1] k=5  dim=9216  frames=206  σ=0.0 ===
  OSC: ACC=0.9563  NMI=0.9315  ARI=0.9052  4.4s
  SSC-TV-L21: ACC=0.9515  NMI=0.9270  ARI=0.8961  2.3s
  SSC-TV-L21-col: ACC=0.7767  NMI=0.7964  ARI=0.6569  2.2s
  TKSS: ACC=0.8835  NMI=0.7999  ARI=0.7422  0.3s
  BDOSC: ACC=0.7864  NMI=0.7982  ARI=0.6591  3.2s

=== P1E_S1_C1 train[2] k=5  dim=9216  frames=222  σ=0.0 ===
  OSC: ACC=0.4730  NMI=0.6205  ARI=0.3349  4.7s
  SSC-TV-L21: ACC=0.6396  NMI=0.7631  ARI=0.5689  2.4s
  SSC-TV-L21-col: ACC=0.6802  NMI=0.7938  ARI=0.6236  2.3s
  TKSS: ACC=0.8468  NMI=0.7614  ARI=0.6789  1.0s
  BDOSC: ACC=0.5045  NMI=0.6567  ARI=0.4063  3.5s

=== P1E_S1_C1 train[3] k=5  dim=9216  frames=191  σ=0.0 ===
  OSC: ACC=0.6387  NMI=0.7418  ARI=0.5621  4.0s
  SSC-TV-L21: ACC=0.6492  NMI=0.7741  ARI=0.5968  2.0s
  SSC-TV-L21-col: ACC=0.5969  NMI=0.7001  ARI=0.5188  1.9s
  TKSS: ACC=0.8115  NMI=0.7292  ARI=0.6303  0.7s
  BDOSC: ACC=0.6440  NMI=0.7329  ARI=0.5640  2.7s

=== P1E_S1_C2 train[0] k=5  dim=9216  frames=201  σ=0.0 ===
  OSC: ACC=0.9950  NMI=0.9861  ARI=0.9906  4.2s
  SSC-TV-L21: ACC=0.9701  NMI=0.9351  ARI=0.9212  2.2s
  SSC-TV-L21-col: ACC=0.9552  NMI=0.9224  ARI=0.9074  2.2s
  TKSS: ACC=0.8507  NMI=0.7806  ARI=0.7155  1.4s
  BDOSC: ACC=0.9552  NMI=0.9182  ARI=0.9089  2.9s

=== P1E_S1_C2 train[1] k=5  dim=9216  frames=174  σ=0.0 ===
  OSC: ACC=1.0000  NMI=1.0000  ARI=1.0000  3.9s
  SSC-TV-L21: ACC=1.0000  NMI=1.0000  ARI=1.0000  2.1s
  SSC-TV-L21-col: ACC=0.9943  NMI=0.9840  ARI=0.9878  2.1s
  TKSS: ACC=0.8506  NMI=0.7783  ARI=0.6954  0.2s
  BDOSC: ACC=0.9943  NMI=0.9830  ARI=0.9833  2.5s

=== P1E_S1_C2 train[2] k=5  dim=9216  frames=204  σ=0.0 ===
  OSC: ACC=0.5490  NMI=0.6600  ARI=0.4064  4.9s
  SSC-TV-L21: ACC=0.8578  NMI=0.7730  ARI=0.6844  2.8s
  SSC-TV-L21-col: ACC=0.8284  NMI=0.7466  ARI=0.6297  2.7s
  TKSS: ACC=0.9118  NMI=0.8274  ARI=0.7978  0.6s
  BDOSC: ACC=0.9314  NMI=0.8685  ARI=0.8487  3.3s

=== P1E_S1_C2 train[3] k=5  dim=9216  frames=182  σ=0.0 ===
  OSC: ACC=0.9670  NMI=0.9326  ARI=0.9200  4.1s
  SSC-TV-L21: ACC=0.7143  NMI=0.8035  ARI=0.6853  2.3s
  SSC-TV-L21-col: ACC=0.7088  NMI=0.8335  ARI=0.7052  2.2s
  TKSS: ACC=0.8681  NMI=0.7798  ARI=0.7144  0.5s
  BDOSC: ACC=0.9560  NMI=0.9079  ARI=0.9023  2.6s

=== P1E_S1_C3 train[0] k=5  dim=9216  frames=98  σ=0.0 ===
  OSC: ACC=0.9694  NMI=0.9420  ARI=0.9241  1.7s
  SSC-TV-L21: ACC=0.7449  NMI=0.7709  ARI=0.5939  0.8s
  SSC-TV-L21-col: ACC=0.6735  NMI=0.7059  ARI=0.4941  0.8s
  TKSS: ACC=0.8367  NMI=0.7547  ARI=0.6535  0.2s
  BDOSC: ACC=0.9592  NMI=0.9173  ARI=0.9022  0.9s

=== P1E_S1_C3 train[1] k=5  dim=9216  frames=93  σ=0.0 ===
  OSC: ACC=0.9785  NMI=0.9546  ARI=0.9423  1.6s
  SSC-TV-L21: ACC=0.9785  NMI=0.9546  ARI=0.9423  0.8s
  SSC-TV-L21-col: ACC=0.9785  NMI=0.9546  ARI=0.9423  0.8s
  TKSS: ACC=0.7742  NMI=0.7521  ARI=0.6334  0.2s
  BDOSC: ACC=0.6989  NMI=0.7369  ARI=0.6026  0.8s

=== P1E_S1_C3 train[2] k=5  dim=9216  frames=68  σ=0.0 ===
  OSC: ACC=0.8529  NMI=0.8716  ARI=0.7880  1.1s
  SSC-TV-L21: ACC=0.4559  NMI=0.4677  ARI=0.2262  0.5s
  SSC-TV-L21-col: ACC=0.5294  NMI=0.5439  ARI=0.2712  0.5s
  TKSS: ACC=0.8235  NMI=0.7526  ARI=0.6530  0.1s
  BDOSC: ACC=0.7647  NMI=0.7369  ARI=0.6431  0.4s

=== P1E_S1_C3 train[3] k=5  dim=9216  frames=87  σ=0.0 ===
  OSC: ACC=0.9540  NMI=0.9150  ARI=0.8976  1.5s
  SSC-TV-L21: ACC=0.9540  NMI=0.9150  ARI=0.8976  0.7s
  SSC-TV-L21-col: ACC=0.8391  NMI=0.9020  ARI=0.7996  0.7s
  TKSS: ACC=0.8966  NMI=0.8132  ARI=0.7617  0.1s
  BDOSC: ACC=0.8966  NMI=0.8132  ARI=0.7590  0.7s

=== P1E_S2_C1 train[0] k=5  dim=9216  frames=229  σ=0.0 ===
  OSC: ACC=0.9039  NMI=0.8795  ARI=0.8149  5.6s
  SSC-TV-L21: ACC=0.7686  NMI=0.7757  ARI=0.6080  3.4s
  SSC-TV-L21-col: ACC=0.7555  NMI=0.7707  ARI=0.5980  3.4s
  TKSS: ACC=0.9345  NMI=0.8651  ARI=0.8461  1.5s
  BDOSC: ACC=0.7948  NMI=0.7586  ARI=0.6380  4.0s

=== P1E_S2_C1 train[1] k=5  dim=9216  frames=215  σ=0.0 ===
  OSC: ACC=0.9349  NMI=0.9110  ARI=0.8546  5.5s
  SSC-TV-L21: ACC=0.9302  NMI=0.9077  ARI=0.8466  3.1s
  SSC-TV-L21-col: ACC=0.9349  NMI=0.9110  ARI=0.8546  3.1s
  TKSS: ACC=0.8558  NMI=0.7731  ARI=0.7079  0.9s
  BDOSC: ACC=0.6605  NMI=0.7275  ARI=0.5528  3.8s

=== P1E_S2_C1 train[2] k=5  dim=9216  frames=222  σ=0.0 ===
  OSC: ACC=0.4324  NMI=0.6487  ARI=0.3469  5.5s
  SSC-TV-L21: ACC=0.7297  NMI=0.8439  ARI=0.7079  3.1s
  SSC-TV-L21-col: ACC=0.7252  NMI=0.8438  ARI=0.7076  3.0s
  TKSS: ACC=0.8018  NMI=0.7207  ARI=0.6134  1.9s
  BDOSC: ACC=0.9640  NMI=0.9101  ARI=0.9098  3.8s

=== P1E_S2_C1 train[3] k=5  dim=9216  frames=196  σ=0.0 ===
  OSC: ACC=0.5816  NMI=0.7371  ARI=0.5204  4.7s
  SSC-TV-L21: ACC=0.6071  NMI=0.7434  ARI=0.5312  2.6s
  SSC-TV-L21-col: ACC=0.5816  NMI=0.7371  ARI=0.5204  2.6s
  TKSS: ACC=0.8469  NMI=0.7634  ARI=0.6860  0.8s
  BDOSC: ACC=0.6531  NMI=0.7052  ARI=0.5263  3.1s

=== P1E_S2_C2 train[0] k=5  dim=9216  frames=198  σ=0.0 ===
  OSC: ACC=0.9495  NMI=0.9014  ARI=0.8700  4.8s
  SSC-TV-L21: ACC=0.9343  NMI=0.8877  ARI=0.8298  2.6s
  SSC-TV-L21-col: ACC=0.9141  NMI=0.8559  ARI=0.7883  2.6s
  TKSS: ACC=0.7172  NMI=0.6935  ARI=0.5547  0.8s
  BDOSC: ACC=0.9444  NMI=0.8943  ARI=0.8611  3.1s

=== P1E_S2_C2 train[1] k=5  dim=9216  frames=191  σ=0.0 ===
  OSC: ACC=0.9895  NMI=0.9697  ARI=0.9743  4.5s
  SSC-TV-L21: ACC=0.9738  NMI=0.9326  ARI=0.9343  2.4s
  SSC-TV-L21-col: ACC=0.9948  NMI=0.9846  ARI=0.9861  2.4s
  TKSS: ACC=0.9162  NMI=0.8455  ARI=0.8033  0.5s
  BDOSC: ACC=0.9267  NMI=0.8633  ARI=0.8242  2.9s

=== P1E_S2_C2 train[2] k=5  dim=9216  frames=211  σ=0.0 ===
  OSC: ACC=0.9526  NMI=0.9141  ARI=0.8947  5.3s
  SSC-TV-L21: ACC=0.9384  NMI=0.8873  ARI=0.8634  3.0s
  SSC-TV-L21-col: ACC=0.9289  NMI=0.8737  ARI=0.8444  2.9s
  TKSS: ACC=0.9147  NMI=0.8294  ARI=0.7972  1.8s
  BDOSC: ACC=0.8910  NMI=0.8404  ARI=0.7664  3.6s

=== P1E_S2_C2 train[3] k=5  dim=9216  frames=191  σ=0.0 ===
  OSC: ACC=0.6230  NMI=0.7495  ARI=0.5637  4.6s
  SSC-TV-L21: ACC=0.7330  NMI=0.7880  ARI=0.6534  2.5s
  SSC-TV-L21-col: ACC=0.7330  NMI=0.7986  ARI=0.6402  2.4s
  TKSS: ACC=0.8168  NMI=0.7484  ARI=0.6486  1.0s
  BDOSC: ACC=0.8482  NMI=0.7836  ARI=0.6813  3.0s

=== P1E_S2_C3 train[0] k=5  dim=9216  frames=165  σ=0.0 ===
  OSC: ACC=1.0000  NMI=1.0000  ARI=1.0000  3.3s
  SSC-TV-L21: ACC=1.0000  NMI=1.0000  ARI=1.0000  1.7s
  SSC-TV-L21-col: ACC=0.9818  NMI=0.9520  ARI=0.9480  1.7s
  TKSS: ACC=0.7394  NMI=0.6912  ARI=0.5540  0.2s
  BDOSC: ACC=0.9212  NMI=0.8451  ARI=0.8017  2.2s

=== P1E_S2_C3 train[1] k=5  dim=9216  frames=156  σ=0.0 ===
  OSC: ACC=1.0000  NMI=1.0000  ARI=1.0000  3.1s
  SSC-TV-L21: ACC=0.9231  NMI=0.8868  ARI=0.8174  1.5s
  SSC-TV-L21-col: ACC=0.9038  NMI=0.8748  ARI=0.7858  1.4s
  TKSS: ACC=0.9167  NMI=0.8340  ARI=0.8011  0.2s
  BDOSC: ACC=0.9872  NMI=0.9640  ARI=0.9662  1.9s

=== P1E_S2_C3 train[2] k=5  dim=9216  frames=174  σ=0.0 ===
  OSC: ACC=0.9253  NMI=0.8986  ARI=0.8566  3.5s
  SSC-TV-L21: ACC=0.9943  NMI=0.9838  ARI=0.9860  1.7s
  SSC-TV-L21-col: ACC=0.9195  NMI=0.8737  ARI=0.8339  1.7s
  TKSS: ACC=0.8851  NMI=0.8004  ARI=0.7462  0.4s
  BDOSC: ACC=0.9828  NMI=0.9513  ARI=0.9578  2.3s

=== P1E_S2_C3 train[3] k=5  dim=9216  frames=160  σ=0.0 ===
  OSC: ACC=0.7750  NMI=0.8515  ARI=0.7507  3.1s
  SSC-TV-L21: ACC=0.7937  NMI=0.8322  ARI=0.7508  1.4s
  SSC-TV-L21-col: ACC=0.7812  NMI=0.8644  ARI=0.7670  1.4s
  TKSS: ACC=0.8500  NMI=0.7917  ARI=0.7077  0.5s
  BDOSC: ACC=0.9375  NMI=0.8767  ARI=0.8669  1.9s

=== P1E_S3_C1 train[0] k=5  dim=9216  frames=226  σ=0.0 ===
  OSC: ACC=0.6991  NMI=0.7547  ARI=0.5981  4.9s
  SSC-TV-L21: ACC=0.5752  NMI=0.7079  ARI=0.4324  2.6s
  SSC-TV-L21-col: ACC=0.7389  NMI=0.6925  ARI=0.5357  2.5s
  TKSS: ACC=0.8451  NMI=0.7602  ARI=0.6776  1.1s
  BDOSC: ACC=0.6991  NMI=0.7680  ARI=0.5984  3.7s

=== P1E_S3_C1 train[1] k=5  dim=9216  frames=217  σ=0.0 ===
  OSC: ACC=0.8618  NMI=0.8681  ARI=0.7643  4.9s
  SSC-TV-L21: ACC=0.8387  NMI=0.8463  ARI=0.7346  2.5s
  SSC-TV-L21-col: ACC=0.6774  NMI=0.6698  ARI=0.4855  2.4s
  TKSS: ACC=0.9217  NMI=0.8395  ARI=0.8123  0.3s
  BDOSC: ACC=0.7005  NMI=0.7243  ARI=0.5692  3.6s

=== P1E_S3_C1 train[2] k=5  dim=9216  frames=200  σ=0.0 ===
  OSC: ACC=0.6200  NMI=0.7515  ARI=0.5432  4.1s
  SSC-TV-L21: ACC=0.8800  NMI=0.8770  ARI=0.7621  2.2s
  SSC-TV-L21-col: ACC=0.7600  NMI=0.7640  ARI=0.5731  2.1s
  TKSS: ACC=0.8450  NMI=0.7783  ARI=0.6818  0.3s
  BDOSC: ACC=0.8250  NMI=0.7742  ARI=0.6303  2.9s

=== P1E_S3_C1 train[3] k=5  dim=9216  frames=211  σ=0.0 ===
  OSC: ACC=0.6398  NMI=0.7134  ARI=0.5356  4.7s
  SSC-TV-L21: ACC=0.6398  NMI=0.7226  ARI=0.5459  2.4s
  SSC-TV-L21-col: ACC=0.6351  NMI=0.7129  ARI=0.5332  2.3s
  TKSS: ACC=0.6777  NMI=0.6610  ARI=0.5019  0.9s
  BDOSC: ACC=0.8389  NMI=0.7614  ARI=0.6284  3.4s

=== P1E_S3_C2 train[0] k=5  dim=9216  frames=176  σ=0.0 ===
  OSC: ACC=0.6932  NMI=0.8291  ARI=0.6633  3.7s
  SSC-TV-L21: ACC=0.8068  NMI=0.7994  ARI=0.6979  1.8s
  SSC-TV-L21-col: ACC=0.8864  NMI=0.8472  ARI=0.8001  1.8s
  TKSS: ACC=0.8011  NMI=0.7262  ARI=0.6177  0.2s
  BDOSC: ACC=0.6761  NMI=0.8113  ARI=0.6466  2.3s

=== P1E_S3_C2 train[1] k=5  dim=9216  frames=202  σ=0.0 ===
  OSC: ACC=0.9554  NMI=0.9077  ARI=0.9053  4.2s
  SSC-TV-L21: ACC=0.9505  NMI=0.9246  ARI=0.8925  2.2s
  SSC-TV-L21-col: ACC=0.8911  NMI=0.8230  ARI=0.7893  2.1s
  TKSS: ACC=0.8168  NMI=0.7270  ARI=0.6172  0.3s
  BDOSC: ACC=0.9109  NMI=0.8361  ARI=0.7753  2.9s

=== P1E_S3_C2 train[2] k=5  dim=9216  frames=234  σ=0.0 ===
  OSC: ACC=0.4829  NMI=0.6511  ARI=0.3641  5.7s
  SSC-TV-L21: ACC=0.7436  NMI=0.8091  ARI=0.6674  3.5s
  SSC-TV-L21-col: ACC=0.7222  NMI=0.7708  ARI=0.6122  3.4s
  TKSS: ACC=0.8632  NMI=0.7727  ARI=0.7018  1.2s
  BDOSC: ACC=0.6453  NMI=0.7638  ARI=0.6013  4.0s

=== P1E_S3_C2 train[3] k=5  dim=9216  frames=211  σ=0.0 ===
  OSC: ACC=0.6161  NMI=0.7366  ARI=0.5177  4.7s
  SSC-TV-L21: ACC=0.6303  NMI=0.7255  ARI=0.5158  2.5s
  SSC-TV-L21-col: ACC=0.6303  NMI=0.7141  ARI=0.5059  2.4s
  TKSS: ACC=0.6682  NMI=0.6661  ARI=0.5079  0.3s
  BDOSC: ACC=0.9526  NMI=0.8971  ARI=0.8800  3.4s

=== P1E_S3_C3 train[0] k=5  dim=9216  frames=173  σ=0.0 ===
  OSC: ACC=0.9827  NMI=0.9604  ARI=0.9503  3.7s
  SSC-TV-L21: ACC=0.9827  NMI=0.9538  ARI=0.9510  2.0s
  SSC-TV-L21-col: ACC=0.9827  NMI=0.9604  ARI=0.9503  1.9s
  TKSS: ACC=0.7630  NMI=0.7158  ARI=0.5938  0.2s
  BDOSC: ACC=0.9595  NMI=0.9198  ARI=0.8922  2.4s

=== P1E_S3_C3 train[1] k=5  dim=9216  frames=150  σ=0.0 ===
  OSC: ACC=1.0000  NMI=1.0000  ARI=1.0000  3.1s
  SSC-TV-L21: ACC=1.0000  NMI=1.0000  ARI=1.0000  1.6s
  SSC-TV-L21-col: ACC=0.9867  NMI=0.9689  ARI=0.9677  1.6s
  TKSS: ACC=0.8400  NMI=0.7524  ARI=0.6570  0.3s
  BDOSC: ACC=0.9800  NMI=0.9436  ARI=0.9486  1.8s

=== P1E_S3_C3 train[2] k=5  dim=9216  frames=204  σ=0.0 ===
  OSC: ACC=0.7304  NMI=0.8329  ARI=0.6765  4.3s
  SSC-TV-L21: ACC=0.8922  NMI=0.8677  ARI=0.7847  2.2s
  SSC-TV-L21-col: ACC=0.9853  NMI=0.9615  ARI=0.9678  2.2s
  TKSS: ACC=0.8775  NMI=0.7925  ARI=0.7270  0.3s
  BDOSC: ACC=0.9167  NMI=0.8664  ARI=0.8203  3.1s

=== P1E_S3_C3 train[3] k=5  dim=9216  frames=167  σ=0.0 ===
  OSC: ACC=0.7425  NMI=0.8708  ARI=0.7394  3.4s
  SSC-TV-L21: ACC=0.7605  NMI=0.8725  ARI=0.7453  1.8s
  SSC-TV-L21-col: ACC=0.7545  NMI=0.8079  ARI=0.6965  1.7s
  TKSS: ACC=0.6886  NMI=0.6807  ARI=0.5320  0.4s
  BDOSC: ACC=0.9521  NMI=0.8890  ARI=0.8944  2.2s

=== P1E_S4_C1 train[0] k=5  dim=9216  frames=213  σ=0.0 ===
  OSC: ACC=0.8779  NMI=0.8658  ARI=0.8005  4.8s
  SSC-TV-L21: ACC=0.8826  NMI=0.8828  ARI=0.8179  2.5s
  SSC-TV-L21-col: ACC=0.8920  NMI=0.8982  ARI=0.8324  2.4s
  TKSS: ACC=0.9108  NMI=0.8458  ARI=0.7975  0.6s
  BDOSC: ACC=0.8122  NMI=0.7837  ARI=0.6903  3.4s

=== P1E_S4_C1 train[1] k=5  dim=9216  frames=210  σ=0.0 ===
  OSC: ACC=0.9905  NMI=0.9758  ARI=0.9765  5.2s
  SSC-TV-L21: ACC=0.9143  NMI=0.8991  ARI=0.8268  2.9s
  SSC-TV-L21-col: ACC=0.9238  NMI=0.9046  ARI=0.8409  2.8s
  TKSS: ACC=0.8190  NMI=0.7335  ARI=0.6369  0.3s
  BDOSC: ACC=0.8333  NMI=0.7966  ARI=0.6845  3.5s

=== P1E_S4_C1 train[2] k=5  dim=9216  frames=224  σ=0.0 ===
  OSC: ACC=0.6786  NMI=0.7676  ARI=0.5818  5.4s
  SSC-TV-L21: ACC=0.7366  NMI=0.8470  ARI=0.7004  3.1s
  SSC-TV-L21-col: ACC=0.6295  NMI=0.7154  ARI=0.5430  3.0s
  TKSS: ACC=0.8705  NMI=0.7792  ARI=0.7168  1.3s
  BDOSC: ACC=0.8705  NMI=0.8341  ARI=0.7719  3.9s

=== P1E_S4_C1 train[3] k=5  dim=9216  frames=230  σ=0.0 ===
  OSC: ACC=0.6652  NMI=0.7948  ARI=0.6308  5.6s
  SSC-TV-L21: ACC=0.6435  NMI=0.7768  ARI=0.5953  3.6s
  SSC-TV-L21-col: ACC=0.7000  NMI=0.7726  ARI=0.6302  3.5s
  TKSS: ACC=0.8739  NMI=0.7901  ARI=0.7262  1.9s
  BDOSC: ACC=0.8696  NMI=0.8042  ARI=0.7221  4.0s

=== P1E_S4_C2 train[0] k=5  dim=9216  frames=211  σ=0.0 ===
  OSC: ACC=0.9763  NMI=0.9430  ARI=0.9402  5.0s
  SSC-TV-L21: ACC=0.9621  NMI=0.9180  ARI=0.9039  2.7s
  SSC-TV-L21-col: ACC=0.9573  NMI=0.9214  ARI=0.8960  2.7s
  TKSS: ACC=0.8436  NMI=0.7565  ARI=0.6723  0.9s
  BDOSC: ACC=0.9621  NMI=0.9142  ARI=0.9035  3.5s

=== P1E_S4_C2 train[1] k=5  dim=9216  frames=182  σ=0.0 ===
  OSC: ACC=0.9890  NMI=0.9682  ARI=0.9717  4.2s
  SSC-TV-L21: ACC=0.9835  NMI=0.9530  ARI=0.9599  2.3s
  SSC-TV-L21-col: ACC=0.9945  NMI=0.9844  ARI=0.9871  2.2s
  TKSS: ACC=0.9396  NMI=0.8968  ARI=0.8653  0.5s
  BDOSC: ACC=0.9945  NMI=0.9844  ARI=0.9871  2.7s

=== P1E_S4_C2 train[2] k=5  dim=9216  frames=218  σ=0.0 ===
  OSC: ACC=1.0000  NMI=1.0000  ARI=1.0000  5.5s
  SSC-TV-L21: ACC=0.9954  NMI=0.9864  ARI=0.9890  3.1s
  SSC-TV-L21-col: ACC=0.9633  NMI=0.9314  ARI=0.9216  3.0s
  TKSS: ACC=0.9128  NMI=0.8316  ARI=0.7953  0.6s
  BDOSC: ACC=0.9541  NMI=0.9037  ARI=0.8977  3.8s

=== P1E_S4_C2 train[3] k=5  dim=9216  frames=199  σ=0.0 ===
  OSC: ACC=0.6030  NMI=0.7553  ARI=0.5552  4.9s
  SSC-TV-L21: ACC=0.7035  NMI=0.8524  ARI=0.7148  2.8s
  SSC-TV-L21-col: ACC=0.6734  NMI=0.8016  ARI=0.6313  2.7s
  TKSS: ACC=0.9146  NMI=0.8382  ARI=0.8023  0.8s
  BDOSC: ACC=0.6683  NMI=0.7837  ARI=0.6429  3.3s

=== P1E_S4_C3 train[0] k=5  dim=9216  frames=132  σ=0.0 ===
  OSC: ACC=0.9773  NMI=0.9447  ARI=0.9411  2.5s
  SSC-TV-L21: ACC=0.9773  NMI=0.9389  ARI=0.9440  1.1s
  SSC-TV-L21-col: ACC=0.9773  NMI=0.9443  ARI=0.9388  1.1s
  TKSS: ACC=0.8864  NMI=0.8123  ARI=0.7447  0.3s
  BDOSC: ACC=0.9242  NMI=0.8456  ARI=0.8255  1.4s

=== P1E_S4_C3 train[1] k=5  dim=9216  frames=149  σ=0.0 ===
  OSC: ACC=0.9597  NMI=0.9319  ARI=0.9005  3.0s
  SSC-TV-L21: ACC=0.9597  NMI=0.9214  ARI=0.9015  1.6s
  SSC-TV-L21-col: ACC=0.9597  NMI=0.9319  ARI=0.9005  1.6s
  TKSS: ACC=0.8188  NMI=0.7371  ARI=0.6315  0.5s
  BDOSC: ACC=0.9195  NMI=0.8471  ARI=0.8188  1.8s

=== P1E_S4_C3 train[2] k=5  dim=9216  frames=147  σ=0.0 ===
  OSC: ACC=0.9864  NMI=0.9683  ARI=0.9645  3.0s
  SSC-TV-L21: ACC=0.9660  NMI=0.9211  ARI=0.9156  1.6s
  SSC-TV-L21-col: ACC=0.9524  NMI=0.9041  ARI=0.8854  1.5s
  TKSS: ACC=0.9660  NMI=0.9133  ARI=0.9152  0.2s
  BDOSC: ACC=0.8776  NMI=0.7936  ARI=0.7314  1.8s

=== P1E_S4_C3 train[3] k=5  dim=9216  frames=137  σ=0.0 ===
  OSC: ACC=0.9854  NMI=0.9608  ARI=0.9634  2.7s
  SSC-TV-L21: ACC=0.9635  NMI=0.9190  ARI=0.9191  1.4s
  SSC-TV-L21-col: ACC=0.9854  NMI=0.9608  ARI=0.9634  1.4s
  TKSS: ACC=0.8540  NMI=0.7769  ARI=0.7002  0.1s
  BDOSC: ACC=0.9124  NMI=0.8416  ARI=0.7950  1.6s

=== P1L_S1_C1 train[0] k=5  dim=9216  frames=213  σ=0.0 ===
  OSC: ACC=0.7324  NMI=0.8528  ARI=0.6844  5.3s
  SSC-TV-L21: ACC=0.7324  NMI=0.8398  ARI=0.6776  2.8s
  SSC-TV-L21-col: ACC=0.7465  NMI=0.8537  ARI=0.6870  2.8s
  TKSS: ACC=0.8310  NMI=0.7474  ARI=0.6507  0.3s
  BDOSC: ACC=0.8685  NMI=0.8184  ARI=0.6964  3.7s

=== P1L_S1_C1 train[1] k=5  dim=9216  frames=188  σ=0.0 ===
  OSC: ACC=1.0000  NMI=1.0000  ARI=1.0000  4.2s
  SSC-TV-L21: ACC=1.0000  NMI=1.0000  ARI=1.0000  2.3s
  SSC-TV-L21-col: ACC=1.0000  NMI=1.0000  ARI=1.0000  2.2s
  TKSS: ACC=0.8777  NMI=0.7969  ARI=0.7422  0.7s
  BDOSC: ACC=0.9574  NMI=0.9132  ARI=0.8958  2.8s

=== P1L_S1_C1 train[2] k=5  dim=9216  frames=205  σ=0.0 ===
  OSC: ACC=0.8829  NMI=0.8822  ARI=0.7727  5.2s
  SSC-TV-L21: ACC=0.9415  NMI=0.8972  ARI=0.8653  2.9s
  SSC-TV-L21-col: ACC=0.9122  NMI=0.8638  ARI=0.8099  2.9s
  TKSS: ACC=0.9024  NMI=0.8351  ARI=0.7874  0.6s
  BDOSC: ACC=0.7220  NMI=0.7113  ARI=0.5582  3.5s

=== P1L_S1_C1 train[3] k=5  dim=9216  frames=222  σ=0.0 ===
  OSC: ACC=0.9324  NMI=0.9178  ARI=0.8771  5.6s
  SSC-TV-L21: ACC=0.9955  NMI=0.9868  ARI=0.9897  3.2s
  SSC-TV-L21-col: ACC=0.9910  NMI=0.9775  ARI=0.9798  3.1s
  TKSS: ACC=0.8874  NMI=0.8068  ARI=0.7536  1.0s
  BDOSC: ACC=0.6486  NMI=0.7620  ARI=0.6060  4.0s

=== P1L_S1_C2 train[0] k=5  dim=9216  frames=259  σ=0.0 ===
  OSC: ACC=0.6139  NMI=0.7329  ARI=0.4909  7.3s
  SSC-TV-L21: ACC=0.9884  NMI=0.9678  ARI=0.9716  4.8s
  SSC-TV-L21-col: ACC=0.9884  NMI=0.9679  ARI=0.9719  4.7s
  TKSS: ACC=0.9344  NMI=0.8642  ARI=0.8483  0.9s
  BDOSC: ACC=0.6409  NMI=0.7467  ARI=0.5640  5.4s

=== P1L_S1_C2 train[1] k=5  dim=9216  frames=189  σ=0.0 ===
  OSC: ACC=0.9259  NMI=0.9087  ARI=0.8496  4.4s
  SSC-TV-L21: ACC=1.0000  NMI=1.0000  ARI=1.0000  2.4s
  SSC-TV-L21-col: ACC=0.9947  NMI=0.9847  ARI=0.9866  2.4s
  TKSS: ACC=0.9735  NMI=0.9348  ARI=0.9348  0.5s
  BDOSC: ACC=0.9418  NMI=0.9021  ARI=0.8681  2.9s

=== P1L_S1_C2 train[2] k=5  dim=9216  frames=204  σ=0.0 ===
  OSC: ACC=0.4804  NMI=0.6951  ARI=0.4036  5.0s
  SSC-TV-L21: ACC=0.9118  NMI=0.8677  ARI=0.7891  2.9s
  SSC-TV-L21-col: ACC=0.9020  NMI=0.8460  ARI=0.7694  2.8s
  TKSS: ACC=0.8088  NMI=0.7334  ARI=0.6306  0.8s
  BDOSC: ACC=0.6765  NMI=0.7234  ARI=0.5497  3.4s

=== P1L_S1_C2 train[3] k=5  dim=9216  frames=224  σ=0.0 ===
  OSC: ACC=0.6027  NMI=0.7506  ARI=0.5431  5.5s
  SSC-TV-L21: ACC=0.8750  NMI=0.8695  ARI=0.7979  3.2s
  SSC-TV-L21-col: ACC=0.6741  NMI=0.7640  ARI=0.5896  3.1s
  TKSS: ACC=0.8795  NMI=0.7975  ARI=0.7387  1.0s
  BDOSC: ACC=0.6830  NMI=0.8155  ARI=0.6199  4.0s

=== P1L_S1_C3 train[0] k=5  dim=9216  frames=108  σ=0.0 ===
  OSC: ACC=0.6296  NMI=0.7382  ARI=0.4995  1.9s
  SSC-TV-L21: ACC=0.6481  NMI=0.7523  ARI=0.5314  1.0s
  SSC-TV-L21-col: ACC=0.6759  NMI=0.7697  ARI=0.5708  1.0s
  TKSS: ACC=0.9259  NMI=0.8538  ARI=0.8265  0.2s
  BDOSC: ACC=0.7500  NMI=0.7110  ARI=0.5692  1.0s

=== P1L_S1_C3 train[1] k=5  dim=9216  frames=115  σ=0.0 ===
  OSC: ACC=0.7304  NMI=0.8548  ARI=0.6715  2.1s
  SSC-TV-L21: ACC=0.7304  NMI=0.7778  ARI=0.6100  1.1s
  SSC-TV-L21-col: ACC=0.7304  NMI=0.8548  ARI=0.6715  1.1s
  TKSS: ACC=0.8870  NMI=0.8015  ARI=0.7405  0.2s
  BDOSC: ACC=0.8522  NMI=0.8145  ARI=0.6898  1.1s

=== P1L_S1_C3 train[2] k=5  dim=9216  frames=117  σ=0.0 ===
  OSC: ACC=0.6496  NMI=0.7226  ARI=0.4618  2.1s
  SSC-TV-L21: ACC=0.7094  NMI=0.7806  ARI=0.5851  1.1s
  SSC-TV-L21-col: ACC=0.7094  NMI=0.7803  ARI=0.6199  1.1s
  TKSS: ACC=0.7692  NMI=0.7073  ARI=0.5782  0.2s
  BDOSC: ACC=0.6496  NMI=0.7258  ARI=0.5521  1.2s

=== P1L_S1_C3 train[3] k=5  dim=9216  frames=101  σ=0.0 ===
  OSC: ACC=0.7921  NMI=0.7890  ARI=0.6389  1.8s
  SSC-TV-L21: ACC=0.9208  NMI=0.9093  ARI=0.8559  0.9s
  SSC-TV-L21-col: ACC=0.8911  NMI=0.8968  ARI=0.8235  0.9s
  TKSS: ACC=0.9010  NMI=0.8340  ARI=0.7820  0.1s
  BDOSC: ACC=0.9208  NMI=0.9117  ARI=0.8666  0.9s

=== P1L_S2_C1 train[0] k=5  dim=9216  frames=226  σ=0.0 ===
  OSC: ACC=0.9159  NMI=0.9014  ARI=0.8303  5.6s
  SSC-TV-L21: ACC=0.9115  NMI=0.8991  ARI=0.8243  3.1s
  SSC-TV-L21-col: ACC=0.8363  NMI=0.8028  ARI=0.6745  3.2s
  TKSS: ACC=0.9381  NMI=0.8674  ARI=0.8547  1.1s
  BDOSC: ACC=0.6991  NMI=0.7923  ARI=0.6525  4.0s

=== P1L_S2_C1 train[1] k=5  dim=9216  frames=236  σ=0.0 ===
  OSC: ACC=1.0000  NMI=1.0000  ARI=1.0000  6.4s
  SSC-TV-L21: ACC=1.0000  NMI=1.0000  ARI=1.0000  4.3s
  SSC-TV-L21-col: ACC=0.9025  NMI=0.8875  ARI=0.7870  4.2s
  TKSS: ACC=0.8856  NMI=0.8137  ARI=0.7574  1.2s
  BDOSC: ACC=0.6907  NMI=0.7651  ARI=0.5985  4.2s

=== P1L_S2_C1 train[2] k=5  dim=9216  frames=261  σ=0.0 ===
  OSC: ACC=0.7356  NMI=0.8032  ARI=0.6869  7.4s
  SSC-TV-L21: ACC=0.7318  NMI=0.8716  ARI=0.7407  4.9s
  SSC-TV-L21-col: ACC=0.7165  NMI=0.8449  ARI=0.7156  4.8s
  TKSS: ACC=0.9502  NMI=0.8987  ARI=0.8843  0.5s
  BDOSC: ACC=0.9119  NMI=0.8435  ARI=0.8005  5.6s

=== P1L_S2_C1 train[3] k=5  dim=9216  frames=215  σ=0.0 ===
  OSC: ACC=0.8605  NMI=0.8623  ARI=0.7152  5.5s
  SSC-TV-L21: ACC=0.8419  NMI=0.8254  ARI=0.6852  2.8s
  SSC-TV-L21-col: ACC=0.8558  NMI=0.8610  ARI=0.7108  3.0s
  TKSS: ACC=0.7488  NMI=0.6912  ARI=0.5572  0.3s
  BDOSC: ACC=0.6837  NMI=0.7536  ARI=0.5967  3.8s

=== P1L_S2_C2 train[0] k=5  dim=9216  frames=249  σ=0.0 ===
  OSC: ACC=0.8474  NMI=0.8124  ARI=0.6860  6.8s
  SSC-TV-L21: ACC=0.6506  NMI=0.7335  ARI=0.4972  4.6s
  SSC-TV-L21-col: ACC=0.6426  NMI=0.7261  ARI=0.4822  4.5s
  TKSS: ACC=0.9558  NMI=0.9102  ARI=0.8955  0.5s
  BDOSC: ACC=0.8876  NMI=0.8520  ARI=0.7695  4.8s

=== P1L_S2_C2 train[1] k=5  dim=9216  frames=233  σ=0.0 ===
  OSC: ACC=0.9185  NMI=0.9023  ARI=0.8323  6.4s
  SSC-TV-L21: ACC=1.0000  NMI=1.0000  ARI=1.0000  4.2s
  SSC-TV-L21-col: ACC=0.9185  NMI=0.9023  ARI=0.8323  4.1s
  TKSS: ACC=0.9399  NMI=0.8698  ARI=0.8570  0.4s
  BDOSC: ACC=0.9099  NMI=0.8509  ARI=0.7912  4.4s

=== P1L_S2_C2 train[2] k=5  dim=9216  frames=218  σ=0.0 ===
  OSC: ACC=0.8028  NMI=0.7988  ARI=0.6874  5.5s
  SSC-TV-L21: ACC=0.9954  NMI=0.9867  ARI=0.9906  3.1s
  SSC-TV-L21-col: ACC=0.9174  NMI=0.8990  ARI=0.8652  3.0s
  TKSS: ACC=0.7890  NMI=0.7123  ARI=0.5930  0.3s
  BDOSC: ACC=0.9725  NMI=0.9265  ARI=0.9372  3.9s

=== P1L_S2_C2 train[3] k=5  dim=9216  frames=242  σ=0.0 ===
  OSC: ACC=0.7231  NMI=0.8617  ARI=0.7091  6.7s
  SSC-TV-L21: ACC=0.7645  NMI=0.8618  ARI=0.7408  4.3s
  SSC-TV-L21-col: ACC=0.7355  NMI=0.8441  ARI=0.7178  4.2s
  TKSS: ACC=0.9298  NMI=0.8624  ARI=0.8392  0.8s
  BDOSC: ACC=0.8430  NMI=0.7775  ARI=0.6991  4.8s

=== P1L_S2_C3 train[0] k=5  dim=9216  frames=177  σ=0.0 ===
  OSC: ACC=0.8362  NMI=0.8536  ARI=0.6816  3.8s
  SSC-TV-L21: ACC=1.0000  NMI=1.0000  ARI=1.0000  2.0s
  SSC-TV-L21-col: ACC=1.0000  NMI=1.0000  ARI=1.0000  2.0s
  TKSS: ACC=0.8079  NMI=0.7402  ARI=0.6353  0.5s
  BDOSC: ACC=0.9887  NMI=0.9671  ARI=0.9707  2.5s

=== P1L_S2_C3 train[1] k=5  dim=9216  frames=151  σ=0.0 ===
  OSC: ACC=1.0000  NMI=1.0000  ARI=1.0000  3.1s
  SSC-TV-L21: ACC=1.0000  NMI=1.0000  ARI=1.0000  1.5s
  SSC-TV-L21-col: ACC=0.9868  NMI=0.9684  ARI=0.9655  1.6s
  TKSS: ACC=0.8146  NMI=0.7540  ARI=0.6516  0.2s
  BDOSC: ACC=0.6821  NMI=0.7474  ARI=0.5948  1.9s

=== P1L_S2_C3 train[2] k=5  dim=9216  frames=175  σ=0.0 ===
  OSC: ACC=0.8800  NMI=0.8743  ARI=0.7440  4.0s
  SSC-TV-L21: ACC=0.8857  NMI=0.8768  ARI=0.7515  2.2s
  SSC-TV-L21-col: ACC=0.8914  NMI=0.8795  ARI=0.7596  2.1s
  TKSS: ACC=0.8743  NMI=0.7916  ARI=0.7211  0.4s
  BDOSC: ACC=0.9886  NMI=0.9734  ARI=0.9771  2.5s

=== P1L_S2_C3 train[3] k=5  dim=9216  frames=171  σ=0.0 ===
  OSC: ACC=0.6667  NMI=0.7844  ARI=0.6182  3.8s
  SSC-TV-L21: ACC=0.9474  NMI=0.9049  ARI=0.8730  2.0s
  SSC-TV-L21-col: ACC=0.9123  NMI=0.8627  ARI=0.8015  2.0s
  TKSS: ACC=0.9064  NMI=0.8224  ARI=0.7896  0.4s
  BDOSC: ACC=0.9708  NMI=0.9344  ARI=0.9272  2.4s

=== P1L_S3_C1 train[0] k=5  dim=9216  frames=200  σ=0.0 ===
  OSC: ACC=0.7900  NMI=0.7574  ARI=0.6096  4.8s
  SSC-TV-L21: ACC=0.5850  NMI=0.6917  ARI=0.4294  2.2s
  SSC-TV-L21-col: ACC=0.5850  NMI=0.7116  ARI=0.4353  2.7s
  TKSS: ACC=0.7950  NMI=0.7221  ARI=0.6063  0.3s
  BDOSC: ACC=0.6250  NMI=0.6781  ARI=0.4970  3.2s

=== P1L_S3_C1 train[1] k=5  dim=9216  frames=208  σ=0.0 ===
  OSC: ACC=1.0000  NMI=1.0000  ARI=1.0000  5.0s
  SSC-TV-L21: ACC=1.0000  NMI=1.0000  ARI=1.0000  2.7s
  SSC-TV-L21-col: ACC=1.0000  NMI=1.0000  ARI=1.0000  2.8s
  TKSS: ACC=0.8990  NMI=0.8304  ARI=0.7765  0.6s
  BDOSC: ACC=0.7212  NMI=0.8158  ARI=0.6934  3.5s

=== P1L_S3_C1 train[2] k=5  dim=9216  frames=214  σ=0.0 ===
  OSC: ACC=0.6963  NMI=0.8420  ARI=0.6807  5.4s
  SSC-TV-L21: ACC=0.7196  NMI=0.8155  ARI=0.6714  3.1s
  SSC-TV-L21-col: ACC=0.7243  NMI=0.8157  ARI=0.6721  3.1s
  TKSS: ACC=0.8551  NMI=0.7668  ARI=0.6963  0.6s
  BDOSC: ACC=0.6075  NMI=0.6994  ARI=0.4785  3.6s

=== P1L_S3_C1 train[3] k=5  dim=9216  frames=195  σ=0.0 ===
  OSC: ACC=0.9385  NMI=0.9128  ARI=0.8561  4.7s
  SSC-TV-L21: ACC=0.9128  NMI=0.8954  ARI=0.8114  2.6s
  SSC-TV-L21-col: ACC=0.8974  NMI=0.8874  ARI=0.7893  2.5s
  TKSS: ACC=0.9026  NMI=0.8150  ARI=0.7684  0.8s
  BDOSC: ACC=0.8821  NMI=0.8026  ARI=0.7301  3.1s

=== P1L_S3_C2 train[0] k=5  dim=9216  frames=261  σ=0.0 ===
  OSC: ACC=0.7050  NMI=0.8596  ARI=0.6981  7.3s
  SSC-TV-L21: ACC=0.6935  NMI=0.8367  ARI=0.6749  4.9s
  SSC-TV-L21-col: ACC=0.9349  NMI=0.8965  ARI=0.8481  4.8s
  TKSS: ACC=0.8966  NMI=0.8197  ARI=0.7760  0.5s
  BDOSC: ACC=0.8966  NMI=0.8099  ARI=0.7751  5.6s

=== P1L_S3_C2 train[1] k=5  dim=9216  frames=206  σ=0.0 ===
  OSC: ACC=0.7476  NMI=0.8657  ARI=0.7218  5.2s
  SSC-TV-L21: ACC=0.7379  NMI=0.8653  ARI=0.7205  2.9s
  SSC-TV-L21-col: ACC=0.7379  NMI=0.8405  ARI=0.7012  2.8s
  TKSS: ACC=0.9272  NMI=0.8488  ARI=0.8281  0.3s
  BDOSC: ACC=0.7573  NMI=0.7113  ARI=0.5261  3.5s

=== P1L_S3_C2 train[2] k=5  dim=9216  frames=275  σ=0.0 ===
  OSC: ACC=0.6836  NMI=0.7184  ARI=0.5580  7.5s
  SSC-TV-L21: ACC=0.5236  NMI=0.6333  ARI=0.3693  4.9s
  SSC-TV-L21-col: ACC=0.6000  NMI=0.7168  ARI=0.4613  4.8s
  TKSS: ACC=0.9418  NMI=0.8849  ARI=0.8655  1.0s
  BDOSC: ACC=0.6400  NMI=0.7303  ARI=0.5490  5.9s

=== P1L_S3_C2 train[3] k=5  dim=9216  frames=231  σ=0.0 ===
  OSC: ACC=0.6190  NMI=0.7708  ARI=0.5914  6.4s
  SSC-TV-L21: ACC=0.9394  NMI=0.9223  ARI=0.8904  4.2s
  SSC-TV-L21-col: ACC=0.8225  NMI=0.7869  ARI=0.6586  4.1s
  TKSS: ACC=0.8874  NMI=0.8183  ARI=0.7661  0.4s
  BDOSC: ACC=0.6710  NMI=0.7330  ARI=0.5885  4.4s

=== P1L_S3_C3 train[0] k=5  dim=9216  frames=180  σ=0.0 ===
  OSC: ACC=1.0000  NMI=1.0000  ARI=1.0000  4.0s
  SSC-TV-L21: ACC=0.6444  NMI=0.7329  ARI=0.4853  2.1s
  SSC-TV-L21-col: ACC=0.6222  NMI=0.7210  ARI=0.4597  2.1s
  TKSS: ACC=0.9333  NMI=0.8609  ARI=0.8410  0.4s
  BDOSC: ACC=0.9889  NMI=0.9683  ARI=0.9725  2.6s

=== P1L_S3_C3 train[1] k=5  dim=9216  frames=209  σ=0.0 ===
  OSC: ACC=1.0000  NMI=1.0000  ARI=1.0000  5.2s
  SSC-TV-L21: ACC=0.7512  NMI=0.8725  ARI=0.7449  2.9s
  SSC-TV-L21-col: ACC=0.9904  NMI=0.9767  ARI=0.9796  2.9s
  TKSS: ACC=0.8947  NMI=0.8127  ARI=0.7656  0.3s
  BDOSC: ACC=0.9809  NMI=0.9521  ARI=0.9485  3.5s

=== P1L_S3_C3 train[2] k=5  dim=9216  frames=191  σ=0.0 ===
  OSC: ACC=0.9791  NMI=0.9582  ARI=0.9553  4.5s
  SSC-TV-L21: ACC=0.9162  NMI=0.8825  ARI=0.8495  2.5s
  SSC-TV-L21-col: ACC=0.6754  NMI=0.7471  ARI=0.5806  2.4s
  TKSS: ACC=0.8010  NMI=0.7265  ARI=0.6186  0.3s
  BDOSC: ACC=0.7225  NMI=0.8574  ARI=0.6907  2.9s

=== P1L_S3_C3 train[3] k=5  dim=9216  frames=203  σ=0.0 ===
  OSC: ACC=0.8128  NMI=0.7865  ARI=0.6356  5.0s
  SSC-TV-L21: ACC=0.9803  NMI=0.9600  ARI=0.9580  2.9s
  SSC-TV-L21-col: ACC=0.9754  NMI=0.9535  ARI=0.9483  2.8s
  TKSS: ACC=0.8325  NMI=0.7667  ARI=0.6837  0.3s
  BDOSC: ACC=0.9704  NMI=0.9398  ARI=0.9393  3.3s

=== P1L_S4_C1 train[0] k=5  dim=9216  frames=223  σ=0.0 ===
  OSC: ACC=0.6457  NMI=0.7372  ARI=0.4961  5.4s
  SSC-TV-L21: ACC=0.6323  NMI=0.7255  ARI=0.4687  2.8s
  SSC-TV-L21-col: ACC=0.6278  NMI=0.7252  ARI=0.4676  2.9s
  TKSS: ACC=0.8700  NMI=0.8005  ARI=0.7257  0.3s
  BDOSC: ACC=0.8565  NMI=0.8069  ARI=0.7060  4.0s

=== P1L_S4_C1 train[1] k=5  dim=9216  frames=221  σ=0.0 ===
  OSC: ACC=1.0000  NMI=1.0000  ARI=1.0000  5.6s
  SSC-TV-L21: ACC=1.0000  NMI=1.0000  ARI=1.0000  3.2s
  SSC-TV-L21-col: ACC=1.0000  NMI=1.0000  ARI=1.0000  3.1s
  TKSS: ACC=0.8778  NMI=0.8003  ARI=0.7390  1.0s
  BDOSC: ACC=0.9005  NMI=0.8607  ARI=0.7888  4.0s

=== P1L_S4_C1 train[2] k=5  dim=9216  frames=218  σ=0.0 ===
  OSC: ACC=0.6743  NMI=0.7432  ARI=0.5346  5.5s
  SSC-TV-L21: ACC=0.9954  NMI=0.9863  ARI=0.9885  3.1s
  SSC-TV-L21-col: ACC=0.8119  NMI=0.8162  ARI=0.7227  3.0s
  TKSS: ACC=0.8394  NMI=0.7584  ARI=0.6762  0.6s
  BDOSC: ACC=0.6927  NMI=0.7853  ARI=0.6403  4.0s

=== P1L_S4_C1 train[3] k=5  dim=9216  frames=227  σ=0.0 ===
  OSC: ACC=0.8502  NMI=0.8444  ARI=0.7471  6.1s
  SSC-TV-L21: ACC=0.8414  NMI=0.8353  ARI=0.7353  4.1s
  SSC-TV-L21-col: ACC=0.8943  NMI=0.8426  ARI=0.7808  4.0s
  TKSS: ACC=0.9163  NMI=0.8488  ARI=0.8086  0.8s
  BDOSC: ACC=0.7974  NMI=0.7392  ARI=0.6190  4.1s

=== P1L_S4_C2 train[0] k=5  dim=9216  frames=209  σ=0.0 ===
  OSC: ACC=0.6699  NMI=0.7372  ARI=0.5275  5.1s
  SSC-TV-L21: ACC=0.9617  NMI=0.9212  ARI=0.9111  2.8s
  SSC-TV-L21-col: ACC=0.8517  NMI=0.8459  ARI=0.7557  2.8s
  TKSS: ACC=0.8373  NMI=0.7502  ARI=0.6624  0.3s
  BDOSC: ACC=0.9234  NMI=0.8600  ARI=0.8187  3.5s

=== P1L_S4_C2 train[1] k=5  dim=9216  frames=202  σ=0.0 ===
  OSC: ACC=0.9208  NMI=0.8975  ARI=0.8131  4.2s
  SSC-TV-L21: ACC=1.0000  NMI=1.0000  ARI=1.0000  2.2s
  SSC-TV-L21-col: ACC=1.0000  NMI=1.0000  ARI=1.0000  2.1s
  TKSS: ACC=0.8168  NMI=0.7467  ARI=0.6433  0.3s
  BDOSC: ACC=0.9950  NMI=0.9858  ARI=0.9896  3.0s

=== P1L_S4_C2 train[2] k=5  dim=9216  frames=219  σ=0.0 ===
  OSC: ACC=0.8767  NMI=0.8330  ARI=0.7299  5.6s
  SSC-TV-L21: ACC=0.9224  NMI=0.8749  ARI=0.8118  3.1s
  SSC-TV-L21-col: ACC=0.8219  NMI=0.8242  ARI=0.7323  3.1s
  TKSS: ACC=0.8858  NMI=0.8084  ARI=0.7519  0.7s
  BDOSC: ACC=0.8858  NMI=0.8236  ARI=0.7393  4.0s

=== P1L_S4_C2 train[3] k=5  dim=9216  frames=238  σ=0.0 ===
  OSC: ACC=0.8613  NMI=0.8556  ARI=0.7434  6.5s
  SSC-TV-L21: ACC=0.7269  NMI=0.8463  ARI=0.6934  4.4s
  SSC-TV-L21-col: ACC=0.6471  NMI=0.7543  ARI=0.5768  4.3s
  TKSS: ACC=0.8824  NMI=0.7932  ARI=0.7373  0.8s
  BDOSC: ACC=0.6933  NMI=0.7633  ARI=0.6151  4.5s

=== P1L_S4_C3 train[0] k=5  dim=9216  frames=172  σ=0.0 ===
  OSC: ACC=0.8953  NMI=0.8872  ARI=0.7899  3.7s
  SSC-TV-L21: ACC=1.0000  NMI=1.0000  ARI=1.0000  1.9s
  SSC-TV-L21-col: ACC=0.8953  NMI=0.8872  ARI=0.7899  1.9s
  TKSS: ACC=0.9012  NMI=0.8157  ARI=0.7780  0.8s
  BDOSC: ACC=0.9942  NMI=0.9832  ARI=0.9847  2.3s

=== P1L_S4_C3 train[1] k=5  dim=9216  frames=158  σ=0.0 ===
  OSC: ACC=1.0000  NMI=1.0000  ARI=1.0000  3.3s
  SSC-TV-L21: ACC=0.9937  NMI=0.9812  ARI=0.9806  1.8s
  SSC-TV-L21-col: ACC=0.9810  NMI=0.9568  ARI=0.9434  1.7s
  TKSS: ACC=0.7658  NMI=0.7375  ARI=0.6216  0.2s
  BDOSC: ACC=0.8101  NMI=0.7747  ARI=0.6288  2.0s

=== P1L_S4_C3 train[2] k=5  dim=9216  frames=163  σ=0.0 ===
  OSC: ACC=0.6994  NMI=0.8311  ARI=0.7008  3.3s
  SSC-TV-L21: ACC=0.9816  NMI=0.9624  ARI=0.9620  1.6s
  SSC-TV-L21-col: ACC=0.7117  NMI=0.8350  ARI=0.7104  1.6s
  TKSS: ACC=0.8834  NMI=0.8035  ARI=0.7431  0.2s
  BDOSC: ACC=0.7117  NMI=0.8340  ARI=0.6888  2.1s

=== P1L_S4_C3 train[3] k=5  dim=9216  frames=164  σ=0.0 ===
  OSC: ACC=0.6341  NMI=0.7610  ARI=0.5699  3.5s
  SSC-TV-L21: ACC=0.7134  NMI=0.8368  ARI=0.6926  1.8s
  SSC-TV-L21-col: ACC=0.7134  NMI=0.8271  ARI=0.6812  1.8s
  TKSS: ACC=0.9756  NMI=0.9374  ARI=0.9398  0.2s
  BDOSC: ACC=0.9634  NMI=0.9084  ARI=0.9089  2.1s

=== P1E_S1_C1 test[0] k=5  dim=9216  frames=252  σ=0.0 ===
  OSC: ACC=0.8452  NMI=0.8747  ARI=0.7487  6.2s
  SSC-TV-L21: ACC=0.9286  NMI=0.9075  ARI=0.8442  3.9s
  SSC-TV-L21-col: ACC=0.9246  NMI=0.8952  ARI=0.8349  3.9s
  TKSS: ACC=0.9365  NMI=0.8679  ARI=0.8497  0.9s
  BDOSC: ACC=0.7857  NMI=0.7277  ARI=0.5656  4.4s

=== P1E_S1_C2 test[0] k=5  dim=9216  frames=186  σ=0.0 ===
  OSC: ACC=0.9839  NMI=0.9576  ARI=0.9592  4.2s
  SSC-TV-L21: ACC=0.9785  NMI=0.9465  ARI=0.9456  2.3s
  SSC-TV-L21-col: ACC=0.9731  NMI=0.9372  ARI=0.9325  2.1s
  TKSS: ACC=0.8387  NMI=0.7527  ARI=0.6638  0.2s
  BDOSC: ACC=0.9892  NMI=0.9731  ARI=0.9723  2.7s

=== P1E_S1_C3 test[0] k=5  dim=9216  frames=107  σ=0.0 ===
  OSC: ACC=0.9813  NMI=0.9597  ARI=0.9494  1.9s
  SSC-TV-L21: ACC=0.9626  NMI=0.9138  ARI=0.9083  1.0s
  SSC-TV-L21-col: ACC=0.9907  NMI=0.9766  ARI=0.9775  1.0s
  TKSS: ACC=0.8692  NMI=0.7884  ARI=0.7199  0.1s
  BDOSC: ACC=0.9720  NMI=0.9352  ARI=0.9228  1.0s

=== P1E_S2_C1 test[0] k=5  dim=9216  frames=200  σ=0.0 ===
  OSC: ACC=0.6200  NMI=0.7174  ARI=0.4546  4.8s
  SSC-TV-L21: ACC=0.7200  NMI=0.7932  ARI=0.6440  2.8s
  SSC-TV-L21-col: ACC=0.6200  NMI=0.7156  ARI=0.4520  2.7s
  TKSS: ACC=0.9350  NMI=0.8769  ARI=0.8481  0.5s
  BDOSC: ACC=0.6800  NMI=0.7396  ARI=0.5936  3.2s

=== P1E_S2_C2 test[0] k=5  dim=9216  frames=204  σ=0.0 ===
  OSC: ACC=0.9559  NMI=0.9158  ARI=0.8951  4.9s
  SSC-TV-L21: ACC=0.9559  NMI=0.9158  ARI=0.8951  2.8s
  SSC-TV-L21-col: ACC=0.9559  NMI=0.9158  ARI=0.8951  2.7s
  TKSS: ACC=0.9020  NMI=0.8166  ARI=0.7775  0.8s
  BDOSC: ACC=0.9216  NMI=0.8770  ARI=0.8341  3.3s

=== P1E_S2_C3 test[0] k=5  dim=9216  frames=157  σ=0.0 ===
  OSC: ACC=0.9873  NMI=0.9648  ARI=0.9688  3.1s
  SSC-TV-L21: ACC=0.9809  NMI=0.9529  ARI=0.9546  1.5s
  SSC-TV-L21-col: ACC=0.9936  NMI=0.9821  ARI=0.9833  1.5s
  TKSS: ACC=0.9363  NMI=0.8758  ARI=0.8539  0.2s
  BDOSC: ACC=0.9809  NMI=0.9520  ARI=0.9516  1.9s

=== P1E_S3_C1 test[0] k=5  dim=9216  frames=219  σ=0.0 ===
  OSC: ACC=0.8037  NMI=0.7967  ARI=0.6761  4.9s
  SSC-TV-L21: ACC=0.8904  NMI=0.8911  ARI=0.8064  2.4s
  SSC-TV-L21-col: ACC=0.8402  NMI=0.8188  ARI=0.7224  2.4s
  TKSS: ACC=0.8584  NMI=0.7942  ARI=0.7177  1.0s
  BDOSC: ACC=0.6712  NMI=0.7836  ARI=0.6363  3.7s

=== P1E_S3_C2 test[0] k=5  dim=9216  frames=182  σ=0.0 ===
  OSC: ACC=0.9451  NMI=0.9075  ARI=0.8684  3.8s
  SSC-TV-L21: ACC=0.9396  NMI=0.9026  ARI=0.8571  2.0s
  SSC-TV-L21-col: ACC=0.9396  NMI=0.9026  ARI=0.8571  1.9s
  TKSS: ACC=0.8462  NMI=0.7766  ARI=0.6946  0.5s
  BDOSC: ACC=0.6868  NMI=0.7275  ARI=0.5510  2.6s

=== P1E_S3_C3 test[0] k=5  dim=9216  frames=154  σ=0.0 ===
  OSC: ACC=0.9870  NMI=0.9639  ARI=0.9686  2.9s
  SSC-TV-L21: ACC=0.9870  NMI=0.9639  ARI=0.9686  1.5s
  SSC-TV-L21-col: ACC=0.9935  NMI=0.9826  ARI=0.9863  1.4s
  TKSS: ACC=0.8636  NMI=0.7963  ARI=0.7221  0.2s
  BDOSC: ACC=0.9675  NMI=0.9201  ARI=0.9191  1.8s

=== P1E_S4_C1 test[0] k=5  dim=9216  frames=192  σ=0.0 ===
  OSC: ACC=0.8542  NMI=0.8337  ARI=0.7447  3.8s
  SSC-TV-L21: ACC=0.8594  NMI=0.8268  ARI=0.7182  1.9s
  SSC-TV-L21-col: ACC=0.8854  NMI=0.8747  ARI=0.7852  1.9s
  TKSS: ACC=0.9427  NMI=0.8780  ARI=0.8615  0.5s
  BDOSC: ACC=0.8542  NMI=0.8218  ARI=0.7086  2.7s

=== P1E_S4_C2 test[0] k=5  dim=9216  frames=193  σ=0.0 ===
  OSC: ACC=0.8446  NMI=0.8552  ARI=0.7528  4.4s
  SSC-TV-L21: ACC=0.6995  NMI=0.8154  ARI=0.6571  2.4s
  SSC-TV-L21-col: ACC=0.6995  NMI=0.8227  ARI=0.6567  2.3s
  TKSS: ACC=0.8756  NMI=0.7979  ARI=0.7341  0.3s
  BDOSC: ACC=0.7254  NMI=0.8372  ARI=0.7082  2.8s

=== P1E_S4_C3 test[0] k=5  dim=9216  frames=147  σ=0.0 ===
  OSC: ACC=0.7891  NMI=0.8661  ARI=0.7590  3.0s
  SSC-TV-L21: ACC=0.7823  NMI=0.8678  ARI=0.7602  1.6s
  SSC-TV-L21-col: ACC=0.7959  NMI=0.8854  ARI=0.7729  1.6s
  TKSS: ACC=0.8367  NMI=0.7848  ARI=0.6890  0.2s
  BDOSC: ACC=0.7211  NMI=0.7146  ARI=0.5964  1.8s

=== P1L_S1_C1 test[0] k=5  dim=9216  frames=211  σ=0.0 ===
  OSC: ACC=0.8578  NMI=0.8776  ARI=0.7717  5.3s
  SSC-TV-L21: ACC=0.9953  NMI=0.9857  ARI=0.9883  3.0s
  SSC-TV-L21-col: ACC=0.9621  NMI=0.9362  ARI=0.9154  2.9s
  TKSS: ACC=0.7773  NMI=0.7108  ARI=0.5821  1.2s
  BDOSC: ACC=0.6967  NMI=0.7011  ARI=0.5115  3.7s

=== P1L_S1_C2 test[0] k=5  dim=9216  frames=231  σ=0.0 ===
  OSC: ACC=0.6407  NMI=0.7339  ARI=0.4948  6.4s
  SSC-TV-L21: ACC=1.0000  NMI=1.0000  ARI=1.0000  4.2s
  SSC-TV-L21-col: ACC=0.9957  NMI=0.9870  ARI=0.9889  4.1s
  TKSS: ACC=0.9740  NMI=0.9349  ARI=0.9369  0.4s
  BDOSC: ACC=0.6494  NMI=0.6475  ARI=0.4481  4.3s

=== P1L_S1_C3 test[0] k=5  dim=9216  frames=124  σ=0.0 ===
  OSC: ACC=0.9919  NMI=0.9784  ARI=0.9780  2.3s
  SSC-TV-L21: ACC=0.9919  NMI=0.9784  ARI=0.9780  1.2s
  SSC-TV-L21-col: ACC=0.9839  NMI=0.9578  ARI=0.9601  1.1s
  TKSS: ACC=0.9032  NMI=0.8306  ARI=0.7859  0.1s
  BDOSC: ACC=0.9758  NMI=0.9442  ARI=0.9431  1.2s

=== P1L_S2_C1 test[0] k=5  dim=9216  frames=234  σ=0.0 ===
  OSC: ACC=0.9701  NMI=0.9499  ARI=0.9472  6.4s
  SSC-TV-L21: ACC=0.7179  NMI=0.7932  ARI=0.6268  4.1s
  SSC-TV-L21-col: ACC=0.7137  NMI=0.7878  ARI=0.6167  4.2s
  TKSS: ACC=0.8590  NMI=0.7977  ARI=0.7302  1.2s
  BDOSC: ACC=0.8504  NMI=0.7621  ARI=0.6685  4.4s

=== P1L_S2_C2 test[0] k=5  dim=9216  frames=195  σ=0.0 ===
  OSC: ACC=0.9949  NMI=0.9847  ARI=0.9860  4.7s
  SSC-TV-L21: ACC=1.0000  NMI=1.0000  ARI=1.0000  2.6s
  SSC-TV-L21-col: ACC=0.9897  NMI=0.9707  ARI=0.9770  2.6s
  TKSS: ACC=0.9128  NMI=0.8393  ARI=0.7995  0.8s
  BDOSC: ACC=0.9026  NMI=0.8832  ARI=0.8128  3.1s

=== P1L_S2_C3 test[0] k=5  dim=9216  frames=169  σ=0.0 ===
  OSC: ACC=0.9822  NMI=0.9628  ARI=0.9595  3.7s
  SSC-TV-L21: ACC=0.9882  NMI=0.9722  ARI=0.9725  1.8s
  SSC-TV-L21-col: ACC=0.9763  NMI=0.9388  ARI=0.9428  1.8s
  TKSS: ACC=0.9290  NMI=0.8513  ARI=0.8321  0.2s
  BDOSC: ACC=1.0000  NMI=1.0000  ARI=1.0000  2.2s

=== P1L_S3_C1 test[0] k=5  dim=9216  frames=240  σ=0.0 ===
  OSC: ACC=1.0000  NMI=1.0000  ARI=1.0000  6.5s
  SSC-TV-L21: ACC=1.0000  NMI=1.0000  ARI=1.0000  4.4s
  SSC-TV-L21-col: ACC=1.0000  NMI=1.0000  ARI=1.0000  4.3s
  TKSS: ACC=0.9292  NMI=0.8592  ARI=0.8372  0.8s
  BDOSC: ACC=0.9042  NMI=0.8319  ARI=0.7987  4.6s

=== P1L_S3_C2 test[0] k=5  dim=9216  frames=241  σ=0.0 ===
  OSC: ACC=0.9129  NMI=0.8998  ARI=0.8356  6.7s
  SSC-TV-L21: ACC=1.0000  NMI=1.0000  ARI=1.0000  4.5s
  SSC-TV-L21-col: ACC=0.9959  NMI=0.9876  ARI=0.9906  4.5s
  TKSS: ACC=0.9087  NMI=0.8349  ARI=0.7979  0.4s
  BDOSC: ACC=0.5477  NMI=0.6349  ARI=0.3722  4.9s

=== P1L_S3_C3 test[0] k=5  dim=9216  frames=197  σ=0.0 ===
  OSC: ACC=0.8731  NMI=0.8669  ARI=0.7691  4.8s
  SSC-TV-L21: ACC=0.9797  NMI=0.9451  ARI=0.9528  2.7s
  SSC-TV-L21-col: ACC=0.9898  NMI=0.9706  ARI=0.9774  2.7s
  TKSS: ACC=0.8579  NMI=0.7791  ARI=0.7042  0.3s
  BDOSC: ACC=0.6904  NMI=0.7502  ARI=0.5751  3.2s

=== P1L_S4_C1 test[0] k=5  dim=9216  frames=211  σ=0.0 ===
  OSC: ACC=1.0000  NMI=1.0000  ARI=1.0000  5.3s
  SSC-TV-L21: ACC=1.0000  NMI=1.0000  ARI=1.0000  3.1s
  SSC-TV-L21-col: ACC=0.7441  NMI=0.8239  ARI=0.6948  3.0s
  TKSS: ACC=0.8436  NMI=0.7702  ARI=0.6893  0.6s
  BDOSC: ACC=0.6730  NMI=0.7519  ARI=0.5903  3.7s

=== P1L_S4_C2 test[0] k=5  dim=9216  frames=263  σ=0.0 ===
  OSC: ACC=0.8251  NMI=0.7767  ARI=0.6533  7.6s
  SSC-TV-L21: ACC=0.6996  NMI=0.7931  ARI=0.6443  4.9s
  SSC-TV-L21-col: ACC=0.6920  NMI=0.7743  ARI=0.6195  4.9s
  TKSS: ACC=0.8821  NMI=0.7932  ARI=0.7401  0.9s
  BDOSC: ACC=0.8365  NMI=0.8138  ARI=0.7281  5.6s

=== P1L_S4_C3 test[0] k=5  dim=9216  frames=185  σ=0.0 ===
  OSC: ACC=0.9892  NMI=0.9741  ARI=0.9749  4.3s
  SSC-TV-L21: ACC=0.9892  NMI=0.9741  ARI=0.9749  2.4s
  SSC-TV-L21-col: ACC=0.9351  NMI=0.8754  ARI=0.8402  2.3s
  TKSS: ACC=0.9243  NMI=0.8454  ARI=0.8247  0.2s
  BDOSC: ACC=0.9459  NMI=0.8775  ARI=0.8698  2.8s

=== P1E_S1_C1 train[0] k=5  dim=9216  frames=224  σ=0.25 ===
  OSC: ACC=0.7098  NMI=0.7672  ARI=0.6131  5.1s
  SSC-TV-L21: ACC=0.9196  NMI=0.8989  ARI=0.8187  1.6s
  SSC-TV-L21-col: ACC=0.7098  NMI=0.8231  ARI=0.6490  2.1s
  TKSS: ACC=0.9375  NMI=0.8676  ARI=0.8509  0.7s
  BDOSC: ACC=0.8482  NMI=0.7590  ARI=0.6748  4.0s

=== P1E_S1_C1 train[1] k=5  dim=9216  frames=206  σ=0.25 ===
  OSC: ACC=1.0000  NMI=1.0000  ARI=1.0000  5.2s
  SSC-TV-L21: ACC=0.9417  NMI=0.9191  ARI=0.8789  1.7s
  SSC-TV-L21-col: ACC=0.9369  NMI=0.9155  ARI=0.8708  2.3s
  TKSS: ACC=0.8835  NMI=0.7999  ARI=0.7422  0.3s
  BDOSC: ACC=0.9029  NMI=0.8145  ARI=0.7788  3.6s

=== P1E_S1_C1 train[2] k=5  dim=9216  frames=222  σ=0.25 ===
  OSC: ACC=0.4685  NMI=0.6201  ARI=0.3334  5.5s
  SSC-TV-L21: ACC=0.6577  NMI=0.7530  ARI=0.5329  1.9s
  SSC-TV-L21-col: ACC=0.6532  NMI=0.7527  ARI=0.5316  2.7s
  TKSS: ACC=0.8559  NMI=0.7683  ARI=0.6945  0.3s
  BDOSC: ACC=0.6441  NMI=0.7030  ARI=0.5559  4.1s

=== P1E_S1_C1 train[3] k=5  dim=9216  frames=191  σ=0.25 ===
  OSC: ACC=0.6440  NMI=0.7465  ARI=0.5684  4.6s
  SSC-TV-L21: ACC=0.6492  NMI=0.7741  ARI=0.5968  1.4s
  SSC-TV-L21-col: ACC=0.6492  NMI=0.7741  ARI=0.5968  1.8s
  TKSS: ACC=0.8010  NMI=0.7242  ARI=0.6191  0.3s
  BDOSC: ACC=0.8796  NMI=0.8130  ARI=0.7294  3.2s

=== P1E_S1_C2 train[0] k=5  dim=9216  frames=201  σ=0.25 ===
  OSC: ACC=0.9900  NMI=0.9766  ARI=0.9816  4.7s
  SSC-TV-L21: ACC=0.9701  NMI=0.9329  ARI=0.9254  1.6s
  SSC-TV-L21-col: ACC=0.9701  NMI=0.9329  ARI=0.9254  2.4s
  TKSS: ACC=0.8209  NMI=0.7547  ARI=0.6650  0.3s
  BDOSC: ACC=0.6965  NMI=0.7074  ARI=0.5526  3.3s

=== P1E_S1_C2 train[1] k=5  dim=9216  frames=174  σ=0.25 ===
  OSC: ACC=1.0000  NMI=1.0000  ARI=1.0000  3.8s
  SSC-TV-L21: ACC=1.0000  NMI=1.0000  ARI=1.0000  1.3s
  SSC-TV-L21-col: ACC=1.0000  NMI=1.0000  ARI=1.0000  1.9s
  TKSS: ACC=0.8563  NMI=0.7897  ARI=0.7093  0.4s
  BDOSC: ACC=0.9425  NMI=0.8835  ARI=0.8502  2.6s

=== P1E_S1_C2 train[2] k=5  dim=9216  frames=204  σ=0.25 ===
  OSC: ACC=0.5441  NMI=0.6555  ARI=0.4010  5.0s
  SSC-TV-L21: ACC=0.6716  NMI=0.6693  ARI=0.4602  2.0s
  SSC-TV-L21-col: ACC=0.7059  NMI=0.7379  ARI=0.5634  2.8s
  TKSS: ACC=0.9069  NMI=0.8213  ARI=0.7872  0.3s
  BDOSC: ACC=0.9118  NMI=0.8303  ARI=0.8023  3.6s

=== P1E_S1_C2 train[3] k=5  dim=9216  frames=182  σ=0.25 ===
  OSC: ACC=0.6978  NMI=0.8172  ARI=0.6825  4.1s
  SSC-TV-L21: ACC=0.9725  NMI=0.9311  ARI=0.9343  1.3s
  SSC-TV-L21-col: ACC=0.9725  NMI=0.9311  ARI=0.9343  2.0s
  TKSS: ACC=0.8736  NMI=0.7894  ARI=0.7260  0.7s
  BDOSC: ACC=0.9560  NMI=0.9177  ARI=0.9056  2.8s

=== P1E_S1_C3 train[0] k=5  dim=9216  frames=98  σ=0.25 ===
  OSC: ACC=0.9592  NMI=0.9159  ARI=0.8970  1.7s
  SSC-TV-L21: ACC=0.9184  NMI=0.8527  ARI=0.8164  0.5s
  SSC-TV-L21-col: ACC=0.9694  NMI=0.9420  ARI=0.9241  0.8s
  TKSS: ACC=0.8265  NMI=0.7447  ARI=0.6416  0.1s
  BDOSC: ACC=0.8571  NMI=0.7757  ARI=0.6928  0.9s

=== P1E_S1_C3 train[1] k=5  dim=9216  frames=93  σ=0.25 ===
  OSC: ACC=0.9785  NMI=0.9546  ARI=0.9423  1.6s
  SSC-TV-L21: ACC=0.9570  NMI=0.9148  ARI=0.8945  0.5s
  SSC-TV-L21-col: ACC=0.9785  NMI=0.9546  ARI=0.9423  0.8s
  TKSS: ACC=0.7634  NMI=0.7521  ARI=0.6334  0.1s
  BDOSC: ACC=0.7419  NMI=0.7551  ARI=0.6058  0.8s

=== P1E_S1_C3 train[2] k=5  dim=9216  frames=68  σ=0.25 ===
  OSC: ACC=0.4559  NMI=0.5010  ARI=0.2309  1.1s
  SSC-TV-L21: ACC=0.8971  NMI=0.8479  ARI=0.7961  0.3s
  SSC-TV-L21-col: ACC=0.8824  NMI=0.8696  ARI=0.8062  0.5s
  TKSS: ACC=0.8235  NMI=0.7526  ARI=0.6530  0.1s
  BDOSC: ACC=0.8676  NMI=0.8202  ARI=0.7447  0.5s

=== P1E_S1_C3 train[3] k=5  dim=9216  frames=87  σ=0.25 ===
  OSC: ACC=0.9540  NMI=0.9150  ARI=0.8976  1.5s
  SSC-TV-L21: ACC=0.9655  NMI=0.9171  ARI=0.9138  0.4s
  SSC-TV-L21-col: ACC=0.9885  NMI=0.9730  ARI=0.9736  0.7s
  TKSS: ACC=0.8966  NMI=0.8132  ARI=0.7617  0.1s
  BDOSC: ACC=0.9425  NMI=0.8841  ARI=0.8558  0.8s

=== P1E_S2_C1 train[0] k=5  dim=9216  frames=229  σ=0.25 ===
  OSC: ACC=0.8952  NMI=0.8693  ARI=0.7992  6.2s
  SSC-TV-L21: ACC=0.9127  NMI=0.8976  ARI=0.8177  2.3s
  SSC-TV-L21-col: ACC=0.7555  NMI=0.7707  ARI=0.5980  2.9s
  TKSS: ACC=0.9476  NMI=0.8797  ARI=0.8721  0.4s
  BDOSC: ACC=0.7773  NMI=0.7496  ARI=0.6204  4.5s

=== P1E_S2_C1 train[1] k=5  dim=9216  frames=215  σ=0.25 ===
  OSC: ACC=0.9349  NMI=0.9110  ARI=0.8546  5.5s
  SSC-TV-L21: ACC=0.9302  NMI=0.9077  ARI=0.8466  1.9s
  SSC-TV-L21-col: ACC=0.9349  NMI=0.9110  ARI=0.8546  2.5s
  TKSS: ACC=0.8512  NMI=0.7792  ARI=0.7004  0.6s
  BDOSC: ACC=0.8837  NMI=0.8057  ARI=0.7514  3.9s

=== P1E_S2_C1 train[2] k=5  dim=9216  frames=222  σ=0.25 ===
  OSC: ACC=0.4324  NMI=0.6487  ARI=0.3469  5.5s
  SSC-TV-L21: ACC=0.9009  NMI=0.8467  ARI=0.7730  2.0s
  SSC-TV-L21-col: ACC=0.9505  NMI=0.9118  ARI=0.8744  2.9s
  TKSS: ACC=0.7703  NMI=0.6964  ARI=0.5677  0.3s
  BDOSC: ACC=0.9099  NMI=0.8305  ARI=0.7944  4.1s

=== P1E_S2_C1 train[3] k=5  dim=9216  frames=196  σ=0.25 ===
  OSC: ACC=0.5153  NMI=0.7323  ARI=0.5324  4.7s
  SSC-TV-L21: ACC=0.6633  NMI=0.7746  ARI=0.5942  1.6s
  SSC-TV-L21-col: ACC=0.6071  NMI=0.7434  ARI=0.5312  2.0s
  TKSS: ACC=0.8418  NMI=0.7686  ARI=0.6812  0.5s
  BDOSC: ACC=0.6786  NMI=0.6607  ARI=0.4811  3.3s

=== P1E_S2_C2 train[0] k=5  dim=9216  frames=198  σ=0.25 ===
  OSC: ACC=0.9394  NMI=0.8882  ARI=0.8482  4.8s
  SSC-TV-L21: ACC=0.9242  NMI=0.8708  ARI=0.8152  1.6s
  SSC-TV-L21-col: ACC=0.9040  NMI=0.8509  ARI=0.7733  2.2s
  TKSS: ACC=0.7071  NMI=0.6819  ARI=0.5361  0.3s
  BDOSC: ACC=0.9091  NMI=0.8261  ARI=0.8061  3.3s

=== P1E_S2_C2 train[1] k=5  dim=9216  frames=191  σ=0.25 ===
  OSC: ACC=0.9843  NMI=0.9593  ARI=0.9629  4.5s
  SSC-TV-L21: ACC=0.9791  NMI=0.9497  ARI=0.9478  1.5s
  SSC-TV-L21-col: ACC=0.9895  NMI=0.9697  ARI=0.9743  2.3s
  TKSS: ACC=0.9110  NMI=0.8391  ARI=0.7919  0.3s
  BDOSC: ACC=0.8901  NMI=0.8119  ARI=0.7574  3.1s

=== P1E_S2_C2 train[2] k=5  dim=9216  frames=211  σ=0.25 ===
  OSC: ACC=0.9905  NMI=0.9765  ARI=0.9782  5.3s
  SSC-TV-L21: ACC=0.9384  NMI=0.8941  ARI=0.8653  1.9s
  SSC-TV-L21-col: ACC=0.9479  NMI=0.9095  ARI=0.8856  2.9s
  TKSS: ACC=0.9573  NMI=0.9073  ARI=0.8954  0.3s
  BDOSC: ACC=0.8104  NMI=0.7290  ARI=0.6254  3.8s

=== P1E_S2_C2 train[3] k=5  dim=9216  frames=191  σ=0.25 ===
  OSC: ACC=0.7435  NMI=0.7923  ARI=0.6382  4.6s
  SSC-TV-L21: ACC=0.7120  NMI=0.7954  ARI=0.6376  1.5s
  SSC-TV-L21-col: ACC=0.7277  NMI=0.7935  ARI=0.6324  2.3s
  TKSS: ACC=0.8325  NMI=0.7577  ARI=0.6683  0.3s
  BDOSC: ACC=0.6335  NMI=0.6854  ARI=0.5214  3.1s

=== P1E_S2_C3 train[0] k=5  dim=9216  frames=165  σ=0.25 ===
  OSC: ACC=0.9879  NMI=0.9703  ARI=0.9677  3.4s
  SSC-TV-L21: ACC=0.9818  NMI=0.9531  ARI=0.9521  1.1s
  SSC-TV-L21-col: ACC=1.0000  NMI=1.0000  ARI=1.0000  1.8s
  TKSS: ACC=0.7394  NMI=0.6912  ARI=0.5540  0.2s
  BDOSC: ACC=0.8970  NMI=0.8243  ARI=0.7355  2.3s

=== P1E_S2_C3 train[1] k=5  dim=9216  frames=156  σ=0.25 ===
  OSC: ACC=1.0000  NMI=1.0000  ARI=1.0000  3.2s
  SSC-TV-L21: ACC=0.9872  NMI=0.9638  ARI=0.9652  1.0s
  SSC-TV-L21-col: ACC=0.9103  NMI=0.8937  ARI=0.8044  1.5s
  TKSS: ACC=0.9167  NMI=0.8340  ARI=0.8011  0.2s
  BDOSC: ACC=0.9359  NMI=0.8694  ARI=0.8414  2.0s

=== P1E_S2_C3 train[2] k=5  dim=9216  frames=174  σ=0.25 ===
  OSC: ACC=0.9368  NMI=0.9187  ARI=0.8798  3.9s
  SSC-TV-L21: ACC=0.9253  NMI=0.8852  ARI=0.8487  1.5s
  SSC-TV-L21-col: ACC=0.9368  NMI=0.9187  ARI=0.8798  2.1s
  TKSS: ACC=0.8966  NMI=0.8124  ARI=0.7674  0.2s
  BDOSC: ACC=0.8793  NMI=0.8220  ARI=0.7419  2.7s

=== P1E_S2_C3 train[3] k=5  dim=9216  frames=160  σ=0.25 ===
  OSC: ACC=0.7750  NMI=0.8515  ARI=0.7507  3.4s
  SSC-TV-L21: ACC=0.7750  NMI=0.8515  ARI=0.7507  1.1s
  SSC-TV-L21-col: ACC=0.7750  NMI=0.8515  ARI=0.7507  1.6s
  TKSS: ACC=0.8375  NMI=0.7822  ARI=0.6888  0.2s
  BDOSC: ACC=0.9187  NMI=0.8639  ARI=0.8317  2.1s

=== P1E_S3_C1 train[0] k=5  dim=9216  frames=226  σ=0.25 ===
  OSC: ACC=0.6991  NMI=0.7547  ARI=0.5981  5.0s
  SSC-TV-L21: ACC=0.5796  NMI=0.7095  ARI=0.4354  1.6s
  SSC-TV-L21-col: ACC=0.5752  NMI=0.7079  ARI=0.4324  1.7s
  TKSS: ACC=0.8584  NMI=0.7719  ARI=0.7001  0.4s
  BDOSC: ACC=0.6549  NMI=0.6790  ARI=0.4979  3.9s

=== P1E_S3_C1 train[1] k=5  dim=9216  frames=217  σ=0.25 ===
  OSC: ACC=0.8618  NMI=0.8681  ARI=0.7643  5.0s
  SSC-TV-L21: ACC=0.9309  NMI=0.8999  ARI=0.8492  1.6s
  SSC-TV-L21-col: ACC=0.9862  NMI=0.9691  ARI=0.9697  1.9s
  TKSS: ACC=0.9217  NMI=0.8395  ARI=0.8123  0.3s
  BDOSC: ACC=0.9078  NMI=0.8249  ARI=0.7890  3.9s

=== P1E_S3_C1 train[2] k=5  dim=9216  frames=200  σ=0.25 ===
  OSC: ACC=0.6400  NMI=0.7596  ARI=0.5602  4.6s
  SSC-TV-L21: ACC=0.9150  NMI=0.9009  ARI=0.8354  1.5s
  SSC-TV-L21-col: ACC=0.6250  NMI=0.7589  ARI=0.5575  2.0s
  TKSS: ACC=0.8450  NMI=0.7783  ARI=0.6818  0.3s
  BDOSC: ACC=0.9850  NMI=0.9560  ARI=0.9640  3.2s

=== P1E_S3_C1 train[3] k=5  dim=9216  frames=211  σ=0.25 ===
  OSC: ACC=0.7156  NMI=0.7693  ARI=0.6614  4.7s
  SSC-TV-L21: ACC=0.6445  NMI=0.7230  ARI=0.5477  1.4s
  SSC-TV-L21-col: ACC=0.6351  NMI=0.7129  ARI=0.5332  1.6s
  TKSS: ACC=0.6825  NMI=0.6623  ARI=0.5011  0.3s
  BDOSC: ACC=0.7251  NMI=0.7110  ARI=0.5442  3.6s

=== P1E_S3_C2 train[0] k=5  dim=9216  frames=176  σ=0.25 ===
  OSC: ACC=0.9659  NMI=0.9297  ARI=0.9141  3.7s
  SSC-TV-L21: ACC=0.9716  NMI=0.9350  ARI=0.9301  1.0s
  SSC-TV-L21-col: ACC=0.8920  NMI=0.8550  ARI=0.8110  1.4s
  TKSS: ACC=0.8011  NMI=0.7262  ARI=0.6177  0.2s
  BDOSC: ACC=0.6307  NMI=0.6802  ARI=0.5117  2.5s

=== P1E_S3_C2 train[1] k=5  dim=9216  frames=202  σ=0.25 ===
  OSC: ACC=0.9703  NMI=0.9281  ARI=0.9257  4.4s
  SSC-TV-L21: ACC=0.9505  NMI=0.9246  ARI=0.8925  1.4s
  SSC-TV-L21-col: ACC=0.9505  NMI=0.9246  ARI=0.8925  1.9s
  TKSS: ACC=0.8168  NMI=0.7270  ARI=0.6172  0.3s
  BDOSC: ACC=0.8762  NMI=0.8061  ARI=0.7203  3.2s

=== P1E_S3_C2 train[2] k=5  dim=9216  frames=234  σ=0.25 ===
  OSC: ACC=0.4915  NMI=0.6636  ARI=0.3753  6.3s
  SSC-TV-L21: ACC=0.7393  NMI=0.8264  ARI=0.6683  2.5s
  SSC-TV-L21-col: ACC=0.7521  NMI=0.8227  ARI=0.6897  3.7s
  TKSS: ACC=0.8803  NMI=0.8097  ARI=0.7402  1.2s
  BDOSC: ACC=0.8547  NMI=0.8124  ARI=0.7356  4.6s

=== P1E_S3_C2 train[3] k=5  dim=9216  frames=211  σ=0.25 ===
  OSC: ACC=0.6161  NMI=0.7373  ARI=0.5183  5.3s
  SSC-TV-L21: ACC=0.6209  NMI=0.7378  ARI=0.5199  1.8s
  SSC-TV-L21-col: ACC=0.6209  NMI=0.7378  ARI=0.5199  2.5s
  TKSS: ACC=0.6682  NMI=0.6661  ARI=0.5079  0.3s
  BDOSC: ACC=0.9289  NMI=0.8809  ARI=0.8801  3.8s

=== P1E_S3_C3 train[0] k=5  dim=9216  frames=173  σ=0.25 ===
  OSC: ACC=1.0000  NMI=1.0000  ARI=1.0000  3.8s
  SSC-TV-L21: ACC=0.9884  NMI=0.9658  ARI=0.9668  1.2s
  SSC-TV-L21-col: ACC=1.0000  NMI=1.0000  ARI=1.0000  2.0s
  TKSS: ACC=0.7630  NMI=0.7158  ARI=0.5938  0.2s
  BDOSC: ACC=0.6012  NMI=0.6561  ARI=0.4790  2.6s

=== P1E_S3_C3 train[1] k=5  dim=9216  frames=150  σ=0.25 ===
  OSC: ACC=0.9933  NMI=0.9815  ARI=0.9835  3.1s
  SSC-TV-L21: ACC=0.9933  NMI=0.9815  ARI=0.9835  0.9s
  SSC-TV-L21-col: ACC=0.9933  NMI=0.9819  ARI=0.9859  1.4s
  TKSS: ACC=0.8333  NMI=0.7476  ARI=0.6455  0.2s
  BDOSC: ACC=0.8733  NMI=0.7800  ARI=0.7007  1.9s

=== P1E_S3_C3 train[2] k=5  dim=9216  frames=204  σ=0.25 ===
  OSC: ACC=0.7304  NMI=0.8329  ARI=0.6765  4.9s
  SSC-TV-L21: ACC=0.8873  NMI=0.8653  ARI=0.7784  1.9s
  SSC-TV-L21-col: ACC=0.9902  NMI=0.9761  ARI=0.9800  2.7s
  TKSS: ACC=0.8775  NMI=0.7925  ARI=0.7270  0.3s
  BDOSC: ACC=0.9118  NMI=0.8566  ARI=0.8105  3.5s

=== P1E_S3_C3 train[3] k=5  dim=9216  frames=167  σ=0.25 ===
  OSC: ACC=0.7425  NMI=0.8708  ARI=0.7394  3.8s
  SSC-TV-L21: ACC=0.7725  NMI=0.8473  ARI=0.7309  1.2s
  SSC-TV-L21-col: ACC=0.7844  NMI=0.8769  ARI=0.7601  2.0s
  TKSS: ACC=0.6946  NMI=0.6859  ARI=0.5381  0.2s
  BDOSC: ACC=0.9222  NMI=0.8698  ARI=0.8496  2.5s

=== P1E_S4_C1 train[0] k=5  dim=9216  frames=213  σ=0.25 ===
  OSC: ACC=0.8779  NMI=0.8658  ARI=0.8005  5.3s
  SSC-TV-L21: ACC=0.8920  NMI=0.8982  ARI=0.8324  1.7s
  SSC-TV-L21-col: ACC=0.8920  NMI=0.8982  ARI=0.8324  2.1s
  TKSS: ACC=0.9108  NMI=0.8468  ARI=0.7986  0.3s
  BDOSC: ACC=0.7371  NMI=0.7381  ARI=0.6183  3.8s

=== P1E_S4_C1 train[1] k=5  dim=9216  frames=210  σ=0.25 ===
  OSC: ACC=0.9905  NMI=0.9758  ARI=0.9765  4.6s
  SSC-TV-L21: ACC=0.9190  NMI=0.9017  ARI=0.8337  1.4s
  SSC-TV-L21-col: ACC=0.9190  NMI=0.9017  ARI=0.8337  1.7s
  TKSS: ACC=0.8190  NMI=0.7335  ARI=0.6369  0.3s
  BDOSC: ACC=0.6429  NMI=0.6337  ARI=0.4360  3.5s

=== P1E_S4_C1 train[2] k=5  dim=9216  frames=224  σ=0.25 ===
  OSC: ACC=0.6786  NMI=0.7692  ARI=0.5839  4.8s
  SSC-TV-L21: ACC=0.7366  NMI=0.8358  ARI=0.6864  1.6s
  SSC-TV-L21-col: ACC=0.7455  NMI=0.8623  ARI=0.7151  2.3s
  TKSS: ACC=0.8571  NMI=0.7630  ARI=0.6879  0.3s
  BDOSC: ACC=0.8795  NMI=0.8408  ARI=0.7818  3.9s

=== P1E_S4_C1 train[3] k=5  dim=9216  frames=230  σ=0.25 ===
  OSC: ACC=0.6435  NMI=0.7768  ARI=0.5953  6.0s
  SSC-TV-L21: ACC=0.8565  NMI=0.8133  ARI=0.7002  2.4s
  SSC-TV-L21-col: ACC=0.7043  NMI=0.8500  ARI=0.7100  3.5s
  TKSS: ACC=0.9043  NMI=0.8413  ARI=0.7833  1.2s
  BDOSC: ACC=0.8783  NMI=0.7976  ARI=0.7435  4.3s

=== P1E_S4_C2 train[0] k=5  dim=9216  frames=211  σ=0.25 ===
  OSC: ACC=0.9763  NMI=0.9430  ARI=0.9402  4.7s
  SSC-TV-L21: ACC=0.9479  NMI=0.8979  ARI=0.8748  1.5s
  SSC-TV-L21-col: ACC=0.9526  NMI=0.9114  ARI=0.8846  2.3s
  TKSS: ACC=0.8436  NMI=0.7519  ARI=0.6656  0.9s
  BDOSC: ACC=0.9242  NMI=0.8522  ARI=0.8256  3.6s

=== P1E_S4_C2 train[1] k=5  dim=9216  frames=182  σ=0.25 ===
  OSC: ACC=0.9890  NMI=0.9682  ARI=0.9717  3.6s
  SSC-TV-L21: ACC=0.9890  NMI=0.9682  ARI=0.9717  1.0s
  SSC-TV-L21-col: ACC=0.9945  NMI=0.9844  ARI=0.9871  1.5s
  TKSS: ACC=0.9341  NMI=0.8918  ARI=0.8545  0.2s
  BDOSC: ACC=0.9066  NMI=0.8459  ARI=0.7923  2.7s

=== P1E_S4_C2 train[2] k=5  dim=9216  frames=218  σ=0.25 ===
  OSC: ACC=1.0000  NMI=1.0000  ARI=1.0000  5.5s
  SSC-TV-L21: ACC=0.9358  NMI=0.9010  ARI=0.8714  1.9s
  SSC-TV-L21-col: ACC=0.9358  NMI=0.9010  ARI=0.8714  3.0s
  TKSS: ACC=0.9312  NMI=0.8658  ARI=0.8372  0.9s
  BDOSC: ACC=0.7615  NMI=0.6935  ARI=0.5479  4.1s

=== P1E_S4_C2 train[3] k=5  dim=9216  frames=199  σ=0.25 ===
  OSC: ACC=0.6080  NMI=0.7554  ARI=0.5554  4.9s
  SSC-TV-L21: ACC=0.6935  NMI=0.8095  ARI=0.6530  1.7s
  SSC-TV-L21-col: ACC=0.7136  NMI=0.8665  ARI=0.7240  2.6s
  TKSS: ACC=0.9196  NMI=0.8495  ARI=0.8145  0.3s
  BDOSC: ACC=0.8643  NMI=0.7943  ARI=0.7097  3.5s

=== P1E_S4_C3 train[0] k=5  dim=9216  frames=132  σ=0.25 ===
  OSC: ACC=0.9470  NMI=0.8897  ARI=0.8670  2.5s
  SSC-TV-L21: ACC=0.9621  NMI=0.9107  ARI=0.9027  0.7s
  SSC-TV-L21-col: ACC=0.9848  NMI=0.9646  ARI=0.9579  1.1s
  TKSS: ACC=0.8788  NMI=0.8028  ARI=0.7288  0.1s
  BDOSC: ACC=0.9015  NMI=0.8587  ARI=0.7824  1.5s

=== P1E_S4_C3 train[1] k=5  dim=9216  frames=149  σ=0.25 ===
  OSC: ACC=0.9597  NMI=0.9319  ARI=0.9005  3.0s
  SSC-TV-L21: ACC=0.9664  NMI=0.9393  ARI=0.9153  1.0s
  SSC-TV-L21-col: ACC=0.9597  NMI=0.9319  ARI=0.9005  1.6s
  TKSS: ACC=0.8322  NMI=0.7603  ARI=0.6630  0.2s
  BDOSC: ACC=0.9530  NMI=0.9128  ARI=0.8800  2.0s

=== P1E_S4_C3 train[2] k=5  dim=9216  frames=147  σ=0.25 ===
  OSC: ACC=0.9864  NMI=0.9683  ARI=0.9645  3.0s
  SSC-TV-L21: ACC=0.9728  NMI=0.9393  ARI=0.9313  1.3s
  SSC-TV-L21-col: ACC=0.9864  NMI=0.9683  ARI=0.9645  1.5s
  TKSS: ACC=0.9728  NMI=0.9316  ARI=0.9315  0.3s
  BDOSC: ACC=0.8639  NMI=0.7938  ARI=0.7125  1.9s

=== P1E_S4_C3 train[3] k=5  dim=9216  frames=137  σ=0.25 ===
  OSC: ACC=0.9854  NMI=0.9608  ARI=0.9634  2.7s
  SSC-TV-L21: ACC=0.7591  NMI=0.8549  ARI=0.7314  0.9s
  SSC-TV-L21-col: ACC=0.7080  NMI=0.7676  ARI=0.6216  1.3s
  TKSS: ACC=0.8540  NMI=0.7769  ARI=0.7002  0.1s
  BDOSC: ACC=0.8102  NMI=0.7362  ARI=0.6135  1.6s

=== P1L_S1_C1 train[0] k=5  dim=9216  frames=213  σ=0.25 ===
  OSC: ACC=0.7324  NMI=0.8528  ARI=0.6844  5.3s
  SSC-TV-L21: ACC=0.8873  NMI=0.8710  ARI=0.7750  1.8s
  SSC-TV-L21-col: ACC=0.7371  NMI=0.8530  ARI=0.6850  2.3s
  TKSS: ACC=0.8310  NMI=0.7474  ARI=0.6507  0.3s
  BDOSC: ACC=0.8028  NMI=0.7589  ARI=0.6174  3.8s

=== P1L_S1_C1 train[1] k=5  dim=9216  frames=188  σ=0.25 ===
  OSC: ACC=1.0000  NMI=1.0000  ARI=1.0000  4.3s
  SSC-TV-L21: ACC=1.0000  NMI=1.0000  ARI=1.0000  1.4s
  SSC-TV-L21-col: ACC=1.0000  NMI=1.0000  ARI=1.0000  2.0s
  TKSS: ACC=0.8777  NMI=0.7923  ARI=0.7367  0.2s
  BDOSC: ACC=0.8617  NMI=0.8030  ARI=0.7349  3.0s

=== P1L_S1_C1 train[2] k=5  dim=9216  frames=205  σ=0.25 ===
  OSC: ACC=0.8829  NMI=0.8822  ARI=0.7727  5.2s
  SSC-TV-L21: ACC=0.9902  NMI=0.9714  ARI=0.9756  1.8s
  SSC-TV-L21-col: ACC=0.9951  NMI=0.9854  ARI=0.9866  2.8s
  TKSS: ACC=0.9073  NMI=0.8426  ARI=0.7987  0.3s
  BDOSC: ACC=0.7854  NMI=0.7093  ARI=0.5815  3.7s

=== P1L_S1_C1 train[3] k=5  dim=9216  frames=222  σ=0.25 ===
  OSC: ACC=0.9324  NMI=0.9178  ARI=0.8771  5.6s
  SSC-TV-L21: ACC=0.9955  NMI=0.9868  ARI=0.9897  1.9s
  SSC-TV-L21-col: ACC=1.0000  NMI=1.0000  ARI=1.0000  2.7s
  TKSS: ACC=0.8964  NMI=0.8205  ARI=0.7742  0.3s
  BDOSC: ACC=0.8514  NMI=0.7913  ARI=0.6980  4.2s

=== P1L_S1_C2 train[0] k=5  dim=9216  frames=259  σ=0.25 ===
  OSC: ACC=0.6139  NMI=0.7329  ARI=0.4909  7.3s
  SSC-TV-L21: ACC=0.9112  NMI=0.8810  ARI=0.8107  3.0s
  SSC-TV-L21-col: ACC=0.6873  NMI=0.8379  ARI=0.6786  3.9s
  TKSS: ACC=0.9459  NMI=0.8887  ARI=0.8739  0.9s
  BDOSC: ACC=0.7838  NMI=0.7076  ARI=0.5897  5.7s

=== P1L_S1_C2 train[1] k=5  dim=9216  frames=189  σ=0.25 ===
  OSC: ACC=0.9259  NMI=0.9087  ARI=0.8496  4.3s
  SSC-TV-L21: ACC=1.0000  NMI=1.0000  ARI=1.0000  1.4s
  SSC-TV-L21-col: ACC=1.0000  NMI=1.0000  ARI=1.0000  1.8s
  TKSS: ACC=0.9630  NMI=0.9224  ARI=0.9101  1.0s
  BDOSC: ACC=0.9259  NMI=0.8584  ARI=0.8266  3.1s

=== P1L_S1_C2 train[2] k=5  dim=9216  frames=204  σ=0.25 ===
  OSC: ACC=0.4853  NMI=0.6832  ARI=0.4013  5.0s
  SSC-TV-L21: ACC=0.9167  NMI=0.8819  ARI=0.7992  1.9s
  SSC-TV-L21-col: ACC=0.9167  NMI=0.8819  ARI=0.7992  2.8s
  TKSS: ACC=0.7941  NMI=0.7214  ARI=0.6104  0.3s
  BDOSC: ACC=0.8922  NMI=0.8241  ARI=0.7463  3.6s

=== P1L_S1_C2 train[3] k=5  dim=9216  frames=224  σ=0.25 ===
  OSC: ACC=0.6027  NMI=0.7506  ARI=0.5431  5.5s
  SSC-TV-L21: ACC=0.8795  NMI=0.8790  ARI=0.8074  2.0s
  SSC-TV-L21-col: ACC=0.8839  NMI=0.8924  ARI=0.8172  2.8s
  TKSS: ACC=0.8705  NMI=0.7862  ARI=0.7193  0.3s
  BDOSC: ACC=0.6696  NMI=0.6279  ARI=0.4076  4.2s

=== P1L_S1_C3 train[0] k=5  dim=9216  frames=108  σ=0.25 ===
  OSC: ACC=0.6389  NMI=0.7450  ARI=0.5147  1.9s
  SSC-TV-L21: ACC=0.6852  NMI=0.7896  ARI=0.6140  0.7s
  SSC-TV-L21-col: ACC=0.6852  NMI=0.7896  ARI=0.6140  1.0s
  TKSS: ACC=0.9352  NMI=0.8769  ARI=0.8487  0.1s
  BDOSC: ACC=0.9722  NMI=0.9380  ARI=0.9324  1.0s

=== P1L_S1_C3 train[1] k=5  dim=9216  frames=115  σ=0.25 ===
  OSC: ACC=0.7304  NMI=0.8548  ARI=0.6715  2.2s
  SSC-TV-L21: ACC=0.7565  NMI=0.7993  ARI=0.6330  0.7s
  SSC-TV-L21-col: ACC=0.7304  NMI=0.8548  ARI=0.6715  1.1s
  TKSS: ACC=0.8783  NMI=0.7866  ARI=0.7196  0.1s
  BDOSC: ACC=0.9652  NMI=0.9231  ARI=0.9079  1.2s

=== P1L_S1_C3 train[2] k=5  dim=9216  frames=117  σ=0.25 ===
  OSC: ACC=0.6581  NMI=0.7236  ARI=0.4649  2.1s
  SSC-TV-L21: ACC=0.7094  NMI=0.8044  ARI=0.6293  0.9s
  SSC-TV-L21-col: ACC=0.7350  NMI=0.8064  ARI=0.6354  1.1s
  TKSS: ACC=0.7607  NMI=0.7029  ARI=0.5717  0.1s
  BDOSC: ACC=0.8974  NMI=0.8196  ARI=0.7536  1.2s

=== P1L_S1_C3 train[3] k=5  dim=9216  frames=101  σ=0.25 ===
  OSC: ACC=0.7921  NMI=0.7890  ARI=0.6389  1.8s
  SSC-TV-L21: ACC=0.8416  NMI=0.8139  ARI=0.6977  0.6s
  SSC-TV-L21-col: ACC=0.9109  NMI=0.9045  ARI=0.8437  0.9s
  TKSS: ACC=0.9010  NMI=0.8340  ARI=0.7820  0.1s
  BDOSC: ACC=0.8515  NMI=0.7881  ARI=0.6982  1.0s

=== P1L_S2_C1 train[0] k=5  dim=9216  frames=226  σ=0.25 ===
  OSC: ACC=0.8407  NMI=0.8103  ARI=0.6998  5.7s
  SSC-TV-L21: ACC=0.9115  NMI=0.8991  ARI=0.8243  2.0s
  SSC-TV-L21-col: ACC=0.8673  NMI=0.8277  ARI=0.7257  2.7s
  TKSS: ACC=0.9558  NMI=0.8941  ARI=0.8937  0.4s
  BDOSC: ACC=0.6327  NMI=0.6945  ARI=0.5574  4.2s

=== P1L_S2_C1 train[1] k=5  dim=9216  frames=236  σ=0.25 ===
  OSC: ACC=1.0000  NMI=1.0000  ARI=1.0000  6.4s
  SSC-TV-L21: ACC=1.0000  NMI=1.0000  ARI=1.0000  2.4s
  SSC-TV-L21-col: ACC=1.0000  NMI=1.0000  ARI=1.0000  3.4s
  TKSS: ACC=0.8983  NMI=0.8535  ARI=0.7886  1.2s
  BDOSC: ACC=0.8220  NMI=0.7625  ARI=0.6405  4.5s

=== P1L_S2_C1 train[2] k=5  dim=9216  frames=261  σ=0.25 ===
  OSC: ACC=0.7356  NMI=0.8032  ARI=0.6869  7.4s
  SSC-TV-L21: ACC=0.7280  NMI=0.8714  ARI=0.7404  3.1s
  SSC-TV-L21-col: ACC=0.7203  NMI=0.8582  ARI=0.7282  4.4s
  TKSS: ACC=0.9502  NMI=0.8987  ARI=0.8843  0.5s
  BDOSC: ACC=0.6169  NMI=0.6838  ARI=0.5203  5.8s

=== P1L_S2_C1 train[3] k=5  dim=9216  frames=215  σ=0.25 ===
  OSC: ACC=0.8605  NMI=0.8623  ARI=0.7152  5.5s
  SSC-TV-L21: ACC=0.9163  NMI=0.8791  ARI=0.7931  1.9s
  SSC-TV-L21-col: ACC=0.8651  NMI=0.8638  ARI=0.7199  2.3s
  TKSS: ACC=0.7488  NMI=0.6912  ARI=0.5572  0.3s
  BDOSC: ACC=0.9581  NMI=0.9106  ARI=0.9128  4.0s

=== P1L_S2_C2 train[0] k=5  dim=9216  frames=249  σ=0.25 ===
  OSC: ACC=0.8514  NMI=0.8141  ARI=0.6906  6.7s
  SSC-TV-L21: ACC=0.6466  NMI=0.7308  ARI=0.4916  2.8s
  SSC-TV-L21-col: ACC=0.6466  NMI=0.7286  ARI=0.4873  3.9s
  TKSS: ACC=0.9518  NMI=0.9027  ARI=0.8858  0.9s
  BDOSC: ACC=0.9518  NMI=0.9005  ARI=0.8835  5.0s

=== P1L_S2_C2 train[1] k=5  dim=9216  frames=233  σ=0.25 ===
  OSC: ACC=0.9185  NMI=0.9023  ARI=0.8323  6.4s
  SSC-TV-L21: ACC=1.0000  NMI=1.0000  ARI=1.0000  2.4s
  SSC-TV-L21-col: ACC=1.0000  NMI=1.0000  ARI=1.0000  3.2s
  TKSS: ACC=0.9356  NMI=0.8631  ARI=0.8477  0.8s
  BDOSC: ACC=0.8240  NMI=0.7479  ARI=0.6417  4.7s

=== P1L_S2_C2 train[2] k=5  dim=9216  frames=218  σ=0.25 ===
  OSC: ACC=0.8073  NMI=0.8008  ARI=0.6912  5.5s
  SSC-TV-L21: ACC=0.9954  NMI=0.9867  ARI=0.9906  2.0s
  SSC-TV-L21-col: ACC=0.9954  NMI=0.9867  ARI=0.9906  3.0s
  TKSS: ACC=0.7890  NMI=0.7123  ARI=0.5930  0.3s
  BDOSC: ACC=0.8945  NMI=0.8685  ARI=0.7822  4.1s

=== P1L_S2_C2 train[3] k=5  dim=9216  frames=242  σ=0.25 ===
  OSC: ACC=0.7727  NMI=0.8793  ARI=0.7696  6.8s
  SSC-TV-L21: ACC=0.9132  NMI=0.9071  ARI=0.8556  2.7s
  SSC-TV-L21-col: ACC=1.0000  NMI=1.0000  ARI=1.0000  3.6s
  TKSS: ACC=0.9339  NMI=0.8701  ARI=0.8491  0.4s
  BDOSC: ACC=0.9256  NMI=0.8527  ARI=0.8256  5.0s

=== P1L_S2_C3 train[0] k=5  dim=9216  frames=177  σ=0.25 ===
  OSC: ACC=0.8362  NMI=0.8536  ARI=0.6816  3.9s
  SSC-TV-L21: ACC=1.0000  NMI=1.0000  ARI=1.0000  1.4s
  SSC-TV-L21-col: ACC=1.0000  NMI=1.0000  ARI=1.0000  2.1s
  TKSS: ACC=0.8023  NMI=0.7376  ARI=0.6313  0.2s
  BDOSC: ACC=0.7514  NMI=0.7317  ARI=0.5996  2.6s

=== P1L_S2_C3 train[1] k=5  dim=9216  frames=151  σ=0.25 ===
  OSC: ACC=1.0000  NMI=1.0000  ARI=1.0000  3.1s
  SSC-TV-L21: ACC=1.0000  NMI=1.0000  ARI=1.0000  1.0s
  SSC-TV-L21-col: ACC=1.0000  NMI=1.0000  ARI=1.0000  1.3s
  TKSS: ACC=0.8079  NMI=0.7415  ARI=0.6359  0.3s
  BDOSC: ACC=0.9603  NMI=0.9098  ARI=0.9051  2.0s

=== P1L_S2_C3 train[2] k=5  dim=9216  frames=175  σ=0.25 ===
  OSC: ACC=0.8743  NMI=0.8720  ARI=0.7370  4.0s
  SSC-TV-L21: ACC=0.8800  NMI=0.8743  ARI=0.7440  1.5s
  SSC-TV-L21-col: ACC=0.8743  NMI=0.8720  ARI=0.7370  2.1s
  TKSS: ACC=0.8857  NMI=0.8098  ARI=0.7454  0.2s
  BDOSC: ACC=0.9657  NMI=0.9202  ARI=0.9098  2.7s

=== P1L_S2_C3 train[3] k=5  dim=9216  frames=171  σ=0.25 ===
  OSC: ACC=0.6667  NMI=0.7798  ARI=0.6096  3.5s
  SSC-TV-L21: ACC=0.9415  NMI=0.9051  ARI=0.8619  1.2s
  SSC-TV-L21-col: ACC=0.9415  NMI=0.9051  ARI=0.8619  1.8s
  TKSS: ACC=0.9123  NMI=0.8314  ARI=0.8013  0.2s
  BDOSC: ACC=0.9883  NMI=0.9670  ARI=0.9706  2.5s

=== P1L_S3_C1 train[0] k=5  dim=9216  frames=200  σ=0.25 ===
  OSC: ACC=0.7900  NMI=0.7574  ARI=0.6096  4.7s
  SSC-TV-L21: ACC=0.5950  NMI=0.7043  ARI=0.4429  1.6s
  SSC-TV-L21-col: ACC=0.5950  NMI=0.7163  ARI=0.4455  2.0s
  TKSS: ACC=0.7950  NMI=0.7221  ARI=0.6063  0.3s
  BDOSC: ACC=0.8800  NMI=0.8157  ARI=0.7294  3.3s

=== P1L_S3_C1 train[1] k=5  dim=9216  frames=208  σ=0.25 ===
  OSC: ACC=1.0000  NMI=1.0000  ARI=1.0000  5.1s
  SSC-TV-L21: ACC=1.0000  NMI=1.0000  ARI=1.0000  1.7s
  SSC-TV-L21-col: ACC=1.0000  NMI=1.0000  ARI=1.0000  2.0s
  TKSS: ACC=0.9038  NMI=0.8370  ARI=0.7873  0.3s
  BDOSC: ACC=0.9038  NMI=0.8308  ARI=0.7808  3.7s

=== P1L_S3_C1 train[2] k=5  dim=9216  frames=214  σ=0.25 ===
  OSC: ACC=0.9953  NMI=0.9866  ARI=0.9903  5.4s
  SSC-TV-L21: ACC=0.7150  NMI=0.8088  ARI=0.6588  1.9s
  SSC-TV-L21-col: ACC=0.7243  NMI=0.8157  ARI=0.6721  2.8s
  TKSS: ACC=0.8598  NMI=0.7715  ARI=0.7056  0.3s
  BDOSC: ACC=0.6262  NMI=0.7050  ARI=0.5564  3.8s

=== P1L_S3_C1 train[3] k=5  dim=9216  frames=195  σ=0.25 ===
  OSC: ACC=0.9385  NMI=0.9128  ARI=0.8561  4.7s
  SSC-TV-L21: ACC=0.9333  NMI=0.9088  ARI=0.8464  1.6s
  SSC-TV-L21-col: ACC=0.9333  NMI=0.9088  ARI=0.8464  2.2s
  TKSS: ACC=0.9179  NMI=0.8370  ARI=0.8028  0.3s
  BDOSC: ACC=0.7590  NMI=0.6968  ARI=0.5513  3.3s

=== P1L_S3_C2 train[0] k=5  dim=9216  frames=261  σ=0.25 ===
  OSC: ACC=0.9425  NMI=0.9166  ARI=0.8649  7.4s
  SSC-TV-L21: ACC=0.9923  NMI=0.9801  ARI=0.9828  2.9s
  SSC-TV-L21-col: ACC=0.9310  NMI=0.8989  ARI=0.8422  3.6s
  TKSS: ACC=0.8966  NMI=0.8197  ARI=0.7760  0.5s
  BDOSC: ACC=0.9387  NMI=0.8729  ARI=0.8644  6.0s

=== P1L_S3_C2 train[1] k=5  dim=9216  frames=206  σ=0.25 ===
  OSC: ACC=0.7476  NMI=0.8657  ARI=0.7218  5.5s
  SSC-TV-L21: ACC=0.7379  NMI=0.8653  ARI=0.7205  1.7s
  SSC-TV-L21-col: ACC=0.7476  NMI=0.8657  ARI=0.7218  2.2s
  TKSS: ACC=0.9175  NMI=0.8359  ARI=0.8064  0.9s
  BDOSC: ACC=0.8252  NMI=0.7650  ARI=0.6837  3.9s

=== P1L_S3_C2 train[2] k=5  dim=9216  frames=275  σ=0.25 ===
  OSC: ACC=0.6836  NMI=0.7184  ARI=0.5580  8.3s
  SSC-TV-L21: ACC=0.9782  NMI=0.9570  ARI=0.9504  3.2s
  SSC-TV-L21-col: ACC=0.9782  NMI=0.9570  ARI=0.9504  4.7s
  TKSS: ACC=0.9491  NMI=0.8982  ARI=0.8825  1.0s
  BDOSC: ACC=0.8545  NMI=0.7754  ARI=0.6748  6.4s

=== P1L_S3_C2 train[3] k=5  dim=9216  frames=231  σ=0.25 ===
  OSC: ACC=0.6537  NMI=0.7654  ARI=0.5827  6.7s
  SSC-TV-L21: ACC=0.9437  NMI=0.9251  ARI=0.8965  2.5s
  SSC-TV-L21-col: ACC=0.9437  NMI=0.9251  ARI=0.8965  3.1s
  TKSS: ACC=0.8961  NMI=0.8354  ARI=0.7873  1.3s
  BDOSC: ACC=0.8745  NMI=0.8147  ARI=0.7250  4.8s

=== P1L_S3_C3 train[0] k=5  dim=9216  frames=180  σ=0.25 ===
  OSC: ACC=1.0000  NMI=1.0000  ARI=1.0000  4.5s
  SSC-TV-L21: ACC=1.0000  NMI=1.0000  ARI=1.0000  1.4s
  SSC-TV-L21-col: ACC=1.0000  NMI=1.0000  ARI=1.0000  2.1s
  TKSS: ACC=0.9389  NMI=0.8767  ARI=0.8549  0.2s
  BDOSC: ACC=0.9111  NMI=0.8345  ARI=0.8002  2.8s

=== P1L_S3_C3 train[1] k=5  dim=9216  frames=209  σ=0.25 ===
  OSC: ACC=1.0000  NMI=1.0000  ARI=1.0000  5.4s
  SSC-TV-L21: ACC=0.9952  NMI=0.9856  ARI=0.9872  1.9s
  SSC-TV-L21-col: ACC=1.0000  NMI=1.0000  ARI=1.0000  2.4s
  TKSS: ACC=0.8947  NMI=0.8127  ARI=0.7656  0.3s
  BDOSC: ACC=0.9713  NMI=0.9268  ARI=0.9257  3.8s

=== P1L_S3_C3 train[2] k=5  dim=9216  frames=191  σ=0.25 ===
  OSC: ACC=0.9267  NMI=0.8772  ARI=0.8215  4.6s
  SSC-TV-L21: ACC=0.9162  NMI=0.8825  ARI=0.8495  1.7s
  SSC-TV-L21-col: ACC=0.9162  NMI=0.8825  ARI=0.8495  2.4s
  TKSS: ACC=0.8010  NMI=0.7265  ARI=0.6186  0.3s
  BDOSC: ACC=0.9058  NMI=0.8343  ARI=0.7836  3.2s

=== P1L_S3_C3 train[3] k=5  dim=9216  frames=203  σ=0.25 ===
  OSC: ACC=0.8227  NMI=0.7907  ARI=0.6464  5.3s
  SSC-TV-L21: ACC=0.9803  NMI=0.9600  ARI=0.9580  1.9s
  SSC-TV-L21-col: ACC=0.9754  NMI=0.9535  ARI=0.9483  2.8s
  TKSS: ACC=0.8325  NMI=0.7667  ARI=0.6837  0.3s
  BDOSC: ACC=0.9113  NMI=0.8391  ARI=0.7976  3.6s

=== P1L_S4_C1 train[0] k=5  dim=9216  frames=223  σ=0.25 ===
  OSC: ACC=0.7803  NMI=0.7720  ARI=0.6056  5.9s
  SSC-TV-L21: ACC=0.6233  NMI=0.7250  ARI=0.4667  1.9s
  SSC-TV-L21-col: ACC=0.6278  NMI=0.7252  ARI=0.4676  2.5s
  TKSS: ACC=0.8700  NMI=0.8005  ARI=0.7257  0.4s
  BDOSC: ACC=0.6457  NMI=0.6903  ARI=0.5061  4.5s

=== P1L_S4_C1 train[1] k=5  dim=9216  frames=221  σ=0.25 ===
  OSC: ACC=1.0000  NMI=1.0000  ARI=1.0000  6.0s
  SSC-TV-L21: ACC=1.0000  NMI=1.0000  ARI=1.0000  1.8s
  SSC-TV-L21-col: ACC=1.0000  NMI=1.0000  ARI=1.0000  2.5s
  TKSS: ACC=0.8914  NMI=0.8212  ARI=0.7631  0.7s
  BDOSC: ACC=0.8959  NMI=0.8060  ARI=0.7619  4.4s

=== P1L_S4_C1 train[2] k=5  dim=9216  frames=218  σ=0.25 ===
  OSC: ACC=0.6743  NMI=0.7432  ARI=0.5346  5.8s
  SSC-TV-L21: ACC=0.8807  NMI=0.8877  ARI=0.7968  1.9s
  SSC-TV-L21-col: ACC=0.8807  NMI=0.8877  ARI=0.7968  2.7s
  TKSS: ACC=0.8440  NMI=0.7657  ARI=0.6840  0.3s
  BDOSC: ACC=0.5917  NMI=0.6556  ARI=0.4858  4.3s

=== P1L_S4_C1 train[3] k=5  dim=9216  frames=227  σ=0.25 ===
  OSC: ACC=0.8502  NMI=0.8444  ARI=0.7471  6.5s
  SSC-TV-L21: ACC=0.8370  NMI=0.8281  ARI=0.7264  2.4s
  SSC-TV-L21-col: ACC=0.8370  NMI=0.8281  ARI=0.7264  3.5s
  TKSS: ACC=0.9119  NMI=0.8445  ARI=0.7998  0.4s
  BDOSC: ACC=0.6784  NMI=0.6918  ARI=0.5650  4.4s

=== P1L_S4_C2 train[0] k=5  dim=9216  frames=209  σ=0.25 ===
  OSC: ACC=0.8612  NMI=0.8565  ARI=0.7573  5.5s
  SSC-TV-L21: ACC=0.9856  NMI=0.9620  ARI=0.9661  1.8s
  SSC-TV-L21-col: ACC=0.9856  NMI=0.9620  ARI=0.9661  2.2s
  TKSS: ACC=0.8373  NMI=0.7502  ARI=0.6624  0.3s
  BDOSC: ACC=0.9809  NMI=0.9518  ARI=0.9488  3.8s

=== P1L_S4_C2 train[1] k=5  dim=9216  frames=202  σ=0.25 ===
  OSC: ACC=0.9208  NMI=0.8975  ARI=0.8131  5.0s
  SSC-TV-L21: ACC=1.0000  NMI=1.0000  ARI=1.0000  1.7s
  SSC-TV-L21-col: ACC=1.0000  NMI=1.0000  ARI=1.0000  2.2s
  TKSS: ACC=0.8168  NMI=0.7467  ARI=0.6433  0.3s
  BDOSC: ACC=0.8515  NMI=0.7728  ARI=0.6557  3.6s

=== P1L_S4_C2 train[2] k=5  dim=9216  frames=219  σ=0.25 ===
  OSC: ACC=0.8767  NMI=0.8330  ARI=0.7299  5.8s
  SSC-TV-L21: ACC=0.9178  NMI=0.8676  ARI=0.8024  2.0s
  SSC-TV-L21-col: ACC=0.9132  NMI=0.8611  ARI=0.7933  3.1s
  TKSS: ACC=0.8904  NMI=0.8181  ARI=0.7631  1.0s
  BDOSC: ACC=0.8676  NMI=0.7959  ARI=0.7187  4.3s

=== P1L_S4_C2 train[3] k=5  dim=9216  frames=238  σ=0.25 ===
  OSC: ACC=0.8655  NMI=0.8569  ARI=0.7472  6.8s
  SSC-TV-L21: ACC=0.9370  NMI=0.9032  ARI=0.8576  2.6s
  SSC-TV-L21-col: ACC=0.9370  NMI=0.9032  ARI=0.8576  3.3s
  TKSS: ACC=0.8782  NMI=0.7883  ARI=0.7284  0.5s
  BDOSC: ACC=0.9454  NMI=0.8732  ARI=0.8645  4.8s

=== P1L_S4_C3 train[0] k=5  dim=9216  frames=172  σ=0.25 ===
  OSC: ACC=0.9012  NMI=0.8899  ARI=0.7975  3.9s
  SSC-TV-L21: ACC=0.9942  NMI=0.9832  ARI=0.9846  1.3s
  SSC-TV-L21-col: ACC=0.9186  NMI=0.8994  ARI=0.8233  1.9s
  TKSS: ACC=0.8953  NMI=0.8117  ARI=0.7623  0.2s
  BDOSC: ACC=0.6744  NMI=0.7220  ARI=0.5160  2.6s

=== P1L_S4_C3 train[1] k=5  dim=9216  frames=158  σ=0.25 ===
  OSC: ACC=1.0000  NMI=1.0000  ARI=1.0000  3.7s
  SSC-TV-L21: ACC=0.9937  NMI=0.9812  ARI=0.9806  1.1s
  SSC-TV-L21-col: ACC=0.9937  NMI=0.9812  ARI=0.9806  1.8s
  TKSS: ACC=0.7658  NMI=0.7375  ARI=0.6216  0.2s
  BDOSC: ACC=0.9241  NMI=0.8475  ARI=0.8192  2.3s

=== P1L_S4_C3 train[2] k=5  dim=9216  frames=163  σ=0.25 ===
  OSC: ACC=0.6994  NMI=0.8311  ARI=0.7008  3.8s
  SSC-TV-L21: ACC=0.8712  NMI=0.8503  ARI=0.7572  1.3s
  SSC-TV-L21-col: ACC=0.9755  NMI=0.9451  ARI=0.9467  1.9s
  TKSS: ACC=0.8834  NMI=0.8035  ARI=0.7431  0.2s
  BDOSC: ACC=0.8834  NMI=0.8042  ARI=0.7485  2.4s

=== P1L_S4_C3 train[3] k=5  dim=9216  frames=164  σ=0.25 ===
  OSC: ACC=0.6951  NMI=0.8258  ARI=0.6781  3.8s
  SSC-TV-L21: ACC=0.9085  NMI=0.8696  ARI=0.8037  1.7s
  SSC-TV-L21-col: ACC=0.7073  NMI=0.8265  ARI=0.6796  1.9s
  TKSS: ACC=0.9817  NMI=0.9542  ARI=0.9543  0.4s
  BDOSC: ACC=0.9756  NMI=0.9370  ARI=0.9384  2.4s

=== P1E_S1_C1 test[0] k=5  dim=9216  frames=252  σ=0.25 ===
  OSC: ACC=0.8492  NMI=0.8753  ARI=0.7506  7.1s
  SSC-TV-L21: ACC=0.9325  NMI=0.9101  ARI=0.8508  2.7s
  SSC-TV-L21-col: ACC=0.9286  NMI=0.9075  ARI=0.8442  3.5s
  TKSS: ACC=0.9405  NMI=0.8754  ARI=0.8593  0.5s
  BDOSC: ACC=0.8889  NMI=0.8253  ARI=0.7569  5.1s

=== P1E_S1_C2 test[0] k=5  dim=9216  frames=186  σ=0.25 ===
  OSC: ACC=0.9839  NMI=0.9643  ARI=0.9603  4.5s
  SSC-TV-L21: ACC=0.9785  NMI=0.9491  ARI=0.9487  1.4s
  SSC-TV-L21-col: ACC=0.9892  NMI=0.9734  ARI=0.9731  2.0s
  TKSS: ACC=0.8387  NMI=0.7527  ARI=0.6638  0.3s
  BDOSC: ACC=0.9032  NMI=0.8313  ARI=0.7963  3.0s

=== P1E_S1_C3 test[0] k=5  dim=9216  frames=107  σ=0.25 ===
  OSC: ACC=0.9720  NMI=0.9367  ARI=0.9286  2.1s
  SSC-TV-L21: ACC=0.9626  NMI=0.9053  ARI=0.9056  0.6s
  SSC-TV-L21-col: ACC=0.9813  NMI=0.9528  ARI=0.9534  1.0s
  TKSS: ACC=0.8879  NMI=0.8135  ARI=0.7528  0.3s
  BDOSC: ACC=0.9252  NMI=0.8690  ARI=0.8398  1.1s

=== P1E_S2_C1 test[0] k=5  dim=9216  frames=200  σ=0.25 ===
  OSC: ACC=0.8200  NMI=0.8007  ARI=0.6635  5.2s
  SSC-TV-L21: ACC=0.8700  NMI=0.8268  ARI=0.7260  1.6s
  SSC-TV-L21-col: ACC=0.8700  NMI=0.8268  ARI=0.7260  2.2s
  TKSS: ACC=0.9450  NMI=0.8956  ARI=0.8715  0.6s
  BDOSC: ACC=0.8100  NMI=0.7251  ARI=0.6115  3.5s

=== P1E_S2_C2 test[0] k=5  dim=9216  frames=204  σ=0.25 ===
  OSC: ACC=0.9559  NMI=0.9158  ARI=0.8951  5.3s
  SSC-TV-L21: ACC=0.9559  NMI=0.9158  ARI=0.8951  1.7s
  SSC-TV-L21-col: ACC=0.9559  NMI=0.9158  ARI=0.8951  2.3s
  TKSS: ACC=0.9216  NMI=0.8491  ARI=0.8192  0.9s
  BDOSC: ACC=0.8284  NMI=0.7426  ARI=0.6624  3.8s

=== P1E_S2_C3 test[0] k=5  dim=9216  frames=157  σ=0.25 ===
  OSC: ACC=0.9809  NMI=0.9524  ARI=0.9530  3.7s
  SSC-TV-L21: ACC=0.9809  NMI=0.9524  ARI=0.9530  1.1s
  SSC-TV-L21-col: ACC=0.9873  NMI=0.9648  ARI=0.9688  1.8s
  TKSS: ACC=0.9363  NMI=0.8758  ARI=0.8539  0.2s
  BDOSC: ACC=0.9363  NMI=0.8875  ARI=0.8526  2.3s

=== P1E_S3_C1 test[0] k=5  dim=9216  frames=219  σ=0.25 ===
  OSC: ACC=0.8447  NMI=0.8179  ARI=0.7217  5.5s
  SSC-TV-L21: ACC=0.8904  NMI=0.8911  ARI=0.8064  1.6s
  SSC-TV-L21-col: ACC=0.8539  NMI=0.8310  ARI=0.7416  2.0s
  TKSS: ACC=0.8493  NMI=0.7852  ARI=0.6992  0.4s
  BDOSC: ACC=0.9087  NMI=0.8381  ARI=0.7939  4.2s

=== P1E_S3_C2 test[0] k=5  dim=9216  frames=182  σ=0.25 ===
  OSC: ACC=0.9451  NMI=0.9075  ARI=0.8684  4.3s
  SSC-TV-L21: ACC=0.9451  NMI=0.9075  ARI=0.8684  1.3s
  SSC-TV-L21-col: ACC=0.9451  NMI=0.9075  ARI=0.8684  1.8s
  TKSS: ACC=0.8407  NMI=0.7701  ARI=0.6829  0.7s
  BDOSC: ACC=0.8846  NMI=0.8028  ARI=0.7462  2.9s

=== P1E_S3_C3 test[0] k=5  dim=9216  frames=154  σ=0.25 ===
  OSC: ACC=0.9935  NMI=0.9826  ARI=0.9863  3.5s
  SSC-TV-L21: ACC=0.9870  NMI=0.9639  ARI=0.9686  1.1s
  SSC-TV-L21-col: ACC=0.9935  NMI=0.9826  ARI=0.9863  1.6s
  TKSS: ACC=0.8636  NMI=0.7963  ARI=0.7221  0.2s
  BDOSC: ACC=0.8182  NMI=0.7375  ARI=0.6278  2.2s

=== P1E_S4_C1 test[0] k=5  dim=9216  frames=192  σ=0.25 ===
  OSC: ACC=0.8646  NMI=0.8393  ARI=0.7556  4.6s
  SSC-TV-L21: ACC=0.8958  NMI=0.8707  ARI=0.7909  1.4s
  SSC-TV-L21-col: ACC=0.8646  NMI=0.8292  ARI=0.7245  2.0s
  TKSS: ACC=0.9531  NMI=0.9035  ARI=0.8867  0.5s
  BDOSC: ACC=0.6562  NMI=0.7093  ARI=0.5776  3.1s

=== P1E_S4_C2 test[0] k=5  dim=9216  frames=193  σ=0.25 ===
  OSC: ACC=0.8446  NMI=0.8552  ARI=0.7528  4.8s
  SSC-TV-L21: ACC=0.7098  NMI=0.8297  ARI=0.6649  1.6s
  SSC-TV-L21-col: ACC=0.7098  NMI=0.8297  ARI=0.6649  2.6s
  TKSS: ACC=0.8756  NMI=0.7979  ARI=0.7341  0.3s
  BDOSC: ACC=0.8497  NMI=0.7781  ARI=0.6870  3.3s

=== P1E_S4_C3 test[0] k=5  dim=9216  frames=147  σ=0.25 ===
  OSC: ACC=0.7891  NMI=0.8661  ARI=0.7590  3.2s
  SSC-TV-L21: ACC=0.9660  NMI=0.9380  ARI=0.9085  1.0s
  SSC-TV-L21-col: ACC=0.9660  NMI=0.9380  ARI=0.9085  1.6s
  TKSS: ACC=0.8299  NMI=0.7662  ARI=0.6724  0.3s
  BDOSC: ACC=0.6395  NMI=0.7145  ARI=0.5642  2.0s

=== P1L_S1_C1 test[0] k=5  dim=9216  frames=211  σ=0.25 ===
  OSC: ACC=0.8578  NMI=0.8776  ARI=0.7717  5.7s
  SSC-TV-L21: ACC=1.0000  NMI=1.0000  ARI=1.0000  1.7s
  SSC-TV-L21-col: ACC=1.0000  NMI=1.0000  ARI=1.0000  2.1s
  TKSS: ACC=0.7867  NMI=0.7155  ARI=0.5952  0.3s
  BDOSC: ACC=0.8673  NMI=0.8102  ARI=0.7366  4.1s

=== P1L_S1_C2 test[0] k=5  dim=9216  frames=231  σ=0.25 ===
  OSC: ACC=0.6407  NMI=0.7339  ARI=0.4948  6.7s
  SSC-TV-L21: ACC=0.9134  NMI=0.9011  ARI=0.8297  2.5s
  SSC-TV-L21-col: ACC=1.0000  NMI=1.0000  ARI=1.0000  3.1s
  TKSS: ACC=0.9827  NMI=0.9520  ARI=0.9578  1.3s
  BDOSC: ACC=0.6537  NMI=0.6646  ARI=0.4935  4.8s

=== P1L_S1_C3 test[0] k=5  dim=9216  frames=124  σ=0.25 ===
  OSC: ACC=0.9919  NMI=0.9784  ARI=0.9780  2.6s
  SSC-TV-L21: ACC=0.9919  NMI=0.9784  ARI=0.9780  0.8s
  SSC-TV-L21-col: ACC=0.9919  NMI=0.9784  ARI=0.9780  1.2s
  TKSS: ACC=0.9032  NMI=0.8306  ARI=0.7859  0.1s
  BDOSC: ACC=0.9597  NMI=0.9093  ARI=0.9046  1.3s

=== P1L_S2_C1 test[0] k=5  dim=9216  frames=234  σ=0.25 ===
  OSC: ACC=0.9658  NMI=0.9456  ARI=0.9405  6.6s
  SSC-TV-L21: ACC=0.7137  NMI=0.7878  ARI=0.6167  2.5s
  SSC-TV-L21-col: ACC=0.7137  NMI=0.7878  ARI=0.6167  2.8s
  TKSS: ACC=0.8632  NMI=0.8048  ARI=0.7357  0.5s
  BDOSC: ACC=0.5897  NMI=0.6401  ARI=0.4458  4.7s

=== P1L_S2_C2 test[0] k=5  dim=9216  frames=195  σ=0.25 ===
  OSC: ACC=0.9641  NMI=0.9299  ARI=0.9155  5.0s
  SSC-TV-L21: ACC=1.0000  NMI=1.0000  ARI=1.0000  1.5s
  SSC-TV-L21-col: ACC=1.0000  NMI=1.0000  ARI=1.0000  1.8s
  TKSS: ACC=0.9179  NMI=0.8498  ARI=0.8119  0.6s
  BDOSC: ACC=0.8154  NMI=0.7416  ARI=0.6371  3.4s

=== P1L_S2_C3 test[0] k=5  dim=9216  frames=169  σ=0.25 ===
  OSC: ACC=0.9822  NMI=0.9628  ARI=0.9595  3.9s
  SSC-TV-L21: ACC=0.9882  NMI=0.9722  ARI=0.9725  1.2s
  SSC-TV-L21-col: ACC=0.9882  NMI=0.9722  ARI=0.9725  1.8s
  TKSS: ACC=0.9290  NMI=0.8513  ARI=0.8321  0.2s
  BDOSC: ACC=0.9467  NMI=0.8917  ARI=0.8710  2.4s

=== P1L_S3_C1 test[0] k=5  dim=9216  frames=240  σ=0.25 ===
  OSC: ACC=1.0000  NMI=1.0000  ARI=1.0000  6.6s
  SSC-TV-L21: ACC=1.0000  NMI=1.0000  ARI=1.0000  2.7s
  SSC-TV-L21-col: ACC=1.0000  NMI=1.0000  ARI=1.0000  3.3s
  TKSS: ACC=0.9250  NMI=0.8536  ARI=0.8278  0.4s
  BDOSC: ACC=0.8750  NMI=0.8039  ARI=0.7375  4.9s

=== P1L_S3_C2 test[0] k=5  dim=9216  frames=241  σ=0.25 ===
  OSC: ACC=0.9129  NMI=0.8998  ARI=0.8356  6.9s
  SSC-TV-L21: ACC=1.0000  NMI=1.0000  ARI=1.0000  2.6s
  SSC-TV-L21-col: ACC=1.0000  NMI=1.0000  ARI=1.0000  3.6s
  TKSS: ACC=0.9087  NMI=0.8349  ARI=0.7979  0.5s
  BDOSC: ACC=0.7137  NMI=0.7890  ARI=0.6658  5.1s

=== P1L_S3_C3 test[0] k=5  dim=9216  frames=197  σ=0.25 ===
  OSC: ACC=0.8782  NMI=0.8686  ARI=0.7741  5.2s
  SSC-TV-L21: ACC=0.9848  NMI=0.9556  ARI=0.9645  1.8s
  SSC-TV-L21-col: ACC=0.9898  NMI=0.9706  ARI=0.9774  2.5s
  TKSS: ACC=0.8629  NMI=0.7895  ARI=0.7163  0.6s
  BDOSC: ACC=0.7970  NMI=0.7849  ARI=0.6456  3.6s

=== P1L_S4_C1 test[0] k=5  dim=9216  frames=211  σ=0.25 ===
  OSC: ACC=1.0000  NMI=1.0000  ARI=1.0000  5.8s
  SSC-TV-L21: ACC=1.0000  NMI=1.0000  ARI=1.0000  1.8s
  SSC-TV-L21-col: ACC=1.0000  NMI=1.0000  ARI=1.0000  2.3s
  TKSS: ACC=0.8483  NMI=0.7743  ARI=0.6981  0.3s
  BDOSC: ACC=0.8341  NMI=0.7554  ARI=0.6684  4.1s

=== P1L_S4_C2 test[0] k=5  dim=9216  frames=263  σ=0.25 ===
  OSC: ACC=0.6388  NMI=0.7427  ARI=0.5202  7.9s
  SSC-TV-L21: ACC=0.6882  NMI=0.7761  ARI=0.6165  2.9s
  SSC-TV-L21-col: ACC=0.9886  NMI=0.9718  ARI=0.9693  3.9s
  TKSS: ACC=0.8783  NMI=0.7898  ARI=0.7338  0.5s
  BDOSC: ACC=0.6730  NMI=0.7079  ARI=0.5670  6.0s

=== P1L_S4_C3 test[0] k=5  dim=9216  frames=185  σ=0.25 ===
  OSC: ACC=0.9892  NMI=0.9741  ARI=0.9749  4.6s
  SSC-TV-L21: ACC=0.9892  NMI=0.9741  ARI=0.9749  1.5s
  SSC-TV-L21-col: ACC=0.9946  NMI=0.9847  ARI=0.9873  2.3s
  TKSS: ACC=0.9243  NMI=0.8454  ARI=0.8247  0.3s
  BDOSC: ACC=0.9676  NMI=0.9231  ARI=0.9220  3.0s

=== P1E_S1_C1 train[0] k=5  dim=9216  frames=224  σ=0.5 ===
  OSC: ACC=0.7098  NMI=0.7672  ARI=0.6131  5.6s
  SSC-TV-L21: ACC=0.9196  NMI=0.8989  ARI=0.8187  1.9s
  SSC-TV-L21-col: ACC=0.9152  NMI=0.8962  ARI=0.8114  1.7s
  TKSS: ACC=0.9420  NMI=0.8810  ARI=0.8621  0.3s
  BDOSC: ACC=0.7589  NMI=0.6801  ARI=0.5293  4.3s

=== P1E_S1_C1 train[1] k=5  dim=9216  frames=206  σ=0.5 ===
  OSC: ACC=1.0000  NMI=1.0000  ARI=1.0000  5.3s
  SSC-TV-L21: ACC=0.9515  NMI=0.9270  ARI=0.8961  1.7s
  SSC-TV-L21-col: ACC=0.9563  NMI=0.9315  ARI=0.9052  1.6s
  TKSS: ACC=0.8835  NMI=0.7999  ARI=0.7422  0.3s
  BDOSC: ACC=0.8010  NMI=0.7420  ARI=0.6513  3.7s

=== P1E_S1_C1 train[2] k=5  dim=9216  frames=222  σ=0.5 ===
  OSC: ACC=0.4730  NMI=0.6205  ARI=0.3349  5.5s
  SSC-TV-L21: ACC=0.5991  NMI=0.6993  ARI=0.4925  1.9s
  SSC-TV-L21-col: ACC=0.6036  NMI=0.6956  ARI=0.4881  1.7s
  TKSS: ACC=0.8559  NMI=0.7683  ARI=0.6945  0.3s
  BDOSC: ACC=0.6486  NMI=0.6787  ARI=0.5012  4.2s

=== P1E_S1_C1 train[3] k=5  dim=9216  frames=191  σ=0.5 ===
  OSC: ACC=0.6440  NMI=0.7465  ARI=0.5684  4.5s
  SSC-TV-L21: ACC=0.6440  NMI=0.7810  ARI=0.5919  1.4s
  SSC-TV-L21-col: ACC=0.6440  NMI=0.7810  ARI=0.5919  1.3s
  TKSS: ACC=0.8010  NMI=0.7242  ARI=0.6191  0.3s
  BDOSC: ACC=0.6021  NMI=0.7024  ARI=0.5008  3.3s

=== P1E_S1_C2 train[0] k=5  dim=9216  frames=201  σ=0.5 ===
  OSC: ACC=0.9900  NMI=0.9766  ARI=0.9816  4.2s
  SSC-TV-L21: ACC=0.9652  NMI=0.9187  ARI=0.9146  1.4s
  SSC-TV-L21-col: ACC=0.9701  NMI=0.9329  ARI=0.9254  1.2s
  TKSS: ACC=0.8209  NMI=0.7547  ARI=0.6650  0.3s
  BDOSC: ACC=0.6368  NMI=0.6718  ARI=0.5086  3.2s

=== P1E_S1_C2 train[1] k=5  dim=9216  frames=174  σ=0.5 ===
  OSC: ACC=1.0000  NMI=1.0000  ARI=1.0000  3.9s
  SSC-TV-L21: ACC=1.0000  NMI=1.0000  ARI=1.0000  1.2s
  SSC-TV-L21-col: ACC=1.0000  NMI=1.0000  ARI=1.0000  1.1s
  TKSS: ACC=0.8563  NMI=0.7897  ARI=0.7093  0.4s
  BDOSC: ACC=0.6609  NMI=0.6560  ARI=0.4788  2.6s

=== P1E_S1_C2 train[2] k=5  dim=9216  frames=204  σ=0.5 ===
  OSC: ACC=0.5098  NMI=0.6698  ARI=0.4011  5.0s
  SSC-TV-L21: ACC=0.7745  NMI=0.7375  ARI=0.5938  1.7s
  SSC-TV-L21-col: ACC=0.7843  NMI=0.7254  ARI=0.5662  1.8s
  TKSS: ACC=0.9069  NMI=0.8213  ARI=0.7872  0.3s
  BDOSC: ACC=0.8088  NMI=0.7257  ARI=0.6315  3.6s

=== P1E_S1_C2 train[3] k=5  dim=9216  frames=182  σ=0.5 ===
  OSC: ACC=0.6758  NMI=0.7925  ARI=0.6426  4.1s
  SSC-TV-L21: ACC=0.9890  NMI=0.9686  ARI=0.9732  1.3s
  SSC-TV-L21-col: ACC=0.9835  NMI=0.9579  ARI=0.9613  1.2s
  TKSS: ACC=0.8626  NMI=0.7736  ARI=0.7056  0.2s
  BDOSC: ACC=0.8077  NMI=0.7342  ARI=0.6441  2.9s

=== P1E_S1_C3 train[0] k=5  dim=9216  frames=98  σ=0.5 ===
  OSC: ACC=0.9592  NMI=0.9159  ARI=0.8970  1.7s
  SSC-TV-L21: ACC=0.8776  NMI=0.8437  ARI=0.7734  0.5s
  SSC-TV-L21-col: ACC=0.8571  NMI=0.8155  ARI=0.7372  0.5s
  TKSS: ACC=0.8265  NMI=0.7447  ARI=0.6416  0.1s
  BDOSC: ACC=0.6633  NMI=0.6833  ARI=0.4574  1.0s

=== P1E_S1_C3 train[1] k=5  dim=9216  frames=93  σ=0.5 ===
  OSC: ACC=0.9785  NMI=0.9546  ARI=0.9423  1.6s
  SSC-TV-L21: ACC=0.9462  NMI=0.9026  ARI=0.8685  0.5s
  SSC-TV-L21-col: ACC=0.9570  NMI=0.9280  ARI=0.8892  0.4s
  TKSS: ACC=0.7634  NMI=0.7521  ARI=0.6334  0.1s
  BDOSC: ACC=0.5806  NMI=0.6455  ARI=0.3689  0.9s

=== P1E_S1_C3 train[2] k=5  dim=9216  frames=68  σ=0.5 ===
  OSC: ACC=0.4559  NMI=0.4677  ARI=0.2262  1.1s
  SSC-TV-L21: ACC=0.8382  NMI=0.7445  ARI=0.6457  0.3s
  SSC-TV-L21-col: ACC=0.8971  NMI=0.8272  ARI=0.7726  0.3s
  TKSS: ACC=0.8235  NMI=0.7526  ARI=0.6530  0.1s
  BDOSC: ACC=0.6765  NMI=0.7503  ARI=0.6085  0.5s

=== P1E_S1_C3 train[3] k=5  dim=9216  frames=87  σ=0.5 ===
  OSC: ACC=0.8276  NMI=0.8728  ARI=0.7753  1.5s
  SSC-TV-L21: ACC=0.9885  NMI=0.9714  ARI=0.9677  0.4s
  SSC-TV-L21-col: ACC=0.9770  NMI=0.9444  ARI=0.9412  0.4s
  TKSS: ACC=0.8966  NMI=0.8132  ARI=0.7617  0.1s
  BDOSC: ACC=0.7241  NMI=0.7220  ARI=0.5390  0.8s

=== P1E_S2_C1 train[0] k=5  dim=9216  frames=229  σ=0.5 ===
  OSC: ACC=0.8952  NMI=0.8693  ARI=0.7992  6.2s
  SSC-TV-L21: ACC=0.9127  NMI=0.8976  ARI=0.8177  2.4s
  SSC-TV-L21-col: ACC=0.8122  NMI=0.7924  ARI=0.6472  2.2s
  TKSS: ACC=0.9563  NMI=0.9017  ARI=0.8925  1.2s
  BDOSC: ACC=0.8341  NMI=0.7583  ARI=0.6548  4.6s

=== P1E_S2_C1 train[1] k=5  dim=9216  frames=215  σ=0.5 ===
  OSC: ACC=0.9302  NMI=0.8975  ARI=0.8449  5.6s
  SSC-TV-L21: ACC=0.8651  NMI=0.8277  ARI=0.7406  1.8s
  SSC-TV-L21-col: ACC=0.8605  NMI=0.8243  ARI=0.7329  1.7s
  TKSS: ACC=0.8512  NMI=0.7792  ARI=0.7004  0.6s
  BDOSC: ACC=0.7395  NMI=0.6939  ARI=0.5513  4.0s

=== P1E_S2_C1 train[2] k=5  dim=9216  frames=222  σ=0.5 ===
  OSC: ACC=0.4324  NMI=0.6487  ARI=0.3469  5.5s
  SSC-TV-L21: ACC=0.9009  NMI=0.8479  ARI=0.7754  1.9s
  SSC-TV-L21-col: ACC=0.8559  NMI=0.8103  ARI=0.6916  1.8s
  TKSS: ACC=0.7703  NMI=0.6964  ARI=0.5677  0.3s
  BDOSC: ACC=0.6577  NMI=0.7338  ARI=0.5848  4.1s

=== P1E_S2_C1 train[3] k=5  dim=9216  frames=196  σ=0.5 ===
  OSC: ACC=0.5153  NMI=0.7323  ARI=0.5324  4.7s
  SSC-TV-L21: ACC=0.6684  NMI=0.7751  ARI=0.5963  1.6s
  SSC-TV-L21-col: ACC=0.6224  NMI=0.7489  ARI=0.5425  1.4s
  TKSS: ACC=0.8316  NMI=0.7512  ARI=0.6631  0.3s
  BDOSC: ACC=0.8265  NMI=0.7580  ARI=0.6627  3.4s

=== P1E_S2_C2 train[0] k=5  dim=9216  frames=198  σ=0.5 ===
  OSC: ACC=0.9394  NMI=0.8882  ARI=0.8482  4.7s
  SSC-TV-L21: ACC=0.9394  NMI=0.8882  ARI=0.8482  1.6s
  SSC-TV-L21-col: ACC=0.9293  NMI=0.8772  ARI=0.8236  1.4s
  TKSS: ACC=0.7071  NMI=0.6819  ARI=0.5361  0.3s
  BDOSC: ACC=0.8485  NMI=0.7652  ARI=0.6963  3.4s

=== P1E_S2_C2 train[1] k=5  dim=9216  frames=191  σ=0.5 ===
  OSC: ACC=0.9738  NMI=0.9393  ARI=0.9364  4.5s
  SSC-TV-L21: ACC=0.9843  NMI=0.9646  ARI=0.9595  1.5s
  SSC-TV-L21-col: ACC=0.9948  NMI=0.9846  ARI=0.9861  1.3s
  TKSS: ACC=0.9110  NMI=0.8391  ARI=0.7919  0.3s
  BDOSC: ACC=0.7016  NMI=0.6772  ARI=0.5262  3.1s

=== P1E_S2_C2 train[2] k=5  dim=9216  frames=211  σ=0.5 ===
  OSC: ACC=0.9479  NMI=0.9059  ARI=0.8843  5.3s
  SSC-TV-L21: ACC=0.9431  NMI=0.9013  ARI=0.8753  1.8s
  SSC-TV-L21-col: ACC=0.9431  NMI=0.9013  ARI=0.8753  1.6s
  TKSS: ACC=0.9573  NMI=0.9073  ARI=0.8954  0.3s
  BDOSC: ACC=0.7251  NMI=0.6793  ARI=0.5318  3.9s

=== P1E_S2_C2 train[3] k=5  dim=9216  frames=191  σ=0.5 ===
  OSC: ACC=0.7435  NMI=0.7947  ARI=0.6404  4.6s
  SSC-TV-L21: ACC=0.7696  NMI=0.7316  ARI=0.5591  1.5s
  SSC-TV-L21-col: ACC=0.7696  NMI=0.7316  ARI=0.5591  1.3s
  TKSS: ACC=0.8325  NMI=0.7577  ARI=0.6683  0.3s
  BDOSC: ACC=0.7539  NMI=0.7187  ARI=0.6086  3.2s

=== P1E_S2_C3 train[0] k=5  dim=9216  frames=165  σ=0.5 ===
  OSC: ACC=0.9879  NMI=0.9703  ARI=0.9677  3.4s
  SSC-TV-L21: ACC=0.9758  NMI=0.9425  ARI=0.9348  1.1s
  SSC-TV-L21-col: ACC=0.9818  NMI=0.9588  ARI=0.9466  1.0s
  TKSS: ACC=0.7394  NMI=0.6912  ARI=0.5540  0.2s
  BDOSC: ACC=0.8242  NMI=0.7350  ARI=0.6276  2.4s

=== P1E_S2_C3 train[1] k=5  dim=9216  frames=156  σ=0.5 ===
  OSC: ACC=1.0000  NMI=1.0000  ARI=1.0000  3.3s
  SSC-TV-L21: ACC=1.0000  NMI=1.0000  ARI=1.0000  0.9s
  SSC-TV-L21-col: ACC=1.0000  NMI=1.0000  ARI=1.0000  0.9s
  TKSS: ACC=0.9167  NMI=0.8340  ARI=0.8011  0.2s
  BDOSC: ACC=0.7756  NMI=0.7002  ARI=0.5711  2.1s

=== P1E_S2_C3 train[2] k=5  dim=9216  frames=174  σ=0.5 ===
  OSC: ACC=0.9310  NMI=0.9021  ARI=0.8650  4.0s
  SSC-TV-L21: ACC=0.9138  NMI=0.8618  ARI=0.8185  1.3s
  SSC-TV-L21-col: ACC=0.9253  NMI=0.8899  ARI=0.8484  1.4s
  TKSS: ACC=0.8966  NMI=0.8124  ARI=0.7674  0.2s
  BDOSC: ACC=0.8046  NMI=0.7213  ARI=0.6129  2.7s

=== P1E_S2_C3 train[3] k=5  dim=9216  frames=160  σ=0.5 ===
  OSC: ACC=0.7750  NMI=0.8515  ARI=0.7507  3.4s
  SSC-TV-L21: ACC=0.7812  NMI=0.8523  ARI=0.7529  1.0s
  SSC-TV-L21-col: ACC=0.7812  NMI=0.8523  ARI=0.7529  0.9s
  TKSS: ACC=0.8375  NMI=0.7822  ARI=0.6888  0.2s
  BDOSC: ACC=0.7750  NMI=0.7101  ARI=0.5777  2.2s

=== P1E_S3_C1 train[0] k=5  dim=9216  frames=226  σ=0.5 ===
  OSC: ACC=0.6991  NMI=0.7792  ARI=0.6181  5.6s
  SSC-TV-L21: ACC=0.8894  NMI=0.8778  ARI=0.7568  1.9s
  SSC-TV-L21-col: ACC=0.8319  NMI=0.8175  ARI=0.6874  1.7s
  TKSS: ACC=0.8584  NMI=0.7719  ARI=0.7001  0.4s
  BDOSC: ACC=0.7124  NMI=0.6908  ARI=0.5284  4.3s

=== P1E_S3_C1 train[1] k=5  dim=9216  frames=217  σ=0.5 ===
  OSC: ACC=0.8618  NMI=0.8681  ARI=0.7643  5.6s
  SSC-TV-L21: ACC=0.9309  NMI=0.8999  ARI=0.8492  1.9s
  SSC-TV-L21-col: ACC=0.9355  NMI=0.9129  ARI=0.8578  1.7s
  TKSS: ACC=0.9217  NMI=0.8395  ARI=0.8123  0.3s
  BDOSC: ACC=0.8571  NMI=0.7690  ARI=0.6965  4.2s

=== P1E_S3_C1 train[2] k=5  dim=9216  frames=200  σ=0.5 ===
  OSC: ACC=0.6400  NMI=0.7596  ARI=0.5602  4.8s
  SSC-TV-L21: ACC=0.6450  NMI=0.7667  ARI=0.5749  1.5s
  SSC-TV-L21-col: ACC=0.6550  NMI=0.7673  ARI=0.5771  1.4s
  TKSS: ACC=0.8450  NMI=0.7783  ARI=0.6818  0.3s
  BDOSC: ACC=0.6750  NMI=0.6672  ARI=0.5097  3.4s

=== P1E_S3_C1 train[3] k=5  dim=9216  frames=211  σ=0.5 ===
  OSC: ACC=0.7156  NMI=0.7693  ARI=0.6614  5.3s
  SSC-TV-L21: ACC=0.6445  NMI=0.7230  ARI=0.5477  1.8s
  SSC-TV-L21-col: ACC=0.6351  NMI=0.7129  ARI=0.5332  1.6s
  TKSS: ACC=0.6825  NMI=0.6623  ARI=0.5011  0.3s
  BDOSC: ACC=0.8009  NMI=0.7397  ARI=0.6300  3.9s

=== P1E_S3_C2 train[0] k=5  dim=9216  frames=176  σ=0.5 ===
  OSC: ACC=0.8920  NMI=0.8630  ARI=0.8194  4.0s
  SSC-TV-L21: ACC=0.7159  NMI=0.8314  ARI=0.6715  1.1s
  SSC-TV-L21-col: ACC=0.7102  NMI=0.8306  ARI=0.6688  1.1s
  TKSS: ACC=0.8011  NMI=0.7262  ARI=0.6177  0.2s
  BDOSC: ACC=0.8864  NMI=0.8097  ARI=0.7622  2.6s

=== P1E_S3_C2 train[1] k=5  dim=9216  frames=202  σ=0.5 ===
  OSC: ACC=0.9604  NMI=0.9073  ARI=0.9059  4.9s
  SSC-TV-L21: ACC=0.9554  NMI=0.9192  ARI=0.8989  1.6s
  SSC-TV-L21-col: ACC=0.9406  NMI=0.9163  ARI=0.8747  1.5s
  TKSS: ACC=0.8168  NMI=0.7270  ARI=0.6172  0.3s
  BDOSC: ACC=0.6139  NMI=0.6821  ARI=0.5009  3.4s

=== P1E_S3_C2 train[2] k=5  dim=9216  frames=234  σ=0.5 ===
  OSC: ACC=0.4915  NMI=0.6636  ARI=0.3753  6.4s
  SSC-TV-L21: ACC=0.7564  NMI=0.8175  ARI=0.7001  2.5s
  SSC-TV-L21-col: ACC=0.7692  NMI=0.8235  ARI=0.7264  2.4s
  TKSS: ACC=0.8718  NMI=0.7875  ARI=0.7191  0.4s
  BDOSC: ACC=0.7863  NMI=0.7151  ARI=0.6163  4.6s

=== P1E_S3_C2 train[3] k=5  dim=9216  frames=211  σ=0.5 ===
  OSC: ACC=0.6161  NMI=0.7373  ARI=0.5183  5.3s
  SSC-TV-L21: ACC=0.6635  NMI=0.7549  ARI=0.5592  1.8s
  SSC-TV-L21-col: ACC=0.6161  NMI=0.7373  ARI=0.5183  1.6s
  TKSS: ACC=0.6682  NMI=0.6661  ARI=0.5079  0.3s
  BDOSC: ACC=0.7393  NMI=0.7085  ARI=0.5719  3.9s

=== P1E_S3_C3 train[0] k=5  dim=9216  frames=173  σ=0.5 ===
  OSC: ACC=0.9942  NMI=0.9830  ARI=0.9836  3.7s
  SSC-TV-L21: ACC=0.9942  NMI=0.9830  ARI=0.9836  1.2s
  SSC-TV-L21-col: ACC=1.0000  NMI=1.0000  ARI=1.0000  1.2s
  TKSS: ACC=0.7630  NMI=0.7158  ARI=0.5938  0.2s
  BDOSC: ACC=0.6012  NMI=0.6640  ARI=0.4969  2.6s

=== P1E_S3_C3 train[1] k=5  dim=9216  frames=150  σ=0.5 ===
  OSC: ACC=0.9867  NMI=0.9634  ARI=0.9694  3.1s
  SSC-TV-L21: ACC=0.9933  NMI=0.9815  ARI=0.9835  0.9s
  SSC-TV-L21-col: ACC=1.0000  NMI=1.0000  ARI=1.0000  0.8s
  TKSS: ACC=0.8333  NMI=0.7476  ARI=0.6455  0.2s
  BDOSC: ACC=0.6133  NMI=0.6856  ARI=0.5060  2.0s

=== P1E_S3_C3 train[2] k=5  dim=9216  frames=204  σ=0.5 ===
  OSC: ACC=0.7255  NMI=0.8326  ARI=0.6752  4.9s
  SSC-TV-L21: ACC=0.8824  NMI=0.8581  ARI=0.7716  1.7s
  SSC-TV-L21-col: ACC=0.8382  NMI=0.8511  ARI=0.7384  1.7s
  TKSS: ACC=0.8775  NMI=0.7925  ARI=0.7270  0.3s
  BDOSC: ACC=0.6765  NMI=0.6662  ARI=0.5002  3.6s

=== P1E_S3_C3 train[3] k=5  dim=9216  frames=167  σ=0.5 ===
  OSC: ACC=0.9880  NMI=0.9694  ARI=0.9642  3.8s
  SSC-TV-L21: ACC=0.7665  NMI=0.8461  ARI=0.7268  1.2s
  SSC-TV-L21-col: ACC=0.7784  NMI=0.8756  ARI=0.7557  1.1s
  TKSS: ACC=0.6946  NMI=0.6859  ARI=0.5381  0.2s
  BDOSC: ACC=0.7844  NMI=0.7070  ARI=0.6125  2.5s

=== P1E_S4_C1 train[0] k=5  dim=9216  frames=213  σ=0.5 ===
  OSC: ACC=0.8779  NMI=0.8658  ARI=0.8005  5.4s
  SSC-TV-L21: ACC=0.8263  NMI=0.8242  ARI=0.7331  1.8s
  SSC-TV-L21-col: ACC=0.8873  NMI=0.8969  ARI=0.8288  1.6s
  TKSS: ACC=0.9108  NMI=0.8468  ARI=0.7986  0.3s
  BDOSC: ACC=0.8592  NMI=0.7840  ARI=0.7073  4.0s

=== P1E_S4_C1 train[1] k=5  dim=9216  frames=210  σ=0.5 ===
  OSC: ACC=0.9905  NMI=0.9758  ARI=0.9765  5.2s
  SSC-TV-L21: ACC=0.9905  NMI=0.9758  ARI=0.9765  1.7s
  SSC-TV-L21-col: ACC=0.9905  NMI=0.9758  ARI=0.9765  1.6s
  TKSS: ACC=0.8190  NMI=0.7335  ARI=0.6369  0.3s
  BDOSC: ACC=0.5905  NMI=0.6297  ARI=0.4335  3.8s

=== P1E_S4_C1 train[2] k=5  dim=9216  frames=224  σ=0.5 ===
  OSC: ACC=0.6786  NMI=0.7692  ARI=0.5839  5.6s
  SSC-TV-L21: ACC=0.9330  NMI=0.9122  ARI=0.8610  1.9s
  SSC-TV-L21-col: ACC=0.9286  NMI=0.9092  ARI=0.8538  1.8s
  TKSS: ACC=0.8571  NMI=0.7630  ARI=0.6879  0.3s
  BDOSC: ACC=0.5268  NMI=0.6450  ARI=0.4546  4.3s

=== P1E_S4_C1 train[3] k=5  dim=9216  frames=230  σ=0.5 ===
  OSC: ACC=0.6435  NMI=0.7768  ARI=0.5953  6.3s
  SSC-TV-L21: ACC=0.7957  NMI=0.7297  ARI=0.5754  2.5s
  SSC-TV-L21-col: ACC=0.6739  NMI=0.8038  ARI=0.6469  2.2s
  TKSS: ACC=0.9000  NMI=0.8287  ARI=0.7743  1.2s
  BDOSC: ACC=0.6565  NMI=0.6767  ARI=0.5118  4.5s

=== P1E_S4_C2 train[0] k=5  dim=9216  frames=211  σ=0.5 ===
  OSC: ACC=0.9763  NMI=0.9430  ARI=0.9402  5.4s
  SSC-TV-L21: ACC=0.9479  NMI=0.8979  ARI=0.8748  1.8s
  SSC-TV-L21-col: ACC=0.9526  NMI=0.9114  ARI=0.8846  1.7s
  TKSS: ACC=0.8531  NMI=0.7625  ARI=0.6852  0.3s
  BDOSC: ACC=0.7109  NMI=0.6700  ARI=0.4994  3.9s

=== P1E_S4_C2 train[1] k=5  dim=9216  frames=182  σ=0.5 ===
  OSC: ACC=0.9890  NMI=0.9682  ARI=0.9717  4.3s
  SSC-TV-L21: ACC=0.9890  NMI=0.9682  ARI=0.9717  1.4s
  SSC-TV-L21-col: ACC=0.9945  NMI=0.9844  ARI=0.9871  1.2s
  TKSS: ACC=0.9341  NMI=0.8918  ARI=0.8545  0.2s
  BDOSC: ACC=0.6978  NMI=0.6691  ARI=0.5169  3.0s

=== P1E_S4_C2 train[2] k=5  dim=9216  frames=218  σ=0.5 ===
  OSC: ACC=0.8991  NMI=0.8720  ARI=0.7893  5.5s
  SSC-TV-L21: ACC=0.9358  NMI=0.9010  ARI=0.8714  1.8s
  SSC-TV-L21-col: ACC=0.9358  NMI=0.9010  ARI=0.8714  1.7s
  TKSS: ACC=0.9174  NMI=0.8388  ARI=0.8059  0.3s
  BDOSC: ACC=0.6927  NMI=0.6569  ARI=0.4839  4.2s

=== P1E_S4_C2 train[3] k=5  dim=9216  frames=199  σ=0.5 ===
  OSC: ACC=0.6080  NMI=0.7554  ARI=0.5554  5.0s
  SSC-TV-L21: ACC=0.9849  NMI=0.9608  ARI=0.9653  1.7s
  SSC-TV-L21-col: ACC=0.7085  NMI=0.8525  ARI=0.7151  1.5s
  TKSS: ACC=0.9196  NMI=0.8495  ARI=0.8145  0.3s
  BDOSC: ACC=0.6382  NMI=0.6615  ARI=0.4818  3.5s

=== P1E_S4_C3 train[0] k=5  dim=9216  frames=132  σ=0.5 ===
  OSC: ACC=0.9318  NMI=0.8872  ARI=0.8385  2.5s
  SSC-TV-L21: ACC=0.9242  NMI=0.8667  ARI=0.8189  0.7s
  SSC-TV-L21-col: ACC=0.9318  NMI=0.8872  ARI=0.8385  0.6s
  TKSS: ACC=0.8788  NMI=0.8028  ARI=0.7288  0.1s
  BDOSC: ACC=0.7273  NMI=0.6850  ARI=0.5523  1.5s

=== P1E_S4_C3 train[1] k=5  dim=9216  frames=149  σ=0.5 ===
  OSC: ACC=0.9597  NMI=0.9319  ARI=0.9005  3.0s
  SSC-TV-L21: ACC=0.9732  NMI=0.9475  ARI=0.9293  0.9s
  SSC-TV-L21-col: ACC=0.9597  NMI=0.9319  ARI=0.9005  0.9s
  TKSS: ACC=0.8322  NMI=0.7603  ARI=0.6630  0.2s
  BDOSC: ACC=0.9128  NMI=0.8470  ARI=0.7795  2.0s

=== P1E_S4_C3 train[2] k=5  dim=9216  frames=147  σ=0.5 ===
  OSC: ACC=0.6939  NMI=0.7614  ARI=0.5840  3.0s
  SSC-TV-L21: ACC=0.9456  NMI=0.8914  ARI=0.8691  0.9s
  SSC-TV-L21-col: ACC=0.9524  NMI=0.9096  ARI=0.8852  1.0s
  TKSS: ACC=0.9660  NMI=0.9133  ARI=0.9152  0.2s
  BDOSC: ACC=0.8027  NMI=0.7224  ARI=0.6087  2.0s

=== P1E_S4_C3 train[3] k=5  dim=9216  frames=137  σ=0.5 ===
  OSC: ACC=0.9854  NMI=0.9608  ARI=0.9634  2.7s
  SSC-TV-L21: ACC=0.7518  NMI=0.8538  ARI=0.7283  0.8s
  SSC-TV-L21-col: ACC=0.7518  NMI=0.8538  ARI=0.7283  0.8s
  TKSS: ACC=0.8540  NMI=0.7769  ARI=0.7002  0.1s
  BDOSC: ACC=0.6715  NMI=0.6559  ARI=0.4884  1.7s

=== P1L_S1_C1 train[0] k=5  dim=9216  frames=213  σ=0.5 ===
  OSC: ACC=0.7324  NMI=0.8528  ARI=0.6844  5.4s
  SSC-TV-L21: ACC=0.8873  NMI=0.8832  ARI=0.7806  1.8s
  SSC-TV-L21-col: ACC=0.7371  NMI=0.8530  ARI=0.6850  1.6s
  TKSS: ACC=0.8310  NMI=0.7474  ARI=0.6507  0.3s
  BDOSC: ACC=0.5775  NMI=0.6808  ARI=0.4919  3.9s

=== P1L_S1_C1 train[1] k=5  dim=9216  frames=188  σ=0.5 ===
  OSC: ACC=1.0000  NMI=1.0000  ARI=1.0000  4.3s
  SSC-TV-L21: ACC=1.0000  NMI=1.0000  ARI=1.0000  1.4s
  SSC-TV-L21-col: ACC=1.0000  NMI=1.0000  ARI=1.0000  1.3s
  TKSS: ACC=0.8777  NMI=0.7923  ARI=0.7367  0.2s
  BDOSC: ACC=0.7340  NMI=0.7122  ARI=0.5459  3.0s

=== P1L_S1_C1 train[2] k=5  dim=9216  frames=205  σ=0.5 ===
  OSC: ACC=0.8829  NMI=0.8822  ARI=0.7727  5.2s
  SSC-TV-L21: ACC=0.9951  NMI=0.9854  ARI=0.9866  1.7s
  SSC-TV-L21-col: ACC=0.9951  NMI=0.9854  ARI=0.9866  1.7s
  TKSS: ACC=0.9073  NMI=0.8426  ARI=0.7987  0.3s
  BDOSC: ACC=0.8732  NMI=0.7837  ARI=0.7169  3.8s

=== P1L_S1_C1 train[3] k=5  dim=9216  frames=222  σ=0.5 ===
  OSC: ACC=0.9324  NMI=0.9178  ARI=0.8771  5.4s
  SSC-TV-L21: ACC=0.9910  NMI=0.9732  ARI=0.9783  1.8s
  SSC-TV-L21-col: ACC=0.9910  NMI=0.9775  ARI=0.9798  1.7s
  TKSS: ACC=0.8964  NMI=0.8205  ARI=0.7742  0.3s
  BDOSC: ACC=0.7477  NMI=0.6827  ARI=0.5324  4.2s

=== P1L_S1_C2 train[0] k=5  dim=9216  frames=259  σ=0.5 ===
  OSC: ACC=0.6139  NMI=0.7329  ARI=0.4909  7.3s
  SSC-TV-L21: ACC=0.9112  NMI=0.8810  ARI=0.8107  2.8s
  SSC-TV-L21-col: ACC=0.9151  NMI=0.8896  ARI=0.8193  2.7s
  TKSS: ACC=0.9421  NMI=0.8770  ARI=0.8649  0.5s
  BDOSC: ACC=0.6641  NMI=0.6700  ARI=0.5140  5.8s

=== P1L_S1_C2 train[1] k=5  dim=9216  frames=189  σ=0.5 ===
  OSC: ACC=0.9259  NMI=0.9087  ARI=0.8496  4.4s
  SSC-TV-L21: ACC=1.0000  NMI=1.0000  ARI=1.0000  1.4s
  SSC-TV-L21-col: ACC=0.9259  NMI=0.9087  ARI=0.8496  1.3s
  TKSS: ACC=0.9788  NMI=0.9500  ARI=0.9480  0.2s
  BDOSC: ACC=0.6667  NMI=0.6815  ARI=0.5143  3.1s

=== P1L_S1_C2 train[2] k=5  dim=9216  frames=204  σ=0.5 ===
  OSC: ACC=0.4853  NMI=0.6832  ARI=0.4013  5.0s
  SSC-TV-L21: ACC=0.9167  NMI=0.8819  ARI=0.7992  1.7s
  SSC-TV-L21-col: ACC=0.9118  NMI=0.8708  ARI=0.7850  1.7s
  TKSS: ACC=0.7941  NMI=0.7214  ARI=0.6104  0.3s
  BDOSC: ACC=0.8431  NMI=0.7652  ARI=0.6986  3.7s

=== P1L_S1_C2 train[3] k=5  dim=9216  frames=224  σ=0.5 ===
  OSC: ACC=0.6027  NMI=0.7506  ARI=0.5431  4.8s
  SSC-TV-L21: ACC=0.7812  NMI=0.7886  ARI=0.6555  1.5s
  SSC-TV-L21-col: ACC=0.7679  NMI=0.7841  ARI=0.6460  1.4s
  TKSS: ACC=0.8705  NMI=0.7862  ARI=0.7193  0.3s
  BDOSC: ACC=0.5893  NMI=0.6554  ARI=0.4522  4.0s

=== P1L_S1_C3 train[0] k=5  dim=9216  frames=108  σ=0.5 ===
  OSC: ACC=0.6481  NMI=0.7523  ARI=0.5314  1.9s
  SSC-TV-L21: ACC=0.9259  NMI=0.9062  ARI=0.8378  0.6s
  SSC-TV-L21-col: ACC=0.6852  NMI=0.7896  ARI=0.6140  0.6s
  TKSS: ACC=0.9352  NMI=0.8769  ARI=0.8487  0.1s
  BDOSC: ACC=0.6296  NMI=0.7168  ARI=0.5539  1.1s

=== P1L_S1_C3 train[1] k=5  dim=9216  frames=115  σ=0.5 ===
  OSC: ACC=0.7217  NMI=0.8121  ARI=0.6450  2.1s
  SSC-TV-L21: ACC=0.8087  NMI=0.7999  ARI=0.6468  0.6s
  SSC-TV-L21-col: ACC=0.8000  NMI=0.7985  ARI=0.6417  0.6s
  TKSS: ACC=0.8783  NMI=0.7866  ARI=0.7196  0.1s
  BDOSC: ACC=0.5913  NMI=0.6598  ARI=0.4790  1.2s

=== P1L_S1_C3 train[2] k=5  dim=9216  frames=117  σ=0.5 ===
  OSC: ACC=0.6581  NMI=0.7236  ARI=0.4649  2.1s
  SSC-TV-L21: ACC=0.8889  NMI=0.8484  ARI=0.7702  0.6s
  SSC-TV-L21-col: ACC=0.6581  NMI=0.7683  ARI=0.5848  0.7s
  TKSS: ACC=0.7607  NMI=0.7029  ARI=0.5717  0.1s
  BDOSC: ACC=0.5726  NMI=0.6490  ARI=0.4544  1.3s

=== P1L_S1_C3 train[3] k=5  dim=9216  frames=101  σ=0.5 ===
  OSC: ACC=0.8218  NMI=0.8020  ARI=0.6695  1.8s
  SSC-TV-L21: ACC=0.8317  NMI=0.8069  ARI=0.6813  0.5s
  SSC-TV-L21-col: ACC=0.8218  NMI=0.8020  ARI=0.6695  0.5s
  TKSS: ACC=0.9010  NMI=0.8340  ARI=0.7820  0.1s
  BDOSC: ACC=0.5941  NMI=0.6474  ARI=0.4521  1.0s

=== P1L_S2_C1 train[0] k=5  dim=9216  frames=226  σ=0.5 ===
  OSC: ACC=0.8938  NMI=0.8547  ARI=0.7892  5.7s
  SSC-TV-L21: ACC=0.9204  NMI=0.9038  ARI=0.8367  2.0s
  SSC-TV-L21-col: ACC=0.9159  NMI=0.9014  ARI=0.8303  1.9s
  TKSS: ACC=0.9602  NMI=0.9036  ARI=0.9046  0.7s
  BDOSC: ACC=0.6593  NMI=0.7484  ARI=0.5847  4.3s

=== P1L_S2_C1 train[1] k=5  dim=9216  frames=236  σ=0.5 ===
  OSC: ACC=1.0000  NMI=1.0000  ARI=1.0000  6.4s
  SSC-TV-L21: ACC=1.0000  NMI=1.0000  ARI=1.0000  2.5s
  SSC-TV-L21-col: ACC=1.0000  NMI=1.0000  ARI=1.0000  2.3s
  TKSS: ACC=0.8983  NMI=0.8388  ARI=0.7838  0.4s
  BDOSC: ACC=0.6186  NMI=0.6958  ARI=0.5234  4.4s

=== P1L_S2_C1 train[2] k=5  dim=9216  frames=261  σ=0.5 ===
  OSC: ACC=0.7356  NMI=0.8029  ARI=0.6865  7.4s
  SSC-TV-L21: ACC=0.7203  NMI=0.8582  ARI=0.7282  2.9s
  SSC-TV-L21-col: ACC=0.7203  NMI=0.8582  ARI=0.7282  2.7s
  TKSS: ACC=0.9502  NMI=0.8987  ARI=0.8843  0.5s
  BDOSC: ACC=0.6284  NMI=0.6876  ARI=0.5354  5.9s

=== P1L_S2_C1 train[3] k=5  dim=9216  frames=215  σ=0.5 ===
  OSC: ACC=0.8558  NMI=0.8489  ARI=0.7074  5.6s
  SSC-TV-L21: ACC=0.9302  NMI=0.8900  ARI=0.8210  1.9s
  SSC-TV-L21-col: ACC=0.8605  NMI=0.8504  ARI=0.7120  1.8s
  TKSS: ACC=0.7488  NMI=0.6912  ARI=0.5572  0.3s
  BDOSC: ACC=0.8791  NMI=0.7919  ARI=0.7376  4.0s

=== P1L_S2_C2 train[0] k=5  dim=9216  frames=249  σ=0.5 ===
  OSC: ACC=0.8474  NMI=0.8013  ARI=0.6813  6.7s
  SSC-TV-L21: ACC=0.9920  NMI=0.9790  ARI=0.9803  2.7s
  SSC-TV-L21-col: ACC=0.9920  NMI=0.9790  ARI=0.9803  2.5s
  TKSS: ACC=0.9558  NMI=0.9102  ARI=0.8955  0.5s
  BDOSC: ACC=0.6024  NMI=0.7060  ARI=0.5005  5.0s

=== P1L_S2_C2 train[1] k=5  dim=9216  frames=233  σ=0.5 ===
  OSC: ACC=0.9485  NMI=0.9235  ARI=0.8830  6.4s
  SSC-TV-L21: ACC=0.9528  NMI=0.9273  ARI=0.8913  2.5s
  SSC-TV-L21-col: ACC=0.9528  NMI=0.9273  ARI=0.8913  2.3s
  TKSS: ACC=0.9399  NMI=0.8698  ARI=0.8570  0.4s
  BDOSC: ACC=0.6180  NMI=0.6692  ARI=0.5007  4.7s

=== P1L_S2_C2 train[2] k=5  dim=9216  frames=218  σ=0.5 ===
  OSC: ACC=0.8073  NMI=0.8008  ARI=0.6912  5.5s
  SSC-TV-L21: ACC=0.9312  NMI=0.9117  ARI=0.8642  1.8s
  SSC-TV-L21-col: ACC=0.9220  NMI=0.8954  ARI=0.8480  1.8s
  TKSS: ACC=0.7890  NMI=0.7123  ARI=0.5930  0.3s
  BDOSC: ACC=0.7752  NMI=0.7207  ARI=0.5845  4.2s

=== P1L_S2_C2 train[3] k=5  dim=9216  frames=242  σ=0.5 ===
  OSC: ACC=0.7727  NMI=0.8793  ARI=0.7696  6.7s
  SSC-TV-L21: ACC=0.9174  NMI=0.9090  ARI=0.8601  2.7s
  SSC-TV-L21-col: ACC=1.0000  NMI=1.0000  ARI=1.0000  2.4s
  TKSS: ACC=0.9339  NMI=0.8701  ARI=0.8491  0.4s
  BDOSC: ACC=0.7149  NMI=0.8063  ARI=0.6941  5.2s

=== P1L_S2_C3 train[0] k=5  dim=9216  frames=177  σ=0.5 ===
  OSC: ACC=0.8475  NMI=0.8561  ARI=0.6903  3.8s
  SSC-TV-L21: ACC=1.0000  NMI=1.0000  ARI=1.0000  1.2s
  SSC-TV-L21-col: ACC=1.0000  NMI=1.0000  ARI=1.0000  1.1s
  TKSS: ACC=0.8023  NMI=0.7376  ARI=0.6313  0.2s
  BDOSC: ACC=0.6215  NMI=0.7150  ARI=0.5487  2.7s

=== P1L_S2_C3 train[1] k=5  dim=9216  frames=151  σ=0.5 ===
  OSC: ACC=0.9868  NMI=0.9707  ARI=0.9734  3.2s
  SSC-TV-L21: ACC=0.9934  NMI=0.9825  ARI=0.9864  0.9s
  SSC-TV-L21-col: ACC=1.0000  NMI=1.0000  ARI=1.0000  0.9s
  TKSS: ACC=0.8146  NMI=0.7540  ARI=0.6516  0.2s
  BDOSC: ACC=0.7483  NMI=0.6724  ARI=0.4816  2.1s

=== P1L_S2_C3 train[2] k=5  dim=9216  frames=175  σ=0.5 ===
  OSC: ACC=0.8743  NMI=0.8720  ARI=0.7370  4.1s
  SSC-TV-L21: ACC=0.8800  NMI=0.8743  ARI=0.7440  1.3s
  SSC-TV-L21-col: ACC=0.8743  NMI=0.8720  ARI=0.7370  1.4s
  TKSS: ACC=0.8857  NMI=0.8098  ARI=0.7454  0.2s
  BDOSC: ACC=0.7486  NMI=0.7049  ARI=0.5579  2.8s

=== P1L_S2_C3 train[3] k=5  dim=9216  frames=171  σ=0.5 ===
  OSC: ACC=0.6667  NMI=0.7798  ARI=0.6096  3.8s
  SSC-TV-L21: ACC=0.9357  NMI=0.9002  ARI=0.8506  1.2s
  SSC-TV-L21-col: ACC=0.9357  NMI=0.9002  ARI=0.8506  1.3s
  TKSS: ACC=0.9123  NMI=0.8314  ARI=0.8013  0.2s
  BDOSC: ACC=0.7193  NMI=0.7093  ARI=0.5828  2.8s

=== P1L_S3_C1 train[0] k=5  dim=9216  frames=200  σ=0.5 ===
  OSC: ACC=0.7900  NMI=0.7574  ARI=0.6096  5.0s
  SSC-TV-L21: ACC=0.6000  NMI=0.7070  ARI=0.4490  1.6s
  SSC-TV-L21-col: ACC=0.9950  NMI=0.9851  ARI=0.9874  1.5s
  TKSS: ACC=0.7950  NMI=0.7221  ARI=0.6063  0.3s
  BDOSC: ACC=0.6200  NMI=0.6687  ARI=0.4912  3.6s

=== P1L_S3_C1 train[1] k=5  dim=9216  frames=208  σ=0.5 ===
  OSC: ACC=1.0000  NMI=1.0000  ARI=1.0000  5.5s
  SSC-TV-L21: ACC=1.0000  NMI=1.0000  ARI=1.0000  1.7s
  SSC-TV-L21-col: ACC=1.0000  NMI=1.0000  ARI=1.0000  1.6s
  TKSS: ACC=0.9038  NMI=0.8370  ARI=0.7873  0.3s
  BDOSC: ACC=0.7644  NMI=0.6972  ARI=0.5740  3.9s

=== P1L_S3_C1 train[2] k=5  dim=9216  frames=214  σ=0.5 ===
  OSC: ACC=0.8084  NMI=0.7985  ARI=0.6892  5.9s
  SSC-TV-L21: ACC=0.9673  NMI=0.9281  ARI=0.9279  1.9s
  SSC-TV-L21-col: ACC=0.6916  NMI=0.7809  ARI=0.6017  1.8s
  TKSS: ACC=0.8598  NMI=0.7715  ARI=0.7056  0.3s
  BDOSC: ACC=0.7243  NMI=0.6917  ARI=0.5447  4.2s

=== P1L_S3_C1 train[3] k=5  dim=9216  frames=195  σ=0.5 ===
  OSC: ACC=0.9385  NMI=0.9128  ARI=0.8561  5.2s
  SSC-TV-L21: ACC=0.9333  NMI=0.9088  ARI=0.8464  1.6s
  SSC-TV-L21-col: ACC=0.9333  NMI=0.9088  ARI=0.8464  1.5s
  TKSS: ACC=0.9179  NMI=0.8370  ARI=0.8028  0.3s
  BDOSC: ACC=0.8923  NMI=0.8085  ARI=0.7553  3.6s

=== P1L_S3_C2 train[0] k=5  dim=9216  frames=261  σ=0.5 ===
  OSC: ACC=0.9349  NMI=0.9018  ARI=0.8492  7.7s
  SSC-TV-L21: ACC=0.9885  NMI=0.9681  ARI=0.9724  2.8s
  SSC-TV-L21-col: ACC=0.9310  NMI=0.8989  ARI=0.8422  2.7s
  TKSS: ACC=0.8966  NMI=0.8197  ARI=0.7760  0.5s
  BDOSC: ACC=0.5862  NMI=0.6959  ARI=0.5274  6.2s

=== P1L_S3_C2 train[1] k=5  dim=9216  frames=206  σ=0.5 ===
  OSC: ACC=0.7427  NMI=0.8654  ARI=0.7210  5.6s
  SSC-TV-L21: ACC=0.9272  NMI=0.9111  ARI=0.8608  1.7s
  SSC-TV-L21-col: ACC=1.0000  NMI=1.0000  ARI=1.0000  1.6s
  TKSS: ACC=0.9272  NMI=0.8488  ARI=0.8281  0.3s
  BDOSC: ACC=0.7184  NMI=0.7128  ARI=0.5838  4.0s

=== P1L_S3_C2 train[2] k=5  dim=9216  frames=275  σ=0.5 ===
  OSC: ACC=0.6836  NMI=0.7184  ARI=0.5580  8.1s
  SSC-TV-L21: ACC=0.9782  NMI=0.9570  ARI=0.9504  3.1s
  SSC-TV-L21-col: ACC=0.9782  NMI=0.9570  ARI=0.9504  2.9s
  TKSS: ACC=0.9527  NMI=0.9025  ARI=0.8896  1.4s
  BDOSC: ACC=0.8655  NMI=0.7897  ARI=0.7129  6.4s

=== P1L_S3_C2 train[3] k=5  dim=9216  frames=231  σ=0.5 ===
  OSC: ACC=0.6537  NMI=0.7654  ARI=0.5827  6.5s
  SSC-TV-L21: ACC=0.9048  NMI=0.9041  ARI=0.8480  2.5s
  SSC-TV-L21-col: ACC=0.9437  NMI=0.9251  ARI=0.8965  2.3s
  TKSS: ACC=0.8874  NMI=0.8183  ARI=0.7661  0.4s
  BDOSC: ACC=0.7229  NMI=0.6956  ARI=0.5705  4.7s

=== P1L_S3_C3 train[0] k=5  dim=9216  frames=180  σ=0.5 ===
  OSC: ACC=1.0000  NMI=1.0000  ARI=1.0000  4.0s
  SSC-TV-L21: ACC=1.0000  NMI=1.0000  ARI=1.0000  1.1s
  SSC-TV-L21-col: ACC=1.0000  NMI=1.0000  ARI=1.0000  1.2s
  TKSS: ACC=0.9389  NMI=0.8767  ARI=0.8549  0.2s
  BDOSC: ACC=0.6056  NMI=0.6641  ARI=0.5163  2.8s

=== P1L_S3_C3 train[1] k=5  dim=9216  frames=209  σ=0.5 ===
  OSC: ACC=1.0000  NMI=1.0000  ARI=1.0000  5.6s
  SSC-TV-L21: ACC=0.9952  NMI=0.9856  ARI=0.9872  1.8s
  SSC-TV-L21-col: ACC=0.9952  NMI=0.9856  ARI=0.9872  1.6s
  TKSS: ACC=0.8947  NMI=0.8127  ARI=0.7656  0.3s
  BDOSC: ACC=0.6890  NMI=0.6897  ARI=0.5127  4.1s

=== P1L_S3_C3 train[2] k=5  dim=9216  frames=191  σ=0.5 ===
  OSC: ACC=0.9215  NMI=0.8705  ARI=0.8112  5.0s
  SSC-TV-L21: ACC=0.9215  NMI=0.8757  ARI=0.8098  1.5s
  SSC-TV-L21-col: ACC=0.9267  NMI=0.8801  ARI=0.8208  1.6s
  TKSS: ACC=0.8010  NMI=0.7265  ARI=0.6186  0.3s
  BDOSC: ACC=0.6649  NMI=0.7457  ARI=0.5978  3.4s

=== P1L_S3_C3 train[3] k=5  dim=9216  frames=203  σ=0.5 ===
  OSC: ACC=0.8177  NMI=0.7748  ARI=0.6331  5.5s
  SSC-TV-L21: ACC=0.9507  NMI=0.9285  ARI=0.9047  1.8s
  SSC-TV-L21-col: ACC=0.9458  NMI=0.9246  ARI=0.8969  1.8s
  TKSS: ACC=0.8325  NMI=0.7667  ARI=0.6837  0.3s
  BDOSC: ACC=0.7438  NMI=0.6984  ARI=0.5665  3.8s

=== P1L_S4_C1 train[0] k=5  dim=9216  frames=223  σ=0.5 ===
  OSC: ACC=0.7803  NMI=0.7720  ARI=0.6056  6.1s
  SSC-TV-L21: ACC=0.6278  NMI=0.7278  ARI=0.4733  2.0s
  SSC-TV-L21-col: ACC=0.6323  NMI=0.7280  ARI=0.4742  1.8s
  TKSS: ACC=0.8700  NMI=0.8005  ARI=0.7257  0.4s
  BDOSC: ACC=0.6368  NMI=0.7097  ARI=0.4435  4.6s

=== P1L_S4_C1 train[1] k=5  dim=9216  frames=221  σ=0.5 ===
  OSC: ACC=1.0000  NMI=1.0000  ARI=1.0000  6.2s
  SSC-TV-L21: ACC=1.0000  NMI=1.0000  ARI=1.0000  2.0s
  SSC-TV-L21-col: ACC=1.0000  NMI=1.0000  ARI=1.0000  1.8s
  TKSS: ACC=0.8869  NMI=0.8078  ARI=0.7518  0.4s
  BDOSC: ACC=0.6697  NMI=0.6903  ARI=0.5086  4.5s

=== P1L_S4_C1 train[2] k=5  dim=9216  frames=218  σ=0.5 ===
  OSC: ACC=0.6697  NMI=0.7408  ARI=0.5293  5.9s
  SSC-TV-L21: ACC=0.7156  NMI=0.7383  ARI=0.6215  1.9s
  SSC-TV-L21-col: ACC=0.8807  NMI=0.8877  ARI=0.7968  1.7s
  TKSS: ACC=0.8440  NMI=0.7657  ARI=0.6840  0.4s
  BDOSC: ACC=0.8211  NMI=0.7550  ARI=0.6598  4.4s

=== P1L_S4_C1 train[3] k=5  dim=9216  frames=227  σ=0.5 ===
  OSC: ACC=0.8590  NMI=0.8672  ARI=0.7652  6.6s
  SSC-TV-L21: ACC=0.8767  NMI=0.8716  ARI=0.7787  2.4s
  SSC-TV-L21-col: ACC=0.8678  NMI=0.8691  ARI=0.7713  2.3s
  TKSS: ACC=0.9119  NMI=0.8445  ARI=0.7998  0.4s
  BDOSC: ACC=0.6167  NMI=0.6548  ARI=0.4946  4.5s

=== P1L_S4_C2 train[0] k=5  dim=9216  frames=209  σ=0.5 ===
  OSC: ACC=0.8565  NMI=0.8530  ARI=0.7629  5.3s
  SSC-TV-L21: ACC=0.9761  NMI=0.9470  ARI=0.9473  1.8s
  SSC-TV-L21-col: ACC=0.8612  NMI=0.8602  ARI=0.7689  1.6s
  TKSS: ACC=0.8373  NMI=0.7502  ARI=0.6624  0.3s
  BDOSC: ACC=0.6459  NMI=0.7396  ARI=0.5719  3.9s

=== P1L_S4_C2 train[1] k=5  dim=9216  frames=202  σ=0.5 ===
  OSC: ACC=0.8564  NMI=0.8676  ARI=0.7254  5.1s
  SSC-TV-L21: ACC=0.9208  NMI=0.8975  ARI=0.8131  1.7s
  SSC-TV-L21-col: ACC=0.9208  NMI=0.8975  ARI=0.8131  1.5s
  TKSS: ACC=0.8267  NMI=0.7715  ARI=0.6676  0.8s
  BDOSC: ACC=0.5743  NMI=0.6373  ARI=0.4458  3.6s

=== P1L_S4_C2 train[2] k=5  dim=9216  frames=219  σ=0.5 ===
  OSC: ACC=0.8767  NMI=0.8330  ARI=0.7299  5.7s
  SSC-TV-L21: ACC=0.9361  NMI=0.9067  ARI=0.8419  1.9s
  SSC-TV-L21-col: ACC=0.9361  NMI=0.9067  ARI=0.8419  1.8s
  TKSS: ACC=0.8858  NMI=0.8084  ARI=0.7519  0.7s
  BDOSC: ACC=0.7534  NMI=0.6945  ARI=0.5520  4.3s

=== P1L_S4_C2 train[3] k=5  dim=9216  frames=238  σ=0.5 ===
  OSC: ACC=0.8655  NMI=0.8569  ARI=0.7472  6.7s
  SSC-TV-L21: ACC=0.9370  NMI=0.9032  ARI=0.8576  2.7s
  SSC-TV-L21-col: ACC=0.9328  NMI=0.8941  ARI=0.8485  2.5s
  TKSS: ACC=0.8782  NMI=0.7883  ARI=0.7284  0.5s
  BDOSC: ACC=0.7857  NMI=0.7443  ARI=0.6090  5.1s

=== P1L_S4_C3 train[0] k=5  dim=9216  frames=172  σ=0.5 ===
  OSC: ACC=0.8953  NMI=0.8872  ARI=0.7899  4.2s
  SSC-TV-L21: ACC=0.9244  NMI=0.9031  ARI=0.8329  1.2s
  SSC-TV-L21-col: ACC=0.9244  NMI=0.9031  ARI=0.8329  1.3s
  TKSS: ACC=0.9012  NMI=0.8231  ARI=0.7761  0.5s
  BDOSC: ACC=0.6163  NMI=0.6701  ARI=0.4810  2.8s

=== P1L_S4_C3 train[1] k=5  dim=9216  frames=158  σ=0.5 ===
  OSC: ACC=1.0000  NMI=1.0000  ARI=1.0000  3.8s
  SSC-TV-L21: ACC=1.0000  NMI=1.0000  ARI=1.0000  1.1s
  SSC-TV-L21-col: ACC=1.0000  NMI=1.0000  ARI=1.0000  1.1s
  TKSS: ACC=0.7658  NMI=0.7375  ARI=0.6216  0.2s
  BDOSC: ACC=0.6835  NMI=0.6644  ARI=0.4801  2.4s

=== P1L_S4_C3 train[2] k=5  dim=9216  frames=163  σ=0.5 ===
  OSC: ACC=0.8650  NMI=0.8422  ARI=0.7455  3.9s
  SSC-TV-L21: ACC=0.9018  NMI=0.8611  ARI=0.7946  1.2s
  SSC-TV-L21-col: ACC=0.9018  NMI=0.8611  ARI=0.7946  1.3s
  TKSS: ACC=0.8834  NMI=0.8035  ARI=0.7431  0.2s
  BDOSC: ACC=0.7975  NMI=0.7405  ARI=0.6068  2.6s

=== P1L_S4_C3 train[3] k=5  dim=9216  frames=164  σ=0.5 ===
  OSC: ACC=0.6951  NMI=0.8258  ARI=0.6781  4.0s
  SSC-TV-L21: ACC=0.9085  NMI=0.8696  ARI=0.8037  1.1s
  SSC-TV-L21-col: ACC=0.9085  NMI=0.8696  ARI=0.8037  1.3s
  TKSS: ACC=0.9756  NMI=0.9374  ARI=0.9398  0.2s
  BDOSC: ACC=0.8902  NMI=0.8036  ARI=0.7541  2.6s

=== P1E_S1_C1 test[0] k=5  dim=9216  frames=252  σ=0.5 ===
  OSC: ACC=0.8651  NMI=0.8783  ARI=0.7609  7.3s
  SSC-TV-L21: ACC=1.0000  NMI=1.0000  ARI=1.0000  2.7s
  SSC-TV-L21-col: ACC=1.0000  NMI=1.0000  ARI=1.0000  2.6s
  TKSS: ACC=0.9405  NMI=0.8754  ARI=0.8593  0.5s
  BDOSC: ACC=0.5317  NMI=0.6316  ARI=0.4410  5.3s

=== P1E_S1_C2 test[0] k=5  dim=9216  frames=186  σ=0.5 ===
  OSC: ACC=0.9785  NMI=0.9485  ARI=0.9464  4.7s
  SSC-TV-L21: ACC=0.9731  NMI=0.9385  ARI=0.9375  1.4s
  SSC-TV-L21-col: ACC=0.9839  NMI=0.9643  ARI=0.9603  1.2s
  TKSS: ACC=0.8387  NMI=0.7527  ARI=0.6638  0.3s
  BDOSC: ACC=0.5645  NMI=0.6523  ARI=0.4708  3.2s

=== P1E_S1_C3 test[0] k=5  dim=9216  frames=107  σ=0.5 ===
  OSC: ACC=0.9720  NMI=0.9367  ARI=0.9286  2.2s
  SSC-TV-L21: ACC=0.9252  NMI=0.8461  ARI=0.8192  0.6s
  SSC-TV-L21-col: ACC=0.9346  NMI=0.8615  ARI=0.8401  0.6s
  TKSS: ACC=0.8692  NMI=0.7884  ARI=0.7199  0.1s
  BDOSC: ACC=0.6636  NMI=0.7845  ARI=0.6430  1.2s

=== P1E_S2_C1 test[0] k=5  dim=9216  frames=200  σ=0.5 ===
  OSC: ACC=0.8200  NMI=0.8007  ARI=0.6635  5.1s
  SSC-TV-L21: ACC=0.8750  NMI=0.8303  ARI=0.7340  1.6s
  SSC-TV-L21-col: ACC=0.8750  NMI=0.8303  ARI=0.7340  1.5s
  TKSS: ACC=0.9450  NMI=0.8956  ARI=0.8715  0.6s
  BDOSC: ACC=0.7350  NMI=0.6683  ARI=0.4993  3.6s

=== P1E_S2_C2 test[0] k=5  dim=9216  frames=204  σ=0.5 ===
  OSC: ACC=0.9559  NMI=0.9158  ARI=0.8951  5.0s
  SSC-TV-L21: ACC=0.9657  NMI=0.9276  ARI=0.9163  1.7s
  SSC-TV-L21-col: ACC=0.9510  NMI=0.9071  ARI=0.8833  1.5s
  TKSS: ACC=0.9069  NMI=0.8239  ARI=0.7875  0.3s
  BDOSC: ACC=0.6765  NMI=0.6610  ARI=0.5164  3.7s

=== P1E_S2_C3 test[0] k=5  dim=9216  frames=157  σ=0.5 ===
  OSC: ACC=0.9809  NMI=0.9524  ARI=0.9530  3.4s
  SSC-TV-L21: ACC=0.9809  NMI=0.9524  ARI=0.9530  1.0s
  SSC-TV-L21-col: ACC=0.9809  NMI=0.9524  ARI=0.9530  0.9s
  TKSS: ACC=0.9363  NMI=0.8758  ARI=0.8539  0.2s
  BDOSC: ACC=0.6306  NMI=0.6848  ARI=0.4602  2.2s

=== P1E_S3_C1 test[0] k=5  dim=9216  frames=219  σ=0.5 ===
  OSC: ACC=0.8676  NMI=0.8301  ARI=0.7468  5.7s
  SSC-TV-L21: ACC=0.8721  NMI=0.8333  ARI=0.7540  1.9s
  SSC-TV-L21-col: ACC=0.8950  NMI=0.8516  ARI=0.7897  1.7s
  TKSS: ACC=0.8493  NMI=0.7852  ARI=0.6992  0.3s
  BDOSC: ACC=0.7580  NMI=0.7521  ARI=0.6403  4.3s

=== P1E_S3_C2 test[0] k=5  dim=9216  frames=182  σ=0.5 ===
  OSC: ACC=0.9341  NMI=0.8868  ARI=0.8442  4.4s
  SSC-TV-L21: ACC=0.9451  NMI=0.9075  ARI=0.8684  1.4s
  SSC-TV-L21-col: ACC=0.9451  NMI=0.9075  ARI=0.8684  1.3s
  TKSS: ACC=0.8516  NMI=0.7838  ARI=0.7069  0.2s
  BDOSC: ACC=0.6868  NMI=0.7561  ARI=0.6004  3.0s

=== P1E_S3_C3 test[0] k=5  dim=9216  frames=154  σ=0.5 ===
  OSC: ACC=0.9935  NMI=0.9826  ARI=0.9863  3.3s
  SSC-TV-L21: ACC=1.0000  NMI=1.0000  ARI=1.0000  0.9s
  SSC-TV-L21-col: ACC=0.9935  NMI=0.9826  ARI=0.9863  0.9s
  TKSS: ACC=0.8636  NMI=0.7963  ARI=0.7221  0.2s
  BDOSC: ACC=0.6818  NMI=0.7062  ARI=0.5047  2.1s

=== P1E_S4_C1 test[0] k=5  dim=9216  frames=192  σ=0.5 ===
  OSC: ACC=0.8594  NMI=0.8245  ARI=0.7439  4.4s
  SSC-TV-L21: ACC=0.8854  NMI=0.8495  ARI=0.7626  1.4s
  SSC-TV-L21-col: ACC=0.8802  NMI=0.8469  ARI=0.7558  1.3s
  TKSS: ACC=0.9583  NMI=0.9142  ARI=0.8998  0.8s
  BDOSC: ACC=0.6458  NMI=0.6933  ARI=0.5359  3.1s

=== P1E_S4_C2 test[0] k=5  dim=9216  frames=193  σ=0.5 ===
  OSC: ACC=0.8394  NMI=0.8546  ARI=0.7505  4.7s
  SSC-TV-L21: ACC=0.7098  NMI=0.8297  ARI=0.6649  1.5s
  SSC-TV-L21-col: ACC=0.7098  NMI=0.8297  ARI=0.6649  1.4s
  TKSS: ACC=0.8756  NMI=0.7979  ARI=0.7341  0.3s
  BDOSC: ACC=0.7358  NMI=0.6849  ARI=0.5338  3.2s

=== P1E_S4_C3 test[0] k=5  dim=9216  frames=147  σ=0.5 ===
  OSC: ACC=0.7959  NMI=0.8854  ARI=0.7729  2.8s
  SSC-TV-L21: ACC=0.9592  NMI=0.9302  ARI=0.8919  0.8s
  SSC-TV-L21-col: ACC=0.9592  NMI=0.9302  ARI=0.8919  0.8s
  TKSS: ACC=0.8367  NMI=0.7848  ARI=0.6890  0.2s
  BDOSC: ACC=0.5442  NMI=0.5978  ARI=0.3444  1.9s

=== P1L_S1_C1 test[0] k=5  dim=9216  frames=211  σ=0.5 ===
  OSC: ACC=0.8578  NMI=0.8776  ARI=0.7717  5.3s
  SSC-TV-L21: ACC=1.0000  NMI=1.0000  ARI=1.0000  1.8s
  SSC-TV-L21-col: ACC=1.0000  NMI=1.0000  ARI=1.0000  1.6s
  TKSS: ACC=0.7867  NMI=0.7155  ARI=0.5952  0.3s
  BDOSC: ACC=0.8009  NMI=0.7258  ARI=0.6527  3.8s

=== P1L_S1_C2 test[0] k=5  dim=9216  frames=231  σ=0.5 ===
  OSC: ACC=0.9221  NMI=0.9043  ARI=0.8362  6.4s
  SSC-TV-L21: ACC=0.8918  NMI=0.8539  ARI=0.7680  2.5s
  SSC-TV-L21-col: ACC=0.9221  NMI=0.9043  ARI=0.8362  2.3s
  TKSS: ACC=0.9784  NMI=0.9440  ARI=0.9467  0.8s
  BDOSC: ACC=0.5974  NMI=0.6704  ARI=0.5054  4.7s

=== P1L_S1_C3 test[0] k=5  dim=9216  frames=124  σ=0.5 ===
  OSC: ACC=0.9919  NMI=0.9784  ARI=0.9780  2.3s
  SSC-TV-L21: ACC=0.9919  NMI=0.9784  ARI=0.9780  0.6s
  SSC-TV-L21-col: ACC=0.9919  NMI=0.9784  ARI=0.9780  0.7s
  TKSS: ACC=0.9032  NMI=0.8306  ARI=0.7859  0.1s
  BDOSC: ACC=0.8226  NMI=0.7791  ARI=0.6390  1.3s

=== P1L_S2_C1 test[0] k=5  dim=9216  frames=234  σ=0.5 ===
  OSC: ACC=0.9658  NMI=0.9456  ARI=0.9405  6.4s
  SSC-TV-L21: ACC=0.9615  NMI=0.9416  ARI=0.9341  2.5s
  SSC-TV-L21-col: ACC=0.9658  NMI=0.9456  ARI=0.9405  2.3s
  TKSS: ACC=0.8632  NMI=0.8048  ARI=0.7357  0.4s
  BDOSC: ACC=0.7650  NMI=0.7597  ARI=0.6105  4.6s

=== P1L_S2_C2 test[0] k=5  dim=9216  frames=195  σ=0.5 ===
  OSC: ACC=0.9692  NMI=0.9451  ARI=0.9296  4.8s
  SSC-TV-L21: ACC=1.0000  NMI=1.0000  ARI=1.0000  1.6s
  SSC-TV-L21-col: ACC=1.0000  NMI=1.0000  ARI=1.0000  1.4s
  TKSS: ACC=0.9231  NMI=0.8647  ARI=0.8247  0.3s
  BDOSC: ACC=0.6103  NMI=0.6059  ARI=0.3814  3.4s

=== P1L_S2_C3 test[0] k=5  dim=9216  frames=169  σ=0.5 ===
  OSC: ACC=0.9882  NMI=0.9722  ARI=0.9725  3.7s
  SSC-TV-L21: ACC=0.9882  NMI=0.9722  ARI=0.9725  1.1s
  SSC-TV-L21-col: ACC=0.9882  NMI=0.9722  ARI=0.9725  1.0s
  TKSS: ACC=0.9290  NMI=0.8513  ARI=0.8321  0.2s
  BDOSC: ACC=0.6509  NMI=0.6489  ARI=0.4833  2.4s

=== P1L_S3_C1 test[0] k=5  dim=9216  frames=240  σ=0.5 ===
  OSC: ACC=1.0000  NMI=1.0000  ARI=1.0000  6.5s
  SSC-TV-L21: ACC=1.0000  NMI=1.0000  ARI=1.0000  2.6s
  SSC-TV-L21-col: ACC=1.0000  NMI=1.0000  ARI=1.0000  2.4s
  TKSS: ACC=0.9333  NMI=0.8697  ARI=0.8454  1.2s
  BDOSC: ACC=0.7167  NMI=0.6814  ARI=0.5485  4.9s

=== P1L_S3_C2 test[0] k=5  dim=9216  frames=241  σ=0.5 ===
  OSC: ACC=0.9087  NMI=0.8978  ARI=0.8304  6.7s
  SSC-TV-L21: ACC=1.0000  NMI=1.0000  ARI=1.0000  2.7s
  SSC-TV-L21-col: ACC=1.0000  NMI=1.0000  ARI=1.0000  2.5s
  TKSS: ACC=0.9087  NMI=0.8349  ARI=0.7979  0.4s
  BDOSC: ACC=0.7178  NMI=0.7301  ARI=0.6014  5.2s

=== P1L_S3_C3 test[0] k=5  dim=9216  frames=197  σ=0.5 ===
  OSC: ACC=0.8782  NMI=0.8686  ARI=0.7741  4.8s
  SSC-TV-L21: ACC=0.8832  NMI=0.8706  ARI=0.7796  1.6s
  SSC-TV-L21-col: ACC=0.9898  NMI=0.9706  ARI=0.9774  1.5s
  TKSS: ACC=0.8579  NMI=0.7791  ARI=0.7042  0.3s
  BDOSC: ACC=0.7005  NMI=0.6462  ARI=0.4697  3.4s

=== P1L_S4_C1 test[0] k=5  dim=9216  frames=211  σ=0.5 ===
  OSC: ACC=0.9953  NMI=0.9864  ARI=0.9899  5.3s
  SSC-TV-L21: ACC=0.9953  NMI=0.9864  ARI=0.9899  1.8s
  SSC-TV-L21-col: ACC=1.0000  NMI=1.0000  ARI=1.0000  1.6s
  TKSS: ACC=0.8483  NMI=0.7743  ARI=0.6981  0.3s
  BDOSC: ACC=0.6825  NMI=0.7439  ARI=0.5830  3.9s

=== P1L_S4_C2 test[0] k=5  dim=9216  frames=263  σ=0.5 ===
  OSC: ACC=0.6426  NMI=0.7429  ARI=0.5207  7.5s
  SSC-TV-L21: ACC=0.9886  NMI=0.9676  ARI=0.9702  2.9s
  SSC-TV-L21-col: ACC=0.9924  NMI=0.9793  ARI=0.9794  2.8s
  TKSS: ACC=0.8783  NMI=0.7898  ARI=0.7338  0.5s
  BDOSC: ACC=0.6540  NMI=0.6724  ARI=0.4830  6.0s

=== P1L_S4_C3 test[0] k=5  dim=9216  frames=185  σ=0.5 ===
  OSC: ACC=0.9892  NMI=0.9741  ARI=0.9749  4.3s
  SSC-TV-L21: ACC=0.9892  NMI=0.9741  ARI=0.9749  1.4s
  SSC-TV-L21-col: ACC=0.9892  NMI=0.9741  ARI=0.9749  1.3s
  TKSS: ACC=0.9243  NMI=0.8454  ARI=0.8247  0.2s
  BDOSC: ACC=0.7622  NMI=0.7023  ARI=0.5624  3.1s

=== P1E_S1_C1 train[0] k=5  dim=9216  frames=224  σ=0.75 ===
  OSC: ACC=0.7054  NMI=0.7562  ARI=0.6004  5.1s
  SSC-TV-L21: ACC=0.8973  NMI=0.8570  ARI=0.7761  1.6s
  SSC-TV-L21-col: ACC=0.8795  NMI=0.8398  ARI=0.7474  1.4s
  TKSS: ACC=0.9420  NMI=0.8810  ARI=0.8621  0.3s
  BDOSC: ACC=0.6696  NMI=0.6378  ARI=0.4527  4.1s

=== P1E_S1_C1 train[1] k=5  dim=9216  frames=206  σ=0.75 ===
  OSC: ACC=0.9515  NMI=0.9172  ARI=0.8938  5.2s
  SSC-TV-L21: ACC=0.9563  NMI=0.9315  ARI=0.9052  1.7s
  SSC-TV-L21-col: ACC=0.9563  NMI=0.9315  ARI=0.9052  1.5s
  TKSS: ACC=0.8835  NMI=0.7999  ARI=0.7422  0.3s
  BDOSC: ACC=0.7330  NMI=0.7048  ARI=0.5887  3.7s

=== P1E_S1_C1 train[2] k=5  dim=9216  frames=222  σ=0.75 ===
  OSC: ACC=0.4910  NMI=0.7039  ARI=0.4240  5.5s
  SSC-TV-L21: ACC=0.6937  NMI=0.7425  ARI=0.6019  1.9s
  SSC-TV-L21-col: ACC=0.5721  NMI=0.6905  ARI=0.4753  1.7s
  TKSS: ACC=0.8559  NMI=0.7683  ARI=0.6945  0.3s
  BDOSC: ACC=0.6847  NMI=0.6747  ARI=0.5514  4.2s

=== P1E_S1_C1 train[3] k=5  dim=9216  frames=191  σ=0.75 ===
  OSC: ACC=0.6440  NMI=0.7465  ARI=0.5684  4.6s
  SSC-TV-L21: ACC=0.6649  NMI=0.7974  ARI=0.6127  1.4s
  SSC-TV-L21-col: ACC=0.6649  NMI=0.7974  ARI=0.6127  1.3s
  TKSS: ACC=0.8010  NMI=0.7242  ARI=0.6191  0.3s
  BDOSC: ACC=0.5288  NMI=0.6860  ARI=0.4807  3.3s

=== P1E_S1_C2 train[0] k=5  dim=9216  frames=201  σ=0.75 ===
  OSC: ACC=0.9851  NMI=0.9620  ARI=0.9695  4.8s
  SSC-TV-L21: ACC=0.9602  NMI=0.9042  ARI=0.9031  1.6s
  SSC-TV-L21-col: ACC=0.9851  NMI=0.9620  ARI=0.9695  1.4s
  TKSS: ACC=0.8209  NMI=0.7547  ARI=0.6650  0.3s
  BDOSC: ACC=0.6318  NMI=0.6581  ARI=0.4822  3.4s

=== P1E_S1_C2 train[1] k=5  dim=9216  frames=174  σ=0.75 ===
  OSC: ACC=1.0000  NMI=1.0000  ARI=1.0000  3.9s
  SSC-TV-L21: ACC=0.9943  NMI=0.9840  ARI=0.9878  1.2s
  SSC-TV-L21-col: ACC=1.0000  NMI=1.0000  ARI=1.0000  1.1s
  TKSS: ACC=0.8506  NMI=0.7783  ARI=0.6954  0.2s
  BDOSC: ACC=0.6092  NMI=0.6578  ARI=0.4653  2.7s

=== P1E_S1_C2 train[2] k=5  dim=9216  frames=204  σ=0.75 ===
  OSC: ACC=0.4804  NMI=0.5935  ARI=0.3075  5.0s
  SSC-TV-L21: ACC=0.7500  NMI=0.7326  ARI=0.5811  1.7s
  SSC-TV-L21-col: ACC=0.7843  NMI=0.7254  ARI=0.5662  1.5s
  TKSS: ACC=0.9069  NMI=0.8213  ARI=0.7872  0.3s
  BDOSC: ACC=0.7255  NMI=0.6794  ARI=0.5345  3.7s

=== P1E_S1_C2 train[3] k=5  dim=9216  frames=182  σ=0.75 ===
  OSC: ACC=0.6758  NMI=0.7925  ARI=0.6426  4.1s
  SSC-TV-L21: ACC=0.9505  NMI=0.9177  ARI=0.8982  1.3s
  SSC-TV-L21-col: ACC=0.9451  NMI=0.9130  ARI=0.8892  1.2s
  TKSS: ACC=0.8626  NMI=0.7736  ARI=0.7056  0.2s
  BDOSC: ACC=0.6923  NMI=0.6716  ARI=0.5370  2.9s

=== P1E_S1_C3 train[0] k=5  dim=9216  frames=98  σ=0.75 ===
  OSC: ACC=0.6735  NMI=0.7059  ARI=0.4941  1.7s
  SSC-TV-L21: ACC=0.8980  NMI=0.8422  ARI=0.7844  0.5s
  SSC-TV-L21-col: ACC=0.8878  NMI=0.8300  ARI=0.7701  0.4s
  TKSS: ACC=0.8265  NMI=0.7447  ARI=0.6416  0.1s
  BDOSC: ACC=0.6122  NMI=0.6534  ARI=0.4243  1.0s

=== P1E_S1_C3 train[1] k=5  dim=9216  frames=93  σ=0.75 ===
  OSC: ACC=0.9785  NMI=0.9546  ARI=0.9423  1.6s
  SSC-TV-L21: ACC=0.8602  NMI=0.8215  ARI=0.7194  0.5s
  SSC-TV-L21-col: ACC=0.9570  NMI=0.9280  ARI=0.8892  0.4s
  TKSS: ACC=0.7634  NMI=0.7521  ARI=0.6334  0.1s
  BDOSC: ACC=0.6237  NMI=0.7017  ARI=0.5106  0.9s

=== P1E_S1_C3 train[2] k=5  dim=9216  frames=68  σ=0.75 ===
  OSC: ACC=0.2500  NMI=0.1014  ARI=0.0020  1.1s
  SSC-TV-L21: ACC=0.6471  NMI=0.6775  ARI=0.4942  0.3s
  SSC-TV-L21-col: ACC=0.6618  NMI=0.6784  ARI=0.4960  0.3s
  TKSS: ACC=0.8235  NMI=0.7526  ARI=0.6530  0.1s
  BDOSC: ACC=0.6324  NMI=0.6715  ARI=0.4665  0.6s

=== P1E_S1_C3 train[3] k=5  dim=9216  frames=87  σ=0.75 ===
  OSC: ACC=0.6437  NMI=0.6964  ARI=0.5481  1.5s
  SSC-TV-L21: ACC=0.9885  NMI=0.9714  ARI=0.9677  0.4s
  SSC-TV-L21-col: ACC=0.9885  NMI=0.9714  ARI=0.9677  0.4s
  TKSS: ACC=0.8966  NMI=0.8132  ARI=0.7617  0.1s
  BDOSC: ACC=0.6437  NMI=0.6863  ARI=0.5139  0.9s

=== P1E_S2_C1 train[0] k=5  dim=9216  frames=229  σ=0.75 ===
  OSC: ACC=0.8734  NMI=0.8391  ARI=0.7515  6.2s
  SSC-TV-L21: ACC=0.9127  NMI=0.8976  ARI=0.8177  2.4s
  SSC-TV-L21-col: ACC=0.8603  NMI=0.8214  ARI=0.7095  2.1s
  TKSS: ACC=0.9476  NMI=0.8797  ARI=0.8721  0.4s
  BDOSC: ACC=0.7817  NMI=0.6928  ARI=0.5517  4.6s

=== P1E_S2_C1 train[1] k=5  dim=9216  frames=215  σ=0.75 ===
  OSC: ACC=0.8651  NMI=0.8277  ARI=0.7406  5.4s
  SSC-TV-L21: ACC=0.8651  NMI=0.8277  ARI=0.7406  1.8s
  SSC-TV-L21-col: ACC=0.8651  NMI=0.8277  ARI=0.7406  1.6s
  TKSS: ACC=0.8465  NMI=0.7704  ARI=0.6926  0.3s
  BDOSC: ACC=0.7116  NMI=0.6475  ARI=0.4798  4.0s

=== P1E_S2_C1 train[2] k=5  dim=9216  frames=222  σ=0.75 ===
  OSC: ACC=0.8108  NMI=0.7880  ARI=0.6244  5.5s
  SSC-TV-L21: ACC=0.9009  NMI=0.8479  ARI=0.7754  1.9s
  SSC-TV-L21-col: ACC=0.9279  NMI=0.8737  ARI=0.8249  1.7s
  TKSS: ACC=0.7703  NMI=0.6964  ARI=0.5677  0.3s
  BDOSC: ACC=0.7703  NMI=0.7719  ARI=0.6481  4.2s

=== P1E_S2_C1 train[3] k=5  dim=9216  frames=196  σ=0.75 ===
  OSC: ACC=0.5153  NMI=0.7323  ARI=0.5324  4.7s
  SSC-TV-L21: ACC=0.5663  NMI=0.6983  ARI=0.5030  1.5s
  SSC-TV-L21-col: ACC=0.6378  NMI=0.7557  ARI=0.5574  1.4s
  TKSS: ACC=0.8316  NMI=0.7512  ARI=0.6631  0.3s
  BDOSC: ACC=0.7959  NMI=0.7317  ARI=0.6261  3.4s

=== P1E_S2_C2 train[0] k=5  dim=9216  frames=198  σ=0.75 ===
  OSC: ACC=0.9394  NMI=0.8882  ARI=0.8482  4.8s
  SSC-TV-L21: ACC=0.9495  NMI=0.9008  ARI=0.8744  1.5s
  SSC-TV-L21-col: ACC=0.9394  NMI=0.8882  ARI=0.8482  1.4s
  TKSS: ACC=0.7071  NMI=0.6819  ARI=0.5361  0.3s
  BDOSC: ACC=0.6970  NMI=0.7090  ARI=0.6183  3.4s

=== P1E_S2_C2 train[1] k=5  dim=9216  frames=191  σ=0.75 ===
  OSC: ACC=0.9686  NMI=0.9312  ARI=0.9238  4.5s
  SSC-TV-L21: ACC=0.9843  NMI=0.9646  ARI=0.9595  1.4s
  SSC-TV-L21-col: ACC=0.9738  NMI=0.9393  ARI=0.9364  1.3s
  TKSS: ACC=0.9110  NMI=0.8391  ARI=0.7919  0.3s
  BDOSC: ACC=0.7330  NMI=0.6986  ARI=0.5481  3.2s

=== P1E_S2_C2 train[2] k=5  dim=9216  frames=211  σ=0.75 ===
  OSC: ACC=0.9810  NMI=0.9544  ARI=0.9562  5.3s
  SSC-TV-L21: ACC=0.9526  NMI=0.9141  ARI=0.8947  1.8s
  SSC-TV-L21-col: ACC=0.9526  NMI=0.9141  ARI=0.8947  1.6s
  TKSS: ACC=0.9573  NMI=0.9073  ARI=0.8954  0.3s
  BDOSC: ACC=0.7346  NMI=0.6855  ARI=0.5495  4.0s

=== P1E_S2_C2 train[3] k=5  dim=9216  frames=191  σ=0.75 ===
  OSC: ACC=0.7277  NMI=0.7825  ARI=0.6207  4.6s
  SSC-TV-L21: ACC=0.8063  NMI=0.8018  ARI=0.6615  1.4s
  SSC-TV-L21-col: ACC=0.7696  NMI=0.7316  ARI=0.5591  1.3s
  TKSS: ACC=0.8325  NMI=0.7577  ARI=0.6683  0.3s
  BDOSC: ACC=0.6073  NMI=0.6484  ARI=0.4670  3.2s

=== P1E_S2_C3 train[0] k=5  dim=9216  frames=165  σ=0.75 ===
  OSC: ACC=0.9636  NMI=0.9238  ARI=0.8982  3.3s
  SSC-TV-L21: ACC=0.9636  NMI=0.9238  ARI=0.8982  1.0s
  SSC-TV-L21-col: ACC=0.9636  NMI=0.9238  ARI=0.8982  0.9s
  TKSS: ACC=0.7394  NMI=0.6912  ARI=0.5540  0.2s
  BDOSC: ACC=0.7030  NMI=0.6548  ARI=0.4909  2.4s

=== P1E_S2_C3 train[1] k=5  dim=9216  frames=156  σ=0.75 ===
  OSC: ACC=1.0000  NMI=1.0000  ARI=1.0000  3.3s
  SSC-TV-L21: ACC=1.0000  NMI=1.0000  ARI=1.0000  0.9s
  SSC-TV-L21-col: ACC=1.0000  NMI=1.0000  ARI=1.0000  0.8s
  TKSS: ACC=0.9167  NMI=0.8340  ARI=0.8011  0.2s
  BDOSC: ACC=0.5897  NMI=0.6664  ARI=0.4581  2.1s

=== P1E_S2_C3 train[2] k=5  dim=9216  frames=174  σ=0.75 ===
  OSC: ACC=0.8276  NMI=0.8026  ARI=0.6838  4.0s
  SSC-TV-L21: ACC=0.8908  NMI=0.8548  ARI=0.7860  1.3s
  SSC-TV-L21-col: ACC=0.8966  NMI=0.8625  ARI=0.7993  1.2s
  TKSS: ACC=0.8966  NMI=0.8124  ARI=0.7674  0.2s
  BDOSC: ACC=0.7471  NMI=0.6979  ARI=0.5566  2.7s

=== P1E_S2_C3 train[3] k=5  dim=9216  frames=160  σ=0.75 ===
  OSC: ACC=0.7688  NMI=0.8509  ARI=0.7491  3.4s
  SSC-TV-L21: ACC=0.7063  NMI=0.8046  ARI=0.6711  0.9s
  SSC-TV-L21-col: ACC=0.7812  NMI=0.8523  ARI=0.7529  0.9s
  TKSS: ACC=0.8375  NMI=0.7822  ARI=0.6888  0.2s
  BDOSC: ACC=0.6937  NMI=0.6669  ARI=0.5046  2.2s

=== P1E_S3_C1 train[0] k=5  dim=9216  frames=226  σ=0.75 ===
  OSC: ACC=0.6991  NMI=0.7792  ARI=0.6181  5.2s
  SSC-TV-L21: ACC=0.9513  NMI=0.9074  ARI=0.8825  1.7s
  SSC-TV-L21-col: ACC=0.7478  NMI=0.7341  ARI=0.5743  1.5s
  TKSS: ACC=0.8584  NMI=0.7719  ARI=0.7001  0.4s
  BDOSC: ACC=0.7124  NMI=0.6561  ARI=0.4818  4.2s

=== P1E_S3_C1 train[1] k=5  dim=9216  frames=217  σ=0.75 ===
  OSC: ACC=0.8618  NMI=0.8681  ARI=0.7643  5.5s
  SSC-TV-L21: ACC=0.9355  NMI=0.9129  ARI=0.8578  1.8s
  SSC-TV-L21-col: ACC=0.9355  NMI=0.9129  ARI=0.8578  1.6s
  TKSS: ACC=0.9217  NMI=0.8395  ARI=0.8123  0.3s
  BDOSC: ACC=0.8525  NMI=0.7904  ARI=0.6971  4.2s

=== P1E_S3_C1 train[2] k=5  dim=9216  frames=200  σ=0.75 ===
  OSC: ACC=0.6500  NMI=0.7646  ARI=0.5711  4.7s
  SSC-TV-L21: ACC=0.6550  NMI=0.7673  ARI=0.5771  1.5s
  SSC-TV-L21-col: ACC=0.6550  NMI=0.7673  ARI=0.5771  1.4s
  TKSS: ACC=0.8450  NMI=0.7783  ARI=0.6818  0.3s
  BDOSC: ACC=0.7200  NMI=0.6973  ARI=0.5615  3.4s

=== P1E_S3_C1 train[3] k=5  dim=9216  frames=211  σ=0.75 ===
  OSC: ACC=0.6635  NMI=0.7128  ARI=0.5482  5.3s
  SSC-TV-L21: ACC=0.6967  NMI=0.7857  ARI=0.6278  1.7s
  SSC-TV-L21-col: ACC=0.6919  NMI=0.7801  ARI=0.6170  1.5s
  TKSS: ACC=0.6825  NMI=0.6623  ARI=0.5011  0.3s
  BDOSC: ACC=0.7820  NMI=0.7560  ARI=0.6599  3.9s

=== P1E_S3_C2 train[0] k=5  dim=9216  frames=176  σ=0.75 ===
  OSC: ACC=0.8920  NMI=0.8630  ARI=0.8194  3.9s
  SSC-TV-L21: ACC=0.7330  NMI=0.8386  ARI=0.6958  1.1s
  SSC-TV-L21-col: ACC=0.7216  NMI=0.8083  ARI=0.6629  1.0s
  TKSS: ACC=0.8011  NMI=0.7262  ARI=0.6177  0.2s
  BDOSC: ACC=0.6648  NMI=0.6293  ARI=0.4252  2.7s

=== P1E_S3_C2 train[1] k=5  dim=9216  frames=202  σ=0.75 ===
  OSC: ACC=0.9554  NMI=0.9011  ARI=0.8956  4.9s
  SSC-TV-L21: ACC=0.9604  NMI=0.9341  ARI=0.9115  1.6s
  SSC-TV-L21-col: ACC=0.9554  NMI=0.9203  ARI=0.9028  1.4s
  TKSS: ACC=0.8168  NMI=0.7270  ARI=0.6172  0.3s
  BDOSC: ACC=0.5891  NMI=0.6363  ARI=0.4336  3.5s

=== P1E_S3_C2 train[2] k=5  dim=9216  frames=234  σ=0.75 ===
  OSC: ACC=0.4915  NMI=0.6636  ARI=0.3753  6.4s
  SSC-TV-L21: ACC=0.7778  NMI=0.8147  ARI=0.7064  2.5s
  SSC-TV-L21-col: ACC=0.7521  NMI=0.7811  ARI=0.6794  2.3s
  TKSS: ACC=0.8718  NMI=0.7875  ARI=0.7191  0.4s
  BDOSC: ACC=0.8291  NMI=0.7715  ARI=0.6802  4.7s

=== P1E_S3_C2 train[3] k=5  dim=9216  frames=211  σ=0.75 ===
  OSC: ACC=0.6730  NMI=0.7598  ARI=0.5717  5.4s
  SSC-TV-L21: ACC=0.7299  NMI=0.8070  ARI=0.6977  1.8s
  SSC-TV-L21-col: ACC=0.6872  NMI=0.7683  ARI=0.5929  1.6s
  TKSS: ACC=0.6682  NMI=0.6661  ARI=0.5079  0.3s
  BDOSC: ACC=0.7915  NMI=0.7175  ARI=0.6232  3.9s

=== P1E_S3_C3 train[0] k=5  dim=9216  frames=173  σ=0.75 ===
  OSC: ACC=0.9711  NMI=0.9345  ARI=0.9191  3.8s
  SSC-TV-L21: ACC=0.9711  NMI=0.9345  ARI=0.9191  1.2s
  SSC-TV-L21-col: ACC=0.9827  NMI=0.9604  ARI=0.9503  1.1s
  TKSS: ACC=0.7630  NMI=0.7158  ARI=0.5938  0.2s
  BDOSC: ACC=0.7110  NMI=0.6630  ARI=0.5004  2.7s

=== P1E_S3_C3 train[1] k=5  dim=9216  frames=150  σ=0.75 ===
  OSC: ACC=0.9933  NMI=0.9815  ARI=0.9835  3.1s
  SSC-TV-L21: ACC=0.9933  NMI=0.9803  ARI=0.9794  0.9s
  SSC-TV-L21-col: ACC=1.0000  NMI=1.0000  ARI=1.0000  0.8s
  TKSS: ACC=0.8333  NMI=0.7476  ARI=0.6455  0.2s
  BDOSC: ACC=0.6133  NMI=0.6798  ARI=0.4883  2.0s

=== P1E_S3_C3 train[2] k=5  dim=9216  frames=204  σ=0.75 ===
  OSC: ACC=0.7157  NMI=0.8167  ARI=0.6580  4.9s
  SSC-TV-L21: ACC=0.7598  NMI=0.7408  ARI=0.5744  1.7s
  SSC-TV-L21-col: ACC=0.8333  NMI=0.8365  ARI=0.7230  1.5s
  TKSS: ACC=0.8775  NMI=0.7925  ARI=0.7270  0.3s
  BDOSC: ACC=0.7549  NMI=0.6955  ARI=0.5718  3.6s

=== P1E_S3_C3 train[3] k=5  dim=9216  frames=167  σ=0.75 ===
  OSC: ACC=0.9880  NMI=0.9694  ARI=0.9642  3.8s
  SSC-TV-L21: ACC=0.7605  NMI=0.8451  ARI=0.7231  1.2s
  SSC-TV-L21-col: ACC=0.7605  NMI=0.8451  ARI=0.7231  1.1s
  TKSS: ACC=0.6946  NMI=0.6859  ARI=0.5381  0.2s
  BDOSC: ACC=0.7006  NMI=0.6658  ARI=0.5436  2.6s

=== P1E_S4_C1 train[0] k=5  dim=9216  frames=213  σ=0.75 ===
  OSC: ACC=0.8638  NMI=0.8439  ARI=0.7790  5.3s
  SSC-TV-L21: ACC=0.8310  NMI=0.8060  ARI=0.7283  1.7s
  SSC-TV-L21-col: ACC=0.8216  NMI=0.7927  ARI=0.7106  1.5s
  TKSS: ACC=0.9108  NMI=0.8468  ARI=0.7986  0.3s
  BDOSC: ACC=0.8732  NMI=0.8118  ARI=0.7343  4.0s

=== P1E_S4_C1 train[1] k=5  dim=9216  frames=210  σ=0.75 ===
  OSC: ACC=0.7571  NMI=0.8542  ARI=0.7480  5.2s
  SSC-TV-L21: ACC=0.9905  NMI=0.9758  ARI=0.9765  1.7s
  SSC-TV-L21-col: ACC=0.9905  NMI=0.9758  ARI=0.9765  1.5s
  TKSS: ACC=0.8190  NMI=0.7335  ARI=0.6369  0.3s
  BDOSC: ACC=0.6762  NMI=0.6839  ARI=0.5152  3.8s

=== P1E_S4_C1 train[2] k=5  dim=9216  frames=224  σ=0.75 ===
  OSC: ACC=0.6786  NMI=0.7692  ARI=0.5839  5.6s
  SSC-TV-L21: ACC=0.9018  NMI=0.8585  ARI=0.7916  1.9s
  SSC-TV-L21-col: ACC=0.9018  NMI=0.8585  ARI=0.7916  1.7s
  TKSS: ACC=0.8571  NMI=0.7630  ARI=0.6879  0.3s
  BDOSC: ACC=0.5491  NMI=0.6607  ARI=0.4780  4.4s

=== P1E_S4_C1 train[3] k=5  dim=9216  frames=230  σ=0.75 ===
  OSC: ACC=0.6435  NMI=0.7768  ARI=0.5953  6.3s
  SSC-TV-L21: ACC=0.6478  NMI=0.7832  ARI=0.6083  2.4s
  SSC-TV-L21-col: ACC=0.6478  NMI=0.7832  ARI=0.6083  2.2s
  TKSS: ACC=0.8913  NMI=0.8124  ARI=0.7572  0.4s
  BDOSC: ACC=0.7565  NMI=0.7378  ARI=0.5931  4.6s

=== P1E_S4_C2 train[0] k=5  dim=9216  frames=211  σ=0.75 ===
  OSC: ACC=0.9763  NMI=0.9430  ARI=0.9402  5.3s
  SSC-TV-L21: ACC=0.9526  NMI=0.9114  ARI=0.8846  1.8s
  SSC-TV-L21-col: ACC=0.9526  NMI=0.9114  ARI=0.8846  1.6s
  TKSS: ACC=0.8531  NMI=0.7625  ARI=0.6852  0.3s
  BDOSC: ACC=0.7109  NMI=0.6755  ARI=0.5264  3.9s

=== P1E_S4_C2 train[1] k=5  dim=9216  frames=182  σ=0.75 ===
  OSC: ACC=0.9780  NMI=0.9472  ARI=0.9422  4.2s
  SSC-TV-L21: ACC=0.9780  NMI=0.9472  ARI=0.9422  1.3s
  SSC-TV-L21-col: ACC=0.9560  NMI=0.9180  ARI=0.8885  1.2s
  TKSS: ACC=0.9341  NMI=0.8918  ARI=0.8545  0.2s
  BDOSC: ACC=0.7418  NMI=0.6891  ARI=0.5476  3.0s

=== P1E_S4_C2 train[2] k=5  dim=9216  frames=218  σ=0.75 ===
  OSC: ACC=0.8945  NMI=0.8592  ARI=0.7753  5.5s
  SSC-TV-L21: ACC=0.9495  NMI=0.9089  ARI=0.8920  1.8s
  SSC-TV-L21-col: ACC=0.8761  NMI=0.8104  ARI=0.7176  1.6s
  TKSS: ACC=0.9174  NMI=0.8388  ARI=0.8059  0.3s
  BDOSC: ACC=0.4450  NMI=0.6038  ARI=0.3308  4.2s

=== P1E_S4_C2 train[3] k=5  dim=9216  frames=199  σ=0.75 ===
  OSC: ACC=0.7085  NMI=0.8514  ARI=0.7126  4.9s
  SSC-TV-L21: ACC=0.9899  NMI=0.9757  ARI=0.9785  1.7s
  SSC-TV-L21-col: ACC=0.7136  NMI=0.8434  ARI=0.6824  1.5s
  TKSS: ACC=0.9196  NMI=0.8495  ARI=0.8145  0.3s
  BDOSC: ACC=0.5879  NMI=0.6463  ARI=0.4478  3.5s

=== P1E_S4_C3 train[0] k=5  dim=9216  frames=132  σ=0.75 ===
  OSC: ACC=0.9242  NMI=0.8670  ARI=0.8199  2.5s
  SSC-TV-L21: ACC=0.9318  NMI=0.8872  ARI=0.8385  0.7s
  SSC-TV-L21-col: ACC=0.9318  NMI=0.8872  ARI=0.8385  0.6s
  TKSS: ACC=0.8788  NMI=0.8028  ARI=0.7288  0.1s
  BDOSC: ACC=0.6515  NMI=0.6679  ARI=0.4743  1.6s

=== P1E_S4_C3 train[1] k=5  dim=9216  frames=149  σ=0.75 ===
  OSC: ACC=0.9530  NMI=0.9252  ARI=0.8864  3.0s
  SSC-TV-L21: ACC=0.9732  NMI=0.9475  ARI=0.9293  0.9s
  SSC-TV-L21-col: ACC=0.9732  NMI=0.9475  ARI=0.9293  0.8s
  TKSS: ACC=0.8322  NMI=0.7603  ARI=0.6630  0.2s
  BDOSC: ACC=0.6376  NMI=0.6922  ARI=0.5220  2.0s

=== P1E_S4_C3 train[2] k=5  dim=9216  frames=147  σ=0.75 ===
  OSC: ACC=0.6871  NMI=0.7348  ARI=0.5680  3.0s
  SSC-TV-L21: ACC=0.8980  NMI=0.8161  ARI=0.7717  0.9s
  SSC-TV-L21-col: ACC=0.8980  NMI=0.8161  ARI=0.7717  0.8s
  TKSS: ACC=0.9660  NMI=0.9133  ARI=0.9152  0.2s
  BDOSC: ACC=0.7415  NMI=0.6751  ARI=0.4988  2.0s

=== P1E_S4_C3 train[3] k=5  dim=9216  frames=137  σ=0.75 ===
  OSC: ACC=0.7153  NMI=0.7937  ARI=0.6717  2.7s
  SSC-TV-L21: ACC=0.7518  NMI=0.8538  ARI=0.7283  0.8s
  SSC-TV-L21-col: ACC=0.7518  NMI=0.8538  ARI=0.7283  0.7s
  TKSS: ACC=0.8540  NMI=0.7769  ARI=0.7002  0.1s
  BDOSC: ACC=0.5693  NMI=0.6450  ARI=0.4011  1.7s

=== P1L_S1_C1 train[0] k=5  dim=9216  frames=213  σ=0.75 ===
  OSC: ACC=0.7324  NMI=0.8528  ARI=0.6844  4.9s
  SSC-TV-L21: ACC=0.8873  NMI=0.8832  ARI=0.7806  1.6s
  SSC-TV-L21-col: ACC=0.7371  NMI=0.8530  ARI=0.6850  1.4s
  TKSS: ACC=0.8310  NMI=0.7474  ARI=0.6507  0.3s
  BDOSC: ACC=0.6761  NMI=0.7204  ARI=0.5891  3.8s

=== P1L_S1_C1 train[1] k=5  dim=9216  frames=188  σ=0.75 ===
  OSC: ACC=1.0000  NMI=1.0000  ARI=1.0000  4.3s
  SSC-TV-L21: ACC=0.9947  NMI=0.9848  ARI=0.9875  1.4s
  SSC-TV-L21-col: ACC=1.0000  NMI=1.0000  ARI=1.0000  1.2s
  TKSS: ACC=0.8777  NMI=0.7923  ARI=0.7367  0.2s
  BDOSC: ACC=0.5957  NMI=0.6708  ARI=0.5151  3.0s

=== P1L_S1_C1 train[2] k=5  dim=9216  frames=205  σ=0.75 ===
  OSC: ACC=0.8829  NMI=0.8822  ARI=0.7727  5.2s
  SSC-TV-L21: ACC=0.9951  NMI=0.9854  ARI=0.9866  1.7s
  SSC-TV-L21-col: ACC=0.9951  NMI=0.9854  ARI=0.9866  1.6s
  TKSS: ACC=0.9073  NMI=0.8426  ARI=0.7987  0.3s
  BDOSC: ACC=0.8634  NMI=0.7821  ARI=0.6905  3.8s

=== P1L_S1_C1 train[3] k=5  dim=9216  frames=222  σ=0.75 ===
  OSC: ACC=0.9324  NMI=0.9178  ARI=0.8771  5.6s
  SSC-TV-L21: ACC=0.9865  NMI=0.9639  ARI=0.9684  1.9s
  SSC-TV-L21-col: ACC=0.9865  NMI=0.9639  ARI=0.9684  1.7s
  TKSS: ACC=0.8964  NMI=0.8205  ARI=0.7742  0.3s
  BDOSC: ACC=0.5766  NMI=0.5757  ARI=0.3323  4.3s

=== P1L_S1_C2 train[0] k=5  dim=9216  frames=259  σ=0.75 ===
  OSC: ACC=0.6139  NMI=0.7329  ARI=0.4909  6.7s
  SSC-TV-L21: ACC=0.9151  NMI=0.8896  ARI=0.8193  2.6s
  SSC-TV-L21-col: ACC=0.6564  NMI=0.7767  ARI=0.5762  2.4s
  TKSS: ACC=0.9421  NMI=0.8770  ARI=0.8649  0.5s
  BDOSC: ACC=0.4324  NMI=0.5598  ARI=0.3002  5.8s

=== P1L_S1_C2 train[1] k=5  dim=9216  frames=189  σ=0.75 ===
  OSC: ACC=0.9206  NMI=0.9056  ARI=0.8419  4.8s
  SSC-TV-L21: ACC=1.0000  NMI=1.0000  ARI=1.0000  1.4s
  SSC-TV-L21-col: ACC=0.9206  NMI=0.9056  ARI=0.8419  1.3s
  TKSS: ACC=0.9788  NMI=0.9500  ARI=0.9480  0.3s
  BDOSC: ACC=0.6349  NMI=0.7142  ARI=0.5361  3.4s

=== P1L_S1_C2 train[2] k=5  dim=9216  frames=204  σ=0.75 ===
  OSC: ACC=0.4853  NMI=0.6832  ARI=0.4013  5.3s
  SSC-TV-L21: ACC=0.9167  NMI=0.8819  ARI=0.7992  1.7s
  SSC-TV-L21-col: ACC=0.8873  NMI=0.8250  ARI=0.7377  1.5s
  TKSS: ACC=0.7941  NMI=0.7214  ARI=0.6104  0.3s
  BDOSC: ACC=0.5931  NMI=0.6975  ARI=0.5034  3.8s

=== P1L_S1_C2 train[3] k=5  dim=9216  frames=224  σ=0.75 ===
  OSC: ACC=0.5982  NMI=0.7360  ARI=0.5322  6.0s
  SSC-TV-L21: ACC=0.7902  NMI=0.7918  ARI=0.6625  1.9s
  SSC-TV-L21-col: ACC=0.7902  NMI=0.7918  ARI=0.6625  1.7s
  TKSS: ACC=0.8705  NMI=0.7862  ARI=0.7193  0.4s
  BDOSC: ACC=0.6384  NMI=0.6882  ARI=0.4326  4.6s

=== P1L_S1_C3 train[0] k=5  dim=9216  frames=108  σ=0.75 ===
  OSC: ACC=0.6481  NMI=0.7523  ARI=0.5314  2.1s
  SSC-TV-L21: ACC=0.9352  NMI=0.9125  ARI=0.8538  0.6s
  SSC-TV-L21-col: ACC=0.9259  NMI=0.9062  ARI=0.8378  0.5s
  TKSS: ACC=0.9352  NMI=0.8769  ARI=0.8487  0.1s
  BDOSC: ACC=0.5833  NMI=0.6645  ARI=0.4121  1.2s

=== P1L_S1_C3 train[1] k=5  dim=9216  frames=115  σ=0.75 ===
  OSC: ACC=0.7217  NMI=0.8121  ARI=0.6450  2.3s
  SSC-TV-L21: ACC=0.8696  NMI=0.8291  ARI=0.7131  0.6s
  SSC-TV-L21-col: ACC=0.8087  NMI=0.8044  ARI=0.6501  0.6s
  TKSS: ACC=0.8783  NMI=0.7866  ARI=0.7196  0.1s
  BDOSC: ACC=0.6087  NMI=0.6869  ARI=0.5177  1.3s

=== P1L_S1_C3 train[2] k=5  dim=9216  frames=117  σ=0.75 ===
  OSC: ACC=0.6838  NMI=0.7712  ARI=0.5945  2.4s
  SSC-TV-L21: ACC=0.9060  NMI=0.8634  ARI=0.7995  0.6s
  SSC-TV-L21-col: ACC=0.9744  NMI=0.9485  ARI=0.9299  0.6s
  TKSS: ACC=0.7607  NMI=0.7029  ARI=0.5717  0.1s
  BDOSC: ACC=0.6581  NMI=0.6778  ARI=0.5058  1.4s

=== P1L_S1_C3 train[3] k=5  dim=9216  frames=101  σ=0.75 ===
  OSC: ACC=0.8218  NMI=0.8020  ARI=0.6695  2.0s
  SSC-TV-L21: ACC=0.8218  NMI=0.8020  ARI=0.6695  0.6s
  SSC-TV-L21-col: ACC=0.8218  NMI=0.8020  ARI=0.6695  0.5s
  TKSS: ACC=0.9010  NMI=0.8340  ARI=0.7820  0.1s
  BDOSC: ACC=0.5941  NMI=0.6074  ARI=0.3710  1.2s

=== P1L_S2_C1 train[0] k=5  dim=9216  frames=226  σ=0.75 ===
  OSC: ACC=0.8894  NMI=0.8406  ARI=0.7762  5.4s
  SSC-TV-L21: ACC=0.9735  NMI=0.9496  ARI=0.9354  1.7s
  SSC-TV-L21-col: ACC=0.9735  NMI=0.9496  ARI=0.9354  1.5s
  TKSS: ACC=0.9558  NMI=0.8941  ARI=0.8937  0.4s
  BDOSC: ACC=0.6416  NMI=0.6627  ARI=0.4931  4.1s

=== P1L_S2_C1 train[1] k=5  dim=9216  frames=236  σ=0.75 ===
  OSC: ACC=0.9958  NMI=0.9868  ARI=0.9882  6.5s
  SSC-TV-L21: ACC=1.0000  NMI=1.0000  ARI=1.0000  2.6s
  SSC-TV-L21-col: ACC=1.0000  NMI=1.0000  ARI=1.0000  2.3s
  TKSS: ACC=0.8983  NMI=0.8388  ARI=0.7838  0.4s
  BDOSC: ACC=0.6483  NMI=0.6587  ARI=0.4948  4.5s

=== P1L_S2_C1 train[2] k=5  dim=9216  frames=261  σ=0.75 ===
  OSC: ACC=0.7356  NMI=0.8029  ARI=0.6865  7.5s
  SSC-TV-L21: ACC=0.7241  NMI=0.8026  ARI=0.6856  2.8s
  SSC-TV-L21-col: ACC=0.7280  NMI=0.8584  ARI=0.7286  2.7s
  TKSS: ACC=0.9502  NMI=0.8987  ARI=0.8843  0.5s
  BDOSC: ACC=0.6322  NMI=0.6855  ARI=0.5354  6.0s

=== P1L_S2_C1 train[3] k=5  dim=9216  frames=215  σ=0.75 ===
  OSC: ACC=0.8465  NMI=0.8463  ARI=0.6992  5.7s
  SSC-TV-L21: ACC=0.9256  NMI=0.8806  ARI=0.8119  1.9s
  SSC-TV-L21-col: ACC=0.8605  NMI=0.8504  ARI=0.7120  1.7s
  TKSS: ACC=0.7488  NMI=0.6912  ARI=0.5572  0.3s
  BDOSC: ACC=0.7023  NMI=0.6582  ARI=0.4806  4.3s

=== P1L_S2_C2 train[0] k=5  dim=9216  frames=249  σ=0.75 ===
  OSC: ACC=0.8514  NMI=0.7960  ARI=0.6822  7.0s
  SSC-TV-L21: ACC=0.9920  NMI=0.9790  ARI=0.9803  2.6s
  SSC-TV-L21-col: ACC=0.9920  NMI=0.9790  ARI=0.9803  2.4s
  TKSS: ACC=0.9558  NMI=0.9102  ARI=0.8955  0.5s
  BDOSC: ACC=0.5944  NMI=0.6764  ARI=0.4992  5.3s

=== P1L_S2_C2 train[1] k=5  dim=9216  frames=233  σ=0.75 ===
  OSC: ACC=0.9485  NMI=0.9235  ARI=0.8830  6.8s
  SSC-TV-L21: ACC=0.9657  NMI=0.9403  ARI=0.9180  2.5s
  SSC-TV-L21-col: ACC=0.9485  NMI=0.9235  ARI=0.8830  2.2s
  TKSS: ACC=0.9399  NMI=0.8698  ARI=0.8570  0.5s
  BDOSC: ACC=0.6438  NMI=0.6790  ARI=0.5029  5.0s

=== P1L_S2_C2 train[2] k=5  dim=9216  frames=218  σ=0.75 ===
  OSC: ACC=0.7890  NMI=0.7951  ARI=0.6783  5.0s
  SSC-TV-L21: ACC=1.0000  NMI=1.0000  ARI=1.0000  1.5s
  SSC-TV-L21-col: ACC=0.9954  NMI=0.9867  ARI=0.9906  1.3s
  TKSS: ACC=0.7890  NMI=0.7123  ARI=0.5930  0.3s
  BDOSC: ACC=0.6376  NMI=0.6825  ARI=0.5418  4.2s

=== P1L_S2_C2 train[3] k=5  dim=9216  frames=242  σ=0.75 ===
  OSC: ACC=0.7727  NMI=0.8793  ARI=0.7696  6.2s
  SSC-TV-L21: ACC=0.9215  NMI=0.9110  ARI=0.8649  2.2s
  SSC-TV-L21-col: ACC=0.9959  NMI=0.9876  ARI=0.9902  2.0s
  TKSS: ACC=0.9339  NMI=0.8701  ARI=0.8491  0.5s
  BDOSC: ACC=0.5868  NMI=0.6556  ARI=0.4923  5.0s

=== P1L_S2_C3 train[0] k=5  dim=9216  frames=177  σ=0.75 ===
  OSC: ACC=0.8475  NMI=0.8561  ARI=0.6903  3.9s
  SSC-TV-L21: ACC=1.0000  NMI=1.0000  ARI=1.0000  1.2s
  SSC-TV-L21-col: ACC=0.8757  NMI=0.8658  ARI=0.7205  1.1s
  TKSS: ACC=0.8023  NMI=0.7376  ARI=0.6313  0.2s
  BDOSC: ACC=0.4633  NMI=0.5885  ARI=0.3252  2.7s

=== P1L_S2_C3 train[1] k=5  dim=9216  frames=151  σ=0.75 ===
  OSC: ACC=0.9868  NMI=0.9707  ARI=0.9734  3.3s
  SSC-TV-L21: ACC=0.9934  NMI=0.9825  ARI=0.9864  1.0s
  SSC-TV-L21-col: ACC=1.0000  NMI=1.0000  ARI=1.0000  0.9s
  TKSS: ACC=0.8146  NMI=0.7540  ARI=0.6516  0.2s
  BDOSC: ACC=0.6623  NMI=0.6446  ARI=0.4594  2.1s

=== P1L_S2_C3 train[2] k=5  dim=9216  frames=175  σ=0.75 ===
  OSC: ACC=0.8743  NMI=0.8720  ARI=0.7370  4.2s
  SSC-TV-L21: ACC=0.8743  NMI=0.8720  ARI=0.7370  1.3s
  SSC-TV-L21-col: ACC=0.8743  NMI=0.8720  ARI=0.7370  1.2s
  TKSS: ACC=0.8857  NMI=0.8098  ARI=0.7454  0.2s
  BDOSC: ACC=0.7143  NMI=0.6512  ARI=0.4549  2.9s

=== P1L_S2_C3 train[3] k=5  dim=9216  frames=171  σ=0.75 ===
  OSC: ACC=0.6608  NMI=0.7716  ARI=0.5939  3.9s
  SSC-TV-L21: ACC=0.9357  NMI=0.9002  ARI=0.8506  1.2s
  SSC-TV-L21-col: ACC=0.9240  NMI=0.8915  ARI=0.8296  1.2s
  TKSS: ACC=0.9123  NMI=0.8314  ARI=0.8013  0.2s
  BDOSC: ACC=0.5789  NMI=0.6144  ARI=0.3970  2.8s

=== P1L_S3_C1 train[0] k=5  dim=9216  frames=200  σ=0.75 ===
  OSC: ACC=0.7850  NMI=0.7480  ARI=0.5992  4.7s
  SSC-TV-L21: ACC=0.9850  NMI=0.9680  ARI=0.9721  1.5s
  SSC-TV-L21-col: ACC=0.9900  NMI=0.9746  ARI=0.9751  1.3s
  TKSS: ACC=0.7950  NMI=0.7221  ARI=0.6063  0.3s
  BDOSC: ACC=0.5950  NMI=0.6250  ARI=0.4224  3.4s

=== P1L_S3_C1 train[1] k=5  dim=9216  frames=208  σ=0.75 ===
  OSC: ACC=1.0000  NMI=1.0000  ARI=1.0000  4.8s
  SSC-TV-L21: ACC=1.0000  NMI=1.0000  ARI=1.0000  1.6s
  SSC-TV-L21-col: ACC=1.0000  NMI=1.0000  ARI=1.0000  1.4s
  TKSS: ACC=0.9038  NMI=0.8370  ARI=0.7873  0.3s
  BDOSC: ACC=0.6971  NMI=0.6674  ARI=0.5144  3.8s

=== P1L_S3_C1 train[2] k=5  dim=9216  frames=214  σ=0.75 ===
  OSC: ACC=0.7757  NMI=0.7722  ARI=0.6302  5.8s
  SSC-TV-L21: ACC=0.9252  NMI=0.8896  ARI=0.8542  1.9s
  SSC-TV-L21-col: ACC=0.9299  NMI=0.9035  ARI=0.8657  1.7s
  TKSS: ACC=0.8598  NMI=0.7715  ARI=0.7056  0.3s
  BDOSC: ACC=0.7103  NMI=0.7155  ARI=0.5871  4.2s

=== P1L_S3_C1 train[3] k=5  dim=9216  frames=195  σ=0.75 ===
  OSC: ACC=0.9385  NMI=0.9128  ARI=0.8561  5.2s
  SSC-TV-L21: ACC=0.9333  NMI=0.9088  ARI=0.8464  1.6s
  SSC-TV-L21-col: ACC=0.9333  NMI=0.9088  ARI=0.8464  1.4s
  TKSS: ACC=0.9179  NMI=0.8370  ARI=0.8028  0.3s
  BDOSC: ACC=0.6872  NMI=0.7302  ARI=0.5776  3.7s

=== P1L_S3_C2 train[0] k=5  dim=9216  frames=261  σ=0.75 ===
  OSC: ACC=0.9310  NMI=0.8989  ARI=0.8422  7.7s
  SSC-TV-L21: ACC=0.9923  NMI=0.9764  ARI=0.9809  2.8s
  SSC-TV-L21-col: ACC=0.9310  NMI=0.8989  ARI=0.8422  2.6s
  TKSS: ACC=0.8966  NMI=0.8197  ARI=0.7760  0.5s
  BDOSC: ACC=0.6973  NMI=0.6824  ARI=0.5571  6.2s

=== P1L_S3_C2 train[1] k=5  dim=9216  frames=206  σ=0.75 ===
  OSC: ACC=1.0000  NMI=1.0000  ARI=1.0000  5.6s
  SSC-TV-L21: ACC=0.9272  NMI=0.9111  ARI=0.8608  1.7s
  SSC-TV-L21-col: ACC=1.0000  NMI=1.0000  ARI=1.0000  1.5s
  TKSS: ACC=0.9272  NMI=0.8488  ARI=0.8281  0.3s
  BDOSC: ACC=0.6505  NMI=0.6935  ARI=0.5505  3.9s

=== P1L_S3_C2 train[2] k=5  dim=9216  frames=275  σ=0.75 ===
  OSC: ACC=0.5309  NMI=0.6458  ARI=0.4510  8.4s
  SSC-TV-L21: ACC=0.6909  NMI=0.7168  ARI=0.5556  3.1s
  SSC-TV-L21-col: ACC=0.6836  NMI=0.7141  ARI=0.5506  2.9s
  TKSS: ACC=0.9418  NMI=0.8860  ARI=0.8666  0.5s
  BDOSC: ACC=0.7091  NMI=0.7176  ARI=0.5938  6.5s

=== P1L_S3_C2 train[3] k=5  dim=9216  frames=231  σ=0.75 ===
  OSC: ACC=0.6450  NMI=0.7604  ARI=0.5754  6.5s
  SSC-TV-L21: ACC=0.9004  NMI=0.8906  ARI=0.8361  2.5s
  SSC-TV-L21-col: ACC=0.9394  NMI=0.9116  ARI=0.8845  2.3s
  TKSS: ACC=0.8874  NMI=0.8183  ARI=0.7661  0.4s
  BDOSC: ACC=0.7273  NMI=0.7093  ARI=0.5928  4.8s

=== P1L_S3_C3 train[0] k=5  dim=9216  frames=180  σ=0.75 ===
  OSC: ACC=1.0000  NMI=1.0000  ARI=1.0000  3.9s
  SSC-TV-L21: ACC=1.0000  NMI=1.0000  ARI=1.0000  1.1s
  SSC-TV-L21-col: ACC=1.0000  NMI=1.0000  ARI=1.0000  1.0s
  TKSS: ACC=0.9389  NMI=0.8767  ARI=0.8549  0.2s
  BDOSC: ACC=0.6056  NMI=0.6059  ARI=0.3732  2.8s

=== P1L_S3_C3 train[1] k=5  dim=9216  frames=209  σ=0.75 ===
  OSC: ACC=0.9952  NMI=0.9856  ARI=0.9872  5.4s
  SSC-TV-L21: ACC=0.9952  NMI=0.9856  ARI=0.9872  1.7s
  SSC-TV-L21-col: ACC=0.9952  NMI=0.9856  ARI=0.9872  1.5s
  TKSS: ACC=0.8947  NMI=0.8127  ARI=0.7656  0.3s
  BDOSC: ACC=0.6603  NMI=0.6656  ARI=0.4889  3.9s

=== P1L_S3_C3 train[2] k=5  dim=9216  frames=191  σ=0.75 ===
  OSC: ACC=0.9162  NMI=0.8658  ARI=0.7997  4.6s
  SSC-TV-L21: ACC=0.9372  NMI=0.8992  ARI=0.8435  1.4s
  SSC-TV-L21-col: ACC=0.9267  NMI=0.8801  ARI=0.8208  1.3s
  TKSS: ACC=0.8010  NMI=0.7265  ARI=0.6186  0.3s
  BDOSC: ACC=0.6283  NMI=0.7247  ARI=0.5629  3.4s

=== P1L_S3_C3 train[3] k=5  dim=9216  frames=203  σ=0.75 ===
  OSC: ACC=0.8128  NMI=0.7633  ARI=0.6202  4.7s
  SSC-TV-L21: ACC=0.9015  NMI=0.8486  ARI=0.7796  1.4s
  SSC-TV-L21-col: ACC=0.8473  NMI=0.8047  ARI=0.6789  1.2s
  TKSS: ACC=0.8325  NMI=0.7667  ARI=0.6837  0.3s
  BDOSC: ACC=0.7340  NMI=0.6925  ARI=0.5334  3.5s

=== P1L_S4_C1 train[0] k=5  dim=9216  frames=223  σ=0.75 ===
  OSC: ACC=0.7758  NMI=0.7704  ARI=0.6020  5.9s
  SSC-TV-L21: ACC=0.6278  NMI=0.7278  ARI=0.4733  1.9s
  SSC-TV-L21-col: ACC=0.6368  NMI=0.7310  ARI=0.4812  1.7s
  TKSS: ACC=0.8700  NMI=0.8005  ARI=0.7257  0.4s
  BDOSC: ACC=0.5874  NMI=0.6390  ARI=0.3821  4.5s

=== P1L_S4_C1 train[1] k=5  dim=9216  frames=221  σ=0.75 ===
  OSC: ACC=1.0000  NMI=1.0000  ARI=1.0000  6.0s
  SSC-TV-L21: ACC=1.0000  NMI=1.0000  ARI=1.0000  1.9s
  SSC-TV-L21-col: ACC=1.0000  NMI=1.0000  ARI=1.0000  1.7s
  TKSS: ACC=0.8869  NMI=0.8078  ARI=0.7518  0.4s
  BDOSC: ACC=0.6063  NMI=0.6404  ARI=0.4525  4.5s

=== P1L_S4_C1 train[2] k=5  dim=9216  frames=218  σ=0.75 ===
  OSC: ACC=0.6697  NMI=0.7408  ARI=0.5293  5.9s
  SSC-TV-L21: ACC=0.7569  NMI=0.7547  ARI=0.6500  1.9s
  SSC-TV-L21-col: ACC=0.7615  NMI=0.7576  ARI=0.6549  1.7s
  TKSS: ACC=0.8440  NMI=0.7657  ARI=0.6840  0.3s
  BDOSC: ACC=0.7156  NMI=0.7134  ARI=0.5885  4.4s

=== P1L_S4_C1 train[3] k=5  dim=9216  frames=227  σ=0.75 ===
  OSC: ACC=0.8502  NMI=0.8657  ARI=0.7601  6.6s
  SSC-TV-L21: ACC=0.8767  NMI=0.8716  ARI=0.7787  2.4s
  SSC-TV-L21-col: ACC=0.8678  NMI=0.8691  ARI=0.7713  2.2s
  TKSS: ACC=0.9119  NMI=0.8445  ARI=0.7998  0.4s
  BDOSC: ACC=0.6520  NMI=0.6619  ARI=0.5233  4.6s

=== P1L_S4_C2 train[0] k=5  dim=9216  frames=209  σ=0.75 ===
  OSC: ACC=0.8565  NMI=0.8453  ARI=0.7569  5.4s
  SSC-TV-L21: ACC=0.9904  NMI=0.9718  ARI=0.9771  1.8s
  SSC-TV-L21-col: ACC=0.8756  NMI=0.8390  ARI=0.7664  1.6s
  TKSS: ACC=0.8373  NMI=0.7502  ARI=0.6624  0.3s
  BDOSC: ACC=0.6507  NMI=0.7014  ARI=0.5131  3.9s

=== P1L_S4_C2 train[1] k=5  dim=9216  frames=202  σ=0.75 ===
  OSC: ACC=0.8564  NMI=0.8676  ARI=0.7254  5.1s
  SSC-TV-L21: ACC=0.9208  NMI=0.8975  ARI=0.8131  1.7s
  SSC-TV-L21-col: ACC=0.9208  NMI=0.8975  ARI=0.8131  1.5s
  TKSS: ACC=0.8168  NMI=0.7467  ARI=0.6433  0.3s
  BDOSC: ACC=0.5743  NMI=0.6501  ARI=0.4608  3.6s

=== P1L_S4_C2 train[2] k=5  dim=9216  frames=219  σ=0.75 ===
  OSC: ACC=0.8813  NMI=0.8357  ARI=0.7368  5.7s
  SSC-TV-L21: ACC=0.9406  NMI=0.9106  ARI=0.8512  1.9s
  SSC-TV-L21-col: ACC=0.9361  NMI=0.9067  ARI=0.8419  1.7s
  TKSS: ACC=0.8813  NMI=0.8002  ARI=0.7411  0.3s
  BDOSC: ACC=0.5616  NMI=0.6654  ARI=0.4911  4.4s

=== P1L_S4_C2 train[3] k=5  dim=9216  frames=238  σ=0.75 ===
  OSC: ACC=0.8655  NMI=0.8569  ARI=0.7472  6.7s
  SSC-TV-L21: ACC=0.9328  NMI=0.8941  ARI=0.8485  2.6s
  SSC-TV-L21-col: ACC=0.9328  NMI=0.8941  ARI=0.8485  2.4s
  TKSS: ACC=0.8782  NMI=0.7883  ARI=0.7284  0.5s
  BDOSC: ACC=0.6218  NMI=0.6789  ARI=0.4870  5.1s

=== P1L_S4_C3 train[0] k=5  dim=9216  frames=172  σ=0.75 ===
  OSC: ACC=0.8953  NMI=0.8872  ARI=0.7899  4.2s
  SSC-TV-L21: ACC=0.9244  NMI=0.9031  ARI=0.8329  1.2s
  SSC-TV-L21-col: ACC=0.9244  NMI=0.9031  ARI=0.8329  1.1s
  TKSS: ACC=0.8953  NMI=0.8117  ARI=0.7623  0.2s
  BDOSC: ACC=0.5988  NMI=0.6474  ARI=0.4405  2.8s

=== P1L_S4_C3 train[1] k=5  dim=9216  frames=158  σ=0.75 ===
  OSC: ACC=1.0000  NMI=1.0000  ARI=1.0000  3.7s
  SSC-TV-L21: ACC=1.0000  NMI=1.0000  ARI=1.0000  1.1s
  SSC-TV-L21-col: ACC=1.0000  NMI=1.0000  ARI=1.0000  1.0s
  TKSS: ACC=0.7658  NMI=0.7375  ARI=0.6216  0.2s
  BDOSC: ACC=0.6139  NMI=0.6744  ARI=0.4940  2.4s

=== P1L_S4_C3 train[2] k=5  dim=9216  frames=163  σ=0.75 ===
  OSC: ACC=0.8650  NMI=0.8422  ARI=0.7455  3.9s
  SSC-TV-L21: ACC=0.9018  NMI=0.8611  ARI=0.7946  1.2s
  SSC-TV-L21-col: ACC=0.8834  NMI=0.8505  ARI=0.7675  1.0s
  TKSS: ACC=0.8834  NMI=0.8035  ARI=0.7431  0.2s
  BDOSC: ACC=0.6380  NMI=0.6898  ARI=0.5432  2.6s

=== P1L_S4_C3 train[3] k=5  dim=9216  frames=164  σ=0.75 ===
  OSC: ACC=0.6951  NMI=0.8258  ARI=0.6781  3.9s
  SSC-TV-L21: ACC=0.9329  NMI=0.8878  ARI=0.8451  1.1s
  SSC-TV-L21-col: ACC=0.9085  NMI=0.8696  ARI=0.8037  1.0s
  TKSS: ACC=0.9756  NMI=0.9374  ARI=0.9398  0.2s
  BDOSC: ACC=0.5427  NMI=0.6034  ARI=0.3703  2.5s

=== P1E_S1_C1 test[0] k=5  dim=9216  frames=252  σ=0.75 ===
  OSC: ACC=0.8651  NMI=0.8783  ARI=0.7609  7.2s
  SSC-TV-L21: ACC=0.9921  NMI=0.9788  ARI=0.9789  2.7s
  SSC-TV-L21-col: ACC=1.0000  NMI=1.0000  ARI=1.0000  2.5s
  TKSS: ACC=0.9405  NMI=0.8754  ARI=0.8593  0.5s
  BDOSC: ACC=0.5833  NMI=0.6588  ARI=0.4881  5.3s

=== P1E_S1_C2 test[0] k=5  dim=9216  frames=186  σ=0.75 ===
  OSC: ACC=0.9785  NMI=0.9485  ARI=0.9464  4.6s
  SSC-TV-L21: ACC=0.9247  NMI=0.8621  ARI=0.8225  1.4s
  SSC-TV-L21-col: ACC=0.8978  NMI=0.8404  ARI=0.7731  1.2s
  TKSS: ACC=0.8387  NMI=0.7527  ARI=0.6638  0.3s
  BDOSC: ACC=0.6559  NMI=0.6585  ARI=0.4940  3.0s

=== P1E_S1_C3 test[0] k=5  dim=9216  frames=107  σ=0.75 ===
  OSC: ACC=0.9252  NMI=0.8566  ARI=0.8184  2.0s
  SSC-TV-L21: ACC=0.9346  NMI=0.8697  ARI=0.8418  0.6s
  SSC-TV-L21-col: ACC=0.9252  NMI=0.8566  ARI=0.8184  0.5s
  TKSS: ACC=0.8692  NMI=0.7884  ARI=0.7199  0.1s
  BDOSC: ACC=0.5701  NMI=0.6156  ARI=0.4064  1.2s

=== P1E_S2_C1 test[0] k=5  dim=9216  frames=200  σ=0.75 ===
  OSC: ACC=0.8950  NMI=0.8467  ARI=0.7695  4.9s
  SSC-TV-L21: ACC=0.8950  NMI=0.8461  ARI=0.7687  1.7s
  SSC-TV-L21-col: ACC=0.8750  NMI=0.8303  ARI=0.7340  1.5s
  TKSS: ACC=0.9400  NMI=0.8855  ARI=0.8600  0.3s
  BDOSC: ACC=0.6650  NMI=0.6500  ARI=0.4591  3.5s

=== P1E_S2_C2 test[0] k=5  dim=9216  frames=204  σ=0.75 ===
  OSC: ACC=0.9167  NMI=0.8730  ARI=0.8173  5.0s
  SSC-TV-L21: ACC=0.9706  NMI=0.9334  ARI=0.9270  1.7s
  SSC-TV-L21-col: ACC=0.9461  NMI=0.8995  ARI=0.8720  1.4s
  TKSS: ACC=0.9069  NMI=0.8239  ARI=0.7875  0.3s
  BDOSC: ACC=0.4510  NMI=0.6168  ARI=0.3418  3.7s

=== P1E_S2_C3 test[0] k=5  dim=9216  frames=157  σ=0.75 ===
  OSC: ACC=0.9809  NMI=0.9524  ARI=0.9530  3.4s
  SSC-TV-L21: ACC=0.9809  NMI=0.9524  ARI=0.9530  1.0s
  SSC-TV-L21-col: ACC=0.9809  NMI=0.9524  ARI=0.9530  0.9s
  TKSS: ACC=0.9363  NMI=0.8758  ARI=0.8539  0.2s
  BDOSC: ACC=0.6369  NMI=0.6070  ARI=0.3838  2.3s

=== P1E_S3_C1 test[0] k=5  dim=9216  frames=219  σ=0.75 ===
  OSC: ACC=0.8447  NMI=0.8179  ARI=0.7217  5.7s
  SSC-TV-L21: ACC=0.8721  NMI=0.8333  ARI=0.7540  1.9s
  SSC-TV-L21-col: ACC=0.8950  NMI=0.8516  ARI=0.7897  1.8s
  TKSS: ACC=0.8493  NMI=0.7852  ARI=0.6992  0.3s
  BDOSC: ACC=0.7169  NMI=0.7087  ARI=0.5879  4.4s

=== P1E_S3_C2 test[0] k=5  dim=9216  frames=182  σ=0.75 ===
  OSC: ACC=0.9286  NMI=0.8821  ARI=0.8332  4.5s
  SSC-TV-L21: ACC=0.9286  NMI=0.8859  ARI=0.8539  1.3s
  SSC-TV-L21-col: ACC=0.9396  NMI=0.9020  ARI=0.8550  1.2s
  TKSS: ACC=0.8516  NMI=0.7838  ARI=0.7069  0.3s
  BDOSC: ACC=0.6264  NMI=0.6712  ARI=0.4803  3.1s

=== P1E_S3_C3 test[0] k=5  dim=9216  frames=154  σ=0.75 ===
  OSC: ACC=0.9935  NMI=0.9826  ARI=0.9863  3.5s
  SSC-TV-L21: ACC=1.0000  NMI=1.0000  ARI=1.0000  1.0s
  SSC-TV-L21-col: ACC=0.9935  NMI=0.9826  ARI=0.9863  0.9s
  TKSS: ACC=0.8636  NMI=0.7963  ARI=0.7221  0.2s
  BDOSC: ACC=0.6364  NMI=0.6620  ARI=0.4657  2.3s

=== P1E_S4_C1 test[0] k=5  dim=9216  frames=192  σ=0.75 ===
  OSC: ACC=0.8542  NMI=0.8142  ARI=0.7325  4.7s
  SSC-TV-L21: ACC=0.8333  NMI=0.7825  ARI=0.6871  1.4s
  SSC-TV-L21-col: ACC=0.8333  NMI=0.7825  ARI=0.6871  1.3s
  TKSS: ACC=0.9531  NMI=0.8991  ARI=0.8867  0.6s
  BDOSC: ACC=0.6302  NMI=0.7027  ARI=0.5418  3.4s

=== P1E_S4_C2 test[0] k=5  dim=9216  frames=193  σ=0.75 ===
  OSC: ACC=0.8912  NMI=0.8624  ARI=0.7877  4.8s
  SSC-TV-L21: ACC=0.9171  NMI=0.8826  ARI=0.8269  1.5s
  SSC-TV-L21-col: ACC=0.9016  NMI=0.8736  ARI=0.8044  1.3s
  TKSS: ACC=0.8756  NMI=0.7979  ARI=0.7341  0.3s
  BDOSC: ACC=0.7150  NMI=0.7705  ARI=0.6426  3.3s

=== P1E_S4_C3 test[0] k=5  dim=9216  frames=147  σ=0.75 ===
  OSC: ACC=0.6871  NMI=0.7532  ARI=0.5676  3.3s
  SSC-TV-L21: ACC=0.9592  NMI=0.9302  ARI=0.8919  0.9s
  SSC-TV-L21-col: ACC=0.6871  NMI=0.7546  ARI=0.5993  0.9s
  TKSS: ACC=0.8367  NMI=0.7848  ARI=0.6890  0.2s
  BDOSC: ACC=0.7347  NMI=0.6978  ARI=0.5739  2.1s

=== P1L_S1_C1 test[0] k=5  dim=9216  frames=211  σ=0.75 ===
  OSC: ACC=0.8578  NMI=0.8776  ARI=0.7717  5.7s
  SSC-TV-L21: ACC=0.9953  NMI=0.9857  ARI=0.9880  1.8s
  SSC-TV-L21-col: ACC=0.8531  NMI=0.8621  ARI=0.7561  1.6s
  TKSS: ACC=0.7867  NMI=0.7155  ARI=0.5952  0.3s
  BDOSC: ACC=0.7441  NMI=0.6940  ARI=0.5957  4.1s

=== P1L_S1_C2 test[0] k=5  dim=9216  frames=231  σ=0.75 ===
  OSC: ACC=0.9177  NMI=0.8917  ARI=0.8276  6.7s
  SSC-TV-L21: ACC=0.9740  NMI=0.9503  ARI=0.9359  2.5s
  SSC-TV-L21-col: ACC=0.9221  NMI=0.9043  ARI=0.8362  2.2s
  TKSS: ACC=0.9740  NMI=0.9349  ARI=0.9369  0.4s
  BDOSC: ACC=0.5238  NMI=0.6442  ARI=0.3842  4.9s

=== P1L_S1_C3 test[0] k=5  dim=9216  frames=124  σ=0.75 ===
  OSC: ACC=0.9919  NMI=0.9784  ARI=0.9780  2.3s
  SSC-TV-L21: ACC=0.9919  NMI=0.9784  ARI=0.9780  0.6s
  SSC-TV-L21-col: ACC=0.9919  NMI=0.9784  ARI=0.9780  0.6s
  TKSS: ACC=0.9032  NMI=0.8306  ARI=0.7859  0.1s
  BDOSC: ACC=0.6613  NMI=0.6367  ARI=0.4331  1.4s

=== P1L_S2_C1 test[0] k=5  dim=9216  frames=234  σ=0.75 ===
  OSC: ACC=0.9658  NMI=0.9456  ARI=0.9405  6.3s
  SSC-TV-L21: ACC=0.9573  NMI=0.9380  ARI=0.9280  2.4s
  SSC-TV-L21-col: ACC=0.9615  NMI=0.9416  ARI=0.9341  2.1s
  TKSS: ACC=0.8632  NMI=0.8048  ARI=0.7357  0.4s
  BDOSC: ACC=0.6325  NMI=0.6947  ARI=0.5406  4.8s

=== P1L_S2_C2 test[0] k=5  dim=9216  frames=195  σ=0.75 ===
  OSC: ACC=0.9692  NMI=0.9451  ARI=0.9296  4.5s
  SSC-TV-L21: ACC=0.9744  NMI=0.9513  ARI=0.9405  1.4s
  SSC-TV-L21-col: ACC=0.9744  NMI=0.9513  ARI=0.9405  1.2s
  TKSS: ACC=0.9231  NMI=0.8647  ARI=0.8247  0.3s
  BDOSC: ACC=0.5026  NMI=0.6156  ARI=0.3630  3.3s

=== P1L_S2_C3 test[0] k=5  dim=9216  frames=169  σ=0.75 ===
  OSC: ACC=0.9882  NMI=0.9722  ARI=0.9725  3.8s
  SSC-TV-L21: ACC=0.9882  NMI=0.9722  ARI=0.9725  1.1s
  SSC-TV-L21-col: ACC=0.9882  NMI=0.9722  ARI=0.9725  1.0s
  TKSS: ACC=0.9290  NMI=0.8513  ARI=0.8321  0.2s
  BDOSC: ACC=0.7456  NMI=0.7080  ARI=0.5537  2.6s

=== P1L_S3_C1 test[0] k=5  dim=9216  frames=240  σ=0.75 ===
  OSC: ACC=0.9917  NMI=0.9781  ARI=0.9788  6.7s
  SSC-TV-L21: ACC=0.9833  NMI=0.9636  ARI=0.9589  2.6s
  SSC-TV-L21-col: ACC=1.0000  NMI=1.0000  ARI=1.0000  2.4s
  TKSS: ACC=0.9250  NMI=0.8536  ARI=0.8278  0.5s
  BDOSC: ACC=0.6542  NMI=0.6278  ARI=0.4219  5.2s

=== P1L_S3_C2 test[0] k=5  dim=9216  frames=241  σ=0.75 ===
  OSC: ACC=0.9087  NMI=0.8978  ARI=0.8304  7.0s
  SSC-TV-L21: ACC=0.9959  NMI=0.9877  ARI=0.9910  2.7s
  SSC-TV-L21-col: ACC=0.9959  NMI=0.9877  ARI=0.9910  2.4s
  TKSS: ACC=0.9087  NMI=0.8349  ARI=0.7979  0.5s
  BDOSC: ACC=0.7095  NMI=0.7326  ARI=0.5886  5.5s

=== P1L_S3_C3 test[0] k=5  dim=9216  frames=197  σ=0.75 ===
  OSC: ACC=0.8832  NMI=0.8706  ARI=0.7796  4.6s
  SSC-TV-L21: ACC=0.8883  NMI=0.8851  ARI=0.7896  1.4s
  SSC-TV-L21-col: ACC=0.8883  NMI=0.8851  ARI=0.7896  1.2s
  TKSS: ACC=0.8579  NMI=0.7791  ARI=0.7042  0.3s
  BDOSC: ACC=0.6701  NMI=0.6573  ARI=0.4892  3.5s

=== P1L_S4_C1 test[0] k=5  dim=9216  frames=211  σ=0.75 ===
  OSC: ACC=0.9953  NMI=0.9864  ARI=0.9899  5.8s
  SSC-TV-L21: ACC=0.9953  NMI=0.9864  ARI=0.9899  1.8s
  SSC-TV-L21-col: ACC=0.9953  NMI=0.9864  ARI=0.9899  1.6s
  TKSS: ACC=0.8483  NMI=0.7743  ARI=0.6981  0.3s
  BDOSC: ACC=0.6351  NMI=0.6366  ARI=0.4336  4.2s

=== P1L_S4_C2 test[0] k=5  dim=9216  frames=263  σ=0.75 ===
  OSC: ACC=0.6388  NMI=0.7309  ARI=0.5135  7.9s
  SSC-TV-L21: ACC=0.9886  NMI=0.9676  ARI=0.9702  2.9s
  SSC-TV-L21-col: ACC=0.9886  NMI=0.9676  ARI=0.9702  2.6s
  TKSS: ACC=0.8783  NMI=0.7898  ARI=0.7338  0.5s
  BDOSC: ACC=0.5703  NMI=0.6545  ARI=0.4809  6.2s

=== P1L_S4_C3 test[0] k=5  dim=9216  frames=185  σ=0.75 ===
  OSC: ACC=0.9892  NMI=0.9741  ARI=0.9749  4.5s
  SSC-TV-L21: ACC=0.9946  NMI=0.9847  ARI=0.9873  1.4s
  SSC-TV-L21-col: ACC=0.9892  NMI=0.9741  ARI=0.9749  1.3s
  TKSS: ACC=0.9243  NMI=0.8454  ARI=0.8247  0.2s
  BDOSC: ACC=0.6541  NMI=0.6307  ARI=0.4326  3.2s

=== mean over matrices ===
  OSC train σ=0.0: ACC=0.8197  NMI=0.8587  ARI=0.7527  n=96
  SSC-TV-L21 train σ=0.0: ACC=0.8531  NMI=0.8755  ARI=0.7906  n=96
  SSC-TV-L21-col train σ=0.0: ACC=0.8300  NMI=0.8508  ARI=0.7516  n=96
  TKSS train σ=0.0: ACC=0.8630  NMI=0.7924  ARI=0.7240  n=96
  BDOSC train σ=0.0: ACC=0.8352  NMI=0.8289  ARI=0.7431  n=96
  OSC test σ=0.0: ACC=0.9015  NMI=0.9007  ARI=0.8381  n=24
  SSC-TV-L21 test σ=0.0: ACC=0.9186  NMI=0.9225  ARI=0.8790  n=24
  SSC-TV-L21-col test σ=0.0: ACC=0.8996  NMI=0.9050  ARI=0.8491  n=24
  TKSS test σ=0.0: ACC=0.8893  NMI=0.8189  ARI=0.7663  n=24
  BDOSC test σ=0.0: ACC=0.8178  NMI=0.8170  ARI=0.7199  n=24
  OSC train σ=0.25: ACC=0.8270  NMI=0.8588  ARI=0.7576  n=96
  SSC-TV-L21 train σ=0.25: ACC=0.8856  NMI=0.8912  ARI=0.8218  n=96
  SSC-TV-L21-col train σ=0.25: ACC=0.8736  NMI=0.8943  ARI=0.8188  n=96
  TKSS train σ=0.25: ACC=0.8641  NMI=0.7964  ARI=0.7274  n=96
  BDOSC train σ=0.25: ACC=0.8452  NMI=0.8012  ARI=0.7211  n=96
  OSC test σ=0.25: ACC=0.9027  NMI=0.9011  ARI=0.8400  n=24
  SSC-TV-L21 test σ=0.25: ACC=0.9310  NMI=0.9252  ARI=0.8850  n=24
  SSC-TV-L21-col test σ=0.25: ACC=0.9463  NMI=0.9385  ARI=0.9065  n=24
  TKSS test σ=0.25: ACC=0.8922  NMI=0.8239  ARI=0.7723  n=24
  BDOSC test σ=0.25: ACC=0.8226  NMI=0.7868  ARI=0.7005  n=24
  OSC train σ=0.5: ACC=0.8216  NMI=0.8507  ARI=0.7464  n=96
  SSC-TV-L21 train σ=0.5: ACC=0.8957  NMI=0.8902  ARI=0.8255  n=96
  SSC-TV-L21-col train σ=0.5: ACC=0.8843  NMI=0.8896  ARI=0.8173  n=96
  TKSS train σ=0.5: ACC=0.8642  NMI=0.7961  ARI=0.7275  n=96
  BDOSC train σ=0.5: ACC=0.7122  NMI=0.7067  ARI=0.5612  n=96
  OSC test σ=0.5: ACC=0.9155  NMI=0.9079  ARI=0.8546  n=24
  SSC-TV-L21 test σ=0.5: ACC=0.9492  NMI=0.9329  ARI=0.9029  n=24
  SSC-TV-L21-col test σ=0.5: ACC=0.9561  NMI=0.9412  ARI=0.9161  n=24
  TKSS test σ=0.5: ACC=0.8919  NMI=0.8241  ARI=0.7721  n=24
  BDOSC test σ=0.5: ACC=0.6806  NMI=0.6933  ARI=0.5296  n=24
  OSC train σ=0.75: ACC=0.8108  NMI=0.8366  ARI=0.7298  n=96
  SSC-TV-L21 train σ=0.75: ACC=0.8937  NMI=0.8879  ARI=0.8253  n=96
  SSC-TV-L21-col train σ=0.75: ACC=0.8800  NMI=0.8791  ARI=0.8050  n=96
  TKSS train σ=0.75: ACC=0.8635  NMI=0.7947  ARI=0.7261  n=96
  BDOSC train σ=0.75: ACC=0.6608  NMI=0.6771  ARI=0.5076  n=96
  OSC test σ=0.75: ACC=0.9108  NMI=0.8965  ARI=0.8409  n=24
  SSC-TV-L21 test σ=0.75: ACC=0.9556  NMI=0.9295  ARI=0.9056  n=24
  SSC-TV-L21-col test σ=0.75: ACC=0.9343  NMI=0.9140  ARI=0.8752  n=24
  TKSS test σ=0.75: ACC=0.8910  NMI=0.8220  ARI=0.7700  n=24
  BDOSC test σ=0.75: ACC=0.6385  NMI=0.6647  ARI=0.4826  n=24

wrote /nfs/turbo/umms-minjilab/lpullela/icassp_ssc_tv2/surveillance_dataset/split_k5_sigmas_min30_trials10.csv
wrote /nfs/turbo/umms-minjilab/lpullela/icassp_ssc_tv2/surveillance_dataset/split_k5_sigmas_min30_trials10_params.json
end=Wed Sep  2 07:52:28 EDT 2026
