host=gl3163.arc-ts.umich.edu  python=/home/lpullela/miniconda3/envs/ssc_559/bin/python  start=Tue Sep  1 23:34:48 EDT 2026
=== Ballet Clustering Experiment ===
k=5  n_test=15  n_train_combos=24  n_test_combos=18  n_trials=100  pca_dim=256  n_frames ~ Unif[10, 60]  seed=0
hetero_noise=False  sigmas=(0.0, 0.25, 0.5, 0.75)  append=False  no_tune=False  csv=ballet_cluster_sigmas_results.csv
sequences=44  train_pool=29  test_pool=15  train_combos=24  test_combos=18
train pool: ['seq_000003', 'seq_000035', 'seq_000005', 'seq_000019', 'seq_000024', 'seq_000033', 'seq_000012', 'seq_000002', 'seq_000023', 'seq_000020', 'seq_000022', 'seq_000028', 'seq_000042', 'seq_000011', 'seq_000004', 'seq_000039', 'seq_000017', 'seq_000031', 'seq_000021', 'seq_000029', 'seq_000009', 'seq_000036', 'seq_000043', 'seq_000018', 'seq_000001', 'seq_000025', 'seq_000026', 'seq_000041', 'seq_000027']
test  pool: ['seq_000040', 'seq_000010', 'seq_000007', 'seq_000037', 'seq_000038', 'seq_000014', 'seq_000013', 'seq_000008', 'seq_000044', 'seq_000006', 'seq_000015', 'seq_000030', 'seq_000034', 'seq_000016', 'seq_000032']
train 0 k=5  sequences=['seq_000002', 'seq_000011', 'seq_000017', 'seq_000023', 'seq_000036']
train 1 k=5  sequences=['seq_000001', 'seq_000004', 'seq_000009', 'seq_000017', 'seq_000031']
train 2 k=5  sequences=['seq_000001', 'seq_000002', 'seq_000011', 'seq_000029', 'seq_000043']
train 3 k=5  sequences=['seq_000003', 'seq_000018', 'seq_000026', 'seq_000029', 'seq_000033']
train 4 k=5  sequences=['seq_000002', 'seq_000005', 'seq_000027', 'seq_000028', 'seq_000042']
train 5 k=5  sequences=['seq_000002', 'seq_000011', 'seq_000017', 'seq_000027', 'seq_000031']
train 6 k=5  sequences=['seq_000009', 'seq_000022', 'seq_000025', 'seq_000029', 'seq_000041']
train 7 k=5  sequences=['seq_000009', 'seq_000017', 'seq_000019', 'seq_000020', 'seq_000043']
train 8 k=5  sequences=['seq_000001', 'seq_000005', 'seq_000022', 'seq_000029', 'seq_000042']
train 9 k=5  sequences=['seq_000004', 'seq_000009', 'seq_000012', 'seq_000023', 'seq_000031']
train 10 k=5  sequences=['seq_000002', 'seq_000009', 'seq_000012', 'seq_000018', 'seq_000023']
train 11 k=5  sequences=['seq_000009', 'seq_000012', 'seq_000022', 'seq_000023', 'seq_000036']
train 12 k=5  sequences=['seq_000001', 'seq_000017', 'seq_000023', 'seq_000024', 'seq_000039']
train 13 k=5  sequences=['seq_000028', 'seq_000029', 'seq_000033', 'seq_000035', 'seq_000039']
train 14 k=5  sequences=['seq_000001', 'seq_000023', 'seq_000025', 'seq_000026', 'seq_000039']
train 15 k=5  sequences=['seq_000018', 'seq_000019', 'seq_000020', 'seq_000031', 'seq_000035']
train 16 k=5  sequences=['seq_000022', 'seq_000026', 'seq_000028', 'seq_000033', 'seq_000042']
train 17 k=5  sequences=['seq_000017', 'seq_000020', 'seq_000026', 'seq_000039', 'seq_000041']
train 18 k=5  sequences=['seq_000004', 'seq_000012', 'seq_000022', 'seq_000028', 'seq_000042']
train 19 k=5  sequences=['seq_000021', 'seq_000025', 'seq_000026', 'seq_000029', 'seq_000041']
train 20 k=5  sequences=['seq_000001', 'seq_000021', 'seq_000025', 'seq_000027', 'seq_000041']
train 21 k=5  sequences=['seq_000001', 'seq_000022', 'seq_000024', 'seq_000025', 'seq_000036']
train 22 k=5  sequences=['seq_000011', 'seq_000012', 'seq_000020', 'seq_000027', 'seq_000036']
train 23 k=5  sequences=['seq_000002', 'seq_000018', 'seq_000025', 'seq_000028', 'seq_000039']
test  0 k=5  sequences=['seq_000007', 'seq_000008', 'seq_000015', 'seq_000016', 'seq_000040']
test  1 k=5  sequences=['seq_000008', 'seq_000010', 'seq_000030', 'seq_000037', 'seq_000040']
test  2 k=5  sequences=['seq_000006', 'seq_000007', 'seq_000013', 'seq_000030', 'seq_000040']
test  3 k=5  sequences=['seq_000010', 'seq_000015', 'seq_000034', 'seq_000038', 'seq_000044']
test  4 k=5  sequences=['seq_000007', 'seq_000010', 'seq_000015', 'seq_000034', 'seq_000037']
test  5 k=5  sequences=['seq_000008', 'seq_000013', 'seq_000015', 'seq_000016', 'seq_000034']
test  6 k=5  sequences=['seq_000013', 'seq_000016', 'seq_000030', 'seq_000034', 'seq_000038']
test  7 k=5  sequences=['seq_000008', 'seq_000037', 'seq_000038', 'seq_000040', 'seq_000044']
test  8 k=5  sequences=['seq_000006', 'seq_000032', 'seq_000034', 'seq_000038', 'seq_000040']
test  9 k=5  sequences=['seq_000010', 'seq_000015', 'seq_000034', 'seq_000038', 'seq_000040']
test  10 k=5  sequences=['seq_000007', 'seq_000008', 'seq_000013', 'seq_000032', 'seq_000037']
test  11 k=5  sequences=['seq_000010', 'seq_000014', 'seq_000030', 'seq_000032', 'seq_000040']
test  12 k=5  sequences=['seq_000013', 'seq_000014', 'seq_000015', 'seq_000016', 'seq_000037']
test  13 k=5  sequences=['seq_000007', 'seq_000013', 'seq_000016', 'seq_000030', 'seq_000044']
test  14 k=5  sequences=['seq_000006', 'seq_000013', 'seq_000030', 'seq_000038', 'seq_000040']
test  15 k=5  sequences=['seq_000008', 'seq_000032', 'seq_000034', 'seq_000037', 'seq_000044']
test  16 k=5  sequences=['seq_000013', 'seq_000015', 'seq_000034', 'seq_000037', 'seq_000044']
test  17 k=5  sequences=['seq_000006', 'seq_000007', 'seq_000008', 'seq_000014', 'seq_000016']

Loading 44 sequences once (reused across combinations)
  seq_000001: frames=34  dim=90601
  seq_000002: frames=28  dim=90601
  seq_000003: frames=52  dim=90601
  seq_000004: frames=18  dim=90601
  seq_000005: frames=17  dim=90601
  seq_000006: frames=56  dim=90601
  seq_000007: frames=19  dim=90601
  seq_000008: frames=47  dim=90601
  seq_000009: frames=16  dim=90601
  seq_000010: frames=33  dim=90601
  seq_000011: frames=54  dim=90601
  seq_000012: frames=58  dim=90601
  seq_000013: frames=11  dim=90601
  seq_000014: frames=37  dim=90601
  seq_000015: frames=28  dim=90601
  seq_000016: frames=41  dim=90601
  seq_000017: frames=45  dim=90601
  seq_000018: frames=58  dim=90601
  seq_000019: frames=22  dim=90601
  seq_000020: frames=51  dim=90601
  seq_000021: frames=43  dim=90601
  seq_000022: frames=57  dim=90601
  seq_000023: frames=22  dim=90601
  seq_000024: frames=20  dim=90601
  seq_000025: frames=48  dim=90601
  seq_000026: frames=58  dim=90601
  seq_000027: frames=28  dim=90601
  seq_000028: frames=29  dim=90601
  seq_000029: frames=33  dim=90601
  seq_000030: frames=22  dim=90601
  seq_000031: frames=44  dim=90601
  seq_000032: frames=38  dim=90601
  seq_000033: frames=32  dim=90601
  seq_000034: frames=37  dim=90601
  seq_000035: frames=47  dim=90601
  seq_000036: frames=59  dim=90601
  seq_000037: frames=35  dim=90601
  seq_000038: frames=47  dim=90601
  seq_000039: frames=38  dim=90601
  seq_000040: frames=58  dim=90601
  seq_000041: frames=21  dim=90601
  seq_000042: frames=22  dim=90601
  seq_000043: frames=20  dim=90601
  seq_000044: frames=31  dim=90601

Building train combinations
  train[0]: frames=208  dim=90601  n_kept=[28, 54, 45, 22, 59]  seqs=['seq_000002', 'seq_000011', 'seq_000017', 'seq_000023', 'seq_000036']
  train[1]: frames=157  dim=90601  n_kept=[34, 18, 16, 45, 44]  seqs=['seq_000001', 'seq_000004', 'seq_000009', 'seq_000017', 'seq_000031']
  train[2]: frames=169  dim=90601  n_kept=[34, 28, 54, 33, 20]  seqs=['seq_000001', 'seq_000002', 'seq_000011', 'seq_000029', 'seq_000043']
  train[3]: frames=233  dim=90601  n_kept=[52, 58, 58, 33, 32]  seqs=['seq_000003', 'seq_000018', 'seq_000026', 'seq_000029', 'seq_000033']
  train[4]: frames=124  dim=90601  n_kept=[28, 17, 28, 29, 22]  seqs=['seq_000002', 'seq_000005', 'seq_000027', 'seq_000028', 'seq_000042']
  train[5]: frames=199  dim=90601  n_kept=[28, 54, 45, 28, 44]  seqs=['seq_000002', 'seq_000011', 'seq_000017', 'seq_000027', 'seq_000031']
  train[6]: frames=175  dim=90601  n_kept=[16, 57, 48, 33, 21]  seqs=['seq_000009', 'seq_000022', 'seq_000025', 'seq_000029', 'seq_000041']
  train[7]: frames=154  dim=90601  n_kept=[16, 45, 22, 51, 20]  seqs=['seq_000009', 'seq_000017', 'seq_000019', 'seq_000020', 'seq_000043']
  train[8]: frames=163  dim=90601  n_kept=[34, 17, 57, 33, 22]  seqs=['seq_000001', 'seq_000005', 'seq_000022', 'seq_000029', 'seq_000042']
  train[9]: frames=158  dim=90601  n_kept=[18, 16, 58, 22, 44]  seqs=['seq_000004', 'seq_000009', 'seq_000012', 'seq_000023', 'seq_000031']
  train[10]: frames=182  dim=90601  n_kept=[28, 16, 58, 58, 22]  seqs=['seq_000002', 'seq_000009', 'seq_000012', 'seq_000018', 'seq_000023']
  train[11]: frames=212  dim=90601  n_kept=[16, 58, 57, 22, 59]  seqs=['seq_000009', 'seq_000012', 'seq_000022', 'seq_000023', 'seq_000036']
  train[12]: frames=159  dim=90601  n_kept=[34, 45, 22, 20, 38]  seqs=['seq_000001', 'seq_000017', 'seq_000023', 'seq_000024', 'seq_000039']
  train[13]: frames=179  dim=90601  n_kept=[29, 33, 32, 47, 38]  seqs=['seq_000028', 'seq_000029', 'seq_000033', 'seq_000035', 'seq_000039']
  train[14]: frames=200  dim=90601  n_kept=[34, 22, 48, 58, 38]  seqs=['seq_000001', 'seq_000023', 'seq_000025', 'seq_000026', 'seq_000039']
  train[15]: frames=222  dim=90601  n_kept=[58, 22, 51, 44, 47]  seqs=['seq_000018', 'seq_000019', 'seq_000020', 'seq_000031', 'seq_000035']
  train[16]: frames=198  dim=90601  n_kept=[57, 58, 29, 32, 22]  seqs=['seq_000022', 'seq_000026', 'seq_000028', 'seq_000033', 'seq_000042']
  train[17]: frames=213  dim=90601  n_kept=[45, 51, 58, 38, 21]  seqs=['seq_000017', 'seq_000020', 'seq_000026', 'seq_000039', 'seq_000041']
  train[18]: frames=184  dim=90601  n_kept=[18, 58, 57, 29, 22]  seqs=['seq_000004', 'seq_000012', 'seq_000022', 'seq_000028', 'seq_000042']
  train[19]: frames=203  dim=90601  n_kept=[43, 48, 58, 33, 21]  seqs=['seq_000021', 'seq_000025', 'seq_000026', 'seq_000029', 'seq_000041']
  train[20]: frames=174  dim=90601  n_kept=[34, 43, 48, 28, 21]  seqs=['seq_000001', 'seq_000021', 'seq_000025', 'seq_000027', 'seq_000041']
  train[21]: frames=218  dim=90601  n_kept=[34, 57, 20, 48, 59]  seqs=['seq_000001', 'seq_000022', 'seq_000024', 'seq_000025', 'seq_000036']
  train[22]: frames=250  dim=90601  n_kept=[54, 58, 51, 28, 59]  seqs=['seq_000011', 'seq_000012', 'seq_000020', 'seq_000027', 'seq_000036']
  train[23]: frames=201  dim=90601  n_kept=[28, 58, 48, 29, 38]  seqs=['seq_000002', 'seq_000018', 'seq_000025', 'seq_000028', 'seq_000039']
Building test combinations
  test[0]: frames=193  dim=90601  n_kept=[19, 47, 28, 41, 58]  seqs=['seq_000007', 'seq_000008', 'seq_000015', 'seq_000016', 'seq_000040']
  test[1]: frames=195  dim=90601  n_kept=[47, 33, 22, 35, 58]  seqs=['seq_000008', 'seq_000010', 'seq_000030', 'seq_000037', 'seq_000040']
  test[2]: frames=166  dim=90601  n_kept=[56, 19, 11, 22, 58]  seqs=['seq_000006', 'seq_000007', 'seq_000013', 'seq_000030', 'seq_000040']
  test[3]: frames=176  dim=90601  n_kept=[33, 28, 37, 47, 31]  seqs=['seq_000010', 'seq_000015', 'seq_000034', 'seq_000038', 'seq_000044']
  test[4]: frames=152  dim=90601  n_kept=[19, 33, 28, 37, 35]  seqs=['seq_000007', 'seq_000010', 'seq_000015', 'seq_000034', 'seq_000037']
  test[5]: frames=164  dim=90601  n_kept=[47, 11, 28, 41, 37]  seqs=['seq_000008', 'seq_000013', 'seq_000015', 'seq_000016', 'seq_000034']
  test[6]: frames=158  dim=90601  n_kept=[11, 41, 22, 37, 47]  seqs=['seq_000013', 'seq_000016', 'seq_000030', 'seq_000034', 'seq_000038']
  test[7]: frames=218  dim=90601  n_kept=[47, 35, 47, 58, 31]  seqs=['seq_000008', 'seq_000037', 'seq_000038', 'seq_000040', 'seq_000044']
  test[8]: frames=236  dim=90601  n_kept=[56, 38, 37, 47, 58]  seqs=['seq_000006', 'seq_000032', 'seq_000034', 'seq_000038', 'seq_000040']
  test[9]: frames=203  dim=90601  n_kept=[33, 28, 37, 47, 58]  seqs=['seq_000010', 'seq_000015', 'seq_000034', 'seq_000038', 'seq_000040']
  test[10]: frames=150  dim=90601  n_kept=[19, 47, 11, 38, 35]  seqs=['seq_000007', 'seq_000008', 'seq_000013', 'seq_000032', 'seq_000037']
  test[11]: frames=188  dim=90601  n_kept=[33, 37, 22, 38, 58]  seqs=['seq_000010', 'seq_000014', 'seq_000030', 'seq_000032', 'seq_000040']
  test[12]: frames=152  dim=90601  n_kept=[11, 37, 28, 41, 35]  seqs=['seq_000013', 'seq_000014', 'seq_000015', 'seq_000016', 'seq_000037']
  test[13]: frames=124  dim=90601  n_kept=[19, 11, 41, 22, 31]  seqs=['seq_000007', 'seq_000013', 'seq_000016', 'seq_000030', 'seq_000044']
  test[14]: frames=194  dim=90601  n_kept=[56, 11, 22, 47, 58]  seqs=['seq_000006', 'seq_000013', 'seq_000030', 'seq_000038', 'seq_000040']
  test[15]: frames=188  dim=90601  n_kept=[47, 38, 37, 35, 31]  seqs=['seq_000008', 'seq_000032', 'seq_000034', 'seq_000037', 'seq_000044']
  test[16]: frames=142  dim=90601  n_kept=[11, 28, 37, 35, 31]  seqs=['seq_000013', 'seq_000015', 'seq_000034', 'seq_000037', 'seq_000044']
  test[17]: frames=200  dim=90601  n_kept=[56, 19, 47, 37, 41]  seqs=['seq_000006', 'seq_000007', 'seq_000008', 'seq_000014', 'seq_000016']
σ=0.0: train mats=24  test mats=18
σ=0.25: train mats=24  test mats=18
σ=0.5: train mats=24  test mats=18
σ=0.75: train mats=24  test mats=18
clustering Y dim=208  (requested pca_dim=256)

Methods: ['OSC', 'TKSS', 'SSC-TV-L21', 'SSC-TV-L21-col', 'BDOSC']
pooled train mats for tuning=96

BDOSC: fixed lambda_1=0.2, lambda_2=1, gamma_1=0.01, p=1.1, max_iter=50

============================================================
--- Tuning OSC over 96 train mats ---
  OSC trial 0: mean ARI=0.3675  n=96  20.8s  lambda_1=0.1, lambda_2=0.1
  OSC trial 1: mean ARI=0.2516  n=96  20.0s  lambda_1=0.1568, lambda_2=0.7257
  OSC trial 2: mean ARI=0.2089  n=96  20.2s  lambda_1=0.2577, lambda_2=0.1512
  OSC trial 3: mean ARI=0.4380  n=96  20.6s  lambda_1=0.0495, lambda_2=0.3833
  OSC trial 4: mean ARI=0.4349  n=96  20.4s  lambda_1=0.05628, lambda_2=3.691
  OSC trial 5: mean ARI=0.0067  n=96  19.4s  lambda_1=7.156, lambda_2=0.03418
  OSC trial 6: mean ARI=0.0067  n=96  19.4s  lambda_1=1.469, lambda_2=0.1305
  OSC trial 7: mean ARI=0.2473  n=96  20.0s  lambda_1=0.1871, lambda_2=5.039
  OSC trial 8: mean ARI=0.1824  n=96  22.7s  lambda_1=0.001924, lambda_2=0.002231
  OSC trial 9: mean ARI=0.1642  n=96  20.5s  lambda_1=0.001205, lambda_2=2.14
  OSC trial 10: mean ARI=0.3747  n=96  22.6s  lambda_1=0.01165, lambda_2=0.001662
  OSC trial 11: mean ARI=0.4377  n=96  20.6s  lambda_1=0.01856, lambda_2=0.9349
  OSC trial 12: mean ARI=0.3997  n=96  20.7s  lambda_1=0.01288, lambda_2=0.5626
  OSC trial 13: mean ARI=0.4214  n=96  20.7s  lambda_1=0.01483, lambda_2=0.7505
  OSC trial 14: mean ARI=0.4019  n=96  21.8s  lambda_1=0.03324, lambda_2=0.02161
  OSC trial 15: mean ARI=0.0655  n=96  19.8s  lambda_1=0.7028, lambda_2=0.3417
  OSC trial 16: mean ARI=0.1906  n=96  20.6s  lambda_1=0.00365, lambda_2=1.736
  OSC trial 17: mean ARI=0.2167  n=96  20.6s  lambda_1=0.004777, lambda_2=8.931
  OSC trial 18: mean ARI=0.4022  n=96  21.9s  lambda_1=0.03375, lambda_2=0.02409
  OSC trial 19: mean ARI=0.0067  n=96  19.6s  lambda_1=1.125, lambda_2=0.005631
  OSC trial 20: mean ARI=0.3352  n=96  21.8s  lambda_1=0.008833, lambda_2=0.06363
  OSC trial 21: mean ARI=0.4241  n=96  20.5s  lambda_1=0.0573, lambda_2=1.301
  OSC trial 22: mean ARI=0.4262  n=96  21.0s  lambda_1=0.0333, lambda_2=2.311
  OSC trial 23: mean ARI=0.1052  n=96  19.9s  lambda_1=0.4738, lambda_2=0.3106
  OSC trial 24: mean ARI=0.3862  n=96  20.4s  lambda_1=0.07395, lambda_2=4.036
  OSC trial 25: mean ARI=0.4391  n=96  20.5s  lambda_1=0.02487, lambda_2=8.546
  OSC trial 26: mean ARI=0.4354  n=96  20.5s  lambda_1=0.02189, lambda_2=9.139
  OSC trial 27: mean ARI=0.2173  n=96  20.6s  lambda_1=0.004978, lambda_2=0.9802
  OSC trial 28: mean ARI=0.2938  n=96  20.8s  lambda_1=0.00761, lambda_2=0.3328
  OSC trial 29: mean ARI=0.3630  n=96  20.6s  lambda_1=0.1182, lambda_2=0.2051
  OSC trial 30: mean ARI=0.4257  n=96  21.8s  lambda_1=0.01977, lambda_2=0.04689
  OSC trial 31: mean ARI=0.4348  n=96  20.5s  lambda_1=0.02581, lambda_2=9.285
  OSC trial 32: mean ARI=0.3763  n=96  20.3s  lambda_1=0.08969, lambda_2=4.676
  OSC trial 33: mean ARI=0.4335  n=96  20.5s  lambda_1=0.0434, lambda_2=9.434
  OSC trial 34: mean ARI=0.2400  n=96  20.0s  lambda_1=0.3002, lambda_2=2.982
  OSC trial 35: mean ARI=0.4367  n=96  20.5s  lambda_1=0.02237, lambda_2=1.117
  OSC trial 36: mean ARI=0.3422  n=96  20.3s  lambda_1=0.1283, lambda_2=0.5075
  OSC trial 37: mean ARI=0.1874  n=96  20.6s  lambda_1=0.003285, lambda_2=1.061
  OSC trial 38: mean ARI=0.3989  n=96  21.1s  lambda_1=0.06681, lambda_2=0.1095
  OSC trial 39: mean ARI=0.0067  n=96  19.5s  lambda_1=8.782, lambda_2=0.2163
  OSC trial 40: mean ARI=0.0067  n=96  19.5s  lambda_1=4.203, lambda_2=0.4749
  OSC trial 41: mean ARI=0.4367  n=96  20.6s  lambda_1=0.01901, lambda_2=5.4
  OSC trial 42: mean ARI=0.4335  n=96  20.6s  lambda_1=0.01757, lambda_2=1.55
  OSC trial 43: mean ARI=0.2518  n=96  20.6s  lambda_1=0.006728, lambda_2=5.191
  OSC trial 44: mean ARI=0.3803  n=96  20.6s  lambda_1=0.01181, lambda_2=2.724
  OSC trial 45: mean ARI=0.4395  n=96  20.6s  lambda_1=0.04559, lambda_2=0.7294
  OSC trial 46: mean ARI=0.2259  n=96  20.4s  lambda_1=0.1705, lambda_2=0.1746
  OSC trial 47: mean ARI=0.4505  n=96  20.6s  lambda_1=0.05277, lambda_2=0.8995
  OSC trial 48: mean ARI=0.2342  n=96  20.1s  lambda_1=0.2182, lambda_2=0.7205
  OSC trial 49: mean ARI=0.4491  n=96  20.6s  lambda_1=0.05147, lambda_2=0.7119
  OSC trial 50: mean ARI=0.4367  n=96  20.9s  lambda_1=0.04202, lambda_2=0.2733
  OSC trial 51: mean ARI=0.4572  n=96  20.6s  lambda_1=0.04979, lambda_2=0.7149
  OSC trial 52: mean ARI=0.4464  n=96  20.9s  lambda_1=0.0516, lambda_2=0.5111
  OSC trial 53: mean ARI=0.3785  n=96  20.3s  lambda_1=0.09004, lambda_2=0.6977
  OSC trial 54: mean ARI=0.4354  n=96  21.3s  lambda_1=0.05109, lambda_2=0.08224
  OSC trial 55: mean ARI=0.4339  n=96  20.7s  lambda_1=0.03567, lambda_2=0.4206
  OSC trial 56: mean ARI=0.4149  n=96  20.4s  lambda_1=0.06636, lambda_2=1.81
  OSC trial 57: mean ARI=0.2379  n=96  20.0s  lambda_1=0.3115, lambda_2=0.7709
  OSC trial 58: mean ARI=0.4109  n=96  22.1s  lambda_1=0.02784, lambda_2=0.01124
  OSC trial 59: mean ARI=0.2920  n=96  20.6s  lambda_1=0.1352, lambda_2=0.1227
  OSC trial 60: mean ARI=0.3734  n=96  20.4s  lambda_1=0.08383, lambda_2=0.5583
  OSC trial 61: mean ARI=0.4368  n=96  20.7s  lambda_1=0.05105, lambda_2=0.3956
  OSC trial 62: mean ARI=0.4081  n=96  20.9s  lambda_1=0.01396, lambda_2=0.2695
  OSC trial 63: mean ARI=0.4213  n=96  20.6s  lambda_1=0.0308, lambda_2=1.545
  OSC trial 64: mean ARI=0.3882  n=96  20.2s  lambda_1=0.1129, lambda_2=0.7957
  OSC trial 65: mean ARI=0.4266  n=96  21.1s  lambda_1=0.04518, lambda_2=0.1483
  OSC trial 66: mean ARI=0.3980  n=96  20.4s  lambda_1=0.06873, lambda_2=1.333
  OSC trial 67: mean ARI=0.3482  n=96  20.6s  lambda_1=0.00974, lambda_2=0.5453
  OSC trial 68: mean ARI=0.2395  n=96  20.0s  lambda_1=0.1767, lambda_2=6.67
  OSC trial 69: mean ARI=0.4364  n=96  20.5s  lambda_1=0.02596, lambda_2=2.367
  OSC trial 70: mean ARI=0.4313  n=96  21.0s  lambda_1=0.03579, lambda_2=0.2478
  OSC trial 71: mean ARI=0.4216  n=96  20.6s  lambda_1=0.01525, lambda_2=0.9372
  OSC trial 72: mean ARI=0.4298  n=96  20.7s  lambda_1=0.05633, lambda_2=0.3593
  OSC trial 73: mean ARI=0.4363  n=96  20.6s  lambda_1=0.0395, lambda_2=3.257
  OSC trial 74: mean ARI=0.3946  n=96  20.3s  lambda_1=0.1007, lambda_2=1.191
  OSC trial 75: mean ARI=0.4390  n=96  20.6s  lambda_1=0.02375, lambda_2=1.933
  OSC trial 76: mean ARI=0.4369  n=96  20.7s  lambda_1=0.02278, lambda_2=0.6332
  OSC trial 77: mean ARI=0.4214  n=96  20.5s  lambda_1=0.0642, lambda_2=0.8772
  OSC trial 78: mean ARI=0.4296  n=96  20.6s  lambda_1=0.02808, lambda_2=1.957
  OSC trial 79: mean ARI=0.4315  n=96  20.7s  lambda_1=0.01676, lambda_2=0.4667
  OSC trial 80: mean ARI=0.3738  n=96  20.3s  lambda_1=0.08371, lambda_2=3.907
  OSC trial 81: mean ARI=0.3622  n=96  22.6s  lambda_1=0.01071, lambda_2=0.001042
  OSC trial 82: mean ARI=0.4465  n=96  20.5s  lambda_1=0.04712, lambda_2=1.37
  OSC trial 83: mean ARI=0.4454  n=96  20.5s  lambda_1=0.05165, lambda_2=1.419
  OSC trial 84: mean ARI=0.4468  n=96  20.5s  lambda_1=0.04798, lambda_2=6.776
  OSC trial 85: mean ARI=0.4563  n=96  20.5s  lambda_1=0.0492, lambda_2=7.665
  OSC trial 86: mean ARI=0.2872  n=96  20.2s  lambda_1=0.1434, lambda_2=7.339
  OSC trial 87: mean ARI=0.4398  n=96  20.5s  lambda_1=0.04595, lambda_2=2.557
  OSC trial 88: mean ARI=0.4359  n=96  20.5s  lambda_1=0.05536, lambda_2=6.477
  OSC trial 89: mean ARI=0.4020  n=96  20.4s  lambda_1=0.07226, lambda_2=1.505
  OSC trial 90: mean ARI=0.2340  n=96  20.0s  lambda_1=0.2162, lambda_2=2.668
  OSC trial 91: mean ARI=0.4420  n=96  20.6s  lambda_1=0.03934, lambda_2=3.469
  OSC trial 92: mean ARI=0.4280  n=96  20.6s  lambda_1=0.03702, lambda_2=4.434
  OSC trial 93: mean ARI=0.3856  n=96  21.2s  lambda_1=0.106, lambda_2=3.586
  OSC trial 94: mean ARI=0.4382  n=96  20.9s  lambda_1=0.04563, lambda_2=2.509
  OSC trial 95: mean ARI=0.4203  n=96  20.7s  lambda_1=0.03217, lambda_2=5.507
  OSC trial 96: mean ARI=0.4238  n=96  20.6s  lambda_1=0.05757, lambda_2=1.222
  OSC trial 97: mean ARI=0.3939  n=96  20.5s  lambda_1=0.07336, lambda_2=3.099
  OSC trial 98: mean ARI=0.3667  n=96  20.5s  lambda_1=0.0849, lambda_2=1.004
  OSC trial 99: mean ARI=0.4388  n=96  20.6s  lambda_1=0.04499, lambda_2=2.168
  best mean ARI=0.4572  tune 2061.6s  lambda_1=0.04979, lambda_2=0.7149
  wrote /nfs/turbo/umms-minjilab/lpullela/icassp_ssc_tv2/ballet_dataset/ballet_cluster_sigmas_params.json

============================================================
--- Tuning TKSS over 96 train mats ---
  TKSS trial 0: mean ARI=0.6109  n=96  3.6s  d=5, lam=1, s=2
  TKSS trial 1: mean ARI=0.6092  n=96  3.8s  d=9, lam=1.398, s=4
  TKSS trial 2: mean ARI=0.6073  n=96  3.1s  d=9, lam=0.1866, s=4
  TKSS trial 3: mean ARI=0.6157  n=96  5.1s  d=7, lam=4.735, s=6
  TKSS trial 4: mean ARI=0.6124  n=96  4.0s  d=6, lam=2.372, s=4
  TKSS trial 5: mean ARI=0.6054  n=96  2.3s  d=9, lam=5.981, s=1
  TKSS trial 6: mean ARI=0.5595  n=96  5.3s  d=2, lam=0.0115, s=5
  TKSS trial 7: mean ARI=0.6078  n=96  4.1s  d=12, lam=4.074, s=6
  TKSS trial 8: mean ARI=0.6083  n=96  3.2s  d=12, lam=0.2423, s=5
  TKSS trial 9: mean ARI=0.5547  n=96  7.5s  d=2, lam=0.8313, s=1
  TKSS trial 10: mean ARI=0.6071  n=96  1.8s  d=15, lam=0.01458, s=3
  TKSS trial 11: mean ARI=0.6203  n=96  5.9s  d=6, lam=8.489, s=6
  TKSS trial 12: mean ARI=0.6143  n=96  5.5s  d=5, lam=9.091, s=6
  TKSS trial 13: mean ARI=0.6154  n=96  5.1s  d=7, lam=7.911, s=6
  TKSS trial 14: mean ARI=0.6210  n=96  7.1s  d=4, lam=2.694, s=5
  TKSS trial 15: mean ARI=0.6221  n=96  7.3s  d=3, lam=0.2597, s=5
  TKSS trial 16: mean ARI=0.3943  n=96  9.0s  d=1, lam=0.06514, s=5
  TKSS trial 17: mean ARI=0.6224  n=96  6.0s  d=3, lam=0.4313, s=3
  TKSS trial 18: mean ARI=0.6232  n=96  5.7s  d=3, lam=0.2804, s=3
  TKSS trial 19: mean ARI=0.3601  n=96  9.8s  d=1, lam=0.08122, s=3
  TKSS trial 20: mean ARI=0.6192  n=96  5.5s  d=3, lam=0.5205, s=2
  TKSS trial 21: mean ARI=0.6232  n=96  6.0s  d=3, lam=0.3195, s=3
  TKSS trial 22: mean ARI=0.6162  n=96  5.1s  d=4, lam=0.4613, s=3
  TKSS trial 23: mean ARI=0.6091  n=96  4.1s  d=3, lam=0.1045, s=2
  TKSS trial 24: mean ARI=0.3820  n=96  11.0s  d=1, lam=0.428, s=3
  TKSS trial 25: mean ARI=0.6015  n=96  2.9s  d=4, lam=0.04005, s=2
  TKSS trial 26: mean ARI=0.5740  n=96  7.3s  d=2, lam=0.1578, s=3
  TKSS trial 27: mean ARI=0.6048  n=96  2.5s  d=5, lam=0.03338, s=4
  TKSS trial 28: mean ARI=0.6221  n=96  5.9s  d=3, lam=0.3285, s=3
  TKSS trial 29: mean ARI=0.6094  n=96  3.4s  d=6, lam=0.8587, s=2
  TKSS trial 30: mean ARI=0.6153  n=96  4.2s  d=4, lam=0.1373, s=4
  TKSS trial 31: mean ARI=0.6244  n=96  5.6s  d=3, lam=0.2438, s=3
  TKSS trial 32: mean ARI=0.5794  n=96  8.4s  d=2, lam=1.271, s=3
  TKSS trial 33: mean ARI=0.6141  n=96  4.9s  d=5, lam=0.7031, s=4
  TKSS trial 34: mean ARI=0.6178  n=96  4.4s  d=3, lam=0.2453, s=2
  TKSS trial 35: mean ARI=0.6124  n=96  3.6s  d=8, lam=1.322, s=3
  TKSS trial 36: mean ARI=0.6156  n=96  4.5s  d=5, lam=0.3586, s=4
  TKSS trial 37: mean ARI=0.5868  n=96  8.2s  d=2, lam=0.5732, s=4
  TKSS trial 38: mean ARI=0.3299  n=96  10.5s  d=1, lam=1.914, s=1
  TKSS trial 39: mean ARI=0.6109  n=96  4.4s  d=4, lam=0.1915, s=3
  TKSS trial 40: mean ARI=0.6048  n=96  2.6s  d=6, lam=0.1471, s=2
  TKSS trial 41: mean ARI=0.6228  n=96  6.4s  d=3, lam=0.256, s=4
  TKSS trial 42: mean ARI=0.5864  n=96  8.1s  d=2, lam=0.3088, s=4
  TKSS trial 43: mean ARI=0.6109  n=96  4.5s  d=4, lam=0.1902, s=3
  TKSS trial 44: mean ARI=0.6222  n=96  4.9s  d=3, lam=0.09934, s=4
  TKSS trial 45: mean ARI=0.5751  n=96  8.2s  d=2, lam=0.6474, s=3
  TKSS trial 46: mean ARI=0.6073  n=96  3.0s  d=12, lam=0.3708, s=4
  TKSS trial 47: mean ARI=0.6110  n=96  3.7s  d=5, lam=0.2299, s=3
  TKSS trial 48: mean ARI=0.6082  n=96  3.3s  d=10, lam=1.056, s=3
  TKSS trial 49: mean ARI=0.5988  n=96  3.5s  d=3, lam=0.05031, s=2
  TKSS trial 50: mean ARI=0.6071  n=96  3.1s  d=7, lam=0.1279, s=4
  TKSS trial 51: mean ARI=0.6193  n=96  4.6s  d=3, lam=0.07888, s=4
  TKSS trial 52: mean ARI=0.5910  n=96  7.6s  d=2, lam=0.1105, s=5
  TKSS trial 53: mean ARI=0.6080  n=96  2.5s  d=15, lam=0.2877, s=4
  TKSS trial 54: mean ARI=0.6020  n=96  3.0s  d=4, lam=0.02267, s=3
  TKSS trial 55: mean ARI=0.3981  n=96  9.9s  d=1, lam=0.08859, s=5
  TKSS trial 56: mean ARI=0.6220  n=96  6.0s  d=3, lam=0.4536, s=3
  TKSS trial 57: mean ARI=0.6222  n=96  6.3s  d=3, lam=0.1937, s=4
  TKSS trial 58: mean ARI=0.6110  n=96  3.7s  d=5, lam=0.2283, s=3
  TKSS trial 59: mean ARI=0.3274  n=96  10.2s  d=1, lam=0.7528, s=1
  TKSS trial 60: mean ARI=0.6022  n=96  3.0s  d=4, lam=0.05851, s=2
  TKSS trial 61: mean ARI=0.6226  n=96  6.3s  d=3, lam=0.1763, s=4
  TKSS trial 62: mean ARI=0.6214  n=96  5.1s  d=3, lam=0.1095, s=4
  TKSS trial 63: mean ARI=0.5925  n=96  8.0s  d=2, lam=0.173, s=5
  TKSS trial 64: mean ARI=0.6185  n=96  5.8s  d=4, lam=0.4437, s=4
  TKSS trial 65: mean ARI=0.5747  n=96  8.2s  d=2, lam=0.5484, s=3
  TKSS trial 66: mean ARI=0.6175  n=96  5.6s  d=4, lam=0.2859, s=4
  TKSS trial 67: mean ARI=0.6075  n=96  2.2s  d=14, lam=0.3565, s=3
  TKSS trial 68: mean ARI=0.6221  n=96  5.2s  d=3, lam=0.1281, s=4
  TKSS trial 69: mean ARI=0.6153  n=96  4.5s  d=5, lam=0.2124, s=5
  TKSS trial 70: mean ARI=0.6076  n=96  3.0s  d=6, lam=0.1584, s=3
  TKSS trial 71: mean ARI=0.6224  n=96  6.4s  d=3, lam=0.2458, s=4
  TKSS trial 72: mean ARI=0.6225  n=96  6.4s  d=3, lam=0.2744, s=4
  TKSS trial 73: mean ARI=0.5866  n=96  7.9s  d=2, lam=0.2788, s=4
  TKSS trial 74: mean ARI=0.6234  n=96  6.0s  d=3, lam=0.3738, s=3
  TKSS trial 75: mean ARI=0.4030  n=96  10.1s  d=1, lam=0.3954, s=4
  TKSS trial 76: mean ARI=0.6246  n=96  5.3s  d=3, lam=0.2402, s=3
  TKSS trial 77: mean ARI=0.6172  n=96  5.2s  d=4, lam=0.5543, s=3
  TKSS trial 78: mean ARI=0.5746  n=96  8.1s  d=2, lam=0.3365, s=3
  TKSS trial 79: mean ARI=0.6120  n=96  4.4s  d=4, lam=1.018, s=2
  TKSS trial 80: mean ARI=0.6247  n=96  5.0s  d=3, lam=0.1689, s=3
  TKSS trial 81: mean ARI=0.6247  n=96  5.0s  d=3, lam=0.1665, s=3
  TKSS trial 82: mean ARI=0.6240  n=96  5.1s  d=3, lam=0.1546, s=3
  TKSS trial 83: mean ARI=0.5739  n=96  7.1s  d=2, lam=0.1262, s=3
  TKSS trial 84: mean ARI=0.6240  n=96  5.1s  d=3, lam=0.1541, s=3
  TKSS trial 85: mean ARI=0.6060  n=96  2.9s  d=5, lam=0.07349, s=3
  TKSS trial 86: mean ARI=0.6109  n=96  3.8s  d=4, lam=0.1493, s=3
  TKSS trial 87: mean ARI=0.5763  n=96  7.4s  d=2, lam=0.2087, s=3
  TKSS trial 88: mean ARI=0.6144  n=96  4.0s  d=3, lam=0.1604, s=2
  TKSS trial 89: mean ARI=0.3603  n=96  10.0s  d=1, lam=0.09785, s=3
  TKSS trial 90: mean ARI=0.5752  n=96  8.0s  d=2, lam=0.3295, s=3
  TKSS trial 91: mean ARI=0.6242  n=96  5.3s  d=3, lam=0.2216, s=3
  TKSS trial 92: mean ARI=0.6242  n=96  5.3s  d=3, lam=0.2212, s=3
  TKSS trial 93: mean ARI=0.6248  n=96  5.4s  d=3, lam=0.208, s=3
  TKSS trial 94: mean ARI=0.6110  n=96  4.4s  d=4, lam=0.2118, s=3
  TKSS trial 95: mean ARI=0.6201  n=96  4.7s  d=3, lam=0.1174, s=3
  TKSS trial 96: mean ARI=0.6255  n=96  5.0s  d=3, lam=0.1735, s=3
  TKSS trial 97: mean ARI=0.6104  n=96  3.7s  d=4, lam=0.1478, s=3
  TKSS trial 98: mean ARI=0.5681  n=96  6.9s  d=2, lam=0.1831, s=2
  TKSS trial 99: mean ARI=0.6246  n=96  5.3s  d=3, lam=0.2385, s=3
  best mean ARI=0.6255  tune 549.0s  d=3, lam=0.1735, s=3
  wrote /nfs/turbo/umms-minjilab/lpullela/icassp_ssc_tv2/ballet_dataset/ballet_cluster_sigmas_params.json

============================================================
--- Tuning SSC-TV-L21 over 96 train mats ---
  SSC-TV-L21 trial 0: mean ARI=0.0803  n=96  14.8s  lambda_e=1, lambda_z=0.1, gamma_p=0.1, gamma_q=0.1
  SSC-TV-L21 trial 1: mean ARI=0.0736  n=96  14.8s  lambda_e=0.443, lambda_z=0.7257, gamma_p=0.2577, gamma_q=0.1512
  SSC-TV-L21 trial 2: mean ARI=0.0054  n=96  14.8s  lambda_e=0.1866, lambda_z=0.3833, gamma_p=0.05628, gamma_q=3.691
  SSC-TV-L21 trial 3: mean ARI=0.0071  n=96  14.8s  lambda_e=7.78, lambda_z=0.03418, gamma_p=1.469, gamma_q=0.1305
  SSC-TV-L21 trial 4: mean ARI=0.5526  n=96  14.8s  lambda_e=0.506, lambda_z=5.039, gamma_p=0.001924, gamma_q=0.002231
  SSC-TV-L21 trial 5: mean ARI=0.0065  n=96  14.8s  lambda_e=0.0115, lambda_z=2.14, gamma_p=1.296, gamma_q=3.02
  SSC-TV-L21 trial 6: mean ARI=0.0057  n=96  14.8s  lambda_e=8.627, lambda_z=1.573, gamma_p=0.07013, gamma_q=1.325
  SSC-TV-L21 trial 7: mean ARI=0.0065  n=96  14.8s  lambda_e=0.02264, lambda_z=0.3628, gamma_p=0.003745, gamma_q=6.007
  SSC-TV-L21 trial 8: mean ARI=0.0066  n=96  14.8s  lambda_e=0.3677, lambda_z=0.04557, gamma_p=0.01143, gamma_q=1.25
  SSC-TV-L21 trial 9: mean ARI=0.0574  n=96  14.8s  lambda_e=0.2336, lambda_z=0.1878, gamma_p=0.001189, gamma_q=0.2955
  SSC-TV-L21 trial 10: mean ARI=0.0225  n=96  14.8s  lambda_e=0.05679, lambda_z=0.00165, gamma_p=6.473, gamma_q=0.001203
  SSC-TV-L21 trial 11: mean ARI=0.2318  n=96  14.8s  lambda_e=1.78, lambda_z=8.832, gamma_p=0.01689, gamma_q=0.003712
  SSC-TV-L21 trial 12: mean ARI=0.2115  n=96  14.8s  lambda_e=2.097, lambda_z=9.455, gamma_p=0.01018, gamma_q=0.002191
  SSC-TV-L21 trial 13: mean ARI=0.2115  n=96  14.8s  lambda_e=2.088, lambda_z=8.19, gamma_p=0.001073, gamma_q=0.007165
  SSC-TV-L21 trial 14: mean ARI=0.2659  n=96  14.8s  lambda_e=1.539, lambda_z=3.325, gamma_p=0.01072, gamma_q=0.01661
  SSC-TV-L21 trial 15: mean ARI=0.6357  n=96  14.8s  lambda_e=0.09713, lambda_z=2.197, gamma_p=0.003917, gamma_q=0.01957
  SSC-TV-L21 trial 16: mean ARI=0.6445  n=96  14.8s  lambda_e=0.08744, lambda_z=1.05, gamma_p=0.002835, gamma_q=0.01303
  SSC-TV-L21 trial 17: mean ARI=0.2150  n=96  14.8s  lambda_e=0.09426, lambda_z=0.006378, gamma_p=0.003898, gamma_q=0.02565
  SSC-TV-L21 trial 18: mean ARI=0.6515  n=96  14.8s  lambda_e=0.05351, lambda_z=0.7921, gamma_p=0.004946, gamma_q=0.02737
  SSC-TV-L21 trial 19: mean ARI=0.5914  n=96  14.8s  lambda_e=0.03355, lambda_z=0.9147, gamma_p=0.02584, gamma_q=0.05708
  SSC-TV-L21 trial 20: mean ARI=0.3938  n=96  14.8s  lambda_e=0.01053, lambda_z=0.01733, gamma_p=0.00395, gamma_q=0.008264
  SSC-TV-L21 trial 21: mean ARI=0.6365  n=96  14.8s  lambda_e=0.08996, lambda_z=1.146, gamma_p=0.003991, gamma_q=0.03575
  SSC-TV-L21 trial 22: mean ARI=0.6439  n=96  14.8s  lambda_e=0.07812, lambda_z=0.7298, gamma_p=0.005908, gamma_q=0.03871
  SSC-TV-L21 trial 23: mean ARI=0.6509  n=96  14.8s  lambda_e=0.03428, lambda_z=0.3951, gamma_p=0.03028, gamma_q=0.009805
  SSC-TV-L21 trial 24: mean ARI=0.5054  n=96  14.9s  lambda_e=0.03603, lambda_z=0.2049, gamma_p=0.03216, gamma_q=0.01241
  SSC-TV-L21 trial 25: mean ARI=0.2272  n=96  14.8s  lambda_e=0.02341, lambda_z=0.3373, gamma_p=0.1653, gamma_q=0.00549
  SSC-TV-L21 trial 26: mean ARI=0.0084  n=96  14.8s  lambda_e=0.1623, lambda_z=0.08172, gamma_p=0.02971, gamma_q=0.3418
  SSC-TV-L21 trial 27: mean ARI=0.4520  n=96  14.8s  lambda_e=0.04764, lambda_z=0.1454, gamma_p=0.001604, gamma_q=0.01117
  SSC-TV-L21 trial 28: mean ARI=0.0633  n=96  14.8s  lambda_e=0.01928, lambda_z=0.3552, gamma_p=0.3721, gamma_q=0.0607
  SSC-TV-L21 trial 29: mean ARI=0.4149  n=96  14.8s  lambda_e=0.1373, lambda_z=0.082, gamma_p=0.007852, gamma_q=0.002802
  SSC-TV-L21 trial 30: mean ARI=0.4868  n=96  14.8s  lambda_e=0.05537, lambda_z=0.5971, gamma_p=0.01983, gamma_q=0.08846
  SSC-TV-L21 trial 31: mean ARI=0.6447  n=96  14.8s  lambda_e=0.07153, lambda_z=0.6904, gamma_p=0.006668, gamma_q=0.03889
  SSC-TV-L21 trial 32: mean ARI=0.6385  n=96  14.9s  lambda_e=0.0346, lambda_z=3.346, gamma_p=0.001853, gamma_q=0.02285
  SSC-TV-L21 trial 33: mean ARI=0.0924  n=96  14.8s  lambda_e=0.2386, lambda_z=0.5086, gamma_p=0.04616, gamma_q=0.2502
  SSC-TV-L21 trial 34: mean ARI=0.2817  n=96  14.9s  lambda_e=0.01641, lambda_z=1.455, gamma_p=0.1464, gamma_q=0.005338
  SSC-TV-L21 trial 35: mean ARI=0.1459  n=96  14.8s  lambda_e=0.1231, lambda_z=0.2268, gamma_p=0.002431, gamma_q=0.1592
  SSC-TV-L21 trial 36: mean ARI=0.6450  n=96  14.9s  lambda_e=0.0658, lambda_z=0.8214, gamma_p=0.006459, gamma_q=0.04528
  SSC-TV-L21 trial 37: mean ARI=0.2608  n=96  14.9s  lambda_e=0.05827, lambda_z=0.1237, gamma_p=0.007508, gamma_q=0.07536
  SSC-TV-L21 trial 38: mean ARI=0.5769  n=96  15.0s  lambda_e=0.03078, lambda_z=2.4, gamma_p=0.04396, gamma_q=0.03798
  SSC-TV-L21 trial 39: mean ARI=0.1578  n=96  14.9s  lambda_e=0.6182, lambda_z=0.6291, gamma_p=0.08257, gamma_q=0.1262
  SSC-TV-L21 trial 40: mean ARI=0.0067  n=96  14.9s  lambda_e=0.01533, lambda_z=0.05194, gamma_p=0.01555, gamma_q=0.7959
  SSC-TV-L21 trial 41: mean ARI=0.6410  n=96  14.9s  lambda_e=0.07098, lambda_z=1.197, gamma_p=0.002306, gamma_q=0.01312
  SSC-TV-L21 trial 42: mean ARI=0.6170  n=96  15.0s  lambda_e=0.04255, lambda_z=0.2847, gamma_p=0.005875, gamma_q=0.02981
  SSC-TV-L21 trial 43: mean ARI=0.3434  n=96  14.9s  lambda_e=0.2386, lambda_z=0.4773, gamma_p=0.00263, gamma_q=0.04974
  SSC-TV-L21 trial 44: mean ARI=0.6416  n=96  15.0s  lambda_e=0.02751, lambda_z=0.9656, gamma_p=0.01502, gamma_q=0.01878
  SSC-TV-L21 trial 45: mean ARI=0.1058  n=96  14.9s  lambda_e=4.679, lambda_z=4.814, gamma_p=0.422, gamma_q=0.001042
  SSC-TV-L21 trial 46: mean ARI=0.6405  n=96  15.0s  lambda_e=0.1201, lambda_z=1.734, gamma_p=0.006018, gamma_q=0.008736
  SSC-TV-L21 trial 47: mean ARI=0.3886  n=96  14.9s  lambda_e=0.3528, lambda_z=0.8516, gamma_p=0.01107, gamma_q=0.005428
  SSC-TV-L21 trial 48: mean ARI=0.4715  n=96  14.9s  lambda_e=0.06916, lambda_z=3.019, gamma_p=0.001304, gamma_q=0.2019
  SSC-TV-L21 trial 49: mean ARI=0.6471  n=96  14.9s  lambda_e=0.04048, lambda_z=4.993, gamma_p=0.003041, gamma_q=0.001809
  SSC-TV-L21 trial 50: mean ARI=0.0602  n=96  14.9s  lambda_e=0.04314, lambda_z=4.859, gamma_p=1.268, gamma_q=0.002067
  SSC-TV-L21 trial 51: mean ARI=0.6283  n=96  14.9s  lambda_e=0.181, lambda_z=1.523, gamma_p=0.005157, gamma_q=0.01635
  SSC-TV-L21 trial 52: mean ARI=0.6652  n=96  14.9s  lambda_e=0.05858, lambda_z=0.4797, gamma_p=0.008366, gamma_q=0.0015
  SSC-TV-L21 trial 53: mean ARI=0.6652  n=96  15.0s  lambda_e=0.06011, lambda_z=0.4414, gamma_p=0.008807, gamma_q=0.001678
  SSC-TV-L21 trial 54: mean ARI=0.6606  n=96  14.9s  lambda_e=0.02448, lambda_z=0.4479, gamma_p=0.009626, gamma_q=0.001973
  SSC-TV-L21 trial 55: mean ARI=0.6119  n=96  14.9s  lambda_e=0.01264, lambda_z=0.2745, gamma_p=0.02427, gamma_q=0.001746
  SSC-TV-L21 trial 56: mean ARI=0.6560  n=96  15.0s  lambda_e=0.02236, lambda_z=0.4217, gamma_p=0.01226, gamma_q=0.001525
  SSC-TV-L21 trial 57: mean ARI=0.6608  n=96  15.0s  lambda_e=0.02396, lambda_z=0.1759, gamma_p=0.01304, gamma_q=0.003361
  SSC-TV-L21 trial 58: mean ARI=0.6328  n=96  14.9s  lambda_e=0.02331, lambda_z=0.1412, gamma_p=0.01116, gamma_q=0.003417
  SSC-TV-L21 trial 59: mean ARI=0.6467  n=96  15.0s  lambda_e=0.01395, lambda_z=0.1859, gamma_p=0.01368, gamma_q=0.001328
  SSC-TV-L21 trial 60: mean ARI=0.4063  n=96  15.0s  lambda_e=0.01968, lambda_z=0.02577, gamma_p=0.008746, gamma_q=0.001397
  SSC-TV-L21 trial 61: mean ARI=0.6489  n=96  15.0s  lambda_e=0.02741, lambda_z=0.428, gamma_p=0.03818, gamma_q=0.002994
  SSC-TV-L21 trial 62: mean ARI=0.5560  n=96  14.9s  lambda_e=0.01005, lambda_z=0.3409, gamma_p=0.02302, gamma_q=0.004634
  SSC-TV-L21 trial 63: mean ARI=0.6611  n=96  15.0s  lambda_e=0.01858, lambda_z=0.2295, gamma_p=0.01733, gamma_q=0.002539
  SSC-TV-L21 trial 64: mean ARI=0.1132  n=96  14.9s  lambda_e=0.01747, lambda_z=0.001094, gamma_p=0.01384, gamma_q=0.002305
  SSC-TV-L21 trial 65: mean ARI=0.4261  n=96  14.9s  lambda_e=0.04917, lambda_z=0.1018, gamma_p=0.004637, gamma_q=0.004072
  SSC-TV-L21 trial 66: mean ARI=0.6717  n=96  14.9s  lambda_e=0.01933, lambda_z=0.1788, gamma_p=0.008905, gamma_q=0.001458
  SSC-TV-L21 trial 67: mean ARI=0.4093  n=96  14.9s  lambda_e=0.02381, lambda_z=0.05536, gamma_p=0.01945, gamma_q=0.001628
  SSC-TV-L21 trial 68: mean ARI=0.6662  n=96  14.8s  lambda_e=0.02037, lambda_z=0.1713, gamma_p=0.00979, gamma_q=0.002487
  SSC-TV-L21 trial 69: mean ARI=0.3879  n=96  14.8s  lambda_e=0.01299, lambda_z=0.1697, gamma_p=0.06284, gamma_q=0.002376
  SSC-TV-L21 trial 70: mean ARI=0.4108  n=96  14.8s  lambda_e=0.02781, lambda_z=0.07628, gamma_p=0.009201, gamma_q=0.006918
  SSC-TV-L21 trial 71: mean ARI=0.6647  n=96  14.8s  lambda_e=0.02105, lambda_z=0.2312, gamma_p=0.01854, gamma_q=0.002862
  SSC-TV-L21 trial 72: mean ARI=0.6635  n=96  14.8s  lambda_e=0.01946, lambda_z=0.2822, gamma_p=0.01918, gamma_q=0.001094
  SSC-TV-L21 trial 73: mean ARI=0.6207  n=96  14.8s  lambda_e=0.01892, lambda_z=0.252, gamma_p=0.03504, gamma_q=0.001092
  SSC-TV-L21 trial 74: mean ARI=0.5548  n=96  14.8s  lambda_e=0.01505, lambda_z=0.1091, gamma_p=0.02126, gamma_q=0.002922
  SSC-TV-L21 trial 75: mean ARI=0.5327  n=96  14.8s  lambda_e=0.0364, lambda_z=0.1624, gamma_p=0.01788, gamma_q=0.001017
  SSC-TV-L21 trial 76: mean ARI=0.0066  n=96  14.8s  lambda_e=0.01105, lambda_z=0.2088, gamma_p=6.778, gamma_q=0.003641
  SSC-TV-L21 trial 77: mean ARI=0.5917  n=96  14.8s  lambda_e=0.01974, lambda_z=0.2917, gamma_p=0.04767, gamma_q=0.002489
  SSC-TV-L21 trial 78: mean ARI=0.4207  n=96  14.8s  lambda_e=0.02908, lambda_z=0.07514, gamma_p=0.007788, gamma_q=0.00666
  SSC-TV-L21 trial 79: mean ARI=0.5959  n=96  14.8s  lambda_e=0.01458, lambda_z=0.5554, gamma_p=0.02959, gamma_q=0.003986
  SSC-TV-L21 trial 80: mean ARI=0.4456  n=96  14.8s  lambda_e=0.0534, lambda_z=0.1313, gamma_p=0.003388, gamma_q=0.001434
  SSC-TV-L21 trial 81: mean ARI=0.6710  n=96  14.8s  lambda_e=0.02351, lambda_z=0.2056, gamma_p=0.01016, gamma_q=0.001888
  SSC-TV-L21 trial 82: mean ARI=0.6649  n=96  14.9s  lambda_e=0.01733, lambda_z=0.2286, gamma_p=0.01534, gamma_q=0.002971
  SSC-TV-L21 trial 83: mean ARI=0.6299  n=96  14.8s  lambda_e=0.01671, lambda_z=0.2352, gamma_p=0.02501, gamma_q=0.002574
  SSC-TV-L21 trial 84: mean ARI=0.6257  n=96  14.8s  lambda_e=0.01218, lambda_z=0.3267, gamma_p=0.0167, gamma_q=0.001328
  SSC-TV-L21 trial 85: mean ARI=0.6738  n=96  14.8s  lambda_e=0.03635, lambda_z=0.2267, gamma_p=0.004441, gamma_q=0.001885
  SSC-TV-L21 trial 86: mean ARI=0.4413  n=96  14.8s  lambda_e=0.03348, lambda_z=0.09067, gamma_p=0.006743, gamma_q=0.00191
  SSC-TV-L21 trial 87: mean ARI=0.4232  n=96  14.8s  lambda_e=0.04112, lambda_z=0.06141, gamma_p=0.004855, gamma_q=0.004859
  SSC-TV-L21 trial 88: mean ARI=0.4197  n=96  14.8s  lambda_e=0.08599, lambda_z=0.04277, gamma_p=0.01011, gamma_q=0.001123
  SSC-TV-L21 trial 89: mean ARI=0.4283  n=96  14.8s  lambda_e=0.05897, lambda_z=0.109, gamma_p=0.004067, gamma_q=0.001941
  SSC-TV-L21 trial 90: mean ARI=0.0059  n=96  14.8s  lambda_e=0.1067, lambda_z=0.6098, gamma_p=0.007183, gamma_q=3.933
  SSC-TV-L21 trial 91: mean ARI=0.6566  n=96  14.8s  lambda_e=0.02104, lambda_z=0.3611, gamma_p=0.0176, gamma_q=0.002698
  SSC-TV-L21 trial 92: mean ARI=0.6784  n=96  14.9s  lambda_e=0.03017, lambda_z=0.2235, gamma_p=0.008501, gamma_q=0.001596
  SSC-TV-L21 trial 93: mean ARI=0.6045  n=96  15.0s  lambda_e=0.02874, lambda_z=0.1509, gamma_p=0.01168, gamma_q=0.001585
  SSC-TV-L21 trial 94: mean ARI=0.4010  n=96  14.9s  lambda_e=0.03783, lambda_z=0.004569, gamma_p=0.009022, gamma_q=0.00133
  SSC-TV-L21 trial 95: mean ARI=0.6639  n=96  15.0s  lambda_e=0.04809, lambda_z=0.2801, gamma_p=0.008005, gamma_q=0.002178
  SSC-TV-L21 trial 96: mean ARI=0.5735  n=96  14.9s  lambda_e=0.04668, lambda_z=0.2016, gamma_p=0.006159, gamma_q=0.005925
  SSC-TV-L21 trial 97: mean ARI=0.4205  n=96  15.0s  lambda_e=0.08108, lambda_z=0.1188, gamma_p=0.005366, gamma_q=0.003257
  SSC-TV-L21 trial 98: mean ARI=0.6613  n=96  15.0s  lambda_e=0.03025, lambda_z=0.5031, gamma_p=0.003506, gamma_q=0.002114
  SSC-TV-L21 trial 99: mean ARI=0.6693  n=96  15.0s  lambda_e=0.06036, lambda_z=0.3778, gamma_p=0.008146, gamma_q=0.004291
  best mean ARI=0.6784  tune 1486.8s  lambda_e=0.03017, lambda_z=0.2235, gamma_p=0.008501, gamma_q=0.001596
  wrote /nfs/turbo/umms-minjilab/lpullela/icassp_ssc_tv2/ballet_dataset/ballet_cluster_sigmas_params.json

============================================================
--- Tuning SSC-TV-L21-col over 96 train mats ---
  SSC-TV-L21-col trial 0: mean ARI=0.1046  n=96  11.8s  lambda_e=1, lambda_z=0.1, gamma_q=0.1
  SSC-TV-L21-col trial 1: mean ARI=0.0512  n=96  11.8s  lambda_e=0.443, lambda_z=0.7257, gamma_q=0.2577
  SSC-TV-L21-col trial 2: mean ARI=0.0147  n=96  11.8s  lambda_e=0.4312, lambda_z=0.0495, gamma_q=0.3833
  SSC-TV-L21-col trial 3: mean ARI=0.0065  n=96  11.8s  lambda_e=0.2055, lambda_z=3.691, gamma_q=7.156
  SSC-TV-L21-col trial 4: mean ARI=0.3122  n=96  11.8s  lambda_e=0.1414, lambda_z=1.469, gamma_q=0.1305
  SSC-TV-L21-col trial 5: mean ARI=0.3740  n=96  11.9s  lambda_e=0.506, lambda_z=5.039, gamma_q=0.001924
  SSC-TV-L21-col trial 6: mean ARI=0.0256  n=96  11.8s  lambda_e=0.01826, lambda_z=0.001205, gamma_q=2.14
  SSC-TV-L21-col trial 7: mean ARI=0.0068  n=96  11.8s  lambda_e=2.16, lambda_z=3.02, gamma_q=8.212
  SSC-TV-L21-col trial 8: mean ARI=0.0104  n=96  11.8s  lambda_e=2.497, lambda_z=0.07013, gamma_q=1.325
  SSC-TV-L21-col trial 9: mean ARI=0.6501  n=96  11.8s  lambda_e=0.02264, lambda_z=0.3628, gamma_q=0.003745
  SSC-TV-L21-col trial 10: mean ARI=0.4468  n=96  11.9s  lambda_e=0.01151, lambda_z=0.001661, gamma_q=0.001211
  SSC-TV-L21-col trial 11: mean ARI=0.4490  n=96  11.8s  lambda_e=0.01149, lambda_z=0.001291, gamma_q=0.001066
  SSC-TV-L21-col trial 12: mean ARI=0.3954  n=96  11.8s  lambda_e=0.03167, lambda_z=0.008889, gamma_q=0.008425
  SSC-TV-L21-col trial 13: mean ARI=0.6420  n=96  11.9s  lambda_e=0.03944, lambda_z=0.3899, gamma_q=0.008729
  SSC-TV-L21-col trial 14: mean ARI=0.6310  n=96  11.8s  lambda_e=0.05812, lambda_z=0.4581, gamma_q=0.01655
  SSC-TV-L21-col trial 15: mean ARI=0.4146  n=96  11.8s  lambda_e=0.06767, lambda_z=0.2348, gamma_q=0.01265
  SSC-TV-L21-col trial 16: mean ARI=0.1844  n=96  11.9s  lambda_e=0.03818, lambda_z=0.01661, gamma_q=0.03553
  SSC-TV-L21-col trial 17: mean ARI=0.3566  n=96  11.8s  lambda_e=7.949, lambda_z=0.2771, gamma_q=0.005024
  SSC-TV-L21-col trial 18: mean ARI=0.6246  n=96  11.8s  lambda_e=0.1189, lambda_z=0.9967, gamma_q=0.003587
  SSC-TV-L21-col trial 19: mean ARI=0.3112  n=96  11.8s  lambda_e=0.02828, lambda_z=0.1425, gamma_q=0.03819
  SSC-TV-L21-col trial 20: mean ARI=0.2381  n=96  11.8s  lambda_e=0.07032, lambda_z=0.03127, gamma_q=0.03499
  SSC-TV-L21-col trial 21: mean ARI=0.6406  n=96  11.8s  lambda_e=0.05326, lambda_z=0.4277, gamma_q=0.01492
  SSC-TV-L21-col trial 22: mean ARI=0.4969  n=96  11.8s  lambda_e=0.02185, lambda_z=8.967, gamma_q=0.00405
  SSC-TV-L21-col trial 23: mean ARI=0.6376  n=96  11.8s  lambda_e=0.05131, lambda_z=1.456, gamma_q=0.01772
  SSC-TV-L21-col trial 24: mean ARI=0.4005  n=96  11.9s  lambda_e=0.0947, lambda_z=0.297, gamma_q=0.008024
  SSC-TV-L21-col trial 25: mean ARI=0.3568  n=96  11.8s  lambda_e=0.191, lambda_z=0.1711, gamma_q=0.003511
  SSC-TV-L21-col trial 26: mean ARI=0.3567  n=96  11.9s  lambda_e=0.01567, lambda_z=0.4014, gamma_q=0.07681
  SSC-TV-L21-col trial 27: mean ARI=0.6349  n=96  11.9s  lambda_e=0.03807, lambda_z=0.7418, gamma_q=0.002198
  SSC-TV-L21-col trial 28: mean ARI=0.5244  n=96  11.8s  lambda_e=0.2425, lambda_z=1.896, gamma_q=0.02019
  SSC-TV-L21-col trial 29: mean ARI=0.6461  n=96  11.8s  lambda_e=0.02276, lambda_z=0.1502, gamma_q=0.007573
  SSC-TV-L21-col trial 30: mean ARI=0.6438  n=96  11.8s  lambda_e=0.01037, lambda_z=0.1078, gamma_q=0.007334
  SSC-TV-L21-col trial 31: mean ARI=0.6168  n=96  11.8s  lambda_e=0.01881, lambda_z=0.1058, gamma_q=0.006533
  SSC-TV-L21-col trial 32: mean ARI=0.4645  n=96  11.9s  lambda_e=0.01071, lambda_z=0.04684, gamma_q=0.002187
  SSC-TV-L21-col trial 33: mean ARI=0.3935  n=96  11.8s  lambda_e=0.02508, lambda_z=0.07871, gamma_q=0.008575
  SSC-TV-L21-col trial 34: mean ARI=0.1266  n=96  11.8s  lambda_e=0.01598, lambda_z=0.0285, gamma_q=0.06148
  SSC-TV-L21-col trial 35: mean ARI=0.4527  n=96  11.8s  lambda_e=0.04101, lambda_z=0.1335, gamma_q=0.002723
  SSC-TV-L21-col trial 36: mean ARI=0.2164  n=96  11.8s  lambda_e=0.02434, lambda_z=0.6645, gamma_q=0.1435
  SSC-TV-L21-col trial 37: mean ARI=0.2066  n=96  11.8s  lambda_e=0.01044, lambda_z=0.009787, gamma_q=0.02526
  SSC-TV-L21-col trial 38: mean ARI=0.3543  n=96  11.8s  lambda_e=0.08068, lambda_z=0.1855, gamma_q=0.01055
  SSC-TV-L21-col trial 39: mean ARI=0.5398  n=96  11.9s  lambda_e=0.01531, lambda_z=0.07555, gamma_q=0.005218
  SSC-TV-L21-col trial 40: mean ARI=0.3879  n=96  11.8s  lambda_e=0.03108, lambda_z=0.05463, gamma_q=0.001338
  SSC-TV-L21-col trial 41: mean ARI=0.6465  n=96  11.9s  lambda_e=0.04579, lambda_z=0.4553, gamma_q=0.005802
  SSC-TV-L21-col trial 42: mean ARI=0.6411  n=96  11.8s  lambda_e=0.04763, lambda_z=0.6385, gamma_q=0.005737
  SSC-TV-L21-col trial 43: mean ARI=0.6377  n=96  11.8s  lambda_e=0.02194, lambda_z=1.041, gamma_q=0.01057
  SSC-TV-L21-col trial 44: mean ARI=0.6116  n=96  11.8s  lambda_e=0.1434, lambda_z=2.286, gamma_q=0.001707
  SSC-TV-L21-col trial 45: mean ARI=0.6470  n=96  11.8s  lambda_e=0.01425, lambda_z=0.3068, gamma_q=0.003242
  SSC-TV-L21-col trial 46: mean ARI=0.6489  n=96  11.9s  lambda_e=0.01547, lambda_z=0.2077, gamma_q=0.00277
  SSC-TV-L21-col trial 47: mean ARI=0.6482  n=96  11.9s  lambda_e=0.01457, lambda_z=0.2392, gamma_q=0.003059
  SSC-TV-L21-col trial 48: mean ARI=0.6478  n=96  11.9s  lambda_e=0.01482, lambda_z=0.2204, gamma_q=0.002777
  SSC-TV-L21-col trial 49: mean ARI=0.6472  n=96  11.9s  lambda_e=0.01414, lambda_z=0.2076, gamma_q=0.001522
  SSC-TV-L21-col trial 50: mean ARI=0.6464  n=96  11.9s  lambda_e=0.01403, lambda_z=0.2253, gamma_q=0.001079
  SSC-TV-L21-col trial 51: mean ARI=0.6470  n=96  11.9s  lambda_e=0.01385, lambda_z=0.2933, gamma_q=0.002885
  SSC-TV-L21-col trial 52: mean ARI=0.6539  n=96  11.9s  lambda_e=0.01747, lambda_z=0.2241, gamma_q=0.001627
  SSC-TV-L21-col trial 53: mean ARI=0.6347  n=96  11.9s  lambda_e=0.01925, lambda_z=0.5927, gamma_q=0.00169
  SSC-TV-L21-col trial 54: mean ARI=0.4416  n=96  11.9s  lambda_e=0.03168, lambda_z=0.002978, gamma_q=0.001719
  SSC-TV-L21-col trial 55: mean ARI=0.3594  n=96  11.9s  lambda_e=1.145, lambda_z=0.22, gamma_q=0.00102
  SSC-TV-L21-col trial 56: mean ARI=0.0072  n=96  11.9s  lambda_e=0.03038, lambda_z=1.167, gamma_q=0.6215
  SSC-TV-L21-col trial 57: mean ARI=0.6518  n=96  11.9s  lambda_e=0.01277, lambda_z=0.1156, gamma_q=0.004205
  SSC-TV-L21-col trial 58: mean ARI=0.3922  n=96  11.8s  lambda_e=0.01835, lambda_z=0.05428, gamma_q=0.004349
  SSC-TV-L21-col trial 59: mean ARI=0.0150  n=96  11.8s  lambda_e=0.01259, lambda_z=0.03579, gamma_q=4.635
  SSC-TV-L21-col trial 60: mean ARI=0.6428  n=96  11.9s  lambda_e=0.01965, lambda_z=0.1158, gamma_q=0.00256
  SSC-TV-L21-col trial 61: mean ARI=0.6460  n=96  11.8s  lambda_e=0.01003, lambda_z=0.1821, gamma_q=0.001494
  SSC-TV-L21-col trial 62: mean ARI=0.5661  n=96  11.9s  lambda_e=0.01655, lambda_z=0.08269, gamma_q=0.003999
  SSC-TV-L21-col trial 63: mean ARI=0.6450  n=96  11.8s  lambda_e=0.02619, lambda_z=0.3845, gamma_q=0.001917
  SSC-TV-L21-col trial 64: mean ARI=0.6440  n=96  11.9s  lambda_e=0.01284, lambda_z=0.2489, gamma_q=0.00284
  SSC-TV-L21-col trial 65: mean ARI=0.5819  n=96  11.8s  lambda_e=0.03336, lambda_z=0.1462, gamma_q=0.001363
  SSC-TV-L21-col trial 66: mean ARI=0.6533  n=96  11.9s  lambda_e=0.02171, lambda_z=0.3484, gamma_q=0.002139
  SSC-TV-L21-col trial 67: mean ARI=0.3045  n=96  11.9s  lambda_e=6.086, lambda_z=0.8714, gamma_q=0.004368
  SSC-TV-L21-col trial 68: mean ARI=0.6497  n=96  11.9s  lambda_e=0.02323, lambda_z=0.3545, gamma_q=0.002176
  SSC-TV-L21-col trial 69: mean ARI=0.6382  n=96  11.9s  lambda_e=0.02501, lambda_z=0.5568, gamma_q=0.002189
  SSC-TV-L21-col trial 70: mean ARI=0.6390  n=96  11.9s  lambda_e=0.05985, lambda_z=0.4792, gamma_q=0.003763
  SSC-TV-L21-col trial 71: mean ARI=0.6515  n=96  11.9s  lambda_e=0.01934, lambda_z=0.3265, gamma_q=0.002114
  SSC-TV-L21-col trial 72: mean ARI=0.6525  n=96  11.9s  lambda_e=0.02092, lambda_z=0.336, gamma_q=0.002239
  SSC-TV-L21-col trial 73: mean ARI=0.6485  n=96  11.9s  lambda_e=0.03714, lambda_z=0.3183, gamma_q=0.002113
  SSC-TV-L21-col trial 74: mean ARI=0.6512  n=96  11.9s  lambda_e=0.02134, lambda_z=0.3933, gamma_q=0.004841
  SSC-TV-L21-col trial 75: mean ARI=0.6519  n=96  11.9s  lambda_e=0.01997, lambda_z=0.3538, gamma_q=0.01115
  SSC-TV-L21-col trial 76: mean ARI=0.6305  n=96  11.9s  lambda_e=0.01958, lambda_z=0.882, gamma_q=0.0119
  SSC-TV-L21-col trial 77: mean ARI=0.6369  n=96  11.9s  lambda_e=0.02792, lambda_z=0.7907, gamma_q=0.02385
  SSC-TV-L21-col trial 78: mean ARI=0.6462  n=96  11.9s  lambda_e=0.04281, lambda_z=0.4885, gamma_q=0.005289
  SSC-TV-L21-col trial 79: mean ARI=0.6359  n=96  11.9s  lambda_e=0.02179, lambda_z=1.494, gamma_q=0.01455
  SSC-TV-L21-col trial 80: mean ARI=0.6340  n=96  12.0s  lambda_e=0.01187, lambda_z=0.09413, gamma_q=0.006849
  SSC-TV-L21-col trial 81: mean ARI=0.6514  n=96  11.9s  lambda_e=0.02262, lambda_z=0.3342, gamma_q=0.004714
  SSC-TV-L21-col trial 82: mean ARI=0.6473  n=96  11.9s  lambda_e=0.03393, lambda_z=0.4001, gamma_q=0.009935
  SSC-TV-L21-col trial 83: mean ARI=0.5825  n=96  12.0s  lambda_e=0.02742, lambda_z=0.1317, gamma_q=0.006592
  SSC-TV-L21-col trial 84: mean ARI=0.6541  n=96  12.0s  lambda_e=0.01739, lambda_z=0.1622, gamma_q=0.004502
  SSC-TV-L21-col trial 85: mean ARI=0.6536  n=96  12.0s  lambda_e=0.01709, lambda_z=0.1631, gamma_q=0.004218
  SSC-TV-L21-col trial 86: mean ARI=0.6520  n=96  11.9s  lambda_e=0.01738, lambda_z=0.1604, gamma_q=0.003637
  SSC-TV-L21-col trial 87: mean ARI=0.6519  n=96  12.0s  lambda_e=0.01703, lambda_z=0.157, gamma_q=0.003417
  SSC-TV-L21-col trial 88: mean ARI=0.4487  n=96  11.9s  lambda_e=0.01803, lambda_z=0.06674, gamma_q=0.003505
  SSC-TV-L21-col trial 89: mean ARI=0.6544  n=96  11.9s  lambda_e=0.01113, lambda_z=0.09855, gamma_q=0.001245
  SSC-TV-L21-col trial 90: mean ARI=0.6557  n=96  12.0s  lambda_e=0.0167, lambda_z=0.1576, gamma_q=0.001268
  SSC-TV-L21-col trial 91: mean ARI=0.6574  n=96  11.9s  lambda_e=0.01647, lambda_z=0.1576, gamma_q=0.001259
  SSC-TV-L21-col trial 92: mean ARI=0.6481  n=96  11.9s  lambda_e=0.01076, lambda_z=0.1758, gamma_q=0.001265
  SSC-TV-L21-col trial 93: mean ARI=0.6554  n=96  12.0s  lambda_e=0.01178, lambda_z=0.09848, gamma_q=0.001163
  SSC-TV-L21-col trial 94: mean ARI=0.6524  n=96  12.0s  lambda_e=0.01169, lambda_z=0.09256, gamma_q=0.001014
  SSC-TV-L21-col trial 95: mean ARI=0.6237  n=96  12.0s  lambda_e=0.01156, lambda_z=0.06926, gamma_q=0.001107
  SSC-TV-L21-col trial 96: mean ARI=0.6520  n=96  12.0s  lambda_e=0.01194, lambda_z=0.09539, gamma_q=0.001008
  SSC-TV-L21-col trial 97: mean ARI=0.6589  n=96  12.0s  lambda_e=0.01603, lambda_z=0.1225, gamma_q=0.001397
  SSC-TV-L21-col trial 98: mean ARI=0.3937  n=96  11.9s  lambda_e=0.01612, lambda_z=0.04609, gamma_q=0.001523
  SSC-TV-L21-col trial 99: mean ARI=0.3808  n=96  12.0s  lambda_e=0.02714, lambda_z=0.04022, gamma_q=0.00176
  best mean ARI=0.6589  tune 1188.1s  lambda_e=0.01603, lambda_z=0.1225, gamma_q=0.001397
  wrote /nfs/turbo/umms-minjilab/lpullela/icassp_ssc_tv2/ballet_dataset/ballet_cluster_sigmas_params.json

=== train[0] k=5  dim=208  frames=208  σ=0.0  seqs=['seq_000002', 'seq_000011', 'seq_000017', 'seq_000023', 'seq_000036'] ===
  OSC: ACC=0.5385  NMI=0.6480  ARI=0.4317  0.2s
  TKSS: ACC=0.6202  NMI=0.5622  ARI=0.3997  0.1s
  SSC-TV-L21: ACC=0.6442  NMI=0.6456  ARI=0.4551  0.2s
  SSC-TV-L21-col: ACC=0.6250  NMI=0.6422  ARI=0.4540  0.1s
  BDOSC: ACC=0.5769  NMI=0.6081  ARI=0.3921  4.8s

=== train[1] k=5  dim=157  frames=157  σ=0.0  seqs=['seq_000001', 'seq_000004', 'seq_000009', 'seq_000017', 'seq_000031'] ===
  OSC: ACC=0.4968  NMI=0.5554  ARI=0.3130  0.2s
  TKSS: ACC=0.7516  NMI=0.6982  ARI=0.5895  0.0s
  SSC-TV-L21: ACC=0.5350  NMI=0.6145  ARI=0.3839  0.1s
  SSC-TV-L21-col: ACC=0.5350  NMI=0.6145  ARI=0.3839  0.1s
  BDOSC: ACC=0.7261  NMI=0.6940  ARI=0.5696  1.4s

=== train[2] k=5  dim=169  frames=169  σ=0.0  seqs=['seq_000001', 'seq_000002', 'seq_000011', 'seq_000029', 'seq_000043'] ===
  OSC: ACC=0.5148  NMI=0.7308  ARI=0.5055  0.2s
  TKSS: ACC=0.8343  NMI=0.8127  ARI=0.6992  0.0s
  SSC-TV-L21: ACC=0.5148  NMI=0.7127  ARI=0.4937  0.1s
  SSC-TV-L21-col: ACC=0.5148  NMI=0.7117  ARI=0.4908  0.1s
  BDOSC: ACC=0.6627  NMI=0.7405  ARI=0.5709  1.7s

=== train[3] k=5  dim=233  frames=233  σ=0.0  seqs=['seq_000003', 'seq_000018', 'seq_000026', 'seq_000029', 'seq_000033'] ===
  OSC: ACC=0.6266  NMI=0.6728  ARI=0.4893  0.3s
  TKSS: ACC=0.7897  NMI=0.7593  ARI=0.6553  0.1s
  SSC-TV-L21: ACC=0.5708  NMI=0.6584  ARI=0.4199  0.3s
  SSC-TV-L21-col: ACC=0.5107  NMI=0.5489  ARI=0.2561  0.2s
  BDOSC: ACC=0.8541  NMI=0.7536  ARI=0.6796  3.3s

=== train[4] k=5  dim=124  frames=124  σ=0.0  seqs=['seq_000002', 'seq_000005', 'seq_000027', 'seq_000028', 'seq_000042'] ===
  OSC: ACC=0.6290  NMI=0.6142  ARI=0.4361  0.1s
  TKSS: ACC=0.9032  NMI=0.8209  ARI=0.7834  0.0s
  SSC-TV-L21: ACC=0.7097  NMI=0.7425  ARI=0.6055  0.1s
  SSC-TV-L21-col: ACC=0.6290  NMI=0.6647  ARI=0.4829  0.1s
  BDOSC: ACC=0.5645  NMI=0.6696  ARI=0.5099  1.0s

=== train[5] k=5  dim=199  frames=199  σ=0.0  seqs=['seq_000002', 'seq_000011', 'seq_000017', 'seq_000027', 'seq_000031'] ===
  OSC: ACC=0.5779  NMI=0.6245  ARI=0.4322  0.2s
  TKSS: ACC=0.7236  NMI=0.6823  ARI=0.5437  0.1s
  SSC-TV-L21: ACC=0.6231  NMI=0.6457  ARI=0.4299  0.2s
  SSC-TV-L21-col: ACC=0.6030  NMI=0.6423  ARI=0.4294  0.1s
  BDOSC: ACC=0.6030  NMI=0.6616  ARI=0.4658  2.3s

=== train[6] k=5  dim=175  frames=175  σ=0.0  seqs=['seq_000009', 'seq_000022', 'seq_000025', 'seq_000029', 'seq_000041'] ===
  OSC: ACC=0.6229  NMI=0.7495  ARI=0.6011  0.2s
  TKSS: ACC=0.6514  NMI=0.6185  ARI=0.4987  0.1s
  SSC-TV-L21: ACC=0.5657  NMI=0.6644  ARI=0.4629  0.1s
  SSC-TV-L21-col: ACC=0.6743  NMI=0.7608  ARI=0.6127  0.1s
  BDOSC: ACC=0.7029  NMI=0.7466  ARI=0.6068  1.8s

=== train[7] k=5  dim=154  frames=154  σ=0.0  seqs=['seq_000009', 'seq_000017', 'seq_000019', 'seq_000020', 'seq_000043'] ===
  OSC: ACC=0.7013  NMI=0.6535  ARI=0.4272  0.2s
  TKSS: ACC=0.7532  NMI=0.7002  ARI=0.5148  0.0s
  SSC-TV-L21: ACC=0.6753  NMI=0.6494  ARI=0.4561  0.1s
  SSC-TV-L21-col: ACC=0.6753  NMI=0.6494  ARI=0.4561  0.1s
  BDOSC: ACC=0.6948  NMI=0.6610  ARI=0.4851  1.3s

=== train[8] k=5  dim=163  frames=163  σ=0.0  seqs=['seq_000001', 'seq_000005', 'seq_000022', 'seq_000029', 'seq_000042'] ===
  OSC: ACC=0.9264  NMI=0.9151  ARI=0.8934  0.2s
  TKSS: ACC=0.8466  NMI=0.7696  ARI=0.6646  0.1s
  SSC-TV-L21: ACC=0.5828  NMI=0.6455  ARI=0.4288  0.1s
  SSC-TV-L21-col: ACC=0.5828  NMI=0.6455  ARI=0.4288  0.1s
  BDOSC: ACC=0.4908  NMI=0.5599  ARI=0.3176  1.6s

=== train[9] k=5  dim=158  frames=158  σ=0.0  seqs=['seq_000004', 'seq_000009', 'seq_000012', 'seq_000023', 'seq_000031'] ===
  OSC: ACC=0.5570  NMI=0.6193  ARI=0.3666  0.2s
  TKSS: ACC=0.7152  NMI=0.7960  ARI=0.6801  0.0s
  SSC-TV-L21: ACC=0.6772  NMI=0.6923  ARI=0.5393  0.1s
  SSC-TV-L21-col: ACC=0.6203  NMI=0.6293  ARI=0.4665  0.1s
  BDOSC: ACC=0.7595  NMI=0.7534  ARI=0.6225  1.5s

=== train[10] k=5  dim=182  frames=182  σ=0.0  seqs=['seq_000002', 'seq_000009', 'seq_000012', 'seq_000018', 'seq_000023'] ===
  OSC: ACC=0.5165  NMI=0.5790  ARI=0.3514  0.2s
  TKSS: ACC=0.6429  NMI=0.6021  ARI=0.4281  0.1s
  SSC-TV-L21: ACC=0.5110  NMI=0.5775  ARI=0.3508  0.1s
  SSC-TV-L21-col: ACC=0.5110  NMI=0.5775  ARI=0.3508  0.1s
  BDOSC: ACC=0.6648  NMI=0.7018  ARI=0.5507  2.0s

=== train[11] k=5  dim=212  frames=212  σ=0.0  seqs=['seq_000009', 'seq_000012', 'seq_000022', 'seq_000023', 'seq_000036'] ===
  OSC: ACC=0.5236  NMI=0.4982  ARI=0.2731  0.3s
  TKSS: ACC=0.7217  NMI=0.6864  ARI=0.5791  0.1s
  SSC-TV-L21: ACC=0.5566  NMI=0.5204  ARI=0.3143  0.2s
  SSC-TV-L21-col: ACC=0.5566  NMI=0.5204  ARI=0.3143  0.1s
  BDOSC: ACC=0.7311  NMI=0.7153  ARI=0.5765  2.7s

=== train[12] k=5  dim=159  frames=159  σ=0.0  seqs=['seq_000001', 'seq_000017', 'seq_000023', 'seq_000024', 'seq_000039'] ===
  OSC: ACC=0.6792  NMI=0.7029  ARI=0.5256  0.2s
  TKSS: ACC=0.8553  NMI=0.7973  ARI=0.7165  0.0s
  SSC-TV-L21: ACC=0.5409  NMI=0.5803  ARI=0.3297  0.1s
  SSC-TV-L21-col: ACC=0.5409  NMI=0.5803  ARI=0.3297  0.1s
  BDOSC: ACC=0.5660  NMI=0.5899  ARI=0.3387  1.5s

=== train[13] k=5  dim=179  frames=179  σ=0.0  seqs=['seq_000028', 'seq_000029', 'seq_000033', 'seq_000035', 'seq_000039'] ===
  OSC: ACC=0.6536  NMI=0.7437  ARI=0.5428  0.2s
  TKSS: ACC=0.9162  NMI=0.8328  ARI=0.8176  0.1s
  SSC-TV-L21: ACC=0.6369  NMI=0.7044  ARI=0.5035  0.1s
  SSC-TV-L21-col: ACC=0.5475  NMI=0.6277  ARI=0.3533  0.1s
  BDOSC: ACC=0.6592  NMI=0.7394  ARI=0.5694  1.9s

=== train[14] k=5  dim=200  frames=200  σ=0.0  seqs=['seq_000001', 'seq_000023', 'seq_000025', 'seq_000026', 'seq_000039'] ===
  OSC: ACC=0.6500  NMI=0.7507  ARI=0.5642  0.2s
  TKSS: ACC=0.8100  NMI=0.7591  ARI=0.6403  0.1s
  SSC-TV-L21: ACC=0.5100  NMI=0.6218  ARI=0.4333  0.2s
  SSC-TV-L21-col: ACC=0.5200  NMI=0.6154  ARI=0.4303  0.1s
  BDOSC: ACC=0.7050  NMI=0.7125  ARI=0.5492  2.4s

=== train[15] k=5  dim=222  frames=222  σ=0.0  seqs=['seq_000018', 'seq_000019', 'seq_000020', 'seq_000031', 'seq_000035'] ===
  OSC: ACC=0.5225  NMI=0.6429  ARI=0.4325  0.3s
  TKSS: ACC=0.8964  NMI=0.8458  ARI=0.7934  0.0s
  SSC-TV-L21: ACC=0.6396  NMI=0.7465  ARI=0.5711  0.2s
  SSC-TV-L21-col: ACC=0.6306  NMI=0.7441  ARI=0.5675  0.2s
  BDOSC: ACC=0.5360  NMI=0.6315  ARI=0.4302  2.9s

=== train[16] k=5  dim=198  frames=198  σ=0.0  seqs=['seq_000022', 'seq_000026', 'seq_000028', 'seq_000033', 'seq_000042'] ===
  OSC: ACC=0.6313  NMI=0.6680  ARI=0.4893  0.2s
  TKSS: ACC=0.6162  NMI=0.6690  ARI=0.5145  0.0s
  SSC-TV-L21: ACC=0.6010  NMI=0.5997  ARI=0.4221  0.2s
  SSC-TV-L21-col: ACC=0.6010  NMI=0.5997  ARI=0.4221  0.1s
  BDOSC: ACC=0.4293  NMI=0.5230  ARI=0.2287  2.3s

=== train[17] k=5  dim=213  frames=213  σ=0.0  seqs=['seq_000017', 'seq_000020', 'seq_000026', 'seq_000039', 'seq_000041'] ===
  OSC: ACC=0.6808  NMI=0.7171  ARI=0.5618  0.3s
  TKSS: ACC=0.7371  NMI=0.7630  ARI=0.6566  0.2s
  SSC-TV-L21: ACC=0.4836  NMI=0.6137  ARI=0.3740  0.2s
  SSC-TV-L21-col: ACC=0.4930  NMI=0.6143  ARI=0.3754  0.2s
  BDOSC: ACC=0.4930  NMI=0.6346  ARI=0.3896  2.7s

=== train[18] k=5  dim=184  frames=184  σ=0.0  seqs=['seq_000004', 'seq_000012', 'seq_000022', 'seq_000028', 'seq_000042'] ===
  OSC: ACC=0.6087  NMI=0.5240  ARI=0.3279  0.2s
  TKSS: ACC=0.6793  NMI=0.5858  ARI=0.4407  0.1s
  SSC-TV-L21: ACC=0.7011  NMI=0.7060  ARI=0.5861  0.1s
  SSC-TV-L21-col: ACC=0.5924  NMI=0.5241  ARI=0.3832  0.1s
  BDOSC: ACC=0.8913  NMI=0.8010  ARI=0.7878  2.0s

=== train[19] k=5  dim=203  frames=203  σ=0.0  seqs=['seq_000021', 'seq_000025', 'seq_000026', 'seq_000029', 'seq_000041'] ===
  OSC: ACC=0.6700  NMI=0.6803  ARI=0.5079  0.2s
  TKSS: ACC=0.7143  NMI=0.7308  ARI=0.6013  0.1s
  SSC-TV-L21: ACC=0.6995  NMI=0.7241  ARI=0.5962  0.2s
  SSC-TV-L21-col: ACC=0.5567  NMI=0.6025  ARI=0.3985  0.1s
  BDOSC: ACC=0.7192  NMI=0.7514  ARI=0.6246  2.5s

=== train[20] k=5  dim=174  frames=174  σ=0.0  seqs=['seq_000001', 'seq_000021', 'seq_000025', 'seq_000027', 'seq_000041'] ===
  OSC: ACC=0.6954  NMI=0.7627  ARI=0.5940  0.2s
  TKSS: ACC=0.8563  NMI=0.8358  ARI=0.7603  0.0s
  SSC-TV-L21: ACC=0.6897  NMI=0.7670  ARI=0.6032  0.1s
  SSC-TV-L21-col: ACC=0.6954  NMI=0.7627  ARI=0.5940  0.1s
  BDOSC: ACC=0.6954  NMI=0.7460  ARI=0.6106  1.8s

=== train[21] k=5  dim=218  frames=218  σ=0.0  seqs=['seq_000001', 'seq_000022', 'seq_000024', 'seq_000025', 'seq_000036'] ===
  OSC: ACC=0.7248  NMI=0.7528  ARI=0.5762  0.3s
  TKSS: ACC=0.8440  NMI=0.7995  ARI=0.7293  0.2s
  SSC-TV-L21: ACC=0.5642  NMI=0.5805  ARI=0.3389  0.2s
  SSC-TV-L21-col: ACC=0.5688  NMI=0.5807  ARI=0.3393  0.2s
  BDOSC: ACC=0.6927  NMI=0.7352  ARI=0.5339  2.9s

=== train[22] k=5  dim=250  frames=250  σ=0.0  seqs=['seq_000011', 'seq_000012', 'seq_000020', 'seq_000027', 'seq_000036'] ===
  OSC: ACC=0.7080  NMI=0.7554  ARI=0.6019  0.4s
  TKSS: ACC=0.8160  NMI=0.7816  ARI=0.6936  0.1s
  SSC-TV-L21: ACC=0.7080  NMI=0.7570  ARI=0.6047  0.3s
  SSC-TV-L21-col: ACC=0.6320  NMI=0.6394  ARI=0.4592  0.2s
  BDOSC: ACC=0.6760  NMI=0.6732  ARI=0.4961  3.6s

=== train[23] k=5  dim=201  frames=201  σ=0.0  seqs=['seq_000002', 'seq_000018', 'seq_000025', 'seq_000028', 'seq_000039'] ===
  OSC: ACC=0.6866  NMI=0.6983  ARI=0.4922  0.2s
  TKSS: ACC=0.8259  NMI=0.7463  ARI=0.6446  0.1s
  SSC-TV-L21: ACC=0.5622  NMI=0.6846  ARI=0.4015  0.2s
  SSC-TV-L21-col: ACC=0.5622  NMI=0.6846  ARI=0.4015  0.1s
  BDOSC: ACC=0.5572  NMI=0.7155  ARI=0.5104  2.4s

=== test[0] k=5  dim=193  frames=193  σ=0.0  seqs=['seq_000007', 'seq_000008', 'seq_000015', 'seq_000016', 'seq_000040'] ===
  OSC: ACC=0.5492  NMI=0.6051  ARI=0.3237  0.2s
  TKSS: ACC=0.6839  NMI=0.6075  ARI=0.5058  0.1s
  SSC-TV-L21: ACC=0.5181  NMI=0.5858  ARI=0.3207  0.2s
  SSC-TV-L21-col: ACC=0.4352  NMI=0.5494  ARI=0.2997  0.1s
  BDOSC: ACC=0.5544  NMI=0.6258  ARI=0.3564  2.2s

=== test[1] k=5  dim=195  frames=195  σ=0.0  seqs=['seq_000008', 'seq_000010', 'seq_000030', 'seq_000037', 'seq_000040'] ===
  OSC: ACC=0.4154  NMI=0.5211  ARI=0.1911  0.2s
  TKSS: ACC=0.6821  NMI=0.6176  ARI=0.4542  0.1s
  SSC-TV-L21: ACC=0.3795  NMI=0.4644  ARI=0.1677  0.2s
  SSC-TV-L21-col: ACC=0.4051  NMI=0.4669  ARI=0.1742  0.1s
  BDOSC: ACC=0.6513  NMI=0.6931  ARI=0.5355  2.3s

=== test[2] k=5  dim=166  frames=166  σ=0.0  seqs=['seq_000006', 'seq_000007', 'seq_000013', 'seq_000030', 'seq_000040'] ===
  OSC: ACC=0.4518  NMI=0.5511  ARI=0.2381  0.2s
  TKSS: ACC=0.5783  NMI=0.6742  ARI=0.5068  0.1s
  SSC-TV-L21: ACC=0.4699  NMI=0.5166  ARI=0.2429  0.1s
  SSC-TV-L21-col: ACC=0.4880  NMI=0.5190  ARI=0.2503  0.1s
  BDOSC: ACC=0.6928  NMI=0.7172  ARI=0.6651  1.7s

=== test[3] k=5  dim=176  frames=176  σ=0.0  seqs=['seq_000010', 'seq_000015', 'seq_000034', 'seq_000038', 'seq_000044'] ===
  OSC: ACC=0.6989  NMI=0.6943  ARI=0.5287  0.2s
  TKSS: ACC=0.7557  NMI=0.6726  ARI=0.5294  0.1s
  SSC-TV-L21: ACC=0.3750  NMI=0.4280  ARI=0.1394  0.1s
  SSC-TV-L21-col: ACC=0.3750  NMI=0.4280  ARI=0.1394  0.1s
  BDOSC: ACC=0.6477  NMI=0.6801  ARI=0.4630  1.9s

=== test[4] k=5  dim=152  frames=152  σ=0.0  seqs=['seq_000007', 'seq_000010', 'seq_000015', 'seq_000034', 'seq_000037'] ===
  OSC: ACC=0.5987  NMI=0.5967  ARI=0.4047  0.1s
  TKSS: ACC=0.8158  NMI=0.7155  ARI=0.6352  0.0s
  SSC-TV-L21: ACC=0.3618  NMI=0.4748  ARI=0.1558  0.1s
  SSC-TV-L21-col: ACC=0.3618  NMI=0.4748  ARI=0.1558  0.1s
  BDOSC: ACC=0.5000  NMI=0.5412  ARI=0.2468  1.4s

=== test[5] k=5  dim=164  frames=164  σ=0.0  seqs=['seq_000008', 'seq_000013', 'seq_000015', 'seq_000016', 'seq_000034'] ===
  OSC: ACC=0.4207  NMI=0.5112  ARI=0.2012  0.2s
  TKSS: ACC=0.6646  NMI=0.5778  ARI=0.4703  0.0s
  SSC-TV-L21: ACC=0.4268  NMI=0.5089  ARI=0.2014  0.1s
  SSC-TV-L21-col: ACC=0.4573  NMI=0.5119  ARI=0.2115  0.1s
  BDOSC: ACC=0.5610  NMI=0.5590  ARI=0.3108  1.6s

=== test[6] k=5  dim=158  frames=158  σ=0.0  seqs=['seq_000013', 'seq_000016', 'seq_000030', 'seq_000034', 'seq_000038'] ===
  OSC: ACC=0.8608  NMI=0.8957  ARI=0.8356  0.2s
  TKSS: ACC=0.4557  NMI=0.3264  ARI=0.1945  0.0s
  SSC-TV-L21: ACC=0.8734  NMI=0.8995  ARI=0.8438  0.1s
  SSC-TV-L21-col: ACC=0.7152  NMI=0.7644  ARI=0.6203  0.1s
  BDOSC: ACC=0.6835  NMI=0.7322  ARI=0.6001  1.4s

=== test[7] k=5  dim=218  frames=218  σ=0.0  seqs=['seq_000008', 'seq_000037', 'seq_000038', 'seq_000040', 'seq_000044'] ===
  OSC: ACC=0.6239  NMI=0.6948  ARI=0.4223  0.3s
  TKSS: ACC=0.9083  NMI=0.8459  ARI=0.8090  0.1s
  SSC-TV-L21: ACC=0.5917  NMI=0.6424  ARI=0.3791  0.2s
  SSC-TV-L21-col: ACC=0.5688  NMI=0.6267  ARI=0.3625  0.2s
  BDOSC: ACC=0.6468  NMI=0.6428  ARI=0.3951  2.9s

=== test[8] k=5  dim=236  frames=236  σ=0.0  seqs=['seq_000006', 'seq_000032', 'seq_000034', 'seq_000038', 'seq_000040'] ===
  OSC: ACC=0.5127  NMI=0.5675  ARI=0.3293  0.3s
  TKSS: ACC=0.8008  NMI=0.7223  ARI=0.6221  0.1s
  SSC-TV-L21: ACC=0.4237  NMI=0.5260  ARI=0.3002  0.3s
  SSC-TV-L21-col: ACC=0.4280  NMI=0.5256  ARI=0.3017  0.2s
  BDOSC: ACC=0.5042  NMI=0.6165  ARI=0.3685  3.1s

=== test[9] k=5  dim=203  frames=203  σ=0.0  seqs=['seq_000010', 'seq_000015', 'seq_000034', 'seq_000038', 'seq_000040'] ===
  OSC: ACC=0.5271  NMI=0.6106  ARI=0.3595  0.2s
  TKSS: ACC=0.6847  NMI=0.5751  ARI=0.4703  0.1s
  SSC-TV-L21: ACC=0.3892  NMI=0.4711  ARI=0.1875  0.2s
  SSC-TV-L21-col: ACC=0.4828  NMI=0.4865  ARI=0.2798  0.1s
  BDOSC: ACC=0.6108  NMI=0.7038  ARI=0.5181  2.5s

=== test[10] k=5  dim=150  frames=150  σ=0.0  seqs=['seq_000007', 'seq_000008', 'seq_000013', 'seq_000032', 'seq_000037'] ===
  OSC: ACC=0.6467  NMI=0.6551  ARI=0.4412  0.1s
  TKSS: ACC=0.7133  NMI=0.6127  ARI=0.4935  0.1s
  SSC-TV-L21: ACC=0.6533  NMI=0.7094  ARI=0.5543  0.1s
  SSC-TV-L21-col: ACC=0.6533  NMI=0.7094  ARI=0.5543  0.1s
  BDOSC: ACC=0.7400  NMI=0.7350  ARI=0.5535  1.3s

=== test[11] k=5  dim=188  frames=188  σ=0.0  seqs=['seq_000010', 'seq_000014', 'seq_000030', 'seq_000032', 'seq_000040'] ===
  OSC: ACC=0.7234  NMI=0.6941  ARI=0.6184  0.2s
  TKSS: ACC=0.6915  NMI=0.7341  ARI=0.6015  0.1s
  SSC-TV-L21: ACC=0.7340  NMI=0.7188  ARI=0.6063  0.1s
  SSC-TV-L21-col: ACC=0.6117  NMI=0.6639  ARI=0.5590  0.1s
  BDOSC: ACC=0.6277  NMI=0.6444  ARI=0.5030  2.1s

=== test[12] k=5  dim=152  frames=152  σ=0.0  seqs=['seq_000013', 'seq_000014', 'seq_000015', 'seq_000016', 'seq_000037'] ===
  OSC: ACC=0.7697  NMI=0.7109  ARI=0.6054  0.1s
  TKSS: ACC=0.6184  NMI=0.6590  ARI=0.5286  0.0s
  SSC-TV-L21: ACC=0.5592  NMI=0.6134  ARI=0.4021  0.1s
  SSC-TV-L21-col: ACC=0.5592  NMI=0.6134  ARI=0.4021  0.1s
  BDOSC: ACC=0.5197  NMI=0.5422  ARI=0.2963  1.3s

=== test[13] k=5  dim=124  frames=124  σ=0.0  seqs=['seq_000007', 'seq_000013', 'seq_000016', 'seq_000030', 'seq_000044'] ===
  OSC: ACC=0.8387  NMI=0.8901  ARI=0.8124  0.1s
  TKSS: ACC=0.7500  NMI=0.7227  ARI=0.5697  0.0s
  SSC-TV-L21: ACC=0.6452  NMI=0.7088  ARI=0.4792  0.1s
  SSC-TV-L21-col: ACC=0.6452  NMI=0.6736  ARI=0.4658  0.1s
  BDOSC: ACC=0.6129  NMI=0.5842  ARI=0.3724  1.0s

=== test[14] k=5  dim=194  frames=194  σ=0.0  seqs=['seq_000006', 'seq_000013', 'seq_000030', 'seq_000038', 'seq_000040'] ===
  OSC: ACC=0.6289  NMI=0.6725  ARI=0.4954  0.2s
  TKSS: ACC=0.6753  NMI=0.6579  ARI=0.5898  0.1s
  SSC-TV-L21: ACC=0.4021  NMI=0.4998  ARI=0.2177  0.2s
  SSC-TV-L21-col: ACC=0.4227  NMI=0.5023  ARI=0.2247  0.1s
  BDOSC: ACC=0.6907  NMI=0.7461  ARI=0.6298  2.1s

=== test[15] k=5  dim=188  frames=188  σ=0.0  seqs=['seq_000008', 'seq_000032', 'seq_000034', 'seq_000037', 'seq_000044'] ===
  OSC: ACC=0.6117  NMI=0.6902  ARI=0.4756  0.2s
  TKSS: ACC=0.6968  NMI=0.5797  ARI=0.4473  0.1s
  SSC-TV-L21: ACC=0.5106  NMI=0.6442  ARI=0.3684  0.1s
  SSC-TV-L21-col: ACC=0.5372  NMI=0.6498  ARI=0.3867  0.1s
  BDOSC: ACC=0.4787  NMI=0.5618  ARI=0.3392  2.1s

=== test[16] k=5  dim=142  frames=142  σ=0.0  seqs=['seq_000013', 'seq_000015', 'seq_000034', 'seq_000037', 'seq_000044'] ===
  OSC: ACC=0.5915  NMI=0.6490  ARI=0.4271  0.1s
  TKSS: ACC=0.6620  NMI=0.6435  ARI=0.5153  0.0s
  SSC-TV-L21: ACC=0.5775  NMI=0.6413  ARI=0.4189  0.1s
  SSC-TV-L21-col: ACC=0.5775  NMI=0.6413  ARI=0.4189  0.1s
  BDOSC: ACC=0.5282  NMI=0.6340  ARI=0.3990  1.3s

=== test[17] k=5  dim=200  frames=200  σ=0.0  seqs=['seq_000006', 'seq_000007', 'seq_000008', 'seq_000014', 'seq_000016'] ===
  OSC: ACC=0.6800  NMI=0.7819  ARI=0.6425  0.2s
  TKSS: ACC=0.7900  NMI=0.7309  ARI=0.6401  0.1s
  SSC-TV-L21: ACC=0.3550  NMI=0.4736  ARI=0.1703  0.2s
  SSC-TV-L21-col: ACC=0.3600  NMI=0.4740  ARI=0.1715  0.1s
  BDOSC: ACC=0.6450  NMI=0.6985  ARI=0.5678  2.3s

=== train[0] k=5  dim=208  frames=208  σ=0.25  seqs=['seq_000002', 'seq_000011', 'seq_000017', 'seq_000023', 'seq_000036'] ===
  OSC: ACC=0.5385  NMI=0.5270  ARI=0.2049  0.3s
  TKSS: ACC=0.8365  NMI=0.7730  ARI=0.6741  0.0s
  SSC-TV-L21: ACC=0.7644  NMI=0.7611  ARI=0.6158  0.2s
  SSC-TV-L21-col: ACC=0.7596  NMI=0.7577  ARI=0.6085  0.1s
  BDOSC: ACC=0.6971  NMI=0.7415  ARI=0.5735  2.7s

=== train[1] k=5  dim=157  frames=157  σ=0.25  seqs=['seq_000001', 'seq_000004', 'seq_000009', 'seq_000017', 'seq_000031'] ===
  OSC: ACC=0.7771  NMI=0.8182  ARI=0.6828  0.2s
  TKSS: ACC=0.7389  NMI=0.7075  ARI=0.5794  0.1s
  SSC-TV-L21: ACC=0.5732  NMI=0.6354  ARI=0.4616  0.1s
  SSC-TV-L21-col: ACC=0.5605  NMI=0.6347  ARI=0.4594  0.1s
  BDOSC: ACC=0.6943  NMI=0.7465  ARI=0.6285  1.5s

=== train[2] k=5  dim=169  frames=169  σ=0.25  seqs=['seq_000001', 'seq_000002', 'seq_000011', 'seq_000029', 'seq_000043'] ===
  OSC: ACC=0.5621  NMI=0.6988  ARI=0.5040  0.2s
  TKSS: ACC=0.8225  NMI=0.7948  ARI=0.6836  0.0s
  SSC-TV-L21: ACC=0.7633  NMI=0.8435  ARI=0.7010  0.1s
  SSC-TV-L21-col: ACC=0.7633  NMI=0.8435  ARI=0.7010  0.1s
  BDOSC: ACC=0.4911  NMI=0.5805  ARI=0.3505  1.8s

=== train[3] k=5  dim=233  frames=233  σ=0.25  seqs=['seq_000003', 'seq_000018', 'seq_000026', 'seq_000029', 'seq_000033'] ===
  OSC: ACC=0.7167  NMI=0.7982  ARI=0.6760  0.3s
  TKSS: ACC=0.7382  NMI=0.7451  ARI=0.6231  0.1s
  SSC-TV-L21: ACC=1.0000  NMI=1.0000  ARI=1.0000  0.3s
  SSC-TV-L21-col: ACC=0.8240  NMI=0.9019  ARI=0.8391  0.2s
  BDOSC: ACC=0.5494  NMI=0.6185  ARI=0.3941  3.3s

=== train[4] k=5  dim=124  frames=124  σ=0.25  seqs=['seq_000002', 'seq_000005', 'seq_000027', 'seq_000028', 'seq_000042'] ===
  OSC: ACC=0.6694  NMI=0.6534  ARI=0.4912  0.1s
  TKSS: ACC=0.9355  NMI=0.8767  ARI=0.8527  0.0s
  SSC-TV-L21: ACC=0.7016  NMI=0.7419  ARI=0.5775  0.1s
  SSC-TV-L21-col: ACC=0.7016  NMI=0.7419  ARI=0.5775  0.1s
  BDOSC: ACC=0.4597  NMI=0.6136  ARI=0.3224  1.0s

=== train[5] k=5  dim=199  frames=199  σ=0.25  seqs=['seq_000002', 'seq_000011', 'seq_000017', 'seq_000027', 'seq_000031'] ===
  OSC: ACC=0.6482  NMI=0.7503  ARI=0.5455  0.2s
  TKSS: ACC=0.8392  NMI=0.7518  ARI=0.6542  0.1s
  SSC-TV-L21: ACC=0.8090  NMI=0.7418  ARI=0.6277  0.2s
  SSC-TV-L21-col: ACC=0.8090  NMI=0.7418  ARI=0.6277  0.1s
  BDOSC: ACC=0.5628  NMI=0.6279  ARI=0.4297  2.6s

=== train[6] k=5  dim=175  frames=175  σ=0.25  seqs=['seq_000009', 'seq_000022', 'seq_000025', 'seq_000029', 'seq_000041'] ===
  OSC: ACC=0.6057  NMI=0.6865  ARI=0.5402  0.2s
  TKSS: ACC=0.7143  NMI=0.7022  ARI=0.5280  0.0s
  SSC-TV-L21: ACC=0.8057  NMI=0.8695  ARI=0.7523  0.1s
  SSC-TV-L21-col: ACC=0.8057  NMI=0.8695  ARI=0.7523  0.1s
  BDOSC: ACC=0.7257  NMI=0.6921  ARI=0.5126  1.9s

=== train[7] k=5  dim=154  frames=154  σ=0.25  seqs=['seq_000009', 'seq_000017', 'seq_000019', 'seq_000020', 'seq_000043'] ===
  OSC: ACC=0.7987  NMI=0.7814  ARI=0.6588  0.2s
  TKSS: ACC=0.7792  NMI=0.7176  ARI=0.5521  0.0s
  SSC-TV-L21: ACC=0.6948  NMI=0.6486  ARI=0.4374  0.1s
  SSC-TV-L21-col: ACC=0.6948  NMI=0.6486  ARI=0.4374  0.1s
  BDOSC: ACC=0.6234  NMI=0.6294  ARI=0.4223  1.4s

=== train[8] k=5  dim=163  frames=163  σ=0.25  seqs=['seq_000001', 'seq_000005', 'seq_000022', 'seq_000029', 'seq_000042'] ===
  OSC: ACC=0.5890  NMI=0.6610  ARI=0.4696  0.2s
  TKSS: ACC=0.8037  NMI=0.7200  ARI=0.5995  0.0s
  SSC-TV-L21: ACC=0.8282  NMI=0.8217  ARI=0.6701  0.1s
  SSC-TV-L21-col: ACC=0.8282  NMI=0.8217  ARI=0.6701  0.1s
  BDOSC: ACC=0.7485  NMI=0.7620  ARI=0.6715  1.6s

=== train[9] k=5  dim=158  frames=158  σ=0.25  seqs=['seq_000004', 'seq_000009', 'seq_000012', 'seq_000023', 'seq_000031'] ===
  OSC: ACC=0.5759  NMI=0.6443  ARI=0.4161  0.2s
  TKSS: ACC=0.6772  NMI=0.7540  ARI=0.6028  0.0s
  SSC-TV-L21: ACC=1.0000  NMI=1.0000  ARI=1.0000  0.1s
  SSC-TV-L21-col: ACC=0.9430  NMI=0.9389  ARI=0.9522  0.1s
  BDOSC: ACC=0.9177  NMI=0.8380  ARI=0.8600  1.4s

=== train[10] k=5  dim=182  frames=182  σ=0.25  seqs=['seq_000002', 'seq_000009', 'seq_000012', 'seq_000018', 'seq_000023'] ===
  OSC: ACC=0.7912  NMI=0.7675  ARI=0.6039  0.2s
  TKSS: ACC=0.6923  NMI=0.6662  ARI=0.4904  0.1s
  SSC-TV-L21: ACC=0.9945  NMI=0.9850  ARI=0.9929  0.1s
  SSC-TV-L21-col: ACC=0.9945  NMI=0.9850  ARI=0.9929  0.1s
  BDOSC: ACC=0.7637  NMI=0.8104  ARI=0.7078  2.0s

=== train[11] k=5  dim=212  frames=212  σ=0.25  seqs=['seq_000009', 'seq_000012', 'seq_000022', 'seq_000023', 'seq_000036'] ===
  OSC: ACC=0.6179  NMI=0.6671  ARI=0.5156  0.3s
  TKSS: ACC=0.7406  NMI=0.7284  ARI=0.5931  0.1s
  SSC-TV-L21: ACC=0.7972  NMI=0.8387  ARI=0.7379  0.2s
  SSC-TV-L21-col: ACC=0.8491  NMI=0.8603  ARI=0.7929  0.1s
  BDOSC: ACC=0.8302  NMI=0.8283  ARI=0.7721  2.7s

=== train[12] k=5  dim=159  frames=159  σ=0.25  seqs=['seq_000001', 'seq_000017', 'seq_000023', 'seq_000024', 'seq_000039'] ===
  OSC: ACC=0.7170  NMI=0.7380  ARI=0.5934  0.2s
  TKSS: ACC=0.8931  NMI=0.8282  ARI=0.7816  0.1s
  SSC-TV-L21: ACC=0.6164  NMI=0.6237  ARI=0.4386  0.1s
  SSC-TV-L21-col: ACC=0.5975  NMI=0.6178  ARI=0.4324  0.1s
  BDOSC: ACC=0.6164  NMI=0.6881  ARI=0.4896  1.4s

=== train[13] k=5  dim=179  frames=179  σ=0.25  seqs=['seq_000028', 'seq_000029', 'seq_000033', 'seq_000035', 'seq_000039'] ===
  OSC: ACC=0.6927  NMI=0.7283  ARI=0.5430  0.2s
  TKSS: ACC=0.8827  NMI=0.8203  ARI=0.7502  0.1s
  SSC-TV-L21: ACC=0.8547  NMI=0.8998  ARI=0.8290  0.1s
  SSC-TV-L21-col: ACC=0.8547  NMI=0.8998  ARI=0.8290  0.1s
  BDOSC: ACC=0.8212  NMI=0.7642  ARI=0.6237  1.9s

=== train[14] k=5  dim=200  frames=200  σ=0.25  seqs=['seq_000001', 'seq_000023', 'seq_000025', 'seq_000026', 'seq_000039'] ===
  OSC: ACC=0.5500  NMI=0.5889  ARI=0.3739  0.2s
  TKSS: ACC=0.8300  NMI=0.8055  ARI=0.6799  0.1s
  SSC-TV-L21: ACC=0.7200  NMI=0.7879  ARI=0.6208  0.2s
  SSC-TV-L21-col: ACC=0.7150  NMI=0.7700  ARI=0.6050  0.1s
  BDOSC: ACC=0.7000  NMI=0.6923  ARI=0.5423  2.5s

=== train[15] k=5  dim=222  frames=222  σ=0.25  seqs=['seq_000018', 'seq_000019', 'seq_000020', 'seq_000031', 'seq_000035'] ===
  OSC: ACC=0.7252  NMI=0.7459  ARI=0.5447  0.3s
  TKSS: ACC=0.9009  NMI=0.8594  ARI=0.8047  0.1s
  SSC-TV-L21: ACC=0.7342  NMI=0.7336  ARI=0.5705  0.2s
  SSC-TV-L21-col: ACC=0.7342  NMI=0.7336  ARI=0.5705  0.2s
  BDOSC: ACC=0.5856  NMI=0.6313  ARI=0.4092  3.1s

=== train[16] k=5  dim=198  frames=198  σ=0.25  seqs=['seq_000022', 'seq_000026', 'seq_000028', 'seq_000033', 'seq_000042'] ===
  OSC: ACC=0.6263  NMI=0.6719  ARI=0.4942  0.2s
  TKSS: ACC=0.6263  NMI=0.6987  ARI=0.5342  0.0s
  SSC-TV-L21: ACC=0.7374  NMI=0.8668  ARI=0.7513  0.2s
  SSC-TV-L21-col: ACC=0.7374  NMI=0.8668  ARI=0.7513  0.1s
  BDOSC: ACC=0.6919  NMI=0.7606  ARI=0.6249  2.3s

=== train[17] k=5  dim=213  frames=213  σ=0.25  seqs=['seq_000017', 'seq_000020', 'seq_000026', 'seq_000039', 'seq_000041'] ===
  OSC: ACC=0.6291  NMI=0.6641  ARI=0.4538  0.3s
  TKSS: ACC=0.6714  NMI=0.7023  ARI=0.5694  0.1s
  SSC-TV-L21: ACC=0.5305  NMI=0.6301  ARI=0.3993  0.2s
  SSC-TV-L21-col: ACC=0.5305  NMI=0.6301  ARI=0.3993  0.2s
  BDOSC: ACC=0.6854  NMI=0.6415  ARI=0.4888  2.7s

=== train[18] k=5  dim=184  frames=184  σ=0.25  seqs=['seq_000004', 'seq_000012', 'seq_000022', 'seq_000028', 'seq_000042'] ===
  OSC: ACC=0.5543  NMI=0.5561  ARI=0.2815  0.2s
  TKSS: ACC=0.6902  NMI=0.6673  ARI=0.4926  0.0s
  SSC-TV-L21: ACC=0.7663  NMI=0.8227  ARI=0.6770  0.1s
  SSC-TV-L21-col: ACC=0.6957  NMI=0.7613  ARI=0.6492  0.1s
  BDOSC: ACC=0.5924  NMI=0.6210  ARI=0.4451  2.0s

=== train[19] k=5  dim=203  frames=203  σ=0.25  seqs=['seq_000021', 'seq_000025', 'seq_000026', 'seq_000029', 'seq_000041'] ===
  OSC: ACC=0.5616  NMI=0.5966  ARI=0.3974  0.2s
  TKSS: ACC=0.7143  NMI=0.7458  ARI=0.6180  0.1s
  SSC-TV-L21: ACC=1.0000  NMI=1.0000  ARI=1.0000  0.2s
  SSC-TV-L21-col: ACC=1.0000  NMI=1.0000  ARI=1.0000  0.1s
  BDOSC: ACC=0.5419  NMI=0.5737  ARI=0.3607  2.5s

=== train[20] k=5  dim=174  frames=174  σ=0.25  seqs=['seq_000001', 'seq_000021', 'seq_000025', 'seq_000027', 'seq_000041'] ===
  OSC: ACC=0.6954  NMI=0.7698  ARI=0.6090  0.2s
  TKSS: ACC=0.7874  NMI=0.7921  ARI=0.6965  0.1s
  SSC-TV-L21: ACC=0.9023  NMI=0.8680  ARI=0.8451  0.1s
  SSC-TV-L21-col: ACC=0.9023  NMI=0.8680  ARI=0.8451  0.1s
  BDOSC: ACC=0.5862  NMI=0.6348  ARI=0.4610  1.9s

=== train[21] k=5  dim=218  frames=218  σ=0.25  seqs=['seq_000001', 'seq_000022', 'seq_000024', 'seq_000025', 'seq_000036'] ===
  OSC: ACC=0.7248  NMI=0.7384  ARI=0.5662  0.3s
  TKSS: ACC=0.7844  NMI=0.7149  ARI=0.5980  0.0s
  SSC-TV-L21: ACC=0.7844  NMI=0.7863  ARI=0.6708  0.2s
  SSC-TV-L21-col: ACC=0.7844  NMI=0.7863  ARI=0.6708  0.2s
  BDOSC: ACC=0.5642  NMI=0.6634  ARI=0.4337  3.0s

=== train[22] k=5  dim=250  frames=250  σ=0.25  seqs=['seq_000011', 'seq_000012', 'seq_000020', 'seq_000027', 'seq_000036'] ===
  OSC: ACC=0.5680  NMI=0.5661  ARI=0.3365  0.4s
  TKSS: ACC=0.9040  NMI=0.8493  ARI=0.8150  0.2s
  SSC-TV-L21: ACC=0.8440  NMI=0.8735  ARI=0.8140  0.3s
  SSC-TV-L21-col: ACC=0.8440  NMI=0.8735  ARI=0.8140  0.2s
  BDOSC: ACC=0.4080  NMI=0.4445  ARI=0.1553  3.8s

=== train[23] k=5  dim=201  frames=201  σ=0.25  seqs=['seq_000002', 'seq_000018', 'seq_000025', 'seq_000028', 'seq_000039'] ===
  OSC: ACC=0.6368  NMI=0.6402  ARI=0.4275  0.2s
  TKSS: ACC=0.8607  NMI=0.8029  ARI=0.7203  0.1s
  SSC-TV-L21: ACC=0.9851  NMI=0.9665  ARI=0.9672  0.2s
  SSC-TV-L21-col: ACC=0.9851  NMI=0.9665  ARI=0.9672  0.1s
  BDOSC: ACC=0.6517  NMI=0.6382  ARI=0.4838  2.5s

=== test[0] k=5  dim=193  frames=193  σ=0.25  seqs=['seq_000007', 'seq_000008', 'seq_000015', 'seq_000016', 'seq_000040'] ===
  OSC: ACC=0.5544  NMI=0.6081  ARI=0.3293  0.2s
  TKSS: ACC=0.6684  NMI=0.6342  ARI=0.4673  0.0s
  SSC-TV-L21: ACC=0.5285  NMI=0.6438  ARI=0.3462  0.2s
  SSC-TV-L21-col: ACC=0.5233  NMI=0.6431  ARI=0.3446  0.1s
  BDOSC: ACC=0.6684  NMI=0.7434  ARI=0.5643  2.2s

=== test[1] k=5  dim=195  frames=195  σ=0.25  seqs=['seq_000008', 'seq_000010', 'seq_000030', 'seq_000037', 'seq_000040'] ===
  OSC: ACC=0.5282  NMI=0.6424  ARI=0.4140  0.2s
  TKSS: ACC=0.7590  NMI=0.7100  ARI=0.5588  0.1s
  SSC-TV-L21: ACC=0.7333  NMI=0.8124  ARI=0.6289  0.2s
  SSC-TV-L21-col: ACC=0.7333  NMI=0.8124  ARI=0.6289  0.1s
  BDOSC: ACC=0.5846  NMI=0.6569  ARI=0.4920  2.4s

=== test[2] k=5  dim=166  frames=166  σ=0.25  seqs=['seq_000006', 'seq_000007', 'seq_000013', 'seq_000030', 'seq_000040'] ===
  OSC: ACC=0.5482  NMI=0.6328  ARI=0.4023  0.2s
  TKSS: ACC=0.5723  NMI=0.6394  ARI=0.4650  0.0s
  SSC-TV-L21: ACC=0.7771  NMI=0.8795  ARI=0.7944  0.1s
  SSC-TV-L21-col: ACC=0.7771  NMI=0.8795  ARI=0.7944  0.1s
  BDOSC: ACC=0.6928  NMI=0.6788  ARI=0.5370  1.7s

=== test[3] k=5  dim=176  frames=176  σ=0.25  seqs=['seq_000010', 'seq_000015', 'seq_000034', 'seq_000038', 'seq_000044'] ===
  OSC: ACC=0.5795  NMI=0.6753  ARI=0.4200  0.2s
  TKSS: ACC=0.8580  NMI=0.7867  ARI=0.7161  0.0s
  SSC-TV-L21: ACC=0.3295  NMI=0.3590  ARI=0.1180  0.1s
  SSC-TV-L21-col: ACC=0.3295  NMI=0.4066  ARI=0.1352  0.1s
  BDOSC: ACC=0.5852  NMI=0.6102  ARI=0.4072  1.8s

=== test[4] k=5  dim=152  frames=152  σ=0.25  seqs=['seq_000007', 'seq_000010', 'seq_000015', 'seq_000034', 'seq_000037'] ===
  OSC: ACC=0.5526  NMI=0.6109  ARI=0.3920  0.1s
  TKSS: ACC=0.8224  NMI=0.7464  ARI=0.6519  0.0s
  SSC-TV-L21: ACC=0.4079  NMI=0.4956  ARI=0.1951  0.1s
  SSC-TV-L21-col: ACC=0.5066  NMI=0.5917  ARI=0.3678  0.1s
  BDOSC: ACC=0.7303  NMI=0.7671  ARI=0.6253  1.4s

=== test[5] k=5  dim=164  frames=164  σ=0.25  seqs=['seq_000008', 'seq_000013', 'seq_000015', 'seq_000016', 'seq_000034'] ===
  OSC: ACC=0.4268  NMI=0.5149  ARI=0.2047  0.2s
  TKSS: ACC=0.7439  NMI=0.6937  ARI=0.5614  0.0s
  SSC-TV-L21: ACC=0.4329  NMI=0.5154  ARI=0.2061  0.1s
  SSC-TV-L21-col: ACC=0.4329  NMI=0.5154  ARI=0.2061  0.1s
  BDOSC: ACC=0.6098  NMI=0.7084  ARI=0.5521  1.7s

=== test[6] k=5  dim=158  frames=158  σ=0.25  seqs=['seq_000013', 'seq_000016', 'seq_000030', 'seq_000034', 'seq_000038'] ===
  OSC: ACC=0.8608  NMI=0.8957  ARI=0.8356  0.2s
  TKSS: ACC=0.5570  NMI=0.5093  ARI=0.3255  0.1s
  SSC-TV-L21: ACC=0.8608  NMI=0.8957  ARI=0.8356  0.1s
  SSC-TV-L21-col: ACC=0.6962  NMI=0.7065  ARI=0.5355  0.1s
  BDOSC: ACC=0.7468  NMI=0.7334  ARI=0.6665  1.5s

=== test[7] k=5  dim=218  frames=218  σ=0.25  seqs=['seq_000008', 'seq_000037', 'seq_000038', 'seq_000040', 'seq_000044'] ===
  OSC: ACC=0.5000  NMI=0.5874  ARI=0.3176  0.3s
  TKSS: ACC=0.9679  NMI=0.9286  ARI=0.9313  0.2s
  SSC-TV-L21: ACC=0.7202  NMI=0.7738  ARI=0.6148  0.2s
  SSC-TV-L21-col: ACC=0.7202  NMI=0.7744  ARI=0.6194  0.2s
  BDOSC: ACC=0.6193  NMI=0.6978  ARI=0.4884  2.9s

=== test[8] k=5  dim=236  frames=236  σ=0.25  seqs=['seq_000006', 'seq_000032', 'seq_000034', 'seq_000038', 'seq_000040'] ===
  OSC: ACC=0.7076  NMI=0.7438  ARI=0.6019  0.3s
  TKSS: ACC=0.8559  NMI=0.7884  ARI=0.7006  0.1s
  SSC-TV-L21: ACC=0.7415  NMI=0.7278  ARI=0.6327  0.3s
  SSC-TV-L21-col: ACC=0.6483  NMI=0.6462  ARI=0.4379  0.2s
  BDOSC: ACC=0.7034  NMI=0.6691  ARI=0.4615  3.2s

=== test[9] k=5  dim=203  frames=203  σ=0.25  seqs=['seq_000010', 'seq_000015', 'seq_000034', 'seq_000038', 'seq_000040'] ===
  OSC: ACC=0.6404  NMI=0.7160  ARI=0.5499  0.2s
  TKSS: ACC=0.7044  NMI=0.6856  ARI=0.5646  0.1s
  SSC-TV-L21: ACC=0.4926  NMI=0.6192  ARI=0.3597  0.2s
  SSC-TV-L21-col: ACC=0.4778  NMI=0.6151  ARI=0.3548  0.1s
  BDOSC: ACC=0.7734  NMI=0.7256  ARI=0.6149  2.5s

=== test[10] k=5  dim=150  frames=150  σ=0.25  seqs=['seq_000007', 'seq_000008', 'seq_000013', 'seq_000032', 'seq_000037'] ===
  OSC: ACC=0.6533  NMI=0.6607  ARI=0.4527  0.1s
  TKSS: ACC=0.7667  NMI=0.6818  ARI=0.5754  0.0s
  SSC-TV-L21: ACC=0.6800  NMI=0.7210  ARI=0.5719  0.1s
  SSC-TV-L21-col: ACC=0.8200  NMI=0.8601  ARI=0.7355  0.1s
  BDOSC: ACC=0.6333  NMI=0.7337  ARI=0.5816  1.3s

=== test[11] k=5  dim=188  frames=188  σ=0.25  seqs=['seq_000010', 'seq_000014', 'seq_000030', 'seq_000032', 'seq_000040'] ===
  OSC: ACC=0.6809  NMI=0.6718  ARI=0.4599  0.2s
  TKSS: ACC=0.8191  NMI=0.8018  ARI=0.7286  0.1s
  SSC-TV-L21: ACC=0.7766  NMI=0.8001  ARI=0.6970  0.1s
  SSC-TV-L21-col: ACC=0.4947  NMI=0.6831  ARI=0.4114  0.1s
  BDOSC: ACC=0.7287  NMI=0.6842  ARI=0.5581  2.1s

=== test[12] k=5  dim=152  frames=152  σ=0.25  seqs=['seq_000013', 'seq_000014', 'seq_000015', 'seq_000016', 'seq_000037'] ===
  OSC: ACC=0.7697  NMI=0.7276  ARI=0.6246  0.1s
  TKSS: ACC=0.6711  NMI=0.6712  ARI=0.5180  0.0s
  SSC-TV-L21: ACC=0.5724  NMI=0.6254  ARI=0.3832  0.1s
  SSC-TV-L21-col: ACC=0.5724  NMI=0.6254  ARI=0.3832  0.1s
  BDOSC: ACC=0.7697  NMI=0.6980  ARI=0.5700  1.4s

=== test[13] k=5  dim=124  frames=124  σ=0.25  seqs=['seq_000007', 'seq_000013', 'seq_000016', 'seq_000030', 'seq_000044'] ===
  OSC: ACC=0.8710  NMI=0.8955  ARI=0.8200  0.1s
  TKSS: ACC=0.7581  NMI=0.7297  ARI=0.5993  0.0s
  SSC-TV-L21: ACC=0.6048  NMI=0.6665  ARI=0.4514  0.1s
  SSC-TV-L21-col: ACC=0.5968  NMI=0.7026  ARI=0.4663  0.1s
  BDOSC: ACC=0.7419  NMI=0.6860  ARI=0.5505  1.0s

=== test[14] k=5  dim=194  frames=194  σ=0.25  seqs=['seq_000006', 'seq_000013', 'seq_000030', 'seq_000038', 'seq_000040'] ===
  OSC: ACC=0.6495  NMI=0.6652  ARI=0.5069  0.2s
  TKSS: ACC=0.6959  NMI=0.6845  ARI=0.5844  0.1s
  SSC-TV-L21: ACC=0.5979  NMI=0.6524  ARI=0.4469  0.2s
  SSC-TV-L21-col: ACC=0.5979  NMI=0.6175  ARI=0.3974  0.1s
  BDOSC: ACC=0.7113  NMI=0.7433  ARI=0.6347  2.2s

=== test[15] k=5  dim=188  frames=188  σ=0.25  seqs=['seq_000008', 'seq_000032', 'seq_000034', 'seq_000037', 'seq_000044'] ===
  OSC: ACC=0.6223  NMI=0.7002  ARI=0.4892  0.2s
  TKSS: ACC=0.7500  NMI=0.6695  ARI=0.5375  0.1s
  SSC-TV-L21: ACC=0.7074  NMI=0.7977  ARI=0.6583  0.1s
  SSC-TV-L21-col: ACC=0.7074  NMI=0.7977  ARI=0.6583  0.1s
  BDOSC: ACC=0.4734  NMI=0.6364  ARI=0.3735  2.1s

=== test[16] k=5  dim=142  frames=142  σ=0.25  seqs=['seq_000013', 'seq_000015', 'seq_000034', 'seq_000037', 'seq_000044'] ===
  OSC: ACC=0.6268  NMI=0.6433  ARI=0.4406  0.1s
  TKSS: ACC=0.6831  NMI=0.6820  ARI=0.5503  0.0s
  SSC-TV-L21: ACC=0.4718  NMI=0.5176  ARI=0.2514  0.1s
  SSC-TV-L21-col: ACC=0.4930  NMI=0.5233  ARI=0.2623  0.1s
  BDOSC: ACC=0.6338  NMI=0.6376  ARI=0.4282  1.3s

=== test[17] k=5  dim=200  frames=200  σ=0.25  seqs=['seq_000006', 'seq_000007', 'seq_000008', 'seq_000014', 'seq_000016'] ===
  OSC: ACC=0.6200  NMI=0.7268  ARI=0.5981  0.2s
  TKSS: ACC=0.8600  NMI=0.8244  ARI=0.7266  0.1s
  SSC-TV-L21: ACC=0.8650  NMI=0.8986  ARI=0.8429  0.2s
  SSC-TV-L21-col: ACC=0.8650  NMI=0.8986  ARI=0.8429  0.1s
  BDOSC: ACC=0.8050  NMI=0.7552  ARI=0.6726  2.5s

=== train[0] k=5  dim=208  frames=208  σ=0.5  seqs=['seq_000002', 'seq_000011', 'seq_000017', 'seq_000023', 'seq_000036'] ===
  OSC: ACC=0.4663  NMI=0.4357  ARI=0.1610  0.3s
  TKSS: ACC=0.8510  NMI=0.8064  ARI=0.7088  0.1s
  SSC-TV-L21: ACC=0.7933  NMI=0.7661  ARI=0.6084  0.2s
  SSC-TV-L21-col: ACC=0.7933  NMI=0.7661  ARI=0.6084  0.1s
  BDOSC: ACC=0.4663  NMI=0.5799  ARI=0.3204  2.8s

=== train[1] k=5  dim=157  frames=157  σ=0.5  seqs=['seq_000001', 'seq_000004', 'seq_000009', 'seq_000017', 'seq_000031'] ===
  OSC: ACC=0.5860  NMI=0.5707  ARI=0.3455  0.2s
  TKSS: ACC=0.6943  NMI=0.7103  ARI=0.5844  0.0s
  SSC-TV-L21: ACC=0.8025  NMI=0.7928  ARI=0.6742  0.1s
  SSC-TV-L21-col: ACC=0.8153  NMI=0.7948  ARI=0.6776  0.1s
  BDOSC: ACC=0.4586  NMI=0.4630  ARI=0.1831  1.5s

=== train[2] k=5  dim=169  frames=169  σ=0.5  seqs=['seq_000001', 'seq_000002', 'seq_000011', 'seq_000029', 'seq_000043'] ===
  OSC: ACC=0.5148  NMI=0.4678  ARI=0.2705  0.2s
  TKSS: ACC=0.8225  NMI=0.7948  ARI=0.6836  0.1s
  SSC-TV-L21: ACC=0.8402  NMI=0.8452  ARI=0.7013  0.1s
  SSC-TV-L21-col: ACC=0.8402  NMI=0.8452  ARI=0.7013  0.1s
  BDOSC: ACC=0.5266  NMI=0.5857  ARI=0.3209  1.8s

=== train[3] k=5  dim=233  frames=233  σ=0.5  seqs=['seq_000003', 'seq_000018', 'seq_000026', 'seq_000029', 'seq_000033'] ===
  OSC: ACC=0.4163  NMI=0.5362  ARI=0.2957  0.3s
  TKSS: ACC=0.7296  NMI=0.7229  ARI=0.6018  0.1s
  SSC-TV-L21: ACC=1.0000  NMI=1.0000  ARI=1.0000  0.2s
  SSC-TV-L21-col: ACC=1.0000  NMI=1.0000  ARI=1.0000  0.2s
  BDOSC: ACC=0.6524  NMI=0.6791  ARI=0.5040  3.4s

=== train[4] k=5  dim=124  frames=124  σ=0.5  seqs=['seq_000002', 'seq_000005', 'seq_000027', 'seq_000028', 'seq_000042'] ===
  OSC: ACC=0.6452  NMI=0.7266  ARI=0.4855  0.1s
  TKSS: ACC=0.9274  NMI=0.8554  ARI=0.8324  0.0s
  SSC-TV-L21: ACC=0.8145  NMI=0.7874  ARI=0.6665  0.1s
  SSC-TV-L21-col: ACC=0.7016  NMI=0.7419  ARI=0.5775  0.1s
  BDOSC: ACC=0.6694  NMI=0.6759  ARI=0.4649  1.0s

=== train[5] k=5  dim=199  frames=199  σ=0.5  seqs=['seq_000002', 'seq_000011', 'seq_000017', 'seq_000027', 'seq_000031'] ===
  OSC: ACC=0.5930  NMI=0.6798  ARI=0.3941  0.2s
  TKSS: ACC=0.8995  NMI=0.8110  ARI=0.7698  0.1s
  SSC-TV-L21: ACC=0.8291  NMI=0.7559  ARI=0.6617  0.2s
  SSC-TV-L21-col: ACC=0.8291  NMI=0.7559  ARI=0.6617  0.1s
  BDOSC: ACC=0.4673  NMI=0.6162  ARI=0.3404  2.6s

=== train[6] k=5  dim=175  frames=175  σ=0.5  seqs=['seq_000009', 'seq_000022', 'seq_000025', 'seq_000029', 'seq_000041'] ===
  OSC: ACC=0.7029  NMI=0.7447  ARI=0.5927  0.2s
  TKSS: ACC=0.7029  NMI=0.6666  ARI=0.4953  0.0s
  SSC-TV-L21: ACC=0.7600  NMI=0.8036  ARI=0.6821  0.1s
  SSC-TV-L21-col: ACC=0.7943  NMI=0.8068  ARI=0.6940  0.1s
  BDOSC: ACC=0.5886  NMI=0.6518  ARI=0.4314  1.9s

=== train[7] k=5  dim=154  frames=154  σ=0.5  seqs=['seq_000009', 'seq_000017', 'seq_000019', 'seq_000020', 'seq_000043'] ===
  OSC: ACC=0.6753  NMI=0.5901  ARI=0.5010  0.2s
  TKSS: ACC=0.7792  NMI=0.7176  ARI=0.5521  0.0s
  SSC-TV-L21: ACC=0.7013  NMI=0.6875  ARI=0.5634  0.1s
  SSC-TV-L21-col: ACC=0.7013  NMI=0.6875  ARI=0.5634  0.1s
  BDOSC: ACC=0.5974  NMI=0.6013  ARI=0.3957  1.4s

=== train[8] k=5  dim=163  frames=163  σ=0.5  seqs=['seq_000001', 'seq_000005', 'seq_000022', 'seq_000029', 'seq_000042'] ===
  OSC: ACC=0.5828  NMI=0.6080  ARI=0.3670  0.2s
  TKSS: ACC=0.7853  NMI=0.7062  ARI=0.5667  0.0s
  SSC-TV-L21: ACC=0.8282  NMI=0.8217  ARI=0.6701  0.1s
  SSC-TV-L21-col: ACC=0.8282  NMI=0.8217  ARI=0.6701  0.1s
  BDOSC: ACC=0.5583  NMI=0.5865  ARI=0.3516  1.7s

=== train[9] k=5  dim=158  frames=158  σ=0.5  seqs=['seq_000004', 'seq_000009', 'seq_000012', 'seq_000023', 'seq_000031'] ===
  OSC: ACC=0.5253  NMI=0.3799  ARI=0.1507  0.2s
  TKSS: ACC=0.6456  NMI=0.7129  ARI=0.5539  0.0s
  SSC-TV-L21: ACC=1.0000  NMI=1.0000  ARI=1.0000  0.1s
  SSC-TV-L21-col: ACC=1.0000  NMI=1.0000  ARI=1.0000  0.1s
  BDOSC: ACC=0.5570  NMI=0.5980  ARI=0.4070  1.5s

=== train[10] k=5  dim=182  frames=182  σ=0.5  seqs=['seq_000002', 'seq_000009', 'seq_000012', 'seq_000018', 'seq_000023'] ===
  OSC: ACC=0.7253  NMI=0.7740  ARI=0.6537  0.2s
  TKSS: ACC=0.6978  NMI=0.6759  ARI=0.5108  0.1s
  SSC-TV-L21: ACC=1.0000  NMI=1.0000  ARI=1.0000  0.1s
  SSC-TV-L21-col: ACC=0.9505  NMI=0.9407  ARI=0.9491  0.1s
  BDOSC: ACC=0.5989  NMI=0.6658  ARI=0.4320  2.1s

=== train[11] k=5  dim=212  frames=212  σ=0.5  seqs=['seq_000009', 'seq_000012', 'seq_000022', 'seq_000023', 'seq_000036'] ===
  OSC: ACC=0.3585  NMI=0.2368  ARI=0.0456  0.3s
  TKSS: ACC=0.7264  NMI=0.6880  ARI=0.5508  0.1s
  SSC-TV-L21: ACC=0.7736  NMI=0.8357  ARI=0.7298  0.2s
  SSC-TV-L21-col: ACC=0.7736  NMI=0.8357  ARI=0.7298  0.2s
  BDOSC: ACC=0.5000  NMI=0.5612  ARI=0.3182  2.8s

=== train[12] k=5  dim=159  frames=159  σ=0.5  seqs=['seq_000001', 'seq_000017', 'seq_000023', 'seq_000024', 'seq_000039'] ===
  OSC: ACC=0.7547  NMI=0.8062  ARI=0.6828  0.2s
  TKSS: ACC=0.8113  NMI=0.7514  ARI=0.6555  0.0s
  SSC-TV-L21: ACC=0.6981  NMI=0.7838  ARI=0.6156  0.1s
  SSC-TV-L21-col: ACC=0.6730  NMI=0.7301  ARI=0.5548  0.1s
  BDOSC: ACC=0.5409  NMI=0.5925  ARI=0.3459  1.5s

=== train[13] k=5  dim=179  frames=179  σ=0.5  seqs=['seq_000028', 'seq_000029', 'seq_000033', 'seq_000035', 'seq_000039'] ===
  OSC: ACC=0.6257  NMI=0.7451  ARI=0.5682  0.2s
  TKSS: ACC=0.8492  NMI=0.7924  ARI=0.7074  0.0s
  SSC-TV-L21: ACC=0.9218  NMI=0.9124  ARI=0.8711  0.1s
  SSC-TV-L21-col: ACC=0.8547  NMI=0.8998  ARI=0.8290  0.1s
  BDOSC: ACC=0.4413  NMI=0.5673  ARI=0.2728  2.0s

=== train[14] k=5  dim=200  frames=200  σ=0.5  seqs=['seq_000001', 'seq_000023', 'seq_000025', 'seq_000026', 'seq_000039'] ===
  OSC: ACC=0.4900  NMI=0.5374  ARI=0.3157  0.2s
  TKSS: ACC=0.7600  NMI=0.7365  ARI=0.6197  0.0s
  SSC-TV-L21: ACC=0.7050  NMI=0.7610  ARI=0.5915  0.2s
  SSC-TV-L21-col: ACC=0.7100  NMI=0.7653  ARI=0.5981  0.1s
  BDOSC: ACC=0.6550  NMI=0.6161  ARI=0.4416  2.5s

=== train[15] k=5  dim=222  frames=222  σ=0.5  seqs=['seq_000018', 'seq_000019', 'seq_000020', 'seq_000031', 'seq_000035'] ===
  OSC: ACC=0.4505  NMI=0.5045  ARI=0.2582  0.3s
  TKSS: ACC=0.8874  NMI=0.8227  ARI=0.7723  0.0s
  SSC-TV-L21: ACC=0.7748  NMI=0.7745  ARI=0.6768  0.2s
  SSC-TV-L21-col: ACC=0.7883  NMI=0.7969  ARI=0.7264  0.2s
  BDOSC: ACC=0.7613  NMI=0.7397  ARI=0.6729  3.2s

=== train[16] k=5  dim=198  frames=198  σ=0.5  seqs=['seq_000022', 'seq_000026', 'seq_000028', 'seq_000033', 'seq_000042'] ===
  OSC: ACC=0.6869  NMI=0.7886  ARI=0.6547  0.2s
  TKSS: ACC=0.6162  NMI=0.6821  ARI=0.5197  0.0s
  SSC-TV-L21: ACC=0.7374  NMI=0.8668  ARI=0.7513  0.2s
  SSC-TV-L21-col: ACC=0.7374  NMI=0.8668  ARI=0.7513  0.1s
  BDOSC: ACC=0.4949  NMI=0.5648  ARI=0.3402  2.4s

=== train[17] k=5  dim=213  frames=213  σ=0.5  seqs=['seq_000017', 'seq_000020', 'seq_000026', 'seq_000039', 'seq_000041'] ===
  OSC: ACC=0.8310  NMI=0.8292  ARI=0.7629  0.3s
  TKSS: ACC=0.6808  NMI=0.7164  ARI=0.5901  0.1s
  SSC-TV-L21: ACC=0.6948  NMI=0.7142  ARI=0.5955  0.2s
  SSC-TV-L21-col: ACC=0.5634  NMI=0.6416  ARI=0.4193  0.2s
  BDOSC: ACC=0.6103  NMI=0.6789  ARI=0.4966  2.9s

=== train[18] k=5  dim=184  frames=184  σ=0.5  seqs=['seq_000004', 'seq_000012', 'seq_000022', 'seq_000028', 'seq_000042'] ===
  OSC: ACC=0.6033  NMI=0.5411  ARI=0.3797  0.2s
  TKSS: ACC=0.6793  NMI=0.6679  ARI=0.4957  0.0s
  SSC-TV-L21: ACC=0.9891  NMI=0.9684  ARI=0.9632  0.1s
  SSC-TV-L21-col: ACC=0.9891  NMI=0.9684  ARI=0.9632  0.1s
  BDOSC: ACC=0.5000  NMI=0.4443  ARI=0.1842  2.1s

=== train[19] k=5  dim=203  frames=203  σ=0.5  seqs=['seq_000021', 'seq_000025', 'seq_000026', 'seq_000029', 'seq_000041'] ===
  OSC: ACC=0.4039  NMI=0.3761  ARI=0.1450  0.2s
  TKSS: ACC=0.6995  NMI=0.7123  ARI=0.5829  0.0s
  SSC-TV-L21: ACC=0.9951  NMI=0.9843  ARI=0.9849  0.2s
  SSC-TV-L21-col: ACC=0.9951  NMI=0.9843  ARI=0.9849  0.1s
  BDOSC: ACC=0.4926  NMI=0.5574  ARI=0.2803  2.6s

=== train[20] k=5  dim=174  frames=174  σ=0.5  seqs=['seq_000001', 'seq_000021', 'seq_000025', 'seq_000027', 'seq_000041'] ===
  OSC: ACC=0.5862  NMI=0.6764  ARI=0.3975  0.2s
  TKSS: ACC=0.7529  NMI=0.7489  ARI=0.6214  0.0s
  SSC-TV-L21: ACC=0.7586  NMI=0.8592  ARI=0.7116  0.1s
  SSC-TV-L21-col: ACC=0.7816  NMI=0.8633  ARI=0.7198  0.1s
  BDOSC: ACC=0.4540  NMI=0.5800  ARI=0.3337  1.9s

=== train[21] k=5  dim=218  frames=218  σ=0.5  seqs=['seq_000001', 'seq_000022', 'seq_000024', 'seq_000025', 'seq_000036'] ===
  OSC: ACC=0.4404  NMI=0.3113  ARI=0.0981  0.3s
  TKSS: ACC=0.7661  NMI=0.7041  ARI=0.5717  0.1s
  SSC-TV-L21: ACC=0.7706  NMI=0.8541  ARI=0.7016  0.2s
  SSC-TV-L21-col: ACC=0.7706  NMI=0.8541  ARI=0.7016  0.2s
  BDOSC: ACC=0.5780  NMI=0.6681  ARI=0.4661  3.0s

=== train[22] k=5  dim=250  frames=250  σ=0.5  seqs=['seq_000011', 'seq_000012', 'seq_000020', 'seq_000027', 'seq_000036'] ===
  OSC: ACC=0.3640  NMI=0.3510  ARI=0.1202  0.4s
  TKSS: ACC=0.8720  NMI=0.7877  ARI=0.7392  0.1s
  SSC-TV-L21: ACC=0.8240  NMI=0.8890  ARI=0.8015  0.3s
  SSC-TV-L21-col: ACC=0.8440  NMI=0.8687  ARI=0.8112  0.2s
  BDOSC: ACC=0.5360  NMI=0.6357  ARI=0.4097  3.9s

=== train[23] k=5  dim=201  frames=201  σ=0.5  seqs=['seq_000002', 'seq_000018', 'seq_000025', 'seq_000028', 'seq_000039'] ===
  OSC: ACC=0.6318  NMI=0.7526  ARI=0.5835  0.2s
  TKSS: ACC=0.8259  NMI=0.7434  ARI=0.6382  0.0s
  SSC-TV-L21: ACC=0.9851  NMI=0.9665  ARI=0.9672  0.2s
  SSC-TV-L21-col: ACC=0.9851  NMI=0.9665  ARI=0.9672  0.1s
  BDOSC: ACC=0.4876  NMI=0.6132  ARI=0.3649  2.5s

=== test[0] k=5  dim=193  frames=193  σ=0.5  seqs=['seq_000007', 'seq_000008', 'seq_000015', 'seq_000016', 'seq_000040'] ===
  OSC: ACC=0.5596  NMI=0.5109  ARI=0.3106  0.2s
  TKSS: ACC=0.6891  NMI=0.6642  ARI=0.4913  0.1s
  SSC-TV-L21: ACC=0.4974  NMI=0.6388  ARI=0.3366  0.2s
  SSC-TV-L21-col: ACC=0.4974  NMI=0.6388  ARI=0.3366  0.1s
  BDOSC: ACC=0.6010  NMI=0.6209  ARI=0.4202  2.3s

=== test[1] k=5  dim=195  frames=195  σ=0.5  seqs=['seq_000008', 'seq_000010', 'seq_000030', 'seq_000037', 'seq_000040'] ===
  OSC: ACC=0.4513  NMI=0.4742  ARI=0.2709  0.2s
  TKSS: ACC=0.8000  NMI=0.7540  ARI=0.6301  0.0s
  SSC-TV-L21: ACC=0.7077  NMI=0.8087  ARI=0.6190  0.2s
  SSC-TV-L21-col: ACC=0.7077  NMI=0.8087  ARI=0.6190  0.1s
  BDOSC: ACC=0.6513  NMI=0.6696  ARI=0.5416  2.4s

=== test[2] k=5  dim=166  frames=166  σ=0.5  seqs=['seq_000006', 'seq_000007', 'seq_000013', 'seq_000030', 'seq_000040'] ===
  OSC: ACC=0.5060  NMI=0.4103  ARI=0.1829  0.2s
  TKSS: ACC=0.5663  NMI=0.6384  ARI=0.4624  0.0s
  SSC-TV-L21: ACC=0.8253  NMI=0.8867  ARI=0.8184  0.1s
  SSC-TV-L21-col: ACC=0.8133  NMI=0.8841  ARI=0.8099  0.1s
  BDOSC: ACC=0.4217  NMI=0.4052  ARI=0.0892  1.8s

=== test[3] k=5  dim=176  frames=176  σ=0.5  seqs=['seq_000010', 'seq_000015', 'seq_000034', 'seq_000038', 'seq_000044'] ===
  OSC: ACC=0.4659  NMI=0.5689  ARI=0.3145  0.2s
  TKSS: ACC=0.8523  NMI=0.7773  ARI=0.7025  0.1s
  SSC-TV-L21: ACC=0.4205  NMI=0.5073  ARI=0.1941  0.1s
  SSC-TV-L21-col: ACC=0.4205  NMI=0.5073  ARI=0.1941  0.1s
  BDOSC: ACC=0.4943  NMI=0.6169  ARI=0.3463  1.9s

=== test[4] k=5  dim=152  frames=152  σ=0.5  seqs=['seq_000007', 'seq_000010', 'seq_000015', 'seq_000034', 'seq_000037'] ===
  OSC: ACC=0.4868  NMI=0.4735  ARI=0.1755  0.1s
  TKSS: ACC=0.7895  NMI=0.7272  ARI=0.6151  0.0s
  SSC-TV-L21: ACC=0.7171  NMI=0.7429  ARI=0.5955  0.1s
  SSC-TV-L21-col: ACC=0.7237  NMI=0.7022  ARI=0.5440  0.1s
  BDOSC: ACC=0.5197  NMI=0.6870  ARI=0.5149  1.4s

=== test[5] k=5  dim=164  frames=164  σ=0.5  seqs=['seq_000008', 'seq_000013', 'seq_000015', 'seq_000016', 'seq_000034'] ===
  OSC: ACC=0.5854  NMI=0.6922  ARI=0.4785  0.2s
  TKSS: ACC=0.7500  NMI=0.6967  ARI=0.5689  0.0s
  SSC-TV-L21: ACC=0.5671  NMI=0.6623  ARI=0.4300  0.1s
  SSC-TV-L21-col: ACC=0.5671  NMI=0.6623  ARI=0.4300  0.1s
  BDOSC: ACC=0.4756  NMI=0.6049  ARI=0.4055  1.7s

=== test[6] k=5  dim=158  frames=158  σ=0.5  seqs=['seq_000013', 'seq_000016', 'seq_000030', 'seq_000034', 'seq_000038'] ===
  OSC: ACC=0.7975  NMI=0.7456  ARI=0.6497  0.2s
  TKSS: ACC=0.5949  NMI=0.6342  ARI=0.4574  0.0s
  SSC-TV-L21: ACC=0.7089  NMI=0.7092  ARI=0.5396  0.1s
  SSC-TV-L21-col: ACC=0.7468  NMI=0.7241  ARI=0.5717  0.1s
  BDOSC: ACC=0.6456  NMI=0.6480  ARI=0.4334  1.5s

=== test[7] k=5  dim=218  frames=218  σ=0.5  seqs=['seq_000008', 'seq_000037', 'seq_000038', 'seq_000040', 'seq_000044'] ===
  OSC: ACC=0.4404  NMI=0.5513  ARI=0.3118  0.3s
  TKSS: ACC=0.9404  NMI=0.8706  ARI=0.8602  0.2s
  SSC-TV-L21: ACC=0.6927  NMI=0.7698  ARI=0.6047  0.2s
  SSC-TV-L21-col: ACC=0.7156  NMI=0.7729  ARI=0.6134  0.2s
  BDOSC: ACC=0.6055  NMI=0.6520  ARI=0.4202  3.0s

=== test[8] k=5  dim=236  frames=236  σ=0.5  seqs=['seq_000006', 'seq_000032', 'seq_000034', 'seq_000038', 'seq_000040'] ===
  OSC: ACC=0.5127  NMI=0.5230  ARI=0.2504  0.3s
  TKSS: ACC=0.8814  NMI=0.8093  ARI=0.7433  0.0s
  SSC-TV-L21: ACC=0.7373  NMI=0.7822  ARI=0.6692  0.3s
  SSC-TV-L21-col: ACC=0.7246  NMI=0.7584  ARI=0.6487  0.2s
  BDOSC: ACC=0.4195  NMI=0.5072  ARI=0.2097  3.3s

=== test[9] k=5  dim=203  frames=203  σ=0.5  seqs=['seq_000010', 'seq_000015', 'seq_000034', 'seq_000038', 'seq_000040'] ===
  OSC: ACC=0.5320  NMI=0.5430  ARI=0.3412  0.2s
  TKSS: ACC=0.6650  NMI=0.6737  ARI=0.5200  0.0s
  SSC-TV-L21: ACC=0.5961  NMI=0.6356  ARI=0.4416  0.2s
  SSC-TV-L21-col: ACC=0.6059  NMI=0.6405  ARI=0.4485  0.2s
  BDOSC: ACC=0.4089  NMI=0.5040  ARI=0.1986  2.6s

=== test[10] k=5  dim=150  frames=150  σ=0.5  seqs=['seq_000007', 'seq_000008', 'seq_000013', 'seq_000032', 'seq_000037'] ===
  OSC: ACC=0.7467  NMI=0.7823  ARI=0.6635  0.1s
  TKSS: ACC=0.7400  NMI=0.6454  ARI=0.5210  0.0s
  SSC-TV-L21: ACC=0.8200  NMI=0.8601  ARI=0.7355  0.1s
  SSC-TV-L21-col: ACC=0.8200  NMI=0.8601  ARI=0.7355  0.1s
  BDOSC: ACC=0.6267  NMI=0.7071  ARI=0.5592  1.3s

=== test[11] k=5  dim=188  frames=188  σ=0.5  seqs=['seq_000010', 'seq_000014', 'seq_000030', 'seq_000032', 'seq_000040'] ===
  OSC: ACC=0.6915  NMI=0.7795  ARI=0.6473  0.2s
  TKSS: ACC=0.7553  NMI=0.7360  ARI=0.6084  0.0s
  SSC-TV-L21: ACC=0.8191  NMI=0.8115  ARI=0.7290  0.1s
  SSC-TV-L21-col: ACC=0.7872  NMI=0.8028  ARI=0.7009  0.1s
  BDOSC: ACC=0.4574  NMI=0.5336  ARI=0.2661  2.2s

=== test[12] k=5  dim=152  frames=152  σ=0.5  seqs=['seq_000013', 'seq_000014', 'seq_000015', 'seq_000016', 'seq_000037'] ===
  OSC: ACC=0.6053  NMI=0.6924  ARI=0.5399  0.1s
  TKSS: ACC=0.6711  NMI=0.6712  ARI=0.5180  0.0s
  SSC-TV-L21: ACC=0.6842  NMI=0.7313  ARI=0.5054  0.1s
  SSC-TV-L21-col: ACC=0.6974  NMI=0.7347  ARI=0.5148  0.1s
  BDOSC: ACC=0.6513  NMI=0.7377  ARI=0.5826  1.4s

=== test[13] k=5  dim=124  frames=124  σ=0.5  seqs=['seq_000007', 'seq_000013', 'seq_000016', 'seq_000030', 'seq_000044'] ===
  OSC: ACC=0.7742  NMI=0.7347  ARI=0.6103  0.1s
  TKSS: ACC=0.7581  NMI=0.7428  ARI=0.6162  0.0s
  SSC-TV-L21: ACC=0.7097  NMI=0.7117  ARI=0.5284  0.1s
  SSC-TV-L21-col: ACC=0.6129  NMI=0.7045  ARI=0.4698  0.1s
  BDOSC: ACC=0.9113  NMI=0.8602  ARI=0.7970  1.0s

=== test[14] k=5  dim=194  frames=194  σ=0.5  seqs=['seq_000006', 'seq_000013', 'seq_000030', 'seq_000038', 'seq_000040'] ===
  OSC: ACC=0.4227  NMI=0.4988  ARI=0.2250  0.2s
  TKSS: ACC=0.6186  NMI=0.6461  ARI=0.4912  0.0s
  SSC-TV-L21: ACC=0.7938  NMI=0.7618  ARI=0.6321  0.2s
  SSC-TV-L21-col: ACC=0.8041  NMI=0.7656  ARI=0.6417  0.1s
  BDOSC: ACC=0.6443  NMI=0.6476  ARI=0.5145  2.3s

=== test[15] k=5  dim=188  frames=188  σ=0.5  seqs=['seq_000008', 'seq_000032', 'seq_000034', 'seq_000037', 'seq_000044'] ===
  OSC: ACC=0.4415  NMI=0.5614  ARI=0.3145  0.2s
  TKSS: ACC=0.8032  NMI=0.7217  ARI=0.6138  0.0s
  SSC-TV-L21: ACC=0.7181  NMI=0.8074  ARI=0.6977  0.1s
  SSC-TV-L21-col: ACC=0.7181  NMI=0.8074  ARI=0.6977  0.1s
  BDOSC: ACC=0.6223  NMI=0.6657  ARI=0.4211  2.2s

=== test[16] k=5  dim=142  frames=142  σ=0.5  seqs=['seq_000013', 'seq_000015', 'seq_000034', 'seq_000037', 'seq_000044'] ===
  OSC: ACC=0.6549  NMI=0.6814  ARI=0.5351  0.1s
  TKSS: ACC=0.6831  NMI=0.7002  ARI=0.5636  0.0s
  SSC-TV-L21: ACC=0.5282  NMI=0.5583  ARI=0.3178  0.1s
  SSC-TV-L21-col: ACC=0.5352  NMI=0.5214  ARI=0.2874  0.1s
  BDOSC: ACC=0.7113  NMI=0.7056  ARI=0.5608  1.3s

=== test[17] k=5  dim=200  frames=200  σ=0.5  seqs=['seq_000006', 'seq_000007', 'seq_000008', 'seq_000014', 'seq_000016'] ===
  OSC: ACC=0.5750  NMI=0.6619  ARI=0.4947  0.2s
  TKSS: ACC=0.8650  NMI=0.8180  ARI=0.7328  0.1s
  SSC-TV-L21: ACC=0.9050  NMI=0.9076  ARI=0.8651  0.2s
  SSC-TV-L21-col: ACC=0.9050  NMI=0.9076  ARI=0.8651  0.1s
  BDOSC: ACC=0.5600  NMI=0.5896  ARI=0.3807  2.5s

=== train[0] k=5  dim=208  frames=208  σ=0.75  seqs=['seq_000002', 'seq_000011', 'seq_000017', 'seq_000023', 'seq_000036'] ===
  OSC: ACC=0.5433  NMI=0.5843  ARI=0.3674  0.2s
  TKSS: ACC=0.8365  NMI=0.7732  ARI=0.6748  0.0s
  SSC-TV-L21: ACC=0.8125  NMI=0.8034  ARI=0.6890  0.2s
  SSC-TV-L21-col: ACC=0.6923  NMI=0.8152  ARI=0.6140  0.1s
  BDOSC: ACC=0.6827  NMI=0.7180  ARI=0.6252  2.8s

=== train[1] k=5  dim=157  frames=157  σ=0.75  seqs=['seq_000001', 'seq_000004', 'seq_000009', 'seq_000017', 'seq_000031'] ===
  OSC: ACC=0.7197  NMI=0.6675  ARI=0.5403  0.2s
  TKSS: ACC=0.6815  NMI=0.7111  ARI=0.5863  0.0s
  SSC-TV-L21: ACC=0.8854  NMI=0.8894  ARI=0.8148  0.1s
  SSC-TV-L21-col: ACC=0.8025  NMI=0.7928  ARI=0.6742  0.1s
  BDOSC: ACC=0.5732  NMI=0.6104  ARI=0.4141  1.5s

=== train[2] k=5  dim=169  frames=169  σ=0.75  seqs=['seq_000001', 'seq_000002', 'seq_000011', 'seq_000029', 'seq_000043'] ===
  OSC: ACC=0.8107  NMI=0.7986  ARI=0.7457  0.2s
  TKSS: ACC=0.7929  NMI=0.7407  ARI=0.6150  0.0s
  SSC-TV-L21: ACC=0.8284  NMI=0.8149  ARI=0.6803  0.1s
  SSC-TV-L21-col: ACC=0.8284  NMI=0.8149  ARI=0.6803  0.1s
  BDOSC: ACC=0.5089  NMI=0.5674  ARI=0.2948  1.9s

=== train[3] k=5  dim=233  frames=233  σ=0.75  seqs=['seq_000003', 'seq_000018', 'seq_000026', 'seq_000029', 'seq_000033'] ===
  OSC: ACC=0.6180  NMI=0.6557  ARI=0.5077  0.3s
  TKSS: ACC=0.7124  NMI=0.6961  ARI=0.5626  0.0s
  SSC-TV-L21: ACC=0.9957  NMI=0.9864  ARI=0.9878  0.3s
  SSC-TV-L21-col: ACC=1.0000  NMI=1.0000  ARI=1.0000  0.2s
  BDOSC: ACC=0.5494  NMI=0.5747  ARI=0.3128  3.4s

=== train[4] k=5  dim=124  frames=124  σ=0.75  seqs=['seq_000002', 'seq_000005', 'seq_000027', 'seq_000028', 'seq_000042'] ===
  OSC: ACC=0.5565  NMI=0.6092  ARI=0.4135  0.1s
  TKSS: ACC=0.9194  NMI=0.8394  ARI=0.8115  0.0s
  SSC-TV-L21: ACC=0.9274  NMI=0.8638  ARI=0.8390  0.1s
  SSC-TV-L21-col: ACC=0.9355  NMI=0.8760  ARI=0.8505  0.1s
  BDOSC: ACC=0.6694  NMI=0.6670  ARI=0.4869  1.0s

=== train[5] k=5  dim=199  frames=199  σ=0.75  seqs=['seq_000002', 'seq_000011', 'seq_000017', 'seq_000027', 'seq_000031'] ===
  OSC: ACC=0.6633  NMI=0.6598  ARI=0.5188  0.2s
  TKSS: ACC=0.8995  NMI=0.8193  ARI=0.7725  0.1s
  SSC-TV-L21: ACC=0.7638  NMI=0.8040  ARI=0.6702  0.2s
  SSC-TV-L21-col: ACC=0.7588  NMI=0.7890  ARI=0.6595  0.1s
  BDOSC: ACC=0.6533  NMI=0.6355  ARI=0.4169  2.6s

=== train[6] k=5  dim=175  frames=175  σ=0.75  seqs=['seq_000009', 'seq_000022', 'seq_000025', 'seq_000029', 'seq_000041'] ===
  OSC: ACC=0.6114  NMI=0.5722  ARI=0.3886  0.2s
  TKSS: ACC=0.7029  NMI=0.6666  ARI=0.4953  0.0s
  SSC-TV-L21: ACC=0.7657  NMI=0.8037  ARI=0.6831  0.1s
  SSC-TV-L21-col: ACC=0.7371  NMI=0.7672  ARI=0.6305  0.1s
  BDOSC: ACC=0.4800  NMI=0.5341  ARI=0.2538  2.0s

=== train[7] k=5  dim=154  frames=154  σ=0.75  seqs=['seq_000009', 'seq_000017', 'seq_000019', 'seq_000020', 'seq_000043'] ===
  OSC: ACC=0.4545  NMI=0.4706  ARI=0.2256  0.1s
  TKSS: ACC=0.7662  NMI=0.6893  ARI=0.5314  0.0s
  SSC-TV-L21: ACC=0.7727  NMI=0.7261  ARI=0.6394  0.1s
  SSC-TV-L21-col: ACC=0.7727  NMI=0.7261  ARI=0.6394  0.1s
  BDOSC: ACC=0.5844  NMI=0.6727  ARI=0.5088  1.4s

=== train[8] k=5  dim=163  frames=163  σ=0.75  seqs=['seq_000001', 'seq_000005', 'seq_000022', 'seq_000029', 'seq_000042'] ===
  OSC: ACC=0.6380  NMI=0.6724  ARI=0.5335  0.2s
  TKSS: ACC=0.7791  NMI=0.7022  ARI=0.5570  0.0s
  SSC-TV-L21: ACC=0.8834  NMI=0.8262  ARI=0.7305  0.1s
  SSC-TV-L21-col: ACC=0.8221  NMI=0.8038  ARI=0.6617  0.1s
  BDOSC: ACC=0.5276  NMI=0.6132  ARI=0.3417  1.7s

=== train[9] k=5  dim=158  frames=158  σ=0.75  seqs=['seq_000004', 'seq_000009', 'seq_000012', 'seq_000023', 'seq_000031'] ===
  OSC: ACC=0.7215  NMI=0.6916  ARI=0.5946  0.2s
  TKSS: ACC=0.6392  NMI=0.7129  ARI=0.5540  0.0s
  SSC-TV-L21: ACC=1.0000  NMI=1.0000  ARI=1.0000  0.1s
  SSC-TV-L21-col: ACC=1.0000  NMI=1.0000  ARI=1.0000  0.1s
  BDOSC: ACC=0.5316  NMI=0.5225  ARI=0.2498  1.5s

=== train[10] k=5  dim=182  frames=182  σ=0.75  seqs=['seq_000002', 'seq_000009', 'seq_000012', 'seq_000018', 'seq_000023'] ===
  OSC: ACC=0.7088  NMI=0.6708  ARI=0.5416  0.2s
  TKSS: ACC=0.6868  NMI=0.6727  ARI=0.5091  0.0s
  SSC-TV-L21: ACC=1.0000  NMI=1.0000  ARI=1.0000  0.1s
  SSC-TV-L21-col: ACC=0.9505  NMI=0.9407  ARI=0.9491  0.1s
  BDOSC: ACC=0.5934  NMI=0.6323  ARI=0.4522  2.1s

=== train[11] k=5  dim=212  frames=212  σ=0.75  seqs=['seq_000009', 'seq_000012', 'seq_000022', 'seq_000023', 'seq_000036'] ===
  OSC: ACC=0.6698  NMI=0.6416  ARI=0.4728  0.3s
  TKSS: ACC=0.7170  NMI=0.6824  ARI=0.5375  0.1s
  SSC-TV-L21: ACC=0.8538  NMI=0.8542  ARI=0.7827  0.2s
  SSC-TV-L21-col: ACC=0.8538  NMI=0.8542  ARI=0.7827  0.1s
  BDOSC: ACC=0.5849  NMI=0.5971  ARI=0.3832  2.9s

=== train[12] k=5  dim=159  frames=159  σ=0.75  seqs=['seq_000001', 'seq_000017', 'seq_000023', 'seq_000024', 'seq_000039'] ===
  OSC: ACC=0.6667  NMI=0.6645  ARI=0.4951  0.2s
  TKSS: ACC=0.8113  NMI=0.7514  ARI=0.6555  0.0s
  SSC-TV-L21: ACC=0.7862  NMI=0.7694  ARI=0.6039  0.1s
  SSC-TV-L21-col: ACC=0.7862  NMI=0.7694  ARI=0.6039  0.1s
  BDOSC: ACC=0.4277  NMI=0.3255  ARI=0.0773  1.5s

=== train[13] k=5  dim=179  frames=179  σ=0.75  seqs=['seq_000028', 'seq_000029', 'seq_000033', 'seq_000035', 'seq_000039'] ===
  OSC: ACC=0.5084  NMI=0.5759  ARI=0.3294  0.2s
  TKSS: ACC=0.8380  NMI=0.7653  ARI=0.6797  0.0s
  SSC-TV-L21: ACC=0.9162  NMI=0.8956  ARI=0.8549  0.1s
  SSC-TV-L21-col: ACC=0.9162  NMI=0.8956  ARI=0.8549  0.1s
  BDOSC: ACC=0.3743  NMI=0.4639  ARI=0.1715  2.0s

=== train[14] k=5  dim=200  frames=200  σ=0.75  seqs=['seq_000001', 'seq_000023', 'seq_000025', 'seq_000026', 'seq_000039'] ===
  OSC: ACC=0.3700  NMI=0.4110  ARI=0.1504  0.2s
  TKSS: ACC=0.7600  NMI=0.7365  ARI=0.6197  0.0s
  SSC-TV-L21: ACC=0.7050  NMI=0.7897  ARI=0.6219  0.2s
  SSC-TV-L21-col: ACC=0.7250  NMI=0.7930  ARI=0.6282  0.1s
  BDOSC: ACC=0.5650  NMI=0.6559  ARI=0.4749  2.6s

=== train[15] k=5  dim=222  frames=222  σ=0.75  seqs=['seq_000018', 'seq_000019', 'seq_000020', 'seq_000031', 'seq_000035'] ===
  OSC: ACC=0.7252  NMI=0.7012  ARI=0.5478  0.3s
  TKSS: ACC=0.8829  NMI=0.8130  ARI=0.7615  0.0s
  SSC-TV-L21: ACC=0.7793  NMI=0.7623  ARI=0.6781  0.2s
  SSC-TV-L21-col: ACC=0.7207  NMI=0.7208  ARI=0.5890  0.2s
  BDOSC: ACC=0.4189  NMI=0.4951  ARI=0.2125  3.2s

=== train[16] k=5  dim=198  frames=198  σ=0.75  seqs=['seq_000022', 'seq_000026', 'seq_000028', 'seq_000033', 'seq_000042'] ===
  OSC: ACC=0.7424  NMI=0.7255  ARI=0.6730  0.2s
  TKSS: ACC=0.6162  NMI=0.6821  ARI=0.5197  0.0s
  SSC-TV-L21: ACC=0.7121  NMI=0.8653  ARI=0.7463  0.2s
  SSC-TV-L21-col: ACC=0.7323  NMI=0.8663  ARI=0.7496  0.1s
  BDOSC: ACC=0.5859  NMI=0.6908  ARI=0.5018  2.5s

=== train[17] k=5  dim=213  frames=213  σ=0.75  seqs=['seq_000017', 'seq_000020', 'seq_000026', 'seq_000039', 'seq_000041'] ===
  OSC: ACC=0.6995  NMI=0.6920  ARI=0.5720  0.3s
  TKSS: ACC=0.6948  NMI=0.7110  ARI=0.5817  0.1s
  SSC-TV-L21: ACC=0.7465  NMI=0.7475  ARI=0.6762  0.2s
  SSC-TV-L21-col: ACC=0.6620  NMI=0.6601  ARI=0.4705  0.2s
  BDOSC: ACC=0.4977  NMI=0.6124  ARI=0.4130  3.0s

=== train[18] k=5  dim=184  frames=184  σ=0.75  seqs=['seq_000004', 'seq_000012', 'seq_000022', 'seq_000028', 'seq_000042'] ===
  OSC: ACC=0.6250  NMI=0.6378  ARI=0.4965  0.2s
  TKSS: ACC=0.6522  NMI=0.6335  ARI=0.4422  0.1s
  SSC-TV-L21: ACC=0.7554  NMI=0.8220  ARI=0.6744  0.1s
  SSC-TV-L21-col: ACC=0.9891  NMI=0.9684  ARI=0.9632  0.1s
  BDOSC: ACC=0.5380  NMI=0.6286  ARI=0.4112  2.1s

=== train[19] k=5  dim=203  frames=203  σ=0.75  seqs=['seq_000021', 'seq_000025', 'seq_000026', 'seq_000029', 'seq_000041'] ===
  OSC: ACC=0.5862  NMI=0.6646  ARI=0.5152  0.2s
  TKSS: ACC=0.6995  NMI=0.7123  ARI=0.5829  0.0s
  SSC-TV-L21: ACC=0.9951  NMI=0.9843  ARI=0.9849  0.2s
  SSC-TV-L21-col: ACC=0.9951  NMI=0.9843  ARI=0.9849  0.1s
  BDOSC: ACC=0.4729  NMI=0.5646  ARI=0.3208  2.7s

=== train[20] k=5  dim=174  frames=174  σ=0.75  seqs=['seq_000001', 'seq_000021', 'seq_000025', 'seq_000027', 'seq_000041'] ===
  OSC: ACC=0.5115  NMI=0.6610  ARI=0.4585  0.2s
  TKSS: ACC=0.7529  NMI=0.7489  ARI=0.6214  0.0s
  SSC-TV-L21: ACC=0.7586  NMI=0.8592  ARI=0.7116  0.1s
  SSC-TV-L21-col: ACC=0.7529  NMI=0.8417  ARI=0.6996  0.1s
  BDOSC: ACC=0.5920  NMI=0.6740  ARI=0.4717  1.9s

=== train[21] k=5  dim=218  frames=218  σ=0.75  seqs=['seq_000001', 'seq_000022', 'seq_000024', 'seq_000025', 'seq_000036'] ===
  OSC: ACC=0.5000  NMI=0.4866  ARI=0.2488  0.3s
  TKSS: ACC=0.7661  NMI=0.6716  ARI=0.5529  0.1s
  SSC-TV-L21: ACC=0.9128  NMI=0.8991  ARI=0.8399  0.2s
  SSC-TV-L21-col: ACC=0.9128  NMI=0.8991  ARI=0.8399  0.2s
  BDOSC: ACC=0.5917  NMI=0.6512  ARI=0.4644  3.0s

=== train[22] k=5  dim=250  frames=250  σ=0.75  seqs=['seq_000011', 'seq_000012', 'seq_000020', 'seq_000027', 'seq_000036'] ===
  OSC: ACC=0.6000  NMI=0.6753  ARI=0.4439  0.4s
  TKSS: ACC=0.8640  NMI=0.7787  ARI=0.7231  0.1s
  SSC-TV-L21: ACC=0.8160  NMI=0.8869  ARI=0.7962  0.3s
  SSC-TV-L21-col: ACC=0.8160  NMI=0.8869  ARI=0.7962  0.2s
  BDOSC: ACC=0.6920  NMI=0.6892  ARI=0.5428  3.9s

=== train[23] k=5  dim=201  frames=201  σ=0.75  seqs=['seq_000002', 'seq_000018', 'seq_000025', 'seq_000028', 'seq_000039'] ===
  OSC: ACC=0.4279  NMI=0.4374  ARI=0.2101  0.2s
  TKSS: ACC=0.8259  NMI=0.7434  ARI=0.6382  0.0s
  SSC-TV-L21: ACC=0.9851  NMI=0.9665  ARI=0.9672  0.2s
  SSC-TV-L21-col: ACC=0.9751  NMI=0.9524  ARI=0.9470  0.1s
  BDOSC: ACC=0.5970  NMI=0.5982  ARI=0.3850  2.6s

=== test[0] k=5  dim=193  frames=193  σ=0.75  seqs=['seq_000007', 'seq_000008', 'seq_000015', 'seq_000016', 'seq_000040'] ===
  OSC: ACC=0.6218  NMI=0.7086  ARI=0.5185  0.2s
  TKSS: ACC=0.6373  NMI=0.6412  ARI=0.4635  0.0s
  SSC-TV-L21: ACC=0.6010  NMI=0.6694  ARI=0.4545  0.2s
  SSC-TV-L21-col: ACC=0.5233  NMI=0.6170  ARI=0.3252  0.1s
  BDOSC: ACC=0.7202  NMI=0.6763  ARI=0.5825  2.3s

=== test[1] k=5  dim=195  frames=195  σ=0.75  seqs=['seq_000008', 'seq_000010', 'seq_000030', 'seq_000037', 'seq_000040'] ===
  OSC: ACC=0.4359  NMI=0.4665  ARI=0.1894  0.2s
  TKSS: ACC=0.7949  NMI=0.7525  ARI=0.6278  0.0s
  SSC-TV-L21: ACC=0.9795  NMI=0.9489  ARI=0.9538  0.2s
  SSC-TV-L21-col: ACC=0.9795  NMI=0.9489  ARI=0.9538  0.1s
  BDOSC: ACC=0.6667  NMI=0.6751  ARI=0.5423  2.5s

=== test[2] k=5  dim=166  frames=166  σ=0.75  seqs=['seq_000006', 'seq_000007', 'seq_000013', 'seq_000030', 'seq_000040'] ===
  OSC: ACC=0.7952  NMI=0.7491  ARI=0.7024  0.2s
  TKSS: ACC=0.5843  NMI=0.6417  ARI=0.4718  0.0s
  SSC-TV-L21: ACC=0.9277  NMI=0.8957  ARI=0.9356  0.1s
  SSC-TV-L21-col: ACC=0.9277  NMI=0.8957  ARI=0.9356  0.1s
  BDOSC: ACC=0.5000  NMI=0.4943  ARI=0.2697  1.8s

=== test[3] k=5  dim=176  frames=176  σ=0.75  seqs=['seq_000010', 'seq_000015', 'seq_000034', 'seq_000038', 'seq_000044'] ===
  OSC: ACC=0.7102  NMI=0.7510  ARI=0.5957  0.2s
  TKSS: ACC=0.8693  NMI=0.7831  ARI=0.7128  0.0s
  SSC-TV-L21: ACC=0.8466  NMI=0.8054  ARI=0.7234  0.1s
  SSC-TV-L21-col: ACC=0.7443  NMI=0.7527  ARI=0.6658  0.1s
  BDOSC: ACC=0.5625  NMI=0.6377  ARI=0.3591  1.9s

=== test[4] k=5  dim=152  frames=152  σ=0.75  seqs=['seq_000007', 'seq_000010', 'seq_000015', 'seq_000034', 'seq_000037'] ===
  OSC: ACC=0.6316  NMI=0.7184  ARI=0.5606  0.1s
  TKSS: ACC=0.7763  NMI=0.7080  ARI=0.5847  0.0s
  SSC-TV-L21: ACC=0.6645  NMI=0.6804  ARI=0.5221  0.1s
  SSC-TV-L21-col: ACC=0.7039  NMI=0.7352  ARI=0.5812  0.1s
  BDOSC: ACC=0.4276  NMI=0.5565  ARI=0.2993  1.4s

=== test[5] k=5  dim=164  frames=164  σ=0.75  seqs=['seq_000008', 'seq_000013', 'seq_000015', 'seq_000016', 'seq_000034'] ===
  OSC: ACC=0.4146  NMI=0.4916  ARI=0.2079  0.2s
  TKSS: ACC=0.7622  NMI=0.7024  ARI=0.5820  0.0s
  SSC-TV-L21: ACC=0.6037  NMI=0.6917  ARI=0.4985  0.1s
  SSC-TV-L21-col: ACC=0.4939  NMI=0.6425  ARI=0.4142  0.1s
  BDOSC: ACC=0.6890  NMI=0.7188  ARI=0.5818  1.7s

=== test[6] k=5  dim=158  frames=158  σ=0.75  seqs=['seq_000013', 'seq_000016', 'seq_000030', 'seq_000034', 'seq_000038'] ===
  OSC: ACC=0.7468  NMI=0.7203  ARI=0.5989  0.2s
  TKSS: ACC=0.5949  NMI=0.6306  ARI=0.4481  0.0s
  SSC-TV-L21: ACC=0.7532  NMI=0.7546  ARI=0.5773  0.1s
  SSC-TV-L21-col: ACC=0.7595  NMI=0.7569  ARI=0.5830  0.1s
  BDOSC: ACC=0.4620  NMI=0.4234  ARI=0.1035  1.5s

=== test[7] k=5  dim=218  frames=218  σ=0.75  seqs=['seq_000008', 'seq_000037', 'seq_000038', 'seq_000040', 'seq_000044'] ===
  OSC: ACC=0.6101  NMI=0.6437  ARI=0.4198  0.3s
  TKSS: ACC=0.8991  NMI=0.8339  ARI=0.7758  0.0s
  SSC-TV-L21: ACC=0.7294  NMI=0.7681  ARI=0.6160  0.2s
  SSC-TV-L21-col: ACC=0.7294  NMI=0.7681  ARI=0.6160  0.2s
  BDOSC: ACC=0.7110  NMI=0.6553  ARI=0.4549  3.1s

=== test[8] k=5  dim=236  frames=236  σ=0.75  seqs=['seq_000006', 'seq_000032', 'seq_000034', 'seq_000038', 'seq_000040'] ===
  OSC: ACC=0.4237  NMI=0.5221  ARI=0.2612  0.3s
  TKSS: ACC=0.8771  NMI=0.8051  ARI=0.7347  0.0s
  SSC-TV-L21: ACC=0.8432  NMI=0.8042  ARI=0.7116  0.2s
  SSC-TV-L21-col: ACC=0.7881  NMI=0.7862  ARI=0.6741  0.2s
  BDOSC: ACC=0.4915  NMI=0.5800  ARI=0.3364  3.4s

=== test[9] k=5  dim=203  frames=203  σ=0.75  seqs=['seq_000010', 'seq_000015', 'seq_000034', 'seq_000038', 'seq_000040'] ===
  OSC: ACC=0.6207  NMI=0.6733  ARI=0.5212  0.2s
  TKSS: ACC=0.6601  NMI=0.6738  ARI=0.5204  0.0s
  SSC-TV-L21: ACC=0.6207  NMI=0.6536  ARI=0.4800  0.2s
  SSC-TV-L21-col: ACC=0.6207  NMI=0.6536  ARI=0.4800  0.1s
  BDOSC: ACC=0.5468  NMI=0.5981  ARI=0.3503  2.7s

=== test[10] k=5  dim=150  frames=150  σ=0.75  seqs=['seq_000007', 'seq_000008', 'seq_000013', 'seq_000032', 'seq_000037'] ===
  OSC: ACC=0.4933  NMI=0.5492  ARI=0.3264  0.1s
  TKSS: ACC=0.7533  NMI=0.6610  ARI=0.5372  0.0s
  SSC-TV-L21: ACC=0.9800  NMI=0.9562  ARI=0.9533  0.1s
  SSC-TV-L21-col: ACC=0.8733  NMI=0.8729  ARI=0.7713  0.1s
  BDOSC: ACC=0.6667  NMI=0.6582  ARI=0.4742  1.4s

=== test[11] k=5  dim=188  frames=188  σ=0.75  seqs=['seq_000010', 'seq_000014', 'seq_000030', 'seq_000032', 'seq_000040'] ===
  OSC: ACC=0.7074  NMI=0.7042  ARI=0.6020  0.2s
  TKSS: ACC=0.7500  NMI=0.7293  ARI=0.6030  0.0s
  SSC-TV-L21: ACC=0.8404  NMI=0.8190  ARI=0.7465  0.1s
  SSC-TV-L21-col: ACC=0.8191  NMI=0.8115  ARI=0.7290  0.1s
  BDOSC: ACC=0.7128  NMI=0.6813  ARI=0.5774  2.2s

=== test[12] k=5  dim=152  frames=152  σ=0.75  seqs=['seq_000013', 'seq_000014', 'seq_000015', 'seq_000016', 'seq_000037'] ===
  OSC: ACC=0.6711  NMI=0.7196  ARI=0.5379  0.1s
  TKSS: ACC=0.6711  NMI=0.6712  ARI=0.5180  0.0s
  SSC-TV-L21: ACC=0.7566  NMI=0.7838  ARI=0.6341  0.1s
  SSC-TV-L21-col: ACC=0.7566  NMI=0.7838  ARI=0.6341  0.1s
  BDOSC: ACC=0.4539  NMI=0.5667  ARI=0.2925  1.4s

=== test[13] k=5  dim=124  frames=124  σ=0.75  seqs=['seq_000007', 'seq_000013', 'seq_000016', 'seq_000030', 'seq_000044'] ===
  OSC: ACC=0.5403  NMI=0.5959  ARI=0.3541  0.1s
  TKSS: ACC=0.7419  NMI=0.7204  ARI=0.5924  0.0s
  SSC-TV-L21: ACC=0.6129  NMI=0.7045  ARI=0.4698  0.1s
  SSC-TV-L21-col: ACC=0.6048  NMI=0.6848  ARI=0.4601  0.1s
  BDOSC: ACC=0.5645  NMI=0.5806  ARI=0.3439  1.0s

=== test[14] k=5  dim=194  frames=194  σ=0.75  seqs=['seq_000006', 'seq_000013', 'seq_000030', 'seq_000038', 'seq_000040'] ===
  OSC: ACC=0.6753  NMI=0.6329  ARI=0.4968  0.2s
  TKSS: ACC=0.6186  NMI=0.6461  ARI=0.4912  0.0s
  SSC-TV-L21: ACC=0.9278  NMI=0.8865  ARI=0.8200  0.2s
  SSC-TV-L21-col: ACC=0.7320  NMI=0.8319  ARI=0.6552  0.1s
  BDOSC: ACC=0.6289  NMI=0.7206  ARI=0.5361  2.3s

=== test[15] k=5  dim=188  frames=188  σ=0.75  seqs=['seq_000008', 'seq_000032', 'seq_000034', 'seq_000037', 'seq_000044'] ===
  OSC: ACC=0.4149  NMI=0.4978  ARI=0.1971  0.2s
  TKSS: ACC=0.8032  NMI=0.7201  ARI=0.6121  0.0s
  SSC-TV-L21: ACC=0.7128  NMI=0.8151  ARI=0.7083  0.1s
  SSC-TV-L21-col: ACC=0.7181  NMI=0.8152  ARI=0.7085  0.1s
  BDOSC: ACC=0.5691  NMI=0.6663  ARI=0.4610  2.2s

=== test[16] k=5  dim=142  frames=142  σ=0.75  seqs=['seq_000013', 'seq_000015', 'seq_000034', 'seq_000037', 'seq_000044'] ===
  OSC: ACC=0.4718  NMI=0.5150  ARI=0.2852  0.1s
  TKSS: ACC=0.6901  NMI=0.7134  ARI=0.5803  0.0s
  SSC-TV-L21: ACC=0.4437  NMI=0.4974  ARI=0.2477  0.1s
  SSC-TV-L21-col: ACC=0.6549  NMI=0.6159  ARI=0.4587  0.1s
  BDOSC: ACC=0.5845  NMI=0.6009  ARI=0.4021  1.4s

=== test[17] k=5  dim=200  frames=200  σ=0.75  seqs=['seq_000006', 'seq_000007', 'seq_000008', 'seq_000014', 'seq_000016'] ===
  OSC: ACC=0.5350  NMI=0.6406  ARI=0.3912  0.2s
  TKSS: ACC=0.9000  NMI=0.8600  ARI=0.8067  0.0s
  SSC-TV-L21: ACC=0.8950  NMI=0.8918  ARI=0.8515  0.2s
  SSC-TV-L21-col: ACC=0.9950  NMI=0.9848  ARI=0.9877  0.1s
  BDOSC: ACC=0.5450  NMI=0.6144  ARI=0.3692  2.5s

=== mean over matrices ===
  OSC train σ=0.0: ACC=0.6309  NMI=0.6775  ARI=0.4890  n=24
  TKSS train σ=0.0: ACC=0.7717  NMI=0.7356  ARI=0.6269  n=24
  SSC-TV-L21 train σ=0.0: ACC=0.6043  NMI=0.6606  ARI=0.4627  n=24
  SSC-TV-L21-col train σ=0.0: ACC=0.5824  NMI=0.6326  ARI=0.4242  n=24
  BDOSC train σ=0.0: ACC=0.6522  NMI=0.6883  ARI=0.5173  n=24
  OSC test σ=0.0: ACC=0.6194  NMI=0.6662  ARI=0.4640  n=18
  TKSS test σ=0.0: ACC=0.7015  NMI=0.6486  ARI=0.5324  n=18
  SSC-TV-L21 test σ=0.0: ACC=0.5137  NMI=0.5848  ARI=0.3420  n=18
  SSC-TV-L21-col test σ=0.0: ACC=0.5047  NMI=0.5712  ARI=0.3321  n=18
  BDOSC test σ=0.0: ACC=0.6053  NMI=0.6477  ARI=0.4511  n=18
  OSC train σ=0.25: ACC=0.6488  NMI=0.6857  ARI=0.4971  n=24
  TKSS train σ=0.25: ACC=0.7860  NMI=0.7593  ARI=0.6456  n=24
  SSC-TV-L21 train σ=0.25: ACC=0.8003  NMI=0.8228  ARI=0.7149  n=24
  SSC-TV-L21-col train σ=0.25: ACC=0.7881  NMI=0.8133  ARI=0.7060  n=24
  BDOSC train σ=0.25: ACC=0.6462  NMI=0.6768  ARI=0.5068  n=24
  OSC test σ=0.25: ACC=0.6329  NMI=0.6844  ARI=0.4922  n=18
  TKSS test σ=0.25: ACC=0.7507  NMI=0.7148  ARI=0.5979  n=18
  SSC-TV-L21 test σ=0.25: ACC=0.6278  NMI=0.6890  ARI=0.5019  n=18
  SSC-TV-L21-col test σ=0.25: ACC=0.6107  NMI=0.6833  ARI=0.4768  n=18
  BDOSC test σ=0.25: ACC=0.6784  NMI=0.6981  ARI=0.5433  n=18
  OSC train σ=0.5: ACC=0.5692  NMI=0.5821  ARI=0.3846  n=24
  TKSS train σ=0.5: ACC=0.7692  NMI=0.7389  ARI=0.6218  n=24
  SSC-TV-L21 train σ=0.5: ACC=0.8332  NMI=0.8512  ARI=0.7579  n=24
  SSC-TV-L21-col train σ=0.5: ACC=0.8217  NMI=0.8418  ARI=0.7442  n=24
  BDOSC train σ=0.5: ACC=0.5497  NMI=0.6051  ARI=0.3783  n=24
  OSC test σ=0.5: ACC=0.5694  NMI=0.6048  ARI=0.4065  n=18
  TKSS test σ=0.5: ACC=0.7457  NMI=0.7182  ARI=0.5953  n=18
  SSC-TV-L21 test σ=0.5: ACC=0.6916  NMI=0.7385  ARI=0.5700  n=18
  SSC-TV-L21-col test σ=0.5: ACC=0.6890  NMI=0.7335  ARI=0.5627  n=18
  BDOSC test σ=0.5: ACC=0.5793  NMI=0.6313  ARI=0.4256  n=18
  OSC train σ=0.75: ACC=0.6116  NMI=0.6261  ARI=0.4580  n=24
  TKSS train σ=0.75: ACC=0.7624  NMI=0.7272  ARI=0.6077  n=24
  SSC-TV-L21 train σ=0.75: ACC=0.8482  NMI=0.8592  ARI=0.7780  n=24
  SSC-TV-L21-col train σ=0.75: ACC=0.8391  NMI=0.8507  ARI=0.7612  n=24
  BDOSC train σ=0.75: ACC=0.5538  NMI=0.5998  ARI=0.3828  n=24
  OSC test σ=0.75: ACC=0.5844  NMI=0.6278  ARI=0.4315  n=18
  TKSS test σ=0.75: ACC=0.7435  NMI=0.7163  ARI=0.5924  n=18
  SSC-TV-L21 test σ=0.75: ACC=0.7633  NMI=0.7792  ARI=0.6613  n=18
  SSC-TV-L21-col test σ=0.75: ACC=0.7458  NMI=0.7754  ARI=0.6463  n=18
  BDOSC test σ=0.75: ACC=0.5835  NMI=0.6169  ARI=0.4076  n=18

wrote /nfs/turbo/umms-minjilab/lpullela/icassp_ssc_tv2/ballet_dataset/ballet_cluster_sigmas_results.csv
wrote /nfs/turbo/umms-minjilab/lpullela/icassp_ssc_tv2/ballet_dataset/ballet_cluster_sigmas_params.json
end=Wed Sep  2 01:13:16 EDT 2026
