========================================
Job: ssc_block_ballet_k8
Dataset: ballet
K: 8
known_k: True
Methods: SSC-Block-TV SSC-Block-TV-Col21 SSC-Block-TV-L1
========================================
host=gl3028.arc-ts.umich.edu  python=/home/lpullela/miniconda3/envs/ssc_559/bin/python  start=Fri Sep  4 22:30:39 EDT 2026
=== Ballet Clustering Experiment ===
k=8  n_test=15  n_train_combos=24  n_test_combos=18  n_trials=100  down_hw=30  full_data=False  n_frames ~ Unif[10, 100]  seed=0
hetero_noise=False  sigmas=None  append=False  no_tune=False  known_k=True  csv=ballet_cluster_knownk_scaled_results_k8_variants.csv
SSC-Block-TV block_size searched in [2, 12]

Loading 44 sequences once (reused across combinations)
  seq_000001: frames=53  dim=900
  seq_000002: frames=78  dim=900
  seq_000003: frames=13  dim=900
  seq_000004: frames=84  dim=900
  seq_000005: frames=32  dim=900
  seq_000006: frames=89  dim=900
  seq_000007: frames=34  dim=900
  seq_000008: frames=33  dim=900
  seq_000009: frames=68  dim=900
  seq_000010: frames=17  dim=900
  seq_000011: frames=88  dim=900
  seq_000012: frames=86  dim=900
  seq_000013: frames=84  dim=900
  seq_000014: frames=51  dim=900
  seq_000015: frames=21  dim=900
  seq_000016: frames=21  dim=900
  seq_000017: frames=98  dim=900
  seq_000018: frames=44  dim=900
  seq_000019: frames=92  dim=900
  seq_000020: frames=55  dim=900
  seq_000021: frames=11  dim=900
  seq_000022: frames=15  dim=900
  seq_000023: frames=55  dim=900
  seq_000024: frames=20  dim=900
  seq_000025: frames=78  dim=900
  seq_000026: frames=18  dim=900
  seq_000027: frames=36  dim=900
  seq_000028: frames=94  dim=900
  seq_000029: frames=76  dim=900
  seq_000030: frames=39  dim=900
  seq_000031: frames=48  dim=900
  seq_000032: frames=36  dim=900
  seq_000033: frames=48  dim=900
  seq_000034: frames=51  dim=900
  seq_000035: frames=43  dim=900
  seq_000036: frames=80  dim=900
  seq_000037: frames=48  dim=900
  seq_000038: frames=75  dim=900
  seq_000039: frames=89  dim=900
  seq_000040: frames=43  dim=900
  seq_000041: frames=51  dim=900
  seq_000042: frames=80  dim=900
  seq_000043: frames=29  dim=900
  seq_000044: frames=83  dim=900
sequences=44  train_pool=29  test_pool=15  train_combos=24  test_combos=18
train pool: ['seq_000003', 'seq_000035', 'seq_000005', 'seq_000019', 'seq_000024', 'seq_000033', 'seq_000012', 'seq_000002', 'seq_000023', 'seq_000020', 'seq_000022', 'seq_000028', 'seq_000042', 'seq_000011', 'seq_000004', 'seq_000039', 'seq_000017', 'seq_000031', 'seq_000021', 'seq_000029', 'seq_000009', 'seq_000036', 'seq_000043', 'seq_000018', 'seq_000001', 'seq_000025', 'seq_000026', 'seq_000041', 'seq_000027']
test  pool: ['seq_000040', 'seq_000010', 'seq_000007', 'seq_000037', 'seq_000038', 'seq_000014', 'seq_000013', 'seq_000008', 'seq_000044', 'seq_000006', 'seq_000015', 'seq_000030', 'seq_000034', 'seq_000016', 'seq_000032']
train 0 k=8  sequences=['seq_000003', 'seq_000004', 'seq_000005', 'seq_000012', 'seq_000021', 'seq_000023', 'seq_000035', 'seq_000042']
train 1 k=8  sequences=['seq_000001', 'seq_000002', 'seq_000004', 'seq_000011', 'seq_000017', 'seq_000025', 'seq_000029', 'seq_000043']
train 2 k=8  sequences=['seq_000003', 'seq_000004', 'seq_000005', 'seq_000021', 'seq_000023', 'seq_000024', 'seq_000036', 'seq_000041']
train 3 k=8  sequences=['seq_000004', 'seq_000009', 'seq_000011', 'seq_000012', 'seq_000017', 'seq_000022', 'seq_000039', 'seq_000042']
train 4 k=8  sequences=['seq_000009', 'seq_000017', 'seq_000019', 'seq_000020', 'seq_000021', 'seq_000039', 'seq_000041', 'seq_000043']
train 5 k=8  sequences=['seq_000002', 'seq_000011', 'seq_000017', 'seq_000020', 'seq_000021', 'seq_000029', 'seq_000035', 'seq_000043']
train 6 k=8  sequences=['seq_000002', 'seq_000005', 'seq_000009', 'seq_000012', 'seq_000017', 'seq_000021', 'seq_000033', 'seq_000035']
train 7 k=8  sequences=['seq_000001', 'seq_000017', 'seq_000018', 'seq_000023', 'seq_000024', 'seq_000029', 'seq_000035', 'seq_000039']
train 8 k=8  sequences=['seq_000001', 'seq_000005', 'seq_000017', 'seq_000018', 'seq_000020', 'seq_000024', 'seq_000031', 'seq_000042']
train 9 k=8  sequences=['seq_000005', 'seq_000009', 'seq_000011', 'seq_000023', 'seq_000031', 'seq_000035', 'seq_000039', 'seq_000043']
train 10 k=8  sequences=['seq_000017', 'seq_000020', 'seq_000025', 'seq_000026', 'seq_000035', 'seq_000039', 'seq_000041', 'seq_000043']
train 11 k=8  sequences=['seq_000002', 'seq_000009', 'seq_000021', 'seq_000022', 'seq_000028', 'seq_000033', 'seq_000035', 'seq_000036']
train 12 k=8  sequences=['seq_000001', 'seq_000003', 'seq_000017', 'seq_000019', 'seq_000025', 'seq_000027', 'seq_000036', 'seq_000043']
train 13 k=8  sequences=['seq_000011', 'seq_000012', 'seq_000018', 'seq_000020', 'seq_000023', 'seq_000025', 'seq_000027', 'seq_000036']
train 14 k=8  sequences=['seq_000019', 'seq_000020', 'seq_000025', 'seq_000028', 'seq_000029', 'seq_000035', 'seq_000039', 'seq_000042']
train 15 k=8  sequences=['seq_000002', 'seq_000003', 'seq_000004', 'seq_000005', 'seq_000024', 'seq_000026', 'seq_000029', 'seq_000039']
train 16 k=8  sequences=['seq_000002', 'seq_000004', 'seq_000017', 'seq_000019', 'seq_000022', 'seq_000026', 'seq_000033', 'seq_000043']
train 17 k=8  sequences=['seq_000001', 'seq_000002', 'seq_000005', 'seq_000017', 'seq_000018', 'seq_000024', 'seq_000029', 'seq_000036']
train 18 k=8  sequences=['seq_000009', 'seq_000017', 'seq_000020', 'seq_000028', 'seq_000029', 'seq_000036', 'seq_000041', 'seq_000043']
train 19 k=8  sequences=['seq_000009', 'seq_000019', 'seq_000021', 'seq_000022', 'seq_000025', 'seq_000035', 'seq_000036', 'seq_000041']
train 20 k=8  sequences=['seq_000002', 'seq_000003', 'seq_000005', 'seq_000018', 'seq_000020', 'seq_000021', 'seq_000025', 'seq_000026']
train 21 k=8  sequences=['seq_000003', 'seq_000005', 'seq_000009', 'seq_000022', 'seq_000027', 'seq_000035', 'seq_000041', 'seq_000042']
train 22 k=8  sequences=['seq_000002', 'seq_000003', 'seq_000011', 'seq_000012', 'seq_000018', 'seq_000025', 'seq_000026', 'seq_000031']
train 23 k=8  sequences=['seq_000001', 'seq_000002', 'seq_000012', 'seq_000024', 'seq_000027', 'seq_000035', 'seq_000041', 'seq_000043']
test  0 k=8  sequences=['seq_000006', 'seq_000007', 'seq_000008', 'seq_000010', 'seq_000013', 'seq_000014', 'seq_000015', 'seq_000016']
test  1 k=8  sequences=['seq_000006', 'seq_000007', 'seq_000008', 'seq_000013', 'seq_000014', 'seq_000015', 'seq_000030', 'seq_000034']
test  2 k=8  sequences=['seq_000013', 'seq_000014', 'seq_000015', 'seq_000016', 'seq_000032', 'seq_000034', 'seq_000038', 'seq_000040']
test  3 k=8  sequences=['seq_000008', 'seq_000010', 'seq_000013', 'seq_000014', 'seq_000016', 'seq_000030', 'seq_000032', 'seq_000044']
test  4 k=8  sequences=['seq_000006', 'seq_000007', 'seq_000010', 'seq_000013', 'seq_000015', 'seq_000030', 'seq_000038', 'seq_000040']
test  5 k=8  sequences=['seq_000006', 'seq_000010', 'seq_000014', 'seq_000016', 'seq_000030', 'seq_000034', 'seq_000037', 'seq_000038']
test  6 k=8  sequences=['seq_000006', 'seq_000007', 'seq_000014', 'seq_000015', 'seq_000032', 'seq_000037', 'seq_000040', 'seq_000044']
test  7 k=8  sequences=['seq_000007', 'seq_000008', 'seq_000010', 'seq_000013', 'seq_000037', 'seq_000038', 'seq_000040', 'seq_000044']
test  8 k=8  sequences=['seq_000006', 'seq_000007', 'seq_000008', 'seq_000010', 'seq_000015', 'seq_000034', 'seq_000038', 'seq_000040']
test  9 k=8  sequences=['seq_000008', 'seq_000010', 'seq_000013', 'seq_000014', 'seq_000015', 'seq_000032', 'seq_000040', 'seq_000044']
test  10 k=8  sequences=['seq_000006', 'seq_000010', 'seq_000015', 'seq_000016', 'seq_000030', 'seq_000032', 'seq_000037', 'seq_000040']
test  11 k=8  sequences=['seq_000006', 'seq_000007', 'seq_000013', 'seq_000014', 'seq_000030', 'seq_000032', 'seq_000038', 'seq_000044']
test  12 k=8  sequences=['seq_000006', 'seq_000007', 'seq_000010', 'seq_000013', 'seq_000014', 'seq_000015', 'seq_000030', 'seq_000037']
test  13 k=8  sequences=['seq_000006', 'seq_000007', 'seq_000008', 'seq_000014', 'seq_000016', 'seq_000030', 'seq_000032', 'seq_000037']
test  14 k=8  sequences=['seq_000006', 'seq_000010', 'seq_000013', 'seq_000030', 'seq_000032', 'seq_000034', 'seq_000037', 'seq_000044']
test  15 k=8  sequences=['seq_000008', 'seq_000014', 'seq_000032', 'seq_000034', 'seq_000037', 'seq_000038', 'seq_000040', 'seq_000044']
test  16 k=8  sequences=['seq_000010', 'seq_000013', 'seq_000014', 'seq_000015', 'seq_000032', 'seq_000038', 'seq_000040', 'seq_000044']
test  17 k=8  sequences=['seq_000006', 'seq_000007', 'seq_000013', 'seq_000015', 'seq_000030', 'seq_000032', 'seq_000037', 'seq_000038']

Building train combinations
  train[0]: frames=404  dim=900  n_kept=[13, 84, 32, 86, 11, 55, 43, 80]  seqs=['seq_000003', 'seq_000004', 'seq_000005', 'seq_000012', 'seq_000021', 'seq_000023', 'seq_000035', 'seq_000042']
  train[1]: frames=584  dim=900  n_kept=[53, 78, 84, 88, 98, 78, 76, 29]  seqs=['seq_000001', 'seq_000002', 'seq_000004', 'seq_000011', 'seq_000017', 'seq_000025', 'seq_000029', 'seq_000043']
  train[2]: frames=346  dim=900  n_kept=[13, 84, 32, 11, 55, 20, 80, 51]  seqs=['seq_000003', 'seq_000004', 'seq_000005', 'seq_000021', 'seq_000023', 'seq_000024', 'seq_000036', 'seq_000041']
  train[3]: frames=608  dim=900  n_kept=[84, 68, 88, 86, 98, 15, 89, 80]  seqs=['seq_000004', 'seq_000009', 'seq_000011', 'seq_000012', 'seq_000017', 'seq_000022', 'seq_000039', 'seq_000042']
  train[4]: frames=493  dim=900  n_kept=[68, 98, 92, 55, 11, 89, 51, 29]  seqs=['seq_000009', 'seq_000017', 'seq_000019', 'seq_000020', 'seq_000021', 'seq_000039', 'seq_000041', 'seq_000043']
  train[5]: frames=478  dim=900  n_kept=[78, 88, 98, 55, 11, 76, 43, 29]  seqs=['seq_000002', 'seq_000011', 'seq_000017', 'seq_000020', 'seq_000021', 'seq_000029', 'seq_000035', 'seq_000043']
  train[6]: frames=464  dim=900  n_kept=[78, 32, 68, 86, 98, 11, 48, 43]  seqs=['seq_000002', 'seq_000005', 'seq_000009', 'seq_000012', 'seq_000017', 'seq_000021', 'seq_000033', 'seq_000035']
  train[7]: frames=478  dim=900  n_kept=[53, 98, 44, 55, 20, 76, 43, 89]  seqs=['seq_000001', 'seq_000017', 'seq_000018', 'seq_000023', 'seq_000024', 'seq_000029', 'seq_000035', 'seq_000039']
  train[8]: frames=430  dim=900  n_kept=[53, 32, 98, 44, 55, 20, 48, 80]  seqs=['seq_000001', 'seq_000005', 'seq_000017', 'seq_000018', 'seq_000020', 'seq_000024', 'seq_000031', 'seq_000042']
  train[9]: frames=452  dim=900  n_kept=[32, 68, 88, 55, 48, 43, 89, 29]  seqs=['seq_000005', 'seq_000009', 'seq_000011', 'seq_000023', 'seq_000031', 'seq_000035', 'seq_000039', 'seq_000043']
  train[10]: frames=461  dim=900  n_kept=[98, 55, 78, 18, 43, 89, 51, 29]  seqs=['seq_000017', 'seq_000020', 'seq_000025', 'seq_000026', 'seq_000035', 'seq_000039', 'seq_000041', 'seq_000043']
  train[11]: frames=437  dim=900  n_kept=[78, 68, 11, 15, 94, 48, 43, 80]  seqs=['seq_000002', 'seq_000009', 'seq_000021', 'seq_000022', 'seq_000028', 'seq_000033', 'seq_000035', 'seq_000036']
  train[12]: frames=479  dim=900  n_kept=[53, 13, 98, 92, 78, 36, 80, 29]  seqs=['seq_000001', 'seq_000003', 'seq_000017', 'seq_000019', 'seq_000025', 'seq_000027', 'seq_000036', 'seq_000043']
  train[13]: frames=522  dim=900  n_kept=[88, 86, 44, 55, 55, 78, 36, 80]  seqs=['seq_000011', 'seq_000012', 'seq_000018', 'seq_000020', 'seq_000023', 'seq_000025', 'seq_000027', 'seq_000036']
  train[14]: frames=607  dim=900  n_kept=[92, 55, 78, 94, 76, 43, 89, 80]  seqs=['seq_000019', 'seq_000020', 'seq_000025', 'seq_000028', 'seq_000029', 'seq_000035', 'seq_000039', 'seq_000042']
  train[15]: frames=410  dim=900  n_kept=[78, 13, 84, 32, 20, 18, 76, 89]  seqs=['seq_000002', 'seq_000003', 'seq_000004', 'seq_000005', 'seq_000024', 'seq_000026', 'seq_000029', 'seq_000039']
  train[16]: frames=462  dim=900  n_kept=[78, 84, 98, 92, 15, 18, 48, 29]  seqs=['seq_000002', 'seq_000004', 'seq_000017', 'seq_000019', 'seq_000022', 'seq_000026', 'seq_000033', 'seq_000043']
  train[17]: frames=481  dim=900  n_kept=[53, 78, 32, 98, 44, 20, 76, 80]  seqs=['seq_000001', 'seq_000002', 'seq_000005', 'seq_000017', 'seq_000018', 'seq_000024', 'seq_000029', 'seq_000036']
  train[18]: frames=551  dim=900  n_kept=[68, 98, 55, 94, 76, 80, 51, 29]  seqs=['seq_000009', 'seq_000017', 'seq_000020', 'seq_000028', 'seq_000029', 'seq_000036', 'seq_000041', 'seq_000043']
  train[19]: frames=438  dim=900  n_kept=[68, 92, 11, 15, 78, 43, 80, 51]  seqs=['seq_000009', 'seq_000019', 'seq_000021', 'seq_000022', 'seq_000025', 'seq_000035', 'seq_000036', 'seq_000041']
  train[20]: frames=329  dim=900  n_kept=[78, 13, 32, 44, 55, 11, 78, 18]  seqs=['seq_000002', 'seq_000003', 'seq_000005', 'seq_000018', 'seq_000020', 'seq_000021', 'seq_000025', 'seq_000026']
  train[21]: frames=338  dim=900  n_kept=[13, 32, 68, 15, 36, 43, 51, 80]  seqs=['seq_000003', 'seq_000005', 'seq_000009', 'seq_000022', 'seq_000027', 'seq_000035', 'seq_000041', 'seq_000042']
  train[22]: frames=453  dim=900  n_kept=[78, 13, 88, 86, 44, 78, 18, 48]  seqs=['seq_000002', 'seq_000003', 'seq_000011', 'seq_000012', 'seq_000018', 'seq_000025', 'seq_000026', 'seq_000031']
  train[23]: frames=396  dim=900  n_kept=[53, 78, 86, 20, 36, 43, 51, 29]  seqs=['seq_000001', 'seq_000002', 'seq_000012', 'seq_000024', 'seq_000027', 'seq_000035', 'seq_000041', 'seq_000043']
Building test combinations
  test[0]: frames=350  dim=900  n_kept=[89, 34, 33, 17, 84, 51, 21, 21]  seqs=['seq_000006', 'seq_000007', 'seq_000008', 'seq_000010', 'seq_000013', 'seq_000014', 'seq_000015', 'seq_000016']
  test[1]: frames=402  dim=900  n_kept=[89, 34, 33, 84, 51, 21, 39, 51]  seqs=['seq_000006', 'seq_000007', 'seq_000008', 'seq_000013', 'seq_000014', 'seq_000015', 'seq_000030', 'seq_000034']
  test[2]: frames=382  dim=900  n_kept=[84, 51, 21, 21, 36, 51, 75, 43]  seqs=['seq_000013', 'seq_000014', 'seq_000015', 'seq_000016', 'seq_000032', 'seq_000034', 'seq_000038', 'seq_000040']
  test[3]: frames=364  dim=900  n_kept=[33, 17, 84, 51, 21, 39, 36, 83]  seqs=['seq_000008', 'seq_000010', 'seq_000013', 'seq_000014', 'seq_000016', 'seq_000030', 'seq_000032', 'seq_000044']
  test[4]: frames=402  dim=900  n_kept=[89, 34, 17, 84, 21, 39, 75, 43]  seqs=['seq_000006', 'seq_000007', 'seq_000010', 'seq_000013', 'seq_000015', 'seq_000030', 'seq_000038', 'seq_000040']
  test[5]: frames=391  dim=900  n_kept=[89, 17, 51, 21, 39, 51, 48, 75]  seqs=['seq_000006', 'seq_000010', 'seq_000014', 'seq_000016', 'seq_000030', 'seq_000034', 'seq_000037', 'seq_000038']
  test[6]: frames=405  dim=900  n_kept=[89, 34, 51, 21, 36, 48, 43, 83]  seqs=['seq_000006', 'seq_000007', 'seq_000014', 'seq_000015', 'seq_000032', 'seq_000037', 'seq_000040', 'seq_000044']
  test[7]: frames=417  dim=900  n_kept=[34, 33, 17, 84, 48, 75, 43, 83]  seqs=['seq_000007', 'seq_000008', 'seq_000010', 'seq_000013', 'seq_000037', 'seq_000038', 'seq_000040', 'seq_000044']
  test[8]: frames=363  dim=900  n_kept=[89, 34, 33, 17, 21, 51, 75, 43]  seqs=['seq_000006', 'seq_000007', 'seq_000008', 'seq_000010', 'seq_000015', 'seq_000034', 'seq_000038', 'seq_000040']
  test[9]: frames=368  dim=900  n_kept=[33, 17, 84, 51, 21, 36, 43, 83]  seqs=['seq_000008', 'seq_000010', 'seq_000013', 'seq_000014', 'seq_000015', 'seq_000032', 'seq_000040', 'seq_000044']
  test[10]: frames=314  dim=900  n_kept=[89, 17, 21, 21, 39, 36, 48, 43]  seqs=['seq_000006', 'seq_000010', 'seq_000015', 'seq_000016', 'seq_000030', 'seq_000032', 'seq_000037', 'seq_000040']
  test[11]: frames=491  dim=900  n_kept=[89, 34, 84, 51, 39, 36, 75, 83]  seqs=['seq_000006', 'seq_000007', 'seq_000013', 'seq_000014', 'seq_000030', 'seq_000032', 'seq_000038', 'seq_000044']
  test[12]: frames=383  dim=900  n_kept=[89, 34, 17, 84, 51, 21, 39, 48]  seqs=['seq_000006', 'seq_000007', 'seq_000010', 'seq_000013', 'seq_000014', 'seq_000015', 'seq_000030', 'seq_000037']
  test[13]: frames=351  dim=900  n_kept=[89, 34, 33, 51, 21, 39, 36, 48]  seqs=['seq_000006', 'seq_000007', 'seq_000008', 'seq_000014', 'seq_000016', 'seq_000030', 'seq_000032', 'seq_000037']
  test[14]: frames=447  dim=900  n_kept=[89, 17, 84, 39, 36, 51, 48, 83]  seqs=['seq_000006', 'seq_000010', 'seq_000013', 'seq_000030', 'seq_000032', 'seq_000034', 'seq_000037', 'seq_000044']
  test[15]: frames=420  dim=900  n_kept=[33, 51, 36, 51, 48, 75, 43, 83]  seqs=['seq_000008', 'seq_000014', 'seq_000032', 'seq_000034', 'seq_000037', 'seq_000038', 'seq_000040', 'seq_000044']
  test[16]: frames=410  dim=900  n_kept=[17, 84, 51, 21, 36, 75, 43, 83]  seqs=['seq_000010', 'seq_000013', 'seq_000014', 'seq_000015', 'seq_000032', 'seq_000038', 'seq_000040', 'seq_000044']
  test[17]: frames=426  dim=900  n_kept=[89, 34, 84, 21, 39, 36, 48, 75]  seqs=['seq_000006', 'seq_000007', 'seq_000013', 'seq_000015', 'seq_000030', 'seq_000032', 'seq_000037', 'seq_000038']
clustering Y dim=900  (downsampled 30x30)

Methods: ['SSC-Block-TV', 'SSC-Block-TV-Col21', 'SSC-Block-TV-L1']
pooled train mats for tuning=24

============================================================
--- Tuning SSC-Block-TV over 24 train mats  n_trials=200 (4 params) ---
  SSC-Block-TV trial 0: mean ARI=0.7421  n=24  52.1s  lambda_e=1, lambda_z=0.1, gamma_q=0.1, block_size=5
  SSC-Block-TV trial 1: mean ARI=0.6156  n=24  54.6s  lambda_e=0.443, lambda_z=0.7257, gamma_q=0.2577, block_size=7
  SSC-Block-TV trial 2: mean ARI=0.5451  n=24  54.0s  lambda_e=0.1866, lambda_z=0.3833, gamma_q=0.05628, block_size=11
  SSC-Block-TV trial 3: mean ARI=0.6776  n=24  59.2s  lambda_e=7.78, lambda_z=0.03418, gamma_q=1.469, block_size=7
  SSC-Block-TV trial 4: mean ARI=0.4542  n=24  67.1s  lambda_e=0.506, lambda_z=5.039, gamma_q=0.001924, block_size=2
  SSC-Block-TV trial 5: mean ARI=0.6416  n=24  57.3s  lambda_e=0.0115, lambda_z=2.14, gamma_q=1.296, block_size=11
  SSC-Block-TV trial 6: mean ARI=0.4784  n=24  56.5s  lambda_e=8.627, lambda_z=1.573, gamma_q=0.07013, block_size=10
  SSC-Block-TV trial 7: mean ARI=0.6430  n=24  42.7s  lambda_e=0.02264, lambda_z=0.3628, gamma_q=0.003745, block_size=12
  SSC-Block-TV trial 8: mean ARI=0.6957  n=24  31.4s  lambda_e=0.3677, lambda_z=0.04557, gamma_q=0.01143, block_size=10
  SSC-Block-TV trial 9: mean ARI=0.5436  n=24  31.9s  lambda_e=0.2336, lambda_z=0.1878, gamma_q=0.001189, block_size=8
  SSC-Block-TV trial 10: mean ARI=0.6849  n=24  41.9s  lambda_e=1.991, lambda_z=0.001622, gamma_q=6.473, block_size=2
  SSC-Block-TV trial 11: mean ARI=0.7269  n=24  33.9s  lambda_e=1.391, lambda_z=0.04005, gamma_q=0.01389, block_size=5
  SSC-Block-TV trial 12: mean ARI=0.7483  n=24  34.5s  lambda_e=1.795, lambda_z=0.01028, gamma_q=0.0233, block_size=4
  SSC-Block-TV trial 13: mean ARI=0.6710  n=24  34.5s  lambda_e=2.099, lambda_z=0.003851, gamma_q=0.1174, block_size=4
  SSC-Block-TV trial 14: mean ARI=0.7488  n=24  34.6s  lambda_e=0.0783, lambda_z=0.008079, gamma_q=0.01903, block_size=4
  SSC-Block-TV trial 15: mean ARI=0.7424  n=24  34.5s  lambda_e=0.05124, lambda_z=0.007731, gamma_q=0.01364, block_size=4
  SSC-Block-TV trial 16: mean ARI=0.7501  n=24  34.4s  lambda_e=0.07095, lambda_z=0.01022, gamma_q=0.02548, block_size=4
  SSC-Block-TV trial 17: mean ARI=0.7497  n=24  36.5s  lambda_e=0.09426, lambda_z=0.001448, gamma_q=0.003898, block_size=3
  SSC-Block-TV trial 18: mean ARI=0.7478  n=24  40.8s  lambda_e=0.07303, lambda_z=0.001489, gamma_q=0.004978, block_size=2
  SSC-Block-TV trial 19: mean ARI=0.7522  n=24  32.7s  lambda_e=0.03309, lambda_z=0.001142, gamma_q=0.004118, block_size=6
  SSC-Block-TV trial 20: mean ARI=0.6516  n=24  32.7s  lambda_e=0.0323, lambda_z=0.003699, gamma_q=0.03473, block_size=6
  SSC-Block-TV trial 21: mean ARI=0.7405  n=24  36.5s  lambda_e=0.1264, lambda_z=0.00126, gamma_q=0.004244, block_size=3
  SSC-Block-TV trial 22: mean ARI=0.7418  n=24  32.9s  lambda_e=0.0178, lambda_z=0.003361, gamma_q=0.006017, block_size=6
  SSC-Block-TV trial 23: mean ARI=0.7427  n=24  36.5s  lambda_e=0.04892, lambda_z=0.01185, gamma_q=0.001937, block_size=3
  SSC-Block-TV trial 24: mean ARI=0.7289  n=24  31.6s  lambda_e=0.1162, lambda_z=0.02071, gamma_q=0.008117, block_size=8
  SSC-Block-TV trial 25: mean ARI=0.6323  n=24  33.6s  lambda_e=0.0278, lambda_z=0.002723, gamma_q=0.3155, block_size=5
  SSC-Block-TV trial 26: mean ARI=0.7357  n=24  36.7s  lambda_e=0.01201, lambda_z=0.005423, gamma_q=0.001065, block_size=3
  SSC-Block-TV trial 27: mean ARI=0.7408  n=24  32.8s  lambda_e=0.04656, lambda_z=0.00102, gamma_q=0.003018, block_size=6
  SSC-Block-TV trial 28: mean ARI=0.6873  n=24  36.6s  lambda_e=0.1055, lambda_z=0.002051, gamma_q=0.03374, block_size=3
  SSC-Block-TV trial 29: mean ARI=0.6571  n=24  33.9s  lambda_e=0.2436, lambda_z=0.01665, gamma_q=0.1597, block_size=5
  SSC-Block-TV trial 30: mean ARI=0.6250  n=24  33.0s  lambda_e=0.06913, lambda_z=0.09885, gamma_q=0.007762, block_size=7
  SSC-Block-TV trial 31: mean ARI=0.7453  n=24  34.7s  lambda_e=0.07702, lambda_z=0.006894, gamma_q=0.02251, block_size=4
  SSC-Block-TV trial 32: mean ARI=0.7288  n=24  34.3s  lambda_e=0.1592, lambda_z=0.005029, gamma_q=0.002172, block_size=4
  SSC-Block-TV trial 33: mean ARI=0.7524  n=24  32.9s  lambda_e=0.04116, lambda_z=0.02168, gamma_q=0.01931, block_size=6
  SSC-Block-TV trial 34: mean ARI=0.6812  n=24  32.3s  lambda_e=0.03834, lambda_z=0.08042, gamma_q=0.04409, block_size=7
  SSC-Block-TV trial 35: mean ARI=0.7328  n=24  33.0s  lambda_e=0.01802, lambda_z=0.01808, gamma_q=0.008379, block_size=8
  SSC-Block-TV trial 36: mean ARI=0.6384  n=24  33.7s  lambda_e=0.02215, lambda_z=0.002259, gamma_q=0.07361, block_size=5
  SSC-Block-TV trial 37: mean ARI=0.6856  n=24  32.8s  lambda_e=0.3828, lambda_z=0.02677, gamma_q=0.3519, block_size=6
  SSC-Block-TV trial 38: mean ARI=0.6507  n=24  31.6s  lambda_e=0.6452, lambda_z=0.06195, gamma_q=0.002812, block_size=9
  SSC-Block-TV trial 39: mean ARI=0.6278  n=24  33.8s  lambda_e=0.1743, lambda_z=0.1373, gamma_q=0.01427, block_size=5
  SSC-Block-TV trial 40: mean ARI=0.7134  n=24  35.2s  lambda_e=5.032, lambda_z=0.001012, gamma_q=0.004768, block_size=7
  SSC-Block-TV trial 41: mean ARI=0.7493  n=24  37.0s  lambda_e=0.09207, lambda_z=0.01131, gamma_q=0.01963, block_size=3
  SSC-Block-TV trial 42: mean ARI=0.7224  n=24  40.9s  lambda_e=0.05854, lambda_z=0.01303, gamma_q=0.05378, block_size=2
  SSC-Block-TV trial 43: mean ARI=0.7670  n=24  36.7s  lambda_e=0.0966, lambda_z=0.03136, gamma_q=0.02927, block_size=3
  SSC-Block-TV trial 44: mean ARI=0.7677  n=24  40.9s  lambda_e=0.03641, lambda_z=0.03348, gamma_q=0.03, block_size=2
  SSC-Block-TV trial 45: mean ARI=0.7195  n=24  41.0s  lambda_e=0.03564, lambda_z=0.3694, gamma_q=0.1935, block_size=2
  SSC-Block-TV trial 46: mean ARI=0.7415  n=24  41.2s  lambda_e=0.01536, lambda_z=0.03082, gamma_q=0.03367, block_size=2
  SSC-Block-TV trial 47: mean ARI=0.7051  n=24  32.7s  lambda_e=0.04189, lambda_z=0.223, gamma_q=0.08735, block_size=6
  SSC-Block-TV trial 48: mean ARI=0.7092  n=24  34.4s  lambda_e=0.2465, lambda_z=9.667, gamma_q=0.495, block_size=4
  SSC-Block-TV trial 49: mean ARI=0.7115  n=24  33.9s  lambda_e=0.02921, lambda_z=0.0454, gamma_q=0.1209, block_size=5
  SSC-Block-TV trial 50: mean ARI=0.6114  n=24  41.6s  lambda_e=0.02625, lambda_z=0.8758, gamma_q=0.01078, block_size=2
  SSC-Block-TV trial 51: mean ARI=0.7425  n=24  37.2s  lambda_e=0.1232, lambda_z=0.05266, gamma_q=0.02597, block_size=3
  SSC-Block-TV trial 52: mean ARI=0.7551  n=24  40.3s  lambda_e=0.06056, lambda_z=0.02501, gamma_q=0.05856, block_size=3
  SSC-Block-TV trial 53: mean ARI=0.7448  n=24  37.7s  lambda_e=0.06262, lambda_z=0.02732, gamma_q=0.05543, block_size=3
  SSC-Block-TV trial 54: mean ARI=0.6949  n=24  31.7s  lambda_e=0.02189, lambda_z=0.07177, gamma_q=0.01626, block_size=12
  SSC-Block-TV trial 55: mean ARI=0.7651  n=24  42.8s  lambda_e=0.05441, lambda_z=0.04122, gamma_q=0.04317, block_size=2
  SSC-Block-TV trial 56: mean ARI=0.7127  n=24  43.3s  lambda_e=0.05299, lambda_z=0.1423, gamma_q=4.608, block_size=2
  SSC-Block-TV trial 57: mean ARI=0.7652  n=24  46.5s  lambda_e=0.03959, lambda_z=0.03697, gamma_q=0.03773, block_size=2
  SSC-Block-TV trial 58: mean ARI=0.7649  n=24  44.2s  lambda_e=0.04094, lambda_z=0.03906, gamma_q=0.03966, block_size=2
  SSC-Block-TV trial 59: mean ARI=0.7614  n=24  44.0s  lambda_e=0.1489, lambda_z=0.03733, gamma_q=0.1033, block_size=2
  SSC-Block-TV trial 60: mean ARI=0.7565  n=24  43.6s  lambda_e=0.08919, lambda_z=0.03867, gamma_q=0.1038, block_size=2
  SSC-Block-TV trial 61: mean ARI=0.7588  n=24  43.6s  lambda_e=0.1432, lambda_z=0.03797, gamma_q=0.108, block_size=2
  SSC-Block-TV trial 62: mean ARI=0.7646  n=24  43.7s  lambda_e=0.149, lambda_z=0.04179, gamma_q=0.04372, block_size=2
  SSC-Block-TV trial 63: mean ARI=0.7501  n=24  43.8s  lambda_e=0.1969, lambda_z=0.09018, gamma_q=0.04079, block_size=2
  SSC-Block-TV trial 64: mean ARI=0.7496  n=24  45.6s  lambda_e=0.5481, lambda_z=0.06198, gamma_q=0.07556, block_size=2
  SSC-Block-TV trial 65: mean ARI=0.6714  n=24  39.8s  lambda_e=0.3081, lambda_z=0.1311, gamma_q=0.02936, block_size=3
  SSC-Block-TV trial 66: mean ARI=0.7368  n=24  44.5s  lambda_e=0.1052, lambda_z=0.2357, gamma_q=0.1631, block_size=2
  SSC-Block-TV trial 67: mean ARI=0.7528  n=24  39.9s  lambda_e=0.1992, lambda_z=0.01544, gamma_q=0.04408, block_size=3
  SSC-Block-TV trial 68: mean ARI=0.7389  n=24  42.7s  lambda_e=0.14, lambda_z=0.04882, gamma_q=0.6357, block_size=2
  SSC-Block-TV trial 69: mean ARI=0.7036  n=24  37.4s  lambda_e=0.01104, lambda_z=0.03336, gamma_q=0.0571, block_size=3
  SSC-Block-TV trial 70: mean ARI=0.6549  n=24  42.0s  lambda_e=0.0819, lambda_z=0.1099, gamma_q=0.01124, block_size=2
  SSC-Block-TV trial 71: mean ARI=0.7628  n=24  42.1s  lambda_e=0.04609, lambda_z=0.03674, gamma_q=0.1057, block_size=2
  SSC-Block-TV trial 72: mean ARI=0.7261  n=24  41.9s  lambda_e=0.04961, lambda_z=0.0571, gamma_q=0.2434, block_size=2
  SSC-Block-TV trial 73: mean ARI=0.7271  n=24  38.0s  lambda_e=0.03402, lambda_z=0.02082, gamma_q=0.1289, block_size=3
  SSC-Block-TV trial 74: mean ARI=0.7231  n=24  42.4s  lambda_e=0.0253, lambda_z=0.07467, gamma_q=0.0405, block_size=2
  SSC-Block-TV trial 75: mean ARI=0.7619  n=24  37.5s  lambda_e=0.0422, lambda_z=0.03609, gamma_q=0.08203, block_size=3
  SSC-Block-TV trial 76: mean ARI=0.7056  n=24  35.3s  lambda_e=0.04431, lambda_z=0.008404, gamma_q=0.07404, block_size=4
  SSC-Block-TV trial 77: mean ARI=0.7460  n=24  37.8s  lambda_e=0.01485, lambda_z=0.02545, gamma_q=0.02793, block_size=3
  SSC-Block-TV trial 78: mean ARI=0.7400  n=24  35.3s  lambda_e=0.0678, lambda_z=0.01624, gamma_q=0.02285, block_size=4
  SSC-Block-TV trial 79: mean ARI=0.7573  n=24  37.6s  lambda_e=0.03409, lambda_z=0.04971, gamma_q=0.04669, block_size=3
  SSC-Block-TV trial 80: mean ARI=0.7654  n=24  37.0s  lambda_e=0.05443, lambda_z=0.03278, gamma_q=0.03346, block_size=3
  SSC-Block-TV trial 81: mean ARI=0.7648  n=24  37.1s  lambda_e=0.05225, lambda_z=0.03288, gamma_q=0.0344, block_size=3
  SSC-Block-TV trial 82: mean ARI=0.7558  n=24  41.5s  lambda_e=0.05432, lambda_z=0.01982, gamma_q=0.03396, block_size=2
  SSC-Block-TV trial 83: mean ARI=0.7593  n=24  37.3s  lambda_e=0.1043, lambda_z=0.03037, gamma_q=0.01932, block_size=3
  SSC-Block-TV trial 84: mean ARI=0.7541  n=24  40.4s  lambda_e=0.03005, lambda_z=0.01486, gamma_q=0.03239, block_size=2
  SSC-Block-TV trial 85: mean ARI=0.7168  n=24  36.5s  lambda_e=0.07663, lambda_z=0.07069, gamma_q=0.01693, block_size=3
  SSC-Block-TV trial 86: mean ARI=0.7581  n=24  40.0s  lambda_e=0.02058, lambda_z=0.02446, gamma_q=0.02413, block_size=2
  SSC-Block-TV trial 87: mean ARI=0.7357  n=24  33.9s  lambda_e=0.03815, lambda_z=0.04417, gamma_q=0.0614, block_size=4
  SSC-Block-TV trial 88: mean ARI=0.7409  n=24  35.7s  lambda_e=0.05198, lambda_z=0.009231, gamma_q=0.0454, block_size=3
  SSC-Block-TV trial 89: mean ARI=0.7385  n=24  39.9s  lambda_e=0.06373, lambda_z=0.05908, gamma_q=0.01552, block_size=2
  SSC-Block-TV trial 90: mean ARI=0.6224  n=24  30.6s  lambda_e=0.08587, lambda_z=0.1009, gamma_q=0.01296, block_size=11
  SSC-Block-TV trial 91: mean ARI=0.7514  n=24  35.9s  lambda_e=0.0437, lambda_z=0.03306, gamma_q=0.07125, block_size=3
  SSC-Block-TV trial 92: mean ARI=0.7554  n=24  35.9s  lambda_e=0.0266, lambda_z=0.04214, gamma_q=0.08946, block_size=3
  SSC-Block-TV trial 93: mean ARI=0.7489  n=24  39.9s  lambda_e=0.04078, lambda_z=0.01279, gamma_q=0.03448, block_size=2
  SSC-Block-TV trial 94: mean ARI=0.7382  n=24  35.7s  lambda_e=0.05674, lambda_z=0.02219, gamma_q=0.1329, block_size=3
  SSC-Block-TV trial 95: mean ARI=0.7426  n=24  33.8s  lambda_e=0.07215, lambda_z=0.02898, gamma_q=0.08447, block_size=4
  SSC-Block-TV trial 96: mean ARI=0.7547  n=24  39.6s  lambda_e=0.04758, lambda_z=0.03611, gamma_q=0.05138, block_size=2
  SSC-Block-TV trial 97: mean ARI=0.7416  n=24  33.8s  lambda_e=0.03175, lambda_z=0.01909, gamma_q=0.04047, block_size=4
  SSC-Block-TV trial 98: mean ARI=0.7452  n=24  40.3s  lambda_e=0.09668, lambda_z=0.04808, gamma_q=0.06632, block_size=2
  SSC-Block-TV trial 99: mean ARI=0.7380  n=24  35.9s  lambda_e=0.03746, lambda_z=0.05805, gamma_q=0.02698, block_size=3
  SSC-Block-TV trial 100: mean ARI=0.7561  n=24  40.0s  lambda_e=0.06343, lambda_z=0.0742, gamma_q=0.1626, block_size=2
  SSC-Block-TV trial 101: mean ARI=0.7554  n=24  39.9s  lambda_e=0.2957, lambda_z=0.03792, gamma_q=0.09113, block_size=2
  SSC-Block-TV trial 102: mean ARI=0.7627  n=24  39.6s  lambda_e=0.1642, lambda_z=0.03153, gamma_q=0.02168, block_size=2
  SSC-Block-TV trial 103: mean ARI=0.7632  n=24  35.9s  lambda_e=0.1803, lambda_z=0.03058, gamma_q=0.02112, block_size=3
  SSC-Block-TV trial 104: mean ARI=0.7338  n=24  39.9s  lambda_e=0.2338, lambda_z=0.02759, gamma_q=0.008824, block_size=2
  SSC-Block-TV trial 105: mean ARI=0.7567  n=24  40.0s  lambda_e=0.1691, lambda_z=0.02356, gamma_q=0.02254, block_size=2
  SSC-Block-TV trial 106: mean ARI=0.7113  n=24  36.0s  lambda_e=0.1133, lambda_z=0.08653, gamma_q=0.01911, block_size=3
  SSC-Block-TV trial 107: mean ARI=0.7595  n=24  39.8s  lambda_e=0.1958, lambda_z=0.0308, gamma_q=0.03805, block_size=2
  SSC-Block-TV trial 108: mean ARI=0.7578  n=24  40.0s  lambda_e=4.435, lambda_z=0.01839, gamma_q=0.02823, block_size=2
  SSC-Block-TV trial 109: mean ARI=0.7459  n=24  36.0s  lambda_e=0.1357, lambda_z=0.01439, gamma_q=0.05044, block_size=3
  SSC-Block-TV trial 110: mean ARI=0.4772  n=24  39.9s  lambda_e=0.2918, lambda_z=2.689, gamma_q=0.02167, block_size=2
  SSC-Block-TV trial 111: mean ARI=0.7543  n=24  35.7s  lambda_e=0.04343, lambda_z=0.04198, gamma_q=0.03075, block_size=3
  SSC-Block-TV trial 112: mean ARI=0.7410  n=24  35.7s  lambda_e=0.08113, lambda_z=0.03379, gamma_q=0.06234, block_size=3
  SSC-Block-TV trial 113: mean ARI=0.7044  n=24  35.6s  lambda_e=0.02332, lambda_z=0.05281, gamma_q=0.01279, block_size=3
  SSC-Block-TV trial 114: mean ARI=0.7386  n=24  36.7s  lambda_e=0.1249, lambda_z=0.06442, gamma_q=0.04578, block_size=3
  SSC-Block-TV trial 115: mean ARI=0.7448  n=24  40.2s  lambda_e=0.02971, lambda_z=0.04372, gamma_q=0.0163, block_size=2
  SSC-Block-TV trial 116: mean ARI=0.7472  n=24  36.6s  lambda_e=0.1628, lambda_z=0.02281, gamma_q=0.03745, block_size=3
  SSC-Block-TV trial 117: mean ARI=0.7682  n=24  40.3s  lambda_e=0.05703, lambda_z=0.02804, gamma_q=0.02544, block_size=2
  SSC-Block-TV trial 118: mean ARI=0.6449  n=24  39.9s  lambda_e=0.057, lambda_z=0.1191, gamma_q=0.009748, block_size=2
  SSC-Block-TV trial 119: mean ARI=0.7682  n=24  40.2s  lambda_e=0.09798, lambda_z=0.02736, gamma_q=0.02469, block_size=2
  SSC-Block-TV trial 120: mean ARI=0.7620  n=24  40.1s  lambda_e=0.0976, lambda_z=0.02639, gamma_q=0.0241, block_size=2
  SSC-Block-TV trial 121: mean ARI=0.7652  n=24  40.1s  lambda_e=0.07436, lambda_z=0.03039, gamma_q=0.02957, block_size=2
  SSC-Block-TV trial 122: mean ARI=0.7581  n=24  40.0s  lambda_e=0.06949, lambda_z=0.01875, gamma_q=0.02699, block_size=2
  SSC-Block-TV trial 123: mean ARI=0.7444  n=24  40.0s  lambda_e=0.05016, lambda_z=0.05082, gamma_q=0.01769, block_size=2
  SSC-Block-TV trial 124: mean ARI=0.7369  n=24  39.7s  lambda_e=0.1143, lambda_z=0.01054, gamma_q=0.03673, block_size=2
  SSC-Block-TV trial 125: mean ARI=0.7616  n=24  39.5s  lambda_e=0.08662, lambda_z=0.03922, gamma_q=0.029, block_size=2
  SSC-Block-TV trial 126: mean ARI=0.7468  n=24  40.5s  lambda_e=0.07383, lambda_z=0.02918, gamma_q=0.05111, block_size=2
  SSC-Block-TV trial 127: mean ARI=0.7312  n=24  36.7s  lambda_e=0.05781, lambda_z=0.02348, gamma_q=0.007041, block_size=3
  SSC-Block-TV trial 128: mean ARI=0.7487  n=24  39.5s  lambda_e=0.03531, lambda_z=0.0167, gamma_q=0.01376, block_size=2
  SSC-Block-TV trial 129: mean ARI=0.7435  n=24  35.6s  lambda_e=0.06327, lambda_z=0.045, gamma_q=0.0315, block_size=3
  SSC-Block-TV trial 130: mean ARI=0.7659  n=24  39.6s  lambda_e=0.04769, lambda_z=0.03394, gamma_q=0.03958, block_size=2
  SSC-Block-TV trial 131: mean ARI=0.7659  n=24  39.4s  lambda_e=0.04792, lambda_z=0.03355, gamma_q=0.03932, block_size=2
  SSC-Block-TV trial 132: mean ARI=0.7571  n=24  40.3s  lambda_e=0.04983, lambda_z=0.02052, gamma_q=0.04253, block_size=2
  SSC-Block-TV trial 133: mean ARI=0.7489  n=24  40.4s  lambda_e=0.03858, lambda_z=0.02912, gamma_q=0.05812, block_size=2
  SSC-Block-TV trial 134: mean ARI=0.7486  n=24  39.8s  lambda_e=0.07611, lambda_z=0.06239, gamma_q=0.03544, block_size=2
  SSC-Block-TV trial 135: mean ARI=0.7670  n=24  36.7s  lambda_e=0.05627, lambda_z=0.03354, gamma_q=0.02508, block_size=3
  SSC-Block-TV trial 136: mean ARI=0.7613  n=24  39.8s  lambda_e=0.05507, lambda_z=0.03562, gamma_q=0.02615, block_size=2
  SSC-Block-TV trial 137: mean ARI=0.7590  n=24  40.1s  lambda_e=0.04531, lambda_z=0.04933, gamma_q=0.04427, block_size=2
  SSC-Block-TV trial 138: mean ARI=0.7520  n=24  35.8s  lambda_e=0.06663, lambda_z=0.02458, gamma_q=0.03095, block_size=3
  SSC-Block-TV trial 139: mean ARI=0.7530  n=24  39.7s  lambda_e=0.09369, lambda_z=0.01335, gamma_q=0.03755, block_size=2
  SSC-Block-TV trial 140: mean ARI=0.7280  n=24  35.8s  lambda_e=0.03594, lambda_z=0.08054, gamma_q=0.05142, block_size=3
  SSC-Block-TV trial 141: mean ARI=0.7521  n=24  35.8s  lambda_e=0.05092, lambda_z=0.03336, gamma_q=0.0202, block_size=3
  SSC-Block-TV trial 142: mean ARI=0.7419  n=24  34.4s  lambda_e=0.06234, lambda_z=0.04121, gamma_q=0.0243, block_size=4
  SSC-Block-TV trial 143: mean ARI=0.7561  n=24  36.5s  lambda_e=0.03114, lambda_z=0.02761, gamma_q=0.03159, block_size=3
  SSC-Block-TV trial 144: mean ARI=0.7421  n=24  40.9s  lambda_e=0.03978, lambda_z=0.05196, gamma_q=0.01717, block_size=2
  SSC-Block-TV trial 145: mean ARI=0.7639  n=24  39.2s  lambda_e=0.08156, lambda_z=0.0221, gamma_q=0.06629, block_size=2
  SSC-Block-TV trial 146: mean ARI=0.7473  n=24  39.1s  lambda_e=0.08408, lambda_z=0.01729, gamma_q=0.05777, block_size=2
  SSC-Block-TV trial 147: mean ARI=0.7596  n=24  39.2s  lambda_e=0.1081, lambda_z=0.02174, gamma_q=0.06861, block_size=2
  SSC-Block-TV trial 148: mean ARI=0.7677  n=24  39.5s  lambda_e=0.0714, lambda_z=0.03778, gamma_q=0.04286, block_size=2
  SSC-Block-TV trial 149: mean ARI=0.7487  n=24  30.7s  lambda_e=0.04624, lambda_z=0.03948, gamma_q=0.04255, block_size=10
  SSC-Block-TV trial 150: mean ARI=0.7453  n=24  40.6s  lambda_e=0.05621, lambda_z=0.05958, gamma_q=0.03517, block_size=2
  SSC-Block-TV trial 151: mean ARI=0.7524  n=24  40.7s  lambda_e=0.07231, lambda_z=0.02578, gamma_q=0.04818, block_size=2
  SSC-Block-TV trial 152: mean ARI=0.7650  n=24  39.4s  lambda_e=0.08325, lambda_z=0.03477, gamma_q=0.02755, block_size=2
  SSC-Block-TV trial 153: mean ARI=0.7650  n=24  39.5s  lambda_e=0.06244, lambda_z=0.03397, gamma_q=0.02678, block_size=2
  SSC-Block-TV trial 154: mean ARI=0.7627  n=24  39.4s  lambda_e=0.06323, lambda_z=0.03385, gamma_q=0.02494, block_size=2
  SSC-Block-TV trial 155: mean ARI=0.7477  n=24  39.4s  lambda_e=0.05293, lambda_z=0.04613, gamma_q=0.02898, block_size=2
  SSC-Block-TV trial 156: mean ARI=0.7563  n=24  40.6s  lambda_e=0.06889, lambda_z=0.03297, gamma_q=0.01946, block_size=2
  SSC-Block-TV trial 157: mean ARI=0.7279  n=24  39.5s  lambda_e=0.09209, lambda_z=0.02855, gamma_q=3.516, block_size=2
  SSC-Block-TV trial 158: mean ARI=0.7641  n=24  36.3s  lambda_e=0.04247, lambda_z=0.04171, gamma_q=0.03676, block_size=3
  SSC-Block-TV trial 159: mean ARI=0.7499  n=24  39.5s  lambda_e=0.05891, lambda_z=0.05205, gamma_q=0.02631, block_size=2
  SSC-Block-TV trial 160: mean ARI=0.7409  n=24  39.6s  lambda_e=0.04857, lambda_z=0.0345, gamma_q=0.01593, block_size=2
  SSC-Block-TV trial 161: mean ARI=0.7660  n=24  39.6s  lambda_e=0.07855, lambda_z=0.04001, gamma_q=0.03151, block_size=2
  SSC-Block-TV trial 162: mean ARI=0.7596  n=24  40.4s  lambda_e=0.07901, lambda_z=0.02603, gamma_q=0.03109, block_size=2
  SSC-Block-TV trial 163: mean ARI=0.7479  n=24  40.5s  lambda_e=0.07203, lambda_z=0.06624, gamma_q=0.02264, block_size=2
  SSC-Block-TV trial 164: mean ARI=0.7653  n=24  36.1s  lambda_e=0.102, lambda_z=0.03889, gamma_q=0.04132, block_size=3
  SSC-Block-TV trial 165: mean ARI=0.7645  n=24  39.6s  lambda_e=0.1192, lambda_z=0.03992, gamma_q=0.04002, block_size=2
  SSC-Block-TV trial 166: mean ARI=0.7577  n=24  36.3s  lambda_e=0.1054, lambda_z=0.04599, gamma_q=0.05055, block_size=3
  SSC-Block-TV trial 167: mean ARI=0.7580  n=24  39.6s  lambda_e=0.09459, lambda_z=0.02092, gamma_q=0.0293, block_size=2
  SSC-Block-TV trial 168: mean ARI=0.7501  n=24  39.5s  lambda_e=0.0633, lambda_z=0.05671, gamma_q=0.02413, block_size=2
  SSC-Block-TV trial 169: mean ARI=0.7448  n=24  36.2s  lambda_e=0.1278, lambda_z=0.02979, gamma_q=0.04128, block_size=3
  SSC-Block-TV trial 170: mean ARI=0.6949  n=24  40.6s  lambda_e=0.0873, lambda_z=0.03709, gamma_q=0.001431, block_size=2
  SSC-Block-TV trial 171: mean ARI=0.7649  n=24  36.6s  lambda_e=0.9586, lambda_z=0.03219, gamma_q=0.03384, block_size=3
  SSC-Block-TV trial 172: mean ARI=0.7518  n=24  36.7s  lambda_e=0.0337, lambda_z=0.02616, gamma_q=0.03325, block_size=3
  SSC-Block-TV trial 173: mean ARI=0.7393  n=24  34.6s  lambda_e=1.656, lambda_z=0.03694, gamma_q=0.01994, block_size=4
  SSC-Block-TV trial 174: mean ARI=0.7639  n=24  35.8s  lambda_e=1.066, lambda_z=0.03065, gamma_q=0.02707, block_size=3
  SSC-Block-TV trial 175: mean ARI=0.7659  n=24  40.3s  lambda_e=2.471, lambda_z=0.04478, gamma_q=0.03825, block_size=2
  SSC-Block-TV trial 176: mean ARI=0.7636  n=24  40.2s  lambda_e=3.904, lambda_z=0.04704, gamma_q=0.04932, block_size=2
  SSC-Block-TV trial 177: mean ARI=0.6971  n=24  31.4s  lambda_e=7.328, lambda_z=0.07208, gamma_q=0.03958, block_size=9
  SSC-Block-TV trial 178: mean ARI=0.7567  n=24  40.7s  lambda_e=0.03959, lambda_z=0.05441, gamma_q=0.05543, block_size=2
  SSC-Block-TV trial 179: mean ARI=0.7464  n=24  40.5s  lambda_e=0.0458, lambda_z=0.04153, gamma_q=0.02799, block_size=2
  SSC-Block-TV trial 180: mean ARI=0.7589  n=24  40.7s  lambda_e=0.4296, lambda_z=0.02409, gamma_q=0.02075, block_size=2
  SSC-Block-TV trial 181: mean ARI=0.7655  n=24  40.7s  lambda_e=3.354, lambda_z=0.03244, gamma_q=0.03389, block_size=2
  SSC-Block-TV trial 182: mean ARI=0.7652  n=24  39.8s  lambda_e=2.171, lambda_z=0.03782, gamma_q=0.03922, block_size=2
  SSC-Block-TV trial 183: mean ARI=0.7597  n=24  40.5s  lambda_e=2.609, lambda_z=0.02774, gamma_q=0.03419, block_size=2
  SSC-Block-TV trial 184: mean ARI=0.7477  n=24  40.5s  lambda_e=2.582, lambda_z=0.01843, gamma_q=0.04601, block_size=2
  SSC-Block-TV trial 185: mean ARI=0.7570  n=24  40.7s  lambda_e=3.07, lambda_z=0.03651, gamma_q=0.02455, block_size=2
  SSC-Block-TV trial 186: mean ARI=0.7554  n=24  41.0s  lambda_e=3.202, lambda_z=0.04578, gamma_q=0.03032, block_size=2
  SSC-Block-TV trial 187: mean ARI=0.7520  n=24  40.2s  lambda_e=2.354, lambda_z=0.02266, gamma_q=0.04015, block_size=2
  SSC-Block-TV trial 188: mean ARI=0.5838  n=24  40.4s  lambda_e=4.787, lambda_z=0.8397, gamma_q=0.06116, block_size=2
  SSC-Block-TV trial 189: mean ARI=0.7628  n=24  40.4s  lambda_e=1.855, lambda_z=0.03126, gamma_q=0.02262, block_size=2
  SSC-Block-TV trial 190: mean ARI=0.7421  n=24  40.3s  lambda_e=3.31, lambda_z=0.0512, gamma_q=0.03593, block_size=2
  SSC-Block-TV trial 191: mean ARI=0.7656  n=24  40.6s  lambda_e=5.796, lambda_z=0.03655, gamma_q=0.04354, block_size=2
  SSC-Block-TV trial 192: mean ARI=0.7656  n=24  40.6s  lambda_e=6.404, lambda_z=0.03818, gamma_q=0.04511, block_size=2
  SSC-Block-TV trial 193: mean ARI=0.7649  n=24  40.4s  lambda_e=5.108, lambda_z=0.0412, gamma_q=0.04605, block_size=2
  SSC-Block-TV trial 194: mean ARI=0.7491  n=24  39.9s  lambda_e=8.044, lambda_z=0.02821, gamma_q=0.05764, block_size=2
  SSC-Block-TV trial 195: mean ARI=0.7652  n=24  39.9s  lambda_e=6.049, lambda_z=0.03896, gamma_q=0.0406, block_size=2
  SSC-Block-TV trial 196: mean ARI=0.7462  n=24  40.4s  lambda_e=6.351, lambda_z=0.06455, gamma_q=0.04395, block_size=2
  SSC-Block-TV trial 197: mean ARI=0.7481  n=24  36.8s  lambda_e=5.55, lambda_z=0.04277, gamma_q=0.07624, block_size=3
  SSC-Block-TV trial 198: mean ARI=0.7560  n=24  40.4s  lambda_e=9.853, lambda_z=0.05677, gamma_q=0.05297, block_size=2
  SSC-Block-TV trial 199: mean ARI=0.7582  n=24  40.5s  lambda_e=6.799, lambda_z=0.02447, gamma_q=0.03598, block_size=2
  best mean ARI=0.7682  tune 7768.0s  lambda_e=0.05703, lambda_z=0.02804, gamma_q=0.02544, block_size=2
  wrote /nfs/turbo/umms-minjilab/lpullela/icassp_ssc_tv2/ballet_dataset/ballet_cluster_knownk_scaled_params_k8_variants.json

============================================================
--- Tuning SSC-Block-TV-Col21 over 24 train mats  n_trials=200 (4 params) ---
  SSC-Block-TV-Col21 trial 0: mean ARI=0.7421  n=24  35.7s  lambda_e=1, lambda_z=0.1, gamma_q=0.1, block_size=5
  SSC-Block-TV-Col21 trial 1: mean ARI=0.6155  n=24  35.7s  lambda_e=0.443, lambda_z=0.7257, gamma_q=0.2577, block_size=7
  SSC-Block-TV-Col21 trial 2: mean ARI=0.5460  n=24  35.1s  lambda_e=0.1866, lambda_z=0.3833, gamma_q=0.05628, block_size=11
  SSC-Block-TV-Col21 trial 3: mean ARI=0.6776  n=24  35.7s  lambda_e=7.78, lambda_z=0.03418, gamma_q=1.469, block_size=7
  SSC-Block-TV-Col21 trial 4: mean ARI=0.4521  n=24  37.9s  lambda_e=0.506, lambda_z=5.039, gamma_q=0.001924, block_size=2
  SSC-Block-TV-Col21 trial 5: mean ARI=0.6555  n=24  35.1s  lambda_e=0.0115, lambda_z=2.14, gamma_q=1.296, block_size=11
  SSC-Block-TV-Col21 trial 6: mean ARI=0.4784  n=24  35.3s  lambda_e=8.627, lambda_z=1.573, gamma_q=0.07013, block_size=10
  SSC-Block-TV-Col21 trial 7: mean ARI=0.5612  n=24  35.0s  lambda_e=0.02264, lambda_z=0.3628, gamma_q=0.003745, block_size=12
  SSC-Block-TV-Col21 trial 8: mean ARI=0.6957  n=24  35.3s  lambda_e=0.3677, lambda_z=0.04557, gamma_q=0.01143, block_size=10
  SSC-Block-TV-Col21 trial 9: mean ARI=0.5436  n=24  35.3s  lambda_e=0.2336, lambda_z=0.1878, gamma_q=0.001189, block_size=8
  SSC-Block-TV-Col21 trial 10: mean ARI=0.6849  n=24  37.7s  lambda_e=1.991, lambda_z=0.001622, gamma_q=6.473, block_size=2
  SSC-Block-TV-Col21 trial 11: mean ARI=0.7269  n=24  36.0s  lambda_e=1.391, lambda_z=0.04005, gamma_q=0.01389, block_size=5
  SSC-Block-TV-Col21 trial 12: mean ARI=0.7483  n=24  36.6s  lambda_e=1.795, lambda_z=0.01028, gamma_q=0.0233, block_size=4
  SSC-Block-TV-Col21 trial 13: mean ARI=0.6710  n=24  36.6s  lambda_e=2.099, lambda_z=0.003851, gamma_q=0.1174, block_size=4
  SSC-Block-TV-Col21 trial 14: mean ARI=0.7488  n=24  36.6s  lambda_e=0.0783, lambda_z=0.008079, gamma_q=0.01903, block_size=4
  SSC-Block-TV-Col21 trial 15: mean ARI=0.7424  n=24  36.5s  lambda_e=0.05124, lambda_z=0.007731, gamma_q=0.01364, block_size=4
  SSC-Block-TV-Col21 trial 16: mean ARI=0.7501  n=24  36.6s  lambda_e=0.07095, lambda_z=0.01022, gamma_q=0.02548, block_size=4
  SSC-Block-TV-Col21 trial 17: mean ARI=0.7497  n=24  37.1s  lambda_e=0.09426, lambda_z=0.001448, gamma_q=0.003898, block_size=3
  SSC-Block-TV-Col21 trial 18: mean ARI=0.7478  n=24  37.9s  lambda_e=0.07303, lambda_z=0.001489, gamma_q=0.004978, block_size=2
  SSC-Block-TV-Col21 trial 19: mean ARI=0.7522  n=24  35.4s  lambda_e=0.03309, lambda_z=0.001142, gamma_q=0.004118, block_size=6
  SSC-Block-TV-Col21 trial 20: mean ARI=0.6516  n=24  35.6s  lambda_e=0.0323, lambda_z=0.003699, gamma_q=0.03473, block_size=6
  SSC-Block-TV-Col21 trial 21: mean ARI=0.7405  n=24  36.7s  lambda_e=0.1264, lambda_z=0.00126, gamma_q=0.004244, block_size=3
  SSC-Block-TV-Col21 trial 22: mean ARI=0.7418  n=24  35.5s  lambda_e=0.0178, lambda_z=0.003361, gamma_q=0.006017, block_size=6
  SSC-Block-TV-Col21 trial 23: mean ARI=0.7427  n=24  36.7s  lambda_e=0.04892, lambda_z=0.01185, gamma_q=0.001937, block_size=3
  SSC-Block-TV-Col21 trial 24: mean ARI=0.7289  n=24  35.5s  lambda_e=0.1162, lambda_z=0.02071, gamma_q=0.008117, block_size=8
  SSC-Block-TV-Col21 trial 25: mean ARI=0.6323  n=24  36.0s  lambda_e=0.0278, lambda_z=0.002723, gamma_q=0.3155, block_size=5
  SSC-Block-TV-Col21 trial 26: mean ARI=0.7357  n=24  36.7s  lambda_e=0.01201, lambda_z=0.005423, gamma_q=0.001065, block_size=3
  SSC-Block-TV-Col21 trial 27: mean ARI=0.7408  n=24  35.7s  lambda_e=0.04656, lambda_z=0.00102, gamma_q=0.003018, block_size=6
  SSC-Block-TV-Col21 trial 28: mean ARI=0.6873  n=24  36.7s  lambda_e=0.1055, lambda_z=0.002051, gamma_q=0.03374, block_size=3
  SSC-Block-TV-Col21 trial 29: mean ARI=0.6571  n=24  36.2s  lambda_e=0.2436, lambda_z=0.01665, gamma_q=0.1597, block_size=5
  SSC-Block-TV-Col21 trial 30: mean ARI=0.6230  n=24  35.8s  lambda_e=0.06913, lambda_z=0.09885, gamma_q=0.007762, block_size=7
  SSC-Block-TV-Col21 trial 31: mean ARI=0.7453  n=24  36.3s  lambda_e=0.07702, lambda_z=0.006894, gamma_q=0.02251, block_size=4
  SSC-Block-TV-Col21 trial 32: mean ARI=0.7288  n=24  36.3s  lambda_e=0.1592, lambda_z=0.005029, gamma_q=0.002172, block_size=4
  SSC-Block-TV-Col21 trial 33: mean ARI=0.7524  n=24  35.7s  lambda_e=0.04116, lambda_z=0.02168, gamma_q=0.01931, block_size=6
  SSC-Block-TV-Col21 trial 34: mean ARI=0.7036  n=24  35.7s  lambda_e=0.03834, lambda_z=0.08042, gamma_q=0.04409, block_size=7
  SSC-Block-TV-Col21 trial 35: mean ARI=0.7488  n=24  35.3s  lambda_e=0.01802, lambda_z=0.01808, gamma_q=0.008379, block_size=8
  SSC-Block-TV-Col21 trial 36: mean ARI=0.6384  n=24  36.0s  lambda_e=0.02215, lambda_z=0.002259, gamma_q=0.07361, block_size=5
  SSC-Block-TV-Col21 trial 37: mean ARI=0.6856  n=24  35.5s  lambda_e=0.3828, lambda_z=0.02677, gamma_q=0.3519, block_size=6
  SSC-Block-TV-Col21 trial 38: mean ARI=0.6507  n=24  35.4s  lambda_e=0.6452, lambda_z=0.06195, gamma_q=0.002812, block_size=9
  SSC-Block-TV-Col21 trial 39: mean ARI=0.6278  n=24  35.9s  lambda_e=0.1743, lambda_z=0.1373, gamma_q=0.01427, block_size=5
  SSC-Block-TV-Col21 trial 40: mean ARI=0.7134  n=24  35.7s  lambda_e=5.032, lambda_z=0.001012, gamma_q=0.004768, block_size=7
  SSC-Block-TV-Col21 trial 41: mean ARI=0.7478  n=24  35.4s  lambda_e=0.01619, lambda_z=0.01358, gamma_q=0.008935, block_size=8
  SSC-Block-TV-Col21 trial 42: mean ARI=0.7494  n=24  35.5s  lambda_e=0.03161, lambda_z=0.02574, gamma_q=0.02393, block_size=9
  SSC-Block-TV-Col21 trial 43: mean ARI=0.7342  n=24  35.3s  lambda_e=0.0329, lambda_z=0.03136, gamma_q=0.05698, block_size=10
  SSC-Block-TV-Col21 trial 44: mean ARI=0.5294  n=24  35.4s  lambda_e=0.05935, lambda_z=0.4308, gamma_q=0.02464, block_size=12
  SSC-Block-TV-Col21 trial 45: mean ARI=0.5758  n=24  35.1s  lambda_e=0.1043, lambda_z=4.814, gamma_q=0.1935, block_size=11
  SSC-Block-TV-Col21 trial 46: mean ARI=0.7378  n=24  37.9s  lambda_e=0.02404, lambda_z=0.05948, gamma_q=0.03484, block_size=2
  SSC-Block-TV-Col21 trial 47: mean ARI=0.7102  n=24  35.3s  lambda_e=0.01083, lambda_z=0.198, gamma_q=0.08116, block_size=9
  SSC-Block-TV-Col21 trial 48: mean ARI=0.6855  n=24  36.8s  lambda_e=0.04351, lambda_z=0.001805, gamma_q=0.495, block_size=3
  SSC-Block-TV-Col21 trial 49: mean ARI=0.7309  n=24  35.9s  lambda_e=0.08957, lambda_z=0.009718, gamma_q=0.001338, block_size=9
  SSC-Block-TV-Col21 trial 50: mean ARI=0.7368  n=24  36.1s  lambda_e=0.05794, lambda_z=0.02307, gamma_q=0.01692, block_size=11
  SSC-Block-TV-Col21 trial 51: mean ARI=0.7012  n=24  36.5s  lambda_e=0.01768, lambda_z=0.04309, gamma_q=0.009828, block_size=8
  SSC-Block-TV-Col21 trial 52: mean ARI=0.7308  n=24  35.9s  lambda_e=0.03198, lambda_z=0.01487, gamma_q=0.005809, block_size=9
  SSC-Block-TV-Col21 trial 53: mean ARI=0.7376  n=24  36.0s  lambda_e=0.02324, lambda_z=0.004789, gamma_q=0.007155, block_size=8
  SSC-Block-TV-Col21 trial 54: mean ARI=0.7489  n=24  35.8s  lambda_e=0.01418, lambda_z=0.01792, gamma_q=0.01126, block_size=6
  SSC-Block-TV-Col21 trial 55: mean ARI=0.7315  n=24  36.1s  lambda_e=0.01379, lambda_z=0.03174, gamma_q=0.01321, block_size=6
  SSC-Block-TV-Col21 trial 56: mean ARI=0.7082  n=24  38.4s  lambda_e=0.2497, lambda_z=0.007451, gamma_q=4.608, block_size=2
  SSC-Block-TV-Col21 trial 57: mean ARI=0.7334  n=24  35.7s  lambda_e=0.0384, lambda_z=0.002975, gamma_q=0.003582, block_size=6
  SSC-Block-TV-Col21 trial 58: mean ARI=0.7252  n=24  35.7s  lambda_e=0.0274, lambda_z=0.048, gamma_q=0.02435, block_size=7
  SSC-Block-TV-Col21 trial 59: mean ARI=0.7308  n=24  35.8s  lambda_e=0.1404, lambda_z=0.01145, gamma_q=0.05064, block_size=5
  SSC-Block-TV-Col21 trial 60: mean ARI=0.6863  n=24  36.9s  lambda_e=0.05711, lambda_z=0.00151, gamma_q=0.1155, block_size=3
  SSC-Block-TV-Col21 trial 61: mean ARI=0.7394  n=24  35.5s  lambda_e=0.01997, lambda_z=0.02108, gamma_q=0.009798, block_size=8
  SSC-Block-TV-Col21 trial 62: mean ARI=0.7436  n=24  35.6s  lambda_e=0.01002, lambda_z=0.01986, gamma_q=0.03146, block_size=6
  SSC-Block-TV-Col21 trial 63: mean ARI=0.7437  n=24  35.8s  lambda_e=0.0152, lambda_z=0.005935, gamma_q=0.01749, block_size=7
  SSC-Block-TV-Col21 trial 64: mean ARI=0.7181  n=24  35.2s  lambda_e=0.03677, lambda_z=0.01594, gamma_q=0.005542, block_size=10
  SSC-Block-TV-Col21 trial 65: mean ARI=0.7406  n=24  36.3s  lambda_e=0.02779, lambda_z=0.009385, gamma_q=0.002482, block_size=4
  SSC-Block-TV-Col21 trial 66: mean ARI=0.7448  n=24  35.9s  lambda_e=0.01284, lambda_z=0.003964, gamma_q=0.003488, block_size=5
  SSC-Block-TV-Col21 trial 67: mean ARI=0.7452  n=24  35.4s  lambda_e=0.08999, lambda_z=0.0024, gamma_q=0.006815, block_size=10
  SSC-Block-TV-Col21 trial 68: mean ARI=0.7238  n=24  36.0s  lambda_e=0.04381, lambda_z=0.03918, gamma_q=0.01342, block_size=5
  SSC-Block-TV-Col21 trial 69: mean ARI=0.6360  n=24  36.4s  lambda_e=0.06679, lambda_z=0.07389, gamma_q=0.001545, block_size=4
  SSC-Block-TV-Col21 trial 70: mean ARI=0.7603  n=24  35.9s  lambda_e=0.02025, lambda_z=0.02565, gamma_q=0.02706, block_size=7
  SSC-Block-TV-Col21 trial 71: mean ARI=0.7598  n=24  36.1s  lambda_e=0.01879, lambda_z=0.02605, gamma_q=0.02012, block_size=7
  SSC-Block-TV-Col21 trial 72: mean ARI=0.7498  n=24  35.7s  lambda_e=0.02021, lambda_z=0.03032, gamma_q=0.01968, block_size=6
  SSC-Block-TV-Col21 trial 73: mean ARI=0.7424  n=24  37.0s  lambda_e=0.02685, lambda_z=0.0284, gamma_q=0.0414, block_size=7
  SSC-Block-TV-Col21 trial 74: mean ARI=0.7269  n=24  36.7s  lambda_e=0.02044, lambda_z=0.05132, gamma_q=0.02719, block_size=7
  SSC-Block-TV-Col21 trial 75: mean ARI=0.7595  n=24  36.1s  lambda_e=0.05285, lambda_z=0.02468, gamma_q=0.0194, block_size=6
  SSC-Block-TV-Col21 trial 76: mean ARI=0.7394  n=24  36.2s  lambda_e=0.0794, lambda_z=0.03259, gamma_q=0.05549, block_size=6
  SSC-Block-TV-Col21 trial 77: mean ARI=0.5601  n=24  36.5s  lambda_e=0.04948, lambda_z=0.001239, gamma_q=0.01906, block_size=7
  SSC-Block-TV-Col21 trial 78: mean ARI=0.5966  n=24  36.0s  lambda_e=0.03784, lambda_z=0.1784, gamma_q=0.01816, block_size=6
  SSC-Block-TV-Col21 trial 79: mean ARI=0.7034  n=24  36.3s  lambda_e=0.1254, lambda_z=0.09324, gamma_q=0.03648, block_size=5
  SSC-Block-TV-Col21 trial 80: mean ARI=0.6455  n=24  36.4s  lambda_e=0.06483, lambda_z=0.01217, gamma_q=0.09637, block_size=7
  SSC-Block-TV-Col21 trial 81: mean ARI=0.7596  n=24  36.0s  lambda_e=0.02942, lambda_z=0.02567, gamma_q=0.02129, block_size=6
  SSC-Block-TV-Col21 trial 82: mean ARI=0.7600  n=24  35.5s  lambda_e=0.05123, lambda_z=0.03677, gamma_q=0.02816, block_size=6
  SSC-Block-TV-Col21 trial 83: mean ARI=0.7601  n=24  35.5s  lambda_e=0.02337, lambda_z=0.03576, gamma_q=0.02846, block_size=6
  SSC-Block-TV-Col21 trial 84: mean ARI=0.6458  n=24  35.9s  lambda_e=0.05361, lambda_z=0.1265, gamma_q=0.02823, block_size=6
  SSC-Block-TV-Col21 trial 85: mean ARI=0.7472  n=24  35.6s  lambda_e=0.02496, lambda_z=0.06633, gamma_q=0.06183, block_size=6
  SSC-Block-TV-Col21 trial 86: mean ARI=0.7518  n=24  35.5s  lambda_e=0.0457, lambda_z=0.0415, gamma_q=0.04241, block_size=7
  SSC-Block-TV-Col21 trial 87: mean ARI=0.7433  n=24  35.6s  lambda_e=0.0324, lambda_z=0.03756, gamma_q=0.04259, block_size=7
  SSC-Block-TV-Col21 trial 88: mean ARI=0.7465  n=24  35.7s  lambda_e=0.04251, lambda_z=0.05365, gamma_q=0.08048, block_size=7
  SSC-Block-TV-Col21 trial 89: mean ARI=0.7596  n=24  35.4s  lambda_e=0.03003, lambda_z=0.02287, gamma_q=0.01514, block_size=6
  SSC-Block-TV-Col21 trial 90: mean ARI=0.7600  n=24  35.4s  lambda_e=0.03019, lambda_z=0.02229, gamma_q=0.01524, block_size=6
  SSC-Block-TV-Col21 trial 91: mean ARI=0.7567  n=24  35.5s  lambda_e=0.02974, lambda_z=0.0244, gamma_q=0.01506, block_size=6
  SSC-Block-TV-Col21 trial 92: mean ARI=0.7546  n=24  35.4s  lambda_e=0.01749, lambda_z=0.02395, gamma_q=0.0142, block_size=6
  SSC-Block-TV-Col21 trial 93: mean ARI=0.7471  n=24  35.5s  lambda_e=0.01733, lambda_z=0.02574, gamma_q=0.01482, block_size=6
  SSC-Block-TV-Col21 trial 94: mean ARI=0.7469  n=24  35.5s  lambda_e=0.01199, lambda_z=0.01329, gamma_q=0.01248, block_size=6
  SSC-Block-TV-Col21 trial 95: mean ARI=0.7267  n=24  35.8s  lambda_e=0.02968, lambda_z=0.02371, gamma_q=0.01097, block_size=5
  SSC-Block-TV-Col21 trial 96: mean ARI=0.7479  n=24  35.5s  lambda_e=0.02206, lambda_z=0.01663, gamma_q=0.02075, block_size=6
  SSC-Block-TV-Col21 trial 97: mean ARI=0.7600  n=24  35.5s  lambda_e=0.01593, lambda_z=0.03566, gamma_q=0.02887, block_size=6
  SSC-Block-TV-Col21 trial 98: mean ARI=0.7595  n=24  35.6s  lambda_e=0.03496, lambda_z=0.03442, gamma_q=0.02926, block_size=7
  SSC-Block-TV-Col21 trial 99: mean ARI=0.7593  n=24  35.5s  lambda_e=0.01544, lambda_z=0.03368, gamma_q=0.03184, block_size=7
  SSC-Block-TV-Col21 trial 100: mean ARI=0.7444  n=24  35.7s  lambda_e=0.02428, lambda_z=0.04354, gamma_q=0.02904, block_size=7
  SSC-Block-TV-Col21 trial 101: mean ARI=0.7538  n=24  35.6s  lambda_e=0.0154, lambda_z=0.03884, gamma_q=0.03162, block_size=7
  SSC-Block-TV-Col21 trial 102: mean ARI=0.7522  n=24  35.5s  lambda_e=0.01941, lambda_z=0.03413, gamma_q=0.02316, block_size=8
  SSC-Block-TV-Col21 trial 103: mean ARI=0.7308  n=24  35.8s  lambda_e=0.0363, lambda_z=0.05837, gamma_q=0.03667, block_size=7
  SSC-Block-TV-Col21 trial 104: mean ARI=0.7515  n=24  35.5s  lambda_e=0.01397, lambda_z=0.01911, gamma_q=0.02297, block_size=7
  SSC-Block-TV-Col21 trial 105: mean ARI=0.7367  n=24  35.5s  lambda_e=0.02218, lambda_z=0.04889, gamma_q=0.06577, block_size=6
  SSC-Block-TV-Col21 trial 106: mean ARI=0.6716  n=24  35.6s  lambda_e=0.01147, lambda_z=0.07832, gamma_q=0.01571, block_size=8
  SSC-Block-TV-Col21 trial 107: mean ARI=0.7413  n=24  35.8s  lambda_e=0.02596, lambda_z=0.02858, gamma_q=0.0502, block_size=5
  SSC-Block-TV-Col21 trial 108: mean ARI=0.7477  n=24  35.8s  lambda_e=4.435, lambda_z=0.01504, gamma_q=0.02863, block_size=7
  SSC-Block-TV-Col21 trial 109: mean ARI=0.6828  n=24  35.7s  lambda_e=0.01507, lambda_z=1.259, gamma_q=0.04755, block_size=5
  SSC-Block-TV-Col21 trial 110: mean ARI=0.7151  n=24  35.4s  lambda_e=0.03396, lambda_z=0.0351, gamma_q=0.01054, block_size=6
  SSC-Block-TV-Col21 trial 111: mean ARI=0.7503  n=24  35.4s  lambda_e=0.02822, lambda_z=0.01944, gamma_q=0.0165, block_size=6
  SSC-Block-TV-Col21 trial 112: mean ARI=0.7523  n=24  35.7s  lambda_e=0.01833, lambda_z=0.02287, gamma_q=0.02046, block_size=6
  SSC-Block-TV-Col21 trial 113: mean ARI=0.7453  n=24  35.5s  lambda_e=0.02956, lambda_z=0.03115, gamma_q=0.03411, block_size=6
  SSC-Block-TV-Col21 trial 114: mean ARI=0.7241  n=24  35.9s  lambda_e=0.02083, lambda_z=0.04601, gamma_q=0.01658, block_size=5
  SSC-Block-TV-Col21 trial 115: mean ARI=0.7588  n=24  35.6s  lambda_e=0.04895, lambda_z=0.02795, gamma_q=0.02416, block_size=7
  SSC-Block-TV-Col21 trial 116: mean ARI=0.7416  n=24  35.5s  lambda_e=0.05041, lambda_z=0.01033, gamma_q=0.02573, block_size=7
  SSC-Block-TV-Col21 trial 117: mean ARI=0.7118  n=24  35.5s  lambda_e=0.06084, lambda_z=0.06524, gamma_q=0.04006, block_size=8
  SSC-Block-TV-Col21 trial 118: mean ARI=0.7499  n=24  35.5s  lambda_e=0.0403, lambda_z=0.01569, gamma_q=0.01231, block_size=7
  SSC-Block-TV-Col21 trial 119: mean ARI=0.7601  n=24  35.4s  lambda_e=0.08126, lambda_z=0.02758, gamma_q=0.02193, block_size=7
  SSC-Block-TV-Col21 trial 120: mean ARI=0.7441  n=24  35.6s  lambda_e=0.07809, lambda_z=0.01971, gamma_q=0.008856, block_size=8
  SSC-Block-TV-Col21 trial 121: mean ARI=0.7615  n=24  35.6s  lambda_e=0.0529, lambda_z=0.02912, gamma_q=0.0213, block_size=7
  SSC-Block-TV-Col21 trial 122: mean ARI=0.7594  n=24  35.6s  lambda_e=0.0546, lambda_z=0.03718, gamma_q=0.03179, block_size=7
  SSC-Block-TV-Col21 trial 123: mean ARI=0.7243  n=24  35.4s  lambda_e=0.1003, lambda_z=0.05349, gamma_q=0.02155, block_size=6
  SSC-Block-TV-Col21 trial 124: mean ARI=0.7291  n=24  35.6s  lambda_e=0.06997, lambda_z=0.03946, gamma_q=0.01901, block_size=7
  SSC-Block-TV-Col21 trial 125: mean ARI=0.7472  n=24  35.5s  lambda_e=0.08413, lambda_z=0.02661, gamma_q=0.03107, block_size=6
  SSC-Block-TV-Col21 trial 126: mean ARI=0.7359  n=24  35.4s  lambda_e=0.05483, lambda_z=0.01355, gamma_q=0.03754, block_size=7
  SSC-Block-TV-Col21 trial 127: mean ARI=0.6528  n=24  35.4s  lambda_e=0.03631, lambda_z=0.09236, gamma_q=0.02621, block_size=8
  SSC-Block-TV-Col21 trial 128: mean ARI=0.7304  n=24  35.6s  lambda_e=0.04416, lambda_z=0.01833, gamma_q=0.05369, block_size=6
  SSC-Block-TV-Col21 trial 129: mean ARI=0.7483  n=24  35.5s  lambda_e=0.06146, lambda_z=0.02211, gamma_q=0.01162, block_size=6
  SSC-Block-TV-Col21 trial 130: mean ARI=0.7103  n=24  35.6s  lambda_e=0.02528, lambda_z=0.04624, gamma_q=1.996, block_size=7
  SSC-Block-TV-Col21 trial 131: mean ARI=0.7594  n=24  35.4s  lambda_e=0.02345, lambda_z=0.03638, gamma_q=0.0314, block_size=7
  SSC-Block-TV-Col21 trial 132: mean ARI=0.7443  n=24  35.4s  lambda_e=0.03523, lambda_z=0.03627, gamma_q=0.02055, block_size=7
  SSC-Block-TV-Col21 trial 133: mean ARI=0.7467  n=24  35.6s  lambda_e=0.02345, lambda_z=0.02795, gamma_q=0.01693, block_size=7
  SSC-Block-TV-Col21 trial 134: mean ARI=0.7587  n=24  35.7s  lambda_e=0.03178, lambda_z=0.03103, gamma_q=0.02755, block_size=7
  SSC-Block-TV-Col21 trial 135: mean ARI=0.7402  n=24  35.5s  lambda_e=0.04314, lambda_z=0.06148, gamma_q=0.04532, block_size=6
  SSC-Block-TV-Col21 trial 136: mean ARI=0.4967  n=24  35.6s  lambda_e=0.05452, lambda_z=6.404, gamma_q=0.035, block_size=6
  SSC-Block-TV-Col21 trial 137: mean ARI=0.7589  n=24  35.7s  lambda_e=0.06987, lambda_z=0.02263, gamma_q=0.02295, block_size=7
  SSC-Block-TV-Col21 trial 138: mean ARI=0.7125  n=24  35.4s  lambda_e=0.0206, lambda_z=0.04186, gamma_q=0.0127, block_size=7
  SSC-Block-TV-Col21 trial 139: mean ARI=0.7429  n=24  35.6s  lambda_e=0.02653, lambda_z=0.03428, gamma_q=0.01828, block_size=6
  SSC-Block-TV-Col21 trial 140: mean ARI=0.7438  n=24  35.9s  lambda_e=0.113, lambda_z=0.01736, gamma_q=0.02856, block_size=5
  SSC-Block-TV-Col21 trial 141: mean ARI=0.7583  n=24  35.7s  lambda_e=0.01673, lambda_z=0.03566, gamma_q=0.03542, block_size=7
  SSC-Block-TV-Col21 trial 142: mean ARI=0.7479  n=24  35.6s  lambda_e=0.01293, lambda_z=0.02603, gamma_q=0.03117, block_size=7
  SSC-Block-TV-Col21 trial 143: mean ARI=0.6957  n=24  35.6s  lambda_e=0.0101, lambda_z=0.05367, gamma_q=0.01486, block_size=8
  SSC-Block-TV-Col21 trial 144: mean ARI=0.7615  n=24  35.5s  lambda_e=0.01588, lambda_z=0.03044, gamma_q=0.02279, block_size=7
  SSC-Block-TV-Col21 trial 145: mean ARI=0.7486  n=24  35.7s  lambda_e=0.01798, lambda_z=0.0212, gamma_q=0.02338, block_size=6
  SSC-Block-TV-Col21 trial 146: mean ARI=0.7573  n=24  35.6s  lambda_e=0.02276, lambda_z=0.02954, gamma_q=0.01986, block_size=7
  SSC-Block-TV-Col21 trial 147: mean ARI=0.7573  n=24  35.6s  lambda_e=0.04028, lambda_z=0.04529, gamma_q=0.04267, block_size=6
  SSC-Block-TV-Col21 trial 148: mean ARI=0.7468  n=24  35.8s  lambda_e=1.191, lambda_z=0.02635, gamma_q=0.01638, block_size=7
  SSC-Block-TV-Col21 trial 149: mean ARI=0.7534  n=24  35.6s  lambda_e=0.04909, lambda_z=0.07307, gamma_q=0.06682, block_size=6
  SSC-Block-TV-Col21 trial 150: mean ARI=0.7454  n=24  35.4s  lambda_e=0.03068, lambda_z=0.01393, gamma_q=0.02608, block_size=7
  SSC-Block-TV-Col21 trial 151: mean ARI=0.7572  n=24  35.5s  lambda_e=0.01403, lambda_z=0.03339, gamma_q=0.03059, block_size=7
  SSC-Block-TV-Col21 trial 152: mean ARI=0.7332  n=24  35.7s  lambda_e=0.01516, lambda_z=0.04181, gamma_q=0.02238, block_size=7
  SSC-Block-TV-Col21 trial 153: mean ARI=0.7478  n=24  35.5s  lambda_e=0.01909, lambda_z=0.02206, gamma_q=0.03806, block_size=8
  SSC-Block-TV-Col21 trial 154: mean ARI=0.7603  n=24  35.7s  lambda_e=0.7198, lambda_z=0.03669, gamma_q=0.0272, block_size=6
  SSC-Block-TV-Col21 trial 155: mean ARI=0.7156  n=24  35.6s  lambda_e=0.2057, lambda_z=0.05277, gamma_q=0.01862, block_size=6
  SSC-Block-TV-Col21 trial 156: mean ARI=0.7518  n=24  35.5s  lambda_e=2.721, lambda_z=0.01717, gamma_q=0.01397, block_size=6
  SSC-Block-TV-Col21 trial 157: mean ARI=0.7488  n=24  35.7s  lambda_e=0.5139, lambda_z=0.0383, gamma_q=0.02548, block_size=6
  SSC-Block-TV-Col21 trial 158: mean ARI=0.7407  n=24  35.8s  lambda_e=0.02232, lambda_z=0.02985, gamma_q=0.05307, block_size=5
  SSC-Block-TV-Col21 trial 159: mean ARI=0.7307  n=24  35.7s  lambda_e=0.02646, lambda_z=0.02535, gamma_q=0.01019, block_size=6
  SSC-Block-TV-Col21 trial 160: mean ARI=0.7552  n=24  35.8s  lambda_e=0.7329, lambda_z=0.02054, gamma_q=0.02092, block_size=6
  SSC-Block-TV-Col21 trial 161: mean ARI=0.7469  n=24  35.5s  lambda_e=0.01218, lambda_z=0.03533, gamma_q=0.03126, block_size=7
  SSC-Block-TV-Col21 trial 162: mean ARI=0.7577  n=24  35.5s  lambda_e=0.01582, lambda_z=0.02943, gamma_q=0.02763, block_size=7
  SSC-Block-TV-Col21 trial 163: mean ARI=0.7543  n=24  35.5s  lambda_e=0.03533, lambda_z=0.0465, gamma_q=0.04287, block_size=7
  SSC-Block-TV-Col21 trial 164: mean ARI=0.7577  n=24  35.4s  lambda_e=6.62, lambda_z=0.03661, gamma_q=0.03486, block_size=7
  SSC-Block-TV-Col21 trial 165: mean ARI=0.7589  n=24  35.6s  lambda_e=0.01804, lambda_z=0.02551, gamma_q=0.01825, block_size=6
  SSC-Block-TV-Col21 trial 166: mean ARI=0.7554  n=24  35.5s  lambda_e=1.906, lambda_z=0.03005, gamma_q=0.02399, block_size=8
  SSC-Block-TV-Col21 trial 167: mean ARI=0.6809  n=24  35.4s  lambda_e=0.03085, lambda_z=0.06061, gamma_q=0.01577, block_size=7
  SSC-Block-TV-Col21 trial 168: mean ARI=0.7424  n=24  35.5s  lambda_e=0.02374, lambda_z=0.01906, gamma_q=0.03041, block_size=6
  SSC-Block-TV-Col21 trial 169: mean ARI=0.7297  n=24  35.3s  lambda_e=0.02031, lambda_z=0.04137, gamma_q=0.02135, block_size=7
  SSC-Block-TV-Col21 trial 170: mean ARI=0.7352  n=24  35.6s  lambda_e=0.04158, lambda_z=0.02365, gamma_q=0.04789, block_size=6
  SSC-Block-TV-Col21 trial 171: mean ARI=0.7590  n=24  35.6s  lambda_e=0.0165, lambda_z=0.02505, gamma_q=0.01834, block_size=6
  SSC-Block-TV-Col21 trial 172: mean ARI=0.7234  n=24  35.8s  lambda_e=0.01661, lambda_z=0.03306, gamma_q=0.01334, block_size=6
  SSC-Block-TV-Col21 trial 173: mean ARI=0.7380  n=24  35.6s  lambda_e=0.01315, lambda_z=0.01574, gamma_q=0.02582, block_size=6
  SSC-Block-TV-Col21 trial 174: mean ARI=0.7603  n=24  35.9s  lambda_e=0.2856, lambda_z=0.0215, gamma_q=0.01702, block_size=7
  SSC-Block-TV-Col21 trial 175: mean ARI=0.7484  n=24  35.5s  lambda_e=0.7294, lambda_z=0.01953, gamma_q=0.03488, block_size=7
  SSC-Block-TV-Col21 trial 176: mean ARI=0.7417  n=24  35.7s  lambda_e=2.703, lambda_z=0.01183, gamma_q=0.02218, block_size=7
  SSC-Block-TV-Col21 trial 177: mean ARI=0.7350  n=24  36.1s  lambda_e=0.3991, lambda_z=0.03198, gamma_q=0.01564, block_size=7
  SSC-Block-TV-Col21 trial 178: mean ARI=0.7349  n=24  35.9s  lambda_e=0.5218, lambda_z=0.04634, gamma_q=0.02899, block_size=8
  SSC-Block-TV-Col21 trial 179: mean ARI=0.7349  n=24  36.2s  lambda_e=0.3428, lambda_z=0.02367, gamma_q=0.01143, block_size=7
  SSC-Block-TV-Col21 trial 180: mean ARI=0.7560  n=24  36.1s  lambda_e=0.0612, lambda_z=0.03847, gamma_q=0.03994, block_size=7
  SSC-Block-TV-Col21 trial 181: mean ARI=0.7589  n=24  36.6s  lambda_e=0.9458, lambda_z=0.02584, gamma_q=0.01798, block_size=6
  SSC-Block-TV-Col21 trial 182: mean ARI=0.7565  n=24  37.4s  lambda_e=0.02614, lambda_z=0.02877, gamma_q=0.02001, block_size=6
  SSC-Block-TV-Col21 trial 183: mean ARI=0.7474  n=24  39.8s  lambda_e=0.1537, lambda_z=0.02092, gamma_q=0.02485, block_size=6
  SSC-Block-TV-Col21 trial 184: mean ARI=0.7371  n=24  40.3s  lambda_e=0.01951, lambda_z=0.03389, gamma_q=0.01691, block_size=5
  SSC-Block-TV-Col21 trial 185: mean ARI=0.7467  n=24  39.4s  lambda_e=0.01598, lambda_z=0.02445, gamma_q=0.0144, block_size=7
  SSC-Block-TV-Col21 trial 186: mean ARI=0.7459  n=24  36.7s  lambda_e=0.3273, lambda_z=0.01634, gamma_q=0.03142, block_size=7
  SSC-Block-TV-Col21 trial 187: mean ARI=0.7243  n=24  36.0s  lambda_e=0.03433, lambda_z=0.05123, gamma_q=0.0211, block_size=6
  SSC-Block-TV-Col21 trial 188: mean ARI=0.7467  n=24  37.0s  lambda_e=0.02241, lambda_z=0.0399, gamma_q=0.02692, block_size=7
  SSC-Block-TV-Col21 trial 189: mean ARI=0.7268  n=24  38.1s  lambda_e=0.02892, lambda_z=0.02817, gamma_q=0.009449, block_size=6
  SSC-Block-TV-Col21 trial 190: mean ARI=0.7522  n=24  35.6s  lambda_e=0.04682, lambda_z=0.0187, gamma_q=0.01908, block_size=7
  SSC-Block-TV-Col21 trial 191: mean ARI=0.7587  n=24  35.8s  lambda_e=1.554, lambda_z=0.02454, gamma_q=0.0171, block_size=6
  SSC-Block-TV-Col21 trial 192: mean ARI=0.7601  n=24  35.7s  lambda_e=0.01458, lambda_z=0.0318, gamma_q=0.02359, block_size=6
  SSC-Block-TV-Col21 trial 193: mean ARI=0.7603  n=24  38.7s  lambda_e=0.2741, lambda_z=0.03286, gamma_q=0.02365, block_size=6
  SSC-Block-TV-Col21 trial 194: mean ARI=0.7604  n=24  39.8s  lambda_e=0.251, lambda_z=0.03289, gamma_q=0.02465, block_size=6
  SSC-Block-TV-Col21 trial 195: mean ARI=0.7391  n=24  37.3s  lambda_e=0.2724, lambda_z=0.04308, gamma_q=0.02445, block_size=6
  SSC-Block-TV-Col21 trial 196: mean ARI=0.7607  n=24  36.1s  lambda_e=0.4712, lambda_z=0.0323, gamma_q=0.02196, block_size=5
  SSC-Block-TV-Col21 trial 197: mean ARI=0.7608  n=24  35.9s  lambda_e=0.2867, lambda_z=0.03038, gamma_q=0.02331, block_size=5
  SSC-Block-TV-Col21 trial 198: mean ARI=0.7294  n=24  35.9s  lambda_e=0.2899, lambda_z=0.02978, gamma_q=0.01416, block_size=5
  SSC-Block-TV-Col21 trial 199: mean ARI=0.7494  n=24  35.9s  lambda_e=0.1932, lambda_z=0.02017, gamma_q=0.02375, block_size=5
  best mean ARI=0.7615  tune 7190.5s  lambda_e=0.01588, lambda_z=0.03044, gamma_q=0.02279, block_size=7
  wrote /nfs/turbo/umms-minjilab/lpullela/icassp_ssc_tv2/ballet_dataset/ballet_cluster_knownk_scaled_params_k8_variants.json

============================================================
--- Tuning SSC-Block-TV-L1 over 24 train mats  n_trials=200 (4 params) ---
  SSC-Block-TV-L1 trial 0: mean ARI=0.7421  n=24  30.1s  lambda_e=1, lambda_z=0.1, gamma_q=0.1, block_size=5
  SSC-Block-TV-L1 trial 1: mean ARI=0.6155  n=24  29.6s  lambda_e=0.443, lambda_z=0.7257, gamma_q=0.2577, block_size=7
  SSC-Block-TV-L1 trial 2: mean ARI=0.5460  n=24  29.2s  lambda_e=0.1866, lambda_z=0.3833, gamma_q=0.05628, block_size=11
  SSC-Block-TV-L1 trial 3: mean ARI=0.6776  n=24  29.6s  lambda_e=7.78, lambda_z=0.03418, gamma_q=1.469, block_size=7
  SSC-Block-TV-L1 trial 4: mean ARI=0.4565  n=24  32.1s  lambda_e=0.506, lambda_z=5.039, gamma_q=0.001924, block_size=2
  SSC-Block-TV-L1 trial 5: mean ARI=0.7693  n=24  29.3s  lambda_e=0.0115, lambda_z=2.14, gamma_q=1.296, block_size=11
  SSC-Block-TV-L1 trial 6: mean ARI=0.4784  n=24  29.3s  lambda_e=8.627, lambda_z=1.573, gamma_q=0.07013, block_size=10
  SSC-Block-TV-L1 trial 7: mean ARI=0.5135  n=24  29.2s  lambda_e=0.02264, lambda_z=0.3628, gamma_q=0.003745, block_size=12
  SSC-Block-TV-L1 trial 8: mean ARI=0.6957  n=24  29.3s  lambda_e=0.3677, lambda_z=0.04557, gamma_q=0.01143, block_size=10
  SSC-Block-TV-L1 trial 9: mean ARI=0.5436  n=24  29.6s  lambda_e=0.2336, lambda_z=0.1878, gamma_q=0.001189, block_size=8
  SSC-Block-TV-L1 trial 10: mean ARI=0.6849  n=24  32.2s  lambda_e=0.01151, lambda_z=0.001659, gamma_q=6.473, block_size=2
  SSC-Block-TV-L1 trial 11: mean ARI=0.5833  n=24  30.0s  lambda_e=0.05096, lambda_z=8.753, gamma_q=0.6511, block_size=5
  SSC-Block-TV-L1 trial 12: mean ARI=0.6746  n=24  30.3s  lambda_e=2.118, lambda_z=0.00523, gamma_q=4.653, block_size=4
  SSC-Block-TV-L1 trial 13: mean ARI=0.7420  n=24  30.0s  lambda_e=0.07538, lambda_z=0.06002, gamma_q=0.1212, block_size=5
  SSC-Block-TV-L1 trial 14: mean ARI=0.4751  n=24  29.5s  lambda_e=2.234, lambda_z=2.037, gamma_q=0.023, block_size=8
  SSC-Block-TV-L1 trial 15: mean ARI=0.7066  n=24  30.3s  lambda_e=1.457, lambda_z=0.01505, gamma_q=1.165, block_size=4
  SSC-Block-TV-L1 trial 16: mean ARI=0.7323  n=24  29.2s  lambda_e=0.07095, lambda_z=0.1084, gamma_q=0.3457, block_size=9
  SSC-Block-TV-L1 trial 17: mean ARI=0.5625  n=24  29.3s  lambda_e=0.01163, lambda_z=0.01008, gamma_q=2.584, block_size=12
  SSC-Block-TV-L1 trial 18: mean ARI=0.4765  n=24  29.8s  lambda_e=0.9361, lambda_z=2.245, gamma_q=0.0191, block_size=6
  SSC-Block-TV-L1 trial 19: mean ARI=0.5157  n=24  29.3s  lambda_e=4.383, lambda_z=0.001142, gamma_q=0.2394, block_size=10
  SSC-Block-TV-L1 trial 20: mean ARI=0.7421  n=24  30.9s  lambda_e=0.03188, lambda_z=0.8097, gamma_q=0.7259, block_size=3
  SSC-Block-TV-L1 trial 21: mean ARI=0.7522  n=24  30.9s  lambda_e=0.02927, lambda_z=0.7191, gamma_q=0.5555, block_size=3
  SSC-Block-TV-L1 trial 22: mean ARI=0.7450  n=24  30.8s  lambda_e=0.02805, lambda_z=0.7426, gamma_q=0.6521, block_size=3
  SSC-Block-TV-L1 trial 23: mean ARI=0.7070  n=24  30.9s  lambda_e=0.02526, lambda_z=3.752, gamma_q=2.406, block_size=3
  SSC-Block-TV-L1 trial 24: mean ARI=0.7375  n=24  30.9s  lambda_e=0.01776, lambda_z=0.7539, gamma_q=0.5498, block_size=3
  SSC-Block-TV-L1 trial 25: mean ARI=0.7463  n=24  30.5s  lambda_e=0.1322, lambda_z=0.3106, gamma_q=2.395, block_size=4
  SSC-Block-TV-L1 trial 26: mean ARI=0.7347  n=24  32.2s  lambda_e=0.1305, lambda_z=0.238, gamma_q=7.957, block_size=2
  SSC-Block-TV-L1 trial 27: mean ARI=0.7302  n=24  29.8s  lambda_e=0.04578, lambda_z=9.263, gamma_q=2.281, block_size=6
  SSC-Block-TV-L1 trial 28: mean ARI=0.7382  n=24  30.3s  lambda_e=0.1215, lambda_z=1.486, gamma_q=1.244, block_size=4
  SSC-Block-TV-L1 trial 29: mean ARI=0.7394  n=24  30.1s  lambda_e=0.01014, lambda_z=0.1456, gamma_q=3.675, block_size=5
  SSC-Block-TV-L1 trial 30: mean ARI=0.7486  n=24  29.7s  lambda_e=0.05089, lambda_z=0.3219, gamma_q=9.359, block_size=6
  SSC-Block-TV-L1 trial 31: mean ARI=0.7436  n=24  29.9s  lambda_e=0.04477, lambda_z=0.3763, gamma_q=4.548, block_size=6
  SSC-Block-TV-L1 trial 32: mean ARI=0.7329  n=24  30.6s  lambda_e=0.0927, lambda_z=1.048, gamma_q=8.77, block_size=4
  SSC-Block-TV-L1 trial 33: mean ARI=0.6520  n=24  29.5s  lambda_e=0.01563, lambda_z=0.4303, gamma_q=0.1819, block_size=7
  SSC-Block-TV-L1 trial 34: mean ARI=0.6916  n=24  29.2s  lambda_e=0.1998, lambda_z=0.07891, gamma_q=1.774, block_size=11
  SSC-Block-TV-L1 trial 35: mean ARI=0.5581  n=24  30.1s  lambda_e=0.03532, lambda_z=3.614, gamma_q=0.3807, block_size=5
  SSC-Block-TV-L1 trial 36: mean ARI=0.7459  n=24  29.7s  lambda_e=0.01827, lambda_z=0.2769, gamma_q=1.152, block_size=8
  SSC-Block-TV-L1 trial 37: mean ARI=0.7250  n=24  32.1s  lambda_e=0.06054, lambda_z=0.4746, gamma_q=3.59, block_size=2
  SSC-Block-TV-L1 trial 38: mean ARI=0.5313  n=24  29.6s  lambda_e=0.3352, lambda_z=1.233, gamma_q=0.1359, block_size=7
  SSC-Block-TV-L1 trial 39: mean ARI=0.6280  n=24  29.3s  lambda_e=0.1333, lambda_z=0.0283, gamma_q=0.9128, block_size=11
  SSC-Block-TV-L1 trial 40: mean ARI=0.6503  n=24  29.2s  lambda_e=0.5393, lambda_z=0.1552, gamma_q=0.05601, block_size=9
  SSC-Block-TV-L1 trial 41: mean ARI=0.7412  n=24  29.2s  lambda_e=0.0182, lambda_z=0.2563, gamma_q=1.554, block_size=9
  SSC-Block-TV-L1 trial 42: mean ARI=0.6711  n=24  29.5s  lambda_e=0.01462, lambda_z=0.6224, gamma_q=0.381, block_size=8
  SSC-Block-TV-L1 trial 43: mean ARI=0.7457  n=24  29.8s  lambda_e=0.02066, lambda_z=0.294, gamma_q=9.438, block_size=6
  SSC-Block-TV-L1 trial 44: mean ARI=0.7177  n=24  29.4s  lambda_e=0.03566, lambda_z=0.1162, gamma_q=0.9888, block_size=10
  SSC-Block-TV-L1 trial 45: mean ARI=0.7240  n=24  29.4s  lambda_e=0.02287, lambda_z=2, gamma_q=5.331, block_size=8
  SSC-Block-TV-L1 trial 46: mean ARI=0.7411  n=24  30.3s  lambda_e=0.08674, lambda_z=0.498, gamma_q=1.966, block_size=4
  SSC-Block-TV-L1 trial 47: mean ARI=0.7086  n=24  29.2s  lambda_e=0.04348, lambda_z=0.1882, gamma_q=3.071, block_size=12
  SSC-Block-TV-L1 trial 48: mean ARI=0.7357  n=24  29.6s  lambda_e=0.01564, lambda_z=3.032, gamma_q=5.986, block_size=7
  SSC-Block-TV-L1 trial 49: mean ARI=0.5508  n=24  30.9s  lambda_e=0.05851, lambda_z=6.818, gamma_q=0.5111, block_size=3
  SSC-Block-TV-L1 trial 50: mean ARI=0.7245  n=24  30.1s  lambda_e=0.01271, lambda_z=0.06884, gamma_q=1.302, block_size=5
  SSC-Block-TV-L1 trial 51: mean ARI=0.7461  n=24  29.9s  lambda_e=0.02099, lambda_z=0.2949, gamma_q=9.157, block_size=6
  SSC-Block-TV-L1 trial 52: mean ARI=0.7385  n=24  33.1s  lambda_e=0.02792, lambda_z=1.096, gamma_q=4.546, block_size=6
  SSC-Block-TV-L1 trial 53: mean ARI=0.7347  n=24  29.1s  lambda_e=0.01037, lambda_z=0.2792, gamma_q=6.412, block_size=11
  SSC-Block-TV-L1 trial 54: mean ARI=0.7410  n=24  30.3s  lambda_e=0.02113, lambda_z=0.5916, gamma_q=3.054, block_size=4
  SSC-Block-TV-L1 trial 55: mean ARI=0.5529  n=24  29.7s  lambda_e=0.03818, lambda_z=0.1827, gamma_q=0.005175, block_size=7
  SSC-Block-TV-L1 trial 56: mean ARI=0.7484  n=24  29.3s  lambda_e=0.02633, lambda_z=0.3447, gamma_q=1.013, block_size=10
  SSC-Block-TV-L1 trial 57: mean ARI=0.6294  n=24  29.2s  lambda_e=0.02835, lambda_z=0.03697, gamma_q=0.838, block_size=11
  SSC-Block-TV-L1 trial 58: mean ARI=0.7458  n=24  32.1s  lambda_e=0.09894, lambda_z=0.09953, gamma_q=0.2883, block_size=2
  SSC-Block-TV-L1 trial 59: mean ARI=0.7392  n=24  29.2s  lambda_e=0.246, lambda_z=1.021, gamma_q=1.874, block_size=9
  SSC-Block-TV-L1 trial 60: mean ARI=0.6084  n=24  29.2s  lambda_e=0.06405, lambda_z=1.62, gamma_q=0.4742, block_size=12
  SSC-Block-TV-L1 trial 61: mean ARI=0.7418  n=24  29.3s  lambda_e=0.01424, lambda_z=0.3144, gamma_q=1.16, block_size=10
  SSC-Block-TV-L1 trial 62: mean ARI=0.7434  n=24  29.5s  lambda_e=0.02347, lambda_z=0.221, gamma_q=0.6608, block_size=8
  SSC-Block-TV-L1 trial 63: mean ARI=0.7539  n=24  29.3s  lambda_e=0.05153, lambda_z=0.4007, gamma_q=2.555, block_size=10
  SSC-Block-TV-L1 trial 64: mean ARI=0.7285  n=24  29.3s  lambda_e=0.04936, lambda_z=0.7793, gamma_q=2.491, block_size=10
  SSC-Block-TV-L1 trial 65: mean ARI=0.7414  n=24  30.9s  lambda_e=0.0759, lambda_z=0.3764, gamma_q=9.939, block_size=3
  SSC-Block-TV-L1 trial 66: mean ARI=0.7458  n=24  29.1s  lambda_e=0.1691, lambda_z=0.5431, gamma_q=3.383, block_size=11
  SSC-Block-TV-L1 trial 67: mean ARI=0.7164  n=24  29.3s  lambda_e=0.03054, lambda_z=0.124, gamma_q=7.408, block_size=10
  SSC-Block-TV-L1 trial 68: mean ARI=0.7414  n=24  30.0s  lambda_e=0.03753, lambda_z=0.8736, gamma_q=4.277, block_size=5
  SSC-Block-TV-L1 trial 69: mean ARI=0.7164  n=24  29.2s  lambda_e=0.05224, lambda_z=2.846, gamma_q=1.683, block_size=9
  SSC-Block-TV-L1 trial 70: mean ARI=0.7028  n=24  30.3s  lambda_e=0.1122, lambda_z=0.3932, gamma_q=0.2075, block_size=4
  SSC-Block-TV-L1 trial 71: mean ARI=0.7344  n=24  29.3s  lambda_e=0.0189, lambda_z=0.1996, gamma_q=1.16, block_size=11
  SSC-Block-TV-L1 trial 72: mean ARI=0.5163  n=24  29.2s  lambda_e=0.01226, lambda_z=0.003316, gamma_q=0.819, block_size=9
  SSC-Block-TV-L1 trial 73: mean ARI=0.7477  n=24  29.6s  lambda_e=0.01671, lambda_z=0.6668, gamma_q=1.545, block_size=7
  SSC-Block-TV-L1 trial 74: mean ARI=0.7480  n=24  29.9s  lambda_e=0.02448, lambda_z=0.5995, gamma_q=2.605, block_size=6
  SSC-Block-TV-L1 trial 75: mean ARI=0.7442  n=24  30.1s  lambda_e=0.02534, lambda_z=0.588, gamma_q=2.062, block_size=5
  SSC-Block-TV-L1 trial 76: mean ARI=0.7300  n=24  29.2s  lambda_e=0.01581, lambda_z=1.485, gamma_q=1.517, block_size=12
  SSC-Block-TV-L1 trial 77: mean ARI=0.7506  n=24  29.8s  lambda_e=0.04072, lambda_z=0.4386, gamma_q=2.795, block_size=6
  SSC-Block-TV-L1 trial 78: mean ARI=0.7520  n=24  29.8s  lambda_e=6.126, lambda_z=0.7097, gamma_q=0.6104, block_size=6
  SSC-Block-TV-L1 trial 79: mean ARI=0.5424  n=24  29.8s  lambda_e=8.95, lambda_z=5.239, gamma_q=0.5466, block_size=6
  SSC-Block-TV-L1 trial 80: mean ARI=0.5810  n=24  29.7s  lambda_e=6.171, lambda_z=2.173, gamma_q=0.405, block_size=7
  SSC-Block-TV-L1 trial 81: mean ARI=0.7487  n=24  29.9s  lambda_e=3.088, lambda_z=0.9021, gamma_q=0.9768, block_size=6
  SSC-Block-TV-L1 trial 82: mean ARI=0.7493  n=24  30.0s  lambda_e=3.376, lambda_z=0.4502, gamma_q=0.6883, block_size=6
  SSC-Block-TV-L1 trial 83: mean ARI=0.6966  n=24  30.1s  lambda_e=1.965, lambda_z=0.4679, gamma_q=0.2779, block_size=5
  SSC-Block-TV-L1 trial 84: mean ARI=0.7290  n=24  29.8s  lambda_e=3.168, lambda_z=0.956, gamma_q=0.6909, block_size=6
  SSC-Block-TV-L1 trial 85: mean ARI=0.7319  n=24  29.7s  lambda_e=3.438, lambda_z=1.264, gamma_q=0.8802, block_size=7
  SSC-Block-TV-L1 trial 86: mean ARI=0.7545  n=24  29.7s  lambda_e=6.317, lambda_z=0.4197, gamma_q=1.009, block_size=6
  SSC-Block-TV-L1 trial 87: mean ARI=0.6166  n=24  29.8s  lambda_e=5.45, lambda_z=1.821, gamma_q=0.487, block_size=6
  SSC-Block-TV-L1 trial 88: mean ARI=0.6774  n=24  30.0s  lambda_e=7.52, lambda_z=0.7341, gamma_q=0.3221, block_size=5
  SSC-Block-TV-L1 trial 89: mean ARI=0.7497  n=24  29.8s  lambda_e=0.9871, lambda_z=0.4613, gamma_q=0.7789, block_size=6
  SSC-Block-TV-L1 trial 90: mean ARI=0.7113  n=24  29.8s  lambda_e=3.831, lambda_z=1.274, gamma_q=0.695, block_size=6
  SSC-Block-TV-L1 trial 91: mean ARI=0.7474  n=24  29.7s  lambda_e=0.9275, lambda_z=0.3753, gamma_q=0.574, block_size=7
  SSC-Block-TV-L1 trial 92: mean ARI=0.7346  n=24  29.9s  lambda_e=2.493, lambda_z=0.499, gamma_q=0.4225, block_size=6
  SSC-Block-TV-L1 trial 93: mean ARI=0.7408  n=24  30.2s  lambda_e=5.738, lambda_z=0.4241, gamma_q=1.411, block_size=5
  SSC-Block-TV-L1 trial 94: mean ARI=0.7508  n=24  29.7s  lambda_e=1.315, lambda_z=0.1524, gamma_q=0.85, block_size=6
  SSC-Block-TV-L1 trial 95: mean ARI=0.7360  n=24  29.6s  lambda_e=1.685, lambda_z=0.1624, gamma_q=0.9701, block_size=7
  SSC-Block-TV-L1 trial 96: mean ARI=0.7473  n=24  29.8s  lambda_e=1.243, lambda_z=0.2349, gamma_q=0.7968, block_size=6
  SSC-Block-TV-L1 trial 97: mean ARI=0.5724  n=24  30.0s  lambda_e=4.716, lambda_z=0.9211, gamma_q=0.1642, block_size=5
  SSC-Block-TV-L1 trial 98: mean ARI=0.7532  n=24  29.7s  lambda_e=0.598, lambda_z=0.7548, gamma_q=1.314, block_size=6
  SSC-Block-TV-L1 trial 99: mean ARI=0.6020  n=24  29.6s  lambda_e=0.7245, lambda_z=2.731, gamma_q=0.5807, block_size=7
  SSC-Block-TV-L1 trial 100: mean ARI=0.7529  n=24  29.8s  lambda_e=1.3, lambda_z=0.7043, gamma_q=1.299, block_size=6
  SSC-Block-TV-L1 trial 101: mean ARI=0.7545  n=24  29.7s  lambda_e=1.148, lambda_z=0.7415, gamma_q=1.267, block_size=6
  SSC-Block-TV-L1 trial 102: mean ARI=0.7451  n=24  29.7s  lambda_e=0.6937, lambda_z=0.7031, gamma_q=2.123, block_size=6
  SSC-Block-TV-L1 trial 103: mean ARI=0.7352  n=24  30.0s  lambda_e=1.216, lambda_z=1.285, gamma_q=1.389, block_size=5
  SSC-Block-TV-L1 trial 104: mean ARI=0.7460  n=24  29.9s  lambda_e=0.4258, lambda_z=0.5497, gamma_q=2.911, block_size=6
  SSC-Block-TV-L1 trial 105: mean ARI=0.7084  n=24  29.8s  lambda_e=0.7893, lambda_z=0.04889, gamma_q=1.165, block_size=6
  SSC-Block-TV-L1 trial 106: mean ARI=0.7432  n=24  29.6s  lambda_e=1.394, lambda_z=0.7775, gamma_q=1.816, block_size=7
  SSC-Block-TV-L1 trial 107: mean ARI=0.4752  n=24  32.2s  lambda_e=1.1, lambda_z=1.092, gamma_q=0.001203, block_size=2
  SSC-Block-TV-L1 trial 108: mean ARI=0.7433  n=24  30.1s  lambda_e=0.6011, lambda_z=0.3395, gamma_q=1.057, block_size=5
  SSC-Block-TV-L1 trial 109: mean ARI=0.7500  n=24  29.8s  lambda_e=0.8644, lambda_z=1.614, gamma_q=1.68, block_size=6
  SSC-Block-TV-L1 trial 110: mean ARI=0.7431  n=24  29.5s  lambda_e=0.2918, lambda_z=1.776, gamma_q=2.266, block_size=8
  SSC-Block-TV-L1 trial 111: mean ARI=0.7281  n=24  29.9s  lambda_e=0.9099, lambda_z=2.285, gamma_q=1.34, block_size=6
  SSC-Block-TV-L1 trial 112: mean ARI=0.7490  n=24  29.8s  lambda_e=7.279, lambda_z=1.398, gamma_q=1.81, block_size=6
  SSC-Block-TV-L1 trial 113: mean ARI=0.6070  n=24  29.7s  lambda_e=1.618, lambda_z=4.446, gamma_q=0.8346, block_size=7
  SSC-Block-TV-L1 trial 114: mean ARI=0.7391  n=24  30.1s  lambda_e=2.566, lambda_z=0.6506, gamma_q=3.588, block_size=5
  SSC-Block-TV-L1 trial 115: mean ARI=0.7335  n=24  29.9s  lambda_e=1.093, lambda_z=1.115, gamma_q=2.748, block_size=6
  SSC-Block-TV-L1 trial 116: mean ARI=0.7473  n=24  30.1s  lambda_e=0.5091, lambda_z=0.2637, gamma_q=1.616, block_size=6
  SSC-Block-TV-L1 trial 117: mean ARI=0.7624  n=24  29.5s  lambda_e=1.881, lambda_z=0.8298, gamma_q=1.312, block_size=7
  SSC-Block-TV-L1 trial 118: mean ARI=0.6543  n=24  29.5s  lambda_e=1.817, lambda_z=0.0224, gamma_q=1.198, block_size=7
  SSC-Block-TV-L1 trial 119: mean ARI=0.7401  n=24  30.1s  lambda_e=1.379, lambda_z=0.8386, gamma_q=2.205, block_size=5
  SSC-Block-TV-L1 trial 120: mean ARI=0.7602  n=24  29.3s  lambda_e=9.775, lambda_z=1.507, gamma_q=1.28, block_size=11
  SSC-Block-TV-L1 trial 121: mean ARI=0.7561  n=24  29.3s  lambda_e=9.997, lambda_z=1.59, gamma_q=1.459, block_size=11
  SSC-Block-TV-L1 trial 122: mean ARI=0.7047  n=24  29.2s  lambda_e=9.864, lambda_z=2.35, gamma_q=1.317, block_size=11
  SSC-Block-TV-L1 trial 123: mean ARI=0.6118  n=24  29.0s  lambda_e=8.478, lambda_z=3.487, gamma_q=0.9709, block_size=12
  SSC-Block-TV-L1 trial 124: mean ARI=0.7602  n=24  29.1s  lambda_e=6.005, lambda_z=1.07, gamma_q=1.14, block_size=11
  SSC-Block-TV-L1 trial 125: mean ARI=0.6786  n=24  29.0s  lambda_e=6.819, lambda_z=1.074, gamma_q=0.5778, block_size=11
  SSC-Block-TV-L1 trial 126: mean ARI=0.6989  n=24  29.3s  lambda_e=4.861, lambda_z=1.983, gamma_q=1.094, block_size=11
  SSC-Block-TV-L1 trial 127: mean ARI=0.5999  n=24  29.3s  lambda_e=9.903, lambda_z=1.499, gamma_q=0.4452, block_size=11
  SSC-Block-TV-L1 trial 128: mean ARI=0.7562  n=24  29.1s  lambda_e=8.287, lambda_z=0.8382, gamma_q=1.483, block_size=11
  SSC-Block-TV-L1 trial 129: mean ARI=0.7578  n=24  29.2s  lambda_e=4.032, lambda_z=0.6906, gamma_q=1.361, block_size=11
  SSC-Block-TV-L1 trial 130: mean ARI=0.7570  n=24  29.3s  lambda_e=4.055, lambda_z=0.5746, gamma_q=1.519, block_size=11
  SSC-Block-TV-L1 trial 131: mean ARI=0.7492  n=24  29.3s  lambda_e=8.092, lambda_z=0.8819, gamma_q=1.471, block_size=11
  SSC-Block-TV-L1 trial 132: mean ARI=0.7248  n=24  29.2s  lambda_e=3.994, lambda_z=0.5724, gamma_q=1.958, block_size=12
  SSC-Block-TV-L1 trial 133: mean ARI=0.7572  n=24  29.3s  lambda_e=6.548, lambda_z=0.6613, gamma_q=1.334, block_size=11
  SSC-Block-TV-L1 trial 134: mean ARI=0.7366  n=24  29.4s  lambda_e=6.704, lambda_z=1.026, gamma_q=1.286, block_size=10
  SSC-Block-TV-L1 trial 135: mean ARI=0.7565  n=24  29.3s  lambda_e=5.219, lambda_z=0.6582, gamma_q=1.651, block_size=11
  SSC-Block-TV-L1 trial 136: mean ARI=0.7456  n=24  29.2s  lambda_e=5.197, lambda_z=0.5479, gamma_q=2.398, block_size=11
  SSC-Block-TV-L1 trial 137: mean ARI=0.7601  n=24  29.3s  lambda_e=4.212, lambda_z=0.869, gamma_q=1.699, block_size=11
  SSC-Block-TV-L1 trial 138: mean ARI=0.7325  n=24  29.4s  lambda_e=4.476, lambda_z=1.289, gamma_q=1.803, block_size=10
  SSC-Block-TV-L1 trial 139: mean ARI=0.7443  n=24  29.2s  lambda_e=6.157, lambda_z=0.9487, gamma_q=2.15, block_size=11
  SSC-Block-TV-L1 trial 140: mean ARI=0.7242  n=24  29.2s  lambda_e=3.978, lambda_z=0.6249, gamma_q=1.01, block_size=12
  SSC-Block-TV-L1 trial 141: mean ARI=0.7599  n=24  29.3s  lambda_e=7.365, lambda_z=0.8722, gamma_q=1.633, block_size=11
  SSC-Block-TV-L1 trial 142: mean ARI=0.7578  n=24  29.5s  lambda_e=8.269, lambda_z=1.163, gamma_q=1.45, block_size=11
  SSC-Block-TV-L1 trial 143: mean ARI=0.7547  n=24  29.3s  lambda_e=8.325, lambda_z=1.707, gamma_q=1.524, block_size=11
  SSC-Block-TV-L1 trial 144: mean ARI=0.7610  n=24  29.2s  lambda_e=8.663, lambda_z=1.597, gamma_q=1.658, block_size=11
  SSC-Block-TV-L1 trial 145: mean ARI=0.7628  n=24  29.2s  lambda_e=7.648, lambda_z=1.774, gamma_q=1.592, block_size=11
  SSC-Block-TV-L1 trial 146: mean ARI=0.7131  n=24  29.3s  lambda_e=7.278, lambda_z=2.973, gamma_q=1.758, block_size=11
  SSC-Block-TV-L1 trial 147: mean ARI=0.4865  n=24  29.1s  lambda_e=9.002, lambda_z=1.505, gamma_q=0.07332, block_size=11
  SSC-Block-TV-L1 trial 148: mean ARI=0.7379  n=24  29.3s  lambda_e=5.587, lambda_z=1.177, gamma_q=3.908, block_size=11
  SSC-Block-TV-L1 trial 149: mean ARI=0.7303  n=24  29.3s  lambda_e=7.883, lambda_z=1.945, gamma_q=1.573, block_size=12
  SSC-Block-TV-L1 trial 150: mean ARI=0.7441  n=24  29.3s  lambda_e=9.74, lambda_z=1.481, gamma_q=3.137, block_size=11
  SSC-Block-TV-L1 trial 151: mean ARI=0.7162  n=24  29.4s  lambda_e=8.285, lambda_z=2.417, gamma_q=1.53, block_size=11
  SSC-Block-TV-L1 trial 152: mean ARI=0.7575  n=24  29.2s  lambda_e=5.008, lambda_z=1.793, gamma_q=1.904, block_size=11
  SSC-Block-TV-L1 trial 153: mean ARI=0.7482  n=24  29.6s  lambda_e=5.257, lambda_z=1.164, gamma_q=1.972, block_size=11
  SSC-Block-TV-L1 trial 154: mean ARI=0.7253  n=24  29.1s  lambda_e=6.852, lambda_z=0.9098, gamma_q=2.403, block_size=12
  SSC-Block-TV-L1 trial 155: mean ARI=0.7151  n=24  29.3s  lambda_e=4.522, lambda_z=1.777, gamma_q=1.067, block_size=10
  SSC-Block-TV-L1 trial 156: mean ARI=0.7341  n=24  29.3s  lambda_e=5.8, lambda_z=2.594, gamma_q=1.976, block_size=11
  SSC-Block-TV-L1 trial 157: mean ARI=0.7370  n=24  29.3s  lambda_e=3.7, lambda_z=1.27, gamma_q=1.63, block_size=10
  SSC-Block-TV-L1 trial 158: mean ARI=0.6936  n=24  29.4s  lambda_e=7.106, lambda_z=2.175, gamma_q=1.169, block_size=11
  SSC-Block-TV-L1 trial 159: mean ARI=0.7546  n=24  29.3s  lambda_e=3.086, lambda_z=0.8532, gamma_q=0.8792, block_size=11
  SSC-Block-TV-L1 trial 160: mean ARI=0.7112  n=24  29.2s  lambda_e=5.116, lambda_z=3.212, gamma_q=2.64, block_size=12
  SSC-Block-TV-L1 trial 161: mean ARI=0.7545  n=24  29.3s  lambda_e=8.528, lambda_z=1.731, gamma_q=1.499, block_size=11
  SSC-Block-TV-L1 trial 162: mean ARI=0.7559  n=24  29.2s  lambda_e=7.831, lambda_z=1.604, gamma_q=1.439, block_size=11
  SSC-Block-TV-L1 trial 163: mean ARI=0.7481  n=24  29.2s  lambda_e=6.687, lambda_z=1.013, gamma_q=2.068, block_size=11
  SSC-Block-TV-L1 trial 164: mean ARI=0.7531  n=24  29.3s  lambda_e=9.887, lambda_z=1.396, gamma_q=1.206, block_size=11
  SSC-Block-TV-L1 trial 165: mean ARI=0.7380  n=24  29.8s  lambda_e=7.375, lambda_z=2.084, gamma_q=1.757, block_size=10
  SSC-Block-TV-L1 trial 166: mean ARI=0.4634  n=24  29.3s  lambda_e=4.252, lambda_z=4.052, gamma_q=0.009765, block_size=11
  SSC-Block-TV-L1 trial 167: mean ARI=0.7509  n=24  29.3s  lambda_e=6.334, lambda_z=1.172, gamma_q=1.356, block_size=11
  SSC-Block-TV-L1 trial 168: mean ARI=0.7301  n=24  29.2s  lambda_e=2.613, lambda_z=0.7718, gamma_q=0.9737, block_size=12
  SSC-Block-TV-L1 trial 169: mean ARI=0.7525  n=24  29.3s  lambda_e=5.805, lambda_z=1.511, gamma_q=2.282, block_size=11
  SSC-Block-TV-L1 trial 170: mean ARI=0.7331  n=24  29.4s  lambda_e=8.778, lambda_z=1.011, gamma_q=1.409, block_size=10
  SSC-Block-TV-L1 trial 171: mean ARI=0.7508  n=24  29.3s  lambda_e=8.089, lambda_z=1.936, gamma_q=1.622, block_size=11
  SSC-Block-TV-L1 trial 172: mean ARI=0.7437  n=24  29.3s  lambda_e=7.706, lambda_z=1.497, gamma_q=1.177, block_size=11
  SSC-Block-TV-L1 trial 173: mean ARI=0.6685  n=24  29.1s  lambda_e=4.758, lambda_z=1.711, gamma_q=0.7713, block_size=11
  SSC-Block-TV-L1 trial 174: mean ARI=0.7170  n=24  29.4s  lambda_e=8.953, lambda_z=2.563, gamma_q=1.506, block_size=11
  SSC-Block-TV-L1 trial 175: mean ARI=0.7570  n=24  29.5s  lambda_e=6.342, lambda_z=0.6707, gamma_q=1.805, block_size=11
  SSC-Block-TV-L1 trial 176: mean ARI=0.7550  n=24  29.2s  lambda_e=5.363, lambda_z=0.6348, gamma_q=2.057, block_size=11
  SSC-Block-TV-L1 trial 177: mean ARI=0.7265  n=24  29.3s  lambda_e=6.311, lambda_z=0.8837, gamma_q=1.096, block_size=12
  SSC-Block-TV-L1 trial 178: mean ARI=0.7468  n=24  29.2s  lambda_e=7.051, lambda_z=0.4917, gamma_q=2.843, block_size=11
  SSC-Block-TV-L1 trial 179: mean ARI=0.7313  n=24  29.3s  lambda_e=9.942, lambda_z=0.6723, gamma_q=1.803, block_size=10
  SSC-Block-TV-L1 trial 180: mean ARI=0.7627  n=24  29.3s  lambda_e=4.384, lambda_z=1.226, gamma_q=1.285, block_size=11
  SSC-Block-TV-L1 trial 181: mean ARI=0.7565  n=24  29.4s  lambda_e=4.228, lambda_z=1.209, gamma_q=1.329, block_size=11
  SSC-Block-TV-L1 trial 182: mean ARI=0.7593  n=24  29.3s  lambda_e=3.429, lambda_z=1.221, gamma_q=1.233, block_size=11
  SSC-Block-TV-L1 trial 183: mean ARI=0.7192  n=24  29.3s  lambda_e=3.543, lambda_z=1.146, gamma_q=0.8739, block_size=11
  SSC-Block-TV-L1 trial 184: mean ARI=0.7465  n=24  29.2s  lambda_e=3.041, lambda_z=0.8118, gamma_q=1.107, block_size=11
  SSC-Block-TV-L1 trial 185: mean ARI=0.7490  n=24  29.3s  lambda_e=4.096, lambda_z=1.019, gamma_q=1.789, block_size=11
  SSC-Block-TV-L1 trial 186: mean ARI=0.7588  n=24  29.2s  lambda_e=4.543, lambda_z=0.547, gamma_q=1.289, block_size=11
  SSC-Block-TV-L1 trial 187: mean ARI=0.7226  n=24  29.3s  lambda_e=4.432, lambda_z=0.5516, gamma_q=1.178, block_size=12
  SSC-Block-TV-L1 trial 188: mean ARI=0.7440  n=24  29.3s  lambda_e=2.748, lambda_z=1.296, gamma_q=1.002, block_size=10
  SSC-Block-TV-L1 trial 189: mean ARI=0.7458  n=24  29.3s  lambda_e=5.053, lambda_z=0.6421, gamma_q=0.7158, block_size=11
  SSC-Block-TV-L1 trial 190: mean ARI=0.7561  n=24  29.3s  lambda_e=2.191, lambda_z=0.7412, gamma_q=2.167, block_size=11
  SSC-Block-TV-L1 trial 191: mean ARI=0.7502  n=24  29.3s  lambda_e=3.569, lambda_z=0.8933, gamma_q=1.306, block_size=11
  SSC-Block-TV-L1 trial 192: mean ARI=0.7506  n=24  29.3s  lambda_e=4.637, lambda_z=1.104, gamma_q=1.755, block_size=11
  SSC-Block-TV-L1 trial 193: mean ARI=0.7580  n=24  29.2s  lambda_e=5.835, lambda_z=0.5025, gamma_q=1.358, block_size=11
  SSC-Block-TV-L1 trial 194: mean ARI=0.7597  n=24  29.2s  lambda_e=3.888, lambda_z=0.5182, gamma_q=1.257, block_size=11
  SSC-Block-TV-L1 trial 195: mean ARI=0.7547  n=24  29.6s  lambda_e=5.536, lambda_z=0.4756, gamma_q=0.9289, block_size=11
  SSC-Block-TV-L1 trial 196: mean ARI=0.7506  n=24  29.2s  lambda_e=3.885, lambda_z=0.5683, gamma_q=1.788, block_size=11
  SSC-Block-TV-L1 trial 197: mean ARI=0.7215  n=24  29.3s  lambda_e=5.948, lambda_z=0.3488, gamma_q=1.206, block_size=12
  SSC-Block-TV-L1 trial 198: mean ARI=0.7462  n=24  29.2s  lambda_e=4.926, lambda_z=0.5079, gamma_q=2.44, block_size=11
  SSC-Block-TV-L1 trial 199: mean ARI=0.7374  n=24  29.3s  lambda_e=3.363, lambda_z=0.662, gamma_q=1.085, block_size=10
  best mean ARI=0.7693  tune 5934.6s  lambda_e=0.0115, lambda_z=2.14, gamma_q=1.296, block_size=11
  wrote /nfs/turbo/umms-minjilab/lpullela/icassp_ssc_tv2/ballet_dataset/ballet_cluster_knownk_scaled_params_k8_variants.json

=== train[0] k=8  dim=900  frames=404  σ=clean  seqs=['seq_000003', 'seq_000004', 'seq_000005', 'seq_000012', 'seq_000021', 'seq_000023', 'seq_000035', 'seq_000042'] ===
  SSC-Block-TV: k_hat=8  ACC=0.8317  NMI=0.8582  ARI=0.7757  1.2s
  SSC-Block-TV-Col21: k_hat=8  ACC=0.7921  NMI=0.8095  ARI=0.7023  1.1s
  SSC-Block-TV-L1: k_hat=8  ACC=0.7574  NMI=0.7845  ARI=0.6891  0.9s

=== train[1] k=8  dim=900  frames=584  σ=clean  seqs=['seq_000001', 'seq_000002', 'seq_000004', 'seq_000011', 'seq_000017', 'seq_000025', 'seq_000029', 'seq_000043'] ===
  SSC-Block-TV: k_hat=8  ACC=0.8938  NMI=0.9042  ARI=0.7917  2.4s
  SSC-Block-TV-Col21: k_hat=8  ACC=0.8955  NMI=0.9047  ARI=0.7934  2.2s
  SSC-Block-TV-L1: k_hat=8  ACC=0.7380  NMI=0.8047  ARI=0.6651  1.9s

=== train[2] k=8  dim=900  frames=346  σ=clean  seqs=['seq_000003', 'seq_000004', 'seq_000005', 'seq_000021', 'seq_000023', 'seq_000024', 'seq_000036', 'seq_000041'] ===
  SSC-Block-TV: k_hat=8  ACC=0.7283  NMI=0.8088  ARI=0.6963  1.0s
  SSC-Block-TV-Col21: k_hat=8  ACC=0.7283  NMI=0.8057  ARI=0.6922  0.8s
  SSC-Block-TV-L1: k_hat=8  ACC=0.6590  NMI=0.7442  ARI=0.6317  0.7s

=== train[3] k=8  dim=900  frames=608  σ=clean  seqs=['seq_000004', 'seq_000009', 'seq_000011', 'seq_000012', 'seq_000017', 'seq_000022', 'seq_000039', 'seq_000042'] ===
  SSC-Block-TV: k_hat=8  ACC=0.9391  NMI=0.9555  ARI=0.9307  2.6s
  SSC-Block-TV-Col21: k_hat=8  ACC=0.9309  NMI=0.9430  ARI=0.9108  2.4s
  SSC-Block-TV-L1: k_hat=8  ACC=0.9342  NMI=0.9449  ARI=0.9208  2.0s

=== train[4] k=8  dim=900  frames=493  σ=clean  seqs=['seq_000009', 'seq_000017', 'seq_000019', 'seq_000020', 'seq_000021', 'seq_000039', 'seq_000041', 'seq_000043'] ===
  SSC-Block-TV: k_hat=8  ACC=0.7444  NMI=0.8636  ARI=0.7183  1.9s
  SSC-Block-TV-Col21: k_hat=8  ACC=0.7546  NMI=0.8738  ARI=0.7306  1.7s
  SSC-Block-TV-L1: k_hat=8  ACC=0.8154  NMI=0.8432  ARI=0.7446  1.3s

=== train[5] k=8  dim=900  frames=478  σ=clean  seqs=['seq_000002', 'seq_000011', 'seq_000017', 'seq_000020', 'seq_000021', 'seq_000029', 'seq_000035', 'seq_000043'] ===
  SSC-Block-TV: k_hat=8  ACC=0.7322  NMI=0.7930  ARI=0.6071  1.8s
  SSC-Block-TV-Col21: k_hat=8  ACC=0.7510  NMI=0.8172  ARI=0.6514  1.5s
  SSC-Block-TV-L1: k_hat=8  ACC=0.7259  NMI=0.8460  ARI=0.6850  1.2s

=== train[6] k=8  dim=900  frames=464  σ=clean  seqs=['seq_000002', 'seq_000005', 'seq_000009', 'seq_000012', 'seq_000017', 'seq_000021', 'seq_000033', 'seq_000035'] ===
  SSC-Block-TV: k_hat=8  ACC=0.7457  NMI=0.8717  ARI=0.7420  1.6s
  SSC-Block-TV-Col21: k_hat=8  ACC=0.7457  NMI=0.8717  ARI=0.7420  1.5s
  SSC-Block-TV-L1: k_hat=8  ACC=0.8082  NMI=0.9002  ARI=0.8186  1.2s

=== train[7] k=8  dim=900  frames=478  σ=clean  seqs=['seq_000001', 'seq_000017', 'seq_000018', 'seq_000023', 'seq_000024', 'seq_000029', 'seq_000035', 'seq_000039'] ===
  SSC-Block-TV: k_hat=8  ACC=0.7803  NMI=0.8416  ARI=0.6857  1.8s
  SSC-Block-TV-Col21: k_hat=8  ACC=0.7803  NMI=0.8408  ARI=0.6825  1.5s
  SSC-Block-TV-L1: k_hat=8  ACC=0.8766  NMI=0.8597  ARI=0.7807  1.2s

=== train[8] k=8  dim=900  frames=430  σ=clean  seqs=['seq_000001', 'seq_000005', 'seq_000017', 'seq_000018', 'seq_000020', 'seq_000024', 'seq_000031', 'seq_000042'] ===
  SSC-Block-TV: k_hat=8  ACC=0.9930  NMI=0.9873  ARI=0.9894  1.5s
  SSC-Block-TV-Col21: k_hat=8  ACC=0.9907  NMI=0.9844  ARI=0.9860  1.2s
  SSC-Block-TV-L1: k_hat=8  ACC=0.8163  NMI=0.8741  ARI=0.8246  1.0s

=== train[9] k=8  dim=900  frames=452  σ=clean  seqs=['seq_000005', 'seq_000009', 'seq_000011', 'seq_000023', 'seq_000031', 'seq_000035', 'seq_000039', 'seq_000043'] ===
  SSC-Block-TV: k_hat=8  ACC=0.7279  NMI=0.8506  ARI=0.6812  1.5s
  SSC-Block-TV-Col21: k_hat=8  ACC=0.7301  NMI=0.8507  ARI=0.6818  1.4s
  SSC-Block-TV-L1: k_hat=8  ACC=0.8673  NMI=0.8409  ARI=0.7500  1.1s

=== train[10] k=8  dim=900  frames=461  σ=clean  seqs=['seq_000017', 'seq_000020', 'seq_000025', 'seq_000026', 'seq_000035', 'seq_000039', 'seq_000041', 'seq_000043'] ===
  SSC-Block-TV: k_hat=8  ACC=0.7419  NMI=0.8341  ARI=0.6607  1.7s
  SSC-Block-TV-Col21: k_hat=8  ACC=0.7419  NMI=0.8461  ARI=0.6313  1.4s
  SSC-Block-TV-L1: k_hat=8  ACC=0.8525  NMI=0.8693  ARI=0.8034  1.2s

=== train[11] k=8  dim=900  frames=437  σ=clean  seqs=['seq_000002', 'seq_000009', 'seq_000021', 'seq_000022', 'seq_000028', 'seq_000033', 'seq_000035', 'seq_000036'] ===
  SSC-Block-TV: k_hat=8  ACC=0.7300  NMI=0.8321  ARI=0.6632  1.5s
  SSC-Block-TV-Col21: k_hat=8  ACC=0.7346  NMI=0.8324  ARI=0.6642  1.3s
  SSC-Block-TV-L1: k_hat=8  ACC=0.8055  NMI=0.8175  ARI=0.7277  1.1s

=== train[12] k=8  dim=900  frames=479  σ=clean  seqs=['seq_000001', 'seq_000003', 'seq_000017', 'seq_000019', 'seq_000025', 'seq_000027', 'seq_000036', 'seq_000043'] ===
  SSC-Block-TV: k_hat=8  ACC=0.8351  NMI=0.8897  ARI=0.7839  1.7s
  SSC-Block-TV-Col21: k_hat=8  ACC=0.8392  NMI=0.8899  ARI=0.7847  1.6s
  SSC-Block-TV-L1: k_hat=8  ACC=0.8956  NMI=0.8874  ARI=0.8314  1.3s

=== train[13] k=8  dim=900  frames=522  σ=clean  seqs=['seq_000011', 'seq_000012', 'seq_000018', 'seq_000020', 'seq_000023', 'seq_000025', 'seq_000027', 'seq_000036'] ===
  SSC-Block-TV: k_hat=8  ACC=0.8621  NMI=0.9234  ARI=0.8561  1.9s
  SSC-Block-TV-Col21: k_hat=8  ACC=0.8602  NMI=0.9187  ARI=0.8474  1.8s
  SSC-Block-TV-L1: k_hat=8  ACC=0.7625  NMI=0.8472  ARI=0.7532  1.5s

=== train[14] k=8  dim=900  frames=607  σ=clean  seqs=['seq_000019', 'seq_000020', 'seq_000025', 'seq_000028', 'seq_000029', 'seq_000035', 'seq_000039', 'seq_000042'] ===
  SSC-Block-TV: k_hat=8  ACC=0.7908  NMI=0.8777  ARI=0.7726  2.7s
  SSC-Block-TV-Col21: k_hat=8  ACC=0.7430  NMI=0.8424  ARI=0.7252  2.4s
  SSC-Block-TV-L1: k_hat=8  ACC=0.8682  NMI=0.8949  ARI=0.8221  2.0s

=== train[15] k=8  dim=900  frames=410  σ=clean  seqs=['seq_000002', 'seq_000003', 'seq_000004', 'seq_000005', 'seq_000024', 'seq_000026', 'seq_000029', 'seq_000039'] ===
  SSC-Block-TV: k_hat=8  ACC=0.8561  NMI=0.8809  ARI=0.7878  1.4s
  SSC-Block-TV-Col21: k_hat=8  ACC=0.8463  NMI=0.8716  ARI=0.7687  1.1s
  SSC-Block-TV-L1: k_hat=8  ACC=0.8146  NMI=0.8631  ARI=0.7961  0.9s

=== train[16] k=8  dim=900  frames=462  σ=clean  seqs=['seq_000002', 'seq_000004', 'seq_000017', 'seq_000019', 'seq_000022', 'seq_000026', 'seq_000033', 'seq_000043'] ===
  SSC-Block-TV: k_hat=8  ACC=0.8528  NMI=0.9013  ARI=0.8097  1.7s
  SSC-Block-TV-Col21: k_hat=8  ACC=0.8528  NMI=0.9013  ARI=0.8097  1.4s
  SSC-Block-TV-L1: k_hat=8  ACC=0.7229  NMI=0.8307  ARI=0.6886  1.2s

=== train[17] k=8  dim=900  frames=481  σ=clean  seqs=['seq_000001', 'seq_000002', 'seq_000005', 'seq_000017', 'seq_000018', 'seq_000024', 'seq_000029', 'seq_000036'] ===
  SSC-Block-TV: k_hat=8  ACC=0.8067  NMI=0.9071  ARI=0.7935  1.7s
  SSC-Block-TV-Col21: k_hat=8  ACC=0.8067  NMI=0.9071  ARI=0.7935  1.7s
  SSC-Block-TV-L1: k_hat=8  ACC=0.9647  NMI=0.9404  ARI=0.9360  1.2s

=== train[18] k=8  dim=900  frames=551  σ=clean  seqs=['seq_000009', 'seq_000017', 'seq_000020', 'seq_000028', 'seq_000029', 'seq_000036', 'seq_000041', 'seq_000043'] ===
  SSC-Block-TV: k_hat=8  ACC=0.7350  NMI=0.8330  ARI=0.6649  2.2s
  SSC-Block-TV-Col21: k_hat=8  ACC=0.7278  NMI=0.8215  ARI=0.6491  2.0s
  SSC-Block-TV-L1: k_hat=8  ACC=0.7604  NMI=0.8523  ARI=0.7128  1.7s

=== train[19] k=8  dim=900  frames=438  σ=clean  seqs=['seq_000009', 'seq_000019', 'seq_000021', 'seq_000022', 'seq_000025', 'seq_000035', 'seq_000036', 'seq_000041'] ===
  SSC-Block-TV: k_hat=8  ACC=0.7877  NMI=0.8649  ARI=0.7776  1.5s
  SSC-Block-TV-Col21: k_hat=8  ACC=0.7900  NMI=0.8648  ARI=0.7775  1.3s
  SSC-Block-TV-L1: k_hat=8  ACC=0.8059  NMI=0.8792  ARI=0.8075  1.1s

=== train[20] k=8  dim=900  frames=329  σ=clean  seqs=['seq_000002', 'seq_000003', 'seq_000005', 'seq_000018', 'seq_000020', 'seq_000021', 'seq_000025', 'seq_000026'] ===
  SSC-Block-TV: k_hat=8  ACC=0.8298  NMI=0.8715  ARI=0.7624  0.9s
  SSC-Block-TV-Col21: k_hat=8  ACC=0.8419  NMI=0.8786  ARI=0.7821  0.7s
  SSC-Block-TV-L1: k_hat=8  ACC=0.7629  NMI=0.8451  ARI=0.7683  0.6s

=== train[21] k=8  dim=900  frames=338  σ=clean  seqs=['seq_000003', 'seq_000005', 'seq_000009', 'seq_000022', 'seq_000027', 'seq_000035', 'seq_000041', 'seq_000042'] ===
  SSC-Block-TV: k_hat=8  ACC=0.7959  NMI=0.8627  ARI=0.7813  0.9s
  SSC-Block-TV-Col21: k_hat=8  ACC=0.8047  NMI=0.8641  ARI=0.7841  0.8s
  SSC-Block-TV-L1: k_hat=8  ACC=0.8284  NMI=0.8612  ARI=0.8016  0.7s

=== train[22] k=8  dim=900  frames=453  σ=clean  seqs=['seq_000002', 'seq_000003', 'seq_000011', 'seq_000012', 'seq_000018', 'seq_000025', 'seq_000026', 'seq_000031'] ===
  SSC-Block-TV: k_hat=8  ACC=0.9161  NMI=0.9303  ARI=0.8792  1.6s
  SSC-Block-TV-Col21: k_hat=8  ACC=0.9183  NMI=0.9309  ARI=0.8812  1.4s
  SSC-Block-TV-L1: k_hat=8  ACC=0.8344  NMI=0.8788  ARI=0.7988  1.2s

=== train[23] k=8  dim=900  frames=396  σ=clean  seqs=['seq_000001', 'seq_000002', 'seq_000012', 'seq_000024', 'seq_000027', 'seq_000035', 'seq_000041', 'seq_000043'] ===
  SSC-Block-TV: k_hat=8  ACC=0.8409  NMI=0.9283  ARI=0.8257  1.2s
  SSC-Block-TV-Col21: k_hat=8  ACC=0.8232  NMI=0.8964  ARI=0.8054  1.1s
  SSC-Block-TV-L1: k_hat=8  ACC=0.7576  NMI=0.8270  ARI=0.7049  0.9s

=== test[0] k=8  dim=900  frames=350  σ=clean  seqs=['seq_000006', 'seq_000007', 'seq_000008', 'seq_000010', 'seq_000013', 'seq_000014', 'seq_000015', 'seq_000016'] ===
  SSC-Block-TV: k_hat=8  ACC=0.7486  NMI=0.8734  ARI=0.7558  1.0s
  SSC-Block-TV-Col21: k_hat=8  ACC=0.7457  NMI=0.8730  ARI=0.7546  0.8s
  SSC-Block-TV-L1: k_hat=8  ACC=0.7771  NMI=0.8542  ARI=0.7699  0.7s

=== test[1] k=8  dim=900  frames=402  σ=clean  seqs=['seq_000006', 'seq_000007', 'seq_000008', 'seq_000013', 'seq_000014', 'seq_000015', 'seq_000030', 'seq_000034'] ===
  SSC-Block-TV: k_hat=8  ACC=0.7512  NMI=0.8391  ARI=0.6876  1.3s
  SSC-Block-TV-Col21: k_hat=8  ACC=0.7413  NMI=0.8333  ARI=0.6732  1.1s
  SSC-Block-TV-L1: k_hat=8  ACC=0.7736  NMI=0.8447  ARI=0.7047  0.9s

=== test[2] k=8  dim=900  frames=382  σ=clean  seqs=['seq_000013', 'seq_000014', 'seq_000015', 'seq_000016', 'seq_000032', 'seq_000034', 'seq_000038', 'seq_000040'] ===
  SSC-Block-TV: k_hat=8  ACC=0.6021  NMI=0.7572  ARI=0.4850  1.2s
  SSC-Block-TV-Col21: k_hat=8  ACC=0.5916  NMI=0.7508  ARI=0.4701  1.0s
  SSC-Block-TV-L1: k_hat=8  ACC=0.6283  NMI=0.7426  ARI=0.5052  0.8s

=== test[3] k=8  dim=900  frames=364  σ=clean  seqs=['seq_000008', 'seq_000010', 'seq_000013', 'seq_000014', 'seq_000016', 'seq_000030', 'seq_000032', 'seq_000044'] ===
  SSC-Block-TV: k_hat=8  ACC=0.5577  NMI=0.7689  ARI=0.4690  1.0s
  SSC-Block-TV-Col21: k_hat=8  ACC=0.5604  NMI=0.7675  ARI=0.4670  0.9s
  SSC-Block-TV-L1: k_hat=8  ACC=0.6126  NMI=0.7039  ARI=0.4900  0.7s

=== test[4] k=8  dim=900  frames=402  σ=clean  seqs=['seq_000006', 'seq_000007', 'seq_000010', 'seq_000013', 'seq_000015', 'seq_000030', 'seq_000038', 'seq_000040'] ===
  SSC-Block-TV: k_hat=8  ACC=0.8483  NMI=0.8784  ARI=0.7968  1.3s
  SSC-Block-TV-Col21: k_hat=8  ACC=0.7040  NMI=0.7813  ARI=0.5451  1.1s
  SSC-Block-TV-L1: k_hat=8  ACC=0.6418  NMI=0.7423  ARI=0.5196  0.9s

=== test[5] k=8  dim=900  frames=391  σ=clean  seqs=['seq_000006', 'seq_000010', 'seq_000014', 'seq_000016', 'seq_000030', 'seq_000034', 'seq_000037', 'seq_000038'] ===
  SSC-Block-TV: k_hat=8  ACC=0.7570  NMI=0.8370  ARI=0.6948  1.2s
  SSC-Block-TV-Col21: k_hat=8  ACC=0.7468  NMI=0.8233  ARI=0.6733  1.0s
  SSC-Block-TV-L1: k_hat=8  ACC=0.6957  NMI=0.7927  ARI=0.6867  0.8s

=== test[6] k=8  dim=900  frames=405  σ=clean  seqs=['seq_000006', 'seq_000007', 'seq_000014', 'seq_000015', 'seq_000032', 'seq_000037', 'seq_000040', 'seq_000044'] ===
  SSC-Block-TV: k_hat=8  ACC=0.7802  NMI=0.8847  ARI=0.7668  1.3s
  SSC-Block-TV-Col21: k_hat=8  ACC=0.7432  NMI=0.8284  ARI=0.7013  1.1s
  SSC-Block-TV-L1: k_hat=8  ACC=0.6025  NMI=0.7497  ARI=0.5389  0.9s

=== test[7] k=8  dim=900  frames=417  σ=clean  seqs=['seq_000007', 'seq_000008', 'seq_000010', 'seq_000013', 'seq_000037', 'seq_000038', 'seq_000040', 'seq_000044'] ===
  SSC-Block-TV: k_hat=8  ACC=0.7242  NMI=0.8276  ARI=0.5624  1.3s
  SSC-Block-TV-Col21: k_hat=8  ACC=0.7242  NMI=0.8263  ARI=0.5588  1.1s
  SSC-Block-TV-L1: k_hat=8  ACC=0.6667  NMI=0.7490  ARI=0.4897  1.0s

=== test[8] k=8  dim=900  frames=363  σ=clean  seqs=['seq_000006', 'seq_000007', 'seq_000008', 'seq_000010', 'seq_000015', 'seq_000034', 'seq_000038', 'seq_000040'] ===
  SSC-Block-TV: k_hat=8  ACC=0.8044  NMI=0.8788  ARI=0.7739  1.1s
  SSC-Block-TV-Col21: k_hat=8  ACC=0.8072  NMI=0.8796  ARI=0.7759  0.9s
  SSC-Block-TV-L1: k_hat=8  ACC=0.8567  NMI=0.8828  ARI=0.8320  0.8s

=== test[9] k=8  dim=900  frames=368  σ=clean  seqs=['seq_000008', 'seq_000010', 'seq_000013', 'seq_000014', 'seq_000015', 'seq_000032', 'seq_000040', 'seq_000044'] ===
  SSC-Block-TV: k_hat=8  ACC=0.6821  NMI=0.7986  ARI=0.5648  1.1s
  SSC-Block-TV-Col21: k_hat=8  ACC=0.5761  NMI=0.7704  ARI=0.4734  0.9s
  SSC-Block-TV-L1: k_hat=8  ACC=0.6060  NMI=0.7611  ARI=0.5051  0.8s

=== test[10] k=8  dim=900  frames=314  σ=clean  seqs=['seq_000006', 'seq_000010', 'seq_000015', 'seq_000016', 'seq_000030', 'seq_000032', 'seq_000037', 'seq_000040'] ===
  SSC-Block-TV: k_hat=8  ACC=0.8981  NMI=0.9156  ARI=0.9207  0.8s
  SSC-Block-TV-Col21: k_hat=8  ACC=0.8790  NMI=0.9260  ARI=0.9132  0.7s
  SSC-Block-TV-L1: k_hat=8  ACC=0.7707  NMI=0.8242  ARI=0.7702  0.6s

=== test[11] k=8  dim=900  frames=491  σ=clean  seqs=['seq_000006', 'seq_000007', 'seq_000013', 'seq_000014', 'seq_000030', 'seq_000032', 'seq_000038', 'seq_000044'] ===
  SSC-Block-TV: k_hat=8  ACC=0.7637  NMI=0.8528  ARI=0.7245  1.9s
  SSC-Block-TV-Col21: k_hat=8  ACC=0.7617  NMI=0.8510  ARI=0.7199  1.6s
  SSC-Block-TV-L1: k_hat=8  ACC=0.8086  NMI=0.8744  ARI=0.7785  1.3s

=== test[12] k=8  dim=900  frames=383  σ=clean  seqs=['seq_000006', 'seq_000007', 'seq_000010', 'seq_000013', 'seq_000014', 'seq_000015', 'seq_000030', 'seq_000037'] ===
  SSC-Block-TV: k_hat=8  ACC=0.7702  NMI=0.8729  ARI=0.7428  1.2s
  SSC-Block-TV-Col21: k_hat=8  ACC=0.7676  NMI=0.8723  ARI=0.7410  1.0s
  SSC-Block-TV-L1: k_hat=8  ACC=0.6867  NMI=0.8017  ARI=0.6669  0.8s

=== test[13] k=8  dim=900  frames=351  σ=clean  seqs=['seq_000006', 'seq_000007', 'seq_000008', 'seq_000014', 'seq_000016', 'seq_000030', 'seq_000032', 'seq_000037'] ===
  SSC-Block-TV: k_hat=8  ACC=0.8091  NMI=0.9083  ARI=0.8445  1.0s
  SSC-Block-TV-Col21: k_hat=8  ACC=0.8120  NMI=0.9078  ARI=0.8437  0.8s
  SSC-Block-TV-L1: k_hat=8  ACC=0.8661  NMI=0.9166  ARI=0.8870  0.7s

=== test[14] k=8  dim=900  frames=447  σ=clean  seqs=['seq_000006', 'seq_000010', 'seq_000013', 'seq_000030', 'seq_000032', 'seq_000034', 'seq_000037', 'seq_000044'] ===
  SSC-Block-TV: k_hat=8  ACC=0.6510  NMI=0.8666  ARI=0.7136  1.5s
  SSC-Block-TV-Col21: k_hat=8  ACC=0.6600  NMI=0.8673  ARI=0.7162  1.3s
  SSC-Block-TV-L1: k_hat=8  ACC=0.7092  NMI=0.8263  ARI=0.7114  1.1s

=== test[15] k=8  dim=900  frames=420  σ=clean  seqs=['seq_000008', 'seq_000014', 'seq_000032', 'seq_000034', 'seq_000037', 'seq_000038', 'seq_000040', 'seq_000044'] ===
  SSC-Block-TV: k_hat=8  ACC=0.7167  NMI=0.8235  ARI=0.6416  1.3s
  SSC-Block-TV-Col21: k_hat=8  ACC=0.7071  NMI=0.8210  ARI=0.6346  1.1s
  SSC-Block-TV-L1: k_hat=8  ACC=0.7452  NMI=0.8344  ARI=0.6777  1.0s

=== test[16] k=8  dim=900  frames=410  σ=clean  seqs=['seq_000010', 'seq_000013', 'seq_000014', 'seq_000015', 'seq_000032', 'seq_000038', 'seq_000040', 'seq_000044'] ===
  SSC-Block-TV: k_hat=8  ACC=0.6854  NMI=0.7730  ARI=0.5569  1.4s
  SSC-Block-TV-Col21: k_hat=8  ACC=0.7537  NMI=0.8319  ARI=0.6795  1.1s
  SSC-Block-TV-L1: k_hat=8  ACC=0.7268  NMI=0.8013  ARI=0.6681  0.9s

=== test[17] k=8  dim=900  frames=426  σ=clean  seqs=['seq_000006', 'seq_000007', 'seq_000013', 'seq_000015', 'seq_000030', 'seq_000032', 'seq_000037', 'seq_000038'] ===
  SSC-Block-TV: k_hat=8  ACC=0.7723  NMI=0.8712  ARI=0.7686  1.4s
  SSC-Block-TV-Col21: k_hat=8  ACC=0.7559  NMI=0.8835  ARI=0.7625  1.2s
  SSC-Block-TV-L1: k_hat=8  ACC=0.8685  NMI=0.8797  ARI=0.8342  1.0s

=== mean over matrices ===
  SSC-Block-TV train σ=clean: ACC=0.8124  NMI=0.8780  ARI=0.7682  n=24
  SSC-Block-TV-Col21 train σ=clean: ACC=0.8096  NMI=0.8736  ARI=0.7615  n=24
  SSC-Block-TV-L1 train σ=clean: ACC=0.8098  NMI=0.8557  ARI=0.7693  n=24
  SSC-Block-TV test σ=clean: ACC=0.7401  NMI=0.8460  ARI=0.6928  n=18
  SSC-Block-TV-Col21 test σ=clean: ACC=0.7243  NMI=0.8386  ARI=0.6724  n=18
  SSC-Block-TV-L1 test σ=clean: ACC=0.7246  NMI=0.8101  ARI=0.6687  n=18

wrote /nfs/turbo/umms-minjilab/lpullela/icassp_ssc_tv2/ballet_dataset/ballet_cluster_knownk_scaled_results_k8_variants.csv
wrote /nfs/turbo/umms-minjilab/lpullela/icassp_ssc_tv2/ballet_dataset/ballet_cluster_knownk_scaled_params_k8_variants.json
end=Sat Sep  5 04:21:45 EDT 2026
Experiment completed!
