========================================
Job: cv_ssc_block_tv_col21_k5_s0
Method: SSC-Block-TV-Col21  k: 5  sigma: 0.0
========================================
host=gl3033.arc-ts.umich.edu  python=/home/lpullela/miniconda3/envs/ssc_559/bin/python  start=Sat Sep  5 19:18:08 EDT 2026
Loading P1E_S1_C1
  Y: (576, 1236)  people=25  frames/person=[60, 61, 50, 48, 51, 35, 41, 56, 55, 49, 65, 50, 63, 38, 61, 48, 50, 49, 50, 30, 42, 60, 32, 39, 53]  min=30
Loading P1E_S1_C2
  Y: (576, 1031)  people=25  frames/person=[42, 48, 31, 35, 50, 45, 30, 32, 38, 40, 61, 41, 47, 33, 46, 36, 41, 45, 42, 36, 33, 50, 53, 33, 43]  min=30
Loading P1E_S1_C3
  Y: (576, 453)  people=25  frames/person=[15, 22, 16, 16, 17, 13, 14, 19, 14, 25, 26, 12, 21, 18, 22, 19, 13, 19, 16, 15, 8, 15, 30, 20, 28]  min=8
  warning: 24 people have fewer than 30 available frames (kept all)
Loading P1E_S2_C1
  Y: (576, 1256)  people=25  frames/person=[65, 50, 50, 51, 53, 48, 49, 60, 33, 48, 61, 58, 52, 32, 55, 35, 45, 53, 40, 53, 51, 65, 64, 42, 43]  min=32
Loading P1E_S2_C2
  Y: (576, 1042)  people=25  frames/person=[33, 48, 38, 41, 53, 36, 39, 47, 51, 36, 55, 44, 43, 25, 42, 41, 37, 45, 41, 38, 40, 54, 49, 33, 33]  min=25
  warning: 1 people have fewer than 30 available frames (kept all)
Loading P1E_S2_C3
  Y: (576, 816)  people=25  frames/person=[36, 33, 28, 32, 42, 37, 31, 36, 31, 23, 42, 36, 35, 20, 33, 33, 32, 32, 32, 29, 32, 42, 38, 27, 24]  min=20
  warning: 6 people have fewer than 30 available frames (kept all)
Loading P1E_S3_C1
  Y: (576, 1255)  people=25  frames/person=[43, 39, 47, 52, 58, 96, 42, 31, 79, 33, 67, 55, 44, 34, 40, 48, 54, 77, 45, 41, 46, 53, 56, 38, 37]  min=31
Loading P1E_S3_C2
  Y: (576, 1126)  people=25  frames/person=[57, 56, 35, 40, 49, 75, 34, 40, 70, 26, 65, 54, 43, 28, 32, 43, 48, 31, 36, 33, 42, 71, 57, 30, 31]  min=26
  warning: 2 people have fewer than 30 available frames (kept all)
Loading P1E_S3_C3
  Y: (576, 866)  people=25  frames/person=[43, 36, 24, 33, 37, 47, 29, 37, 55, 18, 40, 40, 31, 22, 30, 39, 35, 45, 30, 28, 30, 50, 42, 20, 25]  min=18
  warning: 7 people have fewer than 30 available frames (kept all)
Loading P1E_S4_C1
  Y: (576, 1247)  people=25  frames/person=[58, 54, 34, 56, 50, 59, 50, 56, 74, 38, 75, 35, 46, 31, 53, 40, 57, 32, 56, 33, 48, 67, 59, 48, 38]  min=31
Loading P1E_S4_C2
  Y: (576, 1051)  people=25  frames/person=[37, 37, 41, 46, 41, 49, 38, 45, 65, 30, 39, 48, 50, 34, 43, 36, 47, 52, 45, 37, 38, 50, 30, 37, 36]  min=30
Loading P1E_S4_C3
  Y: (576, 719)  people=25  frames/person=[28, 29, 22, 29, 24, 36, 31, 29, 33, 25, 37, 19, 28, 21, 25, 27, 25, 41, 27, 29, 26, 31, 45, 29, 23]  min=19
  warning: 18 people have fewer than 30 available frames (kept all)
Loading P1L_S1_C1
  Y: (576, 1391)  people=25  frames/person=[65, 68, 43, 64, 47, 40, 58, 33, 75, 41, 58, 72, 58, 49, 66, 67, 65, 43, 59, 57, 58, 51, 67, 32, 55]  min=32
Loading P1L_S1_C2
  Y: (576, 1309)  people=25  frames/person=[30, 65, 37, 63, 66, 54, 52, 52, 43, 49, 71, 49, 58, 48, 54, 66, 56, 36, 48, 49, 55, 66, 52, 39, 51]  min=30
Loading P1L_S1_C3
  Y: (576, 565)  people=25  frames/person=[27, 29, 20, 26, 19, 25, 22, 12, 28, 25, 20, 25, 23, 18, 21, 23, 25, 26, 23, 21, 18, 18, 30, 18, 23]  min=12
  warning: 24 people have fewer than 30 available frames (kept all)
Loading P1L_S2_C1
  Y: (576, 1470)  people=25  frames/person=[73, 68, 53, 64, 65, 41, 73, 55, 37, 31, 82, 75, 63, 45, 34, 48, 74, 84, 71, 64, 62, 65, 48, 33, 62]  min=31
Loading P1L_S2_C2
  Y: (576, 1393)  people=25  frames/person=[64, 65, 49, 62, 69, 69, 63, 61, 80, 34, 89, 57, 53, 52, 55, 38, 30, 30, 66, 36, 57, 51, 73, 41, 49]  min=30
Loading P1L_S2_C3
  Y: (576, 897)  people=25  frames/person=[40, 36, 29, 28, 35, 37, 36, 36, 50, 28, 55, 46, 34, 31, 35, 32, 30, 48, 37, 29, 36, 39, 45, 19, 26]  min=19
  warning: 6 people have fewer than 30 available frames (kept all)
Loading P1L_S3_C1
  Y: (576, 1329)  people=25  frames/person=[31, 33, 30, 51, 74, 75, 59, 65, 66, 43, 47, 39, 65, 50, 58, 71, 67, 36, 57, 35, 62, 31, 74, 59, 51]  min=30
Loading P1L_S3_C2
  Y: (576, 1472)  people=25  frames/person=[78, 38, 48, 51, 54, 71, 61, 71, 32, 50, 75, 38, 72, 63, 48, 67, 49, 87, 52, 56, 58, 85, 73, 56, 39]  min=32
Loading P1L_S3_C3
  Y: (576, 1105)  people=25  frames/person=[48, 44, 38, 38, 39, 45, 35, 55, 52, 26, 81, 39, 36, 36, 44, 54, 42, 61, 38, 31, 34, 53, 51, 44, 41]  min=26
  warning: 1 people have fewer than 30 available frames (kept all)
Loading P1L_S4_C1
  Y: (576, 1443)  people=25  frames/person=[50, 69, 44, 41, 78, 43, 32, 71, 45, 65, 59, 39, 56, 57, 68, 69, 70, 73, 51, 63, 47, 70, 57, 52, 74]  min=32
Loading P1L_S4_C2
  Y: (576, 1327)  people=25  frames/person=[71, 34, 39, 54, 63, 67, 52, 39, 52, 56, 59, 50, 51, 53, 63, 50, 71, 63, 48, 35, 31, 71, 43, 52, 60]  min=31
Loading P1L_S4_C3
  Y: (576, 880)  people=25  frames/person=[37, 41, 23, 26, 32, 34, 22, 32, 50, 29, 38, 44, 31, 34, 37, 39, 39, 39, 38, 26, 25, 50, 41, 33, 40]  min=22
  warning: 6 people have fewer than 30 available frames (kept all)
sequences=24  people=25  k=5
frames/person ~ Unif[30, 100]
down_hw=24  sigmas=(0.0,)  n_trials=20  known_k=True  csv=split_k5_clean_min30_trials20_knownk_scaled_cv_ssc_block_tv_col21_k5_sigma0.csv
SSC-Block-TV block_size searched in [2, 12]
CV mode: 5 folds of size 5, each rotated as test
  group 0: ['0006', '0013', '0014', '0022', '0027']
  group 1: ['0004', '0009', '0019', '0025', '0026']
  group 2: ['0001', '0005', '0011', '0023', '0024']
  group 3: ['0007', '0010', '0015', '0016', '0021']
  group 4: ['0003', '0012', '0017', '0018', '0020']
methods=['SSC-Block-TV-Col21']  append=False  hetero_noise=False  no_tune=False

============================================================
σ=0.0 fold=0  test=['0006', '0013', '0014', '0022', '0027']  train mats=96  test mats=24
  --- tune SSC-Block-TV-Col21 over 96 train mats  n_trials=40 (4 params) ---
  SSC-Block-TV-Col21 trial 0: mean ARI=0.6014  n=96  33.5s  lambda_e=1, lambda_z=0.1, gamma_q=0.1, block_size=5
  SSC-Block-TV-Col21 trial 1: mean ARI=0.6692  n=96  32.8s  lambda_e=0.443, lambda_z=0.7257, gamma_q=0.2577, block_size=7
  SSC-Block-TV-Col21 trial 2: mean ARI=0.7250  n=96  32.1s  lambda_e=0.1866, lambda_z=0.3833, gamma_q=0.05628, block_size=11
  SSC-Block-TV-Col21 trial 3: mean ARI=0.4539  n=96  32.1s  lambda_e=7.78, lambda_z=0.03418, gamma_q=1.469, block_size=7
  SSC-Block-TV-Col21 trial 4: mean ARI=0.6146  n=96  34.7s  lambda_e=0.506, lambda_z=5.039, gamma_q=0.001924, block_size=2
  SSC-Block-TV-Col21 trial 5: mean ARI=0.4735  n=96  32.4s  lambda_e=0.0115, lambda_z=2.14, gamma_q=1.296, block_size=11
  SSC-Block-TV-Col21 trial 6: mean ARI=0.7077  n=96  31.7s  lambda_e=8.627, lambda_z=1.573, gamma_q=0.07013, block_size=10
  SSC-Block-TV-Col21 trial 7: mean ARI=0.7691  n=96  31.7s  lambda_e=0.02264, lambda_z=0.3628, gamma_q=0.003745, block_size=12
  SSC-Block-TV-Col21 trial 8: mean ARI=0.7460  n=96  31.6s  lambda_e=0.3677, lambda_z=0.04557, gamma_q=0.01143, block_size=10
  SSC-Block-TV-Col21 trial 9: mean ARI=0.7691  n=96  32.1s  lambda_e=0.2336, lambda_z=0.1878, gamma_q=0.001189, block_size=8
  SSC-Block-TV-Col21 trial 10: mean ARI=0.4983  n=96  34.1s  lambda_e=0.01151, lambda_z=0.001661, gamma_q=6.473, block_size=2
  SSC-Block-TV-Col21 trial 11: mean ARI=0.7724  n=96  31.9s  lambda_e=0.05789, lambda_z=0.1589, gamma_q=0.001276, block_size=8
  SSC-Block-TV-Col21 trial 12: mean ARI=0.6335  n=96  31.6s  lambda_e=0.03705, lambda_z=0.00525, gamma_q=0.006143, block_size=12
  SSC-Block-TV-Col21 trial 13: mean ARI=0.7463  n=96  32.4s  lambda_e=0.04693, lambda_z=0.01302, gamma_q=0.007133, block_size=5
  SSC-Block-TV-Col21 trial 14: mean ARI=0.7645  n=96  31.4s  lambda_e=0.05946, lambda_z=0.1905, gamma_q=0.003034, block_size=9
  SSC-Block-TV-Col21 trial 15: mean ARI=0.7260  n=96  32.7s  lambda_e=0.09713, lambda_z=7.364, gamma_q=0.02311, block_size=5
  SSC-Block-TV-Col21 trial 16: mean ARI=0.7620  n=96  31.8s  lambda_e=0.02243, lambda_z=0.9967, gamma_q=0.001081, block_size=12
  SSC-Block-TV-Col21 trial 17: mean ARI=0.7911  n=96  31.9s  lambda_e=0.0948, lambda_z=0.05151, gamma_q=0.003898, block_size=7
  SSC-Block-TV-Col21 trial 18: mean ARI=0.6822  n=96  32.1s  lambda_e=1.378, lambda_z=0.01921, gamma_q=0.01821, block_size=7
  SSC-Block-TV-Col21 trial 19: mean ARI=0.7743  n=96  32.6s  lambda_e=0.1295, lambda_z=0.07318, gamma_q=0.002981, block_size=4
  SSC-Block-TV-Col21 trial 20: mean ARI=0.4986  n=96  32.6s  lambda_e=2.715, lambda_z=0.005125, gamma_q=0.02798, block_size=4
  SSC-Block-TV-Col21 trial 21: mean ARI=0.7753  n=96  32.8s  lambda_e=0.1074, lambda_z=0.07624, gamma_q=0.003128, block_size=4
  SSC-Block-TV-Col21 trial 22: mean ARI=0.7916  n=96  32.8s  lambda_e=0.1298, lambda_z=0.06805, gamma_q=0.004805, block_size=4
  SSC-Block-TV-Col21 trial 23: mean ARI=0.7580  n=96  33.3s  lambda_e=0.1457, lambda_z=0.02328, gamma_q=0.008866, block_size=3
  SSC-Block-TV-Col21 trial 24: mean ARI=0.7371  n=96  32.4s  lambda_e=0.09442, lambda_z=0.009654, gamma_q=0.004529, block_size=6
  SSC-Block-TV-Col21 trial 25: mean ARI=0.7873  n=96  33.7s  lambda_e=0.3295, lambda_z=0.04975, gamma_q=0.01305, block_size=3
  SSC-Block-TV-Col21 trial 26: mean ARI=0.6719  n=96  33.9s  lambda_e=0.2699, lambda_z=0.03464, gamma_q=0.03911, block_size=3
  SSC-Block-TV-Col21 trial 27: mean ARI=0.4975  n=96  33.4s  lambda_e=0.8709, lambda_z=0.001345, gamma_q=0.1449, block_size=3
  SSC-Block-TV-Col21 trial 28: mean ARI=0.6148  n=96  32.4s  lambda_e=0.726, lambda_z=0.006331, gamma_q=0.01181, block_size=6
  SSC-Block-TV-Col21 trial 29: mean ARI=0.5620  n=96  32.5s  lambda_e=2.373, lambda_z=0.1241, gamma_q=0.1597, block_size=5
  SSC-Block-TV-Col21 trial 30: mean ARI=0.7493  n=96  33.0s  lambda_e=0.3088, lambda_z=0.05304, gamma_q=0.01596, block_size=6
  SSC-Block-TV-Col21 trial 31: mean ARI=0.7733  n=96  33.3s  lambda_e=0.08943, lambda_z=0.08489, gamma_q=0.002404, block_size=4
  SSC-Block-TV-Col21 trial 32: mean ARI=0.7825  n=96  33.0s  lambda_e=0.1632, lambda_z=0.3186, gamma_q=0.005877, block_size=4
  SSC-Block-TV-Col21 trial 33: mean ARI=0.7840  n=96  33.8s  lambda_e=0.1708, lambda_z=0.4567, gamma_q=0.006707, block_size=2
  SSC-Block-TV-Col21 trial 34: mean ARI=0.8203  n=96  33.9s  lambda_e=0.5088, lambda_z=0.8399, gamma_q=0.03937, block_size=2
  SSC-Block-TV-Col21 trial 35: mean ARI=0.7168  n=96  33.4s  lambda_e=0.5355, lambda_z=2.762, gamma_q=0.03799, block_size=3
  SSC-Block-TV-Col21 trial 36: mean ARI=0.5519  n=96  34.5s  lambda_e=0.531, lambda_z=0.02408, gamma_q=0.4445, block_size=2
  SSC-Block-TV-Col21 trial 37: mean ARI=0.7974  n=96  33.0s  lambda_e=1.656, lambda_z=0.6599, gamma_q=0.06885, block_size=3
  SSC-Block-TV-Col21 trial 38: mean ARI=0.7588  n=96  34.3s  lambda_e=5.079, lambda_z=1.194, gamma_q=0.3932, block_size=2
  SSC-Block-TV-Col21 trial 39: mean ARI=0.7455  n=96  31.9s  lambda_e=1.486, lambda_z=0.5639, gamma_q=0.08444, block_size=8
    best mean ARI=0.8203  tune 1311.4s  lambda_e=0.5088, lambda_z=0.8399, gamma_q=0.03937, block_size=2
  wrote /nfs/turbo/umms-minjilab/lpullela/icassp_ssc_tv2/block_ssc_benchmark/cv/params/surveillance/split_k5_clean_min30_trials20_knownk_scaled_params_cv_ssc_block_tv_col21_k5_sigma0_sigma0_fold0.json

=== P1E_S1_C1 train[0] k=5  dim=576  frames=212  σ=0.0  fold=0 ===
  SSC-Block-TV-Col21: k_hat=5  ACC=1.0000  NMI=1.0000  ARI=1.0000  0.3s

=== P1E_S1_C1 train[1] k=5  dim=576  frames=265  σ=0.0  fold=0 ===
  SSC-Block-TV-Col21: k_hat=5  ACC=0.6981  NMI=0.7994  ARI=0.6311  0.5s

=== P1E_S1_C1 train[2] k=5  dim=576  frames=242  σ=0.0  fold=0 ===
  SSC-Block-TV-Col21: k_hat=5  ACC=0.6818  NMI=0.7756  ARI=0.5979  0.4s

=== P1E_S1_C1 train[3] k=5  dim=576  frames=268  σ=0.0  fold=0 ===
  SSC-Block-TV-Col21: k_hat=5  ACC=1.0000  NMI=1.0000  ARI=1.0000  0.5s

=== P1E_S1_C2 train[0] k=5  dim=576  frames=188  σ=0.0  fold=0 ===
  SSC-Block-TV-Col21: k_hat=5  ACC=0.9362  NMI=0.8755  ARI=0.8362  0.2s

=== P1E_S1_C2 train[1] k=5  dim=576  frames=198  σ=0.0  fold=0 ===
  SSC-Block-TV-Col21: k_hat=5  ACC=0.9394  NMI=0.9154  ARI=0.8630  0.3s

=== P1E_S1_C2 train[2] k=5  dim=576  frames=199  σ=0.0  fold=0 ===
  SSC-Block-TV-Col21: k_hat=5  ACC=0.7186  NMI=0.8472  ARI=0.6989  0.3s

=== P1E_S1_C2 train[3] k=5  dim=576  frames=215  σ=0.0  fold=0 ===
  SSC-Block-TV-Col21: k_hat=5  ACC=0.9907  NMI=0.9764  ARI=0.9770  0.3s

=== P1E_S1_C3 train[0] k=5  dim=576  frames=93  σ=0.0  fold=0 ===
  SSC-Block-TV-Col21: k_hat=5  ACC=0.9785  NMI=0.9546  ARI=0.9423  0.1s

=== P1E_S1_C3 train[1] k=5  dim=576  frames=68  σ=0.0  fold=0 ===
  SSC-Block-TV-Col21: k_hat=5  ACC=0.8676  NMI=0.8655  ARI=0.7952  0.1s

=== P1E_S1_C3 train[2] k=5  dim=576  frames=87  σ=0.0  fold=0 ===
  SSC-Block-TV-Col21: k_hat=5  ACC=0.9425  NMI=0.8955  ARI=0.8625  0.1s

=== P1E_S1_C3 train[3] k=5  dim=576  frames=107  σ=0.0  fold=0 ===
  SSC-Block-TV-Col21: k_hat=5  ACC=0.9720  NMI=0.9366  ARI=0.9288  0.1s

=== P1E_S2_C1 train[0] k=5  dim=576  frames=250  σ=0.0  fold=0 ===
  SSC-Block-TV-Col21: k_hat=5  ACC=1.0000  NMI=1.0000  ARI=1.0000  0.4s

=== P1E_S2_C1 train[1] k=5  dim=576  frames=265  σ=0.0  fold=0 ===
  SSC-Block-TV-Col21: k_hat=5  ACC=1.0000  NMI=1.0000  ARI=1.0000  0.5s

=== P1E_S2_C1 train[2] k=5  dim=576  frames=232  σ=0.0  fold=0 ===
  SSC-Block-TV-Col21: k_hat=5  ACC=0.6336  NMI=0.7491  ARI=0.5626  0.4s

=== P1E_S2_C1 train[3] k=5  dim=576  frames=241  σ=0.0  fold=0 ===
  SSC-Block-TV-Col21: k_hat=5  ACC=0.9502  NMI=0.9291  ARI=0.9016  0.4s

=== P1E_S2_C2 train[0] k=5  dim=576  frames=196  σ=0.0  fold=0 ===
  SSC-Block-TV-Col21: k_hat=5  ACC=0.9847  NMI=0.9598  ARI=0.9622  0.3s

=== P1E_S2_C2 train[1] k=5  dim=576  frames=219  σ=0.0  fold=0 ===
  SSC-Block-TV-Col21: k_hat=5  ACC=0.9589  NMI=0.9318  ARI=0.9004  0.3s

=== P1E_S2_C2 train[2] k=5  dim=576  frames=192  σ=0.0  fold=0 ===
  SSC-Block-TV-Col21: k_hat=5  ACC=0.7135  NMI=0.7802  ARI=0.6168  0.3s

=== P1E_S2_C2 train[3] k=5  dim=576  frames=212  σ=0.0  fold=0 ===
  SSC-Block-TV-Col21: k_hat=5  ACC=0.9623  NMI=0.9289  ARI=0.9139  0.3s

=== P1E_S2_C3 train[0] k=5  dim=576  frames=156  σ=0.0  fold=0 ===
  SSC-Block-TV-Col21: k_hat=5  ACC=0.9038  NMI=0.8748  ARI=0.7858  0.2s

=== P1E_S2_C3 train[1] k=5  dim=576  frames=173  σ=0.0  fold=0 ===
  SSC-Block-TV-Col21: k_hat=5  ACC=0.8960  NMI=0.8801  ARI=0.8064  0.2s

=== P1E_S2_C3 train[2] k=5  dim=576  frames=160  σ=0.0  fold=0 ===
  SSC-Block-TV-Col21: k_hat=5  ACC=0.7750  NMI=0.8515  ARI=0.7509  0.2s

=== P1E_S2_C3 train[3] k=5  dim=576  frames=154  σ=0.0  fold=0 ===
  SSC-Block-TV-Col21: k_hat=5  ACC=0.9870  NMI=0.9643  ARI=0.9682  0.2s

=== P1E_S3_C1 train[0] k=5  dim=576  frames=237  σ=0.0  fold=0 ===
  SSC-Block-TV-Col21: k_hat=5  ACC=1.0000  NMI=1.0000  ARI=1.0000  0.4s

=== P1E_S3_C1 train[1] k=5  dim=576  frames=273  σ=0.0  fold=0 ===
  SSC-Block-TV-Col21: k_hat=5  ACC=0.7766  NMI=0.8719  ARI=0.7415  0.5s

=== P1E_S3_C1 train[2] k=5  dim=576  frames=250  σ=0.0  fold=0 ===
  SSC-Block-TV-Col21: k_hat=5  ACC=0.6080  NMI=0.7040  ARI=0.5067  0.4s

=== P1E_S3_C1 train[3] k=5  dim=576  frames=237  σ=0.0  fold=0 ===
  SSC-Block-TV-Col21: k_hat=5  ACC=0.8861  NMI=0.8843  ARI=0.8324  0.4s

=== P1E_S3_C2 train[0] k=5  dim=576  frames=204  σ=0.0  fold=0 ===
  SSC-Block-TV-Col21: k_hat=5  ACC=0.9461  NMI=0.9094  ARI=0.8974  0.3s

=== P1E_S3_C2 train[1] k=5  dim=576  frames=280  σ=0.0  fold=0 ===
  SSC-Block-TV-Col21: k_hat=5  ACC=0.7643  NMI=0.8225  ARI=0.6800  0.5s

=== P1E_S3_C2 train[2] k=5  dim=576  frames=222  σ=0.0  fold=0 ===
  SSC-Block-TV-Col21: k_hat=5  ACC=0.5811  NMI=0.7097  ARI=0.4847  0.3s

=== P1E_S3_C2 train[3] k=5  dim=576  frames=188  σ=0.0  fold=0 ===
  SSC-Block-TV-Col21: k_hat=5  ACC=0.9468  NMI=0.9103  ARI=0.8853  0.2s

=== P1E_S3_C3 train[0] k=5  dim=576  frames=150  σ=0.0  fold=0 ===
  SSC-Block-TV-Col21: k_hat=5  ACC=0.9867  NMI=0.9689  ARI=0.9677  0.2s

=== P1E_S3_C3 train[1] k=5  dim=576  frames=211  σ=0.0  fold=0 ===
  SSC-Block-TV-Col21: k_hat=5  ACC=0.9810  NMI=0.9542  ARI=0.9585  0.3s

=== P1E_S3_C3 train[2] k=5  dim=576  frames=167  σ=0.0  fold=0 ===
  SSC-Block-TV-Col21: k_hat=5  ACC=0.7904  NMI=0.8598  ARI=0.7839  0.2s

=== P1E_S3_C3 train[3] k=5  dim=576  frames=168  σ=0.0  fold=0 ===
  SSC-Block-TV-Col21: k_hat=5  ACC=0.9881  NMI=0.9731  ARI=0.9778  0.2s

=== P1E_S4_C1 train[0] k=5  dim=576  frames=248  σ=0.0  fold=0 ===
  SSC-Block-TV-Col21: k_hat=5  ACC=1.0000  NMI=1.0000  ARI=1.0000  0.4s

=== P1E_S4_C1 train[1] k=5  dim=576  frames=303  σ=0.0  fold=0 ===
  SSC-Block-TV-Col21: k_hat=5  ACC=0.9274  NMI=0.9111  ARI=0.8616  0.6s

=== P1E_S4_C1 train[2] k=5  dim=576  frames=248  σ=0.0  fold=0 ===
  SSC-Block-TV-Col21: k_hat=5  ACC=0.9355  NMI=0.9141  ARI=0.8985  0.4s

=== P1E_S4_C1 train[3] k=5  dim=576  frames=217  σ=0.0  fold=0 ===
  SSC-Block-TV-Col21: k_hat=5  ACC=0.9263  NMI=0.9054  ARI=0.8439  0.3s

=== P1E_S4_C2 train[0] k=5  dim=576  frames=193  σ=0.0  fold=0 ===
  SSC-Block-TV-Col21: k_hat=5  ACC=0.9948  NMI=0.9848  ARI=0.9868  0.3s

=== P1E_S4_C2 train[1] k=5  dim=576  frames=236  σ=0.0  fold=0 ===
  SSC-Block-TV-Col21: k_hat=5  ACC=0.9492  NMI=0.9108  ARI=0.8891  0.4s

=== P1E_S4_C2 train[2] k=5  dim=576  frames=223  σ=0.0  fold=0 ===
  SSC-Block-TV-Col21: k_hat=5  ACC=0.6951  NMI=0.8543  ARI=0.6811  0.4s

=== P1E_S4_C2 train[3] k=5  dim=576  frames=198  σ=0.0  fold=0 ===
  SSC-Block-TV-Col21: k_hat=5  ACC=0.7071  NMI=0.8387  ARI=0.6693  0.3s

=== P1E_S4_C3 train[0] k=5  dim=576  frames=152  σ=0.0  fold=0 ===
  SSC-Block-TV-Col21: k_hat=5  ACC=0.9605  NMI=0.9321  ARI=0.9010  0.2s

=== P1E_S4_C3 train[1] k=5  dim=576  frames=147  σ=0.0  fold=0 ===
  SSC-Block-TV-Col21: k_hat=5  ACC=0.9728  NMI=0.9374  ARI=0.9321  0.2s

=== P1E_S4_C3 train[2] k=5  dim=576  frames=141  σ=0.0  fold=0 ===
  SSC-Block-TV-Col21: k_hat=5  ACC=0.9929  NMI=0.9801  ARI=0.9798  0.2s

=== P1E_S4_C3 train[3] k=5  dim=576  frames=147  σ=0.0  fold=0 ===
  SSC-Block-TV-Col21: k_hat=5  ACC=0.9660  NMI=0.9380  ARI=0.9085  0.2s

=== P1L_S1_C1 train[0] k=5  dim=576  frames=265  σ=0.0  fold=0 ===
  SSC-Block-TV-Col21: k_hat=5  ACC=1.0000  NMI=1.0000  ARI=1.0000  0.5s

=== P1L_S1_C1 train[1] k=5  dim=576  frames=313  σ=0.0  fold=0 ===
  SSC-Block-TV-Col21: k_hat=5  ACC=0.9425  NMI=0.9172  ARI=0.8679  0.6s

=== P1L_S1_C1 train[2] k=5  dim=576  frames=239  σ=0.0  fold=0 ===
  SSC-Block-TV-Col21: k_hat=5  ACC=0.5816  NMI=0.6849  ARI=0.4956  0.4s

=== P1L_S1_C1 train[3] k=5  dim=576  frames=285  σ=0.0  fold=0 ===
  SSC-Block-TV-Col21: k_hat=5  ACC=1.0000  NMI=1.0000  ARI=1.0000  0.6s

=== P1L_S1_C2 train[0] k=5  dim=576  frames=236  σ=0.0  fold=0 ===
  SSC-Block-TV-Col21: k_hat=5  ACC=1.0000  NMI=1.0000  ARI=1.0000  0.4s

=== P1L_S1_C2 train[1] k=5  dim=576  frames=257  σ=0.0  fold=0 ===
  SSC-Block-TV-Col21: k_hat=5  ACC=0.8794  NMI=0.8724  ARI=0.7529  0.5s

=== P1L_S1_C2 train[2] k=5  dim=576  frames=260  σ=0.0  fold=0 ===
  SSC-Block-TV-Col21: k_hat=5  ACC=0.6885  NMI=0.8456  ARI=0.6828  0.5s

=== P1L_S1_C2 train[3] k=5  dim=576  frames=270  σ=0.0  fold=0 ===
  SSC-Block-TV-Col21: k_hat=5  ACC=0.8852  NMI=0.8803  ARI=0.7739  0.5s

=== P1L_S1_C3 train[0] k=5  dim=576  frames=115  σ=0.0  fold=0 ===
  SSC-Block-TV-Col21: k_hat=5  ACC=0.7217  NMI=0.8534  ARI=0.6691  0.1s

=== P1L_S1_C3 train[1] k=5  dim=576  frames=117  σ=0.0  fold=0 ===
  SSC-Block-TV-Col21: k_hat=5  ACC=0.9316  NMI=0.9121  ARI=0.8596  0.1s

=== P1L_S1_C3 train[2] k=5  dim=576  frames=101  σ=0.0  fold=0 ===
  SSC-Block-TV-Col21: k_hat=5  ACC=0.9703  NMI=0.9480  ARI=0.9369  0.1s

=== P1L_S1_C3 train[3] k=5  dim=576  frames=124  σ=0.0  fold=0 ===
  SSC-Block-TV-Col21: k_hat=5  ACC=1.0000  NMI=1.0000  ARI=1.0000  0.1s

=== P1L_S2_C1 train[0] k=5  dim=576  frames=281  σ=0.0  fold=0 ===
  SSC-Block-TV-Col21: k_hat=5  ACC=0.8114  NMI=0.8668  ARI=0.7387  0.5s

=== P1L_S2_C1 train[1] k=5  dim=576  frames=301  σ=0.0  fold=0 ===
  SSC-Block-TV-Col21: k_hat=5  ACC=0.7276  NMI=0.7727  ARI=0.5939  0.6s

=== P1L_S2_C1 train[2] k=5  dim=576  frames=275  σ=0.0  fold=0 ===
  SSC-Block-TV-Col21: k_hat=5  ACC=0.8109  NMI=0.8033  ARI=0.6982  0.5s

=== P1L_S2_C1 train[3] k=5  dim=576  frames=265  σ=0.0  fold=0 ===
  SSC-Block-TV-Col21: k_hat=5  ACC=0.9170  NMI=0.8901  ARI=0.8131  0.5s

=== P1L_S2_C2 train[0] k=5  dim=576  frames=256  σ=0.0  fold=0 ===
  SSC-Block-TV-Col21: k_hat=5  ACC=1.0000  NMI=1.0000  ARI=1.0000  0.5s

=== P1L_S2_C2 train[1] k=5  dim=576  frames=314  σ=0.0  fold=0 ===
  SSC-Block-TV-Col21: k_hat=5  ACC=0.8822  NMI=0.8785  ARI=0.7613  0.6s

=== P1L_S2_C2 train[2] k=5  dim=576  frames=301  σ=0.0  fold=0 ===
  SSC-Block-TV-Col21: k_hat=5  ACC=0.6279  NMI=0.7536  ARI=0.5581  0.6s

=== P1L_S2_C2 train[3] k=5  dim=576  frames=222  σ=0.0  fold=0 ===
  SSC-Block-TV-Col21: k_hat=5  ACC=1.0000  NMI=1.0000  ARI=1.0000  0.3s

=== P1L_S2_C3 train[0] k=5  dim=576  frames=159  σ=0.0  fold=0 ===
  SSC-Block-TV-Col21: k_hat=5  ACC=1.0000  NMI=1.0000  ARI=1.0000  0.2s

=== P1L_S2_C3 train[1] k=5  dim=576  frames=193  σ=0.0  fold=0 ===
  SSC-Block-TV-Col21: k_hat=5  ACC=0.8964  NMI=0.8854  ARI=0.7821  0.3s

=== P1L_S2_C3 train[2] k=5  dim=576  frames=175  σ=0.0  fold=0 ===
  SSC-Block-TV-Col21: k_hat=5  ACC=0.7029  NMI=0.8449  ARI=0.6906  0.2s

=== P1L_S2_C3 train[3] k=5  dim=576  frames=179  σ=0.0  fold=0 ===
  SSC-Block-TV-Col21: k_hat=5  ACC=1.0000  NMI=1.0000  ARI=1.0000  0.2s

=== P1L_S3_C1 train[0] k=5  dim=576  frames=289  σ=0.0  fold=0 ===
  SSC-Block-TV-Col21: k_hat=5  ACC=0.6228  NMI=0.7042  ARI=0.4413  0.6s

=== P1L_S3_C1 train[1] k=5  dim=576  frames=241  σ=0.0  fold=0 ===
  SSC-Block-TV-Col21: k_hat=5  ACC=0.8133  NMI=0.7805  ARI=0.6235  0.4s

=== P1L_S3_C1 train[2] k=5  dim=576  frames=312  σ=0.0  fold=0 ===
  SSC-Block-TV-Col21: k_hat=5  ACC=0.6218  NMI=0.6672  ARI=0.4641  0.6s

=== P1L_S3_C1 train[3] k=5  dim=576  frames=241  σ=0.0  fold=0 ===
  SSC-Block-TV-Col21: k_hat=5  ACC=0.8838  NMI=0.8535  ARI=0.7222  0.4s

=== P1L_S3_C2 train[0] k=5  dim=576  frames=287  σ=0.0  fold=0 ===
  SSC-Block-TV-Col21: k_hat=5  ACC=1.0000  NMI=1.0000  ARI=1.0000  0.5s

=== P1L_S3_C2 train[1] k=5  dim=576  frames=304  σ=0.0  fold=0 ===
  SSC-Block-TV-Col21: k_hat=5  ACC=0.7204  NMI=0.7914  ARI=0.6413  0.6s

=== P1L_S3_C2 train[2] k=5  dim=576  frames=329  σ=0.0  fold=0 ===
  SSC-Block-TV-Col21: k_hat=5  ACC=0.6201  NMI=0.6746  ARI=0.4769  0.7s

=== P1L_S3_C2 train[3] k=5  dim=576  frames=290  σ=0.0  fold=0 ===
  SSC-Block-TV-Col21: k_hat=5  ACC=0.6966  NMI=0.8449  ARI=0.6581  0.6s

=== P1L_S3_C3 train[0] k=5  dim=576  frames=210  σ=0.0  fold=0 ===
  SSC-Block-TV-Col21: k_hat=5  ACC=1.0000  NMI=1.0000  ARI=1.0000  0.3s

=== P1L_S3_C3 train[1] k=5  dim=576  frames=225  σ=0.0  fold=0 ===
  SSC-Block-TV-Col21: k_hat=5  ACC=1.0000  NMI=1.0000  ARI=1.0000  0.4s

=== P1L_S3_C3 train[2] k=5  dim=576  frames=210  σ=0.0  fold=0 ===
  SSC-Block-TV-Col21: k_hat=5  ACC=0.9857  NMI=0.9685  ARI=0.9699  0.3s

=== P1L_S3_C3 train[3] k=5  dim=576  frames=229  σ=0.0  fold=0 ===
  SSC-Block-TV-Col21: k_hat=5  ACC=0.9913  NMI=0.9788  ARI=0.9843  0.4s

=== P1L_S4_C1 train[0] k=5  dim=576  frames=255  σ=0.0  fold=0 ===
  SSC-Block-TV-Col21: k_hat=5  ACC=0.9255  NMI=0.8958  ARI=0.8098  0.5s

=== P1L_S4_C1 train[1] k=5  dim=576  frames=253  σ=0.0  fold=0 ===
  SSC-Block-TV-Col21: k_hat=5  ACC=0.6443  NMI=0.7482  ARI=0.5309  0.4s

=== P1L_S4_C1 train[2] k=5  dim=576  frames=278  σ=0.0  fold=0 ===
  SSC-Block-TV-Col21: k_hat=5  ACC=0.7122  NMI=0.7735  ARI=0.6116  0.5s

=== P1L_S4_C1 train[3] k=5  dim=576  frames=344  σ=0.0  fold=0 ===
  SSC-Block-TV-Col21: k_hat=5  ACC=0.7180  NMI=0.8573  ARI=0.7170  0.7s

=== P1L_S4_C2 train[0] k=5  dim=576  frames=257  σ=0.0  fold=0 ===
  SSC-Block-TV-Col21: k_hat=5  ACC=1.0000  NMI=1.0000  ARI=1.0000  0.4s

=== P1L_S4_C2 train[1] k=5  dim=576  frames=279  σ=0.0  fold=0 ===
  SSC-Block-TV-Col21: k_hat=5  ACC=0.9642  NMI=0.9392  ARI=0.9261  0.5s

=== P1L_S4_C2 train[2] k=5  dim=576  frames=258  σ=0.0  fold=0 ===
  SSC-Block-TV-Col21: k_hat=5  ACC=0.6938  NMI=0.7673  ARI=0.5998  0.4s

=== P1L_S4_C2 train[3] k=5  dim=576  frames=266  σ=0.0  fold=0 ===
  SSC-Block-TV-Col21: k_hat=5  ACC=1.0000  NMI=1.0000  ARI=1.0000  0.5s

=== P1L_S4_C3 train[0] k=5  dim=576  frames=158  σ=0.0  fold=0 ===
  SSC-Block-TV-Col21: k_hat=5  ACC=1.0000  NMI=1.0000  ARI=1.0000  0.2s

=== P1L_S4_C3 train[1] k=5  dim=576  frames=188  σ=0.0  fold=0 ===
  SSC-Block-TV-Col21: k_hat=5  ACC=0.6649  NMI=0.7693  ARI=0.5947  0.2s

=== P1L_S4_C3 train[2] k=5  dim=576  frames=169  σ=0.0  fold=0 ===
  SSC-Block-TV-Col21: k_hat=5  ACC=0.7337  NMI=0.8712  ARI=0.7355  0.2s

=== P1L_S4_C3 train[3] k=5  dim=576  frames=185  σ=0.0  fold=0 ===
  SSC-Block-TV-Col21: k_hat=5  ACC=1.0000  NMI=1.0000  ARI=1.0000  0.2s

=== P1E_S1_C1 test[0] k=5  dim=576  frames=249  σ=0.0  fold=0 ===
  SSC-Block-TV-Col21: k_hat=5  ACC=0.9277  NMI=0.9021  ARI=0.8335  0.4s

=== P1E_S1_C2 test[0] k=5  dim=576  frames=231  σ=0.0  fold=0 ===
  SSC-Block-TV-Col21: k_hat=5  ACC=0.9827  NMI=0.9550  ARI=0.9573  0.4s

=== P1E_S1_C3 test[0] k=5  dim=576  frames=98  σ=0.0  fold=0 ===
  SSC-Block-TV-Col21: k_hat=5  ACC=0.9592  NMI=0.9302  ARI=0.9012  0.1s

=== P1E_S2_C1 test[0] k=5  dim=576  frames=268  σ=0.0  fold=0 ===
  SSC-Block-TV-Col21: k_hat=5  ACC=0.6940  NMI=0.8085  ARI=0.6250  0.5s

=== P1E_S2_C2 test[0] k=5  dim=576  frames=223  σ=0.0  fold=0 ===
  SSC-Block-TV-Col21: k_hat=5  ACC=0.9238  NMI=0.8685  ARI=0.8122  0.4s

=== P1E_S2_C3 test[0] k=5  dim=576  frames=173  σ=0.0  fold=0 ===
  SSC-Block-TV-Col21: k_hat=5  ACC=0.9942  NMI=0.9830  ARI=0.9841  0.2s

=== P1E_S3_C1 test[0] k=5  dim=576  frames=258  σ=0.0  fold=0 ===
  SSC-Block-TV-Col21: k_hat=5  ACC=0.6628  NMI=0.7756  ARI=0.5909  0.4s

=== P1E_S3_C2 test[0] k=5  dim=576  frames=232  σ=0.0  fold=0 ===
  SSC-Block-TV-Col21: k_hat=5  ACC=0.8966  NMI=0.8502  ARI=0.7584  0.4s

=== P1E_S3_C3 test[0] k=5  dim=576  frames=170  σ=0.0  fold=0 ===
  SSC-Block-TV-Col21: k_hat=5  ACC=0.9941  NMI=0.9842  ARI=0.9888  0.2s

=== P1E_S4_C1 test[0] k=5  dim=576  frames=231  σ=0.0  fold=0 ===
  SSC-Block-TV-Col21: k_hat=5  ACC=0.9524  NMI=0.9228  ARI=0.8843  0.4s

=== P1E_S4_C2 test[0] k=5  dim=576  frames=201  σ=0.0  fold=0 ===
  SSC-Block-TV-Col21: k_hat=5  ACC=0.9851  NMI=0.9666  ARI=0.9639  0.3s

=== P1E_S4_C3 test[0] k=5  dim=576  frames=132  σ=0.0  fold=0 ===
  SSC-Block-TV-Col21: k_hat=5  ACC=0.9697  NMI=0.9315  ARI=0.9249  0.1s

=== P1L_S1_C1 test[0] k=5  dim=576  frames=289  σ=0.0  fold=0 ===
  SSC-Block-TV-Col21: k_hat=5  ACC=0.6505  NMI=0.7584  ARI=0.5720  0.6s

=== P1L_S1_C2 test[0] k=5  dim=576  frames=286  σ=0.0  fold=0 ===
  SSC-Block-TV-Col21: k_hat=5  ACC=1.0000  NMI=1.0000  ARI=1.0000  0.5s

=== P1L_S1_C3 test[0] k=5  dim=576  frames=108  σ=0.0  fold=0 ===
  SSC-Block-TV-Col21: k_hat=5  ACC=0.6667  NMI=0.7692  ARI=0.5696  0.1s

=== P1L_S2_C1 test[0] k=5  dim=576  frames=348  σ=0.0  fold=0 ===
  SSC-Block-TV-Col21: k_hat=5  ACC=0.8046  NMI=0.7568  ARI=0.6408  0.7s

=== P1L_S2_C2 test[0] k=5  dim=576  frames=300  σ=0.0  fold=0 ===
  SSC-Block-TV-Col21: k_hat=5  ACC=1.0000  NMI=1.0000  ARI=1.0000  0.6s

=== P1L_S2_C3 test[0] k=5  dim=576  frames=191  σ=0.0  fold=0 ===
  SSC-Block-TV-Col21: k_hat=5  ACC=1.0000  NMI=1.0000  ARI=1.0000  0.3s

=== P1L_S3_C1 test[0] k=5  dim=576  frames=246  σ=0.0  fold=0 ===
  SSC-Block-TV-Col21: k_hat=5  ACC=0.7439  NMI=0.7584  ARI=0.5693  0.4s

=== P1L_S3_C2 test[0] k=5  dim=576  frames=262  σ=0.0  fold=0 ===
  SSC-Block-TV-Col21: k_hat=5  ACC=0.8244  NMI=0.7839  ARI=0.6583  0.5s

=== P1L_S3_C3 test[0] k=5  dim=576  frames=231  σ=0.0  fold=0 ===
  SSC-Block-TV-Col21: k_hat=5  ACC=1.0000  NMI=1.0000  ARI=1.0000  0.4s

=== P1L_S4_C1 test[0] k=5  dim=576  frames=313  σ=0.0  fold=0 ===
  SSC-Block-TV-Col21: k_hat=5  ACC=0.9393  NMI=0.9133  ARI=0.8638  0.6s

=== P1L_S4_C2 test[0] k=5  dim=576  frames=267  σ=0.0  fold=0 ===
  SSC-Block-TV-Col21: k_hat=5  ACC=1.0000  NMI=1.0000  ARI=1.0000  0.5s

=== P1L_S4_C3 test[0] k=5  dim=576  frames=180  σ=0.0  fold=0 ===
  SSC-Block-TV-Col21: k_hat=5  ACC=1.0000  NMI=1.0000  ARI=1.0000  0.2s

============================================================
σ=0.0 fold=1  test=['0004', '0009', '0019', '0025', '0026']  train mats=96  test mats=24
  --- tune SSC-Block-TV-Col21 over 96 train mats  n_trials=40 (4 params) ---
  SSC-Block-TV-Col21 trial 0: mean ARI=0.5640  n=96  34.1s  lambda_e=1, lambda_z=0.1, gamma_q=0.1, block_size=5
  SSC-Block-TV-Col21 trial 1: mean ARI=0.6345  n=96  33.7s  lambda_e=0.443, lambda_z=0.7257, gamma_q=0.2577, block_size=7
  SSC-Block-TV-Col21 trial 2: mean ARI=0.7025  n=96  33.3s  lambda_e=0.1866, lambda_z=0.3833, gamma_q=0.05628, block_size=11
  SSC-Block-TV-Col21 trial 3: mean ARI=0.4494  n=96  33.8s  lambda_e=7.78, lambda_z=0.03418, gamma_q=1.469, block_size=7
  SSC-Block-TV-Col21 trial 4: mean ARI=0.5777  n=96  35.5s  lambda_e=0.506, lambda_z=5.039, gamma_q=0.001924, block_size=2
  SSC-Block-TV-Col21 trial 5: mean ARI=0.4617  n=96  33.2s  lambda_e=0.0115, lambda_z=2.14, gamma_q=1.296, block_size=11
  SSC-Block-TV-Col21 trial 6: mean ARI=0.6871  n=96  33.0s  lambda_e=8.627, lambda_z=1.573, gamma_q=0.07013, block_size=10
  SSC-Block-TV-Col21 trial 7: mean ARI=0.7507  n=96  33.1s  lambda_e=0.02264, lambda_z=0.3628, gamma_q=0.003745, block_size=12
  SSC-Block-TV-Col21 trial 8: mean ARI=0.7152  n=96  33.4s  lambda_e=0.3677, lambda_z=0.04557, gamma_q=0.01143, block_size=10
  SSC-Block-TV-Col21 trial 9: mean ARI=0.7547  n=96  33.4s  lambda_e=0.2336, lambda_z=0.1878, gamma_q=0.001189, block_size=8
  SSC-Block-TV-Col21 trial 10: mean ARI=0.5119  n=96  35.5s  lambda_e=0.06732, lambda_z=0.001648, gamma_q=6.473, block_size=2
  SSC-Block-TV-Col21 trial 11: mean ARI=0.7601  n=96  33.3s  lambda_e=0.01211, lambda_z=0.1589, gamma_q=0.001276, block_size=8
  SSC-Block-TV-Col21 trial 12: mean ARI=0.7200  n=96  32.7s  lambda_e=0.054, lambda_z=0.00525, gamma_q=0.001024, block_size=8
  SSC-Block-TV-Col21 trial 13: mean ARI=0.7665  n=96  33.7s  lambda_e=2.603, lambda_z=0.1129, gamma_q=0.006548, block_size=5
  SSC-Block-TV-Col21 trial 14: mean ARI=0.7039  n=96  34.0s  lambda_e=2.709, lambda_z=0.01434, gamma_q=0.008726, block_size=4
  SSC-Block-TV-Col21 trial 15: mean ARI=0.7624  n=96  34.0s  lambda_e=1.697, lambda_z=0.0804, gamma_q=0.01234, block_size=5
  SSC-Block-TV-Col21 trial 16: mean ARI=0.6209  n=96  34.7s  lambda_e=2.271, lambda_z=0.01211, gamma_q=0.01698, block_size=4
  SSC-Block-TV-Col21 trial 17: mean ARI=0.7034  n=96  33.8s  lambda_e=2.661, lambda_z=0.06242, gamma_q=0.02862, block_size=5
  SSC-Block-TV-Col21 trial 18: mean ARI=0.7152  n=96  33.4s  lambda_e=1.281, lambda_z=0.01538, gamma_q=0.004978, block_size=6
  SSC-Block-TV-Col21 trial 19: mean ARI=0.5029  n=96  34.6s  lambda_e=4.383, lambda_z=0.001142, gamma_q=0.254, block_size=3
  SSC-Block-TV-Col21 trial 20: mean ARI=0.6971  n=96  33.7s  lambda_e=1.323, lambda_z=0.00466, gamma_q=0.003845, block_size=5
  SSC-Block-TV-Col21 trial 21: mean ARI=0.7660  n=96  33.2s  lambda_e=0.08996, lambda_z=0.1427, gamma_q=0.003324, block_size=8
  SSC-Block-TV-Col21 trial 22: mean ARI=0.7777  n=96  33.3s  lambda_e=0.1069, lambda_z=0.2772, gamma_q=0.02046, block_size=6
  SSC-Block-TV-Col21 trial 23: mean ARI=0.7575  n=96  33.3s  lambda_e=0.1085, lambda_z=0.4003, gamma_q=0.02736, block_size=7
  SSC-Block-TV-Col21 trial 24: mean ARI=0.7610  n=96  33.4s  lambda_e=0.03322, lambda_z=0.1805, gamma_q=0.006141, block_size=9
  SSC-Block-TV-Col21 trial 25: mean ARI=0.7092  n=96  33.6s  lambda_e=0.1322, lambda_z=0.8388, gamma_q=0.002813, block_size=6
  SSC-Block-TV-Col21 trial 26: mean ARI=0.6096  n=96  33.5s  lambda_e=0.6941, lambda_z=0.03177, gamma_q=0.03275, block_size=6
  SSC-Block-TV-Col21 trial 27: mean ARI=0.7054  n=96  34.2s  lambda_e=0.07541, lambda_z=9.263, gamma_q=0.1587, block_size=4
  SSC-Block-TV-Col21 trial 28: mean ARI=0.7494  n=96  33.2s  lambda_e=0.03264, lambda_z=0.9189, gamma_q=0.007307, block_size=9
  SSC-Block-TV-Col21 trial 29: mean ARI=0.7597  n=96  33.2s  lambda_e=0.2646, lambda_z=0.1309, gamma_q=0.002205, block_size=6
  SSC-Block-TV-Col21 trial 30: mean ARI=0.7943  n=96  34.4s  lambda_e=0.1341, lambda_z=0.3219, gamma_q=0.01583, block_size=3
  SSC-Block-TV-Col21 trial 31: mean ARI=0.7989  n=96  34.7s  lambda_e=0.1136, lambda_z=0.3163, gamma_q=0.01969, block_size=3
  SSC-Block-TV-Col21 trial 32: mean ARI=0.7974  n=96  34.0s  lambda_e=0.155, lambda_z=0.3083, gamma_q=0.0195, block_size=3
  SSC-Block-TV-Col21 trial 33: mean ARI=0.7951  n=96  34.9s  lambda_e=0.1492, lambda_z=0.3399, gamma_q=0.04354, block_size=3
  SSC-Block-TV-Col21 trial 34: mean ARI=0.7878  n=96  34.6s  lambda_e=0.163, lambda_z=0.6108, gamma_q=0.04777, block_size=3
  SSC-Block-TV-Col21 trial 35: mean ARI=0.7620  n=96  34.5s  lambda_e=0.2546, lambda_z=1.804, gamma_q=0.09639, block_size=3
  SSC-Block-TV-Col21 trial 36: mean ARI=0.8044  n=96  35.4s  lambda_e=0.04577, lambda_z=0.5049, gamma_q=0.04679, block_size=2
  SSC-Block-TV-Col21 trial 37: mean ARI=0.6632  n=96  35.6s  lambda_e=0.04347, lambda_z=3.734, gamma_q=0.6863, block_size=2
  SSC-Block-TV-Col21 trial 38: mean ARI=0.7930  n=96  35.5s  lambda_e=0.4005, lambda_z=1.194, gamma_q=0.04912, block_size=2
  SSC-Block-TV-Col21 trial 39: mean ARI=0.5378  n=96  34.1s  lambda_e=0.0235, lambda_z=0.5439, gamma_q=0.1401, block_size=4
    best mean ARI=0.8044  tune 1358.5s  lambda_e=0.04577, lambda_z=0.5049, gamma_q=0.04679, block_size=2
  wrote /nfs/turbo/umms-minjilab/lpullela/icassp_ssc_tv2/block_ssc_benchmark/cv/params/surveillance/split_k5_clean_min30_trials20_knownk_scaled_params_cv_ssc_block_tv_col21_k5_sigma0_sigma0_fold1.json

=== P1E_S1_C1 train[0] k=5  dim=576  frames=249  σ=0.0  fold=1 ===
  SSC-Block-TV-Col21: k_hat=5  ACC=0.9478  NMI=0.9184  ARI=0.8719  0.4s

=== P1E_S1_C1 train[1] k=5  dim=576  frames=265  σ=0.0  fold=1 ===
  SSC-Block-TV-Col21: k_hat=5  ACC=0.7509  NMI=0.8702  ARI=0.7373  0.5s

=== P1E_S1_C1 train[2] k=5  dim=576  frames=242  σ=0.0  fold=1 ===
  SSC-Block-TV-Col21: k_hat=5  ACC=0.6777  NMI=0.7730  ARI=0.5926  0.4s

=== P1E_S1_C1 train[3] k=5  dim=576  frames=268  σ=0.0  fold=1 ===
  SSC-Block-TV-Col21: k_hat=5  ACC=1.0000  NMI=1.0000  ARI=1.0000  0.5s

=== P1E_S1_C2 train[0] k=5  dim=576  frames=231  σ=0.0  fold=1 ===
  SSC-Block-TV-Col21: k_hat=5  ACC=0.9610  NMI=0.9176  ARI=0.9040  0.4s

=== P1E_S1_C2 train[1] k=5  dim=576  frames=198  σ=0.0  fold=1 ===
  SSC-Block-TV-Col21: k_hat=5  ACC=0.7778  NMI=0.8545  ARI=0.7373  0.3s

=== P1E_S1_C2 train[2] k=5  dim=576  frames=199  σ=0.0  fold=1 ===
  SSC-Block-TV-Col21: k_hat=5  ACC=0.7035  NMI=0.8214  ARI=0.6754  0.3s

=== P1E_S1_C2 train[3] k=5  dim=576  frames=215  σ=0.0  fold=1 ===
  SSC-Block-TV-Col21: k_hat=5  ACC=0.9907  NMI=0.9763  ARI=0.9765  0.3s

=== P1E_S1_C3 train[0] k=5  dim=576  frames=98  σ=0.0  fold=1 ===
  SSC-Block-TV-Col21: k_hat=5  ACC=0.9490  NMI=0.9041  ARI=0.8741  0.1s

=== P1E_S1_C3 train[1] k=5  dim=576  frames=68  σ=0.0  fold=1 ===
  SSC-Block-TV-Col21: k_hat=5  ACC=0.9706  NMI=0.9441  ARI=0.9228  0.1s

=== P1E_S1_C3 train[2] k=5  dim=576  frames=87  σ=0.0  fold=1 ===
  SSC-Block-TV-Col21: k_hat=5  ACC=0.7701  NMI=0.8128  ARI=0.6856  0.1s

=== P1E_S1_C3 train[3] k=5  dim=576  frames=107  σ=0.0  fold=1 ===
  SSC-Block-TV-Col21: k_hat=5  ACC=0.9720  NMI=0.9367  ARI=0.9286  0.1s

=== P1E_S2_C1 train[0] k=5  dim=576  frames=268  σ=0.0  fold=1 ===
  SSC-Block-TV-Col21: k_hat=5  ACC=0.9739  NMI=0.9344  ARI=0.9342  0.5s

=== P1E_S2_C1 train[1] k=5  dim=576  frames=265  σ=0.0  fold=1 ===
  SSC-Block-TV-Col21: k_hat=5  ACC=0.7698  NMI=0.8657  ARI=0.7595  0.5s

=== P1E_S2_C1 train[2] k=5  dim=576  frames=232  σ=0.0  fold=1 ===
  SSC-Block-TV-Col21: k_hat=5  ACC=0.7845  NMI=0.8848  ARI=0.7929  0.4s

=== P1E_S2_C1 train[3] k=5  dim=576  frames=241  σ=0.0  fold=1 ===
  SSC-Block-TV-Col21: k_hat=5  ACC=0.7925  NMI=0.8249  ARI=0.7337  0.4s

=== P1E_S2_C2 train[0] k=5  dim=576  frames=223  σ=0.0  fold=1 ===
  SSC-Block-TV-Col21: k_hat=5  ACC=0.9462  NMI=0.8964  ARI=0.8679  0.4s

=== P1E_S2_C2 train[1] k=5  dim=576  frames=219  σ=0.0  fold=1 ===
  SSC-Block-TV-Col21: k_hat=5  ACC=0.9635  NMI=0.9367  ARI=0.9104  0.4s

=== P1E_S2_C2 train[2] k=5  dim=576  frames=192  σ=0.0  fold=1 ===
  SSC-Block-TV-Col21: k_hat=5  ACC=0.7292  NMI=0.7829  ARI=0.6249  0.3s

=== P1E_S2_C2 train[3] k=5  dim=576  frames=212  σ=0.0  fold=1 ===
  SSC-Block-TV-Col21: k_hat=5  ACC=0.9717  NMI=0.9370  ARI=0.9327  0.3s

=== P1E_S2_C3 train[0] k=5  dim=576  frames=173  σ=0.0  fold=1 ===
  SSC-Block-TV-Col21: k_hat=5  ACC=1.0000  NMI=1.0000  ARI=1.0000  0.3s

=== P1E_S2_C3 train[1] k=5  dim=576  frames=173  σ=0.0  fold=1 ===
  SSC-Block-TV-Col21: k_hat=5  ACC=0.8902  NMI=0.8684  ARI=0.7916  0.3s

=== P1E_S2_C3 train[2] k=5  dim=576  frames=160  σ=0.0  fold=1 ===
  SSC-Block-TV-Col21: k_hat=5  ACC=0.7750  NMI=0.8638  ARI=0.7654  0.2s

=== P1E_S2_C3 train[3] k=5  dim=576  frames=154  σ=0.0  fold=1 ===
  SSC-Block-TV-Col21: k_hat=5  ACC=0.9870  NMI=0.9643  ARI=0.9683  0.2s

=== P1E_S3_C1 train[0] k=5  dim=576  frames=258  σ=0.0  fold=1 ===
  SSC-Block-TV-Col21: k_hat=5  ACC=0.7674  NMI=0.7528  ARI=0.6110  0.4s

=== P1E_S3_C1 train[1] k=5  dim=576  frames=273  σ=0.0  fold=1 ===
  SSC-Block-TV-Col21: k_hat=5  ACC=0.5495  NMI=0.7317  ARI=0.5207  0.5s

=== P1E_S3_C1 train[2] k=5  dim=576  frames=250  σ=0.0  fold=1 ===
  SSC-Block-TV-Col21: k_hat=5  ACC=0.5360  NMI=0.6497  ARI=0.4244  0.4s

=== P1E_S3_C1 train[3] k=5  dim=576  frames=237  σ=0.0  fold=1 ===
  SSC-Block-TV-Col21: k_hat=5  ACC=0.7468  NMI=0.8437  ARI=0.6909  0.4s

=== P1E_S3_C2 train[0] k=5  dim=576  frames=232  σ=0.0  fold=1 ===
  SSC-Block-TV-Col21: k_hat=5  ACC=0.9052  NMI=0.8653  ARI=0.7728  0.3s

=== P1E_S3_C2 train[1] k=5  dim=576  frames=280  σ=0.0  fold=1 ===
  SSC-Block-TV-Col21: k_hat=5  ACC=0.7714  NMI=0.8313  ARI=0.6920  0.5s

=== P1E_S3_C2 train[2] k=5  dim=576  frames=222  σ=0.0  fold=1 ===
  SSC-Block-TV-Col21: k_hat=5  ACC=0.5811  NMI=0.7097  ARI=0.4847  0.3s

=== P1E_S3_C2 train[3] k=5  dim=576  frames=188  σ=0.0  fold=1 ===
  SSC-Block-TV-Col21: k_hat=5  ACC=0.9255  NMI=0.8643  ARI=0.8394  0.2s

=== P1E_S3_C3 train[0] k=5  dim=576  frames=170  σ=0.0  fold=1 ===
  SSC-Block-TV-Col21: k_hat=5  ACC=0.9824  NMI=0.9602  ARI=0.9502  0.2s

=== P1E_S3_C3 train[1] k=5  dim=576  frames=211  σ=0.0  fold=1 ===
  SSC-Block-TV-Col21: k_hat=5  ACC=0.7393  NMI=0.8374  ARI=0.6914  0.3s

=== P1E_S3_C3 train[2] k=5  dim=576  frames=167  σ=0.0  fold=1 ===
  SSC-Block-TV-Col21: k_hat=5  ACC=0.7425  NMI=0.8430  ARI=0.7152  0.2s

=== P1E_S3_C3 train[3] k=5  dim=576  frames=168  σ=0.0  fold=1 ===
  SSC-Block-TV-Col21: k_hat=5  ACC=0.9821  NMI=0.9559  ARI=0.9632  0.2s

=== P1E_S4_C1 train[0] k=5  dim=576  frames=231  σ=0.0  fold=1 ===
  SSC-Block-TV-Col21: k_hat=5  ACC=0.7706  NMI=0.8519  ARI=0.6814  0.4s

=== P1E_S4_C1 train[1] k=5  dim=576  frames=303  σ=0.0  fold=1 ===
  SSC-Block-TV-Col21: k_hat=5  ACC=0.9274  NMI=0.9111  ARI=0.8616  0.6s

=== P1E_S4_C1 train[2] k=5  dim=576  frames=248  σ=0.0  fold=1 ===
  SSC-Block-TV-Col21: k_hat=5  ACC=0.7016  NMI=0.6737  ARI=0.4861  0.4s

=== P1E_S4_C1 train[3] k=5  dim=576  frames=217  σ=0.0  fold=1 ===
  SSC-Block-TV-Col21: k_hat=5  ACC=0.8065  NMI=0.8424  ARI=0.7202  0.3s

=== P1E_S4_C2 train[0] k=5  dim=576  frames=201  σ=0.0  fold=1 ===
  SSC-Block-TV-Col21: k_hat=5  ACC=0.9751  NMI=0.9414  ARI=0.9381  0.3s

=== P1E_S4_C2 train[1] k=5  dim=576  frames=236  σ=0.0  fold=1 ===
  SSC-Block-TV-Col21: k_hat=5  ACC=0.9831  NMI=0.9556  ARI=0.9581  0.4s

=== P1E_S4_C2 train[2] k=5  dim=576  frames=223  σ=0.0  fold=1 ===
  SSC-Block-TV-Col21: k_hat=5  ACC=0.7175  NMI=0.8195  ARI=0.6846  0.4s

=== P1E_S4_C2 train[3] k=5  dim=576  frames=198  σ=0.0  fold=1 ===
  SSC-Block-TV-Col21: k_hat=5  ACC=0.8586  NMI=0.8601  ARI=0.7721  0.3s

=== P1E_S4_C3 train[0] k=5  dim=576  frames=132  σ=0.0  fold=1 ===
  SSC-Block-TV-Col21: k_hat=5  ACC=0.9318  NMI=0.8649  ARI=0.8322  0.1s

=== P1E_S4_C3 train[1] k=5  dim=576  frames=147  σ=0.0  fold=1 ===
  SSC-Block-TV-Col21: k_hat=5  ACC=0.9456  NMI=0.8915  ARI=0.8695  0.2s

=== P1E_S4_C3 train[2] k=5  dim=576  frames=141  σ=0.0  fold=1 ===
  SSC-Block-TV-Col21: k_hat=5  ACC=0.9787  NMI=0.9490  ARI=0.9500  0.2s

=== P1E_S4_C3 train[3] k=5  dim=576  frames=147  σ=0.0  fold=1 ===
  SSC-Block-TV-Col21: k_hat=5  ACC=0.7959  NMI=0.8509  ARI=0.7533  0.2s

=== P1L_S1_C1 train[0] k=5  dim=576  frames=289  σ=0.0  fold=1 ===
  SSC-Block-TV-Col21: k_hat=5  ACC=0.7578  NMI=0.8693  ARI=0.7311  0.6s

=== P1L_S1_C1 train[1] k=5  dim=576  frames=313  σ=0.0  fold=1 ===
  SSC-Block-TV-Col21: k_hat=5  ACC=0.9968  NMI=0.9896  ARI=0.9916  0.7s

=== P1L_S1_C1 train[2] k=5  dim=576  frames=239  σ=0.0  fold=1 ===
  SSC-Block-TV-Col21: k_hat=5  ACC=0.8787  NMI=0.8787  ARI=0.8369  0.4s

=== P1L_S1_C1 train[3] k=5  dim=576  frames=285  σ=0.0  fold=1 ===
  SSC-Block-TV-Col21: k_hat=5  ACC=1.0000  NMI=1.0000  ARI=1.0000  0.5s

=== P1L_S1_C2 train[0] k=5  dim=576  frames=286  σ=0.0  fold=1 ===
  SSC-Block-TV-Col21: k_hat=5  ACC=0.9930  NMI=0.9816  ARI=0.9854  0.5s

=== P1L_S1_C2 train[1] k=5  dim=576  frames=257  σ=0.0  fold=1 ===
  SSC-Block-TV-Col21: k_hat=5  ACC=0.9689  NMI=0.9432  ARI=0.9291  0.4s

=== P1L_S1_C2 train[2] k=5  dim=576  frames=260  σ=0.0  fold=1 ===
  SSC-Block-TV-Col21: k_hat=5  ACC=0.6923  NMI=0.8584  ARI=0.6930  0.4s

=== P1L_S1_C2 train[3] k=5  dim=576  frames=270  σ=0.0  fold=1 ===
  SSC-Block-TV-Col21: k_hat=5  ACC=1.0000  NMI=1.0000  ARI=1.0000  0.5s

=== P1L_S1_C3 train[0] k=5  dim=576  frames=108  σ=0.0  fold=1 ===
  SSC-Block-TV-Col21: k_hat=5  ACC=0.6389  NMI=0.7450  ARI=0.5147  0.1s

=== P1L_S1_C3 train[1] k=5  dim=576  frames=117  σ=0.0  fold=1 ===
  SSC-Block-TV-Col21: k_hat=5  ACC=0.6581  NMI=0.7712  ARI=0.5912  0.1s

=== P1L_S1_C3 train[2] k=5  dim=576  frames=101  σ=0.0  fold=1 ===
  SSC-Block-TV-Col21: k_hat=5  ACC=0.7723  NMI=0.7612  ARI=0.6108  0.1s

=== P1L_S1_C3 train[3] k=5  dim=576  frames=124  σ=0.0  fold=1 ===
  SSC-Block-TV-Col21: k_hat=5  ACC=0.9919  NMI=0.9784  ARI=0.9780  0.1s

=== P1L_S2_C1 train[0] k=5  dim=576  frames=348  σ=0.0  fold=1 ===
  SSC-Block-TV-Col21: k_hat=5  ACC=0.8563  NMI=0.8292  ARI=0.7481  0.8s

=== P1L_S2_C1 train[1] k=5  dim=576  frames=301  σ=0.0  fold=1 ===
  SSC-Block-TV-Col21: k_hat=5  ACC=0.6512  NMI=0.7316  ARI=0.5138  0.6s

=== P1L_S2_C1 train[2] k=5  dim=576  frames=275  σ=0.0  fold=1 ===
  SSC-Block-TV-Col21: k_hat=5  ACC=0.9018  NMI=0.9077  ARI=0.8561  0.5s

=== P1L_S2_C1 train[3] k=5  dim=576  frames=265  σ=0.0  fold=1 ===
  SSC-Block-TV-Col21: k_hat=5  ACC=1.0000  NMI=1.0000  ARI=1.0000  0.5s

=== P1L_S2_C2 train[0] k=5  dim=576  frames=300  σ=0.0  fold=1 ===
  SSC-Block-TV-Col21: k_hat=5  ACC=0.9367  NMI=0.9064  ARI=0.8464  0.6s

=== P1L_S2_C2 train[1] k=5  dim=576  frames=314  σ=0.0  fold=1 ===
  SSC-Block-TV-Col21: k_hat=5  ACC=0.8949  NMI=0.8840  ARI=0.7773  0.7s

=== P1L_S2_C2 train[2] k=5  dim=576  frames=301  σ=0.0  fold=1 ===
  SSC-Block-TV-Col21: k_hat=5  ACC=1.0000  NMI=1.0000  ARI=1.0000  0.6s

=== P1L_S2_C2 train[3] k=5  dim=576  frames=222  σ=0.0  fold=1 ===
  SSC-Block-TV-Col21: k_hat=5  ACC=1.0000  NMI=1.0000  ARI=1.0000  0.3s

=== P1L_S2_C3 train[0] k=5  dim=576  frames=191  σ=0.0  fold=1 ===
  SSC-Block-TV-Col21: k_hat=5  ACC=1.0000  NMI=1.0000  ARI=1.0000  0.3s

=== P1L_S2_C3 train[1] k=5  dim=576  frames=193  σ=0.0  fold=1 ===
  SSC-Block-TV-Col21: k_hat=5  ACC=0.8964  NMI=0.8854  ARI=0.7821  0.3s

=== P1L_S2_C3 train[2] k=5  dim=576  frames=175  σ=0.0  fold=1 ===
  SSC-Block-TV-Col21: k_hat=5  ACC=0.9371  NMI=0.9023  ARI=0.8566  0.2s

=== P1L_S2_C3 train[3] k=5  dim=576  frames=179  σ=0.0  fold=1 ===
  SSC-Block-TV-Col21: k_hat=5  ACC=0.9888  NMI=0.9736  ARI=0.9760  0.2s

=== P1L_S3_C1 train[0] k=5  dim=576  frames=246  σ=0.0  fold=1 ===
  SSC-Block-TV-Col21: k_hat=5  ACC=0.7724  NMI=0.8463  ARI=0.7143  0.4s

=== P1L_S3_C1 train[1] k=5  dim=576  frames=241  σ=0.0  fold=1 ===
  SSC-Block-TV-Col21: k_hat=5  ACC=0.8423  NMI=0.8054  ARI=0.6595  0.4s

=== P1L_S3_C1 train[2] k=5  dim=576  frames=312  σ=0.0  fold=1 ===
  SSC-Block-TV-Col21: k_hat=5  ACC=0.5545  NMI=0.6727  ARI=0.4701  0.6s

=== P1L_S3_C1 train[3] k=5  dim=576  frames=241  σ=0.0  fold=1 ===
  SSC-Block-TV-Col21: k_hat=5  ACC=0.9544  NMI=0.9270  ARI=0.9000  0.4s

=== P1L_S3_C2 train[0] k=5  dim=576  frames=262  σ=0.0  fold=1 ===
  SSC-Block-TV-Col21: k_hat=5  ACC=0.8282  NMI=0.8562  ARI=0.7253  0.4s

=== P1L_S3_C2 train[1] k=5  dim=576  frames=304  σ=0.0  fold=1 ===
  SSC-Block-TV-Col21: k_hat=5  ACC=0.7796  NMI=0.8811  ARI=0.7830  0.6s

=== P1L_S3_C2 train[2] k=5  dim=576  frames=329  σ=0.0  fold=1 ===
  SSC-Block-TV-Col21: k_hat=5  ACC=0.8997  NMI=0.8902  ARI=0.7994  0.7s

=== P1L_S3_C2 train[3] k=5  dim=576  frames=290  σ=0.0  fold=1 ===
  SSC-Block-TV-Col21: k_hat=5  ACC=0.6966  NMI=0.8449  ARI=0.6581  0.6s

=== P1L_S3_C3 train[0] k=5  dim=576  frames=231  σ=0.0  fold=1 ===
  SSC-Block-TV-Col21: k_hat=5  ACC=0.9177  NMI=0.8779  ARI=0.7881  0.4s

=== P1L_S3_C3 train[1] k=5  dim=576  frames=225  σ=0.0  fold=1 ===
  SSC-Block-TV-Col21: k_hat=5  ACC=1.0000  NMI=1.0000  ARI=1.0000  0.4s

=== P1L_S3_C3 train[2] k=5  dim=576  frames=210  σ=0.0  fold=1 ===
  SSC-Block-TV-Col21: k_hat=5  ACC=0.7286  NMI=0.8732  ARI=0.7535  0.3s

=== P1L_S3_C3 train[3] k=5  dim=576  frames=229  σ=0.0  fold=1 ===
  SSC-Block-TV-Col21: k_hat=5  ACC=0.9913  NMI=0.9788  ARI=0.9843  0.4s

=== P1L_S4_C1 train[0] k=5  dim=576  frames=313  σ=0.0  fold=1 ===
  SSC-Block-TV-Col21: k_hat=5  ACC=0.9393  NMI=0.9133  ARI=0.8638  0.6s

=== P1L_S4_C1 train[1] k=5  dim=576  frames=253  σ=0.0  fold=1 ===
  SSC-Block-TV-Col21: k_hat=5  ACC=0.9881  NMI=0.9679  ARI=0.9754  0.5s

=== P1L_S4_C1 train[2] k=5  dim=576  frames=278  σ=0.0  fold=1 ===
  SSC-Block-TV-Col21: k_hat=5  ACC=0.7554  NMI=0.8454  ARI=0.7164  0.5s

=== P1L_S4_C1 train[3] k=5  dim=576  frames=344  σ=0.0  fold=1 ===
  SSC-Block-TV-Col21: k_hat=5  ACC=0.7093  NMI=0.8569  ARI=0.7160  0.7s

=== P1L_S4_C2 train[0] k=5  dim=576  frames=267  σ=0.0  fold=1 ===
  SSC-Block-TV-Col21: k_hat=5  ACC=0.9438  NMI=0.9194  ARI=0.8801  0.5s

=== P1L_S4_C2 train[1] k=5  dim=576  frames=279  σ=0.0  fold=1 ===
  SSC-Block-TV-Col21: k_hat=5  ACC=0.9211  NMI=0.8775  ARI=0.8478  0.5s

=== P1L_S4_C2 train[2] k=5  dim=576  frames=258  σ=0.0  fold=1 ===
  SSC-Block-TV-Col21: k_hat=5  ACC=0.7713  NMI=0.7808  ARI=0.6220  0.4s

=== P1L_S4_C2 train[3] k=5  dim=576  frames=266  σ=0.0  fold=1 ===
  SSC-Block-TV-Col21: k_hat=5  ACC=0.9962  NMI=0.9887  ARI=0.9922  0.4s

=== P1L_S4_C3 train[0] k=5  dim=576  frames=180  σ=0.0  fold=1 ===
  SSC-Block-TV-Col21: k_hat=5  ACC=1.0000  NMI=1.0000  ARI=1.0000  0.2s

=== P1L_S4_C3 train[1] k=5  dim=576  frames=188  σ=0.0  fold=1 ===
  SSC-Block-TV-Col21: k_hat=5  ACC=0.6649  NMI=0.7693  ARI=0.5947  0.3s

=== P1L_S4_C3 train[2] k=5  dim=576  frames=169  σ=0.0  fold=1 ===
  SSC-Block-TV-Col21: k_hat=5  ACC=0.7101  NMI=0.8628  ARI=0.7065  0.2s

=== P1L_S4_C3 train[3] k=5  dim=576  frames=185  σ=0.0  fold=1 ===
  SSC-Block-TV-Col21: k_hat=5  ACC=1.0000  NMI=1.0000  ARI=1.0000  0.3s

=== P1E_S1_C1 test[0] k=5  dim=576  frames=212  σ=0.0  fold=1 ===
  SSC-Block-TV-Col21: k_hat=5  ACC=0.9858  NMI=0.9682  ARI=0.9672  0.3s

=== P1E_S1_C2 test[0] k=5  dim=576  frames=188  σ=0.0  fold=1 ===
  SSC-Block-TV-Col21: k_hat=5  ACC=1.0000  NMI=1.0000  ARI=1.0000  0.3s

=== P1E_S1_C3 test[0] k=5  dim=576  frames=93  σ=0.0  fold=1 ===
  SSC-Block-TV-Col21: k_hat=5  ACC=0.7527  NMI=0.8261  ARI=0.6880  0.1s

=== P1E_S2_C1 test[0] k=5  dim=576  frames=250  σ=0.0  fold=1 ===
  SSC-Block-TV-Col21: k_hat=5  ACC=0.9440  NMI=0.9228  ARI=0.8898  0.4s

=== P1E_S2_C2 test[0] k=5  dim=576  frames=196  σ=0.0  fold=1 ===
  SSC-Block-TV-Col21: k_hat=5  ACC=0.9898  NMI=0.9702  ARI=0.9743  0.3s

=== P1E_S2_C3 test[0] k=5  dim=576  frames=156  σ=0.0  fold=1 ===
  SSC-Block-TV-Col21: k_hat=5  ACC=0.9487  NMI=0.9210  ARI=0.8730  0.2s

=== P1E_S3_C1 test[0] k=5  dim=576  frames=237  σ=0.0  fold=1 ===
  SSC-Block-TV-Col21: k_hat=5  ACC=0.8903  NMI=0.8715  ARI=0.7935  0.4s

=== P1E_S3_C2 test[0] k=5  dim=576  frames=204  σ=0.0  fold=1 ===
  SSC-Block-TV-Col21: k_hat=5  ACC=0.9804  NMI=0.9501  ARI=0.9518  0.3s

=== P1E_S3_C3 test[0] k=5  dim=576  frames=150  σ=0.0  fold=1 ===
  SSC-Block-TV-Col21: k_hat=5  ACC=0.9933  NMI=0.9815  ARI=0.9835  0.2s

=== P1E_S4_C1 test[0] k=5  dim=576  frames=248  σ=0.0  fold=1 ===
  SSC-Block-TV-Col21: k_hat=5  ACC=0.9919  NMI=0.9783  ARI=0.9788  0.4s

=== P1E_S4_C2 test[0] k=5  dim=576  frames=193  σ=0.0  fold=1 ===
  SSC-Block-TV-Col21: k_hat=5  ACC=0.9845  NMI=0.9552  ARI=0.9627  0.3s

=== P1E_S4_C3 test[0] k=5  dim=576  frames=152  σ=0.0  fold=1 ===
  SSC-Block-TV-Col21: k_hat=5  ACC=0.9539  NMI=0.9254  ARI=0.8868  0.2s

=== P1L_S1_C1 test[0] k=5  dim=576  frames=265  σ=0.0  fold=1 ===
  SSC-Block-TV-Col21: k_hat=5  ACC=1.0000  NMI=1.0000  ARI=1.0000  0.5s

=== P1L_S1_C2 test[0] k=5  dim=576  frames=236  σ=0.0  fold=1 ===
  SSC-Block-TV-Col21: k_hat=5  ACC=1.0000  NMI=1.0000  ARI=1.0000  0.4s

=== P1L_S1_C3 test[0] k=5  dim=576  frames=115  σ=0.0  fold=1 ===
  SSC-Block-TV-Col21: k_hat=5  ACC=0.7217  NMI=0.8276  ARI=0.6441  0.1s

=== P1L_S2_C1 test[0] k=5  dim=576  frames=281  σ=0.0  fold=1 ===
  SSC-Block-TV-Col21: k_hat=5  ACC=0.9253  NMI=0.9021  ARI=0.8382  0.5s

=== P1L_S2_C2 test[0] k=5  dim=576  frames=256  σ=0.0  fold=1 ===
  SSC-Block-TV-Col21: k_hat=5  ACC=1.0000  NMI=1.0000  ARI=1.0000  0.5s

=== P1L_S2_C3 test[0] k=5  dim=576  frames=159  σ=0.0  fold=1 ===
  SSC-Block-TV-Col21: k_hat=5  ACC=1.0000  NMI=1.0000  ARI=1.0000  0.2s

=== P1L_S3_C1 test[0] k=5  dim=576  frames=289  σ=0.0  fold=1 ===
  SSC-Block-TV-Col21: k_hat=5  ACC=0.6228  NMI=0.7042  ARI=0.4413  0.6s

=== P1L_S3_C2 test[0] k=5  dim=576  frames=287  σ=0.0  fold=1 ===
  SSC-Block-TV-Col21: k_hat=5  ACC=1.0000  NMI=1.0000  ARI=1.0000  0.5s

=== P1L_S3_C3 test[0] k=5  dim=576  frames=210  σ=0.0  fold=1 ===
  SSC-Block-TV-Col21: k_hat=5  ACC=1.0000  NMI=1.0000  ARI=1.0000  0.3s

=== P1L_S4_C1 test[0] k=5  dim=576  frames=255  σ=0.0  fold=1 ===
  SSC-Block-TV-Col21: k_hat=5  ACC=0.9843  NMI=0.9626  ARI=0.9540  0.4s

=== P1L_S4_C2 test[0] k=5  dim=576  frames=257  σ=0.0  fold=1 ===
  SSC-Block-TV-Col21: k_hat=5  ACC=1.0000  NMI=1.0000  ARI=1.0000  0.4s

=== P1L_S4_C3 test[0] k=5  dim=576  frames=158  σ=0.0  fold=1 ===
  SSC-Block-TV-Col21: k_hat=5  ACC=1.0000  NMI=1.0000  ARI=1.0000  0.2s

============================================================
σ=0.0 fold=2  test=['0001', '0005', '0011', '0023', '0024']  train mats=96  test mats=24
  --- tune SSC-Block-TV-Col21 over 96 train mats  n_trials=40 (4 params) ---
  SSC-Block-TV-Col21 trial 0: mean ARI=0.6297  n=96  32.5s  lambda_e=1, lambda_z=0.1, gamma_q=0.1, block_size=5
  SSC-Block-TV-Col21 trial 1: mean ARI=0.6921  n=96  32.2s  lambda_e=0.443, lambda_z=0.7257, gamma_q=0.2577, block_size=7
  SSC-Block-TV-Col21 trial 2: mean ARI=0.7559  n=96  32.0s  lambda_e=0.1866, lambda_z=0.3833, gamma_q=0.05628, block_size=11
  SSC-Block-TV-Col21 trial 3: mean ARI=0.4534  n=96  32.5s  lambda_e=7.78, lambda_z=0.03418, gamma_q=1.469, block_size=7
  SSC-Block-TV-Col21 trial 4: mean ARI=0.6056  n=96  34.1s  lambda_e=0.506, lambda_z=5.039, gamma_q=0.001924, block_size=2
  SSC-Block-TV-Col21 trial 5: mean ARI=0.4764  n=96  31.9s  lambda_e=0.0115, lambda_z=2.14, gamma_q=1.296, block_size=11
  SSC-Block-TV-Col21 trial 6: mean ARI=0.7194  n=96  31.6s  lambda_e=8.627, lambda_z=1.573, gamma_q=0.07013, block_size=10
  SSC-Block-TV-Col21 trial 7: mean ARI=0.7810  n=96  31.8s  lambda_e=0.02264, lambda_z=0.3628, gamma_q=0.003745, block_size=12
  SSC-Block-TV-Col21 trial 8: mean ARI=0.7811  n=96  31.9s  lambda_e=0.3677, lambda_z=0.04557, gamma_q=0.01143, block_size=10
  SSC-Block-TV-Col21 trial 9: mean ARI=0.7820  n=96  31.8s  lambda_e=0.2336, lambda_z=0.1878, gamma_q=0.001189, block_size=8
  SSC-Block-TV-Col21 trial 10: mean ARI=0.4994  n=96  33.6s  lambda_e=0.06732, lambda_z=0.001648, gamma_q=6.473, block_size=2
  SSC-Block-TV-Col21 trial 11: mean ARI=0.7463  n=96  31.7s  lambda_e=2.213, lambda_z=0.02085, gamma_q=0.009571, block_size=9
  SSC-Block-TV-Col21 trial 12: mean ARI=0.7987  n=96  31.8s  lambda_e=0.1139, lambda_z=0.00593, gamma_q=0.001069, block_size=8
  SSC-Block-TV-Col21 trial 13: mean ARI=0.7865  n=96  32.0s  lambda_e=0.07723, lambda_z=0.002826, gamma_q=0.00106, block_size=7
  SSC-Block-TV-Col21 trial 14: mean ARI=0.6501  n=96  32.6s  lambda_e=0.07579, lambda_z=0.002846, gamma_q=0.006252, block_size=5
  SSC-Block-TV-Col21 trial 15: mean ARI=0.8020  n=96  32.2s  lambda_e=0.05124, lambda_z=0.005682, gamma_q=0.001052, block_size=5
  SSC-Block-TV-Col21 trial 16: mean ARI=0.6459  n=96  32.5s  lambda_e=0.03445, lambda_z=0.01022, gamma_q=0.02026, block_size=4
  SSC-Block-TV-Col21 trial 17: mean ARI=0.7932  n=96  32.2s  lambda_e=0.0337, lambda_z=0.007009, gamma_q=0.002618, block_size=5
  SSC-Block-TV-Col21 trial 18: mean ARI=0.5856  n=96  32.4s  lambda_e=0.1419, lambda_z=0.007698, gamma_q=0.02244, block_size=4
  SSC-Block-TV-Col21 trial 19: mean ARI=0.5955  n=96  32.1s  lambda_e=0.01527, lambda_z=0.001142, gamma_q=0.003955, block_size=6
  SSC-Block-TV-Col21 trial 20: mean ARI=0.7973  n=96  31.7s  lambda_e=1.295, lambda_z=0.01631, gamma_q=0.001001, block_size=8
  SSC-Block-TV-Col21 trial 21: mean ARI=0.7971  n=96  31.7s  lambda_e=1.804, lambda_z=0.01545, gamma_q=0.001057, block_size=8
  SSC-Block-TV-Col21 trial 22: mean ARI=0.7641  n=96  31.8s  lambda_e=3.878, lambda_z=0.003752, gamma_q=0.00236, block_size=9
  SSC-Block-TV-Col21 trial 23: mean ARI=0.7919  n=96  31.9s  lambda_e=0.8203, lambda_z=0.06207, gamma_q=0.005143, block_size=8
  SSC-Block-TV-Col21 trial 24: mean ARI=0.7819  n=96  32.1s  lambda_e=0.1228, lambda_z=0.005137, gamma_q=0.002022, block_size=6
  SSC-Block-TV-Col21 trial 25: mean ARI=0.7971  n=96  32.9s  lambda_e=0.05842, lambda_z=0.01317, gamma_q=0.001145, block_size=3
  SSC-Block-TV-Col21 trial 26: mean ARI=0.7887  n=96  31.8s  lambda_e=0.03682, lambda_z=0.03653, gamma_q=0.009257, block_size=9
  SSC-Block-TV-Col21 trial 27: mean ARI=0.8003  n=96  32.4s  lambda_e=0.3079, lambda_z=0.02325, gamma_q=0.002763, block_size=6
  SSC-Block-TV-Col21 trial 28: mean ARI=0.7863  n=96  32.1s  lambda_e=0.2709, lambda_z=0.1119, gamma_q=0.02347, block_size=6
  SSC-Block-TV-Col21 trial 29: mean ARI=0.7131  n=96  32.1s  lambda_e=0.1373, lambda_z=0.002112, gamma_q=0.003274, block_size=4
  SSC-Block-TV-Col21 trial 30: mean ARI=0.7955  n=96  32.5s  lambda_e=0.6052, lambda_z=0.02612, gamma_q=0.006764, block_size=5
  SSC-Block-TV-Col21 trial 31: mean ARI=0.7891  n=96  31.9s  lambda_e=1.098, lambda_z=0.07622, gamma_q=0.001814, block_size=7
  SSC-Block-TV-Col21 trial 32: mean ARI=0.7827  n=96  32.1s  lambda_e=1.408, lambda_z=0.005026, gamma_q=0.001791, block_size=6
  SSC-Block-TV-Col21 trial 33: mean ARI=0.7951  n=96  31.7s  lambda_e=0.3075, lambda_z=0.01394, gamma_q=0.003471, block_size=8
  SSC-Block-TV-Col21 trial 34: mean ARI=0.7981  n=96  32.4s  lambda_e=0.1083, lambda_z=0.008192, gamma_q=0.001055, block_size=7
  SSC-Block-TV-Col21 trial 35: mean ARI=0.4632  n=96  32.3s  lambda_e=0.097, lambda_z=0.006847, gamma_q=0.2346, block_size=7
  SSC-Block-TV-Col21 trial 36: mean ARI=0.8001  n=96  32.4s  lambda_e=0.2073, lambda_z=0.02511, gamma_q=0.001808, block_size=5
  SSC-Block-TV-Col21 trial 37: mean ARI=0.8157  n=96  33.2s  lambda_e=0.1698, lambda_z=0.13, gamma_q=0.01169, block_size=3
  SSC-Block-TV-Col21 trial 38: mean ARI=0.8164  n=96  33.1s  lambda_e=0.5035, lambda_z=0.1201, gamma_q=0.01346, block_size=3
  SSC-Block-TV-Col21 trial 39: mean ARI=0.8229  n=96  33.2s  lambda_e=0.6182, lambda_z=0.2397, gamma_q=0.03982, block_size=3
    best mean ARI=0.8229  tune 1290.8s  lambda_e=0.6182, lambda_z=0.2397, gamma_q=0.03982, block_size=3
  wrote /nfs/turbo/umms-minjilab/lpullela/icassp_ssc_tv2/block_ssc_benchmark/cv/params/surveillance/split_k5_clean_min30_trials20_knownk_scaled_params_cv_ssc_block_tv_col21_k5_sigma0_sigma0_fold2.json

=== P1E_S1_C1 train[0] k=5  dim=576  frames=249  σ=0.0  fold=2 ===
  SSC-Block-TV-Col21: k_hat=5  ACC=0.7510  NMI=0.8548  ARI=0.6817  0.4s

=== P1E_S1_C1 train[1] k=5  dim=576  frames=212  σ=0.0  fold=2 ===
  SSC-Block-TV-Col21: k_hat=5  ACC=1.0000  NMI=1.0000  ARI=1.0000  0.3s

=== P1E_S1_C1 train[2] k=5  dim=576  frames=242  σ=0.0  fold=2 ===
  SSC-Block-TV-Col21: k_hat=5  ACC=0.6818  NMI=0.7756  ARI=0.5979  0.4s

=== P1E_S1_C1 train[3] k=5  dim=576  frames=268  σ=0.0  fold=2 ===
  SSC-Block-TV-Col21: k_hat=5  ACC=1.0000  NMI=1.0000  ARI=1.0000  0.5s

=== P1E_S1_C2 train[0] k=5  dim=576  frames=231  σ=0.0  fold=2 ===
  SSC-Block-TV-Col21: k_hat=5  ACC=0.9654  NMI=0.9166  ARI=0.9115  0.4s

=== P1E_S1_C2 train[1] k=5  dim=576  frames=188  σ=0.0  fold=2 ===
  SSC-Block-TV-Col21: k_hat=5  ACC=0.9574  NMI=0.9258  ARI=0.8824  0.2s

=== P1E_S1_C2 train[2] k=5  dim=576  frames=199  σ=0.0  fold=2 ===
  SSC-Block-TV-Col21: k_hat=5  ACC=0.6834  NMI=0.8020  ARI=0.6484  0.3s

=== P1E_S1_C2 train[3] k=5  dim=576  frames=215  σ=0.0  fold=2 ===
  SSC-Block-TV-Col21: k_hat=5  ACC=0.9907  NMI=0.9763  ARI=0.9765  0.3s

=== P1E_S1_C3 train[0] k=5  dim=576  frames=98  σ=0.0  fold=2 ===
  SSC-Block-TV-Col21: k_hat=5  ACC=0.9592  NMI=0.9159  ARI=0.8970  0.1s

=== P1E_S1_C3 train[1] k=5  dim=576  frames=93  σ=0.0  fold=2 ===
  SSC-Block-TV-Col21: k_hat=5  ACC=0.8172  NMI=0.8581  ARI=0.7901  0.1s

=== P1E_S1_C3 train[2] k=5  dim=576  frames=87  σ=0.0  fold=2 ===
  SSC-Block-TV-Col21: k_hat=5  ACC=0.8276  NMI=0.8277  ARI=0.7151  0.1s

=== P1E_S1_C3 train[3] k=5  dim=576  frames=107  σ=0.0  fold=2 ===
  SSC-Block-TV-Col21: k_hat=5  ACC=0.9813  NMI=0.9524  ARI=0.9517  0.1s

=== P1E_S2_C1 train[0] k=5  dim=576  frames=268  σ=0.0  fold=2 ===
  SSC-Block-TV-Col21: k_hat=5  ACC=0.9739  NMI=0.9344  ARI=0.9342  0.5s

=== P1E_S2_C1 train[1] k=5  dim=576  frames=250  σ=0.0  fold=2 ===
  SSC-Block-TV-Col21: k_hat=5  ACC=0.9440  NMI=0.9228  ARI=0.8898  0.4s

=== P1E_S2_C1 train[2] k=5  dim=576  frames=232  σ=0.0  fold=2 ===
  SSC-Block-TV-Col21: k_hat=5  ACC=0.5172  NMI=0.7305  ARI=0.5260  0.3s

=== P1E_S2_C1 train[3] k=5  dim=576  frames=241  σ=0.0  fold=2 ===
  SSC-Block-TV-Col21: k_hat=5  ACC=0.7925  NMI=0.8309  ARI=0.7390  0.4s

=== P1E_S2_C2 train[0] k=5  dim=576  frames=223  σ=0.0  fold=2 ===
  SSC-Block-TV-Col21: k_hat=5  ACC=0.9417  NMI=0.8904  ARI=0.8563  0.3s

=== P1E_S2_C2 train[1] k=5  dim=576  frames=196  σ=0.0  fold=2 ===
  SSC-Block-TV-Col21: k_hat=5  ACC=0.9847  NMI=0.9598  ARI=0.9622  0.3s

=== P1E_S2_C2 train[2] k=5  dim=576  frames=192  σ=0.0  fold=2 ===
  SSC-Block-TV-Col21: k_hat=5  ACC=0.7344  NMI=0.7841  ARI=0.6284  0.2s

=== P1E_S2_C2 train[3] k=5  dim=576  frames=212  σ=0.0  fold=2 ===
  SSC-Block-TV-Col21: k_hat=5  ACC=0.9717  NMI=0.9360  ARI=0.9323  0.3s

=== P1E_S2_C3 train[0] k=5  dim=576  frames=173  σ=0.0  fold=2 ===
  SSC-Block-TV-Col21: k_hat=5  ACC=1.0000  NMI=1.0000  ARI=1.0000  0.2s

=== P1E_S2_C3 train[1] k=5  dim=576  frames=156  σ=0.0  fold=2 ===
  SSC-Block-TV-Col21: k_hat=5  ACC=0.9615  NMI=0.9338  ARI=0.9011  0.2s

=== P1E_S2_C3 train[2] k=5  dim=576  frames=160  σ=0.0  fold=2 ===
  SSC-Block-TV-Col21: k_hat=5  ACC=0.7750  NMI=0.8515  ARI=0.7509  0.2s

=== P1E_S2_C3 train[3] k=5  dim=576  frames=154  σ=0.0  fold=2 ===
  SSC-Block-TV-Col21: k_hat=5  ACC=0.9740  NMI=0.9398  ARI=0.9378  0.2s

=== P1E_S3_C1 train[0] k=5  dim=576  frames=258  σ=0.0  fold=2 ===
  SSC-Block-TV-Col21: k_hat=5  ACC=0.7054  NMI=0.8195  ARI=0.6245  0.4s

=== P1E_S3_C1 train[1] k=5  dim=576  frames=237  σ=0.0  fold=2 ===
  SSC-Block-TV-Col21: k_hat=5  ACC=0.8608  NMI=0.8471  ARI=0.7300  0.4s

=== P1E_S3_C1 train[2] k=5  dim=576  frames=250  σ=0.0  fold=2 ===
  SSC-Block-TV-Col21: k_hat=5  ACC=0.5360  NMI=0.6497  ARI=0.4244  0.4s

=== P1E_S3_C1 train[3] k=5  dim=576  frames=237  σ=0.0  fold=2 ===
  SSC-Block-TV-Col21: k_hat=5  ACC=0.8903  NMI=0.8971  ARI=0.8394  0.4s

=== P1E_S3_C2 train[0] k=5  dim=576  frames=232  σ=0.0  fold=2 ===
  SSC-Block-TV-Col21: k_hat=5  ACC=0.8966  NMI=0.8489  ARI=0.7544  0.4s

=== P1E_S3_C2 train[1] k=5  dim=576  frames=204  σ=0.0  fold=2 ===
  SSC-Block-TV-Col21: k_hat=5  ACC=0.9363  NMI=0.8851  ARI=0.8562  0.3s

=== P1E_S3_C2 train[2] k=5  dim=576  frames=222  σ=0.0  fold=2 ===
  SSC-Block-TV-Col21: k_hat=5  ACC=0.5811  NMI=0.7097  ARI=0.4847  0.3s

=== P1E_S3_C2 train[3] k=5  dim=576  frames=188  σ=0.0  fold=2 ===
  SSC-Block-TV-Col21: k_hat=5  ACC=0.9309  NMI=0.8798  ARI=0.8543  0.2s

=== P1E_S3_C3 train[0] k=5  dim=576  frames=170  σ=0.0  fold=2 ===
  SSC-Block-TV-Col21: k_hat=5  ACC=0.9824  NMI=0.9602  ARI=0.9502  0.2s

=== P1E_S3_C3 train[1] k=5  dim=576  frames=150  σ=0.0  fold=2 ===
  SSC-Block-TV-Col21: k_hat=5  ACC=1.0000  NMI=1.0000  ARI=1.0000  0.2s

=== P1E_S3_C3 train[2] k=5  dim=576  frames=167  σ=0.0  fold=2 ===
  SSC-Block-TV-Col21: k_hat=5  ACC=0.7365  NMI=0.8426  ARI=0.7135  0.2s

=== P1E_S3_C3 train[3] k=5  dim=576  frames=168  σ=0.0  fold=2 ===
  SSC-Block-TV-Col21: k_hat=5  ACC=0.9881  NMI=0.9667  ARI=0.9741  0.2s

=== P1E_S4_C1 train[0] k=5  dim=576  frames=231  σ=0.0  fold=2 ===
  SSC-Block-TV-Col21: k_hat=5  ACC=0.7619  NMI=0.8525  ARI=0.6836  0.4s

=== P1E_S4_C1 train[1] k=5  dim=576  frames=248  σ=0.0  fold=2 ===
  SSC-Block-TV-Col21: k_hat=5  ACC=0.9919  NMI=0.9783  ARI=0.9788  0.4s

=== P1E_S4_C1 train[2] k=5  dim=576  frames=248  σ=0.0  fold=2 ===
  SSC-Block-TV-Col21: k_hat=5  ACC=0.6653  NMI=0.7327  ARI=0.5500  0.4s

=== P1E_S4_C1 train[3] k=5  dim=576  frames=217  σ=0.0  fold=2 ===
  SSC-Block-TV-Col21: k_hat=5  ACC=0.7558  NMI=0.8147  ARI=0.7154  0.3s

=== P1E_S4_C2 train[0] k=5  dim=576  frames=201  σ=0.0  fold=2 ===
  SSC-Block-TV-Col21: k_hat=5  ACC=0.9751  NMI=0.9414  ARI=0.9381  0.3s

=== P1E_S4_C2 train[1] k=5  dim=576  frames=193  σ=0.0  fold=2 ===
  SSC-Block-TV-Col21: k_hat=5  ACC=0.9534  NMI=0.9090  ARI=0.8912  0.3s

=== P1E_S4_C2 train[2] k=5  dim=576  frames=223  σ=0.0  fold=2 ===
  SSC-Block-TV-Col21: k_hat=5  ACC=0.7175  NMI=0.8195  ARI=0.6846  0.3s

=== P1E_S4_C2 train[3] k=5  dim=576  frames=198  σ=0.0  fold=2 ===
  SSC-Block-TV-Col21: k_hat=5  ACC=0.8535  NMI=0.8592  ARI=0.7691  0.3s

=== P1E_S4_C3 train[0] k=5  dim=576  frames=132  σ=0.0  fold=2 ===
  SSC-Block-TV-Col21: k_hat=5  ACC=0.9318  NMI=0.8674  ARI=0.8320  0.1s

=== P1E_S4_C3 train[1] k=5  dim=576  frames=152  σ=0.0  fold=2 ===
  SSC-Block-TV-Col21: k_hat=5  ACC=0.9539  NMI=0.9254  ARI=0.8868  0.2s

=== P1E_S4_C3 train[2] k=5  dim=576  frames=141  σ=0.0  fold=2 ===
  SSC-Block-TV-Col21: k_hat=5  ACC=0.9787  NMI=0.9490  ARI=0.9500  0.2s

=== P1E_S4_C3 train[3] k=5  dim=576  frames=147  σ=0.0  fold=2 ===
  SSC-Block-TV-Col21: k_hat=5  ACC=0.8027  NMI=0.8895  ARI=0.7825  0.2s

=== P1L_S1_C1 train[0] k=5  dim=576  frames=289  σ=0.0  fold=2 ===
  SSC-Block-TV-Col21: k_hat=5  ACC=0.7578  NMI=0.8693  ARI=0.7311  0.5s

=== P1L_S1_C1 train[1] k=5  dim=576  frames=265  σ=0.0  fold=2 ===
  SSC-Block-TV-Col21: k_hat=5  ACC=1.0000  NMI=1.0000  ARI=1.0000  0.5s

=== P1L_S1_C1 train[2] k=5  dim=576  frames=239  σ=0.0  fold=2 ===
  SSC-Block-TV-Col21: k_hat=5  ACC=0.8912  NMI=0.9108  ARI=0.8725  0.4s

=== P1L_S1_C1 train[3] k=5  dim=576  frames=285  σ=0.0  fold=2 ===
  SSC-Block-TV-Col21: k_hat=5  ACC=1.0000  NMI=1.0000  ARI=1.0000  0.5s

=== P1L_S1_C2 train[0] k=5  dim=576  frames=286  σ=0.0  fold=2 ===
  SSC-Block-TV-Col21: k_hat=5  ACC=0.9930  NMI=0.9816  ARI=0.9854  0.5s

=== P1L_S1_C2 train[1] k=5  dim=576  frames=236  σ=0.0  fold=2 ===
  SSC-Block-TV-Col21: k_hat=5  ACC=1.0000  NMI=1.0000  ARI=1.0000  0.4s

=== P1L_S1_C2 train[2] k=5  dim=576  frames=260  σ=0.0  fold=2 ===
  SSC-Block-TV-Col21: k_hat=5  ACC=0.6923  NMI=0.8584  ARI=0.6930  0.4s

=== P1L_S1_C2 train[3] k=5  dim=576  frames=270  σ=0.0  fold=2 ===
  SSC-Block-TV-Col21: k_hat=5  ACC=1.0000  NMI=1.0000  ARI=1.0000  0.5s

=== P1L_S1_C3 train[0] k=5  dim=576  frames=108  σ=0.0  fold=2 ===
  SSC-Block-TV-Col21: k_hat=5  ACC=0.6389  NMI=0.7387  ARI=0.5007  0.1s

=== P1L_S1_C3 train[1] k=5  dim=576  frames=115  σ=0.0  fold=2 ===
  SSC-Block-TV-Col21: k_hat=5  ACC=0.6957  NMI=0.7784  ARI=0.5701  0.1s

=== P1L_S1_C3 train[2] k=5  dim=576  frames=101  σ=0.0  fold=2 ===
  SSC-Block-TV-Col21: k_hat=5  ACC=0.7723  NMI=0.7612  ARI=0.6108  0.1s

=== P1L_S1_C3 train[3] k=5  dim=576  frames=124  σ=0.0  fold=2 ===
  SSC-Block-TV-Col21: k_hat=5  ACC=0.9758  NMI=0.9432  ARI=0.9390  0.1s

=== P1L_S2_C1 train[0] k=5  dim=576  frames=348  σ=0.0  fold=2 ===
  SSC-Block-TV-Col21: k_hat=5  ACC=0.8103  NMI=0.7603  ARI=0.6476  0.7s

=== P1L_S2_C1 train[1] k=5  dim=576  frames=281  σ=0.0  fold=2 ===
  SSC-Block-TV-Col21: k_hat=5  ACC=0.9253  NMI=0.9021  ARI=0.8382  0.5s

=== P1L_S2_C1 train[2] k=5  dim=576  frames=275  σ=0.0  fold=2 ===
  SSC-Block-TV-Col21: k_hat=5  ACC=0.9018  NMI=0.9077  ARI=0.8561  0.5s

=== P1L_S2_C1 train[3] k=5  dim=576  frames=265  σ=0.0  fold=2 ===
  SSC-Block-TV-Col21: k_hat=5  ACC=1.0000  NMI=1.0000  ARI=1.0000  0.5s

=== P1L_S2_C2 train[0] k=5  dim=576  frames=300  σ=0.0  fold=2 ===
  SSC-Block-TV-Col21: k_hat=5  ACC=0.9400  NMI=0.9092  ARI=0.8530  0.5s

=== P1L_S2_C2 train[1] k=5  dim=576  frames=256  σ=0.0  fold=2 ===
  SSC-Block-TV-Col21: k_hat=5  ACC=1.0000  NMI=1.0000  ARI=1.0000  0.4s

=== P1L_S2_C2 train[2] k=5  dim=576  frames=301  σ=0.0  fold=2 ===
  SSC-Block-TV-Col21: k_hat=5  ACC=1.0000  NMI=1.0000  ARI=1.0000  0.6s

=== P1L_S2_C2 train[3] k=5  dim=576  frames=222  σ=0.0  fold=2 ===
  SSC-Block-TV-Col21: k_hat=5  ACC=1.0000  NMI=1.0000  ARI=1.0000  0.3s

=== P1L_S2_C3 train[0] k=5  dim=576  frames=191  σ=0.0  fold=2 ===
  SSC-Block-TV-Col21: k_hat=5  ACC=1.0000  NMI=1.0000  ARI=1.0000  0.3s

=== P1L_S2_C3 train[1] k=5  dim=576  frames=159  σ=0.0  fold=2 ===
  SSC-Block-TV-Col21: k_hat=5  ACC=1.0000  NMI=1.0000  ARI=1.0000  0.2s

=== P1L_S2_C3 train[2] k=5  dim=576  frames=175  σ=0.0  fold=2 ===
  SSC-Block-TV-Col21: k_hat=5  ACC=0.6800  NMI=0.7840  ARI=0.6168  0.2s

=== P1L_S2_C3 train[3] k=5  dim=576  frames=179  σ=0.0  fold=2 ===
  SSC-Block-TV-Col21: k_hat=5  ACC=0.9888  NMI=0.9736  ARI=0.9760  0.2s

=== P1L_S3_C1 train[0] k=5  dim=576  frames=246  σ=0.0  fold=2 ===
  SSC-Block-TV-Col21: k_hat=5  ACC=0.6748  NMI=0.7504  ARI=0.5514  0.4s

=== P1L_S3_C1 train[1] k=5  dim=576  frames=289  σ=0.0  fold=2 ===
  SSC-Block-TV-Col21: k_hat=5  ACC=0.6194  NMI=0.7035  ARI=0.4397  0.5s

=== P1L_S3_C1 train[2] k=5  dim=576  frames=312  σ=0.0  fold=2 ===
  SSC-Block-TV-Col21: k_hat=5  ACC=0.5673  NMI=0.6741  ARI=0.4738  0.6s

=== P1L_S3_C1 train[3] k=5  dim=576  frames=241  σ=0.0  fold=2 ===
  SSC-Block-TV-Col21: k_hat=5  ACC=0.7967  NMI=0.7925  ARI=0.6377  0.4s

=== P1L_S3_C2 train[0] k=5  dim=576  frames=262  σ=0.0  fold=2 ===
  SSC-Block-TV-Col21: k_hat=5  ACC=0.9542  NMI=0.9272  ARI=0.8916  0.4s

=== P1L_S3_C2 train[1] k=5  dim=576  frames=287  σ=0.0  fold=2 ===
  SSC-Block-TV-Col21: k_hat=5  ACC=1.0000  NMI=1.0000  ARI=1.0000  0.5s

=== P1L_S3_C2 train[2] k=5  dim=576  frames=329  σ=0.0  fold=2 ===
  SSC-Block-TV-Col21: k_hat=5  ACC=0.8997  NMI=0.8902  ARI=0.7994  0.7s

=== P1L_S3_C2 train[3] k=5  dim=576  frames=290  σ=0.0  fold=2 ===
  SSC-Block-TV-Col21: k_hat=5  ACC=0.6966  NMI=0.8449  ARI=0.6581  0.5s

=== P1L_S3_C3 train[0] k=5  dim=576  frames=231  σ=0.0  fold=2 ===
  SSC-Block-TV-Col21: k_hat=5  ACC=0.9307  NMI=0.8887  ARI=0.8175  0.4s

=== P1L_S3_C3 train[1] k=5  dim=576  frames=210  σ=0.0  fold=2 ===
  SSC-Block-TV-Col21: k_hat=5  ACC=1.0000  NMI=1.0000  ARI=1.0000  0.3s

=== P1L_S3_C3 train[2] k=5  dim=576  frames=210  σ=0.0  fold=2 ===
  SSC-Block-TV-Col21: k_hat=5  ACC=0.7238  NMI=0.8731  ARI=0.7532  0.3s

=== P1L_S3_C3 train[3] k=5  dim=576  frames=229  σ=0.0  fold=2 ===
  SSC-Block-TV-Col21: k_hat=5  ACC=0.9913  NMI=0.9788  ARI=0.9843  0.4s

=== P1L_S4_C1 train[0] k=5  dim=576  frames=313  σ=0.0  fold=2 ===
  SSC-Block-TV-Col21: k_hat=5  ACC=0.9393  NMI=0.9133  ARI=0.8638  0.6s

=== P1L_S4_C1 train[1] k=5  dim=576  frames=255  σ=0.0  fold=2 ===
  SSC-Block-TV-Col21: k_hat=5  ACC=0.9843  NMI=0.9626  ARI=0.9540  0.4s

=== P1L_S4_C1 train[2] k=5  dim=576  frames=278  σ=0.0  fold=2 ===
  SSC-Block-TV-Col21: k_hat=5  ACC=0.7698  NMI=0.8699  ARI=0.7347  0.5s

=== P1L_S4_C1 train[3] k=5  dim=576  frames=344  σ=0.0  fold=2 ===
  SSC-Block-TV-Col21: k_hat=5  ACC=0.6424  NMI=0.7540  ARI=0.5379  0.7s

=== P1L_S4_C2 train[0] k=5  dim=576  frames=267  σ=0.0  fold=2 ===
  SSC-Block-TV-Col21: k_hat=5  ACC=0.9438  NMI=0.9194  ARI=0.8801  0.5s

=== P1L_S4_C2 train[1] k=5  dim=576  frames=257  σ=0.0  fold=2 ===
  SSC-Block-TV-Col21: k_hat=5  ACC=1.0000  NMI=1.0000  ARI=1.0000  0.4s

=== P1L_S4_C2 train[2] k=5  dim=576  frames=258  σ=0.0  fold=2 ===
  SSC-Block-TV-Col21: k_hat=5  ACC=0.7713  NMI=0.7808  ARI=0.6220  0.4s

=== P1L_S4_C2 train[3] k=5  dim=576  frames=266  σ=0.0  fold=2 ===
  SSC-Block-TV-Col21: k_hat=5  ACC=1.0000  NMI=1.0000  ARI=1.0000  0.5s

=== P1L_S4_C3 train[0] k=5  dim=576  frames=180  σ=0.0  fold=2 ===
  SSC-Block-TV-Col21: k_hat=5  ACC=1.0000  NMI=1.0000  ARI=1.0000  0.2s

=== P1L_S4_C3 train[1] k=5  dim=576  frames=158  σ=0.0  fold=2 ===
  SSC-Block-TV-Col21: k_hat=5  ACC=1.0000  NMI=1.0000  ARI=1.0000  0.2s

=== P1L_S4_C3 train[2] k=5  dim=576  frames=169  σ=0.0  fold=2 ===
  SSC-Block-TV-Col21: k_hat=5  ACC=0.7278  NMI=0.8707  ARI=0.7345  0.2s

=== P1L_S4_C3 train[3] k=5  dim=576  frames=185  σ=0.0  fold=2 ===
  SSC-Block-TV-Col21: k_hat=5  ACC=1.0000  NMI=1.0000  ARI=1.0000  0.3s

=== P1E_S1_C1 test[0] k=5  dim=576  frames=265  σ=0.0  fold=2 ===
  SSC-Block-TV-Col21: k_hat=5  ACC=0.7170  NMI=0.8006  ARI=0.6345  0.5s

=== P1E_S1_C2 test[0] k=5  dim=576  frames=198  σ=0.0  fold=2 ===
  SSC-Block-TV-Col21: k_hat=5  ACC=0.7121  NMI=0.7920  ARI=0.6351  0.3s

=== P1E_S1_C3 test[0] k=5  dim=576  frames=68  σ=0.0  fold=2 ===
  SSC-Block-TV-Col21: k_hat=5  ACC=0.7941  NMI=0.7994  ARI=0.6916  0.1s

=== P1E_S2_C1 test[0] k=5  dim=576  frames=265  σ=0.0  fold=2 ===
  SSC-Block-TV-Col21: k_hat=5  ACC=0.5208  NMI=0.6936  ARI=0.4313  0.5s

=== P1E_S2_C2 test[0] k=5  dim=576  frames=219  σ=0.0  fold=2 ===
  SSC-Block-TV-Col21: k_hat=5  ACC=0.9635  NMI=0.9367  ARI=0.9104  0.3s

=== P1E_S2_C3 test[0] k=5  dim=576  frames=173  σ=0.0  fold=2 ===
  SSC-Block-TV-Col21: k_hat=5  ACC=0.8902  NMI=0.8684  ARI=0.7916  0.2s

=== P1E_S3_C1 test[0] k=5  dim=576  frames=273  σ=0.0  fold=2 ===
  SSC-Block-TV-Col21: k_hat=5  ACC=0.7399  NMI=0.7900  ARI=0.6647  0.5s

=== P1E_S3_C2 test[0] k=5  dim=576  frames=280  σ=0.0  fold=2 ===
  SSC-Block-TV-Col21: k_hat=5  ACC=0.7607  NMI=0.8096  ARI=0.6639  0.5s

=== P1E_S3_C3 test[0] k=5  dim=576  frames=211  σ=0.0  fold=2 ===
  SSC-Block-TV-Col21: k_hat=5  ACC=0.7393  NMI=0.8374  ARI=0.6914  0.3s

=== P1E_S4_C1 test[0] k=5  dim=576  frames=303  σ=0.0  fold=2 ===
  SSC-Block-TV-Col21: k_hat=5  ACC=0.9274  NMI=0.9111  ARI=0.8616  0.6s

=== P1E_S4_C2 test[0] k=5  dim=576  frames=236  σ=0.0  fold=2 ===
  SSC-Block-TV-Col21: k_hat=5  ACC=0.9831  NMI=0.9567  ARI=0.9568  0.4s

=== P1E_S4_C3 test[0] k=5  dim=576  frames=147  σ=0.0  fold=2 ===
  SSC-Block-TV-Col21: k_hat=5  ACC=0.9728  NMI=0.9315  ARI=0.9309  0.2s

=== P1L_S1_C1 test[0] k=5  dim=576  frames=313  σ=0.0  fold=2 ===
  SSC-Block-TV-Col21: k_hat=5  ACC=1.0000  NMI=1.0000  ARI=1.0000  0.6s

=== P1L_S1_C2 test[0] k=5  dim=576  frames=257  σ=0.0  fold=2 ===
  SSC-Block-TV-Col21: k_hat=5  ACC=0.9494  NMI=0.9236  ARI=0.8918  0.4s

=== P1L_S1_C3 test[0] k=5  dim=576  frames=117  σ=0.0  fold=2 ===
  SSC-Block-TV-Col21: k_hat=5  ACC=0.6581  NMI=0.7683  ARI=0.5848  0.1s

=== P1L_S2_C1 test[0] k=5  dim=576  frames=301  σ=0.0  fold=2 ===
  SSC-Block-TV-Col21: k_hat=5  ACC=0.7575  NMI=0.7891  ARI=0.6323  0.6s

=== P1L_S2_C2 test[0] k=5  dim=576  frames=314  σ=0.0  fold=2 ===
  SSC-Block-TV-Col21: k_hat=5  ACC=0.9045  NMI=0.8888  ARI=0.7909  0.6s

=== P1L_S2_C3 test[0] k=5  dim=576  frames=193  σ=0.0  fold=2 ===
  SSC-Block-TV-Col21: k_hat=5  ACC=0.8964  NMI=0.8854  ARI=0.7821  0.3s

=== P1L_S3_C1 test[0] k=5  dim=576  frames=241  σ=0.0  fold=2 ===
  SSC-Block-TV-Col21: k_hat=5  ACC=0.8382  NMI=0.8036  ARI=0.6543  0.4s

=== P1L_S3_C2 test[0] k=5  dim=576  frames=304  σ=0.0  fold=2 ===
  SSC-Block-TV-Col21: k_hat=5  ACC=0.7862  NMI=0.8818  ARI=0.7855  0.5s

=== P1L_S3_C3 test[0] k=5  dim=576  frames=225  σ=0.0  fold=2 ===
  SSC-Block-TV-Col21: k_hat=5  ACC=1.0000  NMI=1.0000  ARI=1.0000  0.3s

=== P1L_S4_C1 test[0] k=5  dim=576  frames=253  σ=0.0  fold=2 ===
  SSC-Block-TV-Col21: k_hat=5  ACC=0.9921  NMI=0.9798  ARI=0.9838  0.4s

=== P1L_S4_C2 test[0] k=5  dim=576  frames=279  σ=0.0  fold=2 ===
  SSC-Block-TV-Col21: k_hat=5  ACC=0.9391  NMI=0.8933  ARI=0.8769  0.5s

=== P1L_S4_C3 test[0] k=5  dim=576  frames=188  σ=0.0  fold=2 ===
  SSC-Block-TV-Col21: k_hat=5  ACC=0.6702  NMI=0.7699  ARI=0.5960  0.2s

============================================================
σ=0.0 fold=3  test=['0007', '0010', '0015', '0016', '0021']  train mats=96  test mats=24
  --- tune SSC-Block-TV-Col21 over 96 train mats  n_trials=40 (4 params) ---
  SSC-Block-TV-Col21 trial 0: mean ARI=0.6090  n=96  33.5s  lambda_e=1, lambda_z=0.1, gamma_q=0.1, block_size=5
  SSC-Block-TV-Col21 trial 1: mean ARI=0.6942  n=96  33.2s  lambda_e=0.443, lambda_z=0.7257, gamma_q=0.2577, block_size=7
  SSC-Block-TV-Col21 trial 2: mean ARI=0.7689  n=96  32.7s  lambda_e=0.1866, lambda_z=0.3833, gamma_q=0.05628, block_size=11
  SSC-Block-TV-Col21 trial 3: mean ARI=0.4398  n=96  34.2s  lambda_e=7.78, lambda_z=0.03418, gamma_q=1.469, block_size=7
  SSC-Block-TV-Col21 trial 4: mean ARI=0.6186  n=96  35.4s  lambda_e=0.506, lambda_z=5.039, gamma_q=0.001924, block_size=2
  SSC-Block-TV-Col21 trial 5: mean ARI=0.4603  n=96  32.7s  lambda_e=0.0115, lambda_z=2.14, gamma_q=1.296, block_size=11
  SSC-Block-TV-Col21 trial 6: mean ARI=0.7332  n=96  32.6s  lambda_e=8.627, lambda_z=1.573, gamma_q=0.07013, block_size=10
  SSC-Block-TV-Col21 trial 7: mean ARI=0.7949  n=96  31.9s  lambda_e=0.02264, lambda_z=0.3628, gamma_q=0.003745, block_size=12
  SSC-Block-TV-Col21 trial 8: mean ARI=0.7817  n=96  31.9s  lambda_e=0.3677, lambda_z=0.04557, gamma_q=0.01143, block_size=10
  SSC-Block-TV-Col21 trial 9: mean ARI=0.7942  n=96  32.0s  lambda_e=0.2336, lambda_z=0.1878, gamma_q=0.001189, block_size=8
  SSC-Block-TV-Col21 trial 10: mean ARI=0.5134  n=96  34.5s  lambda_e=0.01151, lambda_z=0.001661, gamma_q=6.473, block_size=2
  SSC-Block-TV-Col21 trial 11: mean ARI=0.7987  n=96  32.0s  lambda_e=0.05789, lambda_z=0.1589, gamma_q=0.001276, block_size=8
  SSC-Block-TV-Col21 trial 12: mean ARI=0.6383  n=96  31.8s  lambda_e=0.03705, lambda_z=0.00525, gamma_q=0.006143, block_size=12
  SSC-Block-TV-Col21 trial 13: mean ARI=0.7618  n=96  32.7s  lambda_e=0.04693, lambda_z=0.01302, gamma_q=0.007133, block_size=5
  SSC-Block-TV-Col21 trial 14: mean ARI=0.7945  n=96  32.0s  lambda_e=0.05946, lambda_z=0.1905, gamma_q=0.003034, block_size=9
  SSC-Block-TV-Col21 trial 15: mean ARI=0.7492  n=96  32.6s  lambda_e=0.09713, lambda_z=7.364, gamma_q=0.02311, block_size=5
  SSC-Block-TV-Col21 trial 16: mean ARI=0.7865  n=96  31.9s  lambda_e=0.02243, lambda_z=0.9967, gamma_q=0.001081, block_size=12
  SSC-Block-TV-Col21 trial 17: mean ARI=0.8141  n=96  32.2s  lambda_e=0.0948, lambda_z=0.05151, gamma_q=0.003898, block_size=7
  SSC-Block-TV-Col21 trial 18: mean ARI=0.6831  n=96  32.3s  lambda_e=1.378, lambda_z=0.01921, gamma_q=0.01821, block_size=7
  SSC-Block-TV-Col21 trial 19: mean ARI=0.8022  n=96  32.8s  lambda_e=0.1295, lambda_z=0.07318, gamma_q=0.002981, block_size=4
  SSC-Block-TV-Col21 trial 20: mean ARI=0.5083  n=96  33.0s  lambda_e=2.715, lambda_z=0.005125, gamma_q=0.02798, block_size=4
  SSC-Block-TV-Col21 trial 21: mean ARI=0.8032  n=96  32.9s  lambda_e=0.1074, lambda_z=0.07624, gamma_q=0.003128, block_size=4
  SSC-Block-TV-Col21 trial 22: mean ARI=0.8160  n=96  32.8s  lambda_e=0.1298, lambda_z=0.06805, gamma_q=0.004805, block_size=4
  SSC-Block-TV-Col21 trial 23: mean ARI=0.7823  n=96  33.4s  lambda_e=0.1457, lambda_z=0.02328, gamma_q=0.008866, block_size=3
  SSC-Block-TV-Col21 trial 24: mean ARI=0.7527  n=96  32.4s  lambda_e=0.09442, lambda_z=0.009654, gamma_q=0.004529, block_size=6
  SSC-Block-TV-Col21 trial 25: mean ARI=0.8157  n=96  33.2s  lambda_e=0.3295, lambda_z=0.04975, gamma_q=0.01305, block_size=3
  SSC-Block-TV-Col21 trial 26: mean ARI=0.6910  n=96  33.4s  lambda_e=0.2699, lambda_z=0.03464, gamma_q=0.03911, block_size=3
  SSC-Block-TV-Col21 trial 27: mean ARI=0.5012  n=96  33.4s  lambda_e=0.8709, lambda_z=0.001345, gamma_q=0.1449, block_size=3
  SSC-Block-TV-Col21 trial 28: mean ARI=0.6167  n=96  32.3s  lambda_e=0.726, lambda_z=0.006331, gamma_q=0.01181, block_size=6
  SSC-Block-TV-Col21 trial 29: mean ARI=0.5626  n=96  32.6s  lambda_e=2.373, lambda_z=0.1241, gamma_q=0.1597, block_size=5
  SSC-Block-TV-Col21 trial 30: mean ARI=0.7802  n=96  32.4s  lambda_e=0.3088, lambda_z=0.05304, gamma_q=0.01596, block_size=6
  SSC-Block-TV-Col21 trial 31: mean ARI=0.8035  n=96  32.8s  lambda_e=0.08943, lambda_z=0.08489, gamma_q=0.002404, block_size=4
  SSC-Block-TV-Col21 trial 32: mean ARI=0.7864  n=96  33.0s  lambda_e=0.1959, lambda_z=0.3083, gamma_q=0.002082, block_size=4
  SSC-Block-TV-Col21 trial 33: mean ARI=0.8245  n=96  34.3s  lambda_e=0.08268, lambda_z=0.07403, gamma_q=0.006707, block_size=2
  SSC-Block-TV-Col21 trial 34: mean ARI=0.7897  n=96  34.3s  lambda_e=0.03189, lambda_z=0.02136, gamma_q=0.006955, block_size=2
  SSC-Block-TV-Col21 trial 35: mean ARI=0.8396  n=96  33.5s  lambda_e=0.5355, lambda_z=0.4775, gamma_q=0.0415, block_size=3
  SSC-Block-TV-Col21 trial 36: mean ARI=0.6811  n=96  33.4s  lambda_e=0.5462, lambda_z=0.5049, gamma_q=0.4445, block_size=3
  SSC-Block-TV-Col21 trial 37: mean ARI=0.7586  n=96  34.4s  lambda_e=1.305, lambda_z=2.73, gamma_q=0.04435, block_size=2
  SSC-Block-TV-Col21 trial 38: mean ARI=0.8205  n=96  33.5s  lambda_e=0.5382, lambda_z=0.2674, gamma_q=0.06437, block_size=3
  SSC-Block-TV-Col21 trial 39: mean ARI=0.8629  n=96  34.4s  lambda_e=3.55, lambda_z=0.7101, gamma_q=0.08444, block_size=2
    best mean ARI=0.8629  tune 1320.4s  lambda_e=3.55, lambda_z=0.7101, gamma_q=0.08444, block_size=2
  wrote /nfs/turbo/umms-minjilab/lpullela/icassp_ssc_tv2/block_ssc_benchmark/cv/params/surveillance/split_k5_clean_min30_trials20_knownk_scaled_params_cv_ssc_block_tv_col21_k5_sigma0_sigma0_fold3.json

=== P1E_S1_C1 train[0] k=5  dim=576  frames=249  σ=0.0  fold=3 ===
  SSC-Block-TV-Col21: k_hat=5  ACC=0.9478  NMI=0.9184  ARI=0.8719  0.4s

=== P1E_S1_C1 train[1] k=5  dim=576  frames=212  σ=0.0  fold=3 ===
  SSC-Block-TV-Col21: k_hat=5  ACC=0.9858  NMI=0.9682  ARI=0.9672  0.3s

=== P1E_S1_C1 train[2] k=5  dim=576  frames=265  σ=0.0  fold=3 ===
  SSC-Block-TV-Col21: k_hat=5  ACC=0.7509  NMI=0.8702  ARI=0.7373  0.5s

=== P1E_S1_C1 train[3] k=5  dim=576  frames=268  σ=0.0  fold=3 ===
  SSC-Block-TV-Col21: k_hat=5  ACC=1.0000  NMI=1.0000  ARI=1.0000  0.5s

=== P1E_S1_C2 train[0] k=5  dim=576  frames=231  σ=0.0  fold=3 ===
  SSC-Block-TV-Col21: k_hat=5  ACC=0.9827  NMI=0.9550  ARI=0.9573  0.4s

=== P1E_S1_C2 train[1] k=5  dim=576  frames=188  σ=0.0  fold=3 ===
  SSC-Block-TV-Col21: k_hat=5  ACC=0.9947  NMI=0.9841  ARI=0.9853  0.2s

=== P1E_S1_C2 train[2] k=5  dim=576  frames=198  σ=0.0  fold=3 ===
  SSC-Block-TV-Col21: k_hat=5  ACC=0.7424  NMI=0.8087  ARI=0.6772  0.3s

=== P1E_S1_C2 train[3] k=5  dim=576  frames=215  σ=0.0  fold=3 ===
  SSC-Block-TV-Col21: k_hat=5  ACC=0.9814  NMI=0.9490  ARI=0.9542  0.3s

=== P1E_S1_C3 train[0] k=5  dim=576  frames=98  σ=0.0  fold=3 ===
  SSC-Block-TV-Col21: k_hat=5  ACC=0.8980  NMI=0.8276  ARI=0.7871  0.1s

=== P1E_S1_C3 train[1] k=5  dim=576  frames=93  σ=0.0  fold=3 ===
  SSC-Block-TV-Col21: k_hat=5  ACC=0.9785  NMI=0.9546  ARI=0.9423  0.1s

=== P1E_S1_C3 train[2] k=5  dim=576  frames=68  σ=0.0  fold=3 ===
  SSC-Block-TV-Col21: k_hat=5  ACC=0.9559  NMI=0.9126  ARI=0.8920  0.1s

=== P1E_S1_C3 train[3] k=5  dim=576  frames=107  σ=0.0  fold=3 ===
  SSC-Block-TV-Col21: k_hat=5  ACC=0.9720  NMI=0.9366  ARI=0.9288  0.1s

=== P1E_S2_C1 train[0] k=5  dim=576  frames=268  σ=0.0  fold=3 ===
  SSC-Block-TV-Col21: k_hat=5  ACC=0.9515  NMI=0.8880  ARI=0.8746  0.5s

=== P1E_S2_C1 train[1] k=5  dim=576  frames=250  σ=0.0  fold=3 ===
  SSC-Block-TV-Col21: k_hat=5  ACC=1.0000  NMI=1.0000  ARI=1.0000  0.4s

=== P1E_S2_C1 train[2] k=5  dim=576  frames=265  σ=0.0  fold=3 ===
  SSC-Block-TV-Col21: k_hat=5  ACC=1.0000  NMI=1.0000  ARI=1.0000  0.5s

=== P1E_S2_C1 train[3] k=5  dim=576  frames=241  σ=0.0  fold=3 ===
  SSC-Block-TV-Col21: k_hat=5  ACC=0.9627  NMI=0.9399  ARI=0.9228  0.4s

=== P1E_S2_C2 train[0] k=5  dim=576  frames=223  σ=0.0  fold=3 ===
  SSC-Block-TV-Col21: k_hat=5  ACC=0.9821  NMI=0.9594  ARI=0.9482  0.4s

=== P1E_S2_C2 train[1] k=5  dim=576  frames=196  σ=0.0  fold=3 ===
  SSC-Block-TV-Col21: k_hat=5  ACC=0.9847  NMI=0.9598  ARI=0.9622  0.3s

=== P1E_S2_C2 train[2] k=5  dim=576  frames=219  σ=0.0  fold=3 ===
  SSC-Block-TV-Col21: k_hat=5  ACC=0.9589  NMI=0.9318  ARI=0.9004  0.3s

=== P1E_S2_C2 train[3] k=5  dim=576  frames=212  σ=0.0  fold=3 ===
  SSC-Block-TV-Col21: k_hat=5  ACC=0.9764  NMI=0.9468  ARI=0.9440  0.3s

=== P1E_S2_C3 train[0] k=5  dim=576  frames=173  σ=0.0  fold=3 ===
  SSC-Block-TV-Col21: k_hat=5  ACC=1.0000  NMI=1.0000  ARI=1.0000  0.2s

=== P1E_S2_C3 train[1] k=5  dim=576  frames=156  σ=0.0  fold=3 ===
  SSC-Block-TV-Col21: k_hat=5  ACC=0.9167  NMI=0.8973  ARI=0.8142  0.2s

=== P1E_S2_C3 train[2] k=5  dim=576  frames=173  σ=0.0  fold=3 ===
  SSC-Block-TV-Col21: k_hat=5  ACC=0.8902  NMI=0.8684  ARI=0.7916  0.2s

=== P1E_S2_C3 train[3] k=5  dim=576  frames=154  σ=0.0  fold=3 ===
  SSC-Block-TV-Col21: k_hat=5  ACC=0.9935  NMI=0.9818  ARI=0.9829  0.2s

=== P1E_S3_C1 train[0] k=5  dim=576  frames=258  σ=0.0  fold=3 ===
  SSC-Block-TV-Col21: k_hat=5  ACC=1.0000  NMI=1.0000  ARI=1.0000  0.4s

=== P1E_S3_C1 train[1] k=5  dim=576  frames=237  σ=0.0  fold=3 ===
  SSC-Block-TV-Col21: k_hat=5  ACC=0.9958  NMI=0.9872  ARI=0.9894  0.4s

=== P1E_S3_C1 train[2] k=5  dim=576  frames=273  σ=0.0  fold=3 ===
  SSC-Block-TV-Col21: k_hat=5  ACC=0.5495  NMI=0.7317  ARI=0.5207  0.5s

=== P1E_S3_C1 train[3] k=5  dim=576  frames=237  σ=0.0  fold=3 ===
  SSC-Block-TV-Col21: k_hat=5  ACC=0.8903  NMI=0.8971  ARI=0.8394  0.4s

=== P1E_S3_C2 train[0] k=5  dim=576  frames=232  σ=0.0  fold=3 ===
  SSC-Block-TV-Col21: k_hat=5  ACC=0.9052  NMI=0.8653  ARI=0.7728  0.3s

=== P1E_S3_C2 train[1] k=5  dim=576  frames=204  σ=0.0  fold=3 ===
  SSC-Block-TV-Col21: k_hat=5  ACC=0.9412  NMI=0.9003  ARI=0.8699  0.3s

=== P1E_S3_C2 train[2] k=5  dim=576  frames=280  σ=0.0  fold=3 ===
  SSC-Block-TV-Col21: k_hat=5  ACC=0.7571  NMI=0.8001  ARI=0.6529  0.5s

=== P1E_S3_C2 train[3] k=5  dim=576  frames=188  σ=0.0  fold=3 ===
  SSC-Block-TV-Col21: k_hat=5  ACC=0.9362  NMI=0.8899  ARI=0.8597  0.2s

=== P1E_S3_C3 train[0] k=5  dim=576  frames=170  σ=0.0  fold=3 ===
  SSC-Block-TV-Col21: k_hat=5  ACC=0.9941  NMI=0.9842  ARI=0.9888  0.2s

=== P1E_S3_C3 train[1] k=5  dim=576  frames=150  σ=0.0  fold=3 ===
  SSC-Block-TV-Col21: k_hat=5  ACC=0.9867  NMI=0.9689  ARI=0.9677  0.2s

=== P1E_S3_C3 train[2] k=5  dim=576  frames=211  σ=0.0  fold=3 ===
  SSC-Block-TV-Col21: k_hat=5  ACC=0.7393  NMI=0.8374  ARI=0.6914  0.3s

=== P1E_S3_C3 train[3] k=5  dim=576  frames=168  σ=0.0  fold=3 ===
  SSC-Block-TV-Col21: k_hat=5  ACC=0.9821  NMI=0.9559  ARI=0.9632  0.2s

=== P1E_S4_C1 train[0] k=5  dim=576  frames=231  σ=0.0  fold=3 ===
  SSC-Block-TV-Col21: k_hat=5  ACC=0.9567  NMI=0.9271  ARI=0.8934  0.4s

=== P1E_S4_C1 train[1] k=5  dim=576  frames=248  σ=0.0  fold=3 ===
  SSC-Block-TV-Col21: k_hat=5  ACC=1.0000  NMI=1.0000  ARI=1.0000  0.4s

=== P1E_S4_C1 train[2] k=5  dim=576  frames=303  σ=0.0  fold=3 ===
  SSC-Block-TV-Col21: k_hat=5  ACC=0.9274  NMI=0.9111  ARI=0.8616  0.6s

=== P1E_S4_C1 train[3] k=5  dim=576  frames=217  σ=0.0  fold=3 ===
  SSC-Block-TV-Col21: k_hat=5  ACC=0.7558  NMI=0.8129  ARI=0.7126  0.3s

=== P1E_S4_C2 train[0] k=5  dim=576  frames=201  σ=0.0  fold=3 ===
  SSC-Block-TV-Col21: k_hat=5  ACC=0.9801  NMI=0.9519  ARI=0.9508  0.3s

=== P1E_S4_C2 train[1] k=5  dim=576  frames=193  σ=0.0  fold=3 ===
  SSC-Block-TV-Col21: k_hat=5  ACC=0.9948  NMI=0.9848  ARI=0.9868  0.3s

=== P1E_S4_C2 train[2] k=5  dim=576  frames=236  σ=0.0  fold=3 ===
  SSC-Block-TV-Col21: k_hat=5  ACC=0.9831  NMI=0.9556  ARI=0.9581  0.4s

=== P1E_S4_C2 train[3] k=5  dim=576  frames=198  σ=0.0  fold=3 ===
  SSC-Block-TV-Col21: k_hat=5  ACC=0.7020  NMI=0.8284  ARI=0.6603  0.3s

=== P1E_S4_C3 train[0] k=5  dim=576  frames=132  σ=0.0  fold=3 ===
  SSC-Block-TV-Col21: k_hat=5  ACC=0.9697  NMI=0.9315  ARI=0.9249  0.1s

=== P1E_S4_C3 train[1] k=5  dim=576  frames=152  σ=0.0  fold=3 ===
  SSC-Block-TV-Col21: k_hat=5  ACC=0.9539  NMI=0.9254  ARI=0.8868  0.2s

=== P1E_S4_C3 train[2] k=5  dim=576  frames=147  σ=0.0  fold=3 ===
  SSC-Block-TV-Col21: k_hat=5  ACC=0.9456  NMI=0.8915  ARI=0.8695  0.2s

=== P1E_S4_C3 train[3] k=5  dim=576  frames=147  σ=0.0  fold=3 ===
  SSC-Block-TV-Col21: k_hat=5  ACC=0.7959  NMI=0.8683  ARI=0.7661  0.2s

=== P1L_S1_C1 train[0] k=5  dim=576  frames=289  σ=0.0  fold=3 ===
  SSC-Block-TV-Col21: k_hat=5  ACC=0.7612  NMI=0.8701  ARI=0.7333  0.5s

=== P1L_S1_C1 train[1] k=5  dim=576  frames=265  σ=0.0  fold=3 ===
  SSC-Block-TV-Col21: k_hat=5  ACC=0.9962  NMI=0.9876  ARI=0.9887  0.5s

=== P1L_S1_C1 train[2] k=5  dim=576  frames=313  σ=0.0  fold=3 ===
  SSC-Block-TV-Col21: k_hat=5  ACC=0.9361  NMI=0.9122  ARI=0.8561  0.7s

=== P1L_S1_C1 train[3] k=5  dim=576  frames=285  σ=0.0  fold=3 ===
  SSC-Block-TV-Col21: k_hat=5  ACC=1.0000  NMI=1.0000  ARI=1.0000  0.6s

=== P1L_S1_C2 train[0] k=5  dim=576  frames=286  σ=0.0  fold=3 ===
  SSC-Block-TV-Col21: k_hat=5  ACC=1.0000  NMI=1.0000  ARI=1.0000  0.5s

=== P1L_S1_C2 train[1] k=5  dim=576  frames=236  σ=0.0  fold=3 ===
  SSC-Block-TV-Col21: k_hat=5  ACC=1.0000  NMI=1.0000  ARI=1.0000  0.4s

=== P1L_S1_C2 train[2] k=5  dim=576  frames=257  σ=0.0  fold=3 ===
  SSC-Block-TV-Col21: k_hat=5  ACC=0.9377  NMI=0.9145  ARI=0.8722  0.5s

=== P1L_S1_C2 train[3] k=5  dim=576  frames=270  σ=0.0  fold=3 ===
  SSC-Block-TV-Col21: k_hat=5  ACC=1.0000  NMI=1.0000  ARI=1.0000  0.5s

=== P1L_S1_C3 train[0] k=5  dim=576  frames=108  σ=0.0  fold=3 ===
  SSC-Block-TV-Col21: k_hat=5  ACC=0.6389  NMI=0.7450  ARI=0.5147  0.1s

=== P1L_S1_C3 train[1] k=5  dim=576  frames=115  σ=0.0  fold=3 ===
  SSC-Block-TV-Col21: k_hat=5  ACC=0.7304  NMI=0.8548  ARI=0.6715  0.1s

=== P1L_S1_C3 train[2] k=5  dim=576  frames=117  σ=0.0  fold=3 ===
  SSC-Block-TV-Col21: k_hat=5  ACC=0.6496  NMI=0.7709  ARI=0.5901  0.1s

=== P1L_S1_C3 train[3] k=5  dim=576  frames=124  σ=0.0  fold=3 ===
  SSC-Block-TV-Col21: k_hat=5  ACC=0.9839  NMI=0.9578  ARI=0.9601  0.1s

=== P1L_S2_C1 train[0] k=5  dim=576  frames=348  σ=0.0  fold=3 ===
  SSC-Block-TV-Col21: k_hat=5  ACC=0.7874  NMI=0.7866  ARI=0.6544  0.7s

=== P1L_S2_C1 train[1] k=5  dim=576  frames=281  σ=0.0  fold=3 ===
  SSC-Block-TV-Col21: k_hat=5  ACC=0.8114  NMI=0.8668  ARI=0.7387  0.5s

=== P1L_S2_C1 train[2] k=5  dim=576  frames=301  σ=0.0  fold=3 ===
  SSC-Block-TV-Col21: k_hat=5  ACC=0.7475  NMI=0.7789  ARI=0.6095  0.6s

=== P1L_S2_C1 train[3] k=5  dim=576  frames=265  σ=0.0  fold=3 ===
  SSC-Block-TV-Col21: k_hat=5  ACC=1.0000  NMI=1.0000  ARI=1.0000  0.5s

=== P1L_S2_C2 train[0] k=5  dim=576  frames=300  σ=0.0  fold=3 ===
  SSC-Block-TV-Col21: k_hat=5  ACC=0.9367  NMI=0.9064  ARI=0.8464  0.6s

=== P1L_S2_C2 train[1] k=5  dim=576  frames=256  σ=0.0  fold=3 ===
  SSC-Block-TV-Col21: k_hat=5  ACC=1.0000  NMI=1.0000  ARI=1.0000  0.5s

=== P1L_S2_C2 train[2] k=5  dim=576  frames=314  σ=0.0  fold=3 ===
  SSC-Block-TV-Col21: k_hat=5  ACC=0.8885  NMI=0.8811  ARI=0.7690  0.6s

=== P1L_S2_C2 train[3] k=5  dim=576  frames=222  σ=0.0  fold=3 ===
  SSC-Block-TV-Col21: k_hat=5  ACC=1.0000  NMI=1.0000  ARI=1.0000  0.3s

=== P1L_S2_C3 train[0] k=5  dim=576  frames=191  σ=0.0  fold=3 ===
  SSC-Block-TV-Col21: k_hat=5  ACC=0.9948  NMI=0.9856  ARI=0.9911  0.3s

=== P1L_S2_C3 train[1] k=5  dim=576  frames=159  σ=0.0  fold=3 ===
  SSC-Block-TV-Col21: k_hat=5  ACC=1.0000  NMI=1.0000  ARI=1.0000  0.2s

=== P1L_S2_C3 train[2] k=5  dim=576  frames=193  σ=0.0  fold=3 ===
  SSC-Block-TV-Col21: k_hat=5  ACC=0.8964  NMI=0.8854  ARI=0.7821  0.3s

=== P1L_S2_C3 train[3] k=5  dim=576  frames=179  σ=0.0  fold=3 ===
  SSC-Block-TV-Col21: k_hat=5  ACC=1.0000  NMI=1.0000  ARI=1.0000  0.2s

=== P1L_S3_C1 train[0] k=5  dim=576  frames=246  σ=0.0  fold=3 ===
  SSC-Block-TV-Col21: k_hat=5  ACC=0.7846  NMI=0.8690  ARI=0.7345  0.4s

=== P1L_S3_C1 train[1] k=5  dim=576  frames=289  σ=0.0  fold=3 ===
  SSC-Block-TV-Col21: k_hat=5  ACC=0.6228  NMI=0.7042  ARI=0.4413  0.5s

=== P1L_S3_C1 train[2] k=5  dim=576  frames=241  σ=0.0  fold=3 ===
  SSC-Block-TV-Col21: k_hat=5  ACC=0.8382  NMI=0.8036  ARI=0.6543  0.4s

=== P1L_S3_C1 train[3] k=5  dim=576  frames=241  σ=0.0  fold=3 ===
  SSC-Block-TV-Col21: k_hat=5  ACC=0.9253  NMI=0.8816  ARI=0.7986  0.4s

=== P1L_S3_C2 train[0] k=5  dim=576  frames=262  σ=0.0  fold=3 ===
  SSC-Block-TV-Col21: k_hat=5  ACC=0.9237  NMI=0.8873  ARI=0.8271  0.5s

=== P1L_S3_C2 train[1] k=5  dim=576  frames=287  σ=0.0  fold=3 ===
  SSC-Block-TV-Col21: k_hat=5  ACC=1.0000  NMI=1.0000  ARI=1.0000  0.5s

=== P1L_S3_C2 train[2] k=5  dim=576  frames=304  σ=0.0  fold=3 ===
  SSC-Block-TV-Col21: k_hat=5  ACC=0.7467  NMI=0.7951  ARI=0.6554  0.6s

=== P1L_S3_C2 train[3] k=5  dim=576  frames=290  σ=0.0  fold=3 ===
  SSC-Block-TV-Col21: k_hat=5  ACC=0.6966  NMI=0.8449  ARI=0.6581  0.5s

=== P1L_S3_C3 train[0] k=5  dim=576  frames=231  σ=0.0  fold=3 ===
  SSC-Block-TV-Col21: k_hat=5  ACC=0.9221  NMI=0.8814  ARI=0.7977  0.4s

=== P1L_S3_C3 train[1] k=5  dim=576  frames=210  σ=0.0  fold=3 ===
  SSC-Block-TV-Col21: k_hat=5  ACC=1.0000  NMI=1.0000  ARI=1.0000  0.3s

=== P1L_S3_C3 train[2] k=5  dim=576  frames=225  σ=0.0  fold=3 ===
  SSC-Block-TV-Col21: k_hat=5  ACC=1.0000  NMI=1.0000  ARI=1.0000  0.4s

=== P1L_S3_C3 train[3] k=5  dim=576  frames=229  σ=0.0  fold=3 ===
  SSC-Block-TV-Col21: k_hat=5  ACC=0.9913  NMI=0.9788  ARI=0.9843  0.4s

=== P1L_S4_C1 train[0] k=5  dim=576  frames=313  σ=0.0  fold=3 ===
  SSC-Block-TV-Col21: k_hat=5  ACC=0.9393  NMI=0.9133  ARI=0.8638  0.7s

=== P1L_S4_C1 train[1] k=5  dim=576  frames=255  σ=0.0  fold=3 ===
  SSC-Block-TV-Col21: k_hat=5  ACC=0.9255  NMI=0.8958  ARI=0.8098  0.5s

=== P1L_S4_C1 train[2] k=5  dim=576  frames=253  σ=0.0  fold=3 ===
  SSC-Block-TV-Col21: k_hat=5  ACC=0.6482  NMI=0.7510  ARI=0.5365  0.5s

=== P1L_S4_C1 train[3] k=5  dim=576  frames=344  σ=0.0  fold=3 ===
  SSC-Block-TV-Col21: k_hat=5  ACC=0.7180  NMI=0.8573  ARI=0.7170  0.7s

=== P1L_S4_C2 train[0] k=5  dim=576  frames=267  σ=0.0  fold=3 ===
  SSC-Block-TV-Col21: k_hat=5  ACC=0.9438  NMI=0.9194  ARI=0.8801  0.5s

=== P1L_S4_C2 train[1] k=5  dim=576  frames=257  σ=0.0  fold=3 ===
  SSC-Block-TV-Col21: k_hat=5  ACC=1.0000  NMI=1.0000  ARI=1.0000  0.5s

=== P1L_S4_C2 train[2] k=5  dim=576  frames=279  σ=0.0  fold=3 ===
  SSC-Block-TV-Col21: k_hat=5  ACC=0.9391  NMI=0.8933  ARI=0.8769  0.5s

=== P1L_S4_C2 train[3] k=5  dim=576  frames=266  σ=0.0  fold=3 ===
  SSC-Block-TV-Col21: k_hat=5  ACC=1.0000  NMI=1.0000  ARI=1.0000  0.4s

=== P1L_S4_C3 train[0] k=5  dim=576  frames=180  σ=0.0  fold=3 ===
  SSC-Block-TV-Col21: k_hat=5  ACC=1.0000  NMI=1.0000  ARI=1.0000  0.2s

=== P1L_S4_C3 train[1] k=5  dim=576  frames=158  σ=0.0  fold=3 ===
  SSC-Block-TV-Col21: k_hat=5  ACC=1.0000  NMI=1.0000  ARI=1.0000  0.2s

=== P1L_S4_C3 train[2] k=5  dim=576  frames=188  σ=0.0  fold=3 ===
  SSC-Block-TV-Col21: k_hat=5  ACC=0.6649  NMI=0.7693  ARI=0.5947  0.2s

=== P1L_S4_C3 train[3] k=5  dim=576  frames=185  σ=0.0  fold=3 ===
  SSC-Block-TV-Col21: k_hat=5  ACC=1.0000  NMI=1.0000  ARI=1.0000  0.2s

=== P1E_S1_C1 test[0] k=5  dim=576  frames=242  σ=0.0  fold=3 ===
  SSC-Block-TV-Col21: k_hat=5  ACC=0.6777  NMI=0.7730  ARI=0.5926  0.4s

=== P1E_S1_C2 test[0] k=5  dim=576  frames=199  σ=0.0  fold=3 ===
  SSC-Block-TV-Col21: k_hat=5  ACC=0.6884  NMI=0.8021  ARI=0.6488  0.3s

=== P1E_S1_C3 test[0] k=5  dim=576  frames=87  σ=0.0  fold=3 ===
  SSC-Block-TV-Col21: k_hat=5  ACC=0.7701  NMI=0.8128  ARI=0.6856  0.1s

=== P1E_S2_C1 test[0] k=5  dim=576  frames=232  σ=0.0  fold=3 ===
  SSC-Block-TV-Col21: k_hat=5  ACC=0.7672  NMI=0.8825  ARI=0.7870  0.3s

=== P1E_S2_C2 test[0] k=5  dim=576  frames=192  σ=0.0  fold=3 ===
  SSC-Block-TV-Col21: k_hat=5  ACC=0.7292  NMI=0.7829  ARI=0.6249  0.2s

=== P1E_S2_C3 test[0] k=5  dim=576  frames=160  σ=0.0  fold=3 ===
  SSC-Block-TV-Col21: k_hat=5  ACC=0.7750  NMI=0.8638  ARI=0.7654  0.2s

=== P1E_S3_C1 test[0] k=5  dim=576  frames=250  σ=0.0  fold=3 ===
  SSC-Block-TV-Col21: k_hat=5  ACC=0.6120  NMI=0.6666  ARI=0.4583  0.4s

=== P1E_S3_C2 test[0] k=5  dim=576  frames=222  σ=0.0  fold=3 ===
  SSC-Block-TV-Col21: k_hat=5  ACC=0.5811  NMI=0.7097  ARI=0.4847  0.3s

=== P1E_S3_C3 test[0] k=5  dim=576  frames=167  σ=0.0  fold=3 ===
  SSC-Block-TV-Col21: k_hat=5  ACC=0.7545  NMI=0.8718  ARI=0.7429  0.2s

=== P1E_S4_C1 test[0] k=5  dim=576  frames=248  σ=0.0  fold=3 ===
  SSC-Block-TV-Col21: k_hat=5  ACC=0.8589  NMI=0.8177  ARI=0.7436  0.4s

=== P1E_S4_C2 test[0] k=5  dim=576  frames=223  σ=0.0  fold=3 ===
  SSC-Block-TV-Col21: k_hat=5  ACC=0.7175  NMI=0.8195  ARI=0.6846  0.4s

=== P1E_S4_C3 test[0] k=5  dim=576  frames=141  σ=0.0  fold=3 ===
  SSC-Block-TV-Col21: k_hat=5  ACC=0.7589  NMI=0.8719  ARI=0.7392  0.2s

=== P1L_S1_C1 test[0] k=5  dim=576  frames=239  σ=0.0  fold=3 ===
  SSC-Block-TV-Col21: k_hat=5  ACC=0.8243  NMI=0.8155  ARI=0.7224  0.4s

=== P1L_S1_C2 test[0] k=5  dim=576  frames=260  σ=0.0  fold=3 ===
  SSC-Block-TV-Col21: k_hat=5  ACC=0.6077  NMI=0.7587  ARI=0.5686  0.4s

=== P1L_S1_C3 test[0] k=5  dim=576  frames=101  σ=0.0  fold=3 ===
  SSC-Block-TV-Col21: k_hat=5  ACC=0.7822  NMI=0.7848  ARI=0.6289  0.1s

=== P1L_S2_C1 test[0] k=5  dim=576  frames=275  σ=0.0  fold=3 ===
  SSC-Block-TV-Col21: k_hat=5  ACC=0.9018  NMI=0.9077  ARI=0.8561  0.5s

=== P1L_S2_C2 test[0] k=5  dim=576  frames=301  σ=0.0  fold=3 ===
  SSC-Block-TV-Col21: k_hat=5  ACC=1.0000  NMI=1.0000  ARI=1.0000  0.6s

=== P1L_S2_C3 test[0] k=5  dim=576  frames=175  σ=0.0  fold=3 ===
  SSC-Block-TV-Col21: k_hat=5  ACC=0.9371  NMI=0.9023  ARI=0.8566  0.2s

=== P1L_S3_C1 test[0] k=5  dim=576  frames=312  σ=0.0  fold=3 ===
  SSC-Block-TV-Col21: k_hat=5  ACC=0.5833  NMI=0.6725  ARI=0.4709  0.6s

=== P1L_S3_C2 test[0] k=5  dim=576  frames=329  σ=0.0  fold=3 ===
  SSC-Block-TV-Col21: k_hat=5  ACC=0.8997  NMI=0.8902  ARI=0.7994  0.7s

=== P1L_S3_C3 test[0] k=5  dim=576  frames=210  σ=0.0  fold=3 ===
  SSC-Block-TV-Col21: k_hat=5  ACC=0.9857  NMI=0.9685  ARI=0.9699  0.3s

=== P1L_S4_C1 test[0] k=5  dim=576  frames=278  σ=0.0  fold=3 ===
  SSC-Block-TV-Col21: k_hat=5  ACC=0.7770  NMI=0.8708  ARI=0.7365  0.5s

=== P1L_S4_C2 test[0] k=5  dim=576  frames=258  σ=0.0  fold=3 ===
  SSC-Block-TV-Col21: k_hat=5  ACC=0.7713  NMI=0.7808  ARI=0.6220  0.4s

=== P1L_S4_C3 test[0] k=5  dim=576  frames=169  σ=0.0  fold=3 ===
  SSC-Block-TV-Col21: k_hat=5  ACC=0.7337  NMI=0.8712  ARI=0.7355  0.2s

============================================================
σ=0.0 fold=4  test=['0003', '0012', '0017', '0018', '0020']  train mats=96  test mats=24
  --- tune SSC-Block-TV-Col21 over 96 train mats  n_trials=40 (4 params) ---
  SSC-Block-TV-Col21 trial 0: mean ARI=0.5994  n=96  32.8s  lambda_e=1, lambda_z=0.1, gamma_q=0.1, block_size=5
  SSC-Block-TV-Col21 trial 1: mean ARI=0.6437  n=96  32.5s  lambda_e=0.443, lambda_z=0.7257, gamma_q=0.2577, block_size=7
  SSC-Block-TV-Col21 trial 2: mean ARI=0.7085  n=96  32.1s  lambda_e=0.1866, lambda_z=0.3833, gamma_q=0.05628, block_size=11
  SSC-Block-TV-Col21 trial 3: mean ARI=0.4459  n=96  32.4s  lambda_e=7.78, lambda_z=0.03418, gamma_q=1.469, block_size=7
  SSC-Block-TV-Col21 trial 4: mean ARI=0.6129  n=96  34.7s  lambda_e=0.506, lambda_z=5.039, gamma_q=0.001924, block_size=2
  SSC-Block-TV-Col21 trial 5: mean ARI=0.4696  n=96  32.2s  lambda_e=0.0115, lambda_z=2.14, gamma_q=1.296, block_size=11
  SSC-Block-TV-Col21 trial 6: mean ARI=0.6907  n=96  32.1s  lambda_e=8.627, lambda_z=1.573, gamma_q=0.07013, block_size=10
  SSC-Block-TV-Col21 trial 7: mean ARI=0.7581  n=96  32.1s  lambda_e=0.02264, lambda_z=0.3628, gamma_q=0.003745, block_size=12
  SSC-Block-TV-Col21 trial 8: mean ARI=0.7270  n=96  32.2s  lambda_e=0.3677, lambda_z=0.04557, gamma_q=0.01143, block_size=10
  SSC-Block-TV-Col21 trial 9: mean ARI=0.7535  n=96  32.3s  lambda_e=0.2336, lambda_z=0.1878, gamma_q=0.001189, block_size=8
  SSC-Block-TV-Col21 trial 10: mean ARI=0.5129  n=96  34.6s  lambda_e=0.01151, lambda_z=0.001661, gamma_q=6.473, block_size=2
  SSC-Block-TV-Col21 trial 11: mean ARI=0.7591  n=96  32.4s  lambda_e=0.05789, lambda_z=0.1589, gamma_q=0.001276, block_size=8
  SSC-Block-TV-Col21 trial 12: mean ARI=0.6442  n=96  32.1s  lambda_e=0.03705, lambda_z=0.00525, gamma_q=0.006143, block_size=12
  SSC-Block-TV-Col21 trial 13: mean ARI=0.7248  n=96  32.8s  lambda_e=0.04693, lambda_z=0.01302, gamma_q=0.007133, block_size=5
  SSC-Block-TV-Col21 trial 14: mean ARI=0.7513  n=96  32.3s  lambda_e=0.05946, lambda_z=0.1905, gamma_q=0.003034, block_size=9
  SSC-Block-TV-Col21 trial 15: mean ARI=0.7040  n=96  32.9s  lambda_e=0.09713, lambda_z=7.364, gamma_q=0.02311, block_size=5
  SSC-Block-TV-Col21 trial 16: mean ARI=0.7496  n=96  32.1s  lambda_e=0.02243, lambda_z=0.9967, gamma_q=0.001081, block_size=12
  SSC-Block-TV-Col21 trial 17: mean ARI=0.7637  n=96  32.5s  lambda_e=0.0948, lambda_z=0.05151, gamma_q=0.003898, block_size=7
  SSC-Block-TV-Col21 trial 18: mean ARI=0.6583  n=96  32.5s  lambda_e=1.378, lambda_z=0.01921, gamma_q=0.01821, block_size=7
  SSC-Block-TV-Col21 trial 19: mean ARI=0.7637  n=96  33.1s  lambda_e=0.1295, lambda_z=0.07318, gamma_q=0.002981, block_size=4
  SSC-Block-TV-Col21 trial 20: mean ARI=0.5027  n=96  33.2s  lambda_e=2.715, lambda_z=0.005125, gamma_q=0.02798, block_size=4
  SSC-Block-TV-Col21 trial 21: mean ARI=0.7648  n=96  33.2s  lambda_e=0.1074, lambda_z=0.07624, gamma_q=0.003128, block_size=4
  SSC-Block-TV-Col21 trial 22: mean ARI=0.7708  n=96  33.1s  lambda_e=0.1298, lambda_z=0.06805, gamma_q=0.004805, block_size=4
  SSC-Block-TV-Col21 trial 23: mean ARI=0.7413  n=96  33.6s  lambda_e=0.1457, lambda_z=0.02328, gamma_q=0.008866, block_size=3
  SSC-Block-TV-Col21 trial 24: mean ARI=0.7146  n=96  32.7s  lambda_e=0.09442, lambda_z=0.009654, gamma_q=0.004529, block_size=6
  SSC-Block-TV-Col21 trial 25: mean ARI=0.7649  n=96  33.6s  lambda_e=0.3295, lambda_z=0.04975, gamma_q=0.01305, block_size=3
  SSC-Block-TV-Col21 trial 26: mean ARI=0.7441  n=96  33.7s  lambda_e=0.2699, lambda_z=0.09804, gamma_q=0.03911, block_size=3
  SSC-Block-TV-Col21 trial 27: mean ARI=0.5056  n=96  33.7s  lambda_e=0.8709, lambda_z=0.001345, gamma_q=0.1449, block_size=3
  SSC-Block-TV-Col21 trial 28: mean ARI=0.6431  n=96  33.1s  lambda_e=0.726, lambda_z=0.006816, gamma_q=0.01181, block_size=4
  SSC-Block-TV-Col21 trial 29: mean ARI=0.6538  n=96  32.9s  lambda_e=2.373, lambda_z=0.3563, gamma_q=0.1597, block_size=5
  SSC-Block-TV-Col21 trial 30: mean ARI=0.7665  n=96  32.6s  lambda_e=0.3088, lambda_z=0.1147, gamma_q=0.01596, block_size=6
  SSC-Block-TV-Col21 trial 31: mean ARI=0.7560  n=96  32.6s  lambda_e=0.2859, lambda_z=0.07774, gamma_q=0.01706, block_size=6
  SSC-Block-TV-Col21 trial 32: mean ARI=0.7734  n=96  33.1s  lambda_e=0.5404, lambda_z=0.03269, gamma_q=0.001916, block_size=4
  SSC-Block-TV-Col21 trial 33: mean ARI=0.7662  n=96  32.7s  lambda_e=0.5583, lambda_z=0.0266, gamma_q=0.001939, block_size=6
  SSC-Block-TV-Col21 trial 34: mean ARI=0.7638  n=96  32.5s  lambda_e=0.5571, lambda_z=0.02752, gamma_q=0.001939, block_size=6
  SSC-Block-TV-Col21 trial 35: mean ARI=0.7545  n=96  32.8s  lambda_e=1.529, lambda_z=0.016, gamma_q=0.001937, block_size=5
  SSC-Block-TV-Col21 trial 36: mean ARI=0.7721  n=96  32.7s  lambda_e=0.5571, lambda_z=0.1173, gamma_q=0.006077, block_size=6
  SSC-Block-TV-Col21 trial 37: mean ARI=0.7350  n=96  32.4s  lambda_e=0.1818, lambda_z=0.6159, gamma_q=0.04107, block_size=8
  SSC-Block-TV-Col21 trial 38: mean ARI=0.5096  n=96  33.0s  lambda_e=1.161, lambda_z=0.1389, gamma_q=0.4867, block_size=5
  SSC-Block-TV-Col21 trial 39: mean ARI=0.7788  n=96  34.5s  lambda_e=3.655, lambda_z=0.3199, gamma_q=0.006127, block_size=2
    best mean ARI=0.7788  tune 1314.6s  lambda_e=3.655, lambda_z=0.3199, gamma_q=0.006127, block_size=2
  wrote /nfs/turbo/umms-minjilab/lpullela/icassp_ssc_tv2/block_ssc_benchmark/cv/params/surveillance/split_k5_clean_min30_trials20_knownk_scaled_params_cv_ssc_block_tv_col21_k5_sigma0_sigma0_fold4.json

=== P1E_S1_C1 train[0] k=5  dim=576  frames=249  σ=0.0  fold=4 ===
  SSC-Block-TV-Col21: k_hat=5  ACC=0.7590  NMI=0.8579  ARI=0.6879  0.4s

=== P1E_S1_C1 train[1] k=5  dim=576  frames=212  σ=0.0  fold=4 ===
  SSC-Block-TV-Col21: k_hat=5  ACC=0.9387  NMI=0.9135  ARI=0.8597  0.3s

=== P1E_S1_C1 train[2] k=5  dim=576  frames=265  σ=0.0  fold=4 ===
  SSC-Block-TV-Col21: k_hat=5  ACC=0.6981  NMI=0.7994  ARI=0.6311  0.4s

=== P1E_S1_C1 train[3] k=5  dim=576  frames=242  σ=0.0  fold=4 ===
  SSC-Block-TV-Col21: k_hat=5  ACC=0.6818  NMI=0.7756  ARI=0.5979  0.4s

=== P1E_S1_C2 train[0] k=5  dim=576  frames=231  σ=0.0  fold=4 ===
  SSC-Block-TV-Col21: k_hat=5  ACC=0.9481  NMI=0.9091  ARI=0.8635  0.4s

=== P1E_S1_C2 train[1] k=5  dim=576  frames=188  σ=0.0  fold=4 ===
  SSC-Block-TV-Col21: k_hat=5  ACC=0.9415  NMI=0.8841  ARI=0.8461  0.2s

=== P1E_S1_C2 train[2] k=5  dim=576  frames=198  σ=0.0  fold=4 ===
  SSC-Block-TV-Col21: k_hat=5  ACC=0.9040  NMI=0.8526  ARI=0.7809  0.3s

=== P1E_S1_C2 train[3] k=5  dim=576  frames=199  σ=0.0  fold=4 ===
  SSC-Block-TV-Col21: k_hat=5  ACC=0.7186  NMI=0.8472  ARI=0.6989  0.3s

=== P1E_S1_C3 train[0] k=5  dim=576  frames=98  σ=0.0  fold=4 ===
  SSC-Block-TV-Col21: k_hat=5  ACC=0.9694  NMI=0.9420  ARI=0.9241  0.1s

=== P1E_S1_C3 train[1] k=5  dim=576  frames=93  σ=0.0  fold=4 ===
  SSC-Block-TV-Col21: k_hat=5  ACC=0.9785  NMI=0.9546  ARI=0.9423  0.1s

=== P1E_S1_C3 train[2] k=5  dim=576  frames=68  σ=0.0  fold=4 ===
  SSC-Block-TV-Col21: k_hat=5  ACC=0.8676  NMI=0.8655  ARI=0.7952  0.1s

=== P1E_S1_C3 train[3] k=5  dim=576  frames=87  σ=0.0  fold=4 ===
  SSC-Block-TV-Col21: k_hat=5  ACC=0.9540  NMI=0.9140  ARI=0.8936  0.1s

=== P1E_S2_C1 train[0] k=5  dim=576  frames=268  σ=0.0  fold=4 ===
  SSC-Block-TV-Col21: k_hat=5  ACC=0.6940  NMI=0.8085  ARI=0.6250  0.5s

=== P1E_S2_C1 train[1] k=5  dim=576  frames=250  σ=0.0  fold=4 ===
  SSC-Block-TV-Col21: k_hat=5  ACC=0.9440  NMI=0.9228  ARI=0.8898  0.4s

=== P1E_S2_C1 train[2] k=5  dim=576  frames=265  σ=0.0  fold=4 ===
  SSC-Block-TV-Col21: k_hat=5  ACC=0.5208  NMI=0.7070  ARI=0.4393  0.5s

=== P1E_S2_C1 train[3] k=5  dim=576  frames=232  σ=0.0  fold=4 ===
  SSC-Block-TV-Col21: k_hat=5  ACC=0.6336  NMI=0.7491  ARI=0.5626  0.4s

=== P1E_S2_C2 train[0] k=5  dim=576  frames=223  σ=0.0  fold=4 ===
  SSC-Block-TV-Col21: k_hat=5  ACC=0.9238  NMI=0.8685  ARI=0.8122  0.3s

=== P1E_S2_C2 train[1] k=5  dim=576  frames=196  σ=0.0  fold=4 ===
  SSC-Block-TV-Col21: k_hat=5  ACC=0.9847  NMI=0.9598  ARI=0.9622  0.3s

=== P1E_S2_C2 train[2] k=5  dim=576  frames=219  σ=0.0  fold=4 ===
  SSC-Block-TV-Col21: k_hat=5  ACC=0.9589  NMI=0.9318  ARI=0.9004  0.3s

=== P1E_S2_C2 train[3] k=5  dim=576  frames=192  σ=0.0  fold=4 ===
  SSC-Block-TV-Col21: k_hat=5  ACC=0.7292  NMI=0.7829  ARI=0.6249  0.3s

=== P1E_S2_C3 train[0] k=5  dim=576  frames=173  σ=0.0  fold=4 ===
  SSC-Block-TV-Col21: k_hat=5  ACC=0.9884  NMI=0.9711  ARI=0.9686  0.2s

=== P1E_S2_C3 train[1] k=5  dim=576  frames=156  σ=0.0  fold=4 ===
  SSC-Block-TV-Col21: k_hat=5  ACC=0.9103  NMI=0.8937  ARI=0.8044  0.2s

=== P1E_S2_C3 train[2] k=5  dim=576  frames=173  σ=0.0  fold=4 ===
  SSC-Block-TV-Col21: k_hat=5  ACC=0.9133  NMI=0.9020  ARI=0.8353  0.2s

=== P1E_S2_C3 train[3] k=5  dim=576  frames=160  σ=0.0  fold=4 ===
  SSC-Block-TV-Col21: k_hat=5  ACC=0.7750  NMI=0.8515  ARI=0.7509  0.2s

=== P1E_S3_C1 train[0] k=5  dim=576  frames=258  σ=0.0  fold=4 ===
  SSC-Block-TV-Col21: k_hat=5  ACC=0.5853  NMI=0.7318  ARI=0.5003  0.4s

=== P1E_S3_C1 train[1] k=5  dim=576  frames=237  σ=0.0  fold=4 ===
  SSC-Block-TV-Col21: k_hat=5  ACC=0.6160  NMI=0.7540  ARI=0.5505  0.4s

=== P1E_S3_C1 train[2] k=5  dim=576  frames=273  σ=0.0  fold=4 ===
  SSC-Block-TV-Col21: k_hat=5  ACC=0.6630  NMI=0.6977  ARI=0.4914  0.5s

=== P1E_S3_C1 train[3] k=5  dim=576  frames=250  σ=0.0  fold=4 ===
  SSC-Block-TV-Col21: k_hat=5  ACC=0.6000  NMI=0.6636  ARI=0.4505  0.4s

=== P1E_S3_C2 train[0] k=5  dim=576  frames=232  σ=0.0  fold=4 ===
  SSC-Block-TV-Col21: k_hat=5  ACC=0.9009  NMI=0.8625  ARI=0.7651  0.3s

=== P1E_S3_C2 train[1] k=5  dim=576  frames=204  σ=0.0  fold=4 ===
  SSC-Block-TV-Col21: k_hat=5  ACC=0.9461  NMI=0.9094  ARI=0.8974  0.3s

=== P1E_S3_C2 train[2] k=5  dim=576  frames=280  σ=0.0  fold=4 ===
  SSC-Block-TV-Col21: k_hat=5  ACC=0.7679  NMI=0.8182  ARI=0.6715  0.5s

=== P1E_S3_C2 train[3] k=5  dim=576  frames=222  σ=0.0  fold=4 ===
  SSC-Block-TV-Col21: k_hat=5  ACC=0.5811  NMI=0.7097  ARI=0.4847  0.3s

=== P1E_S3_C3 train[0] k=5  dim=576  frames=170  σ=0.0  fold=4 ===
  SSC-Block-TV-Col21: k_hat=5  ACC=0.9941  NMI=0.9842  ARI=0.9888  0.2s

=== P1E_S3_C3 train[1] k=5  dim=576  frames=150  σ=0.0  fold=4 ===
  SSC-Block-TV-Col21: k_hat=5  ACC=0.9867  NMI=0.9634  ARI=0.9694  0.2s

=== P1E_S3_C3 train[2] k=5  dim=576  frames=211  σ=0.0  fold=4 ===
  SSC-Block-TV-Col21: k_hat=5  ACC=0.9858  NMI=0.9623  ARI=0.9682  0.3s

=== P1E_S3_C3 train[3] k=5  dim=576  frames=167  σ=0.0  fold=4 ===
  SSC-Block-TV-Col21: k_hat=5  ACC=0.9880  NMI=0.9694  ARI=0.9642  0.2s

=== P1E_S4_C1 train[0] k=5  dim=576  frames=231  σ=0.0  fold=4 ===
  SSC-Block-TV-Col21: k_hat=5  ACC=0.8485  NMI=0.7945  ARI=0.6545  0.4s

=== P1E_S4_C1 train[1] k=5  dim=576  frames=248  σ=0.0  fold=4 ===
  SSC-Block-TV-Col21: k_hat=5  ACC=0.9073  NMI=0.8928  ARI=0.8093  0.4s

=== P1E_S4_C1 train[2] k=5  dim=576  frames=303  σ=0.0  fold=4 ===
  SSC-Block-TV-Col21: k_hat=5  ACC=0.6535  NMI=0.7661  ARI=0.5805  0.6s

=== P1E_S4_C1 train[3] k=5  dim=576  frames=248  σ=0.0  fold=4 ===
  SSC-Block-TV-Col21: k_hat=5  ACC=0.8468  NMI=0.8106  ARI=0.7270  0.4s

=== P1E_S4_C2 train[0] k=5  dim=576  frames=201  σ=0.0  fold=4 ===
  SSC-Block-TV-Col21: k_hat=5  ACC=0.9652  NMI=0.9405  ARI=0.9205  0.3s

=== P1E_S4_C2 train[1] k=5  dim=576  frames=193  σ=0.0  fold=4 ===
  SSC-Block-TV-Col21: k_hat=5  ACC=0.9948  NMI=0.9848  ARI=0.9868  0.3s

=== P1E_S4_C2 train[2] k=5  dim=576  frames=236  σ=0.0  fold=4 ===
  SSC-Block-TV-Col21: k_hat=5  ACC=0.9322  NMI=0.8822  ARI=0.8423  0.4s

=== P1E_S4_C2 train[3] k=5  dim=576  frames=223  σ=0.0  fold=4 ===
  SSC-Block-TV-Col21: k_hat=5  ACC=0.7130  NMI=0.8194  ARI=0.6841  0.4s

=== P1E_S4_C3 train[0] k=5  dim=576  frames=132  σ=0.0  fold=4 ===
  SSC-Block-TV-Col21: k_hat=5  ACC=0.9773  NMI=0.9447  ARI=0.9411  0.1s

=== P1E_S4_C3 train[1] k=5  dim=576  frames=152  σ=0.0  fold=4 ===
  SSC-Block-TV-Col21: k_hat=5  ACC=0.9605  NMI=0.9321  ARI=0.9010  0.2s

=== P1E_S4_C3 train[2] k=5  dim=576  frames=147  σ=0.0  fold=4 ===
  SSC-Block-TV-Col21: k_hat=5  ACC=0.9728  NMI=0.9374  ARI=0.9321  0.2s

=== P1E_S4_C3 train[3] k=5  dim=576  frames=141  σ=0.0  fold=4 ===
  SSC-Block-TV-Col21: k_hat=5  ACC=0.9929  NMI=0.9801  ARI=0.9798  0.2s

=== P1L_S1_C1 train[0] k=5  dim=576  frames=289  σ=0.0  fold=4 ===
  SSC-Block-TV-Col21: k_hat=5  ACC=0.7647  NMI=0.8709  ARI=0.7357  0.5s

=== P1L_S1_C1 train[1] k=5  dim=576  frames=265  σ=0.0  fold=4 ===
  SSC-Block-TV-Col21: k_hat=5  ACC=0.9509  NMI=0.9182  ARI=0.8676  0.4s

=== P1L_S1_C1 train[2] k=5  dim=576  frames=313  σ=0.0  fold=4 ===
  SSC-Block-TV-Col21: k_hat=5  ACC=0.9425  NMI=0.9172  ARI=0.8679  0.6s

=== P1L_S1_C1 train[3] k=5  dim=576  frames=239  σ=0.0  fold=4 ===
  SSC-Block-TV-Col21: k_hat=5  ACC=0.6109  NMI=0.7495  ARI=0.5550  0.4s

=== P1L_S1_C2 train[0] k=5  dim=576  frames=286  σ=0.0  fold=4 ===
  SSC-Block-TV-Col21: k_hat=5  ACC=0.9895  NMI=0.9751  ARI=0.9784  0.5s

=== P1L_S1_C2 train[1] k=5  dim=576  frames=236  σ=0.0  fold=4 ===
  SSC-Block-TV-Col21: k_hat=5  ACC=1.0000  NMI=1.0000  ARI=1.0000  0.3s

=== P1L_S1_C2 train[2] k=5  dim=576  frames=257  σ=0.0  fold=4 ===
  SSC-Block-TV-Col21: k_hat=5  ACC=0.8794  NMI=0.8403  ARI=0.7426  0.4s

=== P1L_S1_C2 train[3] k=5  dim=576  frames=260  σ=0.0  fold=4 ===
  SSC-Block-TV-Col21: k_hat=5  ACC=0.6923  NMI=0.8584  ARI=0.6930  0.4s

=== P1L_S1_C3 train[0] k=5  dim=576  frames=108  σ=0.0  fold=4 ===
  SSC-Block-TV-Col21: k_hat=5  ACC=0.6667  NMI=0.7692  ARI=0.5696  0.1s

=== P1L_S1_C3 train[1] k=5  dim=576  frames=115  σ=0.0  fold=4 ===
  SSC-Block-TV-Col21: k_hat=5  ACC=0.7304  NMI=0.8548  ARI=0.6715  0.1s

=== P1L_S1_C3 train[2] k=5  dim=576  frames=117  σ=0.0  fold=4 ===
  SSC-Block-TV-Col21: k_hat=5  ACC=0.9316  NMI=0.9121  ARI=0.8596  0.1s

=== P1L_S1_C3 train[3] k=5  dim=576  frames=101  σ=0.0  fold=4 ===
  SSC-Block-TV-Col21: k_hat=5  ACC=1.0000  NMI=1.0000  ARI=1.0000  0.1s

=== P1L_S2_C1 train[0] k=5  dim=576  frames=348  σ=0.0  fold=4 ===
  SSC-Block-TV-Col21: k_hat=5  ACC=0.7845  NMI=0.7381  ARI=0.6096  0.8s

=== P1L_S2_C1 train[1] k=5  dim=576  frames=281  σ=0.0  fold=4 ===
  SSC-Block-TV-Col21: k_hat=5  ACC=0.7117  NMI=0.7750  ARI=0.5954  0.5s

=== P1L_S2_C1 train[2] k=5  dim=576  frames=301  σ=0.0  fold=4 ===
  SSC-Block-TV-Col21: k_hat=5  ACC=0.7442  NMI=0.7757  ARI=0.6023  0.6s

=== P1L_S2_C1 train[3] k=5  dim=576  frames=275  σ=0.0  fold=4 ===
  SSC-Block-TV-Col21: k_hat=5  ACC=0.6473  NMI=0.7564  ARI=0.5789  0.5s

=== P1L_S2_C2 train[0] k=5  dim=576  frames=300  σ=0.0  fold=4 ===
  SSC-Block-TV-Col21: k_hat=5  ACC=0.9367  NMI=0.9064  ARI=0.8464  0.5s

=== P1L_S2_C2 train[1] k=5  dim=576  frames=256  σ=0.0  fold=4 ===
  SSC-Block-TV-Col21: k_hat=5  ACC=0.9219  NMI=0.9055  ARI=0.8456  0.5s

=== P1L_S2_C2 train[2] k=5  dim=576  frames=314  σ=0.0  fold=4 ===
  SSC-Block-TV-Col21: k_hat=5  ACC=0.8854  NMI=0.8798  ARI=0.7651  0.6s

=== P1L_S2_C2 train[3] k=5  dim=576  frames=301  σ=0.0  fold=4 ===
  SSC-Block-TV-Col21: k_hat=5  ACC=0.6611  NMI=0.7614  ARI=0.5790  0.6s

=== P1L_S2_C3 train[0] k=5  dim=576  frames=191  σ=0.0  fold=4 ===
  SSC-Block-TV-Col21: k_hat=5  ACC=0.9948  NMI=0.9856  ARI=0.9911  0.3s

=== P1L_S2_C3 train[1] k=5  dim=576  frames=159  σ=0.0  fold=4 ===
  SSC-Block-TV-Col21: k_hat=5  ACC=1.0000  NMI=1.0000  ARI=1.0000  0.2s

=== P1L_S2_C3 train[2] k=5  dim=576  frames=193  σ=0.0  fold=4 ===
  SSC-Block-TV-Col21: k_hat=5  ACC=0.8964  NMI=0.8854  ARI=0.7821  0.3s

=== P1L_S2_C3 train[3] k=5  dim=576  frames=175  σ=0.0  fold=4 ===
  SSC-Block-TV-Col21: k_hat=5  ACC=0.9429  NMI=0.9070  ARI=0.8675  0.2s

=== P1L_S3_C1 train[0] k=5  dim=576  frames=246  σ=0.0  fold=4 ===
  SSC-Block-TV-Col21: k_hat=5  ACC=0.6463  NMI=0.6797  ARI=0.4721  0.4s

=== P1L_S3_C1 train[1] k=5  dim=576  frames=289  σ=0.0  fold=4 ===
  SSC-Block-TV-Col21: k_hat=5  ACC=0.6228  NMI=0.7042  ARI=0.4413  0.5s

=== P1L_S3_C1 train[2] k=5  dim=576  frames=241  σ=0.0  fold=4 ===
  SSC-Block-TV-Col21: k_hat=5  ACC=0.8091  NMI=0.7787  ARI=0.6188  0.4s

=== P1L_S3_C1 train[3] k=5  dim=576  frames=312  σ=0.0  fold=4 ===
  SSC-Block-TV-Col21: k_hat=5  ACC=0.5577  NMI=0.6740  ARI=0.4691  0.6s

=== P1L_S3_C2 train[0] k=5  dim=576  frames=262  σ=0.0  fold=4 ===
  SSC-Block-TV-Col21: k_hat=5  ACC=0.7710  NMI=0.7630  ARI=0.6030  0.4s

=== P1L_S3_C2 train[1] k=5  dim=576  frames=287  σ=0.0  fold=4 ===
  SSC-Block-TV-Col21: k_hat=5  ACC=0.9129  NMI=0.8884  ARI=0.8383  0.5s

=== P1L_S3_C2 train[2] k=5  dim=576  frames=304  σ=0.0  fold=4 ===
  SSC-Block-TV-Col21: k_hat=5  ACC=0.7368  NMI=0.8033  ARI=0.6726  0.6s

=== P1L_S3_C2 train[3] k=5  dim=576  frames=329  σ=0.0  fold=4 ===
  SSC-Block-TV-Col21: k_hat=5  ACC=0.7781  NMI=0.7371  ARI=0.6124  0.7s

=== P1L_S3_C3 train[0] k=5  dim=576  frames=231  σ=0.0  fold=4 ===
  SSC-Block-TV-Col21: k_hat=5  ACC=0.9481  NMI=0.9012  ARI=0.8626  0.4s

=== P1L_S3_C3 train[1] k=5  dim=576  frames=210  σ=0.0  fold=4 ===
  SSC-Block-TV-Col21: k_hat=5  ACC=1.0000  NMI=1.0000  ARI=1.0000  0.3s

=== P1L_S3_C3 train[2] k=5  dim=576  frames=225  σ=0.0  fold=4 ===
  SSC-Block-TV-Col21: k_hat=5  ACC=1.0000  NMI=1.0000  ARI=1.0000  0.3s

=== P1L_S3_C3 train[3] k=5  dim=576  frames=210  σ=0.0  fold=4 ===
  SSC-Block-TV-Col21: k_hat=5  ACC=0.9857  NMI=0.9685  ARI=0.9699  0.3s

=== P1L_S4_C1 train[0] k=5  dim=576  frames=313  σ=0.0  fold=4 ===
  SSC-Block-TV-Col21: k_hat=5  ACC=0.9393  NMI=0.9133  ARI=0.8638  0.6s

=== P1L_S4_C1 train[1] k=5  dim=576  frames=255  σ=0.0  fold=4 ===
  SSC-Block-TV-Col21: k_hat=5  ACC=0.9255  NMI=0.8958  ARI=0.8098  0.4s

=== P1L_S4_C1 train[2] k=5  dim=576  frames=253  σ=0.0  fold=4 ===
  SSC-Block-TV-Col21: k_hat=5  ACC=1.0000  NMI=1.0000  ARI=1.0000  0.4s

=== P1L_S4_C1 train[3] k=5  dim=576  frames=278  σ=0.0  fold=4 ===
  SSC-Block-TV-Col21: k_hat=5  ACC=0.7878  NMI=0.8710  ARI=0.7338  0.5s

=== P1L_S4_C2 train[0] k=5  dim=576  frames=267  σ=0.0  fold=4 ===
  SSC-Block-TV-Col21: k_hat=5  ACC=1.0000  NMI=1.0000  ARI=1.0000  0.5s

=== P1L_S4_C2 train[1] k=5  dim=576  frames=257  σ=0.0  fold=4 ===
  SSC-Block-TV-Col21: k_hat=5  ACC=1.0000  NMI=1.0000  ARI=1.0000  0.4s

=== P1L_S4_C2 train[2] k=5  dim=576  frames=279  σ=0.0  fold=4 ===
  SSC-Block-TV-Col21: k_hat=5  ACC=0.9642  NMI=0.9392  ARI=0.9261  0.5s

=== P1L_S4_C2 train[3] k=5  dim=576  frames=258  σ=0.0  fold=4 ===
  SSC-Block-TV-Col21: k_hat=5  ACC=0.7054  NMI=0.7692  ARI=0.6046  0.4s

=== P1L_S4_C3 train[0] k=5  dim=576  frames=180  σ=0.0  fold=4 ===
  SSC-Block-TV-Col21: k_hat=5  ACC=1.0000  NMI=1.0000  ARI=1.0000  0.2s

=== P1L_S4_C3 train[1] k=5  dim=576  frames=158  σ=0.0  fold=4 ===
  SSC-Block-TV-Col21: k_hat=5  ACC=1.0000  NMI=1.0000  ARI=1.0000  0.2s

=== P1L_S4_C3 train[2] k=5  dim=576  frames=188  σ=0.0  fold=4 ===
  SSC-Block-TV-Col21: k_hat=5  ACC=0.6649  NMI=0.7580  ARI=0.5653  0.2s

=== P1L_S4_C3 train[3] k=5  dim=576  frames=169  σ=0.0  fold=4 ===
  SSC-Block-TV-Col21: k_hat=5  ACC=0.7337  NMI=0.8712  ARI=0.7355  0.2s

=== P1E_S1_C1 test[0] k=5  dim=576  frames=268  σ=0.0  fold=4 ===
  SSC-Block-TV-Col21: k_hat=5  ACC=0.9328  NMI=0.9126  ARI=0.8608  0.4s

=== P1E_S1_C2 test[0] k=5  dim=576  frames=215  σ=0.0  fold=4 ===
  SSC-Block-TV-Col21: k_hat=5  ACC=0.9767  NMI=0.9449  ARI=0.9444  0.3s

=== P1E_S1_C3 test[0] k=5  dim=576  frames=107  σ=0.0  fold=4 ===
  SSC-Block-TV-Col21: k_hat=5  ACC=0.9720  NMI=0.9362  ARI=0.9269  0.1s

=== P1E_S2_C1 test[0] k=5  dim=576  frames=241  σ=0.0  fold=4 ===
  SSC-Block-TV-Col21: k_hat=5  ACC=0.7967  NMI=0.8258  ARI=0.7359  0.4s

=== P1E_S2_C2 test[0] k=5  dim=576  frames=212  σ=0.0  fold=4 ===
  SSC-Block-TV-Col21: k_hat=5  ACC=0.9575  NMI=0.9190  ARI=0.9027  0.3s

=== P1E_S2_C3 test[0] k=5  dim=576  frames=154  σ=0.0  fold=4 ===
  SSC-Block-TV-Col21: k_hat=5  ACC=0.9870  NMI=0.9643  ARI=0.9682  0.2s

=== P1E_S3_C1 test[0] k=5  dim=576  frames=237  σ=0.0  fold=4 ===
  SSC-Block-TV-Col21: k_hat=5  ACC=0.8439  NMI=0.8298  ARI=0.7750  0.4s

=== P1E_S3_C2 test[0] k=5  dim=576  frames=188  σ=0.0  fold=4 ===
  SSC-Block-TV-Col21: k_hat=5  ACC=0.9415  NMI=0.9057  ARI=0.8758  0.3s

=== P1E_S3_C3 test[0] k=5  dim=576  frames=168  σ=0.0  fold=4 ===
  SSC-Block-TV-Col21: k_hat=5  ACC=0.9940  NMI=0.9839  ARI=0.9886  0.2s

=== P1E_S4_C1 test[0] k=5  dim=576  frames=217  σ=0.0  fold=4 ===
  SSC-Block-TV-Col21: k_hat=5  ACC=0.9263  NMI=0.9054  ARI=0.8439  0.3s

=== P1E_S4_C2 test[0] k=5  dim=576  frames=198  σ=0.0  fold=4 ===
  SSC-Block-TV-Col21: k_hat=5  ACC=0.7020  NMI=0.8284  ARI=0.6603  0.3s

=== P1E_S4_C3 test[0] k=5  dim=576  frames=147  σ=0.0  fold=4 ===
  SSC-Block-TV-Col21: k_hat=5  ACC=0.9660  NMI=0.9286  ARI=0.9115  0.2s

=== P1L_S1_C1 test[0] k=5  dim=576  frames=285  σ=0.0  fold=4 ===
  SSC-Block-TV-Col21: k_hat=5  ACC=1.0000  NMI=1.0000  ARI=1.0000  0.5s

=== P1L_S1_C2 test[0] k=5  dim=576  frames=270  σ=0.0  fold=4 ===
  SSC-Block-TV-Col21: k_hat=5  ACC=1.0000  NMI=1.0000  ARI=1.0000  0.5s

=== P1L_S1_C3 test[0] k=5  dim=576  frames=124  σ=0.0  fold=4 ===
  SSC-Block-TV-Col21: k_hat=5  ACC=0.9919  NMI=0.9784  ARI=0.9780  0.1s

=== P1L_S2_C1 test[0] k=5  dim=576  frames=265  σ=0.0  fold=4 ===
  SSC-Block-TV-Col21: k_hat=5  ACC=0.9623  NMI=0.9300  ARI=0.8992  0.5s

=== P1L_S2_C2 test[0] k=5  dim=576  frames=222  σ=0.0  fold=4 ===
  SSC-Block-TV-Col21: k_hat=5  ACC=1.0000  NMI=1.0000  ARI=1.0000  0.3s

=== P1L_S2_C3 test[0] k=5  dim=576  frames=179  σ=0.0  fold=4 ===
  SSC-Block-TV-Col21: k_hat=5  ACC=1.0000  NMI=1.0000  ARI=1.0000  0.2s

=== P1L_S3_C1 test[0] k=5  dim=576  frames=241  σ=0.0  fold=4 ===
  SSC-Block-TV-Col21: k_hat=5  ACC=0.8008  NMI=0.7935  ARI=0.6401  0.4s

=== P1L_S3_C2 test[0] k=5  dim=576  frames=290  σ=0.0  fold=4 ===
  SSC-Block-TV-Col21: k_hat=5  ACC=0.7483  NMI=0.8593  ARI=0.7503  0.5s

=== P1L_S3_C3 test[0] k=5  dim=576  frames=229  σ=0.0  fold=4 ===
  SSC-Block-TV-Col21: k_hat=5  ACC=0.9913  NMI=0.9788  ARI=0.9843  0.3s

=== P1L_S4_C1 test[0] k=5  dim=576  frames=344  σ=0.0  fold=4 ===
  SSC-Block-TV-Col21: k_hat=5  ACC=0.4942  NMI=0.6823  ARI=0.3999  0.7s

=== P1L_S4_C2 test[0] k=5  dim=576  frames=266  σ=0.0  fold=4 ===
  SSC-Block-TV-Col21: k_hat=5  ACC=0.7068  NMI=0.8306  ARI=0.6815  0.4s

=== P1L_S4_C3 test[0] k=5  dim=576  frames=185  σ=0.0  fold=4 ===
  SSC-Block-TV-Col21: k_hat=5  ACC=1.0000  NMI=1.0000  ARI=1.0000  0.2s

=== inference time per method ===
  SSC-Block-TV-Col21: mean=0.3580s  std=0.1519s  total=214.8s  n=600
wrote /nfs/turbo/umms-minjilab/lpullela/icassp_ssc_tv2/block_ssc_benchmark/cv/results/surveillance/split_k5_clean_min30_trials20_knownk_scaled_cv_ssc_block_tv_col21_k5_sigma0_timing.json

=== mean over matrices ===
  SSC-Block-TV-Col21 train σ=0.0: ACC=0.8728  NMI=0.8915  ARI=0.8179  n=480
  SSC-Block-TV-Col21 test σ=0.0: ACC=0.8712  NMI=0.8903  ARI=0.8168  n=120

wrote /nfs/turbo/umms-minjilab/lpullela/icassp_ssc_tv2/block_ssc_benchmark/cv/results/surveillance/split_k5_clean_min30_trials20_knownk_scaled_cv_ssc_block_tv_col21_k5_sigma0.csv
end=Sat Sep  5 21:12:15 EDT 2026
Experiment completed!
