========================================
Job: cv_ssc_block_tv_col21_k5_s0p25
Method: SSC-Block-TV-Col21  k: 5  sigma: 0.25
========================================
host=gl3035.arc-ts.umich.edu  python=/home/lpullela/miniconda3/envs/ssc_559/bin/python  start=Sat Sep  5 19:18:09 EDT 2026
Loading P1E_S1_C1
  Y: (576, 1236)  people=25  frames/person=[60, 61, 50, 48, 51, 35, 41, 56, 55, 49, 65, 50, 63, 38, 61, 48, 50, 49, 50, 30, 42, 60, 32, 39, 53]  min=30
Loading P1E_S1_C2
  Y: (576, 1031)  people=25  frames/person=[42, 48, 31, 35, 50, 45, 30, 32, 38, 40, 61, 41, 47, 33, 46, 36, 41, 45, 42, 36, 33, 50, 53, 33, 43]  min=30
Loading P1E_S1_C3
  Y: (576, 453)  people=25  frames/person=[15, 22, 16, 16, 17, 13, 14, 19, 14, 25, 26, 12, 21, 18, 22, 19, 13, 19, 16, 15, 8, 15, 30, 20, 28]  min=8
  warning: 24 people have fewer than 30 available frames (kept all)
Loading P1E_S2_C1
  Y: (576, 1256)  people=25  frames/person=[65, 50, 50, 51, 53, 48, 49, 60, 33, 48, 61, 58, 52, 32, 55, 35, 45, 53, 40, 53, 51, 65, 64, 42, 43]  min=32
Loading P1E_S2_C2
  Y: (576, 1042)  people=25  frames/person=[33, 48, 38, 41, 53, 36, 39, 47, 51, 36, 55, 44, 43, 25, 42, 41, 37, 45, 41, 38, 40, 54, 49, 33, 33]  min=25
  warning: 1 people have fewer than 30 available frames (kept all)
Loading P1E_S2_C3
  Y: (576, 816)  people=25  frames/person=[36, 33, 28, 32, 42, 37, 31, 36, 31, 23, 42, 36, 35, 20, 33, 33, 32, 32, 32, 29, 32, 42, 38, 27, 24]  min=20
  warning: 6 people have fewer than 30 available frames (kept all)
Loading P1E_S3_C1
  Y: (576, 1255)  people=25  frames/person=[43, 39, 47, 52, 58, 96, 42, 31, 79, 33, 67, 55, 44, 34, 40, 48, 54, 77, 45, 41, 46, 53, 56, 38, 37]  min=31
Loading P1E_S3_C2
  Y: (576, 1126)  people=25  frames/person=[57, 56, 35, 40, 49, 75, 34, 40, 70, 26, 65, 54, 43, 28, 32, 43, 48, 31, 36, 33, 42, 71, 57, 30, 31]  min=26
  warning: 2 people have fewer than 30 available frames (kept all)
Loading P1E_S3_C3
  Y: (576, 866)  people=25  frames/person=[43, 36, 24, 33, 37, 47, 29, 37, 55, 18, 40, 40, 31, 22, 30, 39, 35, 45, 30, 28, 30, 50, 42, 20, 25]  min=18
  warning: 7 people have fewer than 30 available frames (kept all)
Loading P1E_S4_C1
  Y: (576, 1247)  people=25  frames/person=[58, 54, 34, 56, 50, 59, 50, 56, 74, 38, 75, 35, 46, 31, 53, 40, 57, 32, 56, 33, 48, 67, 59, 48, 38]  min=31
Loading P1E_S4_C2
  Y: (576, 1051)  people=25  frames/person=[37, 37, 41, 46, 41, 49, 38, 45, 65, 30, 39, 48, 50, 34, 43, 36, 47, 52, 45, 37, 38, 50, 30, 37, 36]  min=30
Loading P1E_S4_C3
  Y: (576, 719)  people=25  frames/person=[28, 29, 22, 29, 24, 36, 31, 29, 33, 25, 37, 19, 28, 21, 25, 27, 25, 41, 27, 29, 26, 31, 45, 29, 23]  min=19
  warning: 18 people have fewer than 30 available frames (kept all)
Loading P1L_S1_C1
  Y: (576, 1391)  people=25  frames/person=[65, 68, 43, 64, 47, 40, 58, 33, 75, 41, 58, 72, 58, 49, 66, 67, 65, 43, 59, 57, 58, 51, 67, 32, 55]  min=32
Loading P1L_S1_C2
  Y: (576, 1309)  people=25  frames/person=[30, 65, 37, 63, 66, 54, 52, 52, 43, 49, 71, 49, 58, 48, 54, 66, 56, 36, 48, 49, 55, 66, 52, 39, 51]  min=30
Loading P1L_S1_C3
  Y: (576, 565)  people=25  frames/person=[27, 29, 20, 26, 19, 25, 22, 12, 28, 25, 20, 25, 23, 18, 21, 23, 25, 26, 23, 21, 18, 18, 30, 18, 23]  min=12
  warning: 24 people have fewer than 30 available frames (kept all)
Loading P1L_S2_C1
  Y: (576, 1470)  people=25  frames/person=[73, 68, 53, 64, 65, 41, 73, 55, 37, 31, 82, 75, 63, 45, 34, 48, 74, 84, 71, 64, 62, 65, 48, 33, 62]  min=31
Loading P1L_S2_C2
  Y: (576, 1393)  people=25  frames/person=[64, 65, 49, 62, 69, 69, 63, 61, 80, 34, 89, 57, 53, 52, 55, 38, 30, 30, 66, 36, 57, 51, 73, 41, 49]  min=30
Loading P1L_S2_C3
  Y: (576, 897)  people=25  frames/person=[40, 36, 29, 28, 35, 37, 36, 36, 50, 28, 55, 46, 34, 31, 35, 32, 30, 48, 37, 29, 36, 39, 45, 19, 26]  min=19
  warning: 6 people have fewer than 30 available frames (kept all)
Loading P1L_S3_C1
  Y: (576, 1329)  people=25  frames/person=[31, 33, 30, 51, 74, 75, 59, 65, 66, 43, 47, 39, 65, 50, 58, 71, 67, 36, 57, 35, 62, 31, 74, 59, 51]  min=30
Loading P1L_S3_C2
  Y: (576, 1472)  people=25  frames/person=[78, 38, 48, 51, 54, 71, 61, 71, 32, 50, 75, 38, 72, 63, 48, 67, 49, 87, 52, 56, 58, 85, 73, 56, 39]  min=32
Loading P1L_S3_C3
  Y: (576, 1105)  people=25  frames/person=[48, 44, 38, 38, 39, 45, 35, 55, 52, 26, 81, 39, 36, 36, 44, 54, 42, 61, 38, 31, 34, 53, 51, 44, 41]  min=26
  warning: 1 people have fewer than 30 available frames (kept all)
Loading P1L_S4_C1
  Y: (576, 1443)  people=25  frames/person=[50, 69, 44, 41, 78, 43, 32, 71, 45, 65, 59, 39, 56, 57, 68, 69, 70, 73, 51, 63, 47, 70, 57, 52, 74]  min=32
Loading P1L_S4_C2
  Y: (576, 1327)  people=25  frames/person=[71, 34, 39, 54, 63, 67, 52, 39, 52, 56, 59, 50, 51, 53, 63, 50, 71, 63, 48, 35, 31, 71, 43, 52, 60]  min=31
Loading P1L_S4_C3
  Y: (576, 880)  people=25  frames/person=[37, 41, 23, 26, 32, 34, 22, 32, 50, 29, 38, 44, 31, 34, 37, 39, 39, 39, 38, 26, 25, 50, 41, 33, 40]  min=22
  warning: 6 people have fewer than 30 available frames (kept all)
sequences=24  people=25  k=5
frames/person ~ Unif[30, 100]
down_hw=24  sigmas=(0.25,)  n_trials=20  known_k=True  csv=split_k5_sigmas_min30_trials20_knownk_cv_ssc_block_tv_col21_k5_sigma0p25.csv
SSC-Block-TV block_size searched in [2, 12]
CV mode: 5 folds of size 5, each rotated as test
  group 0: ['0006', '0013', '0014', '0022', '0027']
  group 1: ['0004', '0009', '0019', '0025', '0026']
  group 2: ['0001', '0005', '0011', '0023', '0024']
  group 3: ['0007', '0010', '0015', '0016', '0021']
  group 4: ['0003', '0012', '0017', '0018', '0020']
methods=['SSC-Block-TV-Col21']  append=False  hetero_noise=False  no_tune=False

============================================================
σ=0.25 fold=0  test=['0006', '0013', '0014', '0022', '0027']  train mats=96  test mats=24
  --- tune SSC-Block-TV-Col21 over 96 train mats  n_trials=40 (4 params) ---
  SSC-Block-TV-Col21 trial 0: mean ARI=0.5042  n=96  41.9s  lambda_e=1, lambda_z=0.1, gamma_q=0.1, block_size=5
  SSC-Block-TV-Col21 trial 1: mean ARI=0.4533  n=96  41.1s  lambda_e=0.443, lambda_z=0.7257, gamma_q=0.2577, block_size=7
  SSC-Block-TV-Col21 trial 2: mean ARI=0.5417  n=96  40.9s  lambda_e=0.1866, lambda_z=0.3833, gamma_q=0.05628, block_size=11
  SSC-Block-TV-Col21 trial 3: mean ARI=0.4495  n=96  41.2s  lambda_e=7.78, lambda_z=0.03418, gamma_q=1.469, block_size=7
  SSC-Block-TV-Col21 trial 4: mean ARI=0.5811  n=96  44.0s  lambda_e=0.506, lambda_z=5.039, gamma_q=0.001924, block_size=2
  SSC-Block-TV-Col21 trial 5: mean ARI=0.3971  n=96  40.8s  lambda_e=0.0115, lambda_z=2.14, gamma_q=1.296, block_size=11
  SSC-Block-TV-Col21 trial 6: mean ARI=0.4897  n=96  40.9s  lambda_e=8.627, lambda_z=1.573, gamma_q=0.07013, block_size=10
  SSC-Block-TV-Col21 trial 7: mean ARI=0.6935  n=96  40.8s  lambda_e=0.02264, lambda_z=0.3628, gamma_q=0.003745, block_size=12
  SSC-Block-TV-Col21 trial 8: mean ARI=0.6948  n=96  41.2s  lambda_e=0.3677, lambda_z=0.04557, gamma_q=0.01143, block_size=10
  SSC-Block-TV-Col21 trial 9: mean ARI=0.6276  n=96  42.3s  lambda_e=0.2336, lambda_z=0.1878, gamma_q=0.001189, block_size=8
  SSC-Block-TV-Col21 trial 10: mean ARI=0.4570  n=96  44.1s  lambda_e=0.0543, lambda_z=0.001491, gamma_q=6.473, block_size=2
  SSC-Block-TV-Col21 trial 11: mean ARI=0.6529  n=96  40.8s  lambda_e=0.01211, lambda_z=0.01492, gamma_q=0.01117, block_size=12
  SSC-Block-TV-Col21 trial 12: mean ARI=0.7011  n=96  41.2s  lambda_e=0.05731, lambda_z=0.01131, gamma_q=0.007917, block_size=9
  SSC-Block-TV-Col21 trial 13: mean ARI=0.5290  n=96  41.3s  lambda_e=0.07177, lambda_z=0.004714, gamma_q=0.01396, block_size=9
  SSC-Block-TV-Col21 trial 14: mean ARI=0.7235  n=96  42.0s  lambda_e=2.421, lambda_z=0.02548, gamma_q=0.01064, block_size=5
  SSC-Block-TV-Col21 trial 15: mean ARI=0.7262  n=96  42.5s  lambda_e=2.404, lambda_z=0.008194, gamma_q=0.00518, block_size=4
  SSC-Block-TV-Col21 trial 16: mean ARI=0.4832  n=96  42.4s  lambda_e=2.735, lambda_z=0.001067, gamma_q=0.03828, block_size=4
  SSC-Block-TV-Col21 trial 17: mean ARI=0.7104  n=96  42.4s  lambda_e=2.27, lambda_z=0.004288, gamma_q=0.003898, block_size=4
  SSC-Block-TV-Col21 trial 18: mean ARI=0.5865  n=96  42.1s  lambda_e=2.414, lambda_z=0.02044, gamma_q=0.02783, block_size=5
  SSC-Block-TV-Col21 trial 19: mean ARI=0.4753  n=96  41.7s  lambda_e=1.385, lambda_z=0.004347, gamma_q=0.2784, block_size=6
  SSC-Block-TV-Col21 trial 20: mean ARI=0.7143  n=96  43.0s  lambda_e=4.099, lambda_z=0.07692, gamma_q=0.003455, block_size=3
  SSC-Block-TV-Col21 trial 21: mean ARI=0.7148  n=96  43.0s  lambda_e=4.194, lambda_z=0.07995, gamma_q=0.003341, block_size=3
  SSC-Block-TV-Col21 trial 22: mean ARI=0.7602  n=96  42.3s  lambda_e=4.799, lambda_z=0.007954, gamma_q=0.001024, block_size=4
  SSC-Block-TV-Col21 trial 23: mean ARI=0.7613  n=96  42.0s  lambda_e=1.039, lambda_z=0.007364, gamma_q=0.001082, block_size=5
  SSC-Block-TV-Col21 trial 24: mean ARI=0.7643  n=96  42.3s  lambda_e=1.058, lambda_z=0.009654, gamma_q=0.001194, block_size=4
  SSC-Block-TV-Col21 trial 25: mean ARI=0.7260  n=96  41.6s  lambda_e=1.41, lambda_z=0.002234, gamma_q=0.001157, block_size=6
  SSC-Block-TV-Col21 trial 26: mean ARI=0.7673  n=96  42.8s  lambda_e=0.7576, lambda_z=0.008681, gamma_q=0.001033, block_size=3
  SSC-Block-TV-Col21 trial 27: mean ARI=0.7031  n=96  42.9s  lambda_e=0.7862, lambda_z=0.002682, gamma_q=0.002014, block_size=3
  SSC-Block-TV-Col21 trial 28: mean ARI=0.7557  n=96  41.6s  lambda_e=0.1403, lambda_z=0.006732, gamma_q=0.001812, block_size=6
  SSC-Block-TV-Col21 trial 29: mean ARI=0.7643  n=96  44.1s  lambda_e=0.8783, lambda_z=0.05061, gamma_q=0.002353, block_size=2
  SSC-Block-TV-Col21 trial 30: mean ARI=0.7596  n=96  44.1s  lambda_e=0.6887, lambda_z=0.05941, gamma_q=0.006183, block_size=2
  SSC-Block-TV-Col21 trial 31: mean ARI=0.7644  n=96  43.0s  lambda_e=1.236, lambda_z=0.01525, gamma_q=0.002268, block_size=3
  SSC-Block-TV-Col21 trial 32: mean ARI=0.7643  n=96  43.0s  lambda_e=0.3064, lambda_z=0.01431, gamma_q=0.002343, block_size=3
  SSC-Block-TV-Col21 trial 33: mean ARI=0.6885  n=96  42.9s  lambda_e=0.3466, lambda_z=0.02255, gamma_q=0.01971, block_size=3
  SSC-Block-TV-Col21 trial 34: mean ARI=0.7047  n=96  43.1s  lambda_e=0.1463, lambda_z=0.1284, gamma_q=0.002177, block_size=3
  SSC-Block-TV-Col21 trial 35: mean ARI=0.7413  n=96  42.4s  lambda_e=0.5212, lambda_z=0.01224, gamma_q=0.006104, block_size=4
  SSC-Block-TV-Col21 trial 36: mean ARI=0.7360  n=96  42.1s  lambda_e=0.2505, lambda_z=0.0352, gamma_q=0.001741, block_size=5
  SSC-Block-TV-Col21 trial 37: mean ARI=0.6985  n=96  44.3s  lambda_e=1.393, lambda_z=0.002808, gamma_q=0.003159, block_size=2
  SSC-Block-TV-Col21 trial 38: mean ARI=0.5155  n=96  43.1s  lambda_e=0.5547, lambda_z=0.01062, gamma_q=0.2371, block_size=3
  SSC-Block-TV-Col21 trial 39: mean ARI=0.7643  n=96  42.5s  lambda_e=1.087, lambda_z=0.01752, gamma_q=0.001638, block_size=4
    best mean ARI=0.7673  tune 1692.2s  lambda_e=0.7576, lambda_z=0.008681, gamma_q=0.001033, block_size=3
  wrote /nfs/turbo/umms-minjilab/lpullela/icassp_ssc_tv2/block_ssc_benchmark/cv/params/surveillance/split_k5_sigmas_min30_trials20_params_knownk_cv_ssc_block_tv_col21_k5_sigma0p25_sigma0.25_fold0.json

=== P1E_S1_C1 train[0] k=5  dim=576  frames=212  σ=0.25  fold=0 ===
  SSC-Block-TV-Col21: k_hat=5  ACC=0.9953  NMI=0.9861  ARI=0.9888  0.4s

=== P1E_S1_C1 train[1] k=5  dim=576  frames=265  σ=0.25  fold=0 ===
  SSC-Block-TV-Col21: k_hat=5  ACC=0.4943  NMI=0.6913  ARI=0.3996  0.6s

=== P1E_S1_C1 train[2] k=5  dim=576  frames=242  σ=0.25  fold=0 ===
  SSC-Block-TV-Col21: k_hat=5  ACC=0.6942  NMI=0.7572  ARI=0.5985  0.5s

=== P1E_S1_C1 train[3] k=5  dim=576  frames=268  σ=0.25  fold=0 ===
  SSC-Block-TV-Col21: k_hat=5  ACC=0.5709  NMI=0.7076  ARI=0.4341  0.6s

=== P1E_S1_C2 train[0] k=5  dim=576  frames=188  σ=0.25  fold=0 ===
  SSC-Block-TV-Col21: k_hat=5  ACC=1.0000  NMI=1.0000  ARI=1.0000  0.3s

=== P1E_S1_C2 train[1] k=5  dim=576  frames=198  σ=0.25  fold=0 ===
  SSC-Block-TV-Col21: k_hat=5  ACC=0.7172  NMI=0.8100  ARI=0.6652  0.4s

=== P1E_S1_C2 train[2] k=5  dim=576  frames=199  σ=0.25  fold=0 ===
  SSC-Block-TV-Col21: k_hat=5  ACC=0.7035  NMI=0.8020  ARI=0.6631  0.4s

=== P1E_S1_C2 train[3] k=5  dim=576  frames=215  σ=0.25  fold=0 ===
  SSC-Block-TV-Col21: k_hat=5  ACC=0.9814  NMI=0.9530  ARI=0.9548  0.4s

=== P1E_S1_C3 train[0] k=5  dim=576  frames=93  σ=0.25  fold=0 ===
  SSC-Block-TV-Col21: k_hat=5  ACC=0.9785  NMI=0.9546  ARI=0.9423  0.1s

=== P1E_S1_C3 train[1] k=5  dim=576  frames=68  σ=0.25  fold=0 ===
  SSC-Block-TV-Col21: k_hat=5  ACC=0.6176  NMI=0.6689  ARI=0.4538  0.1s

=== P1E_S1_C3 train[2] k=5  dim=576  frames=87  σ=0.25  fold=0 ===
  SSC-Block-TV-Col21: k_hat=5  ACC=0.9770  NMI=0.9559  ARI=0.9488  0.1s

=== P1E_S1_C3 train[3] k=5  dim=576  frames=107  σ=0.25  fold=0 ===
  SSC-Block-TV-Col21: k_hat=5  ACC=0.9626  NMI=0.9127  ARI=0.9039  0.2s

=== P1E_S2_C1 train[0] k=5  dim=576  frames=250  σ=0.25  fold=0 ===
  SSC-Block-TV-Col21: k_hat=5  ACC=0.9560  NMI=0.9326  ARI=0.9097  0.5s

=== P1E_S2_C1 train[1] k=5  dim=576  frames=265  σ=0.25  fold=0 ===
  SSC-Block-TV-Col21: k_hat=5  ACC=0.5208  NMI=0.6936  ARI=0.4313  0.6s

=== P1E_S2_C1 train[2] k=5  dim=576  frames=232  σ=0.25  fold=0 ===
  SSC-Block-TV-Col21: k_hat=5  ACC=0.5259  NMI=0.7312  ARI=0.5274  0.4s

=== P1E_S2_C1 train[3] k=5  dim=576  frames=241  σ=0.25  fold=0 ===
  SSC-Block-TV-Col21: k_hat=5  ACC=0.8465  NMI=0.8752  ARI=0.7881  0.5s

=== P1E_S2_C2 train[0] k=5  dim=576  frames=196  σ=0.25  fold=0 ===
  SSC-Block-TV-Col21: k_hat=5  ACC=0.9847  NMI=0.9598  ARI=0.9622  0.3s

=== P1E_S2_C2 train[1] k=5  dim=576  frames=219  σ=0.25  fold=0 ===
  SSC-Block-TV-Col21: k_hat=5  ACC=0.9589  NMI=0.9196  ARI=0.9019  0.4s

=== P1E_S2_C2 train[2] k=5  dim=576  frames=192  σ=0.25  fold=0 ===
  SSC-Block-TV-Col21: k_hat=5  ACC=0.7552  NMI=0.7905  ARI=0.6459  0.3s

=== P1E_S2_C2 train[3] k=5  dim=576  frames=212  σ=0.25  fold=0 ===
  SSC-Block-TV-Col21: k_hat=5  ACC=0.9811  NMI=0.9526  ARI=0.9542  0.4s

=== P1E_S2_C3 train[0] k=5  dim=576  frames=156  σ=0.25  fold=0 ===
  SSC-Block-TV-Col21: k_hat=5  ACC=1.0000  NMI=1.0000  ARI=1.0000  0.2s

=== P1E_S2_C3 train[1] k=5  dim=576  frames=173  σ=0.25  fold=0 ===
  SSC-Block-TV-Col21: k_hat=5  ACC=0.9480  NMI=0.8976  ARI=0.8822  0.3s

=== P1E_S2_C3 train[2] k=5  dim=576  frames=160  σ=0.25  fold=0 ===
  SSC-Block-TV-Col21: k_hat=5  ACC=0.7688  NMI=0.8509  ARI=0.7491  0.3s

=== P1E_S2_C3 train[3] k=5  dim=576  frames=154  σ=0.25  fold=0 ===
  SSC-Block-TV-Col21: k_hat=5  ACC=0.9740  NMI=0.9398  ARI=0.9378  0.3s

=== P1E_S3_C1 train[0] k=5  dim=576  frames=237  σ=0.25  fold=0 ===
  SSC-Block-TV-Col21: k_hat=5  ACC=0.8692  NMI=0.8733  ARI=0.7446  0.5s

=== P1E_S3_C1 train[1] k=5  dim=576  frames=273  σ=0.25  fold=0 ===
  SSC-Block-TV-Col21: k_hat=5  ACC=0.5275  NMI=0.6633  ARI=0.3724  0.6s

=== P1E_S3_C1 train[2] k=5  dim=576  frames=250  σ=0.25  fold=0 ===
  SSC-Block-TV-Col21: k_hat=5  ACC=0.5360  NMI=0.6500  ARI=0.4241  0.5s

=== P1E_S3_C1 train[3] k=5  dim=576  frames=237  σ=0.25  fold=0 ===
  SSC-Block-TV-Col21: k_hat=5  ACC=0.7215  NMI=0.7775  ARI=0.6417  0.5s

=== P1E_S3_C2 train[0] k=5  dim=576  frames=204  σ=0.25  fold=0 ===
  SSC-Block-TV-Col21: k_hat=5  ACC=0.9510  NMI=0.8884  ARI=0.8864  0.4s

=== P1E_S3_C2 train[1] k=5  dim=576  frames=280  σ=0.25  fold=0 ===
  SSC-Block-TV-Col21: k_hat=5  ACC=0.5821  NMI=0.6786  ARI=0.4461  0.6s

=== P1E_S3_C2 train[2] k=5  dim=576  frames=222  σ=0.25  fold=0 ===
  SSC-Block-TV-Col21: k_hat=5  ACC=0.5946  NMI=0.7260  ARI=0.4938  0.4s

=== P1E_S3_C2 train[3] k=5  dim=576  frames=188  σ=0.25  fold=0 ===
  SSC-Block-TV-Col21: k_hat=5  ACC=0.9255  NMI=0.8936  ARI=0.8499  0.3s

=== P1E_S3_C3 train[0] k=5  dim=576  frames=150  σ=0.25  fold=0 ===
  SSC-Block-TV-Col21: k_hat=5  ACC=0.9933  NMI=0.9815  ARI=0.9835  0.2s

=== P1E_S3_C3 train[1] k=5  dim=576  frames=211  σ=0.25  fold=0 ===
  SSC-Block-TV-Col21: k_hat=5  ACC=0.7393  NMI=0.8374  ARI=0.6914  0.4s

=== P1E_S3_C3 train[2] k=5  dim=576  frames=167  σ=0.25  fold=0 ===
  SSC-Block-TV-Col21: k_hat=5  ACC=0.7305  NMI=0.8704  ARI=0.7379  0.3s

=== P1E_S3_C3 train[3] k=5  dim=576  frames=168  σ=0.25  fold=0 ===
  SSC-Block-TV-Col21: k_hat=5  ACC=0.9881  NMI=0.9667  ARI=0.9741  0.3s

=== P1E_S4_C1 train[0] k=5  dim=576  frames=248  σ=0.25  fold=0 ===
  SSC-Block-TV-Col21: k_hat=5  ACC=0.9718  NMI=0.9462  ARI=0.9294  0.5s

=== P1E_S4_C1 train[1] k=5  dim=576  frames=303  σ=0.25  fold=0 ===
  SSC-Block-TV-Col21: k_hat=5  ACC=0.7360  NMI=0.8564  ARI=0.6881  0.7s

=== P1E_S4_C1 train[2] k=5  dim=576  frames=248  σ=0.25  fold=0 ===
  SSC-Block-TV-Col21: k_hat=5  ACC=0.6532  NMI=0.7429  ARI=0.5521  0.5s

=== P1E_S4_C1 train[3] k=5  dim=576  frames=217  σ=0.25  fold=0 ===
  SSC-Block-TV-Col21: k_hat=5  ACC=0.7604  NMI=0.7895  ARI=0.6970  0.4s

=== P1E_S4_C2 train[0] k=5  dim=576  frames=193  σ=0.25  fold=0 ===
  SSC-Block-TV-Col21: k_hat=5  ACC=0.9534  NMI=0.9160  ARI=0.9033  0.3s

=== P1E_S4_C2 train[1] k=5  dim=576  frames=236  σ=0.25  fold=0 ===
  SSC-Block-TV-Col21: k_hat=5  ACC=0.9958  NMI=0.9869  ARI=0.9887  0.5s

=== P1E_S4_C2 train[2] k=5  dim=576  frames=223  σ=0.25  fold=0 ===
  SSC-Block-TV-Col21: k_hat=5  ACC=0.6951  NMI=0.8543  ARI=0.6811  0.5s

=== P1E_S4_C2 train[3] k=5  dim=576  frames=198  σ=0.25  fold=0 ===
  SSC-Block-TV-Col21: k_hat=5  ACC=0.8586  NMI=0.8694  ARI=0.7785  0.4s

=== P1E_S4_C3 train[0] k=5  dim=576  frames=152  σ=0.25  fold=0 ===
  SSC-Block-TV-Col21: k_hat=5  ACC=0.9737  NMI=0.9376  ARI=0.9341  0.2s

=== P1E_S4_C3 train[1] k=5  dim=576  frames=147  σ=0.25  fold=0 ===
  SSC-Block-TV-Col21: k_hat=5  ACC=0.8299  NMI=0.7975  ARI=0.7070  0.2s

=== P1E_S4_C3 train[2] k=5  dim=576  frames=141  σ=0.25  fold=0 ===
  SSC-Block-TV-Col21: k_hat=5  ACC=0.9716  NMI=0.9451  ARI=0.9234  0.2s

=== P1E_S4_C3 train[3] k=5  dim=576  frames=147  σ=0.25  fold=0 ===
  SSC-Block-TV-Col21: k_hat=5  ACC=0.7959  NMI=0.8532  ARI=0.7621  0.2s

=== P1L_S1_C1 train[0] k=5  dim=576  frames=265  σ=0.25  fold=0 ===
  SSC-Block-TV-Col21: k_hat=5  ACC=1.0000  NMI=1.0000  ARI=1.0000  0.6s

=== P1L_S1_C1 train[1] k=5  dim=576  frames=313  σ=0.25  fold=0 ===
  SSC-Block-TV-Col21: k_hat=5  ACC=0.8307  NMI=0.8741  ARI=0.7477  0.8s

=== P1L_S1_C1 train[2] k=5  dim=576  frames=239  σ=0.25  fold=0 ===
  SSC-Block-TV-Col21: k_hat=5  ACC=0.9079  NMI=0.9138  ARI=0.8817  0.5s

=== P1L_S1_C1 train[3] k=5  dim=576  frames=285  σ=0.25  fold=0 ===
  SSC-Block-TV-Col21: k_hat=5  ACC=0.7333  NMI=0.8070  ARI=0.6568  0.7s

=== P1L_S1_C2 train[0] k=5  dim=576  frames=236  σ=0.25  fold=0 ===
  SSC-Block-TV-Col21: k_hat=5  ACC=0.8686  NMI=0.8733  ARI=0.7470  0.5s

=== P1L_S1_C2 train[1] k=5  dim=576  frames=257  σ=0.25  fold=0 ===
  SSC-Block-TV-Col21: k_hat=5  ACC=0.7665  NMI=0.7493  ARI=0.5817  0.6s

=== P1L_S1_C2 train[2] k=5  dim=576  frames=260  σ=0.25  fold=0 ===
  SSC-Block-TV-Col21: k_hat=5  ACC=0.6115  NMI=0.7587  ARI=0.5687  0.5s

=== P1L_S1_C2 train[3] k=5  dim=576  frames=270  σ=0.25  fold=0 ===
  SSC-Block-TV-Col21: k_hat=5  ACC=0.6407  NMI=0.7270  ARI=0.4855  0.6s

=== P1L_S1_C3 train[0] k=5  dim=576  frames=115  σ=0.25  fold=0 ===
  SSC-Block-TV-Col21: k_hat=5  ACC=0.7304  NMI=0.8548  ARI=0.6715  0.2s

=== P1L_S1_C3 train[1] k=5  dim=576  frames=117  σ=0.25  fold=0 ===
  SSC-Block-TV-Col21: k_hat=5  ACC=0.6838  NMI=0.7201  ARI=0.4944  0.2s

=== P1L_S1_C3 train[2] k=5  dim=576  frames=101  σ=0.25  fold=0 ===
  SSC-Block-TV-Col21: k_hat=5  ACC=0.8020  NMI=0.7928  ARI=0.6476  0.1s

=== P1L_S1_C3 train[3] k=5  dim=576  frames=124  σ=0.25  fold=0 ===
  SSC-Block-TV-Col21: k_hat=5  ACC=0.9919  NMI=0.9784  ARI=0.9780  0.2s

=== P1L_S2_C1 train[0] k=5  dim=576  frames=281  σ=0.25  fold=0 ===
  SSC-Block-TV-Col21: k_hat=5  ACC=0.9253  NMI=0.9021  ARI=0.8382  0.6s

=== P1L_S2_C1 train[1] k=5  dim=576  frames=301  σ=0.25  fold=0 ===
  SSC-Block-TV-Col21: k_hat=5  ACC=0.6545  NMI=0.7322  ARI=0.5154  0.7s

=== P1L_S2_C1 train[2] k=5  dim=576  frames=275  σ=0.25  fold=0 ===
  SSC-Block-TV-Col21: k_hat=5  ACC=0.9018  NMI=0.9077  ARI=0.8561  0.6s

=== P1L_S2_C1 train[3] k=5  dim=576  frames=265  σ=0.25  fold=0 ===
  SSC-Block-TV-Col21: k_hat=5  ACC=0.7962  NMI=0.8736  ARI=0.7660  0.6s

=== P1L_S2_C2 train[0] k=5  dim=576  frames=256  σ=0.25  fold=0 ===
  SSC-Block-TV-Col21: k_hat=5  ACC=1.0000  NMI=1.0000  ARI=1.0000  0.6s

=== P1L_S2_C2 train[1] k=5  dim=576  frames=314  σ=0.25  fold=0 ===
  SSC-Block-TV-Col21: k_hat=5  ACC=0.8248  NMI=0.8143  ARI=0.7062  0.8s

=== P1L_S2_C2 train[2] k=5  dim=576  frames=301  σ=0.25  fold=0 ===
  SSC-Block-TV-Col21: k_hat=5  ACC=0.7243  NMI=0.8444  ARI=0.6975  0.7s

=== P1L_S2_C2 train[3] k=5  dim=576  frames=222  σ=0.25  fold=0 ===
  SSC-Block-TV-Col21: k_hat=5  ACC=1.0000  NMI=1.0000  ARI=1.0000  0.4s

=== P1L_S2_C3 train[0] k=5  dim=576  frames=159  σ=0.25  fold=0 ===
  SSC-Block-TV-Col21: k_hat=5  ACC=0.9874  NMI=0.9706  ARI=0.9704  0.3s

=== P1L_S2_C3 train[1] k=5  dim=576  frames=193  σ=0.25  fold=0 ===
  SSC-Block-TV-Col21: k_hat=5  ACC=0.9016  NMI=0.8879  ARI=0.7894  0.4s

=== P1L_S2_C3 train[2] k=5  dim=576  frames=175  σ=0.25  fold=0 ===
  SSC-Block-TV-Col21: k_hat=5  ACC=0.8229  NMI=0.8073  ARI=0.6798  0.3s

=== P1L_S2_C3 train[3] k=5  dim=576  frames=179  σ=0.25  fold=0 ===
  SSC-Block-TV-Col21: k_hat=5  ACC=0.9832  NMI=0.9577  ARI=0.9632  0.3s

=== P1L_S3_C1 train[0] k=5  dim=576  frames=289  σ=0.25  fold=0 ===
  SSC-Block-TV-Col21: k_hat=5  ACC=0.9758  NMI=0.9412  ARI=0.9371  0.7s

=== P1L_S3_C1 train[1] k=5  dim=576  frames=241  σ=0.25  fold=0 ===
  SSC-Block-TV-Col21: k_hat=5  ACC=0.9336  NMI=0.8577  ARI=0.8446  0.5s

=== P1L_S3_C1 train[2] k=5  dim=576  frames=312  σ=0.25  fold=0 ===
  SSC-Block-TV-Col21: k_hat=5  ACC=0.7692  NMI=0.7853  ARI=0.6214  0.7s

=== P1L_S3_C1 train[3] k=5  dim=576  frames=241  σ=0.25  fold=0 ===
  SSC-Block-TV-Col21: k_hat=5  ACC=0.9336  NMI=0.8720  ARI=0.8383  0.5s

=== P1L_S3_C2 train[0] k=5  dim=576  frames=287  σ=0.25  fold=0 ===
  SSC-Block-TV-Col21: k_hat=5  ACC=1.0000  NMI=1.0000  ARI=1.0000  0.7s

=== P1L_S3_C2 train[1] k=5  dim=576  frames=304  σ=0.25  fold=0 ===
  SSC-Block-TV-Col21: k_hat=5  ACC=0.5033  NMI=0.6321  ARI=0.3767  0.7s

=== P1L_S3_C2 train[2] k=5  dim=576  frames=329  σ=0.25  fold=0 ===
  SSC-Block-TV-Col21: k_hat=5  ACC=0.6413  NMI=0.7580  ARI=0.5708  0.8s

=== P1L_S3_C2 train[3] k=5  dim=576  frames=290  σ=0.25  fold=0 ===
  SSC-Block-TV-Col21: k_hat=5  ACC=0.6828  NMI=0.8326  ARI=0.6475  0.6s

=== P1L_S3_C3 train[0] k=5  dim=576  frames=210  σ=0.25  fold=0 ===
  SSC-Block-TV-Col21: k_hat=5  ACC=0.9619  NMI=0.9345  ARI=0.9041  0.4s

=== P1L_S3_C3 train[1] k=5  dim=576  frames=225  σ=0.25  fold=0 ===
  SSC-Block-TV-Col21: k_hat=5  ACC=0.8089  NMI=0.7843  ARI=0.6241  0.5s

=== P1L_S3_C3 train[2] k=5  dim=576  frames=210  σ=0.25  fold=0 ===
  SSC-Block-TV-Col21: k_hat=5  ACC=0.8048  NMI=0.7851  ARI=0.6376  0.4s

=== P1L_S3_C3 train[3] k=5  dim=576  frames=229  σ=0.25  fold=0 ===
  SSC-Block-TV-Col21: k_hat=5  ACC=0.9869  NMI=0.9647  ARI=0.9712  0.5s

=== P1L_S4_C1 train[0] k=5  dim=576  frames=255  σ=0.25  fold=0 ===
  SSC-Block-TV-Col21: k_hat=5  ACC=0.9882  NMI=0.9698  ARI=0.9652  0.6s

=== P1L_S4_C1 train[1] k=5  dim=576  frames=253  σ=0.25  fold=0 ===
  SSC-Block-TV-Col21: k_hat=5  ACC=0.9565  NMI=0.9159  ARI=0.8921  0.5s

=== P1L_S4_C1 train[2] k=5  dim=576  frames=278  σ=0.25  fold=0 ===
  SSC-Block-TV-Col21: k_hat=5  ACC=0.7770  NMI=0.8708  ARI=0.7365  0.6s

=== P1L_S4_C1 train[3] k=5  dim=576  frames=344  σ=0.25  fold=0 ===
  SSC-Block-TV-Col21: k_hat=5  ACC=1.0000  NMI=1.0000  ARI=1.0000  0.8s

=== P1L_S4_C2 train[0] k=5  dim=576  frames=257  σ=0.25  fold=0 ===
  SSC-Block-TV-Col21: k_hat=5  ACC=1.0000  NMI=1.0000  ARI=1.0000  0.6s

=== P1L_S4_C2 train[1] k=5  dim=576  frames=279  σ=0.25  fold=0 ===
  SSC-Block-TV-Col21: k_hat=5  ACC=0.9462  NMI=0.8932  ARI=0.8863  0.6s

=== P1L_S4_C2 train[2] k=5  dim=576  frames=258  σ=0.25  fold=0 ===
  SSC-Block-TV-Col21: k_hat=5  ACC=0.7054  NMI=0.8554  ARI=0.6864  0.5s

=== P1L_S4_C2 train[3] k=5  dim=576  frames=266  σ=0.25  fold=0 ===
  SSC-Block-TV-Col21: k_hat=5  ACC=0.7180  NMI=0.8328  ARI=0.6680  0.6s

=== P1L_S4_C3 train[0] k=5  dim=576  frames=158  σ=0.25  fold=0 ===
  SSC-Block-TV-Col21: k_hat=5  ACC=1.0000  NMI=1.0000  ARI=1.0000  0.3s

=== P1L_S4_C3 train[1] k=5  dim=576  frames=188  σ=0.25  fold=0 ===
  SSC-Block-TV-Col21: k_hat=5  ACC=0.6649  NMI=0.7693  ARI=0.5947  0.3s

=== P1L_S4_C3 train[2] k=5  dim=576  frames=169  σ=0.25  fold=0 ===
  SSC-Block-TV-Col21: k_hat=5  ACC=0.7692  NMI=0.7780  ARI=0.6116  0.3s

=== P1L_S4_C3 train[3] k=5  dim=576  frames=185  σ=0.25  fold=0 ===
  SSC-Block-TV-Col21: k_hat=5  ACC=0.9892  NMI=0.9741  ARI=0.9749  0.3s

=== P1E_S1_C1 test[0] k=5  dim=576  frames=249  σ=0.25  fold=0 ===
  SSC-Block-TV-Col21: k_hat=5  ACC=0.7349  NMI=0.8305  ARI=0.6632  0.5s

=== P1E_S1_C2 test[0] k=5  dim=576  frames=231  σ=0.25  fold=0 ===
  SSC-Block-TV-Col21: k_hat=5  ACC=0.9957  NMI=0.9874  ARI=0.9912  0.5s

=== P1E_S1_C3 test[0] k=5  dim=576  frames=98  σ=0.25  fold=0 ===
  SSC-Block-TV-Col21: k_hat=5  ACC=0.8265  NMI=0.8582  ARI=0.7924  0.1s

=== P1E_S2_C1 test[0] k=5  dim=576  frames=268  σ=0.25  fold=0 ===
  SSC-Block-TV-Col21: k_hat=5  ACC=0.8582  NMI=0.7736  ARI=0.6915  0.6s

=== P1E_S2_C2 test[0] k=5  dim=576  frames=223  σ=0.25  fold=0 ===
  SSC-Block-TV-Col21: k_hat=5  ACC=0.9552  NMI=0.9125  ARI=0.8961  0.5s

=== P1E_S2_C3 test[0] k=5  dim=576  frames=173  σ=0.25  fold=0 ===
  SSC-Block-TV-Col21: k_hat=5  ACC=1.0000  NMI=1.0000  ARI=1.0000  0.3s

=== P1E_S3_C1 test[0] k=5  dim=576  frames=258  σ=0.25  fold=0 ===
  SSC-Block-TV-Col21: k_hat=5  ACC=0.6589  NMI=0.7638  ARI=0.5816  0.5s

=== P1E_S3_C2 test[0] k=5  dim=576  frames=232  σ=0.25  fold=0 ===
  SSC-Block-TV-Col21: k_hat=5  ACC=0.9267  NMI=0.8874  ARI=0.8155  0.4s

=== P1E_S3_C3 test[0] k=5  dim=576  frames=170  σ=0.25  fold=0 ===
  SSC-Block-TV-Col21: k_hat=5  ACC=1.0000  NMI=1.0000  ARI=1.0000  0.3s

=== P1E_S4_C1 test[0] k=5  dim=576  frames=231  σ=0.25  fold=0 ===
  SSC-Block-TV-Col21: k_hat=5  ACC=0.7792  NMI=0.8516  ARI=0.6803  0.5s

=== P1E_S4_C2 test[0] k=5  dim=576  frames=201  σ=0.25  fold=0 ===
  SSC-Block-TV-Col21: k_hat=5  ACC=0.9751  NMI=0.9414  ARI=0.9381  0.4s

=== P1E_S4_C3 test[0] k=5  dim=576  frames=132  σ=0.25  fold=0 ===
  SSC-Block-TV-Col21: k_hat=5  ACC=0.9318  NMI=0.8565  ARI=0.8424  0.2s

=== P1L_S1_C1 test[0] k=5  dim=576  frames=289  σ=0.25  fold=0 ===
  SSC-Block-TV-Col21: k_hat=5  ACC=0.7543  NMI=0.8686  ARI=0.7291  0.7s

=== P1L_S1_C2 test[0] k=5  dim=576  frames=286  σ=0.25  fold=0 ===
  SSC-Block-TV-Col21: k_hat=5  ACC=0.8497  NMI=0.8640  ARI=0.7141  0.6s

=== P1L_S1_C3 test[0] k=5  dim=576  frames=108  σ=0.25  fold=0 ===
  SSC-Block-TV-Col21: k_hat=5  ACC=0.6389  NMI=0.7387  ARI=0.5007  0.1s

=== P1L_S2_C1 test[0] k=5  dim=576  frames=348  σ=0.25  fold=0 ===
  SSC-Block-TV-Col21: k_hat=5  ACC=0.7385  NMI=0.7667  ARI=0.6031  0.9s

=== P1L_S2_C2 test[0] k=5  dim=576  frames=300  σ=0.25  fold=0 ===
  SSC-Block-TV-Col21: k_hat=5  ACC=0.8100  NMI=0.7568  ARI=0.5601  0.7s

=== P1L_S2_C3 test[0] k=5  dim=576  frames=191  σ=0.25  fold=0 ===
  SSC-Block-TV-Col21: k_hat=5  ACC=0.8429  NMI=0.8521  ARI=0.6838  0.3s

=== P1L_S3_C1 test[0] k=5  dim=576  frames=246  σ=0.25  fold=0 ===
  SSC-Block-TV-Col21: k_hat=5  ACC=0.8089  NMI=0.8389  ARI=0.6692  0.5s

=== P1L_S3_C2 test[0] k=5  dim=576  frames=262  σ=0.25  fold=0 ===
  SSC-Block-TV-Col21: k_hat=5  ACC=0.9389  NMI=0.8993  ARI=0.8556  0.6s

=== P1L_S3_C3 test[0] k=5  dim=576  frames=231  σ=0.25  fold=0 ===
  SSC-Block-TV-Col21: k_hat=5  ACC=0.9351  NMI=0.9018  ARI=0.8265  0.5s

=== P1L_S4_C1 test[0] k=5  dim=576  frames=313  σ=0.25  fold=0 ===
  SSC-Block-TV-Col21: k_hat=5  ACC=0.7827  NMI=0.8364  ARI=0.7516  0.8s

=== P1L_S4_C2 test[0] k=5  dim=576  frames=267  σ=0.25  fold=0 ===
  SSC-Block-TV-Col21: k_hat=5  ACC=0.8315  NMI=0.8014  ARI=0.6494  0.6s

=== P1L_S4_C3 test[0] k=5  dim=576  frames=180  σ=0.25  fold=0 ===
  SSC-Block-TV-Col21: k_hat=5  ACC=0.8333  NMI=0.8662  ARI=0.7223  0.3s

============================================================
σ=0.25 fold=1  test=['0004', '0009', '0019', '0025', '0026']  train mats=96  test mats=24
  --- tune SSC-Block-TV-Col21 over 96 train mats  n_trials=40 (4 params) ---
  SSC-Block-TV-Col21 trial 0: mean ARI=0.4878  n=96  44.2s  lambda_e=1, lambda_z=0.1, gamma_q=0.1, block_size=5
  SSC-Block-TV-Col21 trial 1: mean ARI=0.4314  n=96  43.6s  lambda_e=0.443, lambda_z=0.7257, gamma_q=0.2577, block_size=7
  SSC-Block-TV-Col21 trial 2: mean ARI=0.5084  n=96  43.3s  lambda_e=0.1866, lambda_z=0.3833, gamma_q=0.05628, block_size=11
  SSC-Block-TV-Col21 trial 3: mean ARI=0.4409  n=96  43.5s  lambda_e=7.78, lambda_z=0.03418, gamma_q=1.469, block_size=7
  SSC-Block-TV-Col21 trial 4: mean ARI=0.5751  n=96  46.3s  lambda_e=0.506, lambda_z=5.039, gamma_q=0.001924, block_size=2
  SSC-Block-TV-Col21 trial 5: mean ARI=0.3990  n=96  43.3s  lambda_e=0.0115, lambda_z=2.14, gamma_q=1.296, block_size=11
  SSC-Block-TV-Col21 trial 6: mean ARI=0.4607  n=96  43.2s  lambda_e=8.627, lambda_z=1.573, gamma_q=0.07013, block_size=10
  SSC-Block-TV-Col21 trial 7: mean ARI=0.6521  n=96  43.3s  lambda_e=0.02264, lambda_z=0.3628, gamma_q=0.003745, block_size=12
  SSC-Block-TV-Col21 trial 8: mean ARI=0.6561  n=96  43.4s  lambda_e=0.3677, lambda_z=0.04557, gamma_q=0.01143, block_size=10
  SSC-Block-TV-Col21 trial 9: mean ARI=0.6012  n=96  43.3s  lambda_e=0.2336, lambda_z=0.1878, gamma_q=0.001189, block_size=8
  SSC-Block-TV-Col21 trial 10: mean ARI=0.4637  n=96  46.4s  lambda_e=0.0543, lambda_z=0.001491, gamma_q=6.473, block_size=2
  SSC-Block-TV-Col21 trial 11: mean ARI=0.6170  n=96  43.0s  lambda_e=0.01211, lambda_z=0.01492, gamma_q=0.01117, block_size=12
  SSC-Block-TV-Col21 trial 12: mean ARI=0.6634  n=96  43.3s  lambda_e=0.05731, lambda_z=0.01131, gamma_q=0.007917, block_size=9
  SSC-Block-TV-Col21 trial 13: mean ARI=0.5042  n=96  43.4s  lambda_e=0.07177, lambda_z=0.004714, gamma_q=0.01396, block_size=9
  SSC-Block-TV-Col21 trial 14: mean ARI=0.6882  n=96  46.3s  lambda_e=2.421, lambda_z=0.02548, gamma_q=0.01064, block_size=5
  SSC-Block-TV-Col21 trial 15: mean ARI=0.6971  n=96  44.3s  lambda_e=2.404, lambda_z=0.008194, gamma_q=0.00518, block_size=4
  SSC-Block-TV-Col21 trial 16: mean ARI=0.5023  n=96  44.4s  lambda_e=2.735, lambda_z=0.001067, gamma_q=0.03828, block_size=4
  SSC-Block-TV-Col21 trial 17: mean ARI=0.6768  n=96  44.3s  lambda_e=2.27, lambda_z=0.004288, gamma_q=0.003898, block_size=4
  SSC-Block-TV-Col21 trial 18: mean ARI=0.5598  n=96  44.0s  lambda_e=2.414, lambda_z=0.02044, gamma_q=0.02783, block_size=5
  SSC-Block-TV-Col21 trial 19: mean ARI=0.5053  n=96  43.6s  lambda_e=1.385, lambda_z=0.004347, gamma_q=0.2784, block_size=6
  SSC-Block-TV-Col21 trial 20: mean ARI=0.6815  n=96  45.0s  lambda_e=4.099, lambda_z=0.07692, gamma_q=0.003455, block_size=3
  SSC-Block-TV-Col21 trial 21: mean ARI=0.6821  n=96  44.9s  lambda_e=4.194, lambda_z=0.07995, gamma_q=0.003341, block_size=3
  SSC-Block-TV-Col21 trial 22: mean ARI=0.7173  n=96  44.3s  lambda_e=4.799, lambda_z=0.007954, gamma_q=0.001024, block_size=4
  SSC-Block-TV-Col21 trial 23: mean ARI=0.7185  n=96  43.4s  lambda_e=1.039, lambda_z=0.007364, gamma_q=0.001082, block_size=5
  SSC-Block-TV-Col21 trial 24: mean ARI=0.7210  n=96  43.9s  lambda_e=1.058, lambda_z=0.009654, gamma_q=0.001194, block_size=4
  SSC-Block-TV-Col21 trial 25: mean ARI=0.6815  n=96  43.3s  lambda_e=1.41, lambda_z=0.002234, gamma_q=0.001157, block_size=6
  SSC-Block-TV-Col21 trial 26: mean ARI=0.7250  n=96  44.5s  lambda_e=0.7576, lambda_z=0.008681, gamma_q=0.001033, block_size=3
  SSC-Block-TV-Col21 trial 27: mean ARI=0.6657  n=96  44.6s  lambda_e=0.7862, lambda_z=0.002682, gamma_q=0.002014, block_size=3
  SSC-Block-TV-Col21 trial 28: mean ARI=0.7178  n=96  43.2s  lambda_e=0.1403, lambda_z=0.006732, gamma_q=0.001812, block_size=6
  SSC-Block-TV-Col21 trial 29: mean ARI=0.7212  n=96  45.8s  lambda_e=0.8783, lambda_z=0.05061, gamma_q=0.002353, block_size=2
  SSC-Block-TV-Col21 trial 30: mean ARI=0.7104  n=96  45.8s  lambda_e=0.6887, lambda_z=0.05941, gamma_q=0.006183, block_size=2
  SSC-Block-TV-Col21 trial 31: mean ARI=0.7227  n=96  44.7s  lambda_e=1.236, lambda_z=0.01525, gamma_q=0.002268, block_size=3
  SSC-Block-TV-Col21 trial 32: mean ARI=0.7214  n=96  44.7s  lambda_e=0.3064, lambda_z=0.01431, gamma_q=0.002343, block_size=3
  SSC-Block-TV-Col21 trial 33: mean ARI=0.6768  n=96  44.7s  lambda_e=0.3583, lambda_z=0.1307, gamma_q=0.002459, block_size=3
  SSC-Block-TV-Col21 trial 34: mean ARI=0.6700  n=96  45.8s  lambda_e=0.1202, lambda_z=0.01935, gamma_q=0.01964, block_size=2
  SSC-Block-TV-Col21 trial 35: mean ARI=0.6971  n=96  44.9s  lambda_e=0.5795, lambda_z=0.03865, gamma_q=0.002303, block_size=3
  SSC-Block-TV-Col21 trial 36: mean ARI=0.6827  n=96  46.2s  lambda_e=0.2885, lambda_z=0.1943, gamma_q=0.005968, block_size=2
  SSC-Block-TV-Col21 trial 37: mean ARI=0.7160  n=96  45.1s  lambda_e=0.502, lambda_z=0.03453, gamma_q=0.002006, block_size=3
  SSC-Block-TV-Col21 trial 38: mean ARI=0.5600  n=96  46.1s  lambda_e=1.387, lambda_z=0.01868, gamma_q=0.2371, block_size=2
  SSC-Block-TV-Col21 trial 39: mean ARI=0.5670  n=96  43.8s  lambda_e=0.8059, lambda_z=0.4392, gamma_q=0.004903, block_size=5
    best mean ARI=0.7250  tune 1775.2s  lambda_e=0.7576, lambda_z=0.008681, gamma_q=0.001033, block_size=3
  wrote /nfs/turbo/umms-minjilab/lpullela/icassp_ssc_tv2/block_ssc_benchmark/cv/params/surveillance/split_k5_sigmas_min30_trials20_params_knownk_cv_ssc_block_tv_col21_k5_sigma0p25_sigma0.25_fold1.json

=== P1E_S1_C1 train[0] k=5  dim=576  frames=249  σ=0.25  fold=1 ===
  SSC-Block-TV-Col21: k_hat=5  ACC=0.7349  NMI=0.8305  ARI=0.6632  0.5s

=== P1E_S1_C1 train[1] k=5  dim=576  frames=265  σ=0.25  fold=1 ===
  SSC-Block-TV-Col21: k_hat=5  ACC=0.4943  NMI=0.6913  ARI=0.3996  0.6s

=== P1E_S1_C1 train[2] k=5  dim=576  frames=242  σ=0.25  fold=1 ===
  SSC-Block-TV-Col21: k_hat=5  ACC=0.6942  NMI=0.7572  ARI=0.5985  0.5s

=== P1E_S1_C1 train[3] k=5  dim=576  frames=268  σ=0.25  fold=1 ===
  SSC-Block-TV-Col21: k_hat=5  ACC=0.5709  NMI=0.7076  ARI=0.4341  0.6s

=== P1E_S1_C2 train[0] k=5  dim=576  frames=231  σ=0.25  fold=1 ===
  SSC-Block-TV-Col21: k_hat=5  ACC=0.9957  NMI=0.9874  ARI=0.9912  0.5s

=== P1E_S1_C2 train[1] k=5  dim=576  frames=198  σ=0.25  fold=1 ===
  SSC-Block-TV-Col21: k_hat=5  ACC=0.7172  NMI=0.8100  ARI=0.6652  0.4s

=== P1E_S1_C2 train[2] k=5  dim=576  frames=199  σ=0.25  fold=1 ===
  SSC-Block-TV-Col21: k_hat=5  ACC=0.7035  NMI=0.8020  ARI=0.6631  0.4s

=== P1E_S1_C2 train[3] k=5  dim=576  frames=215  σ=0.25  fold=1 ===
  SSC-Block-TV-Col21: k_hat=5  ACC=0.9814  NMI=0.9530  ARI=0.9548  0.4s

=== P1E_S1_C3 train[0] k=5  dim=576  frames=98  σ=0.25  fold=1 ===
  SSC-Block-TV-Col21: k_hat=5  ACC=0.8265  NMI=0.8582  ARI=0.7924  0.1s

=== P1E_S1_C3 train[1] k=5  dim=576  frames=68  σ=0.25  fold=1 ===
  SSC-Block-TV-Col21: k_hat=5  ACC=0.6176  NMI=0.6689  ARI=0.4538  0.1s

=== P1E_S1_C3 train[2] k=5  dim=576  frames=87  σ=0.25  fold=1 ===
  SSC-Block-TV-Col21: k_hat=5  ACC=0.9770  NMI=0.9559  ARI=0.9488  0.1s

=== P1E_S1_C3 train[3] k=5  dim=576  frames=107  σ=0.25  fold=1 ===
  SSC-Block-TV-Col21: k_hat=5  ACC=0.9626  NMI=0.9127  ARI=0.9039  0.2s

=== P1E_S2_C1 train[0] k=5  dim=576  frames=268  σ=0.25  fold=1 ===
  SSC-Block-TV-Col21: k_hat=5  ACC=0.8582  NMI=0.7736  ARI=0.6915  0.6s

=== P1E_S2_C1 train[1] k=5  dim=576  frames=265  σ=0.25  fold=1 ===
  SSC-Block-TV-Col21: k_hat=5  ACC=0.5208  NMI=0.6936  ARI=0.4313  0.6s

=== P1E_S2_C1 train[2] k=5  dim=576  frames=232  σ=0.25  fold=1 ===
  SSC-Block-TV-Col21: k_hat=5  ACC=0.5259  NMI=0.7312  ARI=0.5274  0.4s

=== P1E_S2_C1 train[3] k=5  dim=576  frames=241  σ=0.25  fold=1 ===
  SSC-Block-TV-Col21: k_hat=5  ACC=0.8465  NMI=0.8752  ARI=0.7881  0.5s

=== P1E_S2_C2 train[0] k=5  dim=576  frames=223  σ=0.25  fold=1 ===
  SSC-Block-TV-Col21: k_hat=5  ACC=0.9552  NMI=0.9125  ARI=0.8961  0.4s

=== P1E_S2_C2 train[1] k=5  dim=576  frames=219  σ=0.25  fold=1 ===
  SSC-Block-TV-Col21: k_hat=5  ACC=0.9589  NMI=0.9196  ARI=0.9019  0.4s

=== P1E_S2_C2 train[2] k=5  dim=576  frames=192  σ=0.25  fold=1 ===
  SSC-Block-TV-Col21: k_hat=5  ACC=0.7552  NMI=0.7905  ARI=0.6459  0.3s

=== P1E_S2_C2 train[3] k=5  dim=576  frames=212  σ=0.25  fold=1 ===
  SSC-Block-TV-Col21: k_hat=5  ACC=0.9811  NMI=0.9526  ARI=0.9542  0.4s

=== P1E_S2_C3 train[0] k=5  dim=576  frames=173  σ=0.25  fold=1 ===
  SSC-Block-TV-Col21: k_hat=5  ACC=1.0000  NMI=1.0000  ARI=1.0000  0.3s

=== P1E_S2_C3 train[1] k=5  dim=576  frames=173  σ=0.25  fold=1 ===
  SSC-Block-TV-Col21: k_hat=5  ACC=0.9480  NMI=0.8976  ARI=0.8822  0.3s

=== P1E_S2_C3 train[2] k=5  dim=576  frames=160  σ=0.25  fold=1 ===
  SSC-Block-TV-Col21: k_hat=5  ACC=0.7688  NMI=0.8509  ARI=0.7491  0.3s

=== P1E_S2_C3 train[3] k=5  dim=576  frames=154  σ=0.25  fold=1 ===
  SSC-Block-TV-Col21: k_hat=5  ACC=0.9740  NMI=0.9398  ARI=0.9378  0.3s

=== P1E_S3_C1 train[0] k=5  dim=576  frames=258  σ=0.25  fold=1 ===
  SSC-Block-TV-Col21: k_hat=5  ACC=0.6589  NMI=0.7638  ARI=0.5816  0.5s

=== P1E_S3_C1 train[1] k=5  dim=576  frames=273  σ=0.25  fold=1 ===
  SSC-Block-TV-Col21: k_hat=5  ACC=0.5275  NMI=0.6633  ARI=0.3724  0.6s

=== P1E_S3_C1 train[2] k=5  dim=576  frames=250  σ=0.25  fold=1 ===
  SSC-Block-TV-Col21: k_hat=5  ACC=0.5360  NMI=0.6500  ARI=0.4241  0.5s

=== P1E_S3_C1 train[3] k=5  dim=576  frames=237  σ=0.25  fold=1 ===
  SSC-Block-TV-Col21: k_hat=5  ACC=0.7215  NMI=0.7775  ARI=0.6417  0.5s

=== P1E_S3_C2 train[0] k=5  dim=576  frames=232  σ=0.25  fold=1 ===
  SSC-Block-TV-Col21: k_hat=5  ACC=0.9267  NMI=0.8874  ARI=0.8155  0.4s

=== P1E_S3_C2 train[1] k=5  dim=576  frames=280  σ=0.25  fold=1 ===
  SSC-Block-TV-Col21: k_hat=5  ACC=0.5821  NMI=0.6786  ARI=0.4461  0.6s

=== P1E_S3_C2 train[2] k=5  dim=576  frames=222  σ=0.25  fold=1 ===
  SSC-Block-TV-Col21: k_hat=5  ACC=0.5946  NMI=0.7260  ARI=0.4938  0.4s

=== P1E_S3_C2 train[3] k=5  dim=576  frames=188  σ=0.25  fold=1 ===
  SSC-Block-TV-Col21: k_hat=5  ACC=0.9255  NMI=0.8936  ARI=0.8499  0.3s

=== P1E_S3_C3 train[0] k=5  dim=576  frames=170  σ=0.25  fold=1 ===
  SSC-Block-TV-Col21: k_hat=5  ACC=1.0000  NMI=1.0000  ARI=1.0000  0.3s

=== P1E_S3_C3 train[1] k=5  dim=576  frames=211  σ=0.25  fold=1 ===
  SSC-Block-TV-Col21: k_hat=5  ACC=0.7393  NMI=0.8374  ARI=0.6914  0.4s

=== P1E_S3_C3 train[2] k=5  dim=576  frames=167  σ=0.25  fold=1 ===
  SSC-Block-TV-Col21: k_hat=5  ACC=0.7305  NMI=0.8704  ARI=0.7379  0.3s

=== P1E_S3_C3 train[3] k=5  dim=576  frames=168  σ=0.25  fold=1 ===
  SSC-Block-TV-Col21: k_hat=5  ACC=0.9881  NMI=0.9667  ARI=0.9741  0.3s

=== P1E_S4_C1 train[0] k=5  dim=576  frames=231  σ=0.25  fold=1 ===
  SSC-Block-TV-Col21: k_hat=5  ACC=0.7792  NMI=0.8516  ARI=0.6803  0.5s

=== P1E_S4_C1 train[1] k=5  dim=576  frames=303  σ=0.25  fold=1 ===
  SSC-Block-TV-Col21: k_hat=5  ACC=0.7360  NMI=0.8564  ARI=0.6881  0.7s

=== P1E_S4_C1 train[2] k=5  dim=576  frames=248  σ=0.25  fold=1 ===
  SSC-Block-TV-Col21: k_hat=5  ACC=0.6532  NMI=0.7429  ARI=0.5521  0.5s

=== P1E_S4_C1 train[3] k=5  dim=576  frames=217  σ=0.25  fold=1 ===
  SSC-Block-TV-Col21: k_hat=5  ACC=0.7604  NMI=0.7895  ARI=0.6970  0.4s

=== P1E_S4_C2 train[0] k=5  dim=576  frames=201  σ=0.25  fold=1 ===
  SSC-Block-TV-Col21: k_hat=5  ACC=0.9751  NMI=0.9414  ARI=0.9381  0.4s

=== P1E_S4_C2 train[1] k=5  dim=576  frames=236  σ=0.25  fold=1 ===
  SSC-Block-TV-Col21: k_hat=5  ACC=0.9958  NMI=0.9869  ARI=0.9887  0.5s

=== P1E_S4_C2 train[2] k=5  dim=576  frames=223  σ=0.25  fold=1 ===
  SSC-Block-TV-Col21: k_hat=5  ACC=0.6951  NMI=0.8543  ARI=0.6811  0.4s

=== P1E_S4_C2 train[3] k=5  dim=576  frames=198  σ=0.25  fold=1 ===
  SSC-Block-TV-Col21: k_hat=5  ACC=0.8586  NMI=0.8694  ARI=0.7785  0.4s

=== P1E_S4_C3 train[0] k=5  dim=576  frames=132  σ=0.25  fold=1 ===
  SSC-Block-TV-Col21: k_hat=5  ACC=0.9318  NMI=0.8565  ARI=0.8424  0.2s

=== P1E_S4_C3 train[1] k=5  dim=576  frames=147  σ=0.25  fold=1 ===
  SSC-Block-TV-Col21: k_hat=5  ACC=0.8299  NMI=0.7975  ARI=0.7070  0.2s

=== P1E_S4_C3 train[2] k=5  dim=576  frames=141  σ=0.25  fold=1 ===
  SSC-Block-TV-Col21: k_hat=5  ACC=0.9716  NMI=0.9451  ARI=0.9234  0.2s

=== P1E_S4_C3 train[3] k=5  dim=576  frames=147  σ=0.25  fold=1 ===
  SSC-Block-TV-Col21: k_hat=5  ACC=0.7959  NMI=0.8532  ARI=0.7621  0.2s

=== P1L_S1_C1 train[0] k=5  dim=576  frames=289  σ=0.25  fold=1 ===
  SSC-Block-TV-Col21: k_hat=5  ACC=0.7543  NMI=0.8686  ARI=0.7291  0.7s

=== P1L_S1_C1 train[1] k=5  dim=576  frames=313  σ=0.25  fold=1 ===
  SSC-Block-TV-Col21: k_hat=5  ACC=0.8307  NMI=0.8741  ARI=0.7477  0.8s

=== P1L_S1_C1 train[2] k=5  dim=576  frames=239  σ=0.25  fold=1 ===
  SSC-Block-TV-Col21: k_hat=5  ACC=0.9079  NMI=0.9138  ARI=0.8817  0.5s

=== P1L_S1_C1 train[3] k=5  dim=576  frames=285  σ=0.25  fold=1 ===
  SSC-Block-TV-Col21: k_hat=5  ACC=0.7333  NMI=0.8070  ARI=0.6568  0.7s

=== P1L_S1_C2 train[0] k=5  dim=576  frames=286  σ=0.25  fold=1 ===
  SSC-Block-TV-Col21: k_hat=5  ACC=0.8497  NMI=0.8640  ARI=0.7141  0.7s

=== P1L_S1_C2 train[1] k=5  dim=576  frames=257  σ=0.25  fold=1 ===
  SSC-Block-TV-Col21: k_hat=5  ACC=0.7665  NMI=0.7493  ARI=0.5817  0.5s

=== P1L_S1_C2 train[2] k=5  dim=576  frames=260  σ=0.25  fold=1 ===
  SSC-Block-TV-Col21: k_hat=5  ACC=0.6115  NMI=0.7587  ARI=0.5687  0.5s

=== P1L_S1_C2 train[3] k=5  dim=576  frames=270  σ=0.25  fold=1 ===
  SSC-Block-TV-Col21: k_hat=5  ACC=0.6407  NMI=0.7270  ARI=0.4855  0.6s

=== P1L_S1_C3 train[0] k=5  dim=576  frames=108  σ=0.25  fold=1 ===
  SSC-Block-TV-Col21: k_hat=5  ACC=0.6389  NMI=0.7387  ARI=0.5007  0.1s

=== P1L_S1_C3 train[1] k=5  dim=576  frames=117  σ=0.25  fold=1 ===
  SSC-Block-TV-Col21: k_hat=5  ACC=0.6838  NMI=0.7201  ARI=0.4944  0.2s

=== P1L_S1_C3 train[2] k=5  dim=576  frames=101  σ=0.25  fold=1 ===
  SSC-Block-TV-Col21: k_hat=5  ACC=0.8020  NMI=0.7928  ARI=0.6476  0.1s

=== P1L_S1_C3 train[3] k=5  dim=576  frames=124  σ=0.25  fold=1 ===
  SSC-Block-TV-Col21: k_hat=5  ACC=0.9919  NMI=0.9784  ARI=0.9780  0.2s

=== P1L_S2_C1 train[0] k=5  dim=576  frames=348  σ=0.25  fold=1 ===
  SSC-Block-TV-Col21: k_hat=5  ACC=0.7385  NMI=0.7667  ARI=0.6031  0.9s

=== P1L_S2_C1 train[1] k=5  dim=576  frames=301  σ=0.25  fold=1 ===
  SSC-Block-TV-Col21: k_hat=5  ACC=0.6545  NMI=0.7322  ARI=0.5154  0.7s

=== P1L_S2_C1 train[2] k=5  dim=576  frames=275  σ=0.25  fold=1 ===
  SSC-Block-TV-Col21: k_hat=5  ACC=0.9018  NMI=0.9077  ARI=0.8561  0.6s

=== P1L_S2_C1 train[3] k=5  dim=576  frames=265  σ=0.25  fold=1 ===
  SSC-Block-TV-Col21: k_hat=5  ACC=0.7962  NMI=0.8736  ARI=0.7660  0.6s

=== P1L_S2_C2 train[0] k=5  dim=576  frames=300  σ=0.25  fold=1 ===
  SSC-Block-TV-Col21: k_hat=5  ACC=0.8100  NMI=0.7568  ARI=0.5601  0.7s

=== P1L_S2_C2 train[1] k=5  dim=576  frames=314  σ=0.25  fold=1 ===
  SSC-Block-TV-Col21: k_hat=5  ACC=0.8248  NMI=0.8143  ARI=0.7062  0.7s

=== P1L_S2_C2 train[2] k=5  dim=576  frames=301  σ=0.25  fold=1 ===
  SSC-Block-TV-Col21: k_hat=5  ACC=0.7243  NMI=0.8444  ARI=0.6975  0.7s

=== P1L_S2_C2 train[3] k=5  dim=576  frames=222  σ=0.25  fold=1 ===
  SSC-Block-TV-Col21: k_hat=5  ACC=1.0000  NMI=1.0000  ARI=1.0000  0.4s

=== P1L_S2_C3 train[0] k=5  dim=576  frames=191  σ=0.25  fold=1 ===
  SSC-Block-TV-Col21: k_hat=5  ACC=0.8429  NMI=0.8521  ARI=0.6838  0.3s

=== P1L_S2_C3 train[1] k=5  dim=576  frames=193  σ=0.25  fold=1 ===
  SSC-Block-TV-Col21: k_hat=5  ACC=0.9016  NMI=0.8879  ARI=0.7894  0.4s

=== P1L_S2_C3 train[2] k=5  dim=576  frames=175  σ=0.25  fold=1 ===
  SSC-Block-TV-Col21: k_hat=5  ACC=0.8229  NMI=0.8073  ARI=0.6798  0.3s

=== P1L_S2_C3 train[3] k=5  dim=576  frames=179  σ=0.25  fold=1 ===
  SSC-Block-TV-Col21: k_hat=5  ACC=0.9832  NMI=0.9577  ARI=0.9632  0.3s

=== P1L_S3_C1 train[0] k=5  dim=576  frames=246  σ=0.25  fold=1 ===
  SSC-Block-TV-Col21: k_hat=5  ACC=0.8089  NMI=0.8389  ARI=0.6692  0.5s

=== P1L_S3_C1 train[1] k=5  dim=576  frames=241  σ=0.25  fold=1 ===
  SSC-Block-TV-Col21: k_hat=5  ACC=0.9336  NMI=0.8577  ARI=0.8446  0.5s

=== P1L_S3_C1 train[2] k=5  dim=576  frames=312  σ=0.25  fold=1 ===
  SSC-Block-TV-Col21: k_hat=5  ACC=0.7692  NMI=0.7853  ARI=0.6214  0.7s

=== P1L_S3_C1 train[3] k=5  dim=576  frames=241  σ=0.25  fold=1 ===
  SSC-Block-TV-Col21: k_hat=5  ACC=0.9336  NMI=0.8720  ARI=0.8383  0.5s

=== P1L_S3_C2 train[0] k=5  dim=576  frames=262  σ=0.25  fold=1 ===
  SSC-Block-TV-Col21: k_hat=5  ACC=0.9389  NMI=0.8993  ARI=0.8556  0.6s

=== P1L_S3_C2 train[1] k=5  dim=576  frames=304  σ=0.25  fold=1 ===
  SSC-Block-TV-Col21: k_hat=5  ACC=0.5033  NMI=0.6321  ARI=0.3767  0.7s

=== P1L_S3_C2 train[2] k=5  dim=576  frames=329  σ=0.25  fold=1 ===
  SSC-Block-TV-Col21: k_hat=5  ACC=0.6413  NMI=0.7580  ARI=0.5708  0.8s

=== P1L_S3_C2 train[3] k=5  dim=576  frames=290  σ=0.25  fold=1 ===
  SSC-Block-TV-Col21: k_hat=5  ACC=0.6828  NMI=0.8326  ARI=0.6475  0.7s

=== P1L_S3_C3 train[0] k=5  dim=576  frames=231  σ=0.25  fold=1 ===
  SSC-Block-TV-Col21: k_hat=5  ACC=0.9351  NMI=0.9018  ARI=0.8265  0.5s

=== P1L_S3_C3 train[1] k=5  dim=576  frames=225  σ=0.25  fold=1 ===
  SSC-Block-TV-Col21: k_hat=5  ACC=0.8089  NMI=0.7843  ARI=0.6241  0.5s

=== P1L_S3_C3 train[2] k=5  dim=576  frames=210  σ=0.25  fold=1 ===
  SSC-Block-TV-Col21: k_hat=5  ACC=0.8048  NMI=0.7851  ARI=0.6376  0.4s

=== P1L_S3_C3 train[3] k=5  dim=576  frames=229  σ=0.25  fold=1 ===
  SSC-Block-TV-Col21: k_hat=5  ACC=0.9869  NMI=0.9647  ARI=0.9712  0.5s

=== P1L_S4_C1 train[0] k=5  dim=576  frames=313  σ=0.25  fold=1 ===
  SSC-Block-TV-Col21: k_hat=5  ACC=0.7827  NMI=0.8364  ARI=0.7516  0.8s

=== P1L_S4_C1 train[1] k=5  dim=576  frames=253  σ=0.25  fold=1 ===
  SSC-Block-TV-Col21: k_hat=5  ACC=0.9565  NMI=0.9159  ARI=0.8921  0.5s

=== P1L_S4_C1 train[2] k=5  dim=576  frames=278  σ=0.25  fold=1 ===
  SSC-Block-TV-Col21: k_hat=5  ACC=0.7770  NMI=0.8708  ARI=0.7365  0.6s

=== P1L_S4_C1 train[3] k=5  dim=576  frames=344  σ=0.25  fold=1 ===
  SSC-Block-TV-Col21: k_hat=5  ACC=1.0000  NMI=1.0000  ARI=1.0000  0.9s

=== P1L_S4_C2 train[0] k=5  dim=576  frames=267  σ=0.25  fold=1 ===
  SSC-Block-TV-Col21: k_hat=5  ACC=0.8315  NMI=0.8014  ARI=0.6494  0.6s

=== P1L_S4_C2 train[1] k=5  dim=576  frames=279  σ=0.25  fold=1 ===
  SSC-Block-TV-Col21: k_hat=5  ACC=0.9462  NMI=0.8932  ARI=0.8863  0.6s

=== P1L_S4_C2 train[2] k=5  dim=576  frames=258  σ=0.25  fold=1 ===
  SSC-Block-TV-Col21: k_hat=5  ACC=0.7054  NMI=0.8554  ARI=0.6864  0.5s

=== P1L_S4_C2 train[3] k=5  dim=576  frames=266  σ=0.25  fold=1 ===
  SSC-Block-TV-Col21: k_hat=5  ACC=0.7180  NMI=0.8328  ARI=0.6680  0.6s

=== P1L_S4_C3 train[0] k=5  dim=576  frames=180  σ=0.25  fold=1 ===
  SSC-Block-TV-Col21: k_hat=5  ACC=0.8333  NMI=0.8662  ARI=0.7223  0.3s

=== P1L_S4_C3 train[1] k=5  dim=576  frames=188  σ=0.25  fold=1 ===
  SSC-Block-TV-Col21: k_hat=5  ACC=0.6649  NMI=0.7693  ARI=0.5947  0.3s

=== P1L_S4_C3 train[2] k=5  dim=576  frames=169  σ=0.25  fold=1 ===
  SSC-Block-TV-Col21: k_hat=5  ACC=0.7692  NMI=0.7780  ARI=0.6116  0.3s

=== P1L_S4_C3 train[3] k=5  dim=576  frames=185  σ=0.25  fold=1 ===
  SSC-Block-TV-Col21: k_hat=5  ACC=0.9892  NMI=0.9741  ARI=0.9749  0.3s

=== P1E_S1_C1 test[0] k=5  dim=576  frames=212  σ=0.25  fold=1 ===
  SSC-Block-TV-Col21: k_hat=5  ACC=0.9953  NMI=0.9861  ARI=0.9888  0.4s

=== P1E_S1_C2 test[0] k=5  dim=576  frames=188  σ=0.25  fold=1 ===
  SSC-Block-TV-Col21: k_hat=5  ACC=1.0000  NMI=1.0000  ARI=1.0000  0.3s

=== P1E_S1_C3 test[0] k=5  dim=576  frames=93  σ=0.25  fold=1 ===
  SSC-Block-TV-Col21: k_hat=5  ACC=0.9785  NMI=0.9546  ARI=0.9423  0.1s

=== P1E_S2_C1 test[0] k=5  dim=576  frames=250  σ=0.25  fold=1 ===
  SSC-Block-TV-Col21: k_hat=5  ACC=0.9560  NMI=0.9326  ARI=0.9097  0.5s

=== P1E_S2_C2 test[0] k=5  dim=576  frames=196  σ=0.25  fold=1 ===
  SSC-Block-TV-Col21: k_hat=5  ACC=0.9847  NMI=0.9598  ARI=0.9622  0.3s

=== P1E_S2_C3 test[0] k=5  dim=576  frames=156  σ=0.25  fold=1 ===
  SSC-Block-TV-Col21: k_hat=5  ACC=1.0000  NMI=1.0000  ARI=1.0000  0.2s

=== P1E_S3_C1 test[0] k=5  dim=576  frames=237  σ=0.25  fold=1 ===
  SSC-Block-TV-Col21: k_hat=5  ACC=0.8692  NMI=0.8733  ARI=0.7446  0.5s

=== P1E_S3_C2 test[0] k=5  dim=576  frames=204  σ=0.25  fold=1 ===
  SSC-Block-TV-Col21: k_hat=5  ACC=0.9510  NMI=0.8884  ARI=0.8864  0.4s

=== P1E_S3_C3 test[0] k=5  dim=576  frames=150  σ=0.25  fold=1 ===
  SSC-Block-TV-Col21: k_hat=5  ACC=0.9933  NMI=0.9815  ARI=0.9835  0.2s

=== P1E_S4_C1 test[0] k=5  dim=576  frames=248  σ=0.25  fold=1 ===
  SSC-Block-TV-Col21: k_hat=5  ACC=0.9718  NMI=0.9462  ARI=0.9294  0.5s

=== P1E_S4_C2 test[0] k=5  dim=576  frames=193  σ=0.25  fold=1 ===
  SSC-Block-TV-Col21: k_hat=5  ACC=0.9534  NMI=0.9160  ARI=0.9033  0.4s

=== P1E_S4_C3 test[0] k=5  dim=576  frames=152  σ=0.25  fold=1 ===
  SSC-Block-TV-Col21: k_hat=5  ACC=0.9737  NMI=0.9376  ARI=0.9341  0.2s

=== P1L_S1_C1 test[0] k=5  dim=576  frames=265  σ=0.25  fold=1 ===
  SSC-Block-TV-Col21: k_hat=5  ACC=1.0000  NMI=1.0000  ARI=1.0000  0.6s

=== P1L_S1_C2 test[0] k=5  dim=576  frames=236  σ=0.25  fold=1 ===
  SSC-Block-TV-Col21: k_hat=5  ACC=0.8686  NMI=0.8733  ARI=0.7470  0.5s

=== P1L_S1_C3 test[0] k=5  dim=576  frames=115  σ=0.25  fold=1 ===
  SSC-Block-TV-Col21: k_hat=5  ACC=0.7304  NMI=0.8548  ARI=0.6715  0.2s

=== P1L_S2_C1 test[0] k=5  dim=576  frames=281  σ=0.25  fold=1 ===
  SSC-Block-TV-Col21: k_hat=5  ACC=0.9253  NMI=0.9021  ARI=0.8382  0.6s

=== P1L_S2_C2 test[0] k=5  dim=576  frames=256  σ=0.25  fold=1 ===
  SSC-Block-TV-Col21: k_hat=5  ACC=1.0000  NMI=1.0000  ARI=1.0000  0.6s

=== P1L_S2_C3 test[0] k=5  dim=576  frames=159  σ=0.25  fold=1 ===
  SSC-Block-TV-Col21: k_hat=5  ACC=0.9874  NMI=0.9706  ARI=0.9704  0.3s

=== P1L_S3_C1 test[0] k=5  dim=576  frames=289  σ=0.25  fold=1 ===
  SSC-Block-TV-Col21: k_hat=5  ACC=0.9758  NMI=0.9412  ARI=0.9371  0.7s

=== P1L_S3_C2 test[0] k=5  dim=576  frames=287  σ=0.25  fold=1 ===
  SSC-Block-TV-Col21: k_hat=5  ACC=1.0000  NMI=1.0000  ARI=1.0000  0.7s

=== P1L_S3_C3 test[0] k=5  dim=576  frames=210  σ=0.25  fold=1 ===
  SSC-Block-TV-Col21: k_hat=5  ACC=0.9619  NMI=0.9345  ARI=0.9041  0.4s

=== P1L_S4_C1 test[0] k=5  dim=576  frames=255  σ=0.25  fold=1 ===
  SSC-Block-TV-Col21: k_hat=5  ACC=0.9882  NMI=0.9698  ARI=0.9652  0.6s

=== P1L_S4_C2 test[0] k=5  dim=576  frames=257  σ=0.25  fold=1 ===
  SSC-Block-TV-Col21: k_hat=5  ACC=1.0000  NMI=1.0000  ARI=1.0000  0.5s

=== P1L_S4_C3 test[0] k=5  dim=576  frames=158  σ=0.25  fold=1 ===
  SSC-Block-TV-Col21: k_hat=5  ACC=1.0000  NMI=1.0000  ARI=1.0000  0.3s

============================================================
σ=0.25 fold=2  test=['0001', '0005', '0011', '0023', '0024']  train mats=96  test mats=24
  --- tune SSC-Block-TV-Col21 over 96 train mats  n_trials=40 (4 params) ---
  SSC-Block-TV-Col21 trial 0: mean ARI=0.5224  n=96  41.5s  lambda_e=1, lambda_z=0.1, gamma_q=0.1, block_size=5
  SSC-Block-TV-Col21 trial 1: mean ARI=0.4560  n=96  41.2s  lambda_e=0.443, lambda_z=0.7257, gamma_q=0.2577, block_size=7
  SSC-Block-TV-Col21 trial 2: mean ARI=0.5517  n=96  40.9s  lambda_e=0.1866, lambda_z=0.3833, gamma_q=0.05628, block_size=11
  SSC-Block-TV-Col21 trial 3: mean ARI=0.4455  n=96  41.1s  lambda_e=7.78, lambda_z=0.03418, gamma_q=1.469, block_size=7
  SSC-Block-TV-Col21 trial 4: mean ARI=0.5960  n=96  43.8s  lambda_e=0.506, lambda_z=5.039, gamma_q=0.001924, block_size=2
  SSC-Block-TV-Col21 trial 5: mean ARI=0.4029  n=96  40.7s  lambda_e=0.0115, lambda_z=2.14, gamma_q=1.296, block_size=11
  SSC-Block-TV-Col21 trial 6: mean ARI=0.4849  n=96  40.8s  lambda_e=8.627, lambda_z=1.573, gamma_q=0.07013, block_size=10
  SSC-Block-TV-Col21 trial 7: mean ARI=0.7146  n=96  40.6s  lambda_e=0.02264, lambda_z=0.3628, gamma_q=0.003745, block_size=12
  SSC-Block-TV-Col21 trial 8: mean ARI=0.7238  n=96  40.7s  lambda_e=0.3677, lambda_z=0.04557, gamma_q=0.01143, block_size=10
  SSC-Block-TV-Col21 trial 9: mean ARI=0.6462  n=96  40.9s  lambda_e=0.2336, lambda_z=0.1878, gamma_q=0.001189, block_size=8
  SSC-Block-TV-Col21 trial 10: mean ARI=0.4667  n=96  43.5s  lambda_e=0.0543, lambda_z=0.001491, gamma_q=6.473, block_size=2
  SSC-Block-TV-Col21 trial 11: mean ARI=0.6781  n=96  40.6s  lambda_e=0.01211, lambda_z=0.01492, gamma_q=0.01117, block_size=12
  SSC-Block-TV-Col21 trial 12: mean ARI=0.7276  n=96  40.9s  lambda_e=0.05731, lambda_z=0.01131, gamma_q=0.007917, block_size=9
  SSC-Block-TV-Col21 trial 13: mean ARI=0.5540  n=96  40.8s  lambda_e=0.07177, lambda_z=0.004714, gamma_q=0.01396, block_size=9
  SSC-Block-TV-Col21 trial 14: mean ARI=0.7554  n=96  41.6s  lambda_e=2.421, lambda_z=0.02548, gamma_q=0.01064, block_size=5
  SSC-Block-TV-Col21 trial 15: mean ARI=0.7646  n=96  42.0s  lambda_e=2.404, lambda_z=0.008194, gamma_q=0.00518, block_size=4
  SSC-Block-TV-Col21 trial 16: mean ARI=0.4867  n=96  42.0s  lambda_e=2.735, lambda_z=0.001067, gamma_q=0.03828, block_size=4
  SSC-Block-TV-Col21 trial 17: mean ARI=0.7513  n=96  41.9s  lambda_e=2.27, lambda_z=0.004288, gamma_q=0.003898, block_size=4
  SSC-Block-TV-Col21 trial 18: mean ARI=0.6171  n=96  41.6s  lambda_e=2.414, lambda_z=0.02044, gamma_q=0.02783, block_size=5
  SSC-Block-TV-Col21 trial 19: mean ARI=0.4917  n=96  41.3s  lambda_e=1.385, lambda_z=0.004347, gamma_q=0.2784, block_size=6
  SSC-Block-TV-Col21 trial 20: mean ARI=0.7389  n=96  42.5s  lambda_e=4.099, lambda_z=0.07692, gamma_q=0.003455, block_size=3
  SSC-Block-TV-Col21 trial 21: mean ARI=0.7618  n=96  42.0s  lambda_e=0.9921, lambda_z=0.007241, gamma_q=0.004749, block_size=4
  SSC-Block-TV-Col21 trial 22: mean ARI=0.7860  n=96  41.9s  lambda_e=0.7484, lambda_z=0.007954, gamma_q=0.001029, block_size=4
  SSC-Block-TV-Col21 trial 23: mean ARI=0.7951  n=96  42.4s  lambda_e=0.7564, lambda_z=0.007666, gamma_q=0.001077, block_size=3
  SSC-Block-TV-Col21 trial 24: mean ARI=0.7445  n=96  43.5s  lambda_e=0.7423, lambda_z=0.002183, gamma_q=0.001194, block_size=3
  SSC-Block-TV-Col21 trial 25: mean ARI=0.7276  n=96  43.7s  lambda_e=0.1601, lambda_z=0.002501, gamma_q=0.002201, block_size=3
  SSC-Block-TV-Col21 trial 26: mean ARI=0.7900  n=96  42.5s  lambda_e=1.489, lambda_z=0.007382, gamma_q=0.001033, block_size=6
  SSC-Block-TV-Col21 trial 27: mean ARI=0.7437  n=96  42.5s  lambda_e=1.346, lambda_z=0.05386, gamma_q=0.001226, block_size=6
  SSC-Block-TV-Col21 trial 28: mean ARI=0.7665  n=96  42.4s  lambda_e=0.2709, lambda_z=0.002781, gamma_q=0.001041, block_size=6
  SSC-Block-TV-Col21 trial 29: mean ARI=0.7874  n=96  42.7s  lambda_e=0.6506, lambda_z=0.01501, gamma_q=0.002285, block_size=5
  SSC-Block-TV-Col21 trial 30: mean ARI=0.7893  n=96  42.8s  lambda_e=4.564, lambda_z=0.01608, gamma_q=0.002433, block_size=5
  SSC-Block-TV-Col21 trial 31: mean ARI=0.7859  n=96  42.9s  lambda_e=4.417, lambda_z=0.01873, gamma_q=0.00222, block_size=5
  SSC-Block-TV-Col21 trial 32: mean ARI=0.7002  n=96  42.3s  lambda_e=1.413, lambda_z=0.1042, gamma_q=0.002316, block_size=7
  SSC-Block-TV-Col21 trial 33: mean ARI=0.6200  n=96  42.4s  lambda_e=4.572, lambda_z=0.01279, gamma_q=0.02027, block_size=6
  SSC-Block-TV-Col21 trial 34: mean ARI=0.7705  n=96  42.2s  lambda_e=0.535, lambda_z=0.02539, gamma_q=0.006061, block_size=7
  SSC-Block-TV-Col21 trial 35: mean ARI=0.7736  n=96  42.9s  lambda_e=0.1266, lambda_z=0.005598, gamma_q=0.002093, block_size=5
  SSC-Block-TV-Col21 trial 36: mean ARI=0.7857  n=96  45.2s  lambda_e=0.8223, lambda_z=0.03469, gamma_q=0.002581, block_size=2
  SSC-Block-TV-Col21 trial 37: mean ARI=0.7187  n=96  44.1s  lambda_e=5.565, lambda_z=0.1316, gamma_q=0.006598, block_size=3
  SSC-Block-TV-Col21 trial 38: mean ARI=0.7865  n=96  42.4s  lambda_e=0.4018, lambda_z=0.01176, gamma_q=0.001688, block_size=8
  SSC-Block-TV-Col21 trial 39: mean ARI=0.7450  n=96  42.9s  lambda_e=1.633, lambda_z=0.05776, gamma_q=0.003281, block_size=5
    best mean ARI=0.7951  tune 1684.5s  lambda_e=0.7564, lambda_z=0.007666, gamma_q=0.001077, block_size=3
  wrote /nfs/turbo/umms-minjilab/lpullela/icassp_ssc_tv2/block_ssc_benchmark/cv/params/surveillance/split_k5_sigmas_min30_trials20_params_knownk_cv_ssc_block_tv_col21_k5_sigma0p25_sigma0.25_fold2.json

=== P1E_S1_C1 train[0] k=5  dim=576  frames=249  σ=0.25  fold=2 ===
  SSC-Block-TV-Col21: k_hat=5  ACC=0.7349  NMI=0.8305  ARI=0.6632  0.6s

=== P1E_S1_C1 train[1] k=5  dim=576  frames=212  σ=0.25  fold=2 ===
  SSC-Block-TV-Col21: k_hat=5  ACC=0.9953  NMI=0.9861  ARI=0.9888  0.4s

=== P1E_S1_C1 train[2] k=5  dim=576  frames=242  σ=0.25  fold=2 ===
  SSC-Block-TV-Col21: k_hat=5  ACC=0.6818  NMI=0.7488  ARI=0.5821  0.5s

=== P1E_S1_C1 train[3] k=5  dim=576  frames=268  σ=0.25  fold=2 ===
  SSC-Block-TV-Col21: k_hat=5  ACC=0.5709  NMI=0.7076  ARI=0.4341  0.6s

=== P1E_S1_C2 train[0] k=5  dim=576  frames=231  σ=0.25  fold=2 ===
  SSC-Block-TV-Col21: k_hat=5  ACC=0.9957  NMI=0.9874  ARI=0.9912  0.5s

=== P1E_S1_C2 train[1] k=5  dim=576  frames=188  σ=0.25  fold=2 ===
  SSC-Block-TV-Col21: k_hat=5  ACC=1.0000  NMI=1.0000  ARI=1.0000  0.3s

=== P1E_S1_C2 train[2] k=5  dim=576  frames=199  σ=0.25  fold=2 ===
  SSC-Block-TV-Col21: k_hat=5  ACC=0.7035  NMI=0.8020  ARI=0.6631  0.4s

=== P1E_S1_C2 train[3] k=5  dim=576  frames=215  σ=0.25  fold=2 ===
  SSC-Block-TV-Col21: k_hat=5  ACC=0.9814  NMI=0.9530  ARI=0.9548  0.4s

=== P1E_S1_C3 train[0] k=5  dim=576  frames=98  σ=0.25  fold=2 ===
  SSC-Block-TV-Col21: k_hat=5  ACC=0.8265  NMI=0.8582  ARI=0.7924  0.1s

=== P1E_S1_C3 train[1] k=5  dim=576  frames=93  σ=0.25  fold=2 ===
  SSC-Block-TV-Col21: k_hat=5  ACC=0.9785  NMI=0.9546  ARI=0.9423  0.1s

=== P1E_S1_C3 train[2] k=5  dim=576  frames=87  σ=0.25  fold=2 ===
  SSC-Block-TV-Col21: k_hat=5  ACC=0.9770  NMI=0.9559  ARI=0.9488  0.1s

=== P1E_S1_C3 train[3] k=5  dim=576  frames=107  σ=0.25  fold=2 ===
  SSC-Block-TV-Col21: k_hat=5  ACC=0.9626  NMI=0.9127  ARI=0.9039  0.2s

=== P1E_S2_C1 train[0] k=5  dim=576  frames=268  σ=0.25  fold=2 ===
  SSC-Block-TV-Col21: k_hat=5  ACC=0.8582  NMI=0.7736  ARI=0.6915  0.6s

=== P1E_S2_C1 train[1] k=5  dim=576  frames=250  σ=0.25  fold=2 ===
  SSC-Block-TV-Col21: k_hat=5  ACC=0.9960  NMI=0.9879  ARI=0.9907  0.5s

=== P1E_S2_C1 train[2] k=5  dim=576  frames=232  σ=0.25  fold=2 ===
  SSC-Block-TV-Col21: k_hat=5  ACC=0.5259  NMI=0.7312  ARI=0.5274  0.4s

=== P1E_S2_C1 train[3] k=5  dim=576  frames=241  σ=0.25  fold=2 ===
  SSC-Block-TV-Col21: k_hat=5  ACC=0.8465  NMI=0.8752  ARI=0.7881  0.5s

=== P1E_S2_C2 train[0] k=5  dim=576  frames=223  σ=0.25  fold=2 ===
  SSC-Block-TV-Col21: k_hat=5  ACC=0.9552  NMI=0.9125  ARI=0.8961  0.5s

=== P1E_S2_C2 train[1] k=5  dim=576  frames=196  σ=0.25  fold=2 ===
  SSC-Block-TV-Col21: k_hat=5  ACC=0.9847  NMI=0.9598  ARI=0.9622  0.3s

=== P1E_S2_C2 train[2] k=5  dim=576  frames=192  σ=0.25  fold=2 ===
  SSC-Block-TV-Col21: k_hat=5  ACC=0.7500  NMI=0.7886  ARI=0.6410  0.3s

=== P1E_S2_C2 train[3] k=5  dim=576  frames=212  σ=0.25  fold=2 ===
  SSC-Block-TV-Col21: k_hat=5  ACC=0.9717  NMI=0.9370  ARI=0.9327  0.4s

=== P1E_S2_C3 train[0] k=5  dim=576  frames=173  σ=0.25  fold=2 ===
  SSC-Block-TV-Col21: k_hat=5  ACC=0.9884  NMI=0.9711  ARI=0.9686  0.3s

=== P1E_S2_C3 train[1] k=5  dim=576  frames=156  σ=0.25  fold=2 ===
  SSC-Block-TV-Col21: k_hat=5  ACC=1.0000  NMI=1.0000  ARI=1.0000  0.3s

=== P1E_S2_C3 train[2] k=5  dim=576  frames=160  σ=0.25  fold=2 ===
  SSC-Block-TV-Col21: k_hat=5  ACC=0.8438  NMI=0.8598  ARI=0.7907  0.3s

=== P1E_S2_C3 train[3] k=5  dim=576  frames=154  σ=0.25  fold=2 ===
  SSC-Block-TV-Col21: k_hat=5  ACC=0.9740  NMI=0.9398  ARI=0.9378  0.3s

=== P1E_S3_C1 train[0] k=5  dim=576  frames=258  σ=0.25  fold=2 ===
  SSC-Block-TV-Col21: k_hat=5  ACC=0.6550  NMI=0.7605  ARI=0.5778  0.6s

=== P1E_S3_C1 train[1] k=5  dim=576  frames=237  σ=0.25  fold=2 ===
  SSC-Block-TV-Col21: k_hat=5  ACC=0.8692  NMI=0.8733  ARI=0.7446  0.5s

=== P1E_S3_C1 train[2] k=5  dim=576  frames=250  σ=0.25  fold=2 ===
  SSC-Block-TV-Col21: k_hat=5  ACC=0.5360  NMI=0.6500  ARI=0.4241  0.5s

=== P1E_S3_C1 train[3] k=5  dim=576  frames=237  σ=0.25  fold=2 ===
  SSC-Block-TV-Col21: k_hat=5  ACC=0.7215  NMI=0.7775  ARI=0.6417  0.5s

=== P1E_S3_C2 train[0] k=5  dim=576  frames=232  σ=0.25  fold=2 ===
  SSC-Block-TV-Col21: k_hat=5  ACC=0.9310  NMI=0.9004  ARI=0.8248  0.4s

=== P1E_S3_C2 train[1] k=5  dim=576  frames=204  σ=0.25  fold=2 ===
  SSC-Block-TV-Col21: k_hat=5  ACC=0.9510  NMI=0.8884  ARI=0.8864  0.4s

=== P1E_S3_C2 train[2] k=5  dim=576  frames=222  σ=0.25  fold=2 ===
  SSC-Block-TV-Col21: k_hat=5  ACC=0.5946  NMI=0.7260  ARI=0.4938  0.4s

=== P1E_S3_C2 train[3] k=5  dim=576  frames=188  σ=0.25  fold=2 ===
  SSC-Block-TV-Col21: k_hat=5  ACC=0.9255  NMI=0.8936  ARI=0.8499  0.3s

=== P1E_S3_C3 train[0] k=5  dim=576  frames=170  σ=0.25  fold=2 ===
  SSC-Block-TV-Col21: k_hat=5  ACC=1.0000  NMI=1.0000  ARI=1.0000  0.3s

=== P1E_S3_C3 train[1] k=5  dim=576  frames=150  σ=0.25  fold=2 ===
  SSC-Block-TV-Col21: k_hat=5  ACC=0.9933  NMI=0.9815  ARI=0.9835  0.2s

=== P1E_S3_C3 train[2] k=5  dim=576  frames=167  σ=0.25  fold=2 ===
  SSC-Block-TV-Col21: k_hat=5  ACC=0.9222  NMI=0.8918  ARI=0.8661  0.3s

=== P1E_S3_C3 train[3] k=5  dim=576  frames=168  σ=0.25  fold=2 ===
  SSC-Block-TV-Col21: k_hat=5  ACC=0.9881  NMI=0.9667  ARI=0.9741  0.3s

=== P1E_S4_C1 train[0] k=5  dim=576  frames=231  σ=0.25  fold=2 ===
  SSC-Block-TV-Col21: k_hat=5  ACC=0.7792  NMI=0.8516  ARI=0.6803  0.5s

=== P1E_S4_C1 train[1] k=5  dim=576  frames=248  σ=0.25  fold=2 ===
  SSC-Block-TV-Col21: k_hat=5  ACC=0.9718  NMI=0.9462  ARI=0.9294  0.5s

=== P1E_S4_C1 train[2] k=5  dim=576  frames=248  σ=0.25  fold=2 ===
  SSC-Block-TV-Col21: k_hat=5  ACC=0.6532  NMI=0.7429  ARI=0.5521  0.5s

=== P1E_S4_C1 train[3] k=5  dim=576  frames=217  σ=0.25  fold=2 ===
  SSC-Block-TV-Col21: k_hat=5  ACC=0.7604  NMI=0.7895  ARI=0.6970  0.4s

=== P1E_S4_C2 train[0] k=5  dim=576  frames=201  σ=0.25  fold=2 ===
  SSC-Block-TV-Col21: k_hat=5  ACC=0.9751  NMI=0.9414  ARI=0.9381  0.4s

=== P1E_S4_C2 train[1] k=5  dim=576  frames=193  σ=0.25  fold=2 ===
  SSC-Block-TV-Col21: k_hat=5  ACC=0.9534  NMI=0.9160  ARI=0.9033  0.4s

=== P1E_S4_C2 train[2] k=5  dim=576  frames=223  σ=0.25  fold=2 ===
  SSC-Block-TV-Col21: k_hat=5  ACC=0.6951  NMI=0.8543  ARI=0.6811  0.5s

=== P1E_S4_C2 train[3] k=5  dim=576  frames=198  σ=0.25  fold=2 ===
  SSC-Block-TV-Col21: k_hat=5  ACC=0.8586  NMI=0.8694  ARI=0.7785  0.4s

=== P1E_S4_C3 train[0] k=5  dim=576  frames=132  σ=0.25  fold=2 ===
  SSC-Block-TV-Col21: k_hat=5  ACC=0.9318  NMI=0.8565  ARI=0.8424  0.2s

=== P1E_S4_C3 train[1] k=5  dim=576  frames=152  σ=0.25  fold=2 ===
  SSC-Block-TV-Col21: k_hat=5  ACC=0.9737  NMI=0.9376  ARI=0.9341  0.2s

=== P1E_S4_C3 train[2] k=5  dim=576  frames=141  σ=0.25  fold=2 ===
  SSC-Block-TV-Col21: k_hat=5  ACC=0.9716  NMI=0.9451  ARI=0.9234  0.2s

=== P1E_S4_C3 train[3] k=5  dim=576  frames=147  σ=0.25  fold=2 ===
  SSC-Block-TV-Col21: k_hat=5  ACC=0.7959  NMI=0.8532  ARI=0.7621  0.2s

=== P1L_S1_C1 train[0] k=5  dim=576  frames=289  σ=0.25  fold=2 ===
  SSC-Block-TV-Col21: k_hat=5  ACC=0.7543  NMI=0.8686  ARI=0.7291  0.7s

=== P1L_S1_C1 train[1] k=5  dim=576  frames=265  σ=0.25  fold=2 ===
  SSC-Block-TV-Col21: k_hat=5  ACC=1.0000  NMI=1.0000  ARI=1.0000  0.6s

=== P1L_S1_C1 train[2] k=5  dim=576  frames=239  σ=0.25  fold=2 ===
  SSC-Block-TV-Col21: k_hat=5  ACC=0.9121  NMI=0.9150  ARI=0.8846  0.5s

=== P1L_S1_C1 train[3] k=5  dim=576  frames=285  σ=0.25  fold=2 ===
  SSC-Block-TV-Col21: k_hat=5  ACC=0.7333  NMI=0.8070  ARI=0.6568  0.7s

=== P1L_S1_C2 train[0] k=5  dim=576  frames=286  σ=0.25  fold=2 ===
  SSC-Block-TV-Col21: k_hat=5  ACC=0.8497  NMI=0.8640  ARI=0.7141  0.7s

=== P1L_S1_C2 train[1] k=5  dim=576  frames=236  σ=0.25  fold=2 ===
  SSC-Block-TV-Col21: k_hat=5  ACC=0.8686  NMI=0.8733  ARI=0.7470  0.5s

=== P1L_S1_C2 train[2] k=5  dim=576  frames=260  σ=0.25  fold=2 ===
  SSC-Block-TV-Col21: k_hat=5  ACC=0.6115  NMI=0.7587  ARI=0.5687  0.6s

=== P1L_S1_C2 train[3] k=5  dim=576  frames=270  σ=0.25  fold=2 ===
  SSC-Block-TV-Col21: k_hat=5  ACC=0.6407  NMI=0.7270  ARI=0.4855  0.6s

=== P1L_S1_C3 train[0] k=5  dim=576  frames=108  σ=0.25  fold=2 ===
  SSC-Block-TV-Col21: k_hat=5  ACC=0.6389  NMI=0.7387  ARI=0.5007  0.1s

=== P1L_S1_C3 train[1] k=5  dim=576  frames=115  σ=0.25  fold=2 ===
  SSC-Block-TV-Col21: k_hat=5  ACC=0.7304  NMI=0.8548  ARI=0.6715  0.2s

=== P1L_S1_C3 train[2] k=5  dim=576  frames=101  σ=0.25  fold=2 ===
  SSC-Block-TV-Col21: k_hat=5  ACC=0.8020  NMI=0.7928  ARI=0.6476  0.1s

=== P1L_S1_C3 train[3] k=5  dim=576  frames=124  σ=0.25  fold=2 ===
  SSC-Block-TV-Col21: k_hat=5  ACC=0.9919  NMI=0.9784  ARI=0.9780  0.2s

=== P1L_S2_C1 train[0] k=5  dim=576  frames=348  σ=0.25  fold=2 ===
  SSC-Block-TV-Col21: k_hat=5  ACC=0.7385  NMI=0.7667  ARI=0.6031  0.9s

=== P1L_S2_C1 train[1] k=5  dim=576  frames=281  σ=0.25  fold=2 ===
  SSC-Block-TV-Col21: k_hat=5  ACC=0.9253  NMI=0.9021  ARI=0.8382  0.7s

=== P1L_S2_C1 train[2] k=5  dim=576  frames=275  σ=0.25  fold=2 ===
  SSC-Block-TV-Col21: k_hat=5  ACC=0.9018  NMI=0.9077  ARI=0.8561  0.6s

=== P1L_S2_C1 train[3] k=5  dim=576  frames=265  σ=0.25  fold=2 ===
  SSC-Block-TV-Col21: k_hat=5  ACC=0.7962  NMI=0.8736  ARI=0.7660  0.6s

=== P1L_S2_C2 train[0] k=5  dim=576  frames=300  σ=0.25  fold=2 ===
  SSC-Block-TV-Col21: k_hat=5  ACC=0.8100  NMI=0.7568  ARI=0.5601  0.7s

=== P1L_S2_C2 train[1] k=5  dim=576  frames=256  σ=0.25  fold=2 ===
  SSC-Block-TV-Col21: k_hat=5  ACC=1.0000  NMI=1.0000  ARI=1.0000  0.6s

=== P1L_S2_C2 train[2] k=5  dim=576  frames=301  σ=0.25  fold=2 ===
  SSC-Block-TV-Col21: k_hat=5  ACC=0.7243  NMI=0.8444  ARI=0.6975  0.8s

=== P1L_S2_C2 train[3] k=5  dim=576  frames=222  σ=0.25  fold=2 ===
  SSC-Block-TV-Col21: k_hat=5  ACC=1.0000  NMI=1.0000  ARI=1.0000  0.4s

=== P1L_S2_C3 train[0] k=5  dim=576  frames=191  σ=0.25  fold=2 ===
  SSC-Block-TV-Col21: k_hat=5  ACC=0.8429  NMI=0.8521  ARI=0.6838  0.4s

=== P1L_S2_C3 train[1] k=5  dim=576  frames=159  σ=0.25  fold=2 ===
  SSC-Block-TV-Col21: k_hat=5  ACC=0.9874  NMI=0.9706  ARI=0.9704  0.3s

=== P1L_S2_C3 train[2] k=5  dim=576  frames=175  σ=0.25  fold=2 ===
  SSC-Block-TV-Col21: k_hat=5  ACC=0.8229  NMI=0.8073  ARI=0.6798  0.3s

=== P1L_S2_C3 train[3] k=5  dim=576  frames=179  σ=0.25  fold=2 ===
  SSC-Block-TV-Col21: k_hat=5  ACC=0.9832  NMI=0.9577  ARI=0.9632  0.3s

=== P1L_S3_C1 train[0] k=5  dim=576  frames=246  σ=0.25  fold=2 ===
  SSC-Block-TV-Col21: k_hat=5  ACC=0.8089  NMI=0.8389  ARI=0.6692  0.5s

=== P1L_S3_C1 train[1] k=5  dim=576  frames=289  σ=0.25  fold=2 ===
  SSC-Block-TV-Col21: k_hat=5  ACC=0.9758  NMI=0.9412  ARI=0.9371  0.7s

=== P1L_S3_C1 train[2] k=5  dim=576  frames=312  σ=0.25  fold=2 ===
  SSC-Block-TV-Col21: k_hat=5  ACC=0.7692  NMI=0.7853  ARI=0.6214  0.7s

=== P1L_S3_C1 train[3] k=5  dim=576  frames=241  σ=0.25  fold=2 ===
  SSC-Block-TV-Col21: k_hat=5  ACC=0.9336  NMI=0.8720  ARI=0.8383  0.5s

=== P1L_S3_C2 train[0] k=5  dim=576  frames=262  σ=0.25  fold=2 ===
  SSC-Block-TV-Col21: k_hat=5  ACC=0.9389  NMI=0.8993  ARI=0.8556  0.6s

=== P1L_S3_C2 train[1] k=5  dim=576  frames=287  σ=0.25  fold=2 ===
  SSC-Block-TV-Col21: k_hat=5  ACC=1.0000  NMI=1.0000  ARI=1.0000  0.7s

=== P1L_S3_C2 train[2] k=5  dim=576  frames=329  σ=0.25  fold=2 ===
  SSC-Block-TV-Col21: k_hat=5  ACC=0.6413  NMI=0.7580  ARI=0.5708  0.9s

=== P1L_S3_C2 train[3] k=5  dim=576  frames=290  σ=0.25  fold=2 ===
  SSC-Block-TV-Col21: k_hat=5  ACC=0.6828  NMI=0.8326  ARI=0.6475  0.7s

=== P1L_S3_C3 train[0] k=5  dim=576  frames=231  σ=0.25  fold=2 ===
  SSC-Block-TV-Col21: k_hat=5  ACC=0.9351  NMI=0.9018  ARI=0.8265  0.5s

=== P1L_S3_C3 train[1] k=5  dim=576  frames=210  σ=0.25  fold=2 ===
  SSC-Block-TV-Col21: k_hat=5  ACC=0.9619  NMI=0.9345  ARI=0.9041  0.4s

=== P1L_S3_C3 train[2] k=5  dim=576  frames=210  σ=0.25  fold=2 ===
  SSC-Block-TV-Col21: k_hat=5  ACC=0.8048  NMI=0.7851  ARI=0.6376  0.4s

=== P1L_S3_C3 train[3] k=5  dim=576  frames=229  σ=0.25  fold=2 ===
  SSC-Block-TV-Col21: k_hat=5  ACC=0.9869  NMI=0.9647  ARI=0.9712  0.5s

=== P1L_S4_C1 train[0] k=5  dim=576  frames=313  σ=0.25  fold=2 ===
  SSC-Block-TV-Col21: k_hat=5  ACC=0.7827  NMI=0.8364  ARI=0.7516  0.8s

=== P1L_S4_C1 train[1] k=5  dim=576  frames=255  σ=0.25  fold=2 ===
  SSC-Block-TV-Col21: k_hat=5  ACC=0.9882  NMI=0.9698  ARI=0.9652  0.6s

=== P1L_S4_C1 train[2] k=5  dim=576  frames=278  σ=0.25  fold=2 ===
  SSC-Block-TV-Col21: k_hat=5  ACC=0.7770  NMI=0.8708  ARI=0.7365  0.6s

=== P1L_S4_C1 train[3] k=5  dim=576  frames=344  σ=0.25  fold=2 ===
  SSC-Block-TV-Col21: k_hat=5  ACC=1.0000  NMI=1.0000  ARI=1.0000  0.9s

=== P1L_S4_C2 train[0] k=5  dim=576  frames=267  σ=0.25  fold=2 ===
  SSC-Block-TV-Col21: k_hat=5  ACC=0.8315  NMI=0.8014  ARI=0.6494  0.6s

=== P1L_S4_C2 train[1] k=5  dim=576  frames=257  σ=0.25  fold=2 ===
  SSC-Block-TV-Col21: k_hat=5  ACC=1.0000  NMI=1.0000  ARI=1.0000  0.6s

=== P1L_S4_C2 train[2] k=5  dim=576  frames=258  σ=0.25  fold=2 ===
  SSC-Block-TV-Col21: k_hat=5  ACC=0.7054  NMI=0.8554  ARI=0.6864  0.6s

=== P1L_S4_C2 train[3] k=5  dim=576  frames=266  σ=0.25  fold=2 ===
  SSC-Block-TV-Col21: k_hat=5  ACC=0.7180  NMI=0.8328  ARI=0.6680  0.6s

=== P1L_S4_C3 train[0] k=5  dim=576  frames=180  σ=0.25  fold=2 ===
  SSC-Block-TV-Col21: k_hat=5  ACC=0.8333  NMI=0.8662  ARI=0.7223  0.3s

=== P1L_S4_C3 train[1] k=5  dim=576  frames=158  σ=0.25  fold=2 ===
  SSC-Block-TV-Col21: k_hat=5  ACC=1.0000  NMI=1.0000  ARI=1.0000  0.3s

=== P1L_S4_C3 train[2] k=5  dim=576  frames=169  σ=0.25  fold=2 ===
  SSC-Block-TV-Col21: k_hat=5  ACC=0.7692  NMI=0.7780  ARI=0.6116  0.3s

=== P1L_S4_C3 train[3] k=5  dim=576  frames=185  σ=0.25  fold=2 ===
  SSC-Block-TV-Col21: k_hat=5  ACC=0.9892  NMI=0.9741  ARI=0.9749  0.3s

=== P1E_S1_C1 test[0] k=5  dim=576  frames=265  σ=0.25  fold=2 ===
  SSC-Block-TV-Col21: k_hat=5  ACC=0.4943  NMI=0.6913  ARI=0.3996  0.6s

=== P1E_S1_C2 test[0] k=5  dim=576  frames=198  σ=0.25  fold=2 ===
  SSC-Block-TV-Col21: k_hat=5  ACC=0.9394  NMI=0.9200  ARI=0.8842  0.4s

=== P1E_S1_C3 test[0] k=5  dim=576  frames=68  σ=0.25  fold=2 ===
  SSC-Block-TV-Col21: k_hat=5  ACC=0.5882  NMI=0.5877  ARI=0.3739  0.1s

=== P1E_S2_C1 test[0] k=5  dim=576  frames=265  σ=0.25  fold=2 ===
  SSC-Block-TV-Col21: k_hat=5  ACC=0.5170  NMI=0.6927  ARI=0.4283  0.6s

=== P1E_S2_C2 test[0] k=5  dim=576  frames=219  σ=0.25  fold=2 ===
  SSC-Block-TV-Col21: k_hat=5  ACC=0.9589  NMI=0.9196  ARI=0.9019  0.5s

=== P1E_S2_C3 test[0] k=5  dim=576  frames=173  σ=0.25  fold=2 ===
  SSC-Block-TV-Col21: k_hat=5  ACC=0.9075  NMI=0.8474  ARI=0.7895  0.3s

=== P1E_S3_C1 test[0] k=5  dim=576  frames=273  σ=0.25  fold=2 ===
  SSC-Block-TV-Col21: k_hat=5  ACC=0.5275  NMI=0.6633  ARI=0.3724  0.6s

=== P1E_S3_C2 test[0] k=5  dim=576  frames=280  σ=0.25  fold=2 ===
  SSC-Block-TV-Col21: k_hat=5  ACC=0.5821  NMI=0.6786  ARI=0.4461  0.6s

=== P1E_S3_C3 test[0] k=5  dim=576  frames=211  σ=0.25  fold=2 ===
  SSC-Block-TV-Col21: k_hat=5  ACC=0.7393  NMI=0.8374  ARI=0.6914  0.4s

=== P1E_S4_C1 test[0] k=5  dim=576  frames=303  σ=0.25  fold=2 ===
  SSC-Block-TV-Col21: k_hat=5  ACC=0.7360  NMI=0.8564  ARI=0.6881  0.8s

=== P1E_S4_C2 test[0] k=5  dim=576  frames=236  σ=0.25  fold=2 ===
  SSC-Block-TV-Col21: k_hat=5  ACC=0.9958  NMI=0.9869  ARI=0.9887  0.5s

=== P1E_S4_C3 test[0] k=5  dim=576  frames=147  σ=0.25  fold=2 ===
  SSC-Block-TV-Col21: k_hat=5  ACC=0.8299  NMI=0.7975  ARI=0.7070  0.2s

=== P1L_S1_C1 test[0] k=5  dim=576  frames=313  σ=0.25  fold=2 ===
  SSC-Block-TV-Col21: k_hat=5  ACC=0.8307  NMI=0.8741  ARI=0.7477  0.8s

=== P1L_S1_C2 test[0] k=5  dim=576  frames=257  σ=0.25  fold=2 ===
  SSC-Block-TV-Col21: k_hat=5  ACC=0.7665  NMI=0.7493  ARI=0.5817  0.6s

=== P1L_S1_C3 test[0] k=5  dim=576  frames=117  σ=0.25  fold=2 ===
  SSC-Block-TV-Col21: k_hat=5  ACC=0.6838  NMI=0.7201  ARI=0.4944  0.2s

=== P1L_S2_C1 test[0] k=5  dim=576  frames=301  σ=0.25  fold=2 ===
  SSC-Block-TV-Col21: k_hat=5  ACC=0.6545  NMI=0.7322  ARI=0.5154  0.8s

=== P1L_S2_C2 test[0] k=5  dim=576  frames=314  σ=0.25  fold=2 ===
  SSC-Block-TV-Col21: k_hat=5  ACC=0.9427  NMI=0.9150  ARI=0.8592  0.8s

=== P1L_S2_C3 test[0] k=5  dim=576  frames=193  σ=0.25  fold=2 ===
  SSC-Block-TV-Col21: k_hat=5  ACC=0.8860  NMI=0.8808  ARI=0.7689  0.4s

=== P1L_S3_C1 test[0] k=5  dim=576  frames=241  σ=0.25  fold=2 ===
  SSC-Block-TV-Col21: k_hat=5  ACC=0.9336  NMI=0.8577  ARI=0.8446  0.5s

=== P1L_S3_C2 test[0] k=5  dim=576  frames=304  σ=0.25  fold=2 ===
  SSC-Block-TV-Col21: k_hat=5  ACC=0.5033  NMI=0.6321  ARI=0.3767  0.7s

=== P1L_S3_C3 test[0] k=5  dim=576  frames=225  σ=0.25  fold=2 ===
  SSC-Block-TV-Col21: k_hat=5  ACC=0.8089  NMI=0.7843  ARI=0.6241  0.5s

=== P1L_S4_C1 test[0] k=5  dim=576  frames=253  σ=0.25  fold=2 ===
  SSC-Block-TV-Col21: k_hat=5  ACC=0.9565  NMI=0.9159  ARI=0.8921  0.6s

=== P1L_S4_C2 test[0] k=5  dim=576  frames=279  σ=0.25  fold=2 ===
  SSC-Block-TV-Col21: k_hat=5  ACC=0.9462  NMI=0.8932  ARI=0.8863  0.7s

=== P1L_S4_C3 test[0] k=5  dim=576  frames=188  σ=0.25  fold=2 ===
  SSC-Block-TV-Col21: k_hat=5  ACC=0.6649  NMI=0.7693  ARI=0.5947  0.3s

============================================================
σ=0.25 fold=3  test=['0007', '0010', '0015', '0016', '0021']  train mats=96  test mats=24
  --- tune SSC-Block-TV-Col21 over 96 train mats  n_trials=40 (4 params) ---
  SSC-Block-TV-Col21 trial 0: mean ARI=0.4928  n=96  44.9s  lambda_e=1, lambda_z=0.1, gamma_q=0.1, block_size=5
  SSC-Block-TV-Col21 trial 1: mean ARI=0.4394  n=96  44.5s  lambda_e=0.443, lambda_z=0.7257, gamma_q=0.2577, block_size=7
  SSC-Block-TV-Col21 trial 2: mean ARI=0.5403  n=96  43.8s  lambda_e=0.1866, lambda_z=0.3833, gamma_q=0.05628, block_size=11
  SSC-Block-TV-Col21 trial 3: mean ARI=0.4348  n=96  44.0s  lambda_e=7.78, lambda_z=0.03418, gamma_q=1.469, block_size=7
  SSC-Block-TV-Col21 trial 4: mean ARI=0.5826  n=96  47.0s  lambda_e=0.506, lambda_z=5.039, gamma_q=0.001924, block_size=2
  SSC-Block-TV-Col21 trial 5: mean ARI=0.3846  n=96  44.0s  lambda_e=0.0115, lambda_z=2.14, gamma_q=1.296, block_size=11
  SSC-Block-TV-Col21 trial 6: mean ARI=0.4719  n=96  43.9s  lambda_e=8.627, lambda_z=1.573, gamma_q=0.07013, block_size=10
  SSC-Block-TV-Col21 trial 7: mean ARI=0.7008  n=96  43.7s  lambda_e=0.02264, lambda_z=0.3628, gamma_q=0.003745, block_size=12
  SSC-Block-TV-Col21 trial 8: mean ARI=0.7098  n=96  43.7s  lambda_e=0.3677, lambda_z=0.04557, gamma_q=0.01143, block_size=10
  SSC-Block-TV-Col21 trial 9: mean ARI=0.6336  n=96  44.0s  lambda_e=0.2336, lambda_z=0.1878, gamma_q=0.001189, block_size=8
  SSC-Block-TV-Col21 trial 10: mean ARI=0.4780  n=96  47.0s  lambda_e=0.0543, lambda_z=0.001491, gamma_q=6.473, block_size=2
  SSC-Block-TV-Col21 trial 11: mean ARI=0.6578  n=96  43.8s  lambda_e=0.01211, lambda_z=0.01492, gamma_q=0.01117, block_size=12
  SSC-Block-TV-Col21 trial 12: mean ARI=0.7058  n=96  43.9s  lambda_e=0.05731, lambda_z=0.01131, gamma_q=0.007917, block_size=9
  SSC-Block-TV-Col21 trial 13: mean ARI=0.5236  n=96  43.9s  lambda_e=0.07177, lambda_z=0.004714, gamma_q=0.01396, block_size=9
  SSC-Block-TV-Col21 trial 14: mean ARI=0.7505  n=96  45.1s  lambda_e=2.421, lambda_z=0.02548, gamma_q=0.01064, block_size=5
  SSC-Block-TV-Col21 trial 15: mean ARI=0.7054  n=96  45.6s  lambda_e=2.444, lambda_z=0.06326, gamma_q=0.02261, block_size=4
  SSC-Block-TV-Col21 trial 16: mean ARI=0.7634  n=96  45.2s  lambda_e=2.324, lambda_z=0.02829, gamma_q=0.006168, block_size=5
  SSC-Block-TV-Col21 trial 17: mean ARI=0.6875  n=96  45.1s  lambda_e=2.561, lambda_z=0.003029, gamma_q=0.003898, block_size=5
  SSC-Block-TV-Col21 trial 18: mean ARI=0.5228  n=96  45.6s  lambda_e=2.414, lambda_z=0.01214, gamma_q=0.03143, block_size=4
  SSC-Block-TV-Col21 trial 19: mean ARI=0.4506  n=96  44.9s  lambda_e=1.385, lambda_z=0.02967, gamma_q=0.2011, block_size=6
  SSC-Block-TV-Col21 trial 20: mean ARI=0.7412  n=96  46.3s  lambda_e=4.041, lambda_z=0.005125, gamma_q=0.003721, block_size=3
  SSC-Block-TV-Col21 trial 21: mean ARI=0.7092  n=96  45.9s  lambda_e=4.168, lambda_z=0.003053, gamma_q=0.003458, block_size=3
  SSC-Block-TV-Col21 trial 22: mean ARI=0.7857  n=96  45.0s  lambda_e=1.073, lambda_z=0.006675, gamma_q=0.001025, block_size=4
  SSC-Block-TV-Col21 trial 23: mean ARI=0.7831  n=96  44.6s  lambda_e=1.04, lambda_z=0.01875, gamma_q=0.001092, block_size=5
  SSC-Block-TV-Col21 trial 24: mean ARI=0.7880  n=96  44.0s  lambda_e=0.945, lambda_z=0.008123, gamma_q=0.001194, block_size=6
  SSC-Block-TV-Col21 trial 25: mean ARI=0.7083  n=96  43.2s  lambda_e=0.8987, lambda_z=0.001268, gamma_q=0.001157, block_size=6
  SSC-Block-TV-Col21 trial 26: mean ARI=0.7881  n=96  43.1s  lambda_e=0.9083, lambda_z=0.007682, gamma_q=0.001033, block_size=6
  SSC-Block-TV-Col21 trial 27: mean ARI=0.7841  n=96  43.1s  lambda_e=0.1478, lambda_z=0.006142, gamma_q=0.002063, block_size=6
  SSC-Block-TV-Col21 trial 28: mean ARI=0.7772  n=96  42.9s  lambda_e=0.627, lambda_z=0.007966, gamma_q=0.001812, block_size=7
  SSC-Block-TV-Col21 trial 29: mean ARI=0.7124  n=96  43.8s  lambda_e=1.337, lambda_z=0.002211, gamma_q=0.002353, block_size=4
  SSC-Block-TV-Col21 trial 30: mean ARI=0.7481  n=96  44.4s  lambda_e=0.3088, lambda_z=0.05937, gamma_q=0.001097, block_size=3
  SSC-Block-TV-Col21 trial 31: mean ARI=0.7765  n=96  43.0s  lambda_e=0.1934, lambda_z=0.005415, gamma_q=0.002268, block_size=6
  SSC-Block-TV-Col21 trial 32: mean ARI=0.7311  n=96  42.8s  lambda_e=0.1313, lambda_z=0.0091, gamma_q=0.005771, block_size=7
  SSC-Block-TV-Col21 trial 33: mean ARI=0.6388  n=96  43.0s  lambda_e=0.6537, lambda_z=0.001024, gamma_q=0.002004, block_size=6
  SSC-Block-TV-Col21 trial 34: mean ARI=0.7836  n=96  42.7s  lambda_e=0.1083, lambda_z=0.007329, gamma_q=0.001056, block_size=8
  SSC-Block-TV-Col21 trial 35: mean ARI=0.7258  n=96  42.8s  lambda_e=0.8482, lambda_z=0.00252, gamma_q=0.002455, block_size=7
  SSC-Block-TV-Col21 trial 36: mean ARI=0.6662  n=96  42.6s  lambda_e=1.413, lambda_z=0.1143, gamma_q=0.005432, block_size=8
  SSC-Block-TV-Col21 trial 37: mean ARI=0.7606  n=96  43.3s  lambda_e=0.3718, lambda_z=0.003828, gamma_q=0.001875, block_size=4
  SSC-Block-TV-Col21 trial 38: mean ARI=0.7728  n=96  42.6s  lambda_e=0.03516, lambda_z=0.01852, gamma_q=0.003381, block_size=6
  SSC-Block-TV-Col21 trial 39: mean ARI=0.7231  n=96  42.6s  lambda_e=5.14, lambda_z=0.001866, gamma_q=0.001734, block_size=6
    best mean ARI=0.7881  tune 1765.6s  lambda_e=0.9083, lambda_z=0.007682, gamma_q=0.001033, block_size=6
  wrote /nfs/turbo/umms-minjilab/lpullela/icassp_ssc_tv2/block_ssc_benchmark/cv/params/surveillance/split_k5_sigmas_min30_trials20_params_knownk_cv_ssc_block_tv_col21_k5_sigma0p25_sigma0.25_fold3.json

=== P1E_S1_C1 train[0] k=5  dim=576  frames=249  σ=0.25  fold=3 ===
  SSC-Block-TV-Col21: k_hat=5  ACC=0.7390  NMI=0.8317  ARI=0.6659  0.5s

=== P1E_S1_C1 train[1] k=5  dim=576  frames=212  σ=0.25  fold=3 ===
  SSC-Block-TV-Col21: k_hat=5  ACC=1.0000  NMI=1.0000  ARI=1.0000  0.4s

=== P1E_S1_C1 train[2] k=5  dim=576  frames=265  σ=0.25  fold=3 ===
  SSC-Block-TV-Col21: k_hat=5  ACC=0.4943  NMI=0.6913  ARI=0.3996  0.6s

=== P1E_S1_C1 train[3] k=5  dim=576  frames=268  σ=0.25  fold=3 ===
  SSC-Block-TV-Col21: k_hat=5  ACC=0.5709  NMI=0.7076  ARI=0.4341  0.5s

=== P1E_S1_C2 train[0] k=5  dim=576  frames=231  σ=0.25  fold=3 ===
  SSC-Block-TV-Col21: k_hat=5  ACC=0.9957  NMI=0.9874  ARI=0.9912  0.5s

=== P1E_S1_C2 train[1] k=5  dim=576  frames=188  σ=0.25  fold=3 ===
  SSC-Block-TV-Col21: k_hat=5  ACC=1.0000  NMI=1.0000  ARI=1.0000  0.3s

=== P1E_S1_C2 train[2] k=5  dim=576  frames=198  σ=0.25  fold=3 ===
  SSC-Block-TV-Col21: k_hat=5  ACC=0.9141  NMI=0.8739  ARI=0.8416  0.3s

=== P1E_S1_C2 train[3] k=5  dim=576  frames=215  σ=0.25  fold=3 ===
  SSC-Block-TV-Col21: k_hat=5  ACC=0.9767  NMI=0.9447  ARI=0.9435  0.4s

=== P1E_S1_C3 train[0] k=5  dim=576  frames=98  σ=0.25  fold=3 ===
  SSC-Block-TV-Col21: k_hat=5  ACC=0.9490  NMI=0.9014  ARI=0.8815  0.1s

=== P1E_S1_C3 train[1] k=5  dim=576  frames=93  σ=0.25  fold=3 ===
  SSC-Block-TV-Col21: k_hat=5  ACC=0.9785  NMI=0.9546  ARI=0.9423  0.1s

=== P1E_S1_C3 train[2] k=5  dim=576  frames=68  σ=0.25  fold=3 ===
  SSC-Block-TV-Col21: k_hat=5  ACC=0.6029  NMI=0.6607  ARI=0.4513  0.1s

=== P1E_S1_C3 train[3] k=5  dim=576  frames=107  σ=0.25  fold=3 ===
  SSC-Block-TV-Col21: k_hat=5  ACC=0.8785  NMI=0.7969  ARI=0.7345  0.2s

=== P1E_S2_C1 train[0] k=5  dim=576  frames=268  σ=0.25  fold=3 ===
  SSC-Block-TV-Col21: k_hat=5  ACC=0.8657  NMI=0.7858  ARI=0.7061  0.5s

=== P1E_S2_C1 train[1] k=5  dim=576  frames=250  σ=0.25  fold=3 ===
  SSC-Block-TV-Col21: k_hat=5  ACC=0.9960  NMI=0.9879  ARI=0.9907  0.5s

=== P1E_S2_C1 train[2] k=5  dim=576  frames=265  σ=0.25  fold=3 ===
  SSC-Block-TV-Col21: k_hat=5  ACC=0.5170  NMI=0.6927  ARI=0.4283  0.6s

=== P1E_S2_C1 train[3] k=5  dim=576  frames=241  σ=0.25  fold=3 ===
  SSC-Block-TV-Col21: k_hat=5  ACC=0.8465  NMI=0.8752  ARI=0.7881  0.5s

=== P1E_S2_C2 train[0] k=5  dim=576  frames=223  σ=0.25  fold=3 ===
  SSC-Block-TV-Col21: k_hat=5  ACC=0.9552  NMI=0.9125  ARI=0.8961  0.4s

=== P1E_S2_C2 train[1] k=5  dim=576  frames=196  σ=0.25  fold=3 ===
  SSC-Block-TV-Col21: k_hat=5  ACC=0.9847  NMI=0.9598  ARI=0.9622  0.3s

=== P1E_S2_C2 train[2] k=5  dim=576  frames=219  σ=0.25  fold=3 ===
  SSC-Block-TV-Col21: k_hat=5  ACC=0.9589  NMI=0.9196  ARI=0.9019  0.4s

=== P1E_S2_C2 train[3] k=5  dim=576  frames=212  σ=0.25  fold=3 ===
  SSC-Block-TV-Col21: k_hat=5  ACC=0.9670  NMI=0.9287  ARI=0.9217  0.4s

=== P1E_S2_C3 train[0] k=5  dim=576  frames=173  σ=0.25  fold=3 ===
  SSC-Block-TV-Col21: k_hat=5  ACC=0.9827  NMI=0.9631  ARI=0.9616  0.3s

=== P1E_S2_C3 train[1] k=5  dim=576  frames=156  σ=0.25  fold=3 ===
  SSC-Block-TV-Col21: k_hat=5  ACC=1.0000  NMI=1.0000  ARI=1.0000  0.2s

=== P1E_S2_C3 train[2] k=5  dim=576  frames=173  σ=0.25  fold=3 ===
  SSC-Block-TV-Col21: k_hat=5  ACC=0.9480  NMI=0.8976  ARI=0.8822  0.3s

=== P1E_S2_C3 train[3] k=5  dim=576  frames=154  σ=0.25  fold=3 ===
  SSC-Block-TV-Col21: k_hat=5  ACC=0.9805  NMI=0.9524  ARI=0.9542  0.2s

=== P1E_S3_C1 train[0] k=5  dim=576  frames=258  σ=0.25  fold=3 ===
  SSC-Block-TV-Col21: k_hat=5  ACC=0.6550  NMI=0.7548  ARI=0.5752  0.5s

=== P1E_S3_C1 train[1] k=5  dim=576  frames=237  σ=0.25  fold=3 ===
  SSC-Block-TV-Col21: k_hat=5  ACC=0.8650  NMI=0.8337  ARI=0.7443  0.5s

=== P1E_S3_C1 train[2] k=5  dim=576  frames=273  σ=0.25  fold=3 ===
  SSC-Block-TV-Col21: k_hat=5  ACC=0.5275  NMI=0.6633  ARI=0.3724  0.6s

=== P1E_S3_C1 train[3] k=5  dim=576  frames=237  σ=0.25  fold=3 ===
  SSC-Block-TV-Col21: k_hat=5  ACC=0.6962  NMI=0.7708  ARI=0.6140  0.5s

=== P1E_S3_C2 train[0] k=5  dim=576  frames=232  σ=0.25  fold=3 ===
  SSC-Block-TV-Col21: k_hat=5  ACC=0.9267  NMI=0.8869  ARI=0.8135  0.4s

=== P1E_S3_C2 train[1] k=5  dim=576  frames=204  σ=0.25  fold=3 ===
  SSC-Block-TV-Col21: k_hat=5  ACC=0.9510  NMI=0.8884  ARI=0.8864  0.3s

=== P1E_S3_C2 train[2] k=5  dim=576  frames=280  σ=0.25  fold=3 ===
  SSC-Block-TV-Col21: k_hat=5  ACC=0.5821  NMI=0.6796  ARI=0.4478  0.6s

=== P1E_S3_C2 train[3] k=5  dim=576  frames=188  σ=0.25  fold=3 ===
  SSC-Block-TV-Col21: k_hat=5  ACC=0.9415  NMI=0.9057  ARI=0.8758  0.3s

=== P1E_S3_C3 train[0] k=5  dim=576  frames=170  σ=0.25  fold=3 ===
  SSC-Block-TV-Col21: k_hat=5  ACC=0.9765  NMI=0.9512  ARI=0.9345  0.3s

=== P1E_S3_C3 train[1] k=5  dim=576  frames=150  σ=0.25  fold=3 ===
  SSC-Block-TV-Col21: k_hat=5  ACC=0.9800  NMI=0.9512  ARI=0.9559  0.2s

=== P1E_S3_C3 train[2] k=5  dim=576  frames=211  σ=0.25  fold=3 ===
  SSC-Block-TV-Col21: k_hat=5  ACC=0.7393  NMI=0.8374  ARI=0.6914  0.4s

=== P1E_S3_C3 train[3] k=5  dim=576  frames=168  σ=0.25  fold=3 ===
  SSC-Block-TV-Col21: k_hat=5  ACC=0.9762  NMI=0.9448  ARI=0.9461  0.3s

=== P1E_S4_C1 train[0] k=5  dim=576  frames=231  σ=0.25  fold=3 ===
  SSC-Block-TV-Col21: k_hat=5  ACC=0.7792  NMI=0.8516  ARI=0.6803  0.5s

=== P1E_S4_C1 train[1] k=5  dim=576  frames=248  σ=0.25  fold=3 ===
  SSC-Block-TV-Col21: k_hat=5  ACC=0.9677  NMI=0.9336  ARI=0.9188  0.5s

=== P1E_S4_C1 train[2] k=5  dim=576  frames=303  σ=0.25  fold=3 ===
  SSC-Block-TV-Col21: k_hat=5  ACC=0.7360  NMI=0.8564  ARI=0.6881  0.7s

=== P1E_S4_C1 train[3] k=5  dim=576  frames=217  σ=0.25  fold=3 ===
  SSC-Block-TV-Col21: k_hat=5  ACC=0.7465  NMI=0.7866  ARI=0.6883  0.4s

=== P1E_S4_C2 train[0] k=5  dim=576  frames=201  σ=0.25  fold=3 ===
  SSC-Block-TV-Col21: k_hat=5  ACC=0.9751  NMI=0.9414  ARI=0.9381  0.4s

=== P1E_S4_C2 train[1] k=5  dim=576  frames=193  σ=0.25  fold=3 ===
  SSC-Block-TV-Col21: k_hat=5  ACC=0.9534  NMI=0.9160  ARI=0.9033  0.3s

=== P1E_S4_C2 train[2] k=5  dim=576  frames=236  σ=0.25  fold=3 ===
  SSC-Block-TV-Col21: k_hat=5  ACC=0.9958  NMI=0.9869  ARI=0.9887  0.4s

=== P1E_S4_C2 train[3] k=5  dim=576  frames=198  σ=0.25  fold=3 ===
  SSC-Block-TV-Col21: k_hat=5  ACC=0.8586  NMI=0.8694  ARI=0.7785  0.3s

=== P1E_S4_C3 train[0] k=5  dim=576  frames=132  σ=0.25  fold=3 ===
  SSC-Block-TV-Col21: k_hat=5  ACC=0.9318  NMI=0.8565  ARI=0.8424  0.2s

=== P1E_S4_C3 train[1] k=5  dim=576  frames=152  σ=0.25  fold=3 ===
  SSC-Block-TV-Col21: k_hat=5  ACC=0.9737  NMI=0.9376  ARI=0.9341  0.2s

=== P1E_S4_C3 train[2] k=5  dim=576  frames=147  σ=0.25  fold=3 ===
  SSC-Block-TV-Col21: k_hat=5  ACC=0.8503  NMI=0.8391  ARI=0.7511  0.2s

=== P1E_S4_C3 train[3] k=5  dim=576  frames=147  σ=0.25  fold=3 ===
  SSC-Block-TV-Col21: k_hat=5  ACC=0.7959  NMI=0.8532  ARI=0.7621  0.2s

=== P1L_S1_C1 train[0] k=5  dim=576  frames=289  σ=0.25  fold=3 ===
  SSC-Block-TV-Col21: k_hat=5  ACC=0.7543  NMI=0.8686  ARI=0.7291  0.7s

=== P1L_S1_C1 train[1] k=5  dim=576  frames=265  σ=0.25  fold=3 ===
  SSC-Block-TV-Col21: k_hat=5  ACC=1.0000  NMI=1.0000  ARI=1.0000  0.6s

=== P1L_S1_C1 train[2] k=5  dim=576  frames=313  σ=0.25  fold=3 ===
  SSC-Block-TV-Col21: k_hat=5  ACC=0.8307  NMI=0.8741  ARI=0.7477  0.7s

=== P1L_S1_C1 train[3] k=5  dim=576  frames=285  σ=0.25  fold=3 ===
  SSC-Block-TV-Col21: k_hat=5  ACC=0.7333  NMI=0.8070  ARI=0.6568  0.6s

=== P1L_S1_C2 train[0] k=5  dim=576  frames=286  σ=0.25  fold=3 ===
  SSC-Block-TV-Col21: k_hat=5  ACC=0.8497  NMI=0.8640  ARI=0.7141  0.6s

=== P1L_S1_C2 train[1] k=5  dim=576  frames=236  σ=0.25  fold=3 ===
  SSC-Block-TV-Col21: k_hat=5  ACC=0.8686  NMI=0.8733  ARI=0.7470  0.4s

=== P1L_S1_C2 train[2] k=5  dim=576  frames=257  σ=0.25  fold=3 ===
  SSC-Block-TV-Col21: k_hat=5  ACC=0.7626  NMI=0.7471  ARI=0.5770  0.5s

=== P1L_S1_C2 train[3] k=5  dim=576  frames=270  σ=0.25  fold=3 ===
  SSC-Block-TV-Col21: k_hat=5  ACC=0.6407  NMI=0.7270  ARI=0.4855  0.6s

=== P1L_S1_C3 train[0] k=5  dim=576  frames=108  σ=0.25  fold=3 ===
  SSC-Block-TV-Col21: k_hat=5  ACC=0.6389  NMI=0.7450  ARI=0.5147  0.1s

=== P1L_S1_C3 train[1] k=5  dim=576  frames=115  σ=0.25  fold=3 ===
  SSC-Block-TV-Col21: k_hat=5  ACC=0.7217  NMI=0.8534  ARI=0.6691  0.2s

=== P1L_S1_C3 train[2] k=5  dim=576  frames=117  σ=0.25  fold=3 ===
  SSC-Block-TV-Col21: k_hat=5  ACC=0.6923  NMI=0.7398  ARI=0.5026  0.2s

=== P1L_S1_C3 train[3] k=5  dim=576  frames=124  σ=0.25  fold=3 ===
  SSC-Block-TV-Col21: k_hat=5  ACC=0.9919  NMI=0.9784  ARI=0.9780  0.2s

=== P1L_S2_C1 train[0] k=5  dim=576  frames=348  σ=0.25  fold=3 ===
  SSC-Block-TV-Col21: k_hat=5  ACC=0.7385  NMI=0.7667  ARI=0.6031  0.9s

=== P1L_S2_C1 train[1] k=5  dim=576  frames=281  σ=0.25  fold=3 ===
  SSC-Block-TV-Col21: k_hat=5  ACC=0.9253  NMI=0.9021  ARI=0.8382  0.6s

=== P1L_S2_C1 train[2] k=5  dim=576  frames=301  σ=0.25  fold=3 ===
  SSC-Block-TV-Col21: k_hat=5  ACC=0.6512  NMI=0.7316  ARI=0.5138  0.7s

=== P1L_S2_C1 train[3] k=5  dim=576  frames=265  σ=0.25  fold=3 ===
  SSC-Block-TV-Col21: k_hat=5  ACC=0.7962  NMI=0.8736  ARI=0.7660  0.6s

=== P1L_S2_C2 train[0] k=5  dim=576  frames=300  σ=0.25  fold=3 ===
  SSC-Block-TV-Col21: k_hat=5  ACC=0.8067  NMI=0.7533  ARI=0.5532  0.7s

=== P1L_S2_C2 train[1] k=5  dim=576  frames=256  σ=0.25  fold=3 ===
  SSC-Block-TV-Col21: k_hat=5  ACC=1.0000  NMI=1.0000  ARI=1.0000  0.5s

=== P1L_S2_C2 train[2] k=5  dim=576  frames=314  σ=0.25  fold=3 ===
  SSC-Block-TV-Col21: k_hat=5  ACC=0.8025  NMI=0.7969  ARI=0.6664  0.7s

=== P1L_S2_C2 train[3] k=5  dim=576  frames=222  σ=0.25  fold=3 ===
  SSC-Block-TV-Col21: k_hat=5  ACC=1.0000  NMI=1.0000  ARI=1.0000  0.4s

=== P1L_S2_C3 train[0] k=5  dim=576  frames=191  σ=0.25  fold=3 ===
  SSC-Block-TV-Col21: k_hat=5  ACC=0.8429  NMI=0.8521  ARI=0.6838  0.3s

=== P1L_S2_C3 train[1] k=5  dim=576  frames=159  σ=0.25  fold=3 ===
  SSC-Block-TV-Col21: k_hat=5  ACC=0.9937  NMI=0.9825  ARI=0.9849  0.3s

=== P1L_S2_C3 train[2] k=5  dim=576  frames=193  σ=0.25  fold=3 ===
  SSC-Block-TV-Col21: k_hat=5  ACC=0.8964  NMI=0.8854  ARI=0.7821  0.3s

=== P1L_S2_C3 train[3] k=5  dim=576  frames=179  σ=0.25  fold=3 ===
  SSC-Block-TV-Col21: k_hat=5  ACC=0.9832  NMI=0.9647  ARI=0.9646  0.3s

=== P1L_S3_C1 train[0] k=5  dim=576  frames=246  σ=0.25  fold=3 ===
  SSC-Block-TV-Col21: k_hat=5  ACC=0.7967  NMI=0.8192  ARI=0.6565  0.5s

=== P1L_S3_C1 train[1] k=5  dim=576  frames=289  σ=0.25  fold=3 ===
  SSC-Block-TV-Col21: k_hat=5  ACC=0.9758  NMI=0.9412  ARI=0.9371  0.7s

=== P1L_S3_C1 train[2] k=5  dim=576  frames=241  σ=0.25  fold=3 ===
  SSC-Block-TV-Col21: k_hat=5  ACC=0.9419  NMI=0.8754  ARI=0.8648  0.5s

=== P1L_S3_C1 train[3] k=5  dim=576  frames=241  σ=0.25  fold=3 ===
  SSC-Block-TV-Col21: k_hat=5  ACC=0.9585  NMI=0.9219  ARI=0.8979  0.5s

=== P1L_S3_C2 train[0] k=5  dim=576  frames=262  σ=0.25  fold=3 ===
  SSC-Block-TV-Col21: k_hat=5  ACC=0.9313  NMI=0.8802  ARI=0.8417  0.5s

=== P1L_S3_C2 train[1] k=5  dim=576  frames=287  σ=0.25  fold=3 ===
  SSC-Block-TV-Col21: k_hat=5  ACC=1.0000  NMI=1.0000  ARI=1.0000  0.7s

=== P1L_S3_C2 train[2] k=5  dim=576  frames=304  σ=0.25  fold=3 ===
  SSC-Block-TV-Col21: k_hat=5  ACC=0.5164  NMI=0.6536  ARI=0.4132  0.7s

=== P1L_S3_C2 train[3] k=5  dim=576  frames=290  σ=0.25  fold=3 ===
  SSC-Block-TV-Col21: k_hat=5  ACC=0.6828  NMI=0.8326  ARI=0.6475  0.6s

=== P1L_S3_C3 train[0] k=5  dim=576  frames=231  σ=0.25  fold=3 ===
  SSC-Block-TV-Col21: k_hat=5  ACC=0.9351  NMI=0.9018  ARI=0.8265  0.5s

=== P1L_S3_C3 train[1] k=5  dim=576  frames=210  σ=0.25  fold=3 ===
  SSC-Block-TV-Col21: k_hat=5  ACC=0.9667  NMI=0.9399  ARI=0.9150  0.4s

=== P1L_S3_C3 train[2] k=5  dim=576  frames=225  σ=0.25  fold=3 ===
  SSC-Block-TV-Col21: k_hat=5  ACC=0.8044  NMI=0.7826  ARI=0.6197  0.4s

=== P1L_S3_C3 train[3] k=5  dim=576  frames=229  σ=0.25  fold=3 ===
  SSC-Block-TV-Col21: k_hat=5  ACC=0.9782  NMI=0.9415  ARI=0.9492  0.4s

=== P1L_S4_C1 train[0] k=5  dim=576  frames=313  σ=0.25  fold=3 ===
  SSC-Block-TV-Col21: k_hat=5  ACC=0.7827  NMI=0.8364  ARI=0.7516  0.7s

=== P1L_S4_C1 train[1] k=5  dim=576  frames=255  σ=0.25  fold=3 ===
  SSC-Block-TV-Col21: k_hat=5  ACC=0.9882  NMI=0.9698  ARI=0.9652  0.5s

=== P1L_S4_C1 train[2] k=5  dim=576  frames=253  σ=0.25  fold=3 ===
  SSC-Block-TV-Col21: k_hat=5  ACC=0.9644  NMI=0.9363  ARI=0.9079  0.5s

=== P1L_S4_C1 train[3] k=5  dim=576  frames=344  σ=0.25  fold=3 ===
  SSC-Block-TV-Col21: k_hat=5  ACC=1.0000  NMI=1.0000  ARI=1.0000  0.8s

=== P1L_S4_C2 train[0] k=5  dim=576  frames=267  σ=0.25  fold=3 ===
  SSC-Block-TV-Col21: k_hat=5  ACC=0.8390  NMI=0.8115  ARI=0.6676  0.6s

=== P1L_S4_C2 train[1] k=5  dim=576  frames=257  σ=0.25  fold=3 ===
  SSC-Block-TV-Col21: k_hat=5  ACC=1.0000  NMI=1.0000  ARI=1.0000  0.5s

=== P1L_S4_C2 train[2] k=5  dim=576  frames=279  σ=0.25  fold=3 ===
  SSC-Block-TV-Col21: k_hat=5  ACC=0.9391  NMI=0.8850  ARI=0.8730  0.6s

=== P1L_S4_C2 train[3] k=5  dim=576  frames=266  σ=0.25  fold=3 ===
  SSC-Block-TV-Col21: k_hat=5  ACC=0.7180  NMI=0.8328  ARI=0.6680  0.5s

=== P1L_S4_C3 train[0] k=5  dim=576  frames=180  σ=0.25  fold=3 ===
  SSC-Block-TV-Col21: k_hat=5  ACC=0.8333  NMI=0.8662  ARI=0.7223  0.3s

=== P1L_S4_C3 train[1] k=5  dim=576  frames=158  σ=0.25  fold=3 ===
  SSC-Block-TV-Col21: k_hat=5  ACC=1.0000  NMI=1.0000  ARI=1.0000  0.3s

=== P1L_S4_C3 train[2] k=5  dim=576  frames=188  σ=0.25  fold=3 ===
  SSC-Block-TV-Col21: k_hat=5  ACC=0.6117  NMI=0.6912  ARI=0.4855  0.3s

=== P1L_S4_C3 train[3] k=5  dim=576  frames=185  σ=0.25  fold=3 ===
  SSC-Block-TV-Col21: k_hat=5  ACC=0.9838  NMI=0.9652  ARI=0.9630  0.3s

=== P1E_S1_C1 test[0] k=5  dim=576  frames=242  σ=0.25  fold=3 ===
  SSC-Block-TV-Col21: k_hat=5  ACC=0.6818  NMI=0.7488  ARI=0.5821  0.5s

=== P1E_S1_C2 test[0] k=5  dim=576  frames=199  σ=0.25  fold=3 ===
  SSC-Block-TV-Col21: k_hat=5  ACC=0.7035  NMI=0.8020  ARI=0.6631  0.4s

=== P1E_S1_C3 test[0] k=5  dim=576  frames=87  σ=0.25  fold=3 ===
  SSC-Block-TV-Col21: k_hat=5  ACC=0.9770  NMI=0.9559  ARI=0.9488  0.1s

=== P1E_S2_C1 test[0] k=5  dim=576  frames=232  σ=0.25  fold=3 ===
  SSC-Block-TV-Col21: k_hat=5  ACC=0.5259  NMI=0.7312  ARI=0.5274  0.4s

=== P1E_S2_C2 test[0] k=5  dim=576  frames=192  σ=0.25  fold=3 ===
  SSC-Block-TV-Col21: k_hat=5  ACC=0.7448  NMI=0.7850  ARI=0.6332  0.3s

=== P1E_S2_C3 test[0] k=5  dim=576  frames=160  σ=0.25  fold=3 ===
  SSC-Block-TV-Col21: k_hat=5  ACC=0.8438  NMI=0.8598  ARI=0.7907  0.2s

=== P1E_S3_C1 test[0] k=5  dim=576  frames=250  σ=0.25  fold=3 ===
  SSC-Block-TV-Col21: k_hat=5  ACC=0.5320  NMI=0.6495  ARI=0.4241  0.5s

=== P1E_S3_C2 test[0] k=5  dim=576  frames=222  σ=0.25  fold=3 ===
  SSC-Block-TV-Col21: k_hat=5  ACC=0.5856  NMI=0.7249  ARI=0.4934  0.4s

=== P1E_S3_C3 test[0] k=5  dim=576  frames=167  σ=0.25  fold=3 ===
  SSC-Block-TV-Col21: k_hat=5  ACC=0.8862  NMI=0.8414  ARI=0.7730  0.3s

=== P1E_S4_C1 test[0] k=5  dim=576  frames=248  σ=0.25  fold=3 ===
  SSC-Block-TV-Col21: k_hat=5  ACC=0.6532  NMI=0.7429  ARI=0.5521  0.5s

=== P1E_S4_C2 test[0] k=5  dim=576  frames=223  σ=0.25  fold=3 ===
  SSC-Block-TV-Col21: k_hat=5  ACC=0.7085  NMI=0.8554  ARI=0.6839  0.4s

=== P1E_S4_C3 test[0] k=5  dim=576  frames=141  σ=0.25  fold=3 ===
  SSC-Block-TV-Col21: k_hat=5  ACC=0.9716  NMI=0.9451  ARI=0.9234  0.2s

=== P1L_S1_C1 test[0] k=5  dim=576  frames=239  σ=0.25  fold=3 ===
  SSC-Block-TV-Col21: k_hat=5  ACC=0.9079  NMI=0.9138  ARI=0.8817  0.5s

=== P1L_S1_C2 test[0] k=5  dim=576  frames=260  σ=0.25  fold=3 ===
  SSC-Block-TV-Col21: k_hat=5  ACC=0.6115  NMI=0.7587  ARI=0.5687  0.5s

=== P1L_S1_C3 test[0] k=5  dim=576  frames=101  σ=0.25  fold=3 ===
  SSC-Block-TV-Col21: k_hat=5  ACC=0.7426  NMI=0.7803  ARI=0.6193  0.1s

=== P1L_S2_C1 test[0] k=5  dim=576  frames=275  σ=0.25  fold=3 ===
  SSC-Block-TV-Col21: k_hat=5  ACC=0.9018  NMI=0.9077  ARI=0.8561  0.6s

=== P1L_S2_C2 test[0] k=5  dim=576  frames=301  σ=0.25  fold=3 ===
  SSC-Block-TV-Col21: k_hat=5  ACC=0.7243  NMI=0.8444  ARI=0.6975  0.7s

=== P1L_S2_C3 test[0] k=5  dim=576  frames=175  σ=0.25  fold=3 ===
  SSC-Block-TV-Col21: k_hat=5  ACC=0.8229  NMI=0.8073  ARI=0.6798  0.3s

=== P1L_S3_C1 test[0] k=5  dim=576  frames=312  σ=0.25  fold=3 ===
  SSC-Block-TV-Col21: k_hat=5  ACC=0.7692  NMI=0.7853  ARI=0.6214  0.7s

=== P1L_S3_C2 test[0] k=5  dim=576  frames=329  σ=0.25  fold=3 ===
  SSC-Block-TV-Col21: k_hat=5  ACC=0.6413  NMI=0.7580  ARI=0.5708  0.8s

=== P1L_S3_C3 test[0] k=5  dim=576  frames=210  σ=0.25  fold=3 ===
  SSC-Block-TV-Col21: k_hat=5  ACC=0.8048  NMI=0.7851  ARI=0.6376  0.4s

=== P1L_S4_C1 test[0] k=5  dim=576  frames=278  σ=0.25  fold=3 ===
  SSC-Block-TV-Col21: k_hat=5  ACC=0.7806  NMI=0.8555  ARI=0.7294  0.6s

=== P1L_S4_C2 test[0] k=5  dim=576  frames=258  σ=0.25  fold=3 ===
  SSC-Block-TV-Col21: k_hat=5  ACC=0.7054  NMI=0.8554  ARI=0.6864  0.5s

=== P1L_S4_C3 test[0] k=5  dim=576  frames=169  σ=0.25  fold=3 ===
  SSC-Block-TV-Col21: k_hat=5  ACC=0.6805  NMI=0.6694  ARI=0.4642  0.3s

============================================================
σ=0.25 fold=4  test=['0003', '0012', '0017', '0018', '0020']  train mats=96  test mats=24
  --- tune SSC-Block-TV-Col21 over 96 train mats  n_trials=40 (4 params) ---
  SSC-Block-TV-Col21 trial 0: mean ARI=0.4925  n=96  42.8s  lambda_e=1, lambda_z=0.1, gamma_q=0.1, block_size=5
  SSC-Block-TV-Col21 trial 1: mean ARI=0.4358  n=96  42.2s  lambda_e=0.443, lambda_z=0.7257, gamma_q=0.2577, block_size=7
  SSC-Block-TV-Col21 trial 2: mean ARI=0.5248  n=96  41.9s  lambda_e=0.1866, lambda_z=0.3833, gamma_q=0.05628, block_size=11
  SSC-Block-TV-Col21 trial 3: mean ARI=0.4322  n=96  42.1s  lambda_e=7.78, lambda_z=0.03418, gamma_q=1.469, block_size=7
  SSC-Block-TV-Col21 trial 4: mean ARI=0.5725  n=96  44.8s  lambda_e=0.506, lambda_z=5.039, gamma_q=0.001924, block_size=2
  SSC-Block-TV-Col21 trial 5: mean ARI=0.3841  n=96  41.9s  lambda_e=0.0115, lambda_z=2.14, gamma_q=1.296, block_size=11
  SSC-Block-TV-Col21 trial 6: mean ARI=0.4585  n=96  41.8s  lambda_e=8.627, lambda_z=1.573, gamma_q=0.07013, block_size=10
  SSC-Block-TV-Col21 trial 7: mean ARI=0.6577  n=96  41.9s  lambda_e=0.02264, lambda_z=0.3628, gamma_q=0.003745, block_size=12
  SSC-Block-TV-Col21 trial 8: mean ARI=0.6643  n=96  41.8s  lambda_e=0.3677, lambda_z=0.04557, gamma_q=0.01143, block_size=10
  SSC-Block-TV-Col21 trial 9: mean ARI=0.5970  n=96  41.7s  lambda_e=0.2336, lambda_z=0.1878, gamma_q=0.001189, block_size=8
  SSC-Block-TV-Col21 trial 10: mean ARI=0.4855  n=96  44.3s  lambda_e=0.0543, lambda_z=0.001491, gamma_q=6.473, block_size=2
  SSC-Block-TV-Col21 trial 11: mean ARI=0.6390  n=96  41.3s  lambda_e=0.01211, lambda_z=0.01492, gamma_q=0.01117, block_size=12
  SSC-Block-TV-Col21 trial 12: mean ARI=0.6726  n=96  41.5s  lambda_e=0.05731, lambda_z=0.01131, gamma_q=0.007917, block_size=9
  SSC-Block-TV-Col21 trial 13: mean ARI=0.5110  n=96  41.5s  lambda_e=0.07177, lambda_z=0.004714, gamma_q=0.01396, block_size=9
  SSC-Block-TV-Col21 trial 14: mean ARI=0.7067  n=96  42.1s  lambda_e=2.421, lambda_z=0.02548, gamma_q=0.01064, block_size=5
  SSC-Block-TV-Col21 trial 15: mean ARI=0.7146  n=96  42.4s  lambda_e=2.404, lambda_z=0.008194, gamma_q=0.00518, block_size=4
  SSC-Block-TV-Col21 trial 16: mean ARI=0.4802  n=96  42.5s  lambda_e=2.735, lambda_z=0.001067, gamma_q=0.03828, block_size=4
  SSC-Block-TV-Col21 trial 17: mean ARI=0.6928  n=96  42.6s  lambda_e=2.27, lambda_z=0.004288, gamma_q=0.003898, block_size=4
  SSC-Block-TV-Col21 trial 18: mean ARI=0.5694  n=96  42.5s  lambda_e=2.414, lambda_z=0.02044, gamma_q=0.02783, block_size=5
  SSC-Block-TV-Col21 trial 19: mean ARI=0.4700  n=96  42.3s  lambda_e=1.385, lambda_z=0.004347, gamma_q=0.2784, block_size=6
  SSC-Block-TV-Col21 trial 20: mean ARI=0.6878  n=96  43.5s  lambda_e=4.099, lambda_z=0.07692, gamma_q=0.003455, block_size=3
  SSC-Block-TV-Col21 trial 21: mean ARI=0.7104  n=96  42.9s  lambda_e=0.9921, lambda_z=0.007241, gamma_q=0.004749, block_size=4
  SSC-Block-TV-Col21 trial 22: mean ARI=0.7477  n=96  43.0s  lambda_e=0.7484, lambda_z=0.007954, gamma_q=0.001029, block_size=4
  SSC-Block-TV-Col21 trial 23: mean ARI=0.7560  n=96  43.6s  lambda_e=0.7564, lambda_z=0.007666, gamma_q=0.001077, block_size=3
  SSC-Block-TV-Col21 trial 24: mean ARI=0.6897  n=96  43.7s  lambda_e=0.7423, lambda_z=0.002183, gamma_q=0.001194, block_size=3
  SSC-Block-TV-Col21 trial 25: mean ARI=0.6748  n=96  43.7s  lambda_e=0.1601, lambda_z=0.002501, gamma_q=0.002201, block_size=3
  SSC-Block-TV-Col21 trial 26: mean ARI=0.7523  n=96  42.4s  lambda_e=1.489, lambda_z=0.007382, gamma_q=0.001033, block_size=6
  SSC-Block-TV-Col21 trial 27: mean ARI=0.6888  n=96  42.4s  lambda_e=1.346, lambda_z=0.05386, gamma_q=0.001226, block_size=6
  SSC-Block-TV-Col21 trial 28: mean ARI=0.7158  n=96  42.4s  lambda_e=0.2709, lambda_z=0.002781, gamma_q=0.001041, block_size=6
  SSC-Block-TV-Col21 trial 29: mean ARI=0.7425  n=96  42.7s  lambda_e=0.6506, lambda_z=0.01501, gamma_q=0.002285, block_size=5
  SSC-Block-TV-Col21 trial 30: mean ARI=0.7350  n=96  42.3s  lambda_e=1.123, lambda_z=0.008423, gamma_q=0.002401, block_size=7
  SSC-Block-TV-Col21 trial 31: mean ARI=0.7380  n=96  42.7s  lambda_e=0.6846, lambda_z=0.02089, gamma_q=0.001935, block_size=5
  SSC-Block-TV-Col21 trial 32: mean ARI=0.6373  n=96  42.7s  lambda_e=0.636, lambda_z=0.1354, gamma_q=0.002127, block_size=5
  SSC-Block-TV-Col21 trial 33: mean ARI=0.7240  n=96  43.6s  lambda_e=0.3541, lambda_z=0.01204, gamma_q=0.006714, block_size=3
  SSC-Block-TV-Col21 trial 34: mean ARI=0.7392  n=96  42.2s  lambda_e=0.1188, lambda_z=0.00428, gamma_q=0.001056, block_size=7
  SSC-Block-TV-Col21 trial 35: mean ARI=0.7424  n=96  44.7s  lambda_e=5.151, lambda_z=0.03646, gamma_q=0.003076, block_size=2
  SSC-Block-TV-Col21 trial 36: mean ARI=0.7408  n=96  42.5s  lambda_e=1.659, lambda_z=0.006444, gamma_q=0.001758, block_size=6
  SSC-Block-TV-Col21 trial 37: mean ARI=0.6203  n=96  43.1s  lambda_e=0.4797, lambda_z=0.01485, gamma_q=0.0216, block_size=4
  SSC-Block-TV-Col21 trial 38: mean ARI=0.6804  n=96  42.8s  lambda_e=0.8962, lambda_z=0.07605, gamma_q=0.006096, block_size=5
  SSC-Block-TV-Col21 trial 39: mean ARI=0.7130  n=96  42.1s  lambda_e=4.15, lambda_z=0.0283, gamma_q=0.001693, block_size=8
    best mean ARI=0.7560  tune 1705.2s  lambda_e=0.7564, lambda_z=0.007666, gamma_q=0.001077, block_size=3
  wrote /nfs/turbo/umms-minjilab/lpullela/icassp_ssc_tv2/block_ssc_benchmark/cv/params/surveillance/split_k5_sigmas_min30_trials20_params_knownk_cv_ssc_block_tv_col21_k5_sigma0p25_sigma0.25_fold4.json

=== P1E_S1_C1 train[0] k=5  dim=576  frames=249  σ=0.25  fold=4 ===
  SSC-Block-TV-Col21: k_hat=5  ACC=0.7349  NMI=0.8305  ARI=0.6632  0.5s

=== P1E_S1_C1 train[1] k=5  dim=576  frames=212  σ=0.25  fold=4 ===
  SSC-Block-TV-Col21: k_hat=5  ACC=0.9953  NMI=0.9861  ARI=0.9888  0.4s

=== P1E_S1_C1 train[2] k=5  dim=576  frames=265  σ=0.25  fold=4 ===
  SSC-Block-TV-Col21: k_hat=5  ACC=0.4943  NMI=0.6913  ARI=0.3996  0.6s

=== P1E_S1_C1 train[3] k=5  dim=576  frames=242  σ=0.25  fold=4 ===
  SSC-Block-TV-Col21: k_hat=5  ACC=0.6818  NMI=0.7488  ARI=0.5821  0.5s

=== P1E_S1_C2 train[0] k=5  dim=576  frames=231  σ=0.25  fold=4 ===
  SSC-Block-TV-Col21: k_hat=5  ACC=0.9957  NMI=0.9874  ARI=0.9912  0.5s

=== P1E_S1_C2 train[1] k=5  dim=576  frames=188  σ=0.25  fold=4 ===
  SSC-Block-TV-Col21: k_hat=5  ACC=1.0000  NMI=1.0000  ARI=1.0000  0.3s

=== P1E_S1_C2 train[2] k=5  dim=576  frames=198  σ=0.25  fold=4 ===
  SSC-Block-TV-Col21: k_hat=5  ACC=0.9394  NMI=0.9200  ARI=0.8842  0.3s

=== P1E_S1_C2 train[3] k=5  dim=576  frames=199  σ=0.25  fold=4 ===
  SSC-Block-TV-Col21: k_hat=5  ACC=0.7035  NMI=0.8020  ARI=0.6631  0.4s

=== P1E_S1_C3 train[0] k=5  dim=576  frames=98  σ=0.25  fold=4 ===
  SSC-Block-TV-Col21: k_hat=5  ACC=0.8265  NMI=0.8582  ARI=0.7924  0.1s

=== P1E_S1_C3 train[1] k=5  dim=576  frames=93  σ=0.25  fold=4 ===
  SSC-Block-TV-Col21: k_hat=5  ACC=0.9785  NMI=0.9546  ARI=0.9423  0.1s

=== P1E_S1_C3 train[2] k=5  dim=576  frames=68  σ=0.25  fold=4 ===
  SSC-Block-TV-Col21: k_hat=5  ACC=0.5882  NMI=0.5877  ARI=0.3739  0.1s

=== P1E_S1_C3 train[3] k=5  dim=576  frames=87  σ=0.25  fold=4 ===
  SSC-Block-TV-Col21: k_hat=5  ACC=0.9770  NMI=0.9559  ARI=0.9488  0.1s

=== P1E_S2_C1 train[0] k=5  dim=576  frames=268  σ=0.25  fold=4 ===
  SSC-Block-TV-Col21: k_hat=5  ACC=0.8582  NMI=0.7736  ARI=0.6915  0.6s

=== P1E_S2_C1 train[1] k=5  dim=576  frames=250  σ=0.25  fold=4 ===
  SSC-Block-TV-Col21: k_hat=5  ACC=0.9960  NMI=0.9879  ARI=0.9907  0.5s

=== P1E_S2_C1 train[2] k=5  dim=576  frames=265  σ=0.25  fold=4 ===
  SSC-Block-TV-Col21: k_hat=5  ACC=0.5170  NMI=0.6927  ARI=0.4283  0.6s

=== P1E_S2_C1 train[3] k=5  dim=576  frames=232  σ=0.25  fold=4 ===
  SSC-Block-TV-Col21: k_hat=5  ACC=0.5259  NMI=0.7312  ARI=0.5274  0.4s

=== P1E_S2_C2 train[0] k=5  dim=576  frames=223  σ=0.25  fold=4 ===
  SSC-Block-TV-Col21: k_hat=5  ACC=0.9552  NMI=0.9125  ARI=0.8961  0.4s

=== P1E_S2_C2 train[1] k=5  dim=576  frames=196  σ=0.25  fold=4 ===
  SSC-Block-TV-Col21: k_hat=5  ACC=0.9847  NMI=0.9598  ARI=0.9622  0.3s

=== P1E_S2_C2 train[2] k=5  dim=576  frames=219  σ=0.25  fold=4 ===
  SSC-Block-TV-Col21: k_hat=5  ACC=0.9589  NMI=0.9196  ARI=0.9019  0.4s

=== P1E_S2_C2 train[3] k=5  dim=576  frames=192  σ=0.25  fold=4 ===
  SSC-Block-TV-Col21: k_hat=5  ACC=0.7500  NMI=0.7886  ARI=0.6410  0.3s

=== P1E_S2_C3 train[0] k=5  dim=576  frames=173  σ=0.25  fold=4 ===
  SSC-Block-TV-Col21: k_hat=5  ACC=0.9884  NMI=0.9711  ARI=0.9686  0.3s

=== P1E_S2_C3 train[1] k=5  dim=576  frames=156  σ=0.25  fold=4 ===
  SSC-Block-TV-Col21: k_hat=5  ACC=1.0000  NMI=1.0000  ARI=1.0000  0.2s

=== P1E_S2_C3 train[2] k=5  dim=576  frames=173  σ=0.25  fold=4 ===
  SSC-Block-TV-Col21: k_hat=5  ACC=0.9075  NMI=0.8474  ARI=0.7895  0.3s

=== P1E_S2_C3 train[3] k=5  dim=576  frames=160  σ=0.25  fold=4 ===
  SSC-Block-TV-Col21: k_hat=5  ACC=0.8438  NMI=0.8598  ARI=0.7907  0.2s

=== P1E_S3_C1 train[0] k=5  dim=576  frames=258  σ=0.25  fold=4 ===
  SSC-Block-TV-Col21: k_hat=5  ACC=0.6550  NMI=0.7605  ARI=0.5778  0.5s

=== P1E_S3_C1 train[1] k=5  dim=576  frames=237  σ=0.25  fold=4 ===
  SSC-Block-TV-Col21: k_hat=5  ACC=0.8692  NMI=0.8733  ARI=0.7446  0.5s

=== P1E_S3_C1 train[2] k=5  dim=576  frames=273  σ=0.25  fold=4 ===
  SSC-Block-TV-Col21: k_hat=5  ACC=0.5275  NMI=0.6633  ARI=0.3724  0.6s

=== P1E_S3_C1 train[3] k=5  dim=576  frames=250  σ=0.25  fold=4 ===
  SSC-Block-TV-Col21: k_hat=5  ACC=0.5360  NMI=0.6500  ARI=0.4241  0.5s

=== P1E_S3_C2 train[0] k=5  dim=576  frames=232  σ=0.25  fold=4 ===
  SSC-Block-TV-Col21: k_hat=5  ACC=0.9310  NMI=0.9004  ARI=0.8248  0.4s

=== P1E_S3_C2 train[1] k=5  dim=576  frames=204  σ=0.25  fold=4 ===
  SSC-Block-TV-Col21: k_hat=5  ACC=0.9510  NMI=0.8884  ARI=0.8864  0.4s

=== P1E_S3_C2 train[2] k=5  dim=576  frames=280  σ=0.25  fold=4 ===
  SSC-Block-TV-Col21: k_hat=5  ACC=0.5821  NMI=0.6786  ARI=0.4461  0.6s

=== P1E_S3_C2 train[3] k=5  dim=576  frames=222  σ=0.25  fold=4 ===
  SSC-Block-TV-Col21: k_hat=5  ACC=0.5946  NMI=0.7260  ARI=0.4938  0.4s

=== P1E_S3_C3 train[0] k=5  dim=576  frames=170  σ=0.25  fold=4 ===
  SSC-Block-TV-Col21: k_hat=5  ACC=1.0000  NMI=1.0000  ARI=1.0000  0.3s

=== P1E_S3_C3 train[1] k=5  dim=576  frames=150  σ=0.25  fold=4 ===
  SSC-Block-TV-Col21: k_hat=5  ACC=0.9933  NMI=0.9815  ARI=0.9835  0.2s

=== P1E_S3_C3 train[2] k=5  dim=576  frames=211  σ=0.25  fold=4 ===
  SSC-Block-TV-Col21: k_hat=5  ACC=0.7393  NMI=0.8374  ARI=0.6914  0.4s

=== P1E_S3_C3 train[3] k=5  dim=576  frames=167  σ=0.25  fold=4 ===
  SSC-Block-TV-Col21: k_hat=5  ACC=0.9222  NMI=0.8918  ARI=0.8661  0.3s

=== P1E_S4_C1 train[0] k=5  dim=576  frames=231  σ=0.25  fold=4 ===
  SSC-Block-TV-Col21: k_hat=5  ACC=0.7792  NMI=0.8516  ARI=0.6803  0.5s

=== P1E_S4_C1 train[1] k=5  dim=576  frames=248  σ=0.25  fold=4 ===
  SSC-Block-TV-Col21: k_hat=5  ACC=0.9718  NMI=0.9462  ARI=0.9294  0.5s

=== P1E_S4_C1 train[2] k=5  dim=576  frames=303  σ=0.25  fold=4 ===
  SSC-Block-TV-Col21: k_hat=5  ACC=0.7360  NMI=0.8564  ARI=0.6881  0.7s

=== P1E_S4_C1 train[3] k=5  dim=576  frames=248  σ=0.25  fold=4 ===
  SSC-Block-TV-Col21: k_hat=5  ACC=0.6532  NMI=0.7429  ARI=0.5521  0.5s

=== P1E_S4_C2 train[0] k=5  dim=576  frames=201  σ=0.25  fold=4 ===
  SSC-Block-TV-Col21: k_hat=5  ACC=0.9751  NMI=0.9414  ARI=0.9381  0.4s

=== P1E_S4_C2 train[1] k=5  dim=576  frames=193  σ=0.25  fold=4 ===
  SSC-Block-TV-Col21: k_hat=5  ACC=0.9534  NMI=0.9160  ARI=0.9033  0.3s

=== P1E_S4_C2 train[2] k=5  dim=576  frames=236  σ=0.25  fold=4 ===
  SSC-Block-TV-Col21: k_hat=5  ACC=0.9958  NMI=0.9869  ARI=0.9887  0.5s

=== P1E_S4_C2 train[3] k=5  dim=576  frames=223  σ=0.25  fold=4 ===
  SSC-Block-TV-Col21: k_hat=5  ACC=0.6951  NMI=0.8543  ARI=0.6811  0.4s

=== P1E_S4_C3 train[0] k=5  dim=576  frames=132  σ=0.25  fold=4 ===
  SSC-Block-TV-Col21: k_hat=5  ACC=0.9318  NMI=0.8565  ARI=0.8424  0.2s

=== P1E_S4_C3 train[1] k=5  dim=576  frames=152  σ=0.25  fold=4 ===
  SSC-Block-TV-Col21: k_hat=5  ACC=0.9737  NMI=0.9376  ARI=0.9341  0.2s

=== P1E_S4_C3 train[2] k=5  dim=576  frames=147  σ=0.25  fold=4 ===
  SSC-Block-TV-Col21: k_hat=5  ACC=0.8299  NMI=0.7975  ARI=0.7070  0.2s

=== P1E_S4_C3 train[3] k=5  dim=576  frames=141  σ=0.25  fold=4 ===
  SSC-Block-TV-Col21: k_hat=5  ACC=0.9716  NMI=0.9451  ARI=0.9234  0.2s

=== P1L_S1_C1 train[0] k=5  dim=576  frames=289  σ=0.25  fold=4 ===
  SSC-Block-TV-Col21: k_hat=5  ACC=0.7543  NMI=0.8686  ARI=0.7291  0.7s

=== P1L_S1_C1 train[1] k=5  dim=576  frames=265  σ=0.25  fold=4 ===
  SSC-Block-TV-Col21: k_hat=5  ACC=1.0000  NMI=1.0000  ARI=1.0000  0.6s

=== P1L_S1_C1 train[2] k=5  dim=576  frames=313  σ=0.25  fold=4 ===
  SSC-Block-TV-Col21: k_hat=5  ACC=0.8307  NMI=0.8741  ARI=0.7477  0.8s

=== P1L_S1_C1 train[3] k=5  dim=576  frames=239  σ=0.25  fold=4 ===
  SSC-Block-TV-Col21: k_hat=5  ACC=0.9121  NMI=0.9150  ARI=0.8846  0.5s

=== P1L_S1_C2 train[0] k=5  dim=576  frames=286  σ=0.25  fold=4 ===
  SSC-Block-TV-Col21: k_hat=5  ACC=0.8497  NMI=0.8640  ARI=0.7141  0.6s

=== P1L_S1_C2 train[1] k=5  dim=576  frames=236  σ=0.25  fold=4 ===
  SSC-Block-TV-Col21: k_hat=5  ACC=0.8686  NMI=0.8733  ARI=0.7470  0.5s

=== P1L_S1_C2 train[2] k=5  dim=576  frames=257  σ=0.25  fold=4 ===
  SSC-Block-TV-Col21: k_hat=5  ACC=0.7665  NMI=0.7493  ARI=0.5817  0.6s

=== P1L_S1_C2 train[3] k=5  dim=576  frames=260  σ=0.25  fold=4 ===
  SSC-Block-TV-Col21: k_hat=5  ACC=0.6115  NMI=0.7587  ARI=0.5687  0.5s

=== P1L_S1_C3 train[0] k=5  dim=576  frames=108  σ=0.25  fold=4 ===
  SSC-Block-TV-Col21: k_hat=5  ACC=0.6389  NMI=0.7387  ARI=0.5007  0.1s

=== P1L_S1_C3 train[1] k=5  dim=576  frames=115  σ=0.25  fold=4 ===
  SSC-Block-TV-Col21: k_hat=5  ACC=0.7304  NMI=0.8548  ARI=0.6715  0.2s

=== P1L_S1_C3 train[2] k=5  dim=576  frames=117  σ=0.25  fold=4 ===
  SSC-Block-TV-Col21: k_hat=5  ACC=0.6838  NMI=0.7201  ARI=0.4944  0.2s

=== P1L_S1_C3 train[3] k=5  dim=576  frames=101  σ=0.25  fold=4 ===
  SSC-Block-TV-Col21: k_hat=5  ACC=0.8020  NMI=0.7928  ARI=0.6476  0.1s

=== P1L_S2_C1 train[0] k=5  dim=576  frames=348  σ=0.25  fold=4 ===
  SSC-Block-TV-Col21: k_hat=5  ACC=0.7385  NMI=0.7667  ARI=0.6031  0.9s

=== P1L_S2_C1 train[1] k=5  dim=576  frames=281  σ=0.25  fold=4 ===
  SSC-Block-TV-Col21: k_hat=5  ACC=0.9253  NMI=0.9021  ARI=0.8382  0.6s

=== P1L_S2_C1 train[2] k=5  dim=576  frames=301  σ=0.25  fold=4 ===
  SSC-Block-TV-Col21: k_hat=5  ACC=0.6545  NMI=0.7322  ARI=0.5154  0.7s

=== P1L_S2_C1 train[3] k=5  dim=576  frames=275  σ=0.25  fold=4 ===
  SSC-Block-TV-Col21: k_hat=5  ACC=0.9018  NMI=0.9077  ARI=0.8561  0.6s

=== P1L_S2_C2 train[0] k=5  dim=576  frames=300  σ=0.25  fold=4 ===
  SSC-Block-TV-Col21: k_hat=5  ACC=0.8100  NMI=0.7568  ARI=0.5601  0.7s

=== P1L_S2_C2 train[1] k=5  dim=576  frames=256  σ=0.25  fold=4 ===
  SSC-Block-TV-Col21: k_hat=5  ACC=1.0000  NMI=1.0000  ARI=1.0000  0.6s

=== P1L_S2_C2 train[2] k=5  dim=576  frames=314  σ=0.25  fold=4 ===
  SSC-Block-TV-Col21: k_hat=5  ACC=0.9427  NMI=0.9150  ARI=0.8592  0.7s

=== P1L_S2_C2 train[3] k=5  dim=576  frames=301  σ=0.25  fold=4 ===
  SSC-Block-TV-Col21: k_hat=5  ACC=0.7243  NMI=0.8444  ARI=0.6975  0.7s

=== P1L_S2_C3 train[0] k=5  dim=576  frames=191  σ=0.25  fold=4 ===
  SSC-Block-TV-Col21: k_hat=5  ACC=0.8429  NMI=0.8521  ARI=0.6838  0.3s

=== P1L_S2_C3 train[1] k=5  dim=576  frames=159  σ=0.25  fold=4 ===
  SSC-Block-TV-Col21: k_hat=5  ACC=0.9874  NMI=0.9706  ARI=0.9704  0.3s

=== P1L_S2_C3 train[2] k=5  dim=576  frames=193  σ=0.25  fold=4 ===
  SSC-Block-TV-Col21: k_hat=5  ACC=0.8860  NMI=0.8808  ARI=0.7689  0.3s

=== P1L_S2_C3 train[3] k=5  dim=576  frames=175  σ=0.25  fold=4 ===
  SSC-Block-TV-Col21: k_hat=5  ACC=0.8229  NMI=0.8073  ARI=0.6798  0.3s

=== P1L_S3_C1 train[0] k=5  dim=576  frames=246  σ=0.25  fold=4 ===
  SSC-Block-TV-Col21: k_hat=5  ACC=0.8089  NMI=0.8389  ARI=0.6692  0.5s

=== P1L_S3_C1 train[1] k=5  dim=576  frames=289  σ=0.25  fold=4 ===
  SSC-Block-TV-Col21: k_hat=5  ACC=0.9758  NMI=0.9412  ARI=0.9371  0.7s

=== P1L_S3_C1 train[2] k=5  dim=576  frames=241  σ=0.25  fold=4 ===
  SSC-Block-TV-Col21: k_hat=5  ACC=0.9336  NMI=0.8577  ARI=0.8446  0.5s

=== P1L_S3_C1 train[3] k=5  dim=576  frames=312  σ=0.25  fold=4 ===
  SSC-Block-TV-Col21: k_hat=5  ACC=0.7692  NMI=0.7853  ARI=0.6214  0.7s

=== P1L_S3_C2 train[0] k=5  dim=576  frames=262  σ=0.25  fold=4 ===
  SSC-Block-TV-Col21: k_hat=5  ACC=0.9389  NMI=0.8993  ARI=0.8556  0.6s

=== P1L_S3_C2 train[1] k=5  dim=576  frames=287  σ=0.25  fold=4 ===
  SSC-Block-TV-Col21: k_hat=5  ACC=1.0000  NMI=1.0000  ARI=1.0000  0.7s

=== P1L_S3_C2 train[2] k=5  dim=576  frames=304  σ=0.25  fold=4 ===
  SSC-Block-TV-Col21: k_hat=5  ACC=0.5033  NMI=0.6321  ARI=0.3767  0.7s

=== P1L_S3_C2 train[3] k=5  dim=576  frames=329  σ=0.25  fold=4 ===
  SSC-Block-TV-Col21: k_hat=5  ACC=0.6413  NMI=0.7580  ARI=0.5708  0.8s

=== P1L_S3_C3 train[0] k=5  dim=576  frames=231  σ=0.25  fold=4 ===
  SSC-Block-TV-Col21: k_hat=5  ACC=0.9351  NMI=0.9018  ARI=0.8265  0.5s

=== P1L_S3_C3 train[1] k=5  dim=576  frames=210  σ=0.25  fold=4 ===
  SSC-Block-TV-Col21: k_hat=5  ACC=0.9619  NMI=0.9345  ARI=0.9041  0.4s

=== P1L_S3_C3 train[2] k=5  dim=576  frames=225  σ=0.25  fold=4 ===
  SSC-Block-TV-Col21: k_hat=5  ACC=0.8089  NMI=0.7843  ARI=0.6241  0.4s

=== P1L_S3_C3 train[3] k=5  dim=576  frames=210  σ=0.25  fold=4 ===
  SSC-Block-TV-Col21: k_hat=5  ACC=0.8048  NMI=0.7851  ARI=0.6376  0.4s

=== P1L_S4_C1 train[0] k=5  dim=576  frames=313  σ=0.25  fold=4 ===
  SSC-Block-TV-Col21: k_hat=5  ACC=0.7827  NMI=0.8364  ARI=0.7516  0.8s

=== P1L_S4_C1 train[1] k=5  dim=576  frames=255  σ=0.25  fold=4 ===
  SSC-Block-TV-Col21: k_hat=5  ACC=0.9882  NMI=0.9698  ARI=0.9652  0.6s

=== P1L_S4_C1 train[2] k=5  dim=576  frames=253  σ=0.25  fold=4 ===
  SSC-Block-TV-Col21: k_hat=5  ACC=0.9565  NMI=0.9159  ARI=0.8921  0.6s

=== P1L_S4_C1 train[3] k=5  dim=576  frames=278  σ=0.25  fold=4 ===
  SSC-Block-TV-Col21: k_hat=5  ACC=0.7770  NMI=0.8708  ARI=0.7365  0.6s

=== P1L_S4_C2 train[0] k=5  dim=576  frames=267  σ=0.25  fold=4 ===
  SSC-Block-TV-Col21: k_hat=5  ACC=0.8315  NMI=0.8014  ARI=0.6494  0.6s

=== P1L_S4_C2 train[1] k=5  dim=576  frames=257  σ=0.25  fold=4 ===
  SSC-Block-TV-Col21: k_hat=5  ACC=1.0000  NMI=1.0000  ARI=1.0000  0.6s

=== P1L_S4_C2 train[2] k=5  dim=576  frames=279  σ=0.25  fold=4 ===
  SSC-Block-TV-Col21: k_hat=5  ACC=0.9462  NMI=0.8932  ARI=0.8863  0.6s

=== P1L_S4_C2 train[3] k=5  dim=576  frames=258  σ=0.25  fold=4 ===
  SSC-Block-TV-Col21: k_hat=5  ACC=0.7054  NMI=0.8554  ARI=0.6864  0.5s

=== P1L_S4_C3 train[0] k=5  dim=576  frames=180  σ=0.25  fold=4 ===
  SSC-Block-TV-Col21: k_hat=5  ACC=0.8333  NMI=0.8662  ARI=0.7223  0.3s

=== P1L_S4_C3 train[1] k=5  dim=576  frames=158  σ=0.25  fold=4 ===
  SSC-Block-TV-Col21: k_hat=5  ACC=1.0000  NMI=1.0000  ARI=1.0000  0.3s

=== P1L_S4_C3 train[2] k=5  dim=576  frames=188  σ=0.25  fold=4 ===
  SSC-Block-TV-Col21: k_hat=5  ACC=0.6649  NMI=0.7693  ARI=0.5947  0.3s

=== P1L_S4_C3 train[3] k=5  dim=576  frames=169  σ=0.25  fold=4 ===
  SSC-Block-TV-Col21: k_hat=5  ACC=0.7692  NMI=0.7780  ARI=0.6116  0.3s

=== P1E_S1_C1 test[0] k=5  dim=576  frames=268  σ=0.25  fold=4 ===
  SSC-Block-TV-Col21: k_hat=5  ACC=0.5709  NMI=0.7076  ARI=0.4341  0.6s

=== P1E_S1_C2 test[0] k=5  dim=576  frames=215  σ=0.25  fold=4 ===
  SSC-Block-TV-Col21: k_hat=5  ACC=0.9814  NMI=0.9530  ARI=0.9548  0.4s

=== P1E_S1_C3 test[0] k=5  dim=576  frames=107  σ=0.25  fold=4 ===
  SSC-Block-TV-Col21: k_hat=5  ACC=0.9626  NMI=0.9127  ARI=0.9039  0.2s

=== P1E_S2_C1 test[0] k=5  dim=576  frames=241  σ=0.25  fold=4 ===
  SSC-Block-TV-Col21: k_hat=5  ACC=0.8465  NMI=0.8752  ARI=0.7881  0.5s

=== P1E_S2_C2 test[0] k=5  dim=576  frames=212  σ=0.25  fold=4 ===
  SSC-Block-TV-Col21: k_hat=5  ACC=0.9717  NMI=0.9370  ARI=0.9327  0.4s

=== P1E_S2_C3 test[0] k=5  dim=576  frames=154  σ=0.25  fold=4 ===
  SSC-Block-TV-Col21: k_hat=5  ACC=0.9740  NMI=0.9398  ARI=0.9378  0.2s

=== P1E_S3_C1 test[0] k=5  dim=576  frames=237  σ=0.25  fold=4 ===
  SSC-Block-TV-Col21: k_hat=5  ACC=0.7215  NMI=0.7775  ARI=0.6417  0.5s

=== P1E_S3_C2 test[0] k=5  dim=576  frames=188  σ=0.25  fold=4 ===
  SSC-Block-TV-Col21: k_hat=5  ACC=0.9255  NMI=0.8936  ARI=0.8499  0.3s

=== P1E_S3_C3 test[0] k=5  dim=576  frames=168  σ=0.25  fold=4 ===
  SSC-Block-TV-Col21: k_hat=5  ACC=0.9881  NMI=0.9667  ARI=0.9741  0.3s

=== P1E_S4_C1 test[0] k=5  dim=576  frames=217  σ=0.25  fold=4 ===
  SSC-Block-TV-Col21: k_hat=5  ACC=0.7604  NMI=0.7895  ARI=0.6970  0.4s

=== P1E_S4_C2 test[0] k=5  dim=576  frames=198  σ=0.25  fold=4 ===
  SSC-Block-TV-Col21: k_hat=5  ACC=0.8586  NMI=0.8694  ARI=0.7785  0.4s

=== P1E_S4_C3 test[0] k=5  dim=576  frames=147  σ=0.25  fold=4 ===
  SSC-Block-TV-Col21: k_hat=5  ACC=0.7959  NMI=0.8532  ARI=0.7621  0.2s

=== P1L_S1_C1 test[0] k=5  dim=576  frames=285  σ=0.25  fold=4 ===
  SSC-Block-TV-Col21: k_hat=5  ACC=0.7333  NMI=0.8070  ARI=0.6568  0.6s

=== P1L_S1_C2 test[0] k=5  dim=576  frames=270  σ=0.25  fold=4 ===
  SSC-Block-TV-Col21: k_hat=5  ACC=0.6407  NMI=0.7270  ARI=0.4855  0.6s

=== P1L_S1_C3 test[0] k=5  dim=576  frames=124  σ=0.25  fold=4 ===
  SSC-Block-TV-Col21: k_hat=5  ACC=0.9919  NMI=0.9784  ARI=0.9780  0.2s

=== P1L_S2_C1 test[0] k=5  dim=576  frames=265  σ=0.25  fold=4 ===
  SSC-Block-TV-Col21: k_hat=5  ACC=0.7962  NMI=0.8736  ARI=0.7660  0.6s

=== P1L_S2_C2 test[0] k=5  dim=576  frames=222  σ=0.25  fold=4 ===
  SSC-Block-TV-Col21: k_hat=5  ACC=1.0000  NMI=1.0000  ARI=1.0000  0.4s

=== P1L_S2_C3 test[0] k=5  dim=576  frames=179  σ=0.25  fold=4 ===
  SSC-Block-TV-Col21: k_hat=5  ACC=0.9832  NMI=0.9577  ARI=0.9632  0.3s

=== P1L_S3_C1 test[0] k=5  dim=576  frames=241  σ=0.25  fold=4 ===
  SSC-Block-TV-Col21: k_hat=5  ACC=0.9336  NMI=0.8720  ARI=0.8383  0.5s

=== P1L_S3_C2 test[0] k=5  dim=576  frames=290  σ=0.25  fold=4 ===
  SSC-Block-TV-Col21: k_hat=5  ACC=0.6828  NMI=0.8326  ARI=0.6475  0.7s

=== P1L_S3_C3 test[0] k=5  dim=576  frames=229  σ=0.25  fold=4 ===
  SSC-Block-TV-Col21: k_hat=5  ACC=0.9869  NMI=0.9647  ARI=0.9712  0.5s

=== P1L_S4_C1 test[0] k=5  dim=576  frames=344  σ=0.25  fold=4 ===
  SSC-Block-TV-Col21: k_hat=5  ACC=1.0000  NMI=1.0000  ARI=1.0000  0.9s

=== P1L_S4_C2 test[0] k=5  dim=576  frames=266  σ=0.25  fold=4 ===
  SSC-Block-TV-Col21: k_hat=5  ACC=0.7180  NMI=0.8328  ARI=0.6680  0.6s

=== P1L_S4_C3 test[0] k=5  dim=576  frames=185  σ=0.25  fold=4 ===
  SSC-Block-TV-Col21: k_hat=5  ACC=0.9892  NMI=0.9741  ARI=0.9749  0.3s

=== inference time per method ===
  SSC-Block-TV-Col21: mean=0.4518s  std=0.1780s  total=271.1s  n=600
wrote /nfs/turbo/umms-minjilab/lpullela/icassp_ssc_tv2/block_ssc_benchmark/cv/results/surveillance/split_k5_sigmas_min30_trials20_knownk_cv_ssc_block_tv_col21_k5_sigma0p25_timing.json

=== mean over matrices ===
  SSC-Block-TV-Col21 train σ=0.25: ACC=0.8376  NMI=0.8622  ARI=0.7663  n=480
  SSC-Block-TV-Col21 test σ=0.25: ACC=0.8382  NMI=0.8611  ARI=0.7654  n=120

wrote /nfs/turbo/umms-minjilab/lpullela/icassp_ssc_tv2/block_ssc_benchmark/cv/results/surveillance/split_k5_sigmas_min30_trials20_knownk_cv_ssc_block_tv_col21_k5_sigma0p25.csv
end=Sat Sep  5 21:47:09 EDT 2026
Experiment completed!
